L1_sp_dim,L1_sp_sz,L1_pos1_dim,L1_pos1_tile,L1_pos2_dim,L1_pos2_tile,L1_pos3_dim,L1_pos3_tile,L1_pos4_dim,L1_pos4_tile,L1_pos5_dim,L1_pos5_tile,L1_pos6_dim,L1_pos6_tile,L2_sp_dim,L2_sp_sz,L2_pos1_dim,L2_pos1_tile,L2_pos2_dim,L2_pos2_tile,L2_pos3_dim,L2_pos3_tile,L2_pos4_dim,L2_pos4_tile,L2_pos5_dim,L2_pos5_tile,L2_pos6_dim,L2_pos6_tile,genome_str,fitness1,fitness2,valid,genome_pattern,layer
X,467,C,1,R,7,Y,1,K,1,S,7,X,1,K,20,R,7,Y,1,X,1,K,1,S,7,C,1,"L1:[sp=X,467] C=1,R=7,Y=1,K=1,S=7,X=1 || L2:[sp=K,20] R=7,Y=1,X=1,K=1,S=7,C=1",-10464001.0,-289041.0,1,X|K,1
K,48,S,7,R,7,Y,1,X,1,K,1,C,1,C,1,C,1,X,1,S,7,K,1,R,7,Y,1,"L1:[sp=K,48] S=7,R=7,Y=1,X=1,K=1,C=1 || L2:[sp=C,1] C=1,X=1,S=7,K=1,R=7,Y=1",-7128601.0,-1344880.0,1,K|C,1
C,28,R,7,C,2,X,189,Y,3,S,7,K,55,Y,3,C,1,Y,1,R,7,K,1,X,1,S,7,"L1:[sp=C,28] R=7,C=2,X=189,Y=3,S=7,K=55 || L2:[sp=Y,3] C=1,Y=1,R=7,K=1,X=1,S=7",-99812901.0,-19917.2,1,C|Y,1
Y,434,C,1,S,7,X,17,K,53,Y,190,R,7,Y,119,S,7,C,1,K,1,Y,1,R,7,X,1,"L1:[sp=Y,434] C=1,S=7,X=17,K=53,Y=190,R=7 || L2:[sp=Y,119] S=7,C=1,K=1,Y=1,R=7,X=1",-4101967.0,-40861.0,1,Y|Y,1
C,802,Y,55,R,7,C,1,S,7,X,156,K,47,K,24,K,1,X,1,Y,1,C,1,S,7,R,7,"L1:[sp=C,802] Y=55,R=7,C=1,S=7,X=156,K=47 || L2:[sp=K,24] K=1,X=1,Y=1,C=1,S=7,R=7",-6986045.0,-14838.9,1,C|K,1
Y,332,R,7,K,44,C,3,Y,196,S,7,X,219,K,33,S,7,X,1,C,1,K,1,Y,1,R,7,"L1:[sp=Y,332] R=7,K=44,C=3,Y=196,S=7,X=219 || L2:[sp=K,33] S=7,X=1,C=1,K=1,Y=1,R=7",-86439.0,-694.992,1,Y|K,1
C,606,S,7,Y,117,X,114,R,7,K,52,C,2,X,10,S,7,R,7,X,1,Y,1,C,1,K,1,"L1:[sp=C,606] S=7,Y=117,X=114,R=7,K=52,C=2 || L2:[sp=X,10] S=7,R=7,X=1,Y=1,C=1,K=1",-31447817.0,-14606.0,1,C|X,1
K,659,K,40,S,7,R,7,X,161,C,1,Y,36,C,1,C,1,Y,1,R,7,X,1,K,1,S,7,"L1:[sp=K,659] K=40,S=7,R=7,X=161,C=1,Y=36 || L2:[sp=C,1] C=1,Y=1,R=7,X=1,K=1,S=7",-279441163.0,-40914.3,1,K|C,1
X,164,Y,127,R,7,C,2,X,205,S,7,K,33,K,26,X,1,C,1,R,7,Y,1,S,7,K,1,"L1:[sp=X,164] Y=127,R=7,C=2,X=205,S=7,K=33 || L2:[sp=K,26] X=1,C=1,R=7,Y=1,S=7,K=1",-26277729.0,-27845.8,1,X|K,1
C,576,Y,124,X,55,C,1,K,62,R,7,S,7,X,46,R,7,Y,1,C,1,S,7,X,1,K,1,"L1:[sp=C,576] Y=124,X=55,C=1,K=62,R=7,S=7 || L2:[sp=X,46] R=7,Y=1,C=1,S=7,X=1,K=1",-5469201.0,-14591.3,1,C|X,1
X,643,K,40,C,2,S,7,Y,3,X,206,R,7,X,39,C,1,S,7,X,1,R,7,K,1,Y,1,"L1:[sp=X,643] K=40,C=2,S=7,Y=3,X=206,R=7 || L2:[sp=X,39] C=1,S=7,X=1,R=7,K=1,Y=1",-12305957.0,-28498.1,1,X|X,1
X,704,K,10,Y,73,S,7,R,7,X,162,C,3,Y,9,X,1,K,1,R,7,S,7,Y,1,C,1,"L1:[sp=X,704] K=10,Y=73,S=7,R=7,X=162,C=3 || L2:[sp=Y,9] X=1,K=1,R=7,S=7,Y=1,C=1",-57915670.0,-16920.3,1,X|Y,1
K,222,K,14,Y,214,R,7,X,209,C,2,S,7,K,1,K,1,S,7,C,1,X,1,R,7,Y,1,"L1:[sp=K,222] K=14,Y=214,R=7,X=209,C=2,S=7 || L2:[sp=K,1] K=1,S=7,C=1,X=1,R=7,Y=1",-97804401.0,-30095.5,1,K|K,1
K,1017,K,34,R,7,C,3,Y,69,X,195,S,7,Y,22,R,7,X,1,C,1,Y,1,S,7,K,1,"L1:[sp=K,1017] K=34,R=7,C=3,Y=69,X=195,S=7 || L2:[sp=Y,22] R=7,X=1,C=1,Y=1,S=7,K=1",-14164341.0,-15269.0,1,K|Y,1
C,908,Y,157,C,2,K,3,S,7,X,73,R,7,C,1,S,7,R,7,C,1,Y,1,X,1,K,1,"L1:[sp=C,908] Y=157,C=2,K=3,S=7,X=73,R=7 || L2:[sp=C,1] S=7,R=7,C=1,Y=1,X=1,K=1",-298070661.0,-27561.0,1,C|C,1
C,847,X,135,C,2,K,17,Y,122,R,7,S,7,Y,50,Y,1,R,7,S,7,X,1,C,1,K,1,"L1:[sp=C,847] X=135,C=2,K=17,Y=122,R=7,S=7 || L2:[sp=Y,50] Y=1,R=7,S=7,X=1,C=1,K=1",-6836497.0,-16008.8,1,C|Y,1
C,301,X,25,R,7,S,7,C,3,K,64,Y,36,Y,12,K,1,C,1,Y,1,X,1,R,7,S,7,"L1:[sp=C,301] X=25,R=7,S=7,C=3,K=64,Y=36 || L2:[sp=Y,12] K=1,C=1,Y=1,X=1,R=7,S=7",-38968000.0,-14667.8,1,C|Y,1
Y,254,K,4,X,224,Y,22,S,7,C,3,R,7,K,1,Y,1,C,1,X,1,K,1,R,7,S,7,"L1:[sp=Y,254] K=4,X=224,Y=22,S=7,C=3,R=7 || L2:[sp=K,1] Y=1,C=1,X=1,K=1,R=7,S=7",-inf,-inf,0,Y|K,1
X,230,R,7,K,48,Y,76,S,7,X,113,C,1,K,27,Y,1,C,1,X,1,S,7,R,7,K,1,"L1:[sp=X,230] R=7,K=48,Y=76,S=7,X=113,C=1 || L2:[sp=K,27] Y=1,C=1,X=1,S=7,R=7,K=1",-10863613.0,-41245.5,1,X|K,1
C,191,Y,163,X,210,K,53,S,7,R,7,C,1,Y,91,R,7,K,1,C,1,S,7,Y,1,X,1,"L1:[sp=C,191] Y=163,X=210,K=53,S=7,R=7,C=1 || L2:[sp=Y,91] R=7,K=1,C=1,S=7,Y=1,X=1",-2050953.0,-15214.4,1,C|Y,1
Y,332,R,7,K,44,C,3,Y,196,S,7,X,219,K,33,S,7,X,1,C,1,K,1,Y,1,R,7,"L1:[sp=Y,332] R=7,K=44,C=3,Y=196,S=7,X=219 || L2:[sp=K,33] S=7,X=1,C=1,K=1,Y=1,R=7",-86439.0,-694.992,1,Y|K,1
C,847,X,17,C,3,K,17,Y,122,R,7,S,7,Y,50,Y,1,R,7,C,1,X,16,S,7,K,1,"L1:[sp=C,847] X=17,C=3,K=17,Y=122,R=7,S=7 || L2:[sp=Y,50] Y=1,R=7,C=1,X=16,S=7,K=1",-9643305.0,-16496.2,1,C|Y,1
Y,434,C,1,S,7,X,135,K,53,Y,190,R,7,Y,119,S,7,C,1,K,1,Y,1,R,7,X,1,"L1:[sp=Y,434] C=1,S=7,X=135,K=53,Y=190,R=7 || L2:[sp=Y,119] S=7,C=1,K=1,Y=1,R=7,X=1",-4101901.0,-40638.2,1,Y|Y,1
C,847,X,135,C,2,K,17,Y,122,R,7,S,7,Y,50,Y,1,R,7,S,7,C,1,X,1,K,1,"L1:[sp=C,847] X=135,C=2,K=17,Y=122,R=7,S=7 || L2:[sp=Y,50] Y=1,R=7,S=7,C=1,X=1,K=1",-6836497.0,-16008.8,1,C|Y,1
Y,434,C,1,S,7,X,17,K,53,Y,190,R,7,C,1,S,7,C,1,K,1,Y,164,R,7,X,1,"L1:[sp=Y,434] C=1,S=7,X=17,K=53,Y=190,R=7 || L2:[sp=C,1] S=7,C=1,K=1,Y=164,R=7,X=1",-389679439.0,-40861.0,1,Y|C,1
C,191,Y,163,X,210,K,57,S,7,R,7,C,1,Y,91,R,7,K,1,C,1,S,7,Y,1,X,1,"L1:[sp=C,191] Y=163,X=210,K=57,S=7,R=7,C=1 || L2:[sp=Y,91] R=7,K=1,C=1,S=7,Y=1,X=1",-2050953.0,-15223.6,1,C|Y,1
Y,434,S,7,C,1,X,17,K,28,Y,190,R,7,Y,119,S,7,C,1,K,7,Y,1,R,7,X,1,"L1:[sp=Y,434] S=7,C=1,X=17,K=28,Y=190,R=7 || L2:[sp=Y,119] S=7,C=1,K=7,Y=1,R=7,X=1",-4486558.0,-40869.8,1,Y|Y,1
C,802,Y,55,R,7,C,3,S,7,X,207,K,47,K,24,K,1,X,1,Y,1,C,1,S,7,R,7,"L1:[sp=C,802] Y=55,R=7,C=3,S=7,X=207,K=47 || L2:[sp=K,24] K=1,X=1,Y=1,C=1,S=7,R=7",-20958101.0,-15285.3,1,C|K,1
C,332,R,7,K,44,C,1,Y,50,S,7,X,125,K,33,S,7,X,1,C,1,K,1,Y,1,R,7,"L1:[sp=C,332] R=7,K=44,C=1,Y=50,S=7,X=125 || L2:[sp=K,33] S=7,X=1,C=1,K=1,Y=1,R=7",-6986049.0,-15496.1,1,C|K,1
C,847,X,135,C,2,K,17,Y,122,R,7,S,7,C,2,Y,1,R,7,S,7,X,1,C,1,K,1,"L1:[sp=C,847] X=135,C=2,K=17,Y=122,R=7,S=7 || L2:[sp=C,2] Y=1,R=7,S=7,X=1,C=1,K=1",-149035281.0,-16008.8,1,C|C,1
C,802,Y,55,R,7,C,1,S,7,X,167,K,47,K,24,K,1,X,1,Y,1,C,1,S,7,R,7,"L1:[sp=C,802] Y=55,R=7,C=1,S=7,X=167,K=47 || L2:[sp=K,24] K=1,X=1,Y=1,C=1,S=7,R=7",-6986045.0,-14899.2,1,C|K,1
Y,434,C,1,S,7,X,17,K,53,Y,55,R,7,Y,119,S,7,Y,1,K,1,C,1,R,7,X,1,"L1:[sp=Y,434] C=1,S=7,X=17,K=53,Y=55,R=7 || L2:[sp=Y,119] S=7,Y=1,K=1,C=1,R=7,X=1",-2051023.0,-40862.2,1,Y|Y,1
C,802,R,7,Y,190,C,1,S,7,X,156,K,14,K,24,K,1,X,1,Y,1,C,1,S,7,R,7,"L1:[sp=C,802] R=7,Y=190,C=1,S=7,X=156,K=14 || L2:[sp=K,24] K=1,X=1,Y=1,C=1,S=7,R=7",-11643401.0,-15317.8,1,C|K,1
C,48,S,7,R,7,Y,1,X,1,K,1,C,1,C,1,X,1,K,1,S,7,C,1,R,7,Y,1,"L1:[sp=C,48] S=7,R=7,Y=1,X=1,K=1,C=1 || L2:[sp=C,1] X=1,K=1,S=7,C=1,R=7,Y=1",-152076801.0,-1272530.0,1,C|C,1
Y,332,R,7,K,44,Y,196,C,3,S,7,X,86,K,33,S,7,X,1,C,1,K,1,Y,1,R,7,"L1:[sp=Y,332] R=7,K=44,Y=196,C=3,S=7,X=86 || L2:[sp=K,33] S=7,X=1,C=1,K=1,Y=1,R=7",-18843055.0,-15046.3,1,Y|K,1
C,802,Y,55,R,7,C,1,S,7,K,47,X,156,K,24,X,1,K,1,Y,1,C,1,S,7,R,7,"L1:[sp=C,802] Y=55,R=7,C=1,S=7,K=47,X=156 || L2:[sp=K,24] X=1,K=1,Y=1,C=1,S=7,R=7",-6986045.0,-15209.4,1,C|K,1
Y,434,C,1,S,7,X,17,K,53,Y,190,R,7,X,1,R,7,C,1,K,1,Y,1,S,7,X,1,"L1:[sp=Y,434] C=1,S=7,X=17,K=53,Y=190,R=7 || L2:[sp=X,1] R=7,C=1,K=1,Y=1,S=7,X=1",-389679439.0,-40861.0,1,Y|X,1
K,48,S,7,R,7,Y,1,X,1,K,20,C,1,C,1,C,1,X,1,S,7,K,1,R,7,Y,1,"L1:[sp=K,48] S=7,R=7,Y=1,X=1,K=20,C=1 || L2:[sp=C,1] C=1,X=1,S=7,K=1,R=7,Y=1",-139863133.0,-1345490.0,1,K|C,1
C,191,Y,163,X,210,K,53,S,7,R,7,C,1,Y,91,R,7,K,1,C,1,S,7,Y,1,X,62,"L1:[sp=C,191] Y=163,X=210,K=53,S=7,R=7,C=1 || L2:[sp=Y,91] R=7,K=1,C=1,S=7,Y=1,X=62",-2201481.0,-15214.4,1,C|Y,1
C,576,Y,124,X,55,C,3,K,62,R,7,S,7,X,46,R,7,Y,1,C,1,S,7,X,1,K,1,"L1:[sp=C,576] Y=124,X=55,C=3,K=62,R=7,S=7 || L2:[sp=X,46] R=7,Y=1,C=1,S=7,X=1,K=1",-16407569.0,-14808.9,1,C|X,1
Y,434,C,1,S,7,X,17,K,53,Y,190,R,7,X,1,S,7,C,1,K,1,Y,1,R,7,X,1,"L1:[sp=Y,434] C=1,S=7,X=17,K=53,Y=190,R=7 || L2:[sp=X,1] S=7,C=1,K=1,Y=1,R=7,X=1",-389679439.0,-40861.0,1,Y|X,1
Y,332,R,7,K,44,C,3,Y,196,S,7,X,219,K,33,S,7,X,1,C,1,K,1,Y,1,R,7,"L1:[sp=Y,332] R=7,K=44,C=3,Y=196,S=7,X=219 || L2:[sp=K,33] S=7,X=1,C=1,K=1,Y=1,R=7",-86439.0,-694.992,1,Y|K,1
Y,332,R,7,K,57,C,3,Y,196,S,7,X,219,K,33,S,7,X,1,C,1,K,1,Y,1,R,7,"L1:[sp=Y,332] R=7,K=57,C=3,Y=196,S=7,X=219 || L2:[sp=K,33] S=7,X=1,C=1,K=1,Y=1,R=7",-inf,-inf,0,Y|K,1
C,191,Y,163,X,210,K,44,S,7,R,7,C,2,Y,91,X,1,K,1,C,1,S,7,Y,1,R,7,"L1:[sp=C,191] Y=163,X=210,K=44,S=7,R=7,C=2 || L2:[sp=Y,91] X=1,K=1,C=1,S=7,Y=1,R=7",-4101897.0,-15690.6,1,C|Y,1
Y,332,R,7,K,44,C,3,Y,25,S,7,X,219,K,33,S,7,X,1,C,1,K,1,Y,1,R,7,"L1:[sp=Y,332] R=7,K=44,C=3,Y=25,S=7,X=219 || L2:[sp=K,33] S=7,X=1,C=1,K=1,Y=1,R=7",-11028.0,-697.689,1,Y|K,1
X,434,C,1,S,7,X,17,K,53,Y,55,R,7,Y,119,S,7,K,1,Y,1,C,1,R,7,X,1,"L1:[sp=X,434] C=1,S=7,X=17,K=53,Y=55,R=7 || L2:[sp=Y,119] S=7,K=1,Y=1,C=1,R=7,X=1",-1279537.0,-38143.8,1,X|Y,1
C,802,Y,37,R,7,C,1,S,7,X,167,K,47,K,24,K,1,X,1,R,7,C,1,S,7,Y,1,"L1:[sp=C,802] Y=37,R=7,C=1,S=7,X=167,K=47 || L2:[sp=K,24] K=1,X=1,R=7,C=1,S=7,Y=1",-6986053.0,-15054.9,1,C|K,1
X,191,Y,163,X,210,K,53,S,7,R,7,C,1,Y,91,R,7,K,1,C,1,S,7,Y,56,X,62,"L1:[sp=X,191] Y=163,X=210,K=53,S=7,R=7,C=1 || L2:[sp=Y,91] R=7,K=1,C=1,S=7,Y=56,X=62",-221276173.0,-41522.3,1,X|Y,1
C,434,C,1,S,7,X,219,K,53,Y,55,R,7,Y,119,S,7,Y,1,K,1,C,1,R,7,X,1,"L1:[sp=C,434] C=1,S=7,X=219,K=53,Y=55,R=7 || L2:[sp=Y,119] S=7,Y=1,K=1,C=1,R=7,X=1",-12553.0,-716.655,1,C|Y,1
X,332,R,7,K,44,C,3,Y,196,S,7,X,17,K,33,S,7,X,1,C,3,K,1,Y,1,R,7,"L1:[sp=X,332] R=7,K=44,C=3,Y=196,S=7,X=17 || L2:[sp=K,33] S=7,X=1,C=3,K=1,Y=1,R=7",-1634351.0,-15653.9,1,X|K,1
C,191,Y,163,X,210,K,53,S,7,R,7,C,1,C,1,R,7,K,1,C,1,S,7,Y,1,X,179,"L1:[sp=C,191] Y=163,X=210,K=53,S=7,R=7,C=1 || L2:[sp=C,1] R=7,K=1,C=1,S=7,Y=1,X=179",-164759177.0,-15214.4,1,C|C,1
C,847,X,135,C,2,K,3,Y,122,R,7,S,7,Y,50,Y,1,R,7,S,7,C,1,X,92,K,1,"L1:[sp=C,847] X=135,C=2,K=3,Y=122,R=7,S=7 || L2:[sp=Y,50] Y=1,R=7,S=7,C=1,X=92,K=1",-5582169.0,-23967.1,1,C|Y,1
Y,434,C,1,S,7,X,135,K,53,Y,190,R,7,Y,119,S,7,C,1,K,1,Y,1,R,7,X,1,"L1:[sp=Y,434] C=1,S=7,X=135,K=53,Y=190,R=7 || L2:[sp=Y,119] S=7,C=1,K=1,Y=1,R=7,X=1",-4101901.0,-40638.2,1,Y|Y,1
C,191,Y,163,X,155,R,7,S,7,K,57,C,1,Y,91,R,7,K,7,C,1,S,7,Y,1,X,1,"L1:[sp=C,191] Y=163,X=155,R=7,S=7,K=57,C=1 || L2:[sp=Y,91] R=7,K=7,C=1,S=7,Y=1,X=1",-2050953.0,-14865.6,1,C|Y,1
Y,434,S,7,C,1,X,17,K,28,Y,190,R,7,Y,119,S,7,C,1,K,7,Y,185,R,7,X,1,"L1:[sp=Y,434] S=7,C=1,X=17,K=28,Y=190,R=7 || L2:[sp=Y,119] S=7,C=1,K=7,Y=185,R=7,X=1",-414995818.0,-40869.8,1,Y|Y,1
C,802,Y,55,R,7,C,1,S,7,X,167,K,16,K,24,K,1,X,1,Y,1,C,1,S,7,R,7,"L1:[sp=C,802] Y=55,R=7,C=1,S=7,X=167,K=16 || L2:[sp=K,24] K=1,X=1,Y=1,C=1,S=7,R=7",-9314737.0,-14884.7,1,C|K,1
C,847,X,135,S,7,K,17,C,1,R,7,Y,122,Y,50,Y,1,R,7,S,7,C,1,X,1,K,1,"L1:[sp=C,847] X=135,S=7,K=17,C=1,R=7,Y=122 || L2:[sp=Y,50] Y=1,R=7,S=7,C=1,X=1,K=1",-3418257.0,-15910.1,1,C|Y,1
C,191,S,7,X,210,K,57,Y,163,R,7,C,1,Y,91,R,7,K,7,Y,1,S,7,C,1,X,1,"L1:[sp=C,191] S=7,X=210,K=57,Y=163,R=7,C=1 || L2:[sp=Y,91] R=7,K=7,Y=1,S=7,C=1,X=1",-2050953.0,-15773.8,1,C|Y,1
C,802,Y,55,C,1,R,7,S,7,X,167,K,47,X,167,K,1,X,75,Y,1,C,1,S,7,R,7,"L1:[sp=C,802] Y=55,C=1,R=7,S=7,X=167,K=47 || L2:[sp=X,167] K=1,X=75,Y=1,C=1,S=7,R=7",-102547217.0,-14899.2,1,C|X,1
Y,434,C,1,S,7,R,7,K,53,Y,55,X,17,Y,119,S,7,Y,1,K,1,C,1,R,7,X,2,"L1:[sp=Y,434] C=1,S=7,R=7,K=53,Y=55,X=17 || L2:[sp=Y,119] S=7,Y=1,K=1,C=1,R=7,X=2",-2051023.0,-41143.1,1,Y|Y,1
C,802,Y,55,R,7,C,1,S,7,X,167,K,47,K,24,K,1,X,1,Y,1,C,1,S,7,R,7,"L1:[sp=C,802] Y=55,R=7,C=1,S=7,X=167,K=47 || L2:[sp=K,24] K=1,X=1,Y=1,C=1,S=7,R=7",-6986045.0,-14899.2,1,C|K,1
Y,434,S,7,C,1,X,17,K,28,Y,190,R,7,Y,119,S,7,C,1,K,7,Y,1,R,7,X,1,"L1:[sp=Y,434] S=7,C=1,X=17,K=28,Y=190,R=7 || L2:[sp=Y,119] S=7,C=1,K=7,Y=1,R=7,X=1",-4486558.0,-40869.8,1,Y|Y,1
Y,332,R,7,K,44,C,3,Y,25,S,7,X,219,K,33,S,7,X,1,C,1,K,1,Y,1,R,7,"L1:[sp=Y,332] R=7,K=44,C=3,Y=25,S=7,X=219 || L2:[sp=K,33] S=7,X=1,C=1,K=1,Y=1,R=7",-11028.0,-697.689,1,Y|K,1
K,191,S,7,X,210,K,57,Y,163,R,7,C,1,Y,91,R,7,K,7,Y,1,S,7,C,1,X,1,"L1:[sp=K,191] S=7,X=210,K=57,Y=163,R=7,C=1 || L2:[sp=Y,91] R=7,K=7,Y=1,S=7,C=1,X=1",-5479879.0,-41736.4,1,K|Y,1
Y,434,C,1,S,7,R,7,K,53,Y,55,X,17,Y,119,S,7,Y,1,K,1,C,1,R,7,X,2,"L1:[sp=Y,434] C=1,S=7,R=7,K=53,Y=55,X=17 || L2:[sp=Y,119] S=7,Y=1,K=1,C=1,R=7,X=2",-2051023.0,-41143.1,1,Y|Y,1
C,434,C,1,S,7,X,219,K,53,Y,55,R,7,Y,119,S,7,Y,1,K,1,C,1,R,7,X,1,"L1:[sp=C,434] C=1,S=7,X=219,K=53,Y=55,R=7 || L2:[sp=Y,119] S=7,Y=1,K=1,C=1,R=7,X=1",-12553.0,-716.655,1,C|Y,1
Y,434,C,1,S,7,R,7,K,53,Y,55,X,17,C,1,S,7,Y,1,K,1,R,7,C,1,X,2,"L1:[sp=Y,434] C=1,S=7,R=7,K=53,Y=55,X=17 || L2:[sp=C,1] S=7,Y=1,K=1,R=7,C=1,X=2",-112801999.0,-41143.1,1,Y|C,1
X,332,R,7,K,44,C,3,Y,196,S,7,X,17,K,33,S,7,X,1,R,7,K,1,Y,1,C,3,"L1:[sp=X,332] R=7,K=44,C=3,Y=196,S=7,X=17 || L2:[sp=K,33] S=7,X=1,R=7,K=1,Y=1,C=3",-1634351.0,-15653.9,1,X|K,1
Y,332,R,7,K,44,C,3,Y,44,S,7,X,219,K,33,S,7,X,1,C,1,K,1,Y,1,R,7,"L1:[sp=Y,332] R=7,K=44,C=3,Y=44,S=7,X=219 || L2:[sp=K,33] S=7,X=1,C=1,K=1,Y=1,R=7",-19407.0,-696.148,1,Y|K,1
Y,434,C,1,S,7,R,7,K,53,Y,55,X,17,Y,119,S,7,Y,1,K,1,C,1,R,7,X,2,"L1:[sp=Y,434] C=1,S=7,R=7,K=53,Y=55,X=17 || L2:[sp=Y,119] S=7,Y=1,K=1,C=1,R=7,X=2",-2051023.0,-41143.1,1,Y|Y,1
X,434,C,1,S,7,X,108,K,53,Y,55,R,7,Y,119,S,7,K,1,Y,1,C,1,R,7,X,1,"L1:[sp=X,434] C=1,S=7,X=108,K=53,Y=55,R=7 || L2:[sp=Y,119] S=7,K=1,Y=1,C=1,R=7,X=1",-4064281.0,-40986.0,1,X|Y,1
C,434,C,1,K,53,X,219,S,7,Y,55,R,7,Y,119,S,7,Y,1,K,1,C,1,R,7,X,1,"L1:[sp=C,434] C=1,K=53,X=219,S=7,Y=55,R=7 || L2:[sp=Y,119] S=7,Y=1,K=1,C=1,R=7,X=1",-12553.0,-716.655,1,C|Y,1
Y,332,R,7,K,44,C,3,Y,196,S,7,X,219,K,33,S,7,X,1,C,1,K,1,Y,1,R,7,"L1:[sp=Y,332] R=7,K=44,C=3,Y=196,S=7,X=219 || L2:[sp=K,33] S=7,X=1,C=1,K=1,Y=1,R=7",-86439.0,-694.992,1,Y|K,1
Y,332,R,7,K,44,C,3,Y,25,S,7,X,219,K,33,S,7,X,1,C,1,K,1,Y,1,R,7,"L1:[sp=Y,332] R=7,K=44,C=3,Y=25,S=7,X=219 || L2:[sp=K,33] S=7,X=1,C=1,K=1,Y=1,R=7",-11028.0,-697.689,1,Y|K,1
C,191,X,155,Y,163,R,7,S,7,K,57,C,1,Y,91,R,7,K,2,C,1,S,7,Y,1,X,1,"L1:[sp=C,191] X=155,Y=163,R=7,S=7,K=57,C=1 || L2:[sp=Y,91] R=7,K=2,C=1,S=7,Y=1,X=1",-2050953.0,-14866.4,1,C|Y,1
C,191,S,7,X,210,K,57,Y,37,R,7,C,1,Y,91,R,7,K,25,Y,1,S,7,C,1,X,1,"L1:[sp=C,191] S=7,X=210,K=57,Y=37,R=7,C=1 || L2:[sp=Y,91] R=7,K=25,Y=1,S=7,C=1,X=1",-4101913.0,-15354.0,1,C|Y,1
X,434,C,1,S,7,X,17,K,53,Y,55,R,7,Y,119,S,7,K,45,Y,24,C,1,R,7,X,1,"L1:[sp=X,434] C=1,S=7,X=17,K=53,Y=55,R=7 || L2:[sp=Y,119] S=7,K=45,Y=24,C=1,R=7,X=1",-29268337.0,-38143.8,1,X|Y,1
X,434,C,1,Y,55,X,17,K,53,S,7,R,7,Y,119,S,7,K,13,Y,1,C,1,R,7,X,1,"L1:[sp=X,434] C=1,Y=55,X=17,K=53,S=7,R=7 || L2:[sp=Y,119] S=7,K=13,Y=1,C=1,R=7,X=1",-1079617.0,-37673.4,1,X|Y,1
C,191,S,7,X,210,K,57,Y,135,R,7,C,1,Y,91,R,7,K,7,Y,1,S,7,C,1,X,1,"L1:[sp=C,191] S=7,X=210,K=57,Y=135,R=7,C=1 || L2:[sp=Y,91] R=7,K=7,Y=1,S=7,C=1,X=1",-2050953.0,-15437.3,1,C|Y,1
C,191,Y,163,X,155,R,7,S,7,K,57,C,1,Y,91,R,7,K,7,C,1,S,7,Y,1,X,1,"L1:[sp=C,191] Y=163,X=155,R=7,S=7,K=57,C=1 || L2:[sp=Y,91] R=7,K=7,C=1,S=7,Y=1,X=1",-2050953.0,-14865.6,1,C|Y,1
C,191,S,7,X,210,K,57,Y,163,R,7,C,3,Y,91,R,7,K,7,Y,1,S,7,C,1,X,1,"L1:[sp=C,191] S=7,X=210,K=57,Y=163,R=7,C=3 || L2:[sp=Y,91] R=7,K=7,Y=1,S=7,C=1,X=1",-6152841.0,-16556.8,1,C|Y,1
Y,332,R,7,K,1,C,3,Y,25,S,7,X,219,K,33,S,7,X,1,C,1,K,1,Y,1,R,7,"L1:[sp=Y,332] R=7,K=1,C=3,Y=25,S=7,X=219 || L2:[sp=K,33] S=7,X=1,C=1,K=1,Y=1,R=7",-235265.0,-682.5880000000001,1,Y|K,1
Y,332,R,7,K,44,C,3,Y,196,S,7,X,219,K,33,C,1,X,1,S,7,K,1,Y,1,R,7,"L1:[sp=Y,332] R=7,K=44,C=3,Y=196,S=7,X=219 || L2:[sp=K,33] C=1,X=1,S=7,K=1,Y=1,R=7",-86439.0,-694.992,1,Y|K,1
Y,332,R,7,K,44,C,3,Y,25,S,7,X,219,K,33,S,7,X,1,C,1,K,1,Y,1,R,7,"L1:[sp=Y,332] R=7,K=44,C=3,Y=25,S=7,X=219 || L2:[sp=K,33] S=7,X=1,C=1,K=1,Y=1,R=7",-11028.0,-697.689,1,Y|K,1
X,332,R,7,X,219,C,3,Y,25,S,7,K,44,K,33,S,7,X,1,C,1,K,1,Y,1,R,7,"L1:[sp=X,332] R=7,X=219,C=3,Y=25,S=7,K=44 || L2:[sp=K,33] S=7,X=1,C=1,K=1,Y=1,R=7",-96157.0,-916.5360000000001,1,X|K,1
K,434,C,1,Y,55,X,17,K,53,S,7,R,7,Y,119,S,7,K,13,Y,1,C,1,R,7,X,1,"L1:[sp=K,434] C=1,Y=55,X=17,K=53,S=7,R=7 || L2:[sp=Y,119] S=7,K=13,Y=1,C=1,R=7,X=1",-6793909.0,-40492.1,1,K|Y,1
Y,332,R,7,K,44,C,1,Y,44,S,7,X,196,K,33,S,7,X,1,C,1,K,1,Y,1,R,7,"L1:[sp=Y,332] R=7,K=44,C=1,Y=44,S=7,X=196 || L2:[sp=K,33] S=7,X=1,C=1,K=1,Y=1,R=7",-4230085.0,-42033.5,1,Y|K,1
X,434,C,3,Y,55,X,17,K,53,S,7,R,7,Y,119,S,7,K,13,Y,1,C,1,R,7,X,1,"L1:[sp=X,434] C=3,Y=55,X=17,K=53,S=7,R=7 || L2:[sp=Y,119] S=7,K=13,Y=1,C=1,R=7,X=1",-1079585.0,-13688.4,1,X|Y,1
C,434,C,1,S,7,X,219,K,53,Y,55,R,7,Y,119,S,7,Y,1,K,1,C,1,R,7,X,1,"L1:[sp=C,434] C=1,S=7,X=219,K=53,Y=55,R=7 || L2:[sp=Y,119] S=7,Y=1,K=1,C=1,R=7,X=1",-12553.0,-716.655,1,C|Y,1
C,434,C,1,K,53,X,219,S,7,Y,42,R,7,Y,119,S,7,Y,1,C,1,K,1,R,7,X,1,"L1:[sp=C,434] C=1,K=53,X=219,S=7,Y=42,R=7 || L2:[sp=Y,119] S=7,Y=1,C=1,K=1,R=7,X=1",-18829.0,-721.5989999999999,1,C|Y,1
Y,332,R,7,K,1,C,3,Y,58,S,7,X,219,K,33,S,7,X,1,C,1,K,1,Y,18,R,7,"L1:[sp=Y,332] R=7,K=1,C=3,Y=58,S=7,X=219 || L2:[sp=K,33] S=7,X=1,C=1,K=1,Y=18,R=7",-545729.0,-680.6619999999999,1,Y|K,1
X,434,C,1,Y,55,X,206,K,53,S,7,R,7,Y,119,S,7,K,29,Y,1,C,1,R,7,X,1,"L1:[sp=X,434] C=1,Y=55,X=206,K=53,S=7,R=7 || L2:[sp=Y,119] S=7,K=29,Y=1,C=1,R=7,X=1",-9326881.0,-40559.0,1,X|Y,1
C,434,C,1,S,7,X,103,K,53,Y,129,R,7,Y,119,S,7,C,1,K,1,Y,1,R,7,X,78,"L1:[sp=C,434] C=1,S=7,X=103,K=53,Y=129,R=7 || L2:[sp=Y,119] S=7,C=1,K=1,Y=1,R=7,X=78",-2173261.0,-15486.8,1,C|Y,1
Y,332,R,7,K,34,C,3,Y,25,S,7,X,219,K,33,S,7,X,1,C,1,K,1,Y,1,R,7,"L1:[sp=Y,332] R=7,K=34,C=3,Y=25,S=7,X=219 || L2:[sp=K,33] S=7,X=1,C=1,K=1,Y=1,R=7",-11028.0,-685.105,1,Y|K,1
C,434,C,1,S,7,X,219,K,53,Y,8,R,7,Y,119,S,7,Y,1,K,1,C,1,R,7,X,1,"L1:[sp=C,434] C=1,S=7,X=219,K=53,Y=8,R=7 || L2:[sp=Y,119] S=7,Y=1,K=1,C=1,R=7,X=1",-87865.0,-720.186,1,C|Y,1
C,332,Y,177,K,44,C,3,R,7,X,219,S,7,K,33,C,1,X,1,S,7,K,1,Y,1,R,7,"L1:[sp=C,332] Y=177,K=44,C=3,R=7,X=219,S=7 || L2:[sp=K,33] C=1,X=1,S=7,K=1,Y=1,R=7",-96143.0,-731.0239999999999,1,C|K,1
C,332,R,7,K,44,C,3,Y,82,S,7,X,219,K,33,C,1,X,1,S,7,K,1,Y,1,R,7,"L1:[sp=C,332] R=7,K=44,C=3,Y=82,S=7,X=219 || L2:[sp=K,33] C=1,X=1,S=7,K=1,Y=1,R=7",-96145.0,-706.934,1,C|K,1
C,434,C,1,K,53,X,219,S,7,Y,55,R,7,Y,119,S,7,C,1,K,1,Y,1,R,7,X,1,"L1:[sp=C,434] C=1,K=53,X=219,S=7,Y=55,R=7 || L2:[sp=Y,119] S=7,C=1,K=1,Y=1,R=7,X=1",-12553.0,-716.655,1,C|Y,1
C,434,C,1,K,53,X,219,S,7,Y,55,R,7,Y,119,Y,12,S,7,K,1,C,1,R,7,X,1,"L1:[sp=C,434] C=1,K=53,X=219,S=7,Y=55,R=7 || L2:[sp=Y,119] Y=12,S=7,K=1,C=1,R=7,X=1",-150537.0,-716.655,1,C|Y,1
C,434,C,1,S,7,X,71,K,53,Y,55,R,7,Y,119,S,7,Y,1,K,1,C,1,R,7,X,1,"L1:[sp=C,434] C=1,S=7,X=71,K=53,Y=55,R=7 || L2:[sp=Y,119] S=7,Y=1,K=1,C=1,R=7,X=1",-2734625.0,-15416.4,1,C|Y,1
Y,332,R,7,K,41,C,3,Y,25,S,7,X,219,K,33,S,7,X,1,C,1,K,1,Y,1,R,7,"L1:[sp=Y,332] R=7,K=41,C=3,Y=25,S=7,X=219 || L2:[sp=K,33] S=7,X=1,C=1,K=1,Y=1,R=7",-11028.0,-693.914,1,Y|K,1
Y,332,R,7,K,16,C,3,Y,196,S,7,X,219,Y,49,C,1,Y,1,S,7,K,1,X,1,R,7,"L1:[sp=Y,332] R=7,K=16,C=3,Y=196,S=7,X=219 || L2:[sp=Y,49] C=1,Y=1,S=7,K=1,X=1,R=7",-37637.0,-679.8910000000001,1,Y|Y,1
C,434,X,219,K,44,C,1,S,7,Y,55,R,7,Y,119,S,7,Y,1,K,1,C,1,R,7,X,1,"L1:[sp=C,434] X=219,K=44,C=1,S=7,Y=55,R=7 || L2:[sp=Y,119] S=7,Y=1,K=1,C=1,R=7,X=1",-12553.0,-696.1010000000001,1,C|Y,1
Y,332,R,7,K,34,C,3,Y,25,S,7,X,219,K,33,S,7,X,1,C,1,K,1,Y,1,R,7,"L1:[sp=Y,332] R=7,K=34,C=3,Y=25,S=7,X=219 || L2:[sp=K,33] S=7,X=1,C=1,K=1,Y=1,R=7",-11028.0,-685.105,1,Y|K,1
C,434,X,219,K,44,C,1,S,7,Y,55,R,7,Y,119,S,7,Y,1,K,1,C,1,R,7,X,1,"L1:[sp=C,434] X=219,K=44,C=1,S=7,Y=55,R=7 || L2:[sp=Y,119] S=7,Y=1,K=1,C=1,R=7,X=1",-12553.0,-696.1010000000001,1,C|Y,1
C,434,C,1,K,53,X,219,S,7,Y,55,R,7,Y,119,S,7,C,1,K,1,Y,1,R,7,X,1,"L1:[sp=C,434] C=1,K=53,X=219,S=7,Y=55,R=7 || L2:[sp=Y,119] S=7,C=1,K=1,Y=1,R=7,X=1",-12553.0,-716.655,1,C|Y,1
C,434,C,1,K,53,X,219,S,7,Y,42,R,7,Y,119,S,7,Y,1,C,1,K,1,R,7,X,1,"L1:[sp=C,434] C=1,K=53,X=219,S=7,Y=42,R=7 || L2:[sp=Y,119] S=7,Y=1,C=1,K=1,R=7,X=1",-18829.0,-721.5989999999999,1,C|Y,1
Y,332,C,3,K,34,R,7,Y,25,S,7,X,219,K,33,S,7,X,1,C,1,K,1,Y,1,R,7,"L1:[sp=Y,332] C=3,K=34,R=7,Y=25,S=7,X=219 || L2:[sp=K,33] S=7,X=1,C=1,K=1,Y=1,R=7",-11028.0,-685.105,1,Y|K,1
Y,332,R,7,K,34,C,3,Y,25,S,7,X,219,K,33,S,7,X,1,C,1,K,1,Y,1,R,7,"L1:[sp=Y,332] R=7,K=34,C=3,Y=25,S=7,X=219 || L2:[sp=K,33] S=7,X=1,C=1,K=1,Y=1,R=7",-11028.0,-685.105,1,Y|K,1
Y,332,R,7,K,16,C,3,Y,196,S,7,X,219,Y,49,C,1,Y,1,S,7,K,1,X,1,R,7,"L1:[sp=Y,332] R=7,K=16,C=3,Y=196,S=7,X=219 || L2:[sp=Y,49] C=1,Y=1,S=7,K=1,X=1,R=7",-37637.0,-679.8910000000001,1,Y|Y,1
C,434,C,1,K,53,X,219,S,7,Y,55,R,7,Y,119,S,7,C,1,K,1,Y,1,X,1,R,7,"L1:[sp=C,434] C=1,K=53,X=219,S=7,Y=55,R=7 || L2:[sp=Y,119] S=7,C=1,K=1,Y=1,X=1,R=7",-12553.0,-716.655,1,C|Y,1
Y,332,R,7,K,44,C,3,Y,212,S,7,X,219,K,33,S,7,X,1,C,1,K,1,Y,1,R,7,"L1:[sp=Y,332] R=7,K=44,C=3,Y=212,S=7,X=219 || L2:[sp=K,33] S=7,X=1,C=1,K=1,Y=1,R=7",-93495.0,-694.992,1,Y|K,1
C,434,C,1,X,219,K,53,S,7,Y,215,R,7,Y,119,S,7,C,1,K,1,Y,1,R,7,X,183,"L1:[sp=C,434] C=1,X=219,K=53,S=7,Y=215,R=7 || L2:[sp=Y,119] S=7,C=1,K=1,Y=1,R=7,X=183",-inf,-inf,0,C|Y,1
C,434,C,1,S,7,X,219,K,53,Y,55,R,7,Y,119,S,7,Y,1,K,1,R,7,C,1,X,87,"L1:[sp=C,434] C=1,S=7,X=219,K=53,Y=55,R=7 || L2:[sp=Y,119] S=7,Y=1,K=1,R=7,C=1,X=87",-551945.0,-716.655,1,C|Y,1
Y,332,R,7,K,44,C,3,Y,25,S,7,X,219,K,33,S,7,X,1,C,1,K,1,Y,1,R,7,"L1:[sp=Y,332] R=7,K=44,C=3,Y=25,S=7,X=219 || L2:[sp=K,33] S=7,X=1,C=1,K=1,Y=1,R=7",-11028.0,-697.689,1,Y|K,1
Y,332,C,3,K,34,Y,25,R,7,S,7,X,219,X,73,S,7,X,1,C,1,K,32,Y,1,R,7,"L1:[sp=Y,332] C=3,K=34,Y=25,R=7,S=7,X=219 || L2:[sp=X,73] S=7,X=1,C=1,K=32,Y=1,R=7",-132303.0,-685.105,1,Y|X,1
Y,332,R,7,K,16,C,3,Y,196,S,7,X,219,Y,49,C,1,Y,1,S,7,K,1,X,83,R,7,"L1:[sp=Y,332] R=7,K=16,C=3,Y=196,S=7,X=219 || L2:[sp=Y,49] C=1,Y=1,S=7,K=1,X=83,R=7",-1956869.0,-679.8910000000001,1,Y|Y,1
C,434,C,1,K,53,X,219,S,7,Y,42,R,7,C,1,S,7,Y,1,C,1,K,1,R,7,X,1,"L1:[sp=C,434] C=1,K=53,X=219,S=7,Y=42,R=7 || L2:[sp=C,1] S=7,Y=1,C=1,K=1,R=7,X=1",-683661.0,-721.5989999999999,1,C|C,1
Y,332,R,7,K,44,C,3,Y,42,S,7,X,219,K,33,K,1,X,1,C,1,S,7,Y,1,R,7,"L1:[sp=Y,332] R=7,K=44,C=3,Y=42,S=7,X=219 || L2:[sp=K,33] K=1,X=1,C=1,S=7,Y=1,R=7",-18525.0,-696.533,1,Y|K,1
C,434,C,1,K,53,X,219,S,7,Y,25,R,7,Y,119,S,7,Y,1,C,1,K,1,R,7,X,3,"L1:[sp=C,434] C=1,K=53,X=219,S=7,Y=25,R=7 || L2:[sp=Y,119] S=7,Y=1,C=1,K=1,R=7,X=3",-56467.0,-719.2230000000001,1,C|Y,1
C,434,C,1,X,219,K,53,R,7,Y,55,S,7,C,1,S,7,X,1,K,1,Y,1,R,7,C,1,"L1:[sp=C,434] C=1,X=219,K=53,R=7,Y=55,S=7 || L2:[sp=C,1] S=7,X=1,K=1,Y=1,R=7,C=1",-683657.0,-716.655,1,C|C,1
C,434,X,219,C,1,K,44,S,7,Y,55,R,7,Y,119,S,7,Y,1,K,1,C,1,R,7,X,1,"L1:[sp=C,434] X=219,C=1,K=44,S=7,Y=55,R=7 || L2:[sp=Y,119] S=7,Y=1,K=1,C=1,R=7,X=1",-12553.0,-705.329,1,C|Y,1
X,434,C,3,K,53,X,219,S,7,Y,55,R,7,Y,119,Y,1,C,1,K,1,S,7,R,7,X,1,"L1:[sp=X,434] C=3,K=53,X=219,S=7,Y=55,R=7 || L2:[sp=Y,119] Y=1,C=1,K=1,S=7,R=7,X=1",-37641.0,-716.655,1,X|Y,1
Y,332,R,7,K,41,C,1,Y,25,S,7,X,219,K,33,S,7,X,1,C,1,K,1,Y,1,R,7,"L1:[sp=Y,332] R=7,K=41,C=1,Y=25,S=7,X=219 || L2:[sp=K,33] S=7,X=1,C=1,K=1,Y=1,R=7",-inf,-inf,0,Y|K,1
Y,332,R,7,K,34,C,3,Y,25,S,7,X,219,K,33,S,7,X,1,C,1,K,1,Y,1,R,7,"L1:[sp=Y,332] R=7,K=34,C=3,Y=25,S=7,X=219 || L2:[sp=K,33] S=7,X=1,C=1,K=1,Y=1,R=7",-11028.0,-685.105,1,Y|K,1
C,434,X,219,K,44,C,1,S,7,Y,55,R,7,Y,119,S,7,Y,1,K,1,C,1,R,7,X,142,"L1:[sp=C,434] X=219,K=44,C=1,S=7,Y=55,R=7 || L2:[sp=Y,119] S=7,Y=1,K=1,C=1,R=7,X=142",-953353.0,-696.1010000000001,1,C|Y,1
X,332,R,7,K,44,C,3,Y,42,S,7,X,219,K,33,K,1,X,1,C,1,S,7,Y,1,R,7,"L1:[sp=X,332] R=7,K=44,C=3,Y=42,S=7,X=219 || L2:[sp=K,33] K=1,X=1,C=1,S=7,Y=1,R=7",-96151.0,-710.273,1,X|K,1
Y,332,R,7,K,44,C,3,X,219,S,7,Y,55,K,33,K,1,X,1,C,1,Y,1,S,7,R,7,"L1:[sp=Y,332] R=7,K=44,C=3,X=219,S=7,Y=55 || L2:[sp=K,33] K=1,X=1,C=1,Y=1,S=7,R=7",-24258.0,-695.763,1,Y|K,1
C,434,C,1,R,7,X,219,S,7,Y,42,K,53,K,1,S,7,C,1,K,1,Y,1,X,144,R,7,"L1:[sp=C,434] C=1,R=7,X=219,S=7,Y=42,K=53 || L2:[sp=K,1] S=7,C=1,K=1,Y=1,X=144,R=7",-50589965.0,-874.855,1,C|K,1
Y,332,K,52,R,7,C,3,Y,42,S,7,X,219,K,33,K,1,X,1,C,1,R,7,Y,15,S,7,"L1:[sp=Y,332] K=52,R=7,C=3,Y=42,S=7,X=219 || L2:[sp=K,33] K=1,X=1,C=1,R=7,Y=15,S=7",-18525.0,-706.6,1,Y|K,1
C,434,X,127,K,44,C,1,S,7,Y,55,R,7,Y,119,S,7,C,1,K,1,Y,1,R,7,X,1,"L1:[sp=C,434] X=127,K=44,C=1,S=7,Y=55,R=7 || L2:[sp=Y,119] S=7,C=1,K=1,Y=1,R=7,X=1",-2734609.0,-15068.7,1,C|Y,1
C,434,C,3,K,53,X,219,S,7,Y,55,R,7,Y,119,S,7,C,1,K,12,Y,1,X,1,R,7,"L1:[sp=C,434] C=3,K=53,X=219,S=7,Y=55,R=7 || L2:[sp=Y,119] S=7,C=1,K=12,Y=1,X=1,R=7",-34113.0,-716.655,1,C|Y,1
Y,332,R,7,K,44,C,1,Y,25,S,7,X,219,K,33,S,7,X,1,C,1,K,21,Y,1,R,7,"L1:[sp=Y,332] R=7,K=44,C=1,Y=25,S=7,X=219 || L2:[sp=K,33] S=7,X=1,C=1,K=21,Y=1,R=7",-inf,-inf,0,Y|K,1
Y,332,R,7,K,34,C,3,Y,25,S,7,X,219,K,33,S,7,X,1,C,1,K,1,Y,1,R,7,"L1:[sp=Y,332] R=7,K=34,C=3,Y=25,S=7,X=219 || L2:[sp=K,33] S=7,X=1,C=1,K=1,Y=1,R=7",-11028.0,-685.105,1,Y|K,1
Y,332,R,7,K,44,C,3,Y,25,S,7,X,22,K,33,S,7,X,1,C,1,K,1,Y,4,R,7,"L1:[sp=Y,332] R=7,K=44,C=3,Y=25,S=7,X=22 || L2:[sp=K,33] S=7,X=1,C=1,K=1,Y=4,R=7",-2403471.0,-15239.5,1,Y|K,1
Y,332,R,7,K,9,C,3,Y,25,S,7,X,219,K,33,S,7,X,1,C,1,K,1,Y,1,R,7,"L1:[sp=Y,332] R=7,K=9,C=3,Y=25,S=7,X=219 || L2:[sp=K,33] S=7,X=1,C=1,K=1,Y=1,R=7",-29409.0,-687.622,1,Y|K,1
Y,332,R,7,K,44,C,1,Y,25,S,7,X,219,K,33,Y,8,X,1,C,1,K,1,S,7,R,7,"L1:[sp=Y,332] R=7,K=44,C=1,Y=25,S=7,X=219 || L2:[sp=K,33] Y=8,X=1,C=1,K=1,S=7,R=7",-inf,-inf,0,Y|K,1
K,332,C,3,K,34,R,7,Y,25,S,7,X,219,K,33,S,7,X,1,C,1,K,3,Y,1,R,7,"L1:[sp=K,332] C=3,K=34,R=7,Y=25,S=7,X=219 || L2:[sp=K,33] S=7,X=1,C=1,K=3,Y=1,R=7",-96148.0,-679.956,1,K|K,1
C,434,C,1,K,53,X,219,S,7,Y,221,R,7,Y,119,X,1,C,1,K,1,Y,1,R,7,S,7,"L1:[sp=C,434] C=1,K=53,X=219,S=7,Y=221,R=7 || L2:[sp=Y,119] X=1,C=1,K=1,Y=1,R=7,S=7",-3139.0,-752.284,1,C|Y,1
Y,332,R,7,K,44,C,3,Y,25,S,7,X,219,K,33,S,7,X,1,C,1,K,1,Y,1,R,7,"L1:[sp=Y,332] R=7,K=44,C=3,Y=25,S=7,X=219 || L2:[sp=K,33] S=7,X=1,C=1,K=1,Y=1,R=7",-11028.0,-697.689,1,Y|K,1
C,434,X,219,C,1,K,28,S,7,Y,55,R,7,Y,119,S,7,Y,1,K,1,C,1,R,7,X,1,"L1:[sp=C,434] X=219,C=1,K=28,S=7,Y=55,R=7 || L2:[sp=Y,119] S=7,Y=1,K=1,C=1,R=7,X=1",-12557.0,-713.4060000000001,1,C|Y,1
Y,332,C,3,K,34,R,7,X,219,S,7,Y,25,K,33,S,7,X,1,C,1,K,1,Y,1,R,7,"L1:[sp=Y,332] C=3,K=34,R=7,X=219,S=7,Y=25 || L2:[sp=K,33] S=7,X=1,C=1,K=1,Y=1,R=7",-11028.0,-685.105,1,Y|K,1
Y,332,R,7,K,34,C,3,Y,25,S,7,X,219,K,33,S,7,X,1,C,2,K,1,Y,1,R,7,"L1:[sp=Y,332] R=7,K=34,C=3,Y=25,S=7,X=219 || L2:[sp=K,33] S=7,X=1,C=2,K=1,Y=1,R=7",-11028.0,-685.105,1,Y|K,1
Y,332,C,3,K,34,R,7,Y,21,S,7,X,219,K,33,S,7,X,1,C,1,K,1,Y,1,R,7,"L1:[sp=Y,332] C=3,K=34,R=7,Y=21,S=7,X=219 || L2:[sp=K,33] S=7,X=1,C=1,K=1,Y=1,R=7",-9264.0,-685.875,1,Y|K,1
C,434,X,78,K,44,C,1,S,7,Y,111,R,7,Y,119,S,7,Y,1,K,1,C,1,R,7,X,78,"L1:[sp=C,434] X=78,K=44,C=1,S=7,Y=111,R=7 || L2:[sp=Y,119] S=7,Y=1,K=1,C=1,R=7,X=78",-1467661.0,-14799.2,1,C|Y,1
C,434,C,1,K,53,X,219,S,7,Y,221,R,7,Y,119,X,1,C,1,K,1,Y,1,R,7,S,7,"L1:[sp=C,434] C=1,K=53,X=219,S=7,Y=221,R=7 || L2:[sp=Y,119] X=1,C=1,K=1,Y=1,R=7,S=7",-3139.0,-752.284,1,C|Y,1
X,332,K,52,R,7,C,3,Y,21,S,7,X,219,K,33,K,1,X,1,C,1,R,7,Y,1,S,7,"L1:[sp=X,332] K=52,R=7,C=3,Y=21,S=7,X=219 || L2:[sp=K,33] K=1,X=1,C=1,R=7,Y=1,S=7",-96161.0,-718.992,1,X|K,1
Y,332,C,3,K,34,R,7,Y,42,S,7,X,219,K,33,S,7,X,98,C,1,K,1,Y,15,R,7,"L1:[sp=Y,332] C=3,K=34,R=7,Y=42,S=7,X=219 || L2:[sp=K,33] S=7,X=98,C=1,K=1,Y=15,R=7",-407487.0,-683.949,1,Y|K,1
C,434,C,3,K,53,X,219,S,7,Y,221,R,7,Y,119,X,1,C,1,K,1,Y,1,R,7,S,7,"L1:[sp=C,434] C=3,K=53,X=219,S=7,Y=221,R=7 || L2:[sp=Y,119] X=1,C=1,K=1,Y=1,R=7,S=7",-9411.0,-752.284,1,C|Y,1
X,332,R,7,K,34,C,1,Y,25,S,7,X,219,K,33,S,7,X,14,R,7,K,1,Y,1,C,1,"L1:[sp=X,332] R=7,K=34,C=1,Y=25,S=7,X=219 || L2:[sp=K,33] S=7,X=14,R=7,K=1,Y=1,C=1",-769159.0,-577.203,1,X|K,1
C,434,C,1,K,40,X,219,S,7,Y,88,R,7,Y,119,X,1,C,1,K,1,Y,88,R,7,S,7,"L1:[sp=C,434] C=1,K=40,X=219,S=7,Y=88,R=7 || L2:[sp=Y,119] X=1,C=1,K=1,Y=88,R=7,S=7",-827911.0,-703.827,1,C|Y,1
Y,332,C,3,K,34,X,219,R,7,S,7,Y,25,Y,1,S,7,X,1,C,3,K,1,Y,1,R,7,"L1:[sp=Y,332] C=3,K=34,X=219,R=7,S=7,Y=25 || L2:[sp=Y,1] S=7,X=1,C=3,K=1,Y=1,R=7",-235203.0,-685.105,1,Y|Y,1
Y,332,R,7,K,38,C,3,Y,25,S,7,X,219,K,33,S,7,X,1,C,1,K,1,Y,1,R,7,"L1:[sp=Y,332] R=7,K=38,C=3,Y=25,S=7,X=219 || L2:[sp=K,33] S=7,X=1,C=1,K=1,Y=1,R=7",-11028.0,-690.138,1,Y|K,1
C,434,C,2,K,53,X,219,S,7,Y,221,R,7,Y,119,X,1,R,7,K,21,Y,1,C,1,S,7,"L1:[sp=C,434] C=2,K=53,X=219,S=7,Y=221,R=7 || L2:[sp=Y,119] X=1,R=7,K=21,Y=1,C=1,S=7",-6275.0,-752.284,1,C|Y,1
C,434,C,1,K,28,X,219,S,7,Y,221,R,7,Y,119,X,1,C,1,K,1,Y,1,R,7,S,7,"L1:[sp=C,434] C=1,K=28,X=219,S=7,Y=221,R=7 || L2:[sp=Y,119] X=1,C=1,K=1,Y=1,R=7,S=7",-3140.0,-738.442,1,C|Y,1
C,434,X,54,C,2,K,53,S,7,Y,55,R,7,Y,119,S,7,Y,1,K,1,C,1,R,7,X,1,"L1:[sp=C,434] X=54,C=2,K=53,S=7,Y=55,R=7 || L2:[sp=Y,119] S=7,Y=1,K=1,C=1,R=7,X=1",-5469225.0,-15409.6,1,C|Y,1
X,332,C,3,K,34,R,7,Y,21,S,7,X,219,K,33,R,7,X,1,C,1,K,14,Y,1,S,7,"L1:[sp=X,332] C=3,K=34,R=7,Y=21,S=7,X=219 || L2:[sp=K,33] R=7,X=1,C=1,K=14,Y=1,S=7",-897311.0,-696.341,1,X|K,1
Y,332,R,7,K,34,C,3,Y,25,S,7,X,219,K,33,S,7,X,1,C,1,K,1,Y,1,R,7,"L1:[sp=Y,332] R=7,K=34,C=3,Y=25,S=7,X=219 || L2:[sp=K,33] S=7,X=1,C=1,K=1,Y=1,R=7",-11028.0,-685.105,1,Y|K,1
C,332,C,3,K,34,R,7,X,219,S,7,Y,25,K,33,S,7,X,1,C,1,K,1,Y,1,R,7,"L1:[sp=C,332] C=3,K=34,R=7,X=219,S=7,Y=25 || L2:[sp=K,33] S=7,X=1,C=1,K=1,Y=1,R=7",-96157.0,-695.313,1,C|K,1
Y,332,R,7,K,34,X,199,C,3,S,7,Y,25,K,33,S,7,X,1,C,1,K,1,Y,13,R,7,"L1:[sp=Y,332] R=7,K=34,X=199,C=3,S=7,Y=25 || L2:[sp=K,33] S=7,X=1,C=1,K=1,Y=13,R=7",-2403455.0,-15606.8,1,Y|K,1
Y,332,R,7,K,34,C,3,Y,60,S,7,X,219,K,33,C,2,X,1,S,7,K,1,Y,1,R,7,"L1:[sp=Y,332] R=7,K=34,C=3,Y=60,S=7,X=219 || L2:[sp=K,33] C=2,X=1,S=7,K=1,Y=1,R=7",-26463.0,-683.179,1,Y|K,1
C,434,C,2,K,53,X,219,S,7,Y,25,R,7,Y,119,X,1,C,1,K,1,Y,1,R,7,S,7,"L1:[sp=C,434] C=2,K=53,X=219,S=7,Y=25,R=7 || L2:[sp=Y,119] X=1,C=1,K=1,Y=1,R=7,S=7",-56467.0,-719.2230000000001,1,C|Y,1
K,332,R,7,K,34,C,3,Y,25,S,7,X,219,K,33,S,7,X,1,C,1,K,1,Y,8,R,7,"L1:[sp=K,332] R=7,K=34,C=3,Y=25,S=7,X=219 || L2:[sp=K,33] S=7,X=1,C=1,K=1,Y=8,R=7",-63808.0,-679.956,1,K|K,1
C,332,R,7,K,44,C,3,Y,25,S,7,X,219,K,33,S,7,X,1,C,2,K,10,Y,1,R,7,"L1:[sp=C,332] R=7,K=44,C=3,Y=25,S=7,X=219 || L2:[sp=K,33] S=7,X=1,C=2,K=10,Y=1,R=7",-640939.0,-707.8969999999999,1,C|K,1
Y,332,K,52,R,7,C,3,Y,42,S,7,X,219,K,33,K,1,X,1,C,1,R,7,Y,15,S,7,"L1:[sp=Y,332] K=52,R=7,C=3,Y=42,S=7,X=219 || L2:[sp=K,33] K=1,X=1,C=1,R=7,Y=15,S=7",-18525.0,-706.6,1,Y|K,1
Y,332,C,3,K,34,R,7,Y,21,S,7,X,219,K,33,S,7,X,1,C,1,K,1,Y,6,R,7,"L1:[sp=Y,332] C=3,K=34,R=7,Y=21,S=7,X=219 || L2:[sp=K,33] S=7,X=1,C=1,K=1,Y=6,R=7",-9264.0,-685.875,1,Y|K,1
C,434,C,1,K,53,X,219,S,7,Y,221,R,7,Y,119,X,1,C,1,K,1,Y,1,R,7,S,7,"L1:[sp=C,434] C=1,K=53,X=219,S=7,Y=221,R=7 || L2:[sp=Y,119] X=1,C=1,K=1,Y=1,R=7,S=7",-3139.0,-752.284,1,C|Y,1
C,434,C,2,K,53,X,219,S,7,Y,43,R,7,Y,119,X,1,R,7,K,21,Y,1,C,1,S,7,"L1:[sp=C,434] C=2,K=53,X=219,S=7,Y=43,R=7 || L2:[sp=Y,119] X=1,R=7,K=21,Y=1,C=1,S=7",-37645.0,-722.305,1,C|Y,1
C,434,C,3,K,53,X,219,S,7,Y,221,R,7,Y,119,X,1,C,1,K,27,Y,1,R,7,S,7,"L1:[sp=C,434] C=3,K=53,X=219,S=7,Y=221,R=7 || L2:[sp=Y,119] X=1,C=1,K=27,Y=1,R=7,S=7",-11616.0,-752.284,1,C|Y,1
C,434,C,3,K,53,X,219,S,7,Y,221,R,7,C,3,X,1,C,2,K,1,Y,1,R,7,S,7,"L1:[sp=C,434] C=3,K=53,X=219,S=7,Y=221,R=7 || L2:[sp=C,3] X=1,C=2,K=1,Y=1,R=7,S=7",-6275.0,-752.284,1,C|C,1
Y,332,R,7,K,34,C,3,Y,25,S,7,X,113,K,33,S,7,X,1,C,1,K,1,Y,1,R,7,"L1:[sp=Y,332] R=7,K=34,C=3,Y=25,S=7,X=113 || L2:[sp=K,33] S=7,X=1,C=1,K=1,Y=1,R=7",-2403455.0,-14951.0,1,Y|K,1
C,434,C,1,R,7,X,219,S,7,Y,221,K,53,Y,119,X,1,C,1,K,1,Y,1,R,7,S,7,"L1:[sp=C,434] C=1,R=7,X=219,S=7,Y=221,K=53 || L2:[sp=Y,119] X=1,C=1,K=1,Y=1,R=7,S=7",-3139.0,-752.284,1,C|Y,1
Y,332,R,7,K,38,C,3,Y,25,S,7,X,145,K,33,S,7,X,1,C,1,K,1,Y,1,R,7,"L1:[sp=Y,332] R=7,K=38,C=3,Y=25,S=7,X=145 || L2:[sp=K,33] S=7,X=1,C=1,K=1,Y=1,R=7",-2403455.0,-15291.4,1,Y|K,1
Y,332,K,52,R,7,C,3,Y,42,S,7,X,223,K,33,K,1,X,1,C,1,Y,15,R,7,S,7,"L1:[sp=Y,332] K=52,R=7,C=3,Y=42,S=7,X=223 || L2:[sp=K,33] K=1,X=1,C=1,Y=15,R=7,S=7",-inf,-inf,0,Y|K,1
Y,332,R,7,K,38,C,3,Y,25,S,7,X,219,X,219,S,7,X,1,C,1,K,1,Y,1,R,7,"L1:[sp=Y,332] R=7,K=38,C=3,Y=25,S=7,X=219 || L2:[sp=X,219] S=7,X=1,C=1,K=1,Y=1,R=7",-639751.0,-696.585,1,Y|X,1
Y,332,R,7,K,34,C,3,Y,25,S,7,X,219,K,33,S,7,X,76,C,1,K,1,Y,1,R,7,"L1:[sp=Y,332] R=7,K=34,C=3,Y=25,S=7,X=219 || L2:[sp=K,33] S=7,X=76,C=1,K=1,Y=1,R=7",-727653.0,-685.105,1,Y|K,1
C,434,C,3,K,53,X,219,S,7,Y,221,R,7,Y,119,X,1,C,2,K,1,Y,83,R,7,S,7,"L1:[sp=C,434] C=3,K=53,X=219,S=7,Y=221,R=7 || L2:[sp=Y,119] X=1,C=2,K=1,Y=83,R=7,S=7",-780867.0,-752.284,1,C|Y,1
C,434,C,2,K,7,X,219,S,7,R,7,Y,221,Y,119,X,1,R,7,K,4,Y,1,S,7,C,1,"L1:[sp=C,434] C=2,K=7,X=219,S=7,R=7,Y=221 || L2:[sp=Y,119] X=1,R=7,K=4,Y=1,S=7,C=1",-6479.0,-729.633,1,C|Y,1
K,434,S,7,K,53,X,219,C,3,Y,221,R,7,Y,119,X,1,C,1,K,1,Y,1,R,7,S,7,"L1:[sp=K,434] S=7,K=53,X=219,C=3,Y=221,R=7 || L2:[sp=Y,119] X=1,C=1,K=1,Y=1,R=7,S=7",-7793.0,-725.8580000000001,1,K|Y,1
Y,332,R,7,K,52,C,3,Y,25,S,7,X,219,K,33,S,7,X,1,C,1,K,1,Y,1,R,7,"L1:[sp=Y,332] R=7,K=52,C=3,Y=25,S=7,X=219 || L2:[sp=K,33] S=7,X=1,C=1,K=1,Y=1,R=7",-11028.0,-707.7560000000001,1,Y|K,1
Y,332,K,38,R,7,C,3,Y,42,S,7,X,219,K,33,R,7,X,1,C,1,K,1,Y,15,S,7,"L1:[sp=Y,332] K=38,R=7,C=3,Y=42,S=7,X=219 || L2:[sp=K,33] R=7,X=1,C=1,K=1,Y=15,S=7",-18525.0,-688.9830000000001,1,Y|K,1
Y,332,C,3,K,27,R,7,Y,21,S,7,X,219,K,33,S,7,X,1,C,1,K,1,Y,6,R,7,"L1:[sp=Y,332] C=3,K=27,R=7,Y=21,S=7,X=219 || L2:[sp=K,33] S=7,X=1,C=1,K=1,Y=6,R=7",-9265.0,-694.055,1,Y|K,1
K,434,C,1,K,53,X,219,S,7,Y,221,R,7,Y,119,X,1,C,1,K,1,Y,1,R,7,S,7,"L1:[sp=K,434] C=1,K=53,X=219,S=7,Y=221,R=7 || L2:[sp=Y,119] X=1,C=1,K=1,Y=1,R=7,S=7",-7795.0,-727.5010000000001,1,K|Y,1
C,434,C,3,K,53,X,219,S,7,Y,221,R,7,Y,119,X,1,C,1,K,1,Y,1,R,7,S,7,"L1:[sp=C,434] C=3,K=53,X=219,S=7,Y=221,R=7 || L2:[sp=Y,119] X=1,C=1,K=1,Y=1,R=7,S=7",-9411.0,-752.284,1,C|Y,1
C,434,C,2,K,53,X,219,S,7,Y,221,R,7,Y,119,X,1,R,7,K,21,Y,1,C,2,S,7,"L1:[sp=C,434] C=2,K=53,X=219,S=7,Y=221,R=7 || L2:[sp=Y,119] X=1,R=7,K=21,Y=1,C=2,S=7",-6275.0,-752.284,1,C|Y,1
Y,332,C,3,K,34,R,7,Y,21,S,7,X,219,K,33,S,7,X,1,C,3,K,1,Y,6,R,7,"L1:[sp=Y,332] C=3,K=34,R=7,Y=21,S=7,X=219 || L2:[sp=K,33] S=7,X=1,C=3,K=1,Y=6,R=7",-9264.0,-685.875,1,Y|K,1
C,332,R,7,K,34,C,3,Y,25,S,7,X,219,K,33,S,7,X,1,C,1,K,1,Y,1,R,7,"L1:[sp=C,332] R=7,K=34,C=3,Y=25,S=7,X=219 || L2:[sp=K,33] S=7,X=1,C=1,K=1,Y=1,R=7",-96157.0,-695.313,1,C|K,1
C,434,C,1,K,53,X,219,S,7,Y,221,R,7,Y,119,X,1,C,1,K,1,Y,1,R,7,S,7,"L1:[sp=C,434] C=1,K=53,X=219,S=7,Y=221,R=7 || L2:[sp=Y,119] X=1,C=1,K=1,Y=1,R=7,S=7",-3139.0,-752.284,1,C|Y,1
K,434,C,1,K,53,X,219,S,7,Y,214,R,7,Y,119,X,1,K,1,C,1,Y,1,R,7,S,7,"L1:[sp=K,434] C=1,K=53,X=219,S=7,Y=214,R=7 || L2:[sp=Y,119] X=1,K=1,C=1,Y=1,R=7,S=7",-inf,-inf,0,K|Y,1
K,434,C,1,K,53,X,219,S,7,Y,221,R,7,Y,119,X,1,C,1,K,1,Y,1,R,7,S,7,"L1:[sp=K,434] C=1,K=53,X=219,S=7,Y=221,R=7 || L2:[sp=Y,119] X=1,C=1,K=1,Y=1,R=7,S=7",-7795.0,-727.5010000000001,1,K|Y,1
Y,332,C,3,K,34,R,7,Y,134,S,7,X,134,K,33,S,7,X,1,K,1,C,3,Y,115,R,7,"L1:[sp=Y,332] C=3,K=34,R=7,Y=134,S=7,X=134 || L2:[sp=K,33] S=7,X=1,K=1,C=3,Y=115,R=7",-12882497.0,-14951.0,1,Y|K,1
C,434,C,3,X,219,K,53,S,7,Y,77,R,7,C,3,X,1,C,2,R,7,Y,1,K,1,S,7,"L1:[sp=C,434] C=3,X=219,K=53,S=7,Y=77,R=7 || L2:[sp=C,3] X=1,C=2,R=7,Y=1,K=1,S=7",-1367303.0,-716.655,1,C|C,1
Y,332,C,3,K,13,R,7,Y,37,S,7,X,219,K,33,S,7,X,1,C,3,K,13,Y,6,R,7,"L1:[sp=Y,332] C=3,K=13,R=7,Y=37,S=7,X=219 || L2:[sp=K,33] S=7,X=1,C=3,K=13,Y=6,R=7",-353541.0,-682.062,1,Y|K,1
K,434,S,7,K,53,X,219,C,3,Y,221,R,7,Y,119,X,161,C,1,K,1,Y,85,R,7,S,7,"L1:[sp=K,434] S=7,K=53,X=219,C=3,Y=221,R=7 || L2:[sp=Y,119] X=161,C=1,K=1,Y=85,R=7,S=7",-37747397.0,-725.8580000000001,1,K|Y,1
C,434,C,2,K,53,X,4,S,7,Y,221,R,7,Y,119,X,1,R,7,K,21,Y,1,C,1,S,7,"L1:[sp=C,434] C=2,K=53,X=4,S=7,Y=221,R=7 || L2:[sp=Y,119] X=1,R=7,K=21,Y=1,C=1,S=7",-1367407.0,-589.14,1,C|Y,1
Y,332,C,3,K,34,R,7,Y,21,S,7,X,219,C,3,S,7,X,1,Y,6,K,1,C,3,R,7,"L1:[sp=Y,332] C=3,K=34,R=7,Y=21,S=7,X=219 || L2:[sp=C,3] S=7,X=1,Y=6,K=1,C=3,R=7",-197571.0,-685.875,1,Y|C,1
K,332,C,3,K,34,R,7,Y,21,S,7,X,219,K,33,S,7,X,1,C,2,R,7,Y,6,K,1,"L1:[sp=K,332] C=3,K=34,R=7,Y=21,S=7,X=219 || L2:[sp=K,33] S=7,X=1,C=2,R=7,Y=6,K=1",-64398.0,-680.341,1,K|K,1
K,434,C,1,K,53,X,78,S,7,Y,221,R,7,Y,119,X,1,C,1,K,32,Y,1,R,7,S,7,"L1:[sp=K,434] C=1,K=53,X=78,S=7,Y=221,R=7 || L2:[sp=Y,119] X=1,C=1,K=32,Y=1,R=7,S=7",-inf,-inf,0,K|Y,1
Y,434,C,2,K,7,X,8,S,7,Y,221,R,7,Y,119,X,1,R,7,K,4,Y,1,C,2,S,7,"L1:[sp=Y,434] C=2,K=7,X=8,S=7,Y=221,R=7 || L2:[sp=Y,119] X=1,R=7,K=4,Y=1,C=2,S=7",-2820609.0,-496.652,1,Y|Y,1
C,434,C,2,K,53,X,91,S,7,R,7,Y,221,Y,119,X,1,R,7,K,21,Y,1,S,7,C,1,"L1:[sp=C,434] C=2,K=53,X=91,S=7,R=7,Y=221 || L2:[sp=Y,119] X=1,R=7,K=21,Y=1,S=7,C=1",-inf,-inf,0,C|Y,1
C,434,S,7,R,7,X,219,C,1,Y,221,K,53,Y,119,X,1,C,1,K,1,S,7,R,7,Y,54,"L1:[sp=C,434] S=7,R=7,X=219,C=1,Y=221,K=53 || L2:[sp=Y,119] X=1,C=1,K=1,S=7,R=7,Y=54",-169347.0,-752.284,1,C|Y,1
C,434,C,2,K,7,X,219,S,7,R,7,Y,221,Y,119,X,36,R,7,K,4,Y,215,S,7,C,1,"L1:[sp=C,434] C=2,K=7,X=219,S=7,R=7,Y=221 || L2:[sp=Y,119] X=36,R=7,K=4,Y=215,S=7,C=1",-2781251.0,-729.633,1,C|Y,1
C,434,C,1,K,7,X,219,S,7,R,7,Y,221,Y,119,X,1,R,7,K,4,Y,1,S,7,C,1,"L1:[sp=C,434] C=1,K=7,X=219,S=7,R=7,Y=221 || L2:[sp=Y,119] X=1,R=7,K=4,Y=1,S=7,C=1",-3245.0,-729.633,1,C|Y,1
C,434,C,2,K,31,X,219,S,7,Y,221,R,7,Y,119,X,1,R,7,K,21,Y,1,C,2,S,7,"L1:[sp=C,434] C=2,K=31,X=219,S=7,Y=221,R=7 || L2:[sp=Y,119] X=1,R=7,K=21,Y=1,C=2,S=7",-7060.0,-744.1039999999999,1,C|Y,1
Y,332,C,3,K,34,R,7,Y,179,S,7,X,219,K,33,S,7,X,1,C,3,K,31,Y,6,R,7,"L1:[sp=Y,332] C=3,K=34,R=7,Y=179,S=7,X=219 || L2:[sp=K,33] S=7,X=1,C=3,K=31,Y=6,R=7",-1631409.0,-682.408,1,Y|K,1
C,434,C,1,K,53,R,7,S,7,Y,126,X,219,Y,119,X,1,K,1,C,1,Y,1,R,7,S,7,"L1:[sp=C,434] C=1,K=53,R=7,S=7,Y=126,X=219 || L2:[sp=Y,119] X=1,K=1,C=1,Y=1,R=7,S=7",-9413.0,-716.205,1,C|Y,1
C,434,C,3,K,53,X,219,S,7,Y,221,R,7,K,1,X,1,C,3,K,1,Y,1,R,7,S,7,"L1:[sp=C,434] C=3,K=53,X=219,S=7,Y=221,R=7 || L2:[sp=K,1] X=1,C=3,K=1,Y=1,R=7,S=7",-9411.0,-752.284,1,C|K,1
Y,332,C,3,K,34,R,7,X,219,S,7,Y,21,K,33,S,7,X,1,C,1,K,1,Y,6,R,7,"L1:[sp=Y,332] C=3,K=34,R=7,X=219,S=7,Y=21 || L2:[sp=K,33] S=7,X=1,C=1,K=1,Y=6,R=7",-9264.0,-685.875,1,Y|K,1
C,434,C,1,K,53,X,219,S,7,Y,221,R,7,Y,119,X,1,C,1,K,1,Y,1,R,7,S,7,"L1:[sp=C,434] C=1,K=53,X=219,S=7,Y=221,R=7 || L2:[sp=Y,119] X=1,C=1,K=1,Y=1,R=7,S=7",-3139.0,-752.284,1,C|Y,1
C,434,C,3,K,39,X,219,R,7,Y,221,S,7,K,1,X,1,C,3,K,1,Y,1,R,7,S,7,"L1:[sp=C,434] C=3,K=39,X=219,R=7,Y=221,S=7 || L2:[sp=K,1] X=1,C=3,K=1,Y=1,R=7,S=7",-9411.0,-734.666,1,C|K,1
Y,332,K,34,C,3,R,7,X,219,S,7,Y,21,K,33,S,7,X,1,C,1,K,1,Y,6,R,7,"L1:[sp=Y,332] K=34,C=3,R=7,X=219,S=7,Y=21 || L2:[sp=K,33] S=7,X=1,C=1,K=1,Y=6,R=7",-9264.0,-685.875,1,Y|K,1
K,434,C,1,K,53,X,121,S,7,Y,221,R,7,Y,119,X,1,C,1,K,1,Y,1,R,7,S,7,"L1:[sp=K,434] C=1,K=53,X=121,S=7,Y=221,R=7 || L2:[sp=Y,119] X=1,C=1,K=1,Y=1,R=7,S=7",-inf,-inf,0,K|Y,1
C,434,C,1,K,53,X,219,S,7,Y,221,R,7,Y,119,X,1,C,1,K,1,Y,1,R,7,S,7,"L1:[sp=C,434] C=1,K=53,X=219,S=7,Y=221,R=7 || L2:[sp=Y,119] X=1,C=1,K=1,Y=1,R=7,S=7",-3139.0,-752.284,1,C|Y,1
C,434,C,2,K,31,X,219,S,7,Y,221,R,7,Y,119,X,1,R,7,K,21,Y,1,C,2,S,7,"L1:[sp=C,434] C=2,K=31,X=219,S=7,Y=221,R=7 || L2:[sp=Y,119] X=1,R=7,K=21,Y=1,C=2,S=7",-7060.0,-744.1039999999999,1,C|Y,1
C,434,C,3,K,13,X,219,S,7,Y,221,R,7,K,1,X,1,C,3,K,13,Y,1,R,7,S,7,"L1:[sp=C,434] C=3,K=13,X=219,S=7,Y=221,R=7 || L2:[sp=K,1] X=1,C=3,K=13,Y=1,R=7,S=7",-9561.0,-726.487,1,C|K,1
C,434,C,2,K,31,X,219,S,7,Y,123,R,7,Y,119,X,1,R,7,K,21,Y,1,C,2,S,7,"L1:[sp=C,434] C=2,K=31,X=219,S=7,Y=123,R=7 || L2:[sp=Y,119] X=1,R=7,K=21,Y=1,C=2,S=7",-21175.0,-715.345,1,C|Y,1
C,434,C,1,K,53,R,7,S,7,Y,126,X,53,Y,119,X,40,K,1,C,1,Y,1,R,7,S,7,"L1:[sp=C,434] C=1,K=53,R=7,S=7,Y=126,X=53 || L2:[sp=Y,119] X=40,K=1,C=1,Y=1,R=7,S=7",-2116821.0,-15507.3,1,C|Y,1
C,434,C,2,K,31,X,219,S,7,Y,174,R,7,Y,119,X,1,R,7,K,4,Y,1,C,2,S,7,"L1:[sp=C,434] C=2,K=31,X=219,S=7,Y=174,R=7 || L2:[sp=Y,119] X=1,R=7,K=4,Y=1,C=2,S=7",-19117.0,-728.443,1,C|Y,1
Y,434,C,1,K,25,S,7,X,219,R,7,Y,221,Y,119,X,1,R,7,K,4,Y,1,S,7,C,1,"L1:[sp=Y,434] C=1,K=25,S=7,X=219,R=7,Y=221 || L2:[sp=Y,119] X=1,R=7,K=4,Y=1,S=7,C=1",-9271.0,-734.422,1,Y|Y,1
C,434,C,2,K,31,X,219,S,7,Y,221,R,7,Y,119,X,1,R,7,K,21,C,2,Y,183,S,7,"L1:[sp=C,434] C=2,K=31,X=219,S=7,Y=221,R=7 || L2:[sp=Y,119] X=1,R=7,K=21,C=2,Y=183,S=7",-1291252.0,-744.1039999999999,1,C|Y,1
Y,332,X,219,K,34,R,7,C,3,S,7,Y,21,K,33,S,7,X,1,C,1,K,5,Y,6,R,7,"L1:[sp=Y,332] X=219,K=34,R=7,C=3,S=7,Y=21 || L2:[sp=K,33] S=7,X=1,C=1,K=5,Y=6,R=7",-30873.0,-685.875,1,Y|K,1
X,332,C,3,K,34,R,7,Y,21,S,7,X,219,C,1,S,7,X,1,C,2,R,7,Y,6,K,1,"L1:[sp=X,332] C=3,K=34,R=7,Y=21,S=7,X=219 || L2:[sp=C,1] S=7,X=1,C=2,R=7,Y=6,K=1",-2060375.0,-696.341,1,X|C,1
K,434,C,1,K,53,X,219,S,7,Y,221,R,7,Y,119,X,1,C,1,S,7,Y,1,R,7,K,3,"L1:[sp=K,434] C=1,K=53,X=219,S=7,Y=221,R=7 || L2:[sp=Y,119] X=1,C=1,S=7,Y=1,R=7,K=3",-7795.0,-727.5010000000001,1,K|Y,1
K,332,R,7,K,58,C,1,S,7,Y,21,X,219,K,33,S,7,X,1,C,1,R,7,Y,6,K,1,"L1:[sp=K,332] R=7,K=58,C=1,S=7,Y=21,X=219 || L2:[sp=K,33] S=7,X=1,C=1,R=7,Y=6,K=1",-64420.0,-560.903,1,K|K,1
C,434,C,2,K,31,X,219,S,7,Y,221,R,7,Y,119,X,1,R,7,K,21,Y,1,C,2,S,7,"L1:[sp=C,434] C=2,K=31,X=219,S=7,Y=221,R=7 || L2:[sp=Y,119] X=1,R=7,K=21,Y=1,C=2,S=7",-7060.0,-744.1039999999999,1,C|Y,1
C,434,C,3,K,29,X,219,S,7,Y,221,R,7,K,1,X,1,C,3,K,1,Y,1,R,7,S,7,"L1:[sp=C,434] C=3,K=29,X=219,S=7,Y=221,R=7 || L2:[sp=K,1] X=1,C=3,K=1,Y=1,R=7,S=7",-9412.0,-740.329,1,C|K,1
C,434,C,3,K,7,X,219,S,7,R,7,Y,221,Y,119,X,1,R,7,K,4,Y,1,S,7,C,1,"L1:[sp=C,434] C=3,K=7,X=219,S=7,R=7,Y=221 || L2:[sp=Y,119] X=1,R=7,K=4,Y=1,S=7,C=1",-9713.0,-729.633,1,C|Y,1
K,434,C,1,K,53,X,219,S,7,Y,13,R,7,Y,119,X,1,C,1,K,1,Y,1,R,7,S,7,"L1:[sp=K,434] C=1,K=53,X=219,S=7,Y=13,R=7 || L2:[sp=Y,119] X=1,C=1,K=1,Y=1,R=7,S=7",-132499.0,-560.261,1,K|Y,1
C,434,C,1,K,7,X,219,S,7,R,7,Y,221,C,1,X,1,R,7,K,4,C,1,S,7,Y,1,"L1:[sp=C,434] C=1,K=7,X=219,S=7,R=7,Y=221 || L2:[sp=C,1] X=1,R=7,K=4,C=1,S=7,Y=1",-3245.0,-729.633,1,C|C,1
C,434,C,1,K,53,X,219,S,7,Y,221,R,7,Y,119,X,1,C,1,K,1,Y,1,R,7,S,7,"L1:[sp=C,434] C=1,K=53,X=219,S=7,Y=221,R=7 || L2:[sp=Y,119] X=1,C=1,K=1,Y=1,R=7,S=7",-3139.0,-752.284,1,C|Y,1
C,434,C,2,K,31,X,219,S,7,Y,204,R,7,Y,119,X,1,R,7,K,21,Y,1,C,2,S,7,"L1:[sp=C,434] C=2,K=31,X=219,S=7,Y=204,R=7 || L2:[sp=Y,119] X=1,R=7,K=21,Y=1,C=2,S=7",-21175.0,-736.1469999999999,1,C|Y,1
C,434,S,7,K,25,C,1,X,219,R,7,Y,221,Y,119,X,199,R,7,K,4,Y,1,S,7,C,1,"L1:[sp=C,434] S=7,K=25,C=1,X=219,R=7,Y=221 || L2:[sp=Y,119] X=199,R=7,K=4,Y=1,S=7,C=1",-58657.0,-722.2919999999999,1,C|Y,1
C,434,C,2,K,31,X,219,S,7,Y,53,R,7,Y,119,X,107,R,7,K,21,Y,1,C,2,S,7,"L1:[sp=C,434] C=2,K=31,X=219,S=7,Y=53,R=7 || L2:[sp=Y,119] X=107,R=7,K=21,Y=1,C=2,S=7",-141136.0,-727.993,1,C|Y,1
K,434,C,1,K,53,X,219,S,7,Y,221,R,7,Y,119,X,1,C,1,K,1,Y,1,R,7,S,7,"L1:[sp=K,434] C=1,K=53,X=219,S=7,Y=221,R=7 || L2:[sp=Y,119] X=1,C=1,K=1,Y=1,R=7,S=7",-7795.0,-727.5010000000001,1,K|Y,1
Y,332,K,34,C,3,R,7,X,219,S,7,Y,221,K,33,S,7,X,1,C,1,K,1,Y,1,R,7,"L1:[sp=Y,332] K=34,C=3,R=7,X=219,S=7,Y=221 || L2:[sp=K,33] S=7,X=1,C=1,K=1,Y=1,R=7",-444.0,-728.3739999999999,1,Y|K,1
Y,434,C,1,K,53,X,219,S,7,Y,21,R,7,Y,119,X,1,C,1,K,1,Y,6,R,7,S,7,"L1:[sp=Y,434] C=1,K=53,X=219,S=7,Y=21,R=7 || L2:[sp=Y,119] X=1,C=1,K=1,Y=6,R=7,S=7",-inf,-inf,0,Y|Y,1
C,434,C,3,R,7,X,219,K,29,Y,221,S,7,K,1,X,1,C,3,K,1,Y,1,R,7,S,7,"L1:[sp=C,434] C=3,R=7,X=219,K=29,Y=221,S=7 || L2:[sp=K,1] X=1,C=3,K=1,Y=1,R=7,S=7",-9412.0,-740.329,1,C|K,1
C,434,C,2,K,53,X,219,S,7,Y,221,R,7,Y,119,X,1,C,1,K,1,Y,1,R,7,S,7,"L1:[sp=C,434] C=2,K=53,X=219,S=7,Y=221,R=7 || L2:[sp=Y,119] X=1,C=1,K=1,Y=1,R=7,S=7",-6275.0,-752.284,1,C|Y,1
Y,434,C,1,K,25,S,7,X,219,R,7,Y,221,Y,119,X,70,R,7,K,4,Y,1,S,7,C,1,"L1:[sp=Y,434] C=1,K=25,S=7,X=219,R=7,Y=221 || L2:[sp=Y,119] X=70,R=7,K=4,Y=1,S=7,C=1",-74098.0,-734.422,1,Y|Y,1
C,434,C,3,K,62,X,219,R,7,Y,221,S,7,K,1,X,1,C,3,K,1,Y,1,R,7,S,7,"L1:[sp=C,434] C=3,K=62,X=219,R=7,Y=221,S=7 || L2:[sp=K,1] X=1,C=3,K=1,Y=1,R=7,S=7",-9411.0,-763.61,1,C|K,1
C,434,C,2,K,31,X,219,Y,221,S,7,R,7,Y,119,X,1,R,7,K,21,Y,1,C,2,S,7,"L1:[sp=C,434] C=2,K=31,X=219,Y=221,S=7,R=7 || L2:[sp=Y,119] X=1,R=7,K=21,Y=1,C=2,S=7",-7060.0,-744.1039999999999,1,C|Y,1
C,434,C,3,K,39,X,219,R,7,Y,221,S,7,K,1,X,1,C,3,K,23,Y,1,R,7,S,7,"L1:[sp=C,434] C=3,K=39,X=219,R=7,Y=221,S=7 || L2:[sp=K,1] X=1,C=3,K=23,Y=1,R=7,S=7",-11469.0,-734.666,1,C|K,1
C,434,C,1,K,29,X,219,S,7,Y,221,R,7,K,1,X,1,C,1,K,1,Y,1,R,7,S,7,"L1:[sp=C,434] C=1,K=29,X=219,S=7,Y=221,R=7 || L2:[sp=K,1] X=1,C=1,K=1,Y=1,R=7,S=7",-3140.0,-740.329,1,C|K,1
Y,332,K,34,C,3,R,7,S,7,X,219,Y,46,K,33,S,7,X,1,C,1,K,1,Y,6,R,7,"L1:[sp=Y,332] K=34,C=3,R=7,S=7,X=219,Y=46 || L2:[sp=K,33] S=7,X=1,C=1,K=1,Y=6,R=7",-20289.0,-683.564,1,Y|K,1
K,434,C,1,K,53,X,219,S,7,Y,221,R,7,Y,119,X,1,K,3,S,7,Y,97,R,7,C,1,"L1:[sp=K,434] C=1,K=53,X=219,S=7,Y=221,R=7 || L2:[sp=Y,119] X=1,K=3,S=7,Y=97,R=7,C=1",-755731.0,-727.5010000000001,1,K|Y,1
C,434,C,1,K,53,X,219,S,7,Y,221,R,7,Y,119,X,1,C,1,K,1,Y,74,R,7,S,7,"L1:[sp=C,434] C=1,K=53,X=219,S=7,Y=221,R=7 || L2:[sp=Y,119] X=1,C=1,K=1,Y=74,R=7,S=7",-232067.0,-752.284,1,C|Y,1
C,434,C,3,K,39,X,219,R,7,Y,221,S,7,K,1,X,1,C,3,K,23,Y,1,R,7,S,7,"L1:[sp=C,434] C=3,K=39,X=219,R=7,Y=221,S=7 || L2:[sp=K,1] X=1,C=3,K=23,Y=1,R=7,S=7",-11469.0,-734.666,1,C|K,1
C,434,C,3,K,29,X,219,S,7,Y,221,R,7,K,1,X,1,C,3,K,1,Y,1,R,7,S,7,"L1:[sp=C,434] C=3,K=29,X=219,S=7,Y=221,R=7 || L2:[sp=K,1] X=1,C=3,K=1,Y=1,R=7,S=7",-9412.0,-740.329,1,C|K,1
Y,332,K,53,C,3,R,7,X,219,S,7,Y,21,K,33,S,7,X,1,C,1,K,1,Y,6,R,7,"L1:[sp=Y,332] K=53,C=3,R=7,X=219,S=7,Y=21 || L2:[sp=K,33] S=7,X=1,C=1,K=1,Y=6,R=7",-9264.0,-709.785,1,Y|K,1
Y,332,K,34,C,3,R,7,X,219,S,7,Y,221,K,33,S,7,X,1,C,1,K,1,Y,1,R,7,"L1:[sp=Y,332] K=34,C=3,R=7,X=219,S=7,Y=221 || L2:[sp=K,33] S=7,X=1,C=1,K=1,Y=1,R=7",-444.0,-728.3739999999999,1,Y|K,1
C,434,C,3,K,62,X,219,R,7,Y,221,S,7,K,1,X,1,C,3,K,1,Y,1,R,7,S,7,"L1:[sp=C,434] C=3,K=62,X=219,R=7,Y=221,S=7 || L2:[sp=K,1] X=1,C=3,K=1,Y=1,R=7,S=7",-9411.0,-763.61,1,C|K,1
K,434,C,1,K,53,X,219,S,7,Y,221,R,7,Y,119,X,1,C,1,K,1,Y,108,R,7,S,7,"L1:[sp=K,434] C=1,K=53,X=219,S=7,Y=221,R=7 || L2:[sp=Y,119] X=1,C=1,K=1,Y=108,R=7,S=7",-841432.0,-727.5010000000001,1,K|Y,1
C,434,C,1,K,53,X,219,S,7,Y,221,R,7,Y,119,X,1,C,1,K,53,Y,1,R,7,S,7,"L1:[sp=C,434] C=1,K=53,X=219,S=7,Y=221,R=7 || L2:[sp=Y,119] X=1,C=1,K=53,Y=1,R=7,S=7",-5197.0,-752.284,1,C|Y,1
C,434,C,1,S,7,X,219,K,29,Y,221,R,7,K,1,X,214,C,1,K,1,Y,1,R,7,S,7,"L1:[sp=C,434] C=1,S=7,X=219,K=29,Y=221,R=7 || L2:[sp=K,1] X=214,C=1,K=1,Y=1,R=7,S=7",-12548.0,-740.329,1,C|K,1
C,434,C,2,K,31,X,219,Y,221,S,7,R,7,Y,119,X,1,R,7,K,22,Y,1,C,2,S,7,"L1:[sp=C,434] C=2,K=31,X=219,Y=221,S=7,R=7 || L2:[sp=Y,119] X=1,R=7,K=22,Y=1,C=2,S=7",-6962.0,-744.1039999999999,1,C|Y,1
K,434,C,2,K,53,X,219,S,7,Y,221,R,7,Y,119,X,211,C,1,K,1,Y,1,R,7,S,7,"L1:[sp=K,434] C=2,K=53,X=219,S=7,Y=221,R=7 || L2:[sp=Y,119] X=211,C=1,K=1,Y=1,R=7,S=7",-54540.0,-740.1669999999999,1,K|Y,1
C,434,C,2,K,38,X,219,Y,221,S,7,R,7,Y,119,X,1,R,7,K,21,Y,1,C,1,S,7,"L1:[sp=C,434] C=2,K=38,X=219,Y=221,S=7,R=7 || L2:[sp=Y,119] X=1,R=7,K=21,Y=1,C=1,S=7",-7451.0,-733.408,1,C|Y,1
C,434,C,1,K,29,X,219,S,7,Y,221,R,7,K,1,X,1,C,1,K,1,Y,1,R,7,S,7,"L1:[sp=C,434] C=1,K=29,X=219,S=7,Y=221,R=7 || L2:[sp=K,1] X=1,C=1,K=1,Y=1,R=7,S=7",-3140.0,-740.329,1,C|K,1
C,434,C,2,K,53,X,219,S,7,Y,221,R,7,Y,119,X,1,C,1,K,1,Y,1,R,7,S,7,"L1:[sp=C,434] C=2,K=53,X=219,S=7,Y=221,R=7 || L2:[sp=Y,119] X=1,C=1,K=1,Y=1,R=7,S=7",-6275.0,-752.284,1,C|Y,1
Y,332,K,53,R,7,C,3,X,204,S,7,Y,21,K,33,S,7,X,1,C,3,K,5,Y,6,R,7,"L1:[sp=Y,332] K=53,R=7,C=3,X=204,S=7,Y=21 || L2:[sp=K,33] S=7,X=1,C=3,K=5,Y=6,R=7",-6729665.0,-15709.3,1,Y|K,1
Y,434,C,1,K,53,X,219,S,7,Y,221,R,7,Y,119,X,1,C,1,K,1,Y,1,R,7,S,7,"L1:[sp=Y,434] C=1,K=53,X=219,S=7,Y=221,R=7 || L2:[sp=Y,119] X=1,C=1,K=1,Y=1,R=7,S=7",-9415.0,-753.928,1,Y|Y,1
Y,332,K,53,C,3,R,7,X,219,S,7,Y,21,K,33,S,7,X,1,C,1,K,1,Y,6,R,7,"L1:[sp=Y,332] K=53,C=3,R=7,X=219,S=7,Y=21 || L2:[sp=K,33] S=7,X=1,C=1,K=1,Y=6,R=7",-9264.0,-709.785,1,Y|K,1
C,332,K,53,Y,221,R,7,X,146,S,7,C,3,K,33,S,7,X,1,C,1,K,1,Y,1,R,7,"L1:[sp=C,332] K=53,Y=221,R=7,X=146,S=7,C=3 || L2:[sp=K,33] S=7,X=1,C=1,K=1,Y=1,R=7",-inf,-inf,0,C|K,1
C,434,C,2,K,53,X,209,S,7,Y,21,R,7,Y,119,X,1,C,1,K,1,Y,6,R,7,S,7,"L1:[sp=C,434] C=2,K=53,X=209,S=7,Y=21,R=7 || L2:[sp=Y,119] X=1,C=1,K=1,Y=6,R=7,S=7",-90241581.0,-16312.6,1,C|Y,1
C,434,C,3,R,7,X,219,Y,221,S,7,K,31,Y,119,X,1,R,7,K,21,Y,1,C,1,S,7,"L1:[sp=C,434] C=3,R=7,X=219,Y=221,S=7,K=31 || L2:[sp=Y,119] X=1,R=7,K=21,Y=1,C=1,S=7",-10588.0,-744.1039999999999,1,C|Y,1
Y,332,K,53,C,2,R,7,X,219,S,7,Y,21,K,33,S,7,X,8,C,2,K,6,Y,6,R,7,"L1:[sp=Y,332] K=53,C=2,R=7,X=219,S=7,Y=21 || L2:[sp=K,33] S=7,X=8,C=2,K=6,Y=6,R=7",-inf,-inf,0,Y|K,1
C,434,C,2,K,53,X,219,S,7,Y,198,R,7,Y,119,X,1,C,1,K,1,Y,1,R,7,S,7,"L1:[sp=C,434] C=2,K=53,X=219,S=7,Y=198,R=7 || L2:[sp=Y,119] X=1,C=1,K=1,Y=1,R=7,S=7",-18821.0,-730.074,1,C|Y,1
C,434,C,1,K,29,X,219,S,7,Y,221,R,7,Y,13,X,1,C,1,K,1,Y,1,R,7,S,7,"L1:[sp=C,434] C=1,K=29,X=219,S=7,Y=221,R=7 || L2:[sp=Y,13] X=1,C=1,K=1,Y=1,R=7,S=7",-3140.0,-740.329,1,C|Y,1
Y,332,K,34,C,3,R,7,X,219,S,7,Y,50,K,33,S,7,X,1,C,1,K,1,Y,1,R,7,"L1:[sp=Y,332] K=34,C=3,R=7,X=219,S=7,Y=50 || L2:[sp=K,33] S=7,X=1,C=1,K=1,Y=1,R=7",-22053.0,-683.564,1,Y|K,1
Y,332,K,34,C,3,R,7,X,219,S,7,Y,221,K,33,S,7,X,1,C,1,K,1,Y,1,R,7,"L1:[sp=Y,332] K=34,C=3,R=7,X=219,S=7,Y=221 || L2:[sp=K,33] S=7,X=1,C=1,K=1,Y=1,R=7",-444.0,-728.3739999999999,1,Y|K,1
C,434,C,2,K,53,Y,221,S,7,X,219,R,7,X,3,X,1,C,1,K,1,Y,1,R,7,S,7,"L1:[sp=C,434] C=2,K=53,Y=221,S=7,X=219,R=7 || L2:[sp=X,3] X=1,C=1,K=1,Y=1,R=7,S=7",-6275.0,-752.284,1,C|X,1
C,434,C,2,K,38,X,219,Y,221,S,7,R,7,Y,119,X,1,R,7,K,21,Y,133,C,1,S,7,"L1:[sp=C,434] C=2,K=38,X=219,Y=221,S=7,R=7 || L2:[sp=Y,119] X=1,R=7,K=21,Y=133,C=1,S=7",-990587.0,-733.408,1,C|Y,1
C,434,C,1,K,29,X,219,S,7,Y,129,R,7,Y,13,X,1,C,1,K,9,Y,1,R,7,S,7,"L1:[sp=C,434] C=1,K=29,X=219,S=7,Y=129,R=7 || L2:[sp=Y,13] X=1,C=1,K=9,Y=1,R=7,S=7",-49987.0,-713.1110000000001,1,C|Y,1
C,434,C,2,K,38,X,219,Y,221,S,7,R,7,Y,119,X,1,R,7,K,21,Y,1,C,1,S,7,"L1:[sp=C,434] C=2,K=38,X=219,Y=221,S=7,R=7 || L2:[sp=Y,119] X=1,R=7,K=21,Y=1,C=1,S=7",-7451.0,-733.408,1,C|Y,1
C,434,C,1,Y,69,X,219,S,7,K,29,R,7,K,1,X,1,C,1,K,1,Y,1,R,7,S,7,"L1:[sp=C,434] C=1,Y=69,X=219,S=7,K=29,R=7 || L2:[sp=K,1] X=1,C=1,K=1,Y=1,R=7,S=7",-683661.0,-807.183,1,C|K,1
C,434,S,7,K,29,X,219,C,1,Y,221,R,7,Y,13,R,7,C,1,K,1,Y,1,X,1,S,7,"L1:[sp=C,434] S=7,K=29,X=219,C=1,Y=221,R=7 || L2:[sp=Y,13] R=7,C=1,K=1,Y=1,X=1,S=7",-3140.0,-728.165,1,C|Y,1
C,434,C,2,K,38,X,219,Y,221,S,7,R,7,Y,119,X,1,K,21,R,7,Y,1,C,1,S,7,"L1:[sp=C,434] C=2,K=38,X=219,Y=221,S=7,R=7 || L2:[sp=Y,119] X=1,K=21,R=7,Y=1,C=1,S=7",-7451.0,-733.408,1,C|Y,1
C,434,C,1,K,53,X,216,S,7,Y,221,R,7,Y,119,X,1,C,1,K,53,Y,1,R,7,S,7,"L1:[sp=C,434] C=1,K=53,X=216,S=7,Y=221,R=7 || L2:[sp=Y,119] X=1,C=1,K=53,Y=1,R=7,S=7",-inf,-inf,0,C|Y,1
C,434,C,2,K,53,X,219,S,7,Y,221,R,7,Y,119,X,1,C,2,K,32,Y,1,R,7,S,7,"L1:[sp=C,434] C=2,K=53,X=219,S=7,Y=221,R=7 || L2:[sp=Y,119] X=1,C=2,K=32,Y=1,R=7,S=7",-7255.0,-752.284,1,C|Y,1
K,332,Y,221,C,3,R,7,X,219,S,7,K,34,K,33,S,7,X,1,C,1,K,1,Y,1,R,7,"L1:[sp=K,332] Y=221,C=3,R=7,X=219,S=7,K=34 || L2:[sp=K,33] S=7,X=1,C=1,K=1,Y=1,R=7",-296.0,-725.8580000000001,1,K|K,1
Y,332,K,53,C,3,R,7,X,219,S,7,Y,221,K,33,S,7,X,1,C,1,K,1,Y,1,R,7,"L1:[sp=Y,332] K=53,C=3,R=7,X=219,S=7,Y=221 || L2:[sp=K,33] S=7,X=1,C=1,K=1,Y=1,R=7",-444.0,-752.284,1,Y|K,1
C,434,C,2,K,31,X,219,Y,21,S,7,R,7,Y,119,X,1,R,7,K,22,Y,6,C,2,S,7,"L1:[sp=C,434] C=2,K=31,X=219,Y=21,S=7,R=7 || L2:[sp=Y,119] X=1,R=7,K=22,Y=6,C=2,S=7",-459262.0,-725.554,1,C|Y,1
C,434,C,2,K,31,X,219,Y,221,S,7,R,7,Y,119,X,1,R,7,K,22,Y,1,C,2,S,7,"L1:[sp=C,434] C=2,K=31,X=219,Y=221,S=7,R=7 || L2:[sp=Y,119] X=1,R=7,K=22,Y=1,C=2,S=7",-6962.0,-744.1039999999999,1,C|Y,1
Y,332,K,56,C,3,R,7,X,219,S,7,Y,21,K,33,S,7,X,1,C,1,K,1,Y,1,R,7,"L1:[sp=Y,332] K=56,C=3,R=7,X=219,S=7,Y=21 || L2:[sp=K,33] S=7,X=1,C=1,K=1,Y=1,R=7",-9264.0,-713.56,1,Y|K,1
Y,332,R,7,C,3,K,53,X,219,S,7,Y,21,K,33,S,7,X,1,C,1,K,1,Y,6,R,7,"L1:[sp=Y,332] R=7,C=3,K=53,X=219,S=7,Y=21 || L2:[sp=K,33] S=7,X=1,C=1,K=1,Y=6,R=7",-9264.0,-709.785,1,Y|K,1
X,434,C,1,K,29,X,219,S,7,Y,221,R,7,K,1,Y,1,C,1,K,1,X,1,R,7,S,7,"L1:[sp=X,434] C=1,K=29,X=219,S=7,Y=221,R=7 || L2:[sp=K,1] Y=1,C=1,K=1,X=1,R=7,S=7",-9418.0,-741.9730000000001,1,X|K,1
C,434,C,1,K,29,X,189,S,7,Y,221,R,7,K,29,C,1,X,1,K,1,Y,1,R,7,S,7,"L1:[sp=C,434] C=1,K=29,X=189,S=7,Y=221,R=7 || L2:[sp=K,29] C=1,X=1,K=1,Y=1,R=7,S=7",-inf,-inf,0,C|K,1
C,434,C,2,K,38,X,219,Y,221,S,7,R,7,C,1,R,7,X,1,K,21,Y,1,C,1,S,7,"L1:[sp=C,434] C=2,K=38,X=219,Y=221,S=7,R=7 || L2:[sp=C,1] R=7,X=1,K=21,Y=1,C=1,S=7",-7451.0,-733.408,1,C|C,1
C,434,C,2,K,13,X,219,S,7,Y,221,R,7,C,2,X,1,C,1,K,1,Y,1,R,7,S,7,"L1:[sp=C,434] C=2,K=13,X=219,S=7,Y=221,R=7 || L2:[sp=C,2] X=1,C=1,K=1,Y=1,R=7,S=7",-3142.0,-726.487,1,C|C,1
C,434,C,3,K,29,X,219,S,7,Y,221,R,7,Y,13,X,1,C,1,K,1,Y,34,R,7,S,7,"L1:[sp=C,434] C=3,K=29,X=219,S=7,Y=221,R=7 || L2:[sp=Y,13] X=1,C=1,K=1,Y=34,R=7,S=7",-319876.0,-740.329,1,C|Y,1
K,332,Y,221,C,3,R,7,X,219,S,7,K,34,K,33,S,7,X,1,C,1,K,1,Y,1,R,7,"L1:[sp=K,332] Y=221,C=3,R=7,X=219,S=7,K=34 || L2:[sp=K,33] S=7,X=1,C=1,K=1,Y=1,R=7",-296.0,-725.8580000000001,1,K|K,1
C,434,C,2,K,31,X,219,Y,221,S,7,R,7,Y,119,C,2,R,7,K,22,Y,1,X,1,S,7,"L1:[sp=C,434] C=2,K=31,X=219,Y=221,S=7,R=7 || L2:[sp=Y,119] C=2,R=7,K=22,Y=1,X=1,S=7",-6962.0,-744.1039999999999,1,C|Y,1
Y,332,K,53,R,7,C,3,X,219,S,7,Y,221,K,33,S,7,X,1,C,1,K,1,Y,1,R,7,"L1:[sp=Y,332] K=53,R=7,C=3,X=219,S=7,Y=221 || L2:[sp=K,33] S=7,X=1,C=1,K=1,Y=1,R=7",-444.0,-752.284,1,Y|K,1
Y,332,K,53,C,3,R,7,X,219,S,7,Y,221,K,33,S,7,X,1,C,1,K,1,Y,1,R,7,"L1:[sp=Y,332] K=53,C=3,R=7,X=219,S=7,Y=221 || L2:[sp=K,33] S=7,X=1,C=1,K=1,Y=1,R=7",-444.0,-752.284,1,Y|K,1
X,434,C,2,K,53,X,219,S,7,Y,221,R,7,Y,119,X,1,C,2,K,32,Y,1,R,7,S,7,"L1:[sp=X,434] C=2,K=53,X=219,S=7,Y=221,R=7 || L2:[sp=Y,119] X=1,C=2,K=32,Y=1,R=7,S=7",-14509.0,-775.4019999999999,1,X|Y,1
C,434,S,7,K,29,X,219,C,1,Y,221,R,7,Y,13,R,7,C,1,K,1,Y,1,X,1,S,7,"L1:[sp=C,434] S=7,K=29,X=219,C=1,Y=221,R=7 || L2:[sp=Y,13] R=7,C=1,K=1,Y=1,X=1,S=7",-3140.0,-728.165,1,C|Y,1
C,434,C,3,K,13,X,112,S,7,Y,221,R,7,C,2,X,1,C,1,K,1,Y,1,R,7,S,7,"L1:[sp=C,434] C=3,K=13,X=112,S=7,Y=221,R=7 || L2:[sp=C,2] X=1,C=1,K=1,Y=1,R=7,S=7",-inf,-inf,0,C|C,1
K,332,Y,221,C,3,R,7,X,219,S,7,K,34,K,33,S,7,X,1,C,1,K,1,Y,1,R,7,"L1:[sp=K,332] Y=221,C=3,R=7,X=219,S=7,K=34 || L2:[sp=K,33] S=7,X=1,C=1,K=1,Y=1,R=7",-296.0,-725.8580000000001,1,K|K,1
C,434,C,2,K,31,X,219,Y,221,S,7,R,7,Y,119,X,1,R,7,K,22,Y,1,C,2,S,7,"L1:[sp=C,434] C=2,K=31,X=219,Y=221,S=7,R=7 || L2:[sp=Y,119] X=1,R=7,K=22,Y=1,C=2,S=7",-6962.0,-744.1039999999999,1,C|Y,1
Y,332,Y,221,C,3,R,7,S,7,X,219,K,34,K,33,S,7,X,1,C,1,K,1,Y,1,R,7,"L1:[sp=Y,332] Y=221,C=3,R=7,S=7,X=219,K=34 || L2:[sp=K,33] S=7,X=1,C=1,K=1,Y=1,R=7",-444.0,-728.3739999999999,1,Y|K,1
C,434,C,2,K,13,X,219,S,7,Y,221,R,7,C,2,C,1,X,1,K,1,Y,1,R,7,S,7,"L1:[sp=C,434] C=2,K=13,X=219,S=7,Y=221,R=7 || L2:[sp=C,2] C=1,X=1,K=1,Y=1,R=7,S=7",-3142.0,-726.487,1,C|C,1
C,434,C,2,K,61,X,219,S,7,Y,38,R,7,C,2,X,1,R,7,K,1,Y,1,C,1,S,7,"L1:[sp=C,434] C=2,K=61,X=219,S=7,Y=38,R=7 || L2:[sp=C,2] X=1,R=7,K=1,Y=1,C=1,S=7",-683661.0,-728.841,1,C|C,1
C,434,C,2,K,53,X,219,S,7,Y,221,R,7,Y,119,X,1,C,2,K,36,Y,1,R,7,S,7,"L1:[sp=C,434] C=2,K=53,X=219,S=7,Y=221,R=7 || L2:[sp=Y,119] X=1,C=2,K=36,Y=1,R=7,S=7",-6863.0,-752.284,1,C|Y,1
C,434,S,7,K,29,X,219,C,1,Y,41,R,7,Y,13,R,7,C,1,K,27,Y,1,X,1,S,7,"L1:[sp=C,434] S=7,K=29,X=219,C=1,Y=41,R=7 || L2:[sp=Y,13] R=7,C=1,K=27,Y=1,X=1,S=7",-61759.0,-709.935,1,C|Y,1
Y,434,C,2,K,13,X,219,S,7,Y,221,R,7,Y,221,X,150,R,7,K,1,Y,1,C,1,S,7,"L1:[sp=Y,434] C=2,K=13,X=219,S=7,Y=221,R=7 || L2:[sp=Y,221] X=150,R=7,K=1,Y=1,C=1,S=7",-639755.0,-741.0060000000001,1,Y|Y,1
C,434,C,2,K,53,Y,221,S,7,X,219,R,7,X,3,X,1,C,1,K,1,Y,1,R,7,S,7,"L1:[sp=C,434] C=2,K=53,Y=221,S=7,X=219,R=7 || L2:[sp=X,3] X=1,C=1,K=1,Y=1,R=7,S=7",-6275.0,-752.284,1,C|X,1
C,434,C,1,K,29,X,219,S,7,Y,221,R,7,Y,13,R,7,C,1,K,1,Y,1,X,1,S,7,"L1:[sp=C,434] C=1,K=29,X=219,S=7,Y=221,R=7 || L2:[sp=Y,13] R=7,C=1,K=1,Y=1,X=1,S=7",-3140.0,-740.329,1,C|Y,1
C,434,C,2,R,7,Y,221,S,7,X,219,K,53,X,3,X,1,K,1,C,1,Y,1,R,7,S,7,"L1:[sp=C,434] C=2,R=7,Y=221,S=7,X=219,K=53 || L2:[sp=X,3] X=1,K=1,C=1,Y=1,R=7,S=7",-6275.0,-752.284,1,C|X,1
Y,332,K,34,C,3,R,7,X,219,S,7,Y,221,K,33,S,7,X,1,C,1,K,1,Y,1,R,7,"L1:[sp=Y,332] K=34,C=3,R=7,X=219,S=7,Y=221 || L2:[sp=K,33] S=7,X=1,C=1,K=1,Y=1,R=7",-444.0,-728.3739999999999,1,Y|K,1
K,332,Y,221,C,3,R,7,X,219,S,7,K,34,Y,13,S,7,X,1,C,1,K,1,Y,1,R,7,"L1:[sp=K,332] Y=221,C=3,R=7,X=219,S=7,K=34 || L2:[sp=Y,13] S=7,X=1,C=1,K=1,Y=1,R=7",-5000.0,-725.8580000000001,1,K|Y,1
C,434,C,2,K,53,Y,221,S,7,X,219,R,7,X,3,X,1,C,1,K,37,Y,1,R,7,S,7,"L1:[sp=C,434] C=2,K=53,Y=221,S=7,X=219,R=7 || L2:[sp=X,3] X=1,C=1,K=37,Y=1,R=7,S=7",-6765.0,-752.284,1,C|X,1
K,332,Y,221,C,3,R,7,X,219,S,7,K,34,K,33,S,7,X,1,C,1,K,1,Y,1,R,7,"L1:[sp=K,332] Y=221,C=3,R=7,X=219,S=7,K=34 || L2:[sp=K,33] S=7,X=1,C=1,K=1,Y=1,R=7",-296.0,-725.8580000000001,1,K|K,1
K,332,Y,221,C,3,R,7,X,219,S,7,K,29,K,33,S,7,X,1,C,1,K,1,Y,1,R,7,"L1:[sp=K,332] Y=221,C=3,R=7,X=219,S=7,K=29 || L2:[sp=K,33] S=7,X=1,C=1,K=1,Y=1,R=7",-149.0,-725.8580000000001,1,K|K,1
C,434,C,1,K,34,X,219,S,7,Y,221,R,7,Y,13,R,7,C,1,K,1,Y,1,X,1,S,7,"L1:[sp=C,434] C=1,K=34,X=219,S=7,Y=221,R=7 || L2:[sp=Y,13] R=7,C=1,K=1,Y=1,X=1,S=7",-3139.0,-728.3739999999999,1,C|Y,1
Y,332,K,34,C,3,R,7,X,219,S,7,Y,221,Y,221,S,7,X,1,C,1,K,1,Y,1,R,7,"L1:[sp=Y,332] K=34,C=3,R=7,X=219,S=7,Y=221 || L2:[sp=Y,221] S=7,X=1,C=1,K=1,Y=1,R=7",-9411.0,-728.3739999999999,1,Y|Y,1
C,434,C,2,K,13,X,219,S,7,Y,221,R,7,C,2,C,1,S,7,K,1,Y,1,R,7,X,1,"L1:[sp=C,434] C=2,K=13,X=219,S=7,Y=221,R=7 || L2:[sp=C,2] C=1,S=7,K=1,Y=1,R=7,X=1",-3142.0,-726.487,1,C|C,1
Y,332,K,29,C,3,R,7,X,158,S,7,Y,139,K,33,S,7,X,1,C,1,K,1,Y,1,R,7,"L1:[sp=Y,332] K=29,C=3,R=7,X=158,S=7,Y=139 || L2:[sp=K,33] S=7,X=1,C=1,K=1,Y=1,R=7",-13363189.0,-15605.8,1,Y|K,1
C,434,X,219,K,34,C,1,S,7,Y,221,R,7,Y,13,R,7,C,1,K,1,Y,1,X,1,S,7,"L1:[sp=C,434] X=219,K=34,C=1,S=7,Y=221,R=7 || L2:[sp=Y,13] R=7,C=1,K=1,Y=1,X=1,S=7",-3139.0,-721.243,1,C|Y,1
Y,332,C,3,K,34,R,7,X,219,S,7,Y,221,C,1,S,7,X,1,C,1,K,1,Y,1,R,7,"L1:[sp=Y,332] C=3,K=34,R=7,X=219,S=7,Y=221 || L2:[sp=C,1] S=7,X=1,C=1,K=1,Y=1,R=7",-9411.0,-728.3739999999999,1,Y|C,1
Y,332,K,53,C,3,R,7,X,45,S,7,Y,221,K,33,S,7,X,1,R,7,K,1,Y,1,C,1,"L1:[sp=Y,332] K=53,C=3,R=7,X=45,S=7,Y=221 || L2:[sp=K,33] S=7,X=1,R=7,K=1,Y=1,C=1",-96149.0,-587.946,1,Y|K,1
K,332,Y,221,C,3,R,7,X,219,S,7,K,34,K,33,S,7,Y,1,K,1,C,3,X,1,R,7,"L1:[sp=K,332] Y=221,C=3,R=7,X=219,S=7,K=34 || L2:[sp=K,33] S=7,Y=1,K=1,C=3,X=1,R=7",-296.0,-725.8580000000001,1,K|K,1
C,434,C,2,K,27,X,219,S,7,Y,221,R,7,C,2,C,1,X,1,K,1,Y,1,R,7,S,7,"L1:[sp=C,434] C=2,K=27,X=219,S=7,Y=221,R=7 || L2:[sp=C,2] C=1,X=1,K=1,Y=1,R=7,S=7",-3140.0,-736.554,1,C|C,1
C,434,S,7,K,29,X,219,C,1,Y,221,R,7,K,29,R,7,C,1,K,1,Y,1,X,1,S,7,"L1:[sp=C,434] S=7,K=29,X=219,C=1,Y=221,R=7 || L2:[sp=K,29] R=7,C=1,K=1,Y=1,X=1,S=7",-151.0,-728.165,1,C|K,1
Y,332,Y,221,C,3,R,7,S,7,X,219,K,34,K,33,S,7,X,1,C,1,K,1,Y,1,R,7,"L1:[sp=Y,332] Y=221,C=3,R=7,S=7,X=219,K=34 || L2:[sp=K,33] S=7,X=1,C=1,K=1,Y=1,R=7",-444.0,-728.3739999999999,1,Y|K,1
Y,332,K,53,R,7,C,3,X,219,S,7,Y,221,K,33,S,7,X,1,C,1,K,1,Y,1,R,7,"L1:[sp=Y,332] K=53,R=7,C=3,X=219,S=7,Y=221 || L2:[sp=K,33] S=7,X=1,C=1,K=1,Y=1,R=7",-444.0,-752.284,1,Y|K,1
Y,332,K,54,C,3,R,7,X,219,S,7,Y,221,K,33,C,1,X,1,S,7,K,1,Y,1,R,7,"L1:[sp=Y,332] K=54,C=3,R=7,X=219,S=7,Y=221 || L2:[sp=K,33] C=1,X=1,S=7,K=1,Y=1,R=7",-444.0,-753.543,1,Y|K,1
Y,332,K,34,C,3,R,7,X,219,S,7,Y,221,K,33,S,7,X,1,K,1,C,1,Y,1,R,7,"L1:[sp=Y,332] K=34,C=3,R=7,X=219,S=7,Y=221 || L2:[sp=K,33] S=7,X=1,K=1,C=1,Y=1,R=7",-444.0,-728.3739999999999,1,Y|K,1
Y,332,K,53,R,7,C,3,X,219,S,7,Y,221,K,33,S,7,X,1,C,1,K,1,Y,1,R,7,"L1:[sp=Y,332] K=53,R=7,C=3,X=219,S=7,Y=221 || L2:[sp=K,33] S=7,X=1,C=1,K=1,Y=1,R=7",-444.0,-752.284,1,Y|K,1
C,434,C,2,K,13,X,219,S,7,Y,221,R,7,C,2,C,1,X,1,K,1,Y,71,R,7,S,7,"L1:[sp=C,434] C=2,K=13,X=219,S=7,Y=221,R=7 || L2:[sp=C,2] C=1,X=1,K=1,Y=71,R=7,S=7",-15686.0,-726.487,1,C|C,1
Y,332,K,34,C,3,R,7,X,219,S,7,Y,221,K,33,S,7,X,1,K,1,C,1,Y,1,R,7,"L1:[sp=Y,332] K=34,C=3,R=7,X=219,S=7,Y=221 || L2:[sp=K,33] S=7,X=1,K=1,C=1,Y=1,R=7",-444.0,-728.3739999999999,1,Y|K,1
C,434,C,3,K,13,X,219,S,7,Y,99,R,7,C,2,C,1,K,1,X,1,Y,1,R,7,S,7,"L1:[sp=C,434] C=3,K=13,X=219,S=7,Y=99,R=7 || L2:[sp=C,2] C=1,K=1,X=1,Y=1,R=7,S=7",-1367312.0,-736.058,1,C|C,1
Y,332,K,34,C,3,R,7,X,219,S,7,Y,221,K,33,S,7,X,1,C,1,K,1,Y,205,R,7,"L1:[sp=Y,332] K=34,C=3,R=7,X=219,S=7,Y=221 || L2:[sp=K,33] S=7,X=1,C=1,K=1,Y=205,R=7",-5736.0,-728.3739999999999,1,Y|K,1
K,332,Y,221,C,3,R,7,X,219,S,7,K,29,K,33,S,7,X,1,C,1,K,1,Y,1,R,7,"L1:[sp=K,332] Y=221,C=3,R=7,X=219,S=7,K=29 || L2:[sp=K,33] S=7,X=1,C=1,K=1,Y=1,R=7",-149.0,-725.8580000000001,1,K|K,1
Y,332,K,54,C,3,R,7,X,219,S,7,Y,214,K,33,C,3,X,1,S,7,K,1,Y,1,R,7,"L1:[sp=Y,332] K=54,C=3,R=7,X=219,S=7,Y=214 || L2:[sp=K,33] C=3,X=1,S=7,K=1,Y=1,R=7",-inf,-inf,0,Y|K,1
K,332,Y,221,C,3,R,7,X,219,S,7,K,29,K,33,S,7,X,1,C,2,K,1,Y,1,R,7,"L1:[sp=K,332] Y=221,C=3,R=7,X=219,S=7,K=29 || L2:[sp=K,33] S=7,X=1,C=2,K=1,Y=1,R=7",-149.0,-725.8580000000001,1,K|K,1
Y,332,K,54,C,3,R,7,X,219,S,7,Y,221,K,33,C,1,X,1,S,7,K,1,Y,1,R,7,"L1:[sp=Y,332] K=54,C=3,R=7,X=219,S=7,Y=221 || L2:[sp=K,33] C=1,X=1,S=7,K=1,Y=1,R=7",-444.0,-753.543,1,Y|K,1
K,332,Y,221,C,3,R,7,X,171,S,7,K,34,Y,221,S,7,Y,1,K,1,C,3,X,1,R,7,"L1:[sp=K,332] Y=221,C=3,R=7,X=171,S=7,K=34 || L2:[sp=Y,221] S=7,Y=1,K=1,C=3,X=1,R=7",-inf,-inf,0,K|Y,1
K,332,Y,221,C,3,R,7,X,219,S,7,K,34,K,33,S,7,X,140,C,1,K,1,Y,1,R,7,"L1:[sp=K,332] Y=221,C=3,R=7,X=219,S=7,K=34 || L2:[sp=K,33] S=7,X=140,C=1,K=1,Y=1,R=7",-22934.0,-725.8580000000001,1,K|K,1
C,434,S,7,K,29,X,219,C,3,Y,221,R,7,K,29,R,7,C,1,K,1,Y,1,X,1,S,7,"L1:[sp=C,434] S=7,K=29,X=219,C=3,Y=221,R=7 || L2:[sp=K,29] R=7,C=1,K=1,Y=1,X=1,S=7",-445.0,-740.329,1,C|K,1
Y,332,K,34,C,3,R,7,X,188,S,7,Y,221,K,33,S,7,X,1,K,1,C,1,Y,1,R,7,"L1:[sp=Y,332] K=34,C=3,R=7,X=188,S=7,Y=221 || L2:[sp=K,33] S=7,X=1,K=1,C=1,Y=1,R=7",-inf,-inf,0,Y|K,1
Y,332,Y,221,C,3,R,7,S,7,X,219,K,36,X,3,S,7,X,1,C,1,K,1,Y,1,R,7,"L1:[sp=Y,332] Y=221,C=3,R=7,S=7,X=219,K=36 || L2:[sp=X,3] S=7,X=1,C=1,K=1,Y=1,R=7",-9411.0,-730.8910000000001,1,Y|X,1
K,332,Y,221,C,1,R,7,X,219,S,7,K,34,K,33,K,1,Y,1,S,7,C,1,X,1,R,7,"L1:[sp=K,332] Y=221,C=1,R=7,X=219,S=7,K=34 || L2:[sp=K,33] K=1,Y=1,S=7,C=1,X=1,R=7",-298.0,-727.5010000000001,1,K|K,1
C,434,S,7,K,29,X,219,C,3,Y,138,R,7,K,29,R,7,C,3,K,1,Y,1,X,1,S,7,"L1:[sp=C,434] S=7,K=29,X=219,C=3,Y=138,R=7 || L2:[sp=K,29] R=7,C=3,K=1,Y=1,X=1,S=7",-96145.0,-715.422,1,C|K,1
K,332,Y,221,C,3,R,7,X,219,S,7,K,29,K,33,S,7,X,1,C,1,K,1,Y,1,R,7,"L1:[sp=K,332] Y=221,C=3,R=7,X=219,S=7,K=29 || L2:[sp=K,33] S=7,X=1,C=1,K=1,Y=1,R=7",-149.0,-725.8580000000001,1,K|K,1
K,332,Y,221,C,3,R,7,X,219,S,7,K,34,K,33,S,7,Y,1,K,1,C,3,X,1,R,7,"L1:[sp=K,332] Y=221,C=3,R=7,X=219,S=7,K=34 || L2:[sp=K,33] S=7,Y=1,K=1,C=3,X=1,R=7",-296.0,-725.8580000000001,1,K|K,1
K,332,Y,221,C,3,R,7,X,219,S,7,K,34,Y,17,S,7,Y,1,K,1,C,2,X,1,R,7,"L1:[sp=K,332] Y=221,C=3,R=7,X=219,S=7,K=34 || L2:[sp=Y,17] S=7,Y=1,K=1,C=2,X=1,R=7",-5000.0,-725.8580000000001,1,K|Y,1
Y,332,K,34,C,2,R,7,X,219,S,7,Y,221,K,33,S,7,X,1,K,1,C,1,Y,1,R,7,"L1:[sp=Y,332] K=34,C=2,R=7,X=219,S=7,Y=221 || L2:[sp=K,33] S=7,X=1,K=1,C=1,Y=1,R=7",-446.0,-743.6510000000001,1,Y|K,1
K,332,Y,9,C,3,R,7,X,219,S,7,K,57,K,33,S,7,Y,1,K,1,C,3,X,1,R,7,"L1:[sp=K,332] Y=9,C=3,R=7,X=219,S=7,K=57 || L2:[sp=K,33] S=7,Y=1,K=1,C=3,X=1,R=7",-64118.0,-679.956,1,K|K,1
Y,332,K,34,C,3,R,7,X,219,S,7,Y,221,K,33,S,7,X,1,K,1,C,1,Y,1,R,7,"L1:[sp=Y,332] K=34,C=3,R=7,X=219,S=7,Y=221 || L2:[sp=K,33] S=7,X=1,K=1,C=1,Y=1,R=7",-444.0,-728.3739999999999,1,Y|K,1
Y,332,Y,221,K,34,R,7,S,7,X,219,C,3,K,33,S,7,X,1,C,1,K,1,Y,1,R,7,"L1:[sp=Y,332] Y=221,K=34,R=7,S=7,X=219,C=3 || L2:[sp=K,33] S=7,X=1,C=1,K=1,Y=1,R=7",-444.0,-728.3739999999999,1,Y|K,1
K,332,Y,221,C,3,R,7,X,106,S,7,K,34,K,33,R,7,X,1,C,1,K,1,Y,1,S,7,"L1:[sp=K,332] Y=221,C=3,R=7,X=106,S=7,K=34 || L2:[sp=K,33] R=7,X=1,C=1,K=1,Y=1,S=7",-inf,-inf,0,K|K,1
Y,332,K,34,C,3,Y,221,X,219,S,7,R,7,K,33,S,7,X,1,K,1,C,1,Y,1,R,7,"L1:[sp=Y,332] K=34,C=3,Y=221,X=219,S=7,R=7 || L2:[sp=K,33] S=7,X=1,K=1,C=1,Y=1,R=7",-444.0,-728.3739999999999,1,Y|K,1
K,332,Y,221,C,3,R,7,X,219,S,7,K,29,K,33,S,7,X,1,C,1,K,1,Y,1,R,7,"L1:[sp=K,332] Y=221,C=3,R=7,X=219,S=7,K=29 || L2:[sp=K,33] S=7,X=1,C=1,K=1,Y=1,R=7",-149.0,-725.8580000000001,1,K|K,1
K,332,Y,221,K,34,R,7,S,7,X,219,C,3,K,33,S,7,X,1,C,1,K,1,Y,1,R,7,"L1:[sp=K,332] Y=221,K=34,R=7,S=7,X=219,C=3 || L2:[sp=K,33] S=7,X=1,C=1,K=1,Y=1,R=7",-296.0,-725.8580000000001,1,K|K,1
K,332,Y,221,C,3,R,7,X,219,S,7,K,29,K,33,S,7,X,1,C,1,K,1,Y,1,R,7,"L1:[sp=K,332] Y=221,C=3,R=7,X=219,S=7,K=29 || L2:[sp=K,33] S=7,X=1,C=1,K=1,Y=1,R=7",-149.0,-725.8580000000001,1,K|K,1
K,332,Y,221,C,3,R,7,X,219,S,7,K,29,K,33,S,7,X,1,C,1,K,1,Y,1,R,7,"L1:[sp=K,332] Y=221,C=3,R=7,X=219,S=7,K=29 || L2:[sp=K,33] S=7,X=1,C=1,K=1,Y=1,R=7",-149.0,-725.8580000000001,1,K|K,1
Y,332,Y,221,K,34,R,7,S,7,X,219,C,3,X,73,S,7,X,1,C,1,K,1,Y,1,R,7,"L1:[sp=Y,332] Y=221,K=34,R=7,S=7,X=219,C=3 || L2:[sp=X,73] S=7,X=1,C=1,K=1,Y=1,R=7",-9411.0,-728.3739999999999,1,Y|X,1
K,332,Y,221,C,1,R,7,K,29,S,7,X,219,K,33,S,7,X,1,C,1,K,1,Y,1,R,7,"L1:[sp=K,332] Y=221,C=1,R=7,K=29,S=7,X=219 || L2:[sp=K,33] S=7,X=1,C=1,K=1,Y=1,R=7",-151.0,-727.5010000000001,1,K|K,1
K,332,Y,221,C,3,R,7,X,219,S,7,K,34,K,33,K,1,Y,1,S,7,C,2,X,1,R,7,"L1:[sp=K,332] Y=221,C=3,R=7,X=219,S=7,K=34 || L2:[sp=K,33] K=1,Y=1,S=7,C=2,X=1,R=7",-296.0,-725.8580000000001,1,K|K,1
K,332,Y,221,C,3,X,219,R,7,S,7,K,29,K,33,S,7,X,1,C,2,K,1,Y,1,R,7,"L1:[sp=K,332] Y=221,C=3,X=219,R=7,S=7,K=29 || L2:[sp=K,33] S=7,X=1,C=2,K=1,Y=1,R=7",-149.0,-725.8580000000001,1,K|K,1
Y,332,K,34,C,3,R,7,X,219,S,7,Y,221,K,33,S,7,X,1,K,1,C,1,Y,153,R,7,"L1:[sp=Y,332] K=34,C=3,R=7,X=219,S=7,Y=221 || L2:[sp=K,33] S=7,X=1,K=1,C=1,Y=153,R=7",-28668.0,-728.3739999999999,1,Y|K,1
Y,332,K,34,C,3,R,7,X,219,S,7,Y,221,K,33,S,7,X,15,K,1,C,1,Y,1,R,7,"L1:[sp=Y,332] K=34,C=3,R=7,X=219,S=7,Y=221 || L2:[sp=K,33] S=7,X=15,K=1,C=1,Y=1,R=7",-3531.0,-728.3739999999999,1,Y|K,1
Y,332,Y,221,K,50,R,7,S,7,X,219,C,3,Y,13,S,7,Y,1,C,1,K,1,X,1,R,7,"L1:[sp=Y,332] Y=221,K=50,R=7,S=7,X=219,C=3 || L2:[sp=Y,13] S=7,Y=1,C=1,K=1,X=1,R=7",-9411.0,-748.5089999999999,1,Y|Y,1
Y,332,K,58,C,3,R,7,X,219,S,7,Y,221,K,33,S,7,X,1,K,1,C,1,Y,1,R,7,"L1:[sp=Y,332] K=58,C=3,R=7,X=219,S=7,Y=221 || L2:[sp=K,33] S=7,X=1,K=1,C=1,Y=1,R=7",-444.0,-758.576,1,Y|K,1
K,332,Y,221,C,1,R,7,X,219,S,7,K,27,K,33,X,1,Y,1,K,1,C,1,S,7,R,7,"L1:[sp=K,332] Y=221,C=1,R=7,X=219,S=7,K=27 || L2:[sp=K,33] X=1,Y=1,K=1,C=1,S=7,R=7",-151.0,-727.5010000000001,1,K|K,1
K,332,Y,221,C,3,R,7,X,219,S,7,K,29,Y,221,S,7,X,1,C,1,K,1,Y,1,R,7,"L1:[sp=K,332] Y=221,C=3,R=7,X=219,S=7,K=29 || L2:[sp=Y,221] S=7,X=1,C=1,K=1,Y=1,R=7",-4265.0,-725.8580000000001,1,K|Y,1
K,332,Y,221,X,219,R,7,C,3,S,7,K,34,K,33,S,7,Y,1,K,1,C,3,X,1,R,7,"L1:[sp=K,332] Y=221,X=219,R=7,C=3,S=7,K=34 || L2:[sp=K,33] S=7,Y=1,K=1,C=3,X=1,R=7",-296.0,-725.8580000000001,1,K|K,1
K,332,Y,82,C,3,R,7,X,219,S,7,K,34,K,33,K,1,Y,1,S,7,C,1,X,1,R,7,"L1:[sp=K,332] Y=82,C=3,R=7,X=219,S=7,K=34 || L2:[sp=K,33] K=1,Y=1,S=7,C=1,X=1,R=7",-64096.0,-681.304,1,K|K,1
K,332,Y,221,C,2,R,7,X,219,S,7,K,29,K,33,S,7,X,1,C,1,K,1,Y,1,R,7,"L1:[sp=K,332] Y=221,C=2,R=7,X=219,S=7,K=29 || L2:[sp=K,33] S=7,X=1,C=1,K=1,Y=1,R=7",-150.0,-740.1669999999999,1,K|K,1
Y,332,K,34,C,3,R,7,X,100,S,7,Y,221,K,33,S,7,X,1,K,1,C,1,Y,1,R,7,"L1:[sp=Y,332] K=34,C=3,R=7,X=100,S=7,Y=221 || L2:[sp=K,33] S=7,X=1,K=1,C=1,Y=1,R=7",-inf,-inf,0,Y|K,1
X,332,Y,221,C,3,R,7,X,219,S,7,K,29,K,33,C,1,X,1,S,7,K,1,Y,1,R,7,"L1:[sp=X,332] Y=221,C=3,R=7,X=219,S=7,K=29 || L2:[sp=K,33] C=1,X=1,S=7,K=1,Y=1,R=7",-445.0,-740.329,1,X|K,1
Y,332,K,34,C,3,Y,221,X,219,S,7,R,7,K,33,S,7,X,1,K,1,C,1,Y,1,R,7,"L1:[sp=Y,332] K=34,C=3,Y=221,X=219,S=7,R=7 || L2:[sp=K,33] S=7,X=1,K=1,C=1,Y=1,R=7",-444.0,-728.3739999999999,1,Y|K,1
K,332,Y,221,C,3,R,7,X,219,S,7,K,29,K,33,S,7,X,1,C,1,K,1,Y,1,R,7,"L1:[sp=K,332] Y=221,C=3,R=7,X=219,S=7,K=29 || L2:[sp=K,33] S=7,X=1,C=1,K=1,Y=1,R=7",-149.0,-725.8580000000001,1,K|K,1
K,332,Y,127,C,3,R,7,X,219,S,7,K,34,K,33,K,1,Y,1,S,7,C,2,X,1,R,7,"L1:[sp=K,332] Y=127,C=3,R=7,X=219,S=7,K=34 || L2:[sp=K,33] K=1,Y=1,S=7,C=2,X=1,R=7",-64095.0,-681.818,1,K|K,1
K,332,Y,221,C,3,X,219,R,7,S,7,K,29,K,33,S,7,X,1,C,2,K,1,Y,44,R,7,"L1:[sp=K,332] Y=221,C=3,X=219,R=7,S=7,K=29 || L2:[sp=K,33] S=7,X=1,C=2,K=1,Y=44,R=7",-6176.0,-725.8580000000001,1,K|K,1
K,332,Y,221,C,3,X,219,R,7,S,7,K,36,K,33,S,7,X,1,C,2,K,1,Y,1,R,7,"L1:[sp=K,332] Y=221,C=3,X=219,R=7,S=7,K=36 || L2:[sp=K,33] S=7,X=1,C=2,K=1,Y=1,R=7",-296.0,-725.8580000000001,1,K|K,1
K,332,Y,221,C,2,R,7,X,219,S,7,K,29,X,73,S,7,X,189,C,1,K,1,Y,1,R,7,"L1:[sp=K,332] Y=221,C=2,R=7,X=219,S=7,K=29 || L2:[sp=X,73] S=7,X=189,C=1,K=1,Y=1,R=7",-805710.0,-740.1669999999999,1,K|X,1
K,332,R,7,C,2,Y,221,X,219,S,7,K,29,K,33,S,7,X,1,C,1,K,1,Y,171,R,7,"L1:[sp=K,332] R=7,C=2,Y=221,X=219,S=7,K=29 || L2:[sp=K,33] S=7,X=1,C=1,K=1,Y=171,R=7",-6912.0,-740.1669999999999,1,K|K,1
K,332,Y,221,C,3,R,7,X,219,S,7,K,25,K,33,S,7,X,1,C,1,K,1,Y,142,R,7,"L1:[sp=K,332] Y=221,C=3,R=7,X=219,S=7,K=25 || L2:[sp=K,33] S=7,X=1,C=1,K=1,Y=142,R=7",-11174.0,-725.8580000000001,1,K|K,1
K,332,Y,221,C,3,R,7,X,219,S,7,K,29,K,33,S,7,X,184,C,3,K,1,Y,1,R,7,"L1:[sp=K,332] Y=221,C=3,R=7,X=219,S=7,K=29 || L2:[sp=K,33] S=7,X=184,C=3,K=1,Y=1,R=7",-5000.0,-725.8580000000001,1,K|K,1
K,332,Y,221,X,219,R,7,K,34,S,7,C,3,K,33,S,7,Y,1,K,1,C,1,X,1,R,7,"L1:[sp=K,332] Y=221,X=219,R=7,K=34,S=7,C=3 || L2:[sp=K,33] S=7,Y=1,K=1,C=1,X=1,R=7",-296.0,-725.8580000000001,1,K|K,1
K,332,Y,221,K,34,R,7,S,7,X,219,C,3,K,33,S,7,X,1,C,1,K,31,Y,1,R,7,"L1:[sp=K,332] Y=221,K=34,R=7,S=7,X=219,C=3 || L2:[sp=K,33] S=7,X=1,C=1,K=31,Y=1,R=7",-4559.0,-725.8580000000001,1,K|K,1
K,332,Y,221,X,219,S,7,C,3,R,7,K,34,K,33,S,7,Y,1,K,1,C,3,X,1,R,7,"L1:[sp=K,332] Y=221,X=219,S=7,C=3,R=7,K=34 || L2:[sp=K,33] S=7,Y=1,K=1,C=3,X=1,R=7",-296.0,-725.8580000000001,1,K|K,1
K,332,Y,221,C,3,X,219,R,7,S,7,K,29,K,33,S,7,X,1,C,2,K,1,Y,1,R,7,"L1:[sp=K,332] Y=221,C=3,X=219,R=7,S=7,K=29 || L2:[sp=K,33] S=7,X=1,C=2,K=1,Y=1,R=7",-149.0,-725.8580000000001,1,K|K,1
K,332,Y,221,K,34,R,7,S,7,X,220,C,3,K,33,S,7,X,1,C,1,K,1,Y,1,R,7,"L1:[sp=K,332] Y=221,K=34,R=7,S=7,X=220,C=3 || L2:[sp=K,33] S=7,X=1,C=1,K=1,Y=1,R=7",-296.0,-726.6410000000001,1,K|K,1
K,332,Y,221,C,2,R,7,X,219,S,7,K,29,K,33,S,7,X,1,C,2,K,1,Y,1,R,7,"L1:[sp=K,332] Y=221,C=2,R=7,X=219,S=7,K=29 || L2:[sp=K,33] S=7,X=1,C=2,K=1,Y=1,R=7",-199.0,-740.1669999999999,1,K|K,1
K,332,Y,221,C,3,X,219,R,7,S,7,K,29,K,33,S,7,X,1,C,1,K,21,Y,1,R,7,"L1:[sp=K,332] Y=221,C=3,X=219,R=7,S=7,K=29 || L2:[sp=K,33] S=7,X=1,C=1,K=21,Y=1,R=7",-3089.0,-725.8580000000001,1,K|K,1
C,332,Y,221,C,2,X,219,R,7,S,7,K,29,K,33,S,7,X,170,C,1,K,1,Y,1,R,7,"L1:[sp=C,332] Y=221,C=2,X=219,R=7,S=7,K=29 || L2:[sp=K,33] S=7,X=170,C=1,K=1,Y=1,R=7",-14116.0,-740.329,1,C|K,1
K,332,Y,221,C,3,R,7,X,219,S,7,K,29,K,33,S,7,X,1,C,1,K,1,Y,1,R,7,"L1:[sp=K,332] Y=221,C=3,R=7,X=219,S=7,K=29 || L2:[sp=K,33] S=7,X=1,C=1,K=1,Y=1,R=7",-149.0,-725.8580000000001,1,K|K,1
K,332,Y,221,C,1,R,7,X,219,S,7,K,27,K,33,X,1,Y,1,K,14,C,1,S,7,R,7,"L1:[sp=K,332] Y=221,C=1,R=7,X=219,S=7,K=27 || L2:[sp=K,33] X=1,Y=1,K=14,C=1,S=7,R=7",-2062.0,-727.5010000000001,1,K|K,1
K,332,Y,221,K,29,R,7,S,7,X,219,C,3,K,33,S,7,X,1,C,2,K,1,Y,156,R,7,"L1:[sp=K,332] Y=221,K=29,R=7,S=7,X=219,C=3 || L2:[sp=K,33] S=7,X=1,C=2,K=1,Y=156,R=7",-9116.0,-725.8580000000001,1,K|K,1
K,332,Y,221,C,3,R,7,X,219,S,7,K,29,K,33,S,7,X,1,C,1,K,1,Y,1,R,7,"L1:[sp=K,332] Y=221,C=3,R=7,X=219,S=7,K=29 || L2:[sp=K,33] S=7,X=1,C=1,K=1,Y=1,R=7",-149.0,-725.8580000000001,1,K|K,1
K,332,Y,1,X,219,S,7,C,1,R,7,K,34,K,33,S,7,Y,1,K,1,C,1,X,1,R,7,"L1:[sp=K,332] Y=1,X=219,S=7,C=1,R=7,K=34 || L2:[sp=K,33] S=7,Y=1,K=1,C=1,X=1,R=7",-64747.0,-6469.25,1,K|K,1
K,332,Y,221,C,1,R,7,X,219,S,7,K,27,K,33,X,1,Y,1,K,14,C,1,S,7,R,7,"L1:[sp=K,332] Y=221,C=1,R=7,X=219,S=7,K=27 || L2:[sp=K,33] X=1,Y=1,K=14,C=1,S=7,R=7",-2062.0,-727.5010000000001,1,K|K,1
K,332,Y,221,C,2,X,219,R,7,S,7,K,36,K,33,S,7,X,1,C,2,K,1,Y,1,R,7,"L1:[sp=K,332] Y=221,C=2,X=219,R=7,S=7,K=36 || L2:[sp=K,33] S=7,X=1,C=2,K=1,Y=1,R=7",-395.0,-740.1669999999999,1,K|K,1
K,332,X,219,C,2,R,7,Y,221,S,7,K,29,K,33,R,7,X,1,C,2,K,1,Y,1,S,7,"L1:[sp=K,332] X=219,C=2,R=7,Y=221,S=7,K=29 || L2:[sp=K,33] R=7,X=1,C=2,K=1,Y=1,S=7",-199.0,-740.1669999999999,1,K|K,1
K,332,Y,221,C,3,X,219,R,7,S,7,K,29,K,1,S,7,X,1,C,2,K,1,Y,16,R,7,"L1:[sp=K,332] Y=221,C=3,X=219,R=7,S=7,K=29 || L2:[sp=K,1] S=7,X=1,C=2,K=1,Y=16,R=7",-42632.0,-725.8580000000001,1,K|K,1
K,332,Y,221,C,3,R,7,X,219,S,7,K,29,Y,17,S,7,X,1,C,1,R,7,Y,1,K,1,"L1:[sp=K,332] Y=221,C=3,R=7,X=219,S=7,K=29 || L2:[sp=Y,17] S=7,X=1,C=1,R=7,Y=1,K=1",-4265.0,-725.8580000000001,1,K|Y,1
K,332,Y,221,X,219,R,7,K,34,S,7,C,3,K,33,S,7,Y,1,K,1,C,3,X,14,R,7,"L1:[sp=K,332] Y=221,X=219,R=7,K=34,S=7,C=3 || L2:[sp=K,33] S=7,Y=1,K=1,C=3,X=14,R=7",-2354.0,-725.8580000000001,1,K|K,1
K,332,X,11,Y,221,S,7,C,3,R,7,K,34,K,33,S,7,Y,1,K,1,C,3,R,7,X,1,"L1:[sp=K,332] X=11,Y=221,S=7,C=3,R=7,K=34 || L2:[sp=K,33] S=7,Y=1,K=1,C=3,R=7,X=1",-64113.0,-554.393,1,K|K,1
K,332,Y,221,C,2,X,219,R,7,S,7,K,36,K,33,S,7,X,1,C,2,K,1,Y,1,R,7,"L1:[sp=K,332] Y=221,C=2,X=219,R=7,S=7,K=36 || L2:[sp=K,33] S=7,X=1,C=2,K=1,Y=1,R=7",-395.0,-740.1669999999999,1,K|K,1
K,332,Y,221,C,3,R,7,X,219,S,7,K,29,K,33,S,7,X,1,C,2,K,1,Y,152,R,7,"L1:[sp=K,332] Y=221,C=3,R=7,X=219,S=7,K=29 || L2:[sp=K,33] S=7,X=1,C=2,K=1,Y=152,R=7",-9704.0,-725.8580000000001,1,K|K,1
K,332,R,7,C,3,Y,170,X,219,S,7,K,29,K,33,S,7,X,1,C,2,K,1,Y,1,R,7,"L1:[sp=K,332] R=7,C=3,Y=170,X=219,S=7,K=29 || L2:[sp=K,33] S=7,X=1,C=2,K=1,Y=1,R=7",-32049.0,-687.3389999999999,1,K|K,1
K,332,Y,221,C,3,X,219,R,7,S,7,K,36,K,33,S,7,X,1,C,2,K,1,Y,1,R,7,"L1:[sp=K,332] Y=221,C=3,X=219,R=7,S=7,K=36 || L2:[sp=K,33] S=7,X=1,C=2,K=1,Y=1,R=7",-296.0,-725.8580000000001,1,K|K,1
K,332,Y,221,C,3,X,219,R,7,S,7,K,36,K,33,S,7,X,1,C,1,K,1,Y,1,R,7,"L1:[sp=K,332] Y=221,C=3,X=219,R=7,S=7,K=36 || L2:[sp=K,33] S=7,X=1,C=1,K=1,Y=1,R=7",-296.0,-725.8580000000001,1,K|K,1
K,332,Y,221,C,1,R,7,X,219,S,7,K,22,K,33,X,163,Y,1,K,14,C,1,S,7,R,7,"L1:[sp=K,332] Y=221,C=1,R=7,X=219,S=7,K=22 || L2:[sp=K,33] X=163,Y=1,K=14,C=1,S=7,R=7",-113194.0,-727.5010000000001,1,K|K,1
K,332,Y,5,X,219,S,7,C,3,R,7,K,34,K,33,S,7,Y,1,C,3,K,1,X,1,R,7,"L1:[sp=K,332] Y=5,X=219,S=7,C=3,R=7,K=34 || L2:[sp=K,33] S=7,Y=1,C=3,K=1,X=1,R=7",-64137.0,-679.635,1,K|K,1
K,332,Y,221,C,3,R,7,X,57,S,7,K,29,X,1,S,7,X,1,C,1,R,7,Y,1,K,1,"L1:[sp=K,332] Y=221,C=3,R=7,X=57,S=7,K=29 || L2:[sp=X,1] S=7,X=1,C=1,R=7,Y=1,K=1",-inf,-inf,0,K|X,1
K,332,S,7,C,2,R,7,X,219,Y,42,K,29,K,33,S,7,X,1,C,2,K,1,Y,1,R,7,"L1:[sp=K,332] S=7,C=2,R=7,X=219,Y=42,K=29 || L2:[sp=K,33] S=7,X=1,C=2,K=1,Y=1,R=7",-42741.0,-640.915,1,K|K,1
X,332,Y,221,K,34,R,7,S,7,X,220,C,3,K,33,S,7,X,1,C,1,K,1,Y,1,R,7,"L1:[sp=X,332] Y=221,K=34,R=7,S=7,X=220,C=3 || L2:[sp=K,33] S=7,X=1,C=1,K=1,Y=1,R=7",-444.0,-729.158,1,X|K,1
K,332,Y,221,C,3,R,7,X,219,S,7,K,29,K,33,S,7,X,1,C,1,K,1,Y,1,R,7,"L1:[sp=K,332] Y=221,C=3,R=7,X=219,S=7,K=29 || L2:[sp=K,33] S=7,X=1,C=1,K=1,Y=1,R=7",-149.0,-725.8580000000001,1,K|K,1
X,332,Y,221,K,34,R,7,S,7,X,186,C,3,K,33,S,7,X,1,C,1,K,1,Y,1,R,7,"L1:[sp=X,332] Y=221,K=34,R=7,S=7,X=186,C=3 || L2:[sp=K,33] S=7,X=1,C=1,K=1,Y=1,R=7",-inf,-inf,0,X|K,1
K,332,Y,221,R,7,X,219,C,2,S,7,K,36,K,33,S,7,X,1,C,1,K,1,Y,172,R,7,"L1:[sp=K,332] Y=221,R=7,X=219,C=2,S=7,K=36 || L2:[sp=K,33] S=7,X=1,C=1,K=1,Y=172,R=7",-13527.0,-740.1669999999999,1,K|K,1
K,332,Y,221,C,2,X,219,R,7,S,7,K,34,K,33,S,7,X,1,C,2,K,1,Y,134,R,7,"L1:[sp=K,332] Y=221,C=2,X=219,R=7,S=7,K=34 || L2:[sp=K,33] S=7,X=1,C=2,K=1,Y=134,R=7",-32931.0,-740.1669999999999,1,K|K,1
X,332,Y,221,K,36,R,7,S,7,X,220,C,3,K,33,S,7,X,1,C,2,K,1,Y,1,R,7,"L1:[sp=X,332] Y=221,K=36,R=7,S=7,X=220,C=3 || L2:[sp=K,33] S=7,X=1,C=2,K=1,Y=1,R=7",-444.0,-731.674,1,X|K,1
K,332,Y,221,X,219,R,7,K,34,S,7,C,3,K,33,S,7,Y,1,K,1,C,1,X,1,R,7,"L1:[sp=K,332] Y=221,X=219,R=7,K=34,S=7,C=3 || L2:[sp=K,33] S=7,Y=1,K=1,C=1,X=1,R=7",-296.0,-725.8580000000001,1,K|K,1
K,332,Y,221,C,3,X,155,R,7,S,7,K,36,K,33,S,7,X,14,C,2,K,1,Y,1,R,7,"L1:[sp=K,332] Y=221,C=3,X=155,R=7,S=7,K=36 || L2:[sp=K,33] S=7,X=14,C=2,K=1,Y=1,R=7",-inf,-inf,0,K|K,1
K,332,Y,132,C,3,R,7,X,159,S,7,K,27,K,33,X,1,Y,1,K,14,C,1,S,7,R,7,"L1:[sp=K,332] Y=132,C=3,R=7,X=159,S=7,K=27 || L2:[sp=K,33] X=1,Y=1,K=14,C=1,S=7,R=7",-97804397.0,-14891.8,1,K|K,1
K,332,Y,221,C,1,R,7,X,219,S,7,K,15,K,33,S,7,X,1,C,1,K,1,Y,1,R,7,"L1:[sp=K,332] Y=221,C=1,R=7,X=219,S=7,K=15 || L2:[sp=K,33] S=7,X=1,C=1,K=1,Y=1,R=7",-151.0,-727.5010000000001,1,K|K,1
K,332,Y,221,C,3,X,219,R,7,S,7,K,36,K,33,S,7,X,1,C,2,K,33,Y,1,R,7,"L1:[sp=K,332] Y=221,C=3,X=219,R=7,S=7,K=36 || L2:[sp=K,33] S=7,X=1,C=2,K=33,Y=1,R=7",-4853.0,-725.8580000000001,1,K|K,1
K,332,Y,221,C,3,R,7,X,166,S,7,K,29,K,33,S,7,X,1,C,1,K,1,Y,1,R,7,"L1:[sp=K,332] Y=221,C=3,R=7,X=166,S=7,K=29 || L2:[sp=K,33] S=7,X=1,C=1,K=1,Y=1,R=7",-inf,-inf,0,K|K,1
K,332,Y,221,C,2,X,219,R,7,S,7,K,36,K,33,S,7,X,1,C,2,K,1,Y,1,R,7,"L1:[sp=K,332] Y=221,C=2,X=219,R=7,S=7,K=36 || L2:[sp=K,33] S=7,X=1,C=2,K=1,Y=1,R=7",-395.0,-740.1669999999999,1,K|K,1
K,332,Y,221,S,7,X,219,R,7,C,3,K,36,K,33,S,7,X,1,C,2,K,1,Y,1,R,7,"L1:[sp=K,332] Y=221,S=7,X=219,R=7,C=3,K=36 || L2:[sp=K,33] S=7,X=1,C=2,K=1,Y=1,R=7",-296.0,-725.8580000000001,1,K|K,1
K,332,X,219,C,2,R,7,Y,221,S,7,K,30,K,33,R,7,X,14,C,2,K,1,Y,1,S,7,"L1:[sp=K,332] X=219,C=2,R=7,Y=221,S=7,K=30 || L2:[sp=K,33] R=7,X=14,C=2,K=1,Y=1,S=7",-1571.0,-740.1669999999999,1,K|K,1
K,332,Y,221,X,219,R,7,K,34,S,7,C,3,K,33,S,7,Y,1,X,163,C,3,K,1,R,7,"L1:[sp=K,332] Y=221,X=219,R=7,K=34,S=7,C=3 || L2:[sp=K,33] S=7,Y=1,X=163,C=3,K=1,R=7",-16172.0,-725.8580000000001,1,K|K,1
K,332,S,7,C,3,X,219,R,7,Y,175,K,36,K,33,S,7,X,80,C,1,K,1,Y,1,R,7,"L1:[sp=K,332] S=7,C=3,X=219,R=7,Y=175,K=36 || L2:[sp=K,33] S=7,X=80,C=1,K=1,Y=1,R=7",-3717339.0,-687.9810000000001,1,K|K,1
K,332,Y,191,R,7,X,219,C,2,S,7,K,36,K,33,S,7,X,1,C,1,K,1,Y,1,R,7,"L1:[sp=K,332] Y=191,R=7,X=219,C=2,S=7,K=36 || L2:[sp=K,33] S=7,X=1,C=1,K=1,Y=1,R=7",-inf,-inf,0,K|K,1
K,332,X,219,C,1,R,7,Y,221,S,7,K,29,K,33,R,7,X,1,C,1,K,1,Y,1,S,7,"L1:[sp=K,332] X=219,C=1,R=7,Y=221,S=7,K=29 || L2:[sp=K,33] R=7,X=1,C=1,K=1,Y=1,S=7",-151.0,-727.5010000000001,1,K|K,1
K,332,Y,221,C,2,R,7,X,174,S,7,K,27,K,1,C,2,Y,1,K,12,X,1,S,7,R,7,"L1:[sp=K,332] Y=221,C=2,R=7,X=174,S=7,K=27 || L2:[sp=K,1] C=2,Y=1,K=12,X=1,S=7,R=7",-inf,-inf,0,K|K,1
K,332,Y,221,C,3,R,7,X,219,S,7,K,29,K,33,S,7,X,1,C,1,K,1,Y,1,R,7,"L1:[sp=K,332] Y=221,C=3,R=7,X=219,S=7,K=29 || L2:[sp=K,33] S=7,X=1,C=1,K=1,Y=1,R=7",-149.0,-725.8580000000001,1,K|K,1
K,332,X,219,C,1,R,7,Y,221,S,7,K,29,K,33,R,7,X,1,C,1,K,1,Y,1,S,7,"L1:[sp=K,332] X=219,C=1,R=7,Y=221,S=7,K=29 || L2:[sp=K,33] R=7,X=1,C=1,K=1,Y=1,S=7",-151.0,-727.5010000000001,1,K|K,1
K,332,Y,221,S,7,X,219,R,7,C,3,K,36,K,33,S,7,X,1,C,2,K,1,Y,1,R,7,"L1:[sp=K,332] Y=221,S=7,X=219,R=7,C=3,K=36 || L2:[sp=K,33] S=7,X=1,C=2,K=1,Y=1,R=7",-296.0,-725.8580000000001,1,K|K,1
C,332,Y,221,S,7,X,219,R,7,C,3,K,36,K,33,S,7,X,1,C,2,K,1,Y,1,R,7,"L1:[sp=C,332] Y=221,S=7,X=219,R=7,C=3,K=36 || L2:[sp=K,33] S=7,X=1,C=2,K=1,Y=1,R=7",-444.0,-730.8910000000001,1,C|K,1
K,332,Y,221,C,3,R,7,X,219,S,7,K,29,K,33,S,7,X,185,C,1,K,1,Y,1,R,7,"L1:[sp=K,332] Y=221,C=3,R=7,X=219,S=7,K=29 || L2:[sp=K,33] S=7,X=185,C=1,K=1,Y=1,R=7",-4853.0,-725.8580000000001,1,K|K,1
X,332,Y,221,K,30,R,7,S,7,X,220,C,1,K,33,S,7,X,1,C,1,K,1,Y,1,R,7,"L1:[sp=X,332] Y=221,K=30,R=7,S=7,X=220,C=1 || L2:[sp=K,33] S=7,X=1,C=1,K=1,Y=1,R=7",-451.0,-746.493,1,X|K,1
K,332,X,219,C,2,R,7,Y,221,S,7,K,36,K,33,R,7,X,173,C,2,K,1,Y,1,S,7,"L1:[sp=K,332] X=219,C=2,R=7,Y=221,S=7,K=36 || L2:[sp=K,33] R=7,X=173,C=2,K=1,Y=1,S=7",-17643.0,-740.1669999999999,1,K|K,1
K,332,Y,221,C,3,R,7,X,219,S,7,K,29,K,33,S,7,X,1,C,1,K,1,Y,1,R,7,"L1:[sp=K,332] Y=221,C=3,R=7,X=219,S=7,K=29 || L2:[sp=K,33] S=7,X=1,C=1,K=1,Y=1,R=7",-149.0,-725.8580000000001,1,K|K,1
K,332,X,219,C,2,R,7,Y,221,S,7,K,30,Y,13,R,7,X,14,C,2,K,11,Y,1,S,7,"L1:[sp=K,332] X=219,C=2,R=7,Y=221,S=7,K=30 || L2:[sp=Y,13] R=7,X=14,C=2,K=11,Y=1,S=7",-47043.0,-740.1669999999999,1,K|Y,1
K,332,X,219,C,2,R,7,Y,221,S,7,K,30,K,33,R,7,X,187,C,2,K,1,Y,1,S,7,"L1:[sp=K,332] X=219,C=2,R=7,Y=221,S=7,K=30 || L2:[sp=K,33] R=7,X=187,C=2,K=1,Y=1,S=7",-6079.0,-740.1669999999999,1,K|K,1
K,332,Y,221,C,1,R,7,X,219,S,7,K,61,K,33,S,7,X,1,C,1,K,1,Y,1,R,7,"L1:[sp=K,332] Y=221,C=1,R=7,X=219,S=7,K=61 || L2:[sp=K,33] S=7,X=1,C=1,K=1,Y=1,R=7",-298.0,-727.5010000000001,1,K|K,1
K,332,Y,221,C,2,R,7,X,219,S,7,K,15,K,33,S,7,X,1,C,2,K,1,Y,1,R,7,"L1:[sp=K,332] Y=221,C=2,R=7,X=219,S=7,K=15 || L2:[sp=K,33] S=7,X=1,C=2,K=1,Y=1,R=7",-199.0,-740.1669999999999,1,K|K,1
K,332,Y,221,C,3,X,219,R,7,S,7,K,34,K,33,S,7,X,124,C,1,K,1,Y,1,R,7,"L1:[sp=K,332] Y=221,C=3,X=219,R=7,S=7,K=34 || L2:[sp=K,33] S=7,X=124,C=1,K=1,Y=1,R=7",-27638.0,-725.8580000000001,1,K|K,1
K,332,S,7,C,1,R,7,X,219,Y,221,K,15,K,33,S,7,X,1,C,1,K,1,Y,1,R,7,"L1:[sp=K,332] S=7,C=1,R=7,X=219,Y=221,K=15 || L2:[sp=K,33] S=7,X=1,C=1,K=1,Y=1,R=7",-151.0,-727.5010000000001,1,K|K,1
K,332,Y,221,X,219,R,7,K,34,S,7,C,3,K,1,S,7,Y,1,K,1,C,3,X,1,R,7,"L1:[sp=K,332] Y=221,X=219,R=7,K=34,S=7,C=3 || L2:[sp=K,1] S=7,Y=1,K=1,C=3,X=1,R=7",-5000.0,-725.8580000000001,1,K|K,1
K,332,Y,221,X,219,R,7,K,55,S,7,C,3,K,33,S,7,Y,1,K,1,C,1,X,114,R,7,"L1:[sp=K,332] Y=221,X=219,R=7,K=55,S=7,C=3 || L2:[sp=K,33] S=7,Y=1,K=1,C=1,X=114,R=7",-30578.0,-725.8580000000001,1,K|K,1
K,332,X,219,C,1,R,7,Y,221,S,7,K,29,K,33,R,7,Y,189,C,1,K,1,X,185,S,7,"L1:[sp=K,332] X=219,C=1,R=7,Y=221,S=7,K=29 || L2:[sp=K,33] R=7,Y=189,C=1,K=1,X=185,S=7",-140683.0,-727.5010000000001,1,K|K,1
K,332,X,219,C,1,R,7,Y,221,S,7,K,29,K,33,R,7,X,1,C,1,K,1,Y,1,S,7,"L1:[sp=K,332] X=219,C=1,R=7,Y=221,S=7,K=29 || L2:[sp=K,33] R=7,X=1,C=1,K=1,Y=1,S=7",-151.0,-727.5010000000001,1,K|K,1
K,332,Y,221,C,1,R,7,X,219,S,7,K,15,K,33,S,7,X,1,C,1,K,1,Y,1,R,7,"L1:[sp=K,332] Y=221,C=1,R=7,X=219,S=7,K=15 || L2:[sp=K,33] S=7,X=1,C=1,K=1,Y=1,R=7",-151.0,-727.5010000000001,1,K|K,1
K,332,Y,221,X,219,R,7,K,34,S,7,C,3,K,33,S,7,Y,23,K,1,C,1,X,1,R,7,"L1:[sp=K,332] Y=221,X=219,R=7,K=34,S=7,C=3 || L2:[sp=K,33] S=7,Y=23,K=1,C=1,X=1,R=7",-3236.0,-725.8580000000001,1,K|K,1
K,332,Y,221,C,3,R,7,X,219,S,7,K,29,K,33,S,7,X,1,C,1,K,1,Y,1,R,7,"L1:[sp=K,332] Y=221,C=3,R=7,X=219,S=7,K=29 || L2:[sp=K,33] S=7,X=1,C=1,K=1,Y=1,R=7",-149.0,-725.8580000000001,1,K|K,1
K,332,Y,221,C,3,R,7,X,219,S,7,K,29,K,33,S,7,X,1,C,1,Y,1,K,1,R,7,"L1:[sp=K,332] Y=221,C=3,R=7,X=219,S=7,K=29 || L2:[sp=K,33] S=7,X=1,C=1,Y=1,K=1,R=7",-149.0,-725.8580000000001,1,K|K,1
K,332,Y,221,S,7,X,219,R,7,C,3,K,36,C,1,S,7,X,1,C,2,K,1,Y,1,R,7,"L1:[sp=K,332] Y=221,S=7,X=219,R=7,C=3,K=36 || L2:[sp=C,1] S=7,X=1,C=2,K=1,Y=1,R=7",-5294.0,-725.8580000000001,1,K|C,1
K,332,Y,54,C,1,R,7,X,219,S,7,K,15,K,33,S,7,X,1,C,1,K,1,Y,1,R,7,"L1:[sp=K,332] Y=54,C=1,R=7,X=219,S=7,K=15 || L2:[sp=K,33] S=7,X=1,C=1,K=1,Y=1,R=7",-inf,-inf,0,K|K,1
K,332,S,7,C,1,R,7,X,219,Y,221,K,15,K,33,S,7,X,1,C,1,K,1,Y,1,R,7,"L1:[sp=K,332] S=7,C=1,R=7,X=219,Y=221,K=15 || L2:[sp=K,33] S=7,X=1,C=1,K=1,Y=1,R=7",-151.0,-727.5010000000001,1,K|K,1
K,332,S,7,C,1,R,7,X,219,Y,221,K,15,K,33,S,7,X,1,C,1,K,1,Y,1,R,7,"L1:[sp=K,332] S=7,C=1,R=7,X=219,Y=221,K=15 || L2:[sp=K,33] S=7,X=1,C=1,K=1,Y=1,R=7",-151.0,-727.5010000000001,1,K|K,1
C,332,Y,221,S,7,X,219,R,7,C,3,K,36,K,33,S,7,X,1,C,2,K,1,Y,1,R,7,"L1:[sp=C,332] Y=221,S=7,X=219,R=7,C=3,K=36 || L2:[sp=K,33] S=7,X=1,C=2,K=1,Y=1,R=7",-444.0,-730.8910000000001,1,C|K,1
C,332,Y,221,S,7,X,219,R,7,C,3,K,36,K,33,S,7,X,1,C,2,K,28,Y,1,R,7,"L1:[sp=C,332] Y=221,S=7,X=219,R=7,C=3,K=36 || L2:[sp=K,33] S=7,X=1,C=2,K=28,Y=1,R=7",-8235.0,-730.8910000000001,1,C|K,1
K,332,Y,221,C,1,R,7,X,219,S,7,K,61,K,33,S,7,X,1,C,1,K,1,Y,206,R,7,"L1:[sp=K,332] Y=221,C=1,R=7,X=219,S=7,K=61 || L2:[sp=K,33] S=7,X=1,C=1,K=1,Y=206,R=7",-3532.0,-727.5010000000001,1,K|K,1
Y,332,Y,221,C,2,R,7,X,219,S,7,K,15,K,33,S,7,X,1,C,2,K,1,Y,1,R,7,"L1:[sp=Y,332] Y=221,C=2,R=7,X=219,S=7,K=15 || L2:[sp=K,33] S=7,X=1,C=2,K=1,Y=1,R=7",-991.0,-749.395,1,Y|K,1
K,332,Y,221,C,1,R,7,X,219,S,7,K,61,K,33,S,7,X,168,C,1,K,1,Y,1,R,7,"L1:[sp=K,332] Y=221,C=1,R=7,X=219,S=7,K=61 || L2:[sp=K,33] S=7,X=168,C=1,K=1,Y=1,R=7",-14704.0,-727.5010000000001,1,K|K,1
K,332,Y,221,C,2,R,7,X,108,S,7,K,15,K,33,S,7,X,1,C,2,K,1,Y,1,R,7,"L1:[sp=K,332] Y=221,C=2,R=7,X=108,S=7,K=15 || L2:[sp=K,33] S=7,X=1,C=2,K=1,Y=1,R=7",-inf,-inf,0,K|K,1
K,332,Y,221,C,3,R,7,X,219,S,7,K,29,K,33,S,7,X,1,C,1,K,1,Y,1,R,7,"L1:[sp=K,332] Y=221,C=3,R=7,X=219,S=7,K=29 || L2:[sp=K,33] S=7,X=1,C=1,K=1,Y=1,R=7",-149.0,-725.8580000000001,1,K|K,1
K,332,S,7,X,145,R,7,C,1,Y,221,K,15,K,33,S,7,X,1,C,1,K,1,Y,1,R,7,"L1:[sp=K,332] S=7,X=145,R=7,C=1,Y=221,K=15 || L2:[sp=K,33] S=7,X=1,C=1,K=1,Y=1,R=7",-inf,-inf,0,K|K,1
K,332,Y,221,R,7,C,1,X,219,S,7,K,61,K,33,S,7,X,1,C,1,K,1,Y,1,R,7,"L1:[sp=K,332] Y=221,R=7,C=1,X=219,S=7,K=61 || L2:[sp=K,33] S=7,X=1,C=1,K=1,Y=1,R=7",-298.0,-727.5010000000001,1,K|K,1
K,332,Y,221,C,3,R,7,X,219,S,7,K,29,K,33,S,7,X,1,C,3,K,1,Y,1,R,7,"L1:[sp=K,332] Y=221,C=3,R=7,X=219,S=7,K=29 || L2:[sp=K,33] S=7,X=1,C=3,K=1,Y=1,R=7",-149.0,-725.8580000000001,1,K|K,1
X,332,Y,221,S,7,X,219,R,7,C,3,K,36,K,33,S,7,X,1,C,2,K,1,Y,1,R,7,"L1:[sp=X,332] Y=221,S=7,X=219,R=7,C=3,K=36 || L2:[sp=K,33] S=7,X=1,C=2,K=1,Y=1,R=7",-444.0,-730.8910000000001,1,X|K,1
K,332,Y,221,C,2,R,7,X,219,S,7,K,29,K,33,S,7,X,1,C,1,K,1,Y,198,R,7,"L1:[sp=K,332] Y=221,C=2,R=7,X=219,S=7,K=29 || L2:[sp=K,33] S=7,X=1,C=1,K=1,Y=198,R=7",-2943.0,-740.1669999999999,1,K|K,1
Y,332,Y,221,S,7,X,219,R,7,C,3,K,36,K,33,S,7,X,1,C,2,K,1,Y,1,R,7,"L1:[sp=Y,332] Y=221,S=7,X=219,R=7,C=3,K=36 || L2:[sp=K,33] S=7,X=1,C=2,K=1,Y=1,R=7",-444.0,-730.8910000000001,1,Y|K,1
K,332,Y,221,C,3,R,7,X,219,S,7,K,29,K,33,S,7,X,1,C,1,K,1,Y,1,R,7,"L1:[sp=K,332] Y=221,C=3,R=7,X=219,S=7,K=29 || L2:[sp=K,33] S=7,X=1,C=1,K=1,Y=1,R=7",-149.0,-725.8580000000001,1,K|K,1
K,332,Y,221,R,7,C,1,X,219,S,7,K,41,C,1,S,7,X,1,C,1,K,1,Y,1,R,7,"L1:[sp=K,332] Y=221,R=7,C=1,X=219,S=7,K=41 || L2:[sp=C,1] S=7,X=1,C=1,K=1,Y=1,R=7",-6031.0,-727.5010000000001,1,K|C,1
C,332,Y,221,S,7,X,219,R,7,C,3,K,36,K,33,S,7,X,46,R,7,K,1,Y,1,C,2,"L1:[sp=C,332] Y=221,S=7,X=219,R=7,C=3,K=36 || L2:[sp=K,33] S=7,X=46,R=7,K=1,Y=1,C=2",-14997.0,-730.8910000000001,1,C|K,1
K,332,Y,221,R,7,C,1,X,219,S,7,K,61,K,33,S,7,X,1,C,1,K,1,Y,1,R,7,"L1:[sp=K,332] Y=221,R=7,C=1,X=219,S=7,K=61 || L2:[sp=K,33] S=7,X=1,C=1,K=1,Y=1,R=7",-298.0,-727.5010000000001,1,K|K,1
C,332,Y,221,S,7,X,219,R,7,C,3,K,36,K,33,S,7,X,1,C,2,K,1,Y,1,R,7,"L1:[sp=C,332] Y=221,S=7,X=219,R=7,C=3,K=36 || L2:[sp=K,33] S=7,X=1,C=2,K=1,Y=1,R=7",-444.0,-730.8910000000001,1,C|K,1
K,332,Y,221,C,3,R,7,X,183,S,7,K,29,K,33,S,7,X,1,C,1,Y,1,K,1,R,7,"L1:[sp=K,332] Y=221,C=3,R=7,X=183,S=7,K=29 || L2:[sp=K,33] S=7,X=1,C=1,Y=1,K=1,R=7",-inf,-inf,0,K|K,1
K,332,Y,221,C,3,R,7,X,219,S,7,K,29,K,33,S,7,X,1,C,2,K,1,Y,1,R,7,"L1:[sp=K,332] Y=221,C=3,R=7,X=219,S=7,K=29 || L2:[sp=K,33] S=7,X=1,C=2,K=1,Y=1,R=7",-149.0,-725.8580000000001,1,K|K,1
Y,332,Y,221,S,7,X,219,R,7,C,3,K,29,K,33,S,7,X,1,C,2,K,14,Y,1,R,7,"L1:[sp=Y,332] Y=221,S=7,X=219,R=7,C=3,K=29 || L2:[sp=K,33] S=7,X=1,C=2,K=14,Y=1,R=7",-6178.0,-740.329,1,Y|K,1
K,332,Y,221,C,3,R,7,X,219,S,7,K,36,K,33,S,7,X,1,C,1,K,1,Y,1,R,7,"L1:[sp=K,332] Y=221,C=3,R=7,X=219,S=7,K=36 || L2:[sp=K,33] S=7,X=1,C=1,K=1,Y=1,R=7",-296.0,-725.8580000000001,1,K|K,1
C,332,Y,221,S,7,X,219,R,7,C,2,K,36,K,33,S,7,X,1,Y,1,K,1,C,2,R,7,"L1:[sp=C,332] Y=221,S=7,X=219,R=7,C=2,K=36 || L2:[sp=K,33] S=7,X=1,Y=1,K=1,C=2,R=7",-297.0,-730.8910000000001,1,C|K,1
Y,332,Y,221,S,7,X,219,R,7,C,3,K,36,K,33,S,7,X,1,K,1,C,3,Y,1,R,7,"L1:[sp=Y,332] Y=221,S=7,X=219,R=7,C=3,K=36 || L2:[sp=K,33] S=7,X=1,K=1,C=3,Y=1,R=7",-444.0,-730.8910000000001,1,Y|K,1
Y,332,Y,221,C,3,R,7,X,50,S,7,K,29,K,33,S,7,X,1,C,3,K,1,Y,1,R,7,"L1:[sp=Y,332] Y=221,C=3,R=7,X=50,S=7,K=29 || L2:[sp=K,33] S=7,X=1,C=3,K=1,Y=1,R=7",-96154.0,-715.9960000000001,1,Y|K,1
K,332,Y,221,R,7,C,3,X,219,S,7,K,61,K,33,S,7,X,1,C,1,K,1,Y,1,R,7,"L1:[sp=K,332] Y=221,R=7,C=3,X=219,S=7,K=61 || L2:[sp=K,33] S=7,X=1,C=1,K=1,Y=1,R=7",-296.0,-725.8580000000001,1,K|K,1
X,332,Y,221,S,7,X,219,R,7,C,3,K,48,K,33,S,7,X,1,C,2,K,15,Y,1,R,7,"L1:[sp=X,332] Y=221,S=7,X=219,R=7,C=3,K=48 || L2:[sp=K,33] S=7,X=1,C=2,K=15,Y=1,R=7",-4413.0,-745.992,1,X|K,1
K,332,Y,177,R,7,C,2,X,219,S,7,K,61,K,33,S,7,X,1,C,1,K,1,Y,1,R,7,"L1:[sp=K,332] Y=177,R=7,C=2,X=219,S=7,K=61 || L2:[sp=K,33] S=7,X=1,C=1,K=1,Y=1,R=7",-inf,-inf,0,K|K,1
K,332,Y,221,C,3,R,7,X,219,S,7,K,29,K,33,S,7,X,1,C,1,Y,1,K,1,R,7,"L1:[sp=K,332] Y=221,C=3,R=7,X=219,S=7,K=29 || L2:[sp=K,33] S=7,X=1,C=1,Y=1,K=1,R=7",-149.0,-725.8580000000001,1,K|K,1
K,332,S,7,C,1,R,7,X,80,Y,221,K,15,K,33,S,7,X,1,C,1,K,10,Y,1,R,7,"L1:[sp=K,332] S=7,C=1,R=7,X=80,Y=221,K=15 || L2:[sp=K,33] S=7,X=1,C=1,K=10,Y=1,R=7",-inf,-inf,0,K|K,1
K,332,Y,221,K,29,R,7,X,219,S,7,C,3,Y,1,C,3,X,1,S,7,K,1,Y,1,R,7,"L1:[sp=K,332] Y=221,K=29,R=7,X=219,S=7,C=3 || L2:[sp=Y,1] C=3,X=1,S=7,K=1,Y=1,R=7",-4265.0,-725.8580000000001,1,K|Y,1
K,332,Y,221,C,3,R,7,X,219,S,7,K,29,K,33,S,7,X,1,C,1,K,1,Y,1,R,7,"L1:[sp=K,332] Y=221,C=3,R=7,X=219,S=7,K=29 || L2:[sp=K,33] S=7,X=1,C=1,K=1,Y=1,R=7",-149.0,-725.8580000000001,1,K|K,1
K,332,Y,221,C,1,R,7,X,219,S,7,K,29,K,33,S,7,X,1,C,1,K,1,Y,1,R,7,"L1:[sp=K,332] Y=221,C=1,R=7,X=219,S=7,K=29 || L2:[sp=K,33] S=7,X=1,C=1,K=1,Y=1,R=7",-151.0,-727.5010000000001,1,K|K,1
K,332,Y,221,R,7,C,2,X,219,S,7,K,61,K,33,S,7,X,1,C,2,K,61,Y,1,R,7,"L1:[sp=K,332] Y=221,R=7,C=2,X=219,S=7,K=61 || L2:[sp=K,33] S=7,X=1,C=2,K=61,Y=1,R=7",-11959.0,-740.1669999999999,1,K|K,1
Y,332,Y,221,S,7,X,219,R,7,C,3,K,11,K,33,S,7,X,1,C,2,K,1,Y,1,R,7,"L1:[sp=Y,332] Y=221,S=7,X=219,R=7,C=3,K=11 || L2:[sp=K,33] S=7,X=1,C=2,K=1,Y=1,R=7",-889.0,-727.1160000000001,1,Y|K,1
Y,332,Y,221,C,3,K,54,X,218,S,7,R,7,K,33,S,7,X,1,C,2,K,1,Y,1,R,7,"L1:[sp=Y,332] Y=221,C=3,K=54,X=218,S=7,R=7 || L2:[sp=K,33] S=7,X=1,C=2,K=1,Y=1,R=7",-inf,-inf,0,Y|K,1
K,332,Y,221,C,3,R,7,K,36,S,7,X,219,K,33,S,7,C,1,X,1,R,7,Y,1,K,1,"L1:[sp=K,332] Y=221,C=3,R=7,K=36,S=7,X=219 || L2:[sp=K,33] S=7,C=1,X=1,R=7,Y=1,K=1",-296.0,-725.8580000000001,1,K|K,1
K,332,Y,221,C,3,R,7,X,208,S,7,K,29,K,33,S,7,X,1,C,1,Y,1,K,1,R,7,"L1:[sp=K,332] Y=221,C=3,R=7,X=208,S=7,K=29 || L2:[sp=K,33] S=7,X=1,C=1,Y=1,K=1,R=7",-inf,-inf,0,K|K,1
C,332,Y,106,S,7,X,219,R,7,C,3,K,36,K,33,S,7,X,1,Y,1,K,1,C,1,R,7,"L1:[sp=C,332] Y=106,S=7,X=219,R=7,C=3,K=36 || L2:[sp=K,33] S=7,X=1,Y=1,K=1,C=1,R=7",-96145.0,-736.263,1,C|K,1
K,332,C,2,Y,221,R,7,X,219,S,7,K,36,K,33,S,7,X,1,C,2,K,1,Y,1,R,7,"L1:[sp=K,332] C=2,Y=221,R=7,X=219,S=7,K=36 || L2:[sp=K,33] S=7,X=1,C=2,K=1,Y=1,R=7",-395.0,-740.1669999999999,1,K|K,1
K,332,Y,221,R,7,C,1,X,219,S,7,K,61,K,33,S,7,X,1,C,1,K,1,Y,1,R,7,"L1:[sp=K,332] Y=221,R=7,C=1,X=219,S=7,K=61 || L2:[sp=K,33] S=7,X=1,C=1,K=1,Y=1,R=7",-298.0,-727.5010000000001,1,K|K,1
K,332,Y,221,C,3,R,7,X,219,S,7,K,29,K,33,S,7,X,1,C,2,K,1,Y,1,R,7,"L1:[sp=K,332] Y=221,C=3,R=7,X=219,S=7,K=29 || L2:[sp=K,33] S=7,X=1,C=2,K=1,Y=1,R=7",-149.0,-725.8580000000001,1,K|K,1
K,332,Y,221,C,3,R,7,X,219,S,7,K,29,K,33,S,7,X,1,C,2,K,1,Y,1,R,7,"L1:[sp=K,332] Y=221,C=3,R=7,X=219,S=7,K=29 || L2:[sp=K,33] S=7,X=1,C=2,K=1,Y=1,R=7",-149.0,-725.8580000000001,1,K|K,1
Y,332,Y,221,C,3,R,7,X,219,S,7,K,29,K,33,S,7,X,1,C,1,Y,1,K,1,R,7,"L1:[sp=Y,332] Y=221,C=3,R=7,X=219,S=7,K=29 || L2:[sp=K,33] S=7,X=1,C=1,Y=1,K=1,R=7",-445.0,-740.329,1,Y|K,1
K,332,Y,221,C,3,R,7,X,219,S,7,K,29,K,33,S,7,X,1,C,1,K,1,Y,1,R,7,"L1:[sp=K,332] Y=221,C=3,R=7,X=219,S=7,K=29 || L2:[sp=K,33] S=7,X=1,C=1,K=1,Y=1,R=7",-149.0,-725.8580000000001,1,K|K,1
K,332,Y,221,R,7,C,3,X,219,S,7,K,61,K,33,S,7,X,1,C,1,K,1,Y,1,R,7,"L1:[sp=K,332] Y=221,R=7,C=3,X=219,S=7,K=61 || L2:[sp=K,33] S=7,X=1,C=1,K=1,Y=1,R=7",-296.0,-725.8580000000001,1,K|K,1
K,332,Y,221,C,3,R,7,X,219,S,7,K,29,K,33,S,7,X,1,C,2,K,5,Y,1,R,7,"L1:[sp=K,332] Y=221,C=3,R=7,X=219,S=7,K=29 || L2:[sp=K,33] S=7,X=1,C=2,K=5,Y=1,R=7",-737.0,-725.8580000000001,1,K|K,1
C,332,Y,221,S,7,X,219,R,7,C,3,K,36,K,33,S,7,X,1,C,3,K,1,Y,1,R,7,"L1:[sp=C,332] Y=221,S=7,X=219,R=7,C=3,K=36 || L2:[sp=K,33] S=7,X=1,C=3,K=1,Y=1,R=7",-444.0,-730.8910000000001,1,C|K,1
K,332,Y,221,C,3,R,7,X,219,S,7,K,29,K,33,S,7,X,208,C,1,Y,1,K,1,R,7,"L1:[sp=K,332] Y=221,C=3,R=7,X=219,S=7,K=29 || L2:[sp=K,33] S=7,X=208,C=1,Y=1,K=1,R=7",-1472.0,-725.8580000000001,1,K|K,1
K,332,Y,221,C,3,R,7,X,219,S,7,K,29,K,33,S,7,X,1,C,2,K,1,Y,1,R,7,"L1:[sp=K,332] Y=221,C=3,R=7,X=219,S=7,K=29 || L2:[sp=K,33] S=7,X=1,C=2,K=1,Y=1,R=7",-149.0,-725.8580000000001,1,K|K,1
K,332,Y,221,C,3,R,7,X,219,S,7,K,29,K,33,S,7,X,1,C,1,K,1,Y,1,R,7,"L1:[sp=K,332] Y=221,C=3,R=7,X=219,S=7,K=29 || L2:[sp=K,33] S=7,X=1,C=1,K=1,Y=1,R=7",-149.0,-725.8580000000001,1,K|K,1
K,332,Y,221,C,3,R,7,X,219,S,7,K,29,K,33,S,7,X,1,C,1,K,1,Y,1,R,7,"L1:[sp=K,332] Y=221,C=3,R=7,X=219,S=7,K=29 || L2:[sp=K,33] S=7,X=1,C=1,K=1,Y=1,R=7",-149.0,-725.8580000000001,1,K|K,1
K,332,Y,221,R,7,C,3,X,219,S,7,K,61,K,33,S,7,X,1,C,1,K,1,Y,1,R,7,"L1:[sp=K,332] Y=221,R=7,C=3,X=219,S=7,K=61 || L2:[sp=K,33] S=7,X=1,C=1,K=1,Y=1,R=7",-296.0,-725.8580000000001,1,K|K,1
K,332,Y,24,C,3,R,7,X,219,S,7,K,29,K,33,S,7,X,1,C,3,Y,1,K,1,R,7,"L1:[sp=K,332] Y=24,C=3,R=7,X=219,S=7,K=29 || L2:[sp=K,33] S=7,X=1,C=3,Y=1,K=1,R=7",-32057.0,-680.919,1,K|K,1
K,332,Y,221,C,1,R,7,X,219,S,7,K,29,K,33,S,7,X,1,C,1,K,1,Y,1,R,7,"L1:[sp=K,332] Y=221,C=1,R=7,X=219,S=7,K=29 || L2:[sp=K,33] S=7,X=1,C=1,K=1,Y=1,R=7",-151.0,-727.5010000000001,1,K|K,1
K,332,C,2,Y,221,R,7,X,219,S,7,K,36,K,33,S,7,X,1,C,2,K,1,Y,74,R,7,"L1:[sp=K,332] C=2,Y=221,R=7,X=219,S=7,K=36 || L2:[sp=K,33] S=7,X=1,C=2,K=1,Y=74,R=7",-27443.0,-740.1669999999999,1,K|K,1
K,332,Y,221,R,7,C,3,X,219,S,7,K,61,K,33,Y,1,X,1,C,1,K,1,S,7,R,7,"L1:[sp=K,332] Y=221,R=7,C=3,X=219,S=7,K=61 || L2:[sp=K,33] Y=1,X=1,C=1,K=1,S=7,R=7",-296.0,-725.8580000000001,1,K|K,1
K,332,Y,221,X,219,C,3,R,7,S,7,K,61,K,33,S,7,X,217,C,1,K,1,Y,55,R,7,"L1:[sp=K,332] Y=221,X=219,C=3,R=7,S=7,K=61 || L2:[sp=K,33] S=7,X=217,C=1,K=1,Y=55,R=7",-15584.0,-725.8580000000001,1,K|K,1
K,332,C,2,Y,180,R,7,X,219,S,7,K,36,X,1,S,7,X,1,C,2,K,1,Y,1,R,7,"L1:[sp=K,332] C=2,Y=180,R=7,X=219,S=7,K=36 || L2:[sp=X,1] S=7,X=1,C=2,K=1,Y=1,R=7",-inf,-inf,0,K|X,1
K,332,K,29,C,3,R,7,X,4,S,7,Y,221,K,33,S,7,X,1,C,2,K,1,Y,1,R,7,"L1:[sp=K,332] K=29,C=3,R=7,X=4,S=7,Y=221 || L2:[sp=K,33] S=7,X=1,C=2,K=1,Y=1,R=7",-32102.0,-554.393,1,K|K,1
K,332,X,219,C,3,R,7,K,36,S,7,Y,221,C,1,S,7,C,1,X,1,R,7,Y,1,K,1,"L1:[sp=K,332] X=219,C=3,R=7,K=36,S=7,Y=221 || L2:[sp=C,1] S=7,C=1,X=1,R=7,Y=1,K=1",-5294.0,-725.8580000000001,1,K|C,1
Y,332,S,7,C,3,R,7,X,219,Y,221,K,29,K,33,S,7,X,1,C,2,K,13,Y,1,R,7,"L1:[sp=Y,332] S=7,C=3,R=7,X=219,Y=221,K=29 || L2:[sp=K,33] S=7,X=1,C=2,K=13,Y=1,R=7",-5737.0,-740.329,1,Y|K,1
K,332,Y,221,C,1,R,7,X,219,S,7,K,29,K,33,S,7,X,1,C,1,K,18,Y,1,R,7,"L1:[sp=K,332] Y=221,C=1,R=7,X=219,S=7,K=29 || L2:[sp=K,33] S=7,X=1,C=1,K=18,Y=1,R=7",-2650.0,-727.5010000000001,1,K|K,1
K,332,Y,221,R,7,C,3,X,219,S,7,K,61,K,33,X,1,S,7,C,1,K,1,Y,1,R,7,"L1:[sp=K,332] Y=221,R=7,C=3,X=219,S=7,K=61 || L2:[sp=K,33] X=1,S=7,C=1,K=1,Y=1,R=7",-296.0,-725.8580000000001,1,K|K,1
K,332,Y,221,C,3,R,7,K,36,S,7,X,219,K,33,S,7,C,3,X,1,R,7,Y,1,K,1,"L1:[sp=K,332] Y=221,C=3,R=7,K=36,S=7,X=219 || L2:[sp=K,33] S=7,C=3,X=1,R=7,Y=1,K=1",-296.0,-725.8580000000001,1,K|K,1
C,332,Y,221,R,7,C,1,X,219,S,7,K,29,K,33,S,7,R,7,C,1,K,1,Y,1,X,1,"L1:[sp=C,332] Y=221,R=7,C=1,X=219,S=7,K=29 || L2:[sp=K,33] S=7,R=7,C=1,K=1,Y=1,X=1",-151.0,-740.329,1,C|K,1
K,332,Y,221,R,7,C,3,X,219,S,7,K,61,K,33,S,7,X,1,C,1,K,1,Y,1,R,7,"L1:[sp=K,332] Y=221,R=7,C=3,X=219,S=7,K=61 || L2:[sp=K,33] S=7,X=1,C=1,K=1,Y=1,R=7",-296.0,-725.8580000000001,1,K|K,1
K,332,Y,221,C,3,R,7,X,219,S,7,K,29,K,33,S,7,X,1,C,1,K,1,Y,1,R,7,"L1:[sp=K,332] Y=221,C=3,R=7,X=219,S=7,K=29 || L2:[sp=K,33] S=7,X=1,C=1,K=1,Y=1,R=7",-149.0,-725.8580000000001,1,K|K,1
K,332,Y,221,R,7,C,3,X,219,S,7,K,61,K,33,S,7,X,1,C,1,K,1,Y,1,R,7,"L1:[sp=K,332] Y=221,R=7,C=3,X=219,S=7,K=61 || L2:[sp=K,33] S=7,X=1,C=1,K=1,Y=1,R=7",-296.0,-725.8580000000001,1,K|K,1
K,332,R,7,C,2,Y,221,K,36,S,7,X,219,K,33,S,7,C,2,X,1,R,7,Y,1,K,1,"L1:[sp=K,332] R=7,C=2,Y=221,K=36,S=7,X=219 || L2:[sp=K,33] S=7,C=2,X=1,R=7,Y=1,K=1",-395.0,-740.1669999999999,1,K|K,1
K,332,Y,221,R,7,C,3,X,219,S,7,K,61,X,3,Y,1,X,1,C,1,K,59,S,7,R,7,"L1:[sp=K,332] Y=221,R=7,C=3,X=219,S=7,K=61 || L2:[sp=X,3] Y=1,X=1,C=1,K=59,S=7,R=7",-8969.0,-725.8580000000001,1,K|X,1
K,332,Y,216,R,7,C,3,X,219,S,7,K,61,K,33,S,7,X,1,C,1,K,1,Y,1,R,7,"L1:[sp=K,332] Y=216,R=7,C=3,X=219,S=7,K=61 || L2:[sp=K,33] S=7,X=1,C=1,K=1,Y=1,R=7",-inf,-inf,0,K|K,1
K,332,Y,221,R,7,C,3,X,24,S,7,K,61,K,33,Y,1,R,7,C,1,K,1,S,7,X,1,"L1:[sp=K,332] Y=221,R=7,C=3,X=24,S=7,K=61 || L2:[sp=K,33] Y=1,R=7,C=1,K=1,S=7,X=1",-64103.0,-555.163,1,K|K,1
C,332,Y,221,R,7,C,1,X,219,S,7,K,29,X,1,S,7,R,7,Y,1,K,24,C,1,X,1,"L1:[sp=C,332] Y=221,R=7,C=1,X=219,S=7,K=29 || L2:[sp=X,1] S=7,R=7,Y=1,K=24,C=1,X=1",-3091.0,-740.329,1,C|X,1
C,332,Y,221,R,7,C,1,X,219,S,7,K,29,K,33,S,7,R,7,C,1,K,1,Y,1,X,1,"L1:[sp=C,332] Y=221,R=7,C=1,X=219,S=7,K=29 || L2:[sp=K,33] S=7,R=7,C=1,K=1,Y=1,X=1",-151.0,-740.329,1,C|K,1
K,332,Y,221,R,7,C,3,X,219,S,7,K,61,K,33,X,1,R,7,C,1,K,1,Y,1,S,7,"L1:[sp=K,332] Y=221,R=7,C=3,X=219,S=7,K=61 || L2:[sp=K,33] X=1,R=7,C=1,K=1,Y=1,S=7",-296.0,-725.8580000000001,1,K|K,1
K,332,Y,221,R,7,C,3,X,219,S,7,K,61,K,33,Y,1,X,1,C,1,K,1,S,7,R,7,"L1:[sp=K,332] Y=221,R=7,C=3,X=219,S=7,K=61 || L2:[sp=K,33] Y=1,X=1,C=1,K=1,S=7,R=7",-296.0,-725.8580000000001,1,K|K,1
K,332,Y,221,C,1,R,7,X,219,S,7,K,29,K,33,S,7,X,1,C,1,K,18,Y,1,R,7,"L1:[sp=K,332] Y=221,C=1,R=7,X=219,S=7,K=29 || L2:[sp=K,33] S=7,X=1,C=1,K=18,Y=1,R=7",-2650.0,-727.5010000000001,1,K|K,1
K,332,Y,221,R,7,C,3,X,219,S,7,K,61,K,33,X,1,S,7,C,1,K,1,Y,1,R,7,"L1:[sp=K,332] Y=221,R=7,C=3,X=219,S=7,K=61 || L2:[sp=K,33] X=1,S=7,C=1,K=1,Y=1,R=7",-296.0,-725.8580000000001,1,K|K,1
K,332,Y,221,R,7,C,2,X,219,S,7,K,61,K,33,Y,1,X,1,C,1,K,1,S,7,R,7,"L1:[sp=K,332] Y=221,R=7,C=2,X=219,S=7,K=61 || L2:[sp=K,33] Y=1,X=1,C=1,K=1,S=7,R=7",-297.0,-740.1669999999999,1,K|K,1
K,332,Y,221,R,7,C,3,X,219,S,7,K,61,K,33,X,1,S,7,C,1,K,1,Y,1,R,7,"L1:[sp=K,332] Y=221,R=7,C=3,X=219,S=7,K=61 || L2:[sp=K,33] X=1,S=7,C=1,K=1,Y=1,R=7",-296.0,-725.8580000000001,1,K|K,1
K,332,Y,221,R,7,C,3,X,219,S,7,K,6,K,33,Y,1,X,1,C,1,K,1,S,7,R,7,"L1:[sp=K,332] Y=221,R=7,C=3,X=219,S=7,K=6 || L2:[sp=K,33] Y=1,X=1,C=1,K=1,S=7,R=7",-149.0,-725.8580000000001,1,K|K,1
K,332,Y,221,R,7,C,3,X,219,S,7,K,61,K,33,Y,1,X,1,C,1,K,39,S,7,R,7,"L1:[sp=K,332] Y=221,R=7,C=3,X=219,S=7,K=61 || L2:[sp=K,33] Y=1,X=1,C=1,K=39,S=7,R=7",-5735.0,-725.8580000000001,1,K|K,1
K,332,Y,221,C,3,R,7,X,219,S,7,K,29,K,33,S,7,X,1,C,1,K,1,Y,1,R,7,"L1:[sp=K,332] Y=221,C=3,R=7,X=219,S=7,K=29 || L2:[sp=K,33] S=7,X=1,C=1,K=1,Y=1,R=7",-149.0,-725.8580000000001,1,K|K,1
K,332,Y,221,R,7,C,3,X,219,S,7,K,61,K,33,X,1,S,7,C,1,K,1,Y,1,R,7,"L1:[sp=K,332] Y=221,R=7,C=3,X=219,S=7,K=61 || L2:[sp=K,33] X=1,S=7,C=1,K=1,Y=1,R=7",-296.0,-725.8580000000001,1,K|K,1
K,332,Y,221,R,7,C,3,X,219,S,7,K,61,K,33,S,7,X,1,C,1,K,1,Y,1,R,7,"L1:[sp=K,332] Y=221,R=7,C=3,X=219,S=7,K=61 || L2:[sp=K,33] S=7,X=1,C=1,K=1,Y=1,R=7",-296.0,-725.8580000000001,1,K|K,1
C,332,Y,221,R,7,C,1,X,219,S,7,K,29,K,33,S,7,R,7,C,1,K,5,Y,1,X,1,"L1:[sp=C,332] Y=221,R=7,C=1,X=219,S=7,K=29 || L2:[sp=K,33] S=7,R=7,C=1,K=5,Y=1,X=1",-739.0,-740.329,1,C|K,1
K,332,Y,221,R,7,C,3,X,219,S,7,K,61,K,33,S,7,X,1,C,1,K,1,Y,1,R,7,"L1:[sp=K,332] Y=221,R=7,C=3,X=219,S=7,K=61 || L2:[sp=K,33] S=7,X=1,C=1,K=1,Y=1,R=7",-296.0,-725.8580000000001,1,K|K,1
K,332,Y,221,R,7,C,2,X,219,S,7,K,61,K,33,Y,1,X,1,C,1,K,1,S,7,R,7,"L1:[sp=K,332] Y=221,R=7,C=2,X=219,S=7,K=61 || L2:[sp=K,33] Y=1,X=1,C=1,K=1,S=7,R=7",-297.0,-740.1669999999999,1,K|K,1
K,332,Y,221,R,7,C,3,X,219,S,7,K,61,K,33,Y,1,X,1,C,1,K,1,S,7,R,7,"L1:[sp=K,332] Y=221,R=7,C=3,X=219,S=7,K=61 || L2:[sp=K,33] Y=1,X=1,C=1,K=1,S=7,R=7",-296.0,-725.8580000000001,1,K|K,1
K,332,Y,221,R,7,C,3,X,219,S,7,K,24,K,33,S,7,X,1,C,1,K,1,Y,1,R,7,"L1:[sp=K,332] Y=221,R=7,C=3,X=219,S=7,K=24 || L2:[sp=K,33] S=7,X=1,C=1,K=1,Y=1,R=7",-149.0,-725.8580000000001,1,K|K,1
K,332,Y,221,R,7,C,3,X,219,S,7,K,61,K,33,X,1,S,7,C,1,K,21,Y,1,R,7,"L1:[sp=K,332] Y=221,R=7,C=3,X=219,S=7,K=61 || L2:[sp=K,33] X=1,S=7,C=1,K=21,Y=1,R=7",-3089.0,-725.8580000000001,1,K|K,1
K,332,Y,221,R,7,C,3,X,219,S,7,K,61,K,33,X,183,S,7,C,2,K,22,Y,1,R,7,"L1:[sp=K,332] Y=221,R=7,C=3,X=219,S=7,K=61 || L2:[sp=K,33] X=183,S=7,C=2,K=22,Y=1,R=7",-113192.0,-725.8580000000001,1,K|K,1
K,332,Y,221,R,7,S,7,X,219,C,3,K,61,K,33,S,7,X,1,C,1,K,1,Y,1,R,7,"L1:[sp=K,332] Y=221,R=7,S=7,X=219,C=3,K=61 || L2:[sp=K,33] S=7,X=1,C=1,K=1,Y=1,R=7",-296.0,-725.8580000000001,1,K|K,1
K,332,Y,85,R,7,C,3,X,219,S,7,K,61,X,3,X,1,S,7,Y,1,K,1,C,1,R,7,"L1:[sp=K,332] Y=85,R=7,C=3,X=219,S=7,K=61 || L2:[sp=X,3] X=1,S=7,Y=1,K=1,C=1,R=7",-1954810.0,-681.882,1,K|X,1
K,332,Y,221,R,7,C,1,X,219,S,7,K,29,K,33,S,7,R,7,C,1,K,1,Y,181,X,1,"L1:[sp=K,332] Y=221,R=7,C=1,X=219,S=7,K=29 || L2:[sp=K,33] S=7,R=7,C=1,K=1,Y=181,X=1",-5443.0,-727.5010000000001,1,K|K,1
C,332,S,7,R,7,C,1,X,219,Y,221,K,29,K,33,S,7,R,7,C,1,K,1,Y,84,X,1,"L1:[sp=C,332] S=7,R=7,C=1,X=219,Y=221,K=29 || L2:[sp=K,33] S=7,R=7,C=1,K=1,Y=84,X=1",-7354.0,-740.329,1,C|K,1
K,332,Y,215,C,3,R,7,X,219,S,7,K,29,K,33,S,7,X,1,C,1,K,1,Y,1,R,7,"L1:[sp=K,332] Y=215,C=3,R=7,X=219,S=7,K=29 || L2:[sp=K,33] S=7,X=1,C=1,K=1,Y=1,R=7",-inf,-inf,0,K|K,1
K,332,Y,221,R,7,C,3,X,12,S,7,K,61,K,33,S,7,C,1,X,1,K,1,Y,1,R,7,"L1:[sp=K,332] Y=221,R=7,C=3,X=12,S=7,K=61 || L2:[sp=K,33] S=7,C=1,X=1,K=1,Y=1,R=7",-64112.0,-554.701,1,K|K,1
K,332,Y,221,C,3,R,7,X,219,S,7,K,29,K,33,S,7,X,1,C,1,K,1,Y,1,R,7,"L1:[sp=K,332] Y=221,C=3,R=7,X=219,S=7,K=29 || L2:[sp=K,33] S=7,X=1,C=1,K=1,Y=1,R=7",-149.0,-725.8580000000001,1,K|K,1
C,332,Y,221,R,7,C,1,X,219,S,7,K,29,K,33,S,7,R,7,C,1,K,5,Y,1,X,1,"L1:[sp=C,332] Y=221,R=7,C=1,X=219,S=7,K=29 || L2:[sp=K,33] S=7,R=7,C=1,K=5,Y=1,X=1",-739.0,-740.329,1,C|K,1
K,332,Y,221,R,7,S,7,X,219,C,3,K,61,K,33,S,7,X,1,C,1,K,1,Y,1,R,7,"L1:[sp=K,332] Y=221,R=7,S=7,X=219,C=3,K=61 || L2:[sp=K,33] S=7,X=1,C=1,K=1,Y=1,R=7",-296.0,-725.8580000000001,1,K|K,1
K,332,S,7,R,7,C,3,X,219,Y,221,K,61,K,33,S,7,X,1,C,1,K,13,Y,1,R,7,"L1:[sp=K,332] S=7,R=7,C=3,X=219,Y=221,K=61 || L2:[sp=K,33] S=7,X=1,C=1,K=13,Y=1,R=7",-1913.0,-725.8580000000001,1,K|K,1
K,332,Y,156,R,7,S,7,X,219,C,3,K,61,K,61,S,7,X,1,C,1,K,1,Y,1,R,7,"L1:[sp=K,332] Y=156,R=7,S=7,X=219,C=3,K=61 || L2:[sp=K,61] S=7,X=1,C=1,K=1,Y=1,R=7",-32049.0,-685.541,1,K|K,1
K,332,Y,221,C,3,R,7,X,219,S,7,K,29,K,33,S,7,X,1,C,3,K,1,Y,1,R,7,"L1:[sp=K,332] Y=221,C=3,R=7,X=219,S=7,K=29 || L2:[sp=K,33] S=7,X=1,C=3,K=1,Y=1,R=7",-149.0,-725.8580000000001,1,K|K,1
K,332,Y,221,R,7,C,3,X,219,S,7,K,24,K,33,S,7,X,1,Y,1,K,1,C,1,R,7,"L1:[sp=K,332] Y=221,R=7,C=3,X=219,S=7,K=24 || L2:[sp=K,33] S=7,X=1,Y=1,K=1,C=1,R=7",-149.0,-725.8580000000001,1,K|K,1
C,332,Y,221,R,7,C,1,X,219,S,7,K,29,K,33,S,7,R,7,C,1,K,5,Y,1,X,1,"L1:[sp=C,332] Y=221,R=7,C=1,X=219,S=7,K=29 || L2:[sp=K,33] S=7,R=7,C=1,K=5,Y=1,X=1",-739.0,-740.329,1,C|K,1
K,332,Y,221,R,7,C,3,X,219,S,7,K,24,K,33,S,7,X,1,C,1,K,1,Y,1,R,7,"L1:[sp=K,332] Y=221,R=7,C=3,X=219,S=7,K=24 || L2:[sp=K,33] S=7,X=1,C=1,K=1,Y=1,R=7",-149.0,-725.8580000000001,1,K|K,1
K,332,Y,221,R,7,C,3,X,219,S,7,K,61,K,33,Y,1,X,1,C,1,K,1,S,7,R,7,"L1:[sp=K,332] Y=221,R=7,C=3,X=219,S=7,K=61 || L2:[sp=K,33] Y=1,X=1,C=1,K=1,S=7,R=7",-296.0,-725.8580000000001,1,K|K,1
K,332,Y,221,R,7,C,2,X,219,S,7,K,61,K,33,Y,1,X,1,C,2,K,1,S,7,R,7,"L1:[sp=K,332] Y=221,R=7,C=2,X=219,S=7,K=61 || L2:[sp=K,33] Y=1,X=1,C=2,K=1,S=7,R=7",-395.0,-740.1669999999999,1,K|K,1
K,332,Y,221,C,2,R,7,X,219,S,7,K,61,K,1,Y,1,X,1,C,1,K,1,S,7,R,7,"L1:[sp=K,332] Y=221,C=2,R=7,X=219,S=7,K=61 || L2:[sp=K,1] Y=1,X=1,C=1,K=1,S=7,R=7",-8970.0,-740.1669999999999,1,K|K,1
K,332,Y,221,R,7,C,3,X,219,S,7,K,24,K,33,S,7,X,1,C,1,K,1,Y,56,R,7,"L1:[sp=K,332] Y=221,R=7,C=3,X=219,S=7,K=24 || L2:[sp=K,33] S=7,X=1,C=1,K=1,Y=56,R=7",-7352.0,-725.8580000000001,1,K|K,1
K,332,Y,221,C,3,R,7,X,212,K,57,S,7,K,33,S,7,X,1,C,1,K,1,Y,1,R,7,"L1:[sp=K,332] Y=221,C=3,R=7,X=212,K=57,S=7 || L2:[sp=K,33] S=7,X=1,C=1,K=1,Y=1,R=7",-inf,-inf,0,K|K,1
C,332,Y,221,R,7,C,1,X,219,S,7,K,29,K,33,S,7,R,7,C,1,K,5,Y,1,X,1,"L1:[sp=C,332] Y=221,R=7,C=1,X=219,S=7,K=29 || L2:[sp=K,33] S=7,R=7,C=1,K=5,Y=1,X=1",-739.0,-740.329,1,C|K,1
C,332,S,7,R,7,C,3,X,219,Y,221,K,29,K,33,S,7,R,7,C,1,K,5,Y,1,X,1,"L1:[sp=C,332] S=7,R=7,C=3,X=219,Y=221,K=29 || L2:[sp=K,33] S=7,R=7,C=1,K=5,Y=1,X=1",-2209.0,-740.329,1,C|K,1
K,332,Y,221,C,3,R,7,X,219,S,7,K,29,K,33,S,7,X,1,C,1,K,1,Y,1,R,7,"L1:[sp=K,332] Y=221,C=3,R=7,X=219,S=7,K=29 || L2:[sp=K,33] S=7,X=1,C=1,K=1,Y=1,R=7",-149.0,-725.8580000000001,1,K|K,1
K,332,Y,221,C,1,R,7,X,219,S,7,K,29,K,33,S,7,X,1,C,1,R,7,Y,1,K,1,"L1:[sp=K,332] Y=221,C=1,R=7,X=219,S=7,K=29 || L2:[sp=K,33] S=7,X=1,C=1,R=7,Y=1,K=1",-151.0,-727.5010000000001,1,K|K,1
K,332,Y,221,R,7,C,1,X,219,S,7,K,29,K,33,S,7,R,7,C,1,K,5,Y,1,X,1,"L1:[sp=K,332] Y=221,R=7,C=1,X=219,S=7,K=29 || L2:[sp=K,33] S=7,R=7,C=1,K=5,Y=1,X=1",-739.0,-727.5010000000001,1,K|K,1
K,332,Y,221,R,7,C,3,X,219,S,7,K,47,K,33,S,7,X,1,Y,1,K,1,C,1,R,7,"L1:[sp=K,332] Y=221,R=7,C=3,X=219,S=7,K=47 || L2:[sp=K,33] S=7,X=1,Y=1,K=1,C=1,R=7",-296.0,-725.8580000000001,1,K|K,1
K,332,Y,221,R,7,C,2,X,219,S,7,K,61,K,33,Y,155,X,1,C,2,K,1,S,7,R,7,"L1:[sp=K,332] Y=221,R=7,C=2,X=219,S=7,K=61 || L2:[sp=K,33] Y=155,X=1,C=2,K=1,S=7,R=7",-24699.0,-740.1669999999999,1,K|K,1
K,332,Y,221,C,3,R,7,X,219,S,7,K,29,K,33,S,7,X,1,C,3,K,1,Y,1,R,7,"L1:[sp=K,332] Y=221,C=3,R=7,X=219,S=7,K=29 || L2:[sp=K,33] S=7,X=1,C=3,K=1,Y=1,R=7",-149.0,-725.8580000000001,1,K|K,1
K,332,Y,221,C,3,R,7,X,219,S,7,K,29,K,33,S,7,X,1,C,1,K,1,Y,1,R,7,"L1:[sp=K,332] Y=221,C=3,R=7,X=219,S=7,K=29 || L2:[sp=K,33] S=7,X=1,C=1,K=1,Y=1,R=7",-149.0,-725.8580000000001,1,K|K,1
K,332,Y,101,R,7,C,2,X,219,S,7,K,61,K,33,Y,1,R,7,C,2,K,1,S,7,X,1,"L1:[sp=K,332] Y=101,R=7,C=2,X=219,S=7,K=61 || L2:[sp=K,33] Y=1,R=7,C=2,K=1,S=7,X=1",-85463.0,-700.0,1,K|K,1
X,332,Y,221,R,7,C,3,X,219,S,7,K,28,K,33,S,7,X,157,C,1,K,1,Y,1,R,7,"L1:[sp=X,332] Y=221,R=7,C=3,X=219,S=7,K=28 || L2:[sp=K,33] S=7,X=157,C=1,K=1,Y=1,R=7",-26905.0,-738.442,1,X|K,1
K,332,Y,221,R,7,C,2,X,219,S,7,K,61,K,33,Y,1,X,1,C,2,K,1,S,7,R,7,"L1:[sp=K,332] Y=221,R=7,C=2,X=219,S=7,K=61 || L2:[sp=K,33] Y=1,X=1,C=2,K=1,S=7,R=7",-395.0,-740.1669999999999,1,K|K,1
K,332,Y,221,R,7,K,61,X,219,C,3,S,7,K,33,S,7,X,1,C,1,K,1,Y,1,R,7,"L1:[sp=K,332] Y=221,R=7,K=61,X=219,C=3,S=7 || L2:[sp=K,33] S=7,X=1,C=1,K=1,Y=1,R=7",-296.0,-725.8580000000001,1,K|K,1
K,332,Y,221,K,29,R,7,X,219,S,7,C,3,K,33,S,7,Y,1,C,3,K,1,X,1,R,7,"L1:[sp=K,332] Y=221,K=29,R=7,X=219,S=7,C=3 || L2:[sp=K,33] S=7,Y=1,C=3,K=1,X=1,R=7",-149.0,-725.8580000000001,1,K|K,1
C,332,Y,62,R,7,C,1,X,219,S,7,K,29,K,33,S,7,R,7,C,1,K,5,Y,1,X,1,"L1:[sp=C,332] Y=62,R=7,C=1,X=219,S=7,K=29 || L2:[sp=K,33] S=7,R=7,C=1,K=5,Y=1,X=1",-160243.0,-801.405,1,C|K,1
K,332,S,7,R,7,C,3,X,219,K,61,Y,221,K,33,Y,1,X,1,C,2,K,1,S,7,R,7,"L1:[sp=K,332] S=7,R=7,C=3,X=219,K=61,Y=221 || L2:[sp=K,33] Y=1,X=1,C=2,K=1,S=7,R=7",-296.0,-725.8580000000001,1,K|K,1
K,332,Y,221,C,3,R,7,X,219,S,7,K,20,K,33,S,7,X,1,C,3,K,2,Y,1,R,7,"L1:[sp=K,332] Y=221,C=3,R=7,X=219,S=7,K=20 || L2:[sp=K,33] S=7,X=1,C=3,K=2,Y=1,R=7",-296.0,-725.8580000000001,1,K|K,1
K,332,Y,221,C,3,R,7,X,219,S,7,K,29,K,33,S,7,X,1,C,1,K,1,Y,1,R,7,"L1:[sp=K,332] Y=221,C=3,R=7,X=219,S=7,K=29 || L2:[sp=K,33] S=7,X=1,C=1,K=1,Y=1,R=7",-149.0,-725.8580000000001,1,K|K,1
K,332,Y,221,R,7,K,29,X,219,C,3,S,7,K,33,S,7,X,130,C,1,K,9,Y,1,R,7,"L1:[sp=K,332] Y=221,R=7,K=29,X=219,C=3,S=7 || L2:[sp=K,33] S=7,X=130,C=1,K=9,Y=1,R=7",-116426.0,-725.8580000000001,1,K|K,1
K,332,Y,221,C,3,R,7,X,219,S,7,K,61,K,33,S,7,Y,1,C,1,K,1,X,1,R,7,"L1:[sp=K,332] Y=221,C=3,R=7,X=219,S=7,K=61 || L2:[sp=K,33] S=7,Y=1,C=1,K=1,X=1,R=7",-296.0,-725.8580000000001,1,K|K,1
K,332,R,7,Y,221,K,61,X,219,C,3,S,7,K,33,S,7,X,1,C,1,K,1,Y,1,R,7,"L1:[sp=K,332] R=7,Y=221,K=61,X=219,C=3,S=7 || L2:[sp=K,33] S=7,X=1,C=1,K=1,Y=1,R=7",-296.0,-725.8580000000001,1,K|K,1
K,332,S,7,R,7,C,3,X,219,K,61,Y,157,K,33,Y,1,X,1,C,2,K,1,S,7,R,7,"L1:[sp=K,332] S=7,R=7,C=3,X=219,K=61,Y=157 || L2:[sp=K,33] Y=1,X=1,C=2,K=1,S=7,R=7",-64095.0,-685.67,1,K|K,1
K,332,K,29,R,7,C,3,X,219,S,7,Y,221,K,33,S,7,X,203,Y,1,K,1,C,1,R,7,"L1:[sp=K,332] K=29,R=7,C=3,X=219,S=7,Y=221 || L2:[sp=K,33] S=7,X=203,Y=1,K=1,C=1,R=7",-2207.0,-725.8580000000001,1,K|K,1
K,332,Y,221,K,47,R,7,X,219,S,7,C,3,K,33,S,7,Y,1,C,3,K,1,X,1,R,7,"L1:[sp=K,332] Y=221,K=47,R=7,X=219,S=7,C=3 || L2:[sp=K,33] S=7,Y=1,C=3,K=1,X=1,R=7",-296.0,-725.8580000000001,1,K|K,1
K,332,Y,221,R,7,C,3,X,217,S,7,K,47,K,33,S,7,X,1,Y,1,K,1,C,1,R,7,"L1:[sp=K,332] Y=221,R=7,C=3,X=217,S=7,K=47 || L2:[sp=K,33] S=7,X=1,Y=1,K=1,C=1,R=7",-inf,-inf,0,K|K,1
K,332,Y,221,C,1,R,7,X,219,S,7,K,29,K,33,S,7,X,1,C,1,K,1,Y,1,R,7,"L1:[sp=K,332] Y=221,C=1,R=7,X=219,S=7,K=29 || L2:[sp=K,33] S=7,X=1,C=1,K=1,Y=1,R=7",-151.0,-727.5010000000001,1,K|K,1
K,332,R,7,C,3,X,219,K,20,S,7,Y,221,K,33,S,7,X,1,C,3,K,2,Y,1,R,7,"L1:[sp=K,332] R=7,C=3,X=219,K=20,S=7,Y=221 || L2:[sp=K,33] S=7,X=1,C=3,K=2,Y=1,R=7",-296.0,-725.8580000000001,1,K|K,1
K,332,Y,221,R,7,K,61,X,219,S,7,C,3,K,33,S,7,R,7,C,1,K,1,Y,1,X,1,"L1:[sp=K,332] Y=221,R=7,K=61,X=219,S=7,C=3 || L2:[sp=K,33] S=7,R=7,C=1,K=1,Y=1,X=1",-296.0,-725.8580000000001,1,K|K,1
K,332,Y,221,C,3,R,7,X,219,S,7,K,29,Y,13,S,7,X,1,C,3,K,1,Y,1,R,7,"L1:[sp=K,332] Y=221,C=3,R=7,X=219,S=7,K=29 || L2:[sp=Y,13] S=7,X=1,C=3,K=1,Y=1,R=7",-4265.0,-725.8580000000001,1,K|Y,1
Y,332,Y,221,R,7,C,3,X,219,S,7,K,47,K,33,S,7,X,1,Y,1,K,1,C,1,R,7,"L1:[sp=Y,332] Y=221,R=7,C=3,X=219,S=7,K=47 || L2:[sp=K,33] S=7,X=1,Y=1,K=1,C=1,R=7",-444.0,-744.7339999999999,1,Y|K,1
K,332,Y,221,C,3,R,7,X,219,S,7,K,20,K,33,S,7,X,194,C,3,K,2,Y,25,R,7,"L1:[sp=K,332] Y=221,C=3,R=7,X=219,S=7,K=20 || L2:[sp=K,33] S=7,X=194,C=3,K=2,Y=25,R=7",-127010.0,-725.8580000000001,1,K|K,1
K,332,S,7,R,7,C,3,X,219,K,61,Y,221,K,33,Y,1,X,181,S,7,K,1,C,2,R,7,"L1:[sp=K,332] S=7,R=7,C=3,X=219,K=61,Y=221 || L2:[sp=K,33] Y=1,X=181,S=7,K=1,C=2,R=7",-10880.0,-725.8580000000001,1,K|K,1
K,332,Y,221,C,3,R,7,X,219,S,7,K,29,K,33,S,7,X,1,C,1,K,1,Y,1,R,7,"L1:[sp=K,332] Y=221,C=3,R=7,X=219,S=7,K=29 || L2:[sp=K,33] S=7,X=1,C=1,K=1,Y=1,R=7",-149.0,-725.8580000000001,1,K|K,1
K,332,Y,221,C,3,R,7,X,219,S,7,K,61,K,33,S,7,Y,1,C,1,K,1,X,1,R,7,"L1:[sp=K,332] Y=221,C=3,R=7,X=219,S=7,K=61 || L2:[sp=K,33] S=7,Y=1,C=1,K=1,X=1,R=7",-296.0,-725.8580000000001,1,K|K,1
C,332,Y,221,K,47,R,7,X,216,S,7,C,3,K,33,S,7,Y,1,C,3,K,1,X,1,R,7,"L1:[sp=C,332] Y=221,K=47,R=7,X=216,S=7,C=3 || L2:[sp=K,33] S=7,Y=1,C=3,K=1,X=1,R=7",-inf,-inf,0,C|K,1
K,332,Y,221,C,3,R,7,X,150,S,7,K,29,K,33,S,7,X,1,C,1,R,7,Y,1,K,1,"L1:[sp=K,332] Y=221,C=3,R=7,X=150,S=7,K=29 || L2:[sp=K,33] S=7,X=1,C=1,R=7,Y=1,K=1",-inf,-inf,0,K|K,1
Y,332,K,24,R,7,C,3,X,219,S,7,Y,221,K,33,S,7,X,1,Y,1,K,1,C,1,R,7,"L1:[sp=Y,332] K=24,R=7,C=3,X=219,S=7,Y=221 || L2:[sp=K,33] S=7,X=1,Y=1,K=1,C=1,R=7",-445.0,-730.8910000000001,1,Y|K,1
Y,332,Y,28,R,7,X,219,C,3,S,7,K,47,K,33,S,7,X,134,Y,1,K,1,C,1,R,7,"L1:[sp=Y,332] Y=28,R=7,X=219,C=3,S=7,K=47 || L2:[sp=K,33] S=7,X=134,Y=1,K=1,C=1,R=7",-1037235.0,-701.079,1,Y|K,1
K,332,Y,221,R,7,K,43,X,219,S,7,C,3,K,33,S,7,R,7,C,1,K,1,Y,1,X,1,"L1:[sp=K,332] Y=221,R=7,K=43,X=219,S=7,C=3 || L2:[sp=K,33] S=7,R=7,C=1,K=1,Y=1,X=1",-296.0,-725.8580000000001,1,K|K,1
K,332,K,61,Y,221,R,7,X,219,C,3,S,7,K,33,X,1,S,7,C,1,K,1,Y,44,R,7,"L1:[sp=K,332] K=61,Y=221,R=7,X=219,C=3,S=7 || L2:[sp=K,33] X=1,S=7,C=1,K=1,Y=44,R=7",-12350.0,-725.8580000000001,1,K|K,1
K,332,Y,221,C,3,R,7,X,219,S,7,K,29,K,33,S,7,X,1,C,1,K,1,Y,1,R,7,"L1:[sp=K,332] Y=221,C=3,R=7,X=219,S=7,K=29 || L2:[sp=K,33] S=7,X=1,C=1,K=1,Y=1,R=7",-149.0,-725.8580000000001,1,K|K,1
K,332,Y,221,C,1,R,7,X,198,S,7,K,29,K,33,S,7,X,1,C,1,K,1,Y,71,R,7,"L1:[sp=K,332] Y=221,C=1,R=7,X=198,S=7,K=29 || L2:[sp=K,33] S=7,X=1,C=1,K=1,Y=71,R=7",-inf,-inf,0,K|K,1
K,332,Y,221,C,3,R,7,X,219,S,7,K,61,K,33,S,7,Y,1,C,1,K,1,X,1,R,7,"L1:[sp=K,332] Y=221,C=3,R=7,X=219,S=7,K=61 || L2:[sp=K,33] S=7,Y=1,C=1,K=1,X=1,R=7",-296.0,-725.8580000000001,1,K|K,1
X,332,Y,221,R,7,K,61,X,219,S,7,C,3,K,33,S,7,R,7,C,1,K,1,Y,1,X,84,"L1:[sp=X,332] Y=221,R=7,K=61,X=219,S=7,C=3 || L2:[sp=K,33] S=7,R=7,C=1,K=1,Y=1,X=84",-22053.0,-762.3510000000001,1,X|K,1
K,332,Y,221,C,3,R,7,X,49,S,7,K,61,K,33,S,7,Y,1,C,1,K,1,X,1,R,7,"L1:[sp=K,332] Y=221,C=3,R=7,X=49,S=7,K=61 || L2:[sp=K,33] S=7,Y=1,C=1,K=1,X=1,R=7",-64098.0,-555.356,1,K|K,1
K,332,Y,221,C,1,R,7,X,219,S,7,K,29,K,33,S,7,X,1,C,1,K,28,Y,1,R,7,"L1:[sp=K,332] Y=221,C=1,R=7,X=219,S=7,K=29 || L2:[sp=K,33] S=7,X=1,C=1,K=28,Y=1,R=7",-4120.0,-727.5010000000001,1,K|K,1
K,332,Y,221,C,3,R,7,X,219,S,7,K,61,C,1,S,7,Y,1,C,1,K,1,X,1,R,7,"L1:[sp=K,332] Y=221,C=3,R=7,X=219,S=7,K=61 || L2:[sp=C,1] S=7,Y=1,C=1,K=1,X=1,R=7",-8969.0,-725.8580000000001,1,K|C,1
K,332,K,61,R,7,Y,221,X,19,S,7,C,3,K,33,S,7,R,7,C,1,K,1,Y,1,X,1,"L1:[sp=K,332] K=61,R=7,Y=221,X=19,S=7,C=3 || L2:[sp=K,33] S=7,R=7,C=1,K=1,Y=1,X=1",-64105.0,-554.701,1,K|K,1
K,332,Y,221,C,3,R,7,X,219,S,7,K,29,K,33,S,7,X,1,C,1,K,1,Y,1,R,7,"L1:[sp=K,332] Y=221,C=3,R=7,X=219,S=7,K=29 || L2:[sp=K,33] S=7,X=1,C=1,K=1,Y=1,R=7",-149.0,-725.8580000000001,1,K|K,1
K,332,Y,221,C,1,R,7,X,219,S,7,K,29,C,1,S,7,X,1,C,1,K,28,Y,40,R,7,"L1:[sp=K,332] Y=221,C=1,R=7,X=219,S=7,K=29 || L2:[sp=C,1] S=7,X=1,C=1,K=28,Y=40,R=7",-76738.0,-727.5010000000001,1,K|C,1
K,332,Y,221,C,3,R,7,X,219,S,7,K,29,K,33,S,7,X,1,C,1,K,1,Y,1,R,7,"L1:[sp=K,332] Y=221,C=3,R=7,X=219,S=7,K=29 || L2:[sp=K,33] S=7,X=1,C=1,K=1,Y=1,R=7",-149.0,-725.8580000000001,1,K|K,1
K,332,Y,221,C,3,R,7,X,219,S,7,K,29,K,33,K,24,R,7,C,1,S,7,Y,1,X,1,"L1:[sp=K,332] Y=221,C=3,R=7,X=219,S=7,K=29 || L2:[sp=K,33] K=24,R=7,C=1,S=7,Y=1,X=1",-3530.0,-725.8580000000001,1,K|K,1
C,332,Y,221,C,3,R,7,X,219,S,7,K,61,C,1,S,7,Y,1,C,1,K,1,X,1,R,7,"L1:[sp=C,332] Y=221,C=3,R=7,X=219,S=7,K=61 || L2:[sp=C,1] S=7,Y=1,C=1,K=1,X=1,R=7",-9411.0,-762.3510000000001,1,C|C,1
X,332,Y,221,R,7,K,61,X,219,S,7,C,3,K,33,S,7,R,7,C,2,K,1,Y,1,X,84,"L1:[sp=X,332] Y=221,R=7,K=61,X=219,S=7,C=3 || L2:[sp=K,33] S=7,R=7,C=2,K=1,Y=1,X=84",-22053.0,-762.3510000000001,1,X|K,1
K,332,Y,221,C,1,R,7,K,29,S,7,X,219,K,33,R,7,X,1,C,1,K,28,Y,1,S,7,"L1:[sp=K,332] Y=221,C=1,R=7,K=29,S=7,X=219 || L2:[sp=K,33] R=7,X=1,C=1,K=28,Y=1,S=7",-4120.0,-727.5010000000001,1,K|K,1
K,332,Y,221,C,3,R,7,X,154,S,7,K,61,K,33,S,7,Y,1,C,1,K,1,X,1,R,7,"L1:[sp=K,332] Y=221,C=3,R=7,X=154,S=7,K=61 || L2:[sp=K,33] S=7,Y=1,C=1,K=1,X=1,R=7",-inf,-inf,0,K|K,1
K,332,K,61,Y,221,R,7,X,219,C,3,S,7,K,33,X,1,S,7,C,1,K,1,Y,44,R,7,"L1:[sp=K,332] K=61,Y=221,R=7,X=219,C=3,S=7 || L2:[sp=K,33] X=1,S=7,C=1,K=1,Y=44,R=7",-12350.0,-725.8580000000001,1,K|K,1
Y,332,K,24,R,7,C,3,X,219,S,7,Y,221,K,33,S,7,X,1,Y,1,K,1,C,1,R,7,"L1:[sp=Y,332] K=24,R=7,C=3,X=219,S=7,Y=221 || L2:[sp=K,33] S=7,X=1,Y=1,K=1,C=1,R=7",-445.0,-730.8910000000001,1,Y|K,1
K,332,Y,221,C,2,R,7,X,219,S,7,K,29,K,33,S,7,X,1,C,1,K,28,Y,1,R,7,"L1:[sp=K,332] Y=221,C=2,R=7,X=219,S=7,K=29 || L2:[sp=K,33] S=7,X=1,C=1,K=28,Y=1,R=7",-4119.0,-740.1669999999999,1,K|K,1
Y,332,Y,221,C,3,R,7,X,219,S,7,K,61,K,33,S,7,Y,1,C,1,K,1,X,200,R,7,"L1:[sp=Y,332] Y=221,C=3,R=7,X=219,S=7,K=61 || L2:[sp=K,33] S=7,Y=1,C=1,K=1,X=200,R=7",-7941.0,-762.3510000000001,1,Y|K,1
K,332,Y,221,C,1,R,7,X,219,S,7,K,29,X,3,S,7,X,1,R,7,K,28,Y,1,C,1,"L1:[sp=K,332] Y=221,C=1,R=7,X=219,S=7,K=29 || L2:[sp=X,3] S=7,X=1,R=7,K=28,Y=1,C=1",-4267.0,-727.5010000000001,1,K|X,1
K,332,Y,221,C,3,R,7,X,219,S,7,K,61,C,1,S,7,Y,1,C,2,K,1,X,1,R,7,"L1:[sp=K,332] Y=221,C=3,R=7,X=219,S=7,K=61 || L2:[sp=C,1] S=7,Y=1,C=2,K=1,X=1,R=7",-8969.0,-725.8580000000001,1,K|C,1
X,332,Y,221,R,7,K,61,X,219,S,7,C,3,K,61,S,7,R,7,C,1,K,1,Y,1,X,84,"L1:[sp=X,332] Y=221,R=7,K=61,X=219,S=7,C=3 || L2:[sp=K,61] S=7,R=7,C=1,K=1,Y=1,X=84",-14703.0,-762.3510000000001,1,X|K,1
K,332,Y,221,C,3,R,7,X,219,S,7,K,29,K,33,S,7,X,1,C,1,K,1,Y,1,R,7,"L1:[sp=K,332] Y=221,C=3,R=7,X=219,S=7,K=29 || L2:[sp=K,33] S=7,X=1,C=1,K=1,Y=1,R=7",-149.0,-725.8580000000001,1,K|K,1
K,332,Y,221,C,3,R,7,X,149,S,7,K,29,K,33,S,7,X,1,C,1,K,1,Y,1,R,7,"L1:[sp=K,332] Y=221,C=3,R=7,X=149,S=7,K=29 || L2:[sp=K,33] S=7,X=1,C=1,K=1,Y=1,R=7",-inf,-inf,0,K|K,1
Y,332,R,7,C,3,Y,221,X,219,S,7,K,35,K,33,S,7,Y,1,C,1,K,1,X,200,R,7,"L1:[sp=Y,332] R=7,C=3,Y=221,X=219,S=7,K=35 || L2:[sp=K,33] S=7,Y=1,C=1,K=1,X=200,R=7",-7941.0,-729.633,1,Y|K,1
K,332,Y,221,C,2,R,7,X,219,S,7,K,29,K,33,S,7,X,1,C,1,K,24,Y,1,R,7,"L1:[sp=K,332] Y=221,C=2,R=7,X=219,S=7,K=29 || L2:[sp=K,33] S=7,X=1,C=1,K=24,Y=1,R=7",-3531.0,-740.1669999999999,1,K|K,1
K,332,Y,221,C,3,R,7,X,219,S,7,K,29,K,33,R,7,Y,1,S,7,C,1,K,28,X,1,"L1:[sp=K,332] Y=221,C=3,R=7,X=219,S=7,K=29 || L2:[sp=K,33] R=7,Y=1,S=7,C=1,K=28,X=1",-4118.0,-725.8580000000001,1,K|K,1
K,332,Y,221,C,3,R,7,X,219,S,7,K,29,K,33,K,24,R,7,C,1,S,7,Y,1,X,1,"L1:[sp=K,332] Y=221,C=3,R=7,X=219,S=7,K=29 || L2:[sp=K,33] K=24,R=7,C=1,S=7,Y=1,X=1",-3530.0,-725.8580000000001,1,K|K,1
K,332,Y,221,C,1,R,7,K,29,S,7,X,219,K,33,R,7,X,1,C,1,K,28,Y,1,S,7,"L1:[sp=K,332] Y=221,C=1,R=7,K=29,S=7,X=219 || L2:[sp=K,33] R=7,X=1,C=1,K=28,Y=1,S=7",-4120.0,-727.5010000000001,1,K|K,1
Y,332,K,24,R,7,C,3,X,219,S,7,Y,221,K,33,S,7,X,1,Y,1,K,1,C,1,R,7,"L1:[sp=Y,332] K=24,R=7,C=3,X=219,S=7,Y=221 || L2:[sp=K,33] S=7,X=1,Y=1,K=1,C=1,R=7",-445.0,-730.8910000000001,1,Y|K,1
K,332,Y,221,C,3,R,7,X,219,S,7,K,29,K,33,K,24,R,7,C,2,S,7,Y,116,X,1,"L1:[sp=K,332] Y=221,C=3,R=7,X=219,S=7,K=29 || L2:[sp=K,33] K=24,R=7,C=2,S=7,Y=116,X=1",-359858.0,-725.8580000000001,1,K|K,1
K,332,Y,221,C,1,R,7,K,29,S,7,X,219,K,33,R,7,X,1,C,1,S,7,Y,1,K,28,"L1:[sp=K,332] Y=221,C=1,R=7,K=29,S=7,X=219 || L2:[sp=K,33] R=7,X=1,C=1,S=7,Y=1,K=28",-4120.0,-727.5010000000001,1,K|K,1
K,332,Y,221,C,2,R,7,X,219,S,7,K,29,K,33,S,7,X,1,C,1,K,28,Y,1,R,7,"L1:[sp=K,332] Y=221,C=2,R=7,X=219,S=7,K=29 || L2:[sp=K,33] S=7,X=1,C=1,K=28,Y=1,R=7",-4119.0,-740.1669999999999,1,K|K,1
K,332,Y,107,C,1,R,7,X,190,S,7,K,29,X,3,S,7,X,1,R,7,K,28,Y,1,C,1,"L1:[sp=K,332] Y=107,C=1,R=7,X=190,S=7,K=29 || L2:[sp=X,3] S=7,X=1,R=7,K=28,Y=1,C=1",-79922743.0,-41514.9,1,K|X,1
Y,332,Y,138,C,3,R,7,X,219,S,7,K,61,K,33,S,7,Y,1,C,1,K,1,X,200,R,7,"L1:[sp=Y,332] Y=138,C=3,R=7,X=219,S=7,K=61 || L2:[sp=K,33] S=7,Y=1,C=1,K=1,X=200,R=7",-inf,-inf,0,Y|K,1
K,332,Y,221,X,219,R,7,C,1,S,7,K,29,X,3,C,1,X,60,R,7,K,28,Y,1,S,7,"L1:[sp=K,332] Y=221,X=219,R=7,C=1,S=7,K=29 || L2:[sp=X,3] C=1,X=60,R=7,K=28,Y=1,S=7",-161998.0,-727.5010000000001,1,K|X,1
K,332,Y,221,C,3,R,7,X,219,S,7,K,10,K,33,K,10,R,7,C,1,S,7,Y,74,X,1,"L1:[sp=K,332] Y=221,C=3,R=7,X=219,S=7,K=10 || L2:[sp=K,33] K=10,R=7,C=1,S=7,Y=74,X=1",-102902.0,-725.8580000000001,1,K|K,1
K,332,Y,221,C,3,R,7,X,219,S,7,K,29,K,33,S,7,X,1,C,1,K,1,Y,1,R,7,"L1:[sp=K,332] Y=221,C=3,R=7,X=219,S=7,K=29 || L2:[sp=K,33] S=7,X=1,C=1,K=1,Y=1,R=7",-149.0,-725.8580000000001,1,K|K,1
K,332,S,7,C,3,R,7,X,219,Y,221,K,29,K,33,K,24,R,7,C,1,S,7,Y,1,X,1,"L1:[sp=K,332] S=7,C=3,R=7,X=219,Y=221,K=29 || L2:[sp=K,33] K=24,R=7,C=1,S=7,Y=1,X=1",-3530.0,-725.8580000000001,1,K|K,1
K,332,Y,221,C,1,R,7,K,29,S,7,X,219,K,33,R,7,X,1,C,1,S,7,Y,1,K,28,"L1:[sp=K,332] Y=221,C=1,R=7,K=29,S=7,X=219 || L2:[sp=K,33] R=7,X=1,C=1,S=7,Y=1,K=28",-4120.0,-727.5010000000001,1,K|K,1
K,332,Y,221,C,3,R,7,X,178,S,7,K,29,C,3,K,28,R,7,C,1,S,7,Y,1,X,1,"L1:[sp=K,332] Y=221,C=3,R=7,X=178,S=7,K=29 || L2:[sp=C,3] K=28,R=7,C=1,S=7,Y=1,X=1",-inf,-inf,0,K|C,1
K,332,Y,221,C,3,R,7,X,219,S,7,K,29,K,33,R,7,Y,1,S,7,C,1,K,24,X,1,"L1:[sp=K,332] Y=221,C=3,R=7,X=219,S=7,K=29 || L2:[sp=K,33] R=7,Y=1,S=7,C=1,K=24,X=1",-3530.0,-725.8580000000001,1,K|K,1
K,332,Y,221,C,3,R,7,X,219,S,7,K,29,K,33,K,24,R,7,C,1,S,7,Y,103,X,1,"L1:[sp=K,332] Y=221,C=3,R=7,X=219,S=7,K=29 || L2:[sp=K,33] K=24,R=7,C=1,S=7,Y=103,X=1",-42338.0,-725.8580000000001,1,K|K,1
Y,332,K,24,R,7,C,3,X,219,S,7,Y,221,K,33,S,7,X,1,Y,1,K,1,C,1,R,7,"L1:[sp=Y,332] K=24,R=7,C=3,X=219,S=7,Y=221 || L2:[sp=K,33] S=7,X=1,Y=1,K=1,C=1,R=7",-445.0,-730.8910000000001,1,Y|K,1
K,332,Y,221,C,3,R,7,X,219,S,7,K,29,K,33,S,7,X,1,C,1,K,18,Y,1,R,7,"L1:[sp=K,332] Y=221,C=3,R=7,X=219,S=7,K=29 || L2:[sp=K,33] S=7,X=1,C=1,K=18,Y=1,R=7",-2648.0,-725.8580000000001,1,K|K,1
K,332,K,29,C,2,R,7,X,144,S,7,Y,221,K,33,R,7,Y,1,S,7,C,1,K,22,X,1,"L1:[sp=K,332] K=29,C=2,R=7,X=144,S=7,Y=221 || L2:[sp=K,33] R=7,Y=1,S=7,C=1,K=22,X=1",-inf,-inf,0,K|K,1
K,332,Y,221,C,1,R,7,K,29,S,7,X,219,K,33,R,7,X,1,C,1,K,21,Y,1,S,7,"L1:[sp=K,332] Y=221,C=1,R=7,K=29,S=7,X=219 || L2:[sp=K,33] R=7,X=1,C=1,K=21,Y=1,S=7",-3091.0,-727.5010000000001,1,K|K,1
K,332,Y,221,C,2,R,7,X,219,S,7,K,29,K,33,X,1,S,7,C,1,Y,1,K,7,R,7,"L1:[sp=K,332] Y=221,C=2,R=7,X=219,S=7,K=29 || L2:[sp=K,33] X=1,S=7,C=1,Y=1,K=7,R=7",-1032.0,-740.1669999999999,1,K|K,1
K,332,Y,221,C,2,R,7,X,219,S,7,K,38,K,33,S,7,C,1,X,1,K,24,Y,1,R,7,"L1:[sp=K,332] Y=221,C=2,R=7,X=219,S=7,K=38 || L2:[sp=K,33] S=7,C=1,X=1,K=24,Y=1,R=7",-3531.0,-740.1669999999999,1,K|K,1
K,332,Y,155,C,1,R,7,K,29,S,7,X,219,K,33,R,7,X,1,C,1,K,28,Y,1,S,7,"L1:[sp=K,332] Y=155,C=1,R=7,K=29,S=7,X=219 || L2:[sp=K,33] R=7,X=1,C=1,K=28,Y=1,S=7",-inf,-inf,0,K|K,1
K,332,Y,221,C,3,R,7,X,219,S,7,K,29,K,33,S,7,X,1,C,1,K,1,Y,146,R,7,"L1:[sp=K,332] Y=221,C=3,R=7,X=219,S=7,K=29 || L2:[sp=K,33] S=7,X=1,C=1,K=1,Y=146,R=7",-10586.0,-725.8580000000001,1,K|K,1
K,332,Y,221,C,3,R,7,X,219,S,7,K,29,K,33,K,24,R,7,C,1,S,7,Y,1,X,1,"L1:[sp=K,332] Y=221,C=3,R=7,X=219,S=7,K=29 || L2:[sp=K,33] K=24,R=7,C=1,S=7,Y=1,X=1",-3530.0,-725.8580000000001,1,K|K,1
K,332,Y,42,C,1,R,7,X,219,S,7,K,29,K,33,R,7,Y,1,S,7,C,1,K,15,X,1,"L1:[sp=K,332] Y=42,C=1,R=7,X=219,S=7,K=29 || L2:[sp=K,33] R=7,Y=1,S=7,C=1,K=15,X=1",-480709.0,-698.408,1,K|K,1
K,332,Y,221,C,3,R,7,X,219,S,7,K,29,K,33,S,7,X,1,C,1,K,1,Y,1,R,7,"L1:[sp=K,332] Y=221,C=3,R=7,X=219,S=7,K=29 || L2:[sp=K,33] S=7,X=1,C=1,K=1,Y=1,R=7",-149.0,-725.8580000000001,1,K|K,1
K,332,Y,221,C,3,R,7,X,9,S,7,K,29,K,33,S,7,X,1,C,1,K,18,Y,1,R,7,"L1:[sp=K,332] Y=221,C=3,R=7,X=9,S=7,K=29 || L2:[sp=K,33] S=7,X=1,C=1,K=18,Y=1,R=7",-576854.0,-554.586,1,K|K,1
C,332,Y,221,C,3,R,7,X,219,S,7,K,29,K,33,R,7,Y,1,S,7,C,2,K,24,X,1,"L1:[sp=C,332] Y=221,C=3,R=7,X=219,S=7,K=29 || L2:[sp=K,33] R=7,Y=1,S=7,C=2,K=24,X=1",-10588.0,-740.329,1,C|K,1
K,332,Y,221,C,3,R,7,K,29,S,7,X,219,K,33,R,7,X,1,C,1,K,21,Y,85,S,7,"L1:[sp=K,332] Y=221,C=3,R=7,K=29,S=7,X=219 || L2:[sp=K,33] R=7,X=1,C=1,K=21,Y=85,S=7",-148178.0,-725.8580000000001,1,K|K,1
K,332,Y,221,C,2,R,7,X,219,S,7,K,29,K,33,S,7,X,1,C,1,K,1,Y,1,R,7,"L1:[sp=K,332] Y=221,C=2,R=7,X=219,S=7,K=29 || L2:[sp=K,33] S=7,X=1,C=1,K=1,Y=1,R=7",-150.0,-740.1669999999999,1,K|K,1
K,332,Y,221,C,3,R,7,X,219,S,7,K,29,K,33,X,175,Y,1,S,7,C,1,K,24,R,7,"L1:[sp=K,332] Y=221,C=3,R=7,X=219,S=7,K=29 || L2:[sp=K,33] X=175,Y=1,S=7,C=1,K=24,R=7",-151706.0,-725.8580000000001,1,K|K,1
K,332,Y,221,C,3,R,7,X,219,S,7,K,29,K,33,S,7,X,1,C,1,K,18,Y,1,R,7,"L1:[sp=K,332] Y=221,C=3,R=7,X=219,S=7,K=29 || L2:[sp=K,33] S=7,X=1,C=1,K=18,Y=1,R=7",-2648.0,-725.8580000000001,1,K|K,1
K,332,Y,221,C,3,R,7,X,109,S,7,K,29,K,33,R,7,Y,80,S,7,C,1,K,7,X,49,"L1:[sp=K,332] Y=221,C=3,R=7,X=109,S=7,K=29 || L2:[sp=K,33] R=7,Y=80,S=7,C=1,K=7,X=49",-inf,-inf,0,K|K,1
K,332,Y,221,C,2,R,7,K,29,S,7,X,219,K,33,X,1,S,7,K,24,Y,1,C,2,R,7,"L1:[sp=K,332] Y=221,C=2,R=7,K=29,S=7,X=219 || L2:[sp=K,33] X=1,S=7,K=24,Y=1,C=2,R=7",-4707.0,-740.1669999999999,1,K|K,1
K,332,Y,39,C,3,R,7,X,219,S,7,K,29,K,33,K,24,R,7,C,1,S,7,Y,1,X,1,"L1:[sp=K,332] Y=39,C=3,R=7,X=219,S=7,K=29 || L2:[sp=K,33] K=24,R=7,C=1,S=7,Y=1,X=1",-769111.0,-680.533,1,K|K,1
K,332,Y,221,C,1,R,7,K,29,S,7,X,149,K,33,R,7,X,55,C,1,K,21,Y,1,S,7,"L1:[sp=K,332] Y=221,C=1,R=7,K=29,S=7,X=149 || L2:[sp=K,33] R=7,X=55,C=1,K=21,Y=1,S=7",-inf,-inf,0,K|K,1
K,332,Y,221,C,3,R,7,X,219,S,7,K,29,K,33,S,7,X,1,C,1,K,18,Y,1,R,7,"L1:[sp=K,332] Y=221,C=3,R=7,X=219,S=7,K=29 || L2:[sp=K,33] S=7,X=1,C=1,K=18,Y=1,R=7",-2648.0,-725.8580000000001,1,K|K,1
K,332,Y,221,X,219,R,7,C,3,S,7,K,11,K,33,Y,1,R,7,C,1,S,7,K,11,X,1,"L1:[sp=K,332] Y=221,X=219,R=7,C=3,S=7,K=11 || L2:[sp=K,33] Y=1,R=7,C=1,S=7,K=11,X=1",-1619.0,-725.8580000000001,1,K|K,1
K,332,Y,221,C,3,R,7,X,219,S,7,K,29,K,33,R,7,Y,1,S,7,C,1,K,24,X,1,"L1:[sp=K,332] Y=221,C=3,R=7,X=219,S=7,K=29 || L2:[sp=K,33] R=7,Y=1,S=7,C=1,K=24,X=1",-3530.0,-725.8580000000001,1,K|K,1
K,332,Y,221,C,3,R,7,X,219,S,7,K,29,K,33,K,24,Y,1,C,1,S,7,R,7,X,1,"L1:[sp=K,332] Y=221,C=3,R=7,X=219,S=7,K=29 || L2:[sp=K,33] K=24,Y=1,C=1,S=7,R=7,X=1",-3530.0,-725.8580000000001,1,K|K,1
K,332,Y,221,C,2,R,7,X,219,S,7,K,29,K,33,X,1,S,7,C,1,Y,1,K,15,R,7,"L1:[sp=K,332] Y=221,C=2,R=7,X=219,S=7,K=29 || L2:[sp=K,33] X=1,S=7,C=1,Y=1,K=15,R=7",-2208.0,-740.1669999999999,1,K|K,1
K,332,Y,99,C,3,R,7,X,219,S,7,K,29,K,33,S,7,X,1,C,1,K,18,Y,1,R,7,"L1:[sp=K,332] Y=99,C=3,R=7,X=219,S=7,K=29 || L2:[sp=K,33] S=7,X=1,C=1,K=18,Y=1,R=7",-576832.0,-684.578,1,K|K,1
K,332,Y,221,C,3,R,7,X,219,S,7,K,29,K,33,S,7,X,1,C,1,K,1,Y,1,R,7,"L1:[sp=K,332] Y=221,C=3,R=7,X=219,S=7,K=29 || L2:[sp=K,33] S=7,X=1,C=1,K=1,Y=1,R=7",-149.0,-725.8580000000001,1,K|K,1
K,332,Y,221,C,3,R,7,X,219,S,7,K,29,K,33,S,7,X,1,C,1,K,18,Y,1,R,7,"L1:[sp=K,332] Y=221,C=3,R=7,X=219,S=7,K=29 || L2:[sp=K,33] S=7,X=1,C=1,K=18,Y=1,R=7",-2648.0,-725.8580000000001,1,K|K,1
Y,332,Y,221,C,3,R,7,K,29,S,7,X,219,K,33,R,7,Y,1,S,7,C,1,K,24,X,1,"L1:[sp=Y,332] Y=221,C=3,R=7,K=29,S=7,X=219 || L2:[sp=K,33] R=7,Y=1,S=7,C=1,K=24,X=1",-10588.0,-740.329,1,Y|K,1
K,332,Y,221,X,219,R,7,C,3,S,7,K,11,K,33,Y,1,R,7,C,1,S,7,K,11,X,1,"L1:[sp=K,332] Y=221,X=219,R=7,C=3,S=7,K=11 || L2:[sp=K,33] Y=1,R=7,C=1,S=7,K=11,X=1",-1619.0,-725.8580000000001,1,K|K,1
K,332,Y,221,X,219,R,7,C,2,S,7,K,29,K,33,R,7,Y,1,S,7,C,1,K,24,X,1,"L1:[sp=K,332] Y=221,X=219,R=7,C=2,S=7,K=29 || L2:[sp=K,33] R=7,Y=1,S=7,C=1,K=24,X=1",-3531.0,-740.1669999999999,1,K|K,1
K,332,Y,221,C,3,R,7,X,219,S,7,K,29,K,33,S,7,X,1,C,1,K,12,R,7,Y,1,"L1:[sp=K,332] Y=221,C=3,R=7,X=219,S=7,K=29 || L2:[sp=K,33] S=7,X=1,C=1,K=12,R=7,Y=1",-1766.0,-725.8580000000001,1,K|K,1
K,332,Y,118,C,3,R,7,X,219,S,7,K,29,K,33,K,24,Y,1,C,1,S,7,R,7,X,50,"L1:[sp=K,332] Y=118,C=3,R=7,X=219,S=7,K=29 || L2:[sp=K,33] K=24,Y=1,C=1,S=7,R=7,X=50",-13843875.0,-680.6619999999999,1,K|K,1
K,332,Y,221,C,2,R,7,X,219,S,7,K,29,K,33,S,7,X,1,C,1,K,18,Y,1,R,7,"L1:[sp=K,332] Y=221,C=2,R=7,X=219,S=7,K=29 || L2:[sp=K,33] S=7,X=1,C=1,K=18,Y=1,R=7",-2649.0,-740.1669999999999,1,K|K,1
K,332,Y,151,C,3,R,7,X,219,S,7,K,29,K,33,R,7,Y,1,S,7,C,1,K,24,X,1,"L1:[sp=K,332] Y=151,C=3,R=7,X=219,S=7,K=29 || L2:[sp=K,33] R=7,Y=1,S=7,C=1,K=24,X=1",-769107.0,-684.8989999999999,1,K|K,1
C,332,Y,221,C,2,R,7,K,29,S,7,X,219,K,33,X,1,S,7,K,24,Y,1,C,2,R,7,"L1:[sp=C,332] Y=221,C=2,R=7,K=29,S=7,X=219 || L2:[sp=K,33] X=1,S=7,K=24,Y=1,C=2,R=7",-7060.0,-740.329,1,C|K,1
K,332,Y,221,C,3,R,7,X,114,S,7,K,29,K,33,S,7,X,1,Y,1,K,29,C,1,R,7,"L1:[sp=K,332] Y=221,C=3,R=7,X=114,S=7,K=29 || L2:[sp=K,33] S=7,X=1,Y=1,K=29,C=1,R=7",-inf,-inf,0,K|K,1
K,332,Y,221,X,219,R,7,C,3,S,7,K,29,K,33,K,8,R,7,C,1,S,7,Y,1,X,1,"L1:[sp=K,332] Y=221,X=219,R=7,C=3,S=7,K=29 || L2:[sp=K,33] K=8,R=7,C=1,S=7,Y=1,X=1",-1178.0,-725.8580000000001,1,K|K,1
K,332,Y,221,C,3,X,219,R,7,S,7,K,11,C,3,K,11,Y,1,C,1,S,7,R,7,X,1,"L1:[sp=K,332] Y=221,C=3,X=219,R=7,S=7,K=11 || L2:[sp=C,3] K=11,Y=1,C=1,S=7,R=7,X=1",-541.0,-725.8580000000001,1,K|C,1
K,332,Y,221,C,3,R,7,X,219,S,7,K,29,K,33,K,24,Y,1,C,1,S,7,R,7,X,33,"L1:[sp=K,332] Y=221,C=3,R=7,X=219,S=7,K=29 || L2:[sp=K,33] K=24,Y=1,C=1,S=7,R=7,X=33",-70562.0,-725.8580000000001,1,K|K,1
K,332,Y,221,X,219,R,7,C,3,S,7,K,11,K,33,Y,1,R,7,C,1,S,7,K,11,X,1,"L1:[sp=K,332] Y=221,X=219,R=7,C=3,S=7,K=11 || L2:[sp=K,33] Y=1,R=7,C=1,S=7,K=11,X=1",-1619.0,-725.8580000000001,1,K|K,1
K,332,Y,221,C,3,R,7,X,135,S,7,K,29,X,45,R,7,Y,1,S,7,C,1,K,24,X,1,"L1:[sp=K,332] Y=221,C=3,R=7,X=135,S=7,K=29 || L2:[sp=X,45] R=7,Y=1,S=7,C=1,K=24,X=1",-inf,-inf,0,K|X,1
K,332,Y,221,X,219,R,7,C,3,S,7,K,11,K,33,Y,1,R,7,C,1,S,7,K,9,X,1,"L1:[sp=K,332] Y=221,X=219,R=7,C=3,S=7,K=11 || L2:[sp=K,33] Y=1,R=7,C=1,S=7,K=9,X=1",-1325.0,-725.8580000000001,1,K|K,1
K,332,Y,221,C,3,R,7,X,219,S,7,K,29,K,33,S,7,X,1,C,1,K,1,Y,1,R,7,"L1:[sp=K,332] Y=221,C=3,R=7,X=219,S=7,K=29 || L2:[sp=K,33] S=7,X=1,C=1,K=1,Y=1,R=7",-149.0,-725.8580000000001,1,K|K,1
K,332,Y,217,X,219,R,7,C,3,S,7,K,11,K,33,Y,1,R,7,C,1,S,7,K,9,X,1,"L1:[sp=K,332] Y=217,X=219,R=7,C=3,S=7,K=11 || L2:[sp=K,33] Y=1,R=7,C=1,S=7,K=9,X=1",-inf,-inf,0,K|K,1
K,332,Y,17,C,2,R,7,X,219,S,7,K,29,K,33,S,7,X,1,C,2,K,18,R,7,Y,1,"L1:[sp=K,332] Y=17,C=2,R=7,X=219,S=7,K=29 || L2:[sp=K,33] S=7,X=1,C=2,K=18,R=7,Y=1",-769131.0,-966.577,1,K|K,1
K,332,Y,221,X,219,R,7,C,3,S,7,K,29,K,33,K,8,R,7,C,1,S,7,Y,60,X,1,"L1:[sp=K,332] Y=221,X=219,R=7,C=3,S=7,K=29 || L2:[sp=K,33] K=8,R=7,C=1,S=7,Y=60,X=1",-44690.0,-725.8580000000001,1,K|K,1
K,332,Y,162,C,1,R,7,X,219,S,7,K,29,K,33,S,7,X,1,C,1,K,18,Y,1,R,7,"L1:[sp=K,332] Y=162,C=1,R=7,X=219,S=7,K=29 || L2:[sp=K,33] S=7,X=1,C=1,K=18,Y=1,R=7",-inf,-inf,0,K|K,1
K,332,Y,221,X,219,R,7,C,3,S,7,K,29,K,33,Y,1,R,7,C,1,S,7,K,12,X,1,"L1:[sp=K,332] Y=221,X=219,R=7,C=3,S=7,K=29 || L2:[sp=K,33] Y=1,R=7,C=1,S=7,K=12,X=1",-1766.0,-725.8580000000001,1,K|K,1
K,332,Y,221,C,3,R,7,X,47,S,7,K,11,K,33,S,7,X,1,C,1,K,9,R,7,Y,1,"L1:[sp=K,332] Y=221,C=3,R=7,X=47,S=7,K=11 || L2:[sp=K,33] S=7,X=1,C=1,K=9,R=7,Y=1",-288420.0,-554.971,1,K|K,1
K,332,Y,221,X,29,R,7,C,3,S,7,K,11,K,33,Y,1,R,7,C,1,S,7,K,11,X,1,"L1:[sp=K,332] Y=221,X=29,R=7,C=3,S=7,K=11 || L2:[sp=K,33] Y=1,R=7,C=1,S=7,K=11,X=1",-352515.0,-554.855,1,K|K,1
K,332,Y,221,X,219,R,7,C,3,K,29,S,7,K,33,K,8,R,7,C,1,S,7,Y,1,X,1,"L1:[sp=K,332] Y=221,X=219,R=7,C=3,K=29,S=7 || L2:[sp=K,33] K=8,R=7,C=1,S=7,Y=1,X=1",-1178.0,-725.8580000000001,1,K|K,1
K,332,Y,221,C,1,R,7,X,219,S,7,K,29,K,33,S,7,X,1,C,1,K,1,Y,165,R,7,"L1:[sp=K,332] Y=221,C=1,R=7,X=219,S=7,K=29 || L2:[sp=K,33] S=7,X=1,C=1,K=1,Y=165,R=7",-7795.0,-727.5010000000001,1,K|K,1
K,332,Y,221,C,3,R,7,X,219,S,7,K,29,K,33,S,7,X,1,C,1,K,18,Y,1,R,7,"L1:[sp=K,332] Y=221,C=3,R=7,X=219,S=7,K=29 || L2:[sp=K,33] S=7,X=1,C=1,K=18,Y=1,R=7",-2648.0,-725.8580000000001,1,K|K,1
X,332,Y,221,X,33,R,7,C,3,S,7,K,27,K,33,K,8,R,7,X,1,S,7,Y,1,C,1,"L1:[sp=X,332] Y=221,X=33,R=7,C=3,S=7,K=27 || L2:[sp=K,33] K=8,R=7,X=1,S=7,Y=1,C=1",-inf,-inf,0,X|K,1
K,332,Y,221,X,149,R,7,C,3,S,7,K,11,K,33,Y,1,R,7,C,1,S,7,K,9,X,22,"L1:[sp=K,332] Y=221,X=149,R=7,C=3,S=7,K=11 || L2:[sp=K,33] Y=1,R=7,C=1,S=7,K=9,X=22",-inf,-inf,0,K|K,1
K,332,Y,221,C,3,R,7,X,219,S,7,K,29,K,33,S,7,X,218,C,1,K,18,Y,1,R,7,"L1:[sp=K,332] Y=221,C=3,R=7,X=219,S=7,K=29 || L2:[sp=K,33] S=7,X=218,C=1,K=18,Y=1,R=7",-576830.0,-725.8580000000001,1,K|K,1
K,332,Y,221,K,29,R,7,X,219,S,7,C,3,K,33,S,7,X,1,C,2,K,12,R,7,Y,1,"L1:[sp=K,332] Y=221,K=29,R=7,X=219,S=7,C=3 || L2:[sp=K,33] S=7,X=1,C=2,K=12,R=7,Y=1",-1766.0,-725.8580000000001,1,K|K,1
K,332,Y,221,C,3,R,7,X,219,S,7,K,29,K,33,R,7,C,1,X,18,K,12,S,7,Y,1,"L1:[sp=K,332] Y=221,C=3,R=7,X=219,S=7,K=29 || L2:[sp=K,33] R=7,C=1,X=18,K=12,S=7,Y=1",-3530.0,-725.8580000000001,1,K|K,1
K,332,Y,221,X,219,R,7,C,3,S,7,K,11,C,1,Y,1,R,7,C,1,S,7,K,11,X,1,"L1:[sp=K,332] Y=221,X=219,R=7,C=3,S=7,K=11 || L2:[sp=C,1] Y=1,R=7,C=1,S=7,K=11,X=1",-1619.0,-725.8580000000001,1,K|C,1
K,332,Y,221,C,3,R,7,X,219,S,7,K,29,K,33,S,7,X,1,C,1,K,1,Y,1,R,7,"L1:[sp=K,332] Y=221,C=3,R=7,X=219,S=7,K=29 || L2:[sp=K,33] S=7,X=1,C=1,K=1,Y=1,R=7",-149.0,-725.8580000000001,1,K|K,1
K,332,Y,221,X,219,R,7,C,3,S,7,K,22,C,1,Y,1,R,7,C,1,S,7,K,11,X,1,"L1:[sp=K,332] Y=221,X=219,R=7,C=3,S=7,K=22 || L2:[sp=C,1] Y=1,R=7,C=1,S=7,K=11,X=1",-3236.0,-725.8580000000001,1,K|C,1
K,332,Y,221,K,29,R,7,X,219,S,7,C,3,K,33,S,7,X,32,C,2,K,12,R,7,Y,1,"L1:[sp=K,332] Y=221,K=29,R=7,X=219,S=7,C=3 || L2:[sp=K,33] S=7,X=32,C=2,K=12,R=7,Y=1",-45866.0,-725.8580000000001,1,K|K,1
X,332,Y,221,K,29,R,7,X,219,S,7,C,3,K,33,S,7,X,1,K,12,C,2,R,7,Y,1,"L1:[sp=X,332] Y=221,K=29,R=7,X=219,S=7,C=3 || L2:[sp=K,33] S=7,X=1,K=12,C=2,R=7,Y=1",-5296.0,-740.329,1,X|K,1
K,332,Y,221,X,219,R,7,C,3,K,29,S,7,K,33,K,8,R,7,C,1,S,7,Y,1,X,217,"L1:[sp=K,332] Y=221,X=219,R=7,C=3,K=29,S=7 || L2:[sp=K,33] K=8,R=7,C=1,S=7,Y=1,X=217",-1178.0,-725.8580000000001,1,K|K,1
K,332,Y,221,C,3,R,7,X,219,S,7,K,16,K,33,R,7,C,1,X,18,K,12,S,7,Y,1,"L1:[sp=K,332] Y=221,C=3,R=7,X=219,S=7,K=16 || L2:[sp=K,33] R=7,C=1,X=18,K=12,S=7,Y=1",-3530.0,-725.6519999999999,1,K|K,1
X,332,Y,221,C,3,R,7,X,219,S,7,K,29,K,33,S,7,X,1,C,1,K,18,Y,6,R,7,"L1:[sp=X,332] Y=221,C=3,R=7,X=219,S=7,K=29 || L2:[sp=K,33] S=7,X=1,C=1,K=18,Y=6,R=7",-15880.0,-740.329,1,X|K,1
K,332,Y,221,K,29,R,7,X,219,S,7,C,3,K,33,S,7,X,1,C,3,K,12,R,7,Y,1,"L1:[sp=K,332] Y=221,K=29,R=7,X=219,S=7,C=3 || L2:[sp=K,33] S=7,X=1,C=3,K=12,R=7,Y=1",-1766.0,-725.8580000000001,1,K|K,1
K,332,Y,221,C,3,R,7,X,219,S,7,K,29,K,33,S,7,X,1,C,1,K,1,Y,1,R,7,"L1:[sp=K,332] Y=221,C=3,R=7,X=219,S=7,K=29 || L2:[sp=K,33] S=7,X=1,C=1,K=1,Y=1,R=7",-149.0,-725.8580000000001,1,K|K,1
K,332,Y,221,C,2,R,7,X,219,S,7,K,29,Y,17,R,7,C,1,X,18,K,12,S,7,Y,1,"L1:[sp=K,332] Y=221,C=2,R=7,X=219,S=7,K=29 || L2:[sp=Y,17] R=7,C=1,X=18,K=12,S=7,Y=1",-8529.0,-740.1669999999999,1,K|Y,1
K,332,Y,221,K,29,R,7,X,14,S,7,C,3,K,33,S,7,X,1,C,2,K,12,R,7,Y,20,"L1:[sp=K,332] Y=221,K=29,R=7,X=14,S=7,C=3 || L2:[sp=K,33] S=7,X=1,C=2,K=12,R=7,Y=20",-6921953.0,-554.547,1,K|K,1
K,332,Y,221,X,219,R,7,C,3,S,7,K,29,K,33,Y,1,R,7,C,1,S,7,K,12,X,1,"L1:[sp=K,332] Y=221,X=219,R=7,C=3,S=7,K=29 || L2:[sp=K,33] Y=1,R=7,C=1,S=7,K=12,X=1",-1766.0,-725.8580000000001,1,K|K,1
K,332,Y,33,X,219,R,7,C,3,S,7,K,11,C,1,S,7,R,7,C,1,Y,1,K,3,X,1,"L1:[sp=K,332] Y=33,X=219,R=7,C=3,S=7,K=11 || L2:[sp=C,1] S=7,R=7,C=1,Y=1,K=3,X=1",-352514.0,-680.341,1,K|C,1
K,332,Y,221,C,3,S,7,X,219,R,7,K,29,K,33,S,7,X,1,C,1,K,1,Y,1,R,7,"L1:[sp=K,332] Y=221,C=3,S=7,X=219,R=7,K=29 || L2:[sp=K,33] S=7,X=1,C=1,K=1,Y=1,R=7",-149.0,-725.8580000000001,1,K|K,1
Y,332,Y,221,X,193,R,7,C,3,K,29,S,7,K,33,K,8,R,7,C,1,S,7,Y,1,X,1,"L1:[sp=Y,332] Y=221,X=193,R=7,C=3,K=29,S=7 || L2:[sp=K,33] K=8,R=7,C=1,S=7,Y=1,X=1",-inf,-inf,0,Y|K,1
K,332,Y,221,C,3,R,7,X,219,S,7,K,29,K,33,R,7,C,2,X,18,K,12,S,7,Y,55,"L1:[sp=K,332] Y=221,C=3,R=7,X=219,S=7,K=29 || L2:[sp=K,33] R=7,C=2,X=18,K=12,S=7,Y=55",-186986.0,-725.8580000000001,1,K|K,1
K,332,Y,56,K,29,R,7,X,219,S,7,C,3,K,33,S,7,X,1,C,1,K,12,R,7,Y,1,"L1:[sp=K,332] Y=56,K=29,R=7,X=219,S=7,C=3 || L2:[sp=K,33] S=7,X=1,C=1,K=12,R=7,Y=1",-384557.0,-679.8910000000001,1,K|K,1
K,332,Y,221,X,219,R,7,C,3,S,7,K,11,C,1,Y,1,R,7,C,1,S,7,K,8,X,1,"L1:[sp=K,332] Y=221,X=219,R=7,C=3,S=7,K=11 || L2:[sp=C,1] Y=1,R=7,C=1,S=7,K=8,X=1",-1619.0,-725.8580000000001,1,K|C,1
K,332,Y,221,C,3,R,7,X,219,S,7,K,29,K,33,S,7,X,1,C,1,K,1,Y,1,R,7,"L1:[sp=K,332] Y=221,C=3,R=7,X=219,S=7,K=29 || L2:[sp=K,33] S=7,X=1,C=1,K=1,Y=1,R=7",-149.0,-725.8580000000001,1,K|K,1
K,332,Y,221,C,3,R,7,X,219,S,7,K,16,K,33,Y,1,C,1,X,18,K,12,S,7,R,7,"L1:[sp=K,332] Y=221,C=3,R=7,X=219,S=7,K=16 || L2:[sp=K,33] Y=1,C=1,X=18,K=12,S=7,R=7",-3530.0,-725.6519999999999,1,K|K,1
K,332,Y,221,X,219,R,7,C,3,S,7,K,11,C,1,Y,1,R,7,C,1,S,7,K,8,X,1,"L1:[sp=K,332] Y=221,X=219,R=7,C=3,S=7,K=11 || L2:[sp=C,1] Y=1,R=7,C=1,S=7,K=8,X=1",-1619.0,-725.8580000000001,1,K|C,1
K,332,Y,221,X,219,R,7,C,3,S,7,K,29,K,33,Y,1,R,7,C,1,S,7,K,8,X,1,"L1:[sp=K,332] Y=221,X=219,R=7,C=3,S=7,K=29 || L2:[sp=K,33] Y=1,R=7,C=1,S=7,K=8,X=1",-1178.0,-725.8580000000001,1,K|K,1
K,332,Y,221,X,219,R,7,C,3,K,29,S,7,K,33,K,12,R,7,C,1,S,7,Y,1,X,217,"L1:[sp=K,332] Y=221,X=219,R=7,C=3,K=29,S=7 || L2:[sp=K,33] K=12,R=7,C=1,S=7,Y=1,X=217",-1766.0,-725.8580000000001,1,K|K,1
K,332,Y,221,K,29,R,7,X,219,S,7,C,3,K,33,S,7,X,1,C,3,K,12,R,7,Y,1,"L1:[sp=K,332] Y=221,K=29,R=7,X=219,S=7,C=3 || L2:[sp=K,33] S=7,X=1,C=3,K=12,R=7,Y=1",-1766.0,-725.8580000000001,1,K|K,1
K,332,Y,221,X,219,R,7,C,3,S,7,K,11,C,1,Y,1,R,7,C,1,S,7,K,8,X,1,"L1:[sp=K,332] Y=221,X=219,R=7,C=3,S=7,K=11 || L2:[sp=C,1] Y=1,R=7,C=1,S=7,K=8,X=1",-1619.0,-725.8580000000001,1,K|C,1
K,332,Y,221,C,1,R,7,X,79,S,7,K,16,K,33,R,7,C,1,X,18,K,12,S,7,Y,120,"L1:[sp=K,332] Y=221,C=1,R=7,X=79,S=7,K=16 || L2:[sp=K,33] R=7,C=1,X=18,K=12,S=7,Y=120",-inf,-inf,0,K|K,1
K,332,X,219,C,3,R,7,Y,221,S,7,K,29,K,33,S,7,X,1,C,1,K,14,Y,1,R,7,"L1:[sp=K,332] X=219,C=3,R=7,Y=221,S=7,K=29 || L2:[sp=K,33] S=7,X=1,C=1,K=14,Y=1,R=7",-2060.0,-725.8580000000001,1,K|K,1
K,332,Y,221,X,219,R,7,C,3,S,7,K,11,C,1,Y,1,R,7,C,1,S,7,K,8,X,1,"L1:[sp=K,332] Y=221,X=219,R=7,C=3,S=7,K=11 || L2:[sp=C,1] Y=1,R=7,C=1,S=7,K=8,X=1",-1619.0,-725.8580000000001,1,K|C,1
K,332,Y,137,X,219,R,7,C,3,S,7,K,22,C,1,Y,1,R,7,C,1,S,7,K,11,X,1,"L1:[sp=K,332] Y=137,X=219,R=7,C=3,S=7,K=22 || L2:[sp=C,1] Y=1,R=7,C=1,S=7,K=11,X=1",-705015.0,-683.102,1,K|C,1
K,332,Y,221,C,3,R,7,X,219,S,7,K,16,K,33,R,7,C,1,X,18,K,12,S,7,Y,1,"L1:[sp=K,332] Y=221,C=3,R=7,X=219,S=7,K=16 || L2:[sp=K,33] R=7,C=1,X=18,K=12,S=7,Y=1",-3530.0,-725.6519999999999,1,K|K,1
K,332,Y,221,K,29,R,7,X,219,S,7,C,3,K,33,S,7,K,12,C,3,X,1,R,7,Y,124,"L1:[sp=K,332] Y=221,K=29,R=7,X=219,S=7,C=3 || L2:[sp=K,33] S=7,K=12,C=3,X=1,R=7,Y=124",-165818.0,-725.8580000000001,1,K|K,1
K,332,Y,221,X,219,R,7,C,3,S,7,K,22,C,1,Y,1,R,7,C,1,S,7,K,11,X,1,"L1:[sp=K,332] Y=221,X=219,R=7,C=3,S=7,K=22 || L2:[sp=C,1] Y=1,R=7,C=1,S=7,K=11,X=1",-3236.0,-725.8580000000001,1,K|C,1
K,332,Y,221,C,3,R,7,X,219,S,7,K,16,K,33,R,7,C,1,X,34,K,12,S,7,Y,1,"L1:[sp=K,332] Y=221,C=3,R=7,X=219,S=7,K=16 || L2:[sp=K,33] R=7,C=1,X=34,K=12,S=7,Y=1",-24698.0,-725.6519999999999,1,K|K,1
K,332,Y,221,X,219,R,7,C,3,K,29,S,7,K,33,K,1,R,7,C,1,S,7,Y,1,X,217,"L1:[sp=K,332] Y=221,X=219,R=7,C=3,K=29,S=7 || L2:[sp=K,33] K=1,R=7,C=1,S=7,Y=1,X=217",-149.0,-725.8580000000001,1,K|K,1
K,332,Y,221,C,3,R,7,X,219,S,7,K,29,K,33,S,7,X,1,C,1,K,8,Y,1,R,7,"L1:[sp=K,332] Y=221,C=3,R=7,X=219,S=7,K=29 || L2:[sp=K,33] S=7,X=1,C=1,K=8,Y=1,R=7",-1178.0,-725.8580000000001,1,K|K,1
K,332,Y,221,K,29,R,7,X,219,S,7,C,3,K,33,S,7,X,1,C,3,K,12,R,7,Y,1,"L1:[sp=K,332] Y=221,K=29,R=7,X=219,S=7,C=3 || L2:[sp=K,33] S=7,X=1,C=3,K=12,R=7,Y=1",-1766.0,-725.8580000000001,1,K|K,1
K,332,Y,221,C,3,R,7,X,219,S,7,K,29,K,33,S,7,X,1,C,1,K,1,Y,1,R,7,"L1:[sp=K,332] Y=221,C=3,R=7,X=219,S=7,K=29 || L2:[sp=K,33] S=7,X=1,C=1,K=1,Y=1,R=7",-149.0,-725.8580000000001,1,K|K,1
K,332,Y,221,X,219,R,7,C,2,K,41,S,7,K,33,K,12,R,7,C,1,S,7,Y,1,X,217,"L1:[sp=K,332] Y=221,X=219,R=7,C=2,K=41,S=7 || L2:[sp=K,33] K=12,R=7,C=1,S=7,Y=1,X=217",-1767.0,-740.1669999999999,1,K|K,1
K,332,Y,141,X,219,R,7,C,3,S,7,K,29,K,33,Y,1,R,7,C,1,S,7,K,8,X,1,"L1:[sp=K,332] Y=141,X=219,R=7,C=3,S=7,K=29 || L2:[sp=K,33] Y=1,R=7,C=1,S=7,K=8,X=1",-256371.0,-683.615,1,K|K,1
K,332,X,219,C,3,R,7,Y,221,S,7,K,29,X,3,S,7,X,1,C,1,K,14,Y,1,R,7,"L1:[sp=K,332] X=219,C=3,R=7,Y=221,S=7,K=29 || L2:[sp=X,3] S=7,X=1,C=1,K=14,Y=1,R=7",-4265.0,-725.8580000000001,1,K|X,1
K,332,Y,221,X,219,C,3,R,7,K,29,S,7,K,33,K,12,R,7,C,1,S,7,Y,1,X,217,"L1:[sp=K,332] Y=221,X=219,C=3,R=7,K=29,S=7 || L2:[sp=K,33] K=12,R=7,C=1,S=7,Y=1,X=217",-1766.0,-725.8580000000001,1,K|K,1
K,332,Y,221,C,3,R,7,X,219,S,7,K,29,K,33,S,7,X,1,C,1,Y,178,K,1,R,7,"L1:[sp=K,332] Y=221,C=3,R=7,X=219,S=7,K=29 || L2:[sp=K,33] S=7,X=1,C=1,Y=178,K=1,R=7",-5882.0,-725.8580000000001,1,K|K,1
K,332,Y,108,X,219,R,7,C,3,K,29,S,7,K,33,K,1,R,7,C,2,S,7,Y,1,X,217,"L1:[sp=K,332] Y=108,X=219,R=7,C=3,K=29,S=7 || L2:[sp=K,33] K=1,R=7,C=2,S=7,Y=1,X=217",-32050.0,-686.312,1,K|K,1
K,332,Y,221,X,219,R,7,C,3,K,29,S,7,K,33,K,1,R,7,C,1,S,7,Y,1,X,217,"L1:[sp=K,332] Y=221,X=219,R=7,C=3,K=29,S=7 || L2:[sp=K,33] K=1,R=7,C=1,S=7,Y=1,X=217",-149.0,-725.8580000000001,1,K|K,1
K,332,Y,184,X,219,R,7,C,3,K,29,S,7,K,33,X,217,R,7,C,1,K,12,Y,1,S,7,"L1:[sp=K,332] Y=184,X=219,R=7,C=3,K=29,S=7 || L2:[sp=K,33] X=217,R=7,C=1,K=12,Y=1,S=7",-384555.0,-689.137,1,K|K,1
K,332,Y,221,X,219,R,7,C,3,K,29,S,7,K,33,K,1,R,7,C,1,Y,1,S,7,X,66,"L1:[sp=K,332] Y=221,X=219,R=7,C=3,K=29,S=7 || L2:[sp=K,33] K=1,R=7,C=1,Y=1,S=7,X=66",-2942.0,-725.8580000000001,1,K|K,1
K,332,Y,221,C,3,R,7,X,219,S,7,K,29,K,33,S,7,X,1,C,1,K,1,Y,1,R,7,"L1:[sp=K,332] Y=221,C=3,R=7,X=219,S=7,K=29 || L2:[sp=K,33] S=7,X=1,C=1,K=1,Y=1,R=7",-149.0,-725.8580000000001,1,K|K,1
K,332,Y,221,C,3,R,7,X,219,S,7,K,29,K,33,K,1,X,1,C,1,S,7,Y,1,R,7,"L1:[sp=K,332] Y=221,C=3,R=7,X=219,S=7,K=29 || L2:[sp=K,33] K=1,X=1,C=1,S=7,Y=1,R=7",-149.0,-725.8580000000001,1,K|K,1
K,332,Y,221,X,219,R,7,C,3,K,29,S,7,K,33,K,13,R,7,C,1,S,7,Y,1,X,217,"L1:[sp=K,332] Y=221,X=219,R=7,C=3,K=29,S=7 || L2:[sp=K,33] K=13,R=7,C=1,S=7,Y=1,X=217",-1913.0,-725.8580000000001,1,K|K,1
K,332,Y,221,C,3,R,7,X,219,S,7,K,29,X,1,S,7,X,1,C,1,K,23,Y,1,R,7,"L1:[sp=K,332] Y=221,C=3,R=7,X=219,S=7,K=29 || L2:[sp=X,1] S=7,X=1,C=1,K=23,Y=1,R=7",-4265.0,-725.8580000000001,1,K|X,1
K,332,Y,221,X,219,R,7,C,3,K,29,S,7,K,33,K,12,R,7,Y,1,S,7,C,1,X,145,"L1:[sp=K,332] Y=221,X=219,R=7,C=3,K=29,S=7 || L2:[sp=K,33] K=12,R=7,Y=1,S=7,C=1,X=145",-128774.0,-725.8580000000001,1,K|K,1
K,332,Y,221,K,29,R,7,X,219,S,7,C,3,K,29,S,7,X,1,C,3,K,12,R,7,Y,1,"L1:[sp=K,332] Y=221,K=29,R=7,X=219,S=7,C=3 || L2:[sp=K,29] S=7,X=1,C=3,K=12,R=7,Y=1",-1766.0,-725.8580000000001,1,K|K,1
K,332,Y,221,C,3,R,7,X,219,S,7,K,29,K,33,S,7,X,1,C,1,K,1,Y,1,R,7,"L1:[sp=K,332] Y=221,C=3,R=7,X=219,S=7,K=29 || L2:[sp=K,33] S=7,X=1,C=1,K=1,Y=1,R=7",-149.0,-725.8580000000001,1,K|K,1
K,332,Y,221,C,1,R,7,X,219,S,7,K,29,Y,13,K,1,X,1,C,1,S,7,Y,145,R,7,"L1:[sp=K,332] Y=221,C=1,R=7,X=219,S=7,K=29 || L2:[sp=Y,13] K=1,X=1,C=1,S=7,Y=145,R=7",-618139.0,-727.5010000000001,1,K|Y,1
K,332,Y,221,X,219,R,7,C,2,K,41,S,7,K,33,K,12,R,7,C,1,S,7,Y,1,X,217,"L1:[sp=K,332] Y=221,X=219,R=7,C=2,K=41,S=7 || L2:[sp=K,33] K=12,R=7,C=1,S=7,Y=1,X=217",-1767.0,-740.1669999999999,1,K|K,1
K,332,Y,221,X,219,R,7,C,3,K,29,S,7,K,33,K,13,R,7,C,1,S,7,Y,1,X,217,"L1:[sp=K,332] Y=221,X=219,R=7,C=3,K=29,S=7 || L2:[sp=K,33] K=13,R=7,C=1,S=7,Y=1,X=217",-1913.0,-725.8580000000001,1,K|K,1
K,332,Y,221,X,219,R,7,C,2,K,41,S,7,K,33,K,12,R,7,C,1,S,7,Y,1,X,217,"L1:[sp=K,332] Y=221,X=219,R=7,C=2,K=41,S=7 || L2:[sp=K,33] K=12,R=7,C=1,S=7,Y=1,X=217",-1767.0,-740.1669999999999,1,K|K,1
K,332,Y,221,X,219,R,7,C,3,K,29,S,7,K,33,K,13,R,7,C,1,S,7,Y,1,X,217,"L1:[sp=K,332] Y=221,X=219,R=7,C=3,K=29,S=7 || L2:[sp=K,33] K=13,R=7,C=1,S=7,Y=1,X=217",-1913.0,-725.8580000000001,1,K|K,1
K,332,Y,221,K,29,R,7,X,219,S,7,C,3,K,29,S,7,X,1,C,3,K,12,R,7,Y,1,"L1:[sp=K,332] Y=221,K=29,R=7,X=219,S=7,C=3 || L2:[sp=K,29] S=7,X=1,C=3,K=12,R=7,Y=1",-1766.0,-725.8580000000001,1,K|K,1
K,332,Y,207,X,219,C,3,R,7,K,29,S,7,K,33,K,12,R,7,C,1,S,7,Y,1,X,217,"L1:[sp=K,332] Y=207,X=219,C=3,R=7,K=29,S=7 || L2:[sp=K,33] K=12,R=7,C=1,S=7,Y=1,X=217",-inf,-inf,0,K|K,1
K,332,Y,221,X,219,R,7,C,3,K,29,S,7,K,33,K,13,R,7,C,1,S,7,Y,124,X,117,"L1:[sp=K,332] Y=221,X=219,R=7,C=3,K=29,S=7 || L2:[sp=K,33] K=13,R=7,C=1,S=7,Y=124,X=117",-18143036.0,-725.8580000000001,1,K|K,1
K,332,Y,221,X,45,R,7,C,2,K,41,S,7,K,33,K,12,R,7,C,1,S,7,Y,1,X,45,"L1:[sp=K,332] Y=221,X=45,R=7,C=2,K=41,S=7 || L2:[sp=K,33] K=12,R=7,C=1,S=7,Y=1,X=45",-inf,-inf,0,K|K,1
K,332,Y,221,X,219,R,7,C,3,K,8,S,7,K,33,K,6,R,7,C,1,S,7,Y,127,X,217,"L1:[sp=K,332] Y=221,X=219,R=7,C=3,K=8,S=7 || L2:[sp=K,33] K=6,R=7,C=1,S=7,Y=127,X=217",-80264.0,-725.755,1,K|K,1
K,332,Y,221,R,7,X,219,C,3,K,35,S,7,K,33,R,7,K,1,X,217,S,7,Y,1,C,1,"L1:[sp=K,332] Y=221,R=7,X=219,C=3,K=35,S=7 || L2:[sp=K,33] R=7,K=1,X=217,S=7,Y=1,C=1",-296.0,-725.8580000000001,1,K|K,1
K,332,S,7,X,219,R,7,C,3,K,29,Y,197,K,33,K,1,R,7,C,1,Y,1,S,7,X,109,"L1:[sp=K,332] S=7,X=219,R=7,C=3,K=29,Y=197 || L2:[sp=K,33] K=1,R=7,C=1,Y=1,S=7,X=109",-inf,-inf,0,K|K,1
K,332,Y,221,X,219,R,7,C,3,K,25,S,7,K,33,K,1,R,7,C,1,Y,1,S,7,X,66,"L1:[sp=K,332] Y=221,X=219,R=7,C=3,K=25,S=7 || L2:[sp=K,33] K=1,R=7,C=1,Y=1,S=7,X=66",-2942.0,-725.8580000000001,1,K|K,1
K,332,Y,221,K,29,R,7,C,3,X,219,S,7,K,33,K,6,R,7,C,1,S,7,Y,1,X,217,"L1:[sp=K,332] Y=221,K=29,R=7,C=3,X=219,S=7 || L2:[sp=K,33] K=6,R=7,C=1,S=7,Y=1,X=217",-884.0,-725.8580000000001,1,K|K,1
K,332,Y,221,X,219,R,7,C,2,K,13,S,7,K,33,K,12,R,7,C,1,S,7,Y,1,X,217,"L1:[sp=K,332] Y=221,X=219,R=7,C=2,K=13,S=7 || L2:[sp=K,33] K=12,R=7,C=1,S=7,Y=1,X=217",-1767.0,-740.1669999999999,1,K|K,1
K,332,Y,221,C,3,R,7,X,219,S,7,K,29,K,33,S,7,X,1,C,1,K,1,Y,1,R,7,"L1:[sp=K,332] Y=221,C=3,R=7,X=219,S=7,K=29 || L2:[sp=K,33] S=7,X=1,C=1,K=1,Y=1,R=7",-149.0,-725.8580000000001,1,K|K,1
K,332,Y,221,R,7,X,219,C,3,K,13,S,7,K,33,R,7,K,1,X,217,S,7,Y,1,C,1,"L1:[sp=K,332] Y=221,R=7,X=219,C=3,K=13,S=7 || L2:[sp=K,33] R=7,K=1,X=217,S=7,Y=1,C=1",-149.0,-725.8580000000001,1,K|K,1
K,332,Y,212,X,219,R,7,C,2,K,13,S,7,K,33,K,12,R,7,C,1,S,7,Y,1,X,217,"L1:[sp=K,332] Y=212,X=219,R=7,C=2,K=13,S=7 || L2:[sp=K,33] K=12,R=7,C=1,S=7,Y=1,X=217",-inf,-inf,0,K|K,1
K,332,Y,221,K,29,R,7,X,219,S,7,C,3,K,29,S,7,X,1,C,3,K,12,R,7,Y,176,"L1:[sp=K,332] Y=221,K=29,R=7,X=219,S=7,C=3 || L2:[sp=K,29] S=7,X=1,C=3,K=12,R=7,Y=176",-74090.0,-725.8580000000001,1,K|K,1
K,332,S,7,X,219,R,7,C,2,K,41,Y,117,K,33,K,12,R,7,C,1,S,7,Y,1,X,217,"L1:[sp=K,332] S=7,X=219,R=7,C=2,K=41,Y=117 || L2:[sp=K,33] K=12,R=7,C=1,S=7,Y=1,X=217",-384557.0,-639.374,1,K|K,1
K,332,Y,221,K,50,R,7,X,219,S,7,C,3,K,29,S,7,X,1,C,3,K,12,R,7,Y,1,"L1:[sp=K,332] Y=221,K=50,R=7,X=219,S=7,C=3 || L2:[sp=K,29] S=7,X=1,C=3,K=12,R=7,Y=1",-1766.0,-725.8580000000001,1,K|K,1
K,332,Y,84,C,2,R,7,X,219,K,6,S,7,K,33,K,6,R,7,C,1,S,7,Y,1,X,217,"L1:[sp=K,332] Y=84,C=2,R=7,X=219,K=6,S=7 || L2:[sp=K,33] K=6,R=7,C=1,S=7,Y=1,X=217",-192283.0,-695.6339999999999,1,K|K,1
K,332,Y,221,X,219,R,7,C,3,K,29,S,7,K,33,K,13,R,7,C,1,S,7,Y,1,X,217,"L1:[sp=K,332] Y=221,X=219,R=7,C=3,K=29,S=7 || L2:[sp=K,33] K=13,R=7,C=1,S=7,Y=1,X=217",-1913.0,-725.8580000000001,1,K|K,1
K,332,Y,221,C,1,R,7,X,219,S,7,K,29,K,33,S,7,X,155,C,1,K,1,Y,1,R,7,"L1:[sp=K,332] Y=221,C=1,R=7,X=219,S=7,K=29 || L2:[sp=K,33] S=7,X=155,C=1,K=1,Y=1,R=7",-9265.0,-727.5010000000001,1,K|K,1
K,332,Y,109,X,138,R,7,C,3,K,25,S,7,K,33,K,1,R,7,C,1,S,7,Y,1,X,66,"L1:[sp=K,332] Y=109,X=138,R=7,C=3,K=25,S=7 || L2:[sp=K,33] K=1,R=7,C=1,S=7,Y=1,X=66",-6729665.0,-14576.4,1,K|K,1
K,332,Y,221,K,29,R,7,X,92,S,7,C,3,K,29,S,7,X,1,C,3,K,12,R,7,Y,1,"L1:[sp=K,332] Y=221,K=29,R=7,X=92,S=7,C=3 || L2:[sp=K,29] S=7,X=1,C=3,K=12,R=7,Y=1",-inf,-inf,0,K|K,1
K,332,Y,18,C,3,R,7,X,12,S,7,K,25,K,33,S,7,X,1,C,1,K,1,Y,1,R,7,"L1:[sp=K,332] Y=18,C=3,R=7,X=12,S=7,K=25 || L2:[sp=K,33] S=7,X=1,C=1,K=1,Y=1,R=7",-6986276.0,-14681.0,1,K|K,1
K,332,Y,221,X,20,R,7,C,3,K,29,S,7,K,33,K,1,R,7,C,1,S,7,Y,1,X,20,"L1:[sp=K,332] Y=221,X=20,R=7,C=3,K=29,S=7 || L2:[sp=K,33] K=1,R=7,C=1,S=7,Y=1,X=20",-32352.0,-554.393,1,K|K,1
K,332,Y,221,K,29,R,7,C,3,X,219,S,7,K,33,K,15,Y,1,C,1,S,7,R,7,X,217,"L1:[sp=K,332] Y=221,K=29,R=7,C=3,X=219,S=7 || L2:[sp=K,33] K=15,Y=1,C=1,S=7,R=7,X=217",-2207.0,-725.8580000000001,1,K|K,1
K,332,Y,221,X,219,R,7,C,2,K,5,S,7,K,33,K,5,R,7,C,1,S,7,Y,96,X,217,"L1:[sp=K,332] Y=221,X=219,R=7,C=2,K=5,S=7 || L2:[sp=K,33] K=5,R=7,C=1,S=7,Y=96,X=217",-19113.0,-740.1669999999999,1,K|K,1
K,332,Y,221,C,3,R,7,X,219,S,7,K,29,K,33,S,7,X,1,C,1,K,1,Y,1,R,7,"L1:[sp=K,332] Y=221,C=3,R=7,X=219,S=7,K=29 || L2:[sp=K,33] S=7,X=1,C=1,K=1,Y=1,R=7",-149.0,-725.8580000000001,1,K|K,1
K,332,Y,221,R,7,X,219,C,1,K,14,S,7,K,33,S,7,K,1,X,217,R,7,Y,1,C,1,"L1:[sp=K,332] Y=221,R=7,X=219,C=1,K=14,S=7 || L2:[sp=K,33] S=7,K=1,X=217,R=7,Y=1,C=1",-151.0,-727.5010000000001,1,K|K,1
K,332,Y,14,C,3,R,7,X,219,S,7,K,29,K,33,S,7,X,155,C,3,K,1,Y,1,R,7,"L1:[sp=K,332] Y=14,C=3,R=7,X=219,S=7,K=29 || L2:[sp=K,33] S=7,X=155,C=3,K=1,Y=1,R=7",-2018915.0,-679.8910000000001,1,K|K,1
K,332,Y,221,C,3,R,7,X,219,S,7,K,29,K,33,S,7,X,1,C,1,K,23,Y,1,R,7,"L1:[sp=K,332] Y=221,C=3,R=7,X=219,S=7,K=29 || L2:[sp=K,33] S=7,X=1,C=1,K=23,Y=1,R=7",-3383.0,-725.8580000000001,1,K|K,1
K,332,Y,221,X,219,R,7,C,3,K,29,S,7,K,33,K,13,R,7,C,1,S,7,Y,1,X,41,"L1:[sp=K,332] Y=221,X=219,R=7,C=3,K=29,S=7 || L2:[sp=K,33] K=13,R=7,C=1,S=7,Y=1,X=41",-24845.0,-725.8580000000001,1,K|K,1
K,332,Y,221,C,3,R,7,X,219,S,7,K,54,K,33,S,7,X,1,C,1,K,1,Y,1,R,7,"L1:[sp=K,332] Y=221,C=3,R=7,X=219,S=7,K=54 || L2:[sp=K,33] S=7,X=1,C=1,K=1,Y=1,R=7",-296.0,-725.8580000000001,1,K|K,1
K,332,Y,7,C,1,R,7,X,219,S,7,K,24,C,1,S,7,X,155,C,1,K,1,Y,1,R,7,"L1:[sp=K,332] Y=7,C=1,R=7,X=219,S=7,K=24 || L2:[sp=C,1] S=7,X=155,C=1,K=1,Y=1,R=7",-48453649.0,-1404.62,1,K|C,1
K,332,Y,221,K,12,X,219,C,3,R,7,S,7,K,33,R,7,K,1,X,217,S,7,Y,31,C,1,"L1:[sp=K,332] Y=221,K=12,X=219,C=3,R=7,S=7 || L2:[sp=K,33] R=7,K=1,X=217,S=7,Y=31,C=1",-149.0,-725.8580000000001,1,K|K,1
K,332,Y,221,K,4,R,7,X,219,S,7,C,3,K,29,S,7,X,1,C,3,K,4,R,7,Y,1,"L1:[sp=K,332] Y=221,K=4,R=7,X=219,S=7,C=3 || L2:[sp=K,29] S=7,X=1,C=3,K=4,R=7,Y=1",-590.0,-725.806,1,K|K,1
K,332,Y,221,X,219,R,7,C,1,K,5,S,7,K,33,K,5,R,7,C,1,S,7,Y,1,X,217,"L1:[sp=K,332] Y=221,X=219,R=7,C=1,K=5,S=7 || L2:[sp=K,33] K=5,R=7,C=1,S=7,Y=1,X=217",-739.0,-727.5010000000001,1,K|K,1
K,332,Y,221,K,50,R,7,X,219,S,7,C,3,K,29,S,7,X,1,C,3,K,12,R,7,Y,96,"L1:[sp=K,332] Y=221,K=50,R=7,X=219,S=7,C=3 || L2:[sp=K,29] S=7,X=1,C=3,K=12,R=7,Y=96",-45866.0,-725.8580000000001,1,K|K,1
K,332,C,1,Y,221,R,7,X,219,S,7,K,29,K,33,S,7,X,155,C,1,K,1,Y,1,R,7,"L1:[sp=K,332] C=1,Y=221,R=7,X=219,S=7,K=29 || L2:[sp=K,33] S=7,X=155,C=1,K=1,Y=1,R=7",-9265.0,-727.5010000000001,1,K|K,1
K,332,Y,221,C,3,R,7,K,29,X,219,S,7,K,33,K,15,Y,82,C,1,S,7,R,7,X,217,"L1:[sp=K,332] Y=221,C=3,R=7,K=29,X=219,S=7 || L2:[sp=K,33] K=15,Y=82,C=1,S=7,R=7,X=217",-119072.0,-725.8580000000001,1,K|K,1
K,332,Y,221,X,219,R,7,C,2,K,5,S,7,K,33,K,5,R,7,C,1,S,7,Y,96,X,138,"L1:[sp=K,332] Y=221,X=219,R=7,C=2,K=5,S=7 || L2:[sp=K,33] K=5,R=7,C=1,S=7,Y=96,X=138",-1528803.0,-740.1669999999999,1,K|K,1
K,332,Y,221,K,29,R,7,C,3,X,149,S,7,K,33,K,15,Y,1,C,1,X,149,R,7,S,7,"L1:[sp=K,332] Y=221,K=29,R=7,C=3,X=149,S=7 || L2:[sp=K,33] K=15,Y=1,C=1,X=149,R=7,S=7",-inf,-inf,0,K|K,1
K,332,Y,5,R,7,X,219,C,3,K,13,S,7,K,33,Y,1,K,5,X,217,S,7,R,7,C,1,"L1:[sp=K,332] Y=5,R=7,X=219,C=3,K=13,S=7 || L2:[sp=K,33] Y=1,K=5,X=217,S=7,R=7,C=1",-160275.0,-679.635,1,K|K,1
K,332,Y,221,C,3,R,7,X,219,S,7,K,29,K,33,S,7,X,1,C,1,K,1,Y,1,R,7,"L1:[sp=K,332] Y=221,C=3,R=7,X=219,S=7,K=29 || L2:[sp=K,33] S=7,X=1,C=1,K=1,Y=1,R=7",-149.0,-725.8580000000001,1,K|K,1
K,332,Y,146,C,3,R,7,X,219,S,7,K,29,K,33,S,7,X,217,C,1,K,23,Y,1,R,7,"L1:[sp=K,332] Y=146,C=3,R=7,X=219,S=7,K=29 || L2:[sp=K,33] S=7,X=217,C=1,K=23,Y=1,R=7",-737061.0,-684.257,1,K|K,1
K,332,Y,221,X,219,R,7,C,1,K,5,S,7,K,33,K,5,R,7,C,1,S,7,Y,1,X,1,"L1:[sp=K,332] Y=221,X=219,R=7,C=1,K=5,S=7 || L2:[sp=K,33] K=5,R=7,C=1,S=7,Y=1,X=1",-739.0,-727.5010000000001,1,K|K,1
K,332,Y,221,R,7,X,219,C,2,K,14,S,7,K,33,S,7,K,1,X,217,R,7,Y,1,C,1,"L1:[sp=K,332] Y=221,R=7,X=219,C=2,K=14,S=7 || L2:[sp=K,33] S=7,K=1,X=217,R=7,Y=1,C=1",-150.0,-740.1669999999999,1,K|K,1
K,332,Y,221,X,219,R,7,C,1,K,5,S,7,K,33,K,5,R,7,C,1,S,7,Y,1,X,217,"L1:[sp=K,332] Y=221,X=219,R=7,C=1,K=5,S=7 || L2:[sp=K,33] K=5,R=7,C=1,S=7,Y=1,X=217",-739.0,-727.5010000000001,1,K|K,1
K,332,Y,221,C,3,R,7,X,219,S,7,K,54,K,33,S,7,X,1,C,1,K,1,Y,1,R,7,"L1:[sp=K,332] Y=221,C=3,R=7,X=219,S=7,K=54 || L2:[sp=K,33] S=7,X=1,C=1,K=1,Y=1,R=7",-296.0,-725.8580000000001,1,K|K,1
K,332,Y,221,C,3,S,7,X,219,R,7,K,29,K,33,S,7,X,1,C,1,K,23,Y,1,R,7,"L1:[sp=K,332] Y=221,C=3,S=7,X=219,R=7,K=29 || L2:[sp=K,33] S=7,X=1,C=1,K=23,Y=1,R=7",-3383.0,-725.8580000000001,1,K|K,1
K,332,C,1,Y,221,K,29,X,219,S,7,R,7,K,33,S,7,X,155,C,1,K,1,Y,100,R,7,"L1:[sp=K,332] C=1,Y=221,K=29,X=219,S=7,R=7 || L2:[sp=K,33] S=7,X=155,C=1,K=1,Y=100,R=7",-166702.0,-727.5010000000001,1,K|K,1
K,332,K,54,C,3,R,7,X,219,S,7,Y,221,K,33,S,7,X,1,C,1,K,1,Y,1,R,7,"L1:[sp=K,332] K=54,C=3,R=7,X=219,S=7,Y=221 || L2:[sp=K,33] S=7,X=1,C=1,K=1,Y=1,R=7",-296.0,-725.8580000000001,1,K|K,1
K,332,Y,221,C,3,R,7,X,219,S,7,K,29,K,33,S,7,X,1,C,2,K,23,Y,1,R,7,"L1:[sp=K,332] Y=221,C=3,R=7,X=219,S=7,K=29 || L2:[sp=K,33] S=7,X=1,C=2,K=23,Y=1,R=7",-3383.0,-725.8580000000001,1,K|K,1
K,332,R,7,C,3,Y,221,X,219,S,7,K,29,K,33,S,7,X,1,K,1,C,1,Y,1,R,7,"L1:[sp=K,332] R=7,C=3,Y=221,X=219,S=7,K=29 || L2:[sp=K,33] S=7,X=1,K=1,C=1,Y=1,R=7",-149.0,-725.8580000000001,1,K|K,1
K,332,Y,221,C,3,R,7,X,3,S,7,K,29,K,33,S,7,X,1,C,1,K,1,Y,1,R,7,"L1:[sp=K,332] Y=221,C=3,R=7,X=3,S=7,K=29 || L2:[sp=K,33] S=7,X=1,C=1,K=1,Y=1,R=7",-32120.0,-554.354,1,K|K,1
K,332,Y,221,X,219,R,7,C,1,K,5,S,7,K,33,K,5,R,7,C,1,S,7,Y,1,X,217,"L1:[sp=K,332] Y=221,X=219,R=7,C=1,K=5,S=7 || L2:[sp=K,33] K=5,R=7,C=1,S=7,Y=1,X=217",-739.0,-727.5010000000001,1,K|K,1
K,332,Y,219,C,3,R,7,X,219,S,7,K,62,K,33,S,7,X,1,C,1,K,23,Y,1,R,7,"L1:[sp=K,332] Y=219,C=3,R=7,X=219,S=7,K=62 || L2:[sp=K,33] S=7,X=1,C=1,K=23,Y=1,R=7",-3383.0,-725.438,1,K|K,1
K,332,Y,221,K,4,R,7,X,219,S,7,C,3,K,29,S,7,X,1,C,3,K,4,R,7,Y,1,"L1:[sp=K,332] Y=221,K=4,R=7,X=219,S=7,C=3 || L2:[sp=K,29] S=7,X=1,C=3,K=4,R=7,Y=1",-590.0,-725.806,1,K|K,1
K,332,Y,221,X,219,R,7,C,1,K,5,S,7,K,33,K,5,R,7,C,1,S,7,Y,1,X,217,"L1:[sp=K,332] Y=221,X=219,R=7,C=1,K=5,S=7 || L2:[sp=K,33] K=5,R=7,C=1,S=7,Y=1,X=217",-739.0,-727.5010000000001,1,K|K,1
K,332,Y,221,C,3,R,7,X,219,S,7,K,54,K,33,S,7,X,1,C,1,K,50,Y,189,R,7,"L1:[sp=K,332] Y=221,C=3,R=7,X=219,S=7,K=54 || L2:[sp=K,33] S=7,X=1,C=1,K=50,Y=189,R=7",-213152.0,-725.8580000000001,1,K|K,1
K,332,Y,221,C,3,R,7,X,219,S,7,K,29,K,33,S,7,X,1,C,1,K,1,Y,1,R,7,"L1:[sp=K,332] Y=221,C=3,R=7,X=219,S=7,K=29 || L2:[sp=K,33] S=7,X=1,C=1,K=1,Y=1,R=7",-149.0,-725.8580000000001,1,K|K,1
K,332,Y,173,C,3,R,7,X,219,S,7,K,5,X,73,S,7,X,1,C,1,K,5,Y,1,R,7,"L1:[sp=K,332] Y=173,C=3,R=7,X=219,S=7,K=5 || L2:[sp=X,73] S=7,X=1,C=1,K=5,Y=1,R=7",-160233.0,-687.7239999999999,1,K|X,1
K,332,Y,221,X,219,R,7,C,1,K,29,S,7,K,33,K,1,R,7,C,1,S,7,Y,1,X,1,"L1:[sp=K,332] Y=221,X=219,R=7,C=1,K=29,S=7 || L2:[sp=K,33] K=1,R=7,C=1,S=7,Y=1,X=1",-151.0,-727.5010000000001,1,K|K,1
K,332,Y,221,C,3,R,7,X,219,S,7,K,29,K,33,S,7,X,1,C,1,K,1,Y,1,R,7,"L1:[sp=K,332] Y=221,C=3,R=7,X=219,S=7,K=29 || L2:[sp=K,33] S=7,X=1,C=1,K=1,Y=1,R=7",-149.0,-725.8580000000001,1,K|K,1
K,332,Y,221,K,4,R,7,X,132,S,7,C,3,K,29,S,7,X,1,C,3,K,4,R,7,Y,117,"L1:[sp=K,332] Y=221,K=4,R=7,X=132,S=7,C=3 || L2:[sp=K,29] S=7,X=1,C=3,K=4,R=7,Y=117",-inf,-inf,0,K|K,1
K,332,Y,221,C,3,R,7,X,219,S,7,K,29,K,33,C,1,X,186,S,7,K,1,Y,1,R,7,"L1:[sp=K,332] Y=221,C=3,R=7,X=219,S=7,K=29 || L2:[sp=K,33] C=1,X=186,S=7,K=1,Y=1,R=7",-4706.0,-725.8580000000001,1,K|K,1
K,332,Y,221,X,219,R,7,C,1,K,5,S,7,K,33,K,5,Y,1,C,1,S,7,R,7,X,200,"L1:[sp=K,332] Y=221,X=219,R=7,C=1,K=5,S=7 || L2:[sp=K,33] K=5,Y=1,C=1,S=7,R=7,X=200",-13234.0,-727.5010000000001,1,K|K,1
K,332,R,7,C,3,Y,221,S,7,X,219,K,29,K,33,S,7,X,1,K,1,C,1,R,7,Y,1,"L1:[sp=K,332] R=7,C=3,Y=221,S=7,X=219,K=29 || L2:[sp=K,33] S=7,X=1,K=1,C=1,R=7,Y=1",-149.0,-725.8580000000001,1,K|K,1
K,332,Y,221,C,3,R,7,X,219,S,7,K,29,K,33,S,7,X,1,C,1,K,1,Y,1,R,7,"L1:[sp=K,332] Y=221,C=3,R=7,X=219,S=7,K=29 || L2:[sp=K,33] S=7,X=1,C=1,K=1,Y=1,R=7",-149.0,-725.8580000000001,1,K|K,1
K,332,Y,221,C,2,S,7,X,219,R,7,K,29,K,33,S,7,X,1,C,1,K,1,Y,1,R,7,"L1:[sp=K,332] Y=221,C=2,S=7,X=219,R=7,K=29 || L2:[sp=K,33] S=7,X=1,C=1,K=1,Y=1,R=7",-150.0,-740.1669999999999,1,K|K,1
K,332,Y,221,X,219,R,7,C,1,K,5,S,7,K,33,K,5,R,7,C,1,S,7,Y,1,X,1,"L1:[sp=K,332] Y=221,X=219,R=7,C=1,K=5,S=7 || L2:[sp=K,33] K=5,R=7,C=1,S=7,Y=1,X=1",-739.0,-727.5010000000001,1,K|K,1
K,332,R,7,C,2,Y,221,X,185,S,7,K,29,K,33,S,7,X,1,K,1,C,1,Y,168,R,7,"L1:[sp=K,332] R=7,C=2,Y=221,X=185,S=7,K=29 || L2:[sp=K,33] S=7,X=1,K=1,C=1,Y=168,R=7",-inf,-inf,0,K|K,1
K,332,Y,221,K,4,R,7,X,219,S,7,C,3,K,29,S,7,X,212,C,3,K,4,R,7,Y,1,"L1:[sp=K,332] Y=221,K=4,R=7,X=219,S=7,C=3 || L2:[sp=K,29] S=7,X=212,C=3,K=4,R=7,Y=1",-3530.0,-725.806,1,K|K,1
K,332,Y,150,X,219,R,7,C,1,K,5,S,7,K,33,K,5,C,1,R,7,S,7,Y,1,X,118,"L1:[sp=K,332] Y=150,X=219,R=7,C=1,K=5,S=7 || L2:[sp=K,33] K=5,C=1,R=7,S=7,Y=1,X=118",-inf,-inf,0,K|K,1
K,332,Y,221,C,3,R,7,X,219,S,7,K,54,K,33,S,7,X,1,C,1,K,1,Y,1,R,7,"L1:[sp=K,332] Y=221,C=3,R=7,X=219,S=7,K=54 || L2:[sp=K,33] S=7,X=1,C=1,K=1,Y=1,R=7",-296.0,-725.8580000000001,1,K|K,1
K,332,K,54,C,3,Y,221,X,219,S,7,R,7,K,33,S,7,X,17,C,1,K,1,Y,25,R,7,"L1:[sp=K,332] K=54,C=3,Y=221,X=219,S=7,R=7 || L2:[sp=K,33] S=7,X=17,C=1,K=1,Y=25,R=7",-74090.0,-725.8580000000001,1,K|K,1
K,332,Y,221,C,3,R,7,X,219,S,7,K,29,K,33,S,7,X,1,C,1,K,1,Y,1,R,7,"L1:[sp=K,332] Y=221,C=3,R=7,X=219,S=7,K=29 || L2:[sp=K,33] S=7,X=1,C=1,K=1,Y=1,R=7",-149.0,-725.8580000000001,1,K|K,1
K,332,Y,221,C,3,K,54,X,219,S,7,R,7,K,33,S,7,X,37,K,1,C,1,Y,1,R,7,"L1:[sp=K,332] Y=221,C=3,K=54,X=219,S=7,R=7 || L2:[sp=K,33] S=7,X=37,K=1,C=1,Y=1,R=7",-9704.0,-725.8580000000001,1,K|K,1
K,332,R,7,C,3,Y,221,S,7,X,219,K,29,K,33,S,7,X,1,K,1,C,1,R,7,Y,1,"L1:[sp=K,332] R=7,C=3,Y=221,S=7,X=219,K=29 || L2:[sp=K,33] S=7,X=1,K=1,C=1,R=7,Y=1",-149.0,-725.8580000000001,1,K|K,1
K,332,Y,221,X,219,R,7,C,1,K,5,S,7,K,33,K,5,R,7,S,7,C,1,Y,1,X,1,"L1:[sp=K,332] Y=221,X=219,R=7,C=1,K=5,S=7 || L2:[sp=K,33] K=5,R=7,S=7,C=1,Y=1,X=1",-739.0,-727.5010000000001,1,K|K,1
K,332,Y,221,C,3,R,7,X,219,S,7,K,29,K,33,X,1,S,7,C,1,K,1,Y,1,R,7,"L1:[sp=K,332] Y=221,C=3,R=7,X=219,S=7,K=29 || L2:[sp=K,33] X=1,S=7,C=1,K=1,Y=1,R=7",-149.0,-725.8580000000001,1,K|K,1
K,332,Y,221,X,69,R,7,C,1,K,5,S,7,K,33,K,5,R,7,C,1,S,7,Y,175,X,1,"L1:[sp=K,332] Y=221,X=69,R=7,C=1,K=5,S=7 || L2:[sp=K,33] K=5,R=7,C=1,S=7,Y=175,X=1",-inf,-inf,0,K|K,1
K,332,Y,221,C,2,R,7,X,219,S,7,K,54,K,33,S,7,X,1,C,1,K,1,Y,1,R,7,"L1:[sp=K,332] Y=221,C=2,R=7,X=219,S=7,K=54 || L2:[sp=K,33] S=7,X=1,C=1,K=1,Y=1,R=7",-297.0,-740.1669999999999,1,K|K,1
K,332,Y,221,K,4,R,7,X,219,S,7,C,3,K,29,X,212,S,7,C,1,K,4,R,7,Y,180,"L1:[sp=K,332] Y=221,K=4,R=7,X=219,S=7,C=3 || L2:[sp=K,29] X=212,S=7,C=1,K=4,R=7,Y=180",-134066.0,-725.806,1,K|K,1
K,332,Y,221,C,3,X,219,R,7,S,7,K,54,K,33,S,7,X,1,C,1,K,1,Y,128,R,7,"L1:[sp=K,332] Y=221,C=3,X=219,R=7,S=7,K=54 || L2:[sp=K,33] S=7,X=1,C=1,K=1,Y=128,R=7",-26462.0,-725.8580000000001,1,K|K,1
K,332,R,7,C,3,Y,221,S,7,X,219,K,29,K,33,S,7,X,1,K,1,C,1,R,7,Y,1,"L1:[sp=K,332] R=7,C=3,Y=221,S=7,X=219,K=29 || L2:[sp=K,33] S=7,X=1,K=1,C=1,R=7,Y=1",-149.0,-725.8580000000001,1,K|K,1
K,332,Y,221,C,3,R,7,X,219,S,7,K,29,K,33,C,1,X,186,S,7,K,1,Y,1,R,7,"L1:[sp=K,332] Y=221,C=3,R=7,X=219,S=7,K=29 || L2:[sp=K,33] C=1,X=186,S=7,K=1,Y=1,R=7",-4706.0,-725.8580000000001,1,K|K,1
K,332,Y,221,C,3,R,7,X,219,S,7,K,29,K,33,K,1,X,1,C,1,S,7,Y,1,R,7,"L1:[sp=K,332] Y=221,C=3,R=7,X=219,S=7,K=29 || L2:[sp=K,33] K=1,X=1,C=1,S=7,Y=1,R=7",-149.0,-725.8580000000001,1,K|K,1
K,332,Y,221,X,130,R,7,C,1,K,9,S,7,K,33,K,1,R,7,C,1,S,7,Y,1,X,1,"L1:[sp=K,332] Y=221,X=130,R=7,C=1,K=9,S=7 || L2:[sp=K,33] K=1,R=7,C=1,S=7,Y=1,X=1",-inf,-inf,0,K|K,1
K,332,Y,221,C,3,R,7,X,219,S,7,K,29,K,33,S,7,X,1,C,1,K,1,Y,1,R,7,"L1:[sp=K,332] Y=221,C=3,R=7,X=219,S=7,K=29 || L2:[sp=K,33] S=7,X=1,C=1,K=1,Y=1,R=7",-149.0,-725.8580000000001,1,K|K,1
K,332,R,7,C,3,Y,221,S,7,X,219,K,54,K,18,S,7,X,1,Y,1,C,1,R,7,K,53,"L1:[sp=K,332] R=7,C=3,Y=221,S=7,X=219,K=54 || L2:[sp=K,18] S=7,X=1,Y=1,C=1,R=7,K=53",-7793.0,-725.8580000000001,1,K|K,1
K,332,Y,221,C,3,R,7,X,219,S,7,K,29,K,33,S,7,X,1,C,1,K,1,Y,1,R,7,"L1:[sp=K,332] Y=221,C=3,R=7,X=219,S=7,K=29 || L2:[sp=K,33] S=7,X=1,C=1,K=1,Y=1,R=7",-149.0,-725.8580000000001,1,K|K,1
K,332,R,7,C,3,Y,221,S,7,X,219,K,54,K,18,S,7,X,1,Y,1,C,1,R,7,K,53,"L1:[sp=K,332] R=7,C=3,Y=221,S=7,X=219,K=54 || L2:[sp=K,18] S=7,X=1,Y=1,C=1,R=7,K=53",-7793.0,-725.8580000000001,1,K|K,1
K,332,Y,194,C,3,R,7,X,219,S,7,K,29,K,33,K,25,C,1,X,1,S,7,Y,1,R,7,"L1:[sp=K,332] Y=194,C=3,R=7,X=219,S=7,K=29 || L2:[sp=K,33] K=25,C=1,X=1,S=7,Y=1,R=7",-inf,-inf,0,K|K,1
C,332,Y,221,C,3,R,7,X,219,S,7,K,29,K,33,K,1,X,1,C,1,S,7,Y,182,R,7,"L1:[sp=C,332] Y=221,C=3,R=7,X=219,S=7,K=29 || L2:[sp=K,33] K=1,X=1,C=1,S=7,Y=182,R=7",-15880.0,-740.329,1,C|K,1
K,332,R,7,C,3,Y,52,S,7,X,219,K,29,K,33,S,7,X,1,K,1,C,1,R,7,Y,1,"L1:[sp=K,332] R=7,C=3,Y=52,S=7,X=219,K=29 || L2:[sp=K,33] S=7,X=1,K=1,C=1,R=7,Y=1",-32052.0,-682.203,1,K|K,1
C,332,R,7,C,3,Y,221,S,7,X,219,K,29,K,33,S,7,X,1,K,1,C,1,R,7,Y,1,"L1:[sp=C,332] R=7,C=3,Y=221,S=7,X=219,K=29 || L2:[sp=K,33] S=7,X=1,K=1,C=1,R=7,Y=1",-445.0,-740.329,1,C|K,1
K,332,Y,221,C,2,R,7,X,219,S,7,K,54,K,33,S,7,X,1,C,1,K,1,Y,1,R,7,"L1:[sp=K,332] Y=221,C=2,R=7,X=219,S=7,K=54 || L2:[sp=K,33] S=7,X=1,C=1,K=1,Y=1,R=7",-297.0,-740.1669999999999,1,K|K,1
K,332,X,56,Y,221,R,7,C,1,K,29,S,7,K,33,K,1,R,7,S,7,C,1,Y,1,X,1,"L1:[sp=K,332] X=56,Y=221,R=7,C=1,K=29,S=7 || L2:[sp=K,33] K=1,R=7,S=7,C=1,Y=1,X=1",-inf,-inf,0,K|K,1
K,332,Y,115,C,3,R,7,X,219,S,7,K,5,K,33,C,1,X,186,S,7,K,5,Y,1,R,7,"L1:[sp=K,332] Y=115,C=3,R=7,X=219,S=7,K=5 || L2:[sp=K,33] C=1,X=186,S=7,K=5,Y=1,R=7",-5127363.0,-680.2769999999999,1,K|K,1
K,332,R,7,C,3,Y,130,S,7,X,219,K,29,K,33,S,7,X,1,K,1,C,1,R,7,Y,1,"L1:[sp=K,332] R=7,C=3,Y=130,S=7,X=219,K=29 || L2:[sp=K,33] S=7,X=1,K=1,C=1,R=7,Y=1",-32049.0,-682.203,1,K|K,1
K,332,Y,221,C,3,R,7,X,219,S,7,K,29,K,33,X,1,S,7,C,1,K,4,Y,1,R,7,"L1:[sp=K,332] Y=221,C=3,R=7,X=219,S=7,K=29 || L2:[sp=K,33] X=1,S=7,C=1,K=4,Y=1,R=7",-590.0,-725.8580000000001,1,K|K,1
K,332,Y,221,C,3,R,7,X,219,S,7,K,29,K,33,C,1,X,186,S,7,K,1,Y,1,R,7,"L1:[sp=K,332] Y=221,C=3,R=7,X=219,S=7,K=29 || L2:[sp=K,33] C=1,X=186,S=7,K=1,Y=1,R=7",-4706.0,-725.8580000000001,1,K|K,1
K,332,Y,221,C,3,R,7,X,219,S,7,K,29,C,3,X,1,S,7,C,1,K,1,Y,1,R,7,"L1:[sp=K,332] Y=221,C=3,R=7,X=219,S=7,K=29 || L2:[sp=C,3] X=1,S=7,C=1,K=1,Y=1,R=7",-1423.0,-725.8580000000001,1,K|C,1
K,332,Y,221,C,3,R,7,X,219,S,7,K,54,K,33,S,7,X,1,C,1,K,1,Y,1,R,7,"L1:[sp=K,332] Y=221,C=3,R=7,X=219,S=7,K=54 || L2:[sp=K,33] S=7,X=1,C=1,K=1,Y=1,R=7",-296.0,-725.8580000000001,1,K|K,1
K,332,Y,221,C,3,R,7,X,219,S,7,K,29,K,33,S,7,X,1,C,1,K,1,Y,1,R,7,"L1:[sp=K,332] Y=221,C=3,R=7,X=219,S=7,K=29 || L2:[sp=K,33] S=7,X=1,C=1,K=1,Y=1,R=7",-149.0,-725.8580000000001,1,K|K,1
C,332,R,7,C,3,Y,221,S,7,X,87,K,29,K,33,S,7,X,1,K,14,C,1,R,7,Y,1,"L1:[sp=C,332] R=7,C=3,Y=221,S=7,X=87,K=29 || L2:[sp=K,33] S=7,X=1,K=14,C=1,R=7,Y=1",-inf,-inf,0,C|K,1
K,332,R,7,C,3,Y,221,X,219,S,7,K,29,K,33,S,7,X,1,C,1,K,1,Y,1,R,7,"L1:[sp=K,332] R=7,C=3,Y=221,X=219,S=7,K=29 || L2:[sp=K,33] S=7,X=1,C=1,K=1,Y=1,R=7",-149.0,-725.8580000000001,1,K|K,1
K,332,Y,221,C,3,R,7,X,219,S,7,K,29,K,33,C,1,X,186,S,7,K,1,Y,1,R,7,"L1:[sp=K,332] Y=221,C=3,R=7,X=219,S=7,K=29 || L2:[sp=K,33] C=1,X=186,S=7,K=1,Y=1,R=7",-4706.0,-725.8580000000001,1,K|K,1
K,332,R,7,C,3,Y,221,S,7,X,108,K,54,K,18,S,7,X,1,Y,1,C,1,R,7,K,53,"L1:[sp=K,332] R=7,C=3,Y=221,S=7,X=108,K=54 || L2:[sp=K,18] S=7,X=1,Y=1,C=1,R=7,K=53",-inf,-inf,0,K|K,1
K,332,Y,221,C,3,R,7,X,219,S,7,K,29,K,33,C,1,X,186,S,7,K,1,Y,1,R,7,"L1:[sp=K,332] Y=221,C=3,R=7,X=219,S=7,K=29 || L2:[sp=K,33] C=1,X=186,S=7,K=1,Y=1,R=7",-4706.0,-725.8580000000001,1,K|K,1
K,332,Y,221,X,219,R,7,C,3,S,7,K,29,K,33,S,7,X,1,C,1,K,1,Y,1,R,7,"L1:[sp=K,332] Y=221,X=219,R=7,C=3,S=7,K=29 || L2:[sp=K,33] S=7,X=1,C=1,K=1,Y=1,R=7",-149.0,-725.8580000000001,1,K|K,1
K,332,R,7,C,3,Y,221,S,7,X,219,K,54,K,18,S,7,X,1,Y,1,C,1,R,7,K,53,"L1:[sp=K,332] R=7,C=3,Y=221,S=7,X=219,K=54 || L2:[sp=K,18] S=7,X=1,Y=1,C=1,R=7,K=53",-7793.0,-725.8580000000001,1,K|K,1
C,332,R,7,C,3,Y,221,S,7,X,219,K,29,K,33,S,7,C,1,K,29,X,1,R,7,Y,1,"L1:[sp=C,332] R=7,C=3,Y=221,S=7,X=219,K=29 || L2:[sp=K,33] S=7,C=1,K=29,X=1,R=7,Y=1",-12793.0,-740.329,1,C|K,1
K,332,Y,221,C,3,R,7,X,219,S,7,K,29,K,33,X,1,S,7,C,1,K,4,Y,1,R,7,"L1:[sp=K,332] Y=221,C=3,R=7,X=219,S=7,K=29 || L2:[sp=K,33] X=1,S=7,C=1,K=4,Y=1,R=7",-590.0,-725.8580000000001,1,K|K,1
X,332,Y,221,C,3,R,7,X,219,S,7,K,54,K,33,S,7,X,1,C,1,K,1,Y,1,R,7,"L1:[sp=X,332] Y=221,C=3,R=7,X=219,S=7,K=54 || L2:[sp=K,33] S=7,X=1,C=1,K=1,Y=1,R=7",-444.0,-753.543,1,X|K,1
Y,332,Y,221,C,3,R,7,X,219,S,7,K,29,K,33,C,1,X,186,S,7,K,1,Y,1,R,7,"L1:[sp=Y,332] Y=221,C=3,R=7,X=219,S=7,K=29 || L2:[sp=K,33] C=1,X=186,S=7,K=1,Y=1,R=7",-14116.0,-740.329,1,Y|K,1
K,332,Y,221,C,3,R,7,X,219,S,7,K,40,K,33,S,7,X,1,C,1,K,1,Y,1,R,7,"L1:[sp=K,332] Y=221,C=3,R=7,X=219,S=7,K=40 || L2:[sp=K,33] S=7,X=1,C=1,K=1,Y=1,R=7",-296.0,-725.8580000000001,1,K|K,1
K,332,R,7,C,1,Y,221,S,7,X,219,K,54,K,18,S,7,X,1,Y,1,C,1,R,7,K,46,"L1:[sp=K,332] R=7,C=1,Y=221,S=7,X=219,K=54 || L2:[sp=K,18] S=7,X=1,Y=1,C=1,R=7,K=46",-6766.0,-727.5010000000001,1,K|K,1
K,332,Y,137,C,3,R,7,X,219,S,7,K,29,Y,1,C,1,X,186,S,7,K,1,Y,1,R,7,"L1:[sp=K,332] Y=137,C=3,R=7,X=219,S=7,K=29 || L2:[sp=Y,1] C=1,X=186,S=7,K=1,Y=1,R=7",-29738691.0,-683.102,1,K|Y,1
K,332,Y,221,C,3,R,7,X,219,S,7,K,29,K,33,S,7,X,1,C,1,K,1,Y,1,R,7,"L1:[sp=K,332] Y=221,C=3,R=7,X=219,S=7,K=29 || L2:[sp=K,33] S=7,X=1,C=1,K=1,Y=1,R=7",-149.0,-725.8580000000001,1,K|K,1
K,332,Y,221,C,3,R,7,X,219,S,7,K,29,K,33,S,7,X,1,C,1,K,1,Y,1,R,7,"L1:[sp=K,332] Y=221,C=3,R=7,X=219,S=7,K=29 || L2:[sp=K,33] S=7,X=1,C=1,K=1,Y=1,R=7",-149.0,-725.8580000000001,1,K|K,1
K,332,Y,221,C,3,R,7,X,219,S,7,K,40,K,33,S,7,X,1,C,1,K,1,Y,1,R,7,"L1:[sp=K,332] Y=221,C=3,R=7,X=219,S=7,K=40 || L2:[sp=K,33] S=7,X=1,C=1,K=1,Y=1,R=7",-296.0,-725.8580000000001,1,K|K,1
X,332,Y,221,C,3,R,7,X,90,S,7,K,13,K,33,S,7,X,1,C,1,K,1,Y,1,R,7,"L1:[sp=X,332] Y=221,C=3,R=7,X=90,S=7,K=13 || L2:[sp=K,33] S=7,X=1,C=1,K=1,Y=1,R=7",-inf,-inf,0,X|K,1
C,332,Y,221,C,3,R,7,X,219,S,7,K,60,K,33,S,7,X,1,C,1,K,34,Y,1,R,7,"L1:[sp=C,332] Y=221,C=3,R=7,X=219,S=7,K=60 || L2:[sp=K,33] S=7,X=1,C=1,K=34,Y=1,R=7",-9999.0,-761.0930000000001,1,C|K,1
K,332,Y,221,C,3,R,7,X,219,S,7,K,29,K,33,C,3,Y,70,S,7,K,1,X,186,R,7,"L1:[sp=K,332] Y=221,C=3,R=7,X=219,S=7,K=29 || L2:[sp=K,33] C=3,Y=70,S=7,K=1,X=186,R=7",-37634.0,-725.8580000000001,1,K|K,1
K,332,R,7,C,3,Y,16,X,219,S,7,K,29,K,33,S,7,X,1,C,1,K,1,Y,13,R,7,"L1:[sp=K,332] R=7,C=3,Y=16,X=219,S=7,K=29 || L2:[sp=K,33] S=7,X=1,C=1,K=1,Y=13,R=7",-31032.0,-679.8910000000001,1,K|K,1
K,332,Y,221,C,3,R,7,X,219,S,7,K,29,K,33,S,7,X,1,C,1,K,1,Y,1,R,7,"L1:[sp=K,332] Y=221,C=3,R=7,X=219,S=7,K=29 || L2:[sp=K,33] S=7,X=1,C=1,K=1,Y=1,R=7",-149.0,-725.8580000000001,1,K|K,1
K,332,R,7,C,3,Y,221,X,219,S,7,K,29,K,33,S,7,X,1,C,1,K,1,Y,1,R,7,"L1:[sp=K,332] R=7,C=3,Y=221,X=219,S=7,K=29 || L2:[sp=K,33] S=7,X=1,C=1,K=1,Y=1,R=7",-149.0,-725.8580000000001,1,K|K,1
K,332,Y,77,C,3,R,7,X,134,S,7,K,40,K,33,S,7,X,1,C,1,K,1,Y,1,R,7,"L1:[sp=K,332] Y=77,C=3,R=7,X=134,S=7,K=40 || L2:[sp=K,33] S=7,X=1,C=1,K=1,Y=1,R=7",-13972063.0,-14619.6,1,K|K,1
K,332,Y,221,C,3,R,7,X,207,S,7,K,29,K,33,X,1,S,7,Y,1,K,4,C,1,R,7,"L1:[sp=K,332] Y=221,C=3,R=7,X=207,S=7,K=29 || L2:[sp=K,33] X=1,S=7,Y=1,K=4,C=1,R=7",-inf,-inf,0,K|K,1
K,332,R,7,C,1,Y,221,X,219,S,7,K,29,K,33,S,7,X,1,C,1,K,1,Y,1,R,7,"L1:[sp=K,332] R=7,C=1,Y=221,X=219,S=7,K=29 || L2:[sp=K,33] S=7,X=1,C=1,K=1,Y=1,R=7",-151.0,-727.5010000000001,1,K|K,1
K,332,Y,221,C,3,R,7,X,219,S,7,K,40,K,33,S,7,X,1,C,3,K,1,Y,1,R,7,"L1:[sp=K,332] Y=221,C=3,R=7,X=219,S=7,K=40 || L2:[sp=K,33] S=7,X=1,C=3,K=1,Y=1,R=7",-296.0,-725.8580000000001,1,K|K,1
K,332,Y,221,C,3,R,7,X,219,S,7,K,29,K,33,Y,1,R,7,C,3,K,22,S,7,X,1,"L1:[sp=K,332] Y=221,C=3,R=7,X=219,S=7,K=29 || L2:[sp=K,33] Y=1,R=7,C=3,K=22,S=7,X=1",-3236.0,-725.8580000000001,1,K|K,1
K,332,R,7,C,3,Y,221,X,219,S,7,K,29,K,33,S,7,X,1,C,1,K,1,Y,1,R,7,"L1:[sp=K,332] R=7,C=3,Y=221,X=219,S=7,K=29 || L2:[sp=K,33] S=7,X=1,C=1,K=1,Y=1,R=7",-149.0,-725.8580000000001,1,K|K,1
K,332,Y,221,C,3,R,7,X,219,S,7,K,29,K,33,S,7,X,1,C,1,K,1,Y,1,R,7,"L1:[sp=K,332] Y=221,C=3,R=7,X=219,S=7,K=29 || L2:[sp=K,33] S=7,X=1,C=1,K=1,Y=1,R=7",-149.0,-725.8580000000001,1,K|K,1
K,332,Y,221,C,2,R,7,X,219,S,7,K,29,K,33,S,7,X,1,C,1,K,22,R,7,Y,1,"L1:[sp=K,332] Y=221,C=2,R=7,X=219,S=7,K=29 || L2:[sp=K,33] S=7,X=1,C=1,K=22,R=7,Y=1",-3237.0,-740.1669999999999,1,K|K,1
K,332,Y,221,C,3,R,7,X,219,S,7,K,40,K,33,Y,1,R,7,C,3,S,7,K,1,X,1,"L1:[sp=K,332] Y=221,C=3,R=7,X=219,S=7,K=40 || L2:[sp=K,33] Y=1,R=7,C=3,S=7,K=1,X=1",-296.0,-725.8580000000001,1,K|K,1
K,332,R,7,S,7,Y,126,X,219,C,3,K,23,X,73,S,7,X,1,C,1,K,1,Y,13,R,7,"L1:[sp=K,332] R=7,S=7,Y=126,X=219,C=3,K=23 || L2:[sp=X,73] S=7,X=1,C=1,K=1,Y=13,R=7",-764109.0,-681.689,1,K|X,1
C,332,Y,221,C,3,R,7,X,219,S,7,K,40,K,33,S,7,X,1,C,1,K,36,Y,1,R,7,"L1:[sp=C,332] Y=221,C=3,R=7,X=219,S=7,K=40 || L2:[sp=K,33] S=7,X=1,C=1,K=36,Y=1,R=7",-10587.0,-735.925,1,C|K,1
K,332,R,7,C,1,Y,221,X,219,S,7,K,29,K,33,S,7,X,1,C,1,K,12,Y,1,R,7,"L1:[sp=K,332] R=7,C=1,Y=221,X=219,S=7,K=29 || L2:[sp=K,33] S=7,X=1,C=1,K=12,Y=1,R=7",-1768.0,-727.5010000000001,1,K|K,1
K,332,Y,221,C,3,R,7,X,219,S,7,K,29,K,33,Y,1,R,7,C,3,K,22,S,7,X,115,"L1:[sp=K,332] Y=221,C=3,R=7,X=219,S=7,K=29 || L2:[sp=K,33] Y=1,R=7,C=3,K=22,S=7,X=115",-333104.0,-725.8580000000001,1,K|K,1
C,332,Y,29,C,3,R,7,X,219,S,7,K,29,K,33,S,7,X,1,C,1,K,1,R,7,Y,1,"L1:[sp=C,332] Y=29,C=3,R=7,X=219,S=7,K=29 || L2:[sp=K,33] S=7,X=1,C=1,K=1,R=7,Y=1",-96163.0,-950.334,1,C|K,1
K,332,R,7,C,3,Y,16,X,219,S,7,K,60,K,33,S,7,X,79,C,1,K,34,Y,13,R,7,"L1:[sp=K,332] R=7,C=3,Y=16,X=219,S=7,K=60 || L2:[sp=K,33] S=7,X=79,C=1,K=34,Y=13,R=7",-63274695.0,-679.8910000000001,1,K|K,1
K,332,R,7,C,3,Y,221,X,219,S,7,K,29,K,33,S,7,X,1,C,3,K,1,Y,1,R,7,"L1:[sp=K,332] R=7,C=3,Y=221,X=219,S=7,K=29 || L2:[sp=K,33] S=7,X=1,C=3,K=1,Y=1,R=7",-149.0,-725.8580000000001,1,K|K,1
K,332,Y,221,C,3,R,7,X,219,S,7,K,40,K,33,S,7,X,1,C,3,K,1,Y,1,R,7,"L1:[sp=K,332] Y=221,C=3,R=7,X=219,S=7,K=40 || L2:[sp=K,33] S=7,X=1,C=3,K=1,Y=1,R=7",-296.0,-725.8580000000001,1,K|K,1
K,332,R,7,C,3,Y,16,X,219,S,7,K,29,K,33,K,1,X,1,C,3,S,7,Y,13,R,7,"L1:[sp=K,332] R=7,C=3,Y=16,X=219,S=7,K=29 || L2:[sp=K,33] K=1,X=1,C=3,S=7,Y=13,R=7",-31032.0,-679.8910000000001,1,K|K,1
K,332,Y,221,C,3,R,7,X,219,S,7,K,29,K,33,Y,1,R,7,C,3,K,21,S,7,X,1,"L1:[sp=K,332] Y=221,C=3,R=7,X=219,S=7,K=29 || L2:[sp=K,33] Y=1,R=7,C=3,K=21,S=7,X=1",-3089.0,-725.8580000000001,1,K|K,1
C,158,X,1,K,1,Y,1,S,3,C,1,R,3,K,24,K,1,X,1,Y,1,R,3,C,1,S,3,"L1:[sp=C,158] X=1,K=1,Y=1,S=3,C=1,R=3 || L2:[sp=K,24] K=1,X=1,Y=1,R=3,C=1,S=3",-3732481.0,-620892.0,1,C|K,2
Y,282,K,1,R,3,S,3,X,1,Y,1,C,1,C,9,R,3,S,3,C,1,X,1,Y,1,K,1,"L1:[sp=Y,282] K=1,R=3,S=3,X=1,Y=1,C=1 || L2:[sp=C,9] R=3,S=3,C=1,X=1,Y=1,K=1",-2211841.0,-515852.0,1,Y|C,2
K,325,Y,21,R,3,K,44,C,29,S,3,X,44,Y,7,R,3,X,1,K,1,Y,1,C,1,S,3,"L1:[sp=K,325] Y=21,R=3,K=44,C=29,S=3,X=44 || L2:[sp=Y,7] R=3,X=1,K=1,Y=1,C=1,S=3",-13685779.0,-6226.29,1,K|Y,2
Y,177,R,3,S,3,C,33,Y,48,X,1,K,9,K,7,Y,1,S,3,X,1,C,1,K,1,R,3,"L1:[sp=Y,177] R=3,S=3,C=33,Y=48,X=1,K=9 || L2:[sp=K,7] Y=1,S=3,X=1,C=1,K=1,R=3",-22395745.0,-12203.6,1,Y|K,2
K,297,R,3,Y,41,X,22,S,3,C,23,K,44,Y,29,X,1,C,1,R,3,K,1,Y,1,S,3,"L1:[sp=K,297] R=3,Y=41,X=22,S=3,C=23,K=44 || L2:[sp=Y,29] X=1,C=1,R=3,K=1,Y=1,S=3",-4105747.0,-5979.2,1,K|Y,2
K,606,Y,19,S,3,R,3,C,15,K,64,X,32,K,60,K,1,Y,1,R,3,C,1,S,3,X,1,"L1:[sp=K,606] Y=19,S=3,R=3,C=15,K=64,X=32 || L2:[sp=K,60] K=1,Y=1,R=3,C=1,S=3,X=1",-3359263.0,-6826.47,1,K|K,2
C,6,S,3,K,11,X,35,Y,17,R,3,C,44,K,5,C,1,S,3,R,3,X,1,Y,1,K,1,"L1:[sp=C,6] S=3,K=11,X=35,Y=17,R=3,C=44 || L2:[sp=K,5] C=1,S=3,R=3,X=1,Y=1,K=1",-19630561.0,-9529.52,1,C|K,2
C,23,Y,6,K,7,C,27,R,3,S,3,X,30,C,2,X,1,Y,1,S,3,C,1,K,1,R,3,"L1:[sp=C,23] Y=6,K=7,C=27,R=3,S=3,X=30 || L2:[sp=C,2] X=1,Y=1,S=3,C=1,K=1,R=3",-23514805.0,-9779.08,1,C|C,2
C,274,C,5,Y,42,X,21,K,16,R,3,S,3,Y,1,C,1,S,3,Y,1,R,3,K,1,X,1,"L1:[sp=C,274] C=5,Y=42,X=21,K=16,R=3,S=3 || L2:[sp=Y,1] C=1,S=3,Y=1,R=3,K=1,X=1",-8398105.0,-4132.1,1,C|Y,2
C,706,S,3,K,14,Y,34,X,55,R,3,C,55,Y,2,X,1,S,3,Y,1,R,3,C,1,K,1,"L1:[sp=C,706] S=3,K=14,Y=34,X=55,R=3,C=55 || L2:[sp=Y,2] X=1,S=3,Y=1,R=3,C=1,K=1",-855371.0,-1231.08,1,C|Y,2
Y,630,S,3,X,48,R,3,K,35,C,35,Y,25,C,23,R,3,C,1,X,1,Y,1,K,1,S,3,"L1:[sp=Y,630] S=3,X=48,R=3,K=35,C=35,Y=25 || L2:[sp=C,23] R=3,C=1,X=1,Y=1,K=1,S=3",-3110409.0,-5491.59,1,Y|C,2
Y,758,Y,7,S,3,C,52,R,3,X,17,K,31,C,52,X,1,C,1,R,3,Y,1,K,1,S,3,"L1:[sp=Y,758] Y=7,S=3,C=52,R=3,X=17,K=31 || L2:[sp=C,52] X=1,C=1,R=3,Y=1,K=1,S=3",-435481.0,-5913.49,1,Y|C,2
C,917,C,61,X,54,R,3,Y,38,K,43,S,3,X,22,C,1,R,3,S,3,K,1,Y,1,X,1,"L1:[sp=C,917] C=61,X=54,R=3,Y=38,K=43,S=3 || L2:[sp=X,22] C=1,R=3,S=3,K=1,Y=1,X=1",-5692037.0,-3330.28,1,C|X,2
X,23,K,12,S,3,C,4,R,3,X,37,Y,51,X,26,C,1,K,1,X,1,R,3,Y,1,S,3,"L1:[sp=X,23] K=12,S=3,C=4,R=3,X=37,Y=51 || L2:[sp=X,26] C=1,K=1,X=1,R=3,Y=1,S=3",-3981505.0,-23463.2,1,X|X,2
C,935,X,29,C,45,S,3,K,5,Y,6,R,3,Y,6,S,3,Y,1,K,1,X,1,C,1,R,3,"L1:[sp=C,935] X=29,C=45,S=3,K=5,Y=6,R=3 || L2:[sp=Y,6] S=3,Y=1,K=1,X=1,C=1,R=3",-12597355.0,-12857.9,1,C|Y,2
K,463,Y,26,R,3,K,41,S,3,X,47,C,17,X,1,C,1,Y,1,K,1,R,3,S,3,X,1,"L1:[sp=K,463] Y=26,R=3,K=41,S=3,X=47,C=17 || L2:[sp=X,1] C=1,Y=1,K=1,R=3,S=3,X=1",-68864281.0,-7404.44,1,K|X,2
K,834,S,3,X,55,K,36,Y,22,C,56,R,3,X,25,Y,1,S,3,X,1,R,3,C,1,K,1,"L1:[sp=K,834] S=3,X=55,K=36,Y=22,C=56,R=3 || L2:[sp=X,25] Y=1,S=3,X=1,R=3,C=1,K=1",-1119751.0,-1574.05,1,K|X,2
C,398,C,23,K,13,S,3,Y,25,R,3,X,47,K,10,K,1,C,1,R,3,X,1,Y,1,S,3,"L1:[sp=C,398] C=23,K=13,S=3,Y=25,R=3,X=47 || L2:[sp=K,10] K=1,C=1,R=3,X=1,Y=1,S=3",-6036151.0,-11177.0,1,C|K,2
X,874,C,1,R,3,S,3,X,38,Y,45,K,23,K,5,K,1,X,1,Y,1,S,3,C,1,R,3,"L1:[sp=X,874] C=1,R=3,S=3,X=38,Y=45,K=23 || L2:[sp=K,5] K=1,X=1,Y=1,S=3,C=1,R=3",-16547713.0,-53860.4,1,X|K,2
Y,675,Y,48,X,31,K,52,R,3,S,3,C,29,K,12,R,3,C,1,K,1,Y,1,S,3,X,1,"L1:[sp=Y,675] Y=48,X=31,K=52,R=3,S=3,C=29 || L2:[sp=K,12] R=3,C=1,K=1,Y=1,S=3,X=1",-8957965.0,-6428.12,1,Y|K,2
Y,758,Y,7,S,3,C,52,R,3,X,17,K,31,C,52,X,1,C,1,R,3,Y,1,K,1,S,3,"L1:[sp=Y,758] Y=7,S=3,C=52,R=3,X=17,K=31 || L2:[sp=C,52] X=1,C=1,R=3,Y=1,K=1,S=3",-435481.0,-5913.49,1,Y|C,2
X,758,Y,34,S,3,C,19,R,3,X,17,K,31,C,52,X,1,C,1,R,3,Y,1,K,1,S,3,"L1:[sp=X,758] Y=34,S=3,C=19,R=3,X=17,K=31 || L2:[sp=C,52] X=1,C=1,R=3,Y=1,K=1,S=3",-2115097.0,-6063.14,1,X|C,2
C,706,S,3,C,55,Y,55,X,55,R,3,K,14,Y,2,X,1,S,3,Y,1,R,3,C,1,K,1,"L1:[sp=C,706] S=3,C=55,Y=55,X=55,R=3,K=14 || L2:[sp=Y,2] X=1,S=3,Y=1,R=3,C=1,K=1",-31686.0,-1189.99,1,C|Y,2
X,23,K,12,S,3,C,1,R,3,X,2,Y,51,X,26,C,1,K,1,X,2,R,3,Y,1,S,3,"L1:[sp=X,23] K=12,S=3,C=1,R=3,X=2,Y=51 || L2:[sp=X,26] C=1,K=1,X=2,R=3,Y=1,S=3",-3982081.0,-66026.2,1,X|X,2
C,158,X,1,K,1,Y,1,S,3,C,25,R,3,X,1,K,1,X,1,Y,1,R,3,C,1,S,3,"L1:[sp=C,158] X=1,K=1,Y=1,S=3,C=25,R=3 || L2:[sp=X,1] K=1,X=1,Y=1,R=3,C=1,S=3",-42177025.0,-160869.0,1,C|X,2
Y,630,S,3,X,48,R,3,K,35,C,35,Y,25,C,23,R,3,C,1,X,1,Y,13,K,1,S,3,"L1:[sp=Y,630] S=3,X=48,R=3,K=35,C=35,Y=25 || L2:[sp=C,23] R=3,C=1,X=1,Y=13,K=1,S=3",-3110409.0,-5491.59,1,Y|C,2
K,606,Y,19,S,3,R,3,C,15,K,64,X,53,K,60,K,1,Y,1,R,3,C,1,S,3,X,1,"L1:[sp=K,606] Y=19,S=3,R=3,C=15,K=64,X=53 || L2:[sp=K,60] K=1,Y=1,R=3,C=1,S=3,X=1",-3359263.0,-7675.9,1,K|K,2
Y,758,Y,7,S,3,C,52,R,3,X,17,K,64,C,52,X,1,C,1,K,29,Y,1,R,3,S,3,"L1:[sp=Y,758] Y=7,S=3,C=52,R=3,X=17,K=64 || L2:[sp=C,52] X=1,C=1,K=29,Y=1,R=3,S=3",-435465.0,-5052.12,1,Y|C,2
K,606,Y,19,S,3,R,3,C,15,K,31,X,32,K,60,K,1,Y,1,R,3,C,1,S,3,X,1,"L1:[sp=K,606] Y=19,S=3,R=3,C=15,K=31,X=32 || L2:[sp=K,60] K=1,Y=1,R=3,C=1,S=3,X=1",-1679647.0,-6826.47,1,K|K,2
K,606,Y,19,S,3,R,3,C,15,K,64,X,54,K,60,K,1,Y,6,R,3,C,1,S,3,X,1,"L1:[sp=K,606] Y=19,S=3,R=3,C=15,K=64,X=54 || L2:[sp=K,60] K=1,Y=6,R=3,C=1,S=3,X=1",-3172624.0,-6624.23,1,K|K,2
Y,630,S,3,X,48,R,3,K,35,C,35,Y,25,C,23,R,3,C,1,X,1,Y,1,K,1,S,3,"L1:[sp=Y,630] S=3,X=48,R=3,K=35,C=35,Y=25 || L2:[sp=C,23] R=3,C=1,X=1,Y=1,K=1,S=3",-3110409.0,-5491.59,1,Y|C,2
K,606,Y,22,S,3,R,3,C,15,K,64,X,32,K,60,R,3,Y,1,K,1,C,1,S,3,X,29,"L1:[sp=K,606] Y=22,S=3,R=3,C=15,K=64,X=32 || L2:[sp=K,60] R=3,Y=1,K=1,C=1,S=3,X=29",-2177311.0,-7017.16,1,K|K,2
K,834,S,3,X,55,K,36,Y,19,C,33,R,3,X,25,Y,1,S,3,X,1,R,3,C,1,K,1,"L1:[sp=K,834] S=3,X=55,K=36,Y=19,C=33,R=3 || L2:[sp=X,25] Y=1,S=3,X=1,R=3,C=1,K=1",-1119751.0,-1330.51,1,K|X,2
Y,758,Y,7,S,3,C,52,R,3,X,17,K,31,C,52,X,1,C,1,R,3,S,3,K,1,Y,1,"L1:[sp=Y,758] Y=7,S=3,C=52,R=3,X=17,K=31 || L2:[sp=C,52] X=1,C=1,R=3,S=3,K=1,Y=1",-435481.0,-5913.49,1,Y|C,2
K,606,Y,34,S,3,R,3,C,15,K,55,X,32,K,60,K,1,Y,1,R,3,X,1,S,3,C,1,"L1:[sp=K,606] Y=34,S=3,R=3,C=15,K=55,X=32 || L2:[sp=K,60] K=1,Y=1,R=3,X=1,S=3,C=1",-1679637.0,-6869.23,1,K|K,2
Y,758,X,17,S,3,C,52,R,3,Y,7,K,31,C,52,X,1,C,1,R,3,Y,1,K,1,S,3,"L1:[sp=Y,758] X=17,S=3,C=52,R=3,Y=7,K=31 || L2:[sp=C,52] X=1,C=1,R=3,Y=1,K=1,S=3",-435481.0,-5872.31,1,Y|C,2
C,158,X,1,K,1,Y,1,S,3,C,1,R,3,K,24,K,1,X,1,Y,1,R,3,C,1,S,3,"L1:[sp=C,158] X=1,K=1,Y=1,S=3,C=1,R=3 || L2:[sp=K,24] K=1,X=1,Y=1,R=3,C=1,S=3",-3732481.0,-620892.0,1,C|K,2
C,706,S,3,K,14,Y,34,X,55,R,3,C,55,Y,2,X,1,S,3,Y,1,R,3,C,1,K,1,"L1:[sp=C,706] S=3,K=14,Y=34,X=55,R=3,C=55 || L2:[sp=Y,2] X=1,S=3,Y=1,R=3,C=1,K=1",-855371.0,-1231.08,1,C|Y,2
C,158,X,1,K,1,Y,1,S,3,C,1,R,3,K,24,K,1,X,1,Y,1,R,3,C,1,S,3,"L1:[sp=C,158] X=1,K=1,Y=1,S=3,C=1,R=3 || L2:[sp=K,24] K=1,X=1,Y=1,R=3,C=1,S=3",-3732481.0,-620892.0,1,C|K,2
Y,282,K,1,R,3,S,3,X,51,Y,1,C,1,C,9,R,3,S,3,C,1,X,1,Y,1,K,1,"L1:[sp=Y,282] K=1,R=3,S=3,X=51,Y=1,C=1 || L2:[sp=C,9] R=3,S=3,C=1,X=1,Y=1,K=1",-1998849.0,-349646.0,1,Y|C,2
C,706,S,3,K,14,Y,34,X,41,R,3,C,55,Y,2,X,1,S,3,Y,27,R,3,C,1,K,1,"L1:[sp=C,706] S=3,K=14,Y=34,X=41,R=3,C=55 || L2:[sp=Y,2] X=1,S=3,Y=27,R=3,C=1,K=1",-92378901.0,-8575.94,1,C|Y,2
C,706,S,3,C,55,Y,55,X,55,R,3,K,14,Y,2,X,1,S,3,Y,1,R,3,C,1,K,1,"L1:[sp=C,706] S=3,C=55,Y=55,X=55,R=3,K=14 || L2:[sp=Y,2] X=1,S=3,Y=1,R=3,C=1,K=1",-31686.0,-1189.99,1,C|Y,2
Y,758,Y,7,S,3,C,52,R,3,X,17,K,64,C,52,X,1,C,1,K,29,Y,3,R,3,S,3,"L1:[sp=Y,758] Y=7,S=3,C=52,R=3,X=17,K=64 || L2:[sp=C,52] X=1,C=1,K=29,Y=3,R=3,S=3",-435465.0,-5052.12,1,Y|C,2
Y,758,X,17,S,3,C,59,R,3,Y,7,K,31,C,52,X,6,C,1,R,3,Y,1,K,1,S,3,"L1:[sp=Y,758] X=17,S=3,C=59,R=3,Y=7,K=31 || L2:[sp=C,52] X=6,C=1,R=3,Y=1,K=1,S=3",-677401.0,-6310.87,1,Y|C,2
C,706,S,3,K,14,Y,34,X,22,R,3,C,33,Y,2,X,1,S,3,Y,1,R,3,C,1,K,1,"L1:[sp=C,706] S=3,K=14,Y=34,X=22,R=3,C=33 || L2:[sp=Y,2] X=1,S=3,Y=1,R=3,C=1,K=1",-27713695.0,-7747.55,1,C|Y,2
K,834,S,3,X,55,K,36,Y,19,C,55,R,3,X,25,Y,7,S,3,X,1,R,3,C,1,K,1,"L1:[sp=K,834] S=3,X=55,K=36,Y=19,C=55,R=3 || L2:[sp=X,25] Y=7,S=3,X=1,R=3,C=1,K=1",-1181959.0,-1559.34,1,K|X,2
Y,758,Y,7,S,3,C,52,R,3,X,17,K,31,Y,7,X,1,C,1,K,1,Y,1,R,3,S,3,"L1:[sp=Y,758] Y=7,S=3,C=52,R=3,X=17,K=31 || L2:[sp=Y,7] X=1,C=1,K=1,Y=1,R=3,S=3",-1990681.0,-5913.49,1,Y|Y,2
Y,758,X,17,S,3,C,52,R,3,Y,7,K,64,C,52,X,1,C,1,R,3,Y,1,K,29,S,3,"L1:[sp=Y,758] X=17,S=3,C=52,R=3,Y=7,K=64 || L2:[sp=C,52] X=1,C=1,R=3,Y=1,K=29,S=3",-435465.0,-5209.26,1,Y|C,2
C,706,S,3,Y,55,C,55,X,32,R,3,K,14,Y,2,X,1,S,3,K,1,R,3,C,1,Y,1,"L1:[sp=C,706] S=3,Y=55,C=55,X=32,R=3,K=14 || L2:[sp=Y,2] X=1,S=3,K=1,R=3,C=1,Y=1",-1710731.0,-1330.8,1,C|Y,2
K,606,Y,34,S,3,R,3,C,15,K,55,X,55,C,3,K,1,Y,1,R,3,X,1,S,3,C,1,"L1:[sp=K,606] Y=34,S=3,R=3,C=15,K=55,X=55 || L2:[sp=C,3] K=1,Y=1,R=3,X=1,S=3,C=1",-588071.0,-1298.85,1,K|C,2
Y,758,Y,7,S,3,C,52,R,3,X,17,K,64,C,52,X,1,C,1,K,29,Y,1,R,3,S,3,"L1:[sp=Y,758] Y=7,S=3,C=52,R=3,X=17,K=64 || L2:[sp=C,52] X=1,C=1,K=29,Y=1,R=3,S=3",-435465.0,-5052.12,1,Y|C,2
K,834,S,3,R,3,K,36,Y,19,C,33,X,55,X,25,Y,1,S,3,R,3,X,1,C,1,K,1,"L1:[sp=K,834] S=3,R=3,K=36,Y=19,C=33,X=55 || L2:[sp=X,25] Y=1,S=3,R=3,X=1,C=1,K=1",-1119751.0,-1330.51,1,K|X,2
Y,758,Y,7,S,3,C,55,R,3,X,17,K,64,Y,7,X,1,C,1,K,29,Y,1,R,3,S,3,"L1:[sp=Y,758] Y=7,S=3,C=55,R=3,X=17,K=64 || L2:[sp=Y,7] X=1,C=1,K=29,Y=1,R=3,S=3",-1990665.0,-5192.76,1,Y|Y,2
C,706,S,3,K,14,Y,34,X,55,R,3,C,52,Y,2,X,1,S,3,Y,1,R,3,C,1,K,1,"L1:[sp=C,706] S=3,K=14,Y=34,X=55,R=3,C=52 || L2:[sp=Y,2] X=1,S=3,Y=1,R=3,C=1,K=1",-808715.0,-1231.08,1,C|Y,2
Y,758,Y,34,S,3,C,52,R,3,X,17,K,31,C,52,X,13,C,1,R,3,Y,1,K,1,S,3,"L1:[sp=Y,758] Y=34,S=3,C=52,R=3,X=17,K=31 || L2:[sp=C,52] X=13,C=1,R=3,Y=1,K=1,S=3",-2154265.0,-5539.56,1,Y|C,2
K,606,Y,7,S,3,R,3,C,15,K,55,X,32,K,60,K,1,Y,1,X,1,R,3,S,3,C,1,"L1:[sp=K,606] Y=7,S=3,R=3,C=15,K=55,X=32 || L2:[sp=K,60] K=1,Y=1,X=1,R=3,S=3,C=1",-1679697.0,-7756.79,1,K|K,2
C,706,C,55,K,14,Y,34,R,3,X,55,S,3,Y,2,X,1,S,3,Y,1,R,3,C,1,K,1,"L1:[sp=C,706] C=55,K=14,Y=34,R=3,X=55,S=3 || L2:[sp=Y,2] X=1,S=3,Y=1,R=3,C=1,K=1",-855371.0,-1231.08,1,C|Y,2
Y,758,Y,7,S,3,C,52,R,3,X,17,K,31,C,52,X,1,C,12,R,3,S,3,K,1,Y,1,"L1:[sp=Y,758] Y=7,S=3,C=52,R=3,X=17,K=31 || L2:[sp=C,52] X=1,C=12,R=3,S=3,K=1,Y=1",-5225497.0,-5913.49,1,Y|C,2
Y,758,Y,7,S,3,C,40,R,3,X,17,K,31,C,52,X,1,C,1,K,1,Y,1,R,3,S,3,"L1:[sp=Y,758] Y=7,S=3,C=40,R=3,X=17,K=31 || L2:[sp=C,52] X=1,C=1,K=1,Y=1,R=3,S=3",-435481.0,-5152.18,1,Y|C,2
Y,758,Y,7,S,3,X,17,R,3,C,52,K,64,C,52,X,1,C,1,Y,7,R,3,K,29,S,3,"L1:[sp=Y,758] Y=7,S=3,X=17,R=3,C=52,K=64 || L2:[sp=C,52] X=1,C=1,Y=7,R=3,K=29,S=3",-435465.0,-5623.7,1,Y|C,2
Y,758,Y,7,S,3,C,52,R,3,X,17,K,31,C,52,X,13,C,1,R,3,Y,1,K,1,S,3,"L1:[sp=Y,758] Y=7,S=3,C=52,R=3,X=17,K=31 || L2:[sp=C,52] X=13,C=1,R=3,Y=1,K=1,S=3",-443545.0,-5913.49,1,Y|C,2
C,706,S,3,K,47,Y,50,X,55,R,3,C,55,Y,17,X,1,S,3,Y,1,R,3,C,1,K,1,"L1:[sp=C,706] S=3,K=47,Y=50,X=55,R=3,C=55 || L2:[sp=Y,17] X=1,S=3,Y=1,R=3,C=1,K=1",-126725.0,-1275.46,1,C|Y,2
C,706,S,3,C,55,Y,55,X,55,R,3,K,14,Y,2,X,1,S,3,Y,1,R,3,C,1,K,1,"L1:[sp=C,706] S=3,C=55,Y=55,X=55,R=3,K=14 || L2:[sp=Y,2] X=1,S=3,Y=1,R=3,C=1,K=1",-31686.0,-1189.99,1,C|Y,2
Y,758,Y,7,S,3,C,52,R,3,X,17,K,64,C,52,X,1,C,38,K,29,Y,7,R,3,S,3,"L1:[sp=Y,758] Y=7,S=3,C=52,R=3,X=17,K=64 || L2:[sp=C,52] X=1,C=38,K=29,Y=7,R=3,S=3",-16547337.0,-5052.12,1,Y|C,2
Y,758,Y,7,S,3,C,40,R,3,X,45,K,31,C,52,X,1,S,3,K,1,Y,1,R,3,C,1,"L1:[sp=Y,758] Y=7,S=3,C=40,R=3,X=45,K=31 || L2:[sp=C,52] X=1,S=3,K=1,Y=1,R=3,C=1",-435469.0,-5297.37,1,Y|C,2
C,706,S,3,K,47,Y,50,X,55,R,3,C,55,Y,17,X,1,S,3,Y,1,R,3,C,1,K,1,"L1:[sp=C,706] S=3,K=47,Y=50,X=55,R=3,C=55 || L2:[sp=Y,17] X=1,S=3,Y=1,R=3,C=1,K=1",-126725.0,-1275.46,1,C|Y,2
Y,758,Y,7,S,3,C,52,R,3,X,17,K,32,C,52,X,4,C,1,R,3,Y,1,K,1,S,3,"L1:[sp=Y,758] Y=7,S=3,C=52,R=3,X=17,K=32 || L2:[sp=C,52] X=4,C=1,R=3,Y=1,K=1,S=3",-419345.0,-5436.73,1,Y|C,2
Y,758,Y,18,S,3,C,52,R,3,X,17,K,31,C,4,X,1,C,1,S,3,Y,1,R,3,K,1,"L1:[sp=Y,758] Y=18,S=3,C=52,R=3,X=17,K=31 || L2:[sp=C,4] X=1,C=1,S=3,Y=1,R=3,K=1",-8957977.0,-5601.89,1,Y|C,2
Y,758,X,17,S,3,C,40,R,3,Y,7,K,64,C,52,X,9,K,29,R,3,Y,1,C,1,S,3,"L1:[sp=Y,758] X=17,S=3,C=40,R=3,Y=7,K=64 || L2:[sp=C,52] X=9,K=29,R=3,Y=1,C=1,S=3",-475785.0,-4610.47,1,Y|C,2
K,758,Y,7,S,3,C,52,R,3,X,17,K,31,C,52,X,13,C,1,R,3,Y,1,K,1,S,3,"L1:[sp=K,758] Y=7,S=3,C=52,R=3,X=17,K=31 || L2:[sp=C,52] X=13,C=1,R=3,Y=1,K=1,S=3",-1657325.0,-6011.87,1,K|C,2
Y,758,Y,7,S,3,X,17,R,3,C,52,K,64,C,52,Y,6,C,1,X,1,R,3,K,29,S,3,"L1:[sp=Y,758] Y=7,S=3,X=17,R=3,C=52,K=64 || L2:[sp=C,52] Y=6,C=1,X=1,R=3,K=29,S=3",-435465.0,-5623.7,1,Y|C,2
Y,758,X,17,S,3,C,52,R,3,Y,7,K,64,C,52,X,1,C,1,R,3,Y,1,K,29,S,3,"L1:[sp=Y,758] X=17,S=3,C=52,R=3,Y=7,K=64 || L2:[sp=C,52] X=1,C=1,R=3,Y=1,K=29,S=3",-435465.0,-5209.26,1,Y|C,2
K,758,Y,7,S,3,R,3,X,17,C,52,K,64,C,52,X,1,C,43,Y,7,R,3,K,29,S,3,"L1:[sp=K,758] Y=7,S=3,R=3,X=17,C=52,K=64 || L2:[sp=C,52] X=1,C=43,Y=7,R=3,K=29,S=3",-149796929.0,-9281.06,1,K|C,2
C,758,Y,7,S,3,C,40,R,3,X,17,K,31,C,52,X,1,C,1,K,14,Y,1,R,3,S,3,"L1:[sp=C,758] Y=7,S=3,C=40,R=3,X=17,K=31 || L2:[sp=C,52] X=1,C=1,K=14,Y=1,R=3,S=3",-1705957.0,-8164.21,1,C|C,2
Y,758,Y,7,S,3,C,52,R,3,X,17,K,64,C,52,X,1,C,1,K,29,Y,3,R,3,S,3,"L1:[sp=Y,758] Y=7,S=3,C=52,R=3,X=17,K=64 || L2:[sp=C,52] X=1,C=1,K=29,Y=3,R=3,S=3",-435465.0,-5052.12,1,Y|C,2
Y,758,C,52,S,3,Y,7,R,3,X,17,K,51,C,52,X,1,C,1,K,29,Y,3,R,3,S,3,"L1:[sp=Y,758] C=52,S=3,Y=7,R=3,X=17,K=51 || L2:[sp=C,52] X=1,C=1,K=29,Y=3,R=3,S=3",-496709.0,-5758.13,1,Y|C,2
Y,758,Y,7,S,3,C,52,R,3,K,31,X,17,C,52,X,13,C,1,R,3,Y,6,K,1,S,3,"L1:[sp=Y,758] Y=7,S=3,C=52,R=3,K=31,X=17 || L2:[sp=C,52] X=13,C=1,R=3,Y=6,K=1,S=3",-443545.0,-8346.69,1,Y|C,2
Y,758,Y,7,S,3,C,52,R,3,X,41,K,31,C,52,X,27,C,1,R,3,Y,1,K,1,S,3,"L1:[sp=Y,758] Y=7,S=3,C=52,R=3,X=41,K=31 || L2:[sp=C,52] X=27,C=1,R=3,Y=1,K=1,S=3",-443533.0,-5852.95,1,Y|C,2
Y,758,X,17,S,3,C,52,R,3,Y,7,K,45,C,52,X,1,C,1,R,3,Y,1,K,29,S,3,"L1:[sp=Y,758] X=17,S=3,C=52,R=3,Y=7,K=45 || L2:[sp=C,52] X=1,C=1,R=3,Y=1,K=29,S=3",-415061.0,-5740.1,1,Y|C,2
Y,758,Y,56,S,3,C,52,R,3,X,17,K,37,C,52,X,1,C,1,K,29,Y,1,S,3,R,3,"L1:[sp=Y,758] Y=56,S=3,C=52,R=3,X=17,K=37 || L2:[sp=C,52] X=1,C=1,K=29,Y=1,S=3,R=3",-43757.0,-1698.87,1,Y|C,2
C,706,S,3,K,42,Y,7,X,55,R,3,C,55,Y,17,X,1,S,3,Y,3,R,3,C,1,K,1,"L1:[sp=C,706] S=3,K=42,Y=7,X=55,R=3,C=55 || L2:[sp=Y,17] X=1,S=3,Y=3,R=3,C=1,K=1",-760337.0,-1238.48,1,C|Y,2
Y,758,Y,7,S,3,C,52,R,3,X,39,K,31,C,52,K,1,C,1,R,3,Y,1,X,13,S,3,"L1:[sp=Y,758] Y=7,S=3,C=52,R=3,X=39,K=31 || L2:[sp=C,52] K=1,C=1,R=3,Y=1,X=13,S=3",-524173.0,-5728.31,1,Y|C,2
Y,758,Y,7,S,3,C,52,R,3,X,17,K,64,C,52,X,9,C,1,K,29,Y,3,R,3,S,3,"L1:[sp=Y,758] Y=7,S=3,C=52,R=3,X=17,K=64 || L2:[sp=C,52] X=9,C=1,K=29,Y=3,R=3,S=3",-475785.0,-5052.12,1,Y|C,2
C,706,S,3,C,55,Y,55,X,55,R,3,K,14,Y,2,X,1,S,3,Y,1,R,3,C,1,K,1,"L1:[sp=C,706] S=3,C=55,Y=55,X=55,R=3,K=14 || L2:[sp=Y,2] X=1,S=3,Y=1,R=3,C=1,K=1",-31686.0,-1189.99,1,C|Y,2
Y,758,X,17,S,3,C,52,R,3,Y,28,K,45,C,52,X,1,C,1,R,3,Y,1,K,29,S,3,"L1:[sp=Y,758] X=17,S=3,C=52,R=3,Y=28,K=45 || L2:[sp=C,52] X=1,C=1,R=3,Y=1,K=29,S=3",-1660193.0,-5689.36,1,Y|C,2
Y,758,Y,7,S,3,X,17,R,3,C,52,K,64,C,52,Y,6,C,1,X,1,R,3,K,29,S,3,"L1:[sp=Y,758] Y=7,S=3,X=17,R=3,C=52,K=64 || L2:[sp=C,52] Y=6,C=1,X=1,R=3,K=29,S=3",-435465.0,-5623.7,1,Y|C,2
Y,758,Y,7,S,3,C,52,R,3,X,17,K,32,C,52,X,12,C,1,R,3,Y,1,K,1,S,3,"L1:[sp=Y,758] Y=7,S=3,C=52,R=3,X=17,K=32 || L2:[sp=C,52] X=12,C=1,R=3,Y=1,K=1,S=3",-451601.0,-5436.73,1,Y|C,2
C,706,S,3,C,55,Y,55,X,32,R,3,K,14,Y,2,X,1,S,3,Y,1,R,3,C,1,K,1,"L1:[sp=C,706] S=3,C=55,Y=55,X=32,R=3,K=14 || L2:[sp=Y,2] X=1,S=3,Y=1,R=3,C=1,K=1",-1710731.0,-1330.8,1,C|Y,2
C,706,S,3,C,55,Y,55,X,55,R,3,K,14,Y,2,X,1,S,3,Y,1,R,3,C,1,K,1,"L1:[sp=C,706] S=3,C=55,Y=55,X=55,R=3,K=14 || L2:[sp=Y,2] X=1,S=3,Y=1,R=3,C=1,K=1",-31686.0,-1189.99,1,C|Y,2
Y,758,X,22,S,3,C,52,R,3,Y,7,K,45,C,52,X,1,S,3,R,3,Y,1,K,29,C,1,"L1:[sp=Y,758] X=22,S=3,C=52,R=3,Y=7,K=45 || L2:[sp=C,52] X=1,S=3,R=3,Y=1,K=29,C=1",-415057.0,-5385.54,1,Y|C,2
Y,758,Y,7,S,3,X,17,R,3,C,55,K,64,C,52,Y,5,C,1,X,1,R,3,K,29,S,3,"L1:[sp=Y,758] Y=7,S=3,X=17,R=3,C=55,K=64 || L2:[sp=C,52] Y=5,C=1,X=1,R=3,K=29,S=3",-653193.0,-5797.31,1,Y|C,2
X,706,S,3,K,48,C,52,X,55,R,3,Y,50,Y,17,C,1,S,3,Y,2,R,3,X,1,K,1,"L1:[sp=X,706] S=3,K=48,C=52,X=55,R=3,Y=50 || L2:[sp=Y,17] C=1,S=3,Y=2,R=3,X=1,K=1",-221193.0,-1451.12,1,X|Y,2
Y,758,Y,7,S,3,X,23,R,3,C,52,K,64,C,52,Y,6,C,1,X,1,R,3,K,29,S,3,"L1:[sp=Y,758] Y=7,S=3,X=23,R=3,C=52,K=64 || L2:[sp=C,52] Y=6,C=1,X=1,R=3,K=29,S=3",-435463.0,-5464.33,1,Y|C,2
C,706,K,14,C,55,Y,10,X,55,R,3,S,3,Y,2,X,1,S,3,Y,1,R,3,C,1,K,1,"L1:[sp=C,706] K=14,C=55,Y=10,X=55,R=3,S=3 || L2:[sp=Y,2] X=1,S=3,Y=1,R=3,C=1,K=1",-855391.0,-1246.42,1,C|Y,2
Y,758,Y,7,S,3,C,52,R,3,X,17,K,64,C,52,X,1,C,1,K,29,Y,3,R,3,S,3,"L1:[sp=Y,758] Y=7,S=3,C=52,R=3,X=17,K=64 || L2:[sp=C,52] X=1,C=1,K=29,Y=3,R=3,S=3",-435465.0,-5052.12,1,Y|C,2
Y,758,X,17,S,3,C,52,R,3,Y,7,K,64,X,17,X,1,C,1,R,3,Y,2,K,29,S,3,"L1:[sp=Y,758] X=17,S=3,C=52,R=3,Y=7,K=64 || L2:[sp=X,17] X=1,C=1,R=3,Y=2,K=29,S=3",-1032201.0,-5209.26,1,Y|X,2
Y,758,Y,7,S,3,X,17,R,3,C,12,K,64,C,52,Y,6,C,1,K,58,R,3,X,1,S,3,"L1:[sp=Y,758] Y=7,S=3,X=17,R=3,C=12,K=64 || L2:[sp=C,52] Y=6,C=1,K=58,R=3,X=1,S=3",-1306393.0,-8070.52,1,Y|C,2
Y,758,X,17,S,3,C,52,K,45,Y,45,R,3,C,52,X,1,C,1,R,3,Y,1,K,29,S,3,"L1:[sp=Y,758] X=17,S=3,C=52,K=45,Y=45,R=3 || L2:[sp=C,52] X=1,C=1,R=3,Y=1,K=29,S=3",-2668157.0,-5689.36,1,Y|C,2
C,706,S,3,C,55,Y,55,K,14,R,3,X,55,C,11,X,1,S,3,Y,1,R,3,C,1,K,1,"L1:[sp=C,706] S=3,C=55,Y=55,K=14,R=3,X=55 || L2:[sp=C,11] X=1,S=3,Y=1,R=3,C=1,K=1",-2886.0,-1189.99,1,C|C,2
Y,758,X,17,S,3,C,52,R,3,Y,7,K,64,C,52,X,1,C,1,R,3,Y,1,K,29,S,3,"L1:[sp=Y,758] X=17,S=3,C=52,R=3,Y=7,K=64 || L2:[sp=C,52] X=1,C=1,R=3,Y=1,K=29,S=3",-435465.0,-5209.26,1,Y|C,2
C,706,S,3,C,53,Y,55,X,12,R,3,K,14,Y,2,X,1,S,3,Y,1,R,3,C,1,K,1,"L1:[sp=C,706] S=3,C=53,Y=55,X=12,R=3,K=14 || L2:[sp=Y,2] X=1,S=3,Y=1,R=3,C=1,K=1",-1648538.0,-1743.9,1,C|Y,2
C,706,S,3,R,3,Y,50,X,55,K,47,C,55,Y,17,X,1,S,3,Y,38,R,3,C,53,K,1,"L1:[sp=C,706] S=3,R=3,Y=50,X=55,K=47,C=55 || L2:[sp=Y,17] X=1,S=3,Y=38,R=3,C=53,K=1",-2407685.0,-1377.64,1,C|Y,2
C,706,K,47,S,3,Y,53,X,55,R,3,C,55,Y,17,X,1,S,3,Y,1,R,3,C,1,K,1,"L1:[sp=C,706] K=47,S=3,Y=53,X=55,R=3,C=55 || L2:[sp=Y,17] X=1,S=3,Y=1,R=3,C=1,K=1",-158405.0,-1277.93,1,C|Y,2
Y,758,Y,56,S,3,C,52,R,3,X,17,K,37,C,52,X,1,C,1,K,29,Y,1,S,3,R,3,"L1:[sp=Y,758] Y=56,S=3,C=52,R=3,X=17,K=37 || L2:[sp=C,52] X=1,C=1,K=29,Y=1,S=3,R=3",-43757.0,-1698.87,1,Y|C,2
C,706,S,3,C,55,Y,55,K,14,R,3,X,55,C,11,X,1,S,3,Y,1,R,3,C,1,K,1,"L1:[sp=C,706] S=3,C=55,Y=55,K=14,R=3,X=55 || L2:[sp=C,11] X=1,S=3,Y=1,R=3,C=1,K=1",-2886.0,-1189.99,1,C|C,2
Y,758,X,22,S,3,C,59,R,3,Y,7,K,45,C,52,X,1,S,3,R,3,Y,1,K,29,C,1,"L1:[sp=Y,758] X=22,S=3,C=59,R=3,Y=7,K=45 || L2:[sp=C,52] X=1,S=3,R=3,Y=1,K=29,C=1",-622579.0,-5758.57,1,Y|C,2
X,706,S,3,K,48,C,52,X,55,R,3,Y,50,Y,17,C,1,S,3,Y,35,R,3,X,1,K,1,"L1:[sp=X,706] S=3,K=48,C=52,X=55,R=3,Y=50 || L2:[sp=Y,17] C=1,S=3,Y=35,R=3,X=1,K=1",-2580489.0,-1451.12,1,X|Y,2
Y,706,S,3,C,55,Y,16,K,14,R,3,X,55,C,11,X,1,Y,1,S,3,R,3,C,29,K,1,"L1:[sp=Y,706] S=3,C=55,Y=16,K=14,R=3,X=55 || L2:[sp=C,11] X=1,Y=1,S=3,R=3,C=29,K=1",-534539.0,-1311.68,1,Y|C,2
X,706,S,3,K,48,C,52,X,55,R,3,Y,50,Y,17,K,1,S,3,Y,2,R,3,X,1,C,1,"L1:[sp=X,706] S=3,K=48,C=52,X=55,R=3,Y=50 || L2:[sp=Y,17] K=1,S=3,Y=2,R=3,X=1,C=1",-221193.0,-1451.12,1,X|Y,2
C,706,S,3,C,55,Y,55,X,50,R,3,K,14,X,25,X,1,S,3,Y,1,R,3,C,1,K,1,"L1:[sp=C,706] S=3,C=55,Y=55,X=50,R=3,K=14 || L2:[sp=X,25] X=1,S=3,Y=1,R=3,C=1,K=1",-95051.0,-1340.66,1,C|X,2
C,706,K,47,S,3,Y,53,X,55,R,3,C,55,Y,17,X,1,S,3,Y,1,R,3,C,1,K,2,"L1:[sp=C,706] K=47,S=3,Y=53,X=55,R=3,C=55 || L2:[sp=Y,17] X=1,S=3,Y=1,R=3,C=1,K=2",-158405.0,-1277.93,1,C|Y,2
C,706,S,3,C,55,Y,21,K,13,R,3,X,55,C,11,X,1,S,3,Y,1,R,3,C,1,K,1,"L1:[sp=C,706] S=3,C=55,Y=21,K=13,R=3,X=55 || L2:[sp=C,11] X=1,S=3,Y=1,R=3,C=1,K=1",-155536.0,-1436.54,1,C|C,2
Y,758,X,22,S,3,C,52,R,3,Y,7,K,45,K,5,X,6,S,3,R,3,Y,1,K,29,C,1,"L1:[sp=Y,758] X=22,S=3,C=52,R=3,Y=7,K=45 || L2:[sp=K,5] X=6,S=3,R=3,Y=1,K=29,C=1",-12628237.0,-5385.54,1,Y|K,2
C,706,S,3,C,11,Y,38,X,55,R,3,K,45,Y,2,X,1,S,3,Y,1,R,3,C,11,K,29,"L1:[sp=C,706] S=3,C=11,Y=38,X=55,R=3,K=45 || L2:[sp=Y,2] X=1,S=3,Y=1,R=3,C=11,K=29",-163058.0,-1356.27,1,C|Y,2
Y,758,X,22,S,3,C,52,R,3,Y,7,K,14,C,52,X,1,Y,1,R,3,S,3,K,1,C,25,"L1:[sp=Y,758] X=22,S=3,C=52,R=3,Y=7,K=14 || L2:[sp=C,52] X=1,Y=1,R=3,S=3,K=1,C=25",-10886431.0,-5269.36,1,Y|C,2
C,706,K,47,S,3,Y,55,X,55,R,3,C,17,Y,17,X,1,S,3,Y,1,R,3,C,1,K,1,"L1:[sp=C,706] K=47,S=3,Y=55,X=55,R=3,C=17 || L2:[sp=Y,17] X=1,S=3,Y=1,R=3,C=1,K=1",-9795.0,-1249.16,1,C|Y,2
C,706,S,3,C,35,Y,29,X,55,R,3,K,14,Y,2,S,3,X,1,Y,1,K,1,C,1,R,3,"L1:[sp=C,706] S=3,C=35,Y=29,X=55,R=3,K=14 || L2:[sp=Y,2] S=3,X=1,Y=1,K=1,C=1,R=3",-645131.0,-1329.15,1,C|Y,2
Y,758,X,22,S,3,C,52,R,3,Y,7,K,38,C,52,Y,7,S,3,R,3,X,1,K,29,C,1,"L1:[sp=Y,758] X=22,S=3,C=52,R=3,Y=7,K=38 || L2:[sp=C,52] Y=7,S=3,R=3,X=1,K=29,C=1",-319801.0,-5245.32,1,Y|C,2
Y,758,Y,7,S,3,C,52,R,3,X,17,K,64,C,52,K,29,C,1,X,1,Y,3,R,3,S,3,"L1:[sp=Y,758] Y=7,S=3,C=52,R=3,X=17,K=64 || L2:[sp=C,52] K=29,C=1,X=1,Y=3,R=3,S=3",-435465.0,-5052.12,1,Y|C,2
Y,758,X,22,S,3,C,52,R,3,Y,7,K,45,C,52,Y,1,S,3,R,3,X,1,K,29,C,1,"L1:[sp=Y,758] X=22,S=3,C=52,R=3,Y=7,K=45 || L2:[sp=C,52] Y=1,S=3,R=3,X=1,K=29,C=1",-415057.0,-5385.54,1,Y|C,2
Y,758,Y,7,S,3,X,23,R,3,C,52,K,64,C,52,Y,6,C,1,X,1,R,3,K,29,S,3,"L1:[sp=Y,758] Y=7,S=3,X=23,R=3,C=52,K=64 || L2:[sp=C,52] Y=6,C=1,X=1,R=3,K=29,S=3",-435463.0,-5464.33,1,Y|C,2
Y,758,Y,56,S,3,C,52,R,3,X,17,K,37,C,52,X,17,C,1,K,29,Y,32,S,3,R,3,"L1:[sp=Y,758] Y=56,S=3,C=52,R=3,X=17,K=37 || L2:[sp=C,52] X=17,C=1,K=29,Y=32,S=3,R=3",-1211777.0,-1698.87,1,Y|C,2
Y,758,X,22,S,3,C,52,R,3,Y,7,K,45,C,52,X,1,S,3,R,3,Y,1,K,29,C,1,"L1:[sp=Y,758] X=22,S=3,C=52,R=3,Y=7,K=45 || L2:[sp=C,52] X=1,S=3,R=3,Y=1,K=29,C=1",-415057.0,-5385.54,1,Y|C,2
Y,758,Y,7,S,3,X,23,R,3,C,52,K,24,C,52,Y,6,C,1,X,1,R,3,K,24,S,3,"L1:[sp=Y,758] Y=7,S=3,X=23,R=3,C=52,K=24 || L2:[sp=C,52] Y=6,C=1,X=1,R=3,K=24,S=3",-489907.0,-5720.74,1,Y|C,2
Y,758,Y,56,S,3,C,52,R,3,X,17,K,37,C,52,X,12,C,1,K,29,Y,1,S,3,R,3,"L1:[sp=Y,758] Y=56,S=3,C=52,R=3,X=17,K=37 || L2:[sp=C,52] X=12,C=1,K=29,Y=1,S=3,R=3",-45377.0,-1698.87,1,Y|C,2
C,706,S,3,C,55,Y,55,K,14,R,3,X,55,C,11,X,1,S,3,Y,1,R,3,C,1,K,1,"L1:[sp=C,706] S=3,C=55,Y=55,K=14,R=3,X=55 || L2:[sp=C,11] X=1,S=3,Y=1,R=3,C=1,K=1",-2886.0,-1189.99,1,C|C,2
C,706,S,3,C,11,Y,38,X,55,R,3,K,45,Y,2,X,1,S,3,Y,1,R,3,C,11,K,29,"L1:[sp=C,706] S=3,C=11,Y=38,X=55,R=3,K=45 || L2:[sp=Y,2] X=1,S=3,Y=1,R=3,C=11,K=29",-163058.0,-1356.27,1,C|Y,2
C,706,K,47,S,3,Y,55,R,3,X,55,C,17,Y,17,X,1,S,3,Y,1,C,1,R,3,K,1,"L1:[sp=C,706] K=47,S=3,Y=55,R=3,X=55,C=17 || L2:[sp=Y,17] X=1,S=3,Y=1,C=1,R=3,K=1",-9795.0,-1249.16,1,C|Y,2
C,706,K,47,S,3,Y,55,X,55,R,3,C,17,Y,17,X,1,S,3,Y,55,R,3,C,1,K,1,"L1:[sp=C,706] K=47,S=3,Y=55,X=55,R=3,C=17 || L2:[sp=Y,17] X=1,S=3,Y=55,R=3,C=1,K=1",-1071.0,-1249.16,1,C|Y,2
C,706,S,3,C,55,Y,55,K,14,R,3,X,42,C,11,X,1,S,3,Y,1,R,3,C,1,K,1,"L1:[sp=C,706] S=3,C=55,Y=55,K=14,R=3,X=42 || L2:[sp=C,11] X=1,S=3,Y=1,R=3,C=1,K=1",-155531.0,-1244.23,1,C|C,2
C,706,K,47,S,3,Y,53,X,55,R,3,C,55,Y,17,X,1,S,3,Y,1,R,3,C,1,K,28,"L1:[sp=C,706] K=47,S=3,Y=53,X=55,R=3,C=55 || L2:[sp=Y,17] X=1,S=3,Y=1,R=3,C=1,K=28",-163355.0,-1277.93,1,C|Y,2
X,706,S,3,R,3,C,52,X,55,K,48,Y,50,Y,17,K,1,S,3,Y,2,R,3,X,1,C,21,"L1:[sp=X,706] S=3,R=3,C=52,X=55,K=48,Y=50 || L2:[sp=Y,17] K=1,S=3,Y=2,R=3,X=1,C=21",-214281.0,-1439.55,1,X|Y,2
C,706,K,47,S,3,Y,53,X,55,R,3,C,55,Y,17,X,1,S,3,Y,1,C,24,R,3,K,2,"L1:[sp=C,706] K=47,S=3,Y=53,X=55,R=3,C=55 || L2:[sp=Y,17] X=1,S=3,Y=1,C=24,R=3,K=2",-158405.0,-1277.93,1,C|Y,2
C,706,S,3,C,55,Y,21,K,13,R,3,X,55,C,11,X,1,S,3,Y,1,R,3,C,1,K,1,"L1:[sp=C,706] S=3,C=55,Y=21,K=13,R=3,X=55 || L2:[sp=C,11] X=1,S=3,Y=1,R=3,C=1,K=1",-155536.0,-1436.54,1,C|C,2
C,706,S,3,C,55,Y,55,K,14,R,3,X,55,C,11,X,1,S,3,Y,55,R,3,C,1,K,1,"L1:[sp=C,706] S=3,C=55,Y=55,K=14,R=3,X=55 || L2:[sp=C,11] X=1,S=3,Y=55,R=3,C=1,K=1",-276.0,-1189.99,1,C|C,2
C,706,S,3,C,25,Y,21,K,13,R,3,X,55,C,11,X,1,S,3,Y,1,R,3,C,25,K,1,"L1:[sp=C,706] S=3,C=25,Y=21,K=13,R=3,X=55 || L2:[sp=C,11] X=1,S=3,Y=1,R=3,C=25,K=1",-777616.0,-1436.54,1,C|C,2
C,706,C,55,S,3,Y,55,X,55,R,3,K,47,Y,17,X,6,S,3,C,1,R,3,Y,1,K,1,"L1:[sp=C,706] C=55,S=3,Y=55,X=55,R=3,K=47 || L2:[sp=Y,17] X=6,S=3,C=1,R=3,Y=1,K=1",-190083.0,-1249.16,1,C|Y,2
C,706,S,3,C,17,Y,21,K,45,R,3,X,55,C,11,X,1,S,3,Y,3,R,3,C,1,K,1,"L1:[sp=C,706] S=3,C=17,Y=21,K=45,R=3,X=55 || L2:[sp=C,11] X=1,S=3,Y=3,R=3,C=1,K=1",-62215.0,-1463.66,1,C|C,2
C,706,Y,55,S,3,K,47,X,55,R,3,C,17,Y,17,X,50,S,3,Y,1,R,3,C,1,K,1,"L1:[sp=C,706] Y=55,S=3,K=47,X=55,R=3,C=17 || L2:[sp=Y,17] X=50,S=3,Y=1,R=3,C=1,K=1",-39171.0,-1249.16,1,C|Y,2
C,758,Y,56,S,3,C,52,X,17,R,3,K,37,C,52,X,12,C,1,R,3,Y,1,S,3,K,29,"L1:[sp=C,758] Y=56,S=3,C=52,X=17,R=3,K=37 || L2:[sp=C,52] X=12,C=1,R=3,Y=1,S=3,K=29",-22689.0,-1443.39,1,C|C,2
X,706,S,3,K,45,C,52,Y,50,R,3,X,46,Y,17,K,29,S,3,Y,2,R,3,X,1,C,1,"L1:[sp=X,706] S=3,K=45,C=52,Y=50,R=3,X=46 || L2:[sp=Y,17] K=29,S=3,Y=2,R=3,X=1,C=1",-9697545.0,-7435.46,1,X|Y,2
C,706,S,3,C,13,Y,38,X,55,R,3,K,48,C,11,X,1,S,3,Y,1,R,3,C,11,K,1,"L1:[sp=C,706] S=3,C=13,Y=38,X=55,R=3,K=48 || L2:[sp=C,11] X=1,S=3,Y=1,R=3,C=11,K=1",-342149.0,-1378.46,1,C|C,2
C,706,K,47,S,3,Y,55,X,55,R,3,C,55,Y,17,X,1,S,3,Y,1,R,3,C,1,K,1,"L1:[sp=C,706] K=47,S=3,Y=55,X=55,R=3,C=55 || L2:[sp=Y,17] X=1,S=3,Y=1,R=3,C=1,K=1",-31683.0,-1249.16,1,C|Y,2
C,706,S,3,C,17,Y,21,K,13,R,3,X,55,Y,3,X,1,S,3,Y,1,R,3,C,1,K,1,"L1:[sp=C,706] S=3,C=17,Y=21,K=13,R=3,X=55 || L2:[sp=Y,3] X=1,S=3,Y=1,R=3,C=1,K=1",-176272.0,-1436.54,1,C|Y,2
C,706,S,3,C,55,Y,55,K,14,R,3,X,36,C,11,X,1,S,3,Y,1,R,3,C,1,K,1,"L1:[sp=C,706] S=3,C=55,Y=55,K=14,R=3,X=36 || L2:[sp=C,11] X=1,S=3,Y=1,R=3,C=1,K=1",-155531.0,-1234.37,1,C|C,2
C,706,S,3,Y,38,R,3,X,55,C,11,K,45,Y,2,K,29,S,3,Y,1,R,3,C,2,X,40,"L1:[sp=C,706] S=3,Y=38,R=3,X=55,C=11,K=45 || L2:[sp=Y,2] K=29,S=3,Y=1,R=3,C=2,X=40",-2282747.0,-1356.27,1,C|Y,2
C,706,S,3,C,55,Y,55,K,14,R,3,X,55,C,11,X,1,S,3,Y,55,R,3,C,1,K,1,"L1:[sp=C,706] S=3,C=55,Y=55,K=14,R=3,X=55 || L2:[sp=C,11] X=1,S=3,Y=55,R=3,C=1,K=1",-276.0,-1189.99,1,C|C,2
C,706,K,47,S,3,Y,55,R,3,X,55,C,17,Y,17,X,1,S,3,Y,42,C,5,R,3,K,1,"L1:[sp=C,706] K=47,S=3,Y=55,R=3,X=55,C=17 || L2:[sp=Y,17] X=1,S=3,Y=42,C=5,R=3,K=1",-411267.0,-1249.16,1,C|Y,2
C,706,S,3,C,55,Y,55,K,14,R,3,X,55,C,11,X,1,S,3,Y,1,R,3,K,1,C,1,"L1:[sp=C,706] S=3,C=55,Y=55,K=14,R=3,X=55 || L2:[sp=C,11] X=1,S=3,Y=1,R=3,K=1,C=1",-2886.0,-1189.99,1,C|C,2
C,758,Y,56,S,3,C,52,X,17,R,3,K,37,C,52,Y,1,C,1,R,3,S,3,X,12,K,29,"L1:[sp=C,758] Y=56,S=3,C=52,X=17,R=3,K=37 || L2:[sp=C,52] Y=1,C=1,R=3,S=3,X=12,K=29",-22689.0,-1443.39,1,C|C,2
C,706,K,47,S,3,Y,55,R,3,X,55,C,17,Y,17,X,20,S,3,Y,1,C,1,R,3,K,1,"L1:[sp=C,706] K=47,S=3,Y=55,R=3,X=55,C=17 || L2:[sp=Y,17] X=20,S=3,Y=1,C=1,R=3,K=1",-137091.0,-1249.16,1,C|Y,2
C,706,S,3,C,17,Y,21,K,17,R,3,X,55,C,11,X,21,S,3,Y,3,R,3,C,1,K,1,"L1:[sp=C,706] S=3,C=17,Y=21,K=17,R=3,X=55 || L2:[sp=C,11] X=21,S=3,Y=3,R=3,C=1,K=1",-746509.0,-1439.0,1,C|C,2
C,706,K,47,S,3,Y,55,X,55,R,3,C,55,Y,17,X,1,S,3,Y,54,R,3,C,1,K,1,"L1:[sp=C,706] K=47,S=3,Y=55,X=55,R=3,C=55 || L2:[sp=Y,17] X=1,S=3,Y=54,R=3,C=1,K=1",-1710723.0,-1249.16,1,C|Y,2
C,706,K,47,S,3,Y,55,X,55,R,3,C,17,Y,17,X,1,S,3,Y,55,R,3,C,1,K,1,"L1:[sp=C,706] K=47,S=3,Y=55,X=55,R=3,C=17 || L2:[sp=Y,17] X=1,S=3,Y=55,R=3,C=1,K=1",-1071.0,-1249.16,1,C|Y,2
C,706,K,12,S,3,Y,55,R,3,X,55,C,17,Y,17,X,1,S,3,Y,1,C,1,R,3,K,1,"L1:[sp=C,706] K=12,S=3,Y=55,R=3,X=55,C=17 || L2:[sp=Y,17] X=1,S=3,Y=1,C=1,R=3,K=1",-9799.0,-1194.92,1,C|Y,2
C,706,S,3,C,55,Y,56,K,14,R,3,X,55,C,11,X,1,S,3,Y,1,R,3,C,1,K,1,"L1:[sp=C,706] S=3,C=55,Y=56,K=14,R=3,X=55 || L2:[sp=C,11] X=1,S=3,Y=1,R=3,C=1,K=1",-2886.0,-1189.99,1,C|C,2
C,758,Y,55,S,3,C,52,X,17,R,3,K,37,C,52,X,12,C,1,R,3,K,29,S,3,Y,1,"L1:[sp=C,758] Y=55,S=3,C=52,X=17,R=3,K=37 || L2:[sp=C,52] X=12,C=1,R=3,K=29,S=3,Y=1",-22689.0,-1477.35,1,C|C,2
Y,706,Y,55,S,3,K,47,X,55,R,3,C,17,Y,17,X,50,S,3,Y,1,R,3,C,9,K,1,"L1:[sp=Y,706] Y=55,S=3,K=47,X=55,R=3,C=17 || L2:[sp=Y,17] X=50,S=3,Y=1,R=3,C=9,K=1",-156681.0,-1264.7,1,Y|Y,2
C,706,S,3,C,17,Y,21,K,45,X,55,R,3,C,11,X,1,S,3,Y,3,R,3,C,1,K,1,"L1:[sp=C,706] S=3,C=17,Y=21,K=45,X=55,R=3 || L2:[sp=C,11] X=1,S=3,Y=3,R=3,C=1,K=1",-62215.0,-1463.66,1,C|C,2
Y,706,S,3,C,55,Y,49,K,14,R,3,X,55,C,11,X,1,S,3,Y,49,R,3,C,1,K,1,"L1:[sp=Y,706] S=3,C=55,Y=49,K=14,R=3,X=55 || L2:[sp=C,11] X=1,S=3,Y=49,R=3,C=1,K=1",-169355.0,-1310.74,1,Y|C,2
C,758,Y,56,S,3,C,18,X,17,R,3,K,37,C,52,X,12,C,1,R,3,Y,1,S,3,K,29,"L1:[sp=C,758] Y=56,S=3,C=18,X=17,R=3,K=37 || L2:[sp=C,52] X=12,C=1,R=3,Y=1,S=3,K=29",-22689.0,-1443.39,1,C|C,2
C,706,S,3,C,55,Y,55,K,54,R,3,X,55,C,11,X,1,S,3,Y,1,R,3,C,1,K,1,"L1:[sp=C,706] S=3,C=55,Y=55,K=54,R=3,X=55 || L2:[sp=C,11] X=1,S=3,Y=1,R=3,C=1,K=1",-2883.0,-1283.68,1,C|C,2
C,706,K,47,S,3,Y,55,X,55,C,17,R,3,Y,17,Y,55,S,3,X,1,R,3,C,1,K,1,"L1:[sp=C,706] K=47,S=3,Y=55,X=55,C=17,R=3 || L2:[sp=Y,17] Y=55,S=3,X=1,R=3,C=1,K=1",-1071.0,-1249.16,1,C|Y,2
C,758,Y,56,S,3,C,52,X,8,R,3,K,47,C,52,X,8,C,1,R,3,Y,1,S,3,K,1,"L1:[sp=C,758] Y=56,S=3,C=52,X=8,R=3,K=47 || L2:[sp=C,52] X=8,C=1,R=3,Y=1,S=3,K=1",-32271.0,-1914.29,1,C|C,2
C,706,K,37,S,3,Y,55,R,3,X,23,C,17,Y,17,X,1,S,3,Y,1,C,1,R,3,K,29,"L1:[sp=C,706] K=37,S=3,Y=55,R=3,X=23,C=17 || L2:[sp=Y,17] X=1,S=3,Y=1,C=1,R=3,K=29",-371797.0,-1216.56,1,C|Y,2
C,706,K,47,C,55,Y,55,X,55,R,3,S,3,K,47,X,1,C,1,Y,1,R,3,S,3,K,1,"L1:[sp=C,706] K=47,C=55,Y=55,X=55,R=3,S=3 || L2:[sp=K,47] X=1,C=1,Y=1,R=3,S=3,K=1",-993.0,-1249.16,1,C|K,2
C,706,S,3,C,55,Y,55,K,14,R,3,X,55,C,11,X,1,S,3,Y,1,R,3,C,1,K,1,"L1:[sp=C,706] S=3,C=55,Y=55,K=14,R=3,X=55 || L2:[sp=C,11] X=1,S=3,Y=1,R=3,C=1,K=1",-2886.0,-1189.99,1,C|C,2
C,706,S,3,C,55,Y,55,K,14,R,3,X,55,C,11,X,1,S,3,Y,55,R,3,C,1,K,1,"L1:[sp=C,706] S=3,C=55,Y=55,K=14,R=3,X=55 || L2:[sp=C,11] X=1,S=3,Y=55,R=3,C=1,K=1",-276.0,-1189.99,1,C|C,2
C,706,X,55,S,3,Y,55,K,56,R,3,C,17,Y,17,X,1,S,3,Y,55,R,3,C,1,K,1,"L1:[sp=C,706] X=55,S=3,Y=55,K=56,R=3,C=17 || L2:[sp=Y,17] X=1,S=3,Y=55,R=3,C=1,K=1",-1071.0,-1293.54,1,C|Y,2
C,706,S,3,C,55,Y,56,K,14,R,3,X,55,C,11,K,1,S,3,Y,1,R,3,C,1,X,1,"L1:[sp=C,706] S=3,C=55,Y=56,K=14,R=3,X=55 || L2:[sp=C,11] K=1,S=3,Y=1,R=3,C=1,X=1",-2886.0,-1189.99,1,C|C,2
C,706,S,3,C,55,Y,55,K,14,R,3,X,55,C,11,X,1,S,3,Y,1,R,3,K,1,C,1,"L1:[sp=C,706] S=3,C=55,Y=55,K=14,R=3,X=55 || L2:[sp=C,11] X=1,S=3,Y=1,R=3,K=1,C=1",-2886.0,-1189.99,1,C|C,2
C,706,K,47,S,3,Y,55,X,55,R,3,C,17,Y,17,R,3,S,3,K,1,X,1,C,1,Y,55,"L1:[sp=C,706] K=47,S=3,Y=55,X=55,R=3,C=17 || L2:[sp=Y,17] R=3,S=3,K=1,X=1,C=1,Y=55",-1071.0,-1249.16,1,C|Y,2
X,706,K,47,S,3,Y,56,X,55,C,17,R,3,Y,17,Y,1,S,3,X,1,R,3,C,1,K,1,"L1:[sp=X,706] K=47,S=3,Y=56,X=55,C=17,R=3 || L2:[sp=Y,17] Y=1,S=3,X=1,R=3,C=1,K=1",-36873.0,-1265.29,1,X|Y,2
C,706,S,3,C,55,Y,28,K,14,R,3,X,55,C,11,X,1,S,3,Y,5,R,3,C,1,K,1,"L1:[sp=C,706] S=3,C=55,Y=28,K=14,R=3,X=55 || L2:[sp=C,11] X=1,S=3,Y=5,R=3,C=1,K=1",-161291.0,-1328.61,1,C|C,2
C,706,S,3,C,55,Y,55,K,14,R,3,X,55,C,11,X,1,S,3,R,3,Y,55,C,1,K,1,"L1:[sp=C,706] S=3,C=55,Y=55,K=14,R=3,X=55 || L2:[sp=C,11] X=1,S=3,R=3,Y=55,C=1,K=1",-276.0,-1189.99,1,C|C,2
C,706,K,47,S,3,Y,56,X,55,R,3,C,17,Y,4,X,1,S,3,Y,23,R,3,C,1,K,1,"L1:[sp=C,706] K=47,S=3,Y=56,X=55,R=3,C=17 || L2:[sp=Y,4] X=1,S=3,Y=23,R=3,C=1,K=1",-225219.0,-1249.16,1,C|Y,2
C,706,K,47,S,3,Y,55,X,56,R,3,C,17,Y,17,X,1,S,3,Y,45,R,3,C,1,K,1,"L1:[sp=C,706] K=47,S=3,Y=55,X=56,R=3,C=17 || L2:[sp=Y,17] X=1,S=3,Y=45,R=3,C=1,K=1",-440643.0,-1249.16,1,C|Y,2
C,706,K,47,S,3,X,55,Y,55,C,17,R,3,Y,17,Y,55,S,3,X,1,R,3,C,1,K,1,"L1:[sp=C,706] K=47,S=3,X=55,Y=55,C=17,R=3 || L2:[sp=Y,17] Y=55,S=3,X=1,R=3,C=1,K=1",-1071.0,-1249.16,1,C|Y,2
C,706,K,47,S,3,Y,55,X,55,R,3,C,19,C,19,K,1,S,3,Y,55,R,3,C,1,X,1,"L1:[sp=C,706] K=47,S=3,Y=55,X=55,R=3,C=19 || L2:[sp=C,19] K=1,S=3,Y=55,R=3,C=1,X=1",-47.0,-1249.16,1,C|C,2
Y,706,C,55,X,55,Y,55,K,14,R,3,S,3,K,14,X,1,S,3,Y,55,R,3,C,1,K,1,"L1:[sp=Y,706] C=55,X=55,Y=55,K=14,R=3,S=3 || L2:[sp=K,14] X=1,S=3,Y=55,R=3,C=1,K=1",-inf,-inf,0,Y|K,2
C,706,K,47,S,3,Y,55,X,55,R,3,C,14,Y,17,X,1,S,3,Y,55,R,3,C,1,K,1,"L1:[sp=C,706] K=47,S=3,Y=55,X=55,R=3,C=14 || L2:[sp=Y,17] X=1,S=3,Y=55,R=3,C=1,K=1",-879.0,-1249.16,1,C|Y,2
C,706,S,3,C,55,Y,55,K,54,R,3,X,55,C,11,X,1,C,1,Y,1,R,3,S,3,K,38,"L1:[sp=C,706] S=3,C=55,Y=55,K=54,R=3,X=55 || L2:[sp=C,11] X=1,C=1,Y=1,R=3,S=3,K=38",-3153.0,-1283.68,1,C|C,2
C,706,K,47,S,3,Y,46,X,55,R,3,C,17,Y,17,X,1,S,3,Y,20,R,3,C,1,K,1,"L1:[sp=C,706] K=47,S=3,Y=46,X=55,R=3,C=17 || L2:[sp=Y,17] X=1,S=3,Y=20,R=3,C=1,K=1",-391685.0,-1272.17,1,C|Y,2
K,706,S,3,C,55,Y,55,K,14,R,3,X,55,C,11,X,35,S,3,Y,55,R,3,C,1,K,1,"L1:[sp=K,706] S=3,C=55,Y=55,K=14,R=3,X=55 || L2:[sp=C,11] X=35,S=3,Y=55,R=3,C=1,K=1",-inf,-inf,0,K|C,2
C,706,S,3,C,55,Y,55,K,14,R,3,X,55,C,11,X,1,S,3,Y,21,R,3,K,1,C,1,"L1:[sp=C,706] S=3,C=55,Y=55,K=14,R=3,X=55 || L2:[sp=C,11] X=1,S=3,Y=21,R=3,K=1,C=1",-34566.0,-1189.99,1,C|C,2
C,706,S,3,Y,55,C,55,K,54,R,3,X,19,C,11,X,1,S,3,Y,1,R,3,C,1,K,1,"L1:[sp=C,706] S=3,Y=55,C=55,K=54,R=3,X=19 || L2:[sp=C,11] X=1,S=3,Y=1,R=3,C=1,K=1",-155527.0,-1294.91,1,C|C,2
C,706,K,47,C,55,Y,55,X,55,R,3,S,3,X,55,X,1,C,1,Y,1,R,3,S,3,K,1,"L1:[sp=C,706] K=47,C=55,Y=55,X=55,R=3,S=3 || L2:[sp=X,55] X=1,C=1,Y=1,R=3,S=3,K=1",-31683.0,-1249.16,1,C|X,2
C,706,S,3,C,55,Y,55,K,14,R,3,X,55,C,11,X,1,S,3,R,3,Y,1,K,1,C,1,"L1:[sp=C,706] S=3,C=55,Y=55,K=14,R=3,X=55 || L2:[sp=C,11] X=1,S=3,R=3,Y=1,K=1,C=1",-2886.0,-1189.99,1,C|C,2
C,706,K,47,S,3,Y,55,X,55,R,3,C,19,C,19,K,1,S,3,Y,55,R,3,C,1,X,1,"L1:[sp=C,706] K=47,S=3,Y=55,X=55,R=3,C=19 || L2:[sp=C,19] K=1,S=3,Y=55,R=3,C=1,X=1",-47.0,-1249.16,1,C|C,2
C,706,K,47,S,3,Y,55,X,55,R,3,C,19,C,19,K,1,S,3,Y,55,R,3,C,1,X,1,"L1:[sp=C,706] K=47,S=3,Y=55,X=55,R=3,C=19 || L2:[sp=C,19] K=1,S=3,Y=55,R=3,C=1,X=1",-47.0,-1249.16,1,C|C,2
C,706,K,47,S,3,Y,55,X,55,R,3,C,17,Y,17,R,3,S,3,K,2,X,1,C,1,Y,50,"L1:[sp=C,706] K=47,S=3,Y=55,X=55,R=3,C=17 || L2:[sp=Y,17] R=3,S=3,K=2,X=1,C=1,Y=50",-489603.0,-1249.16,1,C|Y,2
C,706,K,47,S,3,Y,55,X,55,R,3,C,17,Y,1,R,3,S,3,K,1,X,1,C,1,Y,55,"L1:[sp=C,706] K=47,S=3,Y=55,X=55,R=3,C=17 || L2:[sp=Y,1] R=3,S=3,K=1,X=1,C=1,Y=55",-1071.0,-1249.16,1,C|Y,2
C,706,S,3,C,55,Y,56,K,14,R,3,X,55,C,11,K,1,S,3,Y,1,R,3,C,1,X,42,"L1:[sp=C,706] S=3,C=55,Y=56,K=14,R=3,X=55 || L2:[sp=C,11] K=1,S=3,Y=1,R=3,C=1,X=42",-34566.0,-1189.99,1,C|C,2
C,706,K,47,S,3,Y,55,X,55,R,3,C,14,Y,17,X,1,S,3,Y,55,R,3,C,6,K,37,"L1:[sp=C,706] K=47,S=3,Y=55,X=55,R=3,C=14 || L2:[sp=Y,17] X=1,S=3,Y=55,R=3,C=6,K=37",-inf,-inf,0,C|Y,2
C,706,K,22,S,3,Y,55,X,55,R,3,C,17,Y,17,R,3,S,3,K,1,X,1,C,7,Y,55,"L1:[sp=C,706] K=22,S=3,Y=55,X=55,R=3,C=17 || L2:[sp=Y,17] R=3,S=3,K=1,X=1,C=7,Y=55",-inf,-inf,0,C|Y,2
C,706,S,3,C,55,Y,55,K,14,R,3,X,55,C,11,X,1,S,3,R,3,Y,55,C,1,K,1,"L1:[sp=C,706] S=3,C=55,Y=55,K=14,R=3,X=55 || L2:[sp=C,11] X=1,S=3,R=3,Y=55,C=1,K=1",-276.0,-1189.99,1,C|C,2
C,706,X,55,S,3,Y,55,K,56,R,3,C,33,Y,17,X,49,S,3,Y,55,R,3,C,1,K,1,"L1:[sp=C,706] X=55,S=3,Y=55,K=56,R=3,C=33 || L2:[sp=Y,17] X=49,S=3,Y=55,R=3,C=1,K=1",-2023.0,-1293.54,1,C|Y,2
C,706,K,47,S,3,Y,55,X,55,R,3,C,17,X,11,R,3,S,3,K,1,X,1,C,1,Y,55,"L1:[sp=C,706] K=47,S=3,Y=55,X=55,R=3,C=17 || L2:[sp=X,11] R=3,S=3,K=1,X=1,C=1,Y=55",-1071.0,-1249.16,1,C|X,2
C,706,K,47,S,3,X,55,Y,55,C,17,R,3,Y,17,Y,44,S,3,X,1,C,1,R,3,K,4,"L1:[sp=C,706] K=47,S=3,X=55,Y=55,C=17,R=3 || L2:[sp=Y,17] Y=44,S=3,X=1,C=1,R=3,K=4",-444315.0,-1249.16,1,C|Y,2
C,706,K,47,S,3,Y,42,X,55,R,3,C,17,Y,17,R,3,S,3,K,1,X,1,C,1,Y,42,"L1:[sp=C,706] K=47,S=3,Y=42,X=55,R=3,C=17 || L2:[sp=Y,17] R=3,S=3,K=1,X=1,C=1,Y=42",-822533.0,-1268.89,1,C|Y,2
C,706,S,3,C,55,Y,56,K,14,X,44,R,3,C,11,K,1,S,3,Y,1,R,3,X,1,C,1,"L1:[sp=C,706] S=3,C=55,Y=56,K=14,X=44,R=3 || L2:[sp=C,11] K=1,S=3,Y=1,R=3,X=1,C=1",-155531.0,-1159.86,1,C|C,2
C,706,K,47,C,56,Y,55,X,55,R,3,S,3,Y,17,R,3,S,3,K,1,X,1,C,1,Y,55,"L1:[sp=C,706] K=47,C=56,Y=55,X=55,R=3,S=3 || L2:[sp=Y,17] R=3,S=3,K=1,X=1,C=1,Y=55",-3567.0,-1249.16,1,C|Y,2
C,706,K,47,S,3,C,14,X,55,R,3,Y,55,Y,17,X,50,S,3,Y,55,R,3,C,1,K,1,"L1:[sp=C,706] K=47,S=3,C=14,X=55,R=3,Y=55 || L2:[sp=Y,17] X=50,S=3,Y=55,R=3,C=1,K=1",-825.0,-1249.16,1,C|Y,2
C,706,K,47,S,3,Y,10,X,55,R,3,C,17,Y,17,R,3,S,3,K,1,X,1,C,1,Y,10,"L1:[sp=C,706] K=47,S=3,Y=10,X=55,R=3,C=17 || L2:[sp=Y,17] R=3,S=3,K=1,X=1,C=1,Y=10",-587533.0,-1264.5,1,C|Y,2
C,706,K,47,S,3,Y,55,X,55,R,3,C,39,C,19,K,1,S,3,Y,55,R,3,C,1,X,1,"L1:[sp=C,706] K=47,S=3,Y=55,X=55,R=3,C=39 || L2:[sp=C,19] K=1,S=3,Y=55,R=3,C=1,X=1",-175.0,-1249.16,1,C|C,2
K,706,K,47,S,3,Y,55,X,55,R,3,C,14,Y,17,X,1,S,3,Y,55,R,3,C,1,K,1,"L1:[sp=K,706] K=47,S=3,Y=55,X=55,R=3,C=14 || L2:[sp=Y,17] X=1,S=3,Y=55,R=3,C=1,K=1",-2964.0,-1191.11,1,K|Y,2
C,706,S,3,C,55,Y,55,K,14,R,3,X,55,C,11,X,1,S,3,R,3,Y,55,C,1,K,1,"L1:[sp=C,706] S=3,C=55,Y=55,K=14,R=3,X=55 || L2:[sp=C,11] X=1,S=3,R=3,Y=55,C=1,K=1",-276.0,-1189.99,1,C|C,2
C,706,K,47,S,3,Y,55,X,28,R,3,C,17,Y,17,R,3,S,3,K,1,X,1,C,1,Y,55,"L1:[sp=C,706] K=47,S=3,Y=55,X=28,R=3,C=17 || L2:[sp=Y,17] R=3,S=3,K=1,X=1,C=1,Y=55",-58717.0,-1257.38,1,C|Y,2
C,706,K,47,X,55,Y,55,S,3,R,3,C,14,Y,5,X,1,S,3,Y,55,R,3,C,1,K,1,"L1:[sp=C,706] K=47,X=55,Y=55,S=3,R=3,C=14 || L2:[sp=Y,5] X=1,S=3,Y=55,R=3,C=1,K=1",-879.0,-1249.16,1,C|Y,2
C,706,K,47,S,3,Y,55,X,55,R,3,C,19,C,19,K,1,S,3,Y,55,R,3,C,1,X,1,"L1:[sp=C,706] K=47,S=3,Y=55,X=55,R=3,C=19 || L2:[sp=C,19] K=1,S=3,Y=55,R=3,C=1,X=1",-47.0,-1249.16,1,C|C,2
C,706,K,47,S,3,Y,30,X,55,R,3,C,39,X,55,K,1,S,3,Y,30,R,3,C,1,X,1,"L1:[sp=C,706] K=47,S=3,Y=30,X=55,R=3,C=39 || L2:[sp=X,55] K=1,S=3,Y=30,R=3,C=1,X=1",-1347845.0,-1259.02,1,C|X,2
C,706,K,47,S,3,Y,55,X,55,R,3,C,17,Y,1,R,3,C,1,K,1,X,1,S,3,Y,40,"L1:[sp=C,706] K=47,S=3,Y=55,X=55,R=3,C=17 || L2:[sp=Y,1] R=3,C=1,K=1,X=1,S=3,Y=40",-137091.0,-1249.16,1,C|Y,2
C,706,C,55,S,3,Y,55,K,14,R,3,X,11,C,11,X,1,S,3,R,3,Y,55,C,40,K,1,"L1:[sp=C,706] C=55,S=3,Y=55,K=14,R=3,X=11 || L2:[sp=C,11] X=1,S=3,R=3,Y=55,C=40,K=1",-inf,-inf,0,C|C,2
C,706,K,47,X,55,Y,55,S,3,R,3,C,14,Y,5,X,1,S,3,Y,55,R,3,C,1,K,24,"L1:[sp=C,706] K=47,X=55,Y=55,S=3,R=3,C=14 || L2:[sp=Y,5] X=1,S=3,Y=55,R=3,C=1,K=24",-inf,-inf,0,C|Y,2
Y,706,K,62,S,3,Y,55,X,55,R,3,C,14,Y,1,R,3,S,3,K,1,X,1,C,1,Y,29,"L1:[sp=Y,706] K=62,S=3,Y=55,X=55,R=3,C=14 || L2:[sp=Y,1] R=3,S=3,K=1,X=1,C=1,Y=29",-921611.0,-1353.15,1,Y|Y,2
C,706,K,47,S,3,C,17,X,55,R,3,Y,55,Y,17,X,50,S,3,Y,55,R,3,C,1,K,1,"L1:[sp=C,706] K=47,S=3,C=17,X=55,R=3,Y=55 || L2:[sp=Y,17] X=50,S=3,Y=55,R=3,C=1,K=1",-1017.0,-1249.16,1,C|Y,2
C,706,K,47,S,3,Y,55,X,55,R,3,C,39,C,19,K,1,S,3,Y,55,R,3,C,1,X,1,"L1:[sp=C,706] K=47,S=3,Y=55,X=55,R=3,C=39 || L2:[sp=C,19] K=1,S=3,Y=55,R=3,C=1,X=1",-175.0,-1249.16,1,C|C,2
C,706,K,47,S,3,Y,54,C,17,R,3,X,55,Y,1,R,3,S,3,K,1,X,1,C,1,Y,54,"L1:[sp=C,706] K=47,S=3,Y=54,C=17,R=3,X=55 || L2:[sp=Y,1] R=3,S=3,K=1,X=1,C=1,Y=54",-528771.0,-1249.16,1,C|Y,2
C,706,K,47,S,3,Y,55,X,55,R,3,C,17,Y,1,R,3,S,3,K,18,X,1,C,1,Y,55,"L1:[sp=C,706] K=47,S=3,Y=55,X=55,R=3,C=17 || L2:[sp=Y,1] R=3,S=3,K=18,X=1,C=1,Y=55",-inf,-inf,0,C|Y,2
C,706,K,47,S,3,Y,55,X,55,R,3,C,27,C,19,K,1,S,3,Y,55,R,3,C,1,X,6,"L1:[sp=C,706] K=47,S=3,Y=55,X=55,R=3,C=27 || L2:[sp=C,19] K=1,S=3,Y=55,R=3,C=1,X=6",-inf,-inf,0,C|C,2
K,706,S,3,C,55,Y,55,K,14,R,3,X,55,C,11,X,1,S,3,R,3,Y,55,C,1,K,1,"L1:[sp=K,706] S=3,C=55,Y=55,K=14,R=3,X=55 || L2:[sp=C,11] X=1,S=3,R=3,Y=55,C=1,K=1",-67.0,-1289.08,1,K|C,2
Y,706,K,47,S,3,C,14,X,55,R,3,Y,55,Y,17,X,50,S,3,Y,55,R,3,C,1,K,1,"L1:[sp=Y,706] K=47,S=3,C=14,X=55,R=3,Y=55 || L2:[sp=Y,17] X=50,S=3,Y=55,R=3,C=1,K=1",-3737.0,-1272.25,1,Y|Y,2
C,706,S,3,C,55,Y,55,K,35,R,3,X,13,C,11,X,1,R,3,Y,55,S,3,C,1,K,1,"L1:[sp=C,706] S=3,C=55,Y=55,K=35,R=3,X=13 || L2:[sp=C,11] X=1,R=3,Y=55,S=3,C=1,K=1",-17191.0,-1207.25,1,C|C,2
X,706,K,14,S,3,Y,55,X,55,R,3,C,19,X,5,K,1,S,3,Y,18,C,1,R,3,X,1,"L1:[sp=X,706] K=14,S=3,Y=55,X=55,R=3,C=19 || L2:[sp=X,5] K=1,S=3,Y=18,C=1,R=3,X=1",-663573.0,-1224.2,1,X|X,2
C,706,S,3,C,55,Y,55,K,13,R,3,X,55,C,11,X,1,S,3,R,3,Y,55,C,1,K,1,"L1:[sp=C,706] S=3,C=55,Y=55,K=13,R=3,X=55 || L2:[sp=C,11] X=1,S=3,R=3,Y=55,C=1,K=1",-276.0,-1177.66,1,C|C,2
C,706,K,47,S,3,Y,55,X,55,R,3,C,17,X,11,R,3,X,1,K,1,S,3,C,1,Y,55,"L1:[sp=C,706] K=47,S=3,Y=55,X=55,R=3,C=17 || L2:[sp=X,11] R=3,X=1,K=1,S=3,C=1,Y=55",-1071.0,-1249.16,1,C|X,2
C,706,K,47,S,3,Y,55,X,55,R,3,C,63,Y,1,R,3,S,3,K,1,X,1,C,1,Y,31,"L1:[sp=C,706] K=47,S=3,Y=55,X=55,R=3,C=63 || L2:[sp=Y,1] R=3,S=3,K=1,X=1,C=1,Y=31",-834627.0,-1249.16,1,C|Y,2
C,706,K,47,S,3,Y,16,X,55,R,3,C,17,K,47,R,3,S,3,K,1,X,1,C,1,Y,16,"L1:[sp=C,706] K=47,S=3,Y=16,X=55,R=3,C=17 || L2:[sp=K,47] R=3,S=3,K=1,X=1,C=1,Y=16",-19593.0,-1265.05,1,C|K,2
K,706,S,3,C,55,Y,55,K,14,R,3,X,55,C,11,X,1,S,3,R,3,Y,55,C,1,K,1,"L1:[sp=K,706] S=3,C=55,Y=55,K=14,R=3,X=55 || L2:[sp=C,11] X=1,S=3,R=3,Y=55,C=1,K=1",-67.0,-1289.08,1,K|C,2
C,706,K,47,S,3,Y,55,X,55,R,3,C,19,C,19,K,1,S,3,Y,55,R,3,C,1,X,1,"L1:[sp=C,706] K=47,S=3,Y=55,X=55,R=3,C=19 || L2:[sp=C,19] K=1,S=3,Y=55,R=3,C=1,X=1",-47.0,-1249.16,1,C|C,2
C,706,K,47,S,3,Y,55,X,55,R,3,C,14,C,19,K,1,S,3,Y,55,R,3,C,11,X,1,"L1:[sp=C,706] K=47,S=3,Y=55,X=55,R=3,C=14 || L2:[sp=C,19] K=1,S=3,Y=55,R=3,C=11,X=1",-inf,-inf,0,C|C,2
Y,706,K,41,S,3,C,19,X,55,R,3,Y,55,Y,17,X,50,S,3,Y,55,R,3,C,13,K,1,"L1:[sp=Y,706] K=41,S=3,C=19,X=55,R=3,Y=55 || L2:[sp=Y,17] X=50,S=3,Y=55,R=3,C=13,K=1",-inf,-inf,0,Y|Y,2
K,706,X,55,C,55,Y,27,K,14,R,3,S,3,C,11,X,53,S,3,R,3,Y,27,C,1,K,1,"L1:[sp=K,706] X=55,C=55,Y=27,K=14,R=3,S=3 || L2:[sp=C,11] X=53,S=3,R=3,Y=27,C=1,K=1",-40829.0,-1284.84,1,K|C,2
C,706,K,47,S,3,Y,55,X,55,R,3,C,39,C,19,K,1,S,3,Y,40,R,3,C,1,X,1,"L1:[sp=C,706] K=47,S=3,Y=55,X=55,R=3,C=39 || L2:[sp=C,19] K=1,S=3,Y=40,R=3,C=1,X=1",-24195.0,-1249.16,1,C|C,2
Y,706,K,47,S,3,C,14,X,26,R,3,Y,55,Y,17,X,26,S,3,Y,55,R,3,C,1,K,1,"L1:[sp=Y,706] K=47,S=3,C=14,X=26,R=3,Y=55 || L2:[sp=Y,17] X=26,S=3,Y=55,R=3,C=1,K=1",-inf,-inf,0,Y|Y,2
C,706,K,47,S,3,Y,55,R,3,X,55,C,39,C,19,K,1,S,3,Y,55,R,3,C,1,X,1,"L1:[sp=C,706] K=47,S=3,Y=55,R=3,X=55,C=39 || L2:[sp=C,19] K=1,S=3,Y=55,R=3,C=1,X=1",-175.0,-1249.16,1,C|C,2
C,706,S,3,C,55,Y,55,K,47,R,3,X,55,C,11,X,1,S,3,R,3,Y,55,C,1,K,39,"L1:[sp=C,706] S=3,C=55,Y=55,K=47,R=3,X=55 || L2:[sp=C,11] X=1,S=3,R=3,Y=55,C=1,K=39",-inf,-inf,0,C|C,2
C,706,K,13,S,3,Y,55,X,55,R,3,C,39,C,19,K,1,S,3,Y,55,C,1,R,3,X,1,"L1:[sp=C,706] K=13,S=3,Y=55,X=55,R=3,C=39 || L2:[sp=C,19] K=1,S=3,Y=55,C=1,R=3,X=1",-148.0,-1177.66,1,C|C,2
C,706,K,35,S,3,Y,55,X,55,R,3,C,39,C,19,K,1,S,3,Y,55,R,3,C,1,X,1,"L1:[sp=C,706] K=35,S=3,Y=55,X=55,R=3,C=39 || L2:[sp=C,19] K=1,S=3,Y=55,R=3,C=1,X=1",-175.0,-1189.99,1,C|C,2
C,706,S,3,C,55,X,13,K,47,R,3,Y,55,C,11,X,1,R,3,Y,55,S,3,C,1,K,1,"L1:[sp=C,706] S=3,C=55,X=13,K=47,R=3,Y=55 || L2:[sp=C,11] X=1,R=3,Y=55,S=3,C=1,K=1",-17191.0,-1715.68,1,C|C,2
C,706,S,3,C,55,Y,55,K,13,R,3,X,55,C,11,X,1,S,3,R,3,Y,55,C,1,K,1,"L1:[sp=C,706] S=3,C=55,Y=55,K=13,R=3,X=55 || L2:[sp=C,11] X=1,S=3,R=3,Y=55,C=1,K=1",-276.0,-1177.66,1,C|C,2
C,706,K,47,S,3,C,17,X,55,R,3,Y,55,Y,17,X,50,S,3,C,1,R,3,Y,55,K,1,"L1:[sp=C,706] K=47,S=3,C=17,X=55,R=3,Y=55 || L2:[sp=Y,17] X=50,S=3,C=1,R=3,Y=55,K=1",-1017.0,-1249.16,1,C|Y,2
K,706,S,3,C,55,Y,55,K,14,R,3,X,55,C,11,X,1,S,3,R,3,Y,55,C,1,K,1,"L1:[sp=K,706] S=3,C=55,Y=55,K=14,R=3,X=55 || L2:[sp=C,11] X=1,S=3,R=3,Y=55,C=1,K=1",-67.0,-1289.08,1,K|C,2
C,706,K,47,S,3,Y,55,X,55,R,3,C,17,X,11,R,3,X,1,K,1,S,3,C,1,Y,55,"L1:[sp=C,706] K=47,S=3,Y=55,X=55,R=3,C=17 || L2:[sp=X,11] R=3,X=1,K=1,S=3,C=1,Y=55",-1071.0,-1249.16,1,C|X,2
C,706,K,47,S,3,Y,55,X,55,R,3,C,17,X,11,R,3,X,1,K,1,S,3,C,1,Y,55,"L1:[sp=C,706] K=47,S=3,Y=55,X=55,R=3,C=17 || L2:[sp=X,11] R=3,X=1,K=1,S=3,C=1,Y=55",-1071.0,-1249.16,1,C|X,2
K,706,S,3,C,55,Y,55,K,14,R,3,X,55,C,11,X,1,S,3,R,3,Y,55,C,44,K,2,"L1:[sp=K,706] S=3,C=55,Y=55,K=14,R=3,X=55 || L2:[sp=C,11] X=1,S=3,R=3,Y=55,C=44,K=2",-inf,-inf,0,K|C,2
K,706,S,3,C,48,Y,55,K,14,R,3,X,55,C,11,X,1,S,3,R,3,Y,55,C,1,K,1,"L1:[sp=K,706] S=3,C=48,Y=55,K=14,R=3,X=55 || L2:[sp=C,11] X=1,S=3,R=3,Y=55,C=1,K=1",-81.0,-1254.5,1,K|C,2
C,706,S,3,C,55,Y,55,K,13,R,3,X,55,C,11,X,12,S,3,R,3,Y,55,C,1,K,1,"L1:[sp=C,706] S=3,C=55,Y=55,K=13,R=3,X=55 || L2:[sp=C,11] X=12,S=3,R=3,Y=55,C=1,K=1",-51.0,-1177.66,1,C|C,2
C,706,K,47,S,3,Y,55,X,55,R,3,C,39,C,19,K,1,S,3,Y,33,R,3,C,1,X,1,"L1:[sp=C,706] K=47,S=3,Y=55,X=55,R=3,C=39 || L2:[sp=C,19] K=1,S=3,Y=33,R=3,C=1,X=1",-36291.0,-1249.16,1,C|C,2
C,706,K,47,S,3,Y,55,X,55,R,3,C,19,C,19,K,1,S,3,Y,55,R,3,C,1,X,1,"L1:[sp=C,706] K=47,S=3,Y=55,X=55,R=3,C=19 || L2:[sp=C,19] K=1,S=3,Y=55,R=3,C=1,X=1",-47.0,-1249.16,1,C|C,2
K,706,X,55,C,48,Y,55,K,14,R,3,S,3,K,7,X,1,S,3,R,3,Y,35,C,4,K,1,"L1:[sp=K,706] X=55,C=48,Y=55,K=14,R=3,S=3 || L2:[sp=K,7] X=1,S=3,R=3,Y=35,C=4,K=1",-21891.0,-1254.5,1,K|K,2
C,706,K,47,S,3,Y,55,X,55,R,3,C,35,C,19,K,1,S,3,Y,55,R,3,C,1,X,1,"L1:[sp=C,706] K=47,S=3,Y=55,X=55,R=3,C=35 || L2:[sp=C,19] K=1,S=3,Y=55,R=3,C=1,X=1",-111.0,-1249.16,1,C|C,2
C,706,K,47,S,3,Y,55,R,3,X,55,C,39,C,19,C,1,S,3,Y,55,R,3,K,35,X,23,"L1:[sp=C,706] K=47,S=3,Y=55,R=3,X=55,C=39 || L2:[sp=C,19] C=1,S=3,Y=55,R=3,K=35,X=23",-inf,-inf,0,C|C,2
K,706,S,3,C,55,Y,55,K,14,R,3,X,55,Y,11,X,1,S,3,R,3,Y,55,C,1,K,1,"L1:[sp=K,706] S=3,C=55,Y=55,K=14,R=3,X=55 || L2:[sp=Y,11] X=1,S=3,R=3,Y=55,C=1,K=1",-879.0,-1289.08,1,K|Y,2
X,706,K,14,C,55,Y,55,S,3,R,3,X,55,C,11,X,1,S,3,R,3,Y,55,C,1,K,1,"L1:[sp=X,706] K=14,C=55,Y=55,S=3,R=3,X=55 || L2:[sp=C,11] X=1,S=3,R=3,Y=55,C=1,K=1",-inf,-inf,0,X|C,2
C,706,K,47,S,3,Y,55,R,3,X,55,C,39,C,13,K,1,S,3,Y,55,R,3,C,1,X,1,"L1:[sp=C,706] K=47,S=3,Y=55,R=3,X=55,C=39 || L2:[sp=C,13] K=1,S=3,Y=55,R=3,C=1,X=1",-175.0,-1249.16,1,C|C,2
K,706,S,3,C,23,Y,55,K,14,R,3,X,55,C,11,X,1,S,3,R,3,Y,55,C,1,K,1,"L1:[sp=K,706] S=3,C=23,Y=55,K=14,R=3,X=55 || L2:[sp=C,11] X=1,S=3,R=3,Y=55,C=1,K=1",-86.0,-1188.1,1,K|C,2
C,706,K,35,S,3,Y,55,X,45,R,3,C,39,C,19,K,1,S,3,Y,55,R,3,C,1,X,1,"L1:[sp=C,706] K=35,S=3,Y=55,X=45,R=3,C=39 || L2:[sp=C,19] K=1,S=3,Y=55,R=3,C=1,X=1",-10333.0,-1212.18,1,C|C,2
C,706,K,13,S,3,Y,55,X,55,R,3,C,39,C,19,K,1,S,3,Y,55,C,1,R,3,X,1,"L1:[sp=C,706] K=13,S=3,Y=55,X=55,R=3,C=39 || L2:[sp=C,19] K=1,S=3,Y=55,C=1,R=3,X=1",-148.0,-1177.66,1,C|C,2
C,706,K,47,S,3,Y,55,R,3,X,55,C,39,C,19,K,1,S,3,Y,55,R,3,C,1,X,1,"L1:[sp=C,706] K=47,S=3,Y=55,R=3,X=55,C=39 || L2:[sp=C,19] K=1,S=3,Y=55,R=3,C=1,X=1",-175.0,-1249.16,1,C|C,2
K,706,S,3,C,14,Y,55,K,47,R,3,X,55,C,11,X,1,S,3,R,3,Y,55,K,1,C,1,"L1:[sp=K,706] S=3,C=14,Y=55,K=47,R=3,X=55 || L2:[sp=C,11] X=1,S=3,R=3,Y=55,K=1,C=1",-379.0,-1191.11,1,K|C,2
C,706,K,62,S,3,Y,55,R,3,X,55,C,39,C,19,K,1,S,3,Y,55,R,3,C,1,X,1,"L1:[sp=C,706] K=62,S=3,Y=55,R=3,X=55,C=39 || L2:[sp=C,19] K=1,S=3,Y=55,R=3,C=1,X=1",-inf,-inf,0,C|C,2
K,706,S,3,C,55,Y,55,K,40,R,3,X,55,C,11,X,1,S,3,R,3,Y,55,C,1,K,1,"L1:[sp=K,706] S=3,C=55,Y=55,K=40,R=3,X=55 || L2:[sp=C,11] X=1,S=3,R=3,Y=55,C=1,K=1",-223.0,-1289.08,1,K|C,2
C,706,K,47,S,3,Y,55,R,3,X,55,C,39,Y,1,K,14,S,3,Y,55,R,3,C,1,X,50,"L1:[sp=C,706] K=47,S=3,Y=55,R=3,X=55,C=39 || L2:[sp=Y,1] K=14,S=3,Y=55,R=3,C=1,X=50",-inf,-inf,0,C|Y,2
C,706,S,3,C,55,Y,55,K,13,R,3,X,55,C,11,X,44,S,3,R,3,Y,55,C,1,K,1,"L1:[sp=C,706] S=3,C=55,Y=55,K=13,R=3,X=55 || L2:[sp=C,11] X=44,S=3,R=3,Y=55,C=1,K=1",-inf,-inf,0,C|C,2
C,706,K,47,S,3,Y,55,R,3,X,55,C,14,C,19,K,1,S,3,Y,55,R,3,C,14,X,1,"L1:[sp=C,706] K=47,S=3,Y=55,R=3,X=55,C=14 || L2:[sp=C,19] K=1,S=3,Y=55,R=3,C=14,X=1",-inf,-inf,0,C|C,2
C,706,K,47,S,3,Y,55,R,3,X,55,C,39,C,19,K,1,S,3,Y,55,R,3,C,1,X,1,"L1:[sp=C,706] K=47,S=3,Y=55,R=3,X=55,C=39 || L2:[sp=C,19] K=1,S=3,Y=55,R=3,C=1,X=1",-175.0,-1249.16,1,C|C,2
K,706,S,3,C,55,Y,55,K,14,R,3,X,15,C,11,X,1,S,3,R,3,Y,7,C,1,K,1,"L1:[sp=K,706] S=3,C=55,Y=55,K=14,R=3,X=15 || L2:[sp=C,11] X=1,S=3,R=3,Y=7,C=1,K=1",-204129.0,-1287.67,1,K|C,2
C,706,R,3,C,55,Y,55,K,13,S,3,X,55,C,11,X,12,S,3,R,3,Y,55,C,1,K,1,"L1:[sp=C,706] R=3,C=55,Y=55,K=13,S=3,X=55 || L2:[sp=C,11] X=12,S=3,R=3,Y=55,C=1,K=1",-51.0,-1177.66,1,C|C,2
C,706,K,47,S,3,Y,55,X,55,R,3,C,19,C,19,K,1,S,3,Y,55,R,3,C,1,X,1,"L1:[sp=C,706] K=47,S=3,Y=55,X=55,R=3,C=19 || L2:[sp=C,19] K=1,S=3,Y=55,R=3,C=1,X=1",-47.0,-1249.16,1,C|C,2
C,706,Y,55,K,47,S,3,R,3,X,29,C,39,C,13,K,46,S,3,Y,55,R,3,C,1,X,1,"L1:[sp=C,706] Y=55,K=47,S=3,R=3,X=29,C=39 || L2:[sp=C,13] K=46,S=3,Y=55,R=3,C=1,X=1",-inf,-inf,0,C|C,2
C,706,K,47,S,3,Y,55,X,55,R,3,C,19,C,19,K,1,S,3,Y,55,R,3,C,1,X,33,"L1:[sp=C,706] K=47,S=3,Y=55,X=55,R=3,C=19 || L2:[sp=C,19] K=1,S=3,Y=55,R=3,C=1,X=33",-inf,-inf,0,C|C,2
K,706,S,3,C,55,Y,55,K,40,R,3,X,55,C,11,X,1,S,3,K,1,Y,6,C,1,R,3,"L1:[sp=K,706] S=3,C=55,Y=55,K=40,R=3,X=55 || L2:[sp=C,11] X=1,S=3,K=1,Y=6,C=1,R=3",-12963.0,-1289.08,1,K|C,2
Y,706,R,3,C,55,X,55,K,13,S,3,Y,55,C,11,X,27,S,3,R,3,Y,55,C,1,K,1,"L1:[sp=Y,706] R=3,C=55,X=55,K=13,S=3,Y=55 || L2:[sp=C,11] X=27,S=3,R=3,Y=55,C=1,K=1",-inf,-inf,0,Y|C,2
C,706,K,47,S,3,Y,55,R,3,X,55,C,39,C,13,K,8,S,3,Y,55,R,3,C,1,X,1,"L1:[sp=C,706] K=47,S=3,Y=55,R=3,X=55,C=39 || L2:[sp=C,13] K=8,S=3,Y=55,R=3,C=1,X=1",-inf,-inf,0,C|C,2
C,706,R,3,C,55,Y,55,K,47,S,3,X,55,C,11,X,12,S,3,R,3,Y,6,C,1,K,1,"L1:[sp=C,706] R=3,C=55,Y=55,K=47,S=3,X=55 || L2:[sp=C,11] X=12,S=3,R=3,Y=6,C=1,K=1",-103683.0,-1249.16,1,C|C,2
C,706,K,47,S,3,Y,55,R,3,X,55,C,39,C,19,S,3,K,4,Y,55,R,3,C,1,X,38,"L1:[sp=C,706] K=47,S=3,Y=55,R=3,X=55,C=39 || L2:[sp=C,19] S=3,K=4,Y=55,R=3,C=1,X=38",-inf,-inf,0,C|C,2
C,706,R,3,C,55,Y,55,K,13,S,3,X,55,C,11,X,12,S,3,R,3,Y,55,C,1,K,1,"L1:[sp=C,706] R=3,C=55,Y=55,K=13,S=3,X=55 || L2:[sp=C,11] X=12,S=3,R=3,Y=55,C=1,K=1",-51.0,-1177.66,1,C|C,2
C,706,R,3,C,55,Y,55,K,13,S,3,X,55,C,11,X,48,S,3,R,3,Y,55,C,1,K,1,"L1:[sp=C,706] R=3,C=55,Y=55,K=13,S=3,X=55 || L2:[sp=C,11] X=48,S=3,R=3,Y=55,C=1,K=1",-51.0,-1177.66,1,C|C,2
C,706,K,47,S,3,Y,55,X,55,R,3,C,19,C,19,K,5,S,3,Y,55,R,3,C,1,X,1,"L1:[sp=C,706] K=47,S=3,Y=55,X=55,R=3,C=19 || L2:[sp=C,19] K=5,S=3,Y=55,R=3,C=1,X=1",-inf,-inf,0,C|C,2
C,706,K,47,S,3,Y,55,X,55,R,3,C,19,C,19,K,1,S,3,Y,55,R,3,C,1,X,41,"L1:[sp=C,706] K=47,S=3,Y=55,X=55,R=3,C=19 || L2:[sp=C,19] K=1,S=3,Y=55,R=3,C=1,X=41",-inf,-inf,0,C|C,2
C,706,R,3,C,55,Y,55,K,13,S,3,X,55,C,55,X,12,S,3,R,3,Y,55,C,1,K,1,"L1:[sp=C,706] R=3,C=55,Y=55,K=13,S=3,X=55 || L2:[sp=C,55] X=12,S=3,R=3,Y=55,C=1,K=1",-inf,-inf,0,C|C,2
C,706,R,3,C,55,Y,55,K,12,S,3,X,55,C,11,X,12,S,3,R,3,Y,55,C,1,K,1,"L1:[sp=C,706] R=3,C=55,Y=55,K=12,S=3,X=55 || L2:[sp=C,11] X=12,S=3,R=3,Y=55,C=1,K=1",-inf,-inf,0,C|C,2
C,706,K,47,S,3,Y,55,R,3,X,55,C,39,C,13,K,1,S,3,Y,55,R,3,C,1,X,1,"L1:[sp=C,706] K=47,S=3,Y=55,R=3,X=55,C=39 || L2:[sp=C,13] K=1,S=3,Y=55,R=3,C=1,X=1",-175.0,-1249.16,1,C|C,2
C,706,K,47,S,3,Y,55,R,3,X,55,C,39,C,13,K,1,S,3,Y,55,R,3,C,1,X,1,"L1:[sp=C,706] K=47,S=3,Y=55,R=3,X=55,C=39 || L2:[sp=C,13] K=1,S=3,Y=55,R=3,C=1,X=1",-175.0,-1249.16,1,C|C,2
X,706,S,3,C,23,Y,55,K,14,R,3,X,55,C,11,X,1,S,3,R,3,Y,55,C,1,K,1,"L1:[sp=X,706] S=3,C=23,Y=55,K=14,R=3,X=55 || L2:[sp=C,11] X=1,S=3,R=3,Y=55,C=1,K=1",-378.0,-1204.04,1,X|C,2
C,706,K,47,S,3,Y,55,X,55,R,3,C,23,C,19,K,1,S,3,Y,55,R,3,C,1,X,1,"L1:[sp=C,706] K=47,S=3,Y=55,X=55,R=3,C=23 || L2:[sp=C,19] K=1,S=3,Y=55,R=3,C=1,X=1",-111.0,-1249.16,1,C|C,2
C,706,S,3,C,19,Y,55,K,37,R,3,X,55,C,11,X,1,S,3,R,3,Y,55,C,1,K,1,"L1:[sp=C,706] S=3,C=19,Y=55,K=37,R=3,X=55 || L2:[sp=C,11] X=1,S=3,R=3,Y=55,C=1,K=1",-111.0,-1199.85,1,C|C,2
C,706,K,47,S,3,Y,27,R,3,X,55,C,39,C,39,K,1,S,3,Y,27,R,3,C,1,X,1,"L1:[sp=C,706] K=47,S=3,Y=27,R=3,X=55,C=39 || L2:[sp=C,39] K=1,S=3,Y=27,R=3,C=1,X=1",-31109.0,-1256.56,1,C|C,2
C,706,K,47,S,3,Y,55,X,55,R,3,C,19,C,19,K,1,S,3,Y,55,R,3,C,1,X,1,"L1:[sp=C,706] K=47,S=3,Y=55,X=55,R=3,C=19 || L2:[sp=C,19] K=1,S=3,Y=55,R=3,C=1,X=1",-47.0,-1249.16,1,C|C,2
C,706,K,47,S,3,Y,44,X,55,R,3,C,19,C,19,K,1,S,3,Y,44,R,3,C,1,X,1,"L1:[sp=C,706] K=47,S=3,Y=44,X=55,R=3,C=19 || L2:[sp=C,19] K=1,S=3,Y=44,R=3,C=1,X=1",-50693.0,-1270.53,1,C|C,2
C,706,K,47,S,3,Y,55,X,55,R,3,C,23,C,19,K,1,S,3,Y,55,R,3,C,15,X,2,"L1:[sp=C,706] K=47,S=3,Y=55,X=55,R=3,C=23 || L2:[sp=C,19] K=1,S=3,Y=55,R=3,C=15,X=2",-inf,-inf,0,C|C,2
C,706,S,3,C,19,Y,55,K,37,R,3,X,55,C,11,X,1,S,3,R,3,Y,9,C,1,K,1,"L1:[sp=C,706] S=3,C=19,Y=55,K=37,R=3,X=55 || L2:[sp=C,11] X=1,S=3,R=3,Y=9,C=1,K=1",-10371.0,-1199.85,1,C|C,2
C,706,K,15,S,3,Y,55,X,55,R,3,C,19,C,1,K,1,S,3,Y,55,R,3,C,1,X,1,"L1:[sp=C,706] K=15,S=3,Y=55,X=55,R=3,C=19 || L2:[sp=C,1] K=1,S=3,Y=55,R=3,C=1,X=1",-1172.0,-1202.32,1,C|C,2
C,706,K,47,S,3,Y,55,X,55,R,3,C,19,C,19,K,6,S,3,Y,55,R,3,C,1,X,1,"L1:[sp=C,706] K=47,S=3,Y=55,X=55,R=3,C=19 || L2:[sp=C,19] K=6,S=3,Y=55,R=3,C=1,X=1",-inf,-inf,0,C|C,2
C,706,K,47,S,3,Y,55,X,55,R,3,C,23,C,19,K,11,S,3,Y,55,R,3,C,1,X,1,"L1:[sp=C,706] K=47,S=3,Y=55,X=55,R=3,C=23 || L2:[sp=C,19] K=11,S=3,Y=55,R=3,C=1,X=1",-inf,-inf,0,C|C,2
C,706,K,47,S,3,Y,55,R,3,X,55,C,39,C,13,K,1,S,3,Y,55,R,3,C,1,X,1,"L1:[sp=C,706] K=47,S=3,Y=55,R=3,X=55,C=39 || L2:[sp=C,13] K=1,S=3,Y=55,R=3,C=1,X=1",-175.0,-1249.16,1,C|C,2
C,706,K,47,S,3,Y,55,X,55,R,3,C,23,C,19,K,1,S,3,Y,55,R,3,C,20,X,1,"L1:[sp=C,706] K=47,S=3,Y=55,X=55,R=3,C=23 || L2:[sp=C,19] K=1,S=3,Y=55,R=3,C=20,X=1",-inf,-inf,0,C|C,2
C,706,S,3,C,19,Y,55,K,37,R,3,X,55,C,11,X,1,S,3,R,3,Y,55,C,1,K,1,"L1:[sp=C,706] S=3,C=19,Y=55,K=37,R=3,X=55 || L2:[sp=C,11] X=1,S=3,R=3,Y=55,C=1,K=1",-111.0,-1199.85,1,C|C,2
C,706,K,47,S,3,Y,55,R,3,X,55,C,39,C,13,K,1,S,3,Y,55,R,3,C,1,X,1,"L1:[sp=C,706] K=47,S=3,Y=55,R=3,X=55,C=39 || L2:[sp=C,13] K=1,S=3,Y=55,R=3,C=1,X=1",-175.0,-1249.16,1,C|C,2
C,706,K,47,S,3,Y,55,R,3,X,55,C,39,Y,11,K,1,S,3,Y,55,X,48,C,1,R,3,"L1:[sp=C,706] K=47,S=3,Y=55,R=3,X=55,C=39 || L2:[sp=Y,11] K=1,S=3,Y=55,X=48,C=1,R=3",-2389.0,-1249.16,1,C|Y,2
X,706,S,3,C,62,Y,55,K,14,R,3,X,55,C,11,X,1,K,1,R,3,Y,55,C,1,S,3,"L1:[sp=X,706] S=3,C=62,Y=55,K=14,R=3,X=55 || L2:[sp=C,11] X=1,K=1,R=3,Y=55,C=1,S=3",-inf,-inf,0,X|C,2
C,706,K,47,S,3,Y,55,X,55,R,3,C,3,C,19,K,1,S,3,Y,55,R,3,C,1,X,1,"L1:[sp=C,706] K=47,S=3,Y=55,X=55,R=3,C=3 || L2:[sp=C,19] K=1,S=3,Y=55,R=3,C=1,X=1",-47.0,-1249.16,1,C|C,2
C,706,R,3,C,55,Y,55,K,13,S,3,X,55,C,11,X,48,S,3,R,3,Y,55,C,1,K,1,"L1:[sp=C,706] R=3,C=55,Y=55,K=13,S=3,X=55 || L2:[sp=C,11] X=48,S=3,R=3,Y=55,C=1,K=1",-51.0,-1177.66,1,C|C,2
C,706,K,47,S,3,Y,55,R,3,X,52,C,39,C,13,K,1,S,3,Y,55,R,3,C,1,X,1,"L1:[sp=C,706] K=47,S=3,Y=55,R=3,X=52,C=39 || L2:[sp=C,13] K=1,S=3,Y=55,R=3,C=1,X=1",-10333.0,-1277.1,1,C|C,2
C,706,K,21,S,3,Y,55,X,55,R,3,C,19,C,19,K,1,S,3,Y,55,R,3,C,4,X,45,"L1:[sp=C,706] K=21,S=3,Y=55,X=55,R=3,C=19 || L2:[sp=C,19] K=1,S=3,Y=55,R=3,C=4,X=45",-inf,-inf,0,C|C,2
C,706,R,3,C,55,Y,55,K,13,S,3,X,55,C,11,X,12,S,3,R,3,Y,55,C,12,K,1,"L1:[sp=C,706] R=3,C=55,Y=55,K=13,S=3,X=55 || L2:[sp=C,11] X=12,S=3,R=3,Y=55,C=12,K=1",-inf,-inf,0,C|C,2
X,706,S,3,C,29,Y,55,K,8,R,3,X,55,C,11,X,1,S,3,R,3,Y,55,C,1,K,1,"L1:[sp=X,706] S=3,C=29,Y=55,K=8,R=3,X=55 || L2:[sp=C,11] X=1,S=3,R=3,Y=55,C=1,K=1",-inf,-inf,0,X|C,2
C,706,K,47,S,3,Y,55,R,3,X,55,C,39,C,13,K,1,S,3,Y,55,R,3,C,1,X,1,"L1:[sp=C,706] K=47,S=3,Y=55,R=3,X=55,C=39 || L2:[sp=C,13] K=1,S=3,Y=55,R=3,C=1,X=1",-175.0,-1249.16,1,C|C,2
C,706,K,47,S,3,Y,55,X,55,R,3,C,19,C,19,K,1,S,3,Y,55,R,3,C,1,X,1,"L1:[sp=C,706] K=47,S=3,Y=55,X=55,R=3,C=19 || L2:[sp=C,19] K=1,S=3,Y=55,R=3,C=1,X=1",-47.0,-1249.16,1,C|C,2
C,706,Y,55,S,3,K,47,X,55,R,3,C,19,C,19,K,1,S,3,Y,55,R,3,C,1,X,1,"L1:[sp=C,706] Y=55,S=3,K=47,X=55,R=3,C=19 || L2:[sp=C,19] K=1,S=3,Y=55,R=3,C=1,X=1",-47.0,-1249.16,1,C|C,2
C,706,S,3,C,3,Y,55,K,37,R,3,X,55,C,1,X,1,S,3,R,3,Y,55,C,1,K,1,"L1:[sp=C,706] S=3,C=3,Y=55,K=37,R=3,X=55 || L2:[sp=C,1] X=1,S=3,R=3,Y=55,C=1,K=1",-175.0,-1199.85,1,C|C,2
C,706,K,37,C,19,Y,7,S,3,R,3,X,55,C,11,X,1,S,3,R,3,Y,7,C,1,K,1,"L1:[sp=C,706] K=37,C=19,Y=7,S=3,R=3,X=55 || L2:[sp=C,11] X=1,S=3,R=3,Y=7,C=1,K=1",-64529.0,-1213.82,1,C|C,2
C,706,K,47,S,3,Y,55,R,3,X,51,C,39,C,13,K,1,S,3,Y,55,R,3,C,1,X,23,"L1:[sp=C,706] K=47,S=3,Y=55,R=3,X=51,C=39 || L2:[sp=C,13] K=1,S=3,Y=55,R=3,C=1,X=23",-inf,-inf,0,C|C,2
C,706,K,47,S,3,Y,55,R,3,X,52,C,39,K,1,K,1,S,3,Y,18,R,3,C,1,X,1,"L1:[sp=C,706] K=47,S=3,Y=55,R=3,X=52,C=39 || L2:[sp=K,1] K=1,S=3,Y=18,R=3,C=1,X=1",-21835013.0,-1277.1,1,C|K,2
K,706,S,3,C,19,Y,55,K,37,R,3,X,55,C,11,X,1,S,3,R,3,C,1,Y,55,K,1,"L1:[sp=K,706] S=3,C=19,Y=55,K=37,R=3,X=55 || L2:[sp=C,11] X=1,S=3,R=3,C=1,Y=55,K=1",-224.0,-1205.66,1,K|C,2
C,706,K,47,S,3,Y,55,R,3,X,55,C,19,C,19,K,33,S,3,Y,16,R,3,C,1,X,1,"L1:[sp=C,706] K=47,S=3,Y=55,R=3,X=55,C=19 || L2:[sp=C,19] K=33,S=3,Y=16,R=3,C=1,X=1",-3297.0,-1249.16,1,C|C,2
C,706,K,15,S,3,Y,55,X,55,R,3,C,3,C,1,K,1,R,3,Y,55,S,3,C,3,X,1,"L1:[sp=C,706] K=15,S=3,Y=55,X=55,R=3,C=3 || L2:[sp=C,1] K=1,R=3,Y=55,S=3,C=3,X=1",-inf,-inf,0,C|C,2
C,706,K,47,S,3,Y,55,X,55,R,3,C,19,C,19,K,1,S,3,Y,55,R,3,C,14,X,48,"L1:[sp=C,706] K=47,S=3,Y=55,X=55,R=3,C=19 || L2:[sp=C,19] K=1,S=3,Y=55,R=3,C=14,X=48",-inf,-inf,0,C|C,2
C,706,C,55,R,3,Y,55,K,13,S,3,X,55,C,11,X,1,S,3,R,3,Y,55,C,1,K,8,"L1:[sp=C,706] C=55,R=3,Y=55,K=13,S=3,X=55 || L2:[sp=C,11] X=1,S=3,R=3,Y=55,C=1,K=8",-inf,-inf,0,C|C,2
C,706,K,47,S,3,Y,55,R,3,X,55,C,39,C,13,K,1,S,3,Y,55,R,3,C,1,X,1,"L1:[sp=C,706] K=47,S=3,Y=55,R=3,X=55,C=39 || L2:[sp=C,13] K=1,S=3,Y=55,R=3,C=1,X=1",-175.0,-1249.16,1,C|C,2
C,706,K,47,S,3,Y,55,R,3,X,34,C,39,C,13,K,1,S,3,Y,55,R,3,C,1,X,1,"L1:[sp=C,706] K=47,S=3,Y=55,R=3,X=34,C=39 || L2:[sp=C,13] K=1,S=3,Y=55,R=3,C=1,X=1",-10333.0,-1262.31,1,C|C,2
K,706,K,15,S,3,Y,55,X,55,R,3,C,31,C,1,K,1,S,3,Y,55,R,3,C,1,X,1,"L1:[sp=K,706] K=15,S=3,Y=55,X=55,R=3,C=31 || L2:[sp=C,1] K=1,S=3,Y=55,R=3,C=1,X=1",-934.0,-1247.37,1,K|C,2
C,706,K,47,S,3,Y,55,R,3,X,55,C,13,K,1,K,1,S,3,Y,55,R,3,C,1,X,1,"L1:[sp=C,706] K=47,S=3,Y=55,R=3,X=55,C=13 || L2:[sp=K,1] K=1,S=3,Y=55,R=3,C=1,X=1",-815.0,-1249.16,1,C|K,2
C,706,K,47,S,3,Y,55,R,3,X,52,C,39,C,1,K,1,S,3,Y,55,R,3,C,11,X,1,"L1:[sp=C,706] K=47,S=3,Y=55,R=3,X=52,C=39 || L2:[sp=C,1] K=1,S=3,Y=55,R=3,C=11,X=1",-13429.0,-1277.1,1,C|C,2
C,706,S,3,C,19,Y,55,K,37,R,3,X,55,C,11,X,49,S,3,R,3,Y,55,C,7,K,1,"L1:[sp=C,706] S=3,C=19,Y=55,K=37,R=3,X=55 || L2:[sp=C,11] X=49,S=3,R=3,Y=55,C=7,K=1",-inf,-inf,0,C|C,2
C,706,K,47,S,3,Y,55,R,3,C,39,X,52,C,13,K,1,S,3,Y,55,R,3,C,1,X,1,"L1:[sp=C,706] K=47,S=3,Y=55,R=3,C=39,X=52 || L2:[sp=C,13] K=1,S=3,Y=55,R=3,C=1,X=1",-10333.0,-1277.1,1,C|C,2
X,706,K,47,S,3,Y,55,R,3,X,55,C,39,C,13,K,1,S,3,Y,55,R,3,C,1,X,1,"L1:[sp=X,706] K=47,S=3,Y=55,R=3,X=55,C=39 || L2:[sp=C,13] K=1,S=3,Y=55,R=3,C=1,X=1",-285.0,-1300.36,1,X|C,2
C,706,K,47,S,3,Y,55,X,55,R,3,C,19,C,19,K,1,S,3,Y,55,R,3,C,1,X,1,"L1:[sp=C,706] K=47,S=3,Y=55,X=55,R=3,C=19 || L2:[sp=C,19] K=1,S=3,Y=55,R=3,C=1,X=1",-47.0,-1249.16,1,C|C,2
X,706,K,47,S,3,Y,55,R,3,X,55,C,39,C,13,K,1,S,3,Y,35,R,3,C,1,X,1,"L1:[sp=X,706] K=47,S=3,Y=55,R=3,X=55,C=39 || L2:[sp=C,13] K=1,S=3,Y=35,R=3,C=1,X=1",-54725.0,-1300.36,1,X|C,2
C,706,Y,55,S,3,K,47,X,55,R,3,C,19,C,19,K,1,S,3,Y,55,R,3,C,1,X,1,"L1:[sp=C,706] Y=55,S=3,K=47,X=55,R=3,C=19 || L2:[sp=C,19] K=1,S=3,Y=55,R=3,C=1,X=1",-47.0,-1249.16,1,C|C,2
X,706,K,47,C,39,Y,55,R,3,X,55,S,3,C,13,K,1,Y,55,X,1,R,3,C,26,S,3,"L1:[sp=X,706] K=47,C=39,Y=55,R=3,X=55,S=3 || L2:[sp=C,13] K=1,Y=55,X=1,R=3,C=26,S=3",-inf,-inf,0,X|C,2
C,706,Y,55,S,3,K,47,X,55,R,3,C,19,C,19,K,1,S,3,Y,55,R,3,C,16,X,1,"L1:[sp=C,706] Y=55,S=3,K=47,X=55,R=3,C=19 || L2:[sp=C,19] K=1,S=3,Y=55,R=3,C=16,X=1",-inf,-inf,0,C|C,2
K,706,K,15,S,3,X,55,Y,55,R,3,C,31,C,1,K,10,S,3,Y,55,R,3,C,1,X,1,"L1:[sp=K,706] K=15,S=3,X=55,Y=55,R=3,C=31 || L2:[sp=C,1] K=10,S=3,Y=55,R=3,C=1,X=1",-inf,-inf,0,K|C,2
C,706,K,47,S,3,Y,55,X,55,R,3,C,19,C,19,K,1,S,3,Y,55,R,3,C,1,X,1,"L1:[sp=C,706] K=47,S=3,Y=55,X=55,R=3,C=19 || L2:[sp=C,19] K=1,S=3,Y=55,R=3,C=1,X=1",-47.0,-1249.16,1,C|C,2
C,706,Y,55,S,3,K,15,X,55,R,3,C,19,C,19,K,1,S,3,Y,55,R,3,C,1,X,1,"L1:[sp=C,706] Y=55,S=3,K=15,X=55,R=3,C=19 || L2:[sp=C,19] K=1,S=3,Y=55,R=3,C=1,X=1",-inf,-inf,0,C|C,2
K,706,K,47,S,3,Y,55,X,55,R,3,C,31,K,47,K,1,S,3,Y,55,R,3,C,1,X,1,"L1:[sp=K,706] K=47,S=3,Y=55,X=55,R=3,C=31 || L2:[sp=K,47] K=1,S=3,Y=55,R=3,C=1,X=1",-inf,-inf,0,K|K,2
C,706,Y,55,S,3,K,47,X,55,R,3,C,19,C,19,K,35,S,3,Y,55,R,3,C,1,X,1,"L1:[sp=C,706] Y=55,S=3,K=47,X=55,R=3,C=19 || L2:[sp=C,19] K=35,S=3,Y=55,R=3,C=1,X=1",-inf,-inf,0,C|C,2
K,706,K,47,S,3,Y,55,R,3,X,55,C,39,C,13,K,1,S,3,Y,55,R,3,C,1,X,1,"L1:[sp=K,706] K=47,S=3,Y=55,R=3,X=55,C=39 || L2:[sp=C,13] K=1,S=3,Y=55,R=3,C=1,X=1",-218.0,-1210.05,1,K|C,2
K,706,K,15,S,3,Y,55,X,55,R,3,C,31,C,1,K,1,S,3,X,1,R,3,C,1,Y,55,"L1:[sp=K,706] K=15,S=3,Y=55,X=55,R=3,C=31 || L2:[sp=C,1] K=1,S=3,X=1,R=3,C=1,Y=55",-934.0,-1247.37,1,K|C,2
C,706,Y,55,S,3,K,47,X,55,R,3,C,19,C,19,K,1,X,1,Y,55,R,3,C,1,S,3,"L1:[sp=C,706] Y=55,S=3,K=47,X=55,R=3,C=19 || L2:[sp=C,19] K=1,X=1,Y=55,R=3,C=1,S=3",-47.0,-1249.16,1,C|C,2
C,706,S,3,C,3,Y,55,K,37,R,3,X,55,C,1,X,1,S,3,R,3,Y,55,C,1,K,1,"L1:[sp=C,706] S=3,C=3,Y=55,K=37,R=3,X=55 || L2:[sp=C,1] X=1,S=3,R=3,Y=55,C=1,K=1",-175.0,-1199.85,1,C|C,2
K,706,K,41,S,3,Y,55,X,55,R,3,C,31,C,1,K,1,S,3,Y,55,R,3,C,1,X,1,"L1:[sp=K,706] K=41,S=3,Y=55,X=55,R=3,C=31 || L2:[sp=C,1] K=1,S=3,Y=55,R=3,C=1,X=1",-2598.0,-1247.37,1,K|C,2
C,706,K,8,S,3,Y,55,X,55,R,3,C,19,C,19,K,6,S,3,Y,55,R,3,C,1,X,1,"L1:[sp=C,706] K=8,S=3,Y=55,X=55,R=3,C=19 || L2:[sp=C,19] K=6,S=3,Y=55,R=3,C=1,X=1",-inf,-inf,0,C|C,2
C,706,Y,55,S,3,X,27,K,47,R,3,C,19,C,19,K,1,S,3,Y,55,R,3,C,1,X,21,"L1:[sp=C,706] Y=55,S=3,X=27,K=47,R=3,C=19 || L2:[sp=C,19] K=1,S=3,Y=55,R=3,C=1,X=21",-inf,-inf,0,C|C,2
C,706,Y,55,S,3,K,47,C,19,R,3,X,55,C,19,K,1,S,3,Y,21,R,3,C,1,X,1,"L1:[sp=C,706] Y=55,S=3,K=47,C=19,R=3,X=55 || L2:[sp=C,19] K=1,S=3,Y=21,R=3,C=1,X=1",-6915.0,-1249.16,1,C|C,2
C,706,Y,55,S,3,K,47,X,55,R,3,C,19,C,19,K,1,S,3,Y,55,C,1,R,3,X,1,"L1:[sp=C,706] Y=55,S=3,K=47,X=55,R=3,C=19 || L2:[sp=C,19] K=1,S=3,Y=55,C=1,R=3,X=1",-47.0,-1249.16,1,C|C,2
Y,706,S,3,C,19,Y,55,K,37,R,3,X,55,C,11,X,1,S,3,R,3,C,1,Y,55,K,1,"L1:[sp=Y,706] S=3,C=19,Y=55,K=37,R=3,X=55 || L2:[sp=C,11] X=1,S=3,R=3,C=1,Y=55,K=1",-377.0,-1234.94,1,Y|C,2
C,706,K,47,S,3,Y,55,X,55,R,3,C,19,C,19,K,1,S,3,Y,55,R,3,C,1,X,1,"L1:[sp=C,706] K=47,S=3,Y=55,X=55,R=3,C=19 || L2:[sp=C,19] K=1,S=3,Y=55,R=3,C=1,X=1",-47.0,-1249.16,1,C|C,2
C,706,K,47,S,3,Y,7,X,55,R,3,C,19,C,19,X,1,S,3,C,1,R,3,Y,7,K,1,"L1:[sp=C,706] K=47,S=3,Y=7,X=55,R=3,C=19 || L2:[sp=C,19] X=1,S=3,C=1,R=3,Y=7,K=1",-32273.0,-1263.13,1,C|C,2
K,706,K,47,S,3,Y,55,R,3,X,55,C,39,X,11,K,15,S,3,Y,55,R,3,C,1,X,1,"L1:[sp=K,706] K=47,S=3,Y=55,R=3,X=55,C=39 || L2:[sp=X,11] K=15,S=3,Y=55,R=3,C=1,X=1",-inf,-inf,0,K|X,2
C,706,Y,55,S,3,K,47,X,55,R,3,C,19,C,1,K,1,X,1,Y,55,R,3,C,1,S,3,"L1:[sp=C,706] Y=55,S=3,K=47,X=55,R=3,C=19 || L2:[sp=C,1] K=1,X=1,Y=55,R=3,C=1,S=3",-1199.0,-1249.16,1,C|C,2
C,706,Y,55,S,3,K,47,X,55,R,3,C,19,C,19,Y,55,S,3,K,1,C,1,R,3,X,1,"L1:[sp=C,706] Y=55,S=3,K=47,X=55,R=3,C=19 || L2:[sp=C,19] Y=55,S=3,K=1,C=1,R=3,X=1",-47.0,-1249.16,1,C|C,2
K,706,K,47,S,3,Y,55,X,55,R,3,C,31,C,1,K,1,S,3,X,1,R,3,C,1,Y,55,"L1:[sp=K,706] K=47,S=3,Y=55,X=55,R=3,C=31 || L2:[sp=C,1] K=1,S=3,X=1,R=3,C=1,Y=55",-2982.0,-1247.37,1,K|C,2
C,706,Y,55,K,15,S,3,X,55,R,3,C,19,C,19,K,1,S,3,Y,55,R,3,C,1,X,1,"L1:[sp=C,706] Y=55,K=15,S=3,X=55,R=3,C=19 || L2:[sp=C,19] K=1,S=3,Y=55,R=3,C=1,X=1",-inf,-inf,0,C|C,2
K,706,K,63,S,3,Y,55,R,3,X,55,C,39,C,13,K,1,S,3,Y,55,C,1,R,3,X,1,"L1:[sp=K,706] K=63,S=3,Y=55,R=3,X=55,C=39 || L2:[sp=C,13] K=1,S=3,Y=55,C=1,R=3,X=1",-298.0,-1210.05,1,K|C,2
C,706,Y,55,S,3,K,47,X,55,R,3,C,19,C,19,K,1,S,3,Y,55,R,3,C,1,X,1,"L1:[sp=C,706] Y=55,S=3,K=47,X=55,R=3,C=19 || L2:[sp=C,19] K=1,S=3,Y=55,R=3,C=1,X=1",-47.0,-1249.16,1,C|C,2
C,706,Y,55,S,3,K,47,X,55,R,3,C,19,C,19,K,1,S,3,Y,55,R,3,C,1,X,1,"L1:[sp=C,706] Y=55,S=3,K=47,X=55,R=3,C=19 || L2:[sp=C,19] K=1,S=3,Y=55,R=3,C=1,X=1",-47.0,-1249.16,1,C|C,2
C,706,Y,56,S,3,K,47,X,55,R,3,C,19,C,19,K,1,S,3,Y,55,C,1,R,3,X,1,"L1:[sp=C,706] Y=56,S=3,K=47,X=55,R=3,C=19 || L2:[sp=C,19] K=1,S=3,Y=55,C=1,R=3,X=1",-47.0,-1249.16,1,C|C,2
Y,706,S,3,C,19,Y,55,K,37,R,3,X,55,C,11,X,1,S,3,R,3,C,1,Y,55,K,1,"L1:[sp=Y,706] S=3,C=19,Y=55,K=37,R=3,X=55 || L2:[sp=C,11] X=1,S=3,R=3,C=1,Y=55,K=1",-377.0,-1234.94,1,Y|C,2
C,706,S,3,C,3,Y,15,K,37,R,3,X,55,C,1,X,1,S,3,R,3,Y,15,C,1,K,1,"L1:[sp=C,706] S=3,C=3,Y=15,K=37,R=3,X=55 || L2:[sp=C,1] X=1,S=3,R=3,Y=15,C=1,K=1",-103689.0,-1475.16,1,C|C,2
C,706,Y,55,S,3,K,47,X,55,R,3,C,19,C,19,S,3,X,1,Y,55,R,3,C,18,K,1,"L1:[sp=C,706] Y=55,S=3,K=47,X=55,R=3,C=19 || L2:[sp=C,19] S=3,X=1,Y=55,R=3,C=18,K=1",-inf,-inf,0,C|C,2
K,706,K,47,S,3,Y,55,R,3,X,46,C,39,C,13,K,1,S,3,Y,55,R,3,C,1,X,1,"L1:[sp=K,706] K=47,S=3,Y=55,R=3,X=46,C=39 || L2:[sp=C,13] K=1,S=3,Y=55,R=3,C=1,X=1",-12655.0,-1307.79,1,K|C,2
C,706,Y,55,S,3,K,47,X,55,R,3,C,3,C,19,K,1,R,3,Y,34,S,3,C,1,X,1,"L1:[sp=C,706] Y=55,S=3,K=47,X=55,R=3,C=3 || L2:[sp=C,19] K=1,R=3,Y=34,S=3,C=1,X=1",-11523.0,-1249.16,1,C|C,2
C,706,Y,55,S,3,K,47,X,55,R,3,C,19,C,19,K,1,S,3,Y,55,C,1,R,3,X,48,"L1:[sp=C,706] Y=55,S=3,K=47,X=55,R=3,C=19 || L2:[sp=C,19] K=1,S=3,Y=55,C=1,R=3,X=48",-inf,-inf,0,C|C,2
C,706,K,47,R,3,Y,55,X,55,S,3,C,19,C,19,K,1,S,3,Y,55,R,3,C,1,X,1,"L1:[sp=C,706] K=47,R=3,Y=55,X=55,S=3,C=19 || L2:[sp=C,19] K=1,S=3,Y=55,R=3,C=1,X=1",-47.0,-1249.16,1,C|C,2
K,706,K,47,S,3,Y,55,R,3,X,35,C,39,C,13,K,1,S,3,Y,55,R,3,C,1,X,1,"L1:[sp=K,706] K=47,S=3,Y=55,R=3,X=35,C=39 || L2:[sp=C,13] K=1,S=3,Y=55,R=3,C=1,X=1",-12655.0,-1300.44,1,K|C,2
C,706,Y,55,S,3,K,33,X,55,R,3,C,19,C,19,K,1,X,1,Y,55,R,3,C,1,S,3,"L1:[sp=C,706] Y=55,S=3,K=33,X=55,R=3,C=19 || L2:[sp=C,19] K=1,X=1,Y=55,R=3,C=1,S=3",-47.0,-1180.13,1,C|C,2
C,706,Y,55,S,3,K,33,X,55,R,3,C,19,C,19,K,1,X,1,Y,55,R,3,C,1,S,3,"L1:[sp=C,706] Y=55,S=3,K=33,X=55,R=3,C=19 || L2:[sp=C,19] K=1,X=1,Y=55,R=3,C=1,S=3",-47.0,-1180.13,1,C|C,2
K,706,Y,55,S,3,K,47,X,36,R,3,C,19,C,19,Y,55,S,3,K,1,C,1,R,3,X,1,"L1:[sp=K,706] Y=55,S=3,K=47,X=36,R=3,C=19 || L2:[sp=C,19] Y=55,S=3,K=1,C=1,R=3,X=1",-10081.0,-1310.32,1,K|C,2
C,706,R,3,S,3,K,33,X,55,Y,55,C,19,C,19,K,1,X,50,Y,55,R,3,C,1,S,3,"L1:[sp=C,706] R=3,S=3,K=33,X=55,Y=55,C=19 || L2:[sp=C,19] K=1,X=50,Y=55,R=3,C=1,S=3",-inf,-inf,0,C|C,2
K,706,K,63,S,3,Y,55,R,3,X,55,C,39,C,13,K,1,S,3,Y,55,C,20,R,3,X,1,"L1:[sp=K,706] K=63,S=3,Y=55,R=3,X=55,C=39 || L2:[sp=C,13] K=1,S=3,Y=55,C=20,R=3,X=1",-inf,-inf,0,K|C,2
C,706,K,47,S,3,Y,55,X,55,R,3,C,19,C,19,K,1,S,3,Y,55,R,3,C,1,X,1,"L1:[sp=C,706] K=47,S=3,Y=55,X=55,R=3,C=19 || L2:[sp=C,19] K=1,S=3,Y=55,R=3,C=1,X=1",-47.0,-1249.16,1,C|C,2
C,706,K,47,R,3,Y,55,X,55,S,3,C,39,C,19,K,1,S,3,Y,55,R,3,C,1,X,1,"L1:[sp=C,706] K=47,R=3,Y=55,X=55,S=3,C=39 || L2:[sp=C,19] K=1,S=3,Y=55,R=3,C=1,X=1",-175.0,-1249.16,1,C|C,2
K,706,K,63,S,3,Y,55,C,19,X,27,R,3,C,13,K,1,S,3,Y,55,C,1,R,3,X,1,"L1:[sp=K,706] K=63,S=3,Y=55,C=19,X=27,R=3 || L2:[sp=C,13] K=1,S=3,Y=55,C=1,R=3,X=1",-23743.0,-1163.28,1,K|C,2
C,706,K,47,S,3,Y,55,X,55,R,3,C,19,C,19,K,1,Y,55,S,3,R,3,C,16,X,26,"L1:[sp=C,706] K=47,S=3,Y=55,X=55,R=3,C=19 || L2:[sp=C,19] K=1,Y=55,S=3,R=3,C=16,X=26",-inf,-inf,0,C|C,2
C,706,Y,55,S,3,K,47,X,28,R,3,C,19,C,19,Y,55,S,3,K,1,C,1,R,3,X,1,"L1:[sp=C,706] Y=55,S=3,K=47,X=28,R=3,C=19 || L2:[sp=C,19] Y=55,S=3,K=1,C=1,R=3,X=1",-3421.0,-1257.38,1,C|C,2
K,706,K,47,S,3,Y,55,R,3,X,55,C,39,C,13,K,1,S,3,Y,13,C,1,R,3,X,16,"L1:[sp=K,706] K=47,S=3,Y=55,R=3,X=55,C=39 || L2:[sp=C,13] K=1,S=3,Y=13,C=1,R=3,X=16",-25383.0,-1210.05,1,K|C,2
C,706,K,63,X,55,Y,55,S,3,R,3,C,19,C,19,K,1,S,3,Y,55,R,3,C,1,X,1,"L1:[sp=C,706] K=63,X=55,Y=55,S=3,R=3,C=19 || L2:[sp=C,19] K=1,S=3,Y=55,R=3,C=1,X=1",-inf,-inf,0,C|C,2
C,706,K,47,R,3,Y,55,X,55,S,3,C,19,K,47,K,1,S,3,Y,55,R,3,C,1,X,1,"L1:[sp=C,706] K=47,R=3,Y=55,X=55,S=3,C=19 || L2:[sp=K,47] K=1,S=3,Y=55,R=3,C=1,X=1",-21.0,-1249.16,1,C|K,2
C,706,Y,56,X,55,K,47,S,3,R,3,C,19,C,19,K,9,X,1,R,3,C,1,Y,55,S,3,"L1:[sp=C,706] Y=56,X=55,K=47,S=3,R=3,C=19 || L2:[sp=C,19] K=9,X=1,R=3,C=1,Y=55,S=3",-inf,-inf,0,C|C,2
C,706,K,47,S,3,Y,55,X,55,R,3,C,14,C,19,K,1,S,3,Y,55,R,3,C,1,X,1,"L1:[sp=C,706] K=47,S=3,Y=55,X=55,R=3,C=14 || L2:[sp=C,19] K=1,S=3,Y=55,R=3,C=1,X=1",-47.0,-1249.16,1,C|C,2
C,706,Y,55,S,3,K,47,X,27,R,3,C,19,C,19,K,1,S,3,Y,55,R,3,C,1,X,1,"L1:[sp=C,706] Y=55,S=3,K=47,X=27,R=3,C=19 || L2:[sp=C,19] K=1,S=3,Y=55,R=3,C=1,X=1",-3421.0,-1256.56,1,C|C,2
C,706,Y,10,S,3,K,47,X,55,R,3,C,19,C,19,Y,10,S,3,K,1,C,1,R,3,X,1,"L1:[sp=C,706] Y=10,S=3,K=47,X=55,R=3,C=19 || L2:[sp=C,19] Y=10,S=3,K=1,C=1,R=3,X=1",-34573.0,-1830.19,1,C|C,2
C,706,Y,55,S,3,K,33,X,55,R,3,C,19,C,19,X,1,K,1,Y,55,C,1,R,3,S,3,"L1:[sp=C,706] Y=55,S=3,K=33,X=55,R=3,C=19 || L2:[sp=C,19] X=1,K=1,Y=55,C=1,R=3,S=3",-47.0,-1180.13,1,C|C,2
C,706,Y,55,S,3,K,47,X,55,R,3,C,39,C,19,Y,55,S,3,K,1,C,1,R,3,X,1,"L1:[sp=C,706] Y=55,S=3,K=47,X=55,R=3,C=39 || L2:[sp=C,19] Y=55,S=3,K=1,C=1,R=3,X=1",-175.0,-1249.16,1,C|C,2
K,706,K,63,S,3,Y,55,R,3,X,55,C,19,C,13,K,1,S,3,Y,55,C,1,R,3,X,1,"L1:[sp=K,706] K=63,S=3,Y=55,R=3,X=55,C=19 || L2:[sp=C,13] K=1,S=3,Y=55,C=1,R=3,X=1",-406.0,-1205.66,1,K|C,2
C,706,Y,55,S,3,K,47,X,55,R,3,C,19,C,19,K,1,S,3,Y,55,R,3,C,7,X,1,"L1:[sp=C,706] Y=55,S=3,K=47,X=55,R=3,C=19 || L2:[sp=C,19] K=1,S=3,Y=55,R=3,C=7,X=1",-inf,-inf,0,C|C,2
C,706,K,47,R,3,Y,55,X,55,S,3,C,19,K,47,K,1,S,3,Y,55,R,3,C,1,X,1,"L1:[sp=C,706] K=47,R=3,Y=55,X=55,S=3,C=19 || L2:[sp=K,47] K=1,S=3,Y=55,R=3,C=1,X=1",-21.0,-1249.16,1,C|K,2
C,706,K,47,S,3,Y,55,X,55,R,3,C,14,C,19,K,1,S,3,Y,55,R,3,C,1,X,1,"L1:[sp=C,706] K=47,S=3,Y=55,X=55,R=3,C=14 || L2:[sp=C,19] K=1,S=3,Y=55,R=3,C=1,X=1",-47.0,-1249.16,1,C|C,2
C,706,K,47,S,3,Y,55,X,55,R,3,C,19,Y,55,K,1,S,3,Y,55,R,3,C,1,X,1,"L1:[sp=C,706] K=47,S=3,Y=55,X=55,R=3,C=19 || L2:[sp=Y,55] K=1,S=3,Y=55,R=3,C=1,X=1",-1199.0,-1249.16,1,C|Y,2
X,706,Y,55,S,3,K,33,X,55,R,3,C,19,C,19,X,1,K,2,Y,55,C,1,R,3,S,3,"L1:[sp=X,706] Y=55,S=3,K=33,X=55,R=3,C=19 || L2:[sp=C,19] X=1,K=2,Y=55,C=1,R=3,S=3",-inf,-inf,0,X|C,2
C,706,Y,55,S,3,K,47,X,55,R,3,C,39,C,19,Y,55,S,3,K,25,C,1,R,3,X,1,"L1:[sp=C,706] Y=55,S=3,K=47,X=55,R=3,C=39 || L2:[sp=C,19] Y=55,S=3,K=25,C=1,R=3,X=1",-inf,-inf,0,C|C,2
K,706,K,47,R,3,Y,55,S,3,X,55,C,19,C,13,K,1,S,3,Y,55,C,5,R,3,X,8,"L1:[sp=K,706] K=47,R=3,Y=55,S=3,X=55,C=19 || L2:[sp=C,13] K=1,S=3,Y=55,C=5,R=3,X=8",-inf,-inf,0,K|C,2
C,706,Y,55,S,3,K,63,X,55,R,3,C,39,C,19,Y,55,S,3,K,1,C,1,R,3,X,47,"L1:[sp=C,706] Y=55,S=3,K=63,X=55,R=3,C=39 || L2:[sp=C,19] Y=55,S=3,K=1,C=1,R=3,X=47",-inf,-inf,0,C|C,2
C,706,K,62,S,3,Y,55,X,55,R,3,C,14,C,19,K,1,S,3,Y,55,R,3,C,1,X,1,"L1:[sp=C,706] K=62,S=3,Y=55,X=55,R=3,C=14 || L2:[sp=C,19] K=1,S=3,Y=55,R=3,C=1,X=1",-inf,-inf,0,C|C,2
X,706,K,47,S,3,Y,17,X,55,R,3,C,19,C,19,C,1,S,3,Y,17,R,3,K,1,X,1,"L1:[sp=X,706] K=47,S=3,Y=17,X=55,R=3,C=19 || L2:[sp=C,19] C=1,S=3,Y=17,R=3,K=1,X=1",-156705.0,-1900.01,1,X|C,2
C,706,Y,55,S,3,K,47,X,55,R,3,C,39,C,19,Y,55,S,3,K,1,C,1,R,3,X,1,"L1:[sp=C,706] Y=55,S=3,K=47,X=55,R=3,C=39 || L2:[sp=C,19] Y=55,S=3,K=1,C=1,R=3,X=1",-175.0,-1249.16,1,C|C,2
C,706,K,47,R,3,Y,55,X,55,S,3,C,39,C,19,K,5,S,3,Y,55,R,3,C,5,X,1,"L1:[sp=C,706] K=47,R=3,Y=55,X=55,S=3,C=39 || L2:[sp=C,19] K=5,S=3,Y=55,R=3,C=5,X=1",-inf,-inf,0,C|C,2
C,706,Y,55,S,3,K,33,X,55,R,3,C,19,C,19,X,1,K,8,Y,55,C,1,R,3,S,3,"L1:[sp=C,706] Y=55,S=3,K=33,X=55,R=3,C=19 || L2:[sp=C,19] X=1,K=8,Y=55,C=1,R=3,S=3",-inf,-inf,0,C|C,2
C,706,K,47,R,3,Y,9,X,55,S,3,C,19,K,47,K,26,C,8,Y,9,R,3,S,3,X,1,"L1:[sp=C,706] K=47,R=3,Y=9,X=55,S=3,C=19 || L2:[sp=K,47] K=26,C=8,Y=9,R=3,S=3,X=1",-480181.0,-1261.49,1,C|K,2
C,706,Y,55,S,3,K,47,X,55,R,3,C,39,K,47,Y,55,S,3,K,1,C,1,R,3,X,1,"L1:[sp=C,706] Y=55,S=3,K=47,X=55,R=3,C=39 || L2:[sp=K,47] Y=55,S=3,K=1,C=1,R=3,X=1",-61.0,-1249.16,1,C|K,2
C,706,K,16,R,3,Y,55,X,55,S,3,C,19,K,47,K,1,S,3,Y,55,R,3,C,1,X,6,"L1:[sp=C,706] K=16,R=3,Y=55,X=55,S=3,C=19 || L2:[sp=K,47] K=1,S=3,Y=55,R=3,C=1,X=6",-inf,-inf,0,C|K,2
C,706,K,47,R,3,Y,55,X,55,S,3,C,26,C,19,K,1,S,3,Y,25,R,3,C,1,X,1,"L1:[sp=C,706] K=47,R=3,Y=55,X=55,S=3,C=26 || L2:[sp=C,19] K=1,S=3,Y=25,R=3,C=1,X=1",-4611.0,-1249.16,1,C|C,2
Y,706,K,47,R,3,Y,55,X,55,S,3,C,19,K,1,K,8,S,3,Y,55,R,3,C,1,X,1,"L1:[sp=Y,706] K=47,R=3,Y=55,X=55,S=3,C=19 || L2:[sp=K,1] K=8,S=3,Y=55,R=3,C=1,X=1",-inf,-inf,0,Y|K,2
C,706,K,47,R,3,Y,3,X,55,S,3,C,39,C,19,K,1,S,3,Y,3,R,3,C,1,X,1,"L1:[sp=C,706] K=47,R=3,Y=3,X=55,S=3,C=39 || L2:[sp=C,19] K=1,S=3,Y=3,R=3,C=1,X=1",-93349.0,-1263.13,1,C|C,2
C,706,K,10,S,3,Y,55,X,55,R,3,C,19,C,19,K,1,S,3,Y,55,R,3,C,1,X,1,"L1:[sp=C,706] K=10,S=3,Y=55,X=55,R=3,C=19 || L2:[sp=C,19] K=1,S=3,Y=55,R=3,C=1,X=1",-inf,-inf,0,C|C,2
C,706,Y,55,S,3,K,33,X,55,R,3,C,19,C,19,Y,55,K,1,X,17,C,1,R,3,S,3,"L1:[sp=C,706] Y=55,S=3,K=33,X=55,R=3,C=19 || L2:[sp=C,19] Y=55,K=1,X=17,C=1,R=3,S=3",-11.0,-1180.13,1,C|C,2
X,706,K,63,S,3,Y,55,R,3,X,55,C,63,C,13,K,1,S,3,Y,55,C,1,R,3,X,1,"L1:[sp=X,706] K=63,S=3,Y=55,R=3,X=55,C=63 || L2:[sp=C,13] K=1,S=3,Y=55,C=1,R=3,X=1",-inf,-inf,0,X|C,2
C,706,Y,55,S,3,K,33,X,55,R,3,C,19,C,19,Y,55,K,1,X,17,C,1,R,3,S,3,"L1:[sp=C,706] Y=55,S=3,K=33,X=55,R=3,C=19 || L2:[sp=C,19] Y=55,K=1,X=17,C=1,R=3,S=3",-11.0,-1180.13,1,C|C,2
C,706,K,47,S,3,Y,55,X,23,R,3,C,41,X,1,K,1,S,3,Y,55,R,3,C,1,X,1,"L1:[sp=C,706] K=47,S=3,Y=55,X=23,R=3,C=41 || L2:[sp=X,1] K=1,S=3,Y=55,R=3,C=1,X=1",-141643.0,-1265.87,1,C|X,2
C,706,K,55,R,3,Y,3,X,55,S,3,C,39,C,19,K,1,S,3,Y,3,R,3,C,1,X,1,"L1:[sp=C,706] K=55,R=3,Y=3,X=55,S=3,C=39 || L2:[sp=C,19] K=1,S=3,Y=3,R=3,C=1,X=1",-93349.0,-1302.58,1,C|C,2
C,706,K,33,R,3,Y,3,X,55,S,3,C,39,C,19,K,1,S,3,Y,3,R,3,C,1,X,39,"L1:[sp=C,706] K=33,R=3,Y=3,X=55,S=3,C=39 || L2:[sp=C,19] K=1,S=3,Y=3,R=3,C=1,X=39",-1399717.0,-1194.1,1,C|C,2
C,706,Y,55,S,3,K,47,X,55,R,3,C,19,C,19,Y,55,K,16,X,17,C,1,R,3,S,3,"L1:[sp=C,706] Y=55,S=3,K=47,X=55,R=3,C=19 || L2:[sp=C,19] Y=55,K=16,X=17,C=1,R=3,S=3",-inf,-inf,0,C|C,2
C,706,K,47,R,3,Y,55,X,55,S,3,C,19,K,47,K,1,S,3,Y,55,R,3,C,1,X,1,"L1:[sp=C,706] K=47,R=3,Y=55,X=55,S=3,C=19 || L2:[sp=K,47] K=1,S=3,Y=55,R=3,C=1,X=1",-21.0,-1249.16,1,C|K,2
C,706,K,47,R,3,Y,3,X,55,S,3,C,39,C,19,K,47,S,3,Y,3,R,3,C,1,X,1,"L1:[sp=C,706] K=47,R=3,Y=3,X=55,S=3,C=39 || L2:[sp=C,19] K=47,S=3,Y=3,R=3,C=1,X=1",-137089.0,-1263.13,1,C|C,2
C,706,X,55,R,3,Y,55,K,47,S,3,C,26,C,19,K,1,S,3,Y,25,R,3,C,1,X,1,"L1:[sp=C,706] X=55,R=3,Y=55,K=47,S=3,C=26 || L2:[sp=C,19] K=1,S=3,Y=25,R=3,C=1,X=1",-4611.0,-1249.16,1,C|C,2
C,706,K,47,S,3,Y,55,X,55,R,3,C,14,C,14,K,1,S,3,Y,55,R,3,C,1,X,1,"L1:[sp=C,706] K=47,S=3,Y=55,X=55,R=3,C=14 || L2:[sp=C,14] K=1,S=3,Y=55,R=3,C=1,X=1",-47.0,-1249.16,1,C|C,2
C,706,K,47,S,3,Y,55,X,55,R,3,C,14,C,19,K,1,S,3,Y,55,R,3,C,1,X,1,"L1:[sp=C,706] K=47,S=3,Y=55,X=55,R=3,C=14 || L2:[sp=C,19] K=1,S=3,Y=55,R=3,C=1,X=1",-47.0,-1249.16,1,C|C,2
C,706,Y,55,S,3,K,47,X,55,R,3,C,39,C,19,Y,55,S,3,K,1,C,1,R,3,X,1,"L1:[sp=C,706] Y=55,S=3,K=47,X=55,R=3,C=39 || L2:[sp=C,19] Y=55,S=3,K=1,C=1,R=3,X=1",-175.0,-1249.16,1,C|C,2
C,706,K,47,R,3,Y,55,X,55,S,3,C,26,C,19,K,7,S,3,Y,25,R,3,C,1,X,1,"L1:[sp=C,706] K=47,R=3,Y=55,X=55,S=3,C=26 || L2:[sp=C,19] K=7,S=3,Y=25,R=3,C=1,X=1",-4755.0,-1249.16,1,C|C,2
C,706,Y,55,S,3,K,47,X,55,R,3,C,39,C,19,Y,55,S,3,K,1,C,1,R,3,X,1,"L1:[sp=C,706] Y=55,S=3,K=47,X=55,R=3,C=39 || L2:[sp=C,19] Y=55,S=3,K=1,C=1,R=3,X=1",-175.0,-1249.16,1,C|C,2
Y,706,Y,55,S,3,K,14,X,55,R,3,C,19,C,19,Y,55,K,1,X,17,C,1,R,3,S,3,"L1:[sp=Y,706] Y=55,S=3,K=14,X=55,R=3,C=19 || L2:[sp=C,19] Y=55,K=1,X=17,C=1,R=3,S=3",-inf,-inf,0,Y|C,2
C,706,K,47,S,3,Y,55,X,55,R,3,C,14,C,19,R,3,C,1,Y,55,K,1,S,3,X,1,"L1:[sp=C,706] K=47,S=3,Y=55,X=55,R=3,C=14 || L2:[sp=C,19] R=3,C=1,Y=55,K=1,S=3,X=1",-47.0,-1249.16,1,C|C,2
C,706,Y,55,S,3,K,33,X,55,R,3,C,19,C,19,Y,55,K,1,X,1,C,10,R,3,S,3,"L1:[sp=C,706] Y=55,S=3,K=33,X=55,R=3,C=19 || L2:[sp=C,19] Y=55,K=1,X=1,C=10,R=3,S=3",-inf,-inf,0,C|C,2
C,706,K,47,R,3,Y,55,X,55,S,3,C,26,C,13,K,1,S,3,Y,27,R,3,C,1,X,14,"L1:[sp=C,706] K=47,R=3,Y=55,X=55,S=3,C=26 || L2:[sp=C,13] K=1,S=3,Y=27,R=3,C=1,X=14",-373251.0,-1249.16,1,C|C,2
C,706,K,47,S,3,Y,55,X,55,R,3,C,14,C,19,K,1,S,3,Y,55,R,3,C,1,X,13,"L1:[sp=C,706] K=47,S=3,Y=55,X=55,R=3,C=14 || L2:[sp=C,19] K=1,S=3,Y=55,R=3,C=1,X=13",-inf,-inf,0,C|C,2
C,706,K,47,R,3,Y,55,X,55,S,3,C,26,C,19,K,1,X,1,Y,25,R,3,C,1,S,3,"L1:[sp=C,706] K=47,R=3,Y=55,X=55,S=3,C=26 || L2:[sp=C,19] K=1,X=1,Y=25,R=3,C=1,S=3",-4611.0,-1249.16,1,C|C,2
C,706,Y,55,S,3,K,47,X,55,R,3,C,39,C,19,Y,55,S,3,K,1,C,1,R,3,X,1,"L1:[sp=C,706] Y=55,S=3,K=47,X=55,R=3,C=39 || L2:[sp=C,19] Y=55,S=3,K=1,C=1,R=3,X=1",-175.0,-1249.16,1,C|C,2
C,706,K,47,R,3,Y,3,X,55,S,3,C,39,C,19,K,1,S,3,Y,3,R,3,C,1,X,1,"L1:[sp=C,706] K=47,R=3,Y=3,X=55,S=3,C=39 || L2:[sp=C,19] K=1,S=3,Y=3,R=3,C=1,X=1",-93349.0,-1263.13,1,C|C,2
C,706,Y,55,S,3,K,33,X,55,R,3,C,19,C,19,Y,55,K,1,X,17,C,1,R,3,S,3,"L1:[sp=C,706] Y=55,S=3,K=33,X=55,R=3,C=19 || L2:[sp=C,19] Y=55,K=1,X=17,C=1,R=3,S=3",-11.0,-1180.13,1,C|C,2
C,706,K,47,S,3,Y,55,X,55,R,3,C,14,C,19,K,1,S,3,Y,55,R,3,C,1,X,1,"L1:[sp=C,706] K=47,S=3,Y=55,X=55,R=3,C=14 || L2:[sp=C,19] K=1,S=3,Y=55,R=3,C=1,X=1",-47.0,-1249.16,1,C|C,2
C,706,Y,55,R,3,K,47,X,55,S,3,C,19,K,47,K,37,S,3,Y,55,R,3,C,1,X,1,"L1:[sp=C,706] Y=55,R=3,K=47,X=55,S=3,C=19 || L2:[sp=K,47] K=37,S=3,Y=55,R=3,C=1,X=1",-inf,-inf,0,C|K,2
C,706,Y,55,S,3,K,47,X,55,R,3,C,14,C,19,K,1,S,3,Y,55,R,3,C,1,X,1,"L1:[sp=C,706] Y=55,S=3,K=47,X=55,R=3,C=14 || L2:[sp=C,19] K=1,S=3,Y=55,R=3,C=1,X=1",-47.0,-1249.16,1,C|C,2
C,706,K,47,R,3,Y,55,X,55,S,3,C,19,K,47,K,3,S,3,Y,55,R,3,C,1,X,1,"L1:[sp=C,706] K=47,R=3,Y=55,X=55,S=3,C=19 || L2:[sp=K,47] K=3,S=3,Y=55,R=3,C=1,X=1",-inf,-inf,0,C|K,2
C,706,K,47,S,3,Y,44,X,55,R,3,C,14,C,19,R,3,C,1,Y,44,K,1,S,3,X,1,"L1:[sp=C,706] K=47,S=3,Y=44,X=55,R=3,C=14 || L2:[sp=C,19] R=3,C=1,Y=44,K=1,S=3,X=1",-50693.0,-1270.53,1,C|C,2
C,706,K,47,S,3,Y,55,X,55,R,3,C,14,C,19,K,1,S,3,Y,55,R,3,C,1,X,1,"L1:[sp=C,706] K=47,S=3,Y=55,X=55,R=3,C=14 || L2:[sp=C,19] K=1,S=3,Y=55,R=3,C=1,X=1",-47.0,-1249.16,1,C|C,2
C,706,K,47,S,3,Y,55,X,55,R,3,C,45,C,19,R,3,C,1,Y,55,K,1,S,3,X,1,"L1:[sp=C,706] K=47,S=3,Y=55,X=55,R=3,C=45 || L2:[sp=C,19] R=3,C=1,Y=55,K=1,S=3,X=1",-175.0,-1249.16,1,C|C,2
C,706,X,55,R,3,C,26,K,47,S,3,Y,55,C,19,K,1,S,3,Y,25,R,3,C,1,X,1,"L1:[sp=C,706] X=55,R=3,C=26,K=47,S=3,Y=55 || L2:[sp=C,19] K=1,S=3,Y=25,R=3,C=1,X=1",-4611.0,-1249.16,1,C|C,2
C,706,Y,55,S,3,K,47,X,55,R,3,C,39,Y,55,Y,55,S,3,K,1,C,1,R,3,X,1,"L1:[sp=C,706] Y=55,S=3,K=47,X=55,R=3,C=39 || L2:[sp=Y,55] Y=55,S=3,K=1,C=1,R=3,X=1",-2479.0,-1249.16,1,C|Y,2
C,706,K,47,S,3,Y,55,X,55,R,3,C,14,C,19,R,3,C,1,Y,55,K,37,S,3,X,1,"L1:[sp=C,706] K=47,S=3,Y=55,X=55,R=3,C=14 || L2:[sp=C,19] R=3,C=1,Y=55,K=37,S=3,X=1",-inf,-inf,0,C|C,2
C,706,X,55,R,3,Y,55,K,47,S,3,C,26,C,19,K,1,S,3,Y,38,R,3,C,1,X,14,"L1:[sp=C,706] X=55,R=3,Y=55,K=47,S=3,C=26 || L2:[sp=C,19] K=1,S=3,Y=38,R=3,C=1,X=14",-221187.0,-1249.16,1,C|C,2
C,706,K,47,R,3,Y,55,X,55,S,3,C,19,K,47,K,1,S,3,Y,55,R,3,C,12,X,1,"L1:[sp=C,706] K=47,R=3,Y=55,X=55,S=3,C=19 || L2:[sp=K,47] K=1,S=3,Y=55,R=3,C=12,X=1",-inf,-inf,0,C|K,2
K,706,K,47,S,3,Y,55,X,55,R,3,C,14,C,19,K,1,S,3,Y,55,R,3,C,1,X,1,"L1:[sp=K,706] K=47,S=3,Y=55,X=55,R=3,C=14 || L2:[sp=C,19] K=1,S=3,Y=55,R=3,C=1,X=1",-191.0,-1191.11,1,K|C,2
C,706,Y,55,S,3,K,33,X,55,R,3,C,19,C,19,Y,55,K,1,X,17,R,3,C,16,S,3,"L1:[sp=C,706] Y=55,S=3,K=33,X=55,R=3,C=19 || L2:[sp=C,19] Y=55,K=1,X=17,R=3,C=16,S=3",-inf,-inf,0,C|C,2
C,706,K,47,S,3,Y,55,X,20,R,3,C,14,C,19,R,3,C,1,Y,55,K,1,S,3,X,1,"L1:[sp=C,706] K=47,S=3,Y=55,X=20,R=3,C=14 || L2:[sp=C,19] R=3,C=1,Y=55,K=1,S=3,X=1",-3403.0,-1261.76,1,C|C,2
C,706,Y,55,S,3,K,33,X,55,R,3,C,19,C,19,Y,55,K,1,X,17,C,15,R,3,S,3,"L1:[sp=C,706] Y=55,S=3,K=33,X=55,R=3,C=19 || L2:[sp=C,19] Y=55,K=1,X=17,C=15,R=3,S=3",-inf,-inf,0,C|C,2
C,706,K,33,S,3,Y,55,X,55,R,3,C,14,C,14,K,1,S,3,Y,55,R,3,C,1,X,1,"L1:[sp=C,706] K=33,S=3,Y=55,X=55,R=3,C=14 || L2:[sp=C,14] K=1,S=3,Y=55,R=3,C=1,X=1",-47.0,-1180.13,1,C|C,2
C,706,Y,25,S,3,K,7,X,45,R,3,C,19,C,19,Y,25,C,1,X,17,K,1,R,3,S,3,"L1:[sp=C,706] Y=25,S=3,K=7,X=45,R=3,C=19 || L2:[sp=C,19] Y=25,C=1,X=17,K=1,R=3,S=3",-2419261.0,-13326.9,1,C|C,2
C,706,K,47,R,3,Y,55,X,55,S,3,C,19,K,47,K,1,S,3,Y,55,R,3,C,1,X,1,"L1:[sp=C,706] K=47,R=3,Y=55,X=55,S=3,C=19 || L2:[sp=K,47] K=1,S=3,Y=55,R=3,C=1,X=1",-21.0,-1249.16,1,C|K,2
C,706,Y,55,S,3,K,33,X,55,R,3,C,19,C,19,Y,55,K,1,X,17,C,1,R,3,S,3,"L1:[sp=C,706] Y=55,S=3,K=33,X=55,R=3,C=19 || L2:[sp=C,19] Y=55,K=1,X=17,C=1,R=3,S=3",-11.0,-1180.13,1,C|C,2
Y,706,K,33,S,3,Y,55,X,55,R,3,C,14,C,14,K,1,S,3,Y,32,R,3,C,1,X,1,"L1:[sp=Y,706] K=33,S=3,Y=55,X=55,R=3,C=14 || L2:[sp=C,14] K=1,S=3,Y=32,R=3,C=1,X=1",-63371.0,-1196.75,1,Y|C,2
C,706,Y,55,S,3,K,61,X,55,R,3,C,14,C,19,K,1,S,3,Y,55,R,3,C,1,X,1,"L1:[sp=C,706] Y=55,S=3,K=61,X=55,R=3,C=14 || L2:[sp=C,19] K=1,S=3,Y=55,R=3,C=1,X=1",-inf,-inf,0,C|C,2
C,706,K,47,X,54,Y,55,R,3,S,3,C,19,X,55,K,1,S,3,Y,55,R,3,C,1,X,1,"L1:[sp=C,706] K=47,X=54,Y=55,R=3,S=3,C=19 || L2:[sp=X,55] K=1,S=3,Y=55,R=3,C=1,X=1",-1199.0,-1249.16,1,C|X,2
K,706,K,47,S,3,Y,24,X,55,R,3,C,14,C,19,K,1,S,3,Y,24,R,3,C,1,X,1,"L1:[sp=K,706] K=47,S=3,Y=24,X=55,R=3,C=14 || L2:[sp=C,19] K=1,S=3,Y=24,R=3,C=1,X=1",-152296.0,-1414.98,1,K|C,2
K,706,K,47,S,3,Y,55,X,55,R,3,C,14,C,19,K,47,S,3,Y,55,R,3,C,1,X,1,"L1:[sp=K,706] K=47,S=3,Y=55,X=55,R=3,C=14 || L2:[sp=C,19] K=47,S=3,Y=55,R=3,C=1,X=1",-inf,-inf,0,K|C,2
C,706,Y,2,S,3,K,47,X,55,R,3,C,62,Y,55,Y,2,S,3,K,1,C,1,R,3,X,1,"L1:[sp=C,706] Y=2,S=3,K=47,X=55,R=3,C=62 || L2:[sp=Y,55] Y=2,S=3,K=1,C=1,R=3,X=1",-1928503.0,-4261.95,1,C|Y,2
C,706,Y,55,S,3,K,33,X,55,R,3,C,19,C,19,Y,55,K,1,X,51,C,1,R,3,S,3,"L1:[sp=C,706] Y=55,S=3,K=33,X=55,R=3,C=19 || L2:[sp=C,19] Y=55,K=1,X=51,C=1,R=3,S=3",-11.0,-1180.13,1,C|C,2
C,706,K,47,S,3,Y,55,X,55,R,3,C,14,C,19,K,1,S,3,Y,55,R,3,C,1,X,27,"L1:[sp=C,706] K=47,S=3,Y=55,X=55,R=3,C=14 || L2:[sp=C,19] K=1,S=3,Y=55,R=3,C=1,X=27",-inf,-inf,0,C|C,2
C,706,Y,55,S,3,K,33,X,55,R,3,C,19,X,1,Y,55,K,1,X,17,C,1,R,3,S,3,"L1:[sp=C,706] Y=55,S=3,K=33,X=55,R=3,C=19 || L2:[sp=X,1] Y=55,K=1,X=17,C=1,R=3,S=3",-1163.0,-1180.13,1,C|X,2
C,706,Y,55,S,3,K,47,X,55,R,3,C,14,C,19,K,1,S,3,Y,55,R,3,C,14,X,1,"L1:[sp=C,706] Y=55,S=3,K=47,X=55,R=3,C=14 || L2:[sp=C,19] K=1,S=3,Y=55,R=3,C=14,X=1",-inf,-inf,0,C|C,2
C,706,K,47,R,3,Y,45,X,55,S,3,C,14,Y,5,K,1,S,3,Y,45,R,3,C,11,X,1,"L1:[sp=C,706] K=47,R=3,Y=45,X=55,S=3,C=14 || L2:[sp=Y,5] K=1,S=3,Y=45,R=3,C=11,X=1",-725765.0,-1271.35,1,C|Y,2
C,706,K,22,S,3,Y,55,X,39,R,3,C,19,C,19,K,1,S,3,Y,55,R,3,C,1,X,1,"L1:[sp=C,706] K=22,S=3,Y=55,X=39,R=3,C=19 || L2:[sp=C,19] K=1,S=3,Y=55,R=3,C=1,X=1",-3403.0,-1208.07,1,C|C,2
C,706,Y,55,S,3,K,47,X,55,R,3,C,39,Y,55,Y,21,S,3,K,1,C,1,R,3,X,1,"L1:[sp=C,706] Y=55,S=3,K=47,X=55,R=3,C=39 || L2:[sp=Y,55] Y=21,S=3,K=1,C=1,R=3,X=1",-471747.0,-1249.16,1,C|Y,2
C,706,K,33,S,3,Y,55,X,55,R,3,C,14,C,14,K,1,S,3,Y,55,R,3,C,1,X,1,"L1:[sp=C,706] K=33,S=3,Y=55,X=55,R=3,C=14 || L2:[sp=C,14] K=1,S=3,Y=55,R=3,C=1,X=1",-47.0,-1180.13,1,C|C,2
C,706,Y,55,R,3,K,47,X,55,S,3,C,19,K,47,K,1,S,3,Y,55,R,3,C,1,X,36,"L1:[sp=C,706] Y=55,R=3,K=47,X=55,S=3,C=19 || L2:[sp=K,47] K=1,S=3,Y=55,R=3,C=1,X=36",-inf,-inf,0,C|K,2
C,706,K,47,S,3,Y,55,X,55,R,3,C,45,C,19,R,3,C,1,Y,55,K,38,S,3,X,1,"L1:[sp=C,706] K=47,S=3,Y=55,X=55,R=3,C=45 || L2:[sp=C,19] R=3,C=1,Y=55,K=38,S=3,X=1",-inf,-inf,0,C|C,2
C,706,K,61,S,3,Y,55,X,55,R,3,C,14,C,19,K,1,S,3,Y,55,R,3,C,13,X,17,"L1:[sp=C,706] K=61,S=3,Y=55,X=55,R=3,C=14 || L2:[sp=C,19] K=1,S=3,Y=55,R=3,C=13,X=17",-inf,-inf,0,C|C,2
C,706,S,3,Y,55,K,33,X,55,C,19,R,3,C,19,Y,55,K,1,X,1,C,11,R,3,S,3,"L1:[sp=C,706] S=3,Y=55,K=33,X=55,C=19,R=3 || L2:[sp=C,19] Y=55,K=1,X=1,C=11,R=3,S=3",-inf,-inf,0,C|C,2
C,706,Y,55,S,3,K,47,X,55,R,3,C,14,C,19,K,1,S,3,Y,55,R,3,C,1,X,1,"L1:[sp=C,706] Y=55,S=3,K=47,X=55,R=3,C=14 || L2:[sp=C,19] K=1,S=3,Y=55,R=3,C=1,X=1",-47.0,-1249.16,1,C|C,2
C,706,Y,55,S,3,K,33,X,55,R,3,C,19,C,19,Y,55,K,1,X,17,C,1,R,3,S,3,"L1:[sp=C,706] Y=55,S=3,K=33,X=55,R=3,C=19 || L2:[sp=C,19] Y=55,K=1,X=17,C=1,R=3,S=3",-11.0,-1180.13,1,C|C,2
C,706,Y,55,S,3,K,47,R,3,X,55,C,14,C,19,K,1,S,3,Y,55,R,3,C,1,X,1,"L1:[sp=C,706] Y=55,S=3,K=47,R=3,X=55,C=14 || L2:[sp=C,19] K=1,S=3,Y=55,R=3,C=1,X=1",-47.0,-1249.16,1,C|C,2
C,706,C,19,S,3,Y,55,X,39,R,3,K,22,C,19,K,1,S,3,Y,55,R,3,C,1,X,18,"L1:[sp=C,706] C=19,S=3,Y=55,X=39,R=3,K=22 || L2:[sp=C,19] K=1,S=3,Y=55,R=3,C=1,X=18",-inf,-inf,0,C|C,2
C,706,K,33,S,3,X,9,Y,55,R,3,C,14,C,14,K,1,S,3,Y,55,R,3,C,1,X,1,"L1:[sp=C,706] K=33,S=3,X=9,Y=55,R=3,C=14 || L2:[sp=C,14] K=1,S=3,Y=55,R=3,C=1,X=1",-3349.0,-1192.46,1,C|C,2
C,706,K,47,X,54,Y,55,R,3,S,3,C,19,X,55,K,47,S,3,Y,55,R,3,C,1,X,33,"L1:[sp=C,706] K=47,X=54,Y=55,R=3,S=3,C=19 || L2:[sp=X,55] K=47,S=3,Y=55,R=3,C=1,X=33",-inf,-inf,0,C|X,2
C,706,Y,55,S,3,K,33,X,55,R,3,C,19,Y,1,Y,55,K,1,X,17,C,1,R,3,S,3,"L1:[sp=C,706] Y=55,S=3,K=33,X=55,R=3,C=19 || L2:[sp=Y,1] Y=55,K=1,X=17,C=1,R=3,S=3",-1163.0,-1180.13,1,C|Y,2
C,706,Y,55,S,3,K,33,X,55,R,3,C,19,C,19,Y,55,K,1,X,51,C,1,R,3,S,3,"L1:[sp=C,706] Y=55,S=3,K=33,X=55,R=3,C=19 || L2:[sp=C,19] Y=55,K=1,X=51,C=1,R=3,S=3",-11.0,-1180.13,1,C|C,2
C,706,Y,55,S,3,K,47,X,55,R,3,C,14,X,5,K,1,S,3,Y,55,R,3,C,1,X,1,"L1:[sp=C,706] Y=55,S=3,K=47,X=55,R=3,C=14 || L2:[sp=X,5] K=1,S=3,Y=55,R=3,C=1,X=1",-879.0,-1249.16,1,C|X,2
C,706,K,22,S,3,Y,55,X,39,R,3,C,19,C,19,K,1,S,3,Y,41,R,3,C,1,X,1,"L1:[sp=C,706] K=22,S=3,Y=55,X=39,R=3,C=19 || L2:[sp=C,19] K=1,S=3,Y=41,R=3,C=1,X=1",-404359.0,-1208.07,1,C|C,2
C,706,K,33,S,3,Y,52,X,55,R,3,C,14,C,14,K,1,S,3,Y,52,R,3,C,1,X,1,"L1:[sp=C,706] K=33,S=3,Y=52,X=55,R=3,C=14 || L2:[sp=C,14] K=1,S=3,Y=52,R=3,C=1,X=1",-59909.0,-1208.07,1,C|C,2
C,706,S,3,Y,1,K,47,X,55,R,3,C,14,C,19,K,1,S,3,Y,1,R,3,C,1,X,1,"L1:[sp=C,706] S=3,Y=1,K=47,X=55,R=3,C=14 || L2:[sp=C,19] K=1,S=3,Y=1,R=3,C=1,X=1",-31213.0,-7390.61,1,C|C,2
C,706,Y,55,S,3,K,33,X,55,R,3,C,19,X,1,K,4,Y,55,X,17,C,1,R,3,S,3,"L1:[sp=C,706] Y=55,S=3,K=33,X=55,R=3,C=19 || L2:[sp=X,1] K=4,Y=55,X=17,C=1,R=3,S=3",-108.0,-1180.13,1,C|X,2
C,706,K,47,X,54,Y,55,R,3,S,3,C,19,X,55,K,1,S,3,Y,55,R,3,C,1,X,1,"L1:[sp=C,706] K=47,X=54,Y=55,R=3,S=3,C=19 || L2:[sp=X,55] K=1,S=3,Y=55,R=3,C=1,X=1",-1199.0,-1249.16,1,C|X,2
C,706,K,33,S,3,Y,55,X,55,R,3,C,14,C,14,K,1,S,3,Y,55,R,3,C,12,X,1,"L1:[sp=C,706] K=33,S=3,Y=55,X=55,R=3,C=14 || L2:[sp=C,14] K=1,S=3,Y=55,R=3,C=12,X=1",-inf,-inf,0,C|C,2
Y,706,K,33,S,3,C,14,X,35,R,3,Y,55,X,55,K,3,S,3,Y,32,R,3,C,1,X,1,"L1:[sp=Y,706] K=33,S=3,C=14,X=35,R=3,Y=55 || L2:[sp=X,55] K=3,S=3,Y=32,R=3,C=1,X=1",-1672725.0,-1161.8,1,Y|X,2
X,706,Y,55,S,3,K,33,X,55,R,3,C,19,X,1,Y,55,K,1,X,17,C,1,R,3,S,3,"L1:[sp=X,706] Y=55,S=3,K=33,X=55,R=3,C=19 || L2:[sp=X,1] Y=55,K=1,X=17,C=1,R=3,S=3",-3881.0,-1211.76,1,X|X,2
K,706,Y,17,S,3,K,33,X,55,R,3,C,19,C,19,Y,17,K,1,X,17,C,1,R,3,S,3,"L1:[sp=K,706] Y=17,S=3,K=33,X=55,R=3,C=19 || L2:[sp=C,19] Y=17,K=1,X=17,C=1,R=3,S=3",-242369.0,-1591.38,1,K|C,2
C,706,R,3,S,3,K,33,X,55,Y,7,C,14,C,19,Y,7,K,1,X,17,R,3,C,1,S,3,"L1:[sp=C,706] R=3,S=3,K=33,X=55,Y=7,C=14 || L2:[sp=C,19] Y=7,K=1,X=17,R=3,C=1,S=3",-96785.0,-1194.1,1,C|C,2
Y,706,K,33,S,3,Y,55,X,55,R,3,C,49,C,19,K,31,S,3,Y,32,R,3,C,1,X,1,"L1:[sp=Y,706] K=33,S=3,Y=55,X=55,R=3,C=49 || L2:[sp=C,19] K=31,S=3,Y=32,R=3,C=1,X=1",-50693.0,-1267.2,1,Y|C,2
C,706,Y,55,S,3,X,33,K,33,R,3,C,19,C,19,Y,55,K,1,X,33,C,1,R,3,S,3,"L1:[sp=C,706] Y=55,S=3,X=33,K=33,R=3,C=19 || L2:[sp=C,19] Y=55,K=1,X=33,C=1,R=3,S=3",-inf,-inf,0,C|C,2
C,706,K,22,S,3,Y,55,X,16,R,3,C,19,C,19,K,21,S,3,Y,55,R,3,C,1,X,1,"L1:[sp=C,706] K=22,S=3,Y=55,X=16,R=3,C=19 || L2:[sp=C,19] K=21,S=3,Y=55,R=3,C=1,X=1",-inf,-inf,0,C|C,2
C,706,Y,55,S,3,K,33,X,55,R,3,C,19,C,19,Y,55,K,1,X,17,C,1,R,3,S,3,"L1:[sp=C,706] Y=55,S=3,K=33,X=55,R=3,C=19 || L2:[sp=C,19] Y=55,K=1,X=17,C=1,R=3,S=3",-11.0,-1180.13,1,C|C,2
C,706,Y,55,S,3,K,47,X,55,R,3,C,14,X,5,K,1,S,3,Y,55,R,3,C,1,X,1,"L1:[sp=C,706] Y=55,S=3,K=47,X=55,R=3,C=14 || L2:[sp=X,5] K=1,S=3,Y=55,R=3,C=1,X=1",-879.0,-1249.16,1,C|X,2
Y,706,Y,55,S,3,K,47,R,3,X,55,C,14,C,19,K,1,S,3,Y,55,R,3,C,1,X,1,"L1:[sp=Y,706] Y=55,S=3,K=47,R=3,X=55,C=14 || L2:[sp=C,19] K=1,S=3,Y=55,R=3,C=1,X=1",-231.0,-1272.25,1,Y|C,2
C,706,Y,55,S,3,C,19,X,55,R,3,K,33,C,19,Y,40,C,1,X,19,K,1,R,3,S,3,"L1:[sp=C,706] Y=55,S=3,C=19,X=55,R=3,K=33 || L2:[sp=C,19] Y=40,C=1,X=19,K=1,R=3,S=3",-129027.0,-1180.13,1,C|C,2
C,706,Y,55,S,3,K,33,X,55,R,3,C,19,K,11,Y,25,K,1,X,17,C,1,R,3,S,3,"L1:[sp=C,706] Y=55,S=3,K=33,X=55,R=3,C=19 || L2:[sp=K,11] Y=25,K=1,X=17,C=1,R=3,S=3",-12315.0,-1180.13,1,C|K,2
X,706,Y,55,S,3,K,47,R,3,X,55,C,19,C,19,K,1,S,3,Y,55,R,3,C,1,X,1,"L1:[sp=X,706] Y=55,S=3,K=47,R=3,X=55,C=19 || L2:[sp=C,19] K=1,S=3,Y=55,R=3,C=1,X=1",-185.0,-1293.73,1,X|C,2
C,706,K,47,X,54,Y,9,R,3,S,3,C,38,X,55,K,1,S,3,Y,9,R,3,C,1,X,1,"L1:[sp=C,706] K=47,X=54,Y=9,R=3,S=3,C=38 || L2:[sp=X,55] K=1,S=3,Y=9,R=3,C=1,X=1",-1181965.0,-3596.82,1,C|X,2
C,706,Y,55,S,3,K,47,X,55,R,3,C,19,Y,1,Y,19,K,1,X,17,C,1,R,3,S,3,"L1:[sp=C,706] Y=55,S=3,K=47,X=55,R=3,C=19 || L2:[sp=Y,1] Y=19,K=1,X=17,C=1,R=3,S=3",-525315.0,-1249.16,1,C|Y,2
C,706,X,55,S,3,K,33,R,3,Y,55,C,14,X,5,K,1,S,3,Y,55,R,3,C,1,X,1,"L1:[sp=C,706] X=55,S=3,K=33,R=3,Y=55,C=14 || L2:[sp=X,5] K=1,S=3,Y=55,R=3,C=1,X=1",-879.0,-1180.13,1,C|X,2
C,706,Y,55,S,3,K,33,X,55,R,3,C,19,C,19,Y,55,K,1,X,51,C,4,R,3,S,3,"L1:[sp=C,706] Y=55,S=3,K=33,X=55,R=3,C=19 || L2:[sp=C,19] Y=55,K=1,X=51,C=4,R=3,S=3",-inf,-inf,0,C|C,2
C,706,Y,26,S,3,K,47,R,3,X,55,C,14,C,19,K,1,S,3,Y,26,R,3,C,10,X,1,"L1:[sp=C,706] Y=26,S=3,K=47,R=3,X=55,C=14 || L2:[sp=C,19] K=1,S=3,Y=26,R=3,C=10,X=1",-449287.0,-1487.49,1,C|C,2
C,706,Y,55,S,3,K,33,X,55,C,19,R,3,Y,1,Y,55,K,1,X,17,C,1,R,3,S,3,"L1:[sp=C,706] Y=55,S=3,K=33,X=55,C=19,R=3 || L2:[sp=Y,1] Y=55,K=1,X=17,C=1,R=3,S=3",-1163.0,-1180.13,1,C|Y,2
C,706,Y,29,S,3,K,33,X,55,R,3,C,19,C,19,R,3,K,1,X,51,C,1,Y,29,S,3,"L1:[sp=C,706] Y=29,S=3,K=33,X=55,R=3,C=19 || L2:[sp=C,19] R=3,K=1,X=51,C=1,Y=29,S=3",-100229.0,-1262.59,1,C|C,2
C,706,Y,55,S,3,K,48,R,3,X,55,C,14,C,19,S,3,K,1,Y,55,R,3,C,1,X,1,"L1:[sp=C,706] Y=55,S=3,K=48,R=3,X=55,C=14 || L2:[sp=C,19] S=3,K=1,Y=55,R=3,C=1,X=1",-47.0,-1254.09,1,C|C,2
C,706,Y,55,S,3,K,47,X,16,R,3,C,14,C,14,K,1,S,3,Y,55,R,3,C,1,X,1,"L1:[sp=C,706] Y=55,S=3,K=47,X=16,R=3,C=14 || L2:[sp=C,14] K=1,S=3,Y=55,R=3,C=1,X=1",-3385.0,-1265.05,1,C|C,2
C,706,Y,55,S,3,K,33,X,55,R,3,C,19,C,19,Y,55,K,1,X,17,C,4,R,3,S,3,"L1:[sp=C,706] Y=55,S=3,K=33,X=55,R=3,C=19 || L2:[sp=C,19] Y=55,K=1,X=17,C=4,R=3,S=3",-inf,-inf,0,C|C,2
C,706,C,19,S,3,K,33,X,55,R,3,Y,55,C,19,Y,55,K,1,X,51,C,1,R,3,S,3,"L1:[sp=C,706] C=19,S=3,K=33,X=55,R=3,Y=55 || L2:[sp=C,19] Y=55,K=1,X=51,C=1,R=3,S=3",-11.0,-1180.13,1,C|C,2
C,706,Y,55,S,3,K,47,X,55,R,3,C,14,X,1,K,1,S,3,Y,55,R,3,C,1,X,1,"L1:[sp=C,706] Y=55,S=3,K=47,X=55,R=3,C=14 || L2:[sp=X,1] K=1,S=3,Y=55,R=3,C=1,X=1",-879.0,-1249.16,1,C|X,2
C,706,Y,55,S,3,K,33,X,55,R,3,C,35,C,19,Y,55,K,1,X,3,C,1,R,3,S,3,"L1:[sp=C,706] Y=55,S=3,K=33,X=55,R=3,C=35 || L2:[sp=C,19] Y=55,K=1,X=3,C=1,R=3,S=3",-75.0,-1180.13,1,C|C,2
C,706,Y,55,S,3,K,47,R,3,X,55,C,14,C,19,K,3,S,3,Y,55,R,3,C,5,X,1,"L1:[sp=C,706] Y=55,S=3,K=47,R=3,X=55,C=14 || L2:[sp=C,19] K=3,S=3,Y=55,R=3,C=5,X=1",-inf,-inf,0,C|C,2
C,706,Y,55,S,3,K,47,X,55,R,3,C,14,X,5,K,1,S,3,Y,55,R,3,C,9,X,1,"L1:[sp=C,706] Y=55,S=3,K=47,X=55,R=3,C=14 || L2:[sp=X,5] K=1,S=3,Y=55,R=3,C=9,X=1",-inf,-inf,0,C|X,2
C,706,Y,55,S,3,K,33,X,55,R,3,C,19,C,19,Y,55,K,1,X,17,C,1,R,3,S,3,"L1:[sp=C,706] Y=55,S=3,K=33,X=55,R=3,C=19 || L2:[sp=C,19] Y=55,K=1,X=17,C=1,R=3,S=3",-11.0,-1180.13,1,C|C,2
C,706,C,19,S,3,K,33,X,55,R,3,Y,55,C,19,Y,55,K,1,X,17,C,1,R,3,S,3,"L1:[sp=C,706] C=19,S=3,K=33,X=55,R=3,Y=55 || L2:[sp=C,19] Y=55,K=1,X=17,C=1,R=3,S=3",-11.0,-1180.13,1,C|C,2
C,706,Y,3,S,3,K,33,X,55,R,3,C,19,C,19,Y,3,K,1,X,51,C,1,R,3,S,3,"L1:[sp=C,706] Y=3,S=3,K=33,X=55,R=3,C=19 || L2:[sp=C,19] Y=3,K=1,X=51,C=1,R=3,S=3",-93349.0,-2563.25,1,C|C,2
X,706,Y,55,S,3,K,47,X,53,R,3,C,19,C,19,K,1,S,3,Y,37,R,3,C,1,X,1,"L1:[sp=X,706] Y=55,S=3,K=47,X=53,R=3,C=19 || L2:[sp=C,19] K=1,S=3,Y=37,R=3,C=1,X=1",-2075913.0,-1265.92,1,X|C,2
C,706,X,55,S,3,K,33,R,3,Y,55,C,5,X,5,K,1,S,3,Y,55,R,3,C,2,X,1,"L1:[sp=C,706] X=55,S=3,K=33,R=3,Y=55,C=5 || L2:[sp=X,5] K=1,S=3,Y=55,R=3,C=2,X=1",-157.0,-1180.13,1,C|X,2
C,706,Y,55,S,3,K,33,X,1,R,3,C,19,C,19,Y,55,K,1,X,1,C,1,R,3,S,3,"L1:[sp=C,706] Y=55,S=3,K=33,X=1,R=3,C=19 || L2:[sp=C,19] Y=55,K=1,X=1,C=1,R=3,S=3",-2485.0,-1194.65,1,C|C,2
Y,706,Y,55,S,3,K,47,R,3,X,55,C,14,C,19,K,1,S,3,Y,55,R,3,C,1,X,1,"L1:[sp=Y,706] Y=55,S=3,K=47,R=3,X=55,C=14 || L2:[sp=C,19] K=1,S=3,Y=55,R=3,C=1,X=1",-231.0,-1272.25,1,Y|C,2
C,706,X,55,S,3,K,33,R,3,Y,55,C,14,X,5,K,1,S,3,Y,55,R,3,C,1,X,1,"L1:[sp=C,706] X=55,S=3,K=33,R=3,Y=55,C=14 || L2:[sp=X,5] K=1,S=3,Y=55,R=3,C=1,X=1",-879.0,-1180.13,1,C|X,2
C,706,Y,55,S,3,K,24,X,19,R,3,C,14,X,5,K,1,S,3,Y,55,R,3,C,1,X,1,"L1:[sp=C,706] Y=55,S=3,K=24,X=19,R=3,C=14 || L2:[sp=X,5] K=1,S=3,Y=55,R=3,C=1,X=1",-10672.0,-1216.56,1,C|X,2
Y,706,R,3,S,3,K,33,X,55,C,60,Y,55,C,19,K,1,S,3,Y,55,R,3,C,1,X,40,"L1:[sp=Y,706] R=3,S=3,K=33,X=55,C=60,Y=55 || L2:[sp=C,19] K=1,S=3,Y=55,R=3,C=1,X=40",-inf,-inf,0,Y|C,2
X,706,Y,55,S,3,K,47,R,3,X,55,C,14,C,19,K,1,S,3,Y,55,R,3,C,12,X,1,"L1:[sp=X,706] Y=55,S=3,K=47,R=3,X=55,C=14 || L2:[sp=C,19] K=1,S=3,Y=55,R=3,C=12,X=1",-inf,-inf,0,X|C,2
C,706,Y,55,S,3,K,33,X,8,R,3,C,35,C,19,Y,55,K,1,X,3,S,3,R,3,C,1,"L1:[sp=C,706] Y=55,S=3,K=33,X=8,R=3,C=35 || L2:[sp=C,19] Y=55,K=1,X=3,S=3,R=3,C=1",-2183.0,-1193.83,1,C|C,2
C,706,Y,55,S,3,K,48,R,3,X,55,C,3,C,19,S,3,K,1,Y,55,R,3,C,1,X,1,"L1:[sp=C,706] Y=55,S=3,K=48,R=3,X=55,C=3 || L2:[sp=C,19] S=3,K=1,Y=55,R=3,C=1,X=1",-47.0,-1254.09,1,C|C,2
C,706,X,55,S,3,K,33,R,3,Y,55,C,14,X,5,S,3,K,1,Y,55,R,3,C,1,X,1,"L1:[sp=C,706] X=55,S=3,K=33,R=3,Y=55,C=14 || L2:[sp=X,5] S=3,K=1,Y=55,R=3,C=1,X=1",-879.0,-1180.13,1,C|X,2
Y,706,Y,55,S,3,R,3,K,47,X,55,C,14,C,19,K,4,S,3,Y,55,R,3,C,1,X,1,"L1:[sp=Y,706] Y=55,S=3,R=3,K=47,X=55,C=14 || L2:[sp=C,19] K=4,S=3,Y=55,R=3,C=1,X=1",-inf,-inf,0,Y|C,2
C,706,X,55,S,3,K,33,R,3,Y,55,C,14,Y,11,K,1,S,3,Y,55,R,3,C,1,X,1,"L1:[sp=C,706] X=55,S=3,K=33,R=3,Y=55,C=14 || L2:[sp=Y,11] K=1,S=3,Y=55,R=3,C=1,X=1",-879.0,-1180.13,1,C|Y,2
C,706,Y,55,S,3,K,32,R,3,X,55,C,14,C,19,S,3,K,1,Y,55,R,3,C,1,X,1,"L1:[sp=C,706] Y=55,S=3,K=32,R=3,X=55,C=14 || L2:[sp=C,19] S=3,K=1,Y=55,R=3,C=1,X=1",-47.0,-1175.2,1,C|C,2
C,706,C,19,S,3,K,33,R,3,X,55,Y,50,C,19,Y,50,K,1,X,51,C,1,R,3,S,3,"L1:[sp=C,706] C=19,S=3,K=33,R=3,X=55,Y=50 || L2:[sp=C,19] Y=50,K=1,X=51,C=1,R=3,S=3",-172805.0,-1206.43,1,C|C,2
C,706,Y,49,S,3,K,48,R,3,X,55,C,14,C,19,S,3,K,1,Y,49,R,3,C,1,X,1,"L1:[sp=C,706] Y=49,S=3,K=48,R=3,X=55,C=14 || L2:[sp=C,19] S=3,K=1,Y=49,R=3,C=1,X=1",-56453.0,-1384.49,1,C|C,2
C,706,C,19,S,3,K,33,X,55,R,3,Y,55,C,19,Y,55,K,18,X,51,C,1,R,3,S,3,"L1:[sp=C,706] C=19,S=3,K=33,X=55,R=3,Y=55 || L2:[sp=C,19] Y=55,K=18,X=51,C=1,R=3,S=3",-inf,-inf,0,C|C,2
X,706,Y,55,S,3,K,47,R,3,X,55,C,14,K,47,K,1,S,3,Y,55,R,3,C,1,X,1,"L1:[sp=X,706] Y=55,S=3,K=47,R=3,X=55,C=14 || L2:[sp=K,47] K=1,S=3,Y=55,R=3,C=1,X=1",-inf,-inf,0,X|K,2
C,706,Y,55,S,3,K,33,X,55,R,3,C,19,C,19,Y,55,K,1,X,17,C,1,R,3,S,3,"L1:[sp=C,706] Y=55,S=3,K=33,X=55,R=3,C=19 || L2:[sp=C,19] Y=55,K=1,X=17,C=1,R=3,S=3",-11.0,-1180.13,1,C|C,2
Y,706,Y,55,S,3,K,47,R,3,X,55,C,14,C,19,K,1,S,3,Y,55,R,3,C,5,X,1,"L1:[sp=Y,706] Y=55,S=3,K=47,R=3,X=55,C=14 || L2:[sp=C,19] K=1,S=3,Y=55,R=3,C=5,X=1",-inf,-inf,0,Y|C,2
C,706,X,55,S,3,K,37,R,3,Y,55,C,14,X,5,S,3,K,1,Y,55,R,3,C,1,X,1,"L1:[sp=C,706] X=55,S=3,K=37,R=3,Y=55,C=14 || L2:[sp=X,5] S=3,K=1,Y=55,R=3,C=1,X=1",-879.0,-1199.85,1,C|X,2
C,706,Y,1,S,3,K,33,X,55,R,3,C,19,C,19,Y,1,K,1,X,17,C,1,R,3,S,3,"L1:[sp=C,706] Y=1,S=3,K=33,X=55,R=3,C=19 || L2:[sp=C,19] Y=1,K=1,X=17,C=1,R=3,S=3",-93421.0,-5492.21,1,C|C,2
C,706,X,55,S,3,K,33,R,3,Y,55,C,5,X,5,S,3,K,1,Y,55,R,3,C,2,X,1,"L1:[sp=C,706] X=55,S=3,K=33,R=3,Y=55,C=5 || L2:[sp=X,5] S=3,K=1,Y=55,R=3,C=2,X=1",-157.0,-1180.13,1,C|X,2
C,706,Y,55,S,3,K,33,X,55,R,3,C,19,C,19,Y,55,K,1,X,17,C,1,R,3,S,3,"L1:[sp=C,706] Y=55,S=3,K=33,X=55,R=3,C=19 || L2:[sp=C,19] Y=55,K=1,X=17,C=1,R=3,S=3",-11.0,-1180.13,1,C|C,2
C,706,X,55,S,3,K,33,R,3,Y,55,C,14,X,5,S,3,K,8,Y,55,R,3,C,1,X,1,"L1:[sp=C,706] X=55,S=3,K=33,R=3,Y=55,C=14 || L2:[sp=X,5] S=3,K=8,Y=55,R=3,C=1,X=1",-inf,-inf,0,C|X,2
Y,706,Y,55,S,3,K,47,R,3,X,55,C,63,C,19,R,3,S,3,Y,55,K,1,C,1,X,1,"L1:[sp=Y,706] Y=55,S=3,K=47,R=3,X=55,C=63 || L2:[sp=C,19] R=3,S=3,Y=55,K=1,C=1,X=1",-285.0,-1474.48,1,Y|C,2
C,706,X,55,S,3,K,42,R,3,Y,55,C,14,X,5,K,1,S,3,Y,55,R,3,X,1,C,1,"L1:[sp=C,706] X=55,S=3,K=42,R=3,Y=55,C=14 || L2:[sp=X,5] K=1,S=3,Y=55,R=3,X=1,C=1",-879.0,-1224.51,1,C|X,2
C,706,Y,55,S,3,K,32,R,3,X,55,C,14,Y,5,S,3,K,10,Y,55,R,3,C,1,X,1,"L1:[sp=C,706] Y=55,S=3,K=32,R=3,X=55,C=14 || L2:[sp=Y,5] S=3,K=10,Y=55,R=3,C=1,X=1",-inf,-inf,0,C|Y,2
C,706,X,30,S,3,K,33,R,3,Y,55,C,5,X,5,K,1,S,3,Y,55,R,3,C,2,X,1,"L1:[sp=C,706] X=30,S=3,K=33,R=3,Y=55,C=5 || L2:[sp=X,5] K=1,S=3,Y=55,R=3,C=2,X=1",-2041.0,-1263.13,1,C|X,2
C,706,Y,21,S,3,K,48,R,3,X,55,C,3,Y,1,S,3,K,1,Y,21,R,3,C,1,X,1,"L1:[sp=C,706] Y=21,S=3,K=48,R=3,X=55,C=3 || L2:[sp=Y,1] S=3,K=1,Y=21,R=3,C=1,X=1",-108871.0,-1493.24,1,C|Y,2
C,706,Y,55,S,3,K,32,R,3,X,55,C,14,C,19,S,3,K,1,Y,31,R,3,C,1,X,1,"L1:[sp=C,706] Y=55,S=3,K=32,R=3,X=55,C=14 || L2:[sp=C,19] S=3,K=1,Y=31,R=3,C=1,X=1",-13251.0,-1175.2,1,C|C,2
C,706,Y,55,S,3,K,48,R,3,X,55,C,3,C,19,S,3,K,1,Y,55,R,3,C,1,X,1,"L1:[sp=C,706] Y=55,S=3,K=48,R=3,X=55,C=3 || L2:[sp=C,19] S=3,K=1,Y=55,R=3,C=1,X=1",-47.0,-1254.09,1,C|C,2
C,706,Y,55,S,3,K,28,X,55,R,3,C,19,C,19,Y,55,K,1,X,17,C,1,R,3,S,3,"L1:[sp=C,706] Y=55,S=3,K=28,X=55,R=3,C=19 || L2:[sp=C,19] Y=55,K=1,X=17,C=1,R=3,S=3",-inf,-inf,0,C|C,2
Y,706,X,55,S,3,R,3,K,25,Y,55,C,14,X,5,S,3,K,1,Y,55,R,3,C,1,X,1,"L1:[sp=Y,706] X=55,S=3,R=3,K=25,Y=55,C=14 || L2:[sp=X,5] S=3,K=1,Y=55,R=3,C=1,X=1",-3962.0,-1221.26,1,Y|X,2
C,706,X,55,S,3,K,33,R,3,Y,55,C,14,X,5,K,1,S,3,Y,55,R,3,C,1,X,1,"L1:[sp=C,706] X=55,S=3,K=33,R=3,Y=55,C=14 || L2:[sp=X,5] K=1,S=3,Y=55,R=3,C=1,X=1",-879.0,-1180.13,1,C|X,2
C,706,Y,55,K,33,S,3,X,55,R,3,C,14,C,19,Y,18,K,1,C,1,X,6,R,3,S,3,"L1:[sp=C,706] Y=55,K=33,S=3,X=55,R=3,C=14 || L2:[sp=C,19] Y=18,K=1,C=1,X=6,R=3,S=3",-62211.0,-1180.13,1,C|C,2
C,706,X,55,S,3,K,33,R,3,Y,55,C,19,X,11,S,3,K,1,Y,5,R,3,C,1,X,1,"L1:[sp=C,706] X=55,S=3,K=33,R=3,Y=55,C=19 || L2:[sp=X,11] S=3,K=1,Y=5,R=3,C=1,X=1",-43779.0,-1180.13,1,C|X,2
C,706,Y,55,S,3,K,48,R,3,X,55,C,3,C,19,S,3,K,21,Y,52,R,3,C,1,X,1,"L1:[sp=C,706] Y=55,S=3,K=48,R=3,X=55,C=3 || L2:[sp=C,19] S=3,K=21,Y=52,R=3,C=1,X=1",-975.0,-1254.09,1,C|C,2
C,706,X,55,S,3,K,33,R,3,Y,55,C,14,X,5,K,1,S,3,Y,23,R,3,C,1,X,48,"L1:[sp=C,706] X=55,S=3,K=33,R=3,Y=55,C=14 || L2:[sp=X,5] K=1,S=3,Y=23,R=3,C=1,X=48",-3096579.0,-1180.13,1,C|X,2
C,706,Y,55,S,3,K,33,X,55,R,3,C,19,C,19,Y,55,K,1,X,17,C,1,R,3,S,3,"L1:[sp=C,706] Y=55,S=3,K=33,X=55,R=3,C=19 || L2:[sp=C,19] Y=55,K=1,X=17,C=1,R=3,S=3",-11.0,-1180.13,1,C|C,2
C,706,X,24,S,3,K,42,R,3,Y,55,C,14,X,5,K,1,S,3,Y,55,R,3,X,24,C,1,"L1:[sp=C,706] X=24,S=3,K=42,R=3,Y=55,C=14 || L2:[sp=X,5] K=1,S=3,Y=55,R=3,X=24,C=1",-1393.0,-1436.54,1,C|X,2
C,706,X,55,S,3,K,37,R,3,Y,55,C,14,X,5,S,3,K,1,Y,55,R,3,C,1,X,1,"L1:[sp=C,706] X=55,S=3,K=37,R=3,Y=55,C=14 || L2:[sp=X,5] S=3,K=1,Y=55,R=3,C=1,X=1",-879.0,-1199.85,1,C|X,2
C,706,X,55,S,3,K,37,R,3,Y,55,C,14,X,5,S,3,K,1,Y,55,R,3,C,1,X,1,"L1:[sp=C,706] X=55,S=3,K=37,R=3,Y=55,C=14 || L2:[sp=X,5] S=3,K=1,Y=55,R=3,C=1,X=1",-879.0,-1199.85,1,C|X,2
C,706,Y,55,S,3,K,48,R,3,X,55,C,3,C,19,S,3,K,47,Y,52,R,3,C,1,X,1,"L1:[sp=C,706] Y=55,S=3,K=48,R=3,X=55,C=3 || L2:[sp=C,19] S=3,K=47,Y=52,R=3,C=1,X=1",-885.0,-1254.09,1,C|C,2
C,706,X,55,S,3,K,33,R,3,Y,55,C,14,X,5,C,2,S,3,Y,55,R,3,K,1,X,1,"L1:[sp=C,706] X=55,S=3,K=33,R=3,Y=55,C=14 || L2:[sp=X,5] C=2,S=3,Y=55,R=3,K=1,X=1",-413.0,-1180.13,1,C|X,2
C,706,Y,55,S,3,K,33,X,55,R,3,C,17,C,19,Y,55,K,1,X,17,C,1,R,3,S,3,"L1:[sp=C,706] Y=55,S=3,K=33,X=55,R=3,C=17 || L2:[sp=C,19] Y=55,K=1,X=17,C=1,R=3,S=3",-11.0,-1180.13,1,C|C,2
C,706,Y,55,S,3,K,33,X,55,R,3,C,19,C,19,Y,55,K,1,X,17,C,1,R,3,S,3,"L1:[sp=C,706] Y=55,S=3,K=33,X=55,R=3,C=19 || L2:[sp=C,19] Y=55,K=1,X=17,C=1,R=3,S=3",-11.0,-1180.13,1,C|C,2
C,706,Y,55,S,3,K,41,R,3,X,55,C,3,C,19,S,3,K,21,R,3,Y,52,C,1,X,1,"L1:[sp=C,706] Y=55,S=3,K=41,R=3,X=55,C=3 || L2:[sp=C,19] S=3,K=21,R=3,Y=52,C=1,X=1",-1479.0,-1219.58,1,C|C,2
C,706,S,3,Y,55,X,55,K,33,R,3,C,3,C,19,Y,55,K,1,X,17,C,2,R,3,S,3,"L1:[sp=C,706] S=3,Y=55,X=55,K=33,R=3,C=3 || L2:[sp=C,19] Y=55,K=1,X=17,C=2,R=3,S=3",-inf,-inf,0,C|C,2
C,706,Y,55,S,3,K,48,R,3,X,55,C,19,C,19,S,3,K,26,Y,55,R,3,C,1,X,1,"L1:[sp=C,706] Y=55,S=3,K=48,R=3,X=55,C=19 || L2:[sp=C,19] S=3,K=26,Y=55,R=3,C=1,X=1",-inf,-inf,0,C|C,2
C,706,X,55,S,3,K,33,R,3,Y,35,C,14,X,5,K,1,S,3,Y,35,R,3,C,1,X,1,"L1:[sp=C,706] X=55,S=3,K=33,R=3,Y=35,C=14 || L2:[sp=X,5] K=1,S=3,Y=35,R=3,C=1,X=1",-564485.0,-1194.1,1,C|X,2
C,706,X,55,S,3,K,42,R,3,Y,55,C,45,X,5,K,1,S,3,Y,55,R,3,X,19,C,1,"L1:[sp=C,706] X=55,S=3,K=42,R=3,Y=55,C=45 || L2:[sp=X,5] K=1,S=3,Y=55,R=3,X=19,C=1",-2539.0,-1224.51,1,C|X,2
C,706,Y,55,S,3,K,48,R,3,X,55,C,3,Y,55,S,3,K,21,Y,52,R,3,C,1,X,36,"L1:[sp=C,706] Y=55,S=3,K=48,R=3,X=55,C=3 || L2:[sp=Y,55] S=3,K=21,Y=52,R=3,C=1,X=36",-2729381.0,-1243.29,1,C|Y,2
C,706,X,55,S,3,K,33,R,3,Y,55,C,5,X,5,S,3,K,1,R,3,Y,55,C,2,X,12,"L1:[sp=C,706] X=55,S=3,K=33,R=3,Y=55,C=5 || L2:[sp=X,5] S=3,K=1,R=3,Y=55,C=2,X=12",-inf,-inf,0,C|X,2
Y,706,Y,55,S,3,K,47,R,3,X,55,C,63,C,19,R,3,S,3,Y,55,K,1,C,49,X,1,"L1:[sp=Y,706] Y=55,S=3,K=47,R=3,X=55,C=63 || L2:[sp=C,19] R=3,S=3,Y=55,K=1,C=49,X=1",-inf,-inf,0,Y|C,2
C,706,Y,55,S,3,K,48,R,3,X,55,C,3,C,19,S,3,K,1,Y,52,R,3,C,1,X,1,"L1:[sp=C,706] Y=55,S=3,K=48,R=3,X=55,C=3 || L2:[sp=C,19] S=3,K=1,Y=52,R=3,C=1,X=1",-1155.0,-1254.09,1,C|C,2
C,706,X,55,S,3,K,42,R,3,Y,55,C,14,X,11,K,1,S,3,Y,55,R,3,X,1,C,1,"L1:[sp=C,706] X=55,S=3,K=42,R=3,Y=55,C=14 || L2:[sp=X,11] K=1,S=3,Y=55,R=3,X=1,C=1",-879.0,-1224.51,1,C|X,2
C,706,X,55,S,3,K,33,R,3,Y,55,C,5,X,5,S,3,K,1,Y,55,R,3,C,5,X,1,"L1:[sp=C,706] X=55,S=3,K=33,R=3,Y=55,C=5 || L2:[sp=X,5] S=3,K=1,Y=55,R=3,C=5,X=1",-inf,-inf,0,C|X,2
C,706,Y,55,S,3,K,48,R,3,X,55,C,3,C,19,S,3,K,21,Y,52,X,1,C,1,R,3,"L1:[sp=C,706] Y=55,S=3,K=48,R=3,X=55,C=3 || L2:[sp=C,19] S=3,K=21,Y=52,X=1,C=1,R=3",-975.0,-1254.09,1,C|C,2
C,706,X,55,S,3,K,42,R,3,Y,55,C,14,K,14,K,1,S,3,Y,55,R,3,X,1,C,1,"L1:[sp=C,706] X=55,S=3,K=42,R=3,Y=55,C=14 || L2:[sp=K,14] K=1,S=3,Y=55,R=3,X=1,C=1",-53.0,-1224.51,1,C|K,2
C,706,Y,55,S,3,K,33,X,55,R,3,C,19,C,19,Y,55,K,1,X,17,C,1,R,3,S,3,"L1:[sp=C,706] Y=55,S=3,K=33,X=55,R=3,C=19 || L2:[sp=C,19] Y=55,K=1,X=17,C=1,R=3,S=3",-11.0,-1180.13,1,C|C,2
K,706,Y,55,S,3,K,33,X,55,R,3,C,17,C,19,Y,55,K,6,X,17,C,1,R,3,S,3,"L1:[sp=K,706] Y=55,S=3,K=33,X=55,R=3,C=17 || L2:[sp=C,19] Y=55,K=6,X=17,C=1,R=3,S=3",-inf,-inf,0,K|C,2
C,706,X,55,S,3,K,42,R,3,Y,55,C,15,X,11,K,1,S,3,Y,55,R,3,X,21,C,1,"L1:[sp=C,706] X=55,S=3,K=42,R=3,Y=55,C=15 || L2:[sp=X,11] K=1,S=3,Y=55,R=3,X=21,C=1",-583.0,-1224.51,1,C|X,2
C,706,X,55,S,3,K,33,R,3,Y,55,C,14,X,5,C,2,S,3,Y,55,R,3,K,1,X,1,"L1:[sp=C,706] X=55,S=3,K=33,R=3,Y=55,C=14 || L2:[sp=X,5] C=2,S=3,Y=55,R=3,K=1,X=1",-413.0,-1180.13,1,C|X,2
C,706,X,55,S,3,K,42,R,3,Y,55,C,14,K,14,K,1,S,3,Y,28,R,3,X,1,C,1,"L1:[sp=C,706] X=55,S=3,K=42,R=3,Y=55,C=14 || L2:[sp=K,14] K=1,S=3,Y=28,R=3,X=1,C=1",-16383.0,-1224.51,1,C|K,2
C,706,Y,55,S,3,K,33,X,55,R,3,C,17,C,19,Y,55,K,1,X,17,C,1,R,3,S,3,"L1:[sp=C,706] Y=55,S=3,K=33,X=55,R=3,C=17 || L2:[sp=C,19] Y=55,K=1,X=17,C=1,R=3,S=3",-11.0,-1180.13,1,C|C,2
C,706,X,55,S,3,K,42,R,3,Y,55,C,14,K,14,K,1,S,3,Y,55,R,3,X,1,C,1,"L1:[sp=C,706] X=55,S=3,K=42,R=3,Y=55,C=14 || L2:[sp=K,14] K=1,S=3,Y=55,R=3,X=1,C=1",-53.0,-1224.51,1,C|K,2
C,706,Y,55,S,3,K,40,R,3,X,55,C,3,C,19,S,3,K,21,Y,42,R,3,C,1,X,1,"L1:[sp=C,706] Y=55,S=3,K=40,R=3,X=55,C=3 || L2:[sp=C,19] S=3,K=21,Y=42,R=3,C=1,X=1",-8643.0,-1214.65,1,C|C,2
C,706,Y,10,S,3,K,48,R,3,X,55,C,3,C,19,S,3,K,47,Y,10,X,1,C,3,R,3,"L1:[sp=C,706] Y=10,S=3,K=48,R=3,X=55,C=3 || L2:[sp=C,19] S=3,K=47,Y=10,X=1,C=3,R=3",-79393.0,-1847.45,1,C|C,2
C,706,X,55,S,3,K,42,R,3,Y,55,C,14,K,14,K,1,S,3,Y,55,R,3,X,1,C,1,"L1:[sp=C,706] X=55,S=3,K=42,R=3,Y=55,C=14 || L2:[sp=K,14] K=1,S=3,Y=55,R=3,X=1,C=1",-53.0,-1224.51,1,C|K,2
C,706,Y,55,S,3,K,44,R,3,X,55,C,3,C,19,S,3,K,21,Y,52,X,1,C,1,R,3,"L1:[sp=C,706] Y=55,S=3,K=44,R=3,X=55,C=3 || L2:[sp=C,19] S=3,K=21,Y=52,X=1,C=1,R=3",-831.0,-1234.37,1,C|C,2
C,706,Y,55,S,3,K,48,R,3,X,55,C,30,C,19,S,3,X,1,Y,52,K,48,C,1,R,3,"L1:[sp=C,706] Y=55,S=3,K=48,R=3,X=55,C=30 || L2:[sp=C,19] S=3,X=1,Y=52,K=48,C=1,R=3",-3459.0,-1254.09,1,C|C,2
C,706,X,55,S,3,K,42,R,3,Y,55,C,3,X,11,K,1,S,3,Y,55,R,3,X,1,C,1,"L1:[sp=C,706] X=55,S=3,K=42,R=3,Y=55,C=3 || L2:[sp=X,11] K=1,S=3,Y=55,R=3,X=1,C=1",-175.0,-1224.51,1,C|X,2
C,706,X,55,S,3,K,37,R,3,Y,55,C,14,X,5,S,3,K,9,Y,55,R,3,C,1,X,1,"L1:[sp=C,706] X=55,S=3,K=37,R=3,Y=55,C=14 || L2:[sp=X,5] S=3,K=9,Y=55,R=3,C=1,X=1",-inf,-inf,0,C|X,2
C,706,Y,55,S,3,K,48,R,3,X,55,C,3,C,19,S,3,K,47,Y,52,R,3,C,1,X,38,"L1:[sp=C,706] Y=55,S=3,K=48,R=3,X=55,C=3 || L2:[sp=C,19] S=3,K=47,Y=52,R=3,C=1,X=38",-14115.0,-1254.09,1,C|C,2
C,706,Y,28,K,33,X,55,S,3,R,3,C,17,C,19,Y,28,K,1,X,17,C,3,R,3,S,3,"L1:[sp=C,706] Y=28,K=33,X=55,S=3,R=3,C=17 || L2:[sp=C,19] Y=28,K=1,X=17,C=3,R=3,S=3",-290309.0,-1262.04,1,C|C,2
C,706,Y,55,S,3,K,48,C,21,X,55,R,3,C,19,S,3,K,47,R,3,Y,52,C,2,X,1,"L1:[sp=C,706] Y=55,S=3,K=48,C=21,X=55,R=3 || L2:[sp=C,19] S=3,K=47,R=3,Y=52,C=2,X=1",-1767.0,-1254.09,1,C|C,2
C,706,X,55,S,3,K,42,R,3,Y,55,C,14,Y,5,K,1,S,3,Y,55,R,3,X,1,C,1,"L1:[sp=C,706] X=55,S=3,K=42,R=3,Y=55,C=14 || L2:[sp=Y,5] K=1,S=3,Y=55,R=3,X=1,C=1",-879.0,-1224.51,1,C|Y,2
C,706,X,55,S,3,K,64,R,3,Y,55,C,14,K,14,C,1,S,3,Y,55,R,3,X,1,K,1,"L1:[sp=C,706] X=55,S=3,K=64,R=3,Y=55,C=14 || L2:[sp=K,14] C=1,S=3,Y=55,R=3,X=1,K=1",-62.0,-1175.2,1,C|K,2
C,706,X,55,S,3,K,33,R,3,Y,55,C,14,X,5,C,2,S,3,Y,55,R,3,K,1,X,1,"L1:[sp=C,706] X=55,S=3,K=33,R=3,Y=55,C=14 || L2:[sp=X,5] C=2,S=3,Y=55,R=3,K=1,X=1",-413.0,-1180.13,1,C|X,2
C,706,Y,55,S,3,K,33,X,55,R,3,C,19,C,19,Y,55,K,1,X,17,C,1,R,3,S,3,"L1:[sp=C,706] Y=55,S=3,K=33,X=55,R=3,C=19 || L2:[sp=C,19] Y=55,K=1,X=17,C=1,R=3,S=3",-11.0,-1180.13,1,C|C,2
C,706,Y,55,S,3,K,44,R,3,X,55,C,3,C,19,S,3,K,39,Y,52,X,44,C,1,R,3,"L1:[sp=C,706] Y=55,S=3,K=44,R=3,X=55,C=3 || L2:[sp=C,19] S=3,K=39,Y=52,X=44,C=1,R=3",-8823.0,-1234.37,1,C|C,2
C,706,X,55,S,3,K,35,R,3,Y,55,C,3,X,11,K,1,S,3,Y,55,R,3,X,1,C,1,"L1:[sp=C,706] X=55,S=3,K=35,R=3,Y=55,C=3 || L2:[sp=X,11] K=1,S=3,Y=55,R=3,X=1,C=1",-175.0,-1189.99,1,C|X,2
C,706,Y,55,S,3,K,33,R,3,X,55,C,3,C,19,S,3,K,1,Y,52,X,1,C,1,R,3,"L1:[sp=C,706] Y=55,S=3,K=33,R=3,X=55,C=3 || L2:[sp=C,19] S=3,K=1,Y=52,X=1,C=1,R=3",-1155.0,-1180.13,1,C|C,2
C,706,X,1,S,3,K,44,R,3,Y,55,C,14,X,5,C,2,S,3,Y,55,R,3,K,21,X,1,"L1:[sp=C,706] X=1,S=3,K=44,R=3,Y=55,C=14 || L2:[sp=X,5] C=2,S=3,Y=55,R=3,K=21,X=1",-inf,-inf,0,C|X,2
C,706,X,55,S,3,K,33,R,3,Y,55,C,14,X,5,C,2,S,3,Y,55,R,3,K,1,X,55,"L1:[sp=C,706] X=55,S=3,K=33,R=3,Y=55,C=14 || L2:[sp=X,5] C=2,S=3,Y=55,R=3,K=1,X=55",-8067.0,-1180.13,1,C|X,2
K,706,X,55,S,3,K,42,R,3,Y,55,C,15,X,11,K,1,S,3,Y,55,R,3,X,21,C,1,"L1:[sp=K,706] X=55,S=3,K=42,R=3,Y=55,C=15 || L2:[sp=X,11] K=1,S=3,Y=55,R=3,X=21,C=1",-inf,-inf,0,K|X,2
C,706,X,55,S,3,K,42,R,3,Y,55,C,3,X,11,K,1,S,3,Y,55,R,3,X,1,C,1,"L1:[sp=C,706] X=55,S=3,K=42,R=3,Y=55,C=3 || L2:[sp=X,11] K=1,S=3,Y=55,R=3,X=1,C=1",-175.0,-1224.51,1,C|X,2
C,706,X,55,S,3,K,40,R,3,Y,55,C,14,K,14,K,1,C,1,Y,55,R,3,X,1,S,3,"L1:[sp=C,706] X=55,S=3,K=40,R=3,Y=55,C=14 || L2:[sp=K,14] K=1,C=1,Y=55,R=3,X=1,S=3",-53.0,-1214.65,1,C|K,2
C,706,X,55,S,3,K,42,R,3,Y,55,C,3,X,11,K,1,S,3,Y,55,R,3,C,1,X,1,"L1:[sp=C,706] X=55,S=3,K=42,R=3,Y=55,C=3 || L2:[sp=X,11] K=1,S=3,Y=55,R=3,C=1,X=1",-175.0,-1224.51,1,C|X,2
C,706,X,55,S,3,R,3,K,31,Y,55,C,14,K,14,C,1,S,3,Y,33,R,3,X,1,K,1,"L1:[sp=C,706] X=55,S=3,R=3,K=31,Y=55,C=14 || L2:[sp=K,14] C=1,S=3,Y=33,R=3,X=1,K=1",-18526.0,-1246.7,1,C|K,2
C,706,X,55,S,3,K,64,R,3,Y,55,C,63,K,14,C,9,S,3,Y,55,R,3,X,1,K,2,"L1:[sp=C,706] X=55,S=3,K=64,R=3,Y=55,C=63 || L2:[sp=K,14] C=9,S=3,Y=55,R=3,X=1,K=2",-inf,-inf,0,C|K,2
C,706,S,3,X,55,K,42,R,3,Y,55,C,4,X,11,K,1,S,3,Y,55,R,3,C,1,X,21,"L1:[sp=C,706] S=3,X=55,K=42,R=3,Y=55,C=4 || L2:[sp=X,11] K=1,S=3,Y=55,R=3,C=1,X=21",-inf,-inf,0,C|X,2
C,706,X,55,S,3,K,33,R,3,Y,55,C,3,X,11,K,1,S,3,Y,55,R,3,X,2,C,1,"L1:[sp=C,706] X=55,S=3,K=33,R=3,Y=55,C=3 || L2:[sp=X,11] K=1,S=3,Y=55,R=3,X=2,C=1",-157.0,-1180.13,1,C|X,2
X,706,Y,55,S,3,K,42,X,55,R,3,C,17,C,19,Y,55,K,1,X,17,C,1,R,3,S,3,"L1:[sp=X,706] Y=55,S=3,K=42,X=55,R=3,C=17 || L2:[sp=C,19] Y=55,K=1,X=17,C=1,R=3,S=3",-inf,-inf,0,X|C,2
C,706,X,55,S,3,K,64,R,3,Y,55,C,17,K,14,C,1,Y,55,S,3,R,3,X,1,K,1,"L1:[sp=C,706] X=55,S=3,K=64,R=3,Y=55,C=17 || L2:[sp=K,14] C=1,Y=55,S=3,R=3,X=1,K=1",-77.0,-1175.2,1,C|K,2
C,706,Y,55,S,3,K,21,X,55,R,3,C,14,C,19,Y,55,K,1,X,17,C,1,R,3,S,3,"L1:[sp=C,706] Y=55,S=3,K=21,X=55,R=3,C=14 || L2:[sp=C,19] Y=55,K=1,X=17,C=1,R=3,S=3",-inf,-inf,0,C|C,2
C,706,X,55,S,3,K,33,R,3,C,14,Y,55,X,55,C,3,S,3,Y,55,R,3,K,1,X,1,"L1:[sp=C,706] X=55,S=3,K=33,R=3,C=14,Y=55 || L2:[sp=X,55] C=3,S=3,Y=55,R=3,K=1,X=1",-267.0,-1180.13,1,C|X,2
C,706,Y,16,S,3,K,44,R,3,X,55,C,3,C,19,S,3,K,21,Y,7,X,1,C,1,R,3,"L1:[sp=C,706] Y=16,S=3,K=44,R=3,X=55,C=3 || L2:[sp=C,19] S=3,K=21,Y=7,X=1,C=1,R=3",-20709.0,-1562.55,1,C|C,2
C,706,Y,55,S,3,K,33,X,55,R,3,C,19,C,19,Y,55,K,1,X,17,C,1,R,3,S,3,"L1:[sp=C,706] Y=55,S=3,K=33,X=55,R=3,C=19 || L2:[sp=C,19] Y=55,K=1,X=17,C=1,R=3,S=3",-11.0,-1180.13,1,C|C,2
C,706,Y,55,S,3,K,33,X,55,R,3,C,43,C,19,Y,55,K,1,X,17,C,1,R,3,S,3,"L1:[sp=C,706] Y=55,S=3,K=33,X=55,R=3,C=43 || L2:[sp=C,19] Y=55,K=1,X=17,C=1,R=3,S=3",-139.0,-1180.13,1,C|C,2
C,706,X,55,S,3,K,42,R,3,Y,55,C,3,X,11,K,1,S,3,Y,55,R,3,X,1,C,1,"L1:[sp=C,706] X=55,S=3,K=42,R=3,Y=55,C=3 || L2:[sp=X,11] K=1,S=3,Y=55,R=3,X=1,C=1",-175.0,-1224.51,1,C|X,2
C,706,X,55,S,3,K,35,R,3,Y,55,C,3,X,11,K,1,S,3,Y,55,R,3,X,1,C,1,"L1:[sp=C,706] X=55,S=3,K=35,R=3,Y=55,C=3 || L2:[sp=X,11] K=1,S=3,Y=55,R=3,X=1,C=1",-175.0,-1189.99,1,C|X,2
C,706,X,55,S,3,K,33,R,3,Y,55,C,3,X,11,K,1,S,3,Y,55,R,3,C,1,X,2,"L1:[sp=C,706] X=55,S=3,K=33,R=3,Y=55,C=3 || L2:[sp=X,11] K=1,S=3,Y=55,R=3,C=1,X=2",-157.0,-1180.13,1,C|X,2
C,706,X,55,S,3,K,42,R,3,Y,55,C,3,X,11,K,1,S,3,Y,55,R,3,X,17,C,1,"L1:[sp=C,706] X=55,S=3,K=42,R=3,Y=55,C=3 || L2:[sp=X,11] K=1,S=3,Y=55,R=3,X=17,C=1",-inf,-inf,0,C|X,2
C,706,Y,55,S,3,K,33,X,55,R,3,C,54,C,19,Y,55,K,1,X,1,C,1,R,3,S,3,"L1:[sp=C,706] Y=55,S=3,K=33,X=55,R=3,C=54 || L2:[sp=C,19] Y=55,K=1,X=1,C=1,R=3,S=3",-175.0,-1180.13,1,C|C,2
C,706,X,55,K,12,S,3,R,3,Y,55,C,3,X,11,K,1,S,3,Y,55,R,3,X,1,C,1,"L1:[sp=C,706] X=55,K=12,S=3,R=3,Y=55,C=3 || L2:[sp=X,11] K=1,S=3,Y=55,R=3,X=1,C=1",-139.0,-1194.92,1,C|X,2
C,706,X,55,S,3,K,40,R,3,Y,55,C,14,K,4,K,1,C,1,Y,55,R,3,X,1,S,3,"L1:[sp=C,706] X=55,S=3,K=40,R=3,Y=55,C=14 || L2:[sp=K,4] K=1,C=1,Y=55,R=3,X=1,S=3",-207.0,-1214.65,1,C|K,2
C,706,X,55,S,3,K,33,R,3,C,14,Y,55,C,7,C,3,S,3,Y,55,R,3,K,1,X,1,"L1:[sp=C,706] X=55,S=3,K=33,R=3,C=14,Y=55 || L2:[sp=C,7] C=3,S=3,Y=55,R=3,K=1,X=1",-11.0,-1180.13,1,C|C,2
C,706,X,55,S,3,K,40,R,3,Y,55,C,14,K,14,K,2,Y,55,C,1,R,3,X,1,S,3,"L1:[sp=C,706] X=55,S=3,K=40,R=3,Y=55,C=14 || L2:[sp=K,14] K=2,Y=55,C=1,R=3,X=1,S=3",-inf,-inf,0,C|K,2
C,706,X,55,S,3,K,40,R,3,Y,55,C,17,K,14,K,1,C,1,Y,55,R,3,X,1,S,3,"L1:[sp=C,706] X=55,S=3,K=40,R=3,Y=55,C=17 || L2:[sp=K,14] K=1,C=1,Y=55,R=3,X=1,S=3",-68.0,-1214.65,1,C|K,2
K,706,X,55,S,3,K,64,R,3,Y,55,C,14,K,14,C,1,R,3,S,3,Y,55,X,1,K,1,"L1:[sp=K,706] X=55,S=3,K=64,R=3,Y=55,C=14 || L2:[sp=K,14] C=1,R=3,S=3,Y=55,X=1,K=1",-276.0,-1191.11,1,K|K,2
K,706,K,42,S,3,X,55,R,3,Y,55,C,3,X,11,K,1,S,3,Y,55,R,3,X,1,C,1,"L1:[sp=K,706] K=42,S=3,X=55,R=3,Y=55,C=3 || L2:[sp=X,11] K=1,S=3,Y=55,R=3,X=1,C=1",-2491.0,-1185.89,1,K|X,2
C,706,X,55,S,3,K,42,R,3,Y,55,C,3,X,11,S,3,K,1,Y,55,R,3,C,1,X,1,"L1:[sp=C,706] X=55,S=3,K=42,R=3,Y=55,C=3 || L2:[sp=X,11] S=3,K=1,Y=55,R=3,C=1,X=1",-175.0,-1224.51,1,C|X,2
C,706,C,3,S,3,K,42,R,3,Y,54,X,55,X,11,K,1,S,3,Y,54,R,3,C,1,X,1,"L1:[sp=C,706] C=3,S=3,K=42,R=3,Y=54,X=55 || L2:[sp=X,11] K=1,S=3,Y=54,R=3,C=1,X=1",-93315.0,-1224.51,1,C|X,2
K,706,X,55,S,3,K,42,R,3,Y,55,C,3,X,11,K,1,S,3,Y,55,R,3,C,3,X,1,"L1:[sp=K,706] X=55,S=3,K=42,R=3,Y=55,C=3 || L2:[sp=X,11] K=1,S=3,Y=55,R=3,C=3,X=1",-331.0,-1185.89,1,K|X,2
Y,706,Y,37,S,3,K,33,X,55,R,3,C,19,C,19,Y,3,K,1,X,17,C,1,R,3,S,3,"L1:[sp=Y,706] Y=37,S=3,K=33,X=55,R=3,C=19 || L2:[sp=C,19] Y=3,K=1,X=17,C=1,R=3,S=3",-255753.0,-1183.94,1,Y|C,2
C,706,X,55,S,3,K,64,R,3,Y,1,C,17,K,14,C,1,Y,1,S,3,R,3,X,1,K,1,"L1:[sp=C,706] X=55,S=3,K=64,R=3,Y=1,C=17 || L2:[sp=K,14] C=1,Y=1,S=3,R=3,X=1,K=1",-41365.0,-1175.2,1,C|K,2
C,706,X,55,S,3,K,33,R,3,Y,55,C,3,X,11,K,1,S,3,Y,43,R,3,X,2,C,1,"L1:[sp=C,706] X=55,S=3,K=33,R=3,Y=55,C=3 || L2:[sp=X,11] K=1,S=3,Y=43,R=3,X=2,C=1",-38019.0,-1180.13,1,C|X,2
C,706,Y,55,S,3,K,33,X,55,R,3,C,19,C,19,Y,55,K,1,X,17,C,1,R,3,S,3,"L1:[sp=C,706] Y=55,S=3,K=33,X=55,R=3,C=19 || L2:[sp=C,19] Y=55,K=1,X=17,C=1,R=3,S=3",-11.0,-1180.13,1,C|C,2
C,706,Y,55,S,3,K,33,X,55,R,3,C,43,C,19,Y,55,K,1,X,17,C,1,R,3,S,3,"L1:[sp=C,706] Y=55,S=3,K=33,X=55,R=3,C=43 || L2:[sp=C,19] Y=55,K=1,X=17,C=1,R=3,S=3",-139.0,-1180.13,1,C|C,2
C,706,X,24,R,3,K,33,S,3,Y,55,C,63,X,11,K,1,S,3,Y,55,R,3,C,1,X,2,"L1:[sp=C,706] X=24,R=3,K=33,S=3,Y=55,C=63 || L2:[sp=X,11] K=1,S=3,Y=55,R=3,C=1,X=2",-20053.0,-1347.78,1,C|X,2
C,706,X,55,S,3,K,33,Y,55,R,3,C,3,X,11,S,3,K,1,Y,32,R,3,C,3,X,2,"L1:[sp=C,706] X=55,S=3,K=33,Y=55,R=3,C=3 || L2:[sp=X,11] S=3,K=1,Y=32,R=3,C=3,X=2",-76035.0,-1180.13,1,C|X,2
C,706,X,55,S,3,K,33,R,3,C,14,Y,55,C,7,C,3,S,3,Y,55,R,3,K,1,X,51,"L1:[sp=C,706] X=55,S=3,K=33,R=3,C=14,Y=55 || L2:[sp=C,7] C=3,S=3,Y=55,R=3,K=1,X=51",-inf,-inf,0,C|C,2
C,706,X,55,S,3,K,33,R,3,C,14,Y,55,C,7,C,3,S,3,Y,55,R,3,K,15,X,29,"L1:[sp=C,706] X=55,S=3,K=33,R=3,C=14,Y=55 || L2:[sp=C,7] C=3,S=3,Y=55,R=3,K=15,X=29",-inf,-inf,0,C|C,2
C,706,X,55,K,12,S,3,R,3,Y,55,C,3,Y,5,K,1,S,3,Y,48,R,3,X,1,C,1,"L1:[sp=C,706] X=55,K=12,S=3,R=3,Y=55,C=3 || L2:[sp=Y,5] K=1,S=3,Y=48,R=3,X=1,C=1",-82951.0,-1194.92,1,C|Y,2
C,706,C,14,S,3,K,33,R,3,X,55,Y,55,X,11,K,1,S,3,Y,55,R,3,C,1,X,2,"L1:[sp=C,706] C=14,S=3,K=33,R=3,X=55,Y=55 || L2:[sp=X,11] K=1,S=3,Y=55,R=3,C=1,X=2",-861.0,-1180.13,1,C|X,2
Y,706,Y,55,S,3,K,29,X,55,R,3,C,19,C,19,Y,55,K,1,X,17,C,1,R,3,S,3,"L1:[sp=Y,706] Y=55,S=3,K=29,X=55,R=3,C=19 || L2:[sp=C,19] Y=55,K=1,X=17,C=1,R=3,S=3",-inf,-inf,0,Y|C,2
C,706,Y,38,S,3,X,41,K,33,R,3,C,19,C,19,Y,38,K,16,X,1,C,1,R,3,S,3,"L1:[sp=C,706] Y=38,S=3,X=41,K=33,R=3,C=19 || L2:[sp=C,19] Y=38,K=16,X=1,C=1,R=3,S=3",-1846809.0,-4063.34,1,C|C,2
C,706,Y,55,K,61,S,3,X,55,R,3,C,54,C,19,Y,55,K,1,X,17,C,1,R,3,S,3,"L1:[sp=C,706] Y=55,K=61,S=3,X=55,R=3,C=54 || L2:[sp=C,19] Y=55,K=1,X=17,C=1,R=3,S=3",-inf,-inf,0,C|C,2
C,706,Y,55,S,3,K,33,X,55,R,3,C,54,C,19,Y,55,K,1,X,1,C,1,R,3,S,3,"L1:[sp=C,706] Y=55,S=3,K=33,X=55,R=3,C=54 || L2:[sp=C,19] Y=55,K=1,X=1,C=1,R=3,S=3",-175.0,-1180.13,1,C|C,2
Y,706,X,55,K,12,S,3,R,3,Y,55,C,3,X,11,K,1,S,3,Y,55,R,3,X,1,C,1,"L1:[sp=Y,706] X=55,K=12,S=3,R=3,Y=55,C=3 || L2:[sp=X,11] K=1,S=3,Y=55,R=3,X=1,C=1",-inf,-inf,0,Y|X,2
C,706,X,55,S,3,K,35,R,3,Y,55,C,3,X,11,K,1,S,3,Y,55,R,3,X,1,C,1,"L1:[sp=C,706] X=55,S=3,K=35,R=3,Y=55,C=3 || L2:[sp=X,11] K=1,S=3,Y=55,R=3,X=1,C=1",-175.0,-1189.99,1,C|X,2
C,706,Y,55,S,3,C,43,X,55,R,3,K,33,C,19,Y,24,K,1,S,3,C,1,R,3,X,17,"L1:[sp=C,706] Y=55,S=3,C=43,X=55,R=3,K=33 || L2:[sp=C,19] Y=24,K=1,S=3,C=1,R=3,X=17",-31107.0,-1180.13,1,C|C,2
C,706,X,8,S,3,K,40,R,3,C,14,Y,55,C,7,C,3,S,3,Y,55,R,3,K,1,X,1,"L1:[sp=C,706] X=8,S=3,K=40,R=3,C=14,Y=55 || L2:[sp=C,7] C=3,S=3,Y=55,R=3,K=1,X=1",-3079.0,-1806.9,1,C|C,2
C,706,X,55,S,3,K,33,R,3,Y,55,C,17,K,14,K,1,C,1,Y,55,R,3,X,1,S,3,"L1:[sp=C,706] X=55,S=3,K=33,R=3,Y=55,C=17 || L2:[sp=K,14] K=1,C=1,Y=55,R=3,X=1,S=3",-85.0,-1180.13,1,C|K,2
C,706,X,55,K,12,S,3,R,3,Y,7,C,3,X,11,K,1,S,3,Y,7,R,3,X,1,C,1,"L1:[sp=C,706] X=55,K=12,S=3,R=3,Y=7,C=3 || L2:[sp=X,11] K=1,S=3,Y=7,R=3,X=1,C=1",-96817.0,-1262.59,1,C|X,2
C,706,X,55,S,3,K,33,R,3,C,14,Y,55,C,7,C,3,S,3,Y,55,R,3,K,1,X,1,"L1:[sp=C,706] X=55,S=3,K=33,R=3,C=14,Y=55 || L2:[sp=C,7] C=3,S=3,Y=55,R=3,K=1,X=1",-11.0,-1180.13,1,C|C,2
C,706,Y,49,S,3,K,33,X,55,R,3,C,43,C,19,Y,49,K,1,X,17,C,1,R,3,S,3,"L1:[sp=C,706] Y=49,S=3,K=33,X=55,R=3,C=43 || L2:[sp=C,19] Y=49,K=1,X=17,C=1,R=3,S=3",-508037.0,-1273.54,1,C|C,2
C,706,C,3,K,12,S,3,R,3,Y,24,X,55,X,11,K,1,S,3,Y,21,R,3,X,1,C,1,"L1:[sp=C,706] C=3,K=12,S=3,R=3,Y=24,X=55 || L2:[sp=X,11] K=1,S=3,Y=21,R=3,X=1,C=1",-88147.0,-1265.6,1,C|X,2
C,706,Y,55,S,3,K,33,X,55,R,3,C,19,C,19,Y,55,K,1,X,17,C,1,R,3,S,3,"L1:[sp=C,706] Y=55,S=3,K=33,X=55,R=3,C=19 || L2:[sp=C,19] Y=55,K=1,X=17,C=1,R=3,S=3",-11.0,-1180.13,1,C|C,2
C,706,Y,55,S,3,K,33,X,55,R,3,C,54,C,19,Y,55,K,28,X,1,C,1,R,3,S,3,"L1:[sp=C,706] Y=55,S=3,K=33,X=55,R=3,C=54 || L2:[sp=C,19] Y=55,K=28,X=1,C=1,R=3,S=3",-inf,-inf,0,C|C,2
C,706,Y,55,S,3,K,33,X,55,R,3,C,19,C,19,Y,5,K,10,X,17,C,1,R,3,S,3,"L1:[sp=C,706] Y=55,S=3,K=33,X=55,R=3,C=19 || L2:[sp=C,19] Y=5,K=10,X=17,C=1,R=3,S=3",-7131.0,-1180.13,1,C|C,2
K,706,X,55,S,3,K,33,Y,55,C,14,R,3,C,7,C,3,S,3,Y,29,R,3,K,1,X,1,"L1:[sp=K,706] X=55,S=3,K=33,Y=55,C=14,R=3 || L2:[sp=C,7] C=3,S=3,Y=29,R=3,K=1,X=1",-111381.0,-1191.11,1,K|C,2
C,706,Y,55,S,3,K,13,C,54,R,3,X,55,C,19,Y,55,X,1,K,1,C,1,R,3,S,3,"L1:[sp=C,706] Y=55,S=3,K=13,C=54,R=3,X=55 || L2:[sp=C,19] Y=55,X=1,K=1,C=1,R=3,S=3",-148.0,-1177.66,1,C|C,2
C,706,Y,55,S,3,K,33,X,55,R,3,C,14,C,19,K,1,Y,55,X,1,C,8,S,3,R,3,"L1:[sp=C,706] Y=55,S=3,K=33,X=55,R=3,C=14 || L2:[sp=C,19] K=1,Y=55,X=1,C=8,S=3,R=3",-inf,-inf,0,C|C,2
C,706,Y,55,S,3,K,33,R,3,C,61,X,55,C,7,C,1,S,3,Y,55,R,3,K,1,X,1,"L1:[sp=C,706] Y=55,S=3,K=33,R=3,C=61,X=55 || L2:[sp=C,7] C=1,S=3,Y=55,R=3,K=1,X=1",-559.0,-1180.13,1,C|C,2
C,706,Y,55,S,3,K,33,X,55,R,3,C,43,C,19,Y,55,K,1,X,17,C,1,R,3,S,3,"L1:[sp=C,706] Y=55,S=3,K=33,X=55,R=3,C=43 || L2:[sp=C,19] Y=55,K=1,X=17,C=1,R=3,S=3",-139.0,-1180.13,1,C|C,2
C,706,X,48,S,3,K,33,Y,55,R,3,C,54,C,19,Y,55,K,1,X,1,C,2,R,3,S,3,"L1:[sp=C,706] X=48,S=3,K=33,Y=55,R=3,C=54 || L2:[sp=C,19] Y=55,K=1,X=1,C=2,R=3,S=3",-6841.0,-1273.0,1,C|C,2
C,706,X,8,S,3,K,40,R,3,C,14,Y,16,C,7,C,3,S,3,Y,16,R,3,K,1,X,1,"L1:[sp=C,706] X=8,S=3,K=40,R=3,C=14,Y=16 || L2:[sp=C,7] C=3,S=3,Y=16,R=3,K=1,X=1",-5972025.0,-4790.65,1,C|C,2
C,706,Y,55,S,3,K,1,X,37,R,3,C,19,C,19,Y,55,K,1,X,17,C,1,R,3,S,3,"L1:[sp=C,706] Y=55,S=3,K=1,X=37,R=3,C=19 || L2:[sp=C,19] Y=55,K=1,X=17,C=1,R=3,S=3",-inf,-inf,0,C|C,2
C,706,X,55,C,17,K,33,R,3,Y,55,S,3,K,14,K,1,C,1,Y,55,R,3,X,1,S,3,"L1:[sp=C,706] X=55,C=17,K=33,R=3,Y=55,S=3 || L2:[sp=K,14] K=1,C=1,Y=55,R=3,X=1,S=3",-85.0,-1180.13,1,C|K,2
C,706,C,14,S,3,K,33,R,3,X,55,Y,55,X,11,K,1,S,3,Y,34,R,3,C,1,X,2,"L1:[sp=C,706] C=14,S=3,K=33,R=3,X=55,Y=55 || L2:[sp=X,11] K=1,S=3,Y=34,R=3,C=1,X=2",-322563.0,-1180.13,1,C|X,2
C,706,C,54,S,3,K,56,X,55,R,3,Y,55,C,19,Y,55,K,1,X,1,C,1,R,3,S,3,"L1:[sp=C,706] C=54,S=3,K=56,X=55,R=3,Y=55 || L2:[sp=C,19] Y=55,K=1,X=1,C=1,R=3,S=3",-175.0,-1293.54,1,C|C,2
C,706,X,8,S,3,K,40,R,3,C,14,Y,55,C,7,C,3,S,3,Y,55,R,3,K,1,X,1,"L1:[sp=C,706] X=8,S=3,K=40,R=3,C=14,Y=55 || L2:[sp=C,7] C=3,S=3,Y=55,R=3,K=1,X=1",-3079.0,-1806.9,1,C|C,2
C,706,Y,43,S,3,K,33,X,55,R,3,C,54,C,19,Y,43,K,1,X,1,C,1,R,3,S,3,"L1:[sp=C,706] Y=43,S=3,K=33,X=55,R=3,C=54 || L2:[sp=C,19] Y=43,K=1,X=1,C=1,R=3,S=3",-148613.0,-1270.26,1,C|C,2
C,706,Y,22,S,3,K,33,X,55,R,3,C,19,C,19,Y,22,K,1,X,17,C,1,R,3,S,3,"L1:[sp=C,706] Y=22,S=3,K=33,X=55,R=3,C=19 || L2:[sp=C,19] Y=22,K=1,X=17,C=1,R=3,S=3",-114055.0,-1346.14,1,C|C,2
C,706,X,8,S,3,K,40,R,3,C,14,Y,55,X,8,C,3,S,3,Y,55,R,3,K,1,X,1,"L1:[sp=C,706] X=8,S=3,K=40,R=3,C=14,Y=55 || L2:[sp=X,8] C=3,S=3,Y=55,R=3,K=1,X=1",-1863.0,-1806.9,1,C|X,2
C,706,X,55,S,3,K,45,R,3,Y,55,C,3,X,11,K,1,S,3,Y,55,X,1,R,3,C,1,"L1:[sp=C,706] X=55,S=3,K=45,R=3,Y=55,C=3 || L2:[sp=X,11] K=1,S=3,Y=55,X=1,R=3,C=1",-175.0,-1239.3,1,C|X,2
Y,706,X,55,S,3,K,35,R,3,Y,55,C,14,X,11,K,1,S,3,Y,4,R,3,X,1,C,1,"L1:[sp=Y,706] X=55,S=3,K=35,R=3,Y=55,C=14 || L2:[sp=X,11] K=1,S=3,Y=4,R=3,X=1,C=1",-73739.0,-1207.53,1,Y|X,2
C,706,C,3,S,3,K,33,R,3,X,55,Y,55,X,11,K,1,S,3,Y,55,R,3,C,1,X,2,"L1:[sp=C,706] C=3,S=3,K=33,R=3,X=55,Y=55 || L2:[sp=X,11] K=1,S=3,Y=55,R=3,C=1,X=2",-157.0,-1180.13,1,C|X,2
C,706,Y,55,S,3,K,33,X,55,R,3,C,19,C,19,Y,55,K,1,X,17,C,1,R,3,S,3,"L1:[sp=C,706] Y=55,S=3,K=33,X=55,R=3,C=19 || L2:[sp=C,19] Y=55,K=1,X=17,C=1,R=3,S=3",-11.0,-1180.13,1,C|C,2
C,706,X,55,C,43,K,33,R,3,Y,55,S,3,K,14,K,1,C,1,Y,55,R,3,X,1,S,3,"L1:[sp=C,706] X=55,C=43,K=33,R=3,Y=55,S=3 || L2:[sp=K,14] K=1,C=1,Y=55,R=3,X=1,S=3",-241.0,-1180.13,1,C|K,2
C,706,Y,55,S,3,K,33,X,55,R,3,C,17,Y,5,Y,54,K,1,X,17,C,1,R,3,S,3,"L1:[sp=C,706] Y=55,S=3,K=33,X=55,R=3,C=17 || L2:[sp=Y,5] Y=54,K=1,X=17,C=1,R=3,S=3",-1586307.0,-1180.13,1,C|Y,2
C,706,X,55,C,17,K,33,R,3,Y,55,S,3,K,14,Y,55,C,1,K,1,R,3,X,2,S,3,"L1:[sp=C,706] X=55,C=17,K=33,R=3,Y=55,S=3 || L2:[sp=K,14] Y=55,C=1,K=1,R=3,X=2,S=3",-67.0,-1180.13,1,C|K,2
C,706,X,55,S,3,K,33,R,3,C,3,Y,55,X,11,K,1,S,3,Y,55,R,3,C,1,X,1,"L1:[sp=C,706] X=55,S=3,K=33,R=3,C=3,Y=55 || L2:[sp=X,11] K=1,S=3,Y=55,R=3,C=1,X=1",-175.0,-1180.13,1,C|X,2
C,706,Y,55,S,3,K,33,X,55,R,3,C,43,C,19,Y,55,K,1,X,17,C,1,R,3,S,3,"L1:[sp=C,706] Y=55,S=3,K=33,X=55,R=3,C=43 || L2:[sp=C,19] Y=55,K=1,X=17,C=1,R=3,S=3",-139.0,-1180.13,1,C|C,2
C,706,Y,55,S,3,K,13,C,54,R,3,X,55,C,19,Y,55,X,1,K,1,C,1,R,3,S,3,"L1:[sp=C,706] Y=55,S=3,K=13,C=54,R=3,X=55 || L2:[sp=C,19] Y=55,X=1,K=1,C=1,R=3,S=3",-148.0,-1177.66,1,C|C,2
C,706,X,55,C,17,K,33,R,3,Y,55,S,3,K,14,K,1,Y,55,C,1,R,3,X,1,S,3,"L1:[sp=C,706] X=55,C=17,K=33,R=3,Y=55,S=3 || L2:[sp=K,14] K=1,Y=55,C=1,R=3,X=1,S=3",-85.0,-1180.13,1,C|K,2
C,706,C,61,S,3,K,33,R,3,X,55,Y,55,C,7,C,47,R,3,Y,55,S,3,K,1,X,1,"L1:[sp=C,706] C=61,S=3,K=33,R=3,X=55,Y=55 || L2:[sp=C,7] C=47,R=3,Y=55,S=3,K=1,X=1",-inf,-inf,0,C|C,2
C,706,X,55,C,17,K,33,R,3,Y,55,S,3,K,14,K,2,C,1,Y,55,R,3,X,1,S,3,"L1:[sp=C,706] X=55,C=17,K=33,R=3,Y=55,S=3 || L2:[sp=K,14] K=2,C=1,Y=55,R=3,X=1,S=3",-33.0,-1180.13,1,C|K,2
C,706,C,3,S,3,K,33,R,3,X,55,Y,55,X,11,K,1,S,3,Y,55,R,3,C,1,X,2,"L1:[sp=C,706] C=3,S=3,K=33,R=3,X=55,Y=55 || L2:[sp=X,11] K=1,S=3,Y=55,R=3,C=1,X=2",-157.0,-1180.13,1,C|X,2
C,706,C,41,S,3,K,56,X,55,R,3,Y,55,C,19,Y,55,K,1,X,1,C,1,R,3,S,3,"L1:[sp=C,706] C=41,S=3,K=56,X=55,R=3,Y=55 || L2:[sp=C,19] Y=55,K=1,X=1,C=1,R=3,S=3",-175.0,-1293.54,1,C|C,2
C,706,Y,55,S,3,K,33,X,55,R,3,C,43,C,19,Y,55,K,1,C,1,X,15,R,3,S,3,"L1:[sp=C,706] Y=55,S=3,K=33,X=55,R=3,C=43 || L2:[sp=C,19] Y=55,K=1,C=1,X=15,R=3,S=3",-31.0,-1180.13,1,C|C,2
C,706,X,55,S,3,K,45,R,3,Y,55,C,3,X,5,K,1,S,3,X,1,Y,55,R,3,C,1,"L1:[sp=C,706] X=55,S=3,K=45,R=3,Y=55,C=3 || L2:[sp=X,5] K=1,S=3,X=1,Y=55,R=3,C=1",-175.0,-1239.3,1,C|X,2
C,706,Y,55,S,3,K,33,R,3,C,61,X,55,C,7,C,1,S,3,Y,55,R,3,K,27,X,1,"L1:[sp=C,706] Y=55,S=3,K=33,R=3,C=61,X=55 || L2:[sp=C,7] C=1,S=3,Y=55,R=3,K=27,X=1",-inf,-inf,0,C|C,2
C,706,Y,55,S,3,K,33,X,55,R,3,C,17,C,17,Y,26,K,1,X,17,C,1,R,3,S,3,"L1:[sp=C,706] Y=55,S=3,K=33,X=55,R=3,C=17 || L2:[sp=C,17] Y=26,K=1,X=17,C=1,R=3,S=3",-3459.0,-1180.13,1,C|C,2
C,706,X,5,C,43,K,59,R,3,Y,55,S,3,K,14,K,1,C,1,S,3,R,3,X,1,Y,55,"L1:[sp=C,706] X=5,C=43,K=59,R=3,Y=55,S=3 || L2:[sp=K,14] K=1,C=1,S=3,R=3,X=1,Y=55",-13735.0,-2763.22,1,C|K,2
C,706,C,54,S,3,K,56,X,55,R,3,Y,55,C,19,Y,55,K,24,X,1,C,1,R,3,S,3,"L1:[sp=C,706] C=54,S=3,K=56,X=55,R=3,Y=55 || L2:[sp=C,19] Y=55,K=24,X=1,C=1,R=3,S=3",-inf,-inf,0,C|C,2
C,706,C,3,S,3,K,33,R,3,X,52,Y,55,X,11,K,1,S,3,Y,55,R,3,C,1,X,2,"L1:[sp=C,706] C=3,S=3,K=33,R=3,X=52,Y=55 || L2:[sp=X,11] K=1,S=3,Y=55,R=3,C=1,X=2",-697.0,-1208.07,1,C|X,2
Y,706,C,3,S,3,K,33,R,3,X,55,Y,55,X,11,K,1,S,3,Y,55,R,3,C,1,X,1,"L1:[sp=Y,706] C=3,S=3,K=33,R=3,X=55,Y=55 || L2:[sp=X,11] K=1,S=3,Y=55,R=3,C=1,X=1",-3701.0,-1190.98,1,Y|X,2
C,706,X,55,S,3,K,45,R,3,Y,55,C,3,X,11,K,1,S,3,Y,55,X,2,R,3,C,1,"L1:[sp=C,706] X=55,S=3,K=45,R=3,Y=55,C=3 || L2:[sp=X,11] K=1,S=3,Y=55,X=2,R=3,C=1",-157.0,-1239.3,1,C|X,2
C,706,Y,55,S,3,K,33,X,55,R,3,C,19,C,19,Y,55,K,1,X,17,C,1,R,3,S,3,"L1:[sp=C,706] Y=55,S=3,K=33,X=55,R=3,C=19 || L2:[sp=C,19] Y=55,K=1,X=17,C=1,R=3,S=3",-11.0,-1180.13,1,C|C,2
C,706,Y,55,S,3,K,33,X,15,R,3,C,19,C,19,Y,55,K,1,X,15,C,1,R,3,S,3,"L1:[sp=C,706] Y=55,S=3,K=33,X=15,R=3,C=19 || L2:[sp=C,19] Y=55,K=1,X=15,C=1,R=3,S=3",-inf,-inf,0,C|C,2
C,706,C,3,S,3,K,33,R,3,X,55,Y,35,X,11,K,1,S,3,Y,35,R,3,C,1,X,2,"L1:[sp=C,706] C=3,S=3,K=33,R=3,X=55,Y=35 || L2:[sp=X,11] K=1,S=3,Y=35,R=3,C=1,X=2",-241925.0,-1194.1,1,C|X,2
C,706,Y,55,S,3,K,33,X,55,R,3,C,43,C,1,Y,55,K,1,C,1,X,15,R,3,S,3,"L1:[sp=C,706] Y=55,S=3,K=33,X=55,R=3,C=43 || L2:[sp=C,1] Y=55,K=1,C=1,X=15,R=3,S=3",-2591.0,-1180.13,1,C|C,2
C,706,C,54,S,3,Y,8,K,13,R,3,X,55,C,19,Y,8,C,1,K,1,X,1,R,3,S,3,"L1:[sp=C,706] C=54,S=3,Y=8,K=13,R=3,X=55 || L2:[sp=C,19] Y=8,C=1,K=1,X=1,R=3,S=3",-96804.0,-1947.43,1,C|C,2
C,706,X,55,C,17,K,33,R,3,Y,55,S,3,K,14,K,2,C,1,Y,55,R,3,X,48,S,3,"L1:[sp=C,706] X=55,C=17,K=33,R=3,Y=55,S=3 || L2:[sp=K,14] K=2,C=1,Y=55,R=3,X=48,S=3",-inf,-inf,0,C|K,2
C,706,X,13,C,17,K,33,R,3,Y,55,S,3,K,14,X,1,Y,55,C,1,R,3,K,1,S,3,"L1:[sp=C,706] X=13,C=17,K=33,R=3,Y=55,S=3 || L2:[sp=K,14] X=1,Y=55,C=1,R=3,K=1,S=3",-5419.0,-1508.58,1,C|K,2
C,706,Y,55,C,43,K,33,X,55,R,3,S,3,C,19,Y,55,K,1,C,1,X,15,R,3,S,3,"L1:[sp=C,706] Y=55,C=43,K=33,X=55,R=3,S=3 || L2:[sp=C,19] Y=55,K=1,C=1,X=15,R=3,S=3",-31.0,-1180.13,1,C|C,2
X,706,X,55,C,17,K,33,R,3,Y,55,S,3,K,14,K,2,C,1,Y,55,R,3,X,1,S,3,"L1:[sp=X,706] X=55,C=17,K=33,R=3,Y=55,S=3 || L2:[sp=K,14] K=2,C=1,Y=55,R=3,X=1,S=3",-113.0,-1191.14,1,X|K,2
C,706,X,55,C,14,K,33,R,3,Y,55,S,3,K,14,Y,55,C,1,K,1,R,3,X,19,S,3,"L1:[sp=C,706] X=55,C=14,K=33,R=3,Y=55,S=3 || L2:[sp=K,14] Y=55,C=1,K=1,R=3,X=19,S=3",-inf,-inf,0,C|K,2
C,706,Y,55,S,3,K,33,X,55,R,3,C,19,K,3,Y,55,K,1,X,17,C,1,R,3,S,3,"L1:[sp=C,706] Y=55,S=3,K=33,X=55,R=3,C=19 || L2:[sp=K,3] Y=55,K=1,X=17,C=1,R=3,S=3",-365.0,-1180.13,1,C|K,2
C,706,Y,12,S,3,K,33,X,55,R,3,C,43,C,19,Y,12,K,1,C,1,X,15,R,3,S,3,"L1:[sp=C,706] Y=12,S=3,K=33,X=55,R=3,C=43 || L2:[sp=C,19] Y=12,K=1,C=1,X=15,R=3,S=3",-933131.0,-1507.21,1,C|C,2
C,706,C,14,S,3,K,33,R,3,X,55,Y,55,X,11,R,3,S,3,Y,55,K,1,C,1,X,2,"L1:[sp=C,706] C=14,S=3,K=33,R=3,X=55,Y=55 || L2:[sp=X,11] R=3,S=3,Y=55,K=1,C=1,X=2",-861.0,-1180.13,1,C|X,2
C,706,X,55,C,3,K,46,R,3,Y,55,S,3,K,14,S,3,C,1,Y,55,R,3,X,1,K,8,"L1:[sp=C,706] X=55,C=3,K=46,R=3,Y=55,S=3 || L2:[sp=K,14] S=3,C=1,Y=55,R=3,X=1,K=8",-inf,-inf,0,C|K,2
C,706,C,37,S,3,K,33,R,3,X,55,Y,55,X,11,K,1,S,3,Y,55,R,3,C,1,X,2,"L1:[sp=C,706] C=37,S=3,K=33,R=3,X=55,Y=55 || L2:[sp=X,11] K=1,S=3,Y=55,R=3,C=1,X=2",-2333.0,-1180.13,1,C|X,2
C,706,Y,55,S,3,K,33,X,55,R,3,C,43,C,19,Y,55,K,11,X,2,C,1,R,3,S,3,"L1:[sp=C,706] Y=55,S=3,K=33,X=55,R=3,C=43 || L2:[sp=C,19] Y=55,K=11,X=2,C=1,R=3,S=3",-inf,-inf,0,C|C,2
X,706,C,3,S,3,K,33,R,3,X,55,Y,55,X,11,K,1,S,3,Y,55,R,3,C,1,X,17,"L1:[sp=X,706] C=3,S=3,K=33,R=3,X=55,Y=55 || L2:[sp=X,11] K=1,S=3,Y=55,R=3,C=1,X=17",-inf,-inf,0,X|X,2
C,706,Y,55,S,3,K,13,C,54,R,3,X,55,C,19,Y,55,X,17,K,1,C,1,R,3,S,3,"L1:[sp=C,706] Y=55,S=3,K=13,C=54,R=3,X=55 || L2:[sp=C,19] Y=55,X=17,K=1,C=1,R=3,S=3",-58.0,-1177.66,1,C|C,2
C,706,X,55,C,17,K,33,R,3,Y,55,S,3,X,5,K,1,Y,55,C,9,R,3,X,19,S,3,"L1:[sp=C,706] X=55,C=17,K=33,R=3,Y=55,S=3 || L2:[sp=X,5] K=1,Y=55,C=9,R=3,X=19,S=3",-inf,-inf,0,C|X,2
C,706,X,55,C,17,K,33,R,3,Y,31,S,3,K,14,K,1,Y,31,C,1,R,3,X,1,S,3,"L1:[sp=C,706] X=55,C=17,K=33,R=3,Y=31,S=3 || L2:[sp=K,14] K=1,Y=31,C=1,R=3,X=1,S=3",-56921.0,-1190.81,1,C|K,2
C,706,C,3,S,3,K,33,R,3,X,55,Y,55,X,11,K,1,S,3,Y,55,R,3,C,1,X,2,"L1:[sp=C,706] C=3,S=3,K=33,R=3,X=55,Y=55 || L2:[sp=X,11] K=1,S=3,Y=55,R=3,C=1,X=2",-157.0,-1180.13,1,C|X,2
C,706,Y,55,S,3,K,33,X,55,R,3,C,19,C,19,Y,55,K,1,X,17,C,1,R,3,S,3,"L1:[sp=C,706] Y=55,S=3,K=33,X=55,R=3,C=19 || L2:[sp=C,19] Y=55,K=1,X=17,C=1,R=3,S=3",-11.0,-1180.13,1,C|C,2
X,706,X,55,C,37,K,33,R,3,Y,55,S,3,K,14,K,2,C,1,Y,55,R,3,X,1,S,3,"L1:[sp=X,706] X=55,C=37,K=33,R=3,Y=55,S=3 || L2:[sp=K,14] K=2,C=1,Y=55,R=3,X=1,S=3",-185.0,-1205.87,1,X|K,2
C,706,R,3,S,3,K,33,C,23,X,55,Y,55,X,11,K,1,S,3,Y,55,R,3,C,1,X,2,"L1:[sp=C,706] R=3,S=3,K=33,C=23,X=55,Y=55 || L2:[sp=X,11] K=1,S=3,Y=55,R=3,C=1,X=2",-1437.0,-1180.13,1,C|X,2
K,706,Y,55,S,3,K,13,C,54,R,3,X,55,C,19,Y,55,X,16,K,1,C,1,R,3,S,3,"L1:[sp=K,706] Y=55,S=3,K=13,C=54,R=3,X=55 || L2:[sp=C,19] Y=55,X=16,K=1,C=1,R=3,S=3",-inf,-inf,0,K|C,2
C,706,Y,55,C,43,K,60,X,55,R,3,S,3,C,19,Y,55,K,1,C,1,X,17,R,3,S,3,"L1:[sp=C,706] Y=55,C=43,K=60,X=55,R=3,S=3 || L2:[sp=C,19] Y=55,K=1,C=1,X=17,R=3,S=3",-inf,-inf,0,C|C,2
C,706,C,3,Y,55,K,41,R,3,X,55,S,3,X,11,K,1,S,3,Y,55,R,3,C,1,X,2,"L1:[sp=C,706] C=3,Y=55,K=41,R=3,X=55,S=3 || L2:[sp=X,11] K=1,S=3,Y=55,R=3,C=1,X=2",-157.0,-1219.58,1,C|X,2
X,706,X,55,C,17,K,33,R,3,Y,55,S,3,K,14,K,2,C,1,Y,55,R,3,X,1,S,3,"L1:[sp=X,706] X=55,C=17,K=33,R=3,Y=55,S=3 || L2:[sp=K,14] K=2,C=1,Y=55,R=3,X=1,S=3",-113.0,-1191.14,1,X|K,2
C,706,Y,55,S,3,K,13,C,54,R,3,X,6,C,19,Y,55,X,6,K,1,C,1,S,3,R,3,"L1:[sp=C,706] Y=55,S=3,K=13,C=54,R=3,X=6 || L2:[sp=C,19] Y=55,X=6,K=1,C=1,S=3,R=3",-inf,-inf,0,C|C,2
C,706,K,33,S,3,Y,55,X,55,R,3,C,19,C,19,Y,55,K,1,X,17,C,1,R,3,S,3,"L1:[sp=C,706] K=33,S=3,Y=55,X=55,R=3,C=19 || L2:[sp=C,19] Y=55,K=1,X=17,C=1,R=3,S=3",-11.0,-1180.13,1,C|C,2
X,706,X,55,C,17,K,33,R,3,Y,55,S,3,K,14,K,2,C,1,Y,55,R,3,X,1,S,3,"L1:[sp=X,706] X=55,C=17,K=33,R=3,Y=55,S=3 || L2:[sp=K,14] K=2,C=1,Y=55,R=3,X=1,S=3",-113.0,-1191.14,1,X|K,2
C,706,Y,55,S,3,K,33,C,19,R,3,X,55,C,1,Y,55,K,1,X,17,C,1,R,3,S,3,"L1:[sp=C,706] Y=55,S=3,K=33,C=19,R=3,X=55 || L2:[sp=C,1] Y=55,K=1,X=17,C=1,R=3,S=3",-1163.0,-1180.13,1,C|C,2
X,706,X,55,C,17,K,33,R,3,Y,55,S,3,K,14,K,2,C,1,Y,30,R,3,X,15,S,3,"L1:[sp=X,706] X=55,C=17,K=33,R=3,Y=55,S=3 || L2:[sp=K,14] K=2,C=1,Y=30,R=3,X=15,S=3",-995337.0,-1191.14,1,X|K,2
C,706,Y,26,C,43,K,33,X,55,R,3,S,3,C,19,Y,26,K,1,C,1,X,1,R,3,S,3,"L1:[sp=C,706] Y=26,C=43,K=33,X=55,R=3,S=3 || L2:[sp=C,19] Y=26,K=1,C=1,X=1,R=3,S=3",-134791.0,-1349.42,1,C|C,2
C,706,Y,55,S,3,K,60,X,55,R,3,C,19,C,19,Y,55,K,1,X,2,C,1,R,3,S,3,"L1:[sp=C,706] Y=55,S=3,K=60,X=55,R=3,C=19 || L2:[sp=C,19] Y=55,K=1,X=2,C=1,R=3,S=3",-inf,-inf,0,C|C,2
C,706,C,14,S,3,K,33,R,3,X,55,Y,55,C,1,R,3,S,3,Y,55,K,1,C,1,X,17,"L1:[sp=C,706] C=14,S=3,K=33,R=3,X=55,Y=55 || L2:[sp=C,1] R=3,S=3,Y=55,K=1,C=1,X=17",-843.0,-1180.13,1,C|C,2
C,706,C,37,R,3,K,33,S,3,X,55,Y,55,X,11,X,2,Y,55,S,3,R,3,C,1,K,1,"L1:[sp=C,706] C=37,R=3,K=33,S=3,X=55,Y=55 || L2:[sp=X,11] X=2,Y=55,S=3,R=3,C=1,K=1",-2333.0,-1180.13,1,C|X,2
C,706,C,19,S,3,K,33,X,55,R,3,Y,8,C,19,Y,8,K,1,X,17,C,17,R,3,S,3,"L1:[sp=C,706] C=19,S=3,K=33,X=55,R=3,Y=8 || L2:[sp=C,19] Y=8,K=1,X=17,C=17,R=3,S=3",-1645071.0,-1193.83,1,C|C,2
C,706,Y,55,C,43,K,33,X,55,R,3,S,3,C,19,Y,55,K,1,C,1,X,17,R,3,S,3,"L1:[sp=C,706] Y=55,C=43,K=33,X=55,R=3,S=3 || L2:[sp=C,19] Y=55,K=1,C=1,X=17,R=3,S=3",-139.0,-1180.13,1,C|C,2
X,706,Y,55,S,3,K,13,C,54,R,3,X,55,X,1,Y,55,X,15,K,1,C,1,R,3,S,3,"L1:[sp=X,706] Y=55,S=3,K=13,C=54,R=3,X=55 || L2:[sp=X,1] Y=55,X=15,K=1,C=1,R=3,S=3",-3287.0,-1289.23,1,X|X,2
C,706,C,14,S,3,K,33,R,3,X,55,Y,55,X,11,R,3,S,3,X,2,K,1,C,1,Y,55,"L1:[sp=C,706] C=14,S=3,K=33,R=3,X=55,Y=55 || L2:[sp=X,11] R=3,S=3,X=2,K=1,C=1,Y=55",-861.0,-1180.13,1,C|X,2
C,706,Y,55,S,3,K,33,X,55,R,3,C,19,C,19,Y,55,K,1,X,27,C,1,R,3,S,3,"L1:[sp=C,706] Y=55,S=3,K=33,X=55,R=3,C=19 || L2:[sp=C,19] Y=55,K=1,X=27,C=1,R=3,S=3",-inf,-inf,0,C|C,2
C,706,Y,55,S,3,K,33,X,55,R,3,C,19,C,19,Y,55,K,1,X,17,C,1,R,3,S,3,"L1:[sp=C,706] Y=55,S=3,K=33,X=55,R=3,C=19 || L2:[sp=C,19] Y=55,K=1,X=17,C=1,R=3,S=3",-11.0,-1180.13,1,C|C,2
C,706,Y,55,R,3,K,33,X,55,S,3,C,19,C,19,Y,55,K,1,X,17,C,1,R,3,S,3,"L1:[sp=C,706] Y=55,R=3,K=33,X=55,S=3,C=19 || L2:[sp=C,19] Y=55,K=1,X=17,C=1,R=3,S=3",-11.0,-1180.13,1,C|C,2
C,706,C,14,S,3,K,33,R,3,X,55,Y,55,C,1,R,3,X,17,Y,55,K,1,C,1,S,3,"L1:[sp=C,706] C=14,S=3,K=33,R=3,X=55,Y=55 || L2:[sp=C,1] R=3,X=17,Y=55,K=1,C=1,S=3",-843.0,-1180.13,1,C|C,2
Y,706,C,14,S,3,K,33,R,3,X,55,Y,55,C,1,R,3,S,3,Y,55,K,1,C,1,X,17,"L1:[sp=Y,706] C=14,S=3,K=33,R=3,X=55,Y=55 || L2:[sp=C,1] R=3,S=3,Y=55,K=1,C=1,X=17",-3827.0,-1196.51,1,Y|C,2
X,706,X,55,C,17,K,33,R,3,Y,55,S,3,X,11,K,2,C,1,Y,55,R,3,X,1,S,3,"L1:[sp=X,706] X=55,C=17,K=33,R=3,Y=55,S=3 || L2:[sp=X,11] K=2,C=1,Y=55,R=3,X=1,S=3",-1969.0,-1191.14,1,X|X,2
X,706,X,55,C,17,K,33,R,3,Y,15,S,3,K,14,K,2,C,1,Y,15,R,3,X,1,S,3,"L1:[sp=X,706] X=55,C=17,K=33,R=3,Y=15,S=3 || L2:[sp=K,14] K=2,C=1,Y=15,R=3,X=1,S=3",-276513.0,-1161.72,1,X|K,2
C,706,Y,55,C,38,K,33,X,29,R,3,S,3,C,19,Y,55,K,1,C,1,X,17,R,3,S,3,"L1:[sp=C,706] Y=55,C=38,K=33,X=29,R=3,S=3 || L2:[sp=C,19] Y=55,K=1,C=1,X=17,R=3,S=3",-inf,-inf,0,C|C,2
X,706,X,28,C,37,K,33,R,3,Y,55,S,3,K,14,R,3,C,1,Y,55,K,2,X,1,S,3,"L1:[sp=X,706] X=28,C=37,K=33,R=3,Y=55,S=3 || L2:[sp=K,14] R=3,C=1,Y=55,K=2,X=1,S=3",-7097.0,-1193.79,1,X|K,2
C,706,C,14,R,3,K,45,S,3,X,55,Y,55,X,11,R,3,S,3,X,2,K,1,C,1,Y,44,"L1:[sp=C,706] C=14,R=3,K=45,S=3,X=55,Y=55 || L2:[sp=X,11] R=3,S=3,X=2,K=1,C=1,Y=44",-161283.0,-1239.3,1,C|X,2
C,706,C,58,S,3,K,33,R,3,X,55,Y,55,X,11,R,3,S,3,X,2,K,1,C,1,Y,55,"L1:[sp=C,706] C=58,S=3,K=33,R=3,X=55,Y=55 || L2:[sp=X,11] R=3,S=3,X=2,K=1,C=1,Y=55",-3677.0,-1180.13,1,C|X,2
X,706,X,55,C,14,K,33,R,3,Y,55,S,3,K,14,K,2,C,1,Y,55,R,3,X,1,S,3,"L1:[sp=X,706] X=55,C=14,K=33,R=3,Y=55,S=3 || L2:[sp=K,14] K=2,C=1,Y=55,R=3,X=1,S=3",-inf,-inf,0,X|K,2
C,706,K,42,S,3,Y,55,X,55,R,3,C,19,C,19,Y,55,K,1,X,17,C,1,R,3,S,3,"L1:[sp=C,706] K=42,S=3,Y=55,X=55,R=3,C=19 || L2:[sp=C,19] Y=55,K=1,X=17,C=1,R=3,S=3",-inf,-inf,0,C|C,2
C,706,C,3,K,41,Y,55,R,3,X,55,S,3,X,11,K,33,S,3,Y,55,R,3,C,1,X,2,"L1:[sp=C,706] C=3,K=41,Y=55,R=3,X=55,S=3 || L2:[sp=X,11] K=33,S=3,Y=55,R=3,C=1,X=2",-inf,-inf,0,C|X,2
X,706,X,55,C,37,K,15,R,3,Y,55,S,3,K,14,K,2,C,1,Y,55,R,3,X,1,S,3,"L1:[sp=X,706] X=55,C=37,K=15,R=3,Y=55,S=3 || L2:[sp=K,14] K=2,C=1,Y=55,R=3,X=1,S=3",-141.0,-1231.53,1,X|K,2
X,706,X,55,C,17,K,33,R,3,Y,55,S,3,C,1,K,2,C,1,Y,55,R,3,X,1,S,3,"L1:[sp=X,706] X=55,C=17,K=33,R=3,Y=55,S=3 || L2:[sp=C,1] K=2,C=1,Y=55,R=3,X=1,S=3",-1969.0,-1191.14,1,X|C,2
K,706,X,55,C,17,K,33,R,3,Y,55,S,3,K,14,K,2,C,1,Y,55,R,3,X,17,S,3,"L1:[sp=K,706] X=55,C=17,K=33,R=3,Y=55,S=3 || L2:[sp=K,14] K=2,C=1,Y=55,R=3,X=17,S=3",-inf,-inf,0,K|K,2
C,706,K,33,S,3,Y,55,X,55,R,3,C,19,C,19,Y,55,K,1,X,1,C,1,R,3,S,3,"L1:[sp=C,706] K=33,S=3,Y=55,X=55,R=3,C=19 || L2:[sp=C,19] Y=55,K=1,X=1,C=1,R=3,S=3",-47.0,-1180.13,1,C|C,2
C,706,K,33,S,3,Y,55,X,55,R,3,C,19,C,19,Y,55,K,2,X,27,C,1,R,3,S,3,"L1:[sp=C,706] K=33,S=3,Y=55,X=55,R=3,C=19 || L2:[sp=C,19] Y=55,K=2,X=27,C=1,R=3,S=3",-inf,-inf,0,C|C,2
X,706,X,55,C,37,K,33,R,3,Y,55,S,3,K,14,K,1,C,1,Y,55,R,3,X,1,S,3,"L1:[sp=X,706] X=55,C=37,K=33,R=3,Y=55,S=3 || L2:[sp=K,14] K=1,C=1,Y=55,R=3,X=1,S=3",-349.0,-1205.87,1,X|K,2
C,706,C,14,S,3,K,23,R,3,X,55,Y,55,C,1,R,3,S,3,Y,55,K,20,C,1,X,17,"L1:[sp=C,706] C=14,S=3,K=23,R=3,X=55,Y=55 || L2:[sp=C,1] R=3,S=3,Y=55,K=20,C=1,X=17",-inf,-inf,0,C|C,2
X,706,X,7,C,17,K,57,R,3,Y,55,S,3,K,14,K,2,C,1,Y,55,R,3,X,1,S,3,"L1:[sp=X,706] X=7,C=17,K=57,R=3,Y=55,S=3 || L2:[sp=K,14] K=2,C=1,Y=55,R=3,X=1,S=3",-1685.0,-1276.69,1,X|K,2
C,706,Y,55,S,3,K,33,X,55,R,3,C,19,C,19,Y,55,K,1,X,17,C,1,R,3,S,3,"L1:[sp=C,706] Y=55,S=3,K=33,X=55,R=3,C=19 || L2:[sp=C,19] Y=55,K=1,X=17,C=1,R=3,S=3",-11.0,-1180.13,1,C|C,2
X,706,X,7,C,17,K,57,R,3,Y,55,S,3,K,14,K,2,C,1,Y,55,R,3,X,1,S,3,"L1:[sp=X,706] X=7,C=17,K=57,R=3,Y=55,S=3 || L2:[sp=K,14] K=2,C=1,Y=55,R=3,X=1,S=3",-1685.0,-1276.69,1,X|K,2
C,706,Y,36,R,3,K,33,X,55,S,3,C,39,C,19,Y,36,C,1,X,17,K,1,R,3,S,3,"L1:[sp=C,706] Y=36,R=3,K=33,X=55,S=3,C=39 || L2:[sp=C,19] Y=36,C=1,X=17,K=1,R=3,S=3",-373253.0,-1266.42,1,C|C,2
X,706,X,55,C,19,K,15,R,3,Y,55,S,3,K,14,K,2,C,1,Y,55,R,3,X,54,S,3,"L1:[sp=X,706] X=55,C=19,K=15,R=3,Y=55,S=3 || L2:[sp=K,14] K=2,C=1,Y=55,R=3,X=54,S=3",-inf,-inf,0,X|K,2
C,706,K,12,S,3,Y,55,X,55,R,3,C,37,C,19,Y,55,K,1,X,1,R,3,C,1,S,3,"L1:[sp=C,706] K=12,S=3,Y=55,X=55,R=3,C=37 || L2:[sp=C,19] Y=55,K=1,X=1,R=3,C=1,S=3",-inf,-inf,0,C|C,2
X,706,X,55,C,37,K,33,S,3,Y,55,R,3,K,14,K,1,C,1,Y,8,R,3,X,1,S,3,"L1:[sp=X,706] X=55,C=37,K=33,S=3,Y=55,R=3 || L2:[sp=K,14] K=1,C=1,Y=8,R=3,X=1,S=3",-20741.0,-1205.87,1,X|K,2
X,706,X,55,C,17,K,33,R,3,Y,55,S,3,K,1,K,2,C,1,Y,35,R,3,X,1,S,3,"L1:[sp=X,706] X=55,C=17,K=33,R=3,Y=55,S=3 || L2:[sp=K,1] K=2,C=1,Y=35,R=3,X=1,S=3",-700425.0,-1191.14,1,X|K,2
C,706,Y,47,S,3,K,33,X,55,R,3,C,19,C,19,Y,47,K,1,X,17,C,1,R,3,S,3,"L1:[sp=C,706] Y=47,S=3,K=33,X=55,R=3,C=19 || L2:[sp=C,19] Y=47,K=1,X=17,C=1,R=3,S=3",-162437.0,-1272.45,1,C|C,2
C,706,X,55,S,3,K,33,R,3,C,14,Y,55,C,1,R,3,X,17,Y,55,K,1,C,1,S,3,"L1:[sp=C,706] X=55,S=3,K=33,R=3,C=14,Y=55 || L2:[sp=C,1] R=3,X=17,Y=55,K=1,C=1,S=3",-843.0,-1180.13,1,C|C,2
C,706,Y,55,S,3,K,33,X,55,R,3,C,19,C,19,Y,55,K,1,X,17,C,1,R,3,S,3,"L1:[sp=C,706] Y=55,S=3,K=33,X=55,R=3,C=19 || L2:[sp=C,19] Y=55,K=1,X=17,C=1,R=3,S=3",-11.0,-1180.13,1,C|C,2
X,706,X,55,C,37,K,33,R,3,Y,55,S,3,K,14,K,1,C,1,Y,55,R,3,X,1,S,3,"L1:[sp=X,706] X=55,C=37,K=33,R=3,Y=55,S=3 || L2:[sp=K,14] K=1,C=1,Y=55,R=3,X=1,S=3",-349.0,-1205.87,1,X|K,2
C,706,Y,55,S,3,K,33,X,55,R,3,C,19,C,19,Y,55,K,1,X,1,C,1,R,3,S,3,"L1:[sp=C,706] Y=55,S=3,K=33,X=55,R=3,C=19 || L2:[sp=C,19] Y=55,K=1,X=1,C=1,R=3,S=3",-47.0,-1180.13,1,C|C,2
X,706,X,55,C,37,K,15,R,3,Y,55,S,3,K,14,K,2,C,1,Y,55,R,3,X,17,S,3,"L1:[sp=X,706] X=55,C=37,K=15,R=3,Y=55,S=3 || L2:[sp=K,14] K=2,C=1,Y=55,R=3,X=17,S=3",-inf,-inf,0,X|K,2
X,706,X,55,C,37,K,33,R,3,Y,55,S,3,K,14,K,1,C,1,Y,55,R,3,X,1,S,3,"L1:[sp=X,706] X=55,C=37,K=33,R=3,Y=55,S=3 || L2:[sp=K,14] K=1,C=1,Y=55,R=3,X=1,S=3",-349.0,-1205.87,1,X|K,2
C,706,C,14,S,3,K,33,R,3,X,55,Y,55,C,1,R,3,X,17,Y,55,K,1,C,1,S,3,"L1:[sp=C,706] C=14,S=3,K=33,R=3,X=55,Y=55 || L2:[sp=C,1] R=3,X=17,Y=55,K=1,C=1,S=3",-843.0,-1180.13,1,C|C,2
X,706,X,7,C,17,K,57,R,3,Y,55,S,3,K,14,K,2,C,1,Y,55,R,3,X,1,S,3,"L1:[sp=X,706] X=7,C=17,K=57,R=3,Y=55,S=3 || L2:[sp=K,14] K=2,C=1,Y=55,R=3,X=1,S=3",-1685.0,-1276.69,1,X|K,2
C,706,Y,55,S,3,K,33,X,55,R,3,C,19,C,19,Y,55,K,1,X,3,C,1,R,3,S,3,"L1:[sp=C,706] Y=55,S=3,K=33,X=55,R=3,C=19 || L2:[sp=C,19] Y=55,K=1,X=3,C=1,R=3,S=3",-11.0,-1180.13,1,C|C,2
C,706,C,14,S,3,K,33,R,3,X,55,Y,55,X,11,R,3,X,20,Y,55,K,1,C,1,S,3,"L1:[sp=C,706] C=14,S=3,K=33,R=3,X=55,Y=55 || L2:[sp=X,11] R=3,X=20,Y=55,K=1,C=1,S=3",-537.0,-1180.13,1,C|X,2
C,706,Y,55,S,3,K,33,X,55,R,3,C,19,C,19,X,17,K,1,Y,55,C,7,R,3,S,3,"L1:[sp=C,706] Y=55,S=3,K=33,X=55,R=3,C=19 || L2:[sp=C,19] X=17,K=1,Y=55,C=7,R=3,S=3",-inf,-inf,0,C|C,2
C,706,K,33,S,3,Y,55,X,55,R,3,C,6,C,19,Y,55,K,1,X,1,C,1,R,3,S,3,"L1:[sp=C,706] K=33,S=3,Y=55,X=55,R=3,C=6 || L2:[sp=C,19] Y=55,K=1,X=1,C=1,R=3,S=3",-47.0,-1180.13,1,C|C,2
C,706,C,14,S,3,K,33,R,3,X,55,Y,55,C,1,R,3,X,17,Y,55,K,1,C,1,S,3,"L1:[sp=C,706] C=14,S=3,K=33,R=3,X=55,Y=55 || L2:[sp=C,1] R=3,X=17,Y=55,K=1,C=1,S=3",-843.0,-1180.13,1,C|C,2
C,706,Y,55,S,3,K,33,X,55,R,3,C,19,C,19,Y,55,K,1,X,17,C,1,R,3,S,3,"L1:[sp=C,706] Y=55,S=3,K=33,X=55,R=3,C=19 || L2:[sp=C,19] Y=55,K=1,X=17,C=1,R=3,S=3",-11.0,-1180.13,1,C|C,2
Y,706,Y,55,S,3,K,33,X,55,R,3,C,19,C,19,Y,55,K,26,X,17,C,1,R,3,S,3,"L1:[sp=Y,706] Y=55,S=3,K=33,X=55,R=3,C=19 || L2:[sp=C,19] Y=55,K=26,X=17,C=1,R=3,S=3",-inf,-inf,0,Y|C,2
C,706,Y,55,S,3,K,33,X,55,R,3,C,19,Y,11,Y,14,K,1,X,3,C,1,R,3,S,3,"L1:[sp=C,706] Y=55,S=3,K=33,X=55,R=3,C=19 || L2:[sp=Y,11] Y=14,K=1,X=3,C=1,R=3,S=3",-459651.0,-1180.13,1,C|Y,2
X,706,X,55,C,37,K,33,R,3,Y,55,S,3,K,14,K,1,C,28,Y,27,R,3,X,1,S,3,"L1:[sp=X,706] X=55,C=37,K=33,R=3,Y=55,S=3 || L2:[sp=K,14] K=1,C=28,Y=27,R=3,X=1,S=3",-67073.0,-1205.87,1,X|K,2
C,706,Y,55,S,3,K,33,X,55,R,3,C,19,C,19,Y,55,K,7,X,34,C,1,R,3,S,3,"L1:[sp=C,706] Y=55,S=3,K=33,X=55,R=3,C=19 || L2:[sp=C,19] Y=55,K=7,X=34,C=1,R=3,S=3",-inf,-inf,0,C|C,2
C,706,K,33,Y,55,S,3,X,55,R,3,C,37,C,19,K,1,Y,55,X,1,C,1,R,3,S,3,"L1:[sp=C,706] K=33,Y=55,S=3,X=55,R=3,C=37 || L2:[sp=C,19] K=1,Y=55,X=1,C=1,R=3,S=3",-111.0,-1180.13,1,C|C,2
X,706,X,55,C,6,K,33,R,3,Y,55,S,3,K,14,K,1,C,1,Y,55,R,3,X,1,S,3,"L1:[sp=X,706] X=55,C=6,K=33,R=3,Y=55,S=3 || L2:[sp=K,14] K=1,C=1,Y=55,R=3,X=1,S=3",-187.0,-1187.96,1,X|K,2
C,706,Y,55,R,3,K,33,X,55,S,3,C,19,C,19,Y,25,K,1,X,17,C,1,R,3,S,3,"L1:[sp=C,706] Y=55,R=3,K=33,X=55,S=3,C=19 || L2:[sp=C,19] Y=25,K=1,X=17,C=1,R=3,S=3",-6915.0,-1180.13,1,C|C,2
C,706,K,33,S,3,Y,35,X,55,R,3,C,6,C,19,Y,35,K,1,S,3,C,1,R,3,X,1,"L1:[sp=C,706] K=33,S=3,Y=35,X=55,R=3,C=6 || L2:[sp=C,19] Y=35,K=1,S=3,C=1,R=3,X=1",-40325.0,-1194.1,1,C|C,2
K,706,C,14,S,3,K,33,R,3,X,55,Y,55,C,1,R,3,X,17,Y,55,K,1,C,1,S,3,"L1:[sp=K,706] C=14,S=3,K=33,R=3,X=55,Y=55 || L2:[sp=C,1] R=3,X=17,Y=55,K=1,C=1,S=3",-1978.0,-1191.11,1,K|C,2
K,706,K,33,S,3,Y,55,X,43,R,3,C,6,C,19,Y,55,K,1,X,1,C,1,R,3,S,3,"L1:[sp=K,706] K=33,S=3,Y=55,X=43,R=3,C=6 || L2:[sp=C,19] Y=55,K=1,X=1,C=1,R=3,S=3",-19405.0,-1190.21,1,K|C,2
C,706,K,33,S,3,Y,55,X,55,R,3,C,6,C,19,Y,55,K,1,X,1,C,3,R,3,S,3,"L1:[sp=C,706] K=33,S=3,Y=55,X=55,R=3,C=6 || L2:[sp=C,19] Y=55,K=1,X=1,C=3,R=3,S=3",-11.0,-1180.13,1,C|C,2
X,706,X,55,C,37,K,33,R,3,Y,55,S,3,K,14,K,1,C,1,Y,55,R,3,X,1,S,3,"L1:[sp=X,706] X=55,C=37,K=33,R=3,Y=55,S=3 || L2:[sp=K,14] K=1,C=1,Y=55,R=3,X=1,S=3",-349.0,-1205.87,1,X|K,2
C,706,Y,26,S,3,K,33,X,55,R,3,C,19,C,19,Y,26,K,1,X,3,C,1,R,3,S,3,"L1:[sp=C,706] Y=26,S=3,K=33,X=55,R=3,C=19 || L2:[sp=C,19] Y=26,K=1,X=3,C=1,R=3,S=3",-134791.0,-1349.42,1,C|C,2
C,706,X,55,S,3,K,33,R,3,C,14,Y,55,C,1,R,3,X,17,Y,55,K,1,C,12,S,3,"L1:[sp=C,706] X=55,S=3,K=33,R=3,C=14,Y=55 || L2:[sp=C,1] R=3,X=17,Y=55,K=1,C=12,S=3",-inf,-inf,0,C|C,2
C,706,K,33,S,3,Y,55,X,10,R,3,C,10,C,19,Y,55,K,1,X,1,C,1,R,3,S,3,"L1:[sp=C,706] K=33,S=3,Y=55,X=10,R=3,C=10 || L2:[sp=C,19] Y=55,K=1,X=1,C=1,R=3,S=3",-3349.0,-1195.47,1,C|C,2
C,706,X,55,S,3,K,33,R,3,C,14,Y,55,C,1,R,3,X,17,Y,41,K,1,C,1,S,3,"L1:[sp=C,706] X=55,S=3,K=33,R=3,C=14,Y=55 || L2:[sp=C,1] R=3,X=17,Y=41,K=1,C=1,S=3",-314499.0,-1180.13,1,C|C,2
C,706,C,23,S,3,K,33,R,3,X,55,Y,55,X,11,R,3,X,20,Y,55,K,1,C,1,S,3,"L1:[sp=C,706] C=23,S=3,K=33,R=3,X=55,Y=55 || L2:[sp=X,11] R=3,X=20,Y=55,K=1,C=1,S=3",-1113.0,-1180.13,1,C|X,2
C,706,Y,55,S,3,K,33,X,55,R,3,C,19,C,19,Y,55,K,1,X,17,C,1,R,3,S,3,"L1:[sp=C,706] Y=55,S=3,K=33,X=55,R=3,C=19 || L2:[sp=C,19] Y=55,K=1,X=17,C=1,R=3,S=3",-11.0,-1180.13,1,C|C,2
C,706,Y,55,S,3,K,33,X,55,R,3,C,19,C,19,Y,55,K,1,X,17,C,1,R,3,S,3,"L1:[sp=C,706] Y=55,S=3,K=33,X=55,R=3,C=19 || L2:[sp=C,19] Y=55,K=1,X=17,C=1,R=3,S=3",-11.0,-1180.13,1,C|C,2
K,706,C,14,S,3,K,33,R,3,X,55,Y,55,C,1,R,3,X,17,Y,55,K,23,C,4,S,3,"L1:[sp=K,706] C=14,S=3,K=33,R=3,X=55,Y=55 || L2:[sp=C,1] R=3,X=17,Y=55,K=23,C=4,S=3",-inf,-inf,0,K|C,2
X,706,X,55,C,37,K,38,R,3,Y,55,S,3,K,14,K,1,C,1,Y,51,R,3,X,1,S,3,"L1:[sp=X,706] X=55,C=37,K=38,R=3,Y=55,S=3 || L2:[sp=K,14] K=1,C=1,Y=51,R=3,X=1,S=3",-8645.0,-1234.38,1,X|K,2
C,706,Y,55,S,3,K,33,X,55,R,3,C,19,C,19,Y,55,K,1,X,35,C,1,R,3,S,3,"L1:[sp=C,706] Y=55,S=3,K=33,X=55,R=3,C=19 || L2:[sp=C,19] Y=55,K=1,X=35,C=1,R=3,S=3",-inf,-inf,0,C|C,2
K,706,C,14,S,3,K,33,X,1,R,3,Y,55,C,1,R,3,X,1,Y,55,K,1,C,1,S,3,"L1:[sp=K,706] C=14,S=3,K=33,X=1,R=3,Y=55 || L2:[sp=C,1] R=3,X=1,Y=55,K=1,C=1,S=3",-111619.0,-1132.26,1,K|C,2
C,706,K,33,Y,38,S,3,X,55,R,3,C,37,C,19,K,1,Y,31,X,17,C,1,R,3,S,3,"L1:[sp=C,706] K=33,Y=38,S=3,X=55,R=3,C=37 || L2:[sp=C,19] K=1,Y=31,X=17,C=1,R=3,S=3",-155525.0,-1196.57,1,C|C,2
C,706,C,23,S,3,X,10,R,3,K,33,Y,55,X,11,R,3,X,1,Y,55,K,1,C,1,S,3,"L1:[sp=C,706] C=23,S=3,X=10,R=3,K=33,Y=55 || L2:[sp=X,11] R=3,X=1,Y=55,K=1,C=1,S=3",-8725.0,-1588.57,1,C|X,2
C,706,K,33,S,3,Y,46,X,38,R,3,C,10,C,19,Y,46,K,1,X,20,C,1,R,3,S,3,"L1:[sp=C,706] K=33,S=3,Y=46,X=38,R=3,C=10 || L2:[sp=C,19] Y=46,K=1,X=20,C=1,R=3,S=3",-2967561.0,-5554.94,1,C|C,2
C,706,K,33,S,3,Y,55,X,55,R,3,C,6,C,19,Y,55,K,1,X,1,C,3,R,3,S,3,"L1:[sp=C,706] K=33,S=3,Y=55,X=55,R=3,C=6 || L2:[sp=C,19] Y=55,K=1,X=1,C=3,R=3,S=3",-11.0,-1180.13,1,C|C,2
C,706,Y,55,S,3,K,33,X,55,R,3,C,19,Y,1,Y,55,K,1,X,17,C,1,R,3,S,3,"L1:[sp=C,706] Y=55,S=3,K=33,X=55,R=3,C=19 || L2:[sp=Y,1] Y=55,K=1,X=17,C=1,R=3,S=3",-1163.0,-1180.13,1,C|Y,2
C,706,C,23,S,3,K,33,R,3,X,55,Y,55,X,11,C,1,X,20,Y,55,K,19,R,3,S,3,"L1:[sp=C,706] C=23,S=3,K=33,R=3,X=55,Y=55 || L2:[sp=X,11] C=1,X=20,Y=55,K=19,R=3,S=3",-inf,-inf,0,C|X,2
X,706,X,55,C,37,K,33,R,3,Y,55,S,3,K,14,K,1,C,1,Y,55,R,3,X,17,S,3,"L1:[sp=X,706] X=55,C=37,K=33,R=3,Y=55,S=3 || L2:[sp=K,14] K=1,C=1,Y=55,R=3,X=17,S=3",-277.0,-1205.87,1,X|K,2
X,706,X,55,C,37,K,33,R,3,Y,55,S,3,K,14,K,1,C,1,Y,45,R,3,X,1,S,3,"L1:[sp=X,706] X=55,C=37,K=33,R=3,Y=55,S=3 || L2:[sp=K,14] K=1,C=1,Y=45,R=3,X=1,S=3",-31109.0,-1205.87,1,X|K,2
X,706,K,33,S,3,Y,2,X,10,R,3,C,59,C,19,Y,2,K,1,X,1,C,1,R,3,S,3,"L1:[sp=X,706] K=33,S=3,Y=2,X=10,R=3,C=59 || L2:[sp=C,19] Y=2,K=1,X=1,C=1,R=3,S=3",-1555309.0,-13423.1,1,X|C,2
K,706,C,25,S,3,K,33,R,3,X,55,Y,55,K,11,R,3,X,17,Y,55,K,1,C,1,S,3,"L1:[sp=K,706] C=25,S=3,K=33,R=3,X=55,Y=55 || L2:[sp=K,11] R=3,X=17,Y=55,K=1,C=1,S=3",-112.0,-1202.91,1,K|K,2
X,706,X,55,C,6,K,33,R,3,Y,55,S,3,K,14,R,3,C,1,Y,55,X,1,K,1,S,3,"L1:[sp=X,706] X=55,C=6,K=33,R=3,Y=55,S=3 || L2:[sp=K,14] R=3,C=1,Y=55,X=1,K=1,S=3",-187.0,-1187.96,1,X|K,2
C,706,K,33,S,3,Y,55,X,55,R,3,C,6,Y,1,Y,55,K,1,X,1,C,3,R,3,S,3,"L1:[sp=C,706] K=33,S=3,Y=55,X=55,R=3,C=6 || L2:[sp=Y,1] Y=55,K=1,X=1,C=3,R=3,S=3",-75.0,-1180.13,1,C|Y,2
X,706,Y,34,C,6,K,33,R,3,X,55,S,3,K,14,K,1,C,1,Y,34,R,3,X,1,S,3,"L1:[sp=X,706] Y=34,C=6,K=33,R=3,X=55,S=3 || L2:[sp=K,14] K=1,C=1,Y=34,R=3,X=1,S=3",-235053.0,-1202.46,1,X|K,2
C,706,Y,55,S,3,K,33,X,55,R,3,C,19,C,19,Y,55,K,1,X,17,C,1,R,3,S,3,"L1:[sp=C,706] Y=55,S=3,K=33,X=55,R=3,C=19 || L2:[sp=C,19] Y=55,K=1,X=17,C=1,R=3,S=3",-11.0,-1180.13,1,C|C,2
C,706,Y,55,S,3,K,33,X,22,R,3,C,19,Y,1,Y,51,K,33,X,17,C,1,R,3,S,3,"L1:[sp=C,706] Y=55,S=3,K=33,X=22,R=3,C=19 || L2:[sp=Y,1] Y=51,K=33,X=17,C=1,R=3,S=3",-1659049.0,-1195.47,1,C|Y,2
X,706,X,55,C,37,K,38,R,3,Y,55,S,3,K,14,K,1,C,1,Y,55,R,3,X,1,S,3,"L1:[sp=X,706] X=55,C=37,K=38,R=3,Y=55,S=3 || L2:[sp=K,14] K=1,C=1,Y=55,R=3,X=1,S=3",-285.0,-1234.38,1,X|K,2
X,706,X,55,C,37,K,39,R,3,Y,55,S,3,K,14,K,1,C,1,Y,43,R,3,X,17,S,3,"L1:[sp=X,706] X=55,C=37,K=39,R=3,Y=55,S=3 || L2:[sp=K,14] K=1,C=1,Y=43,R=3,X=17,S=3",-95045.0,-1240.08,1,X|K,2
C,706,Y,55,S,3,K,33,X,55,R,3,C,19,C,19,Y,55,K,1,S,3,C,18,R,3,X,1,"L1:[sp=C,706] Y=55,S=3,K=33,X=55,R=3,C=19 || L2:[sp=C,19] Y=55,K=1,S=3,C=18,R=3,X=1",-inf,-inf,0,C|C,2
C,706,Y,55,S,3,K,33,X,55,R,3,C,19,Y,1,Y,55,K,1,X,17,C,1,R,3,S,3,"L1:[sp=C,706] Y=55,S=3,K=33,X=55,R=3,C=19 || L2:[sp=Y,1] Y=55,K=1,X=17,C=1,R=3,S=3",-1163.0,-1180.13,1,C|Y,2
C,706,Y,55,S,3,K,58,X,55,R,3,C,19,C,19,Y,55,R,3,X,17,C,1,K,1,S,3,"L1:[sp=C,706] Y=55,S=3,K=58,X=55,R=3,C=19 || L2:[sp=C,19] Y=55,R=3,X=17,C=1,K=1,S=3",-inf,-inf,0,C|C,2
C,706,K,33,S,3,Y,55,X,55,R,3,C,6,C,19,Y,55,K,1,X,1,C,3,R,3,S,3,"L1:[sp=C,706] K=33,S=3,Y=55,X=55,R=3,C=6 || L2:[sp=C,19] Y=55,K=1,X=1,C=3,R=3,S=3",-11.0,-1180.13,1,C|C,2
C,706,Y,55,S,3,K,33,C,19,R,3,X,55,Y,1,Y,55,K,26,X,17,C,1,R,3,S,3,"L1:[sp=C,706] Y=55,S=3,K=33,C=19,R=3,X=55 || L2:[sp=Y,1] Y=55,K=26,X=17,C=1,R=3,S=3",-inf,-inf,0,C|Y,2
C,706,Y,55,S,3,K,33,X,55,R,3,C,19,C,19,Y,55,K,1,X,14,C,1,R,3,S,3,"L1:[sp=C,706] Y=55,S=3,K=33,X=55,R=3,C=19 || L2:[sp=C,19] Y=55,K=1,X=14,C=1,R=3,S=3",-inf,-inf,0,C|C,2
X,706,X,55,C,6,K,30,R,3,Y,55,S,3,K,14,R,3,C,1,Y,55,X,1,K,1,S,3,"L1:[sp=X,706] X=55,C=6,K=30,R=3,Y=55,S=3 || L2:[sp=K,14] R=3,C=1,Y=55,X=1,K=1,S=3",-inf,-inf,0,X|K,2
X,706,X,55,C,37,K,33,R,3,Y,55,S,3,K,14,K,1,C,1,Y,55,R,3,X,17,S,3,"L1:[sp=X,706] X=55,C=37,K=33,R=3,Y=55,S=3 || L2:[sp=K,14] K=1,C=1,Y=55,R=3,X=17,S=3",-277.0,-1205.87,1,X|K,2
C,706,Y,55,S,3,K,33,X,55,R,3,C,19,C,19,Y,55,K,1,X,17,C,1,R,3,S,3,"L1:[sp=C,706] Y=55,S=3,K=33,X=55,R=3,C=19 || L2:[sp=C,19] Y=55,K=1,X=17,C=1,R=3,S=3",-11.0,-1180.13,1,C|C,2
X,706,C,25,S,3,K,33,Y,55,X,55,R,3,K,11,R,3,X,17,Y,55,K,1,C,1,S,3,"L1:[sp=X,706] C=25,S=3,K=33,Y=55,X=55,R=3 || L2:[sp=K,11] R=3,X=17,Y=55,K=1,C=1,S=3",-223.0,-1208.69,1,X|K,2
C,706,Y,55,S,3,K,33,X,55,R,3,C,19,C,19,Y,55,C,1,X,17,S,3,R,3,K,1,"L1:[sp=C,706] Y=55,S=3,K=33,X=55,R=3,C=19 || L2:[sp=C,19] Y=55,C=1,X=17,S=3,R=3,K=1",-11.0,-1180.13,1,C|C,2
X,706,X,55,C,37,K,38,R,3,Y,55,S,3,K,14,K,1,C,1,Y,51,R,3,X,1,S,3,"L1:[sp=X,706] X=55,C=37,K=38,R=3,Y=55,S=3 || L2:[sp=K,14] K=1,C=1,Y=51,R=3,X=1,S=3",-8645.0,-1234.38,1,X|K,2
K,706,C,25,S,3,K,33,R,3,X,55,Y,55,K,11,R,3,C,1,Y,55,K,1,X,17,S,3,"L1:[sp=K,706] C=25,S=3,K=33,R=3,X=55,Y=55 || L2:[sp=K,11] R=3,C=1,Y=55,K=1,X=17,S=3",-112.0,-1202.91,1,K|K,2
C,706,K,33,S,3,Y,55,X,55,R,3,C,4,C,19,Y,55,K,1,X,1,C,3,R,3,S,3,"L1:[sp=C,706] K=33,S=3,Y=55,X=55,R=3,C=4 || L2:[sp=C,19] Y=55,K=1,X=1,C=3,R=3,S=3",-11.0,-1175.05,1,C|C,2
X,706,X,55,C,37,K,38,R,3,Y,55,S,3,K,14,K,1,C,1,Y,22,R,3,X,1,S,3,"L1:[sp=X,706] X=55,C=37,K=38,R=3,Y=55,S=3 || L2:[sp=K,14] K=1,C=1,Y=22,R=3,X=1,S=3",-28805.0,-1234.38,1,X|K,2
C,706,K,33,S,3,Y,55,X,55,R,3,C,4,C,19,Y,55,K,1,X,1,C,3,R,3,S,3,"L1:[sp=C,706] K=33,S=3,Y=55,X=55,R=3,C=4 || L2:[sp=C,19] Y=55,K=1,X=1,C=3,R=3,S=3",-11.0,-1175.05,1,C|C,2
X,706,X,55,C,37,K,38,R,3,Y,55,S,3,K,38,K,1,Y,55,C,1,R,3,X,1,S,3,"L1:[sp=X,706] X=55,C=37,K=38,R=3,Y=55,S=3 || L2:[sp=K,38] K=1,Y=55,C=1,R=3,X=1,S=3",-93.0,-1234.38,1,X|K,2
X,706,C,25,S,3,K,33,Y,55,X,55,R,3,K,11,R,3,X,17,Y,55,K,1,C,1,S,3,"L1:[sp=X,706] C=25,S=3,K=33,Y=55,X=55,R=3 || L2:[sp=K,11] R=3,X=17,Y=55,K=1,C=1,S=3",-223.0,-1208.69,1,X|K,2
Y,706,X,55,R,3,K,33,C,37,Y,55,S,3,X,5,K,1,C,1,Y,55,R,3,X,17,S,3,"L1:[sp=Y,706] X=55,R=3,K=33,C=37,Y=55,S=3 || L2:[sp=X,5] K=1,C=1,Y=55,R=3,X=17,S=3",-3485.0,-1206.03,1,Y|X,2
K,706,C,18,S,3,K,33,R,3,X,55,Y,55,K,11,R,3,C,1,Y,55,K,12,X,17,S,3,"L1:[sp=K,706] C=18,S=3,K=33,R=3,X=55,Y=55 || L2:[sp=K,11] R=3,C=1,Y=55,K=12,X=17,S=3",-inf,-inf,0,K|K,2
X,706,X,55,C,37,K,33,R,3,Y,55,S,3,Y,1,K,1,C,1,X,17,R,3,Y,55,S,3,"L1:[sp=X,706] X=55,C=37,K=33,R=3,Y=55,S=3 || L2:[sp=Y,1] K=1,C=1,X=17,R=3,Y=55,S=3",-3989.0,-1205.87,1,X|Y,2
X,706,X,55,C,37,K,11,R,3,Y,55,S,3,K,14,K,1,C,1,Y,55,R,3,X,1,S,3,"L1:[sp=X,706] X=55,C=37,K=11,R=3,Y=55,S=3 || L2:[sp=K,14] K=1,C=1,Y=55,R=3,X=1,S=3",-277.0,-1205.87,1,X|K,2
X,706,X,14,C,37,K,33,R,3,Y,55,S,3,K,14,K,1,C,1,Y,55,R,3,X,14,S,3,"L1:[sp=X,706] X=14,C=37,K=33,R=3,Y=55,S=3 || L2:[sp=K,14] K=1,C=1,Y=55,R=3,X=14,S=3",-inf,-inf,0,X|K,2
K,706,C,25,S,3,K,10,Y,55,X,55,R,3,K,11,R,3,X,17,Y,55,K,1,C,1,S,3,"L1:[sp=K,706] C=25,S=3,K=10,Y=55,X=55,R=3 || L2:[sp=K,11] R=3,X=17,Y=55,K=1,C=1,S=3",-inf,-inf,0,K|K,2
C,706,Y,55,S,3,K,33,X,55,R,3,C,4,C,19,Y,55,S,3,X,6,C,3,R,3,K,1,"L1:[sp=C,706] Y=55,S=3,K=33,X=55,R=3,C=4 || L2:[sp=C,19] Y=55,S=3,X=6,C=3,R=3,K=1",-inf,-inf,0,C|C,2
C,706,K,33,S,3,Y,55,X,55,R,3,C,19,C,19,Y,55,K,1,X,1,C,1,R,3,S,3,"L1:[sp=C,706] K=33,S=3,Y=55,X=55,R=3,C=19 || L2:[sp=C,19] Y=55,K=1,X=1,C=1,R=3,S=3",-47.0,-1180.13,1,C|C,2
X,706,C,37,S,3,K,33,Y,55,X,55,R,3,K,11,R,3,X,35,Y,34,K,1,C,1,S,3,"L1:[sp=X,706] C=37,S=3,K=33,Y=55,X=55,R=3 || L2:[sp=K,11] R=3,X=35,Y=34,K=1,C=1,S=3",-1313285.0,-1205.87,1,X|K,2
X,706,X,33,C,39,K,33,R,3,Y,55,S,3,K,14,K,1,C,1,S,3,R,3,X,17,Y,55,"L1:[sp=X,706] X=33,C=39,K=33,R=3,Y=55,S=3 || L2:[sp=K,14] K=1,C=1,S=3,R=3,X=17,Y=55",-inf,-inf,0,X|K,2
K,706,Y,55,S,3,K,33,X,55,R,3,C,37,K,3,Y,55,C,1,X,17,S,3,R,3,K,1,"L1:[sp=K,706] Y=55,S=3,K=33,X=55,R=3,C=37 || L2:[sp=K,3] Y=55,C=1,X=17,S=3,R=3,K=1",-651.0,-1200.17,1,K|K,2
X,706,X,55,C,42,K,33,R,3,Y,55,S,3,K,14,K,1,C,1,Y,55,R,3,X,17,S,3,"L1:[sp=X,706] X=55,C=42,K=33,R=3,Y=55,S=3 || L2:[sp=K,14] K=1,C=1,Y=55,R=3,X=17,S=3",-277.0,-1231.34,1,X|K,2
X,706,X,55,C,19,K,38,R,3,Y,55,S,3,K,14,K,1,C,1,Y,44,R,3,X,1,S,3,"L1:[sp=X,706] X=55,C=19,K=38,R=3,Y=55,S=3 || L2:[sp=K,14] K=1,C=1,Y=44,R=3,X=1,S=3",-28809.0,-1240.79,1,X|K,2
C,706,C,37,S,3,K,33,X,55,R,3,Y,55,C,19,K,1,Y,55,X,17,C,1,R,3,S,3,"L1:[sp=C,706] C=37,S=3,K=33,X=55,R=3,Y=55 || L2:[sp=C,19] K=1,Y=55,X=17,C=1,R=3,S=3",-75.0,-1180.13,1,C|C,2
X,706,X,55,C,37,K,50,R,3,Y,55,S,3,K,14,Y,28,R,3,K,1,C,1,X,17,S,3,"L1:[sp=X,706] X=55,C=37,K=50,R=3,Y=55,S=3 || L2:[sp=K,14] Y=28,R=3,K=1,C=1,X=17,S=3",-224645.0,-1302.79,1,X|K,2
C,706,Y,55,S,3,K,33,X,24,R,3,C,19,C,19,Y,55,K,1,X,17,C,1,R,3,S,3,"L1:[sp=C,706] Y=55,S=3,K=33,X=24,R=3,C=19 || L2:[sp=C,19] Y=55,K=1,X=17,C=1,R=3,S=3",-inf,-inf,0,C|C,2
C,706,K,33,S,3,Y,55,X,55,R,3,C,4,C,19,Y,55,K,1,X,1,C,3,R,3,S,3,"L1:[sp=C,706] K=33,S=3,Y=55,X=55,R=3,C=4 || L2:[sp=C,19] Y=55,K=1,X=1,C=3,R=3,S=3",-11.0,-1175.05,1,C|C,2
X,706,C,25,S,3,K,33,Y,55,X,55,R,3,K,11,R,3,X,17,Y,53,K,1,C,1,S,3,"L1:[sp=X,706] C=25,S=3,K=33,Y=55,X=55,R=3 || L2:[sp=K,11] R=3,X=17,Y=53,K=1,C=1,S=3",-10375.0,-1208.69,1,X|K,2
C,706,C,16,S,3,K,33,X,55,R,3,Y,55,C,19,K,1,Y,55,X,17,C,1,R,3,S,3,"L1:[sp=C,706] C=16,S=3,K=33,X=55,R=3,Y=55 || L2:[sp=C,19] K=1,Y=55,X=17,C=1,R=3,S=3",-11.0,-1180.13,1,C|C,2
C,706,K,33,S,3,Y,55,X,55,R,3,C,46,Y,5,Y,55,K,1,X,1,C,3,R,3,S,3,"L1:[sp=C,706] K=33,S=3,Y=55,X=55,R=3,C=46 || L2:[sp=Y,5] Y=55,K=1,X=1,C=3,R=3,S=3",-971.0,-1180.13,1,C|Y,2
Y,706,C,37,S,3,K,33,X,55,R,3,Y,55,C,19,K,1,Y,55,X,17,C,1,R,3,S,3,"L1:[sp=Y,706] C=37,S=3,K=33,X=55,R=3,Y=55 || L2:[sp=C,19] K=1,Y=55,X=17,C=1,R=3,S=3",-149.0,-1205.87,1,Y|C,2
C,706,K,33,S,3,Y,55,X,55,R,3,C,4,C,19,Y,55,K,1,X,1,C,3,R,3,S,3,"L1:[sp=C,706] K=33,S=3,Y=55,X=55,R=3,C=4 || L2:[sp=C,19] Y=55,K=1,X=1,C=3,R=3,S=3",-11.0,-1175.05,1,C|C,2
C,706,C,37,S,3,K,33,X,19,R,3,Y,55,C,19,K,1,Y,55,X,17,C,1,R,3,S,3,"L1:[sp=C,706] C=37,S=3,K=33,X=19,R=3,Y=55 || L2:[sp=C,19] K=1,Y=55,X=17,C=1,R=3,S=3",-inf,-inf,0,C|C,2
C,706,K,33,S,3,Y,55,X,55,R,3,C,4,C,19,Y,55,K,1,X,1,C,3,R,3,S,3,"L1:[sp=C,706] K=33,S=3,Y=55,X=55,R=3,C=4 || L2:[sp=C,19] Y=55,K=1,X=1,C=3,R=3,S=3",-11.0,-1175.05,1,C|C,2
X,706,Y,55,C,42,K,33,R,3,X,55,S,3,C,42,S,3,C,1,Y,55,R,3,X,17,K,1,"L1:[sp=X,706] Y=55,C=42,K=33,R=3,X=55,S=3 || L2:[sp=C,42] S=3,C=1,Y=55,R=3,X=17,K=1",-21.0,-1231.34,1,X|C,2
X,706,C,25,S,3,X,55,Y,55,K,33,R,3,K,11,R,3,X,17,Y,55,K,1,C,1,S,3,"L1:[sp=X,706] C=25,S=3,X=55,Y=55,K=33,R=3 || L2:[sp=K,11] R=3,X=17,Y=55,K=1,C=1,S=3",-223.0,-1208.69,1,X|K,2
X,706,X,55,C,10,K,33,R,3,Y,55,S,3,K,14,K,1,C,1,Y,55,R,3,X,17,S,3,"L1:[sp=X,706] X=55,C=10,K=33,R=3,Y=55,S=3 || L2:[sp=K,14] K=1,C=1,Y=55,R=3,X=17,S=3",-inf,-inf,0,X|K,2
C,706,K,33,S,3,Y,55,X,8,R,3,C,17,C,19,Y,55,K,1,X,1,C,3,R,3,S,3,"L1:[sp=C,706] K=33,S=3,Y=55,X=8,R=3,C=17 || L2:[sp=C,19] Y=55,K=1,X=1,C=3,R=3,S=3",-3079.0,-1193.83,1,C|C,2
X,706,C,25,S,3,K,33,Y,55,X,55,R,3,K,11,R,3,S,3,Y,7,K,1,C,1,X,17,"L1:[sp=X,706] C=25,S=3,K=33,Y=55,X=55,R=3 || L2:[sp=K,11] R=3,S=3,Y=7,K=1,C=1,X=17",-51847.0,-1208.69,1,X|K,2
C,706,K,33,S,3,Y,55,X,55,R,3,C,4,C,19,Y,39,K,1,X,1,C,3,R,3,S,3,"L1:[sp=C,706] K=33,S=3,Y=55,X=55,R=3,C=4 || L2:[sp=C,19] Y=39,K=1,X=1,C=3,R=3,S=3",-25923.0,-1175.05,1,C|C,2
C,706,K,33,S,3,Y,55,X,55,R,3,C,19,C,19,Y,55,K,1,R,3,C,1,X,1,S,3,"L1:[sp=C,706] K=33,S=3,Y=55,X=55,R=3,C=19 || L2:[sp=C,19] Y=55,K=1,R=3,C=1,X=1,S=3",-47.0,-1180.13,1,C|C,2
X,706,C,25,S,3,K,33,Y,55,X,10,R,3,K,11,R,3,X,10,Y,55,K,1,C,1,S,3,"L1:[sp=X,706] C=25,S=3,K=33,Y=55,X=10,R=3 || L2:[sp=K,11] R=3,X=10,Y=55,K=1,C=1,S=3",-inf,-inf,0,X|K,2
C,706,C,37,S,3,K,1,X,55,R,3,Y,55,C,19,K,1,Y,55,X,17,R,3,C,1,S,3,"L1:[sp=C,706] C=37,S=3,K=1,X=55,R=3,Y=55 || L2:[sp=C,19] K=1,Y=55,X=17,R=3,C=1,S=3",-inf,-inf,0,C|C,2
C,706,K,33,S,3,Y,55,X,55,R,3,C,4,C,19,Y,55,K,6,X,40,C,3,R,3,S,3,"L1:[sp=C,706] K=33,S=3,Y=55,X=55,R=3,C=4 || L2:[sp=C,19] Y=55,K=6,X=40,C=3,R=3,S=3",-inf,-inf,0,C|C,2
X,706,X,55,C,59,K,38,R,3,Y,7,S,3,K,38,K,1,Y,7,C,1,R,3,X,1,S,3,"L1:[sp=X,706] X=55,C=59,K=38,R=3,Y=7,S=3 || L2:[sp=K,38] K=1,Y=7,C=1,R=3,X=1,S=3",-64545.0,-1386.79,1,X|K,2
C,706,K,33,S,3,Y,55,X,55,R,3,C,4,C,19,Y,55,K,1,X,1,C,3,R,3,S,3,"L1:[sp=C,706] K=33,S=3,Y=55,X=55,R=3,C=4 || L2:[sp=C,19] Y=55,K=1,X=1,C=3,R=3,S=3",-11.0,-1175.05,1,C|C,2
C,706,K,33,S,3,Y,55,X,55,R,3,C,4,C,19,Y,55,K,1,X,1,C,3,R,3,S,3,"L1:[sp=C,706] K=33,S=3,Y=55,X=55,R=3,C=4 || L2:[sp=C,19] Y=55,K=1,X=1,C=3,R=3,S=3",-11.0,-1175.05,1,C|C,2
X,706,C,42,S,3,K,33,Y,55,X,55,R,3,K,11,R,3,X,17,Y,55,K,1,C,18,S,3,"L1:[sp=X,706] C=42,S=3,K=33,Y=55,X=55,R=3 || L2:[sp=K,11] R=3,X=17,Y=55,K=1,C=18,S=3",-inf,-inf,0,X|K,2
X,706,Y,55,C,25,K,33,R,3,X,55,S,3,C,42,S,3,C,1,Y,55,R,3,X,17,K,1,"L1:[sp=X,706] Y=55,C=25,K=33,R=3,X=55,S=3 || L2:[sp=C,42] S=3,C=1,Y=55,R=3,X=17,K=1",-31.0,-1208.69,1,X|C,2
C,706,K,33,S,3,Y,55,X,55,R,3,C,4,C,19,Y,55,K,1,X,1,C,3,R,3,S,3,"L1:[sp=C,706] K=33,S=3,Y=55,X=55,R=3,C=4 || L2:[sp=C,19] Y=55,K=1,X=1,C=3,R=3,S=3",-11.0,-1175.05,1,C|C,2
Y,706,C,37,S,3,K,33,X,55,R,3,Y,55,C,19,K,23,Y,55,X,17,C,1,R,3,S,3,"L1:[sp=Y,706] C=37,S=3,K=33,X=55,R=3,Y=55 || L2:[sp=C,19] K=23,Y=55,X=17,C=1,R=3,S=3",-inf,-inf,0,Y|C,2
Y,706,C,37,S,3,K,33,X,55,R,3,Y,55,C,19,K,14,Y,55,X,17,C,1,R,3,S,3,"L1:[sp=Y,706] C=37,S=3,K=33,X=55,R=3,Y=55 || L2:[sp=C,19] K=14,Y=55,X=17,C=1,R=3,S=3",-inf,-inf,0,Y|C,2
C,706,K,40,S,3,C,16,X,55,R,3,Y,55,C,19,K,1,Y,55,X,17,C,1,R,3,S,3,"L1:[sp=C,706] K=40,S=3,C=16,X=55,R=3,Y=55 || L2:[sp=C,19] K=1,Y=55,X=17,C=1,R=3,S=3",-inf,-inf,0,C|C,2
X,706,Y,55,C,42,K,33,R,3,X,55,S,3,C,14,S,3,C,1,Y,55,R,3,X,26,K,1,"L1:[sp=X,706] Y=55,C=42,K=33,R=3,X=55,S=3 || L2:[sp=C,14] S=3,C=1,Y=55,R=3,X=26,K=1",-249.0,-1231.34,1,X|C,2
X,706,C,25,S,3,X,55,Y,55,K,33,R,3,K,11,R,3,X,17,Y,55,K,1,C,1,S,3,"L1:[sp=X,706] C=25,S=3,X=55,Y=55,K=33,R=3 || L2:[sp=K,11] R=3,X=17,Y=55,K=1,C=1,S=3",-223.0,-1208.69,1,X|K,2
C,706,K,33,R,3,Y,55,X,8,S,3,C,17,C,19,Y,55,K,1,X,1,C,3,R,3,S,3,"L1:[sp=C,706] K=33,R=3,Y=55,X=8,S=3,C=17 || L2:[sp=C,19] Y=55,K=1,X=1,C=3,R=3,S=3",-3079.0,-1193.83,1,C|C,2
X,706,Y,55,C,4,K,33,R,3,X,55,S,3,C,42,S,3,C,1,Y,55,R,3,X,17,K,1,"L1:[sp=X,706] Y=55,C=4,K=33,R=3,X=55,S=3 || L2:[sp=C,42] S=3,C=1,Y=55,R=3,X=17,K=1",-161.0,-1184.24,1,X|C,2
C,706,K,33,S,3,Y,55,X,8,R,3,C,29,C,19,R,3,K,1,X,1,C,3,Y,55,S,3,"L1:[sp=C,706] K=33,S=3,Y=55,X=8,R=3,C=29 || L2:[sp=C,19] R=3,K=1,X=1,C=3,Y=55,S=3",-3079.0,-1193.83,1,C|C,2
C,706,K,33,S,3,Y,55,X,55,R,3,C,19,C,19,Y,55,K,1,R,3,C,1,X,1,S,3,"L1:[sp=C,706] K=33,S=3,Y=55,X=55,R=3,C=19 || L2:[sp=C,19] Y=55,K=1,R=3,C=1,X=1,S=3",-47.0,-1180.13,1,C|C,2
X,706,Y,55,C,42,K,33,R,3,X,55,S,3,C,42,S,3,R,3,Y,55,C,1,X,17,K,1,"L1:[sp=X,706] Y=55,C=42,K=33,R=3,X=55,S=3 || L2:[sp=C,42] S=3,R=3,Y=55,C=1,X=17,K=1",-21.0,-1231.34,1,X|C,2
X,706,C,25,S,3,X,55,Y,55,K,33,R,3,C,1,R,3,X,17,Y,55,K,1,C,7,S,3,"L1:[sp=X,706] C=25,S=3,X=55,Y=55,K=33,R=3 || L2:[sp=C,1] R=3,X=17,Y=55,K=1,C=7,S=3",-inf,-inf,0,X|C,2
C,706,K,28,S,3,Y,55,X,8,R,3,C,17,C,19,Y,55,K,1,X,8,C,3,R,3,S,3,"L1:[sp=C,706] K=28,S=3,Y=55,X=8,R=3,C=17 || L2:[sp=C,19] Y=55,K=1,X=8,C=3,R=3,S=3",-inf,-inf,0,C|C,2
X,706,C,25,S,3,X,55,Y,55,K,33,R,3,K,11,Y,55,X,17,R,3,K,1,C,1,S,3,"L1:[sp=X,706] C=25,S=3,X=55,Y=55,K=33,R=3 || L2:[sp=K,11] Y=55,X=17,R=3,K=1,C=1,S=3",-223.0,-1208.69,1,X|K,2
X,706,Y,55,C,42,K,33,R,3,X,55,S,3,C,42,S,3,C,1,Y,55,R,3,X,17,K,1,"L1:[sp=X,706] Y=55,C=42,K=33,R=3,X=55,S=3 || L2:[sp=C,42] S=3,C=1,Y=55,R=3,X=17,K=1",-21.0,-1231.34,1,X|C,2
C,706,K,33,S,3,Y,55,X,55,R,3,C,4,C,19,Y,55,K,1,X,1,C,3,R,3,S,3,"L1:[sp=C,706] K=33,S=3,Y=55,X=55,R=3,C=4 || L2:[sp=C,19] Y=55,K=1,X=1,C=3,R=3,S=3",-11.0,-1175.05,1,C|C,2
X,706,Y,55,C,42,K,33,S,3,X,55,R,3,C,42,S,3,C,1,Y,55,X,45,K,1,R,3,"L1:[sp=X,706] Y=55,C=42,K=33,S=3,X=55,R=3 || L2:[sp=C,42] S=3,C=1,Y=55,X=45,K=1,R=3",-inf,-inf,0,X|C,2
C,706,K,33,S,3,Y,55,X,55,R,3,C,4,C,19,Y,55,K,1,X,1,C,3,R,3,S,3,"L1:[sp=C,706] K=33,S=3,Y=55,X=55,R=3,C=4 || L2:[sp=C,19] Y=55,K=1,X=1,C=3,R=3,S=3",-11.0,-1175.05,1,C|C,2
C,706,K,33,S,3,Y,55,X,55,R,3,C,4,X,55,Y,55,K,1,X,1,C,3,R,3,S,3,"L1:[sp=C,706] K=33,S=3,Y=55,X=55,R=3,C=4 || L2:[sp=X,55] Y=55,K=1,X=1,C=3,R=3,S=3",-75.0,-1175.05,1,C|X,2
X,706,C,25,S,3,X,55,Y,55,K,33,R,3,K,11,Y,48,X,17,R,3,K,1,C,1,S,3,"L1:[sp=X,706] C=25,S=3,X=55,Y=55,K=33,R=3 || L2:[sp=K,11] Y=48,X=17,R=3,K=1,C=1,S=3",-62215.0,-1208.69,1,X|K,2
X,706,Y,55,C,25,K,33,R,3,X,55,S,3,C,42,S,3,C,1,R,3,Y,55,X,17,K,1,"L1:[sp=X,706] Y=55,C=25,K=33,R=3,X=55,S=3 || L2:[sp=C,42] S=3,C=1,R=3,Y=55,X=17,K=1",-31.0,-1208.69,1,X|C,2
C,706,Y,55,C,4,K,33,R,3,X,55,S,3,C,42,S,3,C,1,Y,55,R,3,X,17,K,1,"L1:[sp=C,706] Y=55,C=4,K=33,R=3,X=55,S=3 || L2:[sp=C,42] S=3,C=1,Y=55,R=3,X=17,K=1",-11.0,-1180.13,1,C|C,2
X,706,R,3,C,16,K,33,Y,55,X,55,S,3,C,42,S,3,R,3,Y,55,C,5,X,17,K,1,"L1:[sp=X,706] R=3,C=16,K=33,Y=55,X=55,S=3 || L2:[sp=C,42] S=3,R=3,Y=55,C=5,X=17,K=1",-inf,-inf,0,X|C,2
X,706,C,13,S,3,X,55,Y,55,K,33,R,3,K,11,Y,19,X,17,R,3,K,1,C,1,S,3,"L1:[sp=X,706] C=13,S=3,X=55,Y=55,K=33,R=3 || L2:[sp=K,11] Y=19,X=17,R=3,K=1,C=1,S=3",-165899.0,-1183.77,1,X|K,2
X,706,C,25,S,3,X,55,Y,37,K,33,R,3,K,11,R,3,X,17,Y,37,K,1,C,1,S,3,"L1:[sp=X,706] C=25,S=3,X=55,Y=37,K=33,R=3 || L2:[sp=K,11] R=3,X=17,Y=37,K=1,C=1,S=3",-767245.0,-1282.91,1,X|K,2
C,706,K,33,S,3,Y,55,X,55,R,3,C,4,C,19,Y,55,K,1,C,3,X,1,R,3,S,3,"L1:[sp=C,706] K=33,S=3,Y=55,X=55,R=3,C=4 || L2:[sp=C,19] Y=55,K=1,C=3,X=1,R=3,S=3",-11.0,-1175.05,1,C|C,2
X,706,Y,55,C,42,K,33,R,3,X,55,S,3,C,42,S,3,C,1,Y,15,R,3,X,1,K,1,"L1:[sp=X,706] Y=55,C=42,K=33,R=3,X=55,S=3 || L2:[sp=C,42] S=3,C=1,Y=15,R=3,X=1,K=1",-10373.0,-1231.34,1,X|C,2
C,706,K,33,S,3,Y,55,X,55,R,3,C,4,C,19,C,3,X,31,K,1,Y,55,R,3,S,3,"L1:[sp=C,706] K=33,S=3,Y=55,X=55,R=3,C=4 || L2:[sp=C,19] C=3,X=31,K=1,Y=55,R=3,S=3",-inf,-inf,0,C|C,2
K,706,Y,7,C,42,K,33,R,3,X,55,S,3,C,42,S,3,C,1,Y,7,R,3,X,17,K,1,"L1:[sp=K,706] Y=7,C=42,K=33,R=3,X=55,S=3 || L2:[sp=C,42] S=3,C=1,Y=7,R=3,X=17,K=1",-99809.0,-1945.11,1,K|C,2
X,706,Y,16,C,4,K,33,R,3,X,55,S,3,C,42,S,3,C,1,Y,16,R,3,X,17,K,1,"L1:[sp=X,706] Y=16,C=4,K=33,R=3,X=55,S=3 || L2:[sp=C,42] S=3,C=1,Y=16,R=3,X=17,K=1",-1769601.0,-1435.53,1,X|C,2
X,706,C,25,S,3,X,55,Y,55,K,33,R,3,Y,11,Y,55,X,17,R,3,K,1,C,1,S,3,"L1:[sp=X,706] C=25,S=3,X=55,Y=55,K=33,R=3 || L2:[sp=Y,11] Y=55,X=17,R=3,K=1,C=1,S=3",-3935.0,-1208.69,1,X|Y,2
X,706,Y,55,C,42,K,33,R,3,X,55,S,3,C,42,S,3,R,3,Y,55,C,1,X,17,K,1,"L1:[sp=X,706] Y=55,C=42,K=33,R=3,X=55,S=3 || L2:[sp=C,42] S=3,R=3,Y=55,C=1,X=17,K=1",-21.0,-1231.34,1,X|C,2
C,706,K,26,S,3,Y,55,X,55,R,3,C,19,C,19,Y,55,K,1,R,3,C,1,X,1,S,3,"L1:[sp=C,706] K=26,S=3,Y=55,X=55,R=3,C=19 || L2:[sp=C,19] Y=55,K=1,R=3,C=1,X=1,S=3",-38.0,-1209.72,1,C|C,2
C,706,K,33,S,3,Y,55,X,55,R,3,C,4,C,19,Y,55,K,1,X,1,C,3,R,3,S,3,"L1:[sp=C,706] K=33,S=3,Y=55,X=55,R=3,C=4 || L2:[sp=C,19] Y=55,K=1,X=1,C=3,R=3,S=3",-11.0,-1175.05,1,C|C,2
C,706,K,33,S,3,Y,33,X,55,R,3,C,4,C,19,Y,33,K,1,C,3,X,1,R,3,S,3,"L1:[sp=C,706] K=33,S=3,Y=33,X=55,R=3,C=4 || L2:[sp=C,19] Y=33,K=1,C=3,X=1,R=3,S=3",-114053.0,-1186.24,1,C|C,2
C,706,Y,55,C,4,K,33,R,3,X,55,S,3,C,42,S,3,C,1,Y,55,R,3,X,3,K,1,"L1:[sp=C,706] Y=55,C=4,K=33,R=3,X=55,S=3 || L2:[sp=C,42] S=3,C=1,Y=55,R=3,X=3,K=1",-11.0,-1180.13,1,C|C,2
C,706,Y,55,C,4,K,12,R,3,X,55,S,3,C,42,S,3,C,3,Y,55,R,3,X,17,K,1,"L1:[sp=C,706] Y=55,C=4,K=12,R=3,X=55,S=3 || L2:[sp=C,42] S=3,C=3,Y=55,R=3,X=17,K=1",-inf,-inf,0,C|C,2
X,706,Y,2,C,25,K,33,R,3,X,55,S,3,C,42,S,3,C,1,R,3,Y,2,X,17,K,1,"L1:[sp=X,706] Y=2,C=25,K=33,R=3,X=55,S=3 || L2:[sp=C,42] S=3,C=1,R=3,Y=2,X=17,K=1",-280099.0,-5329.4,1,X|C,2
X,706,C,25,R,3,X,55,Y,55,K,33,S,3,Y,11,Y,55,X,17,R,3,K,1,C,1,S,3,"L1:[sp=X,706] C=25,R=3,X=55,Y=55,K=33,S=3 || L2:[sp=Y,11] Y=55,X=17,R=3,K=1,C=1,S=3",-3935.0,-1208.69,1,X|Y,2
X,706,Y,55,C,42,K,33,R,3,X,55,S,3,C,42,S,3,R,3,Y,55,C,1,X,17,K,1,"L1:[sp=X,706] Y=55,C=42,K=33,R=3,X=55,S=3 || L2:[sp=C,42] S=3,R=3,Y=55,C=1,X=17,K=1",-21.0,-1231.34,1,X|C,2
C,706,K,33,S,3,Y,55,X,30,R,3,C,4,X,55,Y,55,K,1,S,3,C,3,R,3,X,1,"L1:[sp=C,706] K=33,S=3,Y=55,X=30,R=3,C=4 || L2:[sp=X,55] Y=55,K=1,S=3,C=3,R=3,X=1",-149.0,-1183.88,1,C|X,2
C,706,K,33,S,3,Y,55,X,55,R,3,C,4,C,19,Y,10,K,1,C,3,X,1,R,3,S,3,"L1:[sp=C,706] K=33,S=3,Y=55,X=55,R=3,C=4 || L2:[sp=C,19] Y=10,K=1,C=3,X=1,R=3,S=3",-6915.0,-1175.05,1,C|C,2
C,706,K,5,S,3,Y,55,X,55,R,3,C,4,C,19,Y,55,K,1,C,3,X,1,R,3,S,3,"L1:[sp=C,706] K=5,S=3,Y=55,X=55,R=3,C=4 || L2:[sp=C,19] Y=55,K=1,C=3,X=1,R=3,S=3",-inf,-inf,0,C|C,2
X,706,Y,55,C,25,K,33,R,3,X,55,S,3,C,42,S,3,C,1,R,3,Y,2,X,17,K,1,"L1:[sp=X,706] Y=55,C=25,K=33,R=3,X=55,S=3 || L2:[sp=C,42] S=3,C=1,R=3,Y=2,X=17,K=1",-10375.0,-1208.69,1,X|C,2
X,706,Y,33,C,42,K,26,R,3,X,55,S,3,C,42,S,3,R,3,Y,33,C,1,X,1,K,1,"L1:[sp=X,706] Y=33,C=42,K=26,R=3,X=55,S=3 || L2:[sp=C,42] S=3,R=3,Y=33,C=1,X=1,K=1",-76045.0,-1475.18,1,X|C,2
C,706,K,33,S,3,Y,55,X,55,R,3,C,4,C,19,Y,55,K,1,X,38,S,3,R,3,C,3,"L1:[sp=C,706] K=33,S=3,Y=55,X=55,R=3,C=4 || L2:[sp=C,19] Y=55,K=1,X=38,S=3,R=3,C=3",-inf,-inf,0,C|C,2
X,706,C,25,S,3,X,55,Y,55,K,7,R,3,K,1,Y,55,X,17,R,3,K,1,C,1,S,3,"L1:[sp=X,706] C=25,S=3,X=55,Y=55,K=7,R=3 || L2:[sp=K,1] Y=55,X=17,R=3,K=1,C=1,S=3",-inf,-inf,0,X|K,2
C,706,K,33,S,3,Y,55,X,36,R,3,C,4,C,19,R,3,K,1,C,3,X,1,Y,55,S,3,"L1:[sp=C,706] K=33,S=3,Y=55,X=36,R=3,C=4 || L2:[sp=C,19] R=3,K=1,C=3,X=1,Y=55,S=3",-3349.0,-1188.61,1,C|C,2
C,706,K,33,S,3,X,55,Y,55,R,3,C,32,X,11,Y,55,K,1,X,1,C,3,S,3,R,3,"L1:[sp=C,706] K=33,S=3,X=55,Y=55,R=3,C=32 || L2:[sp=X,11] Y=55,K=1,X=1,C=3,S=3,R=3",-651.0,-1139.45,1,C|X,2
X,706,C,61,S,3,X,55,Y,55,K,33,R,3,Y,11,Y,55,X,17,R,3,K,1,C,1,S,3,"L1:[sp=X,706] C=61,S=3,X=55,Y=55,K=33,R=3 || L2:[sp=Y,11] Y=55,X=17,R=3,K=1,C=1,S=3",-3989.0,-1328.12,1,X|Y,2
X,706,Y,55,C,42,K,41,R,3,X,38,S,3,C,42,S,3,R,3,Y,55,C,1,X,17,K,1,"L1:[sp=X,706] Y=55,C=42,K=41,R=3,X=38,S=3 || L2:[sp=C,42] S=3,R=3,Y=55,C=1,X=17,K=1",-inf,-inf,0,X|C,2
C,706,K,33,S,3,Y,55,X,55,R,3,C,4,C,19,Y,55,K,1,X,1,C,3,R,3,S,3,"L1:[sp=C,706] K=33,S=3,Y=55,X=55,R=3,C=4 || L2:[sp=C,19] Y=55,K=1,X=1,C=3,R=3,S=3",-11.0,-1175.05,1,C|C,2
C,706,X,55,C,42,R,3,K,33,Y,55,S,3,C,42,S,3,R,3,Y,55,C,1,X,17,K,1,"L1:[sp=C,706] X=55,C=42,R=3,K=33,Y=55,S=3 || L2:[sp=C,42] S=3,R=3,Y=55,C=1,X=17,K=1",-11.0,-1180.13,1,C|C,2
X,706,C,48,S,3,X,55,Y,55,K,33,R,3,Y,11,Y,55,X,17,R,3,K,1,C,1,S,3,"L1:[sp=X,706] C=48,S=3,X=55,Y=55,K=33,R=3 || L2:[sp=Y,11] Y=55,X=17,R=3,K=1,C=1,S=3",-3989.0,-1261.9,1,X|Y,2
K,706,K,33,S,3,X,55,Y,55,R,3,C,32,X,11,Y,55,K,1,X,1,C,3,S,3,R,3,"L1:[sp=K,706] K=33,S=3,X=55,Y=55,R=3,C=32 || L2:[sp=X,11] Y=55,K=1,X=1,C=3,S=3,R=3",-673.0,-1175.47,1,K|X,2
X,706,Y,55,X,55,K,33,R,3,C,42,S,3,C,42,S,3,R,3,Y,55,C,1,X,17,K,1,"L1:[sp=X,706] Y=55,X=55,K=33,R=3,C=42,S=3 || L2:[sp=C,42] S=3,R=3,Y=55,C=1,X=17,K=1",-21.0,-1231.52,1,X|C,2
X,706,C,61,S,3,X,30,Y,55,K,33,R,3,Y,11,Y,55,X,1,R,3,K,1,C,1,S,3,"L1:[sp=X,706] C=61,S=3,X=30,Y=55,K=33,R=3 || L2:[sp=Y,11] Y=55,X=1,R=3,K=1,C=1,S=3",-122845.0,-1327.23,1,X|Y,2
C,706,K,33,S,3,Y,55,X,55,R,3,C,4,K,11,Y,55,R,3,S,3,C,3,K,1,X,17,"L1:[sp=C,706] K=33,S=3,Y=55,X=55,R=3,C=4 || L2:[sp=K,11] Y=55,R=3,S=3,C=3,K=1,X=17",-inf,-inf,0,C|K,2
X,706,C,3,S,3,X,55,Y,55,K,33,R,3,Y,11,Y,55,X,17,R,3,K,1,C,1,S,3,"L1:[sp=X,706] C=3,S=3,X=55,Y=55,K=33,R=3 || L2:[sp=Y,11] Y=55,X=17,R=3,K=1,C=1,S=3",-2909.0,-1190.98,1,X|Y,2
C,706,K,33,S,3,Y,55,X,36,R,3,C,4,C,19,R,3,K,1,C,3,X,1,Y,55,S,3,"L1:[sp=C,706] K=33,S=3,Y=55,X=36,R=3,C=4 || L2:[sp=C,19] R=3,K=1,C=3,X=1,Y=55,S=3",-3349.0,-1188.61,1,C|C,2
K,706,C,25,R,3,X,55,Y,55,S,3,K,33,Y,11,Y,55,X,17,R,3,K,1,C,1,S,3,"L1:[sp=K,706] C=25,R=3,X=55,Y=55,S=3,K=33 || L2:[sp=Y,11] Y=55,X=17,R=3,K=1,C=1,S=3",-2032.0,-1202.91,1,K|Y,2
X,706,Y,55,C,42,K,33,R,3,X,55,S,3,C,42,S,3,R,3,Y,55,C,35,X,17,K,1,"L1:[sp=X,706] Y=55,C=42,K=33,R=3,X=55,S=3 || L2:[sp=C,42] S=3,R=3,Y=55,C=35,X=17,K=1",-inf,-inf,0,X|C,2
X,706,Y,55,C,4,K,33,R,3,X,55,S,3,C,42,S,3,C,1,Y,55,R,3,X,3,K,1,"L1:[sp=X,706] Y=55,C=4,K=33,R=3,X=55,S=3 || L2:[sp=C,42] S=3,C=1,Y=55,R=3,X=3,K=1",-161.0,-1184.24,1,X|C,2
C,706,K,33,S,3,Y,55,X,55,R,3,C,4,C,19,Y,55,K,1,X,1,C,4,R,3,S,3,"L1:[sp=C,706] K=33,S=3,Y=55,X=55,R=3,C=4 || L2:[sp=C,19] Y=55,K=1,X=1,C=4,R=3,S=3",-inf,-inf,0,C|C,2
C,706,K,33,S,3,Y,55,X,55,R,3,C,32,C,19,Y,55,K,3,X,1,C,3,R,3,S,3,"L1:[sp=C,706] K=33,S=3,Y=55,X=55,R=3,C=32 || L2:[sp=C,19] Y=55,K=3,X=1,C=3,R=3,S=3",-inf,-inf,0,C|C,2
C,706,K,33,S,3,X,55,Y,55,R,3,C,4,X,11,Y,55,K,1,X,1,C,3,S,3,R,3,"L1:[sp=C,706] K=33,S=3,X=55,Y=55,R=3,C=4 || L2:[sp=X,11] Y=55,K=1,X=1,C=3,S=3,R=3",-75.0,-1175.05,1,C|X,2
X,706,C,25,R,3,X,55,Y,3,K,55,S,3,Y,11,Y,3,X,17,R,3,K,1,C,1,S,3,"L1:[sp=X,706] C=25,R=3,X=55,Y=3,K=55,S=3 || L2:[sp=Y,11] Y=3,X=17,R=3,K=1,C=1,S=3",-5972077.0,-4009.68,1,X|Y,2
X,706,C,61,S,3,X,55,Y,55,K,33,R,3,Y,11,Y,55,X,40,R,3,K,1,C,1,S,3,"L1:[sp=X,706] C=61,S=3,X=55,Y=55,K=33,R=3 || L2:[sp=Y,11] Y=55,X=40,R=3,K=1,C=1,S=3",-inf,-inf,0,X|Y,2
X,706,C,61,S,3,X,55,Y,55,K,33,R,3,Y,11,Y,55,X,17,R,3,K,1,C,24,S,3,"L1:[sp=X,706] C=61,S=3,X=55,Y=55,K=33,R=3 || L2:[sp=Y,11] Y=55,X=17,R=3,K=1,C=24,S=3",-inf,-inf,0,X|Y,2
C,706,K,33,S,3,Y,55,X,55,R,3,C,4,X,1,X,1,K,1,Y,55,C,1,R,3,S,3,"L1:[sp=C,706] K=33,S=3,Y=55,X=55,R=3,C=4 || L2:[sp=X,1] X=1,K=1,Y=55,C=1,R=3,S=3",-239.0,-1175.05,1,C|X,2
C,706,K,33,S,3,Y,55,X,55,R,3,C,4,C,19,Y,55,K,1,X,1,C,3,R,3,S,3,"L1:[sp=C,706] K=33,S=3,Y=55,X=55,R=3,C=4 || L2:[sp=C,19] Y=55,K=1,X=1,C=3,R=3,S=3",-11.0,-1175.05,1,C|C,2
C,706,K,31,S,3,Y,55,X,55,R,3,C,4,X,1,X,1,K,14,Y,55,C,1,R,3,S,3,"L1:[sp=C,706] K=31,S=3,Y=55,X=55,R=3,C=4 || L2:[sp=X,1] X=1,K=14,Y=55,C=1,R=3,S=3",-inf,-inf,0,C|X,2
C,706,K,33,S,3,X,55,Y,55,R,3,C,4,X,11,K,24,Y,55,S,3,C,3,X,1,R,3,"L1:[sp=C,706] K=33,S=3,X=55,Y=55,R=3,C=4 || L2:[sp=X,11] K=24,Y=55,S=3,C=3,X=1,R=3",-inf,-inf,0,C|X,2
K,706,K,33,S,3,X,55,Y,55,R,3,C,32,X,11,Y,55,K,1,X,1,C,3,S,3,R,3,"L1:[sp=K,706] K=33,S=3,X=55,Y=55,R=3,C=32 || L2:[sp=X,11] Y=55,K=1,X=1,C=3,S=3,R=3",-673.0,-1175.47,1,K|X,2
X,706,Y,55,C,10,K,33,R,3,X,55,S,3,C,42,S,3,C,1,Y,55,R,3,X,3,K,1,"L1:[sp=X,706] Y=55,C=10,K=33,R=3,X=55,S=3 || L2:[sp=C,42] S=3,C=1,Y=55,R=3,X=3,K=1",-71.0,-1197.05,1,X|C,2
C,706,K,33,S,3,Y,55,X,55,R,3,C,4,X,1,S,3,K,26,Y,55,C,1,R,3,X,1,"L1:[sp=C,706] K=33,S=3,Y=55,X=55,R=3,C=4 || L2:[sp=X,1] S=3,K=26,Y=55,C=1,R=3,X=1",-inf,-inf,0,C|X,2
X,706,Y,55,X,55,K,33,R,3,C,42,S,3,K,33,S,3,R,3,Y,55,C,1,X,17,K,1,"L1:[sp=X,706] Y=55,X=55,K=33,R=3,C=42,S=3 || L2:[sp=K,33] S=3,R=3,Y=55,C=1,X=17,K=1",-inf,-inf,0,X|K,2
C,706,K,48,S,3,Y,11,X,55,R,3,C,4,X,1,X,1,K,1,Y,11,C,1,R,3,S,3,"L1:[sp=C,706] K=48,S=3,Y=11,X=55,R=3,C=4 || L2:[sp=X,1] X=1,K=1,Y=11,C=1,R=3,S=3",-126731.0,-1257.52,1,C|X,2
C,706,K,64,S,3,X,55,Y,55,R,3,C,4,X,11,C,3,K,1,Y,55,X,1,S,3,R,3,"L1:[sp=C,706] K=64,S=3,X=55,Y=55,R=3,C=4 || L2:[sp=X,11] C=3,K=1,Y=55,X=1,S=3,R=3",-102.0,-1175.2,1,C|X,2
C,706,X,55,C,42,R,3,K,33,Y,55,S,3,C,42,S,3,R,3,Y,55,C,1,X,31,K,1,"L1:[sp=C,706] X=55,C=42,R=3,K=33,Y=55,S=3 || L2:[sp=C,42] S=3,R=3,Y=55,C=1,X=31,K=1",-inf,-inf,0,C|C,2
X,706,Y,55,X,55,K,33,R,3,C,42,S,3,C,3,S,3,R,3,Y,55,C,1,X,17,K,1,"L1:[sp=X,706] Y=55,X=55,K=33,R=3,C=42,S=3 || L2:[sp=C,3] S=3,R=3,Y=55,C=1,X=17,K=1",-1301.0,-1231.52,1,X|C,2
X,706,Y,55,X,31,K,33,R,3,C,42,S,3,C,42,S,3,R,3,Y,55,C,8,X,17,K,1,"L1:[sp=X,706] Y=55,X=31,K=33,R=3,C=42,S=3 || L2:[sp=C,42] S=3,R=3,Y=55,C=8,X=17,K=1",-inf,-inf,0,X|C,2
K,706,C,1,R,3,X,55,Y,19,S,3,K,33,Y,11,Y,19,X,17,R,3,K,1,C,1,S,3,"L1:[sp=K,706] C=1,R=3,X=55,Y=19,S=3,K=33 || L2:[sp=Y,11] Y=19,X=17,R=3,K=1,C=1,S=3",-inf,-inf,0,K|Y,2
X,706,Y,55,X,55,K,33,R,3,C,42,S,3,C,42,S,3,R,3,Y,55,C,1,X,17,K,1,"L1:[sp=X,706] Y=55,X=55,K=33,R=3,C=42,S=3 || L2:[sp=C,42] S=3,R=3,Y=55,C=1,X=17,K=1",-21.0,-1231.52,1,X|C,2
C,706,K,33,S,3,X,55,Y,20,R,3,C,4,X,11,Y,20,K,1,X,1,C,3,S,3,R,3,"L1:[sp=C,706] K=33,S=3,X=55,Y=20,R=3,C=4 || L2:[sp=X,11] Y=20,K=1,X=1,C=3,S=3,R=3",-138247.0,-1186.28,1,C|X,2
X,706,Y,55,C,25,K,33,R,3,X,55,S,3,C,42,S,3,C,1,Y,55,R,3,X,3,K,1,"L1:[sp=X,706] Y=55,C=25,K=33,R=3,X=55,S=3 || L2:[sp=C,42] S=3,C=1,Y=55,R=3,X=3,K=1",-31.0,-1208.69,1,X|C,2
K,706,C,4,R,3,X,32,Y,55,S,3,K,33,Y,11,Y,37,X,17,R,3,K,1,C,1,S,3,"L1:[sp=K,706] C=4,R=3,X=32,Y=55,S=3,K=33 || L2:[sp=Y,11] Y=37,X=17,R=3,K=1,C=1,S=3",-45010977.0,-956.048,1,K|Y,2
X,706,Y,55,C,4,K,33,R,3,X,55,S,3,C,42,S,3,C,1,Y,55,R,3,X,3,K,1,"L1:[sp=X,706] Y=55,C=4,K=33,R=3,X=55,S=3 || L2:[sp=C,42] S=3,C=1,Y=55,R=3,X=3,K=1",-161.0,-1184.24,1,X|C,2
C,706,K,33,S,3,X,55,Y,55,R,3,C,4,X,11,Y,55,K,24,X,1,C,3,S,3,R,3,"L1:[sp=C,706] K=33,S=3,X=55,Y=55,R=3,C=4 || L2:[sp=X,11] Y=55,K=24,X=1,C=3,S=3,R=3",-inf,-inf,0,C|X,2
X,706,Y,55,X,55,K,33,R,3,C,35,S,3,C,42,S,3,Y,55,R,3,C,1,X,17,K,1,"L1:[sp=X,706] Y=55,X=55,K=33,R=3,C=35,S=3 || L2:[sp=C,42] S=3,Y=55,R=3,C=1,X=17,K=1",-21.0,-1195.83,1,X|C,2
C,706,K,33,S,3,Y,55,X,55,R,3,C,4,C,19,Y,55,K,1,X,1,C,3,R,3,S,3,"L1:[sp=C,706] K=33,S=3,Y=55,X=55,R=3,C=4 || L2:[sp=C,19] Y=55,K=1,X=1,C=3,R=3,S=3",-11.0,-1175.05,1,C|C,2
X,706,Y,55,C,10,K,50,R,3,X,55,S,3,C,42,S,3,C,1,Y,55,R,3,X,3,K,1,"L1:[sp=X,706] Y=55,C=10,K=50,R=3,X=55,S=3 || L2:[sp=C,42] S=3,C=1,Y=55,R=3,X=3,K=1",-inf,-inf,0,X|C,2
C,706,K,64,S,3,X,55,Y,55,R,3,C,4,X,11,C,3,K,1,Y,16,X,1,S,3,R,3,"L1:[sp=C,706] K=64,S=3,X=55,Y=55,R=3,C=4 || L2:[sp=X,11] C=3,K=1,Y=16,X=1,S=3,R=3",-13826.0,-1175.2,1,C|X,2
X,706,Y,55,C,64,K,33,S,3,X,55,R,3,C,42,S,3,C,1,Y,55,R,3,X,3,K,1,"L1:[sp=X,706] Y=55,C=64,K=33,S=3,X=55,R=3 || L2:[sp=C,42] S=3,C=1,Y=55,R=3,X=3,K=1",-75.0,-1180.13,1,X|C,2
K,706,K,33,S,3,X,31,Y,55,R,3,C,32,X,11,Y,55,K,1,X,1,C,3,S,3,R,3,"L1:[sp=K,706] K=33,S=3,X=31,Y=55,R=3,C=32 || L2:[sp=X,11] Y=55,K=1,X=1,C=3,S=3,R=3",-4249.0,-1242.04,1,K|X,2
X,706,Y,55,C,10,K,33,R,3,X,55,S,3,C,42,S,3,C,1,Y,55,R,3,X,3,K,1,"L1:[sp=X,706] Y=55,C=10,K=33,R=3,X=55,S=3 || L2:[sp=C,42] S=3,C=1,Y=55,R=3,X=3,K=1",-71.0,-1197.05,1,X|C,2
X,706,Y,55,C,25,K,33,R,3,X,55,S,3,C,42,S,3,C,11,Y,55,R,3,X,3,K,4,"L1:[sp=X,706] Y=55,C=25,K=33,R=3,X=55,S=3 || L2:[sp=C,42] S=3,C=11,Y=55,R=3,X=3,K=4",-inf,-inf,0,X|C,2
K,706,K,33,S,3,X,55,Y,55,R,3,C,32,X,11,Y,55,K,3,X,1,C,3,S,3,R,3,"L1:[sp=K,706] K=33,S=3,X=55,Y=55,R=3,C=32 || L2:[sp=X,11] Y=55,K=3,X=1,C=3,S=3,R=3",-81.0,-1175.47,1,K|X,2
X,706,Y,55,X,55,K,33,R,3,C,35,S,3,C,42,S,3,Y,55,R,3,C,1,X,3,K,1,"L1:[sp=X,706] Y=55,X=55,K=33,R=3,C=35,S=3 || L2:[sp=C,42] S=3,Y=55,R=3,C=1,X=3,K=1",-21.0,-1195.83,1,X|C,2
X,706,Y,55,X,55,K,33,R,3,C,35,S,3,C,42,S,3,Y,52,R,3,C,1,X,17,K,28,"L1:[sp=X,706] Y=55,X=55,K=33,R=3,C=35,S=3 || L2:[sp=C,42] S=3,Y=52,R=3,C=1,X=17,K=28",-7133.0,-1195.83,1,X|C,2
Y,706,Y,55,X,55,K,33,R,3,C,42,S,3,C,42,S,3,R,3,Y,55,C,1,X,17,K,1,"L1:[sp=Y,706] Y=55,X=55,K=33,R=3,C=42,S=3 || L2:[sp=C,42] S=3,R=3,Y=55,C=1,X=17,K=1",-21.0,-1231.52,1,Y|C,2
X,706,Y,55,C,10,K,33,R,3,X,55,S,3,C,42,S,3,C,1,Y,55,R,3,X,3,K,1,"L1:[sp=X,706] Y=55,C=10,K=33,R=3,X=55,S=3 || L2:[sp=C,42] S=3,C=1,Y=55,R=3,X=3,K=1",-71.0,-1197.05,1,X|C,2
C,706,Y,55,S,3,K,33,X,55,R,3,C,4,C,19,Y,55,K,1,X,1,R,3,C,3,S,3,"L1:[sp=C,706] Y=55,S=3,K=33,X=55,R=3,C=4 || L2:[sp=C,19] Y=55,K=1,X=1,R=3,C=3,S=3",-11.0,-1175.05,1,C|C,2
C,706,Y,55,C,10,K,22,R,3,X,55,S,3,C,42,R,3,C,1,Y,45,S,3,X,3,K,1,"L1:[sp=C,706] Y=55,C=10,K=22,R=3,X=55,S=3 || L2:[sp=C,42] R=3,C=1,Y=45,S=3,X=3,K=1",-15556.0,-1180.13,1,C|C,2
C,706,K,33,S,3,Y,55,X,4,R,3,C,4,C,19,K,1,Y,55,X,1,C,2,R,3,S,3,"L1:[sp=C,706] K=33,S=3,Y=55,X=4,R=3,C=4 || L2:[sp=C,19] K=1,Y=55,X=1,C=2,R=3,S=3",-2953.0,-1188.06,1,C|C,2
X,706,Y,34,C,25,S,3,R,3,X,55,K,33,C,42,S,3,C,1,Y,34,R,3,X,3,K,1,"L1:[sp=X,706] Y=34,C=25,S=3,R=3,X=55,K=33 || L2:[sp=C,42] S=3,C=1,Y=34,R=3,X=3,K=1",-352525.0,-1345.19,1,X|C,2
X,706,Y,55,R,3,S,3,X,55,C,34,K,33,C,42,S,3,R,3,Y,55,C,15,X,17,K,1,"L1:[sp=X,706] Y=55,R=3,S=3,X=55,C=34,K=33 || L2:[sp=C,42] S=3,R=3,Y=55,C=15,X=17,K=1",-inf,-inf,0,X|C,2
X,706,Y,55,C,58,K,33,R,3,X,55,S,3,C,42,S,3,C,29,K,1,R,3,X,17,Y,55,"L1:[sp=X,706] Y=55,C=58,K=33,R=3,X=55,S=3 || L2:[sp=C,42] S=3,C=29,K=1,R=3,X=17,Y=55",-inf,-inf,0,X|C,2
X,706,Y,55,X,55,K,33,R,3,C,35,S,3,C,42,S,3,Y,5,R,3,C,1,X,3,K,1,"L1:[sp=X,706] Y=55,X=55,K=33,R=3,C=35,S=3 || L2:[sp=C,42] S=3,Y=5,R=3,C=1,X=3,K=1",-13829.0,-1195.83,1,X|C,2
X,706,Y,19,C,10,K,33,R,3,X,19,S,3,C,42,S,3,C,1,Y,19,R,3,X,3,K,1,"L1:[sp=X,706] Y=19,C=10,K=33,R=3,X=19,S=3 || L2:[sp=C,42] S=3,C=1,Y=19,R=3,X=3,K=1",-4366699.0,-8177.67,1,X|C,2
X,706,Y,55,C,4,K,44,R,3,X,55,S,3,C,42,S,3,C,1,Y,55,R,3,X,3,K,1,"L1:[sp=X,706] Y=55,C=4,K=44,R=3,X=55,S=3 || L2:[sp=C,42] S=3,C=1,Y=55,R=3,X=3,K=1",-inf,-inf,0,X|C,2
C,706,K,33,S,3,Y,55,X,55,R,3,C,4,C,19,Y,55,K,1,X,1,C,3,R,3,S,3,"L1:[sp=C,706] K=33,S=3,Y=55,X=55,R=3,C=4 || L2:[sp=C,19] Y=55,K=1,X=1,C=3,R=3,S=3",-11.0,-1175.05,1,C|C,2
C,706,K,33,S,3,Y,55,X,55,R,3,C,4,C,19,Y,55,K,2,X,1,C,3,R,3,S,3,"L1:[sp=C,706] K=33,S=3,Y=55,X=55,R=3,C=4 || L2:[sp=C,19] Y=55,K=2,X=1,C=3,R=3,S=3",-inf,-inf,0,C|C,2
Y,706,Y,55,X,55,K,44,R,3,C,42,S,3,C,42,C,2,R,3,Y,55,S,3,X,17,K,1,"L1:[sp=Y,706] Y=55,X=55,K=44,R=3,C=42,S=3 || L2:[sp=C,42] C=2,R=3,Y=55,S=3,X=17,K=1",-inf,-inf,0,Y|C,2
K,706,K,33,S,3,X,55,Y,55,R,3,C,32,X,11,Y,30,K,16,X,1,C,3,S,3,R,3,"L1:[sp=K,706] K=33,S=3,X=55,Y=55,R=3,C=32 || L2:[sp=X,11] Y=30,K=16,X=1,C=3,S=3,R=3",-456195.0,-1175.47,1,K|X,2
X,706,Y,55,X,55,K,38,R,3,C,10,S,3,C,42,S,3,C,1,Y,55,K,1,X,3,R,3,"L1:[sp=X,706] Y=55,X=55,K=38,R=3,C=10,S=3 || L2:[sp=C,42] S=3,C=1,Y=55,K=1,X=3,R=3",-inf,-inf,0,X|C,2
X,706,Y,55,X,55,K,33,R,3,C,35,S,3,C,42,S,3,C,1,R,3,Y,55,X,3,K,1,"L1:[sp=X,706] Y=55,X=55,K=33,R=3,C=35,S=3 || L2:[sp=C,42] S=3,C=1,R=3,Y=55,X=3,K=1",-21.0,-1195.83,1,X|C,2
X,706,R,3,C,64,K,33,S,3,X,55,Y,55,Y,55,S,3,C,1,Y,55,R,3,X,3,K,1,"L1:[sp=X,706] R=3,C=64,K=33,S=3,X=55,Y=55 || L2:[sp=Y,55] S=3,C=1,Y=55,R=3,X=3,K=1",-4043.0,-1180.13,1,X|Y,2
K,706,K,33,S,3,X,55,Y,55,R,3,C,32,X,11,Y,55,K,3,X,1,C,3,S,3,R,3,"L1:[sp=K,706] K=33,S=3,X=55,Y=55,R=3,C=32 || L2:[sp=X,11] Y=55,K=3,X=1,C=3,S=3,R=3",-81.0,-1175.47,1,K|X,2
C,706,Y,55,S,3,K,56,X,55,R,3,C,4,C,19,Y,20,K,1,X,1,R,3,C,3,S,3,"L1:[sp=C,706] Y=55,S=3,K=56,X=55,R=3,C=4 || L2:[sp=C,19] Y=20,K=1,X=1,R=3,C=3,S=3",-24195.0,-1284.91,1,C|C,2
X,706,S,3,X,55,K,53,R,3,C,35,Y,55,C,42,S,3,Y,55,R,3,C,1,X,3,K,1,"L1:[sp=X,706] S=3,X=55,K=53,R=3,C=35,Y=55 || L2:[sp=C,42] S=3,Y=55,R=3,C=1,X=3,K=1",-inf,-inf,0,X|C,2
C,706,K,33,S,3,Y,55,R,3,X,55,C,4,C,19,Y,55,K,1,X,1,C,3,R,3,S,3,"L1:[sp=C,706] K=33,S=3,Y=55,R=3,X=55,C=4 || L2:[sp=C,19] Y=55,K=1,X=1,C=3,R=3,S=3",-11.0,-1175.05,1,C|C,2
X,706,Y,55,C,30,K,33,S,3,X,55,R,3,C,42,S,3,C,1,Y,55,R,3,X,3,K,1,"L1:[sp=X,706] Y=55,C=30,K=33,S=3,X=55,R=3 || L2:[sp=C,42] S=3,C=1,Y=55,R=3,X=3,K=1",-31.0,-1246.89,1,X|C,2
X,706,Y,55,X,36,K,33,R,3,C,29,S,3,C,42,S,3,Y,55,R,3,C,1,X,3,K,1,"L1:[sp=X,706] Y=55,X=36,K=33,R=3,C=29,S=3 || L2:[sp=C,42] S=3,Y=55,R=3,C=1,X=3,K=1",-2143.0,-1229.68,1,X|C,2
X,706,Y,55,C,49,K,33,R,3,X,55,S,3,C,42,S,3,C,2,Y,55,R,3,X,3,K,1,"L1:[sp=X,706] Y=55,C=49,K=33,R=3,X=55,S=3 || L2:[sp=C,42] S=3,C=2,Y=55,R=3,X=3,K=1",-inf,-inf,0,X|C,2
C,706,K,33,X,4,Y,44,S,3,R,3,C,10,C,19,K,1,Y,44,X,1,C,1,R,3,S,3,"L1:[sp=C,706] K=33,X=4,Y=44,S=3,R=3,C=10 || L2:[sp=C,19] K=1,Y=44,X=1,C=1,R=3,S=3",-2737209.0,-6044.74,1,C|C,2
C,706,C,4,S,3,K,33,X,55,R,3,Y,55,C,19,Y,50,K,1,X,1,R,3,C,3,S,3,"L1:[sp=C,706] C=4,S=3,K=33,X=55,R=3,Y=55 || L2:[sp=C,19] Y=50,K=1,X=1,R=3,C=3,S=3",-6915.0,-1180.13,1,C|C,2
X,706,Y,55,S,3,K,33,R,3,C,35,X,55,C,42,S,3,Y,55,R,3,C,1,X,3,K,1,"L1:[sp=X,706] Y=55,S=3,K=33,R=3,C=35,X=55 || L2:[sp=C,42] S=3,Y=55,R=3,C=1,X=3,K=1",-21.0,-1195.83,1,X|C,2
C,706,K,33,S,3,Y,55,X,55,R,3,C,4,C,19,Y,55,K,1,X,1,C,3,R,3,S,3,"L1:[sp=C,706] K=33,S=3,Y=55,X=55,R=3,C=4 || L2:[sp=C,19] Y=55,K=1,X=1,C=3,R=3,S=3",-11.0,-1175.05,1,C|C,2
Y,706,Y,55,X,5,K,33,R,3,C,42,S,3,C,42,S,3,R,3,Y,55,C,1,X,5,K,1,"L1:[sp=Y,706] Y=55,X=5,K=33,R=3,C=42,S=3 || L2:[sp=C,42] S=3,R=3,Y=55,C=1,X=5,K=1",-inf,-inf,0,Y|C,2
C,706,K,36,S,3,Y,55,X,55,R,3,C,4,C,19,Y,55,K,1,X,1,C,3,R,3,S,3,"L1:[sp=C,706] K=36,S=3,Y=55,X=55,R=3,C=4 || L2:[sp=C,19] Y=55,K=1,X=1,C=3,R=3,S=3",-11.0,-1189.38,1,C|C,2
X,706,Y,55,C,64,K,33,S,3,X,55,R,3,C,42,S,3,C,1,Y,55,R,3,X,3,K,1,"L1:[sp=X,706] Y=55,C=64,K=33,S=3,X=55,R=3 || L2:[sp=C,42] S=3,C=1,Y=55,R=3,X=3,K=1",-75.0,-1180.13,1,X|C,2
C,706,K,33,S,3,Y,55,X,55,R,3,C,4,C,19,Y,55,K,1,X,1,C,3,R,3,S,3,"L1:[sp=C,706] K=33,S=3,Y=55,X=55,R=3,C=4 || L2:[sp=C,19] Y=55,K=1,X=1,C=3,R=3,S=3",-11.0,-1175.05,1,C|C,2
X,706,Y,55,C,30,K,33,S,3,X,55,R,3,C,42,S,3,C,1,Y,55,R,3,X,3,K,30,"L1:[sp=X,706] Y=55,C=30,K=33,S=3,X=55,R=3 || L2:[sp=C,42] S=3,C=1,Y=55,R=3,X=3,K=30",-inf,-inf,0,X|C,2
X,706,Y,55,S,3,K,33,R,3,C,35,X,55,Y,11,S,3,Y,55,R,3,C,1,K,1,X,3,"L1:[sp=X,706] Y=55,S=3,K=33,R=3,C=35,X=55 || L2:[sp=Y,11] S=3,Y=55,R=3,C=1,K=1,X=3",-3989.0,-1195.83,1,X|Y,2
K,706,K,33,C,32,X,55,Y,35,R,3,S,3,X,11,Y,31,K,3,S,3,C,3,X,1,R,3,"L1:[sp=K,706] K=33,C=32,X=55,Y=35,R=3,S=3 || L2:[sp=X,11] Y=31,K=3,S=3,C=3,X=1,R=3",-741317.0,-1164.79,1,K|X,2
X,706,Y,55,C,46,K,33,S,3,X,55,R,3,C,42,S,3,C,1,Y,55,R,3,X,44,K,10,"L1:[sp=X,706] Y=55,C=46,K=33,S=3,X=55,R=3 || L2:[sp=C,42] S=3,C=1,Y=55,R=3,X=44,K=10",-inf,-inf,0,X|C,2
X,706,Y,55,X,55,K,34,R,3,C,30,S,3,C,42,S,3,K,1,R,3,Y,55,X,3,C,1,"L1:[sp=X,706] Y=55,X=55,K=34,R=3,C=30,S=3 || L2:[sp=C,42] S=3,K=1,R=3,Y=55,X=3,C=1",-31.0,-1254.09,1,X|C,2
X,706,Y,55,C,35,K,33,S,3,X,55,R,3,C,42,Y,55,X,3,S,3,R,3,C,1,K,1,"L1:[sp=X,706] Y=55,C=35,K=33,S=3,X=55,R=3 || L2:[sp=C,42] Y=55,X=3,S=3,R=3,C=1,K=1",-21.0,-1195.68,1,X|C,2
X,706,Y,55,C,64,K,33,S,3,X,55,R,3,C,42,S,3,C,1,Y,55,R,3,X,52,K,3,"L1:[sp=X,706] Y=55,C=64,K=33,S=3,X=55,R=3 || L2:[sp=C,42] S=3,C=1,Y=55,R=3,X=52,K=3",-inf,-inf,0,X|C,2
K,706,K,23,S,3,X,55,Y,55,R,3,C,32,X,11,Y,55,K,1,X,1,C,3,R,3,S,3,"L1:[sp=K,706] K=23,S=3,X=55,Y=55,R=3,C=32 || L2:[sp=X,11] Y=55,K=1,X=1,C=3,R=3,S=3",-453.0,-1175.47,1,K|X,2
X,706,Y,55,C,64,K,33,S,3,X,55,R,3,C,42,S,3,Y,55,C,1,R,3,X,41,K,20,"L1:[sp=X,706] Y=55,C=64,K=33,S=3,X=55,R=3 || L2:[sp=C,42] S=3,Y=55,C=1,R=3,X=41,K=20",-inf,-inf,0,X|C,2
X,706,Y,55,X,55,K,33,R,3,C,35,S,3,C,42,S,3,C,1,R,3,Y,55,X,3,K,1,"L1:[sp=X,706] Y=55,X=55,K=33,R=3,C=35,S=3 || L2:[sp=C,42] S=3,C=1,R=3,Y=55,X=3,K=1",-21.0,-1195.83,1,X|C,2
X,706,Y,5,R,3,K,33,S,3,C,35,X,55,C,42,S,3,Y,5,R,3,C,1,X,3,K,1,"L1:[sp=X,706] Y=5,R=3,K=33,S=3,C=35,X=55 || L2:[sp=C,42] S=3,Y=5,R=3,C=1,X=3,K=1",-190125.0,-2534.67,1,X|C,2
C,706,K,33,S,3,X,55,R,3,Y,55,C,4,C,19,Y,55,K,1,X,1,C,3,R,3,S,3,"L1:[sp=C,706] K=33,S=3,X=55,R=3,Y=55,C=4 || L2:[sp=C,19] Y=55,K=1,X=1,C=3,R=3,S=3",-11.0,-1175.05,1,C|C,2
X,706,Y,55,S,3,K,33,R,3,C,35,X,55,C,42,S,3,Y,55,R,3,C,1,X,3,K,1,"L1:[sp=X,706] Y=55,S=3,K=33,R=3,C=35,X=55 || L2:[sp=C,42] S=3,Y=55,R=3,C=1,X=3,K=1",-21.0,-1195.83,1,X|C,2
C,706,K,36,S,3,Y,55,X,55,R,3,C,4,K,4,Y,55,K,1,X,1,C,3,R,3,S,3,"L1:[sp=C,706] K=36,S=3,Y=55,X=55,R=3,C=4 || L2:[sp=K,4] Y=55,K=1,X=1,C=3,R=3,S=3",-inf,-inf,0,C|K,2
C,706,K,36,S,3,Y,55,X,55,R,3,C,56,C,19,Y,55,K,16,X,1,C,3,R,3,S,3,"L1:[sp=C,706] K=36,S=3,Y=55,X=55,R=3,C=56 || L2:[sp=C,19] Y=55,K=16,X=1,C=3,R=3,S=3",-inf,-inf,0,C|C,2
X,706,Y,55,S,3,K,33,R,3,C,35,X,55,C,42,S,3,Y,2,R,3,C,1,X,3,K,1,"L1:[sp=X,706] Y=55,S=3,K=33,R=3,C=35,X=55 || L2:[sp=C,42] S=3,Y=2,R=3,C=1,X=3,K=1",-6917.0,-1195.83,1,X|C,2
C,706,K,33,S,3,Y,55,X,55,R,3,C,20,C,19,Y,55,K,1,X,1,C,3,R,3,S,3,"L1:[sp=C,706] K=33,S=3,Y=55,X=55,R=3,C=20 || L2:[sp=C,19] Y=55,K=1,X=1,C=3,R=3,S=3",-11.0,-1180.13,1,C|C,2
X,706,Y,55,S,3,K,33,R,3,C,35,X,55,C,42,S,3,Y,55,R,3,C,1,X,3,K,1,"L1:[sp=X,706] Y=55,S=3,K=33,R=3,C=35,X=55 || L2:[sp=C,42] S=3,Y=55,R=3,C=1,X=3,K=1",-21.0,-1195.83,1,X|C,2
X,706,Y,55,S,3,K,33,R,3,C,35,X,55,C,42,S,3,Y,40,R,3,C,1,X,3,K,1,"L1:[sp=X,706] Y=55,S=3,K=33,R=3,C=35,X=55 || L2:[sp=C,42] S=3,Y=40,R=3,C=1,X=3,K=1",-48389.0,-1195.83,1,X|C,2
C,706,K,36,S,3,Y,55,X,55,R,3,C,4,C,19,Y,55,K,28,X,1,C,3,R,3,S,3,"L1:[sp=C,706] K=36,S=3,Y=55,X=55,R=3,C=4 || L2:[sp=C,19] Y=55,K=28,X=1,C=3,R=3,S=3",-inf,-inf,0,C|C,2
