L1_sp_dim,L1_sp_sz,L1_pos1_dim,L1_pos1_tile,L1_pos2_dim,L1_pos2_tile,L1_pos3_dim,L1_pos3_tile,L1_pos4_dim,L1_pos4_tile,L1_pos5_dim,L1_pos5_tile,L1_pos6_dim,L1_pos6_tile,L2_sp_dim,L2_sp_sz,L2_pos1_dim,L2_pos1_tile,L2_pos2_dim,L2_pos2_tile,L2_pos3_dim,L2_pos3_tile,L2_pos4_dim,L2_pos4_tile,L2_pos5_dim,L2_pos5_tile,L2_pos6_dim,L2_pos6_tile,genome_str,fitness1,fitness2,valid,genome_pattern,layer
C,67,X,1,R,1,K,1,Y,1,S,1,C,1,Y,10,X,1,Y,1,C,1,S,1,R,1,K,1,"L1:[sp=C,67] X=1,R=1,K=1,Y=1,S=1,C=1 || L2:[sp=Y,10] X=1,Y=1,C=1,S=1,R=1,K=1",-57802753.0,-163323000.0,1,C|Y,1
C,91,C,1,K,1,R,1,S,1,X,1,Y,1,Y,24,S,1,K,1,R,1,Y,1,C,1,X,1,"L1:[sp=C,91] C=1,K=1,R=1,S=1,X=1,Y=1 || L2:[sp=Y,24] S=1,K=1,R=1,Y=1,C=1,X=1",-57802753.0,-163323000.0,1,C|Y,1
C,143,Y,216,X,83,C,1,R,3,K,32,S,2,Y,141,Y,1,C,1,S,1,K,1,R,1,X,1,"L1:[sp=C,143] Y=216,X=83,C=1,R=3,K=32,S=2 || L2:[sp=Y,141] Y=1,C=1,S=1,K=1,R=1,X=1",-inf,-inf,0,C|Y,1
X,118,K,6,R,2,C,1,S,2,X,216,Y,98,Y,33,Y,1,R,1,S,1,X,1,C,1,K,1,"L1:[sp=X,118] K=6,R=2,C=1,S=2,X=216,Y=98 || L2:[sp=Y,33] Y=1,R=1,S=1,X=1,C=1,K=1",-inf,-inf,0,X|Y,1
X,76,Y,29,K,10,R,1,C,3,S,3,X,224,K,3,Y,1,C,1,S,1,X,1,K,1,R,1,"L1:[sp=X,76] Y=29,K=10,R=1,C=3,S=3,X=224 || L2:[sp=K,3] Y=1,C=1,S=1,X=1,K=1,R=1",-inf,-inf,0,X|K,1
K,154,R,2,Y,102,C,2,X,44,S,2,K,49,C,1,K,1,X,1,R,1,Y,1,S,1,C,1,"L1:[sp=K,154] R=2,Y=102,C=2,X=44,S=2,K=49 || L2:[sp=C,1] K=1,X=1,R=1,Y=1,S=1,C=1",-inf,-inf,0,K|C,1
K,101,K,34,R,1,C,1,X,165,S,1,Y,165,C,1,R,1,S,1,K,1,X,1,C,1,Y,1,"L1:[sp=K,101] K=34,R=1,C=1,X=165,S=1,Y=165 || L2:[sp=C,1] R=1,S=1,K=1,X=1,C=1,Y=1",-inf,-inf,0,K|C,1
C,48,K,46,C,2,X,40,Y,87,S,1,R,1,K,16,R,1,K,1,C,1,Y,1,S,1,X,1,"L1:[sp=C,48] K=46,C=2,X=40,Y=87,S=1,R=1 || L2:[sp=K,16] R=1,K=1,C=1,Y=1,S=1,X=1",-inf,-inf,0,C|K,1
K,57,Y,8,C,1,S,2,R,1,K,6,X,214,K,3,R,1,K,1,C,1,Y,1,S,1,X,1,"L1:[sp=K,57] Y=8,C=1,S=2,R=1,K=6,X=214 || L2:[sp=K,3] R=1,K=1,C=1,Y=1,S=1,X=1",-inf,-inf,0,K|K,1
C,16,K,18,S,1,R,3,X,186,C,2,Y,213,C,1,X,1,C,1,R,1,Y,1,K,1,S,1,"L1:[sp=C,16] K=18,S=1,R=3,X=186,C=2,Y=213 || L2:[sp=C,1] X=1,C=1,R=1,Y=1,K=1,S=1",-inf,-inf,0,C|C,1
K,73,X,13,K,50,R,1,S,2,C,1,Y,150,Y,102,S,1,K,1,C,1,X,1,Y,1,R,1,"L1:[sp=K,73] X=13,K=50,R=1,S=2,C=1,Y=150 || L2:[sp=Y,102] S=1,K=1,C=1,X=1,Y=1,R=1",-inf,-inf,0,K|Y,1
Y,101,K,64,Y,76,C,3,R,2,X,39,S,1,Y,17,C,1,K,1,X,1,R,1,Y,1,S,1,"L1:[sp=Y,101] K=64,Y=76,C=3,R=2,X=39,S=1 || L2:[sp=Y,17] C=1,K=1,X=1,R=1,Y=1,S=1",-inf,-inf,0,Y|Y,1
X,28,K,6,C,1,X,67,R,2,S,1,Y,117,Y,55,S,1,X,1,R,1,C,1,K,1,Y,1,"L1:[sp=X,28] K=6,C=1,X=67,R=2,S=1,Y=117 || L2:[sp=Y,55] S=1,X=1,R=1,C=1,K=1,Y=1",-inf,-inf,0,X|Y,1
Y,128,Y,186,K,25,R,3,C,1,X,109,S,2,X,89,K,1,R,1,S,1,X,1,Y,1,C,1,"L1:[sp=Y,128] Y=186,K=25,R=3,C=1,X=109,S=2 || L2:[sp=X,89] K=1,R=1,S=1,X=1,Y=1,C=1",-inf,-inf,0,Y|X,1
K,3,Y,85,R,1,X,9,C,1,K,32,S,2,C,1,Y,1,X,1,S,1,R,1,C,1,K,1,"L1:[sp=K,3] Y=85,R=1,X=9,C=1,K=32,S=2 || L2:[sp=C,1] Y=1,X=1,S=1,R=1,C=1,K=1",-47998279.0,-163323000.0,1,K|C,1
C,66,Y,100,K,59,R,3,X,145,S,2,C,2,C,2,R,1,Y,1,S,1,C,1,K,1,X,1,"L1:[sp=C,66] Y=100,K=59,R=3,X=145,S=2,C=2 || L2:[sp=C,2] R=1,Y=1,S=1,C=1,K=1,X=1",-inf,-inf,0,C|C,1
X,86,S,1,X,77,K,58,R,3,C,2,Y,122,X,20,S,1,K,1,Y,1,R,1,X,1,C,1,"L1:[sp=X,86] S=1,X=77,K=58,R=3,C=2,Y=122 || L2:[sp=X,20] S=1,K=1,Y=1,R=1,X=1,C=1",-inf,-inf,0,X|X,1
Y,63,X,36,S,3,K,32,Y,111,C,3,R,3,Y,82,K,1,C,1,S,1,X,1,Y,1,R,1,"L1:[sp=Y,63] X=36,S=3,K=32,Y=111,C=3,R=3 || L2:[sp=Y,82] K=1,C=1,S=1,X=1,Y=1,R=1",-inf,-inf,0,Y|Y,1
K,74,C,1,K,37,Y,146,S,2,R,3,X,79,Y,10,C,1,S,1,X,1,K,1,Y,1,R,1,"L1:[sp=K,74] C=1,K=37,Y=146,S=2,R=3,X=79 || L2:[sp=Y,10] C=1,S=1,X=1,K=1,Y=1,R=1",-inf,-inf,0,K|Y,1
Y,54,X,181,C,3,Y,63,K,36,R,1,S,1,C,2,C,1,X,1,S,1,R,1,Y,1,K,1,"L1:[sp=Y,54] X=181,C=3,Y=63,K=36,R=1,S=1 || L2:[sp=C,2] C=1,X=1,S=1,R=1,Y=1,K=1",-inf,-inf,0,Y|C,1
K,3,Y,85,R,1,X,9,C,1,K,32,S,2,C,1,Y,1,X,1,S,1,R,1,C,1,K,1,"L1:[sp=K,3] Y=85,R=1,X=9,C=1,K=32,S=2 || L2:[sp=C,1] Y=1,X=1,S=1,R=1,C=1,K=1",-47998279.0,-163323000.0,1,K|C,1
K,3,Y,85,R,1,X,9,C,1,K,32,S,2,C,1,Y,1,X,1,S,2,R,1,C,1,K,1,"L1:[sp=K,3] Y=85,R=1,X=9,C=1,K=32,S=2 || L2:[sp=C,1] Y=1,X=1,S=2,R=1,C=1,K=1",-57546055.0,-163323000.0,1,K|C,1
C,91,C,1,K,1,R,1,S,1,X,1,Y,1,Y,24,S,1,K,1,R,1,Y,1,C,1,X,1,"L1:[sp=C,91] C=1,K=1,R=1,S=1,X=1,Y=1 || L2:[sp=Y,24] S=1,K=1,R=1,Y=1,C=1,X=1",-57802753.0,-163323000.0,1,C|Y,1
K,3,Y,85,R,1,X,9,C,1,K,32,S,2,C,1,Y,1,X,1,S,1,R,1,C,1,K,1,"L1:[sp=K,3] Y=85,R=1,X=9,C=1,K=32,S=2 || L2:[sp=C,1] Y=1,X=1,S=1,R=1,C=1,K=1",-47998279.0,-163323000.0,1,K|C,1
Y,67,X,1,R,1,K,24,Y,1,S,1,C,1,C,10,R,1,Y,1,C,1,S,1,X,1,K,1,"L1:[sp=Y,67] X=1,R=1,K=24,Y=1,S=1,C=1 || L2:[sp=C,10] R=1,Y=1,C=1,S=1,X=1,K=1",-5673025.0,-163323000.0,1,Y|C,1
K,3,Y,1,R,1,X,1,C,1,K,32,S,1,C,1,Y,1,X,1,S,1,C,1,R,1,K,1,"L1:[sp=K,3] Y=1,R=1,X=1,C=1,K=32,S=1 || L2:[sp=C,1] Y=1,X=1,S=1,C=1,R=1,K=1",-44706817.0,-163323000.0,1,K|C,1
C,91,C,3,K,1,R,1,S,2,X,46,Y,85,Y,24,S,1,K,1,R,1,Y,1,C,1,X,1,"L1:[sp=C,91] C=3,K=1,R=1,S=2,X=46,Y=85 || L2:[sp=Y,24] S=1,K=1,R=1,Y=1,C=1,X=1",-4339585.0,-163323000.0,1,C|Y,1
K,3,Y,85,R,1,X,9,C,1,K,32,S,3,C,1,Y,1,X,1,S,1,R,1,C,1,K,1,"L1:[sp=K,3] Y=85,R=1,X=9,C=1,K=32,S=3 || L2:[sp=C,1] Y=1,X=1,S=1,R=1,C=1,K=1",-52642468.0,-163323000.0,1,K|C,1
C,91,R,1,K,1,C,1,S,2,X,1,Y,1,Y,24,S,1,K,1,R,1,Y,1,C,1,X,1,"L1:[sp=C,91] R=1,K=1,C=1,S=2,X=1,Y=1 || L2:[sp=Y,24] S=1,K=1,R=1,Y=1,C=1,X=1",-76726273.0,-163323000.0,1,C|Y,1
K,3,Y,85,X,9,R,1,C,1,K,32,S,2,C,1,Y,1,X,1,S,1,R,1,C,1,K,16,"L1:[sp=K,3] Y=85,X=9,R=1,C=1,K=32,S=2 || L2:[sp=C,1] Y=1,X=1,S=1,R=1,C=1,K=16",-47998279.0,-163323000.0,1,K|C,1
C,91,X,1,K,1,R,3,S,1,C,1,Y,1,Y,24,S,1,K,1,R,1,Y,1,C,1,X,1,"L1:[sp=C,91] X=1,K=1,R=3,S=1,C=1,Y=1 || L2:[sp=Y,24] S=1,K=1,R=1,Y=1,C=1,X=1",-38191105.0,-163323000.0,1,C|Y,1
C,67,X,105,R,1,Y,1,K,1,S,1,C,2,Y,10,X,1,Y,1,C,1,S,1,R,1,K,1,"L1:[sp=C,67] X=105,R=1,Y=1,K=1,S=1,C=2 || L2:[sp=Y,10] X=1,Y=1,C=1,S=1,R=1,K=1",-58189825.0,-163323000.0,1,C|Y,1
C,91,C,1,K,1,R,1,S,1,X,1,Y,1,Y,24,S,1,K,1,R,1,Y,1,C,1,X,1,"L1:[sp=C,91] C=1,K=1,R=1,S=1,X=1,Y=1 || L2:[sp=Y,24] S=1,K=1,R=1,Y=1,C=1,X=1",-57802753.0,-163323000.0,1,C|Y,1
K,3,Y,85,S,2,X,9,C,1,K,34,R,1,C,1,Y,22,X,1,S,1,R,1,C,1,K,31,"L1:[sp=K,3] Y=85,S=2,X=9,C=1,K=34,R=1 || L2:[sp=C,1] Y=22,X=1,S=1,R=1,C=1,K=31",-inf,-inf,0,K|C,1
C,67,X,1,R,1,K,1,Y,1,S,1,C,1,Y,10,X,1,Y,1,C,1,S,1,R,1,K,1,"L1:[sp=C,67] X=1,R=1,K=1,Y=1,S=1,C=1 || L2:[sp=Y,10] X=1,Y=1,C=1,S=1,R=1,K=1",-57802753.0,-163323000.0,1,C|Y,1
C,91,C,1,K,1,R,1,S,1,X,216,Y,1,Y,24,S,1,K,1,R,1,Y,1,C,1,X,1,"L1:[sp=C,91] C=1,K=1,R=1,S=1,X=216,Y=1 || L2:[sp=Y,24] S=1,K=1,R=1,Y=1,C=1,X=1",-29159425.0,-163323000.0,1,C|Y,1
C,67,X,1,K,1,R,1,Y,1,S,1,C,1,Y,10,X,1,Y,1,C,1,S,1,R,1,K,1,"L1:[sp=C,67] X=1,K=1,R=1,Y=1,S=1,C=1 || L2:[sp=Y,10] X=1,Y=1,C=1,S=1,R=1,K=1",-57802753.0,-163323000.0,1,C|Y,1
X,67,X,1,R,1,K,1,Y,1,S,1,C,1,Y,1,X,1,Y,1,C,1,S,1,R,1,K,1,"L1:[sp=X,67] X=1,R=1,K=1,Y=1,S=1,C=1 || L2:[sp=Y,1] X=1,Y=1,C=1,S=1,R=1,K=1",-1548289.0,-163323000.0,1,X|Y,1
K,3,Y,85,R,1,X,9,C,1,K,32,S,2,C,1,Y,76,X,1,S,1,R,1,C,1,K,1,"L1:[sp=K,3] Y=85,R=1,X=9,C=1,K=32,S=2 || L2:[sp=C,1] Y=76,X=1,S=1,R=1,C=1,K=1",-38356039.0,-163324000.0,1,K|C,1
Y,67,X,9,R,1,K,1,Y,85,S,2,C,1,C,10,X,1,Y,1,C,1,S,1,R,1,K,1,"L1:[sp=Y,67] X=9,R=1,K=1,Y=85,S=2,C=1 || L2:[sp=C,10] X=1,Y=1,C=1,S=1,R=1,K=1",-36455041.0,-163323000.0,1,Y|C,1
K,3,Y,1,X,1,R,1,C,1,K,32,S,1,C,1,C,1,X,1,S,1,R,1,Y,1,K,6,"L1:[sp=K,3] Y=1,X=1,R=1,C=1,K=32,S=1 || L2:[sp=C,1] C=1,X=1,S=1,R=1,Y=1,K=6",-44706817.0,-163323000.0,1,K|C,1
X,67,X,1,R,1,K,1,Y,1,S,1,C,1,Y,1,X,1,Y,1,C,1,S,1,R,1,K,1,"L1:[sp=X,67] X=1,R=1,K=1,Y=1,S=1,C=1 || L2:[sp=Y,1] X=1,Y=1,C=1,S=1,R=1,K=1",-1548289.0,-163323000.0,1,X|Y,1
X,67,X,1,R,1,K,1,C,1,S,1,Y,1,Y,1,X,1,Y,1,C,1,K,1,R,1,S,1,"L1:[sp=X,67] X=1,R=1,K=1,C=1,S=1,Y=1 || L2:[sp=Y,1] X=1,Y=1,C=1,K=1,R=1,S=1",-1548289.0,-163323000.0,1,X|Y,1
Y,67,X,1,R,1,K,40,Y,1,S,1,C,1,C,10,R,1,Y,1,C,1,S,1,X,1,K,1,"L1:[sp=Y,67] X=1,R=1,K=40,Y=1,S=1,C=1 || L2:[sp=C,10] R=1,Y=1,C=1,S=1,X=1,K=1",-5588353.0,-163323000.0,1,Y|C,1
K,3,Y,1,R,1,X,1,C,1,K,32,S,2,C,1,Y,1,X,1,S,1,R,1,C,1,K,1,"L1:[sp=K,3] Y=1,R=1,X=1,C=1,K=32,S=2 || L2:[sp=C,1] Y=1,X=1,S=1,R=1,C=1,K=1",-87216193.0,-163323000.0,1,K|C,1
K,3,Y,85,R,1,X,9,C,1,K,32,S,1,C,1,Y,76,X,1,S,1,R,1,C,1,K,1,"L1:[sp=K,3] Y=85,R=1,X=9,C=1,K=32,S=1 || L2:[sp=C,1] Y=76,X=1,S=1,R=1,C=1,K=1",-34644970.0,-163324000.0,1,K|C,1
K,3,X,1,R,1,Y,1,S,1,K,32,C,1,C,1,Y,1,X,1,S,1,C,1,R,1,K,1,"L1:[sp=K,3] X=1,R=1,Y=1,S=1,K=32,C=1 || L2:[sp=C,1] Y=1,X=1,S=1,C=1,R=1,K=1",-44706817.0,-163323000.0,1,K|C,1
X,67,X,120,R,1,K,1,Y,1,S,1,C,1,Y,1,X,1,Y,1,C,1,S,1,R,1,K,1,"L1:[sp=X,67] X=120,R=1,K=1,Y=1,S=1,C=1 || L2:[sp=Y,1] X=1,Y=1,C=1,S=1,R=1,K=1",-46835713.0,-163323000.0,1,X|Y,1
C,91,X,1,K,1,R,1,Y,61,C,1,S,2,Y,24,K,1,S,1,R,1,Y,1,C,1,X,1,"L1:[sp=C,91] X=1,K=1,R=1,Y=61,C=1,S=2 || L2:[sp=Y,24] K=1,S=1,R=1,Y=1,C=1,X=1",-3168385.0,-163323000.0,1,C|Y,1
Y,67,X,9,R,1,K,1,Y,85,S,2,C,1,C,10,X,1,Y,1,C,1,S,1,R,1,K,1,"L1:[sp=Y,67] X=9,R=1,K=1,Y=85,S=2,C=1 || L2:[sp=C,10] X=1,Y=1,C=1,S=1,R=1,K=1",-36455041.0,-163323000.0,1,Y|C,1
K,3,S,1,R,1,X,1,C,1,K,50,Y,1,C,1,Y,1,X,1,S,1,C,1,R,1,K,1,"L1:[sp=K,3] S=1,R=1,X=1,C=1,K=50,Y=1 || L2:[sp=C,1] Y=1,X=1,S=1,C=1,R=1,K=1",-69092353.0,-163323000.0,1,K|C,1
Y,67,X,1,R,1,K,24,Y,22,S,2,C,1,C,10,R,1,Y,1,C,1,S,1,X,1,K,1,"L1:[sp=Y,67] X=1,R=1,K=24,Y=22,S=2,C=1 || L2:[sp=C,10] R=1,Y=1,C=1,S=1,X=1,K=1",-16967179.0,-163323000.0,1,Y|C,1
Y,67,Y,1,R,1,K,24,X,1,S,1,C,1,C,10,R,1,Y,1,C,1,S,1,X,1,K,1,"L1:[sp=Y,67] Y=1,R=1,K=24,X=1,S=1,C=1 || L2:[sp=C,10] R=1,Y=1,C=1,S=1,X=1,K=1",-5673025.0,-163323000.0,1,Y|C,1
K,3,Y,1,R,1,X,1,C,1,K,32,S,1,C,1,Y,1,K,1,C,1,S,1,R,1,X,1,"L1:[sp=K,3] Y=1,R=1,X=1,C=1,K=32,S=1 || L2:[sp=C,1] Y=1,K=1,C=1,S=1,R=1,X=1",-44706817.0,-163323000.0,1,K|C,1
C,91,C,3,S,2,R,1,K,1,X,46,Y,85,Y,24,S,1,K,1,R,1,Y,1,C,1,X,1,"L1:[sp=C,91] C=3,S=2,R=1,K=1,X=46,Y=85 || L2:[sp=Y,24] S=1,K=1,R=1,Y=1,C=1,X=1",-4339585.0,-163323000.0,1,C|Y,1
C,91,C,1,K,1,R,1,S,1,X,216,Y,1,Y,24,S,1,K,1,R,1,Y,1,C,1,X,1,"L1:[sp=C,91] C=1,K=1,R=1,S=1,X=216,Y=1 || L2:[sp=Y,24] S=1,K=1,R=1,Y=1,C=1,X=1",-29159425.0,-163323000.0,1,C|Y,1
C,91,X,1,K,1,R,3,S,2,C,1,Y,1,Y,1,S,1,K,1,R,1,Y,1,C,1,X,1,"L1:[sp=C,91] X=1,K=1,R=3,S=2,C=1,Y=1 || L2:[sp=Y,1] S=1,K=1,R=1,Y=1,C=1,X=1",-177429505.0,-163323000.0,1,C|Y,1
C,91,C,3,K,1,R,1,S,1,X,46,Y,85,Y,24,S,1,K,1,R,1,Y,1,C,1,X,1,"L1:[sp=C,91] C=3,K=1,R=1,S=1,X=46,Y=85 || L2:[sp=Y,24] S=1,K=1,R=1,Y=1,C=1,X=1",-4266433.0,-163323000.0,1,C|Y,1
K,3,Y,85,R,1,X,9,C,2,K,32,S,1,C,1,Y,76,X,5,S,1,R,1,C,1,K,1,"L1:[sp=K,3] Y=85,R=1,X=9,C=2,K=32,S=1 || L2:[sp=C,1] Y=76,X=5,S=1,R=1,C=1,K=1",-inf,-inf,0,K|C,1
Y,67,X,1,R,1,K,1,Y,1,S,2,C,1,Y,1,X,1,Y,1,C,1,S,1,R,1,K,1,"L1:[sp=Y,67] X=1,R=1,K=1,Y=1,S=2,C=1 || L2:[sp=Y,1] X=1,Y=1,C=1,S=1,R=1,K=1",-2055169.0,-163323000.0,1,Y|Y,1
K,3,Y,1,R,1,X,1,C,1,K,32,S,3,C,1,Y,1,X,1,S,1,C,1,R,1,K,1,"L1:[sp=K,3] Y=1,R=1,X=1,C=1,K=32,S=3 || L2:[sp=C,1] Y=1,X=1,S=1,C=1,R=1,K=1",-129342529.0,-163323000.0,1,K|C,1
X,67,X,1,R,1,K,1,Y,1,S,1,C,1,Y,1,X,1,Y,1,C,1,S,1,R,1,K,1,"L1:[sp=X,67] X=1,R=1,K=1,Y=1,S=1,C=1 || L2:[sp=Y,1] X=1,Y=1,C=1,S=1,R=1,K=1",-1548289.0,-163323000.0,1,X|Y,1
X,67,X,1,R,1,K,1,C,1,S,2,Y,1,Y,1,X,1,Y,1,C,1,K,1,R,1,S,1,"L1:[sp=X,67] X=1,R=1,K=1,C=1,S=2,Y=1 || L2:[sp=Y,1] X=1,Y=1,C=1,K=1,R=1,S=1",-2064385.0,-163323000.0,1,X|Y,1
Y,67,Y,1,R,2,K,1,X,1,S,1,C,1,C,1,X,1,Y,1,C,1,S,1,R,1,K,1,"L1:[sp=Y,67] Y=1,R=2,K=1,X=1,S=1,C=1 || L2:[sp=C,1] X=1,Y=1,C=1,S=1,R=1,K=1",-2064385.0,-163323000.0,1,Y|C,1
Y,67,Y,1,R,1,K,24,X,1,S,3,C,1,C,10,R,1,Y,1,C,1,S,1,X,1,K,1,"L1:[sp=Y,67] Y=1,R=1,K=24,X=1,S=3,C=1 || L2:[sp=C,10] R=1,Y=1,C=1,S=1,X=1,K=1",-16195789.0,-163323000.0,1,Y|C,1
C,91,X,1,K,8,R,1,Y,61,C,1,S,1,Y,24,K,1,S,1,R,1,Y,1,C,1,X,1,"L1:[sp=C,91] X=1,K=8,R=1,Y=61,C=1,S=1 || L2:[sp=Y,24] K=1,S=1,R=1,Y=1,C=1,X=1",-1483777.0,-163323000.0,1,C|Y,1
Y,67,X,177,R,1,K,1,Y,1,S,2,C,1,Y,1,X,1,Y,1,C,1,S,1,R,1,K,1,"L1:[sp=Y,67] X=177,R=1,K=1,Y=1,S=2,C=1 || L2:[sp=Y,1] X=1,Y=1,C=1,S=1,R=1,K=1",-inf,-inf,0,Y|Y,1
C,91,C,3,K,1,R,1,S,1,X,46,Y,85,Y,24,C,1,K,1,R,1,Y,1,S,1,X,25,"L1:[sp=C,91] C=3,K=1,R=1,S=1,X=46,Y=85 || L2:[sp=Y,24] C=1,K=1,R=1,Y=1,S=1,X=25",-4380481.0,-163323000.0,1,C|Y,1
X,67,X,1,R,1,K,63,Y,1,S,2,C,1,Y,1,R,1,Y,1,C,1,S,1,X,1,K,1,"L1:[sp=X,67] X=1,R=1,K=63,Y=1,S=2,C=1 || L2:[sp=Y,1] R=1,Y=1,C=1,S=1,X=1,K=1",-1564417.0,-163323000.0,1,X|Y,1
C,91,C,3,S,2,R,1,K,1,X,46,Y,85,Y,24,S,1,K,1,R,1,Y,1,C,3,X,1,"L1:[sp=C,91] C=3,S=2,R=1,K=1,X=46,Y=85 || L2:[sp=Y,24] S=1,K=1,R=1,Y=1,C=3,X=1",-4339585.0,-163323000.0,1,C|Y,1
Y,67,X,1,R,1,K,40,Y,1,S,1,C,1,C,10,R,1,Y,1,C,1,S,1,X,1,K,1,"L1:[sp=Y,67] X=1,R=1,K=40,Y=1,S=1,C=1 || L2:[sp=C,10] R=1,Y=1,C=1,S=1,X=1,K=1",-5588353.0,-163323000.0,1,Y|C,1
X,91,C,3,K,1,R,1,S,1,X,46,Y,85,C,46,S,1,K,1,R,1,Y,1,C,1,X,39,"L1:[sp=X,91] C=3,K=1,R=1,S=1,X=46,Y=85 || L2:[sp=C,46] S=1,K=1,R=1,Y=1,C=1,X=39",-11873665.0,-163324000.0,1,X|C,1
X,67,X,1,R,1,K,1,C,1,S,1,Y,1,Y,1,X,1,Y,1,C,1,K,1,R,1,S,1,"L1:[sp=X,67] X=1,R=1,K=1,C=1,S=1,Y=1 || L2:[sp=Y,1] X=1,Y=1,C=1,K=1,R=1,S=1",-1548289.0,-163323000.0,1,X|Y,1
Y,67,Y,1,R,1,K,24,X,215,S,1,C,1,C,10,C,1,Y,1,R,1,S,1,X,1,K,23,"L1:[sp=Y,67] Y=1,R=1,K=24,X=215,S=1,C=1 || L2:[sp=C,10] C=1,Y=1,R=1,S=1,X=1,K=23",-inf,-inf,0,Y|C,1
X,67,X,181,R,1,K,1,Y,1,S,2,C,1,Y,1,X,1,Y,1,C,1,S,1,K,1,R,1,"L1:[sp=X,67] X=181,R=1,K=1,Y=1,S=2,C=1 || L2:[sp=Y,1] X=1,Y=1,C=1,S=1,K=1,R=1",-70705153.0,-163323000.0,1,X|Y,1
Y,67,X,1,R,1,K,1,Y,1,S,1,C,1,Y,1,X,1,Y,1,C,1,S,1,R,1,K,1,"L1:[sp=Y,67] X=1,R=1,K=1,Y=1,S=1,C=1 || L2:[sp=Y,1] X=1,Y=1,C=1,S=1,R=1,K=1",-1548289.0,-163323000.0,1,Y|Y,1
C,91,C,2,K,1,R,1,S,1,X,46,Y,85,Y,24,S,1,K,1,R,1,Y,1,C,1,X,1,"L1:[sp=C,91] C=2,K=1,R=1,S=1,X=46,Y=85 || L2:[sp=Y,24] S=1,K=1,R=1,Y=1,C=1,X=1",-2847169.0,-163323000.0,1,C|Y,1
C,91,X,1,K,1,R,1,Y,61,C,1,S,1,Y,24,K,1,S,1,R,1,Y,1,C,1,X,1,"L1:[sp=C,91] X=1,K=1,R=1,Y=61,C=1,S=1 || L2:[sp=Y,24] K=1,S=1,R=1,Y=1,C=1,X=1",-1935361.0,-163323000.0,1,C|Y,1
Y,67,Y,1,R,1,K,24,X,1,S,2,C,1,C,10,X,1,Y,1,C,1,S,1,R,1,K,1,"L1:[sp=Y,67] Y=1,R=1,K=24,X=1,S=2,C=1 || L2:[sp=C,10] X=1,Y=1,C=1,S=1,R=1,K=1",-10958221.0,-163323000.0,1,Y|C,1
X,67,X,1,R,1,K,1,C,1,S,1,Y,1,K,1,X,1,Y,1,C,1,K,1,R,1,S,1,"L1:[sp=X,67] X=1,R=1,K=1,C=1,S=1,Y=1 || L2:[sp=K,1] X=1,Y=1,C=1,K=1,R=1,S=1",-1548289.0,-163323000.0,1,X|K,1
X,91,C,3,S,2,R,1,K,1,X,46,Y,145,Y,24,S,1,K,1,R,1,Y,1,C,1,X,1,"L1:[sp=X,91] C=3,S=2,R=1,K=1,X=46,Y=145 || L2:[sp=Y,24] S=1,K=1,R=1,Y=1,C=1,X=1",-inf,-inf,0,X|Y,1
Y,67,Y,1,R,1,K,27,X,139,S,1,C,1,C,10,R,1,Y,1,C,1,S,1,X,1,K,1,"L1:[sp=Y,67] Y=1,R=1,K=27,X=139,S=1,C=1 || L2:[sp=C,10] R=1,Y=1,C=1,S=1,X=1,K=1",-inf,-inf,0,Y|C,1
C,91,X,1,K,8,R,1,Y,61,C,1,S,1,Y,24,K,1,S,1,R,1,Y,1,C,1,X,1,"L1:[sp=C,91] X=1,K=8,R=1,Y=61,C=1,S=1 || L2:[sp=Y,24] K=1,S=1,R=1,Y=1,C=1,X=1",-1483777.0,-163323000.0,1,C|Y,1
C,91,X,1,K,1,R,1,Y,61,C,1,S,1,X,1,K,1,S,1,R,1,Y,1,C,1,X,1,"L1:[sp=C,91] X=1,K=1,R=1,Y=61,C=1,S=1 || L2:[sp=X,1] K=1,S=1,R=1,Y=1,C=1,X=1",-29417473.0,-163323000.0,1,C|X,1
Y,67,X,1,R,1,K,1,Y,1,S,1,C,1,Y,1,X,1,Y,1,C,1,S,1,R,1,K,1,"L1:[sp=Y,67] X=1,R=1,K=1,Y=1,S=1,C=1 || L2:[sp=Y,1] X=1,Y=1,C=1,S=1,R=1,K=1",-1548289.0,-163323000.0,1,Y|Y,1
C,91,X,1,K,27,R,1,Y,61,C,1,S,1,Y,24,K,1,S,1,R,1,Y,1,C,1,X,1,"L1:[sp=C,91] X=1,K=27,R=1,Y=61,C=1,S=1 || L2:[sp=Y,24] K=1,S=1,R=1,Y=1,C=1,X=1",-1443457.0,-163323000.0,1,C|Y,1
X,67,X,1,R,1,K,63,Y,1,S,2,C,1,Y,1,R,1,Y,1,C,1,S,1,X,1,K,1,"L1:[sp=X,67] X=1,R=1,K=63,Y=1,S=2,C=1 || L2:[sp=Y,1] R=1,Y=1,C=1,S=1,X=1,K=1",-1564417.0,-163323000.0,1,X|Y,1
X,67,X,1,R,1,K,1,C,1,S,1,Y,1,K,1,X,1,Y,1,C,1,K,1,R,1,S,1,"L1:[sp=X,67] X=1,R=1,K=1,C=1,S=1,Y=1 || L2:[sp=K,1] X=1,Y=1,C=1,K=1,R=1,S=1",-1548289.0,-163323000.0,1,X|K,1
X,67,K,1,R,1,X,1,C,1,S,1,Y,1,Y,1,X,1,Y,1,C,1,K,1,R,1,S,1,"L1:[sp=X,67] K=1,R=1,X=1,C=1,S=1,Y=1 || L2:[sp=Y,1] X=1,Y=1,C=1,K=1,R=1,S=1",-1548289.0,-163323000.0,1,X|Y,1
Y,67,X,1,R,1,K,1,Y,1,S,1,C,1,Y,1,X,1,Y,1,C,1,S,1,R,1,K,1,"L1:[sp=Y,67] X=1,R=1,K=1,Y=1,S=1,C=1 || L2:[sp=Y,1] X=1,Y=1,C=1,S=1,R=1,K=1",-1548289.0,-163323000.0,1,Y|Y,1
C,91,X,1,K,8,R,1,Y,61,C,1,S,1,Y,24,K,1,S,1,R,1,Y,1,C,1,X,1,"L1:[sp=C,91] X=1,K=8,R=1,Y=61,C=1,S=1 || L2:[sp=Y,24] K=1,S=1,R=1,Y=1,C=1,X=1",-inf,-inf,0,C|Y,1
Y,67,X,36,R,1,K,33,Y,1,S,1,C,1,Y,1,X,1,Y,1,C,1,S,1,K,1,R,1,"L1:[sp=Y,67] X=36,R=1,K=33,Y=1,S=1,C=1 || L2:[sp=Y,1] X=1,Y=1,C=1,S=1,K=1,R=1",-inf,-inf,0,Y|Y,1
C,91,X,1,K,8,R,3,S,1,C,1,Y,61,Y,24,K,1,S,1,R,1,Y,1,C,1,X,1,"L1:[sp=C,91] X=1,K=8,R=3,S=1,C=1,Y=61 || L2:[sp=Y,24] K=1,S=1,R=1,Y=1,C=1,X=1",-1440769.0,-163323000.0,1,C|Y,1
X,67,X,1,R,1,K,45,Y,1,S,2,C,1,X,1,X,1,Y,1,C,1,K,1,R,1,S,1,"L1:[sp=X,67] X=1,R=1,K=45,Y=1,S=2,C=1 || L2:[sp=X,1] X=1,Y=1,C=1,K=1,R=1,S=1",-1564417.0,-163323000.0,1,X|X,1
X,67,X,1,R,1,K,63,Y,1,S,2,C,1,Y,1,R,1,Y,1,C,1,S,1,X,1,K,1,"L1:[sp=X,67] X=1,R=1,K=63,Y=1,S=2,C=1 || L2:[sp=Y,1] R=1,Y=1,C=1,S=1,X=1,K=1",-1564417.0,-163323000.0,1,X|Y,1
Y,67,X,1,R,1,K,1,Y,1,S,1,C,1,Y,1,X,1,Y,1,C,1,S,1,R,1,K,1,"L1:[sp=Y,67] X=1,R=1,K=1,Y=1,S=1,C=1 || L2:[sp=Y,1] X=1,Y=1,C=1,S=1,R=1,K=1",-1548289.0,-163323000.0,1,Y|Y,1
C,91,R,1,K,8,X,1,Y,61,C,1,S,1,Y,24,K,1,S,1,Y,1,R,1,C,1,X,1,"L1:[sp=C,91] R=1,K=8,X=1,Y=61,C=1,S=1 || L2:[sp=Y,24] K=1,S=1,Y=1,R=1,C=1,X=1",-1483777.0,-163323000.0,1,C|Y,1
C,67,X,109,R,1,K,1,C,1,S,1,Y,1,Y,1,X,1,Y,1,C,1,K,1,R,1,S,1,"L1:[sp=C,67] X=109,R=1,K=1,C=1,S=1,Y=1 || L2:[sp=Y,1] X=1,Y=1,C=1,K=1,R=1,S=1",-29288449.0,-163323000.0,1,C|Y,1
X,67,X,1,R,1,K,1,C,1,S,2,Y,191,Y,1,X,1,Y,1,C,1,K,1,R,1,S,1,"L1:[sp=X,67] X=1,R=1,K=1,C=1,S=2,Y=191 || L2:[sp=Y,1] X=1,Y=1,C=1,K=1,R=1,S=1",-inf,-inf,0,X|Y,1
X,67,X,1,R,1,K,1,C,1,S,1,Y,16,Y,1,X,1,Y,1,C,1,S,1,R,1,K,1,"L1:[sp=X,67] X=1,R=1,K=1,C=1,S=1,Y=16 || L2:[sp=Y,1] X=1,Y=1,C=1,S=1,R=1,K=1",-822529.0,-163323000.0,1,X|Y,1
Y,91,X,1,K,8,R,1,Y,61,C,1,S,2,C,24,K,1,S,1,R,1,Y,1,C,1,X,1,"L1:[sp=Y,91] X=1,K=8,R=1,Y=61,C=1,S=2 || L2:[sp=C,24] K=1,S=1,R=1,Y=1,C=1,X=1",-47044081.0,-163323000.0,1,Y|C,1
X,67,K,52,R,1,X,1,C,1,S,2,Y,1,Y,1,X,1,Y,1,C,1,R,1,K,1,S,1,"L1:[sp=X,67] K=52,R=1,X=1,C=1,S=2,Y=1 || L2:[sp=Y,1] X=1,Y=1,C=1,R=1,K=1,S=1",-1564417.0,-163323000.0,1,X|Y,1
C,67,Y,1,R,1,K,63,X,79,S,2,C,1,Y,1,R,1,Y,1,C,1,X,1,S,1,K,1,"L1:[sp=C,67] Y=1,R=1,K=63,X=79,S=2,C=1 || L2:[sp=Y,1] R=1,Y=1,C=1,X=1,S=1,K=1",-29167489.0,-163323000.0,1,C|Y,1
X,67,X,1,R,1,K,1,C,1,S,1,Y,16,Y,1,X,1,Y,1,C,1,S,1,R,1,K,1,"L1:[sp=X,67] X=1,R=1,K=1,C=1,S=1,Y=16 || L2:[sp=Y,1] X=1,Y=1,C=1,S=1,R=1,K=1",-822529.0,-163323000.0,1,X|Y,1
C,91,X,1,K,27,R,1,Y,61,C,1,S,1,Y,24,K,1,S,1,R,1,Y,1,C,1,X,1,"L1:[sp=C,91] X=1,K=27,R=1,Y=61,C=1,S=1 || L2:[sp=Y,24] K=1,S=1,R=1,Y=1,C=1,X=1",-1443457.0,-163323000.0,1,C|Y,1
X,67,X,1,R,1,S,1,C,1,K,1,Y,1,K,1,X,1,Y,1,C,1,K,1,R,1,S,1,"L1:[sp=X,67] X=1,R=1,S=1,C=1,K=1,Y=1 || L2:[sp=K,1] X=1,Y=1,C=1,K=1,R=1,S=1",-1548289.0,-163323000.0,1,X|K,1
X,67,X,1,R,1,K,34,C,1,S,1,Y,1,K,1,X,1,Y,1,C,1,K,1,R,1,S,1,"L1:[sp=X,67] X=1,R=1,K=34,C=1,S=1,Y=1 || L2:[sp=K,1] X=1,Y=1,C=1,K=1,R=1,S=1",-798337.0,-163323000.0,1,X|K,1
C,91,X,1,K,29,R,1,Y,61,C,1,S,1,C,1,K,1,S,1,R,1,Y,1,C,1,X,1,"L1:[sp=C,91] X=1,K=29,R=1,Y=61,C=1,S=1 || L2:[sp=C,1] K=1,S=1,R=1,Y=1,C=1,X=1",-28925569.0,-163323000.0,1,C|C,1
C,91,X,1,K,27,R,1,Y,61,C,1,S,3,Y,24,K,1,S,1,R,1,Y,1,C,1,X,1,"L1:[sp=C,91] X=1,K=27,R=1,Y=61,C=1,S=3 || L2:[sp=Y,24] K=1,S=1,R=1,Y=1,C=1,X=1",-4227769.0,-163323000.0,1,C|Y,1
C,91,R,1,K,33,X,1,Y,61,C,1,S,3,Y,24,K,1,S,1,Y,1,R,1,C,1,X,1,"L1:[sp=C,91] R=1,K=33,X=1,Y=61,C=1,S=3 || L2:[sp=Y,24] K=1,S=1,Y=1,R=1,C=1,X=1",-4225105.0,-163323000.0,1,C|Y,1
C,91,K,28,X,1,R,1,S,1,C,1,Y,61,Y,24,R,1,S,1,K,1,Y,1,C,1,X,1,"L1:[sp=C,91] K=28,X=1,R=1,S=1,C=1,Y=61 || L2:[sp=Y,24] R=1,S=1,K=1,Y=1,C=1,X=1",-1443457.0,-163323000.0,1,C|Y,1
X,91,R,1,K,8,X,1,Y,61,C,1,S,1,Y,24,K,6,S,1,Y,1,R,1,C,1,X,1,"L1:[sp=X,91] R=1,K=8,X=1,Y=61,C=1,S=1 || L2:[sp=Y,24] K=6,S=1,Y=1,R=1,C=1,X=1",-635905.0,-163323000.0,1,X|Y,1
X,67,X,1,R,1,K,1,C,1,S,1,Y,16,Y,1,X,1,Y,1,C,1,S,1,R,1,K,1,"L1:[sp=X,67] X=1,R=1,K=1,C=1,S=1,Y=16 || L2:[sp=Y,1] X=1,Y=1,C=1,S=1,R=1,K=1",-822529.0,-163323000.0,1,X|Y,1
C,91,X,1,K,8,R,3,Y,61,C,1,S,1,Y,24,K,1,S,1,R,1,Y,1,C,1,X,1,"L1:[sp=C,91] X=1,K=8,R=3,Y=61,C=1,S=1 || L2:[sp=Y,24] K=1,S=1,R=1,Y=1,C=1,X=1",-1440769.0,-163323000.0,1,C|Y,1
Y,67,X,1,R,1,K,8,Y,1,S,1,C,1,Y,1,X,1,C,1,Y,1,S,1,R,1,K,1,"L1:[sp=Y,67] X=1,R=1,K=8,Y=1,S=1,C=1 || L2:[sp=Y,1] X=1,C=1,Y=1,S=1,R=1,K=1",-inf,-inf,0,Y|Y,1
X,67,X,1,R,1,K,1,C,1,S,3,Y,1,K,1,X,1,Y,1,C,1,K,1,R,1,S,1,"L1:[sp=X,67] X=1,R=1,K=1,C=1,S=3,Y=1 || L2:[sp=K,1] X=1,Y=1,C=1,K=1,R=1,S=1",-2580481.0,-163323000.0,1,X|K,1
C,91,X,1,K,8,R,1,S,1,C,1,Y,61,Y,24,K,1,S,1,R,1,Y,1,C,1,X,1,"L1:[sp=C,91] X=1,K=8,R=1,S=1,C=1,Y=61 || L2:[sp=Y,24] K=1,S=1,R=1,Y=1,C=1,X=1",-1483777.0,-163323000.0,1,C|Y,1
C,91,R,3,K,8,X,1,Y,61,C,1,S,1,Y,24,K,1,S,1,Y,1,R,2,C,1,X,1,"L1:[sp=C,91] R=3,K=8,X=1,Y=61,C=1,S=1 || L2:[sp=Y,24] K=1,S=1,Y=1,R=2,C=1,X=1",-1440769.0,-163323000.0,1,C|Y,1
Y,67,R,1,X,1,K,1,C,1,S,1,Y,16,K,1,X,1,Y,1,C,1,K,1,R,1,S,1,"L1:[sp=Y,67] R=1,X=1,K=1,C=1,S=1,Y=16 || L2:[sp=K,1] X=1,Y=1,C=1,K=1,R=1,S=1",-6580225.0,-163323000.0,1,Y|K,1
X,67,X,1,R,1,K,1,C,1,S,1,Y,1,Y,1,X,1,Y,1,C,1,S,1,R,1,K,1,"L1:[sp=X,67] X=1,R=1,K=1,C=1,S=1,Y=1 || L2:[sp=Y,1] X=1,Y=1,C=1,S=1,R=1,K=1",-1548289.0,-163323000.0,1,X|Y,1
Y,91,R,1,K,8,X,1,Y,61,C,1,S,1,C,24,K,1,S,1,Y,1,R,1,C,1,X,1,"L1:[sp=Y,91] R=1,K=8,X=1,Y=61,C=1,S=1 || L2:[sp=C,24] K=1,S=1,Y=1,R=1,C=1,X=1",-23659777.0,-163323000.0,1,Y|C,1
X,91,R,1,K,8,X,1,Y,61,C,1,S,1,Y,24,K,6,S,1,Y,1,R,1,C,1,X,1,"L1:[sp=X,91] R=1,K=8,X=1,Y=61,C=1,S=1 || L2:[sp=Y,24] K=6,S=1,Y=1,R=1,C=1,X=1",-635905.0,-163323000.0,1,X|Y,1
C,91,X,1,K,8,R,1,Y,61,C,1,S,1,Y,24,K,1,S,1,R,1,Y,1,C,1,X,1,"L1:[sp=C,91] X=1,K=8,R=1,Y=61,C=1,S=1 || L2:[sp=Y,24] K=1,S=1,R=1,Y=1,C=1,X=1",-1483777.0,-163323000.0,1,C|Y,1
C,91,K,28,X,1,R,1,S,1,C,1,Y,61,Y,24,R,1,S,1,K,1,Y,1,C,1,X,1,"L1:[sp=C,91] K=28,X=1,R=1,S=1,C=1,Y=61 || L2:[sp=Y,24] R=1,S=1,K=1,Y=1,C=1,X=1",-1443457.0,-163323000.0,1,C|Y,1
C,91,X,1,K,8,R,1,S,1,C,1,Y,61,Y,24,K,1,S,1,R,1,Y,15,C,1,X,1,"L1:[sp=C,91] X=1,K=8,R=1,S=1,C=1,Y=61 || L2:[sp=Y,24] K=1,S=1,R=1,Y=15,C=1,X=1",-7805953.0,-163323000.0,1,C|Y,1
X,91,R,1,K,8,X,1,Y,188,C,1,S,1,Y,24,K,6,S,1,Y,1,R,1,C,1,X,1,"L1:[sp=X,91] R=1,K=8,X=1,Y=188,C=1,S=1 || L2:[sp=Y,24] K=6,S=1,Y=1,R=1,C=1,X=1",-566785.0,-163323000.0,1,X|Y,1
Y,91,R,1,K,8,X,1,Y,184,C,1,S,1,C,24,K,1,S,1,Y,1,R,1,C,1,X,1,"L1:[sp=Y,91] R=1,K=8,X=1,Y=184,C=1,S=1 || L2:[sp=C,24] K=1,S=1,Y=1,R=1,C=1,X=1",-71269633.0,-163323000.0,1,Y|C,1
X,67,X,1,R,3,K,58,C,1,S,2,Y,61,K,1,X,1,Y,51,C,1,K,1,R,2,S,1,"L1:[sp=X,67] X=1,R=3,K=58,C=1,S=2,Y=61 || L2:[sp=K,1] X=1,Y=51,C=1,K=1,R=2,S=1",-inf,-inf,0,X|K,1
C,91,R,1,Y,16,X,1,K,8,C,1,S,1,Y,24,K,1,S,1,Y,7,R,1,C,1,X,1,"L1:[sp=C,91] R=1,Y=16,X=1,K=8,C=1,S=1 || L2:[sp=Y,24] K=1,S=1,Y=7,R=1,C=1,X=1",-12870145.0,-163323000.0,1,C|Y,1
X,67,X,1,R,3,K,1,C,1,S,1,Y,61,Y,1,X,1,Y,61,C,1,S,1,R,2,K,1,"L1:[sp=X,67] X=1,R=3,K=1,C=1,S=1,Y=61 || L2:[sp=Y,1] X=1,Y=61,C=1,S=1,R=2,K=1",-664705.0,-163323000.0,1,X|Y,1
X,91,R,1,K,8,X,1,Y,61,C,1,S,1,Y,24,K,6,S,1,Y,1,R,1,C,1,X,1,"L1:[sp=X,91] R=1,K=8,X=1,Y=61,C=1,S=1 || L2:[sp=Y,24] K=6,S=1,Y=1,R=1,C=1,X=1",-635905.0,-163323000.0,1,X|Y,1
X,67,X,137,R,1,K,34,C,1,S,1,Y,1,X,137,X,1,Y,1,C,1,K,1,S,1,R,1,"L1:[sp=X,67] X=137,R=1,K=34,C=1,S=1,Y=1 || L2:[sp=X,137] X=1,Y=1,C=1,K=1,S=1,R=1",-798337.0,-163323000.0,1,X|X,1
X,67,S,1,R,3,K,34,C,1,X,1,Y,1,K,1,X,1,Y,1,C,1,K,1,R,1,S,1,"L1:[sp=X,67] S=1,R=3,K=34,C=1,X=1,Y=1 || L2:[sp=K,1] X=1,Y=1,C=1,K=1,R=1,S=1",-2309689.0,-163323000.0,1,X|K,1
X,67,X,1,K,1,R,3,C,1,S,1,Y,16,Y,1,X,1,Y,1,C,1,S,1,R,1,K,1,"L1:[sp=X,67] X=1,K=1,R=3,C=1,S=1,Y=16 || L2:[sp=Y,1] X=1,Y=1,C=1,S=1,R=1,K=1",-880129.0,-163323000.0,1,X|Y,1
X,91,R,1,K,8,X,1,Y,61,C,1,S,1,Y,24,S,1,K,6,Y,1,R,1,C,1,X,1,"L1:[sp=X,91] R=1,K=8,X=1,Y=61,C=1,S=1 || L2:[sp=Y,24] S=1,K=6,Y=1,R=1,C=1,X=1",-635905.0,-163323000.0,1,X|Y,1
C,91,K,28,X,1,R,1,S,1,C,1,Y,61,K,28,R,1,S,1,K,1,Y,1,C,1,X,1,"L1:[sp=C,91] K=28,X=1,R=1,S=1,C=1,Y=61 || L2:[sp=K,28] R=1,S=1,K=1,Y=1,C=1,X=1",-1378945.0,-163323000.0,1,C|K,1
C,91,X,1,K,8,R,1,S,1,C,3,Y,61,Y,24,K,1,S,1,R,1,Y,1,C,1,X,1,"L1:[sp=C,91] X=1,K=8,R=1,S=1,C=3,Y=61 || L2:[sp=Y,24] K=1,S=1,R=1,Y=1,C=1,X=1",-4322305.0,-163323000.0,1,C|Y,1
C,91,X,1,K,8,R,3,Y,61,C,1,S,1,Y,24,K,1,Y,1,R,1,S,1,C,1,X,1,"L1:[sp=C,91] X=1,K=8,R=3,Y=61,C=1,S=1 || L2:[sp=Y,24] K=1,Y=1,R=1,S=1,C=1,X=1",-1440769.0,-163323000.0,1,C|Y,1
X,67,X,1,R,1,K,1,C,1,S,1,Y,16,Y,1,X,1,Y,1,C,1,S,1,R,1,K,1,"L1:[sp=X,67] X=1,R=1,K=1,C=1,S=1,Y=16 || L2:[sp=Y,1] X=1,Y=1,C=1,S=1,R=1,K=1",-822529.0,-163323000.0,1,X|Y,1
X,91,R,1,K,8,X,1,Y,188,C,1,S,1,Y,24,K,6,S,1,Y,1,R,1,C,1,X,1,"L1:[sp=X,91] R=1,K=8,X=1,Y=188,C=1,S=1 || L2:[sp=Y,24] K=6,S=1,Y=1,R=1,C=1,X=1",-566785.0,-163323000.0,1,X|Y,1
X,67,X,137,R,1,K,26,C,1,S,1,Y,1,X,137,X,1,Y,1,C,1,K,1,S,1,R,1,"L1:[sp=X,67] X=137,R=1,K=26,C=1,S=1,Y=1 || L2:[sp=X,137] X=1,Y=1,C=1,K=1,S=1,R=1",-810433.0,-163323000.0,1,X|X,1
X,67,X,1,R,1,C,1,K,1,S,1,Y,16,Y,1,X,1,Y,1,C,1,S,1,R,1,K,1,"L1:[sp=X,67] X=1,R=1,C=1,K=1,S=1,Y=16 || L2:[sp=Y,1] X=1,Y=1,C=1,S=1,R=1,K=1",-822529.0,-163323000.0,1,X|Y,1
C,91,K,28,X,1,R,1,S,1,C,1,Y,61,K,28,R,1,S,1,K,1,Y,1,C,1,X,1,"L1:[sp=C,91] K=28,X=1,R=1,S=1,C=1,Y=61 || L2:[sp=K,28] R=1,S=1,K=1,Y=1,C=1,X=1",-1378945.0,-163323000.0,1,C|K,1
X,67,X,1,K,1,R,3,C,1,S,1,Y,16,Y,1,R,1,Y,1,C,1,S,1,X,1,K,1,"L1:[sp=X,67] X=1,K=1,R=3,C=1,S=1,Y=16 || L2:[sp=Y,1] R=1,Y=1,C=1,S=1,X=1,K=1",-880129.0,-163323000.0,1,X|Y,1
Y,67,X,1,K,1,R,3,C,1,S,2,Y,16,Y,1,X,1,Y,1,C,1,S,2,R,1,K,1,"L1:[sp=Y,67] X=1,K=1,R=3,C=1,S=2,Y=16 || L2:[sp=Y,1] X=1,Y=1,C=1,S=2,R=1,K=1",-9333889.0,-163323000.0,1,Y|Y,1
X,91,R,1,K,14,X,1,Y,61,C,1,S,1,Y,24,S,1,K,6,Y,11,R,1,C,1,X,1,"L1:[sp=X,91] R=1,K=14,X=1,Y=61,C=1,S=1 || L2:[sp=Y,24] S=1,K=6,Y=11,R=1,C=1,X=1",-2450305.0,-163323000.0,1,X|Y,1
X,91,R,3,K,8,X,1,Y,188,C,1,S,1,Y,24,K,6,R,1,Y,1,S,1,C,1,X,1,"L1:[sp=X,91] R=3,K=8,X=1,Y=188,C=1,S=1 || L2:[sp=Y,24] K=6,R=1,Y=1,S=1,C=1,X=1",-inf,-inf,0,X|Y,1
X,67,X,137,R,1,K,57,C,1,S,1,Y,1,X,137,X,1,Y,1,S,1,K,1,C,1,R,1,"L1:[sp=X,67] X=137,R=1,K=57,C=1,S=1,Y=1 || L2:[sp=X,137] X=1,Y=1,S=1,K=1,C=1,R=1",-798337.0,-163323000.0,1,X|X,1
X,67,X,137,R,1,K,34,C,1,S,1,Y,1,X,137,X,1,Y,1,C,1,K,1,S,1,R,1,"L1:[sp=X,67] X=137,R=1,K=34,C=1,S=1,Y=1 || L2:[sp=X,137] X=1,Y=1,C=1,K=1,S=1,R=1",-798337.0,-163323000.0,1,X|X,1
Y,91,R,1,K,8,X,1,Y,188,C,1,S,1,Y,24,K,6,S,1,Y,1,R,1,C,1,X,1,"L1:[sp=Y,91] R=1,K=8,X=1,Y=188,C=1,S=1 || L2:[sp=Y,24] K=6,S=1,Y=1,R=1,C=1,X=1",-3144961.0,-163323000.0,1,Y|Y,1
Y,67,X,81,K,1,R,3,C,1,S,1,Y,16,X,1,X,1,Y,1,C,1,S,1,R,1,K,1,"L1:[sp=Y,67] X=81,K=1,R=3,C=1,S=1,Y=16 || L2:[sp=X,1] X=1,Y=1,C=1,S=1,R=1,K=1",-6969025.0,-163323000.0,1,Y|X,1
X,91,R,1,K,8,X,1,Y,188,C,1,S,1,Y,24,K,6,R,1,Y,1,S,1,C,1,X,1,"L1:[sp=X,91] R=1,K=8,X=1,Y=188,C=1,S=1 || L2:[sp=Y,24] K=6,R=1,Y=1,S=1,C=1,X=1",-566785.0,-163323000.0,1,X|Y,1
X,91,R,1,K,5,X,1,Y,178,C,1,S,1,Y,24,K,5,S,1,Y,1,R,1,C,1,X,1,"L1:[sp=X,91] R=1,K=5,X=1,Y=178,C=1,S=1 || L2:[sp=Y,24] K=5,S=1,Y=1,R=1,C=1,X=1",-584065.0,-163323000.0,1,X|Y,1
X,67,X,1,R,3,K,1,C,1,Y,61,S,1,Y,1,X,1,Y,61,C,1,S,1,R,3,K,1,"L1:[sp=X,67] X=1,R=3,K=1,C=1,Y=61,S=1 || L2:[sp=Y,1] X=1,Y=61,C=1,S=1,R=3,K=1",-847873.0,-163323000.0,1,X|Y,1
X,91,R,3,K,8,X,49,Y,61,C,1,S,1,Y,24,S,1,K,6,Y,1,R,1,C,1,X,40,"L1:[sp=X,91] R=3,K=8,X=49,Y=61,C=1,S=1 || L2:[sp=Y,24] S=1,K=6,Y=1,R=1,C=1,X=40",-inf,-inf,0,X|Y,1
X,67,X,1,K,1,R,1,C,1,S,1,Y,16,Y,1,X,1,Y,1,C,1,S,1,R,1,K,1,"L1:[sp=X,67] X=1,K=1,R=1,C=1,S=1,Y=16 || L2:[sp=Y,1] X=1,Y=1,C=1,S=1,R=1,K=1",-822529.0,-163323000.0,1,X|Y,1
X,67,X,1,R,1,K,1,C,1,S,1,Y,16,Y,1,X,1,Y,1,C,1,S,1,R,1,K,1,"L1:[sp=X,67] X=1,R=1,K=1,C=1,S=1,Y=16 || L2:[sp=Y,1] X=1,Y=1,C=1,S=1,R=1,K=1",-inf,-inf,0,X|Y,1
X,91,R,1,K,8,X,1,Y,188,C,1,S,1,Y,24,K,6,S,1,Y,1,R,1,C,1,X,1,"L1:[sp=X,91] R=1,K=8,X=1,Y=188,C=1,S=1 || L2:[sp=Y,24] K=6,S=1,Y=1,R=1,C=1,X=1",-566785.0,-163323000.0,1,X|Y,1
X,91,R,1,Y,188,X,1,K,8,C,1,S,1,Y,24,K,2,S,1,Y,1,R,1,C,1,X,1,"L1:[sp=X,91] R=1,Y=188,X=1,K=8,C=1,S=1 || L2:[sp=Y,24] K=2,S=1,Y=1,R=1,C=1,X=1",-566785.0,-163323000.0,1,X|Y,1
K,67,X,1,K,1,R,1,C,1,S,1,Y,16,Y,1,X,1,Y,1,C,1,S,1,K,1,R,1,"L1:[sp=K,67] X=1,K=1,R=1,C=1,S=1,Y=16 || L2:[sp=Y,1] X=1,Y=1,C=1,S=1,K=1,R=1",-1439425.0,-163323000.0,1,K|Y,1
X,91,R,1,K,8,X,1,Y,188,C,1,S,2,Y,24,K,6,R,1,Y,1,S,1,C,1,X,1,"L1:[sp=X,91] R=1,K=8,X=1,Y=188,C=1,S=2 || L2:[sp=Y,24] K=6,R=1,Y=1,S=1,C=1,X=1",-1115137.0,-163323000.0,1,X|Y,1
X,91,R,1,K,5,X,1,Y,178,C,1,S,1,Y,168,K,2,S,1,Y,1,R,1,C,1,X,1,"L1:[sp=X,91] R=1,K=5,X=1,Y=178,C=1,S=1 || L2:[sp=Y,168] K=2,S=1,Y=1,R=1,C=1,X=1",-1318465.0,-163323000.0,1,X|Y,1
X,91,R,1,K,5,X,28,Y,36,C,1,S,1,Y,24,K,5,S,1,Y,1,X,1,C,1,R,1,"L1:[sp=X,91] R=1,K=5,X=28,Y=36,C=1,S=1 || L2:[sp=Y,24] K=5,S=1,Y=1,X=1,C=1,R=1",-1282555.0,-163324000.0,1,X|Y,1
X,91,R,1,X,1,K,8,Y,188,C,1,S,1,K,4,K,6,S,1,Y,1,R,1,C,1,X,1,"L1:[sp=X,91] R=1,X=1,K=8,Y=188,C=1,S=1 || L2:[sp=K,4] K=6,S=1,Y=1,R=1,C=1,X=1",-inf,-inf,0,X|K,1
X,67,X,147,R,1,C,1,K,1,S,1,Y,178,Y,1,X,1,Y,1,C,1,S,1,R,1,K,1,"L1:[sp=X,67] X=147,R=1,C=1,K=1,S=1,Y=178 || L2:[sp=Y,1] X=1,Y=1,C=1,S=1,R=1,K=1",-inf,-inf,0,X|Y,1
X,91,R,1,K,5,X,1,Y,16,C,1,S,1,Y,24,K,5,S,1,Y,1,R,1,C,1,X,1,"L1:[sp=X,91] R=1,K=5,X=1,Y=16,C=1,S=1 || L2:[sp=Y,24] K=5,S=1,Y=1,R=1,C=1,X=1",-943489.0,-163323000.0,1,X|Y,1
X,67,X,137,R,1,K,26,C,1,S,1,Y,1,X,137,X,1,Y,1,C,1,K,1,S,1,R,1,"L1:[sp=X,67] X=137,R=1,K=26,C=1,S=1,Y=1 || L2:[sp=X,137] X=1,Y=1,C=1,K=1,S=1,R=1",-810433.0,-163323000.0,1,X|X,1
X,67,X,1,K,1,R,1,C,1,S,1,Y,16,Y,1,X,1,Y,1,C,1,S,1,R,1,K,1,"L1:[sp=X,67] X=1,K=1,R=1,C=1,S=1,Y=16 || L2:[sp=Y,1] X=1,Y=1,C=1,S=1,R=1,K=1",-822529.0,-163323000.0,1,X|Y,1
X,67,X,1,R,1,K,26,C,1,S,1,Y,1,X,137,X,1,Y,1,C,1,K,1,S,1,R,1,"L1:[sp=X,67] X=1,R=1,K=26,C=1,S=1,Y=1 || L2:[sp=X,137] X=1,Y=1,C=1,K=1,S=1,R=1",-90768385.0,-163323000.0,1,X|X,1
X,67,X,137,R,1,C,1,K,8,S,1,Y,16,Y,1,C,1,Y,1,X,1,S,1,R,1,K,1,"L1:[sp=X,67] X=137,R=1,C=1,K=8,S=1,Y=16 || L2:[sp=Y,1] C=1,Y=1,X=1,S=1,R=1,K=1",-53031889.0,-163323000.0,1,X|Y,1
X,67,X,137,R,1,K,26,Y,1,S,1,C,1,X,137,X,1,Y,1,C,1,K,1,S,1,R,1,"L1:[sp=X,67] X=137,R=1,K=26,Y=1,S=1,C=1 || L2:[sp=X,137] X=1,Y=1,C=1,K=1,S=1,R=1",-810433.0,-163323000.0,1,X|X,1
X,67,X,137,R,1,K,57,C,1,S,1,Y,1,X,137,X,1,Y,1,K,1,S,1,C,1,R,1,"L1:[sp=X,67] X=137,R=1,K=57,C=1,S=1,Y=1 || L2:[sp=X,137] X=1,Y=1,K=1,S=1,C=1,R=1",-798337.0,-163323000.0,1,X|X,1
Y,67,X,1,K,1,R,1,C,1,S,1,Y,16,X,1,X,1,Y,1,C,1,S,1,R,1,K,1,"L1:[sp=Y,67] X=1,K=1,R=1,C=1,S=1,Y=16 || L2:[sp=X,1] X=1,Y=1,C=1,S=1,R=1,K=1",-6580225.0,-163323000.0,1,Y|X,1
X,67,X,137,R,1,K,14,C,1,S,1,Y,1,C,1,X,1,Y,1,C,1,K,1,S,1,R,1,"L1:[sp=X,67] X=137,R=1,K=14,C=1,S=1,Y=1 || L2:[sp=C,1] X=1,Y=1,C=1,K=1,S=1,R=1",-53059105.0,-163323000.0,1,X|C,1
X,67,X,137,R,1,K,26,C,1,S,1,Y,1,X,137,X,1,Y,1,C,1,K,1,S,1,R,1,"L1:[sp=X,67] X=137,R=1,K=26,C=1,S=1,Y=1 || L2:[sp=X,137] X=1,Y=1,C=1,K=1,S=1,R=1",-810433.0,-163323000.0,1,X|X,1
C,67,X,137,R,1,K,34,C,1,S,1,Y,1,X,137,X,1,Y,1,C,1,K,1,S,1,R,1,"L1:[sp=C,67] X=137,R=1,K=34,C=1,S=1,Y=1 || L2:[sp=X,137] X=1,Y=1,C=1,K=1,S=1,R=1",-798337.0,-163323000.0,1,C|X,1
X,91,R,1,K,8,X,1,Y,188,C,1,S,1,Y,24,K,6,S,1,Y,1,R,1,C,1,X,1,"L1:[sp=X,91] R=1,K=8,X=1,Y=188,C=1,S=1 || L2:[sp=Y,24] K=6,S=1,Y=1,R=1,C=1,X=1",-566785.0,-163323000.0,1,X|Y,1
X,67,X,1,K,26,R,1,C,1,S,3,Y,16,Y,1,X,1,Y,1,C,1,S,1,R,1,K,1,"L1:[sp=X,67] X=1,K=26,R=1,C=1,S=3,Y=16 || L2:[sp=Y,1] X=1,Y=1,C=1,S=1,R=1,K=1",-inf,-inf,0,X|Y,1
C,67,X,137,R,1,K,34,C,1,S,1,Y,1,X,137,X,1,Y,1,R,1,K,1,S,1,C,1,"L1:[sp=C,67] X=137,R=1,K=34,C=1,S=1,Y=1 || L2:[sp=X,137] X=1,Y=1,R=1,K=1,S=1,C=1",-798337.0,-163323000.0,1,C|X,1
X,91,R,1,K,8,X,65,Y,188,C,1,S,1,Y,24,K,6,S,1,Y,1,R,1,C,1,X,1,"L1:[sp=X,91] R=1,K=8,X=65,Y=188,C=1,S=1 || L2:[sp=Y,24] K=6,S=1,Y=1,R=1,C=1,X=1",-inf,-inf,0,X|Y,1
X,67,X,1,K,1,R,1,C,2,S,1,Y,16,Y,1,X,1,Y,1,C,1,S,1,R,1,K,1,"L1:[sp=X,67] X=1,K=1,R=1,C=2,S=1,Y=16 || L2:[sp=Y,1] X=1,Y=1,C=1,S=1,R=1,K=1",-806401.0,-163323000.0,1,X|Y,1
X,91,R,1,K,8,X,1,Y,188,C,1,S,1,Y,24,K,6,S,1,Y,78,R,1,C,1,X,1,"L1:[sp=X,91] R=1,K=8,X=1,Y=188,C=1,S=1 || L2:[sp=Y,24] K=6,S=1,Y=78,R=1,C=1,X=1",-inf,-inf,0,X|Y,1
X,67,X,1,K,1,R,1,C,1,S,1,Y,16,Y,1,X,1,Y,16,C,1,S,1,R,1,K,1,"L1:[sp=X,67] X=1,K=1,R=1,C=1,S=1,Y=16 || L2:[sp=Y,1] X=1,Y=16,C=1,S=1,R=1,K=1",-822529.0,-163323000.0,1,X|Y,1
X,91,R,1,K,5,X,1,Y,16,C,1,S,1,Y,24,K,5,S,1,Y,1,R,1,C,1,X,1,"L1:[sp=X,91] R=1,K=5,X=1,Y=16,C=1,S=1 || L2:[sp=Y,24] K=5,S=1,Y=1,R=1,C=1,X=1",-943489.0,-163323000.0,1,X|Y,1
X,67,X,152,K,1,R,1,C,1,S,3,Y,16,Y,1,X,1,Y,1,C,1,S,1,R,1,K,1,"L1:[sp=X,67] X=152,K=1,R=1,C=1,S=3,Y=16 || L2:[sp=Y,1] X=1,Y=1,C=1,S=1,R=1,K=1",-59617153.0,-163323000.0,1,X|Y,1
X,91,R,1,X,1,K,8,Y,188,C,1,S,1,Y,24,K,6,S,1,Y,120,R,1,C,1,X,1,"L1:[sp=X,91] R=1,X=1,K=8,Y=188,C=1,S=1 || L2:[sp=Y,24] K=6,S=1,Y=120,R=1,C=1,X=1",-inf,-inf,0,X|Y,1
Y,91,R,1,Y,188,C,1,K,8,X,1,S,1,X,24,K,2,S,1,Y,1,R,1,C,1,X,1,"L1:[sp=Y,91] R=1,Y=188,C=1,K=8,X=1,S=1 || L2:[sp=X,24] K=2,S=1,Y=1,R=1,C=1,X=1",-72817921.0,-163323000.0,1,Y|X,1
X,67,X,137,R,1,K,34,C,1,S,1,Y,1,C,137,X,81,Y,1,C,1,K,1,S,1,R,1,"L1:[sp=X,67] X=137,R=1,K=34,C=1,S=1,Y=1 || L2:[sp=C,137] X=81,Y=1,C=1,K=1,S=1,R=1",-inf,-inf,0,X|C,1
X,91,R,1,K,8,Y,188,X,1,C,1,S,1,Y,24,K,6,S,1,Y,1,R,1,C,1,X,1,"L1:[sp=X,91] R=1,K=8,Y=188,X=1,C=1,S=1 || L2:[sp=Y,24] K=6,S=1,Y=1,R=1,C=1,X=1",-566785.0,-163323000.0,1,X|Y,1
X,91,R,1,X,1,K,8,Y,188,C,1,S,1,Y,24,K,6,S,1,Y,1,R,1,C,1,X,1,"L1:[sp=X,91] R=1,X=1,K=8,Y=188,C=1,S=1 || L2:[sp=Y,24] K=6,S=1,Y=1,R=1,C=1,X=1",-566785.0,-163323000.0,1,X|Y,1
C,91,R,1,K,5,X,1,Y,16,C,1,S,1,Y,24,K,5,S,1,Y,1,R,1,C,1,X,1,"L1:[sp=C,91] R=1,K=5,X=1,Y=16,C=1,S=1 || L2:[sp=Y,24] K=5,S=1,Y=1,R=1,C=1,X=1",-2201473.0,-163323000.0,1,C|Y,1
C,67,X,137,R,1,K,34,C,1,S,1,Y,1,X,137,K,1,Y,1,C,1,X,1,S,1,R,1,"L1:[sp=C,67] X=137,R=1,K=34,C=1,S=1,Y=1 || L2:[sp=X,137] K=1,Y=1,C=1,X=1,S=1,R=1",-798337.0,-163323000.0,1,C|X,1
X,91,R,1,Y,188,X,1,K,8,C,1,S,1,Y,24,K,2,S,1,Y,1,R,1,C,1,X,1,"L1:[sp=X,91] R=1,Y=188,X=1,K=8,C=1,S=1 || L2:[sp=Y,24] K=2,S=1,Y=1,R=1,C=1,X=1",-566785.0,-163323000.0,1,X|Y,1
C,91,R,1,K,8,X,1,Y,188,C,1,S,1,Y,24,K,6,S,1,C,1,R,1,Y,1,X,1,"L1:[sp=C,91] R=1,K=8,X=1,Y=188,C=1,S=1 || L2:[sp=Y,24] K=6,S=1,C=1,R=1,Y=1,X=1",-inf,-inf,0,C|Y,1
X,67,X,137,R,1,Y,1,C,1,S,1,K,57,X,137,X,1,Y,1,K,1,S,1,C,1,R,1,"L1:[sp=X,67] X=137,R=1,Y=1,C=1,S=1,K=57 || L2:[sp=X,137] X=1,Y=1,K=1,S=1,C=1,R=1",-798337.0,-163323000.0,1,X|X,1
X,91,R,1,K,8,X,1,Y,188,C,1,S,1,Y,24,K,6,S,1,Y,1,R,1,C,1,X,1,"L1:[sp=X,91] R=1,K=8,X=1,Y=188,C=1,S=1 || L2:[sp=Y,24] K=6,S=1,Y=1,R=1,C=1,X=1",-566785.0,-163323000.0,1,X|Y,1
X,91,R,1,X,196,K,8,Y,188,C,1,S,1,Y,24,K,6,S,1,Y,60,R,1,C,1,X,1,"L1:[sp=X,91] R=1,X=196,K=8,Y=188,C=1,S=1 || L2:[sp=Y,24] K=6,S=1,Y=60,R=1,C=1,X=1",-inf,-inf,0,X|Y,1
X,91,R,1,K,41,X,1,Y,188,C,1,S,1,K,2,K,6,S,1,Y,1,R,1,C,1,X,1,"L1:[sp=X,91] R=1,K=41,X=1,Y=188,C=1,S=1 || L2:[sp=K,2] K=6,S=1,Y=1,R=1,C=1,X=1",-inf,-inf,0,X|K,1
C,67,X,137,R,1,K,34,C,1,S,1,Y,1,X,137,X,1,Y,1,R,1,K,1,S,1,C,1,"L1:[sp=C,67] X=137,R=1,K=34,C=1,S=1,Y=1 || L2:[sp=X,137] X=1,Y=1,R=1,K=1,S=1,C=1",-798337.0,-163323000.0,1,C|X,1
X,91,R,1,K,8,X,1,Y,188,C,1,S,1,Y,24,K,7,S,1,Y,1,R,1,C,1,X,1,"L1:[sp=X,91] R=1,K=8,X=1,Y=188,C=1,S=1 || L2:[sp=Y,24] K=7,S=1,Y=1,R=1,C=1,X=1",-566785.0,-163323000.0,1,X|Y,1
X,91,R,1,Y,188,X,1,K,8,C,1,S,1,Y,24,K,3,S,1,Y,1,R,1,C,1,X,1,"L1:[sp=X,91] R=1,Y=188,X=1,K=8,C=1,S=1 || L2:[sp=Y,24] K=3,S=1,Y=1,R=1,C=1,X=1",-566785.0,-163323000.0,1,X|Y,1
X,91,R,1,K,8,X,1,Y,188,C,3,S,1,Y,24,K,6,S,1,Y,1,R,1,C,1,X,1,"L1:[sp=X,91] R=1,K=8,X=1,Y=188,C=3,S=1 || L2:[sp=Y,24] K=6,S=1,Y=1,R=1,C=1,X=1",-557569.0,-163323000.0,1,X|Y,1
X,91,R,1,K,8,X,1,Y,188,C,3,S,1,Y,24,K,5,S,1,Y,1,R,1,C,1,X,1,"L1:[sp=X,91] R=1,K=8,X=1,Y=188,C=3,S=1 || L2:[sp=Y,24] K=5,S=1,Y=1,R=1,C=1,X=1",-557569.0,-163323000.0,1,X|Y,1
X,91,R,1,X,1,K,8,Y,188,C,1,S,1,Y,24,K,6,S,1,Y,1,R,1,C,1,X,1,"L1:[sp=X,91] R=1,X=1,K=8,Y=188,C=1,S=1 || L2:[sp=Y,24] K=6,S=1,Y=1,R=1,C=1,X=1",-566785.0,-163323000.0,1,X|Y,1
X,91,R,1,K,8,X,1,Y,188,C,1,S,1,Y,24,K,8,S,1,Y,1,R,1,C,1,X,1,"L1:[sp=X,91] R=1,K=8,X=1,Y=188,C=1,S=1 || L2:[sp=Y,24] K=8,S=1,Y=1,R=1,C=1,X=1",-566785.0,-163323000.0,1,X|Y,1
Y,91,R,1,K,8,Y,188,X,31,C,1,S,1,X,24,K,6,S,1,Y,1,R,1,C,1,X,1,"L1:[sp=Y,91] R=1,K=8,Y=188,X=31,C=1,S=1 || L2:[sp=X,24] K=6,S=1,Y=1,R=1,C=1,X=1",-inf,-inf,0,Y|X,1
C,67,X,137,R,1,K,34,C,1,S,1,Y,1,X,137,X,12,Y,1,R,1,K,1,S,1,C,1,"L1:[sp=C,67] X=137,R=1,K=34,C=1,S=1,Y=1 || L2:[sp=X,137] X=12,Y=1,R=1,K=1,S=1,C=1",-9313921.0,-163323000.0,1,C|X,1
X,67,X,137,R,1,K,57,C,1,S,1,Y,1,X,137,X,57,Y,1,K,1,S,1,C,1,R,1,"L1:[sp=X,67] X=137,R=1,K=57,C=1,S=1,Y=1 || L2:[sp=X,137] X=57,Y=1,K=1,S=1,C=1,R=1",-44150401.0,-163323000.0,1,X|X,1
K,67,X,1,K,1,R,1,C,2,S,2,Y,16,Y,1,X,1,Y,1,C,1,S,1,R,1,K,1,"L1:[sp=K,67] X=1,K=1,R=1,C=2,S=2,Y=16 || L2:[sp=Y,1] X=1,Y=1,C=1,S=1,R=1,K=1",-2734873.0,-163323000.0,1,K|Y,1
Y,91,R,1,X,1,K,8,Y,188,C,1,S,1,X,24,K,6,S,1,Y,1,R,1,C,1,X,1,"L1:[sp=Y,91] R=1,X=1,K=8,Y=188,C=1,S=1 || L2:[sp=X,24] K=6,S=1,Y=1,R=1,C=1,X=1",-72817921.0,-163323000.0,1,Y|X,1
X,91,R,1,K,8,X,137,Y,1,C,1,S,1,Y,24,K,6,S,1,Y,1,R,1,C,1,X,1,"L1:[sp=X,91] R=1,K=8,X=137,Y=1,C=1,S=1 || L2:[sp=Y,24] K=6,S=1,Y=1,R=1,C=1,X=1",-53077249.0,-163323000.0,1,X|Y,1
C,67,C,1,R,1,Y,188,X,1,S,1,K,34,X,137,K,1,Y,1,C,1,X,1,S,1,R,1,"L1:[sp=C,67] C=1,R=1,Y=188,X=1,S=1,K=34 || L2:[sp=X,137] K=1,Y=1,C=1,X=1,S=1,R=1",-86728321.0,-163323000.0,1,C|X,1
X,91,R,1,K,8,Y,1,X,137,C,1,S,1,Y,24,K,2,S,1,Y,1,R,1,C,1,X,1,"L1:[sp=X,91] R=1,K=8,Y=1,X=137,C=1,S=1 || L2:[sp=Y,24] K=2,S=1,Y=1,R=1,C=1,X=1",-53077249.0,-163323000.0,1,X|Y,1
C,67,X,1,R,1,K,34,C,1,S,3,Y,188,Y,14,X,1,Y,1,C,1,K,1,S,1,R,1,"L1:[sp=C,67] X=1,R=1,K=34,C=1,S=3,Y=188 || L2:[sp=Y,14] X=1,Y=1,C=1,K=1,S=1,R=1",-inf,-inf,0,C|Y,1
X,67,X,137,R,1,Y,1,C,1,S,1,K,57,X,137,X,137,Y,1,K,1,S,1,C,1,R,1,"L1:[sp=X,67] X=137,R=1,Y=1,C=1,S=1,K=57 || L2:[sp=X,137] X=137,Y=1,K=1,S=1,C=1,R=1",-inf,-inf,0,X|X,1
X,91,R,1,K,8,X,1,Y,188,C,3,S,1,Y,24,K,6,S,1,Y,1,R,1,C,1,X,1,"L1:[sp=X,91] R=1,K=8,X=1,Y=188,C=3,S=1 || L2:[sp=Y,24] K=6,S=1,Y=1,R=1,C=1,X=1",-557569.0,-163323000.0,1,X|Y,1
X,91,R,1,X,158,K,8,Y,188,C,1,S,1,Y,24,Y,51,S,1,C,1,R,1,K,6,X,1,"L1:[sp=X,91] R=1,X=158,K=8,Y=188,C=1,S=1 || L2:[sp=Y,24] Y=51,S=1,C=1,R=1,K=6,X=1",-inf,-inf,0,X|Y,1
C,67,X,137,R,1,K,34,S,1,C,1,Y,1,C,1,X,1,Y,1,R,1,K,1,S,1,C,1,"L1:[sp=C,67] X=137,R=1,K=34,S=1,C=1,Y=1 || L2:[sp=C,1] X=1,Y=1,R=1,K=1,S=1,C=1",-28909441.0,-163323000.0,1,C|C,1
X,91,R,1,K,8,X,1,Y,188,C,3,S,1,Y,24,K,6,S,1,Y,1,R,1,C,1,X,1,"L1:[sp=X,91] R=1,K=8,X=1,Y=188,C=3,S=1 || L2:[sp=Y,24] K=6,S=1,Y=1,R=1,C=1,X=1",-inf,-inf,0,X|Y,1
X,91,R,1,Y,188,X,1,K,8,C,1,S,1,X,1,K,3,S,1,Y,1,R,1,C,1,X,1,"L1:[sp=X,91] R=1,Y=188,X=1,K=8,C=1,S=1 || L2:[sp=X,1] K=3,S=1,Y=1,R=1,C=1,X=1",-inf,-inf,0,X|X,1
X,91,R,1,K,8,X,1,Y,188,C,3,S,1,Y,24,K,5,S,1,Y,1,R,1,C,2,X,1,"L1:[sp=X,91] R=1,K=8,X=1,Y=188,C=3,S=1 || L2:[sp=Y,24] K=5,S=1,Y=1,R=1,C=2,X=1",-557569.0,-163323000.0,1,X|Y,1
X,91,R,1,K,8,X,1,Y,149,C,1,S,1,Y,24,K,7,S,1,Y,1,R,1,C,1,X,1,"L1:[sp=X,91] R=1,K=8,X=1,Y=149,C=1,S=1 || L2:[sp=Y,24] K=7,S=1,Y=1,R=1,C=1,X=1",-622081.0,-163323000.0,1,X|Y,1
X,91,R,1,X,1,K,8,Y,188,C,1,S,1,C,1,K,6,S,1,X,1,R,1,C,1,Y,1,"L1:[sp=X,91] R=1,X=1,K=8,Y=188,C=1,S=1 || L2:[sp=C,1] K=6,S=1,X=1,R=1,C=1,Y=1",-inf,-inf,0,X|C,1
X,91,R,1,Y,188,X,91,K,8,C,1,S,1,Y,24,K,3,S,1,Y,1,R,1,C,1,X,1,"L1:[sp=X,91] R=1,Y=188,X=91,K=8,C=1,S=1 || L2:[sp=Y,24] K=3,S=1,Y=1,R=1,C=1,X=1",-inf,-inf,0,X|Y,1
X,91,R,2,K,8,X,1,Y,188,C,2,S,1,Y,24,K,8,S,1,Y,1,R,1,C,1,X,1,"L1:[sp=X,91] R=2,K=8,X=1,Y=188,C=2,S=1 || L2:[sp=Y,24] K=8,S=1,Y=1,R=1,C=1,X=1",-inf,-inf,0,X|Y,1
X,91,R,2,K,8,X,1,Y,188,C,3,S,1,Y,24,K,6,S,1,Y,1,R,1,C,1,X,1,"L1:[sp=X,91] R=2,K=8,X=1,Y=188,C=3,S=1 || L2:[sp=Y,24] K=6,S=1,Y=1,R=1,C=1,X=1",-556033.0,-163323000.0,1,X|Y,1
C,67,X,160,R,1,K,1,C,1,S,1,Y,1,X,137,X,1,Y,1,R,1,K,1,S,1,C,1,"L1:[sp=C,67] X=160,R=1,K=1,C=1,S=1,Y=1 || L2:[sp=X,137] X=1,Y=1,R=1,K=1,S=1,C=1",-1935361.0,-163323000.0,1,C|X,1
X,91,S,1,K,29,X,1,Y,188,C,3,R,1,Y,24,K,6,Y,1,S,1,R,1,C,1,X,1,"L1:[sp=X,91] S=1,K=29,X=1,Y=188,C=3,R=1 || L2:[sp=Y,24] K=6,Y=1,S=1,R=1,C=1,X=1",-554689.0,-163324000.0,1,X|Y,1
X,91,R,3,K,8,X,1,Y,188,S,1,C,1,Y,24,K,7,S,1,Y,1,R,1,C,1,X,1,"L1:[sp=X,91] R=3,K=8,X=1,Y=188,S=1,C=1 || L2:[sp=Y,24] K=7,S=1,Y=1,R=1,C=1,X=1",-557569.0,-163323000.0,1,X|Y,1
X,91,R,1,Y,188,X,1,K,8,C,1,S,2,Y,24,K,8,S,1,Y,1,R,1,C,1,X,1,"L1:[sp=X,91] R=1,Y=188,X=1,K=8,C=1,S=2 || L2:[sp=Y,24] K=8,S=1,Y=1,R=1,C=1,X=1",-1115137.0,-163323000.0,1,X|Y,1
C,67,X,1,R,1,K,34,C,1,S,1,Y,188,X,137,X,1,Y,1,R,1,K,7,S,1,C,1,"L1:[sp=C,67] X=1,R=1,K=34,C=1,S=1,Y=188 || L2:[sp=X,137] X=1,Y=1,R=1,K=7,S=1,C=1",-92147329.0,-163323000.0,1,C|X,1
X,91,R,1,Y,1,X,137,K,8,C,1,S,1,Y,24,K,3,S,1,Y,1,R,1,C,1,X,1,"L1:[sp=X,91] R=1,Y=1,X=137,K=8,C=1,S=1 || L2:[sp=Y,24] K=3,S=1,Y=1,R=1,C=1,X=1",-53077249.0,-163323000.0,1,X|Y,1
Y,91,C,1,K,8,X,1,Y,188,R,1,S,1,Y,24,K,7,X,1,Y,1,R,1,C,1,S,1,"L1:[sp=Y,91] C=1,K=8,X=1,Y=188,R=1,S=1 || L2:[sp=Y,24] K=7,X=1,Y=1,R=1,C=1,S=1",-3144961.0,-163323000.0,1,Y|Y,1
X,91,C,1,Y,188,X,1,K,8,R,1,S,1,Y,24,K,3,S,1,Y,1,R,1,C,1,X,1,"L1:[sp=X,91] C=1,Y=188,X=1,K=8,R=1,S=1 || L2:[sp=Y,24] K=3,S=1,Y=1,R=1,C=1,X=1",-566785.0,-163323000.0,1,X|Y,1
X,91,R,1,Y,188,X,1,K,35,C,1,S,1,Y,24,K,3,S,1,Y,1,R,1,C,1,X,1,"L1:[sp=X,91] R=1,Y=188,X=1,K=35,C=1,S=1 || L2:[sp=Y,24] K=3,S=1,Y=1,R=1,C=1,X=1",-556417.0,-163324000.0,1,X|Y,1
X,91,R,1,K,8,X,1,Y,188,C,1,S,1,Y,24,K,8,S,1,Y,1,R,1,C,1,X,1,"L1:[sp=X,91] R=1,K=8,X=1,Y=188,C=1,S=1 || L2:[sp=Y,24] K=8,S=1,Y=1,R=1,C=1,X=1",-inf,-inf,0,X|Y,1
X,91,S,1,K,29,X,1,Y,188,C,3,R,1,Y,24,K,6,Y,1,S,1,R,1,C,1,X,1,"L1:[sp=X,91] S=1,K=29,X=1,Y=188,C=3,R=1 || L2:[sp=Y,24] K=6,Y=1,S=1,R=1,C=1,X=1",-554689.0,-163324000.0,1,X|Y,1
X,91,R,1,K,8,X,1,Y,188,C,3,S,1,Y,24,K,6,S,1,Y,1,R,1,C,1,X,1,"L1:[sp=X,91] R=1,K=8,X=1,Y=188,C=3,S=1 || L2:[sp=Y,24] K=6,S=1,Y=1,R=1,C=1,X=1",-557569.0,-163323000.0,1,X|Y,1
X,91,R,1,K,8,X,97,Y,149,C,1,S,1,Y,24,K,7,S,1,Y,17,R,1,C,1,X,1,"L1:[sp=X,91] R=1,K=8,X=97,Y=149,C=1,S=1 || L2:[sp=Y,24] K=7,S=1,Y=17,R=1,C=1,X=1",-inf,-inf,0,X|Y,1
X,91,R,1,K,8,X,104,Y,188,S,2,C,1,Y,24,K,7,S,1,Y,1,R,1,C,1,X,1,"L1:[sp=X,91] R=1,K=8,X=104,Y=188,S=2,C=1 || L2:[sp=Y,24] K=7,S=1,Y=1,R=1,C=1,X=1",-inf,-inf,0,X|Y,1
X,91,C,1,Y,188,X,1,K,8,R,3,S,1,Y,24,K,3,S,1,Y,1,R,1,C,1,X,1,"L1:[sp=X,91] C=1,Y=188,X=1,K=8,R=3,S=1 || L2:[sp=Y,24] K=3,S=1,Y=1,R=1,C=1,X=1",-557569.0,-163323000.0,1,X|Y,1
Y,91,R,1,Y,188,X,1,K,35,C,1,S,1,X,24,K,3,S,1,Y,1,R,1,C,1,X,1,"L1:[sp=Y,91] R=1,Y=188,X=1,K=35,C=1,S=1 || L2:[sp=X,24] K=3,S=1,Y=1,R=1,C=1,X=1",-72781633.0,-163323000.0,1,Y|X,1
X,91,C,1,Y,188,X,1,K,8,R,1,S,1,Y,24,K,3,S,1,Y,29,R,1,C,1,X,1,"L1:[sp=X,91] C=1,Y=188,X=1,K=8,R=1,S=1 || L2:[sp=Y,24] K=3,S=1,Y=29,R=1,C=1,X=1",-3220993.0,-163323000.0,1,X|Y,1
X,91,R,3,K,8,X,1,Y,100,C,1,S,1,K,2,C,1,S,1,Y,1,R,1,K,7,X,1,"L1:[sp=X,91] R=3,K=8,X=1,Y=100,C=1,S=1 || L2:[sp=K,2] C=1,S=1,Y=1,R=1,K=7,X=1",-inf,-inf,0,X|K,1
X,91,R,1,K,8,X,1,Y,151,S,1,C,1,Y,24,K,7,S,1,Y,1,R,1,C,1,X,1,"L1:[sp=X,91] R=1,K=8,X=1,Y=151,S=1,C=1 || L2:[sp=Y,24] K=7,S=1,Y=1,R=1,C=1,X=1",-622081.0,-163323000.0,1,X|Y,1
X,91,R,1,K,8,X,1,Y,134,C,3,S,1,Y,24,K,6,S,1,Y,1,R,1,C,1,X,1,"L1:[sp=X,91] R=1,K=8,X=1,Y=134,C=3,S=1 || L2:[sp=Y,24] K=6,S=1,Y=1,R=1,C=1,X=1",-557569.0,-163323000.0,1,X|Y,1
Y,91,X,1,K,29,S,1,Y,188,C,3,R,3,X,24,K,6,Y,1,S,1,R,1,C,1,X,1,"L1:[sp=Y,91] X=1,K=29,S=1,Y=188,C=3,R=3 || L2:[sp=X,24] K=6,Y=1,S=1,R=1,C=1,X=1",-73545697.0,-163323000.0,1,Y|X,1
X,91,R,3,K,8,X,1,C,1,S,1,Y,188,Y,24,K,5,S,1,Y,1,R,1,C,1,X,1,"L1:[sp=X,91] R=3,K=8,X=1,C=1,S=1,Y=188 || L2:[sp=Y,24] K=5,S=1,Y=1,R=1,C=1,X=1",-557569.0,-163323000.0,1,X|Y,1
Y,91,C,3,Y,188,X,1,K,8,R,1,S,1,X,24,K,3,S,1,Y,1,R,1,C,1,X,1,"L1:[sp=Y,91] C=3,Y=188,X=1,K=8,R=1,S=1 || L2:[sp=X,24] K=3,S=1,Y=1,R=1,C=1,X=1",-72785665.0,-163323000.0,1,Y|X,1
X,91,R,2,K,8,X,1,Y,188,C,3,S,2,Y,24,K,6,S,1,Y,1,R,1,C,1,X,1,"L1:[sp=X,91] R=2,K=8,X=1,Y=188,C=3,S=2 || L2:[sp=Y,24] K=6,S=1,Y=1,R=1,C=1,X=1",-1107969.0,-163323000.0,1,X|Y,1
X,91,X,1,K,8,R,1,Y,188,C,3,S,1,Y,24,K,6,R,1,Y,1,S,1,C,3,X,1,"L1:[sp=X,91] X=1,K=8,R=1,Y=188,C=3,S=1 || L2:[sp=Y,24] K=6,R=1,Y=1,S=1,C=3,X=1",-557569.0,-163323000.0,1,X|Y,1
X,91,R,3,K,46,X,1,Y,188,C,3,S,1,Y,24,C,2,S,1,Y,1,R,1,K,5,X,1,"L1:[sp=X,91] R=3,K=46,X=1,Y=188,C=3,S=1 || L2:[sp=Y,24] C=2,S=1,Y=1,R=1,K=5,X=1",-inf,-inf,0,X|Y,1
X,91,R,1,K,8,X,1,Y,188,C,3,S,1,Y,24,K,6,S,1,Y,1,R,1,C,1,X,1,"L1:[sp=X,91] R=1,K=8,X=1,Y=188,C=3,S=1 || L2:[sp=Y,24] K=6,S=1,Y=1,R=1,C=1,X=1",-557569.0,-163323000.0,1,X|Y,1
X,91,C,1,Y,188,X,1,K,8,R,1,S,1,Y,24,K,3,S,1,Y,1,R,1,C,1,X,1,"L1:[sp=X,91] C=1,Y=188,X=1,K=8,R=1,S=1 || L2:[sp=Y,24] K=3,S=1,Y=1,R=1,C=1,X=1",-566785.0,-163323000.0,1,X|Y,1
X,91,S,1,K,29,X,1,Y,188,C,3,R,1,Y,24,K,6,Y,1,S,1,R,1,C,1,X,1,"L1:[sp=X,91] S=1,K=29,X=1,Y=188,C=3,R=1 || L2:[sp=Y,24] K=6,Y=1,S=1,R=1,C=1,X=1",-554689.0,-163324000.0,1,X|Y,1
Y,91,R,1,Y,188,X,1,K,35,C,1,S,1,X,24,K,8,S,1,Y,1,R,1,C,1,X,1,"L1:[sp=Y,91] R=1,Y=188,X=1,K=35,C=1,S=1 || L2:[sp=X,24] K=8,S=1,Y=1,R=1,C=1,X=1",-70507585.0,-163323000.0,1,Y|X,1
X,91,R,1,K,8,X,1,Y,53,C,3,S,1,Y,24,K,6,S,1,Y,1,R,1,C,2,X,1,"L1:[sp=X,91] R=1,K=8,X=1,Y=53,C=3,S=1 || L2:[sp=Y,24] K=6,S=1,Y=1,R=1,C=2,X=1",-730369.0,-163323000.0,1,X|Y,1
X,91,S,1,K,29,X,1,Y,188,C,3,R,1,Y,24,K,6,Y,1,S,1,R,1,C,1,X,1,"L1:[sp=X,91] S=1,K=29,X=1,Y=188,C=3,R=1 || L2:[sp=Y,24] K=6,Y=1,S=1,R=1,C=1,X=1",-554689.0,-163324000.0,1,X|Y,1
X,91,R,1,K,6,X,1,Y,151,S,1,C,1,Y,24,K,6,S,1,Y,1,R,1,C,1,X,1,"L1:[sp=X,91] R=1,K=6,X=1,Y=151,S=1,C=1 || L2:[sp=Y,24] K=6,S=1,Y=1,R=1,C=1,X=1",-646273.0,-163323000.0,1,X|Y,1
X,91,R,1,K,8,X,1,Y,188,C,3,S,1,Y,24,K,6,S,1,Y,6,R,1,C,1,X,1,"L1:[sp=X,91] R=1,K=8,X=1,Y=188,C=3,S=1 || L2:[sp=Y,24] K=6,S=1,Y=6,R=1,C=1,X=1",-999937.0,-163323000.0,1,X|Y,1
X,91,S,1,K,29,X,1,Y,188,C,3,R,1,Y,24,K,6,X,1,S,1,R,1,C,1,Y,1,"L1:[sp=X,91] S=1,K=29,X=1,Y=188,C=3,R=1 || L2:[sp=Y,24] K=6,X=1,S=1,R=1,C=1,Y=1",-554689.0,-163324000.0,1,X|Y,1
X,91,X,11,K,8,R,1,Y,188,C,3,S,1,Y,24,K,6,Y,1,R,1,S,1,C,3,X,1,"L1:[sp=X,91] X=11,K=8,R=1,Y=188,C=3,S=1 || L2:[sp=Y,24] K=6,Y=1,R=1,S=1,C=3,X=1",-inf,-inf,0,X|Y,1
X,91,C,1,Y,188,X,83,K,8,R,3,S,1,Y,24,K,3,S,1,Y,1,R,1,C,1,X,1,"L1:[sp=X,91] C=1,Y=188,X=83,K=8,R=3,S=1 || L2:[sp=Y,24] K=3,S=1,Y=1,R=1,C=1,X=1",-inf,-inf,0,X|Y,1
X,91,C,3,Y,188,X,1,K,8,R,1,S,1,Y,7,S,1,K,3,Y,1,R,1,C,1,X,1,"L1:[sp=X,91] C=3,Y=188,X=1,K=8,R=1,S=1 || L2:[sp=Y,7] S=1,K=3,Y=1,R=1,C=1,X=1",-571681.0,-163324000.0,1,X|Y,1
X,91,X,1,K,8,R,1,Y,188,C,3,S,1,Y,24,K,6,R,1,Y,30,S,1,C,3,X,1,"L1:[sp=X,91] X=1,K=8,R=1,Y=188,C=3,S=1 || L2:[sp=Y,24] K=6,R=1,Y=30,S=1,C=3,X=1",-inf,-inf,0,X|Y,1
X,91,R,1,K,8,X,1,Y,151,S,3,C,1,Y,24,K,7,S,1,Y,1,R,1,C,1,X,1,"L1:[sp=X,91] R=1,K=8,X=1,Y=151,S=3,C=1 || L2:[sp=Y,24] K=7,S=1,Y=1,R=1,C=1,X=1",-1829377.0,-163323000.0,1,X|Y,1
X,91,R,3,K,8,X,1,C,1,S,1,Y,188,Y,24,K,5,S,1,Y,1,R,1,C,1,X,1,"L1:[sp=X,91] R=3,K=8,X=1,C=1,S=1,Y=188 || L2:[sp=Y,24] K=5,S=1,Y=1,R=1,C=1,X=1",-557569.0,-163323000.0,1,X|Y,1
X,91,X,1,K,8,R,3,Y,188,C,3,S,1,Y,24,S,1,R,1,Y,1,K,6,C,3,X,1,"L1:[sp=X,91] X=1,K=8,R=3,Y=188,C=3,S=1 || L2:[sp=Y,24] S=1,R=1,Y=1,K=6,C=3,X=1",-554497.0,-163323000.0,1,X|Y,1
X,91,C,1,Y,188,X,1,K,8,R,3,S,1,Y,24,K,3,S,1,Y,65,C,1,R,1,X,1,"L1:[sp=X,91] C=1,Y=188,X=1,K=8,R=3,S=1 || L2:[sp=Y,24] K=3,S=1,Y=65,C=1,R=1,X=1",-inf,-inf,0,X|Y,1
Y,91,R,3,K,8,X,1,C,1,S,1,Y,188,X,24,K,8,S,1,R,1,Y,1,C,1,X,1,"L1:[sp=Y,91] R=3,K=8,X=1,C=1,S=1,Y=188 || L2:[sp=X,24] K=8,S=1,R=1,Y=1,C=1,X=1",-73559809.0,-163323000.0,1,Y|X,1
X,91,C,1,Y,188,X,1,K,56,R,1,S,1,Y,24,K,3,S,1,Y,1,R,1,C,1,X,1,"L1:[sp=X,91] C=1,Y=188,X=1,K=56,R=1,S=1 || L2:[sp=Y,24] K=3,S=1,Y=1,R=1,C=1,X=1",-inf,-inf,0,X|Y,1
X,91,R,1,C,3,X,1,Y,134,K,8,S,1,Y,24,K,6,S,1,Y,1,R,1,C,1,X,1,"L1:[sp=X,91] R=1,C=3,X=1,Y=134,K=8,S=1 || L2:[sp=Y,24] K=6,S=1,Y=1,R=1,C=1,X=1",-557569.0,-163323000.0,1,X|Y,1
X,91,K,8,Y,188,X,127,C,1,R,3,S,1,Y,24,K,3,S,1,Y,1,R,1,C,1,X,1,"L1:[sp=X,91] K=8,Y=188,X=127,C=1,R=3,S=1 || L2:[sp=Y,24] K=3,S=1,Y=1,R=1,C=1,X=1",-inf,-inf,0,X|Y,1
X,91,R,1,K,8,X,1,Y,151,S,1,C,1,Y,24,C,1,S,1,Y,1,R,1,K,7,X,1,"L1:[sp=X,91] R=1,K=8,X=1,Y=151,S=1,C=1 || L2:[sp=Y,24] C=1,S=1,Y=1,R=1,K=7,X=1",-622081.0,-163323000.0,1,X|Y,1
X,91,R,1,X,1,K,8,Y,151,S,1,C,1,K,2,K,7,S,1,Y,1,R,1,C,1,X,1,"L1:[sp=X,91] R=1,X=1,K=8,Y=151,S=1,C=1 || L2:[sp=K,2] K=7,S=1,Y=1,R=1,C=1,X=1",-inf,-inf,0,X|K,1
X,91,C,1,Y,188,X,1,K,8,R,3,S,1,Y,24,K,3,S,1,Y,1,R,1,C,1,X,1,"L1:[sp=X,91] C=1,Y=188,X=1,K=8,R=3,S=1 || L2:[sp=Y,24] K=3,S=1,Y=1,R=1,C=1,X=1",-557569.0,-163323000.0,1,X|Y,1
X,91,C,3,Y,188,X,1,K,8,R,1,S,1,Y,24,K,3,S,1,Y,1,R,1,C,1,X,1,"L1:[sp=X,91] C=3,Y=188,X=1,K=8,R=1,S=1 || L2:[sp=Y,24] K=3,S=1,Y=1,R=1,C=1,X=1",-inf,-inf,0,X|Y,1
X,91,X,1,K,8,R,3,Y,188,C,3,S,1,Y,24,S,1,R,1,Y,1,K,6,C,3,X,1,"L1:[sp=X,91] X=1,K=8,R=3,Y=188,C=3,S=1 || L2:[sp=Y,24] S=1,R=1,Y=1,K=6,C=3,X=1",-inf,-inf,0,X|Y,1
X,91,R,3,K,8,X,1,C,1,S,1,Y,188,Y,24,K,5,S,1,Y,1,R,1,C,1,X,1,"L1:[sp=X,91] R=3,K=8,X=1,C=1,S=1,Y=188 || L2:[sp=Y,24] K=5,S=1,Y=1,R=1,C=1,X=1",-557569.0,-163323000.0,1,X|Y,1
X,91,S,1,K,29,X,1,Y,188,C,3,R,1,Y,24,K,6,Y,1,S,1,R,1,C,2,X,1,"L1:[sp=X,91] S=1,K=29,X=1,Y=188,C=3,R=1 || L2:[sp=Y,24] K=6,Y=1,S=1,R=1,C=2,X=1",-554689.0,-163324000.0,1,X|Y,1
X,91,R,1,K,8,Y,151,X,1,S,3,C,1,K,2,C,1,S,1,Y,1,R,1,K,7,X,1,"L1:[sp=X,91] R=1,K=8,Y=151,X=1,S=3,C=1 || L2:[sp=K,2] C=1,S=1,Y=1,R=1,K=7,X=1",-inf,-inf,0,X|K,1
X,91,S,1,K,29,X,1,Y,188,C,3,R,1,K,29,K,6,Y,1,S,1,R,1,C,1,X,1,"L1:[sp=X,91] S=1,K=29,X=1,Y=188,C=3,R=1 || L2:[sp=K,29] K=6,Y=1,S=1,R=1,C=1,X=1",-4901311.0,-163323000.0,1,X|K,1
X,91,R,1,C,3,X,1,Y,194,K,8,S,1,Y,24,K,3,S,1,Y,1,R,1,C,1,X,1,"L1:[sp=X,91] R=1,C=3,X=1,Y=194,K=8,S=1 || L2:[sp=Y,24] K=3,S=1,Y=1,R=1,C=1,X=1",-612865.0,-163323000.0,1,X|Y,1
X,91,C,3,Y,188,X,1,R,1,K,8,S,1,Y,7,S,1,K,3,Y,1,R,1,C,1,X,1,"L1:[sp=X,91] C=3,Y=188,X=1,R=1,K=8,S=1 || L2:[sp=Y,7] S=1,K=3,Y=1,R=1,C=1,X=1",-571681.0,-163324000.0,1,X|Y,1
X,91,C,3,Y,188,S,1,K,8,R,1,X,1,Y,24,K,3,S,1,Y,1,R,1,C,1,X,1,"L1:[sp=X,91] C=3,Y=188,S=1,K=8,R=1,X=1 || L2:[sp=Y,24] K=3,S=1,Y=1,R=1,C=1,X=1",-557569.0,-163323000.0,1,X|Y,1
Y,91,S,1,K,29,X,1,Y,188,C,3,R,3,X,24,R,1,Y,1,S,1,K,6,C,1,X,1,"L1:[sp=Y,91] S=1,K=29,X=1,Y=188,C=3,R=3 || L2:[sp=X,24] R=1,Y=1,S=1,K=6,C=1,X=1",-73545697.0,-163323000.0,1,Y|X,1
X,91,S,1,K,29,X,1,Y,188,C,3,R,3,Y,24,K,6,Y,1,S,1,R,1,C,2,X,1,"L1:[sp=X,91] S=1,K=29,X=1,Y=188,C=3,R=3 || L2:[sp=Y,24] K=6,Y=1,S=1,R=1,C=2,X=1",-553537.0,-163324000.0,1,X|Y,1
X,91,S,1,K,29,X,1,Y,188,C,3,R,1,K,1,K,6,S,1,X,1,R,1,C,1,Y,1,"L1:[sp=X,91] S=1,K=29,X=1,Y=188,C=3,R=1 || L2:[sp=K,1] K=6,S=1,X=1,R=1,C=1,Y=1",-inf,-inf,0,X|K,1
X,91,X,6,K,8,R,3,Y,188,C,3,S,1,Y,24,S,1,R,1,Y,1,K,6,C,3,X,1,"L1:[sp=X,91] X=6,K=8,R=3,Y=188,C=3,S=1 || L2:[sp=Y,24] S=1,R=1,Y=1,K=6,C=3,X=1",-inf,-inf,0,X|Y,1
X,91,C,3,Y,188,X,1,K,8,R,1,S,1,Y,7,S,1,K,3,Y,53,R,1,C,1,X,1,"L1:[sp=X,91] C=3,Y=188,X=1,K=8,R=1,S=1 || L2:[sp=Y,7] S=1,K=3,Y=53,R=1,C=1,X=1",-1833121.0,-163324000.0,1,X|Y,1
X,91,S,1,K,29,X,1,Y,188,C,3,R,1,X,1,K,6,X,1,S,1,R,1,C,1,Y,1,"L1:[sp=X,91] S=1,K=29,X=1,Y=188,C=3,R=1 || L2:[sp=X,1] K=6,X=1,S=1,R=1,C=1,Y=1",-inf,-inf,0,X|X,1
Y,91,R,1,K,8,X,1,Y,151,S,1,C,1,X,24,C,1,S,1,R,1,Y,49,K,7,X,1,"L1:[sp=Y,91] R=1,K=8,X=1,Y=151,S=1,C=1 || L2:[sp=X,24] C=1,S=1,R=1,Y=49,K=7,X=1",-inf,-inf,0,Y|X,1
C,91,R,3,K,8,X,1,C,1,S,1,Y,188,Y,24,K,5,S,1,Y,1,R,1,C,1,X,1,"L1:[sp=C,91] R=3,K=8,X=1,C=1,S=1,Y=188 || L2:[sp=Y,24] K=5,S=1,Y=1,R=1,C=1,X=1",-1300993.0,-163323000.0,1,C|Y,1
X,91,S,1,K,29,X,1,Y,188,C,3,R,1,Y,24,S,1,X,1,K,18,R,1,C,1,Y,1,"L1:[sp=X,91] S=1,K=29,X=1,Y=188,C=3,R=1 || L2:[sp=Y,24] S=1,X=1,K=18,R=1,C=1,Y=1",-597889.0,-163324000.0,1,X|Y,1
X,91,C,3,Y,188,X,45,K,8,R,1,S,1,Y,24,K,3,S,1,Y,1,R,1,C,1,X,1,"L1:[sp=X,91] C=3,Y=188,X=45,K=8,R=1,S=1 || L2:[sp=Y,24] K=3,S=1,Y=1,R=1,C=1,X=1",-inf,-inf,0,X|Y,1
Y,91,S,1,K,29,X,1,Y,188,C,1,R,3,X,24,K,6,X,1,S,1,Y,12,C,1,R,1,"L1:[sp=Y,91] S=1,K=29,X=1,Y=188,C=1,R=3 || L2:[sp=X,24] K=6,X=1,S=1,Y=12,C=1,R=1",-73549729.0,-163323000.0,1,Y|X,1
X,91,R,3,K,8,X,1,C,1,S,1,Y,188,Y,24,K,5,S,1,Y,1,R,1,C,1,X,1,"L1:[sp=X,91] R=3,K=8,X=1,C=1,S=1,Y=188 || L2:[sp=Y,24] K=5,S=1,Y=1,R=1,C=1,X=1",-557569.0,-163323000.0,1,X|Y,1
X,91,R,1,C,3,X,1,Y,134,K,8,S,1,Y,24,K,6,S,1,Y,1,R,1,C,2,X,1,"L1:[sp=X,91] R=1,C=3,X=1,Y=134,K=8,S=1 || L2:[sp=Y,24] K=6,S=1,Y=1,R=1,C=2,X=1",-557569.0,-163323000.0,1,X|Y,1
X,91,S,1,K,29,X,1,Y,188,C,3,R,3,Y,24,K,6,Y,1,S,1,R,1,C,2,X,1,"L1:[sp=X,91] S=1,K=29,X=1,Y=188,C=3,R=3 || L2:[sp=Y,24] K=6,Y=1,S=1,R=1,C=2,X=1",-553537.0,-163324000.0,1,X|Y,1
X,91,R,1,K,8,X,1,C,3,S,1,Y,188,Y,24,K,5,S,1,Y,1,R,1,C,1,X,1,"L1:[sp=X,91] R=1,K=8,X=1,C=3,S=1,Y=188 || L2:[sp=Y,24] K=5,S=1,Y=1,R=1,C=1,X=1",-557569.0,-163323000.0,1,X|Y,1
X,91,C,3,R,3,Y,188,K,8,S,1,X,1,Y,24,K,3,S,1,Y,164,R,1,C,1,X,1,"L1:[sp=X,91] C=3,R=3,Y=188,K=8,S=1,X=1 || L2:[sp=Y,24] K=3,S=1,Y=164,R=1,C=1,X=1",-inf,-inf,0,X|Y,1
C,91,C,2,Y,188,X,1,R,1,K,8,S,1,Y,7,S,1,K,7,Y,1,C,1,R,1,X,1,"L1:[sp=C,91] C=2,Y=188,X=1,R=1,K=8,S=1 || L2:[sp=Y,7] S=1,K=7,Y=1,C=1,R=1,X=1",-8547841.0,-163323000.0,1,C|Y,1
Y,91,R,3,K,8,X,1,C,1,S,1,Y,188,X,24,K,5,S,1,Y,1,R,1,C,1,X,1,"L1:[sp=Y,91] R=3,K=8,X=1,C=1,S=1,Y=188 || L2:[sp=X,24] K=5,S=1,Y=1,R=1,C=1,X=1",-73559809.0,-163323000.0,1,Y|X,1
Y,91,C,3,Y,188,X,1,R,1,K,8,S,1,X,7,S,1,K,3,Y,1,R,1,C,1,X,1,"L1:[sp=Y,91] C=3,Y=188,X=1,R=1,K=8,S=1 || L2:[sp=X,7] S=1,K=3,Y=1,R=1,C=1,X=1",-72785665.0,-163323000.0,1,Y|X,1
X,91,R,3,K,8,X,1,C,1,S,1,Y,188,Y,24,K,5,S,1,Y,1,R,1,C,1,X,1,"L1:[sp=X,91] R=3,K=8,X=1,C=1,S=1,Y=188 || L2:[sp=Y,24] K=5,S=1,Y=1,R=1,C=1,X=1",-557569.0,-163323000.0,1,X|Y,1
X,91,S,1,K,29,X,1,Y,188,C,3,R,3,Y,24,K,6,Y,1,S,1,R,1,C,2,X,1,"L1:[sp=X,91] S=1,K=29,X=1,Y=188,C=3,R=3 || L2:[sp=Y,24] K=6,Y=1,S=1,R=1,C=2,X=1",-553537.0,-163324000.0,1,X|Y,1
X,91,Y,188,C,3,X,26,R,1,K,8,S,1,Y,7,S,1,K,3,Y,1,R,1,C,1,X,2,"L1:[sp=X,91] Y=188,C=3,X=26,R=1,K=8,S=1 || L2:[sp=Y,7] S=1,K=3,Y=1,R=1,C=1,X=2",-inf,-inf,0,X|Y,1
X,91,X,1,K,29,S,1,Y,188,C,3,R,1,Y,24,S,1,Y,1,K,6,R,1,C,1,X,1,"L1:[sp=X,91] X=1,K=29,S=1,Y=188,C=3,R=1 || L2:[sp=Y,24] S=1,Y=1,K=6,R=1,C=1,X=1",-554689.0,-163324000.0,1,X|Y,1
X,91,S,1,K,29,X,1,Y,188,C,3,R,1,Y,24,S,1,X,1,K,18,R,1,C,2,Y,1,"L1:[sp=X,91] S=1,K=29,X=1,Y=188,C=3,R=1 || L2:[sp=Y,24] S=1,X=1,K=18,R=1,C=2,Y=1",-inf,-inf,0,X|Y,1
Y,91,R,3,C,3,X,1,Y,134,K,8,S,1,Y,134,K,6,S,1,Y,1,R,1,C,2,X,1,"L1:[sp=Y,91] R=3,C=3,X=1,Y=134,K=8,S=1 || L2:[sp=Y,134] K=6,S=1,Y=1,R=1,C=2,X=1",-1171969.0,-163323000.0,1,Y|Y,1
X,91,R,1,K,8,X,1,C,1,S,1,Y,188,X,1,K,5,S,1,Y,1,R,1,C,1,X,1,"L1:[sp=X,91] R=1,K=8,X=1,C=1,S=1,Y=188 || L2:[sp=X,1] K=5,S=1,Y=1,R=1,C=1,X=1",-inf,-inf,0,X|X,1
X,91,S,1,K,8,X,1,C,3,R,3,Y,188,Y,24,K,5,X,1,Y,1,R,1,C,1,S,1,"L1:[sp=X,91] S=1,K=8,X=1,C=3,R=3,Y=188 || L2:[sp=Y,24] K=5,X=1,Y=1,R=1,C=1,S=1",-554497.0,-163323000.0,1,X|Y,1
X,91,S,1,K,29,X,1,Y,188,C,3,R,2,Y,24,S,1,X,1,K,18,R,1,C,1,Y,1,"L1:[sp=X,91] S=1,K=29,X=1,Y=188,C=3,R=2 || L2:[sp=Y,24] S=1,X=1,K=18,R=1,C=1,Y=1",-inf,-inf,0,X|Y,1
X,91,R,3,K,6,X,1,C,1,S,2,Y,188,Y,24,K,5,S,1,Y,1,R,1,C,1,X,1,"L1:[sp=X,91] R=3,K=6,X=1,C=1,S=2,Y=188 || L2:[sp=Y,24] K=5,S=1,Y=1,R=1,C=1,X=1",-1058305.0,-163323000.0,1,X|Y,1
X,91,S,1,K,29,X,1,Y,188,C,3,R,1,Y,24,K,6,C,2,S,1,R,1,Y,1,X,1,"L1:[sp=X,91] S=1,K=29,X=1,Y=188,C=3,R=1 || L2:[sp=Y,24] K=6,C=2,S=1,R=1,Y=1,X=1",-inf,-inf,0,X|Y,1
X,91,C,3,Y,188,X,1,R,3,K,8,S,1,Y,7,S,1,K,3,Y,1,R,1,C,1,X,1,"L1:[sp=X,91] C=3,Y=188,X=1,R=3,K=8,S=1 || L2:[sp=Y,7] S=1,K=3,Y=1,R=1,C=1,X=1",-588001.0,-163324000.0,1,X|Y,1
X,91,S,1,K,33,X,1,Y,196,C,3,R,1,Y,24,K,6,Y,1,S,1,R,1,C,2,X,1,"L1:[sp=X,91] S=1,K=33,X=1,Y=196,C=3,R=1 || L2:[sp=Y,24] K=6,Y=1,S=1,R=1,C=2,X=1",-inf,-inf,0,X|Y,1
Y,91,S,1,K,29,X,1,Y,188,C,3,R,1,X,24,S,1,C,1,K,18,R,1,X,1,Y,1,"L1:[sp=Y,91] S=1,K=29,X=1,Y=188,C=3,R=1 || L2:[sp=X,24] S=1,C=1,K=18,R=1,X=1,Y=1",-78460705.0,-163323000.0,1,Y|X,1
X,91,R,1,C,3,X,1,Y,134,K,8,S,1,Y,24,K,6,S,1,Y,1,R,1,C,2,X,1,"L1:[sp=X,91] R=1,C=3,X=1,Y=134,K=8,S=1 || L2:[sp=Y,24] K=6,S=1,Y=1,R=1,C=2,X=1",-557569.0,-163323000.0,1,X|Y,1
X,91,S,1,K,29,X,1,Y,188,C,3,R,3,Y,24,K,6,Y,1,S,1,R,1,C,2,X,1,"L1:[sp=X,91] S=1,K=29,X=1,Y=188,C=3,R=3 || L2:[sp=Y,24] K=6,Y=1,S=1,R=1,C=2,X=1",-553537.0,-163324000.0,1,X|Y,1
X,91,R,2,K,8,X,1,C,3,S,1,Y,188,Y,24,K,8,S,1,Y,1,R,1,C,1,X,1,"L1:[sp=X,91] R=2,K=8,X=1,C=3,S=1,Y=188 || L2:[sp=Y,24] K=8,S=1,Y=1,R=1,C=1,X=1",-556033.0,-163323000.0,1,X|Y,1
X,91,R,3,K,6,X,1,C,1,S,2,Y,188,Y,24,K,5,S,1,Y,1,R,1,C,1,X,1,"L1:[sp=X,91] R=3,K=6,X=1,C=1,S=2,Y=188 || L2:[sp=Y,24] K=5,S=1,Y=1,R=1,C=1,X=1",-1058305.0,-163323000.0,1,X|Y,1
X,91,X,1,K,29,C,3,Y,188,S,1,R,1,Y,24,K,6,Y,63,S,1,R,1,C,2,X,1,"L1:[sp=X,91] X=1,K=29,C=3,Y=188,S=1,R=1 || L2:[sp=Y,24] K=6,Y=63,S=1,R=1,C=2,X=1",-inf,-inf,0,X|Y,1
X,91,R,1,C,3,X,1,Y,207,K,8,S,1,Y,24,K,4,S,1,Y,1,R,1,C,2,X,1,"L1:[sp=X,91] R=1,C=3,X=1,Y=207,K=8,S=1 || L2:[sp=Y,24] K=4,S=1,Y=1,R=1,C=2,X=1",-557569.0,-163323000.0,1,X|Y,1
X,91,S,1,K,29,X,69,Y,188,C,3,R,3,X,1,K,6,Y,1,S,1,R,1,C,2,X,1,"L1:[sp=X,91] S=1,K=29,X=69,Y=188,C=3,R=3 || L2:[sp=X,1] K=6,Y=1,S=1,R=1,C=2,X=1",-inf,-inf,0,X|X,1
C,91,X,1,K,29,S,1,Y,188,C,3,R,1,Y,24,S,1,Y,1,K,6,R,1,C,1,X,1,"L1:[sp=C,91] X=1,K=29,S=1,Y=188,C=3,R=1 || L2:[sp=Y,24] S=1,Y=1,K=6,R=1,C=1,X=1",-3882817.0,-163323000.0,1,C|Y,1
X,91,R,3,K,8,X,1,C,1,S,1,Y,188,Y,24,K,5,S,1,Y,1,R,1,C,1,X,1,"L1:[sp=X,91] R=3,K=8,X=1,C=1,S=1,Y=188 || L2:[sp=Y,24] K=5,S=1,Y=1,R=1,C=1,X=1",-inf,-inf,0,X|Y,1
X,91,S,1,X,1,K,8,C,1,R,3,Y,188,Y,24,K,5,X,1,Y,12,R,1,C,1,S,1,"L1:[sp=X,91] S=1,X=1,K=8,C=1,R=3,Y=188 || L2:[sp=Y,24] K=5,X=1,Y=12,R=1,C=1,S=1",-1331713.0,-163323000.0,1,X|Y,1
X,91,C,3,Y,188,X,1,R,3,K,8,S,1,Y,7,S,1,K,3,Y,1,R,1,C,1,X,1,"L1:[sp=X,91] C=3,Y=188,X=1,R=3,K=8,S=1 || L2:[sp=Y,7] S=1,K=3,Y=1,R=1,C=1,X=1",-588001.0,-163324000.0,1,X|Y,1
X,91,R,1,C,3,X,1,Y,134,K,8,S,1,Y,24,K,6,S,1,X,1,R,1,C,2,Y,89,"L1:[sp=X,91] R=1,C=3,X=1,Y=134,K=8,S=1 || L2:[sp=Y,24] K=6,S=1,X=1,R=1,C=2,Y=89",-inf,-inf,0,X|Y,1
X,91,C,3,Y,188,X,1,R,1,K,13,S,1,Y,7,S,1,K,3,Y,150,R,1,C,1,X,1,"L1:[sp=X,91] C=3,Y=188,X=1,R=1,K=13,S=1 || L2:[sp=Y,7] S=1,K=3,Y=150,R=1,C=1,X=1",-inf,-inf,0,X|Y,1
X,91,R,3,K,5,X,1,C,3,S,1,Y,188,Y,24,K,5,S,1,Y,1,R,1,C,1,X,1,"L1:[sp=X,91] R=3,K=5,X=1,C=3,S=1,Y=188 || L2:[sp=Y,24] K=5,S=1,Y=1,R=1,C=1,X=1",-564097.0,-163323000.0,1,X|Y,1
X,91,C,3,Y,188,X,1,R,3,K,8,S,1,Y,7,S,1,K,2,Y,1,R,1,C,1,X,1,"L1:[sp=X,91] C=3,Y=188,X=1,R=3,K=8,S=1 || L2:[sp=Y,7] S=1,K=2,Y=1,R=1,C=1,X=1",-588001.0,-163324000.0,1,X|Y,1
X,91,S,1,K,8,X,89,C,3,R,3,Y,188,Y,24,K,5,X,1,Y,1,R,1,C,3,S,1,"L1:[sp=X,91] S=1,K=8,X=89,C=3,R=3,Y=188 || L2:[sp=Y,24] K=5,X=1,Y=1,R=1,C=3,S=1",-inf,-inf,0,X|Y,1
X,91,R,3,K,6,X,1,C,1,S,2,Y,188,Y,24,K,5,S,1,Y,172,R,1,C,1,X,1,"L1:[sp=X,91] R=3,K=6,X=1,C=1,S=2,Y=188 || L2:[sp=Y,24] K=5,S=1,Y=172,R=1,C=1,X=1",-inf,-inf,0,X|Y,1
X,91,S,1,K,8,X,1,C,2,R,3,Y,188,Y,24,K,5,X,1,Y,1,R,1,C,1,S,1,"L1:[sp=X,91] S=1,K=8,X=1,C=2,R=3,Y=188 || L2:[sp=Y,24] K=5,X=1,Y=1,R=1,C=1,S=1",-556033.0,-163323000.0,1,X|Y,1
X,91,X,1,K,29,S,2,Y,188,C,3,R,1,Y,24,S,1,Y,1,K,6,R,1,C,1,X,1,"L1:[sp=X,91] X=1,K=29,S=2,Y=188,C=3,R=1 || L2:[sp=Y,24] S=1,Y=1,K=6,R=1,C=1,X=1",-1107073.0,-163324000.0,1,X|Y,1
X,91,R,3,K,6,X,1,C,1,S,1,Y,188,Y,24,K,5,S,1,Y,1,R,1,C,1,X,1,"L1:[sp=X,91] R=3,K=6,X=1,C=1,S=1,Y=188 || L2:[sp=Y,24] K=5,S=1,Y=1,R=1,C=1,X=1",-533377.0,-163323000.0,1,X|Y,1
X,91,R,3,K,8,X,1,C,3,S,1,Y,188,Y,24,K,5,S,1,R,1,Y,1,C,1,X,1,"L1:[sp=X,91] R=3,K=8,X=1,C=3,S=1,Y=188 || L2:[sp=Y,24] K=5,S=1,R=1,Y=1,C=1,X=1",-554497.0,-163323000.0,1,X|Y,1
X,91,X,1,Y,188,S,1,K,29,C,3,R,1,Y,24,S,1,Y,1,K,6,R,1,C,1,X,1,"L1:[sp=X,91] X=1,Y=188,S=1,K=29,C=3,R=1 || L2:[sp=Y,24] S=1,Y=1,K=6,R=1,C=1,X=1",-554689.0,-163324000.0,1,X|Y,1
X,91,R,3,K,6,X,1,C,1,S,1,Y,188,Y,24,K,5,S,1,Y,1,R,1,C,1,X,1,"L1:[sp=X,91] R=3,K=6,X=1,C=1,S=1,Y=188 || L2:[sp=Y,24] K=5,S=1,Y=1,R=1,C=1,X=1",-533377.0,-163323000.0,1,X|Y,1
X,91,X,76,Y,188,S,1,K,29,C,3,R,1,Y,24,K,6,Y,1,S,1,R,1,C,1,X,1,"L1:[sp=X,91] X=76,Y=188,S=1,K=29,C=3,R=1 || L2:[sp=Y,24] K=6,Y=1,S=1,R=1,C=1,X=1",-inf,-inf,0,X|Y,1
X,91,R,3,K,6,X,1,C,1,S,2,Y,188,Y,24,K,5,S,1,Y,1,R,1,C,1,X,1,"L1:[sp=X,91] R=3,K=6,X=1,C=1,S=2,Y=188 || L2:[sp=Y,24] K=5,S=1,Y=1,R=1,C=1,X=1",-inf,-inf,0,X|Y,1
X,91,S,1,K,29,X,1,Y,188,C,3,R,3,C,1,K,6,Y,1,S,1,R,1,C,2,X,1,"L1:[sp=X,91] S=1,K=29,X=1,Y=188,C=3,R=3 || L2:[sp=C,1] K=6,Y=1,S=1,R=1,C=2,X=1",-inf,-inf,0,X|C,1
X,91,R,3,K,6,X,1,C,1,S,1,Y,188,Y,42,K,5,S,1,Y,1,R,1,C,1,X,1,"L1:[sp=X,91] R=3,K=6,X=1,C=1,S=1,Y=188 || L2:[sp=Y,42] K=5,S=1,Y=1,R=1,C=1,X=1",-564481.0,-163323000.0,1,X|Y,1
X,91,R,3,K,6,X,1,C,1,S,1,Y,188,Y,24,K,5,S,1,Y,1,R,1,C,1,X,1,"L1:[sp=X,91] R=3,K=6,X=1,C=1,S=1,Y=188 || L2:[sp=Y,24] K=5,S=1,Y=1,R=1,C=1,X=1",-533377.0,-163323000.0,1,X|Y,1
X,91,S,1,K,29,X,1,Y,157,C,3,R,3,C,1,K,6,Y,1,S,1,R,1,C,2,X,1,"L1:[sp=X,91] S=1,K=29,X=1,Y=157,C=3,R=3 || L2:[sp=C,1] K=6,Y=1,S=1,R=1,C=2,X=1",-inf,-inf,0,X|C,1
X,91,S,1,K,16,X,1,C,2,R,3,Y,188,Y,24,K,5,X,1,Y,1,R,1,C,1,S,1,"L1:[sp=X,91] S=1,K=16,X=1,C=2,R=3,Y=188 || L2:[sp=Y,24] K=5,X=1,Y=1,R=1,C=1,S=1",-554497.0,-163323000.0,1,X|Y,1
X,91,R,3,K,5,X,1,C,1,S,1,Y,188,Y,24,K,5,S,1,Y,1,R,1,C,1,X,1,"L1:[sp=X,91] R=3,K=5,X=1,C=1,S=1,Y=188 || L2:[sp=Y,24] K=5,S=1,Y=1,R=1,C=1,X=1",-569089.0,-163323000.0,1,X|Y,1
X,91,S,1,K,29,X,1,Y,188,C,3,R,3,Y,24,K,6,Y,1,S,1,R,3,C,2,X,1,"L1:[sp=X,91] S=1,K=29,X=1,Y=188,C=3,R=3 || L2:[sp=Y,24] K=6,Y=1,S=1,R=3,C=2,X=1",-553537.0,-163324000.0,1,X|Y,1
X,91,R,3,K,8,X,144,C,3,S,1,Y,188,Y,24,K,5,S,1,R,1,Y,1,C,2,X,1,"L1:[sp=X,91] R=3,K=8,X=144,C=3,S=1,Y=188 || L2:[sp=Y,24] K=5,S=1,R=1,Y=1,C=2,X=1",-inf,-inf,0,X|Y,1
K,91,R,3,K,8,X,1,C,3,S,2,Y,188,Y,24,K,5,S,1,R,1,Y,1,C,1,X,1,"L1:[sp=K,91] R=3,K=8,X=1,C=3,S=2,Y=188 || L2:[sp=Y,24] K=5,S=1,R=1,Y=1,C=1,X=1",-1928505.0,-163323000.0,1,K|Y,1
X,91,R,3,K,6,X,1,C,1,S,1,Y,188,Y,168,K,3,S,1,Y,1,R,1,C,1,X,1,"L1:[sp=X,91] R=3,K=6,X=1,C=1,S=1,Y=188 || L2:[sp=Y,168] K=3,S=1,Y=1,R=1,C=1,X=1",-inf,-inf,0,X|Y,1
X,91,R,1,C,3,X,142,Y,207,K,8,S,1,Y,24,K,4,S,1,Y,1,R,1,C,2,X,1,"L1:[sp=X,91] R=1,C=3,X=142,Y=207,K=8,S=1 || L2:[sp=Y,24] K=4,S=1,Y=1,R=1,C=2,X=1",-inf,-inf,0,X|Y,1
X,91,S,1,K,42,X,1,Y,188,C,3,R,3,Y,24,K,6,Y,1,S,1,R,1,C,2,X,1,"L1:[sp=X,91] S=1,K=42,X=1,Y=188,C=3,R=3 || L2:[sp=Y,24] K=6,Y=1,S=1,R=1,C=2,X=1",-inf,-inf,0,X|Y,1
X,91,R,3,K,6,X,1,C,1,S,1,Y,188,Y,24,K,5,S,1,Y,1,R,1,C,1,X,1,"L1:[sp=X,91] R=3,K=6,X=1,C=1,S=1,Y=188 || L2:[sp=Y,24] K=5,S=1,Y=1,R=1,C=1,X=1",-inf,-inf,0,X|Y,1
C,91,R,3,K,5,X,1,C,3,S,1,Y,188,Y,24,C,1,S,1,Y,94,R,1,K,5,X,1,"L1:[sp=C,91] R=3,K=5,X=1,C=3,S=1,Y=188 || L2:[sp=Y,24] C=1,S=1,Y=94,R=1,K=5,X=1",-inf,-inf,0,C|Y,1
X,91,R,3,K,5,X,1,C,3,S,1,Y,153,Y,24,K,5,S,1,Y,1,R,1,C,1,X,1,"L1:[sp=X,91] R=3,K=5,X=1,C=3,S=1,Y=153 || L2:[sp=Y,24] K=5,S=1,Y=1,R=1,C=1,X=1",-inf,-inf,0,X|Y,1
X,91,S,1,K,8,X,1,C,2,R,3,Y,188,K,1,K,3,X,1,R,1,Y,1,C,1,S,1,"L1:[sp=X,91] S=1,K=8,X=1,C=2,R=3,Y=188 || L2:[sp=K,1] K=3,X=1,R=1,Y=1,C=1,S=1",-inf,-inf,0,X|K,1
X,91,X,1,Y,188,S,1,K,8,C,3,R,1,Y,24,S,1,Y,1,K,6,R,1,C,1,X,1,"L1:[sp=X,91] X=1,Y=188,S=1,K=8,C=3,R=1 || L2:[sp=Y,24] S=1,Y=1,K=6,R=1,C=1,X=1",-557569.0,-163323000.0,1,X|Y,1
X,91,R,2,K,8,X,1,C,3,S,1,Y,188,Y,24,K,8,S,1,Y,78,R,1,C,1,X,1,"L1:[sp=X,91] R=2,K=8,X=1,C=3,S=1,Y=188 || L2:[sp=Y,24] K=8,S=1,Y=78,R=1,C=1,X=1",-inf,-inf,0,X|Y,1
X,91,R,3,K,6,X,1,C,1,S,1,Y,188,Y,24,K,5,S,1,Y,1,R,1,C,1,X,1,"L1:[sp=X,91] R=3,K=6,X=1,C=1,S=1,Y=188 || L2:[sp=Y,24] K=5,S=1,Y=1,R=1,C=1,X=1",-inf,-inf,0,X|Y,1
X,91,X,1,Y,188,S,2,K,29,C,3,R,3,Y,24,K,6,Y,1,S,1,R,1,C,1,X,1,"L1:[sp=X,91] X=1,Y=188,S=2,K=29,C=3,R=3 || L2:[sp=Y,24] K=6,Y=1,S=1,R=1,C=1,X=1",-inf,-inf,0,X|Y,1
Y,91,R,1,K,8,X,76,C,3,S,1,Y,188,K,24,K,5,S,1,R,1,Y,1,C,1,X,1,"L1:[sp=Y,91] R=1,K=8,X=76,C=3,S=1,Y=188 || L2:[sp=K,24] K=5,S=1,R=1,Y=1,C=1,X=1",-inf,-inf,0,Y|K,1
X,91,X,39,Y,188,C,3,K,8,S,1,R,1,Y,24,S,1,Y,1,K,6,R,1,C,1,X,1,"L1:[sp=X,91] X=39,Y=188,C=3,K=8,S=1,R=1 || L2:[sp=Y,24] S=1,Y=1,K=6,R=1,C=1,X=1",-inf,-inf,0,X|Y,1
X,91,K,29,S,1,X,159,Y,188,C,3,R,3,Y,24,K,6,Y,1,S,1,R,3,C,2,X,1,"L1:[sp=X,91] K=29,S=1,X=159,Y=188,C=3,R=3 || L2:[sp=Y,24] K=6,Y=1,S=1,R=3,C=2,X=1",-inf,-inf,0,X|Y,1
X,91,X,1,Y,188,S,1,K,8,C,3,R,1,Y,24,S,1,Y,1,K,6,R,1,C,1,X,1,"L1:[sp=X,91] X=1,Y=188,S=1,K=8,C=3,R=1 || L2:[sp=Y,24] S=1,Y=1,K=6,R=1,C=1,X=1",-557569.0,-163323000.0,1,X|Y,1
X,91,R,3,K,6,X,61,C,1,S,3,Y,188,Y,42,K,5,S,1,Y,1,R,1,C,1,X,1,"L1:[sp=X,91] R=3,K=6,X=61,C=1,S=3,Y=188 || L2:[sp=Y,42] K=5,S=1,Y=1,R=1,C=1,X=1",-inf,-inf,0,X|Y,1
Y,91,R,3,K,5,X,1,C,1,S,2,Y,188,X,24,K,5,S,1,Y,1,R,1,C,1,X,1,"L1:[sp=Y,91] R=3,K=5,X=1,C=1,S=2,Y=188 || L2:[sp=X,24] K=5,S=1,Y=1,R=1,C=1,X=1",-74376745.0,-163323000.0,1,Y|X,1
K,91,R,3,K,8,X,1,C,3,S,1,Y,76,Y,24,K,5,S,1,R,1,Y,1,C,1,X,1,"L1:[sp=K,91] R=3,K=8,X=1,C=3,S=1,Y=76 || L2:[sp=Y,24] K=5,S=1,R=1,Y=1,C=1,X=1",-1068481.0,-163323000.0,1,K|Y,1
Y,91,X,76,Y,188,S,1,K,29,C,3,R,3,X,24,K,6,Y,1,S,1,R,1,C,1,X,1,"L1:[sp=Y,91] X=76,Y=188,S=1,K=29,C=3,R=3 || L2:[sp=X,24] K=6,Y=1,S=1,R=1,C=1,X=1",-inf,-inf,0,Y|X,1
X,91,R,1,K,5,X,1,C,1,S,1,Y,188,Y,24,R,1,S,1,Y,1,K,5,C,1,X,1,"L1:[sp=X,91] R=1,K=5,X=1,C=1,S=1,Y=188 || L2:[sp=Y,24] R=1,S=1,Y=1,K=5,C=1,X=1",-584065.0,-163323000.0,1,X|Y,1
K,91,R,3,K,8,X,177,C,3,S,1,Y,188,X,2,K,5,S,1,R,1,Y,1,C,1,X,1,"L1:[sp=K,91] R=3,K=8,X=177,C=3,S=1,Y=188 || L2:[sp=X,2] K=5,S=1,R=1,Y=1,C=1,X=1",-inf,-inf,0,K|X,1
X,91,S,2,K,16,X,1,C,2,R,3,Y,188,Y,24,K,5,X,1,Y,1,R,1,C,1,S,1,"L1:[sp=X,91] S=2,K=16,X=1,C=2,R=3,Y=188 || L2:[sp=Y,24] K=5,X=1,Y=1,R=1,C=1,S=1",-1106945.0,-163323000.0,1,X|Y,1
X,91,R,1,K,6,X,76,C,1,S,1,Y,188,Y,24,K,5,S,1,Y,1,R,1,C,1,X,1,"L1:[sp=X,91] R=1,K=6,X=76,C=1,S=1,Y=188 || L2:[sp=Y,24] K=5,S=1,Y=1,R=1,C=1,X=1",-inf,-inf,0,X|Y,1
X,91,X,1,Y,188,S,1,K,29,C,3,R,3,Y,14,K,6,Y,1,S,1,R,1,C,1,X,1,"L1:[sp=X,91] X=1,Y=188,S=1,K=29,C=3,R=3 || L2:[sp=Y,14] K=6,Y=1,S=1,R=1,C=1,X=1",-inf,-inf,0,X|Y,1
X,91,S,1,K,29,X,1,R,1,C,3,Y,188,Y,24,K,6,Y,1,S,1,R,1,C,1,X,1,"L1:[sp=X,91] S=1,K=29,X=1,R=1,C=3,Y=188 || L2:[sp=Y,24] K=6,Y=1,S=1,R=1,C=1,X=1",-554689.0,-163324000.0,1,X|Y,1
Y,91,Y,188,X,1,S,1,K,8,C,3,R,3,X,24,S,1,K,6,Y,1,R,3,C,2,X,1,"L1:[sp=Y,91] Y=188,X=1,S=1,K=8,C=3,R=3 || L2:[sp=X,24] S=1,K=6,Y=1,R=3,C=2,X=1",-72774913.0,-163323000.0,1,Y|X,1
K,91,R,3,K,8,X,1,C,3,S,1,Y,188,Y,24,K,5,S,1,R,1,Y,1,C,1,X,1,"L1:[sp=K,91] R=3,K=8,X=1,C=3,S=1,Y=188 || L2:[sp=Y,24] K=5,S=1,R=1,Y=1,C=1,X=1",-970369.0,-163323000.0,1,K|Y,1
X,91,S,2,K,16,X,1,C,2,R,2,Y,188,Y,24,K,5,X,1,Y,1,R,1,C,1,S,1,"L1:[sp=X,91] S=2,K=16,X=1,C=2,R=2,Y=188 || L2:[sp=Y,24] K=5,X=1,Y=1,R=1,C=1,S=1",-1107969.0,-163323000.0,1,X|Y,1
X,91,X,1,Y,188,S,1,K,11,C,1,R,3,Y,24,S,1,Y,1,K,6,R,3,C,1,X,1,"L1:[sp=X,91] X=1,Y=188,S=1,K=11,C=1,R=3 || L2:[sp=Y,24] S=1,Y=1,K=6,R=3,C=1,X=1",-573697.0,-163323000.0,1,X|Y,1
X,91,S,1,K,29,X,1,R,1,C,3,Y,188,Y,24,K,6,Y,1,S,1,R,1,C,1,X,1,"L1:[sp=X,91] S=1,K=29,X=1,R=1,C=3,Y=188 || L2:[sp=Y,24] K=6,Y=1,S=1,R=1,C=1,X=1",-554689.0,-163324000.0,1,X|Y,1
X,91,X,1,K,16,S,1,C,2,R,3,Y,188,Y,24,K,5,X,1,Y,1,R,1,C,1,S,1,"L1:[sp=X,91] X=1,K=16,S=1,C=2,R=3,Y=188 || L2:[sp=Y,24] K=5,X=1,Y=1,R=1,C=1,S=1",-554497.0,-163323000.0,1,X|Y,1
X,91,X,1,Y,101,S,1,K,11,C,1,R,3,Y,24,S,1,Y,1,K,6,R,3,C,1,X,1,"L1:[sp=X,91] X=1,Y=101,S=1,K=11,C=1,R=3 || L2:[sp=Y,24] S=1,Y=1,K=6,R=3,C=1,X=1",-inf,-inf,0,X|Y,1
Y,91,X,1,Y,76,S,1,K,60,C,1,R,1,X,24,S,1,Y,1,K,6,R,1,C,1,X,1,"L1:[sp=Y,91] X=1,Y=76,S=1,K=60,C=1,R=1 || L2:[sp=X,24] S=1,Y=1,K=6,R=1,C=1,X=1",-30348865.0,-163323000.0,1,Y|X,1
K,91,R,1,K,8,X,1,C,3,Y,188,S,1,Y,28,K,5,S,1,R,1,Y,124,C,1,X,1,"L1:[sp=K,91] R=1,K=8,X=1,C=3,Y=188,S=1 || L2:[sp=Y,28] K=5,S=1,R=1,Y=124,C=1,X=1",-inf,-inf,0,K|Y,1
X,91,S,2,K,45,X,1,C,2,R,2,Y,188,Y,24,K,5,X,1,Y,1,R,1,C,1,S,1,"L1:[sp=X,91] S=2,K=45,X=1,C=2,R=2,Y=188 || L2:[sp=Y,24] K=5,X=1,Y=1,R=1,C=1,S=1",-inf,-inf,0,X|Y,1
X,91,R,3,K,42,X,1,C,1,S,1,Y,188,Y,24,R,2,S,1,Y,1,K,5,C,1,X,1,"L1:[sp=X,91] R=3,K=42,X=1,C=1,S=1,Y=188 || L2:[sp=Y,24] R=2,S=1,Y=1,K=5,C=1,X=1",-inf,-inf,0,X|Y,1
K,91,R,1,K,8,X,1,C,3,S,1,Y,188,Y,24,K,5,S,1,R,1,Y,1,C,1,X,1,"L1:[sp=K,91] R=1,K=8,X=1,C=3,S=1,Y=188 || L2:[sp=Y,24] K=5,S=1,R=1,Y=1,C=1,X=1",-inf,-inf,0,K|Y,1
X,91,R,3,K,5,X,1,C,1,S,1,Y,188,Y,24,R,1,S,1,Y,1,K,5,C,1,X,1,"L1:[sp=X,91] R=3,K=5,X=1,C=1,S=1,Y=188 || L2:[sp=Y,24] R=1,S=1,Y=1,K=5,C=1,X=1",-569089.0,-163323000.0,1,X|Y,1
X,91,S,2,K,16,X,1,C,2,R,2,Y,188,Y,24,R,1,X,1,Y,38,K,5,C,1,S,1,"L1:[sp=X,91] S=2,K=16,X=1,C=2,R=2,Y=188 || L2:[sp=Y,24] R=1,X=1,Y=38,K=5,C=1,S=1",-8407041.0,-163324000.0,1,X|Y,1
X,91,X,1,Y,188,S,1,K,11,C,1,R,3,Y,24,S,1,Y,1,K,6,R,3,C,1,X,1,"L1:[sp=X,91] X=1,Y=188,S=1,K=11,C=1,R=3 || L2:[sp=Y,24] S=1,Y=1,K=6,R=3,C=1,X=1",-573697.0,-163323000.0,1,X|Y,1
X,91,X,104,C,1,S,1,K,11,Y,188,R,1,Y,24,S,1,Y,83,K,6,R,1,C,1,X,1,"L1:[sp=X,91] X=104,C=1,S=1,K=11,Y=188,R=1 || L2:[sp=Y,24] S=1,Y=83,K=6,R=1,C=1,X=1",-inf,-inf,0,X|Y,1
X,91,R,3,K,16,X,1,C,1,S,1,Y,188,Y,24,R,3,S,1,Y,1,K,5,C,1,X,1,"L1:[sp=X,91] R=3,K=16,X=1,C=1,S=1,Y=188 || L2:[sp=Y,24] R=3,S=1,Y=1,K=5,C=1,X=1",-inf,-inf,0,X|Y,1
X,91,X,1,Y,188,S,1,K,11,C,3,R,1,Y,24,S,1,Y,1,K,6,R,1,C,1,X,1,"L1:[sp=X,91] X=1,Y=188,S=1,K=11,C=3,R=1 || L2:[sp=Y,24] S=1,Y=1,K=6,R=1,C=1,X=1",-573697.0,-163323000.0,1,X|Y,1
X,91,S,2,K,29,X,1,C,1,R,3,Y,188,Y,24,K,6,Y,1,S,1,R,1,C,1,X,1,"L1:[sp=X,91] S=2,K=29,X=1,C=1,R=3,Y=188 || L2:[sp=Y,24] K=6,Y=1,S=1,R=1,C=1,X=1",-inf,-inf,0,X|Y,1
Y,91,X,1,K,29,S,1,R,3,C,1,Y,188,Y,24,K,6,R,3,S,1,Y,1,C,1,X,1,"L1:[sp=Y,91] X=1,K=29,S=1,R=3,C=1,Y=188 || L2:[sp=Y,24] K=6,R=3,S=1,Y=1,C=1,X=1",-3102625.0,-163323000.0,1,Y|Y,1
K,91,X,1,Y,188,S,1,K,11,C,3,R,3,Y,24,S,1,Y,1,K,6,R,1,C,1,X,1,"L1:[sp=K,91] X=1,Y=188,S=1,K=11,C=3,R=3 || L2:[sp=Y,24] S=1,Y=1,K=6,R=1,C=1,X=1",-666625.0,-163323000.0,1,K|Y,1
Y,91,S,2,K,16,X,46,C,2,R,3,Y,188,Y,24,K,5,X,1,Y,1,R,1,C,1,S,1,"L1:[sp=Y,91] S=2,K=16,X=46,C=2,R=3,Y=188 || L2:[sp=Y,24] K=5,X=1,Y=1,R=1,C=1,S=1",-inf,-inf,0,Y|Y,1
X,91,R,1,K,5,X,1,C,1,S,1,Y,188,Y,24,R,1,S,1,Y,1,K,5,C,1,X,1,"L1:[sp=X,91] R=1,K=5,X=1,C=1,S=1,Y=188 || L2:[sp=Y,24] R=1,S=1,Y=1,K=5,C=1,X=1",-inf,-inf,0,X|Y,1
X,91,X,1,S,2,Y,188,K,8,C,3,R,3,Y,24,S,1,Y,1,K,6,R,1,C,1,X,1,"L1:[sp=X,91] X=1,S=2,Y=188,K=8,C=3,R=3 || L2:[sp=Y,24] S=1,Y=1,K=6,R=1,C=1,X=1",-1106945.0,-163323000.0,1,X|Y,1
X,91,S,1,K,16,X,1,C,2,R,1,Y,188,Y,24,K,5,X,1,Y,1,R,1,C,1,S,1,"L1:[sp=X,91] S=1,K=16,X=1,C=2,R=1,Y=188 || L2:[sp=Y,24] K=5,X=1,Y=1,R=1,C=1,S=1",-inf,-inf,0,X|Y,1
X,91,X,1,K,16,S,1,C,2,R,3,Y,188,Y,24,K,5,X,1,Y,1,R,1,C,1,S,1,"L1:[sp=X,91] X=1,K=16,S=1,C=2,R=3,Y=188 || L2:[sp=Y,24] K=5,X=1,Y=1,R=1,C=1,S=1",-554497.0,-163323000.0,1,X|Y,1
X,91,S,1,K,48,X,1,R,1,C,3,Y,188,Y,24,Y,1,K,6,S,1,R,1,C,1,X,1,"L1:[sp=X,91] S=1,K=48,X=1,R=1,C=3,Y=188 || L2:[sp=Y,24] Y=1,K=6,S=1,R=1,C=1,X=1",-inf,-inf,0,X|Y,1
X,91,X,1,Y,188,S,1,K,11,C,3,R,1,Y,24,S,1,Y,1,K,6,R,1,C,1,X,1,"L1:[sp=X,91] X=1,Y=188,S=1,K=11,C=3,R=1 || L2:[sp=Y,24] S=1,Y=1,K=6,R=1,C=1,X=1",-573697.0,-163323000.0,1,X|Y,1
X,91,X,1,Y,188,S,1,K,11,C,3,R,3,Y,24,S,1,Y,1,K,6,R,1,C,1,X,1,"L1:[sp=X,91] X=1,Y=188,S=1,K=11,C=3,R=3 || L2:[sp=Y,24] S=1,Y=1,K=6,R=1,C=1,X=1",-inf,-inf,0,X|Y,1
Y,91,X,1,K,29,S,1,R,3,C,1,Y,188,Y,24,X,1,R,3,S,1,Y,1,C,1,K,6,"L1:[sp=Y,91] X=1,K=29,S=1,R=3,C=1,Y=188 || L2:[sp=Y,24] X=1,R=3,S=1,Y=1,C=1,K=6",-inf,-inf,0,Y|Y,1
X,91,R,3,K,5,X,1,C,1,S,1,Y,188,X,1,R,1,S,1,Y,1,K,5,C,1,X,1,"L1:[sp=X,91] R=3,K=5,X=1,C=1,S=1,Y=188 || L2:[sp=X,1] R=1,S=1,Y=1,K=5,C=1,X=1",-inf,-inf,0,X|X,1
X,91,X,1,Y,188,S,3,C,3,K,11,R,3,Y,24,S,1,Y,1,K,6,R,3,C,1,X,1,"L1:[sp=X,91] X=1,Y=188,S=3,C=3,K=11,R=3 || L2:[sp=Y,24] S=1,Y=1,K=6,R=3,C=1,X=1",-1711105.0,-163323000.0,1,X|Y,1
X,91,X,1,Y,188,S,1,K,11,C,1,R,3,Y,24,S,1,Y,1,K,6,R,1,C,1,X,1,"L1:[sp=X,91] X=1,Y=188,S=1,K=11,C=1,R=3 || L2:[sp=Y,24] S=1,Y=1,K=6,R=1,C=1,X=1",-inf,-inf,0,X|Y,1
C,91,X,1,K,29,S,1,R,3,C,1,Y,188,Y,24,K,6,R,3,S,1,Y,1,C,1,X,1,"L1:[sp=C,91] X=1,K=29,S=1,R=3,C=1,Y=188 || L2:[sp=Y,24] K=6,R=3,S=1,Y=1,C=1,X=1",-1294273.0,-163323000.0,1,C|Y,1
Y,91,X,1,K,52,S,1,R,3,C,1,Y,188,Y,24,K,6,R,1,S,1,Y,145,C,1,X,1,"L1:[sp=Y,91] X=1,K=52,S=1,R=3,C=1,Y=188 || L2:[sp=Y,24] K=6,R=1,S=1,Y=145,C=1,X=1",-inf,-inf,0,Y|Y,1
Y,91,X,1,Y,188,S,1,K,11,C,3,R,3,K,24,S,1,Y,1,K,6,R,3,C,1,X,1,"L1:[sp=Y,91] X=1,Y=188,S=1,K=11,C=3,R=3 || L2:[sp=K,24] S=1,Y=1,K=6,R=3,C=1,X=1",-40936897.0,-163323000.0,1,Y|K,1
X,91,R,3,K,5,X,1,C,1,S,1,Y,188,Y,24,R,1,S,1,Y,1,K,5,C,1,X,1,"L1:[sp=X,91] R=3,K=5,X=1,C=1,S=1,Y=188 || L2:[sp=Y,24] R=1,S=1,Y=1,K=5,C=1,X=1",-569089.0,-163323000.0,1,X|Y,1
X,91,S,1,K,29,X,1,R,1,C,3,Y,188,Y,24,K,6,Y,1,S,1,R,1,X,1,C,1,"L1:[sp=X,91] S=1,K=29,X=1,R=1,C=3,Y=188 || L2:[sp=Y,24] K=6,Y=1,S=1,R=1,X=1,C=1",-554689.0,-163324000.0,1,X|Y,1
X,91,X,1,Y,188,S,1,K,11,C,3,R,1,Y,24,S,1,Y,1,K,6,R,1,C,1,X,1,"L1:[sp=X,91] X=1,Y=188,S=1,K=11,C=3,R=1 || L2:[sp=Y,24] S=1,Y=1,K=6,R=1,C=1,X=1",-573697.0,-163323000.0,1,X|Y,1
X,91,X,1,S,2,Y,188,K,8,C,3,R,3,Y,24,S,1,Y,1,K,6,R,1,C,2,X,1,"L1:[sp=X,91] X=1,S=2,Y=188,K=8,C=3,R=3 || L2:[sp=Y,24] S=1,Y=1,K=6,R=1,C=2,X=1",-inf,-inf,0,X|Y,1
X,91,X,1,Y,188,S,1,K,4,C,1,R,3,Y,24,S,1,Y,1,K,4,R,2,C,1,X,1,"L1:[sp=X,91] X=1,Y=188,S=1,K=4,C=1,R=3 || L2:[sp=Y,24] S=1,Y=1,K=4,R=2,C=1,X=1",-562177.0,-163323000.0,1,X|Y,1
X,91,X,125,K,16,S,1,C,2,R,3,Y,188,Y,24,K,5,X,1,Y,1,R,1,C,1,S,1,"L1:[sp=X,91] X=125,K=16,S=1,C=2,R=3,Y=188 || L2:[sp=Y,24] K=5,X=1,Y=1,R=1,C=1,S=1",-inf,-inf,0,X|Y,1
X,91,X,1,Y,188,S,1,K,11,C,3,R,1,Y,24,S,1,Y,1,K,1,R,1,C,1,X,1,"L1:[sp=X,91] X=1,Y=188,S=1,K=11,C=3,R=1 || L2:[sp=Y,24] S=1,Y=1,K=1,R=1,C=1,X=1",-inf,-inf,0,X|Y,1
X,91,K,5,R,3,X,1,C,1,S,1,Y,188,Y,24,X,1,S,1,Y,1,K,5,C,1,R,1,"L1:[sp=X,91] K=5,R=3,X=1,C=1,S=1,Y=188 || L2:[sp=Y,24] X=1,S=1,Y=1,K=5,C=1,R=1",-569089.0,-163323000.0,1,X|Y,1
Y,91,S,1,K,29,X,1,R,1,C,2,Y,188,X,24,K,6,Y,1,S,1,R,1,C,1,X,1,"L1:[sp=Y,91] S=1,K=29,X=1,R=1,C=2,Y=188 || L2:[sp=X,24] K=6,Y=1,S=1,R=1,C=1,X=1",-72781633.0,-163323000.0,1,Y|X,1
X,91,R,3,X,1,K,5,C,1,S,1,Y,188,Y,24,R,1,S,1,Y,1,K,5,C,1,X,1,"L1:[sp=X,91] R=3,X=1,K=5,C=1,S=1,Y=188 || L2:[sp=Y,24] R=1,S=1,Y=1,K=5,C=1,X=1",-569089.0,-163323000.0,1,X|Y,1
X,91,X,1,K,16,S,1,C,2,R,3,Y,188,Y,24,K,5,X,1,Y,1,R,1,C,1,S,1,"L1:[sp=X,91] X=1,K=16,S=1,C=2,R=3,Y=188 || L2:[sp=Y,24] K=5,X=1,Y=1,R=1,C=1,S=1",-inf,-inf,0,X|Y,1
X,91,K,5,R,2,X,1,C,1,S,1,Y,188,Y,24,X,1,S,1,Y,1,K,5,C,1,R,1,"L1:[sp=X,91] K=5,R=2,X=1,C=1,S=1,Y=188 || L2:[sp=Y,24] X=1,S=1,Y=1,K=5,C=1,R=1",-576577.0,-163323000.0,1,X|Y,1
X,91,X,1,K,11,S,1,Y,188,C,3,R,3,Y,24,S,1,Y,1,K,6,R,3,C,1,X,1,"L1:[sp=X,91] X=1,K=11,S=1,Y=188,C=3,R=3 || L2:[sp=Y,24] S=1,Y=1,K=6,R=3,C=1,X=1",-571393.0,-163323000.0,1,X|Y,1
C,91,X,1,K,29,S,1,R,2,C,1,Y,188,Y,24,K,6,R,2,S,1,Y,1,C,1,X,1,"L1:[sp=C,91] X=1,K=29,S=1,R=2,C=1,Y=188 || L2:[sp=Y,24] K=6,R=2,S=1,Y=1,C=1,X=1",-inf,-inf,0,C|Y,1
Y,91,R,2,K,5,X,1,C,3,S,1,Y,188,X,24,R,1,S,1,Y,1,K,5,C,1,X,1,"L1:[sp=Y,91] R=2,K=5,X=1,C=3,S=1,Y=188 || L2:[sp=X,24] R=1,S=1,Y=1,K=5,C=1,X=1",-74317153.0,-163323000.0,1,Y|X,1
Y,91,X,1,Y,188,S,1,K,35,C,2,R,3,X,24,S,1,Y,1,K,4,R,1,C,1,X,1,"L1:[sp=Y,91] X=1,Y=188,S=1,K=35,C=2,R=3 || L2:[sp=X,24] S=1,Y=1,K=4,R=1,C=1,X=1",-inf,-inf,0,Y|X,1
X,91,X,1,K,16,Y,188,C,1,R,3,S,2,Y,24,K,5,X,1,Y,1,R,2,C,1,S,1,"L1:[sp=X,91] X=1,K=16,Y=188,C=1,R=3,S=2 || L2:[sp=Y,24] K=5,X=1,Y=1,R=2,C=1,S=1",-1107457.0,-163323000.0,1,X|Y,1
C,91,X,1,Y,96,S,1,K,4,C,1,R,3,C,1,R,2,Y,1,K,4,S,1,C,1,X,1,"L1:[sp=C,91] X=1,Y=96,S=1,K=4,C=1,R=3 || L2:[sp=C,1] R=2,Y=1,K=4,S=1,C=1,X=1",-29062657.0,-163323000.0,1,C|C,1
Y,91,K,5,R,3,X,1,C,1,S,1,Y,188,Y,4,X,1,S,1,Y,1,K,5,C,1,R,1,"L1:[sp=Y,91] K=5,R=3,X=1,C=1,S=1,Y=188 || L2:[sp=Y,4] X=1,S=1,Y=1,K=5,C=1,R=1",-18895969.0,-163323000.0,1,Y|Y,1
X,91,X,1,K,16,S,1,C,2,R,1,Y,188,Y,24,K,5,X,1,S,1,R,1,C,1,Y,149,"L1:[sp=X,91] X=1,K=16,S=1,C=2,R=1,Y=188 || L2:[sp=Y,24] K=5,X=1,S=1,R=1,C=1,Y=149",-inf,-inf,0,X|Y,1
X,91,S,1,K,29,X,1,R,3,C,3,Y,188,Y,24,S,1,Y,1,K,6,R,1,X,1,C,1,"L1:[sp=X,91] S=1,K=29,X=1,R=3,C=3,Y=188 || L2:[sp=Y,24] S=1,Y=1,K=6,R=1,X=1,C=1",-553537.0,-163324000.0,1,X|Y,1
C,91,X,1,K,29,S,1,R,3,C,1,Y,188,Y,24,K,6,R,1,S,1,Y,1,C,1,X,1,"L1:[sp=C,91] X=1,K=29,S=1,R=3,C=1,Y=188 || L2:[sp=Y,24] K=6,R=1,S=1,Y=1,C=1,X=1",-inf,-inf,0,C|Y,1
X,91,R,3,X,102,K,5,C,1,S,1,Y,188,Y,24,R,3,S,1,Y,1,K,5,C,1,X,25,"L1:[sp=X,91] R=3,X=102,K=5,C=1,S=1,Y=188 || L2:[sp=Y,24] R=3,S=1,Y=1,K=5,C=1,X=25",-inf,-inf,0,X|Y,1
C,91,X,1,K,29,S,1,R,1,C,1,Y,188,Y,24,K,6,R,1,S,1,Y,1,C,1,X,1,"L1:[sp=C,91] X=1,K=29,S=1,R=1,C=1,Y=188 || L2:[sp=Y,24] K=6,R=1,S=1,Y=1,C=1,X=1",-1302337.0,-163323000.0,1,C|Y,1
Y,91,X,167,Y,188,S,1,K,11,C,3,R,3,X,24,R,3,Y,1,K,6,S,1,C,1,X,1,"L1:[sp=Y,91] X=167,Y=188,S=1,K=11,C=3,R=3 || L2:[sp=X,24] R=3,Y=1,K=6,S=1,C=1,X=1",-inf,-inf,0,Y|X,1
X,91,S,3,K,29,X,1,R,3,C,3,Y,188,Y,24,Y,1,K,6,S,1,R,2,X,1,C,1,"L1:[sp=X,91] S=3,K=29,X=1,R=3,C=3,Y=188 || L2:[sp=Y,24] Y=1,K=6,S=1,R=2,X=1,C=1",-inf,-inf,0,X|Y,1
K,91,X,1,Y,188,S,1,K,4,C,1,R,2,Y,24,S,1,Y,1,K,4,R,1,C,1,X,1,"L1:[sp=K,91] X=1,Y=188,S=1,K=4,C=1,R=2 || L2:[sp=Y,24] S=1,Y=1,K=4,R=1,C=1,X=1",-749953.0,-163323000.0,1,K|Y,1
X,91,X,1,K,16,S,1,C,2,R,3,Y,188,Y,24,K,5,X,1,Y,1,R,1,C,1,S,1,"L1:[sp=X,91] X=1,K=16,S=1,C=2,R=3,Y=188 || L2:[sp=Y,24] K=5,X=1,Y=1,R=1,C=1,S=1",-inf,-inf,0,X|Y,1
C,91,X,1,K,29,S,1,R,3,C,1,Y,188,Y,24,K,6,S,1,R,3,C,1,Y,102,X,1,"L1:[sp=C,91] X=1,K=29,S=1,R=3,C=1,Y=188 || L2:[sp=Y,24] K=6,S=1,R=3,C=1,Y=102,X=1",-inf,-inf,0,C|Y,1
X,91,R,3,K,5,X,1,C,1,S,1,Y,188,Y,24,R,1,S,1,Y,1,K,5,C,1,X,1,"L1:[sp=X,91] R=3,K=5,X=1,C=1,S=1,Y=188 || L2:[sp=Y,24] R=1,S=1,Y=1,K=5,C=1,X=1",-inf,-inf,0,X|Y,1
X,91,X,1,Y,188,S,1,K,4,C,1,R,3,Y,24,S,1,Y,1,K,4,R,2,C,1,X,1,"L1:[sp=X,91] X=1,Y=188,S=1,K=4,C=1,R=3 || L2:[sp=Y,24] S=1,Y=1,K=4,R=2,C=1,X=1",-562177.0,-163323000.0,1,X|Y,1
X,91,S,1,K,29,X,1,R,3,C,3,Y,188,Y,24,S,1,Y,1,K,6,R,1,X,1,C,1,"L1:[sp=X,91] S=1,K=29,X=1,R=3,C=3,Y=188 || L2:[sp=Y,24] S=1,Y=1,K=6,R=1,X=1,C=1",-553537.0,-163324000.0,1,X|Y,1
X,91,C,3,K,11,S,1,Y,188,X,1,R,3,K,11,S,1,X,1,K,6,R,3,C,1,Y,1,"L1:[sp=X,91] C=3,K=11,S=1,Y=188,X=1,R=3 || L2:[sp=K,11] S=1,X=1,K=6,R=3,C=1,Y=1",-3237301.0,-163324000.0,1,X|K,1
K,91,S,1,Y,188,X,1,K,4,C,1,R,2,C,1,S,1,Y,1,K,4,R,1,C,1,X,1,"L1:[sp=K,91] S=1,Y=188,X=1,K=4,C=1,R=2 || L2:[sp=C,1] S=1,Y=1,K=4,R=1,C=1,X=1",-5451265.0,-163323000.0,1,K|C,1
X,91,K,5,R,2,X,1,C,1,S,2,Y,188,Y,24,X,1,S,1,Y,1,K,5,C,1,R,1,"L1:[sp=X,91] K=5,R=2,X=1,C=1,S=2,Y=188 || L2:[sp=Y,24] X=1,S=1,Y=1,K=5,C=1,R=1",-1133185.0,-163323000.0,1,X|Y,1
X,91,K,16,X,1,Y,188,C,1,R,3,S,1,Y,24,K,5,X,1,Y,39,R,2,C,1,S,1,"L1:[sp=X,91] K=16,X=1,Y=188,C=1,R=3,S=1 || L2:[sp=Y,24] K=5,X=1,Y=39,R=2,C=1,S=1",-4315393.0,-163324000.0,1,X|Y,1
C,91,X,127,K,29,S,1,R,2,C,1,Y,188,Y,24,K,6,R,1,S,1,Y,1,C,1,X,1,"L1:[sp=C,91] X=127,K=29,S=1,R=2,C=1,Y=188 || L2:[sp=Y,24] K=6,R=1,S=1,Y=1,C=1,X=1",-inf,-inf,0,C|Y,1
X,91,K,49,R,1,X,1,C,1,S,1,Y,188,Y,24,X,1,S,1,Y,1,K,5,C,1,R,1,"L1:[sp=X,91] K=49,R=1,X=1,C=1,S=1,Y=188 || L2:[sp=Y,24] X=1,S=1,Y=1,K=5,C=1,R=1",-inf,-inf,0,X|Y,1
X,91,K,5,R,2,X,1,C,1,S,1,Y,188,Y,24,X,1,S,1,Y,75,K,5,C,1,R,1,"L1:[sp=X,91] K=5,R=2,X=1,C=1,S=1,Y=188 || L2:[sp=Y,24] X=1,S=1,Y=75,K=5,C=1,R=1",-inf,-inf,0,X|Y,1
K,91,X,1,Y,188,S,1,K,4,C,1,R,2,Y,24,S,1,Y,1,K,4,R,1,C,1,X,1,"L1:[sp=K,91] X=1,Y=188,S=1,K=4,C=1,R=2 || L2:[sp=Y,24] S=1,Y=1,K=4,R=1,C=1,X=1",-749953.0,-163323000.0,1,K|Y,1
X,91,X,1,K,11,S,1,Y,188,C,3,R,3,C,1,S,1,Y,1,C,1,X,1,K,6,R,3,"L1:[sp=X,91] X=1,K=11,S=1,Y=188,C=3,R=3 || L2:[sp=C,1] S=1,Y=1,C=1,X=1,K=6,R=3",-inf,-inf,0,X|C,1
C,91,X,181,K,29,S,1,R,1,C,1,Y,188,Y,24,K,15,R,1,S,1,Y,1,C,1,X,1,"L1:[sp=C,91] X=181,K=29,S=1,R=1,C=1,Y=188 || L2:[sp=Y,24] K=15,R=1,S=1,Y=1,C=1,X=1",-inf,-inf,0,C|Y,1
Y,91,K,5,R,3,X,1,C,1,S,1,Y,188,Y,3,X,1,S,1,Y,1,K,5,C,1,R,1,"L1:[sp=Y,91] K=5,R=3,X=1,C=1,S=1,Y=188 || L2:[sp=Y,3] X=1,S=1,Y=1,K=5,C=1,R=1",-inf,-inf,0,Y|Y,1
K,91,X,1,Y,188,S,1,K,61,C,1,R,2,Y,24,S,1,Y,1,K,4,R,1,C,1,X,1,"L1:[sp=K,91] X=1,Y=188,S=1,K=61,C=1,R=2 || L2:[sp=Y,24] S=1,Y=1,K=4,R=1,C=1,X=1",-inf,-inf,0,K|Y,1
K,91,X,1,Y,188,S,1,K,4,C,2,R,2,Y,24,S,1,Y,1,K,4,R,1,C,1,X,1,"L1:[sp=K,91] X=1,Y=188,S=1,K=4,C=2,R=2 || L2:[sp=Y,24] S=1,Y=1,K=4,R=1,C=1,X=1",-741889.0,-163323000.0,1,K|Y,1
Y,91,R,3,K,11,S,1,Y,210,C,3,X,1,X,24,S,1,Y,1,K,6,R,3,C,1,X,1,"L1:[sp=Y,91] R=3,K=11,S=1,Y=210,C=3,X=1 || L2:[sp=X,24] S=1,Y=1,K=6,R=3,C=1,X=1",-83829313.0,-163323000.0,1,Y|X,1
X,91,K,5,R,2,Y,188,C,1,S,3,X,1,Y,24,X,1,S,1,Y,1,K,5,C,1,R,1,"L1:[sp=X,91] K=5,R=2,Y=188,C=1,S=3,X=1 || L2:[sp=Y,24] X=1,S=1,Y=1,K=5,C=1,R=1",-1689793.0,-163323000.0,1,X|Y,1
X,91,X,1,K,16,Y,188,C,1,R,3,S,2,Y,24,K,5,X,1,Y,1,R,2,C,1,S,1,"L1:[sp=X,91] X=1,K=16,Y=188,C=1,R=3,S=2 || L2:[sp=Y,24] K=5,X=1,Y=1,R=2,C=1,S=1",-1107457.0,-163323000.0,1,X|Y,1
X,91,K,5,R,2,Y,188,C,1,S,1,X,1,Y,24,X,1,S,1,Y,171,K,5,C,1,R,1,"L1:[sp=X,91] K=5,R=2,Y=188,C=1,S=1,X=1 || L2:[sp=Y,24] X=1,S=1,Y=171,K=5,C=1,R=1",-inf,-inf,0,X|Y,1
X,91,S,1,K,5,X,1,R,3,C,3,Y,188,Y,24,S,1,Y,1,K,5,R,1,X,1,C,1,"L1:[sp=X,91] S=1,K=5,X=1,R=3,C=3,Y=188 || L2:[sp=Y,24] S=1,Y=1,K=5,R=1,X=1,C=1",-564097.0,-163323000.0,1,X|Y,1
X,91,X,1,K,11,S,1,Y,188,C,3,R,2,Y,24,S,1,Y,1,K,6,R,1,C,1,X,1,"L1:[sp=X,91] X=1,K=11,S=1,Y=188,C=3,R=2 || L2:[sp=Y,24] S=1,Y=1,K=6,R=1,C=1,X=1",-inf,-inf,0,X|Y,1
X,91,K,5,R,3,X,1,C,3,S,1,Y,188,Y,24,X,1,S,1,Y,1,K,5,C,1,R,1,"L1:[sp=X,91] K=5,R=3,X=1,C=3,S=1,Y=188 || L2:[sp=Y,24] X=1,S=1,Y=1,K=5,C=1,R=1",-564097.0,-163323000.0,1,X|Y,1
X,91,S,1,K,29,X,1,R,3,C,3,Y,188,Y,24,S,1,Y,1,K,6,R,1,X,1,C,1,"L1:[sp=X,91] S=1,K=29,X=1,R=3,C=3,Y=188 || L2:[sp=Y,24] S=1,Y=1,K=6,R=1,X=1,C=1",-553537.0,-163324000.0,1,X|Y,1
X,91,K,5,R,2,X,63,C,1,S,2,Y,188,Y,24,X,1,Y,1,S,1,K,5,C,1,R,2,"L1:[sp=X,91] K=5,R=2,X=63,C=1,S=2,Y=188 || L2:[sp=Y,24] X=1,Y=1,S=1,K=5,C=1,R=2",-inf,-inf,0,X|Y,1
K,91,X,1,Y,188,S,2,K,4,C,2,R,2,Y,24,S,1,Y,1,K,4,R,1,C,1,X,1,"L1:[sp=K,91] X=1,Y=188,S=2,K=4,C=2,R=2 || L2:[sp=Y,24] S=1,Y=1,K=4,R=1,C=1,X=1",-1455745.0,-163323000.0,1,K|Y,1
K,91,X,1,Y,188,S,3,K,4,C,1,R,2,Y,24,S,1,Y,1,K,4,R,1,C,1,X,1,"L1:[sp=K,91] X=1,Y=188,S=3,K=4,C=1,R=2 || L2:[sp=Y,24] S=1,Y=1,K=4,R=1,C=1,X=1",-2165833.0,-163323000.0,1,K|Y,1
K,91,X,1,Y,188,S,1,K,4,C,2,R,3,Y,24,S,1,Y,1,K,4,R,1,C,1,X,1,"L1:[sp=K,91] X=1,Y=188,S=1,K=4,C=2,R=3 || L2:[sp=Y,24] S=1,Y=1,K=4,R=1,C=1,X=1",-inf,-inf,0,K|Y,1
K,91,X,1,Y,111,S,1,K,4,C,1,R,2,Y,24,S,1,Y,1,K,4,R,1,C,1,X,1,"L1:[sp=K,91] X=1,Y=111,S=1,K=4,C=1,R=2 || L2:[sp=Y,24] S=1,Y=1,K=4,R=1,C=1,X=1",-inf,-inf,0,K|Y,1
X,91,K,5,R,3,X,1,C,3,S,1,Y,188,Y,24,X,1,K,5,Y,164,S,1,C,1,R,1,"L1:[sp=X,91] K=5,R=3,X=1,C=3,S=1,Y=188 || L2:[sp=Y,24] X=1,K=5,Y=164,S=1,C=1,R=1",-inf,-inf,0,X|Y,1
X,91,K,5,S,2,X,1,C,1,R,2,Y,188,Y,24,Y,1,S,1,X,1,K,5,C,1,R,1,"L1:[sp=X,91] K=5,S=2,X=1,C=1,R=2,Y=188 || L2:[sp=Y,24] Y=1,S=1,X=1,K=5,C=1,R=1",-1133185.0,-163323000.0,1,X|Y,1
X,91,K,37,R,2,Y,188,C,1,S,3,X,1,Y,24,X,1,C,1,Y,1,K,5,S,1,R,1,"L1:[sp=X,91] K=37,R=2,Y=188,C=1,S=3,X=1 || L2:[sp=Y,24] X=1,C=1,Y=1,K=5,S=1,R=1",-1659649.0,-163324000.0,1,X|Y,1
X,91,S,1,K,29,X,1,R,3,C,3,Y,188,Y,24,S,1,Y,1,K,6,R,3,X,1,C,1,"L1:[sp=X,91] S=1,K=29,X=1,R=3,C=3,Y=188 || L2:[sp=Y,24] S=1,Y=1,K=6,R=3,X=1,C=1",-553537.0,-163324000.0,1,X|Y,1
K,91,X,1,Y,188,S,1,K,4,C,1,R,2,Y,24,S,1,Y,1,K,4,R,1,C,1,X,1,"L1:[sp=K,91] X=1,Y=188,S=1,K=4,C=1,R=2 || L2:[sp=Y,24] S=1,Y=1,K=4,R=1,C=1,X=1",-749953.0,-163323000.0,1,K|Y,1
X,91,K,5,R,2,Y,188,C,1,S,2,X,1,Y,24,S,1,X,1,Y,1,K,5,C,1,R,1,"L1:[sp=X,91] K=5,R=2,Y=188,C=1,S=2,X=1 || L2:[sp=Y,24] S=1,X=1,Y=1,K=5,C=1,R=1",-inf,-inf,0,X|Y,1
K,91,K,5,R,2,X,1,C,1,Y,188,S,3,Y,24,X,1,S,1,Y,1,K,5,C,1,R,1,"L1:[sp=K,91] K=5,R=2,X=1,C=1,Y=188,S=3 || L2:[sp=Y,24] X=1,S=1,Y=1,K=5,C=1,R=1",-1803529.0,-163323000.0,1,K|Y,1
X,91,K,5,R,3,X,1,C,1,S,2,Y,188,Y,24,X,1,S,1,Y,130,K,5,C,1,R,2,"L1:[sp=X,91] K=5,R=3,X=1,C=1,S=2,Y=188 || L2:[sp=Y,24] X=1,S=1,Y=130,K=5,C=1,R=2",-inf,-inf,0,X|Y,1
X,91,X,1,K,16,Y,188,C,1,R,2,S,2,Y,24,K,5,X,1,C,1,R,1,Y,1,S,1,"L1:[sp=X,91] X=1,K=16,Y=188,C=1,R=2,S=2 || L2:[sp=Y,24] K=5,X=1,C=1,R=1,Y=1,S=1",-1108993.0,-163323000.0,1,X|Y,1
Y,91,X,52,Y,188,K,4,S,1,C,3,R,3,K,24,S,1,Y,1,K,1,R,1,C,1,X,1,"L1:[sp=Y,91] X=52,Y=188,K=4,S=1,C=3,R=3 || L2:[sp=K,24] S=1,Y=1,K=1,R=1,C=1,X=1",-inf,-inf,0,Y|K,1
X,91,S,1,K,5,X,1,R,2,C,2,Y,188,X,1,S,1,Y,1,K,5,R,1,X,1,C,1,"L1:[sp=X,91] S=1,K=5,X=1,R=2,C=2,Y=188 || L2:[sp=X,1] S=1,Y=1,K=5,R=1,X=1,C=1",-inf,-inf,0,X|X,1
X,91,K,5,R,2,X,87,C,1,S,2,Y,188,Y,24,X,1,S,1,Y,1,K,5,C,1,R,1,"L1:[sp=X,91] K=5,R=2,X=87,C=1,S=2,Y=188 || L2:[sp=Y,24] X=1,S=1,Y=1,K=5,C=1,R=1",-inf,-inf,0,X|Y,1
X,91,K,5,X,1,Y,64,C,1,S,3,R,2,K,5,X,1,S,1,Y,1,K,5,C,1,R,1,"L1:[sp=X,91] K=5,X=1,Y=64,C=1,S=3,R=2 || L2:[sp=K,5] X=1,S=1,Y=1,K=5,C=1,R=1",-8368270.0,-163323000.0,1,X|K,1
X,91,X,1,Y,188,S,1,K,4,C,2,R,2,Y,24,S,1,Y,1,K,4,R,1,C,1,X,1,"L1:[sp=X,91] X=1,Y=188,S=1,K=4,C=2,R=2 || L2:[sp=Y,24] S=1,Y=1,K=4,R=1,C=1,X=1",-565249.0,-163323000.0,1,X|Y,1
X,91,X,1,K,16,Y,187,C,1,R,3,S,1,Y,24,K,5,X,1,Y,1,R,2,C,1,S,1,"L1:[sp=X,91] X=1,K=16,Y=187,C=1,R=3,S=1 || L2:[sp=Y,24] K=5,X=1,Y=1,R=2,C=1,S=1",-inf,-inf,0,X|Y,1
X,91,S,1,K,29,X,1,R,3,C,3,Y,188,Y,24,S,1,Y,1,K,6,R,1,X,1,C,1,"L1:[sp=X,91] S=1,K=29,X=1,R=3,C=3,Y=188 || L2:[sp=Y,24] S=1,Y=1,K=6,R=1,X=1,C=1",-553537.0,-163324000.0,1,X|Y,1
K,91,S,1,K,29,X,1,Y,188,C,3,R,3,Y,24,S,1,Y,1,K,6,R,3,X,1,C,1,"L1:[sp=K,91] S=1,K=29,X=1,Y=188,C=3,R=3 || L2:[sp=Y,24] S=1,Y=1,K=6,R=3,X=1,C=1",-1755265.0,-163323000.0,1,K|Y,1
X,91,X,1,Y,188,S,1,K,4,C,2,R,2,C,1,S,1,Y,1,K,4,R,1,C,1,X,1,"L1:[sp=X,91] X=1,Y=188,S=1,K=4,C=2,R=2 || L2:[sp=C,1] S=1,Y=1,K=4,R=1,C=1,X=1",-inf,-inf,0,X|C,1
X,91,S,2,Y,188,X,1,K,53,C,2,R,2,Y,24,S,1,Y,1,K,4,R,1,C,1,X,1,"L1:[sp=X,91] S=2,Y=188,X=1,K=53,C=2,R=2 || L2:[sp=Y,24] S=1,Y=1,K=4,R=1,C=1,X=1",-inf,-inf,0,X|Y,1
K,91,X,174,Y,188,S,2,K,4,C,2,R,2,X,42,S,1,Y,1,K,4,R,1,C,1,X,1,"L1:[sp=K,91] X=174,Y=188,S=2,K=4,C=2,R=2 || L2:[sp=X,42] S=1,Y=1,K=4,R=1,C=1,X=1",-inf,-inf,0,K|X,1
X,91,X,1,K,16,Y,188,C,1,R,3,S,1,Y,24,K,5,X,1,C,1,R,1,Y,1,S,1,"L1:[sp=X,91] X=1,K=16,Y=188,C=1,R=3,S=1 || L2:[sp=Y,24] K=5,X=1,C=1,R=1,Y=1,S=1",-555265.0,-163323000.0,1,X|Y,1
X,91,S,2,K,29,X,1,R,2,C,3,Y,188,Y,24,S,2,Y,1,K,6,R,1,X,1,C,1,"L1:[sp=X,91] S=2,K=29,X=1,R=2,C=3,Y=188 || L2:[sp=Y,24] S=2,Y=1,K=6,R=1,X=1,C=1",-inf,-inf,0,X|Y,1
X,91,K,5,S,2,X,1,C,1,R,2,Y,188,Y,24,Y,1,S,1,X,1,K,5,C,1,R,1,"L1:[sp=X,91] K=5,S=2,X=1,C=1,R=2,Y=188 || L2:[sp=Y,24] Y=1,S=1,X=1,K=5,C=1,R=1",-inf,-inf,0,X|Y,1
K,91,X,1,R,2,S,2,K,4,C,1,Y,188,Y,24,S,1,Y,1,K,4,R,2,C,1,X,1,"L1:[sp=K,91] X=1,R=2,S=2,K=4,C=1,Y=188 || L2:[sp=Y,24] S=1,Y=1,K=4,R=2,C=1,X=1",-1942777.0,-163323000.0,1,K|Y,1
X,91,X,1,K,16,Y,188,C,1,R,2,S,2,Y,24,K,5,X,1,C,1,R,1,Y,37,S,1,"L1:[sp=X,91] X=1,K=16,Y=188,C=1,R=2,S=2 || L2:[sp=Y,24] K=5,X=1,C=1,R=1,Y=37,S=1",-inf,-inf,0,X|Y,1
X,91,X,1,Y,12,S,1,K,4,C,2,R,2,Y,24,S,1,Y,1,K,4,R,1,C,1,X,1,"L1:[sp=X,91] X=1,Y=12,S=1,K=4,C=2,R=2 || L2:[sp=Y,24] S=1,Y=1,K=4,R=1,C=1,X=1",-inf,-inf,0,X|Y,1
K,91,X,49,Y,188,S,2,K,4,C,2,R,2,Y,24,S,1,Y,1,K,4,R,1,C,1,X,1,"L1:[sp=K,91] X=49,Y=188,S=2,K=4,C=2,R=2 || L2:[sp=Y,24] S=1,Y=1,K=4,R=1,C=1,X=1",-inf,-inf,0,K|Y,1
X,91,S,1,R,3,X,1,K,29,C,3,Y,188,Y,24,S,1,Y,1,K,6,R,3,X,1,C,1,"L1:[sp=X,91] S=1,R=3,X=1,K=29,C=3,Y=188 || L2:[sp=Y,24] S=1,Y=1,K=6,R=3,X=1,C=1",-553537.0,-163324000.0,1,X|Y,1
Y,91,X,1,K,4,S,1,Y,188,C,2,R,2,Y,24,S,1,Y,1,K,3,R,1,C,1,X,1,"L1:[sp=Y,91] X=1,K=4,S=1,Y=188,C=2,R=2 || L2:[sp=Y,24] S=1,Y=1,K=3,R=1,C=1,X=1",-inf,-inf,0,Y|Y,1
X,91,K,37,R,2,S,3,C,1,Y,188,X,1,Y,24,X,1,C,1,Y,1,K,32,R,1,S,1,"L1:[sp=X,91] K=37,R=2,S=3,C=1,Y=188,X=1 || L2:[sp=Y,24] X=1,C=1,Y=1,K=32,R=1,S=1",-1089409.0,-163324000.0,1,X|Y,1
X,91,X,1,K,16,Y,188,S,3,R,2,C,1,Y,24,Y,1,X,1,C,1,R,1,K,5,S,1,"L1:[sp=X,91] X=1,K=16,Y=188,S=3,R=2,C=1 || L2:[sp=Y,24] Y=1,X=1,C=1,R=1,K=5,S=1",-1660417.0,-163323000.0,1,X|Y,1
X,91,K,37,R,3,Y,188,C,2,S,3,X,1,Y,24,X,1,C,1,Y,1,K,5,S,1,R,1,"L1:[sp=X,91] K=37,R=3,Y=188,C=2,S=3,X=1 || L2:[sp=Y,24] X=1,C=1,Y=1,K=5,S=1,R=1",-inf,-inf,0,X|Y,1
X,91,X,1,Y,193,S,2,K,4,C,1,R,2,Y,24,S,1,Y,1,K,4,R,1,C,1,X,1,"L1:[sp=X,91] X=1,Y=193,S=2,K=4,C=1,R=2 || L2:[sp=Y,24] S=1,Y=1,K=4,R=1,C=1,X=1",-1228801.0,-163323000.0,1,X|Y,1
Y,91,C,2,S,1,X,103,K,5,R,2,Y,188,X,24,Y,1,S,1,X,1,K,5,C,1,R,2,"L1:[sp=Y,91] C=2,S=1,X=103,K=5,R=2,Y=188 || L2:[sp=X,24] Y=1,S=1,X=1,K=5,C=1,R=2",-inf,-inf,0,Y|X,1
X,91,K,5,S,2,X,1,C,1,R,2,Y,188,Y,24,Y,115,S,1,X,1,K,5,C,1,R,1,"L1:[sp=X,91] K=5,S=2,X=1,C=1,R=2,Y=188 || L2:[sp=Y,24] Y=115,S=1,X=1,K=5,C=1,R=1",-inf,-inf,0,X|Y,1
C,91,X,1,K,16,Y,188,C,1,R,2,S,2,X,1,K,5,X,1,C,1,R,1,Y,1,S,1,"L1:[sp=C,91] X=1,K=16,Y=188,C=1,R=2,S=2 || L2:[sp=X,1] K=5,X=1,C=1,R=1,Y=1,S=1",-57808737.0,-163323000.0,1,C|X,1
X,91,S,1,K,29,X,1,R,3,C,3,Y,188,Y,24,S,1,Y,1,K,6,R,1,X,1,C,1,"L1:[sp=X,91] S=1,K=29,X=1,R=3,C=3,Y=188 || L2:[sp=Y,24] S=1,Y=1,K=6,R=1,X=1,C=1",-553537.0,-163324000.0,1,X|Y,1
X,91,K,37,R,3,S,1,C,1,Y,60,X,1,Y,24,X,1,C,1,Y,1,K,32,R,1,S,1,"L1:[sp=X,91] K=37,R=3,S=1,C=1,Y=60,X=1 || L2:[sp=Y,24] X=1,C=1,Y=1,K=32,R=1,S=1",-inf,-inf,0,X|Y,1
X,91,S,3,K,29,X,1,R,2,C,3,Y,188,Y,24,S,1,Y,1,K,6,R,1,X,1,C,1,"L1:[sp=X,91] S=3,K=29,X=1,R=2,C=3,Y=188 || L2:[sp=Y,24] S=1,Y=1,K=6,R=1,X=1,C=1",-1659265.0,-163324000.0,1,X|Y,1
X,91,Y,188,K,16,X,1,S,3,R,2,C,1,Y,24,Y,1,X,1,S,3,R,1,K,5,C,1,"L1:[sp=X,91] Y=188,K=16,X=1,S=3,R=2,C=1 || L2:[sp=Y,24] Y=1,X=1,S=3,R=1,K=5,C=1",-554497.0,-163323000.0,1,X|Y,1
X,91,X,1,Y,223,S,2,K,4,C,1,R,2,Y,24,S,1,Y,203,K,4,R,1,C,1,X,1,"L1:[sp=X,91] X=1,Y=223,S=2,K=4,C=1,R=2 || L2:[sp=Y,24] S=1,Y=203,K=4,R=1,C=1,X=1",-inf,-inf,0,X|Y,1
Y,91,S,1,K,53,X,1,Y,188,C,3,R,3,K,24,S,1,Y,1,K,6,R,3,X,1,C,1,"L1:[sp=Y,91] S=1,K=53,X=1,Y=188,C=3,R=3 || L2:[sp=K,24] S=1,Y=1,K=6,R=3,X=1,C=1",-inf,-inf,0,Y|K,1
K,91,X,1,R,2,S,2,K,4,C,1,Y,188,Y,2,S,1,Y,1,K,4,R,2,C,1,X,1,"L1:[sp=K,91] X=1,R=2,S=2,K=4,C=1,Y=188 || L2:[sp=Y,2] S=1,Y=1,K=4,R=2,C=1,X=1",-7262665.0,-163323000.0,1,K|Y,1
X,91,X,1,Y,29,S,1,K,4,C,1,R,1,Y,24,S,1,Y,1,K,4,R,1,C,1,X,1,"L1:[sp=X,91] X=1,Y=29,S=1,K=4,C=1,R=1 || L2:[sp=Y,24] S=1,Y=1,K=4,R=1,C=1,X=1",-940033.0,-163323000.0,1,X|Y,1
K,91,S,2,K,29,X,175,Y,188,C,3,R,2,Y,24,S,1,Y,1,K,6,R,1,X,49,C,1,"L1:[sp=K,91] S=2,K=29,X=175,Y=188,C=3,R=2 || L2:[sp=Y,24] S=1,Y=1,K=6,R=1,X=49,C=1",-inf,-inf,0,K|Y,1
Y,91,X,1,K,16,Y,188,C,1,R,3,S,3,Y,24,K,5,X,1,C,1,R,1,Y,1,S,1,"L1:[sp=Y,91] X=1,K=16,Y=188,C=1,R=3,S=3 || L2:[sp=Y,24] K=5,X=1,C=1,R=1,Y=1,S=1",-9209449.0,-163323000.0,1,Y|Y,1
Y,91,S,1,K,29,X,1,R,3,C,3,Y,101,X,24,S,1,Y,1,K,6,R,1,X,1,C,1,"L1:[sp=Y,91] S=1,K=29,X=1,R=3,C=3,Y=101 || L2:[sp=X,24] S=1,Y=1,K=6,R=1,X=1,C=1",-39870433.0,-163323000.0,1,Y|X,1
X,91,R,3,K,16,Y,188,C,1,X,1,S,1,Y,24,K,5,X,1,C,1,R,1,Y,1,S,1,"L1:[sp=X,91] R=3,K=16,Y=188,C=1,X=1,S=1 || L2:[sp=Y,24] K=5,X=1,C=1,R=1,Y=1,S=1",-555265.0,-163323000.0,1,X|Y,1
X,91,X,1,Y,193,S,2,K,4,R,2,C,1,Y,24,S,1,Y,1,R,1,K,4,C,1,X,1,"L1:[sp=X,91] X=1,Y=193,S=2,K=4,R=2,C=1 || L2:[sp=Y,24] S=1,Y=1,R=1,K=4,C=1,X=1",-1228801.0,-163323000.0,1,X|Y,1
K,91,X,1,R,3,K,4,S,1,C,3,Y,188,Y,24,S,1,Y,1,K,4,R,1,C,1,X,1,"L1:[sp=K,91] X=1,R=3,K=4,S=1,C=3,Y=188 || L2:[sp=Y,24] S=1,Y=1,K=4,R=1,C=1,X=1",-729793.0,-163323000.0,1,K|Y,1
X,91,S,2,K,28,X,1,R,2,C,1,Y,188,Y,24,S,1,Y,1,K,6,R,2,X,1,C,1,"L1:[sp=X,91] S=2,K=28,X=1,R=2,C=1,Y=188 || L2:[sp=Y,24] S=1,Y=1,K=6,R=2,X=1,C=1",-1522945.0,-163324000.0,1,X|Y,1
K,91,X,56,R,2,S,2,K,4,C,1,Y,188,Y,24,S,1,Y,1,K,4,R,2,C,1,X,1,"L1:[sp=K,91] X=56,R=2,S=2,K=4,C=1,Y=188 || L2:[sp=Y,24] S=1,Y=1,K=4,R=2,C=1,X=1",-inf,-inf,0,K|Y,1
X,91,X,1,Y,193,S,2,K,4,C,1,R,2,Y,24,S,1,Y,1,K,4,R,1,C,1,X,1,"L1:[sp=X,91] X=1,Y=193,S=2,K=4,C=1,R=2 || L2:[sp=Y,24] S=1,Y=1,K=4,R=1,C=1,X=1",-1228801.0,-163323000.0,1,X|Y,1
Y,91,X,1,Y,188,S,1,K,4,C,1,R,3,X,24,S,1,Y,184,K,4,R,1,C,1,X,1,"L1:[sp=Y,91] X=1,Y=188,S=1,K=4,C=1,R=3 || L2:[sp=X,24] S=1,Y=184,K=4,R=1,C=1,X=1",-inf,-inf,0,Y|X,1
X,91,S,2,K,29,X,1,R,2,C,3,Y,143,Y,24,S,1,Y,1,K,6,R,1,X,1,C,1,"L1:[sp=X,91] S=2,K=29,X=1,R=2,C=3,Y=143 || L2:[sp=Y,24] S=1,Y=1,K=6,R=1,X=1,C=1",-inf,-inf,0,X|Y,1
Y,91,S,3,K,29,X,1,R,3,C,3,Y,188,X,24,S,1,Y,1,K,6,R,2,X,1,C,3,"L1:[sp=Y,91] S=3,K=29,X=1,R=3,C=3,Y=188 || L2:[sp=X,24] S=1,Y=1,K=6,R=2,X=1,C=3",-inf,-inf,0,Y|X,1
X,91,X,1,K,16,Y,188,C,1,R,3,S,2,Y,24,K,5,X,1,C,1,R,1,Y,1,S,1,"L1:[sp=X,91] X=1,K=16,Y=188,C=1,R=3,S=2 || L2:[sp=Y,24] K=5,X=1,C=1,R=1,Y=1,S=1",-inf,-inf,0,X|Y,1
X,91,S,1,K,29,X,1,R,3,C,3,Y,188,Y,24,S,1,Y,1,K,6,R,1,X,1,C,1,"L1:[sp=X,91] S=1,K=29,X=1,R=3,C=3,Y=188 || L2:[sp=Y,24] S=1,Y=1,K=6,R=1,X=1,C=1",-553537.0,-163324000.0,1,X|Y,1
X,91,X,1,Y,193,S,2,K,4,R,2,C,1,Y,24,S,1,Y,1,R,2,K,4,C,1,X,1,"L1:[sp=X,91] X=1,Y=193,S=2,K=4,R=2,C=1 || L2:[sp=Y,24] S=1,Y=1,R=2,K=4,C=1,X=1",-1929217.0,-163323000.0,1,X|Y,1
X,91,X,1,Y,29,S,1,K,4,C,1,R,1,Y,24,S,1,Y,1,K,4,R,1,C,1,X,1,"L1:[sp=X,91] X=1,Y=29,S=1,K=4,C=1,R=1 || L2:[sp=Y,24] S=1,Y=1,K=4,R=1,C=1,X=1",-940033.0,-163323000.0,1,X|Y,1
X,91,X,8,Y,193,S,1,K,4,C,1,R,3,Y,24,S,1,Y,1,K,4,R,1,C,1,X,1,"L1:[sp=X,91] X=8,Y=193,S=1,K=4,C=1,R=3 || L2:[sp=Y,24] S=1,Y=1,K=4,R=1,C=1,X=1",-inf,-inf,0,X|Y,1
X,91,R,2,K,16,Y,188,C,1,X,1,S,2,Y,24,K,12,X,1,C,1,R,1,Y,1,S,1,"L1:[sp=X,91] R=2,K=16,Y=188,C=1,X=1,S=2 || L2:[sp=Y,24] K=12,X=1,C=1,R=1,Y=1,S=1",-1108993.0,-163323000.0,1,X|Y,1
Y,91,R,3,K,49,Y,188,C,1,X,1,S,3,X,24,K,5,X,1,C,1,R,1,Y,1,S,1,"L1:[sp=Y,91] R=3,K=49,Y=188,C=1,X=1,S=3 || L2:[sp=X,24] K=5,X=1,C=1,R=1,Y=1,S=1",-72888373.0,-163323000.0,1,Y|X,1
X,91,Y,188,K,7,X,1,S,3,R,2,C,1,C,1,Y,1,X,1,S,3,R,1,K,5,C,1,"L1:[sp=X,91] Y=188,K=7,X=1,S=3,R=2,C=1 || L2:[sp=C,1] Y=1,X=1,S=3,R=1,K=5,C=1",-inf,-inf,0,X|C,1
X,91,Y,193,X,1,S,2,K,4,R,2,C,3,Y,24,S,1,Y,1,R,1,K,4,C,1,X,1,"L1:[sp=X,91] Y=193,X=1,S=2,K=4,R=2,C=3 || L2:[sp=Y,24] S=1,Y=1,R=1,K=4,C=1,X=1",-1220609.0,-163323000.0,1,X|Y,1
X,91,S,1,K,16,Y,188,C,1,X,1,R,3,Y,24,K,5,X,1,C,1,R,1,Y,1,S,1,"L1:[sp=X,91] S=1,K=16,Y=188,C=1,X=1,R=3 || L2:[sp=Y,24] K=5,X=1,C=1,R=1,Y=1,S=1",-555265.0,-163323000.0,1,X|Y,1
X,91,S,3,K,29,X,1,R,3,C,3,Y,188,Y,24,S,1,Y,1,K,6,R,2,X,1,C,1,"L1:[sp=X,91] S=3,K=29,X=1,R=3,C=3,Y=188 || L2:[sp=Y,24] S=1,Y=1,K=6,R=2,X=1,C=1",-inf,-inf,0,X|Y,1
C,91,R,3,K,16,Y,188,C,1,X,1,S,1,C,1,K,5,X,1,C,1,R,1,Y,1,S,1,"L1:[sp=C,91] R=3,K=16,Y=188,C=1,X=1,S=1 || L2:[sp=C,1] K=5,X=1,C=1,R=1,Y=1,S=1",-29164801.0,-163323000.0,1,C|C,1
X,91,Y,193,K,16,X,1,S,2,R,2,C,1,X,1,Y,75,X,1,S,1,R,1,K,5,C,1,"L1:[sp=X,91] Y=193,K=16,X=1,S=2,R=2,C=1 || L2:[sp=X,1] Y=75,X=1,S=1,R=1,K=5,C=1",-inf,-inf,0,X|X,1
X,91,X,1,Y,188,S,3,K,4,C,1,R,2,Y,24,S,3,Y,1,K,4,R,1,C,1,X,1,"L1:[sp=X,91] X=1,Y=188,S=3,K=4,C=1,R=2 || L2:[sp=Y,24] S=3,Y=1,K=4,R=1,C=1,X=1",-559105.0,-163323000.0,1,X|Y,1
X,91,X,1,K,29,S,1,R,3,C,3,Y,188,Y,24,S,1,Y,1,K,6,R,3,X,1,C,1,"L1:[sp=X,91] X=1,K=29,S=1,R=3,C=3,Y=188 || L2:[sp=Y,24] S=1,Y=1,K=6,R=3,X=1,C=1",-553537.0,-163324000.0,1,X|Y,1
X,91,X,1,Y,193,S,2,K,4,R,2,C,1,Y,24,C,1,Y,1,R,1,K,4,S,1,X,1,"L1:[sp=X,91] X=1,Y=193,S=2,K=4,R=2,C=1 || L2:[sp=Y,24] C=1,Y=1,R=1,K=4,S=1,X=1",-1228801.0,-163323000.0,1,X|Y,1
X,91,K,44,R,1,Y,188,C,1,X,1,S,1,Y,24,K,5,X,1,C,1,R,1,Y,1,S,1,"L1:[sp=X,91] K=44,R=1,Y=188,C=1,X=1,S=1 || L2:[sp=Y,24] K=5,X=1,C=1,R=1,Y=1,S=1",-inf,-inf,0,X|Y,1
K,91,X,41,R,3,K,4,S,1,C,3,Y,188,Y,24,S,1,Y,1,K,4,R,1,C,2,X,1,"L1:[sp=K,91] X=41,R=3,K=4,S=1,C=3,Y=188 || L2:[sp=Y,24] S=1,Y=1,K=4,R=1,C=2,X=1",-inf,-inf,0,K|Y,1
X,91,R,3,K,16,Y,188,C,1,X,1,S,2,Y,24,K,5,X,1,C,1,R,1,Y,1,S,1,"L1:[sp=X,91] R=3,K=16,Y=188,C=1,X=1,S=2 || L2:[sp=Y,24] K=5,X=1,C=1,R=1,Y=1,S=1",-1107457.0,-163323000.0,1,X|Y,1
Y,91,X,1,Y,193,S,1,K,4,R,2,C,1,Y,24,S,1,Y,1,R,1,K,4,C,1,X,1,"L1:[sp=Y,91] X=1,Y=193,S=1,K=4,R=2,C=1 || L2:[sp=Y,24] S=1,Y=1,R=1,K=4,C=1,X=1",-3548161.0,-163323000.0,1,Y|Y,1
X,91,X,1,Y,29,S,1,K,4,C,1,R,3,Y,29,S,1,Y,1,K,4,R,1,C,1,X,1,"L1:[sp=X,91] X=1,Y=29,S=1,K=4,C=1,R=3 || L2:[sp=Y,29] S=1,Y=1,K=4,R=1,C=1,X=1",-1218241.0,-163323000.0,1,X|Y,1
K,91,X,1,R,1,K,4,S,2,C,3,Y,188,Y,24,S,1,Y,1,X,1,R,1,C,1,K,4,"L1:[sp=K,91] X=1,R=1,K=4,S=2,C=3,Y=188 || L2:[sp=Y,24] S=1,Y=1,X=1,R=1,C=1,K=4",-1453069.0,-163323000.0,1,K|Y,1
X,91,S,1,K,29,X,1,R,3,C,3,Y,188,Y,24,S,1,Y,1,K,6,R,1,X,1,C,1,"L1:[sp=X,91] S=1,K=29,X=1,R=3,C=3,Y=188 || L2:[sp=Y,24] S=1,Y=1,K=6,R=1,X=1,C=1",-553537.0,-163324000.0,1,X|Y,1
X,91,R,2,K,16,Y,188,C,1,X,1,S,2,Y,24,K,15,X,1,C,1,R,1,Y,1,S,1,"L1:[sp=X,91] R=2,K=16,Y=188,C=1,X=1,S=2 || L2:[sp=Y,24] K=15,X=1,C=1,R=1,Y=1,S=1",-inf,-inf,0,X|Y,1
X,91,S,1,K,29,X,1,R,2,C,1,Y,188,Y,24,S,1,Y,1,K,6,R,1,X,1,C,1,"L1:[sp=X,91] S=1,K=29,X=1,R=2,C=1,Y=188 || L2:[sp=Y,24] S=1,Y=1,K=6,R=1,X=1,C=1",-556417.0,-163323000.0,1,X|Y,1
X,91,X,1,Y,29,S,1,K,4,C,1,R,2,Y,24,X,1,Y,1,K,4,R,1,C,1,S,1,"L1:[sp=X,91] X=1,Y=29,S=1,K=4,C=1,R=2 || L2:[sp=Y,24] X=1,Y=1,K=4,R=1,C=1,S=1",-903169.0,-163323000.0,1,X|Y,1
X,91,X,1,Y,29,S,1,K,4,C,1,R,1,K,2,S,1,Y,1,K,4,R,1,C,1,X,1,"L1:[sp=X,91] X=1,Y=29,S=1,K=4,C=1,R=1 || L2:[sp=K,2] S=1,Y=1,K=4,R=1,C=1,X=1",-inf,-inf,0,X|K,1
X,91,X,1,Y,188,S,3,K,4,C,1,R,2,Y,24,S,3,Y,1,K,4,R,1,C,1,X,1,"L1:[sp=X,91] X=1,Y=188,S=3,K=4,C=1,R=2 || L2:[sp=Y,24] S=3,Y=1,K=4,R=1,C=1,X=1",-559105.0,-163323000.0,1,X|Y,1
X,91,X,1,Y,52,S,1,K,4,C,1,R,1,Y,24,S,1,Y,1,K,3,R,1,C,1,X,1,"L1:[sp=X,91] X=1,Y=52,S=1,K=4,C=1,R=1 || L2:[sp=Y,24] S=1,Y=1,K=3,R=1,C=1,X=1",-787969.0,-163323000.0,1,X|Y,1
X,91,R,1,K,32,Y,188,C,1,X,1,S,2,Y,24,K,12,X,1,C,1,R,1,Y,1,S,1,"L1:[sp=X,91] R=1,K=32,Y=188,C=1,X=1,S=2 || L2:[sp=Y,24] K=12,X=1,C=1,R=1,Y=1,S=1",-inf,-inf,0,X|Y,1
Y,91,X,1,K,4,S,1,Y,29,C,1,R,3,Y,29,S,1,Y,1,K,4,R,1,C,1,X,1,"L1:[sp=Y,91] X=1,K=4,S=1,Y=29,C=1,R=3 || L2:[sp=Y,29] S=1,Y=1,K=4,R=1,C=1,X=1",-inf,-inf,0,Y|Y,1
X,91,R,1,K,16,Y,188,C,1,X,1,S,1,Y,24,K,12,X,1,C,1,R,1,Y,178,S,1,"L1:[sp=X,91] R=1,K=16,Y=188,C=1,X=1,S=1 || L2:[sp=Y,24] K=12,X=1,C=1,R=1,Y=178,S=1",-inf,-inf,0,X|Y,1
X,91,X,1,Y,29,S,2,K,4,C,1,R,2,Y,24,S,1,Y,1,K,4,R,1,C,1,X,1,"L1:[sp=X,91] X=1,Y=29,S=2,K=4,C=1,R=2 || L2:[sp=Y,24] S=1,Y=1,K=4,R=1,C=1,X=1",-1708033.0,-163323000.0,1,X|Y,1
X,91,S,1,K,29,X,1,R,3,C,3,Y,188,Y,24,S,1,Y,1,K,6,R,1,X,1,C,1,"L1:[sp=X,91] S=1,K=29,X=1,R=3,C=3,Y=188 || L2:[sp=Y,24] S=1,Y=1,K=6,R=1,X=1,C=1",-553537.0,-163324000.0,1,X|Y,1
X,91,X,1,K,45,Y,188,C,1,R,3,S,2,Y,24,K,16,X,1,C,1,R,1,Y,1,S,1,"L1:[sp=X,91] X=1,K=45,Y=188,C=1,R=3,S=2 || L2:[sp=Y,24] K=16,X=1,C=1,R=1,Y=1,S=1",-inf,-inf,0,X|Y,1
X,91,S,1,K,25,Y,188,C,1,X,1,R,3,Y,24,K,11,X,1,C,1,R,1,Y,1,S,1,"L1:[sp=X,91] S=1,K=25,Y=188,C=1,X=1,R=3 || L2:[sp=Y,24] K=11,X=1,C=1,R=1,Y=1,S=1",-554689.0,-163323000.0,1,X|Y,1
X,91,X,1,Y,29,S,1,K,4,C,1,R,3,Y,29,S,1,Y,28,K,4,R,1,C,1,X,1,"L1:[sp=X,91] X=1,Y=29,S=1,K=4,C=1,R=3 || L2:[sp=Y,29] S=1,Y=28,K=4,R=1,C=1,X=1",-17470081.0,-163323000.0,1,X|Y,1
X,91,R,1,K,16,Y,29,C,1,X,1,S,1,Y,24,Y,1,X,1,C,1,R,1,K,5,S,1,"L1:[sp=X,91] R=1,K=16,Y=29,C=1,X=1,S=1 || L2:[sp=Y,24] Y=1,X=1,C=1,R=1,K=5,S=1",-inf,-inf,0,X|Y,1
X,91,X,1,Y,188,S,2,K,4,C,1,R,2,Y,24,S,1,Y,1,C,1,R,1,K,4,X,1,"L1:[sp=X,91] X=1,Y=188,S=2,K=4,C=1,R=2 || L2:[sp=Y,24] S=1,Y=1,C=1,R=1,K=4,X=1",-1118209.0,-163323000.0,1,X|Y,1
X,91,X,1,Y,29,S,1,K,4,C,1,R,3,Y,24,S,1,Y,16,K,4,R,3,C,1,X,1,"L1:[sp=X,91] X=1,Y=29,S=1,K=4,C=1,R=3 || L2:[sp=Y,24] S=1,Y=16,K=4,R=3,C=1,X=1",-inf,-inf,0,X|Y,1
X,91,X,1,K,52,S,1,R,1,C,3,Y,188,Y,24,S,1,Y,1,K,6,R,1,X,1,C,1,"L1:[sp=X,91] X=1,K=52,S=1,R=1,C=3,Y=188 || L2:[sp=Y,24] S=1,Y=1,K=6,R=1,X=1,C=1",-inf,-inf,0,X|Y,1
X,91,X,1,Y,188,S,2,K,4,C,3,R,3,Y,29,S,1,Y,133,K,4,R,1,C,1,X,1,"L1:[sp=X,91] X=1,Y=188,S=2,K=4,C=3,R=3 || L2:[sp=Y,29] S=1,Y=133,K=4,R=1,C=1,X=1",-inf,-inf,0,X|Y,1
X,91,S,1,K,29,X,1,R,3,C,1,Y,29,Y,24,S,1,Y,1,K,6,R,1,X,1,C,1,"L1:[sp=X,91] S=1,K=29,X=1,R=3,C=1,Y=29 || L2:[sp=Y,24] S=1,Y=1,K=6,R=1,X=1,C=1",-836353.0,-163323000.0,1,X|Y,1
X,91,S,1,K,29,X,1,R,3,C,3,Y,188,Y,24,S,1,Y,1,K,6,R,1,X,1,C,1,"L1:[sp=X,91] S=1,K=29,X=1,R=3,C=3,Y=188 || L2:[sp=Y,24] S=1,Y=1,K=6,R=1,X=1,C=1",-553537.0,-163324000.0,1,X|Y,1
X,91,S,1,K,29,X,60,R,2,C,2,Y,188,Y,24,S,1,Y,1,K,6,R,1,X,1,C,1,"L1:[sp=X,91] S=1,K=29,X=60,R=2,C=2,Y=188 || L2:[sp=Y,24] S=1,Y=1,K=6,R=1,X=1,C=1",-inf,-inf,0,X|Y,1
X,91,S,1,K,29,X,1,R,3,C,3,Y,188,Y,24,S,1,Y,1,K,6,R,1,X,1,C,1,"L1:[sp=X,91] S=1,K=29,X=1,R=3,C=3,Y=188 || L2:[sp=Y,24] S=1,Y=1,K=6,R=1,X=1,C=1",-inf,-inf,0,X|Y,1
Y,91,X,1,Y,29,S,1,K,4,C,2,R,2,Y,24,X,1,R,1,K,4,Y,1,C,1,S,1,"L1:[sp=Y,91] X=1,Y=29,S=1,K=4,C=2,R=2 || L2:[sp=Y,24] X=1,R=1,K=4,Y=1,C=1,S=1",-inf,-inf,0,Y|Y,1
X,91,S,1,K,29,X,1,R,2,C,1,Y,164,Y,24,S,1,Y,1,K,6,R,1,X,1,C,1,"L1:[sp=X,91] S=1,K=29,X=1,R=2,C=1,Y=164 || L2:[sp=Y,24] S=1,Y=1,K=6,R=1,X=1,C=1",-556417.0,-163323000.0,1,X|Y,1
X,91,S,1,K,29,X,1,R,3,C,1,Y,188,Y,24,S,1,Y,1,K,28,R,2,X,1,C,1,"L1:[sp=X,91] S=1,K=29,X=1,R=3,C=1,Y=188 || L2:[sp=Y,24] S=1,Y=1,K=28,R=2,X=1,C=1",-inf,-inf,0,X|Y,1
X,91,S,1,K,60,Y,29,C,1,X,1,R,3,Y,24,K,11,X,1,C,1,R,1,Y,1,S,1,"L1:[sp=X,91] S=1,K=60,Y=29,C=1,X=1,R=3 || L2:[sp=Y,24] K=11,X=1,C=1,R=1,Y=1,S=1",-847009.0,-163323000.0,1,X|Y,1
Y,91,S,1,Y,188,X,1,K,4,C,1,R,2,Y,24,S,1,Y,1,K,4,R,1,C,1,X,1,"L1:[sp=Y,91] S=1,Y=188,X=1,K=4,C=1,R=2 || L2:[sp=Y,24] S=1,Y=1,K=4,R=1,C=1,X=1",-3161089.0,-163323000.0,1,Y|Y,1
Y,91,S,1,K,29,X,1,R,3,Y,217,C,3,X,24,S,1,Y,1,K,4,R,1,X,1,C,1,"L1:[sp=Y,91] S=1,K=29,X=1,R=3,Y=217,C=3 || L2:[sp=X,24] S=1,Y=1,K=4,R=1,X=1,C=1",-83446273.0,-163323000.0,1,Y|X,1
Y,91,S,1,K,29,X,1,R,3,C,3,Y,188,X,24,S,1,Y,1,K,6,R,1,X,1,C,1,"L1:[sp=Y,91] S=1,K=29,X=1,R=3,C=3,Y=188 || L2:[sp=X,24] S=1,Y=1,K=6,R=1,X=1,C=1",-inf,-inf,0,Y|X,1
K,91,X,1,Y,188,S,3,K,4,C,1,R,2,X,4,S,3,Y,1,K,4,R,1,C,1,X,1,"L1:[sp=K,91] X=1,Y=188,S=3,K=4,C=1,R=2 || L2:[sp=X,4] S=3,Y=1,K=4,R=1,C=1,X=1",-5397265.0,-163323000.0,1,K|X,1
X,91,S,1,K,29,X,58,R,3,Y,29,C,1,Y,24,S,1,Y,25,K,6,R,1,X,1,C,1,"L1:[sp=X,91] S=1,K=29,X=58,R=3,Y=29,C=1 || L2:[sp=Y,24] S=1,Y=25,K=6,R=1,X=1,C=1",-inf,-inf,0,X|Y,1
Y,91,S,1,K,34,Y,188,C,1,X,1,R,3,X,24,K,11,S,1,C,1,R,1,Y,144,X,1,"L1:[sp=Y,91] S=1,K=34,Y=188,C=1,X=1,R=3 || L2:[sp=X,24] K=11,S=1,C=1,R=1,Y=144,X=1",-inf,-inf,0,Y|X,1
X,91,S,1,K,29,X,1,R,3,C,1,Y,29,Y,24,S,1,Y,1,K,23,R,1,X,1,C,1,"L1:[sp=X,91] S=1,K=29,X=1,R=3,C=1,Y=29 || L2:[sp=Y,24] S=1,Y=1,K=23,R=1,X=1,C=1",-inf,-inf,0,X|Y,1
Y,91,X,1,Y,52,S,1,K,31,C,1,R,1,X,24,S,1,Y,1,K,3,R,1,C,1,X,1,"L1:[sp=Y,91] X=1,Y=52,S=1,K=31,C=1,R=1 || L2:[sp=X,24] S=1,Y=1,K=3,R=1,C=1,X=1",-19831393.0,-163323000.0,1,Y|X,1
X,91,X,1,Y,188,S,1,K,4,C,1,R,3,Y,24,S,1,Y,1,K,4,R,1,C,1,X,1,"L1:[sp=X,91] X=1,Y=188,S=1,K=4,C=1,R=3 || L2:[sp=Y,24] S=1,Y=1,K=4,R=1,C=1,X=1",-inf,-inf,0,X|Y,1
X,91,S,3,K,29,X,164,R,3,C,1,Y,29,Y,24,S,3,Y,1,K,6,R,1,X,1,C,1,"L1:[sp=X,91] S=3,K=29,X=164,R=3,C=1,Y=29 || L2:[sp=Y,24] S=3,Y=1,K=6,R=1,X=1,C=1",-inf,-inf,0,X|Y,1
X,91,S,1,K,29,X,207,R,1,C,1,Y,188,Y,24,S,1,Y,1,K,6,C,1,R,1,X,1,"L1:[sp=X,91] S=1,K=29,X=207,R=1,C=1,Y=188 || L2:[sp=Y,24] S=1,Y=1,K=6,C=1,R=1,X=1",-inf,-inf,0,X|Y,1
X,91,X,104,Y,29,S,1,K,4,C,1,R,3,Y,24,Y,1,X,1,K,4,R,1,C,1,S,1,"L1:[sp=X,91] X=104,Y=29,S=1,K=4,C=1,R=3 || L2:[sp=Y,24] Y=1,X=1,K=4,R=1,C=1,S=1",-2696833.0,-163323000.0,1,X|Y,1
X,91,S,1,K,23,X,1,R,3,C,1,Y,188,Y,24,S,1,Y,188,K,6,R,1,X,1,C,1,"L1:[sp=X,91] S=1,K=23,X=1,R=3,C=1,Y=188 || L2:[sp=Y,24] S=1,Y=188,K=6,R=1,X=1,C=1",-inf,-inf,0,X|Y,1
X,91,S,1,K,26,Y,188,R,2,C,3,X,1,Y,24,S,1,Y,1,K,1,R,1,X,1,C,1,"L1:[sp=X,91] S=1,K=26,Y=188,R=2,C=3,X=1 || L2:[sp=Y,24] S=1,Y=1,K=1,R=1,X=1,C=1",-554113.0,-163323000.0,1,X|Y,1
X,91,S,1,K,29,X,1,R,3,C,3,Y,188,Y,24,S,1,Y,1,K,6,R,1,X,1,C,1,"L1:[sp=X,91] S=1,K=29,X=1,R=3,C=3,Y=188 || L2:[sp=Y,24] S=1,Y=1,K=6,R=1,X=1,C=1",-553537.0,-163324000.0,1,X|Y,1
X,91,S,1,K,29,X,1,R,2,C,1,Y,164,Y,24,S,1,Y,1,K,6,R,1,X,1,C,1,"L1:[sp=X,91] S=1,K=29,X=1,R=2,C=1,Y=164 || L2:[sp=Y,24] S=1,Y=1,K=6,R=1,X=1,C=1",-556417.0,-163323000.0,1,X|Y,1
X,91,S,1,K,26,Y,188,R,2,C,3,X,1,Y,24,S,1,Y,1,K,1,R,1,X,1,C,1,"L1:[sp=X,91] S=1,K=26,Y=188,R=2,C=3,X=1 || L2:[sp=Y,24] S=1,Y=1,K=1,R=1,X=1,C=1",-554113.0,-163323000.0,1,X|Y,1
X,91,S,1,K,29,X,1,R,2,C,1,Y,222,Y,24,S,1,Y,1,K,6,R,2,X,1,C,1,"L1:[sp=X,91] S=1,K=29,X=1,R=2,C=1,Y=222 || L2:[sp=Y,24] S=1,Y=1,K=6,R=2,X=1,C=1",-814465.0,-163324000.0,1,X|Y,1
Y,91,S,1,Y,188,K,4,X,1,C,1,R,2,Y,24,S,1,Y,1,K,4,R,1,C,1,X,1,"L1:[sp=Y,91] S=1,Y=188,K=4,X=1,C=1,R=2 || L2:[sp=Y,24] S=1,Y=1,K=4,R=1,C=1,X=1",-3161089.0,-163323000.0,1,Y|Y,1
Y,91,S,2,K,60,Y,29,C,1,X,1,R,3,X,24,K,11,X,1,C,1,R,1,Y,1,S,1,"L1:[sp=Y,91] S=2,K=60,Y=29,C=1,X=1,R=3 || L2:[sp=X,24] K=11,X=1,C=1,R=1,Y=1,S=1",-20356333.0,-163323000.0,1,Y|X,1
Y,91,S,1,Y,188,X,1,K,4,C,2,R,2,Y,24,S,1,Y,1,X,1,R,1,C,1,K,4,"L1:[sp=Y,91] S=1,Y=188,X=1,K=4,C=2,R=2 || L2:[sp=Y,24] S=1,Y=1,X=1,R=1,C=1,K=4",-inf,-inf,0,Y|Y,1
K,91,S,1,K,29,X,1,R,2,C,1,Y,164,Y,24,S,1,Y,1,K,6,R,1,X,1,C,1,"L1:[sp=K,91] S=1,K=29,X=1,R=2,C=1,Y=164 || L2:[sp=Y,24] S=1,Y=1,K=6,R=1,X=1,C=1",-1761985.0,-163323000.0,1,K|Y,1
X,91,X,104,S,1,Y,29,K,4,C,1,R,3,K,2,Y,1,X,1,K,4,R,1,C,1,S,1,"L1:[sp=X,91] X=104,S=1,Y=29,K=4,C=1,R=3 || L2:[sp=K,2] Y=1,X=1,K=4,R=1,C=1,S=1",-inf,-inf,0,X|K,1
Y,91,X,1,Y,52,S,1,K,31,C,1,R,2,X,24,S,1,Y,1,K,3,R,1,C,1,X,1,"L1:[sp=Y,91] X=1,Y=52,S=1,K=31,C=1,R=2 || L2:[sp=X,24] S=1,Y=1,K=3,R=1,C=1,X=1",-inf,-inf,0,Y|X,1
C,91,S,1,K,26,Y,137,R,2,C,3,X,1,C,1,S,1,Y,1,K,1,R,1,X,1,C,1,"L1:[sp=C,91] S=1,K=26,Y=137,R=2,C=3,X=1 || L2:[sp=C,1] S=1,Y=1,K=1,R=1,X=1,C=1",-87099265.0,-163323000.0,1,C|C,1
X,91,S,1,K,29,X,1,R,3,C,3,Y,188,Y,24,S,1,Y,1,K,6,R,1,X,1,C,1,"L1:[sp=X,91] S=1,K=29,X=1,R=3,C=3,Y=188 || L2:[sp=Y,24] S=1,Y=1,K=6,R=1,X=1,C=1",-553537.0,-163324000.0,1,X|Y,1
X,91,X,104,Y,29,S,1,K,4,C,1,R,3,Y,24,Y,1,X,1,K,1,R,1,C,1,S,1,"L1:[sp=X,91] X=104,Y=29,S=1,K=4,C=1,R=3 || L2:[sp=Y,24] Y=1,X=1,K=1,R=1,C=1,S=1",-2696833.0,-163323000.0,1,X|Y,1
X,91,S,3,K,26,Y,137,R,2,C,3,X,1,Y,24,S,3,Y,1,K,1,R,1,X,1,C,1,"L1:[sp=X,91] S=3,K=26,Y=137,R=2,C=3,X=1 || L2:[sp=Y,24] S=3,Y=1,K=1,R=1,X=1,C=1",-553345.0,-163323000.0,1,X|Y,1
K,91,X,1,Y,188,S,1,K,4,C,1,R,2,X,4,S,1,Y,1,K,4,R,1,C,1,X,1,"L1:[sp=K,91] X=1,Y=188,S=1,K=4,C=1,R=2 || L2:[sp=X,4] S=1,Y=1,K=4,R=1,C=1,X=1",-5451265.0,-163323000.0,1,K|X,1
X,91,S,1,K,60,Y,164,C,1,X,1,R,2,Y,24,K,11,X,1,C,1,R,2,Y,1,S,1,"L1:[sp=X,91] S=1,K=60,Y=164,C=1,X=1,R=2 || L2:[sp=Y,24] K=11,X=1,C=1,R=2,Y=1,S=1",-inf,-inf,0,X|Y,1
X,91,S,1,K,29,X,1,C,1,R,3,Y,29,X,1,S,1,Y,1,K,6,R,1,X,1,C,1,"L1:[sp=X,91] S=1,K=29,X=1,C=1,R=3,Y=29 || L2:[sp=X,1] S=1,Y=1,K=6,R=1,X=1,C=1",-inf,-inf,0,X|X,1
Y,91,X,1,Y,188,S,1,K,31,C,1,R,3,X,24,S,1,Y,1,K,3,R,1,C,1,X,1,"L1:[sp=Y,91] X=1,Y=188,S=1,K=31,C=1,R=3 || L2:[sp=X,24] S=1,Y=1,K=3,R=1,C=1,X=1",-72400609.0,-163323000.0,1,Y|X,1
X,91,S,1,R,1,X,102,K,29,C,3,Y,52,Y,24,S,1,Y,1,K,17,R,1,X,1,C,1,"L1:[sp=X,91] S=1,R=1,X=102,K=29,C=3,Y=52 || L2:[sp=Y,24] S=1,Y=1,K=17,R=1,X=1,C=1",-inf,-inf,0,X|Y,1
C,91,R,2,S,1,Y,164,K,26,C,3,X,1,Y,24,S,1,Y,1,K,1,R,1,X,1,C,1,"L1:[sp=C,91] R=2,S=1,Y=164,K=26,C=3,X=1 || L2:[sp=Y,24] S=1,Y=1,K=1,R=1,X=1,C=1",-3878785.0,-163323000.0,1,C|Y,1
X,91,S,1,K,15,X,1,R,2,C,1,Y,188,Y,24,S,1,Y,1,K,6,R,1,X,1,C,1,"L1:[sp=X,91] S=1,K=15,X=1,R=2,C=1,Y=188 || L2:[sp=Y,24] S=1,Y=1,K=6,R=1,X=1,C=1",-550081.0,-163323000.0,1,X|Y,1
X,91,S,1,K,15,X,1,R,2,C,1,Y,188,Y,24,S,1,Y,1,K,6,R,1,X,1,C,1,"L1:[sp=X,91] S=1,K=15,X=1,R=2,C=1,Y=188 || L2:[sp=Y,24] S=1,Y=1,K=6,R=1,X=1,C=1",-550081.0,-163323000.0,1,X|Y,1
Y,91,S,1,K,59,X,1,R,2,C,1,Y,164,X,24,S,1,Y,71,K,6,C,1,X,1,R,1,"L1:[sp=Y,91] S=1,K=59,X=1,R=2,C=1,Y=164 || L2:[sp=X,24] S=1,Y=71,K=6,C=1,X=1,R=1",-inf,-inf,0,Y|X,1
X,91,S,3,K,29,X,1,R,2,C,1,Y,222,Y,24,S,1,Y,1,X,1,R,2,K,10,C,1,"L1:[sp=X,91] S=3,K=29,X=1,R=2,C=1,Y=222 || L2:[sp=Y,24] S=1,Y=1,X=1,R=2,K=10,C=1",-2548225.0,-163324000.0,1,X|Y,1
X,91,S,1,K,26,Y,188,R,2,C,3,X,1,Y,24,S,1,Y,1,K,1,R,1,X,1,C,1,"L1:[sp=X,91] S=1,K=26,Y=188,R=2,C=3,X=1 || L2:[sp=Y,24] S=1,Y=1,K=1,R=1,X=1,C=1",-554113.0,-163323000.0,1,X|Y,1
X,91,S,1,K,29,X,1,R,2,C,3,Y,164,Y,24,S,1,Y,1,R,1,K,6,X,1,C,1,"L1:[sp=X,91] S=1,K=29,X=1,R=2,C=3,Y=164 || L2:[sp=Y,24] S=1,Y=1,R=1,K=6,X=1,C=1",-554113.0,-163323000.0,1,X|Y,1
X,91,S,1,K,29,X,1,R,2,C,1,Y,164,Y,24,S,1,Y,1,K,6,R,2,X,1,C,1,"L1:[sp=X,91] S=1,K=29,X=1,R=2,C=1,Y=164 || L2:[sp=Y,24] S=1,Y=1,K=6,R=2,X=1,C=1",-740737.0,-163323000.0,1,X|Y,1
X,91,S,1,K,29,X,1,R,1,C,1,Y,52,Y,24,S,1,Y,1,K,6,R,1,X,1,C,1,"L1:[sp=X,91] S=1,K=29,X=1,R=1,C=1,Y=52 || L2:[sp=Y,24] S=1,Y=1,K=6,R=1,X=1,C=1",-inf,-inf,0,X|Y,1
X,91,S,1,K,26,Y,137,R,2,C,3,X,1,Y,24,S,1,Y,1,K,1,R,1,X,1,C,1,"L1:[sp=X,91] S=1,K=26,Y=137,R=2,C=3,X=1 || L2:[sp=Y,24] S=1,Y=1,K=1,R=1,X=1,C=1",-554113.0,-163323000.0,1,X|Y,1
X,91,S,3,K,63,Y,188,R,2,C,3,X,1,Y,24,S,1,Y,1,K,1,R,1,X,1,C,1,"L1:[sp=X,91] S=3,K=63,Y=188,R=2,C=3,X=1 || L2:[sp=Y,24] S=1,Y=1,K=1,R=1,X=1,C=1",-inf,-inf,0,X|Y,1
X,91,S,3,K,26,Y,188,R,2,X,1,C,3,K,13,K,1,Y,1,S,3,R,1,X,1,C,1,"L1:[sp=X,91] S=3,K=26,Y=188,R=2,X=1,C=3 || L2:[sp=K,13] K=1,Y=1,S=3,R=1,X=1,C=1",-inf,-inf,0,X|K,1
X,91,S,1,K,26,Y,216,R,2,C,3,X,1,Y,24,S,1,Y,1,X,1,R,1,K,1,C,1,"L1:[sp=X,91] S=1,K=26,Y=216,R=2,C=3,X=1 || L2:[sp=Y,24] S=1,Y=1,X=1,R=1,K=1,C=1",-609409.0,-163324000.0,1,X|Y,1
X,91,S,1,K,26,Y,188,R,2,C,3,X,1,Y,24,S,1,Y,1,K,1,R,1,X,1,C,1,"L1:[sp=X,91] S=1,K=26,Y=188,R=2,C=3,X=1 || L2:[sp=Y,24] S=1,Y=1,K=1,R=1,X=1,C=1",-554113.0,-163323000.0,1,X|Y,1
K,91,S,1,K,29,X,1,R,2,C,1,Y,42,Y,24,S,1,Y,1,K,19,R,1,X,1,C,1,"L1:[sp=K,91] S=1,K=29,X=1,R=2,C=1,Y=42 || L2:[sp=Y,24] S=1,Y=1,K=19,R=1,X=1,C=1",-1953505.0,-163323000.0,1,K|Y,1
X,91,S,2,K,29,X,1,R,2,C,1,Y,164,Y,24,R,1,Y,1,K,6,S,1,X,1,C,1,"L1:[sp=X,91] S=2,K=29,X=1,R=2,C=1,Y=164 || L2:[sp=Y,24] R=1,Y=1,K=6,S=1,X=1,C=1",-1108225.0,-163323000.0,1,X|Y,1
K,91,S,1,K,29,X,1,R,2,C,1,Y,164,Y,24,S,1,Y,1,K,6,R,1,X,1,C,1,"L1:[sp=K,91] S=1,K=29,X=1,R=2,C=1,Y=164 || L2:[sp=Y,24] S=1,Y=1,K=6,R=1,X=1,C=1",-1761985.0,-163323000.0,1,K|Y,1
X,91,S,1,K,26,Y,137,R,2,C,3,X,1,K,13,S,1,Y,1,K,1,R,2,X,1,C,1,"L1:[sp=X,91] S=1,K=26,Y=137,R=2,C=3,X=1 || L2:[sp=K,13] S=1,Y=1,K=1,R=2,X=1,C=1",-763345.0,-163324000.0,1,X|K,1
X,91,S,3,K,61,Y,188,R,2,C,3,X,1,Y,24,S,3,Y,1,K,1,R,1,X,1,C,1,"L1:[sp=X,91] S=3,K=61,Y=188,R=2,C=3,X=1 || L2:[sp=Y,24] S=3,Y=1,K=1,R=1,X=1,C=1",-inf,-inf,0,X|Y,1
Y,91,S,1,K,26,Y,137,R,2,C,3,X,1,X,24,S,1,Y,1,K,18,R,1,X,1,C,1,"L1:[sp=Y,91] S=1,K=26,Y=137,R=2,C=3,X=1 || L2:[sp=X,24] S=1,Y=1,K=18,R=1,X=1,C=1",-50081473.0,-163323000.0,1,Y|X,1
X,91,S,3,K,15,X,1,R,2,C,1,Y,188,Y,24,S,3,Y,1,K,6,R,1,X,1,C,1,"L1:[sp=X,91] S=3,K=15,X=1,R=2,C=1,Y=188 || L2:[sp=Y,24] S=3,Y=1,K=6,R=1,X=1,C=1",-546241.0,-163323000.0,1,X|Y,1
X,91,S,1,K,15,X,1,R,3,C,1,Y,188,Y,24,S,1,Y,168,K,6,R,1,C,1,X,1,"L1:[sp=X,91] S=1,K=15,X=1,R=3,C=1,Y=188 || L2:[sp=Y,24] S=1,Y=168,K=6,R=1,C=1,X=1",-inf,-inf,0,X|Y,1
X,91,X,104,Y,29,S,1,K,4,C,1,R,2,Y,24,Y,1,X,1,K,4,R,1,C,1,S,1,"L1:[sp=X,91] X=104,Y=29,S=1,K=4,C=1,R=2 || L2:[sp=Y,24] Y=1,X=1,K=4,R=1,C=1,S=1",-2697985.0,-163323000.0,1,X|Y,1
X,91,S,3,K,15,X,1,R,2,C,1,Y,188,Y,24,S,3,Y,1,K,6,R,1,X,1,C,1,"L1:[sp=X,91] S=3,K=15,X=1,R=2,C=1,Y=188 || L2:[sp=Y,24] S=3,Y=1,K=6,R=1,X=1,C=1",-inf,-inf,0,X|Y,1
X,91,S,3,K,15,X,1,R,1,C,1,Y,188,Y,24,S,3,Y,1,K,6,R,1,X,1,C,1,"L1:[sp=X,91] S=3,K=15,X=1,R=1,C=1,Y=188 || L2:[sp=Y,24] S=3,Y=1,K=6,R=1,X=1,C=1",-547201.0,-163323000.0,1,X|Y,1
C,91,S,1,K,29,X,1,R,2,C,2,Y,164,Y,24,S,1,Y,1,K,6,R,2,X,1,C,1,"L1:[sp=C,91] S=1,K=29,X=1,R=2,C=2,Y=164 || L2:[sp=Y,24] S=1,Y=1,K=6,R=2,X=1,C=1",-3448705.0,-163323000.0,1,C|Y,1
X,91,S,1,K,15,C,3,R,2,X,1,Y,188,Y,24,S,1,Y,1,K,6,R,1,X,1,C,1,"L1:[sp=X,91] S=1,K=15,C=3,R=2,X=1,Y=188 || L2:[sp=Y,24] S=1,Y=1,K=6,R=1,X=1,C=1",-546241.0,-163323000.0,1,X|Y,1
X,91,S,1,K,26,Y,63,R,2,C,3,X,1,Y,24,S,1,Y,63,K,1,R,1,X,1,C,2,"L1:[sp=X,91] S=1,K=26,Y=63,R=2,C=3,X=1 || L2:[sp=Y,24] S=1,Y=63,K=1,R=1,X=1,C=2",-inf,-inf,0,X|Y,1
Y,91,S,1,K,15,X,1,R,2,C,1,Y,188,Y,24,S,1,Y,1,K,6,R,1,X,1,C,1,"L1:[sp=Y,91] S=1,K=15,X=1,R=2,C=1,Y=188 || L2:[sp=Y,24] S=1,Y=1,K=6,R=1,X=1,C=1",-3068353.0,-163323000.0,1,Y|Y,1
X,91,S,1,K,26,Y,37,R,2,C,3,X,1,Y,24,S,1,Y,1,X,1,R,1,K,1,C,1,"L1:[sp=X,91] S=1,K=26,Y=37,R=2,C=3,X=1 || L2:[sp=Y,24] S=1,Y=1,X=1,R=1,K=1,C=1",-722881.0,-163323000.0,1,X|Y,1
X,91,S,3,K,15,X,1,R,2,C,1,Y,188,Y,24,S,3,Y,1,K,6,R,1,X,1,C,1,"L1:[sp=X,91] S=3,K=15,X=1,R=2,C=1,Y=188 || L2:[sp=Y,24] S=3,Y=1,K=6,R=1,X=1,C=1",-546241.0,-163323000.0,1,X|Y,1
X,91,S,1,K,26,Y,216,R,2,C,3,X,115,Y,24,S,1,Y,35,X,1,R,1,K,1,C,1,"L1:[sp=X,91] S=1,K=26,Y=216,R=2,C=3,X=115 || L2:[sp=Y,24] S=1,Y=35,X=1,R=1,K=1,C=1",-inf,-inf,0,X|Y,1
X,91,S,3,K,26,Y,188,R,2,C,1,X,31,Y,24,S,3,C,1,K,1,R,1,X,1,Y,1,"L1:[sp=X,91] S=3,K=26,Y=188,R=2,C=1,X=31 || L2:[sp=Y,24] S=3,C=1,K=1,R=1,X=1,Y=1",-inf,-inf,0,X|Y,1
X,91,S,1,K,15,X,1,R,2,C,3,Y,188,Y,24,S,1,Y,1,K,6,R,1,X,1,C,1,"L1:[sp=X,91] S=1,K=15,X=1,R=2,C=3,Y=188 || L2:[sp=Y,24] S=1,Y=1,K=6,R=1,X=1,C=1",-546241.0,-163323000.0,1,X|Y,1
X,91,S,1,K,26,Y,137,R,2,C,3,X,1,Y,24,S,1,Y,1,K,1,R,1,X,1,C,3,"L1:[sp=X,91] S=1,K=26,Y=137,R=2,C=3,X=1 || L2:[sp=Y,24] S=1,Y=1,K=1,R=1,X=1,C=3",-554113.0,-163323000.0,1,X|Y,1
X,91,S,2,K,26,Y,192,R,2,C,3,X,1,Y,24,S,1,Y,1,K,1,R,1,X,1,C,1,"L1:[sp=X,91] S=2,K=26,Y=192,R=2,C=3,X=1 || L2:[sp=Y,24] S=1,Y=1,K=1,R=1,X=1,C=1",-inf,-inf,0,X|Y,1
X,91,S,1,K,26,Y,188,R,2,C,3,X,1,Y,24,S,1,Y,1,K,1,R,1,X,1,C,1,"L1:[sp=X,91] S=1,K=26,Y=188,R=2,C=3,X=1 || L2:[sp=Y,24] S=1,Y=1,K=1,R=1,X=1,C=1",-554113.0,-163323000.0,1,X|Y,1
X,91,S,1,K,15,X,1,R,2,C,1,Y,188,Y,24,S,1,Y,1,K,6,R,1,X,1,C,1,"L1:[sp=X,91] S=1,K=15,X=1,R=2,C=1,Y=188 || L2:[sp=Y,24] S=1,Y=1,K=6,R=1,X=1,C=1",-550081.0,-163323000.0,1,X|Y,1
X,91,X,1,K,15,S,1,R,2,C,1,Y,188,Y,24,S,1,Y,1,K,6,R,1,X,1,C,1,"L1:[sp=X,91] X=1,K=15,S=1,R=2,C=1,Y=188 || L2:[sp=Y,24] S=1,Y=1,K=6,R=1,X=1,C=1",-inf,-inf,0,X|Y,1
X,91,S,3,K,26,Y,79,R,2,C,3,X,1,K,13,S,3,Y,23,K,1,R,2,X,1,C,1,"L1:[sp=X,91] S=3,K=26,Y=79,R=2,C=3,X=1 || L2:[sp=K,13] S=3,Y=23,K=1,R=2,X=1,C=1",-inf,-inf,0,X|K,1
X,91,S,1,C,2,X,1,R,2,K,29,Y,76,Y,24,S,1,Y,1,R,1,K,6,X,1,C,1,"L1:[sp=X,91] S=1,C=2,X=1,R=2,K=29,Y=76 || L2:[sp=Y,24] S=1,Y=1,R=1,K=6,X=1,C=1",-611713.0,-163323000.0,1,X|Y,1
Y,91,S,1,C,1,X,1,R,2,K,29,Y,164,Y,24,S,1,Y,1,K,6,R,2,X,1,C,1,"L1:[sp=Y,91] S=1,C=1,X=1,R=2,K=29,Y=164 || L2:[sp=Y,24] S=1,Y=1,K=6,R=2,X=1,C=1",-3624769.0,-163323000.0,1,Y|Y,1
X,91,S,1,K,15,X,1,R,2,C,1,Y,188,Y,24,S,1,Y,1,K,6,R,1,X,1,C,1,"L1:[sp=X,91] S=1,K=15,X=1,R=2,C=1,Y=188 || L2:[sp=Y,24] S=1,Y=1,K=6,R=1,X=1,C=1",-550081.0,-163323000.0,1,X|Y,1
Y,91,S,1,K,29,X,1,R,2,C,3,Y,2,Y,24,S,1,Y,1,R,1,K,6,X,1,C,1,"L1:[sp=Y,91] S=1,K=29,X=1,R=2,C=3,Y=2 || L2:[sp=Y,24] S=1,Y=1,R=1,K=6,X=1,C=1",-6257665.0,-163323000.0,1,Y|Y,1
X,91,S,1,K,15,C,3,R,2,X,1,Y,188,Y,24,S,1,Y,1,K,6,R,1,X,1,C,1,"L1:[sp=X,91] S=1,K=15,C=3,R=2,X=1,Y=188 || L2:[sp=Y,24] S=1,Y=1,K=6,R=1,X=1,C=1",-546241.0,-163323000.0,1,X|Y,1
X,91,S,1,C,2,X,1,R,2,K,29,Y,76,Y,24,S,1,Y,1,R,1,K,24,X,1,C,1,"L1:[sp=X,91] S=1,C=2,X=1,R=2,K=29,Y=76 || L2:[sp=Y,24] S=1,Y=1,R=1,K=24,X=1,C=1",-602209.0,-163323000.0,1,X|Y,1
X,91,S,1,X,1,K,15,R,2,C,1,Y,188,Y,24,S,1,Y,1,K,12,R,1,X,1,C,1,"L1:[sp=X,91] S=1,X=1,K=15,R=2,C=1,Y=188 || L2:[sp=Y,24] S=1,Y=1,K=12,R=1,X=1,C=1",-inf,-inf,0,X|Y,1
X,91,S,3,K,15,X,1,R,2,C,1,Y,188,Y,24,S,1,R,1,K,6,Y,1,X,1,C,1,"L1:[sp=X,91] S=3,K=15,X=1,R=2,C=1,Y=188 || L2:[sp=Y,24] S=1,R=1,K=6,Y=1,X=1,C=1",-inf,-inf,0,X|Y,1
X,91,S,1,C,2,X,1,R,1,K,29,Y,195,Y,24,S,1,Y,1,R,1,K,6,X,1,C,1,"L1:[sp=X,91] S=1,C=2,X=1,R=1,K=29,Y=195 || L2:[sp=Y,24] S=1,Y=1,R=1,K=6,X=1,C=1",-611713.0,-163324000.0,1,X|Y,1
X,91,S,3,K,15,X,25,R,1,C,1,Y,188,Y,24,S,3,Y,93,K,6,R,1,X,1,C,1,"L1:[sp=X,91] S=3,K=15,X=25,R=1,C=1,Y=188 || L2:[sp=Y,24] S=3,Y=93,K=6,R=1,X=1,C=1",-inf,-inf,0,X|Y,1
X,91,S,1,K,26,Y,37,R,2,C,3,X,1,Y,24,C,1,Y,1,X,1,R,2,K,1,S,1,"L1:[sp=X,91] S=1,K=26,Y=37,R=2,C=3,X=1 || L2:[sp=Y,24] C=1,Y=1,X=1,R=2,K=1,S=1",-962497.0,-163323000.0,1,X|Y,1
Y,91,S,1,K,26,Y,188,R,2,C,3,X,1,X,24,S,1,Y,1,K,1,R,1,X,1,C,3,"L1:[sp=Y,91] S=1,K=26,Y=188,R=2,C=3,X=1 || L2:[sp=X,24] S=1,Y=1,K=1,R=1,X=1,C=3",-inf,-inf,0,Y|X,1
X,91,R,2,K,15,X,1,S,1,C,3,Y,137,Y,24,S,1,Y,1,K,6,R,2,X,1,C,1,"L1:[sp=X,91] R=2,K=15,X=1,S=1,C=3,Y=137 || L2:[sp=Y,24] S=1,Y=1,K=6,R=2,X=1,C=1",-727681.0,-163323000.0,1,X|Y,1
X,91,S,1,K,15,X,1,R,2,C,3,Y,188,Y,24,S,1,Y,1,K,6,R,1,X,1,C,1,"L1:[sp=X,91] S=1,K=15,X=1,R=2,C=3,Y=188 || L2:[sp=Y,24] S=1,Y=1,K=6,R=1,X=1,C=1",-inf,-inf,0,X|Y,1
X,91,S,1,K,26,Y,37,R,2,C,3,X,1,Y,24,S,1,Y,1,X,1,R,1,K,1,C,1,"L1:[sp=X,91] S=1,K=26,Y=37,R=2,C=3,X=1 || L2:[sp=Y,24] S=1,Y=1,X=1,R=1,K=1,C=1",-722881.0,-163323000.0,1,X|Y,1
X,91,S,3,K,19,Y,37,R,1,C,3,X,1,K,1,S,3,Y,1,X,1,R,1,K,1,C,1,"L1:[sp=X,91] S=3,K=19,Y=37,R=1,C=3,X=1 || L2:[sp=K,1] S=3,Y=1,X=1,R=1,K=1,C=1",-inf,-inf,0,X|K,1
X,91,S,1,K,15,X,1,R,2,C,1,Y,188,Y,24,S,1,Y,1,K,6,R,1,X,1,C,1,"L1:[sp=X,91] S=1,K=15,X=1,R=2,C=1,Y=188 || L2:[sp=Y,24] S=1,Y=1,K=6,R=1,X=1,C=1",-550081.0,-163323000.0,1,X|Y,1
X,91,S,1,K,26,Y,37,R,2,C,3,X,1,Y,24,S,1,Y,1,X,1,R,1,K,1,C,1,"L1:[sp=X,91] S=1,K=26,Y=37,R=2,C=3,X=1 || L2:[sp=Y,24] S=1,Y=1,X=1,R=1,K=1,C=1",-722881.0,-163323000.0,1,X|Y,1
X,91,S,1,C,3,X,1,Y,188,K,15,R,2,Y,24,S,1,R,1,K,6,Y,1,X,1,C,3,"L1:[sp=X,91] S=1,C=3,X=1,Y=188,K=15,R=2 || L2:[sp=Y,24] S=1,R=1,K=6,Y=1,X=1,C=3",-546241.0,-163323000.0,1,X|Y,1
X,91,S,1,K,26,Y,137,R,2,C,3,X,1,Y,24,S,1,Y,1,K,1,R,1,X,1,C,3,"L1:[sp=X,91] S=1,K=26,Y=137,R=2,C=3,X=1 || L2:[sp=Y,24] S=1,Y=1,K=1,R=1,X=1,C=3",-inf,-inf,0,X|Y,1
X,91,S,1,K,15,C,3,R,2,X,1,Y,188,Y,24,S,1,Y,1,K,7,R,1,X,1,C,1,"L1:[sp=X,91] S=1,K=15,C=3,R=2,X=1,Y=188 || L2:[sp=Y,24] S=1,Y=1,K=7,R=1,X=1,C=1",-528961.0,-163323000.0,1,X|Y,1
X,91,S,1,K,15,X,1,R,2,C,1,Y,188,Y,24,S,1,Y,128,K,1,R,1,X,1,C,1,"L1:[sp=X,91] S=1,K=15,X=1,R=2,C=1,Y=188 || L2:[sp=Y,24] S=1,Y=128,K=1,R=1,X=1,C=1",-inf,-inf,0,X|Y,1
Y,91,S,3,K,26,Y,188,R,2,C,2,X,1,X,24,S,1,Y,1,K,1,R,1,X,1,C,2,"L1:[sp=Y,91] S=3,K=26,Y=188,R=2,C=2,X=1 || L2:[sp=X,24] S=1,Y=1,K=1,R=1,X=1,C=2",-96673897.0,-163323000.0,1,Y|X,1
X,91,S,3,C,2,X,1,R,1,K,29,Y,76,Y,24,S,3,Y,1,R,1,K,6,X,1,C,1,"L1:[sp=X,91] S=3,C=2,X=1,R=1,K=29,Y=76 || L2:[sp=Y,24] S=3,Y=1,R=1,K=6,X=1,C=1",-609985.0,-163323000.0,1,X|Y,1
X,91,S,1,K,15,C,3,R,2,X,1,Y,188,Y,24,S,1,Y,1,K,7,R,1,X,1,C,1,"L1:[sp=X,91] S=1,K=15,C=3,R=2,X=1,Y=188 || L2:[sp=Y,24] S=1,Y=1,K=7,R=1,X=1,C=1",-528961.0,-163323000.0,1,X|Y,1
X,91,S,1,X,1,Y,37,R,2,C,2,K,26,Y,24,S,1,Y,1,X,1,R,1,K,1,C,1,"L1:[sp=X,91] S=1,X=1,Y=37,R=2,C=2,K=26 || L2:[sp=Y,24] S=1,Y=1,X=1,R=1,K=1,C=1",-726913.0,-163323000.0,1,X|Y,1
X,91,S,1,K,15,X,1,R,2,C,1,Y,88,Y,24,S,1,Y,66,K,6,R,1,X,1,C,1,"L1:[sp=X,91] S=1,K=15,X=1,R=2,C=1,Y=88 || L2:[sp=Y,24] S=1,Y=66,K=6,R=1,X=1,C=1",-inf,-inf,0,X|Y,1
X,91,S,1,K,51,C,3,R,2,X,1,Y,188,Y,24,S,1,Y,1,K,6,R,1,X,1,C,1,"L1:[sp=X,91] S=1,K=51,C=3,R=2,X=1,Y=188 || L2:[sp=Y,24] S=1,Y=1,K=6,R=1,X=1,C=1",-inf,-inf,0,X|Y,1
X,91,S,1,C,2,X,126,R,1,K,29,Y,195,Y,24,S,1,Y,1,R,1,K,6,X,1,C,1,"L1:[sp=X,91] S=1,C=2,X=126,R=1,K=29,Y=195 || L2:[sp=Y,24] S=1,Y=1,R=1,K=6,X=1,C=1",-inf,-inf,0,X|Y,1
X,91,S,1,R,2,X,1,C,2,K,41,Y,188,Y,24,S,1,Y,1,R,1,K,6,X,1,C,1,"L1:[sp=X,91] S=1,R=2,X=1,C=2,K=41,Y=188 || L2:[sp=Y,24] S=1,Y=1,R=1,K=6,X=1,C=1",-inf,-inf,0,X|Y,1
X,91,S,1,C,3,X,1,Y,195,K,15,R,1,Y,24,S,1,R,1,K,6,Y,1,X,1,C,3,"L1:[sp=X,91] S=1,C=3,X=1,Y=195,K=15,R=1 || L2:[sp=Y,24] S=1,R=1,K=6,Y=1,X=1,C=3",-601633.0,-163323000.0,1,X|Y,1
X,91,S,1,K,15,C,3,R,2,X,1,Y,188,Y,24,S,1,Y,1,K,7,R,1,X,1,C,1,"L1:[sp=X,91] S=1,K=15,C=3,R=2,X=1,Y=188 || L2:[sp=Y,24] S=1,Y=1,K=7,R=1,X=1,C=1",-528961.0,-163323000.0,1,X|Y,1
X,91,S,1,K,26,Y,37,R,2,C,3,X,1,Y,24,S,1,Y,1,X,1,R,1,K,1,C,1,"L1:[sp=X,91] S=1,K=26,Y=37,R=2,C=3,X=1 || L2:[sp=Y,24] S=1,Y=1,X=1,R=1,K=1,C=1",-inf,-inf,0,X|Y,1
Y,91,X,1,K,15,S,1,R,2,C,1,Y,188,Y,24,S,1,Y,1,K,6,R,1,X,1,C,1,"L1:[sp=Y,91] X=1,K=15,S=1,R=2,C=1,Y=188 || L2:[sp=Y,24] S=1,Y=1,K=6,R=1,X=1,C=1",-3068353.0,-163323000.0,1,Y|Y,1
X,91,S,1,K,15,C,3,R,2,X,1,Y,188,Y,24,S,1,Y,1,K,6,R,1,X,1,C,1,"L1:[sp=X,91] S=1,K=15,C=3,R=2,X=1,Y=188 || L2:[sp=Y,24] S=1,Y=1,K=6,R=1,X=1,C=1",-546241.0,-163323000.0,1,X|Y,1
X,91,S,2,K,15,C,3,R,2,X,1,Y,188,Y,24,S,1,Y,1,K,3,R,1,X,1,C,1,"L1:[sp=X,91] S=2,K=15,C=3,R=2,X=1,Y=188 || L2:[sp=Y,24] S=1,Y=1,K=3,R=1,X=1,C=1",-1141761.0,-163323000.0,1,X|Y,1
X,91,S,1,C,2,X,1,Y,188,K,15,R,2,Y,24,S,1,R,1,K,6,Y,1,X,1,C,2,"L1:[sp=X,91] S=1,C=2,X=1,Y=188,K=15,R=2 || L2:[sp=Y,24] S=1,R=1,K=6,Y=1,X=1,C=2",-729601.0,-163323000.0,1,X|Y,1
X,91,S,1,C,3,X,1,R,2,K,15,Y,188,Y,24,S,1,R,1,K,6,Y,1,X,1,C,1,"L1:[sp=X,91] S=1,C=3,X=1,R=2,K=15,Y=188 || L2:[sp=Y,24] S=1,R=1,K=6,Y=1,X=1,C=1",-inf,-inf,0,X|Y,1
X,91,S,1,K,15,C,3,R,2,X,1,Y,188,Y,24,S,1,Y,1,K,7,R,1,X,1,C,2,"L1:[sp=X,91] S=1,K=15,C=3,R=2,X=1,Y=188 || L2:[sp=Y,24] S=1,Y=1,K=7,R=1,X=1,C=2",-528961.0,-163323000.0,1,X|Y,1
X,91,S,1,C,2,X,1,R,2,K,29,Y,76,Y,24,S,1,R,1,Y,55,K,24,X,1,C,1,"L1:[sp=X,91] S=1,C=2,X=1,R=2,K=29,Y=76 || L2:[sp=Y,24] S=1,R=1,Y=55,K=24,X=1,C=1",-inf,-inf,0,X|Y,1
X,91,S,1,K,15,C,3,R,2,X,1,Y,188,Y,84,S,1,Y,1,X,1,R,1,K,6,C,1,"L1:[sp=X,91] S=1,K=15,C=3,R=2,X=1,Y=188 || L2:[sp=Y,84] S=1,Y=1,X=1,R=1,K=6,C=1",-768769.0,-163323000.0,1,X|Y,1
X,91,S,1,C,2,X,1,R,2,K,29,Y,76,Y,24,S,1,Y,8,R,2,K,24,X,1,C,1,"L1:[sp=X,91] S=1,C=2,X=1,R=2,K=29,Y=76 || L2:[sp=Y,24] S=1,Y=8,R=2,K=24,X=1,C=1",-inf,-inf,0,X|Y,1
X,91,S,3,C,2,X,1,R,1,K,29,Y,76,Y,24,S,3,Y,1,R,1,K,6,X,1,C,1,"L1:[sp=X,91] S=3,C=2,X=1,R=1,K=29,Y=76 || L2:[sp=Y,24] S=3,Y=1,R=1,K=6,X=1,C=1",-inf,-inf,0,X|Y,1
X,91,S,1,C,2,X,1,R,2,K,29,Y,76,Y,24,S,1,Y,1,R,1,K,10,X,1,C,1,"L1:[sp=X,91] S=1,C=2,X=1,R=2,K=29,Y=76 || L2:[sp=Y,24] S=1,Y=1,R=1,K=10,X=1,C=1",-640225.0,-163323000.0,1,X|Y,1
X,91,S,1,K,15,C,3,R,2,X,1,Y,188,Y,24,S,1,Y,1,K,7,R,1,X,1,C,1,"L1:[sp=X,91] S=1,K=15,C=3,R=2,X=1,Y=188 || L2:[sp=Y,24] S=1,Y=1,K=7,R=1,X=1,C=1",-inf,-inf,0,X|Y,1
X,91,S,1,K,15,C,3,R,2,X,1,Y,188,Y,24,S,1,Y,1,K,6,R,1,X,1,C,1,"L1:[sp=X,91] S=1,K=15,C=3,R=2,X=1,Y=188 || L2:[sp=Y,24] S=1,Y=1,K=6,R=1,X=1,C=1",-inf,-inf,0,X|Y,1
X,91,S,1,K,15,C,3,R,2,X,1,Y,188,Y,24,K,7,Y,1,S,1,R,1,X,1,C,2,"L1:[sp=X,91] S=1,K=15,C=3,R=2,X=1,Y=188 || L2:[sp=Y,24] K=7,Y=1,S=1,R=1,X=1,C=2",-528961.0,-163323000.0,1,X|Y,1
Y,91,S,1,C,2,X,1,Y,188,K,15,R,2,X,24,S,1,R,1,K,6,Y,1,X,1,C,2,"L1:[sp=Y,91] S=1,C=2,X=1,Y=188,K=15,R=2 || L2:[sp=X,24] S=1,R=1,K=6,Y=1,X=1,C=2",-96031489.0,-163323000.0,1,Y|X,1
X,91,S,3,C,3,X,1,Y,49,K,15,R,1,Y,24,S,1,R,1,K,6,Y,1,X,1,C,3,"L1:[sp=X,91] S=3,C=3,X=1,Y=49,K=15,R=1 || L2:[sp=Y,24] S=1,R=1,K=6,Y=1,X=1,C=3",-inf,-inf,0,X|Y,1
X,91,S,3,C,3,X,1,Y,195,K,15,R,1,Y,24,C,3,R,1,K,6,Y,1,X,1,S,1,"L1:[sp=X,91] S=3,C=3,X=1,Y=195,K=15,R=1 || L2:[sp=Y,24] C=3,R=1,K=6,Y=1,X=1,S=1",-inf,-inf,0,X|Y,1
X,91,S,1,X,1,Y,37,R,2,C,2,K,26,Y,24,S,1,Y,1,X,1,R,1,K,1,C,1,"L1:[sp=X,91] S=1,X=1,Y=37,R=2,C=2,K=26 || L2:[sp=Y,24] S=1,Y=1,X=1,R=1,K=1,C=1",-726913.0,-163323000.0,1,X|Y,1
X,91,S,1,X,140,Y,188,R,2,C,3,K,26,Y,24,S,1,Y,1,X,1,R,1,K,1,C,1,"L1:[sp=X,91] S=1,X=140,Y=188,R=2,C=3,K=26 || L2:[sp=Y,24] S=1,Y=1,X=1,R=1,K=1,C=1",-inf,-inf,0,X|Y,1
X,91,S,1,K,15,C,2,R,2,X,1,Y,37,Y,24,S,1,Y,1,K,7,R,1,X,1,C,1,"L1:[sp=X,91] S=1,K=15,C=2,R=2,X=1,Y=37 || L2:[sp=Y,24] S=1,Y=1,K=7,R=1,X=1,C=1",-698593.0,-163323000.0,1,X|Y,1
X,91,S,1,C,3,X,191,Y,195,K,15,R,1,Y,24,S,1,R,1,K,6,Y,186,X,1,C,3,"L1:[sp=X,91] S=1,C=3,X=191,Y=195,K=15,R=1 || L2:[sp=Y,24] S=1,R=1,K=6,Y=186,X=1,C=3",-inf,-inf,0,X|Y,1
X,91,S,1,C,3,X,1,Y,188,K,15,R,2,Y,24,R,1,S,1,K,6,Y,1,X,1,C,2,"L1:[sp=X,91] S=1,C=3,X=1,Y=188,K=15,R=2 || L2:[sp=Y,24] R=1,S=1,K=6,Y=1,X=1,C=2",-inf,-inf,0,X|Y,1
X,91,S,1,C,2,X,1,R,2,K,29,Y,76,Y,24,S,1,Y,1,R,1,K,4,X,1,C,1,"L1:[sp=X,91] S=1,C=2,X=1,R=2,K=29,Y=76 || L2:[sp=Y,24] S=1,Y=1,R=1,K=4,X=1,C=1",-602209.0,-163323000.0,1,X|Y,1
X,91,S,3,C,2,X,1,Y,105,K,15,R,2,Y,24,S,1,R,1,K,6,Y,1,X,1,C,2,"L1:[sp=X,91] S=3,C=2,X=1,Y=105,K=15,R=2 || L2:[sp=Y,24] S=1,R=1,K=6,Y=1,X=1,C=2",-inf,-inf,0,X|Y,1
X,91,S,1,K,15,C,3,R,2,X,1,Y,188,Y,24,S,1,Y,1,K,7,R,1,X,1,C,1,"L1:[sp=X,91] S=1,K=15,C=3,R=2,X=1,Y=188 || L2:[sp=Y,24] S=1,Y=1,K=7,R=1,X=1,C=1",-inf,-inf,0,X|Y,1
X,91,S,1,X,1,Y,37,R,2,C,2,K,26,Y,24,S,1,Y,1,X,1,R,1,K,1,C,1,"L1:[sp=X,91] S=1,X=1,Y=37,R=2,C=2,K=26 || L2:[sp=Y,24] S=1,Y=1,X=1,R=1,K=1,C=1",-726913.0,-163323000.0,1,X|Y,1
X,91,S,1,C,2,X,1,R,2,K,29,Y,53,Y,24,S,1,Y,25,R,1,K,10,X,1,C,1,"L1:[sp=X,91] S=1,C=2,X=1,R=2,K=29,Y=53 || L2:[sp=Y,24] S=1,Y=25,R=1,K=10,X=1,C=1",-inf,-inf,0,X|Y,1
X,91,S,1,C,2,X,1,Y,188,K,15,R,2,Y,24,X,1,R,1,K,6,Y,1,S,1,C,2,"L1:[sp=X,91] S=1,C=2,X=1,Y=188,K=15,R=2 || L2:[sp=Y,24] X=1,R=1,K=6,Y=1,S=1,C=2",-729601.0,-163323000.0,1,X|Y,1
Y,91,S,1,X,1,Y,37,R,2,C,2,K,26,Y,24,S,1,C,1,X,1,R,1,K,1,Y,1,"L1:[sp=Y,91] S=1,X=1,Y=37,R=2,C=2,K=26 || L2:[sp=Y,24] S=1,C=1,X=1,R=1,K=1,Y=1",-782209.0,-163323000.0,1,Y|Y,1
X,91,S,1,K,15,C,3,R,2,X,13,Y,188,Y,24,S,1,R,1,K,6,Y,1,X,1,C,1,"L1:[sp=X,91] S=1,K=15,C=3,R=2,X=13,Y=188 || L2:[sp=Y,24] S=1,R=1,K=6,Y=1,X=1,C=1",-inf,-inf,0,X|Y,1
X,91,S,1,K,15,X,1,Y,188,C,2,R,1,Y,24,S,1,R,1,K,14,Y,1,X,1,C,2,"L1:[sp=X,91] S=1,K=15,X=1,Y=188,C=2,R=1 || L2:[sp=Y,24] S=1,R=1,K=14,Y=1,X=1,C=2",-inf,-inf,0,X|Y,1
X,91,S,1,K,15,C,3,R,2,X,1,Y,188,Y,24,K,7,Y,1,S,1,R,1,X,1,C,2,"L1:[sp=X,91] S=1,K=15,C=3,R=2,X=1,Y=188 || L2:[sp=Y,24] K=7,Y=1,S=1,R=1,X=1,C=2",-528961.0,-163323000.0,1,X|Y,1
Y,91,S,1,X,1,Y,188,R,2,C,1,K,26,Y,24,S,1,Y,1,X,1,R,1,K,1,C,1,"L1:[sp=Y,91] S=1,X=1,Y=188,R=2,C=1,K=26 || L2:[sp=Y,24] S=1,Y=1,X=1,R=1,K=1,C=1",-3108673.0,-163323000.0,1,Y|Y,1
X,91,S,1,K,15,C,3,R,2,X,1,Y,37,Y,24,K,13,Y,1,S,1,R,1,X,1,C,2,"L1:[sp=X,91] S=1,K=15,C=3,R=2,X=1,Y=37 || L2:[sp=Y,24] K=13,Y=1,S=1,R=1,X=1,C=2",-703105.0,-163323000.0,1,X|Y,1
Y,91,S,2,X,1,Y,37,R,2,C,2,K,26,Y,24,S,1,C,1,X,1,R,1,K,1,Y,1,"L1:[sp=Y,91] S=2,X=1,Y=37,R=2,C=2,K=26 || L2:[sp=Y,24] S=1,C=1,X=1,R=1,K=1,Y=1",-1546729.0,-163323000.0,1,Y|Y,1
X,91,S,1,K,15,C,3,R,2,X,1,Y,188,Y,24,K,7,Y,1,S,1,R,1,X,1,C,1,"L1:[sp=X,91] S=1,K=15,C=3,R=2,X=1,Y=188 || L2:[sp=Y,24] K=7,Y=1,S=1,R=1,X=1,C=1",-inf,-inf,0,X|Y,1
X,91,S,1,K,15,C,3,R,2,X,1,Y,188,Y,24,S,1,Y,1,K,7,R,1,X,1,C,1,"L1:[sp=X,91] S=1,K=15,C=3,R=2,X=1,Y=188 || L2:[sp=Y,24] S=1,Y=1,K=7,R=1,X=1,C=1",-528961.0,-163323000.0,1,X|Y,1
X,91,S,1,K,15,C,1,R,2,X,1,Y,37,Y,24,S,1,Y,1,K,7,R,1,X,1,C,1,"L1:[sp=X,91] S=1,K=15,C=1,R=2,X=1,Y=37 || L2:[sp=Y,24] S=1,Y=1,K=7,R=1,X=1,C=1",-705313.0,-163323000.0,1,X|Y,1
Y,91,S,1,C,2,X,1,Y,188,K,15,R,2,Y,3,S,1,R,1,K,11,Y,1,X,1,C,2,"L1:[sp=Y,91] S=1,C=2,X=1,Y=188,K=15,R=2 || L2:[sp=Y,3] S=1,R=1,K=11,Y=1,X=1,C=2",-inf,-inf,0,Y|Y,1
Y,91,S,1,X,1,Y,37,R,2,K,26,C,2,Y,24,S,1,Y,1,X,1,R,1,K,1,C,1,"L1:[sp=Y,91] S=1,X=1,Y=37,R=2,K=26,C=2 || L2:[sp=Y,24] S=1,Y=1,X=1,R=1,K=1,C=1",-782209.0,-163323000.0,1,Y|Y,1
Y,91,S,1,X,1,Y,37,R,2,C,2,K,28,Y,1,K,11,C,1,X,1,R,1,S,1,Y,1,"L1:[sp=Y,91] S=1,X=1,Y=37,R=2,C=2,K=28 || L2:[sp=Y,1] K=11,C=1,X=1,R=1,S=1,Y=1",-14257153.0,-163323000.0,1,Y|Y,1
X,91,S,1,K,15,C,3,R,2,X,1,Y,188,Y,24,K,7,Y,1,S,1,R,1,X,1,C,2,"L1:[sp=X,91] S=1,K=15,C=3,R=2,X=1,Y=188 || L2:[sp=Y,24] K=7,Y=1,S=1,R=1,X=1,C=2",-inf,-inf,0,X|Y,1
X,91,S,1,C,2,Y,76,R,2,K,45,X,1,Y,24,S,1,Y,1,R,2,K,4,X,1,C,1,"L1:[sp=X,91] S=1,C=2,Y=76,R=2,K=45,X=1 || L2:[sp=Y,24] S=1,Y=1,R=2,K=4,X=1,C=1",-787969.0,-163323000.0,1,X|Y,1
X,91,S,1,C,2,X,1,Y,188,K,15,R,2,X,1,X,1,R,1,K,6,S,1,Y,1,C,2,"L1:[sp=X,91] S=1,C=2,X=1,Y=188,K=15,R=2 || L2:[sp=X,1] X=1,R=1,K=6,S=1,Y=1,C=2",-inf,-inf,0,X|X,1
X,91,S,2,K,15,C,2,R,2,X,1,Y,37,Y,24,S,1,Y,27,K,7,R,1,X,1,C,1,"L1:[sp=X,91] S=2,K=15,C=2,R=2,X=1,Y=37 || L2:[sp=Y,24] S=1,Y=27,K=7,R=1,X=1,C=1",-inf,-inf,0,X|Y,1
X,91,S,1,X,1,Y,37,R,2,C,3,K,26,Y,24,S,1,Y,1,X,1,R,2,K,1,C,1,"L1:[sp=X,91] S=1,X=1,Y=37,R=2,C=3,K=26 || L2:[sp=Y,24] S=1,Y=1,X=1,R=2,K=1,C=1",-962497.0,-163323000.0,1,X|Y,1
X,91,R,2,K,15,C,2,S,1,X,1,Y,37,Y,24,S,1,Y,1,K,7,R,1,X,1,C,2,"L1:[sp=X,91] R=2,K=15,C=2,S=1,X=1,Y=37 || L2:[sp=Y,24] S=1,Y=1,K=7,R=1,X=1,C=2",-926977.0,-163323000.0,1,X|Y,1
Y,91,S,1,X,1,Y,37,R,1,C,2,K,26,Y,24,S,1,C,1,X,1,R,1,K,1,Y,1,"L1:[sp=Y,91] S=1,X=1,Y=37,R=1,C=2,K=26 || L2:[sp=Y,24] S=1,C=1,X=1,R=1,K=1,Y=1",-786241.0,-163323000.0,1,Y|Y,1
C,91,S,1,K,15,C,3,R,2,X,1,Y,188,Y,24,S,1,Y,1,K,7,R,1,X,1,C,1,"L1:[sp=C,91] S=1,K=15,C=3,R=2,X=1,Y=188 || L2:[sp=Y,24] S=1,Y=1,K=7,R=1,X=1,C=1",-3702721.0,-163323000.0,1,C|Y,1
C,91,C,3,X,154,S,1,R,1,K,15,Y,188,Y,24,K,7,Y,1,S,1,R,1,X,1,C,2,"L1:[sp=C,91] C=3,X=154,S=1,R=1,K=15,Y=188 || L2:[sp=Y,24] K=7,Y=1,S=1,R=1,X=1,C=2",-inf,-inf,0,C|Y,1
X,91,S,1,K,15,C,3,R,2,X,1,Y,188,Y,24,K,7,Y,1,S,1,R,1,X,1,C,2,"L1:[sp=X,91] S=1,K=15,C=3,R=2,X=1,Y=188 || L2:[sp=Y,24] K=7,Y=1,S=1,R=1,X=1,C=2",-inf,-inf,0,X|Y,1
X,91,C,3,K,15,S,1,R,2,X,1,Y,188,Y,24,S,1,Y,1,K,7,R,1,X,1,C,1,"L1:[sp=X,91] C=3,K=15,S=1,R=2,X=1,Y=188 || L2:[sp=Y,24] S=1,Y=1,K=7,R=1,X=1,C=1",-528961.0,-163323000.0,1,X|Y,1
X,91,S,1,K,15,C,3,R,1,X,1,Y,188,Y,24,K,7,Y,1,S,1,R,1,X,1,C,2,"L1:[sp=X,91] S=1,K=15,C=3,R=1,X=1,Y=188 || L2:[sp=Y,24] K=7,Y=1,S=1,R=1,X=1,C=2",-inf,-inf,0,X|Y,1
Y,91,S,1,X,1,Y,37,R,2,C,2,K,26,C,1,S,1,C,1,X,1,R,1,K,1,Y,1,"L1:[sp=Y,91] S=1,X=1,Y=37,R=2,C=2,K=26 || L2:[sp=C,1] S=1,C=1,X=1,R=1,K=1,Y=1",-14716801.0,-163323000.0,1,Y|C,1
Y,91,S,1,X,1,Y,37,R,1,K,25,C,2,Y,24,S,1,Y,1,X,1,R,1,K,1,C,1,"L1:[sp=Y,91] S=1,X=1,Y=37,R=1,K=25,C=2 || L2:[sp=Y,24] S=1,Y=1,X=1,R=1,K=1,C=1",-786241.0,-163323000.0,1,Y|Y,1
Y,91,S,1,K,15,C,1,R,2,X,1,Y,37,Y,24,S,1,Y,1,K,10,R,1,X,1,C,1,"L1:[sp=Y,91] S=1,K=15,C=1,R=2,X=1,Y=37 || L2:[sp=Y,24] S=1,Y=1,K=10,R=1,X=1,C=1",-806401.0,-163323000.0,1,Y|Y,1
Y,91,K,26,X,205,Y,37,R,1,C,2,S,1,Y,24,S,1,C,1,X,1,R,1,K,1,Y,1,"L1:[sp=Y,91] K=26,X=205,Y=37,R=1,C=2,S=1 || L2:[sp=Y,24] S=1,C=1,X=1,R=1,K=1,Y=1",-inf,-inf,0,Y|Y,1
Y,91,S,3,X,1,K,26,R,3,Y,37,C,2,Y,24,S,1,Y,1,X,1,R,1,K,1,C,1,"L1:[sp=Y,91] S=3,X=1,K=26,R=3,Y=37,C=2 || L2:[sp=Y,24] S=1,Y=1,X=1,R=1,K=1,C=1",-2303029.0,-163323000.0,1,Y|Y,1
X,91,S,1,C,2,Y,76,X,1,K,45,R,1,Y,24,K,4,Y,1,R,1,S,1,X,1,C,1,"L1:[sp=X,91] S=1,C=2,Y=76,X=1,K=45,R=1 || L2:[sp=Y,24] K=4,Y=1,R=1,S=1,X=1,C=1",-592705.0,-163323000.0,1,X|Y,1
X,91,S,1,K,15,C,1,X,1,R,3,Y,37,Y,24,S,1,Y,1,K,2,R,1,X,1,C,1,"L1:[sp=X,91] S=1,K=15,C=1,X=1,R=3,Y=37 || L2:[sp=Y,24] S=1,Y=1,K=2,R=1,X=1,C=1",-672193.0,-163323000.0,1,X|Y,1
Y,91,R,2,K,15,C,2,S,1,X,1,Y,37,Y,24,S,1,Y,1,K,7,R,1,X,1,C,1,"L1:[sp=Y,91] R=2,K=15,C=2,S=1,X=1,Y=37 || L2:[sp=Y,24] S=1,Y=1,K=7,R=1,X=1,C=1",-751297.0,-163323000.0,1,Y|Y,1
X,91,S,1,C,2,Y,76,R,1,K,45,X,1,Y,24,S,1,Y,1,R,1,K,4,X,1,C,1,"L1:[sp=X,91] S=1,C=2,Y=76,R=1,K=45,X=1 || L2:[sp=Y,24] S=1,Y=1,R=1,K=4,X=1,C=1",-592705.0,-163323000.0,1,X|Y,1
Y,91,S,1,X,1,Y,37,R,2,C,1,K,26,Y,24,S,1,C,1,X,1,R,2,K,3,Y,1,"L1:[sp=Y,91] S=1,X=1,Y=37,R=2,C=1,K=26 || L2:[sp=Y,24] S=1,C=1,X=1,R=2,K=3,Y=1",-inf,-inf,0,Y|Y,1
X,91,S,2,K,15,C,3,R,2,X,1,Y,188,Y,24,K,7,Y,1,S,1,R,1,X,1,C,2,"L1:[sp=X,91] S=2,K=15,C=3,R=2,X=1,Y=188 || L2:[sp=Y,24] K=7,Y=1,S=1,R=1,X=1,C=2",-1055361.0,-163323000.0,1,X|Y,1
X,91,S,1,K,15,C,1,R,2,X,130,Y,37,Y,24,S,1,Y,1,K,7,R,1,X,1,C,1,"L1:[sp=X,91] S=1,K=15,C=1,R=2,X=130,Y=37 || L2:[sp=Y,24] S=1,Y=1,K=7,R=1,X=1,C=1",-inf,-inf,0,X|Y,1
X,91,S,1,K,15,C,1,R,2,X,1,Y,37,C,1,S,1,Y,1,K,7,R,1,X,1,C,1,"L1:[sp=X,91] S=1,K=15,C=1,R=2,X=1,Y=37 || L2:[sp=C,1] S=1,Y=1,K=7,R=1,X=1,C=1",-inf,-inf,0,X|C,1
X,91,S,1,K,15,C,3,R,3,X,1,Y,37,Y,24,K,13,Y,1,S,1,R,1,X,1,C,2,"L1:[sp=X,91] S=1,K=15,C=3,R=3,X=1,Y=37 || L2:[sp=Y,24] K=13,Y=1,S=1,R=1,X=1,C=2",-645697.0,-163323000.0,1,X|Y,1
Y,91,S,1,X,1,Y,37,R,1,C,2,K,26,C,24,S,1,C,1,X,1,R,1,K,21,Y,1,"L1:[sp=Y,91] S=1,X=1,Y=37,R=1,C=2,K=26 || L2:[sp=C,24] S=1,C=1,X=1,R=1,K=21,Y=1",-inf,-inf,0,Y|C,1
X,91,S,1,C,2,Y,76,R,2,K,45,X,1,Y,24,S,1,Y,1,R,2,K,4,X,1,C,1,"L1:[sp=X,91] S=1,C=2,Y=76,R=2,K=45,X=1 || L2:[sp=Y,24] S=1,Y=1,R=2,K=4,X=1,C=1",-787969.0,-163323000.0,1,X|Y,1
X,91,C,3,K,15,S,1,R,2,X,1,Y,188,Y,24,S,1,Y,1,K,7,R,1,X,1,C,1,"L1:[sp=X,91] C=3,K=15,S=1,R=2,X=1,Y=188 || L2:[sp=Y,24] S=1,Y=1,K=7,R=1,X=1,C=1",-528961.0,-163323000.0,1,X|Y,1
X,91,S,2,K,42,C,3,R,3,X,1,Y,37,Y,24,K,13,X,1,S,1,R,1,Y,1,C,2,"L1:[sp=X,91] S=2,K=42,C=3,R=3,X=1,Y=37 || L2:[sp=Y,24] K=13,X=1,S=1,R=1,Y=1,C=2",-1203457.0,-163323000.0,1,X|Y,1
Y,91,S,1,K,25,Y,37,R,1,X,1,C,2,Y,24,S,1,Y,1,X,1,R,1,K,3,C,2,"L1:[sp=Y,91] S=1,K=25,Y=37,R=1,X=1,C=2 || L2:[sp=Y,24] S=1,Y=1,X=1,R=1,K=3,C=2",-1028161.0,-163323000.0,1,Y|Y,1
X,91,S,1,C,2,Y,76,R,1,K,45,X,1,Y,24,S,1,Y,1,R,1,K,19,X,1,C,1,"L1:[sp=X,91] S=1,C=2,Y=76,R=1,K=45,X=1 || L2:[sp=Y,24] S=1,Y=1,R=1,K=19,X=1,C=1",-611713.0,-163323000.0,1,X|Y,1
X,91,S,1,K,15,C,3,R,3,X,1,Y,37,K,5,K,13,Y,1,S,1,R,2,X,1,C,2,"L1:[sp=X,91] S=1,K=15,C=3,R=3,X=1,Y=37 || L2:[sp=K,5] K=13,Y=1,S=1,R=2,X=1,C=2",-2801611.0,-163323000.0,1,X|K,1
Y,91,S,1,K,15,C,1,R,3,X,1,Y,79,C,24,S,1,Y,1,K,2,R,1,X,1,C,1,"L1:[sp=Y,91] S=1,K=15,C=1,R=3,X=1,Y=79 || L2:[sp=C,24] S=1,Y=1,K=2,R=1,X=1,C=1",-31362913.0,-163323000.0,1,Y|C,1
Y,91,S,1,X,1,Y,37,R,1,K,25,C,2,Y,24,S,1,Y,1,X,1,R,1,K,1,C,2,"L1:[sp=Y,91] S=1,X=1,Y=37,R=1,K=25,C=2 || L2:[sp=Y,24] S=1,Y=1,X=1,R=1,K=1,C=2",-1044289.0,-163323000.0,1,Y|Y,1
X,91,C,3,X,1,S,1,R,2,K,15,Y,188,Y,24,S,1,Y,1,K,7,R,1,X,1,C,2,"L1:[sp=X,91] C=3,X=1,S=1,R=2,K=15,Y=188 || L2:[sp=Y,24] S=1,Y=1,K=7,R=1,X=1,C=2",-528961.0,-163323000.0,1,X|Y,1
X,91,S,1,K,15,C,1,X,1,R,1,Y,37,Y,24,S,1,Y,1,K,2,R,1,X,1,C,1,"L1:[sp=X,91] S=1,K=15,C=1,X=1,R=1,Y=37 || L2:[sp=Y,24] S=1,Y=1,K=2,R=1,X=1,C=1",-749089.0,-163323000.0,1,X|Y,1
X,91,S,1,K,15,X,1,R,2,C,3,Y,37,Y,24,K,13,Y,1,S,1,R,2,X,1,C,2,"L1:[sp=X,91] S=1,K=15,X=1,R=2,C=3,Y=37 || L2:[sp=Y,24] K=13,Y=1,S=1,R=2,X=1,C=2",-inf,-inf,0,X|Y,1
Y,91,R,3,K,15,C,2,S,1,X,1,Y,37,Y,24,S,1,Y,1,K,7,R,1,X,1,C,1,"L1:[sp=Y,91] R=3,K=15,C=2,S=1,X=1,Y=37 || L2:[sp=Y,24] S=1,Y=1,K=7,R=1,X=1,C=1",-744577.0,-163323000.0,1,Y|Y,1
Y,91,R,1,K,52,C,2,S,1,X,146,Y,37,Y,24,S,1,Y,1,K,7,R,1,X,1,C,1,"L1:[sp=Y,91] R=1,K=52,C=2,S=1,X=146,Y=37 || L2:[sp=Y,24] S=1,Y=1,K=7,R=1,X=1,C=1",-inf,-inf,0,Y|Y,1
Y,91,S,1,X,1,Y,37,R,2,K,25,C,3,Y,24,S,1,Y,1,X,1,R,1,K,1,C,1,"L1:[sp=Y,91] S=1,X=1,Y=37,R=2,K=25,C=3 || L2:[sp=Y,24] S=1,Y=1,X=1,R=1,K=1,C=1",-778177.0,-163323000.0,1,Y|Y,1
Y,91,S,1,X,1,Y,37,R,1,K,25,C,2,Y,24,S,1,Y,1,X,1,R,1,K,1,C,1,"L1:[sp=Y,91] S=1,X=1,Y=37,R=1,K=25,C=2 || L2:[sp=Y,24] S=1,Y=1,X=1,R=1,K=1,C=1",-786241.0,-163323000.0,1,Y|Y,1
X,91,R,2,K,15,C,2,S,1,X,1,Y,37,Y,24,S,1,Y,14,K,7,R,1,X,1,C,1,"L1:[sp=X,91] R=2,K=15,C=2,S=1,X=1,Y=37 || L2:[sp=Y,24] S=1,Y=14,K=7,R=1,X=1,C=1",-5178433.0,-163323000.0,1,X|Y,1
X,91,S,2,C,2,Y,37,R,1,K,45,X,1,Y,24,S,1,Y,1,R,1,K,4,X,1,C,1,"L1:[sp=X,91] S=2,C=2,Y=37,R=1,K=45,X=1 || L2:[sp=Y,24] S=1,Y=1,R=1,K=4,X=1,C=1",-1398145.0,-163323000.0,1,X|Y,1
Y,91,S,1,X,1,Y,143,R,2,K,25,C,2,Y,24,X,1,Y,1,S,1,R,2,K,1,C,1,"L1:[sp=Y,91] S=1,X=1,Y=143,R=2,K=25,C=2 || L2:[sp=Y,24] X=1,Y=1,S=1,R=2,K=1,C=1",-inf,-inf,0,Y|Y,1
Y,91,S,1,K,15,C,3,R,2,X,181,Y,37,X,24,R,2,Y,1,S,1,K,13,X,1,C,2,"L1:[sp=Y,91] S=1,K=15,C=3,R=2,X=181,Y=37 || L2:[sp=X,24] R=2,Y=1,S=1,K=13,X=1,C=2",-inf,-inf,0,Y|X,1
Y,91,R,2,K,15,C,2,S,1,X,1,Y,37,Y,24,K,7,Y,1,S,1,R,1,X,1,C,2,"L1:[sp=Y,91] R=2,K=15,C=2,S=1,X=1,Y=37 || L2:[sp=Y,24] K=7,Y=1,S=1,R=1,X=1,C=2",-997249.0,-163323000.0,1,Y|Y,1
X,91,S,1,K,15,C,1,X,1,R,3,Y,37,Y,24,S,1,Y,1,K,2,R,1,X,1,C,1,"L1:[sp=X,91] S=1,K=15,C=1,X=1,R=3,Y=37 || L2:[sp=Y,24] S=1,Y=1,K=2,R=1,X=1,C=1",-672193.0,-163323000.0,1,X|Y,1
X,91,C,3,K,15,S,1,R,2,X,1,Y,188,Y,24,S,1,Y,1,K,7,R,1,X,1,C,1,"L1:[sp=X,91] C=3,K=15,S=1,R=2,X=1,Y=188 || L2:[sp=Y,24] S=1,Y=1,K=7,R=1,X=1,C=1",-528961.0,-163323000.0,1,X|Y,1
X,91,C,2,X,1,S,1,R,2,K,15,Y,188,Y,24,S,1,Y,1,K,7,R,1,X,1,C,2,"L1:[sp=X,91] C=2,X=1,S=1,R=2,K=15,Y=188 || L2:[sp=Y,24] S=1,Y=1,K=7,R=1,X=1,C=2",-706561.0,-163323000.0,1,X|Y,1
Y,91,S,1,X,1,Y,37,R,2,K,25,C,3,Y,24,S,1,Y,1,X,1,R,1,K,1,C,1,"L1:[sp=Y,91] S=1,X=1,Y=37,R=2,K=25,C=3 || L2:[sp=Y,24] S=1,Y=1,X=1,R=1,K=1,C=1",-778177.0,-163323000.0,1,Y|Y,1
X,91,C,3,X,1,S,1,R,2,K,15,Y,188,Y,24,Y,1,S,1,K,7,R,1,X,1,C,2,"L1:[sp=X,91] C=3,X=1,S=1,R=2,K=15,Y=188 || L2:[sp=Y,24] Y=1,S=1,K=7,R=1,X=1,C=2",-528961.0,-163323000.0,1,X|Y,1
Y,91,R,3,K,15,C,2,S,1,X,1,Y,37,Y,24,S,1,Y,1,K,7,R,1,X,1,C,1,"L1:[sp=Y,91] R=3,K=15,C=2,S=1,X=1,Y=37 || L2:[sp=Y,24] S=1,Y=1,K=7,R=1,X=1,C=1",-inf,-inf,0,Y|Y,1
Y,91,S,1,X,1,Y,76,R,3,K,25,C,2,Y,24,S,1,R,1,X,1,Y,1,K,1,C,1,"L1:[sp=Y,91] S=1,X=1,Y=76,R=3,K=25,C=2 || L2:[sp=Y,24] S=1,R=1,X=1,Y=1,K=1,C=1",-1552321.0,-163323000.0,1,Y|Y,1
X,91,S,1,Y,37,C,2,R,1,K,45,X,1,Y,24,S,1,Y,1,R,1,K,19,X,1,C,1,"L1:[sp=X,91] S=1,Y=37,C=2,R=1,K=45,X=1 || L2:[sp=Y,24] S=1,Y=1,R=1,K=19,X=1,C=1",-726913.0,-163323000.0,1,X|Y,1
Y,91,S,1,X,1,K,25,R,1,Y,59,C,2,Y,24,S,1,Y,1,X,1,R,1,K,1,C,1,"L1:[sp=Y,91] S=1,X=1,K=25,R=1,Y=59,C=2 || L2:[sp=Y,24] S=1,Y=1,X=1,R=1,K=1,C=1",-inf,-inf,0,Y|Y,1
K,91,S,1,C,2,Y,76,X,1,K,45,R,1,Y,24,S,1,Y,1,R,1,K,30,X,1,C,1,"L1:[sp=K,91] S=1,C=2,Y=76,X=1,K=45,R=1 || L2:[sp=Y,24] S=1,Y=1,R=1,K=30,X=1,C=1",-3005857.0,-163323000.0,1,K|Y,1
X,91,C,2,K,15,S,1,R,1,X,141,Y,37,Y,24,S,1,Y,1,K,7,R,1,X,1,C,1,"L1:[sp=X,91] C=2,K=15,S=1,R=1,X=141,Y=37 || L2:[sp=Y,24] S=1,Y=1,K=7,R=1,X=1,C=1",-inf,-inf,0,X|Y,1
Y,91,R,3,K,21,C,3,S,1,X,1,Y,188,Y,24,S,1,Y,1,K,7,R,3,X,1,C,1,"L1:[sp=Y,91] R=3,K=21,C=3,S=1,X=1,Y=188 || L2:[sp=Y,24] S=1,Y=1,K=7,R=3,X=1,C=1",-inf,-inf,0,Y|Y,1
X,91,C,3,X,1,S,1,R,3,K,15,Y,155,Y,24,Y,1,S,1,K,7,R,1,X,1,C,2,"L1:[sp=X,91] C=3,X=1,S=1,R=3,K=15,Y=155 || L2:[sp=Y,24] Y=1,S=1,K=7,R=1,X=1,C=2",-528001.0,-163323000.0,1,X|Y,1
Y,91,R,2,K,15,C,2,S,1,X,1,Y,37,Y,24,S,1,Y,1,K,7,R,2,X,1,C,1,"L1:[sp=Y,91] R=2,K=15,C=2,S=1,X=1,Y=37 || L2:[sp=Y,24] S=1,Y=1,K=7,R=2,X=1,C=1",-inf,-inf,0,Y|Y,1
Y,91,S,1,X,1,Y,37,R,1,K,25,C,2,Y,24,S,1,Y,1,X,1,R,1,K,12,C,2,"L1:[sp=Y,91] S=1,X=1,Y=37,R=1,K=25,C=2 || L2:[sp=Y,24] S=1,Y=1,X=1,R=1,K=12,C=2",-1028161.0,-163323000.0,1,Y|Y,1
Y,91,K,25,X,1,Y,37,R,2,S,1,C,3,Y,24,Y,1,S,1,X,1,R,1,K,1,C,1,"L1:[sp=Y,91] K=25,X=1,Y=37,R=2,S=1,C=3 || L2:[sp=Y,24] Y=1,S=1,X=1,R=1,K=1,C=1",-778177.0,-163323000.0,1,Y|Y,1
Y,91,C,3,X,1,S,1,Y,188,K,15,R,2,Y,24,S,1,Y,1,K,8,R,1,X,1,C,2,"L1:[sp=Y,91] C=3,X=1,S=1,Y=188,K=15,R=2 || L2:[sp=Y,24] S=1,Y=1,K=8,R=1,X=1,C=2",-3248449.0,-163323000.0,1,Y|Y,1
X,91,C,3,K,15,S,1,R,2,X,1,Y,188,Y,12,S,1,Y,1,K,7,R,1,X,1,C,1,"L1:[sp=X,91] C=3,K=15,S=1,R=2,X=1,Y=188 || L2:[sp=Y,12] S=1,Y=1,K=7,R=1,X=1,C=1",-501649.0,-163324000.0,1,X|Y,1
Y,91,S,1,C,3,Y,37,R,2,K,25,X,1,Y,24,S,1,Y,1,X,1,R,1,K,1,C,1,"L1:[sp=Y,91] S=1,C=3,Y=37,R=2,K=25,X=1 || L2:[sp=Y,24] S=1,Y=1,X=1,R=1,K=1,C=1",-778177.0,-163323000.0,1,Y|Y,1
X,91,C,3,K,15,S,1,Y,188,X,1,R,2,Y,24,S,1,Y,19,K,7,R,1,X,1,C,1,"L1:[sp=X,91] C=3,K=15,S=1,Y=188,X=1,R=2 || L2:[sp=Y,24] S=1,Y=19,K=7,R=1,X=1,C=1",-inf,-inf,0,X|Y,1
Y,91,S,1,X,1,Y,37,R,2,K,25,C,3,Y,24,S,1,Y,1,X,1,R,1,K,1,C,1,"L1:[sp=Y,91] S=1,X=1,Y=37,R=2,K=25,C=3 || L2:[sp=Y,24] S=1,Y=1,X=1,R=1,K=1,C=1",-inf,-inf,0,Y|Y,1
X,91,C,3,K,15,S,1,R,2,X,1,Y,188,Y,24,S,1,Y,1,K,7,R,1,X,1,C,1,"L1:[sp=X,91] C=3,K=15,S=1,R=2,X=1,Y=188 || L2:[sp=Y,24] S=1,Y=1,K=7,R=1,X=1,C=1",-528961.0,-163323000.0,1,X|Y,1
X,91,C,3,K,15,S,1,R,2,X,1,Y,188,Y,12,S,1,Y,1,K,7,R,1,X,1,C,1,"L1:[sp=X,91] C=3,K=15,S=1,R=2,X=1,Y=188 || L2:[sp=Y,12] S=1,Y=1,K=7,R=1,X=1,C=1",-501649.0,-163324000.0,1,X|Y,1
X,91,S,3,Y,37,C,3,R,2,K,45,X,1,Y,24,S,1,Y,23,R,1,K,19,X,1,C,1,"L1:[sp=X,91] S=3,Y=37,C=3,R=2,K=45,X=1 || L2:[sp=Y,24] S=1,Y=23,R=1,K=19,X=1,C=1",-inf,-inf,0,X|Y,1
Y,91,S,1,X,102,Y,155,R,1,K,25,C,2,Y,24,S,1,Y,1,X,1,R,1,K,1,C,1,"L1:[sp=Y,91] S=1,X=102,Y=155,R=1,K=25,C=2 || L2:[sp=Y,24] S=1,Y=1,X=1,R=1,K=1,C=1",-inf,-inf,0,Y|Y,1
X,91,C,3,X,1,S,1,R,2,K,15,Y,155,Y,24,Y,86,S,1,K,7,R,1,X,1,C,2,"L1:[sp=X,91] C=3,X=1,S=1,R=2,K=15,Y=155 || L2:[sp=Y,24] Y=86,S=1,K=7,R=1,X=1,C=2",-inf,-inf,0,X|Y,1
Y,91,K,25,X,189,Y,37,R,3,S,1,C,3,Y,24,Y,1,S,1,X,1,R,1,K,14,C,1,"L1:[sp=Y,91] K=25,X=189,Y=37,R=3,S=1,C=3 || L2:[sp=Y,24] Y=1,S=1,X=1,R=1,K=14,C=1",-inf,-inf,0,Y|Y,1
X,91,X,1,K,15,S,1,R,2,C,3,Y,37,Y,24,S,1,Y,1,K,6,R,1,X,1,C,3,"L1:[sp=X,91] X=1,K=15,S=1,R=2,C=3,Y=37 || L2:[sp=Y,24] S=1,Y=1,K=6,R=1,X=1,C=3",-inf,-inf,0,X|Y,1
Y,91,S,1,X,1,Y,188,R,2,K,25,C,3,K,24,S,1,X,1,Y,1,R,1,K,1,C,1,"L1:[sp=Y,91] S=1,X=1,Y=188,R=2,K=25,C=3 || L2:[sp=K,24] S=1,X=1,Y=1,R=1,K=1,C=1",-inf,-inf,0,Y|K,1
X,91,C,2,X,1,S,1,R,2,K,15,Y,188,K,15,S,1,Y,1,K,7,R,1,X,1,C,2,"L1:[sp=X,91] C=2,X=1,S=1,R=2,K=15,Y=188 || L2:[sp=K,15] S=1,Y=1,K=7,R=1,X=1,C=2",-inf,-inf,0,X|K,1
X,91,C,3,X,1,S,1,R,3,K,15,Y,155,Y,24,Y,146,S,1,K,7,R,1,X,1,C,2,"L1:[sp=X,91] C=3,X=1,S=1,R=3,K=15,Y=155 || L2:[sp=Y,24] Y=146,S=1,K=7,R=1,X=1,C=2",-inf,-inf,0,X|Y,1
X,91,C,2,X,1,S,1,R,2,K,15,Y,188,Y,24,S,1,K,8,C,2,R,1,X,1,Y,1,"L1:[sp=X,91] C=2,X=1,S=1,R=2,K=15,Y=188 || L2:[sp=Y,24] S=1,K=8,C=2,R=1,X=1,Y=1",-inf,-inf,0,X|Y,1
Y,91,K,25,X,1,Y,37,R,2,S,1,C,3,Y,24,S,1,Y,1,X,1,R,1,K,1,C,1,"L1:[sp=Y,91] K=25,X=1,Y=37,R=2,S=1,C=3 || L2:[sp=Y,24] S=1,Y=1,X=1,R=1,K=1,C=1",-778177.0,-163323000.0,1,Y|Y,1
X,91,C,3,K,15,S,1,R,2,X,1,Y,188,Y,12,S,1,Y,1,K,7,R,1,X,1,C,1,"L1:[sp=X,91] C=3,K=15,S=1,R=2,X=1,Y=188 || L2:[sp=Y,12] S=1,Y=1,K=7,R=1,X=1,C=1",-inf,-inf,0,X|Y,1
X,91,C,3,X,1,S,1,R,2,K,15,Y,188,Y,24,Y,1,S,1,K,7,R,1,X,1,C,2,"L1:[sp=X,91] C=3,X=1,S=1,R=2,K=15,Y=188 || L2:[sp=Y,24] Y=1,S=1,K=7,R=1,X=1,C=2",-inf,-inf,0,X|Y,1
Y,91,S,1,X,1,Y,37,R,1,K,25,C,3,Y,24,S,1,Y,1,X,1,R,1,K,1,C,1,"L1:[sp=Y,91] S=1,X=1,Y=37,R=1,K=25,C=3 || L2:[sp=Y,24] S=1,Y=1,X=1,R=1,K=1,C=1",-inf,-inf,0,Y|Y,1
X,91,S,1,Y,216,C,2,R,2,K,45,X,1,Y,24,S,1,Y,114,R,1,K,19,X,1,C,1,"L1:[sp=X,91] S=1,Y=216,C=2,R=2,K=45,X=1 || L2:[sp=Y,24] S=1,Y=114,R=1,K=19,X=1,C=1",-inf,-inf,0,X|Y,1
X,91,C,3,K,15,S,3,R,2,X,1,Y,188,Y,24,S,1,Y,1,K,7,R,1,X,1,C,1,"L1:[sp=X,91] C=3,K=15,S=3,R=2,X=1,Y=188 || L2:[sp=Y,24] S=1,Y=1,K=7,R=1,X=1,C=1",-inf,-inf,0,X|Y,1
C,91,K,25,X,147,Y,37,R,2,S,1,C,3,Y,24,Y,1,S,1,X,1,R,1,K,1,C,1,"L1:[sp=C,91] K=25,X=147,Y=37,R=2,S=1,C=3 || L2:[sp=Y,24] Y=1,S=1,X=1,R=1,K=1,C=1",-inf,-inf,0,C|Y,1
Y,91,C,3,X,1,S,1,R,2,K,20,Y,188,X,24,S,1,X,1,K,7,R,1,Y,1,C,2,"L1:[sp=Y,91] C=3,X=1,S=1,R=2,K=20,Y=188 || L2:[sp=X,24] S=1,X=1,K=7,R=1,Y=1,C=2",-75448129.0,-163323000.0,1,Y|X,1
Y,91,S,1,X,1,Y,37,R,2,K,25,C,3,Y,24,S,1,C,1,X,1,R,1,K,1,Y,1,"L1:[sp=Y,91] S=1,X=1,Y=37,R=2,K=25,C=3 || L2:[sp=Y,24] S=1,C=1,X=1,R=1,K=1,Y=1",-778177.0,-163323000.0,1,Y|Y,1
X,91,S,1,X,1,C,2,R,1,K,45,Y,41,Y,24,S,1,Y,18,R,1,K,19,X,1,C,1,"L1:[sp=X,91] S=1,X=1,C=2,R=1,K=45,Y=41 || L2:[sp=Y,24] S=1,Y=18,R=1,K=19,X=1,C=1",-inf,-inf,0,X|Y,1
X,91,C,3,K,15,S,1,R,2,X,1,Y,188,Y,12,S,1,Y,1,K,7,R,1,X,1,C,1,"L1:[sp=X,91] C=3,K=15,S=1,R=2,X=1,Y=188 || L2:[sp=Y,12] S=1,Y=1,K=7,R=1,X=1,C=1",-501649.0,-163324000.0,1,X|Y,1
Y,91,K,25,X,1,Y,16,R,2,S,1,C,3,Y,24,S,1,Y,1,X,1,R,1,K,1,C,1,"L1:[sp=Y,91] K=25,X=1,Y=16,R=2,S=1,C=3 || L2:[sp=Y,24] S=1,Y=1,X=1,R=1,K=1,C=1",-inf,-inf,0,Y|Y,1
X,91,R,2,K,15,S,1,C,3,X,1,Y,79,Y,12,S,1,Y,1,R,1,K,7,X,1,C,1,"L1:[sp=X,91] R=2,K=15,S=1,C=3,X=1,Y=79 || L2:[sp=Y,12] S=1,Y=1,R=1,K=7,X=1,C=1",-528481.0,-163323000.0,1,X|Y,1
Y,91,K,25,X,1,Y,37,R,2,S,1,C,3,Y,24,S,1,Y,1,X,1,R,1,K,1,C,1,"L1:[sp=Y,91] K=25,X=1,Y=37,R=2,S=1,C=3 || L2:[sp=Y,24] S=1,Y=1,X=1,R=1,K=1,C=1",-inf,-inf,0,Y|Y,1
X,91,Y,188,K,44,S,1,R,2,X,1,C,3,Y,12,K,7,Y,1,S,1,R,1,X,1,C,1,"L1:[sp=X,91] Y=188,K=44,S=1,R=2,X=1,C=3 || L2:[sp=Y,12] K=7,Y=1,S=1,R=1,X=1,C=1",-inf,-inf,0,X|Y,1
Y,91,S,1,X,1,Y,37,R,2,K,4,C,3,Y,24,S,1,C,1,X,1,R,1,K,1,Y,1,"L1:[sp=Y,91] S=1,X=1,Y=37,R=2,K=4,C=3 || L2:[sp=Y,24] S=1,C=1,X=1,R=1,K=1,Y=1",-795649.0,-163323000.0,1,Y|Y,1
Y,91,C,1,X,1,S,1,R,2,K,20,Y,188,X,24,S,1,X,1,K,7,R,1,Y,1,C,1,"L1:[sp=Y,91] C=1,X=1,S=1,R=2,K=20,Y=188 || L2:[sp=X,24] S=1,X=1,K=7,R=1,Y=1,C=1",-75458881.0,-163323000.0,1,Y|X,1
Y,91,X,1,S,1,Y,37,R,2,K,25,C,3,Y,24,S,1,C,2,X,1,R,1,K,6,Y,1,"L1:[sp=Y,91] X=1,S=1,Y=37,R=2,K=25,C=3 || L2:[sp=Y,24] S=1,C=2,X=1,R=1,K=6,Y=1",-766081.0,-163323000.0,1,Y|Y,1
Y,91,K,25,X,1,Y,37,R,2,S,1,C,3,Y,24,S,1,R,1,C,1,Y,1,K,1,X,1,"L1:[sp=Y,91] K=25,X=1,Y=37,R=2,S=1,C=3 || L2:[sp=Y,24] S=1,R=1,C=1,Y=1,K=1,X=1",-778177.0,-163323000.0,1,Y|Y,1
K,91,K,25,X,1,Y,37,R,3,S,1,C,3,Y,24,S,1,Y,1,X,1,R,1,K,25,C,1,"L1:[sp=K,91] K=25,X=1,Y=37,R=3,S=1,C=3 || L2:[sp=Y,24] S=1,Y=1,X=1,R=1,K=25,C=1",-1818433.0,-163323000.0,1,K|Y,1
Y,91,C,3,X,1,S,1,R,2,K,20,Y,142,X,24,S,1,X,1,K,7,R,1,Y,1,C,2,"L1:[sp=Y,91] C=3,X=1,S=1,R=2,K=20,Y=142 || L2:[sp=X,24] S=1,X=1,K=7,R=1,Y=1,C=2",-inf,-inf,0,Y|X,1
X,91,C,3,K,17,S,1,R,2,X,1,Y,188,Y,12,S,1,Y,1,K,7,R,1,X,1,C,1,"L1:[sp=X,91] C=3,K=17,S=1,R=2,X=1,Y=188 || L2:[sp=Y,12] S=1,Y=1,K=7,R=1,X=1,C=1",-501457.0,-163324000.0,1,X|Y,1
K,91,K,25,X,1,Y,37,R,2,S,1,C,3,Y,37,S,1,Y,1,X,1,R,1,K,1,C,1,"L1:[sp=K,91] K=25,X=1,Y=37,R=2,S=1,C=3 || L2:[sp=Y,37] S=1,Y=1,X=1,R=1,K=1,C=1",-1975009.0,-163323000.0,1,K|Y,1
Y,91,C,3,X,1,S,1,R,2,K,20,Y,37,X,24,S,1,X,1,K,7,R,1,Y,26,C,1,"L1:[sp=Y,91] C=3,X=1,S=1,R=2,K=20,Y=37 || L2:[sp=X,24] S=1,X=1,K=7,R=1,Y=26,C=1",-inf,-inf,0,Y|X,1
Y,91,K,13,X,1,Y,188,R,2,S,1,C,3,Y,24,S,1,Y,1,X,1,R,1,K,2,C,2,"L1:[sp=Y,91] K=13,X=1,Y=188,R=2,S=1,C=3 || L2:[sp=Y,24] S=1,Y=1,X=1,R=1,K=2,C=2",-inf,-inf,0,Y|Y,1
X,91,C,3,K,15,S,1,R,2,X,1,Y,51,Y,12,S,1,Y,1,K,7,R,1,X,1,C,1,"L1:[sp=X,91] C=3,K=15,S=1,R=2,X=1,Y=51 || L2:[sp=Y,12] S=1,Y=1,K=7,R=1,X=1,C=1",-582145.0,-163323000.0,1,X|Y,1
Y,91,C,3,X,1,S,1,R,2,K,20,Y,188,X,24,S,1,X,1,K,7,R,1,Y,1,C,2,"L1:[sp=Y,91] C=3,X=1,S=1,R=2,K=20,Y=188 || L2:[sp=X,24] S=1,X=1,K=7,R=1,Y=1,C=2",-inf,-inf,0,Y|X,1
X,91,R,2,K,15,S,1,C,3,X,1,Y,188,Y,12,S,1,Y,1,K,7,R,1,X,1,C,1,"L1:[sp=X,91] R=2,K=15,S=1,C=3,X=1,Y=188 || L2:[sp=Y,12] S=1,Y=1,K=7,R=1,X=1,C=1",-501649.0,-163324000.0,1,X|Y,1
Y,91,K,25,X,1,Y,37,R,2,S,1,C,3,Y,24,S,1,Y,1,X,1,R,1,K,1,C,1,"L1:[sp=Y,91] K=25,X=1,Y=37,R=2,S=1,C=3 || L2:[sp=Y,24] S=1,Y=1,X=1,R=1,K=1,C=1",-778177.0,-163323000.0,1,Y|Y,1
Y,91,S,1,X,1,Y,37,R,2,K,25,C,3,Y,24,S,1,C,1,X,1,R,1,K,1,Y,1,"L1:[sp=Y,91] S=1,X=1,Y=37,R=2,K=25,C=3 || L2:[sp=Y,24] S=1,C=1,X=1,R=1,K=1,Y=1",-778177.0,-163323000.0,1,Y|Y,1
X,91,C,3,K,17,S,1,R,2,X,1,Y,188,Y,12,S,1,Y,1,K,7,R,1,X,1,C,1,"L1:[sp=X,91] C=3,K=17,S=1,R=2,X=1,Y=188 || L2:[sp=Y,12] S=1,Y=1,K=7,R=1,X=1,C=1",-inf,-inf,0,X|Y,1
Y,91,K,25,X,1,Y,79,R,2,S,1,C,3,Y,24,S,1,R,1,C,1,Y,1,K,1,X,1,"L1:[sp=Y,91] K=25,X=1,Y=79,R=2,S=1,C=3 || L2:[sp=Y,24] S=1,R=1,C=1,Y=1,K=1,X=1",-inf,-inf,0,Y|Y,1
X,91,R,2,X,1,S,1,C,3,K,15,Y,37,Y,12,S,1,Y,1,R,1,K,7,X,1,C,1,"L1:[sp=X,91] R=2,X=1,S=1,C=3,K=15,Y=37 || L2:[sp=Y,12] S=1,Y=1,R=1,K=7,X=1,C=1",-662161.0,-163323000.0,1,X|Y,1
Y,91,K,11,R,2,Y,37,S,1,X,1,C,3,Y,24,S,1,C,2,X,1,R,1,K,6,Y,1,"L1:[sp=Y,91] K=11,R=2,Y=37,S=1,X=1,C=3 || L2:[sp=Y,24] S=1,C=2,X=1,R=1,K=6,Y=1",-806401.0,-163323000.0,1,Y|Y,1
Y,91,S,1,C,3,Y,37,R,2,K,22,X,1,Y,24,S,1,C,1,X,1,R,1,K,1,Y,1,"L1:[sp=Y,91] S=1,C=3,Y=37,R=2,K=22,X=1 || L2:[sp=Y,24] S=1,C=1,X=1,R=1,K=1,Y=1",-778177.0,-163323000.0,1,Y|Y,1
Y,91,R,2,X,1,Y,37,K,25,S,1,C,1,Y,24,S,1,R,1,C,1,Y,1,K,1,X,1,"L1:[sp=Y,91] R=2,X=1,Y=37,K=25,S=1,C=1 || L2:[sp=Y,24] S=1,R=1,C=1,Y=1,K=1,X=1",-786241.0,-163323000.0,1,Y|Y,1
X,91,C,3,K,15,S,1,R,3,X,1,Y,51,Y,12,S,1,Y,1,K,7,R,1,X,1,C,1,"L1:[sp=X,91] C=3,K=15,S=1,R=3,X=1,Y=51 || L2:[sp=Y,12] S=1,Y=1,K=7,R=1,X=1,C=1",-inf,-inf,0,X|Y,1
X,91,C,3,K,15,S,1,R,2,X,1,Y,188,Y,12,S,1,Y,1,K,3,R,1,X,1,C,3,"L1:[sp=X,91] C=3,K=15,S=1,R=2,X=1,Y=188 || L2:[sp=Y,12] S=1,Y=1,K=3,R=1,X=1,C=3",-542689.0,-163324000.0,1,X|Y,1
X,91,R,2,K,15,S,1,C,3,X,1,Y,188,Y,12,S,1,Y,1,K,7,R,1,X,1,C,1,"L1:[sp=X,91] R=2,K=15,S=1,C=3,X=1,Y=188 || L2:[sp=Y,12] S=1,Y=1,K=7,R=1,X=1,C=1",-501649.0,-163324000.0,1,X|Y,1
X,91,C,3,K,15,S,1,R,2,X,1,Y,188,X,1,S,1,Y,1,K,7,R,1,X,1,C,1,"L1:[sp=X,91] C=3,K=15,S=1,R=2,X=1,Y=188 || L2:[sp=X,1] S=1,Y=1,K=7,R=1,X=1,C=1",-inf,-inf,0,X|X,1
Y,91,X,1,S,1,Y,37,R,2,C,3,K,20,Y,24,S,1,C,3,X,1,R,1,K,3,Y,1,"L1:[sp=Y,91] X=1,S=1,Y=37,R=2,C=3,K=20 || L2:[sp=Y,24] S=1,C=3,X=1,R=1,K=3,Y=1",-791617.0,-163323000.0,1,Y|Y,1
X,91,C,3,K,15,S,1,R,2,X,1,Y,51,Y,12,S,1,Y,1,K,7,R,1,X,1,C,2,"L1:[sp=X,91] C=3,K=15,S=1,R=2,X=1,Y=51 || L2:[sp=Y,12] S=1,Y=1,K=7,R=1,X=1,C=2",-582145.0,-163323000.0,1,X|Y,1
Y,91,K,25,X,1,Y,37,R,2,S,1,C,3,Y,24,S,1,R,1,C,1,Y,1,K,1,X,1,"L1:[sp=Y,91] K=25,X=1,Y=37,R=2,S=1,C=3 || L2:[sp=Y,24] S=1,R=1,C=1,Y=1,K=1,X=1",-inf,-inf,0,Y|Y,1
Y,91,S,1,X,1,Y,37,R,2,K,25,C,3,Y,24,S,1,C,1,X,1,R,1,K,1,Y,1,"L1:[sp=Y,91] S=1,X=1,Y=37,R=2,K=25,C=3 || L2:[sp=Y,24] S=1,C=1,X=1,R=1,K=1,Y=1",-778177.0,-163323000.0,1,Y|Y,1
C,91,X,1,S,1,Y,37,R,2,K,25,C,3,Y,24,S,1,C,2,X,1,R,1,K,6,Y,1,"L1:[sp=C,91] X=1,S=1,Y=37,R=2,K=25,C=3 || L2:[sp=Y,24] S=1,C=2,X=1,R=1,K=6,Y=1",-4981537.0,-163323000.0,1,C|Y,1
Y,91,K,25,X,201,Y,37,R,2,S,1,C,3,Y,24,S,1,R,1,C,1,Y,1,K,1,X,1,"L1:[sp=Y,91] K=25,X=201,Y=37,R=2,S=1,C=3 || L2:[sp=Y,24] S=1,R=1,C=1,Y=1,K=1,X=1",-inf,-inf,0,Y|Y,1
X,91,C,3,K,14,S,1,R,2,X,1,Y,188,Y,12,S,1,Y,1,K,7,R,1,X,1,C,1,"L1:[sp=X,91] C=3,K=14,S=1,R=2,X=1,Y=188 || L2:[sp=Y,12] S=1,Y=1,K=7,R=1,X=1,C=1",-inf,-inf,0,X|Y,1
Y,91,X,1,S,1,Y,37,R,2,K,61,C,3,Y,24,S,1,C,2,X,1,R,2,K,6,Y,1,"L1:[sp=Y,91] X=1,S=1,Y=37,R=2,K=61,C=3 || L2:[sp=Y,24] S=1,C=2,X=1,R=2,K=6,Y=1",-1002625.0,-163323000.0,1,Y|Y,1
Y,91,C,3,K,15,S,1,R,2,X,1,Y,51,X,12,S,1,Y,1,K,7,R,1,X,1,C,1,"L1:[sp=Y,91] C=3,K=15,S=1,R=2,X=1,Y=51 || L2:[sp=X,12] S=1,Y=1,K=7,R=1,X=1,C=1",-19190977.0,-163323000.0,1,Y|X,1
X,91,R,2,K,4,X,1,C,3,S,1,Y,79,Y,12,S,1,Y,1,R,1,K,4,X,1,C,1,"L1:[sp=X,91] R=2,K=4,X=1,C=3,S=1,Y=79 || L2:[sp=Y,12] S=1,Y=1,R=1,K=4,X=1,C=1",-inf,-inf,0,X|Y,1
X,91,R,2,K,15,S,1,C,3,X,1,Y,188,Y,12,S,1,Y,1,K,7,R,1,X,1,C,1,"L1:[sp=X,91] R=2,K=15,S=1,C=3,X=1,Y=188 || L2:[sp=Y,12] S=1,Y=1,K=7,R=1,X=1,C=1",-501649.0,-163324000.0,1,X|Y,1
X,91,C,3,K,15,S,1,R,2,X,1,Y,188,Y,12,S,1,Y,1,K,3,R,1,X,1,C,3,"L1:[sp=X,91] C=3,K=15,S=1,R=2,X=1,Y=188 || L2:[sp=Y,12] S=1,Y=1,K=3,R=1,X=1,C=3",-inf,-inf,0,X|Y,1
Y,91,R,2,K,15,S,1,C,3,X,1,Y,188,X,12,S,1,Y,1,K,4,R,1,X,1,C,1,"L1:[sp=Y,91] R=2,K=15,S=1,C=3,X=1,Y=188 || L2:[sp=X,12] S=1,Y=1,K=4,R=1,X=1,C=1",-73163329.0,-163323000.0,1,Y|X,1
K,91,R,2,X,1,S,1,C,3,K,15,Y,37,Y,12,S,1,Y,1,R,1,K,5,X,1,C,1,"L1:[sp=K,91] R=2,X=1,S=1,C=3,K=15,Y=37 || L2:[sp=Y,12] S=1,Y=1,R=1,K=5,X=1,C=1",-2277409.0,-163323000.0,1,K|Y,1
X,91,C,3,K,15,S,1,R,3,X,1,Y,51,Y,12,S,1,Y,1,K,7,X,1,R,1,C,2,"L1:[sp=X,91] C=3,K=15,S=1,R=3,X=1,Y=51 || L2:[sp=Y,12] S=1,Y=1,K=7,X=1,R=1,C=2",-580945.0,-163323000.0,1,X|Y,1
X,91,C,3,K,46,S,1,R,2,X,1,Y,52,Y,12,S,1,Y,1,K,3,R,1,X,1,C,3,"L1:[sp=X,91] C=3,K=46,S=1,R=2,X=1,Y=52 || L2:[sp=Y,12] S=1,Y=1,K=3,R=1,X=1,C=3",-inf,-inf,0,X|Y,1
Y,91,X,1,S,1,Y,37,R,3,C,3,K,20,Y,24,S,1,C,3,X,1,R,1,K,3,Y,1,"L1:[sp=Y,91] X=1,S=1,Y=37,R=3,C=3,K=20 || L2:[sp=Y,24] S=1,C=3,X=1,R=1,K=3,Y=1",-788929.0,-163323000.0,1,Y|Y,1
X,91,C,3,K,15,S,1,R,2,X,1,Y,188,Y,12,S,1,Y,1,K,3,R,1,X,1,C,3,"L1:[sp=X,91] C=3,K=15,S=1,R=2,X=1,Y=188 || L2:[sp=Y,12] S=1,Y=1,K=3,R=1,X=1,C=3",-inf,-inf,0,X|Y,1
Y,91,X,1,S,1,Y,37,R,2,C,3,K,20,Y,1,Y,1,C,3,X,1,R,1,K,3,S,1,"L1:[sp=Y,91] X=1,S=1,Y=37,R=2,C=3,K=20 || L2:[sp=Y,1] Y=1,C=3,X=1,R=1,K=3,S=1",-14943937.0,-163323000.0,1,Y|Y,1
X,91,C,3,K,15,S,1,R,2,X,214,Y,188,Y,12,S,1,Y,1,K,7,R,1,X,1,C,2,"L1:[sp=X,91] C=3,K=15,S=1,R=2,X=214,Y=188 || L2:[sp=Y,12] S=1,Y=1,K=7,R=1,X=1,C=2",-inf,-inf,0,X|Y,1
X,91,C,3,K,15,S,1,R,2,X,1,Y,51,X,1,S,1,Y,1,K,3,R,1,X,1,C,3,"L1:[sp=X,91] C=3,K=15,S=1,R=2,X=1,Y=51 || L2:[sp=X,1] S=1,Y=1,K=3,R=1,X=1,C=3",-inf,-inf,0,X|X,1
Y,91,R,2,X,1,Y,37,K,25,S,1,C,1,Y,24,S,1,R,2,C,1,Y,1,K,1,X,1,"L1:[sp=Y,91] R=2,X=1,Y=37,K=25,S=1,C=1 || L2:[sp=Y,24] S=1,R=2,C=1,Y=1,K=1,X=1",-1044289.0,-163323000.0,1,Y|Y,1
Y,91,S,1,X,1,Y,37,R,2,K,25,C,3,Y,24,S,1,C,2,X,1,R,1,K,1,Y,1,"L1:[sp=Y,91] S=1,X=1,Y=37,R=2,K=25,C=3 || L2:[sp=Y,24] S=1,C=2,X=1,R=1,K=1,Y=1",-778177.0,-163323000.0,1,Y|Y,1
Y,91,S,1,X,1,Y,37,R,2,K,25,C,3,K,1,S,1,C,1,X,1,R,1,K,1,Y,1,"L1:[sp=Y,91] S=1,X=1,Y=37,R=2,K=25,C=3 || L2:[sp=K,1] S=1,C=1,X=1,R=1,K=1,Y=1",-inf,-inf,0,Y|K,1
X,91,R,2,X,1,S,1,C,3,K,15,Y,37,Y,12,S,1,Y,1,R,1,K,7,X,1,C,2,"L1:[sp=X,91] R=2,X=1,S=1,C=3,K=15,Y=37 || L2:[sp=Y,12] S=1,Y=1,R=1,K=7,X=1,C=2",-662161.0,-163323000.0,1,X|Y,1
Y,91,X,1,S,1,C,3,R,2,Y,37,K,20,Y,24,S,1,C,3,X,1,R,1,K,8,Y,1,"L1:[sp=Y,91] X=1,S=1,C=3,R=2,Y=37,K=20 || L2:[sp=Y,24] S=1,C=3,X=1,R=1,K=8,Y=1",-779521.0,-163323000.0,1,Y|Y,1
X,91,C,2,S,1,K,15,R,2,X,63,Y,51,Y,12,S,1,Y,1,K,7,R,1,X,1,C,2,"L1:[sp=X,91] C=2,S=1,K=15,R=2,X=63,Y=51 || L2:[sp=Y,12] S=1,Y=1,K=7,R=1,X=1,C=2",-inf,-inf,0,X|Y,1
X,91,R,2,K,15,S,1,C,3,X,1,Y,84,Y,12,S,1,Y,1,K,7,R,1,X,1,C,1,"L1:[sp=X,91] R=2,K=15,S=1,C=3,X=1,Y=84 || L2:[sp=Y,12] S=1,Y=1,K=7,R=1,X=1,C=1",-554833.0,-163323000.0,1,X|Y,1
Y,91,S,1,C,3,Y,37,R,2,K,22,X,1,Y,24,S,1,C,2,X,1,R,1,K,1,Y,1,"L1:[sp=Y,91] S=1,C=3,Y=37,R=2,K=22,X=1 || L2:[sp=Y,24] S=1,C=2,X=1,R=1,K=1,Y=1",-inf,-inf,0,Y|Y,1
Y,91,S,1,X,1,Y,37,R,2,K,25,C,3,C,1,S,1,Y,1,X,1,R,1,K,1,C,1,"L1:[sp=Y,91] S=1,X=1,Y=37,R=2,K=25,C=3 || L2:[sp=C,1] S=1,Y=1,X=1,R=1,K=1,C=1",-inf,-inf,0,Y|C,1
Y,91,S,1,C,3,Y,37,R,2,K,22,X,1,Y,24,S,1,C,1,X,1,R,1,K,1,Y,1,"L1:[sp=Y,91] S=1,C=3,Y=37,R=2,K=22,X=1 || L2:[sp=Y,24] S=1,C=1,X=1,R=1,K=1,Y=1",-inf,-inf,0,Y|Y,1
X,91,R,2,K,15,S,1,C,3,X,1,Y,188,Y,12,S,1,Y,1,K,7,R,1,X,1,C,1,"L1:[sp=X,91] R=2,K=15,S=1,C=3,X=1,Y=188 || L2:[sp=Y,12] S=1,Y=1,K=7,R=1,X=1,C=1",-501649.0,-163324000.0,1,X|Y,1
X,91,R,2,X,10,Y,37,C,3,K,15,S,1,Y,12,S,1,Y,1,K,7,R,1,X,1,C,2,"L1:[sp=X,91] R=2,X=10,Y=37,C=3,K=15,S=1 || L2:[sp=Y,12] S=1,Y=1,K=7,R=1,X=1,C=2",-inf,-inf,0,X|Y,1
X,91,R,2,K,15,S,1,C,3,X,1,Y,188,Y,12,S,1,Y,29,K,7,R,1,X,1,C,1,"L1:[sp=X,91] R=2,K=15,S=1,C=3,X=1,Y=188 || L2:[sp=Y,12] S=1,Y=29,K=7,R=1,X=1,C=1",-inf,-inf,0,X|Y,1
Y,91,X,1,S,1,C,3,R,2,Y,37,K,20,Y,24,S,1,C,3,X,1,R,1,K,8,Y,1,"L1:[sp=Y,91] X=1,S=1,C=3,R=2,Y=37,K=20 || L2:[sp=Y,24] S=1,C=3,X=1,R=1,K=8,Y=1",-779521.0,-163323000.0,1,Y|Y,1
Y,91,R,2,X,177,Y,37,S,1,K,24,C,1,Y,24,C,1,R,2,S,1,Y,1,K,1,X,1,"L1:[sp=Y,91] R=2,X=177,Y=37,S=1,K=24,C=1 || L2:[sp=Y,24] C=1,R=2,S=1,Y=1,K=1,X=1",-inf,-inf,0,Y|Y,1
Y,91,S,1,X,1,Y,218,R,2,K,36,C,3,Y,24,S,1,C,2,X,1,R,1,K,1,Y,1,"L1:[sp=Y,91] S=1,X=1,Y=218,R=2,K=36,C=3 || L2:[sp=Y,24] S=1,C=2,X=1,R=1,K=1,Y=1",-inf,-inf,0,Y|Y,1
Y,91,X,1,S,1,Y,37,R,3,C,3,K,20,Y,24,S,1,C,1,X,1,R,1,K,3,Y,1,"L1:[sp=Y,91] X=1,S=1,Y=37,R=3,C=3,K=20 || L2:[sp=Y,24] S=1,C=1,X=1,R=1,K=3,Y=1",-inf,-inf,0,Y|Y,1
Y,91,R,3,X,1,Y,37,K,25,S,1,C,1,Y,24,S,1,R,1,C,1,Y,1,K,1,X,1,"L1:[sp=Y,91] R=3,X=1,Y=37,K=25,S=1,C=1 || L2:[sp=Y,24] S=1,R=1,C=1,Y=1,K=1,X=1",-780193.0,-163323000.0,1,Y|Y,1
Y,91,X,1,S,1,Y,128,R,2,C,3,K,20,Y,24,S,1,C,3,X,1,R,2,K,13,Y,1,"L1:[sp=Y,91] X=1,S=1,Y=128,R=2,C=3,K=20 || L2:[sp=Y,24] S=1,C=3,X=1,R=2,K=13,Y=1",-inf,-inf,0,Y|Y,1
X,91,R,2,K,15,S,1,C,3,X,1,Y,188,Y,12,S,1,Y,1,K,7,R,1,X,1,C,1,"L1:[sp=X,91] R=2,K=15,S=1,C=3,X=1,Y=188 || L2:[sp=Y,12] S=1,Y=1,K=7,R=1,X=1,C=1",-inf,-inf,0,X|Y,1
Y,91,R,2,K,15,S,1,C,2,X,1,Y,23,X,12,S,1,Y,1,K,7,R,1,X,1,C,1,"L1:[sp=Y,91] R=2,K=15,S=1,C=2,X=1,Y=23 || L2:[sp=X,12] S=1,Y=1,K=7,R=1,X=1,C=1",-inf,-inf,0,Y|X,1
Y,91,X,1,S,1,Y,37,R,3,C,3,K,20,Y,24,S,1,C,2,X,1,R,1,K,3,Y,1,"L1:[sp=Y,91] X=1,S=1,Y=37,R=3,C=3,K=20 || L2:[sp=Y,24] S=1,C=2,X=1,R=1,K=3,Y=1",-inf,-inf,0,Y|Y,1
Y,91,R,2,X,1,Y,37,K,25,S,1,C,1,Y,24,S,1,R,2,C,1,Y,1,K,1,X,1,"L1:[sp=Y,91] R=2,X=1,Y=37,K=25,S=1,C=1 || L2:[sp=Y,24] S=1,R=2,C=1,Y=1,K=1,X=1",-1044289.0,-163323000.0,1,Y|Y,1
Y,91,X,1,S,1,R,2,C,3,Y,37,K,20,Y,24,S,1,C,3,X,1,R,1,K,8,Y,1,"L1:[sp=Y,91] X=1,S=1,R=2,C=3,Y=37,K=20 || L2:[sp=Y,24] S=1,C=3,X=1,R=1,K=8,Y=1",-779521.0,-163323000.0,1,Y|Y,1
Y,91,C,3,R,3,Y,51,K,15,X,54,S,1,X,12,S,1,Y,1,K,7,X,1,R,1,C,2,"L1:[sp=Y,91] C=3,R=3,Y=51,K=15,X=54,S=1 || L2:[sp=X,12] S=1,Y=1,K=7,X=1,R=1,C=2",-inf,-inf,0,Y|X,1
X,91,R,2,K,15,S,1,C,3,X,1,Y,84,Y,6,S,1,Y,1,K,7,R,1,X,1,C,1,"L1:[sp=X,91] R=2,K=15,S=1,C=3,X=1,Y=84 || L2:[sp=Y,6] S=1,Y=1,K=7,R=1,X=1,C=1",-inf,-inf,0,X|Y,1
X,91,C,3,K,15,S,1,R,2,X,1,Y,51,X,1,S,1,Y,1,K,7,X,1,R,1,C,2,"L1:[sp=X,91] C=3,K=15,S=1,R=2,X=1,Y=51 || L2:[sp=X,1] S=1,Y=1,K=7,X=1,R=1,C=2",-inf,-inf,0,X|X,1
C,91,R,2,K,15,S,2,C,3,X,1,Y,203,X,1,S,1,Y,1,K,7,R,1,X,1,C,1,"L1:[sp=C,91] R=2,K=15,S=2,C=3,X=1,Y=203 || L2:[sp=X,1] S=1,Y=1,K=7,R=1,X=1,C=1",-165285371.0,-163323000.0,1,C|X,1
Y,91,X,1,S,1,Y,37,R,3,C,3,K,20,Y,24,S,1,C,2,X,1,R,1,K,3,Y,1,"L1:[sp=Y,91] X=1,S=1,Y=37,R=3,C=3,K=20 || L2:[sp=Y,24] S=1,C=2,X=1,R=1,K=3,Y=1",-inf,-inf,0,Y|Y,1
Y,91,X,74,S,1,C,3,R,2,Y,37,K,20,Y,24,S,1,C,3,X,1,R,1,K,8,Y,1,"L1:[sp=Y,91] X=74,S=1,C=3,R=2,Y=37,K=20 || L2:[sp=Y,24] S=1,C=3,X=1,R=1,K=8,Y=1",-inf,-inf,0,Y|Y,1
Y,91,S,1,X,1,Y,37,R,2,K,25,C,3,Y,24,S,1,C,2,X,1,R,1,K,1,Y,5,"L1:[sp=Y,91] S=1,X=1,Y=37,R=2,K=25,C=3 || L2:[sp=Y,24] S=1,C=2,X=1,R=1,K=1,Y=5",-inf,-inf,0,Y|Y,1
X,91,R,2,K,15,S,1,C,3,X,1,Y,188,Y,12,S,1,Y,1,K,7,R,1,X,1,C,1,"L1:[sp=X,91] R=2,K=15,S=1,C=3,X=1,Y=188 || L2:[sp=Y,12] S=1,Y=1,K=7,R=1,X=1,C=1",-inf,-inf,0,X|Y,1
Y,91,X,1,S,1,C,3,R,2,Y,37,K,20,Y,24,S,1,C,3,X,1,R,1,K,8,Y,1,"L1:[sp=Y,91] X=1,S=1,C=3,R=2,Y=37,K=20 || L2:[sp=Y,24] S=1,C=3,X=1,R=1,K=8,Y=1",-inf,-inf,0,Y|Y,1
C,91,R,2,K,15,S,2,C,3,X,1,Y,203,X,1,S,1,Y,1,K,7,R,1,X,1,C,1,"L1:[sp=C,91] R=2,K=15,S=2,C=3,X=1,Y=203 || L2:[sp=X,1] S=1,Y=1,K=7,R=1,X=1,C=1",-165285371.0,-163323000.0,1,C|X,1
Y,91,X,176,S,1,R,2,C,3,Y,37,K,20,Y,24,S,1,C,3,X,1,R,1,K,8,Y,14,"L1:[sp=Y,91] X=176,S=1,R=2,C=3,Y=37,K=20 || L2:[sp=Y,24] S=1,C=3,X=1,R=1,K=8,Y=14",-inf,-inf,0,Y|Y,1
X,91,R,2,K,15,S,1,C,3,X,1,Y,188,Y,12,S,1,R,1,K,7,Y,1,X,1,C,1,"L1:[sp=X,91] R=2,K=15,S=1,C=3,X=1,Y=188 || L2:[sp=Y,12] S=1,R=1,K=7,Y=1,X=1,C=1",-501649.0,-163324000.0,1,X|Y,1
X,91,R,2,K,15,S,1,C,3,X,1,Y,188,Y,12,S,1,Y,1,K,7,R,1,X,1,C,1,"L1:[sp=X,91] R=2,K=15,S=1,C=3,X=1,Y=188 || L2:[sp=Y,12] S=1,Y=1,K=7,R=1,X=1,C=1",-501649.0,-163324000.0,1,X|Y,1
Y,91,X,1,S,1,R,2,C,3,Y,37,K,20,Y,24,S,1,C,3,X,1,R,1,K,8,Y,1,"L1:[sp=Y,91] X=1,S=1,R=2,C=3,Y=37,K=20 || L2:[sp=Y,24] S=1,C=3,X=1,R=1,K=8,Y=1",-779521.0,-163323000.0,1,Y|Y,1
Y,91,X,1,S,1,R,3,C,3,Y,37,K,20,Y,24,S,1,C,3,X,1,R,1,K,8,Y,1,"L1:[sp=Y,91] X=1,S=1,R=3,C=3,Y=37,K=20 || L2:[sp=Y,24] S=1,C=3,X=1,R=1,K=8,Y=1",-776833.0,-163323000.0,1,Y|Y,1
C,91,R,2,S,2,Y,203,C,3,X,1,K,15,C,1,S,1,Y,1,K,7,R,1,X,1,C,1,"L1:[sp=C,91] R=2,S=2,Y=203,C=3,X=1,K=15 || L2:[sp=C,1] S=1,Y=1,K=7,R=1,X=1,C=1",-165285371.0,-163323000.0,1,C|C,1
Y,91,R,2,X,1,Y,188,K,25,S,1,C,3,Y,24,S,1,R,1,C,1,Y,1,K,1,X,1,"L1:[sp=Y,91] R=2,X=1,Y=188,K=25,S=1,C=3 || L2:[sp=Y,24] S=1,R=1,C=1,Y=1,K=1,X=1",-inf,-inf,0,Y|Y,1
X,91,R,2,K,15,Y,37,C,1,X,1,S,1,Y,37,S,1,Y,1,K,7,R,2,X,1,C,1,"L1:[sp=X,91] R=2,K=15,Y=37,C=1,X=1,S=1 || L2:[sp=Y,37] S=1,Y=1,K=7,R=2,X=1,C=1",-inf,-inf,0,X|Y,1
Y,91,X,1,S,1,R,2,C,3,Y,37,K,20,Y,24,S,1,Y,1,X,1,R,2,K,8,C,3,"L1:[sp=Y,91] X=1,S=1,R=2,C=3,Y=37,K=20 || L2:[sp=Y,24] S=1,Y=1,X=1,R=2,K=8,C=3",-1037569.0,-163323000.0,1,Y|Y,1
Y,91,R,2,X,1,Y,37,S,1,K,62,C,1,C,1,S,1,R,1,C,1,Y,1,K,1,X,1,"L1:[sp=Y,91] R=2,X=1,Y=37,S=1,K=62,C=1 || L2:[sp=C,1] S=1,R=1,C=1,Y=1,K=1,X=1",-inf,-inf,0,Y|C,1
Y,91,R,3,X,1,Y,37,K,25,S,1,C,1,Y,24,S,1,R,2,C,1,Y,1,K,1,X,1,"L1:[sp=Y,91] R=3,X=1,Y=37,K=25,S=1,C=1 || L2:[sp=Y,24] S=1,R=2,C=1,Y=1,K=1,X=1",-780193.0,-163323000.0,1,Y|Y,1
Y,91,X,1,S,1,R,2,C,3,Y,37,K,20,Y,24,S,1,C,1,X,1,R,1,K,8,Y,18,"L1:[sp=Y,91] X=1,S=1,R=2,C=3,Y=37,K=20 || L2:[sp=Y,24] S=1,C=1,X=1,R=1,K=8,Y=18",-6972673.0,-163323000.0,1,Y|Y,1
Y,91,X,1,S,1,C,3,R,2,Y,37,K,57,Y,24,S,1,C,3,X,1,R,1,K,8,Y,1,"L1:[sp=Y,91] X=1,S=1,C=3,R=2,Y=37,K=57 || L2:[sp=Y,24] S=1,C=3,X=1,R=1,K=8,Y=1",-inf,-inf,0,Y|Y,1
X,91,R,2,K,15,S,1,C,3,X,1,Y,188,Y,12,S,1,Y,1,K,7,R,1,X,1,C,1,"L1:[sp=X,91] R=2,K=15,S=1,C=3,X=1,Y=188 || L2:[sp=Y,12] S=1,Y=1,K=7,R=1,X=1,C=1",-501649.0,-163324000.0,1,X|Y,1
Y,91,X,197,S,1,C,3,R,2,Y,37,K,20,Y,24,S,1,C,3,X,1,R,1,K,8,Y,1,"L1:[sp=Y,91] X=197,S=1,C=3,R=2,Y=37,K=20 || L2:[sp=Y,24] S=1,C=3,X=1,R=1,K=8,Y=1",-inf,-inf,0,Y|Y,1
Y,91,R,3,X,1,Y,37,K,25,S,1,C,1,Y,24,S,1,R,1,C,1,Y,10,K,1,X,1,"L1:[sp=Y,91] R=3,X=1,Y=37,K=25,S=1,C=1 || L2:[sp=Y,24] S=1,R=1,C=1,Y=10,K=1,X=1",-inf,-inf,0,Y|Y,1
Y,91,X,1,S,1,R,3,C,3,Y,37,K,20,Y,24,R,1,C,3,X,1,S,1,K,10,Y,1,"L1:[sp=Y,91] X=1,S=1,R=3,C=3,Y=37,K=20 || L2:[sp=Y,24] R=1,C=3,X=1,S=1,K=10,Y=1",-849409.0,-163323000.0,1,Y|Y,1
X,91,R,2,K,15,S,1,C,3,X,1,Y,188,Y,12,S,1,R,1,K,7,Y,1,X,1,C,1,"L1:[sp=X,91] R=2,K=15,S=1,C=3,X=1,Y=188 || L2:[sp=Y,12] S=1,R=1,K=7,Y=1,X=1,C=1",-inf,-inf,0,X|Y,1
Y,91,X,1,S,2,R,2,C,3,Y,37,K,20,Y,24,S,1,Y,1,X,1,R,2,K,8,C,3,"L1:[sp=Y,91] X=1,S=2,R=2,C=3,Y=37,K=20 || L2:[sp=Y,24] S=1,Y=1,X=1,R=2,K=8,C=3",-inf,-inf,0,Y|Y,1
Y,91,X,60,S,1,R,3,C,3,Y,37,K,20,Y,24,S,1,C,3,X,1,R,1,K,8,Y,1,"L1:[sp=Y,91] X=60,S=1,R=3,C=3,Y=37,K=20 || L2:[sp=Y,24] S=1,C=3,X=1,R=1,K=8,Y=1",-inf,-inf,0,Y|Y,1
Y,91,X,1,S,3,K,2,C,3,Y,37,R,3,Y,24,S,1,C,3,X,1,R,1,K,2,Y,1,"L1:[sp=Y,91] X=1,S=3,K=2,C=3,Y=37,R=3 || L2:[sp=Y,24] S=1,C=3,X=1,R=1,K=2,Y=1",-2308801.0,-163323000.0,1,Y|Y,1
X,91,R,2,K,15,S,1,X,1,C,3,Y,188,X,1,S,1,R,1,K,7,Y,1,X,1,C,1,"L1:[sp=X,91] R=2,K=15,S=1,X=1,C=3,Y=188 || L2:[sp=X,1] S=1,R=1,K=7,Y=1,X=1,C=1",-inf,-inf,0,X|X,1
Y,91,X,1,S,2,R,2,C,3,Y,37,K,20,Y,24,S,1,C,3,X,1,R,1,K,8,Y,1,"L1:[sp=Y,91] X=1,S=2,R=2,C=3,Y=37,K=20 || L2:[sp=Y,24] S=1,C=3,X=1,R=1,K=8,Y=1",-1544945.0,-163323000.0,1,Y|Y,1
Y,91,X,1,S,1,R,2,C,3,Y,37,K,20,Y,37,S,1,C,1,X,1,R,1,K,8,Y,18,"L1:[sp=Y,91] X=1,S=1,R=2,C=3,Y=37,K=20 || L2:[sp=Y,37] S=1,C=1,X=1,R=1,K=8,Y=18",-13945345.0,-163323000.0,1,Y|Y,1
Y,91,R,1,X,1,Y,37,K,3,S,1,C,1,Y,24,S,1,R,1,C,1,Y,1,K,1,X,1,"L1:[sp=Y,91] R=1,X=1,Y=37,K=3,S=1,C=1 || L2:[sp=Y,24] S=1,R=1,C=1,Y=1,K=1,X=1",-inf,-inf,0,Y|Y,1
Y,91,X,1,S,1,R,3,C,3,Y,37,K,4,K,1,C,3,R,2,X,1,S,1,K,4,Y,1,"L1:[sp=Y,91] X=1,S=1,R=3,C=3,Y=37,K=4 || L2:[sp=K,1] C=3,R=2,X=1,S=1,K=4,Y=1",-inf,-inf,0,Y|K,1
Y,91,X,1,S,1,R,2,K,20,Y,37,C,3,Y,24,S,1,C,3,X,1,R,1,K,19,Y,1,"L1:[sp=Y,91] X=1,S=1,R=2,K=20,Y=37,C=3 || L2:[sp=Y,24] S=1,C=3,X=1,R=1,K=19,Y=1",-743233.0,-163323000.0,1,Y|Y,1
Y,91,R,3,X,1,Y,37,K,25,S,1,C,1,Y,24,S,1,R,2,C,1,Y,1,K,1,X,1,"L1:[sp=Y,91] R=3,X=1,Y=37,K=25,S=1,C=1 || L2:[sp=Y,24] S=1,R=2,C=1,Y=1,K=1,X=1",-inf,-inf,0,Y|Y,1
Y,91,X,1,S,1,R,3,C,3,Y,37,K,20,Y,24,R,1,C,3,X,1,S,1,K,10,Y,1,"L1:[sp=Y,91] X=1,S=1,R=3,C=3,Y=37,K=20 || L2:[sp=Y,24] R=1,C=3,X=1,S=1,K=10,Y=1",-inf,-inf,0,Y|Y,1
Y,91,X,1,S,1,R,2,Y,37,C,3,K,20,Y,24,S,1,Y,4,X,1,R,2,K,8,C,3,"L1:[sp=Y,91] X=1,S=1,R=2,Y=37,C=3,K=20 || L2:[sp=Y,24] S=1,Y=4,X=1,R=2,K=8,C=3",-2069761.0,-163323000.0,1,Y|Y,1
Y,91,X,1,S,1,R,2,C,3,Y,37,K,20,K,20,S,1,K,8,X,1,R,1,C,3,Y,1,"L1:[sp=Y,91] X=1,S=1,R=2,C=3,Y=37,K=20 || L2:[sp=K,20] S=1,K=8,X=1,R=1,C=3,Y=1",-inf,-inf,0,Y|K,1
X,91,R,3,K,15,S,1,C,3,X,1,Y,188,Y,12,S,1,R,1,K,2,Y,1,C,1,X,1,"L1:[sp=X,91] R=3,K=15,S=1,C=3,X=1,Y=188 || L2:[sp=Y,12] S=1,R=1,K=2,Y=1,C=1,X=1",-525793.0,-163324000.0,1,X|Y,1
C,91,R,3,K,15,S,1,C,3,X,1,Y,37,X,1,S,1,Y,1,K,7,R,2,X,1,C,1,"L1:[sp=C,91] R=3,K=15,S=1,C=3,X=1,Y=37 || L2:[sp=X,1] S=1,Y=1,K=7,R=2,X=1,C=1",-84135745.0,-163323000.0,1,C|X,1
Y,91,R,2,X,1,Y,100,K,25,S,2,C,1,Y,24,S,1,R,1,Y,1,C,1,K,1,X,1,"L1:[sp=Y,91] R=2,X=1,Y=100,K=25,S=2,C=1 || L2:[sp=Y,24] S=1,R=1,Y=1,C=1,K=1,X=1",-3861469.0,-163323000.0,1,Y|Y,1
Y,91,R,1,X,1,Y,37,K,2,S,1,C,1,Y,24,S,1,R,1,C,1,Y,1,K,1,X,1,"L1:[sp=Y,91] R=1,X=1,Y=37,K=2,S=1,C=1 || L2:[sp=Y,24] S=1,R=1,C=1,Y=1,K=1,X=1",-967681.0,-163323000.0,1,Y|Y,1
K,91,Y,37,S,1,X,1,C,3,R,3,K,20,Y,24,S,1,C,3,X,1,R,2,K,8,Y,1,"L1:[sp=K,91] Y=37,S=1,X=1,C=3,R=3,K=20 || L2:[sp=Y,24] S=1,C=3,X=1,R=2,K=8,Y=1",-1455553.0,-163323000.0,1,K|Y,1
X,91,R,3,K,15,S,1,C,3,X,1,Y,188,Y,12,S,1,R,1,K,2,Y,1,C,1,X,1,"L1:[sp=X,91] R=3,K=15,S=1,C=3,X=1,Y=188 || L2:[sp=Y,12] S=1,R=1,K=2,Y=1,C=1,X=1",-inf,-inf,0,X|Y,1
Y,91,R,1,X,1,Y,37,K,2,S,1,C,1,Y,24,S,1,R,1,C,1,Y,1,K,1,X,1,"L1:[sp=Y,91] R=1,X=1,Y=37,K=2,S=1,C=1 || L2:[sp=Y,24] S=1,R=1,C=1,Y=1,K=1,X=1",-inf,-inf,0,Y|Y,1
K,91,Y,37,S,1,X,1,C,3,R,3,K,20,Y,24,S,1,C,3,X,1,R,2,K,8,Y,1,"L1:[sp=K,91] Y=37,S=1,X=1,C=3,R=3,K=20 || L2:[sp=Y,24] S=1,C=3,X=1,R=2,K=8,Y=1",-inf,-inf,0,K|Y,1
Y,91,X,1,S,1,R,2,K,20,Y,37,C,3,Y,24,S,1,C,3,X,1,R,1,K,19,Y,1,"L1:[sp=Y,91] X=1,S=1,R=2,K=20,Y=37,C=3 || L2:[sp=Y,24] S=1,C=3,X=1,R=1,K=19,Y=1",-743233.0,-163323000.0,1,Y|Y,1
Y,91,X,1,S,1,R,2,Y,37,C,3,K,20,Y,24,S,1,Y,4,X,1,R,2,K,8,C,3,"L1:[sp=Y,91] X=1,S=1,R=2,Y=37,C=3,K=20 || L2:[sp=Y,24] S=1,Y=4,X=1,R=2,K=8,C=3",-inf,-inf,0,Y|Y,1
Y,91,X,1,S,1,R,2,K,20,Y,37,C,3,Y,24,S,1,C,3,X,1,Y,1,K,19,R,1,"L1:[sp=Y,91] X=1,S=1,R=2,K=20,Y=37,C=3 || L2:[sp=Y,24] S=1,C=3,X=1,Y=1,K=19,R=1",-743233.0,-163323000.0,1,Y|Y,1
Y,91,Y,37,X,1,R,1,K,2,S,1,C,1,Y,24,S,1,R,1,C,1,Y,1,K,2,X,1,"L1:[sp=Y,91] Y=37,X=1,R=1,K=2,S=1,C=1 || L2:[sp=Y,24] S=1,R=1,C=1,Y=1,K=2,X=1",-967681.0,-163323000.0,1,Y|Y,1
Y,91,R,2,S,2,Y,37,K,25,X,1,C,1,K,25,S,1,R,1,Y,4,C,1,K,1,X,1,"L1:[sp=Y,91] R=2,S=2,Y=37,K=25,X=1,C=1 || L2:[sp=K,25] S=1,R=1,Y=4,C=1,K=1,X=1",-1461097.0,-163323000.0,1,Y|K,1
Y,91,X,1,S,2,R,2,C,3,Y,100,K,20,Y,24,S,1,C,3,X,1,R,1,K,8,Y,1,"L1:[sp=Y,91] X=1,S=2,R=2,C=3,Y=100,K=20 || L2:[sp=Y,24] S=1,C=3,X=1,R=1,K=8,Y=1",-inf,-inf,0,Y|Y,1
C,91,R,3,X,1,Y,37,K,2,S,3,C,3,Y,24,S,1,R,1,C,3,Y,16,K,1,X,1,"L1:[sp=C,91] R=3,X=1,Y=37,K=2,S=3,C=3 || L2:[sp=Y,24] S=1,R=1,C=3,Y=16,K=1,X=1",-110524033.0,-163323000.0,1,C|Y,1
Y,91,X,1,S,1,K,2,C,1,Y,37,R,1,Y,24,S,1,C,1,X,1,R,1,K,2,Y,19,"L1:[sp=Y,91] X=1,S=1,K=2,C=1,Y=37,R=1 || L2:[sp=Y,24] S=1,C=1,X=1,R=1,K=2,Y=19",-7547905.0,-163323000.0,1,Y|Y,1
Y,91,X,1,S,3,K,2,C,3,Y,37,R,3,Y,24,S,1,C,3,X,1,R,2,K,2,Y,1,"L1:[sp=Y,91] X=1,S=3,K=2,C=3,Y=37,R=3 || L2:[sp=Y,24] S=1,C=3,X=1,R=2,K=2,Y=1",-2308801.0,-163323000.0,1,Y|Y,1
Y,91,X,21,S,1,R,2,K,5,Y,37,C,3,Y,24,C,3,R,1,X,1,S,1,K,5,Y,1,"L1:[sp=Y,91] X=21,S=1,R=2,K=5,Y=37,C=3 || L2:[sp=Y,24] C=3,R=1,X=1,S=1,K=5,Y=1",-787099.0,-163323000.0,1,Y|Y,1
Y,91,R,1,X,1,Y,37,K,2,S,1,C,1,Y,24,S,1,R,1,C,1,Y,1,K,1,X,1,"L1:[sp=Y,91] R=1,X=1,Y=37,K=2,S=1,C=1 || L2:[sp=Y,24] S=1,R=1,C=1,Y=1,K=1,X=1",-inf,-inf,0,Y|Y,1
Y,91,X,1,S,1,R,2,K,20,Y,37,C,3,Y,24,S,1,C,3,R,1,X,1,K,19,Y,1,"L1:[sp=Y,91] X=1,S=1,R=2,K=20,Y=37,C=3 || L2:[sp=Y,24] S=1,C=3,R=1,X=1,K=19,Y=1",-743233.0,-163323000.0,1,Y|Y,1
Y,91,R,2,X,1,Y,37,K,2,S,1,C,1,Y,24,S,1,R,1,C,1,Y,1,K,1,X,1,"L1:[sp=Y,91] R=2,X=1,Y=37,K=2,S=1,C=1 || L2:[sp=Y,24] S=1,R=1,C=1,Y=1,K=1,X=1",-inf,-inf,0,Y|Y,1
Y,91,X,1,S,1,R,1,K,17,Y,37,C,3,Y,1,S,1,Y,1,X,1,R,1,K,17,C,3,"L1:[sp=Y,91] X=1,S=1,R=1,K=17,Y=37,C=3 || L2:[sp=Y,1] S=1,Y=1,X=1,R=1,K=17,C=3",-15224833.0,-163323000.0,1,Y|Y,1
Y,91,X,1,S,3,K,2,C,3,Y,37,R,3,Y,24,S,1,C,3,X,1,R,1,K,2,Y,1,"L1:[sp=Y,91] X=1,S=3,K=2,C=3,Y=37,R=3 || L2:[sp=Y,24] S=1,C=3,X=1,R=1,K=2,Y=1",-2308801.0,-163323000.0,1,Y|Y,1
Y,91,S,1,X,178,R,2,K,20,Y,37,C,3,K,4,S,1,C,3,X,1,R,1,K,19,Y,1,"L1:[sp=Y,91] S=1,X=178,R=2,K=20,Y=37,C=3 || L2:[sp=K,4] S=1,C=3,X=1,R=1,K=19,Y=1",-inf,-inf,0,Y|K,1
Y,91,X,1,S,3,K,2,C,3,Y,37,R,3,Y,24,S,1,C,3,X,1,R,1,K,2,Y,1,"L1:[sp=Y,91] X=1,S=3,K=2,C=3,Y=37,R=3 || L2:[sp=Y,24] S=1,C=3,X=1,R=1,K=2,Y=1",-inf,-inf,0,Y|Y,1
Y,91,X,1,S,1,R,2,K,20,Y,37,C,3,Y,24,S,1,C,3,X,1,R,1,K,19,Y,1,"L1:[sp=Y,91] X=1,S=1,R=2,K=20,Y=37,C=3 || L2:[sp=Y,24] S=1,C=3,X=1,R=1,K=19,Y=1",-inf,-inf,0,Y|Y,1
Y,91,X,1,S,3,K,20,R,3,Y,37,C,3,Y,24,S,1,C,3,X,1,Y,1,K,19,R,1,"L1:[sp=Y,91] X=1,S=3,K=20,R=3,Y=37,C=3 || L2:[sp=Y,24] S=1,C=3,X=1,Y=1,K=19,R=1",-2194693.0,-163323000.0,1,Y|Y,1
Y,91,X,1,S,1,K,2,C,3,Y,50,R,2,Y,24,S,1,C,3,X,1,R,1,K,2,Y,1,"L1:[sp=Y,91] X=1,S=1,K=2,C=3,Y=50,R=2 || L2:[sp=Y,24] S=1,C=3,X=1,R=1,K=2,Y=1",-1204225.0,-163323000.0,1,Y|Y,1
Y,91,X,123,S,1,R,2,K,20,Y,37,C,3,Y,24,S,1,C,3,R,1,X,1,K,19,Y,1,"L1:[sp=Y,91] X=123,S=1,R=2,K=20,Y=37,C=3 || L2:[sp=Y,24] S=1,C=3,R=1,X=1,K=19,Y=1",-inf,-inf,0,Y|Y,1
Y,91,X,1,S,1,R,2,K,20,Y,37,C,3,Y,24,S,1,C,3,X,1,Y,1,K,19,R,1,"L1:[sp=Y,91] X=1,S=1,R=2,K=20,Y=37,C=3 || L2:[sp=Y,24] S=1,C=3,X=1,Y=1,K=19,R=1",-743233.0,-163323000.0,1,Y|Y,1
Y,91,Y,37,X,1,R,2,K,2,S,2,C,1,Y,24,S,1,R,1,C,1,Y,4,K,2,X,1,"L1:[sp=Y,91] Y=37,X=1,R=2,K=2,S=2,C=1 || L2:[sp=Y,24] S=1,R=1,C=1,Y=4,K=2,X=1",-3168385.0,-163323000.0,1,Y|Y,1
Y,91,R,1,S,2,Y,37,K,25,X,1,C,1,K,25,S,1,R,1,Y,1,C,1,K,1,X,1,"L1:[sp=Y,91] R=1,S=2,Y=37,K=25,X=1,C=1 || L2:[sp=K,25] S=1,R=1,Y=1,C=1,K=1,X=1",-inf,-inf,0,Y|K,1
Y,91,R,2,S,2,Y,37,K,25,X,1,C,1,K,25,S,1,R,1,Y,12,C,1,K,1,X,1,"L1:[sp=Y,91] R=2,S=2,Y=37,K=25,X=1,C=1 || L2:[sp=K,25] S=1,R=1,Y=12,C=1,K=1,X=1",-1461097.0,-163323000.0,1,Y|K,1
Y,91,X,21,S,1,R,2,K,5,Y,34,C,3,Y,24,C,3,R,1,X,1,S,1,K,5,Y,1,"L1:[sp=Y,91] X=21,S=1,R=2,K=5,Y=34,C=3 || L2:[sp=Y,24] C=3,R=1,X=1,S=1,K=5,Y=1",-787099.0,-163323000.0,1,Y|Y,1
Y,91,X,1,S,1,K,2,C,3,Y,37,R,2,Y,24,S,1,C,3,X,1,R,1,K,2,Y,1,"L1:[sp=Y,91] X=1,S=1,K=2,C=3,Y=37,R=2 || L2:[sp=Y,24] S=1,C=3,X=1,R=1,K=2,Y=1",-817153.0,-163323000.0,1,Y|Y,1
Y,91,X,1,S,3,R,3,K,20,Y,37,C,3,Y,24,S,1,C,3,X,1,Y,1,K,19,R,2,"L1:[sp=Y,91] X=1,S=3,R=3,K=20,Y=37,C=3 || L2:[sp=Y,24] S=1,C=3,X=1,Y=1,K=19,R=2",-inf,-inf,0,Y|Y,1
Y,91,R,2,S,2,X,21,K,5,Y,37,C,3,Y,24,C,3,R,1,X,1,S,1,K,5,Y,1,"L1:[sp=Y,91] R=2,S=2,X=21,K=5,Y=37,C=3 || L2:[sp=Y,24] C=3,R=1,X=1,S=1,K=5,Y=1",-821913.0,-163323000.0,1,Y|Y,1
Y,91,R,2,S,1,Y,37,K,25,X,1,C,1,K,25,S,1,R,2,Y,4,K,1,C,1,X,1,"L1:[sp=Y,91] R=2,S=1,Y=37,K=25,X=1,C=1 || L2:[sp=K,25] S=1,R=2,Y=4,K=1,C=1,X=1",-943489.0,-163323000.0,1,Y|K,1
Y,91,X,1,S,3,R,2,K,20,Y,37,C,3,Y,24,S,1,C,3,R,1,X,1,K,19,Y,1,"L1:[sp=Y,91] X=1,S=3,R=2,K=20,Y=37,C=3 || L2:[sp=Y,24] S=1,C=3,R=1,X=1,K=19,Y=1",-2195581.0,-163323000.0,1,Y|Y,1
Y,91,R,2,S,1,Y,37,K,25,X,1,C,1,K,25,S,1,R,1,Y,4,C,1,K,1,X,1,"L1:[sp=Y,91] R=2,S=1,Y=37,K=25,X=1,C=1 || L2:[sp=K,25] S=1,R=1,Y=4,C=1,K=1,X=1",-inf,-inf,0,Y|K,1
Y,91,Y,37,X,1,R,1,K,2,C,2,S,1,Y,24,C,1,K,2,S,1,Y,12,R,1,X,1,"L1:[sp=Y,91] Y=37,X=1,R=1,K=2,C=2,S=1 || L2:[sp=Y,24] C=1,K=2,S=1,Y=12,R=1,X=1",-4773889.0,-163323000.0,1,Y|Y,1
Y,91,X,80,S,1,R,2,K,20,Y,37,C,3,Y,24,S,1,C,3,X,1,Y,1,K,19,R,1,"L1:[sp=Y,91] X=80,S=1,R=2,K=20,Y=37,C=3 || L2:[sp=Y,24] S=1,C=3,X=1,Y=1,K=19,R=1",-inf,-inf,0,Y|Y,1
Y,91,X,1,S,3,K,20,R,3,Y,155,C,3,Y,24,S,1,C,3,X,1,R,1,K,19,Y,1,"L1:[sp=Y,91] X=1,S=3,K=20,R=3,Y=155,C=3 || L2:[sp=Y,24] S=1,C=3,X=1,R=1,K=19,Y=1",-7679203.0,-163323000.0,1,Y|Y,1
Y,91,X,1,S,1,K,59,C,3,Y,37,R,2,Y,24,S,1,C,3,X,1,R,1,K,2,Y,1,"L1:[sp=Y,91] X=1,S=1,K=59,C=3,Y=37,R=2 || L2:[sp=Y,24] S=1,C=3,X=1,R=1,K=2,Y=1",-inf,-inf,0,Y|Y,1
Y,91,X,1,S,1,R,2,K,20,Y,37,C,3,Y,24,S,1,C,3,X,1,Y,1,K,19,R,1,"L1:[sp=Y,91] X=1,S=1,R=2,K=20,Y=37,C=3 || L2:[sp=Y,24] S=1,C=3,X=1,Y=1,K=19,R=1",-743233.0,-163323000.0,1,Y|Y,1
Y,91,X,1,S,1,Y,37,K,25,R,2,C,1,K,25,S,1,R,1,Y,12,C,1,K,1,X,1,"L1:[sp=Y,91] X=1,S=1,Y=37,K=25,R=2,C=1 || L2:[sp=K,25] S=1,R=1,Y=12,C=1,K=1,X=1",-749953.0,-163323000.0,1,Y|K,1
Y,91,X,178,S,3,R,2,K,5,Y,34,C,3,Y,24,C,3,R,1,X,174,S,1,K,5,Y,1,"L1:[sp=Y,91] X=178,S=3,R=2,K=5,Y=34,C=3 || L2:[sp=Y,24] C=3,R=1,X=174,S=1,K=5,Y=1",-inf,-inf,0,Y|Y,1
Y,91,X,1,S,1,K,2,C,3,Y,50,R,2,Y,50,S,1,C,3,X,1,R,1,K,2,Y,1,"L1:[sp=Y,91] X=1,S=1,K=2,C=3,Y=50,R=2 || L2:[sp=Y,50] S=1,C=3,X=1,R=1,K=2,Y=1",-1247233.0,-163323000.0,1,Y|Y,1
Y,91,R,2,S,1,Y,37,K,25,X,1,C,1,K,25,S,1,R,1,Y,12,C,1,K,1,X,1,"L1:[sp=Y,91] R=2,S=1,Y=37,K=25,X=1,C=1 || L2:[sp=K,25] S=1,R=1,Y=12,C=1,K=1,X=1",-inf,-inf,0,Y|K,1
Y,91,X,1,S,1,R,2,K,20,Y,37,C,3,Y,24,S,1,C,3,X,1,Y,1,K,19,R,1,"L1:[sp=Y,91] X=1,S=1,R=2,K=20,Y=37,C=3 || L2:[sp=Y,24] S=1,C=3,X=1,Y=1,K=19,R=1",-inf,-inf,0,Y|Y,1
Y,91,R,2,S,2,X,21,K,5,Y,37,C,3,Y,24,C,3,R,1,X,1,S,1,K,5,Y,19,"L1:[sp=Y,91] R=2,S=2,X=21,K=5,Y=37,C=3 || L2:[sp=Y,24] C=3,R=1,X=1,S=1,K=5,Y=19",-7803303.0,-163324000.0,1,Y|Y,1
Y,91,R,2,S,2,Y,37,K,25,X,98,C,1,K,25,S,1,R,1,Y,12,C,1,K,1,X,1,"L1:[sp=Y,91] R=2,S=2,Y=37,K=25,X=98,C=1 || L2:[sp=K,25] S=1,R=1,Y=12,C=1,K=1,X=1",-inf,-inf,0,Y|K,1
C,91,X,1,S,1,R,2,K,20,Y,37,C,3,Y,24,S,1,C,3,X,1,Y,14,K,19,R,1,"L1:[sp=C,91] X=1,S=1,R=2,K=20,Y=37,C=3 || L2:[sp=Y,24] S=1,C=3,X=1,Y=14,K=19,R=1",-inf,-inf,0,C|Y,1
Y,91,X,1,S,1,K,32,C,3,Y,37,R,2,Y,24,S,1,C,3,X,1,R,1,K,13,Y,1,"L1:[sp=Y,91] X=1,S=1,K=32,C=3,Y=37,R=2 || L2:[sp=Y,24] S=1,C=3,X=1,R=1,K=13,Y=1",-inf,-inf,0,Y|Y,1
Y,91,X,1,S,1,K,2,C,3,Y,50,R,2,Y,24,S,1,C,3,X,1,K,2,R,1,Y,1,"L1:[sp=Y,91] X=1,S=1,K=2,C=3,Y=50,R=2 || L2:[sp=Y,24] S=1,C=3,X=1,K=2,R=1,Y=1",-inf,-inf,0,Y|Y,1
Y,91,R,1,S,1,Y,37,K,25,X,1,C,1,K,25,S,1,R,1,Y,24,C,1,K,1,X,1,"L1:[sp=Y,91] R=1,S=1,Y=37,K=25,X=1,C=1 || L2:[sp=K,25] S=1,R=1,Y=24,C=1,K=1,X=1",-943489.0,-163323000.0,1,Y|K,1
Y,91,X,1,S,2,K,2,C,3,Y,37,R,2,Y,24,K,2,C,3,X,1,R,1,S,1,Y,1,"L1:[sp=Y,91] X=1,S=2,K=2,C=3,Y=37,R=2 || L2:[sp=Y,24] K=2,C=3,X=1,R=1,S=1,Y=1",-inf,-inf,0,Y|Y,1
Y,91,X,1,S,3,K,20,R,3,Y,37,C,3,Y,24,S,1,C,3,X,1,Y,1,K,19,R,1,"L1:[sp=Y,91] X=1,S=3,K=20,R=3,Y=37,C=3 || L2:[sp=Y,24] S=1,C=3,X=1,Y=1,K=19,R=1",-inf,-inf,0,Y|Y,1
Y,91,R,2,S,1,Y,37,K,25,X,1,C,1,K,25,S,1,R,2,X,1,K,1,C,1,Y,4,"L1:[sp=Y,91] R=2,S=1,Y=37,K=25,X=1,C=1 || L2:[sp=K,25] S=1,R=2,X=1,K=1,C=1,Y=4",-943489.0,-163323000.0,1,Y|K,1
Y,91,X,1,S,1,K,2,C,3,Y,50,R,2,Y,24,S,1,C,3,X,1,R,1,K,2,Y,1,"L1:[sp=Y,91] X=1,S=1,K=2,C=3,Y=50,R=2 || L2:[sp=Y,24] S=1,C=3,X=1,R=1,K=2,Y=1",-1204225.0,-163323000.0,1,Y|Y,1
Y,91,X,1,S,1,R,2,K,20,Y,37,C,3,Y,24,S,1,C,3,X,1,Y,1,K,7,R,1,"L1:[sp=Y,91] X=1,S=1,R=2,K=20,Y=37,C=3 || L2:[sp=Y,24] S=1,C=3,X=1,Y=1,K=7,R=1",-803713.0,-163323000.0,1,Y|Y,1
Y,91,X,21,S,2,R,2,K,20,Y,37,C,3,Y,24,S,1,C,3,X,1,Y,1,K,19,R,1,"L1:[sp=Y,91] X=21,S=2,R=2,K=20,Y=37,C=3 || L2:[sp=Y,24] S=1,C=3,X=1,Y=1,K=19,R=1",-inf,-inf,0,Y|Y,1
Y,91,R,2,S,1,X,1,K,5,Y,37,C,3,Y,24,C,3,R,1,X,1,S,1,K,5,Y,12,"L1:[sp=Y,91] R=2,S=1,X=1,K=5,Y=37,C=3 || L2:[sp=Y,24] C=3,R=1,X=1,S=1,K=5,Y=12",-4734913.0,-163323000.0,1,Y|Y,1
Y,91,X,1,S,1,R,2,K,20,Y,37,C,3,Y,24,S,1,C,3,X,1,Y,1,K,19,R,1,"L1:[sp=Y,91] X=1,S=1,R=2,K=20,Y=37,C=3 || L2:[sp=Y,24] S=1,C=3,X=1,Y=1,K=19,R=1",-inf,-inf,0,Y|Y,1
Y,91,X,1,S,1,R,2,K,20,Y,37,C,3,Y,24,S,1,C,3,X,1,Y,1,K,19,R,1,"L1:[sp=Y,91] X=1,S=1,R=2,K=20,Y=37,C=3 || L2:[sp=Y,24] S=1,C=3,X=1,Y=1,K=19,R=1",-inf,-inf,0,Y|Y,1
Y,91,X,1,S,1,K,2,C,3,Y,50,R,1,Y,24,S,1,C,3,X,1,R,1,K,2,Y,1,"L1:[sp=Y,91] X=1,S=1,K=2,C=3,Y=50,R=1 || L2:[sp=Y,24] S=1,C=3,X=1,R=1,K=2,Y=1",-inf,-inf,0,Y|Y,1
Y,91,R,2,K,25,Y,37,C,1,X,1,S,2,K,25,S,1,R,1,Y,24,C,1,K,1,X,1,"L1:[sp=Y,91] R=2,K=25,Y=37,C=1,X=1,S=2 || L2:[sp=K,25] S=1,R=1,Y=24,C=1,K=1,X=1",-inf,-inf,0,Y|K,1
X,91,X,1,S,1,R,2,K,20,Y,37,C,3,Y,24,S,1,C,3,X,1,Y,35,K,7,R,1,"L1:[sp=X,91] X=1,S=1,R=2,K=20,Y=37,C=3 || L2:[sp=Y,24] S=1,C=3,X=1,Y=35,K=7,R=1",-inf,-inf,0,X|Y,1
Y,91,R,1,S,1,X,1,Y,37,K,5,C,3,X,1,C,3,R,1,X,1,S,1,K,5,Y,32,"L1:[sp=Y,91] R=1,S=1,X=1,Y=37,K=5,C=3 || L2:[sp=X,1] C=3,R=1,X=1,S=1,K=5,Y=32",-inf,-inf,0,Y|X,1
Y,91,R,1,S,1,Y,37,K,25,X,1,C,1,K,25,S,1,R,1,X,1,K,1,C,1,Y,24,"L1:[sp=Y,91] R=1,S=1,Y=37,K=25,X=1,C=1 || L2:[sp=K,25] S=1,R=1,X=1,K=1,C=1,Y=24",-943489.0,-163323000.0,1,Y|K,1
Y,91,R,2,S,1,Y,13,K,23,X,1,C,1,K,25,S,1,R,2,Y,4,C,1,K,1,X,1,"L1:[sp=Y,91] R=2,S=1,Y=13,K=23,X=1,C=1 || L2:[sp=K,25] S=1,R=2,Y=4,C=1,K=1,X=1",-inf,-inf,0,Y|K,1
Y,91,K,33,S,1,R,2,X,1,Y,37,C,3,Y,24,S,1,C,3,X,1,Y,1,K,19,R,1,"L1:[sp=Y,91] K=33,S=1,R=2,X=1,Y=37,C=3 || L2:[sp=Y,24] S=1,C=3,X=1,Y=1,K=19,R=1",-801025.0,-163323000.0,1,Y|Y,1
Y,91,X,1,S,1,Y,37,K,25,R,2,C,1,K,25,S,1,R,2,Y,12,C,1,K,1,X,1,"L1:[sp=Y,91] X=1,S=1,Y=37,K=25,R=2,C=1 || L2:[sp=K,25] S=1,R=2,Y=12,C=1,K=1,X=1",-943489.0,-163323000.0,1,Y|K,1
Y,91,X,1,S,1,R,1,K,20,Y,37,C,3,Y,24,S,1,C,3,X,1,Y,1,K,7,R,1,"L1:[sp=Y,91] X=1,S=1,R=1,K=20,Y=37,C=3 || L2:[sp=Y,24] S=1,C=3,X=1,Y=1,K=7,R=1",-806401.0,-163323000.0,1,Y|Y,1
Y,91,X,1,S,1,Y,37,K,25,R,2,C,1,K,25,S,1,R,1,Y,12,C,1,K,1,X,1,"L1:[sp=Y,91] X=1,S=1,Y=37,K=25,R=2,C=1 || L2:[sp=K,25] S=1,R=1,Y=12,C=1,K=1,X=1",-749953.0,-163323000.0,1,Y|K,1
Y,91,R,1,S,1,Y,157,K,25,X,223,C,1,K,25,S,1,R,1,Y,24,X,1,K,1,C,1,"L1:[sp=Y,91] R=1,S=1,Y=157,K=25,X=223,C=1 || L2:[sp=K,25] S=1,R=1,Y=24,X=1,K=1,C=1",-inf,-inf,0,Y|K,1
Y,91,X,1,S,1,K,34,C,3,Y,50,R,2,Y,24,S,1,C,3,X,1,R,1,K,2,Y,1,"L1:[sp=Y,91] X=1,S=1,K=34,C=3,Y=50,R=2 || L2:[sp=Y,24] S=1,C=3,X=1,R=1,K=2,Y=1",-1163905.0,-163323000.0,1,Y|Y,1
Y,91,R,2,S,1,X,1,K,5,Y,37,C,3,Y,24,C,3,R,1,Y,12,S,1,K,2,X,1,"L1:[sp=Y,91] R=2,S=1,X=1,K=5,Y=37,C=3 || L2:[sp=Y,24] C=3,R=1,Y=12,S=1,K=2,X=1",-4662337.0,-163323000.0,1,Y|Y,1
Y,91,X,1,S,1,K,2,C,3,Y,50,R,2,Y,24,S,1,C,3,X,1,R,1,K,2,Y,1,"L1:[sp=Y,91] X=1,S=1,K=2,C=3,Y=50,R=2 || L2:[sp=Y,24] S=1,C=3,X=1,R=1,K=2,Y=1",-1204225.0,-163323000.0,1,Y|Y,1
Y,91,X,1,S,1,K,2,C,3,Y,50,R,2,Y,24,S,1,C,3,X,1,R,1,K,2,Y,1,"L1:[sp=Y,91] X=1,S=1,K=2,C=3,Y=50,R=2 || L2:[sp=Y,24] S=1,C=3,X=1,R=1,K=2,Y=1",-1204225.0,-163323000.0,1,Y|Y,1
Y,91,R,2,S,1,Y,37,K,55,X,1,C,1,K,25,S,1,R,2,X,1,K,1,C,1,Y,33,"L1:[sp=Y,91] R=2,S=1,Y=37,K=55,X=1,C=1 || L2:[sp=K,25] S=1,R=2,X=1,K=1,C=1,Y=33",-inf,-inf,0,Y|K,1
Y,91,X,217,S,1,Y,37,K,25,R,2,C,1,K,25,S,1,R,1,Y,12,C,1,K,1,X,1,"L1:[sp=Y,91] X=217,S=1,Y=37,K=25,R=2,C=1 || L2:[sp=K,25] S=1,R=1,Y=12,C=1,K=1,X=1",-inf,-inf,0,Y|K,1
Y,91,Y,37,S,1,R,1,K,8,X,1,C,3,Y,24,S,1,C,3,X,1,Y,1,K,8,R,1,"L1:[sp=Y,91] Y=37,S=1,R=1,K=8,X=1,C=3 || L2:[sp=Y,24] S=1,C=3,X=1,Y=1,K=8,R=1",-790273.0,-163323000.0,1,Y|Y,1
Y,91,X,1,S,1,Y,37,K,25,R,2,C,1,K,25,S,1,R,1,Y,12,C,1,K,1,X,1,"L1:[sp=Y,91] X=1,S=1,Y=37,K=25,R=2,C=1 || L2:[sp=K,25] S=1,R=1,Y=12,C=1,K=1,X=1",-749953.0,-163323000.0,1,Y|K,1
Y,91,X,1,S,1,K,34,C,3,Y,50,R,2,Y,24,S,1,C,3,X,1,K,2,R,1,Y,19,"L1:[sp=Y,91] X=1,S=1,K=34,C=3,Y=50,R=2 || L2:[sp=Y,24] S=1,C=3,X=1,K=2,R=1,Y=19",-inf,-inf,0,Y|Y,1
Y,91,Y,37,S,1,R,1,K,8,X,1,C,3,Y,24,S,1,C,3,X,1,Y,1,K,8,R,1,"L1:[sp=Y,91] Y=37,S=1,R=1,K=8,X=1,C=3 || L2:[sp=Y,24] S=1,C=3,X=1,Y=1,K=8,R=1",-790273.0,-163323000.0,1,Y|Y,1
Y,91,X,1,S,1,R,1,K,20,Y,37,C,3,Y,24,S,1,C,3,X,1,Y,1,K,7,R,1,"L1:[sp=Y,91] X=1,S=1,R=1,K=20,Y=37,C=3 || L2:[sp=Y,24] S=1,C=3,X=1,Y=1,K=7,R=1",-inf,-inf,0,Y|Y,1
K,91,R,1,S,1,Y,37,K,25,X,1,C,1,K,25,S,1,R,1,X,1,K,1,C,1,Y,24,"L1:[sp=K,91] R=1,S=1,Y=37,K=25,X=1,C=1 || L2:[sp=K,25] S=1,R=1,X=1,K=1,C=1,Y=24",-1463617.0,-163323000.0,1,K|K,1
Y,91,X,1,K,34,S,1,C,3,Y,50,R,2,Y,5,S,1,C,3,X,1,R,1,K,2,Y,1,"L1:[sp=Y,91] X=1,K=34,S=1,C=3,Y=50,R=2 || L2:[sp=Y,5] S=1,C=3,X=1,R=1,K=2,Y=1",-4260481.0,-163323000.0,1,Y|Y,1
Y,91,X,1,S,1,R,1,K,20,Y,37,C,3,K,2,S,1,C,3,X,1,Y,1,K,7,R,1,"L1:[sp=Y,91] X=1,S=1,R=1,K=20,Y=37,C=3 || L2:[sp=K,2] S=1,C=3,X=1,Y=1,K=7,R=1",-10077985.0,-163323000.0,1,Y|K,1
Y,91,X,1,S,1,K,17,C,3,Y,50,R,2,Y,24,S,1,C,3,X,1,R,1,K,2,Y,1,"L1:[sp=Y,91] X=1,S=1,K=17,C=3,Y=50,R=2 || L2:[sp=Y,24] S=1,C=3,X=1,R=1,K=2,Y=1",-inf,-inf,0,Y|Y,1
Y,91,Y,37,S,1,R,1,K,8,X,1,C,3,Y,24,S,1,C,3,X,1,Y,1,K,8,R,1,"L1:[sp=Y,91] Y=37,S=1,R=1,K=8,X=1,C=3 || L2:[sp=Y,24] S=1,C=3,X=1,Y=1,K=8,R=1",-790273.0,-163323000.0,1,Y|Y,1
Y,91,X,1,S,1,Y,113,K,25,R,2,C,1,K,25,S,1,R,1,Y,12,C,1,K,1,X,1,"L1:[sp=Y,91] X=1,S=1,Y=113,K=25,R=2,C=1 || L2:[sp=K,25] S=1,R=1,Y=12,C=1,K=1,X=1",-inf,-inf,0,Y|K,1
Y,91,X,1,S,1,Y,37,K,25,R,2,C,1,Y,37,S,1,R,2,Y,12,C,1,K,2,X,1,"L1:[sp=Y,91] X=1,S=1,Y=37,K=25,R=2,C=1 || L2:[sp=Y,37] S=1,R=2,Y=12,C=1,K=2,X=1",-inf,-inf,0,Y|Y,1
X,91,X,39,S,1,K,2,C,3,Y,50,R,2,Y,24,S,1,C,3,X,1,R,1,K,2,Y,1,"L1:[sp=X,91] X=39,S=1,K=2,C=3,Y=50,R=2 || L2:[sp=Y,24] S=1,C=3,X=1,R=1,K=2,Y=1",-inf,-inf,0,X|Y,1
Y,91,X,1,S,1,Y,51,K,25,R,2,C,1,K,25,S,1,R,2,Y,12,C,1,K,1,X,1,"L1:[sp=Y,91] X=1,S=1,Y=51,K=25,R=2,C=1 || L2:[sp=K,25] S=1,R=2,Y=12,C=1,K=1,X=1",-inf,-inf,0,Y|K,1
K,91,X,1,S,1,Y,37,K,25,R,1,C,1,Y,25,S,1,R,1,K,14,C,1,Y,24,X,1,"L1:[sp=K,91] X=1,S=1,Y=37,K=25,R=1,C=1 || L2:[sp=Y,25] S=1,R=1,K=14,C=1,Y=24,X=1",-inf,-inf,0,K|Y,1
Y,91,X,1,S,1,R,2,K,40,Y,37,C,1,K,25,S,1,R,1,X,1,K,1,C,1,Y,12,"L1:[sp=Y,91] X=1,S=1,R=2,K=40,Y=37,C=1 || L2:[sp=K,25] S=1,R=1,X=1,K=1,C=1,Y=12",-741889.0,-163323000.0,1,Y|K,1
Y,91,X,1,S,1,Y,37,K,25,R,2,C,1,K,25,S,1,R,2,Y,12,C,1,K,1,X,1,"L1:[sp=Y,91] X=1,S=1,Y=37,K=25,R=2,C=1 || L2:[sp=K,25] S=1,R=2,Y=12,C=1,K=1,X=1",-943489.0,-163323000.0,1,Y|K,1
Y,91,X,1,S,1,R,1,K,20,Y,61,C,3,Y,24,S,1,C,3,X,1,Y,1,K,7,R,1,"L1:[sp=Y,91] X=1,S=1,R=1,K=20,Y=61,C=3 || L2:[sp=Y,24] S=1,C=3,X=1,Y=1,K=7,R=1",-inf,-inf,0,Y|Y,1
Y,91,R,1,S,1,Y,37,K,25,X,1,C,1,K,25,S,1,R,1,X,1,K,1,C,1,Y,24,"L1:[sp=Y,91] R=1,S=1,Y=37,K=25,X=1,C=1 || L2:[sp=K,25] S=1,R=1,X=1,K=1,C=1,Y=24",-943489.0,-163323000.0,1,Y|K,1
X,91,K,33,S,1,R,2,X,1,Y,37,C,3,Y,24,S,1,C,3,X,1,Y,1,K,33,R,1,"L1:[sp=X,91] K=33,S=1,R=2,X=1,Y=37,C=3 || L2:[sp=Y,24] S=1,C=3,X=1,Y=1,K=33,R=1",-744001.0,-163323000.0,1,X|Y,1
Y,91,X,1,S,1,R,2,K,40,Y,37,C,1,K,25,S,1,R,1,X,1,K,1,C,1,Y,12,"L1:[sp=Y,91] X=1,S=1,R=2,K=40,Y=37,C=1 || L2:[sp=K,25] S=1,R=1,X=1,K=1,C=1,Y=12",-741889.0,-163323000.0,1,Y|K,1
K,91,R,1,S,1,Y,37,K,25,X,1,C,1,K,25,S,1,R,1,X,1,K,1,C,1,Y,24,"L1:[sp=K,91] R=1,S=1,Y=37,K=25,X=1,C=1 || L2:[sp=K,25] S=1,R=1,X=1,K=1,C=1,Y=24",-inf,-inf,0,K|K,1
Y,91,X,1,S,1,Y,37,K,25,R,2,C,1,K,25,S,1,R,2,Y,12,C,1,K,1,X,1,"L1:[sp=Y,91] X=1,S=1,Y=37,K=25,R=2,C=1 || L2:[sp=K,25] S=1,R=2,Y=12,C=1,K=1,X=1",-inf,-inf,0,Y|K,1
K,91,R,1,S,1,Y,37,K,25,X,1,C,1,K,25,S,1,R,1,X,1,K,1,C,1,Y,24,"L1:[sp=K,91] R=1,S=1,Y=37,K=25,X=1,C=1 || L2:[sp=K,25] S=1,R=1,X=1,K=1,C=1,Y=24",-1463617.0,-163323000.0,1,K|K,1
X,91,K,33,S,2,R,2,X,1,Y,37,C,3,Y,24,C,3,S,1,X,1,Y,17,K,33,R,1,"L1:[sp=X,91] K=33,S=2,R=2,X=1,Y=37,C=3 || L2:[sp=Y,24] C=3,S=1,X=1,Y=17,K=33,R=1",-inf,-inf,0,X|Y,1
Y,91,R,1,S,1,Y,210,K,25,X,1,C,1,K,25,S,1,R,1,X,1,K,1,C,1,Y,24,"L1:[sp=Y,91] R=1,S=1,Y=210,K=25,X=1,C=1 || L2:[sp=K,25] S=1,R=1,X=1,K=1,C=1,Y=24",-inf,-inf,0,Y|K,1
K,91,R,1,Y,37,S,1,K,25,X,1,C,1,K,25,S,1,R,1,X,1,K,1,C,1,Y,24,"L1:[sp=K,91] R=1,Y=37,S=1,K=25,X=1,C=1 || L2:[sp=K,25] S=1,R=1,X=1,K=1,C=1,Y=24",-1463617.0,-163323000.0,1,K|K,1
K,91,R,1,S,1,Y,37,K,25,X,1,C,1,K,25,S,1,R,1,X,1,K,1,C,1,Y,24,"L1:[sp=K,91] R=1,S=1,Y=37,K=25,X=1,C=1 || L2:[sp=K,25] S=1,R=1,X=1,K=1,C=1,Y=24",-1463617.0,-163323000.0,1,K|K,1
C,91,X,1,S,1,Y,37,C,1,R,2,K,25,Y,1,S,1,R,1,Y,12,C,1,K,1,X,1,"L1:[sp=C,91] X=1,S=1,Y=37,C=1,R=2,K=25 || L2:[sp=Y,1] S=1,R=1,Y=12,C=1,K=1,X=1",-29703745.0,-163323000.0,1,C|Y,1
Y,91,X,1,K,34,S,1,C,3,Y,50,R,1,Y,5,S,1,C,3,X,1,R,1,K,11,Y,1,"L1:[sp=Y,91] X=1,K=34,S=1,C=3,Y=50,R=1 || L2:[sp=Y,5] S=1,C=3,X=1,R=1,K=11,Y=1",-inf,-inf,0,Y|Y,1
X,91,R,2,S,1,Y,37,K,25,X,1,C,1,K,25,S,1,R,1,X,1,K,1,C,1,Y,24,"L1:[sp=X,91] R=2,S=1,Y=37,K=25,X=1,C=1 || L2:[sp=K,25] S=1,R=1,X=1,K=1,C=1,Y=24",-759241.0,-163323000.0,1,X|K,1
K,91,C,1,X,1,S,1,K,25,Y,37,R,3,K,25,S,1,R,1,X,1,K,1,C,1,Y,24,"L1:[sp=K,91] C=1,X=1,S=1,K=25,Y=37,R=3 || L2:[sp=K,25] S=1,R=1,X=1,K=1,C=1,Y=24",-1427329.0,-163323000.0,1,K|K,1
Y,91,Y,63,S,1,R,1,K,8,X,1,C,3,Y,24,S,1,C,3,X,1,Y,1,K,8,R,1,"L1:[sp=Y,91] Y=63,S=1,R=1,K=8,X=1,C=3 || L2:[sp=Y,24] S=1,C=3,X=1,Y=1,K=8,R=1",-inf,-inf,0,Y|Y,1
X,91,K,45,S,1,R,2,X,1,Y,37,C,3,Y,24,S,1,C,2,X,1,Y,23,K,33,R,1,"L1:[sp=X,91] K=45,S=1,R=2,X=1,Y=37,C=3 || L2:[sp=Y,24] S=1,C=2,X=1,Y=23,K=33,R=1",-inf,-inf,0,X|Y,1
K,91,R,1,S,1,Y,37,K,25,X,1,C,2,K,25,S,1,R,1,X,1,K,1,C,1,Y,16,"L1:[sp=K,91] R=1,S=1,Y=37,K=25,X=1,C=2 || L2:[sp=K,25] S=1,R=1,X=1,K=1,C=1,Y=16",-1401121.0,-163323000.0,1,K|K,1
Y,91,X,1,S,1,Y,37,K,53,R,2,C,1,K,25,S,1,R,1,Y,12,C,1,K,1,X,1,"L1:[sp=Y,91] X=1,S=1,Y=37,K=53,R=2,C=1 || L2:[sp=K,25] S=1,R=1,Y=12,C=1,K=1,X=1",-inf,-inf,0,Y|K,1
Y,91,R,1,S,1,Y,37,K,13,X,1,C,1,Y,37,S,1,R,1,X,1,K,1,C,1,Y,24,"L1:[sp=Y,91] R=1,S=1,Y=37,K=13,X=1,C=1 || L2:[sp=Y,37] S=1,R=1,X=1,K=1,C=1,Y=24",-18639937.0,-163323000.0,1,Y|Y,1
K,91,R,1,S,1,Y,37,K,25,X,1,C,1,K,25,S,1,R,1,X,1,K,1,C,1,Y,24,"L1:[sp=K,91] R=1,S=1,Y=37,K=25,X=1,C=1 || L2:[sp=K,25] S=1,R=1,X=1,K=1,C=1,Y=24",-inf,-inf,0,K|K,1
Y,91,R,1,S,1,Y,37,K,25,X,1,C,1,K,25,S,1,R,1,X,1,K,1,C,1,Y,24,"L1:[sp=Y,91] R=1,S=1,Y=37,K=25,X=1,C=1 || L2:[sp=K,25] S=1,R=1,X=1,K=1,C=1,Y=24",-inf,-inf,0,Y|K,1
Y,91,X,1,S,1,R,2,K,40,Y,37,C,1,K,25,S,1,R,1,X,1,K,1,C,1,Y,12,"L1:[sp=Y,91] X=1,S=1,R=2,K=40,Y=37,C=1 || L2:[sp=K,25] S=1,R=1,X=1,K=1,C=1,Y=12",-inf,-inf,0,Y|K,1
C,91,X,117,S,1,Y,37,C,1,R,1,K,25,Y,1,S,1,R,1,Y,16,C,1,K,1,X,1,"L1:[sp=C,91] X=117,S=1,Y=37,C=1,R=1,K=25 || L2:[sp=Y,1] S=1,R=1,Y=16,C=1,K=1,X=1",-inf,-inf,0,C|Y,1
K,91,R,2,S,1,Y,37,K,25,X,1,C,2,K,25,S,1,R,1,X,1,K,1,C,1,Y,12,"L1:[sp=K,91] R=2,S=1,Y=37,K=25,X=1,C=2 || L2:[sp=K,25] S=1,R=1,X=1,K=1,C=1,Y=12",-inf,-inf,0,K|K,1
X,91,R,1,S,3,Y,37,K,25,X,1,C,1,K,25,S,1,R,1,X,1,K,1,C,1,Y,12,"L1:[sp=X,91] R=1,S=3,Y=37,K=25,X=1,C=1 || L2:[sp=K,25] S=1,R=1,X=1,K=1,C=1,Y=12",-2011987.0,-163323000.0,1,X|K,1
K,91,R,2,Y,37,S,1,K,25,X,1,C,1,K,25,S,1,R,1,X,1,K,1,C,1,Y,24,"L1:[sp=K,91] R=2,Y=37,S=1,K=25,X=1,C=1 || L2:[sp=K,25] S=1,R=1,X=1,K=1,C=1,Y=24",-inf,-inf,0,K|K,1
K,91,R,1,Y,37,S,1,K,25,C,1,X,1,K,25,S,1,R,1,C,1,K,1,X,1,Y,24,"L1:[sp=K,91] R=1,Y=37,S=1,K=25,C=1,X=1 || L2:[sp=K,25] S=1,R=1,C=1,K=1,X=1,Y=24",-1463617.0,-163323000.0,1,K|K,1
X,91,R,2,Y,37,S,1,K,25,X,1,C,1,K,25,S,1,R,1,X,1,K,1,Y,24,C,1,"L1:[sp=X,91] R=2,Y=37,S=1,K=25,X=1,C=1 || L2:[sp=K,25] S=1,R=1,X=1,K=1,Y=24,C=1",-759241.0,-163323000.0,1,X|K,1
C,91,X,1,S,1,Y,37,C,2,R,1,K,25,Y,1,S,1,R,1,Y,12,C,1,K,1,X,1,"L1:[sp=C,91] X=1,S=1,Y=37,C=2,R=1,K=25 || L2:[sp=Y,1] S=1,R=1,Y=12,C=1,K=1,X=1",-inf,-inf,0,C|Y,1
K,91,R,3,S,1,Y,37,K,25,X,1,C,1,K,25,S,1,R,1,X,1,K,8,C,1,Y,12,"L1:[sp=K,91] R=3,S=1,Y=37,K=25,X=1,C=1 || L2:[sp=K,25] S=1,R=1,X=1,K=8,C=1,Y=12",-11333953.0,-163323000.0,1,K|K,1
K,91,R,1,S,1,Y,37,K,25,X,1,C,2,K,25,S,1,R,1,X,1,K,1,C,1,Y,16,"L1:[sp=K,91] R=1,S=1,Y=37,K=25,X=1,C=2 || L2:[sp=K,25] S=1,R=1,X=1,K=1,C=1,Y=16",-inf,-inf,0,K|K,1
K,91,R,1,S,1,C,1,K,25,X,1,Y,37,K,25,S,1,R,1,Y,24,K,1,C,1,X,1,"L1:[sp=K,91] R=1,S=1,C=1,K=25,X=1,Y=37 || L2:[sp=K,25] S=1,R=1,Y=24,K=1,C=1,X=1",-1463617.0,-163323000.0,1,K|K,1
X,91,R,1,S,1,Y,37,K,25,X,1,C,3,K,25,S,1,R,1,X,1,K,1,C,1,Y,24,"L1:[sp=X,91] R=1,S=1,Y=37,K=25,X=1,C=3 || L2:[sp=K,25] S=1,R=1,X=1,K=1,C=1,Y=24",-730513.0,-163323000.0,1,X|K,1
K,91,C,1,X,1,S,1,K,25,Y,37,R,3,K,25,C,1,R,2,X,1,K,1,S,1,Y,24,"L1:[sp=K,91] C=1,X=1,S=1,K=25,Y=37,R=3 || L2:[sp=K,25] C=1,R=2,X=1,K=1,S=1,Y=24",-inf,-inf,0,K|K,1
C,91,X,1,S,1,Y,37,C,1,R,2,K,25,Y,1,K,1,R,1,Y,12,C,1,S,1,X,1,"L1:[sp=C,91] X=1,S=1,Y=37,C=1,R=2,K=25 || L2:[sp=Y,1] K=1,R=1,Y=12,C=1,S=1,X=1",-29703745.0,-163323000.0,1,C|Y,1
X,91,R,2,S,1,Y,37,K,25,X,1,C,1,K,25,S,1,R,1,X,1,K,1,C,1,Y,24,"L1:[sp=X,91] R=2,S=1,Y=37,K=25,X=1,C=1 || L2:[sp=K,25] S=1,R=1,X=1,K=1,C=1,Y=24",-759241.0,-163323000.0,1,X|K,1
K,91,C,1,X,1,S,1,K,25,Y,37,R,1,K,25,S,1,R,1,X,1,K,1,C,1,Y,24,"L1:[sp=K,91] C=1,X=1,S=1,K=25,Y=37,R=1 || L2:[sp=K,25] S=1,R=1,X=1,K=1,C=1,Y=24",-inf,-inf,0,K|K,1
K,91,R,3,Y,37,S,1,K,5,X,1,C,1,K,25,S,1,R,1,X,1,K,1,C,1,Y,24,"L1:[sp=K,91] R=3,Y=37,S=1,K=5,X=1,C=1 || L2:[sp=K,25] S=1,R=1,X=1,K=1,C=1,Y=24",-4281985.0,-163323000.0,1,K|K,1
X,91,R,1,S,1,Y,37,K,25,X,1,C,3,K,25,S,1,R,1,X,1,K,1,C,1,Y,24,"L1:[sp=X,91] R=1,S=1,Y=37,K=25,X=1,C=3 || L2:[sp=K,25] S=1,R=1,X=1,K=1,C=1,Y=24",-inf,-inf,0,X|K,1
K,91,R,2,Y,37,S,1,K,5,X,1,C,1,K,25,S,1,R,1,X,1,K,1,C,1,Y,34,"L1:[sp=K,91] R=2,Y=37,S=1,K=5,X=1,C=1 || L2:[sp=K,25] S=1,R=1,X=1,K=1,C=1,Y=34",-4294081.0,-163323000.0,1,K|K,1
K,91,R,1,S,1,C,1,K,25,X,1,Y,37,K,25,S,1,Y,34,R,1,K,1,C,1,X,1,"L1:[sp=K,91] R=1,S=1,C=1,K=25,X=1,Y=37 || L2:[sp=K,25] S=1,Y=34,R=1,K=1,C=1,X=1",-inf,-inf,0,K|K,1
C,91,R,1,S,1,Y,37,K,5,X,1,C,1,K,25,S,1,R,1,X,1,K,5,C,1,Y,24,"L1:[sp=C,91] R=1,S=1,Y=37,K=5,X=1,C=1 || L2:[sp=K,25] S=1,R=1,X=1,K=5,C=1,Y=24",-30977857.0,-163323000.0,1,C|K,1
X,91,R,3,S,1,Y,37,K,25,X,1,C,3,K,25,S,1,R,1,X,1,K,1,C,2,Y,12,"L1:[sp=X,91] R=3,S=1,Y=37,K=25,X=1,C=3 || L2:[sp=K,25] S=1,R=1,X=1,K=1,C=2,Y=12",-inf,-inf,0,X|K,1
K,91,R,3,Y,37,S,1,K,5,X,1,C,1,K,25,S,1,R,1,X,1,K,1,C,1,Y,24,"L1:[sp=K,91] R=3,Y=37,S=1,K=5,X=1,C=1 || L2:[sp=K,25] S=1,R=1,X=1,K=1,C=1,Y=24",-4281985.0,-163323000.0,1,K|K,1
K,91,R,3,S,1,Y,37,K,25,X,163,C,1,K,25,X,1,R,1,S,1,K,8,C,1,Y,12,"L1:[sp=K,91] R=3,S=1,Y=37,K=25,X=163,C=1 || L2:[sp=K,25] X=1,R=1,S=1,K=8,C=1,Y=12",-inf,-inf,0,K|K,1
C,91,R,1,S,1,C,1,K,25,X,1,Y,37,K,25,S,1,R,1,Y,24,K,1,C,1,X,1,"L1:[sp=C,91] R=1,S=1,C=1,K=25,X=1,Y=37 || L2:[sp=K,25] S=1,R=1,Y=24,K=1,C=1,X=1",-1463617.0,-163323000.0,1,C|K,1
K,91,R,1,Y,37,S,1,K,25,C,1,X,1,K,25,S,1,R,1,C,1,K,1,X,1,Y,24,"L1:[sp=K,91] R=1,Y=37,S=1,K=25,C=1,X=1 || L2:[sp=K,25] S=1,R=1,C=1,K=1,X=1,Y=24",-inf,-inf,0,K|K,1
K,91,R,3,Y,37,S,1,K,5,X,82,C,1,K,25,S,1,R,1,X,1,K,1,C,1,Y,24,"L1:[sp=K,91] R=3,Y=37,S=1,K=5,X=82,C=1 || L2:[sp=K,25] S=1,R=1,X=1,K=1,C=1,Y=24",-inf,-inf,0,K|K,1
Y,91,R,2,Y,37,S,1,K,25,X,1,C,1,K,25,S,1,R,1,X,1,K,1,Y,24,C,1,"L1:[sp=Y,91] R=2,Y=37,S=1,K=25,X=1,C=1 || L2:[sp=K,25] S=1,R=1,X=1,K=1,Y=24,C=1",-967681.0,-163323000.0,1,Y|K,1
X,91,R,1,S,1,X,1,K,16,Y,37,C,3,K,25,S,1,R,1,X,1,K,1,C,1,Y,24,"L1:[sp=X,91] R=1,S=1,X=1,K=16,Y=37,C=3 || L2:[sp=K,25] S=1,R=1,X=1,K=1,C=1,Y=24",-974017.0,-163323000.0,1,X|K,1
K,91,R,3,Y,37,S,1,K,5,X,1,C,1,K,25,S,1,R,1,X,1,K,1,C,1,Y,25,"L1:[sp=K,91] R=3,Y=37,S=1,K=5,X=1,C=1 || L2:[sp=K,25] S=1,R=1,X=1,K=1,C=1,Y=25",-inf,-inf,0,K|K,1
X,91,R,1,Y,37,S,1,K,25,X,1,C,1,K,25,S,1,R,1,X,1,K,15,Y,24,C,1,"L1:[sp=X,91] R=1,Y=37,S=1,K=25,X=1,C=1 || L2:[sp=K,25] S=1,R=1,X=1,K=15,Y=24,C=1",-inf,-inf,0,X|K,1
K,91,R,2,Y,138,S,1,K,25,C,1,X,1,K,25,S,1,R,1,Y,24,K,1,X,1,C,1,"L1:[sp=K,91] R=2,Y=138,S=1,K=25,C=1,X=1 || L2:[sp=K,25] S=1,R=1,Y=24,K=1,X=1,C=1",-inf,-inf,0,K|K,1
X,91,R,2,S,1,Y,37,K,25,X,1,C,1,X,1,S,1,R,1,X,1,K,1,C,1,Y,24,"L1:[sp=X,91] R=2,S=1,Y=37,K=25,X=1,C=1 || L2:[sp=X,1] S=1,R=1,X=1,K=1,C=1,Y=24",-inf,-inf,0,X|X,1
K,91,R,3,S,1,Y,37,K,25,X,1,C,1,K,25,S,1,R,1,X,1,K,8,C,1,Y,12,"L1:[sp=K,91] R=3,S=1,Y=37,K=25,X=1,C=1 || L2:[sp=K,25] S=1,R=1,X=1,K=8,C=1,Y=12",-11333953.0,-163323000.0,1,K|K,1
Y,91,R,1,S,1,Y,37,K,25,X,1,C,3,X,37,X,1,R,1,S,1,K,1,C,3,Y,17,"L1:[sp=Y,91] R=1,S=1,Y=37,K=25,X=1,C=3 || L2:[sp=X,37] X=1,R=1,S=1,K=1,C=3,Y=17",-inf,-inf,0,Y|X,1
Y,91,R,2,Y,37,S,1,K,25,X,1,C,1,K,25,S,1,R,1,X,1,K,1,Y,24,C,1,"L1:[sp=Y,91] R=2,Y=37,S=1,K=25,X=1,C=1 || L2:[sp=K,25] S=1,R=1,X=1,K=1,Y=24,C=1",-967681.0,-163323000.0,1,Y|K,1
Y,91,R,1,S,1,Y,37,K,5,X,1,C,1,C,1,S,1,R,1,X,1,K,5,C,1,Y,24,"L1:[sp=Y,91] R=1,S=1,Y=37,K=5,X=1,C=1 || L2:[sp=C,1] S=1,R=1,X=1,K=5,C=1,Y=24",-14624065.0,-163323000.0,1,Y|C,1
C,91,R,1,S,1,C,2,K,25,X,1,Y,37,K,25,S,1,R,1,Y,24,K,5,C,1,X,1,"L1:[sp=C,91] R=1,S=1,C=2,K=25,X=1,Y=37 || L2:[sp=K,25] S=1,R=1,Y=24,K=5,C=1,X=1",-inf,-inf,0,C|K,1
K,91,R,3,S,1,Y,37,K,25,X,1,C,1,Y,1,K,8,R,1,X,1,S,1,C,1,Y,12,"L1:[sp=K,91] R=3,S=1,Y=37,K=25,X=1,C=1 || L2:[sp=Y,1] K=8,R=1,X=1,S=1,C=1,Y=12",-inf,-inf,0,K|Y,1
K,91,R,2,Y,37,S,1,K,37,X,1,C,1,K,25,S,1,K,1,X,1,R,1,C,1,Y,34,"L1:[sp=K,91] R=2,Y=37,S=1,K=37,X=1,C=1 || L2:[sp=K,25] S=1,K=1,X=1,R=1,C=1,Y=34",-2834497.0,-163323000.0,1,K|K,1
K,91,R,3,S,1,X,1,K,25,Y,37,C,1,K,25,S,1,R,1,X,1,K,22,C,1,Y,12,"L1:[sp=K,91] R=3,S=1,X=1,K=25,Y=37,C=1 || L2:[sp=K,25] S=1,R=1,X=1,K=22,C=1,Y=12",-inf,-inf,0,K|K,1
C,91,R,1,S,1,Y,37,K,5,X,1,C,1,K,25,S,1,C,1,X,1,K,5,R,1,Y,24,"L1:[sp=C,91] R=1,S=1,Y=37,K=5,X=1,C=1 || L2:[sp=K,25] S=1,C=1,X=1,K=5,R=1,Y=24",-inf,-inf,0,C|K,1
K,91,R,1,S,1,Y,37,K,25,X,1,C,1,K,25,S,1,R,1,X,1,K,8,C,1,Y,12,"L1:[sp=K,91] R=1,S=1,Y=37,K=25,X=1,C=1 || L2:[sp=K,25] S=1,R=1,X=1,K=8,C=1,Y=12",-inf,-inf,0,K|K,1
K,91,R,3,S,1,X,46,K,16,Y,37,C,3,X,25,S,1,R,1,X,1,K,1,C,1,Y,24,"L1:[sp=K,91] R=3,S=1,X=46,K=16,Y=37,C=3 || L2:[sp=X,25] S=1,R=1,X=1,K=1,C=1,Y=24",-inf,-inf,0,K|X,1
X,91,R,1,S,1,X,208,K,16,Y,37,C,3,K,25,S,1,R,1,X,1,K,1,C,1,Y,24,"L1:[sp=X,91] R=1,S=1,X=208,K=16,Y=37,C=3 || L2:[sp=K,25] S=1,R=1,X=1,K=1,C=1,Y=24",-inf,-inf,0,X|K,1
C,91,C,1,S,1,Y,37,K,5,X,1,R,1,K,25,S,1,X,1,R,1,K,5,C,1,Y,24,"L1:[sp=C,91] C=1,S=1,Y=37,K=5,X=1,R=1 || L2:[sp=K,25] S=1,X=1,R=1,K=5,C=1,Y=24",-30977857.0,-163323000.0,1,C|K,1
K,91,R,3,Y,93,S,1,K,5,X,1,C,1,K,25,S,1,R,1,X,1,K,1,C,1,Y,30,"L1:[sp=K,91] R=3,Y=93,S=1,K=5,X=1,C=1 || L2:[sp=K,25] S=1,R=1,X=1,K=1,C=1,Y=30",-inf,-inf,0,K|K,1
K,91,R,2,S,1,Y,37,K,25,X,1,C,2,K,25,S,1,R,1,X,1,K,8,C,1,Y,12,"L1:[sp=K,91] R=2,S=1,Y=37,K=25,X=1,C=2 || L2:[sp=K,25] S=1,R=1,X=1,K=8,C=1,Y=12",-inf,-inf,0,K|K,1
Y,91,R,2,Y,31,S,1,K,25,X,1,C,1,K,25,S,1,R,1,X,1,K,1,Y,24,C,1,"L1:[sp=Y,91] R=2,Y=31,S=1,K=25,X=1,C=1 || L2:[sp=K,25] S=1,R=1,X=1,K=1,Y=24,C=1",-749953.0,-163323000.0,1,Y|K,1
K,91,R,3,C,1,S,1,K,5,X,1,Y,37,K,25,S,1,R,3,X,1,K,1,C,1,Y,3,"L1:[sp=K,91] R=3,C=1,S=1,K=5,X=1,Y=37 || L2:[sp=K,25] S=1,R=3,X=1,K=1,C=1,Y=3",-4064257.0,-163323000.0,1,K|K,1
K,91,R,3,Y,37,S,1,K,4,X,1,C,1,K,25,S,1,R,1,X,1,K,1,C,1,Y,24,"L1:[sp=K,91] R=3,Y=37,S=1,K=4,X=1,C=1 || L2:[sp=K,25] S=1,R=1,X=1,K=1,C=1,Y=24",-inf,-inf,0,K|K,1
Y,91,R,2,Y,37,S,1,K,25,X,1,C,1,X,1,S,1,R,1,C,1,K,1,Y,24,X,1,"L1:[sp=Y,91] R=2,Y=37,S=1,K=25,X=1,C=1 || L2:[sp=X,1] S=1,R=1,C=1,K=1,Y=24,X=1",-14720833.0,-163323000.0,1,Y|X,1
C,91,R,3,Y,37,S,1,K,5,X,1,C,1,K,25,S,1,R,1,X,1,K,1,C,1,Y,24,"L1:[sp=C,91] R=3,Y=37,S=1,K=5,X=1,C=1 || L2:[sp=K,25] S=1,R=1,X=1,K=1,C=1,Y=24",-6185089.0,-163323000.0,1,C|K,1
Y,91,R,3,S,1,Y,37,K,25,X,1,C,1,K,25,S,1,R,1,X,1,K,8,C,1,Y,12,"L1:[sp=Y,91] R=3,S=1,Y=37,K=25,X=1,C=1 || L2:[sp=K,25] S=1,R=1,X=1,K=8,C=1,Y=12",-inf,-inf,0,Y|K,1
Y,91,R,2,Y,31,S,1,K,25,X,1,C,1,K,25,S,1,R,1,X,1,K,1,Y,24,C,1,"L1:[sp=Y,91] R=2,Y=31,S=1,K=25,X=1,C=1 || L2:[sp=K,25] S=1,R=1,X=1,K=1,Y=24,C=1",-inf,-inf,0,Y|K,1
Y,91,R,1,S,1,Y,37,K,5,X,1,C,1,C,1,S,1,R,1,X,1,K,5,C,1,Y,24,"L1:[sp=Y,91] R=1,S=1,Y=37,K=5,X=1,C=1 || L2:[sp=C,1] S=1,R=1,X=1,K=5,C=1,Y=24",-inf,-inf,0,Y|C,1
X,91,R,2,Y,37,S,1,K,25,C,1,X,1,Y,1,S,1,R,1,C,1,K,1,Y,24,X,1,"L1:[sp=X,91] R=2,Y=37,S=1,K=25,C=1,X=1 || L2:[sp=Y,1] S=1,R=1,C=1,K=1,Y=24,X=1",-inf,-inf,0,X|Y,1
Y,91,R,2,Y,104,S,1,K,25,X,1,C,1,K,25,S,1,R,1,X,1,K,1,Y,24,C,1,"L1:[sp=Y,91] R=2,Y=104,S=1,K=25,X=1,C=1 || L2:[sp=K,25] S=1,R=1,X=1,K=1,Y=24,C=1",-1917217.0,-163323000.0,1,Y|K,1
C,91,R,3,Y,37,S,1,K,5,X,1,C,1,K,25,S,1,R,1,X,1,K,1,C,1,Y,24,"L1:[sp=C,91] R=3,Y=37,S=1,K=5,X=1,C=1 || L2:[sp=K,25] S=1,R=1,X=1,K=1,C=1,Y=24",-6185089.0,-163323000.0,1,C|K,1
C,91,R,3,Y,37,S,1,K,5,X,1,C,1,K,25,S,1,R,1,X,1,K,1,C,1,Y,24,"L1:[sp=C,91] R=3,Y=37,S=1,K=5,X=1,C=1 || L2:[sp=K,25] S=1,R=1,X=1,K=1,C=1,Y=24",-6185089.0,-163323000.0,1,C|K,1
Y,91,R,3,Y,37,S,1,K,25,X,1,C,1,X,1,S,1,C,1,R,1,K,1,Y,27,X,1,"L1:[sp=Y,91] R=3,Y=37,S=1,K=25,X=1,C=1 || L2:[sp=X,1] S=1,C=1,R=1,K=1,Y=27,X=1",-inf,-inf,0,Y|X,1
C,91,R,3,Y,37,S,1,K,5,X,1,C,1,K,25,S,1,X,1,R,1,K,1,Y,24,C,1,"L1:[sp=C,91] R=3,Y=37,S=1,K=5,X=1,C=1 || L2:[sp=K,25] S=1,X=1,R=1,K=1,Y=24,C=1",-6185089.0,-163323000.0,1,C|K,1
Y,91,R,2,Y,37,S,1,K,25,X,1,C,1,Y,1,S,1,R,1,K,1,C,1,Y,24,X,1,"L1:[sp=Y,91] R=2,Y=37,S=1,K=25,X=1,C=1 || L2:[sp=Y,1] S=1,R=1,K=1,C=1,Y=24,X=1",-inf,-inf,0,Y|Y,1
K,91,R,2,C,1,S,1,K,5,X,1,Y,37,K,25,S,1,R,1,X,1,K,1,C,1,Y,24,"L1:[sp=K,91] R=2,C=1,S=1,K=5,X=1,Y=37 || L2:[sp=K,25] S=1,R=1,X=1,K=1,C=1,Y=24",-inf,-inf,0,K|K,1
Y,91,C,3,Y,37,S,1,K,25,X,1,R,3,K,25,S,1,R,3,X,1,K,1,Y,18,C,1,"L1:[sp=Y,91] C=3,Y=37,S=1,K=25,X=1,R=3 || L2:[sp=K,25] S=1,R=3,X=1,K=1,Y=18,C=1",-673345.0,-163323000.0,1,Y|K,1
K,91,R,2,Y,37,S,1,K,5,X,1,C,1,C,25,K,1,R,1,X,1,S,1,C,1,Y,24,"L1:[sp=K,91] R=2,Y=37,S=1,K=5,X=1,C=1 || L2:[sp=C,25] K=1,R=1,X=1,S=1,C=1,Y=24",-20575297.0,-163323000.0,1,K|C,1
Y,91,R,3,Y,37,S,1,K,40,X,1,C,1,K,25,S,1,R,3,X,1,K,1,Y,12,C,1,"L1:[sp=Y,91] R=3,Y=37,S=1,K=40,X=1,C=1 || L2:[sp=K,25] S=1,R=3,X=1,K=1,Y=12,C=1",-inf,-inf,0,Y|K,1
C,91,R,2,C,1,S,1,K,5,X,1,Y,31,K,25,S,1,R,1,X,1,Y,24,C,1,K,1,"L1:[sp=C,91] R=2,C=1,S=1,K=5,X=1,Y=31 || L2:[sp=K,25] S=1,R=1,X=1,Y=24,C=1,K=1",-6220033.0,-163323000.0,1,C|K,1
K,91,R,3,Y,37,S,1,K,25,X,1,C,1,K,25,K,1,R,3,X,1,S,1,Y,3,C,1,"L1:[sp=K,91] R=3,Y=37,S=1,K=25,X=1,C=1 || L2:[sp=K,25] K=1,R=3,X=1,S=1,Y=3,C=1",-inf,-inf,0,K|K,1
Y,91,R,2,Y,37,S,1,K,25,X,1,C,1,K,25,S,1,R,1,X,1,K,1,Y,24,C,1,"L1:[sp=Y,91] R=2,Y=37,S=1,K=25,X=1,C=1 || L2:[sp=K,25] S=1,R=1,X=1,K=1,Y=24,C=1",-inf,-inf,0,Y|K,1
C,91,C,1,S,1,Y,37,K,5,X,1,R,1,K,25,S,1,X,1,R,1,K,5,C,1,Y,24,"L1:[sp=C,91] C=1,S=1,Y=37,K=5,X=1,R=1 || L2:[sp=K,25] S=1,X=1,R=1,K=5,C=1,Y=24",-inf,-inf,0,C|K,1
Y,91,R,2,Y,37,S,1,C,1,X,1,K,25,X,1,S,1,R,1,C,1,K,1,Y,5,X,1,"L1:[sp=Y,91] R=2,Y=37,S=1,C=1,X=1,K=25 || L2:[sp=X,1] S=1,R=1,C=1,K=1,Y=5,X=1",-14720833.0,-163323000.0,1,Y|X,1
Y,91,R,2,Y,37,S,1,K,25,X,1,C,1,K,25,S,1,R,1,X,1,K,15,Y,24,C,1,"L1:[sp=Y,91] R=2,Y=37,S=1,K=25,X=1,C=1 || L2:[sp=K,25] S=1,R=1,X=1,K=15,Y=24,C=1",-inf,-inf,0,Y|K,1
Y,91,R,2,Y,31,S,1,K,25,X,91,C,1,K,25,S,1,R,1,X,1,K,1,Y,24,C,1,"L1:[sp=Y,91] R=2,Y=31,S=1,K=25,X=91,C=1 || L2:[sp=K,25] S=1,R=1,X=1,K=1,Y=24,C=1",-inf,-inf,0,Y|K,1
Y,91,C,3,Y,37,S,1,K,25,X,1,R,3,K,25,S,1,R,3,X,1,K,1,Y,18,C,1,"L1:[sp=Y,91] C=3,Y=37,S=1,K=25,X=1,R=3 || L2:[sp=K,25] S=1,R=3,X=1,K=1,Y=18,C=1",-673345.0,-163323000.0,1,Y|K,1
C,91,R,2,Y,37,S,1,K,5,X,1,C,1,K,25,S,1,X,1,K,1,R,1,Y,24,C,1,"L1:[sp=C,91] R=2,Y=37,S=1,K=5,X=1,C=1 || L2:[sp=K,25] S=1,X=1,K=1,R=1,Y=24,C=1",-6464641.0,-163323000.0,1,C|K,1
C,91,R,3,Y,37,S,1,K,5,X,1,C,1,K,25,S,1,R,1,X,1,K,1,C,1,Y,24,"L1:[sp=C,91] R=3,Y=37,S=1,K=5,X=1,C=1 || L2:[sp=K,25] S=1,R=1,X=1,K=1,C=1,Y=24",-inf,-inf,0,C|K,1
Y,91,R,2,Y,31,S,1,K,37,X,1,C,1,K,25,S,1,R,1,X,1,K,1,Y,24,C,1,"L1:[sp=Y,91] R=2,Y=31,S=1,K=37,X=1,C=1 || L2:[sp=K,25] S=1,R=1,X=1,K=1,Y=24,C=1",-inf,-inf,0,Y|K,1
C,91,R,2,C,1,S,1,K,5,X,1,Y,31,K,25,S,1,R,1,X,1,Y,24,C,1,K,1,"L1:[sp=C,91] R=2,C=1,S=1,K=5,X=1,Y=31 || L2:[sp=K,25] S=1,R=1,X=1,Y=24,C=1,K=1",-inf,-inf,0,C|K,1
C,91,R,3,Y,37,S,1,K,5,C,1,X,1,C,1,S,1,R,1,X,1,K,1,C,1,Y,24,"L1:[sp=C,91] R=3,Y=37,S=1,K=5,C=1,X=1 || L2:[sp=C,1] S=1,R=1,X=1,K=1,C=1,Y=24",-30244033.0,-163323000.0,1,C|C,1
K,91,R,3,Y,37,S,1,K,5,X,1,C,1,C,25,S,1,X,1,R,1,K,1,Y,24,C,1,"L1:[sp=K,91] R=3,Y=37,S=1,K=5,X=1,C=1 || L2:[sp=C,25] S=1,X=1,R=1,K=1,Y=24,C=1",-19849537.0,-163323000.0,1,K|C,1
K,91,R,2,Y,31,S,1,K,5,X,1,C,1,C,25,K,1,R,1,X,1,S,1,C,1,Y,24,"L1:[sp=K,91] R=2,Y=31,S=1,K=5,X=1,C=1 || L2:[sp=C,25] K=1,R=1,X=1,S=1,C=1,Y=24",-19740673.0,-163323000.0,1,K|C,1
Y,91,R,2,Y,37,S,1,K,25,X,1,C,1,K,25,S,1,R,1,X,1,K,1,Y,24,C,1,"L1:[sp=Y,91] R=2,Y=37,S=1,K=25,X=1,C=1 || L2:[sp=K,25] S=1,R=1,X=1,K=1,Y=24,C=1",-inf,-inf,0,Y|K,1
Y,91,C,3,Y,37,S,2,K,25,X,1,R,2,K,25,S,1,R,2,X,1,K,1,Y,5,C,1,"L1:[sp=Y,91] C=3,Y=37,S=2,K=25,X=1,R=2 || L2:[sp=K,25] S=1,R=2,X=1,K=1,Y=5,C=1",-1883905.0,-163323000.0,1,Y|K,1
Y,91,R,3,Y,37,S,1,C,1,X,1,K,25,X,1,S,1,R,3,C,1,K,1,Y,18,X,1,"L1:[sp=Y,91] R=3,Y=37,S=1,C=1,X=1,K=25 || L2:[sp=X,1] S=1,R=3,C=1,K=1,Y=18,X=1",-inf,-inf,0,Y|X,1
Y,91,R,2,Y,31,S,1,K,25,X,1,C,1,K,25,S,1,R,1,X,1,K,1,Y,24,C,1,"L1:[sp=Y,91] R=2,Y=31,S=1,K=25,X=1,C=1 || L2:[sp=K,25] S=1,R=1,X=1,K=1,Y=24,C=1",-inf,-inf,0,Y|K,1
Y,91,C,3,Y,37,S,1,K,25,X,1,R,3,K,25,S,1,R,3,X,1,K,1,Y,18,C,1,"L1:[sp=Y,91] C=3,Y=37,S=1,K=25,X=1,R=3 || L2:[sp=K,25] S=1,R=3,X=1,K=1,Y=18,C=1",-673345.0,-163323000.0,1,Y|K,1
C,91,C,3,Y,37,S,1,K,25,X,1,R,3,K,25,S,1,R,3,X,1,K,1,Y,18,C,3,"L1:[sp=C,91] C=3,Y=37,S=1,K=25,X=1,R=3 || L2:[sp=K,25] S=1,R=3,X=1,K=1,Y=18,C=3",-4040065.0,-163323000.0,1,C|K,1
Y,91,R,2,Y,104,S,1,K,25,X,1,C,1,K,25,S,1,R,1,X,1,K,1,Y,3,C,1,"L1:[sp=Y,91] R=2,Y=104,S=1,K=25,X=1,C=1 || L2:[sp=K,25] S=1,R=1,X=1,K=1,Y=3,C=1",-1917217.0,-163323000.0,1,Y|K,1
Y,91,C,3,Y,37,S,1,K,25,X,1,R,3,K,25,S,1,R,3,X,1,K,1,Y,18,C,1,"L1:[sp=Y,91] C=3,Y=37,S=1,K=25,X=1,R=3 || L2:[sp=K,25] S=1,R=3,X=1,K=1,Y=18,C=1",-673345.0,-163323000.0,1,Y|K,1
K,91,R,2,Y,31,S,1,K,25,X,1,C,1,K,25,S,1,R,1,X,1,K,1,Y,24,C,1,"L1:[sp=K,91] R=2,Y=31,S=1,K=25,X=1,C=1 || L2:[sp=K,25] S=1,R=1,X=1,K=1,Y=24,C=1",-inf,-inf,0,K|K,1
K,91,C,1,Y,37,S,1,K,25,X,1,R,2,Y,25,S,1,R,1,X,1,K,1,Y,5,C,1,"L1:[sp=K,91] C=1,Y=37,S=1,K=25,X=1,R=2 || L2:[sp=Y,25] S=1,R=1,X=1,K=1,Y=5,C=1",-5320225.0,-163323000.0,1,K|Y,1
X,91,R,3,Y,37,S,1,C,3,X,195,K,25,X,1,S,1,R,3,C,1,K,1,Y,18,X,1,"L1:[sp=X,91] R=3,Y=37,S=1,C=3,X=195,K=25 || L2:[sp=X,1] S=1,R=3,C=1,K=1,Y=18,X=1",-inf,-inf,0,X|X,1
C,91,R,3,Y,37,S,1,K,5,X,1,C,1,K,25,S,1,X,1,R,1,K,1,Y,24,C,1,"L1:[sp=C,91] R=3,Y=37,S=1,K=5,X=1,C=1 || L2:[sp=K,25] S=1,X=1,R=1,K=1,Y=24,C=1",-inf,-inf,0,C|K,1
Y,91,C,3,Y,37,S,1,K,25,X,1,R,3,K,25,S,1,R,3,X,1,K,1,Y,18,C,1,"L1:[sp=Y,91] C=3,Y=37,S=1,K=25,X=1,R=3 || L2:[sp=K,25] S=1,R=3,X=1,K=1,Y=18,C=1",-inf,-inf,0,Y|K,1
K,91,C,1,Y,37,S,1,K,25,X,1,R,2,Y,25,S,1,R,1,X,1,K,1,Y,5,C,1,"L1:[sp=K,91] C=1,Y=37,S=1,K=25,X=1,R=2 || L2:[sp=Y,25] S=1,R=1,X=1,K=1,Y=5,C=1",-5320225.0,-163323000.0,1,K|Y,1
K,91,R,2,Y,31,S,1,K,5,X,168,C,1,C,25,K,1,R,1,X,1,S,1,C,1,Y,24,"L1:[sp=K,91] R=2,Y=31,S=1,K=5,X=168,C=1 || L2:[sp=C,25] K=1,R=1,X=1,S=1,C=1,Y=24",-inf,-inf,0,K|C,1
Y,91,C,3,Y,37,S,1,K,25,X,1,R,2,K,25,S,1,R,2,X,1,K,1,Y,18,C,1,"L1:[sp=Y,91] C=3,Y=37,S=1,K=25,X=1,R=2 || L2:[sp=K,25] S=1,R=2,X=1,K=1,Y=18,C=1",-927361.0,-163323000.0,1,Y|K,1
K,91,R,2,Y,104,S,1,K,25,X,1,C,1,Y,25,S,1,R,1,X,1,K,1,Y,78,C,1,"L1:[sp=K,91] R=2,Y=104,S=1,K=25,X=1,C=1 || L2:[sp=Y,25] S=1,R=1,X=1,K=1,Y=78,C=1",-inf,-inf,0,K|Y,1
Y,91,C,3,Y,37,S,1,K,25,X,1,R,3,K,25,S,1,R,3,X,1,K,1,Y,29,C,1,"L1:[sp=Y,91] C=3,Y=37,S=1,K=25,X=1,R=3 || L2:[sp=K,25] S=1,R=3,X=1,K=1,Y=29,C=1",-inf,-inf,0,Y|K,1
K,91,C,1,Y,37,S,1,K,25,X,1,R,2,Y,25,S,1,R,1,X,1,K,1,Y,5,C,1,"L1:[sp=K,91] C=1,Y=37,S=1,K=25,X=1,R=2 || L2:[sp=Y,25] S=1,R=1,X=1,K=1,Y=5,C=1",-inf,-inf,0,K|Y,1
K,91,R,3,Y,37,S,1,K,5,X,1,C,1,C,25,X,1,S,1,R,1,K,1,Y,24,C,1,"L1:[sp=K,91] R=3,Y=37,S=1,K=5,X=1,C=1 || L2:[sp=C,25] X=1,S=1,R=1,K=1,Y=24,C=1",-inf,-inf,0,K|C,1
Y,91,R,2,Y,37,S,2,K,53,X,1,C,3,K,25,S,1,R,2,X,1,K,1,Y,5,C,1,"L1:[sp=Y,91] R=2,Y=37,S=2,K=53,X=1,C=3 || L2:[sp=K,25] S=1,R=2,X=1,K=1,Y=5,C=1",-inf,-inf,0,Y|K,1
K,91,R,3,Y,37,S,1,K,45,X,1,C,1,C,25,K,1,R,1,X,1,S,1,C,1,Y,24,"L1:[sp=K,91] R=3,Y=37,S=1,K=45,X=1,C=1 || L2:[sp=C,25] K=1,R=1,X=1,S=1,C=1,Y=24",-inf,-inf,0,K|C,1
K,91,C,1,Y,31,S,1,K,5,X,1,R,2,C,25,S,1,X,1,R,1,K,1,Y,18,C,1,"L1:[sp=K,91] C=1,Y=31,S=1,K=5,X=1,R=2 || L2:[sp=C,25] S=1,X=1,R=1,K=1,Y=18,C=1",-inf,-inf,0,K|C,1
Y,91,C,1,Y,37,S,1,K,25,X,1,R,2,K,25,S,1,R,1,X,1,K,1,Y,5,C,1,"L1:[sp=Y,91] C=1,Y=37,S=1,K=25,X=1,R=2 || L2:[sp=K,25] S=1,R=1,X=1,K=1,Y=5,C=1",-inf,-inf,0,Y|K,1
K,91,R,2,Y,104,S,1,K,25,X,44,C,1,Y,25,S,1,R,1,X,1,K,1,Y,3,C,1,"L1:[sp=K,91] R=2,Y=104,S=1,K=25,X=44,C=1 || L2:[sp=Y,25] S=1,R=1,X=1,K=1,Y=3,C=1",-inf,-inf,0,K|Y,1
K,91,R,2,Y,104,S,2,K,30,X,39,C,1,Y,25,S,1,R,2,X,1,K,1,Y,3,C,1,"L1:[sp=K,91] R=2,Y=104,S=2,K=30,X=39,C=1 || L2:[sp=Y,25] S=1,R=2,X=1,K=1,Y=3,C=1",-inf,-inf,0,K|Y,1
Y,91,X,1,Y,37,K,25,S,1,C,3,R,2,K,25,S,1,R,2,X,1,K,1,Y,5,C,2,"L1:[sp=Y,91] X=1,Y=37,K=25,S=1,C=3,R=2 || L2:[sp=K,25] S=1,R=2,X=1,K=1,Y=5,C=2",-inf,-inf,0,Y|K,1
K,91,R,2,Y,37,S,1,K,5,X,1,C,1,C,25,S,1,X,1,R,1,K,1,Y,5,C,1,"L1:[sp=K,91] R=2,Y=37,S=1,K=5,X=1,C=1 || L2:[sp=C,25] S=1,X=1,R=1,K=1,Y=5,C=1",-inf,-inf,0,K|C,1
Y,91,C,1,Y,37,S,1,X,1,K,25,R,3,K,25,S,1,R,1,X,1,K,1,Y,24,C,1,"L1:[sp=Y,91] C=1,Y=37,S=1,X=1,K=25,R=3 || L2:[sp=K,25] S=1,R=1,X=1,K=1,Y=24,C=1",-713665.0,-163323000.0,1,Y|K,1
K,91,C,3,Y,37,S,1,K,25,X,1,R,2,Y,25,S,1,R,1,X,1,K,1,Y,34,C,1,"L1:[sp=K,91] C=3,Y=37,S=1,K=25,X=1,R=2 || L2:[sp=Y,25] S=1,R=1,X=1,K=1,Y=34,C=1",-inf,-inf,0,K|Y,1
K,91,R,2,Y,31,X,1,K,5,S,1,C,1,C,25,K,1,R,1,X,1,S,1,C,1,Y,24,"L1:[sp=K,91] R=2,Y=31,X=1,K=5,S=1,C=1 || L2:[sp=C,25] K=1,R=1,X=1,S=1,C=1,Y=24",-19740673.0,-163323000.0,1,K|C,1
Y,91,C,1,Y,37,S,1,X,1,K,25,R,3,K,25,S,1,R,1,X,1,K,1,Y,24,C,1,"L1:[sp=Y,91] C=1,Y=37,S=1,X=1,K=25,R=3 || L2:[sp=K,25] S=1,R=1,X=1,K=1,Y=24,C=1",-713665.0,-163323000.0,1,Y|K,1
K,91,C,1,Y,37,S,1,K,25,X,1,R,2,Y,25,S,1,K,10,X,1,C,1,Y,5,R,2,"L1:[sp=K,91] C=1,Y=37,S=1,K=25,X=1,R=2 || L2:[sp=Y,25] S=1,K=10,X=1,C=1,Y=5,R=2",-inf,-inf,0,K|Y,1
K,91,R,2,Y,31,X,84,K,5,S,1,C,1,C,25,K,1,R,1,S,1,X,1,C,1,Y,24,"L1:[sp=K,91] R=2,Y=31,X=84,K=5,S=1,C=1 || L2:[sp=C,25] K=1,R=1,S=1,X=1,C=1,Y=24",-inf,-inf,0,K|C,1
K,91,R,2,Y,31,X,1,K,5,S,1,C,1,C,25,R,1,K,1,X,1,S,1,C,1,Y,24,"L1:[sp=K,91] R=2,Y=31,X=1,K=5,S=1,C=1 || L2:[sp=C,25] R=1,K=1,X=1,S=1,C=1,Y=24",-inf,-inf,0,K|C,1
Y,91,C,1,Y,37,S,1,X,1,K,25,R,2,K,25,S,1,R,1,X,1,K,1,Y,24,C,1,"L1:[sp=Y,91] C=1,Y=37,S=1,X=1,K=25,R=2 || L2:[sp=K,25] S=1,R=1,X=1,K=1,Y=24,C=1",-967681.0,-163323000.0,1,Y|K,1
Y,91,C,1,Y,37,S,2,X,183,K,25,R,3,K,25,S,1,R,1,X,1,K,1,Y,24,C,1,"L1:[sp=Y,91] C=1,Y=37,S=2,X=183,K=25,R=3 || L2:[sp=K,25] S=1,R=1,X=1,K=1,Y=24,C=1",-inf,-inf,0,Y|K,1
X,91,C,3,Y,37,X,1,K,25,S,1,R,2,K,25,S,1,R,2,X,1,K,1,Y,18,C,3,"L1:[sp=X,91] C=3,Y=37,X=1,K=25,S=1,R=2 || L2:[sp=K,25] S=1,R=2,X=1,K=1,Y=18,C=3",-919981.0,-163323000.0,1,X|K,1
Y,91,C,1,Y,37,S,1,X,1,K,25,R,3,K,25,S,1,R,1,X,1,K,1,Y,26,C,1,"L1:[sp=Y,91] C=1,Y=37,S=1,X=1,K=25,R=3 || L2:[sp=K,25] S=1,R=1,X=1,K=1,Y=26,C=1",-713665.0,-163323000.0,1,Y|K,1
Y,91,C,3,Y,37,S,1,K,25,X,1,R,2,K,25,S,1,R,2,X,1,K,1,Y,18,C,1,"L1:[sp=Y,91] C=3,Y=37,S=1,K=25,X=1,R=2 || L2:[sp=K,25] S=1,R=2,X=1,K=1,Y=18,C=1",-inf,-inf,0,Y|K,1
C,91,R,2,Y,37,X,97,K,5,S,1,C,3,K,25,K,1,R,2,X,1,C,1,S,1,Y,18,"L1:[sp=C,91] R=2,Y=37,X=97,K=5,S=1,C=3 || L2:[sp=K,25] K=1,R=2,X=1,C=1,S=1,Y=18",-23379175.0,-163323000.0,1,C|K,1
Y,91,C,1,Y,154,X,1,K,25,S,1,R,2,K,25,S,1,R,1,X,1,K,1,Y,24,C,1,"L1:[sp=Y,91] C=1,Y=154,X=1,K=25,S=1,R=2 || L2:[sp=K,25] S=1,R=1,X=1,K=1,Y=24,C=1",-2824417.0,-163323000.0,1,Y|K,1
K,91,C,1,Y,37,S,1,X,1,K,25,R,3,Y,25,S,1,R,1,X,1,K,1,Y,24,C,1,"L1:[sp=K,91] C=1,Y=37,S=1,X=1,K=25,R=3 || L2:[sp=Y,25] S=1,R=1,X=1,K=1,Y=24,C=1",-21784897.0,-163323000.0,1,K|Y,1
Y,91,C,3,Y,37,S,1,K,25,X,1,R,2,K,25,S,1,R,2,X,1,K,1,Y,18,C,1,"L1:[sp=Y,91] C=3,Y=37,S=1,K=25,X=1,R=2 || L2:[sp=K,25] S=1,R=2,X=1,K=1,Y=18,C=1",-inf,-inf,0,Y|K,1
K,91,R,2,Y,77,X,1,K,5,S,1,C,1,C,25,K,1,R,1,X,1,S,1,C,1,Y,18,"L1:[sp=K,91] R=2,Y=77,X=1,K=5,S=1,C=1 || L2:[sp=C,25] K=1,R=1,X=1,S=1,C=1,Y=18",-inf,-inf,0,K|C,1
Y,91,C,3,Y,31,S,1,R,2,X,1,K,25,K,25,S,1,R,1,X,1,K,1,Y,24,C,1,"L1:[sp=Y,91] C=3,Y=31,S=1,R=2,X=1,K=25 || L2:[sp=K,25] S=1,R=1,X=1,K=1,Y=24,C=1",-733825.0,-163323000.0,1,Y|K,1
Y,91,C,1,Y,37,S,2,X,127,K,25,R,2,K,25,S,1,R,2,X,1,K,1,Y,8,C,1,"L1:[sp=Y,91] C=1,Y=37,S=2,X=127,K=25,R=2 || L2:[sp=K,25] S=1,R=2,X=1,K=1,Y=8,C=1",-inf,-inf,0,Y|K,1
K,91,C,3,Y,37,S,1,K,25,X,1,R,3,Y,25,S,1,R,1,X,1,K,1,Y,24,C,1,"L1:[sp=K,91] C=3,Y=37,S=1,K=25,X=1,R=3 || L2:[sp=Y,25] S=1,R=1,X=1,K=1,Y=24,C=1",-21776833.0,-163323000.0,1,K|Y,1
Y,91,C,1,Y,31,S,1,X,1,K,25,R,2,K,25,S,1,R,1,X,1,K,1,Y,24,C,1,"L1:[sp=Y,91] C=1,Y=31,S=1,X=1,K=25,R=2 || L2:[sp=K,25] S=1,R=1,X=1,K=1,Y=24,C=1",-749953.0,-163323000.0,1,Y|K,1
K,91,R,3,Y,37,X,1,K,39,S,1,C,1,C,25,K,33,R,1,X,1,S,1,C,1,Y,24,"L1:[sp=K,91] R=3,Y=37,X=1,K=39,S=1,C=1 || L2:[sp=C,25] K=33,R=1,X=1,S=1,C=1,Y=24",-inf,-inf,0,K|C,1
Y,91,C,1,Y,37,S,1,X,1,K,25,R,3,K,25,S,1,R,1,X,1,K,1,Y,24,C,1,"L1:[sp=Y,91] C=1,Y=37,S=1,X=1,K=25,R=3 || L2:[sp=K,25] S=1,R=1,X=1,K=1,Y=24,C=1",-inf,-inf,0,Y|K,1
K,91,C,3,Y,37,S,1,K,25,X,1,R,3,Y,25,S,1,R,1,X,1,K,1,Y,24,C,1,"L1:[sp=K,91] C=3,Y=37,S=1,K=25,X=1,R=3 || L2:[sp=Y,25] S=1,R=1,X=1,K=1,Y=24,C=1",-inf,-inf,0,K|Y,1
Y,91,C,1,Y,33,S,1,X,1,K,25,R,2,K,25,S,1,R,1,X,1,K,1,Y,24,C,1,"L1:[sp=Y,91] C=1,Y=33,S=1,X=1,K=25,R=2 || L2:[sp=K,25] S=1,R=1,X=1,K=1,Y=24,C=1",-inf,-inf,0,Y|K,1
Y,91,C,1,Y,37,S,3,X,1,K,25,R,3,K,25,S,1,R,1,X,1,K,1,Y,24,C,1,"L1:[sp=Y,91] C=1,Y=37,S=3,X=1,K=25,R=3 || L2:[sp=K,25] S=1,R=1,X=1,K=1,Y=24,C=1",-inf,-inf,0,Y|K,1
K,91,C,3,Y,37,S,1,K,25,X,1,R,3,Y,25,S,1,K,1,X,1,R,1,Y,24,C,1,"L1:[sp=K,91] C=3,Y=37,S=1,K=25,X=1,R=3 || L2:[sp=Y,25] S=1,K=1,X=1,R=1,Y=24,C=1",-21776833.0,-163323000.0,1,K|Y,1
C,91,C,1,Y,37,S,1,X,1,K,25,R,2,K,25,S,1,R,1,X,1,K,1,Y,26,C,1,"L1:[sp=C,91] C=1,Y=37,S=1,X=1,K=25,R=2 || L2:[sp=K,25] S=1,R=1,X=1,K=1,Y=26,C=1",-1479745.0,-163323000.0,1,C|K,1
Y,91,C,1,Y,154,X,1,K,33,S,1,R,1,K,25,S,1,R,1,X,1,K,1,Y,24,C,1,"L1:[sp=Y,91] C=1,Y=154,X=1,K=33,S=1,R=1 || L2:[sp=K,25] S=1,R=1,X=1,K=1,Y=24,C=1",-3737665.0,-163323000.0,1,Y|K,1
Y,91,C,1,Y,121,S,1,X,1,K,25,R,2,K,25,S,1,R,1,X,1,K,1,Y,24,C,1,"L1:[sp=Y,91] C=1,Y=121,S=1,X=1,K=25,R=2 || L2:[sp=K,25] S=1,R=1,X=1,K=1,Y=24,C=1",-inf,-inf,0,Y|K,1
Y,91,C,1,Y,37,S,1,X,1,K,25,R,3,K,25,S,1,R,1,X,1,K,1,Y,24,C,1,"L1:[sp=Y,91] C=1,Y=37,S=1,X=1,K=25,R=3 || L2:[sp=K,25] S=1,R=1,X=1,K=1,Y=24,C=1",-inf,-inf,0,Y|K,1
Y,91,C,3,Y,37,S,1,X,1,K,25,R,2,K,25,S,1,R,2,X,1,K,1,Y,24,C,1,"L1:[sp=Y,91] C=3,Y=37,S=1,X=1,K=25,R=2 || L2:[sp=K,25] S=1,R=2,X=1,K=1,Y=24,C=1",-1217665.0,-163323000.0,1,Y|K,1
X,91,S,1,Y,37,X,1,K,25,C,3,R,2,K,25,S,1,R,1,X,1,K,1,Y,18,C,3,"L1:[sp=X,91] S=1,Y=37,X=1,K=25,C=3,R=2 || L2:[sp=K,25] S=1,R=1,X=1,K=1,Y=18,C=3",-inf,-inf,0,X|K,1
Y,91,C,1,Y,135,S,1,X,1,K,25,R,3,K,5,R,1,S,1,X,1,K,1,Y,24,C,1,"L1:[sp=Y,91] C=1,Y=135,S=1,X=1,K=25,R=3 || L2:[sp=K,5] R=1,S=1,X=1,K=1,Y=24,C=1",-10777537.0,-163323000.0,1,Y|K,1
K,91,C,2,Y,37,S,1,K,25,X,1,R,3,Y,25,S,1,R,1,X,1,K,1,Y,24,C,1,"L1:[sp=K,91] C=2,Y=37,S=1,K=25,X=1,R=3 || L2:[sp=Y,25] S=1,R=1,X=1,K=1,Y=24,C=1",-inf,-inf,0,K|Y,1
K,91,C,3,Y,15,S,1,K,25,X,1,R,3,Y,25,S,1,R,1,X,1,K,1,Y,15,C,1,"L1:[sp=K,91] C=3,Y=15,S=1,K=25,X=1,R=3 || L2:[sp=Y,25] S=1,R=1,X=1,K=1,Y=15,C=1",-inf,-inf,0,K|Y,1
Y,91,C,1,Y,37,S,1,X,1,K,25,R,3,K,25,S,1,R,1,X,1,K,1,Y,26,C,1,"L1:[sp=Y,91] C=1,Y=37,S=1,X=1,K=25,R=3 || L2:[sp=K,25] S=1,R=1,X=1,K=1,Y=26,C=1",-713665.0,-163323000.0,1,Y|K,1
Y,91,C,3,Y,31,S,1,R,2,X,194,K,25,K,25,S,1,R,1,X,1,K,1,Y,24,C,1,"L1:[sp=Y,91] C=3,Y=31,S=1,R=2,X=194,K=25 || L2:[sp=K,25] S=1,R=1,X=1,K=1,Y=24,C=1",-inf,-inf,0,Y|K,1
Y,91,C,1,Y,37,S,1,X,1,K,25,R,3,K,25,S,1,C,1,X,1,K,2,Y,24,R,1,"L1:[sp=Y,91] C=1,Y=37,S=1,X=1,K=25,R=3 || L2:[sp=K,25] S=1,C=1,X=1,K=2,Y=24,R=1",-1421281.0,-163323000.0,1,Y|K,1
K,91,C,3,K,25,S,1,Y,37,X,1,R,1,Y,25,S,1,Y,24,X,1,K,1,R,1,C,1,"L1:[sp=K,91] C=3,K=25,S=1,Y=37,X=1,R=1 || L2:[sp=Y,25] S=1,Y=24,X=1,K=1,R=1,C=1",-25415713.0,-163323000.0,1,K|Y,1
K,91,C,1,Y,37,S,1,X,1,K,25,R,3,Y,25,S,1,R,1,Y,24,K,1,X,1,C,1,"L1:[sp=K,91] C=1,Y=37,S=1,X=1,K=25,R=3 || L2:[sp=Y,25] S=1,R=1,Y=24,K=1,X=1,C=1",-inf,-inf,0,K|Y,1
Y,91,C,1,Y,37,S,1,X,1,K,25,R,3,K,25,S,1,R,1,X,1,K,1,Y,26,C,1,"L1:[sp=Y,91] C=1,Y=37,S=1,X=1,K=25,R=3 || L2:[sp=K,25] S=1,R=1,X=1,K=1,Y=26,C=1",-inf,-inf,0,Y|K,1
Y,91,C,1,Y,25,S,1,X,1,K,25,R,3,K,25,S,1,R,1,X,1,K,1,Y,24,C,1,"L1:[sp=Y,91] C=1,Y=25,S=1,X=1,K=25,R=3 || L2:[sp=K,25] S=1,R=1,X=1,K=1,Y=24,C=1",-inf,-inf,0,Y|K,1
Y,91,X,29,Y,37,S,1,C,1,K,25,R,3,K,5,R,1,S,1,X,1,K,1,Y,26,C,1,"L1:[sp=Y,91] X=29,Y=37,S=1,C=1,K=25,R=3 || L2:[sp=K,5] R=1,S=1,X=1,K=1,Y=26,C=1",-inf,-inf,0,Y|K,1
Y,91,C,3,Y,37,S,1,X,1,K,25,R,1,K,25,S,1,R,1,X,1,K,1,Y,24,C,1,"L1:[sp=Y,91] C=3,Y=37,S=1,X=1,K=25,R=1 || L2:[sp=K,25] S=1,R=1,X=1,K=1,Y=24,C=1",-inf,-inf,0,Y|K,1
K,91,C,3,K,25,S,1,Y,37,X,1,R,2,Y,25,S,1,Y,24,X,1,K,16,R,1,C,1,"L1:[sp=K,91] C=3,K=25,S=1,Y=37,X=1,R=2 || L2:[sp=Y,25] S=1,Y=24,X=1,K=16,R=1,C=1",-inf,-inf,0,K|Y,1
Y,91,C,1,Y,37,S,1,X,1,K,25,R,3,K,25,S,1,C,1,X,1,K,2,Y,24,R,1,"L1:[sp=Y,91] C=1,Y=37,S=1,X=1,K=25,R=3 || L2:[sp=K,25] S=1,C=1,X=1,K=2,Y=24,R=1",-inf,-inf,0,Y|K,1
C,91,C,3,Y,37,S,1,X,1,K,25,R,2,K,25,S,1,X,1,R,2,K,1,Y,24,C,1,"L1:[sp=C,91] C=3,Y=37,S=1,X=1,K=25,R=2 || L2:[sp=K,25] S=1,X=1,R=2,K=1,Y=24,C=1",-inf,-inf,0,C|K,1
Y,91,X,1,Y,154,C,1,K,33,S,1,R,3,K,25,S,1,R,1,X,1,K,1,Y,24,C,1,"L1:[sp=Y,91] X=1,Y=154,C=1,K=33,S=1,R=3 || L2:[sp=K,25] S=1,R=1,X=1,K=1,Y=24,C=1",-3777985.0,-163323000.0,1,Y|K,1
C,91,C,1,S,1,Y,37,X,37,K,25,R,1,C,1,S,1,R,1,X,1,K,1,Y,26,C,1,"L1:[sp=C,91] C=1,S=1,Y=37,X=37,K=25,R=1 || L2:[sp=C,1] S=1,R=1,X=1,K=1,Y=26,C=1",-30063916.0,-163324000.0,1,C|C,1
C,91,C,1,Y,37,S,1,X,157,K,25,R,3,K,25,S,1,R,1,X,1,K,1,Y,32,C,1,"L1:[sp=C,91] C=1,Y=37,S=1,X=157,K=25,R=3 || L2:[sp=K,25] S=1,R=1,X=1,K=1,Y=32,C=1",-inf,-inf,0,C|K,1
Y,91,C,1,Y,37,S,1,X,1,K,25,R,2,K,5,S,1,Y,24,X,1,K,2,C,1,R,1,"L1:[sp=Y,91] C=1,Y=37,S=1,X=1,K=25,R=2 || L2:[sp=K,5] S=1,Y=24,X=1,K=2,C=1,R=1",-inf,-inf,0,Y|K,1
X,91,R,3,C,1,S,1,X,1,K,43,Y,37,K,25,S,1,C,1,X,1,K,2,Y,24,R,1,"L1:[sp=X,91] R=3,C=1,S=1,X=1,K=43,Y=37 || L2:[sp=K,25] S=1,C=1,X=1,K=2,Y=24,R=1",-964441.0,-163323000.0,1,X|K,1
K,91,C,3,Y,177,S,1,K,25,X,1,R,3,Y,25,S,1,K,1,X,1,R,1,Y,24,C,1,"L1:[sp=K,91] C=3,Y=177,S=1,K=25,X=1,R=3 || L2:[sp=Y,25] S=1,K=1,X=1,R=1,Y=24,C=1",-inf,-inf,0,K|Y,1
Y,91,C,3,Y,37,S,1,X,186,K,25,R,2,K,25,S,1,R,2,X,1,K,1,Y,24,C,1,"L1:[sp=Y,91] C=3,Y=37,S=1,X=186,K=25,R=2 || L2:[sp=K,25] S=1,R=2,X=1,K=1,Y=24,C=1",-inf,-inf,0,Y|K,1
Y,91,C,1,Y,135,S,1,R,3,K,25,X,1,K,5,R,1,S,1,X,1,K,1,Y,24,C,1,"L1:[sp=Y,91] C=1,Y=135,S=1,R=3,K=25,X=1 || L2:[sp=K,5] R=1,S=1,X=1,K=1,Y=24,C=1",-10777537.0,-163323000.0,1,Y|K,1
X,91,C,3,Y,37,S,1,X,1,K,25,R,2,K,25,S,1,R,2,X,1,K,1,Y,24,C,1,"L1:[sp=X,91] C=3,Y=37,S=1,X=1,K=25,R=2 || L2:[sp=K,25] S=1,R=2,X=1,K=1,Y=24,C=1",-969229.0,-163323000.0,1,X|K,1
Y,91,C,1,Y,37,S,1,X,1,K,25,R,3,K,25,S,1,R,1,X,1,K,1,Y,26,C,1,"L1:[sp=Y,91] C=1,Y=37,S=1,X=1,K=25,R=3 || L2:[sp=K,25] S=1,R=1,X=1,K=1,Y=26,C=1",-inf,-inf,0,Y|K,1
Y,91,C,1,Y,154,X,1,K,33,S,1,R,1,K,25,S,1,R,1,X,1,K,29,C,1,Y,24,"L1:[sp=Y,91] C=1,Y=154,X=1,K=33,S=1,R=1 || L2:[sp=K,25] S=1,R=1,X=1,K=29,C=1,Y=24",-inf,-inf,0,Y|K,1
Y,91,C,3,Y,37,S,1,X,1,K,25,R,2,K,25,S,1,R,2,X,1,K,1,Y,24,C,2,"L1:[sp=Y,91] C=3,Y=37,S=1,X=1,K=25,R=2 || L2:[sp=K,25] S=1,R=2,X=1,K=1,Y=24,C=2",-inf,-inf,0,Y|K,1
X,91,R,3,C,1,S,1,X,1,K,43,Y,37,K,25,S,1,C,1,X,1,K,2,Y,24,R,1,"L1:[sp=X,91] R=3,C=1,S=1,X=1,K=43,Y=37 || L2:[sp=K,25] S=1,C=1,X=1,K=2,Y=24,R=1",-964441.0,-163323000.0,1,X|K,1
C,91,C,1,S,1,Y,37,X,37,K,25,R,1,X,37,S,1,R,1,X,7,K,1,Y,26,C,1,"L1:[sp=C,91] C=1,S=1,Y=37,X=37,K=25,R=1 || L2:[sp=X,37] S=1,R=1,X=7,K=1,Y=26,C=1",-inf,-inf,0,C|X,1
X,91,R,3,C,1,S,1,X,1,K,43,Y,37,K,25,S,1,C,1,X,1,K,22,Y,24,R,1,"L1:[sp=X,91] R=3,C=1,S=1,X=1,K=43,Y=37 || L2:[sp=K,25] S=1,C=1,X=1,K=22,Y=24,R=1",-inf,-inf,0,X|K,1
X,91,C,3,Y,152,S,1,X,1,K,25,R,2,K,25,S,1,R,2,X,1,K,1,Y,24,C,2,"L1:[sp=X,91] C=3,Y=152,S=1,X=1,K=25,R=2 || L2:[sp=K,25] S=1,R=2,X=1,K=1,Y=24,C=2",-855001.0,-163323000.0,1,X|K,1
K,91,C,1,Y,135,S,1,R,3,K,25,X,1,K,5,R,1,S,1,X,1,K,1,Y,24,C,1,"L1:[sp=K,91] C=1,Y=135,S=1,R=3,K=25,X=1 || L2:[sp=K,5] R=1,S=1,X=1,K=1,Y=24,C=1",-6838273.0,-163323000.0,1,K|K,1
X,91,R,3,C,1,S,1,X,1,K,43,Y,170,K,25,S,1,C,1,X,1,K,38,Y,24,R,1,"L1:[sp=X,91] R=3,C=1,S=1,X=1,K=43,Y=170 || L2:[sp=K,25] S=1,C=1,X=1,K=38,Y=24,R=1",-inf,-inf,0,X|K,1
K,91,C,2,Y,135,S,1,R,3,K,19,X,1,Y,5,R,1,S,1,C,1,K,1,Y,24,X,1,"L1:[sp=K,91] C=2,Y=135,S=1,R=3,K=19,X=1 || L2:[sp=Y,5] R=1,S=1,C=1,K=1,Y=24,X=1",-6667585.0,-163323000.0,1,K|Y,1
X,91,R,3,C,1,S,1,Y,154,K,43,X,1,K,25,S,1,C,1,X,1,K,2,Y,24,R,1,"L1:[sp=X,91] R=3,C=1,S=1,Y=154,K=43,X=1 || L2:[sp=K,25] S=1,C=1,X=1,K=2,Y=24,R=1",-887833.0,-163324000.0,1,X|K,1
C,91,X,1,Y,37,C,1,K,33,S,1,R,3,K,25,S,1,R,1,X,1,Y,24,K,1,C,1,"L1:[sp=C,91] X=1,Y=37,C=1,K=33,S=1,R=3 || L2:[sp=K,25] S=1,R=1,X=1,Y=24,K=1,C=1",-1895041.0,-163323000.0,1,C|K,1
Y,91,C,1,Y,135,S,1,R,1,K,25,X,1,K,5,R,1,S,1,X,1,K,1,Y,24,C,1,"L1:[sp=Y,91] C=1,Y=135,S=1,R=1,K=25,X=1 || L2:[sp=K,5] R=1,S=1,X=1,K=1,Y=24,C=1",-10632385.0,-163323000.0,1,Y|K,1
X,91,R,3,C,1,S,1,K,43,X,1,Y,37,K,25,S,1,C,1,X,1,K,2,Y,24,R,1,"L1:[sp=X,91] R=3,C=1,S=1,K=43,X=1,Y=37 || L2:[sp=K,25] S=1,C=1,X=1,K=2,Y=24,R=1",-964441.0,-163323000.0,1,X|K,1
X,91,C,1,S,1,Y,37,X,1,K,25,R,3,C,1,S,1,R,1,X,1,K,1,Y,24,C,1,"L1:[sp=X,91] C=1,S=1,Y=37,X=1,K=25,R=3 || L2:[sp=C,1] S=1,R=1,X=1,K=1,Y=24,C=1",-inf,-inf,0,X|C,1
X,91,R,1,C,1,S,1,X,37,K,43,Y,37,K,25,S,1,C,1,X,1,K,24,R,1,Y,26,"L1:[sp=X,91] R=1,C=1,S=1,X=37,K=43,Y=37 || L2:[sp=K,25] S=1,C=1,X=1,K=24,R=1,Y=26",-inf,-inf,0,X|K,1
K,91,C,2,Y,135,S,1,R,3,K,25,X,1,Y,5,R,1,S,1,X,1,K,1,Y,24,C,1,"L1:[sp=K,91] C=2,Y=135,S=1,R=3,K=25,X=1 || L2:[sp=Y,5] R=1,S=1,X=1,K=1,Y=24,C=1",-8772289.0,-163323000.0,1,K|Y,1
X,91,C,3,Y,37,S,1,X,1,K,26,R,2,K,25,S,1,R,1,X,1,K,1,Y,18,C,1,"L1:[sp=X,91] C=3,Y=37,S=1,X=1,K=26,R=2 || L2:[sp=K,25] S=1,R=1,X=1,K=1,Y=18,C=1",-1184689.0,-163323000.0,1,X|K,1
X,91,C,3,Y,135,S,1,X,1,K,25,R,3,K,25,S,1,R,1,X,1,K,1,Y,24,C,1,"L1:[sp=X,91] C=3,Y=135,S=1,X=1,K=25,R=3 || L2:[sp=K,25] S=1,R=1,X=1,K=1,Y=24,C=1",-696313.0,-163323000.0,1,X|K,1
Y,91,C,1,Y,19,S,1,R,2,K,25,X,1,K,5,R,2,S,1,X,1,K,1,Y,19,C,1,"L1:[sp=Y,91] C=1,Y=19,S=1,R=2,K=25,X=1 || L2:[sp=K,5] R=2,S=1,X=1,K=1,Y=19,C=1",-2003905.0,-163323000.0,1,Y|K,1
X,91,R,2,X,1,S,1,C,1,K,24,Y,37,K,25,S,1,C,1,R,2,K,2,Y,6,X,1,"L1:[sp=X,91] R=2,X=1,S=1,C=1,K=24,Y=37 || L2:[sp=K,25] S=1,C=1,R=2,K=2,Y=6,X=1",-1844749.0,-163323000.0,1,X|K,1
X,91,C,3,Y,37,S,1,X,1,K,25,R,3,K,25,S,1,R,1,X,1,K,1,Y,9,C,3,"L1:[sp=X,91] C=3,Y=37,S=1,X=1,K=25,R=3 || L2:[sp=K,25] S=1,R=1,X=1,K=1,Y=9,C=3",-722305.0,-163323000.0,1,X|K,1
X,91,C,3,Y,135,S,1,X,1,K,25,R,3,K,25,S,1,R,1,X,1,K,1,Y,24,C,1,"L1:[sp=X,91] C=3,Y=135,S=1,X=1,K=25,R=3 || L2:[sp=K,25] S=1,R=1,X=1,K=1,Y=24,C=1",-inf,-inf,0,X|K,1
K,91,C,3,Y,135,S,1,X,1,K,25,R,3,X,25,S,1,R,1,X,1,K,1,Y,24,C,3,"L1:[sp=K,91] C=3,Y=135,S=1,X=1,K=25,R=3 || L2:[sp=X,25] S=1,R=1,X=1,K=1,Y=24,C=3",-34172545.0,-163323000.0,1,K|X,1
X,91,R,3,C,1,K,33,X,1,S,1,Y,37,K,25,S,1,C,1,K,2,X,1,Y,24,R,1,"L1:[sp=X,91] R=3,C=1,K=33,X=1,S=1,Y=37 || L2:[sp=K,25] S=1,C=1,K=2,X=1,Y=24,R=1",-964441.0,-163323000.0,1,X|K,1
X,91,C,1,Y,37,S,1,X,1,K,25,R,2,K,25,S,1,R,1,X,1,K,1,Y,18,C,1,"L1:[sp=X,91] C=1,Y=37,S=1,X=1,K=25,R=2 || L2:[sp=K,25] S=1,R=1,X=1,K=1,Y=18,C=1",-722305.0,-163323000.0,1,X|K,1
X,91,C,3,Y,135,S,1,X,1,K,26,R,3,K,25,S,1,R,1,X,1,C,1,Y,24,K,1,"L1:[sp=X,91] C=3,Y=135,S=1,X=1,K=26,R=3 || L2:[sp=K,25] S=1,R=1,X=1,C=1,Y=24,K=1",-inf,-inf,0,X|K,1
X,91,R,3,C,1,S,1,X,1,K,43,Y,37,K,25,S,1,C,1,X,1,K,2,R,1,Y,24,"L1:[sp=X,91] R=3,C=1,S=1,X=1,K=43,Y=37 || L2:[sp=K,25] S=1,C=1,X=1,K=2,R=1,Y=24",-inf,-inf,0,X|K,1
X,91,C,3,Y,135,S,1,X,1,K,25,R,3,K,25,S,1,R,1,X,1,K,1,Y,37,C,1,"L1:[sp=X,91] C=3,Y=135,S=1,X=1,K=25,R=3 || L2:[sp=K,25] S=1,R=1,X=1,K=1,Y=37,C=1",-inf,-inf,0,X|K,1
X,91,C,3,Y,135,S,1,X,1,K,25,R,3,K,25,S,1,R,1,X,1,K,1,Y,24,C,1,"L1:[sp=X,91] C=3,Y=135,S=1,X=1,K=25,R=3 || L2:[sp=K,25] S=1,R=1,X=1,K=1,Y=24,C=1",-inf,-inf,0,X|K,1
X,91,R,3,C,1,Y,154,S,1,K,43,X,1,C,1,S,1,C,1,X,1,K,2,Y,24,R,1,"L1:[sp=X,91] R=3,C=1,Y=154,S=1,K=43,X=1 || L2:[sp=C,1] S=1,C=1,X=1,K=2,Y=24,R=1",-inf,-inf,0,X|C,1
X,91,C,3,Y,152,S,1,X,1,K,25,R,2,K,25,S,1,R,2,X,1,K,1,Y,24,C,2,"L1:[sp=X,91] C=3,Y=152,S=1,X=1,K=25,R=2 || L2:[sp=K,25] S=1,R=2,X=1,K=1,Y=24,C=2",-855001.0,-163323000.0,1,X|K,1
X,91,R,3,C,3,S,1,K,43,X,1,Y,37,K,25,S,1,C,1,X,1,K,2,Y,24,R,1,"L1:[sp=X,91] R=3,C=3,S=1,K=43,X=1,Y=37 || L2:[sp=K,25] S=1,C=1,X=1,K=2,Y=24,R=1",-961705.0,-163323000.0,1,X|K,1
X,91,C,3,Y,135,S,1,X,1,K,25,R,2,K,25,S,1,R,1,X,1,K,1,Y,24,C,1,"L1:[sp=X,91] C=3,Y=135,S=1,X=1,K=25,R=2 || L2:[sp=K,25] S=1,R=1,X=1,K=1,Y=24,C=1",-inf,-inf,0,X|K,1
X,91,R,1,C,1,S,1,X,1,K,43,Y,37,K,25,S,1,C,1,X,1,K,2,Y,24,R,1,"L1:[sp=X,91] R=1,C=1,S=1,X=1,K=43,Y=37 || L2:[sp=K,25] S=1,C=1,X=1,K=2,Y=24,R=1",-inf,-inf,0,X|K,1
X,91,C,3,Y,49,S,1,X,1,K,25,R,3,K,25,S,1,R,1,X,1,K,1,Y,9,C,3,"L1:[sp=X,91] C=3,Y=49,S=1,X=1,K=25,R=3 || L2:[sp=K,25] S=1,R=1,X=1,K=1,Y=9,C=3",-inf,-inf,0,X|K,1
X,91,R,3,C,1,S,1,X,1,K,43,Y,37,K,25,S,1,C,1,X,1,K,2,Y,24,R,1,"L1:[sp=X,91] R=3,C=1,S=1,X=1,K=43,Y=37 || L2:[sp=K,25] S=1,C=1,X=1,K=2,Y=24,R=1",-inf,-inf,0,X|K,1
X,91,C,1,Y,135,S,1,X,1,K,25,R,3,K,25,S,1,R,1,X,1,K,1,Y,24,C,1,"L1:[sp=X,91] C=1,Y=135,S=1,X=1,K=25,R=3 || L2:[sp=K,25] S=1,R=1,X=1,K=1,Y=24,C=1",-inf,-inf,0,X|K,1
X,91,R,3,C,1,S,1,K,43,X,1,Y,37,K,25,S,1,C,1,X,1,K,40,Y,24,R,1,"L1:[sp=X,91] R=3,C=1,S=1,K=43,X=1,Y=37 || L2:[sp=K,25] S=1,C=1,X=1,K=40,Y=24,R=1",-inf,-inf,0,X|K,1
X,91,R,3,C,1,S,1,Y,37,K,43,X,1,K,1,S,1,C,1,X,1,K,2,Y,24,R,1,"L1:[sp=X,91] R=3,C=1,S=1,Y=37,K=43,X=1 || L2:[sp=K,1] S=1,C=1,X=1,K=2,Y=24,R=1",-inf,-inf,0,X|K,1
X,91,R,3,C,1,S,1,X,103,K,43,Y,154,K,25,S,1,C,1,Y,24,K,2,X,1,R,1,"L1:[sp=X,91] R=3,C=1,S=1,X=103,K=43,Y=154 || L2:[sp=K,25] S=1,C=1,Y=24,K=2,X=1,R=1",-inf,-inf,0,X|K,1
X,91,R,3,C,1,S,1,K,55,X,1,Y,37,K,25,S,1,C,1,X,1,K,2,Y,24,R,1,"L1:[sp=X,91] R=3,C=1,S=1,K=55,X=1,Y=37 || L2:[sp=K,25] S=1,C=1,X=1,K=2,Y=24,R=1",-1444609.0,-163323000.0,1,X|K,1
X,91,C,1,Y,37,S,1,X,1,K,25,R,2,K,25,S,1,R,1,X,1,K,1,Y,18,C,1,"L1:[sp=X,91] C=1,Y=37,S=1,X=1,K=25,R=2 || L2:[sp=K,25] S=1,R=1,X=1,K=1,Y=18,C=1",-inf,-inf,0,X|K,1
X,91,R,2,C,3,S,1,K,43,X,63,Y,37,K,25,S,1,C,1,K,2,X,1,Y,24,R,1,"L1:[sp=X,91] R=2,C=3,S=1,K=43,X=63,Y=37 || L2:[sp=K,25] S=1,C=1,K=2,X=1,Y=24,R=1",-inf,-inf,0,X|K,1
X,91,C,1,Y,37,S,1,X,1,K,25,R,3,C,1,S,1,C,1,X,1,K,1,Y,18,R,1,"L1:[sp=X,91] C=1,Y=37,S=1,X=1,K=25,R=3 || L2:[sp=C,1] S=1,C=1,X=1,K=1,Y=18,R=1",-inf,-inf,0,X|C,1
X,91,R,2,C,3,S,3,K,55,X,1,Y,152,K,25,S,1,C,2,R,2,K,2,Y,24,X,1,"L1:[sp=X,91] R=2,C=3,S=3,K=55,X=1,Y=152 || L2:[sp=K,25] S=1,C=2,R=2,K=2,Y=24,X=1",-inf,-inf,0,X|K,1
X,91,K,25,Y,37,S,1,X,1,C,1,R,3,K,25,S,1,R,1,X,1,K,1,Y,24,C,1,"L1:[sp=X,91] K=25,Y=37,S=1,X=1,C=1,R=3 || L2:[sp=K,25] S=1,R=1,X=1,K=1,Y=24,C=1",-726409.0,-163323000.0,1,X|K,1
X,91,R,2,C,3,K,33,X,1,S,1,Y,152,K,25,S,1,C,2,K,2,X,1,Y,24,R,2,"L1:[sp=X,91] R=2,C=3,K=33,X=1,S=1,Y=152 || L2:[sp=K,25] S=1,C=2,K=2,X=1,Y=24,R=2",-1139089.0,-163324000.0,1,X|K,1
X,91,C,1,Y,37,S,1,X,1,K,25,R,3,K,25,S,1,R,1,X,1,K,1,Y,24,C,1,"L1:[sp=X,91] C=1,Y=37,S=1,X=1,K=25,R=3 || L2:[sp=K,25] S=1,R=1,X=1,K=1,Y=24,C=1",-726409.0,-163323000.0,1,X|K,1
X,91,R,3,C,1,S,1,K,55,X,1,Y,37,K,25,S,1,C,1,X,1,K,2,Y,24,R,2,"L1:[sp=X,91] R=3,C=1,S=1,K=55,X=1,Y=37 || L2:[sp=K,25] S=1,C=1,X=1,K=2,Y=24,R=2",-inf,-inf,0,X|K,1
X,91,C,3,Y,152,S,1,X,1,K,25,R,2,K,25,S,1,R,2,X,1,K,22,Y,24,C,1,"L1:[sp=X,91] C=3,Y=152,S=1,X=1,K=25,R=2 || L2:[sp=K,25] S=1,R=2,X=1,K=22,Y=24,C=1",-inf,-inf,0,X|K,1
K,91,C,3,Y,135,S,1,X,130,K,25,R,3,X,25,S,1,R,1,X,1,K,1,Y,24,C,3,"L1:[sp=K,91] C=3,Y=135,S=1,X=130,K=25,R=3 || L2:[sp=X,25] S=1,R=1,X=1,K=1,Y=24,C=3",-inf,-inf,0,K|X,1
X,91,R,3,C,1,K,33,X,1,S,1,Y,37,K,25,S,1,C,1,K,2,X,1,Y,24,R,1,"L1:[sp=X,91] R=3,C=1,K=33,X=1,S=1,Y=37 || L2:[sp=K,25] S=1,C=1,K=2,X=1,Y=24,R=1",-964441.0,-163323000.0,1,X|K,1
X,91,C,3,Y,152,S,1,X,1,K,25,R,3,K,25,S,1,R,2,X,1,K,1,Y,24,C,2,"L1:[sp=X,91] C=3,Y=152,S=1,X=1,K=25,R=3 || L2:[sp=K,25] S=1,R=2,X=1,K=1,Y=24,C=2",-653221.0,-163323000.0,1,X|K,1
X,91,R,2,C,1,S,1,K,55,X,1,Y,37,K,25,S,1,C,1,X,1,K,2,Y,24,R,1,"L1:[sp=X,91] R=2,C=1,S=1,K=55,X=1,Y=37 || L2:[sp=K,25] S=1,C=1,X=1,K=2,Y=24,R=1",-inf,-inf,0,X|K,1
K,91,C,3,Y,135,S,1,X,4,K,14,R,3,X,25,S,1,R,2,X,1,K,1,Y,24,C,3,"L1:[sp=K,91] C=3,Y=135,S=1,X=4,K=14,R=3 || L2:[sp=X,25] S=1,R=2,X=1,K=1,Y=24,C=3",-inf,-inf,0,K|X,1
X,91,C,3,Y,152,S,1,X,1,K,25,R,3,K,25,S,1,R,1,X,1,K,1,Y,24,C,2,"L1:[sp=X,91] C=3,Y=152,S=1,X=1,K=25,R=3 || L2:[sp=K,25] S=1,R=1,X=1,K=1,Y=24,C=2",-696313.0,-163323000.0,1,X|K,1
X,91,C,1,Y,37,S,1,X,1,K,25,R,2,K,25,S,1,R,2,X,1,K,1,Y,18,C,1,"L1:[sp=X,91] C=1,Y=37,S=1,X=1,K=25,R=2 || L2:[sp=K,25] S=1,R=2,X=1,K=1,Y=18,C=1",-929557.0,-163323000.0,1,X|K,1
X,91,R,2,C,1,K,33,X,1,S,1,Y,37,K,25,S,1,C,1,K,2,X,1,Y,16,R,1,"L1:[sp=X,91] R=2,C=1,K=33,X=1,S=1,Y=37 || L2:[sp=K,25] S=1,C=1,K=2,X=1,Y=16,R=1",-969913.0,-163323000.0,1,X|K,1
X,91,C,3,Y,152,S,1,X,1,K,25,R,2,K,1,S,1,R,2,X,1,K,1,Y,24,C,2,"L1:[sp=X,91] C=3,Y=152,S=1,X=1,K=25,R=2 || L2:[sp=K,1] S=1,R=2,X=1,K=1,Y=24,C=2",-inf,-inf,0,X|K,1
K,91,C,3,Y,135,S,1,X,1,K,25,R,3,Y,3,S,1,R,1,X,1,K,1,Y,24,C,3,"L1:[sp=K,91] C=3,Y=135,S=1,X=1,K=25,R=3 || L2:[sp=Y,3] S=1,R=1,X=1,K=1,Y=24,C=3",-14516545.0,-163323000.0,1,K|Y,1
X,91,C,1,Y,37,K,25,X,1,S,1,R,1,K,25,S,1,Y,18,X,1,K,1,R,1,C,1,"L1:[sp=X,91] C=1,Y=37,K=25,X=1,S=1,R=1 || L2:[sp=K,25] S=1,Y=18,X=1,K=1,R=1,C=1",-707941.0,-163323000.0,1,X|K,1
X,91,C,3,Y,152,S,1,X,1,K,25,R,3,K,25,S,1,R,2,X,1,K,1,Y,24,C,2,"L1:[sp=X,91] C=3,Y=152,S=1,X=1,K=25,R=3 || L2:[sp=K,25] S=1,R=2,X=1,K=1,Y=24,C=2",-inf,-inf,0,X|K,1
X,91,R,1,C,1,K,33,X,1,S,1,Y,37,K,25,S,1,C,1,K,2,X,1,Y,24,R,1,"L1:[sp=X,91] R=1,C=1,K=33,X=1,S=1,Y=37 || L2:[sp=K,25] S=1,C=1,K=2,X=1,Y=24,R=1",-inf,-inf,0,X|K,1
K,91,C,3,Y,152,S,1,X,1,K,25,R,3,X,25,S,1,R,2,X,1,K,1,Y,24,C,2,"L1:[sp=K,91] C=3,Y=152,S=1,X=1,K=25,R=3 || L2:[sp=X,25] S=1,R=2,X=1,K=1,Y=24,C=2",-inf,-inf,0,K|X,1
K,91,C,1,Y,37,S,1,X,192,K,25,R,3,X,25,S,1,R,1,X,1,K,1,Y,24,C,1,"L1:[sp=K,91] C=1,Y=37,S=1,X=192,K=25,R=3 || L2:[sp=X,25] S=1,R=1,X=1,K=1,Y=24,C=1",-inf,-inf,0,K|X,1
X,91,C,3,Y,139,S,1,X,1,K,25,R,3,K,25,S,1,R,1,X,1,K,1,Y,24,C,2,"L1:[sp=X,91] C=3,Y=139,S=1,X=1,K=25,R=3 || L2:[sp=K,25] S=1,R=1,X=1,K=1,Y=24,C=2",-inf,-inf,0,X|K,1
K,91,C,3,Y,152,S,1,X,1,K,25,R,3,X,25,S,1,R,1,X,1,K,1,Y,24,C,2,"L1:[sp=K,91] C=3,Y=152,S=1,X=1,K=25,R=3 || L2:[sp=X,25] S=1,R=1,X=1,K=1,Y=24,C=2",-inf,-inf,0,K|X,1
X,91,C,1,Y,37,K,11,X,1,S,1,R,1,K,25,C,1,Y,18,X,1,K,1,R,1,S,1,"L1:[sp=X,91] C=1,Y=37,K=11,X=1,S=1,R=1 || L2:[sp=K,25] C=1,Y=18,X=1,K=1,R=1,S=1",-1415881.0,-163323000.0,1,X|K,1
X,91,C,1,Y,165,S,1,X,1,K,25,R,2,K,25,S,1,R,1,X,1,K,1,Y,18,C,1,"L1:[sp=X,91] C=1,Y=165,S=1,X=1,K=25,R=2 || L2:[sp=K,25] S=1,R=1,X=1,K=1,Y=18,C=1",-inf,-inf,0,X|K,1
K,91,R,3,C,1,K,56,X,1,S,1,Y,37,X,25,S,1,C,1,K,2,X,1,Y,24,R,1,"L1:[sp=K,91] R=3,C=1,K=56,X=1,S=1,Y=37 || L2:[sp=X,25] S=1,C=1,K=2,X=1,Y=24,R=1",-79265089.0,-163323000.0,1,K|X,1
X,91,C,1,Y,37,S,1,X,1,K,25,R,3,K,25,K,1,R,1,X,1,S,1,Y,35,C,1,"L1:[sp=X,91] C=1,Y=37,S=1,X=1,K=25,R=3 || L2:[sp=K,25] K=1,R=1,X=1,S=1,Y=35,C=1",-inf,-inf,0,X|K,1
X,91,C,3,Y,37,S,2,X,1,K,25,R,2,K,25,S,1,X,1,R,2,K,1,Y,18,C,1,"L1:[sp=X,91] C=3,Y=37,S=2,X=1,K=25,R=2 || L2:[sp=K,25] S=1,X=1,R=2,K=1,Y=18,C=1",-inf,-inf,0,X|K,1
X,91,C,3,Y,89,S,1,X,1,K,25,R,3,K,25,S,1,R,1,X,1,K,1,Y,24,C,2,"L1:[sp=X,91] C=3,Y=89,S=1,X=1,K=25,R=3 || L2:[sp=K,25] S=1,R=1,X=1,K=1,Y=24,C=2",-693577.0,-163323000.0,1,X|K,1
X,91,C,1,Y,37,K,25,X,1,S,1,R,1,X,1,S,1,Y,18,X,1,K,1,R,1,C,1,"L1:[sp=X,91] C=1,Y=37,K=25,X=1,S=1,R=1 || L2:[sp=X,1] S=1,Y=18,X=1,K=1,R=1,C=1",-inf,-inf,0,X|X,1
K,91,C,3,Y,152,S,1,X,1,K,25,R,3,X,25,S,1,R,2,X,1,K,1,Y,24,C,2,"L1:[sp=K,91] C=3,Y=152,S=1,X=1,K=25,R=3 || L2:[sp=X,25] S=1,R=2,X=1,K=1,Y=24,C=2",-inf,-inf,0,K|X,1
X,91,C,3,Y,152,S,1,X,1,K,25,R,3,K,25,S,1,R,1,X,1,K,1,Y,24,C,2,"L1:[sp=X,91] C=3,Y=152,S=1,X=1,K=25,R=3 || L2:[sp=K,25] S=1,R=1,X=1,K=1,Y=24,C=2",-inf,-inf,0,X|K,1
X,91,C,3,Y,152,S,1,X,1,K,25,R,3,K,25,S,1,R,3,X,1,K,1,Y,24,C,2,"L1:[sp=X,91] C=3,Y=152,S=1,X=1,K=25,R=3 || L2:[sp=K,25] S=1,R=3,X=1,K=1,Y=24,C=2",-inf,-inf,0,X|K,1
X,91,R,3,C,1,K,33,X,1,S,1,Y,48,K,25,S,1,C,1,K,22,X,1,Y,24,R,1,"L1:[sp=X,91] R=3,C=1,K=33,X=1,S=1,Y=48 || L2:[sp=K,25] S=1,C=1,K=22,X=1,Y=24,R=1",-inf,-inf,0,X|K,1
X,91,C,1,Y,152,S,1,X,1,K,25,R,3,K,25,S,1,R,2,X,1,K,1,Y,127,C,1,"L1:[sp=X,91] C=1,Y=152,S=1,X=1,K=25,R=3 || L2:[sp=K,25] S=1,R=2,X=1,K=1,Y=127,C=1",-inf,-inf,0,X|K,1
X,91,C,1,Y,37,S,1,X,1,K,25,R,3,X,1,S,1,R,1,X,1,K,1,Y,24,C,1,"L1:[sp=X,91] C=1,Y=37,S=1,X=1,K=25,R=3 || L2:[sp=X,1] S=1,R=1,X=1,K=1,Y=24,C=1",-inf,-inf,0,X|X,1
K,91,C,3,Y,37,K,25,X,1,S,1,R,1,K,25,S,1,Y,18,X,1,K,1,R,1,C,1,"L1:[sp=K,91] C=3,Y=37,K=25,X=1,S=1,R=1 || L2:[sp=K,25] S=1,Y=18,X=1,K=1,R=1,C=1",-1362817.0,-163323000.0,1,K|K,1
X,91,C,3,X,1,S,1,Y,152,K,25,R,3,K,25,S,1,R,1,X,1,K,1,Y,94,C,2,"L1:[sp=X,91] C=3,X=1,S=1,Y=152,K=25,R=3 || L2:[sp=K,25] S=1,R=1,X=1,K=1,Y=94,C=2",-inf,-inf,0,X|K,1
X,91,C,3,Y,89,S,1,X,1,K,25,R,3,K,25,S,1,R,1,X,1,K,1,Y,24,C,2,"L1:[sp=X,91] C=3,Y=89,S=1,X=1,K=25,R=3 || L2:[sp=K,25] S=1,R=1,X=1,K=1,Y=24,C=2",-inf,-inf,0,X|K,1
K,91,C,2,Y,37,K,25,X,190,S,1,R,1,K,25,S,1,Y,18,X,1,K,1,R,1,C,1,"L1:[sp=K,91] C=2,Y=37,K=25,X=190,S=1,R=1 || L2:[sp=K,25] S=1,Y=18,X=1,K=1,R=1,C=1",-inf,-inf,0,K|K,1
K,91,R,3,C,1,K,42,X,1,S,1,Y,37,X,25,S,1,C,1,K,2,X,1,Y,24,R,1,"L1:[sp=K,91] R=3,C=1,K=42,X=1,S=1,Y=37 || L2:[sp=X,25] S=1,C=1,K=2,X=1,Y=24,R=1",-inf,-inf,0,K|X,1
K,91,R,1,C,1,K,56,X,1,S,1,Y,37,X,25,S,1,C,1,K,2,X,1,R,1,Y,18,"L1:[sp=K,91] R=1,C=1,K=56,X=1,S=1,Y=37 || L2:[sp=X,25] S=1,C=1,K=2,X=1,R=1,Y=18",-75569761.0,-163323000.0,1,K|X,1
C,91,C,1,Y,37,K,11,X,1,S,1,R,3,K,25,C,1,Y,25,X,1,K,1,R,1,S,1,"L1:[sp=C,91] C=1,Y=37,K=11,X=1,S=1,R=3 || L2:[sp=K,25] C=1,Y=25,X=1,K=1,R=1,S=1",-2854657.0,-163323000.0,1,C|K,1
K,91,C,3,Y,37,K,25,X,1,S,1,R,3,K,25,S,1,K,1,X,1,Y,18,R,1,C,1,"L1:[sp=K,91] C=3,Y=37,K=25,X=1,S=1,R=3 || L2:[sp=K,25] S=1,K=1,X=1,Y=18,R=1,C=1",-inf,-inf,0,K|K,1
X,91,R,3,C,1,K,56,X,133,S,1,Y,219,K,25,S,1,C,1,K,2,Y,24,X,1,R,1,"L1:[sp=X,91] R=3,C=1,K=56,X=133,S=1,Y=219 || L2:[sp=K,25] S=1,C=1,K=2,Y=24,X=1,R=1",-inf,-inf,0,X|K,1
X,91,C,3,Y,89,S,1,X,1,K,25,R,3,Y,89,S,1,R,1,X,1,K,9,Y,24,C,2,"L1:[sp=X,91] C=3,Y=89,S=1,X=1,K=25,R=3 || L2:[sp=Y,89] S=1,R=1,X=1,K=9,Y=24,C=2",-inf,-inf,0,X|Y,1
K,91,R,3,C,1,K,56,X,1,S,1,Y,37,X,25,S,1,C,1,K,2,X,1,Y,24,R,1,"L1:[sp=K,91] R=3,C=1,K=56,X=1,S=1,Y=37 || L2:[sp=X,25] S=1,C=1,K=2,X=1,Y=24,R=1",-inf,-inf,0,K|X,1
X,91,C,1,Y,37,K,11,X,1,S,1,R,3,K,25,C,1,Y,18,X,1,K,1,R,1,S,1,"L1:[sp=X,91] C=1,Y=37,K=11,X=1,S=1,R=3 || L2:[sp=K,25] C=1,Y=18,X=1,K=1,R=1,S=1",-inf,-inf,0,X|K,1
K,91,C,3,Y,37,K,25,X,137,S,1,R,3,K,25,S,1,Y,18,X,1,K,1,R,1,C,1,"L1:[sp=K,91] C=3,Y=37,K=25,X=137,S=1,R=3 || L2:[sp=K,25] S=1,Y=18,X=1,K=1,R=1,C=1",-inf,-inf,0,K|K,1
X,91,C,1,Y,37,K,11,X,1,S,1,R,1,K,25,C,1,Y,18,X,1,K,1,R,1,S,1,"L1:[sp=X,91] C=1,Y=37,K=11,X=1,S=1,R=1 || L2:[sp=K,25] C=1,Y=18,X=1,K=1,R=1,S=1",-1415881.0,-163323000.0,1,X|K,1
C,91,C,3,Y,89,S,1,X,213,K,25,R,3,X,3,S,1,R,1,X,1,K,1,Y,24,C,2,"L1:[sp=C,91] C=3,Y=89,S=1,X=213,K=25,R=3 || L2:[sp=X,3] S=1,R=1,X=1,K=1,Y=24,C=2",-inf,-inf,0,C|X,1
K,91,R,1,C,1,K,56,X,1,S,1,Y,37,X,25,S,1,C,1,K,2,X,1,Y,24,R,1,"L1:[sp=K,91] R=1,C=1,K=56,X=1,S=1,Y=37 || L2:[sp=X,25] S=1,C=1,K=2,X=1,Y=24,R=1",-inf,-inf,0,K|X,1
K,91,C,3,Y,37,K,25,X,1,S,1,R,2,K,25,S,1,Y,18,X,1,K,1,R,1,C,1,"L1:[sp=K,91] C=3,Y=37,K=25,X=1,S=1,R=2 || L2:[sp=K,25] S=1,Y=18,X=1,K=1,R=1,C=1",-inf,-inf,0,K|K,1
K,91,C,1,Y,22,K,25,X,1,S,1,R,3,K,25,S,1,Y,22,X,1,K,1,R,1,C,1,"L1:[sp=K,91] C=1,Y=22,K=25,X=1,S=1,R=3 || L2:[sp=K,25] S=1,Y=22,X=1,K=1,R=1,C=1",-inf,-inf,0,K|K,1
C,91,C,3,Y,37,S,1,X,1,K,25,R,1,C,3,S,1,R,1,K,1,X,1,Y,18,C,2,"L1:[sp=C,91] C=3,Y=37,S=1,X=1,K=25,R=1 || L2:[sp=C,3] S=1,R=1,K=1,X=1,Y=18,C=2",-inf,-inf,0,C|C,1
X,91,C,3,Y,37,K,11,X,1,S,1,R,1,K,25,C,3,S,1,X,1,K,1,R,1,Y,18,"L1:[sp=X,91] C=3,Y=37,K=11,X=1,S=1,R=1 || L2:[sp=K,25] C=3,S=1,X=1,K=1,R=1,Y=18",-1387153.0,-163323000.0,1,X|K,1
C,91,C,3,Y,89,S,1,X,1,K,25,R,3,K,25,S,1,R,1,X,1,K,1,Y,24,C,2,"L1:[sp=C,91] C=3,Y=89,S=1,X=1,K=25,R=3 || L2:[sp=K,25] S=1,R=1,X=1,K=1,Y=24,C=2",-inf,-inf,0,C|K,1
X,91,C,3,Y,89,S,1,X,1,K,25,R,1,K,25,S,1,R,1,X,1,K,13,Y,24,C,2,"L1:[sp=X,91] C=3,Y=89,S=1,X=1,K=25,R=1 || L2:[sp=K,25] S=1,R=1,X=1,K=13,Y=24,C=2",-inf,-inf,0,X|K,1
K,91,R,3,C,2,K,56,X,1,S,1,Y,37,K,4,S,1,C,1,K,2,X,1,Y,24,R,1,"L1:[sp=K,91] R=3,C=2,K=56,X=1,S=1,Y=37 || L2:[sp=K,4] S=1,C=1,K=2,X=1,Y=24,R=1",-19821313.0,-163323000.0,1,K|K,1
X,91,C,3,Y,37,K,11,X,1,S,1,R,1,K,25,C,3,S,1,X,1,K,1,R,1,Y,18,"L1:[sp=X,91] C=3,Y=37,K=11,X=1,S=1,R=1 || L2:[sp=K,25] C=3,S=1,X=1,K=1,R=1,Y=18",-inf,-inf,0,X|K,1
K,91,R,3,C,2,K,56,X,1,S,1,Y,37,K,4,S,1,C,1,K,55,X,1,Y,24,R,1,"L1:[sp=K,91] R=3,C=2,K=56,X=1,S=1,Y=37 || L2:[sp=K,4] S=1,C=1,K=55,X=1,Y=24,R=1",-inf,-inf,0,K|K,1
X,91,C,1,Y,37,X,1,K,11,S,1,R,1,K,25,C,1,Y,18,X,1,K,1,R,1,S,1,"L1:[sp=X,91] C=1,Y=37,X=1,K=11,S=1,R=1 || L2:[sp=K,25] C=1,Y=18,X=1,K=1,R=1,S=1",-1415881.0,-163323000.0,1,X|K,1
K,91,R,1,C,2,K,56,X,1,S,1,Y,37,X,1,S,1,C,1,K,34,X,1,Y,18,R,1,"L1:[sp=K,91] R=1,C=2,K=56,X=1,S=1,Y=37 || L2:[sp=X,1] S=1,C=1,K=34,X=1,Y=18,R=1",-inf,-inf,0,K|X,1
X,91,C,1,Y,37,K,11,X,1,S,1,R,3,K,25,C,1,Y,24,X,1,K,1,R,1,S,1,"L1:[sp=X,91] C=1,Y=37,K=11,X=1,S=1,R=3 || L2:[sp=K,25] C=1,Y=24,X=1,K=1,R=1,S=1",-inf,-inf,0,X|K,1
X,91,C,1,Y,23,K,11,X,1,S,1,R,1,K,25,C,1,Y,11,X,1,K,1,R,1,S,1,"L1:[sp=X,91] C=1,Y=23,K=11,X=1,S=1,R=1 || L2:[sp=K,25] C=1,Y=11,X=1,K=1,R=1,S=1",-inf,-inf,0,X|K,1
X,91,C,1,Y,37,K,11,X,1,S,1,R,1,K,25,C,1,S,1,X,1,K,1,R,1,Y,18,"L1:[sp=X,91] C=1,Y=37,K=11,X=1,S=1,R=1 || L2:[sp=K,25] C=1,S=1,X=1,K=1,R=1,Y=18",-1415881.0,-163323000.0,1,X|K,1
C,91,C,2,Y,37,K,11,X,30,S,1,R,1,C,1,C,1,Y,25,X,1,K,1,R,1,S,1,"L1:[sp=C,91] C=2,Y=37,K=11,X=30,S=1,R=1 || L2:[sp=C,1] C=1,Y=25,X=1,K=1,R=1,S=1",-60386257.0,-163323000.0,1,C|C,1
X,91,R,3,C,1,K,56,X,1,S,1,Y,37,K,25,S,1,C,1,K,2,X,1,R,1,Y,18,"L1:[sp=X,91] R=3,C=1,K=56,X=1,S=1,Y=37 || L2:[sp=K,25] S=1,C=1,K=2,X=1,R=1,Y=18",-inf,-inf,0,X|K,1
X,91,C,3,Y,63,K,11,X,9,S,1,R,1,K,25,C,3,S,1,R,1,K,1,X,1,Y,18,"L1:[sp=X,91] C=3,Y=63,K=11,X=9,S=1,R=1 || L2:[sp=K,25] C=3,S=1,R=1,K=1,X=1,Y=18",-1540729.0,-163324000.0,1,X|K,1
X,91,C,1,Y,37,K,57,X,1,S,1,R,1,K,25,S,1,Y,18,X,1,K,1,R,1,C,1,"L1:[sp=X,91] C=1,Y=37,K=57,X=1,S=1,R=1 || L2:[sp=K,25] S=1,Y=18,X=1,K=1,R=1,C=1",-inf,-inf,0,X|K,1
X,91,R,3,C,1,K,56,X,1,S,1,Y,37,K,25,S,1,C,1,K,2,X,1,R,1,Y,18,"L1:[sp=X,91] R=3,C=1,K=56,X=1,S=1,Y=37 || L2:[sp=K,25] S=1,C=1,K=2,X=1,R=1,Y=18",-inf,-inf,0,X|K,1
K,91,R,1,C,2,K,56,X,1,S,1,Y,37,K,4,S,1,C,1,X,1,K,2,Y,24,R,1,"L1:[sp=K,91] R=1,C=2,K=56,X=1,S=1,Y=37 || L2:[sp=K,4] S=1,C=1,X=1,K=2,Y=24,R=1",-19926145.0,-163323000.0,1,K|K,1
X,91,C,3,Y,37,K,11,X,1,S,1,R,2,K,25,C,3,S,1,X,1,K,1,R,1,Y,18,"L1:[sp=X,91] C=3,Y=37,K=11,X=1,S=1,R=2 || L2:[sp=K,25] C=3,S=1,X=1,K=1,R=1,Y=18",-inf,-inf,0,X|K,1
K,91,R,1,C,3,Y,37,X,1,S,1,K,56,X,25,C,1,S,1,K,2,X,1,R,1,Y,18,"L1:[sp=K,91] R=1,C=3,Y=37,X=1,S=1,K=56 || L2:[sp=X,25] C=1,S=1,K=2,X=1,R=1,Y=18",-75541537.0,-163323000.0,1,K|X,1
K,91,R,3,C,1,K,56,X,1,S,1,Y,37,X,25,S,1,C,1,K,2,X,1,R,1,Y,25,"L1:[sp=K,91] R=3,C=1,K=56,X=1,S=1,Y=37 || L2:[sp=X,25] S=1,C=1,K=2,X=1,R=1,Y=25",-inf,-inf,0,K|X,1
C,91,C,1,Y,37,K,11,X,1,S,1,R,1,K,25,C,1,Y,18,X,1,K,1,R,1,S,1,"L1:[sp=C,91] C=1,Y=37,K=11,X=1,S=1,R=1 || L2:[sp=K,25] C=1,Y=18,X=1,K=1,R=1,S=1",-inf,-inf,0,C|K,1
X,91,C,1,K,11,Y,37,X,1,S,1,R,1,K,25,C,1,S,1,X,1,K,1,R,1,Y,18,"L1:[sp=X,91] C=1,K=11,Y=37,X=1,S=1,R=1 || L2:[sp=K,25] C=1,S=1,X=1,K=1,R=1,Y=18",-1415881.0,-163323000.0,1,X|K,1
K,91,R,3,C,2,K,56,X,1,S,2,Y,37,K,4,S,1,C,1,K,2,X,1,Y,24,R,1,"L1:[sp=K,91] R=3,C=2,K=56,X=1,S=2,Y=37 || L2:[sp=K,4] S=1,C=1,K=2,X=1,Y=24,R=1",-inf,-inf,0,K|K,1
X,91,C,1,Y,37,K,11,X,1,S,1,R,1,K,25,C,1,Y,18,X,1,K,5,R,1,S,1,"L1:[sp=X,91] C=1,Y=37,K=11,X=1,S=1,R=1 || L2:[sp=K,25] C=1,Y=18,X=1,K=5,R=1,S=1",-6907033.0,-163323000.0,1,X|K,1
K,91,R,3,C,2,K,56,X,1,S,2,Y,37,K,4,S,1,C,1,K,2,X,1,Y,24,R,2,"L1:[sp=K,91] R=3,C=2,K=56,X=1,S=2,Y=37 || L2:[sp=K,4] S=1,C=1,K=2,X=1,Y=24,R=2",-inf,-inf,0,K|K,1
X,91,C,1,Y,37,X,1,K,11,S,1,R,1,K,25,C,1,Y,18,X,1,K,1,R,1,S,1,"L1:[sp=X,91] C=1,Y=37,X=1,K=11,S=1,R=1 || L2:[sp=K,25] C=1,Y=18,X=1,K=1,R=1,S=1",-1415881.0,-163323000.0,1,X|K,1
X,91,C,1,Y,37,K,11,X,1,S,1,R,1,K,25,C,1,Y,18,X,1,K,5,R,1,S,1,"L1:[sp=X,91] C=1,Y=37,K=11,X=1,S=1,R=1 || L2:[sp=K,25] C=1,Y=18,X=1,K=5,R=1,S=1",-6907033.0,-163323000.0,1,X|K,1
K,91,R,1,C,3,Y,37,X,1,S,1,K,26,X,25,C,1,S,1,K,2,X,1,R,1,Y,18,"L1:[sp=K,91] R=1,C=3,Y=37,X=1,S=1,K=26 || L2:[sp=X,25] C=1,S=1,K=2,X=1,R=1,Y=18",-35080417.0,-163323000.0,1,K|X,1
X,91,C,1,R,1,X,1,K,11,S,1,Y,37,K,25,C,1,Y,18,X,1,K,1,R,1,S,1,"L1:[sp=X,91] C=1,R=1,X=1,K=11,S=1,Y=37 || L2:[sp=K,25] C=1,Y=18,X=1,K=1,R=1,S=1",-1415881.0,-163323000.0,1,X|K,1
K,91,R,1,C,2,K,56,X,1,S,1,Y,14,K,4,S,1,C,1,X,1,K,2,Y,14,R,1,"L1:[sp=K,91] R=1,C=2,K=56,X=1,S=1,Y=14 || L2:[sp=K,4] S=1,C=1,X=1,K=2,Y=14,R=1",-19031041.0,-163323000.0,1,K|K,1
X,91,C,1,Y,37,K,11,X,1,S,1,R,1,K,25,C,1,S,1,X,1,K,1,R,1,Y,18,"L1:[sp=X,91] C=1,Y=37,K=11,X=1,S=1,R=1 || L2:[sp=K,25] C=1,S=1,X=1,K=1,R=1,Y=18",-inf,-inf,0,X|K,1
K,91,R,1,C,1,K,3,X,1,S,1,Y,37,K,4,S,1,C,1,X,1,K,2,Y,24,R,1,"L1:[sp=K,91] R=1,C=1,K=3,X=1,S=1,Y=37 || L2:[sp=K,4] S=1,C=1,X=1,K=2,Y=24,R=1",-2884897.0,-163323000.0,1,K|K,1
X,91,C,1,Y,37,K,11,X,1,S,1,R,1,K,25,C,1,Y,18,X,1,K,2,R,1,S,1,"L1:[sp=X,91] C=1,Y=37,K=11,X=1,S=1,R=1 || L2:[sp=K,25] C=1,Y=18,X=1,K=2,R=1,S=1",-inf,-inf,0,X|K,1
X,91,C,1,Y,37,X,1,K,11,S,1,R,1,K,25,K,1,Y,24,X,1,C,1,R,1,S,1,"L1:[sp=X,91] C=1,Y=37,X=1,K=11,S=1,R=1 || L2:[sp=K,25] K=1,Y=24,X=1,C=1,R=1,S=1",-inf,-inf,0,X|K,1
X,91,C,1,K,11,Y,37,X,1,S,1,R,1,K,25,C,1,S,1,X,1,K,1,R,1,Y,16,"L1:[sp=X,91] C=1,K=11,Y=37,X=1,S=1,R=1 || L2:[sp=K,25] C=1,S=1,X=1,K=1,R=1,Y=16",-1440505.0,-163323000.0,1,X|K,1
K,91,R,1,C,3,Y,131,X,1,S,1,K,50,X,25,C,1,S,1,K,2,X,1,R,1,Y,18,"L1:[sp=K,91] R=1,C=3,Y=131,X=1,S=1,K=50 || L2:[sp=X,25] C=1,S=1,K=2,X=1,R=1,Y=18",-inf,-inf,0,K|X,1
K,91,R,1,C,3,K,56,X,1,S,1,Y,37,Y,1,S,1,C,1,X,1,K,2,Y,24,R,1,"L1:[sp=K,91] R=1,C=3,K=56,X=1,S=1,Y=37 || L2:[sp=Y,1] S=1,C=1,X=1,K=2,Y=24,R=1",-inf,-inf,0,K|Y,1
C,91,C,2,Y,37,K,11,X,30,S,1,R,1,Y,37,C,2,Y,25,X,1,K,1,R,1,S,1,"L1:[sp=C,91] C=2,Y=37,K=11,X=30,S=1,R=1 || L2:[sp=Y,37] C=2,Y=25,X=1,K=1,R=1,S=1",-inf,-inf,0,C|Y,1
X,91,C,3,Y,116,K,11,X,9,S,1,R,1,K,11,Y,18,S,1,R,1,K,1,X,1,C,3,"L1:[sp=X,91] C=3,Y=116,K=11,X=9,S=1,R=1 || L2:[sp=K,11] Y=18,S=1,R=1,K=1,X=1,C=3",-inf,-inf,0,X|K,1
X,91,C,1,Y,37,K,11,X,1,S,1,R,1,K,25,C,1,S,1,X,1,K,1,R,1,Y,18,"L1:[sp=X,91] C=1,Y=37,K=11,X=1,S=1,R=1 || L2:[sp=K,25] C=1,S=1,X=1,K=1,R=1,Y=18",-inf,-inf,0,X|K,1
C,91,C,2,Y,37,K,11,X,30,S,1,R,1,C,1,C,1,Y,25,X,1,K,1,R,1,S,1,"L1:[sp=C,91] C=2,Y=37,K=11,X=30,S=1,R=1 || L2:[sp=C,1] C=1,Y=25,X=1,K=1,R=1,S=1",-inf,-inf,0,C|C,1
X,91,C,1,R,1,K,11,X,61,S,1,Y,37,K,25,C,1,Y,24,X,1,K,5,R,1,S,1,"L1:[sp=X,91] C=1,R=1,K=11,X=61,S=1,Y=37 || L2:[sp=K,25] C=1,Y=24,X=1,K=5,R=1,S=1",-inf,-inf,0,X|K,1
X,91,C,1,Y,140,K,5,X,1,S,1,R,1,K,25,C,1,S,1,X,1,K,1,R,1,Y,18,"L1:[sp=X,91] C=1,Y=140,K=5,X=1,S=1,R=1 || L2:[sp=K,25] C=1,S=1,X=1,K=1,R=1,Y=18",-inf,-inf,0,X|K,1
X,91,C,3,Y,88,K,11,X,9,S,1,R,1,K,25,C,3,S,1,R,1,K,10,X,1,Y,13,"L1:[sp=X,91] C=3,Y=88,K=11,X=9,S=1,R=1 || L2:[sp=K,25] C=3,S=1,R=1,K=10,X=1,Y=13",-inf,-inf,0,X|K,1
X,91,R,1,C,1,Y,37,X,1,S,1,K,56,K,25,C,1,S,1,K,2,X,1,R,1,Y,18,"L1:[sp=X,91] R=1,C=1,Y=37,X=1,S=1,K=56 || L2:[sp=K,25] C=1,S=1,K=2,X=1,R=1,Y=18",-1387153.0,-163323000.0,1,X|K,1
K,91,X,2,S,1,K,32,R,1,C,2,Y,37,K,4,S,1,C,1,X,1,K,2,Y,24,R,1,"L1:[sp=K,91] X=2,S=1,K=32,R=1,C=2,Y=37 || L2:[sp=K,4] S=1,C=1,X=1,K=2,Y=24,R=1",-11384353.0,-163323000.0,1,K|K,1
X,91,R,1,C,1,Y,37,X,1,S,1,K,56,K,25,C,1,S,1,K,2,X,1,R,1,Y,18,"L1:[sp=X,91] R=1,C=1,Y=37,X=1,S=1,K=56 || L2:[sp=K,25] C=1,S=1,K=2,X=1,R=1,Y=18",-1387153.0,-163323000.0,1,X|K,1
X,91,R,1,C,1,Y,37,X,1,S,1,K,14,K,25,C,1,S,1,Y,18,X,1,R,1,K,2,"L1:[sp=X,91] R=1,C=1,Y=37,X=1,S=1,K=14 || L2:[sp=K,25] C=1,S=1,Y=18,X=1,R=1,K=2",-inf,-inf,0,X|K,1
X,91,C,1,R,1,X,189,K,11,S,1,Y,37,K,25,C,1,Y,18,X,1,K,1,R,1,S,1,"L1:[sp=X,91] C=1,R=1,X=189,K=11,S=1,Y=37 || L2:[sp=K,25] C=1,Y=18,X=1,K=1,R=1,S=1",-inf,-inf,0,X|K,1
X,91,C,1,Y,37,K,11,X,84,S,1,R,1,K,25,X,1,Y,18,C,1,K,5,R,1,S,1,"L1:[sp=X,91] C=1,Y=37,K=11,X=84,S=1,R=1 || L2:[sp=K,25] X=1,Y=18,C=1,K=5,R=1,S=1",-inf,-inf,0,X|K,1
X,91,C,1,K,11,Y,37,X,1,S,3,R,1,K,25,C,1,S,1,X,1,K,1,R,1,Y,16,"L1:[sp=X,91] C=1,K=11,Y=37,X=1,S=3,R=1 || L2:[sp=K,25] C=1,S=1,X=1,K=1,R=1,Y=16",-inf,-inf,0,X|K,1
X,91,C,1,K,11,Y,37,X,1,S,1,R,1,K,25,C,1,S,1,X,1,K,4,R,1,Y,16,"L1:[sp=X,91] C=1,K=11,Y=37,X=1,S=1,R=1 || L2:[sp=K,25] C=1,S=1,X=1,K=4,R=1,Y=16",-inf,-inf,0,X|K,1
X,91,C,1,Y,37,X,1,K,11,S,1,R,2,K,25,C,1,Y,18,X,1,K,1,R,1,S,1,"L1:[sp=X,91] C=1,Y=37,X=1,K=11,S=1,R=2 || L2:[sp=K,25] C=1,Y=18,X=1,K=1,R=1,S=1",-inf,-inf,0,X|K,1
X,91,S,2,K,11,Y,37,X,1,C,1,R,1,K,25,X,1,S,1,C,1,K,11,R,1,Y,16,"L1:[sp=X,91] S=2,K=11,Y=37,X=1,C=1,R=1 || L2:[sp=K,25] X=1,S=1,C=1,K=11,R=1,Y=16",-30771793.0,-163323000.0,1,X|K,1
X,91,R,1,C,1,Y,37,X,1,S,1,K,56,K,25,C,1,S,1,R,1,X,1,K,52,Y,18,"L1:[sp=X,91] R=1,C=1,Y=37,X=1,S=1,K=56 || L2:[sp=K,25] C=1,S=1,R=1,X=1,K=52,Y=18",-inf,-inf,0,X|K,1
C,91,R,1,C,1,K,3,X,1,S,1,Y,37,K,4,S,1,C,1,X,1,K,2,Y,24,R,1,"L1:[sp=C,91] R=1,C=1,K=3,X=1,S=1,Y=37 || L2:[sp=K,4] S=1,C=1,X=1,K=2,Y=24,R=1",-21155905.0,-163323000.0,1,C|K,1
X,91,C,1,K,11,Y,37,X,1,S,1,R,1,K,25,C,1,S,1,X,1,K,1,R,1,Y,16,"L1:[sp=X,91] C=1,K=11,Y=37,X=1,S=1,R=1 || L2:[sp=K,25] C=1,S=1,X=1,K=1,R=1,Y=16",-inf,-inf,0,X|K,1
K,91,R,1,C,2,K,60,X,1,S,1,Y,14,K,4,S,1,C,1,X,1,K,2,Y,14,R,1,"L1:[sp=K,91] R=1,C=2,K=60,X=1,S=1,Y=14 || L2:[sp=K,4] S=1,C=1,X=1,K=2,Y=14,R=1",-inf,-inf,0,K|K,1
X,91,C,1,R,1,X,132,K,11,S,1,Y,37,K,25,C,1,Y,18,X,1,K,1,R,1,S,1,"L1:[sp=X,91] C=1,R=1,X=132,K=11,S=1,Y=37 || L2:[sp=K,25] C=1,Y=18,X=1,K=1,R=1,S=1",-inf,-inf,0,X|K,1
X,91,C,1,Y,37,K,11,X,1,S,1,R,1,K,25,C,1,Y,18,X,1,K,5,R,1,S,1,"L1:[sp=X,91] C=1,Y=37,K=11,X=1,S=1,R=1 || L2:[sp=K,25] C=1,Y=18,X=1,K=5,R=1,S=1",-inf,-inf,0,X|K,1
X,91,C,1,Y,37,X,1,K,11,S,1,R,1,K,25,C,1,Y,18,X,1,K,10,R,1,S,1,"L1:[sp=X,91] C=1,Y=37,X=1,K=11,S=1,R=1 || L2:[sp=K,25] C=1,Y=18,X=1,K=10,R=1,S=1",-13770973.0,-163323000.0,1,X|K,1
K,91,X,2,S,1,K,32,R,1,C,2,Y,37,K,4,S,1,C,1,X,1,K,2,Y,24,R,1,"L1:[sp=K,91] X=2,S=1,K=32,R=1,C=2,Y=37 || L2:[sp=K,4] S=1,C=1,X=1,K=2,Y=24,R=1",-inf,-inf,0,K|K,1
X,91,C,3,Y,37,X,1,K,11,S,1,R,1,K,25,X,1,Y,18,K,1,C,1,R,1,S,1,"L1:[sp=X,91] C=3,Y=37,X=1,K=11,S=1,R=1 || L2:[sp=K,25] X=1,Y=18,K=1,C=1,R=1,S=1",-inf,-inf,0,X|K,1
X,91,C,2,Y,34,X,1,K,11,S,1,R,1,K,25,C,1,Y,18,X,1,K,1,R,1,S,1,"L1:[sp=X,91] C=2,Y=34,X=1,K=11,S=1,R=1 || L2:[sp=K,25] C=1,Y=18,X=1,K=1,R=1,S=1",-inf,-inf,0,X|K,1
X,91,C,1,R,1,X,1,K,11,S,1,Y,37,K,25,C,1,Y,18,X,1,K,1,R,1,S,1,"L1:[sp=X,91] C=1,R=1,X=1,K=11,S=1,Y=37 || L2:[sp=K,25] C=1,Y=18,X=1,K=1,R=1,S=1",-inf,-inf,0,X|K,1
X,91,C,1,Y,37,X,1,K,11,S,1,R,1,C,1,C,1,Y,18,X,1,K,1,R,1,S,1,"L1:[sp=X,91] C=1,Y=37,X=1,K=11,S=1,R=1 || L2:[sp=C,1] C=1,Y=18,X=1,K=1,R=1,S=1",-inf,-inf,0,X|C,1
X,91,R,1,C,1,Y,37,X,1,S,1,K,56,K,25,C,1,S,1,K,2,X,1,R,1,Y,18,"L1:[sp=X,91] R=1,C=1,Y=37,X=1,S=1,K=56 || L2:[sp=K,25] C=1,S=1,K=2,X=1,R=1,Y=18",-inf,-inf,0,X|K,1
X,91,R,1,C,1,Y,37,X,1,S,1,K,56,K,25,C,1,S,1,K,2,X,1,R,1,Y,18,"L1:[sp=X,91] R=1,C=1,Y=37,X=1,S=1,K=56 || L2:[sp=K,25] C=1,S=1,K=2,X=1,R=1,Y=18",-inf,-inf,0,X|K,1
X,91,C,1,Y,37,X,83,R,1,S,1,K,11,K,25,X,1,Y,24,C,1,K,10,R,1,S,1,"L1:[sp=X,91] C=1,Y=37,X=83,R=1,S=1,K=11 || L2:[sp=K,25] X=1,Y=24,C=1,K=10,R=1,S=1",-inf,-inf,0,X|K,1
C,91,R,1,C,1,K,3,X,102,S,1,Y,37,K,4,S,1,C,1,X,1,K,2,Y,18,R,1,"L1:[sp=C,91] R=1,C=1,K=3,X=102,S=1,Y=37 || L2:[sp=K,4] S=1,C=1,X=1,K=2,Y=18,R=1",-inf,-inf,0,C|K,1
X,91,S,1,K,11,Y,37,X,1,C,1,R,1,K,25,X,1,S,1,C,1,K,11,R,1,Y,7,"L1:[sp=X,91] S=1,K=11,Y=37,X=1,C=1,R=1 || L2:[sp=K,25] X=1,S=1,C=1,K=11,R=1,Y=7",-15211477.0,-163323000.0,1,X|K,1
K,91,R,1,C,1,K,3,X,1,S,2,Y,37,K,4,S,1,C,1,X,1,K,2,Y,16,R,1,"L1:[sp=K,91] R=1,C=1,K=3,X=1,S=2,Y=37 || L2:[sp=K,4] S=1,C=1,X=1,K=2,Y=16,R=1",-inf,-inf,0,K|K,1
X,91,C,1,R,1,Y,155,X,1,S,1,K,56,K,25,C,1,S,1,K,43,X,1,R,1,Y,18,"L1:[sp=X,91] C=1,R=1,Y=155,X=1,S=1,K=56 || L2:[sp=K,25] C=1,S=1,K=43,X=1,R=1,Y=18",-inf,-inf,0,X|K,1
K,91,C,1,Y,37,X,1,K,11,S,1,R,1,X,25,C,1,Y,18,X,1,K,10,R,1,S,1,"L1:[sp=K,91] C=1,Y=37,X=1,K=11,S=1,R=1 || L2:[sp=X,25] C=1,Y=18,X=1,K=10,R=1,S=1",-14878081.0,-163323000.0,1,K|X,1
X,91,S,2,K,11,Y,37,X,1,C,1,R,1,K,25,X,1,S,1,R,1,K,11,C,1,Y,16,"L1:[sp=X,91] S=2,K=11,Y=37,X=1,C=1,R=1 || L2:[sp=K,25] X=1,S=1,R=1,K=11,C=1,Y=16",-inf,-inf,0,X|K,1
X,91,C,1,Y,37,X,1,K,11,S,1,R,1,K,25,C,1,Y,18,X,1,K,10,R,1,S,1,"L1:[sp=X,91] C=1,Y=37,X=1,K=11,S=1,R=1 || L2:[sp=K,25] C=1,Y=18,X=1,K=10,R=1,S=1",-inf,-inf,0,X|K,1
C,91,R,1,C,1,K,22,X,109,S,1,Y,37,Y,1,S,1,C,1,X,1,K,2,Y,24,R,1,"L1:[sp=C,91] R=1,C=1,K=22,X=109,S=1,Y=37 || L2:[sp=Y,1] S=1,C=1,X=1,K=2,Y=24,R=1",-inf,-inf,0,C|Y,1
K,91,C,1,Y,37,X,45,K,11,S,1,R,1,X,25,C,1,Y,18,X,1,K,5,R,1,S,1,"L1:[sp=K,91] C=1,Y=37,X=45,K=11,S=1,R=1 || L2:[sp=X,25] C=1,Y=18,X=1,K=5,R=1,S=1",-inf,-inf,0,K|X,1
K,91,C,1,R,1,Y,37,X,1,S,1,K,56,X,25,C,1,S,1,K,2,X,1,R,1,Y,19,"L1:[sp=K,91] C=1,R=1,Y=37,X=1,S=1,K=56 || L2:[sp=X,25] C=1,S=1,K=2,X=1,R=1,Y=19",-81327457.0,-163323000.0,1,K|X,1
K,91,C,1,Y,37,X,1,K,11,S,1,R,1,X,11,C,1,Y,18,X,1,K,10,R,1,S,1,"L1:[sp=K,91] C=1,Y=37,X=1,K=11,S=1,R=1 || L2:[sp=X,11] C=1,Y=18,X=1,K=10,R=1,S=1",-14878081.0,-163323000.0,1,K|X,1
X,91,C,1,Y,37,X,1,K,11,S,2,R,1,Y,1,C,1,Y,18,X,1,K,10,R,1,S,1,"L1:[sp=X,91] C=1,Y=37,X=1,K=11,S=2,R=1 || L2:[sp=Y,1] C=1,Y=18,X=1,K=10,R=1,S=1",-inf,-inf,0,X|Y,1
X,91,S,1,K,11,Y,37,X,1,C,1,R,1,K,25,X,1,Y,11,C,1,K,11,R,1,S,1,"L1:[sp=X,91] S=1,K=11,Y=37,X=1,C=1,R=1 || L2:[sp=K,25] X=1,Y=11,C=1,K=11,R=1,S=1",-15346909.0,-163323000.0,1,X|K,1
X,91,C,1,Y,37,X,48,K,11,S,1,R,1,K,25,C,1,Y,18,X,1,K,10,R,1,S,1,"L1:[sp=X,91] C=1,Y=37,X=48,K=11,S=1,R=1 || L2:[sp=K,25] C=1,Y=18,X=1,K=10,R=1,S=1",-inf,-inf,0,X|K,1
X,91,S,2,K,11,Y,37,X,1,C,1,R,1,K,25,X,1,S,1,C,1,K,11,R,1,Y,30,"L1:[sp=X,91] S=2,K=11,Y=37,X=1,C=1,R=1 || L2:[sp=K,25] X=1,S=1,C=1,K=11,R=1,Y=30",-inf,-inf,0,X|K,1
X,91,R,1,C,1,Y,37,X,1,S,3,K,56,X,1,C,1,S,1,K,2,X,1,R,1,Y,18,"L1:[sp=X,91] R=1,C=1,Y=37,X=1,S=3,K=56 || L2:[sp=X,1] C=1,S=1,K=2,X=1,R=1,Y=18",-inf,-inf,0,X|X,1
X,91,S,1,K,11,Y,37,X,1,C,1,R,1,K,25,X,1,S,1,C,1,K,11,R,1,Y,11,"L1:[sp=X,91] S=1,K=11,Y=37,X=1,C=1,R=1 || L2:[sp=K,25] X=1,S=1,C=1,K=11,R=1,Y=11",-inf,-inf,0,X|K,1
X,91,R,1,C,1,Y,37,X,1,S,1,K,56,K,25,C,1,S,1,K,2,X,1,R,1,Y,18,"L1:[sp=X,91] R=1,C=1,Y=37,X=1,S=1,K=56 || L2:[sp=K,25] C=1,S=1,K=2,X=1,R=1,Y=18",-1387153.0,-163323000.0,1,X|K,1
X,91,C,1,Y,37,X,1,K,11,S,1,R,1,K,25,C,1,Y,18,X,1,K,10,R,1,S,1,"L1:[sp=X,91] C=1,Y=37,X=1,K=11,S=1,R=1 || L2:[sp=K,25] C=1,Y=18,X=1,K=10,R=1,S=1",-13770973.0,-163323000.0,1,X|K,1
K,91,C,1,Y,37,X,1,K,11,S,1,R,1,X,25,C,1,Y,18,X,1,K,10,R,1,S,1,"L1:[sp=K,91] C=1,Y=37,X=1,K=11,S=1,R=1 || L2:[sp=X,25] C=1,Y=18,X=1,K=10,R=1,S=1",-inf,-inf,0,K|X,1
X,91,C,1,Y,37,X,1,R,1,S,2,K,9,K,25,X,1,Y,18,C,1,K,9,R,1,S,1,"L1:[sp=X,91] C=1,Y=37,X=1,R=1,S=2,K=9 || L2:[sp=K,25] X=1,Y=18,C=1,K=9,R=1,S=1",-inf,-inf,0,X|K,1
X,91,R,1,C,1,Y,37,X,83,S,1,K,56,K,25,K,2,S,1,C,1,X,1,R,1,Y,24,"L1:[sp=X,91] R=1,C=1,Y=37,X=83,S=1,K=56 || L2:[sp=K,25] K=2,S=1,C=1,X=1,R=1,Y=24",-inf,-inf,0,X|K,1
X,91,C,1,Y,37,X,83,R,1,S,1,K,39,K,25,X,1,Y,16,C,1,K,10,R,1,S,1,"L1:[sp=X,91] C=1,Y=37,X=83,R=1,S=1,K=39 || L2:[sp=K,25] X=1,Y=16,C=1,K=10,R=1,S=1",-inf,-inf,0,X|K,1
X,91,S,2,K,11,Y,37,X,1,C,1,R,1,K,25,X,1,Y,11,C,1,K,11,R,1,S,1,"L1:[sp=X,91] S=2,K=11,Y=37,X=1,C=1,R=1 || L2:[sp=K,25] X=1,Y=11,C=1,K=11,R=1,S=1",-30636361.0,-163323000.0,1,X|K,1
K,91,C,1,Y,37,R,1,X,136,S,1,K,56,X,25,C,1,S,1,K,2,X,1,R,1,Y,19,"L1:[sp=K,91] C=1,Y=37,R=1,X=136,S=1,K=56 || L2:[sp=X,25] C=1,S=1,K=2,X=1,R=1,Y=19",-inf,-inf,0,K|X,1
X,91,S,1,K,11,Y,37,X,1,C,1,R,1,K,25,X,1,Y,11,C,1,K,11,R,1,S,1,"L1:[sp=X,91] S=1,K=11,Y=37,X=1,C=1,R=1 || L2:[sp=K,25] X=1,Y=11,C=1,K=11,R=1,S=1",-inf,-inf,0,X|K,1
K,91,C,1,Y,37,X,1,K,11,S,1,R,1,X,11,C,1,Y,9,X,1,K,10,R,1,S,1,"L1:[sp=K,91] C=1,Y=37,X=1,K=11,S=1,R=1 || L2:[sp=X,11] C=1,Y=9,X=1,K=10,R=1,S=1",-14878081.0,-163323000.0,1,K|X,1
X,91,C,1,Y,37,X,1,K,11,S,1,R,1,K,25,C,1,Y,18,X,1,K,10,R,1,S,1,"L1:[sp=X,91] C=1,Y=37,X=1,K=11,S=1,R=1 || L2:[sp=K,25] C=1,Y=18,X=1,K=10,R=1,S=1",-13770973.0,-163323000.0,1,X|K,1
X,91,C,1,Y,37,R,1,K,11,S,1,X,1,X,25,C,1,Y,18,X,1,K,10,R,1,S,1,"L1:[sp=X,91] C=1,Y=37,R=1,K=11,S=1,X=1 || L2:[sp=X,25] C=1,Y=18,X=1,K=10,R=1,S=1",-12855781.0,-163323000.0,1,X|X,1
X,91,R,1,C,1,Y,37,X,1,S,1,K,56,K,25,C,1,S,1,K,56,X,1,R,1,Y,18,"L1:[sp=X,91] R=1,C=1,Y=37,X=1,S=1,K=56 || L2:[sp=K,25] C=1,S=1,K=56,X=1,R=1,Y=18",-inf,-inf,0,X|K,1
K,91,C,1,Y,37,X,1,R,3,S,1,K,11,X,25,X,1,Y,19,C,1,K,10,R,1,S,1,"L1:[sp=K,91] C=1,Y=37,X=1,R=3,S=1,K=11 || L2:[sp=X,25] X=1,Y=19,C=1,K=10,R=1,S=1",-15579649.0,-163323000.0,1,K|X,1
K,91,C,1,S,1,Y,37,X,83,R,1,K,56,X,25,C,1,S,1,K,2,X,1,R,1,Y,24,"L1:[sp=K,91] C=1,S=1,Y=37,X=83,R=1,K=56 || L2:[sp=X,25] C=1,S=1,K=2,X=1,R=1,Y=24",-inf,-inf,0,K|X,1
X,91,S,1,K,11,Y,37,X,1,C,1,R,1,K,25,X,1,S,1,C,1,K,11,R,1,Y,7,"L1:[sp=X,91] S=1,K=11,Y=37,X=1,C=1,R=1 || L2:[sp=K,25] X=1,S=1,C=1,K=11,R=1,Y=7",-inf,-inf,0,X|K,1
X,91,R,2,K,56,Y,37,X,129,S,1,C,1,K,25,C,1,S,1,K,2,X,1,R,1,Y,18,"L1:[sp=X,91] R=2,K=56,Y=37,X=129,S=1,C=1 || L2:[sp=K,25] C=1,S=1,K=2,X=1,R=1,Y=18",-inf,-inf,0,X|K,1
K,91,C,1,Y,37,X,83,R,1,S,1,K,11,X,25,X,1,Y,24,C,1,K,10,R,1,S,1,"L1:[sp=K,91] C=1,Y=37,X=83,R=1,S=1,K=11 || L2:[sp=X,25] X=1,Y=24,C=1,K=10,R=1,S=1",-inf,-inf,0,K|X,1
X,91,S,1,K,11,Y,37,X,1,C,1,R,1,K,25,X,1,Y,11,C,1,K,11,R,1,S,1,"L1:[sp=X,91] S=1,K=11,Y=37,X=1,C=1,R=1 || L2:[sp=K,25] X=1,Y=11,C=1,K=11,R=1,S=1",-inf,-inf,0,X|K,1
K,91,Y,37,C,1,X,1,K,11,S,1,R,1,X,11,R,1,Y,18,X,1,K,10,C,1,S,1,"L1:[sp=K,91] Y=37,C=1,X=1,K=11,S=1,R=1 || L2:[sp=X,11] R=1,Y=18,X=1,K=10,C=1,S=1",-14878081.0,-163323000.0,1,K|X,1
X,91,R,1,C,1,Y,37,X,1,S,1,K,56,K,25,C,1,S,1,K,5,X,1,R,1,Y,18,"L1:[sp=X,91] R=1,C=1,Y=37,X=1,S=1,K=56 || L2:[sp=K,25] C=1,S=1,K=5,X=1,R=1,Y=18",-2302345.0,-163323000.0,1,X|K,1
X,91,S,1,K,1,Y,37,X,1,C,1,R,1,K,25,X,1,Y,11,C,1,K,1,R,1,S,1,"L1:[sp=X,91] S=1,K=1,Y=37,X=1,C=1,R=1 || L2:[sp=K,25] X=1,Y=11,C=1,K=1,R=1,S=1",-15299713.0,-163323000.0,1,X|K,1
X,91,R,1,C,1,Y,37,X,1,S,1,K,56,K,25,C,1,S,1,K,5,X,1,R,1,Y,18,"L1:[sp=X,91] R=1,C=1,Y=37,X=1,S=1,K=56 || L2:[sp=K,25] C=1,S=1,K=5,X=1,R=1,Y=18",-inf,-inf,0,X|K,1
X,91,R,1,C,3,Y,37,X,1,S,1,K,56,X,1,C,1,S,1,K,5,X,1,R,1,Y,18,"L1:[sp=X,91] R=1,C=3,Y=37,X=1,S=1,K=56 || L2:[sp=X,1] C=1,S=1,K=5,X=1,R=1,Y=18",-inf,-inf,0,X|X,1
K,91,Y,37,C,1,X,1,K,11,S,1,R,1,X,11,R,1,Y,18,X,1,K,10,C,1,S,1,"L1:[sp=K,91] Y=37,C=1,X=1,K=11,S=1,R=1 || L2:[sp=X,11] R=1,Y=18,X=1,K=10,C=1,S=1",-inf,-inf,0,K|X,1
X,91,R,1,C,1,Y,170,X,1,S,1,K,56,K,25,C,1,S,1,K,5,X,1,R,1,Y,18,"L1:[sp=X,91] R=1,C=1,Y=170,X=1,S=1,K=56 || L2:[sp=K,25] C=1,S=1,K=5,X=1,R=1,Y=18",-inf,-inf,0,X|K,1
X,91,Y,37,C,1,X,90,K,11,S,1,R,1,K,25,C,1,Y,18,X,1,K,10,R,1,S,1,"L1:[sp=X,91] Y=37,C=1,X=90,K=11,S=1,R=1 || L2:[sp=K,25] C=1,Y=18,X=1,K=10,R=1,S=1",-inf,-inf,0,X|K,1
K,91,Y,37,C,1,X,1,K,11,S,1,R,3,X,11,R,1,Y,18,X,1,K,10,C,1,S,1,"L1:[sp=K,91] Y=37,C=1,X=1,K=11,S=1,R=3 || L2:[sp=X,11] R=1,Y=18,X=1,K=10,C=1,S=1",-15579649.0,-163323000.0,1,K|X,1
K,91,C,1,Y,220,X,1,K,11,S,1,R,1,X,11,C,1,Y,9,X,1,K,10,R,1,S,1,"L1:[sp=K,91] C=1,Y=220,X=1,K=11,S=1,R=1 || L2:[sp=X,11] C=1,Y=9,X=1,K=10,R=1,S=1",-inf,-inf,0,K|X,1
X,91,C,1,S,1,X,1,R,3,Y,37,K,11,K,25,X,1,K,10,R,1,Y,19,C,1,S,1,"L1:[sp=X,91] C=1,S=1,X=1,R=3,Y=37,K=11 || L2:[sp=K,25] X=1,K=10,R=1,Y=19,C=1,S=1",-14417353.0,-163323000.0,1,X|K,1
K,91,C,1,Y,37,X,1,K,59,S,1,R,1,X,11,C,1,Y,9,X,1,K,10,R,1,S,1,"L1:[sp=K,91] C=1,Y=37,X=1,K=59,S=1,R=1 || L2:[sp=X,11] C=1,Y=9,X=1,K=10,R=1,S=1",-inf,-inf,0,K|X,1
X,91,S,1,K,1,Y,37,X,1,C,1,R,1,K,25,X,1,Y,18,C,1,K,1,R,1,S,1,"L1:[sp=X,91] S=1,K=1,Y=37,X=1,C=1,R=1 || L2:[sp=K,25] X=1,Y=18,C=1,K=1,R=1,S=1",-inf,-inf,0,X|K,1
X,91,C,1,Y,37,X,1,K,11,S,1,R,3,K,25,C,1,Y,11,X,1,K,10,R,1,S,1,"L1:[sp=X,91] C=1,Y=37,X=1,K=11,S=1,R=3 || L2:[sp=K,25] C=1,Y=11,X=1,K=10,R=1,S=1",-inf,-inf,0,X|K,1
X,91,R,1,Y,80,X,1,K,11,S,1,C,3,K,25,C,1,S,1,X,1,K,10,R,1,Y,18,"L1:[sp=X,91] R=1,Y=80,X=1,K=11,S=1,C=3 || L2:[sp=K,25] C=1,S=1,X=1,K=10,R=1,Y=18",-13672477.0,-163323000.0,1,X|K,1
X,91,S,2,K,13,Y,37,X,1,C,1,R,1,K,25,X,1,Y,11,C,1,K,11,R,1,S,1,"L1:[sp=X,91] S=2,K=13,Y=37,X=1,C=1,R=1 || L2:[sp=K,25] X=1,Y=11,C=1,K=11,R=1,S=1",-inf,-inf,0,X|K,1
X,91,C,1,Y,37,R,1,K,11,S,1,X,22,X,25,C,1,Y,18,X,1,K,10,R,1,S,1,"L1:[sp=X,91] C=1,Y=37,R=1,K=11,S=1,X=22 || L2:[sp=X,25] C=1,Y=18,X=1,K=10,R=1,S=1",-inf,-inf,0,X|X,1
X,91,R,1,C,2,Y,37,X,1,S,1,K,56,K,25,C,1,S,1,K,5,X,1,R,1,Y,18,"L1:[sp=X,91] R=1,C=2,Y=37,X=1,S=1,K=56 || L2:[sp=K,25] C=1,S=1,K=5,X=1,R=1,Y=18",-inf,-inf,0,X|K,1
X,91,C,1,Y,37,R,2,K,11,S,2,X,1,X,25,C,1,Y,18,X,1,K,10,R,1,S,1,"L1:[sp=X,91] C=1,Y=37,R=2,K=11,S=2,X=1 || L2:[sp=X,25] C=1,Y=18,X=1,K=10,R=1,S=1",-13234033.0,-163323000.0,1,X|X,1
X,91,S,1,K,11,Y,37,X,1,C,1,R,1,K,25,X,1,Y,9,C,1,K,11,R,1,S,1,"L1:[sp=X,91] S=1,K=11,Y=37,X=1,C=1,R=1 || L2:[sp=K,25] X=1,Y=9,C=1,K=11,R=1,S=1",-inf,-inf,0,X|K,1
K,91,Y,37,C,1,X,1,K,11,S,1,R,1,C,1,R,1,Y,18,X,1,K,10,C,1,S,1,"L1:[sp=K,91] Y=37,C=1,X=1,K=11,S=1,R=1 || L2:[sp=C,1] R=1,Y=18,X=1,K=10,C=1,S=1",-14878081.0,-163323000.0,1,K|C,1
X,91,C,1,Y,37,R,1,K,11,S,1,X,1,X,25,C,1,Y,18,X,1,K,10,R,1,S,1,"L1:[sp=X,91] C=1,Y=37,R=1,K=11,S=1,X=1 || L2:[sp=X,25] C=1,Y=18,X=1,K=10,R=1,S=1",-inf,-inf,0,X|X,1
X,91,C,1,Y,37,X,1,K,11,S,1,R,1,K,25,C,1,Y,18,X,1,K,10,R,1,S,1,"L1:[sp=X,91] C=1,Y=37,X=1,K=11,S=1,R=1 || L2:[sp=K,25] C=1,Y=18,X=1,K=10,R=1,S=1",-inf,-inf,0,X|K,1
X,91,C,1,Y,37,R,2,K,11,S,2,X,1,X,25,C,1,Y,18,X,1,K,10,R,1,S,1,"L1:[sp=X,91] C=1,Y=37,R=2,K=11,S=2,X=1 || L2:[sp=X,25] C=1,Y=18,X=1,K=10,R=1,S=1",-13234033.0,-163323000.0,1,X|X,1
C,91,Y,37,C,3,X,1,K,11,S,1,R,1,K,1,R,1,Y,18,C,1,K,10,X,1,S,1,"L1:[sp=C,91] Y=37,C=3,X=1,K=11,S=1,R=1 || L2:[sp=K,1] R=1,Y=18,C=1,K=10,X=1,S=1",-75612097.0,-163323000.0,1,C|K,1
K,91,X,1,C,3,Y,37,K,11,S,1,R,3,X,11,R,1,Y,18,X,1,K,10,C,1,S,1,"L1:[sp=K,91] X=1,C=3,Y=37,K=11,S=1,R=3 || L2:[sp=X,11] R=1,Y=18,X=1,K=10,C=1,S=1",-15571585.0,-163323000.0,1,K|X,1
K,91,Y,37,C,1,X,1,K,11,S,1,R,3,K,11,R,1,Y,18,X,1,K,10,C,1,S,1,"L1:[sp=K,91] Y=37,C=1,X=1,K=11,S=1,R=3 || L2:[sp=K,11] R=1,Y=18,X=1,K=10,C=1,S=1",-14164417.0,-163323000.0,1,K|K,1
K,91,Y,37,S,1,X,1,K,55,C,1,R,1,C,1,R,1,Y,28,X,1,K,10,C,1,S,1,"L1:[sp=K,91] Y=37,S=1,X=1,K=55,C=1,R=1 || L2:[sp=C,1] R=1,Y=28,X=1,K=10,C=1,S=1",-inf,-inf,0,K|C,1
K,91,Y,80,C,1,X,1,K,11,S,1,R,2,X,11,R,1,Y,18,X,1,K,10,C,1,S,1,"L1:[sp=K,91] Y=80,C=1,X=1,K=11,S=1,R=2 || L2:[sp=X,11] R=1,Y=18,X=1,K=10,C=1,S=1",-14980897.0,-163323000.0,1,K|X,1
X,91,R,3,Y,37,X,1,K,11,S,1,C,3,K,25,K,10,S,1,X,1,C,1,R,3,Y,18,"L1:[sp=X,91] R=3,Y=37,X=1,K=11,S=1,C=3 || L2:[sp=K,25] K=10,S=1,X=1,C=1,R=3,Y=18",-13670425.0,-163324000.0,1,X|K,1
X,91,C,1,Y,37,R,2,K,11,S,2,X,1,X,25,C,1,Y,18,X,1,K,10,R,1,S,1,"L1:[sp=X,91] C=1,Y=37,R=2,K=11,S=2,X=1 || L2:[sp=X,25] C=1,Y=18,X=1,K=10,R=1,S=1",-inf,-inf,0,X|X,1
K,91,R,1,Y,80,X,1,K,11,S,2,C,3,K,25,C,1,S,1,X,1,K,7,R,1,Y,18,"L1:[sp=K,91] R=1,Y=80,X=1,K=11,S=2,C=3 || L2:[sp=K,25] C=1,S=1,X=1,K=7,R=1,Y=18",-inf,-inf,0,K|K,1
K,91,Y,37,C,1,X,1,K,11,S,1,R,3,X,11,R,1,Y,18,X,1,K,10,C,1,S,1,"L1:[sp=K,91] Y=37,C=1,X=1,K=11,S=1,R=3 || L2:[sp=X,11] R=1,Y=18,X=1,K=10,C=1,S=1",-inf,-inf,0,K|X,1
X,91,C,1,Y,37,R,2,K,21,S,2,X,1,X,25,C,1,Y,18,X,1,K,10,R,1,S,1,"L1:[sp=X,91] C=1,Y=37,R=2,K=21,S=2,X=1 || L2:[sp=X,25] C=1,Y=18,X=1,K=10,R=1,S=1",-15115489.0,-163323000.0,1,X|X,1
K,91,Y,37,C,1,X,1,K,11,S,2,R,2,C,1,R,1,Y,32,X,1,K,10,C,1,S,1,"L1:[sp=K,91] Y=37,C=1,X=1,K=11,S=2,R=2 || L2:[sp=C,1] R=1,Y=32,X=1,K=10,C=1,S=1",-inf,-inf,0,K|C,1
Y,91,C,1,Y,37,R,1,K,11,S,1,X,70,X,25,C,1,Y,18,X,1,K,10,R,1,S,1,"L1:[sp=Y,91] C=1,Y=37,R=1,K=11,S=1,X=70 || L2:[sp=X,25] C=1,Y=18,X=1,K=10,R=1,S=1",-inf,-inf,0,Y|X,1
K,91,Y,37,C,1,X,1,K,48,S,3,R,3,X,11,S,1,Y,18,X,1,K,10,C,1,R,1,"L1:[sp=K,91] Y=37,C=1,X=1,K=48,S=3,R=3 || L2:[sp=X,11] S=1,Y=18,X=1,K=10,C=1,R=1",-67328605.0,-163323000.0,1,K|X,1
X,91,R,1,Y,80,X,172,K,11,S,1,C,3,K,25,C,1,S,1,X,1,K,10,R,1,Y,18,"L1:[sp=X,91] R=1,Y=80,X=172,K=11,S=1,C=3 || L2:[sp=K,25] C=1,S=1,X=1,K=10,R=1,Y=18",-inf,-inf,0,X|K,1
C,91,C,1,S,2,X,1,R,2,Y,37,K,11,K,25,X,1,K,10,R,1,Y,18,C,1,S,1,"L1:[sp=C,91] C=1,S=2,X=1,R=2,Y=37,K=11 || L2:[sp=K,25] X=1,K=10,R=1,Y=18,C=1,S=1",-55430665.0,-163323000.0,1,C|K,1
X,91,C,1,Y,37,R,3,K,11,S,1,X,1,X,25,C,1,Y,19,X,1,K,10,R,1,S,1,"L1:[sp=X,91] C=1,Y=37,R=3,K=11,S=1,X=1 || L2:[sp=X,25] C=1,Y=19,X=1,K=10,R=1,S=1",-13457017.0,-163323000.0,1,X|X,1
X,91,R,1,Y,113,X,1,K,11,S,1,C,2,K,25,C,1,S,1,X,1,K,10,R,1,Y,18,"L1:[sp=X,91] R=1,Y=113,X=1,K=11,S=1,C=2 || L2:[sp=K,25] C=1,S=1,X=1,K=10,R=1,Y=18",-inf,-inf,0,X|K,1
X,91,C,1,S,1,X,1,R,3,Y,37,K,11,K,25,K,4,X,1,R,1,Y,19,C,1,S,1,"L1:[sp=X,91] C=1,S=1,X=1,R=3,Y=37,K=11 || L2:[sp=K,25] K=4,X=1,R=1,Y=19,C=1,S=1",-inf,-inf,0,X|K,1
K,91,Y,37,C,3,X,1,K,11,S,2,R,2,X,11,Y,18,R,1,X,1,K,10,C,1,S,2,"L1:[sp=K,91] Y=37,C=3,X=1,K=11,S=2,R=2 || L2:[sp=X,11] Y=18,R=1,X=1,K=10,C=1,S=2",-inf,-inf,0,K|X,1
X,91,C,1,Y,37,R,3,K,11,S,1,X,1,X,25,C,1,Y,18,X,1,K,10,R,1,S,1,"L1:[sp=X,91] C=1,Y=37,R=3,K=11,S=1,X=1 || L2:[sp=X,25] C=1,Y=18,X=1,K=10,R=1,S=1",-13457017.0,-163323000.0,1,X|X,1
X,91,C,1,Y,37,R,2,K,11,S,2,X,1,X,25,C,1,Y,18,X,1,K,10,R,1,S,1,"L1:[sp=X,91] C=1,Y=37,R=2,K=11,S=2,X=1 || L2:[sp=X,25] C=1,Y=18,X=1,K=10,R=1,S=1",-inf,-inf,0,X|X,1
X,91,C,2,Y,37,R,3,K,11,S,1,X,1,X,25,C,1,Y,18,X,1,K,10,R,1,S,1,"L1:[sp=X,91] C=2,Y=37,R=3,K=11,S=1,X=1 || L2:[sp=X,25] C=1,Y=18,X=1,K=10,R=1,S=1",-inf,-inf,0,X|X,1
X,91,C,1,Y,37,R,2,K,31,S,2,X,1,X,25,C,1,Y,18,X,1,K,10,R,2,S,1,"L1:[sp=X,91] C=1,Y=37,R=2,K=31,S=2,X=1 || L2:[sp=X,25] C=1,Y=18,X=1,K=10,R=2,S=1",-inf,-inf,0,X|X,1
X,91,C,1,Y,37,R,2,K,11,S,1,X,1,K,11,C,1,Y,19,X,1,K,10,R,1,S,1,"L1:[sp=X,91] C=1,Y=37,R=2,K=11,S=1,X=1 || L2:[sp=K,11] C=1,Y=19,X=1,K=10,R=1,S=1",-6013441.0,-163324000.0,1,X|K,1
X,91,Y,80,C,1,X,1,K,11,S,1,R,2,K,11,R,1,Y,18,X,1,K,10,C,1,S,1,"L1:[sp=X,91] Y=80,C=1,X=1,K=11,S=1,R=2 || L2:[sp=K,11] R=1,Y=18,X=1,K=10,C=1,S=1",-inf,-inf,0,X|K,1
K,91,X,1,Y,37,C,3,K,11,S,2,R,2,X,11,R,1,Y,29,X,1,K,10,C,1,S,1,"L1:[sp=K,91] X=1,Y=37,C=3,K=11,S=2,R=2 || L2:[sp=X,11] R=1,Y=29,X=1,K=10,C=1,S=1",-inf,-inf,0,K|X,1
X,91,C,1,Y,37,R,3,K,21,S,1,X,1,Y,37,C,1,Y,18,X,1,K,10,R,1,S,1,"L1:[sp=X,91] C=1,Y=37,R=3,K=21,S=1,X=1 || L2:[sp=Y,37] C=1,Y=18,X=1,K=10,R=1,S=1",-inf,-inf,0,X|Y,1
Y,91,C,1,Y,37,R,3,K,11,S,1,X,15,X,25,C,1,Y,18,X,1,K,10,R,1,S,1,"L1:[sp=Y,91] C=1,Y=37,R=3,K=11,S=1,X=15 || L2:[sp=X,25] C=1,Y=18,X=1,K=10,R=1,S=1",-inf,-inf,0,Y|X,1
X,91,C,1,Y,37,R,3,K,11,S,1,X,1,X,25,C,1,Y,19,S,1,X,1,R,1,K,10,"L1:[sp=X,91] C=1,Y=37,R=3,K=11,S=1,X=1 || L2:[sp=X,25] C=1,Y=19,S=1,X=1,R=1,K=10",-inf,-inf,0,X|X,1
X,91,C,1,Y,37,R,2,K,21,S,3,X,1,X,25,C,1,Y,18,X,1,S,1,R,1,K,10,"L1:[sp=X,91] C=1,Y=37,R=2,K=21,S=3,X=1 || L2:[sp=X,25] C=1,Y=18,X=1,S=1,R=1,K=10",-inf,-inf,0,X|X,1
K,91,Y,80,C,1,X,1,K,11,S,1,R,2,X,11,R,1,Y,18,X,1,K,10,C,1,S,1,"L1:[sp=K,91] Y=80,C=1,X=1,K=11,S=1,R=2 || L2:[sp=X,11] R=1,Y=18,X=1,K=10,C=1,S=1",-14980897.0,-163323000.0,1,K|X,1
X,91,C,1,Y,37,R,3,K,11,S,3,X,1,X,25,C,1,Y,18,X,1,K,10,R,1,S,1,"L1:[sp=X,91] C=1,Y=37,R=3,K=11,S=3,X=1 || L2:[sp=X,25] C=1,Y=18,X=1,K=10,R=1,S=1",-inf,-inf,0,X|X,1
K,91,Y,37,C,1,X,1,K,11,S,1,R,3,K,11,C,1,Y,18,X,1,K,10,R,1,S,1,"L1:[sp=K,91] Y=37,C=1,X=1,K=11,S=1,R=3 || L2:[sp=K,11] C=1,Y=18,X=1,K=10,R=1,S=1",-inf,-inf,0,K|K,1
X,91,C,1,Y,33,R,2,K,21,S,2,X,1,X,25,C,1,Y,18,X,1,K,10,R,1,S,1,"L1:[sp=X,91] C=1,Y=33,R=2,K=21,S=2,X=1 || L2:[sp=X,25] C=1,Y=18,X=1,K=10,R=1,S=1",-inf,-inf,0,X|X,1
K,91,Y,37,C,1,X,1,K,11,S,1,R,3,K,11,R,2,Y,18,X,1,K,10,C,1,S,1,"L1:[sp=K,91] Y=37,C=1,X=1,K=11,S=1,R=3 || L2:[sp=K,11] R=2,Y=18,X=1,K=10,C=1,S=1",-inf,-inf,0,K|K,1
X,91,C,1,Y,37,R,2,K,21,S,2,X,1,X,25,C,1,Y,18,X,1,K,10,R,1,S,1,"L1:[sp=X,91] C=1,Y=37,R=2,K=21,S=2,X=1 || L2:[sp=X,25] C=1,Y=18,X=1,K=10,R=1,S=1",-inf,-inf,0,X|X,1
X,91,C,1,Y,28,R,3,K,11,S,1,X,1,Y,7,C,1,Y,18,X,1,K,10,R,1,S,1,"L1:[sp=X,91] C=1,Y=28,R=3,K=11,S=1,X=1 || L2:[sp=Y,7] C=1,Y=18,X=1,K=10,R=1,S=1",-inf,-inf,0,X|Y,1
K,91,X,1,C,3,R,3,K,63,S,1,Y,37,X,11,R,1,Y,18,X,1,K,10,C,1,S,1,"L1:[sp=K,91] X=1,C=3,R=3,K=63,S=1,Y=37 || L2:[sp=X,11] R=1,Y=18,X=1,K=10,C=1,S=1",-89163649.0,-163323000.0,1,K|X,1
X,91,Y,37,C,3,X,1,K,11,S,1,R,3,K,11,R,1,Y,18,X,1,K,10,C,1,S,1,"L1:[sp=X,91] Y=37,C=3,X=1,K=11,S=1,R=3 || L2:[sp=K,11] R=1,Y=18,X=1,K=10,C=1,S=1",-inf,-inf,0,X|K,1
X,91,R,2,Y,37,X,175,S,2,K,11,C,3,K,25,K,10,S,1,X,1,C,1,R,1,Y,18,"L1:[sp=X,91] R=2,Y=37,X=175,S=2,K=11,C=3 || L2:[sp=K,25] K=10,S=1,X=1,C=1,R=1,Y=18",-inf,-inf,0,X|K,1
X,91,C,1,Y,37,R,3,K,21,S,1,X,1,X,25,C,1,Y,18,X,1,K,10,R,3,S,1,"L1:[sp=X,91] C=1,Y=37,R=3,K=21,S=1,X=1 || L2:[sp=X,25] C=1,Y=18,X=1,K=10,R=3,S=1",-14585617.0,-163324000.0,1,X|X,1
X,91,C,1,Y,37,R,2,K,11,S,1,X,1,K,11,C,1,Y,19,X,1,K,10,R,1,S,1,"L1:[sp=X,91] C=1,Y=37,R=2,K=11,S=1,X=1 || L2:[sp=K,11] C=1,Y=19,X=1,K=10,R=1,S=1",-inf,-inf,0,X|K,1
X,91,C,1,Y,37,R,3,K,21,S,1,X,1,X,25,C,1,Y,18,X,1,K,17,R,3,S,1,"L1:[sp=X,91] C=1,Y=37,R=3,K=21,S=1,X=1 || L2:[sp=X,25] C=1,Y=18,X=1,K=17,R=3,S=1",-inf,-inf,0,X|X,1
K,91,X,1,C,3,R,3,K,63,S,1,Y,37,X,11,R,1,Y,18,X,1,K,45,C,1,S,1,"L1:[sp=K,91] X=1,C=3,R=3,K=63,S=1,Y=37 || L2:[sp=X,11] R=1,Y=18,X=1,K=45,C=1,S=1",-inf,-inf,0,K|X,1
X,91,C,1,Y,37,R,2,K,11,S,1,X,1,K,11,C,1,Y,19,X,1,K,10,S,1,R,1,"L1:[sp=X,91] C=1,Y=37,R=2,K=11,S=1,X=1 || L2:[sp=K,11] C=1,Y=19,X=1,K=10,S=1,R=1",-inf,-inf,0,X|K,1
K,91,Y,80,C,1,X,1,K,11,S,1,R,2,X,11,R,1,Y,21,X,1,K,10,C,1,S,1,"L1:[sp=K,91] Y=80,C=1,X=1,K=11,S=1,R=2 || L2:[sp=X,11] R=1,Y=21,X=1,K=10,C=1,S=1",-inf,-inf,0,K|X,1
X,91,C,1,Y,37,R,3,K,51,X,1,S,1,X,25,C,1,Y,8,X,1,K,10,R,3,S,1,"L1:[sp=X,91] C=1,Y=37,R=3,K=51,X=1,S=1 || L2:[sp=X,25] C=1,Y=8,X=1,K=10,R=3,S=1",-14125969.0,-163323000.0,1,X|X,1
K,91,Y,80,C,1,X,1,K,11,S,1,R,2,X,11,R,1,Y,18,X,1,K,10,C,1,S,1,"L1:[sp=K,91] Y=80,C=1,X=1,K=11,S=1,R=2 || L2:[sp=X,11] R=1,Y=18,X=1,K=10,C=1,S=1",-inf,-inf,0,K|X,1
X,91,C,1,Y,189,R,3,K,21,S,1,X,1,X,25,C,1,Y,18,X,1,K,10,R,3,S,1,"L1:[sp=X,91] C=1,Y=189,R=3,K=21,S=1,X=1 || L2:[sp=X,25] C=1,Y=18,X=1,K=10,R=3,S=1",-inf,-inf,0,X|X,1
K,91,X,1,C,3,R,3,K,54,S,3,Y,37,X,11,R,1,Y,18,X,1,K,10,S,1,C,1,"L1:[sp=K,91] X=1,C=3,R=3,K=54,S=3,Y=37 || L2:[sp=X,11] R=1,Y=18,X=1,K=10,S=1,C=1",-inf,-inf,0,K|X,1
K,91,Y,80,C,1,X,1,K,11,S,1,R,2,C,1,R,1,Y,18,X,1,K,10,C,1,S,1,"L1:[sp=K,91] Y=80,C=1,X=1,K=11,S=1,R=2 || L2:[sp=C,1] R=1,Y=18,X=1,K=10,C=1,S=1",-inf,-inf,0,K|C,1
K,91,K,11,Y,37,R,3,C,1,S,3,X,1,X,11,C,1,Y,19,X,1,K,10,R,1,S,1,"L1:[sp=K,91] K=11,Y=37,R=3,C=1,S=3,X=1 || L2:[sp=X,11] C=1,Y=19,X=1,K=10,R=1,S=1",-15432553.0,-163323000.0,1,K|X,1
X,91,C,1,Y,37,S,1,K,43,R,3,X,1,X,25,C,1,Y,18,X,1,K,10,R,3,S,1,"L1:[sp=X,91] C=1,Y=37,S=1,K=43,R=3,X=1 || L2:[sp=X,25] C=1,Y=18,X=1,K=10,R=3,S=1",-15037057.0,-163324000.0,1,X|X,1
K,91,Y,80,C,1,X,1,K,11,S,1,R,2,X,1,R,1,Y,18,X,1,K,10,C,1,S,1,"L1:[sp=K,91] Y=80,C=1,X=1,K=11,S=1,R=2 || L2:[sp=X,1] R=1,Y=18,X=1,K=10,C=1,S=1",-inf,-inf,0,K|X,1
X,91,Y,37,C,3,X,1,K,11,S,1,R,1,K,11,R,1,Y,18,X,1,K,10,C,1,S,1,"L1:[sp=X,91] Y=37,C=3,X=1,K=11,S=1,R=1 || L2:[sp=K,11] R=1,Y=18,X=1,K=10,C=1,S=1",-inf,-inf,0,X|K,1
X,91,X,1,C,1,R,2,K,57,S,1,Y,80,K,11,R,1,Y,18,X,1,S,1,C,1,K,10,"L1:[sp=X,91] X=1,C=1,R=2,K=57,S=1,Y=80 || L2:[sp=K,11] R=1,Y=18,X=1,S=1,C=1,K=10",-inf,-inf,0,X|K,1
X,91,C,1,Y,37,R,3,K,21,S,1,X,1,X,25,C,1,Y,18,X,1,K,10,R,3,S,1,"L1:[sp=X,91] C=1,Y=37,R=3,K=21,S=1,X=1 || L2:[sp=X,25] C=1,Y=18,X=1,K=10,R=3,S=1",-inf,-inf,0,X|X,1
K,91,X,1,C,3,R,3,K,63,S,1,Y,37,X,11,K,10,Y,26,X,1,R,1,C,1,S,1,"L1:[sp=K,91] X=1,C=3,R=3,K=63,S=1,Y=37 || L2:[sp=X,11] K=10,Y=26,X=1,R=1,C=1,S=1",-inf,-inf,0,K|X,1
K,91,Y,80,C,1,X,1,K,11,S,1,R,2,K,1,R,2,Y,18,X,1,C,1,K,5,S,1,"L1:[sp=K,91] Y=80,C=1,X=1,K=11,S=1,R=2 || L2:[sp=K,1] R=2,Y=18,X=1,C=1,K=5,S=1",-inf,-inf,0,K|K,1
K,91,X,1,C,1,R,2,K,63,S,1,Y,37,X,11,R,1,Y,18,X,1,K,10,C,1,S,1,"L1:[sp=K,91] X=1,C=1,R=2,K=63,S=1,Y=37 || L2:[sp=X,11] R=1,Y=18,X=1,K=10,C=1,S=1",-inf,-inf,0,K|X,1
X,91,C,1,Y,37,R,3,K,21,S,1,X,1,X,25,C,1,Y,18,X,1,K,10,S,1,R,3,"L1:[sp=X,91] C=1,Y=37,R=3,K=21,S=1,X=1 || L2:[sp=X,25] C=1,Y=18,X=1,K=10,S=1,R=3",-inf,-inf,0,X|X,1
K,91,Y,24,C,1,X,1,K,11,S,3,R,2,X,11,R,1,Y,18,X,1,K,10,C,1,S,1,"L1:[sp=K,91] Y=24,C=1,X=1,K=11,S=3,R=2 || L2:[sp=X,11] R=1,Y=18,X=1,K=10,C=1,S=1",-inf,-inf,0,K|X,1
X,91,C,1,Y,37,R,3,K,51,X,1,S,1,X,25,C,1,Y,8,X,1,K,10,R,3,S,1,"L1:[sp=X,91] C=1,Y=37,R=3,K=51,X=1,S=1 || L2:[sp=X,25] C=1,Y=8,X=1,K=10,R=3,S=1",-inf,-inf,0,X|X,1
X,91,C,1,X,1,R,3,K,51,Y,37,S,3,X,25,C,1,Y,8,X,1,K,10,R,3,S,1,"L1:[sp=X,91] C=1,X=1,R=3,K=51,Y=37,S=3 || L2:[sp=X,25] C=1,Y=8,X=1,K=10,R=3,S=1",-13751569.0,-163323000.0,1,X|X,1
K,91,K,11,Y,37,R,3,C,1,S,1,X,1,X,11,C,1,R,1,X,1,K,10,Y,19,S,1,"L1:[sp=K,91] K=11,Y=37,R=3,C=1,S=1,X=1 || L2:[sp=X,11] C=1,R=1,X=1,K=10,Y=19,S=1",-inf,-inf,0,K|X,1
X,91,C,1,Y,37,S,3,K,43,R,3,X,1,X,25,C,1,Y,18,X,1,K,10,R,1,S,1,"L1:[sp=X,91] C=1,Y=37,S=3,K=43,R=3,X=1 || L2:[sp=X,25] C=1,Y=18,X=1,K=10,R=1,S=1",-inf,-inf,0,X|X,1
K,91,K,11,Y,37,R,3,S,3,C,1,X,1,X,11,C,1,Y,19,X,1,K,10,R,3,S,1,"L1:[sp=K,91] K=11,Y=37,R=3,S=3,C=1,X=1 || L2:[sp=X,11] C=1,Y=19,X=1,K=10,R=3,S=1",-inf,-inf,0,K|X,1
X,91,C,1,Y,37,R,3,K,51,X,1,S,1,X,25,C,1,Y,20,X,1,K,10,R,3,S,1,"L1:[sp=X,91] C=1,Y=37,R=3,K=51,X=1,S=1 || L2:[sp=X,25] C=1,Y=20,X=1,K=10,R=3,S=1",-inf,-inf,0,X|X,1
X,91,C,3,Y,37,S,1,K,43,R,3,X,62,X,25,C,1,Y,8,X,1,K,10,R,3,S,1,"L1:[sp=X,91] C=3,Y=37,S=1,K=43,R=3,X=62 || L2:[sp=X,25] C=1,Y=8,X=1,K=10,R=3,S=1",-inf,-inf,0,X|X,1
X,91,C,2,Y,37,R,3,K,51,X,1,S,1,X,25,C,1,Y,18,K,10,X,1,R,1,S,1,"L1:[sp=X,91] C=2,Y=37,R=3,K=51,X=1,S=1 || L2:[sp=X,25] C=1,Y=18,K=10,X=1,R=1,S=1",-14887945.0,-163324000.0,1,X|X,1
X,91,C,1,Y,37,R,3,K,47,S,1,X,1,K,1,C,1,Y,8,X,1,K,10,R,3,S,1,"L1:[sp=X,91] C=1,Y=37,R=3,K=47,S=1,X=1 || L2:[sp=K,1] C=1,Y=8,X=1,K=10,R=3,S=1",-inf,-inf,0,X|K,1
K,91,K,11,Y,37,R,2,S,3,C,1,X,1,X,11,C,1,Y,19,X,1,K,10,R,1,S,1,"L1:[sp=K,91] K=11,Y=37,R=2,S=3,C=1,X=1 || L2:[sp=X,11] C=1,Y=19,X=1,K=10,R=1,S=1",-16295023.0,-163323000.0,1,K|X,1
X,91,C,1,Y,37,R,3,K,51,X,1,S,1,X,25,C,1,Y,8,X,1,K,10,R,3,S,1,"L1:[sp=X,91] C=1,Y=37,R=3,K=51,X=1,S=1 || L2:[sp=X,25] C=1,Y=8,X=1,K=10,R=3,S=1",-inf,-inf,0,X|X,1
X,91,C,1,S,1,R,3,K,61,X,1,Y,37,X,25,C,1,Y,18,X,1,K,10,R,3,S,1,"L1:[sp=X,91] C=1,S=1,R=3,K=61,X=1,Y=37 || L2:[sp=X,25] C=1,Y=18,X=1,K=10,R=3,S=1",-inf,-inf,0,X|X,1
X,91,C,1,Y,37,S,1,K,43,R,3,X,1,X,25,C,1,Y,8,X,1,K,10,R,3,S,1,"L1:[sp=X,91] C=1,Y=37,S=1,K=43,R=3,X=1 || L2:[sp=X,25] C=1,Y=8,X=1,K=10,R=3,S=1",-inf,-inf,0,X|X,1
X,91,C,1,Y,37,X,1,K,43,R,3,S,3,X,1,C,1,Y,18,X,1,K,10,R,1,S,1,"L1:[sp=X,91] C=1,Y=37,X=1,K=43,R=3,S=3 || L2:[sp=X,1] C=1,Y=18,X=1,K=10,R=1,S=1",-inf,-inf,0,X|X,1
K,91,K,11,Y,37,R,3,C,1,S,1,X,133,X,11,Y,19,C,1,X,1,K,10,R,3,S,1,"L1:[sp=K,91] K=11,Y=37,R=3,C=1,S=1,X=133 || L2:[sp=X,11] Y=19,C=1,X=1,K=10,R=3,S=1",-inf,-inf,0,K|X,1
X,91,C,1,Y,145,R,3,K,51,X,1,S,1,X,25,C,1,Y,9,X,1,K,10,R,3,S,1,"L1:[sp=X,91] C=1,Y=145,R=3,K=51,X=1,S=1 || L2:[sp=X,25] C=1,Y=9,X=1,K=10,R=3,S=1",-inf,-inf,0,X|X,1
X,91,C,1,R,3,S,1,K,43,Y,37,X,1,X,25,S,1,Y,18,X,1,K,10,R,3,C,1,"L1:[sp=X,91] C=1,R=3,S=1,K=43,Y=37,X=1 || L2:[sp=X,25] S=1,Y=18,X=1,K=10,R=3,C=1",-15037057.0,-163324000.0,1,X|X,1
Y,91,X,1,Y,37,R,3,K,51,C,1,S,1,X,25,C,1,Y,8,X,1,K,10,R,3,S,1,"L1:[sp=Y,91] X=1,Y=37,R=3,K=51,C=1,S=1 || L2:[sp=X,25] C=1,Y=8,X=1,K=10,R=3,S=1",-13878145.0,-163323000.0,1,Y|X,1
Y,91,K,11,Y,37,R,3,C,1,X,1,S,3,X,11,C,1,Y,19,X,1,K,10,R,1,S,1,"L1:[sp=Y,91] K=11,Y=37,R=3,C=1,X=1,S=3 || L2:[sp=X,11] C=1,Y=19,X=1,K=10,R=1,S=1",-13094893.0,-163323000.0,1,Y|X,1
K,91,K,11,Y,37,R,3,C,1,S,3,X,127,X,11,C,1,Y,24,X,1,K,10,R,1,S,1,"L1:[sp=K,91] K=11,Y=37,R=3,C=1,S=3,X=127 || L2:[sp=X,11] C=1,Y=24,X=1,K=10,R=1,S=1",-inf,-inf,0,K|X,1
X,91,C,3,Y,37,R,3,K,51,X,1,S,1,X,25,C,1,Y,8,X,1,K,10,R,3,S,1,"L1:[sp=X,91] C=3,Y=37,R=3,K=51,X=1,S=1 || L2:[sp=X,25] C=1,Y=8,X=1,K=10,R=3,S=1",-inf,-inf,0,X|X,1
Y,91,K,11,Y,37,R,3,C,1,X,1,S,3,X,11,C,1,Y,19,X,1,K,10,R,1,S,1,"L1:[sp=Y,91] K=11,Y=37,R=3,C=1,X=1,S=3 || L2:[sp=X,11] C=1,Y=19,X=1,K=10,R=1,S=1",-inf,-inf,0,Y|X,1
Y,91,X,1,Y,37,R,3,K,51,C,1,S,3,X,25,C,1,Y,8,X,1,R,3,K,10,S,1,"L1:[sp=Y,91] X=1,Y=37,R=3,K=51,C=1,S=3 || L2:[sp=X,25] C=1,Y=8,X=1,R=3,K=10,S=1",-inf,-inf,0,Y|X,1
X,91,C,1,X,1,R,3,K,7,Y,37,S,1,Y,1,C,1,Y,8,X,1,K,7,R,3,S,1,"L1:[sp=X,91] C=1,X=1,R=3,K=7,Y=37,S=1 || L2:[sp=Y,1] C=1,Y=8,X=1,K=7,R=3,S=1",-inf,-inf,0,X|Y,1
K,91,S,3,Y,37,R,2,K,11,C,1,X,1,X,11,C,1,Y,19,X,1,K,10,R,1,S,1,"L1:[sp=K,91] S=3,Y=37,R=2,K=11,C=1,X=1 || L2:[sp=X,11] C=1,Y=19,X=1,K=10,R=1,S=1",-16295023.0,-163323000.0,1,K|X,1
Y,91,X,1,Y,37,R,2,K,51,C,3,S,1,X,25,C,1,Y,8,X,1,K,10,R,2,S,1,"L1:[sp=Y,91] X=1,Y=37,R=2,K=51,C=3,S=1 || L2:[sp=X,25] C=1,Y=8,X=1,K=10,R=2,S=1",-inf,-inf,0,Y|X,1
Y,91,Y,37,K,11,R,3,C,1,X,1,S,3,X,11,C,1,Y,19,X,1,K,10,R,3,S,1,"L1:[sp=Y,91] Y=37,K=11,R=3,C=1,X=1,S=3 || L2:[sp=X,11] C=1,Y=19,X=1,K=10,R=3,S=1",-inf,-inf,0,Y|X,1
Y,91,X,1,Y,37,R,3,K,51,C,1,S,1,X,25,C,1,Y,8,X,1,K,10,R,3,S,1,"L1:[sp=Y,91] X=1,Y=37,R=3,K=51,C=1,S=1 || L2:[sp=X,25] C=1,Y=8,X=1,K=10,R=3,S=1",-inf,-inf,0,Y|X,1
K,91,K,11,Y,90,R,2,S,3,C,1,X,1,X,11,C,1,Y,19,X,1,K,10,R,1,S,1,"L1:[sp=K,91] K=11,Y=90,R=2,S=3,C=1,X=1 || L2:[sp=X,11] C=1,Y=19,X=1,K=10,R=1,S=1",-15498487.0,-163324000.0,1,K|X,1
X,91,C,1,R,3,S,1,K,43,Y,37,X,1,X,25,S,1,Y,18,X,1,K,10,R,3,C,1,"L1:[sp=X,91] C=1,R=3,S=1,K=43,Y=37,X=1 || L2:[sp=X,25] S=1,Y=18,X=1,K=10,R=3,C=1",-inf,-inf,0,X|X,1
X,91,C,1,Y,37,R,1,K,51,X,1,S,1,X,25,C,1,Y,8,K,10,X,1,R,1,S,1,"L1:[sp=X,91] C=1,Y=37,R=1,K=51,X=1,S=1 || L2:[sp=X,25] C=1,Y=8,K=10,X=1,R=1,S=1",-inf,-inf,0,X|X,1
Y,91,R,3,Y,37,X,1,K,54,C,2,S,1,X,25,C,1,Y,18,X,1,K,10,R,1,S,1,"L1:[sp=Y,91] R=3,Y=37,X=1,K=54,C=2,S=1 || L2:[sp=X,25] C=1,Y=18,X=1,K=10,R=1,S=1",-inf,-inf,0,Y|X,1
Y,91,X,1,Y,201,R,2,K,51,C,1,S,3,X,25,C,1,Y,19,S,1,K,10,R,1,X,1,"L1:[sp=Y,91] X=1,Y=201,R=2,K=51,C=1,S=3 || L2:[sp=X,25] C=1,Y=19,S=1,K=10,R=1,X=1",-inf,-inf,0,Y|X,1
K,91,K,11,Y,37,R,3,S,3,C,1,X,1,X,11,C,1,Y,8,X,1,K,10,R,3,S,1,"L1:[sp=K,91] K=11,Y=37,R=3,S=3,C=1,X=1 || L2:[sp=X,11] C=1,Y=8,X=1,K=10,R=3,S=1",-inf,-inf,0,K|X,1
X,91,C,1,X,1,R,3,K,51,Y,179,S,3,X,25,C,1,Y,17,X,1,K,10,R,3,S,1,"L1:[sp=X,91] C=1,X=1,R=3,K=51,Y=179,S=3 || L2:[sp=X,25] C=1,Y=17,X=1,K=10,R=3,S=1",-inf,-inf,0,X|X,1
X,91,C,1,R,3,S,1,K,43,Y,37,X,1,X,25,X,1,Y,18,S,1,K,10,C,1,R,3,"L1:[sp=X,91] C=1,R=3,S=1,K=43,Y=37,X=1 || L2:[sp=X,25] X=1,Y=18,S=1,K=10,C=1,R=3",-inf,-inf,0,X|X,1
X,91,C,1,X,1,R,3,K,51,Y,37,S,3,X,25,C,1,Y,8,X,1,R,3,K,10,S,1,"L1:[sp=X,91] C=1,X=1,R=3,K=51,Y=37,S=3 || L2:[sp=X,25] C=1,Y=8,X=1,R=3,K=10,S=1",-inf,-inf,0,X|X,1
Y,91,K,11,Y,131,R,3,C,2,X,1,S,3,X,11,C,1,Y,19,R,1,K,10,X,1,S,1,"L1:[sp=Y,91] K=11,Y=131,R=3,C=2,X=1,S=3 || L2:[sp=X,11] C=1,Y=19,R=1,K=10,X=1,S=1",-44645977.0,-163323000.0,1,Y|X,1
X,91,X,1,Y,204,R,3,K,51,C,1,S,3,Y,25,C,1,Y,8,X,1,K,10,R,3,S,1,"L1:[sp=X,91] X=1,Y=204,R=3,K=51,C=1,S=3 || L2:[sp=Y,25] C=1,Y=8,X=1,K=10,R=3,S=1",-inf,-inf,0,X|Y,1
X,91,C,2,X,1,R,3,K,51,Y,198,S,1,Y,25,C,1,Y,8,X,1,K,10,R,3,S,1,"L1:[sp=X,91] C=2,X=1,R=3,K=51,Y=198,S=1 || L2:[sp=Y,25] C=1,Y=8,X=1,K=10,R=3,S=1",-inf,-inf,0,X|Y,1
X,91,C,1,X,1,R,3,K,51,Y,37,S,3,X,25,C,1,Y,8,X,1,S,1,R,3,K,10,"L1:[sp=X,91] C=1,X=1,R=3,K=51,Y=37,S=3 || L2:[sp=X,25] C=1,Y=8,X=1,S=1,R=3,K=10",-13751569.0,-163323000.0,1,X|X,1
Y,91,K,11,Y,37,R,3,C,1,X,1,S,3,X,11,C,1,Y,19,X,1,K,10,R,1,S,2,"L1:[sp=Y,91] K=11,Y=37,R=3,C=1,X=1,S=3 || L2:[sp=X,11] C=1,Y=19,X=1,K=10,R=1,S=2",-inf,-inf,0,Y|X,1
X,91,C,1,X,1,R,3,K,51,Y,37,S,3,X,25,C,1,Y,8,X,1,S,1,R,3,K,10,"L1:[sp=X,91] C=1,X=1,R=3,K=51,Y=37,S=3 || L2:[sp=X,25] C=1,Y=8,X=1,S=1,R=3,K=10",-13751569.0,-163323000.0,1,X|X,1
K,91,R,2,Y,37,S,3,K,11,C,1,X,1,X,11,C,1,Y,19,X,1,K,10,R,1,S,1,"L1:[sp=K,91] R=2,Y=37,S=3,K=11,C=1,X=1 || L2:[sp=X,11] C=1,Y=19,X=1,K=10,R=1,S=1",-inf,-inf,0,K|X,1
X,91,C,1,X,1,R,3,K,51,Y,37,S,3,X,25,C,1,Y,8,X,1,S,1,R,3,K,10,"L1:[sp=X,91] C=1,X=1,R=3,K=51,Y=37,S=3 || L2:[sp=X,25] C=1,Y=8,X=1,S=1,R=3,K=10",-inf,-inf,0,X|X,1
X,91,K,11,Y,37,R,2,C,3,X,1,S,3,Y,11,C,1,Y,19,R,1,K,10,X,1,S,1,"L1:[sp=X,91] K=11,Y=37,R=2,C=3,X=1,S=3 || L2:[sp=Y,11] C=1,Y=19,R=1,K=10,X=1,S=1",-9050581.0,-163324000.0,1,X|Y,1
K,91,S,3,K,11,R,3,Y,131,C,2,X,1,X,11,C,1,Y,116,X,1,K,10,R,1,S,2,"L1:[sp=K,91] S=3,K=11,R=3,Y=131,C=2,X=1 || L2:[sp=X,11] C=1,Y=116,X=1,K=10,R=1,S=2",-inf,-inf,0,K|X,1
Y,91,K,11,Y,131,R,3,C,2,X,1,S,3,X,11,C,1,Y,19,R,1,K,7,X,1,S,1,"L1:[sp=Y,91] K=11,Y=131,R=3,C=2,X=1,S=3 || L2:[sp=X,11] C=1,Y=19,R=1,K=7,X=1,S=1",-inf,-inf,0,Y|X,1
K,91,K,11,Y,90,R,2,S,3,C,1,X,1,X,11,C,1,Y,19,X,1,K,10,R,1,S,1,"L1:[sp=K,91] K=11,Y=90,R=2,S=3,C=1,X=1 || L2:[sp=X,11] C=1,Y=19,X=1,K=10,R=1,S=1",-15498487.0,-163324000.0,1,K|X,1
Y,91,K,11,Y,37,R,3,C,2,X,1,S,3,X,11,C,1,Y,8,R,3,K,10,X,1,S,1,"L1:[sp=Y,91] K=11,Y=37,R=3,C=2,X=1,S=3 || L2:[sp=X,11] C=1,Y=8,R=3,K=10,X=1,S=1",-inf,-inf,0,Y|X,1
X,91,C,2,X,1,R,3,K,51,Y,131,S,3,X,25,C,1,Y,19,X,1,S,1,R,1,K,10,"L1:[sp=X,91] C=2,X=1,R=3,K=51,Y=131,S=3 || L2:[sp=X,25] C=1,Y=19,X=1,S=1,R=1,K=10",-inf,-inf,0,X|X,1
K,91,K,11,Y,90,R,3,S,3,C,1,X,1,X,11,C,1,Y,19,X,1,K,10,R,3,S,1,"L1:[sp=K,91] K=11,Y=90,R=3,S=3,C=1,X=1 || L2:[sp=X,11] C=1,Y=19,X=1,K=10,R=3,S=1",-inf,-inf,0,K|X,1
X,91,C,1,X,1,R,2,K,51,Y,16,S,3,X,25,C,1,Y,8,X,1,S,1,R,1,K,10,"L1:[sp=X,91] C=1,X=1,R=2,K=51,Y=16,S=3 || L2:[sp=X,25] C=1,Y=8,X=1,S=1,R=1,K=10",-inf,-inf,0,X|X,1
Y,91,K,11,Y,90,R,2,S,3,X,1,C,1,X,11,C,1,Y,19,R,1,K,10,X,1,S,1,"L1:[sp=Y,91] K=11,Y=90,R=2,S=3,X=1,C=1 || L2:[sp=X,11] C=1,Y=19,R=1,K=10,X=1,S=1",-30553417.0,-163323000.0,1,Y|X,1
K,91,K,37,Y,216,R,3,S,3,C,2,X,1,X,11,C,1,Y,19,X,1,K,10,R,1,S,1,"L1:[sp=K,91] K=37,Y=216,R=3,S=3,C=2,X=1 || L2:[sp=X,11] C=1,Y=19,X=1,K=10,R=1,S=1",-inf,-inf,0,K|X,1
X,91,C,1,X,1,R,3,K,51,Y,37,S,3,X,25,C,1,Y,8,X,1,S,1,R,3,K,10,"L1:[sp=X,91] C=1,X=1,R=3,K=51,Y=37,S=3 || L2:[sp=X,25] C=1,Y=8,X=1,S=1,R=3,K=10",-13751569.0,-163323000.0,1,X|X,1
K,91,K,11,Y,90,R,2,S,3,X,1,C,1,X,11,C,1,Y,19,X,1,K,10,R,1,S,1,"L1:[sp=K,91] K=11,Y=90,R=2,S=3,X=1,C=1 || L2:[sp=X,11] C=1,Y=19,X=1,K=10,R=1,S=1",-15498487.0,-163324000.0,1,K|X,1
X,91,C,3,X,1,R,3,K,51,Y,37,S,3,X,25,C,1,Y,8,X,1,S,1,R,3,K,10,"L1:[sp=X,91] C=3,X=1,R=3,K=51,Y=37,S=3 || L2:[sp=X,25] C=1,Y=8,X=1,S=1,R=3,K=10",-inf,-inf,0,X|X,1
Y,91,K,11,Y,131,R,3,C,2,X,102,S,3,X,11,C,1,Y,19,R,1,K,3,X,1,S,1,"L1:[sp=Y,91] K=11,Y=131,R=3,C=2,X=102,S=3 || L2:[sp=X,11] C=1,Y=19,R=1,K=3,X=1,S=1",-inf,-inf,0,Y|X,1
X,91,C,1,X,1,R,2,K,51,Y,37,S,3,X,25,C,1,Y,19,X,1,S,2,R,1,K,10,"L1:[sp=X,91] C=1,X=1,R=2,K=51,Y=37,S=3 || L2:[sp=X,25] C=1,Y=19,X=1,S=2,R=1,K=10",-inf,-inf,0,X|X,1
K,91,S,3,Y,37,R,3,K,11,C,1,X,1,X,11,C,1,Y,8,X,1,K,10,R,3,S,1,"L1:[sp=K,91] S=3,Y=37,R=3,K=11,C=1,X=1 || L2:[sp=X,11] C=1,Y=8,X=1,K=10,R=3,S=1",-inf,-inf,0,K|X,1
K,91,K,11,Y,127,R,2,S,3,C,1,X,1,X,11,C,1,K,10,X,1,Y,19,R,1,S,1,"L1:[sp=K,91] K=11,Y=127,R=2,S=3,C=1,X=1 || L2:[sp=X,11] C=1,K=10,X=1,Y=19,R=1,S=1",-inf,-inf,0,K|X,1
X,91,C,1,X,1,R,2,K,51,Y,37,S,3,X,25,C,1,Y,8,X,1,S,1,R,2,K,10,"L1:[sp=X,91] C=1,X=1,R=2,K=51,Y=37,S=3 || L2:[sp=X,25] C=1,Y=8,X=1,S=1,R=2,K=10",-inf,-inf,0,X|X,1
X,91,K,11,Y,37,R,2,C,3,X,1,S,3,Y,11,C,1,Y,19,R,1,K,10,X,1,S,1,"L1:[sp=X,91] K=11,Y=37,R=2,C=3,X=1,S=3 || L2:[sp=Y,11] C=1,Y=19,R=1,K=10,X=1,S=1",-inf,-inf,0,X|Y,1
X,91,C,1,X,1,R,2,K,51,Y,37,S,2,X,25,C,1,Y,8,X,1,S,1,R,1,K,10,"L1:[sp=X,91] C=1,X=1,R=2,K=51,Y=37,S=2 || L2:[sp=X,25] C=1,Y=8,X=1,S=1,R=1,K=10",-14891593.0,-163323000.0,1,X|X,1
X,91,K,11,Y,90,R,3,S,3,X,1,C,1,K,11,C,1,Y,19,X,1,K,10,R,3,S,1,"L1:[sp=X,91] K=11,Y=90,R=3,S=3,X=1,C=1 || L2:[sp=K,11] C=1,Y=19,X=1,K=10,R=3,S=1",-inf,-inf,0,X|K,1
Y,91,K,11,Y,90,R,2,C,1,X,1,S,3,X,11,X,1,C,1,R,1,K,10,Y,19,S,1,"L1:[sp=Y,91] K=11,Y=90,R=2,C=1,X=1,S=3 || L2:[sp=X,11] X=1,C=1,R=1,K=10,Y=19,S=1",-inf,-inf,0,Y|X,1
C,91,K,11,Y,37,X,1,S,3,C,1,R,2,X,11,C,1,Y,19,X,1,K,10,R,1,S,1,"L1:[sp=C,91] K=11,Y=37,X=1,S=3,C=1,R=2 || L2:[sp=X,11] C=1,Y=19,X=1,K=10,R=1,S=1",-27654985.0,-163323000.0,1,C|X,1
K,91,K,21,Y,90,R,2,S,3,X,1,C,1,X,11,C,1,Y,19,X,1,K,10,R,1,S,1,"L1:[sp=K,91] K=21,Y=90,R=2,S=3,X=1,C=1 || L2:[sp=X,11] C=1,Y=19,X=1,K=10,R=1,S=1",-inf,-inf,0,K|X,1
X,91,K,11,Y,90,R,2,S,1,X,1,C,1,Y,11,C,1,Y,19,R,1,K,10,X,1,S,1,"L1:[sp=X,91] K=11,Y=90,R=2,S=1,X=1,C=1 || L2:[sp=Y,11] C=1,Y=19,R=1,K=10,X=1,S=1",-1297621.0,-163324000.0,1,X|Y,1
X,91,C,1,Y,142,R,3,K,40,X,1,S,3,X,25,C,1,Y,8,X,1,S,1,R,3,K,10,"L1:[sp=X,91] C=1,Y=142,R=3,K=40,X=1,S=3 || L2:[sp=X,25] C=1,Y=8,X=1,S=1,R=3,K=10",-inf,-inf,0,X|X,1
X,91,K,11,Y,190,R,2,C,3,X,1,S,3,Y,11,C,1,Y,19,R,2,K,10,X,1,S,1,"L1:[sp=X,91] K=11,Y=190,R=2,C=3,X=1,S=3 || L2:[sp=Y,11] C=1,Y=19,R=2,K=10,X=1,S=1",-inf,-inf,0,X|Y,1
X,91,K,53,Y,90,R,2,C,1,X,1,S,3,Y,11,C,1,Y,19,R,1,K,10,X,1,S,1,"L1:[sp=X,91] K=53,Y=90,R=2,C=1,X=1,S=3 || L2:[sp=Y,11] C=1,Y=19,R=1,K=10,X=1,S=1",-inf,-inf,0,X|Y,1
K,91,K,11,Y,37,R,2,S,3,C,3,X,1,X,11,C,1,Y,19,R,2,K,10,X,1,S,1,"L1:[sp=K,91] K=11,Y=37,R=2,S=3,C=3,X=1 || L2:[sp=X,11] C=1,Y=19,R=2,K=10,X=1,S=1",-inf,-inf,0,K|X,1
K,91,K,59,Y,90,R,2,S,3,X,76,C,1,X,11,C,1,S,1,X,1,K,10,R,1,Y,19,"L1:[sp=K,91] K=59,Y=90,R=2,S=3,X=76,C=1 || L2:[sp=X,11] C=1,S=1,X=1,K=10,R=1,Y=19",-inf,-inf,0,K|X,1
Y,91,K,11,Y,90,R,2,S,3,X,1,C,1,X,11,C,1,Y,19,R,1,K,10,X,1,S,1,"L1:[sp=Y,91] K=11,Y=90,R=2,S=3,X=1,C=1 || L2:[sp=X,11] C=1,Y=19,R=1,K=10,X=1,S=1",-inf,-inf,0,Y|X,1
K,91,K,11,Y,90,R,2,S,3,X,1,C,1,X,11,C,1,Y,19,X,1,K,10,R,2,S,1,"L1:[sp=K,91] K=11,Y=90,R=2,S=3,X=1,C=1 || L2:[sp=X,11] C=1,Y=19,X=1,K=10,R=2,S=1",-inf,-inf,0,K|X,1
C,91,C,1,X,1,R,3,K,51,Y,37,S,3,X,25,C,1,Y,8,X,1,S,1,R,3,K,29,"L1:[sp=C,91] C=1,X=1,R=3,K=51,Y=37,S=3 || L2:[sp=X,25] C=1,Y=8,X=1,S=1,R=3,K=29",-inf,-inf,0,C|X,1
X,91,K,11,Y,37,R,1,C,3,X,1,S,3,Y,11,C,1,Y,19,R,1,K,10,X,1,S,1,"L1:[sp=X,91] K=11,Y=37,R=1,C=3,X=1,S=3 || L2:[sp=Y,11] C=1,Y=19,R=1,K=10,X=1,S=1",-9051211.0,-163324000.0,1,X|Y,1
X,91,C,1,X,1,R,3,K,51,Y,37,S,3,X,1,C,1,Y,8,X,1,S,1,R,3,K,10,"L1:[sp=X,91] C=1,X=1,R=3,K=51,Y=37,S=3 || L2:[sp=X,1] C=1,Y=8,X=1,S=1,R=3,K=10",-inf,-inf,0,X|X,1
X,91,K,11,Y,90,R,2,S,3,C,1,X,1,X,11,C,1,Y,19,X,1,K,10,R,1,S,1,"L1:[sp=X,91] K=11,Y=90,R=2,S=3,C=1,X=1 || L2:[sp=X,11] C=1,Y=19,X=1,K=10,R=1,S=1",-5331421.0,-163324000.0,1,X|X,1
Y,91,K,11,Y,90,R,2,S,3,X,1,C,1,X,11,C,1,Y,19,R,1,K,10,X,1,S,1,"L1:[sp=Y,91] K=11,Y=90,R=2,S=3,X=1,C=1 || L2:[sp=X,11] C=1,Y=19,R=1,K=10,X=1,S=1",-inf,-inf,0,Y|X,1
X,91,C,1,X,1,R,3,K,51,Y,37,S,3,X,1,C,1,Y,8,X,1,S,3,R,3,K,10,"L1:[sp=X,91] C=1,X=1,R=3,K=51,Y=37,S=3 || L2:[sp=X,1] C=1,Y=8,X=1,S=3,R=3,K=10",-inf,-inf,0,X|X,1
X,91,K,11,Y,90,R,2,S,1,X,1,C,1,Y,11,C,1,Y,19,R,1,K,10,X,1,S,1,"L1:[sp=X,91] K=11,Y=90,R=2,S=1,X=1,C=1 || L2:[sp=Y,11] C=1,Y=19,R=1,K=10,X=1,S=1",-inf,-inf,0,X|Y,1
C,91,K,11,Y,37,X,179,S,3,C,1,R,1,X,11,C,1,Y,19,X,1,K,10,R,1,S,1,"L1:[sp=C,91] K=11,Y=37,X=179,S=3,C=1,R=1 || L2:[sp=X,11] C=1,Y=19,X=1,K=10,R=1,S=1",-inf,-inf,0,C|X,1
X,91,K,11,Y,37,R,2,C,3,X,1,S,3,Y,11,C,1,Y,19,R,1,K,10,X,1,S,1,"L1:[sp=X,91] K=11,Y=37,R=2,C=3,X=1,S=3 || L2:[sp=Y,11] C=1,Y=19,R=1,K=10,X=1,S=1",-inf,-inf,0,X|Y,1
Y,91,K,11,Y,90,R,2,S,1,X,99,C,1,X,11,C,1,Y,19,R,1,K,6,X,1,S,1,"L1:[sp=Y,91] K=11,Y=90,R=2,S=1,X=99,C=1 || L2:[sp=X,11] C=1,Y=19,R=1,K=6,X=1,S=1",-inf,-inf,0,Y|X,1
X,91,K,11,Y,37,R,1,C,3,X,1,S,1,Y,11,C,3,Y,19,R,1,K,10,X,1,S,1,"L1:[sp=X,91] K=11,Y=37,R=1,C=3,X=1,S=1 || L2:[sp=Y,11] C=3,Y=19,R=1,K=10,X=1,S=1",-inf,-inf,0,X|Y,1
X,91,K,11,Y,90,R,2,S,3,X,1,C,2,Y,11,C,2,Y,19,R,1,X,1,K,10,S,1,"L1:[sp=X,91] K=11,Y=90,R=2,S=3,X=1,C=2 || L2:[sp=Y,11] C=2,Y=19,R=1,X=1,K=10,S=1",-inf,-inf,0,X|Y,1
X,91,K,11,Y,90,R,2,C,1,S,1,X,1,X,11,X,1,Y,19,C,1,K,9,R,1,S,1,"L1:[sp=X,91] K=11,Y=90,R=2,C=1,S=1,X=1 || L2:[sp=X,11] X=1,Y=19,C=1,K=9,R=1,S=1",-6096061.0,-163324000.0,1,X|X,1
X,91,K,11,Y,90,R,2,S,3,C,1,X,1,X,11,C,1,Y,19,X,1,K,10,R,1,S,1,"L1:[sp=X,91] K=11,Y=90,R=2,S=3,C=1,X=1 || L2:[sp=X,11] C=1,Y=19,X=1,K=10,R=1,S=1",-inf,-inf,0,X|X,1
C,91,K,11,Y,37,X,1,S,3,C,1,R,1,X,11,C,1,Y,19,X,1,K,10,R,1,S,3,"L1:[sp=C,91] K=11,Y=37,X=1,S=3,C=1,R=1 || L2:[sp=X,11] C=1,Y=19,X=1,K=10,R=1,S=3",-inf,-inf,0,C|X,1
X,91,K,11,Y,90,R,2,S,1,C,2,X,1,X,11,C,1,Y,19,X,1,K,10,R,1,S,1,"L1:[sp=X,91] K=11,Y=90,R=2,S=1,C=2,X=1 || L2:[sp=X,11] C=1,Y=19,X=1,K=10,R=1,S=1",-inf,-inf,0,X|X,1
X,91,K,11,Y,90,R,2,S,3,X,1,C,1,Y,45,C,1,Y,19,R,1,K,10,X,1,S,1,"L1:[sp=X,91] K=11,Y=90,R=2,S=3,X=1,C=1 || L2:[sp=Y,45] C=1,Y=19,R=1,K=10,X=1,S=1",-inf,-inf,0,X|Y,1
X,91,K,11,Y,37,R,1,C,3,X,1,S,3,Y,11,C,1,Y,12,R,1,K,10,X,1,S,1,"L1:[sp=X,91] K=11,Y=37,R=1,C=3,X=1,S=3 || L2:[sp=Y,11] C=1,Y=12,R=1,K=10,X=1,S=1",-inf,-inf,0,X|Y,1
C,91,K,11,Y,37,X,1,S,3,C,1,R,2,X,11,C,1,Y,32,X,1,K,10,R,2,S,1,"L1:[sp=C,91] K=11,Y=37,X=1,S=3,C=1,R=2 || L2:[sp=X,11] C=1,Y=32,X=1,K=10,R=2,S=1",-inf,-inf,0,C|X,1
X,91,K,11,Y,90,R,1,S,3,X,1,C,1,Y,10,C,1,Y,19,R,1,K,10,X,1,S,1,"L1:[sp=X,91] K=11,Y=90,R=1,S=3,X=1,C=1 || L2:[sp=Y,10] C=1,Y=19,R=1,K=10,X=1,S=1",-3621997.0,-163324000.0,1,X|Y,1
X,91,K,11,Y,37,R,2,C,3,X,1,S,1,Y,11,C,1,Y,19,S,1,K,10,X,1,R,1,"L1:[sp=X,91] K=11,Y=37,R=2,C=3,X=1,S=1 || L2:[sp=Y,11] C=1,Y=19,S=1,K=10,X=1,R=1",-3020221.0,-163324000.0,1,X|Y,1
X,91,K,11,Y,90,R,1,S,2,X,1,C,1,Y,5,C,1,Y,19,R,1,K,10,X,1,S,1,"L1:[sp=X,91] K=11,Y=90,R=1,S=2,X=1,C=1 || L2:[sp=Y,5] C=1,Y=19,R=1,K=10,X=1,S=1",-inf,-inf,0,X|Y,1
X,91,K,11,Y,37,R,2,C,3,X,1,S,1,Y,11,C,1,Y,19,R,1,K,10,X,1,S,1,"L1:[sp=X,91] K=11,Y=37,R=2,C=3,X=1,S=1 || L2:[sp=Y,11] C=1,Y=19,R=1,K=10,X=1,S=1",-inf,-inf,0,X|Y,1
X,91,K,11,Y,90,R,2,S,3,C,1,X,167,X,11,C,1,Y,19,X,1,K,10,R,1,S,1,"L1:[sp=X,91] K=11,Y=90,R=2,S=3,C=1,X=167 || L2:[sp=X,11] C=1,Y=19,X=1,K=10,R=1,S=1",-inf,-inf,0,X|X,1
X,91,K,11,Y,90,R,2,S,1,X,1,C,3,Y,11,C,1,Y,19,R,1,K,10,X,1,S,1,"L1:[sp=X,91] K=11,Y=90,R=2,S=1,X=1,C=3 || L2:[sp=Y,11] C=1,Y=19,R=1,K=10,X=1,S=1",-inf,-inf,0,X|Y,1
X,91,C,1,X,1,R,2,K,13,Y,37,S,3,X,25,C,1,Y,8,X,1,S,1,R,1,K,10,"L1:[sp=X,91] C=1,X=1,R=2,K=13,Y=37,S=3 || L2:[sp=X,25] C=1,Y=8,X=1,S=1,R=1,K=10",-inf,-inf,0,X|X,1
X,91,K,11,Y,37,R,2,C,3,X,1,S,1,Y,11,C,1,Y,19,S,1,K,10,X,1,R,1,"L1:[sp=X,91] K=11,Y=37,R=2,C=3,X=1,S=1 || L2:[sp=Y,11] C=1,Y=19,S=1,K=10,X=1,R=1",-inf,-inf,0,X|Y,1
X,91,S,3,Y,90,R,1,K,11,X,1,C,1,Y,10,C,1,Y,19,R,1,X,1,K,10,S,1,"L1:[sp=X,91] S=3,Y=90,R=1,K=11,X=1,C=1 || L2:[sp=Y,10] C=1,Y=19,R=1,X=1,K=10,S=1",-3621997.0,-163324000.0,1,X|Y,1
X,91,K,11,Y,51,R,2,C,1,S,1,X,1,X,11,K,9,Y,19,C,1,X,1,R,1,S,1,"L1:[sp=X,91] K=11,Y=51,R=2,C=1,S=1,X=1 || L2:[sp=X,11] K=9,Y=19,C=1,X=1,R=1,S=1",-inf,-inf,0,X|X,1
X,91,K,11,Y,90,R,2,C,1,S,1,X,1,X,11,X,1,Y,19,C,1,K,9,R,2,S,1,"L1:[sp=X,91] K=11,Y=90,R=2,C=1,S=1,X=1 || L2:[sp=X,11] X=1,Y=19,C=1,K=9,R=2,S=1",-inf,-inf,0,X|X,1
C,91,X,1,Y,37,R,2,C,3,K,11,S,1,C,1,C,1,Y,19,S,1,K,10,X,1,R,1,"L1:[sp=C,91] X=1,Y=37,R=2,C=3,K=11,S=1 || L2:[sp=C,1] C=1,Y=19,S=1,K=10,X=1,R=1",-83712385.0,-163323000.0,1,C|C,1
X,91,K,11,Y,37,R,2,C,2,X,1,S,1,Y,1,C,1,Y,19,S,1,K,10,X,1,R,1,"L1:[sp=X,91] K=11,Y=37,R=2,C=2,X=1,S=1 || L2:[sp=Y,1] C=1,Y=19,S=1,K=10,X=1,R=1",-inf,-inf,0,X|Y,1
X,91,K,27,Y,90,R,2,C,1,S,1,X,1,X,11,X,1,Y,19,C,1,K,9,R,1,S,1,"L1:[sp=X,91] K=27,Y=90,R=2,C=1,S=1,X=1 || L2:[sp=X,11] X=1,Y=19,C=1,K=9,R=1,S=1",-inf,-inf,0,X|X,1
X,91,K,11,Y,90,R,2,C,1,S,1,X,1,X,11,X,1,Y,19,C,1,K,6,R,1,S,1,"L1:[sp=X,91] K=11,Y=90,R=2,C=1,S=1,X=1 || L2:[sp=X,11] X=1,Y=19,C=1,K=6,R=1,S=1",-inf,-inf,0,X|X,1
Y,91,K,11,Y,37,R,2,C,2,X,1,S,1,Y,11,C,1,Y,19,S,1,K,10,X,1,R,1,"L1:[sp=Y,91] K=11,Y=37,R=2,C=2,X=1,S=1 || L2:[sp=Y,11] C=1,Y=19,S=1,K=10,X=1,R=1",-inf,-inf,0,Y|Y,1
Y,91,K,11,Y,37,R,2,C,3,X,17,S,1,Y,11,C,1,Y,19,S,1,K,10,X,1,R,1,"L1:[sp=Y,91] K=11,Y=37,R=2,C=3,X=17,S=1 || L2:[sp=Y,11] C=1,Y=19,S=1,K=10,X=1,R=1",-inf,-inf,0,Y|Y,1
Y,91,K,11,Y,90,R,1,S,3,X,113,C,1,Y,10,C,1,Y,19,R,1,K,10,X,1,S,1,"L1:[sp=Y,91] K=11,Y=90,R=1,S=3,X=113,C=1 || L2:[sp=Y,10] C=1,Y=19,R=1,K=10,X=1,S=1",-inf,-inf,0,Y|Y,1
X,91,K,11,Y,90,R,2,S,1,X,1,C,2,Y,10,C,1,Y,19,K,10,R,1,X,1,S,1,"L1:[sp=X,91] K=11,Y=90,R=2,S=1,X=1,C=2 || L2:[sp=Y,10] C=1,Y=19,K=10,R=1,X=1,S=1",-inf,-inf,0,X|Y,1
X,91,K,11,Y,90,R,1,C,1,S,3,X,1,C,11,X,1,Y,32,C,1,K,9,R,1,S,1,"L1:[sp=X,91] K=11,Y=90,R=1,C=1,S=3,X=1 || L2:[sp=C,11] X=1,Y=32,C=1,K=9,R=1,S=1",-inf,-inf,0,X|C,1
X,91,R,2,Y,90,K,11,C,2,S,1,X,1,X,11,X,1,Y,19,C,1,K,9,R,1,S,1,"L1:[sp=X,91] R=2,Y=90,K=11,C=2,S=1,X=1 || L2:[sp=X,11] X=1,Y=19,C=1,K=9,R=1,S=1",-6094441.0,-163324000.0,1,X|X,1
C,91,X,1,Y,37,R,2,C,1,K,11,S,1,Y,11,C,1,Y,19,S,1,K,10,X,1,R,1,"L1:[sp=C,91] X=1,Y=37,R=2,C=1,K=11,S=1 || L2:[sp=Y,11] C=1,Y=19,S=1,K=10,X=1,R=1",-15071617.0,-163323000.0,1,C|Y,1
X,91,K,11,Y,37,R,2,C,1,S,1,X,1,X,11,X,1,Y,30,C,1,K,9,R,1,S,1,"L1:[sp=X,91] K=11,Y=37,R=2,C=1,S=1,X=1 || L2:[sp=X,11] X=1,Y=30,C=1,K=9,R=1,S=1",-inf,-inf,0,X|X,1
X,91,K,11,Y,90,R,2,C,3,X,44,S,1,Y,11,C,1,Y,19,R,1,K,10,X,1,S,1,"L1:[sp=X,91] K=11,Y=90,R=2,C=3,X=44,S=1 || L2:[sp=Y,11] C=1,Y=19,R=1,K=10,X=1,S=1",-inf,-inf,0,X|Y,1
X,91,K,11,Y,37,R,2,C,3,X,29,S,1,Y,11,C,1,Y,19,S,1,K,10,X,1,R,1,"L1:[sp=X,91] K=11,Y=37,R=2,C=3,X=29,S=1 || L2:[sp=Y,11] C=1,Y=19,S=1,K=10,X=1,R=1",-inf,-inf,0,X|Y,1
X,91,K,11,Y,90,R,1,S,3,X,1,C,1,Y,10,C,1,Y,19,R,1,K,10,X,1,S,1,"L1:[sp=X,91] K=11,Y=90,R=1,S=3,X=1,C=1 || L2:[sp=Y,10] C=1,Y=19,R=1,K=10,X=1,S=1",-inf,-inf,0,X|Y,1
X,91,K,11,Y,90,R,2,S,1,X,1,C,1,Y,10,C,1,Y,2,R,1,K,5,X,1,S,1,"L1:[sp=X,91] K=11,Y=90,R=2,S=1,X=1,C=1 || L2:[sp=Y,10] C=1,Y=2,R=1,K=5,X=1,S=1",-inf,-inf,0,X|Y,1
X,91,K,11,Y,90,R,1,C,1,S,3,X,1,X,1,R,1,Y,19,C,1,K,9,X,1,S,1,"L1:[sp=X,91] K=11,Y=90,R=1,C=1,S=3,X=1 || L2:[sp=X,1] R=1,Y=19,C=1,K=9,X=1,S=1",-inf,-inf,0,X|X,1
X,91,S,3,Y,90,R,1,K,11,X,1,C,1,Y,10,C,1,Y,19,R,1,X,1,K,10,S,1,"L1:[sp=X,91] S=3,Y=90,R=1,K=11,X=1,C=1 || L2:[sp=Y,10] C=1,Y=19,R=1,X=1,K=10,S=1",-inf,-inf,0,X|Y,1
K,91,X,1,Y,37,R,2,C,3,K,11,S,1,C,1,C,1,Y,8,S,1,K,10,X,1,R,1,"L1:[sp=K,91] X=1,Y=37,R=2,C=3,K=11,S=1 || L2:[sp=C,1] C=1,Y=8,S=1,K=10,X=1,R=1",-15576961.0,-163323000.0,1,K|C,1
X,91,R,2,Y,142,C,2,K,11,S,3,X,1,X,11,X,1,Y,19,C,2,K,9,R,1,S,1,"L1:[sp=X,91] R=2,Y=142,C=2,K=11,S=3,X=1 || L2:[sp=X,11] X=1,Y=19,C=2,K=9,R=1,S=1",-7914961.0,-163324000.0,1,X|X,1
C,91,X,1,K,11,R,2,C,3,S,1,Y,37,C,1,C,1,Y,19,S,1,K,10,X,1,R,1,"L1:[sp=C,91] X=1,K=11,R=2,C=3,S=1,Y=37 || L2:[sp=C,1] C=1,Y=19,S=1,K=10,X=1,R=1",-83712385.0,-163323000.0,1,C|C,1
C,91,X,1,Y,101,R,2,K,11,C,1,S,1,X,1,C,1,Y,19,S,1,K,10,X,1,R,1,"L1:[sp=C,91] X=1,Y=101,R=2,K=11,C=1,S=1 || L2:[sp=X,1] C=1,Y=19,S=1,K=10,X=1,R=1",-25990273.0,-163323000.0,1,C|X,1
C,91,X,1,Y,90,C,1,R,1,K,11,S,3,Y,11,C,1,Y,35,S,1,K,2,X,1,R,1,"L1:[sp=C,91] X=1,Y=90,C=1,R=1,K=11,S=3 || L2:[sp=Y,11] C=1,Y=35,S=1,K=2,X=1,R=1",-40291669.0,-163323000.0,1,C|Y,1
X,91,S,1,Y,37,R,2,K,11,X,1,C,1,Y,10,C,1,Y,19,R,1,X,1,K,10,S,1,"L1:[sp=X,91] S=1,Y=37,R=2,K=11,X=1,C=1 || L2:[sp=Y,10] C=1,Y=19,R=1,X=1,K=10,S=1",-inf,-inf,0,X|Y,1
C,91,X,1,Y,90,R,3,C,3,K,11,S,1,C,1,C,1,Y,19,S,1,K,10,X,1,R,1,"L1:[sp=C,91] X=1,Y=90,R=3,C=3,K=11,S=1 || L2:[sp=C,1] C=1,Y=19,S=1,K=10,X=1,R=1",-inf,-inf,0,C|C,1
X,91,R,2,Y,37,K,11,C,2,S,1,X,1,X,11,X,1,Y,19,C,1,K,9,R,1,S,1,"L1:[sp=X,91] R=2,Y=37,K=11,C=2,S=1,X=1 || L2:[sp=X,11] X=1,Y=19,C=1,K=9,R=1,S=1",-inf,-inf,0,X|X,1
C,91,X,218,Y,37,R,2,C,1,K,63,S,1,Y,11,C,1,Y,19,S,1,K,10,X,1,R,1,"L1:[sp=C,91] X=218,Y=37,R=2,C=1,K=63,S=1 || L2:[sp=Y,11] C=1,Y=19,S=1,K=10,X=1,R=1",-inf,-inf,0,C|Y,1
X,91,S,3,Y,90,R,1,K,11,X,1,C,1,Y,10,C,1,Y,19,R,1,X,1,K,3,S,1,"L1:[sp=X,91] S=3,Y=90,R=1,K=11,X=1,C=1 || L2:[sp=Y,10] C=1,Y=19,R=1,X=1,K=3,S=1",-inf,-inf,0,X|Y,1
C,91,X,1,Y,90,R,2,C,2,K,11,S,1,Y,11,C,1,Y,19,S,1,K,10,X,1,R,1,"L1:[sp=C,91] X=1,Y=90,R=2,C=2,K=11,S=1 || L2:[sp=Y,11] C=1,Y=19,S=1,K=10,X=1,R=1",-inf,-inf,0,C|Y,1
X,91,R,2,Y,37,S,1,C,1,K,11,X,186,X,11,X,1,Y,19,R,1,K,9,C,1,S,1,"L1:[sp=X,91] R=2,Y=37,S=1,C=1,K=11,X=186 || L2:[sp=X,11] X=1,Y=19,R=1,K=9,C=1,S=1",-inf,-inf,0,X|X,1
X,91,S,1,C,1,R,2,K,11,X,1,Y,37,Y,10,C,1,Y,19,R,1,X,1,K,10,S,1,"L1:[sp=X,91] S=1,C=1,R=2,K=11,X=1,Y=37 || L2:[sp=Y,10] C=1,Y=19,R=1,X=1,K=10,S=1",-2825929.0,-163324000.0,1,X|Y,1
K,91,X,1,Y,90,R,1,C,1,K,11,S,3,Y,11,C,1,Y,19,S,1,K,10,X,1,R,1,"L1:[sp=K,91] X=1,Y=90,R=1,C=1,K=11,S=3 || L2:[sp=Y,11] C=1,Y=19,S=1,K=10,X=1,R=1",-11280709.0,-163324000.0,1,K|Y,1
C,91,X,1,Y,37,R,3,C,3,K,11,S,3,Y,11,C,1,Y,19,S,3,K,10,X,1,R,1,"L1:[sp=C,91] X=1,Y=37,R=3,C=3,K=11,S=3 || L2:[sp=Y,11] C=1,Y=19,S=3,K=10,X=1,R=1",-inf,-inf,0,C|Y,1
C,91,X,1,K,11,R,2,C,1,Y,37,S,1,C,1,C,1,Y,19,S,1,K,10,X,1,R,1,"L1:[sp=C,91] X=1,K=11,R=2,C=1,Y=37,S=1 || L2:[sp=C,1] C=1,Y=19,S=1,K=10,X=1,R=1",-27941761.0,-163323000.0,1,C|C,1
X,91,R,1,Y,90,K,11,C,2,S,3,X,1,X,11,X,1,Y,19,C,1,K,9,R,1,S,1,"L1:[sp=X,91] R=1,Y=90,K=11,C=2,S=3,X=1 || L2:[sp=X,11] X=1,Y=19,C=1,K=9,R=1,S=1",-inf,-inf,0,X|X,1
X,91,S,1,Y,90,R,2,K,11,X,141,C,1,Y,10,X,1,Y,19,R,1,C,1,K,10,S,1,"L1:[sp=X,91] S=1,Y=90,R=2,K=11,X=141,C=1 || L2:[sp=Y,10] X=1,Y=19,R=1,C=1,K=10,S=1",-inf,-inf,0,X|Y,1
X,91,S,3,Y,90,R,1,K,11,X,1,C,1,Y,10,C,1,Y,19,R,1,X,1,K,10,S,1,"L1:[sp=X,91] S=3,Y=90,R=1,K=11,X=1,C=1 || L2:[sp=Y,10] C=1,Y=19,R=1,X=1,K=10,S=1",-inf,-inf,0,X|Y,1
C,91,X,1,Y,37,R,2,C,1,K,11,S,1,Y,11,C,1,Y,19,S,1,K,10,X,1,R,1,"L1:[sp=C,91] X=1,Y=37,R=2,C=1,K=11,S=1 || L2:[sp=Y,11] C=1,Y=19,S=1,K=10,X=1,R=1",-inf,-inf,0,C|Y,1
X,91,S,1,C,1,R,2,K,11,X,1,Y,37,Y,10,C,1,Y,19,R,1,X,1,K,10,S,1,"L1:[sp=X,91] S=1,C=1,R=2,K=11,X=1,Y=37 || L2:[sp=Y,10] C=1,Y=19,R=1,X=1,K=10,S=1",-inf,-inf,0,X|Y,1
K,91,X,1,Y,90,R,2,C,1,K,11,S,3,Y,11,S,1,Y,19,C,1,K,10,X,1,R,1,"L1:[sp=K,91] X=1,Y=90,R=2,C=1,K=11,S=3 || L2:[sp=Y,11] S=1,Y=19,C=1,K=10,X=1,R=1",-inf,-inf,0,K|Y,1
X,91,R,1,Y,142,C,2,K,11,S,3,X,1,X,11,X,1,Y,19,C,2,K,9,R,1,S,1,"L1:[sp=X,91] R=1,Y=142,C=2,K=11,S=3,X=1 || L2:[sp=X,11] X=1,Y=19,C=2,K=9,R=1,S=1",-inf,-inf,0,X|X,1
C,91,X,1,K,11,R,2,C,1,Y,162,S,1,C,1,C,1,Y,36,S,1,K,10,X,1,R,1,"L1:[sp=C,91] X=1,K=11,R=2,C=1,Y=162,S=1 || L2:[sp=C,1] C=1,Y=36,S=1,K=10,X=1,R=1",-inf,-inf,0,C|C,1
C,91,X,1,Y,101,R,2,K,11,C,3,S,1,X,1,C,1,Y,19,S,1,K,10,X,1,R,1,"L1:[sp=C,91] X=1,Y=101,R=2,K=11,C=3,S=1 || L2:[sp=X,1] C=1,Y=19,S=1,K=10,X=1,R=1",-inf,-inf,0,C|X,1
X,91,S,1,C,3,R,2,K,11,X,1,Y,37,Y,10,C,1,Y,7,R,1,X,1,K,10,S,1,"L1:[sp=X,91] S=1,C=3,R=2,K=11,X=1,Y=37 || L2:[sp=Y,10] C=1,Y=7,R=1,X=1,K=10,S=1",-inf,-inf,0,X|Y,1
C,91,X,1,K,11,R,2,C,1,S,1,Y,37,Y,37,C,1,Y,19,S,1,K,10,X,1,R,1,"L1:[sp=C,91] X=1,K=11,R=2,C=1,S=1,Y=37 || L2:[sp=Y,37] C=1,Y=19,S=1,K=10,X=1,R=1",-inf,-inf,0,C|Y,1
C,91,K,11,X,1,R,2,C,1,Y,37,S,1,C,1,C,1,Y,19,S,1,K,10,X,1,R,1,"L1:[sp=C,91] K=11,X=1,R=2,C=1,Y=37,S=1 || L2:[sp=C,1] C=1,Y=19,S=1,K=10,X=1,R=1",-27941761.0,-163323000.0,1,C|C,1
X,91,R,2,Y,142,C,3,K,11,S,3,X,1,X,11,Y,19,X,1,C,2,K,9,R,1,S,1,"L1:[sp=X,91] R=2,Y=142,C=3,K=11,S=3,X=1 || L2:[sp=X,11] Y=19,X=1,C=2,K=9,R=1,S=1",-inf,-inf,0,X|X,1
X,91,S,1,C,1,R,2,K,11,X,1,Y,37,Y,10,C,1,Y,19,R,1,X,1,K,10,S,1,"L1:[sp=X,91] S=1,C=1,R=2,K=11,X=1,Y=37 || L2:[sp=Y,10] C=1,Y=19,R=1,X=1,K=10,S=1",-inf,-inf,0,X|Y,1
K,91,X,1,Y,218,R,2,C,3,K,11,S,1,C,1,C,1,Y,8,S,1,K,10,X,1,R,1,"L1:[sp=K,91] X=1,Y=218,R=2,C=3,K=11,S=1 || L2:[sp=C,1] C=1,Y=8,S=1,K=10,X=1,R=1",-inf,-inf,0,K|C,1
X,91,S,1,C,1,R,2,K,11,X,1,Y,37,C,1,C,1,Y,32,R,1,X,1,K,10,S,1,"L1:[sp=X,91] S=1,C=1,R=2,K=11,X=1,Y=37 || L2:[sp=C,1] C=1,Y=32,R=1,X=1,K=10,S=1",-inf,-inf,0,X|C,1
C,91,X,1,K,11,R,2,C,1,Y,37,S,1,C,1,C,1,Y,19,S,1,K,10,X,1,R,1,"L1:[sp=C,91] X=1,K=11,R=2,C=1,Y=37,S=1 || L2:[sp=C,1] C=1,Y=19,S=1,K=10,X=1,R=1",-inf,-inf,0,C|C,1
X,91,S,1,C,1,R,2,K,11,X,169,Y,37,Y,10,C,1,X,1,R,1,Y,25,K,10,S,1,"L1:[sp=X,91] S=1,C=1,R=2,K=11,X=169,Y=37 || L2:[sp=Y,10] C=1,X=1,R=1,Y=25,K=10,S=1",-inf,-inf,0,X|Y,1
Y,91,X,1,Y,90,C,1,R,1,K,11,S,3,C,9,C,1,Y,35,S,1,K,2,X,1,R,1,"L1:[sp=Y,91] X=1,Y=90,C=1,R=1,K=11,S=3 || L2:[sp=C,9] C=1,Y=35,S=1,K=2,X=1,R=1",-103588309.0,-163323000.0,1,Y|C,1
C,91,X,1,Y,90,C,1,R,1,K,11,S,3,Y,11,C,1,Y,35,S,1,K,2,X,1,R,1,"L1:[sp=C,91] X=1,Y=90,C=1,R=1,K=11,S=3 || L2:[sp=Y,11] C=1,Y=35,S=1,K=2,X=1,R=1",-inf,-inf,0,C|Y,1
X,91,R,2,Y,142,C,2,K,11,S,3,X,1,X,11,X,1,Y,19,C,2,K,9,R,1,S,1,"L1:[sp=X,91] R=2,Y=142,C=2,K=11,S=3,X=1 || L2:[sp=X,11] X=1,Y=19,C=2,K=9,R=1,S=1",-7914961.0,-163324000.0,1,X|X,1
K,91,X,1,Y,90,R,1,C,3,K,11,S,3,C,1,C,1,Y,19,S,1,K,4,X,1,R,1,"L1:[sp=K,91] X=1,Y=90,R=1,C=3,K=11,S=3 || L2:[sp=C,1] C=1,Y=19,S=1,K=4,X=1,R=1",-45892063.0,-163323000.0,1,K|C,1
K,91,X,1,Y,37,K,64,C,2,R,2,S,1,Y,11,C,1,Y,8,S,1,K,10,X,1,R,1,"L1:[sp=K,91] X=1,Y=37,K=64,C=2,R=2,S=1 || L2:[sp=Y,11] C=1,Y=8,S=1,K=10,X=1,R=1",-21694849.0,-163323000.0,1,K|Y,1
C,91,X,1,K,11,R,2,C,3,Y,142,S,3,C,1,C,2,Y,19,S,1,K,10,X,1,R,1,"L1:[sp=C,91] X=1,K=11,R=2,C=3,Y=142,S=3 || L2:[sp=C,1] C=2,Y=19,S=1,K=10,X=1,R=1",-230606497.0,-163324000.0,1,C|C,1
X,91,R,2,Y,37,C,1,K,11,S,1,X,1,X,11,X,1,Y,19,C,1,K,9,R,1,S,1,"L1:[sp=X,91] R=2,Y=37,C=1,K=11,S=1,X=1 || L2:[sp=X,11] X=1,Y=19,C=1,K=9,R=1,S=1",-6413581.0,-163323000.0,1,X|X,1
X,91,R,2,Y,37,C,1,K,11,S,1,X,1,X,11,X,1,Y,19,C,1,K,9,R,1,S,1,"L1:[sp=X,91] R=2,Y=37,C=1,K=11,S=1,X=1 || L2:[sp=X,11] X=1,Y=19,C=1,K=9,R=1,S=1",-6413581.0,-163323000.0,1,X|X,1
X,91,R,2,Y,37,C,1,K,43,S,1,X,1,X,11,X,1,Y,19,C,1,K,9,R,1,S,1,"L1:[sp=X,91] R=2,Y=37,C=1,K=43,S=1,X=1 || L2:[sp=X,11] X=1,Y=19,C=1,K=9,R=1,S=1",-6806161.0,-163324000.0,1,X|X,1
Y,91,X,1,Y,37,K,64,C,2,R,2,S,1,K,11,C,1,Y,8,S,1,K,10,X,1,R,1,"L1:[sp=Y,91] X=1,Y=37,K=64,C=2,R=2,S=1 || L2:[sp=K,11] C=1,Y=8,S=1,K=10,X=1,R=1",-2300929.0,-163323000.0,1,Y|K,1
X,91,R,2,C,1,Y,37,K,11,S,3,X,1,X,1,X,1,Y,11,C,1,K,9,R,1,S,1,"L1:[sp=X,91] R=2,C=1,Y=37,K=11,S=3,X=1 || L2:[sp=X,1] X=1,Y=11,C=1,K=9,R=1,S=1",-inf,-inf,0,X|X,1
K,91,X,1,Y,90,R,1,C,3,K,11,S,1,C,1,C,1,Y,19,S,1,K,4,X,1,R,1,"L1:[sp=K,91] X=1,Y=90,R=1,C=3,K=11,S=1 || L2:[sp=C,1] C=1,Y=19,S=1,K=4,X=1,R=1",-inf,-inf,0,K|C,1
C,91,X,1,K,11,R,2,C,3,Y,142,S,3,C,1,C,2,Y,19,S,1,K,10,X,1,R,1,"L1:[sp=C,91] X=1,K=11,R=2,C=3,Y=142,S=3 || L2:[sp=C,1] C=2,Y=19,S=1,K=10,X=1,R=1",-inf,-inf,0,C|C,1
K,91,X,109,Y,94,K,64,C,1,R,2,S,1,Y,11,C,1,Y,8,S,1,R,1,X,1,K,10,"L1:[sp=K,91] X=109,Y=94,K=64,C=1,R=2,S=1 || L2:[sp=Y,11] C=1,Y=8,S=1,R=1,X=1,K=10",-inf,-inf,0,K|Y,1
X,91,R,3,Y,37,C,1,K,11,S,1,X,1,X,11,X,1,Y,19,C,1,K,9,R,1,S,1,"L1:[sp=X,91] R=3,Y=37,C=1,K=11,S=1,X=1 || L2:[sp=X,11] X=1,Y=19,C=1,K=9,R=1,S=1",-inf,-inf,0,X|X,1
Y,91,X,140,Y,90,C,1,R,1,K,11,S,3,C,9,C,1,Y,35,S,1,K,2,X,102,R,1,"L1:[sp=Y,91] X=140,Y=90,C=1,R=1,K=11,S=3 || L2:[sp=C,9] C=1,Y=35,S=1,K=2,X=102,R=1",-inf,-inf,0,Y|C,1
X,91,R,2,Y,142,C,2,K,11,S,3,X,1,X,11,X,1,Y,19,C,2,K,9,R,1,S,1,"L1:[sp=X,91] R=2,Y=142,C=2,K=11,S=3,X=1 || L2:[sp=X,11] X=1,Y=19,C=2,K=9,R=1,S=1",-7914961.0,-163324000.0,1,X|X,1
K,91,X,1,Y,37,K,64,C,2,R,2,S,3,Y,11,C,1,Y,8,S,1,K,10,X,1,R,2,"L1:[sp=K,91] X=1,Y=37,K=64,C=2,R=2,S=3 || L2:[sp=Y,11] C=1,Y=8,S=1,K=10,X=1,R=2",-inf,-inf,0,K|Y,1
C,91,X,1,K,11,R,1,C,1,Y,90,S,3,C,1,C,1,Y,35,S,3,K,10,X,1,R,1,"L1:[sp=C,91] X=1,K=11,R=1,C=1,Y=90,S=3 || L2:[sp=C,1] C=1,Y=35,S=3,K=10,X=1,R=1",-inf,-inf,0,C|C,1
Y,91,X,1,Y,142,C,3,R,2,K,11,S,3,C,9,C,1,Y,19,S,1,K,2,X,1,R,1,"L1:[sp=Y,91] X=1,Y=142,C=3,R=2,K=11,S=3 || L2:[sp=C,9] C=1,Y=19,S=1,K=2,X=1,R=1",-54859753.0,-163323000.0,1,Y|C,1
Y,91,X,1,Y,37,C,2,R,2,K,11,S,3,C,9,C,1,Y,8,S,1,X,1,K,1,R,1,"L1:[sp=Y,91] X=1,Y=37,C=2,R=2,K=11,S=3 || L2:[sp=C,9] C=1,Y=8,S=1,X=1,K=1,R=1",-inf,-inf,0,Y|C,1
K,91,X,1,Y,90,S,3,C,3,R,1,K,64,Y,11,C,1,Y,35,S,1,K,19,X,1,R,1,"L1:[sp=K,91] X=1,Y=90,S=3,C=3,R=1,K=64 || L2:[sp=Y,11] C=1,Y=35,S=1,K=19,X=1,R=1",-inf,-inf,0,K|Y,1
K,91,R,2,Y,37,C,1,K,11,S,1,X,1,X,11,X,1,Y,12,C,1,K,9,R,1,S,1,"L1:[sp=K,91] R=2,Y=37,C=1,K=11,S=1,X=1 || L2:[sp=X,11] X=1,Y=12,C=1,K=9,R=1,S=1",-15329665.0,-163323000.0,1,K|X,1
K,91,X,1,Y,37,K,34,C,2,R,2,S,1,Y,11,C,1,Y,8,S,1,K,10,X,1,R,1,"L1:[sp=K,91] X=1,Y=37,K=34,C=2,R=2,S=1 || L2:[sp=Y,11] C=1,Y=8,S=1,K=10,X=1,R=1",-11534209.0,-163323000.0,1,K|Y,1
C,91,R,2,Y,37,C,1,K,11,S,1,X,1,X,11,X,1,Y,19,C,1,K,9,R,1,S,1,"L1:[sp=C,91] R=2,Y=37,C=1,K=11,S=1,X=1 || L2:[sp=X,11] X=1,Y=19,C=1,K=9,R=1,S=1",-31925377.0,-163323000.0,1,C|X,1
Y,91,X,1,K,11,R,2,C,3,Y,142,S,3,C,1,C,2,Y,19,S,1,K,10,X,1,R,2,"L1:[sp=Y,91] X=1,K=11,R=2,C=3,Y=142,S=3 || L2:[sp=C,1] C=2,Y=19,S=1,K=10,X=1,R=2",-inf,-inf,0,Y|C,1
K,91,X,1,Y,115,R,1,C,3,K,11,S,3,C,1,C,1,Y,19,S,1,K,4,X,1,R,1,"L1:[sp=K,91] X=1,Y=115,R=1,C=3,K=11,S=3 || L2:[sp=C,1] C=1,Y=19,S=1,K=4,X=1,R=1",-inf,-inf,0,K|C,1
C,91,X,1,K,58,R,2,C,3,Y,142,S,3,C,1,C,2,Y,19,S,1,K,10,X,1,R,1,"L1:[sp=C,91] X=1,K=58,R=2,C=3,Y=142,S=3 || L2:[sp=C,1] C=2,Y=19,S=1,K=10,X=1,R=1",-inf,-inf,0,C|C,1
Y,91,X,1,Y,37,K,64,C,2,R,2,S,1,K,11,C,1,Y,8,S,1,K,10,X,1,R,1,"L1:[sp=Y,91] X=1,Y=37,K=64,C=2,R=2,S=1 || L2:[sp=K,11] C=1,Y=8,S=1,K=10,X=1,R=1",-2300929.0,-163323000.0,1,Y|K,1
Y,91,X,1,Y,37,K,64,C,2,R,2,S,3,K,11,C,1,Y,8,S,1,K,10,X,1,R,1,"L1:[sp=Y,91] X=1,Y=37,K=64,C=2,R=2,S=3 || L2:[sp=K,11] C=1,Y=8,S=1,K=10,X=1,R=1",-inf,-inf,0,Y|K,1
Y,91,X,118,Y,142,C,3,R,2,K,44,S,1,C,9,C,1,Y,19,S,1,K,2,X,1,R,1,"L1:[sp=Y,91] X=118,Y=142,C=3,R=2,K=44,S=1 || L2:[sp=C,9] C=1,Y=19,S=1,K=2,X=1,R=1",-inf,-inf,0,Y|C,1
K,91,X,1,Y,37,K,64,C,2,R,2,S,1,Y,11,C,1,Y,19,S,1,K,10,X,1,R,1,"L1:[sp=K,91] X=1,Y=37,K=64,C=2,R=2,S=1 || L2:[sp=Y,11] C=1,Y=19,S=1,K=10,X=1,R=1",-inf,-inf,0,K|Y,1
X,91,R,2,Y,37,C,1,K,43,S,1,X,1,X,11,X,1,Y,27,C,1,K,9,R,2,S,1,"L1:[sp=X,91] R=2,Y=37,C=1,K=43,S=1,X=1 || L2:[sp=X,11] X=1,Y=27,C=1,K=9,R=2,S=1",-inf,-inf,0,X|X,1
K,91,R,2,Y,37,C,1,K,11,S,1,X,1,X,11,X,1,Y,12,C,1,K,5,R,1,S,1,"L1:[sp=K,91] R=2,Y=37,C=1,K=11,S=1,X=1 || L2:[sp=X,11] X=1,Y=12,C=1,K=5,R=1,S=1",-inf,-inf,0,K|X,1
X,91,R,2,Y,54,K,11,C,2,S,3,X,1,X,11,X,1,Y,19,C,2,K,9,S,3,R,1,"L1:[sp=X,91] R=2,Y=54,K=11,C=2,S=3,X=1 || L2:[sp=X,11] X=1,Y=19,C=2,K=9,S=3,R=1",-inf,-inf,0,X|X,1
C,91,R,2,Y,90,C,1,K,11,S,1,X,1,X,11,X,1,Y,19,C,1,K,9,R,1,S,1,"L1:[sp=C,91] R=2,Y=90,C=1,K=11,S=1,X=1 || L2:[sp=X,11] X=1,Y=19,C=1,K=9,R=1,S=1",-inf,-inf,0,C|X,1
X,91,R,3,Y,37,C,1,K,11,S,1,X,1,X,11,X,1,Y,19,C,1,K,9,R,1,S,1,"L1:[sp=X,91] R=3,Y=37,C=1,K=11,S=1,X=1 || L2:[sp=X,11] X=1,Y=19,C=1,K=9,R=1,S=1",-inf,-inf,0,X|X,1
X,91,R,2,Y,142,C,1,K,11,S,3,X,185,K,11,X,1,Y,19,C,1,K,9,R,1,S,1,"L1:[sp=X,91] R=2,Y=142,C=1,K=11,S=3,X=185 || L2:[sp=K,11] X=1,Y=19,C=1,K=9,R=1,S=1",-inf,-inf,0,X|K,1
X,91,R,1,S,1,C,2,K,11,Y,37,X,1,X,11,X,1,Y,12,C,1,K,9,R,1,S,1,"L1:[sp=X,91] R=1,S=1,C=2,K=11,Y=37,X=1 || L2:[sp=X,11] X=1,Y=12,C=1,K=9,R=1,S=1",-5791501.0,-163323000.0,1,X|X,1
K,91,R,2,Y,37,X,1,K,11,S,1,C,1,X,11,X,1,Y,8,C,1,K,9,R,1,S,1,"L1:[sp=K,91] R=2,Y=37,X=1,K=11,S=1,C=1 || L2:[sp=X,11] X=1,Y=8,C=1,K=9,R=1,S=1",-inf,-inf,0,K|X,1
Y,91,X,1,Y,37,K,64,C,2,R,2,S,1,K,11,C,1,Y,12,S,1,K,8,X,1,R,1,"L1:[sp=Y,91] X=1,Y=37,K=64,C=2,R=2,S=1 || L2:[sp=K,11] C=1,Y=12,S=1,K=8,X=1,R=1",-inf,-inf,0,Y|K,1
X,91,R,2,Y,17,C,1,K,11,S,1,X,1,X,11,X,1,R,1,C,1,K,9,Y,17,S,1,"L1:[sp=X,91] R=2,Y=17,C=1,K=11,S=1,X=1 || L2:[sp=X,11] X=1,R=1,C=1,K=9,Y=17,S=1",-inf,-inf,0,X|X,1
X,91,R,2,Y,37,C,1,K,43,S,1,X,1,K,1,X,1,Y,19,C,1,K,9,R,1,S,1,"L1:[sp=X,91] R=2,Y=37,C=1,K=43,S=1,X=1 || L2:[sp=K,1] X=1,Y=19,C=1,K=9,R=1,S=1",-inf,-inf,0,X|K,1
K,91,R,2,X,1,C,1,K,43,S,1,Y,37,X,11,X,1,Y,28,C,1,K,9,R,1,S,1,"L1:[sp=K,91] R=2,X=1,C=1,K=43,S=1,Y=37 || L2:[sp=X,11] X=1,Y=28,C=1,K=9,R=1,S=1",-inf,-inf,0,K|X,1
X,91,R,2,Y,37,C,1,K,11,S,1,X,1,K,11,X,1,Y,23,C,1,K,9,R,1,S,1,"L1:[sp=X,91] R=2,Y=37,C=1,K=11,S=1,X=1 || L2:[sp=K,11] X=1,Y=23,C=1,K=9,R=1,S=1",-inf,-inf,0,X|K,1
X,91,R,2,Y,37,C,1,K,11,S,1,X,1,X,11,X,1,Y,30,C,1,K,9,R,1,S,1,"L1:[sp=X,91] R=2,Y=37,C=1,K=11,S=1,X=1 || L2:[sp=X,11] X=1,Y=30,C=1,K=9,R=1,S=1",-inf,-inf,0,X|X,1
K,91,X,1,Y,37,K,34,C,2,R,2,S,2,Y,11,C,1,Y,8,S,1,K,10,X,1,R,1,"L1:[sp=K,91] X=1,Y=37,K=34,C=2,R=2,S=2 || L2:[sp=Y,11] C=1,Y=8,S=1,K=10,X=1,R=1",-inf,-inf,0,K|Y,1
K,91,X,1,Y,142,K,34,C,2,R,2,S,3,Y,11,C,2,Y,19,S,1,K,10,X,1,R,1,"L1:[sp=K,91] X=1,Y=142,K=34,C=2,R=2,S=3 || L2:[sp=Y,11] C=2,Y=19,S=1,K=10,X=1,R=1",-inf,-inf,0,K|Y,1
X,91,R,2,Y,37,C,2,K,11,S,1,X,1,X,11,X,1,Y,8,C,1,K,9,R,1,S,1,"L1:[sp=X,91] R=2,Y=37,C=2,K=11,S=1,X=1 || L2:[sp=X,11] X=1,Y=8,C=1,K=9,R=1,S=1",-inf,-inf,0,X|X,1
Y,91,X,1,Y,37,K,64,C,2,R,2,S,1,K,11,C,1,Y,8,S,1,K,10,X,1,R,1,"L1:[sp=Y,91] X=1,Y=37,K=64,C=2,R=2,S=1 || L2:[sp=K,11] C=1,Y=8,S=1,K=10,X=1,R=1",-2300929.0,-163323000.0,1,Y|K,1
X,91,R,2,S,1,K,11,C,2,Y,37,X,1,X,11,X,1,Y,8,C,1,K,9,R,1,S,1,"L1:[sp=X,91] R=2,S=1,K=11,C=2,Y=37,X=1 || L2:[sp=X,11] X=1,Y=8,C=1,K=9,R=1,S=1",-6072841.0,-163323000.0,1,X|X,1
Y,91,X,1,Y,37,K,8,C,2,R,1,S,1,K,11,K,4,Y,12,C,1,S,1,X,1,R,1,"L1:[sp=Y,91] X=1,Y=37,K=8,C=2,R=1,S=1 || L2:[sp=K,11] K=4,Y=12,C=1,S=1,X=1,R=1",-7193089.0,-163323000.0,1,Y|K,1
X,91,R,2,S,2,C,2,K,11,Y,37,X,1,C,11,X,1,Y,3,C,1,K,9,R,1,S,1,"L1:[sp=X,91] R=2,S=2,C=2,K=11,Y=37,X=1 || L2:[sp=C,11] X=1,Y=3,C=1,K=9,R=1,S=1",-inf,-inf,0,X|C,1
C,91,X,1,Y,37,K,64,C,2,R,1,S,1,K,11,C,1,Y,12,S,1,K,10,X,1,R,1,"L1:[sp=C,91] X=1,Y=37,K=64,C=2,R=1,S=1 || L2:[sp=K,11] C=1,Y=12,S=1,K=10,X=1,R=1",-9005473.0,-163323000.0,1,C|K,1
Y,91,X,1,Y,37,K,64,C,2,R,1,S,1,K,11,C,1,X,1,S,1,K,33,Y,12,R,1,"L1:[sp=Y,91] X=1,Y=37,K=64,C=2,R=1,S=1 || L2:[sp=K,11] C=1,X=1,S=1,K=33,Y=12,R=1",-inf,-inf,0,Y|K,1
X,91,R,2,S,1,C,2,K,11,Y,37,X,1,X,11,X,1,Y,7,C,1,K,10,R,1,S,1,"L1:[sp=X,91] R=2,S=1,C=2,K=11,Y=37,X=1 || L2:[sp=X,11] X=1,Y=7,C=1,K=10,R=1,S=1",-inf,-inf,0,X|X,1
Y,91,X,1,Y,37,K,64,C,2,R,3,S,1,K,11,C,1,Y,36,S,1,K,10,X,1,R,1,"L1:[sp=Y,91] X=1,Y=37,K=64,C=2,R=3,S=1 || L2:[sp=K,11] C=1,Y=36,S=1,K=10,X=1,R=1",-inf,-inf,0,Y|K,1
X,91,R,1,S,1,C,2,K,11,Y,37,X,178,X,11,X,1,Y,12,C,1,K,9,R,1,S,1,"L1:[sp=X,91] R=1,S=1,C=2,K=11,Y=37,X=178 || L2:[sp=X,11] X=1,Y=12,C=1,K=9,R=1,S=1",-inf,-inf,0,X|X,1
Y,91,R,1,S,3,C,2,K,11,Y,37,X,1,X,11,X,1,Y,12,C,1,K,9,R,1,S,1,"L1:[sp=Y,91] R=1,S=3,C=2,K=11,Y=37,X=1 || L2:[sp=X,11] X=1,Y=12,C=1,K=9,R=1,S=1",-14201785.0,-163323000.0,1,Y|X,1
Y,91,K,64,Y,37,X,1,C,2,R,2,S,1,K,16,K,10,Y,8,S,1,C,1,X,1,R,1,"L1:[sp=Y,91] K=64,Y=37,X=1,C=2,R=2,S=1 || L2:[sp=K,16] K=10,Y=8,S=1,C=1,X=1,R=1",-2300929.0,-163323000.0,1,Y|K,1
X,91,R,1,S,1,C,1,K,11,Y,37,X,181,X,11,X,1,Y,12,C,1,K,9,R,1,S,1,"L1:[sp=X,91] R=1,S=1,C=1,K=11,Y=37,X=181 || L2:[sp=X,11] X=1,Y=12,C=1,K=9,R=1,S=1",-inf,-inf,0,X|X,1
Y,91,X,1,Y,37,K,64,C,2,R,2,S,1,K,11,C,1,Y,8,S,1,K,10,X,1,R,1,"L1:[sp=Y,91] X=1,Y=37,K=64,C=2,R=2,S=1 || L2:[sp=K,11] C=1,Y=8,S=1,K=10,X=1,R=1",-inf,-inf,0,Y|K,1
Y,91,X,1,Y,80,K,64,C,2,R,1,S,1,K,11,C,1,Y,12,S,1,K,50,X,1,R,1,"L1:[sp=Y,91] X=1,Y=80,K=64,C=2,R=1,S=1 || L2:[sp=K,11] C=1,Y=12,S=1,K=50,X=1,R=1",-inf,-inf,0,Y|K,1
C,91,R,2,S,1,C,2,K,11,Y,37,X,1,X,11,X,1,Y,8,C,1,K,9,R,1,S,1,"L1:[sp=C,91] R=2,S=1,C=2,K=11,Y=37,X=1 || L2:[sp=X,11] X=1,Y=8,C=1,K=9,R=1,S=1",-60439681.0,-163323000.0,1,C|X,1
Y,91,X,141,Y,37,K,64,C,1,R,2,S,1,K,11,C,1,Y,8,S,1,K,10,X,1,R,1,"L1:[sp=Y,91] X=141,Y=37,K=64,C=1,R=2,S=1 || L2:[sp=K,11] C=1,Y=8,S=1,K=10,X=1,R=1",-inf,-inf,0,Y|K,1
X,91,R,1,S,1,C,2,K,6,Y,37,X,1,X,11,X,1,Y,12,C,2,K,4,R,1,S,1,"L1:[sp=X,91] R=1,S=1,C=2,K=6,Y=37,X=1 || L2:[sp=X,11] X=1,Y=12,C=2,K=4,R=1,S=1",-inf,-inf,0,X|X,1
K,91,X,1,Y,37,K,64,C,2,R,1,S,1,Y,11,C,1,Y,8,S,1,K,10,X,1,R,1,"L1:[sp=K,91] X=1,Y=37,K=64,C=2,R=1,S=1 || L2:[sp=Y,11] C=1,Y=8,S=1,K=10,X=1,R=1",-inf,-inf,0,K|Y,1
X,91,R,2,S,1,C,2,K,3,Y,37,X,1,X,11,X,1,Y,12,C,1,K,3,R,1,S,1,"L1:[sp=X,91] R=2,S=1,C=2,K=3,Y=37,X=1 || L2:[sp=X,11] X=1,Y=12,C=1,K=3,R=1,S=1",-inf,-inf,0,X|X,1
Y,91,X,1,Y,37,K,64,C,2,R,1,S,1,K,11,C,1,Y,12,S,1,K,10,X,1,R,1,"L1:[sp=Y,91] X=1,Y=37,K=64,C=2,R=1,S=1 || L2:[sp=K,11] C=1,Y=12,S=1,K=10,X=1,R=1",-inf,-inf,0,Y|K,1
C,91,R,2,S,1,C,2,K,11,Y,37,X,1,C,2,X,1,Y,8,K,4,C,1,R,1,S,1,"L1:[sp=C,91] R=2,S=1,C=2,K=11,Y=37,X=1 || L2:[sp=C,2] X=1,Y=8,K=4,C=1,R=1,S=1",-31191553.0,-163323000.0,1,C|C,1
Y,91,X,1,Y,37,K,64,C,2,R,2,S,1,K,11,C,1,Y,8,S,1,K,10,X,1,R,1,"L1:[sp=Y,91] X=1,Y=37,K=64,C=2,R=2,S=1 || L2:[sp=K,11] C=1,Y=8,S=1,K=10,X=1,R=1",-inf,-inf,0,Y|K,1
Y,91,K,11,S,3,C,2,R,1,Y,37,X,1,X,11,X,1,Y,12,C,1,K,6,R,1,S,1,"L1:[sp=Y,91] K=11,S=3,C=2,R=1,Y=37,X=1 || L2:[sp=X,11] X=1,Y=12,C=1,K=6,R=1,S=1",-14645341.0,-163323000.0,1,Y|X,1
Y,91,K,64,C,2,X,1,Y,37,R,2,S,1,K,16,K,10,Y,8,S,1,C,1,X,1,R,1,"L1:[sp=Y,91] K=64,C=2,X=1,Y=37,R=2,S=1 || L2:[sp=K,16] K=10,Y=8,S=1,C=1,X=1,R=1",-2300929.0,-163323000.0,1,Y|K,1
Y,91,X,1,Y,37,K,8,C,2,R,1,S,1,K,11,K,2,Y,12,C,1,S,1,X,1,R,1,"L1:[sp=Y,91] X=1,Y=37,K=8,C=2,R=1,S=1 || L2:[sp=K,11] K=2,Y=12,C=1,S=1,X=1,R=1",-inf,-inf,0,Y|K,1
C,91,X,1,K,64,Y,37,C,2,R,2,S,1,K,11,C,2,Y,12,S,1,K,10,X,1,R,1,"L1:[sp=C,91] X=1,K=64,Y=37,C=2,R=2,S=1 || L2:[sp=K,11] C=2,Y=12,S=1,K=10,X=1,R=1",-9283009.0,-163323000.0,1,C|K,1
Y,91,R,3,S,3,C,2,K,11,Y,37,X,1,X,11,X,1,Y,12,C,1,K,9,S,1,R,1,"L1:[sp=Y,91] R=3,S=3,C=2,K=11,Y=37,X=1 || L2:[sp=X,11] X=1,Y=12,C=1,K=9,S=1,R=1",-inf,-inf,0,Y|X,1
Y,91,X,1,Y,37,K,64,C,2,R,2,S,1,K,11,C,1,Y,8,S,1,K,10,X,1,R,1,"L1:[sp=Y,91] X=1,Y=37,K=64,C=2,R=2,S=1 || L2:[sp=K,11] C=1,Y=8,S=1,K=10,X=1,R=1",-2300929.0,-163323000.0,1,Y|K,1
Y,91,K,64,Y,37,X,1,C,2,R,2,S,1,C,1,K,10,Y,8,S,1,C,1,X,1,R,1,"L1:[sp=Y,91] K=64,Y=37,X=1,C=2,R=2,S=1 || L2:[sp=C,1] K=10,Y=8,S=1,C=1,X=1,R=1",-inf,-inf,0,Y|C,1
Y,91,S,2,X,1,K,64,C,2,R,2,Y,37,X,1,C,1,Y,8,S,1,K,10,X,1,R,1,"L1:[sp=Y,91] S=2,X=1,K=64,C=2,R=2,Y=37 || L2:[sp=X,1] C=1,Y=8,S=1,K=10,X=1,R=1",-29287929.0,-163323000.0,1,Y|X,1
Y,91,X,1,Y,37,K,9,C,2,R,2,S,1,K,11,C,1,Y,8,S,1,K,9,X,1,R,1,"L1:[sp=Y,91] X=1,Y=37,K=9,C=2,R=2,S=1 || L2:[sp=K,11] C=1,Y=8,S=1,K=9,X=1,R=1",-inf,-inf,0,Y|K,1
X,91,R,1,S,3,C,2,K,11,Y,37,X,31,Y,11,X,1,Y,12,C,1,K,9,R,1,S,1,"L1:[sp=X,91] R=1,S=3,C=2,K=11,Y=37,X=31 || L2:[sp=Y,11] X=1,Y=12,C=1,K=9,R=1,S=1",-inf,-inf,0,X|Y,1
X,91,R,2,S,1,X,1,C,2,Y,37,K,11,X,11,X,1,Y,8,C,1,K,9,R,1,S,1,"L1:[sp=X,91] R=2,S=1,X=1,C=2,Y=37,K=11 || L2:[sp=X,11] X=1,Y=8,C=1,K=9,R=1,S=1",-6072841.0,-163323000.0,1,X|X,1
C,91,R,2,S,1,C,2,K,11,Y,37,X,1,C,2,X,1,Y,8,K,4,C,1,R,1,S,1,"L1:[sp=C,91] R=2,S=1,C=2,K=11,Y=37,X=1 || L2:[sp=C,2] X=1,Y=8,K=4,C=1,R=1,S=1",-inf,-inf,0,C|C,1
C,91,R,1,S,1,C,2,K,11,Y,37,X,1,C,2,X,1,Y,8,K,4,C,1,R,1,S,1,"L1:[sp=C,91] R=1,S=1,C=2,K=11,Y=37,X=1 || L2:[sp=C,2] X=1,Y=8,K=4,C=1,R=1,S=1",-inf,-inf,0,C|C,1
C,91,X,41,Y,37,K,64,C,2,R,2,S,1,K,11,C,1,Y,12,S,1,K,10,X,1,R,1,"L1:[sp=C,91] X=41,Y=37,K=64,C=2,R=2,S=1 || L2:[sp=K,11] C=1,Y=12,S=1,K=10,X=1,R=1",-inf,-inf,0,C|K,1
X,91,R,2,S,1,C,2,X,1,Y,167,K,11,C,11,X,1,S,1,C,1,K,9,R,1,Y,8,"L1:[sp=X,91] R=2,S=1,C=2,X=1,Y=167,K=11 || L2:[sp=C,11] X=1,S=1,C=1,K=9,R=1,Y=8",-4011121.0,-163324000.0,1,X|C,1
Y,91,K,64,Y,37,X,1,C,2,R,2,S,1,K,16,K,32,Y,8,S,1,C,1,X,1,R,1,"L1:[sp=Y,91] K=64,Y=37,X=1,C=2,R=2,S=1 || L2:[sp=K,16] K=32,Y=8,S=1,C=1,X=1,R=1",-inf,-inf,0,Y|K,1
C,91,S,3,R,1,C,3,K,5,Y,37,X,1,C,2,X,1,Y,12,K,4,C,1,R,1,S,1,"L1:[sp=C,91] S=3,R=1,C=3,K=5,Y=37,X=1 || L2:[sp=C,2] X=1,Y=12,K=4,C=1,R=1,S=1",-171153343.0,-163323000.0,1,C|C,1
Y,91,R,2,S,1,C,2,K,11,Y,37,X,1,X,11,X,1,Y,8,C,1,K,9,R,1,S,1,"L1:[sp=Y,91] R=2,S=1,C=2,K=11,Y=37,X=1 || L2:[sp=X,11] X=1,Y=8,C=1,K=9,R=1,S=1",-inf,-inf,0,Y|X,1
Y,91,X,1,Y,37,K,64,R,2,C,2,S,1,K,11,C,1,Y,8,S,1,K,10,X,1,R,1,"L1:[sp=Y,91] X=1,Y=37,K=64,R=2,C=2,S=1 || L2:[sp=K,11] C=1,Y=8,S=1,K=10,X=1,R=1",-2300929.0,-163323000.0,1,Y|K,1
C,91,R,2,K,11,C,2,S,1,Y,37,X,1,C,2,X,1,Y,8,K,4,C,1,R,1,S,1,"L1:[sp=C,91] R=2,K=11,C=2,S=1,Y=37,X=1 || L2:[sp=C,2] X=1,Y=8,K=4,C=1,R=1,S=1",-31191553.0,-163323000.0,1,C|C,1
Y,91,K,64,C,2,X,1,Y,37,R,2,S,1,K,16,K,10,Y,8,S,1,C,1,X,1,R,1,"L1:[sp=Y,91] K=64,C=2,X=1,Y=37,R=2,S=1 || L2:[sp=K,16] K=10,Y=8,S=1,C=1,X=1,R=1",-inf,-inf,0,Y|K,1
X,91,R,2,S,1,X,1,C,2,Y,159,K,11,C,2,X,1,Y,8,C,1,K,9,R,1,S,1,"L1:[sp=X,91] R=2,S=1,X=1,C=2,Y=159,K=11 || L2:[sp=C,2] X=1,Y=8,C=1,K=9,R=1,S=1",-inf,-inf,0,X|C,1
Y,91,K,64,C,2,X,1,S,2,R,2,Y,37,K,16,K,10,Y,8,S,1,C,1,X,1,R,1,"L1:[sp=Y,91] K=64,C=2,X=1,S=2,R=2,Y=37 || L2:[sp=K,16] K=10,Y=8,S=1,C=1,X=1,R=1",-4577745.0,-163323000.0,1,Y|K,1
X,91,R,2,K,11,C,2,S,3,Y,37,X,1,C,2,X,1,Y,8,K,4,C,1,R,1,S,2,"L1:[sp=X,91] R=2,K=11,C=2,S=3,Y=37,X=1 || L2:[sp=C,2] X=1,Y=8,K=4,C=1,R=1,S=2",-1668457.0,-163324000.0,1,X|C,1
X,91,R,2,S,1,X,1,C,2,Y,37,K,11,X,11,X,1,Y,8,C,1,K,4,R,1,S,1,"L1:[sp=X,91] R=2,S=1,X=1,C=2,Y=37,K=11 || L2:[sp=X,11] X=1,Y=8,C=1,K=4,R=1,S=1",-6262381.0,-163323000.0,1,X|X,1
Y,91,X,1,S,1,K,64,R,2,C,2,Y,37,Y,37,C,1,Y,8,S,1,K,10,X,1,R,1,"L1:[sp=Y,91] X=1,S=1,K=64,R=2,C=2,Y=37 || L2:[sp=Y,37] C=1,Y=8,S=1,K=10,X=1,R=1",-6198529.0,-163323000.0,1,Y|Y,1
X,91,R,2,S,1,C,2,X,1,Y,167,K,37,C,11,X,1,S,1,C,1,K,9,R,1,Y,8,"L1:[sp=X,91] R=2,S=1,C=2,X=1,Y=167,K=37 || L2:[sp=C,11] X=1,S=1,C=1,K=9,R=1,Y=8",-inf,-inf,0,X|C,1
Y,91,K,64,C,2,X,1,Y,37,R,2,S,1,K,16,K,10,Y,8,S,1,C,1,X,1,R,1,"L1:[sp=Y,91] K=64,C=2,X=1,Y=37,R=2,S=1 || L2:[sp=K,16] K=10,Y=8,S=1,C=1,X=1,R=1",-inf,-inf,0,Y|K,1
K,91,X,219,Y,37,K,64,R,2,C,2,S,2,Y,11,C,1,Y,8,S,1,K,16,X,1,R,1,"L1:[sp=K,91] X=219,Y=37,K=64,R=2,C=2,S=2 || L2:[sp=Y,11] C=1,Y=8,S=1,K=16,X=1,R=1",-inf,-inf,0,K|Y,1
X,91,R,2,S,1,X,1,C,2,Y,37,K,11,X,11,X,1,Y,21,C,1,K,9,R,1,S,1,"L1:[sp=X,91] R=2,S=1,X=1,C=2,Y=37,K=11 || L2:[sp=X,11] X=1,Y=21,C=1,K=9,R=1,S=1",-inf,-inf,0,X|X,1
Y,91,K,17,C,2,X,1,Y,37,R,2,S,1,K,16,K,10,Y,8,S,1,C,1,X,1,R,1,"L1:[sp=Y,91] K=17,C=2,X=1,Y=37,R=2,S=1 || L2:[sp=K,16] K=10,Y=8,S=1,C=1,X=1,R=1",-inf,-inf,0,Y|K,1
Y,91,K,64,R,2,X,1,Y,37,C,2,S,1,K,16,S,1,K,10,Y,8,C,2,X,1,R,1,"L1:[sp=Y,91] K=64,R=2,X=1,Y=37,C=2,S=1 || L2:[sp=K,16] S=1,K=10,Y=8,C=2,X=1,R=1",-3067009.0,-163323000.0,1,Y|K,1
Y,91,S,2,X,1,K,64,C,2,R,2,Y,37,X,1,C,1,R,1,S,2,K,10,X,1,Y,8,"L1:[sp=Y,91] S=2,X=1,K=64,C=2,R=2,Y=37 || L2:[sp=X,1] C=1,R=1,S=2,K=10,X=1,Y=8",-inf,-inf,0,Y|X,1
X,91,R,2,S,1,X,1,C,2,Y,167,K,11,X,11,X,1,Y,77,C,1,K,8,R,1,S,1,"L1:[sp=X,91] R=2,S=1,X=1,C=2,Y=167,K=11 || L2:[sp=X,11] X=1,Y=77,C=1,K=8,R=1,S=1",-inf,-inf,0,X|X,1
X,91,R,2,S,1,C,2,X,1,Y,37,K,11,C,11,X,1,S,1,C,1,K,9,R,1,Y,8,"L1:[sp=X,91] R=2,S=1,C=2,X=1,Y=37,K=11 || L2:[sp=C,11] X=1,S=1,C=1,K=9,R=1,Y=8",-inf,-inf,0,X|C,1
X,91,R,2,S,1,X,1,C,2,Y,37,K,11,K,1,X,1,Y,8,C,1,K,9,R,1,S,1,"L1:[sp=X,91] R=2,S=1,X=1,C=2,Y=37,K=11 || L2:[sp=K,1] X=1,Y=8,C=1,K=9,R=1,S=1",-inf,-inf,0,X|K,1
C,91,Y,24,K,11,C,3,S,1,R,2,X,1,C,2,X,1,Y,23,K,4,S,1,R,1,C,1,"L1:[sp=C,91] Y=24,K=11,C=3,S=1,R=2,X=1 || L2:[sp=C,2] X=1,Y=23,K=4,S=1,R=1,C=1",-60488065.0,-163323000.0,1,C|C,1
C,91,R,2,S,1,X,1,C,2,Y,37,K,11,X,11,X,1,Y,8,C,1,K,9,R,1,S,1,"L1:[sp=C,91] R=2,S=1,X=1,C=2,Y=37,K=11 || L2:[sp=X,11] X=1,Y=8,C=1,K=9,R=1,S=1",-60439681.0,-163323000.0,1,C|X,1
Y,91,K,36,C,2,X,1,Y,37,R,2,S,1,K,4,K,10,Y,8,S,1,C,1,X,1,R,1,"L1:[sp=Y,91] K=36,C=2,X=1,Y=37,R=2,S=1 || L2:[sp=K,4] K=10,Y=8,S=1,C=1,X=1,R=1",-inf,-inf,0,Y|K,1
Y,91,S,2,X,1,K,64,C,2,R,2,Y,37,K,16,C,2,Y,8,S,1,R,2,X,1,K,10,"L1:[sp=Y,91] S=2,X=1,K=64,C=2,R=2,Y=37 || L2:[sp=K,16] C=2,Y=8,S=1,R=2,X=1,K=10",-inf,-inf,0,Y|K,1
X,91,R,2,S,1,X,17,C,2,Y,37,K,11,X,11,X,1,Y,28,C,1,K,9,R,1,S,1,"L1:[sp=X,91] R=2,S=1,X=17,C=2,Y=37,K=11 || L2:[sp=X,11] X=1,Y=28,C=1,K=9,R=1,S=1",-inf,-inf,0,X|X,1
X,91,R,2,K,11,C,2,S,3,Y,37,X,1,C,2,X,1,Y,8,K,4,C,1,R,1,S,2,"L1:[sp=X,91] R=2,K=11,C=2,S=3,Y=37,X=1 || L2:[sp=C,2] X=1,Y=8,K=4,C=1,R=1,S=2",-inf,-inf,0,X|C,1
X,91,R,2,K,11,C,2,S,1,Y,37,X,1,C,2,X,1,Y,28,K,4,C,1,R,1,S,1,"L1:[sp=X,91] R=2,K=11,C=2,S=1,Y=37,X=1 || L2:[sp=C,2] X=1,Y=28,K=4,C=1,R=1,S=1",-inf,-inf,0,X|C,1
C,91,X,1,S,3,K,64,R,2,C,1,Y,37,Y,1,C,1,Y,8,S,2,K,10,X,1,R,1,"L1:[sp=C,91] X=1,S=3,K=64,R=2,C=1,Y=37 || L2:[sp=Y,1] C=1,Y=8,S=2,K=10,X=1,R=1",-59847205.0,-163323000.0,1,C|Y,1
C,91,Y,24,K,11,C,3,S,1,R,2,X,1,C,2,X,1,Y,23,K,4,S,1,R,2,C,1,"L1:[sp=C,91] Y=24,K=11,C=3,S=1,R=2,X=1 || L2:[sp=C,2] X=1,Y=23,K=4,S=1,R=2,C=1",-inf,-inf,0,C|C,1
X,91,R,2,S,1,X,1,C,2,Y,37,K,11,X,11,X,1,Y,8,C,1,K,4,R,1,S,1,"L1:[sp=X,91] R=2,S=1,X=1,C=2,Y=37,K=11 || L2:[sp=X,11] X=1,Y=8,C=1,K=4,R=1,S=1",-inf,-inf,0,X|X,1
X,91,R,2,K,11,C,2,S,3,Y,37,X,1,C,2,X,1,Y,17,K,4,C,1,R,1,S,1,"L1:[sp=X,91] R=2,K=11,C=2,S=3,Y=37,X=1 || L2:[sp=C,2] X=1,Y=17,K=4,C=1,R=1,S=1",-inf,-inf,0,X|C,1
Y,91,X,1,S,1,K,64,R,2,C,2,Y,37,Y,37,C,1,Y,8,S,1,K,10,X,1,R,1,"L1:[sp=Y,91] X=1,S=1,K=64,R=2,C=2,Y=37 || L2:[sp=Y,37] C=1,Y=8,S=1,K=10,X=1,R=1",-inf,-inf,0,Y|Y,1
Y,91,X,1,S,2,K,64,R,2,C,2,Y,37,Y,37,C,1,Y,8,S,2,K,10,X,1,R,1,"L1:[sp=Y,91] X=1,S=2,K=64,R=2,C=2,Y=37 || L2:[sp=Y,37] C=1,Y=8,S=2,K=10,X=1,R=1",-inf,-inf,0,Y|Y,1
X,91,R,2,S,1,X,1,C,2,Y,37,K,11,X,11,X,1,R,1,C,1,K,4,Y,6,S,1,"L1:[sp=X,91] R=2,S=1,X=1,C=2,Y=37,K=11 || L2:[sp=X,11] X=1,R=1,C=1,K=4,Y=6,S=1",-6155461.0,-163323000.0,1,X|X,1
C,91,R,2,S,1,X,1,C,2,Y,37,K,11,X,11,S,1,Y,8,C,1,K,9,R,1,X,1,"L1:[sp=C,91] R=2,S=1,X=1,C=2,Y=37,K=11 || L2:[sp=X,11] S=1,Y=8,C=1,K=9,R=1,X=1",-inf,-inf,0,C|X,1
Y,91,K,64,R,2,X,1,Y,37,C,2,S,1,K,16,S,1,K,10,Y,8,C,2,X,1,R,1,"L1:[sp=Y,91] K=64,R=2,X=1,Y=37,C=2,S=1 || L2:[sp=K,16] S=1,K=10,Y=8,C=2,X=1,R=1",-inf,-inf,0,Y|K,1
X,91,R,2,S,3,C,2,K,11,Y,37,X,1,C,1,X,1,Y,8,K,4,C,2,R,1,S,2,"L1:[sp=X,91] R=2,S=3,C=2,K=11,Y=37,X=1 || L2:[sp=C,1] X=1,Y=8,K=4,C=2,R=1,S=2",-inf,-inf,0,X|C,1
Y,91,K,64,R,2,X,1,Y,37,C,1,S,1,K,16,S,1,K,10,Y,8,C,1,X,1,R,1,"L1:[sp=Y,91] K=64,R=2,X=1,Y=37,C=1,S=1 || L2:[sp=K,16] S=1,K=10,Y=8,C=1,X=1,R=1",-inf,-inf,0,Y|K,1
Y,91,K,64,C,2,X,1,S,1,R,2,Y,37,K,16,K,10,Y,8,S,1,C,1,X,1,R,1,"L1:[sp=Y,91] K=64,C=2,X=1,S=1,R=2,Y=37 || L2:[sp=K,16] K=10,Y=8,S=1,C=1,X=1,R=1",-inf,-inf,0,Y|K,1
C,91,S,2,K,11,C,3,Y,24,R,2,X,1,C,2,R,1,Y,23,K,4,S,2,X,1,C,1,"L1:[sp=C,91] S=2,K=11,C=3,Y=24,R=2,X=1 || L2:[sp=C,2] R=1,Y=23,K=4,S=2,X=1,C=1",-80237185.0,-163323000.0,1,C|C,1
C,91,Y,27,K,11,C,3,S,1,R,2,X,1,C,2,X,1,Y,23,K,4,S,1,R,1,C,1,"L1:[sp=C,91] Y=27,K=11,C=3,S=1,R=2,X=1 || L2:[sp=C,2] X=1,Y=23,K=4,S=1,R=1,C=1",-inf,-inf,0,C|C,1
X,91,R,2,S,1,X,1,C,2,Y,37,K,11,X,11,K,4,Y,8,C,1,X,1,R,1,S,1,"L1:[sp=X,91] R=2,S=1,X=1,C=2,Y=37,K=11 || L2:[sp=X,11] K=4,Y=8,C=1,X=1,R=1,S=1",-6262381.0,-163323000.0,1,X|X,1
X,91,R,2,S,1,X,1,C,3,Y,24,K,11,X,11,K,1,Y,23,C,1,X,1,R,1,S,1,"L1:[sp=X,91] R=2,S=1,X=1,C=3,Y=24,K=11 || L2:[sp=X,11] K=1,Y=23,C=1,X=1,R=1,S=1",-inf,-inf,0,X|X,1
C,91,Y,37,K,11,C,3,S,2,R,2,X,1,C,2,X,1,Y,8,K,4,S,1,R,1,C,1,"L1:[sp=C,91] Y=37,K=11,C=3,S=2,R=2,X=1 || L2:[sp=C,2] X=1,Y=8,K=4,S=1,R=1,C=1",-inf,-inf,0,C|C,1
Y,91,S,1,R,2,X,1,Y,37,C,2,K,64,K,16,S,1,K,64,Y,8,C,1,X,1,R,1,"L1:[sp=Y,91] S=1,R=2,X=1,Y=37,C=2,K=64 || L2:[sp=K,16] S=1,K=64,Y=8,C=1,X=1,R=1",-inf,-inf,0,Y|K,1
C,91,R,2,S,2,X,1,K,11,Y,37,C,2,X,11,X,1,Y,8,K,9,C,2,R,1,S,1,"L1:[sp=C,91] R=2,S=2,X=1,K=11,Y=37,C=2 || L2:[sp=X,11] X=1,Y=8,K=9,C=2,R=1,S=1",-60151129.0,-163323000.0,1,C|X,1
X,91,R,2,S,1,X,1,C,2,Y,37,K,11,X,11,X,1,R,1,C,1,K,4,Y,6,S,1,"L1:[sp=X,91] R=2,S=1,X=1,C=2,Y=37,K=11 || L2:[sp=X,11] X=1,R=1,C=1,K=4,Y=6,S=1",-inf,-inf,0,X|X,1
C,91,S,2,K,11,C,3,Y,24,R,1,X,1,C,2,R,1,Y,23,K,4,S,2,X,1,C,1,"L1:[sp=C,91] S=2,K=11,C=3,Y=24,R=1,X=1 || L2:[sp=C,2] R=1,Y=23,K=4,S=2,X=1,C=1",-inf,-inf,0,C|C,1
C,91,X,1,S,3,K,64,R,2,C,1,Y,37,Y,1,C,1,Y,8,S,2,K,40,X,1,R,1,"L1:[sp=C,91] X=1,S=3,K=64,R=2,C=1,Y=37 || L2:[sp=Y,1] C=1,Y=8,S=2,K=40,X=1,R=1",-inf,-inf,0,C|Y,1
K,91,R,2,S,2,X,1,K,11,Y,37,C,2,X,11,X,1,Y,8,K,6,C,2,R,1,S,2,"L1:[sp=K,91] R=2,S=2,X=1,K=11,Y=37,C=2 || L2:[sp=X,11] X=1,Y=8,K=6,C=2,R=1,S=2",-inf,-inf,0,K|X,1
K,91,S,2,K,11,C,3,Y,24,R,2,X,189,C,2,R,1,Y,23,K,4,S,1,X,1,C,1,"L1:[sp=K,91] S=2,K=11,C=3,Y=24,R=2,X=189 || L2:[sp=C,2] R=1,Y=23,K=4,S=1,X=1,C=1",-inf,-inf,0,K|C,1
C,91,R,2,S,2,X,20,C,2,Y,37,K,11,X,11,R,2,Y,8,K,9,C,2,X,1,S,1,"L1:[sp=C,91] R=2,S=2,X=20,C=2,Y=37,K=11 || L2:[sp=X,11] R=2,Y=8,K=9,C=2,X=1,S=1",-inf,-inf,0,C|X,1
Y,91,R,2,S,1,X,1,C,2,Y,37,K,11,X,1,K,4,Y,8,C,1,X,1,R,1,S,1,"L1:[sp=Y,91] R=2,S=1,X=1,C=2,Y=37,K=11 || L2:[sp=X,1] K=4,Y=8,C=1,X=1,R=1,S=1",-15184513.0,-163323000.0,1,Y|X,1
C,91,S,1,R,1,X,1,K,11,Y,37,C,2,X,11,X,1,Y,23,K,9,C,2,R,1,S,1,"L1:[sp=C,91] S=1,R=1,X=1,K=11,Y=37,C=2 || L2:[sp=X,11] X=1,Y=23,K=9,C=2,R=1,S=1",-inf,-inf,0,C|X,1
X,91,C,2,S,2,R,2,X,1,Y,37,K,11,X,11,X,1,R,1,C,1,K,4,Y,6,S,1,"L1:[sp=X,91] C=2,S=2,R=2,X=1,Y=37,K=11 || L2:[sp=X,11] X=1,R=1,C=1,K=4,Y=6,S=1",-6152941.0,-163323000.0,1,X|X,1
X,91,R,2,S,3,X,1,K,11,Y,37,C,1,C,11,X,1,Y,8,K,9,C,1,R,1,S,2,"L1:[sp=X,91] R=2,S=3,X=1,K=11,Y=37,C=1 || L2:[sp=C,11] X=1,Y=8,K=9,C=1,R=1,S=2",-inf,-inf,0,X|C,1
C,91,X,1,S,2,K,64,R,2,C,2,Y,106,Y,1,C,2,Y,8,S,1,K,10,X,1,R,1,"L1:[sp=C,91] X=1,S=2,K=64,R=2,C=2,Y=106 || L2:[sp=Y,1] C=2,Y=8,S=1,K=10,X=1,R=1",-115605877.0,-163323000.0,1,C|Y,1
X,91,R,2,S,1,X,1,C,2,Y,37,K,11,X,11,K,4,Y,13,C,1,X,1,R,1,S,1,"L1:[sp=X,91] R=2,S=1,X=1,C=2,Y=37,K=11 || L2:[sp=X,11] K=4,Y=13,C=1,X=1,R=1,S=1",-inf,-inf,0,X|X,1
C,91,X,112,S,3,K,64,R,2,C,1,Y,37,Y,1,C,1,Y,8,S,2,K,10,X,1,R,1,"L1:[sp=C,91] X=112,S=3,K=64,R=2,C=1,Y=37 || L2:[sp=Y,1] C=1,Y=8,S=2,K=10,X=1,R=1",-inf,-inf,0,C|Y,1
X,91,R,2,S,2,X,1,C,2,Y,37,K,11,X,11,K,4,Y,34,C,1,X,1,R,1,S,1,"L1:[sp=X,91] R=2,S=2,X=1,C=2,Y=37,K=11 || L2:[sp=X,11] K=4,Y=34,C=1,X=1,R=1,S=1",-inf,-inf,0,X|X,1
C,91,R,1,S,1,X,1,K,11,Y,37,C,2,X,11,Y,8,X,1,K,9,C,2,R,1,S,1,"L1:[sp=C,91] R=1,S=1,X=1,K=11,Y=37,C=2 || L2:[sp=X,11] Y=8,X=1,K=9,C=2,R=1,S=1",-inf,-inf,0,C|X,1
C,91,S,2,K,11,C,3,Y,24,R,2,X,1,C,2,R,1,Y,23,K,4,S,2,X,1,C,1,"L1:[sp=C,91] S=2,K=11,C=3,Y=24,R=2,X=1 || L2:[sp=C,2] R=1,Y=23,K=4,S=2,X=1,C=1",-inf,-inf,0,C|C,1
X,91,R,2,Y,37,X,1,C,2,S,2,K,11,X,11,X,1,R,1,C,1,K,4,Y,6,S,1,"L1:[sp=X,91] R=2,Y=37,X=1,C=2,S=2,K=11 || L2:[sp=X,11] X=1,R=1,C=1,K=4,Y=6,S=1",-6152941.0,-163323000.0,1,X|X,1
C,91,X,1,S,1,K,64,R,2,C,1,Y,37,Y,1,S,1,Y,8,C,1,K,10,X,1,R,1,"L1:[sp=C,91] X=1,S=1,K=64,R=2,C=1,Y=37 || L2:[sp=Y,1] S=1,Y=8,C=1,K=10,X=1,R=1",-inf,-inf,0,C|Y,1
X,91,R,2,S,3,X,1,C,2,Y,37,K,11,X,11,X,1,R,1,C,1,K,4,Y,6,S,2,"L1:[sp=X,91] R=2,S=3,X=1,C=2,Y=37,K=11 || L2:[sp=X,11] X=1,R=1,C=1,K=4,Y=6,S=2",-inf,-inf,0,X|X,1
C,91,X,1,S,2,K,64,R,2,C,2,Y,37,Y,1,C,2,Y,33,S,1,K,10,X,1,R,1,"L1:[sp=C,91] X=1,S=2,K=64,R=2,C=2,Y=37 || L2:[sp=Y,1] C=2,Y=33,S=1,K=10,X=1,R=1",-inf,-inf,0,C|Y,1
C,91,R,2,S,3,X,131,K,11,Y,69,C,1,X,11,X,1,Y,8,K,9,C,1,R,1,S,2,"L1:[sp=C,91] R=2,S=3,X=131,K=11,Y=69,C=1 || L2:[sp=X,11] X=1,Y=8,K=9,C=1,R=1,S=2",-inf,-inf,0,C|X,1
X,91,C,2,S,2,R,2,X,1,Y,37,K,11,X,11,X,1,R,1,C,1,K,4,Y,6,S,1,"L1:[sp=X,91] C=2,S=2,R=2,X=1,Y=37,K=11 || L2:[sp=X,11] X=1,R=1,C=1,K=4,Y=6,S=1",-inf,-inf,0,X|X,1
C,91,X,1,S,1,C,3,R,2,K,64,Y,106,Y,1,C,1,Y,8,S,1,K,30,X,1,R,1,"L1:[sp=C,91] X=1,S=1,C=3,R=2,K=64,Y=106 || L2:[sp=Y,1] C=1,Y=8,S=1,K=30,X=1,R=1",-inf,-inf,0,C|Y,1
Y,91,K,11,S,2,X,1,C,2,Y,37,R,2,X,1,K,4,Y,33,C,1,X,1,R,1,S,1,"L1:[sp=Y,91] K=11,S=2,X=1,C=2,Y=37,R=2 || L2:[sp=X,1] K=4,Y=33,C=1,X=1,R=1,S=1",-30212041.0,-163323000.0,1,Y|X,1
X,91,R,2,S,1,X,1,C,2,Y,37,K,11,X,1,K,4,Y,8,C,1,X,1,R,2,S,1,"L1:[sp=X,91] R=2,S=1,X=1,C=2,Y=37,K=11 || L2:[sp=X,1] K=4,Y=8,C=1,X=1,R=2,S=1",-inf,-inf,0,X|X,1
X,91,R,2,Y,37,X,1,C,2,S,2,K,11,C,1,X,1,R,1,Y,6,K,4,C,1,S,1,"L1:[sp=X,91] R=2,Y=37,X=1,C=2,S=2,K=11 || L2:[sp=C,1] X=1,R=1,Y=6,K=4,C=1,S=1",-inf,-inf,0,X|C,1
X,91,Y,35,S,2,R,2,X,1,C,2,K,11,X,11,X,1,R,1,K,4,C,1,Y,6,S,1,"L1:[sp=X,91] Y=35,S=2,R=2,X=1,C=2,K=11 || L2:[sp=X,11] X=1,R=1,K=4,C=1,Y=6,S=1",-6259861.0,-163323000.0,1,X|X,1
K,91,R,2,Y,37,X,1,C,2,S,3,K,11,X,11,X,1,R,1,C,1,K,4,Y,6,S,1,"L1:[sp=K,91] R=2,Y=37,X=1,C=2,S=3,K=11 || L2:[sp=X,11] X=1,R=1,C=1,K=4,Y=6,S=1",-15171037.0,-163323000.0,1,K|X,1
C,91,X,1,S,1,K,64,R,2,C,3,Y,37,Y,1,C,1,Y,8,S,1,K,10,X,1,R,2,"L1:[sp=C,91] X=1,S=1,K=64,R=2,C=3,Y=37 || L2:[sp=Y,1] C=1,Y=8,S=1,K=10,X=1,R=2",-inf,-inf,0,C|Y,1
Y,91,R,2,S,2,X,1,C,2,Y,106,K,21,X,1,K,4,Y,8,C,2,X,1,R,1,S,1,"L1:[sp=Y,91] R=2,S=2,X=1,C=2,Y=106,K=21 || L2:[sp=X,1] K=4,Y=8,C=2,X=1,R=1,S=1",-inf,-inf,0,Y|X,1
X,91,C,2,S,2,R,2,X,1,Y,37,K,15,K,1,X,1,R,1,C,2,K,4,Y,6,S,1,"L1:[sp=X,91] C=2,S=2,R=2,X=1,Y=37,K=15 || L2:[sp=K,1] X=1,R=1,C=2,K=4,Y=6,S=1",-inf,-inf,0,X|K,1
C,91,X,1,S,2,K,64,R,2,C,2,Y,106,Y,1,Y,8,C,2,S,1,K,10,X,1,R,1,"L1:[sp=C,91] X=1,S=2,K=64,R=2,C=2,Y=106 || L2:[sp=Y,1] Y=8,C=2,S=1,K=10,X=1,R=1",-inf,-inf,0,C|Y,1
X,91,R,2,Y,37,X,1,C,2,S,2,K,11,X,11,X,1,R,1,C,1,K,4,Y,6,S,1,"L1:[sp=X,91] R=2,Y=37,X=1,C=2,S=2,K=11 || L2:[sp=X,11] X=1,R=1,C=1,K=4,Y=6,S=1",-inf,-inf,0,X|X,1
X,91,C,2,S,2,R,2,X,1,Y,37,K,11,X,11,S,1,R,1,C,1,K,4,Y,6,X,1,"L1:[sp=X,91] C=2,S=2,R=2,X=1,Y=37,K=11 || L2:[sp=X,11] S=1,R=1,C=1,K=4,Y=6,X=1",-inf,-inf,0,X|X,1
C,91,X,1,S,3,K,64,R,2,C,2,Y,106,K,8,C,2,Y,8,S,1,K,10,X,1,R,1,"L1:[sp=C,91] X=1,S=3,K=64,R=2,C=2,Y=106 || L2:[sp=K,8] C=2,Y=8,S=1,K=10,X=1,R=1",-inf,-inf,0,C|K,1
X,91,C,2,S,2,R,2,X,1,Y,37,K,11,K,11,X,1,R,1,C,1,K,4,Y,6,S,1,"L1:[sp=X,91] C=2,S=2,R=2,X=1,Y=37,K=11 || L2:[sp=K,11] X=1,R=1,C=1,K=4,Y=6,S=1",-inf,-inf,0,X|K,1
C,91,X,1,S,2,K,64,R,2,C,2,Y,37,K,4,C,2,Y,6,S,1,K,10,X,1,R,1,"L1:[sp=C,91] X=1,S=2,K=64,R=2,C=2,Y=37 || L2:[sp=K,4] C=2,Y=6,S=1,K=10,X=1,R=1",-36935045.0,-163323000.0,1,C|K,1
X,91,C,3,S,2,R,2,X,1,Y,106,K,11,X,11,X,1,R,1,C,1,K,4,Y,8,S,1,"L1:[sp=X,91] C=3,S=2,R=2,X=1,Y=106,K=11 || L2:[sp=X,11] X=1,R=1,C=1,K=4,Y=8,S=1",-inf,-inf,0,X|X,1
C,91,X,98,S,2,K,64,R,2,C,2,Y,37,Y,1,C,2,Y,2,S,1,K,10,X,86,R,1,"L1:[sp=C,91] X=98,S=2,K=64,R=2,C=2,Y=37 || L2:[sp=Y,1] C=2,Y=2,S=1,K=10,X=86,R=1",-inf,-inf,0,C|Y,1
X,91,R,3,Y,190,X,1,C,2,S,2,K,11,X,11,X,1,R,1,C,1,K,4,Y,8,S,1,"L1:[sp=X,91] R=3,Y=190,X=1,C=2,S=2,K=11 || L2:[sp=X,11] X=1,R=1,C=1,K=4,Y=8,S=1",-inf,-inf,0,X|X,1
C,91,X,1,S,2,K,64,R,2,C,2,Y,106,Y,1,C,2,R,1,S,1,K,10,X,1,Y,8,"L1:[sp=C,91] X=1,S=2,K=64,R=2,C=2,Y=106 || L2:[sp=Y,1] C=2,R=1,S=1,K=10,X=1,Y=8",-inf,-inf,0,C|Y,1
X,91,R,2,Y,37,X,1,C,2,S,3,K,11,X,11,X,1,R,1,C,1,K,4,Y,6,S,1,"L1:[sp=X,91] R=2,Y=37,X=1,C=2,S=3,K=11 || L2:[sp=X,11] X=1,R=1,C=1,K=4,Y=6,S=1",-inf,-inf,0,X|X,1
X,91,Y,35,S,2,R,2,X,1,C,2,K,11,X,11,X,1,R,1,K,4,C,1,Y,6,S,1,"L1:[sp=X,91] Y=35,S=2,R=2,X=1,C=2,K=11 || L2:[sp=X,11] X=1,R=1,K=4,C=1,Y=6,S=1",-6259861.0,-163323000.0,1,X|X,1
K,91,K,11,S,2,X,1,C,2,Y,35,R,2,X,1,K,4,Y,6,S,1,X,1,R,1,C,1,"L1:[sp=K,91] K=11,S=2,X=1,C=2,Y=35,R=2 || L2:[sp=X,1] K=4,Y=6,S=1,X=1,R=1,C=1",-31008597.0,-163323000.0,1,K|X,1
X,91,Y,37,S,2,R,2,X,1,C,2,K,11,X,11,X,1,R,1,S,1,C,1,Y,33,K,4,"L1:[sp=X,91] Y=37,S=2,R=2,X=1,C=2,K=11 || L2:[sp=X,11] X=1,R=1,S=1,C=1,Y=33,K=4",-6233131.0,-163323000.0,1,X|X,1
K,91,X,1,S,3,K,14,R,2,C,2,Y,37,K,4,C,2,Y,6,S,1,K,10,X,1,R,1,"L1:[sp=K,91] X=1,S=3,K=14,R=2,C=2,Y=37 || L2:[sp=K,4] C=2,Y=6,S=1,K=10,X=1,R=1",-55151017.0,-163323000.0,1,K|K,1
X,91,R,2,Y,37,X,1,C,2,S,3,K,11,X,11,X,1,R,1,C,1,K,4,Y,6,S,1,"L1:[sp=X,91] R=2,Y=37,X=1,C=2,S=3,K=11 || L2:[sp=X,11] X=1,R=1,C=1,K=4,Y=6,S=1",-6150421.0,-163323000.0,1,X|X,1
X,91,Y,35,S,2,R,2,X,1,C,2,K,11,X,11,X,1,R,1,K,4,C,1,Y,6,S,2,"L1:[sp=X,91] Y=35,S=2,R=2,X=1,C=2,K=11 || L2:[sp=X,11] X=1,R=1,K=4,C=1,Y=6,S=2",-inf,-inf,0,X|X,1
K,91,R,2,Y,37,X,1,C,2,S,3,K,11,X,11,X,1,R,1,C,1,K,4,Y,6,S,1,"L1:[sp=K,91] R=2,Y=37,X=1,C=2,S=3,K=11 || L2:[sp=X,11] X=1,R=1,C=1,K=4,Y=6,S=1",-inf,-inf,0,K|X,1
K,91,X,1,S,2,K,64,R,2,C,2,Y,35,C,4,C,2,Y,6,S,1,K,10,X,1,R,1,"L1:[sp=K,91] X=1,S=2,K=64,R=2,C=2,Y=35 || L2:[sp=C,4] C=2,Y=6,S=1,K=10,X=1,R=1",-inf,-inf,0,K|C,1
X,91,Y,37,S,2,R,2,X,1,C,2,K,16,X,11,X,1,R,1,K,4,C,1,Y,6,S,1,"L1:[sp=X,91] Y=37,S=2,R=2,X=1,C=2,K=16 || L2:[sp=X,11] X=1,R=1,K=4,C=1,Y=6,S=1",-inf,-inf,0,X|X,1
Y,91,K,11,S,2,X,1,C,2,Y,37,R,2,X,1,K,4,Y,33,C,1,X,1,R,1,S,1,"L1:[sp=Y,91] K=11,S=2,X=1,C=2,Y=37,R=2 || L2:[sp=X,1] K=4,Y=33,C=1,X=1,R=1,S=1",-inf,-inf,0,Y|X,1
X,91,Y,35,S,2,R,2,X,1,C,2,K,11,X,11,X,1,R,1,K,4,C,1,Y,6,S,1,"L1:[sp=X,91] Y=35,S=2,R=2,X=1,C=2,K=11 || L2:[sp=X,11] X=1,R=1,K=4,C=1,Y=6,S=1",-inf,-inf,0,X|X,1
X,91,R,2,Y,37,X,1,C,1,S,2,K,11,K,11,R,1,X,1,C,1,K,4,Y,6,S,1,"L1:[sp=X,91] R=2,Y=37,X=1,C=1,S=2,K=11 || L2:[sp=K,11] R=1,X=1,C=1,K=4,Y=6,S=1",-inf,-inf,0,X|K,1
Y,91,K,11,S,3,X,1,C,2,Y,37,R,2,X,1,K,8,Y,33,S,1,X,1,R,1,C,1,"L1:[sp=Y,91] K=11,S=3,X=1,C=2,Y=37,R=2 || L2:[sp=X,1] K=8,Y=33,S=1,X=1,R=1,C=1",-inf,-inf,0,Y|X,1
K,91,C,2,Y,37,X,1,R,2,S,3,K,11,Y,37,X,1,R,1,C,1,K,4,Y,6,S,2,"L1:[sp=K,91] C=2,Y=37,X=1,R=2,S=3,K=11 || L2:[sp=Y,37] X=1,R=1,C=1,K=4,Y=6,S=2",-11089345.0,-163323000.0,1,K|Y,1
X,91,Y,35,S,2,R,3,X,1,C,2,K,11,K,1,X,1,R,1,K,4,C,1,Y,6,S,1,"L1:[sp=X,91] Y=35,S=2,R=3,X=1,C=2,K=11 || L2:[sp=K,1] X=1,R=1,K=4,C=1,Y=6,S=1",-inf,-inf,0,X|K,1
K,91,X,1,S,2,K,64,R,3,C,2,Y,155,C,4,C,2,Y,6,S,1,K,10,X,1,R,1,"L1:[sp=K,91] X=1,S=2,K=64,R=3,C=2,Y=155 || L2:[sp=C,4] C=2,Y=6,S=1,K=10,X=1,R=1",-inf,-inf,0,K|C,1
K,91,R,1,Y,37,X,1,C,2,S,3,K,11,X,11,X,1,R,1,C,1,K,4,Y,6,S,1,"L1:[sp=K,91] R=1,Y=37,X=1,C=2,S=3,K=11 || L2:[sp=X,11] X=1,R=1,C=1,K=4,Y=6,S=1",-inf,-inf,0,K|X,1
X,91,K,11,S,2,X,1,C,2,Y,35,R,2,Y,1,K,8,Y,6,C,1,X,1,R,1,S,1,"L1:[sp=X,91] K=11,S=2,X=1,C=2,Y=35,R=2 || L2:[sp=Y,1] K=8,Y=6,C=1,X=1,R=1,S=1",-inf,-inf,0,X|Y,1
X,91,Y,37,S,3,R,3,X,1,C,2,K,11,X,11,X,1,R,1,K,4,C,1,Y,33,S,1,"L1:[sp=X,91] Y=37,S=3,R=3,X=1,C=2,K=11 || L2:[sp=X,11] X=1,R=1,K=4,C=1,Y=33,S=1",-inf,-inf,0,X|X,1
X,91,Y,35,S,3,R,2,X,1,C,2,K,11,K,1,X,1,R,1,Y,6,C,1,K,4,S,1,"L1:[sp=X,91] Y=35,S=3,R=2,X=1,C=2,K=11 || L2:[sp=K,1] X=1,R=1,Y=6,C=1,K=4,S=1",-inf,-inf,0,X|K,1
K,91,R,2,Y,181,X,137,C,2,S,3,K,11,X,11,X,1,R,1,C,1,K,4,Y,6,S,1,"L1:[sp=K,91] R=2,Y=181,X=137,C=2,S=3,K=11 || L2:[sp=X,11] X=1,R=1,C=1,K=4,Y=6,S=1",-inf,-inf,0,K|X,1
X,91,R,2,Y,37,X,1,C,2,S,3,K,11,X,11,X,1,R,1,C,1,K,4,Y,6,S,1,"L1:[sp=X,91] R=2,Y=37,X=1,C=2,S=3,K=11 || L2:[sp=X,11] X=1,R=1,C=1,K=4,Y=6,S=1",-inf,-inf,0,X|X,1
K,91,X,1,S,2,K,14,R,2,C,2,Y,15,K,4,C,2,Y,6,S,1,K,10,X,1,R,1,"L1:[sp=K,91] X=1,S=2,K=14,R=2,C=2,Y=15 || L2:[sp=K,4] C=2,Y=6,S=1,K=10,X=1,R=1",-inf,-inf,0,K|K,1
X,91,Y,37,S,3,R,2,X,1,C,2,K,11,X,11,R,1,X,1,S,1,C,1,Y,33,K,4,"L1:[sp=X,91] Y=37,S=3,R=2,X=1,C=2,K=11 || L2:[sp=X,11] R=1,X=1,S=1,C=1,Y=33,K=4",-inf,-inf,0,X|X,1
K,91,X,1,S,2,K,14,R,2,C,2,Y,37,K,4,C,2,Y,32,S,1,K,10,X,1,R,1,"L1:[sp=K,91] X=1,S=2,K=14,R=2,C=2,Y=37 || L2:[sp=K,4] C=2,Y=32,S=1,K=10,X=1,R=1",-inf,-inf,0,K|K,1
X,91,R,2,Y,37,X,1,C,2,S,3,K,11,X,11,R,1,X,1,C,1,S,1,Y,6,K,4,"L1:[sp=X,91] R=2,Y=37,X=1,C=2,S=3,K=11 || L2:[sp=X,11] R=1,X=1,C=1,S=1,Y=6,K=4",-inf,-inf,0,X|X,1
K,91,K,11,S,2,X,1,C,2,Y,35,R,2,X,1,X,1,Y,4,S,1,K,4,R,2,C,1,"L1:[sp=K,91] K=11,S=2,X=1,C=2,Y=35,R=2 || L2:[sp=X,1] X=1,Y=4,S=1,K=4,R=2,C=1",-inf,-inf,0,K|X,1
C,91,Y,35,S,2,R,2,X,1,C,2,K,11,X,11,X,1,R,1,K,9,C,1,Y,6,S,1,"L1:[sp=C,91] Y=35,S=2,R=2,X=1,C=2,K=11 || L2:[sp=X,11] X=1,R=1,K=9,C=1,Y=6,S=1",-60151129.0,-163323000.0,1,C|X,1
K,91,C,2,Y,37,X,1,R,2,S,2,K,11,Y,37,X,1,R,1,C,1,K,4,Y,6,S,1,"L1:[sp=K,91] C=2,Y=37,X=1,R=2,S=2,K=11 || L2:[sp=Y,37] X=1,R=1,C=1,K=4,Y=6,S=1",-11151785.0,-163323000.0,1,K|Y,1
K,91,X,1,S,3,K,14,R,2,C,2,Y,37,X,1,C,2,Y,6,S,2,K,10,X,1,R,1,"L1:[sp=K,91] X=1,S=3,K=14,R=2,C=2,Y=37 || L2:[sp=X,1] C=2,Y=6,S=2,K=10,X=1,R=1",-inf,-inf,0,K|X,1
X,91,Y,37,S,2,R,2,X,83,C,2,K,11,X,11,X,1,R,1,S,1,C,1,Y,33,K,4,"L1:[sp=X,91] Y=37,S=2,R=2,X=83,C=2,K=11 || L2:[sp=X,11] X=1,R=1,S=1,C=1,Y=33,K=4",-inf,-inf,0,X|X,1
X,91,Y,35,S,2,R,2,X,1,C,2,K,11,X,11,X,1,R,1,K,4,C,1,Y,6,S,1,"L1:[sp=X,91] Y=35,S=2,R=2,X=1,C=2,K=11 || L2:[sp=X,11] X=1,R=1,K=4,C=1,Y=6,S=1",-inf,-inf,0,X|X,1
X,91,Y,37,C,2,R,2,X,1,S,2,K,11,X,11,X,1,R,1,S,1,C,1,Y,31,K,4,"L1:[sp=X,91] Y=37,C=2,R=2,X=1,S=2,K=11 || L2:[sp=X,11] X=1,R=1,S=1,C=1,Y=31,K=4",-6286591.0,-163323000.0,1,X|X,1
X,91,R,2,Y,126,X,1,C,2,S,3,K,22,X,11,X,1,R,1,K,4,C,1,Y,6,S,1,"L1:[sp=X,91] R=2,Y=126,X=1,C=2,S=3,K=22 || L2:[sp=X,11] X=1,R=1,K=4,C=1,Y=6,S=1",-inf,-inf,0,X|X,1
K,91,C,2,Y,37,X,1,R,2,S,3,K,11,Y,37,X,1,R,1,C,1,K,4,Y,6,S,1,"L1:[sp=K,91] C=2,Y=37,X=1,R=2,S=3,K=11 || L2:[sp=Y,37] X=1,R=1,C=1,K=4,Y=6,S=1",-inf,-inf,0,K|Y,1
K,91,X,1,S,3,C,1,R,2,K,14,Y,37,K,2,C,1,Y,6,S,2,K,10,X,1,R,1,"L1:[sp=K,91] X=1,S=3,C=1,R=2,K=14,Y=37 || L2:[sp=K,2] C=1,Y=6,S=2,K=10,X=1,R=1",-27581725.0,-163323000.0,1,K|K,1
K,91,K,11,S,2,X,1,C,2,Y,35,R,2,X,1,K,7,X,1,S,1,Y,6,R,1,C,1,"L1:[sp=K,91] K=11,S=2,X=1,C=2,Y=35,R=2 || L2:[sp=X,1] K=7,X=1,S=1,Y=6,R=1,C=1",-31008597.0,-163323000.0,1,K|X,1
X,91,Y,35,S,3,R,2,X,1,C,2,K,11,X,11,X,1,R,1,K,4,Y,6,C,1,S,1,"L1:[sp=X,91] Y=35,S=3,R=2,X=1,C=2,K=11 || L2:[sp=X,11] X=1,R=1,K=4,Y=6,C=1,S=1",-6257341.0,-163323000.0,1,X|X,1
C,91,Y,35,S,2,R,2,X,101,C,2,K,11,X,2,X,1,R,1,K,4,C,1,Y,6,S,1,"L1:[sp=C,91] Y=35,S=2,R=2,X=101,C=2,K=11 || L2:[sp=X,2] X=1,R=1,K=4,C=1,Y=6,S=1",-31413601.0,-163324000.0,1,C|X,1
X,91,K,11,S,2,X,107,C,2,Y,35,R,2,K,1,K,4,Y,6,S,2,X,1,R,1,C,1,"L1:[sp=X,91] K=11,S=2,X=107,C=2,Y=35,R=2 || L2:[sp=K,1] K=4,Y=6,S=2,X=1,R=1,C=1",-inf,-inf,0,X|K,1
K,91,K,11,S,3,X,1,C,2,Y,180,R,2,X,1,K,4,Y,6,S,2,X,1,R,1,C,1,"L1:[sp=K,91] K=11,S=3,X=1,C=2,Y=180,R=2 || L2:[sp=X,1] K=4,Y=6,S=2,X=1,R=1,C=1",-inf,-inf,0,K|X,1
K,91,C,2,Y,37,X,1,R,2,S,2,K,11,K,1,X,1,R,1,C,1,K,4,Y,6,S,1,"L1:[sp=K,91] C=2,Y=37,X=1,R=2,S=2,K=11 || L2:[sp=K,1] X=1,R=1,C=1,K=4,Y=6,S=1",-inf,-inf,0,K|K,1
X,91,Y,35,S,3,R,2,X,1,C,2,K,11,X,11,X,1,R,1,K,4,Y,6,C,1,S,1,"L1:[sp=X,91] Y=35,S=3,R=2,X=1,C=2,K=11 || L2:[sp=X,11] X=1,R=1,K=4,Y=6,C=1,S=1",-inf,-inf,0,X|X,1
X,91,Y,37,S,2,R,2,X,12,C,2,K,11,C,2,X,1,R,1,K,4,C,2,Y,6,S,1,"L1:[sp=X,91] Y=37,S=2,R=2,X=12,C=2,K=11 || L2:[sp=C,2] X=1,R=1,K=4,C=2,Y=6,S=1",-inf,-inf,0,X|C,1
K,91,C,2,Y,35,X,101,R,2,S,2,K,11,Y,37,X,1,R,1,C,1,K,4,Y,6,S,1,"L1:[sp=K,91] C=2,Y=35,X=101,R=2,S=2,K=11 || L2:[sp=Y,37] X=1,R=1,C=1,K=4,Y=6,S=1",-inf,-inf,0,K|Y,1
K,91,X,1,S,2,C,1,R,2,K,14,Y,35,K,2,C,1,Y,6,S,1,K,12,X,1,R,1,"L1:[sp=K,91] X=1,S=2,C=1,R=2,K=14,Y=35 || L2:[sp=K,2] C=1,Y=6,S=1,K=12,X=1,R=1",-inf,-inf,0,K|K,1
C,91,S,3,Y,37,R,2,X,1,C,2,K,11,X,11,X,1,R,1,K,9,C,1,Y,6,S,2,"L1:[sp=C,91] S=3,Y=37,R=2,X=1,C=2,K=11 || L2:[sp=X,11] X=1,R=1,K=9,C=1,Y=6,S=2",-58839769.0,-163323000.0,1,C|X,1
K,91,X,1,S,2,C,2,R,2,K,14,Y,35,K,2,K,10,Y,6,S,1,C,1,X,1,R,1,"L1:[sp=K,91] X=1,S=2,C=2,R=2,K=14,Y=35 || L2:[sp=K,2] K=10,Y=6,S=1,C=1,X=1,R=1",-inf,-inf,0,K|K,1
K,91,K,11,S,3,X,1,C,1,Y,37,R,2,X,1,K,7,X,1,S,2,Y,6,R,1,C,1,"L1:[sp=K,91] K=11,S=3,X=1,C=1,Y=37,R=2 || L2:[sp=X,1] K=7,X=1,S=2,Y=6,R=1,C=1",-inf,-inf,0,K|X,1
K,91,X,1,S,3,C,1,R,2,K,14,Y,37,K,2,K,10,Y,6,S,2,R,1,X,1,C,1,"L1:[sp=K,91] X=1,S=3,C=1,R=2,K=14,Y=37 || L2:[sp=K,2] K=10,Y=6,S=2,R=1,X=1,C=1",-inf,-inf,0,K|K,1
X,91,Y,37,C,2,R,2,X,1,S,2,K,11,X,11,X,1,R,1,S,1,C,1,Y,13,K,4,"L1:[sp=X,91] Y=37,C=2,R=2,X=1,S=2,K=11 || L2:[sp=X,11] X=1,R=1,S=1,C=1,Y=13,K=4",-inf,-inf,0,X|X,1
X,91,Y,35,S,2,R,2,X,1,C,2,K,11,X,11,C,1,K,3,R,1,Y,6,X,1,S,1,"L1:[sp=X,91] Y=35,S=2,R=2,X=1,C=2,K=11 || L2:[sp=X,11] C=1,K=3,R=1,Y=6,X=1,S=1",-inf,-inf,0,X|X,1
K,91,K,11,S,2,X,1,C,2,Y,35,R,2,X,1,K,7,X,1,S,1,Y,6,R,1,C,1,"L1:[sp=K,91] K=11,S=2,X=1,C=2,Y=35,R=2 || L2:[sp=X,1] K=7,X=1,S=1,Y=6,R=1,C=1",-inf,-inf,0,K|X,1
C,91,S,3,Y,35,X,1,R,2,C,2,K,11,X,11,X,1,R,1,K,9,C,1,Y,20,S,1,"L1:[sp=C,91] S=3,Y=35,X=1,R=2,C=2,K=11 || L2:[sp=X,11] X=1,R=1,K=9,C=1,Y=20,S=1",-59351257.0,-163323000.0,1,C|X,1
X,91,Y,215,S,2,R,2,X,1,C,2,K,11,C,11,X,1,R,1,K,4,Y,6,C,1,S,1,"L1:[sp=X,91] Y=215,S=2,R=2,X=1,C=2,K=11 || L2:[sp=C,11] X=1,R=1,K=4,Y=6,C=1,S=1",-inf,-inf,0,X|C,1
C,91,Y,35,S,2,R,2,X,1,C,2,K,53,X,11,X,1,R,1,K,9,C,2,Y,6,S,1,"L1:[sp=C,91] Y=35,S=2,R=2,X=1,C=2,K=53 || L2:[sp=X,11] X=1,R=1,K=9,C=2,Y=6,S=1",-inf,-inf,0,C|X,1
X,91,Y,35,S,3,C,2,X,1,R,2,K,59,X,11,X,1,R,1,K,4,Y,5,C,1,S,1,"L1:[sp=X,91] Y=35,S=3,C=2,X=1,R=2,K=59 || L2:[sp=X,11] X=1,R=1,K=4,Y=5,C=1,S=1",-6068551.0,-163323000.0,1,X|X,1
X,91,Y,37,S,3,R,1,X,1,C,1,K,11,X,11,X,1,R,1,K,4,Y,4,C,1,S,1,"L1:[sp=X,91] Y=37,S=3,R=1,X=1,C=1,K=11 || L2:[sp=X,11] X=1,R=1,K=4,Y=4,C=1,S=1",-inf,-inf,0,X|X,1
Y,91,X,1,S,3,C,2,R,2,K,14,Y,35,K,2,C,1,Y,6,S,1,K,10,X,1,R,1,"L1:[sp=Y,91] X=1,S=3,C=2,R=2,K=14,Y=35 || L2:[sp=K,2] C=1,Y=6,S=1,K=10,X=1,R=1",-32372041.0,-163323000.0,1,Y|K,1
X,91,Y,37,C,2,R,2,X,1,S,2,K,11,K,11,X,1,R,1,S,1,C,1,Y,31,K,4,"L1:[sp=X,91] Y=37,C=2,R=2,X=1,S=2,K=11 || L2:[sp=K,11] X=1,R=1,S=1,C=1,Y=31,K=4",-4573441.0,-163323000.0,1,X|K,1
X,91,Y,35,S,3,R,2,X,1,C,2,K,11,X,11,X,1,R,1,K,4,Y,6,C,1,S,1,"L1:[sp=X,91] Y=35,S=3,R=2,X=1,C=2,K=11 || L2:[sp=X,11] X=1,R=1,K=4,Y=6,C=1,S=1",-inf,-inf,0,X|X,1
C,91,Y,192,S,3,R,2,X,101,C,2,K,11,X,2,X,1,R,1,K,7,C,1,Y,6,S,1,"L1:[sp=C,91] Y=192,S=3,R=2,X=101,C=2,K=11 || L2:[sp=X,2] X=1,R=1,K=7,C=1,Y=6,S=1",-inf,-inf,0,C|X,1
X,91,Y,35,S,2,R,2,X,1,C,2,K,61,X,11,X,1,R,1,K,4,Y,6,C,1,S,2,"L1:[sp=X,91] Y=35,S=2,R=2,X=1,C=2,K=61 || L2:[sp=X,11] X=1,R=1,K=4,Y=6,C=1,S=2",-inf,-inf,0,X|X,1
X,91,Y,37,C,2,R,2,X,1,S,2,K,11,K,11,X,1,R,1,S,1,C,1,Y,31,K,4,"L1:[sp=X,91] Y=37,C=2,R=2,X=1,S=2,K=11 || L2:[sp=K,11] X=1,R=1,S=1,C=1,Y=31,K=4",-inf,-inf,0,X|K,1
C,91,S,2,Y,37,R,2,X,1,C,3,K,11,X,11,X,1,R,1,K,10,C,1,Y,6,S,1,"L1:[sp=C,91] S=2,Y=37,R=2,X=1,C=3,K=11 || L2:[sp=X,11] X=1,R=1,K=10,C=1,Y=6,S=1",-77587945.0,-163323000.0,1,C|X,1
C,91,Y,35,S,2,C,2,X,1,R,2,K,59,X,11,X,1,R,1,K,4,Y,5,C,1,S,2,"L1:[sp=C,91] Y=35,S=2,C=2,X=1,R=2,K=59 || L2:[sp=X,11] X=1,R=1,K=4,Y=5,C=1,S=2",-80196153.0,-163323000.0,1,C|X,1
C,91,S,2,Y,37,K,11,X,1,C,2,R,2,X,11,X,1,R,1,K,9,C,1,Y,8,S,2,"L1:[sp=C,91] S=2,Y=37,K=11,X=1,C=2,R=2 || L2:[sp=X,11] X=1,R=1,K=9,C=1,Y=8,S=2",-80189017.0,-163323000.0,1,C|X,1
K,91,R,2,C,2,Y,37,X,1,S,3,K,11,K,11,X,1,R,1,S,2,C,1,Y,6,K,4,"L1:[sp=K,91] R=2,C=2,Y=37,X=1,S=3,K=11 || L2:[sp=K,11] X=1,R=1,S=2,C=1,Y=6,K=4",-inf,-inf,0,K|K,1
X,91,Y,37,C,2,R,2,X,1,S,3,K,11,K,11,X,1,R,1,S,2,C,1,Y,31,K,4,"L1:[sp=X,91] Y=37,C=2,R=2,X=1,S=3,K=11 || L2:[sp=K,11] X=1,R=1,S=2,C=1,Y=31,K=4",-inf,-inf,0,X|K,1
X,91,S,2,Y,37,R,2,X,1,C,2,K,11,C,11,X,1,R,1,K,9,C,1,Y,6,S,1,"L1:[sp=X,91] S=2,Y=37,R=2,X=1,C=2,K=11 || L2:[sp=C,11] X=1,R=1,K=9,C=1,Y=6,S=1",-7953841.0,-163323000.0,1,X|C,1
X,91,S,3,Y,35,R,2,X,1,C,2,K,11,C,11,X,1,R,1,K,9,C,1,Y,20,S,2,"L1:[sp=X,91] S=3,Y=35,R=2,X=1,C=2,K=11 || L2:[sp=C,11] X=1,R=1,K=9,C=1,Y=20,S=2",-inf,-inf,0,X|C,1
C,91,S,3,Y,209,X,1,R,2,C,2,K,11,X,11,Y,6,R,1,K,9,C,1,S,2,X,1,"L1:[sp=C,91] S=3,Y=209,X=1,R=2,C=2,K=11 || L2:[sp=X,11] Y=6,R=1,K=9,C=1,S=2,X=1",-inf,-inf,0,C|X,1
X,91,Y,37,C,2,R,2,X,1,S,2,K,11,K,11,X,1,R,1,S,1,C,1,Y,31,K,4,"L1:[sp=X,91] Y=37,C=2,R=2,X=1,S=2,K=11 || L2:[sp=K,11] X=1,R=1,S=1,C=1,Y=31,K=4",-inf,-inf,0,X|K,1
Y,91,X,1,S,3,C,2,R,2,K,14,Y,35,C,1,C,1,Y,6,S,1,K,10,X,1,R,1,"L1:[sp=Y,91] X=1,S=3,C=2,R=2,K=14,Y=35 || L2:[sp=C,1] C=1,Y=6,S=1,K=10,X=1,R=1",-inf,-inf,0,Y|C,1
X,91,Y,35,S,3,C,3,X,1,R,2,K,59,X,11,X,1,R,1,K,4,Y,6,C,1,S,1,"L1:[sp=X,91] Y=35,S=3,C=3,X=1,R=2,K=59 || L2:[sp=X,11] X=1,R=1,K=4,Y=6,C=1,S=1",-6255241.0,-163323000.0,1,X|X,1
Y,91,X,1,S,3,C,2,R,2,K,14,Y,35,K,2,C,1,Y,5,S,1,K,10,X,1,R,1,"L1:[sp=Y,91] X=1,S=3,C=2,R=2,K=14,Y=35 || L2:[sp=K,2] C=1,Y=5,S=1,K=10,X=1,R=1",-32372041.0,-163323000.0,1,Y|K,1
C,91,S,3,Y,35,X,1,R,2,C,2,K,11,X,11,X,1,R,1,K,9,C,1,Y,6,S,1,"L1:[sp=C,91] S=3,Y=35,X=1,R=2,C=2,K=11 || L2:[sp=X,11] X=1,R=1,K=9,C=1,Y=6,S=1",-inf,-inf,0,C|X,1
Y,91,X,1,S,3,C,2,R,2,K,63,Y,35,K,2,C,1,Y,20,S,1,K,10,X,1,R,2,"L1:[sp=Y,91] X=1,S=3,C=2,R=2,K=63,Y=35 || L2:[sp=K,2] C=1,Y=20,S=1,K=10,X=1,R=2",-inf,-inf,0,Y|K,1
X,91,Y,37,C,2,R,2,X,26,S,2,K,11,K,11,X,1,R,1,S,1,C,1,Y,31,K,4,"L1:[sp=X,91] Y=37,C=2,R=2,X=26,S=2,K=11 || L2:[sp=K,11] X=1,R=1,S=1,C=1,Y=31,K=4",-inf,-inf,0,X|K,1
Y,91,X,1,S,3,C,2,R,2,K,14,Y,35,K,2,C,1,Y,6,S,1,K,10,X,1,R,2,"L1:[sp=Y,91] X=1,S=3,C=2,R=2,K=14,Y=35 || L2:[sp=K,2] C=1,Y=6,S=1,K=10,X=1,R=2",-inf,-inf,0,Y|K,1
Y,91,X,1,S,3,C,2,R,2,K,14,Y,37,K,2,C,1,Y,6,S,2,K,10,X,1,R,1,"L1:[sp=Y,91] X=1,S=3,C=2,R=2,K=14,Y=37 || L2:[sp=K,2] C=1,Y=6,S=2,K=10,X=1,R=1",-inf,-inf,0,Y|K,1
C,91,S,3,Y,35,R,2,X,1,C,2,K,11,X,11,X,1,R,1,K,9,C,2,Y,6,S,3,"L1:[sp=C,91] S=3,Y=35,R=2,X=1,C=2,K=11 || L2:[sp=X,11] X=1,R=1,K=9,C=2,Y=6,S=3",-inf,-inf,0,C|X,1
Y,91,X,1,S,2,C,2,R,2,K,14,Y,35,K,2,C,1,Y,6,S,1,K,10,X,1,R,1,"L1:[sp=Y,91] X=1,S=2,C=2,R=2,K=14,Y=35 || L2:[sp=K,2] C=1,Y=6,S=1,K=10,X=1,R=1",-21684521.0,-163323000.0,1,Y|K,1
X,91,Y,35,S,3,C,2,X,1,R,2,K,59,X,11,X,1,R,1,K,33,Y,5,C,1,S,1,"L1:[sp=X,91] Y=35,S=3,C=2,X=1,R=2,K=59 || L2:[sp=X,11] X=1,R=1,K=33,Y=5,C=1,S=1",-inf,-inf,0,X|X,1
X,91,Y,35,S,3,C,3,X,1,R,2,K,59,X,11,X,1,R,1,K,4,Y,6,C,1,S,1,"L1:[sp=X,91] Y=35,S=3,C=3,X=1,R=2,K=59 || L2:[sp=X,11] X=1,R=1,K=4,Y=6,C=1,S=1",-inf,-inf,0,X|X,1
Y,91,X,1,S,2,C,3,R,2,K,14,Y,35,K,2,C,1,Y,11,S,1,K,10,X,1,R,1,"L1:[sp=Y,91] X=1,S=2,C=3,R=2,K=14,Y=35 || L2:[sp=K,2] C=1,Y=11,S=1,K=10,X=1,R=1",-inf,-inf,0,Y|K,1
K,91,X,1,S,2,C,2,R,2,K,14,Y,179,Y,2,C,1,Y,5,S,1,K,10,X,1,R,1,"L1:[sp=K,91] X=1,S=2,C=2,R=2,K=14,Y=179 || L2:[sp=Y,2] C=1,Y=5,S=1,K=10,X=1,R=1",-inf,-inf,0,K|Y,1
C,91,S,2,Y,37,K,27,X,1,C,2,R,2,Y,37,X,1,R,1,K,9,C,1,Y,8,S,2,"L1:[sp=C,91] S=2,Y=37,K=27,X=1,C=2,R=2 || L2:[sp=Y,37] X=1,R=1,K=9,C=1,Y=8,S=2",-21597997.0,-163323000.0,1,C|Y,1
C,91,Y,35,S,2,C,3,X,1,R,2,K,59,X,11,Y,5,R,1,K,4,X,1,C,1,S,1,"L1:[sp=C,91] Y=35,S=2,C=3,X=1,R=2,K=59 || L2:[sp=X,11] Y=5,R=1,K=4,X=1,C=1,S=1",-inf,-inf,0,C|X,1
C,91,X,1,Y,37,R,2,S,3,C,3,K,13,X,11,X,1,R,1,K,10,C,1,Y,6,S,1,"L1:[sp=C,91] X=1,Y=37,R=2,S=3,C=3,K=13 || L2:[sp=X,11] X=1,R=1,K=10,C=1,Y=6,S=1",-89625841.0,-163323000.0,1,C|X,1
Y,91,X,1,S,2,C,2,R,2,K,14,Y,139,K,2,C,1,Y,5,S,1,K,10,X,1,R,1,"L1:[sp=Y,91] X=1,S=2,C=2,R=2,K=14,Y=139 || L2:[sp=K,2] C=1,Y=5,S=1,K=10,X=1,R=1",-inf,-inf,0,Y|K,1
C,91,S,2,Y,37,R,2,X,1,K,11,C,3,X,11,X,1,R,1,K,10,C,3,Y,6,S,1,"L1:[sp=C,91] S=2,Y=37,R=2,X=1,K=11,C=3 || L2:[sp=X,11] X=1,R=1,K=10,C=3,Y=6,S=1",-77587945.0,-163323000.0,1,C|X,1
K,91,S,2,Y,37,R,2,X,1,C,2,K,11,C,11,X,1,R,1,K,9,C,1,Y,6,S,1,"L1:[sp=K,91] S=2,Y=37,R=2,X=1,C=2,K=11 || L2:[sp=C,11] X=1,R=1,K=9,C=1,Y=6,S=1",-20323329.0,-163323000.0,1,K|C,1
X,91,S,3,Y,37,R,2,X,1,C,2,K,11,C,11,X,1,R,1,K,9,C,1,Y,6,S,1,"L1:[sp=X,91] S=3,Y=37,R=2,X=1,C=2,K=11 || L2:[sp=C,11] X=1,R=1,K=9,C=1,Y=6,S=1",-inf,-inf,0,X|C,1
X,91,Y,27,S,2,C,3,X,1,R,2,K,59,X,11,X,1,R,1,K,4,Y,6,C,1,S,1,"L1:[sp=X,91] Y=27,S=2,C=3,X=1,R=2,K=59 || L2:[sp=X,11] X=1,R=1,K=4,Y=6,C=1,S=1",-inf,-inf,0,X|X,1
Y,91,X,1,S,3,C,2,R,2,K,14,Y,35,K,2,C,1,Y,5,S,1,K,10,R,1,X,1,"L1:[sp=Y,91] X=1,S=3,C=2,R=2,K=14,Y=35 || L2:[sp=K,2] C=1,Y=5,S=1,K=10,R=1,X=1",-inf,-inf,0,Y|K,1
C,91,S,2,Y,37,K,11,X,1,C,2,R,2,X,11,X,1,R,1,K,6,C,1,Y,8,S,2,"L1:[sp=C,91] S=2,Y=37,K=11,X=1,C=2,R=2 || L2:[sp=X,11] X=1,R=1,K=6,C=1,Y=8,S=2",-inf,-inf,0,C|X,1
X,91,Y,35,S,3,C,2,X,1,K,59,R,2,X,11,X,1,R,1,K,35,Y,23,C,1,S,1,"L1:[sp=X,91] Y=35,S=3,C=2,X=1,K=59,R=2 || L2:[sp=X,11] X=1,R=1,K=35,Y=23,C=1,S=1",-inf,-inf,0,X|X,1
Y,91,X,1,S,3,C,3,R,2,K,14,Y,35,K,2,C,1,Y,6,S,1,K,10,X,1,R,1,"L1:[sp=Y,91] X=1,S=3,C=3,R=2,K=14,Y=35 || L2:[sp=K,2] C=1,Y=6,S=1,K=10,X=1,R=1",-inf,-inf,0,Y|K,1
Y,91,X,1,S,2,C,2,R,2,K,14,Y,35,K,2,C,1,Y,5,S,1,K,10,X,1,R,1,"L1:[sp=Y,91] X=1,S=2,C=2,R=2,K=14,Y=35 || L2:[sp=K,2] C=1,Y=5,S=1,K=10,X=1,R=1",-inf,-inf,0,Y|K,1
X,91,S,3,Y,37,R,2,X,1,C,2,K,11,C,11,X,1,R,1,K,9,C,1,Y,16,S,1,"L1:[sp=X,91] S=3,Y=37,R=2,X=1,C=2,K=11 || L2:[sp=C,11] X=1,R=1,K=9,C=1,Y=16,S=1",-inf,-inf,0,X|C,1
Y,91,X,1,S,3,C,2,R,2,K,14,Y,35,K,2,C,2,Y,5,S,1,K,10,X,1,R,1,"L1:[sp=Y,91] X=1,S=3,C=2,R=2,K=14,Y=35 || L2:[sp=K,2] C=2,Y=5,S=1,K=10,X=1,R=1",-inf,-inf,0,Y|K,1
X,91,S,2,Y,37,X,1,R,2,C,2,K,11,C,11,Y,6,R,1,K,9,C,1,X,1,S,1,"L1:[sp=X,91] S=2,Y=37,X=1,R=2,C=2,K=11 || L2:[sp=C,11] Y=6,R=1,K=9,C=1,X=1,S=1",-7953841.0,-163323000.0,1,X|C,1
C,91,S,2,Y,35,K,11,X,1,C,2,R,2,K,11,X,1,R,1,K,9,C,1,Y,5,S,2,"L1:[sp=C,91] S=2,Y=35,K=11,X=1,C=2,R=2 || L2:[sp=K,11] X=1,R=1,K=9,C=1,Y=5,S=2",-inf,-inf,0,C|K,1
C,91,Y,37,S,2,C,2,X,1,R,2,K,59,X,11,X,1,R,1,C,1,Y,8,K,4,S,2,"L1:[sp=C,91] Y=37,S=2,C=2,X=1,R=2,K=59 || L2:[sp=X,11] X=1,R=1,C=1,Y=8,K=4,S=2",-82668777.0,-163323000.0,1,C|X,1
X,91,S,2,Y,37,X,1,R,2,C,2,K,11,C,11,Y,6,R,1,K,9,C,1,X,1,S,1,"L1:[sp=X,91] S=2,Y=37,X=1,R=2,C=2,K=11 || L2:[sp=C,11] Y=6,R=1,K=9,C=1,X=1,S=1",-inf,-inf,0,X|C,1
C,91,Y,166,S,3,C,2,X,1,R,2,K,59,X,11,X,1,R,1,C,1,Y,8,K,4,S,1,"L1:[sp=C,91] Y=166,S=3,C=2,X=1,R=2,K=59 || L2:[sp=X,11] X=1,R=1,C=1,Y=8,K=4,S=1",-inf,-inf,0,C|X,1
C,91,X,1,Y,37,K,13,S,2,C,3,R,2,X,1,X,1,R,1,K,10,C,1,Y,6,S,2,"L1:[sp=C,91] X=1,Y=37,K=13,S=2,C=3,R=2 || L2:[sp=X,1] X=1,R=1,K=10,C=1,Y=6,S=2",-120049821.0,-163323000.0,1,C|X,1
C,91,X,1,Y,37,R,2,S,2,C,3,K,13,X,11,X,1,R,1,K,10,C,1,Y,6,S,1,"L1:[sp=C,91] X=1,Y=37,R=2,S=2,C=3,K=13 || L2:[sp=X,11] X=1,R=1,K=10,C=1,Y=6,S=1",-inf,-inf,0,C|X,1
K,91,S,3,Y,37,R,2,X,1,C,1,K,11,C,11,X,1,R,1,K,9,C,1,Y,6,S,2,"L1:[sp=K,91] S=3,Y=37,R=2,X=1,C=1,K=11 || L2:[sp=C,11] X=1,R=1,K=9,C=1,Y=6,S=2",-inf,-inf,0,K|C,1
C,91,Y,37,S,2,C,2,X,1,R,2,K,59,X,1,X,1,R,1,C,1,Y,8,K,4,S,2,"L1:[sp=C,91] Y=37,S=2,C=2,X=1,R=2,K=59 || L2:[sp=X,1] X=1,R=1,C=1,Y=8,K=4,S=2",-inf,-inf,0,C|X,1
C,91,S,3,Y,37,R,3,X,1,K,11,C,3,X,1,X,1,R,1,K,10,C,3,Y,6,S,1,"L1:[sp=C,91] S=3,Y=37,R=3,X=1,K=11,C=3 || L2:[sp=X,1] X=1,R=1,K=10,C=3,Y=6,S=1",-inf,-inf,0,C|X,1
X,91,S,2,Y,37,X,82,R,2,C,2,K,11,C,11,Y,6,R,1,K,9,C,1,X,1,S,2,"L1:[sp=X,91] S=2,Y=37,X=82,R=2,C=2,K=11 || L2:[sp=C,11] Y=6,R=1,K=9,C=1,X=1,S=2",-inf,-inf,0,X|C,1
C,91,Y,37,S,2,K,59,X,1,R,2,C,2,K,59,X,1,R,1,C,2,Y,8,K,4,S,1,"L1:[sp=C,91] Y=37,S=2,K=59,X=1,R=2,C=2 || L2:[sp=K,59] X=1,R=1,C=2,Y=8,K=4,S=1",-15040905.0,-163323000.0,1,C|K,1
C,91,S,2,Y,37,R,2,X,1,K,32,C,3,X,11,X,1,R,1,K,10,C,3,Y,35,S,1,"L1:[sp=C,91] S=2,Y=37,R=2,X=1,K=32,C=3 || L2:[sp=X,11] X=1,R=1,K=10,C=3,Y=35,S=1",-inf,-inf,0,C|X,1
C,91,Y,37,S,2,C,2,X,1,R,2,K,59,X,11,X,1,R,1,C,1,Y,8,K,4,S,2,"L1:[sp=C,91] Y=37,S=2,C=2,X=1,R=2,K=59 || L2:[sp=X,11] X=1,R=1,C=1,Y=8,K=4,S=2",-inf,-inf,0,C|X,1
K,91,S,2,Y,37,R,2,X,78,C,2,K,11,C,11,X,1,R,1,K,9,C,2,Y,6,S,1,"L1:[sp=K,91] S=2,Y=37,R=2,X=78,C=2,K=11 || L2:[sp=C,11] X=1,R=1,K=9,C=2,Y=6,S=1",-inf,-inf,0,K|C,1
C,91,X,1,Y,37,R,2,S,3,C,3,K,13,X,11,X,1,R,1,K,10,C,3,Y,6,S,1,"L1:[sp=C,91] X=1,Y=37,R=2,S=3,C=3,K=13 || L2:[sp=X,11] X=1,R=1,K=10,C=3,Y=6,S=1",-inf,-inf,0,C|X,1
C,91,Y,22,S,2,R,2,X,1,K,19,C,3,X,11,X,1,R,1,K,10,C,3,Y,6,S,1,"L1:[sp=C,91] Y=22,S=2,R=2,X=1,K=19,C=3 || L2:[sp=X,11] X=1,R=1,K=10,C=3,Y=6,S=1",-93424959.0,-163323000.0,1,C|X,1
K,91,S,3,Y,37,R,2,X,1,C,2,K,1,C,11,X,1,R,1,K,1,C,1,Y,6,S,1,"L1:[sp=K,91] S=3,Y=37,R=2,X=1,C=2,K=1 || L2:[sp=C,11] X=1,R=1,K=1,C=1,Y=6,S=1",-inf,-inf,0,K|C,1
C,91,S,2,R,2,X,1,Y,131,C,2,K,43,X,11,Y,6,R,1,K,9,C,1,X,1,S,1,"L1:[sp=C,91] S=2,R=2,X=1,Y=131,C=2,K=43 || L2:[sp=X,11] Y=6,R=1,K=9,C=1,X=1,S=1",-62236625.0,-163323000.0,1,C|X,1
K,91,S,2,Y,37,R,2,X,1,C,1,K,11,C,11,X,1,R,1,K,9,C,1,Y,6,S,1,"L1:[sp=K,91] S=2,Y=37,R=2,X=1,C=1,K=11 || L2:[sp=C,11] X=1,R=1,K=9,C=1,Y=6,S=1",-inf,-inf,0,K|C,1
C,91,S,2,Y,37,R,2,X,1,K,11,C,3,X,11,X,1,R,1,K,10,C,3,Y,6,S,1,"L1:[sp=C,91] S=2,Y=37,R=2,X=1,K=11,C=3 || L2:[sp=X,11] X=1,R=1,K=10,C=3,Y=6,S=1",-inf,-inf,0,C|X,1
C,91,S,2,Y,37,K,63,X,1,C,3,R,2,Y,37,X,1,R,1,K,9,C,1,Y,8,S,2,"L1:[sp=C,91] S=2,Y=37,K=63,X=1,C=3,R=2 || L2:[sp=Y,37] X=1,R=1,K=9,C=1,Y=8,S=2",-inf,-inf,0,C|Y,1
C,91,S,2,Y,37,R,2,X,1,C,2,K,11,K,11,X,1,R,1,K,9,C,1,Y,6,S,1,"L1:[sp=C,91] S=2,Y=37,R=2,X=1,C=2,K=11 || L2:[sp=K,11] X=1,R=1,K=9,C=1,Y=6,S=1",-inf,-inf,0,C|K,1
X,91,S,2,Y,37,X,1,R,2,C,2,K,11,C,11,Y,6,R,2,K,9,S,1,X,1,C,1,"L1:[sp=X,91] S=2,Y=37,X=1,R=2,C=2,K=11 || L2:[sp=C,11] Y=6,R=2,K=9,S=1,X=1,C=1",-inf,-inf,0,X|C,1
C,91,Y,37,S,2,K,59,X,1,R,2,C,2,K,59,X,1,R,1,C,2,Y,8,K,4,S,1,"L1:[sp=C,91] Y=37,S=2,K=59,X=1,R=2,C=2 || L2:[sp=K,59] X=1,R=1,C=2,Y=8,K=4,S=1",-inf,-inf,0,C|K,1
C,91,Y,37,S,2,R,2,X,83,K,59,C,2,X,1,X,1,R,1,C,2,Y,8,K,4,S,1,"L1:[sp=C,91] Y=37,S=2,R=2,X=83,K=59,C=2 || L2:[sp=X,1] X=1,R=1,C=2,Y=8,K=4,S=1",-inf,-inf,0,C|X,1
X,91,S,2,R,2,X,1,Y,131,C,2,K,43,C,11,Y,82,R,1,K,9,C,1,X,1,S,1,"L1:[sp=X,91] S=2,R=2,X=1,Y=131,C=2,K=43 || L2:[sp=C,11] Y=82,R=1,K=9,C=1,X=1,S=1",-inf,-inf,0,X|C,1
C,91,S,2,R,2,X,1,Y,37,C,3,K,43,X,11,Y,6,R,1,K,9,C,2,X,1,S,2,"L1:[sp=C,91] S=2,R=2,X=1,Y=37,C=3,K=43 || L2:[sp=X,11] Y=6,R=1,K=9,C=2,X=1,S=2",-inf,-inf,0,C|X,1
C,91,X,1,Y,131,K,13,S,2,C,2,R,2,X,1,X,1,R,1,K,10,C,1,Y,119,S,1,"L1:[sp=C,91] X=1,Y=131,K=13,S=2,C=2,R=2 || L2:[sp=X,1] X=1,R=1,K=10,C=1,Y=119,S=1",-inf,-inf,0,C|X,1
C,91,X,147,Y,22,K,47,S,2,C,3,R,2,X,1,X,1,R,1,K,10,C,3,Y,6,S,1,"L1:[sp=C,91] X=147,Y=22,K=47,S=2,C=3,R=2 || L2:[sp=X,1] X=1,R=1,K=10,C=3,Y=6,S=1",-inf,-inf,0,C|X,1
C,91,Y,37,S,3,R,2,X,1,K,19,C,3,X,1,X,1,R,1,K,10,C,1,Y,6,S,2,"L1:[sp=C,91] Y=37,S=3,R=2,X=1,K=19,C=3 || L2:[sp=X,1] X=1,R=1,K=10,C=1,Y=6,S=2",-inf,-inf,0,C|X,1
C,91,S,2,R,2,X,1,Y,131,C,2,K,43,X,11,Y,6,R,1,K,9,C,1,X,1,S,1,"L1:[sp=C,91] S=2,R=2,X=1,Y=131,C=2,K=43 || L2:[sp=X,11] Y=6,R=1,K=9,C=1,X=1,S=1",-inf,-inf,0,C|X,1
C,91,Y,37,S,2,K,59,X,1,R,2,C,2,K,1,X,1,R,1,C,2,Y,30,K,4,S,1,"L1:[sp=C,91] Y=37,S=2,K=59,X=1,R=2,C=2 || L2:[sp=K,1] X=1,R=1,C=2,Y=30,K=4,S=1",-inf,-inf,0,C|K,1
C,91,Y,5,S,2,K,59,X,1,R,2,C,2,K,59,X,1,R,1,C,1,Y,5,K,4,S,1,"L1:[sp=C,91] Y=5,S=2,K=59,X=1,R=2,C=2 || L2:[sp=K,59] X=1,R=1,C=1,Y=5,K=4,S=1",-17099641.0,-163323000.0,1,C|K,1
C,91,S,2,R,2,X,1,Y,121,C,2,K,43,X,11,Y,8,R,1,X,1,C,2,K,9,S,1,"L1:[sp=C,91] S=2,R=2,X=1,Y=121,C=2,K=43 || L2:[sp=X,11] Y=8,R=1,X=1,C=2,K=9,S=1",-inf,-inf,0,C|X,1
C,91,X,1,Y,37,K,13,S,2,C,3,R,2,X,1,X,1,R,1,K,7,C,1,Y,6,S,2,"L1:[sp=C,91] X=1,Y=37,K=13,S=2,C=3,R=2 || L2:[sp=X,1] X=1,R=1,K=7,C=1,Y=6,S=2",-inf,-inf,0,C|X,1
C,91,Y,37,S,2,K,59,X,1,R,2,C,1,K,59,X,1,R,1,C,1,Y,26,K,4,S,1,"L1:[sp=C,91] Y=37,S=2,K=59,X=1,R=2,C=1 || L2:[sp=K,59] X=1,R=1,C=1,Y=26,K=4,S=1",-15438737.0,-163323000.0,1,C|K,1
C,91,X,1,Y,37,K,13,S,2,C,3,R,2,X,1,X,1,R,1,K,10,C,1,Y,5,S,2,"L1:[sp=C,91] X=1,Y=37,K=13,S=2,C=3,R=2 || L2:[sp=X,1] X=1,R=1,K=10,C=1,Y=5,S=2",-inf,-inf,0,C|X,1
C,91,Y,37,S,2,K,59,X,1,R,3,C,2,C,1,X,1,R,1,C,2,Y,12,K,4,S,2,"L1:[sp=C,91] Y=37,S=2,K=59,X=1,R=3,C=2 || L2:[sp=C,1] X=1,R=1,C=2,Y=12,K=4,S=2",-inf,-inf,0,C|C,1
C,91,Y,37,S,2,K,59,X,1,R,2,C,2,K,59,X,1,R,1,K,4,Y,8,C,2,S,2,"L1:[sp=C,91] Y=37,S=2,K=59,X=1,R=2,C=2 || L2:[sp=K,59] X=1,R=1,K=4,Y=8,C=2,S=2",-inf,-inf,0,C|K,1
C,91,S,2,R,2,X,45,Y,131,C,2,K,43,K,1,Y,6,R,1,K,9,C,1,X,1,S,1,"L1:[sp=C,91] S=2,R=2,X=45,Y=131,C=2,K=43 || L2:[sp=K,1] Y=6,R=1,K=9,C=1,X=1,S=1",-inf,-inf,0,C|K,1
C,91,X,1,R,2,K,13,S,2,C,3,Y,37,X,1,X,1,R,1,K,10,C,1,Y,6,S,1,"L1:[sp=C,91] X=1,R=2,K=13,S=2,C=3,Y=37 || L2:[sp=X,1] X=1,R=1,K=10,C=1,Y=6,S=1",-inf,-inf,0,C|X,1
X,91,S,2,R,2,X,1,Y,131,K,43,C,2,K,11,Y,6,R,1,K,9,C,1,X,1,S,2,"L1:[sp=X,91] S=2,R=2,X=1,Y=131,K=43,C=2 || L2:[sp=K,11] Y=6,R=1,K=9,C=1,X=1,S=2",-inf,-inf,0,X|K,1
X,91,X,1,Y,37,K,13,S,2,C,3,R,2,C,1,X,1,R,1,K,10,C,1,Y,6,S,1,"L1:[sp=X,91] X=1,Y=37,K=13,S=2,C=3,R=2 || L2:[sp=C,1] X=1,R=1,K=10,C=1,Y=6,S=1",-inf,-inf,0,X|C,1
C,91,S,2,R,2,X,1,Y,131,C,2,K,43,X,11,Y,6,R,1,K,9,C,1,X,1,S,2,"L1:[sp=C,91] S=2,R=2,X=1,Y=131,C=2,K=43 || L2:[sp=X,11] Y=6,R=1,K=9,C=1,X=1,S=2",-inf,-inf,0,C|X,1
C,91,Y,37,S,2,K,59,X,1,R,2,C,1,K,59,X,1,R,1,C,1,Y,26,K,4,S,1,"L1:[sp=C,91] Y=37,S=2,K=59,X=1,R=2,C=1 || L2:[sp=K,59] X=1,R=1,C=1,Y=26,K=4,S=1",-inf,-inf,0,C|K,1
C,91,Y,5,S,2,K,59,X,1,R,2,C,2,K,59,X,1,R,1,C,1,Y,5,K,4,S,1,"L1:[sp=C,91] Y=5,S=2,K=59,X=1,R=2,C=2 || L2:[sp=K,59] X=1,R=1,C=1,Y=5,K=4,S=1",-inf,-inf,0,C|K,1
C,91,Y,37,C,1,K,59,X,141,R,2,S,2,K,59,X,1,R,1,C,1,Y,26,K,4,S,1,"L1:[sp=C,91] Y=37,C=1,K=59,X=141,R=2,S=2 || L2:[sp=K,59] X=1,R=1,C=1,Y=26,K=4,S=1",-inf,-inf,0,C|K,1
K,91,Y,37,S,2,K,59,X,1,R,2,C,1,C,59,X,1,R,1,C,1,S,1,Y,26,K,4,"L1:[sp=K,91] Y=37,S=2,K=59,X=1,R=2,C=1 || L2:[sp=C,59] X=1,R=1,C=1,S=1,Y=26,K=4",-170533453.0,-163323000.0,1,K|C,1
C,91,Y,5,S,3,K,59,X,1,R,2,C,2,K,59,X,1,R,1,C,1,Y,5,K,4,S,1,"L1:[sp=C,91] Y=5,S=3,K=59,X=1,R=2,C=2 || L2:[sp=K,59] X=1,R=1,C=1,Y=5,K=4,S=1",-inf,-inf,0,C|K,1
C,91,Y,37,S,2,K,59,X,1,R,2,C,2,K,59,X,1,R,1,C,1,Y,26,K,4,S,1,"L1:[sp=C,91] Y=37,S=2,K=59,X=1,R=2,C=2 || L2:[sp=K,59] X=1,R=1,C=1,Y=26,K=4,S=1",-inf,-inf,0,C|K,1
C,91,Y,5,S,2,K,59,X,1,R,2,C,1,K,59,X,1,R,1,C,1,Y,5,K,34,S,1,"L1:[sp=C,91] Y=5,S=2,K=59,X=1,R=2,C=1 || L2:[sp=K,59] X=1,R=1,C=1,Y=5,K=34,S=1",-144825121.0,-163323000.0,1,C|K,1
C,91,Y,5,S,2,C,2,X,184,R,2,K,59,K,59,X,1,R,1,C,1,S,1,K,4,Y,5,"L1:[sp=C,91] Y=5,S=2,C=2,X=184,R=2,K=59 || L2:[sp=K,59] X=1,R=1,C=1,S=1,K=4,Y=5",-inf,-inf,0,C|K,1
C,91,Y,37,S,2,K,59,X,1,R,2,C,2,K,59,X,1,R,1,C,1,Y,26,K,4,S,1,"L1:[sp=C,91] Y=37,S=2,K=59,X=1,R=2,C=2 || L2:[sp=K,59] X=1,R=1,C=1,Y=26,K=4,S=1",-inf,-inf,0,C|K,1
C,91,K,59,S,1,Y,37,X,1,R,2,C,1,K,59,X,1,R,1,C,1,Y,26,K,4,S,1,"L1:[sp=C,91] K=59,S=1,Y=37,X=1,R=2,C=1 || L2:[sp=K,59] X=1,R=1,C=1,Y=26,K=4,S=1",-7779073.0,-163323000.0,1,C|K,1
C,91,S,2,Y,5,K,59,X,1,R,2,C,2,K,59,X,1,C,1,R,1,Y,5,K,4,S,1,"L1:[sp=C,91] S=2,Y=5,K=59,X=1,R=2,C=2 || L2:[sp=K,59] X=1,C=1,R=1,Y=5,K=4,S=1",-17099641.0,-163323000.0,1,C|K,1
K,91,Y,37,S,2,R,2,K,59,X,176,C,2,K,59,X,1,R,1,C,1,Y,26,K,4,S,1,"L1:[sp=K,91] Y=37,S=2,R=2,K=59,X=176,C=2 || L2:[sp=K,59] X=1,R=1,C=1,Y=26,K=4,S=1",-inf,-inf,0,K|K,1
C,91,Y,5,S,2,K,59,X,1,R,2,C,1,K,59,X,1,R,1,C,1,Y,5,K,4,S,1,"L1:[sp=C,91] Y=5,S=2,K=59,X=1,R=2,C=1 || L2:[sp=K,59] X=1,R=1,C=1,Y=5,K=4,S=1",-inf,-inf,0,C|K,1
C,91,Y,5,S,2,K,59,X,1,R,2,C,2,K,59,X,1,R,1,C,1,Y,4,K,4,S,1,"L1:[sp=C,91] Y=5,S=2,K=59,X=1,R=2,C=2 || L2:[sp=K,59] X=1,R=1,C=1,Y=4,K=4,S=1",-inf,-inf,0,C|K,1
C,91,Y,37,S,2,K,59,X,1,R,2,C,1,K,59,X,1,R,1,C,1,Y,26,K,4,S,1,"L1:[sp=C,91] Y=37,S=2,K=59,X=1,R=2,C=1 || L2:[sp=K,59] X=1,R=1,C=1,Y=26,K=4,S=1",-inf,-inf,0,C|K,1
C,91,Y,36,S,2,K,59,X,1,R,2,C,1,K,59,X,1,R,1,C,1,Y,30,K,4,S,1,"L1:[sp=C,91] Y=36,S=2,K=59,X=1,R=2,C=1 || L2:[sp=K,59] X=1,R=1,C=1,Y=30,K=4,S=1",-inf,-inf,0,C|K,1
C,91,Y,5,S,2,K,59,X,1,R,2,C,2,K,59,X,1,C,1,R,1,Y,5,K,4,S,1,"L1:[sp=C,91] Y=5,S=2,K=59,X=1,R=2,C=2 || L2:[sp=K,59] X=1,C=1,R=1,Y=5,K=4,S=1",-inf,-inf,0,C|K,1
C,91,Y,37,S,2,K,45,X,1,R,2,C,1,K,59,X,1,R,1,C,1,Y,26,K,4,S,1,"L1:[sp=C,91] Y=37,S=2,K=45,X=1,R=2,C=1 || L2:[sp=K,59] X=1,R=1,C=1,Y=26,K=4,S=1",-inf,-inf,0,C|K,1
C,91,Y,213,S,2,K,59,X,1,R,2,C,2,K,59,X,1,R,1,C,1,Y,5,K,4,S,1,"L1:[sp=C,91] Y=213,S=2,K=59,X=1,R=2,C=2 || L2:[sp=K,59] X=1,R=1,C=1,Y=5,K=4,S=1",-inf,-inf,0,C|K,1
C,91,Y,37,S,2,K,59,X,37,R,2,C,2,K,59,X,1,R,1,C,1,Y,26,K,4,S,1,"L1:[sp=C,91] Y=37,S=2,K=59,X=37,R=2,C=2 || L2:[sp=K,59] X=1,R=1,C=1,Y=26,K=4,S=1",-inf,-inf,0,C|K,1
C,91,Y,5,S,2,K,59,X,1,R,2,C,1,K,59,X,1,R,2,S,1,Y,5,K,4,C,1,"L1:[sp=C,91] Y=5,S=2,K=59,X=1,R=2,C=1 || L2:[sp=K,59] X=1,R=2,S=1,Y=5,K=4,C=1",-inf,-inf,0,C|K,1
C,91,K,59,S,1,Y,37,X,1,R,2,C,1,K,59,X,1,R,1,C,1,Y,26,K,4,S,1,"L1:[sp=C,91] K=59,S=1,Y=37,X=1,R=2,C=1 || L2:[sp=K,59] X=1,R=1,C=1,Y=26,K=4,S=1",-inf,-inf,0,C|K,1
C,91,K,62,S,1,Y,37,X,1,R,2,C,1,K,59,X,1,R,1,C,1,Y,26,K,4,S,1,"L1:[sp=C,91] K=62,S=1,Y=37,X=1,R=2,C=1 || L2:[sp=K,59] X=1,R=1,C=1,Y=26,K=4,S=1",-inf,-inf,0,C|K,1
K,91,Y,5,S,2,X,1,K,59,R,2,C,1,K,59,X,1,R,1,C,1,Y,5,K,34,S,1,"L1:[sp=K,91] Y=5,S=2,X=1,K=59,R=2,C=1 || L2:[sp=K,59] X=1,R=1,C=1,Y=5,K=34,S=1",-108618841.0,-163323000.0,1,K|K,1
C,91,S,2,Y,5,K,59,X,98,R,2,C,2,Y,1,X,1,C,1,R,1,Y,5,K,4,S,1,"L1:[sp=C,91] S=2,Y=5,K=59,X=98,R=2,C=2 || L2:[sp=Y,1] X=1,C=1,R=1,Y=5,K=4,S=1",-inf,-inf,0,C|Y,1
C,91,Y,5,S,2,K,59,X,131,R,2,C,1,K,59,X,1,R,1,C,1,Y,5,K,34,S,1,"L1:[sp=C,91] Y=5,S=2,K=59,X=131,R=2,C=1 || L2:[sp=K,59] X=1,R=1,C=1,Y=5,K=34,S=1",-inf,-inf,0,C|K,1
C,91,Y,67,S,2,K,59,X,1,R,2,C,1,K,59,X,1,R,1,C,1,S,1,Y,26,K,4,"L1:[sp=C,91] Y=67,S=2,K=59,X=1,R=2,C=1 || L2:[sp=K,59] X=1,R=1,C=1,S=1,Y=26,K=4",-14143553.0,-163323000.0,1,C|K,1
K,91,Y,5,S,2,K,52,X,1,R,2,C,1,C,59,X,1,Y,5,C,1,R,1,K,34,S,1,"L1:[sp=K,91] Y=5,S=2,K=52,X=1,R=2,C=1 || L2:[sp=C,59] X=1,Y=5,C=1,R=1,K=34,S=1",-inf,-inf,0,K|C,1
K,91,K,59,S,1,Y,13,X,1,R,2,C,1,C,59,X,1,R,1,C,1,Y,13,K,4,S,1,"L1:[sp=K,91] K=59,S=1,Y=13,X=1,R=2,C=1 || L2:[sp=C,59] X=1,R=1,C=1,Y=13,K=4,S=1",-85355425.0,-163323000.0,1,K|C,1
C,91,Y,5,S,2,K,59,X,1,R,2,C,2,K,59,C,1,R,1,X,1,Y,5,K,34,S,1,"L1:[sp=C,91] Y=5,S=2,K=59,X=1,R=2,C=2 || L2:[sp=K,59] C=1,R=1,X=1,Y=5,K=34,S=1",-inf,-inf,0,C|K,1
K,91,K,59,S,1,Y,37,X,217,R,2,C,1,C,59,X,1,R,1,C,1,Y,26,K,21,S,1,"L1:[sp=K,91] K=59,S=1,Y=37,X=217,R=2,C=1 || L2:[sp=C,59] X=1,R=1,C=1,Y=26,K=21,S=1",-inf,-inf,0,K|C,1
K,91,Y,37,S,2,K,59,X,1,R,2,C,1,C,59,C,1,R,1,X,1,S,1,Y,26,K,4,"L1:[sp=K,91] Y=37,S=2,K=59,X=1,R=2,C=1 || L2:[sp=C,59] C=1,R=1,X=1,S=1,Y=26,K=4",-inf,-inf,0,K|C,1
C,91,K,59,S,2,Y,5,X,1,R,2,C,1,K,59,X,1,R,1,C,1,Y,5,K,4,S,1,"L1:[sp=C,91] K=59,S=2,Y=5,X=1,R=2,C=1 || L2:[sp=K,59] X=1,R=1,C=1,Y=5,K=4,S=1",-inf,-inf,0,C|K,1
C,91,S,1,Y,37,X,1,K,24,R,2,C,2,K,59,X,1,C,1,R,1,Y,35,K,4,S,1,"L1:[sp=C,91] S=1,Y=37,X=1,K=24,R=2,C=2 || L2:[sp=K,59] X=1,C=1,R=1,Y=35,K=4,S=1",-11204929.0,-163323000.0,1,C|K,1
C,91,Y,5,S,2,K,1,X,1,R,2,C,1,K,59,X,1,R,1,C,1,Y,5,K,1,S,1,"L1:[sp=C,91] Y=5,S=2,K=1,X=1,R=2,C=1 || L2:[sp=K,59] X=1,R=1,C=1,Y=5,K=1,S=1",-inf,-inf,0,C|K,1
K,91,Y,37,S,3,K,59,X,1,R,2,C,1,C,59,X,1,S,1,C,1,R,2,Y,26,K,4,"L1:[sp=K,91] Y=37,S=3,K=59,X=1,R=2,C=1 || L2:[sp=C,59] X=1,S=1,C=1,R=2,Y=26,K=4",-329607397.0,-163323000.0,1,K|C,1
C,91,K,59,S,2,Y,37,X,1,R,2,C,1,K,59,X,1,R,1,C,1,S,1,K,4,Y,26,"L1:[sp=C,91] K=59,S=2,Y=37,X=1,R=2,C=1 || L2:[sp=K,59] X=1,R=1,C=1,S=1,K=4,Y=26",-15438737.0,-163323000.0,1,C|K,1
C,91,Y,37,S,1,K,59,X,1,R,2,C,1,K,59,Y,26,K,23,C,1,S,1,X,1,R,1,"L1:[sp=C,91] Y=37,S=1,K=59,X=1,R=2,C=1 || L2:[sp=K,59] Y=26,K=23,C=1,S=1,X=1,R=1",-inf,-inf,0,C|K,1
C,91,Y,5,S,1,K,59,X,1,R,2,C,1,K,59,X,1,R,1,C,1,Y,5,K,48,S,1,"L1:[sp=C,91] Y=5,S=1,K=59,X=1,R=2,C=1 || L2:[sp=K,59] X=1,R=1,C=1,Y=5,K=48,S=1",-inf,-inf,0,C|K,1
C,91,K,59,X,1,Y,37,S,2,R,2,C,1,K,59,X,1,R,1,C,1,Y,26,K,4,S,2,"L1:[sp=C,91] K=59,X=1,Y=37,S=2,R=2,C=1 || L2:[sp=K,59] X=1,R=1,C=1,Y=26,K=4,S=2",-inf,-inf,0,C|K,1
K,91,Y,37,S,3,K,59,X,1,R,2,C,2,C,1,X,1,R,1,C,1,S,1,Y,26,K,4,"L1:[sp=K,91] Y=37,S=3,K=59,X=1,R=2,C=2 || L2:[sp=C,1] X=1,R=1,C=1,S=1,Y=26,K=4",-254631337.0,-163323000.0,1,K|C,1
C,91,S,1,Y,37,X,1,K,24,R,2,C,2,K,59,X,1,C,1,R,1,Y,35,K,4,S,1,"L1:[sp=C,91] S=1,Y=37,X=1,K=24,R=2,C=2 || L2:[sp=K,59] X=1,C=1,R=1,Y=35,K=4,S=1",-inf,-inf,0,C|K,1
K,91,Y,42,S,2,K,59,X,1,R,2,C,1,C,59,X,1,S,1,C,1,Y,26,R,2,K,4,"L1:[sp=K,91] Y=42,S=2,K=59,X=1,R=2,C=1 || L2:[sp=C,59] X=1,S=1,C=1,Y=26,R=2,K=4",-inf,-inf,0,K|C,1
K,91,Y,5,S,2,X,30,K,59,R,2,C,1,K,59,X,1,R,1,C,1,Y,5,K,44,S,1,"L1:[sp=K,91] Y=5,S=2,X=30,K=59,R=2,C=1 || L2:[sp=K,59] X=1,R=1,C=1,Y=5,K=44,S=1",-inf,-inf,0,K|K,1
K,91,Y,37,S,3,R,2,X,1,K,59,C,3,X,1,C,1,R,1,S,1,X,1,Y,26,K,15,"L1:[sp=K,91] Y=37,S=3,R=2,X=1,K=59,C=3 || L2:[sp=X,1] C=1,R=1,S=1,X=1,Y=26,K=15",-inf,-inf,0,K|X,1
C,91,S,1,Y,37,X,1,K,24,R,2,C,2,K,59,X,1,C,1,R,1,Y,35,K,22,S,1,"L1:[sp=C,91] S=1,Y=37,X=1,K=24,R=2,C=2 || L2:[sp=K,59] X=1,C=1,R=1,Y=35,K=22,S=1",-inf,-inf,0,C|K,1
K,91,Y,5,S,2,X,1,K,59,R,2,C,1,K,59,X,1,R,1,C,1,Y,5,K,34,S,1,"L1:[sp=K,91] Y=5,S=2,X=1,K=59,R=2,C=1 || L2:[sp=K,59] X=1,R=1,C=1,Y=5,K=34,S=1",-108618841.0,-163323000.0,1,K|K,1
K,91,Y,37,S,3,K,59,X,26,R,2,C,1,C,59,X,1,S,1,C,1,R,2,Y,26,K,4,"L1:[sp=K,91] Y=37,S=3,K=59,X=26,R=2,C=1 || L2:[sp=C,59] X=1,S=1,C=1,R=2,Y=26,K=4",-inf,-inf,0,K|C,1
K,91,Y,37,S,3,K,59,X,1,R,2,C,1,K,1,X,1,S,1,C,1,R,2,Y,26,K,4,"L1:[sp=K,91] Y=37,S=3,K=59,X=1,R=2,C=1 || L2:[sp=K,1] X=1,S=1,C=1,R=2,Y=26,K=4",-inf,-inf,0,K|K,1
K,91,Y,37,S,3,K,59,X,1,R,2,C,2,C,1,X,1,R,1,C,1,S,1,Y,26,K,4,"L1:[sp=K,91] Y=37,S=3,K=59,X=1,R=2,C=2 || L2:[sp=C,1] X=1,R=1,C=1,S=1,Y=26,K=4",-inf,-inf,0,K|C,1
K,91,Y,37,K,59,S,1,X,1,R,2,C,1,Y,1,X,1,S,1,C,1,R,1,Y,26,K,4,"L1:[sp=K,91] Y=37,K=59,S=1,X=1,R=2,C=1 || L2:[sp=Y,1] X=1,S=1,C=1,R=1,Y=26,K=4",-85667905.0,-163323000.0,1,K|Y,1
C,91,S,3,Y,37,X,1,K,24,R,2,C,2,C,2,X,1,C,1,R,2,Y,35,K,4,S,1,"L1:[sp=C,91] S=3,Y=37,X=1,K=24,R=2,C=2 || L2:[sp=C,2] X=1,C=1,R=2,Y=35,K=4,S=1",-inf,-inf,0,C|C,1
K,91,Y,5,S,2,X,1,K,59,R,2,C,1,K,59,X,1,R,1,C,1,Y,5,K,34,S,1,"L1:[sp=K,91] Y=5,S=2,X=1,K=59,R=2,C=1 || L2:[sp=K,59] X=1,R=1,C=1,Y=5,K=34,S=1",-inf,-inf,0,K|K,1
C,91,Y,67,S,2,K,59,X,1,R,2,C,1,K,59,X,1,R,1,C,1,S,1,Y,26,K,4,"L1:[sp=C,91] Y=67,S=2,K=59,X=1,R=2,C=1 || L2:[sp=K,59] X=1,R=1,C=1,S=1,Y=26,K=4",-inf,-inf,0,C|K,1
C,91,S,1,Y,37,X,1,K,24,R,2,C,2,K,59,X,1,C,1,R,1,Y,35,K,21,S,1,"L1:[sp=C,91] S=1,Y=37,X=1,K=24,R=2,C=2 || L2:[sp=K,59] X=1,C=1,R=1,Y=35,K=21,S=1",-inf,-inf,0,C|K,1
C,91,Y,22,S,2,K,59,X,1,R,2,C,1,K,59,X,1,R,1,C,1,S,1,Y,22,K,9,"L1:[sp=C,91] Y=22,S=2,K=59,X=1,R=2,C=1 || L2:[sp=K,59] X=1,R=1,C=1,S=1,Y=22,K=9",-inf,-inf,0,C|K,1
C,91,S,1,Y,13,X,1,K,24,R,2,C,1,K,59,X,1,C,1,R,1,Y,7,K,4,S,1,"L1:[sp=C,91] S=1,Y=13,X=1,K=24,R=2,C=1 || L2:[sp=K,59] X=1,C=1,R=1,Y=7,K=4,S=1",-inf,-inf,0,C|K,1
K,91,S,1,K,59,Y,147,X,1,R,2,C,2,C,59,X,1,R,1,C,1,Y,35,K,4,S,1,"L1:[sp=K,91] S=1,K=59,Y=147,X=1,R=2,C=2 || L2:[sp=C,59] X=1,R=1,C=1,Y=35,K=4,S=1",-53768065.0,-163323000.0,1,K|C,1
C,91,Y,67,S,3,K,1,X,1,R,2,C,1,K,59,X,1,R,1,C,1,S,1,Y,26,K,1,"L1:[sp=C,91] Y=67,S=3,K=1,X=1,R=2,C=1 || L2:[sp=K,59] X=1,R=1,C=1,S=1,Y=26,K=1",-inf,-inf,0,C|K,1
K,91,Y,37,S,2,K,59,X,1,R,2,C,2,X,1,X,1,R,1,C,1,S,1,Y,26,K,4,"L1:[sp=K,91] Y=37,S=2,K=59,X=1,R=2,C=2 || L2:[sp=X,1] X=1,R=1,C=1,S=1,Y=26,K=4",-inf,-inf,0,K|X,1
K,91,Y,37,S,2,K,59,X,1,R,2,C,1,C,59,X,1,S,1,C,1,R,1,Y,26,K,4,"L1:[sp=K,91] Y=37,S=2,K=59,X=1,R=2,C=1 || L2:[sp=C,59] X=1,S=1,C=1,R=1,Y=26,K=4",-inf,-inf,0,K|C,1
K,91,Y,5,S,3,X,1,K,59,R,2,C,1,K,59,X,1,R,2,C,1,Y,5,K,34,S,1,"L1:[sp=K,91] Y=5,S=3,X=1,K=59,R=2,C=1 || L2:[sp=K,59] X=1,R=2,C=1,Y=5,K=34,S=1",-inf,-inf,0,K|K,1
K,91,S,1,K,59,Y,147,X,1,R,2,C,2,C,59,X,1,R,1,C,1,Y,35,K,4,S,1,"L1:[sp=K,91] S=1,K=59,Y=147,X=1,R=2,C=2 || L2:[sp=C,59] X=1,R=1,C=1,Y=35,K=4,S=1",-inf,-inf,0,K|C,1
K,91,S,1,K,59,Y,147,X,1,R,3,C,2,C,59,X,1,R,1,C,1,Y,35,K,4,S,1,"L1:[sp=K,91] S=1,K=59,Y=147,X=1,R=3,C=2 || L2:[sp=C,59] X=1,R=1,C=1,Y=35,K=4,S=1",-inf,-inf,0,K|C,1
K,91,Y,37,K,59,S,1,X,1,R,2,C,1,Y,1,X,1,S,1,C,1,R,1,Y,5,K,4,"L1:[sp=K,91] Y=37,K=59,S=1,X=1,R=2,C=1 || L2:[sp=Y,1] X=1,S=1,C=1,R=1,Y=5,K=4",-82456417.0,-163323000.0,1,K|Y,1
K,91,Y,37,K,59,S,2,X,1,R,2,C,2,Y,1,X,1,S,1,C,1,R,1,Y,26,K,4,"L1:[sp=K,91] Y=37,K=59,S=2,X=1,R=2,C=2 || L2:[sp=Y,1] X=1,S=1,C=1,R=1,Y=26,K=4",-170527209.0,-163323000.0,1,K|Y,1
K,91,Y,5,S,1,X,90,K,59,R,2,C,1,K,59,X,1,R,1,C,1,Y,5,K,34,S,1,"L1:[sp=K,91] Y=5,S=1,X=90,K=59,R=2,C=1 || L2:[sp=K,59] X=1,R=1,C=1,Y=5,K=34,S=1",-54494911.0,-163324000.0,1,K|K,1
K,91,Y,5,S,1,X,1,K,59,R,2,C,2,K,59,X,1,C,1,R,1,Y,5,K,34,S,1,"L1:[sp=K,91] Y=5,S=1,X=1,K=59,R=2,C=2 || L2:[sp=K,59] X=1,C=1,R=1,Y=5,K=34,S=1",-inf,-inf,0,K|K,1
K,91,Y,37,K,59,S,2,X,1,R,2,C,1,Y,1,X,1,S,1,C,1,R,2,Y,26,K,4,"L1:[sp=K,91] Y=37,K=59,S=2,X=1,R=2,C=1 || L2:[sp=Y,1] X=1,S=1,C=1,R=2,Y=26,K=4",-226424389.0,-163323000.0,1,K|Y,1
K,91,S,2,K,59,Y,5,X,1,R,2,C,1,C,59,X,1,R,1,C,1,Y,5,K,2,S,1,"L1:[sp=K,91] S=2,K=59,Y=5,X=1,R=2,C=1 || L2:[sp=C,59] X=1,R=1,C=1,Y=5,K=2,S=1",-inf,-inf,0,K|C,1
K,91,Y,147,S,1,X,1,K,59,R,2,C,2,K,59,C,1,R,1,X,1,Y,35,K,34,S,1,"L1:[sp=K,91] Y=147,S=1,X=1,K=59,R=2,C=2 || L2:[sp=K,59] C=1,R=1,X=1,Y=35,K=34,S=1",-inf,-inf,0,K|K,1
K,91,S,1,K,43,Y,147,X,1,R,2,C,3,C,59,X,1,R,1,K,4,Y,35,C,1,S,1,"L1:[sp=K,91] S=1,K=43,Y=147,X=1,R=2,C=3 || L2:[sp=C,59] X=1,R=1,K=4,Y=35,C=1,S=1",-inf,-inf,0,K|C,1
Y,91,Y,37,K,59,S,1,X,1,R,2,C,1,K,1,X,1,S,1,C,1,R,1,Y,26,K,4,"L1:[sp=Y,91] Y=37,K=59,S=1,X=1,R=2,C=1 || L2:[sp=K,1] X=1,S=1,C=1,R=1,Y=26,K=4",-15176449.0,-163323000.0,1,Y|K,1
Y,91,Y,37,K,59,S,2,X,1,R,2,C,1,K,1,X,1,S,1,C,1,R,1,Y,26,K,4,"L1:[sp=Y,91] Y=37,K=59,S=2,X=1,R=2,C=1 || L2:[sp=K,1] X=1,S=1,C=1,R=1,Y=26,K=4",-30206689.0,-163323000.0,1,Y|K,1
K,91,Y,24,S,1,X,20,K,59,C,1,R,2,K,59,X,1,R,1,C,1,Y,5,K,34,S,1,"L1:[sp=K,91] Y=24,S=1,X=20,K=59,C=1,R=2 || L2:[sp=K,59] X=1,R=1,C=1,Y=5,K=34,S=1",-inf,-inf,0,K|K,1
K,91,Y,5,S,2,X,1,K,59,R,2,C,1,K,59,X,1,R,1,C,1,Y,5,K,34,S,1,"L1:[sp=K,91] Y=5,S=2,X=1,K=59,R=2,C=1 || L2:[sp=K,59] X=1,R=1,C=1,Y=5,K=34,S=1",-inf,-inf,0,K|K,1
K,91,S,1,K,59,Y,147,X,1,R,2,C,2,C,59,X,1,R,1,C,1,Y,35,K,4,S,1,"L1:[sp=K,91] S=1,K=59,Y=147,X=1,R=2,C=2 || L2:[sp=C,59] X=1,R=1,C=1,Y=35,K=4,S=1",-inf,-inf,0,K|C,1
K,91,Y,147,S,1,X,1,K,59,R,2,C,1,K,59,X,1,R,1,C,1,Y,51,K,34,S,1,"L1:[sp=K,91] Y=147,S=1,X=1,K=59,R=2,C=1 || L2:[sp=K,59] X=1,R=1,C=1,Y=51,K=34,S=1",-inf,-inf,0,K|K,1
C,91,S,3,K,59,Y,5,X,1,R,1,C,2,K,59,X,1,R,1,C,1,Y,4,K,4,S,1,"L1:[sp=C,91] S=3,K=59,Y=5,X=1,R=1,C=2 || L2:[sp=K,59] X=1,R=1,C=1,Y=4,K=4,S=1",-21542437.0,-163323000.0,1,C|K,1
K,91,Y,37,K,59,S,1,X,1,R,1,C,1,Y,1,X,1,S,1,C,1,R,1,Y,26,K,4,"L1:[sp=K,91] Y=37,K=59,S=1,X=1,R=1,C=1 || L2:[sp=Y,1] X=1,S=1,C=1,R=1,Y=26,K=4",-inf,-inf,0,K|Y,1
K,91,Y,5,S,2,X,1,K,50,R,2,C,1,C,1,X,1,R,1,C,1,Y,5,K,34,S,1,"L1:[sp=K,91] Y=5,S=2,X=1,K=50,R=2,C=1 || L2:[sp=C,1] X=1,R=1,C=1,Y=5,K=34,S=1",-inf,-inf,0,K|C,1
K,91,Y,58,X,1,S,2,K,59,R,2,C,1,Y,1,K,4,S,1,C,1,R,1,Y,26,X,1,"L1:[sp=K,91] Y=58,X=1,S=2,K=59,R=2,C=1 || L2:[sp=Y,1] K=4,S=1,C=1,R=1,Y=26,X=1",-149211085.0,-163323000.0,1,K|Y,1
K,91,Y,5,S,1,X,1,K,59,R,2,C,1,K,59,X,1,R,1,C,1,Y,5,K,34,S,1,"L1:[sp=K,91] Y=5,S=1,X=1,K=59,R=2,C=1 || L2:[sp=K,59] X=1,R=1,C=1,Y=5,K=34,S=1",-inf,-inf,0,K|K,1
Y,91,Y,37,K,59,S,1,X,1,R,2,C,1,K,1,X,1,S,1,C,1,R,1,Y,26,K,4,"L1:[sp=Y,91] Y=37,K=59,S=1,X=1,R=2,C=1 || L2:[sp=K,1] X=1,S=1,C=1,R=1,Y=26,K=4",-inf,-inf,0,Y|K,1
K,91,Y,5,S,2,X,90,K,59,R,2,C,1,K,59,X,1,R,1,C,1,Y,5,K,6,S,1,"L1:[sp=K,91] Y=5,S=2,X=90,K=59,R=2,C=1 || L2:[sp=K,59] X=1,R=1,C=1,Y=5,K=6,S=1",-inf,-inf,0,K|K,1
Y,91,Y,37,K,64,S,1,X,1,R,2,C,1,K,1,X,1,S,1,R,1,C,1,Y,26,K,4,"L1:[sp=Y,91] Y=37,K=64,S=1,X=1,R=2,C=1 || L2:[sp=K,1] X=1,S=1,R=1,C=1,Y=26,K=4",-inf,-inf,0,Y|K,1
K,91,Y,37,K,31,S,2,X,1,R,2,C,2,Y,1,X,1,S,1,C,1,R,1,Y,26,K,4,"L1:[sp=K,91] Y=37,K=31,S=2,X=1,R=2,C=2 || L2:[sp=Y,1] X=1,S=1,C=1,R=1,Y=26,K=4",-inf,-inf,0,K|Y,1
K,91,Y,5,S,1,X,90,K,59,R,2,C,1,K,59,X,1,R,1,C,1,Y,5,K,40,S,1,"L1:[sp=K,91] Y=5,S=1,X=90,K=59,R=2,C=1 || L2:[sp=K,59] X=1,R=1,C=1,Y=5,K=40,S=1",-inf,-inf,0,K|K,1
K,91,Y,75,K,59,S,3,X,1,R,1,C,2,Y,1,X,1,S,1,C,1,R,1,Y,26,K,4,"L1:[sp=K,91] Y=75,K=59,S=3,X=1,R=1,C=2 || L2:[sp=Y,1] X=1,S=1,C=1,R=1,Y=26,K=4",-inf,-inf,0,K|Y,1
C,91,S,2,K,59,Y,5,X,19,R,1,C,2,K,59,C,1,R,1,X,1,Y,4,K,4,S,1,"L1:[sp=C,91] S=2,K=59,Y=5,X=19,R=1,C=2 || L2:[sp=K,59] C=1,R=1,X=1,Y=4,K=4,S=1",-inf,-inf,0,C|K,1
Y,91,Y,37,K,59,S,2,X,1,R,2,C,1,K,1,X,1,S,1,C,1,R,2,Y,26,K,4,"L1:[sp=Y,91] Y=37,K=59,S=2,X=1,R=2,C=1 || L2:[sp=K,1] X=1,S=1,C=1,R=2,Y=26,K=4",-inf,-inf,0,Y|K,1
K,91,Y,37,K,59,S,1,X,1,R,2,C,1,Y,1,X,1,S,1,C,1,R,1,Y,9,K,4,"L1:[sp=K,91] Y=37,K=59,S=1,X=1,R=2,C=1 || L2:[sp=Y,1] X=1,S=1,C=1,R=1,Y=9,K=4",-inf,-inf,0,K|Y,1
K,91,Y,37,K,59,S,2,X,1,R,2,C,2,Y,1,X,1,K,2,C,1,R,1,Y,26,S,1,"L1:[sp=K,91] Y=37,K=59,S=2,X=1,R=2,C=2 || L2:[sp=Y,1] X=1,K=2,C=1,R=1,Y=26,S=1",-inf,-inf,0,K|Y,1
K,91,Y,5,S,1,X,90,K,3,R,2,C,1,K,59,X,1,R,1,C,1,Y,5,K,3,S,1,"L1:[sp=K,91] Y=5,S=1,X=90,K=3,R=2,C=1 || L2:[sp=K,59] X=1,R=1,C=1,Y=5,K=3,S=1",-inf,-inf,0,K|K,1
K,91,Y,37,K,59,S,2,X,1,R,2,C,1,Y,1,X,1,S,2,C,1,R,2,Y,26,K,4,"L1:[sp=K,91] Y=37,K=59,S=2,X=1,R=2,C=1 || L2:[sp=Y,1] X=1,S=2,C=1,R=2,Y=26,K=4",-inf,-inf,0,K|Y,1
Y,91,Y,37,K,59,S,1,X,1,R,2,C,2,K,1,X,1,S,1,C,1,R,1,Y,26,K,4,"L1:[sp=Y,91] Y=37,K=59,S=1,X=1,R=2,C=2 || L2:[sp=K,1] X=1,S=1,C=1,R=1,Y=26,K=4",-inf,-inf,0,Y|K,1
X,91,Y,37,K,22,S,2,X,1,R,2,C,1,Y,1,X,1,S,1,C,1,R,1,Y,26,K,22,"L1:[sp=X,91] Y=37,K=22,S=2,X=1,R=2,C=1 || L2:[sp=Y,1] X=1,S=1,C=1,R=1,Y=26,K=22",-inf,-inf,0,X|Y,1
K,91,Y,58,X,1,S,2,K,59,R,3,C,1,Y,1,K,4,S,1,C,1,R,2,Y,26,X,1,"L1:[sp=K,91] Y=58,X=1,S=2,K=59,R=3,C=1 || L2:[sp=Y,1] K=4,S=1,C=1,R=2,Y=26,X=1",-152047645.0,-163323000.0,1,K|Y,1
K,91,Y,35,K,59,S,2,X,1,R,2,C,1,Y,1,X,1,S,1,C,1,R,1,Y,5,K,4,"L1:[sp=K,91] Y=35,K=59,S=2,X=1,R=2,C=1 || L2:[sp=Y,1] X=1,S=1,C=1,R=1,Y=5,K=4",-inf,-inf,0,K|Y,1
Y,91,Y,37,K,59,X,1,S,1,R,2,C,1,K,1,X,1,S,1,C,1,Y,26,R,1,K,4,"L1:[sp=Y,91] Y=37,K=59,X=1,S=1,R=2,C=1 || L2:[sp=K,1] X=1,S=1,C=1,Y=26,R=1,K=4",-15176449.0,-163323000.0,1,Y|K,1
C,91,S,1,K,47,Y,5,X,1,R,2,C,2,K,59,X,1,R,1,C,1,Y,4,K,4,S,1,"L1:[sp=C,91] S=1,K=47,Y=5,X=1,R=2,C=2 || L2:[sp=K,59] X=1,R=1,C=1,Y=4,K=4,S=1",-inf,-inf,0,C|K,1
K,91,Y,37,K,22,S,3,X,1,R,1,C,1,Y,1,X,1,S,1,C,1,R,1,Y,5,K,4,"L1:[sp=K,91] Y=37,K=22,S=3,X=1,R=1,C=1 || L2:[sp=Y,1] X=1,S=1,C=1,R=1,Y=5,K=4",-88629283.0,-163323000.0,1,K|Y,1
C,91,C,2,K,59,Y,5,X,90,R,1,S,1,K,59,R,1,X,49,C,1,Y,5,K,4,S,1,"L1:[sp=C,91] C=2,K=59,Y=5,X=90,R=1,S=1 || L2:[sp=K,59] R=1,X=49,C=1,Y=5,K=4,S=1",-inf,-inf,0,C|K,1
K,91,Y,5,S,3,X,1,K,34,R,1,C,1,K,59,X,1,R,1,C,1,Y,4,K,8,S,1,"L1:[sp=K,91] Y=5,S=3,X=1,K=34,R=1,C=1 || L2:[sp=K,59] X=1,R=1,C=1,Y=4,K=8,S=1",-inf,-inf,0,K|K,1
Y,91,Y,37,K,59,X,1,S,1,R,2,C,1,K,1,X,1,S,1,C,1,Y,26,R,1,K,4,"L1:[sp=Y,91] Y=37,K=59,X=1,S=1,R=2,C=1 || L2:[sp=K,1] X=1,S=1,C=1,Y=26,R=1,K=4",-inf,-inf,0,Y|K,1
Y,91,Y,37,K,59,X,1,S,2,R,3,C,1,K,1,X,1,S,2,C,1,Y,26,R,2,K,4,"L1:[sp=Y,91] Y=37,K=59,X=1,S=2,R=3,C=1 || L2:[sp=K,1] X=1,S=2,C=1,Y=26,R=2,K=4",-inf,-inf,0,Y|K,1
K,91,Y,58,X,44,S,1,K,59,R,2,C,1,Y,1,K,4,Y,26,C,1,R,1,S,1,X,1,"L1:[sp=K,91] Y=58,X=44,S=1,K=59,R=2,C=1 || L2:[sp=Y,1] K=4,Y=26,C=1,R=1,S=1,X=1",-inf,-inf,0,K|Y,1
Y,91,Y,60,K,59,X,1,S,3,R,2,C,1,K,1,X,1,S,1,C,1,Y,26,R,1,K,4,"L1:[sp=Y,91] Y=60,K=59,X=1,S=3,R=2,C=1 || L2:[sp=K,1] X=1,S=1,C=1,Y=26,R=1,K=4",-inf,-inf,0,Y|K,1
K,91,Y,37,K,22,S,1,X,1,R,1,C,1,Y,1,X,1,S,1,C,1,R,1,Y,5,K,4,"L1:[sp=K,91] Y=37,K=22,S=1,X=1,R=1,C=1 || L2:[sp=Y,1] X=1,S=1,C=1,R=1,Y=5,K=4",-inf,-inf,0,K|Y,1
K,91,Y,37,K,22,S,2,X,1,R,1,C,1,Y,1,X,1,S,1,K,4,R,1,Y,2,C,1,"L1:[sp=K,91] Y=37,K=22,S=2,X=1,R=1,C=1 || L2:[sp=Y,1] X=1,S=1,K=4,R=1,Y=2,C=1",-inf,-inf,0,K|Y,1
K,91,Y,58,X,1,S,3,K,59,R,3,C,1,Y,1,K,4,S,1,C,1,R,2,Y,26,X,1,"L1:[sp=K,91] Y=58,X=1,S=3,K=59,R=3,C=1 || L2:[sp=Y,1] K=4,S=1,C=1,R=2,Y=26,X=1",-inf,-inf,0,K|Y,1
K,91,Y,37,X,1,S,3,K,59,R,1,C,1,Y,1,K,4,S,1,C,1,R,1,Y,5,X,1,"L1:[sp=K,91] Y=37,X=1,S=3,K=59,R=1,C=1 || L2:[sp=Y,1] K=4,S=1,C=1,R=1,Y=5,X=1",-inf,-inf,0,K|Y,1
K,91,Y,58,K,63,S,3,C,1,R,3,X,1,Y,1,X,1,S,1,C,1,R,2,Y,26,K,4,"L1:[sp=K,91] Y=58,K=63,S=3,C=1,R=3,X=1 || L2:[sp=Y,1] X=1,S=1,C=1,R=2,Y=26,K=4",-242435989.0,-163323000.0,1,K|Y,1
K,91,Y,181,K,22,S,3,X,1,R,1,C,1,Y,1,X,1,S,1,C,1,R,1,Y,5,K,4,"L1:[sp=K,91] Y=181,K=22,S=3,X=1,R=1,C=1 || L2:[sp=Y,1] X=1,S=1,C=1,R=1,Y=5,K=4",-inf,-inf,0,K|Y,1
Y,91,Y,37,K,59,X,1,S,1,R,2,C,1,K,1,Y,19,S,1,C,1,X,1,R,1,K,4,"L1:[sp=Y,91] Y=37,K=59,X=1,S=1,R=2,C=1 || L2:[sp=K,1] Y=19,S=1,C=1,X=1,R=1,K=4",-inf,-inf,0,Y|K,1
Y,91,Y,37,K,59,X,1,S,2,R,3,C,1,K,1,X,1,S,1,C,1,Y,26,R,2,K,4,"L1:[sp=Y,91] Y=37,K=59,X=1,S=2,R=3,C=1 || L2:[sp=K,1] X=1,S=1,C=1,Y=26,R=2,K=4",-inf,-inf,0,Y|K,1
C,91,Y,58,X,1,S,1,K,59,R,2,C,1,K,1,K,4,S,1,C,1,R,1,Y,26,X,1,"L1:[sp=C,91] Y=58,X=1,S=1,K=59,R=2,C=1 || L2:[sp=K,1] K=4,S=1,C=1,R=1,Y=26,X=1",-27952513.0,-163323000.0,1,C|K,1
K,91,Y,37,K,22,S,3,X,1,R,1,C,1,Y,1,X,1,S,1,C,1,R,1,Y,4,K,1,"L1:[sp=K,91] Y=37,K=22,S=3,X=1,R=1,C=1 || L2:[sp=Y,1] X=1,S=1,C=1,R=1,Y=4,K=1",-inf,-inf,0,K|Y,1
K,91,Y,58,X,1,S,2,K,59,R,3,C,1,K,1,K,4,S,1,C,1,R,2,Y,26,X,1,"L1:[sp=K,91] Y=58,X=1,S=2,K=59,R=3,C=1 || L2:[sp=K,1] K=4,S=1,C=1,R=2,Y=26,X=1",-inf,-inf,0,K|K,1
Y,91,Y,37,K,59,X,1,S,2,R,3,C,1,K,1,X,1,S,1,K,4,Y,26,R,2,C,1,"L1:[sp=Y,91] Y=37,K=59,X=1,S=2,R=3,C=1 || L2:[sp=K,1] X=1,S=1,K=4,Y=26,R=2,C=1",-inf,-inf,0,Y|K,1
K,91,Y,58,X,1,S,1,K,59,R,2,C,3,Y,1,K,4,S,1,C,1,R,1,Y,26,X,1,"L1:[sp=K,91] Y=58,X=1,S=1,K=59,R=2,C=3 || L2:[sp=Y,1] K=4,S=1,C=1,R=1,Y=26,X=1",-inf,-inf,0,K|Y,1
K,91,Y,58,X,1,S,2,K,59,R,3,C,1,Y,1,K,4,S,1,C,1,R,3,Y,26,X,1,"L1:[sp=K,91] Y=58,X=1,S=2,K=59,R=3,C=1 || L2:[sp=Y,1] K=4,S=1,C=1,R=3,Y=26,X=1",-inf,-inf,0,K|Y,1
Y,91,Y,37,K,59,X,1,S,1,R,2,C,1,K,1,X,1,S,1,C,1,Y,26,R,1,K,4,"L1:[sp=Y,91] Y=37,K=59,X=1,S=1,R=2,C=1 || L2:[sp=K,1] X=1,S=1,C=1,Y=26,R=1,K=4",-inf,-inf,0,Y|K,1
K,91,Y,58,X,1,S,2,K,59,R,3,C,1,Y,1,K,4,S,1,C,1,R,1,Y,26,X,1,"L1:[sp=K,91] Y=58,X=1,S=2,K=59,R=3,C=1 || L2:[sp=Y,1] K=4,S=1,C=1,R=1,Y=26,X=1",-inf,-inf,0,K|Y,1
K,91,Y,37,K,31,S,3,X,1,R,1,C,1,Y,1,X,1,S,1,C,1,R,1,Y,5,K,4,"L1:[sp=K,91] Y=37,K=31,S=3,X=1,R=1,C=1 || L2:[sp=Y,1] X=1,S=1,C=1,R=1,Y=5,K=4",-124880995.0,-163323000.0,1,K|Y,1
C,91,Y,58,X,1,S,1,K,59,R,2,C,1,K,1,K,4,S,1,C,1,R,1,Y,26,X,1,"L1:[sp=C,91] Y=58,X=1,S=1,K=59,R=2,C=1 || L2:[sp=K,1] K=4,S=1,C=1,R=1,Y=26,X=1",-27952513.0,-163323000.0,1,C|K,1
K,91,Y,37,K,31,R,2,X,93,S,1,C,3,Y,1,X,1,S,1,C,1,R,1,Y,5,K,4,"L1:[sp=K,91] Y=37,K=31,R=2,X=93,S=1,C=3 || L2:[sp=Y,1] X=1,S=1,C=1,R=1,Y=5,K=4",-inf,-inf,0,K|Y,1
C,91,Y,58,X,1,S,3,R,1,K,59,C,1,K,1,K,4,S,1,C,1,R,1,Y,26,X,1,"L1:[sp=C,91] Y=58,X=1,S=3,R=1,K=59,C=1 || L2:[sp=K,1] K=4,S=1,C=1,R=1,Y=26,X=1",-81499753.0,-163323000.0,1,C|K,1
K,91,Y,37,X,224,S,3,K,59,R,1,C,1,C,1,K,4,S,1,C,1,R,1,Y,5,X,1,"L1:[sp=K,91] Y=37,X=224,S=3,K=59,R=1,C=1 || L2:[sp=C,1] K=4,S=1,C=1,R=1,Y=5,X=1",-inf,-inf,0,K|C,1
Y,91,Y,58,K,31,S,1,X,1,R,2,C,1,K,1,X,1,S,1,C,1,R,1,Y,26,K,4,"L1:[sp=Y,91] Y=58,K=31,S=1,X=1,R=2,C=1 || L2:[sp=K,1] X=1,S=1,C=1,R=1,Y=26,K=4",-inf,-inf,0,Y|K,1
C,91,Y,58,K,63,S,1,C,1,R,3,X,1,Y,1,X,1,S,1,C,1,R,2,Y,26,K,4,"L1:[sp=C,91] Y=58,K=63,S=1,C=1,R=3,X=1 || L2:[sp=Y,1] X=1,S=1,C=1,R=2,Y=26,K=4",-28479361.0,-163323000.0,1,C|Y,1
C,91,Y,58,X,1,S,3,K,59,R,2,C,1,K,1,K,4,S,1,C,1,R,1,Y,26,X,1,"L1:[sp=C,91] Y=58,X=1,S=3,K=59,R=2,C=1 || L2:[sp=K,1] K=4,S=1,C=1,R=1,Y=26,X=1",-inf,-inf,0,C|K,1
K,91,Y,37,K,31,S,3,X,1,R,3,C,1,Y,1,X,1,S,1,C,1,R,2,Y,5,K,4,"L1:[sp=K,91] Y=37,K=31,S=3,X=1,R=3,C=1 || L2:[sp=Y,1] X=1,S=1,C=1,R=2,Y=5,K=4",-130445425.0,-163323000.0,1,K|Y,1
K,91,Y,58,K,63,S,3,C,3,R,1,X,1,Y,1,X,1,S,1,C,1,R,1,Y,26,K,4,"L1:[sp=K,91] Y=58,K=63,S=3,C=3,R=1,X=1 || L2:[sp=Y,1] X=1,S=1,C=1,R=1,Y=26,K=4",-inf,-inf,0,K|Y,1
K,91,Y,37,K,31,S,3,X,1,R,3,C,1,Y,1,X,1,Y,30,C,1,R,1,S,1,K,4,"L1:[sp=K,91] Y=37,K=31,S=3,X=1,R=3,C=1 || L2:[sp=Y,1] X=1,Y=30,C=1,R=1,S=1,K=4",-inf,-inf,0,K|Y,1
C,91,Y,58,X,1,S,1,K,59,R,2,C,1,K,1,K,4,S,1,C,1,R,1,Y,26,X,1,"L1:[sp=C,91] Y=58,X=1,S=1,K=59,R=2,C=1 || L2:[sp=K,1] K=4,S=1,C=1,R=1,Y=26,X=1",-inf,-inf,0,C|K,1
C,91,Y,58,X,1,S,3,C,1,K,59,R,3,K,1,K,4,S,1,C,1,R,2,Y,26,X,1,"L1:[sp=C,91] Y=58,X=1,S=3,C=1,K=59,R=3 || L2:[sp=K,1] K=4,S=1,C=1,R=2,Y=26,X=1",-84661033.0,-163323000.0,1,C|K,1
Y,91,Y,58,K,32,S,1,C,2,R,2,X,1,K,1,X,1,S,1,C,1,R,1,Y,26,K,4,"L1:[sp=Y,91] Y=58,K=32,S=1,C=2,R=2,X=1 || L2:[sp=K,1] X=1,S=1,C=1,R=1,Y=26,K=4",-22842625.0,-163323000.0,1,Y|K,1
K,91,Y,37,K,31,S,3,X,1,R,3,C,1,Y,1,X,1,S,1,C,1,R,2,Y,5,K,4,"L1:[sp=K,91] Y=37,K=31,S=3,X=1,R=3,C=1 || L2:[sp=Y,1] X=1,S=1,C=1,R=2,Y=5,K=4",-inf,-inf,0,K|Y,1
K,91,Y,58,S,3,K,63,C,1,R,1,X,1,Y,1,X,1,S,1,R,1,C,1,Y,26,K,43,"L1:[sp=K,91] Y=58,S=3,K=63,C=1,R=1,X=1 || L2:[sp=Y,1] X=1,S=1,R=1,C=1,Y=26,K=43",-inf,-inf,0,K|Y,1
K,91,Y,37,K,31,X,1,S,1,R,1,C,1,Y,1,X,1,S,1,C,1,R,1,Y,5,K,4,"L1:[sp=K,91] Y=37,K=31,X=1,S=1,R=1,C=1 || L2:[sp=Y,1] X=1,S=1,C=1,R=1,Y=5,K=4",-42039649.0,-163323000.0,1,K|Y,1
C,91,Y,58,X,1,S,1,K,59,R,2,C,1,K,1,K,4,S,1,C,1,R,1,Y,26,X,1,"L1:[sp=C,91] Y=58,X=1,S=1,K=59,R=2,C=1 || L2:[sp=K,1] K=4,S=1,C=1,R=1,Y=26,X=1",-inf,-inf,0,C|K,1
Y,91,Y,37,K,31,S,3,C,1,R,1,X,135,K,1,X,1,S,3,C,1,R,1,Y,5,K,4,"L1:[sp=Y,91] Y=37,K=31,S=3,C=1,R=1,X=135 || L2:[sp=K,1] X=1,S=3,C=1,R=1,Y=5,K=4",-inf,-inf,0,Y|K,1
K,91,Y,58,K,63,R,3,C,1,S,3,X,204,Y,1,X,1,S,1,C,1,R,2,Y,26,K,4,"L1:[sp=K,91] Y=58,K=63,R=3,C=1,S=3,X=204 || L2:[sp=Y,1] X=1,S=1,C=1,R=2,Y=26,K=4",-inf,-inf,0,K|Y,1
K,91,Y,37,K,31,S,3,X,1,R,3,C,1,Y,1,X,1,S,1,C,1,R,1,Y,5,K,4,"L1:[sp=K,91] Y=37,K=31,S=3,X=1,R=3,C=1 || L2:[sp=Y,1] X=1,S=1,C=1,R=1,Y=5,K=4",-inf,-inf,0,K|Y,1
K,91,Y,58,K,18,S,3,C,1,R,3,X,1,Y,1,X,1,S,1,C,1,R,2,Y,26,K,4,"L1:[sp=K,91] Y=58,K=18,S=3,C=1,R=3,X=1 || L2:[sp=Y,1] X=1,S=1,C=1,R=2,Y=26,K=4",-inf,-inf,0,K|Y,1
Y,91,Y,58,K,32,S,1,C,2,R,2,X,1,K,1,X,1,S,1,C,1,R,1,Y,26,K,4,"L1:[sp=Y,91] Y=58,K=32,S=1,C=2,R=2,X=1 || L2:[sp=K,1] X=1,S=1,C=1,R=1,Y=26,K=4",-inf,-inf,0,Y|K,1
C,91,Y,58,X,1,S,3,C,1,K,59,R,3,K,1,K,4,S,1,C,1,R,2,Y,26,X,1,"L1:[sp=C,91] Y=58,X=1,S=3,C=1,K=59,R=3 || L2:[sp=K,1] K=4,S=1,C=1,R=2,Y=26,X=1",-inf,-inf,0,C|K,1
Y,91,Y,58,K,32,S,1,C,2,R,2,X,181,K,1,X,1,S,1,C,1,R,1,Y,26,K,4,"L1:[sp=Y,91] Y=58,K=32,S=1,C=2,R=2,X=181 || L2:[sp=K,1] X=1,S=1,C=1,R=1,Y=26,K=4",-inf,-inf,0,Y|K,1
K,91,Y,37,K,31,S,3,X,1,R,3,C,1,Y,1,R,2,S,1,C,1,X,1,Y,5,K,4,"L1:[sp=K,91] Y=37,K=31,S=3,X=1,R=3,C=1 || L2:[sp=Y,1] R=2,S=1,C=1,X=1,Y=5,K=4",-inf,-inf,0,K|Y,1
K,91,Y,37,K,5,X,1,S,3,R,1,C,1,Y,1,X,1,S,1,C,1,R,1,Y,5,K,4,"L1:[sp=K,91] Y=37,K=5,X=1,S=3,R=1,C=1 || L2:[sp=Y,1] X=1,S=1,C=1,R=1,Y=5,K=4",-20153827.0,-163323000.0,1,K|Y,1
Y,91,Y,58,K,32,S,3,C,1,R,1,X,1,K,1,X,1,S,1,C,1,R,1,Y,26,K,4,"L1:[sp=Y,91] Y=58,K=32,S=3,C=1,R=1,X=1 || L2:[sp=K,1] X=1,S=1,C=1,R=1,Y=26,K=4",-inf,-inf,0,Y|K,1
C,91,Y,58,X,1,S,3,R,2,K,59,C,1,K,1,K,4,S,1,C,1,R,1,Y,26,X,1,"L1:[sp=C,91] Y=58,X=1,S=3,R=2,K=59,C=1 || L2:[sp=K,1] K=4,S=1,C=1,R=1,Y=26,X=1",-inf,-inf,0,C|K,1
C,91,Y,58,K,63,C,1,S,2,R,3,X,1,Y,1,X,1,S,1,C,1,R,2,Y,26,K,55,"L1:[sp=C,91] Y=58,K=63,C=1,S=2,R=3,X=1 || L2:[sp=Y,1] X=1,S=1,C=1,R=2,Y=26,K=55",-inf,-inf,0,C|Y,1
Y,91,Y,58,K,32,S,1,C,1,R,2,X,126,K,1,X,1,S,1,Y,26,R,1,C,1,K,4,"L1:[sp=Y,91] Y=58,K=32,S=1,C=1,R=2,X=126 || L2:[sp=K,1] X=1,S=1,Y=26,R=1,C=1,K=4",-inf,-inf,0,Y|K,1
C,91,Y,12,X,1,S,3,C,1,K,59,R,3,K,1,K,4,S,1,C,1,R,2,Y,12,X,1,"L1:[sp=C,91] Y=12,X=1,S=3,C=1,K=59,R=3 || L2:[sp=K,1] K=4,S=1,C=1,R=2,Y=12,X=1",-100491853.0,-163323000.0,1,C|K,1
C,91,Y,58,X,1,S,3,R,2,K,6,C,1,K,1,K,4,S,1,C,1,R,1,Y,26,X,1,"L1:[sp=C,91] Y=58,X=1,S=3,R=2,K=6,C=1 || L2:[sp=K,1] K=4,S=1,C=1,R=1,Y=26,X=1",-inf,-inf,0,C|K,1
Y,91,Y,58,K,31,X,1,S,3,R,1,C,1,K,1,C,1,S,1,X,1,R,1,Y,41,K,4,"L1:[sp=Y,91] Y=58,K=31,X=1,S=3,R=1,C=1 || L2:[sp=K,1] C=1,S=1,X=1,R=1,Y=41,K=4",-inf,-inf,0,Y|K,1
C,91,Y,37,X,1,S,1,R,1,K,59,C,1,K,1,K,4,S,1,C,1,R,1,Y,5,X,1,"L1:[sp=C,91] Y=37,X=1,S=1,R=1,K=59,C=1 || L2:[sp=K,1] K=4,S=1,C=1,R=1,Y=5,X=1",-inf,-inf,0,C|K,1
C,91,Y,58,X,37,S,3,R,1,K,59,C,1,K,1,K,4,S,1,C,1,R,1,Y,26,X,1,"L1:[sp=C,91] Y=58,X=37,S=3,R=1,K=59,C=1 || L2:[sp=K,1] K=4,S=1,C=1,R=1,Y=26,X=1",-inf,-inf,0,C|K,1
K,91,Y,37,K,31,X,1,S,1,R,1,C,1,K,31,X,1,S,1,C,1,R,1,Y,5,K,4,"L1:[sp=K,91] Y=37,K=31,X=1,S=1,R=1,C=1 || L2:[sp=K,31] X=1,S=1,C=1,R=1,Y=5,K=4",-5461345.0,-163323000.0,1,K|K,1
C,91,Y,58,R,3,S,3,X,1,K,59,C,1,K,1,K,4,S,1,C,1,R,2,Y,26,X,1,"L1:[sp=C,91] Y=58,R=3,S=3,X=1,K=59,C=1 || L2:[sp=K,1] K=4,S=1,C=1,R=2,Y=26,X=1",-84661033.0,-163323000.0,1,C|K,1
C,91,Y,58,X,1,S,3,C,3,K,59,R,1,K,1,K,4,S,1,C,1,R,1,Y,26,X,1,"L1:[sp=C,91] Y=58,X=1,S=3,C=3,K=59,R=1 || L2:[sp=K,1] K=4,S=1,C=1,R=1,Y=26,X=1",-inf,-inf,0,C|K,1
K,91,Y,37,K,31,S,3,X,1,R,3,C,1,Y,1,X,1,S,2,C,1,R,2,Y,25,K,4,"L1:[sp=K,91] Y=37,K=31,S=3,X=1,R=3,C=1 || L2:[sp=Y,1] X=1,S=2,C=1,R=2,Y=25,K=4",-inf,-inf,0,K|Y,1
C,91,Y,58,X,1,S,3,C,1,K,50,R,3,C,1,K,4,S,1,C,1,R,2,Y,26,X,1,"L1:[sp=C,91] Y=58,X=1,S=3,C=1,K=50,R=3 || L2:[sp=C,1] K=4,S=1,C=1,R=2,Y=26,X=1",-inf,-inf,0,C|C,1
K,91,Y,37,K,31,X,1,S,1,R,1,C,1,K,31,X,1,S,1,C,1,R,1,Y,5,K,4,"L1:[sp=K,91] Y=37,K=31,X=1,S=1,R=1,C=1 || L2:[sp=K,31] X=1,S=1,C=1,R=1,Y=5,K=4",-inf,-inf,0,K|K,1
K,91,Y,37,K,31,X,28,S,3,R,3,C,1,K,31,R,2,S,1,C,1,Y,5,X,1,K,4,"L1:[sp=K,91] Y=37,K=31,X=28,S=3,R=3,C=1 || L2:[sp=K,31] R=2,S=1,C=1,Y=5,X=1,K=4",-inf,-inf,0,K|K,1
C,91,Y,12,X,1,S,1,C,1,K,59,R,1,K,1,K,3,S,1,C,1,R,1,Y,12,X,1,"L1:[sp=C,91] Y=12,X=1,S=1,C=1,K=59,R=1 || L2:[sp=K,1] K=3,S=1,C=1,R=1,Y=12,X=1",-29494081.0,-163323000.0,1,C|K,1
C,91,Y,58,R,1,X,3,S,3,K,59,C,1,K,1,S,1,K,4,C,1,R,1,Y,26,X,1,"L1:[sp=C,91] Y=58,R=1,X=3,S=3,K=59,C=1 || L2:[sp=K,1] S=1,K=4,C=1,R=1,Y=26,X=1",-45276457.0,-163323000.0,1,C|K,1
K,91,C,1,K,5,X,1,S,3,Y,37,R,3,Y,1,X,1,S,1,R,3,C,1,Y,5,K,4,"L1:[sp=K,91] C=1,K=5,X=1,S=3,Y=37,R=3 || L2:[sp=Y,1] X=1,S=1,R=3,C=1,Y=5,K=4",-21042937.0,-163323000.0,1,K|Y,1
C,91,Y,12,X,1,S,3,C,1,K,59,R,3,K,1,K,4,S,1,C,1,R,2,Y,12,X,1,"L1:[sp=C,91] Y=12,X=1,S=3,C=1,K=59,R=3 || L2:[sp=K,1] K=4,S=1,C=1,R=2,Y=12,X=1",-inf,-inf,0,C|K,1
K,91,Y,195,R,1,S,3,X,1,K,59,C,1,C,1,K,4,S,1,C,1,R,1,Y,26,X,1,"L1:[sp=K,91] Y=195,R=1,S=3,X=1,K=59,C=1 || L2:[sp=C,1] K=4,S=1,C=1,R=1,Y=26,X=1",-248263489.0,-163323000.0,1,K|C,1
K,91,Y,37,K,5,X,218,S,1,R,1,C,1,Y,1,X,1,S,1,C,1,R,1,Y,5,K,4,"L1:[sp=K,91] Y=37,K=5,X=218,S=1,R=1,C=1 || L2:[sp=Y,1] X=1,S=1,C=1,R=1,Y=5,K=4",-inf,-inf,0,K|Y,1
C,91,Y,219,X,24,S,3,C,1,K,59,R,3,K,1,K,4,S,1,C,1,R,2,Y,12,X,1,"L1:[sp=C,91] Y=219,X=24,S=3,C=1,K=59,R=3 || L2:[sp=K,1] K=4,S=1,C=1,R=2,Y=12,X=1",-inf,-inf,0,C|K,1
K,91,Y,37,K,6,X,1,S,1,R,1,C,1,K,6,X,1,S,1,R,1,Y,5,C,1,K,4,"L1:[sp=K,91] Y=37,K=6,X=1,S=1,R=1,C=1 || L2:[sp=K,6] X=1,S=1,R=1,Y=5,C=1,K=4",-5461345.0,-163323000.0,1,K|K,1
C,91,Y,58,R,3,S,1,X,1,K,59,C,1,K,1,K,4,S,1,C,1,R,2,Y,26,X,1,"L1:[sp=C,91] Y=58,R=3,S=1,X=1,K=59,C=1 || L2:[sp=K,1] K=4,S=1,C=1,R=2,Y=26,X=1",-inf,-inf,0,C|K,1
X,91,Y,37,K,5,X,36,S,3,R,1,C,1,Y,1,X,1,S,1,C,1,R,1,Y,5,K,4,"L1:[sp=X,91] Y=37,K=5,X=36,S=3,R=1,C=1 || L2:[sp=Y,1] X=1,S=1,C=1,R=1,Y=5,K=4",-inf,-inf,0,X|Y,1
C,91,Y,12,X,1,S,3,C,1,K,59,R,3,K,1,K,4,C,1,S,1,R,2,Y,12,X,1,"L1:[sp=C,91] Y=12,X=1,S=3,C=1,K=59,R=3 || L2:[sp=K,1] K=4,C=1,S=1,R=2,Y=12,X=1",-inf,-inf,0,C|K,1
K,91,Y,12,X,1,S,3,C,1,K,59,R,3,C,1,K,4,S,1,C,1,R,2,Y,12,X,1,"L1:[sp=K,91] Y=12,X=1,S=3,C=1,K=59,R=3 || L2:[sp=C,1] K=4,S=1,C=1,R=2,Y=12,X=1",-269490907.0,-163323000.0,1,K|C,1
K,91,Y,37,K,31,X,1,S,1,R,3,C,1,K,31,X,1,S,1,C,1,R,1,Y,5,K,4,"L1:[sp=K,91] Y=37,K=31,X=1,S=1,R=3,C=1 || L2:[sp=K,31] X=1,S=1,C=1,R=1,Y=5,K=4",-inf,-inf,0,K|K,1
Y,91,X,1,K,5,Y,37,S,3,R,1,C,1,Y,1,X,1,S,2,C,1,R,1,Y,5,K,4,"L1:[sp=Y,91] X=1,K=5,Y=37,S=3,R=1,C=1 || L2:[sp=Y,1] X=1,S=2,C=1,R=1,Y=5,K=4",-28413559.0,-163323000.0,1,Y|Y,1
C,91,Y,12,X,1,S,3,C,1,K,4,R,3,K,1,K,3,S,1,C,1,R,2,Y,12,X,1,"L1:[sp=C,91] Y=12,X=1,S=3,C=1,K=4,R=3 || L2:[sp=K,1] K=3,S=1,C=1,R=2,Y=12,X=1",-inf,-inf,0,C|K,1
X,91,Y,58,R,3,S,3,X,1,K,59,C,1,K,1,K,4,S,1,C,1,R,1,Y,26,X,1,"L1:[sp=X,91] Y=58,R=3,S=3,X=1,K=59,C=1 || L2:[sp=K,1] K=4,S=1,C=1,R=1,Y=26,X=1",-inf,-inf,0,X|K,1
C,91,Y,174,X,1,S,3,C,1,K,59,R,3,C,1,K,4,S,1,C,1,R,2,Y,12,X,1,"L1:[sp=C,91] Y=174,X=1,S=3,C=1,K=59,R=3 || L2:[sp=C,1] K=4,S=1,C=1,R=2,Y=12,X=1",-inf,-inf,0,C|C,1
C,91,Y,85,X,1,S,1,C,1,K,59,R,3,K,1,K,4,S,1,C,1,R,3,Y,12,X,1,"L1:[sp=C,91] Y=85,X=1,S=1,C=1,K=59,R=3 || L2:[sp=K,1] K=4,S=1,C=1,R=3,Y=12,X=1",-inf,-inf,0,C|K,1
K,91,Y,37,K,6,X,1,S,1,R,1,C,1,K,6,X,1,S,1,R,1,Y,5,C,1,K,4,"L1:[sp=K,91] Y=37,K=6,X=1,S=1,R=1,C=1 || L2:[sp=K,6] X=1,S=1,R=1,Y=5,C=1,K=4",-inf,-inf,0,K|K,1
C,91,Y,195,K,59,S,1,X,1,R,1,C,3,K,1,K,4,S,1,C,1,R,1,Y,26,X,1,"L1:[sp=C,91] Y=195,K=59,S=1,X=1,R=1,C=3 || L2:[sp=K,1] K=4,S=1,C=1,R=1,Y=26,X=1",-93413377.0,-163323000.0,1,C|K,1
C,91,Y,12,X,1,S,3,C,1,K,59,R,1,K,1,K,3,S,1,C,1,R,1,Y,12,X,1,"L1:[sp=C,91] Y=12,X=1,S=3,C=1,K=59,R=1 || L2:[sp=K,1] K=3,S=1,C=1,R=1,Y=12,X=1",-inf,-inf,0,C|K,1
C,91,Y,58,R,1,X,1,S,3,K,59,C,1,K,1,S,1,K,4,C,1,R,1,Y,26,X,1,"L1:[sp=C,91] Y=58,R=1,X=1,S=3,K=59,C=1 || L2:[sp=K,1] S=1,K=4,C=1,R=1,Y=26,X=1",-inf,-inf,0,C|K,1
K,91,Y,37,K,60,X,12,S,3,R,1,C,1,K,6,X,1,S,1,K,48,Y,5,C,1,R,1,"L1:[sp=K,91] Y=37,K=60,X=12,S=3,R=1,C=1 || L2:[sp=K,6] X=1,S=1,K=48,Y=5,C=1,R=1",-inf,-inf,0,K|K,1
K,91,Y,184,K,6,X,1,S,1,R,1,C,1,K,6,X,1,S,1,R,1,C,1,Y,5,K,4,"L1:[sp=K,91] Y=184,K=6,X=1,S=1,R=1,C=1 || L2:[sp=K,6] X=1,S=1,R=1,C=1,Y=5,K=4",-inf,-inf,0,K|K,1
K,91,Y,12,X,1,S,3,C,1,K,59,R,3,C,1,K,4,S,1,C,1,R,2,Y,5,X,1,"L1:[sp=K,91] Y=12,X=1,S=3,C=1,K=59,R=3 || L2:[sp=C,1] K=4,S=1,C=1,R=2,Y=5,X=1",-inf,-inf,0,K|C,1
K,91,S,1,K,28,X,1,Y,37,R,1,C,1,X,1,X,1,S,1,R,1,K,4,C,1,Y,5,"L1:[sp=K,91] S=1,K=28,X=1,Y=37,R=1,C=1 || L2:[sp=X,1] X=1,S=1,R=1,K=4,C=1,Y=5",-37975393.0,-163323000.0,1,K|X,1
C,91,Y,12,X,1,S,1,C,1,K,59,R,1,K,1,K,3,S,1,C,1,R,1,Y,12,X,1,"L1:[sp=C,91] Y=12,X=1,S=1,C=1,K=59,R=1 || L2:[sp=K,1] K=3,S=1,C=1,R=1,Y=12,X=1",-inf,-inf,0,C|K,1
K,91,Y,58,R,1,X,3,S,3,K,59,C,1,K,1,S,2,K,4,C,1,R,1,Y,16,X,1,"L1:[sp=K,91] Y=58,R=1,X=3,S=3,K=59,C=1 || L2:[sp=K,1] S=2,K=4,C=1,R=1,Y=16,X=1",-109397161.0,-163323000.0,1,K|K,1
Y,91,C,2,K,5,Y,37,S,3,R,1,X,1,C,1,X,1,S,1,C,1,R,1,Y,15,K,4,"L1:[sp=Y,91] C=2,K=5,Y=37,S=3,R=1,X=1 || L2:[sp=C,1] X=1,S=1,C=1,R=1,Y=15,K=4",-42598693.0,-163323000.0,1,Y|C,1
K,91,Y,37,K,6,X,1,S,3,R,3,C,1,K,6,X,1,S,1,R,1,Y,5,C,1,K,4,"L1:[sp=K,91] Y=37,K=6,X=1,S=3,R=3,C=1 || L2:[sp=K,6] X=1,S=1,R=1,Y=5,C=1,K=4",-inf,-inf,0,K|K,1
K,91,C,1,K,5,X,1,S,1,Y,37,R,1,Y,1,X,1,S,1,R,1,C,1,Y,5,K,4,"L1:[sp=K,91] C=1,K=5,X=1,S=1,Y=37,R=1 || L2:[sp=Y,1] X=1,S=1,R=1,C=1,Y=5,K=4",-inf,-inf,0,K|Y,1
K,91,C,1,K,5,X,1,S,3,Y,37,R,3,Y,1,X,1,S,1,R,3,C,1,Y,5,K,4,"L1:[sp=K,91] C=1,K=5,X=1,S=3,Y=37,R=3 || L2:[sp=Y,1] X=1,S=1,R=3,C=1,Y=5,K=4",-inf,-inf,0,K|Y,1
C,91,Y,195,R,1,S,3,X,1,K,59,C,1,K,1,K,4,S,1,C,1,R,1,Y,26,X,1,"L1:[sp=C,91] Y=195,R=1,S=3,X=1,K=59,C=1 || L2:[sp=K,1] K=4,S=1,C=1,R=1,Y=26,X=1",-inf,-inf,0,C|K,1
K,91,Y,12,X,1,S,3,C,1,K,59,R,3,C,1,K,4,S,1,C,1,R,2,Y,12,X,1,"L1:[sp=K,91] Y=12,X=1,S=3,C=1,K=59,R=3 || L2:[sp=C,1] K=4,S=1,C=1,R=2,Y=12,X=1",-269490907.0,-163323000.0,1,K|C,1
C,91,Y,58,R,1,X,3,S,3,K,59,C,1,C,1,S,1,K,4,C,1,R,1,Y,2,X,1,"L1:[sp=C,91] Y=58,R=1,X=3,S=3,K=59,C=1 || L2:[sp=C,1] S=1,K=4,C=1,R=1,Y=2,X=1",-inf,-inf,0,C|C,1
X,91,Y,12,K,6,X,1,S,1,R,1,C,1,K,6,X,1,S,1,R,1,Y,12,C,1,K,4,"L1:[sp=X,91] Y=12,K=6,X=1,S=1,R=1,C=1 || L2:[sp=K,6] X=1,S=1,R=1,Y=12,C=1,K=4",-2212057.0,-163323000.0,1,X|K,1
C,91,Y,37,X,1,S,1,C,1,K,59,R,1,K,1,K,3,S,1,C,1,R,1,Y,5,X,1,"L1:[sp=C,91] Y=37,X=1,S=1,C=1,K=59,R=1 || L2:[sp=K,1] K=3,S=1,C=1,R=1,Y=5,X=1",-inf,-inf,0,C|K,1
K,91,Y,195,X,1,S,3,C,1,K,59,R,1,C,1,K,4,S,1,Y,26,R,1,C,1,X,1,"L1:[sp=K,91] Y=195,X=1,S=3,C=1,K=59,R=1 || L2:[sp=C,1] K=4,S=1,Y=26,R=1,C=1,X=1",-inf,-inf,0,K|C,1
K,91,Y,12,R,3,S,3,X,78,K,59,C,1,C,1,K,4,S,1,C,1,R,2,Y,12,X,1,"L1:[sp=K,91] Y=12,R=3,S=3,X=78,K=59,C=1 || L2:[sp=C,1] K=4,S=1,C=1,R=2,Y=12,X=1",-inf,-inf,0,K|C,1
X,91,Y,12,K,6,X,1,S,1,R,1,C,1,K,6,X,1,S,1,R,1,Y,12,C,1,K,4,"L1:[sp=X,91] Y=12,K=6,X=1,S=1,R=1,C=1 || L2:[sp=K,6] X=1,S=1,R=1,Y=12,C=1,K=4",-inf,-inf,0,X|K,1
K,91,Y,32,K,59,X,1,S,3,R,1,C,2,K,1,S,1,K,4,C,1,R,1,Y,15,X,1,"L1:[sp=K,91] Y=32,K=59,X=1,S=3,R=1,C=2 || L2:[sp=K,1] S=1,K=4,C=1,R=1,Y=15,X=1",-inf,-inf,0,K|K,1
K,91,C,1,K,5,Y,58,S,3,R,1,X,3,C,1,X,1,S,2,C,1,R,1,Y,16,K,4,"L1:[sp=K,91] C=1,K=5,Y=58,S=3,R=1,X=3 || L2:[sp=C,1] X=1,S=2,C=1,R=1,Y=16,K=4",-inf,-inf,0,K|C,1
K,91,S,1,K,28,X,1,Y,12,R,1,C,1,X,1,X,1,S,1,R,1,K,5,C,1,Y,12,"L1:[sp=K,91] S=1,K=28,X=1,Y=12,R=1,C=1 || L2:[sp=X,1] X=1,S=1,R=1,K=5,C=1,Y=12",-38725345.0,-163323000.0,1,K|X,1
X,91,Y,112,K,6,X,1,S,1,R,1,C,1,K,6,X,1,S,1,R,1,Y,5,C,1,K,4,"L1:[sp=X,91] Y=112,K=6,X=1,S=1,R=1,C=1 || L2:[sp=K,6] X=1,S=1,R=1,Y=5,C=1,K=4",-inf,-inf,0,X|K,1
K,91,Y,58,R,1,X,3,S,1,K,59,C,3,K,1,S,1,K,4,C,1,R,1,Y,16,X,1,"L1:[sp=K,91] Y=58,R=1,X=3,S=1,K=59,C=3 || L2:[sp=K,1] S=1,K=4,C=1,R=1,Y=16,X=1",-inf,-inf,0,K|K,1
C,91,Y,195,K,59,S,3,X,1,R,3,C,3,K,1,K,4,S,2,C,1,R,1,Y,26,X,1,"L1:[sp=C,91] Y=195,K=59,S=3,X=1,R=3,C=3 || L2:[sp=K,1] K=4,S=2,C=1,R=1,Y=26,X=1",-inf,-inf,0,C|K,1
X,91,Y,12,K,6,X,1,S,1,R,1,C,1,K,6,X,1,S,1,R,1,Y,12,C,1,K,4,"L1:[sp=X,91] Y=12,K=6,X=1,S=1,R=1,C=1 || L2:[sp=K,6] X=1,S=1,R=1,Y=12,C=1,K=4",-inf,-inf,0,X|K,1
K,91,S,1,K,28,X,1,Y,37,R,1,C,1,X,1,X,1,S,1,R,1,K,8,C,1,Y,5,"L1:[sp=K,91] S=1,K=28,X=1,Y=37,R=1,C=1 || L2:[sp=X,1] X=1,S=1,R=1,K=8,C=1,Y=5",-inf,-inf,0,K|X,1
K,91,Y,12,X,1,S,2,C,1,K,59,R,1,C,1,K,4,S,1,C,1,R,1,Y,12,X,1,"L1:[sp=K,91] Y=12,X=1,S=2,C=1,K=59,R=1 || L2:[sp=C,1] K=4,S=1,C=1,R=1,Y=12,X=1",-162065251.0,-163323000.0,1,K|C,1
X,91,Y,12,K,6,X,1,S,3,R,3,C,1,K,6,X,1,S,1,R,2,Y,12,C,1,K,4,"L1:[sp=X,91] Y=12,K=6,X=1,S=3,R=3,C=1 || L2:[sp=K,6] X=1,S=1,R=2,Y=12,C=1,K=4",-7247065.0,-163323000.0,1,X|K,1
K,91,Y,12,X,1,S,1,C,1,K,59,R,1,C,1,K,4,S,1,C,1,R,1,Y,12,X,1,"L1:[sp=K,91] Y=12,X=1,S=1,C=1,K=59,R=1 || L2:[sp=C,1] K=4,S=1,C=1,R=1,Y=12,X=1",-inf,-inf,0,K|C,1
X,91,Y,12,K,6,X,1,S,3,R,3,C,1,K,6,C,1,S,1,R,2,Y,12,X,1,K,4,"L1:[sp=X,91] Y=12,K=6,X=1,S=3,R=3,C=1 || L2:[sp=K,6] C=1,S=1,R=2,Y=12,X=1,K=4",-inf,-inf,0,X|K,1
C,91,Y,58,K,59,S,3,X,3,R,1,C,1,K,1,K,4,S,2,C,1,R,1,Y,16,X,1,"L1:[sp=C,91] Y=58,K=59,S=3,X=3,R=1,C=1 || L2:[sp=K,1] K=4,S=2,C=1,R=1,Y=16,X=1",-40792945.0,-163323000.0,1,C|K,1
K,91,Y,76,R,1,X,1,S,1,K,59,C,2,K,1,S,1,K,4,C,1,R,1,Y,26,X,1,"L1:[sp=K,91] Y=76,R=1,X=1,S=1,K=59,C=2 || L2:[sp=K,1] S=1,K=4,C=1,R=1,Y=26,X=1",-inf,-inf,0,K|K,1
Y,91,Y,58,R,1,X,3,S,3,K,59,C,1,K,1,S,2,K,4,C,1,R,1,Y,16,X,1,"L1:[sp=Y,91] Y=58,R=1,X=3,S=3,K=59,C=1 || L2:[sp=K,1] S=2,K=4,C=1,R=1,Y=16,X=1",-30594709.0,-163324000.0,1,Y|K,1
X,91,Y,12,K,6,X,1,C,1,R,1,S,1,K,6,X,1,S,1,R,1,Y,12,C,1,K,4,"L1:[sp=X,91] Y=12,K=6,X=1,C=1,R=1,S=1 || L2:[sp=K,6] X=1,S=1,R=1,Y=12,C=1,K=4",-2212057.0,-163323000.0,1,X|K,1
X,91,S,1,K,28,X,101,Y,37,R,1,C,1,X,1,X,1,S,1,C,1,K,4,R,1,Y,5,"L1:[sp=X,91] S=1,K=28,X=101,Y=37,R=1,C=1 || L2:[sp=X,1] X=1,S=1,C=1,K=4,R=1,Y=5",-inf,-inf,0,X|X,1
X,91,Y,12,K,16,S,1,X,1,R,1,C,1,X,1,X,1,R,1,S,1,Y,12,C,1,K,4,"L1:[sp=X,91] Y=12,K=16,S=1,X=1,R=1,C=1 || L2:[sp=X,1] X=1,R=1,S=1,Y=12,C=1,K=4",-inf,-inf,0,X|X,1
K,91,S,1,K,28,C,1,Y,3,R,1,X,1,X,1,X,1,S,1,R,1,K,22,C,1,Y,3,"L1:[sp=K,91] S=1,K=28,C=1,Y=3,R=1,X=1 || L2:[sp=X,1] X=1,S=1,R=1,K=22,C=1,Y=3",-inf,-inf,0,K|X,1
X,91,Y,58,R,1,X,3,S,3,K,59,C,1,K,1,S,2,K,4,C,1,R,1,Y,16,X,1,"L1:[sp=X,91] Y=58,R=1,X=3,S=3,K=59,C=1 || L2:[sp=K,1] S=2,K=4,C=1,R=1,Y=16,X=1",-inf,-inf,0,X|K,1
X,91,Y,12,K,6,X,1,C,1,R,1,S,1,K,6,X,1,S,1,R,1,Y,12,C,1,K,4,"L1:[sp=X,91] Y=12,K=6,X=1,C=1,R=1,S=1 || L2:[sp=K,6] X=1,S=1,R=1,Y=12,C=1,K=4",-inf,-inf,0,X|K,1
K,91,S,2,K,28,X,1,Y,12,R,1,C,1,X,1,X,1,S,1,R,1,K,5,C,1,Y,4,"L1:[sp=K,91] S=2,K=28,X=1,Y=12,R=1,C=1 || L2:[sp=X,1] X=1,S=1,R=1,K=5,C=1,Y=4",-inf,-inf,0,K|X,1
K,91,Y,12,X,1,S,1,C,1,K,59,R,1,C,1,K,4,S,1,C,1,R,1,Y,12,X,1,"L1:[sp=K,91] Y=12,X=1,S=1,C=1,K=59,R=1 || L2:[sp=C,1] K=4,S=1,C=1,R=1,Y=12,X=1",-inf,-inf,0,K|C,1
C,91,Y,201,K,59,S,3,X,3,R,1,C,1,X,3,K,4,S,2,C,1,R,1,Y,16,X,1,"L1:[sp=C,91] Y=201,K=59,S=3,X=3,R=1,C=1 || L2:[sp=X,3] K=4,S=2,C=1,R=1,Y=16,X=1",-inf,-inf,0,C|X,1
K,91,C,1,X,1,S,2,Y,12,K,59,R,1,C,1,K,4,S,1,C,1,R,1,Y,12,X,1,"L1:[sp=K,91] C=1,X=1,S=2,Y=12,K=59,R=1 || L2:[sp=C,1] K=4,S=1,C=1,R=1,Y=12,X=1",-162065251.0,-163323000.0,1,K|C,1
Y,91,Y,12,R,1,X,26,S,1,K,59,C,1,X,1,S,1,K,4,C,1,R,1,Y,12,X,1,"L1:[sp=Y,91] Y=12,R=1,X=26,S=1,K=59,C=1 || L2:[sp=X,1] S=1,K=4,C=1,R=1,Y=12,X=1",-inf,-inf,0,Y|X,1
X,91,Y,58,K,6,X,3,C,1,R,1,S,3,K,6,X,1,S,2,R,1,Y,16,C,1,K,4,"L1:[sp=X,91] Y=58,K=6,X=3,C=1,R=1,S=3 || L2:[sp=K,6] X=1,S=2,R=1,Y=16,C=1,K=4",-inf,-inf,0,X|K,1
K,91,S,3,K,58,X,69,Y,12,R,1,C,1,X,1,X,1,S,2,R,1,K,5,Y,12,C,1,"L1:[sp=K,91] S=3,K=58,X=69,Y=12,R=1,C=1 || L2:[sp=X,1] X=1,S=2,R=1,K=5,Y=12,C=1",-inf,-inf,0,K|X,1
C,91,Y,196,C,1,X,1,S,1,K,59,R,1,K,1,S,1,K,4,C,1,R,1,Y,16,X,1,"L1:[sp=C,91] Y=196,C=1,X=1,S=1,K=59,R=1 || L2:[sp=K,1] S=1,K=4,C=1,R=1,Y=16,X=1",-28748161.0,-163323000.0,1,C|K,1
K,91,S,3,K,28,X,1,Y,126,R,3,C,1,X,1,X,1,S,1,R,1,K,5,C,1,Y,12,"L1:[sp=K,91] S=3,K=28,X=1,Y=126,R=3,C=1 || L2:[sp=X,1] X=1,S=1,R=1,K=5,C=1,Y=12",-inf,-inf,0,K|X,1
X,91,Y,12,K,6,X,1,S,1,R,3,C,2,X,1,X,1,S,1,R,2,Y,12,C,1,K,2,"L1:[sp=X,91] Y=12,K=6,X=1,S=1,R=3,C=2 || L2:[sp=X,1] X=1,S=1,R=2,Y=12,C=1,K=2",-inf,-inf,0,X|X,1
Y,91,Y,58,R,3,X,3,S,3,K,59,C,1,K,1,S,2,C,1,R,1,K,4,Y,16,X,1,"L1:[sp=Y,91] Y=58,R=3,X=3,S=3,K=59,C=1 || L2:[sp=K,1] S=2,C=1,R=1,K=4,Y=16,X=1",-inf,-inf,0,Y|K,1
C,91,Y,58,K,59,S,2,X,3,R,1,C,1,K,1,K,4,S,2,C,1,R,1,Y,16,X,1,"L1:[sp=C,91] Y=58,K=59,S=2,X=3,R=1,C=1 || L2:[sp=K,1] K=4,S=2,C=1,R=1,Y=16,X=1",-inf,-inf,0,C|K,1
Y,91,Y,58,K,59,S,3,X,3,R,1,C,1,K,1,K,4,S,2,C,1,R,1,Y,16,X,1,"L1:[sp=Y,91] Y=58,K=59,S=3,X=3,R=1,C=1 || L2:[sp=K,1] K=4,S=2,C=1,R=1,Y=16,X=1",-inf,-inf,0,Y|K,1
Y,91,Y,58,R,1,X,3,S,3,K,59,C,1,K,1,S,2,K,4,C,1,R,1,Y,16,X,1,"L1:[sp=Y,91] Y=58,R=1,X=3,S=3,K=59,C=1 || L2:[sp=K,1] S=2,K=4,C=1,R=1,Y=16,X=1",-inf,-inf,0,Y|K,1
C,91,C,1,K,59,S,3,X,3,R,1,Y,58,K,1,K,4,S,2,C,1,R,1,Y,16,X,1,"L1:[sp=C,91] C=1,K=59,S=3,X=3,R=1,Y=58 || L2:[sp=K,1] K=4,S=2,C=1,R=1,Y=16,X=1",-40792945.0,-163323000.0,1,C|K,1
K,91,S,1,K,28,X,1,Y,12,R,1,C,1,Y,1,X,1,S,1,R,1,C,1,K,22,Y,12,"L1:[sp=K,91] S=1,K=28,X=1,Y=12,R=1,C=1 || L2:[sp=Y,1] X=1,S=1,R=1,C=1,K=22,Y=12",-inf,-inf,0,K|Y,1
C,91,Y,58,C,1,S,3,X,3,R,1,K,59,K,1,K,4,S,2,C,1,R,1,Y,16,X,1,"L1:[sp=C,91] Y=58,C=1,S=3,X=3,R=1,K=59 || L2:[sp=K,1] K=4,S=2,C=1,R=1,Y=16,X=1",-40792945.0,-163323000.0,1,C|K,1
K,91,Y,12,S,2,X,1,C,1,R,1,K,6,K,6,X,1,S,1,R,1,Y,12,C,1,K,4,"L1:[sp=K,91] Y=12,S=2,X=1,C=1,R=1,K=6 || L2:[sp=K,6] X=1,S=1,R=1,Y=12,C=1,K=4",-inf,-inf,0,K|K,1
Y,91,S,1,K,28,X,110,Y,12,R,1,C,1,X,1,X,1,C,1,R,1,K,5,S,1,Y,12,"L1:[sp=Y,91] S=1,K=28,X=110,Y=12,R=1,C=1 || L2:[sp=X,1] X=1,C=1,R=1,K=5,S=1,Y=12",-inf,-inf,0,Y|X,1
C,91,Y,58,K,59,S,3,X,3,R,1,C,1,K,1,K,4,S,2,C,1,R,1,Y,38,X,1,"L1:[sp=C,91] Y=58,K=59,S=3,X=3,R=1,C=1 || L2:[sp=K,1] K=4,S=2,C=1,R=1,Y=38,X=1",-inf,-inf,0,C|K,1
C,91,Y,196,C,1,X,1,S,1,K,59,R,1,K,1,S,1,K,4,C,1,R,1,Y,16,X,1,"L1:[sp=C,91] Y=196,C=1,X=1,S=1,K=59,R=1 || L2:[sp=K,1] S=1,K=4,C=1,R=1,Y=16,X=1",-inf,-inf,0,C|K,1
C,91,S,1,C,1,X,1,Y,196,K,59,R,1,K,1,S,1,K,4,C,1,R,1,Y,81,X,1,"L1:[sp=C,91] S=1,C=1,X=1,Y=196,K=59,R=1 || L2:[sp=K,1] S=1,K=4,C=1,R=1,Y=81,X=1",-inf,-inf,0,C|K,1
C,91,Y,58,C,1,S,3,X,3,R,1,K,59,K,1,K,4,S,2,C,1,R,1,Y,16,X,1,"L1:[sp=C,91] Y=58,C=1,S=3,X=3,R=1,K=59 || L2:[sp=K,1] K=4,S=2,C=1,R=1,Y=16,X=1",-inf,-inf,0,C|K,1
C,91,Y,196,C,1,X,1,S,1,K,23,R,1,K,1,S,1,K,4,C,1,R,1,Y,16,X,1,"L1:[sp=C,91] Y=196,C=1,X=1,S=1,K=23,R=1 || L2:[sp=K,1] S=1,K=4,C=1,R=1,Y=16,X=1",-inf,-inf,0,C|K,1
C,91,Y,58,C,1,S,3,X,3,R,1,K,59,K,1,K,4,S,2,C,1,R,1,Y,16,X,1,"L1:[sp=C,91] Y=58,C=1,S=3,X=3,R=1,K=59 || L2:[sp=K,1] K=4,S=2,C=1,R=1,Y=16,X=1",-inf,-inf,0,C|K,1
C,91,Y,196,C,1,S,1,X,1,R,1,K,59,K,1,K,4,S,1,C,1,R,1,Y,84,X,1,"L1:[sp=C,91] Y=196,C=1,S=1,X=1,R=1,K=59 || L2:[sp=K,1] K=4,S=1,C=1,R=1,Y=84,X=1",-inf,-inf,0,C|K,1
C,91,Y,58,C,1,X,3,S,3,K,28,R,1,K,1,S,2,K,4,C,1,R,1,Y,16,X,1,"L1:[sp=C,91] Y=58,C=1,X=3,S=3,K=28,R=1 || L2:[sp=K,1] S=2,K=4,C=1,R=1,Y=16,X=1",-inf,-inf,0,C|K,1
C,91,C,1,X,3,S,3,Y,159,K,59,R,1,K,1,K,4,S,2,C,1,R,1,Y,12,X,1,"L1:[sp=C,91] C=1,X=3,S=3,Y=159,K=59,R=1 || L2:[sp=K,1] K=4,S=2,C=1,R=1,Y=12,X=1",-39033817.0,-163324000.0,1,C|K,1
C,91,Y,58,C,1,S,2,X,46,R,1,K,59,K,1,K,4,S,1,C,1,R,1,Y,16,X,1,"L1:[sp=C,91] Y=58,C=1,S=2,X=46,R=1,K=59 || L2:[sp=K,1] K=4,S=1,C=1,R=1,Y=16,X=1",-inf,-inf,0,C|K,1
C,91,Y,12,C,1,R,1,S,2,K,59,X,35,K,1,S,1,K,4,C,1,R,1,Y,12,X,1,"L1:[sp=C,91] Y=12,C=1,R=1,S=2,K=59,X=35 || L2:[sp=K,1] S=1,K=4,C=1,R=1,Y=12,X=1",-31150957.0,-163323000.0,1,C|K,1
K,91,C,1,X,1,S,1,Y,196,K,59,R,1,C,1,K,4,S,1,C,1,X,1,Y,16,R,1,"L1:[sp=K,91] C=1,X=1,S=1,Y=196,K=59,R=1 || L2:[sp=C,1] K=4,S=1,C=1,X=1,Y=16,R=1",-inf,-inf,0,K|C,1
C,91,Y,142,C,1,X,1,S,1,K,59,R,1,K,1,S,1,C,1,K,4,R,1,Y,16,X,1,"L1:[sp=C,91] Y=142,C=1,X=1,S=1,K=59,R=1 || L2:[sp=K,1] S=1,C=1,K=4,R=1,Y=16,X=1",-inf,-inf,0,C|K,1
C,91,Y,58,C,3,S,3,X,3,R,1,K,11,K,1,K,4,S,2,C,3,X,1,Y,16,R,1,"L1:[sp=C,91] Y=58,C=3,S=3,X=3,R=1,K=11 || L2:[sp=K,1] K=4,S=2,C=3,X=1,Y=16,R=1",-inf,-inf,0,C|K,1
C,91,Y,58,C,1,S,3,X,3,R,1,K,59,K,1,K,36,S,2,C,1,R,1,Y,54,X,1,"L1:[sp=C,91] Y=58,C=1,S=3,X=3,R=1,K=59 || L2:[sp=K,1] K=36,S=2,C=1,R=1,Y=54,X=1",-inf,-inf,0,C|K,1
C,91,Y,196,C,1,X,109,S,1,K,59,R,1,K,1,S,1,K,4,C,1,R,1,Y,16,X,1,"L1:[sp=C,91] Y=196,C=1,X=109,S=1,K=59,R=1 || L2:[sp=K,1] S=1,K=4,C=1,R=1,Y=16,X=1",-inf,-inf,0,C|K,1
C,91,Y,58,C,1,X,3,S,3,K,59,R,1,K,1,S,2,K,30,C,1,R,1,Y,38,X,1,"L1:[sp=C,91] Y=58,C=1,X=3,S=3,K=59,R=1 || L2:[sp=K,1] S=2,K=30,C=1,R=1,Y=38,X=1",-inf,-inf,0,C|K,1
K,91,Y,196,C,1,S,1,X,1,R,1,K,59,K,1,K,4,S,1,C,1,R,1,Y,153,X,1,"L1:[sp=K,91] Y=196,C=1,S=1,X=1,R=1,K=59 || L2:[sp=K,1] K=4,S=1,C=1,R=1,Y=153,X=1",-inf,-inf,0,K|K,1
C,91,C,1,X,3,S,3,Y,58,K,59,R,1,K,1,K,31,R,1,C,1,S,2,Y,16,X,1,"L1:[sp=C,91] C=1,X=3,S=3,Y=58,K=59,R=1 || L2:[sp=K,1] K=31,R=1,C=1,S=2,Y=16,X=1",-inf,-inf,0,C|K,1
K,91,C,1,K,59,S,2,X,1,R,3,Y,206,C,1,K,43,S,1,C,1,R,1,Y,12,X,1,"L1:[sp=K,91] C=1,K=59,S=2,X=1,R=3,Y=206 || L2:[sp=C,1] K=43,S=1,C=1,R=1,Y=12,X=1",-inf,-inf,0,K|C,1
K,91,C,1,X,155,S,2,Y,12,K,59,R,1,C,1,K,4,S,1,C,1,R,1,Y,12,X,1,"L1:[sp=K,91] C=1,X=155,S=2,Y=12,K=59,R=1 || L2:[sp=C,1] K=4,S=1,C=1,R=1,Y=12,X=1",-inf,-inf,0,K|C,1
K,91,Y,196,C,1,X,1,S,1,K,59,R,1,C,1,S,1,K,4,C,1,R,1,Y,16,X,1,"L1:[sp=K,91] Y=196,C=1,X=1,S=1,K=59,R=1 || L2:[sp=C,1] S=1,K=4,C=1,R=1,Y=16,X=1",-77087809.0,-163323000.0,1,K|C,1
C,91,Y,12,C,1,R,1,S,2,K,59,X,35,K,1,S,1,K,4,C,1,R,1,Y,12,X,1,"L1:[sp=C,91] Y=12,C=1,R=1,S=2,K=59,X=35 || L2:[sp=K,1] S=1,K=4,C=1,R=1,Y=12,X=1",-31150957.0,-163323000.0,1,C|K,1
K,91,Y,196,C,1,X,20,S,1,K,59,R,1,X,1,S,1,K,4,C,1,R,1,Y,16,X,1,"L1:[sp=K,91] Y=196,C=1,X=20,S=1,K=59,R=1 || L2:[sp=X,1] S=1,K=4,C=1,R=1,Y=16,X=1",-inf,-inf,0,K|X,1
C,91,C,1,X,3,Y,159,S,2,K,59,R,1,K,1,K,39,S,2,C,1,R,1,Y,12,X,1,"L1:[sp=C,91] C=1,X=3,Y=159,S=2,K=59,R=1 || L2:[sp=K,1] K=39,S=2,C=1,R=1,Y=12,X=1",-inf,-inf,0,C|K,1
K,91,Y,149,C,1,X,1,S,1,K,59,R,1,C,1,S,1,K,4,C,1,X,1,Y,16,R,1,"L1:[sp=K,91] Y=149,C=1,X=1,S=1,K=59,R=1 || L2:[sp=C,1] S=1,K=4,C=1,X=1,Y=16,R=1",-inf,-inf,0,K|C,1
C,91,C,1,X,3,S,3,Y,159,K,59,R,1,K,1,K,4,S,2,C,1,R,1,Y,12,X,1,"L1:[sp=C,91] C=1,X=3,S=3,Y=159,K=59,R=1 || L2:[sp=K,1] K=4,S=2,C=1,R=1,Y=12,X=1",-inf,-inf,0,C|K,1
C,91,C,3,X,3,S,2,Y,159,K,59,R,3,K,1,K,4,S,1,C,1,R,1,Y,12,X,1,"L1:[sp=C,91] C=3,X=3,S=2,Y=159,K=59,R=3 || L2:[sp=K,1] K=4,S=1,C=1,R=1,Y=12,X=1",-inf,-inf,0,C|K,1
C,91,K,59,C,1,R,1,S,3,Y,12,X,85,K,1,S,2,K,4,C,1,R,1,Y,12,X,1,"L1:[sp=C,91] K=59,C=1,R=1,S=3,Y=12,X=85 || L2:[sp=K,1] S=2,K=4,C=1,R=1,Y=12,X=1",-inf,-inf,0,C|K,1
C,91,C,1,X,3,S,1,Y,159,K,59,R,1,K,1,K,4,S,1,C,1,R,1,Y,12,X,1,"L1:[sp=C,91] C=1,X=3,S=1,Y=159,K=59,R=1 || L2:[sp=K,1] K=4,S=1,C=1,R=1,Y=12,X=1",-inf,-inf,0,C|K,1
K,91,Y,196,C,3,X,1,S,3,K,59,R,1,C,1,S,2,K,4,C,1,R,1,Y,16,X,1,"L1:[sp=K,91] Y=196,C=3,X=1,S=3,K=59,R=1 || L2:[sp=C,1] S=2,K=4,C=1,R=1,Y=16,X=1",-inf,-inf,0,K|C,1
X,91,Y,12,C,1,R,1,S,2,K,59,X,35,K,1,S,1,K,4,C,1,R,1,Y,12,X,1,"L1:[sp=X,91] Y=12,C=1,R=1,S=2,K=59,X=35 || L2:[sp=K,1] S=1,K=4,C=1,R=1,Y=12,X=1",-inf,-inf,0,X|K,1
C,91,C,1,X,3,S,3,Y,159,K,59,R,1,K,1,K,4,S,2,X,1,R,1,Y,12,C,1,"L1:[sp=C,91] C=1,X=3,S=3,Y=159,K=59,R=1 || L2:[sp=K,1] K=4,S=2,X=1,R=1,Y=12,C=1",-inf,-inf,0,C|K,1
C,91,C,1,X,65,S,2,Y,159,K,59,R,1,K,1,K,4,S,1,C,1,R,1,Y,12,X,1,"L1:[sp=C,91] C=1,X=65,S=2,Y=159,K=59,R=1 || L2:[sp=K,1] K=4,S=1,C=1,R=1,Y=12,X=1",-inf,-inf,0,C|K,1
C,91,Y,12,C,1,R,1,S,3,K,59,X,3,K,1,S,2,K,4,C,1,R,1,Y,7,X,2,"L1:[sp=C,91] Y=12,C=1,R=1,S=3,K=59,X=3 || L2:[sp=K,1] S=2,K=4,C=1,R=1,Y=7,X=2",-inf,-inf,0,C|K,1
C,91,Y,12,X,35,R,1,S,2,K,59,C,1,K,1,S,1,K,4,C,1,R,1,Y,12,X,1,"L1:[sp=C,91] Y=12,X=35,R=1,S=2,K=59,C=1 || L2:[sp=K,1] S=1,K=4,C=1,R=1,Y=12,X=1",-31150957.0,-163323000.0,1,C|K,1
X,91,Y,158,C,1,X,1,S,1,K,59,R,1,C,1,K,4,S,1,C,1,R,1,Y,16,X,1,"L1:[sp=X,91] Y=158,C=1,X=1,S=1,K=59,R=1 || L2:[sp=C,1] K=4,S=1,C=1,R=1,Y=16,X=1",-inf,-inf,0,X|C,1
K,91,Y,196,C,1,R,1,S,1,K,21,X,1,C,1,S,1,K,4,C,1,R,1,Y,16,X,1,"L1:[sp=K,91] Y=196,C=1,R=1,S=1,K=21,X=1 || L2:[sp=C,1] S=1,K=4,C=1,R=1,Y=16,X=1",-27445825.0,-163323000.0,1,K|C,1
K,91,Y,12,C,1,X,35,S,2,K,59,R,1,C,1,S,1,K,4,C,1,R,1,Y,4,X,1,"L1:[sp=K,91] Y=12,C=1,X=35,S=2,K=59,R=1 || L2:[sp=C,1] S=1,K=4,C=1,R=1,Y=4,X=1",-inf,-inf,0,K|C,1
C,91,C,1,X,1,S,1,Y,196,K,59,R,1,K,59,K,4,S,1,C,1,R,1,Y,16,X,1,"L1:[sp=C,91] C=1,X=1,S=1,Y=196,K=59,R=1 || L2:[sp=K,59] K=4,S=1,C=1,R=1,Y=16,X=1",-inf,-inf,0,C|K,1
K,91,Y,159,C,1,X,3,K,59,S,3,R,1,C,1,Y,12,K,4,C,1,R,1,S,2,X,1,"L1:[sp=K,91] Y=159,C=1,X=3,K=59,S=3,R=1 || L2:[sp=C,1] Y=12,K=4,C=1,R=1,S=2,X=1",-104680549.0,-163324000.0,1,K|C,1
C,91,C,1,X,3,S,3,Y,159,K,59,R,1,K,1,R,1,S,2,C,1,K,4,Y,12,X,1,"L1:[sp=C,91] C=1,X=3,S=3,Y=159,K=59,R=1 || L2:[sp=K,1] R=1,S=2,C=1,K=4,Y=12,X=1",-inf,-inf,0,C|K,1
C,91,Y,12,C,1,R,1,S,2,K,59,X,35,K,1,S,1,K,4,C,1,R,1,Y,12,X,1,"L1:[sp=C,91] Y=12,C=1,R=1,S=2,K=59,X=35 || L2:[sp=K,1] S=1,K=4,C=1,R=1,Y=12,X=1",-inf,-inf,0,C|K,1
K,91,Y,196,C,1,R,1,S,1,K,21,X,1,C,1,S,1,K,4,C,1,R,1,Y,16,X,1,"L1:[sp=K,91] Y=196,C=1,R=1,S=1,K=21,X=1 || L2:[sp=C,1] S=1,K=4,C=1,R=1,Y=16,X=1",-inf,-inf,0,K|C,1
C,91,Y,12,C,1,R,1,S,2,K,59,X,98,K,1,S,1,K,4,C,1,R,1,Y,12,X,1,"L1:[sp=C,91] Y=12,C=1,R=1,S=2,K=59,X=98 || L2:[sp=K,1] S=1,K=4,C=1,R=1,Y=12,X=1",-inf,-inf,0,C|K,1
C,91,Y,12,X,35,R,1,S,2,K,59,C,1,K,1,S,1,K,4,C,1,R,1,Y,12,X,1,"L1:[sp=C,91] Y=12,X=35,R=1,S=2,K=59,C=1 || L2:[sp=K,1] S=1,K=4,C=1,R=1,Y=12,X=1",-inf,-inf,0,C|K,1
C,91,Y,159,X,3,R,1,S,3,K,59,C,1,K,1,C,1,K,4,S,2,R,1,Y,12,X,3,"L1:[sp=C,91] Y=159,X=3,R=1,S=3,K=59,C=1 || L2:[sp=K,1] C=1,K=4,S=2,R=1,Y=12,X=3",-inf,-inf,0,C|K,1
X,91,Y,158,C,1,X,35,K,59,S,2,R,1,C,1,Y,12,K,4,C,1,R,1,S,1,X,18,"L1:[sp=X,91] Y=158,C=1,X=35,K=59,S=2,R=1 || L2:[sp=C,1] Y=12,K=4,C=1,R=1,S=1,X=18",-inf,-inf,0,X|C,1
C,91,Y,12,C,1,R,1,S,1,X,1,K,59,K,1,S,1,K,4,C,1,R,1,Y,12,X,1,"L1:[sp=C,91] Y=12,C=1,R=1,S=1,X=1,K=59 || L2:[sp=K,1] S=1,K=4,C=1,R=1,Y=12,X=1",-30413377.0,-163323000.0,1,C|K,1
K,91,Y,76,C,1,R,1,S,2,K,21,X,35,C,1,S,1,K,4,C,1,R,1,Y,16,X,1,"L1:[sp=K,91] Y=76,C=1,R=1,S=2,K=21,X=35 || L2:[sp=C,1] S=1,K=4,C=1,R=1,Y=16,X=1",-inf,-inf,0,K|C,1
C,91,Y,12,X,35,R,2,S,2,K,59,C,1,K,1,S,1,K,4,C,1,R,1,Y,12,X,1,"L1:[sp=C,91] Y=12,X=35,R=2,S=2,K=59,C=1 || L2:[sp=K,1] S=1,K=4,C=1,R=1,Y=12,X=1",-inf,-inf,0,C|K,1
C,91,Y,12,C,1,R,1,S,2,K,59,X,35,K,1,S,1,K,4,C,1,R,1,Y,12,X,1,"L1:[sp=C,91] Y=12,C=1,R=1,S=2,K=59,X=35 || L2:[sp=K,1] S=1,K=4,C=1,R=1,Y=12,X=1",-inf,-inf,0,C|K,1
C,91,Y,12,X,1,R,1,S,1,K,59,C,2,K,1,S,1,K,25,C,1,R,1,Y,12,X,1,"L1:[sp=C,91] Y=12,X=1,R=1,S=1,K=59,C=2 || L2:[sp=K,1] S=1,K=25,C=1,R=1,Y=12,X=1",-inf,-inf,0,C|K,1
K,91,Y,196,C,1,R,1,S,2,K,21,X,17,C,1,S,1,K,4,C,1,R,1,Y,16,X,1,"L1:[sp=K,91] Y=196,C=1,R=1,S=2,K=21,X=17 || L2:[sp=C,1] S=1,K=4,C=1,R=1,Y=16,X=1",-inf,-inf,0,K|C,1
C,91,Y,12,C,1,R,1,S,2,K,59,X,35,K,1,S,1,K,4,C,1,R,1,Y,12,X,1,"L1:[sp=C,91] Y=12,C=1,R=1,S=2,K=59,X=35 || L2:[sp=K,1] S=1,K=4,C=1,R=1,Y=12,X=1",-inf,-inf,0,C|K,1
C,91,Y,12,X,35,C,1,S,2,R,1,K,59,K,1,S,2,K,4,C,1,R,1,Y,12,X,1,"L1:[sp=C,91] Y=12,X=35,C=1,S=2,R=1,K=59 || L2:[sp=K,1] S=2,K=4,C=1,R=1,Y=12,X=1",-40270045.0,-163324000.0,1,C|K,1
C,91,Y,12,C,1,R,1,S,3,K,59,X,3,K,1,S,2,Y,12,C,1,R,1,K,4,X,1,"L1:[sp=C,91] Y=12,C=1,R=1,S=3,K=59,X=3 || L2:[sp=K,1] S=2,Y=12,C=1,R=1,K=4,X=1",-inf,-inf,0,C|K,1
K,91,Y,159,C,1,S,2,K,59,X,35,R,1,C,1,C,1,K,25,Y,12,R,1,S,1,X,1,"L1:[sp=K,91] Y=159,C=1,S=2,K=59,X=35,R=1 || L2:[sp=C,1] C=1,K=25,Y=12,R=1,S=1,X=1",-inf,-inf,0,K|C,1
K,91,Y,12,K,22,R,1,S,2,X,35,C,1,C,1,S,1,K,4,C,1,R,1,Y,12,X,1,"L1:[sp=K,91] Y=12,K=22,R=1,S=2,X=35,C=1 || L2:[sp=C,1] S=1,K=4,C=1,R=1,Y=12,X=1",-31151755.0,-163323000.0,1,K|C,1
K,91,Y,159,C,1,X,3,K,59,S,3,R,1,C,1,Y,12,K,4,C,1,R,1,S,2,X,1,"L1:[sp=K,91] Y=159,C=1,X=3,K=59,S=3,R=1 || L2:[sp=C,1] Y=12,K=4,C=1,R=1,S=2,X=1",-inf,-inf,0,K|C,1
K,91,Y,12,C,1,R,1,S,2,K,21,X,35,C,1,S,1,K,4,C,1,R,1,Y,12,X,25,"L1:[sp=K,91] Y=12,C=1,R=1,S=2,K=21,X=35 || L2:[sp=C,1] S=1,K=4,C=1,R=1,Y=12,X=25",-inf,-inf,0,K|C,1
C,91,Y,80,X,1,R,1,S,1,K,59,C,1,K,1,S,1,K,4,C,1,R,1,Y,16,X,1,"L1:[sp=C,91] Y=80,X=1,R=1,S=1,K=59,C=1 || L2:[sp=K,1] S=1,K=4,C=1,R=1,Y=16,X=1",-inf,-inf,0,C|K,1
K,91,Y,136,C,1,R,1,S,2,K,51,X,1,C,1,S,1,K,4,C,1,R,1,Y,16,X,1,"L1:[sp=K,91] Y=136,C=1,R=1,S=2,K=51,X=1 || L2:[sp=C,1] S=1,K=4,C=1,R=1,Y=16,X=1",-inf,-inf,0,K|C,1
C,91,Y,12,X,35,R,1,S,1,K,59,C,1,K,1,S,1,K,4,C,1,R,1,Y,8,X,1,"L1:[sp=C,91] Y=12,X=35,R=1,S=1,K=59,C=1 || L2:[sp=K,1] S=1,K=4,C=1,R=1,Y=8,X=1",-inf,-inf,0,C|K,1
C,91,Y,12,C,1,R,1,S,1,X,1,K,59,K,1,S,1,K,4,C,1,R,1,Y,12,X,1,"L1:[sp=C,91] Y=12,C=1,R=1,S=1,X=1,K=59 || L2:[sp=K,1] S=1,K=4,C=1,R=1,Y=12,X=1",-inf,-inf,0,C|K,1
C,91,Y,139,X,35,C,1,S,2,R,1,K,59,X,7,S,2,K,4,C,1,R,1,Y,12,X,1,"L1:[sp=C,91] Y=139,X=35,C=1,S=2,R=1,K=59 || L2:[sp=X,7] S=2,K=4,C=1,R=1,Y=12,X=1",-inf,-inf,0,C|X,1
C,91,Y,223,C,1,R,1,S,1,X,89,K,59,K,1,S,1,K,4,C,1,R,1,Y,12,X,1,"L1:[sp=C,91] Y=223,C=1,R=1,S=1,X=89,K=59 || L2:[sp=K,1] S=1,K=4,C=1,R=1,Y=12,X=1",-inf,-inf,0,C|K,1
C,91,Y,12,K,22,R,1,S,3,X,35,C,1,K,1,S,1,K,4,C,1,R,1,Y,12,X,1,"L1:[sp=C,91] Y=12,K=22,R=1,S=3,X=35,C=1 || L2:[sp=K,1] S=1,K=4,C=1,R=1,Y=12,X=1",-30994606.0,-163323000.0,1,C|K,1
C,91,Y,12,C,1,R,1,S,2,X,1,K,59,K,1,S,1,K,4,C,1,R,1,Y,12,X,1,"L1:[sp=C,91] Y=12,C=1,R=1,S=2,X=1,K=59 || L2:[sp=K,1] S=1,K=4,C=1,R=1,Y=12,X=1",-inf,-inf,0,C|K,1
K,91,Y,100,C,1,R,1,S,1,X,1,K,59,C,1,S,1,K,4,C,1,X,1,Y,12,R,1,"L1:[sp=K,91] Y=100,C=1,R=1,S=1,X=1,K=59 || L2:[sp=C,1] S=1,K=4,C=1,X=1,Y=12,R=1",-79948513.0,-163323000.0,1,K|C,1
K,91,Y,12,K,22,R,1,S,2,X,35,C,1,C,1,S,2,K,4,C,1,R,1,Y,12,X,1,"L1:[sp=K,91] Y=12,K=22,R=1,S=2,X=35,C=1 || L2:[sp=C,1] S=2,K=4,C=1,R=1,Y=12,X=1",-inf,-inf,0,K|C,1
C,91,Y,155,C,1,R,1,S,2,X,35,K,59,K,1,S,1,K,4,C,1,R,1,Y,12,X,1,"L1:[sp=C,91] Y=155,C=1,R=1,S=2,X=35,K=59 || L2:[sp=K,1] S=1,K=4,C=1,R=1,Y=12,X=1",-inf,-inf,0,C|K,1
K,91,Y,159,K,22,R,1,S,1,X,1,C,1,C,1,S,1,K,4,C,1,R,1,Y,12,X,1,"L1:[sp=K,91] Y=159,K=22,R=1,S=1,X=1,C=1 || L2:[sp=C,1] S=1,K=4,C=1,R=1,Y=12,X=1",-inf,-inf,0,K|C,1
C,91,R,1,C,1,Y,12,S,1,X,1,K,59,X,1,S,1,K,8,C,1,R,1,Y,12,X,1,"L1:[sp=C,91] R=1,C=1,Y=12,S=1,X=1,K=59 || L2:[sp=X,1] S=1,K=8,C=1,R=1,Y=12,X=1",-28574785.0,-163323000.0,1,C|X,1
K,91,Y,171,X,35,C,1,S,2,R,1,K,39,X,1,S,2,X,1,C,1,R,1,Y,12,K,4,"L1:[sp=K,91] Y=171,X=35,C=1,S=2,R=1,K=39 || L2:[sp=X,1] S=2,X=1,C=1,R=1,Y=12,K=4",-inf,-inf,0,K|X,1
C,91,Y,12,X,1,C,1,S,1,R,1,K,59,C,1,S,1,K,4,C,1,R,1,Y,12,X,1,"L1:[sp=C,91] Y=12,X=1,C=1,S=1,R=1,K=59 || L2:[sp=C,1] S=1,K=4,C=1,R=1,Y=12,X=1",-inf,-inf,0,C|C,1
C,91,Y,12,C,1,R,1,S,2,X,35,K,59,C,1,S,2,K,4,C,1,R,1,Y,12,X,1,"L1:[sp=C,91] Y=12,C=1,R=1,S=2,X=35,K=59 || L2:[sp=C,1] S=2,K=4,C=1,R=1,Y=12,X=1",-inf,-inf,0,C|C,1
K,91,Y,12,C,1,R,1,S,2,X,35,K,59,K,1,S,1,K,4,C,1,R,1,Y,12,X,1,"L1:[sp=K,91] Y=12,C=1,R=1,S=2,X=35,K=59 || L2:[sp=K,1] S=1,K=4,C=1,R=1,Y=12,X=1",-83539315.0,-163323000.0,1,K|K,1
Y,91,Y,12,K,22,R,1,S,1,X,1,C,1,C,1,S,1,K,4,C,1,R,1,Y,12,X,1,"L1:[sp=Y,91] Y=12,K=22,R=1,S=1,X=1,C=1 || L2:[sp=C,1] S=1,K=4,C=1,R=1,Y=12,X=1",-4663009.0,-163323000.0,1,Y|C,1
C,91,Y,12,C,1,R,1,S,1,X,22,K,59,K,1,S,1,K,4,C,1,R,1,Y,12,X,1,"L1:[sp=C,91] Y=12,C=1,R=1,S=1,X=22,K=59 || L2:[sp=K,1] S=1,K=4,C=1,R=1,Y=12,X=1",-inf,-inf,0,C|K,1
C,91,Y,12,X,35,C,1,S,2,R,1,K,59,K,1,S,2,K,4,C,1,R,1,Y,12,X,1,"L1:[sp=C,91] Y=12,X=35,C=1,S=2,R=1,K=59 || L2:[sp=K,1] S=2,K=4,C=1,R=1,Y=12,X=1",-inf,-inf,0,C|K,1
K,91,Y,12,K,22,R,1,S,2,X,35,C,1,C,1,S,2,K,4,C,1,R,1,Y,12,X,1,"L1:[sp=K,91] Y=12,K=22,R=1,S=2,X=35,C=1 || L2:[sp=C,1] S=2,K=4,C=1,R=1,Y=12,X=1",-inf,-inf,0,K|C,1
K,91,Y,12,X,35,C,1,S,2,R,1,K,59,C,1,S,1,K,4,C,1,R,1,Y,12,X,1,"L1:[sp=K,91] Y=12,X=35,C=1,S=2,R=1,K=59 || L2:[sp=C,1] S=1,K=4,C=1,R=1,Y=12,X=1",-83539315.0,-163323000.0,1,K|C,1
C,91,Y,12,C,1,R,1,S,1,X,208,K,59,K,1,S,1,K,4,C,1,R,1,Y,12,X,151,"L1:[sp=C,91] Y=12,C=1,R=1,S=1,X=208,K=59 || L2:[sp=K,1] S=1,K=4,C=1,R=1,Y=12,X=151",-inf,-inf,0,C|K,1
C,91,C,1,X,35,Y,12,S,2,R,1,K,59,K,1,S,1,K,4,C,1,R,1,Y,12,X,8,"L1:[sp=C,91] C=1,X=35,Y=12,S=2,R=1,K=59 || L2:[sp=K,1] S=1,K=4,C=1,R=1,Y=12,X=8",-inf,-inf,0,C|K,1
Y,91,Y,12,K,22,R,1,S,1,X,1,C,1,C,1,S,1,K,4,C,1,R,1,Y,12,X,1,"L1:[sp=Y,91] Y=12,K=22,R=1,S=1,X=1,C=1 || L2:[sp=C,1] S=1,K=4,C=1,R=1,Y=12,X=1",-inf,-inf,0,Y|C,1
K,91,Y,12,C,2,R,1,S,3,X,35,K,59,K,1,S,1,K,4,X,17,R,1,C,1,Y,12,"L1:[sp=K,91] Y=12,C=2,R=1,S=3,X=35,K=59 || L2:[sp=K,1] S=1,K=4,X=17,R=1,C=1,Y=12",-inf,-inf,0,K|K,1
C,91,Y,12,K,22,R,1,S,2,X,35,C,2,K,1,S,1,K,4,C,1,R,1,Y,12,X,1,"L1:[sp=C,91] Y=12,K=22,R=1,S=2,X=35,C=2 || L2:[sp=K,1] S=1,K=4,C=1,R=1,Y=12,X=1",-inf,-inf,0,C|K,1
C,91,Y,100,K,22,R,1,S,1,X,1,C,1,K,1,S,1,K,4,C,1,R,1,Y,92,X,1,"L1:[sp=C,91] Y=100,K=22,R=1,S=1,X=1,C=1 || L2:[sp=K,1] S=1,K=4,C=1,R=1,Y=92,X=1",-inf,-inf,0,C|K,1
K,91,Y,222,C,1,R,1,S,3,X,35,K,59,C,1,S,1,K,4,C,1,X,1,Y,12,R,1,"L1:[sp=K,91] Y=222,C=1,R=1,S=3,X=35,K=59 || L2:[sp=C,1] S=1,K=4,C=1,X=1,Y=12,R=1",-inf,-inf,0,K|C,1
K,91,Y,12,X,35,C,1,S,2,R,1,K,59,C,1,S,1,K,4,C,1,R,1,Y,6,X,1,"L1:[sp=K,91] Y=12,X=35,C=1,S=2,R=1,K=59 || L2:[sp=C,1] S=1,K=4,C=1,R=1,Y=6,X=1",-83539315.0,-163323000.0,1,K|C,1
K,91,Y,12,C,1,R,3,S,2,X,35,K,59,K,1,S,1,X,1,C,1,Y,12,R,1,K,4,"L1:[sp=K,91] Y=12,C=1,R=3,S=2,X=35,K=59 || L2:[sp=K,1] S=1,X=1,C=1,Y=12,R=1,K=4",-inf,-inf,0,K|K,1
C,91,Y,12,K,22,R,1,S,3,X,35,C,1,K,1,S,1,K,4,C,1,R,1,Y,10,X,1,"L1:[sp=C,91] Y=12,K=22,R=1,S=3,X=35,C=1 || L2:[sp=K,1] S=1,K=4,C=1,R=1,Y=10,X=1",-inf,-inf,0,C|K,1
C,91,R,1,C,1,Y,12,S,1,X,1,K,59,C,1,S,1,K,8,C,1,R,1,Y,12,X,1,"L1:[sp=C,91] R=1,C=1,Y=12,S=1,X=1,K=59 || L2:[sp=C,1] S=1,K=8,C=1,R=1,Y=12,X=1",-inf,-inf,0,C|C,1
K,91,Y,100,C,1,R,1,S,1,X,53,K,59,C,1,S,1,K,4,C,1,X,1,Y,11,R,1,"L1:[sp=K,91] Y=100,C=1,R=1,S=1,X=53,K=59 || L2:[sp=C,1] S=1,K=4,C=1,X=1,Y=11,R=1",-inf,-inf,0,K|C,1
Y,91,X,149,K,22,R,1,S,1,Y,12,C,1,C,1,S,1,K,4,C,1,R,1,Y,12,X,1,"L1:[sp=Y,91] X=149,K=22,R=1,S=1,Y=12,C=1 || L2:[sp=C,1] S=1,K=4,C=1,R=1,Y=12,X=1",-inf,-inf,0,Y|C,1
Y,91,Y,12,K,22,R,1,S,1,X,1,C,1,C,1,S,1,K,4,C,1,R,1,Y,12,X,1,"L1:[sp=Y,91] Y=12,K=22,R=1,S=1,X=1,C=1 || L2:[sp=C,1] S=1,K=4,C=1,R=1,Y=12,X=1",-inf,-inf,0,Y|C,1
K,91,Y,12,X,35,C,1,S,2,R,1,K,59,C,1,S,1,K,4,C,1,R,1,Y,12,X,27,"L1:[sp=K,91] Y=12,X=35,C=1,S=2,R=1,K=59 || L2:[sp=C,1] S=1,K=4,C=1,R=1,Y=12,X=27",-inf,-inf,0,K|C,1
C,91,Y,12,K,22,R,1,S,3,X,35,C,1,C,1,S,1,K,4,X,1,R,1,C,1,Y,12,"L1:[sp=C,91] Y=12,K=22,R=1,S=3,X=35,C=1 || L2:[sp=C,1] S=1,K=4,X=1,R=1,C=1,Y=12",-inf,-inf,0,C|C,1
K,91,Y,100,C,1,R,1,S,1,X,1,K,59,K,59,S,1,K,4,R,1,X,1,Y,12,C,1,"L1:[sp=K,91] Y=100,C=1,R=1,S=1,X=1,K=59 || L2:[sp=K,59] S=1,K=4,R=1,X=1,Y=12,C=1",-inf,-inf,0,K|K,1
K,91,Y,12,C,1,R,1,S,1,X,35,K,59,K,1,S,1,K,32,C,1,R,1,Y,12,X,1,"L1:[sp=K,91] Y=12,C=1,R=1,S=1,X=35,K=59 || L2:[sp=K,1] S=1,K=32,C=1,R=1,Y=12,X=1",-inf,-inf,0,K|K,1
C,91,Y,168,C,1,R,1,S,2,X,1,K,59,K,1,S,1,K,4,C,1,X,1,Y,12,R,1,"L1:[sp=C,91] Y=168,C=1,R=1,S=2,X=1,K=59 || L2:[sp=K,1] S=1,K=4,C=1,X=1,Y=12,R=1",-60408025.0,-163323000.0,1,C|K,1
C,91,R,1,C,1,Y,12,S,2,X,1,K,59,X,1,S,1,K,8,C,1,R,1,Y,12,X,1,"L1:[sp=C,91] R=1,C=1,Y=12,S=2,X=1,K=59 || L2:[sp=X,1] S=1,K=8,C=1,R=1,Y=12,X=1",-inf,-inf,0,C|X,1
K,91,Y,12,X,35,C,1,S,1,R,1,K,17,C,1,S,1,K,4,C,1,R,1,Y,12,X,1,"L1:[sp=K,91] Y=12,X=35,C=1,S=1,R=1,K=17 || L2:[sp=C,1] S=1,K=4,C=1,R=1,Y=12,X=1",-inf,-inf,0,K|C,1
K,91,Y,12,R,1,C,1,S,1,X,35,K,59,C,1,S,1,K,4,C,1,R,1,Y,12,X,1,"L1:[sp=K,91] Y=12,R=1,C=1,S=1,X=35,K=59 || L2:[sp=C,1] S=1,K=4,C=1,R=1,Y=12,X=1",-81361288.0,-163323000.0,1,K|C,1
Y,91,Y,12,K,22,R,1,S,2,X,1,C,1,C,1,S,1,K,4,C,1,R,1,Y,12,X,1,"L1:[sp=Y,91] Y=12,K=22,R=1,S=2,X=1,C=1 || L2:[sp=C,1] S=1,K=4,C=1,R=1,Y=12,X=1",-9260299.0,-163323000.0,1,Y|C,1
Y,91,Y,12,K,22,R,1,S,2,X,1,C,1,C,1,S,1,K,4,C,1,R,1,Y,12,X,1,"L1:[sp=Y,91] Y=12,K=22,R=1,S=2,X=1,C=1 || L2:[sp=C,1] S=1,K=4,C=1,R=1,Y=12,X=1",-inf,-inf,0,Y|C,1
K,91,Y,168,R,1,C,1,S,2,X,1,K,59,C,1,S,1,K,4,C,1,R,1,Y,158,X,1,"L1:[sp=K,91] Y=168,R=1,C=1,S=2,X=1,K=59 || L2:[sp=C,1] S=1,K=4,C=1,R=1,Y=158,X=1",-inf,-inf,0,K|C,1
X,91,C,1,R,1,Y,12,S,3,X,35,K,59,K,1,S,1,K,4,C,1,X,1,Y,12,R,1,"L1:[sp=X,91] C=1,R=1,Y=12,S=3,X=35,K=59 || L2:[sp=K,1] S=1,K=4,C=1,X=1,Y=12,R=1",-inf,-inf,0,X|K,1
K,91,Y,12,R,1,C,2,S,2,X,35,K,59,C,1,S,1,K,4,C,1,R,1,Y,12,X,1,"L1:[sp=K,91] Y=12,R=1,C=2,S=2,X=35,K=59 || L2:[sp=C,1] S=1,K=4,C=1,R=1,Y=12,X=1",-inf,-inf,0,K|C,1
C,91,Y,168,C,1,R,1,S,1,X,1,K,25,K,1,S,1,K,4,C,1,X,1,Y,12,R,1,"L1:[sp=C,91] Y=168,C=1,R=1,S=1,X=1,K=25 || L2:[sp=K,1] S=1,K=4,C=1,X=1,Y=12,R=1",-28969921.0,-163323000.0,1,C|K,1
C,91,Y,168,C,1,R,1,S,1,X,1,K,59,K,1,S,1,K,4,C,1,X,1,Y,12,R,1,"L1:[sp=C,91] Y=168,C=1,R=1,S=1,X=1,K=59 || L2:[sp=K,1] S=1,K=4,C=1,X=1,Y=12,R=1",-inf,-inf,0,C|K,1
K,91,Y,12,R,1,C,1,S,2,X,35,K,59,C,1,S,1,K,4,C,1,R,1,Y,12,X,1,"L1:[sp=K,91] Y=12,R=1,C=1,S=2,X=35,K=59 || L2:[sp=C,1] S=1,K=4,C=1,R=1,Y=12,X=1",-inf,-inf,0,K|C,1
K,91,Y,12,R,1,C,1,S,2,X,35,K,59,C,1,S,1,K,4,C,1,R,1,Y,12,X,1,"L1:[sp=K,91] Y=12,R=1,C=1,S=2,X=35,K=59 || L2:[sp=C,1] S=1,K=4,C=1,R=1,Y=12,X=1",-inf,-inf,0,K|C,1
C,91,Y,168,C,1,R,1,S,1,X,1,K,59,K,1,K,4,S,1,C,1,X,1,Y,12,R,1,"L1:[sp=C,91] Y=168,C=1,R=1,S=1,X=1,K=59 || L2:[sp=K,1] K=4,S=1,C=1,X=1,Y=12,R=1",-inf,-inf,0,C|K,1
K,91,Y,12,R,1,C,1,S,2,X,35,K,59,C,1,S,2,K,4,C,1,R,1,Y,12,X,1,"L1:[sp=K,91] Y=12,R=1,C=1,S=2,X=35,K=59 || L2:[sp=C,1] S=2,K=4,C=1,R=1,Y=12,X=1",-inf,-inf,0,K|C,1
K,91,Y,12,X,35,C,1,S,1,R,1,K,59,C,1,S,1,K,4,C,1,X,1,Y,6,R,1,"L1:[sp=K,91] Y=12,X=35,C=1,S=1,R=1,K=59 || L2:[sp=C,1] S=1,K=4,C=1,X=1,Y=6,R=1",-inf,-inf,0,K|C,1
K,91,Y,12,X,35,C,1,S,2,R,1,K,59,C,1,S,1,K,39,C,1,R,1,Y,6,X,1,"L1:[sp=K,91] Y=12,X=35,C=1,S=2,R=1,K=59 || L2:[sp=C,1] S=1,K=39,C=1,R=1,Y=6,X=1",-inf,-inf,0,K|C,1
Y,91,Y,109,K,22,R,1,S,2,X,1,C,1,C,1,S,1,Y,12,R,1,C,1,K,4,X,1,"L1:[sp=Y,91] Y=109,K=22,R=1,S=2,X=1,C=1 || L2:[sp=C,1] S=1,Y=12,R=1,C=1,K=4,X=1",-inf,-inf,0,Y|C,1
C,91,Y,168,C,2,R,1,S,2,X,1,K,59,K,1,S,1,K,4,C,1,X,1,Y,12,R,1,"L1:[sp=C,91] Y=168,C=2,R=1,S=2,X=1,K=59 || L2:[sp=K,1] S=1,K=4,C=1,X=1,Y=12,R=1",-inf,-inf,0,C|K,1
Y,91,Y,12,K,22,R,1,S,2,X,1,C,1,Y,1,S,1,K,4,C,1,R,1,Y,12,X,1,"L1:[sp=Y,91] Y=12,K=22,R=1,S=2,X=1,C=1 || L2:[sp=Y,1] S=1,K=4,C=1,R=1,Y=12,X=1",-inf,-inf,0,Y|Y,1
K,91,Y,204,R,1,C,1,S,2,X,1,K,59,C,1,S,1,K,4,C,1,R,1,Y,12,X,1,"L1:[sp=K,91] Y=204,R=1,C=1,S=2,X=1,K=59 || L2:[sp=C,1] S=1,K=4,C=1,R=1,Y=12,X=1",-inf,-inf,0,K|C,1
Y,91,Y,12,K,22,R,1,S,1,X,35,C,1,C,1,S,1,K,4,C,1,R,1,Y,12,X,1,"L1:[sp=Y,91] Y=12,K=22,R=1,S=1,X=35,C=1 || L2:[sp=C,1] S=1,K=4,C=1,R=1,Y=12,X=1",-inf,-inf,0,Y|C,1
K,91,C,1,Y,168,S,2,R,1,X,1,K,59,K,1,S,1,K,4,C,1,X,1,Y,12,R,1,"L1:[sp=K,91] C=1,Y=168,S=2,R=1,X=1,K=59 || L2:[sp=K,1] S=1,K=4,C=1,X=1,Y=12,R=1",-161997013.0,-163323000.0,1,K|K,1
Y,91,Y,12,K,22,S,2,X,1,R,1,C,1,C,1,S,1,K,4,C,1,R,1,Y,7,X,1,"L1:[sp=Y,91] Y=12,K=22,S=2,X=1,R=1,C=1 || L2:[sp=C,1] S=1,K=4,C=1,R=1,Y=7,X=1",-inf,-inf,0,Y|C,1
K,91,Y,12,X,152,C,1,S,1,R,1,K,59,K,59,S,1,K,4,C,1,R,1,Y,6,X,1,"L1:[sp=K,91] Y=12,X=152,C=1,S=1,R=1,K=59 || L2:[sp=K,59] S=1,K=4,C=1,R=1,Y=6,X=1",-inf,-inf,0,K|K,1
K,91,Y,12,R,1,C,1,S,2,X,35,K,59,C,1,S,1,K,55,C,1,R,1,Y,7,X,1,"L1:[sp=K,91] Y=12,R=1,C=1,S=2,X=35,K=59 || L2:[sp=C,1] S=1,K=55,C=1,R=1,Y=7,X=1",-inf,-inf,0,K|C,1
C,91,Y,168,C,1,R,1,S,1,X,1,K,25,K,1,S,1,K,4,C,1,X,1,Y,12,R,1,"L1:[sp=C,91] Y=168,C=1,R=1,S=1,X=1,K=25 || L2:[sp=K,1] S=1,K=4,C=1,X=1,Y=12,R=1",-inf,-inf,0,C|K,1
K,91,C,1,Y,168,S,1,R,1,X,1,K,59,K,1,S,1,K,4,C,1,X,1,Y,12,R,1,"L1:[sp=K,91] C=1,Y=168,S=1,R=1,X=1,K=59 || L2:[sp=K,1] S=1,K=4,C=1,X=1,Y=12,R=1",-inf,-inf,0,K|K,1
C,91,Y,168,C,1,R,1,S,2,X,1,K,25,K,25,S,1,K,4,C,1,X,1,Y,12,R,1,"L1:[sp=C,91] Y=168,C=1,R=1,S=2,X=1,K=25 || L2:[sp=K,25] S=1,K=4,C=1,X=1,Y=12,R=1",-inf,-inf,0,C|K,1
K,91,C,1,Y,168,S,2,R,1,X,1,K,59,K,1,S,1,X,1,K,4,C,1,Y,12,R,1,"L1:[sp=K,91] C=1,Y=168,S=2,R=1,X=1,K=59 || L2:[sp=K,1] S=1,X=1,K=4,C=1,Y=12,R=1",-inf,-inf,0,K|K,1
C,91,Y,168,C,1,R,3,S,1,X,1,K,25,K,1,R,1,K,4,C,1,X,1,Y,12,S,1,"L1:[sp=C,91] Y=168,C=1,R=3,S=1,X=1,K=25 || L2:[sp=K,1] R=1,K=4,C=1,X=1,Y=12,S=1",-inf,-inf,0,C|K,1
K,91,C,1,Y,168,S,1,R,1,X,12,K,59,K,1,S,1,K,4,C,1,X,1,Y,12,R,1,"L1:[sp=K,91] C=1,Y=168,S=1,R=1,X=12,K=59 || L2:[sp=K,1] S=1,K=4,C=1,X=1,Y=12,R=1",-inf,-inf,0,K|K,1
C,91,K,25,C,1,R,1,S,2,X,1,Y,168,K,1,S,1,K,4,C,1,X,1,Y,12,R,1,"L1:[sp=C,91] K=25,C=1,R=1,S=2,X=1,Y=168 || L2:[sp=K,1] S=1,K=4,C=1,X=1,Y=12,R=1",-57665125.0,-163323000.0,1,C|K,1
Y,91,C,1,Y,168,S,2,R,1,X,1,K,59,K,1,S,1,K,4,Y,12,X,1,C,1,R,1,"L1:[sp=Y,91] C=1,Y=168,S=2,R=1,X=1,K=59 || L2:[sp=K,1] S=1,K=4,Y=12,X=1,C=1,R=1",-inf,-inf,0,Y|K,1
C,91,Y,168,C,3,R,2,S,1,X,1,K,25,K,1,S,1,K,4,C,1,X,1,Y,12,R,1,"L1:[sp=C,91] Y=168,C=3,R=2,S=1,X=1,K=25 || L2:[sp=K,1] S=1,K=4,C=1,X=1,Y=12,R=1",-inf,-inf,0,C|K,1
C,91,Y,168,C,1,R,1,K,25,X,1,S,2,K,1,S,1,K,4,C,1,X,1,Y,115,R,1,"L1:[sp=C,91] Y=168,C=1,R=1,K=25,X=1,S=2 || L2:[sp=K,1] S=1,K=4,C=1,X=1,Y=115,R=1",-inf,-inf,0,C|K,1
K,91,C,1,Y,168,S,1,R,1,X,1,K,55,K,1,S,1,K,42,C,1,X,1,Y,12,R,1,"L1:[sp=K,91] C=1,Y=168,S=1,R=1,X=1,K=55 || L2:[sp=K,1] S=1,K=42,C=1,X=1,Y=12,R=1",-inf,-inf,0,K|K,1
K,91,C,1,X,1,S,1,R,1,Y,168,K,59,K,1,S,1,K,4,C,1,X,1,Y,12,R,1,"L1:[sp=K,91] C=1,X=1,S=1,R=1,Y=168,K=59 || L2:[sp=K,1] S=1,K=4,C=1,X=1,Y=12,R=1",-81369793.0,-163323000.0,1,K|K,1
C,91,Y,168,C,1,R,1,S,2,X,1,K,25,K,1,S,1,K,8,C,1,X,1,Y,12,R,1,"L1:[sp=C,91] Y=168,C=1,R=1,S=2,X=1,K=25 || L2:[sp=K,1] S=1,K=8,C=1,X=1,Y=12,R=1",-inf,-inf,0,C|K,1
K,91,Y,168,C,2,R,1,S,1,X,1,K,25,C,1,S,1,K,4,C,1,X,1,Y,12,R,1,"L1:[sp=K,91] Y=168,C=2,R=1,S=1,X=1,K=25 || L2:[sp=C,1] S=1,K=4,C=1,X=1,Y=12,R=1",-inf,-inf,0,K|C,1
K,91,C,1,Y,168,S,2,K,59,X,1,R,1,Y,24,S,1,K,1,C,1,X,1,Y,12,R,1,"L1:[sp=K,91] C=1,Y=168,S=2,K=59,X=1,R=1 || L2:[sp=Y,24] S=1,K=1,C=1,X=1,Y=12,R=1",-inf,-inf,0,K|Y,1
K,91,C,1,Y,168,S,1,R,3,X,1,K,59,K,1,S,1,C,1,K,4,X,1,Y,12,R,1,"L1:[sp=K,91] C=1,Y=168,S=1,R=3,X=1,K=59 || L2:[sp=K,1] S=1,C=1,K=4,X=1,Y=12,R=1",-inf,-inf,0,K|K,1
C,91,Y,168,C,1,R,1,S,2,X,1,K,25,K,1,S,1,K,4,C,1,X,1,Y,12,R,1,"L1:[sp=C,91] Y=168,C=1,R=1,S=2,X=1,K=25 || L2:[sp=K,1] S=1,K=4,C=1,X=1,Y=12,R=1",-inf,-inf,0,C|K,1
C,91,Y,168,C,1,R,1,S,1,X,1,K,25,K,1,S,1,K,12,C,1,X,1,Y,12,R,1,"L1:[sp=C,91] Y=168,C=1,R=1,S=1,X=1,K=25 || L2:[sp=K,1] S=1,K=12,C=1,X=1,Y=12,R=1",-inf,-inf,0,C|K,1
K,91,S,2,Y,168,C,1,R,1,X,1,K,59,K,1,S,1,K,4,C,1,X,1,Y,12,R,1,"L1:[sp=K,91] S=2,Y=168,C=1,R=1,X=1,K=59 || L2:[sp=K,1] S=1,K=4,C=1,X=1,Y=12,R=1",-161997013.0,-163323000.0,1,K|K,1
C,91,Y,168,C,1,R,2,S,1,X,1,K,25,K,1,S,1,K,4,C,1,X,1,Y,12,R,1,"L1:[sp=C,91] Y=168,C=1,R=2,S=1,X=1,K=25 || L2:[sp=K,1] S=1,K=4,C=1,X=1,Y=12,R=1",-inf,-inf,0,C|K,1
K,91,C,1,Y,168,S,2,R,3,X,102,K,59,K,1,S,1,K,4,C,1,X,1,Y,12,R,1,"L1:[sp=K,91] C=1,Y=168,S=2,R=3,X=102,K=59 || L2:[sp=K,1] S=1,K=4,C=1,X=1,Y=12,R=1",-inf,-inf,0,K|K,1
C,91,K,25,C,1,R,1,S,2,X,1,Y,168,K,1,S,1,K,4,C,1,X,1,Y,12,R,1,"L1:[sp=C,91] K=25,C=1,R=1,S=2,X=1,Y=168 || L2:[sp=K,1] S=1,K=4,C=1,X=1,Y=12,R=1",-57665125.0,-163323000.0,1,C|K,1
C,91,K,25,C,1,R,2,S,2,X,1,Y,168,K,1,S,1,K,4,C,1,Y,12,X,1,R,1,"L1:[sp=C,91] K=25,C=1,R=2,S=2,X=1,Y=168 || L2:[sp=K,1] S=1,K=4,C=1,Y=12,X=1,R=1",-inf,-inf,0,C|K,1
K,91,S,2,Y,168,C,2,R,3,X,104,K,59,K,1,S,1,K,4,C,1,X,1,Y,12,R,1,"L1:[sp=K,91] S=2,Y=168,C=2,R=3,X=104,K=59 || L2:[sp=K,1] S=1,K=4,C=1,X=1,Y=12,R=1",-inf,-inf,0,K|K,1
K,91,S,2,Y,168,C,1,R,1,X,100,K,59,K,1,R,1,K,4,C,1,X,1,Y,12,S,1,"L1:[sp=K,91] S=2,Y=168,C=1,R=1,X=100,K=59 || L2:[sp=K,1] R=1,K=4,C=1,X=1,Y=12,S=1",-inf,-inf,0,K|K,1
K,91,C,1,X,1,R,1,S,1,Y,168,K,59,K,1,S,1,K,4,C,1,R,1,Y,12,X,1,"L1:[sp=K,91] C=1,X=1,R=1,S=1,Y=168,K=59 || L2:[sp=K,1] S=1,K=4,C=1,R=1,Y=12,X=1",-81369793.0,-163323000.0,1,K|K,1
K,91,S,2,Y,168,C,1,R,1,X,153,K,59,K,1,S,1,X,1,C,1,K,4,Y,12,R,1,"L1:[sp=K,91] S=2,Y=168,C=1,R=1,X=153,K=59 || L2:[sp=K,1] S=1,X=1,C=1,K=4,Y=12,R=1",-inf,-inf,0,K|K,1
K,91,C,1,X,1,S,1,R,1,Y,168,K,59,K,1,S,1,K,4,C,1,X,1,Y,6,R,1,"L1:[sp=K,91] C=1,X=1,S=1,R=1,Y=168,K=59 || L2:[sp=K,1] S=1,K=4,C=1,X=1,Y=6,R=1",-inf,-inf,0,K|K,1
K,91,S,1,Y,168,C,1,R,1,X,1,K,27,K,1,S,1,C,1,K,4,X,1,Y,12,R,1,"L1:[sp=K,91] S=1,Y=168,C=1,R=1,X=1,K=27 || L2:[sp=K,1] S=1,C=1,K=4,X=1,Y=12,R=1",-inf,-inf,0,K|K,1
K,91,C,1,X,1,S,2,R,1,Y,168,K,59,K,1,S,1,K,4,C,1,X,1,Y,12,R,1,"L1:[sp=K,91] C=1,X=1,S=2,R=1,Y=168,K=59 || L2:[sp=K,1] S=1,K=4,C=1,X=1,Y=12,R=1",-inf,-inf,0,K|K,1
C,91,K,25,C,1,R,1,S,2,X,80,Y,168,K,1,S,1,K,4,C,1,X,1,Y,12,R,1,"L1:[sp=C,91] K=25,C=1,R=1,S=2,X=80,Y=168 || L2:[sp=K,1] S=1,K=4,C=1,X=1,Y=12,R=1",-inf,-inf,0,C|K,1
K,91,S,2,Y,168,C,1,R,1,X,1,K,59,K,1,S,1,K,4,C,1,X,1,Y,12,R,1,"L1:[sp=K,91] S=2,Y=168,C=1,R=1,X=1,K=59 || L2:[sp=K,1] S=1,K=4,C=1,X=1,Y=12,R=1",-inf,-inf,0,K|K,1
K,91,C,1,K,59,S,2,R,3,Y,168,X,1,K,1,S,1,K,4,C,1,X,1,R,1,Y,151,"L1:[sp=K,91] C=1,K=59,S=2,R=3,Y=168,X=1 || L2:[sp=K,1] S=1,K=4,C=1,X=1,R=1,Y=151",-inf,-inf,0,K|K,1
K,91,K,25,C,1,R,1,S,1,X,27,Y,168,K,1,S,1,K,4,C,1,X,1,Y,12,R,1,"L1:[sp=K,91] K=25,C=1,R=1,S=1,X=27,Y=168 || L2:[sp=K,1] S=1,K=4,C=1,X=1,Y=12,R=1",-inf,-inf,0,K|K,1
K,91,C,1,X,1,S,1,R,1,Y,168,K,59,K,1,S,1,K,4,C,1,X,1,Y,86,R,1,"L1:[sp=K,91] C=1,X=1,S=1,R=1,Y=168,K=59 || L2:[sp=K,1] S=1,K=4,C=1,X=1,Y=86,R=1",-inf,-inf,0,K|K,1
K,91,K,25,C,1,R,1,S,2,X,1,Y,168,C,1,S,2,K,4,C,1,X,1,Y,12,R,1,"L1:[sp=K,91] K=25,C=1,R=1,S=2,X=1,Y=168 || L2:[sp=C,1] S=2,K=4,C=1,X=1,Y=12,R=1",-45767629.0,-163323000.0,1,K|C,1
C,91,K,25,C,1,R,1,S,2,X,1,Y,168,K,1,S,2,K,4,C,1,X,1,Y,12,R,1,"L1:[sp=C,91] K=25,C=1,R=1,S=2,X=1,Y=168 || L2:[sp=K,1] S=2,K=4,C=1,X=1,Y=12,R=1",-inf,-inf,0,C|K,1
K,91,S,2,Y,168,C,1,X,1,R,1,K,59,K,1,S,1,K,4,C,1,X,1,Y,129,R,1,"L1:[sp=K,91] S=2,Y=168,C=1,X=1,R=1,K=59 || L2:[sp=K,1] S=1,K=4,C=1,X=1,Y=129,R=1",-inf,-inf,0,K|K,1
C,91,K,25,C,1,R,1,S,2,X,1,Y,168,K,1,S,1,K,2,C,1,X,1,Y,12,R,1,"L1:[sp=C,91] K=25,C=1,R=1,S=2,X=1,Y=168 || L2:[sp=K,1] S=1,K=2,C=1,X=1,Y=12,R=1",-inf,-inf,0,C|K,1
K,91,S,2,Y,168,C,1,R,1,X,1,K,59,K,1,S,2,K,4,C,1,X,1,Y,12,R,1,"L1:[sp=K,91] S=2,Y=168,C=1,R=1,X=1,K=59 || L2:[sp=K,1] S=2,K=4,C=1,X=1,Y=12,R=1",-108000685.0,-163323000.0,1,K|K,1
K,91,Y,168,X,1,S,2,R,1,C,1,K,59,K,1,S,1,K,4,C,1,X,1,Y,12,R,1,"L1:[sp=K,91] Y=168,X=1,S=2,R=1,C=1,K=59 || L2:[sp=K,1] S=1,K=4,C=1,X=1,Y=12,R=1",-161997013.0,-163323000.0,1,K|K,1
C,91,C,1,X,1,R,1,S,1,K,25,Y,168,K,1,S,1,K,4,C,1,X,1,Y,12,R,1,"L1:[sp=C,91] C=1,X=1,R=1,S=1,K=25,Y=168 || L2:[sp=K,1] S=1,K=4,C=1,X=1,Y=12,R=1",-28969921.0,-163323000.0,1,C|K,1
C,91,C,1,X,1,R,1,S,1,K,25,Y,168,K,1,S,1,K,4,C,1,X,1,Y,12,R,1,"L1:[sp=C,91] C=1,X=1,R=1,S=1,K=25,Y=168 || L2:[sp=K,1] S=1,K=4,C=1,X=1,Y=12,R=1",-inf,-inf,0,C|K,1
K,91,C,1,X,1,R,1,S,1,Y,168,K,59,K,1,S,1,K,4,C,1,R,1,Y,12,X,1,"L1:[sp=K,91] C=1,X=1,R=1,S=1,Y=168,K=59 || L2:[sp=K,1] S=1,K=4,C=1,R=1,Y=12,X=1",-inf,-inf,0,K|K,1
K,91,K,25,C,1,Y,168,S,2,X,1,R,1,C,1,S,2,K,4,C,1,X,1,Y,12,R,1,"L1:[sp=K,91] K=25,C=1,Y=168,S=2,X=1,R=1 || L2:[sp=C,1] S=2,K=4,C=1,X=1,Y=12,R=1",-45767629.0,-163323000.0,1,K|C,1
K,91,Y,150,X,1,S,2,R,1,C,1,K,59,K,1,S,1,K,4,C,1,X,1,Y,12,R,1,"L1:[sp=K,91] Y=150,X=1,S=2,R=1,C=1,K=59 || L2:[sp=K,1] S=1,K=4,C=1,X=1,Y=12,R=1",-inf,-inf,0,K|K,1
C,91,K,25,C,1,R,1,S,2,X,1,Y,146,K,1,S,1,K,4,C,1,X,1,Y,12,R,1,"L1:[sp=C,91] K=25,C=1,R=1,S=2,X=1,Y=146 || L2:[sp=K,1] S=1,K=4,C=1,X=1,Y=12,R=1",-inf,-inf,0,C|K,1
K,91,K,25,C,1,R,1,S,2,X,1,Y,168,X,1,S,2,K,4,C,1,X,1,Y,12,R,1,"L1:[sp=K,91] K=25,C=1,R=1,S=2,X=1,Y=168 || L2:[sp=X,1] S=2,K=4,C=1,X=1,Y=12,R=1",-inf,-inf,0,K|X,1
K,91,Y,168,X,193,S,2,R,1,C,1,K,59,K,1,S,1,K,4,C,1,X,1,Y,12,R,1,"L1:[sp=K,91] Y=168,X=193,S=2,R=1,C=1,K=59 || L2:[sp=K,1] S=1,K=4,C=1,X=1,Y=12,R=1",-inf,-inf,0,K|K,1
C,91,K,25,C,1,R,1,S,2,X,1,Y,168,Y,7,S,2,K,4,C,1,X,1,Y,12,R,1,"L1:[sp=C,91] K=25,C=1,R=1,S=2,X=1,Y=168 || L2:[sp=Y,7] S=2,K=4,C=1,X=1,Y=12,R=1",-inf,-inf,0,C|Y,1
K,91,S,2,Y,168,C,2,R,1,X,1,K,59,K,1,S,1,K,4,C,1,X,1,Y,12,R,1,"L1:[sp=K,91] S=2,Y=168,C=2,R=1,X=1,K=59 || L2:[sp=K,1] S=1,K=4,C=1,X=1,Y=12,R=1",-inf,-inf,0,K|K,1
C,91,K,25,C,1,R,1,S,2,X,1,Y,168,K,1,Y,135,K,4,C,1,X,1,S,1,R,1,"L1:[sp=C,91] K=25,C=1,R=1,S=2,X=1,Y=168 || L2:[sp=K,1] Y=135,K=4,C=1,X=1,S=1,R=1",-inf,-inf,0,C|K,1
K,91,S,2,Y,168,C,1,R,1,X,1,K,59,X,1,S,1,K,4,C,1,X,1,Y,12,R,1,"L1:[sp=K,91] S=2,Y=168,C=1,R=1,X=1,K=59 || L2:[sp=X,1] S=1,K=4,C=1,X=1,Y=12,R=1",-inf,-inf,0,K|X,1
K,91,C,1,X,1,R,1,K,59,Y,168,S,1,K,1,S,1,K,4,C,1,R,1,Y,12,X,1,"L1:[sp=K,91] C=1,X=1,R=1,K=59,Y=168,S=1 || L2:[sp=K,1] S=1,K=4,C=1,R=1,Y=12,X=1",-81369793.0,-163323000.0,1,K|K,1
C,91,K,5,C,1,R,1,S,2,Y,168,X,1,K,1,S,1,K,4,X,1,C,1,Y,12,R,1,"L1:[sp=C,91] K=5,C=1,R=1,S=2,Y=168,X=1 || L2:[sp=K,1] S=1,K=4,X=1,C=1,Y=12,R=1",-inf,-inf,0,C|K,1
K,91,S,2,Y,168,C,1,R,3,X,1,K,59,K,1,S,1,R,1,C,1,X,1,Y,12,K,4,"L1:[sp=K,91] S=2,Y=168,C=1,R=3,X=1,K=59 || L2:[sp=K,1] S=1,R=1,C=1,X=1,Y=12,K=4",-inf,-inf,0,K|K,1
K,91,Y,168,X,1,S,2,R,1,C,1,K,59,K,1,S,2,K,4,C,1,X,1,Y,12,R,1,"L1:[sp=K,91] Y=168,X=1,S=2,R=1,C=1,K=59 || L2:[sp=K,1] S=2,K=4,C=1,X=1,Y=12,R=1",-inf,-inf,0,K|K,1
K,91,Y,168,X,1,S,2,R,1,C,3,K,59,K,1,S,1,K,36,C,1,X,1,Y,126,R,1,"L1:[sp=K,91] Y=168,X=1,S=2,R=1,C=3,K=59 || L2:[sp=K,1] S=1,K=36,C=1,X=1,Y=126,R=1",-inf,-inf,0,K|K,1
C,91,K,25,X,1,R,1,S,2,Y,168,C,1,K,1,S,1,K,17,C,1,X,1,Y,12,R,1,"L1:[sp=C,91] K=25,X=1,R=1,S=2,Y=168,C=1 || L2:[sp=K,1] S=1,K=17,C=1,X=1,Y=12,R=1",-53089165.0,-163324000.0,1,C|K,1
C,91,C,1,X,1,R,3,S,1,K,25,Y,168,K,1,S,1,K,2,C,1,X,1,Y,12,R,1,"L1:[sp=C,91] C=1,X=1,R=3,S=1,K=25,Y=168 || L2:[sp=K,1] S=1,K=2,C=1,X=1,Y=12,R=1",-inf,-inf,0,C|K,1
C,91,Y,168,X,1,S,2,R,1,C,1,K,59,K,1,S,1,K,54,C,1,X,1,Y,12,R,1,"L1:[sp=C,91] Y=168,X=1,S=2,R=1,C=1,K=59 || L2:[sp=K,1] S=1,K=54,C=1,X=1,Y=12,R=1",-inf,-inf,0,C|K,1
C,91,K,25,C,1,R,1,S,3,X,1,Y,168,K,1,S,1,K,4,C,1,X,1,Y,33,R,1,"L1:[sp=C,91] K=25,C=1,R=1,S=3,X=1,Y=168 || L2:[sp=K,1] S=1,K=4,C=1,X=1,Y=33,R=1",-inf,-inf,0,C|K,1
K,91,K,25,C,1,R,1,S,2,X,1,Y,168,C,1,S,2,K,4,C,1,X,1,Y,12,R,1,"L1:[sp=K,91] K=25,C=1,R=1,S=2,X=1,Y=168 || L2:[sp=C,1] S=2,K=4,C=1,X=1,Y=12,R=1",-inf,-inf,0,K|C,1
K,91,K,25,C,1,Y,168,S,2,X,1,R,1,C,1,S,2,K,4,C,1,X,1,Y,12,R,1,"L1:[sp=K,91] K=25,C=1,Y=168,S=2,X=1,R=1 || L2:[sp=C,1] S=2,K=4,C=1,X=1,Y=12,R=1",-inf,-inf,0,K|C,1
K,91,C,1,X,1,R,1,K,59,Y,168,S,2,K,1,S,2,Y,12,C,1,R,1,K,17,X,1,"L1:[sp=K,91] C=1,X=1,R=1,K=59,Y=168,S=2 || L2:[sp=K,1] S=2,Y=12,C=1,R=1,K=17,X=1",-inf,-inf,0,K|K,1
C,91,K,25,X,1,R,1,S,1,Y,168,C,1,K,1,S,1,K,12,C,1,X,1,Y,162,R,1,"L1:[sp=C,91] K=25,X=1,R=1,S=1,Y=168,C=1 || L2:[sp=K,1] S=1,K=12,C=1,X=1,Y=162,R=1",-inf,-inf,0,C|K,1
K,91,K,25,C,1,Y,105,S,2,X,1,R,1,C,1,R,1,K,4,C,1,Y,12,X,1,S,2,"L1:[sp=K,91] K=25,C=1,Y=105,S=2,X=1,R=1 || L2:[sp=C,1] R=1,K=4,C=1,Y=12,X=1,S=2",-inf,-inf,0,K|C,1
C,91,K,25,X,1,R,1,S,2,Y,168,C,2,K,1,S,1,K,17,C,1,X,1,Y,12,R,1,"L1:[sp=C,91] K=25,X=1,R=1,S=2,Y=168,C=2 || L2:[sp=K,1] S=1,K=17,C=1,X=1,Y=12,R=1",-inf,-inf,0,C|K,1
K,91,S,2,X,1,R,1,K,59,Y,168,C,1,K,1,S,1,K,4,C,1,R,1,Y,12,X,1,"L1:[sp=K,91] S=2,X=1,R=1,K=59,Y=168,C=1 || L2:[sp=K,1] S=1,K=4,C=1,R=1,Y=12,X=1",-161997013.0,-163323000.0,1,K|K,1
C,91,K,25,X,1,R,1,Y,168,S,1,C,1,X,1,S,1,K,17,Y,12,X,1,C,1,R,1,"L1:[sp=C,91] K=25,X=1,R=1,Y=168,S=1,C=1 || L2:[sp=X,1] S=1,K=17,Y=12,X=1,C=1,R=1",-26671681.0,-163324000.0,1,C|X,1
K,91,C,1,X,1,R,1,K,59,Y,221,S,1,K,1,S,1,K,29,C,1,R,1,Y,12,X,1,"L1:[sp=K,91] C=1,X=1,R=1,K=59,Y=221,S=1 || L2:[sp=K,1] S=1,K=29,C=1,R=1,Y=12,X=1",-inf,-inf,0,K|K,1
K,91,K,25,C,1,Y,168,S,2,X,144,R,2,C,1,S,1,K,4,C,1,X,1,Y,12,R,1,"L1:[sp=K,91] K=25,C=1,Y=168,S=2,X=144,R=2 || L2:[sp=C,1] S=1,K=4,C=1,X=1,Y=12,R=1",-inf,-inf,0,K|C,1
K,91,C,1,X,1,R,1,K,59,Y,39,S,1,C,1,S,1,K,4,C,1,R,1,Y,12,X,1,"L1:[sp=K,91] C=1,X=1,R=1,K=59,Y=39,S=1 || L2:[sp=C,1] S=1,K=4,C=1,R=1,Y=12,X=1",-inf,-inf,0,K|C,1
C,91,K,36,C,1,Y,188,S,2,X,1,R,1,K,1,S,2,K,4,C,1,X,1,Y,12,R,1,"L1:[sp=C,91] K=36,C=1,Y=188,S=2,X=1,R=1 || L2:[sp=K,1] S=2,K=4,C=1,X=1,Y=12,R=1",-38368489.0,-163323000.0,1,C|K,1
K,91,R,1,C,1,Y,54,S,1,X,1,K,25,X,1,S,1,K,4,C,1,X,1,Y,12,R,1,"L1:[sp=K,91] R=1,C=1,Y=54,S=1,X=1,K=25 || L2:[sp=X,1] S=1,K=4,C=1,X=1,Y=12,R=1",-33596641.0,-163323000.0,1,K|X,1
K,91,C,1,X,1,R,1,K,59,Y,168,S,2,K,1,S,2,K,30,C,1,R,1,Y,12,X,1,"L1:[sp=K,91] C=1,X=1,R=1,K=59,Y=168,S=2 || L2:[sp=K,1] S=2,K=30,C=1,R=1,Y=12,X=1",-inf,-inf,0,K|K,1
C,91,K,25,X,1,R,1,S,2,Y,168,C,1,K,1,Y,164,K,17,C,1,X,1,S,1,R,1,"L1:[sp=C,91] K=25,X=1,R=1,S=2,Y=168,C=1 || L2:[sp=K,1] Y=164,K=17,C=1,X=1,S=1,R=1",-inf,-inf,0,C|K,1
C,91,K,25,C,1,Y,168,S,2,X,1,R,1,K,1,S,2,K,4,C,1,X,1,Y,12,R,1,"L1:[sp=C,91] K=25,C=1,Y=168,S=2,X=1,R=1 || L2:[sp=K,1] S=2,K=4,C=1,X=1,Y=12,R=1",-38446093.0,-163323000.0,1,C|K,1
K,91,K,25,X,1,Y,22,S,2,C,1,R,1,C,1,S,1,K,4,C,1,X,1,Y,12,R,1,"L1:[sp=K,91] K=25,X=1,Y=22,S=2,C=1,R=1 || L2:[sp=C,1] S=1,K=4,C=1,X=1,Y=12,R=1",-69285655.0,-163323000.0,1,K|C,1
K,91,K,25,X,1,R,1,S,2,Y,168,C,1,C,1,S,2,K,17,C,1,X,1,Y,12,R,1,"L1:[sp=K,91] K=25,X=1,R=1,S=2,Y=168,C=1 || L2:[sp=C,1] S=2,K=17,C=1,X=1,Y=12,R=1",-inf,-inf,0,K|C,1
C,91,K,25,X,25,R,1,S,1,Y,168,C,1,K,1,S,1,K,17,C,1,X,1,Y,12,R,1,"L1:[sp=C,91] K=25,X=25,R=1,S=1,Y=168,C=1 || L2:[sp=K,1] S=1,K=17,C=1,X=1,Y=12,R=1",-inf,-inf,0,C|K,1
K,91,C,1,X,125,R,1,K,59,Y,168,S,2,K,1,C,1,K,4,S,1,R,1,Y,12,X,1,"L1:[sp=K,91] C=1,X=125,R=1,K=59,Y=168,S=2 || L2:[sp=K,1] C=1,K=4,S=1,R=1,Y=12,X=1",-inf,-inf,0,K|K,1
K,91,K,25,C,1,Y,168,S,2,X,1,R,1,C,1,S,2,K,1,C,1,X,1,Y,12,R,1,"L1:[sp=K,91] K=25,C=1,Y=168,S=2,X=1,R=1 || L2:[sp=C,1] S=2,K=1,C=1,X=1,Y=12,R=1",-inf,-inf,0,K|C,1
K,91,K,25,C,1,R,1,Y,168,S,2,X,1,C,1,S,1,K,13,C,1,X,1,Y,12,R,1,"L1:[sp=K,91] K=25,C=1,R=1,Y=168,S=2,X=1 || L2:[sp=C,1] S=1,K=13,C=1,X=1,Y=12,R=1",-68647429.0,-163323000.0,1,K|C,1
C,91,K,25,X,1,R,1,Y,168,S,1,C,1,X,1,S,1,K,17,Y,12,X,1,C,1,R,1,"L1:[sp=C,91] K=25,X=1,R=1,Y=168,S=1,C=1 || L2:[sp=X,1] S=1,K=17,Y=12,X=1,C=1,R=1",-inf,-inf,0,C|X,1
C,91,K,22,Y,168,C,1,S,2,X,74,R,1,K,1,S,2,K,4,C,1,X,1,Y,12,R,1,"L1:[sp=C,91] K=22,Y=168,C=1,S=2,X=74,R=1 || L2:[sp=K,1] S=2,K=4,C=1,X=1,Y=12,R=1",-inf,-inf,0,C|K,1
C,91,K,25,C,1,Y,188,S,2,X,1,R,1,K,1,S,2,K,4,C,1,X,1,Y,12,R,1,"L1:[sp=C,91] K=25,C=1,Y=188,S=2,X=1,R=1 || L2:[sp=K,1] S=2,K=4,C=1,X=1,Y=12,R=1",-inf,-inf,0,C|K,1
Y,91,K,25,C,1,Y,168,S,1,X,1,R,1,K,1,S,1,K,4,C,1,X,1,Y,12,R,1,"L1:[sp=Y,91] K=25,C=1,Y=168,S=1,X=1,R=1 || L2:[sp=K,1] S=1,K=4,C=1,X=1,Y=12,R=1",-64030177.0,-163323000.0,1,Y|K,1
K,91,K,25,C,1,R,1,Y,168,S,2,X,1,C,1,S,1,K,13,C,1,X,1,Y,12,R,1,"L1:[sp=K,91] K=25,C=1,R=1,Y=168,S=2,X=1 || L2:[sp=C,1] S=1,K=13,C=1,X=1,Y=12,R=1",-inf,-inf,0,K|C,1
C,91,K,61,C,1,Y,10,S,2,X,1,R,1,K,1,S,2,K,4,C,1,X,1,Y,10,R,1,"L1:[sp=C,91] K=61,C=1,Y=10,S=2,X=1,R=1 || L2:[sp=K,1] S=2,K=4,C=1,X=1,Y=10,R=1",-inf,-inf,0,C|K,1
K,91,K,25,C,1,R,1,Y,168,S,2,X,1,C,1,S,1,K,13,C,1,X,1,Y,12,R,1,"L1:[sp=K,91] K=25,C=1,R=1,Y=168,S=2,X=1 || L2:[sp=C,1] S=1,K=13,C=1,X=1,Y=12,R=1",-inf,-inf,0,K|C,1
C,91,K,36,C,3,Y,188,S,1,X,1,R,1,K,1,S,1,K,4,C,3,X,1,Y,31,R,1,"L1:[sp=C,91] K=36,C=3,Y=188,S=1,X=1,R=1 || L2:[sp=K,1] S=1,K=4,C=3,X=1,Y=31,R=1",-inf,-inf,0,C|K,1
X,91,K,25,X,1,R,1,Y,168,S,2,C,1,C,1,S,2,K,17,Y,12,X,1,C,1,R,1,"L1:[sp=X,91] K=25,X=1,R=1,Y=168,S=2,C=1 || L2:[sp=C,1] S=2,K=17,Y=12,X=1,C=1,R=1",-inf,-inf,0,X|C,1
C,91,K,32,C,1,Y,168,S,2,X,25,R,1,K,1,S,1,K,4,C,1,X,1,Y,12,R,1,"L1:[sp=C,91] K=32,C=1,Y=168,S=2,X=25,R=1 || L2:[sp=K,1] S=1,K=4,C=1,X=1,Y=12,R=1",-inf,-inf,0,C|K,1
K,91,K,25,C,1,R,1,Y,136,S,2,X,1,C,1,S,2,K,13,C,1,X,1,Y,12,R,1,"L1:[sp=K,91] K=25,C=1,R=1,Y=136,S=2,X=1 || L2:[sp=C,1] S=2,K=13,C=1,X=1,Y=12,R=1",-inf,-inf,0,K|C,1
K,91,K,25,X,1,Y,22,C,1,S,2,R,1,C,1,S,1,K,4,C,1,X,1,Y,12,R,1,"L1:[sp=K,91] K=25,X=1,Y=22,C=1,S=2,R=1 || L2:[sp=C,1] S=1,K=4,C=1,X=1,Y=12,R=1",-69285655.0,-163323000.0,1,K|C,1
K,91,S,2,X,1,R,1,K,59,Y,168,C,1,K,1,S,1,K,4,C,1,R,1,Y,12,X,1,"L1:[sp=K,91] S=2,X=1,R=1,K=59,Y=168,C=1 || L2:[sp=K,1] S=1,K=4,C=1,R=1,Y=12,X=1",-inf,-inf,0,K|K,1
C,91,K,25,C,1,Y,168,S,2,X,1,R,1,K,1,C,1,K,4,S,2,X,1,Y,12,R,1,"L1:[sp=C,91] K=25,C=1,Y=168,S=2,X=1,R=1 || L2:[sp=K,1] C=1,K=4,S=2,X=1,Y=12,R=1",-inf,-inf,0,C|K,1
K,91,R,1,C,1,Y,54,S,1,X,1,K,25,X,1,S,1,K,4,C,1,X,1,Y,12,R,1,"L1:[sp=K,91] R=1,C=1,Y=54,S=1,X=1,K=25 || L2:[sp=X,1] S=1,K=4,C=1,X=1,Y=12,R=1",-inf,-inf,0,K|X,1
C,91,K,52,C,1,Y,22,S,2,X,1,R,1,K,1,S,1,K,4,C,1,X,1,Y,12,R,1,"L1:[sp=C,91] K=52,C=1,Y=22,S=2,X=1,R=1 || L2:[sp=K,1] S=1,K=4,C=1,X=1,Y=12,R=1",-inf,-inf,0,C|K,1
K,91,K,25,R,1,Y,168,X,1,C,1,S,2,C,1,S,2,K,4,C,1,X,1,Y,12,R,1,"L1:[sp=K,91] K=25,R=1,Y=168,X=1,C=1,S=2 || L2:[sp=C,1] S=2,K=4,C=1,X=1,Y=12,R=1",-45767629.0,-163323000.0,1,K|C,1
K,91,K,25,C,1,Y,168,S,2,X,1,R,2,C,1,S,2,K,18,C,1,X,1,Y,12,R,1,"L1:[sp=K,91] K=25,C=1,Y=168,S=2,X=1,R=2 || L2:[sp=C,1] S=2,K=18,C=1,X=1,Y=12,R=1",-inf,-inf,0,K|C,1
C,91,R,1,X,1,K,25,Y,168,S,1,C,3,X,1,S,1,K,17,C,1,X,1,Y,12,R,1,"L1:[sp=C,91] R=1,X=1,K=25,Y=168,S=1,C=3 || L2:[sp=X,1] S=1,K=17,C=1,X=1,Y=12,R=1",-79990849.0,-163324000.0,1,C|X,1
K,91,K,25,C,1,R,1,Y,188,S,2,X,1,C,1,S,2,K,2,C,1,X,1,Y,12,R,1,"L1:[sp=K,91] K=25,C=1,R=1,Y=188,S=2,X=1 || L2:[sp=C,1] S=2,K=2,C=1,X=1,Y=12,R=1",-inf,-inf,0,K|C,1
C,91,K,36,C,1,Y,168,S,2,X,1,R,1,K,1,S,1,K,4,C,1,X,1,Y,12,R,1,"L1:[sp=C,91] K=36,C=1,Y=168,S=2,X=1,R=1 || L2:[sp=K,1] S=1,K=4,C=1,X=1,Y=12,R=1",-inf,-inf,0,C|K,1
K,91,K,25,R,1,Y,168,X,1,C,1,S,2,C,1,S,2,K,4,C,1,X,1,Y,12,R,1,"L1:[sp=K,91] K=25,R=1,Y=168,X=1,C=1,S=2 || L2:[sp=C,1] S=2,K=4,C=1,X=1,Y=12,R=1",-inf,-inf,0,K|C,1
K,91,R,1,X,1,K,25,Y,168,S,1,C,3,X,1,S,1,K,17,C,1,X,1,Y,12,R,1,"L1:[sp=K,91] R=1,X=1,K=25,Y=168,S=1,C=3 || L2:[sp=X,1] S=1,K=17,C=1,X=1,Y=12,R=1",-34477633.0,-163324000.0,1,K|X,1
Y,91,K,25,C,2,Y,168,S,1,X,1,R,1,K,1,S,1,K,4,C,1,X,1,Y,12,R,1,"L1:[sp=Y,91] K=25,C=2,Y=168,S=1,X=1,R=1 || L2:[sp=K,1] S=1,K=4,C=1,X=1,Y=12,R=1",-inf,-inf,0,Y|K,1
K,91,K,25,X,1,Y,168,R,1,C,1,S,2,C,1,S,1,K,4,C,1,X,1,Y,12,R,1,"L1:[sp=K,91] K=25,X=1,Y=168,R=1,C=1,S=2 || L2:[sp=C,1] S=1,K=4,C=1,X=1,Y=12,R=1",-68647429.0,-163323000.0,1,K|C,1
Y,91,K,25,C,1,Y,168,S,2,X,1,R,1,K,1,S,2,K,19,C,1,X,1,Y,12,R,1,"L1:[sp=Y,91] K=25,C=1,Y=168,S=2,X=1,R=1 || L2:[sp=K,1] S=2,K=19,C=1,X=1,Y=12,R=1",-inf,-inf,0,Y|K,1
C,91,K,25,X,57,Y,168,C,1,S,2,R,1,K,1,S,2,K,4,C,1,X,1,Y,12,R,1,"L1:[sp=C,91] K=25,X=57,Y=168,C=1,S=2,R=1 || L2:[sp=K,1] S=2,K=4,C=1,X=1,Y=12,R=1",-inf,-inf,0,C|K,1
K,91,K,25,R,1,Y,22,X,1,C,1,S,2,C,1,S,1,K,4,C,1,X,1,Y,12,R,1,"L1:[sp=K,91] K=25,R=1,Y=22,X=1,C=1,S=2 || L2:[sp=C,1] S=1,K=4,C=1,X=1,Y=12,R=1",-inf,-inf,0,K|C,1
Y,91,K,25,C,1,Y,168,S,1,X,1,R,1,K,1,S,1,K,4,C,1,X,1,Y,12,R,1,"L1:[sp=Y,91] K=25,C=1,Y=168,S=1,X=1,R=1 || L2:[sp=K,1] S=1,K=4,C=1,X=1,Y=12,R=1",-inf,-inf,0,Y|K,1
C,91,R,1,X,1,K,25,Y,168,S,1,C,3,C,3,S,1,K,17,C,1,X,1,Y,12,R,1,"L1:[sp=C,91] R=1,X=1,K=25,Y=168,S=1,C=3 || L2:[sp=C,3] S=1,K=17,C=1,X=1,Y=12,R=1",-inf,-inf,0,C|C,1
Y,91,K,25,C,1,Y,168,S,1,X,1,R,2,K,1,S,1,K,4,C,1,X,1,Y,12,R,1,"L1:[sp=Y,91] K=25,C=1,Y=168,S=1,X=1,R=2 || L2:[sp=K,1] S=1,K=4,C=1,X=1,Y=12,R=1",-inf,-inf,0,Y|K,1
K,91,K,25,R,1,Y,168,X,1,C,1,S,2,C,1,S,2,K,4,C,1,X,1,Y,108,R,1,"L1:[sp=K,91] K=25,R=1,Y=168,X=1,C=1,S=2 || L2:[sp=C,1] S=2,K=4,C=1,X=1,Y=108,R=1",-inf,-inf,0,K|C,1
K,91,K,25,C,1,Y,168,S,3,X,1,R,1,Y,1,S,2,K,4,C,1,X,1,Y,12,R,1,"L1:[sp=K,91] K=25,C=1,Y=168,S=3,X=1,R=1 || L2:[sp=Y,1] S=2,K=4,C=1,X=1,Y=12,R=1",-inf,-inf,0,K|Y,1
K,91,K,25,R,1,Y,168,X,1,C,1,S,2,C,1,S,1,K,4,C,1,X,1,Y,12,R,1,"L1:[sp=K,91] K=25,R=1,Y=168,X=1,C=1,S=2 || L2:[sp=C,1] S=1,K=4,C=1,X=1,Y=12,R=1",-inf,-inf,0,K|C,1
C,91,R,1,X,1,K,25,Y,168,S,1,C,3,X,1,S,1,K,17,C,1,X,1,Y,12,R,1,"L1:[sp=C,91] R=1,X=1,K=25,Y=168,S=1,C=3 || L2:[sp=X,1] S=1,K=17,C=1,X=1,Y=12,R=1",-inf,-inf,0,C|X,1
X,91,K,30,X,1,C,1,Y,22,S,2,R,1,K,1,S,1,K,4,C,1,X,1,Y,12,R,1,"L1:[sp=X,91] K=30,X=1,C=1,Y=22,S=2,R=1 || L2:[sp=K,1] S=1,K=4,C=1,X=1,Y=12,R=1",-inf,-inf,0,X|K,1
K,91,S,2,X,1,Y,168,C,1,K,25,R,1,C,1,S,2,K,4,C,1,X,1,Y,12,R,1,"L1:[sp=K,91] S=2,X=1,Y=168,C=1,K=25,R=1 || L2:[sp=C,1] S=2,K=4,C=1,X=1,Y=12,R=1",-45767629.0,-163323000.0,1,K|C,1
K,91,X,1,R,1,Y,22,K,25,C,1,S,2,C,1,S,1,K,4,C,1,X,1,Y,12,R,1,"L1:[sp=K,91] X=1,R=1,Y=22,K=25,C=1,S=2 || L2:[sp=C,1] S=1,K=4,C=1,X=1,Y=12,R=1",-69285655.0,-163323000.0,1,K|C,1
Y,91,K,25,C,1,Y,168,S,1,X,1,R,1,K,1,S,1,K,4,C,1,X,1,Y,12,R,1,"L1:[sp=Y,91] K=25,C=1,Y=168,S=1,X=1,R=1 || L2:[sp=K,1] S=1,K=4,C=1,X=1,Y=12,R=1",-inf,-inf,0,Y|K,1
C,91,K,25,R,1,Y,168,X,1,C,1,S,2,K,1,S,2,K,4,C,1,X,1,Y,12,R,1,"L1:[sp=C,91] K=25,R=1,Y=168,X=1,C=1,S=2 || L2:[sp=K,1] S=2,K=4,C=1,X=1,Y=12,R=1",-38446093.0,-163323000.0,1,C|K,1
C,91,Y,168,X,1,K,25,R,1,S,1,C,3,X,1,S,1,K,17,C,1,X,1,Y,12,R,1,"L1:[sp=C,91] Y=168,X=1,K=25,R=1,S=1,C=3 || L2:[sp=X,1] S=1,K=17,C=1,X=1,Y=12,R=1",-79990849.0,-163324000.0,1,C|X,1
Y,91,K,25,C,1,Y,168,S,1,X,1,R,1,K,1,S,1,K,4,C,1,Y,2,R,1,X,1,"L1:[sp=Y,91] K=25,C=1,Y=168,S=1,X=1,R=1 || L2:[sp=K,1] S=1,K=4,C=1,Y=2,R=1,X=1",-inf,-inf,0,Y|K,1
K,91,R,1,X,1,K,25,Y,168,S,1,C,3,X,1,S,1,K,17,C,1,X,1,Y,12,R,1,"L1:[sp=K,91] R=1,X=1,K=25,Y=168,S=1,C=3 || L2:[sp=X,1] S=1,K=17,C=1,X=1,Y=12,R=1",-inf,-inf,0,K|X,1
K,91,K,25,X,1,Y,168,C,1,S,1,R,1,C,1,S,1,K,4,C,1,X,1,Y,12,R,1,"L1:[sp=K,91] K=25,X=1,Y=168,C=1,S=1,R=1 || L2:[sp=C,1] S=1,K=4,C=1,X=1,Y=12,R=1",-inf,-inf,0,K|C,1
C,91,K,25,R,3,Y,168,S,2,C,1,X,1,K,1,K,4,S,2,C,1,X,1,Y,12,R,1,"L1:[sp=C,91] K=25,R=3,Y=168,S=2,C=1,X=1 || L2:[sp=K,1] K=4,S=2,C=1,X=1,Y=12,R=1",-37092037.0,-163323000.0,1,C|K,1
K,91,R,1,X,1,K,25,Y,33,S,1,C,3,X,1,S,1,K,17,C,1,X,1,Y,12,R,1,"L1:[sp=K,91] R=1,X=1,K=25,Y=33,S=1,C=3 || L2:[sp=X,1] S=1,K=17,C=1,X=1,Y=12,R=1",-inf,-inf,0,K|X,1
K,91,K,25,X,1,Y,168,R,1,C,1,S,2,C,1,S,1,K,4,C,1,X,1,Y,12,R,1,"L1:[sp=K,91] K=25,X=1,Y=168,R=1,C=1,S=2 || L2:[sp=C,1] S=1,K=4,C=1,X=1,Y=12,R=1",-inf,-inf,0,K|C,1
C,91,Y,85,X,1,K,25,R,1,S,2,C,1,X,1,S,1,K,17,C,1,X,1,Y,12,R,1,"L1:[sp=C,91] Y=85,X=1,K=25,R=1,S=2,C=1 || L2:[sp=X,1] S=1,K=17,C=1,X=1,Y=12,R=1",-inf,-inf,0,C|X,1
K,91,X,1,R,1,Y,168,K,25,C,3,S,1,C,1,S,1,K,4,C,1,X,1,Y,12,R,1,"L1:[sp=K,91] X=1,R=1,Y=168,K=25,C=3,S=1 || L2:[sp=C,1] S=1,K=4,C=1,X=1,Y=12,R=1",-inf,-inf,0,K|C,1
C,91,K,25,R,1,Y,22,X,1,C,1,S,2,K,1,S,1,K,5,C,1,X,1,Y,12,R,1,"L1:[sp=C,91] K=25,R=1,Y=22,X=1,C=1,S=2 || L2:[sp=K,1] S=1,K=5,C=1,X=1,Y=12,R=1",-inf,-inf,0,C|K,1
K,91,X,30,R,1,Y,168,K,25,C,1,S,2,C,1,S,2,K,4,C,1,X,1,Y,12,R,1,"L1:[sp=K,91] X=30,R=1,Y=168,K=25,C=1,S=2 || L2:[sp=C,1] S=2,K=4,C=1,X=1,Y=12,R=1",-inf,-inf,0,K|C,1
K,91,K,25,X,1,Y,168,R,3,C,1,S,1,C,1,S,1,K,4,C,1,X,1,Y,12,R,1,"L1:[sp=K,91] K=25,X=1,Y=168,R=3,C=1,S=1 || L2:[sp=C,1] S=1,K=4,C=1,X=1,Y=12,R=1",-inf,-inf,0,K|C,1
C,91,Y,168,X,1,K,25,R,1,S,2,C,2,X,1,S,1,K,17,C,1,X,1,Y,12,R,1,"L1:[sp=C,91] Y=168,X=1,K=25,R=1,S=2,C=2 || L2:[sp=X,1] S=1,K=17,C=1,X=1,Y=12,R=1",-inf,-inf,0,C|X,1
C,91,K,25,X,1,Y,168,R,1,C,1,S,2,C,1,S,1,K,4,C,1,X,1,Y,12,R,1,"L1:[sp=C,91] K=25,X=1,Y=168,R=1,C=1,S=2 || L2:[sp=C,1] S=1,K=4,C=1,X=1,Y=12,R=1",-57665125.0,-163323000.0,1,C|C,1
K,91,X,1,R,1,Y,22,K,25,C,1,S,1,C,1,S,1,K,4,C,1,X,1,Y,12,R,1,"L1:[sp=K,91] X=1,R=1,Y=22,K=25,C=1,S=1 || L2:[sp=C,1] S=1,K=4,C=1,X=1,Y=12,R=1",-inf,-inf,0,K|C,1
K,91,R,1,X,1,K,25,Y,168,S,2,C,3,X,1,K,11,S,1,C,1,X,1,Y,12,R,1,"L1:[sp=K,91] R=1,X=1,K=25,Y=168,S=2,C=3 || L2:[sp=X,1] K=11,S=1,C=1,X=1,Y=12,R=1",-inf,-inf,0,K|X,1
X,91,X,1,R,1,Y,22,K,25,C,1,S,1,C,1,S,1,R,1,C,1,X,1,Y,12,K,9,"L1:[sp=X,91] X=1,R=1,Y=22,K=25,C=1,S=1 || L2:[sp=C,1] S=1,R=1,C=1,X=1,Y=12,K=9",-inf,-inf,0,X|C,1
K,91,K,25,X,1,Y,168,R,1,C,1,S,2,C,1,S,2,K,4,C,1,X,1,Y,154,R,1,"L1:[sp=K,91] K=25,X=1,Y=168,R=1,C=1,S=2 || L2:[sp=C,1] S=2,K=4,C=1,X=1,Y=154,R=1",-inf,-inf,0,K|C,1
K,91,R,1,X,1,K,25,Y,168,S,2,C,3,X,1,S,1,K,17,C,1,X,1,Y,12,R,1,"L1:[sp=K,91] R=1,X=1,K=25,Y=168,S=2,C=3 || L2:[sp=X,1] S=1,K=17,C=1,X=1,Y=12,R=1",-inf,-inf,0,K|X,1
K,91,K,25,R,1,Y,22,X,1,C,1,S,3,C,1,S,1,K,4,C,1,X,1,Y,12,R,1,"L1:[sp=K,91] K=25,R=1,Y=22,X=1,C=1,S=3 || L2:[sp=C,1] S=1,K=4,C=1,X=1,Y=12,R=1",-inf,-inf,0,K|C,1
K,91,S,2,K,25,X,179,C,1,Y,168,R,1,C,1,S,2,K,4,C,1,X,143,Y,12,R,1,"L1:[sp=K,91] S=2,K=25,X=179,C=1,Y=168,R=1 || L2:[sp=C,1] S=2,K=4,C=1,X=143,Y=12,R=1",-inf,-inf,0,K|C,1
K,91,S,2,X,146,Y,168,C,1,K,25,R,1,C,1,S,2,K,4,C,1,X,1,Y,12,R,1,"L1:[sp=K,91] S=2,X=146,Y=168,C=1,K=25,R=1 || L2:[sp=C,1] S=2,K=4,C=1,X=1,Y=12,R=1",-inf,-inf,0,K|C,1
K,91,K,25,X,1,Y,168,R,1,C,1,S,2,C,1,S,1,K,4,X,1,C,1,Y,12,R,1,"L1:[sp=K,91] K=25,X=1,Y=168,R=1,C=1,S=2 || L2:[sp=C,1] S=1,K=4,X=1,C=1,Y=12,R=1",-inf,-inf,0,K|C,1
C,91,K,25,R,3,Y,168,S,2,C,1,X,1,K,1,K,4,S,2,C,1,X,1,Y,12,R,1,"L1:[sp=C,91] K=25,R=3,Y=168,S=2,C=1,X=1 || L2:[sp=K,1] K=4,S=2,C=1,X=1,Y=12,R=1",-inf,-inf,0,C|K,1
C,91,K,18,R,3,Y,168,S,2,C,1,X,1,X,1,K,4,S,2,C,1,X,1,Y,12,R,1,"L1:[sp=C,91] K=18,R=3,Y=168,S=2,C=1,X=1 || L2:[sp=X,1] K=4,S=2,C=1,X=1,Y=12,R=1",-inf,-inf,0,C|X,1
C,91,K,25,X,1,Y,168,R,1,C,1,S,3,C,1,S,1,K,4,C,1,X,1,Y,12,R,1,"L1:[sp=C,91] K=25,X=1,Y=168,R=1,C=1,S=3 || L2:[sp=C,1] S=1,K=4,C=1,X=1,Y=12,R=1",-inf,-inf,0,C|C,1
C,91,K,25,R,3,Y,168,S,2,C,1,X,1,K,5,K,4,S,2,C,1,X,1,Y,12,R,1,"L1:[sp=C,91] K=25,R=3,Y=168,S=2,C=1,X=1 || L2:[sp=K,5] K=4,S=2,C=1,X=1,Y=12,R=1",-inf,-inf,0,C|K,1
C,91,K,25,X,1,Y,168,R,1,C,1,S,2,C,1,S,1,K,3,C,1,X,1,Y,12,R,1,"L1:[sp=C,91] K=25,X=1,Y=168,R=1,C=1,S=2 || L2:[sp=C,1] S=1,K=3,C=1,X=1,Y=12,R=1",-inf,-inf,0,C|C,1
C,91,K,25,X,1,Y,60,R,1,C,1,S,2,C,1,S,2,R,1,C,1,X,1,Y,12,K,4,"L1:[sp=C,91] K=25,X=1,Y=60,R=1,C=1,S=2 || L2:[sp=C,1] S=2,R=1,C=1,X=1,Y=12,K=4",-inf,-inf,0,C|C,1
K,91,K,13,R,2,Y,168,S,2,C,1,X,104,C,1,K,4,S,1,C,1,X,1,Y,12,R,1,"L1:[sp=K,91] K=13,R=2,Y=168,S=2,C=1,X=104 || L2:[sp=C,1] K=4,S=1,C=1,X=1,Y=12,R=1",-inf,-inf,0,K|C,1
C,91,S,2,X,44,Y,168,R,1,C,1,K,25,C,1,Y,12,K,4,C,1,X,1,S,1,R,1,"L1:[sp=C,91] S=2,X=44,Y=168,R=1,C=1,K=25 || L2:[sp=C,1] Y=12,K=4,C=1,X=1,S=1,R=1",-inf,-inf,0,C|C,1
Y,91,K,25,R,3,Y,168,S,2,C,1,X,1,K,1,K,4,S,2,C,1,X,1,Y,12,R,1,"L1:[sp=Y,91] K=25,R=3,Y=168,S=2,C=1,X=1 || L2:[sp=K,1] K=4,S=2,C=1,X=1,Y=12,R=1",-85983895.0,-163323000.0,1,Y|K,1
C,91,K,25,X,1,Y,168,R,1,C,1,S,2,C,1,S,2,K,4,C,1,X,1,Y,12,R,1,"L1:[sp=C,91] K=25,X=1,Y=168,R=1,C=1,S=2 || L2:[sp=C,1] S=2,K=4,C=1,X=1,Y=12,R=1",-inf,-inf,0,C|C,1
C,91,S,2,C,1,Y,168,K,25,R,3,X,1,K,1,K,4,C,1,S,1,X,1,Y,12,R,1,"L1:[sp=C,91] S=2,C=1,Y=168,K=25,R=3,X=1 || L2:[sp=K,1] K=4,C=1,S=1,X=1,Y=12,R=1",-55636717.0,-163323000.0,1,C|K,1
C,91,K,25,R,3,Y,168,S,2,C,1,X,1,K,1,K,4,S,2,C,1,X,1,Y,12,R,1,"L1:[sp=C,91] K=25,R=3,Y=168,S=2,C=1,X=1 || L2:[sp=K,1] K=4,S=2,C=1,X=1,Y=12,R=1",-inf,-inf,0,C|K,1
C,91,K,25,X,199,Y,168,R,1,C,1,S,2,C,1,S,1,K,4,C,1,X,1,Y,12,R,1,"L1:[sp=C,91] K=25,X=199,Y=168,R=1,C=1,S=2 || L2:[sp=C,1] S=1,K=4,C=1,X=1,Y=12,R=1",-inf,-inf,0,C|C,1
C,91,K,25,R,1,Y,168,S,2,C,1,X,1,K,1,K,10,S,1,C,1,X,1,Y,12,R,1,"L1:[sp=C,91] K=25,R=1,Y=168,S=2,C=1,X=1 || L2:[sp=K,1] K=10,S=1,C=1,X=1,Y=12,R=1",-inf,-inf,0,C|K,1
C,91,K,25,X,195,Y,168,R,3,C,1,S,2,C,1,S,2,K,4,C,1,X,1,Y,12,R,1,"L1:[sp=C,91] K=25,X=195,Y=168,R=3,C=1,S=2 || L2:[sp=C,1] S=2,K=4,C=1,X=1,Y=12,R=1",-inf,-inf,0,C|C,1
C,91,K,25,R,1,Y,168,S,1,C,1,X,1,K,1,K,4,S,1,C,1,X,1,Y,12,R,1,"L1:[sp=C,91] K=25,R=1,Y=168,S=1,C=1,X=1 || L2:[sp=K,1] K=4,S=1,C=1,X=1,Y=12,R=1",-inf,-inf,0,C|K,1
C,91,K,25,X,201,Y,168,R,3,C,1,S,2,C,1,S,2,K,4,C,1,X,1,Y,12,R,1,"L1:[sp=C,91] K=25,X=201,Y=168,R=3,C=1,S=2 || L2:[sp=C,1] S=2,K=4,C=1,X=1,Y=12,R=1",-inf,-inf,0,C|C,1
C,91,K,25,R,1,Y,168,S,2,C,1,X,1,K,1,X,1,S,2,C,1,K,4,Y,12,R,1,"L1:[sp=C,91] K=25,R=1,Y=168,S=2,C=1,X=1 || L2:[sp=K,1] X=1,S=2,C=1,K=4,Y=12,R=1",-38446093.0,-163323000.0,1,C|K,1
C,91,X,1,K,25,Y,168,R,3,C,1,S,2,C,1,S,2,K,4,C,1,X,1,Y,12,R,1,"L1:[sp=C,91] X=1,K=25,Y=168,R=3,C=1,S=2 || L2:[sp=C,1] S=2,K=4,C=1,X=1,Y=12,R=1",-37092037.0,-163323000.0,1,C|C,1
C,91,K,25,X,1,Y,168,R,1,C,1,S,2,C,1,Y,12,K,4,C,1,X,1,S,1,R,1,"L1:[sp=C,91] K=25,X=1,Y=168,R=1,C=1,S=2 || L2:[sp=C,1] Y=12,K=4,C=1,X=1,S=1,R=1",-inf,-inf,0,C|C,1
C,91,K,25,R,3,Y,168,S,2,C,1,X,1,K,1,K,4,S,2,C,1,X,1,Y,12,R,1,"L1:[sp=C,91] K=25,R=3,Y=168,S=2,C=1,X=1 || L2:[sp=K,1] K=4,S=2,C=1,X=1,Y=12,R=1",-inf,-inf,0,C|K,1
C,91,X,1,K,25,Y,168,R,3,C,1,S,2,C,1,S,2,K,4,C,1,X,1,Y,12,R,1,"L1:[sp=C,91] X=1,K=25,Y=168,R=3,C=1,S=2 || L2:[sp=C,1] S=2,K=4,C=1,X=1,Y=12,R=1",-inf,-inf,0,C|C,1
Y,91,X,111,K,25,Y,168,R,3,C,1,S,2,K,1,K,4,S,1,C,1,X,1,Y,12,R,1,"L1:[sp=Y,91] X=111,K=25,Y=168,R=3,C=1,S=2 || L2:[sp=K,1] K=4,S=1,C=1,X=1,Y=12,R=1",-inf,-inf,0,Y|K,1
C,91,S,2,C,1,Y,168,K,45,R,3,X,1,K,1,K,4,C,1,S,2,X,1,Y,12,R,1,"L1:[sp=C,91] S=2,C=1,Y=168,K=45,R=3,X=1 || L2:[sp=K,1] K=4,C=1,S=2,X=1,Y=12,R=1",-inf,-inf,0,C|K,1
C,91,S,2,C,1,Y,168,K,25,R,3,X,1,K,1,K,4,C,1,S,2,X,1,Y,12,R,1,"L1:[sp=C,91] S=2,C=1,Y=168,K=25,R=3,X=1 || L2:[sp=K,1] K=4,C=1,S=2,X=1,Y=12,R=1",-inf,-inf,0,C|K,1
C,91,X,1,K,25,Y,168,R,3,C,1,S,2,C,1,C,1,K,4,S,1,X,1,Y,46,R,1,"L1:[sp=C,91] X=1,K=25,Y=168,R=3,C=1,S=2 || L2:[sp=C,1] C=1,K=4,S=1,X=1,Y=46,R=1",-inf,-inf,0,C|C,1
C,91,S,2,C,1,Y,168,K,25,R,1,X,1,K,1,K,4,C,1,S,2,X,1,R,1,Y,12,"L1:[sp=C,91] S=2,C=1,Y=168,K=25,R=1,X=1 || L2:[sp=K,1] K=4,C=1,S=2,X=1,R=1,Y=12",-inf,-inf,0,C|K,1
C,91,K,25,R,2,Y,168,S,2,C,3,X,1,K,1,X,1,S,1,C,1,K,4,Y,12,R,1,"L1:[sp=C,91] K=25,R=2,Y=168,S=2,C=3,X=1 || L2:[sp=K,1] X=1,S=1,C=1,K=4,Y=12,R=1",-inf,-inf,0,C|K,1
Y,91,K,25,R,3,Y,168,S,2,C,1,X,1,K,1,K,1,S,1,C,1,X,1,Y,12,R,1,"L1:[sp=Y,91] K=25,R=3,Y=168,S=2,C=1,X=1 || L2:[sp=K,1] K=1,S=1,C=1,X=1,Y=12,R=1",-inf,-inf,0,Y|K,1
C,91,S,3,Y,168,C,1,K,25,R,3,X,1,K,1,K,6,C,1,S,2,X,1,Y,12,R,1,"L1:[sp=C,91] S=3,Y=168,C=1,K=25,R=3,X=1 || L2:[sp=K,1] K=6,C=1,S=2,X=1,Y=12,R=1",-55385893.0,-163323000.0,1,C|K,1
C,91,S,2,C,1,Y,168,K,25,R,3,X,1,K,1,K,4,Y,12,S,2,X,1,C,1,R,1,"L1:[sp=C,91] S=2,C=1,Y=168,K=25,R=3,X=1 || L2:[sp=K,1] K=4,Y=12,S=2,X=1,C=1,R=1",-inf,-inf,0,C|K,1
C,91,K,25,R,1,Y,152,S,2,C,1,X,1,K,1,Y,12,S,1,C,1,K,12,X,1,R,1,"L1:[sp=C,91] K=25,R=1,Y=152,S=2,C=1,X=1 || L2:[sp=K,1] Y=12,S=1,C=1,K=12,X=1,R=1",-inf,-inf,0,C|K,1
C,91,K,25,R,1,Y,168,S,2,C,1,X,1,K,1,X,1,S,2,C,1,K,4,Y,12,R,1,"L1:[sp=C,91] K=25,R=1,Y=168,S=2,C=1,X=1 || L2:[sp=K,1] X=1,S=2,C=1,K=4,Y=12,R=1",-inf,-inf,0,C|K,1
C,91,X,1,K,25,Y,168,R,3,C,1,S,2,C,1,S,2,K,19,C,1,X,1,Y,12,R,1,"L1:[sp=C,91] X=1,K=25,Y=168,R=3,C=1,S=2 || L2:[sp=C,1] S=2,K=19,C=1,X=1,Y=12,R=1",-inf,-inf,0,C|C,1
Y,91,K,25,R,1,Y,168,S,2,C,1,X,206,K,1,X,1,S,2,C,1,K,4,Y,12,R,1,"L1:[sp=Y,91] K=25,R=1,Y=168,S=2,C=1,X=206 || L2:[sp=K,1] X=1,S=2,C=1,K=4,Y=12,R=1",-inf,-inf,0,Y|K,1
Y,91,K,25,R,3,Y,49,S,2,C,1,X,1,K,1,K,4,S,2,C,1,X,1,Y,32,R,3,"L1:[sp=Y,91] K=25,R=3,Y=49,S=2,C=1,X=1 || L2:[sp=K,1] K=4,S=2,C=1,X=1,Y=32,R=3",-inf,-inf,0,Y|K,1
Y,91,K,6,R,3,Y,168,S,3,C,1,X,1,K,1,K,4,S,1,C,1,X,1,Y,12,R,1,"L1:[sp=Y,91] K=6,R=3,Y=168,S=3,C=1,X=1 || L2:[sp=K,1] K=4,S=1,C=1,X=1,Y=12,R=1",-195651487.0,-163323000.0,1,Y|K,1
C,91,S,2,C,1,Y,168,K,25,X,1,R,3,K,1,C,1,K,4,S,2,X,1,Y,12,R,1,"L1:[sp=C,91] S=2,C=1,Y=168,K=25,X=1,R=3 || L2:[sp=K,1] C=1,K=4,S=2,X=1,Y=12,R=1",-37092037.0,-163323000.0,1,C|K,1
C,91,K,25,R,1,X,145,S,2,C,1,Y,168,K,1,X,1,S,2,C,1,K,4,Y,60,R,1,"L1:[sp=C,91] K=25,R=1,X=145,S=2,C=1,Y=168 || L2:[sp=K,1] X=1,S=2,C=1,K=4,Y=60,R=1",-inf,-inf,0,C|K,1
C,91,X,122,K,39,Y,168,R,3,C,1,S,2,C,1,K,4,S,2,C,1,X,1,Y,12,R,1,"L1:[sp=C,91] X=122,K=39,Y=168,R=3,C=1,S=2 || L2:[sp=C,1] K=4,S=2,C=1,X=1,Y=12,R=1",-inf,-inf,0,C|C,1
C,91,X,1,K,34,Y,168,R,3,C,1,S,2,C,1,X,1,K,4,C,1,S,2,Y,12,R,1,"L1:[sp=C,91] X=1,K=34,Y=168,R=3,C=1,S=2 || L2:[sp=C,1] X=1,K=4,C=1,S=2,Y=12,R=1",-inf,-inf,0,C|C,1
C,91,S,2,C,1,Y,168,K,25,X,1,R,3,K,1,C,1,K,4,S,2,X,1,Y,12,R,1,"L1:[sp=C,91] S=2,C=1,Y=168,K=25,X=1,R=3 || L2:[sp=K,1] C=1,K=4,S=2,X=1,Y=12,R=1",-inf,-inf,0,C|K,1
C,91,S,3,C,1,Y,168,K,25,X,1,R,3,K,1,C,1,K,4,S,3,X,1,Y,12,R,1,"L1:[sp=C,91] S=3,C=1,Y=168,K=25,X=1,R=3 || L2:[sp=K,1] C=1,K=4,S=3,X=1,Y=12,R=1",-27693613.0,-163323000.0,1,C|K,1
Y,91,K,6,R,3,Y,168,S,2,C,1,X,1,K,1,K,4,S,2,C,1,X,1,Y,12,R,1,"L1:[sp=Y,91] K=6,R=3,Y=168,S=2,C=1,X=1 || L2:[sp=K,1] K=4,S=2,C=1,X=1,Y=12,R=1",-inf,-inf,0,Y|K,1
Y,91,K,6,Y,168,R,3,S,2,C,1,X,1,K,1,K,4,S,2,C,1,X,1,Y,33,R,1,"L1:[sp=Y,91] K=6,Y=168,R=3,S=2,C=1,X=1 || L2:[sp=K,1] K=4,S=2,C=1,X=1,Y=33,R=1",-inf,-inf,0,Y|K,1
C,91,S,3,C,1,Y,168,K,30,X,1,R,3,K,1,C,1,K,4,S,1,X,1,Y,12,R,1,"L1:[sp=C,91] S=3,C=1,Y=168,K=30,X=1,R=3 || L2:[sp=K,1] C=1,K=4,S=1,X=1,Y=12,R=1",-inf,-inf,0,C|K,1
C,91,S,2,C,1,Y,168,K,25,X,1,R,2,K,1,C,1,K,4,S,2,X,1,Y,12,R,1,"L1:[sp=C,91] S=2,C=1,Y=168,K=25,X=1,R=2 || L2:[sp=K,1] C=1,K=4,S=2,X=1,Y=12,R=1",-inf,-inf,0,C|K,1
C,91,S,3,Y,36,C,1,K,25,R,3,X,74,K,1,K,6,C,1,S,2,X,1,Y,12,R,1,"L1:[sp=C,91] S=3,Y=36,C=1,K=25,R=3,X=74 || L2:[sp=K,1] K=6,C=1,S=2,X=1,Y=12,R=1",-inf,-inf,0,C|K,1
C,91,S,3,Y,171,C,1,K,25,R,3,X,1,K,1,K,6,C,1,S,1,X,1,Y,12,R,1,"L1:[sp=C,91] S=3,Y=171,C=1,K=25,R=3,X=1 || L2:[sp=K,1] K=6,C=1,S=1,X=1,Y=12,R=1",-inf,-inf,0,C|K,1
Y,91,S,3,R,3,Y,168,K,6,C,1,X,1,K,1,K,4,S,2,C,1,X,1,Y,12,R,1,"L1:[sp=Y,91] S=3,R=3,Y=168,K=6,C=1,X=1 || L2:[sp=K,1] K=4,S=2,C=1,X=1,Y=12,R=1",-130436767.0,-163323000.0,1,Y|K,1
K,91,X,1,Y,168,C,2,K,25,R,3,S,3,C,1,C,2,K,6,S,3,X,1,Y,12,R,1,"L1:[sp=K,91] X=1,Y=168,C=2,K=25,R=3,S=3 || L2:[sp=C,1] C=2,K=6,S=3,X=1,Y=12,R=1",-inf,-inf,0,K|C,1
Y,91,K,6,R,3,Y,206,S,3,C,1,X,62,K,1,K,4,Y,12,C,1,X,1,S,2,R,1,"L1:[sp=Y,91] K=6,R=3,Y=206,S=3,C=1,X=62 || L2:[sp=K,1] K=4,Y=12,C=1,X=1,S=2,R=1",-inf,-inf,0,Y|K,1
Y,91,S,3,Y,168,C,1,K,25,R,3,X,223,K,1,K,6,C,1,S,2,X,1,Y,12,R,1,"L1:[sp=Y,91] S=3,Y=168,C=1,K=25,R=3,X=223 || L2:[sp=K,1] K=6,C=1,S=2,X=1,Y=12,R=1",-inf,-inf,0,Y|K,1
Y,91,K,6,R,3,Y,168,S,3,C,1,X,1,K,1,K,4,S,1,C,1,X,1,Y,12,R,1,"L1:[sp=Y,91] K=6,R=3,Y=168,S=3,C=1,X=1 || L2:[sp=K,1] K=4,S=1,C=1,X=1,Y=12,R=1",-inf,-inf,0,Y|K,1
C,91,S,3,Y,168,C,1,K,25,R,3,X,1,K,1,K,6,C,1,S,2,X,1,Y,12,R,1,"L1:[sp=C,91] S=3,Y=168,C=1,K=25,R=3,X=1 || L2:[sp=K,1] K=6,C=1,S=2,X=1,Y=12,R=1",-inf,-inf,0,C|K,1
K,91,S,2,C,1,Y,168,K,25,X,1,R,3,C,1,C,1,K,4,S,2,Y,12,X,1,R,1,"L1:[sp=K,91] S=2,C=1,Y=168,K=25,X=1,R=3 || L2:[sp=C,1] C=1,K=4,S=2,Y=12,X=1,R=1",-44156677.0,-163323000.0,1,K|C,1
C,91,S,3,Y,168,K,25,C,1,R,2,X,1,K,1,K,6,C,1,S,2,X,1,Y,12,R,1,"L1:[sp=C,91] S=3,Y=168,K=25,C=1,R=2,X=1 || L2:[sp=K,1] K=6,C=1,S=2,X=1,Y=12,R=1",-54883729.0,-163323000.0,1,C|K,1
Y,91,K,6,R,3,Y,168,S,3,C,1,X,1,C,1,K,4,S,2,C,1,X,1,Y,12,R,1,"L1:[sp=Y,91] K=6,R=3,Y=168,S=3,C=1,X=1 || L2:[sp=C,1] K=4,S=2,C=1,X=1,Y=12,R=1",-inf,-inf,0,Y|C,1
C,91,S,3,Y,68,C,1,K,25,R,3,X,1,Y,68,K,6,C,1,S,2,X,1,Y,12,R,1,"L1:[sp=C,91] S=3,Y=68,C=1,K=25,R=3,X=1 || L2:[sp=Y,68] K=6,C=1,S=2,X=1,Y=12,R=1",-inf,-inf,0,C|Y,1
K,91,K,6,R,3,Y,168,S,3,C,1,X,1,Y,1,K,4,S,1,C,1,X,1,Y,163,R,1,"L1:[sp=K,91] K=6,R=3,Y=168,S=3,C=1,X=1 || L2:[sp=Y,1] K=4,S=1,C=1,X=1,Y=163,R=1",-inf,-inf,0,K|Y,1
C,91,S,2,C,1,Y,168,K,25,X,1,R,3,K,1,C,1,K,4,S,2,X,1,Y,12,R,1,"L1:[sp=C,91] S=2,C=1,Y=168,K=25,X=1,R=3 || L2:[sp=K,1] C=1,K=4,S=2,X=1,Y=12,R=1",-inf,-inf,0,C|K,1
Y,91,K,6,R,3,Y,168,S,3,C,1,X,1,K,1,K,4,S,1,C,1,X,1,Y,49,R,1,"L1:[sp=Y,91] K=6,R=3,Y=168,S=3,C=1,X=1 || L2:[sp=K,1] K=4,S=1,C=1,X=1,Y=49,R=1",-195651487.0,-163324000.0,1,Y|K,1
C,91,S,3,C,1,Y,168,K,25,X,1,R,3,K,1,C,1,K,4,S,3,X,1,Y,12,R,1,"L1:[sp=C,91] S=3,C=1,Y=168,K=25,X=1,R=3 || L2:[sp=K,1] C=1,K=4,S=3,X=1,Y=12,R=1",-inf,-inf,0,C|K,1
C,91,S,3,C,1,Y,168,K,25,X,1,R,3,K,1,C,1,K,4,S,3,X,1,Y,12,R,1,"L1:[sp=C,91] S=3,C=1,Y=168,K=25,X=1,R=3 || L2:[sp=K,1] C=1,K=4,S=3,X=1,Y=12,R=1",-inf,-inf,0,C|K,1
Y,91,S,3,R,3,Y,168,K,6,C,1,X,115,K,1,K,4,S,2,C,1,X,1,Y,12,R,1,"L1:[sp=Y,91] S=3,R=3,Y=168,K=6,C=1,X=115 || L2:[sp=K,1] K=4,S=2,C=1,X=1,Y=12,R=1",-inf,-inf,0,Y|K,1
K,91,S,3,C,3,Y,130,K,25,X,1,R,3,C,1,C,1,K,4,S,2,Y,12,X,1,R,1,"L1:[sp=K,91] S=3,C=3,Y=130,K=25,X=1,R=3 || L2:[sp=C,1] C=1,K=4,S=2,Y=12,X=1,R=1",-inf,-inf,0,K|C,1
Y,91,S,2,R,3,Y,168,K,6,C,1,X,1,K,1,K,2,S,2,C,1,X,1,Y,12,R,1,"L1:[sp=Y,91] S=2,R=3,Y=168,K=6,C=1,X=1 || L2:[sp=K,1] K=2,S=2,C=1,X=1,Y=12,R=1",-inf,-inf,0,Y|K,1
C,91,S,3,C,1,Y,168,R,3,X,1,K,25,K,1,C,1,K,4,S,3,X,1,Y,12,R,1,"L1:[sp=C,91] S=3,C=1,Y=168,R=3,X=1,K=25 || L2:[sp=K,1] C=1,K=4,S=3,X=1,Y=12,R=1",-27693613.0,-163323000.0,1,C|K,1
C,91,R,2,Y,53,C,1,K,25,S,3,X,1,K,1,K,6,C,1,S,2,X,1,Y,12,R,1,"L1:[sp=C,91] R=2,Y=53,C=1,K=25,S=3,X=1 || L2:[sp=K,1] K=6,C=1,S=2,X=1,Y=12,R=1",-inf,-inf,0,C|K,1
Y,91,K,6,R,1,Y,168,S,2,C,1,X,1,K,1,K,4,S,2,C,1,X,1,Y,12,R,1,"L1:[sp=Y,91] K=6,R=1,Y=168,S=2,C=1,X=1 || L2:[sp=K,1] K=4,S=2,C=1,X=1,Y=12,R=1",-inf,-inf,0,Y|K,1
K,91,S,3,C,1,Y,168,K,25,X,1,R,3,C,1,C,1,K,4,S,2,Y,49,X,1,R,1,"L1:[sp=K,91] S=3,C=1,Y=168,K=25,X=1,R=3 || L2:[sp=C,1] C=1,K=4,S=2,Y=49,X=1,R=1",-inf,-inf,0,K|C,1
C,91,S,3,C,1,Y,168,K,25,X,1,R,3,K,1,C,1,K,4,S,3,X,1,Y,12,R,1,"L1:[sp=C,91] S=3,C=1,Y=168,K=25,X=1,R=3 || L2:[sp=K,1] C=1,K=4,S=3,X=1,Y=12,R=1",-inf,-inf,0,C|K,1
Y,91,S,3,R,3,Y,168,C,1,K,6,X,1,K,1,K,4,C,1,S,2,X,1,Y,12,R,1,"L1:[sp=Y,91] S=3,R=3,Y=168,C=1,K=6,X=1 || L2:[sp=K,1] K=4,C=1,S=2,X=1,Y=12,R=1",-130436767.0,-163323000.0,1,Y|K,1
K,91,S,2,C,1,Y,168,K,25,X,46,R,3,C,1,C,1,K,4,S,2,Y,12,X,1,R,1,"L1:[sp=K,91] S=2,C=1,Y=168,K=25,X=46,R=3 || L2:[sp=C,1] C=1,K=4,S=2,Y=12,X=1,R=1",-inf,-inf,0,K|C,1
Y,91,S,3,R,3,Y,168,K,6,C,1,X,1,K,1,S,2,K,4,C,1,X,1,Y,12,R,3,"L1:[sp=Y,91] S=3,R=3,Y=168,K=6,C=1,X=1 || L2:[sp=K,1] S=2,K=4,C=1,X=1,Y=12,R=3",-inf,-inf,0,Y|K,1
K,91,S,3,C,1,Y,168,K,25,X,53,R,3,C,1,C,1,K,4,S,2,Y,12,X,1,R,1,"L1:[sp=K,91] S=3,C=1,Y=168,K=25,X=53,R=3 || L2:[sp=C,1] C=1,K=4,S=2,Y=12,X=1,R=1",-inf,-inf,0,K|C,1
Y,91,S,2,R,2,Y,168,K,6,C,1,X,1,K,1,K,4,S,2,C,1,X,1,Y,12,R,1,"L1:[sp=Y,91] S=2,R=2,Y=168,K=6,C=1,X=1 || L2:[sp=K,1] K=4,S=2,C=1,X=1,Y=12,R=1",-86860285.0,-163323000.0,1,Y|K,1
C,91,S,3,Y,168,K,25,C,1,R,3,X,1,K,1,K,6,C,1,S,1,X,1,Y,49,R,1,"L1:[sp=C,91] S=3,Y=168,K=25,C=1,R=3,X=1 || L2:[sp=K,1] K=6,C=1,S=1,X=1,Y=49,R=1",-inf,-inf,0,C|K,1
K,91,K,6,R,2,Y,168,S,3,C,1,X,1,Y,1,K,4,S,2,C,1,X,1,Y,12,R,1,"L1:[sp=K,91] K=6,R=2,Y=168,S=3,C=1,X=1 || L2:[sp=Y,1] K=4,S=2,C=1,X=1,Y=12,R=1",-inf,-inf,0,K|Y,1
Y,91,K,6,R,2,Y,168,S,3,C,1,X,1,K,1,K,4,S,2,C,1,X,1,Y,49,R,1,"L1:[sp=Y,91] K=6,R=2,Y=168,S=3,C=1,X=1 || L2:[sp=K,1] K=4,S=2,C=1,X=1,Y=49,R=1",-inf,-inf,0,Y|K,1
Y,91,S,3,R,3,Y,168,K,6,C,1,X,1,K,1,K,6,S,1,C,1,X,1,R,1,Y,12,"L1:[sp=Y,91] S=3,R=3,Y=168,K=6,C=1,X=1 || L2:[sp=K,1] K=6,S=1,C=1,X=1,R=1,Y=12",-inf,-inf,0,Y|K,1
Y,91,K,6,R,3,Y,168,S,3,C,1,X,1,K,6,K,4,S,2,C,1,X,1,Y,108,R,1,"L1:[sp=Y,91] K=6,R=3,Y=168,S=3,C=1,X=1 || L2:[sp=K,6] K=4,S=2,C=1,X=1,Y=108,R=1",-inf,-inf,0,Y|K,1
C,91,S,2,C,1,Y,168,K,25,X,1,R,3,K,1,C,1,K,4,S,1,X,1,Y,12,R,1,"L1:[sp=C,91] S=2,C=1,Y=168,K=25,X=1,R=3 || L2:[sp=K,1] C=1,K=4,S=1,X=1,Y=12,R=1",-inf,-inf,0,C|K,1
C,91,S,3,C,1,Y,168,R,3,X,1,K,25,K,1,C,1,K,4,S,3,X,1,Y,12,R,1,"L1:[sp=C,91] S=3,C=1,Y=168,R=3,X=1,K=25 || L2:[sp=K,1] C=1,K=4,S=3,X=1,Y=12,R=1",-inf,-inf,0,C|K,1
C,91,S,2,C,1,Y,168,R,2,X,1,K,55,K,1,K,4,C,1,S,2,X,1,Y,12,R,1,"L1:[sp=C,91] S=2,C=1,Y=168,R=2,X=1,K=55 || L2:[sp=K,1] K=4,C=1,S=2,X=1,Y=12,R=1",-inf,-inf,0,C|K,1
Y,91,S,3,R,3,Y,168,K,6,C,1,X,1,K,1,K,4,S,3,C,1,X,1,Y,12,R,1,"L1:[sp=Y,91] S=3,R=3,Y=168,K=6,C=1,X=1 || L2:[sp=K,1] K=4,S=3,C=1,X=1,Y=12,R=1",-65222047.0,-163323000.0,1,Y|K,1
Y,91,S,3,R,1,Y,168,K,6,C,1,X,207,K,1,K,4,Y,12,C,1,X,1,S,2,R,1,"L1:[sp=Y,91] S=3,R=1,Y=168,K=6,C=1,X=207 || L2:[sp=K,1] K=4,Y=12,C=1,X=1,S=2,R=1",-inf,-inf,0,Y|K,1
Y,91,K,6,R,2,Y,168,C,1,S,2,X,1,X,1,K,5,C,1,S,2,X,1,Y,12,R,2,"L1:[sp=Y,91] K=6,R=2,Y=168,C=1,S=2,X=1 || L2:[sp=X,1] K=5,C=1,S=2,X=1,Y=12,R=2",-109724029.0,-163323000.0,1,Y|X,1
C,91,S,2,C,1,Y,168,R,3,X,1,K,25,K,1,C,1,K,4,R,1,X,1,Y,12,S,1,"L1:[sp=C,91] S=2,C=1,Y=168,R=3,X=1,K=25 || L2:[sp=K,1] C=1,K=4,R=1,X=1,Y=12,S=1",-inf,-inf,0,C|K,1
K,91,S,3,R,2,Y,168,K,32,C,1,X,1,K,1,K,4,S,3,C,1,X,1,Y,12,R,1,"L1:[sp=K,91] S=3,R=2,Y=168,K=32,C=1,X=1 || L2:[sp=K,1] K=4,S=3,C=1,X=1,Y=12,R=1",-41816809.0,-163323000.0,1,K|K,1
Y,91,S,3,R,2,Y,168,K,6,C,1,X,205,K,1,K,4,S,3,C,1,X,1,Y,12,R,1,"L1:[sp=Y,91] S=3,R=2,Y=168,K=6,C=1,X=205 || L2:[sp=K,1] K=4,S=3,C=1,X=1,Y=12,R=1",-inf,-inf,0,Y|K,1
C,91,S,2,C,1,Y,168,R,2,X,1,K,25,K,1,C,1,K,4,S,1,X,1,Y,12,R,1,"L1:[sp=C,91] S=2,C=1,Y=168,R=2,X=1,K=25 || L2:[sp=K,1] C=1,K=4,S=1,X=1,Y=12,R=1",-inf,-inf,0,C|K,1
C,91,S,2,C,1,Y,168,R,2,X,1,K,25,K,1,C,1,K,4,S,2,X,1,Y,12,R,1,"L1:[sp=C,91] S=2,C=1,Y=168,R=2,X=1,K=25 || L2:[sp=K,1] C=1,K=4,S=2,X=1,Y=12,R=1",-inf,-inf,0,C|K,1
Y,91,S,3,R,3,Y,168,K,6,C,1,X,1,Y,6,K,4,S,3,C,1,X,1,Y,12,R,1,"L1:[sp=Y,91] S=3,R=3,Y=168,K=6,C=1,X=1 || L2:[sp=Y,6] K=4,S=3,C=1,X=1,Y=12,R=1",-inf,-inf,0,Y|Y,1
Y,91,S,3,R,3,Y,168,K,6,C,1,X,64,K,1,K,4,S,2,C,1,X,1,Y,12,R,1,"L1:[sp=Y,91] S=3,R=3,Y=168,K=6,C=1,X=64 || L2:[sp=K,1] K=4,S=2,C=1,X=1,Y=12,R=1",-inf,-inf,0,Y|K,1
Y,91,S,2,R,3,Y,168,C,1,K,6,X,1,K,1,K,4,C,1,S,2,X,1,Y,147,R,1,"L1:[sp=Y,91] S=2,R=3,Y=168,C=1,K=6,X=1 || L2:[sp=K,1] K=4,C=1,S=2,X=1,Y=147,R=1",-inf,-inf,0,Y|K,1
C,91,S,3,C,1,Y,168,R,3,X,1,K,25,K,1,C,1,K,4,S,3,X,1,Y,12,R,1,"L1:[sp=C,91] S=3,C=1,Y=168,R=3,X=1,K=25 || L2:[sp=K,1] C=1,K=4,S=3,X=1,Y=12,R=1",-inf,-inf,0,C|K,1
Y,91,S,3,R,3,C,1,Y,140,K,27,X,1,K,1,K,12,C,1,S,2,X,1,Y,12,R,1,"L1:[sp=Y,91] S=3,R=3,C=1,Y=140,K=27,X=1 || L2:[sp=K,1] K=12,C=1,S=2,X=1,Y=12,R=1",-inf,-inf,0,Y|K,1
Y,91,S,2,R,2,Y,168,K,20,C,1,X,95,K,1,K,4,S,2,C,1,X,1,Y,12,R,1,"L1:[sp=Y,91] S=2,R=2,Y=168,K=20,C=1,X=95 || L2:[sp=K,1] K=4,S=2,C=1,X=1,Y=12,R=1",-inf,-inf,0,Y|K,1
Y,91,S,3,R,3,Y,147,C,1,K,6,X,94,K,1,K,4,C,1,S,2,X,1,Y,12,R,1,"L1:[sp=Y,91] S=3,R=3,Y=147,C=1,K=6,X=94 || L2:[sp=K,1] K=4,C=1,S=2,X=1,Y=12,R=1",-inf,-inf,0,Y|K,1
C,91,S,3,C,1,Y,168,R,1,X,1,K,25,K,1,C,1,K,4,S,2,X,1,Y,12,R,1,"L1:[sp=C,91] S=3,C=1,Y=168,R=1,X=1,K=25 || L2:[sp=K,1] C=1,K=4,S=2,X=1,Y=12,R=1",-inf,-inf,0,C|K,1
Y,91,S,3,R,3,Y,168,C,3,K,10,X,1,K,1,K,4,C,1,S,3,X,1,Y,12,R,1,"L1:[sp=Y,91] S=3,R=3,Y=168,C=3,K=10,X=1 || L2:[sp=K,1] K=4,C=1,S=3,X=1,Y=12,R=1",-inf,-inf,0,Y|K,1
Y,91,S,3,R,3,Y,128,K,6,C,1,X,1,X,1,K,4,S,2,C,1,X,1,Y,12,R,1,"L1:[sp=Y,91] S=3,R=3,Y=128,K=6,C=1,X=1 || L2:[sp=X,1] K=4,S=2,C=1,X=1,Y=12,R=1",-inf,-inf,0,Y|X,1
K,91,S,3,R,2,Y,168,K,32,C,1,X,1,K,1,K,4,S,3,C,1,X,1,Y,12,R,1,"L1:[sp=K,91] S=3,R=2,Y=168,K=32,C=1,X=1 || L2:[sp=K,1] K=4,S=3,C=1,X=1,Y=12,R=1",-inf,-inf,0,K|K,1
K,91,S,2,R,2,Y,168,K,32,C,1,X,1,K,1,K,4,Y,12,C,1,X,1,S,2,R,2,"L1:[sp=K,91] S=2,R=2,Y=168,K=32,C=1,X=1 || L2:[sp=K,1] K=4,Y=12,C=1,X=1,S=2,R=2",-inf,-inf,0,K|K,1
Y,91,Y,46,R,2,K,6,C,1,S,3,X,1,X,1,K,5,C,1,S,1,X,1,Y,12,R,1,"L1:[sp=Y,91] Y=46,R=2,K=6,C=1,S=3,X=1 || L2:[sp=X,1] K=5,C=1,S=1,X=1,Y=12,R=1",-51569047.0,-163323000.0,1,Y|X,1
K,91,S,3,R,2,Y,168,K,32,C,1,X,1,K,1,K,4,S,3,C,1,X,1,Y,12,R,1,"L1:[sp=K,91] S=3,R=2,Y=168,K=32,C=1,X=1 || L2:[sp=K,1] K=4,S=3,C=1,X=1,Y=12,R=1",-inf,-inf,0,K|K,1
Y,91,S,3,R,3,Y,137,K,6,C,1,X,1,K,1,K,4,S,3,Y,12,C,1,X,1,R,1,"L1:[sp=Y,91] S=3,R=3,Y=137,K=6,C=1,X=1 || L2:[sp=K,1] K=4,S=3,Y=12,C=1,X=1,R=1",-53329951.0,-163323000.0,1,Y|K,1
K,91,S,3,R,3,Y,168,K,6,C,1,X,1,Y,1,K,4,S,3,C,1,X,1,Y,12,R,1,"L1:[sp=K,91] S=3,R=3,Y=168,K=6,C=1,X=1 || L2:[sp=Y,1] K=4,S=3,C=1,X=1,Y=12,R=1",-inf,-inf,0,K|Y,1
K,91,S,3,R,2,Y,168,K,46,C,1,X,1,K,1,K,4,S,3,C,1,X,1,Y,12,R,1,"L1:[sp=K,91] S=3,R=2,Y=168,K=46,C=1,X=1 || L2:[sp=K,1] K=4,S=3,C=1,X=1,Y=12,R=1",-inf,-inf,0,K|K,1
K,91,S,3,R,3,Y,168,K,32,C,1,X,1,K,1,Y,12,S,1,C,1,X,1,K,4,R,1,"L1:[sp=K,91] S=3,R=3,Y=168,K=32,C=1,X=1 || L2:[sp=K,1] Y=12,S=1,C=1,X=1,K=4,R=1",-inf,-inf,0,K|K,1
Y,91,S,3,R,3,Y,168,K,22,C,1,X,1,K,1,K,4,S,3,C,1,X,1,Y,12,R,1,"L1:[sp=Y,91] S=3,R=3,Y=168,K=22,C=1,X=1 || L2:[sp=K,1] K=4,S=3,C=1,X=1,Y=12,R=1",-65216719.0,-163323000.0,1,Y|K,1
K,91,S,3,R,2,Y,168,K,18,C,1,X,1,K,1,K,4,S,3,C,1,X,1,Y,12,R,1,"L1:[sp=K,91] S=3,R=2,Y=168,K=18,C=1,X=1 || L2:[sp=K,1] K=4,S=3,C=1,X=1,Y=12,R=1",-inf,-inf,0,K|K,1
Y,91,S,3,R,1,Y,168,K,6,C,1,X,1,K,1,K,4,S,3,C,1,X,1,Y,12,R,1,"L1:[sp=Y,91] S=3,R=1,Y=168,K=6,C=1,X=1 || L2:[sp=K,1] K=4,S=3,C=1,X=1,Y=12,R=1",-inf,-inf,0,Y|K,1
X,91,K,6,R,2,Y,168,C,3,S,2,X,1,Y,1,K,5,C,1,S,2,X,1,Y,12,R,2,"L1:[sp=X,91] K=6,R=2,Y=168,C=3,S=2,X=1 || L2:[sp=Y,1] K=5,C=1,S=2,X=1,Y=12,R=2",-inf,-inf,0,X|Y,1
Y,91,S,3,R,3,Y,168,K,58,C,1,X,1,K,1,K,4,S,3,C,1,X,1,Y,12,R,1,"L1:[sp=Y,91] S=3,R=3,Y=168,K=58,C=1,X=1 || L2:[sp=K,1] K=4,S=3,C=1,X=1,Y=12,R=1",-inf,-inf,0,Y|K,1
K,91,S,2,R,1,Y,168,K,32,C,1,X,1,K,1,K,4,S,2,C,1,X,1,Y,12,R,1,"L1:[sp=K,91] S=2,R=1,Y=168,K=32,C=1,X=1 || L2:[sp=K,1] K=4,S=2,C=1,X=1,Y=12,R=1",-inf,-inf,0,K|K,1
Y,91,K,6,R,2,Y,167,C,1,S,3,X,217,X,1,K,5,C,1,S,3,X,1,Y,12,R,1,"L1:[sp=Y,91] K=6,R=2,Y=167,C=1,S=3,X=217 || L2:[sp=X,1] K=5,C=1,S=3,X=1,Y=12,R=1",-inf,-inf,0,Y|X,1
Y,91,K,6,R,2,Y,168,C,1,S,2,X,1,X,1,K,5,C,1,S,2,X,1,Y,12,R,1,"L1:[sp=Y,91] K=6,R=2,Y=168,C=1,S=2,X=1 || L2:[sp=X,1] K=5,C=1,S=2,X=1,Y=12,R=1",-inf,-inf,0,Y|X,1
K,91,S,3,R,2,Y,33,K,32,C,2,X,1,K,2,K,4,S,3,C,1,X,1,Y,12,R,1,"L1:[sp=K,91] S=3,R=2,Y=33,K=32,C=2,X=1 || L2:[sp=K,2] K=4,S=3,C=1,X=1,Y=12,R=1",-inf,-inf,0,K|K,1
K,91,S,3,R,2,Y,168,K,32,C,1,X,169,K,1,K,4,S,3,C,1,X,1,Y,12,R,2,"L1:[sp=K,91] S=3,R=2,Y=168,K=32,C=1,X=169 || L2:[sp=K,1] K=4,S=3,C=1,X=1,Y=12,R=2",-inf,-inf,0,K|K,1
Y,91,K,6,R,3,Y,168,C,1,S,2,X,1,X,1,K,5,C,1,S,2,X,1,Y,12,R,2,"L1:[sp=Y,91] K=6,R=3,Y=168,C=1,S=2,X=1 || L2:[sp=X,1] K=5,C=1,S=2,X=1,Y=12,R=2",-inf,-inf,0,Y|X,1
Y,91,K,6,R,2,Y,168,C,1,S,3,X,1,X,1,K,5,C,1,S,3,X,1,Y,12,R,2,"L1:[sp=Y,91] K=6,R=2,Y=168,C=1,S=3,X=1 || L2:[sp=X,1] K=5,C=1,S=3,X=1,Y=12,R=2",-inf,-inf,0,Y|X,1
Y,91,Y,46,R,2,K,6,C,1,S,3,X,1,X,1,K,5,C,1,S,1,X,1,Y,12,R,1,"L1:[sp=Y,91] Y=46,R=2,K=6,C=1,S=3,X=1 || L2:[sp=X,1] K=5,C=1,S=1,X=1,Y=12,R=1",-inf,-inf,0,Y|X,1
Y,91,Y,46,R,2,K,6,C,1,S,3,X,1,C,1,K,5,C,1,S,1,X,1,Y,12,R,1,"L1:[sp=Y,91] Y=46,R=2,K=6,C=1,S=3,X=1 || L2:[sp=C,1] K=5,C=1,S=1,X=1,Y=12,R=1",-inf,-inf,0,Y|C,1
Y,91,S,3,R,3,Y,137,K,6,C,1,X,1,K,1,K,5,S,3,Y,12,C,1,R,1,X,1,"L1:[sp=Y,91] S=3,R=3,Y=137,K=6,C=1,X=1 || L2:[sp=K,1] K=5,S=3,Y=12,C=1,R=1,X=1",-inf,-inf,0,Y|K,1
Y,91,X,1,R,3,Y,137,K,6,C,1,S,3,K,1,K,4,S,2,Y,12,R,3,X,1,C,1,"L1:[sp=Y,91] X=1,R=3,Y=137,K=6,C=1,S=3 || L2:[sp=K,1] K=4,S=2,Y=12,R=3,X=1,C=1",-105118111.0,-163323000.0,1,Y|K,1
K,91,C,1,R,2,Y,168,K,22,S,3,X,1,Y,1,K,4,S,3,C,1,X,1,Y,12,R,1,"L1:[sp=K,91] C=1,R=2,Y=168,K=22,S=3,X=1 || L2:[sp=Y,1] K=4,S=3,C=1,X=1,Y=12,R=1",-28749889.0,-163324000.0,1,K|Y,1
Y,91,S,3,R,3,Y,80,K,6,C,1,X,1,K,1,K,4,S,1,Y,12,C,1,X,1,R,1,"L1:[sp=Y,91] S=3,R=3,Y=80,K=6,C=1,X=1 || L2:[sp=K,1] K=4,S=1,Y=12,C=1,X=1,R=1",-inf,-inf,0,Y|K,1
Y,91,S,3,R,3,Y,168,K,22,C,3,X,1,K,1,K,4,S,3,C,1,X,1,Y,12,R,1,"L1:[sp=Y,91] S=3,R=3,Y=168,K=22,C=3,X=1 || L2:[sp=K,1] K=4,S=3,C=1,X=1,Y=12,R=1",-inf,-inf,0,Y|K,1
Y,91,S,3,R,3,Y,137,K,6,C,1,X,1,K,1,K,4,R,1,Y,12,C,1,X,1,S,3,"L1:[sp=Y,91] S=3,R=3,Y=137,K=6,C=1,X=1 || L2:[sp=K,1] K=4,R=1,Y=12,C=1,X=1,S=3",-inf,-inf,0,Y|K,1
Y,91,Y,46,R,2,K,6,C,1,S,3,X,1,X,1,K,5,C,1,S,1,X,1,Y,12,R,2,"L1:[sp=Y,91] Y=46,R=2,K=6,C=1,S=3,X=1 || L2:[sp=X,1] K=5,C=1,S=1,X=1,Y=12,R=2",-inf,-inf,0,Y|X,1
Y,91,S,3,R,3,Y,188,K,6,C,1,X,1,K,1,K,4,S,2,Y,12,C,1,X,1,R,1,"L1:[sp=Y,91] S=3,R=3,Y=188,K=6,C=1,X=1 || L2:[sp=K,1] K=4,S=2,Y=12,C=1,X=1,R=1",-inf,-inf,0,Y|K,1
Y,91,Y,46,R,2,K,6,C,1,S,3,X,1,X,1,K,1,C,1,S,1,X,1,Y,12,R,1,"L1:[sp=Y,91] Y=46,R=2,K=6,C=1,S=3,X=1 || L2:[sp=X,1] K=1,C=1,S=1,X=1,Y=12,R=1",-inf,-inf,0,Y|X,1
Y,91,S,3,R,1,Y,137,X,1,C,1,K,6,K,1,K,4,S,3,Y,12,C,1,X,1,R,1,"L1:[sp=Y,91] S=3,R=1,Y=137,X=1,C=1,K=6 || L2:[sp=K,1] K=4,S=3,Y=12,C=1,X=1,R=1",-52577371.0,-163323000.0,1,Y|K,1
Y,91,S,1,R,1,Y,168,K,22,C,1,X,1,K,1,K,4,S,1,C,1,X,1,Y,12,R,1,"L1:[sp=Y,91] S=1,R=1,Y=168,K=22,C=1,X=1 || L2:[sp=K,1] K=4,S=1,C=1,X=1,Y=12,R=1",-inf,-inf,0,Y|K,1
Y,91,S,2,R,3,K,6,Y,137,C,2,X,1,K,1,K,4,S,2,Y,28,C,1,X,1,R,1,"L1:[sp=Y,91] S=2,R=3,K=6,Y=137,C=2,X=1 || L2:[sp=K,1] K=4,S=2,Y=28,C=1,X=1,R=1",-inf,-inf,0,Y|K,1
K,91,S,2,R,3,Y,168,K,22,C,2,X,1,K,1,K,4,S,2,C,1,X,1,Y,12,R,1,"L1:[sp=K,91] S=2,R=3,Y=168,K=22,C=2,X=1 || L2:[sp=K,1] K=4,S=2,C=1,X=1,Y=12,R=1",-inf,-inf,0,K|K,1
X,91,Y,46,R,2,K,5,C,1,S,3,X,1,X,1,K,5,C,1,S,1,X,1,Y,37,R,1,"L1:[sp=X,91] Y=46,R=2,K=5,C=1,S=3,X=1 || L2:[sp=X,1] K=5,C=1,S=1,X=1,Y=37,R=1",-inf,-inf,0,X|X,1
Y,91,S,3,R,3,Y,137,K,6,C,3,X,1,K,1,K,4,S,3,Y,12,C,1,X,1,R,1,"L1:[sp=Y,91] S=3,R=3,Y=137,K=6,C=3,X=1 || L2:[sp=K,1] K=4,S=3,Y=12,C=1,X=1,R=1",-inf,-inf,0,Y|K,1
Y,91,S,3,R,3,Y,168,K,22,C,1,X,1,K,1,K,4,S,3,C,1,X,1,Y,12,R,1,"L1:[sp=Y,91] S=3,R=3,Y=168,K=22,C=1,X=1 || L2:[sp=K,1] K=4,S=3,C=1,X=1,Y=12,R=1",-inf,-inf,0,Y|K,1
X,91,Y,46,R,2,K,6,S,3,C,3,X,1,Y,1,K,5,C,1,S,1,X,1,Y,46,R,1,"L1:[sp=X,91] Y=46,R=2,K=6,S=3,C=3,X=1 || L2:[sp=Y,1] K=5,C=1,S=1,X=1,Y=46,R=1",-inf,-inf,0,X|Y,1
Y,91,S,3,R,3,X,1,K,6,C,3,Y,104,K,1,K,4,S,3,Y,12,C,1,X,1,R,1,"L1:[sp=Y,91] S=3,R=3,X=1,K=6,C=3,Y=104 || L2:[sp=K,1] K=4,S=3,Y=12,C=1,X=1,R=1",-40665739.0,-163323000.0,1,Y|K,1
K,91,C,1,R,2,Y,168,K,22,S,3,X,1,Y,1,K,4,S,3,C,1,X,1,Y,12,R,1,"L1:[sp=K,91] C=1,R=2,Y=168,K=22,S=3,X=1 || L2:[sp=Y,1] K=4,S=3,C=1,X=1,Y=12,R=1",-inf,-inf,0,K|Y,1
Y,91,S,3,R,3,Y,137,X,1,C,1,K,6,K,1,C,1,S,2,Y,78,K,4,X,1,R,3,"L1:[sp=Y,91] S=3,R=3,Y=137,X=1,C=1,K=6 || L2:[sp=K,1] C=1,S=2,Y=78,K=4,X=1,R=3",-inf,-inf,0,Y|K,1
Y,91,X,1,R,1,Y,137,K,6,C,1,S,3,K,1,K,4,S,3,Y,12,R,1,X,1,C,1,"L1:[sp=Y,91] X=1,R=1,Y=137,K=6,C=1,S=3 || L2:[sp=K,1] K=4,S=3,Y=12,R=1,X=1,C=1",-inf,-inf,0,Y|K,1
Y,91,S,3,R,2,Y,137,K,6,C,3,X,1,K,1,K,4,S,3,Y,12,C,1,X,1,R,1,"L1:[sp=Y,91] S=3,R=2,Y=137,K=6,C=3,X=1 || L2:[sp=K,1] K=4,S=3,Y=12,C=1,X=1,R=1",-inf,-inf,0,Y|K,1
Y,91,C,1,R,1,Y,168,K,22,S,3,X,1,Y,1,K,4,S,3,C,1,X,1,Y,12,R,1,"L1:[sp=Y,91] C=1,R=1,Y=168,K=22,S=3,X=1 || L2:[sp=Y,1] K=4,S=3,C=1,X=1,Y=12,R=1",-64453483.0,-163323000.0,1,Y|Y,1
K,91,C,1,R,1,Y,168,K,22,S,3,X,1,Y,1,K,4,S,3,C,1,X,1,Y,12,R,1,"L1:[sp=K,91] C=1,R=1,Y=168,K=22,S=3,X=1 || L2:[sp=Y,1] K=4,S=3,C=1,X=1,Y=12,R=1",-inf,-inf,0,K|Y,1
K,91,S,1,R,3,X,1,K,6,C,3,Y,198,K,1,K,4,S,1,Y,12,C,1,X,1,R,1,"L1:[sp=K,91] S=1,R=3,X=1,K=6,C=3,Y=198 || L2:[sp=K,1] K=4,S=1,Y=12,C=1,X=1,R=1",-8420161.0,-163323000.0,1,K|K,1
C,91,X,1,R,3,Y,137,K,6,C,1,S,3,K,1,K,4,S,3,R,3,Y,12,X,1,C,1,"L1:[sp=C,91] X=1,R=3,Y=137,K=6,C=1,S=3 || L2:[sp=K,1] K=4,S=3,R=3,Y=12,X=1,C=1",-28903957.0,-163324000.0,1,C|K,1
K,91,C,1,R,2,Y,168,K,22,S,3,X,1,Y,1,K,4,S,2,C,1,X,1,Y,12,R,1,"L1:[sp=K,91] C=1,R=2,Y=168,K=22,S=3,X=1 || L2:[sp=Y,1] K=4,S=2,C=1,X=1,Y=12,R=1",-57497113.0,-163323000.0,1,K|Y,1
K,91,X,1,R,3,Y,137,K,6,C,2,S,3,Y,1,K,4,S,3,Y,12,R,3,X,1,C,1,"L1:[sp=K,91] X=1,R=3,Y=137,K=6,C=2,S=3 || L2:[sp=Y,1] K=4,S=3,Y=12,R=3,X=1,C=1",-inf,-inf,0,K|Y,1
Y,91,S,3,R,3,X,1,K,50,C,3,Y,104,K,1,X,1,S,2,Y,12,C,1,K,4,R,1,"L1:[sp=Y,91] S=3,R=3,X=1,K=50,C=3,Y=104 || L2:[sp=K,1] X=1,S=2,Y=12,C=1,K=4,R=1",-inf,-inf,0,Y|K,1
Y,91,S,1,R,1,Y,137,X,1,C,1,K,6,K,1,K,4,S,1,Y,12,C,1,X,1,R,1,"L1:[sp=Y,91] S=1,R=1,Y=137,X=1,C=1,K=6 || L2:[sp=K,1] K=4,S=1,Y=12,C=1,X=1,R=1",-inf,-inf,0,Y|K,1
Y,91,S,3,R,3,X,1,K,6,C,3,Y,104,K,1,K,4,S,3,Y,12,C,1,X,1,R,1,"L1:[sp=Y,91] S=3,R=3,X=1,K=6,C=3,Y=104 || L2:[sp=K,1] K=4,S=3,Y=12,C=1,X=1,R=1",-inf,-inf,0,Y|K,1
Y,91,X,1,S,3,Y,104,K,6,C,1,R,3,C,1,K,4,S,3,Y,12,R,1,X,1,C,1,"L1:[sp=Y,91] X=1,S=3,Y=104,K=6,C=1,R=3 || L2:[sp=C,1] K=4,S=3,Y=12,R=1,X=1,C=1",-40670623.0,-163323000.0,1,Y|C,1
Y,91,S,3,R,3,X,1,C,3,K,6,Y,137,K,1,K,4,S,2,Y,12,C,1,X,1,R,3,"L1:[sp=Y,91] S=3,R=3,X=1,C=3,K=6,Y=137 || L2:[sp=K,1] K=4,S=2,Y=12,C=1,X=1,R=3",-105113227.0,-163323000.0,1,Y|K,1
Y,91,S,3,R,1,Y,12,X,1,C,1,K,6,K,1,K,4,S,3,Y,12,C,1,X,1,R,1,"L1:[sp=Y,91] S=3,R=1,Y=12,X=1,C=1,K=6 || L2:[sp=K,1] K=4,S=3,Y=12,C=1,X=1,R=1",-4625371.0,-163323000.0,1,Y|K,1
Y,91,S,3,R,3,X,1,K,6,C,3,Y,104,C,3,K,4,S,3,Y,12,C,1,X,1,R,1,"L1:[sp=Y,91] S=3,R=3,X=1,K=6,C=3,Y=104 || L2:[sp=C,3] K=4,S=3,Y=12,C=1,X=1,R=1",-inf,-inf,0,Y|C,1
K,91,C,1,R,3,Y,37,K,22,S,3,X,1,Y,1,K,4,S,2,C,1,X,1,Y,4,R,3,"L1:[sp=K,91] C=1,R=3,Y=37,K=22,S=3,X=1 || L2:[sp=Y,1] K=4,S=2,C=1,X=1,Y=4,R=3",-inf,-inf,0,K|Y,1
Y,91,X,1,R,2,Y,137,C,1,K,6,S,3,K,1,K,4,S,3,Y,12,R,1,X,1,C,1,"L1:[sp=Y,91] X=1,R=2,Y=137,C=1,K=6,S=3 || L2:[sp=K,1] K=4,S=3,Y=12,R=1,X=1,C=1",-52953661.0,-163323000.0,1,Y|K,1
Y,91,S,3,R,3,X,1,K,52,C,1,Y,137,K,1,K,4,S,2,Y,12,C,1,X,1,R,3,"L1:[sp=Y,91] S=3,R=3,X=1,K=52,C=1,Y=137 || L2:[sp=K,1] K=4,S=2,Y=12,C=1,X=1,R=3",-inf,-inf,0,Y|K,1
Y,91,K,6,R,2,Y,104,X,1,C,3,S,3,K,1,K,4,S,3,Y,62,R,1,X,1,C,1,"L1:[sp=Y,91] K=6,R=2,Y=104,X=1,C=3,S=3 || L2:[sp=K,1] K=4,S=3,Y=62,R=1,X=1,C=1",-inf,-inf,0,Y|K,1
Y,91,S,3,R,1,Y,12,X,1,C,1,K,6,K,1,K,4,S,3,Y,12,C,1,X,1,R,1,"L1:[sp=Y,91] S=3,R=1,Y=12,X=1,C=1,K=6 || L2:[sp=K,1] K=4,S=3,Y=12,C=1,X=1,R=1",-inf,-inf,0,Y|K,1
K,91,C,1,R,2,Y,168,K,22,S,3,X,109,Y,1,K,4,S,2,C,1,X,1,Y,12,R,1,"L1:[sp=K,91] C=1,R=2,Y=168,K=22,S=3,X=109 || L2:[sp=Y,1] K=4,S=2,C=1,X=1,Y=12,R=1",-inf,-inf,0,K|Y,1
K,91,S,3,R,1,Y,12,X,1,C,1,K,6,K,1,K,4,S,3,Y,12,C,1,X,1,R,1,"L1:[sp=K,91] S=3,R=1,Y=12,X=1,C=1,K=6 || L2:[sp=K,1] K=4,S=3,Y=12,C=1,X=1,R=1",-8237755.0,-163323000.0,1,K|K,1
C,91,X,1,R,3,Y,137,K,6,C,1,S,3,K,1,K,4,S,1,R,3,Y,12,X,1,C,1,"L1:[sp=C,91] X=1,R=3,Y=137,K=6,C=1,S=3 || L2:[sp=K,1] K=4,S=1,R=3,Y=12,X=1,C=1",-inf,-inf,0,C|K,1
Y,91,S,3,R,3,X,1,C,3,K,6,Y,137,X,1,K,4,Y,12,S,3,C,1,X,1,R,3,"L1:[sp=Y,91] S=3,R=3,X=1,C=3,K=6,Y=137 || L2:[sp=X,1] K=4,Y=12,S=3,C=1,X=1,R=3",-inf,-inf,0,Y|X,1
Y,91,S,3,R,2,X,1,C,2,Y,137,K,6,K,1,K,4,S,3,Y,12,C,1,R,1,X,1,"L1:[sp=Y,91] S=3,R=2,X=1,C=2,Y=137,K=6 || L2:[sp=K,1] K=4,S=3,Y=12,C=1,R=1,X=1",-52948777.0,-163323000.0,1,Y|K,1
Y,91,X,1,R,3,Y,137,C,3,K,6,S,3,K,1,K,4,R,3,Y,12,S,2,X,1,C,1,"L1:[sp=Y,91] X=1,R=3,Y=137,C=3,K=6,S=3 || L2:[sp=K,1] K=4,R=3,Y=12,S=2,X=1,C=1",-inf,-inf,0,Y|K,1
Y,91,X,1,R,2,Y,137,C,1,K,6,S,2,K,1,K,4,X,1,Y,12,R,1,S,2,C,1,"L1:[sp=Y,91] X=1,R=2,Y=137,C=1,K=6,S=2 || L2:[sp=K,1] K=4,X=1,Y=12,R=1,S=2,C=1",-inf,-inf,0,Y|K,1
C,91,X,1,R,3,Y,137,K,6,C,1,S,3,K,1,K,4,S,3,R,3,Y,12,X,1,C,1,"L1:[sp=C,91] X=1,R=3,Y=137,K=6,C=1,S=3 || L2:[sp=K,1] K=4,S=3,R=3,Y=12,X=1,C=1",-inf,-inf,0,C|K,1
Y,91,S,3,R,1,Y,12,C,3,K,6,X,1,K,1,S,3,K,4,Y,12,R,1,X,1,C,1,"L1:[sp=Y,91] S=3,R=1,Y=12,C=3,K=6,X=1 || L2:[sp=K,1] S=3,K=4,Y=12,R=1,X=1,C=1",-inf,-inf,0,Y|K,1
Y,91,S,3,R,2,Y,137,X,1,C,1,K,6,K,1,K,4,S,3,Y,12,C,1,X,1,R,1,"L1:[sp=Y,91] S=3,R=2,Y=137,X=1,C=1,K=6 || L2:[sp=K,1] K=4,S=3,Y=12,C=1,X=1,R=1",-52953661.0,-163323000.0,1,Y|K,1
C,91,X,1,R,1,Y,98,K,6,C,1,S,3,K,1,K,4,S,3,R,1,Y,12,X,1,C,1,"L1:[sp=C,91] X=1,R=1,Y=98,K=6,C=1,S=3 || L2:[sp=K,1] K=4,S=3,R=1,Y=12,X=1,C=1",-inf,-inf,0,C|K,1
X,91,S,3,R,3,Y,12,X,1,C,1,K,6,K,1,K,4,S,3,Y,12,C,1,X,1,R,3,"L1:[sp=X,91] S=3,R=3,Y=12,X=1,C=1,K=6 || L2:[sp=K,1] K=4,S=3,Y=12,C=1,X=1,R=3",-789223.0,-163324000.0,1,X|K,1
C,91,X,1,R,2,Y,137,K,6,C,1,S,3,K,1,K,4,S,2,R,1,C,1,X,1,Y,12,"L1:[sp=C,91] X=1,R=2,Y=137,K=6,C=1,S=3 || L2:[sp=K,1] K=4,S=2,R=1,C=1,X=1,Y=12",-inf,-inf,0,C|K,1
K,91,C,1,R,3,Y,168,K,22,S,3,X,1,Y,1,K,4,S,3,C,1,X,1,Y,12,R,3,"L1:[sp=K,91] C=1,R=3,Y=168,K=22,S=3,X=1 || L2:[sp=Y,1] K=4,S=3,C=1,X=1,Y=12,R=3",-30330973.0,-163324000.0,1,K|Y,1
K,91,C,1,R,2,Y,168,K,42,S,3,X,1,Y,1,K,4,S,2,C,1,X,1,Y,12,R,1,"L1:[sp=K,91] C=1,R=2,Y=168,K=42,S=3,X=1 || L2:[sp=Y,1] K=4,S=2,C=1,X=1,Y=12,R=1",-inf,-inf,0,K|Y,1
Y,91,X,1,S,3,Y,104,K,31,C,1,R,1,C,1,K,4,S,3,R,1,Y,12,X,1,C,1,"L1:[sp=Y,91] X=1,S=3,Y=104,K=31,C=1,R=1 || L2:[sp=C,1] K=4,S=3,R=1,Y=12,X=1,C=1",-inf,-inf,0,Y|C,1
K,91,C,1,R,2,Y,168,K,22,S,3,X,1,Y,1,K,4,S,3,C,1,X,1,Y,12,R,1,"L1:[sp=K,91] C=1,R=2,Y=168,K=22,S=3,X=1 || L2:[sp=Y,1] K=4,S=3,C=1,X=1,Y=12,R=1",-inf,-inf,0,K|Y,1
K,91,S,3,R,3,X,1,C,3,K,37,Y,137,K,1,K,4,S,2,Y,12,C,1,X,1,R,3,"L1:[sp=K,91] S=3,R=3,X=1,C=3,K=37,Y=137 || L2:[sp=K,1] K=4,S=2,Y=12,C=1,X=1,R=3",-inf,-inf,0,K|K,1
K,91,C,1,R,2,Y,168,K,60,S,3,X,1,Y,1,K,4,S,2,C,1,X,1,Y,12,R,1,"L1:[sp=K,91] C=1,R=2,Y=168,K=60,S=3,X=1 || L2:[sp=Y,1] K=4,S=2,C=1,X=1,Y=12,R=1",-inf,-inf,0,K|Y,1
Y,91,X,1,R,2,Y,137,C,1,K,51,S,3,K,1,K,4,S,3,Y,12,R,1,X,1,C,1,"L1:[sp=Y,91] X=1,R=2,Y=137,C=1,K=51,S=3 || L2:[sp=K,1] K=4,S=3,Y=12,R=1,X=1,C=1",-inf,-inf,0,Y|K,1
X,91,S,3,R,3,Y,12,X,1,C,1,K,6,K,1,K,4,S,3,Y,12,C,1,X,1,R,3,"L1:[sp=X,91] S=3,R=3,Y=12,X=1,C=1,K=6 || L2:[sp=K,1] K=4,S=3,Y=12,C=1,X=1,R=3",-789223.0,-163324000.0,1,X|K,1
K,91,S,3,R,2,Y,12,X,1,C,1,K,6,K,1,K,5,S,3,Y,11,C,1,X,1,R,1,"L1:[sp=K,91] S=3,R=2,Y=12,X=1,C=1,K=6 || L2:[sp=K,1] K=5,S=3,Y=11,C=1,X=1,R=1",-inf,-inf,0,K|K,1
K,91,C,1,R,3,Y,168,K,22,S,3,X,1,Y,1,X,1,C,1,S,3,K,4,Y,12,R,2,"L1:[sp=K,91] C=1,R=3,Y=168,K=22,S=3,X=1 || L2:[sp=Y,1] X=1,C=1,S=3,K=4,Y=12,R=2",-inf,-inf,0,K|Y,1
Y,91,S,3,R,2,Y,137,X,1,C,1,K,6,K,1,K,4,S,3,Y,12,C,1,X,1,R,1,"L1:[sp=Y,91] S=3,R=2,Y=137,X=1,C=1,K=6 || L2:[sp=K,1] K=4,S=3,Y=12,C=1,X=1,R=1",-inf,-inf,0,Y|K,1
Y,91,S,3,R,2,X,210,C,2,Y,137,K,6,K,1,K,4,S,1,Y,12,C,1,R,1,X,1,"L1:[sp=Y,91] S=3,R=2,X=210,C=2,Y=137,K=6 || L2:[sp=K,1] K=4,S=1,Y=12,C=1,R=1,X=1",-inf,-inf,0,Y|K,1
Y,91,S,3,R,1,X,1,C,3,Y,12,K,6,K,1,K,4,S,3,Y,12,C,1,R,1,X,1,"L1:[sp=Y,91] S=3,R=1,X=1,C=3,Y=12,K=6 || L2:[sp=K,1] K=4,S=3,Y=12,C=1,R=1,X=1",-inf,-inf,0,Y|K,1
K,91,S,3,R,3,Y,137,X,1,C,1,K,6,K,1,K,4,S,3,Y,12,C,1,X,1,R,1,"L1:[sp=K,91] S=3,R=3,Y=137,X=1,C=1,K=6 || L2:[sp=K,1] K=4,S=3,Y=12,C=1,X=1,R=1",-inf,-inf,0,K|K,1
X,91,S,1,R,2,Y,137,X,1,C,1,K,6,K,1,K,4,S,1,Y,12,C,1,X,1,R,1,"L1:[sp=X,91] S=1,R=2,Y=137,X=1,C=1,K=6 || L2:[sp=K,1] K=4,S=1,Y=12,C=1,X=1,R=1",-inf,-inf,0,X|K,1
Y,91,S,3,R,3,Y,12,X,1,C,2,K,6,K,1,K,4,S,3,Y,12,C,1,X,1,R,3,"L1:[sp=Y,91] S=3,R=3,Y=12,X=1,C=2,K=6 || L2:[sp=K,1] K=4,S=3,Y=12,C=1,X=1,R=3",-inf,-inf,0,Y|K,1
K,91,S,3,R,3,Y,185,K,6,C,1,X,206,K,1,K,4,S,3,Y,22,C,1,X,1,R,3,"L1:[sp=K,91] S=3,R=3,Y=185,K=6,C=1,X=206 || L2:[sp=K,1] K=4,S=3,Y=22,C=1,X=1,R=3",-inf,-inf,0,K|K,1
X,91,S,3,R,1,Y,12,X,1,C,1,K,6,K,1,K,4,S,3,Y,12,C,1,X,1,R,1,"L1:[sp=X,91] S=3,R=1,Y=12,X=1,C=1,K=6 || L2:[sp=K,1] K=4,S=3,Y=12,C=1,X=1,R=1",-791731.0,-163324000.0,1,X|K,1
Y,91,S,3,R,2,Y,107,X,1,C,1,K,6,K,1,K,4,S,3,Y,86,C,1,X,1,R,1,"L1:[sp=Y,91] S=3,R=2,Y=107,X=1,C=1,K=6 || L2:[sp=K,1] K=4,S=3,Y=86,C=1,X=1,R=1",-inf,-inf,0,Y|K,1
X,91,S,3,R,3,Y,12,X,1,C,1,K,6,K,1,K,4,S,3,Y,12,C,1,X,1,R,3,"L1:[sp=X,91] S=3,R=3,Y=12,X=1,C=1,K=6 || L2:[sp=K,1] K=4,S=3,Y=12,C=1,X=1,R=3",-789223.0,-163324000.0,1,X|K,1
Y,91,S,3,R,2,X,1,C,2,Y,137,K,6,K,1,K,4,S,3,Y,12,C,1,R,1,X,1,"L1:[sp=Y,91] S=3,R=2,X=1,C=2,Y=137,K=6 || L2:[sp=K,1] K=4,S=3,Y=12,C=1,R=1,X=1",-inf,-inf,0,Y|K,1
Y,91,S,1,R,2,Y,137,X,132,C,1,K,6,K,1,K,4,S,1,Y,12,C,1,X,1,R,1,"L1:[sp=Y,91] S=1,R=2,Y=137,X=132,C=1,K=6 || L2:[sp=K,1] K=4,S=1,Y=12,C=1,X=1,R=1",-inf,-inf,0,Y|K,1
K,91,C,1,R,3,Y,168,K,22,S,3,X,1,Y,1,K,4,S,3,C,1,X,1,Y,12,R,2,"L1:[sp=K,91] C=1,R=3,Y=168,K=22,S=3,X=1 || L2:[sp=Y,1] K=4,S=3,C=1,X=1,Y=12,R=2",-inf,-inf,0,K|Y,1
C,91,S,3,R,2,X,1,C,2,Y,137,K,6,K,1,K,5,S,3,Y,4,C,1,R,1,X,1,"L1:[sp=C,91] S=3,R=2,X=1,C=2,Y=137,K=6 || L2:[sp=K,1] K=5,S=3,Y=4,C=1,R=1,X=1",-54611113.0,-163323000.0,1,C|K,1
Y,91,X,1,R,2,Y,137,S,3,C,1,K,6,K,1,K,4,S,3,C,1,Y,12,X,1,R,2,"L1:[sp=Y,91] X=1,R=2,Y=137,S=3,C=1,K=6 || L2:[sp=K,1] K=4,S=3,C=1,Y=12,X=1,R=2",-70088509.0,-163323000.0,1,Y|K,1
X,91,S,3,C,1,Y,12,X,1,R,3,K,6,K,1,K,4,S,3,Y,7,C,1,X,1,R,3,"L1:[sp=X,91] S=3,C=1,Y=12,X=1,R=3,K=6 || L2:[sp=K,1] K=4,S=3,Y=7,C=1,X=1,R=3",-765031.0,-163324000.0,1,X|K,1
K,91,C,1,R,3,Y,168,K,22,S,3,X,1,Y,1,R,3,S,3,C,1,X,1,Y,12,K,4,"L1:[sp=K,91] C=1,R=3,Y=168,K=22,S=3,X=1 || L2:[sp=Y,1] R=3,S=3,C=1,X=1,Y=12,K=4",-inf,-inf,0,K|Y,1
X,91,S,3,R,3,Y,12,X,120,C,1,K,6,K,1,K,4,S,3,Y,6,C,1,X,1,R,3,"L1:[sp=X,91] S=3,R=3,Y=12,X=120,C=1,K=6 || L2:[sp=K,1] K=4,S=3,Y=6,C=1,X=1,R=3",-46034548.0,-163324000.0,1,X|K,1
X,91,S,3,C,1,Y,12,X,1,R,3,K,6,K,1,K,4,S,3,Y,7,C,1,X,1,R,3,"L1:[sp=X,91] S=3,C=1,Y=12,X=1,R=3,K=6 || L2:[sp=K,1] K=4,S=3,Y=7,C=1,X=1,R=3",-765031.0,-163324000.0,1,X|K,1
C,91,S,3,R,2,X,1,C,2,Y,137,K,6,K,1,K,5,S,3,Y,4,C,1,R,1,X,1,"L1:[sp=C,91] S=3,R=2,X=1,C=2,Y=137,K=6 || L2:[sp=K,1] K=5,S=3,Y=4,C=1,R=1,X=1",-inf,-inf,0,C|K,1
K,91,S,3,R,1,Y,12,X,1,C,1,K,6,K,1,K,5,S,3,Y,11,C,1,X,1,R,1,"L1:[sp=K,91] S=3,R=1,Y=12,X=1,C=1,K=6 || L2:[sp=K,1] K=5,S=3,Y=11,C=1,X=1,R=1",-inf,-inf,0,K|K,1
X,91,S,3,R,1,Y,12,X,1,C,1,K,6,K,1,K,6,S,3,Y,12,C,1,X,1,R,1,"L1:[sp=X,91] S=3,R=1,Y=12,X=1,C=1,K=6 || L2:[sp=K,1] K=6,S=3,Y=12,C=1,X=1,R=1",-inf,-inf,0,X|K,1
X,91,S,3,R,3,Y,12,X,120,C,1,K,6,K,1,K,4,S,3,Y,6,C,1,X,1,R,1,"L1:[sp=X,91] S=3,R=3,Y=12,X=120,C=1,K=6 || L2:[sp=K,1] K=4,S=3,Y=6,C=1,X=1,R=1",-inf,-inf,0,X|K,1
X,91,S,3,R,3,Y,12,X,1,C,1,K,29,K,1,K,4,Y,12,S,3,C,1,X,1,R,3,"L1:[sp=X,91] S=3,R=3,Y=12,X=1,C=1,K=29 || L2:[sp=K,1] K=4,Y=12,S=3,C=1,X=1,R=3",-inf,-inf,0,X|K,1
C,91,S,3,R,2,X,82,C,2,Y,137,K,6,K,1,K,5,S,3,Y,4,C,1,R,1,X,1,"L1:[sp=C,91] S=3,R=2,X=82,C=2,Y=137,K=6 || L2:[sp=K,1] K=5,S=3,Y=4,C=1,R=1,X=1",-inf,-inf,0,C|K,1
X,91,S,3,R,3,Y,155,X,120,C,1,K,6,K,1,K,4,S,3,Y,6,C,1,X,1,R,3,"L1:[sp=X,91] S=3,R=3,Y=155,X=120,C=1,K=6 || L2:[sp=K,1] K=4,S=3,Y=6,C=1,X=1,R=3",-inf,-inf,0,X|K,1
K,91,S,3,R,2,Y,12,X,1,C,1,K,6,K,1,R,1,S,3,Y,11,C,1,X,1,K,5,"L1:[sp=K,91] S=3,R=2,Y=12,X=1,C=1,K=6 || L2:[sp=K,1] R=1,S=3,Y=11,C=1,X=1,K=5",-inf,-inf,0,K|K,1
K,91,S,3,R,1,Y,12,X,1,C,1,K,6,K,1,K,1,S,3,Y,12,C,1,X,1,R,1,"L1:[sp=K,91] S=3,R=1,Y=12,X=1,C=1,K=6 || L2:[sp=K,1] K=1,S=3,Y=12,C=1,X=1,R=1",-8237755.0,-163323000.0,1,K|K,1
X,91,S,2,R,3,Y,12,X,120,C,1,K,6,K,1,K,4,S,2,Y,6,C,1,X,1,R,3,"L1:[sp=X,91] S=2,R=3,Y=12,X=120,C=1,K=6 || L2:[sp=K,1] K=4,S=2,Y=6,C=1,X=1,R=3",-inf,-inf,0,X|K,1
X,91,S,3,R,3,Y,12,X,1,C,1,K,6,K,1,K,4,S,3,Y,12,C,1,X,1,R,3,"L1:[sp=X,91] S=3,R=3,Y=12,X=1,C=1,K=6 || L2:[sp=K,1] K=4,S=3,Y=12,C=1,X=1,R=3",-inf,-inf,0,X|K,1
K,91,S,3,R,2,X,1,C,2,Y,137,K,6,Y,1,K,1,S,3,Y,4,C,1,R,2,X,1,"L1:[sp=K,91] S=3,R=2,X=1,C=2,Y=137,K=6 || L2:[sp=Y,1] K=1,S=3,Y=4,C=1,R=2,X=1",-10743025.0,-163323000.0,1,K|Y,1
K,91,S,3,R,3,Y,12,X,1,C,1,K,6,K,1,K,5,S,3,Y,11,C,1,X,1,R,1,"L1:[sp=K,91] S=3,R=3,Y=12,X=1,C=1,K=6 || L2:[sp=K,1] K=5,S=3,Y=11,C=1,X=1,R=1",-inf,-inf,0,K|K,1
X,91,X,1,R,3,Y,59,S,3,C,1,K,6,K,1,K,4,S,3,Y,12,C,1,X,1,R,3,"L1:[sp=X,91] X=1,R=3,Y=59,S=3,C=1,K=6 || L2:[sp=K,1] K=4,S=3,Y=12,C=1,X=1,R=3",-inf,-inf,0,X|K,1
Y,91,K,6,R,3,Y,12,X,120,C,1,S,3,K,1,K,4,S,3,Y,12,R,3,X,1,C,1,"L1:[sp=Y,91] K=6,R=3,Y=12,X=120,C=1,S=3 || L2:[sp=K,1] K=4,S=3,Y=12,R=3,X=1,C=1",-inf,-inf,0,Y|K,1
K,91,S,3,X,67,Y,12,R,3,C,1,K,6,X,1,K,4,S,3,Y,6,C,1,X,1,R,3,"L1:[sp=K,91] S=3,X=67,Y=12,R=3,C=1,K=6 || L2:[sp=X,1] K=4,S=3,Y=6,C=1,X=1,R=3",-7984237.0,-163324000.0,1,K|X,1
K,91,S,3,R,2,Y,12,X,1,C,1,K,6,K,1,K,5,S,2,Y,11,C,1,X,1,R,1,"L1:[sp=K,91] S=3,R=2,Y=12,X=1,C=1,K=6 || L2:[sp=K,1] K=5,S=2,Y=11,C=1,X=1,R=1",-inf,-inf,0,K|K,1
C,91,Y,154,R,2,X,1,C,2,S,3,K,6,X,1,K,5,S,3,Y,4,C,1,R,1,X,1,"L1:[sp=C,91] Y=154,R=2,X=1,C=2,S=3,K=6 || L2:[sp=X,1] K=5,S=3,Y=4,C=1,R=1,X=1",-55098625.0,-163323000.0,1,C|X,1
K,91,S,3,R,2,Y,12,X,1,C,1,K,56,K,1,K,5,S,3,Y,11,C,1,X,1,R,1,"L1:[sp=K,91] S=3,R=2,Y=12,X=1,C=1,K=56 || L2:[sp=K,1] K=5,S=3,Y=11,C=1,X=1,R=1",-inf,-inf,0,K|K,1
C,91,X,1,R,2,Y,97,S,3,C,1,K,6,K,1,K,4,S,3,C,1,Y,90,X,1,R,2,"L1:[sp=C,91] X=1,R=2,Y=97,S=3,C=1,K=6 || L2:[sp=K,1] K=4,S=3,C=1,Y=90,X=1,R=2",-inf,-inf,0,C|K,1
X,91,S,3,C,1,Y,12,X,1,R,3,K,6,K,1,K,4,S,3,Y,7,C,1,X,1,R,3,"L1:[sp=X,91] S=3,C=1,Y=12,X=1,R=3,K=6 || L2:[sp=K,1] K=4,S=3,Y=7,C=1,X=1,R=3",-inf,-inf,0,X|K,1
C,91,R,3,Y,12,X,1,C,2,S,3,K,6,X,1,K,5,S,3,Y,8,C,1,R,3,X,1,"L1:[sp=C,91] R=3,Y=12,X=1,C=2,S=3,K=6 || L2:[sp=X,1] K=5,S=3,Y=8,C=1,R=3,X=1",-53672719.0,-163323000.0,1,C|X,1
K,91,Y,154,C,1,S,3,X,1,R,2,K,6,K,1,K,3,S,2,Y,4,C,1,X,1,R,1,"L1:[sp=K,91] Y=154,C=1,S=3,X=1,R=2,K=6 || L2:[sp=K,1] K=3,S=2,Y=4,C=1,X=1,R=1",-inf,-inf,0,K|K,1
X,91,S,3,C,2,Y,205,X,1,R,2,K,6,C,2,K,4,S,3,Y,4,C,1,X,1,R,1,"L1:[sp=X,91] S=3,C=2,Y=205,X=1,R=2,K=6 || L2:[sp=C,2] K=4,S=3,Y=4,C=1,X=1,R=1",-inf,-inf,0,X|C,1
X,91,Y,12,R,3,X,1,C,1,S,3,K,6,Y,1,K,5,S,3,Y,7,C,1,R,3,X,1,"L1:[sp=X,91] Y=12,R=3,X=1,C=1,S=3,K=6 || L2:[sp=Y,1] K=5,S=3,Y=7,C=1,R=3,X=1",-847813.0,-163324000.0,1,X|Y,1
K,91,Y,137,R,2,X,17,C,2,S,3,K,6,Y,1,K,1,S,3,Y,4,C,1,R,2,X,1,"L1:[sp=K,91] Y=137,R=2,X=17,C=2,S=3,K=6 || L2:[sp=Y,1] K=1,S=3,Y=4,C=1,R=2,X=1",-inf,-inf,0,K|Y,1
X,91,S,3,X,67,Y,12,R,3,C,1,K,6,K,1,K,4,S,3,Y,6,C,1,X,1,R,3,"L1:[sp=X,91] S=3,X=67,Y=12,R=3,C=1,K=6 || L2:[sp=K,1] K=4,S=3,Y=6,C=1,X=1,R=3",-inf,-inf,0,X|K,1
K,91,Y,137,R,2,X,1,C,2,S,3,K,6,Y,1,K,1,S,3,Y,4,C,1,R,1,X,1,"L1:[sp=K,91] Y=137,R=2,X=1,C=2,S=3,K=6 || L2:[sp=Y,1] K=1,S=3,Y=4,C=1,R=1,X=1",-8057713.0,-163323000.0,1,K|Y,1
C,91,Y,154,R,2,X,1,C,2,S,3,K,6,X,1,K,6,S,3,Y,36,C,1,R,2,X,1,"L1:[sp=C,91] Y=154,R=2,X=1,C=2,S=3,K=6 || L2:[sp=X,1] K=6,S=3,Y=36,C=1,R=2,X=1",-inf,-inf,0,C|X,1
X,91,S,3,C,1,Y,12,X,67,R,3,K,6,K,1,K,2,S,3,Y,6,C,1,X,1,R,3,"L1:[sp=X,91] S=3,C=1,Y=12,X=67,R=3,K=6 || L2:[sp=K,1] K=2,S=3,Y=6,C=1,X=1,R=3",-inf,-inf,0,X|K,1
K,91,S,3,X,1,Y,12,R,3,C,1,K,6,X,1,K,4,S,3,Y,7,C,1,X,1,R,2,"L1:[sp=K,91] S=3,X=1,Y=12,R=3,C=1,K=6 || L2:[sp=X,1] K=4,S=3,Y=7,C=1,X=1,R=2",-inf,-inf,0,K|X,1
K,91,R,3,S,3,Y,12,X,67,C,1,K,6,K,1,K,1,S,3,Y,12,C,1,X,1,R,3,"L1:[sp=K,91] R=3,S=3,Y=12,X=67,C=1,K=6 || L2:[sp=K,1] K=1,S=3,Y=12,C=1,X=1,R=3",-8200021.0,-163324000.0,1,K|K,1
K,91,S,3,X,1,Y,12,R,1,C,3,K,6,X,1,K,4,S,1,Y,5,C,1,X,1,R,1,"L1:[sp=K,91] S=3,X=1,Y=12,R=1,C=3,K=6 || L2:[sp=X,1] K=4,S=1,Y=5,C=1,X=1,R=1",-inf,-inf,0,K|X,1
K,91,S,3,R,3,Y,12,X,1,C,1,K,6,K,1,K,1,S,3,Y,12,C,1,X,1,R,3,"L1:[sp=K,91] S=3,R=3,Y=12,X=1,C=1,K=6 || L2:[sp=K,1] K=1,S=3,Y=12,C=1,X=1,R=3",-inf,-inf,0,K|K,1
X,91,S,3,C,1,Y,66,X,161,R,1,K,6,K,1,K,4,S,3,Y,7,C,1,X,1,R,1,"L1:[sp=X,91] S=3,C=1,Y=66,X=161,R=1,K=6 || L2:[sp=K,1] K=4,S=3,Y=7,C=1,X=1,R=1",-inf,-inf,0,X|K,1
C,91,K,6,R,2,X,1,C,2,S,3,Y,154,X,1,K,5,S,3,Y,4,C,1,R,1,X,1,"L1:[sp=C,91] K=6,R=2,X=1,C=2,S=3,Y=154 || L2:[sp=X,1] K=5,S=3,Y=4,C=1,R=1,X=1",-55098625.0,-163323000.0,1,C|X,1
K,91,S,3,R,3,X,1,C,2,Y,137,K,6,Y,1,K,1,S,3,Y,4,C,1,R,2,X,1,"L1:[sp=K,91] S=3,R=3,X=1,C=2,Y=137,K=6 || L2:[sp=Y,1] K=1,S=3,Y=4,C=1,R=2,X=1",-inf,-inf,0,K|Y,1
K,91,S,3,R,2,Y,171,X,1,C,1,K,6,K,1,K,1,S,1,Y,12,C,1,R,2,X,1,"L1:[sp=K,91] S=3,R=2,Y=171,X=1,C=1,K=6 || L2:[sp=K,1] K=1,S=1,Y=12,C=1,R=2,X=1",-inf,-inf,0,K|K,1
K,91,S,3,R,1,X,1,C,2,Y,137,K,60,Y,1,K,1,S,1,Y,4,C,1,R,1,X,1,"L1:[sp=K,91] S=3,R=1,X=1,C=2,Y=137,K=60 || L2:[sp=Y,1] K=1,S=1,Y=4,C=1,R=1,X=1",-inf,-inf,0,K|Y,1
K,91,S,3,R,3,Y,12,C,1,X,67,K,6,Y,1,R,3,S,3,Y,6,C,1,K,4,X,1,"L1:[sp=K,91] S=3,R=3,Y=12,C=1,X=67,K=6 || L2:[sp=Y,1] R=3,S=3,Y=6,C=1,K=4,X=1",-7984237.0,-163324000.0,1,K|Y,1
K,91,S,3,X,1,Y,137,R,2,C,1,K,6,X,1,K,4,S,1,Y,4,C,1,X,1,R,2,"L1:[sp=K,91] S=3,X=1,Y=137,R=2,C=1,K=6 || L2:[sp=X,1] K=4,S=1,Y=4,C=1,X=1,R=2",-inf,-inf,0,K|X,1
X,91,Y,12,R,3,X,1,C,1,S,3,K,6,Y,1,K,5,S,3,Y,7,C,1,R,3,X,1,"L1:[sp=X,91] Y=12,R=3,X=1,C=1,S=3,K=6 || L2:[sp=Y,1] K=5,S=3,Y=7,C=1,R=3,X=1",-847813.0,-163324000.0,1,X|Y,1
X,91,Y,154,R,2,X,1,C,3,S,3,K,6,Y,1,K,5,S,3,Y,122,C,1,R,1,X,1,"L1:[sp=X,91] Y=154,R=2,X=1,C=3,S=3,K=6 || L2:[sp=Y,1] K=5,S=3,Y=122,C=1,R=1,X=1",-inf,-inf,0,X|Y,1
C,91,K,6,R,3,X,1,C,1,S,3,Y,12,X,1,K,5,S,3,Y,7,C,1,R,3,X,1,"L1:[sp=C,91] K=6,R=3,X=1,C=1,S=3,Y=12 || L2:[sp=X,1] K=5,S=3,Y=7,C=1,R=3,X=1",-inf,-inf,0,C|X,1
C,91,R,2,Y,12,X,182,C,2,S,3,K,6,X,1,S,3,K,5,Y,8,C,1,R,1,X,1,"L1:[sp=C,91] R=2,Y=12,X=182,C=2,S=3,K=6 || L2:[sp=X,1] S=3,K=5,Y=8,C=1,R=1,X=1",-inf,-inf,0,C|X,1
Y,91,Y,137,R,3,X,1,C,2,S,3,K,6,K,1,K,1,S,3,Y,4,C,1,R,3,X,1,"L1:[sp=Y,91] Y=137,R=3,X=1,C=2,S=3,K=6 || L2:[sp=K,1] K=1,S=3,Y=4,C=1,R=3,X=1",-52560277.0,-163323000.0,1,Y|K,1
Y,91,K,6,R,3,X,67,C,2,S,3,Y,154,X,1,K,5,S,3,Y,4,C,1,R,3,X,1,"L1:[sp=Y,91] K=6,R=3,X=67,C=2,S=3,Y=154 || L2:[sp=X,1] K=5,S=3,Y=4,C=1,R=3,X=1",-inf,-inf,0,Y|X,1
K,91,S,3,X,1,Y,12,C,1,R,2,K,6,Y,1,R,1,S,1,Y,7,C,1,K,4,X,1,"L1:[sp=K,91] S=3,X=1,Y=12,C=1,R=2,K=6 || L2:[sp=Y,1] R=1,S=1,Y=7,C=1,K=4,X=1",-26674633.0,-163323000.0,1,K|Y,1
K,91,R,3,S,3,Y,12,X,67,C,3,K,6,K,1,K,1,S,3,Y,12,C,1,X,1,R,3,"L1:[sp=K,91] R=3,S=3,Y=12,X=67,C=3,K=6 || L2:[sp=K,1] K=1,S=3,Y=12,C=1,X=1,R=3",-inf,-inf,0,K|K,1
C,91,R,3,Y,12,X,91,C,2,S,2,K,6,X,1,K,5,S,2,Y,8,C,1,R,3,X,42,"L1:[sp=C,91] R=3,Y=12,X=91,C=2,S=2,K=6 || L2:[sp=X,1] K=5,S=2,Y=8,C=1,R=3,X=42",-inf,-inf,0,C|X,1
C,91,K,6,R,2,X,1,C,2,S,3,Y,154,X,1,K,5,S,3,Y,4,C,1,R,1,X,1,"L1:[sp=C,91] K=6,R=2,X=1,C=2,S=3,Y=154 || L2:[sp=X,1] K=5,S=3,Y=4,C=1,R=1,X=1",-inf,-inf,0,C|X,1
K,91,R,3,S,3,Y,12,X,67,C,1,K,6,K,1,K,1,Y,8,S,3,X,1,C,1,R,3,"L1:[sp=K,91] R=3,S=3,Y=12,X=67,C=1,K=6 || L2:[sp=K,1] K=1,Y=8,S=3,X=1,C=1,R=3",-inf,-inf,0,K|K,1
X,91,Y,110,R,3,X,67,C,1,S,3,K,6,Y,1,K,5,S,3,Y,6,C,1,R,3,X,1,"L1:[sp=X,91] Y=110,R=3,X=67,C=1,S=3,K=6 || L2:[sp=Y,1] K=5,S=3,Y=6,C=1,R=3,X=1",-inf,-inf,0,X|Y,1
K,91,C,1,R,3,Y,12,S,3,X,1,K,6,Y,1,R,3,S,3,Y,7,C,1,K,4,X,1,"L1:[sp=K,91] C=1,R=3,Y=12,S=3,X=1,K=6 || L2:[sp=Y,1] R=3,S=3,Y=7,C=1,K=4,X=1",-9255403.0,-163323000.0,1,K|Y,1
K,91,R,3,S,3,Y,12,X,1,C,1,K,6,K,1,K,1,S,3,Y,8,C,1,X,1,R,3,"L1:[sp=K,91] R=3,S=3,Y=12,X=1,C=1,K=6 || L2:[sp=K,1] K=1,S=3,Y=8,C=1,X=1,R=3",-7924735.0,-163323000.0,1,K|K,1
X,91,R,3,Y,12,X,67,C,2,S,3,K,6,X,1,K,5,S,3,Y,12,C,1,R,3,X,2,"L1:[sp=X,91] R=3,Y=12,X=67,C=2,S=3,K=6 || L2:[sp=X,1] K=5,S=3,Y=12,C=1,R=3,X=2",-inf,-inf,0,X|X,1
K,91,S,3,X,67,Y,12,C,3,R,3,K,6,Y,1,R,3,S,3,Y,6,C,1,K,4,X,1,"L1:[sp=K,91] S=3,X=67,Y=12,C=3,R=3,K=6 || L2:[sp=Y,1] R=3,S=3,Y=6,C=1,K=4,X=1",-inf,-inf,0,K|Y,1
K,91,R,3,S,3,K,6,X,67,C,1,Y,12,K,1,K,1,Y,12,S,3,C,1,X,44,R,3,"L1:[sp=K,91] R=3,S=3,K=6,X=67,C=1,Y=12 || L2:[sp=K,1] K=1,Y=12,S=3,C=1,X=44,R=3",-inf,-inf,0,K|K,1
K,91,S,3,R,3,Y,12,C,1,X,1,K,6,Y,1,R,1,S,2,Y,7,C,1,K,4,X,1,"L1:[sp=K,91] S=3,R=3,Y=12,C=1,X=1,K=6 || L2:[sp=Y,1] R=1,S=2,Y=7,C=1,K=4,X=1",-inf,-inf,0,K|Y,1
Y,91,S,3,R,3,X,67,C,1,Y,81,K,6,X,1,K,5,S,3,Y,3,C,1,R,3,X,1,"L1:[sp=Y,91] S=3,R=3,X=67,C=1,Y=81,K=6 || L2:[sp=X,1] K=5,S=3,Y=3,C=1,R=3,X=1",-inf,-inf,0,Y|X,1
K,91,Y,137,R,1,X,1,C,2,S,3,K,39,Y,1,K,1,S,3,Y,4,C,1,R,1,X,1,"L1:[sp=K,91] Y=137,R=1,X=1,C=2,S=3,K=39 || L2:[sp=Y,1] K=1,S=3,Y=4,C=1,R=1,X=1",-inf,-inf,0,K|Y,1
C,91,R,3,Y,12,X,1,C,2,S,2,K,6,X,1,K,5,S,2,Y,8,C,1,R,3,X,1,"L1:[sp=C,91] R=3,Y=12,X=1,C=2,S=2,K=6 || L2:[sp=X,1] K=5,S=2,Y=8,C=1,R=3,X=1",-inf,-inf,0,C|X,1
X,91,Y,12,R,3,X,1,C,1,S,3,K,6,Y,1,K,5,S,3,Y,7,C,1,R,3,X,1,"L1:[sp=X,91] Y=12,R=3,X=1,C=1,S=3,K=6 || L2:[sp=Y,1] K=5,S=3,Y=7,C=1,R=3,X=1",-inf,-inf,0,X|Y,1
K,91,S,3,X,1,Y,12,C,1,R,2,K,6,Y,1,R,1,S,1,Y,7,C,1,K,2,X,1,"L1:[sp=K,91] S=3,X=1,Y=12,C=1,R=2,K=6 || L2:[sp=Y,1] R=1,S=1,Y=7,C=1,K=2,X=1",-inf,-inf,0,K|Y,1
K,91,R,3,S,3,Y,12,X,1,C,1,K,6,K,1,K,6,S,3,Y,5,C,1,X,1,R,3,"L1:[sp=K,91] R=3,S=3,Y=12,X=1,C=1,K=6 || L2:[sp=K,1] K=6,S=3,Y=5,C=1,X=1,R=3",-inf,-inf,0,K|K,1
K,91,C,1,R,3,Y,12,S,3,X,1,K,6,Y,1,R,3,K,4,Y,9,C,1,S,3,X,1,"L1:[sp=K,91] C=1,R=3,Y=12,S=3,X=1,K=6 || L2:[sp=Y,1] R=3,K=4,Y=9,C=1,S=3,X=1",-inf,-inf,0,K|Y,1
K,91,R,3,S,3,Y,12,X,1,C,3,K,5,K,1,K,1,S,3,Y,7,C,1,X,1,R,3,"L1:[sp=K,91] R=3,S=3,Y=12,X=1,C=3,K=5 || L2:[sp=K,1] K=1,S=3,Y=7,C=1,X=1,R=3",-inf,-inf,0,K|K,1
K,91,S,3,K,1,Y,12,C,3,R,2,X,1,Y,1,R,1,S,1,Y,7,X,1,K,1,C,1,"L1:[sp=K,91] S=3,K=1,Y=12,C=3,R=2,X=1 || L2:[sp=Y,1] R=1,S=1,Y=7,X=1,K=1,C=1",-4449991.0,-163323000.0,1,K|Y,1
K,91,C,1,R,3,Y,220,S,3,X,1,K,6,Y,1,R,3,S,3,Y,7,C,1,K,4,X,1,"L1:[sp=K,91] C=1,R=3,Y=220,S=3,X=1,K=6 || L2:[sp=Y,1] R=3,S=3,Y=7,C=1,K=4,X=1",-inf,-inf,0,K|Y,1
X,91,S,3,X,1,Y,12,C,1,R,3,K,6,C,1,R,3,S,3,Y,7,C,1,K,4,X,1,"L1:[sp=X,91] S=3,X=1,Y=12,C=1,R=3,K=6 || L2:[sp=C,1] R=3,S=3,Y=7,C=1,K=4,X=1",-765031.0,-163324000.0,1,X|C,1
X,91,Y,12,R,2,X,1,C,1,S,3,K,6,Y,1,K,5,S,1,Y,7,C,1,R,1,X,1,"L1:[sp=X,91] Y=12,R=2,X=1,C=1,S=3,K=6 || L2:[sp=Y,1] K=5,S=1,Y=7,C=1,R=1,X=1",-inf,-inf,0,X|Y,1
K,91,C,1,R,3,Y,12,S,3,X,1,K,6,Y,1,R,1,S,1,Y,7,C,1,K,4,X,1,"L1:[sp=K,91] C=1,R=3,Y=12,S=3,X=1,K=6 || L2:[sp=Y,1] R=1,S=1,Y=7,C=1,K=4,X=1",-inf,-inf,0,K|Y,1
K,91,S,3,X,1,Y,12,C,1,R,3,K,6,Y,1,R,3,S,2,Y,7,C,1,K,4,X,1,"L1:[sp=K,91] S=3,X=1,Y=12,C=1,R=3,K=6 || L2:[sp=Y,1] R=3,S=2,Y=7,C=1,K=4,X=1",-inf,-inf,0,K|Y,1
K,91,S,3,K,6,Y,12,C,1,R,2,X,11,Y,1,R,1,S,3,Y,7,C,1,K,4,X,1,"L1:[sp=K,91] S=3,K=6,Y=12,C=1,R=2,X=11 || L2:[sp=Y,1] R=1,S=3,Y=7,C=1,K=4,X=1",-8885503.0,-163323000.0,1,K|Y,1
Y,91,C,1,R,3,Y,12,S,3,X,1,K,6,K,1,R,3,Y,7,S,1,C,1,K,5,X,1,"L1:[sp=Y,91] C=1,R=3,Y=12,S=3,X=1,K=6 || L2:[sp=K,1] R=3,Y=7,S=1,C=1,K=5,X=1",-13170151.0,-163323000.0,1,Y|K,1
K,91,S,3,R,1,Y,12,C,1,X,1,K,6,Y,1,R,1,S,3,Y,8,C,1,K,4,X,1,"L1:[sp=K,91] S=3,R=1,Y=12,C=1,X=1,K=6 || L2:[sp=Y,1] R=1,S=3,Y=8,C=1,K=4,X=1",-inf,-inf,0,K|Y,1
Y,91,R,2,S,3,Y,12,X,3,C,1,K,6,K,1,K,1,S,1,Y,7,C,1,X,1,R,1,"L1:[sp=Y,91] R=2,S=3,Y=12,X=3,C=1,K=6 || L2:[sp=K,1] K=1,S=1,Y=7,C=1,X=1,R=1",-8316565.0,-163323000.0,1,Y|K,1
K,91,C,1,X,1,Y,12,S,3,R,3,K,6,Y,1,R,3,K,4,Y,1,C,1,S,3,X,1,"L1:[sp=K,91] C=1,X=1,Y=12,S=3,R=3,K=6 || L2:[sp=Y,1] R=3,K=4,Y=1,C=1,S=3,X=1",-7996663.0,-163323000.0,1,K|Y,1
K,91,C,1,S,3,Y,12,X,1,R,3,K,6,C,1,K,1,S,3,Y,7,C,1,X,1,R,3,"L1:[sp=K,91] C=1,S=3,Y=12,X=1,R=3,K=6 || L2:[sp=C,1] K=1,S=3,Y=7,C=1,X=1,R=3",-inf,-inf,0,K|C,1
K,91,R,3,Y,12,S,3,X,1,C,1,K,6,K,1,K,1,S,3,Y,8,C,1,X,1,R,3,"L1:[sp=K,91] R=3,Y=12,S=3,X=1,C=1,K=6 || L2:[sp=K,1] K=1,S=3,Y=8,C=1,X=1,R=3",-7924735.0,-163323000.0,1,K|K,1
K,91,S,2,X,1,Y,12,C,1,R,2,K,6,Y,1,R,1,S,1,Y,7,C,1,K,4,X,1,"L1:[sp=K,91] S=2,X=1,Y=12,C=1,R=2,K=6 || L2:[sp=Y,1] R=1,S=1,Y=7,C=1,K=4,X=1",-inf,-inf,0,K|Y,1
Y,91,Y,137,R,3,X,1,C,2,S,3,K,47,K,1,S,3,K,1,Y,4,C,1,R,3,X,1,"L1:[sp=Y,91] Y=137,R=3,X=1,C=2,S=3,K=47 || L2:[sp=K,1] S=3,K=1,Y=4,C=1,R=3,X=1",-inf,-inf,0,Y|K,1
K,91,C,1,R,3,Y,12,S,3,X,1,K,6,Y,1,R,3,S,3,Y,7,C,1,K,6,X,1,"L1:[sp=K,91] C=1,R=3,Y=12,S=3,X=1,K=6 || L2:[sp=Y,1] R=3,S=3,Y=7,C=1,K=6,X=1",-inf,-inf,0,K|Y,1
X,91,S,3,X,1,Y,12,C,1,R,3,K,6,C,1,R,3,S,3,Y,7,C,1,K,4,X,1,"L1:[sp=X,91] S=3,X=1,Y=12,C=1,R=3,K=6 || L2:[sp=C,1] R=3,S=3,Y=7,C=1,K=4,X=1",-765031.0,-163324000.0,1,X|C,1
X,91,S,3,K,6,Y,12,C,1,R,3,X,1,Y,1,R,3,S,3,Y,8,C,1,K,4,X,1,"L1:[sp=X,91] S=3,K=6,Y=12,C=1,R=3,X=1 || L2:[sp=Y,1] R=3,S=3,Y=8,C=1,K=4,X=1",-885991.0,-163324000.0,1,X|Y,1
K,91,R,2,Y,12,S,3,X,11,C,1,K,6,K,1,K,1,S,2,Y,1,C,1,X,1,R,1,"L1:[sp=K,91] R=2,Y=12,S=3,X=11,C=1,K=6 || L2:[sp=K,1] K=1,S=2,Y=1,C=1,X=1,R=1",-inf,-inf,0,K|K,1
Y,91,C,1,R,2,Y,12,S,1,X,1,K,6,K,1,R,1,Y,7,S,1,C,1,K,5,X,1,"L1:[sp=Y,91] C=1,R=2,Y=12,S=1,X=1,K=6 || L2:[sp=K,1] R=1,Y=7,S=1,C=1,K=5,X=1",-4840417.0,-163323000.0,1,Y|K,1
Y,91,Y,67,K,6,S,3,C,1,R,3,X,11,K,1,R,3,S,1,Y,7,C,1,K,4,X,1,"L1:[sp=Y,91] Y=67,K=6,S=3,C=1,R=3,X=11 || L2:[sp=K,1] R=3,S=1,Y=7,C=1,K=4,X=1",-30565558.0,-163323000.0,1,Y|K,1
Y,91,R,2,S,3,Y,12,X,3,C,1,K,6,K,1,K,1,S,1,Y,7,C,1,X,1,R,1,"L1:[sp=Y,91] R=2,S=3,Y=12,X=3,C=1,K=6 || L2:[sp=K,1] K=1,S=1,Y=7,C=1,X=1,R=1",-inf,-inf,0,Y|K,1
K,91,R,3,Y,12,S,3,X,1,C,1,K,6,Y,4,R,3,S,3,Y,3,C,1,X,1,K,1,"L1:[sp=K,91] R=3,Y=12,S=3,X=1,C=1,K=6 || L2:[sp=Y,4] R=3,S=3,Y=3,C=1,X=1,K=1",-inf,-inf,0,K|Y,1
Y,91,R,2,S,3,Y,12,X,1,C,1,K,6,K,1,K,1,S,3,Y,7,C,1,X,1,R,2,"L1:[sp=Y,91] R=2,S=3,Y=12,X=1,C=1,K=6 || L2:[sp=K,1] K=1,S=3,Y=7,C=1,X=1,R=2",-inf,-inf,0,Y|K,1
X,91,S,3,X,3,Y,12,C,1,R,2,K,6,C,1,R,1,S,2,Y,7,C,1,K,4,X,1,"L1:[sp=X,91] S=3,X=3,Y=12,C=1,R=2,K=6 || L2:[sp=C,1] R=1,S=2,Y=7,C=1,K=4,X=1",-1708519.0,-163323000.0,1,X|C,1
Y,91,C,1,R,3,Y,12,K,6,X,1,S,3,K,1,R,3,Y,7,S,3,C,1,K,5,X,1,"L1:[sp=Y,91] C=1,R=3,Y=12,K=6,X=1,S=3 || L2:[sp=K,1] R=3,Y=7,S=3,C=1,K=5,X=1",-inf,-inf,0,Y|K,1
K,91,S,3,K,6,Y,12,C,1,R,2,X,11,X,11,R,1,S,1,X,1,C,1,Y,7,K,4,"L1:[sp=K,91] S=3,K=6,Y=12,C=1,R=2,X=11 || L2:[sp=X,11] R=1,S=1,X=1,C=1,Y=7,K=4",-inf,-inf,0,K|X,1
K,91,S,3,K,1,Y,12,C,3,R,3,X,1,Y,1,R,1,S,3,Y,1,X,1,K,1,C,1,"L1:[sp=K,91] S=3,K=1,Y=12,C=3,R=3,X=1 || L2:[sp=Y,1] R=1,S=3,Y=1,X=1,K=1,C=1",-inf,-inf,0,K|Y,1
K,91,R,2,X,1,Y,12,S,3,C,3,K,6,Y,1,C,1,K,4,Y,7,R,1,S,1,X,1,"L1:[sp=K,91] R=2,X=1,Y=12,S=3,C=3,K=6 || L2:[sp=Y,1] C=1,K=4,Y=7,R=1,S=1,X=1",-26657761.0,-163323000.0,1,K|Y,1
K,91,S,3,K,1,Y,12,C,2,R,2,X,1,Y,1,R,1,S,1,Y,7,X,1,K,1,C,1,"L1:[sp=K,91] S=3,K=1,Y=12,C=2,R=2,X=1 || L2:[sp=Y,1] R=1,S=1,Y=7,X=1,K=1,C=1",-inf,-inf,0,K|Y,1
K,91,C,1,X,1,Y,23,S,3,R,3,K,6,Y,1,R,3,K,6,Y,1,C,1,S,3,X,1,"L1:[sp=K,91] C=1,X=1,Y=23,S=3,R=3,K=6 || L2:[sp=Y,1] R=3,K=6,Y=1,C=1,S=3,X=1",-inf,-inf,0,K|Y,1
K,91,R,3,Y,12,S,3,X,1,C,1,K,6,K,1,K,1,S,3,Y,7,C,1,X,1,R,3,"L1:[sp=K,91] R=3,Y=12,S=3,X=1,C=1,K=6 || L2:[sp=K,1] K=1,S=3,Y=7,C=1,X=1,R=3",-inf,-inf,0,K|K,1
X,91,S,3,X,62,Y,12,C,1,R,3,K,6,C,1,R,3,S,3,Y,8,C,1,K,4,X,1,"L1:[sp=X,91] S=3,X=62,Y=12,C=1,R=3,K=6 || L2:[sp=C,1] R=3,S=3,Y=8,C=1,K=4,X=1",-23570548.0,-163324000.0,1,X|C,1
K,91,C,2,X,1,Y,12,S,3,R,3,K,6,Y,1,R,3,K,5,Y,1,C,1,S,1,X,1,"L1:[sp=K,91] C=2,X=1,Y=12,S=3,R=3,K=6 || L2:[sp=Y,1] R=3,K=5,Y=1,C=1,S=1,X=1",-inf,-inf,0,K|Y,1
Y,91,C,2,R,3,Y,12,S,3,X,1,K,6,K,1,R,3,Y,6,S,3,C,1,K,5,X,1,"L1:[sp=Y,91] C=2,R=3,Y=12,S=3,X=1,K=6 || L2:[sp=K,1] R=3,Y=6,S=3,C=1,K=5,X=1",-inf,-inf,0,Y|K,1
C,91,R,3,Y,12,S,3,X,1,C,1,K,6,K,1,K,1,S,1,Y,8,C,1,X,1,R,3,"L1:[sp=C,91] R=3,Y=12,S=3,X=1,C=1,K=6 || L2:[sp=K,1] K=1,S=1,Y=8,C=1,X=1,R=3",-84441919.0,-163323000.0,1,C|K,1
K,91,C,1,K,6,Y,179,S,2,R,3,X,1,Y,1,R,3,K,3,Y,1,C,1,X,1,S,2,"L1:[sp=K,91] C=1,K=6,Y=179,S=2,R=3,X=1 || L2:[sp=Y,1] R=3,K=3,Y=1,C=1,X=1,S=2",-inf,-inf,0,K|Y,1
X,91,S,3,X,1,Y,12,C,1,R,3,K,6,C,1,R,3,S,3,Y,7,C,1,K,4,X,1,"L1:[sp=X,91] S=3,X=1,Y=12,C=1,R=3,K=6 || L2:[sp=C,1] R=3,S=3,Y=7,C=1,K=4,X=1",-inf,-inf,0,X|C,1
X,91,S,2,X,62,Y,12,C,1,R,3,K,6,C,1,R,3,S,2,Y,8,C,1,K,4,X,1,"L1:[sp=X,91] S=2,X=62,Y=12,C=1,R=3,K=6 || L2:[sp=C,1] R=3,S=2,Y=8,C=1,K=4,X=1",-inf,-inf,0,X|C,1
Y,91,S,3,K,6,Y,12,C,1,R,3,X,1,X,1,R,3,S,3,Y,8,C,1,K,6,X,1,"L1:[sp=Y,91] S=3,K=6,Y=12,C=1,R=3,X=1 || L2:[sp=X,1] R=3,S=3,Y=8,C=1,K=6,X=1",-inf,-inf,0,Y|X,1
C,91,R,3,Y,144,C,1,X,1,S,3,K,6,K,1,K,1,S,3,Y,8,C,1,X,1,R,3,"L1:[sp=C,91] R=3,Y=144,C=1,X=1,S=3,K=6 || L2:[sp=K,1] K=1,S=3,Y=8,C=1,X=1,R=3",-28648213.0,-163323000.0,1,C|K,1
X,91,S,1,X,1,Y,12,C,1,R,3,K,6,C,1,R,3,S,1,Y,7,C,1,K,4,X,1,"L1:[sp=X,91] S=1,X=1,Y=12,C=1,R=3,K=6 || L2:[sp=C,1] R=3,S=1,Y=7,C=1,K=4,X=1",-inf,-inf,0,X|C,1
X,91,S,3,X,203,Y,12,C,1,R,2,K,6,C,1,R,1,S,1,Y,7,C,1,K,4,X,1,"L1:[sp=X,91] S=3,X=203,Y=12,C=1,R=2,K=6 || L2:[sp=C,1] R=1,S=1,Y=7,C=1,K=4,X=1",-inf,-inf,0,X|C,1
K,91,R,3,X,1,Y,12,S,3,C,3,K,6,Y,1,C,1,Y,7,K,4,R,3,S,3,X,1,"L1:[sp=K,91] R=3,X=1,Y=12,S=3,C=3,K=6 || L2:[sp=Y,1] C=1,Y=7,K=4,R=3,S=3,X=1",-inf,-inf,0,K|Y,1
K,91,R,3,X,62,Y,12,S,3,C,3,K,6,Y,1,C,1,K,4,Y,7,R,3,S,3,X,53,"L1:[sp=K,91] R=3,X=62,Y=12,S=3,C=3,K=6 || L2:[sp=Y,1] C=1,K=4,Y=7,R=3,S=3,X=53",-inf,-inf,0,K|Y,1
X,91,S,3,X,221,Y,12,R,2,C,1,K,6,C,1,R,1,S,1,Y,8,C,1,K,4,X,1,"L1:[sp=X,91] S=3,X=221,Y=12,R=2,C=1,K=6 || L2:[sp=C,1] R=1,S=1,Y=8,C=1,K=4,X=1",-inf,-inf,0,X|C,1
X,91,S,3,X,16,Y,12,C,1,R,3,K,6,C,1,R,3,S,3,K,4,C,1,Y,12,X,1,"L1:[sp=X,91] S=3,X=16,Y=12,C=1,R=3,K=6 || L2:[sp=C,1] R=3,S=3,K=4,C=1,Y=12,X=1",-6304372.0,-163324000.0,1,X|C,1
Y,91,Y,67,K,6,S,3,C,1,R,3,X,91,K,1,R,3,S,1,Y,7,C,1,K,4,X,1,"L1:[sp=Y,91] Y=67,K=6,S=3,C=1,R=3,X=91 || L2:[sp=K,1] R=3,S=1,Y=7,C=1,K=4,X=1",-inf,-inf,0,Y|K,1
C,91,R,3,Y,12,S,3,X,1,C,1,K,6,K,1,K,1,S,1,Y,8,C,1,X,1,R,3,"L1:[sp=C,91] R=3,Y=12,S=3,X=1,C=1,K=6 || L2:[sp=K,1] K=1,S=1,Y=8,C=1,X=1,R=3",-inf,-inf,0,C|K,1
X,91,R,3,X,1,Y,12,C,1,S,3,K,6,C,1,R,3,S,3,Y,7,C,1,K,4,X,1,"L1:[sp=X,91] R=3,X=1,Y=12,C=1,S=3,K=6 || L2:[sp=C,1] R=3,S=3,Y=7,C=1,K=4,X=1",-765031.0,-163324000.0,1,X|C,1
X,91,S,3,X,1,Y,12,C,1,R,3,K,6,C,1,R,3,S,3,Y,8,X,1,K,4,C,1,"L1:[sp=X,91] S=3,X=1,Y=12,C=1,R=3,K=6 || L2:[sp=C,1] R=3,S=3,Y=8,X=1,K=4,C=1",-inf,-inf,0,X|C,1
X,91,S,3,K,6,Y,12,C,1,R,2,X,3,Y,1,R,1,S,2,Y,2,C,1,K,4,X,1,"L1:[sp=X,91] S=3,K=6,Y=12,C=1,R=2,X=3 || L2:[sp=Y,1] R=1,S=2,Y=2,C=1,K=4,X=1",-1673959.0,-163323000.0,1,X|Y,1
Y,91,C,1,R,2,Y,12,S,1,X,1,K,47,K,1,R,1,Y,7,S,1,C,1,K,5,X,1,"L1:[sp=Y,91] C=1,R=2,Y=12,S=1,X=1,K=47 || L2:[sp=K,1] R=1,Y=7,S=1,C=1,K=5,X=1",-inf,-inf,0,Y|K,1
X,91,S,3,K,6,Y,12,C,1,R,3,X,1,Y,1,R,3,S,3,Y,11,C,1,K,4,X,1,"L1:[sp=X,91] S=3,K=6,Y=12,C=1,R=3,X=1 || L2:[sp=Y,1] R=3,S=3,Y=11,C=1,K=4,X=1",-875623.0,-163324000.0,1,X|Y,1
X,91,Y,67,K,6,S,3,C,1,R,3,X,24,K,1,R,3,S,1,Y,7,C,1,K,4,X,1,"L1:[sp=X,91] Y=67,K=6,S=3,C=1,R=3,X=24 || L2:[sp=K,1] R=3,S=1,Y=7,C=1,K=4,X=1",-inf,-inf,0,X|K,1
K,91,R,3,Y,12,S,3,X,11,C,1,K,6,C,1,K,1,S,1,Y,8,C,1,X,1,R,3,"L1:[sp=K,91] R=3,Y=12,S=3,X=11,C=1,K=6 || L2:[sp=C,1] K=1,S=1,Y=8,C=1,X=1,R=3",-inf,-inf,0,K|C,1
X,91,S,1,Y,12,X,62,C,1,R,3,K,6,C,1,R,3,S,1,Y,8,C,1,K,4,X,1,"L1:[sp=X,91] S=1,Y=12,X=62,C=1,R=3,K=6 || L2:[sp=C,1] R=3,S=1,Y=8,C=1,K=4,X=1",-23571802.0,-163323000.0,1,X|C,1
X,91,R,2,X,106,Y,12,C,1,S,3,K,6,C,1,R,1,S,3,Y,4,C,1,K,4,X,1,"L1:[sp=X,91] R=2,X=106,Y=12,C=1,S=3,K=6 || L2:[sp=C,1] R=1,S=3,Y=4,C=1,K=4,X=1",-44327911.0,-163323000.0,1,X|C,1
X,91,R,3,X,1,Y,12,C,1,S,3,K,6,C,1,R,3,S,3,Y,7,C,1,K,4,X,1,"L1:[sp=X,91] R=3,X=1,Y=12,C=1,S=3,K=6 || L2:[sp=C,1] R=3,S=3,Y=7,C=1,K=4,X=1",-inf,-inf,0,X|C,1
X,91,S,3,K,6,Y,12,C,3,R,3,X,1,Y,1,R,3,S,3,Y,2,C,1,K,4,X,1,"L1:[sp=X,91] S=3,K=6,Y=12,C=3,R=3,X=1 || L2:[sp=Y,1] R=3,S=3,Y=2,C=1,K=4,X=1",-767651.0,-163324000.0,1,X|Y,1
C,91,R,2,Y,144,C,1,X,3,S,3,K,6,K,1,K,1,S,2,Y,8,C,1,X,1,R,1,"L1:[sp=C,91] R=2,Y=144,C=1,X=3,S=3,K=6 || L2:[sp=K,1] K=1,S=2,Y=8,C=1,X=1,R=1",-inf,-inf,0,C|K,1
X,91,S,3,X,16,Y,200,C,1,R,3,K,6,C,1,R,3,S,3,K,4,C,1,Y,12,X,14,"L1:[sp=X,91] S=3,X=16,Y=200,C=1,R=3,K=6 || L2:[sp=C,1] R=3,S=3,K=4,C=1,Y=12,X=14",-inf,-inf,0,X|C,1
X,91,R,2,X,106,Y,12,C,1,S,3,K,6,C,1,R,1,S,3,Y,4,C,1,K,4,X,17,"L1:[sp=X,91] R=2,X=106,Y=12,C=1,S=3,K=6 || L2:[sp=C,1] R=1,S=3,Y=4,C=1,K=4,X=17",-inf,-inf,0,X|C,1
X,91,S,3,K,6,Y,12,C,1,R,3,X,52,Y,1,R,3,S,3,X,1,C,1,K,4,Y,11,"L1:[sp=X,91] S=3,K=6,Y=12,C=1,R=3,X=52 || L2:[sp=Y,1] R=3,S=3,X=1,C=1,K=4,Y=11",-inf,-inf,0,X|Y,1
X,91,S,3,X,1,Y,12,C,1,R,1,K,6,C,1,R,1,S,3,K,4,C,1,Y,12,X,1,"L1:[sp=X,91] S=3,X=1,Y=12,C=1,R=1,K=6 || L2:[sp=C,1] R=1,S=3,K=4,C=1,Y=12,X=1",-791731.0,-163324000.0,1,X|C,1
C,91,R,2,Y,144,C,1,X,1,S,3,K,6,K,1,K,1,S,2,Y,8,C,1,X,1,R,1,"L1:[sp=C,91] R=2,Y=144,C=1,X=1,S=3,K=6 || L2:[sp=K,1] K=1,S=2,Y=8,C=1,X=1,R=1",-inf,-inf,0,C|K,1
X,91,S,3,K,26,Y,12,C,1,R,3,X,3,Y,1,R,3,S,3,Y,2,C,1,K,4,X,1,"L1:[sp=X,91] S=3,K=26,Y=12,C=1,R=3,X=3 || L2:[sp=Y,1] R=3,S=3,Y=2,C=1,K=4,X=1",-inf,-inf,0,X|Y,1
X,91,R,3,X,62,Y,12,C,1,K,36,S,1,C,1,R,3,S,1,Y,8,C,1,K,4,X,1,"L1:[sp=X,91] R=3,X=62,Y=12,C=1,K=36,S=1 || L2:[sp=C,1] R=3,S=1,Y=8,C=1,K=4,X=1",-inf,-inf,0,X|C,1
X,91,S,3,Y,12,X,1,C,2,R,3,K,6,C,1,R,3,S,3,C,1,Y,7,K,6,X,1,"L1:[sp=X,91] S=3,Y=12,X=1,C=2,R=3,K=6 || L2:[sp=C,1] R=3,S=3,C=1,Y=7,K=6,X=1",-inf,-inf,0,X|C,1
C,91,R,2,Y,170,C,1,X,3,S,3,K,6,K,1,K,1,S,2,Y,2,C,1,X,1,R,1,"L1:[sp=C,91] R=2,Y=170,C=1,X=3,S=3,K=6 || L2:[sp=K,1] K=1,S=2,Y=2,C=1,X=1,R=1",-inf,-inf,0,C|K,1
X,91,S,3,K,6,Y,144,C,3,R,3,X,1,Y,1,R,3,S,3,Y,8,C,1,K,4,X,1,"L1:[sp=X,91] S=3,K=6,Y=144,C=3,R=3,X=1 || L2:[sp=Y,1] R=3,S=3,Y=8,C=1,K=4,X=1",-inf,-inf,0,X|Y,1
X,91,S,2,K,6,Y,74,C,1,R,3,X,1,Y,1,R,3,S,2,Y,11,C,1,K,4,X,1,"L1:[sp=X,91] S=2,K=6,Y=74,C=1,R=3,X=1 || L2:[sp=Y,1] R=3,S=2,Y=11,C=1,K=4,X=1",-inf,-inf,0,X|Y,1
X,91,S,3,X,96,Y,74,C,1,R,3,K,6,C,1,R,3,S,3,K,4,X,1,Y,12,C,1,"L1:[sp=X,91] S=3,X=96,Y=74,C=1,R=3,K=6 || L2:[sp=C,1] R=3,S=3,K=4,X=1,Y=12,C=1",-inf,-inf,0,X|C,1
C,91,R,3,Y,144,C,1,X,1,S,3,K,6,K,1,K,1,S,3,R,3,C,1,X,1,Y,8,"L1:[sp=C,91] R=3,Y=144,C=1,X=1,S=3,K=6 || L2:[sp=K,1] K=1,S=3,R=3,C=1,X=1,Y=8",-inf,-inf,0,C|K,1
X,91,S,3,X,16,Y,12,C,1,R,3,K,6,C,1,R,3,S,3,K,4,X,1,Y,12,C,1,"L1:[sp=X,91] S=3,X=16,Y=12,C=1,R=3,K=6 || L2:[sp=C,1] R=3,S=3,K=4,X=1,Y=12,C=1",-inf,-inf,0,X|C,1
X,91,S,3,X,16,Y,12,C,1,R,3,K,6,C,1,R,3,K,1,S,3,C,1,Y,12,X,1,"L1:[sp=X,91] S=3,X=16,Y=12,C=1,R=3,K=6 || L2:[sp=C,1] R=3,K=1,S=3,C=1,Y=12,X=1",-inf,-inf,0,X|C,1
X,91,S,1,R,3,X,170,C,1,Y,12,K,46,C,1,R,2,S,1,Y,8,C,1,K,4,X,1,"L1:[sp=X,91] S=1,R=3,X=170,C=1,Y=12,K=46 || L2:[sp=C,1] R=2,S=1,Y=8,C=1,K=4,X=1",-inf,-inf,0,X|C,1
Y,91,S,3,K,6,Y,50,C,1,R,3,X,1,X,1,C,1,S,1,Y,11,R,3,K,4,X,1,"L1:[sp=Y,91] S=3,K=6,Y=50,C=1,R=3,X=1 || L2:[sp=X,1] C=1,S=1,Y=11,R=3,K=4,X=1",-57549727.0,-163323000.0,1,Y|X,1
Y,91,R,3,X,1,Y,12,C,1,S,3,K,6,C,1,C,1,S,3,Y,7,R,3,K,4,X,1,"L1:[sp=Y,91] R=3,X=1,Y=12,C=1,S=3,K=6 || L2:[sp=C,1] C=1,S=3,Y=7,R=3,K=4,X=1",-4610719.0,-163323000.0,1,Y|C,1
X,91,S,3,K,6,Y,12,C,3,R,3,X,1,Y,1,R,3,S,3,Y,2,C,1,K,4,X,1,"L1:[sp=X,91] S=3,K=6,Y=12,C=3,R=3,X=1 || L2:[sp=Y,1] R=3,S=3,Y=2,C=1,K=4,X=1",-767651.0,-163324000.0,1,X|Y,1
Y,91,R,3,X,1,Y,12,C,1,S,3,K,6,C,1,C,1,S,3,Y,7,R,3,K,1,X,1,"L1:[sp=Y,91] R=3,X=1,Y=12,C=1,S=3,K=6 || L2:[sp=C,1] C=1,S=3,Y=7,R=3,K=1,X=1",-inf,-inf,0,Y|C,1
X,91,S,1,K,6,Y,12,C,3,R,3,X,197,Y,1,R,3,S,1,Y,2,C,1,K,4,X,1,"L1:[sp=X,91] S=1,K=6,Y=12,C=3,R=3,X=197 || L2:[sp=Y,1] R=3,S=1,Y=2,C=1,K=4,X=1",-inf,-inf,0,X|Y,1
X,91,S,3,K,6,Y,12,C,3,R,3,X,1,Y,1,R,3,S,3,Y,2,C,1,K,4,X,1,"L1:[sp=X,91] S=3,K=6,Y=12,C=3,R=3,X=1 || L2:[sp=Y,1] R=3,S=3,Y=2,C=1,K=4,X=1",-767651.0,-163324000.0,1,X|Y,1
X,91,S,3,X,1,Y,12,C,1,R,1,K,6,C,1,R,1,S,1,K,5,C,1,Y,12,X,1,"L1:[sp=X,91] S=3,X=1,Y=12,C=1,R=1,K=6 || L2:[sp=C,1] R=1,S=1,K=5,C=1,Y=12,X=1",-inf,-inf,0,X|C,1
Y,91,C,1,K,6,Y,50,S,3,R,3,X,1,X,1,C,1,S,2,Y,11,R,3,K,4,X,1,"L1:[sp=Y,91] C=1,K=6,Y=50,S=3,R=3,X=1 || L2:[sp=X,1] C=1,S=2,Y=11,R=3,K=4,X=1",-inf,-inf,0,Y|X,1
X,91,S,3,K,6,Y,12,C,3,R,3,X,194,Y,1,R,3,S,1,Y,2,C,1,K,4,X,1,"L1:[sp=X,91] S=3,K=6,Y=12,C=3,R=3,X=194 || L2:[sp=Y,1] R=3,S=1,Y=2,C=1,K=4,X=1",-inf,-inf,0,X|Y,1
X,91,S,3,K,44,Y,12,C,3,R,1,X,1,Y,1,R,1,S,3,Y,2,C,1,K,4,X,1,"L1:[sp=X,91] S=3,K=44,Y=12,C=3,R=1,X=1 || L2:[sp=Y,1] R=1,S=3,Y=2,C=1,K=4,X=1",-inf,-inf,0,X|Y,1
X,91,S,3,X,1,Y,12,C,1,R,1,K,6,C,1,R,1,S,3,K,4,C,1,Y,12,X,1,"L1:[sp=X,91] S=3,X=1,Y=12,C=1,R=1,K=6 || L2:[sp=C,1] R=1,S=3,K=4,C=1,Y=12,X=1",-inf,-inf,0,X|C,1
C,91,K,6,X,1,Y,50,C,1,S,3,R,2,Y,1,C,1,S,1,Y,11,R,2,K,4,X,1,"L1:[sp=C,91] K=6,X=1,Y=50,C=1,S=3,R=2 || L2:[sp=Y,1] C=1,S=1,Y=11,R=2,K=4,X=1",-inf,-inf,0,C|Y,1
C,91,S,3,K,6,Y,12,C,1,R,3,X,1,X,1,C,1,S,3,Y,7,R,3,K,4,X,1,"L1:[sp=C,91] S=3,K=6,Y=12,C=1,R=3,X=1 || L2:[sp=X,1] C=1,S=3,Y=7,R=3,K=4,X=1",-28306111.0,-163323000.0,1,C|X,1
X,91,S,2,K,6,Y,12,C,3,R,1,X,1,Y,1,R,1,S,2,Y,2,C,1,K,4,X,1,"L1:[sp=X,91] S=2,K=6,Y=12,C=3,R=1,X=1 || L2:[sp=Y,1] R=1,S=2,Y=2,C=1,K=4,X=1",-inf,-inf,0,X|Y,1
X,91,S,3,R,3,C,1,Y,12,X,1,K,6,C,1,R,3,S,3,K,6,C,1,Y,12,X,1,"L1:[sp=X,91] S=3,R=3,C=1,Y=12,X=1,K=6 || L2:[sp=C,1] R=3,S=3,K=6,C=1,Y=12,X=1",-inf,-inf,0,X|C,1
X,91,S,3,X,1,Y,185,C,1,R,3,K,6,C,1,R,3,S,3,K,4,C,1,Y,12,X,1,"L1:[sp=X,91] S=3,X=1,Y=185,C=1,R=3,K=6 || L2:[sp=C,1] R=3,S=3,K=4,C=1,Y=12,X=1",-inf,-inf,0,X|C,1
Y,91,R,1,X,1,Y,12,C,1,S,3,K,42,C,1,C,1,S,3,Y,7,R,1,K,4,X,1,"L1:[sp=Y,91] R=1,X=1,Y=12,C=1,S=3,K=42 || L2:[sp=C,1] C=1,S=3,Y=7,R=1,K=4,X=1",-inf,-inf,0,Y|C,1
Y,91,R,3,X,1,Y,12,C,1,S,1,K,6,C,1,C,1,S,1,Y,7,R,3,K,4,X,1,"L1:[sp=Y,91] R=3,X=1,Y=12,C=1,S=1,K=6 || L2:[sp=C,1] C=1,S=1,Y=7,R=3,K=4,X=1",-4667041.0,-163323000.0,1,Y|C,1
Y,91,S,3,K,6,Y,12,C,3,R,3,X,1,X,1,R,2,S,3,C,1,Y,2,K,4,X,1,"L1:[sp=Y,91] S=3,K=6,Y=12,C=3,R=3,X=1 || L2:[sp=X,1] R=2,S=3,C=1,Y=2,K=4,X=1",-inf,-inf,0,Y|X,1
Y,91,R,3,X,1,K,31,C,1,S,3,Y,184,C,1,K,4,S,1,Y,7,R,3,C,1,X,1,"L1:[sp=Y,91] R=3,X=1,K=31,C=1,S=3,Y=184 || L2:[sp=C,1] K=4,S=1,Y=7,R=3,C=1,X=1",-inf,-inf,0,Y|C,1
Y,91,S,3,K,6,Y,50,C,1,R,2,X,1,X,1,C,1,S,3,Y,17,R,2,K,4,X,1,"L1:[sp=Y,91] S=3,K=6,Y=50,C=1,R=2,X=1 || L2:[sp=X,1] C=1,S=3,Y=17,R=2,K=4,X=1",-inf,-inf,0,Y|X,1
K,91,S,3,K,6,Y,50,C,1,R,2,X,1,X,1,C,1,S,1,Y,11,R,2,K,4,X,1,"L1:[sp=K,91] S=3,K=6,Y=50,C=1,R=2,X=1 || L2:[sp=X,1] C=1,S=1,Y=11,R=2,K=4,X=1",-32805829.0,-163323000.0,1,K|X,1
Y,91,R,3,X,1,Y,12,C,1,S,3,K,6,C,1,C,1,S,3,Y,7,R,3,K,4,X,1,"L1:[sp=Y,91] R=3,X=1,Y=12,C=1,S=3,K=6 || L2:[sp=C,1] C=1,S=3,Y=7,R=3,K=4,X=1",-inf,-inf,0,Y|C,1
X,91,S,3,K,6,Y,12,C,3,R,3,X,1,Y,1,R,3,S,3,Y,2,C,1,K,4,X,1,"L1:[sp=X,91] S=3,K=6,Y=12,C=3,R=3,X=1 || L2:[sp=Y,1] R=3,S=3,Y=2,C=1,K=4,X=1",-inf,-inf,0,X|Y,1
C,91,R,1,K,6,Y,12,C,1,S,1,X,1,Y,3,C,1,S,1,Y,7,R,1,K,4,X,1,"L1:[sp=C,91] R=1,K=6,Y=12,C=1,S=1,X=1 || L2:[sp=Y,3] C=1,S=1,Y=7,R=1,K=4,X=1",-17581537.0,-163323000.0,1,C|Y,1
X,91,R,3,X,1,Y,12,C,1,S,3,K,20,Y,1,C,1,S,3,Y,7,R,3,K,4,X,1,"L1:[sp=X,91] R=3,X=1,Y=12,C=1,S=3,K=20 || L2:[sp=Y,1] C=1,S=3,Y=7,R=3,K=4,X=1",-inf,-inf,0,X|Y,1
X,91,S,3,K,6,Y,12,C,3,R,2,X,1,Y,1,R,2,S,3,Y,1,C,1,K,4,X,1,"L1:[sp=X,91] S=3,K=6,Y=12,C=3,R=2,X=1 || L2:[sp=Y,1] R=2,S=3,Y=1,C=1,K=4,X=1",-inf,-inf,0,X|Y,1
C,91,S,3,K,6,Y,12,C,1,R,3,X,1,Y,2,Y,7,S,3,C,1,R,2,K,4,X,1,"L1:[sp=C,91] S=3,K=6,Y=12,C=1,R=3,X=1 || L2:[sp=Y,2] Y=7,S=3,C=1,R=2,K=4,X=1",-inf,-inf,0,C|Y,1
Y,91,R,3,X,69,Y,12,C,1,S,1,K,6,C,1,C,1,S,1,Y,7,R,3,K,4,X,1,"L1:[sp=Y,91] R=3,X=69,Y=12,C=1,S=1,K=6 || L2:[sp=C,1] C=1,S=1,Y=7,R=3,K=4,X=1",-inf,-inf,0,Y|C,1
Y,91,R,3,X,1,Y,12,C,1,S,3,K,2,C,1,C,1,S,3,Y,7,R,3,K,1,X,1,"L1:[sp=Y,91] R=3,X=1,Y=12,C=1,S=3,K=2 || L2:[sp=C,1] C=1,S=3,Y=7,R=3,K=1,X=1",-inf,-inf,0,Y|C,1
C,91,S,2,K,40,Y,12,C,1,R,3,X,1,Y,1,R,3,S,2,Y,7,X,1,K,4,C,1,"L1:[sp=C,91] S=2,K=40,Y=12,C=1,R=3,X=1 || L2:[sp=Y,1] R=3,S=2,Y=7,X=1,K=4,C=1",-inf,-inf,0,C|Y,1
Y,91,R,3,X,1,Y,12,C,1,S,1,K,6,C,1,C,1,S,1,Y,7,R,3,K,4,X,1,"L1:[sp=Y,91] R=3,X=1,Y=12,C=1,S=1,K=6 || L2:[sp=C,1] C=1,S=1,Y=7,R=3,K=4,X=1",-inf,-inf,0,Y|C,1
Y,91,R,2,X,1,Y,50,C,1,S,3,K,6,C,1,Y,11,S,1,C,1,R,2,K,4,X,1,"L1:[sp=Y,91] R=2,X=1,Y=50,C=1,S=3,K=6 || L2:[sp=C,1] Y=11,S=1,C=1,R=2,K=4,X=1",-76737853.0,-163323000.0,1,Y|C,1
K,91,S,1,K,6,Y,12,C,1,R,3,X,1,X,1,C,1,S,1,Y,1,R,3,K,4,X,1,"L1:[sp=K,91] S=1,K=6,Y=12,C=1,R=3,X=1 || L2:[sp=X,1] C=1,S=1,Y=1,R=3,K=4,X=1",-8094241.0,-163323000.0,1,K|X,1
Y,91,R,3,X,151,Y,12,C,1,S,3,K,6,C,1,C,1,S,3,Y,7,R,3,K,4,X,1,"L1:[sp=Y,91] R=3,X=151,Y=12,C=1,S=3,K=6 || L2:[sp=C,1] C=1,S=3,Y=7,R=3,K=4,X=1",-inf,-inf,0,Y|C,1
Y,91,R,3,X,1,Y,12,C,1,S,1,K,6,C,1,C,1,S,1,Y,7,R,3,K,3,X,1,"L1:[sp=Y,91] R=3,X=1,Y=12,C=1,S=1,K=6 || L2:[sp=C,1] C=1,S=1,Y=7,R=3,K=3,X=1",-inf,-inf,0,Y|C,1
C,91,S,3,K,6,Y,12,C,1,R,3,X,1,X,1,C,1,S,3,Y,7,R,3,K,4,X,1,"L1:[sp=C,91] S=3,K=6,Y=12,C=1,R=3,X=1 || L2:[sp=X,1] C=1,S=3,Y=7,R=3,K=4,X=1",-inf,-inf,0,C|X,1
Y,91,S,3,K,62,Y,12,C,3,R,3,X,1,X,1,R,3,S,3,Y,2,C,1,K,4,X,1,"L1:[sp=Y,91] S=3,K=62,Y=12,C=3,R=3,X=1 || L2:[sp=X,1] R=3,S=3,Y=2,C=1,K=4,X=1",-inf,-inf,0,Y|X,1
X,91,S,3,K,6,Y,12,C,3,R,3,X,1,Y,1,R,3,S,3,Y,2,C,1,K,4,X,1,"L1:[sp=X,91] S=3,K=6,Y=12,C=3,R=3,X=1 || L2:[sp=Y,1] R=3,S=3,Y=2,C=1,K=4,X=1",-inf,-inf,0,X|Y,1
Y,91,R,2,X,1,Y,12,C,1,S,3,K,6,C,1,C,1,Y,7,S,3,R,2,X,1,K,1,"L1:[sp=Y,91] R=2,X=1,Y=12,C=1,S=3,K=6 || L2:[sp=C,1] C=1,Y=7,S=3,R=2,X=1,K=1",-inf,-inf,0,Y|C,1
C,91,S,3,K,6,Y,12,C,1,R,3,X,1,X,1,C,1,S,3,Y,7,R,3,K,4,X,1,"L1:[sp=C,91] S=3,K=6,Y=12,C=1,R=3,X=1 || L2:[sp=X,1] C=1,S=3,Y=7,R=3,K=4,X=1",-inf,-inf,0,C|X,1
Y,91,R,3,X,48,Y,12,C,1,S,3,K,6,C,1,C,1,S,3,Y,7,R,2,K,1,X,1,"L1:[sp=Y,91] R=3,X=48,Y=12,C=1,S=3,K=6 || L2:[sp=C,1] C=1,S=3,Y=7,R=2,K=1,X=1",-inf,-inf,0,Y|C,1
Y,91,R,3,X,1,Y,12,C,1,S,3,K,26,C,1,C,1,S,3,Y,7,R,3,K,4,X,1,"L1:[sp=Y,91] R=3,X=1,Y=12,C=1,S=3,K=26 || L2:[sp=C,1] C=1,S=3,Y=7,R=3,K=4,X=1",-inf,-inf,0,Y|C,1
Y,91,R,3,X,1,Y,12,K,6,S,1,C,1,C,1,C,1,S,1,Y,7,R,3,K,1,X,1,"L1:[sp=Y,91] R=3,X=1,Y=12,K=6,S=1,C=1 || L2:[sp=C,1] C=1,S=1,Y=7,R=3,K=1,X=1",-inf,-inf,0,Y|C,1
K,91,S,1,K,6,Y,12,C,1,R,3,X,1,X,1,C,1,S,1,Y,1,R,3,K,4,X,1,"L1:[sp=K,91] S=1,K=6,Y=12,C=1,R=3,X=1 || L2:[sp=X,1] C=1,S=1,Y=1,R=3,K=4,X=1",-inf,-inf,0,K|X,1
Y,91,R,3,X,1,C,1,Y,12,S,2,K,21,C,1,Y,1,S,1,C,1,R,3,K,4,X,1,"L1:[sp=Y,91] R=3,X=1,C=1,Y=12,S=2,K=21 || L2:[sp=C,1] Y=1,S=1,C=1,R=3,K=4,X=1",-9253609.0,-163323000.0,1,Y|C,1
K,91,R,2,K,38,Y,50,C,1,S,3,X,1,X,1,C,1,S,1,Y,11,X,1,K,4,R,2,"L1:[sp=K,91] R=2,K=38,Y=50,C=1,S=3,X=1 || L2:[sp=X,1] C=1,S=1,Y=11,X=1,K=4,R=2",-207734725.0,-163323000.0,1,K|X,1
K,91,S,1,K,6,Y,7,C,1,R,3,X,1,X,1,C,1,S,1,Y,1,R,3,K,4,X,1,"L1:[sp=K,91] S=1,K=6,Y=7,C=1,R=3,X=1 || L2:[sp=X,1] C=1,S=1,Y=1,R=3,K=4,X=1",-inf,-inf,0,K|X,1
Y,91,R,2,X,19,Y,50,C,1,S,3,K,6,C,1,Y,7,S,1,C,1,R,2,K,2,X,1,"L1:[sp=Y,91] R=2,X=19,Y=50,C=1,S=3,K=6 || L2:[sp=C,1] Y=7,S=1,C=1,R=2,K=2,X=1",-inf,-inf,0,Y|C,1
K,91,S,1,K,6,Y,12,C,1,R,3,X,1,X,1,C,1,S,1,Y,1,R,3,K,4,X,1,"L1:[sp=K,91] S=1,K=6,Y=12,C=1,R=3,X=1 || L2:[sp=X,1] C=1,S=1,Y=1,R=3,K=4,X=1",-inf,-inf,0,K|X,1
Y,91,R,2,X,1,Y,50,C,1,S,3,K,6,C,1,Y,11,S,1,C,1,R,2,K,4,X,1,"L1:[sp=Y,91] R=2,X=1,Y=50,C=1,S=3,K=6 || L2:[sp=C,1] Y=11,S=1,C=1,R=2,K=4,X=1",-inf,-inf,0,Y|C,1
C,91,R,3,X,1,Y,50,C,1,S,3,K,6,Y,1,Y,11,S,1,C,1,R,2,K,4,X,1,"L1:[sp=C,91] R=3,X=1,Y=50,C=1,S=3,K=6 || L2:[sp=Y,1] Y=11,S=1,C=1,R=2,K=4,X=1",-91312819.0,-163323000.0,1,C|Y,1
K,91,S,1,K,6,Y,12,C,1,R,3,X,1,X,1,Y,1,S,1,C,1,R,3,X,1,K,4,"L1:[sp=K,91] S=1,K=6,Y=12,C=1,R=3,X=1 || L2:[sp=X,1] Y=1,S=1,C=1,R=3,X=1,K=4",-inf,-inf,0,K|X,1
K,91,S,3,K,6,Y,12,C,1,R,2,X,1,X,1,C,1,S,1,Y,1,R,2,K,4,X,1,"L1:[sp=K,91] S=3,K=6,Y=12,C=1,R=2,X=1 || L2:[sp=X,1] C=1,S=1,Y=1,R=2,K=4,X=1",-inf,-inf,0,K|X,1
Y,91,R,3,X,1,Y,50,C,1,S,1,K,6,X,1,Y,11,S,1,X,1,R,3,K,4,C,1,"L1:[sp=Y,91] R=3,X=1,Y=50,C=1,S=1,K=6 || L2:[sp=X,1] Y=11,S=1,X=1,R=3,K=4,C=1",-inf,-inf,0,Y|X,1
K,91,S,1,K,6,Y,12,C,1,R,3,X,1,X,1,C,1,S,1,Y,1,R,3,K,4,X,1,"L1:[sp=K,91] S=1,K=6,Y=12,C=1,R=3,X=1 || L2:[sp=X,1] C=1,S=1,Y=1,R=3,K=4,X=1",-inf,-inf,0,K|X,1
Y,91,R,2,X,1,Y,50,C,1,S,3,K,6,C,1,Y,11,S,1,C,1,R,2,K,4,X,1,"L1:[sp=Y,91] R=2,X=1,Y=50,C=1,S=3,K=6 || L2:[sp=C,1] Y=11,S=1,C=1,R=2,K=4,X=1",-inf,-inf,0,Y|C,1
C,91,R,2,X,1,Y,50,C,1,S,1,K,6,Y,1,Y,11,S,1,C,1,R,2,K,4,X,1,"L1:[sp=C,91] R=2,X=1,Y=50,C=1,S=1,K=6 || L2:[sp=Y,1] Y=11,S=1,C=1,R=2,K=4,X=1",-40157377.0,-163323000.0,1,C|Y,1
K,91,S,3,K,6,Y,12,R,2,C,1,X,1,X,1,S,1,C,1,Y,1,R,2,K,4,X,1,"L1:[sp=K,91] S=3,K=6,Y=12,R=2,C=1,X=1 || L2:[sp=X,1] S=1,C=1,Y=1,R=2,K=4,X=1",-32105197.0,-163323000.0,1,K|X,1
Y,91,R,1,X,1,Y,50,C,1,S,1,K,6,C,1,Y,11,S,1,C,1,R,1,K,4,X,1,"L1:[sp=Y,91] R=1,X=1,Y=50,C=1,S=1,K=6 || L2:[sp=C,1] Y=11,S=1,C=1,R=1,K=4,X=1",-inf,-inf,0,Y|C,1
C,91,R,2,K,6,C,1,Y,12,S,3,X,1,Y,3,C,1,S,1,Y,7,R,2,K,4,X,1,"L1:[sp=C,91] R=2,K=6,C=1,Y=12,S=3,X=1 || L2:[sp=Y,3] C=1,S=1,Y=7,R=2,K=4,X=1",-68120701.0,-163323000.0,1,C|Y,1
C,91,R,1,K,6,Y,12,C,1,S,1,X,1,Y,3,C,1,S,1,Y,7,R,1,K,4,X,1,"L1:[sp=C,91] R=1,K=6,Y=12,C=1,S=1,X=1 || L2:[sp=Y,3] C=1,S=1,Y=7,R=1,K=4,X=1",-inf,-inf,0,C|Y,1
K,91,S,1,K,6,Y,12,C,1,R,3,X,1,X,1,C,1,S,1,Y,1,R,3,K,4,X,1,"L1:[sp=K,91] S=1,K=6,Y=12,C=1,R=3,X=1 || L2:[sp=X,1] C=1,S=1,Y=1,R=3,K=4,X=1",-inf,-inf,0,K|X,1
C,91,R,2,K,6,Y,12,C,1,S,3,X,1,Y,3,C,1,S,3,X,1,R,2,K,4,Y,7,"L1:[sp=C,91] R=2,K=6,Y=12,C=1,S=3,X=1 || L2:[sp=Y,3] C=1,S=3,X=1,R=2,K=4,Y=7",-inf,-inf,0,C|Y,1
Y,91,R,3,X,1,C,1,Y,12,S,2,K,21,C,1,Y,1,S,1,C,1,R,3,K,4,X,1,"L1:[sp=Y,91] R=3,X=1,C=1,Y=12,S=2,K=21 || L2:[sp=C,1] Y=1,S=1,C=1,R=3,K=4,X=1",-inf,-inf,0,Y|C,1
X,91,R,2,K,38,Y,50,C,1,S,3,X,1,X,1,C,1,S,1,Y,37,X,1,K,4,R,2,"L1:[sp=X,91] R=2,K=38,Y=50,C=1,S=3,X=1 || L2:[sp=X,1] C=1,S=1,Y=37,X=1,K=4,R=2",-inf,-inf,0,X|X,1
C,91,R,2,X,1,Y,50,C,1,S,1,K,6,Y,1,Y,11,S,1,C,1,R,2,K,4,X,1,"L1:[sp=C,91] R=2,X=1,Y=50,C=1,S=1,K=6 || L2:[sp=Y,1] Y=11,S=1,C=1,R=2,K=4,X=1",-inf,-inf,0,C|Y,1
C,91,R,3,K,6,C,1,Y,12,S,2,X,1,Y,3,C,1,S,1,Y,1,R,2,K,4,X,1,"L1:[sp=C,91] R=3,K=6,C=1,Y=12,S=2,X=1 || L2:[sp=Y,3] C=1,S=1,Y=1,R=2,K=4,X=1",-inf,-inf,0,C|Y,1
Y,91,R,2,X,1,C,1,Y,12,S,3,K,21,C,1,Y,7,S,1,C,1,R,2,K,4,X,1,"L1:[sp=Y,91] R=2,X=1,C=1,Y=12,S=3,K=21 || L2:[sp=C,1] Y=7,S=1,C=1,R=2,K=4,X=1",-inf,-inf,0,Y|C,1
C,91,R,2,K,6,C,1,Y,12,S,3,X,1,Y,3,C,1,S,1,Y,7,R,2,K,4,X,1,"L1:[sp=C,91] R=2,K=6,C=1,Y=12,S=3,X=1 || L2:[sp=Y,3] C=1,S=1,Y=7,R=2,K=4,X=1",-68120701.0,-163323000.0,1,C|Y,1
C,91,R,2,X,1,Y,50,C,1,S,1,K,6,Y,1,Y,11,S,1,C,1,R,2,K,4,X,1,"L1:[sp=C,91] R=2,X=1,Y=50,C=1,S=1,K=6 || L2:[sp=Y,1] Y=11,S=1,C=1,R=2,K=4,X=1",-inf,-inf,0,C|Y,1
C,91,R,2,K,6,C,1,Y,12,S,3,X,1,Y,3,C,1,S,1,Y,7,R,2,K,4,X,1,"L1:[sp=C,91] R=2,K=6,C=1,Y=12,S=3,X=1 || L2:[sp=Y,3] C=1,S=1,Y=7,R=2,K=4,X=1",-inf,-inf,0,C|Y,1
K,91,R,2,K,38,Y,50,C,1,S,3,X,1,K,19,C,1,S,1,Y,11,X,1,K,4,R,1,"L1:[sp=K,91] R=2,K=38,Y=50,C=1,S=3,X=1 || L2:[sp=K,19] C=1,S=1,Y=11,X=1,K=4,R=1",-inf,-inf,0,K|K,1
K,91,S,1,K,41,Y,12,R,2,C,1,X,1,X,1,S,1,C,1,Y,1,R,2,K,8,X,1,"L1:[sp=K,91] S=1,K=41,Y=12,R=2,C=1,X=1 || L2:[sp=X,1] S=1,C=1,Y=1,R=2,K=8,X=1",-inf,-inf,0,K|X,1
Y,91,R,3,X,162,K,21,Y,12,S,2,C,1,C,1,Y,1,S,1,K,4,R,3,C,1,X,1,"L1:[sp=Y,91] R=3,X=162,K=21,Y=12,S=2,C=1 || L2:[sp=C,1] Y=1,S=1,K=4,R=3,C=1,X=1",-inf,-inf,0,Y|C,1
K,91,S,3,K,6,Y,12,R,2,C,1,X,1,X,1,S,1,C,1,Y,10,R,2,K,4,X,1,"L1:[sp=K,91] S=3,K=6,Y=12,R=2,C=1,X=1 || L2:[sp=X,1] S=1,C=1,Y=10,R=2,K=4,X=1",-inf,-inf,0,K|X,1
K,91,X,1,K,38,Y,50,C,1,S,3,R,2,K,1,C,1,S,1,Y,11,X,1,K,4,R,2,"L1:[sp=K,91] X=1,K=38,Y=50,C=1,S=3,R=2 || L2:[sp=K,1] C=1,S=1,Y=11,X=1,K=4,R=2",-207734725.0,-163323000.0,1,K|K,1
X,91,S,3,K,6,Y,12,R,2,C,1,X,130,K,1,S,1,C,1,Y,1,R,2,K,4,X,1,"L1:[sp=X,91] S=3,K=6,Y=12,R=2,C=1,X=130 || L2:[sp=K,1] S=1,C=1,Y=1,R=2,K=4,X=1",-inf,-inf,0,X|K,1
C,91,R,2,X,1,Y,50,C,1,S,1,K,6,Y,1,Y,11,S,1,C,1,R,2,K,4,X,1,"L1:[sp=C,91] R=2,X=1,Y=50,C=1,S=1,K=6 || L2:[sp=Y,1] Y=11,S=1,C=1,R=2,K=4,X=1",-inf,-inf,0,C|Y,1
K,91,S,1,K,6,Y,12,R,2,C,1,X,1,X,1,S,1,C,1,Y,1,R,2,K,4,X,1,"L1:[sp=K,91] S=1,K=6,Y=12,R=2,C=1,X=1 || L2:[sp=X,1] S=1,C=1,Y=1,R=2,K=4,X=1",-inf,-inf,0,K|X,1
C,91,X,1,R,2,Y,105,C,1,S,2,K,6,Y,1,Y,11,S,1,C,1,R,2,K,4,X,1,"L1:[sp=C,91] X=1,R=2,Y=105,C=1,S=2,K=6 || L2:[sp=Y,1] Y=11,S=1,C=1,R=2,K=4,X=1",-78810877.0,-163323000.0,1,C|Y,1
C,91,R,2,K,6,C,1,Y,12,S,3,X,1,Y,3,C,1,S,1,Y,7,R,2,K,4,X,1,"L1:[sp=C,91] R=2,K=6,C=1,Y=12,S=3,X=1 || L2:[sp=Y,3] C=1,S=1,Y=7,R=2,K=4,X=1",-inf,-inf,0,C|Y,1
C,91,R,2,K,6,C,1,Y,12,S,3,X,1,Y,3,C,1,S,1,Y,7,R,2,K,4,X,1,"L1:[sp=C,91] R=2,K=6,C=1,Y=12,S=3,X=1 || L2:[sp=Y,3] C=1,S=1,Y=7,R=2,K=4,X=1",-inf,-inf,0,C|Y,1
K,91,X,1,K,38,Y,50,C,1,S,3,R,2,K,1,C,1,S,1,Y,11,X,1,K,4,R,2,"L1:[sp=K,91] X=1,K=38,Y=50,C=1,S=3,R=2 || L2:[sp=K,1] C=1,S=1,Y=11,X=1,K=4,R=2",-inf,-inf,0,K|K,1
C,91,X,219,R,2,Y,50,C,1,S,3,K,6,Y,1,Y,11,S,1,C,1,R,2,K,4,X,1,"L1:[sp=C,91] X=219,R=2,Y=50,C=1,S=3,K=6 || L2:[sp=Y,1] Y=11,S=1,C=1,R=2,K=4,X=1",-inf,-inf,0,C|Y,1
K,91,X,1,K,38,Y,105,C,1,S,2,R,2,K,1,C,1,S,1,Y,11,X,1,K,4,R,2,"L1:[sp=K,91] X=1,K=38,Y=105,C=1,S=2,R=2 || L2:[sp=K,1] C=1,S=1,Y=11,X=1,K=4,R=2",-138507085.0,-163323000.0,1,K|K,1
Y,91,X,1,R,2,Y,105,C,1,S,2,K,51,C,1,Y,13,S,1,C,1,R,2,K,4,X,1,"L1:[sp=Y,91] X=1,R=2,Y=105,C=1,S=2,K=51 || L2:[sp=C,1] Y=13,S=1,C=1,R=2,K=4,X=1",-111273433.0,-163323000.0,1,Y|C,1
C,91,X,1,K,63,Y,50,C,1,S,3,R,2,K,1,Y,11,S,1,K,4,X,1,C,1,R,2,"L1:[sp=C,91] X=1,K=63,Y=50,C=1,S=3,R=2 || L2:[sp=K,1] Y=11,S=1,K=4,X=1,C=1,R=2",-120268057.0,-163323000.0,1,C|K,1
C,91,R,2,K,6,C,3,Y,12,S,3,X,1,Y,3,Y,7,S,1,C,1,R,2,K,4,X,1,"L1:[sp=C,91] R=2,K=6,C=3,Y=12,S=3,X=1 || L2:[sp=Y,3] Y=7,S=1,C=1,R=2,K=4,X=1",-inf,-inf,0,C|Y,1
K,91,X,1,R,2,Y,105,C,1,S,2,K,6,Y,1,Y,11,S,1,C,1,R,2,K,4,X,1,"L1:[sp=K,91] X=1,R=2,Y=105,C=1,S=2,K=6 || L2:[sp=Y,1] Y=11,S=1,C=1,R=2,K=4,X=1",-22165309.0,-163323000.0,1,K|Y,1
C,91,X,1,R,2,Y,105,C,1,S,3,K,6,C,1,Y,11,S,1,C,1,R,2,K,4,X,1,"L1:[sp=C,91] X=1,R=2,Y=105,C=1,S=3,K=6 || L2:[sp=C,1] Y=11,S=1,C=1,R=2,K=4,X=1",-inf,-inf,0,C|C,1
K,91,X,1,K,38,Y,105,C,1,S,2,R,2,K,1,C,1,S,1,Y,11,X,1,K,4,R,2,"L1:[sp=K,91] X=1,K=38,Y=105,C=1,S=2,R=2 || L2:[sp=K,1] C=1,S=1,Y=11,X=1,K=4,R=2",-inf,-inf,0,K|K,1
K,91,X,1,K,38,Y,50,C,1,S,3,R,2,K,1,C,1,S,1,Y,11,X,1,K,4,R,2,"L1:[sp=K,91] X=1,K=38,Y=50,C=1,S=3,R=2 || L2:[sp=K,1] C=1,S=1,Y=11,X=1,K=4,R=2",-inf,-inf,0,K|K,1
C,91,X,1,R,2,Y,105,C,1,S,2,K,6,Y,1,Y,11,S,1,C,1,R,2,K,4,X,1,"L1:[sp=C,91] X=1,R=2,Y=105,C=1,S=2,K=6 || L2:[sp=Y,1] Y=11,S=1,C=1,R=2,K=4,X=1",-inf,-inf,0,C|Y,1
K,91,X,1,K,38,Y,50,C,1,S,1,R,2,K,1,X,1,S,1,Y,11,C,1,K,4,R,2,"L1:[sp=K,91] X=1,K=38,Y=50,C=1,S=1,R=2 || L2:[sp=K,1] X=1,S=1,Y=11,C=1,K=4,R=2",-inf,-inf,0,K|K,1
C,91,R,2,K,6,C,1,Y,12,S,3,X,1,Y,3,C,1,S,1,Y,7,R,2,K,4,X,1,"L1:[sp=C,91] R=2,K=6,C=1,Y=12,S=3,X=1 || L2:[sp=Y,3] C=1,S=1,Y=7,R=2,K=4,X=1",-inf,-inf,0,C|Y,1
K,91,X,1,R,2,Y,105,C,1,S,2,K,6,Y,1,Y,11,S,1,C,1,R,2,K,4,X,1,"L1:[sp=K,91] X=1,R=2,Y=105,C=1,S=2,K=6 || L2:[sp=Y,1] Y=11,S=1,C=1,R=2,K=4,X=1",-inf,-inf,0,K|Y,1
Y,91,X,1,R,2,Y,105,C,1,S,2,K,51,C,1,Y,63,K,39,C,1,R,2,S,1,X,1,"L1:[sp=Y,91] X=1,R=2,Y=105,C=1,S=2,K=51 || L2:[sp=C,1] Y=63,K=39,C=1,R=2,S=1,X=1",-inf,-inf,0,Y|C,1
K,91,X,1,R,2,Y,105,C,1,S,2,K,6,Y,1,Y,11,S,1,R,2,C,1,K,4,X,1,"L1:[sp=K,91] X=1,R=2,Y=105,C=1,S=2,K=6 || L2:[sp=Y,1] Y=11,S=1,R=2,C=1,K=4,X=1",-inf,-inf,0,K|Y,1
K,91,X,1,R,2,Y,105,C,1,S,2,K,6,Y,1,Y,11,S,1,C,1,R,2,K,4,X,1,"L1:[sp=K,91] X=1,R=2,Y=105,C=1,S=2,K=6 || L2:[sp=Y,1] Y=11,S=1,C=1,R=2,K=4,X=1",-inf,-inf,0,K|Y,1
K,91,X,1,K,38,Y,105,C,1,S,2,R,2,K,1,C,1,S,1,Y,46,X,1,K,4,R,2,"L1:[sp=K,91] X=1,K=38,Y=105,C=1,S=2,R=2 || L2:[sp=K,1] C=1,S=1,Y=46,X=1,K=4,R=2",-inf,-inf,0,K|K,1
C,91,X,1,K,63,Y,50,C,1,S,3,R,2,K,1,Y,11,S,1,K,23,X,1,C,1,R,2,"L1:[sp=C,91] X=1,K=63,Y=50,C=1,S=3,R=2 || L2:[sp=K,1] Y=11,S=1,K=23,X=1,C=1,R=2",-inf,-inf,0,C|K,1
Y,91,X,1,R,2,Y,105,C,1,S,2,K,51,C,1,Y,13,S,1,C,1,R,2,K,4,X,1,"L1:[sp=Y,91] X=1,R=2,Y=105,C=1,S=2,K=51 || L2:[sp=C,1] Y=13,S=1,C=1,R=2,K=4,X=1",-inf,-inf,0,Y|C,1
K,91,X,95,R,2,Y,105,C,1,S,2,K,6,Y,1,Y,11,S,1,C,1,R,2,K,4,X,1,"L1:[sp=K,91] X=95,R=2,Y=105,C=1,S=2,K=6 || L2:[sp=Y,1] Y=11,S=1,C=1,R=2,K=4,X=1",-inf,-inf,0,K|Y,1
C,91,X,1,K,63,Y,50,C,1,S,3,R,2,K,1,Y,11,S,1,C,1,X,1,K,4,R,2,"L1:[sp=C,91] X=1,K=63,Y=50,C=1,S=3,R=2 || L2:[sp=K,1] Y=11,S=1,C=1,X=1,K=4,R=2",-inf,-inf,0,C|K,1
C,91,K,63,X,1,Y,50,C,1,S,3,R,2,K,1,Y,11,S,1,K,6,X,1,C,1,R,2,"L1:[sp=C,91] K=63,X=1,Y=50,C=1,S=3,R=2 || L2:[sp=K,1] Y=11,S=1,K=6,X=1,C=1,R=2",-inf,-inf,0,C|K,1
Y,91,X,1,R,2,Y,105,C,1,S,2,K,51,C,1,Y,13,S,1,C,1,R,2,K,43,X,1,"L1:[sp=Y,91] X=1,R=2,Y=105,C=1,S=2,K=51 || L2:[sp=C,1] Y=13,S=1,C=1,R=2,K=43,X=1",-inf,-inf,0,Y|C,1
K,91,X,44,K,38,Y,105,C,1,S,2,R,2,K,1,C,1,S,1,Y,11,X,23,K,4,R,2,"L1:[sp=K,91] X=44,K=38,Y=105,C=1,S=2,R=2 || L2:[sp=K,1] C=1,S=1,Y=11,X=23,K=4,R=2",-inf,-inf,0,K|K,1
K,146,R,1,Y,1,X,1,C,1,K,1,S,1,Y,16,X,1,R,1,S,1,Y,1,C,1,K,1,"L1:[sp=K,146] R=1,Y=1,X=1,C=1,K=1,S=1 || L2:[sp=Y,16] X=1,R=1,S=1,Y=1,C=1,K=1",-18966529.0,-163323000.0,1,K|Y,1
X,78,S,1,C,1,Y,1,R,1,X,1,K,1,K,1,S,1,R,1,C,1,X,1,K,1,Y,1,"L1:[sp=X,78] S=1,C=1,Y=1,R=1,X=1,K=1 || L2:[sp=K,1] S=1,R=1,C=1,X=1,K=1,Y=1",-1548289.0,-163323000.0,1,X|K,1
K,13,R,1,S,2,Y,175,K,27,X,144,C,2,Y,112,C,1,Y,1,K,1,S,1,X,1,R,1,"L1:[sp=K,13] R=1,S=2,Y=175,K=27,X=144,C=2 || L2:[sp=Y,112] C=1,Y=1,K=1,S=1,X=1,R=1",-inf,-inf,0,K|Y,1
X,138,R,2,Y,221,C,2,X,152,K,50,S,3,C,2,Y,1,S,1,K,1,C,1,X,1,R,1,"L1:[sp=X,138] R=2,Y=221,C=2,X=152,K=50,S=3 || L2:[sp=C,2] Y=1,S=1,K=1,C=1,X=1,R=1",-inf,-inf,0,X|C,1
K,37,S,1,X,71,C,1,Y,173,K,53,R,1,K,20,Y,1,S,1,X,1,K,1,C,1,R,1,"L1:[sp=K,37] S=1,X=71,C=1,Y=173,K=53,R=1 || L2:[sp=K,20] Y=1,S=1,X=1,K=1,C=1,R=1",-inf,-inf,0,K|K,1
K,147,K,38,R,2,X,32,C,1,Y,60,S,2,C,1,C,1,K,1,S,1,Y,1,R,1,X,1,"L1:[sp=K,147] K=38,R=2,X=32,C=1,Y=60,S=2 || L2:[sp=C,1] C=1,K=1,S=1,Y=1,R=1,X=1",-inf,-inf,0,K|C,1
X,18,K,36,R,1,C,1,Y,8,S,3,X,20,C,1,K,1,S,1,C,1,R,1,Y,1,X,1,"L1:[sp=X,18] K=36,R=1,C=1,Y=8,S=3,X=20 || L2:[sp=C,1] K=1,S=1,C=1,R=1,Y=1,X=1",-inf,-inf,0,X|C,1
Y,71,S,3,R,2,Y,102,K,40,X,81,C,3,K,18,Y,1,R,1,K,1,S,1,C,1,X,1,"L1:[sp=Y,71] S=3,R=2,Y=102,K=40,X=81,C=3 || L2:[sp=K,18] Y=1,R=1,K=1,S=1,C=1,X=1",-inf,-inf,0,Y|K,1
Y,149,X,214,S,2,K,49,C,3,R,2,Y,41,K,43,R,1,C,1,K,1,S,1,Y,1,X,1,"L1:[sp=Y,149] X=214,S=2,K=49,C=3,R=2,Y=41 || L2:[sp=K,43] R=1,C=1,K=1,S=1,Y=1,X=1",-inf,-inf,0,Y|K,1
Y,154,K,62,R,1,Y,102,C,3,X,43,S,3,X,32,Y,1,S,1,C,1,K,1,X,1,R,1,"L1:[sp=Y,154] K=62,R=1,Y=102,C=3,X=43,S=3 || L2:[sp=X,32] Y=1,S=1,C=1,K=1,X=1,R=1",-inf,-inf,0,Y|X,1
K,111,C,3,X,141,S,3,R,3,Y,118,K,38,K,22,S,1,Y,1,C,1,X,1,R,1,K,1,"L1:[sp=K,111] C=3,X=141,S=3,R=3,Y=118,K=38 || L2:[sp=K,22] S=1,Y=1,C=1,X=1,R=1,K=1",-inf,-inf,0,K|K,1
Y,165,K,48,S,2,C,3,R,2,Y,7,X,79,K,38,C,1,S,1,X,1,Y,1,R,1,K,1,"L1:[sp=Y,165] K=48,S=2,C=3,R=2,Y=7,X=79 || L2:[sp=K,38] C=1,S=1,X=1,Y=1,R=1,K=1",-inf,-inf,0,Y|K,1
C,114,X,219,R,2,C,3,S,2,Y,80,K,9,Y,67,X,1,K,1,R,1,S,1,Y,1,C,1,"L1:[sp=C,114] X=219,R=2,C=3,S=2,Y=80,K=9 || L2:[sp=Y,67] X=1,K=1,R=1,S=1,Y=1,C=1",-inf,-inf,0,C|Y,1
C,133,K,37,S,1,R,3,X,211,Y,220,C,1,C,1,R,1,S,1,C,1,K,1,X,1,Y,1,"L1:[sp=C,133] K=37,S=1,R=3,X=211,Y=220,C=1 || L2:[sp=C,1] R=1,S=1,C=1,K=1,X=1,Y=1",-inf,-inf,0,C|C,1
C,102,C,2,X,108,R,1,S,2,K,26,Y,175,X,49,C,1,S,1,K,1,Y,1,R,1,X,1,"L1:[sp=C,102] C=2,X=108,R=1,S=2,K=26,Y=175 || L2:[sp=X,49] C=1,S=1,K=1,Y=1,R=1,X=1",-inf,-inf,0,C|X,1
K,144,R,2,K,1,S,3,Y,18,C,3,X,155,K,1,S,1,Y,1,C,1,R,1,K,1,X,1,"L1:[sp=K,144] R=2,K=1,S=3,Y=18,C=3,X=155 || L2:[sp=K,1] S=1,Y=1,C=1,R=1,K=1,X=1",-inf,-inf,0,K|K,1
K,155,S,1,K,58,C,2,R,2,X,52,Y,133,X,26,S,1,Y,1,X,1,R,1,K,1,C,1,"L1:[sp=K,155] S=1,K=58,C=2,R=2,X=52,Y=133 || L2:[sp=X,26] S=1,Y=1,X=1,R=1,K=1,C=1",-inf,-inf,0,K|X,1
X,132,R,3,Y,199,S,3,X,191,K,51,C,1,Y,9,R,1,X,1,K,1,C,1,Y,1,S,1,"L1:[sp=X,132] R=3,Y=199,S=3,X=191,K=51,C=1 || L2:[sp=Y,9] R=1,X=1,K=1,C=1,Y=1,S=1",-inf,-inf,0,X|Y,1
C,141,Y,199,S,3,X,105,R,3,K,5,C,2,X,59,S,1,R,1,Y,1,K,1,C,1,X,1,"L1:[sp=C,141] Y=199,S=3,X=105,R=3,K=5,C=2 || L2:[sp=X,59] S=1,R=1,Y=1,K=1,C=1,X=1",-inf,-inf,0,C|X,1
C,70,Y,199,X,26,S,2,C,2,K,18,R,1,K,13,S,1,K,1,R,1,X,1,Y,1,C,1,"L1:[sp=C,70] Y=199,X=26,S=2,C=2,K=18,R=1 || L2:[sp=K,13] S=1,K=1,R=1,X=1,Y=1,C=1",-inf,-inf,0,C|K,1
X,78,S,1,C,1,Y,1,R,1,X,1,K,1,K,1,S,1,R,1,C,1,X,1,K,1,Y,1,"L1:[sp=X,78] S=1,C=1,Y=1,R=1,X=1,K=1 || L2:[sp=K,1] S=1,R=1,C=1,X=1,K=1,Y=1",-inf,-inf,0,X|K,1
Y,78,S,2,C,1,Y,1,R,1,X,1,K,1,K,1,S,1,R,1,C,1,Y,1,K,1,X,1,"L1:[sp=Y,78] S=2,C=1,Y=1,R=1,X=1,K=1 || L2:[sp=K,1] S=1,R=1,C=1,Y=1,K=1,X=1",-2055169.0,-163323000.0,1,Y|K,1
K,146,R,1,Y,1,X,15,C,1,K,1,S,1,Y,16,X,1,R,1,S,1,Y,1,C,1,K,1,"L1:[sp=K,146] R=1,Y=1,X=15,C=1,K=1,S=1 || L2:[sp=Y,16] X=1,R=1,S=1,Y=1,C=1,K=1",-inf,-inf,0,K|Y,1
K,146,Y,1,R,1,X,1,C,2,K,1,S,2,Y,16,X,1,R,1,C,1,Y,1,S,1,K,1,"L1:[sp=K,146] Y=1,R=1,X=1,C=2,K=1,S=2 || L2:[sp=Y,16] X=1,R=1,C=1,Y=1,S=1,K=1",-inf,-inf,0,K|Y,1
X,78,S,1,C,1,Y,1,R,1,X,1,K,1,K,1,X,1,R,1,C,1,S,1,K,1,Y,1,"L1:[sp=X,78] S=1,C=1,Y=1,R=1,X=1,K=1 || L2:[sp=K,1] X=1,R=1,C=1,S=1,K=1,Y=1",-inf,-inf,0,X|K,1
K,146,C,1,Y,1,X,1,R,1,K,1,S,1,Y,16,X,1,R,1,S,1,Y,1,C,1,K,1,"L1:[sp=K,146] C=1,Y=1,X=1,R=1,K=1,S=1 || L2:[sp=Y,16] X=1,R=1,S=1,Y=1,C=1,K=1",-18966529.0,-163323000.0,1,K|Y,1
K,78,S,2,C,2,Y,1,R,1,X,1,K,1,X,1,S,1,R,1,C,1,X,1,K,1,Y,1,"L1:[sp=K,78] S=2,C=2,Y=1,R=1,X=1,K=1 || L2:[sp=X,1] S=1,R=1,C=1,X=1,K=1,Y=1",-3296833.0,-163323000.0,1,K|X,1
K,146,R,1,Y,1,X,1,C,1,K,1,S,1,Y,16,X,1,R,1,S,1,Y,1,C,1,K,1,"L1:[sp=K,146] R=1,Y=1,X=1,C=1,K=1,S=1 || L2:[sp=Y,16] X=1,R=1,S=1,Y=1,C=1,K=1",-inf,-inf,0,K|Y,1
X,78,S,1,C,1,Y,1,R,1,X,91,K,1,K,1,C,1,R,1,S,1,X,13,K,1,Y,1,"L1:[sp=X,78] S=1,C=1,Y=1,R=1,X=91,K=1 || L2:[sp=K,1] C=1,R=1,S=1,X=13,K=1,Y=1",-inf,-inf,0,X|K,1
K,146,R,1,Y,1,X,1,C,3,K,1,S,1,Y,16,X,1,C,1,S,1,Y,1,R,1,K,1,"L1:[sp=K,146] R=1,Y=1,X=1,C=3,K=1,S=1 || L2:[sp=Y,16] X=1,C=1,S=1,Y=1,R=1,K=1",-inf,-inf,0,K|Y,1
X,78,S,1,C,1,R,1,Y,3,X,1,K,1,K,1,S,1,R,1,C,1,X,1,K,1,Y,1,"L1:[sp=X,78] S=1,C=1,R=1,Y=3,X=1,K=1 || L2:[sp=K,1] S=1,R=1,C=1,X=1,K=1,Y=1",-1033345.0,-163323000.0,1,X|K,1
X,78,S,1,C,1,Y,1,R,1,X,1,K,1,K,1,S,1,R,1,C,1,X,1,K,1,Y,1,"L1:[sp=X,78] S=1,C=1,Y=1,R=1,X=1,K=1 || L2:[sp=K,1] S=1,R=1,C=1,X=1,K=1,Y=1",-inf,-inf,0,X|K,1
K,146,R,1,Y,1,X,1,C,1,K,1,S,1,X,1,X,1,R,1,S,1,Y,1,C,1,K,1,"L1:[sp=K,146] R=1,Y=1,X=1,C=1,K=1,S=1 || L2:[sp=X,1] X=1,R=1,S=1,Y=1,C=1,K=1",-inf,-inf,0,K|X,1
K,146,R,1,Y,1,X,183,C,1,K,1,S,1,Y,16,X,1,R,1,S,1,Y,1,C,1,K,1,"L1:[sp=K,146] R=1,Y=1,X=183,C=1,K=1,S=1 || L2:[sp=Y,16] X=1,R=1,S=1,Y=1,C=1,K=1",-inf,-inf,0,K|Y,1
K,78,S,1,C,1,Y,1,R,1,X,1,K,1,K,1,S,1,R,1,C,1,X,1,K,1,Y,1,"L1:[sp=K,78] S=1,C=1,Y=1,R=1,X=1,K=1 || L2:[sp=K,1] S=1,R=1,C=1,X=1,K=1,Y=1",-2709505.0,-163323000.0,1,K|K,1
K,146,R,1,Y,1,X,1,C,1,K,35,S,1,Y,16,X,1,R,1,S,1,Y,1,C,1,K,1,"L1:[sp=K,146] R=1,Y=1,X=1,C=1,K=35,S=1 || L2:[sp=Y,16] X=1,R=1,S=1,Y=1,C=1,K=1",-inf,-inf,0,K|Y,1
X,78,S,1,C,2,Y,1,R,1,X,1,K,53,K,1,S,1,R,1,C,1,X,1,K,1,Y,1,"L1:[sp=X,78] S=1,C=2,Y=1,R=1,X=1,K=53 || L2:[sp=K,1] S=1,R=1,C=1,X=1,K=1,Y=1",-inf,-inf,0,X|K,1
X,78,S,1,C,1,Y,1,R,1,X,90,K,1,K,1,S,1,R,1,C,1,X,1,K,1,Y,1,"L1:[sp=X,78] S=1,C=1,Y=1,R=1,X=90,K=1 || L2:[sp=K,1] S=1,R=1,C=1,X=1,K=1,Y=1",-inf,-inf,0,X|K,1
K,146,R,1,Y,1,X,1,C,1,K,1,S,1,Y,16,R,1,X,1,S,1,Y,1,C,1,K,1,"L1:[sp=K,146] R=1,Y=1,X=1,C=1,K=1,S=1 || L2:[sp=Y,16] R=1,X=1,S=1,Y=1,C=1,K=1",-inf,-inf,0,K|Y,1
K,146,R,1,Y,1,X,1,C,1,K,16,S,1,K,16,X,1,R,1,S,1,Y,1,C,1,K,1,"L1:[sp=K,146] R=1,Y=1,X=1,C=1,K=16,S=1 || L2:[sp=K,16] X=1,R=1,S=1,Y=1,C=1,K=1",-inf,-inf,0,K|K,1
X,78,S,1,C,1,Y,1,R,1,X,1,K,29,K,1,S,1,R,1,C,1,X,1,K,1,Y,1,"L1:[sp=X,78] S=1,C=1,Y=1,R=1,X=1,K=29 || L2:[sp=K,1] S=1,R=1,C=1,X=1,K=1,Y=1",-inf,-inf,0,X|K,1
X,78,S,1,C,1,R,1,Y,3,X,1,K,1,K,1,S,1,R,1,C,1,X,1,K,1,Y,1,"L1:[sp=X,78] S=1,C=1,R=1,Y=3,X=1,K=1 || L2:[sp=K,1] S=1,R=1,C=1,X=1,K=1,Y=1",-inf,-inf,0,X|K,1
X,78,S,1,C,1,R,1,Y,3,X,1,K,1,K,1,S,1,R,1,C,1,X,1,K,1,Y,1,"L1:[sp=X,78] S=1,C=1,R=1,Y=3,X=1,K=1 || L2:[sp=K,1] S=1,R=1,C=1,X=1,K=1,Y=1",-inf,-inf,0,X|K,1
K,78,S,1,C,1,Y,1,R,1,X,1,K,1,K,1,S,1,R,1,C,1,X,1,K,1,Y,1,"L1:[sp=K,78] S=1,C=1,Y=1,R=1,X=1,K=1 || L2:[sp=K,1] S=1,R=1,C=1,X=1,K=1,Y=1",-inf,-inf,0,K|K,1
K,146,C,1,Y,1,X,1,R,1,K,1,S,2,Y,16,Y,1,R,1,S,1,K,1,C,1,X,1,"L1:[sp=K,146] C=1,Y=1,X=1,R=1,K=1,S=2 || L2:[sp=Y,16] Y=1,R=1,S=1,K=1,C=1,X=1",-inf,-inf,0,K|Y,1
K,78,S,1,C,1,Y,1,R,1,X,1,K,42,Y,1,S,1,R,1,C,1,Y,1,K,1,X,1,"L1:[sp=K,78] S=1,C=1,Y=1,R=1,X=1,K=42 || L2:[sp=Y,1] S=1,R=1,C=1,Y=1,K=1,X=1",-inf,-inf,0,K|Y,1
C,78,S,1,C,1,Y,1,R,1,X,87,K,1,K,1,S,1,R,1,C,1,X,73,K,1,Y,1,"L1:[sp=C,78] S=1,C=1,Y=1,R=1,X=87,K=1 || L2:[sp=K,1] S=1,R=1,C=1,X=73,K=1,Y=1",-inf,-inf,0,C|K,1
K,146,C,1,Y,145,X,1,R,2,K,1,S,1,Y,16,X,1,R,1,S,1,Y,1,C,1,K,1,"L1:[sp=K,146] C=1,Y=145,X=1,R=2,K=1,S=1 || L2:[sp=Y,16] X=1,R=1,S=1,Y=1,C=1,K=1",-inf,-inf,0,K|Y,1
K,78,S,2,C,2,Y,1,R,1,X,1,K,1,X,1,S,1,R,1,C,1,X,1,K,1,Y,1,"L1:[sp=K,78] S=2,C=2,Y=1,R=1,X=1,K=1 || L2:[sp=X,1] S=1,R=1,C=1,X=1,K=1,Y=1",-3296833.0,-163323000.0,1,K|X,1
K,78,S,1,C,1,Y,187,R,1,X,1,K,1,K,1,S,1,R,1,C,1,X,1,K,1,Y,1,"L1:[sp=K,78] S=1,C=1,Y=187,R=1,X=1,K=1 || L2:[sp=K,1] S=1,R=1,C=1,X=1,K=1,Y=1",-inf,-inf,0,K|K,1
X,78,S,1,C,1,R,1,Y,3,X,114,K,1,K,1,S,1,R,1,C,1,X,19,K,1,Y,1,"L1:[sp=X,78] S=1,C=1,R=1,Y=3,X=114,K=1 || L2:[sp=K,1] S=1,R=1,C=1,X=19,K=1,Y=1",-inf,-inf,0,X|K,1
X,146,C,1,Y,1,X,1,R,1,K,1,S,1,Y,16,X,1,R,1,S,1,Y,1,C,1,K,1,"L1:[sp=X,146] C=1,Y=1,X=1,R=1,K=1,S=1 || L2:[sp=Y,16] X=1,R=1,S=1,Y=1,C=1,K=1",-inf,-inf,0,X|Y,1
K,78,S,3,C,1,Y,1,R,1,X,1,K,1,K,1,S,1,R,1,C,1,Y,1,K,1,X,1,"L1:[sp=K,78] S=3,C=1,Y=1,R=1,X=1,K=1 || L2:[sp=K,1] S=1,R=1,C=1,Y=1,K=1,X=1",-inf,-inf,0,K|K,1
X,146,C,1,Y,1,X,1,R,1,K,1,S,1,K,1,X,1,R,1,S,1,Y,1,C,1,K,1,"L1:[sp=X,146] C=1,Y=1,X=1,R=1,K=1,S=1 || L2:[sp=K,1] X=1,R=1,S=1,Y=1,C=1,K=1",-inf,-inf,0,X|K,1
K,78,S,1,C,1,Y,1,R,1,X,1,K,62,K,1,S,1,Y,1,C,1,X,1,K,1,R,1,"L1:[sp=K,78] S=1,C=1,Y=1,R=1,X=1,K=62 || L2:[sp=K,1] S=1,Y=1,C=1,X=1,K=1,R=1",-inf,-inf,0,K|K,1
K,78,S,2,C,2,Y,1,R,1,X,24,K,1,X,1,S,1,R,1,C,1,X,1,K,1,Y,1,"L1:[sp=K,78] S=2,C=2,Y=1,R=1,X=24,K=1 || L2:[sp=X,1] S=1,R=1,C=1,X=1,K=1,Y=1",-inf,-inf,0,K|X,1
K,78,S,1,C,1,Y,1,R,1,X,1,K,1,K,1,S,1,R,1,C,1,X,1,K,1,Y,1,"L1:[sp=K,78] S=1,C=1,Y=1,R=1,X=1,K=1 || L2:[sp=K,1] S=1,R=1,C=1,X=1,K=1,Y=1",-inf,-inf,0,K|K,1
K,146,C,1,S,1,X,1,R,1,K,1,Y,1,Y,16,X,1,R,1,S,1,Y,1,C,1,K,1,"L1:[sp=K,146] C=1,S=1,X=1,R=1,K=1,Y=1 || L2:[sp=Y,16] X=1,R=1,S=1,Y=1,C=1,K=1",-18966529.0,-163323000.0,1,K|Y,1
K,78,S,2,C,1,Y,1,R,1,X,1,K,1,K,1,S,1,C,1,R,1,X,1,K,1,Y,1,"L1:[sp=K,78] S=2,C=1,Y=1,R=1,X=1,K=1 || L2:[sp=K,1] S=1,C=1,R=1,X=1,K=1,Y=1",-inf,-inf,0,K|K,1
X,78,S,1,C,2,Y,1,R,1,X,1,K,1,K,1,S,1,R,1,C,2,X,1,K,1,Y,1,"L1:[sp=X,78] S=1,C=2,Y=1,R=1,X=1,K=1 || L2:[sp=K,1] S=1,R=1,C=2,X=1,K=1,Y=1",-inf,-inf,0,X|K,1
K,78,S,2,C,2,Y,1,R,1,X,1,K,1,K,1,S,1,R,1,C,1,X,1,K,1,Y,1,"L1:[sp=K,78] S=2,C=2,Y=1,R=1,X=1,K=1 || L2:[sp=K,1] S=1,R=1,C=1,X=1,K=1,Y=1",-inf,-inf,0,K|K,1
K,78,S,1,C,1,Y,1,R,1,X,1,K,9,K,1,S,1,R,1,C,1,X,1,K,1,Y,1,"L1:[sp=K,78] S=1,C=1,Y=1,R=1,X=1,K=9 || L2:[sp=K,1] S=1,R=1,C=1,X=1,K=1,Y=1",-13547521.0,-163323000.0,1,K|K,1
K,78,S,2,C,2,Y,1,R,1,X,1,K,1,X,1,S,1,R,1,C,1,X,1,K,1,Y,1,"L1:[sp=K,78] S=2,C=2,Y=1,R=1,X=1,K=1 || L2:[sp=X,1] S=1,R=1,C=1,X=1,K=1,Y=1",-inf,-inf,0,K|X,1
K,78,S,3,C,2,Y,1,R,1,X,1,K,1,X,1,S,1,R,1,C,1,X,1,K,1,Y,1,"L1:[sp=K,78] S=3,C=2,Y=1,R=1,X=1,K=1 || L2:[sp=X,1] S=1,R=1,C=1,X=1,K=1,Y=1",-inf,-inf,0,K|X,1
K,78,S,2,C,1,Y,1,R,1,X,1,K,9,K,1,S,1,R,1,C,1,X,1,K,1,Y,1,"L1:[sp=K,78] S=2,C=1,Y=1,R=1,X=1,K=9 || L2:[sp=K,1] S=1,R=1,C=1,X=1,K=1,Y=1",-inf,-inf,0,K|K,1
K,78,S,2,C,2,Y,48,R,1,X,1,K,1,X,1,S,1,R,1,C,1,X,1,K,1,Y,1,"L1:[sp=K,78] S=2,C=2,Y=48,R=1,X=1,K=1 || L2:[sp=X,1] S=1,R=1,C=1,X=1,K=1,Y=1",-inf,-inf,0,K|X,1
K,78,S,1,C,1,R,1,Y,1,X,1,K,9,K,1,S,1,R,1,K,1,X,1,C,1,Y,1,"L1:[sp=K,78] S=1,C=1,R=1,Y=1,X=1,K=9 || L2:[sp=K,1] S=1,R=1,K=1,X=1,C=1,Y=1",-13547521.0,-163323000.0,1,K|K,1
K,78,S,1,C,2,Y,1,R,1,X,1,K,1,X,1,S,1,R,1,C,1,X,1,K,1,Y,1,"L1:[sp=K,78] S=1,C=2,Y=1,R=1,X=1,K=1 || L2:[sp=X,1] S=1,R=1,C=1,X=1,K=1,Y=1",-inf,-inf,0,K|X,1
K,78,S,2,C,1,Y,1,R,1,X,1,K,9,K,1,S,1,R,1,C,1,X,1,K,1,Y,1,"L1:[sp=K,78] S=2,C=1,Y=1,R=1,X=1,K=9 || L2:[sp=K,1] S=1,R=1,C=1,X=1,K=1,Y=1",-inf,-inf,0,K|K,1
K,78,S,2,Y,1,R,3,C,1,X,127,K,9,Y,1,S,1,R,1,C,1,X,1,K,1,Y,1,"L1:[sp=K,78] S=2,Y=1,R=3,C=1,X=127,K=9 || L2:[sp=Y,1] S=1,R=1,C=1,X=1,K=1,Y=1",-36416215.0,-163323000.0,1,K|Y,1
K,78,S,3,C,2,Y,1,R,1,X,1,K,1,X,1,S,1,R,1,C,1,X,1,K,1,Y,1,"L1:[sp=K,78] S=3,C=2,Y=1,R=1,X=1,K=1 || L2:[sp=X,1] S=1,R=1,C=1,X=1,K=1,Y=1",-inf,-inf,0,K|X,1
K,146,C,1,S,3,X,1,R,1,K,1,Y,1,Y,16,X,1,R,1,S,1,Y,1,C,1,K,1,"L1:[sp=K,146] C=1,S=3,X=1,R=1,K=1,Y=1 || L2:[sp=Y,16] X=1,R=1,S=1,Y=1,C=1,K=1",-inf,-inf,0,K|Y,1
K,78,S,1,C,1,Y,1,R,1,X,1,K,9,K,1,S,1,R,1,C,1,X,1,K,1,Y,1,"L1:[sp=K,78] S=1,C=1,Y=1,R=1,X=1,K=9 || L2:[sp=K,1] S=1,R=1,C=1,X=1,K=1,Y=1",-inf,-inf,0,K|K,1
K,78,S,1,C,2,Y,1,R,2,X,1,K,1,X,1,S,1,R,1,C,1,X,1,K,1,Y,1,"L1:[sp=K,78] S=1,C=2,Y=1,R=2,X=1,K=1 || L2:[sp=X,1] S=1,R=1,C=1,X=1,K=1,Y=1",-inf,-inf,0,K|X,1
K,78,S,2,C,1,Y,1,R,2,X,1,K,35,K,1,S,1,R,1,C,1,X,1,K,1,Y,1,"L1:[sp=K,78] S=2,C=1,Y=1,R=2,X=1,K=35 || L2:[sp=K,1] S=1,R=1,C=1,X=1,K=1,Y=1",-inf,-inf,0,K|K,1
K,78,S,2,C,1,Y,1,R,1,X,1,K,7,K,1,S,1,R,1,C,1,X,1,K,1,Y,1,"L1:[sp=K,78] S=2,C=1,Y=1,R=1,X=1,K=7 || L2:[sp=K,1] S=1,R=1,C=1,X=1,K=1,Y=1",-inf,-inf,0,K|K,1
K,78,S,1,C,2,Y,1,R,1,X,1,K,1,X,1,S,1,R,1,Y,1,X,1,K,1,C,1,"L1:[sp=K,78] S=1,C=2,Y=1,R=1,X=1,K=1 || L2:[sp=X,1] S=1,R=1,Y=1,X=1,K=1,C=1",-inf,-inf,0,K|X,1
K,78,S,2,C,2,Y,1,R,1,X,1,K,16,X,1,S,1,R,1,C,1,X,1,K,1,Y,1,"L1:[sp=K,78] S=2,C=2,Y=1,R=1,X=1,K=16 || L2:[sp=X,1] S=1,R=1,C=1,X=1,K=1,Y=1",-inf,-inf,0,K|X,1
K,78,S,3,K,9,Y,1,R,1,X,1,C,3,K,1,S,1,R,1,C,1,X,1,K,1,Y,1,"L1:[sp=K,78] S=3,K=9,Y=1,R=1,X=1,C=3 || L2:[sp=K,1] S=1,R=1,C=1,X=1,K=1,Y=1",-36400897.0,-163323000.0,1,K|K,1
K,78,S,2,C,1,Y,1,R,1,X,1,K,9,K,1,S,1,R,1,C,1,X,1,K,1,Y,1,"L1:[sp=K,78] S=2,C=1,Y=1,R=1,X=1,K=9 || L2:[sp=K,1] S=1,R=1,C=1,X=1,K=1,Y=1",-inf,-inf,0,K|K,1
K,78,S,1,C,2,Y,1,R,1,X,1,K,1,X,1,S,1,R,1,Y,1,X,1,K,1,C,1,"L1:[sp=K,78] S=1,C=2,Y=1,R=1,X=1,K=1 || L2:[sp=X,1] S=1,R=1,Y=1,X=1,K=1,C=1",-inf,-inf,0,K|X,1
K,78,S,1,C,2,Y,1,R,1,K,1,X,1,X,1,S,1,R,1,C,1,X,1,K,1,Y,1,"L1:[sp=K,78] S=1,C=2,Y=1,R=1,K=1,X=1 || L2:[sp=X,1] S=1,R=1,C=1,X=1,K=1,Y=1",-2257921.0,-163323000.0,1,K|X,1
K,78,S,1,C,2,Y,1,R,1,K,1,X,1,X,1,S,1,R,1,C,1,X,1,K,1,Y,1,"L1:[sp=K,78] S=1,C=2,Y=1,R=1,K=1,X=1 || L2:[sp=X,1] S=1,R=1,C=1,X=1,K=1,Y=1",-inf,-inf,0,K|X,1
K,78,S,2,C,1,Y,1,R,3,K,1,X,127,K,1,S,1,R,1,C,1,X,1,K,1,Y,1,"L1:[sp=K,78] S=2,C=1,Y=1,R=3,K=1,X=127 || L2:[sp=K,1] S=1,R=1,C=1,X=1,K=1,Y=1",-inf,-inf,0,K|K,1
K,78,S,3,Y,1,R,1,K,9,X,1,C,2,Y,1,S,1,R,1,C,1,Y,1,K,1,X,1,"L1:[sp=K,78] S=3,Y=1,R=1,K=9,X=1,C=2 || L2:[sp=Y,1] S=1,R=1,C=1,Y=1,K=1,X=1",-36550081.0,-163323000.0,1,K|Y,1
K,78,S,1,C,2,Y,1,R,1,K,1,X,1,X,1,S,1,R,1,C,1,X,1,K,1,Y,1,"L1:[sp=K,78] S=1,C=2,Y=1,R=1,K=1,X=1 || L2:[sp=X,1] S=1,R=1,C=1,X=1,K=1,Y=1",-inf,-inf,0,K|X,1
K,78,S,1,C,3,R,1,Y,1,X,1,K,9,K,1,S,1,R,1,K,1,X,1,C,1,Y,1,"L1:[sp=K,78] S=1,C=3,R=1,Y=1,X=1,K=9 || L2:[sp=K,1] S=1,R=1,K=1,X=1,C=1,Y=1",-12644353.0,-163323000.0,1,K|K,1
Y,78,X,1,K,9,Y,1,R,1,S,3,C,3,K,1,S,1,R,1,C,1,X,1,K,1,Y,1,"L1:[sp=Y,78] X=1,K=9,Y=1,R=1,S=3,C=3 || L2:[sp=K,1] S=1,R=1,C=1,X=1,K=1,Y=1",-2312353.0,-163323000.0,1,Y|K,1
K,78,S,1,C,1,R,1,Y,1,X,1,K,9,K,1,S,1,R,1,K,1,X,1,C,1,Y,1,"L1:[sp=K,78] S=1,C=1,R=1,Y=1,X=1,K=9 || L2:[sp=K,1] S=1,R=1,K=1,X=1,C=1,Y=1",-inf,-inf,0,K|K,1
K,78,S,1,C,1,R,1,Y,1,X,1,K,9,K,1,S,1,R,1,K,1,X,1,C,1,Y,1,"L1:[sp=K,78] S=1,C=1,R=1,Y=1,X=1,K=9 || L2:[sp=K,1] S=1,R=1,K=1,X=1,C=1,Y=1",-13547521.0,-163323000.0,1,K|K,1
K,78,S,3,K,9,Y,1,R,1,X,1,C,3,K,1,S,1,R,1,C,1,X,1,K,1,Y,1,"L1:[sp=K,78] S=3,K=9,Y=1,R=1,X=1,C=3 || L2:[sp=K,1] S=1,R=1,C=1,X=1,K=1,Y=1",-inf,-inf,0,K|K,1
K,78,S,2,K,9,Y,1,R,1,X,1,C,3,C,3,S,1,K,1,C,1,X,1,R,1,Y,1,"L1:[sp=K,78] S=2,K=9,Y=1,R=1,X=1,C=3 || L2:[sp=C,3] S=1,K=1,C=1,X=1,R=1,Y=1",-inf,-inf,0,K|C,1
K,78,S,3,C,1,R,1,Y,1,X,1,K,9,K,1,S,1,R,1,K,1,X,1,C,1,Y,1,"L1:[sp=K,78] S=3,C=1,R=1,Y=1,X=1,K=9 || L2:[sp=K,1] S=1,R=1,K=1,X=1,C=1,Y=1",-inf,-inf,0,K|K,1
K,78,S,3,K,9,Y,1,R,1,X,1,C,3,K,1,S,1,R,1,C,1,X,1,K,1,Y,1,"L1:[sp=K,78] S=3,K=9,Y=1,R=1,X=1,C=3 || L2:[sp=K,1] S=1,R=1,C=1,X=1,K=1,Y=1",-inf,-inf,0,K|K,1
K,78,S,2,Y,1,R,3,C,1,X,127,K,9,Y,1,S,2,R,1,C,1,X,1,K,1,Y,1,"L1:[sp=K,78] S=2,Y=1,R=3,C=1,X=127,K=9 || L2:[sp=Y,1] S=2,R=1,C=1,X=1,K=1,Y=1",-inf,-inf,0,K|Y,1
K,78,S,1,C,2,Y,1,R,2,K,1,X,1,X,1,S,1,R,1,C,1,X,1,K,1,Y,1,"L1:[sp=K,78] S=1,C=2,Y=1,R=2,K=1,X=1 || L2:[sp=X,1] S=1,R=1,C=1,X=1,K=1,Y=1",-inf,-inf,0,K|X,1
K,78,S,3,K,51,Y,1,R,1,X,1,C,3,K,1,S,1,R,1,C,1,X,1,K,1,Y,1,"L1:[sp=K,78] S=3,K=51,Y=1,R=1,X=1,C=3 || L2:[sp=K,1] S=1,R=1,C=1,X=1,K=1,Y=1",-inf,-inf,0,K|K,1
K,78,S,1,K,9,Y,1,R,1,X,1,C,3,K,1,S,1,R,1,C,1,X,1,K,1,Y,1,"L1:[sp=K,78] S=1,K=9,Y=1,R=1,X=1,C=3 || L2:[sp=K,1] S=1,R=1,C=1,X=1,K=1,Y=1",-inf,-inf,0,K|K,1
K,78,S,1,C,2,Y,1,R,1,K,1,X,1,C,2,S,1,R,1,C,1,X,1,K,1,Y,1,"L1:[sp=K,78] S=1,C=2,Y=1,R=1,K=1,X=1 || L2:[sp=C,2] S=1,R=1,C=1,X=1,K=1,Y=1",-inf,-inf,0,K|C,1
Y,78,X,1,K,9,Y,1,R,1,S,3,C,3,K,1,S,1,R,1,C,1,X,1,K,1,Y,1,"L1:[sp=Y,78] X=1,K=9,Y=1,R=1,S=3,C=3 || L2:[sp=K,1] S=1,R=1,C=1,X=1,K=1,Y=1",-inf,-inf,0,Y|K,1
K,78,S,3,Y,9,R,1,K,9,X,1,C,2,Y,1,S,1,R,1,C,1,Y,1,K,1,X,1,"L1:[sp=K,78] S=3,Y=9,R=1,K=9,X=1,C=2 || L2:[sp=Y,1] S=1,R=1,C=1,Y=1,K=1,X=1",-inf,-inf,0,K|Y,1
K,78,S,1,C,3,R,1,Y,1,X,1,K,9,K,1,S,1,R,1,K,1,X,1,C,1,Y,1,"L1:[sp=K,78] S=1,C=3,R=1,Y=1,X=1,K=9 || L2:[sp=K,1] S=1,R=1,K=1,X=1,C=1,Y=1",-inf,-inf,0,K|K,1
K,78,S,3,Y,1,R,1,K,9,X,1,C,2,Y,1,S,1,R,1,C,1,Y,1,K,1,X,1,"L1:[sp=K,78] S=3,Y=1,R=1,K=9,X=1,C=2 || L2:[sp=Y,1] S=1,R=1,C=1,Y=1,K=1,X=1",-inf,-inf,0,K|Y,1
X,78,S,1,C,2,Y,1,R,1,K,1,X,1,C,1,S,1,R,1,C,1,X,1,K,1,Y,1,"L1:[sp=X,78] S=1,C=2,Y=1,R=1,K=1,X=1 || L2:[sp=C,1] S=1,R=1,C=1,X=1,K=1,Y=1",-inf,-inf,0,X|C,1
K,78,S,3,C,2,Y,135,X,1,K,1,R,1,X,1,S,1,R,1,C,1,X,1,K,1,Y,1,"L1:[sp=K,78] S=3,C=2,Y=135,X=1,K=1,R=1 || L2:[sp=X,1] S=1,R=1,C=1,X=1,K=1,Y=1",-inf,-inf,0,K|X,1
Y,78,X,1,K,9,Y,1,R,1,S,1,C,3,C,3,S,1,R,1,C,1,X,1,K,1,Y,1,"L1:[sp=Y,78] X=1,K=9,Y=1,R=1,S=1,C=3 || L2:[sp=C,3] S=1,R=1,C=1,X=1,K=1,Y=1",-inf,-inf,0,Y|C,1
K,78,S,1,C,3,R,1,Y,98,X,1,K,9,K,1,S,1,R,1,K,1,X,1,C,1,Y,1,"L1:[sp=K,78] S=1,C=3,R=1,Y=98,X=1,K=9 || L2:[sp=K,1] S=1,R=1,K=1,X=1,C=1,Y=1",-inf,-inf,0,K|K,1
K,78,X,1,K,9,Y,1,R,1,S,3,C,3,Y,1,S,2,R,1,C,1,X,1,K,1,Y,1,"L1:[sp=K,78] X=1,K=9,Y=1,R=1,S=3,C=3 || L2:[sp=Y,1] S=2,R=1,C=1,X=1,K=1,Y=1",-24316993.0,-163323000.0,1,K|Y,1
K,78,S,1,C,2,Y,1,R,1,K,1,X,1,X,1,S,1,R,1,C,1,X,1,K,1,Y,1,"L1:[sp=K,78] S=1,C=2,Y=1,R=1,K=1,X=1 || L2:[sp=X,1] S=1,R=1,C=1,X=1,K=1,Y=1",-2257921.0,-163323000.0,1,K|X,1
Y,78,X,1,K,9,Y,1,R,1,S,3,C,3,C,1,X,1,R,1,C,1,S,1,K,7,Y,1,"L1:[sp=Y,78] X=1,K=9,Y=1,R=1,S=3,C=3 || L2:[sp=C,1] X=1,R=1,C=1,S=1,K=7,Y=1",-inf,-inf,0,Y|C,1
Y,78,X,1,K,9,Y,1,R,1,S,1,C,3,K,1,S,1,R,1,X,1,C,1,K,1,Y,1,"L1:[sp=Y,78] X=1,K=9,Y=1,R=1,S=1,C=3 || L2:[sp=K,1] S=1,R=1,X=1,C=1,K=1,Y=1",-inf,-inf,0,Y|K,1
K,78,S,3,C,3,R,1,Y,1,X,1,K,9,K,1,S,1,R,1,K,1,X,1,C,1,Y,1,"L1:[sp=K,78] S=3,C=3,R=1,Y=1,X=1,K=9 || L2:[sp=K,1] S=1,R=1,K=1,X=1,C=1,Y=1",-inf,-inf,0,K|K,1
K,78,S,3,K,43,R,1,Y,1,X,176,C,2,K,1,S,1,R,1,K,1,X,1,C,1,Y,1,"L1:[sp=K,78] S=3,K=43,R=1,Y=1,X=176,C=2 || L2:[sp=K,1] S=1,R=1,K=1,X=1,C=1,Y=1",-58777153.0,-163323000.0,1,K|K,1
K,78,X,1,K,9,Y,1,R,1,S,1,C,3,Y,9,S,1,R,1,C,1,X,1,K,1,Y,1,"L1:[sp=K,78] X=1,K=9,Y=1,R=1,S=1,C=3 || L2:[sp=Y,9] S=1,R=1,C=1,X=1,K=1,Y=1",-12644353.0,-163323000.0,1,K|Y,1
K,78,S,1,C,2,Y,1,R,1,K,1,X,1,X,1,S,1,R,1,C,1,X,1,K,1,Y,1,"L1:[sp=K,78] S=1,C=2,Y=1,R=1,K=1,X=1 || L2:[sp=X,1] S=1,R=1,C=1,X=1,K=1,Y=1",-inf,-inf,0,K|X,1
K,78,X,45,K,9,Y,1,R,1,S,1,C,3,X,9,S,1,R,1,C,1,X,1,K,2,Y,1,"L1:[sp=K,78] X=45,K=9,Y=1,R=1,S=1,C=3 || L2:[sp=X,9] S=1,R=1,C=1,X=1,K=2,Y=1",-inf,-inf,0,K|X,1
K,78,X,1,K,31,Y,1,R,1,S,3,C,3,Y,9,S,3,R,1,Y,1,X,1,K,1,C,1,"L1:[sp=K,78] X=1,K=31,Y=1,R=1,S=3,C=3 || L2:[sp=Y,9] S=3,R=1,Y=1,X=1,K=1,C=1",-inf,-inf,0,K|Y,1
K,78,S,1,K,29,Y,1,R,3,C,2,X,1,X,1,S,1,R,1,C,1,X,1,K,1,Y,1,"L1:[sp=K,78] S=1,K=29,Y=1,R=3,C=2,X=1 || L2:[sp=X,1] S=1,R=1,C=1,X=1,K=1,Y=1",-inf,-inf,0,K|X,1
K,78,X,1,K,9,Y,1,R,1,S,1,C,3,Y,9,S,1,R,1,C,1,X,1,K,1,Y,1,"L1:[sp=K,78] X=1,K=9,Y=1,R=1,S=1,C=3 || L2:[sp=Y,9] S=1,R=1,C=1,X=1,K=1,Y=1",-inf,-inf,0,K|Y,1
K,78,X,1,K,9,Y,1,R,1,S,1,C,3,Y,1,S,1,R,1,C,1,X,1,K,1,Y,1,"L1:[sp=K,78] X=1,K=9,Y=1,R=1,S=1,C=3 || L2:[sp=Y,1] S=1,R=1,C=1,X=1,K=1,Y=1",-12644353.0,-163323000.0,1,K|Y,1
K,78,S,3,C,2,Y,1,R,1,K,1,X,1,X,1,S,2,R,1,C,1,X,1,K,1,Y,1,"L1:[sp=K,78] S=3,C=2,Y=1,R=1,K=1,X=1 || L2:[sp=X,1] S=2,R=1,C=1,X=1,K=1,Y=1",-inf,-inf,0,K|X,1
K,78,X,1,C,2,Y,1,R,1,K,31,S,1,X,1,R,1,S,1,C,1,X,1,K,1,Y,1,"L1:[sp=K,78] X=1,C=2,Y=1,R=1,K=31,S=1 || L2:[sp=X,1] R=1,S=1,C=1,X=1,K=1,Y=1",-42900481.0,-163323000.0,1,K|X,1
K,78,X,1,K,9,Y,1,R,1,S,3,C,3,Y,1,S,3,R,1,C,1,X,1,Y,1,K,1,"L1:[sp=K,78] X=1,K=9,Y=1,R=1,S=3,C=3 || L2:[sp=Y,1] S=3,R=1,C=1,X=1,Y=1,K=1",-inf,-inf,0,K|Y,1
K,78,X,176,K,9,Y,1,R,1,S,2,C,2,Y,9,S,1,R,1,C,1,X,1,K,1,Y,1,"L1:[sp=K,78] X=176,K=9,Y=1,R=1,S=2,C=2 || L2:[sp=Y,9] S=1,R=1,C=1,X=1,K=1,Y=1",-inf,-inf,0,K|Y,1
K,78,S,1,K,43,R,1,Y,1,X,1,C,3,K,1,S,1,R,1,K,1,Y,1,C,1,X,1,"L1:[sp=K,78] S=1,K=43,R=1,Y=1,X=1,C=3 || L2:[sp=K,1] S=1,R=1,K=1,Y=1,C=1,X=1",-inf,-inf,0,K|K,1
K,78,S,1,K,43,R,1,Y,1,X,1,C,2,K,1,S,1,R,1,K,1,X,1,C,1,Y,1,"L1:[sp=K,78] S=1,K=43,R=1,Y=1,X=1,C=2 || L2:[sp=K,1] S=1,R=1,K=1,X=1,C=1,Y=1",-inf,-inf,0,K|K,1
K,78,S,3,C,2,Y,1,R,1,K,1,X,176,X,1,S,1,R,1,C,1,X,1,K,1,Y,1,"L1:[sp=K,78] S=3,C=2,Y=1,R=1,K=1,X=176 || L2:[sp=X,1] S=1,R=1,C=1,X=1,K=1,Y=1",-inf,-inf,0,K|X,1
K,78,S,1,C,2,Y,1,R,1,K,1,X,1,X,1,S,1,R,1,C,1,X,1,K,1,Y,1,"L1:[sp=K,78] S=1,C=2,Y=1,R=1,K=1,X=1 || L2:[sp=X,1] S=1,R=1,C=1,X=1,K=1,Y=1",-inf,-inf,0,K|X,1
K,78,X,1,K,49,Y,1,R,1,S,1,C,3,Y,9,S,1,R,1,C,1,X,1,K,44,Y,1,"L1:[sp=K,78] X=1,K=49,Y=1,R=1,S=1,C=3 || L2:[sp=Y,9] S=1,R=1,C=1,X=1,K=44,Y=1",-inf,-inf,0,K|Y,1
K,78,S,1,C,2,Y,206,R,1,K,1,X,1,X,1,S,1,R,1,C,1,X,1,K,1,Y,1,"L1:[sp=K,78] S=1,C=2,Y=206,R=1,K=1,X=1 || L2:[sp=X,1] S=1,R=1,C=1,X=1,K=1,Y=1",-inf,-inf,0,K|X,1
K,78,X,1,K,9,Y,1,R,1,S,1,C,3,Y,1,S,1,R,1,C,1,X,1,K,1,Y,1,"L1:[sp=K,78] X=1,K=9,Y=1,R=1,S=1,C=3 || L2:[sp=Y,1] S=1,R=1,C=1,X=1,K=1,Y=1",-inf,-inf,0,K|Y,1
K,78,X,38,K,9,Y,1,R,1,S,1,C,3,Y,1,S,1,R,1,C,1,X,1,K,1,Y,1,"L1:[sp=K,78] X=38,K=9,Y=1,R=1,S=1,C=3 || L2:[sp=Y,1] S=1,R=1,C=1,X=1,K=1,Y=1",-inf,-inf,0,K|Y,1
K,78,X,1,C,3,Y,1,R,1,K,31,S,1,X,1,R,1,S,1,C,1,X,1,K,1,Y,1,"L1:[sp=K,78] X=1,C=3,Y=1,R=1,K=31,S=1 || L2:[sp=X,1] R=1,S=1,C=1,X=1,K=1,Y=1",-inf,-inf,0,K|X,1
K,78,X,1,K,9,Y,1,R,1,S,1,C,3,Y,1,S,1,X,1,C,1,R,1,K,1,Y,1,"L1:[sp=K,78] X=1,K=9,Y=1,R=1,S=1,C=3 || L2:[sp=Y,1] S=1,X=1,C=1,R=1,K=1,Y=1",-inf,-inf,0,K|Y,1
K,78,X,1,C,2,S,1,R,1,K,31,Y,1,K,1,R,1,S,1,C,1,X,1,K,1,Y,1,"L1:[sp=K,78] X=1,C=2,S=1,R=1,K=31,Y=1 || L2:[sp=K,1] R=1,S=1,C=1,X=1,K=1,Y=1",-42900481.0,-163323000.0,1,K|K,1
K,78,X,1,K,33,Y,1,R,1,S,1,C,2,X,1,S,1,R,1,C,1,X,1,K,1,Y,1,"L1:[sp=K,78] X=1,K=33,Y=1,R=1,S=1,C=2 || L2:[sp=X,1] S=1,R=1,C=1,X=1,K=1,Y=1",-inf,-inf,0,K|X,1
K,78,X,1,C,3,Y,1,R,1,K,31,S,1,X,1,R,1,S,1,C,1,X,1,K,1,Y,1,"L1:[sp=K,78] X=1,C=3,Y=1,R=1,K=31,S=1 || L2:[sp=X,1] R=1,S=1,C=1,X=1,K=1,Y=1",-inf,-inf,0,K|X,1
K,78,X,1,K,9,Y,1,R,1,S,1,C,2,Y,1,S,1,R,1,Y,1,X,1,K,1,C,1,"L1:[sp=K,78] X=1,K=9,Y=1,R=1,S=1,C=2 || L2:[sp=Y,1] S=1,R=1,Y=1,X=1,K=1,C=1",-inf,-inf,0,K|Y,1
K,78,X,1,C,3,Y,1,R,1,K,31,S,1,X,1,R,1,S,1,C,1,X,1,K,1,Y,1,"L1:[sp=K,78] X=1,C=3,Y=1,R=1,K=31,S=1 || L2:[sp=X,1] R=1,S=1,C=1,X=1,K=1,Y=1",-inf,-inf,0,K|X,1
X,78,X,1,C,2,Y,1,R,1,K,31,S,1,K,1,R,1,S,1,C,1,X,1,K,1,Y,1,"L1:[sp=X,78] X=1,C=2,Y=1,R=1,K=31,S=1 || L2:[sp=K,1] R=1,S=1,C=1,X=1,K=1,Y=1",-798337.0,-163323000.0,1,X|K,1
C,78,X,1,K,9,Y,1,R,1,S,1,C,3,Y,1,S,1,R,1,C,1,X,1,K,1,Y,1,"L1:[sp=C,78] X=1,K=9,Y=1,R=1,S=1,C=3 || L2:[sp=Y,1] S=1,R=1,C=1,X=1,K=1,Y=1",-90316801.0,-163323000.0,1,C|Y,1
K,78,K,14,C,3,Y,1,S,1,X,1,R,2,X,1,R,1,S,1,C,1,X,1,K,1,Y,1,"L1:[sp=K,78] K=14,C=3,Y=1,S=1,X=1,R=2 || L2:[sp=X,1] R=1,S=1,C=1,X=1,K=1,Y=1",-inf,-inf,0,K|X,1
K,78,X,1,K,9,Y,1,R,1,S,1,C,2,Y,1,S,1,R,1,C,1,X,1,K,1,Y,1,"L1:[sp=K,78] X=1,K=9,Y=1,R=1,S=1,C=2 || L2:[sp=Y,1] S=1,R=1,C=1,X=1,K=1,Y=1",-inf,-inf,0,K|Y,1
K,78,X,1,C,2,Y,1,R,1,K,31,S,1,C,2,R,1,S,1,C,1,X,1,K,11,Y,1,"L1:[sp=K,78] X=1,C=2,Y=1,R=1,K=31,S=1 || L2:[sp=C,2] R=1,S=1,C=1,X=1,K=11,Y=1",-inf,-inf,0,K|C,1
K,78,X,1,K,10,Y,1,R,1,S,1,C,1,Y,1,S,1,R,1,C,1,X,1,K,1,Y,1,"L1:[sp=K,78] X=1,K=10,Y=1,R=1,S=1,C=1 || L2:[sp=Y,1] S=1,R=1,C=1,X=1,K=1,Y=1",-inf,-inf,0,K|Y,1
K,78,X,126,C,2,Y,1,R,1,K,31,S,1,X,1,K,1,S,1,C,1,X,1,Y,1,R,1,"L1:[sp=K,78] X=126,C=2,Y=1,R=1,K=31,S=1 || L2:[sp=X,1] K=1,S=1,C=1,X=1,Y=1,R=1",-inf,-inf,0,K|X,1
X,78,X,1,C,2,Y,1,R,1,K,31,S,1,K,1,R,1,S,1,C,1,X,1,K,1,Y,1,"L1:[sp=X,78] X=1,C=2,Y=1,R=1,K=31,S=1 || L2:[sp=K,1] R=1,S=1,C=1,X=1,K=1,Y=1",-798337.0,-163323000.0,1,X|K,1
Y,78,X,1,K,9,Y,1,R,1,S,1,C,3,Y,1,S,1,R,1,C,1,X,1,K,1,Y,1,"L1:[sp=Y,78] X=1,K=9,Y=1,R=1,S=1,C=3 || L2:[sp=Y,1] S=1,R=1,C=1,X=1,K=1,Y=1",-inf,-inf,0,Y|Y,1
X,78,X,1,C,2,Y,1,R,1,K,31,S,1,K,1,R,1,S,1,C,1,K,11,X,1,Y,1,"L1:[sp=X,78] X=1,C=2,Y=1,R=1,K=31,S=1 || L2:[sp=K,1] R=1,S=1,C=1,K=11,X=1,Y=1",-883009.0,-163323000.0,1,X|K,1
K,78,X,1,C,2,S,1,R,1,K,31,Y,1,K,1,R,1,S,1,C,2,X,1,K,1,Y,1,"L1:[sp=K,78] X=1,C=2,S=1,R=1,K=31,Y=1 || L2:[sp=K,1] R=1,S=1,C=2,X=1,K=1,Y=1",-inf,-inf,0,K|K,1
X,78,X,1,C,2,Y,1,R,1,K,31,S,1,K,1,R,1,S,1,C,2,X,1,K,1,Y,1,"L1:[sp=X,78] X=1,C=2,Y=1,R=1,K=31,S=1 || L2:[sp=K,1] R=1,S=1,C=2,X=1,K=1,Y=1",-1056385.0,-163323000.0,1,X|K,1
Y,78,X,1,K,9,Y,1,R,1,S,1,C,3,C,1,S,1,R,1,C,2,X,1,K,1,Y,1,"L1:[sp=Y,78] X=1,K=9,Y=1,R=1,S=1,C=3 || L2:[sp=C,1] S=1,R=1,C=2,X=1,K=1,Y=1",-inf,-inf,0,Y|C,1
K,78,X,1,C,2,Y,1,R,1,K,31,S,1,X,1,R,1,S,1,X,1,C,2,K,1,Y,1,"L1:[sp=K,78] X=1,C=2,Y=1,R=1,K=31,S=1 || L2:[sp=X,1] R=1,S=1,X=1,C=2,K=1,Y=1",-inf,-inf,0,K|X,1
C,78,C,3,K,9,Y,1,R,3,S,1,X,1,Y,1,S,1,R,1,C,1,X,1,K,1,Y,1,"L1:[sp=C,78] C=3,K=9,Y=1,R=3,S=1,X=1 || L2:[sp=Y,1] S=1,R=1,C=1,X=1,K=1,Y=1",-258983425.0,-163323000.0,1,C|Y,1
X,78,X,29,C,2,Y,1,R,1,K,31,S,3,K,1,R,1,S,1,C,1,X,1,K,1,Y,1,"L1:[sp=X,78] X=29,C=2,Y=1,R=1,K=31,S=3 || L2:[sp=K,1] R=1,S=1,C=1,X=1,K=1,Y=1",-12003265.0,-163323000.0,1,X|K,1
K,78,X,71,C,3,S,1,R,1,K,31,Y,1,K,1,R,1,S,1,C,1,X,1,K,1,Y,1,"L1:[sp=K,78] X=71,C=3,S=1,R=1,K=31,Y=1 || L2:[sp=K,1] R=1,S=1,C=1,X=1,K=1,Y=1",-inf,-inf,0,K|K,1
X,78,X,1,C,2,Y,1,R,1,K,31,S,1,K,1,Y,1,S,1,R,1,X,1,K,1,C,1,"L1:[sp=X,78] X=1,C=2,Y=1,R=1,K=31,S=1 || L2:[sp=K,1] Y=1,S=1,R=1,X=1,K=1,C=1",-798337.0,-163323000.0,1,X|K,1
X,78,X,1,C,3,Y,1,R,1,K,31,S,1,K,1,R,1,S,1,C,1,X,1,K,13,Y,1,"L1:[sp=X,78] X=1,C=3,Y=1,R=1,K=31,S=1 || L2:[sp=K,1] R=1,S=1,C=1,X=1,K=13,Y=1",-822529.0,-163323000.0,1,X|K,1
C,78,X,1,K,9,Y,150,R,1,S,1,C,2,Y,1,C,1,R,1,S,1,X,1,K,1,Y,1,"L1:[sp=C,78] X=1,K=9,Y=150,R=1,S=1,C=2 || L2:[sp=Y,1] C=1,R=1,S=1,X=1,K=1,Y=1",-inf,-inf,0,C|Y,1
K,78,X,1,C,2,S,1,R,1,K,31,Y,1,K,1,R,1,S,1,C,1,X,1,K,1,Y,1,"L1:[sp=K,78] X=1,C=2,S=1,R=1,K=31,Y=1 || L2:[sp=K,1] R=1,S=1,C=1,X=1,K=1,Y=1",-inf,-inf,0,K|K,1
X,78,X,1,C,2,Y,1,R,1,K,31,S,1,K,1,R,1,S,1,C,1,X,1,K,1,Y,1,"L1:[sp=X,78] X=1,C=2,Y=1,R=1,K=31,S=1 || L2:[sp=K,1] R=1,S=1,C=1,X=1,K=1,Y=1",-798337.0,-163323000.0,1,X|K,1
X,78,X,1,C,2,Y,1,R,1,K,31,S,1,K,1,R,1,S,1,C,1,X,1,K,1,Y,1,"L1:[sp=X,78] X=1,C=2,Y=1,R=1,K=31,S=1 || L2:[sp=K,1] R=1,S=1,C=1,X=1,K=1,Y=1",-inf,-inf,0,X|K,1
Y,78,X,1,K,9,Y,1,R,1,S,1,C,2,Y,1,S,1,R,1,C,1,X,1,K,1,Y,1,"L1:[sp=Y,78] X=1,K=9,Y=1,R=1,S=1,C=2 || L2:[sp=Y,1] S=1,R=1,C=1,X=1,K=1,Y=1",-inf,-inf,0,Y|Y,1
X,78,X,1,C,1,Y,1,R,1,K,31,S,1,K,1,R,1,S,1,C,1,X,1,K,29,Y,1,"L1:[sp=X,78] X=1,C=1,Y=1,R=1,K=31,S=1 || L2:[sp=K,1] R=1,S=1,C=1,X=1,K=29,Y=1",-inf,-inf,0,X|K,1
K,78,Y,135,C,2,X,1,R,1,K,31,S,1,X,1,R,1,C,2,S,1,X,1,K,2,Y,1,"L1:[sp=K,78] Y=135,C=2,X=1,R=1,K=31,S=1 || L2:[sp=X,1] R=1,C=2,S=1,X=1,K=2,Y=1",-56004481.0,-163323000.0,1,K|X,1
C,78,X,1,C,3,Y,1,R,1,K,18,S,1,K,1,R,1,S,1,Y,1,C,1,K,13,X,1,"L1:[sp=C,78] X=1,C=3,Y=1,R=1,K=18,S=1 || L2:[sp=K,1] R=1,S=1,Y=1,C=1,K=13,X=1",-81736705.0,-163323000.0,1,C|K,1
X,78,X,1,C,2,Y,1,R,1,K,31,S,1,K,1,Y,1,S,1,R,1,X,1,K,1,C,1,"L1:[sp=X,78] X=1,C=2,Y=1,R=1,K=31,S=1 || L2:[sp=K,1] Y=1,S=1,R=1,X=1,K=1,C=1",-inf,-inf,0,X|K,1
C,78,X,1,C,2,Y,1,R,1,K,31,S,1,K,1,R,1,S,1,C,1,X,1,K,1,Y,1,"L1:[sp=C,78] X=1,C=2,Y=1,R=1,K=31,S=1 || L2:[sp=K,1] R=1,S=1,C=1,X=1,K=1,Y=1",-59157505.0,-163323000.0,1,C|K,1
K,78,X,1,C,2,Y,1,R,1,K,31,S,1,X,1,R,1,S,1,C,1,X,1,K,1,Y,1,"L1:[sp=K,78] X=1,C=2,Y=1,R=1,K=31,S=1 || L2:[sp=X,1] R=1,S=1,C=1,X=1,K=1,Y=1",-inf,-inf,0,K|X,1
Y,78,X,1,K,9,Y,1,R,1,S,1,C,3,Y,1,S,1,R,1,C,1,X,1,K,1,Y,1,"L1:[sp=Y,78] X=1,K=9,Y=1,R=1,S=1,C=3 || L2:[sp=Y,1] S=1,R=1,C=1,X=1,K=1,Y=1",-806401.0,-163323000.0,1,Y|Y,1
X,78,X,1,S,1,Y,1,R,1,K,31,C,2,K,1,Y,1,S,1,R,1,X,1,K,1,C,1,"L1:[sp=X,78] X=1,S=1,Y=1,R=1,K=31,C=2 || L2:[sp=K,1] Y=1,S=1,R=1,X=1,K=1,C=1",-798337.0,-163323000.0,1,X|K,1
Y,78,X,54,K,9,Y,1,R,1,S,1,C,3,Y,1,S,1,R,1,C,1,X,1,K,1,Y,1,"L1:[sp=Y,78] X=54,K=9,Y=1,R=1,S=1,C=3 || L2:[sp=Y,1] S=1,R=1,C=1,X=1,K=1,Y=1",-inf,-inf,0,Y|Y,1
X,78,X,1,C,2,Y,1,R,1,K,31,S,1,K,1,R,1,S,1,C,1,X,1,K,1,Y,1,"L1:[sp=X,78] X=1,C=2,Y=1,R=1,K=31,S=1 || L2:[sp=K,1] R=1,S=1,C=1,X=1,K=1,Y=1",-798337.0,-163323000.0,1,X|K,1
X,78,K,31,C,2,Y,1,R,1,X,1,S,1,K,1,R,1,S,1,C,1,K,11,X,1,Y,1,"L1:[sp=X,78] K=31,C=2,Y=1,R=1,X=1,S=1 || L2:[sp=K,1] R=1,S=1,C=1,K=11,X=1,Y=1",-883009.0,-163323000.0,1,X|K,1
X,78,X,1,C,2,Y,1,R,1,K,31,S,1,K,1,R,1,S,1,C,2,X,1,K,1,Y,1,"L1:[sp=X,78] X=1,C=2,Y=1,R=1,K=31,S=1 || L2:[sp=K,1] R=1,S=1,C=2,X=1,K=1,Y=1",-inf,-inf,0,X|K,1
X,78,X,29,C,2,Y,1,R,1,K,31,S,3,K,1,R,1,S,1,C,1,X,1,K,1,Y,1,"L1:[sp=X,78] X=29,C=2,Y=1,R=1,K=31,S=3 || L2:[sp=K,1] R=1,S=1,C=1,X=1,K=1,Y=1",-inf,-inf,0,X|K,1
X,78,X,1,S,1,Y,1,R,1,K,31,C,2,K,1,Y,1,S,1,R,1,X,1,K,1,C,1,"L1:[sp=X,78] X=1,S=1,Y=1,R=1,K=31,C=2 || L2:[sp=K,1] Y=1,S=1,R=1,X=1,K=1,C=1",-798337.0,-163323000.0,1,X|K,1
X,78,X,1,C,2,K,31,R,1,Y,1,S,1,K,1,R,1,S,1,C,2,X,1,K,1,Y,1,"L1:[sp=X,78] X=1,C=2,K=31,R=1,Y=1,S=1 || L2:[sp=K,1] R=1,S=1,C=2,X=1,K=1,Y=1",-1056385.0,-163323000.0,1,X|K,1
C,78,X,1,C,2,Y,1,R,2,K,31,S,1,K,1,R,1,S,1,C,1,X,1,K,19,Y,1,"L1:[sp=C,78] X=1,C=2,Y=1,R=2,K=31,S=1 || L2:[sp=K,1] R=1,S=1,C=1,X=1,K=19,Y=1",-inf,-inf,0,C|K,1
C,78,X,1,C,1,Y,1,R,1,K,31,S,1,K,1,R,1,S,1,C,1,X,1,K,1,Y,1,"L1:[sp=C,78] X=1,C=1,Y=1,R=1,K=31,S=1 || L2:[sp=K,1] R=1,S=1,C=1,X=1,K=1,Y=1",-inf,-inf,0,C|K,1
X,78,X,1,C,2,Y,76,R,1,K,31,S,3,K,1,R,1,S,1,C,1,X,1,K,1,Y,1,"L1:[sp=X,78] X=1,C=2,Y=76,R=1,K=31,S=3 || L2:[sp=K,1] R=1,S=1,C=1,X=1,K=1,Y=1",-inf,-inf,0,X|K,1
K,78,K,31,C,2,Y,1,R,1,X,1,S,1,K,1,R,1,S,1,C,1,K,11,X,1,Y,1,"L1:[sp=K,78] K=31,C=2,Y=1,R=1,X=1,S=1 || L2:[sp=K,1] R=1,S=1,C=1,K=11,X=1,Y=1",-42900481.0,-163323000.0,1,K|K,1
C,78,X,1,S,1,Y,1,R,1,K,31,C,2,K,1,R,1,C,1,S,1,X,1,K,1,Y,1,"L1:[sp=C,78] X=1,S=1,Y=1,R=1,K=31,C=2 || L2:[sp=K,1] R=1,C=1,S=1,X=1,K=1,Y=1",-inf,-inf,0,C|K,1
X,78,X,1,S,1,Y,135,R,1,K,32,C,2,K,1,Y,130,S,1,R,1,X,1,K,1,C,1,"L1:[sp=X,78] X=1,S=1,Y=135,R=1,K=32,C=2 || L2:[sp=K,1] Y=130,S=1,R=1,X=1,K=1,C=1",-inf,-inf,0,X|K,1
C,78,Y,208,C,2,X,1,R,1,K,31,S,1,X,1,R,1,X,1,S,1,C,2,K,2,Y,1,"L1:[sp=C,78] Y=208,C=2,X=1,R=1,K=31,S=1 || L2:[sp=X,1] R=1,X=1,S=1,C=2,K=2,Y=1",-57814849.0,-163323000.0,1,C|X,1
K,78,Y,135,C,2,X,1,R,1,K,31,S,1,X,1,R,1,C,2,S,1,X,1,K,2,Y,3,"L1:[sp=K,78] Y=135,C=2,X=1,R=1,K=31,S=1 || L2:[sp=X,1] R=1,C=2,S=1,X=1,K=2,Y=3",-inf,-inf,0,K|X,1
X,78,K,31,C,2,Y,1,R,1,X,1,S,1,K,1,R,1,S,1,C,1,K,11,X,1,Y,1,"L1:[sp=X,78] K=31,C=2,Y=1,R=1,X=1,S=1 || L2:[sp=K,1] R=1,S=1,C=1,K=11,X=1,Y=1",-883009.0,-163323000.0,1,X|K,1
Y,78,X,1,K,9,Y,51,R,1,S,1,C,3,Y,1,S,1,R,1,C,1,X,1,K,1,Y,1,"L1:[sp=Y,78] X=1,K=9,Y=51,R=1,S=1,C=3 || L2:[sp=Y,1] S=1,R=1,C=1,X=1,K=1,Y=1",-19756801.0,-163323000.0,1,Y|Y,1
C,78,X,1,C,3,Y,1,R,1,K,18,S,1,Y,1,R,1,S,1,Y,1,C,1,K,8,X,1,"L1:[sp=C,78] X=1,C=3,Y=1,R=1,K=18,S=1 || L2:[sp=Y,1] R=1,S=1,Y=1,C=1,K=8,X=1",-inf,-inf,0,C|Y,1
K,78,C,2,Y,109,X,1,R,1,K,31,S,1,X,1,R,1,C,2,S,1,X,1,K,2,Y,1,"L1:[sp=K,78] C=2,Y=109,X=1,R=1,K=31,S=1 || L2:[sp=X,1] R=1,C=2,S=1,X=1,K=2,Y=1",-inf,-inf,0,K|X,1
Y,78,X,1,K,18,C,3,R,1,S,1,Y,1,Y,1,S,1,R,1,C,1,X,1,K,1,Y,1,"L1:[sp=Y,78] X=1,K=18,C=3,R=1,S=1,Y=1 || L2:[sp=Y,1] S=1,R=1,C=1,X=1,K=1,Y=1",-790273.0,-163323000.0,1,Y|Y,1
Y,78,X,1,K,18,C,3,R,1,S,1,Y,1,Y,1,S,1,R,1,C,1,X,1,K,1,Y,1,"L1:[sp=Y,78] X=1,K=18,C=3,R=1,S=1,Y=1 || L2:[sp=Y,1] S=1,R=1,C=1,X=1,K=1,Y=1",-790273.0,-163323000.0,1,Y|Y,1
X,78,K,31,C,2,Y,1,R,1,X,1,S,1,K,1,R,1,S,1,C,1,K,11,X,1,Y,1,"L1:[sp=X,78] K=31,C=2,Y=1,R=1,X=1,S=1 || L2:[sp=K,1] R=1,S=1,C=1,K=11,X=1,Y=1",-inf,-inf,0,X|K,1
X,78,X,1,R,1,Y,1,S,1,K,31,C,2,K,1,K,1,S,1,R,1,X,1,Y,1,C,1,"L1:[sp=X,78] X=1,R=1,Y=1,S=1,K=31,C=2 || L2:[sp=K,1] K=1,S=1,R=1,X=1,Y=1,C=1",-798337.0,-163323000.0,1,X|K,1
Y,78,X,1,K,9,Y,51,R,1,S,1,C,3,Y,1,S,1,R,1,C,1,X,1,K,1,Y,30,"L1:[sp=Y,78] X=1,K=9,Y=51,R=1,S=1,C=3 || L2:[sp=Y,1] S=1,R=1,C=1,X=1,K=1,Y=30",-inf,-inf,0,Y|Y,1
X,78,K,31,C,2,Y,149,R,1,X,1,S,1,K,1,R,1,S,1,C,1,K,11,X,1,Y,1,"L1:[sp=X,78] K=31,C=2,Y=149,R=1,X=1,S=1 || L2:[sp=K,1] R=1,S=1,C=1,K=11,X=1,Y=1",-inf,-inf,0,X|K,1
X,78,K,46,C,2,X,1,R,1,Y,1,S,1,K,1,R,1,S,1,C,2,K,11,X,1,Y,1,"L1:[sp=X,78] K=46,C=2,X=1,R=1,Y=1,S=1 || L2:[sp=K,1] R=1,S=1,C=2,K=11,X=1,Y=1",-967681.0,-163323000.0,1,X|K,1
K,78,X,1,S,1,Y,1,R,1,K,37,C,2,X,1,Y,1,S,1,R,1,X,1,K,1,C,1,"L1:[sp=K,78] X=1,S=1,Y=1,R=1,K=37,C=2 || L2:[sp=X,1] Y=1,S=1,R=1,X=1,K=1,C=1",-51028993.0,-163323000.0,1,K|X,1
Y,78,X,1,K,9,Y,169,R,1,S,1,C,1,Y,1,S,1,R,1,C,1,X,1,K,2,Y,1,"L1:[sp=Y,78] X=1,K=9,Y=169,R=1,S=1,C=1 || L2:[sp=Y,1] S=1,R=1,C=1,X=1,K=2,Y=1",-65463553.0,-163323000.0,1,Y|Y,1
Y,78,X,1,K,18,C,3,S,1,R,3,Y,1,Y,1,S,1,R,1,X,1,C,1,K,1,Y,1,"L1:[sp=Y,78] X=1,K=18,C=3,S=1,R=3,Y=1 || L2:[sp=Y,1] S=1,R=1,X=1,C=1,K=1,Y=1",-2327809.0,-163323000.0,1,Y|Y,1
X,78,K,31,C,3,X,1,R,1,Y,1,S,1,K,1,R,1,S,1,C,2,X,1,K,1,Y,1,"L1:[sp=X,78] K=31,C=3,X=1,R=1,Y=1,S=1 || L2:[sp=K,1] R=1,S=1,C=2,X=1,K=1,Y=1",-786241.0,-163323000.0,1,X|K,1
C,78,Y,126,C,2,X,1,R,2,K,31,S,3,X,1,R,1,X,1,S,1,C,2,K,2,Y,1,"L1:[sp=C,78] Y=126,C=2,X=1,R=2,K=31,S=3 || L2:[sp=X,1] R=1,X=1,S=1,C=2,K=2,Y=1",-inf,-inf,0,C|X,1
C,78,Y,208,C,2,X,1,R,1,K,31,S,1,X,1,R,1,X,1,S,1,C,2,K,2,Y,74,"L1:[sp=C,78] Y=208,C=2,X=1,R=1,K=31,S=1 || L2:[sp=X,1] R=1,X=1,S=1,C=2,K=2,Y=74",-inf,-inf,0,C|X,1
Y,78,X,1,K,9,Y,51,R,1,S,1,C,3,Y,1,S,1,R,1,C,1,X,1,K,3,Y,1,"L1:[sp=Y,78] X=1,K=9,Y=51,R=1,S=1,C=3 || L2:[sp=Y,1] S=1,R=1,C=1,X=1,K=3,Y=1",-inf,-inf,0,Y|Y,1
X,78,C,2,K,31,Y,1,R,1,X,1,S,1,K,1,R,1,S,1,C,1,K,11,X,1,Y,1,"L1:[sp=X,78] C=2,K=31,Y=1,R=1,X=1,S=1 || L2:[sp=K,1] R=1,S=1,C=1,K=11,X=1,Y=1",-883009.0,-163323000.0,1,X|K,1
Y,78,X,120,C,2,K,31,R,1,Y,1,S,1,K,1,R,1,S,1,X,1,C,2,K,1,Y,1,"L1:[sp=Y,78] X=120,C=2,K=31,R=1,Y=1,S=1 || L2:[sp=K,1] R=1,S=1,X=1,C=2,K=1,Y=1",-inf,-inf,0,Y|K,1
Y,78,X,1,K,9,Y,51,R,1,S,1,C,3,X,1,S,1,R,1,C,1,X,1,K,1,Y,51,"L1:[sp=Y,78] X=1,K=9,Y=51,R=1,S=1,C=3 || L2:[sp=X,1] S=1,R=1,C=1,X=1,K=1,Y=51",-inf,-inf,0,Y|X,1
X,78,K,31,C,3,X,1,R,1,Y,1,S,1,K,1,R,1,S,1,C,2,X,1,K,1,Y,1,"L1:[sp=X,78] K=31,C=3,X=1,R=1,Y=1,S=1 || L2:[sp=K,1] R=1,S=1,C=2,X=1,K=1,Y=1",-inf,-inf,0,X|K,1
C,78,X,1,S,1,Y,1,R,1,K,37,C,2,X,1,Y,1,S,1,R,1,X,1,K,1,C,1,"L1:[sp=C,78] X=1,S=1,Y=1,R=1,K=37,C=2 || L2:[sp=X,1] Y=1,S=1,R=1,X=1,K=1,C=1",-58705921.0,-163323000.0,1,C|X,1
X,78,K,31,C,3,X,1,R,1,Y,1,S,1,K,1,R,1,S,1,C,2,X,1,K,1,Y,1,"L1:[sp=X,78] K=31,C=3,X=1,R=1,Y=1,S=1 || L2:[sp=K,1] R=1,S=1,C=2,X=1,K=1,Y=1",-inf,-inf,0,X|K,1
X,78,K,31,C,3,X,101,R,1,Y,1,S,1,K,1,K,30,S,1,C,2,X,1,R,1,Y,1,"L1:[sp=X,78] K=31,C=3,X=101,R=1,Y=1,S=1 || L2:[sp=K,1] K=30,S=1,C=2,X=1,R=1,Y=1",-inf,-inf,0,X|K,1
Y,78,X,1,K,18,C,3,R,1,S,1,Y,1,Y,1,S,1,R,1,C,1,X,1,K,1,Y,1,"L1:[sp=Y,78] X=1,K=18,C=3,R=1,S=1,Y=1 || L2:[sp=Y,1] S=1,R=1,C=1,X=1,K=1,Y=1",-inf,-inf,0,Y|Y,1
Y,78,X,1,K,18,C,3,S,1,R,1,Y,1,Y,1,S,1,R,1,X,1,C,1,K,1,Y,1,"L1:[sp=Y,78] X=1,K=18,C=3,S=1,R=1,Y=1 || L2:[sp=Y,1] S=1,R=1,X=1,C=1,K=1,Y=1",-inf,-inf,0,Y|Y,1
K,78,X,1,R,3,Y,1,S,1,K,31,C,2,K,1,K,1,S,1,R,1,X,1,Y,1,C,1,"L1:[sp=K,78] X=1,R=3,Y=1,S=1,K=31,C=2 || L2:[sp=K,1] K=1,S=1,R=1,X=1,Y=1,C=1",-inf,-inf,0,K|K,1
X,78,X,1,K,9,Y,169,R,1,S,1,C,1,Y,1,S,1,R,1,C,1,X,1,K,9,Y,1,"L1:[sp=X,78] X=1,K=9,Y=169,R=1,S=1,C=1 || L2:[sp=Y,1] S=1,R=1,C=1,X=1,K=9,Y=1",-inf,-inf,0,X|Y,1
X,78,K,31,C,3,X,1,Y,1,R,1,S,1,K,1,R,1,S,1,C,2,X,1,K,1,Y,1,"L1:[sp=X,78] K=31,C=3,X=1,Y=1,R=1,S=1 || L2:[sp=K,1] R=1,S=1,C=2,X=1,K=1,Y=1",-786241.0,-163323000.0,1,X|K,1
X,78,K,31,X,1,C,3,R,1,Y,1,S,1,K,1,R,1,S,1,C,2,X,1,K,1,Y,1,"L1:[sp=X,78] K=31,X=1,C=3,R=1,Y=1,S=1 || L2:[sp=K,1] R=1,S=1,C=2,X=1,K=1,Y=1",-786241.0,-163323000.0,1,X|K,1
X,78,X,1,R,1,Y,1,S,1,K,31,C,1,K,1,K,1,S,1,R,1,X,1,Y,1,C,1,"L1:[sp=X,78] X=1,R=1,Y=1,S=1,K=31,C=1 || L2:[sp=K,1] K=1,S=1,R=1,X=1,Y=1,C=1",-810433.0,-163323000.0,1,X|K,1
X,78,C,2,K,31,Y,149,R,1,X,1,S,3,K,1,R,1,S,1,C,1,K,11,Y,1,X,1,"L1:[sp=X,78] C=2,K=31,Y=149,R=1,X=1,S=3 || L2:[sp=K,1] R=1,S=1,C=1,K=11,Y=1,X=1",-inf,-inf,0,X|K,1
X,78,X,1,R,1,Y,1,S,1,K,61,C,2,K,1,K,1,S,1,R,1,X,1,Y,1,C,1,"L1:[sp=X,78] X=1,R=1,Y=1,S=1,K=61,C=2 || L2:[sp=K,1] K=1,S=1,R=1,X=1,Y=1,C=1",-790273.0,-163323000.0,1,X|K,1
X,78,K,47,C,3,X,1,R,1,S,1,Y,1,K,1,R,1,S,1,C,2,X,1,K,1,Y,1,"L1:[sp=X,78] K=47,C=3,X=1,R=1,S=1,Y=1 || L2:[sp=K,1] R=1,S=1,C=2,X=1,K=1,Y=1",-inf,-inf,0,X|K,1
Y,78,X,1,K,18,C,3,R,1,S,1,Y,1,Y,1,S,1,R,1,C,1,X,1,K,1,Y,1,"L1:[sp=Y,78] X=1,K=18,C=3,R=1,S=1,Y=1 || L2:[sp=Y,1] S=1,R=1,C=1,X=1,K=1,Y=1",-inf,-inf,0,Y|Y,1
Y,78,X,1,K,18,C,3,R,1,S,1,Y,1,Y,1,S,1,R,1,C,1,X,1,K,1,Y,1,"L1:[sp=Y,78] X=1,K=18,C=3,R=1,S=1,Y=1 || L2:[sp=Y,1] S=1,R=1,C=1,X=1,K=1,Y=1",-inf,-inf,0,Y|Y,1
K,78,X,1,K,37,Y,1,R,1,S,1,C,2,X,1,X,1,S,1,R,1,Y,1,K,27,C,1,"L1:[sp=K,78] X=1,K=37,Y=1,R=1,S=1,C=2 || L2:[sp=X,1] X=1,S=1,R=1,Y=1,K=27,C=1",-inf,-inf,0,K|X,1
X,78,K,31,C,3,X,1,Y,1,R,1,S,1,K,1,R,1,S,1,C,2,X,1,K,1,Y,1,"L1:[sp=X,78] K=31,C=3,X=1,Y=1,R=1,S=1 || L2:[sp=K,1] R=1,S=1,C=2,X=1,K=1,Y=1",-786241.0,-163323000.0,1,X|K,1
X,78,X,165,R,1,Y,1,S,1,K,61,C,1,K,1,K,1,S,1,R,1,X,1,Y,1,C,1,"L1:[sp=X,78] X=165,R=1,Y=1,S=1,K=61,C=1 || L2:[sp=K,1] K=1,S=1,R=1,X=1,Y=1,C=1",-inf,-inf,0,X|K,1
X,78,X,1,R,1,Y,1,S,1,K,31,C,2,K,1,K,1,S,1,R,1,X,1,Y,1,C,1,"L1:[sp=X,78] X=1,R=1,Y=1,S=1,K=31,C=2 || L2:[sp=K,1] K=1,S=1,R=1,X=1,Y=1,C=1",-inf,-inf,0,X|K,1
X,78,X,1,R,3,Y,1,S,1,K,31,C,1,K,1,K,1,S,1,R,1,X,1,Y,1,C,1,"L1:[sp=X,78] X=1,R=3,Y=1,S=1,K=31,C=1 || L2:[sp=K,1] K=1,S=1,R=1,X=1,Y=1,C=1",-inf,-inf,0,X|K,1
X,78,K,31,X,1,C,3,R,1,Y,1,S,1,K,1,R,1,S,1,C,2,X,1,K,1,Y,1,"L1:[sp=X,78] K=31,X=1,C=3,R=1,Y=1,S=1 || L2:[sp=K,1] R=1,S=1,C=2,X=1,K=1,Y=1",-786241.0,-163323000.0,1,X|K,1
C,78,X,1,R,1,Y,1,S,1,K,37,C,2,X,1,Y,1,S,1,R,1,X,1,K,1,C,1,"L1:[sp=C,78] X=1,R=1,Y=1,S=1,K=37,C=2 || L2:[sp=X,1] Y=1,S=1,R=1,X=1,K=1,C=1",-58705921.0,-163323000.0,1,C|X,1
X,78,K,19,X,1,C,3,R,1,Y,1,S,1,K,1,R,1,S,1,C,2,X,1,K,1,Y,1,"L1:[sp=X,78] K=19,X=1,C=3,R=1,Y=1,S=1 || L2:[sp=K,1] R=1,S=1,C=2,X=1,K=1,Y=1",-790273.0,-163323000.0,1,X|K,1
X,78,K,45,X,1,C,3,R,1,Y,1,S,3,K,3,R,1,S,1,C,2,X,1,K,1,Y,1,"L1:[sp=X,78] K=45,X=1,C=3,R=1,Y=1,S=3 || L2:[sp=K,3] R=1,S=1,C=2,X=1,K=1,Y=1",-1602049.0,-163323000.0,1,X|K,1
X,78,K,31,C,3,X,92,Y,1,R,1,S,1,K,1,R,1,S,1,C,2,X,1,Y,1,K,1,"L1:[sp=X,78] K=31,C=3,X=92,Y=1,R=1,S=1 || L2:[sp=K,1] R=1,S=1,C=2,X=1,Y=1,K=1",-35616673.0,-163323000.0,1,X|K,1
K,78,K,31,X,1,C,3,R,1,Y,1,S,1,X,1,R,1,S,1,C,2,X,1,K,1,Y,1,"L1:[sp=K,78] K=31,X=1,C=3,R=1,Y=1,S=1 || L2:[sp=X,1] R=1,S=1,C=2,X=1,K=1,Y=1",-42448897.0,-163323000.0,1,K|X,1
K,78,R,1,X,1,Y,1,S,1,K,61,C,2,K,1,K,1,S,1,R,1,X,1,Y,1,C,1,"L1:[sp=K,78] R=1,X=1,Y=1,S=1,K=61,C=2 || L2:[sp=K,1] K=1,S=1,R=1,X=1,Y=1,C=1",-83543041.0,-163323000.0,1,K|K,1
X,78,K,31,C,3,X,1,Y,1,R,1,S,1,K,1,R,1,S,1,C,2,X,1,K,1,Y,1,"L1:[sp=X,78] K=31,C=3,X=1,Y=1,R=1,S=1 || L2:[sp=K,1] R=1,S=1,C=2,X=1,K=1,Y=1",-786241.0,-163323000.0,1,X|K,1
C,78,K,26,X,1,C,3,R,1,Y,1,S,1,X,3,R,1,S,1,C,2,X,1,K,1,Y,1,"L1:[sp=C,78] K=26,X=1,C=3,R=1,Y=1,S=1 || L2:[sp=X,3] R=1,S=1,C=2,X=1,K=1,Y=1",-88058881.0,-163323000.0,1,C|X,1
X,78,K,31,X,1,C,3,R,1,Y,1,S,1,K,1,R,1,S,1,C,2,K,1,X,1,Y,1,"L1:[sp=X,78] K=31,X=1,C=3,R=1,Y=1,S=1 || L2:[sp=K,1] R=1,S=1,C=2,K=1,X=1,Y=1",-786241.0,-163323000.0,1,X|K,1
C,78,X,1,S,1,Y,1,R,1,K,37,C,2,X,1,Y,1,S,1,R,1,X,1,K,8,C,1,"L1:[sp=C,78] X=1,S=1,Y=1,R=1,K=37,C=2 || L2:[sp=X,1] Y=1,S=1,R=1,X=1,K=8,C=1",-inf,-inf,0,C|X,1
X,78,K,31,C,3,X,1,Y,1,R,1,S,1,K,1,R,1,S,1,C,2,X,1,K,1,Y,1,"L1:[sp=X,78] K=31,C=3,X=1,Y=1,R=1,S=1 || L2:[sp=K,1] R=1,S=1,C=2,X=1,K=1,Y=1",-inf,-inf,0,X|K,1
K,78,K,31,X,1,C,3,R,1,Y,1,S,1,X,1,R,1,S,1,C,2,X,1,K,1,Y,1,"L1:[sp=K,78] K=31,X=1,C=3,R=1,Y=1,S=1 || L2:[sp=X,1] R=1,S=1,C=2,X=1,K=1,Y=1",-inf,-inf,0,K|X,1
C,78,X,1,R,1,Y,1,S,1,K,37,C,2,X,1,Y,1,S,1,R,1,X,1,K,1,C,1,"L1:[sp=C,78] X=1,R=1,Y=1,S=1,K=37,C=2 || L2:[sp=X,1] Y=1,S=1,R=1,X=1,K=1,C=1",-inf,-inf,0,C|X,1
K,78,K,31,X,180,C,3,R,1,Y,1,S,1,X,1,R,1,S,1,C,2,X,1,K,1,Y,1,"L1:[sp=K,78] K=31,X=180,C=3,R=1,Y=1,S=1 || L2:[sp=X,1] R=1,S=1,C=2,X=1,K=1,Y=1",-inf,-inf,0,K|X,1
K,78,K,31,C,3,X,1,Y,1,R,1,S,1,X,1,R,1,S,1,C,2,X,1,K,1,Y,1,"L1:[sp=K,78] K=31,C=3,X=1,Y=1,R=1,S=1 || L2:[sp=X,1] R=1,S=1,C=2,X=1,K=1,Y=1",-42448897.0,-163323000.0,1,K|X,1
X,78,K,45,X,73,C,2,R,1,Y,1,S,3,K,3,R,1,S,1,C,1,X,1,K,1,Y,1,"L1:[sp=X,78] K=45,X=73,C=2,R=1,Y=1,S=3 || L2:[sp=K,3] R=1,S=1,C=1,X=1,K=1,Y=1",-inf,-inf,0,X|K,1
C,78,X,1,R,1,Y,1,S,3,K,37,C,3,K,37,Y,1,S,1,R,1,X,1,K,1,C,2,"L1:[sp=C,78] X=1,R=1,Y=1,S=3,K=37,C=3 || L2:[sp=K,37] Y=1,S=1,R=1,X=1,K=1,C=2",-inf,-inf,0,C|K,1
K,78,K,31,X,1,C,2,R,1,Y,1,S,1,X,1,R,1,S,1,Y,1,X,1,K,1,C,2,"L1:[sp=K,78] K=31,X=1,C=2,R=1,Y=1,S=1 || L2:[sp=X,1] R=1,S=1,Y=1,X=1,K=1,C=2",-inf,-inf,0,K|X,1
X,78,K,31,C,3,X,92,Y,1,R,1,S,1,K,1,R,1,S,1,C,2,X,1,Y,1,K,1,"L1:[sp=X,78] K=31,C=3,X=92,Y=1,R=1,S=1 || L2:[sp=K,1] R=1,S=1,C=2,X=1,Y=1,K=1",-inf,-inf,0,X|K,1
X,78,K,45,X,1,C,3,R,1,Y,1,S,1,K,3,R,1,S,1,C,2,X,1,K,1,Y,1,"L1:[sp=X,78] K=45,X=1,C=3,R=1,Y=1,S=1 || L2:[sp=K,3] R=1,S=1,C=2,X=1,K=1,Y=1",-inf,-inf,0,X|K,1
X,78,K,19,X,1,C,3,R,1,Y,1,S,3,K,1,R,1,S,1,C,2,X,1,K,1,Y,1,"L1:[sp=X,78] K=19,X=1,C=3,R=1,Y=1,S=3 || L2:[sp=K,1] R=1,S=1,C=2,X=1,K=1,Y=1",-2327809.0,-163323000.0,1,X|K,1
X,78,Y,1,X,92,C,3,R,1,K,19,S,1,K,1,X,1,S,1,C,2,R,1,K,1,Y,1,"L1:[sp=X,78] Y=1,X=92,C=3,R=1,K=19,S=1 || L2:[sp=K,1] X=1,S=1,C=2,R=1,K=1,Y=1",-35618689.0,-163323000.0,1,X|K,1
X,78,K,21,C,3,X,1,Y,1,R,1,S,3,K,1,R,1,S,1,X,1,C,2,Y,1,K,1,"L1:[sp=X,78] K=21,C=3,X=1,Y=1,R=1,S=3 || L2:[sp=K,1] R=1,S=1,X=1,C=2,Y=1,K=1",-inf,-inf,0,X|K,1
X,78,K,27,X,1,C,3,R,1,Y,1,S,3,K,1,R,1,S,1,C,2,X,1,K,1,Y,1,"L1:[sp=X,78] K=27,X=1,C=3,R=1,Y=1,S=3 || L2:[sp=K,1] R=1,S=1,C=2,X=1,K=1,Y=1",-inf,-inf,0,X|K,1
X,78,K,45,X,1,C,3,R,1,Y,1,S,1,K,3,R,1,S,1,C,2,X,1,K,1,Y,1,"L1:[sp=X,78] K=45,X=1,C=3,R=1,Y=1,S=1 || L2:[sp=K,3] R=1,S=1,C=2,X=1,K=1,Y=1",-inf,-inf,0,X|K,1
X,78,K,19,X,1,C,3,R,1,Y,1,S,3,K,1,R,1,S,1,C,2,X,1,K,1,Y,1,"L1:[sp=X,78] K=19,X=1,C=3,R=1,Y=1,S=3 || L2:[sp=K,1] R=1,S=1,C=2,X=1,K=1,Y=1",-inf,-inf,0,X|K,1
X,78,Y,96,X,92,C,3,R,1,K,19,S,1,K,1,X,1,S,1,C,2,R,1,K,1,Y,47,"L1:[sp=X,78] Y=96,X=92,C=3,R=1,K=19,S=1 || L2:[sp=K,1] X=1,S=1,C=2,R=1,K=1,Y=47",-inf,-inf,0,X|K,1
X,78,K,19,X,12,C,2,R,1,Y,1,S,3,K,1,R,1,S,1,C,2,X,1,K,1,Y,1,"L1:[sp=X,78] K=19,X=12,C=2,R=1,Y=1,S=3 || L2:[sp=K,1] R=1,S=1,C=2,X=1,K=1,Y=1",-inf,-inf,0,X|K,1
K,78,C,3,K,31,X,37,Y,1,R,1,S,1,X,1,R,1,S,1,C,2,X,1,K,1,Y,1,"L1:[sp=K,78] C=3,K=31,X=37,Y=1,R=1,S=1 || L2:[sp=X,1] R=1,S=1,C=2,X=1,K=1,Y=1",-42011425.0,-163323000.0,1,K|X,1
K,78,Y,166,X,92,C,2,R,1,K,19,S,1,X,1,X,1,S,1,C,2,R,1,K,1,Y,1,"L1:[sp=K,78] Y=166,X=92,C=2,R=1,K=19,S=1 || L2:[sp=X,1] X=1,S=1,C=2,R=1,K=1,Y=1",-inf,-inf,0,K|X,1
X,78,K,19,X,1,C,3,R,1,Y,1,S,3,K,1,R,1,S,1,C,2,X,1,K,1,Y,1,"L1:[sp=X,78] K=19,X=1,C=3,R=1,Y=1,S=3 || L2:[sp=K,1] R=1,S=1,C=2,X=1,K=1,Y=1",-inf,-inf,0,X|K,1
K,78,Y,1,X,92,C,3,R,1,K,19,S,1,X,1,X,1,S,1,C,2,R,1,K,1,Y,1,"L1:[sp=K,78] Y=1,X=92,C=3,R=1,K=19,S=1 || L2:[sp=X,1] X=1,S=1,C=2,R=1,K=1,Y=1",-25746337.0,-163323000.0,1,K|X,1
X,78,K,31,C,3,X,1,Y,1,R,1,S,1,K,1,R,1,S,1,C,2,X,1,K,1,Y,1,"L1:[sp=X,78] K=31,C=3,X=1,Y=1,R=1,S=1 || L2:[sp=K,1] R=1,S=1,C=2,X=1,K=1,Y=1",-inf,-inf,0,X|K,1
X,78,R,1,X,92,C,3,Y,1,K,19,S,1,K,1,X,1,K,1,C,2,R,1,S,1,Y,1,"L1:[sp=X,78] R=1,X=92,C=3,Y=1,K=19,S=1 || L2:[sp=K,1] X=1,K=1,C=2,R=1,S=1,Y=1",-35618689.0,-163323000.0,1,X|K,1
X,78,Y,1,X,92,C,3,R,3,K,19,S,1,C,3,X,1,S,1,C,2,R,1,K,1,Y,1,"L1:[sp=X,78] Y=1,X=92,C=3,R=3,K=19,S=1 || L2:[sp=C,3] X=1,S=1,C=2,R=1,K=1,Y=1",-inf,-inf,0,X|C,1
C,78,K,19,X,1,C,3,R,1,Y,169,S,3,K,1,R,1,K,1,C,2,X,1,S,1,Y,1,"L1:[sp=C,78] K=19,X=1,C=3,R=1,Y=169,S=3 || L2:[sp=K,1] R=1,K=1,C=2,X=1,S=1,Y=1",-inf,-inf,0,C|K,1
X,78,K,19,X,53,C,3,R,1,Y,111,S,3,X,1,R,1,S,1,C,2,X,1,K,1,Y,1,"L1:[sp=X,78] K=19,X=53,C=3,R=1,Y=111,S=3 || L2:[sp=X,1] R=1,S=1,C=2,X=1,K=1,Y=1",-inf,-inf,0,X|X,1
K,78,K,31,C,3,X,1,Y,1,R,1,S,1,X,1,R,1,S,1,C,2,X,1,K,1,Y,1,"L1:[sp=K,78] K=31,C=3,X=1,Y=1,R=1,S=1 || L2:[sp=X,1] R=1,S=1,C=2,X=1,K=1,Y=1",-inf,-inf,0,K|X,1
X,78,Y,1,X,92,C,3,R,1,K,19,S,1,K,1,X,1,S,1,C,2,R,1,K,1,Y,1,"L1:[sp=X,78] Y=1,X=92,C=3,R=1,K=19,S=1 || L2:[sp=K,1] X=1,S=1,C=2,R=1,K=1,Y=1",-inf,-inf,0,X|K,1
K,78,K,5,C,3,X,1,Y,1,R,1,S,2,X,1,R,1,S,1,C,2,X,1,K,1,Y,1,"L1:[sp=K,78] K=5,C=3,X=1,Y=1,R=1,S=2 || L2:[sp=X,1] R=1,S=1,C=2,X=1,K=1,Y=1",-inf,-inf,0,K|X,1
K,78,Y,1,X,92,C,3,R,1,K,19,S,1,X,1,X,1,S,1,C,2,R,1,K,1,Y,1,"L1:[sp=K,78] Y=1,X=92,C=3,R=1,K=19,S=1 || L2:[sp=X,1] X=1,S=1,C=2,R=1,K=1,Y=1",-inf,-inf,0,K|X,1
K,78,C,3,K,31,X,37,Y,1,R,1,S,1,X,1,R,1,S,1,C,2,X,1,K,11,Y,1,"L1:[sp=K,78] C=3,K=31,X=37,Y=1,R=1,S=1 || L2:[sp=X,1] R=1,S=1,C=2,X=1,K=11,Y=1",-inf,-inf,0,K|X,1
K,78,Y,1,X,92,C,3,R,2,K,19,S,1,X,1,X,1,S,1,C,2,R,1,K,1,Y,1,"L1:[sp=K,78] Y=1,X=92,C=3,R=2,K=19,S=1 || L2:[sp=X,1] X=1,S=1,C=2,R=1,K=1,Y=1",-inf,-inf,0,K|X,1
K,78,Y,1,X,92,C,3,R,1,K,19,S,1,X,1,X,79,S,1,C,2,R,1,K,1,Y,1,"L1:[sp=K,78] Y=1,X=92,C=3,R=1,K=19,S=1 || L2:[sp=X,1] X=79,S=1,C=2,R=1,K=1,Y=1",-22643713.0,-163324000.0,1,K|X,1
X,78,R,3,X,92,C,3,Y,1,S,1,K,19,K,1,X,1,K,1,C,2,R,1,S,1,Y,1,"L1:[sp=X,78] R=3,X=92,C=3,Y=1,S=1,K=19 || L2:[sp=K,1] X=1,K=1,C=2,R=1,S=1,Y=1",-105880681.0,-163323000.0,1,X|K,1
K,78,Y,1,X,92,C,3,R,1,K,19,S,1,X,1,X,1,S,1,C,2,R,1,K,1,Y,1,"L1:[sp=K,78] Y=1,X=92,C=3,R=1,K=19,S=1 || L2:[sp=X,1] X=1,S=1,C=2,R=1,K=1,Y=1",-inf,-inf,0,K|X,1
X,78,C,3,K,31,X,37,R,1,Y,1,S,2,C,1,R,1,S,1,C,2,X,1,K,1,Y,1,"L1:[sp=X,78] C=3,K=31,X=37,R=1,Y=1,S=2 || L2:[sp=C,1] R=1,S=1,C=2,X=1,K=1,Y=1",-14712769.0,-163323000.0,1,X|C,1
X,78,R,1,X,92,C,3,Y,1,K,19,S,1,K,1,X,1,K,1,S,1,R,1,C,2,Y,1,"L1:[sp=X,78] R=1,X=92,C=3,Y=1,K=19,S=1 || L2:[sp=K,1] X=1,K=1,S=1,R=1,C=2,Y=1",-inf,-inf,0,X|K,1
K,78,Y,1,X,92,C,3,R,1,K,19,S,1,X,1,X,1,S,1,C,2,R,1,K,1,Y,1,"L1:[sp=K,78] Y=1,X=92,C=3,R=1,K=19,S=1 || L2:[sp=X,1] X=1,S=1,C=2,R=1,K=1,Y=1",-inf,-inf,0,K|X,1
K,78,Y,1,X,92,C,1,R,1,K,19,S,1,X,1,X,1,S,1,C,1,R,1,K,1,Y,1,"L1:[sp=K,78] Y=1,X=92,C=1,R=1,K=19,S=1 || L2:[sp=X,1] X=1,S=1,C=1,R=1,K=1,Y=1",-inf,-inf,0,K|X,1
K,78,C,3,K,31,X,37,Y,1,R,1,S,1,X,1,R,1,S,1,C,2,X,1,K,26,Y,1,"L1:[sp=K,78] C=3,K=31,X=37,Y=1,R=1,S=1 || L2:[sp=X,1] R=1,S=1,C=2,X=1,K=26,Y=1",-inf,-inf,0,K|X,1
K,78,C,3,K,31,X,37,Y,194,R,1,S,1,X,1,R,1,S,1,C,2,X,1,K,1,Y,1,"L1:[sp=K,78] C=3,K=31,X=37,Y=194,R=1,S=1 || L2:[sp=X,1] R=1,S=1,C=2,X=1,K=1,Y=1",-inf,-inf,0,K|X,1
X,78,R,2,X,92,C,3,Y,1,K,19,S,1,K,1,X,1,K,1,C,2,R,1,S,1,Y,1,"L1:[sp=X,78] R=2,X=92,C=3,Y=1,K=19,S=1 || L2:[sp=K,1] X=1,K=1,C=2,R=1,S=1,Y=1",-70908649.0,-163323000.0,1,X|K,1
K,78,C,3,K,31,X,106,Y,1,R,1,S,1,X,1,R,1,S,1,C,2,X,1,K,1,Y,1,"L1:[sp=K,78] C=3,K=31,X=106,Y=1,R=1,S=1 || L2:[sp=X,1] R=1,S=1,C=2,X=1,K=1,Y=1",-inf,-inf,0,K|X,1
K,78,Y,1,X,37,C,3,R,1,K,19,S,1,X,1,X,1,S,1,C,2,R,1,K,1,Y,1,"L1:[sp=K,78] Y=1,X=37,C=3,R=1,K=19,S=1 || L2:[sp=X,1] X=1,S=1,C=2,R=1,K=1,Y=1",-inf,-inf,0,K|X,1
X,78,C,3,K,31,X,37,R,1,Y,1,S,2,C,1,R,1,S,1,C,2,X,1,K,1,Y,1,"L1:[sp=X,78] C=3,K=31,X=37,R=1,Y=1,S=2 || L2:[sp=C,1] R=1,S=1,C=2,X=1,K=1,Y=1",-inf,-inf,0,X|C,1
X,78,C,3,K,31,X,37,R,1,Y,1,S,1,C,1,R,1,S,1,C,2,X,1,K,1,Y,1,"L1:[sp=X,78] C=3,K=31,X=37,R=1,Y=1,S=1 || L2:[sp=C,1] R=1,S=1,C=2,X=1,K=1,Y=1",-inf,-inf,0,X|C,1
X,78,R,2,X,92,C,3,Y,172,K,19,S,1,K,1,X,1,K,1,C,2,R,1,S,1,Y,1,"L1:[sp=X,78] R=2,X=92,C=3,Y=172,K=19,S=1 || L2:[sp=K,1] X=1,K=1,C=2,R=1,S=1,Y=1",-inf,-inf,0,X|K,1
X,78,R,2,X,92,C,3,Y,1,K,19,S,1,K,1,S,1,K,1,C,2,R,1,X,1,Y,1,"L1:[sp=X,78] R=2,X=92,C=3,Y=1,K=19,S=1 || L2:[sp=K,1] S=1,K=1,C=2,R=1,X=1,Y=1",-inf,-inf,0,X|K,1
K,78,Y,1,X,92,C,3,R,1,K,19,S,1,X,1,X,79,S,1,C,2,R,1,K,1,Y,1,"L1:[sp=K,78] Y=1,X=92,C=3,R=1,K=19,S=1 || L2:[sp=X,1] X=79,S=1,C=2,R=1,K=1,Y=1",-inf,-inf,0,K|X,1
K,78,Y,1,X,92,C,3,R,2,K,19,S,1,X,1,X,1,S,1,C,2,R,2,K,6,Y,1,"L1:[sp=K,78] Y=1,X=92,C=3,R=2,K=19,S=1 || L2:[sp=X,1] X=1,S=1,C=2,R=2,K=6,Y=1",-inf,-inf,0,K|X,1
X,78,R,1,X,92,C,3,Y,1,K,41,S,1,K,1,X,79,K,1,C,2,R,1,S,1,Y,1,"L1:[sp=X,78] R=1,X=92,C=3,Y=1,K=41,S=1 || L2:[sp=K,1] X=79,K=1,C=2,R=1,S=1,Y=1",-inf,-inf,0,X|K,1
X,78,R,1,X,37,C,3,Y,1,K,19,S,2,K,1,X,1,K,1,C,2,R,1,S,1,Y,1,"L1:[sp=X,78] R=1,X=37,C=3,Y=1,K=19,S=2 || L2:[sp=K,1] X=1,K=1,C=2,R=1,S=1,Y=1",-inf,-inf,0,X|K,1
X,78,C,3,K,31,X,92,R,2,Y,1,S,1,C,1,R,1,S,1,C,2,X,1,K,1,Y,1,"L1:[sp=X,78] C=3,K=31,X=92,R=2,Y=1,S=1 || L2:[sp=C,1] R=1,S=1,C=2,X=1,K=1,Y=1",-inf,-inf,0,X|C,1
X,78,X,92,R,1,C,3,Y,1,K,19,S,2,K,1,R,1,K,1,C,2,X,79,S,1,Y,1,"L1:[sp=X,78] X=92,R=1,C=3,Y=1,K=19,S=2 || L2:[sp=K,1] R=1,K=1,C=2,X=79,S=1,Y=1",-36003073.0,-163324000.0,1,X|K,1
K,78,Y,1,X,92,C,3,R,2,K,19,S,1,X,1,X,1,S,1,C,2,R,1,K,1,Y,1,"L1:[sp=K,78] Y=1,X=92,C=3,R=2,K=19,S=1 || L2:[sp=X,1] X=1,S=1,C=2,R=1,K=1,Y=1",-inf,-inf,0,K|X,1
X,78,R,1,X,92,C,3,Y,1,S,1,K,19,K,1,X,88,K,9,C,2,R,1,S,1,Y,1,"L1:[sp=X,78] R=1,X=92,C=3,Y=1,S=1,K=19 || L2:[sp=K,1] X=88,K=9,C=2,R=1,S=1,Y=1",-inf,-inf,0,X|K,1
K,78,Y,1,X,92,C,3,R,3,K,19,S,1,X,1,X,1,S,1,R,1,C,3,K,1,Y,1,"L1:[sp=K,78] Y=1,X=92,C=3,R=3,K=19,S=1 || L2:[sp=X,1] X=1,S=1,R=1,C=3,K=1,Y=1",-inf,-inf,0,K|X,1
X,78,R,2,X,92,C,3,Y,1,K,31,S,1,K,1,X,1,K,1,C,2,R,1,S,1,Y,1,"L1:[sp=X,78] R=2,X=92,C=3,Y=1,K=31,S=1 || L2:[sp=K,1] X=1,K=1,C=2,R=1,S=1,Y=1",-inf,-inf,0,X|K,1
X,78,X,92,R,1,C,3,Y,1,K,19,S,2,K,1,R,1,K,1,C,2,X,79,S,1,Y,1,"L1:[sp=X,78] X=92,R=1,C=3,Y=1,K=19,S=2 || L2:[sp=K,1] R=1,K=1,C=2,X=79,S=1,Y=1",-inf,-inf,0,X|K,1
K,78,X,92,R,1,C,3,Y,1,K,19,S,2,K,1,R,1,K,1,C,2,X,79,S,1,Y,1,"L1:[sp=K,78] X=92,R=1,C=3,Y=1,K=19,S=2 || L2:[sp=K,1] R=1,K=1,C=2,X=79,S=1,Y=1",-22986433.0,-163324000.0,1,K|K,1
X,78,X,92,R,1,C,1,Y,1,K,19,S,2,K,1,R,1,K,1,C,1,X,79,S,1,Y,1,"L1:[sp=X,78] X=92,R=1,C=1,Y=1,K=19,S=2 || L2:[sp=K,1] R=1,K=1,C=1,X=79,S=1,Y=1",-inf,-inf,0,X|K,1
X,78,X,92,R,1,C,3,Y,162,K,19,S,2,K,1,R,1,K,3,C,2,X,79,S,1,Y,1,"L1:[sp=X,78] X=92,R=1,C=3,Y=162,K=19,S=2 || L2:[sp=K,1] R=1,K=3,C=2,X=79,S=1,Y=1",-inf,-inf,0,X|K,1
K,78,X,92,R,1,C,3,Y,1,K,42,S,2,X,1,R,1,K,1,C,2,X,79,S,1,Y,1,"L1:[sp=K,78] X=92,R=1,C=3,Y=1,K=42,S=2 || L2:[sp=X,1] R=1,K=1,C=2,X=79,S=1,Y=1",-50807233.0,-163324000.0,1,K|X,1
K,78,X,92,R,3,C,3,Y,1,K,19,S,2,X,1,R,1,K,1,C,2,X,79,S,1,Y,1,"L1:[sp=K,78] X=92,R=3,C=3,Y=1,K=19,S=2 || L2:[sp=X,1] R=1,K=1,C=2,X=79,S=1,Y=1",-68332933.0,-163324000.0,1,K|X,1
X,78,X,92,R,1,C,3,Y,1,K,19,S,2,K,1,R,1,K,9,C,2,X,79,S,1,Y,1,"L1:[sp=X,78] X=92,R=1,C=3,Y=1,K=19,S=2 || L2:[sp=K,1] R=1,K=9,C=2,X=79,S=1,Y=1",-inf,-inf,0,X|K,1
X,78,X,92,R,1,C,3,Y,1,K,19,S,2,X,92,R,1,K,18,C,2,X,79,S,1,Y,1,"L1:[sp=X,78] X=92,R=1,C=3,Y=1,K=19,S=2 || L2:[sp=X,92] R=1,K=18,C=2,X=79,S=1,Y=1",-inf,-inf,0,X|X,1
K,78,X,92,R,1,C,3,Y,1,K,19,S,2,K,1,R,1,K,1,C,2,X,55,S,1,Y,1,"L1:[sp=K,78] X=92,R=1,C=3,Y=1,K=19,S=2 || L2:[sp=K,1] R=1,K=1,C=2,X=55,S=1,Y=1",-25744321.0,-163323000.0,1,K|K,1
X,78,X,92,R,1,C,1,Y,1,K,19,S,2,K,1,R,1,K,7,C,1,X,79,S,1,Y,1,"L1:[sp=X,78] X=92,R=1,C=1,Y=1,K=19,S=2 || L2:[sp=K,1] R=1,K=7,C=1,X=79,S=1,Y=1",-inf,-inf,0,X|K,1
X,78,X,92,R,1,C,3,Y,1,K,19,S,2,X,46,R,1,K,1,C,3,X,79,S,1,Y,1,"L1:[sp=X,78] X=92,R=1,C=3,Y=1,K=19,S=2 || L2:[sp=X,46] R=1,K=1,C=3,X=79,S=1,Y=1",-inf,-inf,0,X|X,1
X,78,X,92,R,3,C,3,Y,1,K,44,S,2,K,1,R,1,K,1,C,2,Y,1,S,1,X,79,"L1:[sp=X,78] X=92,R=3,C=3,Y=1,K=44,S=2 || L2:[sp=K,1] R=1,K=1,C=2,Y=1,S=1,X=79",-inf,-inf,0,X|K,1
C,78,X,92,R,1,C,2,Y,1,K,19,S,2,K,1,R,1,K,1,C,2,X,79,S,1,Y,1,"L1:[sp=C,78] X=92,R=1,C=2,Y=1,K=19,S=2 || L2:[sp=K,1] R=1,K=1,C=2,X=79,S=1,Y=1",-51625729.0,-163323000.0,1,C|K,1
K,78,X,92,R,1,C,3,Y,1,K,19,S,2,K,1,R,1,K,1,C,2,X,79,S,1,Y,1,"L1:[sp=K,78] X=92,R=1,C=3,Y=1,K=19,S=2 || L2:[sp=K,1] R=1,K=1,C=2,X=79,S=1,Y=1",-22986433.0,-163324000.0,1,K|K,1
K,78,X,92,R,1,C,3,Y,1,K,19,S,2,K,1,R,1,K,1,C,2,X,79,S,1,Y,1,"L1:[sp=K,78] X=92,R=1,C=3,Y=1,K=19,S=2 || L2:[sp=K,1] R=1,K=1,C=2,X=79,S=1,Y=1",-22986433.0,-163324000.0,1,K|K,1
K,78,X,92,R,1,C,3,Y,1,K,19,S,2,K,1,R,1,K,1,C,2,X,79,S,1,Y,1,"L1:[sp=K,78] X=92,R=1,C=3,Y=1,K=19,S=2 || L2:[sp=K,1] R=1,K=1,C=2,X=79,S=1,Y=1",-inf,-inf,0,K|K,1
K,78,X,92,R,1,C,1,Y,1,K,42,S,2,K,21,R,1,K,1,C,1,X,79,S,1,Y,1,"L1:[sp=K,78] X=92,R=1,C=1,Y=1,K=42,S=2 || L2:[sp=K,21] R=1,K=1,C=1,X=79,S=1,Y=1",-inf,-inf,0,K|K,1
K,78,C,3,R,1,X,92,Y,1,K,19,S,2,K,1,R,1,K,1,C,2,X,55,S,1,Y,1,"L1:[sp=K,78] C=3,R=1,X=92,Y=1,K=19,S=2 || L2:[sp=K,1] R=1,K=1,C=2,X=55,S=1,Y=1",-25744321.0,-163323000.0,1,K|K,1
C,78,X,92,R,1,C,1,Y,1,K,19,S,2,K,1,R,1,K,1,C,1,X,79,S,1,Y,1,"L1:[sp=C,78] X=92,R=1,C=1,Y=1,K=19,S=2 || L2:[sp=K,1] R=1,K=1,C=1,X=79,S=1,Y=1",-inf,-inf,0,C|K,1
X,78,S,2,R,1,C,3,Y,1,K,42,X,92,K,1,R,1,K,1,C,2,X,79,S,1,Y,1,"L1:[sp=X,78] S=2,R=1,C=3,Y=1,K=42,X=92 || L2:[sp=K,1] R=1,K=1,C=2,X=79,S=1,Y=1",-36000385.0,-163324000.0,1,X|K,1
K,78,X,92,R,1,C,3,Y,71,K,42,S,2,X,1,R,1,K,1,C,2,X,79,S,1,Y,1,"L1:[sp=K,78] X=92,R=1,C=3,Y=71,K=42,S=2 || L2:[sp=X,1] R=1,K=1,C=2,X=79,S=1,Y=1",-inf,-inf,0,K|X,1
K,78,S,2,R,1,C,2,Y,1,K,19,X,92,C,1,R,1,K,1,C,2,X,48,S,1,Y,1,"L1:[sp=K,78] S=2,R=1,C=2,Y=1,K=19,X=92 || L2:[sp=C,1] R=1,K=1,C=2,X=48,S=1,Y=1",-35400961.0,-163323000.0,1,K|C,1
Y,78,X,92,R,3,C,3,Y,1,K,42,S,2,X,1,R,1,K,12,C,2,X,79,S,1,Y,1,"L1:[sp=Y,78] X=92,R=3,C=3,Y=1,K=42,S=2 || L2:[sp=X,1] R=1,K=12,C=2,X=79,S=1,Y=1",-inf,-inf,0,Y|X,1
K,78,X,92,R,1,C,3,Y,1,K,19,S,2,X,1,R,1,K,1,C,2,X,55,S,1,Y,1,"L1:[sp=K,78] X=92,R=1,C=3,Y=1,K=19,S=2 || L2:[sp=X,1] R=1,K=1,C=2,X=55,S=1,Y=1",-inf,-inf,0,K|X,1
K,78,X,92,R,1,C,2,Y,1,K,19,S,2,X,1,R,1,K,1,C,2,X,79,S,1,Y,1,"L1:[sp=K,78] X=92,R=1,C=2,Y=1,K=19,S=2 || L2:[sp=X,1] R=1,K=1,C=2,X=79,S=1,Y=1",-30651265.0,-163324000.0,1,K|X,1
K,78,X,92,R,1,C,3,Y,1,K,42,S,2,X,1,R,1,K,1,C,2,X,79,S,1,Y,1,"L1:[sp=K,78] X=92,R=1,C=3,Y=1,K=42,S=2 || L2:[sp=X,1] R=1,K=1,C=2,X=79,S=1,Y=1",-50807233.0,-163324000.0,1,K|X,1
K,78,R,1,X,92,C,3,Y,1,K,19,S,2,X,1,R,1,K,1,C,2,X,55,S,1,Y,1,"L1:[sp=K,78] R=1,X=92,C=3,Y=1,K=19,S=2 || L2:[sp=X,1] R=1,K=1,C=2,X=55,S=1,Y=1",-25744321.0,-163323000.0,1,K|X,1
K,78,X,92,R,1,C,3,Y,119,K,19,S,2,K,1,R,1,Y,1,K,1,X,79,S,1,C,2,"L1:[sp=K,78] X=92,R=1,C=3,Y=119,K=19,S=2 || L2:[sp=K,1] R=1,Y=1,K=1,X=79,S=1,C=2",-inf,-inf,0,K|K,1
K,78,X,92,R,1,S,2,Y,193,K,19,C,3,K,1,R,1,K,1,C,2,X,79,S,1,Y,1,"L1:[sp=K,78] X=92,R=1,S=2,Y=193,K=19,C=3 || L2:[sp=K,1] R=1,K=1,C=2,X=79,S=1,Y=1",-inf,-inf,0,K|K,1
K,78,C,3,R,1,X,92,Y,1,K,19,S,2,K,1,R,1,K,1,C,2,X,55,S,1,Y,1,"L1:[sp=K,78] C=3,R=1,X=92,Y=1,K=19,S=2 || L2:[sp=K,1] R=1,K=1,C=2,X=55,S=1,Y=1",-inf,-inf,0,K|K,1
X,78,S,2,R,1,C,3,Y,1,K,42,X,162,K,1,R,1,K,1,C,2,X,55,S,1,Y,1,"L1:[sp=X,78] S=2,R=1,C=3,Y=1,K=42,X=162 || L2:[sp=K,1] R=1,K=1,C=2,X=55,S=1,Y=1",-63095425.0,-163323000.0,1,X|K,1
K,78,C,3,R,1,X,92,Y,1,K,19,S,2,K,1,R,1,K,1,C,2,X,79,S,1,Y,1,"L1:[sp=K,78] C=3,R=1,X=92,Y=1,K=19,S=2 || L2:[sp=K,1] R=1,K=1,C=2,X=79,S=1,Y=1",-inf,-inf,0,K|K,1
K,78,C,3,Y,1,X,57,R,1,K,18,S,1,K,1,R,1,K,1,C,2,Y,1,S,1,X,55,"L1:[sp=K,78] C=3,Y=1,X=57,R=1,K=18,S=1 || L2:[sp=K,1] R=1,K=1,C=2,Y=1,S=1,X=55",-inf,-inf,0,K|K,1
X,78,K,42,R,1,C,3,Y,1,S,2,X,92,K,1,R,1,K,1,C,2,X,79,S,1,Y,1,"L1:[sp=X,78] K=42,R=1,C=3,Y=1,S=2,X=92 || L2:[sp=K,1] R=1,K=1,C=2,X=79,S=1,Y=1",-inf,-inf,0,X|K,1
X,78,S,2,R,3,C,3,Y,1,K,42,X,92,K,1,R,1,K,1,C,1,X,79,S,1,Y,1,"L1:[sp=X,78] S=2,R=3,C=3,Y=1,K=42,X=92 || L2:[sp=K,1] R=1,K=1,C=1,X=79,S=1,Y=1",-inf,-inf,0,X|K,1
X,78,X,78,R,1,C,3,Y,1,K,42,S,2,K,1,R,1,K,1,C,2,X,78,S,1,Y,1,"L1:[sp=X,78] X=78,R=1,C=3,Y=1,K=42,S=2 || L2:[sp=K,1] R=1,K=1,C=2,X=78,S=1,Y=1",-inf,-inf,0,X|K,1
K,78,R,1,X,92,C,3,Y,1,K,1,S,2,X,1,R,1,K,1,C,3,X,79,S,1,Y,1,"L1:[sp=K,78] R=1,X=92,C=3,Y=1,K=1,S=2 || L2:[sp=X,1] R=1,K=1,C=3,X=79,S=1,Y=1",-inf,-inf,0,K|X,1
X,78,X,92,R,1,C,3,Y,1,K,42,S,3,K,1,R,1,K,1,C,2,X,55,S,1,Y,1,"L1:[sp=X,78] X=92,R=1,C=3,Y=1,K=42,S=3 || L2:[sp=K,1] R=1,K=1,C=2,X=55,S=1,Y=1",-inf,-inf,0,X|K,1
X,78,R,1,X,38,C,3,Y,1,K,19,S,2,K,1,R,1,K,1,C,2,X,38,S,1,Y,1,"L1:[sp=X,78] R=1,X=38,C=3,Y=1,K=19,S=2 || L2:[sp=K,1] R=1,K=1,C=2,X=38,S=1,Y=1",-inf,-inf,0,X|K,1
C,78,S,2,R,3,C,2,Y,76,K,19,X,92,K,1,R,1,K,1,C,2,X,55,S,1,Y,1,"L1:[sp=C,78] S=2,R=3,C=2,Y=76,K=19,X=92 || L2:[sp=K,1] R=1,K=1,C=2,X=55,S=1,Y=1",-inf,-inf,0,C|K,1
K,78,R,1,X,61,C,3,Y,1,K,19,S,2,X,1,R,1,K,1,C,2,X,55,S,1,Y,1,"L1:[sp=K,78] R=1,X=61,C=3,Y=1,K=19,S=2 || L2:[sp=X,1] R=1,K=1,C=2,X=55,S=1,Y=1",-inf,-inf,0,K|X,1
K,78,C,3,R,1,X,92,Y,96,K,19,S,2,K,1,R,1,K,18,C,2,X,55,S,1,Y,1,"L1:[sp=K,78] C=3,R=1,X=92,Y=96,K=19,S=2 || L2:[sp=K,1] R=1,K=18,C=2,X=55,S=1,Y=1",-inf,-inf,0,K|K,1
X,78,S,2,R,1,C,3,Y,1,K,42,X,92,K,1,R,1,K,1,C,2,X,79,S,1,Y,1,"L1:[sp=X,78] S=2,R=1,C=3,Y=1,K=42,X=92 || L2:[sp=K,1] R=1,K=1,C=2,X=79,S=1,Y=1",-inf,-inf,0,X|K,1
C,78,K,19,R,1,C,2,Y,1,X,118,S,2,X,1,R,1,K,1,C,2,X,79,S,1,Y,1,"L1:[sp=C,78] K=19,R=1,C=2,Y=1,X=118,S=2 || L2:[sp=X,1] R=1,K=1,C=2,X=79,S=1,Y=1",-61426177.0,-163324000.0,1,C|X,1
C,78,K,19,R,1,C,2,Y,1,X,118,S,2,X,1,R,1,K,1,C,2,X,79,S,1,Y,1,"L1:[sp=C,78] K=19,R=1,C=2,Y=1,X=118,S=2 || L2:[sp=X,1] R=1,K=1,C=2,X=79,S=1,Y=1",-inf,-inf,0,C|X,1
X,78,S,2,R,3,X,162,Y,1,K,42,C,3,K,1,R,1,K,1,C,2,X,55,S,1,Y,1,"L1:[sp=X,78] S=2,R=3,X=162,Y=1,K=42,C=3 || L2:[sp=K,1] R=1,K=1,C=2,X=55,S=1,Y=1",-inf,-inf,0,X|K,1
C,78,K,19,R,1,C,2,Y,62,X,118,S,2,X,1,R,1,K,1,C,1,X,79,S,1,Y,1,"L1:[sp=C,78] K=19,R=1,C=2,Y=62,X=118,S=2 || L2:[sp=X,1] R=1,K=1,C=1,X=79,S=1,Y=1",-inf,-inf,0,C|X,1
X,78,X,162,R,1,C,2,Y,1,K,42,S,1,K,1,R,1,K,1,C,2,X,55,S,1,Y,1,"L1:[sp=X,78] X=162,R=1,C=2,Y=1,K=42,S=1 || L2:[sp=K,1] R=1,K=1,C=2,X=55,S=1,Y=1",-inf,-inf,0,X|K,1
X,78,K,19,R,1,C,2,Y,1,X,118,S,2,X,1,S,1,K,1,C,2,X,79,R,1,Y,1,"L1:[sp=X,78] K=19,R=1,C=2,Y=1,X=118,S=2 || L2:[sp=X,1] S=1,K=1,C=2,X=79,R=1,Y=1",-61426177.0,-163324000.0,1,X|X,1
X,78,K,19,R,1,C,2,Y,1,X,162,S,2,X,1,R,1,K,1,C,2,X,55,S,1,Y,1,"L1:[sp=X,78] K=19,R=1,C=2,Y=1,X=162,S=2 || L2:[sp=X,1] R=1,K=1,C=2,X=55,S=1,Y=1",-84134401.0,-163323000.0,1,X|X,1
X,78,S,2,R,1,C,3,Y,146,K,42,X,118,C,3,R,1,K,1,C,2,X,79,S,1,Y,1,"L1:[sp=X,78] S=2,R=1,C=3,Y=146,K=42,X=118 || L2:[sp=C,3] R=1,K=1,C=2,X=79,S=1,Y=1",-inf,-inf,0,X|C,1
X,78,S,2,R,1,C,3,Y,1,K,42,X,118,K,1,R,1,K,1,C,2,X,11,S,1,Y,1,"L1:[sp=X,78] S=2,R=1,C=3,Y=1,K=42,X=118 || L2:[sp=K,1] R=1,K=1,C=2,X=11,S=1,Y=1",-inf,-inf,0,X|K,1
C,78,K,19,S,2,C,2,Y,1,X,162,R,1,X,1,R,1,K,1,C,2,X,55,S,1,Y,1,"L1:[sp=C,78] K=19,S=2,C=2,Y=1,X=162,R=1 || L2:[sp=X,1] R=1,K=1,C=2,X=55,S=1,Y=1",-69941761.0,-163323000.0,1,C|X,1
C,78,K,19,X,150,S,2,Y,1,R,1,C,2,X,1,R,1,K,1,C,2,X,79,S,1,Y,1,"L1:[sp=C,78] K=19,X=150,S=2,Y=1,R=1,C=2 || L2:[sp=X,1] R=1,K=1,C=2,X=79,S=1,Y=1",-57555457.0,-163324000.0,1,C|X,1
X,78,S,2,R,1,C,3,Y,1,K,42,X,162,K,1,R,1,K,1,C,2,X,146,S,1,Y,1,"L1:[sp=X,78] S=2,R=1,C=3,Y=1,K=42,X=162 || L2:[sp=K,1] R=1,K=1,C=2,X=146,S=1,Y=1",-inf,-inf,0,X|K,1
C,78,K,19,R,1,C,2,Y,180,X,118,S,2,C,2,R,1,K,1,C,2,X,79,S,1,Y,1,"L1:[sp=C,78] K=19,R=1,C=2,Y=180,X=118,S=2 || L2:[sp=C,2] R=1,K=1,C=2,X=79,S=1,Y=1",-inf,-inf,0,C|C,1
X,78,S,2,R,3,C,1,Y,1,K,42,X,162,K,1,R,1,K,1,C,1,X,55,S,1,Y,1,"L1:[sp=X,78] S=2,R=3,C=1,Y=1,K=42,X=162 || L2:[sp=K,1] R=1,K=1,C=1,X=55,S=1,Y=1",-inf,-inf,0,X|K,1
C,78,K,19,R,1,C,2,Y,1,X,188,S,2,X,1,R,1,K,1,C,2,X,79,S,1,Y,1,"L1:[sp=C,78] K=19,R=1,C=2,Y=1,X=188,S=2 || L2:[sp=X,1] R=1,K=1,C=2,X=79,S=1,Y=1",-56781313.0,-163324000.0,1,C|X,1
X,78,S,2,R,1,C,3,Y,149,K,42,X,162,X,18,R,1,K,1,C,2,X,55,S,1,Y,1,"L1:[sp=X,78] S=2,R=1,C=3,Y=149,K=42,X=162 || L2:[sp=X,18] R=1,K=1,C=2,X=55,S=1,Y=1",-inf,-inf,0,X|X,1
X,78,S,2,R,1,C,3,Y,1,K,42,X,162,K,1,R,1,K,1,C,2,X,55,S,1,Y,1,"L1:[sp=X,78] S=2,R=1,C=3,Y=1,K=42,X=162 || L2:[sp=K,1] R=1,K=1,C=2,X=55,S=1,Y=1",-inf,-inf,0,X|K,1
C,78,K,19,R,1,C,2,Y,1,X,188,S,2,X,1,R,1,K,1,C,2,X,79,S,1,Y,1,"L1:[sp=C,78] K=19,R=1,C=2,Y=1,X=188,S=2 || L2:[sp=X,1] R=1,K=1,C=2,X=79,S=1,Y=1",-inf,-inf,0,C|X,1
C,78,K,19,R,1,C,2,Y,1,X,188,S,3,X,1,R,1,K,9,C,2,X,79,S,1,Y,1,"L1:[sp=C,78] K=19,R=1,C=2,Y=1,X=188,S=3 || L2:[sp=X,1] R=1,K=9,C=2,X=79,S=1,Y=1",-inf,-inf,0,C|X,1
C,78,K,19,S,2,C,2,Y,1,X,162,R,3,X,2,R,1,K,1,C,2,X,55,S,1,Y,1,"L1:[sp=C,78] K=19,S=2,C=2,Y=1,X=162,R=3 || L2:[sp=X,2] R=1,K=1,C=2,X=55,S=1,Y=1",-inf,-inf,0,C|X,1
Y,78,K,19,X,150,S,2,C,2,R,1,Y,1,X,1,X,79,K,1,C,2,R,1,S,1,Y,1,"L1:[sp=Y,78] K=19,X=150,S=2,C=2,R=1,Y=1 || L2:[sp=X,1] X=79,K=1,C=2,R=1,S=1,Y=1",-inf,-inf,0,Y|X,1
C,78,K,14,S,2,C,2,Y,1,X,162,R,1,X,1,R,1,K,4,C,2,X,55,S,1,Y,1,"L1:[sp=C,78] K=14,S=2,C=2,Y=1,X=162,R=1 || L2:[sp=X,1] R=1,K=4,C=2,X=55,S=1,Y=1",-inf,-inf,0,C|X,1
C,78,K,19,X,188,S,2,Y,1,R,1,C,2,X,1,R,1,K,1,C,2,S,1,X,79,Y,1,"L1:[sp=C,78] K=19,X=188,S=2,Y=1,R=1,C=2 || L2:[sp=X,1] R=1,K=1,C=2,S=1,X=79,Y=1",-inf,-inf,0,C|X,1
C,78,K,19,R,1,C,2,Y,1,X,150,S,2,X,1,Y,1,K,1,C,1,X,79,S,1,R,1,"L1:[sp=C,78] K=19,R=1,C=2,Y=1,X=150,S=2 || L2:[sp=X,1] Y=1,K=1,C=1,X=79,S=1,R=1",-57555457.0,-163323000.0,1,C|X,1
X,78,K,19,R,1,C,2,X,162,Y,1,S,2,C,1,R,1,K,1,C,2,X,55,S,1,Y,1,"L1:[sp=X,78] K=19,R=1,C=2,X=162,Y=1,S=2 || L2:[sp=C,1] R=1,K=1,C=2,X=55,S=1,Y=1",-84134401.0,-163323000.0,1,X|C,1
C,78,K,19,R,1,S,2,Y,39,X,150,C,2,X,1,R,1,K,1,C,2,X,79,S,1,Y,1,"L1:[sp=C,78] K=19,R=1,S=2,Y=39,X=150,C=2 || L2:[sp=X,1] R=1,K=1,C=2,X=79,S=1,Y=1",-inf,-inf,0,C|X,1
C,78,K,19,R,1,C,1,Y,1,X,162,S,2,X,1,R,1,K,1,C,1,X,55,S,1,Y,1,"L1:[sp=C,78] K=19,R=1,C=1,Y=1,X=162,S=2 || L2:[sp=X,1] R=1,K=1,C=1,X=55,S=1,Y=1",-inf,-inf,0,C|X,1
C,78,K,19,Y,1,C,2,S,2,X,188,R,1,X,1,R,1,K,1,C,2,X,79,S,1,Y,1,"L1:[sp=C,78] K=19,Y=1,C=2,S=2,X=188,R=1 || L2:[sp=X,1] R=1,K=1,C=2,X=79,S=1,Y=1",-inf,-inf,0,C|X,1
C,78,K,19,Y,1,C,2,R,1,X,188,S,2,X,1,R,1,K,1,C,2,X,79,S,1,Y,1,"L1:[sp=C,78] K=19,Y=1,C=2,R=1,X=188,S=2 || L2:[sp=X,1] R=1,K=1,C=2,X=79,S=1,Y=1",-56781313.0,-163324000.0,1,C|X,1
C,78,K,19,X,150,S,2,Y,92,R,1,C,2,X,1,R,1,K,1,C,2,X,79,S,1,Y,1,"L1:[sp=C,78] K=19,X=150,S=2,Y=92,R=1,C=2 || L2:[sp=X,1] R=1,K=1,C=2,X=79,S=1,Y=1",-inf,-inf,0,C|X,1
C,78,K,19,R,1,C,2,Y,1,X,150,S,2,X,1,R,1,K,1,C,2,X,97,S,1,Y,1,"L1:[sp=C,78] K=19,R=1,C=2,Y=1,X=150,S=2 || L2:[sp=X,1] R=1,K=1,C=2,X=97,S=1,Y=1",-inf,-inf,0,C|X,1
C,78,K,19,X,102,S,2,Y,1,R,1,C,2,X,1,R,1,K,1,C,2,X,79,S,1,Y,1,"L1:[sp=C,78] K=19,X=102,S=2,Y=1,R=1,C=2 || L2:[sp=X,1] R=1,K=1,C=2,X=79,S=1,Y=1",-inf,-inf,0,C|X,1
X,78,K,37,R,1,C,2,Y,1,X,188,S,2,X,1,R,1,K,1,C,2,X,79,S,1,Y,1,"L1:[sp=X,78] K=37,R=1,C=2,Y=1,X=188,S=2 || L2:[sp=X,1] R=1,K=1,C=2,X=79,S=1,Y=1",-inf,-inf,0,X|X,1
C,78,X,162,R,1,C,2,Y,1,S,2,K,19,X,1,R,1,K,18,C,2,X,13,S,1,Y,1,"L1:[sp=C,78] X=162,R=1,C=2,Y=1,S=2,K=19 || L2:[sp=X,1] R=1,K=18,C=2,X=13,S=1,Y=1",-inf,-inf,0,C|X,1
C,78,K,19,Y,1,C,2,R,1,X,188,S,2,X,1,R,1,K,1,C,2,X,79,S,1,Y,1,"L1:[sp=C,78] K=19,Y=1,C=2,R=1,X=188,S=2 || L2:[sp=X,1] R=1,K=1,C=2,X=79,S=1,Y=1",-inf,-inf,0,C|X,1
X,78,K,19,R,1,C,2,X,162,Y,1,S,2,C,1,R,1,K,9,C,2,X,55,S,1,Y,1,"L1:[sp=X,78] K=19,R=1,C=2,X=162,Y=1,S=2 || L2:[sp=C,1] R=1,K=9,C=2,X=55,S=1,Y=1",-inf,-inf,0,X|C,1
C,78,K,19,Y,198,C,2,R,1,X,188,S,2,X,1,R,1,K,1,C,2,X,70,S,1,Y,1,"L1:[sp=C,78] K=19,Y=198,C=2,R=1,X=188,S=2 || L2:[sp=X,1] R=1,K=1,C=2,X=70,S=1,Y=1",-inf,-inf,0,C|X,1
X,78,X,162,R,1,C,1,K,19,Y,1,S,2,C,1,R,1,K,1,C,1,X,55,S,1,Y,1,"L1:[sp=X,78] X=162,R=1,C=1,K=19,Y=1,S=2 || L2:[sp=C,1] R=1,K=1,C=1,X=55,S=1,Y=1",-63108865.0,-163323000.0,1,X|C,1
C,78,K,19,C,2,R,1,Y,1,X,150,S,2,X,1,Y,1,K,1,C,1,S,1,X,79,R,1,"L1:[sp=C,78] K=19,C=2,R=1,Y=1,X=150,S=2 || L2:[sp=X,1] Y=1,K=1,C=1,S=1,X=79,R=1",-57555457.0,-163323000.0,1,C|X,1
C,78,K,19,R,1,C,2,Y,93,X,150,S,2,X,1,Y,1,K,1,C,2,X,79,S,1,R,1,"L1:[sp=C,78] K=19,R=1,C=2,Y=93,X=150,S=2 || L2:[sp=X,1] Y=1,K=1,C=2,X=79,S=1,R=1",-inf,-inf,0,C|X,1
C,78,K,19,Y,1,C,2,R,1,X,188,S,2,X,1,R,1,K,1,C,2,X,79,S,1,Y,1,"L1:[sp=C,78] K=19,Y=1,C=2,R=1,X=188,S=2 || L2:[sp=X,1] R=1,K=1,C=2,X=79,S=1,Y=1",-inf,-inf,0,C|X,1
C,78,K,19,R,1,C,1,Y,1,X,150,S,2,X,1,Y,1,K,1,C,1,X,79,S,1,R,1,"L1:[sp=C,78] K=19,R=1,C=1,Y=1,X=150,S=2 || L2:[sp=X,1] Y=1,K=1,C=1,X=79,S=1,R=1",-inf,-inf,0,C|X,1
X,78,K,19,Y,1,C,2,R,1,S,2,X,188,C,1,R,1,K,1,C,2,X,162,S,1,Y,1,"L1:[sp=X,78] K=19,Y=1,C=2,R=1,S=2,X=188 || L2:[sp=C,1] R=1,K=1,C=2,X=162,S=1,Y=1",-inf,-inf,0,X|C,1
X,78,X,162,R,1,C,2,K,19,Y,1,S,2,C,1,R,1,K,1,C,2,X,55,S,1,Y,1,"L1:[sp=X,78] X=162,R=1,C=2,K=19,Y=1,S=2 || L2:[sp=C,1] R=1,K=1,C=2,X=55,S=1,Y=1",-84134401.0,-163323000.0,1,X|C,1
X,78,K,19,R,1,C,2,Y,1,X,150,S,2,X,1,Y,1,K,1,C,1,X,138,S,1,R,1,"L1:[sp=X,78] K=19,R=1,C=2,Y=1,X=150,S=2 || L2:[sp=X,1] Y=1,K=1,C=1,X=138,S=1,R=1",-inf,-inf,0,X|X,1
X,78,K,19,R,1,C,2,X,162,Y,1,S,2,C,1,X,55,K,1,C,2,R,1,S,1,Y,1,"L1:[sp=X,78] K=19,R=1,C=2,X=162,Y=1,S=2 || L2:[sp=C,1] X=55,K=1,C=2,R=1,S=1,Y=1",-inf,-inf,0,X|C,1
C,78,K,19,R,1,C,2,Y,1,X,150,S,2,X,1,Y,1,K,1,C,1,X,79,S,1,R,1,"L1:[sp=C,78] K=19,R=1,C=2,Y=1,X=150,S=2 || L2:[sp=X,1] Y=1,K=1,C=1,X=79,S=1,R=1",-inf,-inf,0,C|X,1
C,78,K,60,Y,1,C,2,R,1,X,150,S,2,X,1,R,1,C,2,X,79,K,1,S,1,Y,1,"L1:[sp=C,78] K=60,Y=1,C=2,R=1,X=150,S=2 || L2:[sp=X,1] R=1,C=2,X=79,K=1,S=1,Y=1",-inf,-inf,0,C|X,1
C,78,R,1,K,31,C,2,Y,1,X,188,S,2,Y,1,Y,1,S,1,C,1,X,79,K,1,R,1,"L1:[sp=C,78] R=1,K=31,C=2,Y=1,X=188,S=2 || L2:[sp=Y,1] Y=1,S=1,C=1,X=79,K=1,R=1",-56778625.0,-163323000.0,1,C|Y,1
C,78,K,19,Y,129,C,2,R,1,X,150,S,2,X,1,R,1,K,1,C,2,X,79,S,1,Y,1,"L1:[sp=C,78] K=19,Y=129,C=2,R=1,X=150,S=2 || L2:[sp=X,1] R=1,K=1,C=2,X=79,S=1,Y=1",-inf,-inf,0,C|X,1
C,78,X,188,R,1,C,2,Y,1,K,19,S,2,X,1,Y,1,K,1,C,2,X,79,S,1,R,1,"L1:[sp=C,78] X=188,R=1,C=2,Y=1,K=19,S=2 || L2:[sp=X,1] Y=1,K=1,C=2,X=79,S=1,R=1",-inf,-inf,0,C|X,1
C,78,K,36,Y,1,C,2,R,1,X,188,S,2,X,1,R,1,K,1,C,2,X,79,S,1,Y,1,"L1:[sp=C,78] K=36,Y=1,C=2,R=1,X=188,S=2 || L2:[sp=X,1] R=1,K=1,C=2,X=79,S=1,Y=1",-inf,-inf,0,C|X,1
C,78,R,1,K,31,C,2,Y,1,X,188,S,2,Y,1,Y,1,S,1,C,1,X,79,K,1,R,1,"L1:[sp=C,78] R=1,K=31,C=2,Y=1,X=188,S=2 || L2:[sp=Y,1] Y=1,S=1,C=1,X=79,K=1,R=1",-inf,-inf,0,C|Y,1
X,78,X,188,R,1,C,1,K,19,Y,1,S,2,C,1,R,1,K,14,C,1,X,79,S,1,Y,1,"L1:[sp=X,78] X=188,R=1,C=1,K=19,Y=1,S=2 || L2:[sp=C,1] R=1,K=14,C=1,X=79,S=1,Y=1",-inf,-inf,0,X|C,1
Y,78,R,1,K,31,C,2,Y,1,X,162,S,2,C,1,Y,1,S,1,C,1,X,55,K,1,R,1,"L1:[sp=Y,78] R=1,K=31,C=2,Y=1,X=162,S=2 || L2:[sp=C,1] Y=1,S=1,C=1,X=55,K=1,R=1",-inf,-inf,0,Y|C,1
X,78,X,150,R,2,S,2,K,19,Y,1,C,2,C,1,R,1,K,1,C,1,X,79,S,1,Y,1,"L1:[sp=X,78] X=150,R=2,S=2,K=19,Y=1,C=2 || L2:[sp=C,1] R=1,K=1,C=1,X=79,S=1,Y=1",-116381025.0,-163323000.0,1,X|C,1
C,78,K,19,C,1,R,1,Y,1,X,162,S,1,X,1,Y,1,K,1,C,1,S,1,X,55,R,1,"L1:[sp=C,78] K=19,C=1,R=1,Y=1,X=162,S=1 || L2:[sp=X,1] Y=1,K=1,C=1,S=1,X=55,R=1",-inf,-inf,0,C|X,1
K,78,X,162,R,1,C,1,K,19,Y,1,S,2,C,1,R,1,K,1,C,1,X,55,S,1,Y,1,"L1:[sp=K,78] X=162,R=1,C=1,K=19,Y=1,S=2 || L2:[sp=C,1] R=1,K=1,C=1,X=55,S=1,Y=1",-31149217.0,-163323000.0,1,K|C,1
X,78,X,162,R,1,C,2,K,19,Y,1,S,2,C,1,R,1,K,1,C,2,X,55,S,1,Y,1,"L1:[sp=X,78] X=162,R=1,C=2,K=19,Y=1,S=2 || L2:[sp=C,1] R=1,K=1,C=2,X=55,S=1,Y=1",-84134401.0,-163323000.0,1,X|C,1
C,78,R,2,K,31,S,2,Y,1,X,188,C,2,Y,1,Y,1,S,1,C,1,X,79,K,1,R,1,"L1:[sp=C,78] R=2,K=31,S=2,Y=1,X=188,C=2 || L2:[sp=Y,1] Y=1,S=1,C=1,X=79,K=1,R=1",-113039593.0,-163323000.0,1,C|Y,1
X,78,X,162,R,1,C,2,K,19,Y,1,S,2,C,1,R,1,K,1,C,2,X,55,S,1,Y,1,"L1:[sp=X,78] X=162,R=1,C=2,K=19,Y=1,S=2 || L2:[sp=C,1] R=1,K=1,C=2,X=55,S=1,Y=1",-inf,-inf,0,X|C,1
C,78,R,1,K,31,C,2,Y,1,X,162,S,2,Y,1,Y,1,S,1,C,2,X,55,K,1,R,1,"L1:[sp=C,78] R=1,K=31,C=2,Y=1,X=162,S=2 || L2:[sp=Y,1] Y=1,S=1,C=2,X=55,K=1,R=1",-69939073.0,-163323000.0,1,C|Y,1
C,78,X,188,R,1,C,2,K,19,Y,1,S,2,X,1,R,1,K,1,C,2,X,79,S,1,Y,1,"L1:[sp=C,78] X=188,R=1,C=2,K=19,Y=1,S=2 || L2:[sp=X,1] R=1,K=1,C=2,X=79,S=1,Y=1",-56781313.0,-163324000.0,1,C|X,1
C,78,K,19,C,2,Y,1,R,1,X,150,S,2,X,1,Y,1,K,1,C,1,S,1,X,79,R,1,"L1:[sp=C,78] K=19,C=2,Y=1,R=1,X=150,S=2 || L2:[sp=X,1] Y=1,K=1,C=1,S=1,X=79,R=1",-57555457.0,-163323000.0,1,C|X,1
C,78,R,1,K,63,C,1,Y,1,X,188,S,1,Y,1,Y,1,S,1,C,1,X,79,K,1,R,1,"L1:[sp=C,78] R=1,K=63,C=1,Y=1,X=188,S=1 || L2:[sp=Y,1] Y=1,S=1,C=1,X=79,K=1,R=1",-inf,-inf,0,C|Y,1
C,78,K,19,C,2,R,1,Y,113,X,162,S,2,X,1,Y,1,K,1,C,1,S,1,X,55,R,1,"L1:[sp=C,78] K=19,C=2,R=1,Y=113,X=162,S=2 || L2:[sp=X,1] Y=1,K=1,C=1,S=1,X=55,R=1",-inf,-inf,0,C|X,1
X,78,X,150,C,1,R,1,K,13,Y,1,S,2,C,1,R,1,K,1,C,1,X,79,S,1,Y,1,"L1:[sp=X,78] X=150,C=1,R=1,K=13,Y=1,S=2 || L2:[sp=C,1] R=1,K=1,C=1,X=79,S=1,Y=1",-58468033.0,-163323000.0,1,X|C,1
X,78,X,150,R,1,C,2,K,19,Y,1,S,2,C,1,R,1,K,13,C,2,X,79,S,1,Y,1,"L1:[sp=X,78] X=150,R=1,C=2,K=19,Y=1,S=2 || L2:[sp=C,1] R=1,K=13,C=2,X=79,S=1,Y=1",-inf,-inf,0,X|C,1
C,78,K,19,C,2,R,1,Y,1,X,162,S,2,X,1,Y,1,K,1,C,1,S,1,X,55,R,1,"L1:[sp=C,78] K=19,C=2,R=1,Y=1,X=162,S=2 || L2:[sp=X,1] Y=1,K=1,C=1,S=1,X=55,R=1",-inf,-inf,0,C|X,1
Y,78,K,19,C,2,R,1,Y,1,X,150,S,2,X,1,Y,1,K,1,X,79,S,1,C,1,R,1,"L1:[sp=Y,78] K=19,C=2,R=1,Y=1,X=150,S=2 || L2:[sp=X,1] Y=1,K=1,X=79,S=1,C=1,R=1",-inf,-inf,0,Y|X,1
K,78,X,162,R,1,C,1,K,19,Y,1,S,2,C,1,R,1,K,1,C,1,X,55,S,1,Y,1,"L1:[sp=K,78] X=162,R=1,C=1,K=19,Y=1,S=2 || L2:[sp=C,1] R=1,K=1,C=1,X=55,S=1,Y=1",-inf,-inf,0,K|C,1
C,78,R,2,K,31,S,2,Y,1,X,188,C,2,Y,1,Y,1,S,1,C,1,X,79,K,1,R,2,"L1:[sp=C,78] R=2,K=31,S=2,Y=1,X=188,C=2 || L2:[sp=Y,1] Y=1,S=1,C=1,X=79,K=1,R=2",-inf,-inf,0,C|Y,1
C,78,K,19,C,2,Y,1,S,2,X,150,R,1,X,1,Y,1,K,1,C,1,S,1,X,79,R,1,"L1:[sp=C,78] K=19,C=2,Y=1,S=2,X=150,R=1 || L2:[sp=X,1] Y=1,K=1,C=1,S=1,X=79,R=1",-inf,-inf,0,C|X,1
C,78,R,1,K,31,C,2,Y,137,X,162,S,2,Y,1,Y,1,S,1,C,2,X,55,K,1,R,1,"L1:[sp=C,78] R=1,K=31,C=2,Y=137,X=162,S=2 || L2:[sp=Y,1] Y=1,S=1,C=2,X=55,K=1,R=1",-inf,-inf,0,C|Y,1
X,78,X,150,R,2,S,3,K,19,Y,1,C,2,C,1,R,1,K,1,C,1,X,79,S,1,Y,1,"L1:[sp=X,78] X=150,R=2,S=3,K=19,Y=1,C=2 || L2:[sp=C,1] R=1,K=1,C=1,X=79,S=1,Y=1",-inf,-inf,0,X|C,1
C,78,R,1,K,40,S,2,Y,1,X,150,C,2,Y,1,Y,1,S,1,C,1,X,79,K,1,R,1,"L1:[sp=C,78] R=1,K=40,S=2,Y=1,X=150,C=2 || L2:[sp=Y,1] Y=1,S=1,C=1,X=79,K=1,R=1",-inf,-inf,0,C|Y,1
C,78,K,19,C,1,Y,1,R,2,X,188,S,2,X,1,Y,1,K,1,C,1,S,1,X,79,R,1,"L1:[sp=C,78] K=19,C=1,Y=1,R=2,X=188,S=2 || L2:[sp=X,1] Y=1,K=1,C=1,S=1,X=79,R=1",-inf,-inf,0,C|X,1
Y,78,S,2,C,1,R,1,K,13,Y,1,X,150,C,1,R,1,K,1,C,1,X,79,S,1,Y,1,"L1:[sp=Y,78] S=2,C=1,R=1,K=13,Y=1,X=150 || L2:[sp=C,1] R=1,K=1,C=1,X=79,S=1,Y=1",-inf,-inf,0,Y|C,1
C,78,K,14,C,2,Y,1,R,1,X,150,S,2,X,1,Y,1,K,1,C,1,S,2,X,79,R,1,"L1:[sp=C,78] K=14,C=2,Y=1,R=1,X=150,S=2 || L2:[sp=X,1] Y=1,K=1,C=1,S=2,X=79,R=1",-inf,-inf,0,C|X,1
X,78,X,152,R,1,C,2,K,19,Y,1,S,2,C,1,R,1,K,1,C,2,X,55,S,1,Y,1,"L1:[sp=X,78] X=152,R=1,C=2,K=19,Y=1,S=2 || L2:[sp=C,1] R=1,K=1,C=2,X=55,S=1,Y=1",-inf,-inf,0,X|C,1
X,78,X,150,C,2,R,1,K,13,Y,1,S,2,C,1,R,1,K,1,C,1,X,79,S,1,Y,1,"L1:[sp=X,78] X=150,C=2,R=1,K=13,Y=1,S=2 || L2:[sp=C,1] R=1,K=1,C=1,X=79,S=1,Y=1",-inf,-inf,0,X|C,1
K,78,X,162,R,1,C,1,K,19,Y,1,S,2,C,1,R,1,K,1,C,1,X,55,S,2,Y,1,"L1:[sp=K,78] X=162,R=1,C=1,K=19,Y=1,S=2 || L2:[sp=C,1] R=1,K=1,C=1,X=55,S=2,Y=1",-41223169.0,-163323000.0,1,K|C,1
X,78,X,150,R,2,S,2,K,19,Y,1,C,2,C,1,R,1,K,1,C,1,X,79,S,1,Y,1,"L1:[sp=X,78] X=150,R=2,S=2,K=19,Y=1,C=2 || L2:[sp=C,1] R=1,K=1,C=1,X=79,S=1,Y=1",-inf,-inf,0,X|C,1
C,78,X,162,R,1,C,1,K,19,Y,1,S,2,K,1,R,1,K,1,C,1,X,55,S,2,Y,1,"L1:[sp=C,78] X=162,R=1,C=1,K=19,Y=1,S=2 || L2:[sp=K,1] R=1,K=1,C=1,X=55,S=2,Y=1",-inf,-inf,0,C|K,1
C,78,K,19,C,2,Y,1,S,2,X,150,R,1,X,1,Y,1,K,1,C,1,S,1,X,79,R,1,"L1:[sp=C,78] K=19,C=2,Y=1,S=2,X=150,R=1 || L2:[sp=X,1] Y=1,K=1,C=1,S=1,X=79,R=1",-inf,-inf,0,C|X,1
C,78,K,19,C,2,X,150,R,1,Y,1,S,2,X,1,Y,1,K,1,C,1,S,1,X,79,R,1,"L1:[sp=C,78] K=19,C=2,X=150,R=1,Y=1,S=2 || L2:[sp=X,1] Y=1,K=1,C=1,S=1,X=79,R=1",-57555457.0,-163323000.0,1,C|X,1
C,78,X,188,R,1,C,2,K,19,Y,1,S,2,X,1,R,1,K,5,C,2,X,79,S,1,Y,1,"L1:[sp=C,78] X=188,R=1,C=2,K=19,Y=1,S=2 || L2:[sp=X,1] R=1,K=5,C=2,X=79,S=1,Y=1",-inf,-inf,0,C|X,1
X,78,X,150,R,2,S,2,K,19,Y,1,C,2,C,1,R,1,X,79,C,1,K,1,S,1,Y,1,"L1:[sp=X,78] X=150,R=2,S=2,K=19,Y=1,C=2 || L2:[sp=C,1] R=1,X=79,C=1,K=1,S=1,Y=1",-inf,-inf,0,X|C,1
K,78,X,162,R,1,C,1,K,19,Y,1,S,2,C,1,R,1,K,1,C,1,X,55,S,2,Y,1,"L1:[sp=K,78] X=162,R=1,C=1,K=19,Y=1,S=2 || L2:[sp=C,1] R=1,K=1,C=1,X=55,S=2,Y=1",-inf,-inf,0,K|C,1
K,78,X,162,R,1,C,1,K,19,Y,1,S,2,C,1,R,1,K,1,C,1,X,94,S,2,Y,1,"L1:[sp=K,78] X=162,R=1,C=1,K=19,Y=1,S=2 || L2:[sp=C,1] R=1,K=1,C=1,X=94,S=2,Y=1",-inf,-inf,0,K|C,1
C,78,K,19,C,2,X,150,R,1,Y,1,S,2,X,1,Y,1,K,1,C,1,S,1,X,124,R,1,"L1:[sp=C,78] K=19,C=2,X=150,R=1,Y=1,S=2 || L2:[sp=X,1] Y=1,K=1,C=1,S=1,X=124,R=1",-45943297.0,-163324000.0,1,C|X,1
C,78,K,19,C,2,X,162,R,1,Y,1,S,2,X,1,Y,1,K,1,C,2,S,2,X,36,R,1,"L1:[sp=C,78] K=19,C=2,X=162,R=1,Y=1,S=2 || L2:[sp=X,1] Y=1,K=1,C=2,S=2,X=36,R=1",-inf,-inf,0,C|X,1
K,78,X,150,R,1,C,1,K,19,Y,1,S,2,C,1,R,1,K,1,C,1,X,79,S,1,Y,1,"L1:[sp=K,78] X=150,R=1,C=1,K=19,Y=1,S=2 || L2:[sp=C,1] R=1,K=1,C=1,X=79,S=1,Y=1",-25633441.0,-163323000.0,1,K|C,1
X,78,X,150,S,2,C,1,K,19,Y,1,R,1,C,1,R,1,K,1,C,1,X,79,S,1,Y,1,"L1:[sp=X,78] X=150,S=2,C=1,K=19,Y=1,R=1 || L2:[sp=C,1] R=1,K=1,C=1,X=79,S=1,Y=1",-58464001.0,-163323000.0,1,X|C,1
C,78,K,19,C,2,X,162,R,1,Y,184,S,2,X,1,Y,1,K,15,C,1,S,2,X,55,R,1,"L1:[sp=C,78] K=19,C=2,X=162,R=1,Y=184,S=2 || L2:[sp=X,1] Y=1,K=15,C=1,S=2,X=55,R=1",-inf,-inf,0,C|X,1
C,78,K,19,C,2,X,150,R,1,Y,1,S,2,X,1,Y,1,K,1,C,2,S,1,X,68,R,1,"L1:[sp=C,78] K=19,C=2,X=150,R=1,Y=1,S=2 || L2:[sp=X,1] Y=1,K=1,C=2,S=1,X=68,R=1",-60393985.0,-163323000.0,1,C|X,1
C,78,X,122,R,1,C,1,K,47,Y,1,S,2,K,1,R,1,K,1,C,1,X,55,S,2,Y,1,"L1:[sp=C,78] X=122,R=1,C=1,K=47,Y=1,S=2 || L2:[sp=K,1] R=1,K=1,C=1,X=55,S=2,Y=1",-inf,-inf,0,C|K,1
K,78,X,162,Y,48,C,1,K,19,R,1,S,2,C,1,R,1,K,1,C,1,X,55,S,2,Y,1,"L1:[sp=K,78] X=162,Y=48,C=1,K=19,R=1,S=2 || L2:[sp=C,1] R=1,K=1,C=1,X=55,S=2,Y=1",-inf,-inf,0,K|C,1
C,78,K,19,C,2,X,85,R,1,Y,1,S,2,X,1,Y,1,K,1,C,1,S,1,X,79,R,1,"L1:[sp=C,78] K=19,C=2,X=85,R=1,Y=1,S=2 || L2:[sp=X,1] Y=1,K=1,C=1,S=1,X=79,R=1",-46206721.0,-163323000.0,1,C|X,1
K,78,X,162,R,1,C,1,K,19,Y,1,S,2,C,1,R,1,K,1,C,1,X,60,S,2,Y,1,"L1:[sp=K,78] X=162,R=1,C=1,K=19,Y=1,S=2 || L2:[sp=C,1] R=1,K=1,C=1,X=60,S=2,Y=1",-inf,-inf,0,K|C,1
K,78,K,19,C,2,X,150,R,1,Y,1,S,2,X,1,Y,1,K,1,C,1,S,2,X,79,R,1,"L1:[sp=K,78] K=19,C=2,X=150,R=1,Y=1,S=2 || L2:[sp=X,1] Y=1,K=1,C=1,S=2,X=79,R=1",-34019329.0,-163323000.0,1,K|X,1
K,78,X,162,R,1,C,1,K,11,Y,1,S,2,C,1,R,1,K,1,C,1,X,55,S,2,Y,1,"L1:[sp=K,78] X=162,R=1,C=1,K=11,Y=1,S=2 || L2:[sp=C,1] R=1,K=1,C=1,X=55,S=2,Y=1",-inf,-inf,0,K|C,1
C,78,K,19,C,2,X,150,R,1,Y,1,S,2,X,1,Y,1,K,8,C,1,S,1,X,79,R,1,"L1:[sp=C,78] K=19,C=2,X=150,R=1,Y=1,S=2 || L2:[sp=X,1] Y=1,K=8,C=1,S=1,X=79,R=1",-inf,-inf,0,C|X,1
C,78,X,162,R,1,C,1,K,19,Y,1,S,2,K,1,R,1,K,1,C,1,Y,1,S,2,X,55,"L1:[sp=C,78] X=162,R=1,C=1,K=19,Y=1,S=2 || L2:[sp=K,1] R=1,K=1,C=1,Y=1,S=2,X=55",-inf,-inf,0,C|K,1
C,78,K,19,C,2,X,150,R,1,Y,1,S,2,X,1,Y,1,K,1,C,1,S,2,X,79,R,1,"L1:[sp=C,78] K=19,C=2,X=150,R=1,Y=1,S=2 || L2:[sp=X,1] Y=1,K=1,C=1,S=2,X=79,R=1",-inf,-inf,0,C|X,1
C,78,K,19,C,2,X,150,R,1,Y,1,S,2,X,1,Y,1,K,1,C,1,S,1,X,79,R,1,"L1:[sp=C,78] K=19,C=2,X=150,R=1,Y=1,S=2 || L2:[sp=X,1] Y=1,K=1,C=1,S=1,X=79,R=1",-inf,-inf,0,C|X,1
K,78,X,150,R,1,C,1,K,19,Y,1,S,2,C,1,R,1,K,1,C,1,X,79,S,1,Y,1,"L1:[sp=K,78] X=150,R=1,C=1,K=19,Y=1,S=2 || L2:[sp=C,1] R=1,K=1,C=1,X=79,S=1,Y=1",-inf,-inf,0,K|C,1
C,78,K,19,C,2,X,85,R,1,Y,86,S,2,X,1,Y,1,K,1,C,1,S,1,X,79,R,1,"L1:[sp=C,78] K=19,C=2,X=85,R=1,Y=86,S=2 || L2:[sp=X,1] Y=1,K=1,C=1,S=1,X=79,R=1",-inf,-inf,0,C|X,1
C,78,K,19,C,2,X,150,R,2,Y,1,S,2,X,1,Y,1,K,1,C,1,S,1,X,86,R,1,"L1:[sp=C,78] K=19,C=2,X=150,R=2,Y=1,S=2 || L2:[sp=X,1] Y=1,K=1,C=1,S=1,X=86,R=1",-inf,-inf,0,C|X,1
C,78,X,150,S,2,C,1,K,19,Y,1,R,1,X,1,R,1,K,5,C,1,X,79,S,1,Y,1,"L1:[sp=C,78] X=150,S=2,C=1,K=19,Y=1,R=1 || L2:[sp=X,1] R=1,K=5,C=1,X=79,S=1,Y=1",-inf,-inf,0,C|X,1
C,78,K,46,C,2,X,85,R,1,Y,1,S,2,X,1,Y,1,K,1,C,1,S,1,X,79,R,1,"L1:[sp=C,78] K=46,C=2,X=85,R=1,Y=1,S=2 || L2:[sp=X,1] Y=1,K=1,C=1,S=1,X=79,R=1",-inf,-inf,0,C|X,1
C,78,K,19,C,2,X,85,R,1,Y,169,S,2,X,1,Y,1,K,1,C,2,S,1,X,79,R,1,"L1:[sp=C,78] K=19,C=2,X=85,R=1,Y=169,S=2 || L2:[sp=X,1] Y=1,K=1,C=2,S=1,X=79,R=1",-inf,-inf,0,C|X,1
C,78,K,19,C,2,X,150,R,1,Y,1,S,2,X,1,Y,1,K,1,C,1,S,1,X,68,R,1,"L1:[sp=C,78] K=19,C=2,X=150,R=1,Y=1,S=2 || L2:[sp=X,1] Y=1,K=1,C=1,S=1,X=68,R=1",-inf,-inf,0,C|X,1
C,78,K,19,C,2,X,150,R,1,Y,1,S,2,X,1,Y,1,K,1,C,2,S,1,X,49,R,1,"L1:[sp=C,78] K=19,C=2,X=150,R=1,Y=1,S=2 || L2:[sp=X,1] Y=1,K=1,C=2,S=1,X=49,R=1",-inf,-inf,0,C|X,1
K,78,K,19,C,2,X,150,R,1,Y,1,S,2,X,1,Y,1,K,1,C,1,S,2,X,79,R,1,"L1:[sp=K,78] K=19,C=2,X=150,R=1,Y=1,S=2 || L2:[sp=X,1] Y=1,K=1,C=1,S=2,X=79,R=1",-inf,-inf,0,K|X,1
C,78,K,19,R,1,X,150,C,2,Y,1,S,3,X,1,Y,1,K,1,C,1,S,2,X,79,R,1,"L1:[sp=C,78] K=19,R=1,X=150,C=2,Y=1,S=3 || L2:[sp=X,1] Y=1,K=1,C=1,S=2,X=79,R=1",-58066177.0,-163323000.0,1,C|X,1
K,78,K,19,C,2,S,2,R,2,Y,219,X,150,C,1,Y,1,K,1,C,1,S,1,X,124,R,1,"L1:[sp=K,78] K=19,C=2,S=2,R=2,Y=219,X=150 || L2:[sp=C,1] Y=1,K=1,C=1,S=1,X=124,R=1",-inf,-inf,0,K|C,1
C,78,K,19,C,2,X,150,R,1,Y,107,S,2,X,1,K,1,Y,1,C,2,R,1,X,68,S,1,"L1:[sp=C,78] K=19,C=2,X=150,R=1,Y=107,S=2 || L2:[sp=X,1] K=1,Y=1,C=2,R=1,X=68,S=1",-inf,-inf,0,C|X,1
K,78,K,22,C,2,X,150,R,1,Y,1,S,2,X,1,Y,1,K,1,S,2,C,1,X,34,R,1,"L1:[sp=K,78] K=22,C=2,X=150,R=1,Y=1,S=2 || L2:[sp=X,1] Y=1,K=1,S=2,C=1,X=34,R=1",-inf,-inf,0,K|X,1
C,78,K,19,C,2,X,72,R,1,Y,1,S,2,X,1,Y,1,K,1,C,1,S,1,X,72,R,1,"L1:[sp=C,78] K=19,C=2,X=72,R=1,Y=1,S=2 || L2:[sp=X,1] Y=1,K=1,C=1,S=1,X=72,R=1",-56792065.0,-163323000.0,1,C|X,1
C,78,X,85,C,2,K,19,R,1,Y,111,S,2,X,1,Y,1,K,1,C,1,S,1,X,79,R,1,"L1:[sp=C,78] X=85,C=2,K=19,R=1,Y=111,S=2 || L2:[sp=X,1] Y=1,K=1,C=1,S=1,X=79,R=1",-inf,-inf,0,C|X,1
C,78,K,19,C,2,X,150,R,1,Y,204,S,2,X,1,Y,1,K,1,C,1,S,1,X,124,R,1,"L1:[sp=C,78] K=19,C=2,X=150,R=1,Y=204,S=2 || L2:[sp=X,1] Y=1,K=1,C=1,S=1,X=124,R=1",-inf,-inf,0,C|X,1
C,78,K,19,C,2,X,150,Y,1,R,1,S,1,X,1,X,68,K,1,C,2,S,1,Y,1,R,1,"L1:[sp=C,78] K=19,C=2,X=150,Y=1,R=1,S=1 || L2:[sp=X,1] X=68,K=1,C=2,S=1,Y=1,R=1",-59883265.0,-163323000.0,1,C|X,1
X,78,X,150,R,1,C,1,K,19,Y,1,S,2,C,1,R,1,K,1,C,1,X,79,S,1,Y,1,"L1:[sp=X,78] X=150,R=1,C=1,K=19,Y=1,S=2 || L2:[sp=C,1] R=1,K=1,C=1,X=79,S=1,Y=1",-inf,-inf,0,X|C,1
C,78,S,2,C,2,X,150,R,1,Y,1,K,19,X,1,Y,1,K,1,C,1,S,1,X,88,R,1,"L1:[sp=C,78] S=2,C=2,X=150,R=1,Y=1,K=19 || L2:[sp=X,1] Y=1,K=1,C=1,S=1,X=88,R=1",-55233025.0,-163323000.0,1,C|X,1
C,78,S,2,C,2,X,150,R,1,Y,1,K,19,X,1,Y,1,K,1,C,1,S,1,X,88,R,1,"L1:[sp=C,78] S=2,C=2,X=150,R=1,Y=1,K=19 || L2:[sp=X,1] Y=1,K=1,C=1,S=1,X=88,R=1",-inf,-inf,0,C|X,1
C,78,S,2,C,2,X,72,R,1,Y,1,K,19,X,1,Y,1,R,1,C,1,S,1,X,72,K,18,"L1:[sp=C,78] S=2,C=2,X=72,R=1,Y=1,K=19 || L2:[sp=X,1] Y=1,R=1,C=1,S=1,X=72,K=18",-inf,-inf,0,C|X,1
C,78,K,19,C,2,X,150,R,1,Y,1,S,3,C,1,Y,1,K,1,C,1,S,1,X,88,R,1,"L1:[sp=C,78] K=19,C=2,X=150,R=1,Y=1,S=3 || L2:[sp=C,1] Y=1,K=1,C=1,S=1,X=88,R=1",-inf,-inf,0,C|C,1
C,78,K,27,R,1,X,150,C,2,Y,1,S,3,X,1,Y,1,K,1,C,2,S,2,X,79,R,1,"L1:[sp=C,78] K=27,R=1,X=150,C=2,Y=1,S=3 || L2:[sp=X,1] Y=1,K=1,C=2,S=2,X=79,R=1",-inf,-inf,0,C|X,1
C,78,R,1,C,2,X,72,K,19,Y,1,S,2,X,1,Y,1,K,1,C,1,S,1,X,72,R,1,"L1:[sp=C,78] R=1,C=2,X=72,K=19,Y=1,S=2 || L2:[sp=X,1] Y=1,K=1,C=1,S=1,X=72,R=1",-56792065.0,-163323000.0,1,C|X,1
C,78,C,1,K,19,X,150,Y,1,R,1,S,2,X,1,X,68,C,1,K,3,S,1,Y,1,R,1,"L1:[sp=C,78] C=1,K=19,X=150,Y=1,R=1,S=2 || L2:[sp=X,1] X=68,C=1,K=3,S=1,Y=1,R=1",-inf,-inf,0,C|X,1
C,78,K,19,C,2,X,72,R,1,Y,1,S,1,X,1,Y,1,K,1,C,1,S,1,X,72,R,1,"L1:[sp=C,78] K=19,C=2,X=72,R=1,Y=1,S=1 || L2:[sp=X,1] Y=1,K=1,C=1,S=1,X=72,R=1",-inf,-inf,0,C|X,1
C,78,S,3,C,2,X,150,R,3,Y,1,K,19,X,1,Y,1,K,1,C,1,S,2,X,88,R,1,"L1:[sp=C,78] S=3,C=2,X=150,R=3,Y=1,K=19 || L2:[sp=X,1] Y=1,K=1,C=1,S=2,X=88,R=1",-165723889.0,-163323000.0,1,C|X,1
X,78,K,19,R,1,X,150,C,2,Y,1,S,2,C,1,Y,1,K,1,C,1,S,1,X,79,R,1,"L1:[sp=X,78] K=19,R=1,X=150,C=2,Y=1,S=2 || L2:[sp=C,1] Y=1,K=1,C=1,S=1,X=79,R=1",-58458625.0,-163323000.0,1,X|C,1
C,78,K,19,C,2,X,150,R,1,Y,1,S,3,X,1,Y,1,K,8,C,1,S,2,X,79,R,1,"L1:[sp=C,78] K=19,C=2,X=150,R=1,Y=1,S=3 || L2:[sp=X,1] Y=1,K=8,C=1,S=2,X=79,R=1",-inf,-inf,0,C|X,1
C,78,K,19,R,3,X,72,C,2,Y,1,S,2,X,1,Y,1,K,1,C,1,S,1,X,72,R,1,"L1:[sp=C,78] K=19,R=3,X=72,C=2,Y=1,S=2 || L2:[sp=X,1] Y=1,K=1,C=1,S=1,X=72,R=1",-inf,-inf,0,C|X,1
C,78,K,19,C,2,X,210,Y,1,R,1,S,1,X,1,X,55,K,1,C,2,S,1,Y,1,R,1,"L1:[sp=C,78] K=19,C=2,X=210,Y=1,R=1,S=1 || L2:[sp=X,1] X=55,K=1,C=2,S=1,Y=1,R=1",-inf,-inf,0,C|X,1
C,78,S,3,C,2,X,150,R,1,Y,161,K,19,X,1,Y,1,K,1,C,1,S,1,X,88,R,1,"L1:[sp=C,78] S=3,C=2,X=150,R=1,Y=161,K=19 || L2:[sp=X,1] Y=1,K=1,C=1,S=1,X=88,R=1",-inf,-inf,0,C|X,1
C,78,K,19,C,2,X,150,R,1,Y,1,S,3,X,1,Y,1,K,1,C,1,S,1,X,88,R,1,"L1:[sp=C,78] K=19,C=2,X=150,R=1,Y=1,S=3 || L2:[sp=X,1] Y=1,K=1,C=1,S=1,X=88,R=1",-inf,-inf,0,C|X,1
X,78,S,2,C,2,X,72,R,1,Y,1,K,19,X,1,K,1,Y,1,C,1,S,1,X,72,R,1,"L1:[sp=X,78] S=2,C=2,X=72,R=1,Y=1,K=19 || L2:[sp=X,1] K=1,Y=1,C=1,S=1,X=72,R=1",-28267009.0,-163323000.0,1,X|X,1
C,78,K,19,C,2,X,150,Y,1,R,1,S,3,X,1,X,79,K,1,C,2,S,2,Y,1,R,1,"L1:[sp=C,78] K=19,C=2,X=150,Y=1,R=1,S=3 || L2:[sp=X,1] X=79,K=1,C=2,S=2,Y=1,R=1",-inf,-inf,0,C|X,1
C,78,K,19,R,1,X,150,C,2,Y,1,S,1,X,1,Y,1,K,1,C,1,S,1,X,68,R,1,"L1:[sp=C,78] K=19,R=1,X=150,C=2,Y=1,S=1 || L2:[sp=X,1] Y=1,K=1,C=1,S=1,X=68,R=1",-inf,-inf,0,C|X,1
C,78,K,19,C,2,X,150,Y,1,R,1,S,1,X,1,X,68,K,1,C,2,S,1,Y,1,R,1,"L1:[sp=C,78] K=19,C=2,X=150,Y=1,R=1,S=1 || L2:[sp=X,1] X=68,K=1,C=2,S=1,Y=1,R=1",-inf,-inf,0,C|X,1
C,78,K,19,C,2,X,150,R,1,Y,121,S,2,X,1,Y,1,K,1,C,1,S,1,X,72,R,1,"L1:[sp=C,78] K=19,C=2,X=150,R=1,Y=121,S=2 || L2:[sp=X,1] Y=1,K=1,C=1,S=1,X=72,R=1",-inf,-inf,0,C|X,1
C,78,K,19,C,2,X,72,R,1,Y,1,S,2,X,1,Y,1,K,1,C,1,S,1,X,72,R,1,"L1:[sp=C,78] K=19,C=2,X=72,R=1,Y=1,S=2 || L2:[sp=X,1] Y=1,K=1,C=1,S=1,X=72,R=1",-inf,-inf,0,C|X,1
X,78,S,2,C,2,X,72,R,1,Y,1,K,19,X,1,K,1,Y,1,C,1,S,1,X,72,R,1,"L1:[sp=X,78] S=2,C=2,X=72,R=1,Y=1,K=19 || L2:[sp=X,1] K=1,Y=1,C=1,S=1,X=72,R=1",-inf,-inf,0,X|X,1
C,78,S,3,C,2,X,150,R,3,Y,1,K,19,X,1,Y,1,K,6,C,1,R,1,X,88,S,2,"L1:[sp=C,78] S=3,C=2,X=150,R=3,Y=1,K=19 || L2:[sp=X,1] Y=1,K=6,C=1,R=1,X=88,S=2",-inf,-inf,0,C|X,1
C,78,K,19,R,1,X,150,C,2,Y,1,S,2,X,1,Y,1,K,1,C,1,S,1,X,79,R,1,"L1:[sp=C,78] K=19,R=1,X=150,C=2,Y=1,S=2 || L2:[sp=X,1] Y=1,K=1,C=1,S=1,X=79,R=1",-57555457.0,-163323000.0,1,C|X,1
X,78,K,19,C,2,X,150,R,3,Y,1,S,3,C,1,Y,1,K,1,C,1,S,2,X,21,R,1,"L1:[sp=X,78] K=19,C=2,X=150,R=3,Y=1,S=3 || L2:[sp=C,1] Y=1,K=1,C=1,S=2,X=21,R=1",-inf,-inf,0,X|C,1
C,78,S,2,C,2,X,159,R,1,Y,1,K,19,X,1,Y,1,K,1,C,2,S,1,X,79,R,1,"L1:[sp=C,78] S=2,C=2,X=159,R=1,Y=1,K=19 || L2:[sp=X,1] Y=1,K=1,C=2,S=1,X=79,R=1",-inf,-inf,0,C|X,1
C,78,S,2,C,2,X,72,K,19,Y,1,R,1,X,1,Y,1,K,1,C,1,S,1,X,52,R,1,"L1:[sp=C,78] S=2,C=2,X=72,K=19,Y=1,R=1 || L2:[sp=X,1] Y=1,K=1,C=1,S=1,X=52,R=1",-61953025.0,-163323000.0,1,C|X,1
C,78,S,3,C,2,X,150,R,3,Y,1,K,53,X,1,Y,1,K,1,C,1,S,2,X,88,R,1,"L1:[sp=C,78] S=3,C=2,X=150,R=3,Y=1,K=53 || L2:[sp=X,1] Y=1,K=1,C=1,S=2,X=88,R=1",-inf,-inf,0,C|X,1
X,78,K,19,R,1,X,151,C,2,Y,1,S,2,C,1,Y,1,K,1,C,1,S,1,X,79,R,1,"L1:[sp=X,78] K=19,R=1,X=151,C=2,Y=1,S=2 || L2:[sp=C,1] Y=1,K=1,C=1,S=1,X=79,R=1",-inf,-inf,0,X|C,1
C,78,X,19,K,19,S,3,R,3,Y,1,C,2,X,1,Y,1,K,1,C,1,S,2,X,19,R,1,"L1:[sp=C,78] X=19,K=19,S=3,R=3,Y=1,C=2 || L2:[sp=X,1] Y=1,K=1,C=1,S=2,X=19,R=1",-178775713.0,-163323000.0,1,C|X,1
C,78,S,1,C,2,X,150,R,1,Y,1,K,19,X,1,Y,1,K,1,C,1,S,1,X,79,R,1,"L1:[sp=C,78] S=1,C=2,X=150,R=1,Y=1,K=19 || L2:[sp=X,1] Y=1,K=1,C=1,S=1,X=79,R=1",-inf,-inf,0,C|X,1
X,78,K,38,R,3,X,150,C,2,Y,1,S,3,C,1,Y,1,K,1,C,1,S,2,X,88,R,1,"L1:[sp=X,78] K=38,R=3,X=150,C=2,Y=1,S=3 || L2:[sp=C,1] Y=1,K=1,C=1,S=2,X=88,R=1",-174929785.0,-163323000.0,1,X|C,1
C,78,R,1,C,2,X,72,K,19,Y,1,S,1,X,1,Y,1,K,1,C,1,S,1,X,72,R,1,"L1:[sp=C,78] R=1,C=2,X=72,K=19,Y=1,S=1 || L2:[sp=X,1] Y=1,K=1,C=1,S=1,X=72,R=1",-inf,-inf,0,C|X,1
C,78,R,3,C,2,X,150,S,3,Y,1,K,19,X,150,Y,1,K,1,C,1,S,2,X,88,R,1,"L1:[sp=C,78] R=3,C=2,X=150,S=3,Y=1,K=19 || L2:[sp=X,150] Y=1,K=1,C=1,S=2,X=88,R=1",-202552801.0,-163323000.0,1,C|X,1
C,78,K,19,R,1,C,2,X,72,Y,1,S,1,X,1,Y,1,K,7,C,1,S,1,X,72,R,1,"L1:[sp=C,78] K=19,R=1,C=2,X=72,Y=1,S=1 || L2:[sp=X,1] Y=1,K=7,C=1,S=1,X=72,R=1",-inf,-inf,0,C|X,1
C,78,R,1,C,2,X,150,K,19,Y,10,S,2,X,1,Y,1,K,1,C,1,S,1,X,79,R,1,"L1:[sp=C,78] R=1,C=2,X=150,K=19,Y=10,S=2 || L2:[sp=X,1] Y=1,K=1,C=1,S=1,X=79,R=1",-inf,-inf,0,C|X,1
X,78,C,1,R,1,K,19,X,150,Y,1,S,2,C,1,Y,1,K,1,C,1,S,1,X,79,R,1,"L1:[sp=X,78] C=1,R=1,K=19,X=150,Y=1,S=2 || L2:[sp=C,1] Y=1,K=1,C=1,S=1,X=79,R=1",-58464001.0,-163323000.0,1,X|C,1
X,78,S,2,C,2,X,72,R,1,Y,1,K,19,X,1,K,1,Y,1,C,2,S,1,X,72,R,1,"L1:[sp=X,78] S=2,C=2,X=72,R=1,Y=1,K=19 || L2:[sp=X,1] K=1,Y=1,C=2,S=1,X=72,R=1",-inf,-inf,0,X|X,1
K,78,K,19,R,1,X,72,C,2,Y,1,S,3,C,1,Y,1,K,1,C,1,S,1,X,72,R,1,"L1:[sp=K,78] K=19,R=1,X=72,C=2,Y=1,S=3 || L2:[sp=C,1] Y=1,K=1,C=1,S=1,X=72,R=1",-inf,-inf,0,K|C,1
X,78,S,2,C,2,X,150,R,1,Y,45,K,19,X,1,K,1,Y,1,C,1,S,1,X,79,R,1,"L1:[sp=X,78] S=2,C=2,X=150,R=1,Y=45,K=19 || L2:[sp=X,1] K=1,Y=1,C=1,S=1,X=79,R=1",-inf,-inf,0,X|X,1
C,78,K,19,R,2,X,150,C,2,Y,1,S,3,X,1,Y,1,K,1,C,1,S,2,X,88,R,1,"L1:[sp=C,78] K=19,R=2,X=150,C=2,Y=1,S=3 || L2:[sp=X,1] Y=1,K=1,C=1,S=2,X=88,R=1",-inf,-inf,0,C|X,1
C,78,S,3,C,3,X,150,R,1,Y,1,K,19,X,1,Y,1,K,1,C,1,S,1,X,79,R,1,"L1:[sp=C,78] S=3,C=3,X=150,R=1,Y=1,K=19 || L2:[sp=X,1] Y=1,K=1,C=1,S=1,X=79,R=1",-inf,-inf,0,C|X,1
C,78,K,19,R,1,X,150,C,2,Y,1,S,2,X,1,Y,1,K,1,C,1,S,1,X,79,R,1,"L1:[sp=C,78] K=19,R=1,X=150,C=2,Y=1,S=2 || L2:[sp=X,1] Y=1,K=1,C=1,S=1,X=79,R=1",-inf,-inf,0,C|X,1
C,78,X,19,K,19,S,2,R,1,Y,1,C,2,X,1,Y,1,K,1,C,1,S,1,X,11,R,1,"L1:[sp=C,78] X=19,K=19,S=2,R=1,Y=1,C=2 || L2:[sp=X,1] Y=1,K=1,C=1,S=1,X=11,R=1",-inf,-inf,0,C|X,1
C,78,S,3,C,2,X,204,K,19,Y,1,R,1,X,1,Y,1,K,1,C,2,S,2,X,52,R,1,"L1:[sp=C,78] S=3,C=2,X=204,K=19,Y=1,R=1 || L2:[sp=X,1] Y=1,K=1,C=2,S=2,X=52,R=1",-66065665.0,-163323000.0,1,C|X,1
X,78,K,35,R,3,X,150,C,2,Y,1,S,3,C,1,Y,1,K,1,C,1,S,2,X,88,R,1,"L1:[sp=X,78] K=35,R=3,X=150,C=2,Y=1,S=3 || L2:[sp=C,1] Y=1,K=1,C=1,S=2,X=88,R=1",-inf,-inf,0,X|C,1
C,78,R,3,C,2,X,150,S,3,Y,1,K,19,X,150,Y,1,K,1,C,1,S,1,X,88,R,1,"L1:[sp=C,78] R=3,C=2,X=150,S=3,Y=1,K=19 || L2:[sp=X,150] Y=1,K=1,C=1,S=1,X=88,R=1",-inf,-inf,0,C|X,1
X,78,K,38,R,3,X,150,C,2,Y,1,S,1,C,1,Y,1,K,1,C,1,S,1,X,88,R,1,"L1:[sp=X,78] K=38,R=3,X=150,C=2,Y=1,S=1 || L2:[sp=C,1] Y=1,K=1,C=1,S=1,X=88,R=1",-inf,-inf,0,X|C,1
K,78,K,53,R,1,X,150,C,2,Y,1,S,2,X,1,S,1,K,1,C,2,Y,1,X,79,R,1,"L1:[sp=K,78] K=53,R=1,X=150,C=2,Y=1,S=2 || L2:[sp=X,1] S=1,K=1,C=2,Y=1,X=79,R=1",-inf,-inf,0,K|X,1
X,78,C,3,R,3,K,19,X,150,Y,1,S,3,C,1,Y,1,K,1,C,1,S,2,X,88,R,1,"L1:[sp=X,78] C=3,R=3,K=19,X=150,Y=1,S=3 || L2:[sp=C,1] Y=1,K=1,C=1,S=2,X=88,R=1",-inf,-inf,0,X|C,1
C,78,R,1,C,2,X,150,S,2,Y,23,K,19,X,150,Y,1,K,1,C,1,S,1,X,79,R,1,"L1:[sp=C,78] R=1,C=2,X=150,S=2,Y=23,K=19 || L2:[sp=X,150] Y=1,K=1,C=1,S=1,X=79,R=1",-inf,-inf,0,C|X,1
C,78,X,150,K,19,S,3,R,3,Y,1,C,2,C,2,Y,1,K,1,C,1,S,2,X,88,R,1,"L1:[sp=C,78] X=150,K=19,S=3,R=3,Y=1,C=2 || L2:[sp=C,2] Y=1,K=1,C=1,S=2,X=88,R=1",-82862833.0,-163323000.0,1,C|C,1
C,78,R,3,C,2,X,19,S,3,Y,1,K,19,X,150,Y,1,K,19,C,1,S,2,X,19,R,3,"L1:[sp=C,78] R=3,C=2,X=19,S=3,Y=1,K=19 || L2:[sp=X,150] Y=1,K=19,C=1,S=2,X=19,R=3",-inf,-inf,0,C|X,1
X,78,C,1,R,3,K,19,X,150,Y,1,S,3,C,1,Y,1,K,1,C,1,S,2,X,79,R,1,"L1:[sp=X,78] C=1,R=3,K=19,X=150,Y=1,S=3 || L2:[sp=C,1] Y=1,K=1,C=1,S=2,X=79,R=1",-inf,-inf,0,X|C,1
X,78,R,1,C,2,X,89,S,2,Y,1,K,19,C,150,S,1,K,1,C,1,Y,1,X,88,R,1,"L1:[sp=X,78] R=1,C=2,X=89,S=2,Y=1,K=19 || L2:[sp=C,150] S=1,K=1,C=1,Y=1,X=88,R=1",-46996993.0,-163323000.0,1,X|C,1
C,78,R,3,C,2,X,150,S,3,Y,1,K,19,X,150,Y,1,K,2,C,1,S,2,X,88,R,1,"L1:[sp=C,78] R=3,C=2,X=150,S=3,Y=1,K=19 || L2:[sp=X,150] Y=1,K=2,C=1,S=2,X=88,R=1",-inf,-inf,0,C|X,1
X,78,K,38,R,1,X,150,C,2,Y,1,S,3,C,1,Y,1,X,88,C,1,S,2,K,33,R,1,"L1:[sp=X,78] K=38,R=1,X=150,C=2,Y=1,S=3 || L2:[sp=C,1] Y=1,X=88,C=1,S=2,K=33,R=1",-inf,-inf,0,X|C,1
C,78,K,19,R,1,X,150,C,2,Y,1,S,2,K,1,Y,1,K,1,C,1,S,1,X,79,R,1,"L1:[sp=C,78] K=19,R=1,X=150,C=2,Y=1,S=2 || L2:[sp=K,1] Y=1,K=1,C=1,S=1,X=79,R=1",-57555457.0,-163323000.0,1,C|K,1
C,78,S,2,C,2,X,72,Y,1,K,19,R,1,X,1,Y,1,X,52,C,1,S,2,K,1,R,1,"L1:[sp=C,78] S=2,C=2,X=72,Y=1,K=19,R=1 || L2:[sp=X,1] Y=1,X=52,C=1,S=2,K=1,R=1",-82252801.0,-163323000.0,1,C|X,1
X,78,K,38,R,3,X,150,C,2,Y,1,S,3,C,1,Y,1,K,1,C,1,S,2,X,88,R,1,"L1:[sp=X,78] K=38,R=3,X=150,C=2,Y=1,S=3 || L2:[sp=C,1] Y=1,K=1,C=1,S=2,X=88,R=1",-inf,-inf,0,X|C,1
C,78,R,3,C,3,X,150,S,3,Y,1,K,19,X,150,Y,1,K,4,C,1,S,2,X,88,R,1,"L1:[sp=C,78] R=3,C=3,X=150,S=3,Y=1,K=19 || L2:[sp=X,150] Y=1,K=4,C=1,S=2,X=88,R=1",-inf,-inf,0,C|X,1
C,78,R,3,C,2,X,150,S,3,Y,1,K,19,K,19,Y,1,K,1,C,1,S,2,X,88,R,1,"L1:[sp=C,78] R=3,C=2,X=150,S=3,Y=1,K=19 || L2:[sp=K,19] Y=1,K=1,C=1,S=2,X=88,R=1",-inf,-inf,0,C|K,1
C,78,X,19,K,48,S,3,R,3,Y,55,C,2,X,1,Y,1,K,1,C,1,S,2,X,19,R,3,"L1:[sp=C,78] X=19,K=48,S=3,R=3,Y=55,C=2 || L2:[sp=X,1] Y=1,K=1,C=1,S=2,X=19,R=3",-inf,-inf,0,C|X,1
X,78,R,1,C,2,X,89,S,2,Y,1,K,19,C,150,S,1,K,1,C,1,Y,1,X,88,R,1,"L1:[sp=X,78] R=1,C=2,X=89,S=2,Y=1,K=19 || L2:[sp=C,150] S=1,K=1,C=1,Y=1,X=88,R=1",-inf,-inf,0,X|C,1
C,78,S,2,C,2,R,1,K,19,Y,1,X,72,X,1,Y,1,X,52,C,1,S,1,K,2,R,1,"L1:[sp=C,78] S=2,C=2,R=1,K=19,Y=1,X=72 || L2:[sp=X,1] Y=1,X=52,C=1,S=1,K=2,R=1",-61953025.0,-163323000.0,1,C|X,1
K,78,K,19,R,1,X,150,C,2,Y,1,S,2,C,1,Y,1,K,12,C,1,S,2,X,79,R,1,"L1:[sp=K,78] K=19,R=1,X=150,C=2,Y=1,S=2 || L2:[sp=C,1] Y=1,K=12,C=1,S=2,X=79,R=1",-inf,-inf,0,K|C,1
C,78,S,3,C,2,X,204,K,19,Y,1,R,1,X,1,Y,1,K,1,C,2,S,2,X,52,R,1,"L1:[sp=C,78] S=3,C=2,X=204,K=19,Y=1,R=1 || L2:[sp=X,1] Y=1,K=1,C=2,S=2,X=52,R=1",-inf,-inf,0,C|X,1
X,78,R,3,C,2,X,89,S,2,Y,1,K,19,C,150,S,1,K,1,C,1,Y,1,X,88,R,1,"L1:[sp=X,78] R=3,C=2,X=89,S=2,Y=1,K=19 || L2:[sp=C,150] S=1,K=1,C=1,Y=1,X=88,R=1",-inf,-inf,0,X|C,1
X,78,R,1,C,2,X,204,S,3,Y,1,K,19,C,150,S,2,K,1,C,1,Y,1,X,52,R,1,"L1:[sp=X,78] R=1,C=2,X=204,S=3,Y=1,K=19 || L2:[sp=C,150] S=2,K=1,C=1,Y=1,X=52,R=1",-inf,-inf,0,X|C,1
C,78,S,2,C,2,X,89,K,19,Y,1,R,1,X,1,Y,1,K,1,C,2,S,1,X,79,R,1,"L1:[sp=C,78] S=2,C=2,X=89,K=19,Y=1,R=1 || L2:[sp=X,1] Y=1,K=1,C=2,S=1,X=79,R=1",-inf,-inf,0,C|X,1
C,78,K,19,R,1,X,204,C,2,Y,1,S,3,K,1,S,2,K,1,C,2,Y,1,X,52,R,1,"L1:[sp=C,78] K=19,R=1,X=204,C=2,Y=1,S=3 || L2:[sp=K,1] S=2,K=1,C=2,Y=1,X=52,R=1",-66065665.0,-163323000.0,1,C|K,1
C,78,S,2,C,2,X,150,K,19,Y,193,R,3,X,1,Y,1,K,1,C,1,S,1,X,79,R,1,"L1:[sp=C,78] S=2,C=2,X=150,K=19,Y=193,R=3 || L2:[sp=X,1] Y=1,K=1,C=1,S=1,X=79,R=1",-inf,-inf,0,C|X,1
C,78,X,72,K,19,S,2,R,1,Y,1,C,1,C,2,Y,1,K,1,C,1,S,2,X,52,R,1,"L1:[sp=C,78] X=72,K=19,S=2,R=1,Y=1,C=1 || L2:[sp=C,2] Y=1,K=1,C=1,S=2,X=52,R=1",-inf,-inf,0,C|C,1
C,78,S,3,C,1,X,150,Y,1,K,19,R,3,X,1,Y,1,X,88,C,1,S,2,K,1,R,1,"L1:[sp=C,78] S=3,C=1,X=150,Y=1,K=19,R=3 || L2:[sp=X,1] Y=1,X=88,C=1,S=2,K=1,R=1",-inf,-inf,0,C|X,1
C,78,S,2,C,1,X,72,Y,1,K,19,R,1,X,1,Y,1,X,52,C,1,S,1,K,6,R,1,"L1:[sp=C,78] S=2,C=1,X=72,Y=1,K=19,R=1 || L2:[sp=X,1] Y=1,X=52,C=1,S=1,K=6,R=1",-inf,-inf,0,C|X,1
X,78,R,1,C,2,X,89,S,2,Y,1,K,64,C,150,S,2,K,1,C,1,Y,1,X,88,R,1,"L1:[sp=X,78] R=1,C=2,X=89,S=2,Y=1,K=64 || L2:[sp=C,150] S=2,K=1,C=1,Y=1,X=88,R=1",-inf,-inf,0,X|C,1
X,78,R,1,C,2,X,190,S,2,Y,216,K,19,C,150,S,1,K,1,C,2,Y,1,X,88,R,1,"L1:[sp=X,78] R=1,C=2,X=190,S=2,Y=216,K=19 || L2:[sp=C,150] S=1,K=1,C=2,Y=1,X=88,R=1",-inf,-inf,0,X|C,1
C,78,S,2,K,19,X,72,Y,1,C,2,R,1,K,19,Y,1,X,52,C,1,S,2,K,1,R,1,"L1:[sp=C,78] S=2,K=19,X=72,Y=1,C=2,R=1 || L2:[sp=K,19] Y=1,X=52,C=1,S=2,K=1,R=1",-5096449.0,-163323000.0,1,C|K,1
C,78,K,19,R,1,X,72,C,2,Y,1,S,2,K,1,Y,1,K,3,C,1,S,2,X,52,R,1,"L1:[sp=C,78] K=19,R=1,X=72,C=2,Y=1,S=2 || L2:[sp=K,1] Y=1,K=3,C=1,S=2,X=52,R=1",-inf,-inf,0,C|K,1
C,78,S,2,C,2,X,150,Y,1,K,19,R,1,X,10,Y,1,X,79,C,2,S,1,K,1,R,1,"L1:[sp=C,78] S=2,C=2,X=150,Y=1,K=19,R=1 || L2:[sp=X,10] Y=1,X=79,C=2,S=1,K=1,R=1",-inf,-inf,0,C|X,1
C,78,X,204,K,19,S,3,R,1,Y,1,C,2,C,2,C,1,K,1,Y,1,S,2,R,1,X,52,"L1:[sp=C,78] X=204,K=19,S=3,R=1,Y=1,C=2 || L2:[sp=C,2] C=1,K=1,Y=1,S=2,R=1,X=52",-33035521.0,-163323000.0,1,C|C,1
C,78,S,3,C,2,X,174,K,19,Y,203,R,3,X,1,S,2,K,1,C,2,Y,1,X,105,R,1,"L1:[sp=C,78] S=3,C=2,X=174,K=19,Y=203,R=3 || L2:[sp=X,1] S=2,K=1,C=2,Y=1,X=105,R=1",-inf,-inf,0,C|X,1
X,78,S,3,C,2,X,150,K,19,Y,1,R,3,X,1,Y,1,K,1,X,88,S,2,C,2,R,1,"L1:[sp=X,78] S=3,C=2,X=150,K=19,Y=1,R=3 || L2:[sp=X,1] Y=1,K=1,X=88,S=2,C=2,R=1",-inf,-inf,0,X|X,1
K,78,X,204,K,19,S,2,R,1,Y,1,C,2,C,2,Y,1,K,1,C,1,S,2,X,52,R,1,"L1:[sp=K,78] X=204,K=19,S=2,R=1,Y=1,C=2 || L2:[sp=C,2] Y=1,K=1,C=1,S=2,X=52,R=1",-25745665.0,-163323000.0,1,K|C,1
C,78,S,2,K,19,X,72,Y,1,C,2,R,1,K,19,Y,1,X,52,C,1,S,2,K,1,R,1,"L1:[sp=C,78] S=2,K=19,X=72,Y=1,C=2,R=1 || L2:[sp=K,19] Y=1,X=52,C=1,S=2,K=1,R=1",-inf,-inf,0,C|K,1
X,78,X,204,K,19,S,2,R,1,Y,1,C,2,C,2,Y,1,K,1,C,1,S,1,X,52,R,1,"L1:[sp=X,78] X=204,K=19,S=2,R=1,Y=1,C=2 || L2:[sp=C,2] Y=1,K=1,C=1,S=1,X=52,R=1",-52910593.0,-163323000.0,1,X|C,1
C,78,X,72,C,2,R,3,K,19,Y,1,S,2,X,1,Y,1,X,52,C,1,S,2,K,2,R,1,"L1:[sp=C,78] X=72,C=2,R=3,K=19,Y=1,S=2 || L2:[sp=X,1] Y=1,X=52,C=1,S=2,K=2,R=1",-244498369.0,-163323000.0,1,C|X,1
C,78,X,204,K,19,S,3,R,1,Y,1,C,2,C,2,C,1,K,1,Y,1,S,2,R,1,X,52,"L1:[sp=C,78] X=204,K=19,S=3,R=1,Y=1,C=2 || L2:[sp=C,2] C=1,K=1,Y=1,S=2,R=1,X=52",-inf,-inf,0,C|C,1
C,78,K,19,S,3,X,204,C,2,Y,1,R,1,K,1,K,1,S,2,C,2,Y,1,X,52,R,1,"L1:[sp=C,78] K=19,S=3,X=204,C=2,Y=1,R=1 || L2:[sp=K,1] K=1,S=2,C=2,Y=1,X=52,R=1",-66065665.0,-163323000.0,1,C|K,1
C,78,X,204,K,19,S,2,R,1,Y,1,C,2,C,2,C,1,K,1,Y,1,S,2,R,1,X,52,"L1:[sp=C,78] X=204,K=19,S=2,R=1,Y=1,C=2 || L2:[sp=C,2] C=1,K=1,Y=1,S=2,R=1,X=52",-inf,-inf,0,C|C,1
K,78,X,204,K,19,S,3,R,1,Y,1,C,2,C,2,Y,1,K,1,C,1,S,2,X,52,R,1,"L1:[sp=K,78] X=204,K=19,S=3,R=1,Y=1,C=2 || L2:[sp=C,2] Y=1,K=1,C=1,S=2,X=52,R=1",-inf,-inf,0,K|C,1
K,78,S,1,K,19,X,72,C,2,Y,1,R,1,C,19,S,1,X,52,C,1,Y,1,K,1,R,1,"L1:[sp=K,78] S=1,K=19,X=72,C=2,Y=1,R=1 || L2:[sp=C,19] S=1,X=52,C=1,Y=1,K=1,R=1",-inf,-inf,0,K|C,1
K,78,X,204,K,19,S,3,R,1,Y,1,C,2,C,2,Y,1,K,13,C,1,S,2,X,52,R,1,"L1:[sp=K,78] X=204,K=19,S=3,R=1,Y=1,C=2 || L2:[sp=C,2] Y=1,K=13,C=1,S=2,X=52,R=1",-inf,-inf,0,K|C,1
C,78,X,204,K,19,S,3,Y,1,C,2,R,1,C,2,C,1,K,1,Y,1,S,2,R,1,X,52,"L1:[sp=C,78] X=204,K=19,S=3,Y=1,C=2,R=1 || L2:[sp=C,2] C=1,K=1,Y=1,S=2,R=1,X=52",-inf,-inf,0,C|C,1
C,78,K,19,R,1,X,121,C,2,Y,1,S,3,K,1,S,2,K,1,C,2,Y,1,X,52,R,1,"L1:[sp=C,78] K=19,R=1,X=121,C=2,Y=1,S=3 || L2:[sp=K,1] S=2,K=1,C=2,Y=1,X=52,R=1",-inf,-inf,0,C|K,1
K,78,K,19,R,1,X,204,C,2,Y,1,S,3,C,1,S,2,K,1,C,1,Y,1,X,52,R,1,"L1:[sp=K,78] K=19,R=1,X=204,C=2,Y=1,S=3 || L2:[sp=C,1] S=2,K=1,C=1,Y=1,X=52,R=1",-29420161.0,-163323000.0,1,K|C,1
C,78,X,204,S,3,K,19,R,1,Y,1,C,2,C,2,C,2,K,1,Y,1,S,2,R,1,X,52,"L1:[sp=C,78] X=204,S=3,K=19,R=1,Y=1,C=2 || L2:[sp=C,2] C=2,K=1,Y=1,S=2,R=1,X=52",-66065665.0,-163323000.0,1,C|C,1
C,78,S,3,K,19,X,204,Y,1,C,2,R,2,K,19,Y,1,X,35,C,1,S,2,K,1,R,1,"L1:[sp=C,78] S=3,K=19,X=204,Y=1,C=2,R=2 || L2:[sp=K,19] Y=1,X=35,C=1,S=2,K=1,R=1",-inf,-inf,0,C|K,1
Y,78,C,1,R,1,X,72,K,19,Y,1,S,2,C,1,S,2,K,1,C,1,Y,1,X,52,R,1,"L1:[sp=Y,78] C=1,R=1,X=72,K=19,Y=1,S=2 || L2:[sp=C,1] S=2,K=1,C=1,Y=1,X=52,R=1",-inf,-inf,0,Y|C,1
K,78,X,72,R,1,S,2,K,19,Y,1,C,2,C,2,Y,1,K,15,C,1,S,1,X,52,R,1,"L1:[sp=K,78] X=72,R=1,S=2,K=19,Y=1,C=2 || L2:[sp=C,2] Y=1,K=15,C=1,S=1,X=52,R=1",-inf,-inf,0,K|C,1
C,78,S,2,C,2,R,1,K,19,Y,30,X,204,X,1,Y,1,X,52,R,1,S,2,K,17,C,1,"L1:[sp=C,78] S=2,C=2,R=1,K=19,Y=30,X=204 || L2:[sp=X,1] Y=1,X=52,R=1,S=2,K=17,C=1",-inf,-inf,0,C|X,1
C,78,Y,1,C,2,R,1,K,19,S,2,X,72,X,1,Y,1,X,52,C,1,S,1,K,2,R,1,"L1:[sp=C,78] Y=1,C=2,R=1,K=19,S=2,X=72 || L2:[sp=X,1] Y=1,X=52,C=1,S=1,K=2,R=1",-61953025.0,-163323000.0,1,C|X,1
C,78,K,19,R,1,X,204,C,2,Y,1,S,3,K,1,S,2,K,1,C,2,Y,1,X,175,R,1,"L1:[sp=C,78] K=19,R=1,X=204,C=2,Y=1,S=3 || L2:[sp=K,1] S=2,K=1,C=2,Y=1,X=175,R=1",-inf,-inf,0,C|K,1
C,78,S,2,K,19,X,72,Y,1,C,2,R,1,K,19,Y,1,X,52,C,1,S,2,K,1,R,1,"L1:[sp=C,78] S=2,K=19,X=72,Y=1,C=2,R=1 || L2:[sp=K,19] Y=1,X=52,C=1,S=2,K=1,R=1",-inf,-inf,0,C|K,1
C,78,X,204,K,19,S,3,R,1,Y,1,C,2,C,2,C,1,K,1,Y,1,S,2,R,1,X,52,"L1:[sp=C,78] X=204,K=19,S=3,R=1,Y=1,C=2 || L2:[sp=C,2] C=1,K=1,Y=1,S=2,R=1,X=52",-inf,-inf,0,C|C,1
K,78,K,19,R,1,X,204,C,2,Y,1,S,3,C,1,S,2,K,1,C,1,Y,1,X,52,R,1,"L1:[sp=K,78] K=19,R=1,X=204,C=2,Y=1,S=3 || L2:[sp=C,1] S=2,K=1,C=1,Y=1,X=52,R=1",-inf,-inf,0,K|C,1
C,78,X,204,K,19,S,3,R,1,Y,1,C,2,X,2,Y,1,K,1,C,1,S,2,X,52,R,1,"L1:[sp=C,78] X=204,K=19,S=3,R=1,Y=1,C=2 || L2:[sp=X,2] Y=1,K=1,C=1,S=2,X=52,R=1",-inf,-inf,0,C|X,1
C,78,X,204,S,1,K,19,R,1,Y,1,C,2,C,2,C,2,K,1,Y,1,S,1,R,1,X,52,"L1:[sp=C,78] X=204,S=1,K=19,R=1,Y=1,C=2 || L2:[sp=C,2] C=2,K=1,Y=1,S=1,R=1,X=52",-inf,-inf,0,C|C,1
C,78,X,72,C,2,R,3,K,19,Y,1,S,2,X,1,Y,1,X,52,C,2,S,2,K,2,R,1,"L1:[sp=C,78] X=72,C=2,R=3,K=19,Y=1,S=2 || L2:[sp=X,1] Y=1,X=52,C=2,S=2,K=2,R=1",-inf,-inf,0,C|X,1
C,78,Y,1,C,2,R,1,K,19,S,3,X,22,X,1,Y,1,X,22,C,1,S,1,K,2,R,1,"L1:[sp=C,78] Y=1,C=2,R=1,K=19,S=3,X=22 || L2:[sp=X,1] Y=1,X=22,C=1,S=1,K=2,R=1",-inf,-inf,0,C|X,1
X,78,X,204,K,19,S,3,R,1,Y,1,C,2,C,2,Y,1,K,1,C,2,S,2,X,52,R,1,"L1:[sp=X,78] X=204,K=19,S=3,R=1,Y=1,C=2 || L2:[sp=C,2] Y=1,K=1,C=2,S=2,X=52,R=1",-inf,-inf,0,X|C,1
C,78,X,204,S,2,K,19,R,1,Y,32,C,2,C,2,C,1,S,1,Y,1,K,1,R,1,X,18,"L1:[sp=C,78] X=204,S=2,K=19,R=1,Y=32,C=2 || L2:[sp=C,2] C=1,S=1,Y=1,K=1,R=1,X=18",-inf,-inf,0,C|C,1
X,78,X,204,K,19,S,2,R,1,Y,115,C,2,C,2,Y,1,K,1,C,1,S,1,X,52,R,1,"L1:[sp=X,78] X=204,K=19,S=2,R=1,Y=115,C=2 || L2:[sp=C,2] Y=1,K=1,C=1,S=1,X=52,R=1",-inf,-inf,0,X|C,1
C,78,K,19,S,3,X,204,C,2,Y,1,R,1,K,1,K,1,S,2,C,2,Y,1,X,52,R,1,"L1:[sp=C,78] K=19,S=3,X=204,C=2,Y=1,R=1 || L2:[sp=K,1] K=1,S=2,C=2,Y=1,X=52,R=1",-inf,-inf,0,C|K,1
C,78,K,19,S,3,X,204,C,2,Y,1,R,1,K,1,K,1,S,3,C,2,Y,1,X,52,R,1,"L1:[sp=C,78] K=19,S=3,X=204,C=2,Y=1,R=1 || L2:[sp=K,1] K=1,S=3,C=2,Y=1,X=52,R=1",-inf,-inf,0,C|K,1
C,78,X,72,C,2,R,3,K,19,Y,1,S,2,X,1,Y,1,X,52,C,1,S,1,K,2,R,1,"L1:[sp=C,78] X=72,C=2,R=3,K=19,Y=1,S=2 || L2:[sp=X,1] Y=1,X=52,C=1,S=1,K=2,R=1",-184142785.0,-163323000.0,1,C|X,1
K,78,X,204,S,3,K,19,R,1,Y,1,C,2,Y,1,S,2,K,1,Y,1,C,2,R,1,X,52,"L1:[sp=K,78] X=204,S=3,K=19,R=1,Y=1,C=2 || L2:[sp=Y,1] S=2,K=1,Y=1,C=2,R=1,X=52",-39225985.0,-163323000.0,1,K|Y,1
K,78,K,19,R,1,X,204,C,2,Y,32,S,3,C,1,S,2,K,1,C,1,Y,1,X,52,R,1,"L1:[sp=K,78] K=19,R=1,X=204,C=2,Y=32,S=3 || L2:[sp=C,1] S=2,K=1,C=1,Y=1,X=52,R=1",-inf,-inf,0,K|C,1
C,78,X,204,S,3,K,19,R,1,Y,1,C,2,C,2,C,1,R,1,Y,1,S,2,K,8,X,52,"L1:[sp=C,78] X=204,S=3,K=19,R=1,Y=1,C=2 || L2:[sp=C,2] C=1,R=1,Y=1,S=2,K=8,X=52",-inf,-inf,0,C|C,1
K,78,K,19,R,1,X,204,S,3,Y,1,C,2,C,1,S,3,K,1,C,2,Y,1,X,148,R,1,"L1:[sp=K,78] K=19,R=1,X=204,S=3,Y=1,C=2 || L2:[sp=C,1] S=3,K=1,C=2,Y=1,X=148,R=1",-inf,-inf,0,K|C,1
X,78,X,204,K,19,S,3,R,1,Y,1,C,1,C,2,Y,1,K,1,C,1,S,2,X,52,R,1,"L1:[sp=X,78] X=204,K=19,S=3,R=1,Y=1,C=1 || L2:[sp=C,2] Y=1,K=1,C=1,S=2,X=52,R=1",-inf,-inf,0,X|C,1
C,78,K,19,S,2,X,204,C,2,Y,84,R,1,K,1,K,1,S,1,C,2,Y,1,X,52,R,1,"L1:[sp=C,78] K=19,S=2,X=204,C=2,Y=84,R=1 || L2:[sp=K,1] K=1,S=1,C=2,Y=1,X=52,R=1",-inf,-inf,0,C|K,1
Y,78,K,19,S,3,X,204,C,2,Y,1,R,2,K,1,K,1,S,2,C,2,Y,1,X,52,R,1,"L1:[sp=Y,78] K=19,S=3,X=204,C=2,Y=1,R=2 || L2:[sp=K,1] K=1,S=2,C=2,Y=1,X=52,R=1",-inf,-inf,0,Y|K,1
X,78,Y,1,C,2,R,1,K,19,S,2,X,72,C,18,Y,1,X,52,C,1,S,1,K,2,R,1,"L1:[sp=X,78] Y=1,C=2,R=1,K=19,S=2,X=72 || L2:[sp=C,18] Y=1,X=52,C=1,S=1,K=2,R=1",-18848257.0,-163323000.0,1,X|C,1
X,78,X,204,S,3,K,19,R,1,Y,1,C,2,C,2,C,1,K,1,Y,1,S,2,R,1,X,52,"L1:[sp=X,78] X=204,S=3,K=19,R=1,Y=1,C=2 || L2:[sp=C,2] C=1,K=1,Y=1,S=2,R=1,X=52",-53163265.0,-163323000.0,1,X|C,1
X,78,Y,1,C,2,R,1,K,19,S,2,X,72,C,18,Y,1,X,52,C,1,S,1,K,2,R,1,"L1:[sp=X,78] Y=1,C=2,R=1,K=19,S=2,X=72 || L2:[sp=C,18] Y=1,X=52,C=1,S=1,K=2,R=1",-inf,-inf,0,X|C,1
X,78,Y,1,C,2,R,1,K,19,S,2,X,91,C,18,Y,1,X,52,C,1,S,1,R,1,K,2,"L1:[sp=X,78] Y=1,C=2,R=1,K=19,S=2,X=91 || L2:[sp=C,18] Y=1,X=52,C=1,S=1,R=1,K=2",-inf,-inf,0,X|C,1
Y,78,X,204,S,1,K,19,R,1,Y,1,C,2,X,1,S,1,K,1,Y,1,C,2,R,1,X,52,"L1:[sp=Y,78] X=204,S=1,K=19,R=1,Y=1,C=2 || L2:[sp=X,1] S=1,K=1,Y=1,C=2,R=1,X=52",-inf,-inf,0,Y|X,1
K,78,X,204,S,3,K,19,R,1,Y,1,C,2,Y,1,S,2,X,52,Y,1,C,1,R,1,K,1,"L1:[sp=K,78] X=204,S=3,K=19,R=1,Y=1,C=2 || L2:[sp=Y,1] S=2,X=52,Y=1,C=1,R=1,K=1",-inf,-inf,0,K|Y,1
X,78,X,204,S,3,K,19,R,1,Y,165,C,2,C,2,C,1,K,1,Y,1,S,2,R,1,X,52,"L1:[sp=X,78] X=204,S=3,K=19,R=1,Y=165,C=2 || L2:[sp=C,2] C=1,K=1,Y=1,S=2,R=1,X=52",-inf,-inf,0,X|C,1
C,78,X,72,Y,1,R,3,K,19,C,2,S,3,X,1,Y,1,X,52,C,1,S,2,K,2,R,1,"L1:[sp=C,78] X=72,Y=1,R=3,K=19,C=2,S=3 || L2:[sp=X,1] Y=1,X=52,C=1,S=2,K=2,R=1",-inf,-inf,0,C|X,1
Y,78,X,204,S,2,K,19,R,1,Y,1,C,2,K,1,S,2,K,1,Y,1,C,2,R,1,X,52,"L1:[sp=Y,78] X=204,S=2,K=19,R=1,Y=1,C=2 || L2:[sp=K,1] S=2,K=1,Y=1,C=2,R=1,X=52",-inf,-inf,0,Y|K,1
X,78,X,204,S,3,K,19,R,1,Y,1,C,2,C,2,C,1,K,19,Y,1,S,1,R,1,X,52,"L1:[sp=X,78] X=204,S=3,K=19,R=1,Y=1,C=2 || L2:[sp=C,2] C=1,K=19,Y=1,S=1,R=1,X=52",-inf,-inf,0,X|C,1
X,78,Y,1,C,2,R,1,K,19,S,2,X,72,C,2,Y,1,X,52,C,1,S,1,K,2,R,1,"L1:[sp=X,78] Y=1,C=2,R=1,K=19,S=2,X=72 || L2:[sp=C,2] Y=1,X=52,C=1,S=1,K=2,R=1",-inf,-inf,0,X|C,1
K,78,X,204,S,3,K,19,R,1,Y,1,C,2,Y,1,S,2,K,1,Y,1,C,2,R,1,X,52,"L1:[sp=K,78] X=204,S=3,K=19,R=1,Y=1,C=2 || L2:[sp=Y,1] S=2,K=1,Y=1,C=2,R=1,X=52",-39225985.0,-163323000.0,1,K|Y,1
X,78,Y,1,K,19,R,1,C,2,S,2,X,72,C,18,Y,1,X,52,C,1,S,1,K,2,R,1,"L1:[sp=X,78] Y=1,K=19,R=1,C=2,S=2,X=72 || L2:[sp=C,18] Y=1,X=52,C=1,S=1,K=2,R=1",-inf,-inf,0,X|C,1
K,78,X,204,S,3,K,19,R,3,C,2,Y,1,Y,1,S,2,K,1,Y,1,C,2,R,1,X,52,"L1:[sp=K,78] X=204,S=3,K=19,R=3,C=2,Y=1 || L2:[sp=Y,1] S=2,K=1,Y=1,C=2,R=1,X=52",-inf,-inf,0,K|Y,1
C,78,X,72,R,3,C,1,K,19,Y,1,S,2,Y,1,Y,1,X,52,C,1,S,1,K,2,R,1,"L1:[sp=C,78] X=72,R=3,C=1,K=19,Y=1,S=2 || L2:[sp=Y,1] Y=1,X=52,C=1,S=1,K=2,R=1",-inf,-inf,0,C|Y,1
X,78,X,204,C,2,R,1,K,19,Y,1,S,3,C,2,Y,1,X,52,C,1,S,2,K,2,R,1,"L1:[sp=X,78] X=204,C=2,R=1,K=19,Y=1,S=3 || L2:[sp=C,2] Y=1,X=52,C=1,S=2,K=2,R=1",-inf,-inf,0,X|C,1
X,78,X,72,S,2,K,19,R,2,Y,1,C,2,C,2,C,1,K,1,Y,1,S,1,R,1,X,52,"L1:[sp=X,78] X=72,S=2,K=19,R=2,Y=1,C=2 || L2:[sp=C,2] C=1,K=1,Y=1,S=1,R=1,X=52",-inf,-inf,0,X|C,1
C,78,X,72,S,2,R,3,K,19,Y,1,C,2,X,1,Y,1,X,52,C,1,S,1,K,2,R,1,"L1:[sp=C,78] X=72,S=2,R=3,K=19,Y=1,C=2 || L2:[sp=X,1] Y=1,X=52,C=1,S=1,K=2,R=1",-inf,-inf,0,C|X,1
X,78,X,204,S,3,K,19,R,1,Y,1,C,2,C,2,C,1,K,1,Y,1,S,2,R,1,X,52,"L1:[sp=X,78] X=204,S=3,K=19,R=1,Y=1,C=2 || L2:[sp=C,2] C=1,K=1,Y=1,S=2,R=1,X=52",-inf,-inf,0,X|C,1
K,78,X,72,S,2,K,47,R,3,Y,1,C,2,Y,1,S,1,K,1,Y,1,C,1,R,1,X,52,"L1:[sp=K,78] X=72,S=2,K=47,R=3,Y=1,C=2 || L2:[sp=Y,1] S=1,K=1,Y=1,C=1,R=1,X=52",-202840513.0,-163323000.0,1,K|Y,1
C,78,X,204,C,2,R,1,K,19,Y,1,S,3,X,1,Y,1,X,52,C,1,S,1,K,2,R,1,"L1:[sp=C,78] X=204,C=2,R=1,K=19,Y=1,S=3 || L2:[sp=X,1] Y=1,X=52,C=1,S=1,K=2,R=1",-66065665.0,-163323000.0,1,C|X,1
K,78,X,153,S,3,K,19,R,1,Y,1,C,2,Y,1,S,2,K,1,Y,1,C,2,R,1,X,52,"L1:[sp=K,78] X=153,S=3,K=19,R=1,Y=1,C=2 || L2:[sp=Y,1] S=2,K=1,Y=1,C=2,R=1,X=52",-inf,-inf,0,K|Y,1
X,78,Y,94,C,2,R,1,K,19,S,2,X,72,C,18,R,1,X,15,C,1,S,1,K,2,Y,1,"L1:[sp=X,78] Y=94,C=2,R=1,K=19,S=2,X=72 || L2:[sp=C,18] R=1,X=15,C=1,S=1,K=2,Y=1",-inf,-inf,0,X|C,1
K,78,X,204,S,3,K,19,R,1,Y,1,C,2,Y,1,S,2,K,1,Y,1,C,2,R,1,X,52,"L1:[sp=K,78] X=204,S=3,K=19,R=1,Y=1,C=2 || L2:[sp=Y,1] S=2,K=1,Y=1,C=2,R=1,X=52",-39225985.0,-163323000.0,1,K|Y,1
C,78,X,204,C,3,R,1,K,19,Y,1,S,3,X,1,Y,1,X,52,C,1,S,2,K,2,R,1,"L1:[sp=C,78] X=204,C=3,R=1,K=19,Y=1,S=3 || L2:[sp=X,1] Y=1,X=52,C=1,S=2,K=2,R=1",-inf,-inf,0,C|X,1
K,78,X,204,S,3,R,1,K,19,Y,1,C,2,Y,1,S,2,K,1,Y,1,C,2,R,1,X,52,"L1:[sp=K,78] X=204,S=3,R=1,K=19,Y=1,C=2 || L2:[sp=Y,1] S=2,K=1,Y=1,C=2,R=1,X=52",-39225985.0,-163323000.0,1,K|Y,1
K,78,X,50,S,2,K,47,R,3,Y,161,C,2,K,47,S,1,K,1,Y,1,C,1,R,1,X,50,"L1:[sp=K,78] X=50,S=2,K=47,R=3,Y=161,C=2 || L2:[sp=K,47] S=1,K=1,Y=1,C=1,R=1,X=50",-inf,-inf,0,K|K,1
Y,78,X,204,C,2,R,1,K,19,Y,1,S,3,X,1,Y,1,X,52,C,1,S,1,K,2,R,1,"L1:[sp=Y,78] X=204,C=2,R=1,K=19,Y=1,S=3 || L2:[sp=X,1] Y=1,X=52,C=1,S=1,K=2,R=1",-inf,-inf,0,Y|X,1
X,78,X,72,C,2,R,3,K,19,Y,1,S,2,C,1,C,1,X,52,Y,1,S,1,K,2,R,1,"L1:[sp=X,78] X=72,C=2,R=3,K=19,Y=1,S=2 || L2:[sp=C,1] C=1,X=52,Y=1,S=1,K=2,R=1",-inf,-inf,0,X|C,1
K,78,X,204,S,3,K,47,R,1,Y,1,C,2,Y,1,S,1,K,15,Y,1,C,1,R,1,X,52,"L1:[sp=K,78] X=204,S=3,K=47,R=1,Y=1,C=2 || L2:[sp=Y,1] S=1,K=15,Y=1,C=1,R=1,X=52",-inf,-inf,0,K|Y,1
K,78,X,72,S,3,K,47,R,3,Y,1,C,2,Y,1,S,1,K,1,Y,1,C,1,R,1,X,68,"L1:[sp=K,78] X=72,S=3,K=47,R=3,Y=1,C=2 || L2:[sp=Y,1] S=1,K=1,Y=1,C=1,R=1,X=68",-inf,-inf,0,K|Y,1
C,78,X,204,C,2,R,1,K,19,Y,1,S,2,X,1,Y,1,X,95,C,1,S,1,K,2,R,1,"L1:[sp=C,78] X=204,C=2,R=1,K=19,Y=1,S=2 || L2:[sp=X,1] Y=1,X=95,C=1,S=1,K=2,R=1",-inf,-inf,0,C|X,1
K,78,X,204,S,3,K,19,R,1,Y,1,C,3,Y,1,S,2,K,1,Y,1,C,2,R,1,X,52,"L1:[sp=K,78] X=204,S=3,K=19,R=1,Y=1,C=3 || L2:[sp=Y,1] S=2,K=1,Y=1,C=2,R=1,X=52",-inf,-inf,0,K|Y,1
C,78,X,204,C,2,R,1,K,19,Y,1,S,3,X,1,Y,1,X,52,C,1,S,1,K,2,R,1,"L1:[sp=C,78] X=204,C=2,R=1,K=19,Y=1,S=3 || L2:[sp=X,1] Y=1,X=52,C=1,S=1,K=2,R=1",-inf,-inf,0,C|X,1
K,78,X,72,S,3,K,47,R,1,Y,1,C,2,Y,1,S,2,K,1,Y,1,C,1,R,1,X,52,"L1:[sp=K,78] X=72,S=3,K=47,R=1,Y=1,C=2 || L2:[sp=Y,1] S=2,K=1,Y=1,C=1,R=1,X=52",-inf,-inf,0,K|Y,1
Y,78,X,3,S,2,Y,1,R,3,K,19,C,2,K,1,S,1,K,1,Y,1,C,2,R,1,X,3,"L1:[sp=Y,78] X=3,S=2,Y=1,R=3,K=19,C=2 || L2:[sp=K,1] S=1,K=1,Y=1,C=2,R=1,X=3",-inf,-inf,0,Y|K,1
K,78,X,72,S,2,K,47,R,3,Y,1,C,2,Y,1,S,1,K,1,Y,1,C,1,R,1,X,52,"L1:[sp=K,78] X=72,S=2,K=47,R=3,Y=1,C=2 || L2:[sp=Y,1] S=1,K=1,Y=1,C=1,R=1,X=52",-inf,-inf,0,K|Y,1
K,78,X,204,S,3,K,19,R,1,Y,1,C,2,Y,1,S,2,K,1,Y,1,C,2,R,1,X,201,"L1:[sp=K,78] X=204,S=3,K=19,R=1,Y=1,C=2 || L2:[sp=Y,1] S=2,K=1,Y=1,C=2,R=1,X=201",-inf,-inf,0,K|Y,1
K,78,X,72,S,2,K,47,R,3,Y,1,C,2,Y,1,S,2,K,1,Y,1,C,1,R,1,X,52,"L1:[sp=K,78] X=72,S=2,K=47,R=3,Y=1,C=2 || L2:[sp=Y,1] S=2,K=1,Y=1,C=1,R=1,X=52",-inf,-inf,0,K|Y,1
C,78,X,144,C,2,R,1,K,19,Y,1,S,1,X,1,Y,1,X,52,C,1,S,1,R,1,K,2,"L1:[sp=C,78] X=144,C=2,R=1,K=19,Y=1,S=1 || L2:[sp=X,1] Y=1,X=52,C=1,S=1,R=1,K=2",-60915457.0,-163323000.0,1,C|X,1
K,78,X,101,S,3,K,47,R,1,Y,1,C,2,Y,1,S,2,K,1,Y,1,C,1,R,1,X,52,"L1:[sp=K,78] X=101,S=3,K=47,R=1,Y=1,C=2 || L2:[sp=Y,1] S=2,K=1,Y=1,C=1,R=1,X=52",-inf,-inf,0,K|Y,1
K,78,X,72,S,2,K,19,R,3,Y,1,C,2,Y,1,S,1,K,1,Y,1,C,2,R,1,X,52,"L1:[sp=K,78] X=72,S=2,K=19,R=3,Y=1,C=2 || L2:[sp=Y,1] S=1,K=1,Y=1,C=2,R=1,X=52",-inf,-inf,0,K|Y,1
K,78,X,204,R,1,K,19,S,3,Y,1,C,2,Y,1,S,1,K,1,Y,1,C,2,R,1,X,52,"L1:[sp=K,78] X=204,R=1,K=19,S=3,Y=1,C=2 || L2:[sp=Y,1] S=1,K=1,Y=1,C=2,R=1,X=52",-39225985.0,-163323000.0,1,K|Y,1
C,78,X,204,C,2,R,1,K,19,Y,1,S,3,K,19,Y,1,X,52,C,1,S,2,K,2,R,1,"L1:[sp=C,78] X=204,C=2,R=1,K=19,Y=1,S=3 || L2:[sp=K,19] Y=1,X=52,C=1,S=2,K=2,R=1",-inf,-inf,0,C|K,1
K,78,X,204,S,3,K,19,R,1,Y,1,C,2,Y,1,S,2,K,1,Y,1,C,2,R,1,X,52,"L1:[sp=K,78] X=204,S=3,K=19,R=1,Y=1,C=2 || L2:[sp=Y,1] S=2,K=1,Y=1,C=2,R=1,X=52",-inf,-inf,0,K|Y,1
K,78,Y,1,S,2,R,1,K,19,X,204,C,2,Y,1,S,1,K,1,Y,1,C,2,R,1,X,37,"L1:[sp=K,78] Y=1,S=2,R=1,K=19,X=204,C=2 || L2:[sp=Y,1] S=1,K=1,Y=1,C=2,R=1,X=37",-inf,-inf,0,K|Y,1
K,78,X,204,R,1,K,19,S,3,Y,38,C,2,Y,1,S,2,K,1,Y,1,C,2,R,1,X,52,"L1:[sp=K,78] X=204,R=1,K=19,S=3,Y=38,C=2 || L2:[sp=Y,1] S=2,K=1,Y=1,C=2,R=1,X=52",-inf,-inf,0,K|Y,1
K,78,X,204,S,1,K,19,R,1,Y,1,C,2,C,1,C,2,K,1,Y,1,S,1,R,1,X,52,"L1:[sp=K,78] X=204,S=1,K=19,R=1,Y=1,C=2 || L2:[sp=C,1] C=2,K=1,Y=1,S=1,R=1,X=52",-inf,-inf,0,K|C,1
C,78,X,144,C,2,R,1,K,19,Y,1,S,3,X,1,Y,1,X,52,C,1,S,2,R,1,K,2,"L1:[sp=C,78] X=144,C=2,R=1,K=19,Y=1,S=3 || L2:[sp=X,1] Y=1,X=52,C=1,S=2,R=1,K=2",-inf,-inf,0,C|X,1
K,78,X,204,S,3,K,19,R,2,Y,1,C,2,Y,1,S,1,K,1,Y,1,C,2,R,1,X,52,"L1:[sp=K,78] X=204,S=3,K=19,R=2,Y=1,C=2 || L2:[sp=Y,1] S=1,K=1,Y=1,C=2,R=1,X=52",-inf,-inf,0,K|Y,1
K,78,X,204,R,1,K,19,S,3,Y,97,C,2,Y,1,S,2,K,1,Y,1,C,2,R,1,X,52,"L1:[sp=K,78] X=204,R=1,K=19,S=3,Y=97,C=2 || L2:[sp=Y,1] S=2,K=1,Y=1,C=2,R=1,X=52",-inf,-inf,0,K|Y,1
K,78,X,215,S,3,K,19,R,1,Y,1,C,2,Y,1,S,1,K,1,Y,1,C,2,R,1,X,52,"L1:[sp=K,78] X=215,S=3,K=19,R=1,Y=1,C=2 || L2:[sp=Y,1] S=1,K=1,Y=1,C=2,R=1,X=52",-inf,-inf,0,K|Y,1
K,78,X,204,R,1,S,3,K,37,Y,1,C,2,Y,1,S,2,K,1,Y,1,C,2,R,1,X,52,"L1:[sp=K,78] X=204,R=1,S=3,K=37,Y=1,C=2 || L2:[sp=Y,1] S=2,K=1,Y=1,C=2,R=1,X=52",-76384897.0,-163323000.0,1,K|Y,1
K,78,X,204,S,3,K,19,R,1,Y,1,C,2,Y,1,S,2,K,1,Y,1,C,2,R,1,X,52,"L1:[sp=K,78] X=204,S=3,K=19,R=1,Y=1,C=2 || L2:[sp=Y,1] S=2,K=1,Y=1,C=2,R=1,X=52",-inf,-inf,0,K|Y,1
K,78,X,204,R,1,K,19,S,3,Y,1,C,2,X,21,S,1,K,1,Y,1,C,2,R,1,X,52,"L1:[sp=K,78] X=204,R=1,K=19,S=3,Y=1,C=2 || L2:[sp=X,21] S=1,K=1,Y=1,C=2,R=1,X=52",-inf,-inf,0,K|X,1
K,78,X,204,S,1,R,1,K,19,Y,1,C,2,Y,1,S,1,K,1,Y,1,C,2,R,1,X,52,"L1:[sp=K,78] X=204,S=1,R=1,K=19,Y=1,C=2 || L2:[sp=Y,1] S=1,K=1,Y=1,C=2,R=1,X=52",-inf,-inf,0,K|Y,1
C,78,X,144,C,1,R,1,K,48,Y,1,S,3,X,1,Y,1,X,52,C,1,S,2,R,1,K,2,"L1:[sp=C,78] X=144,C=1,R=1,K=48,Y=1,S=3 || L2:[sp=X,1] Y=1,X=52,C=1,S=2,R=1,K=2",-inf,-inf,0,C|X,1
K,78,X,204,S,1,R,3,K,19,Y,1,C,2,Y,1,S,1,K,1,Y,1,C,2,R,1,X,52,"L1:[sp=K,78] X=204,S=1,R=3,K=19,Y=1,C=2 || L2:[sp=Y,1] S=1,K=1,Y=1,C=2,R=1,X=52",-inf,-inf,0,K|Y,1
K,78,X,204,S,3,K,19,R,1,Y,1,C,2,Y,1,S,2,K,1,Y,1,C,1,R,1,X,52,"L1:[sp=K,78] X=204,S=3,K=19,R=1,Y=1,C=2 || L2:[sp=Y,1] S=2,K=1,Y=1,C=1,R=1,X=52",-inf,-inf,0,K|Y,1
K,78,X,204,S,3,R,1,K,62,Y,1,C,2,Y,1,S,2,K,1,Y,1,C,2,R,1,X,52,"L1:[sp=K,78] X=204,S=3,R=1,K=62,Y=1,C=2 || L2:[sp=Y,1] S=2,K=1,Y=1,C=2,R=1,X=52",-inf,-inf,0,K|Y,1
K,78,X,204,S,3,K,19,R,1,Y,1,C,1,Y,1,S,2,K,18,Y,1,X,52,R,1,C,1,"L1:[sp=K,78] X=204,S=3,K=19,R=1,Y=1,C=1 || L2:[sp=Y,1] S=2,K=18,Y=1,X=52,R=1,C=1",-inf,-inf,0,K|Y,1
K,78,X,144,S,1,R,1,K,19,Y,1,C,2,Y,1,S,1,K,1,Y,1,C,2,R,1,X,52,"L1:[sp=K,78] X=144,S=1,R=1,K=19,Y=1,C=2 || L2:[sp=Y,1] S=1,K=1,Y=1,C=2,R=1,X=52",-inf,-inf,0,K|Y,1
C,78,X,204,C,2,S,3,K,41,Y,1,R,1,X,1,Y,1,X,52,C,1,S,2,R,1,K,2,"L1:[sp=C,78] X=204,C=2,S=3,K=41,Y=1,R=1 || L2:[sp=X,1] Y=1,X=52,C=1,S=2,R=1,K=2",-66062977.0,-163323000.0,1,C|X,1
K,78,X,204,S,3,R,1,K,19,Y,1,C,2,Y,1,C,2,K,1,Y,1,S,1,R,1,X,52,"L1:[sp=K,78] X=204,S=3,R=1,K=19,Y=1,C=2 || L2:[sp=Y,1] C=2,K=1,Y=1,S=1,R=1,X=52",-inf,-inf,0,K|Y,1
K,78,X,204,R,1,K,19,S,3,Y,1,C,2,Y,1,S,2,K,14,Y,1,C,1,R,1,X,52,"L1:[sp=K,78] X=204,R=1,K=19,S=3,Y=1,C=2 || L2:[sp=Y,1] S=2,K=14,Y=1,C=1,R=1,X=52",-inf,-inf,0,K|Y,1
C,78,X,204,C,2,S,3,K,41,Y,1,R,1,X,1,Y,1,X,52,C,1,S,2,R,1,K,2,"L1:[sp=C,78] X=204,C=2,S=3,K=41,Y=1,R=1 || L2:[sp=X,1] Y=1,X=52,C=1,S=2,R=1,K=2",-inf,-inf,0,C|X,1
C,78,X,204,C,2,S,3,Y,1,K,41,R,1,X,1,Y,1,X,52,C,2,S,2,R,1,K,2,"L1:[sp=C,78] X=204,C=2,S=3,Y=1,K=41,R=1 || L2:[sp=X,1] Y=1,X=52,C=2,S=2,R=1,K=2",-66062977.0,-163324000.0,1,C|X,1
K,78,X,204,R,1,S,3,K,37,Y,1,C,2,Y,1,S,2,K,26,Y,1,C,2,R,1,X,52,"L1:[sp=K,78] X=204,R=1,S=3,K=37,Y=1,C=2 || L2:[sp=Y,1] S=2,K=26,Y=1,C=2,R=1,X=52",-inf,-inf,0,K|Y,1
K,78,X,204,R,1,S,1,K,37,Y,111,C,2,Y,1,S,1,X,52,Y,1,C,2,R,1,K,1,"L1:[sp=K,78] X=204,R=1,S=1,K=37,Y=111,C=2 || L2:[sp=Y,1] S=1,X=52,Y=1,C=2,R=1,K=1",-inf,-inf,0,K|Y,1
C,78,X,204,C,2,S,3,K,41,Y,1,R,1,X,14,Y,1,X,52,C,1,S,2,K,2,R,1,"L1:[sp=C,78] X=204,C=2,S=3,K=41,Y=1,R=1 || L2:[sp=X,14] Y=1,X=52,C=1,S=2,K=2,R=1",-inf,-inf,0,C|X,1
K,78,X,204,R,1,S,3,K,28,Y,1,C,2,Y,1,S,2,K,7,Y,1,C,2,R,1,X,52,"L1:[sp=K,78] X=204,R=1,S=3,K=28,Y=1,C=2 || L2:[sp=Y,1] S=2,K=7,Y=1,C=2,R=1,X=52",-inf,-inf,0,K|Y,1
C,78,X,204,C,1,S,3,K,41,Y,1,R,1,X,1,Y,1,X,52,C,1,S,2,R,1,K,2,"L1:[sp=C,78] X=204,C=1,S=3,K=41,Y=1,R=1 || L2:[sp=X,1] Y=1,X=52,C=1,S=2,R=1,K=2",-inf,-inf,0,C|X,1
K,78,X,204,R,1,S,2,K,37,Y,1,C,2,Y,1,K,1,S,2,Y,1,C,2,R,1,X,52,"L1:[sp=K,78] X=204,R=1,S=2,K=37,Y=1,C=2 || L2:[sp=Y,1] K=1,S=2,Y=1,C=2,R=1,X=52",-inf,-inf,0,K|Y,1
C,78,S,3,C,2,X,149,K,41,Y,1,R,1,X,1,Y,1,X,52,C,1,S,2,R,1,K,2,"L1:[sp=C,78] S=3,C=2,X=149,K=41,Y=1,R=1 || L2:[sp=X,1] Y=1,X=52,C=1,S=2,R=1,K=2",-inf,-inf,0,C|X,1
K,78,X,204,R,1,S,3,K,37,Y,1,C,2,Y,1,S,1,K,1,Y,1,C,2,R,1,X,52,"L1:[sp=K,78] X=204,R=1,S=3,K=37,Y=1,C=2 || L2:[sp=Y,1] S=1,K=1,Y=1,C=2,R=1,X=52",-76384897.0,-163323000.0,1,K|Y,1
C,78,X,204,C,2,S,3,K,41,Y,84,R,1,X,1,Y,1,X,52,C,1,S,2,R,1,K,2,"L1:[sp=C,78] X=204,C=2,S=3,K=41,Y=84,R=1 || L2:[sp=X,1] Y=1,X=52,C=1,S=2,R=1,K=2",-inf,-inf,0,C|X,1
K,78,X,204,R,1,S,2,K,37,Y,1,C,2,Y,1,S,2,K,1,Y,1,C,2,R,1,X,52,"L1:[sp=K,78] X=204,R=1,S=2,K=37,Y=1,C=2 || L2:[sp=Y,1] S=2,K=1,Y=1,C=2,R=1,X=52",-inf,-inf,0,K|Y,1
C,78,X,204,C,3,S,3,K,41,Y,1,R,1,X,1,Y,1,X,52,C,2,S,2,R,1,K,2,"L1:[sp=C,78] X=204,C=3,S=3,K=41,Y=1,R=1 || L2:[sp=X,1] Y=1,X=52,C=2,S=2,R=1,K=2",-inf,-inf,0,C|X,1
K,78,X,204,R,1,Y,1,K,37,S,3,C,2,Y,1,X,52,K,1,Y,1,C,2,R,1,S,2,"L1:[sp=K,78] X=204,R=1,Y=1,K=37,S=3,C=2 || L2:[sp=Y,1] X=52,K=1,Y=1,C=2,R=1,S=2",-76384897.0,-163323000.0,1,K|Y,1
X,78,X,204,C,2,S,1,K,41,Y,1,R,1,C,1,Y,1,X,52,C,1,S,1,R,1,K,2,"L1:[sp=X,78] X=204,C=2,S=1,K=41,Y=1,R=1 || L2:[sp=C,1] Y=1,X=52,C=1,S=1,R=1,K=2",-78970753.0,-163323000.0,1,X|C,1
C,78,X,204,C,2,S,3,K,41,Y,149,R,1,X,1,Y,1,X,52,C,1,S,2,R,1,K,2,"L1:[sp=C,78] X=204,C=2,S=3,K=41,Y=149,R=1 || L2:[sp=X,1] Y=1,X=52,C=1,S=2,R=1,K=2",-inf,-inf,0,C|X,1
K,78,X,204,R,1,S,3,K,37,Y,1,C,2,Y,1,S,2,K,1,Y,1,C,2,R,1,X,52,"L1:[sp=K,78] X=204,R=1,S=3,K=37,Y=1,C=2 || L2:[sp=Y,1] S=2,K=1,Y=1,C=2,R=1,X=52",-inf,-inf,0,K|Y,1
C,78,X,204,S,3,C,2,K,41,Y,1,R,1,X,1,Y,1,X,52,C,1,S,2,R,1,K,17,"L1:[sp=C,78] X=204,S=3,C=2,K=41,Y=1,R=1 || L2:[sp=X,1] Y=1,X=52,C=1,S=2,R=1,K=17",-inf,-inf,0,C|X,1
K,78,X,204,R,1,S,3,K,37,Y,1,C,2,Y,1,S,2,K,1,Y,1,C,2,R,1,X,52,"L1:[sp=K,78] X=204,R=1,S=3,K=37,Y=1,C=2 || L2:[sp=Y,1] S=2,K=1,Y=1,C=2,R=1,X=52",-inf,-inf,0,K|Y,1
K,78,X,204,R,1,S,3,K,37,Y,1,C,2,X,6,S,2,K,1,Y,1,C,2,R,1,X,52,"L1:[sp=K,78] X=204,R=1,S=3,K=37,Y=1,C=2 || L2:[sp=X,6] S=2,K=1,Y=1,C=2,R=1,X=52",-inf,-inf,0,K|X,1
C,78,X,204,C,2,S,3,K,41,Y,1,R,1,X,1,Y,1,X,52,C,1,S,2,R,1,K,2,"L1:[sp=C,78] X=204,C=2,S=3,K=41,Y=1,R=1 || L2:[sp=X,1] Y=1,X=52,C=1,S=2,R=1,K=2",-66062977.0,-163323000.0,1,C|X,1
C,78,X,204,C,2,S,3,Y,1,K,41,R,1,X,1,Y,1,X,52,C,2,S,2,R,1,K,2,"L1:[sp=C,78] X=204,C=2,S=3,Y=1,K=41,R=1 || L2:[sp=X,1] Y=1,X=52,C=2,S=2,R=1,K=2",-66062977.0,-163324000.0,1,C|X,1
C,78,X,146,C,2,S,3,K,41,Y,1,R,1,X,1,Y,1,X,52,C,1,S,1,R,1,K,2,"L1:[sp=C,78] X=146,C=2,S=3,K=41,Y=1,R=1 || L2:[sp=X,1] Y=1,X=52,C=1,S=1,R=1,K=2",-inf,-inf,0,C|X,1
K,78,X,204,R,2,Y,1,K,37,S,3,C,2,Y,1,X,52,K,1,Y,1,C,2,R,1,S,2,"L1:[sp=K,78] X=204,R=2,Y=1,K=37,S=3,C=2 || L2:[sp=Y,1] X=52,K=1,Y=1,C=2,R=1,S=2",-inf,-inf,0,K|Y,1
X,78,X,204,C,2,S,3,K,41,Y,1,R,1,C,1,Y,1,X,52,C,2,S,1,R,1,K,2,"L1:[sp=X,78] X=204,C=2,S=3,K=41,Y=1,R=1 || L2:[sp=C,1] Y=1,X=52,C=2,S=1,R=1,K=2",-106318465.0,-163324000.0,1,X|C,1
K,78,X,204,R,1,S,1,K,37,Y,1,C,2,Y,1,S,1,K,28,Y,1,C,1,R,1,X,90,"L1:[sp=K,78] X=204,R=1,S=1,K=37,Y=1,C=2 || L2:[sp=Y,1] S=1,K=28,Y=1,C=1,R=1,X=90",-inf,-inf,0,K|Y,1
X,78,R,1,C,2,S,3,K,41,Y,1,X,204,C,1,Y,1,X,52,C,1,S,1,R,1,K,2,"L1:[sp=X,78] R=1,C=2,S=3,K=41,Y=1,X=204 || L2:[sp=C,1] Y=1,X=52,C=1,S=1,R=1,K=2",-79739521.0,-163323000.0,1,X|C,1
K,78,X,204,R,1,S,1,K,37,Y,1,C,2,Y,1,S,1,K,1,Y,1,C,2,R,1,X,142,"L1:[sp=K,78] X=204,R=1,S=1,K=37,Y=1,C=2 || L2:[sp=Y,1] S=1,K=1,Y=1,C=2,R=1,X=142",-inf,-inf,0,K|Y,1
X,78,X,204,C,2,S,1,K,41,Y,1,R,1,C,1,Y,1,X,52,C,1,S,1,R,1,K,17,"L1:[sp=X,78] X=204,C=2,S=1,K=41,Y=1,R=1 || L2:[sp=C,1] Y=1,X=52,C=1,S=1,R=1,K=17",-inf,-inf,0,X|C,1
C,78,X,204,C,3,S,3,Y,1,K,41,R,1,X,1,R,1,X,52,C,2,S,2,Y,1,K,33,"L1:[sp=C,78] X=204,C=3,S=3,Y=1,K=41,R=1 || L2:[sp=X,1] R=1,X=52,C=2,S=2,Y=1,K=33",-inf,-inf,0,C|X,1
C,78,X,204,C,2,S,3,Y,1,K,41,R,1,K,41,Y,1,X,52,C,2,S,2,R,1,K,2,"L1:[sp=C,78] X=204,C=2,S=3,Y=1,K=41,R=1 || L2:[sp=K,41] Y=1,X=52,C=2,S=2,R=1,K=2",-inf,-inf,0,C|K,1
K,78,X,204,R,3,S,3,K,37,Y,1,C,2,Y,1,S,1,K,1,Y,1,C,2,R,1,X,52,"L1:[sp=K,78] X=204,R=3,S=3,K=37,Y=1,C=2 || L2:[sp=Y,1] S=1,K=1,Y=1,C=2,R=1,X=52",-inf,-inf,0,K|Y,1
K,78,Y,223,R,1,S,3,K,21,X,32,C,2,Y,1,C,2,K,1,Y,1,S,1,R,1,X,32,"L1:[sp=K,78] Y=223,R=1,S=3,K=21,X=32,C=2 || L2:[sp=Y,1] C=2,K=1,Y=1,S=1,R=1,X=32",-inf,-inf,0,K|Y,1
C,78,X,204,C,2,S,3,K,41,Y,1,R,1,X,1,Y,1,X,52,C,1,S,2,R,1,K,2,"L1:[sp=C,78] X=204,C=2,S=3,K=41,Y=1,R=1 || L2:[sp=X,1] Y=1,X=52,C=1,S=2,R=1,K=2",-inf,-inf,0,C|X,1
C,78,X,204,C,2,S,3,Y,1,K,41,R,1,X,1,Y,1,X,52,C,2,S,1,R,1,K,2,"L1:[sp=C,78] X=204,C=2,S=3,Y=1,K=41,R=1 || L2:[sp=X,1] Y=1,X=52,C=2,S=1,R=1,K=2",-inf,-inf,0,C|X,1
Y,78,X,204,R,1,S,3,K,37,Y,1,C,2,K,1,S,2,K,1,Y,1,C,2,R,1,X,52,"L1:[sp=Y,78] X=204,R=1,S=3,K=37,Y=1,C=2 || L2:[sp=K,1] S=2,K=1,Y=1,C=2,R=1,X=52",-inf,-inf,0,Y|K,1
X,78,C,2,X,204,S,3,K,41,Y,1,R,1,C,1,Y,1,X,52,C,2,K,2,R,1,S,2,"L1:[sp=X,78] C=2,X=204,S=3,K=41,Y=1,R=1 || L2:[sp=C,1] Y=1,X=52,C=2,K=2,R=1,S=2",-106318465.0,-163324000.0,1,X|C,1
X,78,X,204,S,1,C,2,Y,1,K,41,R,2,C,1,Y,1,X,52,C,1,S,1,R,1,K,2,"L1:[sp=X,78] X=204,S=1,C=2,Y=1,K=41,R=2 || L2:[sp=C,1] Y=1,X=52,C=1,S=1,R=1,K=2",-157225705.0,-163323000.0,1,X|C,1
X,78,X,204,C,2,S,3,K,41,Y,1,R,1,C,1,Y,1,X,52,C,2,S,1,R,1,K,2,"L1:[sp=X,78] X=204,C=2,S=3,K=41,Y=1,R=1 || L2:[sp=C,1] Y=1,X=52,C=2,S=1,R=1,K=2",-inf,-inf,0,X|C,1
K,78,X,204,R,2,S,1,K,37,Y,1,C,2,K,37,X,52,K,1,Y,1,C,2,R,1,S,1,"L1:[sp=K,78] X=204,R=2,S=1,K=37,Y=1,C=2 || L2:[sp=K,37] X=52,K=1,Y=1,C=2,R=1,S=1",-inf,-inf,0,K|K,1
X,78,X,204,C,2,S,3,K,41,Y,1,R,1,C,1,Y,1,X,52,C,1,S,1,R,1,K,2,"L1:[sp=X,78] X=204,C=2,S=3,K=41,Y=1,R=1 || L2:[sp=C,1] Y=1,X=52,C=1,S=1,R=1,K=2",-inf,-inf,0,X|C,1
C,78,X,204,C,2,S,3,Y,1,K,41,R,1,X,1,Y,1,X,52,C,2,S,2,R,1,K,2,"L1:[sp=C,78] X=204,C=2,S=3,Y=1,K=41,R=1 || L2:[sp=X,1] Y=1,X=52,C=2,S=2,R=1,K=2",-inf,-inf,0,C|X,1
X,78,X,204,S,3,C,2,Y,1,K,41,R,3,C,1,Y,1,X,52,C,1,S,2,R,1,K,2,"L1:[sp=X,78] X=204,S=3,C=2,Y=1,K=41,R=3 || L2:[sp=C,1] Y=1,X=52,C=1,S=2,R=1,K=2",-237075577.0,-163323000.0,1,X|C,1
C,78,X,204,C,2,S,1,Y,1,K,41,R,2,X,1,Y,1,X,52,C,2,S,1,R,1,K,2,"L1:[sp=C,78] X=204,C=2,S=1,Y=1,K=41,R=2 || L2:[sp=X,1] Y=1,X=52,C=2,S=1,R=1,K=2",-129480937.0,-163324000.0,1,C|X,1
K,78,X,204,C,1,S,3,K,41,Y,1,R,1,C,1,Y,1,X,52,C,1,S,2,R,1,K,2,"L1:[sp=K,78] X=204,C=1,S=3,K=41,Y=1,R=1 || L2:[sp=C,1] Y=1,X=52,C=1,S=2,R=1,K=2",-63483841.0,-163323000.0,1,K|C,1
K,78,Y,1,X,143,S,3,K,41,C,1,R,1,C,1,Y,1,X,52,C,1,K,2,R,1,S,1,"L1:[sp=K,78] Y=1,X=143,S=3,K=41,C=1,R=1 || L2:[sp=C,1] Y=1,X=52,C=1,K=2,R=1,S=1",-59020417.0,-163323000.0,1,K|C,1
C,78,X,204,C,2,S,3,Y,1,K,41,R,1,X,1,Y,1,X,52,C,2,S,1,R,1,K,2,"L1:[sp=C,78] X=204,C=2,S=3,Y=1,K=41,R=1 || L2:[sp=X,1] Y=1,X=52,C=2,S=1,R=1,K=2",-inf,-inf,0,C|X,1
X,78,X,204,C,2,S,3,K,41,Y,83,R,1,C,1,Y,1,X,52,C,2,S,2,R,1,K,2,"L1:[sp=X,78] X=204,C=2,S=3,K=41,Y=83,R=1 || L2:[sp=C,1] Y=1,X=52,C=2,S=2,R=1,K=2",-inf,-inf,0,X|C,1
X,78,X,204,C,2,S,3,K,18,Y,1,R,1,C,1,Y,1,X,52,C,2,S,1,R,1,K,15,"L1:[sp=X,78] X=204,C=2,S=3,K=18,Y=1,R=1 || L2:[sp=C,1] Y=1,X=52,C=2,S=1,R=1,K=15",-inf,-inf,0,X|C,1
X,78,X,204,S,1,C,2,Y,1,K,41,R,3,C,1,Y,1,C,1,X,52,S,1,R,1,K,2,"L1:[sp=X,78] X=204,S=1,C=2,Y=1,K=41,R=3 || L2:[sp=C,1] Y=1,C=1,X=52,S=1,R=1,K=2",-inf,-inf,0,X|C,1
X,78,R,1,C,2,S,3,K,50,Y,93,X,204,C,1,Y,1,X,52,C,1,S,2,R,1,K,2,"L1:[sp=X,78] R=1,C=2,S=3,K=50,Y=93,X=204 || L2:[sp=C,1] Y=1,X=52,C=1,S=2,R=1,K=2",-inf,-inf,0,X|C,1
X,78,C,2,X,204,S,3,K,41,Y,1,R,1,K,41,Y,1,X,52,C,2,K,2,R,1,S,1,"L1:[sp=X,78] C=2,X=204,S=3,K=41,Y=1,R=1 || L2:[sp=K,41] Y=1,X=52,C=2,K=2,R=1,S=1",-inf,-inf,0,X|K,1
X,78,R,1,C,2,S,3,K,41,Y,1,X,204,C,1,Y,1,X,52,C,1,S,2,R,1,K,2,"L1:[sp=X,78] R=1,C=2,S=3,K=41,Y=1,X=204 || L2:[sp=C,1] Y=1,X=52,C=1,S=2,R=1,K=2",-inf,-inf,0,X|C,1
Y,78,X,204,C,2,S,3,Y,1,K,41,R,1,X,1,Y,1,X,52,C,2,S,1,R,1,K,2,"L1:[sp=Y,78] X=204,C=2,S=3,Y=1,K=41,R=1 || L2:[sp=X,1] Y=1,X=52,C=2,S=1,R=1,K=2",-inf,-inf,0,Y|X,1
X,78,C,2,X,204,S,3,K,41,Y,1,R,1,C,1,Y,1,X,52,C,2,K,22,R,1,S,2,"L1:[sp=X,78] C=2,X=204,S=3,K=41,Y=1,R=1 || L2:[sp=C,1] Y=1,X=52,C=2,K=22,R=1,S=2",-inf,-inf,0,X|C,1
C,78,X,204,C,2,S,3,Y,1,K,41,R,1,X,1,Y,1,X,52,C,2,S,2,R,1,K,2,"L1:[sp=C,78] X=204,C=2,S=3,Y=1,K=41,R=1 || L2:[sp=X,1] Y=1,X=52,C=2,S=2,R=1,K=2",-inf,-inf,0,C|X,1
X,78,S,3,X,204,C,2,K,41,Y,1,R,1,C,1,Y,1,X,52,C,2,K,2,R,1,S,1,"L1:[sp=X,78] S=3,X=204,C=2,K=41,Y=1,R=1 || L2:[sp=C,1] Y=1,X=52,C=2,K=2,R=1,S=1",-106318465.0,-163324000.0,1,X|C,1
X,78,R,1,C,3,K,1,S,3,Y,39,X,204,C,1,Y,1,X,52,C,1,S,2,R,1,K,1,"L1:[sp=X,78] R=1,C=3,K=1,S=3,Y=39,X=204 || L2:[sp=C,1] Y=1,X=52,C=1,S=2,R=1,K=1",-79737985.0,-163324000.0,1,X|C,1
C,78,X,204,C,2,S,3,Y,1,K,41,R,1,X,1,Y,1,X,52,C,2,K,2,R,1,S,1,"L1:[sp=C,78] X=204,C=2,S=3,Y=1,K=41,R=1 || L2:[sp=X,1] Y=1,X=52,C=2,K=2,R=1,S=1",-inf,-inf,0,C|X,1
X,78,X,204,C,2,S,3,K,41,Y,1,R,1,C,1,Y,1,X,52,C,2,S,2,R,1,K,2,"L1:[sp=X,78] X=204,C=2,S=3,K=41,Y=1,R=1 || L2:[sp=C,1] Y=1,X=52,C=2,S=2,R=1,K=2",-inf,-inf,0,X|C,1
C,78,Y,1,C,2,S,3,K,41,X,204,R,1,Y,1,Y,1,X,52,C,2,S,1,R,1,K,2,"L1:[sp=C,78] Y=1,C=2,S=3,K=41,X=204,R=1 || L2:[sp=Y,1] Y=1,X=52,C=2,S=1,R=1,K=2",-66062977.0,-163324000.0,1,C|Y,1
K,78,Y,1,X,143,S,3,K,41,C,1,R,1,C,1,Y,1,X,52,C,1,K,2,R,1,S,1,"L1:[sp=K,78] Y=1,X=143,S=3,K=41,C=1,R=1 || L2:[sp=C,1] Y=1,X=52,C=1,K=2,R=1,S=1",-inf,-inf,0,K|C,1
K,78,Y,1,X,143,S,3,K,41,C,1,R,1,K,1,Y,1,X,52,C,1,K,2,R,1,S,1,"L1:[sp=K,78] Y=1,X=143,S=3,K=41,C=1,R=1 || L2:[sp=K,1] Y=1,X=52,C=1,K=2,R=1,S=1",-inf,-inf,0,K|K,1
C,78,X,204,C,3,K,1,S,3,Y,39,R,1,X,1,Y,1,X,191,C,1,S,2,R,1,K,1,"L1:[sp=C,78] X=204,C=3,K=1,S=3,Y=39,R=1 || L2:[sp=X,1] Y=1,X=191,C=1,S=2,R=1,K=1",-inf,-inf,0,C|X,1
C,78,X,204,C,2,S,1,Y,179,K,41,R,2,X,1,Y,1,X,52,C,2,S,1,R,1,K,2,"L1:[sp=C,78] X=204,C=2,S=1,Y=179,K=41,R=2 || L2:[sp=X,1] Y=1,X=52,C=2,S=1,R=1,K=2",-inf,-inf,0,C|X,1
X,78,X,204,S,3,C,2,Y,1,K,47,R,3,C,1,Y,1,X,52,C,1,S,2,R,1,K,2,"L1:[sp=X,78] X=204,S=3,C=2,Y=1,K=47,R=3 || L2:[sp=C,1] Y=1,X=52,C=1,S=2,R=1,K=2",-inf,-inf,0,X|C,1
C,78,X,204,C,2,S,2,Y,1,R,3,K,41,X,1,Y,1,X,52,C,2,S,1,R,1,K,2,"L1:[sp=C,78] X=204,C=2,S=2,Y=1,R=3,K=41 || L2:[sp=X,1] Y=1,X=52,C=2,S=1,R=1,K=2",-194878705.0,-163324000.0,1,C|X,1
Y,78,X,204,S,3,C,2,Y,1,K,39,R,3,C,1,Y,1,X,52,C,1,S,2,R,1,K,2,"L1:[sp=Y,78] X=204,S=3,C=2,Y=1,K=39,R=3 || L2:[sp=C,1] Y=1,X=52,C=1,S=2,R=1,K=2",-inf,-inf,0,Y|C,1
C,78,X,204,C,1,S,1,Y,1,K,41,R,2,X,1,Y,1,X,52,C,1,S,1,R,1,K,2,"L1:[sp=C,78] X=204,C=1,S=1,Y=1,K=41,R=2 || L2:[sp=X,1] Y=1,X=52,C=1,S=1,R=1,K=2",-inf,-inf,0,C|X,1
X,78,S,3,X,204,C,2,K,41,Y,1,R,1,C,1,Y,1,X,52,C,2,K,2,R,1,S,1,"L1:[sp=X,78] S=3,X=204,C=2,K=41,Y=1,R=1 || L2:[sp=C,1] Y=1,X=52,C=2,K=2,R=1,S=1",-inf,-inf,0,X|C,1
X,78,S,3,X,204,C,2,K,41,Y,1,R,1,C,1,Y,1,X,52,C,2,K,2,R,1,S,1,"L1:[sp=X,78] S=3,X=204,C=2,K=41,Y=1,R=1 || L2:[sp=C,1] Y=1,X=52,C=2,K=2,R=1,S=1",-106318465.0,-163324000.0,1,X|C,1
C,78,X,204,C,1,S,1,K,41,Y,102,R,1,K,1,Y,1,X,52,C,1,S,1,R,1,K,2,"L1:[sp=C,78] X=204,C=1,S=1,K=41,Y=102,R=1 || L2:[sp=K,1] Y=1,X=52,C=1,S=1,R=1,K=2",-inf,-inf,0,C|K,1
X,78,X,204,S,3,C,2,Y,1,K,41,R,1,C,1,Y,1,X,52,C,1,S,2,R,1,K,2,"L1:[sp=X,78] X=204,S=3,C=2,Y=1,K=41,R=1 || L2:[sp=C,1] Y=1,X=52,C=1,S=2,R=1,K=2",-inf,-inf,0,X|C,1
X,78,R,3,Y,33,K,1,S,3,C,3,X,80,C,1,Y,1,X,52,C,1,S,2,R,2,K,1,"L1:[sp=X,78] R=3,Y=33,K=1,S=3,C=3,X=80 || L2:[sp=C,1] Y=1,X=52,C=1,S=2,R=2,K=1",-32448833.0,-163324000.0,1,X|C,1
C,78,X,204,C,1,S,3,K,41,Y,1,R,1,K,1,Y,1,X,52,C,1,S,1,R,1,K,2,"L1:[sp=C,78] X=204,C=1,S=3,K=41,Y=1,R=1 || L2:[sp=K,1] Y=1,X=52,C=1,S=1,R=1,K=2",-inf,-inf,0,C|K,1
X,78,S,1,X,204,C,2,K,41,Y,1,R,1,C,1,Y,1,X,52,C,2,K,2,R,1,S,1,"L1:[sp=X,78] S=1,X=204,C=2,K=41,Y=1,R=1 || L2:[sp=C,1] Y=1,X=52,C=2,K=2,R=1,S=1",-inf,-inf,0,X|C,1
X,78,S,3,X,150,Y,1,K,6,C,1,R,1,C,1,Y,1,X,52,C,1,K,2,R,1,S,2,"L1:[sp=X,78] S=3,X=150,Y=1,K=6,C=1,R=1 || L2:[sp=C,1] Y=1,X=52,C=1,K=2,R=1,S=2",-58857121.0,-163323000.0,1,X|C,1
K,78,X,183,K,41,C,2,S,3,Y,1,R,2,Y,1,Y,1,X,52,C,2,S,1,K,2,R,1,"L1:[sp=K,78] X=183,K=41,C=2,S=3,Y=1,R=2 || L2:[sp=Y,1] Y=1,X=52,C=2,S=1,K=2,R=1",-140877129.0,-163324000.0,1,K|Y,1
K,78,X,143,C,1,S,2,K,28,Y,1,R,1,Y,1,Y,1,X,52,C,1,S,1,R,1,K,2,"L1:[sp=K,78] X=143,C=1,S=2,K=28,Y=1,R=1 || L2:[sp=Y,1] Y=1,X=52,C=1,S=1,R=1,K=2",-inf,-inf,0,K|Y,1
K,78,Y,1,X,204,S,3,K,41,C,1,R,3,C,1,Y,1,X,52,C,1,K,2,R,1,S,2,"L1:[sp=K,78] Y=1,X=204,S=3,K=41,C=1,R=3 || L2:[sp=C,1] Y=1,X=52,C=1,K=2,R=1,S=2",-inf,-inf,0,K|C,1
X,78,S,3,C,2,X,204,K,31,Y,1,R,1,C,1,Y,1,X,52,R,1,K,2,C,2,S,2,"L1:[sp=X,78] S=3,C=2,X=204,K=31,Y=1,R=1 || L2:[sp=C,1] Y=1,X=52,R=1,K=2,C=2,S=2",-inf,-inf,0,X|C,1
X,78,R,3,Y,33,K,1,S,3,C,3,X,80,C,1,Y,1,X,52,C,1,S,2,R,2,K,1,"L1:[sp=X,78] R=3,Y=33,K=1,S=3,C=3,X=80 || L2:[sp=C,1] Y=1,X=52,C=1,S=2,R=2,K=1",-inf,-inf,0,X|C,1
Y,78,X,80,K,41,C,2,S,3,Y,1,R,2,K,1,Y,1,S,2,C,2,X,52,K,36,R,2,"L1:[sp=Y,78] X=80,K=41,C=2,S=3,Y=1,R=2 || L2:[sp=K,1] Y=1,S=2,C=2,X=52,K=36,R=2",-inf,-inf,0,Y|K,1
X,78,R,2,K,1,Y,33,S,3,C,3,X,183,C,1,Y,1,X,52,C,1,S,1,R,1,K,1,"L1:[sp=X,78] R=2,K=1,Y=33,S=3,C=3,X=183 || L2:[sp=C,1] Y=1,X=52,C=1,S=1,R=1,K=1",-73527297.0,-163324000.0,1,X|C,1
X,78,R,1,Y,1,K,58,S,3,C,3,X,143,C,1,Y,1,X,52,C,1,S,1,R,1,K,1,"L1:[sp=X,78] R=1,Y=1,K=58,S=3,C=3,X=143 || L2:[sp=C,1] Y=1,X=52,C=1,S=1,R=1,K=1",-inf,-inf,0,X|C,1
K,78,Y,33,X,80,S,3,K,41,C,1,R,3,C,1,Y,23,X,52,C,1,K,2,R,2,S,3,"L1:[sp=K,78] Y=33,X=80,S=3,K=41,C=1,R=3 || L2:[sp=C,1] Y=23,X=52,C=1,K=2,R=2,S=3",-inf,-inf,0,K|C,1
X,78,S,3,X,150,Y,1,K,6,C,1,R,1,K,2,Y,1,X,52,C,1,K,2,R,1,S,2,"L1:[sp=X,78] S=3,X=150,Y=1,K=6,C=1,R=1 || L2:[sp=K,2] Y=1,X=52,C=1,K=2,R=1,S=2",-inf,-inf,0,X|K,1
K,78,Y,222,X,143,S,3,K,41,C,1,R,1,K,41,Y,1,X,52,C,1,K,2,R,1,S,1,"L1:[sp=K,78] Y=222,X=143,S=3,K=41,C=1,R=1 || L2:[sp=K,41] Y=1,X=52,C=1,K=2,R=1,S=1",-inf,-inf,0,K|K,1
X,78,R,3,Y,33,K,1,S,3,C,3,X,80,C,1,Y,1,X,26,C,1,S,2,K,1,R,2,"L1:[sp=X,78] R=3,Y=33,K=1,S=3,C=3,X=80 || L2:[sp=C,1] Y=1,X=26,C=1,S=2,K=1,R=2",-32448833.0,-163324000.0,1,X|C,1
K,78,X,183,K,41,C,1,S,3,Y,1,R,2,Y,1,Y,1,X,52,K,2,S,1,C,1,R,1,"L1:[sp=K,78] X=183,K=41,C=1,S=3,Y=1,R=2 || L2:[sp=Y,1] Y=1,X=52,K=2,S=1,C=1,R=1",-inf,-inf,0,K|Y,1
K,78,Y,1,S,3,X,143,K,41,C,1,R,1,C,1,Y,1,X,80,C,1,K,2,R,1,S,1,"L1:[sp=K,78] Y=1,S=3,X=143,K=41,C=1,R=1 || L2:[sp=C,1] Y=1,X=80,C=1,K=2,R=1,S=1",-inf,-inf,0,K|C,1
X,78,R,3,Y,33,K,1,S,3,C,3,X,80,Y,3,Y,1,X,52,C,1,S,2,R,2,K,1,"L1:[sp=X,78] R=3,Y=33,K=1,S=3,C=3,X=80 || L2:[sp=Y,3] Y=1,X=52,C=1,S=2,R=2,K=1",-inf,-inf,0,X|Y,1
K,78,Y,1,X,143,S,3,K,41,C,1,R,1,C,1,Y,1,X,52,C,1,K,2,R,1,S,1,"L1:[sp=K,78] Y=1,X=143,S=3,K=41,C=1,R=1 || L2:[sp=C,1] Y=1,X=52,C=1,K=2,R=1,S=1",-inf,-inf,0,K|C,1
X,78,R,3,Y,33,K,23,S,3,C,3,X,80,X,80,Y,1,K,1,C,3,S,2,R,2,X,52,"L1:[sp=X,78] R=3,Y=33,K=23,S=3,C=3,X=80 || L2:[sp=X,80] Y=1,K=1,C=3,S=2,R=2,X=52",-inf,-inf,0,X|X,1
K,78,X,183,K,41,C,2,S,3,Y,1,R,2,Y,1,Y,1,X,52,C,2,S,1,K,4,R,1,"L1:[sp=K,78] X=183,K=41,C=2,S=3,Y=1,R=2 || L2:[sp=Y,1] Y=1,X=52,C=2,S=1,K=4,R=1",-inf,-inf,0,K|Y,1
C,78,X,204,C,2,S,3,Y,1,R,3,K,41,X,1,Y,1,X,14,C,2,S,1,R,1,K,2,"L1:[sp=C,78] X=204,C=2,S=3,Y=1,R=3,K=41 || L2:[sp=X,1] Y=1,X=14,C=2,S=1,R=1,K=2",-inf,-inf,0,C|X,1
X,78,X,150,C,2,K,41,Y,1,R,1,S,3,C,1,Y,1,X,52,C,2,S,2,R,1,K,2,"L1:[sp=X,78] X=150,C=2,K=41,Y=1,R=1,S=3 || L2:[sp=C,1] Y=1,X=52,C=2,S=2,R=1,K=2",-78449281.0,-163324000.0,1,X|C,1
K,78,K,6,X,204,Y,1,S,2,C,1,R,3,C,1,Y,1,X,52,C,1,K,4,R,1,S,1,"L1:[sp=K,78] K=6,X=204,Y=1,S=2,C=1,R=3 || L2:[sp=C,1] Y=1,X=52,C=1,K=4,R=1,S=1",-inf,-inf,0,K|C,1
K,78,Y,59,X,143,S,3,K,41,C,1,R,1,C,1,Y,1,X,52,C,1,K,2,R,1,S,1,"L1:[sp=K,78] Y=59,X=143,S=3,K=41,C=1,R=1 || L2:[sp=C,1] Y=1,X=52,C=1,K=2,R=1,S=1",-inf,-inf,0,K|C,1
K,78,K,57,X,183,C,2,S,3,Y,1,R,2,Y,1,Y,1,X,52,C,2,S,1,K,2,R,1,"L1:[sp=K,78] K=57,X=183,C=2,S=3,Y=1,R=2 || L2:[sp=Y,1] Y=1,X=52,C=2,S=1,K=2,R=1",-195852873.0,-163324000.0,1,K|Y,1
Y,78,X,183,K,41,C,2,S,3,Y,1,R,3,K,1,Y,1,X,52,C,2,S,2,K,2,R,2,"L1:[sp=Y,78] X=183,K=41,C=2,S=3,Y=1,R=3 || L2:[sp=K,1] Y=1,X=52,C=2,S=2,K=2,R=2",-inf,-inf,0,Y|K,1
X,78,R,3,Y,33,K,1,S,3,C,3,X,80,C,1,Y,1,X,26,C,1,S,2,K,1,R,2,"L1:[sp=X,78] R=3,Y=33,K=1,S=3,C=3,X=80 || L2:[sp=C,1] Y=1,X=26,C=1,S=2,K=1,R=2",-inf,-inf,0,X|C,1
K,78,K,57,X,183,R,3,S,3,Y,1,C,2,Y,1,Y,1,X,75,C,2,S,2,K,2,R,2,"L1:[sp=K,78] K=57,X=183,R=3,S=3,Y=1,C=2 || L2:[sp=Y,1] Y=1,X=75,C=2,S=2,K=2,R=2",-inf,-inf,0,K|Y,1
X,78,R,2,Y,87,X,80,S,3,C,2,K,1,C,1,Y,1,X,26,C,1,S,1,K,1,R,1,"L1:[sp=X,78] R=2,Y=87,X=80,S=3,C=2,K=1 || L2:[sp=C,1] Y=1,X=26,C=1,S=1,K=1,R=1",-inf,-inf,0,X|C,1
K,78,K,57,X,6,C,2,S,3,Y,1,R,2,K,1,Y,1,X,6,C,2,S,1,K,2,R,1,"L1:[sp=K,78] K=57,X=6,C=2,S=3,Y=1,R=2 || L2:[sp=K,1] Y=1,X=6,C=2,S=1,K=2,R=1",-inf,-inf,0,K|K,1
C,78,R,2,K,1,Y,33,S,3,C,2,X,183,X,1,Y,1,X,154,C,1,S,1,R,1,K,1,"L1:[sp=C,78] R=2,K=1,Y=33,S=3,C=2,X=183 || L2:[sp=X,1] Y=1,X=154,C=1,S=1,R=1,K=1",-inf,-inf,0,C|X,1
X,78,R,2,K,1,Y,33,S,3,C,1,X,183,C,1,Y,6,X,52,C,1,S,1,R,1,K,1,"L1:[sp=X,78] R=2,K=1,Y=33,S=3,C=1,X=183 || L2:[sp=C,1] Y=6,X=52,C=1,S=1,R=1,K=1",-inf,-inf,0,X|C,1
X,78,R,3,K,1,Y,5,S,3,C,3,X,80,C,1,Y,1,X,26,C,1,S,2,K,1,R,2,"L1:[sp=X,78] R=3,K=1,Y=5,S=3,C=3,X=80 || L2:[sp=C,1] Y=1,X=26,C=1,S=2,K=1,R=2",-inf,-inf,0,X|C,1
X,78,X,183,C,2,K,41,Y,1,R,1,S,3,C,1,Y,1,X,52,K,2,S,1,R,1,C,2,"L1:[sp=X,78] X=183,C=2,K=41,Y=1,R=1,S=3 || L2:[sp=C,1] Y=1,X=52,K=2,S=1,R=1,C=2",-inf,-inf,0,X|C,1
Y,78,K,57,X,150,C,2,S,3,Y,1,R,1,K,1,Y,1,X,52,C,2,S,2,K,2,R,1,"L1:[sp=Y,78] K=57,X=150,C=2,S=3,Y=1,R=1 || L2:[sp=K,1] Y=1,X=52,C=2,S=2,K=2,R=1",-inf,-inf,0,Y|K,1
X,78,R,1,K,1,Y,33,S,3,C,3,X,150,C,1,Y,27,X,52,C,1,S,2,R,1,K,1,"L1:[sp=X,78] R=1,K=1,Y=33,S=3,C=3,X=150 || L2:[sp=C,1] Y=27,X=52,C=1,S=2,R=1,K=1",-inf,-inf,0,X|C,1
X,78,X,183,C,3,K,41,Y,1,R,2,S,3,C,1,Y,1,X,52,C,2,S,1,R,1,K,2,"L1:[sp=X,78] X=183,C=3,K=41,Y=1,R=2,S=3 || L2:[sp=C,1] Y=1,X=52,C=2,S=1,R=1,K=2",-inf,-inf,0,X|C,1
X,78,X,100,C,2,K,41,Y,1,R,2,S,3,C,1,Y,1,X,52,C,2,S,2,R,1,K,2,"L1:[sp=X,78] X=100,C=2,K=41,Y=1,R=2,S=3 || L2:[sp=C,1] Y=1,X=52,C=2,S=2,R=1,K=2",-inf,-inf,0,X|C,1
X,78,R,2,K,37,Y,33,S,3,C,3,X,183,C,1,Y,1,X,43,C,1,S,1,R,1,K,1,"L1:[sp=X,78] R=2,K=37,Y=33,S=3,C=3,X=183 || L2:[sp=C,1] Y=1,X=43,C=1,S=1,R=1,K=1",-inf,-inf,0,X|C,1
X,78,X,183,C,2,K,41,Y,1,R,2,S,3,C,2,Y,1,X,52,C,2,S,1,R,1,K,2,"L1:[sp=X,78] X=183,C=2,K=41,Y=1,R=2,S=3 || L2:[sp=C,2] Y=1,X=52,C=2,S=1,R=1,K=2",-inf,-inf,0,X|C,1
K,78,K,57,C,2,X,150,S,3,Y,1,R,1,Y,1,Y,1,X,52,C,2,S,2,K,2,R,1,"L1:[sp=K,78] K=57,C=2,X=150,S=3,Y=1,R=1 || L2:[sp=Y,1] Y=1,X=52,C=2,S=2,K=2,R=1",-115833985.0,-163324000.0,1,K|Y,1
K,78,K,57,X,150,S,3,C,2,Y,1,R,1,Y,1,Y,1,X,52,C,2,S,2,K,2,R,1,"L1:[sp=K,78] K=57,X=150,S=3,C=2,Y=1,R=1 || L2:[sp=Y,1] Y=1,X=52,C=2,S=2,K=2,R=1",-115833985.0,-163324000.0,1,K|Y,1
X,78,X,183,C,1,K,41,Y,1,R,2,S,3,C,1,Y,1,X,52,C,1,S,1,R,1,K,2,"L1:[sp=X,78] X=183,C=1,K=41,Y=1,R=2,S=3 || L2:[sp=C,1] Y=1,X=52,C=1,S=1,R=1,K=2",-inf,-inf,0,X|C,1
X,78,R,1,K,1,Y,33,S,3,C,3,X,183,C,1,Y,1,X,52,C,1,S,2,R,1,K,1,"L1:[sp=X,78] R=1,K=1,Y=33,S=3,C=3,X=183 || L2:[sp=C,1] Y=1,X=52,C=1,S=2,R=1,K=1",-inf,-inf,0,X|C,1
X,78,X,150,C,2,K,41,Y,1,R,2,S,3,X,3,Y,1,X,52,C,2,S,1,R,1,K,15,"L1:[sp=X,78] X=150,C=2,K=41,Y=1,R=2,S=3 || L2:[sp=X,3] Y=1,X=52,C=2,S=1,R=1,K=15",-inf,-inf,0,X|X,1
X,78,R,2,K,1,Y,1,S,3,C,3,X,183,C,1,Y,1,X,52,C,2,S,1,R,1,K,1,"L1:[sp=X,78] R=2,K=1,Y=1,S=3,C=3,X=183 || L2:[sp=C,1] Y=1,X=52,C=2,S=1,R=1,K=1",-inf,-inf,0,X|C,1
K,78,K,57,C,3,X,183,S,3,Y,33,R,2,Y,1,Y,13,X,52,C,1,S,1,K,2,R,1,"L1:[sp=K,78] K=57,C=3,X=183,S=3,Y=33,R=2 || L2:[sp=Y,1] Y=13,X=52,C=1,S=1,K=2,R=1",-inf,-inf,0,K|Y,1
K,78,K,57,C,2,X,150,S,3,Y,1,R,1,Y,1,Y,1,X,52,C,2,S,2,K,2,R,1,"L1:[sp=K,78] K=57,C=2,X=150,S=3,Y=1,R=1 || L2:[sp=Y,1] Y=1,X=52,C=2,S=2,K=2,R=1",-inf,-inf,0,K|Y,1
K,78,C,2,K,6,X,150,R,1,Y,1,S,3,Y,1,Y,1,X,9,C,2,S,2,K,2,R,1,"L1:[sp=K,78] C=2,K=6,X=150,R=1,Y=1,S=3 || L2:[sp=Y,1] Y=1,X=9,C=2,S=2,K=2,R=1",-11227777.0,-163323000.0,1,K|Y,1
K,78,K,57,X,150,S,3,C,2,Y,1,R,1,K,1,Y,1,X,52,C,2,S,2,K,2,R,1,"L1:[sp=K,78] K=57,X=150,S=3,C=2,Y=1,R=1 || L2:[sp=K,1] Y=1,X=52,C=2,S=2,K=2,R=1",-inf,-inf,0,K|K,1
K,78,K,57,C,2,X,150,S,3,Y,1,R,1,Y,1,Y,1,X,52,C,2,S,2,K,40,R,1,"L1:[sp=K,78] K=57,C=2,X=150,S=3,Y=1,R=1 || L2:[sp=Y,1] Y=1,X=52,C=2,S=2,K=40,R=1",-inf,-inf,0,K|Y,1
Y,78,K,57,X,150,S,3,C,2,Y,1,R,1,K,1,Y,1,X,110,C,2,S,2,K,2,R,1,"L1:[sp=Y,78] K=57,X=150,S=3,C=2,Y=1,R=1 || L2:[sp=K,1] Y=1,X=110,C=2,S=2,K=2,R=1",-inf,-inf,0,Y|K,1
X,78,K,49,C,2,X,150,S,3,Y,1,R,1,Y,1,Y,1,X,52,C,2,S,2,K,2,R,1,"L1:[sp=X,78] K=49,C=2,X=150,S=3,Y=1,R=1 || L2:[sp=Y,1] Y=1,X=52,C=2,S=2,K=2,R=1",-78449281.0,-163324000.0,1,X|Y,1
C,78,R,1,X,30,S,3,K,57,Y,1,C,2,Y,1,Y,1,X,30,C,2,S,2,K,2,R,1,"L1:[sp=C,78] R=1,X=30,S=3,K=57,Y=1,C=2 || L2:[sp=Y,1] Y=1,X=30,C=2,S=2,K=2,R=1",-58329601.0,-163323000.0,1,C|Y,1
K,78,K,57,C,2,X,150,S,3,Y,1,R,1,Y,1,Y,1,X,52,C,2,S,1,K,2,R,1,"L1:[sp=K,78] K=57,C=2,X=150,S=3,Y=1,R=1 || L2:[sp=Y,1] Y=1,X=52,C=2,S=1,K=2,R=1",-inf,-inf,0,K|Y,1
K,78,K,57,X,150,S,3,C,2,Y,1,R,1,Y,1,Y,1,X,61,C,2,S,2,K,2,R,1,"L1:[sp=K,78] K=57,X=150,S=3,C=2,Y=1,R=1 || L2:[sp=Y,1] Y=1,X=61,C=2,S=2,K=2,R=1",-inf,-inf,0,K|Y,1
K,78,K,5,C,2,X,171,S,3,Y,1,R,1,Y,1,Y,1,X,52,C,2,S,2,K,2,R,1,"L1:[sp=K,78] K=5,C=2,X=171,S=3,Y=1,R=1 || L2:[sp=Y,1] Y=1,X=52,C=2,S=2,K=2,R=1",-inf,-inf,0,K|Y,1
K,78,K,57,X,150,S,3,C,2,Y,1,R,1,K,1,Y,1,X,52,C,2,S,2,R,1,K,2,"L1:[sp=K,78] K=57,X=150,S=3,C=2,Y=1,R=1 || L2:[sp=K,1] Y=1,X=52,C=2,S=2,R=1,K=2",-115833985.0,-163324000.0,1,K|K,1
K,78,K,57,Y,204,S,3,C,2,X,150,R,1,Y,1,C,1,X,52,Y,1,S,2,K,2,R,1,"L1:[sp=K,78] K=57,Y=204,S=3,C=2,X=150,R=1 || L2:[sp=Y,1] C=1,X=52,Y=1,S=2,K=2,R=1",-inf,-inf,0,K|Y,1
C,78,K,57,C,2,X,150,S,3,Y,1,R,1,Y,1,Y,1,X,52,C,1,S,2,K,2,R,1,"L1:[sp=C,78] K=57,C=2,X=150,S=3,Y=1,R=1 || L2:[sp=Y,1] Y=1,X=52,C=1,S=2,K=2,R=1",-65030785.0,-163323000.0,1,C|Y,1
K,78,K,57,X,150,S,3,C,2,Y,1,R,1,Y,1,Y,1,X,52,C,2,S,2,K,2,R,1,"L1:[sp=K,78] K=57,X=150,S=3,C=2,Y=1,R=1 || L2:[sp=Y,1] Y=1,X=52,C=2,S=2,K=2,R=1",-inf,-inf,0,K|Y,1
Y,78,K,57,C,2,X,150,S,3,Y,1,R,1,Y,1,Y,1,X,52,C,2,S,2,K,2,R,1,"L1:[sp=Y,78] K=57,C=2,X=150,S=3,Y=1,R=1 || L2:[sp=Y,1] Y=1,X=52,C=2,S=2,K=2,R=1",-inf,-inf,0,Y|Y,1
K,78,K,11,X,55,S,3,C,2,Y,1,R,1,Y,1,Y,1,X,52,C,2,S,2,K,2,R,1,"L1:[sp=K,78] K=11,X=55,S=3,C=2,Y=1,R=1 || L2:[sp=Y,1] Y=1,X=52,C=2,S=2,K=2,R=1",-inf,-inf,0,K|Y,1
K,78,K,57,C,2,X,155,S,3,Y,1,R,1,Y,1,Y,1,X,132,C,2,S,2,K,52,R,1,"L1:[sp=K,78] K=57,C=2,X=155,S=3,Y=1,R=1 || L2:[sp=Y,1] Y=1,X=132,C=2,S=2,K=52,R=1",-inf,-inf,0,K|Y,1
K,78,K,35,X,150,S,3,C,2,Y,1,R,1,Y,1,Y,1,X,52,C,2,S,2,K,2,R,1,"L1:[sp=K,78] K=35,X=150,S=3,C=2,Y=1,R=1 || L2:[sp=Y,1] Y=1,X=52,C=2,S=2,K=2,R=1",-inf,-inf,0,K|Y,1
K,78,K,57,S,3,X,150,C,2,Y,1,R,1,Y,1,Y,1,X,10,C,2,S,2,K,2,R,1,"L1:[sp=K,78] K=57,S=3,X=150,C=2,Y=1,R=1 || L2:[sp=Y,1] Y=1,X=10,C=2,S=2,K=2,R=1",-inf,-inf,0,K|Y,1
K,78,K,57,X,150,S,3,C,2,Y,1,R,1,Y,1,Y,1,X,52,C,2,S,2,K,2,R,1,"L1:[sp=K,78] K=57,X=150,S=3,C=2,Y=1,R=1 || L2:[sp=Y,1] Y=1,X=52,C=2,S=2,K=2,R=1",-inf,-inf,0,K|Y,1
K,78,S,3,C,2,X,150,K,42,Y,1,R,1,Y,1,Y,1,X,52,C,2,S,2,K,2,R,1,"L1:[sp=K,78] S=3,C=2,X=150,K=42,Y=1,R=1 || L2:[sp=Y,1] Y=1,X=52,C=2,S=2,K=2,R=1",-85352065.0,-163324000.0,1,K|Y,1
K,78,C,2,K,6,X,150,R,1,Y,1,S,3,Y,1,Y,1,X,9,C,2,S,2,K,2,R,1,"L1:[sp=K,78] C=2,K=6,X=150,R=1,Y=1,S=3 || L2:[sp=Y,1] Y=1,X=9,C=2,S=2,K=2,R=1",-inf,-inf,0,K|Y,1
X,78,K,49,C,2,X,150,R,1,Y,180,S,3,Y,1,Y,1,X,52,C,2,S,2,K,2,R,1,"L1:[sp=X,78] K=49,C=2,X=150,R=1,Y=180,S=3 || L2:[sp=Y,1] Y=1,X=52,C=2,S=2,K=2,R=1",-inf,-inf,0,X|Y,1
K,78,C,2,K,6,X,150,R,1,Y,1,S,3,Y,1,Y,1,X,9,C,2,S,2,K,2,R,1,"L1:[sp=K,78] C=2,K=6,X=150,R=1,Y=1,S=3 || L2:[sp=Y,1] Y=1,X=9,C=2,S=2,K=2,R=1",-inf,-inf,0,K|Y,1
K,78,C,2,K,6,X,150,R,2,Y,1,S,3,Y,1,Y,1,X,9,C,2,S,2,K,2,R,1,"L1:[sp=K,78] C=2,K=6,X=150,R=2,Y=1,S=3 || L2:[sp=Y,1] Y=1,X=9,C=2,S=2,K=2,R=1",-inf,-inf,0,K|Y,1
Y,78,S,3,C,2,X,150,K,44,Y,1,R,1,K,1,Y,1,X,52,C,1,S,2,K,2,R,1,"L1:[sp=Y,78] S=3,C=2,X=150,K=44,Y=1,R=1 || L2:[sp=K,1] Y=1,X=52,C=1,S=2,K=2,R=1",-inf,-inf,0,Y|K,1
C,78,K,57,C,2,X,150,S,1,Y,1,R,1,Y,1,R,1,X,52,C,1,S,1,K,40,Y,1,"L1:[sp=C,78] K=57,C=2,X=150,S=1,Y=1,R=1 || L2:[sp=Y,1] R=1,X=52,C=1,S=1,K=40,Y=1",-inf,-inf,0,C|Y,1
X,78,S,1,C,1,Y,89,K,49,X,150,R,1,Y,1,Y,1,X,52,S,1,C,1,K,2,R,1,"L1:[sp=X,78] S=1,C=1,Y=89,K=49,X=150,R=1 || L2:[sp=Y,1] Y=1,X=52,S=1,C=1,K=2,R=1",-inf,-inf,0,X|Y,1
C,78,K,57,C,2,X,72,S,3,Y,7,R,1,Y,1,Y,1,X,52,C,1,S,2,K,2,R,1,"L1:[sp=C,78] K=57,C=2,X=72,S=3,Y=7,R=1 || L2:[sp=Y,1] Y=1,X=52,C=1,S=2,K=2,R=1",-inf,-inf,0,C|Y,1
Y,78,S,3,X,30,R,1,K,57,Y,1,C,2,C,1,X,30,Y,1,C,2,S,2,K,2,R,1,"L1:[sp=Y,78] S=3,X=30,R=1,K=57,Y=1,C=2 || L2:[sp=C,1] X=30,Y=1,C=2,S=2,K=2,R=1",-inf,-inf,0,Y|C,1
X,78,K,49,C,2,X,150,S,3,Y,1,R,1,Y,1,Y,1,X,52,C,2,S,1,K,2,R,1,"L1:[sp=X,78] K=49,C=2,X=150,S=3,Y=1,R=1 || L2:[sp=Y,1] Y=1,X=52,C=2,S=1,K=2,R=1",-inf,-inf,0,X|Y,1
C,78,K,24,C,2,X,150,S,3,Y,1,R,1,Y,1,Y,1,X,73,C,1,S,2,K,2,R,1,"L1:[sp=C,78] K=24,C=2,X=150,S=3,Y=1,R=1 || L2:[sp=Y,1] Y=1,X=73,C=1,S=2,K=2,R=1",-inf,-inf,0,C|Y,1
Y,78,S,2,C,2,X,150,K,57,Y,1,R,1,C,1,Y,1,X,52,C,2,S,2,K,2,R,1,"L1:[sp=Y,78] S=2,C=2,X=150,K=57,Y=1,R=1 || L2:[sp=C,1] Y=1,X=52,C=2,S=2,K=2,R=1",-inf,-inf,0,Y|C,1
K,78,S,3,C,2,X,150,K,42,Y,1,R,3,Y,1,Y,1,X,52,C,1,S,2,K,2,R,1,"L1:[sp=K,78] S=3,C=2,X=150,K=42,Y=1,R=3 || L2:[sp=Y,1] Y=1,X=52,C=1,S=2,K=2,R=1",-inf,-inf,0,K|Y,1
K,78,C,2,K,57,S,3,X,150,Y,1,R,1,K,1,Y,1,X,52,C,2,R,1,S,2,K,2,"L1:[sp=K,78] C=2,K=57,S=3,X=150,Y=1,R=1 || L2:[sp=K,1] Y=1,X=52,C=2,R=1,S=2,K=2",-115833985.0,-163324000.0,1,K|K,1
C,78,K,57,C,2,X,150,S,3,Y,1,R,1,Y,1,Y,1,X,52,C,1,S,3,K,2,R,1,"L1:[sp=C,78] K=57,C=2,X=150,S=3,Y=1,R=1 || L2:[sp=Y,1] Y=1,X=52,C=1,S=3,K=2,R=1",-63998593.0,-163323000.0,1,C|Y,1
Y,78,S,3,C,2,X,150,K,42,Y,1,R,3,K,1,Y,1,X,9,C,2,S,2,K,2,R,1,"L1:[sp=Y,78] S=3,C=2,X=150,K=42,Y=1,R=3 || L2:[sp=K,1] Y=1,X=9,C=2,S=2,K=2,R=1",-inf,-inf,0,Y|K,1
K,78,C,2,K,6,X,150,R,1,Y,1,S,3,Y,1,R,1,X,52,C,2,S,2,K,2,Y,1,"L1:[sp=K,78] C=2,K=6,X=150,R=1,Y=1,S=3 || L2:[sp=Y,1] R=1,X=52,C=2,S=2,K=2,Y=1",-inf,-inf,0,K|Y,1
X,78,R,1,X,75,S,3,K,57,Y,1,C,2,Y,1,Y,1,X,52,C,2,S,2,K,2,R,1,"L1:[sp=X,78] R=1,X=75,S=3,K=57,Y=1,C=2 || L2:[sp=Y,1] Y=1,X=52,C=2,S=2,K=2,R=1",-39742081.0,-163324000.0,1,X|Y,1
K,78,K,57,X,30,S,3,C,2,Y,219,R,1,K,1,Y,1,X,30,C,2,S,2,R,1,K,2,"L1:[sp=K,78] K=57,X=30,S=3,C=2,Y=219,R=1 || L2:[sp=K,1] Y=1,X=30,C=2,S=2,R=1,K=2",-inf,-inf,0,K|K,1
K,78,C,2,S,3,X,150,K,42,Y,1,R,2,Y,1,Y,1,X,52,C,2,S,1,K,2,R,1,"L1:[sp=K,78] C=2,S=3,X=150,K=42,Y=1,R=2 || L2:[sp=Y,1] Y=1,X=52,C=2,S=1,K=2,R=1",-169938489.0,-163324000.0,1,K|Y,1
C,78,K,57,C,2,X,150,S,3,Y,1,R,1,Y,1,Y,1,X,52,C,1,S,2,K,55,R,1,"L1:[sp=C,78] K=57,C=2,X=150,S=3,Y=1,R=1 || L2:[sp=Y,1] Y=1,X=52,C=1,S=2,K=55,R=1",-inf,-inf,0,C|Y,1
X,78,R,1,X,75,S,3,K,57,Y,1,C,2,Y,1,Y,1,X,52,C,2,S,2,K,2,R,1,"L1:[sp=X,78] R=1,X=75,S=3,K=57,Y=1,C=2 || L2:[sp=Y,1] Y=1,X=52,C=2,S=2,K=2,R=1",-inf,-inf,0,X|Y,1
K,78,C,1,S,3,X,150,K,56,Y,1,R,1,Y,1,S,2,X,52,C,1,Y,1,K,2,R,1,"L1:[sp=K,78] C=1,S=3,X=150,K=56,Y=1,R=1 || L2:[sp=Y,1] S=2,X=52,C=1,Y=1,K=2,R=1",-inf,-inf,0,K|Y,1
X,78,R,2,X,75,S,3,K,57,Y,1,C,2,Y,1,Y,1,X,52,C,2,S,1,R,1,K,2,"L1:[sp=X,78] R=2,X=75,S=3,K=57,Y=1,C=2 || L2:[sp=Y,1] Y=1,X=52,C=2,S=1,R=1,K=2",-inf,-inf,0,X|Y,1
C,78,K,57,C,2,X,75,S,3,Y,1,R,1,Y,1,Y,1,X,52,C,1,S,2,K,2,R,1,"L1:[sp=C,78] K=57,C=2,X=75,S=3,Y=1,R=1 || L2:[sp=Y,1] Y=1,X=52,C=1,S=2,K=2,R=1",-inf,-inf,0,C|Y,1
X,78,R,1,X,150,S,3,K,57,Y,1,C,2,Y,1,Y,1,X,52,C,2,S,3,K,2,R,1,"L1:[sp=X,78] R=1,X=150,S=3,K=57,Y=1,C=2 || L2:[sp=Y,1] Y=1,X=52,C=2,S=3,K=2,R=1",-inf,-inf,0,X|Y,1
C,78,K,57,C,2,X,150,S,3,Y,160,R,1,Y,1,Y,1,X,52,C,1,S,3,K,2,R,1,"L1:[sp=C,78] K=57,C=2,X=150,S=3,Y=160,R=1 || L2:[sp=Y,1] Y=1,X=52,C=1,S=3,K=2,R=1",-inf,-inf,0,C|Y,1
K,78,C,2,S,3,X,150,K,42,Y,1,R,2,C,1,Y,1,X,52,C,2,S,1,K,2,R,1,"L1:[sp=K,78] C=2,S=3,X=150,K=42,Y=1,R=2 || L2:[sp=C,1] Y=1,X=52,C=2,S=1,K=2,R=1",-inf,-inf,0,K|C,1
K,78,C,2,S,2,X,150,K,47,Y,1,R,1,Y,1,Y,1,X,52,C,2,S,2,K,2,R,1,"L1:[sp=K,78] C=2,S=2,X=150,K=47,Y=1,R=1 || L2:[sp=Y,1] Y=1,X=52,C=2,S=2,K=2,R=1",-inf,-inf,0,K|Y,1
C,78,K,57,C,2,X,150,S,3,Y,1,R,2,Y,1,Y,1,X,52,S,1,C,1,K,2,R,1,"L1:[sp=C,78] K=57,C=2,X=150,S=3,Y=1,R=2 || L2:[sp=Y,1] Y=1,X=52,S=1,C=1,K=2,R=1",-inf,-inf,0,C|Y,1
K,78,C,2,K,57,Y,1,X,150,S,3,R,1,K,1,Y,1,X,52,C,2,R,1,S,2,K,2,"L1:[sp=K,78] C=2,K=57,Y=1,X=150,S=3,R=1 || L2:[sp=K,1] Y=1,X=52,C=2,R=1,S=2,K=2",-115833985.0,-163324000.0,1,K|K,1
C,78,K,57,C,2,X,150,S,3,Y,1,R,1,Y,1,Y,1,X,52,C,1,S,3,K,2,R,1,"L1:[sp=C,78] K=57,C=2,X=150,S=3,Y=1,R=1 || L2:[sp=Y,1] Y=1,X=52,C=1,S=3,K=2,R=1",-inf,-inf,0,C|Y,1
K,78,R,1,K,57,S,3,X,150,Y,1,C,2,K,1,Y,1,X,52,C,2,R,1,S,1,K,2,"L1:[sp=K,78] R=1,K=57,S=3,X=150,Y=1,C=2 || L2:[sp=K,1] Y=1,X=52,C=2,R=1,S=1,K=2",-115833985.0,-163324000.0,1,K|K,1
K,78,C,3,S,3,X,150,K,42,Y,1,R,2,Y,1,Y,1,X,143,C,2,S,2,K,2,R,1,"L1:[sp=K,78] C=3,S=3,X=150,K=42,Y=1,R=2 || L2:[sp=Y,1] Y=1,X=143,C=2,S=2,K=2,R=1",-inf,-inf,0,K|Y,1
X,78,R,1,X,150,S,3,K,57,Y,1,C,2,Y,1,Y,1,X,52,C,2,S,3,K,2,R,1,"L1:[sp=X,78] R=1,X=150,S=3,K=57,Y=1,C=2 || L2:[sp=Y,1] Y=1,X=52,C=2,S=3,K=2,R=1",-inf,-inf,0,X|Y,1
C,78,K,57,C,2,X,75,S,3,Y,1,R,1,X,15,Y,1,X,52,C,1,S,2,K,2,R,1,"L1:[sp=C,78] K=57,C=2,X=75,S=3,Y=1,R=1 || L2:[sp=X,15] Y=1,X=52,C=1,S=2,K=2,R=1",-inf,-inf,0,C|X,1
K,78,C,2,K,57,S,3,X,150,Y,1,R,2,K,1,Y,1,X,52,C,2,R,1,S,1,K,2,"L1:[sp=K,78] C=2,K=57,S=3,X=150,Y=1,R=2 || L2:[sp=K,1] Y=1,X=52,C=2,R=1,S=1,K=2",-inf,-inf,0,K|K,1
K,78,C,2,S,1,R,1,K,42,Y,1,X,150,Y,1,Y,1,X,52,C,2,S,1,K,2,R,1,"L1:[sp=K,78] C=2,S=1,R=1,K=42,Y=1,X=150 || L2:[sp=Y,1] Y=1,X=52,C=2,S=1,K=2,R=1",-84002689.0,-163324000.0,1,K|Y,1
C,78,K,57,C,2,X,150,S,3,Y,1,R,2,K,57,Y,1,X,52,C,2,S,1,K,2,R,1,"L1:[sp=C,78] K=57,C=2,X=150,S=3,Y=1,R=2 || L2:[sp=K,57] Y=1,X=52,C=2,S=1,K=2,R=1",-inf,-inf,0,C|K,1
Y,78,C,1,S,3,X,150,K,42,Y,1,R,1,K,1,C,1,X,52,Y,1,S,3,K,10,R,1,"L1:[sp=Y,78] C=1,S=3,X=150,K=42,Y=1,R=1 || L2:[sp=K,1] C=1,X=52,Y=1,S=3,K=10,R=1",-inf,-inf,0,Y|K,1
K,78,Y,1,K,57,S,3,X,75,C,2,R,1,K,1,Y,1,X,50,C,2,R,1,S,2,K,2,"L1:[sp=K,78] Y=1,K=57,S=3,X=75,C=2,R=1 || L2:[sp=K,1] Y=1,X=50,C=2,R=1,S=2,K=2",-106182721.0,-163323000.0,1,K|K,1
X,78,R,1,X,150,S,3,K,57,Y,1,C,2,Y,1,Y,1,X,52,C,2,S,2,K,2,R,1,"L1:[sp=X,78] R=1,X=150,S=3,K=57,Y=1,C=2 || L2:[sp=Y,1] Y=1,X=52,C=2,S=2,K=2,R=1",-inf,-inf,0,X|Y,1
K,78,C,2,S,1,R,1,K,42,Y,1,X,150,Y,1,Y,1,X,52,C,2,S,1,K,2,R,1,"L1:[sp=K,78] C=2,S=1,R=1,K=42,Y=1,X=150 || L2:[sp=Y,1] Y=1,X=52,C=2,S=1,K=2,R=1",-inf,-inf,0,K|Y,1
K,78,C,2,S,3,R,1,K,42,Y,1,X,75,Y,1,Y,1,X,50,C,2,S,3,K,2,R,1,"L1:[sp=K,78] C=2,S=3,R=1,K=42,Y=1,X=75 || L2:[sp=Y,1] Y=1,X=50,C=2,S=3,K=2,R=1",-inf,-inf,0,K|Y,1
K,78,Y,1,K,57,S,1,X,150,C,2,R,1,K,1,R,1,X,52,C,2,Y,1,S,1,K,2,"L1:[sp=K,78] Y=1,K=57,S=1,X=150,C=2,R=1 || L2:[sp=K,1] R=1,X=52,C=2,Y=1,S=1,K=2",-inf,-inf,0,K|K,1
C,78,Y,1,K,57,S,1,X,150,C,2,R,1,K,1,Y,1,X,52,C,2,R,1,S,1,K,2,"L1:[sp=C,78] Y=1,K=57,S=1,X=150,C=2,R=1 || L2:[sp=K,1] Y=1,X=52,C=2,R=1,S=1,K=2",-64003969.0,-163324000.0,1,C|K,1
K,78,C,2,S,3,R,1,K,42,Y,1,X,75,X,5,Y,1,X,50,C,2,R,1,K,27,S,2,"L1:[sp=K,78] C=2,S=3,R=1,K=42,Y=1,X=75 || L2:[sp=X,5] Y=1,X=50,C=2,R=1,K=27,S=2",-inf,-inf,0,K|X,1
K,78,C,2,S,1,R,1,K,42,Y,1,X,150,Y,1,Y,1,X,52,R,1,S,1,K,2,C,2,"L1:[sp=K,78] C=2,S=1,R=1,K=42,Y=1,X=150 || L2:[sp=Y,1] Y=1,X=52,R=1,S=1,K=2,C=2",-inf,-inf,0,K|Y,1
K,78,Y,1,K,57,S,3,X,75,C,2,R,1,K,1,X,50,Y,1,R,1,C,2,S,2,K,2,"L1:[sp=K,78] Y=1,K=57,S=3,X=75,C=2,R=1 || L2:[sp=K,1] X=50,Y=1,R=1,C=2,S=2,K=2",-inf,-inf,0,K|K,1
K,78,Y,1,K,21,S,1,X,75,C,2,R,1,K,1,Y,1,X,50,C,2,R,1,S,1,K,2,"L1:[sp=K,78] Y=1,K=21,S=1,X=75,C=2,R=1 || L2:[sp=K,1] Y=1,X=50,C=2,R=1,S=1,K=2",-inf,-inf,0,K|K,1
K,78,C,2,S,3,R,1,K,9,Y,1,X,150,Y,1,R,1,X,52,C,2,S,1,K,2,Y,1,"L1:[sp=K,78] C=2,S=3,R=1,K=9,Y=1,X=150 || L2:[sp=Y,1] R=1,X=52,C=2,S=1,K=2,Y=1",-inf,-inf,0,K|Y,1
K,78,R,2,K,57,S,3,X,75,Y,1,C,2,K,1,Y,1,X,50,C,2,R,1,S,2,K,29,"L1:[sp=K,78] R=2,K=57,S=3,X=75,Y=1,C=2 || L2:[sp=K,1] Y=1,X=50,C=2,R=1,S=2,K=29",-inf,-inf,0,K|K,1
K,78,C,2,K,57,S,3,X,150,Y,222,R,1,K,1,Y,1,X,52,C,2,R,1,S,1,K,2,"L1:[sp=K,78] C=2,K=57,S=3,X=150,Y=222,R=1 || L2:[sp=K,1] Y=1,X=52,C=2,R=1,S=1,K=2",-inf,-inf,0,K|K,1
K,78,C,2,Y,1,R,1,K,42,S,3,X,150,Y,1,Y,1,X,96,C,2,S,1,K,2,R,1,"L1:[sp=K,78] C=2,Y=1,R=1,K=42,S=3,X=150 || L2:[sp=Y,1] Y=1,X=96,C=2,S=1,K=2,R=1",-inf,-inf,0,K|Y,1
K,78,R,1,K,57,S,1,X,150,Y,1,C,2,Y,1,Y,1,X,52,C,2,R,1,S,1,K,48,"L1:[sp=K,78] R=1,K=57,S=1,X=150,Y=1,C=2 || L2:[sp=Y,1] Y=1,X=52,C=2,R=1,S=1,K=48",-inf,-inf,0,K|Y,1
K,78,C,2,K,7,Y,1,X,150,S,3,R,1,K,1,Y,1,X,52,C,2,R,1,S,1,K,2,"L1:[sp=K,78] C=2,K=7,Y=1,X=150,S=3,R=1 || L2:[sp=K,1] Y=1,X=52,C=2,R=1,S=1,K=2",-inf,-inf,0,K|K,1
K,78,R,1,K,54,S,3,X,150,Y,1,C,2,K,1,Y,1,X,52,C,2,R,1,S,2,K,2,"L1:[sp=K,78] R=1,K=54,S=3,X=150,Y=1,C=2 || L2:[sp=K,1] Y=1,X=52,C=2,R=1,S=2,K=2",-inf,-inf,0,K|K,1
K,78,R,1,K,57,S,3,X,150,Y,1,C,2,K,1,Y,1,X,52,C,2,R,1,S,1,K,2,"L1:[sp=K,78] R=1,K=57,S=3,X=150,Y=1,C=2 || L2:[sp=K,1] Y=1,X=52,C=2,R=1,S=1,K=2",-inf,-inf,0,K|K,1
K,78,C,2,K,32,Y,1,X,150,S,3,R,1,K,1,Y,1,X,52,C,2,R,1,S,2,K,2,"L1:[sp=K,78] C=2,K=32,Y=1,X=150,S=3,R=1 || L2:[sp=K,1] Y=1,X=52,C=2,R=1,S=2,K=2",-inf,-inf,0,K|K,1
K,78,C,2,K,57,Y,1,X,150,S,3,R,1,K,1,Y,1,X,52,C,2,R,1,S,2,K,2,"L1:[sp=K,78] C=2,K=57,Y=1,X=150,S=3,R=1 || L2:[sp=K,1] Y=1,X=52,C=2,R=1,S=2,K=2",-inf,-inf,0,K|K,1
K,78,Y,1,K,57,S,3,X,75,C,2,R,1,C,1,Y,1,X,50,C,2,R,1,S,2,K,2,"L1:[sp=K,78] Y=1,K=57,S=3,X=75,C=2,R=1 || L2:[sp=C,1] Y=1,X=50,C=2,R=1,S=2,K=2",-inf,-inf,0,K|C,1
K,78,Y,175,K,57,S,1,X,150,C,2,R,1,K,1,Y,1,X,52,C,2,R,1,S,1,K,19,"L1:[sp=K,78] Y=175,K=57,S=1,X=150,C=2,R=1 || L2:[sp=K,1] Y=1,X=52,C=2,R=1,S=1,K=19",-inf,-inf,0,K|K,1
Y,78,C,2,S,3,R,1,K,42,Y,1,X,75,K,1,Y,1,R,1,C,2,S,2,K,2,X,50,"L1:[sp=Y,78] C=2,S=3,R=1,K=42,Y=1,X=75 || L2:[sp=K,1] Y=1,R=1,C=2,S=2,K=2,X=50",-inf,-inf,0,Y|K,1
C,78,Y,1,K,57,S,1,X,150,C,2,R,1,K,1,Y,1,X,52,C,2,R,1,S,1,K,2,"L1:[sp=C,78] Y=1,K=57,S=1,X=150,C=2,R=1 || L2:[sp=K,1] Y=1,X=52,C=2,R=1,S=1,K=2",-inf,-inf,0,C|K,1
C,78,Y,1,K,25,S,1,X,150,C,2,R,1,K,1,X,52,S,1,C,2,R,1,Y,1,K,2,"L1:[sp=C,78] Y=1,K=25,S=1,X=150,C=2,R=1 || L2:[sp=K,1] X=52,S=1,C=2,R=1,Y=1,K=2",-inf,-inf,0,C|K,1
C,78,Y,1,K,57,S,1,C,2,X,150,R,1,Y,1,Y,1,S,1,C,2,R,1,X,52,K,2,"L1:[sp=C,78] Y=1,K=57,S=1,C=2,X=150,R=1 || L2:[sp=Y,1] Y=1,S=1,C=2,R=1,X=52,K=2",-64003969.0,-163324000.0,1,C|Y,1
C,78,Y,127,K,57,S,2,X,150,C,2,R,1,K,1,Y,1,X,52,C,2,R,1,S,1,K,2,"L1:[sp=C,78] Y=127,K=57,S=2,X=150,C=2,R=1 || L2:[sp=K,1] Y=1,X=52,C=2,R=1,S=1,K=2",-inf,-inf,0,C|K,1
C,78,Y,1,K,57,S,1,X,150,C,1,R,1,K,1,Y,1,X,52,C,1,R,1,K,2,S,1,"L1:[sp=C,78] Y=1,K=57,S=1,X=150,C=1,R=1 || L2:[sp=K,1] Y=1,X=52,C=1,R=1,K=2,S=1",-inf,-inf,0,C|K,1
C,78,Y,1,K,57,S,1,X,150,C,2,R,1,K,1,K,2,X,52,C,2,R,1,S,1,Y,1,"L1:[sp=C,78] Y=1,K=57,S=1,X=150,C=2,R=1 || L2:[sp=K,1] K=2,X=52,C=2,R=1,S=1,Y=1",-inf,-inf,0,C|K,1
C,78,Y,1,K,57,C,1,X,150,S,1,R,1,K,1,Y,1,X,52,C,1,R,1,S,1,K,2,"L1:[sp=C,78] Y=1,K=57,C=1,X=150,S=1,R=1 || L2:[sp=K,1] Y=1,X=52,C=1,R=1,S=1,K=2",-32006017.0,-163323000.0,1,C|K,1
C,78,Y,1,K,57,S,1,X,150,C,2,R,1,K,1,Y,1,X,52,C,2,R,1,S,1,K,2,"L1:[sp=C,78] Y=1,K=57,S=1,X=150,C=2,R=1 || L2:[sp=K,1] Y=1,X=52,C=2,R=1,S=1,K=2",-inf,-inf,0,C|K,1
C,78,Y,1,K,21,S,1,X,150,C,2,R,3,K,1,Y,1,X,52,C,2,R,1,S,1,K,2,"L1:[sp=C,78] Y=1,K=21,S=1,X=150,C=2,R=3 || L2:[sp=K,1] Y=1,X=52,C=2,R=1,S=1,K=2",-inf,-inf,0,C|K,1
C,78,Y,1,S,1,K,57,X,66,C,2,R,1,K,1,Y,1,X,52,C,2,R,1,S,1,K,2,"L1:[sp=C,78] Y=1,S=1,K=57,X=66,C=2,R=1 || L2:[sp=K,1] Y=1,X=52,C=2,R=1,S=1,K=2",-54722305.0,-163323000.0,1,C|K,1
C,78,Y,1,K,57,S,1,X,150,C,2,R,1,K,1,Y,1,X,52,C,2,R,1,S,1,K,2,"L1:[sp=C,78] Y=1,K=57,S=1,X=150,C=2,R=1 || L2:[sp=K,1] Y=1,X=52,C=2,R=1,S=1,K=2",-inf,-inf,0,C|K,1
C,78,Y,1,K,57,S,3,X,150,C,2,R,1,K,1,Y,1,X,52,C,2,R,1,S,1,K,2,"L1:[sp=C,78] Y=1,K=57,S=3,X=150,C=2,R=1 || L2:[sp=K,1] Y=1,X=52,C=2,R=1,S=1,K=2",-inf,-inf,0,C|K,1
C,78,Y,1,K,57,S,1,X,28,C,2,R,1,K,1,Y,1,X,28,C,2,R,1,S,1,K,2,"L1:[sp=C,78] Y=1,K=57,S=1,X=28,C=2,R=1 || L2:[sp=K,1] Y=1,X=28,C=2,R=1,S=1,K=2",-inf,-inf,0,C|K,1
C,78,Y,1,K,57,S,1,X,150,C,2,R,1,Y,1,Y,1,X,52,C,2,R,1,S,1,K,2,"L1:[sp=C,78] Y=1,K=57,S=1,X=150,C=2,R=1 || L2:[sp=Y,1] Y=1,X=52,C=2,R=1,S=1,K=2",-inf,-inf,0,C|Y,1
C,78,Y,1,K,57,S,1,X,150,C,2,R,1,K,1,Y,1,X,52,C,2,R,1,S,1,K,2,"L1:[sp=C,78] Y=1,K=57,S=1,X=150,C=2,R=1 || L2:[sp=K,1] Y=1,X=52,C=2,R=1,S=1,K=2",-inf,-inf,0,C|K,1
C,78,Y,1,K,57,S,1,X,150,C,2,R,1,K,1,Y,1,X,52,C,2,R,1,S,1,K,2,"L1:[sp=C,78] Y=1,K=57,S=1,X=150,C=2,R=1 || L2:[sp=K,1] Y=1,X=52,C=2,R=1,S=1,K=2",-inf,-inf,0,C|K,1
C,78,Y,1,K,56,S,1,X,150,C,2,R,1,K,1,Y,1,X,52,C,2,R,1,S,1,K,2,"L1:[sp=C,78] Y=1,K=56,S=1,X=150,C=2,R=1 || L2:[sp=K,1] Y=1,X=52,C=2,R=1,S=1,K=2",-inf,-inf,0,C|K,1
C,78,Y,1,K,57,S,1,X,150,C,2,R,1,K,1,Y,1,X,52,C,2,R,1,S,1,K,2,"L1:[sp=C,78] Y=1,K=57,S=1,X=150,C=2,R=1 || L2:[sp=K,1] Y=1,X=52,C=2,R=1,S=1,K=2",-64003969.0,-163324000.0,1,C|K,1
C,78,Y,1,K,57,S,1,X,150,C,2,R,3,K,1,Y,1,X,52,C,2,R,1,S,1,K,2,"L1:[sp=C,78] Y=1,K=57,S=1,X=150,C=2,R=3 || L2:[sp=K,1] Y=1,X=52,C=2,R=1,S=1,K=2",-inf,-inf,0,C|K,1
C,78,Y,1,K,57,S,2,X,150,C,2,R,1,K,1,X,52,Y,1,C,2,R,1,S,1,K,2,"L1:[sp=C,78] Y=1,K=57,S=2,X=150,C=2,R=1 || L2:[sp=K,1] X=52,Y=1,C=2,R=1,S=1,K=2",-inf,-inf,0,C|K,1
C,78,Y,1,K,57,S,1,X,150,C,3,R,1,K,1,Y,1,X,52,C,2,R,1,S,1,K,2,"L1:[sp=C,78] Y=1,K=57,S=1,X=150,C=3,R=1 || L2:[sp=K,1] Y=1,X=52,C=2,R=1,S=1,K=2",-inf,-inf,0,C|K,1
C,78,Y,1,K,57,C,1,X,150,S,1,R,1,K,1,Y,1,X,52,C,1,R,1,S,1,K,2,"L1:[sp=C,78] Y=1,K=57,C=1,X=150,S=1,R=1 || L2:[sp=K,1] Y=1,X=52,C=1,R=1,S=1,K=2",-inf,-inf,0,C|K,1
C,78,Y,1,K,57,C,1,X,150,S,1,R,1,K,1,Y,1,X,52,C,1,R,1,S,1,K,2,"L1:[sp=C,78] Y=1,K=57,C=1,X=150,S=1,R=1 || L2:[sp=K,1] Y=1,X=52,C=1,R=1,S=1,K=2",-inf,-inf,0,C|K,1
Y,78,Y,1,K,57,S,1,R,1,X,150,C,2,C,1,Y,1,S,1,C,2,R,1,X,52,K,2,"L1:[sp=Y,78] Y=1,K=57,S=1,R=1,X=150,C=2 || L2:[sp=C,1] Y=1,S=1,C=2,R=1,X=52,K=2",-inf,-inf,0,Y|C,1
C,78,Y,1,K,57,S,1,C,2,X,150,R,1,Y,1,Y,1,S,1,C,2,R,1,X,52,K,2,"L1:[sp=C,78] Y=1,K=57,S=1,C=2,X=150,R=1 || L2:[sp=Y,1] Y=1,S=1,C=2,R=1,X=52,K=2",-inf,-inf,0,C|Y,1
K,78,Y,1,K,57,C,1,X,150,S,1,R,1,C,1,Y,1,X,52,C,1,R,1,S,1,K,2,"L1:[sp=K,78] Y=1,K=57,C=1,X=150,S=1,R=1 || L2:[sp=C,1] Y=1,X=52,C=1,R=1,S=1,K=2",-85506625.0,-163323000.0,1,K|C,1
C,78,Y,1,S,1,K,57,X,66,C,1,R,1,K,1,Y,1,X,52,C,1,R,1,S,1,K,2,"L1:[sp=C,78] Y=1,S=1,K=57,X=66,C=1,R=1 || L2:[sp=K,1] Y=1,X=52,C=1,R=1,S=1,K=2",-inf,-inf,0,C|K,1
C,78,Y,1,K,57,S,1,C,2,X,150,R,2,Y,1,Y,1,S,1,C,2,R,1,X,52,K,2,"L1:[sp=C,78] Y=1,K=57,S=1,C=2,X=150,R=2 || L2:[sp=Y,1] Y=1,S=1,C=2,R=1,X=52,K=2",-inf,-inf,0,C|Y,1
C,78,Y,1,K,57,S,1,C,2,X,150,R,1,C,1,Y,1,S,1,C,2,R,1,X,52,K,2,"L1:[sp=C,78] Y=1,K=57,S=1,C=2,X=150,R=1 || L2:[sp=C,1] Y=1,S=1,C=2,R=1,X=52,K=2",-inf,-inf,0,C|C,1
C,78,S,3,K,57,C,1,X,150,Y,1,R,1,K,1,Y,1,X,52,C,1,R,1,S,1,K,2,"L1:[sp=C,78] S=3,K=57,C=1,X=150,Y=1,R=1 || L2:[sp=K,1] Y=1,X=52,C=1,R=1,S=1,K=2",-32516737.0,-163323000.0,1,C|K,1
C,78,Y,1,K,57,C,2,S,1,X,150,R,1,Y,1,Y,1,S,1,C,2,R,1,X,52,K,2,"L1:[sp=C,78] Y=1,K=57,C=2,S=1,X=150,R=1 || L2:[sp=Y,1] Y=1,S=1,C=2,R=1,X=52,K=2",-64003969.0,-163324000.0,1,C|Y,1
C,78,X,150,K,57,C,1,Y,1,S,1,R,1,K,1,Y,1,X,52,C,1,R,1,S,1,K,12,"L1:[sp=C,78] X=150,K=57,C=1,Y=1,S=1,R=1 || L2:[sp=K,1] Y=1,X=52,C=1,R=1,S=1,K=12",-inf,-inf,0,C|K,1
C,78,Y,1,K,57,C,1,X,217,S,1,R,1,K,1,Y,1,X,20,C,1,R,1,S,1,K,2,"L1:[sp=C,78] Y=1,K=57,C=1,X=217,S=1,R=1 || L2:[sp=K,1] Y=1,X=20,C=1,R=1,S=1,K=2",-30199681.0,-163323000.0,1,C|K,1
C,78,Y,1,K,57,S,1,X,150,C,2,R,2,K,1,Y,1,X,52,C,2,R,1,S,1,K,2,"L1:[sp=C,78] Y=1,K=57,S=1,X=150,C=2,R=2 || L2:[sp=K,1] Y=1,X=52,C=2,R=1,S=1,K=2",-inf,-inf,0,C|K,1
C,78,Y,1,S,1,K,57,X,150,C,2,R,1,K,1,Y,1,X,52,C,2,S,1,R,1,K,2,"L1:[sp=C,78] Y=1,S=1,K=57,X=150,C=2,R=1 || L2:[sp=K,1] Y=1,X=52,C=2,S=1,R=1,K=2",-inf,-inf,0,C|K,1
C,78,Y,1,K,57,S,1,X,66,C,2,R,1,K,1,Y,1,X,52,C,2,R,1,S,1,K,2,"L1:[sp=C,78] Y=1,K=57,S=1,X=66,C=2,R=1 || L2:[sp=K,1] Y=1,X=52,C=2,R=1,S=1,K=2",-inf,-inf,0,C|K,1
C,78,Y,1,K,57,C,1,S,1,X,150,R,1,K,1,Y,1,X,52,C,1,R,1,S,1,K,2,"L1:[sp=C,78] Y=1,K=57,C=1,S=1,X=150,R=1 || L2:[sp=K,1] Y=1,X=52,C=1,R=1,S=1,K=2",-32006017.0,-163323000.0,1,C|K,1
Y,78,Y,1,K,57,S,3,C,2,X,150,R,2,C,1,Y,1,S,1,C,2,R,1,X,52,K,2,"L1:[sp=Y,78] Y=1,K=57,S=3,C=2,X=150,R=2 || L2:[sp=C,1] Y=1,S=1,C=2,R=1,X=52,K=2",-inf,-inf,0,Y|C,1
C,78,Y,1,K,57,C,1,X,217,S,1,R,1,K,1,Y,1,X,20,C,1,R,1,S,1,K,2,"L1:[sp=C,78] Y=1,K=57,C=1,X=217,S=1,R=1 || L2:[sp=K,1] Y=1,X=20,C=1,R=1,S=1,K=2",-inf,-inf,0,C|K,1
C,78,Y,1,K,57,C,1,X,217,S,3,R,1,K,1,Y,1,X,109,C,1,R,1,S,1,K,2,"L1:[sp=C,78] Y=1,K=57,C=1,X=217,S=3,R=1 || L2:[sp=K,1] Y=1,X=109,C=1,R=1,S=1,K=2",-inf,-inf,0,C|K,1
C,78,S,1,K,57,C,1,X,150,Y,1,R,2,K,1,Y,1,X,52,C,1,R,1,S,1,K,2,"L1:[sp=C,78] S=1,K=57,C=1,X=150,Y=1,R=2 || L2:[sp=K,1] Y=1,X=52,C=1,R=1,S=1,K=2",-63715561.0,-163323000.0,1,C|K,1
C,78,Y,1,K,21,C,1,S,1,X,150,R,1,K,1,Y,1,X,85,C,1,R,1,S,1,K,2,"L1:[sp=C,78] Y=1,K=21,C=1,S=1,X=150,R=1 || L2:[sp=K,1] Y=1,X=85,C=1,R=1,S=1,K=2",-inf,-inf,0,C|K,1
K,78,Y,1,K,35,C,2,X,150,S,1,R,1,C,1,Y,1,X,52,C,1,R,1,S,1,K,2,"L1:[sp=K,78] Y=1,K=35,C=2,X=150,S=1,R=1 || L2:[sp=C,1] Y=1,X=52,C=1,R=1,S=1,K=2",-inf,-inf,0,K|C,1
C,78,Y,1,K,57,C,2,S,1,X,150,R,1,K,1,Y,1,X,52,C,1,R,1,S,1,K,2,"L1:[sp=C,78] Y=1,K=57,C=2,S=1,X=150,R=1 || L2:[sp=K,1] Y=1,X=52,C=1,R=1,S=1,K=2",-inf,-inf,0,C|K,1
C,78,Y,165,K,57,C,2,S,1,X,150,R,1,Y,1,S,1,Y,1,C,2,R,1,X,52,K,2,"L1:[sp=C,78] Y=165,K=57,C=2,S=1,X=150,R=1 || L2:[sp=Y,1] S=1,Y=1,C=2,R=1,X=52,K=2",-inf,-inf,0,C|Y,1
C,78,S,1,K,57,C,1,X,150,Y,1,R,1,K,57,Y,1,X,52,C,1,R,1,S,1,K,2,"L1:[sp=C,78] S=1,K=57,C=1,X=150,Y=1,R=1 || L2:[sp=K,57] Y=1,X=52,C=1,R=1,S=1,K=2",-inf,-inf,0,C|K,1
C,78,Y,1,K,57,C,2,S,3,X,150,R,2,Y,1,Y,1,X,52,C,2,R,1,S,1,K,2,"L1:[sp=C,78] Y=1,K=57,C=2,S=3,X=150,R=2 || L2:[sp=Y,1] Y=1,X=52,C=2,R=1,S=1,K=2",-inf,-inf,0,C|Y,1
C,78,Y,1,K,57,C,1,X,217,S,1,R,1,K,1,Y,1,X,20,C,1,R,1,S,1,K,2,"L1:[sp=C,78] Y=1,K=57,C=1,X=217,S=1,R=1 || L2:[sp=K,1] Y=1,X=20,C=1,R=1,S=1,K=2",-inf,-inf,0,C|K,1
Y,78,Y,1,K,57,C,2,S,1,X,150,R,1,C,1,Y,1,S,1,C,2,R,1,X,52,K,2,"L1:[sp=Y,78] Y=1,K=57,C=2,S=1,X=150,R=1 || L2:[sp=C,1] Y=1,S=1,C=2,R=1,X=52,K=2",-inf,-inf,0,Y|C,1
K,78,Y,1,K,57,C,1,X,150,S,1,R,1,C,1,Y,1,X,52,C,1,R,1,S,1,K,2,"L1:[sp=K,78] Y=1,K=57,C=1,X=150,S=1,R=1 || L2:[sp=C,1] Y=1,X=52,C=1,R=1,S=1,K=2",-inf,-inf,0,K|C,1
Y,78,Y,1,K,57,C,1,S,1,X,150,R,1,K,19,Y,1,X,52,C,1,R,1,S,1,K,2,"L1:[sp=Y,78] Y=1,K=57,C=1,S=1,X=150,R=1 || L2:[sp=K,19] Y=1,X=52,C=1,R=1,S=1,K=2",-inf,-inf,0,Y|K,1
K,78,Y,1,K,57,C,1,X,217,S,2,R,1,C,1,Y,1,X,20,C,1,R,1,S,1,K,2,"L1:[sp=K,78] Y=1,K=57,C=1,X=217,S=2,R=1 || L2:[sp=C,1] Y=1,X=20,C=1,R=1,S=1,K=2",-inf,-inf,0,K|C,1
C,78,S,3,K,57,R,1,X,150,Y,139,C,1,C,1,Y,1,X,52,C,1,R,1,S,1,K,2,"L1:[sp=C,78] S=3,K=57,R=1,X=150,Y=139,C=1 || L2:[sp=C,1] Y=1,X=52,C=1,R=1,S=1,K=2",-inf,-inf,0,C|C,1
C,78,Y,63,K,57,C,2,S,1,X,150,R,1,Y,7,X,52,S,1,C,2,R,1,Y,1,K,2,"L1:[sp=C,78] Y=63,K=57,C=2,S=1,X=150,R=1 || L2:[sp=Y,7] X=52,S=1,C=2,R=1,Y=1,K=2",-inf,-inf,0,C|Y,1
C,78,S,3,K,57,C,1,R,1,Y,1,X,150,K,1,Y,1,X,29,C,1,R,1,S,1,K,42,"L1:[sp=C,78] S=3,K=57,C=1,R=1,Y=1,X=150 || L2:[sp=K,1] Y=1,X=29,C=1,R=1,S=1,K=42",-inf,-inf,0,C|K,1
C,78,S,1,K,57,C,1,X,150,Y,1,R,2,K,1,Y,1,X,52,C,1,R,1,S,1,K,2,"L1:[sp=C,78] S=1,K=57,C=1,X=150,Y=1,R=2 || L2:[sp=K,1] Y=1,X=52,C=1,R=1,S=1,K=2",-inf,-inf,0,C|K,1
C,78,S,1,K,57,C,1,X,150,Y,1,R,2,K,1,Y,1,X,52,C,1,R,1,S,1,K,2,"L1:[sp=C,78] S=1,K=57,C=1,X=150,Y=1,R=2 || L2:[sp=K,1] Y=1,X=52,C=1,R=1,S=1,K=2",-inf,-inf,0,C|K,1
C,78,S,1,K,57,C,1,X,150,Y,1,R,2,K,1,Y,1,X,52,C,1,R,1,S,1,K,2,"L1:[sp=C,78] S=1,K=57,C=1,X=150,Y=1,R=2 || L2:[sp=K,1] Y=1,X=52,C=1,R=1,S=1,K=2",-inf,-inf,0,C|K,1
C,78,S,2,K,13,C,1,X,150,Y,1,R,2,K,1,Y,1,R,1,C,1,X,52,S,1,K,2,"L1:[sp=C,78] S=2,K=13,C=1,X=150,Y=1,R=2 || L2:[sp=K,1] Y=1,R=1,C=1,X=52,S=1,K=2",-inf,-inf,0,C|K,1
C,78,S,1,K,57,C,3,X,150,R,2,Y,1,K,1,Y,1,X,142,C,1,R,1,S,1,K,2,"L1:[sp=C,78] S=1,K=57,C=3,X=150,R=2,Y=1 || L2:[sp=K,1] Y=1,X=142,C=1,R=1,S=1,K=2",-inf,-inf,0,C|K,1
C,78,S,1,K,57,C,1,X,150,Y,1,R,3,K,1,Y,1,X,52,C,1,R,1,S,1,K,2,"L1:[sp=C,78] S=1,K=57,C=1,X=150,Y=1,R=3 || L2:[sp=K,1] Y=1,X=52,C=1,R=1,S=1,K=2",-95139433.0,-163323000.0,1,C|K,1
K,78,S,1,K,57,C,1,X,150,Y,1,R,2,C,1,Y,1,X,52,C,1,R,1,S,1,K,2,"L1:[sp=K,78] S=1,K=57,C=1,X=150,Y=1,R=2 || L2:[sp=C,1] Y=1,X=52,C=1,R=1,S=1,K=2",-170233741.0,-163323000.0,1,K|C,1
C,78,S,1,K,57,C,1,X,150,Y,1,R,2,K,1,Y,1,X,52,C,1,R,1,S,1,K,2,"L1:[sp=C,78] S=1,K=57,C=1,X=150,Y=1,R=2 || L2:[sp=K,1] Y=1,X=52,C=1,R=1,S=1,K=2",-inf,-inf,0,C|K,1
C,78,K,57,S,3,C,1,X,150,Y,1,R,2,Y,1,C,1,X,52,Y,1,R,1,S,1,K,2,"L1:[sp=C,78] K=57,S=3,C=1,X=150,Y=1,R=2 || L2:[sp=Y,1] C=1,X=52,Y=1,R=1,S=1,K=2",-64739577.0,-163323000.0,1,C|Y,1
C,78,S,1,K,57,C,1,X,150,Y,1,R,2,K,1,Y,1,X,52,K,2,R,1,S,1,C,1,"L1:[sp=C,78] S=1,K=57,C=1,X=150,Y=1,R=2 || L2:[sp=K,1] Y=1,X=52,K=2,R=1,S=1,C=1",-inf,-inf,0,C|K,1
C,78,S,1,K,27,C,3,X,150,Y,1,R,2,K,1,Y,1,X,52,C,1,R,1,S,1,K,23,"L1:[sp=C,78] S=1,K=27,C=3,X=150,Y=1,R=2 || L2:[sp=K,1] Y=1,X=52,C=1,R=1,S=1,K=23",-inf,-inf,0,C|K,1
C,78,S,1,K,57,C,1,X,38,Y,1,R,2,K,1,Y,1,X,38,C,1,R,1,S,1,K,2,"L1:[sp=C,78] S=1,K=57,C=1,X=38,Y=1,R=2 || L2:[sp=K,1] Y=1,X=38,C=1,R=1,S=1,K=2",-inf,-inf,0,C|K,1
C,78,S,1,K,57,C,1,X,150,Y,104,R,2,K,1,C,1,X,52,Y,1,R,1,S,1,K,2,"L1:[sp=C,78] S=1,K=57,C=1,X=150,Y=104,R=2 || L2:[sp=K,1] C=1,X=52,Y=1,R=1,S=1,K=2",-inf,-inf,0,C|K,1
C,78,S,1,C,1,K,57,X,150,Y,1,R,2,K,1,Y,1,X,52,C,1,R,1,S,1,K,2,"L1:[sp=C,78] S=1,C=1,K=57,X=150,Y=1,R=2 || L2:[sp=K,1] Y=1,X=52,C=1,R=1,S=1,K=2",-63715561.0,-163323000.0,1,C|K,1
C,78,S,1,K,38,C,1,X,150,Y,1,R,2,Y,1,Y,1,S,1,C,1,R,1,X,52,K,2,"L1:[sp=C,78] S=1,K=38,C=1,X=150,Y=1,R=2 || L2:[sp=Y,1] Y=1,S=1,C=1,R=1,X=52,K=2",-inf,-inf,0,C|Y,1
C,78,S,1,K,57,C,1,X,150,Y,1,R,2,K,1,Y,1,X,52,C,1,R,1,S,1,K,2,"L1:[sp=C,78] S=1,K=57,C=1,X=150,Y=1,R=2 || L2:[sp=K,1] Y=1,X=52,C=1,R=1,S=1,K=2",-inf,-inf,0,C|K,1
K,78,S,1,K,57,C,1,X,150,Y,1,R,2,C,1,Y,1,X,52,C,1,R,1,S,1,K,23,"L1:[sp=K,78] S=1,K=57,C=1,X=150,Y=1,R=2 || L2:[sp=C,1] Y=1,X=52,C=1,R=1,S=1,K=23",-inf,-inf,0,K|C,1
C,78,S,1,C,1,K,57,X,150,Y,1,R,2,K,1,Y,1,X,52,C,1,R,1,S,1,K,2,"L1:[sp=C,78] S=1,C=1,K=57,X=150,Y=1,R=2 || L2:[sp=K,1] Y=1,X=52,C=1,R=1,S=1,K=2",-63715561.0,-163323000.0,1,C|K,1
C,78,K,57,S,3,C,1,X,108,Y,1,R,2,Y,1,Y,1,X,52,C,1,R,1,S,1,K,2,"L1:[sp=C,78] K=57,S=3,C=1,X=108,Y=1,R=2 || L2:[sp=Y,1] Y=1,X=52,C=1,R=1,S=1,K=2",-inf,-inf,0,C|Y,1
K,78,S,1,K,57,C,1,X,150,Y,1,R,2,C,1,Y,1,X,52,C,1,R,1,S,1,K,2,"L1:[sp=K,78] S=1,K=57,C=1,X=150,Y=1,R=2 || L2:[sp=C,1] Y=1,X=52,C=1,R=1,S=1,K=2",-inf,-inf,0,K|C,1
K,78,Y,128,K,57,C,1,R,2,S,1,X,150,C,1,Y,1,X,52,C,1,R,1,S,1,K,2,"L1:[sp=K,78] Y=128,K=57,C=1,R=2,S=1,X=150 || L2:[sp=C,1] Y=1,X=52,C=1,R=1,S=1,K=2",-inf,-inf,0,K|C,1
C,78,S,1,K,57,C,1,X,150,Y,1,R,2,K,1,Y,1,X,61,C,1,R,1,S,1,K,2,"L1:[sp=C,78] S=1,K=57,C=1,X=150,Y=1,R=2 || L2:[sp=K,1] Y=1,X=61,C=1,R=1,S=1,K=2",-inf,-inf,0,C|K,1
C,78,S,1,K,60,C,1,X,150,Y,94,R,3,K,1,C,1,X,52,Y,1,R,1,S,1,K,2,"L1:[sp=C,78] S=1,K=60,C=1,X=150,Y=94,R=3 || L2:[sp=K,1] C=1,X=52,Y=1,R=1,S=1,K=2",-inf,-inf,0,C|K,1
C,78,K,57,S,3,C,1,X,150,Y,1,R,2,Y,1,C,1,X,52,Y,1,R,1,S,1,K,2,"L1:[sp=C,78] K=57,S=3,C=1,X=150,Y=1,R=2 || L2:[sp=Y,1] C=1,X=52,Y=1,R=1,S=1,K=2",-inf,-inf,0,C|Y,1
K,78,S,1,K,57,C,1,X,150,Y,1,R,1,C,1,Y,1,X,52,C,1,R,1,S,1,K,2,"L1:[sp=K,78] S=1,K=57,C=1,X=150,Y=1,R=1 || L2:[sp=C,1] Y=1,X=52,C=1,R=1,S=1,K=2",-inf,-inf,0,K|C,1
C,78,S,1,K,57,C,1,X,150,Y,59,R,3,K,1,Y,1,X,52,C,1,R,1,S,1,K,2,"L1:[sp=C,78] S=1,K=57,C=1,X=150,Y=59,R=3 || L2:[sp=K,1] Y=1,X=52,C=1,R=1,S=1,K=2",-inf,-inf,0,C|K,1
C,78,S,1,K,57,X,150,C,1,Y,1,R,2,K,1,Y,1,X,52,C,1,R,1,S,1,K,2,"L1:[sp=C,78] S=1,K=57,X=150,C=1,Y=1,R=2 || L2:[sp=K,1] Y=1,X=52,C=1,R=1,S=1,K=2",-63715561.0,-163323000.0,1,C|K,1
C,78,K,16,S,3,Y,1,X,150,C,1,R,2,Y,1,C,1,X,52,Y,1,R,1,S,1,K,2,"L1:[sp=C,78] K=16,S=3,Y=1,X=150,C=1,R=2 || L2:[sp=Y,1] C=1,X=52,Y=1,R=1,S=1,K=2",-64741361.0,-163323000.0,1,C|Y,1
C,78,K,57,S,1,Y,1,X,150,C,1,R,3,Y,1,C,1,X,52,Y,1,R,1,S,1,K,2,"L1:[sp=C,78] K=57,S=1,Y=1,X=150,C=1,R=3 || L2:[sp=Y,1] C=1,X=52,Y=1,R=1,S=1,K=2",-95139433.0,-163323000.0,1,C|Y,1
K,78,S,3,K,57,C,1,X,150,Y,1,R,2,K,1,Y,1,X,52,C,1,R,1,S,1,K,46,"L1:[sp=K,78] S=3,K=57,C=1,X=150,Y=1,R=2 || L2:[sp=K,1] Y=1,X=52,C=1,R=1,S=1,K=46",-inf,-inf,0,K|K,1
C,78,S,1,K,57,C,1,X,150,Y,1,R,2,K,1,Y,1,X,52,C,1,R,1,S,1,K,2,"L1:[sp=C,78] S=1,K=57,C=1,X=150,Y=1,R=2 || L2:[sp=K,1] Y=1,X=52,C=1,R=1,S=1,K=2",-inf,-inf,0,C|K,1
C,78,S,1,C,1,K,57,X,150,Y,1,R,2,K,1,Y,1,X,52,C,1,R,1,S,1,K,2,"L1:[sp=C,78] S=1,C=1,K=57,X=150,Y=1,R=2 || L2:[sp=K,1] Y=1,X=52,C=1,R=1,S=1,K=2",-inf,-inf,0,C|K,1
C,78,K,16,S,3,Y,1,X,150,C,1,R,2,Y,1,R,1,X,55,Y,1,C,1,S,1,K,2,"L1:[sp=C,78] K=16,S=3,Y=1,X=150,C=1,R=2 || L2:[sp=Y,1] R=1,X=55,Y=1,C=1,S=1,K=2",-inf,-inf,0,C|Y,1
C,78,K,57,C,3,S,1,X,175,Y,1,R,2,K,1,Y,1,X,52,C,1,R,1,S,1,K,2,"L1:[sp=C,78] K=57,C=3,S=1,X=175,Y=1,R=2 || L2:[sp=K,1] Y=1,X=52,C=1,R=1,S=1,K=2",-149518825.0,-163323000.0,1,C|K,1
C,78,S,1,K,57,X,150,C,1,Y,1,R,3,K,57,Y,1,X,52,C,1,R,1,S,1,K,2,"L1:[sp=C,78] S=1,K=57,X=150,C=1,Y=1,R=3 || L2:[sp=K,57] Y=1,X=52,C=1,R=1,S=1,K=2",-11897425.0,-163323000.0,1,C|K,1
C,78,S,1,C,1,K,57,X,150,Y,1,R,2,K,1,Y,1,X,52,C,1,R,1,S,1,K,2,"L1:[sp=C,78] S=1,C=1,K=57,X=150,Y=1,R=2 || L2:[sp=K,1] Y=1,X=52,C=1,R=1,S=1,K=2",-63715561.0,-163323000.0,1,C|K,1
Y,78,K,57,S,1,Y,1,X,150,C,1,R,3,C,1,C,1,X,52,Y,1,R,1,S,1,K,2,"L1:[sp=Y,78] K=57,S=1,Y=1,X=150,C=1,R=3 || L2:[sp=C,1] C=1,X=52,Y=1,R=1,S=1,K=2",-inf,-inf,0,Y|C,1
C,78,S,1,K,57,X,224,C,1,Y,1,R,2,K,1,Y,1,X,52,C,1,R,1,S,1,K,2,"L1:[sp=C,78] S=1,K=57,X=224,C=1,Y=1,R=2 || L2:[sp=K,1] Y=1,X=52,C=1,R=1,S=1,K=2",-inf,-inf,0,C|K,1
C,78,K,16,S,1,Y,1,X,150,C,1,R,2,Y,1,S,1,X,52,Y,1,R,1,C,1,K,2,"L1:[sp=C,78] K=16,S=1,Y=1,X=150,C=1,R=2 || L2:[sp=Y,1] S=1,X=52,Y=1,R=1,C=1,K=2",-inf,-inf,0,C|Y,1
K,78,S,3,K,57,X,150,C,1,Y,1,R,2,C,1,Y,1,X,52,C,1,R,1,S,1,K,39,"L1:[sp=K,78] S=3,K=57,X=150,C=1,Y=1,R=2 || L2:[sp=C,1] Y=1,X=52,C=1,R=1,S=1,K=39",-inf,-inf,0,K|C,1
C,78,K,16,S,3,Y,1,X,150,C,1,R,2,Y,1,C,1,X,52,Y,1,R,1,S,1,K,2,"L1:[sp=C,78] K=16,S=3,Y=1,X=150,C=1,R=2 || L2:[sp=Y,1] C=1,X=52,Y=1,R=1,S=1,K=2",-inf,-inf,0,C|Y,1
C,78,S,1,C,1,K,57,X,116,Y,1,R,2,K,1,Y,1,X,52,C,1,R,1,S,1,K,2,"L1:[sp=C,78] S=1,C=1,K=57,X=116,Y=1,R=2 || L2:[sp=K,1] Y=1,X=52,C=1,R=1,S=1,K=2",-inf,-inf,0,C|K,1
C,78,K,31,S,3,Y,1,X,150,C,1,R,3,Y,1,C,1,X,52,Y,1,R,1,S,1,K,2,"L1:[sp=C,78] K=31,S=3,Y=1,X=150,C=1,R=3 || L2:[sp=Y,1] C=1,X=52,Y=1,R=1,S=1,K=2",-inf,-inf,0,C|Y,1
C,78,K,57,S,3,Y,1,X,124,C,1,R,2,Y,1,C,1,X,52,Y,1,R,1,S,1,K,2,"L1:[sp=C,78] K=57,S=3,Y=1,X=124,C=1,R=2 || L2:[sp=Y,1] C=1,X=52,Y=1,R=1,S=1,K=2",-inf,-inf,0,C|Y,1
C,78,K,18,S,1,Y,1,X,151,C,1,R,2,Y,1,C,1,X,52,Y,1,R,1,S,1,K,2,"L1:[sp=C,78] K=18,S=1,Y=1,X=151,C=1,R=2 || L2:[sp=Y,1] C=1,X=52,Y=1,R=1,S=1,K=2",-inf,-inf,0,C|Y,1
C,78,S,3,C,2,K,57,X,150,Y,1,R,2,K,1,Y,1,X,52,C,1,R,1,S,1,K,2,"L1:[sp=C,78] S=3,C=2,K=57,X=150,Y=1,R=2 || L2:[sp=K,1] Y=1,X=52,C=1,R=1,S=1,K=2",-inf,-inf,0,C|K,1
C,78,S,1,K,57,X,150,C,1,Y,1,R,3,K,57,Y,1,X,52,C,1,R,1,S,1,K,2,"L1:[sp=C,78] S=1,K=57,X=150,C=1,Y=1,R=3 || L2:[sp=K,57] Y=1,X=52,C=1,R=1,S=1,K=2",-inf,-inf,0,C|K,1
C,78,S,1,K,57,X,150,C,1,Y,1,R,3,K,57,Y,1,X,52,C,1,R,1,S,1,K,2,"L1:[sp=C,78] S=1,K=57,X=150,C=1,Y=1,R=3 || L2:[sp=K,57] Y=1,X=52,C=1,R=1,S=1,K=2",-inf,-inf,0,C|K,1
C,78,S,1,C,1,K,57,X,150,Y,1,R,2,K,1,Y,1,X,52,C,1,R,1,S,1,K,2,"L1:[sp=C,78] S=1,C=1,K=57,X=150,Y=1,R=2 || L2:[sp=K,1] Y=1,X=52,C=1,R=1,S=1,K=2",-inf,-inf,0,C|K,1
C,78,S,1,C,1,K,57,X,150,Y,1,R,3,K,1,Y,1,X,52,C,1,R,1,S,1,K,2,"L1:[sp=C,78] S=1,C=1,K=57,X=150,Y=1,R=3 || L2:[sp=K,1] Y=1,X=52,C=1,R=1,S=1,K=2",-inf,-inf,0,C|K,1
C,78,S,1,K,57,X,150,C,1,Y,1,R,3,X,2,Y,1,X,52,C,1,R,1,S,1,K,2,"L1:[sp=C,78] S=1,K=57,X=150,C=1,Y=1,R=3 || L2:[sp=X,2] Y=1,X=52,C=1,R=1,S=1,K=2",-inf,-inf,0,C|X,1
C,78,S,3,K,57,X,125,C,1,Y,1,R,3,K,57,Y,1,X,52,C,1,R,2,S,1,K,2,"L1:[sp=C,78] S=3,K=57,X=125,C=1,Y=1,R=3 || L2:[sp=K,57] Y=1,X=52,C=1,R=2,S=1,K=2",-inf,-inf,0,C|K,1
C,78,S,1,C,1,K,57,X,150,Y,1,R,2,K,1,Y,1,X,52,C,1,R,1,S,1,K,2,"L1:[sp=C,78] S=1,C=1,K=57,X=150,Y=1,R=2 || L2:[sp=K,1] Y=1,X=52,C=1,R=1,S=1,K=2",-63715561.0,-163323000.0,1,C|K,1
C,78,S,1,K,57,X,150,C,1,Y,1,R,2,K,57,Y,1,X,57,C,1,S,1,R,1,K,2,"L1:[sp=C,78] S=1,K=57,X=150,C=1,Y=1,R=2 || L2:[sp=K,57] Y=1,X=57,C=1,S=1,R=1,K=2",-inf,-inf,0,C|K,1
C,78,K,57,C,1,R,3,X,150,Y,1,S,1,K,19,Y,1,X,52,C,1,R,1,S,1,K,2,"L1:[sp=C,78] K=57,C=1,R=3,X=150,Y=1,S=1 || L2:[sp=K,19] Y=1,X=52,C=1,R=1,S=1,K=2",-8921737.0,-163323000.0,1,C|K,1
C,78,S,1,Y,1,K,57,X,150,C,1,R,2,K,19,Y,1,X,52,C,1,R,1,S,1,K,2,"L1:[sp=C,78] S=1,Y=1,K=57,X=150,C=1,R=2 || L2:[sp=K,19] Y=1,X=52,C=1,R=1,S=1,K=2",-inf,-inf,0,C|K,1
X,78,K,57,C,3,S,1,X,175,Y,1,R,2,K,1,Y,1,X,52,C,1,R,1,S,1,K,2,"L1:[sp=X,78] K=57,C=3,S=1,X=175,Y=1,R=2 || L2:[sp=K,1] Y=1,X=52,C=1,R=1,S=1,K=2",-134873077.0,-163323000.0,1,X|K,1
X,78,S,1,K,57,X,150,C,1,Y,1,R,3,K,57,Y,1,X,52,C,1,R,1,S,1,K,2,"L1:[sp=X,78] S=1,K=57,X=150,C=1,Y=1,R=3 || L2:[sp=K,57] Y=1,X=52,C=1,R=1,S=1,K=2",-10793197.0,-163323000.0,1,X|K,1
C,78,S,1,C,1,K,57,X,150,Y,1,R,2,K,1,Y,1,X,120,C,1,R,1,S,1,K,35,"L1:[sp=C,78] S=1,C=1,K=57,X=150,Y=1,R=2 || L2:[sp=K,1] Y=1,X=120,C=1,R=1,S=1,K=35",-inf,-inf,0,C|K,1
C,78,S,1,K,57,X,150,C,1,Y,1,R,2,K,57,Y,1,X,22,C,1,R,1,S,1,K,2,"L1:[sp=C,78] S=1,K=57,X=150,C=1,Y=1,R=2 || L2:[sp=K,57] Y=1,X=22,C=1,R=1,S=1,K=2",-inf,-inf,0,C|K,1
C,78,S,1,C,1,K,57,X,150,Y,1,R,3,K,1,Y,1,X,52,S,1,R,1,C,1,K,2,"L1:[sp=C,78] S=1,C=1,K=57,X=150,Y=1,R=3 || L2:[sp=K,1] Y=1,X=52,S=1,R=1,C=1,K=2",-inf,-inf,0,C|K,1
C,78,K,57,C,1,R,3,X,150,Y,1,S,1,K,19,Y,1,X,52,C,1,R,1,S,1,K,2,"L1:[sp=C,78] K=57,C=1,R=3,X=150,Y=1,S=1 || L2:[sp=K,19] Y=1,X=52,C=1,R=1,S=1,K=2",-inf,-inf,0,C|K,1
C,78,K,57,C,1,R,3,X,150,Y,1,S,1,K,19,Y,1,X,103,C,1,R,1,S,1,K,2,"L1:[sp=C,78] K=57,C=1,R=3,X=150,Y=1,S=1 || L2:[sp=K,19] Y=1,X=103,C=1,R=1,S=1,K=2",-inf,-inf,0,C|K,1
X,78,S,1,K,57,X,150,C,1,Y,224,R,3,K,57,Y,1,X,52,C,1,S,1,R,1,K,51,"L1:[sp=X,78] S=1,K=57,X=150,C=1,Y=224,R=3 || L2:[sp=K,57] Y=1,X=52,C=1,S=1,R=1,K=51",-inf,-inf,0,X|K,1
K,78,K,57,C,3,S,1,X,175,Y,1,R,2,X,1,Y,1,X,52,C,1,R,2,S,1,K,2,"L1:[sp=K,78] K=57,C=3,S=1,X=175,Y=1,R=2 || L2:[sp=X,1] Y=1,X=52,C=1,R=2,S=1,K=2",-inf,-inf,0,K|X,1
X,78,S,1,K,57,X,63,C,1,Y,1,R,3,K,57,Y,1,X,52,C,1,R,1,S,1,K,2,"L1:[sp=X,78] S=1,K=57,X=63,C=1,Y=1,R=3 || L2:[sp=K,57] Y=1,X=52,C=1,R=1,S=1,K=2",-inf,-inf,0,X|K,1
C,78,K,57,C,3,S,1,X,150,Y,1,R,3,K,1,Y,1,X,52,C,1,R,1,S,1,K,2,"L1:[sp=C,78] K=57,C=3,S=1,X=150,Y=1,R=3 || L2:[sp=K,1] Y=1,X=52,C=1,R=1,S=1,K=2",-inf,-inf,0,C|K,1
X,78,S,1,K,57,X,175,C,1,Y,1,R,2,K,57,Y,1,X,152,C,1,R,1,S,1,K,2,"L1:[sp=X,78] S=1,K=57,X=175,C=1,Y=1,R=2 || L2:[sp=K,57] Y=1,X=152,C=1,R=1,S=1,K=2",-inf,-inf,0,X|K,1
C,78,S,1,K,57,X,150,C,1,Y,1,R,3,K,57,Y,1,X,52,C,1,R,1,S,1,K,2,"L1:[sp=C,78] S=1,K=57,X=150,C=1,Y=1,R=3 || L2:[sp=K,57] Y=1,X=52,C=1,R=1,S=1,K=2",-inf,-inf,0,C|K,1
C,78,K,57,C,2,R,3,X,150,Y,1,S,1,K,19,Y,1,X,52,C,1,R,1,S,1,K,2,"L1:[sp=C,78] K=57,C=2,R=3,X=150,Y=1,S=1 || L2:[sp=K,19] Y=1,X=52,C=1,R=1,S=1,K=2",-inf,-inf,0,C|K,1
K,78,K,57,C,1,R,3,X,150,Y,1,S,1,C,3,Y,1,X,52,C,1,R,1,K,2,S,1,"L1:[sp=K,78] K=57,C=1,R=3,X=150,Y=1,S=1 || L2:[sp=C,3] Y=1,X=52,C=1,R=1,K=2,S=1",-254197549.0,-163323000.0,1,K|C,1
X,78,K,57,C,3,S,1,X,175,Y,1,R,2,K,1,Y,1,X,52,C,2,R,1,S,1,K,2,"L1:[sp=X,78] K=57,C=3,S=1,X=175,Y=1,R=2 || L2:[sp=K,1] Y=1,X=52,C=2,R=1,S=1,K=2",-inf,-inf,0,X|K,1
C,78,S,1,K,57,X,150,C,1,Y,1,R,3,K,57,Y,1,X,52,C,1,R,1,S,1,K,2,"L1:[sp=C,78] S=1,K=57,X=150,C=1,Y=1,R=3 || L2:[sp=K,57] Y=1,X=52,C=1,R=1,S=1,K=2",-inf,-inf,0,C|K,1
X,78,S,1,K,57,X,150,C,2,Y,1,R,3,K,57,Y,1,X,52,C,1,R,3,S,1,K,2,"L1:[sp=X,78] S=1,K=57,X=150,C=2,Y=1,R=3 || L2:[sp=K,57] Y=1,X=52,C=1,R=3,S=1,K=2",-inf,-inf,0,X|K,1
Y,78,K,57,S,1,R,2,X,72,Y,1,C,1,K,19,Y,1,X,52,K,2,R,1,S,1,C,1,"L1:[sp=Y,78] K=57,S=1,R=2,X=72,Y=1,C=1 || L2:[sp=K,19] Y=1,X=52,K=2,R=1,S=1,C=1",-2145025.0,-163324000.0,1,Y|K,1
Y,78,K,57,S,1,R,2,X,72,Y,1,C,1,K,19,Y,1,X,52,K,2,R,1,S,1,C,1,"L1:[sp=Y,78] K=57,S=1,R=2,X=72,Y=1,C=1 || L2:[sp=K,19] Y=1,X=52,K=2,R=1,S=1,C=1",-inf,-inf,0,Y|K,1
K,78,Y,1,C,1,R,3,X,150,K,57,S,1,C,3,Y,1,C,1,X,52,R,1,K,33,S,1,"L1:[sp=K,78] Y=1,C=1,R=3,X=150,K=57,S=1 || L2:[sp=C,3] Y=1,C=1,X=52,R=1,K=33,S=1",-inf,-inf,0,K|C,1
Y,78,K,57,S,1,R,3,X,72,Y,1,C,1,K,19,K,33,X,52,Y,1,R,1,S,1,C,1,"L1:[sp=Y,78] K=57,S=1,R=3,X=72,Y=1,C=1 || L2:[sp=K,19] K=33,X=52,Y=1,R=1,S=1,C=1",-inf,-inf,0,Y|K,1
K,78,K,57,C,1,R,3,X,150,Y,1,S,1,C,1,Y,1,X,52,C,1,R,1,K,2,S,1,"L1:[sp=K,78] K=57,C=1,R=3,X=150,Y=1,S=1 || L2:[sp=C,1] Y=1,X=52,C=1,R=1,K=2,S=1",-inf,-inf,0,K|C,1
C,78,K,57,S,1,R,2,X,72,Y,1,C,1,K,19,Y,1,X,52,K,2,R,1,S,1,C,1,"L1:[sp=C,78] K=57,S=1,R=2,X=72,Y=1,C=1 || L2:[sp=K,19] Y=1,X=52,K=2,R=1,S=1,C=1",-inf,-inf,0,C|K,1
K,78,K,57,C,1,X,58,R,2,Y,1,S,1,X,2,Y,1,X,52,C,1,R,1,K,2,S,1,"L1:[sp=K,78] K=57,C=1,X=58,R=2,Y=1,S=1 || L2:[sp=X,2] Y=1,X=52,C=1,R=1,K=2,S=1",-inf,-inf,0,K|X,1
K,78,K,57,S,1,R,3,X,150,Y,1,C,1,K,19,Y,1,X,52,K,2,R,1,S,1,C,1,"L1:[sp=K,78] K=57,S=1,R=3,X=150,Y=1,C=1 || L2:[sp=K,19] Y=1,X=52,K=2,R=1,S=1,C=1",-17842141.0,-163323000.0,1,K|K,1
K,78,K,59,C,1,R,3,X,150,Y,1,S,1,C,3,Y,1,X,52,C,1,R,3,K,2,S,1,"L1:[sp=K,78] K=59,C=1,R=3,X=150,Y=1,S=1 || L2:[sp=C,3] Y=1,X=52,C=1,R=3,K=2,S=1",-inf,-inf,0,K|C,1
Y,78,K,57,S,1,R,2,X,72,Y,1,C,1,K,19,Y,1,X,52,K,2,R,1,S,1,C,1,"L1:[sp=Y,78] K=57,S=1,R=2,X=72,Y=1,C=1 || L2:[sp=K,19] Y=1,X=52,K=2,R=1,S=1,C=1",-inf,-inf,0,Y|K,1
Y,78,K,29,S,1,R,3,X,150,Y,1,C,1,K,19,Y,1,X,52,K,2,R,1,S,1,C,1,"L1:[sp=Y,78] K=29,S=1,R=3,X=150,Y=1,C=1 || L2:[sp=K,19] Y=1,X=52,K=2,R=1,S=1,C=1",-inf,-inf,0,Y|K,1
C,78,K,57,C,1,R,2,X,72,Y,57,S,1,K,3,Y,1,X,52,C,1,S,1,K,2,R,1,"L1:[sp=C,78] K=57,C=1,R=2,X=72,Y=57,S=1 || L2:[sp=K,3] Y=1,X=52,C=1,S=1,K=2,R=1",-inf,-inf,0,C|K,1
Y,78,K,57,Y,1,R,2,X,72,S,1,C,1,K,19,Y,1,X,52,K,2,R,1,S,1,C,1,"L1:[sp=Y,78] K=57,Y=1,R=2,X=72,S=1,C=1 || L2:[sp=K,19] Y=1,X=52,K=2,R=1,S=1,C=1",-2145025.0,-163324000.0,1,Y|K,1
C,78,K,57,C,1,R,3,X,150,Y,1,S,1,K,3,Y,1,X,52,C,1,R,1,K,2,S,1,"L1:[sp=C,78] K=57,C=1,R=3,X=150,Y=1,S=1 || L2:[sp=K,3] Y=1,X=52,C=1,R=1,K=2,S=1",-32705929.0,-163323000.0,1,C|K,1
K,78,K,42,C,1,R,2,X,181,Y,1,S,1,C,3,Y,1,X,52,C,1,R,2,K,2,S,1,"L1:[sp=K,78] K=42,C=1,R=2,X=181,Y=1,S=1 || L2:[sp=C,3] Y=1,X=52,C=1,R=2,K=2,S=1",-inf,-inf,0,K|C,1
