L1_sp_dim,L1_sp_sz,L1_pos1_dim,L1_pos1_tile,L1_pos2_dim,L1_pos2_tile,L1_pos3_dim,L1_pos3_tile,L1_pos4_dim,L1_pos4_tile,L1_pos5_dim,L1_pos5_tile,L1_pos6_dim,L1_pos6_tile,L2_sp_dim,L2_sp_sz,L2_pos1_dim,L2_pos1_tile,L2_pos2_dim,L2_pos2_tile,L2_pos3_dim,L2_pos3_tile,L2_pos4_dim,L2_pos4_tile,L2_pos5_dim,L2_pos5_tile,L2_pos6_dim,L2_pos6_tile,genome_str,fitness1,fitness2,valid,genome_pattern,layer
X,95,S,1,K,1,R,1,C,1,Y,1,X,1,K,7,S,1,X,1,K,1,C,1,Y,1,R,1,"L1:[sp=X,95] S=1,K=1,R=1,C=1,Y=1,X=1 || L2:[sp=K,7] S=1,X=1,K=1,C=1,Y=1,R=1",-7741441.0,-163323000.0,1,X|K,1
C,4,X,1,R,1,Y,1,S,1,K,1,C,1,X,84,R,1,Y,1,K,1,S,1,X,1,C,1,"L1:[sp=C,4] X=1,R=1,Y=1,S=1,K=1,C=1 || L2:[sp=X,84] R=1,Y=1,K=1,S=1,X=1,C=1",-115605505.0,-163323000.0,1,C|X,1
X,12,S,1,K,24,Y,174,C,1,X,55,R,3,X,8,Y,1,C,1,S,1,R,1,K,1,X,1,"L1:[sp=X,12] S=1,K=24,Y=174,C=1,X=55,R=3 || L2:[sp=X,8] Y=1,C=1,S=1,R=1,K=1,X=1",-inf,-inf,0,X|X,1
C,138,C,2,Y,86,S,2,X,159,R,1,K,7,Y,56,X,1,C,1,S,1,K,1,R,1,Y,1,"L1:[sp=C,138] C=2,Y=86,S=2,X=159,R=1,K=7 || L2:[sp=Y,56] X=1,C=1,S=1,K=1,R=1,Y=1",-inf,-inf,0,C|Y,1
Y,39,R,2,K,22,S,2,Y,30,C,1,X,110,X,29,Y,1,K,1,C,1,R,1,X,1,S,1,"L1:[sp=Y,39] R=2,K=22,S=2,Y=30,C=1,X=110 || L2:[sp=X,29] Y=1,K=1,C=1,R=1,X=1,S=1",-inf,-inf,0,Y|X,1
C,153,Y,137,R,2,S,2,X,30,C,2,K,3,Y,12,X,1,R,1,C,1,K,1,S,1,Y,1,"L1:[sp=C,153] Y=137,R=2,S=2,X=30,C=2,K=3 || L2:[sp=Y,12] X=1,R=1,C=1,K=1,S=1,Y=1",-5323649.0,-163323000.0,1,C|Y,1
K,15,C,1,R,3,X,60,K,27,Y,223,S,2,Y,77,R,1,C,1,S,1,Y,1,X,1,K,1,"L1:[sp=K,15] C=1,R=3,X=60,K=27,Y=223,S=2 || L2:[sp=Y,77] R=1,C=1,S=1,Y=1,X=1,K=1",-inf,-inf,0,K|Y,1
K,41,K,48,X,128,Y,141,S,3,C,3,R,2,C,3,Y,1,R,1,X,1,S,1,C,1,K,1,"L1:[sp=K,41] K=48,X=128,Y=141,S=3,C=3,R=2 || L2:[sp=C,3] Y=1,R=1,X=1,S=1,C=1,K=1",-inf,-inf,0,K|C,1
X,81,Y,121,C,1,K,54,R,1,S,3,X,37,X,15,K,1,S,1,Y,1,R,1,X,1,C,1,"L1:[sp=X,81] Y=121,C=1,K=54,R=1,S=3,X=37 || L2:[sp=X,15] K=1,S=1,Y=1,R=1,X=1,C=1",-inf,-inf,0,X|X,1
X,49,S,3,R,3,X,204,C,1,Y,144,K,55,C,1,Y,1,R,1,S,1,X,1,C,1,K,1,"L1:[sp=X,49] S=3,R=3,X=204,C=1,Y=144,K=55 || L2:[sp=C,1] Y=1,R=1,S=1,X=1,C=1,K=1",-inf,-inf,0,X|C,1
K,105,X,89,K,63,C,3,S,2,Y,126,R,2,X,11,X,1,S,1,C,1,Y,1,R,1,K,1,"L1:[sp=K,105] X=89,K=63,C=3,S=2,Y=126,R=2 || L2:[sp=X,11] X=1,S=1,C=1,Y=1,R=1,K=1",-inf,-inf,0,K|X,1
X,85,C,3,Y,46,R,1,K,23,X,218,S,1,K,7,C,1,S,1,R,1,X,1,Y,1,K,1,"L1:[sp=X,85] C=3,Y=46,R=1,K=23,X=218,S=1 || L2:[sp=K,7] C=1,S=1,R=1,X=1,Y=1,K=1",-inf,-inf,0,X|K,1
K,106,C,1,R,3,S,2,Y,218,K,38,X,210,C,1,R,1,C,1,Y,1,S,1,K,1,X,1,"L1:[sp=K,106] C=1,R=3,S=2,Y=218,K=38,X=210 || L2:[sp=C,1] R=1,C=1,Y=1,S=1,K=1,X=1",-inf,-inf,0,K|C,1
Y,46,Y,4,C,2,K,40,S,2,X,92,R,2,Y,3,C,1,X,1,R,1,Y,1,S,1,K,1,"L1:[sp=Y,46] Y=4,C=2,K=40,S=2,X=92,R=2 || L2:[sp=Y,3] C=1,X=1,R=1,Y=1,S=1,K=1",-inf,-inf,0,Y|Y,1
X,67,K,64,S,2,C,3,X,110,Y,38,R,1,X,12,S,1,Y,1,C,1,K,1,X,1,R,1,"L1:[sp=X,67] K=64,S=2,C=3,X=110,Y=38,R=1 || L2:[sp=X,12] S=1,Y=1,C=1,K=1,X=1,R=1",-inf,-inf,0,X|X,1
X,34,K,14,Y,95,R,3,S,3,X,155,C,3,Y,17,X,1,K,1,R,1,S,1,Y,1,C,1,"L1:[sp=X,34] K=14,Y=95,R=3,S=3,X=155,C=3 || L2:[sp=Y,17] X=1,K=1,R=1,S=1,Y=1,C=1",-inf,-inf,0,X|Y,1
K,17,Y,39,K,59,X,113,S,1,R,2,C,2,C,1,R,1,K,1,Y,1,X,1,C,1,S,1,"L1:[sp=K,17] Y=39,K=59,X=113,S=1,R=2,C=2 || L2:[sp=C,1] R=1,K=1,Y=1,X=1,C=1,S=1",-inf,-inf,0,K|C,1
X,82,S,1,Y,16,X,138,K,50,R,2,C,2,K,49,K,1,R,1,C,1,X,1,S,1,Y,1,"L1:[sp=X,82] S=1,Y=16,X=138,K=50,R=2,C=2 || L2:[sp=K,49] K=1,R=1,C=1,X=1,S=1,Y=1",-inf,-inf,0,X|K,1
X,155,X,169,R,2,Y,19,C,3,K,9,S,2,K,2,K,1,S,1,R,1,C,1,Y,1,X,1,"L1:[sp=X,155] X=169,R=2,Y=19,C=3,K=9,S=2 || L2:[sp=K,2] K=1,S=1,R=1,C=1,Y=1,X=1",-38831785.0,-163324000.0,1,X|K,1
C,157,K,45,C,2,S,3,R,3,X,66,Y,90,X,12,S,1,C,1,Y,1,K,1,X,1,R,1,"L1:[sp=C,157] K=45,C=2,S=3,R=3,X=66,Y=90 || L2:[sp=X,12] S=1,C=1,Y=1,K=1,X=1,R=1",-inf,-inf,0,C|X,1
C,153,Y,137,R,2,S,2,X,30,C,2,K,3,Y,12,X,1,R,1,C,1,K,1,S,1,Y,1,"L1:[sp=C,153] Y=137,R=2,S=2,X=30,C=2,K=3 || L2:[sp=Y,12] X=1,R=1,C=1,K=1,S=1,Y=1",-5323649.0,-163323000.0,1,C|Y,1
X,95,S,1,K,1,R,1,C,2,Y,1,X,1,K,7,S,1,X,1,K,1,C,1,Y,1,R,1,"L1:[sp=X,95] S=1,K=1,R=1,C=2,Y=1,X=1 || L2:[sp=K,7] S=1,X=1,K=1,C=1,Y=1,R=1",-6451201.0,-163323000.0,1,X|K,1
X,155,X,169,R,2,Y,19,C,3,K,43,S,2,K,2,K,1,S,1,R,1,C,1,Y,1,X,1,"L1:[sp=X,155] X=169,R=2,Y=19,C=3,K=43,S=2 || L2:[sp=K,2] K=1,S=1,R=1,C=1,Y=1,X=1",-inf,-inf,0,X|K,1
X,4,X,1,R,1,Y,1,S,1,K,1,C,1,C,1,R,1,Y,1,K,1,S,1,X,1,C,1,"L1:[sp=X,4] X=1,R=1,Y=1,S=1,K=1,C=1 || L2:[sp=C,1] R=1,Y=1,K=1,S=1,X=1,C=1",-1548289.0,-163323000.0,1,X|C,1
Y,153,Y,137,R,2,S,2,X,30,C,2,K,3,Y,12,X,1,R,1,S,1,K,1,C,1,Y,1,"L1:[sp=Y,153] Y=137,R=2,S=2,X=30,C=2,K=3 || L2:[sp=Y,12] X=1,R=1,S=1,K=1,C=1,Y=1",-4791425.0,-163323000.0,1,Y|Y,1
Y,153,Y,201,R,1,S,2,X,33,C,2,K,3,C,12,X,1,R,1,C,1,K,1,S,1,Y,1,"L1:[sp=Y,153] Y=201,R=1,S=2,X=33,C=2,K=3 || L2:[sp=C,12] X=1,R=1,C=1,K=1,S=1,Y=1",-53258809.0,-163323000.0,1,Y|C,1
X,155,X,30,R,1,Y,19,C,3,K,9,S,2,X,3,K,1,S,1,R,1,C,1,Y,1,X,1,"L1:[sp=X,155] X=30,R=1,Y=19,C=3,K=9,S=2 || L2:[sp=X,3] K=1,S=1,R=1,C=1,Y=1,X=1",-4258369.0,-163324000.0,1,X|X,1
C,153,Y,137,R,2,S,2,X,30,C,1,K,3,Y,12,X,1,R,1,C,1,K,1,Y,1,S,1,"L1:[sp=C,153] Y=137,R=2,S=2,X=30,C=1,K=3 || L2:[sp=Y,12] X=1,R=1,C=1,K=1,Y=1,S=1",-2662529.0,-163323000.0,1,C|Y,1
C,4,X,1,R,1,Y,1,S,1,K,1,C,1,X,84,R,1,Y,1,K,1,S,1,X,1,C,1,"L1:[sp=C,4] X=1,R=1,Y=1,S=1,K=1,C=1 || L2:[sp=X,84] R=1,Y=1,K=1,S=1,X=1,C=1",-115605505.0,-163323000.0,1,C|X,1
X,155,X,30,R,2,Y,70,C,3,K,9,S,2,K,2,K,1,S,1,R,1,C,1,Y,27,X,1,"L1:[sp=X,155] X=30,R=2,Y=70,C=3,K=9,S=2 || L2:[sp=K,2] K=1,S=1,R=1,C=1,Y=27,X=1",-inf,-inf,0,X|K,1
Y,153,Y,19,R,2,S,2,X,169,C,2,K,3,C,12,X,1,R,1,C,2,K,1,S,1,Y,1,"L1:[sp=Y,153] Y=19,R=2,S=2,X=169,C=2,K=3 || L2:[sp=C,12] X=1,R=1,C=2,K=1,S=1,Y=1",-inf,-inf,0,Y|C,1
K,95,S,1,K,1,R,1,C,1,Y,1,X,1,X,7,S,1,X,1,K,1,C,1,Y,1,R,1,"L1:[sp=K,95] S=1,K=1,R=1,C=1,Y=1,X=1 || L2:[sp=X,7] S=1,X=1,K=1,C=1,Y=1,R=1",-8128513.0,-163323000.0,1,K|X,1
X,155,X,169,R,2,Y,19,C,3,K,37,S,2,K,2,K,1,S,2,R,1,C,1,Y,1,X,1,"L1:[sp=X,155] X=169,R=2,Y=19,C=3,K=37,S=2 || L2:[sp=K,2] K=1,S=2,R=1,C=1,Y=1,X=1",-inf,-inf,0,X|K,1
X,155,X,169,R,1,Y,19,C,3,K,9,S,1,K,2,K,1,S,1,R,1,C,1,Y,1,X,1,"L1:[sp=X,155] X=169,R=1,Y=19,C=3,K=9,S=1 || L2:[sp=K,2] K=1,S=1,R=1,C=1,Y=1,X=1",-36796897.0,-163324000.0,1,X|K,1
X,95,S,2,K,1,X,1,C,1,Y,1,R,2,K,7,S,2,C,1,X,1,R,1,Y,1,K,1,"L1:[sp=X,95] S=2,K=1,X=1,C=1,Y=1,R=2 || L2:[sp=K,7] S=2,C=1,X=1,R=1,Y=1,K=1",-11988481.0,-163323000.0,1,X|K,1
X,155,X,169,R,2,Y,19,C,3,K,9,S,2,K,2,K,1,S,1,R,1,C,3,Y,12,X,1,"L1:[sp=X,155] X=169,R=2,Y=19,C=3,K=9,S=2 || L2:[sp=K,2] K=1,S=1,R=1,C=3,Y=12,X=1",-39657985.0,-163324000.0,1,X|K,1
C,153,Y,133,R,2,S,2,X,30,C,2,K,3,Y,12,X,1,R,1,C,1,K,1,S,1,Y,1,"L1:[sp=C,153] Y=133,R=2,S=2,X=30,C=2,K=3 || L2:[sp=Y,12] X=1,R=1,C=1,K=1,S=1,Y=1",-5323649.0,-163323000.0,1,C|Y,1
C,4,X,1,R,2,Y,1,S,1,K,1,C,1,X,84,R,1,Y,1,K,1,S,1,X,1,C,1,"L1:[sp=C,4] X=1,R=2,Y=1,S=1,K=1,C=1 || L2:[sp=X,84] R=1,Y=1,K=1,S=1,X=1,C=1",-153452545.0,-163323000.0,1,C|X,1
X,95,S,1,K,1,R,1,C,1,Y,1,X,177,K,7,S,1,X,1,K,1,C,1,Y,1,R,1,"L1:[sp=X,95] S=1,K=1,R=1,C=1,Y=1,X=177 || L2:[sp=K,7] S=1,X=1,K=1,C=1,Y=1,R=1",-68898817.0,-163323000.0,1,X|K,1
C,153,Y,137,R,2,S,1,X,1,C,2,K,3,Y,12,X,1,R,1,C,1,K,2,S,1,Y,1,"L1:[sp=C,153] Y=137,R=2,S=1,X=1,C=2,K=3 || L2:[sp=Y,12] X=1,R=1,C=1,K=2,S=1,Y=1",-5220097.0,-163323000.0,1,C|Y,1
X,95,S,2,K,1,R,2,C,1,X,30,Y,1,K,7,S,1,X,1,K,1,C,1,Y,1,R,1,"L1:[sp=X,95] S=2,K=1,R=2,C=1,X=30,Y=1 || L2:[sp=K,7] S=1,X=1,K=1,C=1,Y=1,R=1",-24062593.0,-163323000.0,1,X|K,1
X,4,X,1,R,1,Y,1,S,1,K,1,C,1,C,1,R,1,Y,1,K,1,S,1,X,1,C,1,"L1:[sp=X,4] X=1,R=1,Y=1,S=1,K=1,C=1 || L2:[sp=C,1] R=1,Y=1,K=1,S=1,X=1,C=1",-1548289.0,-163323000.0,1,X|C,1
Y,153,R,2,Y,137,S,2,X,30,C,1,K,3,Y,12,K,1,R,1,S,1,X,1,C,1,Y,1,"L1:[sp=Y,153] R=2,Y=137,S=2,X=30,C=1,K=3 || L2:[sp=Y,12] K=1,R=1,S=1,X=1,C=1,Y=1",-4792129.0,-163323000.0,1,Y|Y,1
X,155,X,30,K,7,Y,19,C,2,R,3,S,2,X,3,K,1,S,1,R,1,C,1,Y,1,X,1,"L1:[sp=X,155] X=30,K=7,Y=19,C=2,R=3,S=2 || L2:[sp=X,3] K=1,S=1,R=1,C=1,Y=1,X=1",-4676449.0,-163323000.0,1,X|X,1
C,153,Y,137,R,2,S,1,X,1,C,2,K,3,Y,12,X,1,R,1,C,1,K,2,S,1,Y,1,"L1:[sp=C,153] Y=137,R=2,S=1,X=1,C=2,K=3 || L2:[sp=Y,12] X=1,R=1,C=1,K=2,S=1,Y=1",-5220097.0,-163323000.0,1,C|Y,1
C,153,Y,137,R,3,S,2,X,30,C,1,K,3,Y,12,X,1,R,1,C,1,K,1,Y,1,S,1,"L1:[sp=C,153] Y=137,R=3,S=2,X=30,C=1,K=3 || L2:[sp=Y,12] X=1,R=1,C=1,K=1,Y=1,S=1",-2661825.0,-163323000.0,1,C|Y,1
X,153,Y,137,R,2,S,1,X,30,C,2,K,3,Y,12,X,1,R,1,C,1,K,1,S,1,Y,1,"L1:[sp=X,153] Y=137,R=2,S=1,X=30,C=2,K=3 || L2:[sp=Y,12] X=1,R=1,C=1,K=1,S=1,Y=1",-inf,-inf,0,X|Y,1
Y,153,Y,137,R,2,C,2,X,219,S,2,K,3,C,12,X,1,R,1,C,1,K,2,S,1,Y,1,"L1:[sp=Y,153] Y=137,R=2,C=2,X=219,S=2,K=3 || L2:[sp=C,12] X=1,R=1,C=1,K=2,S=1,Y=1",-inf,-inf,0,Y|C,1
C,153,Y,137,R,3,S,2,X,45,C,2,K,3,Y,12,X,1,R,1,C,1,K,2,S,2,Y,1,"L1:[sp=C,153] Y=137,R=3,S=2,X=45,C=2,K=3 || L2:[sp=Y,12] X=1,R=1,C=1,K=2,S=2,Y=1",-6851001.0,-163323000.0,1,C|Y,1
K,153,Y,137,R,2,S,1,X,1,C,2,K,3,Y,12,X,1,R,1,C,1,K,1,S,1,Y,1,"L1:[sp=K,153] Y=137,R=2,S=1,X=1,C=2,K=3 || L2:[sp=Y,12] X=1,R=1,C=1,K=1,S=1,Y=1",-736513.0,-163323000.0,1,K|Y,1
C,153,Y,204,R,2,S,1,X,148,C,1,K,3,Y,12,X,1,R,1,C,1,K,1,Y,1,S,1,"L1:[sp=C,153] Y=204,R=2,S=1,X=148,C=1,K=3 || L2:[sp=Y,12] X=1,R=1,C=1,K=1,Y=1,S=1",-inf,-inf,0,C|Y,1
X,155,X,186,R,1,Y,19,C,3,K,9,S,2,X,3,Y,1,S,1,R,1,C,1,K,1,X,1,"L1:[sp=X,155] X=186,R=1,Y=19,C=3,K=9,S=2 || L2:[sp=X,3] Y=1,S=1,R=1,C=1,K=1,X=1",-24386113.0,-163324000.0,1,X|X,1
C,153,Y,137,R,2,S,1,X,1,C,1,K,3,Y,12,X,1,R,1,C,1,K,2,S,1,Y,1,"L1:[sp=C,153] Y=137,R=2,S=1,X=1,C=1,K=3 || L2:[sp=Y,12] X=1,R=1,C=1,K=2,S=1,Y=1",-2639617.0,-163323000.0,1,C|Y,1
X,4,X,1,R,1,Y,1,S,3,K,1,C,1,C,1,R,1,Y,1,K,1,S,1,X,1,C,1,"L1:[sp=X,4] X=1,R=1,Y=1,S=3,K=1,C=1 || L2:[sp=C,1] R=1,Y=1,K=1,S=1,X=1,C=1",-2580481.0,-163323000.0,1,X|C,1
C,153,Y,137,R,2,S,1,X,1,C,2,K,3,Y,12,X,1,R,1,C,1,K,2,S,1,Y,1,"L1:[sp=C,153] Y=137,R=2,S=1,X=1,C=2,K=3 || L2:[sp=Y,12] X=1,R=1,C=1,K=2,S=1,Y=1",-5220097.0,-163323000.0,1,C|Y,1
X,155,X,30,R,1,Y,19,C,3,K,49,S,2,X,3,K,1,S,1,R,1,C,1,Y,1,X,1,"L1:[sp=X,155] X=30,R=1,Y=19,C=3,K=49,S=2 || L2:[sp=X,3] K=1,S=1,R=1,C=1,Y=1,X=1",-inf,-inf,0,X|X,1
X,95,S,2,K,1,R,2,C,2,Y,137,X,30,K,7,S,1,X,1,K,1,C,1,Y,1,R,1,"L1:[sp=X,95] S=2,K=1,R=2,C=2,Y=137,X=30 || L2:[sp=K,7] S=1,X=1,K=1,C=1,Y=1,R=1",-inf,-inf,0,X|K,1
Y,153,Y,1,R,1,S,1,X,1,C,2,K,7,Y,12,X,1,R,1,S,1,K,1,C,1,Y,1,"L1:[sp=Y,153] Y=1,R=1,S=1,X=1,C=2,K=7 || L2:[sp=Y,12] X=1,R=1,S=1,K=1,C=1,Y=1",-6838273.0,-163323000.0,1,Y|Y,1
X,95,S,2,K,1,R,2,C,2,Y,137,X,30,K,7,S,1,X,1,K,1,C,1,Y,1,R,1,"L1:[sp=X,95] S=2,K=1,R=2,C=2,Y=137,X=30 || L2:[sp=K,7] S=1,X=1,K=1,C=1,Y=1,R=1",-inf,-inf,0,X|K,1
Y,153,Y,1,R,1,S,3,X,1,C,2,K,3,X,1,X,1,R,1,S,1,K,1,C,1,Y,1,"L1:[sp=Y,153] Y=1,R=1,S=3,X=1,C=2,K=3 || L2:[sp=X,1] X=1,R=1,S=1,K=1,C=1,Y=1",-2360305.0,-163323000.0,1,Y|X,1
C,153,Y,137,R,2,S,2,X,30,C,2,K,3,Y,12,X,1,R,1,C,1,K,1,S,1,Y,1,"L1:[sp=C,153] Y=137,R=2,S=2,X=30,C=2,K=3 || L2:[sp=Y,12] X=1,R=1,C=1,K=1,S=1,Y=1",-5323649.0,-163323000.0,1,C|Y,1
C,153,Y,147,R,2,S,1,X,1,C,2,K,3,Y,12,X,1,R,1,C,1,K,2,S,1,Y,1,"L1:[sp=C,153] Y=147,R=2,S=1,X=1,C=2,K=3 || L2:[sp=Y,12] X=1,R=1,C=1,K=2,S=1,Y=1",-5220097.0,-163323000.0,1,C|Y,1
K,153,Y,137,R,2,S,1,X,1,C,2,K,3,Y,12,X,1,R,1,C,1,K,1,S,1,Y,1,"L1:[sp=K,153] Y=137,R=2,S=1,X=1,C=2,K=3 || L2:[sp=Y,12] X=1,R=1,C=1,K=1,S=1,Y=1",-736513.0,-163323000.0,1,K|Y,1
C,4,X,4,R,2,Y,1,S,2,K,1,C,1,X,1,R,1,Y,1,K,1,S,1,X,2,C,1,"L1:[sp=C,4] X=4,R=2,Y=1,S=2,K=1,C=1 || L2:[sp=X,1] R=1,Y=1,K=1,S=1,X=2,C=1",-74870913.0,-163323000.0,1,C|X,1
Y,153,R,1,Y,137,S,1,X,1,C,1,K,6,Y,12,K,1,R,1,S,1,X,1,C,1,Y,1,"L1:[sp=Y,153] R=1,Y=137,S=1,X=1,C=1,K=6 || L2:[sp=Y,12] K=1,R=1,S=1,X=1,C=1,Y=1",-4711393.0,-163323000.0,1,Y|Y,1
X,4,Y,1,S,1,K,25,R,1,X,1,C,1,C,1,R,1,Y,1,K,1,S,1,X,1,C,1,"L1:[sp=X,4] Y=1,S=1,K=25,R=1,X=1,C=1 || L2:[sp=C,1] R=1,Y=1,K=1,S=1,X=1,C=1",-810433.0,-163323000.0,1,X|C,1
Y,153,Y,137,R,2,S,1,X,1,C,1,K,3,C,12,X,1,S,1,C,1,K,2,R,1,Y,1,"L1:[sp=Y,153] Y=137,R=2,S=1,X=1,C=1,K=3 || L2:[sp=C,12] X=1,S=1,C=1,K=2,R=1,Y=1",-53504641.0,-163323000.0,1,Y|C,1
X,4,X,1,R,1,Y,1,C,1,K,1,S,3,C,1,R,1,Y,1,K,1,S,1,X,1,C,1,"L1:[sp=X,4] X=1,R=1,Y=1,C=1,K=1,S=3 || L2:[sp=C,1] R=1,Y=1,K=1,S=1,X=1,C=1",-2580481.0,-163323000.0,1,X|C,1
Y,153,Y,1,R,1,S,3,X,1,C,3,K,3,X,1,X,1,R,1,S,1,K,1,C,1,Y,1,"L1:[sp=Y,153] Y=1,R=1,S=3,X=1,C=3,K=3 || L2:[sp=X,1] X=1,R=1,S=1,K=1,C=1,Y=1",-2331001.0,-163323000.0,1,Y|X,1
C,153,Y,137,R,2,C,1,X,1,S,2,K,3,Y,12,X,1,R,1,C,1,K,3,S,1,Y,1,"L1:[sp=C,153] Y=137,R=2,C=1,X=1,S=2,K=3 || L2:[sp=Y,12] X=1,R=1,C=1,K=3,S=1,Y=1",-5337729.0,-163323000.0,1,C|Y,1
C,153,Y,137,R,3,S,1,X,30,C,1,K,3,Y,12,X,1,R,1,C,1,K,1,Y,1,S,1,"L1:[sp=C,153] Y=137,R=3,S=1,X=30,C=1,K=3 || L2:[sp=Y,12] X=1,R=1,C=1,K=1,Y=1,S=1",-2581537.0,-163323000.0,1,C|Y,1
C,153,Y,137,R,2,S,1,X,1,C,1,K,3,Y,12,X,1,R,1,C,1,K,3,Y,1,S,1,"L1:[sp=C,153] Y=137,R=2,S=1,X=1,C=1,K=3 || L2:[sp=Y,12] X=1,R=1,C=1,K=3,Y=1,S=1",-2720257.0,-163323000.0,1,C|Y,1
K,153,Y,137,R,3,S,2,X,30,C,1,K,3,Y,12,X,1,R,1,C,1,K,1,S,1,Y,1,"L1:[sp=K,153] Y=137,R=3,S=2,X=30,C=1,K=3 || L2:[sp=Y,12] X=1,R=1,C=1,K=1,S=1,Y=1",-inf,-inf,0,K|Y,1
C,4,X,1,R,1,Y,1,S,1,K,1,C,1,C,1,R,1,Y,1,K,1,S,1,X,1,C,1,"L1:[sp=C,4] X=1,R=1,Y=1,S=1,K=1,C=1 || L2:[sp=C,1] R=1,Y=1,K=1,S=1,X=1,C=1",-57802753.0,-163323000.0,1,C|C,1
Y,153,R,2,Y,137,S,3,X,30,C,1,K,3,Y,12,K,1,R,1,S,1,X,1,C,1,Y,1,"L1:[sp=Y,153] R=2,Y=137,S=3,X=30,C=1,K=3 || L2:[sp=Y,12] K=1,R=1,S=1,X=1,C=1,Y=1",-4936225.0,-163323000.0,1,Y|Y,1
C,153,Y,137,R,2,S,1,X,1,C,1,K,3,Y,12,X,1,R,1,C,1,K,2,S,1,Y,1,"L1:[sp=C,153] Y=137,R=2,S=1,X=1,C=1,K=3 || L2:[sp=Y,12] X=1,R=1,C=1,K=2,S=1,Y=1",-2639617.0,-163323000.0,1,C|Y,1
C,153,Y,137,R,3,S,2,X,30,C,1,K,3,Y,12,X,1,R,1,C,1,K,1,Y,1,S,1,"L1:[sp=C,153] Y=137,R=3,S=2,X=30,C=1,K=3 || L2:[sp=Y,12] X=1,R=1,C=1,K=1,Y=1,S=1",-2661825.0,-163323000.0,1,C|Y,1
X,4,X,1,R,1,Y,1,S,3,K,1,C,1,C,1,R,1,Y,1,K,1,S,1,X,1,C,1,"L1:[sp=X,4] X=1,R=1,Y=1,S=3,K=1,C=1 || L2:[sp=C,1] R=1,Y=1,K=1,S=1,X=1,C=1",-2580481.0,-163323000.0,1,X|C,1
Y,153,Y,137,R,2,S,3,X,1,C,1,K,3,C,12,X,1,R,1,C,1,K,2,S,1,Y,1,"L1:[sp=Y,153] Y=137,R=2,S=3,X=1,C=1,K=3 || L2:[sp=C,12] X=1,R=1,C=1,K=2,S=1,Y=1",-158846329.0,-163323000.0,1,Y|C,1
Y,153,Y,137,R,3,S,2,X,30,C,2,K,3,X,1,X,20,R,1,K,1,S,1,C,1,Y,1,"L1:[sp=Y,153] Y=137,R=3,S=2,X=30,C=2,K=3 || L2:[sp=X,1] X=20,R=1,K=1,S=1,C=1,Y=1",-54764481.0,-163323000.0,1,Y|X,1
C,153,Y,1,R,1,S,3,X,22,C,1,K,3,Y,12,X,1,R,1,C,1,K,3,Y,1,S,1,"L1:[sp=C,153] Y=1,R=1,S=3,X=22,C=1,K=3 || L2:[sp=Y,12] X=1,R=1,C=1,K=3,Y=1,S=1",-32628289.0,-163323000.0,1,C|Y,1
Y,153,R,2,Y,137,S,1,X,1,C,1,K,3,Y,12,K,1,R,2,S,1,X,1,C,1,Y,1,"L1:[sp=Y,153] R=2,Y=137,S=1,X=1,C=1,K=3 || L2:[sp=Y,12] K=1,R=2,S=1,X=1,C=1,Y=1",-6281857.0,-163323000.0,1,Y|Y,1
K,153,Y,137,R,2,S,1,X,1,C,2,K,3,Y,12,X,1,R,1,C,1,K,1,S,1,Y,1,"L1:[sp=K,153] Y=137,R=2,S=1,X=1,C=2,K=3 || L2:[sp=Y,12] X=1,R=1,C=1,K=1,S=1,Y=1",-736513.0,-163323000.0,1,K|Y,1
K,153,Y,137,R,2,S,1,X,1,C,2,K,3,Y,12,X,1,R,1,C,1,K,1,S,1,Y,1,"L1:[sp=K,153] Y=137,R=2,S=1,X=1,C=2,K=3 || L2:[sp=Y,12] X=1,R=1,C=1,K=1,S=1,Y=1",-736513.0,-163323000.0,1,K|Y,1
C,153,Y,137,R,3,S,2,X,30,C,3,K,3,Y,12,X,1,R,1,C,1,K,1,Y,1,S,1,"L1:[sp=C,153] Y=137,R=3,S=2,X=30,C=3,K=3 || L2:[sp=Y,12] X=1,R=1,C=1,K=1,Y=1,S=1",-7984065.0,-163323000.0,1,C|Y,1
K,153,Y,137,R,2,S,1,X,1,C,2,K,31,Y,12,X,1,R,1,C,1,K,1,S,1,Y,1,"L1:[sp=K,153] Y=137,R=2,S=1,X=1,C=2,K=31 || L2:[sp=Y,12] X=1,R=1,C=1,K=1,S=1,Y=1",-3755137.0,-163323000.0,1,K|Y,1
C,153,Y,137,R,2,S,1,X,170,C,1,K,3,Y,12,X,1,R,1,C,1,K,2,S,1,Y,1,"L1:[sp=C,153] Y=137,R=2,S=1,X=170,C=1,K=3 || L2:[sp=Y,12] X=1,R=1,C=1,K=2,S=1,Y=1",-inf,-inf,0,C|Y,1
X,4,Y,1,S,1,K,25,R,1,X,1,C,1,C,1,R,1,Y,1,X,1,S,1,K,15,C,1,"L1:[sp=X,4] Y=1,S=1,K=25,R=1,X=1,C=1 || L2:[sp=C,1] R=1,Y=1,X=1,S=1,K=15,C=1",-762049.0,-163323000.0,1,X|C,1
C,153,Y,137,R,2,S,1,X,30,C,1,K,3,Y,12,X,1,R,1,C,1,K,1,Y,1,S,1,"L1:[sp=C,153] Y=137,R=2,S=1,X=30,C=1,K=3 || L2:[sp=Y,12] X=1,R=1,C=1,K=1,Y=1,S=1",-2582593.0,-163323000.0,1,C|Y,1
X,4,Y,1,S,3,K,25,R,1,X,1,C,1,C,1,R,1,Y,1,K,1,C,1,X,1,S,1,"L1:[sp=X,4] Y=1,S=3,K=25,R=1,X=1,C=1 || L2:[sp=C,1] R=1,Y=1,K=1,C=1,X=1,S=1",-2334529.0,-163323000.0,1,X|C,1
X,4,X,1,R,1,Y,1,S,3,K,1,C,1,X,1,Y,1,R,1,K,1,S,1,X,1,C,1,"L1:[sp=X,4] X=1,R=1,Y=1,S=3,K=1,C=1 || L2:[sp=X,1] Y=1,R=1,K=1,S=1,X=1,C=1",-2580481.0,-163323000.0,1,X|X,1
C,153,Y,137,R,3,S,3,X,30,C,1,K,3,Y,12,X,1,R,1,C,1,K,1,Y,83,S,1,"L1:[sp=C,153] Y=137,R=3,S=3,X=30,C=1,K=3 || L2:[sp=Y,12] X=1,R=1,C=1,K=1,Y=83,S=1",-22756961.0,-163324000.0,1,C|Y,1
Y,153,Y,137,R,2,S,2,X,1,C,2,K,3,C,12,X,1,R,1,C,1,K,2,S,1,Y,79,"L1:[sp=Y,153] Y=137,R=2,S=2,X=1,C=2,K=3 || L2:[sp=C,12] X=1,R=1,C=1,K=2,S=1,Y=79",-70942545.0,-163323000.0,1,Y|C,1
K,153,Y,137,R,2,S,1,X,1,C,2,K,3,Y,12,X,1,R,1,C,2,K,1,S,1,Y,114,"L1:[sp=K,153] Y=137,R=2,S=1,X=1,C=2,K=3 || L2:[sp=Y,12] X=1,R=1,C=2,K=1,S=1,Y=114",-inf,-inf,0,K|Y,1
X,4,Y,1,S,1,K,25,C,1,X,1,R,1,C,1,R,1,Y,1,K,18,S,1,X,1,C,1,"L1:[sp=X,4] Y=1,S=1,K=25,C=1,X=1,R=1 || L2:[sp=C,1] R=1,Y=1,K=18,S=1,X=1,C=1",-725761.0,-163323000.0,1,X|C,1
C,153,Y,1,R,1,S,1,X,1,C,1,K,3,Y,12,X,1,R,1,C,1,K,1,S,1,Y,1,"L1:[sp=C,153] Y=1,R=1,S=1,X=1,C=1,K=3 || L2:[sp=Y,12] X=1,R=1,C=1,K=1,S=1,Y=1",-38836225.0,-163323000.0,1,C|Y,1
X,4,Y,137,S,1,K,25,R,2,X,1,C,1,C,1,R,1,Y,1,K,1,S,1,X,1,C,1,"L1:[sp=X,4] Y=137,S=1,K=25,R=2,X=1,C=1 || L2:[sp=C,1] R=1,Y=1,K=1,S=1,X=1,C=1",-inf,-inf,0,X|C,1
C,153,Y,137,R,3,S,1,X,30,C,1,K,3,K,3,X,1,R,1,C,1,K,1,Y,1,S,1,"L1:[sp=C,153] Y=137,R=3,S=1,X=30,C=1,K=3 || L2:[sp=K,3] X=1,R=1,C=1,K=1,Y=1,S=1",-10024609.0,-163323000.0,1,C|K,1
K,153,Y,137,R,2,S,1,C,2,X,1,K,3,Y,12,X,1,R,1,C,1,K,1,S,1,Y,1,"L1:[sp=K,153] Y=137,R=2,S=1,C=2,X=1,K=3 || L2:[sp=Y,12] X=1,R=1,C=1,K=1,S=1,Y=1",-736513.0,-163323000.0,1,K|Y,1
C,153,Y,1,S,3,R,1,X,1,C,1,K,3,C,1,X,1,R,1,C,1,K,1,Y,1,S,1,"L1:[sp=C,153] Y=1,S=3,R=1,X=1,C=1,K=3 || L2:[sp=C,1] X=1,R=1,C=1,K=1,Y=1,S=1",-89212033.0,-163323000.0,1,C|C,1
Y,153,K,3,R,3,S,2,X,133,C,3,Y,137,X,1,X,1,R,1,S,1,K,1,C,1,Y,1,"L1:[sp=Y,153] K=3,R=3,S=2,X=133,C=3,Y=137 || L2:[sp=X,1] X=1,R=1,S=1,K=1,C=1,Y=1",-inf,-inf,0,Y|X,1
C,153,Y,137,R,2,S,1,X,1,C,1,K,3,Y,12,X,1,R,1,C,1,K,2,S,1,Y,1,"L1:[sp=C,153] Y=137,R=2,S=1,X=1,C=1,K=3 || L2:[sp=Y,12] X=1,R=1,C=1,K=2,S=1,Y=1",-2639617.0,-163323000.0,1,C|Y,1
X,4,Y,1,S,1,K,25,X,1,R,1,C,2,C,1,R,1,Y,1,K,1,S,1,X,1,C,1,"L1:[sp=X,4] Y=1,S=1,K=25,X=1,R=1,C=2 || L2:[sp=C,1] R=1,Y=1,K=1,S=1,X=1,C=1",-798337.0,-163323000.0,1,X|C,1
X,4,Y,1,S,1,K,25,C,1,X,1,R,1,C,1,R,1,Y,1,K,18,S,1,X,1,C,1,"L1:[sp=X,4] Y=1,S=1,K=25,C=1,X=1,R=1 || L2:[sp=C,1] R=1,Y=1,K=18,S=1,X=1,C=1",-725761.0,-163323000.0,1,X|C,1
K,153,Y,137,R,2,S,1,X,30,C,1,K,3,C,1,X,1,C,1,R,1,K,1,S,1,Y,1,"L1:[sp=K,153] Y=137,R=2,S=1,X=30,C=1,K=3 || L2:[sp=C,1] X=1,C=1,R=1,K=1,S=1,Y=1",-inf,-inf,0,K|C,1
C,153,Y,137,R,2,S,1,X,1,C,2,K,3,Y,12,X,1,R,1,C,1,K,1,Y,1,S,1,"L1:[sp=C,153] Y=137,R=2,S=1,X=1,C=2,K=3 || L2:[sp=Y,12] X=1,R=1,C=1,K=1,Y=1,S=1",-5220097.0,-163323000.0,1,C|Y,1
X,4,Y,1,S,3,K,25,R,2,X,1,C,1,C,1,R,1,Y,1,K,15,S,1,X,1,C,1,"L1:[sp=X,4] Y=1,S=3,K=25,R=2,X=1,C=1 || L2:[sp=C,1] R=1,Y=1,K=15,S=1,X=1,C=1",-4343149.0,-163323000.0,1,X|C,1
K,4,Y,1,C,1,K,25,R,1,X,1,S,1,C,1,R,1,Y,1,K,1,C,1,X,1,S,1,"L1:[sp=K,4] Y=1,C=1,K=25,R=1,X=1,S=1 || L2:[sp=C,1] R=1,Y=1,K=1,C=1,X=1,S=1",-35223553.0,-163323000.0,1,K|C,1
X,4,X,1,R,1,Y,1,S,1,K,1,C,1,X,1,Y,1,R,1,K,1,S,1,X,1,C,1,"L1:[sp=X,4] X=1,R=1,Y=1,S=1,K=1,C=1 || L2:[sp=X,1] Y=1,R=1,K=1,S=1,X=1,C=1",-1548289.0,-163323000.0,1,X|X,1
X,4,X,1,S,3,K,25,R,1,Y,1,C,1,C,1,R,1,Y,1,X,1,S,1,K,15,C,1,"L1:[sp=X,4] X=1,S=3,K=25,R=1,Y=1,C=1 || L2:[sp=C,1] R=1,Y=1,X=1,S=1,K=15,C=1",-2189377.0,-163323000.0,1,X|C,1
K,153,Y,137,R,2,S,1,C,2,X,1,K,3,Y,12,X,1,R,1,C,1,K,1,S,1,Y,1,"L1:[sp=K,153] Y=137,R=2,S=1,C=2,X=1,K=3 || L2:[sp=Y,12] X=1,R=1,C=1,K=1,S=1,Y=1",-736513.0,-163323000.0,1,K|Y,1
X,4,Y,1,S,1,K,25,R,1,X,1,C,1,C,1,R,1,Y,1,X,1,S,1,K,15,C,1,"L1:[sp=X,4] Y=1,S=1,K=25,R=1,X=1,C=1 || L2:[sp=C,1] R=1,Y=1,X=1,S=1,K=15,C=1",-762049.0,-163323000.0,1,X|C,1
K,153,Y,137,R,2,S,3,C,2,X,1,K,3,Y,12,X,1,R,1,C,2,K,1,S,1,Y,1,"L1:[sp=K,153] Y=137,R=2,S=3,C=2,X=1,K=3 || L2:[sp=Y,12] X=1,R=1,C=2,K=1,S=1,Y=1",-2880673.0,-163323000.0,1,K|Y,1
X,4,Y,1,S,1,K,25,R,1,X,1,C,1,C,1,R,1,Y,1,X,1,S,1,K,15,C,1,"L1:[sp=X,4] Y=1,S=1,K=25,R=1,X=1,C=1 || L2:[sp=C,1] R=1,Y=1,X=1,S=1,K=15,C=1",-762049.0,-163323000.0,1,X|C,1
X,4,X,1,R,1,Y,199,S,1,K,1,C,2,X,1,Y,1,R,1,K,1,S,1,X,1,C,1,"L1:[sp=X,4] X=1,R=1,Y=199,S=1,K=1,C=2 || L2:[sp=X,1] Y=1,R=1,K=1,S=1,X=1,C=1",-inf,-inf,0,X|X,1
X,4,Y,1,S,3,K,25,X,1,R,1,C,1,C,1,R,1,Y,1,K,1,S,2,X,1,C,1,"L1:[sp=X,4] Y=1,S=3,K=25,X=1,R=1,C=1 || L2:[sp=C,1] R=1,Y=1,K=1,S=2,X=1,C=1",-1560385.0,-163323000.0,1,X|C,1
X,4,X,1,R,1,Y,1,S,3,K,1,C,1,X,1,Y,1,R,1,K,1,S,1,X,1,C,1,"L1:[sp=X,4] X=1,R=1,Y=1,S=3,K=1,C=1 || L2:[sp=X,1] Y=1,R=1,K=1,S=1,X=1,C=1",-2580481.0,-163323000.0,1,X|X,1
K,153,Y,137,R,2,S,1,C,1,X,1,K,3,Y,12,X,1,R,1,C,1,K,1,S,1,Y,32,"L1:[sp=K,153] Y=137,R=2,S=1,C=1,X=1,K=3 || L2:[sp=Y,12] X=1,R=1,C=1,K=1,S=1,Y=32",-2338561.0,-163323000.0,1,K|Y,1
C,153,Y,137,R,1,S,1,X,30,C,1,K,3,Y,12,X,1,R,1,C,1,K,1,Y,5,S,1,"L1:[sp=C,153] Y=137,R=1,S=1,X=30,C=1,K=3 || L2:[sp=Y,12] X=1,R=1,C=1,K=1,Y=5,S=1",-3228769.0,-163323000.0,1,C|Y,1
C,4,R,2,S,1,K,25,X,6,Y,178,C,2,X,1,R,1,Y,1,K,1,S,1,X,1,C,1,"L1:[sp=C,4] R=2,S=1,K=25,X=6,Y=178,C=2 || L2:[sp=X,1] R=1,Y=1,K=1,S=1,X=1,C=1",-58062169.0,-163323000.0,1,C|X,1
K,153,Y,137,R,3,S,1,X,1,K,3,C,2,Y,12,X,1,R,1,C,1,K,1,S,1,Y,1,"L1:[sp=K,153] Y=137,R=3,S=1,X=1,K=3,C=2 || L2:[sp=Y,12] X=1,R=1,C=1,K=1,S=1,Y=1",-731137.0,-163323000.0,1,K|Y,1
X,4,X,1,R,1,Y,1,S,3,K,1,C,1,X,1,Y,1,R,1,K,1,S,1,X,1,C,1,"L1:[sp=X,4] X=1,R=1,Y=1,S=3,K=1,C=1 || L2:[sp=X,1] Y=1,R=1,K=1,S=1,X=1,C=1",-2580481.0,-163323000.0,1,X|X,1
X,4,Y,1,S,1,K,25,X,1,R,1,C,2,C,1,R,1,Y,1,K,1,S,1,X,1,C,1,"L1:[sp=X,4] Y=1,S=1,K=25,X=1,R=1,C=2 || L2:[sp=C,1] R=1,Y=1,K=1,S=1,X=1,C=1",-798337.0,-163323000.0,1,X|C,1
K,153,Y,137,R,2,S,1,C,2,X,1,K,3,Y,12,X,1,R,1,C,1,K,1,S,1,Y,1,"L1:[sp=K,153] Y=137,R=2,S=1,C=2,X=1,K=3 || L2:[sp=Y,12] X=1,R=1,C=1,K=1,S=1,Y=1",-736513.0,-163323000.0,1,K|Y,1
X,4,Y,1,S,1,K,25,C,1,X,1,R,1,C,1,R,1,Y,1,K,18,S,1,X,1,C,1,"L1:[sp=X,4] Y=1,S=1,K=25,C=1,X=1,R=1 || L2:[sp=C,1] R=1,Y=1,K=18,S=1,X=1,C=1",-725761.0,-163323000.0,1,X|C,1
X,4,Y,1,S,1,K,32,C,1,X,1,R,1,C,1,R,1,Y,1,K,18,S,1,X,1,C,1,"L1:[sp=X,4] Y=1,S=1,K=32,C=1,X=1,R=1 || L2:[sp=C,1] R=1,Y=1,K=18,S=1,X=1,C=1",-798337.0,-163323000.0,1,X|C,1
X,4,Y,1,S,1,K,25,R,1,X,1,C,1,C,1,R,1,X,1,Y,1,S,1,K,15,C,1,"L1:[sp=X,4] Y=1,S=1,K=25,R=1,X=1,C=1 || L2:[sp=C,1] R=1,X=1,Y=1,S=1,K=15,C=1",-762049.0,-163323000.0,1,X|C,1
K,153,Y,25,R,2,S,2,C,2,X,1,K,3,Y,12,X,1,R,1,C,1,K,1,S,1,Y,1,"L1:[sp=K,153] Y=25,R=2,S=2,C=2,X=1,K=3 || L2:[sp=Y,12] X=1,R=1,C=1,K=1,S=1,Y=1",-1910665.0,-163323000.0,1,K|Y,1
X,4,Y,122,S,3,K,25,X,1,R,1,C,1,C,1,K,1,Y,1,R,1,S,2,X,1,C,1,"L1:[sp=X,4] Y=122,S=3,K=25,X=1,R=1,C=1 || L2:[sp=C,1] K=1,Y=1,R=1,S=2,X=1,C=1",-inf,-inf,0,X|C,1
X,4,Y,1,S,1,K,25,C,1,X,1,R,1,C,1,R,1,Y,1,X,1,S,1,K,15,C,1,"L1:[sp=X,4] Y=1,S=1,K=25,C=1,X=1,R=1 || L2:[sp=C,1] R=1,Y=1,X=1,S=1,K=15,C=1",-762049.0,-163323000.0,1,X|C,1
K,4,Y,1,S,3,K,25,X,1,R,1,C,1,C,1,R,1,Y,1,K,1,S,2,X,1,C,1,"L1:[sp=K,4] Y=1,S=3,K=25,X=1,R=1,C=1 || L2:[sp=C,1] R=1,Y=1,K=1,S=2,X=1,C=1",-67580353.0,-163323000.0,1,K|C,1
K,153,Y,137,R,3,S,1,X,1,K,3,C,2,K,3,X,1,R,1,C,1,K,1,S,1,Y,1,"L1:[sp=K,153] Y=137,R=3,S=1,X=1,K=3,C=2 || L2:[sp=K,3] X=1,R=1,C=1,K=1,S=1,Y=1",-1369537.0,-163323000.0,1,K|K,1
X,4,Y,1,S,1,K,25,X,1,R,1,C,2,C,1,R,1,Y,1,K,10,S,1,X,1,C,1,"L1:[sp=X,4] Y=1,S=1,K=25,X=1,R=1,C=2 || L2:[sp=C,1] R=1,Y=1,K=10,S=1,X=1,C=1",-810433.0,-163323000.0,1,X|C,1
X,4,Y,1,S,2,K,25,X,1,R,1,C,1,C,1,R,1,Y,1,K,1,S,2,X,1,C,1,"L1:[sp=X,4] Y=1,S=2,K=25,X=1,R=1,C=1 || L2:[sp=C,1] R=1,Y=1,K=1,S=2,X=1,C=1",-1056385.0,-163323000.0,1,X|C,1
C,4,X,1,R,1,Y,1,S,1,K,1,C,1,X,1,Y,1,R,1,K,1,S,1,X,1,C,1,"L1:[sp=C,4] X=1,R=1,Y=1,S=1,K=1,C=1 || L2:[sp=X,1] Y=1,R=1,K=1,S=1,X=1,C=1",-57802753.0,-163323000.0,1,C|X,1
X,4,Y,117,S,1,K,25,X,1,R,1,C,2,C,1,R,1,Y,1,K,1,S,1,X,1,C,1,"L1:[sp=X,4] Y=117,S=1,K=25,X=1,R=1,C=2 || L2:[sp=C,1] R=1,Y=1,K=1,S=1,X=1,C=1",-inf,-inf,0,X|C,1
K,153,Y,137,R,3,S,1,X,31,K,3,C,2,Y,12,X,1,R,1,C,1,K,1,S,1,Y,1,"L1:[sp=K,153] Y=137,R=3,S=1,X=31,K=3,C=2 || L2:[sp=Y,12] X=1,R=1,C=1,K=1,S=1,Y=1",-inf,-inf,0,K|Y,1
X,4,S,1,Y,1,K,25,R,1,X,1,C,1,C,1,R,1,Y,1,X,1,S,1,K,15,C,1,"L1:[sp=X,4] S=1,Y=1,K=25,R=1,X=1,C=1 || L2:[sp=C,1] R=1,Y=1,X=1,S=1,K=15,C=1",-762049.0,-163323000.0,1,X|C,1
X,4,X,1,C,1,Y,1,S,3,K,1,R,1,X,1,Y,1,R,1,X,1,S,1,K,1,C,1,"L1:[sp=X,4] X=1,C=1,Y=1,S=3,K=1,R=1 || L2:[sp=X,1] Y=1,R=1,X=1,S=1,K=1,C=1",-2580481.0,-163323000.0,1,X|X,1
K,153,Y,137,R,3,S,1,K,3,X,1,C,2,Y,12,X,1,R,1,C,1,K,1,S,1,Y,1,"L1:[sp=K,153] Y=137,R=3,S=1,K=3,X=1,C=2 || L2:[sp=Y,12] X=1,R=1,C=1,K=1,S=1,Y=1",-731137.0,-163323000.0,1,K|Y,1
X,4,Y,1,S,1,K,25,R,1,X,1,C,1,Y,1,R,1,Y,1,X,1,S,1,K,15,C,1,"L1:[sp=X,4] Y=1,S=1,K=25,R=1,X=1,C=1 || L2:[sp=Y,1] R=1,Y=1,X=1,S=1,K=15,C=1",-762049.0,-163323000.0,1,X|Y,1
Y,153,Y,137,R,2,S,1,C,2,X,1,K,3,K,12,X,1,R,1,C,1,K,3,S,1,Y,1,"L1:[sp=Y,153] Y=137,R=2,S=1,C=2,X=1,K=3 || L2:[sp=K,12] X=1,R=1,C=1,K=3,S=1,Y=1",-55144321.0,-163323000.0,1,Y|K,1
Y,4,X,1,R,1,Y,1,S,1,K,1,C,1,X,1,Y,1,R,1,K,1,S,1,X,1,C,1,"L1:[sp=Y,4] X=1,R=1,Y=1,S=1,K=1,C=1 || L2:[sp=X,1] Y=1,R=1,K=1,S=1,X=1,C=1",-1548289.0,-163323000.0,1,Y|X,1
X,4,Y,1,S,1,K,25,C,1,X,1,R,1,C,1,R,1,Y,1,K,18,S,1,X,1,C,1,"L1:[sp=X,4] Y=1,S=1,K=25,C=1,X=1,R=1 || L2:[sp=C,1] R=1,Y=1,K=18,S=1,X=1,C=1",-725761.0,-163323000.0,1,X|C,1
K,153,Y,1,S,1,R,2,K,3,X,1,C,2,Y,12,X,1,R,1,C,1,K,1,S,1,Y,1,"L1:[sp=K,153] Y=1,S=1,R=2,K=3,X=1,C=2 || L2:[sp=Y,12] X=1,R=1,C=1,K=1,S=1,Y=1",-9291073.0,-163323000.0,1,K|Y,1
X,4,Y,137,S,1,K,25,C,1,X,1,R,3,Y,137,R,1,Y,1,X,1,S,1,K,15,C,1,"L1:[sp=X,4] Y=137,S=1,K=25,C=1,X=1,R=3 || L2:[sp=Y,137] R=1,Y=1,X=1,S=1,K=15,C=1",-1100737.0,-163323000.0,1,X|Y,1
X,4,S,1,Y,1,C,1,R,1,X,1,K,25,C,1,R,1,C,1,X,1,S,1,K,8,Y,1,"L1:[sp=X,4] S=1,Y=1,C=1,R=1,X=1,K=25 || L2:[sp=C,1] R=1,C=1,X=1,S=1,K=8,Y=1",-749953.0,-163323000.0,1,X|C,1
X,4,Y,1,S,1,K,32,C,1,X,1,R,1,C,1,R,1,Y,1,K,18,S,1,X,1,C,1,"L1:[sp=X,4] Y=1,S=1,K=32,C=1,X=1,R=1 || L2:[sp=C,1] R=1,Y=1,K=18,S=1,X=1,C=1",-798337.0,-163323000.0,1,X|C,1
C,4,Y,1,S,1,K,25,C,1,X,1,R,1,C,1,R,1,Y,1,X,1,S,1,K,15,C,1,"L1:[sp=C,4] Y=1,S=1,K=25,C=1,X=1,R=1 || L2:[sp=C,1] R=1,Y=1,X=1,S=1,K=15,C=1",-28449793.0,-163323000.0,1,C|C,1
X,4,Y,1,S,1,K,32,C,1,X,1,R,1,C,1,R,1,Y,1,K,18,S,1,X,1,C,1,"L1:[sp=X,4] Y=1,S=1,K=32,C=1,X=1,R=1 || L2:[sp=C,1] R=1,Y=1,K=18,S=1,X=1,C=1",-798337.0,-163323000.0,1,X|C,1
X,4,Y,1,S,1,K,25,R,2,X,1,C,1,C,1,R,1,X,1,Y,1,S,1,K,15,C,1,"L1:[sp=X,4] Y=1,S=1,K=25,R=2,X=1,C=1 || L2:[sp=C,1] R=1,X=1,Y=1,S=1,K=15,C=1",-1469125.0,-163323000.0,1,X|C,1
X,4,Y,1,S,1,K,25,C,1,X,1,R,1,C,1,R,1,Y,1,K,18,S,1,X,1,C,1,"L1:[sp=X,4] Y=1,S=1,K=25,C=1,X=1,R=1 || L2:[sp=C,1] R=1,Y=1,K=18,S=1,X=1,C=1",-725761.0,-163323000.0,1,X|C,1
X,4,S,1,Y,1,K,25,R,1,X,12,C,1,C,1,R,1,Y,1,X,1,S,1,K,15,C,1,"L1:[sp=X,4] S=1,Y=1,K=25,R=1,X=12,C=1 || L2:[sp=C,1] R=1,Y=1,X=1,S=1,K=15,C=1",-4372705.0,-163323000.0,1,X|C,1
X,4,Y,1,S,1,K,25,C,1,X,85,R,1,C,1,R,1,Y,1,K,18,S,1,X,1,C,1,"L1:[sp=X,4] Y=1,S=1,K=25,C=1,X=85,R=1 || L2:[sp=C,1] R=1,Y=1,K=18,S=1,X=1,C=1",-29320705.0,-163323000.0,1,X|C,1
X,4,Y,1,S,1,K,25,R,1,X,15,C,1,C,1,R,1,X,1,Y,1,S,1,K,15,C,1,"L1:[sp=X,4] Y=1,S=1,K=25,R=1,X=15,C=1 || L2:[sp=C,1] R=1,X=1,Y=1,S=1,K=15,C=1",-5461345.0,-163323000.0,1,X|C,1
X,4,Y,1,S,1,K,32,C,1,X,166,R,1,C,1,R,1,Y,1,K,18,S,1,X,1,C,1,"L1:[sp=X,4] Y=1,S=1,K=32,C=1,X=166,R=1 || L2:[sp=C,1] R=1,Y=1,K=18,S=1,X=1,C=1",-64266049.0,-163323000.0,1,X|C,1
X,4,Y,1,S,1,K,32,C,1,X,181,R,1,C,1,R,1,Y,1,K,18,S,1,X,1,C,1,"L1:[sp=X,4] Y=1,S=1,K=32,C=1,X=181,R=1 || L2:[sp=C,1] R=1,Y=1,K=18,S=1,X=1,C=1",-70072129.0,-163323000.0,1,X|C,1
X,4,Y,1,S,1,K,25,R,1,X,1,C,1,C,1,R,1,C,1,X,1,S,1,K,15,Y,1,"L1:[sp=X,4] Y=1,S=1,K=25,R=1,X=1,C=1 || L2:[sp=C,1] R=1,C=1,X=1,S=1,K=15,Y=1",-762049.0,-163323000.0,1,X|C,1
X,4,Y,1,S,1,K,25,C,1,X,1,R,1,C,1,R,1,Y,1,K,18,S,1,X,1,C,1,"L1:[sp=X,4] Y=1,S=1,K=25,C=1,X=1,R=1 || L2:[sp=C,1] R=1,Y=1,K=18,S=1,X=1,C=1",-725761.0,-163323000.0,1,X|C,1
X,4,S,1,Y,1,K,25,C,1,X,1,R,1,C,1,R,1,Y,1,X,1,S,1,K,15,C,1,"L1:[sp=X,4] S=1,Y=1,K=25,C=1,X=1,R=1 || L2:[sp=C,1] R=1,Y=1,X=1,S=1,K=15,C=1",-762049.0,-163323000.0,1,X|C,1
K,153,Y,207,R,3,S,1,K,3,X,1,C,2,Y,12,X,1,R,1,C,1,K,1,S,1,Y,1,"L1:[sp=K,153] Y=207,R=3,S=1,K=3,X=1,C=2 || L2:[sp=Y,12] X=1,R=1,C=1,K=1,S=1,Y=1",-731137.0,-163323000.0,1,K|Y,1
X,4,Y,1,S,2,K,25,C,1,X,1,R,1,C,1,R,1,Y,1,K,21,S,1,C,1,X,1,"L1:[sp=X,4] Y=1,S=2,K=25,C=1,X=1,R=1 || L2:[sp=C,1] R=1,Y=1,K=21,S=1,C=1,X=1",-1330561.0,-163323000.0,1,X|C,1
K,153,Y,137,R,3,S,1,K,3,X,1,C,2,Y,12,X,1,R,1,C,2,K,1,S,1,Y,101,"L1:[sp=K,153] Y=137,R=3,S=1,K=3,X=1,C=2 || L2:[sp=Y,12] X=1,R=1,C=2,K=1,S=1,Y=101",-inf,-inf,0,K|Y,1
X,4,Y,1,S,1,K,25,C,1,X,1,R,1,C,1,R,1,Y,1,K,18,S,1,X,1,C,1,"L1:[sp=X,4] Y=1,S=1,K=25,C=1,X=1,R=1 || L2:[sp=C,1] R=1,Y=1,K=18,S=1,X=1,C=1",-725761.0,-163323000.0,1,X|C,1
X,4,S,1,Y,1,C,1,R,1,X,1,K,25,C,1,R,1,C,1,X,1,S,1,K,8,Y,1,"L1:[sp=X,4] S=1,Y=1,C=1,R=1,X=1,K=25 || L2:[sp=C,1] R=1,C=1,X=1,S=1,K=8,Y=1",-749953.0,-163323000.0,1,X|C,1
X,4,Y,1,S,1,K,25,R,1,X,1,C,1,C,1,R,1,C,1,X,1,S,1,K,15,Y,1,"L1:[sp=X,4] Y=1,S=1,K=25,R=1,X=1,C=1 || L2:[sp=C,1] R=1,C=1,X=1,S=1,K=15,Y=1",-762049.0,-163323000.0,1,X|C,1
C,4,S,2,Y,1,K,25,C,1,X,1,R,1,X,1,R,1,Y,1,X,1,S,1,K,15,C,1,"L1:[sp=C,4] S=2,Y=1,K=25,C=1,X=1,R=1 || L2:[sp=X,1] R=1,Y=1,X=1,S=1,K=15,C=1",-54847297.0,-163323000.0,1,C|X,1
X,4,Y,145,S,1,K,25,C,1,X,1,R,1,C,1,C,1,Y,1,K,21,S,1,R,1,X,1,"L1:[sp=X,4] Y=145,S=1,K=25,C=1,X=1,R=1 || L2:[sp=C,1] C=1,Y=1,K=21,S=1,R=1,X=1",-inf,-inf,0,X|C,1
X,4,S,1,Y,1,K,25,X,1,C,1,R,1,C,1,R,1,Y,1,X,1,S,1,K,15,C,1,"L1:[sp=X,4] S=1,Y=1,K=25,X=1,C=1,R=1 || L2:[sp=C,1] R=1,Y=1,X=1,S=1,K=15,C=1",-762049.0,-163323000.0,1,X|C,1
X,4,Y,1,S,1,K,32,C,1,X,1,R,1,C,1,R,1,Y,1,K,18,S,1,X,1,C,1,"L1:[sp=X,4] Y=1,S=1,K=32,C=1,X=1,R=1 || L2:[sp=C,1] R=1,Y=1,K=18,S=1,X=1,C=1",-798337.0,-163323000.0,1,X|C,1
X,4,Y,1,S,2,K,25,C,1,X,1,R,1,C,1,R,1,Y,1,K,23,S,1,X,1,C,1,"L1:[sp=X,4] Y=1,S=2,K=25,C=1,X=1,R=1 || L2:[sp=C,1] R=1,Y=1,K=23,S=1,X=1,C=1",-1282177.0,-163323000.0,1,X|C,1
K,4,Y,1,S,1,K,25,C,1,X,1,R,1,C,1,R,1,Y,1,K,21,S,1,C,1,X,1,"L1:[sp=K,4] Y=1,S=1,K=25,C=1,X=1,R=1 || L2:[sp=C,1] R=1,Y=1,K=21,S=1,C=1,X=1",-35223553.0,-163323000.0,1,K|C,1
X,4,Y,8,S,1,K,25,R,1,X,1,C,1,C,1,R,1,C,1,X,1,S,1,K,21,Y,1,"L1:[sp=X,4] Y=8,S=1,K=25,R=1,X=1,C=1 || L2:[sp=C,1] R=1,C=1,X=1,S=1,K=21,Y=1",-657721.0,-163323000.0,1,X|C,1
X,4,X,1,S,1,K,32,C,1,Y,1,R,1,C,1,R,1,Y,1,K,18,S,1,X,1,C,1,"L1:[sp=X,4] X=1,S=1,K=32,C=1,Y=1,R=1 || L2:[sp=C,1] R=1,Y=1,K=18,S=1,X=1,C=1",-798337.0,-163323000.0,1,X|C,1
X,4,S,1,Y,1,K,25,C,2,X,151,R,1,C,1,R,1,Y,1,X,1,S,1,K,15,C,1,"L1:[sp=X,4] S=1,Y=1,K=25,C=2,X=151,R=1 || L2:[sp=C,1] R=1,Y=1,X=1,S=1,K=15,C=1",-54806977.0,-163323000.0,1,X|C,1
X,4,Y,1,S,2,K,25,C,1,X,1,R,1,C,1,R,1,Y,1,K,21,S,1,C,1,X,1,"L1:[sp=X,4] Y=1,S=2,K=25,C=1,X=1,R=1 || L2:[sp=C,1] R=1,Y=1,K=21,S=1,C=1,X=1",-1330561.0,-163323000.0,1,X|C,1
X,4,Y,137,S,1,K,25,X,1,R,3,C,1,C,1,R,1,C,1,X,1,S,1,K,15,Y,1,"L1:[sp=X,4] Y=137,S=1,K=25,X=1,R=3,C=1 || L2:[sp=C,1] R=1,C=1,X=1,S=1,K=15,Y=1",-inf,-inf,0,X|C,1
X,4,Y,1,S,1,K,25,C,1,X,97,R,1,Y,137,R,1,Y,1,X,1,S,1,K,8,C,1,"L1:[sp=X,4] Y=1,S=1,K=25,C=1,X=97,R=1 || L2:[sp=Y,137] R=1,Y=1,X=1,S=1,K=8,C=1",-79984801.0,-163323000.0,1,X|Y,1
X,4,Y,137,S,1,K,25,C,1,X,1,R,3,Y,137,R,1,Y,1,X,1,S,1,K,4,C,1,"L1:[sp=X,4] Y=137,S=1,K=25,C=1,X=1,R=3 || L2:[sp=Y,137] R=1,Y=1,X=1,S=1,K=4,C=1",-1155169.0,-163323000.0,1,X|Y,1
X,153,Y,39,R,3,K,3,S,1,X,1,C,2,Y,12,X,1,R,1,C,1,K,1,S,1,Y,1,"L1:[sp=X,153] Y=39,R=3,K=3,S=1,X=1,C=2 || L2:[sp=Y,12] X=1,R=1,C=1,K=1,S=1,Y=1",-648577.0,-163323000.0,1,X|Y,1
X,4,Y,1,S,1,K,25,R,1,X,1,C,1,C,1,R,1,C,1,X,1,S,1,K,15,Y,1,"L1:[sp=X,4] Y=1,S=1,K=25,R=1,X=1,C=1 || L2:[sp=C,1] R=1,C=1,X=1,S=1,K=15,Y=1",-762049.0,-163323000.0,1,X|C,1
X,153,Y,39,R,3,K,3,S,1,X,1,C,2,Y,12,X,1,R,1,C,1,K,1,S,1,Y,1,"L1:[sp=X,153] Y=39,R=3,K=3,S=1,X=1,C=2 || L2:[sp=Y,12] X=1,R=1,C=1,K=1,S=1,Y=1",-648577.0,-163323000.0,1,X|Y,1
C,4,S,1,Y,1,K,25,X,130,C,1,R,1,Y,1,R,1,Y,1,X,1,S,1,K,15,C,1,"L1:[sp=C,4] S=1,Y=1,K=25,X=130,C=1,R=1 || L2:[sp=Y,1] R=1,Y=1,X=1,S=1,K=15,C=1",-27107137.0,-163323000.0,1,C|Y,1
X,4,Y,8,S,1,K,25,R,1,X,5,C,1,X,1,R,1,C,1,X,1,S,1,K,21,Y,1,"L1:[sp=X,4] Y=8,S=1,K=25,R=1,X=5,C=1 || L2:[sp=X,1] R=1,C=1,X=1,S=1,K=21,Y=1",-1635229.0,-163324000.0,1,X|X,1
X,4,C,1,S,1,K,25,Y,1,X,1,R,1,C,1,R,1,Y,1,K,18,S,1,X,1,C,1,"L1:[sp=X,4] C=1,S=1,K=25,Y=1,X=1,R=1 || L2:[sp=C,1] R=1,Y=1,K=18,S=1,X=1,C=1",-725761.0,-163323000.0,1,X|C,1
X,4,X,1,S,1,K,32,C,1,Y,1,R,1,C,1,R,1,Y,1,K,18,S,1,X,1,C,1,"L1:[sp=X,4] X=1,S=1,K=32,C=1,Y=1,R=1 || L2:[sp=C,1] R=1,Y=1,K=18,S=1,X=1,C=1",-798337.0,-163323000.0,1,X|C,1
X,4,Y,1,S,1,K,25,C,1,X,1,R,1,C,1,R,1,C,1,X,1,S,1,K,15,Y,1,"L1:[sp=X,4] Y=1,S=1,K=25,C=1,X=1,R=1 || L2:[sp=C,1] R=1,C=1,X=1,S=1,K=15,Y=1",-762049.0,-163323000.0,1,X|C,1
X,4,S,1,Y,1,C,1,R,1,X,1,K,25,X,1,R,1,C,1,X,1,S,1,K,8,Y,1,"L1:[sp=X,4] S=1,Y=1,C=1,R=1,X=1,K=25 || L2:[sp=X,1] R=1,C=1,X=1,S=1,K=8,Y=1",-749953.0,-163323000.0,1,X|X,1
X,4,X,114,S,1,K,32,C,1,Y,1,R,1,C,1,X,1,Y,1,K,18,R,1,S,1,C,1,"L1:[sp=X,4] X=114,S=1,K=32,C=1,Y=1,R=1 || L2:[sp=C,1] X=1,Y=1,K=18,R=1,S=1,C=1",-44138305.0,-163323000.0,1,X|C,1
C,4,Y,1,S,1,K,32,C,3,X,1,R,1,X,1,R,1,Y,1,K,18,S,1,X,1,C,1,"L1:[sp=C,4] Y=1,S=1,K=32,C=3,X=1,R=1 || L2:[sp=X,1] R=1,Y=1,K=18,S=1,X=1,C=1",-87607297.0,-163323000.0,1,C|X,1
X,4,Y,39,S,1,K,25,R,3,X,1,C,2,C,1,S,1,C,1,X,1,R,1,K,15,Y,1,"L1:[sp=X,4] Y=39,S=1,K=25,R=3,X=1,C=2 || L2:[sp=C,1] S=1,C=1,X=1,R=1,K=15,Y=1",-inf,-inf,0,X|C,1
X,153,Y,1,R,1,K,3,S,1,X,1,C,1,Y,12,X,1,R,1,C,1,K,1,S,1,Y,1,"L1:[sp=X,153] Y=1,R=1,K=3,S=1,X=1,C=1 || L2:[sp=Y,12] X=1,R=1,C=1,K=1,S=1,Y=1",-8322049.0,-163323000.0,1,X|Y,1
X,4,X,1,S,1,K,32,C,1,Y,87,R,1,C,1,R,1,Y,1,K,18,S,1,X,1,C,1,"L1:[sp=X,4] X=1,S=1,K=32,C=1,Y=87,R=1 || L2:[sp=C,1] R=1,Y=1,K=18,S=1,X=1,C=1",-inf,-inf,0,X|C,1
X,4,S,1,Y,1,C,3,R,1,X,1,K,25,C,1,R,1,C,1,X,1,S,1,K,8,Y,1,"L1:[sp=X,4] S=1,Y=1,C=3,R=1,X=1,K=25 || L2:[sp=C,1] R=1,C=1,X=1,S=1,K=8,Y=1",-725761.0,-163323000.0,1,X|C,1
X,4,Y,39,S,1,K,32,C,1,X,1,R,3,C,1,R,1,Y,1,K,18,S,1,X,1,C,1,"L1:[sp=X,4] Y=39,S=1,K=32,C=1,X=1,R=3 || L2:[sp=C,1] R=1,Y=1,K=18,S=1,X=1,C=1",-inf,-inf,0,X|C,1
X,153,Y,160,R,1,K,3,S,1,X,1,C,1,Y,12,X,1,R,1,C,1,K,1,S,1,Y,1,"L1:[sp=X,153] Y=160,R=1,K=3,S=1,X=1,C=1 || L2:[sp=Y,12] X=1,R=1,C=1,K=1,S=1,Y=1",-571969.0,-163323000.0,1,X|Y,1
X,4,Y,1,S,1,K,25,C,1,X,1,R,1,C,1,R,1,Y,1,C,1,S,1,X,1,K,9,"L1:[sp=X,4] Y=1,S=1,K=25,C=1,X=1,R=1 || L2:[sp=C,1] R=1,Y=1,C=1,S=1,X=1,K=9",-834625.0,-163323000.0,1,X|C,1
K,4,Y,1,S,1,K,25,R,1,X,1,C,1,C,1,R,1,C,1,X,1,K,15,S,1,Y,1,"L1:[sp=K,4] Y=1,S=1,K=25,R=1,X=1,C=1 || L2:[sp=C,1] R=1,C=1,X=1,K=15,S=1,Y=1",-35223553.0,-163323000.0,1,K|C,1
X,4,X,1,S,1,K,32,C,1,Y,1,R,1,C,1,R,1,Y,1,K,18,S,1,X,1,C,1,"L1:[sp=X,4] X=1,S=1,K=32,C=1,Y=1,R=1 || L2:[sp=C,1] R=1,Y=1,K=18,S=1,X=1,C=1",-798337.0,-163323000.0,1,X|C,1
X,153,Y,160,R,1,K,3,S,1,X,1,C,1,Y,12,X,1,R,1,C,1,K,1,S,1,Y,1,"L1:[sp=X,153] Y=160,R=1,K=3,S=1,X=1,C=1 || L2:[sp=Y,12] X=1,R=1,C=1,K=1,S=1,Y=1",-571969.0,-163323000.0,1,X|Y,1
X,4,Y,1,S,1,K,25,C,2,X,1,R,1,C,1,R,1,C,1,Y,1,S,1,X,1,K,9,"L1:[sp=X,4] Y=1,S=1,K=25,C=2,X=1,R=1 || L2:[sp=C,1] R=1,C=1,Y=1,S=1,X=1,K=9",-822529.0,-163323000.0,1,X|C,1
X,4,X,1,S,3,K,32,C,1,Y,1,R,1,C,1,R,1,Y,1,K,18,S,1,X,1,C,1,"L1:[sp=X,4] X=1,S=3,K=32,C=1,Y=1,R=1 || L2:[sp=C,1] R=1,Y=1,K=18,S=1,X=1,C=1",-2330497.0,-163323000.0,1,X|C,1
X,4,X,1,S,1,K,32,C,1,Y,1,R,1,K,8,R,1,Y,1,K,18,S,1,X,1,C,1,"L1:[sp=X,4] X=1,S=1,K=32,C=1,Y=1,R=1 || L2:[sp=K,8] R=1,Y=1,K=18,S=1,X=1,C=1",-2528065.0,-163323000.0,1,X|K,1
X,4,R,1,S,1,K,25,Y,1,X,1,C,1,C,1,R,1,Y,1,K,18,S,1,X,1,C,1,"L1:[sp=X,4] R=1,S=1,K=25,Y=1,X=1,C=1 || L2:[sp=C,1] R=1,Y=1,K=18,S=1,X=1,C=1",-725761.0,-163323000.0,1,X|C,1
X,4,S,1,Y,1,C,3,R,1,X,1,K,25,C,1,C,1,Y,1,X,1,S,1,K,8,R,1,"L1:[sp=X,4] S=1,Y=1,C=3,R=1,X=1,K=25 || L2:[sp=C,1] C=1,Y=1,X=1,S=1,K=8,R=1",-725761.0,-163323000.0,1,X|C,1
X,4,C,1,S,1,K,25,Y,1,X,222,R,1,C,1,R,1,Y,1,K,18,S,1,X,1,C,1,"L1:[sp=X,4] C=1,S=1,K=25,Y=1,X=222,R=1 || L2:[sp=C,1] R=1,Y=1,K=18,S=1,X=1,C=1",-76549537.0,-163323000.0,1,X|C,1
X,4,Y,1,S,1,K,25,C,1,X,1,R,3,C,1,R,1,C,1,X,1,S,1,K,15,Y,1,"L1:[sp=X,4] Y=1,S=1,K=25,C=1,X=1,R=3 || L2:[sp=C,1] R=1,C=1,X=1,S=1,K=15,Y=1",-2169829.0,-163323000.0,1,X|C,1
X,153,Y,39,R,1,K,3,S,1,X,1,C,2,Y,12,X,1,R,1,C,1,K,1,S,1,Y,1,"L1:[sp=X,153] Y=39,R=1,K=3,S=1,X=1,C=2 || L2:[sp=Y,12] X=1,R=1,C=1,K=1,S=1,Y=1",-673921.0,-163323000.0,1,X|Y,1
X,4,Y,1,S,1,K,25,X,148,C,1,R,1,C,1,Y,1,C,1,X,1,S,1,K,15,R,1,"L1:[sp=X,4] Y=1,S=1,K=25,X=148,C=1,R=1 || L2:[sp=C,1] Y=1,C=1,X=1,S=1,K=15,R=1",-53724385.0,-163323000.0,1,X|C,1
X,4,S,1,Y,1,C,1,R,1,X,1,K,25,X,1,R,1,C,1,X,1,S,1,K,8,Y,1,"L1:[sp=X,4] S=1,Y=1,C=1,R=1,X=1,K=25 || L2:[sp=X,1] R=1,C=1,X=1,S=1,K=8,Y=1",-749953.0,-163323000.0,1,X|X,1
X,4,Y,1,S,1,K,25,C,1,X,1,R,1,C,1,R,1,Y,1,C,1,S,1,X,1,K,18,"L1:[sp=X,4] Y=1,S=1,K=25,C=1,X=1,R=1 || L2:[sp=C,1] R=1,Y=1,C=1,S=1,X=1,K=18",-725761.0,-163323000.0,1,X|C,1
X,4,Y,159,S,1,K,25,C,1,X,1,R,1,C,1,R,1,C,1,X,1,S,1,K,2,Y,150,"L1:[sp=X,4] Y=159,S=1,K=25,C=1,X=1,R=1 || L2:[sp=C,1] R=1,C=1,X=1,S=1,K=2,Y=150",-inf,-inf,0,X|C,1
C,4,X,84,S,1,K,32,C,1,Y,1,R,1,X,1,R,1,Y,1,K,18,C,1,X,15,S,1,"L1:[sp=C,4] X=84,S=1,K=32,C=1,Y=1,R=1 || L2:[sp=X,1] R=1,Y=1,K=18,C=1,X=15,S=1",-inf,-inf,0,C|X,1
C,4,S,1,Y,1,C,3,R,1,X,191,K,25,C,1,R,1,C,3,X,1,S,1,K,8,Y,1,"L1:[sp=C,4] S=1,Y=1,C=3,R=1,X=191,K=25 || L2:[sp=C,1] R=1,C=3,X=1,S=1,K=8,Y=1",-79942465.0,-163323000.0,1,C|C,1
K,4,Y,1,S,1,K,25,C,1,X,1,R,1,C,1,R,1,C,1,X,1,S,1,K,15,Y,1,"L1:[sp=K,4] Y=1,S=1,K=25,C=1,X=1,R=1 || L2:[sp=C,1] R=1,C=1,X=1,S=1,K=15,Y=1",-35223553.0,-163323000.0,1,K|C,1
X,153,Y,39,S,1,K,3,R,3,X,1,C,2,C,2,X,1,R,1,C,1,K,1,S,1,Y,1,"L1:[sp=X,153] Y=39,S=1,K=3,R=3,X=1,C=2 || L2:[sp=C,2] X=1,R=1,C=1,K=1,S=1,Y=1",-811081.0,-163323000.0,1,X|C,1
X,4,Y,1,S,1,K,25,C,1,X,1,R,1,K,1,R,1,C,1,X,1,S,1,K,4,Y,1,"L1:[sp=X,4] Y=1,S=1,K=25,C=1,X=1,R=1 || L2:[sp=K,1] R=1,C=1,X=1,S=1,K=4,Y=1",-798337.0,-163323000.0,1,X|K,1
X,153,Y,160,R,1,K,3,S,1,X,1,C,1,Y,12,X,1,R,1,C,1,K,1,S,1,Y,1,"L1:[sp=X,153] Y=160,R=1,K=3,S=1,X=1,C=1 || L2:[sp=Y,12] X=1,R=1,C=1,K=1,S=1,Y=1",-571969.0,-163323000.0,1,X|Y,1
Y,153,Y,39,R,1,K,3,S,1,X,1,C,2,X,3,X,1,R,1,C,2,K,1,S,1,Y,1,"L1:[sp=Y,153] Y=39,R=1,K=3,S=1,X=1,C=2 || L2:[sp=X,3] X=1,R=1,C=2,K=1,S=1,Y=1",-20216449.0,-163323000.0,1,Y|X,1
X,4,Y,1,S,3,K,25,C,1,X,1,R,2,C,1,R,1,Y,1,C,1,S,1,X,1,K,18,"L1:[sp=X,4] Y=1,S=3,K=25,C=1,X=1,R=2 || L2:[sp=C,1] R=1,Y=1,C=1,S=1,X=1,K=18",-4126393.0,-163323000.0,1,X|C,1
X,153,Y,39,R,1,K,3,S,1,X,1,C,2,Y,12,X,1,R,1,C,2,K,1,S,1,Y,1,"L1:[sp=X,153] Y=39,R=1,K=3,S=1,X=1,C=2 || L2:[sp=Y,12] X=1,R=1,C=2,K=1,S=1,Y=1",-885889.0,-163323000.0,1,X|Y,1
Y,153,Y,160,R,1,K,3,S,1,X,1,C,1,X,12,X,1,R,1,C,1,K,1,S,1,Y,1,"L1:[sp=Y,153] Y=160,R=1,K=3,S=1,X=1,C=1 || L2:[sp=X,12] X=1,R=1,C=1,K=1,S=1,Y=1",-62064577.0,-163323000.0,1,Y|X,1
X,153,Y,39,S,1,K,3,R,3,X,53,C,3,C,2,X,1,R,1,C,1,K,1,S,1,Y,39,"L1:[sp=X,153] Y=39,S=1,K=3,R=3,X=53,C=3 || L2:[sp=C,2] X=1,R=1,C=1,K=1,S=1,Y=39",-12638989.0,-163324000.0,1,X|C,1
X,4,Y,1,S,1,X,132,C,1,K,25,R,1,C,1,R,1,Y,1,C,1,S,1,X,1,K,18,"L1:[sp=X,4] Y=1,S=1,X=132,C=1,K=25,R=1 || L2:[sp=C,1] R=1,Y=1,C=1,S=1,X=1,K=18",-45523297.0,-163323000.0,1,X|C,1
X,4,S,1,Y,1,C,3,R,1,X,1,K,25,C,1,C,1,Y,1,X,1,S,1,K,8,R,1,"L1:[sp=X,4] S=1,Y=1,C=3,R=1,X=1,K=25 || L2:[sp=C,1] C=1,Y=1,X=1,S=1,K=8,R=1",-725761.0,-163323000.0,1,X|C,1
X,153,Y,39,R,1,K,3,S,1,X,1,C,2,X,1,X,1,R,1,Y,1,K,1,S,1,C,1,"L1:[sp=X,153] Y=39,R=1,K=3,S=1,X=1,C=2 || L2:[sp=X,1] X=1,R=1,Y=1,K=1,S=1,C=1",-778897.0,-163323000.0,1,X|X,1
X,4,Y,103,S,3,K,25,C,1,X,1,R,1,K,1,R,1,C,1,X,1,S,2,K,4,Y,1,"L1:[sp=X,4] Y=103,S=3,K=25,C=1,X=1,R=1 || L2:[sp=K,1] R=1,C=1,X=1,S=2,K=4,Y=1",-inf,-inf,0,X|K,1
X,4,Y,1,S,1,C,1,R,1,X,1,K,25,X,1,R,1,K,8,X,1,C,1,S,1,Y,1,"L1:[sp=X,4] Y=1,S=1,C=1,R=1,X=1,K=25 || L2:[sp=X,1] R=1,K=8,X=1,C=1,S=1,Y=1",-749953.0,-163323000.0,1,X|X,1
X,4,S,1,Y,1,C,3,R,2,X,1,K,25,C,1,C,1,Y,1,X,1,S,1,K,8,R,1,"L1:[sp=X,4] S=1,Y=1,C=3,R=2,X=1,K=25 || L2:[sp=C,1] C=1,Y=1,X=1,S=1,K=8,R=1",-1428985.0,-163323000.0,1,X|C,1
X,4,S,1,Y,1,C,3,R,1,X,1,K,25,X,1,R,1,C,1,X,1,S,1,K,8,Y,1,"L1:[sp=X,4] S=1,Y=1,C=3,R=1,X=1,K=25 || L2:[sp=X,1] R=1,C=1,X=1,S=1,K=8,Y=1",-725761.0,-163323000.0,1,X|X,1
X,153,Y,39,R,1,K,3,S,1,X,1,C,2,Y,12,X,1,R,1,C,1,K,1,S,1,Y,1,"L1:[sp=X,153] Y=39,R=1,K=3,S=1,X=1,C=2 || L2:[sp=Y,12] X=1,R=1,C=1,K=1,S=1,Y=1",-673921.0,-163323000.0,1,X|Y,1
X,153,Y,39,S,1,K,3,R,3,X,1,C,2,C,2,X,1,R,1,C,1,K,1,S,1,Y,1,"L1:[sp=X,153] Y=39,S=1,K=3,R=3,X=1,C=2 || L2:[sp=C,2] X=1,R=1,C=1,K=1,S=1,Y=1",-811081.0,-163323000.0,1,X|C,1
X,4,R,1,S,1,K,25,Y,1,X,1,C,1,C,1,R,1,Y,1,K,18,S,1,X,1,C,1,"L1:[sp=X,4] R=1,S=1,K=25,Y=1,X=1,C=1 || L2:[sp=C,1] R=1,Y=1,K=18,S=1,X=1,C=1",-725761.0,-163323000.0,1,X|C,1
X,4,X,1,S,1,R,1,C,1,Y,1,K,25,C,1,R,1,Y,1,C,1,S,1,X,1,K,18,"L1:[sp=X,4] X=1,S=1,R=1,C=1,Y=1,K=25 || L2:[sp=C,1] R=1,Y=1,C=1,S=1,X=1,K=18",-725761.0,-163323000.0,1,X|C,1
X,4,R,3,S,1,K,25,Y,218,X,1,C,1,C,1,R,1,Y,1,K,18,S,1,X,1,C,1,"L1:[sp=X,4] R=3,S=1,K=25,Y=218,X=1,C=1 || L2:[sp=C,1] R=1,Y=1,K=18,S=1,X=1,C=1",-inf,-inf,0,X|C,1
X,153,Y,39,S,1,C,2,R,1,X,1,K,3,C,2,X,1,R,1,C,1,K,1,S,1,Y,1,"L1:[sp=X,153] Y=39,S=1,C=2,R=1,X=1,K=3 || L2:[sp=C,2] X=1,R=1,C=1,K=1,S=1,Y=1",-781273.0,-163323000.0,1,X|C,1
X,153,Y,160,R,1,K,3,S,1,X,1,C,1,Y,12,X,1,R,1,C,1,K,1,S,1,Y,1,"L1:[sp=X,153] Y=160,R=1,K=3,S=1,X=1,C=1 || L2:[sp=Y,12] X=1,R=1,C=1,K=1,S=1,Y=1",-571969.0,-163323000.0,1,X|Y,1
Y,153,Y,160,R,1,K,3,S,1,X,1,C,1,X,12,X,1,R,1,C,1,K,1,S,1,Y,1,"L1:[sp=Y,153] Y=160,R=1,K=3,S=1,X=1,C=1 || L2:[sp=X,12] X=1,R=1,C=1,K=1,S=1,Y=1",-62064577.0,-163323000.0,1,Y|X,1
X,4,K,25,S,1,R,1,Y,151,X,1,C,1,C,1,R,1,Y,1,K,18,S,1,X,1,C,1,"L1:[sp=X,4] K=25,S=1,R=1,Y=151,X=1,C=1 || L2:[sp=C,1] R=1,Y=1,K=18,S=1,X=1,C=1",-inf,-inf,0,X|C,1
X,4,X,1,S,1,R,1,C,2,Y,1,K,11,C,1,Y,1,R,1,C,1,S,1,X,1,K,11,"L1:[sp=X,4] X=1,S=1,R=1,C=2,Y=1,K=11 || L2:[sp=C,1] Y=1,R=1,C=1,S=1,X=1,K=11",-846721.0,-163323000.0,1,X|C,1
X,4,S,1,Y,8,C,3,R,1,X,1,K,25,C,1,C,1,Y,1,X,1,S,1,K,8,R,1,"L1:[sp=X,4] S=1,Y=8,C=3,R=1,X=1,K=25 || L2:[sp=C,1] C=1,Y=1,X=1,S=1,K=8,R=1",-715177.0,-163323000.0,1,X|C,1
X,4,Y,1,S,1,C,3,R,1,X,1,K,25,X,1,R,1,K,8,X,1,C,1,S,1,Y,1,"L1:[sp=X,4] Y=1,S=1,C=3,R=1,X=1,K=25 || L2:[sp=X,1] R=1,K=8,X=1,C=1,S=1,Y=1",-725761.0,-163323000.0,1,X|X,1
C,4,R,1,S,1,K,25,Y,1,X,148,C,1,X,1,R,1,Y,1,K,18,S,1,X,1,C,1,"L1:[sp=C,4] R=1,S=1,K=25,Y=1,X=148,C=1 || L2:[sp=X,1] R=1,Y=1,K=18,S=1,X=1,C=1",-25752385.0,-163323000.0,1,C|X,1
X,4,S,1,Y,1,C,1,R,1,X,1,K,25,C,1,C,1,Y,1,X,1,S,1,K,8,R,1,"L1:[sp=X,4] S=1,Y=1,C=1,R=1,X=1,K=25 || L2:[sp=C,1] C=1,Y=1,X=1,S=1,K=8,R=1",-749953.0,-163323000.0,1,X|C,1
X,153,Y,39,R,1,K,3,S,1,X,110,C,2,X,1,X,1,R,1,Y,1,K,1,S,1,C,2,"L1:[sp=X,153] Y=39,R=1,K=3,S=1,X=110,C=2 || L2:[sp=X,1] X=1,R=1,Y=1,K=1,S=1,C=2",-56772937.0,-163324000.0,1,X|X,1
X,4,R,1,S,1,K,25,Y,1,X,1,C,3,C,1,R,1,Y,1,K,18,S,1,X,1,C,1,"L1:[sp=X,4] R=1,S=1,K=25,Y=1,X=1,C=3 || L2:[sp=C,1] R=1,Y=1,K=18,S=1,X=1,C=1",-701569.0,-163323000.0,1,X|C,1
X,4,S,2,Y,1,C,3,R,2,X,1,K,25,C,1,C,1,Y,1,K,8,S,1,X,1,R,1,"L1:[sp=X,4] S=2,Y=1,C=3,R=2,X=1,K=25 || L2:[sp=C,1] C=1,Y=1,K=8,S=1,X=1,R=1",-2847265.0,-163323000.0,1,X|C,1
X,153,Y,39,R,1,K,3,S,1,X,1,C,2,Y,12,X,1,R,1,C,1,K,1,S,1,Y,1,"L1:[sp=X,153] Y=39,R=1,K=3,S=1,X=1,C=2 || L2:[sp=Y,12] X=1,R=1,C=1,K=1,S=1,Y=1",-673921.0,-163323000.0,1,X|Y,1
X,4,X,40,S,1,R,1,C,1,Y,1,K,25,C,1,R,1,Y,1,K,18,S,1,X,1,C,1,"L1:[sp=X,4] X=40,S=1,R=1,C=1,Y=1,K=25 || L2:[sp=C,1] R=1,Y=1,K=18,S=1,X=1,C=1",-13807585.0,-163323000.0,1,X|C,1
X,4,S,1,C,3,Y,1,R,1,X,1,K,25,C,1,C,1,Y,1,X,1,S,1,R,1,K,8,"L1:[sp=X,4] S=1,C=3,Y=1,R=1,X=1,K=25 || L2:[sp=C,1] C=1,Y=1,X=1,S=1,R=1,K=8",-725761.0,-163323000.0,1,X|C,1
X,4,R,1,S,1,K,25,Y,1,X,1,C,1,X,1,R,1,Y,1,K,18,S,1,X,1,C,1,"L1:[sp=X,4] R=1,S=1,K=25,Y=1,X=1,C=1 || L2:[sp=X,1] R=1,Y=1,K=18,S=1,X=1,C=1",-725761.0,-163323000.0,1,X|X,1
X,4,Y,1,S,1,C,2,R,1,X,1,K,25,C,1,S,1,Y,1,X,1,C,1,K,8,R,1,"L1:[sp=X,4] Y=1,S=1,C=2,R=1,X=1,K=25 || L2:[sp=C,1] S=1,Y=1,X=1,C=1,K=8,R=1",-737857.0,-163323000.0,1,X|C,1
C,4,S,1,Y,1,C,3,R,1,X,1,K,25,X,1,R,1,C,1,X,1,S,1,K,8,Y,1,"L1:[sp=C,4] S=1,Y=1,C=3,R=1,X=1,K=25 || L2:[sp=X,1] R=1,C=1,X=1,S=1,K=8,Y=1",-81285121.0,-163323000.0,1,C|X,1
K,4,Y,1,S,1,C,1,R,1,X,1,K,25,X,1,R,1,K,8,X,1,C,1,S,1,Y,1,"L1:[sp=K,4] Y=1,S=1,C=1,R=1,X=1,K=25 || L2:[sp=X,1] R=1,K=8,X=1,C=1,S=1,Y=1",-35223553.0,-163323000.0,1,K|X,1
X,4,S,1,Y,1,C,3,R,1,X,1,K,25,X,1,R,1,C,1,X,1,S,1,K,8,Y,1,"L1:[sp=X,4] S=1,Y=1,C=3,R=1,X=1,K=25 || L2:[sp=X,1] R=1,C=1,X=1,S=1,K=8,Y=1",-725761.0,-163323000.0,1,X|X,1
X,153,Y,160,R,1,K,3,S,1,X,1,C,1,Y,12,X,1,R,1,C,1,K,1,S,1,Y,1,"L1:[sp=X,153] Y=160,R=1,K=3,S=1,X=1,C=1 || L2:[sp=Y,12] X=1,R=1,C=1,K=1,S=1,Y=1",-571969.0,-163323000.0,1,X|Y,1
X,153,Y,160,R,1,K,3,S,1,X,1,C,1,Y,12,X,1,R,1,C,1,K,1,S,1,Y,1,"L1:[sp=X,153] Y=160,R=1,K=3,S=1,X=1,C=1 || L2:[sp=Y,12] X=1,R=1,C=1,K=1,S=1,Y=1",-571969.0,-163323000.0,1,X|Y,1
X,4,S,1,Y,152,C,3,R,2,X,1,K,25,C,1,C,1,Y,1,X,1,S,1,K,8,R,1,"L1:[sp=X,4] S=1,Y=152,C=3,R=2,X=1,K=25 || L2:[sp=C,1] C=1,Y=1,X=1,S=1,K=8,R=1",-inf,-inf,0,X|C,1
C,4,S,1,C,3,Y,62,R,1,X,1,K,25,C,1,C,1,Y,1,X,1,S,1,R,1,K,8,"L1:[sp=C,4] S=1,C=3,Y=62,R=1,X=1,K=25 || L2:[sp=C,1] C=1,Y=1,X=1,S=1,R=1,K=8",-79954561.0,-163323000.0,1,C|C,1
X,4,S,1,Y,8,C,1,R,1,X,1,K,25,C,1,C,1,Y,1,X,1,S,1,K,8,R,1,"L1:[sp=X,4] S=1,Y=8,C=1,R=1,X=1,K=25 || L2:[sp=C,1] C=1,Y=1,X=1,S=1,K=8,R=1",-718201.0,-163323000.0,1,X|C,1
X,4,X,204,S,1,C,3,R,1,Y,1,K,25,X,1,R,1,K,8,X,1,C,1,S,1,Y,1,"L1:[sp=X,4] X=204,S=1,C=3,R=1,Y=1,K=25 || L2:[sp=X,1] R=1,K=8,X=1,C=1,S=1,Y=1",-72799777.0,-163323000.0,1,X|X,1
X,153,Y,160,R,1,K,3,S,1,X,1,C,3,Y,12,R,1,X,1,C,1,K,1,S,1,Y,1,"L1:[sp=X,153] Y=160,R=1,K=3,S=1,X=1,C=3 || L2:[sp=Y,12] R=1,X=1,C=1,K=1,S=1,Y=1",-559297.0,-163323000.0,1,X|Y,1
X,4,Y,1,S,1,C,3,R,2,X,1,K,25,X,1,R,1,K,7,X,1,C,1,S,1,Y,1,"L1:[sp=X,4] Y=1,S=1,C=3,R=2,X=1,K=25 || L2:[sp=X,1] R=1,K=7,X=1,C=1,S=1,Y=1",-1549405.0,-163323000.0,1,X|X,1
X,4,S,1,C,3,Y,1,R,1,X,1,K,25,C,1,C,1,Y,1,X,1,S,1,R,1,K,8,"L1:[sp=X,4] S=1,C=3,Y=1,R=1,X=1,K=25 || L2:[sp=C,1] C=1,Y=1,X=1,S=1,R=1,K=8",-725761.0,-163323000.0,1,X|C,1
X,4,S,1,Y,1,C,3,R,1,X,1,K,25,K,5,R,1,C,1,X,1,S,1,K,8,Y,1,"L1:[sp=X,4] S=1,Y=1,C=3,R=1,X=1,K=25 || L2:[sp=K,5] R=1,C=1,X=1,S=1,K=8,Y=1",-1058401.0,-163323000.0,1,X|K,1
Y,153,Y,153,R,1,K,3,S,1,X,1,C,1,X,12,X,1,R,1,C,1,K,1,S,1,Y,1,"L1:[sp=Y,153] Y=153,R=1,K=3,S=1,X=1,C=1 || L2:[sp=X,12] X=1,R=1,C=1,K=1,S=1,Y=1",-59355073.0,-163323000.0,1,Y|X,1
X,4,S,1,Y,160,K,25,R,1,X,78,C,2,X,1,R,1,C,1,X,1,S,1,K,8,Y,1,"L1:[sp=X,4] S=1,Y=160,K=25,R=1,X=78,C=2 || L2:[sp=X,1] R=1,C=1,X=1,S=1,K=8,Y=1",-inf,-inf,0,X|X,1
X,4,S,1,Y,8,C,3,R,1,X,1,K,25,C,1,C,1,Y,1,X,1,S,1,K,8,R,1,"L1:[sp=X,4] S=1,Y=8,C=3,R=1,X=1,K=25 || L2:[sp=C,1] C=1,Y=1,X=1,S=1,K=8,R=1",-715177.0,-163323000.0,1,X|C,1
X,153,Y,39,R,1,K,3,S,1,X,1,C,1,Y,12,X,1,R,1,C,1,K,1,S,1,Y,1,"L1:[sp=X,153] Y=39,R=1,K=3,S=1,X=1,C=1 || L2:[sp=Y,12] X=1,R=1,C=1,K=1,S=1,Y=1",-692929.0,-163323000.0,1,X|Y,1
X,153,Y,1,R,1,K,3,S,1,X,1,C,2,Y,12,X,1,R,1,C,1,K,1,S,1,Y,1,"L1:[sp=X,153] Y=1,R=1,K=3,S=1,X=1,C=2 || L2:[sp=Y,12] X=1,R=1,C=1,K=1,S=1,Y=1",-7612417.0,-163323000.0,1,X|Y,1
X,4,Y,39,S,1,C,3,R,1,X,1,K,25,C,1,C,1,K,8,R,1,X,1,S,1,Y,1,"L1:[sp=X,4] Y=39,S=1,C=3,R=1,X=1,K=25 || L2:[sp=C,1] C=1,K=8,R=1,X=1,S=1,Y=1",-inf,-inf,0,X|C,1
X,4,S,3,C,3,Y,1,R,1,X,1,K,25,C,1,C,1,Y,1,X,1,S,1,R,1,K,9,"L1:[sp=X,4] S=3,C=3,Y=1,R=1,X=1,K=25 || L2:[sp=C,1] C=1,Y=1,X=1,S=1,R=1,K=9",-2399041.0,-163323000.0,1,X|C,1
X,4,S,1,Y,8,C,3,R,1,X,1,K,52,C,1,X,1,Y,1,C,1,S,1,K,8,R,1,"L1:[sp=X,4] S=1,Y=8,C=3,R=1,X=1,K=52 || L2:[sp=C,1] X=1,Y=1,C=1,S=1,K=8,R=1",-inf,-inf,0,X|C,1
K,4,R,1,S,1,K,25,Y,1,X,1,C,1,X,25,R,1,Y,1,K,18,S,1,X,1,C,1,"L1:[sp=K,4] R=1,S=1,K=25,Y=1,X=1,C=1 || L2:[sp=X,25] R=1,Y=1,K=18,S=1,X=1,C=1",-35223553.0,-163323000.0,1,K|X,1
X,4,Y,1,S,1,C,3,K,25,X,1,R,1,C,1,R,1,C,1,X,1,S,1,K,8,Y,1,"L1:[sp=X,4] Y=1,S=1,C=3,K=25,X=1,R=1 || L2:[sp=C,1] R=1,C=1,X=1,S=1,K=8,Y=1",-725761.0,-163323000.0,1,X|C,1
X,4,S,1,Y,194,C,3,R,1,K,25,X,1,C,1,C,1,Y,1,X,1,S,1,K,8,R,1,"L1:[sp=X,4] S=1,Y=194,C=3,R=1,K=25,X=1 || L2:[sp=C,1] C=1,Y=1,X=1,S=1,K=8,R=1",-inf,-inf,0,X|C,1
X,153,Y,160,R,1,K,3,S,1,X,1,C,3,Y,12,R,1,X,1,C,1,K,1,S,1,Y,1,"L1:[sp=X,153] Y=160,R=1,K=3,S=1,X=1,C=3 || L2:[sp=Y,12] R=1,X=1,C=1,K=1,S=1,Y=1",-559297.0,-163323000.0,1,X|Y,1
X,4,C,3,Y,8,S,1,R,1,X,224,K,46,C,1,C,1,Y,1,X,1,S,1,K,8,R,1,"L1:[sp=X,4] C=3,Y=8,S=1,R=1,X=224,K=46 || L2:[sp=C,1] C=1,Y=1,X=1,S=1,K=8,R=1",-inf,-inf,0,X|C,1
X,4,S,1,C,3,Y,1,R,1,X,1,K,25,C,1,C,1,Y,1,X,1,S,1,R,1,K,8,"L1:[sp=X,4] S=1,C=3,Y=1,R=1,X=1,K=25 || L2:[sp=C,1] C=1,Y=1,X=1,S=1,R=1,K=8",-725761.0,-163323000.0,1,X|C,1
X,4,Y,160,S,1,C,3,K,25,X,1,R,2,C,1,R,1,K,8,Y,1,S,1,C,1,X,1,"L1:[sp=X,4] Y=160,S=1,C=3,K=25,X=1,R=2 || L2:[sp=C,1] R=1,K=8,Y=1,S=1,C=1,X=1",-inf,-inf,0,X|C,1
X,153,Y,1,R,1,K,6,S,1,X,1,C,1,Y,12,R,1,X,1,C,1,K,1,S,1,Y,1,"L1:[sp=X,153] Y=1,R=1,K=6,S=1,X=1,C=1 || L2:[sp=Y,12] R=1,X=1,C=1,K=1,S=1,Y=1",-7257601.0,-163323000.0,1,X|Y,1
Y,153,C,1,R,1,K,3,S,1,X,1,Y,39,X,12,X,1,R,1,C,1,S,1,K,1,Y,1,"L1:[sp=Y,153] C=1,R=1,K=3,S=1,X=1,Y=39 || L2:[sp=X,12] X=1,R=1,C=1,S=1,K=1,Y=1",-15228865.0,-163323000.0,1,Y|X,1
X,153,Y,160,R,1,K,3,S,1,X,1,C,1,Y,12,X,1,R,1,C,1,K,1,S,1,Y,126,"L1:[sp=X,153] Y=160,R=1,K=3,S=1,X=1,C=1 || L2:[sp=Y,12] X=1,R=1,C=1,K=1,S=1,Y=126",-6986305.0,-163324000.0,1,X|Y,1
X,153,Y,39,R,1,K,3,S,1,X,191,C,2,Y,12,X,1,R,1,C,1,K,1,S,1,Y,1,"L1:[sp=X,153] Y=39,R=1,K=3,S=1,X=191,C=2 || L2:[sp=Y,12] X=1,R=1,C=1,K=1,S=1,Y=1",-7593481.0,-163324000.0,1,X|Y,1
X,4,Y,1,S,1,C,3,K,25,X,1,R,1,C,1,R,1,C,1,X,1,S,1,K,8,Y,1,"L1:[sp=X,4] Y=1,S=1,C=3,K=25,X=1,R=1 || L2:[sp=C,1] R=1,C=1,X=1,S=1,K=8,Y=1",-725761.0,-163323000.0,1,X|C,1
X,153,Y,160,R,1,K,3,S,1,X,3,C,3,Y,12,R,1,X,1,S,1,K,1,C,1,Y,1,"L1:[sp=X,153] Y=160,R=1,K=3,S=1,X=3,C=3 || L2:[sp=Y,12] R=1,X=1,S=1,K=1,C=1,Y=1",-624457.0,-163323000.0,1,X|Y,1
X,153,Y,160,C,1,K,3,S,1,X,1,R,1,Y,12,X,1,R,1,C,1,K,1,S,1,Y,1,"L1:[sp=X,153] Y=160,C=1,K=3,S=1,X=1,R=1 || L2:[sp=Y,12] X=1,R=1,C=1,K=1,S=1,Y=1",-571969.0,-163323000.0,1,X|Y,1
Y,4,S,1,C,3,R,1,Y,1,X,1,K,25,C,1,C,1,Y,1,X,1,S,1,R,1,K,8,"L1:[sp=Y,4] S=1,C=3,R=1,Y=1,X=1,K=25 || L2:[sp=C,1] C=1,Y=1,X=1,S=1,R=1,K=8",-725761.0,-163323000.0,1,Y|C,1
X,4,Y,1,S,1,C,3,K,25,X,1,R,2,C,1,R,1,Y,1,K,8,S,1,X,1,C,1,"L1:[sp=X,4] Y=1,S=1,C=3,K=25,X=1,R=2 || L2:[sp=C,1] R=1,Y=1,K=8,S=1,X=1,C=1",-1428985.0,-163323000.0,1,X|C,1
X,4,Y,1,S,1,C,3,K,25,X,1,R,1,C,1,R,1,C,1,X,1,S,1,K,8,Y,1,"L1:[sp=X,4] Y=1,S=1,C=3,K=25,X=1,R=1 || L2:[sp=C,1] R=1,C=1,X=1,S=1,K=8,Y=1",-725761.0,-163323000.0,1,X|C,1
X,153,Y,160,R,1,K,3,S,1,X,35,C,1,Y,12,X,1,R,1,C,1,K,1,S,1,Y,1,"L1:[sp=X,153] Y=160,R=1,K=3,S=1,X=35,C=1 || L2:[sp=Y,12] X=1,R=1,C=1,K=1,S=1,Y=1",-inf,-inf,0,X|Y,1
X,4,S,1,Y,8,C,3,R,1,X,1,K,25,C,1,C,1,S,1,X,1,R,1,K,8,Y,8,"L1:[sp=X,4] S=1,Y=8,C=3,R=1,X=1,K=25 || L2:[sp=C,1] C=1,S=1,X=1,R=1,K=8,Y=8",-715177.0,-163324000.0,1,X|C,1
X,153,Y,160,R,1,K,3,S,1,X,1,C,3,Y,12,R,1,X,1,C,1,K,1,S,1,Y,1,"L1:[sp=X,153] Y=160,R=1,K=3,S=1,X=1,C=3 || L2:[sp=Y,12] R=1,X=1,C=1,K=1,S=1,Y=1",-559297.0,-163323000.0,1,X|Y,1
X,4,S,1,C,3,Y,1,R,1,X,1,K,25,C,1,C,1,Y,1,X,1,S,1,R,1,K,8,"L1:[sp=X,4] S=1,C=3,Y=1,R=1,X=1,K=25 || L2:[sp=C,1] C=1,Y=1,X=1,S=1,R=1,K=8",-725761.0,-163323000.0,1,X|C,1
X,4,S,2,Y,1,C,3,R,1,X,1,K,25,K,5,R,1,C,2,X,1,S,1,K,8,Y,1,"L1:[sp=X,4] S=2,Y=1,C=3,R=1,X=1,K=25 || L2:[sp=K,5] R=1,C=2,X=1,S=1,K=8,Y=1",-2060353.0,-163323000.0,1,X|K,1
X,153,Y,160,R,1,K,3,S,1,X,1,C,2,Y,12,R,1,X,1,C,1,K,1,S,1,Y,1,"L1:[sp=X,153] Y=160,R=1,K=3,S=1,X=1,C=2 || L2:[sp=Y,12] R=1,X=1,C=1,K=1,S=1,Y=1",-565633.0,-163323000.0,1,X|Y,1
X,4,S,1,Y,8,C,3,R,1,X,1,K,53,C,1,C,1,Y,1,X,1,S,1,K,8,R,1,"L1:[sp=X,4] S=1,Y=8,C=3,R=1,X=1,K=53 || L2:[sp=C,1] C=1,Y=1,X=1,S=1,K=8,R=1",-inf,-inf,0,X|C,1
X,153,Y,160,R,1,K,3,S,1,X,1,C,3,Y,12,R,1,X,1,C,1,K,1,S,1,Y,1,"L1:[sp=X,153] Y=160,R=1,K=3,S=1,X=1,C=3 || L2:[sp=Y,12] R=1,X=1,C=1,K=1,S=1,Y=1",-559297.0,-163323000.0,1,X|Y,1
X,153,Y,160,C,1,K,3,S,1,X,1,R,1,Y,12,X,1,R,1,C,1,K,1,S,1,Y,1,"L1:[sp=X,153] Y=160,C=1,K=3,S=1,X=1,R=1 || L2:[sp=Y,12] X=1,R=1,C=1,K=1,S=1,Y=1",-571969.0,-163323000.0,1,X|Y,1
X,4,S,1,Y,8,C,2,R,1,X,1,K,25,C,1,Y,8,S,1,X,1,R,1,K,8,C,1,"L1:[sp=X,4] S=1,Y=8,C=2,R=1,X=1,K=25 || L2:[sp=C,1] Y=8,S=1,X=1,R=1,K=8,C=1",-716689.0,-163324000.0,1,X|C,1
X,4,S,1,C,3,Y,1,R,1,X,1,K,2,C,1,C,1,Y,1,X,1,S,1,R,1,K,2,"L1:[sp=X,4] S=1,C=3,Y=1,R=1,X=1,K=2 || L2:[sp=C,1] C=1,Y=1,X=1,S=1,R=1,K=2",-903169.0,-163323000.0,1,X|C,1
X,153,Y,51,R,1,K,3,S,1,X,1,C,2,Y,12,R,1,X,1,C,1,K,3,S,1,Y,1,"L1:[sp=X,153] Y=51,R=1,K=3,S=1,X=1,C=2 || L2:[sp=Y,12] R=1,X=1,C=1,K=3,S=1,Y=1",-658945.0,-163323000.0,1,X|Y,1
X,153,Y,160,R,1,K,3,S,1,X,1,C,2,Y,12,R,1,X,1,C,1,K,1,S,1,Y,1,"L1:[sp=X,153] Y=160,R=1,K=3,S=1,X=1,C=2 || L2:[sp=Y,12] R=1,X=1,C=1,K=1,S=1,Y=1",-565633.0,-163323000.0,1,X|Y,1
K,153,R,1,Y,160,K,3,S,1,X,1,C,3,Y,12,X,1,R,1,C,1,K,1,S,1,Y,1,"L1:[sp=K,153] R=1,Y=160,K=3,S=1,X=1,C=3 || L2:[sp=Y,12] X=1,R=1,C=1,K=1,S=1,Y=1",-733825.0,-163323000.0,1,K|Y,1
Y,4,X,1,C,3,R,1,S,1,Y,1,K,59,C,1,C,1,Y,1,X,1,S,1,R,1,K,8,"L1:[sp=Y,4] X=1,C=3,R=1,S=1,Y=1,K=59 || L2:[sp=C,1] C=1,Y=1,X=1,S=1,R=1,K=8",-758017.0,-163323000.0,1,Y|C,1
X,153,Y,160,C,1,K,3,S,1,X,1,R,1,Y,12,Y,63,R,1,C,1,K,1,S,1,X,1,"L1:[sp=X,153] Y=160,C=1,K=3,S=1,X=1,R=1 || L2:[sp=Y,12] Y=63,R=1,C=1,K=1,S=1,X=1",-3502657.0,-163323000.0,1,X|Y,1
X,4,S,1,Y,8,C,3,R,1,X,1,K,32,C,1,C,1,S,1,X,1,R,1,K,10,Y,8,"L1:[sp=X,4] S=1,Y=8,C=3,R=1,X=1,K=32 || L2:[sp=C,1] C=1,S=1,X=1,R=1,K=10,Y=8",-775153.0,-163324000.0,1,X|C,1
X,153,Y,160,R,1,K,3,S,1,X,1,C,2,Y,12,R,1,X,1,C,1,K,1,S,1,Y,1,"L1:[sp=X,153] Y=160,R=1,K=3,S=1,X=1,C=2 || L2:[sp=Y,12] R=1,X=1,C=1,K=1,S=1,Y=1",-565633.0,-163323000.0,1,X|Y,1
Y,4,S,2,C,3,R,1,Y,1,X,1,K,25,X,1,C,1,Y,1,X,1,S,1,R,1,K,8,"L1:[sp=Y,4] S=2,C=3,R=1,Y=1,X=1,K=25 || L2:[sp=X,1] C=1,Y=1,X=1,S=1,R=1,K=8",-1428985.0,-163323000.0,1,Y|X,1
X,4,Y,1,S,1,C,3,K,25,X,1,R,1,K,25,R,1,C,1,X,1,S,1,K,8,Y,1,"L1:[sp=X,4] Y=1,S=1,C=3,K=25,X=1,R=1 || L2:[sp=K,25] R=1,C=1,X=1,S=1,K=8,Y=1",-5745601.0,-163323000.0,1,X|K,1
X,153,Y,160,S,1,K,3,C,3,X,1,R,1,X,1,X,1,R,1,C,1,K,1,S,1,Y,1,"L1:[sp=X,153] Y=160,S=1,K=3,C=3,X=1,R=1 || L2:[sp=X,1] X=1,R=1,C=1,K=1,S=1,Y=1",-inf,-inf,0,X|X,1
X,153,Y,160,R,1,K,3,S,2,X,3,C,3,Y,12,R,1,X,1,S,1,K,1,C,2,Y,1,"L1:[sp=X,153] Y=160,R=1,K=3,S=2,X=3,C=3 || L2:[sp=Y,12] R=1,X=1,S=1,K=1,C=2,Y=1",-831025.0,-163324000.0,1,X|Y,1
X,153,Y,160,C,1,K,3,X,1,S,1,R,1,Y,12,X,1,R,1,C,1,K,1,S,1,Y,1,"L1:[sp=X,153] Y=160,C=1,K=3,X=1,S=1,R=1 || L2:[sp=Y,12] X=1,R=1,C=1,K=1,S=1,Y=1",-571969.0,-163323000.0,1,X|Y,1
X,4,S,1,C,3,Y,1,R,1,X,1,K,25,C,1,S,1,Y,1,X,1,C,1,R,1,K,8,"L1:[sp=X,4] S=1,C=3,Y=1,R=1,X=1,K=25 || L2:[sp=C,1] S=1,Y=1,X=1,C=1,R=1,K=8",-725761.0,-163323000.0,1,X|C,1
X,153,X,3,R,1,Y,160,S,1,K,3,C,3,Y,12,R,1,X,1,S,1,K,1,C,2,Y,1,"L1:[sp=X,153] X=3,R=1,Y=160,S=1,K=3,C=3 || L2:[sp=Y,12] R=1,X=1,S=1,K=1,C=2,Y=1",-624457.0,-163323000.0,1,X|Y,1
Y,4,S,3,C,3,R,1,Y,1,X,1,K,25,C,1,C,1,Y,1,X,1,S,1,R,1,K,9,"L1:[sp=Y,4] S=3,C=3,R=1,Y=1,X=1,K=25 || L2:[sp=C,1] C=1,Y=1,X=1,S=1,R=1,K=9",-2377621.0,-163323000.0,1,Y|C,1
X,153,Y,160,R,1,K,3,S,1,X,1,C,3,Y,12,R,1,X,1,C,1,K,1,S,1,Y,1,"L1:[sp=X,153] Y=160,R=1,K=3,S=1,X=1,C=3 || L2:[sp=Y,12] R=1,X=1,C=1,K=1,S=1,Y=1",-559297.0,-163323000.0,1,X|Y,1
X,4,X,1,C,3,Y,1,R,1,S,1,K,25,C,1,S,1,Y,1,X,1,C,1,R,1,K,8,"L1:[sp=X,4] X=1,C=3,Y=1,R=1,S=1,K=25 || L2:[sp=C,1] S=1,Y=1,X=1,C=1,R=1,K=8",-725761.0,-163323000.0,1,X|C,1
X,153,Y,160,X,1,K,3,C,1,S,1,R,1,Y,12,X,1,R,1,C,1,K,1,S,1,Y,122,"L1:[sp=X,153] Y=160,X=1,K=3,C=1,S=1,R=1 || L2:[sp=Y,12] X=1,R=1,C=1,K=1,S=1,Y=122",-6765121.0,-163324000.0,1,X|Y,1
X,153,Y,51,R,1,K,3,S,1,X,1,C,2,Y,12,R,1,Y,1,C,1,K,3,S,1,X,1,"L1:[sp=X,153] Y=51,R=1,K=3,S=1,X=1,C=2 || L2:[sp=Y,12] R=1,Y=1,C=1,K=3,S=1,X=1",-658945.0,-163323000.0,1,X|Y,1
X,153,Y,160,C,3,K,3,S,2,X,1,R,1,Y,12,R,1,X,1,C,1,K,1,S,1,Y,1,"L1:[sp=X,153] Y=160,C=3,K=3,S=2,X=1,R=1 || L2:[sp=Y,12] R=1,X=1,C=1,K=1,S=1,Y=1",-1110145.0,-163323000.0,1,X|Y,1
X,4,X,1,Y,8,C,2,R,1,S,1,K,25,C,1,Y,8,S,1,X,1,R,1,K,8,C,1,"L1:[sp=X,4] X=1,Y=8,C=2,R=1,S=1,K=25 || L2:[sp=C,1] Y=8,S=1,X=1,R=1,K=8,C=1",-716689.0,-163324000.0,1,X|C,1
X,153,X,3,R,1,Y,160,S,1,K,3,C,3,Y,12,R,1,X,1,S,1,K,1,C,2,Y,50,"L1:[sp=X,153] X=3,R=1,Y=160,S=1,K=3,C=3 || L2:[sp=Y,12] R=1,X=1,S=1,K=1,C=2,Y=50",-3112777.0,-163324000.0,1,X|Y,1
X,4,S,1,Y,8,C,2,R,1,X,1,K,25,C,1,Y,8,S,1,X,1,R,1,K,8,C,1,"L1:[sp=X,4] S=1,Y=8,C=2,R=1,X=1,K=25 || L2:[sp=C,1] Y=8,S=1,X=1,R=1,K=8,C=1",-716689.0,-163324000.0,1,X|C,1
X,153,Y,160,R,1,K,3,S,1,X,1,C,3,Y,12,R,1,X,1,C,1,K,1,S,1,Y,87,"L1:[sp=X,153] Y=160,R=1,K=3,S=1,X=1,C=3 || L2:[sp=Y,12] R=1,X=1,C=1,K=1,S=1,Y=87",-4817089.0,-163324000.0,1,X|Y,1
X,153,X,3,R,1,Y,160,S,1,K,3,C,3,Y,12,R,1,X,1,S,1,K,1,C,2,Y,1,"L1:[sp=X,153] X=3,R=1,Y=160,S=1,K=3,C=3 || L2:[sp=Y,12] R=1,X=1,S=1,K=1,C=2,Y=1",-624457.0,-163323000.0,1,X|Y,1
X,153,Y,160,C,1,K,26,X,1,S,1,R,1,Y,12,X,1,R,1,C,1,K,1,S,1,Y,1,"L1:[sp=X,153] Y=160,C=1,K=26,X=1,S=1,R=1 || L2:[sp=Y,12] X=1,R=1,C=1,K=1,S=1,Y=1",-inf,-inf,0,X|Y,1
X,4,S,1,Y,109,X,1,R,1,C,2,K,25,Y,109,Y,8,S,1,X,1,R,1,K,8,C,1,"L1:[sp=X,4] S=1,Y=109,X=1,R=1,C=2,K=25 || L2:[sp=Y,109] Y=8,S=1,X=1,R=1,K=8,C=1",-8600257.0,-163323000.0,1,X|Y,1
X,153,Y,160,C,1,K,3,X,1,S,1,R,1,Y,12,X,1,R,1,C,1,K,3,S,1,Y,1,"L1:[sp=X,153] Y=160,C=1,K=3,X=1,S=1,R=1 || L2:[sp=Y,12] X=1,R=1,C=1,K=3,S=1,Y=1",-589249.0,-163323000.0,1,X|Y,1
X,153,Y,51,R,1,K,3,S,1,X,1,C,1,Y,12,R,1,X,1,C,1,K,2,S,1,Y,1,"L1:[sp=X,153] Y=51,R=1,K=3,S=1,X=1,C=1 || L2:[sp=Y,12] R=1,X=1,C=1,K=2,S=1,Y=1",-655777.0,-163323000.0,1,X|Y,1
Y,4,S,1,C,3,Y,1,R,1,X,1,K,25,C,1,S,1,Y,1,X,1,C,1,R,1,K,15,"L1:[sp=Y,4] S=1,C=3,Y=1,R=1,X=1,K=25 || L2:[sp=C,1] S=1,Y=1,X=1,C=1,R=1,K=15",-737857.0,-163323000.0,1,Y|C,1
X,4,S,3,C,3,Y,1,R,1,X,1,K,25,C,1,S,1,Y,1,X,1,C,1,R,1,K,8,"L1:[sp=X,4] S=3,C=3,Y=1,R=1,X=1,K=25 || L2:[sp=C,1] S=1,Y=1,X=1,C=1,R=1,K=8",-2145025.0,-163323000.0,1,X|C,1
X,153,X,3,K,3,R,1,S,1,Y,160,C,3,Y,12,R,1,X,2,S,1,K,1,Y,1,C,3,"L1:[sp=X,153] X=3,K=3,R=1,S=1,Y=160,C=3 || L2:[sp=Y,12] R=1,X=2,S=1,K=1,Y=1,C=3",-624457.0,-163323000.0,1,X|Y,1
X,4,S,1,Y,8,C,2,R,3,X,1,K,25,C,1,Y,8,S,1,X,1,R,1,C,1,K,8,"L1:[sp=X,4] S=1,Y=8,C=2,R=3,X=1,K=25 || L2:[sp=C,1] Y=8,S=1,X=1,R=1,C=1,K=8",-886717.0,-163324000.0,1,X|C,1
X,153,Y,51,R,1,K,3,S,1,X,1,C,2,Y,12,R,1,X,1,C,1,K,3,S,1,Y,48,"L1:[sp=X,153] Y=51,R=1,K=3,S=1,X=1,C=2 || L2:[sp=Y,12] R=1,X=1,C=1,K=3,S=1,Y=48",-6874561.0,-163323000.0,1,X|Y,1
X,153,Y,160,R,1,K,3,S,1,X,1,C,3,Y,12,R,1,X,1,C,1,K,1,S,1,Y,1,"L1:[sp=X,153] Y=160,R=1,K=3,S=1,X=1,C=3 || L2:[sp=Y,12] R=1,X=1,C=1,K=1,S=1,Y=1",-559297.0,-163323000.0,1,X|Y,1
X,153,X,3,R,1,Y,160,S,1,K,3,C,3,Y,12,R,1,X,1,S,1,K,1,C,2,Y,1,"L1:[sp=X,153] X=3,R=1,Y=160,S=1,K=3,C=3 || L2:[sp=Y,12] R=1,X=1,S=1,K=1,C=2,Y=1",-624457.0,-163323000.0,1,X|Y,1
X,153,Y,51,R,1,K,3,S,1,X,1,C,2,K,1,R,1,Y,15,C,1,K,3,S,1,X,1,"L1:[sp=X,153] Y=51,R=1,K=3,S=1,X=1,C=2 || L2:[sp=K,1] R=1,Y=15,C=1,K=3,S=1,X=1",-805861.0,-163324000.0,1,X|K,1
X,153,Y,8,R,1,K,3,S,1,X,1,C,1,C,3,K,1,C,1,X,1,R,1,S,1,Y,8,"L1:[sp=X,153] Y=8,R=1,K=3,S=1,X=1,C=1 || L2:[sp=C,3] K=1,C=1,X=1,R=1,S=1,Y=8",-1614817.0,-163323000.0,1,X|C,1
X,4,X,1,Y,160,C,2,R,1,S,1,K,29,C,1,Y,1,S,1,X,1,R,1,K,8,C,1,"L1:[sp=X,4] X=1,Y=160,C=2,R=1,S=1,K=29 || L2:[sp=C,1] Y=1,S=1,X=1,R=1,K=8,C=1",-inf,-inf,0,X|C,1
X,153,X,3,K,3,R,1,S,1,Y,195,C,3,Y,12,R,1,X,2,S,1,K,1,Y,1,C,3,"L1:[sp=X,153] X=3,K=3,R=1,S=1,Y=195,C=3 || L2:[sp=Y,12] R=1,X=2,S=1,K=1,Y=1,C=3",-624457.0,-163324000.0,1,X|Y,1
X,153,Y,160,R,1,K,3,X,101,S,1,C,3,Y,12,R,1,X,1,C,1,K,1,S,1,Y,1,"L1:[sp=X,153] Y=160,R=1,K=3,X=101,S=1,C=3 || L2:[sp=Y,12] R=1,X=1,C=1,K=1,S=1,Y=1",-inf,-inf,0,X|Y,1
X,153,Y,51,R,1,K,3,S,1,X,87,C,1,Y,12,R,1,X,1,C,1,K,2,S,1,Y,7,"L1:[sp=X,153] Y=51,R=1,K=3,S=1,X=87,C=1 || L2:[sp=Y,12] R=1,X=1,C=1,K=2,S=1,Y=7",-5264731.0,-163324000.0,1,X|Y,1
X,153,Y,51,R,3,K,3,S,1,X,102,C,2,Y,12,R,1,Y,1,C,1,K,3,S,1,X,1,"L1:[sp=X,153] Y=51,R=3,K=3,S=1,X=102,C=2 || L2:[sp=Y,12] R=1,Y=1,C=1,K=3,S=1,X=1",-inf,-inf,0,X|Y,1
Y,153,Y,87,K,3,C,1,X,1,S,1,R,1,X,87,X,1,R,1,C,1,K,3,S,1,Y,1,"L1:[sp=Y,153] Y=87,K=3,C=1,X=1,S=1,R=1 || L2:[sp=X,87] X=1,R=1,C=1,K=3,S=1,Y=1",-89812801.0,-163323000.0,1,Y|X,1
X,153,K,3,R,1,Y,160,S,1,X,3,C,3,Y,12,R,1,X,1,S,1,K,1,C,2,Y,1,"L1:[sp=X,153] K=3,R=1,Y=160,S=1,X=3,C=3 || L2:[sp=Y,12] R=1,X=1,S=1,K=1,C=2,Y=1",-624457.0,-163323000.0,1,X|Y,1
X,153,Y,100,C,1,K,3,X,1,S,1,R,1,Y,12,X,1,R,1,C,1,K,3,S,1,Y,1,"L1:[sp=X,153] Y=100,C=1,K=3,X=1,S=1,R=1 || L2:[sp=Y,12] X=1,R=1,C=1,K=3,S=1,Y=1",-598753.0,-163323000.0,1,X|Y,1
X,153,R,1,X,3,Y,160,S,1,K,3,C,3,Y,12,R,1,X,1,S,1,K,3,C,2,Y,1,"L1:[sp=X,153] R=1,X=3,Y=160,S=1,K=3,C=3 || L2:[sp=Y,12] R=1,X=1,S=1,K=3,C=2,Y=1",-643897.0,-163323000.0,1,X|Y,1
X,4,X,1,Y,186,R,1,C,2,S,1,K,25,C,1,Y,8,S,1,X,1,R,1,K,8,C,1,"L1:[sp=X,4] X=1,Y=186,R=1,C=2,S=1,K=25 || L2:[sp=C,1] Y=8,S=1,X=1,R=1,K=8,C=1",-inf,-inf,0,X|C,1
X,153,Y,38,C,1,K,3,X,1,S,1,R,1,Y,12,R,1,X,1,C,1,K,3,S,1,Y,1,"L1:[sp=X,153] Y=38,C=1,K=3,X=1,S=1,R=1 || L2:[sp=Y,12] R=1,X=1,C=1,K=3,S=1,Y=1",-712801.0,-163323000.0,1,X|Y,1
X,153,Y,160,R,1,K,3,S,1,X,1,C,3,Y,12,R,1,X,1,C,1,K,1,S,1,Y,1,"L1:[sp=X,153] Y=160,R=1,K=3,S=1,X=1,C=3 || L2:[sp=Y,12] R=1,X=1,C=1,K=1,S=1,Y=1",-559297.0,-163323000.0,1,X|Y,1
X,4,X,1,Y,8,C,2,R,3,S,1,K,25,C,1,Y,8,S,1,X,1,R,1,K,8,C,1,"L1:[sp=X,4] X=1,Y=8,C=2,R=3,S=1,K=25 || L2:[sp=C,1] Y=8,S=1,X=1,R=1,K=8,C=1",-886717.0,-163324000.0,1,X|C,1
X,153,X,3,K,3,R,1,S,1,Y,160,C,3,Y,12,R,1,X,1,S,1,K,1,Y,1,C,2,"L1:[sp=X,153] X=3,K=3,R=1,S=1,Y=160,C=3 || L2:[sp=Y,12] R=1,X=1,S=1,K=1,Y=1,C=2",-624457.0,-163323000.0,1,X|Y,1
X,153,X,38,R,3,Y,160,S,1,K,3,C,3,Y,12,R,1,X,2,S,1,K,1,C,3,Y,1,"L1:[sp=X,153] X=38,R=3,Y=160,S=1,K=3,C=3 || L2:[sp=Y,12] R=1,X=2,S=1,K=1,C=3,Y=1",-inf,-inf,0,X|Y,1
X,153,X,3,K,3,R,1,S,1,Y,160,C,2,Y,12,R,1,X,1,S,1,K,1,Y,1,C,2,"L1:[sp=X,153] X=3,K=3,R=1,S=1,Y=160,C=2 || L2:[sp=Y,12] R=1,X=1,S=1,K=1,Y=1,C=2",-834193.0,-163323000.0,1,X|Y,1
X,153,Y,160,R,1,K,3,S,1,X,1,C,3,Y,12,R,1,X,1,C,1,K,1,S,1,Y,1,"L1:[sp=X,153] Y=160,R=1,K=3,S=1,X=1,C=3 || L2:[sp=Y,12] R=1,X=1,C=1,K=1,S=1,Y=1",-559297.0,-163323000.0,1,X|Y,1
Y,153,Y,160,R,1,K,3,S,1,X,3,C,1,Y,12,R,1,X,1,C,1,K,1,S,1,Y,1,"L1:[sp=Y,153] Y=160,R=1,K=3,S=1,X=3,C=1 || L2:[sp=Y,12] R=1,X=1,C=1,K=1,S=1,Y=1",-5463559.0,-163323000.0,1,Y|Y,1
X,153,X,1,K,50,R,1,S,1,Y,5,C,3,Y,12,R,1,X,1,S,1,K,1,Y,1,C,2,"L1:[sp=X,153] X=1,K=50,R=1,S=1,Y=5,C=3 || L2:[sp=Y,12] R=1,X=1,S=1,K=1,Y=1,C=2",-1257121.0,-163323000.0,1,X|Y,1
X,153,Y,38,C,1,K,3,X,105,S,1,R,1,Y,12,R,1,X,1,C,1,K,3,S,1,Y,1,"L1:[sp=X,153] Y=38,C=1,K=3,X=105,S=1,R=1 || L2:[sp=Y,12] R=1,X=1,C=1,K=3,S=1,Y=1",-4307095.0,-163323000.0,1,X|Y,1
X,153,X,3,R,1,Y,160,S,1,K,3,C,3,Y,12,R,1,X,1,S,1,K,1,C,2,Y,1,"L1:[sp=X,153] X=3,R=1,Y=160,S=1,K=3,C=3 || L2:[sp=Y,12] R=1,X=1,S=1,K=1,C=2,Y=1",-624457.0,-163323000.0,1,X|Y,1
X,153,Y,100,C,1,K,3,X,1,S,1,R,1,Y,12,X,1,R,1,C,1,K,3,S,1,Y,1,"L1:[sp=X,153] Y=100,C=1,K=3,X=1,S=1,R=1 || L2:[sp=Y,12] X=1,R=1,C=1,K=3,S=1,Y=1",-598753.0,-163323000.0,1,X|Y,1
X,153,X,3,R,1,Y,160,K,3,S,1,C,3,Y,12,R,1,X,1,S,1,K,1,C,2,Y,1,"L1:[sp=X,153] X=3,R=1,Y=160,K=3,S=1,C=3 || L2:[sp=Y,12] R=1,X=1,S=1,K=1,C=2,Y=1",-624457.0,-163323000.0,1,X|Y,1
Y,153,R,1,X,1,Y,38,S,1,K,3,C,3,X,12,R,1,X,1,S,1,K,1,C,2,Y,1,"L1:[sp=Y,153] R=1,X=1,Y=38,S=1,K=3,C=3 || L2:[sp=X,12] R=1,X=1,S=1,K=1,C=2,Y=1",-14753089.0,-163323000.0,1,Y|X,1
X,153,Y,160,C,1,K,3,X,3,S,1,R,1,Y,12,R,1,X,1,C,1,K,3,S,1,Y,1,"L1:[sp=X,153] Y=160,C=1,K=3,X=3,S=1,R=1 || L2:[sp=Y,12] R=1,X=1,C=1,K=3,S=1,Y=1",-648649.0,-163323000.0,1,X|Y,1
X,153,Y,160,C,1,K,3,X,3,S,1,R,1,Y,12,R,1,X,1,C,1,K,3,Y,136,S,1,"L1:[sp=X,153] Y=160,C=1,K=3,X=3,S=1,R=1 || L2:[sp=Y,12] R=1,X=1,C=1,K=3,Y=136,S=1",-inf,-inf,0,X|Y,1
X,153,X,1,R,1,S,1,Y,38,K,21,C,3,Y,12,R,1,S,1,X,1,K,1,C,2,Y,1,"L1:[sp=X,153] X=1,R=1,S=1,Y=38,K=21,C=3 || L2:[sp=Y,12] R=1,S=1,X=1,K=1,C=2,Y=1",-639361.0,-163323000.0,1,X|Y,1
X,153,Y,200,R,1,K,52,S,1,X,1,C,3,Y,12,R,1,X,1,C,1,K,1,S,1,Y,1,"L1:[sp=X,153] Y=200,R=1,K=52,S=1,X=1,C=3 || L2:[sp=Y,12] R=1,X=1,C=1,K=1,S=1,Y=1",-inf,-inf,0,X|Y,1
X,153,R,1,X,3,Y,160,S,1,K,3,C,3,Y,12,R,1,X,1,S,1,K,3,C,2,Y,1,"L1:[sp=X,153] R=1,X=3,Y=160,S=1,K=3,C=3 || L2:[sp=Y,12] R=1,X=1,S=1,K=3,C=2,Y=1",-643897.0,-163323000.0,1,X|Y,1
Y,153,Y,38,C,1,K,3,S,1,X,1,R,1,X,12,R,1,X,1,C,1,K,3,S,1,Y,1,"L1:[sp=Y,153] Y=38,C=1,K=3,S=1,X=1,R=1 || L2:[sp=X,12] R=1,X=1,C=1,K=3,S=1,Y=1",-15301441.0,-163323000.0,1,Y|X,1
Y,153,Y,100,C,1,K,3,X,1,S,1,R,2,Y,12,X,1,R,1,C,1,K,3,S,1,Y,1,"L1:[sp=Y,153] Y=100,C=1,K=3,X=1,S=1,R=2 || L2:[sp=Y,12] X=1,R=1,C=1,K=3,S=1,Y=1",-3681217.0,-163323000.0,1,Y|Y,1
Y,153,K,3,R,1,Y,160,S,1,X,1,C,3,X,12,R,1,X,1,S,1,K,1,C,2,Y,1,"L1:[sp=Y,153] K=3,R=1,Y=160,S=1,X=1,C=3 || L2:[sp=X,12] R=1,X=1,S=1,K=1,C=2,Y=1",-61975873.0,-163323000.0,1,Y|X,1
X,153,Y,38,C,1,K,3,X,3,S,1,R,1,Y,12,R,1,X,3,K,3,C,1,S,1,Y,1,"L1:[sp=X,153] Y=38,C=1,K=3,X=3,S=1,R=1 || L2:[sp=Y,12] R=1,X=3,K=3,C=1,S=1,Y=1",-759133.0,-163323000.0,1,X|Y,1
X,153,K,3,R,2,Y,38,S,1,X,1,C,3,Y,12,R,1,X,1,S,1,K,1,C,2,Y,1,"L1:[sp=X,153] K=3,R=2,Y=38,S=1,X=1,C=3 || L2:[sp=Y,12] R=1,X=1,S=1,K=1,C=2,Y=1",-648577.0,-163323000.0,1,X|Y,1
X,153,Y,160,C,1,K,3,X,3,S,1,R,3,Y,12,Y,1,X,1,C,1,K,1,S,1,R,1,"L1:[sp=X,153] Y=160,C=1,K=3,X=3,S=1,R=3 || L2:[sp=Y,12] Y=1,X=1,C=1,K=1,S=1,R=1",-624457.0,-163323000.0,1,X|Y,1
X,153,X,3,R,1,Y,160,S,1,K,3,C,3,Y,12,R,1,Y,1,S,1,K,2,C,1,X,1,"L1:[sp=X,153] X=3,R=1,Y=160,S=1,K=3,C=3 || L2:[sp=Y,12] R=1,Y=1,S=1,K=2,C=1,X=1",-624457.0,-163323000.0,1,X|Y,1
X,153,Y,160,R,1,K,3,S,1,X,1,C,3,Y,12,R,1,X,1,C,1,K,1,S,1,Y,1,"L1:[sp=X,153] Y=160,R=1,K=3,S=1,X=1,C=3 || L2:[sp=Y,12] R=1,X=1,C=1,K=1,S=1,Y=1",-559297.0,-163323000.0,1,X|Y,1
X,153,Y,160,C,1,K,3,X,3,S,1,R,3,Y,12,Y,1,R,1,C,1,K,1,S,1,X,1,"L1:[sp=X,153] Y=160,C=1,K=3,X=3,S=1,R=3 || L2:[sp=Y,12] Y=1,R=1,C=1,K=1,S=1,X=1",-624457.0,-163323000.0,1,X|Y,1
X,153,X,3,R,3,Y,160,K,3,S,1,C,3,Y,12,R,1,X,1,S,1,K,1,C,2,Y,1,"L1:[sp=X,153] X=3,R=3,Y=160,K=3,S=1,C=3 || L2:[sp=Y,12] R=1,X=1,S=1,K=1,C=2,Y=1",-622873.0,-163323000.0,1,X|Y,1
X,153,R,1,X,29,Y,160,S,1,K,3,C,3,Y,12,R,1,X,1,S,1,K,3,C,2,Y,101,"L1:[sp=X,153] R=1,X=29,Y=160,S=1,K=3,C=3 || L2:[sp=Y,12] R=1,X=1,S=1,K=3,C=2,Y=101",-inf,-inf,0,X|Y,1
X,153,X,3,R,1,Y,160,S,1,K,3,C,3,Y,12,R,1,Y,1,S,1,K,2,C,1,X,1,"L1:[sp=X,153] X=3,R=1,Y=160,S=1,K=3,C=3 || L2:[sp=Y,12] R=1,Y=1,S=1,K=2,C=1,X=1",-624457.0,-163323000.0,1,X|Y,1
X,153,Y,47,R,1,K,16,S,1,X,1,C,3,Y,12,R,1,X,1,C,1,K,1,S,1,Y,1,"L1:[sp=X,153] Y=47,R=1,K=16,S=1,X=1,C=3 || L2:[sp=Y,12] R=1,X=1,C=1,K=1,S=1,Y=1",-528193.0,-163323000.0,1,X|Y,1
X,153,X,110,R,1,Y,160,S,1,K,3,C,3,Y,12,R,1,X,1,S,1,K,1,C,2,Y,1,"L1:[sp=X,153] X=110,R=1,Y=160,S=1,K=3,C=3 || L2:[sp=Y,12] R=1,X=1,S=1,K=1,C=2,Y=1",-inf,-inf,0,X|Y,1
X,153,Y,160,R,2,K,3,S,1,X,1,C,3,Y,12,R,1,X,1,C,1,K,1,S,1,Y,1,"L1:[sp=X,153] Y=160,R=2,K=3,S=1,X=1,C=3 || L2:[sp=Y,12] R=1,X=1,C=1,K=1,S=1,Y=1",-557185.0,-163323000.0,1,X|Y,1
X,153,Y,160,C,1,K,3,X,3,S,1,R,1,Y,12,Y,1,X,1,C,1,K,1,S,1,R,1,"L1:[sp=X,153] Y=160,C=1,K=3,X=3,S=1,R=1 || L2:[sp=Y,12] Y=1,X=1,C=1,K=1,S=1,R=1",-629209.0,-163323000.0,1,X|Y,1
X,153,Y,160,R,1,K,3,X,3,S,1,C,3,Y,12,Y,1,X,1,C,1,R,1,S,1,K,1,"L1:[sp=X,153] Y=160,R=1,K=3,X=3,S=1,C=3 || L2:[sp=Y,12] Y=1,X=1,C=1,R=1,S=1,K=1",-624457.0,-163323000.0,1,X|Y,1
X,153,X,74,R,3,Y,160,S,1,K,4,C,1,Y,12,R,1,Y,1,S,1,K,2,C,1,X,1,"L1:[sp=X,153] X=74,R=3,Y=160,S=1,K=4,C=1 || L2:[sp=Y,12] R=1,Y=1,S=1,K=2,C=1,X=1",-inf,-inf,0,X|Y,1
X,153,Y,160,R,3,K,3,S,1,X,3,C,3,Y,12,R,1,X,1,C,3,K,1,S,1,Y,1,"L1:[sp=X,153] Y=160,R=3,K=3,S=1,X=3,C=3 || L2:[sp=Y,12] R=1,X=1,C=3,K=1,S=1,Y=1",-622873.0,-163323000.0,1,X|Y,1
X,153,Y,160,C,1,K,51,X,1,S,1,R,1,Y,20,Y,1,X,1,C,1,K,1,S,1,R,1,"L1:[sp=X,153] Y=160,C=1,K=51,X=1,S=1,R=1 || L2:[sp=Y,20] Y=1,X=1,C=1,K=1,S=1,R=1",-inf,-inf,0,X|Y,1
C,153,R,1,X,3,Y,160,S,1,K,20,C,3,Y,12,R,1,X,1,C,2,K,3,S,1,Y,1,"L1:[sp=C,153] R=1,X=3,Y=160,S=1,K=20,C=3 || L2:[sp=Y,12] R=1,X=1,C=2,K=3,S=1,Y=1",-7867801.0,-163323000.0,1,C|Y,1
X,153,X,3,R,2,Y,160,K,3,S,1,C,3,Y,12,R,1,X,1,S,1,K,2,C,2,Y,1,"L1:[sp=X,153] X=3,R=2,Y=160,K=3,S=1,C=3 || L2:[sp=Y,12] R=1,X=1,S=1,K=2,C=2,Y=1",-623665.0,-163323000.0,1,X|Y,1
X,153,X,3,R,1,Y,160,S,1,K,29,C,3,Y,12,R,1,Y,154,C,1,K,2,S,1,X,1,"L1:[sp=X,153] X=3,R=1,Y=160,S=1,K=29,C=3 || L2:[sp=Y,12] R=1,Y=154,C=1,K=2,S=1,X=1",-inf,-inf,0,X|Y,1
Y,153,X,1,R,1,S,1,Y,38,K,21,C,3,X,12,R,1,S,1,X,1,K,1,C,2,Y,1,"L1:[sp=Y,153] X=1,R=1,S=1,Y=38,K=21,C=3 || L2:[sp=X,12] R=1,S=1,X=1,K=1,C=2,Y=1",-14716801.0,-163323000.0,1,Y|X,1
X,153,X,3,R,3,Y,160,S,1,K,3,C,3,Y,12,R,1,X,1,S,1,K,1,C,2,Y,114,"L1:[sp=X,153] X=3,R=3,Y=160,S=1,K=3,C=3 || L2:[sp=Y,12] R=1,X=1,S=1,K=1,C=2,Y=114",-inf,-inf,0,X|Y,1
X,153,Y,160,C,3,K,3,X,3,S,1,R,1,Y,12,Y,1,X,1,C,1,K,1,S,1,R,1,"L1:[sp=X,153] Y=160,C=3,K=3,X=3,S=1,R=1 || L2:[sp=Y,12] Y=1,X=1,C=1,K=1,S=1,R=1",-624457.0,-163323000.0,1,X|Y,1
X,153,R,1,Y,160,X,3,S,1,K,3,C,3,K,3,R,1,X,1,S,1,K,3,C,2,Y,1,"L1:[sp=X,153] R=1,Y=160,X=3,S=1,K=3,C=3 || L2:[sp=K,3] R=1,X=1,S=1,K=3,C=2,Y=1",-inf,-inf,0,X|K,1
X,153,X,3,R,1,Y,160,K,3,S,1,C,3,Y,12,R,1,S,1,X,1,K,1,C,2,Y,1,"L1:[sp=X,153] X=3,R=1,Y=160,K=3,S=1,C=3 || L2:[sp=Y,12] R=1,S=1,X=1,K=1,C=2,Y=1",-624457.0,-163323000.0,1,X|Y,1
X,153,Y,47,R,1,K,16,S,1,X,1,C,3,Y,12,R,1,X,1,C,1,K,1,S,1,Y,1,"L1:[sp=X,153] Y=47,R=1,K=16,S=1,X=1,C=3 || L2:[sp=Y,12] R=1,X=1,C=1,K=1,S=1,Y=1",-528193.0,-163323000.0,1,X|Y,1
X,153,X,3,C,1,K,3,Y,160,S,1,R,3,Y,12,Y,1,R,2,C,1,K,1,X,1,S,1,"L1:[sp=X,153] X=3,C=1,K=3,Y=160,S=1,R=3 || L2:[sp=Y,12] Y=1,R=2,C=1,K=1,X=1,S=1",-624457.0,-163323000.0,1,X|Y,1
X,153,Y,23,R,1,K,16,S,1,X,1,C,3,Y,12,R,1,X,1,C,1,K,1,S,1,Y,1,"L1:[sp=X,153] Y=23,R=1,K=16,S=1,X=1,C=3 || L2:[sp=Y,12] R=1,X=1,C=1,K=1,S=1,Y=1",-558721.0,-163323000.0,1,X|Y,1
X,153,X,3,R,3,Y,211,K,3,S,1,C,3,Y,12,R,1,X,1,S,1,C,2,K,1,Y,1,"L1:[sp=X,153] X=3,R=3,Y=211,K=3,S=1,C=3 || L2:[sp=Y,12] R=1,X=1,S=1,C=2,K=1,Y=1",-622873.0,-163324000.0,1,X|Y,1
X,153,Y,160,C,1,K,32,S,1,X,3,R,3,Y,12,Y,1,R,1,C,1,K,1,S,1,X,1,"L1:[sp=X,153] Y=160,C=1,K=32,S=1,X=3,R=3 || L2:[sp=Y,12] Y=1,R=1,C=1,K=1,S=1,X=1",-inf,-inf,0,X|Y,1
K,153,Y,160,R,2,K,36,S,1,X,1,C,3,Y,12,R,1,X,1,C,1,K,1,S,1,Y,1,"L1:[sp=K,153] Y=160,R=2,K=36,S=1,X=1,C=3 || L2:[sp=Y,12] R=1,X=1,C=1,K=1,S=1,Y=1",-4357249.0,-163323000.0,1,K|Y,1
X,153,Y,47,R,1,K,16,S,1,X,1,C,3,Y,12,R,1,X,1,C,1,K,1,S,1,Y,1,"L1:[sp=X,153] Y=47,R=1,K=16,S=1,X=1,C=3 || L2:[sp=Y,12] R=1,X=1,C=1,K=1,S=1,Y=1",-528193.0,-163323000.0,1,X|Y,1
X,153,Y,160,S,1,K,3,R,3,X,131,C,3,Y,12,R,1,X,1,C,1,K,1,S,1,Y,1,"L1:[sp=X,153] Y=160,S=1,K=3,R=3,X=131,C=3 || L2:[sp=Y,12] R=1,X=1,C=1,K=1,S=1,Y=1",-inf,-inf,0,X|Y,1
Y,153,Y,160,R,2,K,3,S,1,X,1,C,3,K,12,R,1,X,1,C,3,K,1,S,1,Y,2,"L1:[sp=Y,153] Y=160,R=2,K=3,S=1,X=1,C=3 || L2:[sp=K,12] R=1,X=1,C=3,K=1,S=1,Y=2",-21451585.0,-163323000.0,1,Y|K,1
X,153,X,3,R,2,Y,160,K,54,S,1,C,3,Y,12,R,1,X,3,S,1,K,2,C,2,Y,1,"L1:[sp=X,153] X=3,R=2,Y=160,K=54,S=1,C=3 || L2:[sp=Y,12] R=1,X=3,S=1,K=2,C=2,Y=1",-inf,-inf,0,X|Y,1
X,153,X,199,C,3,Y,160,K,3,S,1,R,3,Y,12,R,1,X,1,S,1,K,2,C,2,Y,1,"L1:[sp=X,153] X=199,C=3,Y=160,K=3,S=1,R=3 || L2:[sp=Y,12] R=1,X=1,S=1,K=2,C=2,Y=1",-inf,-inf,0,X|Y,1
X,153,X,3,R,3,Y,160,S,1,K,3,C,3,Y,12,R,1,Y,1,S,1,K,2,C,1,X,1,"L1:[sp=X,153] X=3,R=3,Y=160,S=1,K=3,C=3 || L2:[sp=Y,12] R=1,Y=1,S=1,K=2,C=1,X=1",-622873.0,-163323000.0,1,X|Y,1
Y,153,Y,160,C,1,K,3,X,3,S,1,R,1,X,12,Y,1,R,1,C,1,K,1,S,1,X,1,"L1:[sp=Y,153] Y=160,C=1,K=3,X=3,S=1,R=1 || L2:[sp=X,12] Y=1,R=1,C=1,K=1,S=1,X=1",-20780551.0,-163323000.0,1,Y|X,1
X,153,X,3,R,3,Y,160,K,3,S,1,C,3,Y,12,R,1,X,1,S,1,K,1,C,2,Y,1,"L1:[sp=X,153] X=3,R=3,Y=160,K=3,S=1,C=3 || L2:[sp=Y,12] R=1,X=1,S=1,K=1,C=2,Y=1",-622873.0,-163323000.0,1,X|Y,1
Y,153,Y,160,R,2,K,3,S,1,X,1,C,3,Y,12,K,1,X,1,C,1,R,1,S,1,Y,1,"L1:[sp=Y,153] Y=160,R=2,K=3,S=1,X=1,C=3 || L2:[sp=Y,12] K=1,X=1,C=1,R=1,S=1,Y=1",-5448577.0,-163323000.0,1,Y|Y,1
X,153,X,3,R,1,Y,160,S,3,K,3,C,3,Y,12,R,1,Y,1,S,1,K,2,C,1,X,1,"L1:[sp=X,153] X=3,R=1,Y=160,S=3,K=3,C=3 || L2:[sp=Y,12] R=1,Y=1,S=1,K=2,C=1,X=1",-1037593.0,-163324000.0,1,X|Y,1
X,153,Y,47,R,1,K,16,S,1,X,1,C,3,Y,12,X,1,R,1,C,1,K,1,S,1,Y,1,"L1:[sp=X,153] Y=47,R=1,K=16,S=1,X=1,C=3 || L2:[sp=Y,12] X=1,R=1,C=1,K=1,S=1,Y=1",-528193.0,-163323000.0,1,X|Y,1
Y,153,Y,160,R,3,K,3,S,1,X,3,C,3,X,12,R,1,X,1,C,1,K,1,S,1,Y,1,"L1:[sp=Y,153] Y=160,R=3,K=3,S=1,X=3,C=3 || L2:[sp=X,12] R=1,X=1,C=1,K=1,S=1,Y=1",-21000151.0,-163323000.0,1,Y|X,1
X,153,X,168,R,1,Y,160,K,3,S,1,C,3,Y,12,R,1,X,1,S,1,K,1,C,2,Y,1,"L1:[sp=X,153] X=168,R=1,Y=160,K=3,S=1,C=3 || L2:[sp=Y,12] R=1,X=1,S=1,K=1,C=2,Y=1",-inf,-inf,0,X|Y,1
Y,153,X,3,R,2,Y,160,C,3,S,1,K,3,X,12,R,1,X,1,S,1,K,2,C,2,Y,1,"L1:[sp=Y,153] X=3,R=2,Y=160,C=3,S=1,K=3 || L2:[sp=X,12] R=1,X=1,S=1,K=2,C=2,Y=1",-20875501.0,-163323000.0,1,Y|X,1
X,153,X,1,R,1,K,16,S,1,Y,47,C,3,Y,12,R,1,X,1,C,1,K,1,S,1,Y,11,"L1:[sp=X,153] X=1,R=1,K=16,S=1,Y=47,C=3 || L2:[sp=Y,12] R=1,X=1,C=1,K=1,S=1,Y=11",-1523521.0,-163323000.0,1,X|Y,1
X,153,Y,47,R,1,K,16,S,1,X,1,C,3,Y,12,R,1,X,1,C,1,K,1,S,1,Y,1,"L1:[sp=X,153] Y=47,R=1,K=16,S=1,X=1,C=3 || L2:[sp=Y,12] R=1,X=1,C=1,K=1,S=1,Y=1",-528193.0,-163323000.0,1,X|Y,1
X,153,X,3,R,3,Y,160,S,1,K,3,C,3,Y,12,R,1,Y,1,S,1,K,1,C,2,X,1,"L1:[sp=X,153] X=3,R=3,Y=160,S=1,K=3,C=3 || L2:[sp=Y,12] R=1,Y=1,S=1,K=1,C=2,X=1",-622873.0,-163323000.0,1,X|Y,1
X,153,X,3,R,3,Y,155,K,3,S,1,C,3,Y,12,R,1,X,1,S,1,C,2,K,2,Y,1,"L1:[sp=X,153] X=3,R=3,Y=155,K=3,S=1,C=3 || L2:[sp=Y,12] R=1,X=1,S=1,C=2,K=2,Y=1",-622873.0,-163323000.0,1,X|Y,1
Y,153,X,3,R,3,Y,84,S,1,K,3,C,3,Y,12,R,2,Y,1,S,1,K,2,C,1,X,2,"L1:[sp=Y,153] X=3,R=3,Y=84,S=1,K=3,C=3 || L2:[sp=Y,12] R=2,Y=1,S=1,K=2,C=1,X=2",-3488599.0,-163323000.0,1,Y|Y,1
X,153,X,3,C,1,K,3,Y,160,S,1,R,3,Y,12,Y,1,R,1,C,1,K,1,X,2,S,1,"L1:[sp=X,153] X=3,C=1,K=3,Y=160,S=1,R=3 || L2:[sp=Y,12] Y=1,R=1,C=1,K=1,X=2,S=1",-624457.0,-163323000.0,1,X|Y,1
Y,153,Y,47,R,1,K,16,S,1,X,1,C,3,Y,47,X,1,R,1,C,1,K,1,S,1,Y,1,"L1:[sp=Y,153] Y=47,R=1,K=16,S=1,X=1,C=3 || L2:[sp=Y,47] X=1,R=1,C=1,K=1,S=1,Y=1",-790273.0,-163323000.0,1,Y|Y,1
C,153,X,3,R,1,Y,160,S,3,K,3,C,3,Y,12,R,1,Y,1,S,1,K,1,C,1,X,1,"L1:[sp=C,153] X=3,R=1,Y=160,S=3,K=3,C=3 || L2:[sp=Y,12] R=1,Y=1,S=1,K=1,C=1,X=1",-12796969.0,-163323000.0,1,C|Y,1
K,153,X,3,R,3,Y,211,K,3,S,1,C,3,Y,12,R,1,Y,1,S,1,C,2,X,1,K,1,"L1:[sp=K,153] X=3,R=3,Y=211,K=3,S=1,C=3 || L2:[sp=Y,12] R=1,Y=1,S=1,C=2,X=1,K=1",-726661.0,-163323000.0,1,K|Y,1
X,153,Y,47,R,1,K,20,S,3,X,1,C,3,Y,12,X,1,R,1,C,1,K,1,S,1,Y,1,"L1:[sp=X,153] Y=47,R=1,K=20,S=3,X=1,C=3 || L2:[sp=Y,12] X=1,R=1,C=1,K=1,S=1,Y=1",-1576897.0,-163323000.0,1,X|Y,1
X,153,Y,160,R,1,K,16,S,3,X,3,C,3,Y,12,R,1,X,1,C,1,K,1,S,1,Y,1,"L1:[sp=X,153] Y=160,R=1,K=16,S=3,X=3,C=3 || L2:[sp=Y,12] R=1,X=1,C=1,K=1,S=1,Y=1",-inf,-inf,0,X|Y,1
X,153,X,209,R,1,Y,47,S,1,K,3,C,3,Y,12,R,1,Y,1,S,1,K,2,C,1,X,203,"L1:[sp=X,153] X=209,R=1,Y=47,S=1,K=3,C=3 || L2:[sp=Y,12] R=1,Y=1,S=1,K=2,C=1,X=203",-inf,-inf,0,X|Y,1
X,153,Y,23,R,3,K,16,S,1,X,1,C,3,Y,12,R,1,X,1,C,1,K,1,S,1,Y,1,"L1:[sp=X,153] Y=23,R=3,K=16,S=1,X=1,C=3 || L2:[sp=Y,12] R=1,X=1,C=1,K=1,S=1,Y=1",-803713.0,-163323000.0,1,X|Y,1
X,153,Y,47,R,1,K,16,S,1,X,1,C,3,Y,1,R,1,X,1,C,1,K,1,S,1,Y,1,"L1:[sp=X,153] Y=47,R=1,K=16,S=1,X=1,C=3 || L2:[sp=Y,1] R=1,X=1,C=1,K=1,S=1,Y=1",-inf,-inf,0,X|Y,1
X,153,X,3,R,1,Y,160,K,3,S,3,C,3,Y,160,R,1,X,1,S,1,K,1,C,2,Y,1,"L1:[sp=X,153] X=3,R=1,Y=160,K=3,S=3,C=3 || L2:[sp=Y,160] R=1,X=1,S=1,K=1,C=2,Y=1",-1288489.0,-163323000.0,1,X|Y,1
X,153,X,3,R,3,Y,160,S,3,K,3,C,3,C,1,R,1,Y,1,S,1,K,2,C,1,X,1,"L1:[sp=X,153] X=3,R=3,Y=160,S=3,K=3,C=3 || L2:[sp=C,1] R=1,Y=1,S=1,K=2,C=1,X=1",-inf,-inf,0,X|C,1
X,153,X,3,R,1,Y,160,K,3,S,3,C,3,Y,12,R,1,X,1,S,1,K,1,C,2,Y,1,"L1:[sp=X,153] X=3,R=1,Y=160,K=3,S=3,C=3 || L2:[sp=Y,12] R=1,X=1,S=1,K=1,C=2,Y=1",-1037593.0,-163324000.0,1,X|Y,1
X,153,X,3,R,3,Y,160,S,1,K,3,C,3,Y,12,R,1,Y,43,S,1,K,2,C,1,X,1,"L1:[sp=X,153] X=3,R=3,Y=160,S=1,K=3,C=3 || L2:[sp=Y,12] R=1,Y=43,S=1,K=2,C=1,X=1",-2675737.0,-163324000.0,1,X|Y,1
K,153,X,1,R,1,K,16,S,1,Y,47,C,3,K,8,R,1,X,1,C,1,K,1,S,1,Y,40,"L1:[sp=K,153] X=1,R=1,K=16,S=1,Y=47,C=3 || L2:[sp=K,8] R=1,X=1,C=1,K=1,S=1,Y=40",-2368801.0,-163323000.0,1,K|K,1
X,153,Y,47,R,3,K,16,S,1,X,1,C,3,Y,12,X,1,R,1,C,1,K,1,S,1,Y,1,"L1:[sp=X,153] Y=47,R=3,K=16,S=1,X=1,C=3 || L2:[sp=Y,12] X=1,R=1,C=1,K=1,S=1,Y=1",-636865.0,-163323000.0,1,X|Y,1
X,153,Y,23,X,1,K,16,S,1,R,3,C,3,Y,12,R,2,X,1,C,1,K,5,S,1,Y,1,"L1:[sp=X,153] Y=23,X=1,K=16,S=1,R=3,C=3 || L2:[sp=Y,12] R=2,X=1,C=1,K=5,S=1,Y=1",-582529.0,-163323000.0,1,X|Y,1
X,153,X,3,C,1,K,3,Y,160,S,1,R,1,Y,12,Y,1,R,1,C,1,K,1,X,1,S,1,"L1:[sp=X,153] X=3,C=1,K=3,Y=160,S=1,R=1 || L2:[sp=Y,12] Y=1,R=1,C=1,K=1,X=1,S=1",-629209.0,-163323000.0,1,X|Y,1
X,153,Y,47,R,1,K,16,S,1,X,1,C,3,Y,12,R,1,X,1,C,1,K,1,S,1,Y,1,"L1:[sp=X,153] Y=47,R=1,K=16,S=1,X=1,C=3 || L2:[sp=Y,12] R=1,X=1,C=1,K=1,S=1,Y=1",-528193.0,-163323000.0,1,X|Y,1
X,153,X,3,R,3,Y,115,K,3,S,1,C,3,Y,12,R,1,X,1,S,1,C,2,K,2,Y,1,"L1:[sp=X,153] X=3,R=3,Y=115,K=3,S=1,C=3 || L2:[sp=Y,12] R=1,X=1,S=1,C=2,K=2,Y=1",-622873.0,-163323000.0,1,X|Y,1
X,153,X,3,R,3,Y,160,S,1,K,3,C,3,Y,12,R,1,Y,1,S,1,K,1,X,1,C,2,"L1:[sp=X,153] X=3,R=3,Y=160,S=1,K=3,C=3 || L2:[sp=Y,12] R=1,Y=1,S=1,K=1,X=1,C=2",-622873.0,-163323000.0,1,X|Y,1
Y,153,X,3,C,1,K,3,Y,160,S,1,R,3,Y,12,Y,1,R,1,C,1,K,1,X,1,S,1,"L1:[sp=Y,153] X=3,C=1,K=3,Y=160,S=1,R=3 || L2:[sp=Y,12] Y=1,R=1,C=1,K=1,X=1,S=1",-5433859.0,-163323000.0,1,Y|Y,1
X,153,X,3,C,1,K,3,Y,160,S,1,R,1,Y,12,X,2,R,1,C,1,K,1,Y,1,S,1,"L1:[sp=X,153] X=3,C=1,K=3,Y=160,S=1,R=1 || L2:[sp=Y,12] X=2,R=1,C=1,K=1,Y=1,S=1",-629209.0,-163323000.0,1,X|Y,1
X,153,X,3,R,3,Y,160,S,1,K,3,C,3,K,1,R,1,Y,1,S,1,K,1,C,2,X,2,"L1:[sp=X,153] X=3,R=3,Y=160,S=1,K=3,C=3 || L2:[sp=K,1] R=1,Y=1,S=1,K=1,C=2,X=2",-inf,-inf,0,X|K,1
X,153,X,126,C,1,K,55,Y,160,S,1,R,3,Y,12,Y,1,R,1,C,1,K,1,X,1,S,1,"L1:[sp=X,153] X=126,C=1,K=55,Y=160,S=1,R=3 || L2:[sp=Y,12] Y=1,R=1,C=1,K=1,X=1,S=1",-inf,-inf,0,X|Y,1
Y,153,X,3,R,1,Y,160,K,10,S,1,C,1,X,12,R,1,X,1,S,1,C,1,K,2,Y,1,"L1:[sp=Y,153] X=3,R=1,Y=160,K=10,S=1,C=1 || L2:[sp=X,12] R=1,X=1,S=1,C=1,K=2,Y=1",-20750176.0,-163323000.0,1,Y|X,1
X,153,X,3,C,3,K,3,Y,155,S,1,R,1,Y,12,Y,1,R,1,C,2,K,1,X,1,S,1,"L1:[sp=X,153] X=3,C=3,K=3,Y=155,S=1,R=1 || L2:[sp=Y,12] Y=1,R=1,C=2,K=1,X=1,S=1",-593353.0,-163323000.0,1,X|Y,1
X,153,X,3,R,3,Y,155,K,3,S,1,C,3,Y,12,R,1,X,1,S,1,C,2,K,2,Y,1,"L1:[sp=X,153] X=3,R=3,Y=155,K=3,S=1,C=3 || L2:[sp=Y,12] R=1,X=1,S=1,C=2,K=2,Y=1",-622873.0,-163323000.0,1,X|Y,1
X,153,X,3,R,3,Y,160,S,1,K,3,C,3,Y,12,R,1,Y,1,S,1,K,1,C,2,X,1,"L1:[sp=X,153] X=3,R=3,Y=160,S=1,K=3,C=3 || L2:[sp=Y,12] R=1,Y=1,S=1,K=1,C=2,X=1",-622873.0,-163323000.0,1,X|Y,1
X,153,X,3,C,3,K,3,Y,79,S,1,R,3,Y,12,Y,1,R,1,C,1,K,1,X,1,S,1,"L1:[sp=X,153] X=3,C=3,K=3,Y=79,S=1,R=3 || L2:[sp=Y,12] Y=1,R=1,C=1,K=1,X=1,S=1",-623269.0,-163323000.0,1,X|Y,1
X,153,X,3,R,1,Y,155,K,3,S,1,C,3,Y,12,R,1,X,1,S,1,C,1,K,2,Y,1,"L1:[sp=X,153] X=3,R=1,Y=155,K=3,S=1,C=3 || L2:[sp=Y,12] R=1,X=1,S=1,C=1,K=2,Y=1",-593353.0,-163323000.0,1,X|Y,1
X,153,Y,160,R,3,K,16,S,3,X,3,C,1,Y,12,X,1,S,1,C,1,K,1,R,1,Y,1,"L1:[sp=X,153] Y=160,R=3,K=16,S=3,X=3,C=1 || L2:[sp=Y,12] X=1,S=1,C=1,K=1,R=1,Y=1",-inf,-inf,0,X|Y,1
X,153,X,1,C,3,K,3,Y,47,S,3,R,3,Y,12,Y,1,R,1,C,1,K,1,X,1,S,1,"L1:[sp=X,153] X=1,C=3,K=3,Y=47,S=3,R=3 || L2:[sp=Y,12] Y=1,R=1,C=1,K=1,X=1,S=1",-1909473.0,-163323000.0,1,X|Y,1
X,153,X,3,R,3,Y,154,K,3,S,1,C,3,Y,12,R,1,X,1,S,1,C,2,K,1,Y,1,"L1:[sp=X,153] X=3,R=3,Y=154,K=3,S=1,C=3 || L2:[sp=Y,12] R=1,X=1,S=1,C=2,K=1,Y=1",-591769.0,-163323000.0,1,X|Y,1
K,153,Y,155,R,3,X,3,K,3,S,1,C,3,Y,12,R,1,Y,1,S,1,C,2,X,1,K,1,"L1:[sp=K,153] Y=155,R=3,X=3,K=3,S=1,C=3 || L2:[sp=Y,12] R=1,Y=1,S=1,C=2,X=1,K=1",-726661.0,-163323000.0,1,K|Y,1
K,153,X,3,R,3,Y,211,K,5,S,1,C,3,Y,12,R,1,Y,1,S,1,C,2,X,1,K,1,"L1:[sp=K,153] X=3,R=3,Y=211,K=5,S=1,C=3 || L2:[sp=Y,12] R=1,Y=1,S=1,C=2,X=1,K=1",-605251.0,-163324000.0,1,K|Y,1
Y,153,Y,23,X,1,K,16,C,3,R,3,S,1,X,12,R,2,X,1,C,1,K,3,S,1,Y,1,"L1:[sp=Y,153] Y=23,X=1,K=16,C=3,R=3,S=1 || L2:[sp=X,12] R=2,X=1,C=1,K=3,S=1,Y=1",-9292417.0,-163323000.0,1,Y|X,1
X,153,Y,155,K,16,R,3,S,3,X,140,C,3,Y,12,X,1,R,1,C,1,K,1,S,1,Y,1,"L1:[sp=X,153] Y=155,K=16,R=3,S=3,X=140,C=3 || L2:[sp=Y,12] X=1,R=1,C=1,K=1,S=1,Y=1",-inf,-inf,0,X|Y,1
X,153,X,1,R,3,Y,47,K,3,S,1,C,3,Y,12,R,1,C,2,S,1,X,1,K,2,Y,1,"L1:[sp=X,153] X=1,R=3,Y=47,K=3,S=1,C=3 || L2:[sp=Y,12] R=1,C=2,S=1,X=1,K=2,Y=1",-641185.0,-163323000.0,1,X|Y,1
X,153,Y,47,R,1,K,16,S,1,X,1,C,3,Y,12,R,1,X,1,C,1,K,1,S,1,Y,1,"L1:[sp=X,153] Y=47,R=1,K=16,S=1,X=1,C=3 || L2:[sp=Y,12] R=1,X=1,C=1,K=1,S=1,Y=1",-528193.0,-163323000.0,1,X|Y,1
X,153,X,24,R,3,Y,115,K,3,S,1,C,3,Y,12,R,1,X,1,S,1,C,2,K,2,Y,1,"L1:[sp=X,153] X=24,R=3,Y=115,K=3,S=1,C=3 || L2:[sp=Y,12] R=1,X=1,S=1,C=2,K=2,Y=1",-inf,-inf,0,X|Y,1
X,153,X,3,K,3,Y,154,R,3,S,1,C,3,Y,12,R,1,X,1,S,1,C,2,K,1,Y,1,"L1:[sp=X,153] X=3,K=3,Y=154,R=3,S=1,C=3 || L2:[sp=Y,12] R=1,X=1,S=1,C=2,K=1,Y=1",-591769.0,-163323000.0,1,X|Y,1
K,153,X,3,R,3,Y,211,K,5,S,1,C,3,Y,12,R,1,Y,1,S,1,C,2,X,1,K,1,"L1:[sp=K,153] X=3,R=3,Y=211,K=5,S=1,C=3 || L2:[sp=Y,12] R=1,Y=1,S=1,C=2,X=1,K=1",-605251.0,-163324000.0,1,K|Y,1
Y,153,X,3,R,3,Y,160,S,1,K,3,C,3,Y,12,R,1,Y,1,S,1,K,1,X,1,C,2,"L1:[sp=Y,153] X=3,R=3,Y=160,S=1,K=3,C=3 || L2:[sp=Y,12] R=1,Y=1,S=1,K=1,X=1,C=2",-5423959.0,-163323000.0,1,Y|Y,1
X,153,X,3,R,3,Y,155,K,3,S,2,C,3,Y,12,R,1,X,1,S,1,C,1,K,2,Y,1,"L1:[sp=X,153] X=3,R=3,Y=155,K=3,S=2,C=3 || L2:[sp=Y,12] R=1,X=1,S=1,C=1,K=2,Y=1",-829969.0,-163324000.0,1,X|Y,1
K,153,X,78,R,1,Y,211,K,5,S,1,C,3,Y,12,R,1,Y,1,S,1,C,2,X,1,K,1,"L1:[sp=K,153] X=78,R=1,Y=211,K=5,S=1,C=3 || L2:[sp=Y,12] R=1,Y=1,S=1,C=2,X=1,K=1",-inf,-inf,0,K|Y,1
X,153,Y,47,R,1,K,16,S,3,X,1,C,3,K,4,R,1,X,1,C,1,K,1,S,1,Y,1,"L1:[sp=X,153] Y=47,R=1,K=16,S=3,X=1,C=3 || L2:[sp=K,4] R=1,X=1,C=1,K=1,S=1,Y=1",-1742185.0,-163324000.0,1,X|K,1
X,153,X,3,R,1,Y,155,K,3,S,1,C,1,Y,12,Y,1,X,1,S,1,C,1,K,2,R,1,"L1:[sp=X,153] X=3,R=1,Y=155,K=3,S=1,C=1 || L2:[sp=Y,12] Y=1,X=1,S=1,C=1,K=2,R=1",-598105.0,-163323000.0,1,X|Y,1
X,153,X,69,R,3,Y,160,S,1,K,3,C,3,Y,12,R,1,Y,1,S,1,K,1,X,54,C,2,"L1:[sp=X,153] X=69,R=3,Y=160,S=1,K=3,C=3 || L2:[sp=Y,12] R=1,Y=1,S=1,K=1,X=54,C=2",-inf,-inf,0,X|Y,1
K,153,X,3,R,3,Y,211,K,5,S,1,C,3,Y,12,R,1,Y,200,S,1,C,2,X,1,K,1,"L1:[sp=K,153] X=3,R=3,Y=211,K=5,S=1,C=3 || L2:[sp=Y,12] R=1,Y=200,S=1,C=2,X=1,K=1",-inf,-inf,0,K|Y,1
Y,153,X,3,C,3,K,3,Y,155,S,1,R,1,X,12,Y,1,R,1,C,2,K,3,X,2,S,1,"L1:[sp=Y,153] X=3,C=3,K=3,Y=155,S=1,R=1 || L2:[sp=X,12] Y=1,R=1,C=2,K=3,X=2,S=1",-41446351.0,-163323000.0,1,Y|X,1
X,153,X,3,R,3,Y,155,K,3,S,1,C,3,Y,12,R,1,X,1,S,1,C,1,K,2,Y,1,"L1:[sp=X,153] X=3,R=3,Y=155,K=3,S=1,C=3 || L2:[sp=Y,12] R=1,X=1,S=1,C=1,K=2,Y=1",-622873.0,-163323000.0,1,X|Y,1
X,153,X,3,R,1,Y,155,K,3,S,1,C,2,Y,12,R,1,X,1,S,1,C,1,K,2,Y,27,"L1:[sp=X,153] X=3,R=1,Y=155,K=3,S=1,C=2 || L2:[sp=Y,12] R=1,X=1,S=1,C=1,K=2,Y=27",-1684369.0,-163324000.0,1,X|Y,1
X,153,X,58,R,3,Y,154,K,61,S,1,C,3,Y,12,R,1,X,1,S,1,C,2,K,30,Y,1,"L1:[sp=X,153] X=58,R=3,Y=154,K=61,S=1,C=3 || L2:[sp=Y,12] R=1,X=1,S=1,C=2,K=30,Y=1",-inf,-inf,0,X|Y,1
X,153,X,3,K,3,Y,155,R,1,S,1,C,3,Y,12,R,1,X,1,S,1,C,1,K,2,Y,1,"L1:[sp=X,153] X=3,K=3,Y=155,R=1,S=1,C=3 || L2:[sp=Y,12] R=1,X=1,S=1,C=1,K=2,Y=1",-593353.0,-163323000.0,1,X|Y,1
K,153,Y,47,R,1,K,16,S,1,X,1,C,1,Y,12,R,1,X,1,C,1,K,1,S,1,Y,1,"L1:[sp=K,153] Y=47,R=1,K=16,S=1,X=1,C=1 || L2:[sp=Y,12] R=1,X=1,C=1,K=1,S=1,Y=1",-1868833.0,-163323000.0,1,K|Y,1
K,153,X,3,R,1,Y,154,K,3,S,1,C,3,Y,12,R,1,X,1,S,1,C,2,K,1,Y,1,"L1:[sp=K,153] X=3,R=1,Y=154,K=3,S=1,C=3 || L2:[sp=Y,12] R=1,X=1,S=1,C=2,K=1,Y=1",-692173.0,-163323000.0,1,K|Y,1
X,153,X,3,C,3,K,3,Y,155,S,1,R,3,Y,12,Y,1,R,1,C,2,K,1,X,1,S,1,"L1:[sp=X,153] X=3,C=3,K=3,Y=155,S=1,R=3 || L2:[sp=Y,12] Y=1,R=1,C=2,K=1,X=1,S=1",-622873.0,-163323000.0,1,X|Y,1
Y,153,X,3,R,3,Y,37,K,5,S,1,C,2,K,12,X,1,Y,1,S,1,C,2,R,1,K,1,"L1:[sp=Y,153] X=3,R=3,Y=37,K=5,S=1,C=2 || L2:[sp=K,12] X=1,Y=1,S=1,C=2,R=1,K=1",-4094299.0,-163323000.0,1,Y|K,1
K,153,X,212,R,1,S,1,K,3,Y,155,C,3,Y,12,R,1,X,1,S,1,Y,1,K,2,C,1,"L1:[sp=K,153] X=212,R=1,S=1,K=3,Y=155,C=3 || L2:[sp=Y,12] R=1,X=1,S=1,Y=1,K=2,C=1",-inf,-inf,0,K|Y,1
X,153,Y,47,R,1,K,16,S,1,X,1,C,3,Y,12,R,1,X,1,C,1,K,1,S,1,Y,1,"L1:[sp=X,153] Y=47,R=1,K=16,S=1,X=1,C=3 || L2:[sp=Y,12] R=1,X=1,C=1,K=1,S=1,Y=1",-528193.0,-163323000.0,1,X|Y,1
X,153,X,3,C,1,K,3,Y,120,S,1,R,3,Y,12,Y,1,R,2,C,1,K,1,X,1,S,1,"L1:[sp=X,153] X=3,C=1,K=3,Y=120,S=1,R=3 || L2:[sp=Y,12] Y=1,R=2,C=1,K=1,X=1,S=1",-686665.0,-163323000.0,1,X|Y,1
K,153,X,3,R,3,Y,22,K,5,S,1,C,3,Y,12,R,1,Y,22,S,1,C,2,X,1,K,1,"L1:[sp=K,153] X=3,R=3,Y=22,K=5,S=1,C=3 || L2:[sp=Y,12] R=1,Y=22,S=1,C=2,X=1,K=1",-7320556.0,-163323000.0,1,K|Y,1
X,153,Y,47,R,1,K,16,S,1,X,1,C,3,Y,12,R,1,X,1,C,1,K,1,S,1,Y,1,"L1:[sp=X,153] Y=47,R=1,K=16,S=1,X=1,C=3 || L2:[sp=Y,12] R=1,X=1,C=1,K=1,S=1,Y=1",-528193.0,-163323000.0,1,X|Y,1
X,153,X,3,R,1,Y,197,K,3,S,1,C,1,Y,12,Y,1,X,1,S,1,C,1,K,2,R,1,"L1:[sp=X,153] X=3,R=1,Y=197,K=3,S=1,C=1 || L2:[sp=Y,12] Y=1,X=1,S=1,C=1,K=2,R=1",-629209.0,-163323000.0,1,X|Y,1
K,153,X,3,S,1,R,3,K,5,Y,211,C,3,Y,12,Y,1,R,1,S,1,C,2,X,1,K,1,"L1:[sp=K,153] X=3,S=1,R=3,K=5,Y=211,C=3 || L2:[sp=Y,12] Y=1,R=1,S=1,C=2,X=1,K=1",-605251.0,-163324000.0,1,K|Y,1
X,153,X,3,K,3,R,1,Y,32,S,1,C,3,Y,12,R,1,X,1,S,1,C,1,K,2,Y,1,"L1:[sp=X,153] X=3,K=3,R=1,Y=32,S=1,C=3 || L2:[sp=Y,12] R=1,X=1,S=1,C=1,K=2,Y=1",-661501.0,-163323000.0,1,X|Y,1
X,153,X,3,K,3,Y,155,R,3,S,1,C,3,Y,12,R,1,X,1,S,1,C,1,K,2,Y,1,"L1:[sp=X,153] X=3,K=3,Y=155,R=3,S=1,C=3 || L2:[sp=Y,12] R=1,X=1,S=1,C=1,K=2,Y=1",-622873.0,-163323000.0,1,X|Y,1
Y,153,X,3,R,1,Y,155,K,47,S,1,C,3,X,12,R,1,X,1,S,1,C,1,K,2,Y,1,"L1:[sp=Y,153] X=3,R=1,Y=155,K=47,S=1,C=3 || L2:[sp=X,12] R=1,X=1,S=1,C=1,K=2,Y=1",-20089351.0,-163323000.0,1,Y|X,1
X,153,X,3,K,3,Y,155,R,1,S,1,C,3,Y,12,C,1,X,1,S,1,R,1,K,3,Y,1,"L1:[sp=X,153] X=3,K=3,Y=155,R=1,S=1,C=3 || L2:[sp=Y,12] C=1,X=1,S=1,R=1,K=3,Y=1",-611821.0,-163323000.0,1,X|Y,1
K,153,X,3,R,1,Y,154,K,33,S,1,C,3,Y,12,R,1,X,1,S,1,C,2,K,1,Y,1,"L1:[sp=K,153] X=3,R=1,Y=154,K=33,S=1,C=3 || L2:[sp=Y,12] R=1,X=1,S=1,C=2,K=1,Y=1",-3793447.0,-163323000.0,1,K|Y,1
X,153,X,3,K,3,Y,154,R,3,S,1,C,3,Y,12,R,1,X,1,S,1,C,2,K,1,Y,1,"L1:[sp=X,153] X=3,K=3,Y=154,R=3,S=1,C=3 || L2:[sp=Y,12] R=1,X=1,S=1,C=2,K=1,Y=1",-591769.0,-163323000.0,1,X|Y,1
X,153,X,3,C,3,K,3,Y,30,S,1,R,3,Y,12,Y,1,R,1,C,2,K,1,X,1,S,1,"L1:[sp=X,153] X=3,C=3,K=3,Y=30,S=1,R=3 || L2:[sp=Y,12] Y=1,R=1,C=2,K=1,X=1,S=1",-718561.0,-163323000.0,1,X|Y,1
X,153,X,1,K,3,Y,47,R,1,S,1,C,3,Y,12,R,1,X,1,S,1,C,1,K,2,Y,1,"L1:[sp=X,153] X=1,K=3,Y=47,R=1,S=1,C=3 || L2:[sp=Y,12] R=1,X=1,S=1,C=1,K=2,Y=1",-541153.0,-163323000.0,1,X|Y,1
X,153,Y,155,R,1,K,16,S,3,X,3,C,3,Y,12,R,1,X,1,C,1,K,1,S,1,Y,1,"L1:[sp=X,153] Y=155,R=1,K=16,S=3,X=3,C=3 || L2:[sp=Y,12] R=1,X=1,C=1,K=1,S=1,Y=1",-inf,-inf,0,X|Y,1
X,153,X,3,K,3,Y,154,R,3,S,1,C,3,Y,12,R,1,X,1,K,2,C,2,S,1,Y,92,"L1:[sp=X,153] X=3,K=3,Y=154,R=3,S=1,C=3 || L2:[sp=Y,12] R=1,X=1,K=2,C=2,S=1,Y=92",-inf,-inf,0,X|Y,1
X,153,X,3,K,3,Y,155,R,1,S,1,C,3,Y,12,R,1,X,1,S,1,C,1,K,1,Y,1,"L1:[sp=X,153] X=3,K=3,Y=155,R=1,S=1,C=3 || L2:[sp=Y,12] R=1,X=1,S=1,C=1,K=1,Y=1",-593353.0,-163323000.0,1,X|Y,1
K,153,X,3,R,2,Y,211,K,5,S,1,C,3,Y,12,R,1,Y,1,S,1,C,2,X,3,K,1,"L1:[sp=K,153] X=3,R=2,Y=211,K=5,S=1,C=3 || L2:[sp=Y,12] R=1,Y=1,S=1,C=2,X=3,K=1",-608401.0,-163324000.0,1,K|Y,1
X,153,Y,47,R,1,K,55,S,1,X,1,C,2,Y,12,R,1,X,1,C,1,K,1,S,1,Y,1,"L1:[sp=X,153] Y=47,R=1,K=55,S=1,X=1,C=2 || L2:[sp=Y,12] R=1,X=1,C=1,K=1,S=1,Y=1",-528193.0,-163323000.0,1,X|Y,1
X,153,Y,47,R,3,K,16,S,1,X,3,C,3,Y,12,R,1,X,1,C,1,K,1,S,1,Y,1,"L1:[sp=X,153] Y=47,R=3,K=16,S=1,X=3,C=3 || L2:[sp=Y,12] R=1,X=1,C=1,K=1,S=1,Y=1",-715753.0,-163323000.0,1,X|Y,1
X,153,X,1,C,3,K,3,Y,155,S,1,R,1,Y,12,Y,54,R,1,C,2,K,1,X,1,S,1,"L1:[sp=X,153] X=1,C=3,K=3,Y=155,S=1,R=1 || L2:[sp=Y,12] Y=54,R=1,C=2,K=1,X=1,S=1",-2992321.0,-163323000.0,1,X|Y,1
X,153,Y,47,R,1,K,16,S,1,X,1,C,3,Y,12,R,1,X,1,C,1,K,1,S,1,Y,1,"L1:[sp=X,153] Y=47,R=1,K=16,S=1,X=1,C=3 || L2:[sp=Y,12] R=1,X=1,C=1,K=1,S=1,Y=1",-528193.0,-163323000.0,1,X|Y,1
X,153,X,3,S,1,R,1,Y,155,K,3,C,2,Y,12,R,1,X,1,S,1,C,2,K,1,Y,79,"L1:[sp=X,153] X=3,S=1,R=1,Y=155,K=3,C=2 || L2:[sp=Y,12] R=1,X=1,S=1,C=2,K=1,Y=79",-6557329.0,-163324000.0,1,X|Y,1
X,153,X,3,K,3,Y,216,R,3,S,1,C,3,Y,12,R,1,X,1,S,1,C,2,K,1,Y,1,"L1:[sp=X,153] X=3,K=3,Y=216,R=3,S=1,C=3 || L2:[sp=Y,12] R=1,X=1,S=1,C=2,K=1,Y=1",-inf,-inf,0,X|Y,1
X,153,X,3,K,3,Y,155,R,1,S,1,C,3,Y,12,R,1,X,2,S,1,C,2,K,1,Y,1,"L1:[sp=X,153] X=3,K=3,Y=155,R=1,S=1,C=3 || L2:[sp=Y,12] R=1,X=2,S=1,C=2,K=1,Y=1",-593353.0,-163323000.0,1,X|Y,1
X,153,X,3,K,3,Y,154,R,3,C,3,S,1,Y,12,R,1,X,1,S,1,C,1,K,3,Y,1,"L1:[sp=X,153] X=3,K=3,Y=154,R=3,C=3,S=1 || L2:[sp=Y,12] R=1,X=1,S=1,C=1,K=3,Y=1",-610237.0,-163323000.0,1,X|Y,1
X,153,X,3,K,3,Y,155,R,3,C,3,S,1,Y,12,R,2,X,1,S,1,C,1,K,1,Y,1,"L1:[sp=X,153] X=3,K=3,Y=155,R=3,C=3,S=1 || L2:[sp=Y,12] R=2,X=1,S=1,C=1,K=1,Y=1",-622873.0,-163323000.0,1,X|Y,1
K,153,X,3,S,1,R,1,K,5,C,3,Y,211,Y,12,Y,1,R,1,S,1,C,2,X,3,K,1,"L1:[sp=K,153] X=3,S=1,R=1,K=5,C=3,Y=211 || L2:[sp=Y,12] Y=1,R=1,S=1,C=2,X=3,K=1",-608851.0,-163324000.0,1,K|Y,1
X,153,X,1,K,3,Y,154,R,1,S,1,C,3,X,1,R,1,X,1,S,1,C,2,K,1,Y,1,"L1:[sp=X,153] X=1,K=3,Y=154,R=1,S=1,C=3 || L2:[sp=X,1] R=1,X=1,S=1,C=2,K=1,Y=1",-inf,-inf,0,X|X,1
X,153,X,3,K,3,Y,47,R,3,S,1,C,3,Y,12,R,1,X,1,S,1,C,1,K,2,Y,29,"L1:[sp=X,153] X=3,K=3,Y=47,R=3,S=1,C=3 || L2:[sp=Y,12] R=1,X=1,S=1,C=1,K=2,Y=29",-4512061.0,-163323000.0,1,X|Y,1
K,153,X,3,S,1,R,3,K,9,Y,211,C,3,Y,12,Y,1,R,1,S,1,C,2,X,1,K,1,"L1:[sp=K,153] X=3,S=1,R=3,K=9,Y=211,C=3 || L2:[sp=Y,12] Y=1,R=1,S=1,C=2,X=1,K=1",-1089091.0,-163324000.0,1,K|Y,1
K,153,X,3,R,2,Y,211,K,13,S,2,C,3,Y,12,R,1,Y,1,S,1,C,2,X,3,K,1,"L1:[sp=K,153] X=3,R=2,Y=211,K=13,S=2,C=3 || L2:[sp=Y,12] R=1,Y=1,S=1,C=2,X=3,K=1",-2085541.0,-163324000.0,1,K|Y,1
X,153,X,1,K,3,Y,47,R,1,S,1,C,3,Y,12,C,1,X,1,S,1,R,1,K,3,Y,1,"L1:[sp=X,153] X=1,K=3,Y=47,R=1,S=1,C=3 || L2:[sp=Y,12] C=1,X=1,S=1,R=1,K=3,Y=1",-557569.0,-163323000.0,1,X|Y,1
X,153,Y,155,R,1,K,16,S,1,C,3,X,3,Y,12,R,1,X,1,C,1,K,1,S,1,Y,1,"L1:[sp=X,153] Y=155,R=1,K=16,S=1,C=3,X=3 || L2:[sp=Y,12] R=1,X=1,C=1,K=1,S=1,Y=1",-inf,-inf,0,X|Y,1
X,153,X,3,K,3,Y,155,R,2,S,1,C,3,X,3,C,1,X,3,S,1,R,2,K,3,Y,1,"L1:[sp=X,153] X=3,K=3,Y=155,R=2,S=1,C=3 || L2:[sp=X,3] C=1,X=3,S=1,R=2,K=3,Y=1",-inf,-inf,0,X|X,1
K,153,X,3,R,1,Y,211,K,5,S,1,C,3,Y,12,R,1,Y,1,S,1,C,2,X,1,K,1,"L1:[sp=K,153] X=3,R=1,Y=211,K=5,S=1,C=3 || L2:[sp=Y,12] R=1,Y=1,S=1,C=2,X=1,K=1",-606151.0,-163324000.0,1,K|Y,1
X,153,Y,47,R,1,K,16,S,1,X,1,C,3,Y,12,R,1,X,1,C,1,K,1,S,1,Y,1,"L1:[sp=X,153] Y=47,R=1,K=16,S=1,X=1,C=3 || L2:[sp=Y,12] R=1,X=1,C=1,K=1,S=1,Y=1",-528193.0,-163323000.0,1,X|Y,1
X,153,X,3,K,3,Y,155,R,1,S,3,C,3,Y,12,R,1,X,1,S,1,C,1,K,1,Y,1,"L1:[sp=X,153] X=3,K=3,Y=155,R=1,S=3,C=3 || L2:[sp=Y,12] R=1,X=1,S=1,C=1,K=1,Y=1",-985753.0,-163324000.0,1,X|Y,1
X,153,X,79,S,1,Y,47,R,1,K,33,C,3,Y,12,R,1,X,1,S,1,C,1,K,2,Y,1,"L1:[sp=X,153] X=79,S=1,Y=47,R=1,K=33,C=3 || L2:[sp=Y,12] R=1,X=1,S=1,C=1,K=2,Y=1",-inf,-inf,0,X|Y,1
X,153,Y,47,R,1,K,55,S,1,X,20,C,2,Y,12,R,1,X,1,C,1,K,1,S,1,Y,1,"L1:[sp=X,153] Y=47,R=1,K=55,S=1,X=20,C=2 || L2:[sp=Y,12] R=1,X=1,C=1,K=1,S=1,Y=1",-inf,-inf,0,X|Y,1
X,153,X,3,K,3,Y,211,R,3,S,1,C,3,K,1,C,1,X,1,S,1,R,1,K,3,Y,1,"L1:[sp=X,153] X=3,K=3,Y=211,R=3,S=1,C=3 || L2:[sp=K,1] C=1,X=1,S=1,R=1,K=3,Y=1",-inf,-inf,0,X|K,1
K,153,X,3,S,1,R,3,K,5,Y,155,C,3,Y,12,Y,1,R,1,S,1,C,2,X,1,K,1,"L1:[sp=K,153] X=3,S=1,R=3,K=5,Y=155,C=3 || L2:[sp=Y,12] Y=1,R=1,S=1,C=2,X=1,K=1",-605251.0,-163323000.0,1,K|Y,1
X,153,Y,47,R,1,K,16,S,1,X,1,C,3,Y,12,R,1,X,1,C,1,K,1,S,1,Y,1,"L1:[sp=X,153] Y=47,R=1,K=16,S=1,X=1,C=3 || L2:[sp=Y,12] R=1,X=1,C=1,K=1,S=1,Y=1",-528193.0,-163323000.0,1,X|Y,1
X,153,X,3,K,3,Y,155,R,1,S,1,C,3,K,1,R,1,X,2,S,1,C,2,K,1,Y,87,"L1:[sp=X,153] X=3,K=3,Y=155,R=1,S=1,C=3 || L2:[sp=K,1] R=1,X=2,S=1,C=2,K=1,Y=87",-inf,-inf,0,X|K,1
X,153,X,99,K,3,Y,154,R,3,C,3,S,1,Y,12,R,1,X,1,S,1,C,1,K,3,Y,1,"L1:[sp=X,153] X=99,K=3,Y=154,R=3,C=3,S=1 || L2:[sp=Y,12] R=1,X=1,S=1,C=1,K=3,Y=1",-inf,-inf,0,X|Y,1
K,153,X,67,S,1,R,2,K,5,Y,155,C,3,Y,12,Y,1,R,1,S,1,C,2,X,1,K,1,"L1:[sp=K,153] X=67,S=1,R=2,K=5,Y=155,C=3 || L2:[sp=Y,12] Y=1,R=1,S=1,C=2,X=1,K=1",-inf,-inf,0,K|Y,1
K,153,X,8,K,3,Y,47,R,3,S,1,C,3,Y,12,C,1,S,1,X,1,R,1,K,1,Y,1,"L1:[sp=K,153] X=8,K=3,Y=47,R=3,S=1,C=3 || L2:[sp=Y,12] C=1,S=1,X=1,R=1,K=1,Y=1",-835465.0,-163323000.0,1,K|Y,1
X,153,X,1,K,3,Y,154,R,1,C,3,S,1,Y,12,R,1,X,1,S,1,C,1,K,3,Y,10,"L1:[sp=X,153] X=1,K=3,Y=154,R=1,C=3,S=1 || L2:[sp=Y,12] R=1,X=1,S=1,C=1,K=3,Y=10",-861697.0,-163323000.0,1,X|Y,1
X,153,X,3,K,3,Y,47,R,3,S,1,C,3,Y,12,X,1,C,1,S,1,K,3,R,1,Y,1,"L1:[sp=X,153] X=3,K=3,Y=47,R=3,S=1,C=3 || L2:[sp=Y,12] X=1,C=1,S=1,K=3,R=1,Y=1",-739729.0,-163323000.0,1,X|Y,1
X,153,S,1,K,3,Y,154,R,1,C,3,X,3,Y,12,R,1,X,2,S,1,C,1,K,3,Y,64,"L1:[sp=X,153] S=1,K=3,Y=154,R=1,C=3,X=3 || L2:[sp=Y,12] R=1,X=2,S=1,C=1,K=3,Y=64",-inf,-inf,0,X|Y,1
X,153,X,3,K,3,Y,135,R,3,S,1,C,3,Y,12,R,1,X,1,S,1,C,2,K,1,Y,1,"L1:[sp=X,153] X=3,K=3,Y=135,R=3,S=1,C=3 || L2:[sp=Y,12] R=1,X=1,S=1,C=2,K=1,Y=1",-622873.0,-163323000.0,1,X|Y,1
C,153,X,3,R,1,Y,155,K,5,S,1,C,3,Y,12,R,1,Y,1,S,1,C,2,X,2,K,1,"L1:[sp=C,153] X=3,R=1,Y=155,K=5,S=1,C=3 || L2:[sp=Y,12] R=1,Y=1,S=1,C=2,X=2,K=1",-7371919.0,-163323000.0,1,C|Y,1
X,153,X,3,K,14,Y,211,R,1,S,1,C,3,Y,12,R,1,X,1,S,1,Y,1,K,1,C,2,"L1:[sp=X,153] X=3,K=14,Y=211,R=1,S=1,C=3 || L2:[sp=Y,12] R=1,X=1,S=1,Y=1,K=1,C=2",-inf,-inf,0,X|Y,1
K,153,X,3,S,1,R,3,K,5,Y,155,C,2,Y,12,Y,1,R,1,S,1,C,2,X,1,K,1,"L1:[sp=K,153] X=3,S=1,R=3,K=5,Y=155,C=2 || L2:[sp=Y,12] Y=1,R=1,S=1,C=2,X=1,K=1",-807301.0,-163323000.0,1,K|Y,1
X,153,X,3,K,3,R,1,Y,155,S,1,C,3,Y,12,R,1,K,1,S,1,C,2,X,2,Y,132,"L1:[sp=X,153] X=3,K=3,R=1,Y=155,S=1,C=3 || L2:[sp=Y,12] R=1,K=1,S=1,C=2,X=2,Y=132",-inf,-inf,0,X|Y,1
K,153,X,3,S,2,R,3,K,32,Y,155,C,3,Y,12,C,2,R,1,S,1,Y,1,X,1,K,1,"L1:[sp=K,153] X=3,S=2,R=3,K=32,Y=155,C=3 || L2:[sp=Y,12] C=2,R=1,S=1,Y=1,X=1,K=1",-5149741.0,-163323000.0,1,K|Y,1
X,153,Y,47,R,1,K,16,S,1,X,1,C,3,Y,12,R,1,X,1,C,1,K,1,S,1,Y,1,"L1:[sp=X,153] Y=47,R=1,K=16,S=1,X=1,C=3 || L2:[sp=Y,12] R=1,X=1,C=1,K=1,S=1,Y=1",-528193.0,-163323000.0,1,X|Y,1
K,153,X,3,S,1,R,1,K,5,C,3,Y,211,Y,12,Y,185,R,1,S,1,C,2,X,3,K,1,"L1:[sp=K,153] X=3,S=1,R=1,K=5,C=3,Y=211 || L2:[sp=Y,12] Y=185,R=1,S=1,C=2,X=3,K=1",-inf,-inf,0,K|Y,1
X,153,Y,47,R,1,K,16,S,1,X,1,C,3,Y,12,R,1,X,1,C,1,K,5,S,1,Y,12,"L1:[sp=X,153] Y=47,R=1,K=16,S=1,X=1,C=3 || L2:[sp=Y,12] R=1,X=1,C=1,K=5,S=1,Y=12",-1661761.0,-163323000.0,1,X|Y,1
K,153,X,3,S,1,R,3,K,5,Y,154,C,3,Y,12,Y,28,R,1,S,1,C,2,X,1,K,1,"L1:[sp=K,153] X=3,S=1,R=3,K=5,Y=154,C=3 || L2:[sp=Y,12] Y=28,R=1,S=1,C=2,X=1,K=1",-1693891.0,-163324000.0,1,K|Y,1
X,153,X,3,K,2,Y,155,R,3,C,3,S,1,Y,12,R,1,C,1,S,1,X,1,K,2,Y,115,"L1:[sp=X,153] X=3,K=2,Y=155,R=3,C=3,S=1 || L2:[sp=Y,12] R=1,C=1,S=1,X=1,K=2,Y=115",-inf,-inf,0,X|Y,1
X,153,X,3,K,3,Y,155,R,3,C,3,S,1,Y,12,R,2,X,1,S,1,C,3,K,1,Y,46,"L1:[sp=X,153] X=3,K=3,Y=155,R=3,C=3,S=1 || L2:[sp=Y,12] R=2,X=1,S=1,C=3,K=1,Y=46",-2862361.0,-163324000.0,1,X|Y,1
K,153,X,3,S,1,R,3,K,5,Y,155,C,3,Y,12,Y,1,R,1,S,1,C,2,X,1,K,4,"L1:[sp=K,153] X=3,S=1,R=3,K=5,Y=155,C=3 || L2:[sp=Y,12] Y=1,R=1,S=1,C=2,X=1,K=4",-605251.0,-163323000.0,1,K|Y,1
X,153,Y,47,R,1,K,16,S,1,X,1,C,3,Y,12,R,1,X,1,C,1,K,1,S,1,Y,1,"L1:[sp=X,153] Y=47,R=1,K=16,S=1,X=1,C=3 || L2:[sp=Y,12] R=1,X=1,C=1,K=1,S=1,Y=1",-528193.0,-163323000.0,1,X|Y,1
X,153,Y,47,R,1,K,19,S,1,X,1,C,3,Y,12,R,1,X,1,C,1,K,1,S,1,Y,22,"L1:[sp=X,153] Y=47,R=1,K=19,S=1,X=1,C=3 || L2:[sp=Y,12] R=1,X=1,C=1,K=1,S=1,Y=22",-3044161.0,-163323000.0,1,X|Y,1
X,153,Y,47,R,1,K,16,S,1,X,1,C,3,Y,12,R,1,X,1,C,1,K,5,S,1,Y,1,"L1:[sp=X,153] Y=47,R=1,K=16,S=1,X=1,C=3 || L2:[sp=Y,12] R=1,X=1,C=1,K=5,S=1,Y=1",-528193.0,-163323000.0,1,X|Y,1
X,153,X,1,K,3,Y,154,R,1,C,3,S,3,Y,12,R,1,X,1,S,1,C,1,K,3,Y,109,"L1:[sp=X,153] X=1,K=3,Y=154,R=1,C=3,S=3 || L2:[sp=Y,12] R=1,X=1,S=1,C=1,K=3,Y=109",-inf,-inf,0,X|Y,1
X,153,X,3,K,3,R,3,Y,135,S,1,C,2,Y,12,R,1,X,1,S,1,C,2,K,1,Y,1,"L1:[sp=X,153] X=3,K=3,R=3,Y=135,S=1,C=2 || L2:[sp=Y,12] R=1,X=1,S=1,C=2,K=1,Y=1",-831025.0,-163323000.0,1,X|Y,1
X,153,X,3,K,3,Y,47,R,3,S,3,C,2,Y,12,X,1,C,1,S,1,K,3,R,1,Y,1,"L1:[sp=X,153] X=3,K=3,Y=47,R=3,S=3,C=2 || L2:[sp=Y,12] X=1,C=1,S=1,K=3,R=1,Y=1",-1230901.0,-163323000.0,1,X|Y,1
Y,153,X,1,K,3,Y,154,C,3,R,1,S,1,Y,12,R,1,X,1,S,1,Y,10,K,3,C,1,"L1:[sp=Y,153] X=1,K=3,Y=154,C=3,R=1,S=1 || L2:[sp=Y,12] R=1,X=1,S=1,Y=10,K=3,C=1",-8027713.0,-163323000.0,1,Y|Y,1
K,153,X,3,S,1,R,3,K,5,Y,155,C,3,Y,12,Y,107,R,1,S,1,C,2,X,1,K,4,"L1:[sp=K,153] X=3,S=1,R=3,K=5,Y=155,C=3 || L2:[sp=Y,12] Y=107,R=1,S=1,C=2,X=1,K=4",-inf,-inf,0,K|Y,1
K,153,X,8,K,3,Y,47,R,2,S,1,C,3,Y,12,C,1,S,1,X,1,R,1,K,1,Y,1,"L1:[sp=K,153] X=8,K=3,Y=47,R=2,S=1,C=3 || L2:[sp=Y,12] C=1,S=1,X=1,R=1,K=1,Y=1",-691153.0,-163323000.0,1,K|Y,1
C,153,R,3,S,1,X,3,K,5,Y,155,C,2,Y,12,Y,1,X,1,K,1,C,2,R,1,S,1,"L1:[sp=C,153] R=3,S=1,X=3,K=5,Y=155,C=2 || L2:[sp=Y,12] Y=1,X=1,K=1,C=2,R=1,S=1",-5166811.0,-163323000.0,1,C|Y,1
Y,153,X,8,K,28,Y,47,R,3,S,1,C,3,K,12,C,1,S,1,X,1,R,1,K,1,Y,1,"L1:[sp=Y,153] X=8,K=28,Y=47,R=3,S=1,C=3 || L2:[sp=K,12] C=1,S=1,X=1,R=1,K=1,Y=1",-inf,-inf,0,Y|K,1
X,153,Y,47,R,1,K,16,S,1,X,1,C,3,Y,12,X,1,R,1,C,1,K,2,S,1,Y,1,"L1:[sp=X,153] Y=47,R=1,K=16,S=1,X=1,C=3 || L2:[sp=Y,12] X=1,R=1,C=1,K=2,S=1,Y=1",-528193.0,-163323000.0,1,X|Y,1
K,153,X,12,S,1,R,3,K,5,Y,155,C,2,Y,12,Y,1,R,1,S,1,C,2,X,1,K,1,"L1:[sp=K,153] X=12,S=1,R=3,K=5,Y=155,C=2 || L2:[sp=Y,12] Y=1,R=1,S=1,C=2,X=1,K=1",-inf,-inf,0,K|Y,1
X,153,Y,47,R,3,K,16,S,1,X,8,C,3,Y,12,R,1,X,1,C,1,K,1,S,1,Y,1,"L1:[sp=X,153] Y=47,R=3,K=16,S=1,X=8,C=3 || L2:[sp=Y,12] R=1,X=1,C=1,K=1,S=1,Y=1",-inf,-inf,0,X|Y,1
K,153,X,68,K,3,Y,47,R,1,S,1,C,3,Y,12,C,1,S,1,X,1,R,1,K,1,Y,1,"L1:[sp=K,153] X=68,K=3,Y=47,R=1,S=1,C=3 || L2:[sp=Y,12] C=1,S=1,X=1,R=1,K=1,Y=1",-inf,-inf,0,K|Y,1
K,153,X,8,K,3,Y,82,R,3,S,1,C,3,Y,12,C,2,S,1,X,1,R,1,K,1,Y,1,"L1:[sp=K,153] X=8,K=3,Y=82,R=3,S=1,C=3 || L2:[sp=Y,12] C=2,S=1,X=1,R=1,K=1,Y=1",-689977.0,-163323000.0,1,K|Y,1
X,153,Y,47,R,1,K,16,S,1,X,1,C,3,Y,12,R,1,C,1,X,1,K,5,S,1,Y,12,"L1:[sp=X,153] Y=47,R=1,K=16,S=1,X=1,C=3 || L2:[sp=Y,12] R=1,C=1,X=1,K=5,S=1,Y=12",-1661761.0,-163323000.0,1,X|Y,1
X,153,X,3,K,3,Y,154,R,3,C,3,S,1,Y,12,R,1,X,1,S,1,C,1,K,3,Y,10,"L1:[sp=X,153] X=3,K=3,Y=154,R=3,C=3,S=1 || L2:[sp=Y,12] R=1,X=1,S=1,C=1,K=3,Y=10",-963073.0,-163324000.0,1,X|Y,1
K,153,X,1,K,3,Y,47,R,1,S,1,C,3,Y,12,X,1,C,1,S,1,K,3,R,1,Y,1,"L1:[sp=K,153] X=1,K=3,Y=47,R=1,S=1,C=3 || L2:[sp=Y,12] X=1,C=1,S=1,K=3,R=1,Y=1",-709633.0,-163323000.0,1,K|Y,1
K,153,X,224,S,1,R,3,K,5,Y,155,C,3,Y,12,Y,1,R,3,S,1,C,2,X,1,K,4,"L1:[sp=K,153] X=224,S=1,R=3,K=5,Y=155,C=3 || L2:[sp=Y,12] Y=1,R=3,S=1,C=2,X=1,K=4",-inf,-inf,0,K|Y,1
C,153,X,3,K,3,Y,135,R,3,S,1,C,3,X,3,R,1,X,1,S,1,C,2,K,1,Y,1,"L1:[sp=C,153] X=3,K=3,Y=135,R=3,S=1,C=3 || L2:[sp=X,3] R=1,X=1,S=1,C=2,K=1,Y=1",-29299501.0,-163323000.0,1,C|X,1
X,153,Y,47,R,1,K,16,S,1,X,1,C,3,Y,12,R,1,X,1,C,1,K,1,S,1,Y,1,"L1:[sp=X,153] Y=47,R=1,K=16,S=1,X=1,C=3 || L2:[sp=Y,12] R=1,X=1,C=1,K=1,S=1,Y=1",-528193.0,-163323000.0,1,X|Y,1
X,153,Y,82,X,8,K,16,S,1,R,3,C,3,Y,12,R,1,X,1,C,1,K,5,S,1,Y,1,"L1:[sp=X,153] Y=82,X=8,K=16,S=1,R=3,C=3 || L2:[sp=Y,12] R=1,X=1,C=1,K=5,S=1,Y=1",-inf,-inf,0,X|Y,1
K,153,X,1,K,3,Y,47,R,2,S,1,C,3,Y,12,C,2,S,1,X,1,R,1,K,1,Y,1,"L1:[sp=K,153] X=1,K=3,Y=47,R=2,S=1,C=3 || L2:[sp=Y,12] C=2,S=1,X=1,R=1,K=1,Y=1",-702913.0,-163323000.0,1,K|Y,1
X,153,X,3,K,3,Y,154,R,1,C,3,S,1,Y,12,R,1,X,1,S,1,C,1,K,3,Y,136,"L1:[sp=X,153] X=3,K=3,Y=154,R=1,C=3,S=1 || L2:[sp=Y,12] R=1,X=1,S=1,C=1,K=3,Y=136",-inf,-inf,0,X|Y,1
K,153,X,1,K,3,Y,47,R,3,S,1,C,3,Y,12,Y,1,C,1,S,1,X,1,R,1,K,3,"L1:[sp=K,153] X=1,K=3,Y=47,R=3,S=1,C=3 || L2:[sp=Y,12] Y=1,C=1,S=1,X=1,R=1,K=3",-841345.0,-163323000.0,1,K|Y,1
X,153,Y,47,R,1,K,16,S,3,X,1,C,3,Y,12,R,1,X,1,C,1,K,1,S,1,Y,1,"L1:[sp=X,153] Y=47,R=1,K=16,S=3,X=1,C=3 || L2:[sp=Y,12] R=1,X=1,C=1,K=1,S=1,Y=1",-1576897.0,-163323000.0,1,X|Y,1
K,153,X,1,K,3,Y,47,R,1,S,3,C,3,Y,12,X,1,K,3,S,1,C,1,R,1,Y,1,"L1:[sp=K,153] X=1,K=3,Y=47,R=1,S=3,C=3 || L2:[sp=Y,12] X=1,K=3,S=1,C=1,R=1,Y=1",-2056609.0,-163323000.0,1,K|Y,1
Y,153,X,8,K,3,Y,82,R,3,S,1,C,3,K,12,C,2,S,1,X,1,Y,41,K,1,R,1,"L1:[sp=Y,153] X=8,K=3,Y=82,R=3,S=1,C=3 || L2:[sp=K,12] C=2,S=1,X=1,Y=41,K=1,R=1",-11178553.0,-163323000.0,1,Y|K,1
X,153,Y,47,R,1,K,16,S,1,X,1,C,3,K,1,X,1,R,1,C,1,K,2,S,1,Y,1,"L1:[sp=X,153] Y=47,R=1,K=16,S=1,X=1,C=3 || L2:[sp=K,1] X=1,R=1,C=1,K=2,S=1,Y=1",-inf,-inf,0,X|K,1
X,153,X,3,K,3,R,1,Y,135,S,1,C,2,Y,12,R,1,X,1,S,1,C,2,K,1,Y,1,"L1:[sp=X,153] X=3,K=3,R=1,Y=135,S=1,C=2 || L2:[sp=Y,12] R=1,X=1,S=1,C=2,K=1,Y=1",-834193.0,-163323000.0,1,X|Y,1
K,153,X,8,K,3,Y,82,R,3,S,1,C,3,Y,12,C,2,S,1,X,1,R,1,K,1,Y,1,"L1:[sp=K,153] X=8,K=3,Y=82,R=3,S=1,C=3 || L2:[sp=Y,12] C=2,S=1,X=1,R=1,K=1,Y=1",-689977.0,-163323000.0,1,K|Y,1
X,153,X,3,K,3,Y,154,R,3,C,3,S,1,Y,12,R,1,X,3,S,1,C,2,K,3,Y,10,"L1:[sp=X,153] X=3,K=3,Y=154,R=3,C=3,S=1 || L2:[sp=Y,12] R=1,X=3,S=1,C=2,K=3,Y=10",-963073.0,-163324000.0,1,X|Y,1
X,153,Y,47,R,1,K,16,S,2,X,173,C,3,Y,12,X,1,R,1,C,1,K,2,S,1,Y,1,"L1:[sp=X,153] Y=47,R=1,K=16,S=2,X=173,C=3 || L2:[sp=Y,12] X=1,R=1,C=1,K=2,S=1,Y=1",-inf,-inf,0,X|Y,1
X,153,Y,47,R,1,K,15,S,1,X,1,C,3,Y,12,R,1,X,1,C,1,K,1,S,1,Y,1,"L1:[sp=X,153] Y=47,R=1,K=15,S=1,X=1,C=3 || L2:[sp=Y,12] R=1,X=1,C=1,K=1,S=1,Y=1",-528913.0,-163323000.0,1,X|Y,1
Y,153,X,107,K,24,Y,82,R,3,S,1,C,3,K,12,C,2,S,1,X,1,R,1,K,1,Y,1,"L1:[sp=Y,153] X=107,K=24,Y=82,R=3,S=1,C=3 || L2:[sp=K,12] C=2,S=1,X=1,R=1,K=1,Y=1",-inf,-inf,0,Y|K,1
X,153,Y,223,R,1,X,1,S,1,K,16,C,2,Y,12,R,1,X,1,C,1,K,1,S,1,Y,1,"L1:[sp=X,153] Y=223,R=1,X=1,S=1,K=16,C=2 || L2:[sp=Y,12] R=1,X=1,C=1,K=1,S=1,Y=1",-inf,-inf,0,X|Y,1
X,153,Y,47,R,3,K,16,S,1,X,1,C,3,C,3,R,1,X,1,C,1,K,5,S,1,Y,1,"L1:[sp=X,153] Y=47,R=3,K=16,S=1,X=1,C=3 || L2:[sp=C,3] R=1,X=1,C=1,K=5,S=1,Y=1",-534769.0,-163324000.0,1,X|C,1
K,153,X,1,K,3,Y,113,R,1,S,1,C,3,Y,12,X,1,C,1,S,1,K,3,R,1,Y,1,"L1:[sp=K,153] X=1,K=3,Y=113,R=1,S=1,C=3 || L2:[sp=Y,12] X=1,C=1,S=1,K=3,R=1,Y=1",-733825.0,-163323000.0,1,K|Y,1
X,153,X,3,K,3,Y,154,R,3,C,1,S,1,Y,12,R,1,X,1,S,1,C,1,K,1,Y,10,"L1:[sp=X,153] X=3,K=3,Y=154,R=3,C=1,S=1 || L2:[sp=Y,12] R=1,X=1,S=1,C=1,K=1,Y=10",-935497.0,-163323000.0,1,X|Y,1
K,153,X,3,K,3,Y,135,R,2,S,1,C,2,Y,12,C,2,S,1,X,1,R,1,Y,1,K,1,"L1:[sp=K,153] X=3,K=3,Y=135,R=2,S=1,C=2 || L2:[sp=Y,12] C=2,S=1,X=1,R=1,Y=1,K=1",-971281.0,-163323000.0,1,K|Y,1
Y,153,X,53,K,3,R,3,Y,82,S,1,C,3,X,12,R,1,X,1,S,1,C,2,K,1,Y,1,"L1:[sp=Y,153] X=53,K=3,R=3,Y=82,S=1,C=3 || L2:[sp=X,12] R=1,X=1,S=1,C=2,K=1,Y=1",-inf,-inf,0,Y|X,1
X,153,Y,47,R,1,K,16,S,1,X,1,C,3,Y,12,R,1,X,1,C,1,K,1,S,1,Y,1,"L1:[sp=X,153] Y=47,R=1,K=16,S=1,X=1,C=3 || L2:[sp=Y,12] R=1,X=1,C=1,K=1,S=1,Y=1",-528193.0,-163323000.0,1,X|Y,1
C,153,X,81,K,3,Y,113,R,1,S,1,C,3,Y,12,X,1,C,1,K,3,S,1,R,1,Y,1,"L1:[sp=C,153] X=81,K=3,Y=113,R=1,S=1,C=3 || L2:[sp=Y,12] X=1,C=1,K=3,S=1,R=1,Y=1",-inf,-inf,0,C|Y,1
X,153,Y,47,K,16,R,1,S,1,X,1,C,3,Y,12,R,1,X,1,C,1,K,1,S,1,Y,1,"L1:[sp=X,153] Y=47,K=16,R=1,S=1,X=1,C=3 || L2:[sp=Y,12] R=1,X=1,C=1,K=1,S=1,Y=1",-528193.0,-163323000.0,1,X|Y,1
K,153,X,1,K,8,R,1,Y,113,S,1,C,3,Y,12,X,1,C,1,S,1,K,3,R,1,Y,1,"L1:[sp=K,153] X=1,K=8,R=1,Y=113,S=1,C=3 || L2:[sp=Y,12] X=1,C=1,S=1,K=3,R=1,Y=1",-971713.0,-163323000.0,1,K|Y,1
X,153,X,1,R,2,K,16,S,1,Y,47,C,1,C,3,R,1,X,1,C,1,K,5,S,1,Y,1,"L1:[sp=X,153] X=1,R=2,K=16,S=1,Y=47,C=1 || L2:[sp=C,3] R=1,X=1,C=1,K=5,S=1,Y=1",-1577377.0,-163324000.0,1,X|C,1
K,153,X,1,K,3,Y,47,R,2,S,3,C,3,Y,12,C,2,S,1,X,1,R,1,K,1,Y,1,"L1:[sp=K,153] X=1,K=3,Y=47,R=2,S=3,C=3 || L2:[sp=Y,12] C=2,S=1,X=1,R=1,K=1,Y=1",-2054389.0,-163323000.0,1,K|Y,1
K,153,X,8,K,3,Y,82,R,3,S,1,C,3,Y,12,C,2,S,1,X,1,R,1,K,1,Y,1,"L1:[sp=K,153] X=8,K=3,Y=82,R=3,S=1,C=3 || L2:[sp=Y,12] C=2,S=1,X=1,R=1,K=1,Y=1",-689977.0,-163323000.0,1,K|Y,1
X,153,X,1,K,3,R,3,Y,47,S,1,C,3,Y,12,R,1,X,1,S,1,C,1,K,1,Y,42,"L1:[sp=X,153] X=1,K=3,R=3,Y=47,S=1,C=3 || L2:[sp=Y,12] R=1,X=1,S=1,C=1,K=1,Y=42",-5811361.0,-163323000.0,1,X|Y,1
X,153,Y,135,R,1,K,16,S,1,X,3,C,2,C,3,R,1,X,1,C,2,K,5,S,1,Y,1,"L1:[sp=X,153] Y=135,R=1,K=16,S=1,X=3,C=2 || L2:[sp=C,3] R=1,X=1,C=2,K=5,S=1,Y=1",-inf,-inf,0,X|C,1
K,153,X,1,K,3,Y,47,R,1,S,1,C,3,Y,12,C,2,S,1,X,1,R,1,K,3,Y,1,"L1:[sp=K,153] X=1,K=3,Y=47,R=1,S=1,C=3 || L2:[sp=Y,12] C=2,S=1,X=1,R=1,K=3,Y=1",-709633.0,-163323000.0,1,K|Y,1
K,153,R,2,K,3,Y,113,X,1,S,1,C,3,Y,1,X,1,C,1,S,1,R,1,K,3,Y,1,"L1:[sp=K,153] R=2,K=3,Y=113,X=1,S=1,C=3 || L2:[sp=Y,1] X=1,C=1,S=1,R=1,K=3,Y=1",-4085089.0,-163323000.0,1,K|Y,1
K,153,X,1,K,17,Y,47,R,2,S,1,C,2,Y,12,C,2,S,1,X,1,R,1,K,1,Y,38,"L1:[sp=K,153] X=1,K=17,Y=47,R=2,S=1,C=2 || L2:[sp=Y,12] C=2,S=1,X=1,R=1,K=1,Y=38",-26060161.0,-163323000.0,1,K|Y,1
K,153,X,8,K,3,Y,82,R,3,S,1,C,3,Y,12,C,2,S,1,X,1,R,1,K,1,Y,35,"L1:[sp=K,153] X=8,K=3,Y=82,R=3,S=1,C=3 || L2:[sp=Y,12] C=2,S=1,X=1,R=1,K=1,Y=35",-3810745.0,-163324000.0,1,K|Y,1
X,153,Y,47,R,3,K,16,S,1,X,1,C,3,C,3,R,1,X,1,C,1,K,5,S,1,Y,1,"L1:[sp=X,153] Y=47,R=3,K=16,S=1,X=1,C=3 || L2:[sp=C,3] R=1,X=1,C=1,K=5,S=1,Y=1",-534769.0,-163324000.0,1,X|C,1
K,153,X,1,K,3,S,1,R,2,Y,47,C,3,Y,47,C,2,S,1,X,1,R,1,K,1,Y,1,"L1:[sp=K,153] X=1,K=3,S=1,R=2,Y=47,C=3 || L2:[sp=Y,47] C=2,S=1,X=1,R=1,K=1,Y=1",-1251265.0,-163323000.0,1,K|Y,1
C,153,X,1,K,3,Y,47,R,2,S,1,C,3,Y,12,C,2,S,1,X,1,R,1,K,1,Y,1,"L1:[sp=C,153] X=1,K=3,Y=47,R=2,S=1,C=3 || L2:[sp=Y,12] C=2,S=1,X=1,R=1,K=1,Y=1",-7502209.0,-163323000.0,1,C|Y,1
K,153,X,107,K,2,Y,113,R,1,S,1,C,3,Y,12,C,1,X,1,S,1,K,2,R,1,Y,1,"L1:[sp=K,153] X=107,K=2,Y=113,R=1,S=1,C=3 || L2:[sp=Y,12] C=1,X=1,S=1,K=2,R=1,Y=1",-inf,-inf,0,K|Y,1
K,153,X,1,K,3,Y,113,R,1,S,1,C,3,Y,1,K,3,C,1,S,1,X,1,R,1,Y,1,"L1:[sp=K,153] X=1,K=3,Y=113,R=1,S=1,C=3 || L2:[sp=Y,1] K=3,C=1,S=1,X=1,R=1,Y=1",-4068289.0,-163323000.0,1,K|Y,1
K,153,X,1,K,3,Y,47,R,3,S,1,C,3,X,1,Y,1,C,1,S,1,X,1,R,1,K,3,"L1:[sp=K,153] X=1,K=3,Y=47,R=3,S=1,C=3 || L2:[sp=X,1] Y=1,C=1,S=1,X=1,R=1,K=3",-4212769.0,-163323000.0,1,K|X,1
K,153,X,1,R,1,Y,68,K,33,S,1,C,3,Y,12,X,1,C,1,S,1,K,3,R,1,Y,1,"L1:[sp=K,153] X=1,R=1,Y=68,K=33,S=1,C=3 || L2:[sp=Y,12] X=1,C=1,S=1,K=3,R=1,Y=1",-3999745.0,-163323000.0,1,K|Y,1
K,153,X,1,K,3,Y,37,R,2,S,1,C,3,X,1,C,2,S,1,X,1,R,1,K,1,Y,1,"L1:[sp=K,153] X=1,K=3,Y=37,R=2,S=1,C=3 || L2:[sp=X,1] C=2,S=1,X=1,R=1,K=1,Y=1",-4182529.0,-163323000.0,1,K|X,1
X,153,Y,47,R,1,K,16,S,1,X,1,C,3,Y,12,R,1,X,1,C,1,K,1,S,1,Y,1,"L1:[sp=X,153] Y=47,R=1,K=16,S=1,X=1,C=3 || L2:[sp=Y,12] R=1,X=1,C=1,K=1,S=1,Y=1",-528193.0,-163323000.0,1,X|Y,1
C,153,X,1,R,2,K,16,S,1,Y,138,C,1,X,3,R,1,X,1,C,1,K,5,S,1,Y,1,"L1:[sp=C,153] X=1,R=2,K=16,S=1,Y=138,C=1 || L2:[sp=X,3] R=1,X=1,C=1,K=5,S=1,Y=1",-29041153.0,-163323000.0,1,C|X,1
X,153,K,16,R,3,Y,47,S,1,X,1,C,3,C,3,R,1,X,1,C,1,K,11,S,1,Y,1,"L1:[sp=X,153] K=16,R=3,Y=47,S=1,X=1,C=3 || L2:[sp=C,3] R=1,X=1,C=1,K=11,S=1,Y=1",-534769.0,-163324000.0,1,X|C,1
K,153,X,1,K,3,S,1,R,2,Y,27,C,2,Y,47,C,2,S,1,X,1,R,1,K,1,Y,1,"L1:[sp=K,153] X=1,K=3,S=1,R=2,Y=27,C=2 || L2:[sp=Y,47] C=2,S=1,X=1,R=1,K=1,Y=1",-1790209.0,-163323000.0,1,K|Y,1
X,153,Y,38,R,3,K,16,S,1,X,1,C,3,C,3,R,1,X,1,C,1,K,5,S,1,Y,1,"L1:[sp=X,153] Y=38,R=3,K=16,S=1,X=1,C=3 || L2:[sp=C,3] R=1,X=1,C=1,K=5,S=1,Y=1",-539425.0,-163323000.0,1,X|C,1
X,153,Y,47,R,3,K,45,S,1,X,1,C,3,C,3,R,1,X,1,C,1,K,5,S,1,Y,1,"L1:[sp=X,153] Y=47,R=3,K=45,S=1,X=1,C=3 || L2:[sp=C,3] R=1,X=1,C=1,K=5,S=1,Y=1",-inf,-inf,0,X|C,1
K,153,X,1,K,8,R,1,Y,113,S,1,C,3,Y,12,X,1,R,1,S,1,K,6,C,3,Y,1,"L1:[sp=K,153] X=1,K=8,R=1,Y=113,S=1,C=3 || L2:[sp=Y,12] X=1,R=1,S=1,K=6,C=3,Y=1",-971713.0,-163323000.0,1,K|Y,1
X,153,Y,47,R,3,K,16,S,2,X,1,C,3,C,3,R,1,X,1,C,1,K,5,S,1,Y,1,"L1:[sp=X,153] Y=47,R=3,K=16,S=2,X=1,C=3 || L2:[sp=C,3] R=1,X=1,C=1,K=5,S=1,Y=1",-inf,-inf,0,X|C,1
X,153,Y,25,R,1,K,16,S,1,X,1,C,3,Y,12,R,1,X,1,C,1,K,1,S,1,Y,1,"L1:[sp=X,153] Y=25,R=1,K=16,S=1,X=1,C=3 || L2:[sp=Y,12] R=1,X=1,C=1,K=1,S=1,Y=1",-724033.0,-163323000.0,1,X|Y,1
K,153,Y,47,K,3,X,8,R,3,S,1,C,3,Y,12,C,2,S,1,X,1,R,1,K,3,Y,1,"L1:[sp=K,153] Y=47,K=3,X=8,R=3,S=1,C=3 || L2:[sp=Y,12] C=2,S=1,X=1,R=1,K=3,Y=1",-835465.0,-163323000.0,1,K|Y,1
K,153,X,1,K,3,Y,82,R,1,S,1,C,3,Y,12,R,1,S,1,X,1,C,2,K,1,Y,1,"L1:[sp=K,153] X=1,K=3,Y=82,R=1,S=1,C=3 || L2:[sp=Y,12] R=1,S=1,X=1,C=2,K=1,Y=1",-701569.0,-163323000.0,1,K|Y,1
X,153,Y,113,K,16,X,1,S,1,R,1,C,3,Y,12,R,1,X,1,C,1,K,1,S,1,Y,1,"L1:[sp=X,153] Y=113,K=16,X=1,S=1,R=1,C=3 || L2:[sp=Y,12] R=1,X=1,C=1,K=1,S=1,Y=1",-554113.0,-163323000.0,1,X|Y,1
Y,153,X,1,K,8,R,1,Y,47,S,1,C,3,K,12,X,1,C,1,K,3,S,1,R,1,Y,45,"L1:[sp=Y,153] X=1,K=8,R=1,Y=47,S=1,C=3 || L2:[sp=K,12] X=1,C=1,K=3,S=1,R=1,Y=45",-6838273.0,-163323000.0,1,Y|K,1
K,153,X,156,K,3,Y,82,R,3,S,1,C,3,Y,12,S,1,C,2,X,1,K,1,R,1,Y,1,"L1:[sp=K,153] X=156,K=3,Y=82,R=3,S=1,C=3 || L2:[sp=Y,12] S=1,C=2,X=1,K=1,R=1,Y=1",-inf,-inf,0,K|Y,1
X,153,Y,47,K,16,R,1,S,1,X,1,C,3,Y,12,R,1,X,1,C,1,K,1,S,1,Y,1,"L1:[sp=X,153] Y=47,K=16,R=1,S=1,X=1,C=3 || L2:[sp=Y,12] R=1,X=1,C=1,K=1,S=1,Y=1",-528193.0,-163323000.0,1,X|Y,1
K,153,X,1,K,19,R,1,Y,113,S,1,C,3,Y,12,X,1,C,1,S,1,K,3,R,1,Y,1,"L1:[sp=K,153] X=1,K=19,R=1,Y=113,S=1,C=3 || L2:[sp=Y,12] X=1,C=1,S=1,K=3,R=1,Y=1",-2302273.0,-163323000.0,1,K|Y,1
X,153,X,1,R,2,K,16,S,1,Y,47,C,3,C,3,R,1,X,1,C,1,K,5,S,1,Y,1,"L1:[sp=X,153] X=1,R=2,K=16,S=1,Y=47,C=3 || L2:[sp=C,3] R=1,X=1,C=1,K=5,S=1,Y=1",-525793.0,-163324000.0,1,X|C,1
Y,153,X,1,K,8,R,3,Y,113,S,1,C,3,Y,12,X,1,C,1,S,1,K,3,R,1,Y,1,"L1:[sp=Y,153] X=1,K=8,R=3,Y=113,S=1,C=3 || L2:[sp=Y,12] X=1,C=1,S=1,K=3,R=1,Y=1",-3876097.0,-163323000.0,1,Y|Y,1
X,153,K,16,R,1,X,1,S,1,Y,47,C,3,C,3,R,1,X,1,C,1,K,5,S,1,Y,1,"L1:[sp=X,153] K=16,R=1,X=1,S=1,Y=47,C=3 || L2:[sp=C,3] R=1,X=1,C=1,K=5,S=1,Y=1",-516817.0,-163324000.0,1,X|C,1
X,153,Y,47,K,4,R,1,S,1,X,1,C,3,Y,12,R,1,X,1,C,2,K,1,S,1,Y,1,"L1:[sp=X,153] Y=47,K=4,R=1,S=1,X=1,C=3 || L2:[sp=Y,12] R=1,X=1,C=2,K=1,S=1,Y=1",-536833.0,-163323000.0,1,X|Y,1
K,153,X,1,K,3,Y,47,R,1,S,1,C,3,C,3,C,1,S,1,X,1,R,1,K,3,Y,1,"L1:[sp=K,153] X=1,K=3,Y=47,R=1,S=1,C=3 || L2:[sp=C,3] C=1,S=1,X=1,R=1,K=3,Y=1",-1364833.0,-163323000.0,1,K|C,1
X,153,K,16,R,1,X,1,S,1,Y,47,C,3,C,3,R,1,X,1,C,1,K,5,S,1,Y,1,"L1:[sp=X,153] K=16,R=1,X=1,S=1,Y=47,C=3 || L2:[sp=C,3] R=1,X=1,C=1,K=5,S=1,Y=1",-516817.0,-163324000.0,1,X|C,1
X,153,K,16,R,2,X,1,S,1,Y,47,C,2,X,1,R,1,X,1,C,1,K,5,S,1,Y,4,"L1:[sp=X,153] K=16,R=2,X=1,S=1,Y=47,C=2 || L2:[sp=X,1] R=1,X=1,C=1,K=5,S=1,Y=4",-inf,-inf,0,X|X,1
X,153,X,1,R,1,K,16,S,1,C,3,Y,47,Y,47,R,1,X,1,C,1,K,5,S,1,Y,1,"L1:[sp=X,153] X=1,R=1,K=16,S=1,C=3,Y=47 || L2:[sp=Y,47] R=1,X=1,C=1,K=5,S=1,Y=1",-661501.0,-163323000.0,1,X|Y,1
X,153,Y,39,K,16,R,1,S,1,X,1,C,3,Y,12,R,1,X,1,C,1,K,1,S,1,Y,1,"L1:[sp=X,153] Y=39,K=16,R=1,S=1,X=1,C=3 || L2:[sp=Y,12] R=1,X=1,C=1,K=1,S=1,Y=1",-639361.0,-163323000.0,1,X|Y,1
X,153,Y,47,K,4,R,1,S,1,X,1,C,3,Y,12,R,1,S,1,C,2,K,1,X,1,Y,14,"L1:[sp=X,153] Y=47,K=4,R=1,S=1,X=1,C=3 || L2:[sp=Y,12] R=1,S=1,C=2,K=1,X=1,Y=14",-1946881.0,-163323000.0,1,X|Y,1
X,153,Y,47,R,1,K,16,S,1,X,1,C,3,Y,12,R,1,X,1,C,1,K,1,S,1,Y,1,"L1:[sp=X,153] Y=47,R=1,K=16,S=1,X=1,C=3 || L2:[sp=Y,12] R=1,X=1,C=1,K=1,S=1,Y=1",-528193.0,-163323000.0,1,X|Y,1
X,153,K,16,R,1,X,1,S,1,Y,47,C,2,C,3,R,1,X,1,C,2,K,5,S,1,Y,1,"L1:[sp=X,153] K=16,R=1,X=1,S=1,Y=47,C=2 || L2:[sp=C,3] R=1,X=1,C=2,K=5,S=1,Y=1",-2065825.0,-163324000.0,1,X|C,1
X,153,Y,47,K,4,R,1,S,3,X,1,C,3,Y,12,R,1,X,1,C,2,K,1,S,1,Y,1,"L1:[sp=X,153] Y=47,K=4,R=1,S=3,X=1,C=3 || L2:[sp=Y,12] R=1,X=1,C=2,K=1,S=1,Y=1",-1579777.0,-163323000.0,1,X|Y,1
X,153,C,3,R,1,X,1,S,1,Y,90,K,20,C,3,R,1,X,1,C,1,K,5,S,1,Y,1,"L1:[sp=X,153] C=3,R=1,X=1,S=1,Y=90,K=20 || L2:[sp=C,3] R=1,X=1,C=1,K=5,S=1,Y=1",-inf,-inf,0,X|C,1
X,153,X,1,R,1,K,16,S,1,Y,38,C,3,C,3,R,1,X,1,C,1,K,5,S,1,Y,1,"L1:[sp=X,153] X=1,R=1,K=16,S=1,Y=38,C=3 || L2:[sp=C,3] R=1,X=1,C=1,K=5,S=1,Y=1",-516961.0,-163323000.0,1,X|C,1
X,153,Y,113,K,16,X,1,S,1,R,3,C,3,Y,12,Y,1,C,1,X,1,K,5,S,1,R,1,"L1:[sp=X,153] Y=113,K=16,X=1,S=1,R=3,C=3 || L2:[sp=Y,12] Y=1,C=1,X=1,K=5,S=1,R=1",-553345.0,-163323000.0,1,X|Y,1
X,153,Y,47,K,4,R,1,S,3,X,1,C,3,Y,12,R,1,C,2,X,1,K,1,S,1,Y,1,"L1:[sp=X,153] Y=47,K=4,R=1,S=3,X=1,C=3 || L2:[sp=Y,12] R=1,C=2,X=1,K=1,S=1,Y=1",-1579777.0,-163323000.0,1,X|Y,1
X,153,Y,38,R,3,X,1,S,1,K,53,C,3,C,3,R,1,X,1,C,1,K,5,S,1,Y,1,"L1:[sp=X,153] Y=38,R=3,X=1,S=1,K=53,C=3 || L2:[sp=C,3] R=1,X=1,C=1,K=5,S=1,Y=1",-inf,-inf,0,X|C,1
C,153,X,1,S,1,K,16,R,2,Y,47,C,3,X,3,R,2,X,1,C,1,K,5,S,1,Y,1,"L1:[sp=C,153] X=1,S=1,K=16,R=2,Y=47,C=3 || L2:[sp=X,3] R=2,X=1,C=1,K=5,S=1,Y=1",-115116289.0,-163323000.0,1,C|X,1
X,153,K,16,R,1,X,1,S,1,Y,47,C,3,C,3,R,1,X,1,C,1,K,5,S,1,Y,1,"L1:[sp=X,153] K=16,R=1,X=1,S=1,Y=47,C=3 || L2:[sp=C,3] R=1,X=1,C=1,K=5,S=1,Y=1",-516817.0,-163324000.0,1,X|C,1
X,153,Y,38,K,16,R,3,S,1,X,1,C,3,Y,12,S,1,X,1,C,1,K,1,R,1,Y,8,"L1:[sp=X,153] Y=38,K=16,R=3,S=1,X=1,C=3 || L2:[sp=Y,12] S=1,X=1,C=1,K=1,R=1,Y=8",-1328257.0,-163323000.0,1,X|Y,1
X,153,Y,47,R,1,K,16,S,1,X,35,C,3,C,3,R,1,X,1,C,1,K,5,S,1,Y,1,"L1:[sp=X,153] Y=47,R=1,K=16,S=1,X=35,C=3 || L2:[sp=C,3] R=1,X=1,C=1,K=5,S=1,Y=1",-inf,-inf,0,X|C,1
X,153,K,16,R,1,X,1,S,1,Y,47,C,3,C,3,R,1,X,1,C,1,K,5,S,1,Y,1,"L1:[sp=X,153] K=16,R=1,X=1,S=1,Y=47,C=3 || L2:[sp=C,3] R=1,X=1,C=1,K=5,S=1,Y=1",-516817.0,-163324000.0,1,X|C,1
X,153,K,16,R,1,Y,47,S,1,X,1,C,3,C,3,R,1,X,1,C,1,K,11,S,1,Y,1,"L1:[sp=X,153] K=16,R=1,Y=47,S=1,X=1,C=3 || L2:[sp=C,3] R=1,X=1,C=1,K=11,S=1,Y=1",-516817.0,-163324000.0,1,X|C,1
X,153,Y,192,K,16,X,1,S,1,R,3,C,3,C,1,R,1,X,1,C,1,K,1,S,1,Y,1,"L1:[sp=X,153] Y=192,K=16,X=1,S=1,R=3,C=3 || L2:[sp=C,1] R=1,X=1,C=1,K=1,S=1,Y=1",-inf,-inf,0,X|C,1
X,153,K,16,X,1,Y,113,S,1,R,1,C,3,C,3,R,1,X,1,C,1,K,11,S,1,Y,1,"L1:[sp=X,153] K=16,X=1,Y=113,S=1,R=1,C=3 || L2:[sp=C,3] R=1,X=1,C=1,K=11,S=1,Y=1",-inf,-inf,0,X|C,1
X,153,K,16,R,1,X,1,S,1,Y,47,C,3,C,3,R,1,X,1,C,1,K,5,S,1,Y,1,"L1:[sp=X,153] K=16,R=1,X=1,S=1,Y=47,C=3 || L2:[sp=C,3] R=1,X=1,C=1,K=5,S=1,Y=1",-516817.0,-163324000.0,1,X|C,1
X,153,Y,113,K,33,X,1,S,1,R,3,C,3,Y,12,Y,1,R,1,X,1,K,5,S,1,C,1,"L1:[sp=X,153] Y=113,K=33,X=1,S=1,R=3,C=3 || L2:[sp=Y,12] Y=1,R=1,X=1,K=5,S=1,C=1",-inf,-inf,0,X|Y,1
X,153,Y,38,K,16,R,3,S,1,X,1,C,3,Y,12,S,1,X,1,C,3,K,1,R,1,Y,20,"L1:[sp=X,153] Y=38,K=16,R=3,S=1,X=1,C=3 || L2:[sp=Y,12] S=1,X=1,C=3,K=1,R=1,Y=20",-3318913.0,-163323000.0,1,X|Y,1
X,153,Y,38,K,16,C,3,S,1,X,1,R,3,Y,12,S,1,X,1,C,1,K,14,R,1,Y,8,"L1:[sp=X,153] Y=38,K=16,C=3,S=1,X=1,R=3 || L2:[sp=Y,12] S=1,X=1,C=1,K=14,R=1,Y=8",-1328257.0,-163323000.0,1,X|Y,1
Y,153,Y,113,K,61,X,1,S,1,R,3,C,3,Y,12,Y,1,R,1,X,1,K,5,S,1,C,1,"L1:[sp=Y,153] Y=113,K=61,X=1,S=1,R=3,C=3 || L2:[sp=Y,12] Y=1,R=1,X=1,K=5,S=1,C=1",-3751105.0,-163323000.0,1,Y|Y,1
X,153,Y,113,K,16,X,10,S,1,R,3,C,3,Y,12,Y,1,C,3,X,1,K,5,S,1,R,1,"L1:[sp=X,153] Y=113,K=16,X=10,S=1,R=3,C=3 || L2:[sp=Y,12] Y=1,C=3,X=1,K=5,S=1,R=1",-inf,-inf,0,X|Y,1
C,153,K,16,R,1,X,1,C,3,Y,47,S,1,X,3,R,1,X,1,C,1,K,9,S,1,Y,1,"L1:[sp=C,153] K=16,R=1,X=1,C=3,Y=47,S=1 || L2:[sp=X,3] R=1,X=1,C=1,K=9,S=1,Y=1",-86744449.0,-163323000.0,1,C|X,1
X,153,Y,39,K,16,R,3,S,1,X,1,C,3,K,4,R,1,X,1,C,1,K,1,S,1,Y,1,"L1:[sp=X,153] Y=39,K=16,R=3,S=1,X=1,C=3 || L2:[sp=K,4] R=1,X=1,C=1,K=1,S=1,Y=1",-606961.0,-163323000.0,1,X|K,1
X,153,Y,113,K,16,X,1,S,1,R,1,C,3,K,2,Y,1,C,1,X,1,K,5,S,1,R,1,"L1:[sp=X,153] Y=113,K=16,X=1,S=1,R=1,C=3 || L2:[sp=K,2] Y=1,C=1,X=1,K=5,S=1,R=1",-inf,-inf,0,X|K,1
X,153,K,15,R,1,Y,47,S,1,X,1,C,3,C,3,R,1,X,1,C,1,K,11,S,1,Y,1,"L1:[sp=X,153] K=15,R=1,Y=47,S=1,X=1,C=3 || L2:[sp=C,3] R=1,X=1,C=1,K=11,S=1,Y=1",-516997.0,-163324000.0,1,X|C,1
X,153,Y,47,R,1,K,16,S,1,X,1,C,3,Y,12,R,1,X,1,C,1,K,1,S,1,Y,1,"L1:[sp=X,153] Y=47,R=1,K=16,S=1,X=1,C=3 || L2:[sp=Y,12] R=1,X=1,C=1,K=1,S=1,Y=1",-528193.0,-163323000.0,1,X|Y,1
K,153,Y,113,K,16,C,3,S,3,R,3,X,1,X,8,Y,1,C,1,X,1,K,5,S,1,R,1,"L1:[sp=K,153] Y=113,K=16,C=3,S=3,R=3,X=1 || L2:[sp=X,8] Y=1,C=1,X=1,K=5,S=1,R=1",-21674749.0,-163323000.0,1,K|X,1
X,153,Y,38,K,36,R,3,S,1,X,1,C,3,C,3,S,1,X,1,C,1,K,1,R,1,Y,8,"L1:[sp=X,153] Y=38,K=36,R=3,S=1,X=1,C=3 || L2:[sp=C,3] S=1,X=1,C=1,K=1,R=1,Y=8",-inf,-inf,0,X|C,1
X,153,Y,38,X,1,R,3,S,1,K,16,C,3,Y,12,S,1,X,1,C,1,K,8,R,1,Y,35,"L1:[sp=X,153] Y=38,X=1,R=3,S=1,K=16,C=3 || L2:[sp=Y,12] S=1,X=1,C=1,K=8,R=1,Y=35",-inf,-inf,0,X|Y,1
Y,153,Y,39,K,16,R,1,S,1,X,1,C,2,X,12,R,1,X,1,C,1,K,1,S,1,Y,1,"L1:[sp=Y,153] Y=39,K=16,R=1,S=1,X=1,C=2 || L2:[sp=X,12] R=1,X=1,C=1,K=1,S=1,Y=1",-15111937.0,-163323000.0,1,Y|X,1
X,153,K,16,R,1,X,1,S,1,Y,47,C,3,C,3,R,1,C,1,X,1,K,5,S,1,Y,7,"L1:[sp=X,153] K=16,R=1,X=1,S=1,Y=47,C=3 || L2:[sp=C,3] R=1,C=1,X=1,K=5,S=1,Y=7",-526033.0,-163324000.0,1,X|C,1
X,153,K,16,R,1,Y,47,S,1,X,152,C,3,C,3,R,1,X,1,C,1,K,11,S,1,Y,1,"L1:[sp=X,153] K=16,R=1,Y=47,S=1,X=152,C=3 || L2:[sp=C,3] R=1,X=1,C=1,K=11,S=1,Y=1",-inf,-inf,0,X|C,1
X,153,K,16,R,1,X,1,S,1,Y,47,C,3,X,1,R,1,X,1,C,3,K,5,S,1,Y,29,"L1:[sp=X,153] K=16,R=1,X=1,S=1,Y=47,C=3 || L2:[sp=X,1] R=1,X=1,C=3,K=5,S=1,Y=29",-inf,-inf,0,X|X,1
X,153,S,1,R,1,Y,47,K,16,X,1,C,3,K,4,R,1,X,1,C,1,K,11,S,1,Y,1,"L1:[sp=X,153] S=1,R=1,Y=47,K=16,X=1,C=3 || L2:[sp=K,4] R=1,X=1,C=1,K=11,S=1,Y=1",-1597753.0,-163323000.0,1,X|K,1
X,153,R,1,C,3,Y,39,X,1,S,1,K,16,Y,3,R,1,X,1,C,1,K,1,S,1,Y,1,"L1:[sp=X,153] R=1,C=3,Y=39,X=1,S=1,K=16 || L2:[sp=Y,3] R=1,X=1,C=1,K=1,S=1,Y=1",-519265.0,-163323000.0,1,X|Y,1
X,153,K,16,R,1,X,1,S,1,Y,47,C,3,C,3,R,1,X,1,C,1,K,5,S,1,Y,1,"L1:[sp=X,153] K=16,R=1,X=1,S=1,Y=47,C=3 || L2:[sp=C,3] R=1,X=1,C=1,K=5,S=1,Y=1",-516817.0,-163324000.0,1,X|C,1
X,153,Y,9,R,1,K,16,S,1,X,1,C,3,Y,12,R,1,X,1,C,1,K,1,S,1,Y,1,"L1:[sp=X,153] Y=9,R=1,K=16,S=1,X=1,C=3 || L2:[sp=Y,12] R=1,X=1,C=1,K=1,S=1,Y=1",-705601.0,-163323000.0,1,X|Y,1
X,153,S,1,R,1,Y,47,K,16,X,1,C,1,K,2,Y,1,C,1,X,1,K,11,S,1,R,1,"L1:[sp=X,153] S=1,R=1,Y=47,K=16,X=1,C=1 || L2:[sp=K,2] Y=1,C=1,X=1,K=11,S=1,R=1",-inf,-inf,0,X|K,1
K,153,Y,39,K,16,R,1,S,1,X,1,C,2,X,4,R,1,X,1,C,1,K,14,S,1,Y,1,"L1:[sp=K,153] Y=39,K=16,R=1,S=1,X=1,C=2 || L2:[sp=X,4] R=1,X=1,C=1,K=14,S=1,Y=1",-21700225.0,-163323000.0,1,K|X,1
X,153,K,15,R,3,Y,47,S,1,X,1,C,3,C,3,R,1,X,1,C,1,K,11,S,1,Y,1,"L1:[sp=X,153] K=15,R=3,Y=47,S=1,X=1,C=3 || L2:[sp=C,3] R=1,X=1,C=1,K=11,S=1,Y=1",-534829.0,-163324000.0,1,X|C,1
X,153,K,16,R,1,X,1,S,1,Y,47,C,3,C,3,R,1,C,1,X,1,K,5,S,1,Y,7,"L1:[sp=X,153] K=16,R=1,X=1,S=1,Y=47,C=3 || L2:[sp=C,3] R=1,C=1,X=1,K=5,S=1,Y=7",-526033.0,-163324000.0,1,X|C,1
X,153,Y,96,C,3,R,3,X,1,S,1,K,16,K,4,R,1,X,1,C,1,K,1,Y,1,S,1,"L1:[sp=X,153] Y=96,C=3,R=3,X=1,S=1,K=16 || L2:[sp=K,4] R=1,X=1,C=1,K=1,Y=1,S=1",-inf,-inf,0,X|K,1
C,153,Y,47,K,16,R,1,S,1,X,1,C,3,K,4,R,1,X,1,C,1,K,1,S,1,Y,1,"L1:[sp=C,153] Y=47,K=16,R=1,S=1,X=1,C=3 || L2:[sp=K,4] R=1,X=1,C=1,K=1,S=1,Y=1",-21716353.0,-163323000.0,1,C|K,1
Y,153,Y,39,R,3,K,16,S,1,X,1,C,2,X,12,R,1,S,1,C,1,K,1,X,1,Y,1,"L1:[sp=Y,153] Y=39,R=3,K=16,S=1,X=1,C=2 || L2:[sp=X,12] R=1,S=1,C=1,K=1,X=1,Y=1",-15875329.0,-163323000.0,1,Y|X,1
X,153,K,16,R,1,X,1,S,1,Y,188,C,3,C,3,R,1,C,1,K,5,X,1,S,1,Y,175,"L1:[sp=X,153] K=16,R=1,X=1,S=1,Y=188,C=3 || L2:[sp=C,3] R=1,C=1,K=5,X=1,S=1,Y=175",-inf,-inf,0,X|C,1
X,153,K,16,R,1,X,1,S,1,Y,47,C,3,C,3,R,1,C,1,X,1,K,5,S,1,Y,7,"L1:[sp=X,153] K=16,R=1,X=1,S=1,Y=47,C=3 || L2:[sp=C,3] R=1,C=1,X=1,K=5,S=1,Y=7",-526033.0,-163324000.0,1,X|C,1
X,153,S,1,R,1,Y,47,K,16,X,1,C,3,K,4,R,1,X,1,C,1,K,11,S,1,Y,1,"L1:[sp=X,153] S=1,R=1,Y=47,K=16,X=1,C=3 || L2:[sp=K,4] R=1,X=1,C=1,K=11,S=1,Y=1",-1597753.0,-163323000.0,1,X|K,1
X,153,Y,38,K,32,C,3,S,1,X,1,R,3,Y,12,S,1,X,1,C,1,K,14,R,1,Y,8,"L1:[sp=X,153] Y=38,K=32,C=3,S=1,X=1,R=3 || L2:[sp=Y,12] S=1,X=1,C=1,K=14,R=1,Y=8",-1327681.0,-163323000.0,1,X|Y,1
C,153,K,16,R,1,X,36,S,1,Y,47,C,3,X,3,R,1,C,1,X,1,K,5,S,1,Y,7,"L1:[sp=C,153] K=16,R=1,X=36,S=1,Y=47,C=3 || L2:[sp=X,3] R=1,C=1,X=1,K=5,S=1,Y=7",-29550061.0,-163323000.0,1,C|X,1
X,153,Y,58,R,1,K,16,S,1,X,1,C,3,Y,12,R,1,X,1,C,1,K,1,S,1,Y,1,"L1:[sp=X,153] Y=58,R=1,K=16,S=1,X=1,C=3 || L2:[sp=Y,12] R=1,X=1,C=1,K=1,S=1,Y=1",-555265.0,-163323000.0,1,X|Y,1
X,153,K,16,R,1,X,1,S,1,Y,47,C,2,C,3,R,1,X,1,C,1,K,5,S,1,Y,1,"L1:[sp=X,153] K=16,R=1,X=1,S=1,Y=47,C=2 || L2:[sp=C,3] R=1,X=1,C=1,K=5,S=1,Y=1",-1033633.0,-163324000.0,1,X|C,1
X,153,K,15,R,1,Y,47,S,1,X,1,C,3,C,3,R,1,X,1,C,1,K,11,S,1,Y,1,"L1:[sp=X,153] K=15,R=1,Y=47,S=1,X=1,C=3 || L2:[sp=C,3] R=1,X=1,C=1,K=11,S=1,Y=1",-516997.0,-163324000.0,1,X|C,1
X,153,K,15,R,1,Y,47,S,1,X,1,C,3,C,3,R,1,X,1,C,1,K,11,S,1,Y,1,"L1:[sp=X,153] K=15,R=1,Y=47,S=1,X=1,C=3 || L2:[sp=C,3] R=1,X=1,C=1,K=11,S=1,Y=1",-516997.0,-163324000.0,1,X|C,1
X,153,R,1,C,3,Y,39,X,108,S,1,K,16,Y,3,R,1,X,1,C,1,K,1,S,1,Y,26,"L1:[sp=X,153] R=1,C=3,Y=39,X=108,S=1,K=16 || L2:[sp=Y,3] R=1,X=1,C=1,K=1,S=1,Y=26",-inf,-inf,0,X|Y,1
X,153,K,15,R,1,Y,47,S,1,X,1,C,3,C,3,R,1,X,1,C,1,K,11,S,1,Y,5,"L1:[sp=X,153] K=15,R=1,Y=47,S=1,X=1,C=3 || L2:[sp=C,3] R=1,X=1,C=1,K=11,S=1,Y=5",-519301.0,-163324000.0,1,X|C,1
X,153,Y,38,K,16,C,3,S,1,X,1,R,3,Y,12,S,1,X,1,C,1,K,14,R,1,Y,8,"L1:[sp=X,153] Y=38,K=16,C=3,S=1,X=1,R=3 || L2:[sp=Y,12] S=1,X=1,C=1,K=14,R=1,Y=8",-1328257.0,-163323000.0,1,X|Y,1
X,153,K,16,R,1,X,1,S,1,Y,47,C,3,C,3,R,1,X,1,C,1,K,5,S,1,Y,1,"L1:[sp=X,153] K=16,R=1,X=1,S=1,Y=47,C=3 || L2:[sp=C,3] R=1,X=1,C=1,K=5,S=1,Y=1",-516817.0,-163324000.0,1,X|C,1
X,153,K,15,R,1,Y,47,S,1,X,1,C,3,C,3,R,1,X,1,C,1,K,11,S,1,Y,5,"L1:[sp=X,153] K=15,R=1,Y=47,S=1,X=1,C=3 || L2:[sp=C,3] R=1,X=1,C=1,K=11,S=1,Y=5",-519301.0,-163324000.0,1,X|C,1
X,153,K,15,R,2,Y,47,S,3,X,1,C,3,C,3,R,1,X,1,C,1,K,11,S,1,Y,1,"L1:[sp=X,153] K=15,R=2,Y=47,S=3,X=1,C=3 || L2:[sp=C,3] R=1,X=1,C=1,K=11,S=1,Y=1",-inf,-inf,0,X|C,1
X,153,Y,58,R,1,K,16,S,3,X,1,C,3,Y,12,R,1,X,1,C,1,K,1,S,1,Y,1,"L1:[sp=X,153] Y=58,R=1,K=16,S=3,X=1,C=3 || L2:[sp=Y,12] R=1,X=1,C=1,K=1,S=1,Y=1",-1659649.0,-163323000.0,1,X|Y,1
X,153,K,15,R,3,Y,47,S,1,X,1,C,3,C,3,R,1,X,1,C,1,K,11,S,1,Y,1,"L1:[sp=X,153] K=15,R=3,Y=47,S=1,X=1,C=3 || L2:[sp=C,3] R=1,X=1,C=1,K=11,S=1,Y=1",-534829.0,-163324000.0,1,X|C,1
X,153,K,16,R,1,X,1,S,1,Y,9,C,2,C,3,R,1,C,1,X,1,K,5,S,1,Y,1,"L1:[sp=X,153] K=16,R=1,X=1,S=1,Y=9,C=2 || L2:[sp=C,3] R=1,C=1,X=1,K=5,S=1,Y=1",-1039393.0,-163323000.0,1,X|C,1
X,153,Y,220,R,1,K,16,S,1,X,1,C,3,Y,12,R,1,X,1,C,1,K,11,S,1,Y,107,"L1:[sp=X,153] Y=220,R=1,K=16,S=1,X=1,C=3 || L2:[sp=Y,12] R=1,X=1,C=1,K=11,S=1,Y=107",-inf,-inf,0,X|Y,1
X,153,K,16,R,2,X,167,S,1,Y,47,C,3,C,3,R,1,X,1,C,1,K,5,S,1,Y,1,"L1:[sp=X,153] K=16,R=2,X=167,S=1,Y=47,C=3 || L2:[sp=C,3] R=1,X=1,C=1,K=5,S=1,Y=1",-inf,-inf,0,X|C,1
X,153,Y,9,R,1,K,16,S,1,X,1,C,3,Y,12,R,1,X,1,C,1,K,9,S,1,Y,1,"L1:[sp=X,153] Y=9,R=1,K=16,S=1,X=1,C=3 || L2:[sp=Y,12] R=1,X=1,C=1,K=9,S=1,Y=1",-705601.0,-163323000.0,1,X|Y,1
X,153,K,10,C,3,X,1,S,1,Y,47,R,1,C,3,R,1,X,1,C,1,K,5,S,1,Y,1,"L1:[sp=X,153] K=10,C=3,X=1,S=1,Y=47,R=1 || L2:[sp=C,3] R=1,X=1,C=1,K=5,S=1,Y=1",-525421.0,-163323000.0,1,X|C,1
X,153,K,16,R,1,X,1,S,1,Y,47,C,2,C,3,R,1,X,1,C,1,K,5,S,1,Y,1,"L1:[sp=X,153] K=16,R=1,X=1,S=1,Y=47,C=2 || L2:[sp=C,3] R=1,X=1,C=1,K=5,S=1,Y=1",-1033633.0,-163324000.0,1,X|C,1
X,153,K,16,R,1,X,1,S,1,Y,47,C,3,C,3,R,1,X,1,C,1,K,5,S,1,Y,13,"L1:[sp=X,153] K=16,R=1,X=1,S=1,Y=47,C=3 || L2:[sp=C,3] R=1,X=1,C=1,K=5,S=1,Y=13",-512209.0,-163324000.0,1,X|C,1
C,153,K,15,R,3,Y,47,S,2,X,1,C,3,X,3,R,1,X,1,S,1,K,11,C,2,Y,1,"L1:[sp=C,153] K=15,R=3,Y=47,S=2,X=1,C=3 || L2:[sp=X,3] R=1,X=1,S=1,K=11,C=2,Y=1",-89410959.0,-163323000.0,1,C|X,1
Y,153,Y,58,R,1,K,16,S,1,X,164,C,3,X,12,R,1,X,1,S,1,K,13,C,1,Y,32,"L1:[sp=Y,153] Y=58,R=1,K=16,S=1,X=164,C=3 || L2:[sp=X,12] R=1,X=1,S=1,K=13,C=1,Y=32",-inf,-inf,0,Y|X,1
C,153,K,15,R,1,Y,47,S,1,X,1,C,3,X,3,R,1,X,1,C,1,K,11,S,1,Y,5,"L1:[sp=C,153] K=15,R=1,Y=47,S=1,X=1,C=3 || L2:[sp=X,3] R=1,X=1,C=1,K=11,S=1,Y=5",-87141601.0,-163323000.0,1,C|X,1
X,153,S,1,R,1,Y,47,K,47,X,1,C,3,C,3,R,1,K,11,C,1,X,1,S,1,Y,5,"L1:[sp=X,153] S=1,R=1,Y=47,K=47,X=1,C=3 || L2:[sp=C,3] R=1,K=11,C=1,X=1,S=1,Y=5",-inf,-inf,0,X|C,1
X,153,K,16,R,1,X,1,S,3,Y,47,C,3,C,3,R,1,X,1,C,1,K,5,S,1,Y,1,"L1:[sp=X,153] K=16,R=1,X=1,S=3,Y=47,C=3 || L2:[sp=C,3] R=1,X=1,C=1,K=5,S=1,Y=1",-inf,-inf,0,X|C,1
K,153,K,16,R,1,X,1,S,1,Y,47,C,3,C,3,S,1,C,1,X,1,R,1,K,2,Y,7,"L1:[sp=K,153] K=16,R=1,X=1,S=1,Y=47,C=3 || L2:[sp=C,3] S=1,C=1,X=1,R=1,K=2,Y=7",-7364449.0,-163323000.0,1,K|C,1
X,153,K,15,R,1,Y,47,S,1,X,1,C,3,C,3,R,1,X,1,C,1,S,1,K,11,Y,5,"L1:[sp=X,153] K=15,R=1,Y=47,S=1,X=1,C=3 || L2:[sp=C,3] R=1,X=1,C=1,S=1,K=11,Y=5",-519301.0,-163324000.0,1,X|C,1
X,153,K,15,R,1,Y,47,S,1,X,1,C,3,C,3,R,1,X,1,C,1,K,11,S,1,Y,5,"L1:[sp=X,153] K=15,R=1,Y=47,S=1,X=1,C=3 || L2:[sp=C,3] R=1,X=1,C=1,K=11,S=1,Y=5",-519301.0,-163324000.0,1,X|C,1
X,153,K,16,R,1,X,1,S,1,Y,47,C,3,C,3,R,1,X,1,C,1,K,5,S,1,Y,13,"L1:[sp=X,153] K=16,R=1,X=1,S=1,Y=47,C=3 || L2:[sp=C,3] R=1,X=1,C=1,K=5,S=1,Y=13",-512209.0,-163324000.0,1,X|C,1
X,153,K,15,R,1,Y,47,S,1,X,1,C,1,X,1,R,1,X,1,C,1,K,11,S,1,Y,13,"L1:[sp=X,153] K=15,R=1,Y=47,S=1,X=1,C=1 || L2:[sp=X,1] R=1,X=1,C=1,K=11,S=1,Y=13",-inf,-inf,0,X|X,1
X,153,K,16,R,1,X,1,S,1,Y,47,C,3,Y,47,R,1,X,1,C,1,K,5,S,1,Y,5,"L1:[sp=X,153] K=16,R=1,X=1,S=1,Y=47,C=3 || L2:[sp=Y,47] R=1,X=1,C=1,K=5,S=1,Y=5",-3253501.0,-163323000.0,1,X|Y,1
X,153,Y,9,R,1,K,16,S,1,X,1,C,3,Y,12,R,1,X,1,C,2,K,9,Y,1,S,1,"L1:[sp=X,153] Y=9,R=1,K=16,S=1,X=1,C=3 || L2:[sp=Y,12] R=1,X=1,C=2,K=9,Y=1,S=1",-705601.0,-163323000.0,1,X|Y,1
X,153,K,16,R,1,X,1,S,1,Y,47,C,3,C,3,R,1,X,1,C,1,K,5,S,1,Y,13,"L1:[sp=X,153] K=16,R=1,X=1,S=1,Y=47,C=3 || L2:[sp=C,3] R=1,X=1,C=1,K=5,S=1,Y=13",-512209.0,-163324000.0,1,X|C,1
X,153,K,16,R,1,X,1,Y,47,S,1,C,2,C,3,R,1,X,1,C,1,K,5,S,1,Y,1,"L1:[sp=X,153] K=16,R=1,X=1,Y=47,S=1,C=2 || L2:[sp=C,3] R=1,X=1,C=1,K=5,S=1,Y=1",-1033633.0,-163324000.0,1,X|C,1
X,153,K,15,R,1,S,1,Y,47,X,93,C,3,C,3,R,1,X,1,C,1,K,11,S,1,Y,5,"L1:[sp=X,153] K=15,R=1,S=1,Y=47,X=93,C=3 || L2:[sp=C,3] R=1,X=1,C=1,K=11,S=1,Y=5",-inf,-inf,0,X|C,1
X,153,K,16,R,1,X,1,S,1,Y,47,C,3,C,3,R,1,X,1,C,1,K,5,S,1,Y,13,"L1:[sp=X,153] K=16,R=1,X=1,S=1,Y=47,C=3 || L2:[sp=C,3] R=1,X=1,C=1,K=5,S=1,Y=13",-512209.0,-163324000.0,1,X|C,1
X,153,K,16,R,1,X,1,S,1,Y,179,C,3,C,3,R,1,X,1,C,1,K,5,S,1,Y,1,"L1:[sp=X,153] K=16,R=1,X=1,S=1,Y=179,C=3 || L2:[sp=C,3] R=1,X=1,C=1,K=5,S=1,Y=1",-inf,-inf,0,X|C,1
X,153,Y,9,R,1,K,16,S,1,X,1,C,3,Y,12,R,1,X,1,C,1,K,9,S,1,Y,1,"L1:[sp=X,153] Y=9,R=1,K=16,S=1,X=1,C=3 || L2:[sp=Y,12] R=1,X=1,C=1,K=9,S=1,Y=1",-705601.0,-163323000.0,1,X|Y,1
X,153,K,15,R,3,Y,47,S,1,X,1,C,3,C,3,R,1,X,1,C,1,K,11,S,1,Y,1,"L1:[sp=X,153] K=15,R=3,Y=47,S=1,X=1,C=3 || L2:[sp=C,3] R=1,X=1,C=1,K=11,S=1,Y=1",-534829.0,-163324000.0,1,X|C,1
X,153,K,16,R,1,X,1,S,1,Y,47,C,3,C,3,R,1,X,1,C,1,K,5,S,1,Y,1,"L1:[sp=X,153] K=16,R=1,X=1,S=1,Y=47,C=3 || L2:[sp=C,3] R=1,X=1,C=1,K=5,S=1,Y=1",-516817.0,-163324000.0,1,X|C,1
X,153,C,2,K,16,X,1,S,2,Y,127,R,1,C,3,R,1,Y,1,C,1,K,5,S,1,X,1,"L1:[sp=X,153] C=2,K=16,X=1,S=2,Y=127,R=1 || L2:[sp=C,3] R=1,Y=1,C=1,K=5,S=1,X=1",-inf,-inf,0,X|C,1
X,153,K,10,C,3,X,13,S,1,Y,47,R,1,C,3,R,1,X,1,C,1,K,5,S,1,Y,1,"L1:[sp=X,153] K=10,C=3,X=13,S=1,Y=47,R=1 || L2:[sp=C,3] R=1,X=1,C=1,K=5,S=1,Y=1",-inf,-inf,0,X|C,1
X,153,K,28,R,1,X,1,S,1,Y,47,C,3,C,3,R,1,K,5,C,1,X,1,S,1,Y,1,"L1:[sp=X,153] K=28,R=1,X=1,S=1,Y=47,C=3 || L2:[sp=C,3] R=1,K=5,C=1,X=1,S=1,Y=1",-inf,-inf,0,X|C,1
X,153,K,15,R,1,Y,47,S,3,X,1,C,3,C,3,R,1,X,1,C,1,K,11,S,1,Y,5,"L1:[sp=X,153] K=15,R=1,Y=47,S=3,X=1,C=3 || L2:[sp=C,3] R=1,X=1,C=1,K=11,S=1,Y=5",-inf,-inf,0,X|C,1
X,153,K,16,R,1,X,1,S,1,Y,47,C,3,C,3,R,1,X,1,C,1,K,5,S,1,Y,1,"L1:[sp=X,153] K=16,R=1,X=1,S=1,Y=47,C=3 || L2:[sp=C,3] R=1,X=1,C=1,K=5,S=1,Y=1",-516817.0,-163324000.0,1,X|C,1
X,153,K,15,R,3,Y,47,S,1,X,1,C,3,C,3,R,1,X,1,C,1,K,11,S,1,Y,1,"L1:[sp=X,153] K=15,R=3,Y=47,S=1,X=1,C=3 || L2:[sp=C,3] R=1,X=1,C=1,K=11,S=1,Y=1",-534829.0,-163324000.0,1,X|C,1
X,153,K,52,R,1,Y,47,S,1,X,1,C,3,C,3,R,1,X,1,C,1,S,1,K,11,Y,5,"L1:[sp=X,153] K=52,R=1,Y=47,S=1,X=1,C=3 || L2:[sp=C,3] R=1,X=1,C=1,S=1,K=11,Y=5",-inf,-inf,0,X|C,1
X,153,K,16,R,1,X,1,S,1,Y,47,C,3,Y,47,R,1,X,1,C,1,K,5,S,1,Y,13,"L1:[sp=X,153] K=16,R=1,X=1,S=1,Y=47,C=3 || L2:[sp=Y,47] R=1,X=1,C=1,K=5,S=1,Y=13",-8437501.0,-163323000.0,1,X|Y,1
X,153,K,16,R,1,X,1,S,1,Y,47,C,3,C,3,R,1,X,1,C,1,K,5,S,1,Y,13,"L1:[sp=X,153] K=16,R=1,X=1,S=1,Y=47,C=3 || L2:[sp=C,3] R=1,X=1,C=1,K=5,S=1,Y=13",-512209.0,-163324000.0,1,X|C,1
X,153,K,16,R,1,X,1,S,1,Y,47,C,3,C,3,R,1,X,1,K,16,C,1,S,1,Y,13,"L1:[sp=X,153] K=16,R=1,X=1,S=1,Y=47,C=3 || L2:[sp=C,3] R=1,X=1,K=16,C=1,S=1,Y=13",-512209.0,-163324000.0,1,X|C,1
X,153,K,16,R,1,X,1,S,1,Y,47,C,3,Y,47,R,1,X,1,C,1,K,5,S,1,Y,13,"L1:[sp=X,153] K=16,R=1,X=1,S=1,Y=47,C=3 || L2:[sp=Y,47] R=1,X=1,C=1,K=5,S=1,Y=13",-8437501.0,-163323000.0,1,X|Y,1
X,153,K,16,R,1,X,1,S,1,Y,47,C,3,Y,47,R,1,X,1,C,1,K,5,S,1,Y,13,"L1:[sp=X,153] K=16,R=1,X=1,S=1,Y=47,C=3 || L2:[sp=Y,47] R=1,X=1,C=1,K=5,S=1,Y=13",-8437501.0,-163323000.0,1,X|Y,1
X,153,K,16,R,1,X,1,S,1,Y,47,C,3,C,3,R,1,X,1,C,1,K,5,S,1,Y,13,"L1:[sp=X,153] K=16,R=1,X=1,S=1,Y=47,C=3 || L2:[sp=C,3] R=1,X=1,C=1,K=5,S=1,Y=13",-512209.0,-163324000.0,1,X|C,1
X,153,K,16,R,1,X,1,Y,47,S,1,C,2,C,3,R,1,X,1,C,1,K,5,S,1,Y,1,"L1:[sp=X,153] K=16,R=1,X=1,Y=47,S=1,C=2 || L2:[sp=C,3] R=1,X=1,C=1,K=5,S=1,Y=1",-1033633.0,-163324000.0,1,X|C,1
X,153,K,16,R,1,X,1,S,1,Y,47,C,3,Y,47,R,1,X,1,C,2,K,15,S,1,Y,21,"L1:[sp=X,153] K=16,R=1,X=1,S=1,Y=47,C=3 || L2:[sp=Y,47] R=1,X=1,C=2,K=15,S=1,Y=21",-inf,-inf,0,X|Y,1
X,153,K,15,R,1,C,2,S,1,X,1,Y,47,C,3,R,1,X,1,S,1,K,11,C,2,Y,1,"L1:[sp=X,153] K=15,R=1,C=2,S=1,X=1,Y=47 || L2:[sp=C,3] R=1,X=1,S=1,K=11,C=2,Y=1",-2066185.0,-163324000.0,1,X|C,1
X,153,K,16,R,3,X,1,Y,47,S,1,C,3,C,3,R,1,X,1,K,5,C,1,S,1,Y,1,"L1:[sp=X,153] K=16,R=3,X=1,Y=47,S=1,C=3 || L2:[sp=C,3] R=1,X=1,K=5,C=1,S=1,Y=1",-534769.0,-163324000.0,1,X|C,1
X,153,K,16,R,1,X,1,S,1,Y,47,C,3,K,8,R,1,X,1,C,1,K,5,S,1,Y,5,"L1:[sp=X,153] K=16,R=1,X=1,S=1,Y=47,C=3 || L2:[sp=K,8] R=1,X=1,C=1,K=5,S=1,Y=5",-1338481.0,-163323000.0,1,X|K,1
Y,153,Y,9,R,1,X,1,S,1,K,16,C,3,X,12,R,1,K,9,C,2,X,1,Y,1,S,1,"L1:[sp=Y,153] Y=9,R=1,X=1,S=1,K=16,C=3 || L2:[sp=X,12] R=1,K=9,C=2,X=1,Y=1,S=1",-6983425.0,-163323000.0,1,Y|X,1
X,153,K,21,R,1,X,1,S,1,Y,47,C,3,C,3,R,1,X,1,C,1,K,5,S,1,Y,1,"L1:[sp=X,153] K=21,R=1,X=1,S=1,Y=47,C=3 || L2:[sp=C,3] R=1,X=1,C=1,K=5,S=1,Y=1",-inf,-inf,0,X|C,1
X,153,Y,9,R,1,K,16,S,3,X,1,C,3,Y,12,R,1,X,1,C,2,K,9,Y,1,S,1,"L1:[sp=X,153] Y=9,R=1,K=16,S=3,X=1,C=3 || L2:[sp=Y,12] R=1,X=1,C=2,K=9,Y=1,S=1",-2078401.0,-163323000.0,1,X|Y,1
X,153,K,16,R,1,X,48,C,3,Y,47,S,1,Y,47,R,1,X,1,C,1,K,5,S,1,Y,5,"L1:[sp=X,153] K=16,R=1,X=48,C=3,Y=47,S=1 || L2:[sp=Y,47] R=1,X=1,C=1,K=5,S=1,Y=5",-inf,-inf,0,X|Y,1
X,153,K,16,R,1,X,1,S,1,Y,47,C,3,Y,47,R,1,X,1,C,1,K,5,S,1,Y,13,"L1:[sp=X,153] K=16,R=1,X=1,S=1,Y=47,C=3 || L2:[sp=Y,47] R=1,X=1,C=1,K=5,S=1,Y=13",-8437501.0,-163323000.0,1,X|Y,1
X,153,K,16,R,1,X,1,S,1,Y,47,C,3,C,3,R,1,X,1,C,2,K,5,S,1,Y,1,"L1:[sp=X,153] K=16,R=1,X=1,S=1,Y=47,C=3 || L2:[sp=C,3] R=1,X=1,C=2,K=5,S=1,Y=1",-1032913.0,-163324000.0,1,X|C,1
X,153,Y,9,R,1,K,16,S,1,X,1,C,1,Y,12,R,1,X,1,C,1,K,1,S,1,Y,1,"L1:[sp=X,153] Y=9,R=1,K=16,S=1,X=1,C=1 || L2:[sp=Y,12] R=1,X=1,C=1,K=1,S=1,Y=1",-734401.0,-163323000.0,1,X|Y,1
X,153,K,16,R,1,X,1,S,1,Y,47,C,3,C,3,R,1,X,1,C,1,K,5,S,1,Y,13,"L1:[sp=X,153] K=16,R=1,X=1,S=1,Y=47,C=3 || L2:[sp=C,3] R=1,X=1,C=1,K=5,S=1,Y=13",-512209.0,-163324000.0,1,X|C,1
X,153,K,27,R,1,X,1,S,1,Y,47,C,3,C,3,R,1,X,1,C,2,K,5,S,1,Y,1,"L1:[sp=X,153] K=27,R=1,X=1,S=1,Y=47,C=3 || L2:[sp=C,3] R=1,X=1,C=2,K=5,S=1,Y=1",-inf,-inf,0,X|C,1
X,153,R,3,K,16,X,1,C,3,Y,47,S,1,C,3,R,1,X,1,C,1,K,5,S,1,Y,13,"L1:[sp=X,153] R=3,K=16,X=1,C=3,Y=47,S=1 || L2:[sp=C,3] R=1,X=1,C=1,K=5,S=1,Y=13",-534769.0,-163324000.0,1,X|C,1
X,153,K,16,R,1,X,1,S,3,Y,47,C,3,K,8,R,1,X,1,C,1,K,5,S,1,Y,5,"L1:[sp=X,153] K=16,R=1,X=1,S=3,Y=47,C=3 || L2:[sp=K,8] R=1,X=1,C=1,K=5,S=1,Y=5",-4010161.0,-163323000.0,1,X|K,1
X,153,K,31,R,1,X,1,S,1,Y,47,C,3,C,3,R,1,X,1,K,16,C,1,S,1,Y,13,"L1:[sp=X,153] K=31,R=1,X=1,S=1,Y=47,C=3 || L2:[sp=C,3] R=1,X=1,K=16,C=1,S=1,Y=13",-inf,-inf,0,X|C,1
X,153,K,16,R,1,X,1,Y,47,S,1,C,3,C,3,R,1,X,1,C,1,K,5,S,1,Y,13,"L1:[sp=X,153] K=16,R=1,X=1,Y=47,S=1,C=3 || L2:[sp=C,3] R=1,X=1,C=1,K=5,S=1,Y=13",-512209.0,-163324000.0,1,X|C,1
X,153,R,1,K,16,X,1,S,1,Y,57,C,2,C,1,R,1,X,1,C,1,K,5,S,1,Y,1,"L1:[sp=X,153] R=1,K=16,X=1,S=1,Y=57,C=2 || L2:[sp=C,1] R=1,X=1,C=1,K=5,S=1,Y=1",-inf,-inf,0,X|C,1
K,153,K,16,R,1,X,1,S,1,Y,47,C,3,X,8,R,1,X,1,C,1,K,5,S,1,Y,5,"L1:[sp=K,153] K=16,R=1,X=1,S=1,Y=47,C=3 || L2:[sp=X,8] R=1,X=1,C=1,K=5,S=1,Y=5",-21782881.0,-163323000.0,1,K|X,1
X,153,K,15,R,1,C,2,S,1,X,1,Y,47,C,3,S,1,X,1,R,1,K,11,C,2,Y,1,"L1:[sp=X,153] K=15,R=1,C=2,S=1,X=1,Y=47 || L2:[sp=C,3] S=1,X=1,R=1,K=11,C=2,Y=1",-2066185.0,-163324000.0,1,X|C,1
X,153,K,16,R,1,X,1,Y,47,S,2,C,2,C,3,R,1,X,1,C,1,K,5,S,1,Y,1,"L1:[sp=X,153] K=16,R=1,X=1,Y=47,S=2,C=2 || L2:[sp=C,3] R=1,X=1,C=1,K=5,S=1,Y=1",-2065345.0,-163324000.0,1,X|C,1
X,153,Y,9,R,1,K,16,S,1,X,1,C,1,Y,12,R,1,X,1,C,1,K,5,S,1,Y,1,"L1:[sp=X,153] Y=9,R=1,K=16,S=1,X=1,C=1 || L2:[sp=Y,12] R=1,X=1,C=1,K=5,S=1,Y=1",-734401.0,-163323000.0,1,X|Y,1
X,153,K,16,R,3,X,29,S,1,Y,47,C,3,C,3,R,1,X,1,K,16,C,1,S,1,Y,1,"L1:[sp=X,153] K=16,R=3,X=29,S=1,Y=47,C=3 || L2:[sp=C,3] R=1,X=1,K=16,C=1,S=1,Y=1",-inf,-inf,0,X|C,1
K,153,K,20,R,1,X,1,Y,47,S,1,C,2,C,3,R,1,X,1,K,5,C,1,S,1,Y,13,"L1:[sp=K,153] K=20,R=1,X=1,Y=47,S=1,C=2 || L2:[sp=C,3] R=1,X=1,K=5,C=1,S=1,Y=13",-17922241.0,-163323000.0,1,K|C,1
X,153,K,16,R,1,X,1,S,1,Y,47,C,3,C,3,R,1,X,1,C,1,K,5,S,1,Y,13,"L1:[sp=X,153] K=16,R=1,X=1,S=1,Y=47,C=3 || L2:[sp=C,3] R=1,X=1,C=1,K=5,S=1,Y=13",-512209.0,-163324000.0,1,X|C,1
X,153,K,16,R,1,X,1,S,1,Y,47,C,3,C,3,R,1,X,1,C,2,K,7,S,1,Y,1,"L1:[sp=X,153] K=16,R=1,X=1,S=1,Y=47,C=3 || L2:[sp=C,3] R=1,X=1,C=2,K=7,S=1,Y=1",-1032913.0,-163324000.0,1,X|C,1
X,153,K,16,R,1,X,1,S,1,Y,47,C,3,C,3,R,1,X,1,C,1,K,5,S,1,Y,13,"L1:[sp=X,153] K=16,R=1,X=1,S=1,Y=47,C=3 || L2:[sp=C,3] R=1,X=1,C=1,K=5,S=1,Y=13",-512209.0,-163324000.0,1,X|C,1
X,153,K,16,R,1,X,1,S,1,Y,9,C,1,K,8,R,1,X,1,C,1,K,5,S,1,Y,1,"L1:[sp=X,153] K=16,R=1,X=1,S=1,Y=9,C=1 || L2:[sp=K,8] R=1,X=1,C=1,K=5,S=1,Y=1",-1360261.0,-163323000.0,1,X|K,1
X,153,Y,47,R,1,K,16,S,3,X,1,C,3,Y,47,R,1,X,1,C,1,K,5,S,1,Y,5,"L1:[sp=X,153] Y=47,R=1,K=16,S=3,X=1,C=3 || L2:[sp=Y,47] R=1,X=1,C=1,K=5,S=1,Y=5",-9594841.0,-163323000.0,1,X|Y,1
X,153,R,3,K,16,X,1,C,3,Y,47,S,1,C,3,X,1,R,1,C,1,K,5,S,1,Y,13,"L1:[sp=X,153] R=3,K=16,X=1,C=3,Y=47,S=1 || L2:[sp=C,3] X=1,R=1,C=1,K=5,S=1,Y=13",-534769.0,-163324000.0,1,X|C,1
X,153,K,16,R,1,X,1,S,3,Y,136,C,3,K,8,R,1,X,1,C,1,K,5,S,1,Y,11,"L1:[sp=X,153] K=16,R=1,X=1,S=3,Y=136,C=3 || L2:[sp=K,8] R=1,X=1,C=1,K=5,S=1,Y=11",-inf,-inf,0,X|K,1
X,153,R,3,K,16,X,1,C,3,Y,47,S,1,C,3,R,1,X,1,C,1,K,5,S,1,Y,28,"L1:[sp=X,153] R=3,K=16,X=1,C=3,Y=47,S=1 || L2:[sp=C,3] R=1,X=1,C=1,K=5,S=1,Y=28",-564721.0,-163324000.0,1,X|C,1
K,153,K,16,R,1,X,1,S,3,Y,47,C,3,X,8,R,1,X,1,C,1,K,5,S,3,Y,5,"L1:[sp=K,153] K=16,R=1,X=1,S=3,Y=47,C=3 || L2:[sp=X,8] R=1,X=1,C=1,K=5,S=3,Y=5",-21581731.0,-163323000.0,1,K|X,1
X,153,R,2,K,18,X,1,C,3,Y,47,S,1,C,3,R,1,X,1,C,1,K,5,S,1,Y,13,"L1:[sp=X,153] R=2,K=18,X=1,C=3,Y=47,S=1 || L2:[sp=C,3] R=1,X=1,C=1,K=5,S=1,Y=13",-inf,-inf,0,X|C,1
X,153,K,16,R,1,X,1,S,1,Y,47,C,3,C,3,R,1,X,1,C,1,Y,13,S,1,K,5,"L1:[sp=X,153] K=16,R=1,X=1,S=1,Y=47,C=3 || L2:[sp=C,3] R=1,X=1,C=1,Y=13,S=1,K=5",-512209.0,-163324000.0,1,X|C,1
X,153,K,16,R,1,X,1,S,3,Y,47,C,3,X,1,R,1,X,1,C,1,K,5,S,1,Y,5,"L1:[sp=X,153] K=16,R=1,X=1,S=3,Y=47,C=3 || L2:[sp=X,1] R=1,X=1,C=1,K=5,S=1,Y=5",-inf,-inf,0,X|X,1
X,153,K,13,R,1,S,1,C,2,X,1,Y,47,X,1,S,1,X,1,R,1,K,11,C,2,Y,1,"L1:[sp=X,153] K=13,R=1,S=1,C=2,X=1,Y=47 || L2:[sp=X,1] S=1,X=1,R=1,K=11,C=2,Y=1",-inf,-inf,0,X|X,1
X,153,K,16,R,1,X,1,S,1,Y,47,C,3,C,3,R,1,X,1,C,1,K,14,S,1,Y,13,"L1:[sp=X,153] K=16,R=1,X=1,S=1,Y=47,C=3 || L2:[sp=C,3] R=1,X=1,C=1,K=14,S=1,Y=13",-512209.0,-163324000.0,1,X|C,1
X,153,K,16,R,1,X,1,Y,47,S,2,C,3,C,3,R,1,X,1,C,2,K,5,S,1,Y,1,"L1:[sp=X,153] K=16,R=1,X=1,Y=47,S=2,C=3 || L2:[sp=C,3] R=1,X=1,C=2,K=5,S=1,Y=1",-inf,-inf,0,X|C,1
Y,153,Y,9,S,3,K,16,R,1,X,1,C,1,X,12,X,1,C,1,R,1,K,5,S,1,Y,8,"L1:[sp=Y,153] Y=9,S=3,K=16,R=1,X=1,C=1 || L2:[sp=X,12] X=1,C=1,R=1,K=5,S=1,Y=8",-6921073.0,-163323000.0,1,Y|X,1
K,153,K,16,R,1,X,1,S,1,Y,47,C,3,K,8,R,1,X,1,C,1,K,5,S,1,Y,5,"L1:[sp=K,153] K=16,R=1,X=1,S=1,Y=47,C=3 || L2:[sp=K,8] R=1,X=1,C=1,K=5,S=1,Y=5",-6814081.0,-163323000.0,1,K|K,1
X,153,K,16,R,1,X,1,S,1,Y,47,C,3,C,3,R,1,X,1,C,1,K,5,S,1,Y,13,"L1:[sp=X,153] K=16,R=1,X=1,S=1,Y=47,C=3 || L2:[sp=C,3] R=1,X=1,C=1,K=5,S=1,Y=13",-512209.0,-163324000.0,1,X|C,1
X,153,K,16,R,3,X,1,S,1,Y,9,C,1,K,8,R,1,X,1,C,1,K,5,S,1,Y,1,"L1:[sp=X,153] K=16,R=3,X=1,S=1,Y=9,C=1 || L2:[sp=K,8] R=1,X=1,C=1,K=5,S=1,Y=1",-1625581.0,-163323000.0,1,X|K,1
X,153,K,16,R,1,X,1,S,1,Y,47,C,3,C,3,K,14,X,1,C,1,R,1,S,1,Y,13,"L1:[sp=X,153] K=16,R=1,X=1,S=1,Y=47,C=3 || L2:[sp=C,3] K=14,X=1,C=1,R=1,S=1,Y=13",-512209.0,-163324000.0,1,X|C,1
X,153,K,16,R,1,X,1,S,1,Y,47,C,3,C,3,R,1,X,1,C,1,Y,13,S,1,K,5,"L1:[sp=X,153] K=16,R=1,X=1,S=1,Y=47,C=3 || L2:[sp=C,3] R=1,X=1,C=1,Y=13,S=1,K=5",-512209.0,-163324000.0,1,X|C,1
X,153,R,3,K,16,X,1,C,3,Y,130,S,1,C,1,R,1,S,1,C,1,K,1,X,1,Y,28,"L1:[sp=X,153] R=3,K=16,X=1,C=3,Y=130,S=1 || L2:[sp=C,1] R=1,S=1,C=1,K=1,X=1,Y=28",-inf,-inf,0,X|C,1
K,153,K,16,R,1,X,1,S,1,Y,47,C,3,Y,1,R,1,X,1,C,1,K,5,S,1,Y,5,"L1:[sp=K,153] K=16,R=1,X=1,S=1,Y=47,C=3 || L2:[sp=Y,1] R=1,X=1,C=1,K=5,S=1,Y=5",-21782881.0,-163323000.0,1,K|Y,1
X,153,R,3,K,16,X,127,C,3,Y,47,S,1,C,3,X,1,R,1,C,1,K,5,S,1,Y,13,"L1:[sp=X,153] R=3,K=16,X=127,C=3,Y=47,S=1 || L2:[sp=C,3] X=1,R=1,C=1,K=5,S=1,Y=13",-inf,-inf,0,X|C,1
X,153,R,3,K,16,X,1,C,3,Y,47,S,1,C,3,X,1,R,1,C,1,K,5,S,1,Y,13,"L1:[sp=X,153] R=3,K=16,X=1,C=3,Y=47,S=1 || L2:[sp=C,3] X=1,R=1,C=1,K=5,S=1,Y=13",-534769.0,-163324000.0,1,X|C,1
Y,153,Y,9,S,3,K,16,R,1,X,1,C,1,X,12,X,1,C,1,R,1,K,5,S,1,Y,8,"L1:[sp=Y,153] Y=9,S=3,K=16,R=1,X=1,C=1 || L2:[sp=X,12] X=1,C=1,R=1,K=5,S=1,Y=8",-6921073.0,-163323000.0,1,Y|X,1
X,153,K,16,R,1,X,1,S,1,Y,47,C,1,C,3,S,1,X,1,C,1,K,5,R,1,Y,13,"L1:[sp=X,153] K=16,R=1,X=1,S=1,Y=47,C=1 || L2:[sp=C,3] S=1,X=1,C=1,K=5,R=1,Y=13",-1536625.0,-163324000.0,1,X|C,1
X,153,K,16,R,1,X,1,S,1,Y,9,C,1,K,8,R,1,X,1,C,1,K,5,S,1,Y,1,"L1:[sp=X,153] K=16,R=1,X=1,S=1,Y=9,C=1 || L2:[sp=K,8] R=1,X=1,C=1,K=5,S=1,Y=1",-1360261.0,-163323000.0,1,X|K,1
Y,153,Y,9,S,1,K,16,R,1,X,1,C,1,X,12,X,1,C,1,R,1,K,5,S,1,Y,8,"L1:[sp=Y,153] Y=9,S=1,K=16,R=1,X=1,C=1 || L2:[sp=X,12] X=1,C=1,R=1,K=5,S=1,Y=8",-7015681.0,-163323000.0,1,Y|X,1
K,153,K,37,R,1,X,1,S,3,Y,63,C,3,K,8,R,1,X,1,C,1,Y,5,S,1,K,5,"L1:[sp=K,153] K=37,R=1,X=1,S=3,Y=63,C=3 || L2:[sp=K,8] R=1,X=1,C=1,Y=5,S=1,K=5",-20142505.0,-163323000.0,1,K|K,1
X,153,K,37,R,1,X,1,S,3,Y,9,C,3,C,3,R,1,X,1,C,1,Y,8,S,1,K,5,"L1:[sp=X,153] K=37,R=1,X=1,S=3,Y=9,C=3 || L2:[sp=C,3] R=1,X=1,C=1,Y=8,S=1,K=5",-1548889.0,-163323000.0,1,X|C,1
Y,153,Y,47,S,1,K,16,R,1,X,194,C,1,K,4,X,1,C,1,R,1,K,5,S,1,Y,13,"L1:[sp=Y,153] Y=47,S=1,K=16,R=1,X=194,C=1 || L2:[sp=K,4] X=1,C=1,R=1,K=5,S=1,Y=13",-inf,-inf,0,Y|K,1
X,153,K,16,R,1,X,1,S,1,Y,126,C,1,K,8,R,1,X,1,C,1,S,1,K,5,Y,1,"L1:[sp=X,153] K=16,R=1,X=1,S=1,Y=126,C=1 || L2:[sp=K,8] R=1,X=1,C=1,S=1,K=5,Y=1",-1332937.0,-163324000.0,1,X|K,1
X,153,K,16,R,1,X,1,S,1,Y,47,C,3,C,3,R,1,X,1,C,1,K,5,S,1,Y,13,"L1:[sp=X,153] K=16,R=1,X=1,S=1,Y=47,C=3 || L2:[sp=C,3] R=1,X=1,C=1,K=5,S=1,Y=13",-512209.0,-163324000.0,1,X|C,1
X,153,S,1,K,16,X,1,C,3,Y,47,R,3,K,4,X,1,R,1,C,1,K,5,S,1,Y,13,"L1:[sp=X,153] S=1,K=16,X=1,C=3,Y=47,R=3 || L2:[sp=K,4] X=1,R=1,C=1,K=5,S=1,Y=13",-752041.0,-163324000.0,1,X|K,1
X,153,K,16,R,1,X,1,S,1,Y,126,C,1,Y,21,R,1,X,1,C,1,S,1,K,3,Y,1,"L1:[sp=X,153] K=16,R=1,X=1,S=1,Y=126,C=1 || L2:[sp=Y,21] R=1,X=1,C=1,S=1,K=3,Y=1",-538273.0,-163323000.0,1,X|Y,1
X,153,K,37,R,1,X,1,S,1,Y,9,C,3,C,3,R,1,X,1,C,1,Y,8,S,1,K,5,"L1:[sp=X,153] K=37,R=1,X=1,S=1,Y=9,C=3 || L2:[sp=C,3] R=1,X=1,C=1,Y=8,S=1,K=5",-517897.0,-163323000.0,1,X|C,1
X,153,K,16,R,1,X,1,S,3,Y,9,C,1,K,8,R,1,X,1,C,1,K,5,S,1,Y,1,"L1:[sp=X,153] K=16,R=1,X=1,S=3,Y=9,C=1 || L2:[sp=K,8] R=1,X=1,C=1,K=5,S=1,Y=1",-4001581.0,-163323000.0,1,X|K,1
Y,153,R,3,K,16,X,134,C,3,Y,47,S,3,C,3,X,1,R,1,C,1,K,5,S,1,Y,13,"L1:[sp=Y,153] R=3,K=16,X=134,C=3,Y=47,S=3 || L2:[sp=C,3] X=1,R=1,C=1,K=5,S=1,Y=13",-inf,-inf,0,Y|C,1
X,153,K,37,C,3,X,1,S,1,Y,9,R,1,C,3,R,1,X,1,C,1,Y,8,S,1,K,5,"L1:[sp=X,153] K=37,C=3,X=1,S=1,Y=9,R=1 || L2:[sp=C,3] R=1,X=1,C=1,Y=8,S=1,K=5",-517897.0,-163323000.0,1,X|C,1
X,153,K,16,R,1,X,1,S,1,Y,157,C,3,K,8,R,1,X,1,C,1,K,5,S,1,Y,1,"L1:[sp=X,153] K=16,R=1,X=1,S=1,Y=157,C=3 || L2:[sp=K,8] R=1,X=1,C=1,K=5,S=1,Y=1",-inf,-inf,0,X|K,1
K,153,K,16,R,1,X,1,S,1,Y,47,C,3,C,3,K,14,X,1,S,1,R,1,C,3,Y,13,"L1:[sp=K,153] K=16,R=1,X=1,S=1,Y=47,C=3 || L2:[sp=C,3] K=14,X=1,S=1,R=1,C=3,Y=13",-inf,-inf,0,K|C,1
X,153,K,16,R,1,X,1,S,1,Y,47,C,3,Y,1,K,14,X,1,C,1,R,1,S,1,Y,13,"L1:[sp=X,153] K=16,R=1,X=1,S=1,Y=47,C=3 || L2:[sp=Y,1] K=14,X=1,C=1,R=1,S=1,Y=13",-inf,-inf,0,X|Y,1
X,153,K,16,R,2,X,1,S,1,Y,47,C,1,C,3,S,1,X,1,C,1,Y,13,R,1,K,5,"L1:[sp=X,153] K=16,R=2,X=1,S=1,Y=47,C=1 || L2:[sp=C,3] S=1,X=1,C=1,Y=13,R=1,K=5",-1570465.0,-163324000.0,1,X|C,1
X,153,X,1,R,1,K,16,S,1,Y,47,C,1,C,3,K,14,X,1,C,1,R,1,S,1,Y,13,"L1:[sp=X,153] X=1,R=1,K=16,S=1,Y=47,C=1 || L2:[sp=C,3] K=14,X=1,C=1,R=1,S=1,Y=13",-1536625.0,-163324000.0,1,X|C,1
X,153,R,3,K,6,X,1,C,3,Y,47,S,1,C,3,X,1,R,1,C,1,K,5,S,1,Y,13,"L1:[sp=X,153] R=3,K=6,X=1,C=3,Y=47,S=1 || L2:[sp=C,3] X=1,R=1,C=1,K=5,S=1,Y=13",-510133.0,-163323000.0,1,X|C,1
X,153,X,1,R,1,K,16,S,1,Y,47,C,3,C,3,R,1,X,1,C,1,Y,13,S,1,K,5,"L1:[sp=X,153] X=1,R=1,K=16,S=1,Y=47,C=3 || L2:[sp=C,3] R=1,X=1,C=1,Y=13,S=1,K=5",-512209.0,-163324000.0,1,X|C,1
X,153,K,16,C,1,X,1,S,1,Y,47,R,1,C,3,S,1,X,1,C,1,K,5,R,1,Y,13,"L1:[sp=X,153] K=16,C=1,X=1,S=1,Y=47,R=1 || L2:[sp=C,3] S=1,X=1,C=1,K=5,R=1,Y=13",-1536625.0,-163324000.0,1,X|C,1
X,153,K,52,R,1,X,1,Y,47,S,1,C,1,C,3,S,1,X,1,C,1,K,5,R,1,Y,13,"L1:[sp=X,153] K=52,R=1,X=1,Y=47,S=1,C=1 || L2:[sp=C,3] S=1,X=1,C=1,K=5,R=1,Y=13",-inf,-inf,0,X|C,1
X,153,K,16,R,1,X,1,S,1,C,3,Y,47,X,1,R,1,X,1,C,1,Y,13,S,1,K,5,"L1:[sp=X,153] K=16,R=1,X=1,S=1,C=3,Y=47 || L2:[sp=X,1] R=1,X=1,C=1,Y=13,S=1,K=5",-inf,-inf,0,X|X,1
X,153,R,3,K,6,X,1,C,3,Y,47,S,1,C,3,X,1,R,1,C,1,K,5,S,1,Y,13,"L1:[sp=X,153] R=3,K=6,X=1,C=3,Y=47,S=1 || L2:[sp=C,3] X=1,R=1,C=1,K=5,S=1,Y=13",-510133.0,-163323000.0,1,X|C,1
X,153,K,37,R,1,X,1,S,3,Y,9,C,3,C,3,R,1,X,1,C,1,Y,8,S,1,K,5,"L1:[sp=X,153] K=37,R=1,X=1,S=3,Y=9,C=3 || L2:[sp=C,3] R=1,X=1,C=1,Y=8,S=1,K=5",-1548889.0,-163323000.0,1,X|C,1
X,153,S,1,K,16,X,1,C,3,Y,193,R,3,K,4,X,1,R,1,C,1,K,5,S,1,Y,13,"L1:[sp=X,153] S=1,K=16,X=1,C=3,Y=193,R=3 || L2:[sp=K,4] X=1,R=1,C=1,K=5,S=1,Y=13",-inf,-inf,0,X|K,1
C,153,K,37,C,3,X,1,S,1,Y,9,R,1,C,3,R,1,X,1,C,1,Y,8,S,1,K,5,"L1:[sp=C,153] K=37,C=3,X=1,S=1,Y=9,R=1 || L2:[sp=C,3] R=1,X=1,C=1,Y=8,S=1,K=5",-29002177.0,-163323000.0,1,C|C,1
X,153,C,1,R,1,K,50,S,1,Y,47,X,1,C,3,K,14,X,1,C,1,R,1,S,1,Y,13,"L1:[sp=X,153] C=1,R=1,K=50,S=1,Y=47,X=1 || L2:[sp=C,3] K=14,X=1,C=1,R=1,S=1,Y=13",-inf,-inf,0,X|C,1
X,153,X,1,R,1,K,6,S,1,Y,47,C,1,C,3,K,6,X,1,C,1,R,1,S,1,Y,13,"L1:[sp=X,153] X=1,R=1,K=6,S=1,Y=47,C=1 || L2:[sp=C,3] K=6,X=1,C=1,R=1,S=1,Y=13",-1588357.0,-163323000.0,1,X|C,1
X,153,R,3,K,6,X,1,C,3,Y,47,S,1,C,3,X,1,R,2,C,1,K,5,S,1,Y,13,"L1:[sp=X,153] R=3,K=6,X=1,C=3,Y=47,S=1 || L2:[sp=C,3] X=1,R=2,C=1,K=5,S=1,Y=13",-510133.0,-163323000.0,1,X|C,1
X,153,X,1,R,1,K,16,S,1,Y,126,C,1,C,1,K,14,X,1,C,1,R,1,S,1,Y,1,"L1:[sp=X,153] X=1,R=1,K=16,S=1,Y=126,C=1 || L2:[sp=C,1] K=14,X=1,C=1,R=1,S=1,Y=1",-inf,-inf,0,X|C,1
Y,153,K,1,R,1,X,1,S,1,Y,47,C,1,X,21,R,1,X,1,S,1,C,1,K,1,Y,18,"L1:[sp=Y,153] K=1,R=1,X=1,S=1,Y=47,C=1 || L2:[sp=X,21] R=1,X=1,S=1,C=1,K=1,Y=18",-18579457.0,-163323000.0,1,Y|X,1
X,153,S,1,K,16,X,127,C,2,Y,47,R,1,K,4,X,68,R,1,C,1,K,5,S,1,Y,13,"L1:[sp=X,153] S=1,K=16,X=127,C=2,Y=47,R=1 || L2:[sp=K,4] X=68,R=1,C=1,K=5,S=1,Y=13",-inf,-inf,0,X|K,1
Y,153,K,37,R,3,X,1,S,1,Y,9,C,3,C,3,R,1,X,1,C,1,Y,8,S,1,K,5,"L1:[sp=Y,153] K=37,R=3,X=1,S=1,Y=9,C=3 || L2:[sp=C,3] R=1,X=1,C=1,Y=8,S=1,K=5",-1420609.0,-163323000.0,1,Y|C,1
C,153,Y,9,R,1,X,1,S,1,K,37,C,3,C,3,R,1,X,1,C,1,Y,8,S,1,K,5,"L1:[sp=C,153] Y=9,R=1,X=1,S=1,K=37,C=3 || L2:[sp=C,3] R=1,X=1,C=1,Y=8,S=1,K=5",-29002177.0,-163323000.0,1,C|C,1
X,153,K,37,C,3,X,1,S,1,Y,9,R,1,C,3,R,1,X,1,C,1,K,5,S,1,Y,8,"L1:[sp=X,153] K=37,C=3,X=1,S=1,Y=9,R=1 || L2:[sp=C,3] R=1,X=1,C=1,K=5,S=1,Y=8",-517897.0,-163323000.0,1,X|C,1
X,153,R,3,K,6,X,1,C,3,Y,47,S,1,C,3,X,1,R,1,C,1,K,5,S,1,Y,40,"L1:[sp=X,153] R=3,K=6,X=1,C=3,Y=47,S=1 || L2:[sp=C,3] X=1,R=1,C=1,K=5,S=1,Y=40",-450841.0,-163324000.0,1,X|C,1
X,153,K,16,R,1,X,1,S,1,Y,126,C,1,Y,21,R,1,X,1,C,1,S,1,K,3,Y,1,"L1:[sp=X,153] K=16,R=1,X=1,S=1,Y=126,C=1 || L2:[sp=Y,21] R=1,X=1,C=1,S=1,K=3,Y=1",-538273.0,-163323000.0,1,X|Y,1
X,153,X,1,R,1,K,16,S,1,Y,9,C,3,C,3,R,1,X,1,C,1,Y,8,S,1,K,5,"L1:[sp=X,153] X=1,R=1,K=16,S=1,Y=9,C=3 || L2:[sp=C,3] R=1,X=1,C=1,Y=8,S=1,K=5",-519697.0,-163323000.0,1,X|C,1
X,153,K,37,C,3,X,72,S,1,Y,47,R,1,X,12,R,1,X,1,C,1,Y,13,S,1,K,5,"L1:[sp=X,153] K=37,C=3,X=72,S=1,Y=47,R=1 || L2:[sp=X,12] R=1,X=1,C=1,Y=13,S=1,K=5",-inf,-inf,0,X|X,1
X,153,X,1,R,1,K,16,S,1,Y,47,C,1,X,1,K,14,X,1,C,1,R,1,S,1,Y,13,"L1:[sp=X,153] X=1,R=1,K=16,S=1,Y=47,C=1 || L2:[sp=X,1] K=14,X=1,C=1,R=1,S=1,Y=13",-inf,-inf,0,X|X,1
X,153,R,3,K,6,X,1,C,3,Y,47,S,1,C,3,X,1,R,1,C,1,K,5,S,1,Y,40,"L1:[sp=X,153] R=3,K=6,X=1,C=3,Y=47,S=1 || L2:[sp=C,3] X=1,R=1,C=1,K=5,S=1,Y=40",-450841.0,-163324000.0,1,X|C,1
X,153,K,16,R,1,X,1,S,1,Y,9,C,3,C,3,R,1,X,1,C,1,Y,8,S,1,K,5,"L1:[sp=X,153] K=16,R=1,X=1,S=1,Y=9,C=3 || L2:[sp=C,3] R=1,X=1,C=1,Y=8,S=1,K=5",-519697.0,-163323000.0,1,X|C,1
K,153,K,37,R,3,X,1,S,1,Y,9,C,3,C,3,S,1,X,1,C,1,Y,8,R,1,K,5,"L1:[sp=K,153] K=37,R=3,X=1,S=1,Y=9,C=3 || L2:[sp=C,3] S=1,X=1,C=1,Y=8,R=1,K=5",-20305825.0,-163323000.0,1,K|C,1
X,153,K,16,R,1,X,1,S,1,C,1,Y,126,Y,21,R,1,X,1,C,1,S,1,K,3,Y,1,"L1:[sp=X,153] K=16,R=1,X=1,S=1,C=1,Y=126 || L2:[sp=Y,21] R=1,X=1,C=1,S=1,K=3,Y=1",-538273.0,-163323000.0,1,X|Y,1
X,153,K,37,C,3,X,1,S,1,Y,9,R,1,C,3,X,1,R,1,C,1,K,5,S,1,Y,8,"L1:[sp=X,153] K=37,C=3,X=1,S=1,Y=9,R=1 || L2:[sp=C,3] X=1,R=1,C=1,K=5,S=1,Y=8",-517897.0,-163323000.0,1,X|C,1
C,153,R,3,K,6,X,1,C,1,Y,47,S,1,X,3,X,1,R,1,C,1,K,5,S,1,Y,13,"L1:[sp=C,153] R=3,K=6,X=1,C=1,Y=47,S=1 || L2:[sp=X,3] X=1,R=1,C=1,K=5,S=1,Y=13",-28567393.0,-163323000.0,1,C|X,1
X,153,K,16,R,1,X,1,S,1,Y,190,C,3,Y,21,R,1,X,1,C,1,S,1,K,3,Y,1,"L1:[sp=X,153] K=16,R=1,X=1,S=1,Y=190,C=3 || L2:[sp=Y,21] R=1,X=1,C=1,S=1,K=3,Y=1",-582625.0,-163323000.0,1,X|Y,1
X,153,K,37,C,3,X,1,S,1,R,1,Y,9,C,3,R,1,X,1,C,1,K,5,S,1,Y,4,"L1:[sp=X,153] K=37,C=3,X=1,S=1,R=1,Y=9 || L2:[sp=C,3] R=1,X=1,C=1,K=5,S=1,Y=4",-517897.0,-163323000.0,1,X|C,1
X,153,R,3,K,6,X,29,C,3,Y,47,S,1,C,3,X,1,R,2,C,1,K,5,S,1,Y,25,"L1:[sp=X,153] R=3,K=6,X=29,C=3,Y=47,S=1 || L2:[sp=C,3] X=1,R=2,C=1,K=5,S=1,Y=25",-inf,-inf,0,X|C,1
C,153,R,3,K,6,X,1,C,3,Y,47,S,1,X,3,X,1,R,1,C,1,K,5,S,1,Y,40,"L1:[sp=C,153] R=3,K=6,X=1,C=3,Y=47,S=1 || L2:[sp=X,3] X=1,R=1,C=1,K=5,S=1,Y=40",-75667201.0,-163323000.0,1,C|X,1
Y,153,K,37,R,3,X,1,S,1,Y,9,C,3,C,3,R,1,K,5,C,3,Y,4,S,1,X,1,"L1:[sp=Y,153] K=37,R=3,X=1,S=1,Y=9,C=3 || L2:[sp=C,3] R=1,K=5,C=3,Y=4,S=1,X=1",-4259137.0,-163323000.0,1,Y|C,1
X,153,K,37,C,2,X,1,S,1,Y,47,R,1,C,3,R,1,X,1,C,1,K,5,S,1,Y,13,"L1:[sp=X,153] K=37,C=2,X=1,S=1,Y=47,R=1 || L2:[sp=C,3] R=1,X=1,C=1,K=5,S=1,Y=13",-inf,-inf,0,X|C,1
X,153,R,1,K,6,X,1,C,3,Y,9,S,1,C,3,X,1,R,1,C,1,K,5,S,1,Y,8,"L1:[sp=X,153] R=1,K=6,X=1,C=3,Y=9,S=1 || L2:[sp=C,3] X=1,R=1,C=1,K=5,S=1,Y=8",-501805.0,-163323000.0,1,X|C,1
X,153,R,3,K,6,X,1,C,3,Y,47,S,1,C,3,X,1,R,2,C,1,K,5,S,1,Y,13,"L1:[sp=X,153] R=3,K=6,X=1,C=3,Y=47,S=1 || L2:[sp=C,3] X=1,R=2,C=1,K=5,S=1,Y=13",-510133.0,-163323000.0,1,X|C,1
X,153,K,37,R,3,X,1,S,3,Y,9,C,3,C,3,R,1,X,1,C,1,Y,8,S,1,K,5,"L1:[sp=X,153] K=37,R=3,X=1,S=3,Y=9,C=3 || L2:[sp=C,3] R=1,X=1,C=1,Y=8,S=1,K=5",-1880265.0,-163323000.0,1,X|C,1
X,153,S,2,K,6,X,1,C,2,Y,47,R,3,C,3,S,1,R,2,C,1,K,5,X,1,Y,13,"L1:[sp=X,153] S=2,K=6,X=1,C=2,Y=47,R=3 || L2:[sp=C,3] S=1,R=2,C=1,K=5,X=1,Y=13",-2038769.0,-163323000.0,1,X|C,1
X,153,R,3,K,13,X,1,C,3,Y,47,S,1,C,3,X,1,R,1,C,1,K,5,S,1,Y,40,"L1:[sp=X,153] R=3,K=13,X=1,C=3,Y=47,S=1 || L2:[sp=C,3] X=1,R=1,C=1,K=5,S=1,Y=40",-480001.0,-163324000.0,1,X|C,1
X,153,X,1,R,3,K,16,S,3,Y,9,C,3,C,3,R,3,X,1,C,1,Y,8,S,1,K,5,"L1:[sp=X,153] X=1,R=3,K=16,S=3,Y=9,C=3 || L2:[sp=C,3] R=3,X=1,C=1,Y=8,S=1,K=5",-1500305.0,-163323000.0,1,X|C,1
Y,153,K,37,R,1,X,1,S,3,Y,104,C,3,C,3,R,1,X,1,C,1,Y,8,S,1,K,5,"L1:[sp=Y,153] K=37,R=1,X=1,S=3,Y=104,C=3 || L2:[sp=C,3] R=1,X=1,C=1,Y=8,S=1,K=5",-39897397.0,-163323000.0,1,Y|C,1
X,153,R,3,K,6,X,1,C,3,Y,47,S,1,C,3,X,1,R,1,C,1,K,5,S,1,Y,40,"L1:[sp=X,153] R=3,K=6,X=1,C=3,Y=47,S=1 || L2:[sp=C,3] X=1,R=1,C=1,K=5,S=1,Y=40",-450841.0,-163324000.0,1,X|C,1
X,153,R,3,K,6,X,1,C,1,Y,47,S,1,C,3,X,1,R,1,C,1,K,5,S,1,Y,40,"L1:[sp=X,153] R=3,K=6,X=1,C=1,Y=47,S=1 || L2:[sp=C,3] X=1,R=1,C=1,K=5,S=1,Y=40",-1352521.0,-163324000.0,1,X|C,1
X,153,R,3,K,13,X,1,C,3,Y,47,S,1,C,3,X,1,R,2,C,1,K,5,S,1,Y,40,"L1:[sp=X,153] R=3,K=13,X=1,C=3,Y=47,S=1 || L2:[sp=C,3] X=1,R=2,C=1,K=5,S=1,Y=40",-480001.0,-163324000.0,1,X|C,1
X,153,R,3,K,6,X,1,C,2,Y,47,S,1,C,3,X,1,R,1,C,1,Y,40,S,1,K,5,"L1:[sp=X,153] R=3,K=6,X=1,C=2,Y=47,S=1 || L2:[sp=C,3] X=1,R=1,C=1,Y=40,S=1,K=5",-901681.0,-163324000.0,1,X|C,1
X,153,K,16,R,1,X,1,S,1,Y,9,C,3,C,3,R,1,X,1,C,1,Y,3,S,1,K,13,"L1:[sp=X,153] K=16,R=1,X=1,S=1,Y=9,C=3 || L2:[sp=C,3] R=1,X=1,C=1,Y=3,S=1,K=13",-522001.0,-163323000.0,1,X|C,1
C,153,K,11,C,3,X,1,S,1,Y,9,R,1,C,3,X,1,R,1,C,1,K,5,S,1,Y,8,"L1:[sp=C,153] K=11,C=3,X=1,S=1,Y=9,R=1 || L2:[sp=C,3] X=1,R=1,C=1,K=5,S=1,Y=8",-27849025.0,-163323000.0,1,C|C,1
X,153,K,16,R,1,X,1,S,1,Y,9,C,3,X,1,R,1,X,1,K,5,Y,8,S,1,C,1,"L1:[sp=X,153] K=16,R=1,X=1,S=1,Y=9,C=3 || L2:[sp=X,1] R=1,X=1,K=5,Y=8,S=1,C=1",-775945.0,-163323000.0,1,X|X,1
X,153,X,1,Y,47,R,1,C,3,K,13,S,1,C,3,X,1,R,1,C,1,K,5,S,1,Y,40,"L1:[sp=X,153] X=1,Y=47,R=1,C=3,K=13,S=1 || L2:[sp=C,3] X=1,R=1,C=1,K=5,S=1,Y=40",-457201.0,-163324000.0,1,X|C,1
X,153,K,16,R,3,X,36,S,1,Y,9,C,3,C,3,R,1,X,1,C,1,Y,8,S,1,K,5,"L1:[sp=X,153] K=16,R=3,X=36,S=1,Y=9,C=3 || L2:[sp=C,3] R=1,X=1,C=1,Y=8,S=1,K=5",-5640493.0,-163324000.0,1,X|C,1
X,153,K,37,C,2,X,1,Y,9,R,1,S,1,C,3,R,1,X,1,C,1,K,9,S,1,Y,4,"L1:[sp=X,153] K=37,C=2,X=1,Y=9,R=1,S=1 || L2:[sp=C,3] R=1,X=1,C=1,K=9,S=1,Y=4",-1035793.0,-163323000.0,1,X|C,1
X,153,R,3,K,6,X,1,C,3,Y,47,S,1,C,3,X,1,R,2,C,1,K,5,S,1,Y,13,"L1:[sp=X,153] R=3,K=6,X=1,C=3,Y=47,S=1 || L2:[sp=C,3] X=1,R=2,C=1,K=5,S=1,Y=13",-510133.0,-163323000.0,1,X|C,1
X,153,K,16,R,1,X,1,S,1,C,1,Y,126,Y,21,R,1,C,1,X,1,S,1,K,3,Y,107,"L1:[sp=X,153] K=16,R=1,X=1,S=1,C=1,Y=126 || L2:[sp=Y,21] R=1,C=1,X=1,S=1,K=3,Y=107",-inf,-inf,0,X|Y,1
C,153,K,16,R,1,X,1,S,1,Y,9,C,3,X,3,R,1,X,1,C,1,Y,8,S,1,K,1,"L1:[sp=C,153] K=16,R=1,X=1,S=1,Y=9,C=3 || L2:[sp=X,3] R=1,X=1,C=1,Y=8,S=1,K=1",-86905729.0,-163323000.0,1,C|X,1
X,153,K,16,R,1,X,1,S,1,C,1,Y,126,Y,21,R,1,X,1,C,1,K,3,S,1,Y,1,"L1:[sp=X,153] K=16,R=1,X=1,S=1,C=1,Y=126 || L2:[sp=Y,21] R=1,X=1,C=1,K=3,S=1,Y=1",-538273.0,-163323000.0,1,X|Y,1
X,153,K,16,R,1,X,1,S,1,Y,9,C,1,C,3,R,1,X,1,C,1,Y,8,S,1,K,5,"L1:[sp=X,153] K=16,R=1,X=1,S=1,Y=9,C=1 || L2:[sp=C,3] R=1,X=1,C=1,Y=8,S=1,K=5",-1559089.0,-163323000.0,1,X|C,1
X,153,R,3,K,13,X,1,C,3,Y,144,S,1,C,3,R,1,X,1,C,1,K,5,S,1,Y,40,"L1:[sp=X,153] R=3,K=13,X=1,C=3,Y=144,S=1 || L2:[sp=C,3] R=1,X=1,C=1,K=5,S=1,Y=40",-inf,-inf,0,X|C,1
X,153,K,16,R,1,X,1,S,1,C,1,Y,126,Y,21,R,1,X,1,C,1,S,1,K,3,Y,1,"L1:[sp=X,153] K=16,R=1,X=1,S=1,C=1,Y=126 || L2:[sp=Y,21] R=1,X=1,C=1,S=1,K=3,Y=1",-538273.0,-163323000.0,1,X|Y,1
C,153,R,3,K,13,X,1,C,3,Y,117,S,1,C,3,X,1,R,1,C,1,K,5,S,1,Y,40,"L1:[sp=C,153] R=3,K=13,X=1,C=3,Y=117,S=1 || L2:[sp=C,3] X=1,R=1,C=1,K=5,S=1,Y=40",-31194241.0,-163324000.0,1,C|C,1
C,153,K,37,C,3,X,1,S,1,R,1,Y,9,X,3,R,1,X,1,C,1,K,5,S,1,Y,3,"L1:[sp=C,153] K=37,C=3,X=1,S=1,R=1,Y=9 || L2:[sp=X,3] R=1,X=1,C=1,K=5,S=1,Y=3",-87192001.0,-163323000.0,1,C|X,1
X,153,K,16,R,1,X,1,S,1,Y,9,C,3,C,3,R,1,X,1,C,1,Y,3,S,1,K,5,"L1:[sp=X,153] K=16,R=1,X=1,S=1,Y=9,C=3 || L2:[sp=C,3] R=1,X=1,C=1,Y=3,S=1,K=5",-522001.0,-163323000.0,1,X|C,1
X,153,R,3,K,6,X,1,C,3,Y,47,S,1,C,3,X,1,R,1,C,1,K,5,S,1,Y,40,"L1:[sp=X,153] R=3,K=6,X=1,C=3,Y=47,S=1 || L2:[sp=C,3] X=1,R=1,C=1,K=5,S=1,Y=40",-450841.0,-163324000.0,1,X|C,1
X,153,R,1,K,13,X,107,C,1,Y,126,S,1,C,3,X,1,R,1,C,1,K,5,S,1,Y,1,"L1:[sp=X,153] R=1,K=13,X=107,C=1,Y=126,S=1 || L2:[sp=C,3] X=1,R=1,C=1,K=5,S=1,Y=1",-inf,-inf,0,X|C,1
X,153,Y,47,R,3,X,166,S,1,C,3,K,16,Y,21,R,2,X,1,C,1,K,3,S,1,Y,40,"L1:[sp=X,153] Y=47,R=3,X=166,S=1,C=3,K=16 || L2:[sp=Y,21] R=2,X=1,C=1,K=3,S=1,Y=40",-inf,-inf,0,X|Y,1
Y,153,K,16,R,1,X,1,S,1,C,1,Y,126,Y,21,R,1,X,1,C,1,K,3,S,1,Y,1,"L1:[sp=Y,153] K=16,R=1,X=1,S=1,C=1,Y=126 || L2:[sp=Y,21] R=1,X=1,C=1,K=3,S=1,Y=1",-2346625.0,-163323000.0,1,Y|Y,1
X,153,K,16,C,3,X,1,S,1,Y,9,R,1,C,3,R,1,X,1,C,1,Y,3,S,1,K,5,"L1:[sp=X,153] K=16,C=3,X=1,S=1,Y=9,R=1 || L2:[sp=C,3] R=1,X=1,C=1,Y=3,S=1,K=5",-522001.0,-163323000.0,1,X|C,1
K,153,K,16,R,1,X,1,S,1,C,1,Y,126,Y,21,R,1,X,1,C,1,S,1,K,3,Y,1,"L1:[sp=K,153] K=16,R=1,X=1,S=1,C=1,Y=126 || L2:[sp=Y,21] R=1,X=1,C=1,S=1,K=3,Y=1",-1076545.0,-163323000.0,1,K|Y,1
X,153,K,16,R,1,X,1,S,1,Y,9,C,3,C,3,R,1,X,1,C,1,Y,3,S,1,K,13,"L1:[sp=X,153] K=16,R=1,X=1,S=1,Y=9,C=3 || L2:[sp=C,3] R=1,X=1,C=1,Y=3,S=1,K=13",-522001.0,-163323000.0,1,X|C,1
X,153,K,16,R,1,X,1,S,1,Y,9,C,3,C,3,R,1,X,1,C,1,Y,3,S,1,K,13,"L1:[sp=X,153] K=16,R=1,X=1,S=1,Y=9,C=3 || L2:[sp=C,3] R=1,X=1,C=1,Y=3,S=1,K=13",-522001.0,-163323000.0,1,X|C,1
X,153,C,1,R,1,X,1,S,1,K,16,Y,126,Y,21,R,1,X,1,C,1,S,1,K,3,Y,1,"L1:[sp=X,153] C=1,R=1,X=1,S=1,K=16,Y=126 || L2:[sp=Y,21] R=1,X=1,C=1,S=1,K=3,Y=1",-538273.0,-163323000.0,1,X|Y,1
X,153,R,3,K,13,X,1,C,3,Y,114,S,1,C,3,X,1,R,2,C,1,K,5,S,1,Y,40,"L1:[sp=X,153] R=3,K=13,X=1,C=3,Y=114,S=1 || L2:[sp=C,3] X=1,R=2,C=1,K=5,S=1,Y=40",-inf,-inf,0,X|C,1
X,153,R,3,K,6,X,1,C,3,Y,192,S,1,C,3,X,1,R,1,C,1,K,4,S,1,Y,40,"L1:[sp=X,153] R=3,K=6,X=1,C=3,Y=192,S=1 || L2:[sp=C,3] X=1,R=1,C=1,K=4,S=1,Y=40",-inf,-inf,0,X|C,1
X,153,R,3,S,2,X,113,C,3,Y,47,K,13,C,3,X,1,R,2,C,1,K,5,S,1,Y,40,"L1:[sp=X,153] R=3,S=2,X=113,C=3,Y=47,K=13 || L2:[sp=C,3] X=1,R=2,C=1,K=5,S=1,Y=40",-inf,-inf,0,X|C,1
X,153,K,16,R,1,X,47,S,1,Y,9,C,3,C,3,R,1,X,1,C,1,Y,3,S,1,K,13,"L1:[sp=X,153] K=16,R=1,X=47,S=1,Y=9,C=3 || L2:[sp=C,3] R=1,X=1,C=1,Y=3,S=1,K=13",-6092101.0,-163324000.0,1,X|C,1
C,153,R,3,K,6,X,1,C,3,Y,47,S,1,X,3,X,1,R,1,C,1,K,5,S,1,Y,40,"L1:[sp=C,153] R=3,K=6,X=1,C=3,Y=47,S=1 || L2:[sp=X,3] X=1,R=1,C=1,K=5,S=1,Y=40",-75667201.0,-163323000.0,1,C|X,1
X,153,X,1,Y,47,R,1,C,3,K,13,S,1,C,3,X,1,R,1,C,1,K,5,S,1,Y,40,"L1:[sp=X,153] X=1,Y=47,R=1,C=3,K=13,S=1 || L2:[sp=C,3] X=1,R=1,C=1,K=5,S=1,Y=40",-457201.0,-163324000.0,1,X|C,1
X,153,R,3,K,6,X,1,C,1,Y,47,S,1,C,3,X,1,R,2,C,1,K,5,S,1,Y,26,"L1:[sp=X,153] R=3,K=6,X=1,C=1,Y=47,S=1 || L2:[sp=C,3] X=1,R=2,C=1,K=5,S=1,Y=26",-1616041.0,-163324000.0,1,X|C,1
X,153,K,16,R,1,X,1,S,1,C,1,Y,126,X,1,R,1,X,1,C,1,K,3,S,1,Y,1,"L1:[sp=X,153] K=16,R=1,X=1,S=1,C=1,Y=126 || L2:[sp=X,1] R=1,X=1,C=1,K=3,S=1,Y=1",-inf,-inf,0,X|X,1
X,153,Y,47,X,25,R,1,C,3,K,13,S,1,C,3,X,1,R,1,C,3,K,5,S,1,Y,40,"L1:[sp=X,153] Y=47,X=25,R=1,C=3,K=13,S=1 || L2:[sp=C,3] X=1,R=1,C=3,K=5,S=1,Y=40",-inf,-inf,0,X|C,1
X,153,K,16,R,1,X,1,S,1,C,1,Y,126,Y,21,R,1,X,1,Y,1,S,1,K,3,C,1,"L1:[sp=X,153] K=16,R=1,X=1,S=1,C=1,Y=126 || L2:[sp=Y,21] R=1,X=1,Y=1,S=1,K=3,C=1",-538273.0,-163323000.0,1,X|Y,1
X,153,R,1,K,6,X,204,C,3,Y,47,S,1,C,3,X,1,R,1,C,1,K,5,S,1,Y,40,"L1:[sp=X,153] R=1,K=6,X=204,C=3,Y=47,S=1 || L2:[sp=C,3] X=1,R=1,C=1,K=5,S=1,Y=40",-inf,-inf,0,X|C,1
X,153,X,1,Y,47,R,3,C,3,K,13,S,1,C,3,X,1,R,2,C,1,Y,13,S,1,K,5,"L1:[sp=X,153] X=1,Y=47,R=3,C=3,K=13,S=1 || L2:[sp=C,3] X=1,R=2,C=1,Y=13,S=1,K=5",-543181.0,-163324000.0,1,X|C,1
X,153,R,3,K,6,X,1,C,3,Y,47,S,1,C,3,X,1,R,1,C,1,K,5,S,1,Y,40,"L1:[sp=X,153] R=3,K=6,X=1,C=3,Y=47,S=1 || L2:[sp=C,3] X=1,R=1,C=1,K=5,S=1,Y=40",-450841.0,-163324000.0,1,X|C,1
X,153,X,1,Y,47,C,3,R,3,K,4,S,1,C,3,X,1,R,2,C,1,Y,13,S,1,K,4,"L1:[sp=X,153] X=1,Y=47,C=3,R=3,K=4,S=1 || L2:[sp=C,3] X=1,R=2,C=1,Y=13,S=1,K=4",-535489.0,-163323000.0,1,X|C,1
C,153,K,16,C,3,X,1,S,1,Y,9,R,1,X,3,Y,9,X,1,C,1,R,1,S,1,K,5,"L1:[sp=C,153] K=16,C=3,X=1,S=1,Y=9,R=1 || L2:[sp=X,3] Y=9,X=1,C=1,R=1,S=1,K=5",-87292801.0,-163323000.0,1,C|X,1
X,153,C,3,R,1,X,1,S,1,K,16,Y,9,Y,21,R,1,X,1,C,1,S,1,K,3,Y,3,"L1:[sp=X,153] C=3,R=1,X=1,S=1,K=16,Y=9 || L2:[sp=Y,21] R=1,X=1,C=1,S=1,K=3,Y=3",-3654001.0,-163323000.0,1,X|Y,1
C,153,K,16,C,1,X,1,S,2,Y,126,R,1,X,3,R,1,X,1,C,1,Y,1,S,1,K,5,"L1:[sp=C,153] K=16,C=1,X=1,S=2,Y=126,R=1 || L2:[sp=X,3] R=1,X=1,C=1,Y=1,S=1,K=5",-28783057.0,-163323000.0,1,C|X,1
X,153,K,16,R,1,X,27,S,1,C,1,Y,126,Y,21,R,1,X,1,Y,1,S,1,K,3,C,1,"L1:[sp=X,153] K=16,R=1,X=27,S=1,C=1,Y=126 || L2:[sp=Y,21] R=1,X=1,Y=1,S=1,K=3,C=1",-inf,-inf,0,X|Y,1
X,153,R,3,K,6,X,1,C,3,Y,47,S,1,C,3,X,1,R,1,C,2,K,5,S,1,Y,40,"L1:[sp=X,153] R=3,K=6,X=1,C=3,Y=47,S=1 || L2:[sp=C,3] X=1,R=1,C=2,K=5,S=1,Y=40",-inf,-inf,0,X|C,1
X,153,K,16,R,3,X,99,S,1,Y,47,C,3,C,3,S,1,X,1,C,1,Y,40,R,1,K,13,"L1:[sp=X,153] K=16,R=3,X=99,S=1,Y=47,C=3 || L2:[sp=C,3] S=1,X=1,C=1,Y=40,R=1,K=13",-inf,-inf,0,X|C,1
X,153,Y,9,K,6,X,1,R,1,C,3,S,1,C,3,X,1,R,1,C,1,K,5,S,1,Y,3,"L1:[sp=X,153] Y=9,K=6,X=1,R=1,C=3,S=1 || L2:[sp=C,3] X=1,R=1,C=1,K=5,S=1,Y=3",-504001.0,-163323000.0,1,X|C,1
X,153,C,1,R,1,X,1,K,16,S,1,Y,126,Y,21,R,1,X,1,C,1,S,1,K,3,Y,1,"L1:[sp=X,153] C=1,R=1,X=1,K=16,S=1,Y=126 || L2:[sp=Y,21] R=1,X=1,C=1,S=1,K=3,Y=1",-538273.0,-163323000.0,1,X|Y,1
X,153,X,1,Y,109,R,1,C,3,K,13,S,1,C,3,Y,15,R,1,C,1,K,5,S,1,X,1,"L1:[sp=X,153] X=1,Y=109,R=1,C=3,K=13,S=1 || L2:[sp=C,3] Y=15,R=1,C=1,K=5,S=1,X=1",-inf,-inf,0,X|C,1
X,153,K,16,R,1,X,164,S,1,C,1,Y,126,Y,21,R,1,X,1,Y,1,S,1,K,3,C,1,"L1:[sp=X,153] K=16,R=1,X=164,S=1,C=1,Y=126 || L2:[sp=Y,21] R=1,X=1,Y=1,S=1,K=3,C=1",-inf,-inf,0,X|Y,1
C,153,R,3,K,6,X,1,C,3,Y,47,S,1,Y,3,X,1,R,1,C,1,K,5,S,1,Y,46,"L1:[sp=C,153] R=3,K=6,X=1,C=3,Y=47,S=1 || L2:[sp=Y,3] X=1,R=1,C=1,K=5,S=1,Y=46",-inf,-inf,0,C|Y,1
X,153,C,1,R,3,X,1,S,1,K,16,Y,126,Y,21,R,2,X,1,C,1,S,1,K,3,Y,1,"L1:[sp=X,153] C=1,R=3,X=1,S=1,K=16,Y=126 || L2:[sp=Y,21] R=2,X=1,C=1,S=1,K=3,Y=1",-679393.0,-163323000.0,1,X|Y,1
C,153,X,1,Y,47,R,1,C,3,K,13,S,1,C,3,X,1,R,1,C,1,Y,13,S,1,K,5,"L1:[sp=C,153] X=1,Y=47,R=1,C=3,K=13,S=1 || L2:[sp=C,3] X=1,R=1,C=1,Y=13,S=1,K=5",-29141281.0,-163323000.0,1,C|C,1
X,153,X,1,Y,9,R,1,C,2,K,13,S,1,C,3,X,1,R,1,C,1,Y,3,S,1,K,5,"L1:[sp=X,153] X=1,Y=9,R=1,C=2,K=13,S=1 || L2:[sp=C,3] X=1,R=1,C=1,Y=3,S=1,K=5",-1062001.0,-163323000.0,1,X|C,1
C,153,K,16,R,3,X,1,S,1,Y,47,C,3,X,3,R,2,X,1,C,1,Y,9,S,1,K,13,"L1:[sp=C,153] K=16,R=3,X=1,S=1,Y=47,C=3 || L2:[sp=X,3] R=2,X=1,C=1,Y=9,S=1,K=13",-87878785.0,-163323000.0,1,C|X,1
X,153,X,1,Y,47,R,1,C,3,K,13,S,1,C,3,X,1,R,1,Y,29,C,1,S,1,K,5,"L1:[sp=X,153] X=1,Y=47,R=1,C=3,K=13,S=1 || L2:[sp=C,3] X=1,R=1,Y=29,C=1,S=1,K=5",-550801.0,-163324000.0,1,X|C,1
X,153,K,16,R,1,X,1,S,1,Y,9,C,3,C,3,R,1,X,1,C,1,Y,3,S,1,K,13,"L1:[sp=X,153] K=16,R=1,X=1,S=1,Y=9,C=3 || L2:[sp=C,3] R=1,X=1,C=1,Y=3,S=1,K=13",-522001.0,-163323000.0,1,X|C,1
Y,153,X,1,Y,47,R,3,C,3,K,13,S,1,C,3,X,1,R,2,C,1,Y,13,S,1,K,5,"L1:[sp=Y,153] X=1,Y=47,R=3,C=3,K=13,S=1 || L2:[sp=C,3] X=1,R=2,C=1,Y=13,S=1,K=5",-6424321.0,-163323000.0,1,Y|C,1
K,153,K,16,R,1,X,1,S,1,C,1,Y,125,Y,21,R,1,X,1,C,1,S,1,K,3,Y,1,"L1:[sp=K,153] K=16,R=1,X=1,S=1,C=1,Y=125 || L2:[sp=Y,21] R=1,X=1,C=1,S=1,K=3,Y=1",-1076545.0,-163323000.0,1,K|Y,1
X,153,R,3,K,6,X,1,C,3,Y,47,S,1,C,3,X,1,R,1,C,1,K,5,S,1,Y,40,"L1:[sp=X,153] R=3,K=6,X=1,C=3,Y=47,S=1 || L2:[sp=C,3] X=1,R=1,C=1,K=5,S=1,Y=40",-450841.0,-163324000.0,1,X|C,1
X,153,X,1,Y,9,R,1,C,2,K,13,S,1,C,3,X,1,R,1,C,1,Y,3,S,1,K,5,"L1:[sp=X,153] X=1,Y=9,R=1,C=2,K=13,S=1 || L2:[sp=C,3] X=1,R=1,C=1,Y=3,S=1,K=5",-1062001.0,-163323000.0,1,X|C,1
X,153,Y,9,K,6,X,1,R,1,C,3,S,1,C,3,X,1,R,1,C,1,K,2,S,1,Y,3,"L1:[sp=X,153] Y=9,K=6,X=1,R=1,C=3,S=1 || L2:[sp=C,3] X=1,R=1,C=1,K=2,S=1,Y=3",-528301.0,-163323000.0,1,X|C,1
X,153,R,1,K,6,X,223,Y,9,C,3,S,1,C,3,X,1,R,1,C,1,K,5,S,1,Y,3,"L1:[sp=X,153] R=1,K=6,X=223,Y=9,C=3,S=1 || L2:[sp=C,3] X=1,R=1,C=1,K=5,S=1,Y=3",-27548551.0,-163323000.0,1,X|C,1
X,153,X,1,Y,9,R,1,C,3,K,13,S,1,C,3,X,1,R,1,C,1,Y,3,S,1,K,5,"L1:[sp=X,153] X=1,Y=9,R=1,C=3,K=13,S=1 || L2:[sp=C,3] X=1,R=1,C=1,Y=3,S=1,K=5",-531001.0,-163323000.0,1,X|C,1
K,153,C,1,R,1,X,1,S,1,K,16,Y,126,Y,21,R,1,X,1,C,1,S,1,K,3,Y,1,"L1:[sp=K,153] C=1,R=1,X=1,S=1,K=16,Y=126 || L2:[sp=Y,21] R=1,X=1,C=1,S=1,K=3,Y=1",-1076545.0,-163323000.0,1,K|Y,1
X,153,C,1,R,3,X,1,K,16,S,1,Y,126,Y,21,R,2,X,1,C,1,S,1,K,3,Y,1,"L1:[sp=X,153] C=1,R=3,X=1,K=16,S=1,Y=126 || L2:[sp=Y,21] R=2,X=1,C=1,S=1,K=3,Y=1",-679393.0,-163323000.0,1,X|Y,1
Y,153,Y,9,K,6,X,1,R,1,C,3,S,1,C,3,X,1,R,1,C,1,K,2,S,1,Y,3,"L1:[sp=Y,153] Y=9,K=6,X=1,R=1,C=3,S=1 || L2:[sp=C,3] X=1,R=1,C=1,K=2,S=1,Y=3",-1183393.0,-163323000.0,1,Y|C,1
X,153,Y,9,X,1,R,2,C,2,K,13,S,1,K,1,X,1,R,1,C,1,Y,3,S,1,K,5,"L1:[sp=X,153] Y=9,X=1,R=2,C=2,K=13,S=1 || L2:[sp=K,1] X=1,R=1,C=1,Y=3,S=1,K=5",-869971.0,-163323000.0,1,X|K,1
X,153,C,1,R,3,X,1,S,1,K,16,Y,126,Y,21,R,2,X,1,C,1,S,1,K,3,Y,1,"L1:[sp=X,153] C=1,R=3,X=1,S=1,K=16,Y=126 || L2:[sp=Y,21] R=2,X=1,C=1,S=1,K=3,Y=1",-679393.0,-163323000.0,1,X|Y,1
X,153,K,13,X,1,R,1,S,1,Y,9,C,3,C,3,R,1,X,1,C,1,Y,4,S,1,K,13,"L1:[sp=X,153] K=13,X=1,R=1,S=1,Y=9,C=3 || L2:[sp=C,3] R=1,X=1,C=1,Y=4,S=1,K=13",-528661.0,-163323000.0,1,X|C,1
X,153,C,1,R,1,X,1,K,16,S,1,Y,126,Y,21,R,1,X,1,C,1,S,1,K,3,Y,1,"L1:[sp=X,153] C=1,R=1,X=1,K=16,S=1,Y=126 || L2:[sp=Y,21] R=1,X=1,C=1,S=1,K=3,Y=1",-538273.0,-163323000.0,1,X|Y,1
X,153,K,16,R,1,X,1,S,1,Y,9,C,3,C,3,R,1,X,1,C,2,Y,3,S,1,K,4,"L1:[sp=X,153] K=16,R=1,X=1,S=1,Y=9,C=3 || L2:[sp=C,3] R=1,X=1,C=2,Y=3,S=1,K=4",-1040401.0,-163323000.0,1,X|C,1
C,153,X,1,Y,74,R,1,C,3,K,13,S,1,C,3,X,1,R,1,Y,3,C,1,S,1,K,5,"L1:[sp=C,153] X=1,Y=74,R=1,C=3,K=13,S=1 || L2:[sp=C,3] X=1,R=1,Y=3,C=1,S=1,K=5",-29393281.0,-163323000.0,1,C|C,1
X,153,Y,47,K,6,X,1,R,3,C,3,S,1,C,3,X,1,R,1,C,1,K,5,S,1,Y,29,"L1:[sp=X,153] Y=47,K=6,X=1,R=3,C=3,S=1 || L2:[sp=C,3] X=1,R=1,C=1,K=5,S=1,Y=29",-538681.0,-163324000.0,1,X|C,1
X,153,C,1,R,3,X,1,S,2,K,16,Y,12,Y,21,R,2,X,1,C,1,S,1,K,3,Y,1,"L1:[sp=X,153] C=1,R=3,X=1,S=2,K=16,Y=12 || L2:[sp=Y,21] R=2,X=1,C=1,S=1,K=3,Y=1",-1851361.0,-163323000.0,1,X|Y,1
C,153,X,86,S,1,R,1,C,2,K,13,Y,9,X,3,X,1,R,1,C,1,Y,3,S,1,K,5,"L1:[sp=C,153] X=86,S=1,R=1,C=2,K=13,Y=9 || L2:[sp=X,3] X=1,R=1,C=1,Y=3,S=1,K=5",-20010376.0,-163323000.0,1,C|X,1
X,153,K,16,R,1,X,1,S,1,Y,126,C,2,C,3,R,1,X,1,C,1,Y,1,S,1,K,13,"L1:[sp=X,153] K=16,R=1,X=1,S=1,Y=126,C=2 || L2:[sp=C,3] R=1,X=1,C=1,Y=1,S=1,K=13",-inf,-inf,0,X|C,1
X,153,C,3,R,1,X,1,K,16,S,1,Y,9,Y,21,R,1,X,1,C,1,S,1,K,3,Y,3,"L1:[sp=X,153] C=3,R=1,X=1,K=16,S=1,Y=9 || L2:[sp=Y,21] R=1,X=1,C=1,S=1,K=3,Y=3",-3654001.0,-163323000.0,1,X|Y,1
C,153,R,3,K,6,X,1,C,3,Y,47,S,1,X,3,C,1,R,2,X,1,K,5,S,1,Y,40,"L1:[sp=C,153] R=3,K=6,X=1,C=3,Y=47,S=1 || L2:[sp=X,3] C=1,R=2,X=1,K=5,S=1,Y=40",-75667201.0,-163324000.0,1,C|X,1
C,153,X,1,Y,47,C,3,R,3,K,4,S,1,X,3,X,1,R,2,C,1,Y,13,S,1,K,4,"L1:[sp=C,153] X=1,Y=47,C=3,R=3,K=4,S=1 || L2:[sp=X,3] X=1,R=2,C=1,Y=13,S=1,K=4",-89854465.0,-163323000.0,1,C|X,1
X,153,R,3,K,6,X,1,C,3,Y,47,S,1,C,3,X,1,R,1,C,1,K,5,S,1,Y,40,"L1:[sp=X,153] R=3,K=6,X=1,C=3,Y=47,S=1 || L2:[sp=C,3] X=1,R=1,C=1,K=5,S=1,Y=40",-450841.0,-163324000.0,1,X|C,1
X,153,Y,9,K,6,R,1,X,1,C,3,S,1,C,3,X,1,R,1,C,1,K,4,S,1,Y,3,"L1:[sp=X,153] Y=9,K=6,R=1,X=1,C=3,S=1 || L2:[sp=C,3] X=1,R=1,C=1,K=4,S=1,Y=3",-528301.0,-163323000.0,1,X|C,1
X,153,C,1,R,1,X,220,K,16,S,1,Y,126,Y,21,R,1,X,1,C,1,S,1,K,3,Y,1,"L1:[sp=X,153] C=1,R=1,X=220,K=16,S=1,Y=126 || L2:[sp=Y,21] R=1,X=1,C=1,S=1,K=3,Y=1",-inf,-inf,0,X|Y,1
X,153,C,1,R,3,X,1,K,16,S,1,Y,126,Y,21,R,1,X,1,C,1,S,1,K,3,Y,1,"L1:[sp=X,153] C=1,R=3,X=1,K=16,S=1,Y=126 || L2:[sp=Y,21] R=1,X=1,C=1,S=1,K=3,Y=1",-582625.0,-163323000.0,1,X|Y,1
X,153,R,3,K,60,X,143,C,3,Y,47,S,1,C,3,X,1,R,1,C,1,K,5,S,1,Y,40,"L1:[sp=X,153] R=3,K=60,X=143,C=3,Y=47,S=1 || L2:[sp=C,3] X=1,R=1,C=1,K=5,S=1,Y=40",-inf,-inf,0,X|C,1
X,153,C,1,R,3,X,1,K,16,S,1,Y,126,Y,21,R,1,X,1,C,1,S,1,K,3,Y,1,"L1:[sp=X,153] C=1,R=3,X=1,K=16,S=1,Y=126 || L2:[sp=Y,21] R=1,X=1,C=1,S=1,K=3,Y=1",-582625.0,-163323000.0,1,X|Y,1
X,153,R,1,K,6,X,126,C,3,Y,47,S,1,C,3,X,1,R,1,C,3,S,1,K,1,Y,40,"L1:[sp=X,153] R=1,K=6,X=126,C=3,Y=47,S=1 || L2:[sp=C,3] X=1,R=1,C=3,S=1,K=1,Y=40",-inf,-inf,0,X|C,1
X,153,K,13,X,1,R,1,S,1,Y,9,C,3,C,3,C,1,X,1,R,1,Y,4,S,1,K,13,"L1:[sp=X,153] K=13,X=1,R=1,S=1,Y=9,C=3 || L2:[sp=C,3] C=1,X=1,R=1,Y=4,S=1,K=13",-528661.0,-163323000.0,1,X|C,1
X,153,Y,9,K,2,X,141,R,2,C,3,S,1,C,3,X,1,R,1,C,1,K,2,S,1,Y,3,"L1:[sp=X,153] Y=9,K=2,X=141,R=2,C=3,S=1 || L2:[sp=C,3] X=1,R=1,C=1,K=2,S=1,Y=3",-20065153.0,-163323000.0,1,X|C,1
X,153,X,1,Y,126,R,3,C,2,K,13,S,1,C,3,X,1,R,2,C,1,Y,1,S,1,K,5,"L1:[sp=X,153] X=1,Y=126,R=3,C=2,K=13,S=1 || L2:[sp=C,3] X=1,R=2,C=1,Y=1,S=1,K=5",-inf,-inf,0,X|C,1
X,153,C,1,R,1,X,1,S,1,K,16,Y,9,Y,21,R,1,X,1,S,1,C,1,K,3,Y,3,"L1:[sp=X,153] C=1,R=1,X=1,S=1,K=16,Y=9 || L2:[sp=Y,21] R=1,X=1,S=1,C=1,K=3,Y=3",-3704401.0,-163323000.0,1,X|Y,1
X,153,K,30,X,1,R,1,S,1,Y,9,C,3,C,3,R,1,X,1,C,1,Y,4,S,1,K,13,"L1:[sp=X,153] K=30,X=1,R=1,S=1,Y=9,C=3 || L2:[sp=C,3] R=1,X=1,C=1,Y=4,S=1,K=13",-518797.0,-163323000.0,1,X|C,1
X,153,Y,47,K,6,X,1,R,3,C,3,S,1,C,3,X,1,R,1,C,1,K,5,S,1,Y,29,"L1:[sp=X,153] Y=47,K=6,X=1,R=3,C=3,S=1 || L2:[sp=C,3] X=1,R=1,C=1,K=5,S=1,Y=29",-538681.0,-163324000.0,1,X|C,1
C,153,C,1,R,1,X,160,K,16,S,1,Y,126,Y,21,R,1,X,1,C,1,S,1,K,3,Y,1,"L1:[sp=C,153] C=1,R=1,X=160,K=16,S=1,Y=126 || L2:[sp=Y,21] R=1,X=1,C=1,S=1,K=3,Y=1",-inf,-inf,0,C|Y,1
X,153,Y,47,K,6,X,1,R,3,C,3,S,1,X,1,X,1,R,3,C,1,K,5,S,1,Y,29,"L1:[sp=X,153] Y=47,K=6,X=1,R=3,C=3,S=1 || L2:[sp=X,1] X=1,R=3,C=1,K=5,S=1,Y=29",-inf,-inf,0,X|X,1
X,153,Y,9,K,6,X,1,R,3,C,3,S,1,X,1,X,1,R,2,C,1,K,2,S,1,Y,3,"L1:[sp=X,153] Y=9,K=6,X=1,R=3,C=3,S=1 || L2:[sp=X,1] X=1,R=2,C=1,K=2,S=1,Y=3",-941683.0,-163323000.0,1,X|X,1
X,153,C,1,R,1,X,1,K,16,S,1,Y,126,Y,21,R,1,X,1,C,1,S,1,K,3,Y,1,"L1:[sp=X,153] C=1,R=1,X=1,K=16,S=1,Y=126 || L2:[sp=Y,21] R=1,X=1,C=1,S=1,K=3,Y=1",-538273.0,-163323000.0,1,X|Y,1
X,153,Y,126,K,35,R,1,X,1,C,3,S,3,C,3,X,1,R,1,C,1,K,2,S,1,Y,1,"L1:[sp=X,153] Y=126,K=35,R=1,X=1,C=3,S=3 || L2:[sp=C,3] X=1,R=1,C=1,K=2,S=1,Y=1",-inf,-inf,0,X|C,1
K,153,C,1,R,1,X,1,K,16,S,1,Y,9,Y,21,R,1,X,1,C,1,S,1,K,3,Y,3,"L1:[sp=K,153] C=1,R=1,X=1,K=16,S=1,Y=9 || L2:[sp=Y,21] R=1,X=1,C=1,S=1,K=3,Y=3",-7408801.0,-163323000.0,1,K|Y,1
X,153,C,1,R,1,X,1,K,17,S,1,Y,126,Y,21,R,1,X,1,C,1,S,1,K,3,Y,1,"L1:[sp=X,153] C=1,R=1,X=1,K=17,S=1,Y=126 || L2:[sp=Y,21] R=1,X=1,C=1,S=1,K=3,Y=1",-546589.0,-163323000.0,1,X|Y,1
X,153,Y,9,K,6,X,129,R,1,C,3,S,1,C,3,X,1,R,1,C,1,K,6,S,1,Y,1,"L1:[sp=X,153] Y=9,K=6,X=129,R=1,C=3,S=1 || L2:[sp=C,3] X=1,R=1,C=1,K=6,S=1,Y=1",-17166700.0,-163323000.0,1,X|C,1
X,153,R,3,K,6,X,1,C,3,Y,47,S,1,C,3,X,1,R,1,C,1,K,5,S,1,Y,40,"L1:[sp=X,153] R=3,K=6,X=1,C=3,Y=47,S=1 || L2:[sp=C,3] X=1,R=1,C=1,K=5,S=1,Y=40",-450841.0,-163324000.0,1,X|C,1
X,153,K,5,X,1,R,1,S,1,Y,126,C,3,C,3,R,1,X,1,C,1,Y,1,S,1,K,3,"L1:[sp=X,153] K=5,X=1,R=1,S=1,Y=126,C=3 || L2:[sp=C,3] R=1,X=1,C=1,Y=1,S=1,K=3",-inf,-inf,0,X|C,1
X,153,C,1,R,3,X,1,K,17,S,1,Y,9,Y,21,R,1,X,1,C,1,S,1,K,3,Y,4,"L1:[sp=X,153] C=1,R=3,X=1,K=17,S=1,Y=9 || L2:[sp=Y,21] R=1,X=1,C=1,S=1,K=3,Y=4",-4939201.0,-163323000.0,1,X|Y,1
X,153,Y,47,K,6,R,2,X,1,C,3,S,1,C,3,X,1,R,1,C,1,K,4,S,1,Y,29,"L1:[sp=X,153] Y=47,K=6,R=2,X=1,C=3,S=1 || L2:[sp=C,3] X=1,R=1,C=1,K=4,S=1,Y=29",-554281.0,-163324000.0,1,X|C,1
C,153,Y,9,K,6,X,1,R,1,C,3,S,1,X,3,X,1,R,1,C,2,K,5,S,1,Y,3,"L1:[sp=C,153] Y=9,K=6,X=1,R=1,C=3,S=1 || L2:[sp=X,3] X=1,R=1,C=2,K=5,S=1,Y=3",-83563201.0,-163323000.0,1,C|X,1
Y,153,C,3,X,1,R,1,K,16,S,1,Y,9,X,21,R,1,X,1,C,1,S,1,K,3,Y,4,"L1:[sp=Y,153] C=3,X=1,R=1,K=16,S=1,Y=9 || L2:[sp=X,21] R=1,X=1,C=1,S=1,K=3,Y=4",-13579777.0,-163323000.0,1,Y|X,1
C,153,K,30,X,1,R,3,S,1,Y,126,C,1,X,3,R,1,X,1,C,1,Y,81,S,1,K,13,"L1:[sp=C,153] K=30,X=1,R=3,S=1,Y=126,C=1 || L2:[sp=X,3] R=1,X=1,C=1,Y=81,S=1,K=13",-inf,-inf,0,C|X,1
K,153,K,30,X,1,R,3,S,1,Y,47,C,3,C,3,R,1,X,1,C,1,Y,40,S,1,K,13,"L1:[sp=K,153] K=30,X=1,R=3,S=1,Y=47,C=3 || L2:[sp=C,3] R=1,X=1,C=1,Y=40,S=1,K=13",-inf,-inf,0,K|C,1
X,153,R,3,K,6,X,1,C,3,Y,9,S,1,C,3,X,1,R,1,C,1,K,5,S,1,Y,4,"L1:[sp=X,153] R=3,K=6,X=1,C=3,Y=9,S=1 || L2:[sp=C,3] X=1,R=1,C=1,K=5,S=1,Y=4",-600613.0,-163323000.0,1,X|C,1
X,153,C,1,R,1,X,1,K,16,S,3,Y,126,Y,21,R,1,X,1,C,1,S,1,K,3,Y,1,"L1:[sp=X,153] C=1,R=1,X=1,K=16,S=3,Y=126 || L2:[sp=Y,21] R=1,X=1,C=1,S=1,K=3,Y=1",-1598689.0,-163323000.0,1,X|Y,1
Y,153,C,2,R,1,X,1,K,17,S,1,Y,126,Y,21,R,1,X,1,C,1,S,1,K,3,Y,1,"L1:[sp=Y,153] C=2,R=1,X=1,K=17,S=1,Y=126 || L2:[sp=Y,21] R=1,X=1,C=1,S=1,K=3,Y=1",-2374849.0,-163323000.0,1,Y|Y,1
X,153,K,13,X,1,R,1,S,1,Y,9,C,3,C,3,C,1,X,1,R,1,K,7,S,1,Y,4,"L1:[sp=X,153] K=13,X=1,R=1,S=1,Y=9,C=3 || L2:[sp=C,3] C=1,X=1,R=1,K=7,S=1,Y=4",-528661.0,-163323000.0,1,X|C,1
X,153,C,1,R,3,S,1,K,16,X,1,Y,126,Y,21,R,1,X,1,C,1,S,1,K,3,Y,1,"L1:[sp=X,153] C=1,R=3,S=1,K=16,X=1,Y=126 || L2:[sp=Y,21] R=1,X=1,C=1,S=1,K=3,Y=1",-582625.0,-163323000.0,1,X|Y,1
X,153,K,13,X,1,R,1,S,1,Y,126,C,3,C,3,C,1,X,1,R,1,Y,1,S,1,K,13,"L1:[sp=X,153] K=13,X=1,R=1,S=1,Y=126,C=3 || L2:[sp=C,3] C=1,X=1,R=1,Y=1,S=1,K=13",-inf,-inf,0,X|C,1
X,153,C,1,X,1,R,1,K,40,S,1,Y,9,Y,21,R,1,X,1,C,1,S,1,K,3,Y,4,"L1:[sp=X,153] C=1,X=1,R=1,K=40,S=1,Y=9 || L2:[sp=Y,21] R=1,X=1,C=1,S=1,K=3,Y=4",-4876201.0,-163323000.0,1,X|Y,1
X,153,K,13,X,1,R,1,S,1,Y,9,C,3,C,3,C,1,X,1,R,1,Y,4,S,1,K,13,"L1:[sp=X,153] K=13,X=1,R=1,S=1,Y=9,C=3 || L2:[sp=C,3] C=1,X=1,R=1,Y=4,S=1,K=13",-528661.0,-163323000.0,1,X|C,1
X,153,S,1,X,76,R,1,K,30,Y,9,C,3,C,3,R,1,X,1,C,1,Y,4,S,1,K,13,"L1:[sp=X,153] S=1,X=76,R=1,K=30,Y=9,C=3 || L2:[sp=C,3] R=1,X=1,C=1,Y=4,S=1,K=13",-inf,-inf,0,X|C,1
X,153,K,6,R,3,X,1,C,3,Y,47,S,1,C,3,X,1,R,1,C,1,K,5,S,1,Y,40,"L1:[sp=X,153] K=6,R=3,X=1,C=3,Y=47,S=1 || L2:[sp=C,3] X=1,R=1,C=1,K=5,S=1,Y=40",-450841.0,-163324000.0,1,X|C,1
X,153,C,1,R,1,X,1,K,17,S,1,Y,126,Y,21,Y,1,X,1,C,1,S,1,K,3,R,1,"L1:[sp=X,153] C=1,R=1,X=1,K=17,S=1,Y=126 || L2:[sp=Y,21] Y=1,X=1,C=1,S=1,K=3,R=1",-546589.0,-163323000.0,1,X|Y,1
X,153,Y,47,C,3,X,1,R,1,K,6,S,1,X,1,X,1,R,1,C,1,K,5,S,1,Y,29,"L1:[sp=X,153] Y=47,C=3,X=1,R=1,K=6,S=1 || L2:[sp=X,1] X=1,R=1,C=1,K=5,S=1,Y=29",-inf,-inf,0,X|X,1
X,153,K,13,X,1,R,3,S,1,Y,9,C,3,C,3,C,1,R,1,X,1,Y,4,S,1,K,13,"L1:[sp=X,153] K=13,X=1,R=3,S=1,Y=9,C=3 || L2:[sp=C,3] C=1,R=1,X=1,Y=4,S=1,K=13",-637981.0,-163323000.0,1,X|C,1
X,153,R,3,K,6,X,1,C,3,Y,47,S,1,C,3,X,1,R,1,C,1,K,5,S,1,Y,40,"L1:[sp=X,153] R=3,K=6,X=1,C=3,Y=47,S=1 || L2:[sp=C,3] X=1,R=1,C=1,K=5,S=1,Y=40",-450841.0,-163324000.0,1,X|C,1
K,153,R,3,K,6,X,1,C,3,Y,47,S,1,C,3,X,1,R,1,C,2,K,5,S,1,Y,40,"L1:[sp=K,153] R=3,K=6,X=1,C=3,Y=47,S=1 || L2:[sp=C,3] X=1,R=1,C=2,K=5,S=1,Y=40",-inf,-inf,0,K|C,1
C,153,K,6,R,3,X,1,C,3,Y,9,S,1,X,3,X,1,R,2,C,1,K,5,S,1,Y,4,"L1:[sp=C,153] K=6,R=3,X=1,C=3,Y=9,S=1 || L2:[sp=X,3] X=1,R=2,C=1,K=5,S=1,Y=4",-100164289.0,-163323000.0,1,C|X,1
C,153,K,13,X,1,R,1,S,3,Y,9,C,3,C,3,R,1,X,1,C,1,K,7,S,1,Y,7,"L1:[sp=C,153] K=13,X=1,R=1,S=3,Y=9,C=3 || L2:[sp=C,3] R=1,X=1,C=1,K=7,S=1,Y=7",-87745501.0,-163323000.0,1,C|C,1
X,153,R,3,K,6,X,1,C,3,Y,47,S,2,C,3,X,1,R,1,C,1,K,5,S,1,Y,39,"L1:[sp=X,153] R=3,K=6,X=1,C=3,Y=47,S=2 || L2:[sp=C,3] X=1,R=1,C=1,K=5,S=1,Y=39",-905193.0,-163324000.0,1,X|C,1
X,153,K,13,X,1,R,1,S,1,C,3,Y,9,C,3,C,1,X,1,K,13,Y,4,S,1,R,1,"L1:[sp=X,153] K=13,X=1,R=1,S=1,C=3,Y=9 || L2:[sp=C,3] C=1,X=1,K=13,Y=4,S=1,R=1",-528661.0,-163323000.0,1,X|C,1
X,153,K,6,X,1,R,3,C,3,Y,47,S,1,K,1,X,1,R,1,C,1,K,5,S,1,Y,40,"L1:[sp=X,153] K=6,X=1,R=3,C=3,Y=47,S=1 || L2:[sp=K,1] X=1,R=1,C=1,K=5,S=1,Y=40",-inf,-inf,0,X|K,1
X,153,C,1,R,3,K,17,X,1,S,1,Y,126,Y,21,Y,1,X,1,C,1,S,1,K,3,R,1,"L1:[sp=X,153] C=1,R=3,K=17,X=1,S=1,Y=126 || L2:[sp=Y,21] Y=1,X=1,C=1,S=1,K=3,R=1",-591697.0,-163323000.0,1,X|Y,1
C,153,R,1,K,6,X,1,C,1,Y,115,S,1,X,3,X,1,R,1,C,1,K,5,S,1,Y,40,"L1:[sp=C,153] R=1,K=6,X=1,C=1,Y=115,S=1 || L2:[sp=X,3] X=1,R=1,C=1,K=5,S=1,Y=40",-28328833.0,-163323000.0,1,C|X,1
C,153,C,1,R,1,X,1,K,17,S,1,Y,126,Y,21,Y,1,X,1,C,1,S,1,K,3,R,1,"L1:[sp=C,153] C=1,R=1,X=1,K=17,S=1,Y=126 || L2:[sp=Y,21] Y=1,X=1,C=1,S=1,K=3,R=1",-1457569.0,-163323000.0,1,C|Y,1
X,153,R,3,K,36,X,1,C,3,Y,9,S,1,C,3,X,1,R,1,C,1,K,5,S,1,Y,4,"L1:[sp=X,153] R=3,K=36,X=1,C=3,Y=9,S=1 || L2:[sp=C,3] X=1,R=1,C=1,K=5,S=1,Y=4",-607705.0,-163323000.0,1,X|C,1
C,153,R,3,K,3,X,1,C,3,Y,9,S,1,X,3,X,1,S,1,C,1,K,3,R,1,Y,4,"L1:[sp=C,153] R=3,K=3,X=1,C=3,Y=9,S=1 || L2:[sp=X,3] X=1,S=1,C=1,K=3,R=1,Y=4",-108943297.0,-163323000.0,1,C|X,1
C,153,R,3,K,6,X,81,C,3,Y,47,S,1,X,3,X,1,R,1,C,1,K,3,S,1,Y,38,"L1:[sp=C,153] R=3,K=6,X=81,C=3,Y=47,S=1 || L2:[sp=X,3] X=1,R=1,C=1,K=3,S=1,Y=38",-27666046.0,-163324000.0,1,C|X,1
X,153,C,1,R,3,X,1,K,17,S,1,Y,63,Y,21,Y,1,X,1,C,1,S,1,K,3,R,1,"L1:[sp=X,153] C=1,R=3,X=1,K=17,S=1,Y=63 || L2:[sp=Y,21] Y=1,X=1,C=1,S=1,K=3,R=1",-691993.0,-163323000.0,1,X|Y,1
K,153,K,6,R,1,X,1,C,3,Y,47,S,1,C,3,X,1,R,1,C,1,K,1,S,1,Y,40,"L1:[sp=K,153] K=6,R=1,X=1,C=3,Y=47,S=1 || L2:[sp=C,3] X=1,R=1,C=1,K=1,S=1,Y=40",-2368801.0,-163323000.0,1,K|C,1
X,153,Y,9,K,6,R,3,X,1,S,1,C,3,C,3,X,1,R,1,C,1,K,4,S,1,Y,4,"L1:[sp=X,153] Y=9,K=6,R=3,X=1,S=1,C=3 || L2:[sp=C,3] X=1,R=1,C=1,K=4,S=1,Y=4",-629989.0,-163323000.0,1,X|C,1
X,153,R,3,K,6,X,1,C,3,Y,47,S,1,C,3,X,1,R,1,C,1,K,5,S,1,Y,29,"L1:[sp=X,153] R=3,K=6,X=1,C=3,Y=47,S=1 || L2:[sp=C,3] X=1,R=1,C=1,K=5,S=1,Y=29",-538681.0,-163324000.0,1,X|C,1
X,153,C,1,R,3,S,1,K,16,X,1,Y,126,Y,21,R,1,X,1,C,1,S,1,K,3,Y,1,"L1:[sp=X,153] C=1,R=3,S=1,K=16,X=1,Y=126 || L2:[sp=Y,21] R=1,X=1,C=1,S=1,K=3,Y=1",-582625.0,-163323000.0,1,X|Y,1
X,153,R,3,K,6,X,28,C,3,Y,9,S,1,C,3,X,1,R,1,C,1,K,5,S,1,Y,4,"L1:[sp=X,153] R=3,K=6,X=28,C=3,Y=9,S=1 || L2:[sp=C,3] X=1,R=1,C=1,K=5,S=1,Y=4",-4182010.0,-163323000.0,1,X|C,1
X,153,R,3,K,6,X,1,C,3,Y,146,S,1,X,1,X,1,R,1,C,1,K,5,S,1,Y,40,"L1:[sp=X,153] R=3,K=6,X=1,C=3,Y=146,S=1 || L2:[sp=X,1] X=1,R=1,C=1,K=5,S=1,Y=40",-inf,-inf,0,X|X,1
K,153,K,13,X,1,R,1,S,1,Y,9,C,3,C,3,C,3,X,1,R,1,K,7,S,1,Y,9,"L1:[sp=K,153] K=13,X=1,R=1,S=1,Y=9,C=3 || L2:[sp=C,3] C=3,X=1,R=1,K=7,S=1,Y=9",-17740801.0,-163323000.0,1,K|C,1
X,153,R,3,K,6,X,1,C,3,Y,47,S,1,C,3,X,1,R,1,C,1,K,5,S,1,Y,40,"L1:[sp=X,153] R=3,K=6,X=1,C=3,Y=47,S=1 || L2:[sp=C,3] X=1,R=1,C=1,K=5,S=1,Y=40",-450841.0,-163324000.0,1,X|C,1
C,153,R,3,K,5,X,1,C,3,Y,9,S,1,X,3,X,1,R,1,C,1,K,4,S,1,Y,4,"L1:[sp=C,153] R=3,K=5,X=1,C=3,Y=9,S=1 || L2:[sp=X,3] X=1,R=1,C=1,K=4,S=1,Y=4",-105501985.0,-163323000.0,1,C|X,1
X,153,C,1,R,3,S,1,K,51,X,176,Y,126,Y,21,R,1,X,1,C,1,S,1,K,3,Y,1,"L1:[sp=X,153] C=1,R=3,S=1,K=51,X=176,Y=126 || L2:[sp=Y,21] R=1,X=1,C=1,S=1,K=3,Y=1",-inf,-inf,0,X|Y,1
C,153,C,1,R,3,S,1,K,16,X,1,Y,126,Y,21,R,1,X,1,C,1,S,1,K,11,Y,1,"L1:[sp=C,153] C=1,R=3,S=1,K=16,X=1,Y=126 || L2:[sp=Y,21] R=1,X=1,C=1,S=1,K=11,Y=1",-1553665.0,-163323000.0,1,C|Y,1
C,153,K,21,X,1,R,1,S,1,C,3,Y,9,Y,3,C,1,X,1,K,13,Y,4,S,1,R,1,"L1:[sp=C,153] K=21,X=1,R=1,S=1,C=3,Y=9 || L2:[sp=Y,3] C=1,X=1,K=13,Y=4,S=1,R=1",-43142401.0,-163323000.0,1,C|Y,1
X,153,K,13,X,77,R,1,S,1,C,3,Y,9,C,3,C,1,X,1,K,6,Y,4,S,1,R,1,"L1:[sp=X,153] K=13,X=77,R=1,S=1,C=3,Y=9 || L2:[sp=C,3] C=1,X=1,K=6,Y=4,S=1,R=1",-9935974.0,-163323000.0,1,X|C,1
X,153,C,1,R,3,K,17,X,1,S,1,Y,126,K,1,Y,109,X,1,C,1,S,1,K,3,R,1,"L1:[sp=X,153] C=1,R=3,K=17,X=1,S=1,Y=126 || L2:[sp=K,1] Y=109,X=1,C=1,S=1,K=3,R=1",-inf,-inf,0,X|K,1
C,153,K,13,X,1,R,1,S,1,C,3,Y,9,C,3,C,1,X,1,K,13,Y,4,S,1,R,1,"L1:[sp=C,153] K=13,X=1,R=1,S=1,C=3,Y=9 || L2:[sp=C,3] C=1,X=1,K=13,Y=4,S=1,R=1",-29604961.0,-163323000.0,1,C|C,1
Y,153,C,1,R,3,S,1,X,1,K,17,Y,126,X,21,Y,1,X,1,C,1,S,1,K,3,R,2,"L1:[sp=Y,153] C=1,R=3,S=1,X=1,K=17,Y=126 || L2:[sp=X,21] Y=1,X=1,C=1,S=1,K=3,R=2",-49934305.0,-163323000.0,1,Y|X,1
X,153,R,3,K,6,X,1,C,3,Y,47,S,1,C,3,X,1,R,1,C,1,K,2,S,1,Y,29,"L1:[sp=X,153] R=3,K=6,X=1,C=3,Y=47,S=1 || L2:[sp=C,3] X=1,R=1,C=1,K=2,S=1,Y=29",-565141.0,-163323000.0,1,X|C,1
X,153,C,1,R,3,S,1,K,16,X,1,Y,126,Y,21,R,1,C,1,X,1,S,1,K,3,Y,1,"L1:[sp=X,153] C=1,R=3,S=1,K=16,X=1,Y=126 || L2:[sp=Y,21] R=1,C=1,X=1,S=1,K=3,Y=1",-582625.0,-163323000.0,1,X|Y,1
X,153,Y,47,K,6,R,3,X,1,S,1,C,3,X,1,X,1,R,1,C,1,K,6,S,1,Y,29,"L1:[sp=X,153] Y=47,K=6,R=3,X=1,S=1,C=3 || L2:[sp=X,1] X=1,R=1,C=1,K=6,S=1,Y=29",-inf,-inf,0,X|X,1
X,153,R,3,K,6,X,1,C,3,Y,9,S,1,K,1,X,1,S,1,C,1,K,5,R,1,Y,4,"L1:[sp=X,153] R=3,K=6,X=1,C=3,Y=9,S=1 || L2:[sp=K,1] X=1,S=1,C=1,K=5,R=1,Y=4",-897619.0,-163323000.0,1,X|K,1
X,153,K,13,X,1,R,3,S,1,C,3,Y,9,C,3,C,1,X,1,K,13,Y,1,S,1,R,1,"L1:[sp=X,153] K=13,X=1,R=3,S=1,C=3,Y=9 || L2:[sp=C,3] C=1,X=1,K=13,Y=1,S=1,R=1",-637981.0,-163323000.0,1,X|C,1
X,153,C,1,R,3,Y,126,S,1,X,1,K,16,Y,21,R,1,X,1,C,1,S,1,K,3,Y,1,"L1:[sp=X,153] C=1,R=3,Y=126,S=1,X=1,K=16 || L2:[sp=Y,21] R=1,X=1,C=1,S=1,K=3,Y=1",-582625.0,-163323000.0,1,X|Y,1
X,153,C,2,R,3,K,17,X,1,S,1,Y,47,Y,21,Y,40,X,1,C,1,S,1,K,3,R,1,"L1:[sp=X,153] C=2,R=3,K=17,X=1,S=1,Y=47 || L2:[sp=Y,21] Y=40,X=1,C=1,S=1,K=3,R=1",-9831361.0,-163323000.0,1,X|Y,1
K,153,R,3,K,6,X,1,C,2,Y,126,S,1,C,3,X,1,R,1,C,1,K,5,S,1,Y,1,"L1:[sp=K,153] R=3,K=6,X=1,C=2,Y=126,S=1 || L2:[sp=C,3] X=1,R=1,C=1,K=5,S=1,Y=1",-5470081.0,-163323000.0,1,K|C,1
X,153,Y,9,K,6,R,3,X,1,S,1,C,1,C,3,X,1,R,1,C,1,K,4,S,1,Y,4,"L1:[sp=X,153] Y=9,K=6,R=3,X=1,S=1,C=1 || L2:[sp=C,3] X=1,R=1,C=1,K=4,S=1,Y=4",-1889965.0,-163323000.0,1,X|C,1
C,153,R,3,K,36,X,1,C,3,Y,9,S,1,C,3,X,1,R,2,C,1,K,5,S,1,Y,4,"L1:[sp=C,153] R=3,K=36,X=1,C=3,Y=9,S=1 || L2:[sp=C,3] X=1,R=2,C=1,K=5,S=1,Y=4",-33906433.0,-163323000.0,1,C|C,1
Y,153,C,1,R,3,K,17,X,1,S,1,Y,126,Y,21,Y,1,X,1,C,1,S,1,K,3,R,1,"L1:[sp=Y,153] C=1,R=3,K=17,X=1,S=1,Y=126 || L2:[sp=Y,21] Y=1,X=1,C=1,S=1,K=3,R=1",-2759905.0,-163323000.0,1,Y|Y,1
X,153,Y,9,K,7,R,3,X,1,S,1,C,3,C,3,X,1,R,1,C,1,K,4,S,1,Y,4,"L1:[sp=X,153] Y=9,K=7,R=3,X=1,S=1,C=3 || L2:[sp=C,3] X=1,R=1,C=1,K=4,S=1,Y=4",-649273.0,-163323000.0,1,X|C,1
X,153,R,3,K,6,X,1,C,3,Y,47,S,1,C,3,X,1,R,1,C,1,K,5,S,1,Y,40,"L1:[sp=X,153] R=3,K=6,X=1,C=3,Y=47,S=1 || L2:[sp=C,3] X=1,R=1,C=1,K=5,S=1,Y=40",-450841.0,-163324000.0,1,X|C,1
X,153,C,1,X,1,S,1,K,36,R,3,Y,126,Y,21,R,1,C,1,S,1,X,1,K,3,Y,1,"L1:[sp=X,153] C=1,X=1,S=1,K=36,R=3,Y=126 || L2:[sp=Y,21] R=1,C=1,S=1,X=1,K=3,Y=1",-599761.0,-163323000.0,1,X|Y,1
X,153,R,3,K,6,X,1,C,3,Y,9,S,1,K,1,X,1,S,1,C,1,K,3,R,1,Y,4,"L1:[sp=X,153] R=3,K=6,X=1,C=3,Y=9,S=1 || L2:[sp=K,1] X=1,S=1,C=1,K=3,R=1,Y=4",-971059.0,-163323000.0,1,X|K,1
X,153,C,1,R,3,Y,126,S,1,X,1,K,16,Y,21,R,1,X,1,C,1,Y,1,K,3,S,1,"L1:[sp=X,153] C=1,R=3,Y=126,S=1,X=1,K=16 || L2:[sp=Y,21] R=1,X=1,C=1,Y=1,K=3,S=1",-582625.0,-163323000.0,1,X|Y,1
X,153,K,13,X,42,R,3,S,1,C,3,Y,9,C,3,C,1,X,1,K,13,Y,7,S,1,R,1,"L1:[sp=X,153] K=13,X=42,R=3,S=1,C=3,Y=9 || L2:[sp=C,3] C=1,X=1,K=13,Y=7,S=1,R=1",-6757126.0,-163324000.0,1,X|C,1
X,153,R,3,K,6,X,1,C,3,Y,47,S,1,C,3,X,1,R,1,C,1,K,4,S,1,Y,40,"L1:[sp=X,153] R=3,K=6,X=1,C=3,Y=47,S=1 || L2:[sp=C,3] X=1,R=1,C=1,K=4,S=1,Y=40",-472981.0,-163324000.0,1,X|C,1
X,153,C,2,R,3,Y,126,S,1,X,1,K,21,Y,21,R,3,X,1,C,1,S,1,K,3,Y,1,"L1:[sp=X,153] C=2,R=3,Y=126,S=1,X=1,K=21 || L2:[sp=Y,21] R=3,X=1,C=1,S=1,K=3,Y=1",-649993.0,-163323000.0,1,X|Y,1
C,153,R,3,K,6,X,1,C,3,Y,5,S,1,X,3,X,1,R,1,C,1,K,2,S,1,Y,5,"L1:[sp=C,153] R=3,K=6,X=1,C=3,Y=5,S=1 || L2:[sp=X,3] X=1,R=1,C=1,K=2,S=1,Y=5",-120324961.0,-163323000.0,1,C|X,1
X,153,R,3,K,6,X,1,C,3,Y,9,S,1,K,1,X,1,S,1,C,1,K,5,R,1,Y,4,"L1:[sp=X,153] R=3,K=6,X=1,C=3,Y=9,S=1 || L2:[sp=K,1] X=1,S=1,C=1,K=5,R=1,Y=4",-897619.0,-163323000.0,1,X|K,1
X,153,R,3,K,6,X,1,C,1,Y,61,S,1,C,3,X,1,R,1,C,1,K,5,S,1,Y,1,"L1:[sp=X,153] R=3,K=6,X=1,C=1,Y=61,S=1 || L2:[sp=C,3] X=1,R=1,C=1,K=5,S=1,Y=1",-1516825.0,-163323000.0,1,X|C,1
X,153,C,3,R,3,S,1,K,38,X,1,Y,47,Y,21,R,1,C,1,X,1,S,1,K,3,Y,2,"L1:[sp=X,153] C=3,R=3,S=1,K=38,X=1,Y=47 || L2:[sp=Y,21] R=1,C=1,X=1,S=1,K=3,Y=2",-871753.0,-163323000.0,1,X|Y,1
C,153,C,1,R,3,S,1,K,16,X,1,Y,126,Y,21,R,1,X,1,C,1,S,1,K,11,Y,1,"L1:[sp=C,153] C=1,R=3,S=1,K=16,X=1,Y=126 || L2:[sp=Y,21] R=1,X=1,C=1,S=1,K=11,Y=1",-1553665.0,-163323000.0,1,C|Y,1
X,153,C,1,R,3,Y,126,S,1,X,1,K,16,Y,21,R,1,X,1,C,1,S,1,K,3,Y,1,"L1:[sp=X,153] C=1,R=3,Y=126,S=1,X=1,K=16 || L2:[sp=Y,21] R=1,X=1,C=1,S=1,K=3,Y=1",-582625.0,-163323000.0,1,X|Y,1
Y,153,R,3,K,6,X,1,C,1,Y,126,S,1,C,3,X,1,R,1,Y,1,K,2,S,1,C,1,"L1:[sp=Y,153] R=3,K=6,X=1,C=1,Y=126,S=1 || L2:[sp=C,3] X=1,R=1,Y=1,K=2,S=1,C=1",-49567393.0,-163323000.0,1,Y|C,1
X,153,C,3,R,3,S,1,K,16,X,1,Y,47,Y,21,R,1,C,1,X,1,S,1,K,3,Y,29,"L1:[sp=X,153] C=3,R=3,S=1,K=16,X=1,Y=47 || L2:[sp=Y,21] R=1,C=1,X=1,S=1,K=3,Y=29",-7017361.0,-163323000.0,1,X|Y,1
C,153,R,3,K,6,X,1,C,3,Y,47,S,1,X,3,X,1,R,1,C,1,K,5,S,1,Y,29,"L1:[sp=C,153] R=3,K=6,X=1,C=3,Y=47,S=1 || L2:[sp=X,3] X=1,R=1,C=1,K=5,S=1,Y=29",-90424321.0,-163323000.0,1,C|X,1
X,153,R,3,K,6,X,1,C,3,Y,47,S,1,C,3,X,1,R,1,C,1,K,1,S,1,Y,40,"L1:[sp=X,153] R=3,K=6,X=1,C=3,Y=47,S=1 || L2:[sp=C,3] X=1,R=1,C=1,K=1,S=1,Y=40",-472981.0,-163323000.0,1,X|C,1
C,153,C,1,R,1,S,1,K,16,X,1,Y,126,Y,21,R,1,X,1,C,1,S,1,K,14,Y,1,"L1:[sp=C,153] C=1,R=1,S=1,K=16,X=1,Y=126 || L2:[sp=Y,21] R=1,X=1,C=1,S=1,K=14,Y=1",-1435393.0,-163323000.0,1,C|Y,1
X,153,R,1,K,6,X,1,C,3,Y,9,S,1,K,1,X,1,S,1,C,1,K,4,R,1,Y,4,"L1:[sp=X,153] R=1,K=6,X=1,C=3,Y=9,S=1 || L2:[sp=K,1] X=1,S=1,C=1,K=4,R=1,Y=4",-779095.0,-163323000.0,1,X|K,1
X,153,Y,9,K,7,R,3,X,1,S,1,C,3,C,3,X,1,R,1,C,1,K,4,S,1,Y,4,"L1:[sp=X,153] Y=9,K=7,R=3,X=1,S=1,C=3 || L2:[sp=C,3] X=1,R=1,C=1,K=4,S=1,Y=4",-649273.0,-163323000.0,1,X|C,1
X,153,R,3,K,6,X,1,C,3,Y,47,S,1,C,3,X,1,R,1,C,1,K,5,S,1,Y,40,"L1:[sp=X,153] R=3,K=6,X=1,C=3,Y=47,S=1 || L2:[sp=C,3] X=1,R=1,C=1,K=5,S=1,Y=40",-450841.0,-163324000.0,1,X|C,1
X,153,R,3,K,6,X,1,C,3,Y,47,S,1,C,3,X,1,R,1,C,1,K,5,S,1,Y,40,"L1:[sp=X,153] R=3,K=6,X=1,C=3,Y=47,S=1 || L2:[sp=C,3] X=1,R=1,C=1,K=5,S=1,Y=40",-450841.0,-163324000.0,1,X|C,1
K,153,R,3,K,6,X,1,C,3,Y,47,S,1,C,3,X,1,R,1,C,1,K,5,S,1,Y,40,"L1:[sp=K,153] R=3,K=6,X=1,C=3,Y=47,S=1 || L2:[sp=C,3] X=1,R=1,C=1,K=5,S=1,Y=40",-2483041.0,-163324000.0,1,K|C,1
X,153,R,3,K,30,X,1,C,3,Y,47,S,1,C,3,X,1,R,1,C,1,K,1,S,1,Y,40,"L1:[sp=X,153] R=3,K=30,X=1,C=3,Y=47,S=1 || L2:[sp=C,3] X=1,R=1,C=1,K=1,S=1,Y=40",-inf,-inf,0,X|C,1
X,153,C,3,R,3,Y,126,S,1,X,1,K,16,Y,21,R,3,X,1,C,1,S,1,Y,1,K,8,"L1:[sp=X,153] C=3,R=3,Y=126,S=1,X=1,K=16 || L2:[sp=Y,21] R=3,X=1,C=1,S=1,Y=1,K=8",-629665.0,-163323000.0,1,X|Y,1
X,153,R,3,C,2,Y,126,S,1,X,1,K,21,Y,21,R,1,X,1,C,1,S,1,K,3,Y,1,"L1:[sp=X,153] R=3,C=2,Y=126,S=1,X=1,K=21 || L2:[sp=Y,21] R=1,X=1,C=1,S=1,K=3,Y=1",-600097.0,-163323000.0,1,X|Y,1
X,153,K,36,X,49,S,1,C,3,R,3,Y,9,Y,21,R,1,C,1,S,1,X,1,K,3,Y,4,"L1:[sp=X,153] K=36,X=49,S=1,C=3,R=3,Y=9 || L2:[sp=Y,21] R=1,C=1,S=1,X=1,K=3,Y=4",-inf,-inf,0,X|Y,1
X,153,Y,126,K,37,R,3,X,1,S,1,C,1,K,37,X,1,R,1,C,1,K,4,S,1,Y,1,"L1:[sp=X,153] Y=126,K=37,R=3,X=1,S=1,C=1 || L2:[sp=K,37] X=1,R=1,C=1,K=4,S=1,Y=1",-2735713.0,-163323000.0,1,X|K,1
X,153,C,1,R,1,Y,126,S,1,X,1,K,16,Y,21,R,1,X,1,C,1,Y,1,K,7,S,1,"L1:[sp=X,153] C=1,R=1,Y=126,S=1,X=1,K=16 || L2:[sp=Y,21] R=1,X=1,C=1,Y=1,K=7,S=1",-538273.0,-163323000.0,1,X|Y,1
X,153,R,3,K,12,X,1,C,2,Y,47,S,1,C,3,X,1,R,1,C,1,K,1,S,1,Y,40,"L1:[sp=X,153] R=3,K=12,X=1,C=2,Y=47,S=1 || L2:[sp=C,3] X=1,R=1,C=1,K=1,S=1,Y=40",-945361.0,-163324000.0,1,X|C,1
X,153,C,2,R,1,Y,126,S,1,X,1,K,21,Y,21,R,1,X,1,C,1,S,1,K,3,Y,1,"L1:[sp=X,153] C=2,R=1,Y=126,S=1,X=1,K=21 || L2:[sp=Y,21] R=1,X=1,C=1,S=1,K=3,Y=1",-552889.0,-163323000.0,1,X|Y,1
X,153,C,1,X,1,S,1,K,36,R,3,Y,126,Y,21,R,3,C,1,S,1,X,1,K,12,Y,25,"L1:[sp=X,153] C=1,X=1,S=1,K=36,R=3,Y=126 || L2:[sp=Y,21] R=3,C=1,S=1,X=1,K=12,Y=25",-inf,-inf,0,X|Y,1
Y,153,C,2,K,21,Y,126,S,1,X,1,R,3,K,21,R,3,X,1,C,1,S,1,K,3,Y,1,"L1:[sp=Y,153] C=2,K=21,Y=126,S=1,X=1,R=3 || L2:[sp=K,21] R=3,X=1,C=1,S=1,K=3,Y=1",-9149953.0,-163323000.0,1,Y|K,1
X,153,C,1,R,3,Y,126,S,1,X,1,K,29,Y,21,R,1,X,1,C,1,S,1,K,3,Y,1,"L1:[sp=X,153] C=1,R=3,Y=126,S=1,X=1,K=29 || L2:[sp=Y,21] R=1,X=1,C=1,S=1,K=3,Y=1",-582121.0,-163323000.0,1,X|Y,1
X,153,R,3,K,6,X,1,C,3,Y,47,S,1,C,3,X,1,R,1,C,1,K,1,S,1,Y,19,"L1:[sp=X,153] R=3,K=6,X=1,C=3,Y=47,S=1 || L2:[sp=C,3] X=1,R=1,C=1,K=1,S=1,Y=19",-521365.0,-163323000.0,1,X|C,1
X,153,C,1,R,3,Y,126,S,1,X,1,K,16,Y,21,R,1,X,1,C,1,Y,112,K,15,S,1,"L1:[sp=X,153] C=1,R=3,Y=126,S=1,X=1,K=16 || L2:[sp=Y,21] R=1,X=1,C=1,Y=112,K=15,S=1",-inf,-inf,0,X|Y,1
X,153,C,1,X,1,S,1,K,36,R,1,Y,126,Y,21,R,1,C,1,S,1,X,1,K,3,Y,1,"L1:[sp=X,153] C=1,X=1,S=1,K=36,R=1,Y=126 || L2:[sp=Y,21] R=1,C=1,S=1,X=1,K=3,Y=1",-551881.0,-163323000.0,1,X|Y,1
X,153,C,1,R,3,Y,126,S,1,X,1,K,16,Y,21,R,1,X,1,C,1,Y,1,K,3,S,1,"L1:[sp=X,153] C=1,R=3,Y=126,S=1,X=1,K=16 || L2:[sp=Y,21] R=1,X=1,C=1,Y=1,K=3,S=1",-582625.0,-163323000.0,1,X|Y,1
X,153,C,1,K,16,Y,126,S,1,X,1,R,3,Y,21,R,1,X,1,C,1,S,1,K,3,Y,1,"L1:[sp=X,153] C=1,K=16,Y=126,S=1,X=1,R=3 || L2:[sp=Y,21] R=1,X=1,C=1,S=1,K=3,Y=1",-582625.0,-163323000.0,1,X|Y,1
X,153,Y,9,K,7,R,3,X,1,S,1,C,3,C,3,S,1,R,2,C,1,K,4,X,1,Y,4,"L1:[sp=X,153] Y=9,K=7,R=3,X=1,S=1,C=3 || L2:[sp=C,3] S=1,R=2,C=1,K=4,X=1,Y=4",-646897.0,-163323000.0,1,X|C,1
X,153,R,2,K,6,X,1,C,3,Y,9,S,1,C,3,X,1,Y,5,C,1,K,6,S,1,R,1,"L1:[sp=X,153] R=2,K=6,X=1,C=3,Y=9,S=1 || L2:[sp=C,3] X=1,Y=5,C=1,K=6,S=1,R=1",-600601.0,-163323000.0,1,X|C,1
X,153,Y,36,K,7,R,3,X,1,S,1,C,3,C,3,X,1,R,1,C,1,K,4,S,1,Y,36,"L1:[sp=X,153] Y=36,K=7,R=3,X=1,S=1,C=3 || L2:[sp=C,3] X=1,R=1,C=1,K=4,S=1,Y=36",-547321.0,-163324000.0,1,X|C,1
X,153,R,3,K,6,X,1,C,3,Y,47,S,1,C,3,X,1,R,1,C,1,K,5,S,1,Y,40,"L1:[sp=X,153] R=3,K=6,X=1,C=3,Y=47,S=1 || L2:[sp=C,3] X=1,R=1,C=1,K=5,S=1,Y=40",-450841.0,-163324000.0,1,X|C,1
X,153,C,2,R,3,X,1,S,1,Y,47,K,10,Y,21,R,1,X,1,C,1,S,1,K,3,Y,19,"L1:[sp=X,153] C=2,R=3,X=1,S=1,Y=47,K=10 || L2:[sp=Y,21] R=1,X=1,C=1,S=1,K=3,Y=19",-4602361.0,-163323000.0,1,X|Y,1
X,153,R,1,K,6,X,1,C,3,Y,126,S,1,C,3,X,1,R,1,C,1,K,1,S,1,Y,1,"L1:[sp=X,153] R=1,K=6,X=1,C=3,Y=126,S=1 || L2:[sp=C,3] X=1,R=1,C=1,K=1,S=1,Y=1",-inf,-inf,0,X|C,1
X,153,Y,47,K,6,X,1,C,1,R,3,S,1,C,3,X,1,R,1,C,1,K,1,S,1,Y,19,"L1:[sp=X,153] Y=47,K=6,X=1,C=1,R=3,S=1 || L2:[sp=C,3] X=1,R=1,C=1,K=1,S=1,Y=19",-1564093.0,-163323000.0,1,X|C,1
X,153,Y,36,K,7,S,1,X,1,R,3,C,3,Y,2,X,1,R,1,C,1,K,4,S,1,Y,36,"L1:[sp=X,153] Y=36,K=7,S=1,X=1,R=3,C=3 || L2:[sp=Y,2] X=1,R=1,C=1,K=4,S=1,Y=36",-1347823.0,-163324000.0,1,X|Y,1
X,153,C,1,R,1,Y,126,S,1,X,1,K,16,C,1,R,1,X,1,C,1,Y,1,K,7,S,1,"L1:[sp=X,153] C=1,R=1,Y=126,S=1,X=1,K=16 || L2:[sp=C,1] R=1,X=1,C=1,Y=1,K=7,S=1",-inf,-inf,0,X|C,1
X,153,R,3,X,1,K,6,C,3,Y,47,S,1,C,3,X,1,R,1,C,2,K,1,S,1,Y,19,"L1:[sp=X,153] R=3,X=1,K=6,C=3,Y=47,S=1 || L2:[sp=C,3] X=1,R=1,C=2,K=1,S=1,Y=19",-1042069.0,-163323000.0,1,X|C,1
X,153,C,1,R,1,Y,126,S,1,X,1,K,16,Y,21,R,1,X,1,C,1,Y,1,K,7,S,1,"L1:[sp=X,153] C=1,R=1,Y=126,S=1,X=1,K=16 || L2:[sp=Y,21] R=1,X=1,C=1,Y=1,K=7,S=1",-538273.0,-163323000.0,1,X|Y,1
Y,153,C,2,R,1,Y,126,S,1,X,1,K,21,X,21,R,1,X,1,Y,1,S,1,K,3,C,1,"L1:[sp=Y,153] C=2,R=1,Y=126,S=1,X=1,K=21 || L2:[sp=X,21] R=1,X=1,Y=1,S=1,K=3,C=1",-50311297.0,-163323000.0,1,Y|X,1
Y,153,C,1,R,1,Y,126,S,1,X,1,K,16,Y,21,R,1,Y,1,C,1,X,1,K,7,S,1,"L1:[sp=Y,153] C=1,R=1,Y=126,S=1,X=1,K=16 || L2:[sp=Y,21] R=1,Y=1,C=1,X=1,K=7,S=1",-2346625.0,-163323000.0,1,Y|Y,1
X,153,C,1,R,3,Y,126,S,1,X,1,K,29,Y,7,R,1,X,1,C,1,S,1,K,3,Y,1,"L1:[sp=X,153] C=1,R=3,Y=126,S=1,X=1,K=29 || L2:[sp=Y,7] R=1,X=1,C=1,S=1,K=3,Y=1",-inf,-inf,0,X|Y,1
X,153,C,1,X,64,S,1,K,36,R,3,Y,47,Y,21,R,1,C,1,S,1,X,1,K,11,Y,19,"L1:[sp=X,153] C=1,X=64,S=1,K=36,R=3,Y=47 || L2:[sp=Y,21] R=1,C=1,S=1,X=1,K=11,Y=19",-inf,-inf,0,X|Y,1
C,153,R,1,K,6,X,1,S,1,Y,126,C,3,X,3,K,1,R,1,C,1,X,1,S,1,Y,1,"L1:[sp=C,153] R=1,K=6,X=1,S=1,Y=126,C=3 || L2:[sp=X,3] K=1,R=1,C=1,X=1,S=1,Y=1",-86748481.0,-163323000.0,1,C|X,1
X,153,Y,36,K,7,R,1,X,38,S,1,C,3,C,3,X,1,R,1,C,3,K,4,S,1,Y,36,"L1:[sp=X,153] Y=36,K=7,R=1,X=38,S=1,C=3 || L2:[sp=C,3] X=1,R=1,C=3,K=4,S=1,Y=36",-inf,-inf,0,X|C,1
X,153,C,3,R,3,Y,126,S,1,X,1,K,16,Y,21,R,1,X,1,C,2,Y,1,K,7,S,1,"L1:[sp=X,153] C=3,R=3,Y=126,S=1,X=1,K=16 || L2:[sp=Y,21] R=1,X=1,C=2,Y=1,K=7,S=1",-581281.0,-163323000.0,1,X|Y,1
X,153,C,1,R,1,Y,126,S,1,X,1,K,16,Y,21,R,1,X,1,C,1,Y,1,K,7,S,1,"L1:[sp=X,153] C=1,R=1,Y=126,S=1,X=1,K=16 || L2:[sp=Y,21] R=1,X=1,C=1,Y=1,K=7,S=1",-538273.0,-163323000.0,1,X|Y,1
X,153,Y,36,K,7,R,3,X,1,S,1,C,3,C,3,X,1,R,2,C,1,K,4,S,1,Y,36,"L1:[sp=X,153] Y=36,K=7,R=3,X=1,S=1,C=3 || L2:[sp=C,3] X=1,R=2,C=1,K=4,S=1,Y=36",-547321.0,-163324000.0,1,X|C,1
X,153,C,1,S,2,X,1,K,36,R,3,Y,126,Y,21,R,1,C,1,S,1,X,1,K,3,Y,1,"L1:[sp=X,153] C=1,S=2,X=1,K=36,R=3,Y=126 || L2:[sp=Y,21] R=1,C=1,S=1,X=1,K=3,Y=1",-1198177.0,-163323000.0,1,X|Y,1
X,153,C,1,R,1,Y,126,S,1,X,1,K,29,Y,21,R,1,X,1,C,1,S,1,K,3,Y,1,"L1:[sp=X,153] C=1,R=1,Y=126,S=1,X=1,K=29 || L2:[sp=Y,21] R=1,X=1,C=1,S=1,K=3,Y=1",-536761.0,-163323000.0,1,X|Y,1
X,153,R,3,K,6,X,1,C,3,Y,47,S,1,C,3,X,1,R,2,C,1,K,5,S,1,Y,40,"L1:[sp=X,153] R=3,K=6,X=1,C=3,Y=47,S=1 || L2:[sp=C,3] X=1,R=2,C=1,K=5,S=1,Y=40",-450841.0,-163324000.0,1,X|C,1
X,153,C,1,R,3,Y,55,S,1,X,219,K,16,Y,21,R,1,X,1,C,1,Y,1,K,3,S,1,"L1:[sp=X,153] C=1,R=3,Y=55,S=1,X=219,K=16 || L2:[sp=Y,21] R=1,X=1,C=1,Y=1,K=3,S=1",-inf,-inf,0,X|Y,1
X,153,R,3,K,6,X,1,C,3,Y,47,S,1,C,3,X,1,R,1,C,1,K,5,S,1,Y,40,"L1:[sp=X,153] R=3,K=6,X=1,C=3,Y=47,S=1 || L2:[sp=C,3] X=1,R=1,C=1,K=5,S=1,Y=40",-450841.0,-163324000.0,1,X|C,1
X,153,C,3,R,3,Y,126,S,2,X,1,K,16,Y,21,R,1,X,1,C,2,Y,1,K,7,S,1,"L1:[sp=X,153] C=3,R=3,Y=126,S=2,X=1,K=16 || L2:[sp=Y,21] R=1,X=1,C=2,Y=1,K=7,S=1",-1161665.0,-163323000.0,1,X|Y,1
X,153,R,3,K,6,X,1,C,1,Y,47,S,1,C,3,X,1,R,2,C,1,K,5,S,1,Y,40,"L1:[sp=X,153] R=3,K=6,X=1,C=1,Y=47,S=1 || L2:[sp=C,3] X=1,R=2,C=1,K=5,S=1,Y=40",-1352521.0,-163324000.0,1,X|C,1
X,153,R,3,K,6,X,1,C,3,Y,47,S,1,C,3,X,1,R,1,C,1,K,5,S,1,Y,40,"L1:[sp=X,153] R=3,K=6,X=1,C=3,Y=47,S=1 || L2:[sp=C,3] X=1,R=1,C=1,K=5,S=1,Y=40",-450841.0,-163324000.0,1,X|C,1
X,153,R,3,K,6,X,1,C,3,Y,128,S,1,C,3,X,1,R,2,C,1,K,5,S,1,Y,40,"L1:[sp=X,153] R=3,K=6,X=1,C=3,Y=128,S=1 || L2:[sp=C,3] X=1,R=2,C=1,K=5,S=1,Y=40",-inf,-inf,0,X|C,1
X,153,Y,36,K,36,R,3,X,1,S,1,C,3,C,3,X,1,R,2,C,1,K,4,S,1,Y,36,"L1:[sp=X,153] Y=36,K=36,R=3,X=1,S=1,C=3 || L2:[sp=C,3] X=1,R=2,C=1,K=4,S=1,Y=36",-inf,-inf,0,X|C,1
X,153,R,1,X,1,K,6,C,3,Y,47,S,1,C,3,X,1,R,1,C,2,K,1,S,1,Y,19,"L1:[sp=X,153] R=1,X=1,K=6,C=3,Y=47,S=1 || L2:[sp=C,3] X=1,R=1,C=2,K=1,S=1,Y=19",-997309.0,-163323000.0,1,X|C,1
X,153,S,1,X,1,K,6,C,3,Y,47,R,3,C,3,X,1,R,1,C,2,K,6,S,1,Y,19,"L1:[sp=X,153] S=1,X=1,K=6,C=3,Y=47,R=3 || L2:[sp=C,3] X=1,R=1,C=2,K=6,S=1,Y=19",-1074613.0,-163324000.0,1,X|C,1
X,153,C,1,R,3,Y,218,S,1,X,1,K,16,Y,21,R,1,X,1,C,1,Y,1,K,7,S,1,"L1:[sp=X,153] C=1,R=3,Y=218,S=1,X=1,K=16 || L2:[sp=Y,21] R=1,X=1,C=1,Y=1,K=7,S=1",-582625.0,-163323000.0,1,X|Y,1
Y,153,C,1,R,1,Y,126,S,1,X,1,K,16,Y,21,R,1,X,1,S,1,Y,1,K,7,C,1,"L1:[sp=Y,153] C=1,R=1,Y=126,S=1,X=1,K=16 || L2:[sp=Y,21] R=1,X=1,S=1,Y=1,K=7,C=1",-2346625.0,-163323000.0,1,Y|Y,1
X,153,C,1,R,1,Y,126,S,1,X,187,K,12,Y,21,R,1,X,1,C,1,S,1,K,3,Y,1,"L1:[sp=X,153] C=1,R=1,Y=126,S=1,X=187,K=12 || L2:[sp=Y,21] R=1,X=1,C=1,S=1,K=3,Y=1",-inf,-inf,0,X|Y,1
X,153,R,3,K,6,X,1,C,1,Y,126,S,2,C,3,X,1,R,1,C,1,K,5,S,1,Y,1,"L1:[sp=X,153] R=3,K=6,X=1,C=1,Y=126,S=2 || L2:[sp=C,3] X=1,R=1,C=1,K=5,S=1,Y=1",-inf,-inf,0,X|C,1
Y,153,C,3,S,1,X,1,K,36,R,3,Y,47,X,21,R,1,C,1,S,1,X,1,K,3,Y,40,"L1:[sp=Y,153] C=3,S=1,X=1,K=36,R=3,Y=47 || L2:[sp=X,21] R=1,C=1,S=1,X=1,K=3,Y=40",-19560577.0,-163323000.0,1,Y|X,1
X,153,R,3,X,1,Y,47,C,1,K,6,S,1,C,3,X,1,R,2,C,1,K,1,S,1,Y,40,"L1:[sp=X,153] R=3,X=1,Y=47,C=1,K=6,S=1 || L2:[sp=C,3] X=1,R=2,C=1,K=1,S=1,Y=40",-1418941.0,-163323000.0,1,X|C,1
X,153,R,3,K,6,X,1,C,1,Y,47,S,1,C,3,X,1,R,1,C,1,K,5,S,1,Y,19,"L1:[sp=X,153] R=3,K=6,X=1,C=1,Y=47,S=1 || L2:[sp=C,3] X=1,R=1,C=1,K=5,S=1,Y=19",-1490869.0,-163323000.0,1,X|C,1
X,153,R,3,X,1,K,6,C,3,Y,47,S,1,C,3,X,1,R,1,C,1,K,1,S,1,Y,40,"L1:[sp=X,153] R=3,X=1,K=6,C=3,Y=47,S=1 || L2:[sp=C,3] X=1,R=1,C=1,K=1,S=1,Y=40",-472981.0,-163323000.0,1,X|C,1
X,153,R,3,K,19,X,1,C,3,Y,47,S,1,C,3,X,1,R,1,C,2,K,5,S,1,Y,19,"L1:[sp=X,153] R=3,K=19,X=1,C=3,Y=47,S=1 || L2:[sp=C,3] X=1,R=1,C=2,K=5,S=1,Y=19",-inf,-inf,0,X|C,1
X,153,Y,36,K,7,R,3,X,1,S,1,C,3,C,3,X,1,R,2,C,1,K,7,S,1,Y,36,"L1:[sp=X,153] Y=36,K=7,R=3,X=1,S=1,C=3 || L2:[sp=C,3] X=1,R=2,C=1,K=7,S=1,Y=36",-inf,-inf,0,X|C,1
X,153,R,3,K,38,X,1,C,3,Y,47,S,1,C,3,X,1,R,2,C,1,K,5,S,1,Y,40,"L1:[sp=X,153] R=3,K=38,X=1,C=3,Y=47,S=1 || L2:[sp=C,3] X=1,R=2,C=1,K=5,S=1,Y=40",-inf,-inf,0,X|C,1
X,153,C,3,Y,148,R,2,S,1,X,21,K,16,Y,21,R,2,X,1,C,1,Y,40,K,7,S,1,"L1:[sp=X,153] C=3,Y=148,R=2,S=1,X=21,K=16 || L2:[sp=Y,21] R=2,X=1,C=1,Y=40,K=7,S=1",-inf,-inf,0,X|Y,1
X,153,R,1,K,6,X,1,C,1,Y,126,S,1,C,1,X,1,R,1,C,1,K,5,S,1,Y,1,"L1:[sp=X,153] R=1,K=6,X=1,C=1,Y=126,S=1 || L2:[sp=C,1] X=1,R=1,C=1,K=5,S=1,Y=1",-inf,-inf,0,X|C,1
X,153,R,3,K,6,X,1,C,3,Y,47,S,1,C,3,X,1,R,1,C,1,K,5,S,1,Y,40,"L1:[sp=X,153] R=3,K=6,X=1,C=3,Y=47,S=1 || L2:[sp=C,3] X=1,R=1,C=1,K=5,S=1,Y=40",-450841.0,-163324000.0,1,X|C,1
X,153,R,3,K,6,X,1,C,1,Y,47,S,1,C,3,X,1,R,2,C,1,K,5,S,1,Y,40,"L1:[sp=X,153] R=3,K=6,X=1,C=1,Y=47,S=1 || L2:[sp=C,3] X=1,R=2,C=1,K=5,S=1,Y=40",-1352521.0,-163324000.0,1,X|C,1
X,153,R,3,X,1,K,6,C,3,Y,47,S,1,C,3,X,1,R,1,C,2,K,1,S,1,Y,40,"L1:[sp=X,153] R=3,X=1,K=6,C=3,Y=47,S=1 || L2:[sp=C,3] X=1,R=1,C=2,K=1,S=1,Y=40",-945301.0,-163324000.0,1,X|C,1
X,153,C,3,Y,126,R,3,S,2,X,182,K,55,Y,21,R,1,X,1,C,2,Y,1,K,7,S,1,"L1:[sp=X,153] C=3,Y=126,R=3,S=2,X=182,K=55 || L2:[sp=Y,21] R=1,X=1,C=2,Y=1,K=7,S=1",-inf,-inf,0,X|Y,1
X,153,R,3,X,1,K,6,C,3,Y,47,S,1,C,3,X,1,R,1,C,1,K,1,S,1,Y,40,"L1:[sp=X,153] R=3,X=1,K=6,C=3,Y=47,S=1 || L2:[sp=C,3] X=1,R=1,C=1,K=1,S=1,Y=40",-472981.0,-163323000.0,1,X|C,1
X,153,R,3,X,1,Y,47,C,1,K,6,S,1,C,3,X,1,R,1,C,1,K,1,S,1,Y,40,"L1:[sp=X,153] R=3,X=1,Y=47,C=1,K=6,S=1 || L2:[sp=C,3] X=1,R=1,C=1,K=1,S=1,Y=40",-1418941.0,-163323000.0,1,X|C,1
X,153,S,1,R,3,Y,218,C,1,X,37,K,10,Y,21,R,2,X,1,C,1,Y,1,K,10,S,1,"L1:[sp=X,153] S=1,R=3,Y=218,C=1,X=37,K=10 || L2:[sp=Y,21] R=2,X=1,C=1,Y=1,K=10,S=1",-inf,-inf,0,X|Y,1
X,153,R,2,X,1,K,6,C,3,Y,47,S,1,C,3,X,1,R,1,C,2,K,1,S,1,Y,19,"L1:[sp=X,153] R=2,X=1,K=6,C=3,Y=47,S=1 || L2:[sp=C,3] X=1,R=1,C=2,K=1,S=1,Y=19",-1019689.0,-163323000.0,1,X|C,1
X,153,R,3,X,1,Y,47,C,1,K,6,S,1,C,3,X,1,R,2,C,1,K,1,S,1,Y,40,"L1:[sp=X,153] R=3,X=1,Y=47,C=1,K=6,S=1 || L2:[sp=C,3] X=1,R=2,C=1,K=1,S=1,Y=40",-1418941.0,-163323000.0,1,X|C,1
X,153,S,1,X,1,K,6,C,3,Y,218,R,3,C,3,X,1,R,1,C,1,K,5,S,1,Y,1,"L1:[sp=X,153] S=1,X=1,K=6,C=3,Y=218,R=3 || L2:[sp=C,3] X=1,R=1,C=1,K=5,S=1,Y=1",-inf,-inf,0,X|C,1
X,153,C,3,K,16,Y,47,S,1,X,1,R,3,Y,21,R,1,X,1,C,2,Y,19,K,7,S,1,"L1:[sp=X,153] C=3,K=16,Y=47,S=1,X=1,R=3 || L2:[sp=Y,21] R=1,X=1,C=2,Y=19,K=7,S=1",-4598161.0,-163323000.0,1,X|Y,1
X,153,R,3,X,1,K,6,C,3,Y,47,S,1,C,3,X,1,R,1,C,1,K,1,S,1,Y,40,"L1:[sp=X,153] R=3,X=1,K=6,C=3,Y=47,S=1 || L2:[sp=C,3] X=1,R=1,C=1,K=1,S=1,Y=40",-472981.0,-163323000.0,1,X|C,1
X,153,C,3,R,2,Y,126,S,2,X,53,K,16,Y,21,R,1,X,1,C,2,Y,1,K,7,S,1,"L1:[sp=X,153] C=3,R=2,Y=126,S=2,X=53,K=16 || L2:[sp=Y,21] R=1,X=1,C=2,Y=1,K=7,S=1",-inf,-inf,0,X|Y,1
C,153,R,1,X,1,K,6,C,3,Y,47,S,1,Y,3,X,1,R,1,C,2,K,1,S,1,Y,19,"L1:[sp=C,153] R=1,X=1,K=6,C=3,Y=47,S=1 || L2:[sp=Y,3] X=1,R=1,C=2,K=1,S=1,Y=19",-36882721.0,-163323000.0,1,C|Y,1
C,153,R,3,X,1,K,6,C,3,Y,47,S,1,C,3,X,1,R,1,C,1,K,1,S,1,Y,40,"L1:[sp=C,153] R=3,X=1,K=6,C=3,Y=47,S=1 || L2:[sp=C,3] X=1,R=1,C=1,K=1,S=1,Y=40",-26486881.0,-163323000.0,1,C|C,1
X,153,C,3,S,2,Y,126,R,3,X,1,K,16,Y,21,R,1,X,1,C,2,Y,1,K,7,S,1,"L1:[sp=X,153] C=3,S=2,Y=126,R=3,X=1,K=16 || L2:[sp=Y,21] R=1,X=1,C=2,Y=1,K=7,S=1",-1161665.0,-163323000.0,1,X|Y,1
X,153,R,1,X,1,K,6,C,3,Y,47,S,1,C,3,X,1,R,1,C,2,K,1,S,1,Y,19,"L1:[sp=X,153] R=1,X=1,K=6,C=3,Y=47,S=1 || L2:[sp=C,3] X=1,R=1,C=2,K=1,S=1,Y=19",-997309.0,-163323000.0,1,X|C,1
X,153,R,3,K,6,X,1,C,1,Y,47,S,1,C,3,X,1,R,2,C,1,K,5,S,1,Y,40,"L1:[sp=X,153] R=3,K=6,X=1,C=1,Y=47,S=1 || L2:[sp=C,3] X=1,R=2,C=1,K=5,S=1,Y=40",-1352521.0,-163324000.0,1,X|C,1
X,153,R,3,X,1,K,6,C,3,Y,47,S,1,C,3,X,1,R,1,C,1,K,1,S,1,Y,40,"L1:[sp=X,153] R=3,X=1,K=6,C=3,Y=47,S=1 || L2:[sp=C,3] X=1,R=1,C=1,K=1,S=1,Y=40",-472981.0,-163323000.0,1,X|C,1
X,153,R,3,K,6,X,1,C,3,Y,47,S,1,K,3,X,1,R,1,C,1,K,5,S,1,Y,40,"L1:[sp=X,153] R=3,K=6,X=1,C=3,Y=47,S=1 || L2:[sp=K,3] X=1,R=1,C=1,K=5,S=1,Y=40",-1218361.0,-163324000.0,1,X|K,1
X,153,R,3,X,1,Y,47,C,1,K,6,S,1,C,3,X,1,R,3,C,1,K,1,S,1,Y,40,"L1:[sp=X,153] R=3,X=1,Y=47,C=1,K=6,S=1 || L2:[sp=C,3] X=1,R=3,C=1,K=1,S=1,Y=40",-1349821.0,-163323000.0,1,X|C,1
X,153,R,3,K,6,X,1,C,3,Y,47,S,1,C,3,X,1,R,1,C,1,K,5,S,1,Y,40,"L1:[sp=X,153] R=3,K=6,X=1,C=3,Y=47,S=1 || L2:[sp=C,3] X=1,R=1,C=1,K=5,S=1,Y=40",-450841.0,-163324000.0,1,X|C,1
X,153,R,3,K,62,X,1,C,3,Y,47,S,1,K,3,X,1,R,1,C,1,K,5,S,1,Y,40,"L1:[sp=X,153] R=3,K=62,X=1,C=3,Y=47,S=1 || L2:[sp=K,3] X=1,R=1,C=1,K=5,S=1,Y=40",-inf,-inf,0,X|K,1
X,153,R,3,X,96,K,6,C,3,Y,47,S,1,C,3,X,1,R,1,C,2,K,2,S,1,Y,40,"L1:[sp=X,153] R=3,X=96,K=6,C=3,Y=47,S=1 || L2:[sp=C,3] X=1,R=1,C=2,K=2,S=1,Y=40",-inf,-inf,0,X|C,1
C,153,R,3,X,1,K,6,C,3,Y,194,S,2,C,3,X,1,R,1,C,2,K,1,S,1,Y,40,"L1:[sp=C,153] R=3,X=1,K=6,C=3,Y=194,S=2 || L2:[sp=C,3] X=1,R=1,C=2,K=1,S=1,Y=40",-119209557.0,-163323000.0,1,C|C,1
X,153,C,3,S,1,Y,126,R,3,X,1,K,16,C,1,X,1,R,1,C,2,Y,1,K,7,S,1,"L1:[sp=X,153] C=3,S=1,Y=126,R=3,X=1,K=16 || L2:[sp=C,1] X=1,R=1,C=2,Y=1,K=7,S=1",-inf,-inf,0,X|C,1
X,153,R,3,X,1,Y,47,C,1,K,6,S,1,C,1,X,1,R,3,C,1,K,1,S,1,Y,24,"L1:[sp=X,153] R=3,X=1,Y=47,C=1,K=6,S=1 || L2:[sp=C,1] X=1,R=3,C=1,K=1,S=1,Y=24",-inf,-inf,0,X|C,1
X,153,C,3,S,1,Y,126,R,3,X,1,K,16,Y,21,R,2,X,1,C,2,Y,1,K,7,S,1,"L1:[sp=X,153] C=3,S=1,Y=126,R=3,X=1,K=16 || L2:[sp=Y,21] R=2,X=1,C=2,Y=1,K=7,S=1",-678049.0,-163323000.0,1,X|Y,1
X,153,R,2,X,1,K,6,C,3,Y,47,S,1,C,3,X,1,R,1,C,2,K,1,S,1,Y,19,"L1:[sp=X,153] R=2,X=1,K=6,C=3,Y=47,S=1 || L2:[sp=C,3] X=1,R=1,C=2,K=1,S=1,Y=19",-1019689.0,-163323000.0,1,X|C,1
X,153,C,3,S,3,Y,126,R,3,X,1,K,16,Y,21,S,1,X,1,Y,1,C,2,K,7,R,1,"L1:[sp=X,153] C=3,S=3,Y=126,R=3,X=1,K=16 || L2:[sp=Y,21] S=1,X=1,Y=1,C=2,K=7,R=1",-1742049.0,-163323000.0,1,X|Y,1
X,153,K,6,C,3,X,1,R,3,Y,47,S,1,X,1,X,1,R,1,K,5,C,1,S,1,Y,32,"L1:[sp=X,153] K=6,C=3,X=1,R=3,Y=47,S=1 || L2:[sp=X,1] X=1,R=1,K=5,C=1,S=1,Y=32",-inf,-inf,0,X|X,1
C,153,R,3,X,1,K,6,C,3,Y,47,S,1,C,3,X,1,R,1,C,2,K,1,S,1,Y,19,"L1:[sp=C,153] R=3,X=1,K=6,C=3,Y=47,S=1 || L2:[sp=C,3] X=1,R=1,C=2,K=1,S=1,Y=19",-58355809.0,-163323000.0,1,C|C,1
X,153,R,3,X,1,Y,47,C,1,K,6,S,1,C,3,X,1,R,3,C,1,K,6,S,1,Y,40,"L1:[sp=X,153] R=3,X=1,Y=47,C=1,K=6,S=1 || L2:[sp=C,3] X=1,R=3,C=1,K=6,S=1,Y=40",-inf,-inf,0,X|C,1
K,153,R,3,K,6,X,1,C,3,Y,47,S,1,X,3,X,1,R,1,C,1,K,4,S,1,Y,40,"L1:[sp=K,153] R=3,K=6,X=1,C=3,Y=47,S=1 || L2:[sp=X,3] X=1,R=1,C=1,K=4,S=1,Y=40",-7442401.0,-163323000.0,1,K|X,1
C,153,R,1,K,6,X,1,C,3,Y,47,S,1,X,3,X,1,R,1,C,1,K,5,S,1,Y,40,"L1:[sp=C,153] R=1,K=6,X=1,C=3,Y=47,S=1 || L2:[sp=X,3] X=1,R=1,C=1,K=5,S=1,Y=40",-72051841.0,-163323000.0,1,C|X,1
X,153,R,3,K,6,X,1,C,3,Y,47,S,1,K,3,X,1,R,1,C,1,K,5,S,1,Y,40,"L1:[sp=X,153] R=3,K=6,X=1,C=3,Y=47,S=1 || L2:[sp=K,3] X=1,R=1,C=1,K=5,S=1,Y=40",-1218361.0,-163324000.0,1,X|K,1
X,153,C,3,S,1,Y,47,R,3,X,1,K,16,Y,21,R,1,X,1,C,2,Y,40,K,7,S,1,"L1:[sp=X,153] C=3,S=1,Y=47,R=3,X=1,K=16 || L2:[sp=Y,21] R=1,X=1,C=2,Y=40,K=7,S=1",-inf,-inf,0,X|Y,1
X,153,R,2,X,1,K,6,C,3,Y,126,S,2,C,3,X,1,R,1,C,2,K,1,S,1,Y,1,"L1:[sp=X,153] R=2,X=1,K=6,C=3,Y=126,S=2 || L2:[sp=C,3] X=1,R=1,C=2,K=1,S=1,Y=1",-inf,-inf,0,X|C,1
X,153,R,1,X,1,K,53,S,3,Y,47,C,3,C,3,X,1,R,1,C,2,K,1,S,1,Y,19,"L1:[sp=X,153] R=1,X=1,K=53,S=3,Y=47,C=3 || L2:[sp=C,3] X=1,R=1,C=2,K=1,S=1,Y=19",-inf,-inf,0,X|C,1
X,153,C,3,S,2,Y,126,R,3,X,68,K,16,Y,21,R,1,X,1,C,2,Y,1,K,7,S,1,"L1:[sp=X,153] C=3,S=2,Y=126,R=3,X=68,K=16 || L2:[sp=Y,21] R=1,X=1,C=2,Y=1,K=7,S=1",-inf,-inf,0,X|Y,1
X,153,R,3,K,6,X,1,C,3,Y,47,S,1,C,3,X,1,R,1,C,1,K,5,S,1,Y,40,"L1:[sp=X,153] R=3,K=6,X=1,C=3,Y=47,S=1 || L2:[sp=C,3] X=1,R=1,C=1,K=5,S=1,Y=40",-450841.0,-163324000.0,1,X|C,1
X,153,R,3,X,1,K,6,C,3,Y,47,S,1,C,3,X,1,R,1,C,2,K,1,S,1,Y,39,"L1:[sp=X,153] R=3,X=1,K=6,C=3,Y=47,S=1 || L2:[sp=C,3] X=1,R=1,C=2,K=1,S=1,Y=39",-949909.0,-163324000.0,1,X|C,1
X,153,R,1,K,6,X,1,C,3,Y,47,S,1,Y,47,X,1,R,1,C,1,K,5,S,1,Y,40,"L1:[sp=X,153] R=1,K=6,X=1,C=3,Y=47,S=1 || L2:[sp=Y,47] X=1,R=1,C=1,K=5,S=1,Y=40",-24742126.0,-163323000.0,1,X|Y,1
C,153,Y,72,X,1,K,6,C,3,R,3,S,1,C,3,X,1,R,1,C,2,K,1,S,1,Y,19,"L1:[sp=C,153] Y=72,X=1,K=6,C=3,R=3,S=1 || L2:[sp=C,3] X=1,R=1,C=2,K=1,S=1,Y=19",-61703041.0,-163323000.0,1,C|C,1
X,153,C,3,S,1,Y,126,R,3,X,1,K,16,X,1,R,2,X,1,C,2,Y,1,K,11,S,1,"L1:[sp=X,153] C=3,S=1,Y=126,R=3,X=1,K=16 || L2:[sp=X,1] R=2,X=1,C=2,Y=1,K=11,S=1",-inf,-inf,0,X|X,1
K,153,R,2,K,6,X,1,C,3,Y,47,S,1,X,1,X,1,R,1,C,2,K,4,S,1,Y,19,"L1:[sp=K,153] R=2,K=6,X=1,C=3,Y=47,S=1 || L2:[sp=X,1] X=1,R=1,C=2,K=4,S=1,Y=19",-8026369.0,-163323000.0,1,K|X,1
X,153,R,3,X,1,K,6,C,3,Y,47,S,1,C,3,X,1,R,1,C,1,K,1,S,1,Y,40,"L1:[sp=X,153] R=3,X=1,K=6,C=3,Y=47,S=1 || L2:[sp=C,3] X=1,R=1,C=1,K=1,S=1,Y=40",-472981.0,-163323000.0,1,X|C,1
K,153,R,3,K,6,X,1,C,3,Y,47,S,1,C,1,X,1,R,1,C,1,K,5,S,1,Y,40,"L1:[sp=K,153] R=3,K=6,X=1,C=3,Y=47,S=1 || L2:[sp=C,1] X=1,R=1,C=1,K=5,S=1,Y=40",-7442401.0,-163324000.0,1,K|C,1
K,153,R,3,K,6,X,1,C,3,Y,47,S,1,X,3,X,1,R,1,C,1,S,1,K,4,Y,40,"L1:[sp=K,153] R=3,K=6,X=1,C=3,Y=47,S=1 || L2:[sp=X,3] X=1,R=1,C=1,S=1,K=4,Y=40",-7442401.0,-163323000.0,1,K|X,1
X,153,C,3,S,3,Y,126,R,3,X,1,K,16,C,1,S,1,X,1,Y,1,C,2,K,7,R,1,"L1:[sp=X,153] C=3,S=3,Y=126,R=3,X=1,K=16 || L2:[sp=C,1] S=1,X=1,Y=1,C=2,K=7,R=1",-inf,-inf,0,X|C,1
C,153,R,1,S,1,X,1,C,3,Y,47,K,6,X,3,X,1,Y,40,R,1,K,5,S,1,C,1,"L1:[sp=C,153] R=1,S=1,X=1,C=3,Y=47,K=6 || L2:[sp=X,3] X=1,Y=40,R=1,K=5,S=1,C=1",-72051841.0,-163323000.0,1,C|X,1
C,153,R,3,X,1,K,6,C,3,Y,47,S,3,C,3,X,1,S,1,C,1,K,1,R,1,Y,19,"L1:[sp=C,153] R=3,X=1,K=6,C=3,Y=47,S=3 || L2:[sp=C,3] X=1,S=1,C=1,K=1,R=1,Y=19",-86709427.0,-163323000.0,1,C|C,1
X,153,C,3,S,1,Y,126,R,3,X,144,K,16,Y,21,S,1,X,1,K,7,C,3,Y,36,R,1,"L1:[sp=X,153] C=3,S=1,Y=126,R=3,X=144,K=16 || L2:[sp=Y,21] S=1,X=1,K=7,C=3,Y=36,R=1",-inf,-inf,0,X|Y,1
X,153,R,3,K,6,X,1,C,3,Y,47,S,3,X,3,Y,40,R,1,C,1,K,5,S,3,X,1,"L1:[sp=X,153] R=3,K=6,X=1,C=3,Y=47,S=3 || L2:[sp=X,3] Y=40,R=1,C=1,K=5,S=3,X=1",-inf,-inf,0,X|X,1
X,153,C,2,Y,126,S,1,R,1,X,1,K,16,Y,42,S,1,X,1,Y,1,C,2,K,7,R,1,"L1:[sp=X,153] C=2,Y=126,S=1,R=1,X=1,K=16 || L2:[sp=Y,42] S=1,X=1,Y=1,C=2,K=7,R=1",-782209.0,-163323000.0,1,X|Y,1
X,153,C,3,S,3,Y,126,R,3,X,1,K,16,Y,21,R,2,X,1,C,2,Y,56,K,7,S,1,"L1:[sp=X,153] C=3,S=3,Y=126,R=3,X=1,K=16 || L2:[sp=Y,21] R=2,X=1,C=2,Y=56,K=7,S=1",-inf,-inf,0,X|Y,1
X,153,C,3,S,1,Y,126,R,3,X,1,K,16,Y,21,S,1,X,1,Y,1,C,2,K,13,R,1,"L1:[sp=X,153] C=3,S=1,Y=126,R=3,X=1,K=16 || L2:[sp=Y,21] S=1,X=1,Y=1,C=2,K=13,R=1",-581281.0,-163323000.0,1,X|Y,1
X,153,R,1,K,9,X,1,C,3,Y,47,S,1,K,3,X,1,R,1,C,1,K,5,S,1,Y,40,"L1:[sp=X,153] R=1,K=9,X=1,C=3,Y=47,S=1 || L2:[sp=K,3] X=1,R=1,C=1,K=5,S=1,Y=40",-843841.0,-163324000.0,1,X|K,1
C,153,R,3,K,6,X,1,C,3,Y,47,S,1,C,1,X,1,R,1,C,1,K,5,S,1,Y,40,"L1:[sp=C,153] R=3,K=6,X=1,C=3,Y=47,S=1 || L2:[sp=C,1] X=1,R=1,C=1,K=5,S=1,Y=40",-75667201.0,-163323000.0,1,C|C,1
X,153,R,3,K,6,X,1,C,3,Y,42,S,3,K,3,X,1,R,1,C,1,K,5,S,1,Y,9,"L1:[sp=X,153] R=3,K=6,X=1,C=3,Y=42,S=3 || L2:[sp=K,3] X=1,R=1,C=1,K=5,S=1,Y=9",-4223605.0,-163324000.0,1,X|K,1
X,153,R,3,K,6,X,1,C,3,Y,47,S,1,C,3,X,1,R,1,C,1,K,5,S,1,Y,40,"L1:[sp=X,153] R=3,K=6,X=1,C=3,Y=47,S=1 || L2:[sp=C,3] X=1,R=1,C=1,K=5,S=1,Y=40",-450841.0,-163324000.0,1,X|C,1
X,153,C,3,S,1,Y,126,R,3,X,1,K,16,Y,21,S,1,X,1,Y,1,C,2,K,7,R,1,"L1:[sp=X,153] C=3,S=1,Y=126,R=3,X=1,K=16 || L2:[sp=Y,21] S=1,X=1,Y=1,C=2,K=7,R=1",-581281.0,-163323000.0,1,X|Y,1
K,153,X,223,K,6,R,3,C,3,Y,47,S,3,X,3,X,1,R,1,C,1,S,1,K,4,Y,40,"L1:[sp=K,153] X=223,K=6,R=3,C=3,Y=47,S=3 || L2:[sp=X,3] X=1,R=1,C=1,S=1,K=4,Y=40",-inf,-inf,0,K|X,1
X,153,R,3,X,1,K,6,C,3,Y,47,S,3,C,3,X,1,R,1,C,1,K,1,S,1,Y,40,"L1:[sp=X,153] R=3,X=1,K=6,C=3,Y=47,S=3 || L2:[sp=C,3] X=1,R=1,C=1,K=1,S=1,Y=40",-1417181.0,-163324000.0,1,X|C,1
X,153,C,3,S,1,Y,126,R,3,X,1,K,16,Y,21,S,1,X,1,Y,1,C,2,K,13,R,1,"L1:[sp=X,153] C=3,S=1,Y=126,R=3,X=1,K=16 || L2:[sp=Y,21] S=1,X=1,Y=1,C=2,K=13,R=1",-581281.0,-163323000.0,1,X|Y,1
X,153,R,1,K,9,X,1,C,3,Y,47,S,1,K,3,X,1,R,1,C,1,K,5,S,1,Y,40,"L1:[sp=X,153] R=1,K=9,X=1,C=3,Y=47,S=1 || L2:[sp=K,3] X=1,R=1,C=1,K=5,S=1,Y=40",-843841.0,-163324000.0,1,X|K,1
X,153,R,3,S,3,K,6,C,3,Y,42,X,1,K,3,X,1,K,5,C,1,R,1,S,1,Y,9,"L1:[sp=X,153] R=3,S=3,K=6,C=3,Y=42,X=1 || L2:[sp=K,3] X=1,K=5,C=1,R=1,S=1,Y=9",-4223605.0,-163324000.0,1,X|K,1
X,153,R,3,K,6,X,1,C,3,Y,47,S,1,X,3,X,1,R,1,C,3,S,1,K,4,Y,40,"L1:[sp=X,153] R=3,K=6,X=1,C=3,Y=47,S=1 || L2:[sp=X,3] X=1,R=1,C=3,S=1,K=4,Y=40",-inf,-inf,0,X|X,1
X,153,R,3,X,30,K,6,C,3,Y,47,S,1,C,3,X,1,R,1,C,1,K,6,S,1,Y,39,"L1:[sp=X,153] R=3,X=30,K=6,C=3,Y=47,S=1 || L2:[sp=C,3] X=1,R=1,C=1,K=6,S=1,Y=39",-inf,-inf,0,X|C,1
X,153,R,3,K,6,X,1,C,3,Y,42,S,3,K,3,X,1,R,1,C,1,K,5,S,3,Y,9,"L1:[sp=X,153] R=3,K=6,X=1,C=3,Y=42,S=3 || L2:[sp=K,3] X=1,R=1,C=1,K=5,S=3,Y=9",-1408045.0,-163324000.0,1,X|K,1
X,153,R,3,X,1,K,6,C,3,Y,47,S,1,C,3,X,1,R,1,C,1,K,1,S,1,Y,40,"L1:[sp=X,153] R=3,X=1,K=6,C=3,Y=47,S=1 || L2:[sp=C,3] X=1,R=1,C=1,K=1,S=1,Y=40",-472981.0,-163323000.0,1,X|C,1
K,153,R,1,K,6,X,1,C,3,Y,126,S,1,X,3,X,1,R,1,C,2,S,1,K,3,Y,1,"L1:[sp=K,153] R=1,K=6,X=1,C=3,Y=126,S=1 || L2:[sp=X,3] X=1,R=1,C=2,S=1,K=3,Y=1",-8132545.0,-163323000.0,1,K|X,1
X,153,C,3,S,1,Y,47,R,3,X,1,K,16,Y,21,R,3,X,1,Y,26,C,1,S,1,K,13,"L1:[sp=X,153] C=3,S=1,Y=47,R=3,X=1,K=16 || L2:[sp=Y,21] R=3,X=1,Y=26,C=1,S=1,K=13",-inf,-inf,0,X|Y,1
X,153,R,3,K,9,X,1,C,3,Y,126,S,1,X,1,X,1,R,1,C,1,K,5,S,1,Y,1,"L1:[sp=X,153] R=3,K=9,X=1,C=3,Y=126,S=1 || L2:[sp=X,1] X=1,R=1,C=1,K=5,S=1,Y=1",-inf,-inf,0,X|X,1
X,153,C,3,S,1,Y,47,R,2,X,1,K,16,Y,21,S,1,X,1,Y,40,C,2,K,13,R,1,"L1:[sp=X,153] C=3,S=1,Y=47,R=2,X=1,K=16 || L2:[sp=Y,21] S=1,X=1,Y=40,C=2,K=13,R=1",-inf,-inf,0,X|Y,1
X,153,R,3,K,6,Y,126,C,1,S,1,X,1,C,3,X,1,R,1,C,1,K,5,S,1,Y,1,"L1:[sp=X,153] R=3,K=6,Y=126,C=1,S=1,X=1 || L2:[sp=C,3] X=1,R=1,C=1,K=5,S=1,Y=1",-1489681.0,-163324000.0,1,X|C,1
X,153,C,2,Y,47,S,1,R,1,X,1,K,16,Y,42,S,1,X,1,Y,40,C,2,K,7,R,1,"L1:[sp=X,153] C=2,Y=47,S=1,R=1,X=1,K=16 || L2:[sp=Y,42] S=1,X=1,Y=40,C=2,K=7,R=1",-inf,-inf,0,X|Y,1
K,153,R,3,K,6,X,1,C,2,Y,47,S,1,C,3,X,1,R,1,C,1,K,5,S,1,Y,42,"L1:[sp=K,153] R=3,K=6,X=1,C=2,Y=47,S=1 || L2:[sp=C,3] X=1,R=1,C=1,K=5,S=1,Y=42",-inf,-inf,0,K|C,1
X,153,R,3,K,6,X,1,C,3,Y,188,S,3,K,3,X,1,R,3,C,1,K,6,S,1,Y,9,"L1:[sp=X,153] R=3,K=6,X=1,C=3,Y=188,S=3 || L2:[sp=K,3] X=1,R=3,C=1,K=6,S=1,Y=9",-inf,-inf,0,X|K,1
X,153,C,3,S,1,R,3,Y,48,X,1,K,16,Y,21,S,1,X,1,Y,40,C,1,K,13,R,1,"L1:[sp=X,153] C=3,S=1,R=3,Y=48,X=1,K=16 || L2:[sp=Y,21] S=1,X=1,Y=40,C=1,K=13,R=1",-inf,-inf,0,X|Y,1
X,153,R,3,K,6,X,1,C,3,Y,126,S,3,C,1,X,1,R,2,C,2,S,1,K,5,Y,1,"L1:[sp=X,153] R=3,K=6,X=1,C=3,Y=126,S=3 || L2:[sp=C,1] X=1,R=2,C=2,S=1,K=5,Y=1",-inf,-inf,0,X|C,1
X,153,R,3,K,6,X,1,C,3,Y,47,S,1,C,3,X,1,R,1,C,1,K,5,S,1,Y,40,"L1:[sp=X,153] R=3,K=6,X=1,C=3,Y=47,S=1 || L2:[sp=C,3] X=1,R=1,C=1,K=5,S=1,Y=40",-450841.0,-163324000.0,1,X|C,1
X,153,R,3,X,1,K,6,C,1,Y,126,S,1,C,3,X,1,R,1,C,1,K,5,S,1,Y,1,"L1:[sp=X,153] R=3,X=1,K=6,C=1,Y=126,S=1 || L2:[sp=C,3] X=1,R=1,C=1,K=5,S=1,Y=1",-1489681.0,-163324000.0,1,X|C,1
X,153,R,3,K,6,Y,47,X,1,S,3,C,3,C,3,Y,40,R,2,C,1,K,5,S,3,X,1,"L1:[sp=X,153] R=3,K=6,Y=47,X=1,S=3,C=3 || L2:[sp=C,3] Y=40,R=2,C=1,K=5,S=3,X=1",-inf,-inf,0,X|C,1
X,153,R,3,K,9,X,1,C,3,Y,47,S,2,K,3,C,1,R,1,X,1,K,5,S,1,Y,40,"L1:[sp=X,153] R=3,K=9,X=1,C=3,Y=47,S=2 || L2:[sp=K,3] C=1,R=1,X=1,K=5,S=1,Y=40",-1771521.0,-163324000.0,1,X|K,1
X,153,C,3,S,1,Y,126,X,1,R,2,K,16,Y,21,S,1,X,1,Y,1,C,2,K,13,R,1,"L1:[sp=X,153] C=3,S=1,Y=126,X=1,R=2,K=16 || L2:[sp=Y,21] S=1,X=1,Y=1,C=2,K=13,R=1",-581953.0,-163323000.0,1,X|Y,1
X,153,C,3,S,1,Y,126,R,3,X,1,K,16,Y,21,S,1,K,13,Y,1,C,2,X,1,R,1,"L1:[sp=X,153] C=3,S=1,Y=126,R=3,X=1,K=16 || L2:[sp=Y,21] S=1,K=13,Y=1,C=2,X=1,R=1",-581281.0,-163323000.0,1,X|Y,1
X,153,R,3,X,115,K,6,C,3,Y,47,S,1,C,3,X,1,R,1,C,3,K,1,S,1,Y,40,"L1:[sp=X,153] R=3,X=115,K=6,C=3,Y=47,S=1 || L2:[sp=C,3] X=1,R=1,C=3,K=1,S=1,Y=40",-inf,-inf,0,X|C,1
X,153,R,3,K,6,X,1,C,3,Y,47,S,1,C,3,X,1,R,2,C,1,K,5,S,1,Y,40,"L1:[sp=X,153] R=3,K=6,X=1,C=3,Y=47,S=1 || L2:[sp=C,3] X=1,R=2,C=1,K=5,S=1,Y=40",-450841.0,-163324000.0,1,X|C,1
X,153,R,3,X,1,K,6,C,3,Y,47,S,1,C,3,X,1,R,1,C,1,K,1,S,1,Y,40,"L1:[sp=X,153] R=3,X=1,K=6,C=3,Y=47,S=1 || L2:[sp=C,3] X=1,R=1,C=1,K=1,S=1,Y=40",-472981.0,-163323000.0,1,X|C,1
X,153,R,3,X,1,K,6,C,3,Y,47,S,1,X,1,X,1,R,1,C,1,K,3,S,1,Y,40,"L1:[sp=X,153] R=3,X=1,K=6,C=3,Y=47,S=1 || L2:[sp=X,1] X=1,R=1,C=1,K=3,S=1,Y=40",-inf,-inf,0,X|X,1
Y,153,C,3,S,1,Y,126,R,3,X,1,K,16,X,21,S,1,X,1,Y,1,C,2,K,7,R,3,"L1:[sp=Y,153] C=3,S=1,Y=126,R=3,X=1,K=16 || L2:[sp=X,21] S=1,X=1,Y=1,C=2,K=7,R=3",-48773761.0,-163323000.0,1,Y|X,1
X,153,R,3,X,1,K,6,C,2,Y,47,S,1,C,3,X,1,R,3,C,1,K,1,S,1,Y,40,"L1:[sp=X,153] R=3,X=1,K=6,C=2,Y=47,S=1 || L2:[sp=C,3] X=1,R=3,C=1,K=1,S=1,Y=40",-899881.0,-163323000.0,1,X|C,1
C,153,R,3,X,1,K,6,C,3,Y,47,S,3,X,3,X,1,R,3,C,1,K,1,S,1,Y,40,"L1:[sp=C,153] R=3,X=1,K=6,C=3,Y=47,S=3 || L2:[sp=X,3] X=1,R=3,C=1,K=1,S=1,Y=40",-74817331.0,-163323000.0,1,C|X,1
X,153,C,3,S,1,Y,126,R,3,X,1,K,47,Y,21,S,1,X,1,C,2,Y,1,K,13,R,1,"L1:[sp=X,153] C=3,S=1,Y=126,R=3,X=1,K=47 || L2:[sp=Y,21] S=1,X=1,C=2,Y=1,K=13,R=1",-617233.0,-163324000.0,1,X|Y,1
X,153,C,3,S,1,Y,72,R,3,X,1,K,16,Y,21,S,1,X,1,Y,1,C,1,K,14,R,1,"L1:[sp=X,153] C=3,S=1,Y=72,R=3,X=1,K=16 || L2:[sp=Y,21] S=1,X=1,Y=1,C=1,K=14,R=1",-630337.0,-163323000.0,1,X|Y,1
X,153,C,3,S,1,Y,126,K,16,X,77,R,3,Y,21,S,1,X,1,Y,1,C,2,K,13,R,1,"L1:[sp=X,153] C=3,S=1,Y=126,K=16,X=77,R=3 || L2:[sp=Y,21] S=1,X=1,Y=1,C=2,K=13,R=1",-inf,-inf,0,X|Y,1
X,153,R,1,K,9,X,1,C,3,Y,47,S,1,K,3,X,1,R,1,C,1,K,6,S,1,Y,40,"L1:[sp=X,153] R=1,K=9,X=1,C=3,Y=47,S=1 || L2:[sp=K,3] X=1,R=1,C=1,K=6,S=1,Y=40",-inf,-inf,0,X|K,1
K,153,R,1,K,58,X,1,C,3,Y,47,S,1,X,3,X,1,R,1,C,1,K,5,S,1,Y,40,"L1:[sp=K,153] R=1,K=58,X=1,C=3,Y=47,S=1 || L2:[sp=X,3] X=1,R=1,C=1,K=5,S=1,Y=40",-68412961.0,-163324000.0,1,K|X,1
X,153,R,3,K,9,X,1,C,3,Y,42,S,3,K,3,X,1,R,1,C,1,K,5,S,3,Y,9,"L1:[sp=X,153] R=3,K=9,X=1,C=3,Y=42,S=3 || L2:[sp=K,3] X=1,R=1,C=1,K=5,S=3,Y=9",-1024033.0,-163324000.0,1,X|K,1
X,153,C,2,S,1,Y,126,R,3,X,151,K,16,Y,21,S,1,X,1,Y,1,C,2,K,13,R,1,"L1:[sp=X,153] C=2,S=1,Y=126,R=3,X=151,K=16 || L2:[sp=Y,21] S=1,X=1,Y=1,C=2,K=13,R=1",-inf,-inf,0,X|Y,1
X,153,R,3,K,6,Y,126,C,1,S,1,X,1,C,3,X,1,R,1,C,1,K,5,S,1,Y,1,"L1:[sp=X,153] R=3,K=6,Y=126,C=1,S=1,X=1 || L2:[sp=C,3] X=1,R=1,C=1,K=5,S=1,Y=1",-1489681.0,-163324000.0,1,X|C,1
X,153,R,3,K,6,X,1,C,3,Y,47,S,1,C,3,X,1,R,1,C,1,K,5,S,1,Y,40,"L1:[sp=X,153] R=3,K=6,X=1,C=3,Y=47,S=1 || L2:[sp=C,3] X=1,R=1,C=1,K=5,S=1,Y=40",-450841.0,-163324000.0,1,X|C,1
X,153,R,3,X,77,K,6,C,3,Y,47,S,1,C,3,X,1,R,1,C,3,K,1,S,1,Y,40,"L1:[sp=X,153] R=3,X=77,K=6,C=3,Y=47,S=1 || L2:[sp=C,3] X=1,R=1,C=3,K=1,S=1,Y=40",-inf,-inf,0,X|C,1
X,153,R,3,X,22,K,6,C,2,Y,47,S,1,C,3,S,1,R,3,C,2,K,1,X,1,Y,40,"L1:[sp=X,153] R=3,X=22,K=6,C=2,Y=47,S=1 || L2:[sp=C,3] S=1,R=3,C=2,K=1,X=1,Y=40",-inf,-inf,0,X|C,1
X,153,C,3,S,1,Y,126,X,1,R,3,K,47,Y,21,S,1,X,1,C,2,Y,1,K,13,R,1,"L1:[sp=X,153] C=3,S=1,Y=126,X=1,R=3,K=47 || L2:[sp=Y,21] S=1,X=1,C=2,Y=1,K=13,R=1",-617233.0,-163324000.0,1,X|Y,1
X,153,C,3,S,1,Y,126,R,3,X,1,K,31,Y,7,S,1,K,13,Y,48,C,2,X,1,R,1,"L1:[sp=X,153] C=3,S=1,Y=126,R=3,X=1,K=31 || L2:[sp=Y,7] S=1,K=13,Y=48,C=2,X=1,R=1",-inf,-inf,0,X|Y,1
X,153,C,3,S,1,Y,47,X,1,R,3,K,16,Y,21,S,1,X,1,Y,38,C,1,K,6,R,2,"L1:[sp=X,153] C=3,S=1,Y=47,X=1,R=3,K=16 || L2:[sp=Y,21] S=1,X=1,Y=38,C=1,K=6,R=2",-inf,-inf,0,X|Y,1
X,153,R,2,K,6,X,67,C,3,Y,126,S,1,C,3,X,1,R,1,C,2,Y,1,S,1,K,5,"L1:[sp=X,153] R=2,K=6,X=67,C=3,Y=126,S=1 || L2:[sp=C,3] X=1,R=1,C=2,Y=1,S=1,K=5",-inf,-inf,0,X|C,1
X,153,C,3,S,1,Y,126,R,3,X,146,K,47,Y,21,S,1,X,1,C,2,Y,1,K,13,R,1,"L1:[sp=X,153] C=3,S=1,Y=126,R=3,X=146,K=47 || L2:[sp=Y,21] S=1,X=1,C=2,Y=1,K=13,R=1",-inf,-inf,0,X|Y,1
X,153,Y,126,C,3,S,1,R,3,K,16,X,194,Y,21,S,1,K,13,Y,1,C,2,X,1,R,1,"L1:[sp=X,153] Y=126,C=3,S=1,R=3,K=16,X=194 || L2:[sp=Y,21] S=1,K=13,Y=1,C=2,X=1,R=1",-inf,-inf,0,X|Y,1
X,153,C,3,S,1,Y,72,R,3,X,1,K,16,Y,21,S,1,X,1,Y,1,C,1,K,14,R,3,"L1:[sp=X,153] C=3,S=1,Y=72,R=3,X=1,K=16 || L2:[sp=Y,21] S=1,X=1,Y=1,C=1,K=14,R=3",-630337.0,-163323000.0,1,X|Y,1
X,153,R,3,X,1,K,6,C,2,Y,101,S,1,C,3,X,1,R,1,C,1,K,1,S,1,Y,40,"L1:[sp=X,153] R=3,X=1,K=6,C=2,Y=101,S=1 || L2:[sp=C,3] X=1,R=1,C=1,K=1,S=1,Y=40",-1056025.0,-163324000.0,1,X|C,1
X,153,R,3,X,1,K,6,C,2,Y,47,S,2,C,3,X,1,R,3,C,1,K,3,S,1,Y,40,"L1:[sp=X,153] R=3,X=1,K=6,C=2,Y=47,S=2 || L2:[sp=C,3] X=1,R=3,C=1,K=3,S=1,Y=40",-1854161.0,-163324000.0,1,X|C,1
X,153,C,2,S,1,Y,126,R,3,X,1,K,47,Y,21,S,1,X,1,C,2,Y,1,K,13,R,1,"L1:[sp=X,153] C=2,S=1,Y=126,R=3,X=1,K=47 || L2:[sp=Y,21] S=1,X=1,C=2,Y=1,K=13,R=1",-823201.0,-163324000.0,1,X|Y,1
X,153,R,3,X,1,K,6,C,2,Y,47,S,1,C,3,X,1,R,3,C,1,K,1,S,1,Y,40,"L1:[sp=X,153] R=3,X=1,K=6,C=2,Y=47,S=1 || L2:[sp=C,3] X=1,R=3,C=1,K=1,S=1,Y=40",-899881.0,-163323000.0,1,X|C,1
X,153,C,3,S,1,Y,126,R,3,X,1,K,16,Y,21,S,1,K,13,Y,1,C,2,X,1,R,1,"L1:[sp=X,153] C=3,S=1,Y=126,R=3,X=1,K=16 || L2:[sp=Y,21] S=1,K=13,Y=1,C=2,X=1,R=1",-581281.0,-163323000.0,1,X|Y,1
X,153,R,2,X,1,K,14,C,3,Y,47,S,1,C,3,R,1,X,1,C,1,K,1,S,1,Y,40,"L1:[sp=X,153] R=2,X=1,K=14,C=3,Y=47,S=1 || L2:[sp=C,3] R=1,X=1,C=1,K=1,S=1,Y=40",-461401.0,-163324000.0,1,X|C,1
X,153,C,3,S,1,Y,126,X,1,R,3,K,16,Y,21,S,1,X,1,Y,1,C,2,K,13,R,1,"L1:[sp=X,153] C=3,S=1,Y=126,X=1,R=3,K=16 || L2:[sp=Y,21] S=1,X=1,Y=1,C=2,K=13,R=1",-581281.0,-163323000.0,1,X|Y,1
X,153,R,2,K,6,X,1,C,3,Y,47,S,1,K,2,X,1,C,1,R,1,K,5,S,1,Y,40,"L1:[sp=X,153] R=2,K=6,X=1,C=3,Y=47,S=1 || L2:[sp=K,2] X=1,C=1,R=1,K=5,S=1,Y=40",-891991.0,-163324000.0,1,X|K,1
X,153,C,3,S,1,Y,126,X,1,R,3,K,16,Y,21,S,1,X,1,Y,1,C,2,K,13,R,2,"L1:[sp=X,153] C=3,S=1,Y=126,X=1,R=3,K=16 || L2:[sp=Y,21] S=1,X=1,Y=1,C=2,K=13,R=2",-678049.0,-163323000.0,1,X|Y,1
X,153,C,3,S,1,Y,72,R,3,X,1,K,12,Y,21,S,1,X,1,Y,1,C,1,K,12,R,2,"L1:[sp=X,153] C=3,S=1,Y=72,R=3,X=1,K=12 || L2:[sp=Y,21] S=1,X=1,Y=1,C=1,K=12,R=2",-709633.0,-163323000.0,1,X|Y,1
X,153,R,3,X,1,K,6,C,3,Y,47,S,1,C,3,X,1,R,1,C,1,K,5,S,1,Y,40,"L1:[sp=X,153] R=3,X=1,K=6,C=3,Y=47,S=1 || L2:[sp=C,3] X=1,R=1,C=1,K=5,S=1,Y=40",-450841.0,-163324000.0,1,X|C,1
X,153,R,3,K,6,X,1,C,3,Y,47,S,1,C,3,X,1,R,1,C,1,K,5,S,1,Y,40,"L1:[sp=X,153] R=3,K=6,X=1,C=3,Y=47,S=1 || L2:[sp=C,3] X=1,R=1,C=1,K=5,S=1,Y=40",-450841.0,-163324000.0,1,X|C,1
X,153,R,3,C,3,K,14,Y,47,X,1,S,1,C,3,R,1,X,1,C,1,K,1,S,1,Y,30,"L1:[sp=X,153] R=3,C=3,K=14,Y=47,X=1,S=1 || L2:[sp=C,3] R=1,X=1,C=1,K=1,S=1,Y=30",-564781.0,-163324000.0,1,X|C,1
X,153,R,2,X,1,K,6,C,3,Y,47,S,1,C,3,X,1,R,1,C,1,K,5,S,1,Y,40,"L1:[sp=X,153] R=2,X=1,K=6,C=3,Y=47,S=1 || L2:[sp=C,3] X=1,R=1,C=1,K=5,S=1,Y=40",-440521.0,-163324000.0,1,X|C,1
X,153,R,3,K,6,X,1,C,3,Y,126,S,1,C,3,X,1,R,1,C,2,K,5,S,1,Y,1,"L1:[sp=X,153] R=3,K=6,X=1,C=3,Y=126,S=1 || L2:[sp=C,3] X=1,R=1,C=2,K=5,S=1,Y=1",-inf,-inf,0,X|C,1
X,153,Y,47,S,1,C,3,X,1,R,3,K,33,Y,21,S,1,X,1,C,1,Y,40,K,13,R,1,"L1:[sp=X,153] Y=47,S=1,C=3,X=1,R=3,K=33 || L2:[sp=Y,21] S=1,X=1,C=1,Y=40,K=13,R=1",-inf,-inf,0,X|Y,1
Y,153,C,3,S,1,Y,72,R,3,X,1,K,16,X,21,S,1,X,1,Y,7,C,1,K,14,R,3,"L1:[sp=Y,153] C=3,S=1,Y=72,R=3,X=1,K=16 || L2:[sp=X,21] S=1,X=1,Y=7,C=1,K=14,R=3",-27871873.0,-163323000.0,1,Y|X,1
X,153,C,3,S,1,Y,126,X,155,R,3,K,47,Y,21,S,1,X,1,C,2,Y,1,K,13,R,1,"L1:[sp=X,153] C=3,S=1,Y=126,X=155,R=3,K=47 || L2:[sp=Y,21] S=1,X=1,C=2,Y=1,K=13,R=1",-inf,-inf,0,X|Y,1
X,153,R,3,X,1,K,6,C,3,Y,47,S,2,C,1,X,1,R,2,C,1,K,5,S,1,Y,40,"L1:[sp=X,153] R=3,X=1,K=6,C=3,Y=47,S=2 || L2:[sp=C,1] X=1,R=2,C=1,K=5,S=1,Y=40",-inf,-inf,0,X|C,1
X,153,C,3,S,1,Y,126,X,1,R,3,K,16,Y,21,S,1,X,1,Y,1,C,2,K,13,R,1,"L1:[sp=X,153] C=3,S=1,Y=126,X=1,R=3,K=16 || L2:[sp=Y,21] S=1,X=1,Y=1,C=2,K=13,R=1",-581281.0,-163323000.0,1,X|Y,1
X,153,R,3,X,1,K,32,C,3,Y,47,S,1,C,3,X,1,R,1,C,1,K,5,S,1,Y,40,"L1:[sp=X,153] R=3,X=1,K=32,C=3,Y=47,S=1 || L2:[sp=C,3] X=1,R=1,C=1,K=5,S=1,Y=40",-inf,-inf,0,X|C,1
X,153,C,3,S,1,Y,126,R,3,X,1,K,16,Y,21,S,1,K,13,Y,1,C,2,X,1,R,1,"L1:[sp=X,153] C=3,S=1,Y=126,R=3,X=1,K=16 || L2:[sp=Y,21] S=1,K=13,Y=1,C=2,X=1,R=1",-581281.0,-163323000.0,1,X|Y,1
Y,153,C,3,S,1,Y,126,X,1,R,1,K,47,X,21,S,1,X,1,C,2,Y,1,K,13,R,1,"L1:[sp=Y,153] C=3,S=1,Y=126,X=1,R=1,K=47 || L2:[sp=X,21] S=1,X=1,C=2,Y=1,K=13,R=1",-51823297.0,-163323000.0,1,Y|X,1
C,153,R,3,X,1,K,6,C,3,Y,47,S,1,X,3,X,1,R,1,C,1,K,5,S,1,Y,40,"L1:[sp=C,153] R=3,X=1,K=6,C=3,Y=47,S=1 || L2:[sp=X,3] X=1,R=1,C=1,K=5,S=1,Y=40",-75667201.0,-163323000.0,1,C|X,1
X,153,R,3,X,1,K,14,C,3,Y,126,S,1,C,3,R,1,X,1,C,1,K,1,S,1,Y,1,"L1:[sp=X,153] R=3,X=1,K=14,C=3,Y=126,S=1 || L2:[sp=C,3] R=1,X=1,C=1,K=1,S=1,Y=1",-inf,-inf,0,X|C,1
X,153,C,3,S,1,Y,47,X,1,R,3,K,47,Y,21,S,1,X,1,C,2,Y,44,K,13,R,1,"L1:[sp=X,153] C=3,S=1,Y=47,X=1,R=3,K=47 || L2:[sp=Y,21] S=1,X=1,C=2,Y=44,K=13,R=1",-inf,-inf,0,X|Y,1
C,153,C,3,S,1,Y,126,X,1,R,3,K,16,Y,21,S,1,X,1,Y,1,C,2,K,13,R,1,"L1:[sp=C,153] C=3,S=1,Y=126,X=1,R=3,K=16 || L2:[sp=Y,21] S=1,X=1,Y=1,C=2,K=13,R=1",-4650241.0,-163323000.0,1,C|Y,1
X,153,Y,98,X,1,K,22,C,3,R,2,S,1,C,3,R,1,X,1,C,1,K,1,S,1,Y,40,"L1:[sp=X,153] Y=98,X=1,K=22,C=3,R=2,S=1 || L2:[sp=C,3] R=1,X=1,C=1,K=1,S=1,Y=40",-inf,-inf,0,X|C,1
X,153,C,3,S,1,Y,126,X,40,R,2,K,16,Y,21,S,1,X,1,Y,1,C,2,K,13,R,1,"L1:[sp=X,153] C=3,S=1,Y=126,X=40,R=2,K=16 || L2:[sp=Y,21] S=1,X=1,Y=1,C=2,K=13,R=1",-inf,-inf,0,X|Y,1
X,153,R,3,C,3,K,14,X,1,Y,56,S,1,C,3,R,1,X,1,C,1,K,1,S,1,Y,40,"L1:[sp=X,153] R=3,C=3,K=14,X=1,Y=56,S=1 || L2:[sp=C,3] R=1,X=1,C=1,K=1,S=1,Y=40",-534769.0,-163324000.0,1,X|C,1
X,153,C,3,S,1,Y,126,R,3,X,1,K,16,C,3,Y,1,X,1,S,1,C,2,K,13,R,2,"L1:[sp=X,153] C=3,S=1,Y=126,R=3,X=1,K=16 || L2:[sp=C,3] Y=1,X=1,S=1,C=2,K=13,R=2",-inf,-inf,0,X|C,1
X,153,R,2,X,1,K,14,C,3,Y,189,S,1,C,3,K,1,X,1,C,1,R,1,S,1,Y,40,"L1:[sp=X,153] R=2,X=1,K=14,C=3,Y=189,S=1 || L2:[sp=C,3] K=1,X=1,C=1,R=1,S=1,Y=40",-inf,-inf,0,X|C,1
X,153,R,2,X,1,K,6,C,3,Y,47,S,1,C,3,X,1,R,1,C,1,K,5,S,1,Y,40,"L1:[sp=X,153] R=2,X=1,K=6,C=3,Y=47,S=1 || L2:[sp=C,3] X=1,R=1,C=1,K=5,S=1,Y=40",-440521.0,-163324000.0,1,X|C,1
Y,153,C,3,S,1,Y,72,R,3,X,1,K,16,X,21,S,1,X,1,Y,7,C,1,K,14,R,3,"L1:[sp=Y,153] C=3,S=1,Y=72,R=3,X=1,K=16 || L2:[sp=X,21] S=1,X=1,Y=7,C=1,K=14,R=3",-27871873.0,-163323000.0,1,Y|X,1
Y,153,C,3,S,1,Y,126,X,1,R,3,K,16,C,21,S,1,X,1,Y,1,C,2,K,13,R,1,"L1:[sp=Y,153] C=3,S=1,Y=126,X=1,R=3,K=16 || L2:[sp=C,21] S=1,X=1,Y=1,C=2,K=13,R=1",-33032833.0,-163323000.0,1,Y|C,1
X,153,R,3,K,6,X,1,C,3,Y,47,S,1,C,3,X,1,R,1,C,1,K,5,S,1,Y,30,"L1:[sp=X,153] R=3,K=6,X=1,C=3,Y=47,S=1 || L2:[sp=C,3] X=1,R=1,C=1,K=5,S=1,Y=30",-538681.0,-163324000.0,1,X|C,1
X,153,R,3,C,3,K,14,Y,47,X,1,S,1,C,3,R,1,X,1,C,1,K,3,S,1,Y,40,"L1:[sp=X,153] R=3,C=3,K=14,Y=47,X=1,S=1 || L2:[sp=C,3] R=1,X=1,C=1,K=3,S=1,Y=40",-472621.0,-163324000.0,1,X|C,1
C,153,X,166,S,1,Y,47,C,3,R,2,K,16,Y,21,S,1,X,1,Y,40,C,1,K,13,R,1,"L1:[sp=C,153] X=166,S=1,Y=47,C=3,R=2,K=16 || L2:[sp=Y,21] S=1,X=1,Y=40,C=1,K=13,R=1",-inf,-inf,0,C|Y,1
X,153,R,3,X,1,K,6,C,3,Y,126,S,2,C,3,X,1,R,1,C,2,K,6,S,1,Y,1,"L1:[sp=X,153] R=3,X=1,K=6,C=3,Y=126,S=2 || L2:[sp=C,3] X=1,R=1,C=2,K=6,S=1,Y=1",-inf,-inf,0,X|C,1
X,153,R,2,K,56,X,167,C,3,Y,47,S,1,C,3,X,1,R,1,C,1,K,5,S,1,Y,40,"L1:[sp=X,153] R=2,K=56,X=167,C=3,Y=47,S=1 || L2:[sp=C,3] X=1,R=1,C=1,K=5,S=1,Y=40",-inf,-inf,0,X|C,1
X,153,C,3,Y,126,S,1,X,1,R,3,K,17,C,3,S,1,X,1,Y,1,C,2,K,13,R,1,"L1:[sp=X,153] C=3,Y=126,S=1,X=1,R=3,K=17 || L2:[sp=C,3] S=1,X=1,Y=1,C=2,K=13,R=1",-inf,-inf,0,X|C,1
X,153,R,3,C,3,K,14,X,1,Y,56,S,3,C,3,R,1,Y,51,C,1,K,1,S,1,X,1,"L1:[sp=X,153] R=3,C=3,K=14,X=1,Y=56,S=3 || L2:[sp=C,3] R=1,Y=51,C=1,K=1,S=1,X=1",-inf,-inf,0,X|C,1
Y,153,C,3,S,3,Y,72,R,3,X,1,K,16,X,21,S,1,X,1,Y,7,C,1,K,14,R,3,"L1:[sp=Y,153] C=3,S=3,Y=72,R=3,X=1,K=16 || L2:[sp=X,21] S=1,X=1,Y=7,C=1,K=14,R=3",-27621241.0,-163323000.0,1,Y|X,1
X,153,C,3,S,1,Y,126,R,3,X,1,K,16,Y,21,S,1,X,1,Y,1,C,2,K,13,R,3,"L1:[sp=X,153] C=3,S=1,Y=126,R=3,X=1,K=16 || L2:[sp=Y,21] S=1,X=1,Y=1,C=2,K=13,R=3",-629665.0,-163323000.0,1,X|Y,1
Y,153,C,3,S,1,Y,72,R,3,X,1,K,16,X,21,Y,7,X,1,S,1,C,1,K,14,R,1,"L1:[sp=Y,153] C=3,S=1,Y=72,R=3,X=1,K=16 || L2:[sp=X,21] Y=7,X=1,S=1,C=1,K=14,R=1",-28646017.0,-163323000.0,1,Y|X,1
C,153,C,3,S,1,Y,126,X,1,R,3,K,16,Y,21,S,1,X,1,Y,1,K,10,C,2,R,1,"L1:[sp=C,153] C=3,S=1,Y=126,X=1,R=3,K=16 || L2:[sp=Y,21] S=1,X=1,Y=1,K=10,C=2,R=1",-4650241.0,-163323000.0,1,C|Y,1
X,153,C,3,S,1,Y,126,X,1,R,3,K,16,Y,21,S,1,X,1,Y,1,C,1,K,13,R,1,"L1:[sp=X,153] C=3,S=1,Y=126,X=1,R=3,K=16 || L2:[sp=Y,21] S=1,X=1,Y=1,C=1,K=13,R=1",-581281.0,-163323000.0,1,X|Y,1
C,153,C,3,S,1,Y,126,X,1,R,3,K,16,Y,21,S,1,X,1,Y,1,C,2,K,13,R,1,"L1:[sp=C,153] C=3,S=1,Y=126,X=1,R=3,K=16 || L2:[sp=Y,21] S=1,X=1,Y=1,C=2,K=13,R=1",-4650241.0,-163323000.0,1,C|Y,1
K,153,R,3,C,3,K,14,X,1,Y,56,S,1,C,3,R,1,K,1,C,1,X,1,Y,40,S,1,"L1:[sp=K,153] R=3,C=3,K=14,X=1,Y=56,S=1 || L2:[sp=C,3] R=1,K=1,C=1,X=1,Y=40,S=1",-6550657.0,-163323000.0,1,K|C,1
X,153,R,3,C,3,K,6,Y,47,X,1,S,3,C,3,R,1,X,1,C,1,K,1,S,1,Y,30,"L1:[sp=X,153] R=3,C=3,K=6,Y=47,X=1,S=3 || L2:[sp=C,3] R=1,X=1,C=1,K=1,S=1,Y=30",-1693661.0,-163324000.0,1,X|C,1
X,153,C,3,S,1,Y,126,X,1,R,3,K,16,C,1,S,1,X,1,Y,1,C,2,K,13,R,1,"L1:[sp=X,153] C=3,S=1,Y=126,X=1,R=3,K=16 || L2:[sp=C,1] S=1,X=1,Y=1,C=2,K=13,R=1",-inf,-inf,0,X|C,1
X,153,C,2,S,1,Y,135,R,3,X,1,K,16,Y,21,S,1,X,1,Y,1,K,13,C,2,R,1,"L1:[sp=X,153] C=2,S=1,Y=135,R=3,X=1,K=16 || L2:[sp=Y,21] S=1,X=1,Y=1,K=13,C=2,R=1",-775489.0,-163323000.0,1,X|Y,1
Y,153,C,1,S,1,Y,72,R,3,X,1,K,16,X,21,S,1,X,1,Y,7,C,1,K,14,R,3,"L1:[sp=Y,153] C=1,S=1,Y=72,R=3,X=1,K=16 || L2:[sp=X,21] S=1,X=1,Y=7,C=1,K=14,R=3",-27877249.0,-163323000.0,1,Y|X,1
X,153,R,2,X,1,K,6,C,3,Y,47,S,1,C,3,X,1,R,1,C,1,K,5,S,1,Y,40,"L1:[sp=X,153] R=2,X=1,K=6,C=3,Y=47,S=1 || L2:[sp=C,3] X=1,R=1,C=1,K=5,S=1,Y=40",-440521.0,-163324000.0,1,X|C,1
C,153,C,3,S,1,Y,126,X,1,R,3,K,16,Y,21,S,1,X,1,Y,1,K,10,C,2,R,1,"L1:[sp=C,153] C=3,S=1,Y=126,X=1,R=3,K=16 || L2:[sp=Y,21] S=1,X=1,Y=1,K=10,C=2,R=1",-4650241.0,-163323000.0,1,C|Y,1
X,153,R,3,C,2,K,6,Y,47,X,1,S,3,C,3,R,1,X,1,C,1,K,1,S,2,Y,30,"L1:[sp=X,153] R=3,C=2,K=6,Y=47,X=1,S=3 || L2:[sp=C,3] R=1,X=1,C=1,K=1,S=2,Y=30",-2258361.0,-163324000.0,1,X|C,1
X,153,C,2,S,1,Y,135,R,3,X,1,K,16,Y,21,S,1,C,2,Y,1,K,8,R,1,X,1,"L1:[sp=X,153] C=2,S=1,Y=135,R=3,X=1,K=16 || L2:[sp=Y,21] S=1,C=2,Y=1,K=8,R=1,X=1",-775489.0,-163323000.0,1,X|Y,1
X,153,R,2,C,3,K,14,Y,47,X,1,S,1,C,3,R,1,X,1,C,1,K,3,S,1,Y,40,"L1:[sp=X,153] R=2,C=3,K=14,Y=47,X=1,S=1 || L2:[sp=C,3] R=1,X=1,C=1,K=3,S=1,Y=40",-461401.0,-163324000.0,1,X|C,1
C,153,C,3,S,1,Y,126,X,1,R,2,K,16,Y,21,S,1,X,1,Y,1,K,10,C,2,R,1,"L1:[sp=C,153] C=3,S=1,Y=126,X=1,R=2,K=16 || L2:[sp=Y,21] S=1,X=1,Y=1,K=10,C=2,R=1",-4655617.0,-163323000.0,1,C|Y,1
X,153,C,2,S,3,Y,135,R,3,X,1,K,16,Y,21,S,3,X,1,Y,1,K,13,C,1,R,1,"L1:[sp=X,153] C=2,S=3,Y=135,R=3,X=1,K=16 || L2:[sp=Y,21] S=3,X=1,Y=1,K=13,C=1,R=1",-581057.0,-163323000.0,1,X|Y,1
C,153,R,3,C,3,K,6,Y,202,X,1,S,1,X,3,R,1,X,1,C,3,K,1,S,1,Y,30,"L1:[sp=C,153] R=3,C=3,K=6,Y=202,X=1,S=1 || L2:[sp=X,3] R=1,X=1,C=3,K=1,S=1,Y=30",-88267201.0,-163323000.0,1,C|X,1
X,153,R,3,K,63,X,1,C,3,Y,47,S,3,C,3,X,1,R,2,C,1,K,5,S,1,Y,30,"L1:[sp=X,153] R=3,K=63,X=1,C=3,Y=47,S=3 || L2:[sp=C,3] X=1,R=2,C=1,K=5,S=1,Y=30",-inf,-inf,0,X|C,1
X,153,R,3,K,6,X,1,C,3,Y,47,S,1,C,3,X,1,R,3,C,1,K,5,S,1,Y,30,"L1:[sp=X,153] R=3,K=6,X=1,C=3,Y=47,S=1 || L2:[sp=C,3] X=1,R=3,C=1,K=5,S=1,Y=30",-516721.0,-163324000.0,1,X|C,1
X,153,C,3,R,3,Y,126,S,1,X,83,K,16,Y,21,S,1,X,1,Y,1,C,2,K,13,R,1,"L1:[sp=X,153] C=3,R=3,Y=126,S=1,X=83,K=16 || L2:[sp=Y,21] S=1,X=1,Y=1,C=2,K=13,R=1",-inf,-inf,0,X|Y,1
X,153,C,3,S,1,Y,126,X,1,R,3,K,16,Y,21,S,1,X,1,Y,1,C,1,K,13,R,3,"L1:[sp=X,153] C=3,S=1,Y=126,X=1,R=3,K=16 || L2:[sp=Y,21] S=1,X=1,Y=1,C=1,K=13,R=3",-629665.0,-163323000.0,1,X|Y,1
X,153,C,2,X,1,Y,184,R,3,S,1,K,16,Y,21,S,1,X,1,Y,1,K,13,C,2,R,1,"L1:[sp=X,153] C=2,X=1,Y=184,R=3,S=1,K=16 || L2:[sp=Y,21] S=1,X=1,Y=1,K=13,C=2,R=1",-710977.0,-163323000.0,1,X|Y,1
X,153,C,3,S,1,Y,126,X,1,R,3,K,38,Y,21,X,1,S,1,Y,1,C,1,K,13,R,1,"L1:[sp=X,153] C=3,S=1,Y=126,X=1,R=3,K=38 || L2:[sp=Y,21] X=1,S=1,Y=1,C=1,K=13,R=1",-580945.0,-163324000.0,1,X|Y,1
Y,153,R,3,C,3,K,6,Y,47,X,1,S,3,X,1,R,1,X,1,C,1,K,1,S,1,Y,30,"L1:[sp=Y,153] R=3,C=3,K=6,Y=47,X=1,S=3 || L2:[sp=X,1] R=1,X=1,C=1,K=1,S=1,Y=30",-56393995.0,-163323000.0,1,Y|X,1
X,153,R,3,C,3,K,14,Y,47,X,1,S,3,C,3,R,1,X,1,C,1,K,3,Y,40,S,1,"L1:[sp=X,153] R=3,C=3,K=14,Y=47,X=1,S=3 || L2:[sp=C,3] R=1,X=1,C=1,K=3,Y=40,S=1",-inf,-inf,0,X|C,1
C,153,C,3,S,1,Y,126,X,1,R,3,K,16,Y,21,S,1,X,1,Y,1,K,10,C,2,R,1,"L1:[sp=C,153] C=3,S=1,Y=126,X=1,R=3,K=16 || L2:[sp=Y,21] S=1,X=1,Y=1,K=10,C=2,R=1",-4650241.0,-163323000.0,1,C|Y,1
X,153,C,3,S,1,Y,70,X,1,R,1,K,16,Y,21,S,1,X,1,Y,1,C,1,K,13,R,1,"L1:[sp=X,153] C=3,S=1,Y=70,X=1,R=1,K=16 || L2:[sp=Y,21] S=1,X=1,Y=1,C=1,K=13,R=1",-633025.0,-163323000.0,1,X|Y,1
X,153,X,1,S,1,Y,126,R,3,K,16,C,3,Y,21,S,1,X,1,Y,1,C,2,K,13,R,1,"L1:[sp=X,153] X=1,S=1,Y=126,R=3,K=16,C=3 || L2:[sp=Y,21] S=1,X=1,Y=1,C=2,K=13,R=1",-581281.0,-163323000.0,1,X|Y,1
X,153,R,3,C,3,K,6,Y,47,X,1,S,3,C,3,R,1,X,1,C,1,K,1,S,1,Y,30,"L1:[sp=X,153] R=3,C=3,K=6,Y=47,X=1,S=3 || L2:[sp=C,3] R=1,X=1,C=1,K=1,S=1,Y=30",-1693661.0,-163324000.0,1,X|C,1
X,153,C,2,S,2,Y,135,R,3,X,1,K,16,Y,21,S,1,X,1,Y,1,K,16,C,1,R,1,"L1:[sp=X,153] C=2,S=2,Y=135,R=3,X=1,K=16 || L2:[sp=Y,21] S=1,X=1,Y=1,K=16,C=1,R=1",-1162113.0,-163323000.0,1,X|Y,1
X,153,R,2,X,1,K,6,C,3,Y,47,S,1,C,3,X,1,R,1,C,1,K,5,S,1,Y,40,"L1:[sp=X,153] R=2,X=1,K=6,C=3,Y=47,S=1 || L2:[sp=C,3] X=1,R=1,C=1,K=5,S=1,Y=40",-440521.0,-163324000.0,1,X|C,1
X,153,C,3,Y,126,S,1,X,1,R,1,K,38,Y,21,X,1,S,1,Y,1,C,1,K,13,R,1,"L1:[sp=X,153] C=3,Y=126,S=1,X=1,R=1,K=38 || L2:[sp=Y,21] X=1,S=1,Y=1,C=1,K=13,R=1",-533233.0,-163324000.0,1,X|Y,1
X,153,C,3,S,1,Y,70,X,180,R,3,K,16,Y,21,S,1,X,1,Y,1,C,1,K,13,R,1,"L1:[sp=X,153] C=3,S=1,Y=70,X=180,R=3,K=16 || L2:[sp=Y,21] S=1,X=1,Y=1,C=1,K=13,R=1",-inf,-inf,0,X|Y,1
Y,153,C,3,Y,126,S,1,X,1,R,3,K,16,C,21,S,1,X,1,Y,1,C,1,K,13,R,3,"L1:[sp=Y,153] C=3,Y=126,S=1,X=1,R=3,K=16 || L2:[sp=C,21] S=1,X=1,Y=1,C=1,K=13,R=3",-16259713.0,-163323000.0,1,Y|C,1
X,153,X,1,S,1,Y,126,R,3,K,16,C,3,C,3,S,1,X,1,Y,1,C,2,K,13,R,1,"L1:[sp=X,153] X=1,S=1,Y=126,R=3,K=16,C=3 || L2:[sp=C,3] S=1,X=1,Y=1,C=2,K=13,R=1",-inf,-inf,0,X|C,1
X,153,C,2,S,1,Y,135,R,3,X,1,K,16,Y,21,S,1,X,1,Y,1,K,13,C,1,R,1,"L1:[sp=X,153] C=2,S=1,Y=135,R=3,X=1,K=16 || L2:[sp=Y,21] S=1,X=1,Y=1,K=13,C=1,R=1",-581953.0,-163323000.0,1,X|Y,1
X,153,C,3,X,1,Y,126,S,3,R,3,K,38,Y,21,X,1,S,3,Y,1,C,1,K,13,R,1,"L1:[sp=X,153] C=3,X=1,Y=126,S=3,R=3,K=38 || L2:[sp=Y,21] X=1,S=3,Y=1,C=1,K=13,R=1",-580721.0,-163324000.0,1,X|Y,1
X,153,R,2,K,6,X,1,C,3,Y,47,S,1,C,3,X,1,R,2,C,1,K,5,S,1,Y,18,"L1:[sp=X,153] R=2,K=6,X=1,C=3,Y=47,S=1 || L2:[sp=C,3] X=1,R=2,C=1,K=5,S=1,Y=18",-636697.0,-163324000.0,1,X|C,1
C,153,R,2,K,6,X,1,C,3,Y,47,S,1,X,3,X,1,R,1,C,1,K,5,S,1,Y,40,"L1:[sp=C,153] R=2,K=6,X=1,C=3,Y=47,S=1 || L2:[sp=X,3] X=1,R=1,C=1,K=5,S=1,Y=40",-73859521.0,-163323000.0,1,C|X,1
X,153,C,3,S,1,Y,126,X,1,R,3,K,38,Y,21,C,1,S,1,Y,1,X,1,K,13,R,3,"L1:[sp=X,153] C=3,S=1,Y=126,X=1,R=3,K=38 || L2:[sp=Y,21] C=1,S=1,Y=1,X=1,K=13,R=3",-629329.0,-163324000.0,1,X|Y,1
X,153,C,3,S,1,Y,126,X,1,R,3,K,16,Y,21,S,1,X,1,Y,1,C,1,K,13,R,2,"L1:[sp=X,153] C=3,S=1,Y=126,X=1,R=3,K=16 || L2:[sp=Y,21] S=1,X=1,Y=1,C=1,K=13,R=2",-678049.0,-163323000.0,1,X|Y,1
X,153,R,3,K,6,X,133,C,3,Y,47,S,3,C,3,X,1,R,1,C,1,K,5,S,3,Y,30,"L1:[sp=X,153] R=3,K=6,X=133,C=3,Y=47,S=3 || L2:[sp=C,3] X=1,R=1,C=1,K=5,S=3,Y=30",-inf,-inf,0,X|C,1
X,153,C,2,S,1,Y,135,R,3,X,1,K,16,X,1,S,1,X,1,Y,1,K,13,C,1,R,3,"L1:[sp=X,153] C=2,S=1,Y=135,R=3,X=1,K=16 || L2:[sp=X,1] S=1,X=1,Y=1,K=13,C=1,R=3",-inf,-inf,0,X|X,1
X,153,X,1,S,1,Y,126,R,3,K,16,C,3,Y,21,S,1,X,1,Y,1,C,2,K,10,R,1,"L1:[sp=X,153] X=1,S=1,Y=126,R=3,K=16,C=3 || L2:[sp=Y,21] S=1,X=1,Y=1,C=2,K=10,R=1",-581281.0,-163323000.0,1,X|Y,1
X,153,R,2,X,1,K,6,C,3,Y,47,S,2,C,3,K,5,R,1,C,1,X,1,S,1,Y,40,"L1:[sp=X,153] R=2,X=1,K=6,C=3,Y=47,S=2 || L2:[sp=C,3] K=5,R=1,C=1,X=1,S=1,Y=40",-879281.0,-163324000.0,1,X|C,1
X,153,R,3,X,153,K,27,C,3,Y,47,S,1,C,3,X,1,R,3,C,1,K,5,S,1,Y,30,"L1:[sp=X,153] R=3,X=153,K=27,C=3,Y=47,S=1 || L2:[sp=C,3] X=1,R=3,C=1,K=5,S=1,Y=30",-inf,-inf,0,X|C,1
C,153,R,2,K,6,X,1,C,3,Y,47,S,1,X,3,X,1,R,1,C,3,K,5,S,1,Y,40,"L1:[sp=C,153] R=2,K=6,X=1,C=3,Y=47,S=1 || L2:[sp=X,3] X=1,R=1,C=3,K=5,S=1,Y=40",-inf,-inf,0,C|X,1
X,153,C,3,S,1,Y,70,X,1,R,1,K,37,Y,21,S,1,X,1,Y,1,C,1,K,13,R,1,"L1:[sp=X,153] C=3,S=1,Y=70,X=1,R=1,K=37 || L2:[sp=Y,21] S=1,X=1,Y=1,C=1,K=13,R=1",-729289.0,-163323000.0,1,X|Y,1
X,153,R,2,X,1,K,6,S,1,Y,47,C,2,C,3,X,1,R,1,C,1,K,5,S,1,Y,40,"L1:[sp=X,153] R=2,X=1,K=6,S=1,Y=47,C=2 || L2:[sp=C,3] X=1,R=1,C=1,K=5,S=1,Y=40",-881041.0,-163324000.0,1,X|C,1
X,153,R,2,X,1,K,6,C,3,Y,47,S,1,C,3,X,1,R,1,C,1,K,3,S,1,Y,40,"L1:[sp=X,153] R=2,X=1,K=6,C=3,Y=47,S=1 || L2:[sp=C,3] X=1,R=1,C=1,K=3,S=1,Y=40",-476521.0,-163324000.0,1,X|C,1
Y,153,C,1,S,1,Y,70,X,1,R,1,K,16,X,21,S,1,X,1,Y,1,C,1,K,13,R,1,"L1:[sp=Y,153] C=1,S=1,Y=70,X=1,R=1,K=16 || L2:[sp=X,21] S=1,X=1,Y=1,C=1,K=13,R=1",-27119233.0,-163323000.0,1,Y|X,1
X,153,R,2,X,1,K,6,C,3,Y,47,S,1,C,3,X,1,R,1,C,1,K,5,S,1,Y,40,"L1:[sp=X,153] R=2,X=1,K=6,C=3,Y=47,S=1 || L2:[sp=C,3] X=1,R=1,C=1,K=5,S=1,Y=40",-440521.0,-163324000.0,1,X|C,1
X,153,X,1,S,2,R,3,C,3,Y,126,K,16,Y,21,S,1,X,1,Y,1,C,2,K,10,R,1,"L1:[sp=X,153] X=1,S=2,R=3,C=3,Y=126,K=16 || L2:[sp=Y,21] S=1,X=1,Y=1,C=2,K=10,R=1",-1161665.0,-163323000.0,1,X|Y,1
X,153,C,3,X,54,Y,126,S,3,R,3,K,38,Y,21,K,13,S,3,Y,1,C,1,X,1,R,1,"L1:[sp=X,153] C=3,X=54,Y=126,S=3,R=3,K=38 || L2:[sp=Y,21] K=13,S=3,Y=1,C=1,X=1,R=1",-inf,-inf,0,X|Y,1
X,153,C,2,S,1,Y,135,K,16,X,119,R,2,Y,21,S,1,X,1,Y,1,K,13,C,1,R,1,"L1:[sp=X,153] C=2,S=1,Y=135,K=16,X=119,R=2 || L2:[sp=Y,21] S=1,X=1,Y=1,K=13,C=1,R=1",-inf,-inf,0,X|Y,1
X,153,R,3,X,140,K,6,C,3,Y,47,S,1,C,3,X,1,R,1,C,1,K,3,S,1,Y,40,"L1:[sp=X,153] R=3,X=140,K=6,C=3,Y=47,S=1 || L2:[sp=C,3] X=1,R=1,C=1,K=3,S=1,Y=40",-inf,-inf,0,X|C,1
X,153,R,2,K,6,X,1,C,3,Y,195,S,1,C,3,X,1,R,2,Y,33,K,5,S,1,C,1,"L1:[sp=X,153] R=2,K=6,X=1,C=3,Y=195,S=1 || L2:[sp=C,3] X=1,R=2,Y=33,K=5,S=1,C=1",-inf,-inf,0,X|C,1
X,153,X,1,S,1,Y,126,R,3,K,16,C,3,Y,21,S,1,X,1,Y,43,C,2,K,10,R,1,"L1:[sp=X,153] X=1,S=1,Y=126,R=3,K=16,C=3 || L2:[sp=Y,21] S=1,X=1,Y=43,C=2,K=10,R=1",-inf,-inf,0,X|Y,1
X,153,R,1,X,127,K,6,C,3,Y,126,S,1,C,3,X,1,R,1,C,1,K,5,S,1,Y,1,"L1:[sp=X,153] R=1,X=127,K=6,C=3,Y=126,S=1 || L2:[sp=C,3] X=1,R=1,C=1,K=5,S=1,Y=1",-inf,-inf,0,X|C,1
X,153,C,3,Y,122,S,1,X,1,R,2,K,38,Y,21,X,1,S,1,Y,40,C,1,K,13,R,1,"L1:[sp=X,153] C=3,Y=122,S=1,X=1,R=2,K=38 || L2:[sp=Y,21] X=1,S=1,Y=40,C=1,K=13,R=1",-inf,-inf,0,X|Y,1
X,153,C,2,S,1,Y,47,R,2,X,1,K,16,Y,21,S,1,X,1,Y,18,K,10,C,1,R,2,"L1:[sp=X,153] C=2,S=1,Y=47,R=2,X=1,K=16 || L2:[sp=Y,21] S=1,X=1,Y=18,K=10,C=1,R=2",-5812801.0,-163324000.0,1,X|Y,1
C,153,R,3,K,28,X,1,C,3,Y,91,S,1,C,3,X,1,R,1,C,1,K,5,S,1,Y,1,"L1:[sp=C,153] R=3,K=28,X=1,C=3,Y=91,S=1 || L2:[sp=C,3] X=1,R=1,C=1,K=5,S=1,Y=1",-29423521.0,-163323000.0,1,C|C,1
C,153,X,1,S,3,Y,126,R,3,K,16,C,3,Y,21,S,3,X,1,Y,86,C,2,K,10,R,1,"L1:[sp=C,153] X=1,S=3,Y=126,R=3,K=16,C=3 || L2:[sp=Y,21] S=3,X=1,Y=86,C=2,K=10,R=1",-inf,-inf,0,C|Y,1
X,153,C,3,X,1,Y,126,S,1,R,3,K,38,Y,21,X,1,S,1,Y,1,C,1,K,13,R,1,"L1:[sp=X,153] C=3,X=1,Y=126,S=1,R=3,K=38 || L2:[sp=Y,21] X=1,S=1,Y=1,C=1,K=13,R=1",-580945.0,-163324000.0,1,X|Y,1
X,153,C,2,S,1,Y,135,R,3,X,1,K,47,Y,21,S,1,X,1,Y,1,K,13,C,1,R,1,"L1:[sp=X,153] C=2,S=1,Y=135,R=3,X=1,K=47 || L2:[sp=Y,21] S=1,X=1,Y=1,K=13,C=1,R=1",-617569.0,-163324000.0,1,X|Y,1
X,153,R,2,X,1,K,6,C,3,Y,47,S,1,C,3,X,1,R,1,C,1,K,3,S,1,Y,40,"L1:[sp=X,153] R=2,X=1,K=6,C=3,Y=47,S=1 || L2:[sp=C,3] X=1,R=1,C=1,K=3,S=1,Y=40",-476521.0,-163324000.0,1,X|C,1
X,153,C,3,X,9,Y,126,S,1,R,2,K,38,Y,18,X,1,S,1,Y,91,C,1,K,13,R,1,"L1:[sp=X,153] C=3,X=9,Y=126,S=1,R=2,K=38 || L2:[sp=Y,18] X=1,S=1,Y=91,C=1,K=13,R=1",-inf,-inf,0,X|Y,1
X,153,R,3,X,165,K,6,C,3,Y,87,S,3,C,3,X,1,R,1,C,1,K,3,S,3,Y,40,"L1:[sp=X,153] R=3,X=165,K=6,C=3,Y=87,S=3 || L2:[sp=C,3] X=1,R=1,C=1,K=3,S=3,Y=40",-inf,-inf,0,X|C,1
X,153,C,2,S,1,Y,135,R,3,X,1,K,16,Y,21,S,1,X,1,Y,22,K,13,C,1,R,1,"L1:[sp=X,153] C=2,S=1,Y=135,R=3,X=1,K=16 || L2:[sp=Y,21] S=1,X=1,Y=22,K=13,C=1,R=1",-inf,-inf,0,X|Y,1
X,153,X,1,S,1,Y,126,R,3,K,16,C,3,Y,21,S,1,X,1,Y,1,C,2,K,10,R,1,"L1:[sp=X,153] X=1,S=1,Y=126,R=3,K=16,C=3 || L2:[sp=Y,21] S=1,X=1,Y=1,C=2,K=10,R=1",-581281.0,-163323000.0,1,X|Y,1
X,153,C,1,X,1,Y,126,S,2,R,3,K,38,K,38,X,1,S,1,Y,1,K,13,C,1,R,1,"L1:[sp=X,153] C=1,X=1,Y=126,S=2,R=3,K=38 || L2:[sp=K,38] X=1,S=1,Y=1,K=13,C=1,R=1",-17770369.0,-163323000.0,1,X|K,1
X,153,X,1,S,3,Y,126,R,3,K,16,C,3,Y,21,S,3,Y,1,X,1,C,2,K,10,R,1,"L1:[sp=X,153] X=1,S=3,Y=126,R=3,K=16,C=3 || L2:[sp=Y,21] S=3,Y=1,X=1,C=2,K=10,R=1",-580833.0,-163323000.0,1,X|Y,1
X,153,R,2,X,1,K,6,C,3,Y,47,S,1,C,3,X,1,R,1,C,1,K,5,S,1,Y,40,"L1:[sp=X,153] R=2,X=1,K=6,C=3,Y=47,S=1 || L2:[sp=C,3] X=1,R=1,C=1,K=5,S=1,Y=40",-440521.0,-163324000.0,1,X|C,1
Y,153,C,2,S,1,Y,47,R,2,X,1,K,16,X,21,S,1,X,1,Y,18,K,10,C,2,R,1,"L1:[sp=Y,153] C=2,S=1,Y=47,R=2,X=1,K=16 || L2:[sp=X,21] S=1,X=1,Y=18,K=10,C=2,R=1",-24783361.0,-163324000.0,1,Y|X,1
X,153,R,2,X,1,K,6,C,3,Y,47,S,1,C,3,X,1,R,2,C,1,K,5,S,1,Y,40,"L1:[sp=X,153] R=2,X=1,K=6,C=3,Y=47,S=1 || L2:[sp=C,3] X=1,R=2,C=1,K=5,S=1,Y=40",-572281.0,-163324000.0,1,X|C,1
X,153,X,1,S,1,R,3,C,3,Y,126,K,16,K,1,S,1,X,1,Y,1,C,2,K,10,R,1,"L1:[sp=X,153] X=1,S=1,R=3,C=3,Y=126,K=16 || L2:[sp=K,1] S=1,X=1,Y=1,C=2,K=10,R=1",-inf,-inf,0,X|K,1
X,153,C,1,X,1,Y,126,S,2,R,2,K,38,Y,21,X,1,S,1,Y,1,K,13,C,1,R,1,"L1:[sp=X,153] C=1,X=1,Y=126,S=2,R=2,K=38 || L2:[sp=Y,21] X=1,S=1,Y=1,K=13,C=1,R=1",-1162561.0,-163324000.0,1,X|Y,1
Y,153,C,2,S,1,Y,47,R,3,X,1,K,16,X,21,S,1,X,1,Y,18,K,10,C,1,R,2,"L1:[sp=Y,153] C=2,S=1,Y=47,R=3,X=1,K=16 || L2:[sp=X,21] S=1,X=1,Y=18,K=10,C=1,R=2",-18971905.0,-163323000.0,1,Y|X,1
X,153,C,2,S,1,Y,135,R,2,X,1,K,47,Y,21,S,1,X,1,Y,1,K,13,C,1,R,2,"L1:[sp=X,153] C=2,S=1,Y=135,R=2,X=1,K=47 || L2:[sp=Y,21] S=1,X=1,Y=1,K=13,C=1,R=2",-823873.0,-163324000.0,1,X|Y,1
X,153,X,1,S,1,Y,126,R,3,K,16,C,3,X,1,S,1,Y,1,X,1,C,2,K,10,R,1,"L1:[sp=X,153] X=1,S=1,Y=126,R=3,K=16,C=3 || L2:[sp=X,1] S=1,Y=1,X=1,C=2,K=10,R=1",-inf,-inf,0,X|X,1
X,153,K,47,S,3,Y,135,R,3,X,1,C,2,Y,21,S,2,X,1,Y,1,K,13,C,1,R,1,"L1:[sp=X,153] K=47,S=3,Y=135,R=3,X=1,C=2 || L2:[sp=Y,21] S=2,X=1,Y=1,K=13,C=1,R=1",-inf,-inf,0,X|Y,1
X,153,C,3,S,1,Y,47,R,2,X,1,K,47,Y,21,S,1,X,1,Y,40,K,13,C,1,R,1,"L1:[sp=X,153] C=3,S=1,Y=47,R=2,X=1,K=47 || L2:[sp=Y,21] S=1,X=1,Y=40,K=13,C=1,R=1",-inf,-inf,0,X|Y,1
X,153,R,3,X,1,K,6,S,1,Y,135,C,2,C,3,X,1,R,1,C,1,K,5,S,1,Y,1,"L1:[sp=X,153] R=3,X=1,K=6,S=1,Y=135,C=2 || L2:[sp=C,3] X=1,R=1,C=1,K=5,S=1,Y=1",-inf,-inf,0,X|C,1
X,153,R,2,X,1,K,6,C,3,Y,47,S,1,C,3,X,1,R,1,C,1,K,3,S,1,Y,40,"L1:[sp=X,153] R=2,X=1,K=6,C=3,Y=47,S=1 || L2:[sp=C,3] X=1,R=1,C=1,K=3,S=1,Y=40",-476521.0,-163324000.0,1,X|C,1
X,153,C,2,S,1,Y,47,R,1,X,1,K,16,Y,21,S,1,X,1,Y,3,K,10,C,1,R,1,"L1:[sp=X,153] C=2,S=1,Y=47,R=1,X=1,K=16 || L2:[sp=Y,21] S=1,X=1,Y=3,K=10,C=1,R=1",-735841.0,-163323000.0,1,X|Y,1
X,153,X,1,Y,126,R,3,C,3,S,1,K,16,Y,21,S,1,X,1,Y,1,C,2,K,2,R,1,"L1:[sp=X,153] X=1,Y=126,R=3,C=3,S=1,K=16 || L2:[sp=Y,21] S=1,X=1,Y=1,C=2,K=2,R=1",-581281.0,-163323000.0,1,X|Y,1
K,153,X,1,S,2,Y,126,R,3,K,16,C,3,Y,21,S,2,Y,1,X,1,C,2,K,10,R,1,"L1:[sp=K,153] X=1,S=2,Y=126,R=3,K=16,C=3 || L2:[sp=Y,21] S=2,Y=1,X=1,C=2,K=10,R=1",-1542269.0,-163323000.0,1,K|Y,1
Y,153,R,3,X,1,K,6,C,3,Y,47,S,1,C,3,X,1,R,1,C,1,K,3,Y,40,S,1,"L1:[sp=Y,153] R=3,X=1,K=6,C=3,Y=47,S=1 || L2:[sp=C,3] X=1,R=1,C=1,K=3,Y=40,S=1",-6527137.0,-163323000.0,1,Y|C,1
K,153,C,3,X,1,Y,126,S,1,R,2,K,38,Y,21,X,1,S,1,Y,1,C,1,K,13,R,1,"L1:[sp=K,153] C=3,X=1,Y=126,S=1,R=2,K=38 || L2:[sp=Y,21] X=1,S=1,Y=1,C=1,K=13,R=1",-2760577.0,-163323000.0,1,K|Y,1
X,153,R,2,X,1,K,6,C,3,Y,47,S,1,C,3,X,1,R,1,C,1,K,3,S,1,Y,40,"L1:[sp=X,153] R=2,X=1,K=6,C=3,Y=47,S=1 || L2:[sp=C,3] X=1,R=1,C=1,K=3,S=1,Y=40",-476521.0,-163324000.0,1,X|C,1
X,153,R,2,X,1,K,6,C,1,Y,47,S,1,C,3,Y,40,R,1,C,1,K,5,S,1,X,1,"L1:[sp=X,153] R=2,X=1,K=6,C=1,Y=47,S=1 || L2:[sp=C,3] Y=40,R=1,C=1,K=5,S=1,X=1",-1321561.0,-163324000.0,1,X|C,1
X,153,X,1,S,3,Y,126,R,2,K,16,C,3,Y,21,S,3,Y,1,X,1,C,2,K,10,R,1,"L1:[sp=X,153] X=1,S=3,Y=126,R=2,K=16,C=3 || L2:[sp=Y,21] S=3,Y=1,X=1,C=2,K=10,R=1",-581057.0,-163323000.0,1,X|Y,1
X,153,C,3,X,1,Y,126,S,1,R,3,K,38,Y,21,X,1,S,1,Y,1,C,1,K,13,R,1,"L1:[sp=X,153] C=3,X=1,Y=126,S=1,R=3,K=38 || L2:[sp=Y,21] X=1,S=1,Y=1,C=1,K=13,R=1",-580945.0,-163324000.0,1,X|Y,1
X,153,R,2,X,1,K,6,C,3,Y,47,S,1,C,3,X,1,R,1,C,1,K,5,S,1,Y,40,"L1:[sp=X,153] R=2,X=1,K=6,C=3,Y=47,S=1 || L2:[sp=C,3] X=1,R=1,C=1,K=5,S=1,Y=40",-440521.0,-163324000.0,1,X|C,1
X,153,R,2,X,1,K,6,C,3,Y,47,S,1,C,3,X,1,R,1,C,1,K,3,S,1,Y,40,"L1:[sp=X,153] R=2,X=1,K=6,C=3,Y=47,S=1 || L2:[sp=C,3] X=1,R=1,C=1,K=3,S=1,Y=40",-476521.0,-163324000.0,1,X|C,1
X,153,C,3,X,1,Y,126,S,1,R,3,K,59,Y,21,X,1,S,1,Y,1,C,1,K,13,R,1,"L1:[sp=X,153] C=3,X=1,Y=126,S=1,R=3,K=59 || L2:[sp=Y,21] X=1,S=1,Y=1,C=1,K=13,R=1",-inf,-inf,0,X|Y,1
X,153,C,3,X,50,Y,126,S,1,R,2,K,38,Y,21,K,13,S,1,Y,1,C,1,X,1,R,1,"L1:[sp=X,153] C=3,X=50,Y=126,S=1,R=2,K=38 || L2:[sp=Y,21] K=13,S=1,Y=1,C=1,X=1,R=1",-inf,-inf,0,X|Y,1
K,153,R,3,X,1,K,6,C,3,Y,47,S,3,X,1,X,1,R,1,C,1,K,3,S,1,Y,40,"L1:[sp=K,153] R=3,X=1,K=6,C=3,Y=47,S=3 || L2:[sp=X,1] X=1,R=1,C=1,K=3,S=1,Y=40",-22118971.0,-163323000.0,1,K|X,1
Y,153,R,2,X,1,K,6,C,3,Y,47,S,1,X,1,X,1,R,2,C,1,K,5,S,1,Y,40,"L1:[sp=Y,153] R=2,X=1,K=6,C=3,Y=47,S=1 || L2:[sp=X,1] X=1,R=2,C=1,K=5,S=1,Y=40",-23134273.0,-163324000.0,1,Y|X,1
X,153,R,2,X,1,K,6,C,3,Y,47,S,1,C,3,X,1,R,1,C,1,K,1,S,1,Y,40,"L1:[sp=X,153] R=2,X=1,K=6,C=3,Y=47,S=1 || L2:[sp=C,3] X=1,R=1,C=1,K=1,S=1,Y=40",-462121.0,-163323000.0,1,X|C,1
C,153,R,2,X,1,K,6,C,3,Y,47,S,3,X,3,X,1,R,1,C,1,K,5,S,1,Y,40,"L1:[sp=C,153] R=2,X=1,K=6,C=3,Y=47,S=3 || L2:[sp=X,3] X=1,R=1,C=1,K=5,S=1,Y=40",-73151221.0,-163323000.0,1,C|X,1
Y,153,X,1,Y,126,R,2,S,1,C,1,K,16,X,21,S,1,X,1,Y,1,C,1,K,2,R,1,"L1:[sp=Y,153] X=1,Y=126,R=2,S=1,C=1,K=16 || L2:[sp=X,21] S=1,X=1,Y=1,C=1,K=2,R=1",-49174273.0,-163323000.0,1,Y|X,1
Y,153,C,2,S,1,K,16,R,2,X,222,Y,47,X,21,S,1,X,1,Y,3,K,10,C,1,R,2,"L1:[sp=Y,153] C=2,S=1,K=16,R=2,X=222,Y=47 || L2:[sp=X,21] S=1,X=1,Y=3,K=10,C=1,R=2",-inf,-inf,0,Y|X,1
X,153,R,1,X,1,K,6,C,3,Y,47,S,1,C,3,X,1,C,1,R,1,K,5,S,1,Y,40,"L1:[sp=X,153] R=1,X=1,K=6,C=3,Y=47,S=1 || L2:[sp=C,3] X=1,C=1,R=1,K=5,S=1,Y=40",-430201.0,-163324000.0,1,X|C,1
X,153,X,1,Y,126,C,3,R,3,S,1,K,16,Y,21,S,1,X,1,Y,1,C,2,K,2,R,1,"L1:[sp=X,153] X=1,Y=126,C=3,R=3,S=1,K=16 || L2:[sp=Y,21] S=1,X=1,Y=1,C=2,K=2,R=1",-581281.0,-163323000.0,1,X|Y,1
Y,153,C,2,S,1,Y,28,X,6,R,1,K,16,X,21,S,1,X,1,Y,3,K,10,C,1,R,1,"L1:[sp=Y,153] C=2,S=1,Y=28,X=6,R=1,K=16 || L2:[sp=X,21] S=1,X=1,Y=3,K=10,C=1,R=1",-1841329.0,-163323000.0,1,Y|X,1
X,153,C,2,S,1,Y,47,R,3,X,1,K,16,Y,21,S,1,X,1,Y,3,K,10,C,1,R,1,"L1:[sp=X,153] C=2,S=1,Y=47,R=3,X=1,K=16 || L2:[sp=Y,21] S=1,X=1,Y=3,K=10,C=1,R=1",-729121.0,-163323000.0,1,X|Y,1
X,153,R,1,X,1,K,6,C,3,Y,47,S,1,C,3,X,1,R,1,C,1,K,5,S,1,Y,40,"L1:[sp=X,153] R=1,X=1,K=6,C=3,Y=47,S=1 || L2:[sp=C,3] X=1,R=1,C=1,K=5,S=1,Y=40",-430201.0,-163324000.0,1,X|C,1
X,153,X,90,S,1,Y,126,R,2,K,16,C,3,Y,21,S,1,Y,1,X,1,C,2,K,10,R,1,"L1:[sp=X,153] X=90,S=1,Y=126,R=2,K=16,C=3 || L2:[sp=Y,21] S=1,Y=1,X=1,C=2,K=10,R=1",-inf,-inf,0,X|Y,1
X,153,R,2,X,1,K,6,C,2,Y,47,S,3,C,3,X,1,R,2,C,1,K,5,S,3,Y,40,"L1:[sp=X,153] R=2,X=1,K=6,C=2,Y=47,S=3 || L2:[sp=C,3] X=1,R=2,C=1,K=5,S=3,Y=40",-inf,-inf,0,X|C,1
Y,153,X,1,S,1,Y,135,R,2,C,2,K,47,X,21,S,1,X,1,Y,1,K,13,C,1,R,2,"L1:[sp=Y,153] X=1,S=1,Y=135,R=2,C=2,K=47 || L2:[sp=X,21] S=1,X=1,Y=1,K=13,C=1,R=2",-74032897.0,-163323000.0,1,Y|X,1
X,153,R,3,X,1,C,3,K,6,Y,47,S,2,C,3,X,1,R,2,C,1,K,5,S,1,Y,40,"L1:[sp=X,153] R=3,X=1,C=3,K=6,Y=47,S=2 || L2:[sp=C,3] X=1,R=2,C=1,K=5,S=1,Y=40",-900801.0,-163324000.0,1,X|C,1
K,153,R,2,X,1,K,6,C,3,Y,47,S,1,C,3,X,1,R,2,C,1,K,5,S,1,Y,16,"L1:[sp=K,153] R=2,X=1,K=6,C=3,Y=47,S=1 || L2:[sp=C,3] X=1,R=2,C=1,K=5,S=1,Y=16",-3796801.0,-163323000.0,1,K|C,1
X,153,C,2,S,1,Y,135,R,2,X,1,K,47,Y,21,S,1,X,1,Y,89,K,13,C,2,R,1,"L1:[sp=X,153] C=2,S=1,Y=135,R=2,X=1,K=47 || L2:[sp=Y,21] S=1,X=1,Y=89,K=13,C=2,R=1",-inf,-inf,0,X|Y,1
X,153,R,1,X,1,K,6,C,3,Y,47,S,1,C,3,X,1,C,1,R,1,K,5,S,1,Y,40,"L1:[sp=X,153] R=1,X=1,K=6,C=3,Y=47,S=1 || L2:[sp=C,3] X=1,C=1,R=1,K=5,S=1,Y=40",-430201.0,-163324000.0,1,X|C,1
X,153,R,3,X,1,K,6,C,3,Y,47,S,1,C,3,X,1,C,1,R,1,K,5,S,1,Y,40,"L1:[sp=X,153] R=3,X=1,K=6,C=3,Y=47,S=1 || L2:[sp=C,3] X=1,C=1,R=1,K=5,S=1,Y=40",-450841.0,-163324000.0,1,X|C,1
X,153,X,1,Y,126,C,3,R,1,S,1,K,16,Y,21,S,1,X,1,Y,1,C,2,R,1,K,2,"L1:[sp=X,153] X=1,Y=126,C=3,R=1,S=1,K=16 || L2:[sp=Y,21] S=1,X=1,Y=1,C=2,R=1,K=2",-534241.0,-163323000.0,1,X|Y,1
X,153,R,3,X,1,K,6,C,3,Y,47,S,2,C,3,X,1,C,2,R,2,K,5,S,1,Y,40,"L1:[sp=X,153] R=3,X=1,K=6,C=3,Y=47,S=2 || L2:[sp=C,3] X=1,C=2,R=2,K=5,S=1,Y=40",-inf,-inf,0,X|C,1
X,153,R,1,Y,47,C,3,K,6,X,1,S,1,C,3,X,1,R,1,C,1,K,5,S,1,Y,40,"L1:[sp=X,153] R=1,Y=47,C=3,K=6,X=1,S=1 || L2:[sp=C,3] X=1,R=1,C=1,K=5,S=1,Y=40",-430201.0,-163324000.0,1,X|C,1
X,153,R,2,X,1,K,12,Y,47,C,3,S,1,C,3,X,1,R,1,C,1,K,10,S,1,Y,40,"L1:[sp=X,153] R=2,X=1,K=12,Y=47,C=3,S=1 || L2:[sp=C,3] X=1,R=1,C=1,K=10,S=1,Y=40",-inf,-inf,0,X|C,1
C,153,R,2,X,1,K,6,C,3,Y,47,S,1,C,3,X,1,R,1,C,1,K,1,S,1,Y,40,"L1:[sp=C,153] R=2,X=1,K=6,C=3,Y=47,S=1 || L2:[sp=C,3] X=1,R=1,C=1,K=1,S=1,Y=40",-25878721.0,-163323000.0,1,C|C,1
X,153,R,3,X,1,K,6,C,3,Y,27,S,1,C,3,X,1,R,1,C,1,K,5,S,1,Y,27,"L1:[sp=X,153] R=3,X=1,K=6,C=3,Y=27,S=1 || L2:[sp=C,3] X=1,R=1,C=1,K=5,S=1,Y=27",-515053.0,-163323000.0,1,X|C,1
X,153,X,110,Y,126,C,3,R,2,S,1,K,16,Y,21,S,1,K,2,Y,1,C,2,X,1,R,1,"L1:[sp=X,153] X=110,Y=126,C=3,R=2,S=1,K=16 || L2:[sp=Y,21] S=1,K=2,Y=1,C=2,X=1,R=1",-inf,-inf,0,X|Y,1
X,153,R,3,X,1,K,6,C,3,Y,47,S,1,C,3,C,1,R,2,X,1,K,1,S,1,Y,40,"L1:[sp=X,153] R=3,X=1,K=6,C=3,Y=47,S=1 || L2:[sp=C,3] C=1,R=2,X=1,K=1,S=1,Y=40",-472981.0,-163323000.0,1,X|C,1
X,153,R,2,X,137,C,3,K,6,Y,130,S,1,C,3,X,1,R,1,C,1,K,5,S,1,Y,40,"L1:[sp=X,153] R=2,X=137,C=3,K=6,Y=130,S=1 || L2:[sp=C,3] X=1,R=1,C=1,K=5,S=1,Y=40",-inf,-inf,0,X|C,1
X,153,C,2,S,1,Y,47,R,3,X,1,K,16,Y,21,S,1,X,1,Y,3,K,10,C,1,R,1,"L1:[sp=X,153] C=2,S=1,Y=47,R=3,X=1,K=16 || L2:[sp=Y,21] S=1,X=1,Y=3,K=10,C=1,R=1",-729121.0,-163323000.0,1,X|Y,1
X,153,R,1,X,1,K,6,S,1,Y,47,C,3,C,3,X,1,R,1,C,1,K,5,S,1,Y,40,"L1:[sp=X,153] R=1,X=1,K=6,S=1,Y=47,C=3 || L2:[sp=C,3] X=1,R=1,C=1,K=5,S=1,Y=40",-430201.0,-163324000.0,1,X|C,1
C,153,R,1,X,1,K,6,C,3,Y,47,S,1,X,3,X,1,R,1,C,1,K,5,S,1,Y,40,"L1:[sp=C,153] R=1,X=1,K=6,C=3,Y=47,S=1 || L2:[sp=X,3] X=1,R=1,C=1,K=5,S=1,Y=40",-72051841.0,-163323000.0,1,C|X,1
X,153,X,98,Y,126,C,3,R,3,S,1,K,16,Y,21,S,1,X,1,Y,1,C,2,K,2,R,1,"L1:[sp=X,153] X=98,Y=126,C=3,R=3,S=1,K=16 || L2:[sp=Y,21] S=1,X=1,Y=1,C=2,K=2,R=1",-inf,-inf,0,X|Y,1
X,153,R,1,X,1,K,6,C,3,Y,47,S,1,C,3,X,1,C,3,R,1,K,5,S,1,Y,40,"L1:[sp=X,153] R=1,X=1,K=6,C=3,Y=47,S=1 || L2:[sp=C,3] X=1,C=3,R=1,K=5,S=1,Y=40",-inf,-inf,0,X|C,1
X,153,Y,47,R,2,K,6,C,3,X,1,S,1,C,3,X,1,R,1,C,1,K,3,S,1,Y,40,"L1:[sp=X,153] Y=47,R=2,K=6,C=3,X=1,S=1 || L2:[sp=C,3] X=1,R=1,C=1,K=3,S=1,Y=40",-476521.0,-163324000.0,1,X|C,1
X,153,R,3,X,1,Y,47,K,6,C,3,S,2,C,3,X,1,R,2,C,1,K,3,S,1,Y,40,"L1:[sp=X,153] R=3,X=1,Y=47,K=6,C=3,S=2 || L2:[sp=C,3] X=1,R=2,C=1,K=3,S=1,Y=40",-974601.0,-163324000.0,1,X|C,1
X,153,C,2,S,1,Y,47,R,3,X,1,K,16,Y,21,S,1,X,1,Y,3,K,10,C,1,R,1,"L1:[sp=X,153] C=2,S=1,Y=47,R=3,X=1,K=16 || L2:[sp=Y,21] S=1,X=1,Y=3,K=10,C=1,R=1",-729121.0,-163323000.0,1,X|Y,1
X,153,C,3,S,2,Y,47,R,3,X,1,K,16,Y,21,K,10,X,1,R,2,S,1,C,1,Y,40,"L1:[sp=X,153] C=3,S=2,Y=47,R=3,X=1,K=16 || L2:[sp=Y,21] K=10,X=1,R=2,S=1,C=1,Y=40",-inf,-inf,0,X|Y,1
X,153,R,1,X,1,C,3,K,6,Y,47,S,1,C,3,X,1,R,1,C,1,K,5,S,1,Y,3,"L1:[sp=X,153] R=1,X=1,C=3,K=6,Y=47,S=1 || L2:[sp=C,3] X=1,R=1,C=1,K=5,S=1,Y=3",-493885.0,-163323000.0,1,X|C,1
X,153,R,1,X,1,K,6,C,3,Y,47,S,1,C,3,X,1,C,1,R,1,K,5,S,1,Y,40,"L1:[sp=X,153] R=1,X=1,K=6,C=3,Y=47,S=1 || L2:[sp=C,3] X=1,C=1,R=1,K=5,S=1,Y=40",-430201.0,-163324000.0,1,X|C,1
X,153,R,1,Y,47,C,3,K,6,X,1,S,1,C,3,X,1,R,1,C,1,K,5,S,1,Y,40,"L1:[sp=X,153] R=1,Y=47,C=3,K=6,X=1,S=1 || L2:[sp=C,3] X=1,R=1,C=1,K=5,S=1,Y=40",-430201.0,-163324000.0,1,X|C,1
X,153,C,3,X,119,K,6,Y,199,R,3,S,1,C,3,X,1,C,1,R,1,K,5,S,1,Y,40,"L1:[sp=X,153] C=3,X=119,K=6,Y=199,R=3,S=1 || L2:[sp=C,3] X=1,C=1,R=1,K=5,S=1,Y=40",-inf,-inf,0,X|C,1
X,153,R,3,X,1,K,6,C,3,Y,27,S,1,C,3,X,1,R,1,S,1,K,5,C,1,Y,27,"L1:[sp=X,153] R=3,X=1,K=6,C=3,Y=27,S=1 || L2:[sp=C,3] X=1,R=1,S=1,K=5,C=1,Y=27",-515053.0,-163323000.0,1,X|C,1
X,153,Y,47,R,2,K,6,C,1,X,1,S,1,C,3,R,1,X,1,C,1,K,3,S,1,Y,40,"L1:[sp=X,153] Y=47,R=2,K=6,C=1,X=1,S=1 || L2:[sp=C,3] R=1,X=1,C=1,K=3,S=1,Y=40",-1429561.0,-163324000.0,1,X|C,1
X,153,R,1,X,1,K,6,S,1,Y,47,C,3,C,3,X,1,R,1,C,3,K,5,S,1,Y,40,"L1:[sp=X,153] R=1,X=1,K=6,S=1,Y=47,C=3 || L2:[sp=C,3] X=1,R=1,C=3,K=5,S=1,Y=40",-inf,-inf,0,X|C,1
X,153,R,1,X,1,K,15,C,3,Y,47,S,1,C,3,X,1,C,3,Y,40,K,5,S,1,R,1,"L1:[sp=X,153] R=1,X=1,K=15,C=3,Y=47,S=1 || L2:[sp=C,3] X=1,C=3,Y=40,K=5,S=1,R=1",-inf,-inf,0,X|C,1
X,153,R,1,X,1,C,3,K,6,Y,47,S,1,C,3,X,1,R,1,C,1,K,5,S,1,Y,10,"L1:[sp=X,153] R=1,X=1,C=3,K=6,Y=47,S=1 || L2:[sp=C,3] X=1,R=1,C=1,K=5,S=1,Y=10",-496081.0,-163323000.0,1,X|C,1
X,153,Y,133,R,2,K,6,C,3,X,1,S,1,C,3,X,1,R,1,C,1,K,3,S,1,Y,40,"L1:[sp=X,153] Y=133,R=2,K=6,C=3,X=1,S=1 || L2:[sp=C,3] X=1,R=1,C=1,K=3,S=1,Y=40",-inf,-inf,0,X|C,1
Y,153,R,3,K,6,X,1,C,3,Y,47,S,1,X,1,Y,40,R,2,C,1,K,5,S,1,X,1,"L1:[sp=Y,153] R=3,K=6,X=1,C=3,Y=47,S=1 || L2:[sp=X,1] Y=40,R=2,C=1,K=5,S=1,X=1",-18084865.0,-163324000.0,1,Y|X,1
X,153,R,3,X,1,K,6,C,3,Y,27,S,1,C,3,C,1,R,1,X,1,K,6,S,1,Y,27,"L1:[sp=X,153] R=3,X=1,K=6,C=3,Y=27,S=1 || L2:[sp=C,3] C=1,R=1,X=1,K=6,S=1,Y=27",-557173.0,-163324000.0,1,X|C,1
X,153,R,1,X,1,C,3,K,6,Y,47,S,3,C,3,X,1,R,1,C,1,K,5,S,1,Y,3,"L1:[sp=X,153] R=1,X=1,C=3,K=6,Y=47,S=3 || L2:[sp=C,3] X=1,R=1,C=1,K=5,S=1,Y=3",-1476373.0,-163324000.0,1,X|C,1
X,153,R,1,Y,47,C,3,K,6,X,1,S,1,C,3,X,1,R,1,C,1,K,5,S,1,Y,40,"L1:[sp=X,153] R=1,Y=47,C=3,K=6,X=1,S=1 || L2:[sp=C,3] X=1,R=1,C=1,K=5,S=1,Y=40",-430201.0,-163324000.0,1,X|C,1
X,153,R,3,X,1,K,15,C,3,Y,51,S,1,C,3,X,1,C,1,R,3,K,5,S,1,Y,40,"L1:[sp=X,153] R=3,X=1,K=15,C=3,Y=51,S=1 || L2:[sp=C,3] X=1,C=1,R=3,K=5,S=1,Y=40",-inf,-inf,0,X|C,1
C,153,R,1,X,1,C,3,K,6,Y,47,S,1,X,3,X,1,R,1,C,1,K,5,S,1,Y,3,"L1:[sp=C,153] R=1,X=1,C=3,K=6,Y=47,S=1 || L2:[sp=X,3] X=1,R=1,C=1,K=5,S=1,Y=3",-82750753.0,-163323000.0,1,C|X,1
X,153,R,1,K,6,C,3,Y,47,X,1,S,1,C,3,X,1,R,1,C,1,K,5,S,1,Y,40,"L1:[sp=X,153] R=1,K=6,C=3,Y=47,X=1,S=1 || L2:[sp=C,3] X=1,R=1,C=1,K=5,S=1,Y=40",-430201.0,-163324000.0,1,X|C,1
X,153,R,1,X,1,K,6,C,3,Y,47,S,1,C,3,X,1,C,2,Y,37,K,5,S,1,R,1,"L1:[sp=X,153] R=1,X=1,K=6,C=3,Y=47,S=1 || L2:[sp=C,3] X=1,C=2,Y=37,K=5,S=1,R=1",-inf,-inf,0,X|C,1
C,153,R,1,X,1,C,3,K,6,Y,47,S,1,X,3,X,1,R,1,C,1,K,5,S,1,Y,40,"L1:[sp=C,153] R=1,X=1,C=3,K=6,Y=47,S=1 || L2:[sp=X,3] X=1,R=1,C=1,K=5,S=1,Y=40",-72051841.0,-163323000.0,1,C|X,1
X,153,R,1,X,1,K,6,C,1,Y,47,S,1,C,3,X,1,C,1,R,1,K,5,S,1,Y,3,"L1:[sp=X,153] R=1,X=1,K=6,C=1,Y=47,S=1 || L2:[sp=C,3] X=1,C=1,R=1,K=5,S=1,Y=3",-1481653.0,-163323000.0,1,X|C,1
X,153,R,1,X,1,K,6,C,3,Y,47,S,1,C,3,X,1,C,1,R,1,K,6,S,1,Y,3,"L1:[sp=X,153] R=1,X=1,K=6,C=3,Y=47,S=1 || L2:[sp=C,3] X=1,C=1,R=1,K=6,S=1,Y=3",-534205.0,-163323000.0,1,X|C,1
X,153,R,3,X,1,C,3,K,41,Y,47,S,1,C,3,X,1,Y,40,C,1,K,5,S,1,R,1,"L1:[sp=X,153] R=3,X=1,C=3,K=41,Y=47,S=1 || L2:[sp=C,3] X=1,Y=40,C=1,K=5,S=1,R=1",-inf,-inf,0,X|C,1
X,153,R,1,X,1,K,6,C,3,Y,47,S,1,C,3,X,1,C,1,R,1,K,5,S,1,Y,40,"L1:[sp=X,153] R=1,X=1,K=6,C=3,Y=47,S=1 || L2:[sp=C,3] X=1,C=1,R=1,K=5,S=1,Y=40",-430201.0,-163324000.0,1,X|C,1
X,153,C,3,K,6,S,1,Y,47,X,1,R,1,C,3,X,1,R,1,C,1,K,5,S,1,Y,40,"L1:[sp=X,153] C=3,K=6,S=1,Y=47,X=1,R=1 || L2:[sp=C,3] X=1,R=1,C=1,K=5,S=1,Y=40",-430201.0,-163324000.0,1,X|C,1
C,153,R,3,X,66,K,6,C,3,Y,27,S,1,C,3,X,1,R,1,S,1,K,5,C,1,Y,27,"L1:[sp=C,153] R=3,X=66,K=6,C=3,Y=27,S=1 || L2:[sp=C,3] X=1,R=1,S=1,K=5,C=1,Y=27",-28777573.0,-163324000.0,1,C|C,1
X,153,R,1,X,1,K,13,C,3,Y,82,S,1,C,3,X,1,C,1,R,1,K,6,S,1,Y,3,"L1:[sp=X,153] R=1,X=1,K=13,C=3,Y=82,S=1 || L2:[sp=C,3] X=1,C=1,R=1,K=6,S=1,Y=3",-inf,-inf,0,X|C,1
K,153,R,1,K,6,C,3,X,1,Y,47,S,1,C,3,X,1,R,1,C,1,K,5,S,1,Y,40,"L1:[sp=K,153] R=1,K=6,C=3,X=1,Y=47,S=1 || L2:[sp=C,3] X=1,R=1,C=1,K=5,S=1,Y=40",-2368801.0,-163324000.0,1,K|C,1
X,153,R,1,X,1,C,3,K,6,Y,47,S,1,C,1,X,1,R,1,C,1,K,5,S,1,Y,14,"L1:[sp=X,153] R=1,X=1,C=3,K=6,Y=47,S=1 || L2:[sp=C,1] X=1,R=1,C=1,K=5,S=1,Y=14",-inf,-inf,0,X|C,1
X,153,R,1,X,1,K,18,C,3,Y,47,S,1,C,3,X,1,C,1,R,1,K,13,S,1,Y,40,"L1:[sp=X,153] R=1,X=1,K=18,C=3,Y=47,S=1 || L2:[sp=C,3] X=1,C=1,R=1,K=13,S=1,Y=40",-inf,-inf,0,X|C,1
Y,153,R,1,X,1,C,3,K,6,Y,47,S,1,C,3,X,1,R,1,C,1,K,5,S,1,Y,40,"L1:[sp=Y,153] R=1,X=1,C=3,K=6,Y=47,S=1 || L2:[sp=C,3] X=1,R=1,C=1,K=5,S=1,Y=40",-5802049.0,-163324000.0,1,Y|C,1
X,153,R,1,K,6,C,3,Y,47,S,1,X,1,C,3,X,1,R,1,C,1,K,5,S,1,Y,10,"L1:[sp=X,153] R=1,K=6,C=3,Y=47,S=1,X=1 || L2:[sp=C,3] X=1,R=1,C=1,K=5,S=1,Y=10",-496081.0,-163323000.0,1,X|C,1
X,153,R,1,X,1,K,6,C,3,Y,47,S,1,X,1,X,1,C,1,R,1,K,5,S,1,Y,40,"L1:[sp=X,153] R=1,X=1,K=6,C=3,Y=47,S=1 || L2:[sp=X,1] X=1,C=1,R=1,K=5,S=1,Y=40",-inf,-inf,0,X|X,1
X,153,R,1,K,6,C,3,Y,47,X,1,S,1,Y,1,X,1,R,1,C,1,K,5,S,1,Y,40,"L1:[sp=X,153] R=1,K=6,C=3,Y=47,X=1,S=1 || L2:[sp=Y,1] X=1,R=1,C=1,K=5,S=1,Y=40",-inf,-inf,0,X|Y,1
X,153,C,3,X,1,R,1,K,6,Y,47,S,1,C,1,X,1,R,1,C,1,K,1,S,1,Y,10,"L1:[sp=X,153] C=3,X=1,R=1,K=6,Y=47,S=1 || L2:[sp=C,1] X=1,R=1,C=1,K=1,S=1,Y=10",-inf,-inf,0,X|C,1
X,153,R,3,X,1,K,6,C,3,Y,27,S,3,X,1,X,1,R,1,S,1,K,5,C,1,Y,21,"L1:[sp=X,153] R=3,X=1,K=6,C=3,Y=27,S=3 || L2:[sp=X,1] X=1,R=1,S=1,K=5,C=1,Y=21",-inf,-inf,0,X|X,1
X,153,R,1,X,1,K,6,C,3,Y,47,S,1,C,3,X,1,C,1,R,1,K,5,S,1,Y,40,"L1:[sp=X,153] R=1,X=1,K=6,C=3,Y=47,S=1 || L2:[sp=C,3] X=1,C=1,R=1,K=5,S=1,Y=40",-430201.0,-163324000.0,1,X|C,1
X,153,R,1,K,6,X,1,C,3,Y,47,S,1,C,1,X,1,C,1,R,1,K,4,S,1,Y,3,"L1:[sp=X,153] R=1,K=6,X=1,C=3,Y=47,S=1 || L2:[sp=C,1] X=1,C=1,R=1,K=4,S=1,Y=3",-inf,-inf,0,X|C,1
X,153,R,3,X,1,K,6,C,2,Y,27,S,1,C,3,X,1,R,1,S,1,K,5,Y,27,C,1,"L1:[sp=X,153] R=3,X=1,K=6,C=2,Y=27,S=1 || L2:[sp=C,3] X=1,R=1,S=1,K=5,Y=27,C=1",-1030105.0,-163323000.0,1,X|C,1
X,153,Y,47,K,6,C,3,R,1,X,137,S,1,X,137,X,1,R,1,C,1,Y,40,S,1,K,5,"L1:[sp=X,153] Y=47,K=6,C=3,R=1,X=137,S=1 || L2:[sp=X,137] X=1,R=1,C=1,Y=40,S=1,K=5",-inf,-inf,0,X|X,1
C,153,Y,47,R,2,K,6,C,1,X,1,S,1,C,3,S,1,X,1,C,1,K,3,R,1,Y,40,"L1:[sp=C,153] Y=47,R=2,K=6,C=1,X=1,S=1 || L2:[sp=C,3] S=1,X=1,C=1,K=3,R=1,Y=40",-26685121.0,-163323000.0,1,C|C,1
X,153,R,1,K,6,C,3,Y,47,X,1,S,3,C,3,X,1,R,1,C,1,K,5,S,1,Y,40,"L1:[sp=X,153] R=1,K=6,C=3,Y=47,X=1,S=3 || L2:[sp=C,3] X=1,R=1,C=1,K=5,S=1,Y=40",-1285321.0,-163324000.0,1,X|C,1
X,153,R,1,K,6,C,3,Y,47,X,1,S,1,C,3,X,1,R,1,C,1,K,5,S,1,Y,40,"L1:[sp=X,153] R=1,K=6,C=3,Y=47,X=1,S=1 || L2:[sp=C,3] X=1,R=1,C=1,K=5,S=1,Y=40",-430201.0,-163324000.0,1,X|C,1
X,153,R,1,X,1,K,6,C,3,Y,47,S,1,C,3,X,1,C,1,R,1,K,5,S,1,Y,40,"L1:[sp=X,153] R=1,X=1,K=6,C=3,Y=47,S=1 || L2:[sp=C,3] X=1,C=1,R=1,K=5,S=1,Y=40",-430201.0,-163324000.0,1,X|C,1
X,153,R,1,X,1,K,6,C,3,Y,47,S,1,C,3,X,1,C,1,R,1,K,5,S,1,Y,40,"L1:[sp=X,153] R=1,X=1,K=6,C=3,Y=47,S=1 || L2:[sp=C,3] X=1,C=1,R=1,K=5,S=1,Y=40",-430201.0,-163324000.0,1,X|C,1
X,153,R,3,K,6,C,3,Y,47,X,1,S,1,C,3,X,1,R,1,K,5,C,1,S,1,Y,40,"L1:[sp=X,153] R=3,K=6,C=3,Y=47,X=1,S=1 || L2:[sp=C,3] X=1,R=1,K=5,C=1,S=1,Y=40",-450841.0,-163324000.0,1,X|C,1
C,153,R,1,X,1,K,6,C,3,Y,27,S,3,X,3,X,1,R,1,S,1,K,5,Y,27,C,1,"L1:[sp=C,153] R=1,X=1,K=6,C=3,Y=27,S=3 || L2:[sp=X,3] X=1,R=1,S=1,K=5,Y=27,C=1",-88914997.0,-163323000.0,1,C|X,1
X,153,C,3,S,1,K,6,Y,156,X,1,R,1,C,3,X,1,R,1,C,1,K,5,S,1,Y,40,"L1:[sp=X,153] C=3,S=1,K=6,Y=156,X=1,R=1 || L2:[sp=C,3] X=1,R=1,C=1,K=5,S=1,Y=40",-inf,-inf,0,X|C,1
K,153,R,1,K,6,C,3,X,1,Y,47,S,1,C,3,X,1,R,1,C,1,K,5,S,1,Y,34,"L1:[sp=K,153] R=1,K=6,C=3,X=1,Y=47,S=1 || L2:[sp=C,3] X=1,R=1,C=1,K=5,S=1,Y=34",-2852641.0,-163323000.0,1,K|C,1
K,153,R,1,X,1,C,3,K,6,Y,47,S,1,C,3,X,1,R,1,C,1,K,5,S,1,Y,10,"L1:[sp=K,153] R=1,X=1,C=3,K=6,Y=47,S=1 || L2:[sp=C,3] X=1,R=1,C=1,K=5,S=1,Y=10",-2731681.0,-163323000.0,1,K|C,1
X,153,R,1,K,6,C,3,Y,47,S,1,X,1,C,3,X,1,R,1,C,1,K,5,S,1,Y,40,"L1:[sp=X,153] R=1,K=6,C=3,Y=47,S=1,X=1 || L2:[sp=C,3] X=1,R=1,C=1,K=5,S=1,Y=40",-430201.0,-163324000.0,1,X|C,1
X,153,R,1,K,61,C,3,Y,47,X,202,S,1,C,3,X,1,R,1,C,1,K,5,S,1,Y,40,"L1:[sp=X,153] R=1,K=61,C=3,Y=47,X=202,S=1 || L2:[sp=C,3] X=1,R=1,C=1,K=5,S=1,Y=40",-inf,-inf,0,X|C,1
X,153,R,1,X,1,K,6,C,3,Y,63,S,3,C,3,X,1,C,1,R,1,S,1,K,5,Y,40,"L1:[sp=X,153] R=1,X=1,K=6,C=3,Y=63,S=3 || L2:[sp=C,3] X=1,C=1,R=1,S=1,K=5,Y=40",-1397185.0,-163324000.0,1,X|C,1
K,153,R,1,K,6,C,3,X,1,Y,47,S,3,C,3,X,1,R,1,C,1,K,5,S,3,Y,40,"L1:[sp=K,153] R=1,K=6,C=3,X=1,Y=47,S=3 || L2:[sp=C,3] X=1,R=1,C=1,K=5,S=3,Y=40",-inf,-inf,0,K|C,1
Y,153,R,1,X,1,C,3,Y,47,K,6,S,1,C,3,X,1,R,1,C,1,K,5,S,1,Y,40,"L1:[sp=Y,153] R=1,X=1,C=3,Y=47,K=6,S=1 || L2:[sp=C,3] X=1,R=1,C=1,K=5,S=1,Y=40",-5802049.0,-163324000.0,1,Y|C,1
X,153,R,1,X,1,K,6,C,2,Y,47,S,1,C,3,X,1,R,1,S,1,K,5,Y,40,C,1,"L1:[sp=X,153] R=1,X=1,K=6,C=2,Y=47,S=1 || L2:[sp=C,3] X=1,R=1,S=1,K=5,Y=40,C=1",-860401.0,-163324000.0,1,X|C,1
X,153,R,3,K,6,C,2,Y,27,X,1,S,1,C,3,X,1,R,3,C,1,K,5,S,1,Y,27,"L1:[sp=X,153] R=3,K=6,C=2,Y=27,X=1,S=1 || L2:[sp=C,3] X=1,R=3,C=1,K=5,S=1,Y=27",-1069633.0,-163324000.0,1,X|C,1
X,153,C,3,K,6,S,3,Y,47,X,31,R,1,C,3,X,1,R,1,C,1,K,5,S,3,Y,40,"L1:[sp=X,153] C=3,K=6,S=3,Y=47,X=31,R=1 || L2:[sp=C,3] X=1,R=1,C=1,K=5,S=3,Y=40",-inf,-inf,0,X|C,1
X,153,R,1,S,1,C,1,Y,47,X,1,K,6,C,3,X,1,R,1,C,1,K,2,S,1,Y,40,"L1:[sp=X,153] R=1,S=1,C=1,Y=47,X=1,K=6 || L2:[sp=C,3] X=1,R=1,C=1,K=2,S=1,Y=40",-1353781.0,-163323000.0,1,X|C,1
C,153,R,3,X,1,K,6,C,2,Y,27,S,1,X,3,X,1,R,1,S,1,K,5,Y,1,C,1,"L1:[sp=C,153] R=3,X=1,K=6,C=2,Y=27,S=1 || L2:[sp=X,3] X=1,R=1,S=1,K=5,Y=1,C=1",-59095009.0,-163323000.0,1,C|X,1
Y,153,R,1,X,1,C,3,K,6,Y,47,S,2,C,3,X,1,R,1,C,1,K,5,S,1,Y,40,"L1:[sp=Y,153] R=1,X=1,C=3,K=6,Y=47,S=2 || L2:[sp=C,3] X=1,R=1,C=1,K=5,S=1,Y=40",-11522857.0,-163324000.0,1,Y|C,1
X,153,R,1,K,6,C,3,Y,47,X,1,S,3,C,3,X,1,R,1,C,1,K,5,S,1,Y,40,"L1:[sp=X,153] R=1,K=6,C=3,Y=47,X=1,S=3 || L2:[sp=C,3] X=1,R=1,C=1,K=5,S=1,Y=40",-1285321.0,-163324000.0,1,X|C,1
X,153,R,1,K,6,Y,47,C,3,X,1,S,1,C,3,X,1,R,1,C,1,K,5,S,1,Y,40,"L1:[sp=X,153] R=1,K=6,Y=47,C=3,X=1,S=1 || L2:[sp=C,3] X=1,R=1,C=1,K=5,S=1,Y=40",-430201.0,-163324000.0,1,X|C,1
X,153,R,1,K,6,C,3,Y,12,X,1,S,1,C,3,X,1,R,1,C,1,K,5,S,1,Y,12,"L1:[sp=X,153] R=1,K=6,C=3,Y=12,X=1,S=1 || L2:[sp=C,3] X=1,R=1,C=1,K=5,S=1,Y=12",-508213.0,-163323000.0,1,X|C,1
X,153,R,1,X,1,K,6,C,3,Y,47,S,1,C,3,X,1,C,1,R,1,K,5,S,1,Y,40,"L1:[sp=X,153] R=1,X=1,K=6,C=3,Y=47,S=1 || L2:[sp=C,3] X=1,C=1,R=1,K=5,S=1,Y=40",-430201.0,-163324000.0,1,X|C,1
X,153,R,2,K,6,X,1,Y,47,C,2,S,2,C,3,X,1,R,1,C,1,K,5,S,1,Y,40,"L1:[sp=X,153] R=2,K=6,X=1,Y=47,C=2,S=2 || L2:[sp=C,3] X=1,R=1,C=1,K=5,S=1,Y=40",-1758561.0,-163324000.0,1,X|C,1
X,153,R,1,X,1,K,6,C,3,Y,12,S,1,C,3,X,1,R,1,S,1,K,5,Y,3,C,1,"L1:[sp=X,153] R=1,X=1,K=6,C=3,Y=12,S=1 || L2:[sp=C,3] X=1,R=1,S=1,K=5,Y=3,C=1",-501625.0,-163323000.0,1,X|C,1
X,153,R,1,Y,47,K,6,C,3,X,1,S,1,C,3,X,1,R,1,C,2,K,5,S,1,Y,40,"L1:[sp=X,153] R=1,Y=47,K=6,C=3,X=1,S=1 || L2:[sp=C,3] X=1,R=1,C=2,K=5,S=1,Y=40",-inf,-inf,0,X|C,1
X,153,R,1,K,6,C,3,Y,47,S,1,X,1,Y,47,X,1,R,1,C,1,K,5,S,1,Y,40,"L1:[sp=X,153] R=1,K=6,C=3,Y=47,S=1,X=1 || L2:[sp=Y,47] X=1,R=1,C=1,K=5,S=1,Y=40",-24742126.0,-163323000.0,1,X|Y,1
X,153,R,3,K,6,C,2,Y,27,X,1,S,1,C,3,X,1,R,3,C,1,K,5,S,1,Y,27,"L1:[sp=X,153] R=3,K=6,C=2,Y=27,X=1,S=1 || L2:[sp=C,3] X=1,R=3,C=1,K=5,S=1,Y=27",-1069633.0,-163324000.0,1,X|C,1
C,153,R,1,K,6,C,3,Y,47,S,1,X,1,C,3,X,1,R,1,C,1,K,6,S,1,Y,40,"L1:[sp=C,153] R=1,K=6,C=3,Y=47,S=1,X=1 || L2:[sp=C,3] X=1,R=1,C=1,K=6,S=1,Y=40",-inf,-inf,0,C|C,1
X,153,R,1,K,6,Y,47,C,1,X,82,S,1,C,3,X,1,R,1,C,1,K,5,S,1,Y,40,"L1:[sp=X,153] R=1,K=6,Y=47,C=1,X=82,S=1 || L2:[sp=C,3] X=1,R=1,C=1,K=5,S=1,Y=40",-inf,-inf,0,X|C,1
X,153,R,1,K,6,C,3,Y,47,S,1,X,1,C,3,X,1,R,1,C,3,K,5,S,1,Y,40,"L1:[sp=X,153] R=1,K=6,C=3,Y=47,S=1,X=1 || L2:[sp=C,3] X=1,R=1,C=3,K=5,S=1,Y=40",-inf,-inf,0,X|C,1
X,153,R,1,X,1,C,3,Y,47,S,1,K,6,X,1,X,1,R,1,C,1,K,5,S,1,Y,40,"L1:[sp=X,153] R=1,X=1,C=3,Y=47,S=1,K=6 || L2:[sp=X,1] X=1,R=1,C=1,K=5,S=1,Y=40",-inf,-inf,0,X|X,1
X,153,R,1,C,3,K,6,X,1,Y,47,S,1,C,3,X,1,C,1,S,1,K,5,R,1,Y,40,"L1:[sp=X,153] R=1,C=3,K=6,X=1,Y=47,S=1 || L2:[sp=C,3] X=1,C=1,S=1,K=5,R=1,Y=40",-430201.0,-163324000.0,1,X|C,1
C,153,R,1,K,6,C,3,Y,47,S,1,X,1,X,3,X,1,R,1,C,1,K,5,S,1,Y,40,"L1:[sp=C,153] R=1,K=6,C=3,Y=47,S=1,X=1 || L2:[sp=X,3] X=1,R=1,C=1,K=5,S=1,Y=40",-72051841.0,-163323000.0,1,C|X,1
X,153,R,3,K,6,C,3,Y,47,X,1,S,1,C,3,Y,40,R,1,K,5,X,1,S,1,C,1,"L1:[sp=X,153] R=3,K=6,C=3,Y=47,X=1,S=1 || L2:[sp=C,3] Y=40,R=1,K=5,X=1,S=1,C=1",-450841.0,-163324000.0,1,X|C,1
X,153,R,1,X,223,K,6,C,2,Y,47,S,1,C,3,X,1,R,1,S,1,K,5,Y,40,C,1,"L1:[sp=X,153] R=1,X=223,K=6,C=2,Y=47,S=1 || L2:[sp=C,3] X=1,R=1,S=1,K=5,Y=40,C=1",-inf,-inf,0,X|C,1
X,153,R,1,K,6,C,3,Y,47,S,1,X,1,C,3,X,1,R,1,C,1,K,5,S,1,Y,40,"L1:[sp=X,153] R=1,K=6,C=3,Y=47,S=1,X=1 || L2:[sp=C,3] X=1,R=1,C=1,K=5,S=1,Y=40",-430201.0,-163324000.0,1,X|C,1
X,153,R,1,X,1,K,6,C,3,Y,47,S,1,C,3,X,1,C,1,R,1,K,5,S,1,Y,40,"L1:[sp=X,153] R=1,X=1,K=6,C=3,Y=47,S=1 || L2:[sp=C,3] X=1,C=1,R=1,K=5,S=1,Y=40",-430201.0,-163324000.0,1,X|C,1
X,153,R,1,K,6,C,3,Y,47,X,1,S,3,C,3,X,1,R,1,C,1,K,5,S,1,Y,40,"L1:[sp=X,153] R=1,K=6,C=3,Y=47,X=1,S=3 || L2:[sp=C,3] X=1,R=1,C=1,K=5,S=1,Y=40",-1285321.0,-163324000.0,1,X|C,1
X,153,R,2,K,6,Y,47,C,3,X,1,S,1,C,3,X,1,R,1,C,1,K,5,S,1,Y,40,"L1:[sp=X,153] R=2,K=6,Y=47,C=3,X=1,S=1 || L2:[sp=C,3] X=1,R=1,C=1,K=5,S=1,Y=40",-440521.0,-163324000.0,1,X|C,1
X,153,R,1,K,6,C,3,Y,12,X,1,S,1,C,3,X,1,R,1,K,5,S,1,C,1,Y,12,"L1:[sp=X,153] R=1,K=6,C=3,Y=12,X=1,S=1 || L2:[sp=C,3] X=1,R=1,K=5,S=1,C=1,Y=12",-508213.0,-163323000.0,1,X|C,1
X,153,S,1,K,6,C,3,Y,47,X,1,R,1,C,3,X,1,R,1,K,5,C,1,S,1,Y,40,"L1:[sp=X,153] S=1,K=6,C=3,Y=47,X=1,R=1 || L2:[sp=C,3] X=1,R=1,K=5,C=1,S=1,Y=40",-430201.0,-163324000.0,1,X|C,1
X,153,R,3,X,1,K,3,C,2,Y,47,S,1,C,3,X,1,R,1,S,1,K,3,Y,40,C,1,"L1:[sp=X,153] R=3,X=1,K=3,C=2,Y=47,S=1 || L2:[sp=C,3] X=1,R=1,S=1,K=3,Y=40,C=1",-976801.0,-163323000.0,1,X|C,1
X,153,R,1,X,1,K,6,C,3,Y,47,S,1,C,3,X,1,C,1,R,1,K,5,S,1,Y,40,"L1:[sp=X,153] R=1,X=1,K=6,C=3,Y=47,S=1 || L2:[sp=C,3] X=1,C=1,R=1,K=5,S=1,Y=40",-430201.0,-163324000.0,1,X|C,1
X,153,R,1,K,6,C,3,Y,47,S,1,X,1,C,3,X,1,R,1,C,1,K,1,S,1,Y,40,"L1:[sp=X,153] R=1,K=6,C=3,Y=47,S=1,X=1 || L2:[sp=C,3] X=1,R=1,C=1,K=1,S=1,Y=40",-451261.0,-163323000.0,1,X|C,1
C,153,R,1,K,6,C,3,Y,12,X,1,S,1,X,3,X,1,R,1,K,5,S,1,C,1,Y,12,"L1:[sp=C,153] R=1,K=6,C=3,Y=12,X=1,S=1 || L2:[sp=X,3] X=1,R=1,K=5,S=1,C=1,Y=12",-84536929.0,-163323000.0,1,C|X,1
C,153,R,1,K,16,C,3,Y,12,X,1,S,2,X,3,X,1,R,1,K,5,S,1,C,1,Y,12,"L1:[sp=C,153] R=1,K=16,C=3,Y=12,X=1,S=2 || L2:[sp=X,3] X=1,R=1,K=5,S=1,C=1,Y=12",-87960121.0,-163323000.0,1,C|X,1
X,153,R,3,K,6,C,3,Y,47,X,1,S,1,C,3,Y,40,R,1,K,5,X,1,S,1,C,1,"L1:[sp=X,153] R=3,K=6,C=3,Y=47,X=1,S=1 || L2:[sp=C,3] Y=40,R=1,K=5,X=1,S=1,C=1",-450841.0,-163324000.0,1,X|C,1
X,153,R,1,C,3,K,6,X,1,Y,47,S,1,C,1,X,1,C,1,S,1,K,5,R,1,Y,40,"L1:[sp=X,153] R=1,C=3,K=6,X=1,Y=47,S=1 || L2:[sp=C,1] X=1,C=1,S=1,K=5,R=1,Y=40",-inf,-inf,0,X|C,1
X,153,R,1,X,202,C,3,K,6,Y,47,S,1,C,3,X,1,C,1,R,1,K,5,S,1,Y,40,"L1:[sp=X,153] R=1,X=202,C=3,K=6,Y=47,S=1 || L2:[sp=C,3] X=1,C=1,R=1,K=5,S=1,Y=40",-inf,-inf,0,X|C,1
K,153,C,3,K,6,Y,12,R,1,X,1,S,3,C,3,X,1,R,1,K,5,S,1,C,1,Y,12,"L1:[sp=K,153] C=3,K=6,Y=12,R=1,X=1,S=3 || L2:[sp=C,3] X=1,R=1,K=5,S=1,C=1,Y=12",-8212447.0,-163323000.0,1,K|C,1
X,153,R,1,X,1,K,6,C,3,Y,47,S,1,C,3,S,1,C,1,R,1,K,5,X,1,Y,44,"L1:[sp=X,153] R=1,X=1,K=6,C=3,Y=47,S=1 || L2:[sp=C,3] S=1,C=1,R=1,K=5,X=1,Y=44",-inf,-inf,0,X|C,1
C,153,R,1,X,1,K,49,C,2,Y,47,S,1,X,3,X,1,C,1,R,1,K,5,S,1,Y,40,"L1:[sp=C,153] R=1,X=1,K=49,C=2,Y=47,S=1 || L2:[sp=X,3] X=1,C=1,R=1,K=5,S=1,Y=40",-50339521.0,-163324000.0,1,C|X,1
X,153,R,1,K,6,C,3,Y,12,X,1,S,1,C,3,X,1,R,1,K,6,S,1,Y,12,C,1,"L1:[sp=X,153] R=1,K=6,C=3,Y=12,X=1,S=1 || L2:[sp=C,3] X=1,R=1,K=6,S=1,Y=12,C=1",-549253.0,-163323000.0,1,X|C,1
X,153,S,1,K,6,C,2,Y,112,X,1,R,1,C,3,X,1,R,1,C,1,K,5,S,1,Y,40,"L1:[sp=X,153] S=1,K=6,C=2,Y=112,X=1,R=1 || L2:[sp=C,3] X=1,R=1,C=1,K=5,S=1,Y=40",-985393.0,-163324000.0,1,X|C,1
X,153,R,3,X,1,K,6,C,3,Y,12,S,1,C,3,X,1,R,1,C,1,K,5,Y,3,S,1,"L1:[sp=X,153] R=3,X=1,K=6,C=3,Y=12,S=1 || L2:[sp=C,3] X=1,R=1,C=1,K=5,Y=3,S=1",-573469.0,-163323000.0,1,X|C,1
X,153,S,1,K,6,C,3,Y,47,X,1,R,2,C,3,Y,40,R,1,K,6,C,1,S,1,X,1,"L1:[sp=X,153] S=1,K=6,C=3,Y=47,X=1,R=2 || L2:[sp=C,3] Y=40,R=1,K=6,C=1,S=1,X=1",-inf,-inf,0,X|C,1
X,153,R,1,K,6,Y,47,C,1,X,161,S,1,C,3,X,1,R,1,C,1,K,5,S,1,Y,40,"L1:[sp=X,153] R=1,K=6,Y=47,C=1,X=161,S=1 || L2:[sp=C,3] X=1,R=1,C=1,K=5,S=1,Y=40",-inf,-inf,0,X|C,1
X,153,R,1,K,6,C,3,Y,47,S,1,X,1,C,3,X,1,R,1,C,1,K,4,S,1,Y,40,"L1:[sp=X,153] R=1,K=6,C=3,Y=47,S=1,X=1 || L2:[sp=C,3] X=1,R=1,C=1,K=4,S=1,Y=40",-451261.0,-163324000.0,1,X|C,1
C,153,R,1,C,3,K,6,X,1,Y,47,S,1,X,3,X,1,C,1,S,1,K,5,R,1,Y,40,"L1:[sp=C,153] R=1,C=3,K=6,X=1,Y=47,S=1 || L2:[sp=X,3] X=1,C=1,S=1,K=5,R=1,Y=40",-72051841.0,-163323000.0,1,C|X,1
X,153,R,1,X,1,K,6,C,3,Y,47,S,1,C,3,X,1,C,1,S,1,K,5,Y,40,R,1,"L1:[sp=X,153] R=1,X=1,K=6,C=3,Y=47,S=1 || L2:[sp=C,3] X=1,C=1,S=1,K=5,Y=40,R=1",-430201.0,-163324000.0,1,X|C,1
X,153,R,1,X,1,K,6,C,3,Y,12,S,1,C,3,X,1,C,3,K,5,R,1,S,1,Y,3,"L1:[sp=X,153] R=1,X=1,K=6,C=3,Y=12,S=1 || L2:[sp=C,3] X=1,C=3,K=5,R=1,S=1,Y=3",-1489825.0,-163323000.0,1,X|C,1
X,153,S,1,K,6,C,3,Y,12,X,1,R,1,C,3,X,1,R,1,K,5,C,1,S,1,Y,12,"L1:[sp=X,153] S=1,K=6,C=3,Y=12,X=1,R=1 || L2:[sp=C,3] X=1,R=1,K=5,C=1,S=1,Y=12",-508213.0,-163323000.0,1,X|C,1
X,153,R,1,K,6,C,3,Y,47,X,1,S,1,C,3,X,1,S,1,K,5,Y,40,C,1,R,1,"L1:[sp=X,153] R=1,K=6,C=3,Y=47,X=1,S=1 || L2:[sp=C,3] X=1,S=1,K=5,Y=40,C=1,R=1",-430201.0,-163324000.0,1,X|C,1
X,153,R,1,X,1,K,6,C,3,Y,47,S,1,C,3,X,1,C,1,R,1,K,5,S,1,Y,40,"L1:[sp=X,153] R=1,X=1,K=6,C=3,Y=47,S=1 || L2:[sp=C,3] X=1,C=1,R=1,K=5,S=1,Y=40",-430201.0,-163324000.0,1,X|C,1
X,153,R,1,X,1,K,6,C,1,Y,172,S,1,C,3,X,1,C,1,R,1,K,5,S,1,Y,43,"L1:[sp=X,153] R=1,X=1,K=6,C=1,Y=172,S=1 || L2:[sp=C,3] X=1,C=1,R=1,K=5,S=1,Y=43",-inf,-inf,0,X|C,1
K,153,R,1,K,6,C,3,Y,138,X,1,S,1,C,3,X,1,R,1,K,6,S,1,Y,12,C,1,"L1:[sp=K,153] R=1,K=6,C=3,Y=138,X=1,S=1 || L2:[sp=C,3] X=1,R=1,K=6,S=1,Y=12,C=1",-2761921.0,-163323000.0,1,K|C,1
X,153,S,1,K,6,C,3,Y,12,X,221,R,1,C,3,X,1,R,1,S,1,C,1,K,5,Y,12,"L1:[sp=X,153] S=1,K=6,C=3,Y=12,X=221,R=1 || L2:[sp=C,3] X=1,R=1,S=1,C=1,K=5,Y=12",-27664894.0,-163323000.0,1,X|C,1
X,153,R,2,K,6,C,3,Y,47,X,1,S,2,C,3,X,1,S,1,K,5,Y,40,C,1,R,1,"L1:[sp=X,153] R=2,K=6,C=3,Y=47,X=1,S=2 || L2:[sp=C,3] X=1,S=1,K=5,Y=40,C=1,R=1",-879281.0,-163324000.0,1,X|C,1
X,153,R,1,K,36,S,1,Y,12,X,1,C,3,C,3,X,1,R,1,K,6,S,1,Y,12,C,3,"L1:[sp=X,153] R=1,K=36,S=1,Y=12,X=1,C=3 || L2:[sp=C,3] X=1,R=1,K=6,S=1,Y=12,C=3",-1626553.0,-163324000.0,1,X|C,1
X,153,R,1,K,6,X,157,Y,47,S,1,C,3,C,3,X,1,R,1,C,1,K,1,S,1,Y,40,"L1:[sp=X,153] R=1,K=6,X=157,Y=47,S=1,C=3 || L2:[sp=C,3] X=1,R=1,C=1,K=1,S=1,Y=40",-inf,-inf,0,X|C,1
X,153,R,1,X,1,K,6,C,3,Y,47,S,1,X,1,X,1,K,5,S,1,C,1,Y,40,R,1,"L1:[sp=X,153] R=1,X=1,K=6,C=3,Y=47,S=1 || L2:[sp=X,1] X=1,K=5,S=1,C=1,Y=40,R=1",-inf,-inf,0,X|X,1
C,153,R,1,K,6,C,3,Y,47,X,196,S,1,X,3,X,1,S,1,K,5,Y,40,C,1,R,1,"L1:[sp=C,153] R=1,K=6,C=3,Y=47,X=196,S=1 || L2:[sp=X,3] X=1,S=1,K=5,Y=40,C=1,R=1",-inf,-inf,0,C|X,1
X,153,R,1,X,1,K,6,C,3,Y,47,S,1,C,3,X,1,C,2,S,1,K,5,Y,40,R,1,"L1:[sp=X,153] R=1,X=1,K=6,C=3,Y=47,S=1 || L2:[sp=C,3] X=1,C=2,S=1,K=5,Y=40,R=1",-inf,-inf,0,X|C,1
X,153,C,3,X,1,K,6,R,1,Y,47,S,1,C,3,X,1,C,1,R,1,K,5,S,1,Y,40,"L1:[sp=X,153] C=3,X=1,K=6,R=1,Y=47,S=1 || L2:[sp=C,3] X=1,C=1,R=1,K=5,S=1,Y=40",-430201.0,-163324000.0,1,X|C,1
X,153,R,1,K,6,C,3,Y,12,X,1,S,1,C,3,X,1,R,1,K,6,S,1,Y,12,C,1,"L1:[sp=X,153] R=1,K=6,C=3,Y=12,X=1,S=1 || L2:[sp=C,3] X=1,R=1,K=6,S=1,Y=12,C=1",-549253.0,-163323000.0,1,X|C,1
X,153,R,1,X,1,K,6,C,2,Y,47,S,1,C,3,X,1,C,1,S,1,K,5,Y,40,R,1,"L1:[sp=X,153] R=1,X=1,K=6,C=2,Y=47,S=1 || L2:[sp=C,3] X=1,C=1,S=1,K=5,Y=40,R=1",-860401.0,-163324000.0,1,X|C,1
X,153,R,1,K,6,C,3,Y,47,S,1,X,1,C,3,X,1,R,1,C,1,K,4,S,1,Y,40,"L1:[sp=X,153] R=1,K=6,C=3,Y=47,S=1,X=1 || L2:[sp=C,3] X=1,R=1,C=1,K=4,S=1,Y=40",-451261.0,-163324000.0,1,X|C,1
X,153,R,1,K,6,C,3,Y,47,S,1,X,1,C,3,X,1,S,1,K,6,Y,40,C,1,R,1,"L1:[sp=X,153] R=1,K=6,C=3,Y=47,S=1,X=1 || L2:[sp=C,3] X=1,S=1,K=6,Y=40,C=1,R=1",-inf,-inf,0,X|C,1
X,153,K,6,R,1,C,3,Y,47,S,1,X,1,C,3,X,1,R,1,C,1,K,2,S,1,Y,40,"L1:[sp=X,153] K=6,R=1,C=3,Y=47,S=1,X=1 || L2:[sp=C,3] X=1,R=1,C=1,K=2,S=1,Y=40",-451261.0,-163324000.0,1,X|C,1
X,153,S,1,K,6,C,3,Y,12,R,1,X,1,C,3,X,1,R,1,K,5,C,1,S,1,Y,12,"L1:[sp=X,153] S=1,K=6,C=3,Y=12,R=1,X=1 || L2:[sp=C,3] X=1,R=1,K=5,C=1,S=1,Y=12",-508213.0,-163323000.0,1,X|C,1
X,153,R,1,X,1,K,6,C,3,Y,47,S,1,C,3,X,1,C,1,S,1,K,5,Y,9,R,1,"L1:[sp=X,153] R=1,X=1,K=6,C=3,Y=47,S=1 || L2:[sp=C,3] X=1,C=1,S=1,K=5,Y=9,R=1",-493885.0,-163323000.0,1,X|C,1
X,153,R,1,K,6,C,2,Y,47,S,1,X,1,C,3,X,1,R,1,C,1,K,1,S,1,Y,40,"L1:[sp=X,153] R=1,K=6,C=2,Y=47,S=1,X=1 || L2:[sp=C,3] X=1,R=1,C=1,K=1,S=1,Y=40",-902521.0,-163323000.0,1,X|C,1
X,153,R,1,K,6,C,3,Y,47,S,1,X,1,C,3,X,1,R,1,C,1,K,3,S,1,Y,22,"L1:[sp=X,153] R=1,K=6,C=3,Y=47,S=1,X=1 || L2:[sp=C,3] X=1,R=1,C=1,K=3,S=1,Y=22",-508069.0,-163323000.0,1,X|C,1
X,153,S,1,K,6,C,3,Y,12,X,1,R,2,C,3,X,1,R,1,K,5,C,1,S,1,Y,12,"L1:[sp=X,153] S=1,K=6,C=3,Y=12,X=1,R=2 || L2:[sp=C,3] X=1,R=1,K=5,C=1,S=1,Y=12",-521077.0,-163323000.0,1,X|C,1
X,153,R,1,X,1,K,6,C,3,Y,47,S,1,C,3,X,1,C,1,R,1,K,5,S,1,Y,40,"L1:[sp=X,153] R=1,X=1,K=6,C=3,Y=47,S=1 || L2:[sp=C,3] X=1,C=1,R=1,K=5,S=1,Y=40",-430201.0,-163324000.0,1,X|C,1
X,153,R,1,K,6,C,3,Y,47,S,1,X,1,C,3,X,1,R,1,C,1,K,3,S,1,Y,22,"L1:[sp=X,153] R=1,K=6,C=3,Y=47,S=1,X=1 || L2:[sp=C,3] X=1,R=1,C=1,K=3,S=1,Y=22",-508069.0,-163323000.0,1,X|C,1
Y,153,K,6,R,1,C,3,Y,47,S,1,X,1,Y,47,X,1,R,1,Y,40,K,2,S,1,C,1,"L1:[sp=Y,153] K=6,R=1,C=3,Y=47,S=1,X=1 || L2:[sp=Y,47] X=1,R=1,Y=40,K=2,S=1,C=1",-31010113.0,-163323000.0,1,Y|Y,1
X,153,X,1,K,46,C,3,Y,47,S,1,R,1,C,3,X,1,R,1,C,1,K,4,S,1,Y,40,"L1:[sp=X,153] X=1,K=46,C=3,Y=47,S=1,R=1 || L2:[sp=C,3] X=1,R=1,C=1,K=4,S=1,Y=40",-inf,-inf,0,X|C,1
C,153,K,2,R,1,C,3,Y,47,S,1,X,1,X,3,X,1,R,1,C,1,K,2,S,1,Y,40,"L1:[sp=C,153] K=2,R=1,C=3,Y=47,S=1,X=1 || L2:[sp=X,3] X=1,R=1,C=1,K=2,S=1,Y=40",-75801601.0,-163323000.0,1,C|X,1
X,153,C,3,X,1,K,6,R,1,Y,47,S,1,C,3,R,1,X,1,C,1,K,1,S,1,Y,40,"L1:[sp=X,153] C=3,X=1,K=6,R=1,Y=47,S=1 || L2:[sp=C,3] R=1,X=1,C=1,K=1,S=1,Y=40",-451261.0,-163323000.0,1,X|C,1
X,153,K,6,X,1,R,1,C,3,Y,47,S,1,C,3,X,1,C,1,R,1,K,5,S,1,Y,40,"L1:[sp=X,153] K=6,X=1,R=1,C=3,Y=47,S=1 || L2:[sp=C,3] X=1,C=1,R=1,K=5,S=1,Y=40",-430201.0,-163324000.0,1,X|C,1
X,153,C,3,X,1,K,14,R,1,Y,12,S,1,C,3,C,1,X,1,R,1,K,5,S,1,Y,12,"L1:[sp=X,153] C=3,X=1,K=14,R=1,Y=12,S=1 || L2:[sp=C,3] C=1,X=1,R=1,K=5,S=1,Y=12",-536941.0,-163323000.0,1,X|C,1
X,153,S,1,K,6,C,3,Y,47,R,1,X,1,K,6,X,1,R,1,K,5,C,1,S,1,Y,40,"L1:[sp=X,153] S=1,K=6,C=3,Y=47,R=1,X=1 || L2:[sp=K,6] X=1,R=1,K=5,C=1,S=1,Y=40",-2320561.0,-163324000.0,1,X|K,1
X,153,R,1,X,1,K,6,C,3,Y,89,S,1,C,3,X,1,C,1,S,1,K,5,Y,22,R,1,"L1:[sp=X,153] R=1,X=1,K=6,C=3,Y=89,S=1 || L2:[sp=C,3] X=1,C=1,S=1,K=5,Y=22,R=1",-490897.0,-163324000.0,1,X|C,1
X,153,R,1,K,6,C,3,Y,47,S,1,X,1,C,3,X,1,R,1,C,1,K,3,S,1,Y,9,"L1:[sp=X,153] R=1,K=6,C=3,Y=47,S=1,X=1 || L2:[sp=C,3] X=1,R=1,C=1,K=3,S=1,Y=9",-534205.0,-163323000.0,1,X|C,1
X,153,K,6,R,1,C,3,Y,47,S,1,X,1,C,3,X,1,R,1,K,3,C,2,S,1,Y,40,"L1:[sp=X,153] K=6,R=1,C=3,Y=47,S=1,X=1 || L2:[sp=C,3] X=1,R=1,K=3,C=2,S=1,Y=40",-928621.0,-163324000.0,1,X|C,1
X,153,S,1,K,6,C,3,Y,12,X,1,R,2,X,1,X,1,R,1,K,5,C,1,S,1,Y,12,"L1:[sp=X,153] S=1,K=6,C=3,Y=12,X=1,R=2 || L2:[sp=X,1] X=1,R=1,K=5,C=1,S=1,Y=12",-776599.0,-163323000.0,1,X|X,1
X,153,R,1,K,20,C,3,Y,47,S,1,X,1,C,3,X,1,Y,40,C,1,K,6,S,1,R,1,"L1:[sp=X,153] R=1,K=20,C=3,Y=47,S=1,X=1 || L2:[sp=C,3] X=1,Y=40,C=1,K=6,S=1,R=1",-inf,-inf,0,X|C,1
X,153,R,1,X,105,K,6,C,3,Y,47,S,1,C,3,X,1,C,2,R,1,K,5,S,1,Y,40,"L1:[sp=X,153] R=1,X=105,K=6,C=3,Y=47,S=1 || L2:[sp=C,3] X=1,C=2,R=1,K=5,S=1,Y=40",-inf,-inf,0,X|C,1
X,153,R,1,X,1,K,6,C,3,Y,23,S,1,C,3,X,1,C,1,R,1,K,5,S,1,Y,23,"L1:[sp=X,153] R=1,X=1,K=6,C=3,Y=23,S=1 || L2:[sp=C,3] X=1,C=1,R=1,K=5,S=1,Y=23",-509041.0,-163323000.0,1,X|C,1
X,153,R,3,K,6,C,3,Y,47,S,1,X,1,C,3,X,1,R,2,C,1,K,4,S,1,Y,40,"L1:[sp=X,153] R=3,K=6,C=3,Y=47,S=1,X=1 || L2:[sp=C,3] X=1,R=2,C=1,K=4,S=1,Y=40",-472981.0,-163324000.0,1,X|C,1
X,153,K,4,R,3,C,3,Y,47,S,1,X,1,C,3,X,1,R,1,C,1,K,2,S,1,Y,40,"L1:[sp=X,153] K=4,R=3,C=3,Y=47,S=1,X=1 || L2:[sp=C,3] X=1,R=1,C=1,K=2,S=1,Y=40",-473281.0,-163323000.0,1,X|C,1
X,153,C,3,X,174,K,6,R,1,Y,47,S,1,C,3,X,1,C,1,R,1,K,1,S,1,Y,40,"L1:[sp=X,153] C=3,X=174,K=6,R=1,Y=47,S=1 || L2:[sp=C,3] X=1,C=1,R=1,K=1,S=1,Y=40",-inf,-inf,0,X|C,1
X,153,R,2,K,6,C,3,Y,12,S,1,X,1,C,3,X,1,R,1,C,1,K,4,S,1,Y,12,"L1:[sp=X,153] R=2,K=6,C=3,Y=12,S=1,X=1 || L2:[sp=C,3] X=1,R=1,C=1,K=4,S=1,Y=12",-546457.0,-163323000.0,1,X|C,1
Y,153,Y,47,K,6,C,3,S,1,R,1,X,1,C,3,X,1,R,1,K,1,C,2,S,1,Y,40,"L1:[sp=Y,153] Y=47,K=6,C=3,S=1,R=1,X=1 || L2:[sp=C,3] X=1,R=1,K=1,C=2,S=1,Y=40",-12150433.0,-163323000.0,1,Y|C,1
X,153,R,1,X,1,K,6,C,3,Y,47,S,1,C,3,X,1,C,1,R,1,K,5,S,1,Y,40,"L1:[sp=X,153] R=1,X=1,K=6,C=3,Y=47,S=1 || L2:[sp=C,3] X=1,C=1,R=1,K=5,S=1,Y=40",-430201.0,-163324000.0,1,X|C,1
X,153,C,3,X,1,K,6,R,1,Y,47,S,1,C,3,X,1,C,1,R,1,K,5,S,1,Y,40,"L1:[sp=X,153] C=3,X=1,K=6,R=1,Y=47,S=1 || L2:[sp=C,3] X=1,C=1,R=1,K=5,S=1,Y=40",-430201.0,-163324000.0,1,X|C,1
X,153,C,3,X,214,R,1,K,6,Y,47,S,1,C,3,X,1,C,1,R,1,K,5,S,1,Y,40,"L1:[sp=X,153] C=3,X=214,R=1,K=6,Y=47,S=1 || L2:[sp=C,3] X=1,C=1,R=1,K=5,S=1,Y=40",-inf,-inf,0,X|C,1
X,153,R,3,K,6,C,3,Y,47,S,1,X,74,C,3,X,1,R,2,C,1,K,3,S,1,Y,40,"L1:[sp=X,153] R=3,K=6,C=3,Y=47,S=1,X=74 || L2:[sp=C,3] X=1,R=2,C=1,K=3,S=1,Y=40",-inf,-inf,0,X|C,1
X,153,R,1,K,6,C,3,Y,47,S,1,X,23,C,3,X,1,R,1,C,1,K,4,S,1,Y,9,"L1:[sp=X,153] R=1,K=6,C=3,Y=47,S=1,X=23 || L2:[sp=C,3] X=1,R=1,C=1,K=4,S=1,Y=9",-inf,-inf,0,X|C,1
X,153,C,3,Y,47,K,6,R,1,X,1,S,1,C,3,R,1,X,1,C,1,K,1,S,1,Y,40,"L1:[sp=X,153] C=3,Y=47,K=6,R=1,X=1,S=1 || L2:[sp=C,3] R=1,X=1,C=1,K=1,S=1,Y=40",-451261.0,-163323000.0,1,X|C,1
X,153,R,1,X,1,K,6,C,3,Y,47,S,1,K,1,X,1,R,1,C,1,K,5,S,1,Y,40,"L1:[sp=X,153] R=1,X=1,K=6,C=3,Y=47,S=1 || L2:[sp=K,1] X=1,R=1,C=1,K=5,S=1,Y=40",-inf,-inf,0,X|K,1
X,153,R,1,X,1,K,6,C,3,Y,89,S,1,C,3,X,1,C,1,S,1,K,5,Y,22,R,1,"L1:[sp=X,153] R=1,X=1,K=6,C=3,Y=89,S=1 || L2:[sp=C,3] X=1,C=1,S=1,K=5,Y=22,R=1",-490897.0,-163324000.0,1,X|C,1
X,153,R,1,K,6,C,3,Y,47,S,1,X,1,X,1,X,1,R,1,C,1,K,3,S,1,Y,22,"L1:[sp=X,153] R=1,K=6,C=3,Y=47,S=1,X=1 || L2:[sp=X,1] X=1,R=1,C=1,K=3,S=1,Y=22",-inf,-inf,0,X|X,1
C,153,C,3,X,1,K,6,R,1,Y,47,S,1,X,3,R,1,X,1,C,1,K,1,S,1,Y,40,"L1:[sp=C,153] C=3,X=1,K=6,R=1,Y=47,S=1 || L2:[sp=X,3] R=1,X=1,C=1,K=1,S=1,Y=40",-75589921.0,-163323000.0,1,C|X,1
X,153,R,1,X,1,K,6,C,3,Y,47,S,1,C,3,X,1,C,1,R,1,K,1,S,1,Y,40,"L1:[sp=X,153] R=1,X=1,K=6,C=3,Y=47,S=1 || L2:[sp=C,3] X=1,C=1,R=1,K=1,S=1,Y=40",-451261.0,-163323000.0,1,X|C,1
X,153,K,4,R,1,C,3,Y,47,S,1,X,1,C,3,X,1,R,1,C,3,K,2,S,1,Y,36,"L1:[sp=X,153] K=4,R=1,C=3,Y=47,S=1,X=1 || L2:[sp=C,3] X=1,R=1,C=3,K=2,S=1,Y=36",-1551169.0,-163324000.0,1,X|C,1
X,153,R,3,K,37,C,3,Y,47,S,1,X,1,C,3,X,1,R,1,C,1,K,3,S,1,Y,22,"L1:[sp=X,153] R=3,K=37,C=3,Y=47,S=1,X=1 || L2:[sp=C,3] X=1,R=1,C=1,K=3,S=1,Y=22",-inf,-inf,0,X|C,1
X,153,R,1,X,1,K,6,C,3,Y,89,S,1,C,3,X,1,C,1,S,1,K,5,Y,22,R,1,"L1:[sp=X,153] R=1,X=1,K=6,C=3,Y=89,S=1 || L2:[sp=C,3] X=1,C=1,S=1,K=5,Y=22,R=1",-490897.0,-163324000.0,1,X|C,1
X,153,R,1,X,1,K,6,C,3,Y,23,S,1,C,3,X,1,S,1,R,1,K,1,C,1,Y,23,"L1:[sp=X,153] R=1,X=1,K=6,C=3,Y=23,S=1 || L2:[sp=C,3] X=1,S=1,R=1,K=1,C=1,Y=23",-533881.0,-163323000.0,1,X|C,1
C,153,R,1,X,1,K,6,C,3,Y,20,S,1,C,3,X,1,C,1,R,1,K,5,S,1,Y,20,"L1:[sp=C,153] R=1,X=1,K=6,C=3,Y=20,S=1 || L2:[sp=C,3] X=1,C=1,R=1,K=5,S=1,Y=20",-29780353.0,-163323000.0,1,C|C,1
X,153,R,3,K,6,C,3,Y,47,S,1,X,1,C,3,X,1,R,1,C,1,K,3,S,1,Y,22,"L1:[sp=X,153] R=3,K=6,C=3,Y=47,S=1,X=1 || L2:[sp=C,3] X=1,R=1,C=1,K=3,S=1,Y=22",-530509.0,-163323000.0,1,X|C,1
X,153,R,1,X,1,K,6,C,3,Y,89,S,1,C,3,X,1,C,1,S,1,K,5,Y,22,R,1,"L1:[sp=X,153] R=1,X=1,K=6,C=3,Y=89,S=1 || L2:[sp=C,3] X=1,C=1,S=1,K=5,Y=22,R=1",-490897.0,-163324000.0,1,X|C,1
X,153,X,25,R,1,K,6,C,3,Y,23,S,1,C,3,X,1,C,1,R,1,K,5,S,1,Y,12,"L1:[sp=X,153] X=25,R=1,K=6,C=3,Y=23,S=1 || L2:[sp=C,3] X=1,C=1,R=1,K=5,S=1,Y=12",-3157741.0,-163324000.0,1,X|C,1
X,153,C,3,X,1,K,6,R,1,Y,47,S,1,C,3,X,1,C,1,R,1,K,5,S,1,Y,22,"L1:[sp=X,153] C=3,X=1,K=6,R=1,Y=47,S=1 || L2:[sp=C,3] X=1,C=1,R=1,K=5,S=1,Y=22",-469729.0,-163324000.0,1,X|C,1
X,153,R,1,K,6,C,3,Y,23,S,1,X,64,C,3,R,1,X,1,C,1,K,3,S,1,Y,23,"L1:[sp=X,153] R=1,K=6,C=3,Y=23,S=1,X=64 || L2:[sp=C,3] R=1,X=1,C=1,K=3,S=1,Y=23",-8744671.0,-163324000.0,1,X|C,1
X,153,R,1,X,1,K,6,C,3,Y,47,S,1,C,3,X,1,C,1,R,1,K,5,S,1,Y,40,"L1:[sp=X,153] R=1,X=1,K=6,C=3,Y=47,S=1 || L2:[sp=C,3] X=1,C=1,R=1,K=5,S=1,Y=40",-430201.0,-163324000.0,1,X|C,1
X,153,R,1,K,6,C,3,Y,124,S,1,X,1,C,3,X,1,R,1,C,1,K,3,S,1,Y,22,"L1:[sp=X,153] R=1,K=6,C=3,Y=124,S=1,X=1 || L2:[sp=C,3] X=1,R=1,C=1,K=3,S=1,Y=22",-inf,-inf,0,X|C,1
X,153,C,3,X,1,K,47,R,3,Y,47,S,1,C,3,X,1,C,1,K,5,R,1,S,1,Y,10,"L1:[sp=X,153] C=3,X=1,K=47,R=3,Y=47,S=1 || L2:[sp=C,3] X=1,C=1,K=5,R=1,S=1,Y=10",-inf,-inf,0,X|C,1
X,153,C,3,Y,23,K,6,R,3,X,1,S,1,X,1,R,1,X,1,C,1,K,1,S,1,Y,23,"L1:[sp=X,153] C=3,Y=23,K=6,R=3,X=1,S=1 || L2:[sp=X,1] R=1,X=1,C=1,K=1,S=1,Y=23",-785173.0,-163324000.0,1,X|X,1
C,153,X,76,R,1,K,6,C,3,Y,85,S,1,X,3,X,1,S,1,R,1,K,1,C,1,Y,40,"L1:[sp=C,153] X=76,R=1,K=6,C=3,Y=85,S=1 || L2:[sp=X,3] X=1,S=1,R=1,K=1,C=1,Y=40",-inf,-inf,0,C|X,1
X,153,R,1,X,1,C,3,K,6,S,1,Y,34,C,3,X,1,C,1,R,1,K,1,S,1,Y,34,"L1:[sp=X,153] R=1,X=1,C=3,K=6,S=1,Y=34 || L2:[sp=C,3] X=1,C=1,R=1,K=1,S=1,Y=34",-551125.0,-163323000.0,1,X|C,1
X,153,C,3,Y,47,K,6,R,3,X,1,S,1,C,3,R,1,X,1,C,1,K,1,S,1,Y,40,"L1:[sp=X,153] C=3,Y=47,K=6,R=3,X=1,S=1 || L2:[sp=C,3] R=1,X=1,C=1,K=1,S=1,Y=40",-472981.0,-163323000.0,1,X|C,1
X,153,S,1,Y,47,K,6,C,3,X,1,R,1,C,3,X,1,C,1,S,1,K,5,Y,40,R,1,"L1:[sp=X,153] S=1,Y=47,K=6,C=3,X=1,R=1 || L2:[sp=C,3] X=1,C=1,S=1,K=5,Y=40,R=1",-430201.0,-163324000.0,1,X|C,1
X,153,C,3,Y,89,K,6,R,1,X,1,S,1,C,3,K,1,X,1,C,1,R,1,S,1,Y,22,"L1:[sp=X,153] C=3,Y=89,K=6,R=1,X=1,S=1 || L2:[sp=C,3] K=1,X=1,C=1,R=1,S=1,Y=22",-514981.0,-163324000.0,1,X|C,1
X,153,R,1,X,72,K,4,C,3,Y,23,S,1,C,3,X,1,C,1,S,1,K,4,Y,23,R,1,"L1:[sp=X,153] R=1,X=72,K=4,C=3,Y=23,S=1 || L2:[sp=C,3] X=1,C=1,S=1,K=4,Y=23,R=1",-9540001.0,-163324000.0,1,X|C,1
X,153,R,1,X,1,K,6,C,3,Y,89,S,1,C,3,X,1,S,1,R,1,K,1,C,1,Y,22,"L1:[sp=X,153] R=1,X=1,K=6,C=3,Y=89,S=1 || L2:[sp=C,3] X=1,S=1,R=1,K=1,C=1,Y=22",-514981.0,-163324000.0,1,X|C,1
X,153,C,3,X,1,K,6,R,1,Y,47,S,1,Y,1,X,1,C,1,R,1,K,5,S,1,Y,22,"L1:[sp=X,153] C=3,X=1,K=6,R=1,Y=47,S=1 || L2:[sp=Y,1] X=1,C=1,R=1,K=5,S=1,Y=22",-inf,-inf,0,X|Y,1
X,153,R,1,X,1,K,6,C,3,Y,47,S,1,C,3,X,1,C,1,R,1,K,5,S,1,Y,40,"L1:[sp=X,153] R=1,X=1,K=6,C=3,Y=47,S=1 || L2:[sp=C,3] X=1,C=1,R=1,K=5,S=1,Y=40",-430201.0,-163324000.0,1,X|C,1
X,153,R,1,X,1,K,6,C,3,Y,23,S,1,Y,23,X,1,S,1,R,1,K,1,C,1,Y,23,"L1:[sp=X,153] R=1,X=1,K=6,C=3,Y=23,S=1 || L2:[sp=Y,23] X=1,S=1,R=1,K=1,C=1,Y=23",-12749761.0,-163323000.0,1,X|Y,1
X,153,C,3,Y,47,K,6,R,1,X,1,S,1,X,1,R,1,X,1,C,1,K,1,S,1,Y,40,"L1:[sp=X,153] C=3,Y=47,K=6,R=1,X=1,S=1 || L2:[sp=X,1] R=1,X=1,C=1,K=1,S=1,Y=40",-inf,-inf,0,X|X,1
X,153,R,1,X,1,K,6,C,3,Y,23,S,1,C,3,X,1,S,1,R,1,K,1,C,1,Y,23,"L1:[sp=X,153] R=1,X=1,K=6,C=3,Y=23,S=1 || L2:[sp=C,3] X=1,S=1,R=1,K=1,C=1,Y=23",-533881.0,-163323000.0,1,X|C,1
X,153,R,1,X,1,K,6,C,3,Y,170,S,3,C,3,X,1,C,1,R,1,K,1,S,1,Y,40,"L1:[sp=X,153] R=1,X=1,K=6,C=3,Y=170,S=3 || L2:[sp=C,3] X=1,C=1,R=1,K=1,S=1,Y=40",-inf,-inf,0,X|C,1
X,153,R,3,X,1,K,6,C,3,Y,47,S,1,X,1,X,1,C,1,R,1,K,1,S,1,Y,22,"L1:[sp=X,153] R=3,X=1,K=6,C=3,Y=47,S=1 || L2:[sp=X,1] X=1,C=1,R=1,K=1,S=1,Y=22",-inf,-inf,0,X|X,1
X,153,R,2,K,6,C,3,Y,47,S,1,X,1,C,3,X,1,R,1,S,1,K,2,C,1,Y,40,"L1:[sp=X,153] R=2,K=6,C=3,Y=47,S=1,X=1 || L2:[sp=C,3] X=1,R=1,S=1,K=2,C=1,Y=40",-462121.0,-163324000.0,1,X|C,1
X,153,C,3,X,1,K,6,R,1,Y,47,S,1,C,3,X,1,C,2,R,1,K,5,S,1,Y,22,"L1:[sp=X,153] C=3,X=1,K=6,R=1,Y=47,S=1 || L2:[sp=C,3] X=1,C=2,R=1,K=5,S=1,Y=22",-937477.0,-163324000.0,1,X|C,1
X,153,R,1,X,1,K,6,C,3,Y,47,S,1,C,3,X,1,C,1,R,1,K,5,S,1,Y,40,"L1:[sp=X,153] R=1,X=1,K=6,C=3,Y=47,S=1 || L2:[sp=C,3] X=1,C=1,R=1,K=5,S=1,Y=40",-430201.0,-163324000.0,1,X|C,1
X,153,C,3,Y,210,K,6,R,3,X,1,S,1,C,3,R,1,X,1,C,1,K,1,S,1,Y,40,"L1:[sp=X,153] C=3,Y=210,K=6,R=3,X=1,S=1 || L2:[sp=C,3] R=1,X=1,C=1,K=1,S=1,Y=40",-inf,-inf,0,X|C,1
X,153,R,1,X,1,K,6,C,3,Y,89,S,1,C,3,X,1,S,1,R,1,C,1,K,1,Y,22,"L1:[sp=X,153] R=1,X=1,K=6,C=3,Y=89,S=1 || L2:[sp=C,3] X=1,S=1,R=1,C=1,K=1,Y=22",-514981.0,-163324000.0,1,X|C,1
X,153,R,1,X,1,C,3,K,6,S,1,Y,181,Y,1,X,1,C,1,R,1,K,1,S,1,Y,23,"L1:[sp=X,153] R=1,X=1,C=3,K=6,S=1,Y=181 || L2:[sp=Y,1] X=1,C=1,R=1,K=1,S=1,Y=23",-inf,-inf,0,X|Y,1
X,153,R,1,X,1,K,6,C,3,Y,18,S,1,C,3,X,1,K,1,R,1,S,1,C,1,Y,18,"L1:[sp=X,153] R=1,X=1,K=6,C=3,Y=18,S=1 || L2:[sp=C,3] X=1,K=1,R=1,S=1,C=1,Y=18",-544285.0,-163323000.0,1,X|C,1
X,153,C,3,Y,89,K,6,R,1,X,1,S,1,C,3,K,1,X,1,C,1,R,1,S,1,Y,22,"L1:[sp=X,153] C=3,Y=89,K=6,R=1,X=1,S=1 || L2:[sp=C,3] K=1,X=1,C=1,R=1,S=1,Y=22",-514981.0,-163324000.0,1,X|C,1
X,153,R,1,X,163,K,6,C,3,Y,23,S,1,C,3,X,1,S,1,R,1,K,1,C,1,Y,23,"L1:[sp=X,153] R=1,X=163,K=6,C=3,Y=23,S=1 || L2:[sp=C,3] X=1,S=1,R=1,K=1,C=1,Y=23",-21595231.0,-163324000.0,1,X|C,1
X,153,S,1,Y,89,K,6,C,3,X,1,R,1,C,3,S,1,C,1,X,1,K,5,Y,53,R,1,"L1:[sp=X,153] S=1,Y=89,K=6,C=3,X=1,R=1 || L2:[sp=C,3] S=1,C=1,X=1,K=5,Y=53,R=1",-inf,-inf,0,X|C,1
X,153,C,3,Y,47,K,31,R,1,X,1,S,1,C,3,X,1,R,1,C,1,K,1,S,1,Y,40,"L1:[sp=X,153] C=3,Y=47,K=31,R=1,X=1,S=1 || L2:[sp=C,3] X=1,R=1,C=1,K=1,S=1,Y=40",-inf,-inf,0,X|C,1
X,153,C,3,Y,47,K,6,R,1,X,1,S,1,C,3,S,1,X,1,C,1,K,1,R,1,Y,40,"L1:[sp=X,153] C=3,Y=47,K=6,R=1,X=1,S=1 || L2:[sp=C,3] S=1,X=1,C=1,K=1,R=1,Y=40",-451261.0,-163323000.0,1,X|C,1
X,153,C,3,Y,89,K,6,R,3,X,1,S,1,C,3,K,1,X,1,C,1,R,1,S,1,Y,37,"L1:[sp=X,153] C=3,Y=89,K=6,R=3,X=1,S=1 || L2:[sp=C,3] K=1,X=1,C=1,R=1,S=1,Y=37",-544141.0,-163324000.0,1,X|C,1
X,153,R,1,K,6,C,1,Y,47,S,1,X,1,C,3,X,1,R,1,S,1,K,2,C,1,Y,41,"L1:[sp=X,153] R=1,K=6,C=1,Y=47,S=1,X=1 || L2:[sp=C,3] X=1,R=1,S=1,K=2,C=1,Y=41",-1346869.0,-163323000.0,1,X|C,1
C,153,R,2,X,179,K,6,C,3,Y,89,S,1,X,3,X,1,S,1,R,1,K,1,C,1,Y,22,"L1:[sp=C,153] R=2,X=179,K=6,C=3,Y=89,S=1 || L2:[sp=X,3] X=1,S=1,R=1,K=1,C=1,Y=22",-inf,-inf,0,C|X,1
X,153,R,2,K,6,C,3,Y,47,S,1,X,1,X,1,X,1,R,1,S,1,K,2,C,1,Y,29,"L1:[sp=X,153] R=2,K=6,C=3,Y=47,S=1,X=1 || L2:[sp=X,1] X=1,R=1,S=1,K=2,C=1,Y=29",-inf,-inf,0,X|X,1
X,153,S,1,Y,211,K,6,C,3,X,1,R,1,C,3,X,1,C,1,S,1,K,5,Y,64,R,1,"L1:[sp=X,153] S=1,Y=211,K=6,C=3,X=1,R=1 || L2:[sp=C,3] X=1,C=1,S=1,K=5,Y=64,R=1",-inf,-inf,0,X|C,1
X,153,S,1,Y,47,K,6,C,3,X,49,R,1,C,3,X,1,C,1,S,1,K,5,Y,40,R,1,"L1:[sp=X,153] S=1,Y=47,K=6,C=3,X=49,R=1 || L2:[sp=C,3] X=1,C=1,S=1,K=5,Y=40,R=1",-inf,-inf,0,X|C,1
X,153,R,1,X,1,K,6,C,2,Y,89,S,1,C,3,X,1,S,1,R,1,K,1,C,1,Y,22,"L1:[sp=X,153] R=1,X=1,K=6,C=2,Y=89,S=1 || L2:[sp=C,3] X=1,S=1,R=1,K=1,C=1,Y=22",-1029961.0,-163324000.0,1,X|C,1
X,153,Y,89,C,3,K,6,R,3,X,1,S,1,C,3,K,1,X,1,C,1,R,1,S,1,Y,22,"L1:[sp=X,153] Y=89,C=3,K=6,R=3,X=1,S=1 || L2:[sp=C,3] K=1,X=1,C=1,R=1,S=1,Y=22",-528013.0,-163324000.0,1,X|C,1
X,153,C,3,Y,47,K,6,R,3,X,1,S,1,C,3,R,1,X,1,C,1,K,1,S,1,Y,40,"L1:[sp=X,153] C=3,Y=47,K=6,R=3,X=1,S=1 || L2:[sp=C,3] R=1,X=1,C=1,K=1,S=1,Y=40",-472981.0,-163323000.0,1,X|C,1
X,153,C,3,Y,47,K,6,R,3,X,1,S,1,C,3,R,1,X,1,C,1,K,1,S,1,Y,40,"L1:[sp=X,153] C=3,Y=47,K=6,R=3,X=1,S=1 || L2:[sp=C,3] R=1,X=1,C=1,K=1,S=1,Y=40",-472981.0,-163323000.0,1,X|C,1
X,153,R,1,X,1,K,6,C,3,Y,47,S,1,C,3,X,1,C,1,R,1,K,5,S,1,Y,40,"L1:[sp=X,153] R=1,X=1,K=6,C=3,Y=47,S=1 || L2:[sp=C,3] X=1,C=1,R=1,K=5,S=1,Y=40",-430201.0,-163324000.0,1,X|C,1
X,153,R,1,X,1,K,6,C,3,Y,89,S,1,C,3,X,1,S,1,R,1,C,1,K,1,Y,76,"L1:[sp=X,153] R=1,X=1,K=6,C=3,Y=89,S=1 || L2:[sp=C,3] X=1,S=1,R=1,C=1,K=1,Y=76",-441253.0,-163324000.0,1,X|C,1
X,153,C,3,Y,89,K,6,R,1,X,1,S,1,C,3,K,1,X,1,C,1,R,1,S,1,Y,22,"L1:[sp=X,153] C=3,Y=89,K=6,R=1,X=1,S=1 || L2:[sp=C,3] K=1,X=1,C=1,R=1,S=1,Y=22",-514981.0,-163324000.0,1,X|C,1
C,153,R,1,X,1,K,6,C,2,Y,47,S,1,X,3,X,1,C,1,R,1,K,4,S,1,Y,40,"L1:[sp=C,153] R=1,X=1,K=6,C=2,Y=47,S=1 || L2:[sp=X,3] X=1,C=1,R=1,K=4,S=1,Y=40",-50430241.0,-163323000.0,1,C|X,1
X,153,C,3,Y,19,K,6,R,1,X,37,S,1,C,3,S,1,X,1,C,3,K,1,R,1,Y,19,"L1:[sp=X,153] C=3,Y=19,K=6,R=1,X=37,S=1 || L2:[sp=C,3] S=1,X=1,C=3,K=1,R=1,Y=19",-14578597.0,-163324000.0,1,X|C,1
X,153,C,3,Y,47,K,6,R,1,X,1,S,1,C,3,S,1,X,1,C,1,K,1,R,1,Y,40,"L1:[sp=X,153] C=3,Y=47,K=6,R=1,X=1,S=1 || L2:[sp=C,3] S=1,X=1,C=1,K=1,R=1,Y=40",-451261.0,-163323000.0,1,X|C,1
X,153,C,3,Y,89,K,6,R,2,X,1,S,1,C,3,K,1,X,1,C,3,R,1,S,1,Y,22,"L1:[sp=X,153] C=3,Y=89,K=6,R=2,X=1,S=1 || L2:[sp=C,3] K=1,X=1,C=3,R=1,S=1,Y=22",-1562905.0,-163324000.0,1,X|C,1
K,153,Y,179,C,3,K,6,X,1,R,1,S,1,Y,7,S,1,X,1,C,1,K,1,R,1,Y,40,"L1:[sp=K,153] Y=179,C=3,K=6,X=1,R=1,S=1 || L2:[sp=Y,7] S=1,X=1,C=1,K=1,R=1,Y=40",-2907073.0,-163323000.0,1,K|Y,1
X,153,R,1,X,1,K,6,C,3,Y,89,S,1,X,1,X,1,S,1,R,1,C,1,K,1,Y,22,"L1:[sp=X,153] R=1,X=1,K=6,C=3,Y=89,S=1 || L2:[sp=X,1] X=1,S=1,R=1,C=1,K=1,Y=22",-inf,-inf,0,X|X,1
X,153,C,3,R,1,K,6,Y,89,X,1,S,1,C,3,K,4,X,1,S,1,R,1,C,1,Y,37,"L1:[sp=X,153] C=3,R=1,K=6,Y=89,X=1,S=1 || L2:[sp=C,3] K=4,X=1,S=1,R=1,C=1,Y=37",-531109.0,-163324000.0,1,X|C,1
X,153,R,3,X,1,K,30,C,2,Y,89,S,1,C,3,X,1,S,1,R,1,C,1,K,20,Y,22,"L1:[sp=X,153] R=3,X=1,K=30,C=2,Y=89,S=1 || L2:[sp=C,3] X=1,S=1,R=1,C=1,K=20,Y=22",-inf,-inf,0,X|C,1
X,153,Y,89,C,3,K,6,R,1,X,1,S,1,C,3,K,1,X,1,C,1,R,1,S,1,Y,22,"L1:[sp=X,153] Y=89,C=3,K=6,R=1,X=1,S=1 || L2:[sp=C,3] K=1,X=1,C=1,R=1,S=1,Y=22",-514981.0,-163324000.0,1,X|C,1
X,153,C,3,Y,89,K,6,R,3,X,1,S,1,C,3,Y,22,X,1,S,1,R,3,K,1,C,1,"L1:[sp=X,153] C=3,Y=89,K=6,R=3,X=1,S=1 || L2:[sp=C,3] Y=22,X=1,S=1,R=3,K=1,C=1",-511885.0,-163324000.0,1,X|C,1
C,153,C,3,Y,89,K,6,R,1,X,1,S,2,X,3,K,1,X,1,C,1,R,1,S,1,Y,37,"L1:[sp=C,153] C=3,Y=89,K=6,R=1,X=1,S=2 || L2:[sp=X,3] K=1,X=1,C=1,R=1,S=1,Y=37",-88673275.0,-163323000.0,1,C|X,1
Y,153,R,2,X,1,K,6,C,3,Y,89,S,1,C,3,X,1,S,1,R,1,C,1,K,1,Y,22,"L1:[sp=Y,153] R=2,X=1,K=6,C=3,Y=89,S=1 || L2:[sp=C,3] X=1,S=1,R=1,C=1,K=1,Y=22",-11626945.0,-163323000.0,1,Y|C,1
C,153,C,3,Y,47,K,6,R,1,X,1,S,1,X,3,S,1,X,1,C,1,K,1,Y,40,R,1,"L1:[sp=C,153] C=3,Y=47,K=6,R=1,X=1,S=1 || L2:[sp=X,3] S=1,X=1,C=1,K=1,Y=40,R=1",-75589921.0,-163323000.0,1,C|X,1
X,153,R,1,X,91,K,12,C,3,Y,89,S,1,C,3,X,1,S,1,R,1,C,3,K,1,Y,22,"L1:[sp=X,153] R=1,X=91,K=12,C=3,Y=89,S=1 || L2:[sp=C,3] X=1,S=1,R=1,C=3,K=1,Y=22",-inf,-inf,0,X|C,1
X,153,R,1,X,1,K,6,C,3,Y,36,S,1,C,3,X,1,C,1,R,1,K,5,S,1,Y,22,"L1:[sp=X,153] R=1,X=1,K=6,C=3,Y=36,S=1 || L2:[sp=C,3] X=1,C=1,R=1,K=5,S=1,Y=22",-507853.0,-163323000.0,1,X|C,1
Y,153,C,3,Y,47,K,6,X,1,R,1,S,1,C,3,K,1,X,1,C,1,R,1,S,1,Y,40,"L1:[sp=Y,153] C=3,Y=47,K=6,X=1,R=1,S=1 || L2:[sp=C,3] K=1,X=1,C=1,R=1,S=1,Y=40",-6086305.0,-163323000.0,1,Y|C,1
X,153,Y,89,C,3,K,6,R,3,X,1,S,1,C,3,K,1,X,1,C,1,R,1,S,1,Y,86,"L1:[sp=X,153] Y=89,C=3,K=6,R=3,X=1,S=1 || L2:[sp=C,3] K=1,X=1,C=1,R=1,S=1,Y=86",-431245.0,-163324000.0,1,X|C,1
X,153,R,1,X,1,K,6,C,3,Y,47,S,1,C,3,X,1,C,1,R,1,K,5,S,1,Y,40,"L1:[sp=X,153] R=1,X=1,K=6,C=3,Y=47,S=1 || L2:[sp=C,3] X=1,C=1,R=1,K=5,S=1,Y=40",-430201.0,-163324000.0,1,X|C,1
X,153,C,3,Y,47,K,6,R,1,X,1,S,1,C,3,K,1,X,1,C,1,R,1,S,1,Y,40,"L1:[sp=X,153] C=3,Y=47,K=6,R=1,X=1,S=1 || L2:[sp=C,3] K=1,X=1,C=1,R=1,S=1,Y=40",-451261.0,-163323000.0,1,X|C,1
X,153,R,1,X,1,K,6,S,1,Y,89,C,3,C,3,X,1,Y,50,R,1,K,5,S,1,C,1,"L1:[sp=X,153] R=1,X=1,K=6,S=1,Y=89,C=3 || L2:[sp=C,3] X=1,Y=50,R=1,K=5,S=1,C=1",-inf,-inf,0,X|C,1
K,153,C,3,Y,89,K,6,R,1,X,1,S,1,C,3,Y,22,X,1,S,1,R,1,K,1,C,1,"L1:[sp=K,153] C=3,Y=89,K=6,R=1,X=1,S=1 || L2:[sp=C,3] Y=22,X=1,S=1,R=1,K=1,C=1",-2703457.0,-163323000.0,1,K|C,1
C,153,C,3,Y,89,R,1,K,6,X,1,S,1,X,3,K,1,X,1,C,1,R,1,S,1,Y,22,"L1:[sp=C,153] C=3,Y=89,R=1,K=6,X=1,S=1 || L2:[sp=X,3] K=1,X=1,C=1,R=1,S=1,Y=22",-86383585.0,-163323000.0,1,C|X,1
X,153,C,3,Y,89,K,4,R,1,X,1,S,1,Y,89,K,1,X,1,C,1,R,1,S,1,Y,22,"L1:[sp=X,153] C=3,Y=89,K=4,R=1,X=1,S=1 || L2:[sp=Y,89] K=1,X=1,C=1,R=1,S=1,Y=22",-25643521.0,-163323000.0,1,X|Y,1
K,153,R,1,X,1,K,6,C,3,Y,89,S,1,C,3,X,1,S,1,R,1,C,1,K,1,Y,76,"L1:[sp=K,153] R=1,X=1,K=6,C=3,Y=89,S=1 || L2:[sp=C,3] X=1,S=1,R=1,C=1,K=1,Y=76",-2316385.0,-163323000.0,1,K|C,1
X,153,R,1,X,1,K,6,C,3,Y,36,S,1,C,3,X,1,C,1,R,1,K,5,S,1,Y,22,"L1:[sp=X,153] R=1,X=1,K=6,C=3,Y=36,S=1 || L2:[sp=C,3] X=1,C=1,R=1,K=5,S=1,Y=22",-507853.0,-163323000.0,1,X|C,1
X,153,Y,89,C,3,K,6,R,3,X,1,S,1,C,3,K,1,X,1,C,1,R,2,S,1,Y,86,"L1:[sp=X,153] Y=89,C=3,K=6,R=3,X=1,S=1 || L2:[sp=C,3] K=1,X=1,C=1,R=2,S=1,Y=86",-431245.0,-163324000.0,1,X|C,1
X,153,K,6,Y,89,C,3,R,3,X,1,S,1,C,3,Y,22,X,1,S,1,R,1,K,1,C,2,"L1:[sp=X,153] K=6,Y=89,C=3,R=3,X=1,S=1 || L2:[sp=C,3] Y=22,X=1,S=1,R=1,K=1,C=2",-1055629.0,-163324000.0,1,X|C,1
X,153,R,1,X,1,K,6,C,3,Y,89,S,1,C,3,X,1,S,1,R,1,C,1,K,1,Y,55,"L1:[sp=X,153] R=1,X=1,K=6,C=3,Y=89,S=1 || L2:[sp=C,3] X=1,S=1,R=1,C=1,K=1,Y=55",-489637.0,-163324000.0,1,X|C,1
K,153,Y,89,C,3,K,6,R,1,X,1,S,1,C,3,K,1,X,1,C,1,R,1,S,1,Y,22,"L1:[sp=K,153] Y=89,C=3,K=6,R=1,X=1,S=1 || L2:[sp=C,3] K=1,X=1,C=1,R=1,S=1,Y=22",-2703457.0,-163323000.0,1,K|C,1
X,153,C,3,Y,47,K,6,R,1,S,1,X,1,K,2,Y,32,X,1,C,1,S,1,R,1,K,1,"L1:[sp=X,153] C=3,Y=47,K=6,R=1,S=1,X=1 || L2:[sp=K,2] Y=32,X=1,C=1,S=1,R=1,K=1",-610606.0,-163324000.0,1,X|K,1
X,153,R,1,X,1,K,6,C,3,Y,47,S,1,C,3,X,1,C,1,R,1,K,5,S,1,Y,40,"L1:[sp=X,153] R=1,X=1,K=6,C=3,Y=47,S=1 || L2:[sp=C,3] X=1,C=1,R=1,K=5,S=1,Y=40",-430201.0,-163324000.0,1,X|C,1
X,153,Y,36,X,172,K,6,C,3,R,1,S,1,C,3,X,1,S,1,R,1,K,5,C,1,Y,22,"L1:[sp=X,153] Y=36,X=172,K=6,C=3,R=1,S=1 || L2:[sp=C,3] X=1,S=1,R=1,K=5,C=1,Y=22",-inf,-inf,0,X|C,1
X,153,Y,89,C,3,K,6,R,1,X,1,S,3,C,3,K,1,X,1,C,1,R,1,S,1,Y,86,"L1:[sp=X,153] Y=89,C=3,K=6,R=1,X=1,S=3 || L2:[sp=C,3] K=1,X=1,C=1,R=1,S=1,Y=86",-inf,-inf,0,X|C,1
X,153,R,3,X,1,K,6,C,3,Y,89,S,1,C,3,X,1,S,1,R,1,C,2,K,1,Y,76,"L1:[sp=X,153] R=3,X=1,K=6,C=3,Y=89,S=1 || L2:[sp=C,3] X=1,S=1,R=1,C=2,K=1,Y=76",-908173.0,-163324000.0,1,X|C,1
X,153,C,3,Y,89,K,6,R,2,X,1,S,1,C,3,Y,22,X,1,S,1,R,2,K,1,C,1,"L1:[sp=X,153] C=3,Y=89,K=6,R=2,X=1,S=1 || L2:[sp=C,3] Y=22,X=1,S=1,R=2,K=1,C=1",-685849.0,-163324000.0,1,X|C,1
C,153,Y,89,C,3,K,6,R,3,X,1,S,1,C,3,K,1,Y,22,C,2,R,1,S,1,X,1,"L1:[sp=C,153] Y=89,C=3,K=6,R=3,X=1,S=1 || L2:[sp=C,3] K=1,Y=22,C=2,R=1,S=1,X=1",-59115169.0,-163323000.0,1,C|C,1
X,153,Y,89,C,3,K,6,R,1,X,1,S,1,C,3,K,1,X,1,C,1,R,1,S,1,Y,1,"L1:[sp=X,153] Y=89,C=3,K=6,R=1,X=1,S=1 || L2:[sp=C,3] K=1,X=1,C=1,R=1,S=1,Y=1",-517285.0,-163324000.0,1,X|C,1
X,153,R,1,X,1,K,6,C,3,Y,36,S,1,C,3,X,1,C,1,R,1,K,5,S,1,Y,22,"L1:[sp=X,153] R=1,X=1,K=6,C=3,Y=36,S=1 || L2:[sp=C,3] X=1,C=1,R=1,K=5,S=1,Y=22",-507853.0,-163323000.0,1,X|C,1
X,153,R,1,X,1,K,6,C,3,Y,47,S,1,C,3,X,1,C,1,R,1,K,5,S,1,Y,40,"L1:[sp=X,153] R=1,X=1,K=6,C=3,Y=47,S=1 || L2:[sp=C,3] X=1,C=1,R=1,K=5,S=1,Y=40",-430201.0,-163324000.0,1,X|C,1
X,153,C,3,Y,47,K,6,R,1,S,1,X,167,K,2,Y,32,X,1,C,1,S,1,R,1,K,1,"L1:[sp=X,153] C=3,Y=47,K=6,R=1,S=1,X=167 || L2:[sp=K,2] Y=32,X=1,C=1,S=1,R=1,K=1",-inf,-inf,0,X|K,1
C,153,C,3,Y,47,K,6,R,1,X,1,S,1,X,3,K,1,X,1,C,1,R,1,S,1,Y,40,"L1:[sp=C,153] C=3,Y=47,K=6,R=1,X=1,S=1 || L2:[sp=X,3] K=1,X=1,C=1,R=1,S=1,Y=40",-75589921.0,-163323000.0,1,C|X,1
X,153,Y,89,C,3,K,6,R,1,X,1,S,1,C,3,K,4,X,1,C,1,R,1,S,1,Y,55,"L1:[sp=X,153] Y=89,C=3,K=6,R=1,X=1,S=1 || L2:[sp=C,3] K=4,X=1,C=1,R=1,S=1,Y=55",-inf,-inf,0,X|C,1
X,153,R,3,X,1,K,6,C,3,Y,89,S,1,C,3,X,1,S,1,R,2,C,1,K,1,Y,86,"L1:[sp=X,153] R=3,X=1,K=6,C=3,Y=89,S=1 || L2:[sp=C,3] X=1,S=1,R=2,C=1,K=1,Y=86",-431245.0,-163324000.0,1,X|C,1
X,153,R,1,X,1,K,31,C,3,Y,47,S,1,C,3,X,1,C,1,R,1,K,5,S,1,Y,40,"L1:[sp=X,153] R=1,X=1,K=31,C=3,Y=47,S=1 || L2:[sp=C,3] X=1,C=1,R=1,K=5,S=1,Y=40",-inf,-inf,0,X|C,1
X,153,Y,89,C,3,K,6,R,3,X,1,S,1,C,3,K,1,X,1,C,1,Y,86,S,1,R,2,"L1:[sp=X,153] Y=89,C=3,K=6,R=3,X=1,S=1 || L2:[sp=C,3] K=1,X=1,C=1,Y=86,S=1,R=2",-431245.0,-163324000.0,1,X|C,1
Y,153,Y,89,C,3,K,6,R,1,X,1,S,1,C,3,K,1,X,1,C,1,R,1,S,1,Y,1,"L1:[sp=Y,153] Y=89,C=3,K=6,R=1,X=1,S=1 || L2:[sp=C,3] K=1,X=1,C=1,R=1,S=1,Y=1",-11505313.0,-163323000.0,1,Y|C,1
X,153,R,1,X,1,K,6,C,3,Y,47,S,1,C,3,X,1,C,1,R,1,K,5,S,1,Y,40,"L1:[sp=X,153] R=1,X=1,K=6,C=3,Y=47,S=1 || L2:[sp=C,3] X=1,C=1,R=1,K=5,S=1,Y=40",-430201.0,-163324000.0,1,X|C,1
X,153,S,1,Y,47,K,6,C,3,R,1,X,1,K,2,S,1,X,1,C,1,Y,25,R,1,K,1,"L1:[sp=X,153] S=1,Y=47,K=6,C=3,R=1,X=1 || L2:[sp=K,2] S=1,X=1,C=1,Y=25,R=1,K=1",-610606.0,-163324000.0,1,X|K,1
X,153,R,1,X,1,K,6,C,3,Y,89,S,1,C,3,X,1,S,1,R,1,C,1,K,1,Y,55,"L1:[sp=X,153] R=1,X=1,K=6,C=3,Y=89,S=1 || L2:[sp=C,3] X=1,S=1,R=1,C=1,K=1,Y=55",-489637.0,-163324000.0,1,X|C,1
X,153,R,1,X,1,K,6,C,3,Y,47,S,1,C,3,X,1,C,1,R,1,K,5,S,1,Y,40,"L1:[sp=X,153] R=1,X=1,K=6,C=3,Y=47,S=1 || L2:[sp=C,3] X=1,C=1,R=1,K=5,S=1,Y=40",-430201.0,-163324000.0,1,X|C,1
X,153,R,1,X,1,K,6,C,3,Y,36,S,1,C,3,X,1,C,1,S,1,K,5,R,1,Y,22,"L1:[sp=X,153] R=1,X=1,K=6,C=3,Y=36,S=1 || L2:[sp=C,3] X=1,C=1,S=1,K=5,R=1,Y=22",-507853.0,-163323000.0,1,X|C,1
X,153,C,3,Y,47,K,6,R,1,X,1,S,1,C,3,K,3,X,1,C,1,R,1,S,1,Y,40,"L1:[sp=X,153] C=3,Y=47,K=6,R=1,X=1,S=1 || L2:[sp=C,3] K=3,X=1,C=1,R=1,S=1,Y=40",-465301.0,-163324000.0,1,X|C,1
X,153,Y,89,C,3,K,6,R,1,X,1,S,1,C,3,K,6,X,1,C,1,R,1,S,1,Y,1,"L1:[sp=X,153] Y=89,C=3,K=6,R=1,X=1,S=1 || L2:[sp=C,3] K=6,X=1,C=1,R=1,S=1,Y=1",-533413.0,-163324000.0,1,X|C,1
C,153,Y,89,C,3,K,6,R,3,X,1,S,1,X,3,K,1,X,1,C,1,R,2,S,1,Y,86,"L1:[sp=C,153] Y=89,C=3,K=6,R=3,X=1,S=1 || L2:[sp=X,3] K=1,X=1,C=1,R=2,S=1,Y=86",-72404641.0,-163323000.0,1,C|X,1
X,153,Y,89,C,3,X,1,R,2,K,6,S,1,C,3,K,3,X,1,Y,1,R,1,S,1,C,1,"L1:[sp=X,153] Y=89,C=3,X=1,R=2,K=6,S=1 || L2:[sp=C,3] K=3,X=1,Y=1,R=1,S=1,C=1",-537769.0,-163324000.0,1,X|C,1
X,153,C,3,Y,47,K,6,R,1,X,1,S,1,C,3,K,1,X,1,C,1,R,1,S,1,Y,40,"L1:[sp=X,153] C=3,Y=47,K=6,R=1,X=1,S=1 || L2:[sp=C,3] K=1,X=1,C=1,R=1,S=1,Y=40",-451261.0,-163323000.0,1,X|C,1
X,153,R,1,X,1,K,6,C,3,Y,47,S,1,C,3,C,1,X,1,R,1,K,5,S,1,Y,40,"L1:[sp=X,153] R=1,X=1,K=6,C=3,Y=47,S=1 || L2:[sp=C,3] C=1,X=1,R=1,K=5,S=1,Y=40",-430201.0,-163324000.0,1,X|C,1
X,153,C,3,Y,47,K,6,R,1,S,1,X,1,K,2,Y,32,X,1,C,1,S,1,R,1,K,1,"L1:[sp=X,153] C=3,Y=47,K=6,R=1,S=1,X=1 || L2:[sp=K,2] Y=32,X=1,C=1,S=1,R=1,K=1",-610606.0,-163324000.0,1,X|K,1
X,153,R,1,X,1,K,6,C,3,Y,47,S,1,C,3,X,1,C,1,R,1,K,5,S,1,Y,40,"L1:[sp=X,153] R=1,X=1,K=6,C=3,Y=47,S=1 || L2:[sp=C,3] X=1,C=1,R=1,K=5,S=1,Y=40",-430201.0,-163324000.0,1,X|C,1
Y,153,R,1,X,1,K,6,C,3,Y,89,S,1,C,3,X,1,S,1,C,1,R,1,K,1,Y,48,"L1:[sp=Y,153] R=1,X=1,K=6,C=3,Y=89,S=1 || L2:[sp=C,3] X=1,S=1,C=1,R=1,K=1,Y=48",-11505313.0,-163323000.0,1,Y|C,1
X,153,R,3,X,1,K,6,C,3,Y,89,S,1,C,3,X,1,S,1,R,2,C,1,K,1,Y,55,"L1:[sp=X,153] R=3,X=1,K=6,C=3,Y=89,S=1 || L2:[sp=C,3] X=1,S=1,R=2,C=1,K=1,Y=55",-502669.0,-163324000.0,1,X|C,1
X,153,R,1,X,1,K,4,C,3,Y,36,S,1,C,3,X,1,C,1,S,1,K,4,R,1,Y,22,"L1:[sp=X,153] R=1,X=1,K=4,C=3,Y=36,S=1 || L2:[sp=C,3] X=1,C=1,S=1,K=4,R=1,Y=22",-533953.0,-163323000.0,1,X|C,1
X,153,R,1,X,1,K,6,C,3,Y,47,S,3,C,3,C,1,X,1,R,1,K,5,S,1,Y,40,"L1:[sp=X,153] R=1,X=1,K=6,C=3,Y=47,S=3 || L2:[sp=C,3] C=1,X=1,R=1,K=5,S=1,Y=40",-1285321.0,-163324000.0,1,X|C,1
Y,153,Y,89,C,3,K,6,R,3,X,22,S,1,C,3,K,1,X,1,C,1,Y,86,S,1,R,2,"L1:[sp=Y,153] Y=89,C=3,K=6,R=3,X=22,S=1 || L2:[sp=C,3] K=1,X=1,C=1,Y=86,S=1,R=2",-11741548.0,-163324000.0,1,Y|C,1
X,153,K,6,Y,47,C,3,R,1,X,1,S,1,C,3,K,3,X,1,Y,40,R,1,S,1,C,3,"L1:[sp=X,153] K=6,Y=47,C=3,R=1,X=1,S=1 || L2:[sp=C,3] K=3,X=1,Y=40,R=1,S=1,C=3",-1391941.0,-163324000.0,1,X|C,1
X,153,R,1,X,1,K,6,C,3,Y,162,S,2,C,3,R,1,S,1,X,1,C,1,K,1,Y,22,"L1:[sp=X,153] R=1,X=1,K=6,C=3,Y=162,S=2 || L2:[sp=C,3] R=1,S=1,X=1,C=1,K=1,Y=22",-inf,-inf,0,X|C,1
X,153,R,1,X,1,K,6,C,3,S,1,Y,89,C,3,X,1,C,1,S,1,K,5,R,1,Y,10,"L1:[sp=X,153] R=1,X=1,K=6,C=3,S=1,Y=89 || L2:[sp=C,3] X=1,C=1,S=1,K=5,R=1,Y=10",-499681.0,-163324000.0,1,X|C,1
X,153,R,1,X,1,K,6,C,3,Y,47,S,1,C,3,C,1,X,1,R,1,K,5,S,1,Y,40,"L1:[sp=X,153] R=1,X=1,K=6,C=3,Y=47,S=1 || L2:[sp=C,3] C=1,X=1,R=1,K=5,S=1,Y=40",-430201.0,-163324000.0,1,X|C,1
C,153,C,2,Y,47,K,6,R,1,X,7,S,1,X,3,K,1,X,1,C,1,R,1,S,1,Y,40,"L1:[sp=C,153] C=2,Y=47,K=6,R=1,X=7,S=1 || L2:[sp=X,3] K=1,X=1,C=1,R=1,S=1,Y=40",-21581281.0,-163323000.0,1,C|X,1
X,153,R,1,X,1,K,6,C,3,Y,89,S,1,C,3,X,1,S,1,R,1,C,1,K,1,Y,55,"L1:[sp=X,153] R=1,X=1,K=6,C=3,Y=89,S=1 || L2:[sp=C,3] X=1,S=1,R=1,C=1,K=1,Y=55",-489637.0,-163324000.0,1,X|C,1
Y,153,R,1,X,1,K,6,C,3,Y,36,S,1,C,3,X,1,C,1,S,1,K,5,R,1,Y,22,"L1:[sp=Y,153] R=1,X=1,K=6,C=3,Y=36,S=1 || L2:[sp=C,3] X=1,C=1,S=1,K=5,R=1,Y=22",-4449313.0,-163323000.0,1,Y|C,1
X,153,R,1,X,1,K,6,C,2,Y,36,S,1,C,3,X,1,C,1,R,1,K,5,S,1,Y,22,"L1:[sp=X,153] R=1,X=1,K=6,C=2,Y=36,S=1 || L2:[sp=C,3] X=1,C=1,R=1,K=5,S=1,Y=22",-1015705.0,-163323000.0,1,X|C,1
X,153,R,1,X,127,K,6,C,3,Y,47,S,1,C,3,X,1,C,1,S,1,K,5,R,1,Y,40,"L1:[sp=X,153] R=1,X=127,K=6,C=3,Y=47,S=1 || L2:[sp=C,3] X=1,C=1,S=1,K=5,R=1,Y=40",-inf,-inf,0,X|C,1
X,153,C,3,Y,47,K,6,R,1,X,1,S,1,C,3,K,3,X,1,C,1,R,1,S,1,Y,40,"L1:[sp=X,153] C=3,Y=47,K=6,R=1,X=1,S=1 || L2:[sp=C,3] K=3,X=1,C=1,R=1,S=1,Y=40",-465301.0,-163324000.0,1,X|C,1
X,153,Y,89,C,3,K,6,R,3,X,1,S,1,C,3,K,1,C,1,X,1,Y,86,S,1,R,2,"L1:[sp=X,153] Y=89,C=3,K=6,R=3,X=1,S=1 || L2:[sp=C,3] K=1,C=1,X=1,Y=86,S=1,R=2",-431245.0,-163324000.0,1,X|C,1
X,153,C,3,Y,47,K,6,R,1,X,1,S,1,C,3,K,3,X,1,R,1,C,1,S,1,Y,40,"L1:[sp=X,153] C=3,Y=47,K=6,R=1,X=1,S=1 || L2:[sp=C,3] K=3,X=1,R=1,C=1,S=1,Y=40",-465301.0,-163324000.0,1,X|C,1
C,153,R,1,K,6,X,163,C,3,Y,89,S,3,X,3,X,1,S,1,R,1,C,1,K,1,Y,55,"L1:[sp=C,153] R=1,K=6,X=163,C=3,Y=89,S=3 || L2:[sp=X,3] X=1,S=1,R=1,C=1,K=1,Y=55",-inf,-inf,0,C|X,1
X,153,R,1,X,1,K,6,C,3,Y,47,S,1,C,3,X,1,C,1,R,1,K,5,S,1,Y,40,"L1:[sp=X,153] R=1,X=1,K=6,C=3,Y=47,S=1 || L2:[sp=C,3] X=1,C=1,R=1,K=5,S=1,Y=40",-430201.0,-163324000.0,1,X|C,1
X,153,C,3,Y,47,K,6,R,1,X,147,S,1,C,3,K,3,X,1,R,1,C,1,S,1,Y,40,"L1:[sp=X,153] C=3,Y=47,K=6,R=1,X=147,S=1 || L2:[sp=C,3] K=3,X=1,R=1,C=1,S=1,Y=40",-inf,-inf,0,X|C,1
X,153,Y,89,C,3,R,3,K,6,X,1,S,1,Y,89,K,1,C,1,X,1,Y,86,S,1,R,3,"L1:[sp=X,153] Y=89,C=3,R=3,K=6,X=1,S=1 || L2:[sp=Y,89] K=1,C=1,X=1,Y=86,S=1,R=3",-99886753.0,-163323000.0,1,X|Y,1
X,153,R,1,X,1,K,6,C,3,Y,89,S,1,C,3,X,1,S,1,R,1,C,1,K,1,Y,10,"L1:[sp=X,153] R=1,X=1,K=6,C=3,Y=89,S=1 || L2:[sp=C,3] X=1,S=1,R=1,C=1,K=1,Y=10",-524197.0,-163324000.0,1,X|C,1
K,153,R,1,X,1,K,6,C,3,S,1,Y,89,C,3,X,1,C,1,S,1,K,5,R,1,Y,55,"L1:[sp=K,153] R=1,X=1,K=6,C=3,S=1,Y=89 || L2:[sp=C,3] X=1,C=1,S=1,K=5,R=1,Y=55",-inf,-inf,0,K|C,1
Y,153,C,3,Y,47,K,6,R,3,X,180,S,1,C,3,K,3,X,1,C,1,R,1,S,1,Y,40,"L1:[sp=Y,153] C=3,Y=47,K=6,R=3,X=180,S=1 || L2:[sp=C,3] K=3,X=1,C=1,R=1,S=1,Y=40",-inf,-inf,0,Y|C,1
X,153,R,1,X,1,K,6,C,3,S,1,Y,89,C,3,X,1,C,1,S,1,K,1,R,1,Y,10,"L1:[sp=X,153] R=1,X=1,K=6,C=3,S=1,Y=89 || L2:[sp=C,3] X=1,C=1,S=1,K=1,R=1,Y=10",-524197.0,-163324000.0,1,X|C,1
X,153,Y,47,C,3,K,6,R,1,X,1,S,3,C,3,K,1,C,1,X,1,Y,40,S,1,R,1,"L1:[sp=X,153] Y=47,C=3,K=6,R=1,X=1,S=3 || L2:[sp=C,3] K=1,C=1,X=1,Y=40,S=1,R=1",-1348501.0,-163324000.0,1,X|C,1
X,153,C,3,Y,89,K,6,R,3,X,1,S,1,C,3,K,5,X,1,C,1,R,2,S,1,Y,33,"L1:[sp=X,153] C=3,Y=89,K=6,R=3,X=1,S=1 || L2:[sp=C,3] K=5,X=1,C=1,R=2,S=1,Y=33",-527437.0,-163324000.0,1,X|C,1
Y,153,R,1,X,1,K,6,C,3,Y,89,S,1,X,1,X,1,C,1,R,1,K,5,S,1,Y,55,"L1:[sp=Y,153] R=1,X=1,K=6,C=3,Y=89,S=1 || L2:[sp=X,1] X=1,C=1,R=1,K=5,S=1,Y=55",-inf,-inf,0,Y|X,1
X,153,R,1,X,1,K,6,C,3,Y,47,S,2,C,3,X,1,S,1,R,1,C,3,K,1,Y,40,"L1:[sp=X,153] R=1,X=1,K=6,C=3,Y=47,S=2 || L2:[sp=C,3] X=1,S=1,R=1,C=3,K=1,Y=40",-2697001.0,-163324000.0,1,X|C,1
X,153,R,1,X,1,K,6,C,3,Y,34,S,1,C,3,X,1,S,1,R,1,C,1,K,1,Y,34,"L1:[sp=X,153] R=1,X=1,K=6,C=3,Y=34,S=1 || L2:[sp=C,3] X=1,S=1,R=1,C=1,K=1,Y=34",-551125.0,-163323000.0,1,X|C,1
X,153,C,3,Y,47,K,6,R,3,X,1,S,1,C,3,K,3,X,1,C,1,R,2,S,1,Y,40,"L1:[sp=X,153] C=3,Y=47,K=6,R=3,X=1,S=1 || L2:[sp=C,3] K=3,X=1,C=1,R=2,S=1,Y=40",-487741.0,-163324000.0,1,X|C,1
X,153,Y,14,C,3,K,6,R,3,X,1,S,1,C,3,K,1,C,1,X,1,Y,14,S,1,R,2,"L1:[sp=X,153] Y=14,C=3,K=6,R=3,X=1,S=1 || L2:[sp=C,3] K=1,C=1,X=1,Y=14,S=1,R=2",-559681.0,-163323000.0,1,X|C,1
X,153,R,2,X,1,K,6,C,3,Y,47,S,1,C,3,X,1,C,1,R,1,K,3,S,1,Y,40,"L1:[sp=X,153] R=2,X=1,K=6,C=3,Y=47,S=1 || L2:[sp=C,3] X=1,C=1,R=1,K=3,S=1,Y=40",-476521.0,-163324000.0,1,X|C,1
X,153,R,1,X,1,K,6,C,3,Y,89,S,1,Y,1,X,1,S,1,R,1,C,1,K,1,Y,55,"L1:[sp=X,153] R=1,X=1,K=6,C=3,Y=89,S=1 || L2:[sp=Y,1] X=1,S=1,R=1,C=1,K=1,Y=55",-inf,-inf,0,X|Y,1
X,153,C,3,Y,47,K,6,R,3,X,1,S,1,K,6,R,2,X,1,K,3,C,1,S,1,Y,40,"L1:[sp=X,153] C=3,Y=47,K=6,R=3,X=1,S=1 || L2:[sp=K,6] R=2,X=1,K=3,C=1,S=1,Y=40",-1462561.0,-163323000.0,1,X|K,1
X,153,C,3,Y,47,K,6,R,1,X,1,S,1,C,3,K,3,X,1,R,1,C,1,S,1,Y,40,"L1:[sp=X,153] C=3,Y=47,K=6,R=1,X=1,S=1 || L2:[sp=C,3] K=3,X=1,R=1,C=1,S=1,Y=40",-465301.0,-163324000.0,1,X|C,1
X,153,R,2,X,1,K,6,C,3,Y,89,S,1,C,3,X,1,S,1,R,2,C,1,K,2,Y,55,"L1:[sp=X,153] R=2,X=1,K=6,C=3,Y=89,S=1 || L2:[sp=C,3] X=1,S=1,R=2,C=1,K=2,Y=55",-652057.0,-163324000.0,1,X|C,1
Y,153,Y,89,C,3,K,6,R,3,X,1,S,3,C,3,K,1,C,1,X,1,Y,86,S,1,R,2,"L1:[sp=Y,153] Y=89,C=3,K=6,R=3,X=1,S=3 || L2:[sp=C,3] K=1,C=1,X=1,Y=86,S=1,R=2",-34911499.0,-163323000.0,1,Y|C,1
X,153,R,1,X,1,K,6,C,3,Y,47,S,1,C,3,X,1,C,1,R,1,K,5,S,1,Y,40,"L1:[sp=X,153] R=1,X=1,K=6,C=3,Y=47,S=1 || L2:[sp=C,3] X=1,C=1,R=1,K=5,S=1,Y=40",-430201.0,-163324000.0,1,X|C,1
X,153,R,1,X,105,K,6,C,3,S,3,Y,89,C,3,X,1,C,1,S,1,K,1,R,1,Y,10,"L1:[sp=X,153] R=1,X=105,K=6,C=3,S=3,Y=89 || L2:[sp=C,3] X=1,C=1,S=1,K=1,R=1,Y=10",-inf,-inf,0,X|C,1
X,153,R,1,X,219,K,6,C,3,Y,89,S,1,C,3,S,1,X,1,R,1,C,1,K,1,Y,10,"L1:[sp=X,153] R=1,X=219,K=6,C=3,Y=89,S=1 || L2:[sp=C,3] S=1,X=1,R=1,C=1,K=1,Y=10",-inf,-inf,0,X|C,1
X,153,R,1,X,154,K,6,C,3,Y,47,S,1,C,3,X,1,S,1,R,1,C,1,K,1,Y,40,"L1:[sp=X,153] R=1,X=154,K=6,C=3,Y=47,S=1 || L2:[sp=C,3] X=1,S=1,R=1,C=1,K=1,Y=40",-inf,-inf,0,X|C,1
X,153,C,3,Y,34,K,6,R,1,X,1,S,1,C,3,K,3,X,1,R,1,C,1,S,1,Y,34,"L1:[sp=X,153] C=3,Y=34,K=6,R=1,X=1,S=1 || L2:[sp=C,3] K=3,X=1,R=1,C=1,S=1,Y=34",-568261.0,-163323000.0,1,X|C,1
C,153,R,2,X,1,K,6,C,3,Y,47,S,1,X,3,X,1,C,1,R,1,K,3,S,1,Y,40,"L1:[sp=C,153] R=2,X=1,K=6,C=3,Y=47,S=1 || L2:[sp=X,3] X=1,C=1,R=1,K=3,S=1,Y=40",-79907521.0,-163323000.0,1,C|X,1
Y,153,R,1,X,1,K,6,C,3,Y,83,S,1,C,3,X,1,S,1,R,1,C,1,K,1,Y,10,"L1:[sp=Y,153] R=1,X=1,K=6,C=3,Y=83,S=1 || L2:[sp=C,3] X=1,S=1,R=1,C=1,K=1,Y=10",-10731169.0,-163323000.0,1,Y|C,1
X,153,R,3,X,1,K,6,C,3,Y,89,S,1,C,3,X,1,S,1,R,2,C,1,K,1,Y,10,"L1:[sp=X,153] R=3,X=1,K=6,C=3,Y=89,S=1 || L2:[sp=C,3] X=1,S=1,R=2,C=1,K=1,Y=10",-532621.0,-163324000.0,1,X|C,1
X,153,C,3,Y,89,K,6,X,1,R,1,S,1,C,3,K,5,X,1,C,1,R,1,S,1,Y,33,"L1:[sp=X,153] C=3,Y=89,K=6,X=1,R=1,S=1 || L2:[sp=C,3] K=5,X=1,C=1,R=1,S=1,Y=33",-515053.0,-163324000.0,1,X|C,1
X,153,R,1,X,70,K,6,C,3,Y,89,S,1,C,3,X,1,S,1,R,1,C,1,K,1,Y,10,"L1:[sp=X,153] R=1,X=70,K=6,C=3,Y=89,S=1 || L2:[sp=C,3] X=1,S=1,R=1,C=1,K=1,Y=10",-inf,-inf,0,X|C,1
X,153,C,3,Y,47,S,1,R,3,X,1,K,6,C,3,K,3,X,1,C,1,R,2,S,1,Y,40,"L1:[sp=X,153] C=3,Y=47,S=1,R=3,X=1,K=6 || L2:[sp=C,3] K=3,X=1,C=1,R=2,S=1,Y=40",-487741.0,-163324000.0,1,X|C,1
X,153,C,3,X,1,K,27,R,1,Y,34,S,1,C,3,X,1,S,1,R,1,C,1,K,1,Y,34,"L1:[sp=X,153] C=3,X=1,K=27,R=1,Y=34,S=1 || L2:[sp=C,3] X=1,S=1,R=1,C=1,K=1,Y=34",-inf,-inf,0,X|C,1
X,153,C,3,Y,47,K,6,R,1,X,1,S,1,C,3,K,3,X,1,R,1,C,1,S,1,Y,40,"L1:[sp=X,153] C=3,Y=47,K=6,R=1,X=1,S=1 || L2:[sp=C,3] K=3,X=1,R=1,C=1,S=1,Y=40",-465301.0,-163324000.0,1,X|C,1
X,153,R,1,X,1,K,6,C,3,S,1,Y,89,C,3,X,1,C,1,S,1,K,2,R,1,Y,10,"L1:[sp=X,153] R=1,X=1,K=6,C=3,S=1,Y=89 || L2:[sp=C,3] X=1,C=1,S=1,K=2,R=1,Y=10",-524197.0,-163324000.0,1,X|C,1
C,153,R,1,X,1,K,6,C,3,Y,89,S,1,C,3,X,1,S,1,R,1,C,1,K,1,Y,10,"L1:[sp=C,153] R=1,X=1,K=6,C=3,Y=89,S=1 || L2:[sp=C,3] X=1,S=1,R=1,C=1,K=1,Y=10",-29354977.0,-163323000.0,1,C|C,1
X,153,C,3,Y,47,K,11,R,1,X,1,S,1,C,3,K,3,X,1,S,1,C,1,R,1,Y,40,"L1:[sp=X,153] C=3,Y=47,K=11,R=1,X=1,S=1 || L2:[sp=C,3] K=3,X=1,S=1,C=1,R=1,Y=40",-450361.0,-163324000.0,1,X|C,1
X,153,C,2,Y,89,R,3,K,6,X,1,S,1,C,3,K,5,X,1,C,2,R,2,S,1,Y,33,"L1:[sp=X,153] C=2,Y=89,R=3,K=6,X=1,S=1 || L2:[sp=C,3] K=5,X=1,C=2,R=2,S=1,Y=33",-inf,-inf,0,X|C,1
X,153,R,3,X,1,K,17,S,1,Y,89,C,3,C,3,X,1,C,1,R,2,K,5,S,1,Y,33,"L1:[sp=X,153] R=3,X=1,K=17,S=1,Y=89,C=3 || L2:[sp=C,3] X=1,C=1,R=2,K=5,S=1,Y=33",-inf,-inf,0,X|C,1
X,153,C,3,Y,68,R,1,K,6,X,1,S,1,C,3,K,4,X,1,C,1,R,1,S,1,Y,40,"L1:[sp=X,153] C=3,Y=68,R=1,K=6,X=1,S=1 || L2:[sp=C,3] K=4,X=1,C=1,R=1,S=1,Y=40",-536113.0,-163324000.0,1,X|C,1
X,153,R,3,X,1,K,6,C,3,Y,47,S,1,Y,1,X,1,C,1,R,3,K,5,S,1,Y,40,"L1:[sp=X,153] R=3,X=1,K=6,C=3,Y=47,S=1 || L2:[sp=Y,1] X=1,C=1,R=3,K=5,S=1,Y=40",-inf,-inf,0,X|Y,1
X,153,R,1,Y,47,K,27,C,3,X,1,S,1,C,3,K,3,X,1,C,1,R,1,S,1,Y,40,"L1:[sp=X,153] R=1,Y=47,K=27,C=3,X=1,S=1 || L2:[sp=C,3] K=3,X=1,C=1,R=1,S=1,Y=40",-inf,-inf,0,X|C,1
X,153,R,1,X,1,K,6,C,3,Y,47,S,1,C,3,X,1,C,1,R,1,K,5,S,1,Y,40,"L1:[sp=X,153] R=1,X=1,K=6,C=3,Y=47,S=1 || L2:[sp=C,3] X=1,C=1,R=1,K=5,S=1,Y=40",-430201.0,-163324000.0,1,X|C,1
X,153,R,1,X,48,K,6,C,3,Y,47,S,1,C,3,X,1,C,1,R,1,K,5,S,1,Y,40,"L1:[sp=X,153] R=1,X=48,K=6,C=3,Y=47,S=1 || L2:[sp=C,3] X=1,C=1,R=1,K=5,S=1,Y=40",-inf,-inf,0,X|C,1
X,153,C,3,K,11,Y,47,R,1,X,1,S,1,C,3,K,3,S,1,X,1,C,1,R,1,Y,40,"L1:[sp=X,153] C=3,K=11,Y=47,R=1,X=1,S=1 || L2:[sp=C,3] K=3,S=1,X=1,C=1,R=1,Y=40",-450361.0,-163324000.0,1,X|C,1
X,153,R,1,X,1,K,6,C,3,S,1,Y,89,C,3,X,1,C,1,S,1,K,4,R,1,Y,10,"L1:[sp=X,153] R=1,X=1,K=6,C=3,S=1,Y=89 || L2:[sp=C,3] X=1,C=1,S=1,K=4,R=1,Y=10",-524197.0,-163324000.0,1,X|C,1
X,153,C,3,Y,47,K,25,R,1,X,1,S,1,C,3,K,3,X,1,S,1,C,1,R,1,Y,40,"L1:[sp=X,153] C=3,Y=47,K=25,R=1,X=1,S=1 || L2:[sp=C,3] K=3,X=1,S=1,C=1,R=1,Y=40",-inf,-inf,0,X|C,1
X,153,R,3,X,1,S,1,C,3,Y,47,K,6,C,3,X,1,C,1,R,2,K,5,S,1,Y,40,"L1:[sp=X,153] R=3,X=1,S=1,C=3,Y=47,K=6 || L2:[sp=C,3] X=1,C=1,R=2,K=5,S=1,Y=40",-450841.0,-163324000.0,1,X|C,1
X,153,Y,47,C,3,S,1,R,1,X,1,K,6,Y,47,K,3,X,1,C,1,R,1,S,1,Y,40,"L1:[sp=X,153] Y=47,C=3,S=1,R=1,X=1,K=6 || L2:[sp=Y,47] K=3,X=1,C=1,R=1,S=1,Y=40",-26767126.0,-163323000.0,1,X|Y,1
K,153,R,3,X,1,K,6,C,3,Y,89,S,1,C,3,X,1,S,1,Y,10,C,1,K,1,R,2,"L1:[sp=K,153] R=3,X=1,K=6,C=3,Y=89,S=1 || L2:[sp=C,3] X=1,S=1,Y=10,C=1,K=1,R=2",-2796193.0,-163323000.0,1,K|C,1
C,153,R,1,X,1,K,12,C,3,Y,47,S,1,C,3,X,1,C,1,R,1,K,5,S,1,Y,40,"L1:[sp=C,153] R=1,X=1,K=12,C=3,Y=47,S=1 || L2:[sp=C,3] X=1,C=1,R=1,K=5,S=1,Y=40",-24433921.0,-163323000.0,1,C|C,1
C,153,C,3,Y,47,K,6,R,1,X,1,S,1,C,3,K,3,X,1,R,1,C,1,S,1,Y,40,"L1:[sp=C,153] C=3,Y=47,K=6,R=1,X=1,S=1 || L2:[sp=C,3] K=3,X=1,R=1,C=1,S=1,Y=40",-26056801.0,-163323000.0,1,C|C,1
X,153,C,3,Y,94,R,1,K,6,X,1,S,1,C,3,K,4,X,1,C,1,R,1,S,1,Y,40,"L1:[sp=X,153] C=3,Y=94,R=1,K=6,X=1,S=1 || L2:[sp=C,3] K=4,X=1,C=1,R=1,S=1,Y=40",-466597.0,-163324000.0,1,X|C,1
X,153,R,1,X,1,K,31,C,3,Y,89,S,1,C,3,X,1,C,1,S,1,K,2,R,1,Y,10,"L1:[sp=X,153] R=1,X=1,K=31,C=3,Y=89,S=1 || L2:[sp=C,3] X=1,C=1,S=1,K=2,R=1,Y=10",-inf,-inf,0,X|C,1
C,153,R,1,X,1,K,6,C,3,Y,47,S,1,K,3,X,1,C,1,Y,40,K,5,S,1,R,1,"L1:[sp=C,153] R=1,X=1,K=6,C=3,Y=47,S=1 || L2:[sp=K,3] X=1,C=1,Y=40,K=5,S=1,R=1",-64975681.0,-163323000.0,1,C|K,1
X,153,C,2,Y,68,R,3,K,41,X,1,S,1,C,3,K,4,X,1,C,1,R,2,S,1,Y,40,"L1:[sp=X,153] C=2,Y=68,R=3,K=41,X=1,S=1 || L2:[sp=C,3] K=4,X=1,C=1,R=2,S=1,Y=40",-inf,-inf,0,X|C,1
X,153,R,1,X,1,K,36,C,3,Y,89,S,1,C,3,X,1,S,1,R,1,C,1,K,1,Y,10,"L1:[sp=X,153] R=1,X=1,K=36,C=3,Y=89,S=1 || L2:[sp=C,3] X=1,S=1,R=1,C=1,K=1,Y=10",-inf,-inf,0,X|C,1
C,153,C,2,Y,47,S,1,R,1,X,92,K,6,X,3,X,1,K,3,S,1,R,1,C,1,Y,40,"L1:[sp=C,153] C=2,Y=47,S=1,R=1,X=92,K=6 || L2:[sp=X,3] X=1,K=3,S=1,R=1,C=1,Y=40",-17607646.0,-163324000.0,1,C|X,1
X,153,R,1,X,1,K,6,C,3,S,1,Y,89,Y,1,X,1,C,1,S,1,K,2,R,1,Y,10,"L1:[sp=X,153] R=1,X=1,K=6,C=3,S=1,Y=89 || L2:[sp=Y,1] X=1,C=1,S=1,K=2,R=1,Y=10",-inf,-inf,0,X|Y,1
X,153,R,3,X,1,K,6,C,3,Y,47,S,1,C,1,X,1,C,1,R,1,K,5,S,1,Y,40,"L1:[sp=X,153] R=3,X=1,K=6,C=3,Y=47,S=1 || L2:[sp=C,1] X=1,C=1,R=1,K=5,S=1,Y=40",-inf,-inf,0,X|C,1
X,153,C,3,X,1,S,1,R,1,Y,47,K,6,C,3,K,3,X,1,C,1,R,1,S,1,Y,41,"L1:[sp=X,153] C=3,X=1,S=1,R=1,Y=47,K=6 || L2:[sp=C,3] K=3,X=1,C=1,R=1,S=1,Y=41",-462925.0,-163324000.0,1,X|C,1
X,153,R,1,X,1,K,6,C,3,S,1,Y,89,C,3,X,1,C,1,S,1,K,2,R,1,Y,10,"L1:[sp=X,153] R=1,X=1,K=6,C=3,S=1,Y=89 || L2:[sp=C,3] X=1,C=1,S=1,K=2,R=1,Y=10",-524197.0,-163324000.0,1,X|C,1
X,153,C,3,Y,47,K,11,R,1,X,1,S,2,C,3,K,3,X,1,S,1,C,1,R,1,Y,40,"L1:[sp=X,153] C=3,Y=47,K=11,R=1,X=1,S=2 || L2:[sp=C,3] K=3,X=1,S=1,C=1,R=1,Y=40",-899281.0,-163324000.0,1,X|C,1
X,153,R,1,X,1,K,6,C,3,Y,47,S,1,C,3,X,1,C,1,R,1,K,5,S,1,Y,40,"L1:[sp=X,153] R=1,X=1,K=6,C=3,Y=47,S=1 || L2:[sp=C,3] X=1,C=1,R=1,K=5,S=1,Y=40",-430201.0,-163324000.0,1,X|C,1
C,153,C,3,K,11,Y,89,R,1,X,168,S,1,X,3,K,3,S,1,X,1,C,1,R,1,Y,11,"L1:[sp=C,153] C=3,K=11,Y=89,R=1,X=168,S=1 || L2:[sp=X,3] K=3,S=1,X=1,C=1,R=1,Y=11",-inf,-inf,0,C|X,1
X,153,R,1,X,1,K,6,C,3,S,1,Y,47,C,3,X,1,C,1,S,1,K,2,R,1,Y,40,"L1:[sp=X,153] R=1,X=1,K=6,C=3,S=1,Y=47 || L2:[sp=C,3] X=1,C=1,S=1,K=2,R=1,Y=40",-451261.0,-163324000.0,1,X|C,1
X,153,C,3,X,1,S,1,R,1,Y,47,K,6,C,3,K,3,X,1,C,1,R,1,S,1,Y,41,"L1:[sp=X,153] C=3,X=1,S=1,R=1,Y=47,K=6 || L2:[sp=C,3] K=3,X=1,C=1,R=1,S=1,Y=41",-462925.0,-163324000.0,1,X|C,1
X,153,C,3,Y,94,R,1,K,6,X,1,S,1,C,3,K,4,X,1,C,1,R,1,S,1,Y,40,"L1:[sp=X,153] C=3,Y=94,R=1,K=6,X=1,S=1 || L2:[sp=C,3] K=4,X=1,C=1,R=1,S=1,Y=40",-466597.0,-163324000.0,1,X|C,1
X,153,C,1,K,11,Y,47,R,1,X,1,S,1,C,3,K,3,S,1,X,1,C,1,R,1,Y,41,"L1:[sp=X,153] C=1,K=11,Y=47,R=1,X=1,S=1 || L2:[sp=C,3] K=3,S=1,X=1,C=1,R=1,Y=41",-1344169.0,-163324000.0,1,X|C,1
X,153,C,3,X,1,S,1,R,1,Y,47,K,6,C,3,K,3,X,1,C,2,R,1,S,1,Y,40,"L1:[sp=X,153] C=3,X=1,S=1,R=1,Y=47,K=6 || L2:[sp=C,3] K=3,X=1,C=2,R=1,S=1,Y=40",-928621.0,-163324000.0,1,X|C,1
X,153,C,3,Y,47,K,52,R,1,X,1,S,2,C,3,K,3,X,1,S,1,C,2,R,1,Y,40,"L1:[sp=X,153] C=3,Y=47,K=52,R=1,X=1,S=2 || L2:[sp=C,3] K=3,X=1,S=1,C=2,R=1,Y=40",-inf,-inf,0,X|C,1
X,153,C,3,S,1,R,1,K,6,X,1,Y,94,C,1,K,4,X,1,C,1,R,1,S,1,Y,40,"L1:[sp=X,153] C=3,S=1,R=1,K=6,X=1,Y=94 || L2:[sp=C,1] K=4,X=1,C=1,R=1,S=1,Y=40",-inf,-inf,0,X|C,1
X,153,K,34,X,1,S,1,C,3,R,3,Y,47,K,2,X,1,C,1,R,2,K,5,S,1,Y,40,"L1:[sp=X,153] K=34,X=1,S=1,C=3,R=3,Y=47 || L2:[sp=K,2] X=1,C=1,R=2,K=5,S=1,Y=40",-inf,-inf,0,X|K,1
X,153,C,3,Y,94,R,2,K,51,X,47,S,1,C,3,K,4,X,1,C,1,R,1,S,1,Y,40,"L1:[sp=X,153] C=3,Y=94,R=2,K=51,X=47,S=1 || L2:[sp=C,3] K=4,X=1,C=1,R=1,S=1,Y=40",-inf,-inf,0,X|C,1
X,153,C,3,X,1,S,3,R,1,Y,47,K,6,C,3,K,3,X,1,C,2,R,1,S,1,Y,46,"L1:[sp=X,153] C=3,X=1,S=3,R=1,Y=47,K=6 || L2:[sp=C,3] K=3,X=1,C=2,R=1,S=1,Y=46",-2695045.0,-163324000.0,1,X|C,1
X,153,R,3,X,1,S,1,C,3,Y,47,K,6,C,3,X,1,C,1,R,1,K,5,Y,40,S,1,"L1:[sp=X,153] R=3,X=1,S=1,C=3,Y=47,K=6 || L2:[sp=C,3] X=1,C=1,R=1,K=5,Y=40,S=1",-450841.0,-163324000.0,1,X|C,1
X,153,R,1,X,1,K,6,C,3,S,1,Y,89,C,3,X,1,C,1,S,1,K,4,R,1,Y,10,"L1:[sp=X,153] R=1,X=1,K=6,C=3,S=1,Y=89 || L2:[sp=C,3] X=1,C=1,S=1,K=4,R=1,Y=10",-524197.0,-163324000.0,1,X|C,1
X,153,C,3,X,1,S,1,R,1,Y,47,K,6,C,3,K,3,X,1,C,1,R,1,S,1,Y,41,"L1:[sp=X,153] C=3,X=1,S=1,R=1,Y=47,K=6 || L2:[sp=C,3] K=3,X=1,C=1,R=1,S=1,Y=41",-462925.0,-163324000.0,1,X|C,1
X,153,C,3,X,1,S,1,R,1,Y,47,K,6,X,1,K,3,X,1,C,1,R,1,S,1,Y,41,"L1:[sp=X,153] C=3,X=1,S=1,R=1,Y=47,K=6 || L2:[sp=X,1] K=3,X=1,C=1,R=1,S=1,Y=41",-inf,-inf,0,X|X,1
X,153,C,3,K,11,Y,47,R,1,X,1,S,2,C,3,K,3,S,1,X,1,C,1,R,1,Y,40,"L1:[sp=X,153] C=3,K=11,Y=47,R=1,X=1,S=2 || L2:[sp=C,3] K=3,S=1,X=1,C=1,R=1,Y=40",-899281.0,-163324000.0,1,X|C,1
X,153,C,3,Y,183,R,2,K,6,X,1,S,1,Y,1,R,1,X,1,S,1,K,4,C,1,Y,40,"L1:[sp=X,153] C=3,Y=183,R=2,K=6,X=1,S=1 || L2:[sp=Y,1] R=1,X=1,S=1,K=4,C=1,Y=40",-inf,-inf,0,X|Y,1
X,153,R,1,X,1,K,6,C,3,Y,47,S,1,C,3,X,1,C,1,R,1,K,5,S,1,Y,40,"L1:[sp=X,153] R=1,X=1,K=6,C=3,Y=47,S=1 || L2:[sp=C,3] X=1,C=1,R=1,K=5,S=1,Y=40",-430201.0,-163324000.0,1,X|C,1
X,153,C,3,Y,47,K,11,R,1,X,1,S,1,C,3,K,3,X,1,S,1,C,1,R,1,Y,41,"L1:[sp=X,153] C=3,Y=47,K=11,R=1,X=1,S=1 || L2:[sp=C,3] K=3,X=1,S=1,C=1,R=1,Y=41",-448057.0,-163324000.0,1,X|C,1
X,153,C,3,X,1,S,2,R,1,Y,47,K,6,C,3,K,3,X,1,C,1,R,1,S,1,Y,40,"L1:[sp=X,153] C=3,X=1,S=2,R=1,Y=47,K=6 || L2:[sp=C,3] K=3,X=1,C=1,R=1,S=1,Y=40",-927961.0,-163324000.0,1,X|C,1
X,153,R,1,X,1,K,6,C,3,Y,47,S,1,C,3,X,1,C,1,R,1,K,5,S,1,Y,40,"L1:[sp=X,153] R=1,X=1,K=6,C=3,Y=47,S=1 || L2:[sp=C,3] X=1,C=1,R=1,K=5,S=1,Y=40",-430201.0,-163324000.0,1,X|C,1
C,153,C,3,X,1,S,1,R,1,Y,150,K,6,X,3,K,4,X,1,C,1,R,1,S,1,Y,41,"L1:[sp=C,153] C=3,X=1,S=1,R=1,Y=150,K=6 || L2:[sp=X,3] K=4,X=1,C=1,R=1,S=1,Y=41",-84426049.0,-163323000.0,1,C|X,1
X,153,C,3,Y,47,K,11,R,1,X,1,S,1,Y,1,K,7,R,1,S,1,C,1,X,1,Y,41,"L1:[sp=X,153] C=3,Y=47,K=11,R=1,X=1,S=1 || L2:[sp=Y,1] K=7,R=1,S=1,C=1,X=1,Y=41",-inf,-inf,0,X|Y,1
X,153,C,3,X,92,S,3,R,1,Y,47,K,6,C,3,K,3,R,1,C,1,X,1,S,1,Y,41,"L1:[sp=X,153] C=3,X=92,S=3,R=1,Y=47,K=6 || L2:[sp=C,3] K=3,R=1,C=1,X=1,S=1,Y=41",-inf,-inf,0,X|C,1
C,153,R,1,X,1,K,6,C,1,S,1,Y,47,X,3,X,1,C,1,S,1,K,2,R,1,Y,40,"L1:[sp=C,153] R=1,X=1,K=6,C=1,S=1,Y=47 || L2:[sp=X,3] X=1,C=1,S=1,K=2,R=1,Y=40",-25270561.0,-163323000.0,1,C|X,1
C,153,R,3,X,1,K,6,C,3,S,1,Y,47,X,3,X,1,C,3,S,1,K,4,R,1,Y,40,"L1:[sp=C,153] R=3,X=1,K=6,C=3,S=1,Y=47 || L2:[sp=X,3] X=1,C=3,S=1,K=4,R=1,Y=40",-inf,-inf,0,C|X,1
X,153,R,1,X,1,S,3,C,3,Y,89,K,6,C,3,X,1,C,1,R,1,K,5,Y,10,S,1,"L1:[sp=X,153] R=1,X=1,S=3,C=3,Y=89,K=6 || L2:[sp=C,3] X=1,C=1,R=1,K=5,Y=10,S=1",-inf,-inf,0,X|C,1
X,153,C,3,X,1,S,1,R,1,Y,113,K,6,C,3,K,3,X,1,C,1,R,1,S,1,Y,41,"L1:[sp=X,153] C=3,X=1,S=1,R=1,Y=113,K=6 || L2:[sp=C,3] K=3,X=1,C=1,R=1,S=1,Y=41",-inf,-inf,0,X|C,1
X,153,C,3,Y,94,R,1,K,6,X,74,S,1,C,3,C,1,X,1,K,4,R,1,S,1,Y,75,"L1:[sp=X,153] C=3,Y=94,R=1,K=6,X=74,S=1 || L2:[sp=C,3] C=1,X=1,K=4,R=1,S=1,Y=75",-inf,-inf,0,X|C,1
X,153,R,1,X,1,K,6,C,3,S,1,Y,89,K,1,X,1,C,3,S,1,K,4,R,1,Y,10,"L1:[sp=X,153] R=1,X=1,K=6,C=3,S=1,Y=89 || L2:[sp=K,1] X=1,C=3,S=1,K=4,R=1,Y=10",-inf,-inf,0,X|K,1
X,153,R,3,X,1,S,1,C,3,Y,47,K,6,C,3,X,1,C,1,R,1,K,5,Y,40,S,1,"L1:[sp=X,153] R=3,X=1,S=1,C=3,Y=47,K=6 || L2:[sp=C,3] X=1,C=1,R=1,K=5,Y=40,S=1",-450841.0,-163324000.0,1,X|C,1
X,153,R,1,X,1,K,6,C,3,Y,89,S,1,C,3,Y,10,C,1,R,1,K,5,S,1,X,1,"L1:[sp=X,153] R=1,X=1,K=6,C=3,Y=89,S=1 || L2:[sp=C,3] Y=10,C=1,R=1,K=5,S=1,X=1",-499681.0,-163324000.0,1,X|C,1
X,153,R,1,X,1,K,6,C,3,S,2,Y,47,C,3,X,1,C,1,S,1,K,4,R,1,Y,40,"L1:[sp=X,153] R=1,X=1,K=6,C=3,S=2,Y=47 || L2:[sp=C,3] X=1,C=1,S=1,K=4,R=1,Y=40",-899881.0,-163324000.0,1,X|C,1
X,153,C,3,Y,47,K,11,R,1,X,1,S,1,C,3,K,3,X,1,S,1,C,1,R,1,Y,41,"L1:[sp=X,153] C=3,Y=47,K=11,R=1,X=1,S=1 || L2:[sp=C,3] K=3,X=1,S=1,C=1,R=1,Y=41",-448057.0,-163324000.0,1,X|C,1
X,153,C,3,Y,94,R,1,K,6,X,1,S,1,C,3,K,4,X,1,C,1,R,1,S,1,Y,40,"L1:[sp=X,153] C=3,Y=94,R=1,K=6,X=1,S=1 || L2:[sp=C,3] K=4,X=1,C=1,R=1,S=1,Y=40",-466597.0,-163324000.0,1,X|C,1
X,153,C,3,Y,47,K,11,R,3,X,1,S,1,C,3,K,3,X,1,S,1,C,3,R,1,Y,41,"L1:[sp=X,153] C=3,Y=47,K=11,R=3,X=1,S=1 || L2:[sp=C,3] K=3,X=1,S=1,C=3,R=1,Y=41",-1410409.0,-163324000.0,1,X|C,1
X,153,R,1,X,1,S,1,C,3,Y,47,K,6,C,3,X,1,C,1,K,5,R,1,Y,40,S,1,"L1:[sp=X,153] R=1,X=1,S=1,C=3,Y=47,K=6 || L2:[sp=C,3] X=1,C=1,K=5,R=1,Y=40,S=1",-430201.0,-163324000.0,1,X|C,1
X,153,C,3,K,11,Y,47,R,2,X,1,S,1,C,3,Y,41,S,1,X,1,C,1,R,1,K,3,"L1:[sp=X,153] C=3,K=11,Y=47,R=2,X=1,S=1 || L2:[sp=C,3] Y=41,S=1,X=1,C=1,R=1,K=3",-459217.0,-163324000.0,1,X|C,1
X,153,C,3,X,1,S,2,R,1,Y,210,K,6,X,1,K,3,X,1,C,1,R,1,S,1,Y,40,"L1:[sp=X,153] C=3,X=1,S=2,R=1,Y=210,K=6 || L2:[sp=X,1] K=3,X=1,C=1,R=1,S=1,Y=40",-inf,-inf,0,X|X,1
X,153,C,3,Y,47,K,11,R,1,X,1,S,1,C,3,K,3,R,1,S,1,C,1,X,1,Y,41,"L1:[sp=X,153] C=3,Y=47,K=11,R=1,X=1,S=1 || L2:[sp=C,3] K=3,R=1,S=1,C=1,X=1,Y=41",-448057.0,-163324000.0,1,X|C,1
X,153,R,1,X,1,K,6,C,3,Y,47,S,1,C,3,X,1,C,1,R,1,K,5,S,1,Y,40,"L1:[sp=X,153] R=1,X=1,K=6,C=3,Y=47,S=1 || L2:[sp=C,3] X=1,C=1,R=1,K=5,S=1,Y=40",-430201.0,-163324000.0,1,X|C,1
X,153,C,3,Y,47,K,11,R,1,X,125,S,1,C,3,K,3,R,1,S,1,C,1,X,1,Y,22,"L1:[sp=X,153] C=3,Y=47,K=11,R=1,X=125,S=1 || L2:[sp=C,3] K=3,R=1,S=1,C=1,X=1,Y=22",-inf,-inf,0,X|C,1
X,153,R,1,X,1,K,6,C,3,Y,89,S,1,C,3,Y,10,C,1,R,1,K,5,S,1,X,1,"L1:[sp=X,153] R=1,X=1,K=6,C=3,Y=89,S=1 || L2:[sp=C,3] Y=10,C=1,R=1,K=5,S=1,X=1",-499681.0,-163324000.0,1,X|C,1
X,153,R,1,X,1,S,1,C,3,Y,47,K,6,C,3,S,1,C,1,K,5,R,1,Y,40,X,1,"L1:[sp=X,153] R=1,X=1,S=1,C=3,Y=47,K=6 || L2:[sp=C,3] S=1,C=1,K=5,R=1,Y=40,X=1",-430201.0,-163324000.0,1,X|C,1
X,153,R,1,X,1,K,6,C,3,Y,47,S,1,C,3,X,1,C,1,R,1,K,5,S,1,Y,40,"L1:[sp=X,153] R=1,X=1,K=6,C=3,Y=47,S=1 || L2:[sp=C,3] X=1,C=1,R=1,K=5,S=1,Y=40",-430201.0,-163324000.0,1,X|C,1
X,153,C,3,Y,47,K,18,R,1,X,1,S,2,C,3,K,3,R,1,S,1,C,1,X,1,Y,41,"L1:[sp=X,153] C=3,Y=47,K=18,R=1,X=1,S=2 || L2:[sp=C,3] K=3,R=1,S=1,C=1,X=1,Y=41",-inf,-inf,0,X|C,1
X,153,R,1,X,1,S,1,C,3,Y,47,K,6,C,3,X,1,C,1,K,5,R,1,Y,40,S,1,"L1:[sp=X,153] R=1,X=1,S=1,C=3,Y=47,K=6 || L2:[sp=C,3] X=1,C=1,K=5,R=1,Y=40,S=1",-430201.0,-163324000.0,1,X|C,1
X,153,C,3,Y,47,K,11,R,1,X,1,S,1,C,3,K,3,R,1,S,1,C,1,X,1,Y,41,"L1:[sp=X,153] C=3,Y=47,K=11,R=1,X=1,S=1 || L2:[sp=C,3] K=3,R=1,S=1,C=1,X=1,Y=41",-448057.0,-163324000.0,1,X|C,1
X,153,C,3,Y,47,K,11,R,1,X,1,S,1,C,3,K,7,X,1,S,1,C,1,R,1,Y,41,"L1:[sp=X,153] C=3,Y=47,K=11,R=1,X=1,S=1 || L2:[sp=C,3] K=7,X=1,S=1,C=1,R=1,Y=41",-inf,-inf,0,X|C,1
X,153,R,1,X,1,K,6,C,3,Y,89,S,1,C,3,Y,67,C,1,R,1,K,5,S,1,X,1,"L1:[sp=X,153] R=1,X=1,K=6,C=3,Y=89,S=1 || L2:[sp=C,3] Y=67,C=1,R=1,K=5,S=1,X=1",-inf,-inf,0,X|C,1
X,153,C,3,Y,47,K,11,R,1,X,1,S,1,C,3,K,3,X,1,S,1,C,1,R,1,Y,15,"L1:[sp=X,153] C=3,Y=47,K=11,R=1,X=1,S=1 || L2:[sp=C,3] K=3,X=1,S=1,C=1,R=1,Y=15",-507961.0,-163324000.0,1,X|C,1
X,153,K,11,Y,17,C,3,R,1,X,46,S,1,C,3,K,3,X,1,S,1,C,1,R,1,Y,17,"L1:[sp=X,153] K=11,Y=17,C=3,R=1,X=46,S=1 || L2:[sp=C,3] K=3,X=1,S=1,C=1,R=1,Y=17",-6306805.0,-163324000.0,1,X|C,1
X,153,R,2,X,1,S,1,C,3,Y,47,K,6,C,3,X,1,C,1,R,1,K,5,Y,40,S,1,"L1:[sp=X,153] R=2,X=1,S=1,C=3,Y=47,K=6 || L2:[sp=C,3] X=1,C=1,R=1,K=5,Y=40,S=1",-440521.0,-163324000.0,1,X|C,1
X,153,R,1,X,1,S,1,C,3,Y,89,K,6,C,3,X,1,C,1,K,6,R,1,Y,10,S,1,"L1:[sp=X,153] R=1,X=1,S=1,C=3,Y=89,K=6 || L2:[sp=C,3] X=1,C=1,K=6,R=1,Y=10,S=1",-540541.0,-163324000.0,1,X|C,1
C,153,R,1,X,1,S,1,C,3,Y,47,K,6,C,3,Y,40,C,1,R,1,K,5,S,1,X,1,"L1:[sp=C,153] R=1,X=1,S=1,C=3,Y=47,K=6 || L2:[sp=C,3] Y=40,C=1,R=1,K=5,S=1,X=1",-24091201.0,-163323000.0,1,C|C,1
X,153,R,3,X,147,K,33,C,3,Y,47,S,2,C,3,X,1,C,1,R,1,K,5,S,1,Y,40,"L1:[sp=X,153] R=3,X=147,K=33,C=3,Y=47,S=2 || L2:[sp=C,3] X=1,C=1,R=1,K=5,S=1,Y=40",-inf,-inf,0,X|C,1
X,153,X,1,R,1,S,1,C,3,Y,47,K,6,C,3,X,1,C,1,R,1,K,5,Y,22,S,1,"L1:[sp=X,153] X=1,R=1,S=1,C=3,Y=47,K=6 || L2:[sp=C,3] X=1,C=1,R=1,K=5,Y=22,S=1",-469729.0,-163324000.0,1,X|C,1
C,153,R,3,X,1,S,1,C,3,Y,47,K,6,C,3,X,1,C,1,R,1,K,5,Y,40,S,1,"L1:[sp=C,153] R=3,X=1,S=1,C=3,Y=47,K=6 || L2:[sp=C,3] X=1,C=1,R=1,K=5,Y=40,S=1",-25247041.0,-163323000.0,1,C|C,1
X,153,C,2,Y,47,K,11,R,1,X,1,S,1,C,3,K,3,X,1,S,1,C,1,R,1,Y,41,"L1:[sp=X,153] C=2,Y=47,K=11,R=1,X=1,S=1 || L2:[sp=C,3] K=3,X=1,S=1,C=1,R=1,Y=41",-896113.0,-163324000.0,1,X|C,1
X,153,R,2,X,1,S,1,C,3,Y,47,K,6,C,3,X,1,C,1,K,5,R,1,Y,41,S,1,"L1:[sp=X,153] R=2,X=1,S=1,C=3,Y=47,K=6 || L2:[sp=C,3] X=1,C=1,K=5,R=1,Y=41,S=1",-438325.0,-163324000.0,1,X|C,1
X,153,X,1,K,11,Y,37,R,1,C,3,S,1,C,3,Y,37,R,1,X,1,C,1,S,1,K,3,"L1:[sp=X,153] X=1,K=11,Y=37,R=1,C=3,S=1 || L2:[sp=C,3] Y=37,R=1,X=1,C=1,S=1,K=3",-598249.0,-163324000.0,1,X|C,1
X,153,R,1,X,1,K,6,C,3,Y,47,S,1,C,3,X,1,C,1,R,1,K,5,S,1,Y,40,"L1:[sp=X,153] R=1,X=1,K=6,C=3,Y=47,S=1 || L2:[sp=C,3] X=1,C=1,R=1,K=5,S=1,Y=40",-430201.0,-163324000.0,1,X|C,1
X,153,R,1,X,1,S,1,C,3,Y,47,K,22,C,3,S,1,C,1,K,5,R,1,Y,40,X,1,"L1:[sp=X,153] R=1,X=1,S=1,C=3,Y=47,K=22 || L2:[sp=C,3] S=1,C=1,K=5,R=1,Y=40,X=1",-inf,-inf,0,X|C,1
X,153,X,1,R,1,S,1,C,1,Y,47,K,41,C,3,X,1,C,1,R,1,K,5,Y,22,S,1,"L1:[sp=X,153] X=1,R=1,S=1,C=1,Y=47,K=41 || L2:[sp=C,3] X=1,C=1,R=1,K=5,Y=22,S=1",-inf,-inf,0,X|C,1
X,153,X,1,R,1,S,1,C,3,Y,47,K,6,C,3,S,1,C,1,K,5,R,1,Y,40,X,1,"L1:[sp=X,153] X=1,R=1,S=1,C=3,Y=47,K=6 || L2:[sp=C,3] S=1,C=1,K=5,R=1,Y=40,X=1",-430201.0,-163324000.0,1,X|C,1
X,153,R,1,X,1,K,5,C,3,Y,89,S,1,C,3,Y,10,C,3,R,1,K,5,S,1,X,1,"L1:[sp=X,153] R=1,X=1,K=5,C=3,Y=89,S=1 || L2:[sp=C,3] Y=10,C=3,R=1,K=5,S=1,X=1",-1594945.0,-163324000.0,1,X|C,1
X,153,R,2,X,1,S,1,C,1,Y,47,K,6,C,3,X,1,C,1,R,1,K,5,Y,40,S,1,"L1:[sp=X,153] R=2,X=1,S=1,C=1,Y=47,K=6 || L2:[sp=C,3] X=1,C=1,R=1,K=5,Y=40,S=1",-1321561.0,-163324000.0,1,X|C,1
X,153,R,1,X,1,S,2,C,3,Y,47,K,6,C,3,S,1,C,1,K,4,R,1,Y,40,X,1,"L1:[sp=X,153] R=1,X=1,S=2,C=3,Y=47,K=6 || L2:[sp=C,3] S=1,C=1,K=4,R=1,Y=40,X=1",-899881.0,-163324000.0,1,X|C,1
X,153,R,1,X,60,K,6,C,3,Y,89,S,1,C,3,Y,10,C,1,R,1,K,5,S,1,X,1,"L1:[sp=X,153] R=1,X=60,K=6,C=3,Y=89,S=1 || L2:[sp=C,3] Y=10,C=1,R=1,K=5,S=1,X=1",-inf,-inf,0,X|C,1
X,153,X,181,R,1,S,1,C,3,K,6,Y,47,C,3,X,1,C,1,R,1,K,2,Y,22,S,1,"L1:[sp=X,153] X=181,R=1,S=1,C=3,K=6,Y=47 || L2:[sp=C,3] X=1,C=1,R=1,K=2,Y=22,S=1",-inf,-inf,0,X|C,1
X,153,C,3,X,1,K,11,R,1,Y,47,S,1,C,3,K,3,R,1,S,1,C,1,X,1,Y,40,"L1:[sp=X,153] C=3,X=1,K=11,R=1,Y=47,S=1 || L2:[sp=C,3] K=3,R=1,S=1,C=1,X=1,Y=40",-450361.0,-163324000.0,1,X|C,1
X,153,R,1,X,1,K,6,C,3,Y,47,S,1,C,3,Y,41,C,1,R,1,K,5,S,1,X,1,"L1:[sp=X,153] R=1,X=1,K=6,C=3,Y=47,S=1 || L2:[sp=C,3] Y=41,C=1,R=1,K=5,S=1,X=1",-428005.0,-163324000.0,1,X|C,1
X,153,C,3,Y,47,K,11,R,1,X,176,S,3,C,3,K,3,R,1,S,1,C,1,X,1,Y,41,"L1:[sp=X,153] C=3,Y=47,K=11,R=1,X=176,S=3 || L2:[sp=C,3] K=3,R=1,S=1,C=1,X=1,Y=41",-inf,-inf,0,X|C,1
X,153,X,1,S,1,K,6,C,3,Y,89,R,1,X,1,Y,10,C,1,R,1,K,5,S,1,X,1,"L1:[sp=X,153] X=1,S=1,K=6,C=3,Y=89,R=1 || L2:[sp=X,1] Y=10,C=1,R=1,K=5,S=1,X=1",-inf,-inf,0,X|X,1
X,153,X,1,R,1,S,1,C,2,Y,47,K,6,C,3,X,1,C,1,R,1,K,5,Y,33,S,1,"L1:[sp=X,153] X=1,R=1,S=1,C=2,Y=47,K=6 || L2:[sp=C,3] X=1,C=1,R=1,K=5,Y=33,S=1",-1036081.0,-163324000.0,1,X|C,1
X,153,R,1,X,1,K,6,C,3,Y,47,S,1,C,3,X,1,C,1,R,1,K,5,S,1,Y,40,"L1:[sp=X,153] R=1,X=1,K=6,C=3,Y=47,S=1 || L2:[sp=C,3] X=1,C=1,R=1,K=5,S=1,Y=40",-430201.0,-163324000.0,1,X|C,1
X,153,C,3,Y,47,K,11,R,1,X,1,S,1,C,3,K,3,R,1,S,1,C,1,X,1,Y,41,"L1:[sp=X,153] C=3,Y=47,K=11,R=1,X=1,S=1 || L2:[sp=C,3] K=3,R=1,S=1,C=1,X=1,Y=41",-448057.0,-163324000.0,1,X|C,1
X,153,R,1,X,1,S,1,C,3,Y,47,K,53,C,3,S,1,C,1,K,5,R,1,Y,40,X,1,"L1:[sp=X,153] R=1,X=1,S=1,C=3,Y=47,K=53 || L2:[sp=C,3] S=1,C=1,K=5,R=1,Y=40,X=1",-inf,-inf,0,X|C,1
X,153,R,1,X,1,C,3,K,6,Y,47,S,1,C,3,X,1,C,1,R,1,K,5,S,1,Y,40,"L1:[sp=X,153] R=1,X=1,C=3,K=6,Y=47,S=1 || L2:[sp=C,3] X=1,C=1,R=1,K=5,S=1,Y=40",-430201.0,-163324000.0,1,X|C,1
X,153,R,1,X,1,S,1,C,3,Y,101,K,6,C,3,X,1,C,2,K,5,R,1,Y,40,S,1,"L1:[sp=X,153] R=1,X=1,S=1,C=3,Y=101,K=6 || L2:[sp=C,3] X=1,C=2,K=5,R=1,Y=40,S=1",-inf,-inf,0,X|C,1
X,153,R,1,X,1,S,1,C,3,Y,47,K,6,C,3,S,1,C,1,X,1,R,1,Y,40,K,5,"L1:[sp=X,153] R=1,X=1,S=1,C=3,Y=47,K=6 || L2:[sp=C,3] S=1,C=1,X=1,R=1,Y=40,K=5",-430201.0,-163324000.0,1,X|C,1
X,153,C,3,Y,47,K,11,R,1,X,1,S,1,Y,47,K,3,R,1,S,1,C,1,X,1,Y,41,"L1:[sp=X,153] C=3,Y=47,K=11,R=1,X=1,S=1 || L2:[sp=Y,47] K=3,R=1,S=1,C=1,X=1,Y=41",-26588251.0,-163323000.0,1,X|Y,1
X,153,R,1,X,1,K,6,C,3,Y,47,S,1,C,3,Y,41,C,1,R,1,K,5,S,1,X,1,"L1:[sp=X,153] R=1,X=1,K=6,C=3,Y=47,S=1 || L2:[sp=C,3] Y=41,C=1,R=1,K=5,S=1,X=1",-428005.0,-163324000.0,1,X|C,1
X,153,R,1,X,1,S,2,C,3,Y,47,K,37,C,3,S,1,C,1,K,4,R,1,Y,40,X,1,"L1:[sp=X,153] R=1,X=1,S=2,C=3,Y=47,K=37 || L2:[sp=C,3] S=1,C=1,K=4,R=1,Y=40,X=1",-inf,-inf,0,X|C,1
X,153,C,3,X,1,K,11,R,3,Y,47,S,1,C,3,K,3,R,1,C,1,S,1,X,1,Y,40,"L1:[sp=X,153] C=3,X=1,K=11,R=3,Y=47,S=1 || L2:[sp=C,3] K=3,R=1,C=1,S=1,X=1,Y=40",-472681.0,-163324000.0,1,X|C,1
X,153,X,1,R,1,S,3,C,3,Y,47,K,6,C,3,S,1,C,2,K,5,R,1,Y,40,X,1,"L1:[sp=X,153] X=1,R=1,S=3,C=3,Y=47,K=6 || L2:[sp=C,3] S=1,C=2,K=5,R=1,Y=40,X=1",-inf,-inf,0,X|C,1
X,153,R,1,X,1,S,1,C,3,Y,47,K,6,C,3,C,1,S,1,X,1,R,1,Y,40,K,5,"L1:[sp=X,153] R=1,X=1,S=1,C=3,Y=47,K=6 || L2:[sp=C,3] C=1,S=1,X=1,R=1,Y=40,K=5",-430201.0,-163324000.0,1,X|C,1
Y,153,R,3,X,1,C,3,K,6,Y,47,S,1,C,3,X,1,C,1,K,5,R,1,S,1,Y,40,"L1:[sp=Y,153] R=3,X=1,C=3,K=6,Y=47,S=1 || L2:[sp=C,3] X=1,C=1,K=5,R=1,S=1,Y=40",-6033217.0,-163324000.0,1,Y|C,1
X,153,C,3,X,204,K,11,R,1,Y,47,S,1,C,3,K,3,R,1,S,1,C,1,X,1,Y,25,"L1:[sp=X,153] C=3,X=204,K=11,R=1,Y=47,S=1 || L2:[sp=C,3] K=3,R=1,S=1,C=1,X=1,Y=25",-inf,-inf,0,X|C,1
X,153,R,1,X,1,K,6,C,3,Y,47,S,1,C,3,X,1,R,1,C,1,K,5,S,1,Y,40,"L1:[sp=X,153] R=1,X=1,K=6,C=3,Y=47,S=1 || L2:[sp=C,3] X=1,R=1,C=1,K=5,S=1,Y=40",-430201.0,-163324000.0,1,X|C,1
X,153,X,1,C,3,K,11,R,1,Y,47,S,3,C,3,K,3,R,1,S,2,C,1,X,1,Y,40,"L1:[sp=X,153] X=1,C=3,K=11,R=1,Y=47,S=3 || L2:[sp=C,3] K=3,R=1,S=2,C=1,X=1,Y=40",-inf,-inf,0,X|C,1
X,153,R,1,X,1,K,10,C,3,Y,142,S,1,C,3,X,1,C,1,R,1,K,5,S,1,Y,40,"L1:[sp=X,153] R=1,X=1,K=10,C=3,Y=142,S=1 || L2:[sp=C,3] X=1,C=1,R=1,K=5,S=1,Y=40",-inf,-inf,0,X|C,1
C,153,R,1,X,1,S,1,C,2,Y,47,K,6,X,3,S,1,C,1,X,1,R,1,Y,40,K,5,"L1:[sp=C,153] R=1,X=1,S=1,C=2,Y=47,K=6 || L2:[sp=X,3] S=1,C=1,X=1,R=1,Y=40,K=5",-48071521.0,-163323000.0,1,C|X,1
X,153,R,1,X,1,S,2,C,3,Y,47,K,6,C,3,S,1,C,1,X,1,R,1,Y,40,K,5,"L1:[sp=X,153] R=1,X=1,S=2,C=3,Y=47,K=6 || L2:[sp=C,3] S=1,C=1,X=1,R=1,Y=40,K=5",-857761.0,-163324000.0,1,X|C,1
X,153,R,1,X,206,S,2,C,3,Y,47,K,6,C,3,S,1,C,1,K,4,R,1,Y,40,X,204,"L1:[sp=X,153] R=1,X=206,S=2,C=3,Y=47,K=6 || L2:[sp=C,3] S=1,C=1,K=4,R=1,Y=40,X=204",-inf,-inf,0,X|C,1
X,153,R,1,X,129,S,1,C,3,Y,47,K,6,C,3,S,1,C,1,X,1,R,1,Y,40,K,5,"L1:[sp=X,153] R=1,X=129,S=1,C=3,Y=47,K=6 || L2:[sp=C,3] S=1,C=1,X=1,R=1,Y=40,K=5",-inf,-inf,0,X|C,1
X,153,C,3,X,1,K,14,R,1,Y,47,S,1,C,3,K,3,R,1,S,1,C,1,X,1,Y,40,"L1:[sp=X,153] C=3,X=1,K=14,R=1,Y=47,S=1 || L2:[sp=C,3] K=3,R=1,S=1,C=1,X=1,Y=40",-450181.0,-163324000.0,1,X|C,1
C,153,R,1,X,1,K,11,C,3,Y,47,S,2,X,3,K,3,R,1,S,1,C,1,X,1,Y,40,"L1:[sp=C,153] R=1,X=1,K=11,C=3,Y=47,S=2 || L2:[sp=X,3] K=3,R=1,S=1,C=1,X=1,Y=40",-75182221.0,-163323000.0,1,C|X,1
X,153,X,1,R,1,S,1,C,3,Y,47,K,6,C,3,S,1,C,1,K,5,R,1,Y,40,X,1,"L1:[sp=X,153] X=1,R=1,S=1,C=3,Y=47,K=6 || L2:[sp=C,3] S=1,C=1,K=5,R=1,Y=40,X=1",-430201.0,-163324000.0,1,X|C,1
X,153,R,1,X,1,K,6,C,1,Y,47,S,1,C,3,X,1,C,1,R,1,K,3,S,1,Y,40,"L1:[sp=X,153] R=1,X=1,K=6,C=1,Y=47,S=1 || L2:[sp=C,3] X=1,C=1,R=1,K=3,S=1,Y=40",-1395901.0,-163324000.0,1,X|C,1
C,153,R,1,X,1,S,1,C,3,Y,47,K,3,X,3,K,3,C,1,X,1,R,1,Y,40,S,1,"L1:[sp=C,153] R=1,X=1,S=1,C=3,Y=47,K=3 || L2:[sp=X,3] K=3,C=1,X=1,R=1,Y=40,S=1",-78059521.0,-163323000.0,1,C|X,1
X,153,R,1,X,1,S,2,C,1,Y,75,K,6,C,3,S,1,X,1,K,4,R,1,Y,40,C,1,"L1:[sp=X,153] R=1,X=1,S=2,C=1,Y=75,K=6 || L2:[sp=C,3] S=1,X=1,K=4,R=1,Y=40,C=1",-3112777.0,-163324000.0,1,X|C,1
K,153,C,3,X,1,K,11,R,1,Y,47,S,1,C,3,K,3,R,1,S,1,C,1,X,1,Y,40,"L1:[sp=K,153] C=3,X=1,K=11,R=1,Y=47,S=1 || L2:[sp=C,3] K=3,R=1,S=1,C=1,X=1,Y=40",-4334401.0,-163323000.0,1,K|C,1
X,153,R,1,X,1,K,6,C,3,Y,47,S,1,C,3,Y,41,C,1,R,1,K,5,S,1,X,1,"L1:[sp=X,153] R=1,X=1,K=6,C=3,Y=47,S=1 || L2:[sp=C,3] Y=41,C=1,R=1,K=5,S=1,X=1",-428005.0,-163324000.0,1,X|C,1
X,153,R,1,X,1,S,1,C,3,Y,47,K,6,C,1,S,1,C,1,X,1,R,1,Y,40,K,5,"L1:[sp=X,153] R=1,X=1,S=1,C=3,Y=47,K=6 || L2:[sp=C,1] S=1,C=1,X=1,R=1,Y=40,K=5",-inf,-inf,0,X|C,1
X,153,R,1,X,1,S,2,C,3,Y,47,K,35,C,3,C,1,S,1,X,1,R,1,Y,40,K,5,"L1:[sp=X,153] R=1,X=1,S=2,C=3,Y=47,K=35 || L2:[sp=C,3] C=1,S=1,X=1,R=1,Y=40,K=5",-inf,-inf,0,X|C,1
X,153,R,1,X,1,K,6,C,3,Y,47,S,1,C,1,X,1,C,1,S,1,K,3,R,1,Y,40,"L1:[sp=X,153] R=1,X=1,K=6,C=3,Y=47,S=1 || L2:[sp=C,1] X=1,C=1,S=1,K=3,R=1,Y=40",-inf,-inf,0,X|C,1
X,153,R,1,X,1,K,1,C,1,Y,47,S,1,C,3,X,1,R,1,Y,10,K,1,S,1,C,1,"L1:[sp=X,153] R=1,X=1,K=1,C=1,Y=47,S=1 || L2:[sp=C,3] X=1,R=1,Y=10,K=1,S=1,C=1",-1589761.0,-163323000.0,1,X|C,1
X,153,R,1,X,191,K,6,C,3,Y,47,S,1,C,3,X,1,R,1,C,1,K,5,S,1,Y,40,"L1:[sp=X,153] R=1,X=191,K=6,C=3,Y=47,S=1 || L2:[sp=C,3] X=1,R=1,C=1,K=5,S=1,Y=40",-inf,-inf,0,X|C,1
X,153,R,1,X,1,K,6,C,3,Y,47,S,1,C,3,Y,6,C,1,R,1,K,5,S,1,X,1,"L1:[sp=X,153] R=1,X=1,K=6,C=3,Y=47,S=1 || L2:[sp=C,3] Y=6,C=1,R=1,K=5,S=1,X=1",-493885.0,-163323000.0,1,X|C,1
C,153,R,1,X,1,S,1,C,3,Y,47,K,6,X,3,S,1,C,1,X,1,R,1,Y,40,K,3,"L1:[sp=C,153] R=1,X=1,S=1,C=3,Y=47,K=6 || L2:[sp=X,3] S=1,C=1,X=1,R=1,Y=40,K=3",-77948641.0,-163323000.0,1,C|X,1
X,153,X,130,R,1,S,2,C,3,Y,47,K,6,C,3,R,1,C,1,K,5,S,1,Y,40,X,1,"L1:[sp=X,153] X=130,R=1,S=2,C=3,Y=47,K=6 || L2:[sp=C,3] R=1,C=1,K=5,S=1,Y=40,X=1",-inf,-inf,0,X|C,1
X,153,C,3,X,1,K,11,R,3,Y,47,S,1,C,3,K,3,R,1,C,1,S,1,X,1,Y,40,"L1:[sp=X,153] C=3,X=1,K=11,R=3,Y=47,S=1 || L2:[sp=C,3] K=3,R=1,C=1,S=1,X=1,Y=40",-472681.0,-163324000.0,1,X|C,1
X,153,C,3,X,1,K,14,R,1,S,1,Y,47,C,3,K,3,R,1,S,1,C,1,X,1,Y,40,"L1:[sp=X,153] C=3,X=1,K=14,R=1,S=1,Y=47 || L2:[sp=C,3] K=3,R=1,S=1,C=1,X=1,Y=40",-450181.0,-163324000.0,1,X|C,1
X,153,X,1,R,1,S,1,C,3,Y,6,K,6,C,3,S,1,Y,6,K,2,R,1,C,1,X,1,"L1:[sp=X,153] X=1,R=1,S=1,C=3,Y=6,K=6 || L2:[sp=C,3] S=1,Y=6,K=2,R=1,C=1,X=1",-540361.0,-163323000.0,1,X|C,1
X,153,R,1,X,1,K,6,C,3,Y,47,S,1,C,3,Y,41,C,1,R,1,K,5,S,1,X,1,"L1:[sp=X,153] R=1,X=1,K=6,C=3,Y=47,S=1 || L2:[sp=C,3] Y=41,C=1,R=1,K=5,S=1,X=1",-428005.0,-163324000.0,1,X|C,1
X,153,R,1,Y,47,S,1,C,3,X,1,K,6,C,3,C,1,S,1,K,5,R,1,Y,40,X,1,"L1:[sp=X,153] R=1,Y=47,S=1,C=3,X=1,K=6 || L2:[sp=C,3] C=1,S=1,K=5,R=1,Y=40,X=1",-430201.0,-163324000.0,1,X|C,1
C,153,C,3,X,1,K,14,R,1,Y,47,S,1,X,3,K,3,R,1,S,1,C,1,X,1,Y,40,"L1:[sp=C,153] C=3,X=1,K=14,R=1,Y=47,S=1 || L2:[sp=X,3] K=3,R=1,S=1,C=1,X=1,Y=40",-75529441.0,-163323000.0,1,C|X,1
X,153,C,3,K,31,X,1,R,1,Y,47,S,1,C,3,K,3,R,1,S,1,C,1,X,1,Y,40,"L1:[sp=X,153] C=3,K=31,X=1,R=1,Y=47,S=1 || L2:[sp=C,3] K=3,R=1,S=1,C=1,X=1,Y=40",-inf,-inf,0,X|C,1
X,153,R,1,X,1,K,6,C,3,Y,47,S,1,C,3,X,1,R,1,C,1,K,2,S,1,Y,27,"L1:[sp=X,153] R=1,X=1,K=6,C=3,Y=47,S=1 || L2:[sp=C,3] X=1,R=1,C=1,K=2,S=1,Y=27",-543421.0,-163323000.0,1,X|C,1
C,153,R,1,X,1,K,6,C,3,Y,47,S,1,X,3,X,1,R,1,S,1,K,3,C,2,Y,40,"L1:[sp=C,153] R=1,X=1,K=6,C=3,Y=47,S=1 || L2:[sp=X,3] X=1,R=1,S=1,K=3,C=2,Y=40",-77948641.0,-163323000.0,1,C|X,1
X,153,X,1,C,3,S,1,R,1,Y,112,K,6,C,3,S,1,C,1,K,5,R,1,Y,40,X,1,"L1:[sp=X,153] X=1,C=3,S=1,R=1,Y=112,K=6 || L2:[sp=C,3] S=1,C=1,K=5,R=1,Y=40,X=1",-inf,-inf,0,X|C,1
X,153,X,1,R,1,S,1,C,3,Y,47,K,6,C,3,S,1,C,1,K,5,R,1,Y,40,X,1,"L1:[sp=X,153] X=1,R=1,S=1,C=3,Y=47,K=6 || L2:[sp=C,3] S=1,C=1,K=5,R=1,Y=40,X=1",-430201.0,-163324000.0,1,X|C,1
X,153,R,1,X,1,S,1,C,3,Y,213,K,6,C,3,C,1,S,1,X,1,R,1,K,5,Y,40,"L1:[sp=X,153] R=1,X=1,S=1,C=3,Y=213,K=6 || L2:[sp=C,3] C=1,S=1,X=1,R=1,K=5,Y=40",-inf,-inf,0,X|C,1
X,153,R,1,X,1,K,6,C,3,Y,47,S,1,C,3,Y,41,C,1,R,1,K,5,S,1,X,1,"L1:[sp=X,153] R=1,X=1,K=6,C=3,Y=47,S=1 || L2:[sp=C,3] Y=41,C=1,R=1,K=5,S=1,X=1",-428005.0,-163324000.0,1,X|C,1
K,153,C,3,X,1,K,11,R,3,Y,47,S,1,C,3,K,3,R,1,C,1,S,1,X,1,Y,40,"L1:[sp=K,153] C=3,X=1,K=11,R=3,Y=47,S=1 || L2:[sp=C,3] K=3,R=1,C=1,S=1,X=1,Y=40",-4549441.0,-163323000.0,1,K|C,1
C,153,X,1,R,1,S,1,C,3,Y,6,K,6,X,3,S,1,Y,4,K,1,R,1,C,1,X,1,"L1:[sp=C,153] X=1,R=1,S=1,C=3,Y=6,K=6 || L2:[sp=X,3] S=1,Y=4,K=1,R=1,C=1,X=1",-87546817.0,-163323000.0,1,C|X,1
X,153,X,1,R,1,S,1,C,3,Y,47,K,6,C,3,S,1,C,1,K,5,R,1,Y,40,X,1,"L1:[sp=X,153] X=1,R=1,S=1,C=3,Y=47,K=6 || L2:[sp=C,3] S=1,C=1,K=5,R=1,Y=40,X=1",-430201.0,-163324000.0,1,X|C,1
X,153,R,3,Y,47,S,1,C,3,K,6,X,1,C,3,C,1,S,1,K,5,R,1,Y,10,X,1,"L1:[sp=X,153] R=3,Y=47,S=1,C=3,K=6,X=1 || L2:[sp=C,3] C=1,S=1,K=5,R=1,Y=10,X=1",-516721.0,-163323000.0,1,X|C,1
X,153,R,1,Y,47,K,6,X,1,C,3,S,1,C,1,Y,23,C,1,S,1,K,5,R,1,X,1,"L1:[sp=X,153] R=1,Y=47,K=6,X=1,C=3,S=1 || L2:[sp=C,1] Y=23,C=1,S=1,K=5,R=1,X=1",-inf,-inf,0,X|C,1
X,153,R,1,Y,47,S,2,C,3,X,1,K,6,C,3,C,1,S,1,K,5,R,1,Y,40,X,1,"L1:[sp=X,153] R=1,Y=47,S=2,C=3,X=1,K=6 || L2:[sp=C,3] C=1,S=1,K=5,R=1,Y=40,X=1",-857761.0,-163324000.0,1,X|C,1
X,153,R,3,X,1,K,4,C,3,S,1,Y,47,C,3,Y,40,C,3,R,2,K,4,S,1,X,1,"L1:[sp=X,153] R=3,X=1,K=4,C=3,S=1,Y=47 || L2:[sp=C,3] Y=40,C=3,R=2,K=4,S=1,X=1",-inf,-inf,0,X|C,1
X,153,C,3,X,1,K,11,R,1,Y,47,S,1,C,3,K,3,R,1,S,1,C,1,X,1,Y,41,"L1:[sp=X,153] C=3,X=1,K=11,R=1,Y=47,S=1 || L2:[sp=C,3] K=3,R=1,S=1,C=1,X=1,Y=41",-448057.0,-163324000.0,1,X|C,1
X,153,C,3,X,1,K,11,R,1,Y,47,S,1,C,3,K,3,R,1,C,1,S,1,X,1,Y,40,"L1:[sp=X,153] C=3,X=1,K=11,R=1,Y=47,S=1 || L2:[sp=C,3] K=3,R=1,C=1,S=1,X=1,Y=40",-450361.0,-163324000.0,1,X|C,1
X,153,C,3,X,1,K,14,R,3,S,1,Y,47,C,3,K,3,R,1,S,1,C,1,X,1,Y,26,"L1:[sp=X,153] C=3,X=1,K=14,R=3,S=1,Y=47 || L2:[sp=C,3] K=3,R=1,S=1,C=1,X=1,Y=26",-564781.0,-163324000.0,1,X|C,1
X,153,X,1,R,1,S,1,C,3,Y,47,K,6,X,1,S,1,C,1,K,4,R,1,Y,40,X,1,"L1:[sp=X,153] X=1,R=1,S=1,C=3,Y=47,K=6 || L2:[sp=X,1] S=1,C=1,K=4,R=1,Y=40,X=1",-inf,-inf,0,X|X,1
X,153,R,1,X,1,K,6,C,3,Y,47,S,3,C,3,X,1,R,1,C,1,K,4,S,1,Y,27,"L1:[sp=X,153] R=1,X=1,K=6,C=3,Y=47,S=3 || L2:[sp=C,3] X=1,R=1,C=1,K=4,S=1,Y=27",-1624981.0,-163324000.0,1,X|C,1
X,153,C,1,X,1,K,14,R,1,S,1,Y,47,C,3,Y,40,R,1,S,1,C,1,X,1,K,3,"L1:[sp=X,153] C=1,X=1,K=14,R=1,S=1,Y=47 || L2:[sp=C,3] Y=40,R=1,S=1,C=1,X=1,K=3",-1350541.0,-163324000.0,1,X|C,1
X,153,R,1,X,1,K,6,C,3,Y,47,S,2,C,3,Y,41,C,1,R,1,K,5,S,1,X,1,"L1:[sp=X,153] R=1,X=1,K=6,C=3,Y=47,S=2 || L2:[sp=C,3] Y=41,C=1,R=1,K=5,S=1,X=1",-853369.0,-163324000.0,1,X|C,1
X,153,R,1,X,1,K,6,C,3,Y,47,S,1,C,3,Y,6,C,1,R,1,K,5,S,1,X,1,"L1:[sp=X,153] R=1,X=1,K=6,C=3,Y=47,S=1 || L2:[sp=C,3] Y=6,C=1,R=1,K=5,S=1,X=1",-493885.0,-163323000.0,1,X|C,1
Y,153,X,1,R,1,S,1,C,3,Y,6,K,6,C,3,S,1,Y,4,K,2,R,1,C,1,X,1,"L1:[sp=Y,153] X=1,R=1,S=1,C=3,Y=6,K=6 || L2:[sp=C,3] S=1,Y=4,K=2,R=1,C=1,X=1",-796321.0,-163323000.0,1,Y|C,1
X,153,C,3,X,1,K,11,R,3,Y,47,S,1,C,3,K,7,R,1,X,1,S,1,C,1,Y,40,"L1:[sp=X,153] C=3,X=1,K=11,R=3,Y=47,S=1 || L2:[sp=C,3] K=7,R=1,X=1,S=1,C=1,Y=40",-inf,-inf,0,X|C,1
X,153,R,1,X,1,K,6,C,3,Y,47,S,1,C,3,Y,41,S,1,R,1,K,5,C,1,X,1,"L1:[sp=X,153] R=1,X=1,K=6,C=3,Y=47,S=1 || L2:[sp=C,3] Y=41,S=1,R=1,K=5,C=1,X=1",-428005.0,-163324000.0,1,X|C,1
X,153,R,1,X,1,K,6,C,3,Y,47,S,1,C,3,Y,40,C,1,R,1,K,5,S,1,X,1,"L1:[sp=X,153] R=1,X=1,K=6,C=3,Y=47,S=1 || L2:[sp=C,3] Y=40,C=1,R=1,K=5,S=1,X=1",-430201.0,-163324000.0,1,X|C,1
X,153,R,1,Y,47,S,1,C,3,X,1,K,6,C,3,C,2,S,1,K,5,R,1,Y,41,X,1,"L1:[sp=X,153] R=1,Y=47,S=1,C=3,X=1,K=6 || L2:[sp=C,3] C=2,S=1,K=5,R=1,Y=41,X=1",-inf,-inf,0,X|C,1
X,153,R,1,X,1,K,6,C,3,Y,47,S,1,C,3,Y,41,C,1,R,1,K,5,S,1,X,1,"L1:[sp=X,153] R=1,X=1,K=6,C=3,Y=47,S=1 || L2:[sp=C,3] Y=41,C=1,R=1,K=5,S=1,X=1",-428005.0,-163324000.0,1,X|C,1
X,153,R,1,Y,47,S,1,C,3,K,6,X,1,C,3,C,1,S,1,K,5,R,1,Y,10,X,1,"L1:[sp=X,153] R=1,Y=47,S=1,C=3,K=6,X=1 || L2:[sp=C,3] C=1,S=1,K=5,R=1,Y=10,X=1",-496081.0,-163323000.0,1,X|C,1
X,153,C,3,X,122,K,11,R,3,Y,47,S,1,C,3,K,3,R,3,C,1,S,1,X,1,Y,42,"L1:[sp=X,153] C=3,X=122,K=11,R=3,Y=47,S=1 || L2:[sp=C,3] K=3,R=3,C=1,S=1,X=1,Y=42",-inf,-inf,0,X|C,1
X,153,R,1,X,1,K,6,C,3,Y,47,S,1,C,3,Y,41,C,3,R,1,K,5,S,1,X,1,"L1:[sp=X,153] R=1,X=1,K=6,C=3,Y=47,S=1 || L2:[sp=C,3] Y=41,C=3,R=1,K=5,S=1,X=1",-inf,-inf,0,X|C,1
X,153,R,1,X,138,K,6,C,3,Y,156,S,1,C,3,Y,40,C,1,R,1,K,5,S,1,X,1,"L1:[sp=X,153] R=1,X=138,K=6,C=3,Y=156,S=1 || L2:[sp=C,3] Y=40,C=1,R=1,K=5,S=1,X=1",-inf,-inf,0,X|C,1
X,153,X,1,R,2,S,1,K,6,Y,47,C,3,C,3,S,1,C,1,K,5,R,1,Y,40,X,1,"L1:[sp=X,153] X=1,R=2,S=1,K=6,Y=47,C=3 || L2:[sp=C,3] S=1,C=1,K=5,R=1,Y=40,X=1",-440521.0,-163324000.0,1,X|C,1
X,153,R,1,X,1,K,6,C,3,Y,47,S,1,C,3,Y,41,S,1,R,1,K,5,C,1,X,1,"L1:[sp=X,153] R=1,X=1,K=6,C=3,Y=47,S=1 || L2:[sp=C,3] Y=41,S=1,R=1,K=5,C=1,X=1",-428005.0,-163324000.0,1,X|C,1
X,153,C,3,X,1,K,46,R,1,Y,110,S,1,C,3,K,3,R,1,C,1,S,1,X,1,Y,40,"L1:[sp=X,153] C=3,X=1,K=46,R=1,Y=110,S=1 || L2:[sp=C,3] K=3,R=1,C=1,S=1,X=1,Y=40",-inf,-inf,0,X|C,1
X,153,R,1,X,1,K,6,C,3,Y,47,S,1,C,3,Y,6,C,3,R,1,K,5,S,1,X,1,"L1:[sp=X,153] R=1,X=1,K=6,C=3,Y=47,S=1 || L2:[sp=C,3] Y=6,C=3,R=1,K=5,S=1,X=1",-1477693.0,-163323000.0,1,X|C,1
X,153,R,1,X,1,K,6,C,3,Y,47,S,1,C,3,Y,6,S,1,R,1,K,5,C,1,X,1,"L1:[sp=X,153] R=1,X=1,K=6,C=3,Y=47,S=1 || L2:[sp=C,3] Y=6,S=1,R=1,K=5,C=1,X=1",-493885.0,-163323000.0,1,X|C,1
X,153,R,1,X,1,K,6,C,3,Y,47,S,1,C,3,C,1,Y,41,R,1,K,5,S,1,X,1,"L1:[sp=X,153] R=1,X=1,K=6,C=3,Y=47,S=1 || L2:[sp=C,3] C=1,Y=41,R=1,K=5,S=1,X=1",-428005.0,-163324000.0,1,X|C,1
X,153,R,1,X,1,K,14,C,3,Y,47,S,1,C,3,Y,40,S,1,R,1,K,5,C,1,X,1,"L1:[sp=X,153] R=1,X=1,K=14,C=3,Y=47,S=1 || L2:[sp=C,3] Y=40,S=1,R=1,K=5,C=1,X=1",-457201.0,-163324000.0,1,X|C,1
X,153,X,28,R,1,S,1,C,3,Y,47,K,6,C,3,S,1,C,1,K,5,R,1,Y,41,X,1,"L1:[sp=X,153] X=28,R=1,S=1,C=3,Y=47,K=6 || L2:[sp=C,3] S=1,C=1,K=5,R=1,Y=41,X=1",-inf,-inf,0,X|C,1
X,153,C,3,X,6,K,11,R,1,Y,47,S,1,C,3,K,3,R,1,C,1,S,1,X,3,Y,41,"L1:[sp=X,153] C=3,X=6,K=11,R=1,Y=47,S=1 || L2:[sp=C,3] K=3,R=1,C=1,S=1,X=3,Y=41",-inf,-inf,0,X|C,1
X,153,X,1,R,1,K,6,C,3,S,1,Y,47,C,3,Y,40,C,1,R,1,K,1,S,1,X,1,"L1:[sp=X,153] X=1,R=1,K=6,C=3,S=1,Y=47 || L2:[sp=C,3] Y=40,C=1,R=1,K=1,S=1,X=1",-451261.0,-163323000.0,1,X|C,1
X,153,C,3,X,1,K,11,R,1,Y,47,S,1,X,1,K,3,R,1,Y,40,C,2,X,1,S,1,"L1:[sp=X,153] C=3,X=1,K=11,R=1,Y=47,S=1 || L2:[sp=X,1] K=3,R=1,Y=40,C=2,X=1,S=1",-inf,-inf,0,X|X,1
X,153,R,3,X,1,K,6,C,3,Y,47,S,1,C,3,Y,41,C,1,R,1,K,5,S,1,X,1,"L1:[sp=X,153] R=3,X=1,K=6,C=3,Y=47,S=1 || L2:[sp=C,3] Y=41,C=1,R=1,K=5,S=1,X=1",-448645.0,-163324000.0,1,X|C,1
X,153,R,1,X,1,K,6,C,3,Y,47,S,3,C,3,Y,41,C,1,R,1,K,5,S,1,X,1,"L1:[sp=X,153] R=1,X=1,K=6,C=3,Y=47,S=3 || L2:[sp=C,3] Y=41,C=1,R=1,K=5,S=1,X=1",-1278733.0,-163324000.0,1,X|C,1
X,153,R,1,X,1,K,6,Y,47,C,3,S,1,C,3,Y,40,C,1,R,1,K,5,S,1,X,1,"L1:[sp=X,153] R=1,X=1,K=6,Y=47,C=3,S=1 || L2:[sp=C,3] Y=40,C=1,R=1,K=5,S=1,X=1",-430201.0,-163324000.0,1,X|C,1
X,153,R,1,X,83,K,6,C,3,Y,47,S,1,C,3,Y,40,X,1,S,1,K,5,C,2,R,1,"L1:[sp=X,153] R=1,X=83,K=6,C=3,Y=47,S=1 || L2:[sp=C,3] Y=40,X=1,S=1,K=5,C=2,R=1",-inf,-inf,0,X|C,1
X,153,R,1,X,21,K,6,C,3,Y,47,S,1,C,3,Y,41,C,1,R,1,K,5,S,1,X,1,"L1:[sp=X,153] R=1,X=21,K=6,C=3,Y=47,S=1 || L2:[sp=C,3] Y=41,C=1,R=1,K=5,S=1,X=1",-inf,-inf,0,X|C,1
X,153,R,1,X,1,K,6,C,3,Y,47,S,1,C,3,Y,41,C,1,R,1,K,5,S,1,X,1,"L1:[sp=X,153] R=1,X=1,K=6,C=3,Y=47,S=1 || L2:[sp=C,3] Y=41,C=1,R=1,K=5,S=1,X=1",-428005.0,-163324000.0,1,X|C,1
X,153,X,1,Y,47,S,1,K,6,R,1,C,3,C,3,S,1,C,1,K,5,R,1,Y,40,X,1,"L1:[sp=X,153] X=1,Y=47,S=1,K=6,R=1,C=3 || L2:[sp=C,3] S=1,C=1,K=5,R=1,Y=40,X=1",-430201.0,-163324000.0,1,X|C,1
C,153,R,2,X,1,K,6,C,3,Y,47,S,1,X,3,Y,41,S,1,R,1,K,5,C,1,X,1,"L1:[sp=C,153] R=2,X=1,K=6,C=3,Y=47,S=1 || L2:[sp=X,3] Y=41,S=1,R=1,K=5,C=1,X=1",-73490593.0,-163323000.0,1,C|X,1
X,153,R,1,X,1,K,6,C,3,Y,47,S,2,C,3,Y,41,S,1,R,1,K,5,C,1,X,1,"L1:[sp=X,153] R=1,X=1,K=6,C=3,Y=47,S=2 || L2:[sp=C,3] Y=41,S=1,R=1,K=5,C=1,X=1",-853369.0,-163324000.0,1,X|C,1
X,153,R,1,X,1,K,52,C,3,Y,47,S,1,C,3,Y,36,C,1,R,1,K,5,S,1,X,1,"L1:[sp=X,153] R=1,X=1,K=52,C=3,Y=47,S=1 || L2:[sp=C,3] Y=36,C=1,R=1,K=5,S=1,X=1",-inf,-inf,0,X|C,1
Y,153,X,1,R,2,S,1,K,52,Y,47,C,3,C,3,S,1,C,1,K,5,R,1,Y,40,X,1,"L1:[sp=Y,153] X=1,R=2,S=1,K=52,Y=47,C=3 || L2:[sp=C,3] S=1,C=1,K=5,R=1,Y=40,X=1",-6195841.0,-163324000.0,1,Y|C,1
X,153,X,1,R,2,K,6,C,3,S,3,Y,198,C,3,Y,40,C,1,R,1,K,1,S,1,X,1,"L1:[sp=X,153] X=1,R=2,K=6,C=3,S=3,Y=198 || L2:[sp=C,3] Y=40,C=1,R=1,K=1,S=1,X=1",-inf,-inf,0,X|C,1
Y,153,X,1,R,1,K,6,C,3,S,1,Y,47,C,3,Y,40,C,1,R,1,K,1,S,1,X,1,"L1:[sp=Y,153] X=1,R=1,K=6,C=3,S=1,Y=47 || L2:[sp=C,3] Y=40,C=1,R=1,K=1,S=1,X=1",-6086305.0,-163323000.0,1,Y|C,1
X,153,R,1,X,1,K,14,C,3,Y,47,S,1,C,3,Y,40,R,1,S,1,K,5,C,1,X,1,"L1:[sp=X,153] R=1,X=1,K=14,C=3,Y=47,S=1 || L2:[sp=C,3] Y=40,R=1,S=1,K=5,C=1,X=1",-457201.0,-163324000.0,1,X|C,1
X,153,R,1,X,1,K,6,C,3,Y,47,S,1,C,3,C,1,Y,41,R,1,K,5,S,1,X,1,"L1:[sp=X,153] R=1,X=1,K=6,C=3,Y=47,S=1 || L2:[sp=C,3] C=1,Y=41,R=1,K=5,S=1,X=1",-428005.0,-163324000.0,1,X|C,1
X,153,Y,47,X,1,K,6,C,3,R,1,S,1,C,3,Y,41,S,1,R,1,K,6,C,3,X,1,"L1:[sp=X,153] Y=47,X=1,K=6,C=3,R=1,S=1 || L2:[sp=C,3] Y=41,S=1,R=1,K=6,C=3,X=1",-inf,-inf,0,X|C,1
X,153,X,1,R,1,K,6,Y,47,C,3,S,1,C,3,Y,24,C,1,R,1,K,5,S,1,X,1,"L1:[sp=X,153] X=1,R=1,K=6,Y=47,C=3,S=1 || L2:[sp=C,3] Y=24,C=1,R=1,K=5,S=1,X=1",-518041.0,-163324000.0,1,X|C,1
C,153,X,220,R,3,K,6,C,3,S,2,Y,47,X,3,Y,40,C,1,R,1,K,1,S,1,X,1,"L1:[sp=C,153] X=220,R=3,K=6,C=3,S=2,Y=47 || L2:[sp=X,3] Y=40,C=1,R=1,K=1,S=1,X=1",-inf,-inf,0,C|X,1
X,153,X,1,R,1,K,6,C,3,S,1,Y,47,C,3,S,1,C,1,R,1,K,1,Y,41,X,1,"L1:[sp=X,153] X=1,R=1,K=6,C=3,S=1,Y=47 || L2:[sp=C,3] S=1,C=1,R=1,K=1,Y=41,X=1",-448957.0,-163323000.0,1,X|C,1
X,153,R,1,X,1,K,6,C,3,Y,47,S,1,C,3,C,1,Y,40,R,1,K,5,S,1,X,1,"L1:[sp=X,153] R=1,X=1,K=6,C=3,Y=47,S=1 || L2:[sp=C,3] C=1,Y=40,R=1,K=5,S=1,X=1",-430201.0,-163324000.0,1,X|C,1
X,153,R,1,X,1,K,6,C,3,Y,47,S,1,C,3,Y,41,S,1,R,1,K,5,C,1,X,1,"L1:[sp=X,153] R=1,X=1,K=6,C=3,Y=47,S=1 || L2:[sp=C,3] Y=41,S=1,R=1,K=5,C=1,X=1",-428005.0,-163324000.0,1,X|C,1
X,153,R,1,X,1,K,14,C,3,Y,47,S,1,C,3,Y,40,X,1,R,1,K,5,C,1,S,1,"L1:[sp=X,153] R=1,X=1,K=14,C=3,Y=47,S=1 || L2:[sp=C,3] Y=40,X=1,R=1,K=5,C=1,S=1",-457201.0,-163324000.0,1,X|C,1
X,153,R,1,X,1,K,6,Y,47,C,3,S,1,C,3,Y,40,C,1,R,1,K,5,S,1,X,1,"L1:[sp=X,153] R=1,X=1,K=6,Y=47,C=3,S=1 || L2:[sp=C,3] Y=40,C=1,R=1,K=5,S=1,X=1",-430201.0,-163324000.0,1,X|C,1
X,153,X,1,S,1,K,6,Y,171,R,1,C,3,C,3,Y,40,C,1,R,1,K,1,S,1,X,1,"L1:[sp=X,153] X=1,S=1,K=6,Y=171,R=1,C=3 || L2:[sp=C,3] Y=40,C=1,R=1,K=1,S=1,X=1",-inf,-inf,0,X|C,1
X,153,X,1,R,1,K,6,C,3,S,3,Y,47,C,3,Y,40,C,1,R,1,K,1,S,1,X,1,"L1:[sp=X,153] X=1,R=1,K=6,C=3,S=3,Y=47 || L2:[sp=C,3] Y=40,C=1,R=1,K=1,S=1,X=1",-1348501.0,-163324000.0,1,X|C,1
X,153,X,1,R,2,S,1,K,6,Y,47,C,3,Y,47,S,1,C,1,K,5,R,1,Y,40,X,1,"L1:[sp=X,153] X=1,R=2,S=1,K=6,Y=47,C=3 || L2:[sp=Y,47] S=1,C=1,K=5,R=1,Y=40,X=1",-24729751.0,-163323000.0,1,X|Y,1
X,153,R,1,X,1,K,6,C,3,Y,47,S,1,C,3,Y,41,C,1,R,1,K,5,S,1,X,1,"L1:[sp=X,153] R=1,X=1,K=6,C=3,Y=47,S=1 || L2:[sp=C,3] Y=41,C=1,R=1,K=5,S=1,X=1",-428005.0,-163324000.0,1,X|C,1
X,153,X,83,Y,47,S,1,K,6,R,1,C,3,C,3,S,1,C,1,K,5,R,1,Y,40,X,1,"L1:[sp=X,153] X=83,Y=47,S=1,K=6,R=1,C=3 || L2:[sp=C,3] S=1,C=1,K=5,R=1,Y=40,X=1",-inf,-inf,0,X|C,1
C,153,Y,47,X,1,K,6,R,1,C,3,S,1,Y,3,R,1,K,5,Y,40,C,1,S,1,X,1,"L1:[sp=C,153] Y=47,X=1,K=6,R=1,C=3,S=1 || L2:[sp=Y,3] R=1,K=5,Y=40,C=1,S=1,X=1",-73896481.0,-163323000.0,1,C|Y,1
Y,153,R,3,X,1,K,14,C,3,Y,47,S,1,C,3,Y,42,R,1,S,1,K,5,C,1,X,1,"L1:[sp=Y,153] R=3,X=1,K=14,C=3,Y=47,S=1 || L2:[sp=C,3] Y=42,R=1,S=1,K=5,C=1,X=1",-inf,-inf,0,Y|C,1
X,153,C,3,R,3,K,6,X,1,Y,47,S,1,C,3,Y,40,S,1,R,1,K,5,C,1,X,1,"L1:[sp=X,153] C=3,R=3,K=6,X=1,Y=47,S=1 || L2:[sp=C,3] Y=40,S=1,R=1,K=5,C=1,X=1",-450841.0,-163324000.0,1,X|C,1
C,153,R,1,X,1,K,50,C,3,Y,136,S,1,X,3,C,1,Y,40,R,1,K,5,S,1,X,1,"L1:[sp=C,153] R=1,X=1,K=50,C=3,Y=136,S=1 || L2:[sp=X,3] C=1,Y=40,R=1,K=5,S=1,X=1",-91211905.0,-163324000.0,1,C|X,1
X,153,R,1,X,1,K,13,Y,47,C,3,S,1,C,1,Y,41,C,3,R,1,K,5,S,1,X,1,"L1:[sp=X,153] R=1,X=1,K=13,Y=47,C=3,S=1 || L2:[sp=C,1] Y=41,C=3,R=1,K=5,S=1,X=1",-inf,-inf,0,X|C,1
X,153,R,1,X,1,K,34,C,3,Y,47,S,1,C,3,Y,40,S,1,R,1,K,5,C,1,X,1,"L1:[sp=X,153] R=1,X=1,K=34,C=3,Y=47,S=1 || L2:[sp=C,3] Y=40,S=1,R=1,K=5,C=1,X=1",-inf,-inf,0,X|C,1
X,153,X,1,Y,47,S,3,K,6,R,1,C,3,X,1,S,1,C,1,K,5,R,1,Y,41,X,1,"L1:[sp=X,153] X=1,Y=47,S=3,K=6,R=1,C=3 || L2:[sp=X,1] S=1,C=1,K=5,R=1,Y=41,X=1",-inf,-inf,0,X|X,1
X,153,R,1,X,1,K,6,Y,47,C,3,S,1,C,3,Y,20,C,1,R,1,K,5,S,1,X,1,"L1:[sp=X,153] R=1,X=1,K=6,Y=47,C=3,S=1 || L2:[sp=C,3] Y=20,C=1,R=1,K=5,S=1,X=1",-474121.0,-163324000.0,1,X|C,1
C,153,R,1,X,1,K,6,C,3,Y,47,S,1,X,3,Y,41,S,1,R,1,K,5,C,1,X,1,"L1:[sp=C,153] R=1,X=1,K=6,C=3,Y=47,S=1 || L2:[sp=X,3] Y=41,S=1,R=1,K=5,C=1,X=1",-71682913.0,-163323000.0,1,C|X,1
C,153,R,1,X,1,K,55,C,1,S,1,Y,47,X,3,C,1,Y,40,R,1,K,5,S,1,X,1,"L1:[sp=C,153] R=1,X=1,K=55,C=1,S=1,Y=47 || L2:[sp=X,3] C=1,Y=40,R=1,K=5,S=1,X=1",-25572961.0,-163324000.0,1,C|X,1
Y,153,R,1,X,1,K,6,Y,77,C,3,S,1,X,7,Y,40,C,1,R,1,K,5,S,1,X,1,"L1:[sp=Y,153] R=1,X=1,K=6,Y=77,C=3,S=1 || L2:[sp=X,7] Y=40,C=1,R=1,K=5,S=1,X=1",-28429633.0,-163324000.0,1,Y|X,1
X,153,X,1,Y,47,S,3,K,6,R,1,C,3,X,1,S,1,C,1,K,5,R,1,Y,40,X,1,"L1:[sp=X,153] X=1,Y=47,S=3,K=6,R=1,C=3 || L2:[sp=X,1] S=1,C=1,K=5,R=1,Y=40,X=1",-inf,-inf,0,X|X,1
X,153,R,1,X,1,K,41,C,3,Y,47,S,1,C,3,Y,40,R,1,S,1,K,5,C,1,X,1,"L1:[sp=X,153] R=1,X=1,K=41,C=3,Y=47,S=1 || L2:[sp=C,3] Y=40,R=1,S=1,K=5,C=1,X=1",-inf,-inf,0,X|C,1
X,153,R,1,X,1,K,6,C,3,Y,47,S,1,C,3,C,1,Y,41,R,1,K,5,S,1,X,1,"L1:[sp=X,153] R=1,X=1,K=6,C=3,Y=47,S=1 || L2:[sp=C,3] C=1,Y=41,R=1,K=5,S=1,X=1",-428005.0,-163324000.0,1,X|C,1
X,153,X,1,R,1,K,6,C,2,S,1,Y,47,C,3,S,1,C,1,R,1,K,1,Y,41,X,1,"L1:[sp=X,153] X=1,R=1,K=6,C=2,S=1,Y=47 || L2:[sp=C,3] S=1,C=1,R=1,K=1,Y=41,X=1",-897913.0,-163323000.0,1,X|C,1
X,153,R,1,X,1,K,58,C,3,Y,47,S,1,K,1,Y,40,R,1,S,1,K,5,C,1,X,1,"L1:[sp=X,153] R=1,X=1,K=58,C=3,Y=47,S=1 || L2:[sp=K,1] Y=40,R=1,S=1,K=5,C=1,X=1",-inf,-inf,0,X|K,1
X,153,X,1,R,1,Y,135,C,3,S,1,K,6,C,3,S,1,C,1,R,1,K,1,Y,41,X,1,"L1:[sp=X,153] X=1,R=1,Y=135,C=3,S=1,K=6 || L2:[sp=C,3] S=1,C=1,R=1,K=1,Y=41,X=1",-inf,-inf,0,X|C,1
X,153,X,1,Y,47,S,1,K,6,R,1,C,3,C,3,S,1,C,3,K,5,R,1,Y,40,X,1,"L1:[sp=X,153] X=1,Y=47,S=1,K=6,R=1,C=3 || L2:[sp=C,3] S=1,C=3,K=5,R=1,Y=40,X=1",-inf,-inf,0,X|C,1
C,153,X,1,R,1,K,6,C,3,S,1,Y,47,C,3,S,1,C,1,R,1,K,1,Y,21,X,1,"L1:[sp=C,153] X=1,R=1,K=6,C=3,S=1,Y=47 || L2:[sp=C,3] S=1,C=1,R=1,K=1,Y=21,X=1",-27722017.0,-163323000.0,1,C|C,1
X,153,R,1,X,1,K,6,C,3,Y,47,S,1,C,3,Y,41,C,1,R,1,K,5,S,1,X,1,"L1:[sp=X,153] R=1,X=1,K=6,C=3,Y=47,S=1 || L2:[sp=C,3] Y=41,C=1,R=1,K=5,S=1,X=1",-428005.0,-163324000.0,1,X|C,1
X,153,X,1,R,1,K,6,C,3,S,2,Y,47,C,3,S,1,C,1,R,1,K,1,Y,47,X,1,"L1:[sp=X,153] X=1,R=1,K=6,C=3,S=2,Y=47 || L2:[sp=C,3] S=1,C=1,R=1,K=1,Y=47,X=1",-1084201.0,-163324000.0,1,X|C,1
X,153,R,1,X,1,K,6,C,2,Y,47,S,1,X,1,Y,41,C,1,R,1,K,5,S,1,X,1,"L1:[sp=X,153] R=1,X=1,K=6,C=2,Y=47,S=1 || L2:[sp=X,1] Y=41,C=1,R=1,K=5,S=1,X=1",-inf,-inf,0,X|X,1
X,153,R,1,X,1,K,6,C,3,Y,47,S,1,C,3,Y,41,C,3,R,1,K,5,S,1,X,1,"L1:[sp=X,153] R=1,X=1,K=6,C=3,Y=47,S=1 || L2:[sp=C,3] Y=41,C=3,R=1,K=5,S=1,X=1",-inf,-inf,0,X|C,1
K,153,R,1,X,166,K,55,C,1,S,1,Y,47,X,3,C,1,Y,40,R,1,K,5,S,1,X,1,"L1:[sp=K,153] R=1,X=166,K=55,C=1,S=1,Y=47 || L2:[sp=X,3] C=1,Y=40,R=1,K=5,S=1,X=1",-inf,-inf,0,K|X,1
X,153,C,3,R,1,K,6,X,1,Y,47,S,1,C,3,Y,41,S,1,R,1,K,5,C,1,X,1,"L1:[sp=X,153] C=3,R=1,K=6,X=1,Y=47,S=1 || L2:[sp=C,3] Y=41,S=1,R=1,K=5,C=1,X=1",-428005.0,-163324000.0,1,X|C,1
X,153,R,3,X,1,K,6,C,3,Y,150,S,1,C,3,Y,40,C,1,R,1,K,5,S,1,X,1,"L1:[sp=X,153] R=3,X=1,K=6,C=3,Y=150,S=1 || L2:[sp=C,3] Y=40,C=1,R=1,K=5,S=1,X=1",-inf,-inf,0,X|C,1
Y,153,R,1,X,1,K,6,Y,77,C,3,S,1,X,7,Y,51,C,1,R,1,K,5,X,1,S,1,"L1:[sp=Y,153] R=1,X=1,K=6,Y=77,C=3,S=1 || L2:[sp=X,7] Y=51,C=1,R=1,K=5,X=1,S=1",-inf,-inf,0,Y|X,1
X,153,R,1,X,1,K,6,Y,47,C,3,S,1,C,3,Y,35,C,1,R,1,K,5,S,1,X,1,"L1:[sp=X,153] R=1,X=1,K=6,Y=47,C=3,S=1 || L2:[sp=C,3] Y=35,C=1,R=1,K=5,S=1,X=1",-518041.0,-163324000.0,1,X|C,1
X,153,C,3,R,1,K,6,X,1,Y,47,S,1,C,3,Y,40,S,1,R,1,K,2,C,2,X,1,"L1:[sp=X,153] C=3,R=1,K=6,X=1,Y=47,S=1 || L2:[sp=C,3] Y=40,S=1,R=1,K=2,C=2,X=1",-900541.0,-163324000.0,1,X|C,1
X,153,X,1,R,3,K,6,C,2,S,1,Y,47,K,6,S,1,C,2,R,1,K,1,Y,41,X,1,"L1:[sp=X,153] X=1,R=3,K=6,C=2,S=1,Y=47 || L2:[sp=K,6] S=1,C=2,R=1,K=1,Y=41,X=1",-648913.0,-163323000.0,1,X|K,1
Y,153,R,1,X,1,K,6,Y,77,C,3,S,1,X,7,Y,74,C,1,R,1,K,5,S,1,X,1,"L1:[sp=Y,153] R=1,X=1,K=6,Y=77,C=3,S=1 || L2:[sp=X,7] Y=74,C=1,R=1,K=5,S=1,X=1",-inf,-inf,0,Y|X,1
X,153,R,1,X,1,K,6,Y,47,C,3,S,1,K,2,Y,20,C,1,R,1,K,5,S,1,X,1,"L1:[sp=X,153] R=1,X=1,K=6,Y=47,C=3,S=1 || L2:[sp=K,2] Y=20,C=1,R=1,K=5,S=1,X=1",-959311.0,-163324000.0,1,X|K,1
X,153,R,3,C,3,K,6,X,1,Y,47,S,1,C,3,Y,40,C,1,R,1,K,5,S,1,X,1,"L1:[sp=X,153] R=3,C=3,K=6,X=1,Y=47,S=1 || L2:[sp=C,3] Y=40,C=1,R=1,K=5,S=1,X=1",-450841.0,-163324000.0,1,X|C,1
X,153,C,3,R,1,K,6,X,1,Y,47,S,1,C,3,Y,41,S,1,R,1,K,5,C,1,X,1,"L1:[sp=X,153] C=3,R=1,K=6,X=1,Y=47,S=1 || L2:[sp=C,3] Y=41,S=1,R=1,K=5,C=1,X=1",-428005.0,-163324000.0,1,X|C,1
X,153,C,3,R,3,K,6,X,1,Y,47,S,2,C,3,Y,40,S,1,R,1,K,5,C,3,X,1,"L1:[sp=X,153] C=3,R=3,K=6,X=1,Y=47,S=2 || L2:[sp=C,3] Y=40,S=1,R=1,K=5,C=3,X=1",-inf,-inf,0,X|C,1
C,153,R,1,X,1,K,55,C,1,S,1,Y,47,X,3,C,1,Y,40,R,1,K,5,S,1,X,1,"L1:[sp=C,153] R=1,X=1,K=55,C=1,S=1,Y=47 || L2:[sp=X,3] C=1,Y=40,R=1,K=5,S=1,X=1",-25572961.0,-163324000.0,1,C|X,1
X,153,R,1,X,1,K,6,C,3,Y,47,S,1,C,1,R,1,Y,41,C,1,K,5,S,1,X,1,"L1:[sp=X,153] R=1,X=1,K=6,C=3,Y=47,S=1 || L2:[sp=C,1] R=1,Y=41,C=1,K=5,S=1,X=1",-inf,-inf,0,X|C,1
X,153,R,1,X,1,K,6,Y,47,C,3,S,1,C,3,Y,20,C,3,R,1,K,6,S,1,X,1,"L1:[sp=X,153] R=1,X=1,K=6,Y=47,C=3,S=1 || L2:[sp=C,3] Y=20,C=3,R=1,K=6,S=1,X=1",-1534501.0,-163324000.0,1,X|C,1
X,153,R,1,X,1,K,6,C,3,Y,47,S,1,C,3,Y,41,C,1,R,1,K,6,S,1,X,1,"L1:[sp=X,153] R=1,X=1,K=6,C=3,Y=47,S=1 || L2:[sp=C,3] Y=41,C=1,R=1,K=6,S=1,X=1",-inf,-inf,0,X|C,1
X,153,C,2,X,1,K,6,R,1,Y,47,S,1,C,3,Y,41,C,1,R,1,K,5,S,1,X,1,"L1:[sp=X,153] C=2,X=1,K=6,R=1,Y=47,S=1 || L2:[sp=C,3] Y=41,C=1,R=1,K=5,S=1,X=1",-856009.0,-163324000.0,1,X|C,1
X,153,R,1,X,1,K,6,C,3,Y,47,S,1,C,3,Y,41,C,1,R,1,K,5,S,1,X,1,"L1:[sp=X,153] R=1,X=1,K=6,C=3,Y=47,S=1 || L2:[sp=C,3] Y=41,C=1,R=1,K=5,S=1,X=1",-428005.0,-163324000.0,1,X|C,1
X,153,C,3,R,1,K,6,X,1,Y,47,S,1,C,3,Y,40,S,1,R,1,K,2,C,2,X,1,"L1:[sp=X,153] C=3,R=1,K=6,X=1,Y=47,S=1 || L2:[sp=C,3] Y=40,S=1,R=1,K=2,C=2,X=1",-900541.0,-163324000.0,1,X|C,1
X,153,C,1,R,1,K,6,X,1,Y,47,S,1,C,3,Y,41,S,1,R,1,K,5,C,1,X,1,"L1:[sp=X,153] C=1,R=1,K=6,X=1,Y=47,S=1 || L2:[sp=C,3] Y=41,S=1,R=1,K=5,C=1,X=1",-1284013.0,-163324000.0,1,X|C,1
X,153,C,2,X,1,K,6,R,3,Y,47,S,1,C,3,Y,41,C,2,R,1,K,5,S,1,X,1,"L1:[sp=X,153] C=2,X=1,K=6,R=3,Y=47,S=1 || L2:[sp=C,3] Y=41,C=2,R=1,K=5,S=1,X=1",-inf,-inf,0,X|C,1
X,153,X,1,R,3,K,59,C,2,S,1,Y,47,K,6,S,1,C,1,R,1,K,1,X,1,Y,41,"L1:[sp=X,153] X=1,R=3,K=59,C=2,S=1,Y=47 || L2:[sp=K,6] S=1,C=1,R=1,K=1,X=1,Y=41",-inf,-inf,0,X|K,1
X,153,X,1,R,1,K,6,C,2,S,1,Y,47,K,6,S,1,C,2,R,1,K,1,Y,41,X,1,"L1:[sp=X,153] X=1,R=1,K=6,C=2,S=1,Y=47 || L2:[sp=K,6] S=1,C=2,R=1,K=1,Y=41,X=1",-622513.0,-163323000.0,1,X|K,1
X,153,R,2,X,1,K,6,C,3,Y,47,S,1,C,3,Y,2,C,1,R,1,K,5,S,1,X,1,"L1:[sp=X,153] R=2,X=1,K=6,C=3,Y=47,S=1 || L2:[sp=C,3] Y=2,C=1,R=1,K=5,S=1,X=1",-502009.0,-163323000.0,1,X|C,1
X,153,S,1,X,1,K,6,Y,47,C,3,R,1,C,3,Y,19,C,1,R,1,K,6,S,1,X,1,"L1:[sp=X,153] S=1,X=1,K=6,Y=47,C=3,R=1 || L2:[sp=C,3] Y=19,C=1,R=1,K=6,S=1,X=1",-515197.0,-163324000.0,1,X|C,1
X,153,R,1,X,144,K,6,C,3,Y,47,S,1,C,3,Y,41,C,1,R,1,K,5,S,1,X,1,"L1:[sp=X,153] R=1,X=144,K=6,C=3,Y=47,S=1 || L2:[sp=C,3] Y=41,C=1,R=1,K=5,S=1,X=1",-inf,-inf,0,X|C,1
X,153,R,1,X,1,K,6,Y,47,S,1,C,3,X,1,Y,41,C,1,R,1,S,1,X,1,K,5,"L1:[sp=X,153] R=1,X=1,K=6,Y=47,S=1,C=3 || L2:[sp=X,1] Y=41,C=1,R=1,S=1,X=1,K=5",-inf,-inf,0,X|X,1
X,153,C,2,X,1,R,3,K,6,Y,47,S,2,C,3,Y,20,C,1,R,1,K,5,S,1,X,1,"L1:[sp=X,153] C=2,X=1,R=3,K=6,Y=47,S=2 || L2:[sp=C,3] Y=20,C=1,R=1,K=5,S=1,X=1",-1977281.0,-163324000.0,1,X|C,1
K,153,X,1,R,1,K,6,C,2,S,1,Y,47,K,6,S,1,C,2,R,1,K,1,Y,47,X,1,"L1:[sp=K,153] X=1,R=1,K=6,C=2,S=1,Y=47 || L2:[sp=K,6] S=1,C=2,R=1,K=1,Y=47,X=1",-1915201.0,-163323000.0,1,K|K,1
X,153,C,2,X,1,K,6,R,2,Y,47,S,2,C,3,Y,41,C,1,R,1,K,5,S,1,X,1,"L1:[sp=X,153] C=2,X=1,K=6,R=2,Y=47,S=2 || L2:[sp=C,3] Y=41,C=1,R=1,K=5,S=1,X=1",-1749777.0,-163324000.0,1,X|C,1
X,153,R,1,X,197,K,29,Y,47,C,3,S,1,C,3,Y,35,C,1,R,1,S,1,K,6,X,1,"L1:[sp=X,153] R=1,X=197,K=29,Y=47,C=3,S=1 || L2:[sp=C,3] Y=35,C=1,R=1,S=1,K=6,X=1",-inf,-inf,0,X|C,1
X,153,C,3,R,1,K,6,X,1,Y,47,S,1,C,3,Y,41,S,1,R,1,K,5,C,1,X,1,"L1:[sp=X,153] C=3,R=1,K=6,X=1,Y=47,S=1 || L2:[sp=C,3] Y=41,S=1,R=1,K=5,C=1,X=1",-428005.0,-163324000.0,1,X|C,1
X,153,C,3,R,1,K,6,X,1,S,1,Y,47,C,3,Y,17,S,1,R,1,K,6,C,1,X,1,"L1:[sp=X,153] C=3,R=1,K=6,X=1,S=1,Y=47 || L2:[sp=C,3] Y=17,S=1,R=1,K=6,C=1,X=1",-560341.0,-163324000.0,1,X|C,1
X,153,R,1,X,1,K,6,C,3,Y,47,S,1,C,3,Y,41,C,1,R,1,K,5,S,1,X,1,"L1:[sp=X,153] R=1,X=1,K=6,C=3,Y=47,S=1 || L2:[sp=C,3] Y=41,C=1,R=1,K=5,S=1,X=1",-428005.0,-163324000.0,1,X|C,1
X,153,R,1,X,1,K,6,Y,47,C,3,S,1,K,2,C,1,Y,20,R,1,K,5,S,1,X,1,"L1:[sp=X,153] R=1,X=1,K=6,Y=47,C=3,S=1 || L2:[sp=K,2] C=1,Y=20,R=1,K=5,S=1,X=1",-959311.0,-163324000.0,1,X|K,1
X,153,C,2,X,1,K,36,R,1,Y,47,S,1,Y,1,Y,1,C,1,R,1,K,5,S,1,X,1,"L1:[sp=X,153] C=2,X=1,K=36,R=1,Y=47,S=1 || L2:[sp=Y,1] Y=1,C=1,R=1,K=5,S=1,X=1",-inf,-inf,0,X|Y,1
Y,153,C,3,R,1,K,6,Y,47,X,1,S,1,C,3,R,1,S,1,Y,41,K,2,C,2,X,1,"L1:[sp=Y,153] C=3,R=1,K=6,Y=47,X=1,S=1 || L2:[sp=C,3] R=1,S=1,Y=41,K=2,C=2,X=1",-12150433.0,-163323000.0,1,Y|C,1
X,153,C,2,X,1,K,6,R,1,Y,47,S,1,C,3,Y,40,C,1,R,1,K,5,S,1,X,1,"L1:[sp=X,153] C=2,X=1,K=6,R=1,Y=47,S=1 || L2:[sp=C,3] Y=40,C=1,R=1,K=5,S=1,X=1",-860401.0,-163324000.0,1,X|C,1
X,153,R,1,X,1,K,6,C,3,Y,47,S,1,C,3,Y,41,C,1,R,1,K,5,S,1,X,1,"L1:[sp=X,153] R=1,X=1,K=6,C=3,Y=47,S=1 || L2:[sp=C,3] Y=41,C=1,R=1,K=5,S=1,X=1",-428005.0,-163324000.0,1,X|C,1
K,153,C,3,Y,47,K,6,X,1,R,1,S,1,C,3,Y,40,S,1,R,1,K,2,C,2,X,1,"L1:[sp=K,153] C=3,Y=47,K=6,X=1,R=1,S=1 || L2:[sp=C,3] Y=40,S=1,R=1,K=2,C=2,X=1",-4727521.0,-163323000.0,1,K|C,1
X,153,S,1,X,1,K,6,Y,47,C,3,R,1,C,3,Y,19,C,1,R,1,K,5,S,1,X,1,"L1:[sp=X,153] S=1,X=1,K=6,Y=47,C=3,R=1 || L2:[sp=C,3] Y=19,C=1,R=1,K=5,S=1,X=1",-476317.0,-163324000.0,1,X|C,1
X,153,C,3,R,1,K,6,X,1,Y,47,S,1,K,3,Y,19,S,1,R,1,K,2,C,1,X,1,"L1:[sp=X,153] C=3,R=1,K=6,X=1,Y=47,S=1 || L2:[sp=K,3] Y=19,S=1,R=1,K=2,C=1,X=1",-515197.0,-163323000.0,1,X|K,1
X,153,S,1,X,1,K,6,Y,47,C,3,R,1,K,2,Y,3,C,2,R,1,K,6,S,1,X,1,"L1:[sp=X,153] S=1,X=1,K=6,Y=47,C=3,R=1 || L2:[sp=K,2] Y=3,C=2,R=1,K=6,S=1,X=1",-1198990.0,-163323000.0,1,X|K,1
C,153,X,200,R,1,K,6,C,2,S,1,Y,47,K,6,S,1,C,2,R,1,K,1,Y,40,X,1,"L1:[sp=C,153] X=200,R=1,K=6,C=2,S=1,Y=47 || L2:[sp=K,6] S=1,C=2,R=1,K=1,Y=40,X=1",-inf,-inf,0,C|K,1
X,153,C,3,R,1,K,6,X,86,Y,47,S,1,C,3,Y,40,S,1,R,1,K,2,C,3,X,1,"L1:[sp=X,153] C=3,R=1,K=6,X=86,Y=47,S=1 || L2:[sp=C,3] Y=40,S=1,R=1,K=2,C=3,X=1",-inf,-inf,0,X|C,1
X,153,X,1,R,1,K,6,C,2,S,1,Y,47,K,6,S,1,C,2,Y,41,K,1,R,1,X,1,"L1:[sp=X,153] X=1,R=1,K=6,C=2,S=1,Y=47 || L2:[sp=K,6] S=1,C=2,Y=41,K=1,R=1,X=1",-622513.0,-163323000.0,1,X|K,1
C,153,C,2,R,1,K,37,X,1,Y,47,S,1,X,3,Y,40,C,1,R,1,K,5,S,1,X,1,"L1:[sp=C,153] C=2,R=1,K=37,X=1,Y=47,S=1 || L2:[sp=X,3] Y=40,C=1,R=1,K=5,S=1,X=1",-50339521.0,-163324000.0,1,C|X,1
X,153,S,1,X,1,K,6,Y,177,C,3,R,1,C,3,Y,19,C,1,R,1,K,6,S,1,X,1,"L1:[sp=X,153] S=1,X=1,K=6,Y=177,C=3,R=1 || L2:[sp=C,3] Y=19,C=1,R=1,K=6,S=1,X=1",-inf,-inf,0,X|C,1
K,153,C,3,R,1,K,6,X,1,Y,47,S,3,C,3,Y,40,R,1,S,1,K,2,C,2,X,1,"L1:[sp=K,153] C=3,R=1,K=6,X=1,Y=47,S=3 || L2:[sp=C,3] Y=40,R=1,S=1,K=2,C=2,X=1",-14029291.0,-163323000.0,1,K|C,1
Y,153,R,2,K,28,X,1,C,3,Y,47,S,1,C,3,Y,2,C,1,R,1,K,5,S,1,X,1,"L1:[sp=Y,153] R=2,K=28,X=1,C=3,Y=47,S=1 || L2:[sp=C,3] Y=2,C=1,R=1,K=5,S=1,X=1",-6197185.0,-163323000.0,1,Y|C,1
X,153,S,1,X,1,K,6,Y,47,C,3,R,1,C,3,Y,19,C,1,R,1,K,6,S,1,X,1,"L1:[sp=X,153] S=1,X=1,K=6,Y=47,C=3,R=1 || L2:[sp=C,3] Y=19,C=1,R=1,K=6,S=1,X=1",-515197.0,-163324000.0,1,X|C,1
X,153,R,1,X,1,K,6,C,3,Y,47,S,1,C,3,Y,41,C,1,R,1,K,5,S,1,X,1,"L1:[sp=X,153] R=1,X=1,K=6,C=3,Y=47,S=1 || L2:[sp=C,3] Y=41,C=1,R=1,K=5,S=1,X=1",-428005.0,-163324000.0,1,X|C,1
X,153,C,3,R,1,K,6,X,1,Y,47,S,1,C,3,Y,41,S,1,R,1,K,5,C,1,X,1,"L1:[sp=X,153] C=3,R=1,K=6,X=1,Y=47,S=1 || L2:[sp=C,3] Y=41,S=1,R=1,K=5,C=1,X=1",-428005.0,-163324000.0,1,X|C,1
C,153,C,2,X,1,K,6,R,1,Y,47,S,1,C,3,Y,40,C,2,R,1,K,5,S,1,X,1,"L1:[sp=C,153] C=2,X=1,K=6,R=1,Y=47,S=1 || L2:[sp=C,3] Y=40,C=2,R=1,K=5,S=1,X=1",-inf,-inf,0,C|C,1
X,153,C,3,R,1,K,6,X,1,Y,198,S,1,C,3,C,1,S,1,R,1,K,5,Y,41,X,1,"L1:[sp=X,153] C=3,R=1,K=6,X=1,Y=198,S=1 || L2:[sp=C,3] C=1,S=1,R=1,K=5,Y=41,X=1",-inf,-inf,0,X|C,1
K,153,R,1,X,1,K,6,C,3,Y,81,S,1,X,1,Y,41,C,1,R,1,X,1,S,1,K,5,"L1:[sp=K,153] R=1,X=1,K=6,C=3,Y=81,S=1 || L2:[sp=X,1] Y=41,C=1,R=1,X=1,S=1,K=5",-8824033.0,-163324000.0,1,K|X,1
C,153,C,3,R,1,K,6,X,1,Y,47,S,1,X,3,Y,40,S,1,R,1,K,2,C,2,X,1,"L1:[sp=C,153] C=3,R=1,K=6,X=1,Y=47,S=1 || L2:[sp=X,3] Y=40,S=1,R=1,K=2,C=2,X=1",-75589921.0,-163323000.0,1,C|X,1
X,153,X,1,R,1,K,6,C,3,S,1,Y,47,K,6,S,1,C,2,R,1,K,4,Y,40,X,1,"L1:[sp=X,153] X=1,R=1,K=6,C=3,S=1,Y=47 || L2:[sp=K,6] S=1,C=2,R=1,K=4,Y=40,X=1",-1857241.0,-163324000.0,1,X|K,1
X,153,Y,47,R,1,K,6,X,14,C,2,S,1,C,3,Y,41,S,1,R,1,K,2,C,2,X,1,"L1:[sp=X,153] Y=47,R=1,K=6,X=14,C=2,S=1 || L2:[sp=C,3] Y=41,S=1,R=1,K=2,C=2,X=1",-inf,-inf,0,X|C,1
X,153,R,1,X,1,K,6,C,3,Y,47,S,1,C,3,Y,41,C,1,R,1,K,5,S,1,X,1,"L1:[sp=X,153] R=1,X=1,K=6,C=3,Y=47,S=1 || L2:[sp=C,3] Y=41,C=1,R=1,K=5,S=1,X=1",-428005.0,-163324000.0,1,X|C,1
X,153,X,1,R,3,K,6,C,3,S,1,Y,47,K,6,R,1,C,2,S,1,K,4,Y,2,X,1,"L1:[sp=X,153] X=1,R=3,K=6,C=3,S=1,Y=47 || L2:[sp=K,6] R=1,C=2,S=1,K=4,Y=2,X=1",-2206249.0,-163323000.0,1,X|K,1
X,153,R,1,X,144,K,6,C,3,Y,47,S,1,C,3,Y,41,C,1,R,1,K,5,S,1,X,1,"L1:[sp=X,153] R=1,X=144,K=6,C=3,Y=47,S=1 || L2:[sp=C,3] Y=41,C=1,R=1,K=5,S=1,X=1",-inf,-inf,0,X|C,1
X,153,C,2,S,1,K,6,X,1,Y,47,R,1,K,3,Y,19,S,1,R,1,K,2,C,1,X,1,"L1:[sp=X,153] C=2,S=1,K=6,X=1,Y=47,R=1 || L2:[sp=K,3] Y=19,S=1,R=1,K=2,C=1,X=1",-517177.0,-163323000.0,1,X|K,1
X,153,X,1,R,1,K,27,C,2,S,1,Y,74,K,6,S,1,C,2,Y,41,K,1,R,1,X,1,"L1:[sp=X,153] X=1,R=1,K=27,C=2,S=1,Y=74 || L2:[sp=K,6] S=1,C=2,Y=41,K=1,R=1,X=1",-inf,-inf,0,X|K,1
K,153,X,1,R,1,K,6,C,2,S,1,Y,47,X,2,S,1,C,2,Y,41,K,1,R,1,X,1,"L1:[sp=K,153] X=1,R=1,K=6,C=2,S=1,Y=47 || L2:[sp=X,2] S=1,C=2,Y=41,K=1,R=1,X=1",-9406657.0,-163323000.0,1,K|X,1
C,153,C,3,R,1,K,6,X,1,Y,206,S,1,C,3,Y,41,S,1,R,1,K,5,C,1,X,1,"L1:[sp=C,153] C=3,R=1,K=6,X=1,Y=206,S=1 || L2:[sp=C,3] Y=41,S=1,R=1,K=5,C=1,X=1",-25500385.0,-163324000.0,1,C|C,1
X,153,C,3,R,1,K,6,X,1,Y,47,S,2,C,3,Y,19,S,1,R,1,K,5,C,1,X,1,"L1:[sp=X,153] C=3,R=1,K=6,X=1,Y=47,S=2 || L2:[sp=C,3] Y=19,S=1,R=1,K=5,C=1,X=1",-949993.0,-163324000.0,1,X|C,1
X,153,X,1,S,1,K,6,Y,47,C,3,R,3,C,3,Y,41,C,1,R,1,K,6,S,1,X,1,"L1:[sp=X,153] X=1,S=1,K=6,Y=47,C=3,R=3 || L2:[sp=C,3] Y=41,C=1,R=1,K=6,S=1,X=1",-inf,-inf,0,X|C,1
X,153,C,3,R,1,K,6,S,1,Y,47,X,1,C,3,Y,41,S,1,R,1,K,5,C,1,X,1,"L1:[sp=X,153] C=3,R=1,K=6,S=1,Y=47,X=1 || L2:[sp=C,3] Y=41,S=1,R=1,K=5,C=1,X=1",-428005.0,-163324000.0,1,X|C,1
K,153,C,3,S,1,K,6,X,1,Y,47,R,1,X,3,Y,19,S,1,R,1,K,2,C,3,X,1,"L1:[sp=K,153] C=3,S=1,K=6,X=1,Y=47,R=1 || L2:[sp=X,3] Y=19,S=1,R=1,K=2,C=3,X=1",-7848289.0,-163323000.0,1,K|X,1
X,153,S,1,X,1,K,13,Y,47,C,3,R,1,K,2,Y,3,C,2,R,1,K,6,S,1,X,1,"L1:[sp=X,153] S=1,X=1,K=13,Y=47,C=3,R=1 || L2:[sp=K,2] Y=3,C=2,R=1,K=6,S=1,X=1",-inf,-inf,0,X|K,1
C,153,S,1,X,1,K,6,Y,46,C,3,R,1,X,3,K,4,C,1,R,1,Y,19,S,1,X,1,"L1:[sp=C,153] S=1,X=1,K=6,Y=46,C=3,R=1 || L2:[sp=X,3] K=4,C=1,R=1,Y=19,S=1,X=1",-89137441.0,-163323000.0,1,C|X,1
X,153,X,1,R,1,K,3,C,3,S,1,Y,47,K,6,S,1,C,2,R,1,K,3,Y,40,X,1,"L1:[sp=X,153] X=1,R=1,K=3,C=3,S=1,Y=47 || L2:[sp=K,6] S=1,C=2,R=1,K=3,Y=40,X=1",-2787841.0,-163323000.0,1,X|K,1
X,153,X,1,R,1,K,6,C,2,S,1,Y,47,K,6,S,1,C,2,R,1,K,4,Y,41,X,1,"L1:[sp=X,153] X=1,R=1,K=6,C=2,S=1,Y=47 || L2:[sp=K,6] S=1,C=2,R=1,K=4,Y=41,X=1",-2466289.0,-163324000.0,1,X|K,1
X,153,X,1,R,1,K,31,C,3,S,1,Y,47,K,6,S,1,R,1,C,2,K,4,Y,40,X,1,"L1:[sp=X,153] X=1,R=1,K=31,C=3,S=1,Y=47 || L2:[sp=K,6] S=1,R=1,C=2,K=4,Y=40,X=1",-717121.0,-163324000.0,1,X|K,1
K,153,X,1,R,1,K,6,C,2,S,1,Y,47,K,6,S,1,C,1,Y,6,K,1,R,1,X,1,"L1:[sp=K,153] X=1,R=1,K=6,C=2,S=1,Y=47 || L2:[sp=K,6] S=1,C=1,Y=6,K=1,R=1,X=1",-1374913.0,-163323000.0,1,K|K,1
X,153,S,1,X,124,K,6,Y,47,C,3,R,1,C,3,Y,41,C,1,X,26,K,5,S,1,R,1,"L1:[sp=X,153] S=1,X=124,K=6,Y=47,C=3,R=1 || L2:[sp=C,3] Y=41,C=1,X=26,K=5,S=1,R=1",-inf,-inf,0,X|C,1
X,153,R,1,X,1,K,6,C,3,Y,47,S,3,C,3,Y,19,C,1,R,1,K,5,S,1,X,1,"L1:[sp=X,153] R=1,X=1,K=6,C=3,Y=47,S=3 || L2:[sp=C,3] Y=19,C=1,R=1,K=5,S=1,X=1",-1423669.0,-163324000.0,1,X|C,1
X,153,S,1,X,1,K,6,Y,47,C,3,R,1,C,3,Y,40,C,1,R,1,K,6,S,1,X,1,"L1:[sp=X,153] S=1,X=1,K=6,Y=47,C=3,R=1 || L2:[sp=C,3] Y=40,C=1,R=1,K=6,S=1,X=1",-inf,-inf,0,X|C,1
X,153,X,1,R,1,K,6,C,1,S,1,Y,47,K,6,S,1,C,1,R,1,K,4,Y,19,X,1,"L1:[sp=X,153] X=1,R=1,K=6,C=1,S=1,Y=47 || L2:[sp=K,6] S=1,C=1,R=1,K=4,Y=19,X=1",-2064745.0,-163323000.0,1,X|K,1
X,153,R,1,X,1,K,6,C,3,Y,47,S,1,C,3,Y,41,C,1,R,1,K,5,S,1,X,1,"L1:[sp=X,153] R=1,X=1,K=6,C=3,Y=47,S=1 || L2:[sp=C,3] Y=41,C=1,R=1,K=5,S=1,X=1",-428005.0,-163324000.0,1,X|C,1
X,153,C,3,K,6,R,1,S,1,Y,47,X,1,C,3,Y,6,S,1,R,1,K,6,C,1,X,1,"L1:[sp=X,153] C=3,K=6,R=1,S=1,Y=47,X=1 || L2:[sp=C,3] Y=6,S=1,R=1,K=6,C=1,X=1",-534205.0,-163323000.0,1,X|C,1
K,153,X,34,R,1,K,6,C,2,S,1,Y,47,K,6,S,1,C,1,Y,41,K,1,R,1,X,1,"L1:[sp=K,153] X=34,R=1,K=6,C=2,S=1,Y=47 || L2:[sp=K,6] S=1,C=1,Y=41,K=1,R=1,X=1",-inf,-inf,0,K|K,1
X,153,C,3,R,1,K,6,S,1,Y,47,X,13,C,3,Y,41,S,1,R,1,K,5,C,1,X,1,"L1:[sp=X,153] C=3,R=1,K=6,S=1,Y=47,X=13 || L2:[sp=C,3] Y=41,S=1,R=1,K=5,C=1,X=1",-inf,-inf,0,X|C,1
X,153,R,1,X,1,K,18,C,3,Y,47,S,3,C,3,Y,19,C,1,R,1,K,5,S,1,X,1,"L1:[sp=X,153] R=1,X=1,K=18,C=3,Y=47,S=3 || L2:[sp=C,3] Y=19,C=1,R=1,K=5,S=1,X=1",-inf,-inf,0,X|C,1
C,153,R,1,X,1,K,6,C,3,Y,47,S,1,X,3,Y,6,C,1,R,1,K,5,S,1,X,1,"L1:[sp=C,153] R=1,X=1,K=6,C=3,Y=47,S=1 || L2:[sp=X,3] Y=6,C=1,R=1,K=5,S=1,X=1",-82750753.0,-163323000.0,1,C|X,1
K,153,X,1,R,1,K,6,C,2,S,1,Y,208,K,6,S,1,C,1,Y,41,K,1,R,1,X,1,"L1:[sp=K,153] X=1,R=1,K=6,C=2,S=1,Y=208 || L2:[sp=K,6] S=1,C=1,Y=41,K=1,R=1,X=1",-1284193.0,-163323000.0,1,K|K,1
X,153,X,1,R,2,K,31,C,3,S,1,Y,47,K,6,S,1,R,1,C,2,K,4,Y,40,X,1,"L1:[sp=X,153] X=1,R=2,K=31,C=3,S=1,Y=47 || L2:[sp=K,6] S=1,R=1,C=2,K=4,Y=40,X=1",-735121.0,-163324000.0,1,X|K,1
X,153,X,1,S,1,K,6,C,2,Y,68,R,1,K,3,Y,34,S,1,R,1,K,2,C,1,X,1,"L1:[sp=X,153] X=1,S=1,K=6,C=2,Y=68,R=1 || L2:[sp=K,3] Y=34,S=1,R=1,K=2,C=1,X=1",-568657.0,-163324000.0,1,X|K,1
X,153,C,2,S,1,K,6,X,1,Y,47,R,1,K,3,Y,19,R,1,S,1,K,2,C,1,X,1,"L1:[sp=X,153] C=2,S=1,K=6,X=1,Y=47,R=1 || L2:[sp=K,3] Y=19,R=1,S=1,K=2,C=1,X=1",-517177.0,-163323000.0,1,X|K,1
X,153,X,1,R,1,K,31,C,3,S,1,Y,47,K,6,S,1,R,1,C,2,K,4,Y,40,X,1,"L1:[sp=X,153] X=1,R=1,K=31,C=3,S=1,Y=47 || L2:[sp=K,6] S=1,R=1,C=2,K=4,Y=40,X=1",-717121.0,-163324000.0,1,X|K,1
X,153,R,1,X,1,K,6,C,3,Y,47,S,1,C,3,Y,19,C,1,R,1,K,5,S,1,X,1,"L1:[sp=X,153] R=1,X=1,K=6,C=3,Y=47,S=1 || L2:[sp=C,3] Y=19,C=1,R=1,K=5,S=1,X=1",-476317.0,-163324000.0,1,X|C,1
C,153,R,1,X,1,S,3,K,6,Y,147,C,3,X,3,Y,41,C,1,R,1,K,5,S,1,X,1,"L1:[sp=C,153] R=1,X=1,S=3,K=6,Y=147,C=3 || L2:[sp=X,3] Y=41,C=1,R=1,K=5,S=1,X=1",-77529061.0,-163324000.0,1,C|X,1
X,153,C,3,R,1,K,6,X,1,Y,47,S,1,C,3,Y,19,S,1,R,1,K,5,C,1,X,1,"L1:[sp=X,153] C=3,R=1,K=6,X=1,Y=47,S=1 || L2:[sp=C,3] Y=19,S=1,R=1,K=5,C=1,X=1",-476317.0,-163324000.0,1,X|C,1
C,153,R,1,C,1,K,6,S,2,Y,47,X,1,X,3,Y,41,S,1,R,1,K,5,C,1,X,1,"L1:[sp=C,153] R=1,C=1,K=6,S=2,Y=47,X=1 || L2:[sp=X,3] Y=41,S=1,R=1,K=5,C=1,X=1",-23824429.0,-163323000.0,1,C|X,1
X,153,R,1,X,1,K,6,C,3,Y,47,S,3,C,3,Y,19,C,2,R,1,K,5,S,1,X,1,"L1:[sp=X,153] R=1,X=1,K=6,C=3,Y=47,S=3 || L2:[sp=C,3] Y=19,C=2,R=1,K=5,S=1,X=1",-2846677.0,-163324000.0,1,X|C,1
X,153,Y,41,X,1,K,6,C,3,R,1,S,1,C,3,Y,41,C,1,R,1,K,5,S,1,X,1,"L1:[sp=X,153] Y=41,X=1,K=6,C=3,R=1,S=1 || L2:[sp=C,3] Y=41,C=1,R=1,K=5,S=1,X=1",-542593.0,-163324000.0,1,X|C,1
X,153,C,3,R,1,K,6,S,1,X,1,Y,47,C,3,Y,41,S,1,R,1,K,5,C,1,X,1,"L1:[sp=X,153] C=3,R=1,K=6,S=1,X=1,Y=47 || L2:[sp=C,3] Y=41,S=1,R=1,K=5,C=1,X=1",-428005.0,-163324000.0,1,X|C,1
X,153,C,3,K,6,S,1,X,1,Y,47,R,1,K,3,Y,19,S,1,R,1,K,2,C,3,X,1,"L1:[sp=X,153] C=3,K=6,S=1,X=1,Y=47,R=1 || L2:[sp=K,3] Y=19,S=1,R=1,K=2,C=3,X=1",-515197.0,-163323000.0,1,X|K,1
K,153,X,1,R,1,K,6,C,2,S,1,Y,47,K,6,S,1,Y,6,C,1,K,1,R,1,X,1,"L1:[sp=K,153] X=1,R=1,K=6,C=2,S=1,Y=47 || L2:[sp=K,6] S=1,Y=6,C=1,K=1,R=1,X=1",-1374913.0,-163323000.0,1,K|K,1
X,153,C,3,R,1,K,62,X,1,Y,47,S,2,C,3,K,5,C,1,R,1,Y,19,S,1,X,1,"L1:[sp=X,153] C=3,R=1,K=62,X=1,Y=47,S=2 || L2:[sp=C,3] K=5,C=1,R=1,Y=19,S=1,X=1",-inf,-inf,0,X|C,1
X,153,R,1,X,1,K,6,C,3,Y,47,S,1,C,3,Y,41,C,1,R,1,K,5,S,1,X,1,"L1:[sp=X,153] R=1,X=1,K=6,C=3,Y=47,S=1 || L2:[sp=C,3] Y=41,C=1,R=1,K=5,S=1,X=1",-428005.0,-163324000.0,1,X|C,1
X,153,R,1,Y,47,K,6,C,3,X,1,S,1,C,3,Y,19,C,1,R,1,K,5,S,1,X,1,"L1:[sp=X,153] R=1,Y=47,K=6,C=3,X=1,S=1 || L2:[sp=C,3] Y=19,C=1,R=1,K=5,S=1,X=1",-476317.0,-163324000.0,1,X|C,1
X,153,C,2,S,1,K,6,X,1,Y,47,R,1,K,3,Y,19,R,1,S,1,K,2,C,2,X,1,"L1:[sp=X,153] C=2,S=1,K=6,X=1,Y=47,R=1 || L2:[sp=K,3] Y=19,R=1,S=1,K=2,C=2,X=1",-688249.0,-163323000.0,1,X|K,1
X,153,C,3,K,22,R,1,S,1,Y,47,X,1,Y,1,Y,19,S,1,R,1,K,6,C,1,X,1,"L1:[sp=X,153] C=3,K=22,R=1,S=1,Y=47,X=1 || L2:[sp=Y,1] Y=19,S=1,R=1,K=6,C=1,X=1",-inf,-inf,0,X|Y,1
K,153,C,3,K,6,S,1,X,1,Y,79,R,1,X,3,Y,6,S,1,R,1,K,2,C,3,X,1,"L1:[sp=K,153] C=3,K=6,S=1,X=1,Y=79,R=1 || L2:[sp=X,3] Y=6,S=1,R=1,K=2,C=3,X=1",-8134561.0,-163323000.0,1,K|X,1
X,153,R,1,X,1,K,6,C,3,Y,47,S,1,C,3,Y,13,C,1,R,1,K,5,S,1,X,1,"L1:[sp=X,153] R=1,X=1,K=6,C=3,Y=47,S=1 || L2:[sp=C,3] Y=13,C=1,R=1,K=5,S=1,X=1",-489493.0,-163323000.0,1,X|C,1
X,153,C,3,K,6,S,1,X,1,Y,47,R,1,K,3,Y,19,S,1,R,1,K,2,C,3,X,1,"L1:[sp=X,153] C=3,K=6,S=1,X=1,Y=47,R=1 || L2:[sp=K,3] Y=19,S=1,R=1,K=2,C=3,X=1",-515197.0,-163323000.0,1,X|K,1
X,153,C,3,K,6,R,1,S,1,Y,47,X,1,K,2,Y,19,S,1,R,1,K,6,C,1,X,1,"L1:[sp=X,153] C=3,K=6,R=1,S=1,Y=47,X=1 || L2:[sp=K,2] Y=19,S=1,R=1,K=6,C=1,X=1",-1156222.0,-163324000.0,1,X|K,1
X,153,C,1,K,6,S,1,X,1,Y,47,R,1,K,3,K,2,S,1,R,1,Y,6,C,1,X,1,"L1:[sp=X,153] C=1,K=6,S=1,X=1,Y=47,R=1 || L2:[sp=K,3] K=2,S=1,R=1,Y=6,C=1,X=1",-538165.0,-163323000.0,1,X|K,1
X,153,R,1,X,1,K,6,C,3,Y,41,S,1,C,3,Y,41,C,1,R,1,K,5,S,1,X,1,"L1:[sp=X,153] R=1,X=1,K=6,C=3,Y=41,S=1 || L2:[sp=C,3] Y=41,C=1,R=1,K=5,S=1,X=1",-542593.0,-163324000.0,1,X|C,1
X,153,Y,47,X,1,K,6,C,3,R,1,S,1,C,3,Y,19,C,1,R,1,K,5,X,1,S,1,"L1:[sp=X,153] Y=47,X=1,K=6,C=3,R=1,S=1 || L2:[sp=C,3] Y=19,C=1,R=1,K=5,X=1,S=1",-476317.0,-163324000.0,1,X|C,1
X,153,R,1,X,1,K,6,C,3,Y,47,S,1,C,1,Y,19,C,1,R,1,K,5,S,1,X,1,"L1:[sp=X,153] R=1,X=1,K=6,C=3,Y=47,S=1 || L2:[sp=C,1] Y=19,C=1,R=1,K=5,S=1,X=1",-inf,-inf,0,X|C,1
X,153,C,2,S,1,K,6,X,1,Y,47,R,1,K,3,Y,19,R,1,S,1,K,2,C,1,X,1,"L1:[sp=X,153] C=2,S=1,K=6,X=1,Y=47,R=1 || L2:[sp=K,3] Y=19,R=1,S=1,K=2,C=1,X=1",-517177.0,-163323000.0,1,X|K,1
X,153,Y,47,X,216,K,6,C,3,R,1,S,1,C,3,Y,19,C,1,R,1,K,5,S,1,X,1,"L1:[sp=X,153] Y=47,X=216,K=6,C=3,R=1,S=1 || L2:[sp=C,3] Y=19,C=1,R=1,K=5,S=1,X=1",-inf,-inf,0,X|C,1
X,153,C,3,R,1,K,6,X,1,Y,77,S,1,C,3,Y,4,S,1,R,1,K,5,C,1,X,1,"L1:[sp=X,153] C=3,R=1,K=6,X=1,Y=77,S=1 || L2:[sp=C,3] Y=4,S=1,R=1,K=5,C=1,X=1",-490897.0,-163324000.0,1,X|C,1
X,153,C,3,R,1,K,6,S,1,X,1,Y,47,C,3,K,5,S,1,R,1,Y,39,C,3,X,1,"L1:[sp=X,153] C=3,R=1,K=6,S=1,X=1,Y=47 || L2:[sp=C,3] K=5,S=1,R=1,Y=39,C=3,X=1",-inf,-inf,0,X|C,1
X,153,R,1,S,1,K,6,C,3,Y,47,X,78,C,3,Y,41,C,1,R,1,K,5,S,1,X,1,"L1:[sp=X,153] R=1,S=1,K=6,C=3,Y=47,X=78 || L2:[sp=C,3] Y=41,C=1,R=1,K=5,S=1,X=1",-inf,-inf,0,X|C,1
X,153,Y,41,X,1,K,6,C,3,R,1,S,1,C,3,Y,41,C,1,R,1,K,5,S,1,X,1,"L1:[sp=X,153] Y=41,X=1,K=6,C=3,R=1,S=1 || L2:[sp=C,3] Y=41,C=1,R=1,K=5,S=1,X=1",-542593.0,-163324000.0,1,X|C,1
X,153,R,1,X,104,K,6,C,3,Y,47,S,1,C,3,Y,19,C,1,R,1,K,5,S,1,X,1,"L1:[sp=X,153] R=1,X=104,K=6,C=3,Y=47,S=1 || L2:[sp=C,3] Y=19,C=1,R=1,K=5,S=1,X=1",-inf,-inf,0,X|C,1
X,153,R,1,X,1,K,9,C,3,Y,47,S,1,C,3,Y,42,C,1,R,1,K,5,X,1,S,1,"L1:[sp=X,153] R=1,X=1,K=9,C=3,Y=47,S=1 || L2:[sp=C,3] Y=42,C=1,R=1,K=5,X=1,S=1",-inf,-inf,0,X|C,1
X,153,C,3,R,1,K,6,S,1,Y,47,X,1,C,3,Y,6,S,1,R,1,K,6,C,1,X,1,"L1:[sp=X,153] C=3,R=1,K=6,S=1,Y=47,X=1 || L2:[sp=C,3] Y=6,S=1,R=1,K=6,C=1,X=1",-534205.0,-163323000.0,1,X|C,1
X,153,R,1,X,1,K,6,C,3,Y,47,S,1,C,3,Y,41,C,1,R,1,K,5,S,1,X,1,"L1:[sp=X,153] R=1,X=1,K=6,C=3,Y=47,S=1 || L2:[sp=C,3] Y=41,C=1,R=1,K=5,S=1,X=1",-428005.0,-163324000.0,1,X|C,1
X,153,R,1,Y,47,K,6,C,3,X,1,S,1,C,3,Y,19,C,3,R,1,K,5,S,1,X,1,"L1:[sp=X,153] R=1,Y=47,K=6,C=3,X=1,S=1 || L2:[sp=C,3] Y=19,C=3,R=1,K=5,S=1,X=1",-1424989.0,-163324000.0,1,X|C,1
X,153,C,3,R,1,K,6,X,1,Y,77,S,1,C,3,Y,52,S,1,R,1,K,5,C,1,X,1,"L1:[sp=X,153] C=3,R=1,K=6,X=1,Y=77,S=1 || L2:[sp=C,3] Y=52,S=1,R=1,K=5,C=1,X=1",-inf,-inf,0,X|C,1
X,153,C,2,S,1,K,6,X,1,Y,47,R,1,C,2,Y,19,R,1,S,1,K,2,C,1,X,1,"L1:[sp=X,153] C=2,S=1,K=6,X=1,Y=47,R=1 || L2:[sp=C,2] Y=19,R=1,S=1,K=2,C=1,X=1",-749467.0,-163323000.0,1,X|C,1
X,153,C,3,K,6,S,1,X,1,Y,47,R,1,K,3,Y,27,S,1,R,1,K,2,C,3,X,1,"L1:[sp=X,153] C=3,K=6,S=1,X=1,Y=47,R=1 || L2:[sp=K,3] Y=27,S=1,R=1,K=2,C=3,X=1",-560341.0,-163324000.0,1,X|K,1
X,153,R,1,X,1,K,6,C,3,Y,47,S,1,C,3,Y,43,C,1,R,1,K,5,S,1,X,1,"L1:[sp=X,153] R=1,X=1,K=6,C=3,Y=47,S=1 || L2:[sp=C,3] Y=43,C=1,R=1,K=5,S=1,X=1",-inf,-inf,0,X|C,1
X,153,Y,47,X,21,K,6,C,3,R,1,S,1,C,3,Y,19,C,1,R,1,K,5,X,1,S,1,"L1:[sp=X,153] Y=47,X=21,K=6,C=3,R=1,S=1 || L2:[sp=C,3] Y=19,C=1,R=1,K=5,X=1,S=1",-inf,-inf,0,X|C,1
Y,153,R,3,X,1,K,6,C,3,Y,47,S,1,C,3,Y,31,C,1,X,1,K,5,S,1,R,1,"L1:[sp=Y,153] R=3,X=1,K=6,C=3,Y=47,S=1 || L2:[sp=C,3] Y=31,C=1,X=1,K=5,S=1,R=1",-6033217.0,-163323000.0,1,Y|C,1
C,153,R,1,Y,47,K,6,C,3,X,1,S,1,C,3,Y,19,C,1,R,1,K,5,S,1,X,1,"L1:[sp=C,153] R=1,Y=47,K=6,C=3,X=1,S=1 || L2:[sp=C,3] Y=19,C=1,R=1,K=5,S=1,X=1",-26673697.0,-163323000.0,1,C|C,1
X,153,R,1,X,1,K,6,C,3,Y,47,S,1,C,3,Y,19,C,1,R,1,K,2,S,1,X,1,"L1:[sp=X,153] R=1,X=1,K=6,C=3,Y=47,S=1 || L2:[sp=C,3] Y=19,C=1,R=1,K=2,S=1,X=1",-499645.0,-163323000.0,1,X|C,1
X,153,C,3,K,6,S,1,X,1,Y,47,R,3,K,3,Y,41,S,1,R,1,K,2,C,3,X,1,"L1:[sp=X,153] C=3,K=6,S=1,X=1,Y=47,R=3 || L2:[sp=K,3] Y=41,S=1,R=1,K=2,C=3,X=1",-485365.0,-163324000.0,1,X|K,1
X,153,R,1,X,1,K,6,C,3,Y,47,S,1,C,3,Y,13,C,1,R,1,K,5,S,1,X,1,"L1:[sp=X,153] R=1,X=1,K=6,C=3,Y=47,S=1 || L2:[sp=C,3] Y=13,C=1,R=1,K=5,S=1,X=1",-489493.0,-163323000.0,1,X|C,1
X,153,Y,206,X,1,K,6,S,1,R,1,C,3,C,3,Y,19,R,1,C,1,K,5,X,1,S,1,"L1:[sp=X,153] Y=206,X=1,K=6,S=1,R=1,C=3 || L2:[sp=C,3] Y=19,R=1,C=1,K=5,X=1,S=1",-inf,-inf,0,X|C,1
X,153,C,3,R,1,K,6,S,2,Y,47,X,1,C,3,Y,19,S,1,R,1,K,6,C,1,X,1,"L1:[sp=X,153] C=3,R=1,K=6,S=2,Y=47,X=1 || L2:[sp=C,3] Y=19,S=1,R=1,K=6,C=1,X=1",-1027753.0,-163324000.0,1,X|C,1
X,153,Y,47,X,1,K,6,C,3,R,1,S,3,C,3,Y,6,C,1,R,1,K,5,X,1,S,1,"L1:[sp=X,153] Y=47,X=1,K=6,C=3,R=1,S=3 || L2:[sp=C,3] Y=6,C=1,R=1,K=5,X=1,S=1",-1476373.0,-163324000.0,1,X|C,1
X,153,Y,47,X,1,K,6,C,3,R,1,S,1,C,3,Y,19,C,1,R,1,K,5,X,1,S,1,"L1:[sp=X,153] Y=47,X=1,K=6,C=3,R=1,S=1 || L2:[sp=C,3] Y=19,C=1,R=1,K=5,X=1,S=1",-476317.0,-163324000.0,1,X|C,1
X,153,R,2,Y,215,K,6,C,3,X,1,S,1,C,3,Y,19,C,1,R,1,K,5,S,1,X,1,"L1:[sp=X,153] R=2,Y=215,K=6,C=3,X=1,S=1 || L2:[sp=C,3] Y=19,C=1,R=1,K=5,S=1,X=1",-inf,-inf,0,X|C,1
X,153,R,1,Y,47,K,6,C,3,X,1,S,2,C,3,Y,19,C,1,R,1,K,2,S,1,X,1,"L1:[sp=X,153] R=1,Y=47,K=6,C=3,X=1,S=2 || L2:[sp=C,3] Y=19,C=1,R=1,K=2,S=1,X=1",-996649.0,-163323000.0,1,X|C,1
X,153,C,2,S,1,K,6,X,1,Y,47,R,3,C,2,Y,19,R,1,S,1,K,2,C,1,X,1,"L1:[sp=X,153] C=2,S=1,K=6,X=1,Y=47,R=3 || L2:[sp=C,2] Y=19,R=1,S=1,K=2,C=1,X=1",-782047.0,-163323000.0,1,X|C,1
X,153,C,1,R,1,K,6,S,1,Y,47,X,1,C,3,Y,6,S,1,R,1,K,6,C,1,X,1,"L1:[sp=X,153] C=1,R=1,K=6,S=1,Y=47,X=1 || L2:[sp=C,3] Y=6,S=1,R=1,K=6,C=1,X=1",-1602613.0,-163323000.0,1,X|C,1
X,153,R,1,X,1,K,25,C,3,Y,47,S,1,C,3,Y,41,C,3,R,1,K,5,S,1,X,1,"L1:[sp=X,153] R=1,X=1,K=25,C=3,Y=47,S=1 || L2:[sp=C,3] Y=41,C=3,R=1,K=5,S=1,X=1",-inf,-inf,0,X|C,1
X,153,R,1,X,1,K,6,C,3,Y,47,S,1,C,3,Y,41,C,1,R,1,K,5,S,1,X,1,"L1:[sp=X,153] R=1,X=1,K=6,C=3,Y=47,S=1 || L2:[sp=C,3] Y=41,C=1,R=1,K=5,S=1,X=1",-428005.0,-163324000.0,1,X|C,1
X,153,R,1,X,1,K,6,C,3,Y,92,S,1,C,3,Y,19,C,1,R,1,K,2,S,1,X,1,"L1:[sp=X,153] R=1,X=1,K=6,C=3,Y=92,S=1 || L2:[sp=C,3] Y=19,C=1,R=1,K=2,S=1,X=1",-549541.0,-163324000.0,1,X|C,1
X,153,R,1,X,1,K,6,C,3,Y,47,S,1,C,3,Y,13,C,1,R,1,K,3,S,1,X,1,"L1:[sp=X,153] R=1,X=1,K=6,C=3,Y=47,S=1 || L2:[sp=C,3] Y=13,C=1,R=1,K=3,S=1,X=1",-529453.0,-163323000.0,1,X|C,1
X,153,C,2,Y,47,K,6,X,1,S,1,R,1,C,2,Y,19,R,1,S,1,K,2,C,1,X,1,"L1:[sp=X,153] C=2,Y=47,K=6,X=1,S=1,R=1 || L2:[sp=C,2] Y=19,R=1,S=1,K=2,C=1,X=1",-749467.0,-163323000.0,1,X|C,1
K,153,C,3,X,1,S,1,K,6,Y,47,R,1,X,3,Y,27,S,1,R,1,K,1,C,2,X,1,"L1:[sp=K,153] C=3,X=1,S=1,K=6,Y=47,R=1 || L2:[sp=X,3] Y=27,S=1,R=1,K=1,C=2,X=1",-8537761.0,-163323000.0,1,K|X,1
X,153,X,1,R,1,K,6,C,3,Y,47,S,2,C,3,Y,41,C,1,R,1,K,5,S,1,X,1,"L1:[sp=X,153] X=1,R=1,K=6,C=3,Y=47,S=2 || L2:[sp=C,3] Y=41,C=1,R=1,K=5,S=1,X=1",-853369.0,-163324000.0,1,X|C,1
X,153,R,1,X,1,K,6,C,3,Y,47,S,3,C,3,Y,22,C,1,R,1,K,5,S,1,X,1,"L1:[sp=X,153] R=1,X=1,K=6,C=3,Y=47,S=3 || L2:[sp=C,3] Y=22,C=1,R=1,K=5,S=1,X=1",-1403905.0,-163324000.0,1,X|C,1
C,153,C,2,S,1,K,6,X,1,Y,47,R,3,C,2,Y,19,R,1,S,1,K,2,C,1,X,1,"L1:[sp=C,153] C=2,S=1,K=6,X=1,Y=47,R=3 || L2:[sp=C,2] Y=19,R=1,S=1,K=2,C=1,X=1",-29196385.0,-163323000.0,1,C|C,1
X,153,C,3,K,6,S,1,X,1,Y,47,R,3,K,3,X,1,S,1,R,1,K,2,C,3,Y,44,"L1:[sp=X,153] C=3,K=6,S=1,X=1,Y=47,R=3 || L2:[sp=K,3] X=1,S=1,R=1,K=2,C=3,Y=44",-478237.0,-163324000.0,1,X|K,1
X,153,C,3,K,6,S,1,X,1,Y,47,R,1,K,3,Y,27,S,1,R,1,K,2,C,2,X,1,"L1:[sp=X,153] C=3,K=6,S=1,X=1,Y=47,R=1 || L2:[sp=K,3] Y=27,S=1,R=1,K=2,C=2,X=1",-560341.0,-163323000.0,1,X|K,1
X,153,Y,47,X,1,K,6,C,3,R,1,S,1,C,3,Y,19,C,1,R,1,K,3,X,1,S,1,"L1:[sp=X,153] Y=47,X=1,K=6,C=3,R=1,S=1 || L2:[sp=C,3] Y=19,C=1,R=1,K=3,X=1,S=1",-515197.0,-163323000.0,1,X|C,1
X,153,R,2,C,3,K,23,X,1,Y,47,S,1,C,3,Y,27,C,3,R,1,K,5,S,1,X,1,"L1:[sp=X,153] R=2,C=3,K=23,X=1,Y=47,S=1 || L2:[sp=C,3] Y=27,C=3,R=1,K=5,S=1,X=1",-inf,-inf,0,X|C,1
X,153,C,3,K,22,S,1,X,32,R,1,Y,47,K,3,R,1,S,1,Y,13,K,2,C,2,X,1,"L1:[sp=X,153] C=3,K=22,S=1,X=32,R=1,Y=47 || L2:[sp=K,3] R=1,S=1,Y=13,K=2,C=2,X=1",-inf,-inf,0,X|K,1
X,153,R,3,X,1,K,6,C,2,Y,47,S,1,C,3,Y,12,C,1,R,1,K,5,S,1,X,1,"L1:[sp=X,153] R=3,X=1,K=6,C=2,Y=47,S=1 || L2:[sp=C,3] Y=12,C=1,R=1,K=5,S=1,X=1",-1020265.0,-163323000.0,1,X|C,1
X,153,C,3,S,1,K,6,X,1,Y,47,R,1,C,2,Y,13,R,1,S,1,K,2,C,1,X,1,"L1:[sp=X,153] C=3,S=1,K=6,X=1,Y=47,R=1 || L2:[sp=C,2] Y=13,R=1,S=1,K=2,C=1,X=1",-768718.0,-163323000.0,1,X|C,1
X,153,Y,183,R,1,K,6,C,3,X,1,S,1,C,3,Y,47,C,1,R,1,K,5,X,1,S,1,"L1:[sp=X,153] Y=183,R=1,K=6,C=3,X=1,S=1 || L2:[sp=C,3] Y=47,C=1,R=1,K=5,X=1,S=1",-inf,-inf,0,X|C,1
X,153,C,3,S,1,K,6,X,1,Y,47,R,1,X,1,Y,10,R,1,S,1,K,2,C,1,X,1,"L1:[sp=X,153] C=3,S=1,K=6,X=1,Y=47,R=1 || L2:[sp=X,1] Y=10,R=1,S=1,K=2,C=1,X=1",-inf,-inf,0,X|X,1
C,153,R,1,X,1,K,6,C,3,Y,18,S,1,X,3,Y,18,C,1,R,1,K,2,S,1,X,1,"L1:[sp=C,153] R=1,X=1,K=6,C=3,Y=18,S=1 || L2:[sp=X,3] Y=18,C=1,R=1,K=2,S=1,X=1",-90863137.0,-163323000.0,1,C|X,1
C,153,Y,47,X,1,K,6,C,3,R,1,S,1,X,3,Y,19,C,1,R,1,K,5,X,1,S,1,"L1:[sp=C,153] Y=47,X=1,K=6,C=3,R=1,S=1 || L2:[sp=X,3] Y=19,C=1,R=1,K=5,X=1,S=1",-79799329.0,-163323000.0,1,C|X,1
X,153,C,2,S,1,K,6,X,1,Y,47,R,1,X,1,Y,19,R,1,S,1,K,2,C,1,X,1,"L1:[sp=X,153] C=2,S=1,K=6,X=1,Y=47,R=1 || L2:[sp=X,1] Y=19,R=1,S=1,K=2,C=1,X=1",-inf,-inf,0,X|X,1
X,153,C,3,K,6,S,1,X,1,Y,47,R,1,K,3,Y,27,S,1,R,1,K,2,C,3,X,1,"L1:[sp=X,153] C=3,K=6,S=1,X=1,Y=47,R=1 || L2:[sp=K,3] Y=27,S=1,R=1,K=2,C=3,X=1",-560341.0,-163324000.0,1,X|K,1
X,153,R,1,X,1,K,6,C,3,Y,47,S,1,C,3,Y,41,C,1,R,1,K,5,S,1,X,1,"L1:[sp=X,153] R=1,X=1,K=6,C=3,Y=47,S=1 || L2:[sp=C,3] Y=41,C=1,R=1,K=5,S=1,X=1",-428005.0,-163324000.0,1,X|C,1
X,153,R,1,X,1,K,6,C,3,Y,92,S,1,C,3,Y,19,C,1,R,1,K,2,S,1,X,1,"L1:[sp=X,153] R=1,X=1,K=6,C=3,Y=92,S=1 || L2:[sp=C,3] Y=19,C=1,R=1,K=2,S=1,X=1",-549541.0,-163324000.0,1,X|C,1
X,153,C,3,K,6,S,1,X,1,Y,47,R,1,K,3,Y,27,S,1,R,1,K,2,C,3,X,1,"L1:[sp=X,153] C=3,K=6,S=1,X=1,Y=47,R=1 || L2:[sp=K,3] Y=27,S=1,R=1,K=2,C=3,X=1",-560341.0,-163324000.0,1,X|K,1
X,153,Y,21,X,1,C,3,K,6,R,1,S,1,K,3,Y,19,C,1,R,1,K,3,X,1,S,1,"L1:[sp=X,153] Y=21,X=1,C=3,K=6,R=1,S=1 || L2:[sp=K,3] Y=19,C=1,R=1,K=3,X=1,S=1",-759925.0,-163323000.0,1,X|K,1
C,153,C,3,X,104,K,6,R,1,Y,47,S,1,Y,3,Y,13,C,1,R,1,K,3,S,1,X,1,"L1:[sp=C,153] C=3,X=104,K=6,R=1,Y=47,S=1 || L2:[sp=Y,3] Y=13,C=1,R=1,K=3,S=1,X=1",-36724942.0,-163324000.0,1,C|Y,1
X,153,C,3,K,6,S,1,X,1,Y,98,R,1,C,1,Y,27,S,1,R,1,K,2,C,2,X,1,"L1:[sp=X,153] C=3,K=6,S=1,X=1,Y=98,R=1 || L2:[sp=C,1] Y=27,S=1,R=1,K=2,C=2,X=1",-inf,-inf,0,X|C,1
X,153,R,1,X,1,K,6,C,3,Y,47,S,2,K,6,Y,13,C,1,R,1,K,3,S,1,X,1,"L1:[sp=X,153] R=1,X=1,K=6,C=3,Y=47,S=2 || L2:[sp=K,6] Y=13,C=1,R=1,K=3,S=1,X=1",-3167473.0,-163323000.0,1,X|K,1
X,153,Y,47,X,1,K,6,C,3,R,1,S,1,C,3,Y,4,C,1,R,1,K,3,X,1,S,1,"L1:[sp=X,153] Y=47,X=1,K=6,C=3,R=1,S=1 || L2:[sp=C,3] Y=4,C=1,R=1,K=3,X=1,S=1",-534205.0,-163323000.0,1,X|C,1
X,153,R,1,X,52,K,6,C,3,Y,92,S,1,C,3,Y,19,C,1,R,1,K,4,S,1,X,1,"L1:[sp=X,153] R=1,X=52,K=6,C=3,Y=92,S=1 || L2:[sp=C,3] Y=19,C=1,R=1,K=4,S=1,X=1",-inf,-inf,0,X|C,1
X,153,R,1,X,1,K,6,C,3,Y,47,S,1,C,3,Y,8,C,1,X,1,K,3,S,1,R,1,"L1:[sp=X,153] R=1,X=1,K=6,C=3,Y=47,S=1 || L2:[sp=C,3] Y=8,C=1,X=1,K=3,S=1,R=1",-541333.0,-163323000.0,1,X|C,1
X,153,C,2,Y,47,S,1,X,1,K,6,R,1,C,2,Y,19,R,1,S,1,K,2,C,1,X,1,"L1:[sp=X,153] C=2,Y=47,S=1,X=1,K=6,R=1 || L2:[sp=C,2] Y=19,R=1,S=1,K=2,C=1,X=1",-749467.0,-163323000.0,1,X|C,1
X,153,C,2,Y,47,K,6,X,1,S,1,R,1,C,2,Y,27,R,1,S,1,K,2,C,2,X,1,"L1:[sp=X,153] C=2,Y=47,K=6,X=1,S=1,R=1 || L2:[sp=C,2] Y=27,R=1,S=1,K=2,C=2,X=1",-1627291.0,-163324000.0,1,X|C,1
X,153,C,3,K,6,R,1,X,1,Y,47,S,1,K,3,Y,19,S,1,R,1,K,2,C,1,X,1,"L1:[sp=X,153] C=3,K=6,R=1,X=1,Y=47,S=1 || L2:[sp=K,3] Y=19,S=1,R=1,K=2,C=1,X=1",-515197.0,-163323000.0,1,X|K,1
K,153,C,3,K,6,S,1,X,1,Y,47,R,3,X,3,X,1,S,1,R,1,K,2,C,3,Y,44,"L1:[sp=K,153] C=3,K=6,S=1,X=1,Y=47,R=3 || L2:[sp=X,3] X=1,S=1,R=1,K=2,C=3,Y=44",-7297249.0,-163323000.0,1,K|X,1
K,153,C,3,K,6,S,1,X,55,Y,47,R,1,X,3,K,2,S,1,R,1,Y,27,C,3,X,1,"L1:[sp=K,153] C=3,K=6,S=1,X=55,Y=47,R=1 || L2:[sp=X,3] K=2,S=1,R=1,Y=27,C=3,X=1",-inf,-inf,0,K|X,1
X,153,R,1,X,1,K,6,C,3,Y,47,S,1,C,3,Y,13,C,1,R,1,K,3,S,1,X,1,"L1:[sp=X,153] R=1,X=1,K=6,C=3,Y=47,S=1 || L2:[sp=C,3] Y=13,C=1,R=1,K=3,S=1,X=1",-529453.0,-163323000.0,1,X|C,1
X,153,C,3,K,6,S,1,X,1,Y,47,R,3,K,3,Y,27,S,1,R,1,K,2,C,3,X,1,"L1:[sp=X,153] C=3,K=6,S=1,X=1,Y=47,R=3 || L2:[sp=K,3] Y=27,S=1,R=1,K=2,C=3,X=1",-582781.0,-163324000.0,1,X|K,1
X,153,R,1,X,55,K,6,C,3,Y,47,S,1,Y,1,Y,13,C,1,R,1,X,1,S,1,K,1,"L1:[sp=X,153] R=1,X=55,K=6,C=3,Y=47,S=1 || L2:[sp=Y,1] Y=13,C=1,R=1,X=1,S=1,K=1",-inf,-inf,0,X|Y,1
X,153,C,3,K,6,S,1,X,1,Y,47,R,1,Y,47,Y,12,S,1,R,1,K,2,C,2,X,1,"L1:[sp=X,153] C=3,K=6,S=1,X=1,Y=47,R=1 || L2:[sp=Y,47] Y=12,S=1,R=1,K=2,C=2,X=1",-7813126.0,-163323000.0,1,X|Y,1
K,153,C,3,K,6,S,1,X,1,Y,47,R,1,C,3,Y,27,S,1,K,2,R,1,C,2,X,1,"L1:[sp=K,153] C=3,K=6,S=1,X=1,Y=47,R=1 || L2:[sp=C,3] Y=27,S=1,K=2,R=1,C=2,X=1",-5695201.0,-163323000.0,1,K|C,1
X,153,C,3,K,6,S,1,X,1,Y,47,R,3,K,3,Y,27,S,1,R,1,K,2,C,3,X,1,"L1:[sp=X,153] C=3,K=6,S=1,X=1,Y=47,R=3 || L2:[sp=K,3] Y=27,S=1,R=1,K=2,C=3,X=1",-582781.0,-163324000.0,1,X|K,1
X,153,R,1,X,1,K,6,C,3,Y,47,S,1,C,3,Y,41,C,1,R,1,K,5,S,1,X,1,"L1:[sp=X,153] R=1,X=1,K=6,C=3,Y=47,S=1 || L2:[sp=C,3] Y=41,C=1,R=1,K=5,S=1,X=1",-428005.0,-163324000.0,1,X|C,1
X,153,R,1,X,135,K,6,C,3,Y,47,S,2,C,3,Y,8,C,1,X,1,K,3,S,1,R,1,"L1:[sp=X,153] R=1,X=135,K=6,C=3,Y=47,S=2 || L2:[sp=C,3] Y=8,C=1,X=1,K=3,S=1,R=1",-inf,-inf,0,X|C,1
K,153,C,3,K,6,S,1,X,1,Y,47,R,3,X,3,Y,42,S,1,R,1,K,1,C,3,X,1,"L1:[sp=K,153] C=3,K=6,S=1,X=1,Y=47,R=3 || L2:[sp=X,3] Y=42,S=1,R=1,K=1,C=3,X=1",-7369825.0,-163323000.0,1,K|X,1
X,153,R,1,X,1,K,6,C,2,Y,47,S,1,C,3,Y,41,C,1,R,1,K,5,S,1,X,1,"L1:[sp=X,153] R=1,X=1,K=6,C=2,Y=47,S=1 || L2:[sp=C,3] Y=41,C=1,R=1,K=5,S=1,X=1",-856009.0,-163324000.0,1,X|C,1
X,153,R,1,X,1,K,6,C,3,Y,47,S,1,C,3,Y,13,C,1,R,1,K,3,S,1,X,1,"L1:[sp=X,153] R=1,X=1,K=6,C=3,Y=47,S=1 || L2:[sp=C,3] Y=13,C=1,R=1,K=3,S=1,X=1",-529453.0,-163323000.0,1,X|C,1
X,153,C,3,K,52,R,1,X,1,Y,47,S,1,K,3,Y,4,S,1,R,1,K,2,C,1,X,1,"L1:[sp=X,153] C=3,K=52,R=1,X=1,Y=47,S=1 || L2:[sp=K,3] Y=4,S=1,R=1,K=2,C=1,X=1",-inf,-inf,0,X|K,1
X,153,Y,47,X,1,K,6,C,2,R,1,S,1,C,3,Y,19,C,1,X,1,K,3,R,1,S,1,"L1:[sp=X,153] Y=47,X=1,K=6,C=2,R=1,S=1 || L2:[sp=C,3] Y=19,C=1,X=1,K=3,R=1,S=1",-1030393.0,-163323000.0,1,X|C,1
X,153,R,1,X,1,K,6,C,2,Y,47,S,1,C,3,Y,3,C,1,X,1,K,3,S,1,R,1,"L1:[sp=X,153] R=1,X=1,K=6,C=2,Y=47,S=1 || L2:[sp=C,3] Y=3,C=1,X=1,K=3,S=1,R=1",-1068409.0,-163323000.0,1,X|C,1
X,153,R,1,X,1,K,6,C,3,Y,87,S,1,C,3,Y,2,C,1,R,1,K,2,S,1,X,1,"L1:[sp=X,153] R=1,X=1,K=6,C=3,Y=87,S=1 || L2:[sp=C,3] Y=2,C=1,R=1,K=2,S=1,X=1",-517285.0,-163324000.0,1,X|C,1
C,153,R,1,X,1,K,6,C,3,Y,30,S,2,X,3,Y,30,C,1,R,1,K,5,S,1,X,1,"L1:[sp=C,153] R=1,X=1,K=6,C=3,Y=30,S=2 || L2:[sp=X,3] Y=30,C=1,R=1,K=5,S=1,X=1",-88265185.0,-163323000.0,1,C|X,1
X,153,C,3,X,1,K,6,Y,47,R,1,S,1,C,3,Y,4,C,1,R,1,K,3,S,1,X,1,"L1:[sp=X,153] C=3,X=1,K=6,Y=47,R=1,S=1 || L2:[sp=C,3] Y=4,C=1,R=1,K=3,S=1,X=1",-534205.0,-163323000.0,1,X|C,1
X,153,R,3,X,135,K,6,C,3,Y,47,S,1,C,3,Y,27,C,1,R,1,K,2,S,1,X,1,"L1:[sp=X,153] R=3,X=135,K=6,C=3,Y=47,S=1 || L2:[sp=C,3] Y=27,C=1,R=1,K=2,S=1,X=1",-inf,-inf,0,X|C,1
X,153,C,3,K,6,S,1,X,1,Y,92,R,1,Y,92,Y,20,S,1,R,1,K,2,C,2,X,1,"L1:[sp=X,153] C=3,K=6,S=1,X=1,Y=92,R=1 || L2:[sp=Y,92] Y=20,S=1,R=1,K=2,C=2,X=1",-23290849.0,-163323000.0,1,X|Y,1
C,153,R,1,X,1,K,23,C,3,Y,47,S,1,X,3,Y,8,C,1,K,3,X,1,S,1,R,1,"L1:[sp=C,153] R=1,X=1,K=23,C=3,Y=47,S=1 || L2:[sp=X,3] Y=8,C=1,K=3,X=1,S=1,R=1",-87895585.0,-163323000.0,1,C|X,1
X,153,C,3,K,6,X,1,S,1,Y,47,R,3,K,3,Y,12,S,1,R,1,K,2,C,3,X,1,"L1:[sp=X,153] C=3,K=6,X=1,S=1,Y=47,R=3 || L2:[sp=K,3] Y=12,S=1,R=1,K=2,C=3,X=1",-551893.0,-163323000.0,1,X|K,1
X,153,R,1,X,1,K,6,C,3,Y,47,S,1,C,3,Y,27,C,1,R,1,K,5,S,1,X,1,"L1:[sp=X,153] R=1,X=1,K=6,C=3,Y=47,S=1 || L2:[sp=C,3] Y=27,C=1,R=1,K=5,S=1,X=1",-518041.0,-163324000.0,1,X|C,1
X,153,C,3,K,6,S,1,X,1,Y,219,R,1,X,1,Y,152,S,1,R,1,K,2,C,1,X,1,"L1:[sp=X,153] C=3,K=6,S=1,X=1,Y=219,R=1 || L2:[sp=X,1] Y=152,S=1,R=1,K=2,C=1,X=1",-inf,-inf,0,X|X,1
X,153,Y,47,X,1,K,6,C,3,R,1,S,1,C,3,Y,4,C,1,R,1,K,3,X,1,S,1,"L1:[sp=X,153] Y=47,X=1,K=6,C=3,R=1,S=1 || L2:[sp=C,3] Y=4,C=1,R=1,K=3,X=1,S=1",-534205.0,-163323000.0,1,X|C,1
X,153,C,3,K,6,S,1,X,1,Y,47,R,1,K,3,Y,27,S,1,R,1,K,2,C,3,X,1,"L1:[sp=X,153] C=3,K=6,S=1,X=1,Y=47,R=1 || L2:[sp=K,3] Y=27,S=1,R=1,K=2,C=3,X=1",-560341.0,-163324000.0,1,X|K,1
X,153,C,3,K,6,S,1,X,1,Y,47,R,1,K,3,Y,19,C,3,R,1,K,2,S,1,X,1,"L1:[sp=X,153] C=3,K=6,S=1,X=1,Y=47,R=1 || L2:[sp=K,3] Y=19,C=3,R=1,K=2,S=1,X=1",-515197.0,-163323000.0,1,X|K,1
X,153,R,3,X,1,K,6,C,3,Y,47,S,1,C,3,Y,8,C,1,X,1,K,3,S,1,R,1,"L1:[sp=X,153] R=3,X=1,K=6,C=3,Y=47,S=1 || L2:[sp=C,3] Y=8,C=1,X=1,K=3,S=1,R=1",-544765.0,-163323000.0,1,X|C,1
X,153,R,1,X,1,K,6,C,3,Y,47,S,1,C,3,Y,41,C,1,R,1,K,5,S,1,X,1,"L1:[sp=X,153] R=1,X=1,K=6,C=3,Y=47,S=1 || L2:[sp=C,3] Y=41,C=1,R=1,K=5,S=1,X=1",-428005.0,-163324000.0,1,X|C,1
X,153,R,1,X,1,K,6,C,3,Y,47,S,3,C,3,Y,41,C,1,R,1,K,5,S,1,X,1,"L1:[sp=X,153] R=1,X=1,K=6,C=3,Y=47,S=3 || L2:[sp=C,3] Y=41,C=1,R=1,K=5,S=1,X=1",-1278733.0,-163324000.0,1,X|C,1
X,153,R,3,X,1,K,6,C,3,Y,38,S,1,C,3,Y,27,C,1,R,1,K,2,S,1,X,1,"L1:[sp=X,153] R=3,X=1,K=6,C=3,Y=38,S=1 || L2:[sp=C,3] Y=27,C=1,R=1,K=2,S=1,X=1",-553753.0,-163323000.0,1,X|C,1
X,153,R,1,X,1,K,6,C,3,Y,47,S,1,C,3,Y,13,C,1,R,1,K,3,S,1,X,1,"L1:[sp=X,153] R=1,X=1,K=6,C=3,Y=47,S=1 || L2:[sp=C,3] Y=13,C=1,R=1,K=3,S=1,X=1",-529453.0,-163323000.0,1,X|C,1
X,153,C,3,K,6,S,1,X,1,Y,47,R,1,K,3,Y,40,C,3,R,1,K,2,S,1,X,1,"L1:[sp=X,153] C=3,K=6,S=1,X=1,Y=47,R=1 || L2:[sp=K,3] Y=40,C=3,R=1,K=2,S=1,X=1",-465301.0,-163324000.0,1,X|K,1
X,153,R,1,X,1,K,6,C,1,Y,47,S,1,C,3,Y,13,C,1,R,1,K,3,S,1,X,1,"L1:[sp=X,153] R=1,X=1,K=6,C=1,Y=47,S=1 || L2:[sp=C,3] Y=13,C=1,R=1,K=3,S=1,X=1",-1588357.0,-163323000.0,1,X|C,1
X,153,R,1,X,1,K,6,C,3,Y,87,S,2,C,3,Y,2,C,1,R,1,K,2,S,1,X,1,"L1:[sp=X,153] R=1,X=1,K=6,C=3,Y=87,S=2 || L2:[sp=C,3] Y=2,C=1,R=1,K=2,S=1,X=1",-inf,-inf,0,X|C,1
K,153,K,6,C,3,R,1,X,1,Y,47,S,1,X,3,Y,13,C,1,R,1,K,2,S,1,X,1,"L1:[sp=K,153] K=6,C=3,R=1,X=1,Y=47,S=1 || L2:[sp=X,3] Y=13,C=1,R=1,K=2,S=1,X=1",-8066017.0,-163323000.0,1,K|X,1
K,153,R,1,X,146,K,6,C,3,Y,47,S,1,C,3,Y,19,C,3,R,1,K,3,S,1,X,1,"L1:[sp=K,153] R=1,X=146,K=6,C=3,Y=47,S=1 || L2:[sp=C,3] Y=19,C=3,R=1,K=3,S=1,X=1",-inf,-inf,0,K|C,1
X,153,R,3,X,8,S,1,C,3,Y,47,K,6,C,3,Y,8,C,3,R,1,K,2,S,1,X,1,"L1:[sp=X,153] R=3,X=8,S=1,C=3,Y=47,K=6 || L2:[sp=C,3] Y=8,C=3,R=1,K=2,S=1,X=1",-inf,-inf,0,X|C,1
X,153,R,1,X,1,K,58,C,3,Y,87,S,1,C,3,Y,2,C,1,X,1,K,3,S,1,R,1,"L1:[sp=X,153] R=1,X=1,K=58,C=3,Y=87,S=1 || L2:[sp=C,3] Y=2,C=1,X=1,K=3,S=1,R=1",-inf,-inf,0,X|C,1
X,153,R,1,S,1,K,6,C,2,Y,47,X,47,C,3,Y,27,C,1,R,1,K,5,S,1,X,1,"L1:[sp=X,153] R=1,S=1,K=6,C=2,Y=47,X=47 || L2:[sp=C,3] Y=27,C=1,R=1,K=5,S=1,X=1",-inf,-inf,0,X|C,1
X,153,Y,47,X,1,K,6,C,3,R,1,S,1,Y,47,Y,4,C,1,R,1,K,3,X,1,S,1,"L1:[sp=X,153] Y=47,X=1,K=6,C=3,R=1,S=1 || L2:[sp=Y,47] Y=4,C=1,R=1,K=3,X=1,S=1",-2710126.0,-163323000.0,1,X|Y,1
X,153,R,1,X,1,K,6,C,3,Y,87,S,1,C,3,Y,36,C,1,R,1,K,2,S,1,X,1,"L1:[sp=X,153] R=1,X=1,K=6,C=3,Y=87,S=1 || L2:[sp=C,3] Y=36,C=1,R=1,K=2,S=1,X=1",-519589.0,-163324000.0,1,X|C,1
X,153,R,1,X,1,K,6,C,3,Y,47,S,1,C,3,Y,27,C,1,R,1,K,6,S,1,X,1,"L1:[sp=X,153] R=1,X=1,K=6,C=3,Y=47,S=1 || L2:[sp=C,3] Y=27,C=1,R=1,K=6,S=1,X=1",-560341.0,-163324000.0,1,X|C,1
X,153,R,1,X,1,K,6,C,3,Y,47,S,1,X,1,Y,8,C,1,R,1,K,5,S,1,X,1,"L1:[sp=X,153] R=1,X=1,K=6,C=3,Y=47,S=1 || L2:[sp=X,1] Y=8,C=1,R=1,K=5,S=1,X=1",-inf,-inf,0,X|X,1
X,153,R,1,S,1,K,6,C,3,Y,47,X,1,C,3,Y,27,C,1,R,1,K,5,S,1,X,1,"L1:[sp=X,153] R=1,S=1,K=6,C=3,Y=47,X=1 || L2:[sp=C,3] Y=27,C=1,R=1,K=5,S=1,X=1",-518041.0,-163324000.0,1,X|C,1
X,153,R,3,X,1,K,6,C,3,Y,47,S,1,C,3,Y,8,C,1,X,1,K,3,S,1,R,1,"L1:[sp=X,153] R=3,X=1,K=6,C=3,Y=47,S=1 || L2:[sp=C,3] Y=8,C=1,X=1,K=3,S=1,R=1",-544765.0,-163323000.0,1,X|C,1
X,153,Y,47,X,1,K,6,C,3,R,1,S,1,Y,1,Y,13,C,1,R,1,K,3,S,1,X,1,"L1:[sp=X,153] Y=47,X=1,K=6,C=3,R=1,S=1 || L2:[sp=Y,1] Y=13,C=1,R=1,K=3,S=1,X=1",-inf,-inf,0,X|Y,1
X,153,R,3,X,1,K,6,C,3,Y,87,S,1,C,3,Y,2,C,1,R,1,K,2,S,1,X,1,"L1:[sp=X,153] R=3,X=1,K=6,C=3,Y=87,S=1 || L2:[sp=C,3] Y=2,C=1,R=1,K=2,S=1,X=1",-525709.0,-163324000.0,1,X|C,1
X,153,R,1,X,1,K,6,C,3,Y,47,S,2,Y,1,Y,8,C,1,X,1,K,3,S,1,R,1,"L1:[sp=X,153] R=1,X=1,K=6,C=3,Y=47,S=2 || L2:[sp=Y,1] Y=8,C=1,X=1,K=3,S=1,R=1",-inf,-inf,0,X|Y,1
X,153,R,1,X,1,K,6,C,3,Y,47,S,1,C,3,Y,41,C,1,R,1,K,5,S,1,X,1,"L1:[sp=X,153] R=1,X=1,K=6,C=3,Y=47,S=1 || L2:[sp=C,3] Y=41,C=1,R=1,K=5,S=1,X=1",-428005.0,-163324000.0,1,X|C,1
X,153,R,3,X,1,K,6,C,3,Y,47,S,1,C,3,Y,8,C,1,X,1,K,3,S,1,R,1,"L1:[sp=X,153] R=3,X=1,K=6,C=3,Y=47,S=1 || L2:[sp=C,3] Y=8,C=1,X=1,K=3,S=1,R=1",-544765.0,-163323000.0,1,X|C,1
K,153,R,2,X,1,K,6,C,3,Y,87,S,1,C,3,Y,36,C,1,R,1,X,1,S,1,K,2,"L1:[sp=K,153] R=2,X=1,K=6,C=3,Y=87,S=1 || L2:[sp=C,3] Y=36,C=1,R=1,X=1,S=1,K=2",-2761921.0,-163323000.0,1,K|C,1
X,153,R,3,X,1,K,6,C,3,Y,47,S,1,C,3,Y,43,C,1,R,1,K,5,S,1,X,1,"L1:[sp=X,153] R=3,X=1,K=6,C=3,Y=47,S=1 || L2:[sp=C,3] Y=43,C=1,R=1,K=5,S=1,X=1",-inf,-inf,0,X|C,1
X,153,R,1,X,1,K,6,C,3,Y,38,S,1,X,1,Y,27,C,1,R,1,K,2,S,1,X,1,"L1:[sp=X,153] R=1,X=1,K=6,C=3,Y=38,S=1 || L2:[sp=X,1] Y=27,C=1,R=1,K=2,S=1,X=1",-inf,-inf,0,X|X,1
X,153,R,3,X,1,K,6,C,3,Y,47,S,1,C,3,Y,8,C,1,R,1,K,2,S,1,X,1,"L1:[sp=X,153] R=3,X=1,K=6,C=3,Y=47,S=1 || L2:[sp=C,3] Y=8,C=1,R=1,K=2,S=1,X=1",-528277.0,-163323000.0,1,X|C,1
X,153,R,3,X,210,K,6,C,3,Y,87,S,1,C,3,Y,2,C,1,X,1,K,3,S,1,R,1,"L1:[sp=X,153] R=3,X=210,K=6,C=3,Y=87,S=1 || L2:[sp=C,3] Y=2,C=1,X=1,K=3,S=1,R=1",-inf,-inf,0,X|C,1
X,153,R,1,X,1,K,55,C,3,Y,47,S,1,C,3,Y,2,C,1,X,1,K,3,S,1,R,1,"L1:[sp=X,153] R=1,X=1,K=55,C=3,Y=47,S=1 || L2:[sp=C,3] Y=2,C=1,X=1,K=3,S=1,R=1",-inf,-inf,0,X|C,1
K,153,R,3,X,50,K,6,C,3,Y,47,S,1,C,3,Y,8,C,1,R,1,K,5,S,1,X,1,"L1:[sp=K,153] R=3,X=50,K=6,C=3,Y=47,S=1 || L2:[sp=C,3] Y=8,C=1,R=1,K=5,S=1,X=1",-inf,-inf,0,K|C,1
X,153,R,1,S,1,K,6,C,3,Y,47,X,1,C,1,Y,27,C,1,R,1,K,5,S,1,X,1,"L1:[sp=X,153] R=1,S=1,K=6,C=3,Y=47,X=1 || L2:[sp=C,1] Y=27,C=1,R=1,K=5,S=1,X=1",-inf,-inf,0,X|C,1
X,153,R,1,X,1,K,6,C,3,Y,47,S,1,C,1,Y,13,C,1,R,1,K,3,S,1,X,1,"L1:[sp=X,153] R=1,X=1,K=6,C=3,Y=47,S=1 || L2:[sp=C,1] Y=13,C=1,R=1,K=3,S=1,X=1",-inf,-inf,0,X|C,1
X,153,R,3,X,1,K,6,C,3,Y,47,S,1,K,1,Y,8,C,2,X,1,K,3,S,1,R,1,"L1:[sp=X,153] R=3,X=1,K=6,C=3,Y=47,S=1 || L2:[sp=K,1] Y=8,C=2,X=1,K=3,S=1,R=1",-inf,-inf,0,X|K,1
C,153,R,3,X,1,K,6,C,3,Y,38,S,1,X,3,S,1,C,1,R,1,K,2,Y,27,X,1,"L1:[sp=C,153] R=3,X=1,K=6,C=3,Y=38,S=1 || L2:[sp=X,3] S=1,C=1,R=1,K=2,Y=27,X=1",-92941633.0,-163323000.0,1,C|X,1
X,153,R,3,X,1,K,6,C,3,Y,87,S,1,C,3,Y,2,X,1,R,1,K,4,S,1,C,2,"L1:[sp=X,153] R=3,X=1,K=6,C=3,Y=87,S=1 || L2:[sp=C,3] Y=2,X=1,R=1,K=4,S=1,C=2",-1051021.0,-163324000.0,1,X|C,1
C,153,R,1,X,1,K,6,C,3,Y,47,S,1,X,3,Y,41,C,1,R,1,K,5,S,1,X,1,"L1:[sp=C,153] R=1,X=1,K=6,C=3,Y=47,S=1 || L2:[sp=X,3] Y=41,C=1,R=1,K=5,S=1,X=1",-71682913.0,-163323000.0,1,C|X,1
X,153,K,6,S,1,R,1,C,3,Y,47,X,69,C,3,Y,27,C,1,R,1,K,5,S,1,X,1,"L1:[sp=X,153] K=6,S=1,R=1,C=3,Y=47,X=69 || L2:[sp=C,3] Y=27,C=1,R=1,K=5,S=1,X=1",-inf,-inf,0,X|C,1
X,153,R,3,S,1,K,6,C,2,Y,38,X,1,X,1,Y,27,C,1,R,1,K,2,S,1,X,1,"L1:[sp=X,153] R=3,S=1,K=6,C=2,Y=38,X=1 || L2:[sp=X,1] Y=27,C=1,R=1,K=2,S=1,X=1",-830233.0,-163324000.0,1,X|X,1
X,153,R,3,S,1,Y,47,C,3,K,6,X,1,Y,1,Y,27,C,1,R,1,K,5,S,1,X,1,"L1:[sp=X,153] R=3,S=1,Y=47,C=3,K=6,X=1 || L2:[sp=Y,1] Y=27,C=1,R=1,K=5,S=1,X=1",-inf,-inf,0,X|Y,1
X,153,R,1,X,1,K,6,C,3,Y,38,S,1,K,3,Y,27,C,1,R,1,K,2,S,1,X,1,"L1:[sp=X,153] R=1,X=1,K=6,C=3,Y=38,S=1 || L2:[sp=K,3] Y=27,C=1,R=1,K=2,S=1,X=1",-544105.0,-163323000.0,1,X|K,1
X,153,R,1,X,1,K,6,C,3,Y,47,S,1,C,3,Y,40,C,1,X,1,K,3,S,1,R,1,"L1:[sp=X,153] R=1,X=1,K=6,C=3,Y=47,S=1 || L2:[sp=C,3] Y=40,C=1,X=1,K=3,S=1,R=1",-465301.0,-163324000.0,1,X|C,1
X,153,C,3,K,6,X,1,S,1,Y,47,R,3,K,3,Y,8,C,3,R,1,K,2,S,1,X,1,"L1:[sp=X,153] C=3,K=6,X=1,S=1,Y=47,R=3 || L2:[sp=K,3] Y=8,C=3,R=1,K=2,S=1,X=1",-544765.0,-163323000.0,1,X|K,1
X,153,R,1,X,1,K,6,C,3,Y,47,S,1,C,3,Y,41,C,1,R,1,K,5,S,1,X,1,"L1:[sp=X,153] R=1,X=1,K=6,C=3,Y=47,S=1 || L2:[sp=C,3] Y=41,C=1,R=1,K=5,S=1,X=1",-428005.0,-163324000.0,1,X|C,1
X,153,R,1,X,1,K,10,C,3,Y,47,S,1,C,3,Y,41,C,1,R,1,K,5,S,1,X,1,"L1:[sp=X,153] R=1,X=1,K=10,C=3,Y=47,S=1 || L2:[sp=C,3] Y=41,C=1,R=1,K=5,S=1,X=1",-455221.0,-163324000.0,1,X|C,1
X,153,R,3,K,6,X,1,S,1,Y,209,C,3,K,3,Y,79,C,3,R,1,K,2,S,1,X,1,"L1:[sp=X,153] R=3,K=6,X=1,S=1,Y=209,C=3 || L2:[sp=K,3] Y=79,C=3,R=1,K=2,S=1,X=1",-inf,-inf,0,X|K,1
X,153,R,1,X,1,K,6,C,3,Y,47,S,1,C,3,Y,41,C,1,R,1,K,5,S,1,X,1,"L1:[sp=X,153] R=1,X=1,K=6,C=3,Y=47,S=1 || L2:[sp=C,3] Y=41,C=1,R=1,K=5,S=1,X=1",-428005.0,-163324000.0,1,X|C,1
X,153,R,3,X,1,K,6,C,3,Y,47,S,1,C,3,Y,8,C,1,X,1,K,3,S,1,R,1,"L1:[sp=X,153] R=3,X=1,K=6,C=3,Y=47,S=1 || L2:[sp=C,3] Y=8,C=1,X=1,K=3,S=1,R=1",-544765.0,-163323000.0,1,X|C,1
X,153,R,3,C,2,K,61,X,1,Y,47,S,1,C,3,Y,8,C,1,R,1,K,2,S,1,X,1,"L1:[sp=X,153] R=3,C=2,K=61,X=1,Y=47,S=1 || L2:[sp=C,3] Y=8,C=1,R=1,K=2,S=1,X=1",-inf,-inf,0,X|C,1
X,153,C,3,K,6,X,1,R,1,Y,47,S,1,K,3,Y,11,C,3,R,1,K,2,S,1,X,1,"L1:[sp=X,153] C=3,K=6,X=1,R=1,Y=47,S=1 || L2:[sp=K,3] Y=11,C=3,R=1,K=2,S=1,X=1",-534205.0,-163323000.0,1,X|K,1
C,153,R,3,X,11,K,6,C,3,Y,87,S,1,X,3,Y,2,X,1,R,1,K,4,S,1,C,2,"L1:[sp=C,153] R=3,X=11,K=6,C=3,Y=87,S=1 || L2:[sp=X,3] Y=2,X=1,R=1,K=4,S=1,C=2",-32308768.0,-163323000.0,1,C|X,1
X,153,R,1,X,1,K,6,C,3,Y,38,S,1,K,3,Y,27,C,2,R,1,K,2,S,1,X,1,"L1:[sp=X,153] R=1,X=1,K=6,C=3,Y=38,S=1 || L2:[sp=K,3] Y=27,C=2,R=1,K=2,S=1,X=1",-544105.0,-163323000.0,1,X|K,1
X,153,R,3,X,1,K,6,C,3,Y,87,S,1,K,1,Y,2,X,1,R,1,K,4,S,1,C,2,"L1:[sp=X,153] R=3,X=1,K=6,C=3,Y=87,S=1 || L2:[sp=K,1] Y=2,X=1,R=1,K=4,S=1,C=2",-inf,-inf,0,X|K,1
X,153,C,3,K,6,X,1,S,1,Y,47,R,3,K,3,Y,8,C,3,K,2,R,1,S,1,X,1,"L1:[sp=X,153] C=3,K=6,X=1,S=1,Y=47,R=3 || L2:[sp=K,3] Y=8,C=3,K=2,R=1,S=1,X=1",-544765.0,-163323000.0,1,X|K,1
X,153,R,1,X,1,K,58,C,2,Y,47,S,1,C,3,Y,41,C,1,X,1,K,3,S,1,R,1,"L1:[sp=X,153] R=1,X=1,K=58,C=2,Y=47,S=1 || L2:[sp=C,3] Y=41,C=1,X=1,K=3,S=1,R=1",-inf,-inf,0,X|C,1
X,153,X,1,R,3,K,6,C,3,Y,47,S,1,C,3,Y,8,C,1,R,3,K,5,S,1,X,1,"L1:[sp=X,153] X=1,R=3,K=6,C=3,Y=47,S=1 || L2:[sp=C,3] Y=8,C=1,R=3,K=5,S=1,X=1",-499153.0,-163323000.0,1,X|C,1
X,153,R,3,X,1,C,3,K,6,Y,47,S,2,C,3,Y,8,C,1,R,1,K,2,S,1,X,1,"L1:[sp=X,153] R=3,X=1,C=3,K=6,Y=47,S=2 || L2:[sp=C,3] Y=8,C=1,R=1,K=2,S=1,X=1",-1055673.0,-163323000.0,1,X|C,1
X,153,R,1,X,1,K,6,C,3,Y,47,S,1,C,3,S,1,C,3,X,1,K,3,Y,40,R,1,"L1:[sp=X,153] R=1,X=1,K=6,C=3,Y=47,S=1 || L2:[sp=C,3] S=1,C=3,X=1,K=3,Y=40,R=1",-1391941.0,-163324000.0,1,X|C,1
X,153,R,2,X,1,C,3,K,6,Y,47,S,1,C,3,Y,37,C,1,R,1,K,2,S,1,X,1,"L1:[sp=X,153] R=2,X=1,C=3,K=6,Y=47,S=1 || L2:[sp=C,3] Y=37,C=1,R=1,K=2,S=1,X=1",-469033.0,-163324000.0,1,X|C,1
X,153,R,3,X,1,K,6,C,3,Y,38,S,1,K,3,Y,27,C,1,R,1,K,2,S,1,X,1,"L1:[sp=X,153] R=3,X=1,K=6,C=3,Y=38,S=1 || L2:[sp=K,3] Y=27,C=1,R=1,K=2,S=1,X=1",-571033.0,-163323000.0,1,X|K,1
X,153,R,3,X,180,K,6,C,3,Y,47,S,1,C,3,Y,8,C,2,X,1,K,3,S,1,R,1,"L1:[sp=X,153] R=3,X=180,K=6,C=3,Y=47,S=1 || L2:[sp=C,3] Y=8,C=2,X=1,K=3,S=1,R=1",-inf,-inf,0,X|C,1
X,153,R,1,X,1,Y,47,C,3,K,6,S,1,C,3,Y,40,C,1,R,1,K,2,S,1,X,1,"L1:[sp=X,153] R=1,X=1,Y=47,C=3,K=6,S=1 || L2:[sp=C,3] Y=40,C=1,R=1,K=2,S=1,X=1",-451261.0,-163324000.0,1,X|C,1
X,153,C,3,K,6,X,1,S,1,Y,47,R,3,K,3,Y,8,C,3,R,1,K,2,S,1,X,1,"L1:[sp=X,153] C=3,K=6,X=1,S=1,Y=47,R=3 || L2:[sp=K,3] Y=8,C=3,R=1,K=2,S=1,X=1",-544765.0,-163323000.0,1,X|K,1
X,153,R,1,X,1,K,6,C,3,Y,47,S,1,C,3,Y,19,C,1,X,1,K,2,S,1,R,1,"L1:[sp=X,153] R=1,X=1,K=6,C=3,Y=47,S=1 || L2:[sp=C,3] Y=19,C=1,X=1,K=2,S=1,R=1",-499645.0,-163323000.0,1,X|C,1
X,153,R,1,X,1,K,6,C,3,Y,47,S,1,C,3,Y,41,C,1,R,1,K,5,S,1,X,1,"L1:[sp=X,153] R=1,X=1,K=6,C=3,Y=47,S=1 || L2:[sp=C,3] Y=41,C=1,R=1,K=5,S=1,X=1",-428005.0,-163324000.0,1,X|C,1
X,153,X,1,R,3,K,21,C,3,Y,47,S,1,C,3,Y,8,C,1,R,3,K,4,S,1,X,1,"L1:[sp=X,153] X=1,R=3,K=21,C=3,Y=47,S=1 || L2:[sp=C,3] Y=8,C=1,R=3,K=4,S=1,X=1",-inf,-inf,0,X|C,1
C,153,R,1,X,1,K,10,C,3,Y,47,S,1,X,3,Y,41,S,1,X,1,K,5,C,1,R,1,"L1:[sp=C,153] R=1,X=1,K=10,C=3,Y=47,S=1 || L2:[sp=X,3] Y=41,S=1,X=1,K=5,C=1,R=1",-76335841.0,-163323000.0,1,C|X,1
X,153,R,1,X,1,C,3,K,6,Y,38,S,1,C,3,Y,25,C,1,R,1,K,2,S,1,X,1,"L1:[sp=X,153] R=1,X=1,C=3,K=6,Y=38,S=1 || L2:[sp=C,3] Y=25,C=1,R=1,K=2,S=1,X=1",-527689.0,-163323000.0,1,X|C,1
X,153,R,2,X,211,K,6,C,3,Y,47,S,3,K,3,Y,37,C,2,R,1,K,2,S,1,X,1,"L1:[sp=X,153] R=2,X=211,K=6,C=3,Y=47,S=3 || L2:[sp=K,3] Y=37,C=2,R=1,K=2,S=1,X=1",-inf,-inf,0,X|K,1
X,153,R,1,X,1,K,6,C,3,Y,38,S,1,C,3,Y,27,C,1,R,1,K,1,S,1,X,1,"L1:[sp=X,153] R=1,X=1,K=6,C=3,Y=38,S=1 || L2:[sp=C,3] Y=27,C=1,R=1,K=1,S=1,X=1",-527689.0,-163323000.0,1,X|C,1
X,153,R,1,X,1,K,6,C,3,Y,78,S,1,K,3,C,2,R,1,Y,41,K,2,S,1,X,1,"L1:[sp=X,153] R=1,X=1,K=6,C=3,Y=78,S=1 || L2:[sp=K,3] C=2,R=1,Y=41,K=2,S=1,X=1",-557173.0,-163324000.0,1,X|K,1
K,153,R,2,K,6,C,3,X,1,Y,47,S,1,C,3,Y,37,C,1,R,1,K,2,S,1,X,1,"L1:[sp=K,153] R=2,K=6,C=3,X=1,Y=47,S=1 || L2:[sp=C,3] Y=37,C=1,R=1,K=2,S=1,X=1",-2462209.0,-163323000.0,1,K|C,1
X,153,R,1,X,1,K,6,C,3,Y,38,S,1,K,3,Y,29,C,2,R,1,K,2,S,1,X,1,"L1:[sp=X,153] R=1,X=1,K=6,C=3,Y=38,S=1 || L2:[sp=K,3] Y=29,C=2,R=1,K=2,S=1,X=1",-544105.0,-163323000.0,1,X|K,1
X,153,X,152,R,1,K,6,C,3,Y,47,S,1,C,3,Y,17,C,1,R,1,K,5,S,1,X,1,"L1:[sp=X,153] X=152,R=1,K=6,C=3,Y=47,S=1 || L2:[sp=C,3] Y=17,C=1,R=1,K=5,S=1,X=1",-inf,-inf,0,X|C,1
X,153,C,3,K,6,X,1,S,3,Y,47,R,3,C,3,Y,11,C,3,R,3,K,2,S,1,X,1,"L1:[sp=X,153] C=3,K=6,X=1,S=3,Y=47,R=3 || L2:[sp=C,3] Y=11,C=3,R=3,K=2,S=1,X=1",-4645085.0,-163324000.0,1,X|C,1
X,153,R,2,X,1,K,6,C,3,Y,47,S,1,K,3,Y,37,C,1,R,1,K,2,S,1,X,1,"L1:[sp=X,153] R=2,X=1,K=6,C=3,Y=47,S=1 || L2:[sp=K,3] Y=37,C=1,R=1,K=2,S=1,X=1",-483649.0,-163324000.0,1,X|K,1
X,153,R,1,X,1,C,3,K,6,Y,38,S,1,C,3,K,2,S,1,R,1,Y,27,C,2,X,1,"L1:[sp=X,153] R=1,X=1,C=3,K=6,Y=38,S=1 || L2:[sp=C,3] K=2,S=1,R=1,Y=27,C=2,X=1",-1053001.0,-163323000.0,1,X|C,1
C,153,X,1,R,3,K,6,C,3,Y,47,S,1,X,3,Y,8,C,1,R,3,K,5,S,1,X,1,"L1:[sp=C,153] X=1,R=3,K=6,C=3,Y=47,S=1 || L2:[sp=X,3] Y=8,C=1,R=3,K=5,S=1,X=1",-83783617.0,-163323000.0,1,C|X,1
X,153,R,1,X,1,K,6,C,3,Y,47,S,1,C,3,Y,41,C,1,R,1,K,5,S,1,X,1,"L1:[sp=X,153] R=1,X=1,K=6,C=3,Y=47,S=1 || L2:[sp=C,3] Y=41,C=1,R=1,K=5,S=1,X=1",-428005.0,-163324000.0,1,X|C,1
X,153,C,3,K,6,X,1,R,1,Y,47,S,1,K,3,Y,11,C,3,R,1,K,2,S,1,X,1,"L1:[sp=X,153] C=3,K=6,X=1,R=1,Y=47,S=1 || L2:[sp=K,3] Y=11,C=3,R=1,K=2,S=1,X=1",-534205.0,-163323000.0,1,X|K,1
X,153,X,1,R,3,K,6,C,2,Y,47,S,1,C,3,Y,8,R,3,C,1,K,5,S,1,X,1,"L1:[sp=X,153] X=1,R=3,K=6,C=2,Y=47,S=1 || L2:[sp=C,3] Y=8,R=3,C=1,K=5,S=1,X=1",-998305.0,-163323000.0,1,X|C,1
X,153,Y,47,X,1,K,6,C,3,R,2,S,1,C,3,Y,38,C,1,R,1,K,5,S,1,X,1,"L1:[sp=X,153] Y=47,X=1,K=6,C=3,R=2,S=1 || L2:[sp=C,3] Y=38,C=1,R=1,K=5,S=1,X=1",-444913.0,-163324000.0,1,X|C,1
X,153,R,1,X,1,C,3,K,6,Y,47,S,1,C,3,Y,37,C,1,R,1,K,2,S,1,X,1,"L1:[sp=X,153] R=1,X=1,C=3,K=6,Y=47,S=1 || L2:[sp=C,3] Y=37,C=1,R=1,K=2,S=1,X=1",-458173.0,-163323000.0,1,X|C,1
X,153,Y,47,R,1,K,6,C,3,X,40,S,1,C,3,Y,8,C,1,R,1,K,5,S,1,X,1,"L1:[sp=X,153] Y=47,R=1,K=6,C=3,X=40,S=1 || L2:[sp=C,3] Y=8,C=1,R=1,K=5,S=1,X=1",-inf,-inf,0,X|C,1
X,153,R,3,X,72,K,6,C,3,Y,47,S,1,C,3,Y,19,C,1,X,1,K,2,S,1,R,2,"L1:[sp=X,153] R=3,X=72,K=6,C=3,Y=47,S=1 || L2:[sp=C,3] Y=19,C=1,X=1,K=2,S=1,R=2",-inf,-inf,0,X|C,1
X,153,R,1,X,1,K,6,C,3,Y,47,S,1,C,3,Y,41,C,1,R,1,K,5,S,1,X,1,"L1:[sp=X,153] R=1,X=1,K=6,C=3,Y=47,S=1 || L2:[sp=C,3] Y=41,C=1,R=1,K=5,S=1,X=1",-428005.0,-163324000.0,1,X|C,1
X,153,R,2,X,1,K,6,C,1,Y,47,S,1,K,3,Y,37,S,1,R,1,K,2,C,1,X,1,"L1:[sp=X,153] R=2,X=1,K=6,C=1,Y=47,S=1 || L2:[sp=K,3] Y=37,S=1,R=1,K=2,C=1,X=1",-486289.0,-163323000.0,1,X|K,1
X,153,C,3,K,6,X,157,R,1,Y,47,S,1,K,3,Y,11,C,2,R,1,K,5,S,1,X,1,"L1:[sp=X,153] C=3,K=6,X=157,R=1,Y=47,S=1 || L2:[sp=K,3] Y=11,C=2,R=1,K=5,S=1,X=1",-inf,-inf,0,X|K,1
X,153,R,1,X,1,C,3,K,6,Y,47,S,1,C,3,Y,11,C,1,R,1,K,2,S,1,X,1,"L1:[sp=X,153] R=1,X=1,C=3,K=6,Y=47,S=1 || L2:[sp=C,3] Y=11,C=1,R=1,K=2,S=1,X=1",-518077.0,-163323000.0,1,X|C,1
X,153,C,3,K,6,X,1,R,3,Y,38,S,1,K,3,Y,25,C,3,R,1,K,2,S,1,X,1,"L1:[sp=X,153] C=3,K=6,X=1,R=3,Y=38,S=1 || L2:[sp=K,3] Y=25,C=3,R=1,K=2,S=1,X=1",-571033.0,-163323000.0,1,X|K,1
X,153,R,1,X,18,K,6,C,3,Y,38,S,1,K,3,Y,29,C,2,R,1,K,2,S,1,X,1,"L1:[sp=X,153] R=1,X=18,K=6,C=3,Y=38,S=1 || L2:[sp=K,3] Y=29,C=2,R=1,K=2,S=1,X=1",-inf,-inf,0,X|K,1
K,153,R,1,X,1,K,6,C,3,Y,38,S,1,C,3,Y,27,C,1,R,1,K,1,S,1,X,1,"L1:[sp=K,153] R=1,X=1,K=6,C=3,Y=38,S=1 || L2:[sp=C,3] Y=27,C=1,R=1,K=1,S=1,X=1",-2769985.0,-163323000.0,1,K|C,1
X,153,R,2,X,1,K,6,C,3,Y,47,S,1,K,3,Y,37,C,1,R,1,K,5,S,1,X,1,"L1:[sp=X,153] R=2,X=1,K=6,C=3,Y=47,S=1 || L2:[sp=K,3] Y=37,C=1,R=1,K=5,S=1,X=1",-1207141.0,-163324000.0,1,X|K,1
X,153,Y,161,X,1,K,6,C,3,R,2,S,1,C,3,Y,38,C,1,R,1,K,5,S,1,X,1,"L1:[sp=X,153] Y=161,X=1,K=6,C=3,R=2,S=1 || L2:[sp=C,3] Y=38,C=1,R=1,K=5,S=1,X=1",-inf,-inf,0,X|C,1
X,153,Y,47,X,1,K,6,C,3,R,2,S,1,C,3,Y,38,C,1,R,1,K,5,S,1,X,1,"L1:[sp=X,153] Y=47,X=1,K=6,C=3,R=2,S=1 || L2:[sp=C,3] Y=38,C=1,R=1,K=5,S=1,X=1",-444913.0,-163324000.0,1,X|C,1
X,153,R,2,X,1,K,6,C,3,Y,165,S,1,K,3,Y,37,C,1,R,1,K,6,S,1,X,1,"L1:[sp=X,153] R=2,X=1,K=6,C=3,Y=165,S=1 || L2:[sp=K,3] Y=37,C=1,R=1,K=6,S=1,X=1",-inf,-inf,0,X|K,1
X,153,R,1,X,1,K,6,C,3,Y,47,S,1,C,1,Y,37,C,1,R,1,K,2,S,1,X,1,"L1:[sp=X,153] R=1,X=1,K=6,C=3,Y=47,S=1 || L2:[sp=C,1] Y=37,C=1,R=1,K=2,S=1,X=1",-inf,-inf,0,X|C,1
X,153,R,2,X,1,C,3,K,6,Y,47,S,1,C,3,Y,37,C,1,R,1,K,2,S,1,X,1,"L1:[sp=X,153] R=2,X=1,C=3,K=6,Y=47,S=1 || L2:[sp=C,3] Y=37,C=1,R=1,K=2,S=1,X=1",-469033.0,-163324000.0,1,X|C,1
X,153,C,3,Y,47,X,1,R,1,K,6,S,1,K,3,Y,41,C,3,R,1,K,2,S,1,X,1,"L1:[sp=X,153] C=3,Y=47,X=1,R=1,K=6,S=1 || L2:[sp=K,3] Y=41,C=3,R=1,K=2,S=1,X=1",-462925.0,-163324000.0,1,X|K,1
X,153,R,1,X,1,K,38,C,3,Y,47,S,1,C,3,Y,11,C,3,R,1,K,5,S,1,X,1,"L1:[sp=X,153] R=1,X=1,K=38,C=3,Y=47,S=1 || L2:[sp=C,3] Y=11,C=3,R=1,K=5,S=1,X=1",-inf,-inf,0,X|C,1
X,153,R,1,X,1,K,6,C,3,Y,47,S,1,K,3,Y,37,C,1,R,1,K,2,S,1,X,1,"L1:[sp=X,153] R=1,X=1,K=6,C=3,Y=47,S=1 || L2:[sp=K,3] Y=37,C=1,R=1,K=2,S=1,X=1",-472429.0,-163323000.0,1,X|K,1
X,153,R,2,X,1,K,6,C,3,Y,148,S,1,C,3,Y,27,C,1,R,1,K,6,S,1,X,1,"L1:[sp=X,153] R=2,X=1,K=6,C=3,Y=148,S=1 || L2:[sp=C,3] Y=27,C=1,R=1,K=6,S=1,X=1",-inf,-inf,0,X|C,1
X,153,Y,111,X,1,K,6,C,3,R,2,S,1,C,3,Y,38,C,1,R,1,K,4,S,1,X,1,"L1:[sp=X,153] Y=111,X=1,K=6,C=3,R=2,S=1 || L2:[sp=C,3] Y=38,C=1,R=1,K=4,S=1,X=1",-inf,-inf,0,X|C,1
X,153,R,2,X,1,C,3,K,6,Y,38,S,1,C,3,C,2,Y,25,R,1,K,2,S,1,X,1,"L1:[sp=X,153] R=2,X=1,C=3,K=6,Y=38,S=1 || L2:[sp=C,3] C=2,Y=25,R=1,K=2,S=1,X=1",-1079857.0,-163323000.0,1,X|C,1
K,153,Y,47,X,1,K,6,C,3,R,2,S,1,C,3,Y,38,C,1,R,1,K,5,S,1,X,1,"L1:[sp=K,153] Y=47,X=1,K=6,C=3,R=2,S=1 || L2:[sp=C,3] Y=38,C=1,R=1,K=5,S=1,X=1",-2450113.0,-163323000.0,1,K|C,1
X,153,R,1,X,1,K,6,C,3,Y,38,S,1,C,3,Y,20,C,3,R,1,K,2,S,1,X,1,"L1:[sp=X,153] R=1,X=1,K=6,C=3,Y=38,S=1 || L2:[sp=C,3] Y=20,C=3,R=1,K=2,S=1,X=1",-1578313.0,-163323000.0,1,X|C,1
X,153,R,1,X,1,K,6,C,3,Y,47,S,1,C,3,Y,41,C,1,R,1,K,5,S,1,X,1,"L1:[sp=X,153] R=1,X=1,K=6,C=3,Y=47,S=1 || L2:[sp=C,3] Y=41,C=1,R=1,K=5,S=1,X=1",-428005.0,-163324000.0,1,X|C,1
Y,153,R,2,X,1,K,6,C,1,Y,47,S,1,K,1,Y,37,S,1,R,1,K,2,C,1,X,1,"L1:[sp=Y,153] R=2,X=1,K=6,C=1,Y=47,S=1 || L2:[sp=K,1] Y=37,S=1,R=1,K=2,C=1,X=1",-18623809.0,-163323000.0,1,Y|K,1
X,153,C,3,Y,47,X,68,R,3,K,6,S,1,K,3,Y,41,R,1,C,3,K,4,S,1,X,1,"L1:[sp=X,153] C=3,Y=47,X=68,R=3,K=6,S=1 || L2:[sp=K,3] Y=41,R=1,C=3,K=4,S=1,X=1",-inf,-inf,0,X|K,1
X,153,R,1,X,1,K,6,C,3,Y,47,S,1,K,3,Y,41,S,1,R,1,K,2,C,3,X,1,"L1:[sp=X,153] R=1,X=1,K=6,C=3,Y=47,S=1 || L2:[sp=K,3] Y=41,S=1,R=1,K=2,C=3,X=1",-462925.0,-163324000.0,1,X|K,1
X,153,C,1,Y,47,X,1,R,2,K,6,S,1,K,3,Y,37,C,1,R,1,K,2,S,1,X,1,"L1:[sp=X,153] C=1,Y=47,X=1,R=2,K=6,S=1 || L2:[sp=K,3] Y=37,C=1,R=1,K=2,S=1,X=1",-486289.0,-163323000.0,1,X|K,1
X,153,R,2,X,1,K,17,C,1,Y,47,S,1,K,3,Y,37,S,1,R,1,C,1,K,2,X,1,"L1:[sp=X,153] R=2,X=1,K=17,C=1,Y=47,S=1 || L2:[sp=K,3] Y=37,S=1,R=1,C=1,K=2,X=1",-527617.0,-163324000.0,1,X|K,1
X,153,R,1,X,1,K,6,C,3,Y,47,S,1,C,3,Y,41,C,2,R,1,K,5,S,1,X,1,"L1:[sp=X,153] R=1,X=1,K=6,C=3,Y=47,S=1 || L2:[sp=C,3] Y=41,C=2,R=1,K=5,S=1,X=1",-inf,-inf,0,X|C,1
X,153,R,2,X,1,C,3,K,6,Y,176,S,1,C,3,Y,37,C,1,X,1,K,2,S,1,R,1,"L1:[sp=X,153] R=2,X=1,C=3,K=6,Y=176,S=1 || L2:[sp=C,3] Y=37,C=1,X=1,K=2,S=1,R=1",-inf,-inf,0,X|C,1
X,153,R,2,X,1,K,6,C,3,Y,47,S,1,C,3,Y,38,C,1,R,1,K,5,S,1,X,1,"L1:[sp=X,153] R=2,X=1,K=6,C=3,Y=47,S=1 || L2:[sp=C,3] Y=38,C=1,R=1,K=5,S=1,X=1",-444913.0,-163324000.0,1,X|C,1
K,153,Y,47,X,1,K,6,C,3,R,2,S,1,C,3,Y,38,R,1,C,1,K,5,S,1,X,1,"L1:[sp=K,153] Y=47,X=1,K=6,C=3,R=2,S=1 || L2:[sp=C,3] Y=38,R=1,C=1,K=5,S=1,X=1",-2450113.0,-163323000.0,1,K|C,1
X,153,R,1,X,1,C,3,K,6,Y,47,S,1,K,2,Y,11,C,1,R,1,K,2,S,1,X,1,"L1:[sp=X,153] R=1,X=1,C=3,K=6,Y=47,S=1 || L2:[sp=K,2] Y=11,C=1,R=1,K=2,S=1,X=1",-763534.0,-163323000.0,1,X|K,1
X,153,R,1,X,1,K,38,C,3,Y,47,S,1,K,3,S,1,C,1,R,1,K,2,Y,37,X,1,"L1:[sp=X,153] R=1,X=1,K=38,C=3,Y=47,S=1 || L2:[sp=K,3] S=1,C=1,R=1,K=2,Y=37,X=1",-inf,-inf,0,X|K,1
X,153,R,1,X,1,C,3,K,6,Y,47,S,1,X,1,Y,11,C,1,R,1,K,2,S,1,X,1,"L1:[sp=X,153] R=1,X=1,C=3,K=6,Y=47,S=1 || L2:[sp=X,1] Y=11,C=1,R=1,K=2,S=1,X=1",-inf,-inf,0,X|X,1
X,153,K,6,X,1,Y,47,C,3,R,2,S,1,C,3,Y,38,C,1,R,1,K,5,S,1,X,1,"L1:[sp=X,153] K=6,X=1,Y=47,C=3,R=2,S=1 || L2:[sp=C,3] Y=38,C=1,R=1,K=5,S=1,X=1",-444913.0,-163324000.0,1,X|C,1
X,153,R,1,X,1,K,6,C,1,Y,47,S,1,C,3,Y,41,K,5,R,1,C,1,S,1,X,1,"L1:[sp=X,153] R=1,X=1,K=6,C=1,Y=47,S=1 || L2:[sp=C,3] Y=41,K=5,R=1,C=1,S=1,X=1",-1284013.0,-163324000.0,1,X|C,1
X,153,R,3,X,1,K,6,C,3,Y,47,S,1,K,3,Y,41,C,3,R,1,K,2,S,1,X,1,"L1:[sp=X,153] R=3,X=1,K=6,C=3,Y=47,S=1 || L2:[sp=K,3] Y=41,C=3,R=1,K=2,S=1,X=1",-485365.0,-163324000.0,1,X|K,1
K,153,C,3,Y,96,X,1,R,1,K,6,S,1,X,3,Y,37,C,1,R,1,S,1,K,5,X,1,"L1:[sp=K,153] C=3,Y=96,X=1,R=1,K=6,S=1 || L2:[sp=X,3] Y=37,C=1,R=1,S=1,K=5,X=1",-7771681.0,-163324000.0,1,K|X,1
X,153,R,2,X,1,C,3,K,6,Y,47,S,3,C,3,Y,37,C,1,R,1,K,2,S,1,X,1,"L1:[sp=X,153] R=2,X=1,C=3,K=6,Y=47,S=3 || L2:[sp=C,3] Y=37,C=1,R=1,K=2,S=1,X=1",-1403577.0,-163324000.0,1,X|C,1
K,153,R,2,X,1,K,6,C,1,Y,47,S,1,K,3,Y,37,S,1,R,1,K,2,C,1,X,1,"L1:[sp=K,153] R=2,X=1,K=6,C=1,Y=47,S=1 || L2:[sp=K,3] Y=37,S=1,R=1,K=2,C=1,X=1",-2475649.0,-163323000.0,1,K|K,1
X,153,R,1,X,1,K,6,C,3,Y,47,S,1,K,2,Y,37,C,1,R,1,K,2,S,1,X,1,"L1:[sp=X,153] R=1,X=1,K=6,C=3,Y=47,S=1 || L2:[sp=K,2] Y=37,C=1,R=1,K=2,S=1,X=1",-675082.0,-163324000.0,1,X|K,1
X,153,R,2,X,1,C,3,K,6,Y,47,S,3,C,3,Y,37,C,1,R,1,K,2,S,1,X,1,"L1:[sp=X,153] R=2,X=1,C=3,K=6,Y=47,S=3 || L2:[sp=C,3] Y=37,C=1,R=1,K=2,S=1,X=1",-1403577.0,-163324000.0,1,X|C,1
X,153,R,1,X,1,K,6,C,3,Y,47,S,1,C,3,Y,41,C,1,R,1,K,5,S,1,X,1,"L1:[sp=X,153] R=1,X=1,K=6,C=3,Y=47,S=1 || L2:[sp=C,3] Y=41,C=1,R=1,K=5,S=1,X=1",-428005.0,-163324000.0,1,X|C,1
X,153,R,1,X,1,K,6,C,3,Y,47,S,1,C,3,Y,41,C,3,R,1,K,2,S,1,X,1,"L1:[sp=X,153] R=1,X=1,K=6,C=3,Y=47,S=1 || L2:[sp=C,3] Y=41,C=3,R=1,K=2,S=1,X=1",-1342909.0,-163324000.0,1,X|C,1
X,153,R,3,X,1,K,6,C,3,Y,47,S,1,K,2,Y,16,C,1,R,2,K,2,S,1,X,1,"L1:[sp=X,153] R=3,X=1,K=6,C=3,Y=47,S=1 || L2:[sp=K,2] Y=16,C=1,R=2,K=2,S=1,X=1",-820378.0,-163324000.0,1,X|K,1
X,153,R,2,X,1,K,6,C,3,Y,47,S,1,C,3,Y,38,C,1,R,1,K,5,S,1,X,1,"L1:[sp=X,153] R=2,X=1,K=6,C=3,Y=47,S=1 || L2:[sp=C,3] Y=38,C=1,R=1,K=5,S=1,X=1",-444913.0,-163324000.0,1,X|C,1
X,153,R,1,X,1,K,6,C,1,Y,47,S,1,C,3,Y,41,C,1,R,1,K,5,S,1,X,1,"L1:[sp=X,153] R=1,X=1,K=6,C=1,Y=47,S=1 || L2:[sp=C,3] Y=41,C=1,R=1,K=5,S=1,X=1",-1284013.0,-163324000.0,1,X|C,1
K,153,R,1,X,1,K,6,C,3,Y,47,S,1,Y,47,S,1,C,1,R,1,K,5,Y,41,X,1,"L1:[sp=K,153] R=1,X=1,K=6,C=3,Y=47,S=1 || L2:[sp=Y,47] S=1,C=1,R=1,K=5,Y=41,X=1",-23597281.0,-163324000.0,1,K|Y,1
X,153,R,1,X,1,K,6,C,3,S,1,Y,47,K,2,Y,43,C,1,R,1,K,2,S,1,X,1,"L1:[sp=X,153] R=1,X=1,K=6,C=3,S=1,Y=47 || L2:[sp=K,2] Y=43,C=1,R=1,K=2,S=1,X=1",-654670.0,-163324000.0,1,X|K,1
X,153,C,3,Y,47,X,1,R,1,K,6,S,1,K,3,Y,37,C,1,R,1,K,2,S,1,X,1,"L1:[sp=X,153] C=3,Y=47,X=1,R=1,K=6,S=1 || L2:[sp=K,3] Y=37,C=1,R=1,K=2,S=1,X=1",-472429.0,-163323000.0,1,X|K,1
X,153,R,2,X,1,K,6,C,3,Y,47,S,1,Y,1,Y,37,C,1,R,1,K,2,S,1,X,1,"L1:[sp=X,153] R=2,X=1,K=6,C=3,Y=47,S=1 || L2:[sp=Y,1] Y=37,C=1,R=1,K=2,S=1,X=1",-inf,-inf,0,X|Y,1
X,153,R,1,X,1,K,6,C,3,Y,47,S,1,C,3,C,1,Y,41,R,1,K,5,S,1,X,1,"L1:[sp=X,153] R=1,X=1,K=6,C=3,Y=47,S=1 || L2:[sp=C,3] C=1,Y=41,R=1,K=5,S=1,X=1",-428005.0,-163324000.0,1,X|C,1
X,153,R,3,X,1,K,6,C,3,Y,47,S,1,K,3,K,2,C,3,S,1,Y,41,R,1,X,1,"L1:[sp=X,153] R=3,X=1,K=6,C=3,Y=47,S=1 || L2:[sp=K,3] K=2,C=3,S=1,Y=41,R=1,X=1",-485365.0,-163324000.0,1,X|K,1
X,153,K,6,X,1,Y,47,C,2,R,2,S,1,C,3,Y,37,C,1,R,1,K,5,S,1,X,1,"L1:[sp=X,153] K=6,X=1,Y=47,C=2,R=2,S=1 || L2:[sp=C,3] Y=37,C=1,R=1,K=5,S=1,X=1",-894217.0,-163324000.0,1,X|C,1
X,153,R,3,X,1,K,6,C,3,Y,47,S,1,K,2,Y,38,C,1,R,1,K,2,S,1,X,1,"L1:[sp=X,153] R=3,X=1,K=6,C=3,Y=47,S=1 || L2:[sp=K,2] Y=38,C=1,R=1,K=2,S=1,X=1",-704710.0,-163324000.0,1,X|K,1
X,153,R,1,X,1,K,6,C,3,Y,47,S,1,C,3,Y,41,C,1,R,1,K,5,S,1,X,1,"L1:[sp=X,153] R=1,X=1,K=6,C=3,Y=47,S=1 || L2:[sp=C,3] Y=41,C=1,R=1,K=5,S=1,X=1",-428005.0,-163324000.0,1,X|C,1
C,153,K,6,X,100,Y,23,C,3,R,2,S,1,X,3,Y,23,C,1,R,1,K,5,S,1,X,1,"L1:[sp=C,153] K=6,X=100,Y=23,C=3,R=2,S=1 || L2:[sp=X,3] Y=23,C=1,R=1,K=5,S=1,X=1",-27164305.0,-163324000.0,1,C|X,1
X,153,R,2,X,1,K,17,C,1,Y,47,S,1,Y,47,Y,37,S,1,R,1,C,1,K,2,X,1,"L1:[sp=X,153] R=2,X=1,K=17,C=1,Y=47,S=1 || L2:[sp=Y,47] Y=37,S=1,R=1,C=1,K=2,X=1",-24003001.0,-163323000.0,1,X|Y,1
X,153,C,1,Y,47,X,1,S,1,K,6,R,2,K,3,Y,37,C,1,R,1,K,2,S,1,X,1,"L1:[sp=X,153] C=1,Y=47,X=1,S=1,K=6,R=2 || L2:[sp=K,3] Y=37,C=1,R=1,K=2,S=1,X=1",-486289.0,-163323000.0,1,X|K,1
X,153,R,2,X,18,K,6,C,2,Y,47,S,1,C,3,Y,38,C,1,R,1,K,5,S,1,X,1,"L1:[sp=X,153] R=2,X=18,K=6,C=2,Y=47,S=1 || L2:[sp=C,3] Y=38,C=1,R=1,K=5,S=1,X=1",-inf,-inf,0,X|C,1
X,153,R,1,X,1,K,6,C,3,Y,47,S,1,C,3,Y,41,C,3,R,1,K,5,S,1,X,1,"L1:[sp=X,153] R=1,X=1,K=6,C=3,Y=47,S=1 || L2:[sp=C,3] Y=41,C=3,R=1,K=5,S=1,X=1",-inf,-inf,0,X|C,1
X,153,R,1,X,1,K,6,C,3,Y,47,S,1,K,3,Y,41,S,1,R,1,K,2,C,3,X,1,"L1:[sp=X,153] R=1,X=1,K=6,C=3,Y=47,S=1 || L2:[sp=K,3] Y=41,S=1,R=1,K=2,C=3,X=1",-462925.0,-163324000.0,1,X|K,1
K,153,R,3,X,1,K,6,C,3,Y,47,S,1,X,3,Y,41,C,1,R,1,K,2,S,1,X,1,"L1:[sp=K,153] R=3,X=1,K=6,C=3,Y=47,S=1 || L2:[sp=X,3] Y=41,C=1,R=1,K=2,S=1,X=1",-7406113.0,-163323000.0,1,K|X,1
X,153,R,1,X,1,K,6,C,3,Y,47,S,1,C,3,Y,41,C,1,R,1,K,5,S,1,X,1,"L1:[sp=X,153] R=1,X=1,K=6,C=3,Y=47,S=1 || L2:[sp=C,3] Y=41,C=1,R=1,K=5,S=1,X=1",-428005.0,-163324000.0,1,X|C,1
X,153,R,1,X,1,K,6,C,3,Y,47,S,1,K,3,K,2,C,3,S,1,Y,41,R,1,X,1,"L1:[sp=X,153] R=1,X=1,K=6,C=3,Y=47,S=1 || L2:[sp=K,3] K=2,C=3,S=1,Y=41,R=1,X=1",-462925.0,-163324000.0,1,X|K,1
X,153,R,3,X,1,C,1,K,6,Y,47,S,1,X,1,Y,41,S,1,R,1,K,2,C,1,X,1,"L1:[sp=X,153] R=3,X=1,C=1,K=6,Y=47,S=1 || L2:[sp=X,1] Y=41,S=1,R=1,K=2,C=1,X=1",-inf,-inf,0,X|X,1
X,153,C,3,Y,47,X,1,R,1,K,60,S,1,K,3,Y,37,C,1,R,1,K,2,S,1,X,1,"L1:[sp=X,153] C=3,Y=47,X=1,R=1,K=60,S=1 || L2:[sp=K,3] Y=37,C=1,R=1,K=2,S=1,X=1",-inf,-inf,0,X|K,1
X,153,R,1,X,1,Y,47,C,3,K,30,S,1,C,3,C,1,Y,41,R,1,K,5,S,1,X,1,"L1:[sp=X,153] R=1,X=1,Y=47,C=3,K=30,S=1 || L2:[sp=C,3] C=1,Y=41,R=1,K=5,S=1,X=1",-inf,-inf,0,X|C,1
X,153,R,2,X,1,S,3,C,3,Y,5,K,6,C,3,Y,5,C,1,R,1,K,5,S,1,X,1,"L1:[sp=X,153] R=2,X=1,S=3,C=3,Y=5,K=6 || L2:[sp=C,3] Y=5,C=1,R=1,K=5,S=1,X=1",-1749781.0,-163323000.0,1,X|C,1
X,153,R,1,X,1,K,6,C,3,Y,47,S,1,X,1,C,1,Y,41,R,1,K,5,X,1,S,1,"L1:[sp=X,153] R=1,X=1,K=6,C=3,Y=47,S=1 || L2:[sp=X,1] C=1,Y=41,R=1,K=5,X=1,S=1",-inf,-inf,0,X|X,1
X,153,C,3,Y,47,X,1,R,1,K,6,S,1,K,3,Y,17,C,3,R,1,X,1,S,1,K,2,"L1:[sp=X,153] C=3,Y=47,X=1,R=1,K=6,S=1 || L2:[sp=K,3] Y=17,C=3,R=1,X=1,S=1,K=2",-560341.0,-163323000.0,1,X|K,1
X,153,R,1,X,1,K,6,C,2,S,1,Y,47,Y,47,Y,43,C,1,R,1,K,2,S,1,X,1,"L1:[sp=X,153] R=1,X=1,K=6,C=2,S=1,Y=47 || L2:[sp=Y,47] Y=43,C=1,R=1,K=2,S=1,X=1",-27938251.0,-163323000.0,1,X|Y,1
X,153,R,3,X,207,K,6,C,3,S,1,Y,47,K,2,Y,43,C,1,R,1,K,2,S,1,X,1,"L1:[sp=X,153] R=3,X=207,K=6,C=3,S=1,Y=47 || L2:[sp=K,2] Y=43,C=1,R=1,K=2,S=1,X=1",-inf,-inf,0,X|K,1
K,153,R,3,X,1,K,6,C,3,Y,47,S,1,X,3,K,2,C,3,S,1,Y,41,R,1,X,1,"L1:[sp=K,153] R=3,X=1,K=6,C=3,Y=47,S=1 || L2:[sp=X,3] K=2,C=3,S=1,Y=41,R=1,X=1",-7406113.0,-163323000.0,1,K|X,1
X,153,R,2,X,1,K,6,C,1,Y,47,S,1,C,3,C,1,Y,38,R,1,K,5,S,1,X,1,"L1:[sp=X,153] R=2,X=1,K=6,C=1,Y=47,S=1 || L2:[sp=C,3] C=1,Y=38,R=1,K=5,S=1,X=1",-1334737.0,-163324000.0,1,X|C,1
X,153,R,3,X,1,K,6,C,3,Y,47,S,1,Y,1,Y,41,C,1,R,1,K,5,S,1,X,1,"L1:[sp=X,153] R=3,X=1,K=6,C=3,Y=47,S=1 || L2:[sp=Y,1] Y=41,C=1,R=1,K=5,S=1,X=1",-inf,-inf,0,X|Y,1
X,153,C,3,Y,47,X,1,R,1,K,6,S,1,K,3,Y,37,C,1,R,1,K,2,S,1,X,1,"L1:[sp=X,153] C=3,Y=47,X=1,R=1,K=6,S=1 || L2:[sp=K,3] Y=37,C=1,R=1,K=2,S=1,X=1",-472429.0,-163323000.0,1,X|K,1
X,153,C,1,Y,47,X,1,S,1,K,62,R,2,K,3,Y,37,C,1,R,1,S,1,X,1,K,2,"L1:[sp=X,153] C=1,Y=47,X=1,S=1,K=62,R=2 || L2:[sp=K,3] Y=37,C=1,R=1,S=1,X=1,K=2",-inf,-inf,0,X|K,1
X,153,R,1,X,1,K,6,C,3,Y,47,S,1,K,3,K,4,C,3,S,1,Y,41,R,1,X,1,"L1:[sp=X,153] R=1,X=1,K=6,C=3,Y=47,S=1 || L2:[sp=K,3] K=4,C=3,S=1,Y=41,R=1,X=1",-inf,-inf,0,X|K,1
X,153,R,3,X,1,K,6,C,3,Y,47,S,1,C,3,C,1,Y,41,R,1,K,5,S,1,X,1,"L1:[sp=X,153] R=3,X=1,K=6,C=3,Y=47,S=1 || L2:[sp=C,3] C=1,Y=41,R=1,K=5,S=1,X=1",-448645.0,-163324000.0,1,X|C,1
X,153,R,1,X,1,K,6,S,1,Y,47,C,3,C,3,Y,41,C,1,R,1,K,5,S,1,X,1,"L1:[sp=X,153] R=1,X=1,K=6,S=1,Y=47,C=3 || L2:[sp=C,3] Y=41,C=1,R=1,K=5,S=1,X=1",-428005.0,-163324000.0,1,X|C,1
X,153,Y,47,X,1,K,6,R,1,S,1,C,3,K,2,Y,43,C,2,R,1,K,2,S,1,X,1,"L1:[sp=X,153] Y=47,X=1,K=6,R=1,S=1,C=3 || L2:[sp=K,2] Y=43,C=2,R=1,K=2,S=1,X=1",-654670.0,-163324000.0,1,X|K,1
X,153,R,1,X,1,C,3,S,1,Y,47,K,6,K,3,Y,36,S,1,R,1,K,2,C,3,X,1,"L1:[sp=X,153] R=1,X=1,C=3,S=1,Y=47,K=6 || L2:[sp=K,3] Y=36,S=1,R=1,K=2,C=3,X=1",-534205.0,-163324000.0,1,X|K,1
X,153,C,1,Y,47,X,1,S,1,K,6,R,2,K,3,Y,37,C,1,R,1,K,2,S,1,X,1,"L1:[sp=X,153] C=1,Y=47,X=1,S=1,K=6,R=2 || L2:[sp=K,3] Y=37,C=1,R=1,K=2,S=1,X=1",-486289.0,-163323000.0,1,X|K,1
X,153,R,1,X,1,K,6,C,3,Y,47,S,1,C,3,Y,41,C,1,R,1,K,5,S,1,X,1,"L1:[sp=X,153] R=1,X=1,K=6,C=3,Y=47,S=1 || L2:[sp=C,3] Y=41,C=1,R=1,K=5,S=1,X=1",-428005.0,-163324000.0,1,X|C,1
X,153,C,3,Y,47,X,1,R,1,K,6,S,1,X,1,Y,37,C,1,R,1,S,1,K,2,X,1,"L1:[sp=X,153] C=3,Y=47,X=1,R=1,K=6,S=1 || L2:[sp=X,1] Y=37,C=1,R=1,S=1,K=2,X=1",-inf,-inf,0,X|X,1
K,153,C,1,Y,47,X,189,S,1,K,6,R,2,K,3,Y,37,C,1,R,1,K,2,S,1,X,1,"L1:[sp=K,153] C=1,Y=47,X=189,S=1,K=6,R=2 || L2:[sp=K,3] Y=37,C=1,R=1,K=2,S=1,X=1",-inf,-inf,0,K|K,1
X,153,C,3,Y,47,X,1,R,1,K,6,S,1,K,3,Y,37,C,1,R,1,K,2,S,1,X,1,"L1:[sp=X,153] C=3,Y=47,X=1,R=1,K=6,S=1 || L2:[sp=K,3] Y=37,C=1,R=1,K=2,S=1,X=1",-472429.0,-163323000.0,1,X|K,1
K,153,R,1,X,1,K,16,S,1,Y,47,C,3,K,1,Y,41,C,1,R,1,K,5,S,1,X,1,"L1:[sp=K,153] R=1,X=1,K=16,S=1,Y=47,C=3 || L2:[sp=K,1] Y=41,C=1,R=1,K=5,S=1,X=1",-18783073.0,-163324000.0,1,K|K,1
X,153,C,3,Y,47,X,1,R,3,K,6,S,1,K,3,Y,41,C,3,R,1,X,1,S,1,K,2,"L1:[sp=X,153] C=3,Y=47,X=1,R=3,K=6,S=1 || L2:[sp=K,3] Y=41,C=3,R=1,X=1,S=1,K=2",-485365.0,-163324000.0,1,X|K,1
X,153,R,1,X,1,K,6,C,3,Y,47,S,1,C,3,Y,17,C,1,R,1,K,5,S,1,X,1,"L1:[sp=X,153] R=1,X=1,K=6,C=3,Y=47,S=1 || L2:[sp=C,3] Y=17,C=1,R=1,K=5,S=1,X=1",-518041.0,-163323000.0,1,X|C,1
X,153,C,1,Y,47,X,65,S,1,K,19,R,3,K,3,Y,41,C,1,R,1,K,2,S,1,X,1,"L1:[sp=X,153] C=1,Y=47,X=65,S=1,K=19,R=3 || L2:[sp=K,3] Y=41,C=1,R=1,K=2,S=1,X=1",-inf,-inf,0,X|K,1
X,153,R,2,X,1,K,6,C,3,Y,47,S,1,C,3,C,1,Y,37,R,1,K,3,S,1,X,1,"L1:[sp=X,153] R=2,X=1,K=6,C=3,Y=47,S=1 || L2:[sp=C,3] C=1,Y=37,R=1,K=3,S=1,X=1",-483649.0,-163324000.0,1,X|C,1
X,153,R,1,X,1,K,6,C,3,Y,47,S,1,K,3,S,1,C,3,Y,41,K,2,R,1,X,1,"L1:[sp=X,153] R=1,X=1,K=6,C=3,Y=47,S=1 || L2:[sp=K,3] S=1,C=3,Y=41,K=2,R=1,X=1",-462925.0,-163324000.0,1,X|K,1
X,153,C,1,Y,47,X,1,S,1,K,12,R,2,K,3,Y,37,C,1,R,1,K,2,S,1,X,1,"L1:[sp=X,153] C=1,Y=47,X=1,S=1,K=12,R=2 || L2:[sp=K,3] Y=37,C=1,R=1,K=2,S=1,X=1",-484489.0,-163324000.0,1,X|K,1
X,153,R,1,X,1,K,36,S,1,Y,47,C,3,C,3,Y,41,C,1,R,1,K,5,S,1,X,1,"L1:[sp=X,153] R=1,X=1,K=36,S=1,Y=47,C=3 || L2:[sp=C,3] Y=41,C=1,R=1,K=5,S=1,X=1",-inf,-inf,0,X|C,1
X,153,C,1,Y,74,X,1,S,1,K,6,R,2,K,3,Y,37,C,1,R,1,K,2,S,1,X,1,"L1:[sp=X,153] C=1,Y=74,X=1,S=1,K=6,R=2 || L2:[sp=K,3] Y=37,C=1,R=1,K=2,S=1,X=1",-540145.0,-163324000.0,1,X|K,1
X,153,C,3,Y,47,X,181,R,1,K,6,S,1,K,3,Y,37,C,1,R,1,K,2,S,1,X,1,"L1:[sp=X,153] C=3,Y=47,X=181,R=1,K=6,S=1 || L2:[sp=K,3] Y=37,C=1,R=1,K=2,S=1,X=1",-inf,-inf,0,X|K,1
X,153,R,1,X,1,K,6,C,3,Y,47,S,1,K,3,K,2,R,1,S,1,Y,41,C,3,X,1,"L1:[sp=X,153] R=1,X=1,K=6,C=3,Y=47,S=1 || L2:[sp=K,3] K=2,R=1,S=1,Y=41,C=3,X=1",-462925.0,-163324000.0,1,X|K,1
X,153,C,3,Y,47,X,1,R,1,K,6,S,1,K,3,Y,46,C,1,R,1,K,2,S,1,X,1,"L1:[sp=X,153] C=3,Y=47,X=1,R=1,K=6,S=1 || L2:[sp=K,3] Y=46,C=1,R=1,K=2,S=1,X=1",-451045.0,-163324000.0,1,X|K,1
X,153,C,3,Y,47,X,1,R,1,K,6,S,1,K,3,Y,37,C,3,R,1,X,1,S,1,K,2,"L1:[sp=X,153] C=3,Y=47,X=1,R=1,K=6,S=1 || L2:[sp=K,3] Y=37,C=3,R=1,X=1,S=1,K=2",-472429.0,-163324000.0,1,X|K,1
X,153,C,2,Y,47,X,1,S,1,K,6,R,2,K,3,Y,22,C,1,R,1,K,2,X,1,S,1,"L1:[sp=X,153] C=2,Y=47,X=1,S=1,K=6,R=2 || L2:[sp=K,3] Y=22,C=1,R=1,K=2,X=1,S=1",-520609.0,-163323000.0,1,X|K,1
X,153,R,1,X,1,K,6,C,3,Y,47,S,1,K,3,K,2,R,1,S,1,Y,41,C,3,X,1,"L1:[sp=X,153] R=1,X=1,K=6,C=3,Y=47,S=1 || L2:[sp=K,3] K=2,R=1,S=1,Y=41,C=3,X=1",-462925.0,-163324000.0,1,X|K,1
X,153,C,3,Y,47,X,1,S,1,K,6,R,2,K,3,Y,37,C,1,R,1,S,1,K,2,X,1,"L1:[sp=X,153] C=3,Y=47,X=1,S=1,K=6,R=2 || L2:[sp=K,3] Y=37,C=1,R=1,S=1,K=2,X=1",-483649.0,-163324000.0,1,X|K,1
X,153,R,3,X,1,K,6,C,3,Y,47,S,1,C,3,C,1,Y,41,R,1,K,5,S,1,X,1,"L1:[sp=X,153] R=3,X=1,K=6,C=3,Y=47,S=1 || L2:[sp=C,3] C=1,Y=41,R=1,K=5,S=1,X=1",-448645.0,-163324000.0,1,X|C,1
X,153,R,1,X,1,K,6,C,3,Y,47,S,1,C,3,Y,41,C,1,R,1,K,5,S,1,X,1,"L1:[sp=X,153] R=1,X=1,K=6,C=3,Y=47,S=1 || L2:[sp=C,3] Y=41,C=1,R=1,K=5,S=1,X=1",-428005.0,-163324000.0,1,X|C,1
X,153,R,1,X,1,K,6,C,3,Y,179,S,1,K,3,S,1,C,3,Y,41,K,2,R,1,X,1,"L1:[sp=X,153] R=1,X=1,K=6,C=3,Y=179,S=1 || L2:[sp=K,3] S=1,C=3,Y=41,K=2,R=1,X=1",-inf,-inf,0,X|K,1
X,153,R,2,X,1,K,55,C,3,Y,47,S,1,C,3,C,1,Y,37,R,1,K,3,S,1,X,1,"L1:[sp=X,153] R=2,X=1,K=55,C=3,Y=47,S=1 || L2:[sp=C,3] C=1,Y=37,R=1,K=3,S=1,X=1",-inf,-inf,0,X|C,1
X,153,C,3,Y,47,X,1,R,1,K,6,S,1,K,3,Y,37,C,1,R,1,K,2,S,1,X,1,"L1:[sp=X,153] C=3,Y=47,X=1,R=1,K=6,S=1 || L2:[sp=K,3] Y=37,C=1,R=1,K=2,S=1,X=1",-472429.0,-163323000.0,1,X|K,1
Y,153,C,3,Y,47,X,1,R,1,K,6,S,1,K,3,Y,46,C,2,R,1,K,2,S,1,X,1,"L1:[sp=Y,153] C=3,Y=47,X=1,R=1,K=6,S=1 || L2:[sp=K,3] Y=46,C=2,R=1,K=2,S=1,X=1",-6275809.0,-163323000.0,1,Y|K,1
X,153,R,1,X,1,K,6,C,3,Y,47,S,1,C,3,Y,41,C,1,R,1,K,5,S,1,X,1,"L1:[sp=X,153] R=1,X=1,K=6,C=3,Y=47,S=1 || L2:[sp=C,3] Y=41,C=1,R=1,K=5,S=1,X=1",-428005.0,-163324000.0,1,X|C,1
X,153,C,3,Y,47,X,146,R,1,K,6,S,1,K,3,Y,37,C,1,R,1,K,2,S,1,X,1,"L1:[sp=X,153] C=3,Y=47,X=146,R=1,K=6,S=1 || L2:[sp=K,3] Y=37,C=1,R=1,K=2,S=1,X=1",-inf,-inf,0,X|K,1
X,153,R,1,X,1,K,6,C,2,Y,47,S,1,C,3,Y,41,C,1,R,1,K,5,S,1,X,1,"L1:[sp=X,153] R=1,X=1,K=6,C=2,Y=47,S=1 || L2:[sp=C,3] Y=41,C=1,R=1,K=5,S=1,X=1",-856009.0,-163324000.0,1,X|C,1
X,153,R,1,X,1,K,6,C,3,Y,216,S,1,Y,28,K,2,R,1,S,1,Y,41,C,3,X,1,"L1:[sp=X,153] R=1,X=1,K=6,C=3,Y=216,S=1 || L2:[sp=Y,28] K=2,R=1,S=1,Y=41,C=3,X=1",-5391973.0,-163324000.0,1,X|Y,1
X,153,R,2,X,1,K,6,C,3,Y,47,S,1,C,3,C,3,Y,37,R,1,K,3,S,1,X,1,"L1:[sp=X,153] R=2,X=1,K=6,C=3,Y=47,S=1 || L2:[sp=C,3] C=3,Y=37,R=1,K=3,S=1,X=1",-1448305.0,-163324000.0,1,X|C,1
X,153,R,1,X,1,K,6,C,3,Y,47,S,1,C,3,Y,41,C,1,K,5,R,1,S,1,X,1,"L1:[sp=X,153] R=1,X=1,K=6,C=3,Y=47,S=1 || L2:[sp=C,3] Y=41,C=1,K=5,R=1,S=1,X=1",-428005.0,-163324000.0,1,X|C,1
X,153,R,1,X,143,K,6,C,3,Y,47,S,1,C,3,Y,41,C,1,R,1,K,5,S,1,X,1,"L1:[sp=X,153] R=1,X=143,K=6,C=3,Y=47,S=1 || L2:[sp=C,3] Y=41,C=1,R=1,K=5,S=1,X=1",-inf,-inf,0,X|C,1
X,153,R,2,X,168,K,28,C,3,Y,47,S,1,C,3,C,1,Y,37,R,1,K,3,S,1,X,1,"L1:[sp=X,153] R=2,X=168,K=28,C=3,Y=47,S=1 || L2:[sp=C,3] C=1,Y=37,R=1,K=3,S=1,X=1",-inf,-inf,0,X|C,1
K,153,C,3,Y,47,X,1,R,1,K,6,S,1,X,3,Y,37,C,1,R,1,K,2,S,1,X,1,"L1:[sp=K,153] C=3,Y=47,X=1,R=1,K=6,S=1 || L2:[sp=X,3] Y=37,C=1,R=1,K=2,S=1,X=1",-7195105.0,-163323000.0,1,K|X,1
X,153,R,1,C,3,K,6,X,1,Y,47,S,3,K,3,K,2,C,3,S,1,Y,41,R,1,X,1,"L1:[sp=X,153] R=1,C=3,K=6,X=1,Y=47,S=3 || L2:[sp=K,3] K=2,C=3,S=1,Y=41,R=1,X=1",-1383493.0,-163324000.0,1,X|K,1
X,153,R,1,X,1,K,25,C,3,S,1,Y,47,K,3,Y,41,C,3,S,1,K,2,R,1,X,1,"L1:[sp=X,153] R=1,X=1,K=25,C=3,S=1,Y=47 || L2:[sp=K,3] Y=41,C=3,S=1,K=2,R=1,X=1",-inf,-inf,0,X|K,1
X,153,R,3,X,1,K,6,C,3,Y,47,S,1,K,3,Y,41,R,1,K,4,S,1,C,3,X,1,"L1:[sp=X,153] R=3,X=1,K=6,C=3,Y=47,S=1 || L2:[sp=K,3] Y=41,R=1,K=4,S=1,C=3,X=1",-inf,-inf,0,X|K,1
X,153,R,1,X,1,K,6,C,3,Y,47,S,1,C,3,C,3,Y,42,R,1,K,5,S,1,X,1,"L1:[sp=X,153] R=1,X=1,K=6,C=3,Y=47,S=1 || L2:[sp=C,3] C=3,Y=42,R=1,K=5,S=1,X=1",-inf,-inf,0,X|C,1
X,153,C,3,Y,47,X,1,R,1,K,6,S,1,C,1,Y,41,C,1,R,1,K,2,S,1,X,1,"L1:[sp=X,153] C=3,Y=47,X=1,R=1,K=6,S=1 || L2:[sp=C,1] Y=41,C=1,R=1,K=2,S=1,X=1",-inf,-inf,0,X|C,1
X,153,R,2,X,12,K,60,C,3,Y,47,S,1,C,3,Y,41,C,1,K,5,R,1,S,1,X,1,"L1:[sp=X,153] R=2,X=12,K=60,C=3,Y=47,S=1 || L2:[sp=C,3] Y=41,C=1,K=5,R=1,S=1,X=1",-inf,-inf,0,X|C,1
K,153,R,1,X,1,K,6,C,3,Y,47,S,1,X,3,K,2,R,1,S,1,Y,41,C,3,X,1,"L1:[sp=K,153] R=1,X=1,K=6,C=3,Y=47,S=1 || L2:[sp=X,3] K=2,R=1,S=1,Y=41,C=3,X=1",-7049953.0,-163323000.0,1,K|X,1
X,153,R,1,X,1,K,6,C,3,Y,47,S,1,C,3,Y,41,C,1,R,1,K,5,S,1,X,1,"L1:[sp=X,153] R=1,X=1,K=6,C=3,Y=47,S=1 || L2:[sp=C,3] Y=41,C=1,R=1,K=5,S=1,X=1",-428005.0,-163324000.0,1,X|C,1
X,153,R,1,X,1,K,6,C,3,Y,89,S,1,C,3,C,3,Y,41,R,1,K,3,S,1,X,1,"L1:[sp=X,153] R=1,X=1,K=6,C=3,Y=89,S=1 || L2:[sp=C,3] C=3,Y=41,R=1,K=3,S=1,X=1",-1612117.0,-163324000.0,1,X|C,1
X,153,K,6,X,1,R,2,C,3,Y,47,S,1,C,3,Y,37,C,1,K,5,R,1,S,1,X,1,"L1:[sp=X,153] K=6,X=1,R=2,C=3,Y=47,S=1 || L2:[sp=C,3] Y=37,C=1,K=5,R=1,S=1,X=1",-447109.0,-163324000.0,1,X|C,1
C,153,R,2,X,1,K,6,C,2,Y,47,S,1,X,3,Y,25,C,1,R,1,K,5,S,1,X,1,"L1:[sp=C,153] R=2,X=1,K=6,C=2,Y=47,S=1 || L2:[sp=X,3] Y=25,C=1,R=1,K=5,S=1,X=1",-59102401.0,-163323000.0,1,C|X,1
X,153,C,3,Y,47,X,1,R,1,K,6,S,1,K,3,Y,43,C,2,R,1,K,2,S,1,X,1,"L1:[sp=X,153] C=3,Y=47,X=1,R=1,K=6,S=1 || L2:[sp=K,3] Y=43,C=2,R=1,K=2,S=1,X=1",-458173.0,-163324000.0,1,X|K,1
X,153,R,1,X,1,K,6,C,3,Y,216,S,1,Y,28,X,1,R,1,S,1,Y,41,C,3,K,2,"L1:[sp=X,153] R=1,X=1,K=6,C=3,Y=216,S=1 || L2:[sp=Y,28] X=1,R=1,S=1,Y=41,C=3,K=2",-5391973.0,-163324000.0,1,X|Y,1
X,153,R,1,X,98,K,6,C,3,Y,47,S,3,C,3,Y,41,C,1,K,5,R,1,X,1,S,1,"L1:[sp=X,153] R=1,X=98,K=6,C=3,Y=47,S=3 || L2:[sp=C,3] Y=41,C=1,K=5,R=1,X=1,S=1",-inf,-inf,0,X|C,1
X,153,R,1,X,1,K,6,C,2,Y,47,S,1,C,3,Y,41,C,1,R,1,K,5,S,1,X,1,"L1:[sp=X,153] R=1,X=1,K=6,C=2,Y=47,S=1 || L2:[sp=C,3] Y=41,C=1,R=1,K=5,S=1,X=1",-856009.0,-163324000.0,1,X|C,1
X,153,R,2,X,1,K,6,C,3,Y,47,S,1,C,3,C,2,Y,37,R,1,K,3,S,1,X,1,"L1:[sp=X,153] R=2,X=1,K=6,C=3,Y=47,S=1 || L2:[sp=C,3] C=2,Y=37,R=1,K=3,S=1,X=1",-965977.0,-163324000.0,1,X|C,1
C,153,R,2,C,3,K,6,X,1,Y,147,S,1,K,3,K,2,C,3,S,1,Y,37,R,1,X,1,"L1:[sp=C,153] R=2,C=3,K=6,X=1,Y=147,S=1 || L2:[sp=K,3] K=2,C=3,S=1,Y=37,R=1,X=1",-34491073.0,-163323000.0,1,C|K,1
X,153,R,1,X,1,K,6,C,3,Y,55,S,3,C,3,C,3,Y,41,R,1,K,3,S,1,X,1,"L1:[sp=X,153] R=1,X=1,K=6,C=3,Y=55,S=3 || L2:[sp=C,3] C=3,Y=41,R=1,K=3,S=1,X=1",-5004517.0,-163324000.0,1,X|C,1
K,153,C,3,Y,47,X,181,R,1,K,6,S,1,Y,3,Y,46,C,2,R,1,K,2,S,1,X,1,"L1:[sp=K,153] C=3,Y=47,X=181,R=1,K=6,S=1 || L2:[sp=Y,3] Y=46,C=2,R=1,K=2,S=1,X=1",-inf,-inf,0,K|Y,1
X,153,C,3,Y,47,X,1,R,2,K,6,S,1,K,3,Y,37,C,1,R,1,K,5,S,1,X,1,"L1:[sp=X,153] C=3,Y=47,X=1,R=2,K=6,S=1 || L2:[sp=K,3] Y=37,C=1,R=1,K=5,S=1,X=1",-1207141.0,-163324000.0,1,X|K,1
Y,153,C,3,Y,47,X,1,R,1,K,6,S,1,K,3,R,1,C,3,Y,41,K,3,S,1,X,1,"L1:[sp=Y,153] C=3,Y=47,X=1,R=1,K=6,S=1 || L2:[sp=K,3] R=1,C=3,Y=41,K=3,S=1,X=1",-9402625.0,-163324000.0,1,Y|K,1
X,153,X,1,R,1,K,6,C,3,Y,47,S,1,C,3,Y,46,C,1,K,1,R,1,S,1,X,1,"L1:[sp=X,153] X=1,R=1,K=6,C=3,Y=47,S=1 || L2:[sp=C,3] Y=46,C=1,K=1,R=1,S=1,X=1",-437437.0,-163323000.0,1,X|C,1
X,153,R,1,X,1,K,6,C,2,Y,47,S,1,C,3,Y,41,C,1,R,1,K,5,S,1,X,1,"L1:[sp=X,153] R=1,X=1,K=6,C=2,Y=47,S=1 || L2:[sp=C,3] Y=41,C=1,R=1,K=5,S=1,X=1",-856009.0,-163324000.0,1,X|C,1
X,153,C,2,Y,47,X,1,R,1,K,6,S,1,K,3,Y,37,C,1,R,1,K,2,S,1,X,1,"L1:[sp=X,153] C=2,Y=47,X=1,R=1,K=6,S=1 || L2:[sp=K,3] Y=37,C=1,R=1,K=2,S=1,X=1",-474409.0,-163323000.0,1,X|K,1
Y,153,C,3,Y,47,X,1,R,2,K,6,S,3,K,3,Y,41,C,2,R,1,X,1,S,1,K,2,"L1:[sp=Y,153] C=3,Y=47,X=1,R=2,K=6,S=3 || L2:[sp=K,3] Y=41,C=2,R=1,X=1,S=1,K=2",-18993877.0,-163323000.0,1,Y|K,1
Y,153,R,1,C,3,K,6,X,60,Y,47,S,1,K,3,K,2,C,3,S,1,Y,46,R,1,X,1,"L1:[sp=Y,153] R=1,C=3,K=6,X=60,Y=47,S=1 || L2:[sp=K,3] K=2,C=3,S=1,Y=46,R=1,X=1",-inf,-inf,0,Y|K,1
X,153,R,1,X,1,K,6,C,3,Y,47,S,1,C,3,Y,41,C,1,K,5,R,1,S,1,X,1,"L1:[sp=X,153] R=1,X=1,K=6,C=3,Y=47,S=1 || L2:[sp=C,3] Y=41,C=1,K=5,R=1,S=1,X=1",-428005.0,-163324000.0,1,X|C,1
X,153,R,1,X,1,K,27,C,2,Y,47,S,1,C,3,Y,41,C,1,R,1,K,5,S,1,X,1,"L1:[sp=X,153] R=1,X=1,K=27,C=2,Y=47,S=1 || L2:[sp=C,3] Y=41,C=1,R=1,K=5,S=1,X=1",-inf,-inf,0,X|C,1
X,153,R,1,X,1,K,6,C,3,Y,47,S,1,C,3,Y,41,C,1,R,1,K,5,S,1,X,1,"L1:[sp=X,153] R=1,X=1,K=6,C=3,Y=47,S=1 || L2:[sp=C,3] Y=41,C=1,R=1,K=5,S=1,X=1",-428005.0,-163324000.0,1,X|C,1
X,153,R,1,X,1,K,6,C,3,Y,23,S,1,C,1,Y,23,C,1,R,1,K,5,S,1,X,1,"L1:[sp=X,153] R=1,X=1,K=6,C=3,Y=23,S=1 || L2:[sp=C,1] Y=23,C=1,R=1,K=5,S=1,X=1",-759601.0,-163324000.0,1,X|C,1
X,153,R,2,X,1,K,9,C,3,Y,47,S,1,C,3,K,3,Y,37,R,1,C,2,S,1,X,1,"L1:[sp=X,153] R=2,X=1,K=9,C=3,Y=47,S=1 || L2:[sp=C,3] K=3,Y=37,R=1,C=2,S=1,X=1",-965617.0,-163324000.0,1,X|C,1
X,153,R,1,X,1,K,6,C,3,Y,47,S,1,C,3,Y,41,C,1,R,1,K,5,S,1,X,1,"L1:[sp=X,153] R=1,X=1,K=6,C=3,Y=47,S=1 || L2:[sp=C,3] Y=41,C=1,R=1,K=5,S=1,X=1",-428005.0,-163324000.0,1,X|C,1
X,153,C,3,Y,47,X,1,R,1,K,6,S,1,K,3,Y,47,C,2,R,1,K,2,S,1,X,1,"L1:[sp=X,153] C=3,Y=47,X=1,R=1,K=6,S=1 || L2:[sp=K,3] Y=47,C=2,R=1,K=2,S=1,X=1",-560341.0,-163324000.0,1,X|K,1
X,153,X,1,R,1,K,6,C,3,Y,47,S,1,C,3,Y,23,C,1,K,1,R,1,S,1,X,1,"L1:[sp=X,153] X=1,R=1,K=6,C=3,Y=47,S=1 || L2:[sp=C,3] Y=23,C=1,K=1,R=1,S=1,X=1",-490429.0,-163323000.0,1,X|C,1
X,153,R,1,Y,47,K,6,C,2,X,1,S,1,C,3,Y,41,C,1,R,1,K,5,S,1,X,1,"L1:[sp=X,153] R=1,Y=47,K=6,C=2,X=1,S=1 || L2:[sp=C,3] Y=41,C=1,R=1,K=5,S=1,X=1",-856009.0,-163324000.0,1,X|C,1
X,153,X,1,R,1,K,6,C,3,Y,47,S,1,C,3,Y,46,C,1,K,1,R,1,S,1,X,1,"L1:[sp=X,153] X=1,R=1,K=6,C=3,Y=47,S=1 || L2:[sp=C,3] Y=46,C=1,K=1,R=1,S=1,X=1",-437437.0,-163323000.0,1,X|C,1
X,153,C,3,Y,47,X,1,R,1,K,6,S,1,K,3,Y,43,C,2,R,1,K,2,S,1,X,1,"L1:[sp=X,153] C=3,Y=47,X=1,R=1,K=6,S=1 || L2:[sp=K,3] Y=43,C=2,R=1,K=2,S=1,X=1",-458173.0,-163324000.0,1,X|K,1
X,153,X,1,R,1,K,6,C,3,Y,47,S,1,C,3,Y,43,C,1,K,1,R,1,S,1,X,1,"L1:[sp=X,153] X=1,R=1,K=6,C=3,Y=47,S=1 || L2:[sp=C,3] Y=43,C=1,K=1,R=1,S=1,X=1",-444349.0,-163323000.0,1,X|C,1
X,153,C,3,Y,47,X,1,R,1,K,6,S,1,Y,1,Y,46,C,2,R,1,K,2,S,1,X,1,"L1:[sp=X,153] C=3,Y=47,X=1,R=1,K=6,S=1 || L2:[sp=Y,1] Y=46,C=2,R=1,K=2,S=1,X=1",-inf,-inf,0,X|Y,1
X,153,R,2,X,1,K,6,C,3,Y,169,S,1,C,3,C,2,Y,37,R,1,K,3,S,1,X,1,"L1:[sp=X,153] R=2,X=1,K=6,C=3,Y=169,S=1 || L2:[sp=C,3] C=2,Y=37,R=1,K=3,S=1,X=1",-inf,-inf,0,X|C,1
X,153,K,6,X,1,R,2,C,3,Y,80,S,1,C,3,R,1,C,1,K,5,Y,37,S,1,X,1,"L1:[sp=X,153] K=6,X=1,R=2,C=3,Y=80,S=1 || L2:[sp=C,3] R=1,C=1,K=5,Y=37,S=1,X=1",-453169.0,-163324000.0,1,X|C,1
K,153,X,1,R,1,K,6,C,3,Y,47,S,1,X,1,Y,46,R,1,K,1,C,1,S,1,X,1,"L1:[sp=K,153] X=1,R=1,K=6,C=3,Y=47,S=1 || L2:[sp=X,1] Y=46,R=1,K=1,C=1,S=1,X=1",-6868513.0,-163323000.0,1,K|X,1
C,153,R,2,X,64,K,6,C,2,Y,47,S,1,X,3,Y,41,C,1,R,1,K,5,S,1,X,1,"L1:[sp=C,153] R=2,X=64,K=6,C=2,Y=47,S=1 || L2:[sp=X,3] Y=41,C=1,R=1,K=5,S=1,X=1",-16825975.0,-163324000.0,1,C|X,1
X,153,R,1,X,1,K,6,C,2,Y,47,S,1,X,1,Y,37,C,1,R,1,K,5,S,1,X,1,"L1:[sp=X,153] R=1,X=1,K=6,C=2,Y=47,S=1 || L2:[sp=X,1] Y=37,C=1,R=1,K=5,S=1,X=1",-inf,-inf,0,X|X,1
X,153,C,2,Y,47,X,1,R,1,K,6,S,1,K,3,Y,41,C,2,R,1,K,2,S,1,X,1,"L1:[sp=X,153] C=2,Y=47,X=1,R=1,K=6,S=1 || L2:[sp=K,3] Y=41,C=2,R=1,K=2,S=1,X=1",-618553.0,-163324000.0,1,X|K,1
X,153,C,3,Y,47,X,1,R,1,K,6,S,1,K,3,Y,46,C,1,R,1,K,2,S,1,X,1,"L1:[sp=X,153] C=3,Y=47,X=1,R=1,K=6,S=1 || L2:[sp=K,3] Y=46,C=1,R=1,K=2,S=1,X=1",-451045.0,-163324000.0,1,X|K,1
X,153,X,79,R,1,K,6,C,2,Y,47,S,1,C,3,Y,37,C,1,K,1,R,1,S,1,X,1,"L1:[sp=X,153] X=79,R=1,K=6,C=2,Y=47,S=1 || L2:[sp=C,3] Y=37,C=1,K=1,R=1,S=1,X=1",-inf,-inf,0,X|C,1
X,153,C,2,Y,47,X,1,R,1,K,6,S,1,K,3,Y,37,C,1,R,1,K,2,S,1,X,1,"L1:[sp=X,153] C=2,Y=47,X=1,R=1,K=6,S=1 || L2:[sp=K,3] Y=37,C=1,R=1,K=2,S=1,X=1",-474409.0,-163323000.0,1,X|K,1
K,153,R,1,X,1,K,6,C,3,Y,47,S,1,C,3,Y,41,C,1,R,1,K,5,S,1,X,1,"L1:[sp=K,153] R=1,X=1,K=6,C=3,Y=47,S=1 || L2:[sp=C,3] Y=41,C=1,R=1,K=5,S=1,X=1",-2356705.0,-163324000.0,1,K|C,1
X,153,R,1,X,1,K,6,C,3,Y,47,S,1,C,3,Y,41,C,1,R,1,K,5,S,1,X,1,"L1:[sp=X,153] R=1,X=1,K=6,C=3,Y=47,S=1 || L2:[sp=C,3] Y=41,C=1,R=1,K=5,S=1,X=1",-428005.0,-163324000.0,1,X|C,1
X,153,R,1,X,1,K,6,C,3,Y,17,S,1,C,3,Y,17,C,1,R,1,K,5,S,1,X,1,"L1:[sp=X,153] R=1,X=1,K=6,C=3,Y=17,S=1 || L2:[sp=C,3] Y=17,C=1,R=1,K=5,S=1,X=1",-528193.0,-163323000.0,1,X|C,1
X,153,C,3,Y,47,X,1,R,1,K,6,S,1,K,3,Y,46,C,1,R,1,K,2,S,1,X,1,"L1:[sp=X,153] C=3,Y=47,X=1,R=1,K=6,S=1 || L2:[sp=K,3] Y=46,C=1,R=1,K=2,S=1,X=1",-451045.0,-163324000.0,1,X|K,1
X,153,C,2,Y,47,X,1,R,2,K,6,S,1,C,1,C,1,Y,37,R,1,K,2,S,1,X,1,"L1:[sp=X,153] C=2,Y=47,X=1,R=2,K=6,S=1 || L2:[sp=C,1] C=1,Y=37,R=1,K=2,S=1,X=1",-inf,-inf,0,X|C,1
X,153,K,6,X,197,R,1,C,3,Y,80,S,1,C,3,R,1,C,1,X,1,Y,37,S,1,K,5,"L1:[sp=X,153] K=6,X=197,R=1,C=3,Y=80,S=1 || L2:[sp=C,3] R=1,C=1,X=1,Y=37,S=1,K=5",-inf,-inf,0,X|C,1
X,153,C,2,Y,47,X,214,R,1,K,6,S,1,K,3,Y,37,C,1,R,1,K,2,S,1,X,1,"L1:[sp=X,153] C=2,Y=47,X=214,R=1,K=6,S=1 || L2:[sp=K,3] Y=37,C=1,R=1,K=2,S=1,X=1",-inf,-inf,0,X|K,1
X,153,R,1,X,1,K,6,C,3,Y,47,S,1,C,3,Y,41,C,3,R,1,K,5,S,1,X,1,"L1:[sp=X,153] R=1,X=1,K=6,C=3,Y=47,S=1 || L2:[sp=C,3] Y=41,C=3,R=1,K=5,S=1,X=1",-inf,-inf,0,X|C,1
X,153,C,3,Y,47,X,1,R,1,K,6,S,1,K,3,Y,43,C,2,R,1,K,2,S,1,X,1,"L1:[sp=X,153] C=3,Y=47,X=1,R=1,K=6,S=1 || L2:[sp=K,3] Y=43,C=2,R=1,K=2,S=1,X=1",-458173.0,-163324000.0,1,X|K,1
C,153,K,6,X,1,R,2,C,3,Y,9,S,1,X,3,R,1,C,1,X,1,Y,9,S,1,K,5,"L1:[sp=C,153] K=6,X=1,R=2,C=3,Y=9,S=1 || L2:[sp=X,3] R=1,C=1,X=1,Y=9,S=1,K=5",-89281249.0,-163323000.0,1,C|X,1
X,153,R,1,X,1,K,6,C,3,Y,47,S,1,C,3,Y,41,C,1,R,1,K,2,S,1,X,1,"L1:[sp=X,153] R=1,X=1,K=6,C=3,Y=47,S=1 || L2:[sp=C,3] Y=41,C=1,R=1,K=2,S=1,X=1",-448957.0,-163324000.0,1,X|C,1
K,153,C,2,Y,27,X,1,R,1,K,6,S,1,X,3,Y,27,C,1,R,1,K,6,S,1,X,1,"L1:[sp=K,153] C=2,Y=27,X=1,R=1,K=6,S=1 || L2:[sp=X,3] Y=27,C=1,R=1,K=6,S=1,X=1",-8854273.0,-163323000.0,1,K|X,1
K,153,Y,47,R,1,K,6,C,3,X,1,S,1,C,3,Y,41,C,2,K,1,R,1,S,1,X,1,"L1:[sp=K,153] Y=47,R=1,K=6,C=3,X=1,S=1 || L2:[sp=C,3] Y=41,C=2,K=1,R=1,S=1,X=1",-4703329.0,-163323000.0,1,K|C,1
X,153,R,1,X,1,K,6,C,3,Y,47,S,1,C,3,Y,46,C,1,R,1,K,5,S,1,X,1,"L1:[sp=X,153] R=1,X=1,K=6,C=3,Y=47,S=1 || L2:[sp=C,3] Y=46,C=1,R=1,K=5,S=1,X=1",-inf,-inf,0,X|C,1
X,153,R,2,X,1,K,6,C,3,Y,47,S,1,C,3,C,1,Y,41,R,2,K,5,S,1,X,1,"L1:[sp=X,153] R=2,X=1,K=6,C=3,Y=47,S=1 || L2:[sp=C,3] C=1,Y=41,R=2,K=5,S=1,X=1",-inf,-inf,0,X|C,1
X,153,K,6,X,1,R,1,C,3,Y,109,S,1,C,3,R,1,C,1,K,3,Y,37,S,1,X,1,"L1:[sp=X,153] K=6,X=1,R=1,C=3,Y=109,S=1 || L2:[sp=C,3] R=1,C=1,K=3,Y=37,S=1,X=1",-inf,-inf,0,X|C,1
X,153,X,131,R,1,K,6,C,3,Y,47,S,1,C,3,Y,23,C,1,K,1,R,1,S,1,X,1,"L1:[sp=X,153] X=131,R=1,K=6,C=3,Y=47,S=1 || L2:[sp=C,3] Y=23,C=1,K=1,R=1,S=1,X=1",-inf,-inf,0,X|C,1
C,153,X,1,R,1,K,6,C,3,Y,47,S,2,X,3,Y,9,C,1,K,1,R,1,S,1,X,1,"L1:[sp=C,153] X=1,R=1,K=6,C=3,Y=47,S=2 || L2:[sp=X,3] Y=9,C=1,K=1,R=1,S=1,X=1",-86390647.0,-163323000.0,1,C|X,1
C,153,K,6,X,1,R,2,C,3,Y,80,S,1,X,3,R,1,C,1,K,5,S,1,Y,37,X,1,"L1:[sp=C,153] K=6,X=1,R=2,C=3,Y=80,S=1 || L2:[sp=X,3] R=1,C=1,K=5,S=1,Y=37,X=1",-76043521.0,-163323000.0,1,C|X,1
X,153,R,1,X,96,K,6,C,3,Y,47,S,3,Y,1,R,1,C,1,Y,41,K,5,S,1,X,1,"L1:[sp=X,153] R=1,X=96,K=6,C=3,Y=47,S=3 || L2:[sp=Y,1] R=1,C=1,Y=41,K=5,S=1,X=1",-inf,-inf,0,X|Y,1
X,153,K,6,X,1,R,2,C,3,Y,80,S,1,C,3,R,1,C,1,K,5,Y,14,S,1,X,1,"L1:[sp=X,153] K=6,X=1,R=2,C=3,Y=80,S=1 || L2:[sp=C,3] R=1,C=1,K=5,Y=14,S=1,X=1",-503677.0,-163324000.0,1,X|C,1
X,153,R,1,X,1,K,6,C,3,Y,47,S,1,C,3,R,1,C,1,Y,6,K,5,S,1,X,1,"L1:[sp=X,153] R=1,X=1,K=6,C=3,Y=47,S=1 || L2:[sp=C,3] R=1,C=1,Y=6,K=5,S=1,X=1",-493885.0,-163323000.0,1,X|C,1
X,153,R,1,X,1,K,6,C,3,Y,47,S,1,C,3,Y,41,C,1,R,1,K,5,S,1,X,1,"L1:[sp=X,153] R=1,X=1,K=6,C=3,Y=47,S=1 || L2:[sp=C,3] Y=41,C=1,R=1,K=5,S=1,X=1",-428005.0,-163324000.0,1,X|C,1
X,153,R,1,X,1,K,6,C,3,Y,38,S,1,C,3,Y,38,C,1,R,1,K,5,S,1,X,1,"L1:[sp=X,153] R=1,X=1,K=6,C=3,Y=38,S=1 || L2:[sp=C,3] Y=38,C=1,R=1,K=5,S=1,X=1",-503065.0,-163324000.0,1,X|C,1
K,153,Y,47,R,1,K,6,C,3,X,1,S,1,C,3,Y,41,C,2,K,1,R,1,S,1,X,1,"L1:[sp=K,153] Y=47,R=1,K=6,C=3,X=1,S=1 || L2:[sp=C,3] Y=41,C=2,K=1,R=1,S=1,X=1",-4703329.0,-163323000.0,1,K|C,1
X,153,C,3,Y,199,X,1,R,1,K,6,S,1,K,3,Y,43,C,2,R,1,K,6,S,1,X,1,"L1:[sp=X,153] C=3,Y=199,X=1,R=1,K=6,S=1 || L2:[sp=K,3] Y=43,C=2,R=1,K=6,S=1,X=1",-inf,-inf,0,X|K,1
X,153,R,2,X,1,K,6,C,3,Y,17,S,1,C,3,Y,17,C,1,R,1,K,5,S,1,X,1,"L1:[sp=X,153] R=2,X=1,K=6,C=3,Y=17,S=1 || L2:[sp=C,3] Y=17,C=1,R=1,K=5,S=1,X=1",-519757.0,-163323000.0,1,X|C,1
K,153,C,3,Y,47,X,1,R,1,K,6,S,1,K,3,Y,43,C,2,K,3,R,1,S,1,X,1,"L1:[sp=K,153] C=3,Y=47,X=1,R=1,K=6,S=1 || L2:[sp=K,3] Y=43,C=2,K=3,R=1,S=1,X=1",-3493729.0,-163323000.0,1,K|K,1
X,153,R,1,X,1,K,6,C,3,Y,47,S,1,C,3,Y,41,C,1,R,1,K,2,S,1,X,1,"L1:[sp=X,153] R=1,X=1,K=6,C=3,Y=47,S=1 || L2:[sp=C,3] Y=41,C=1,R=1,K=2,S=1,X=1",-448957.0,-163324000.0,1,X|C,1
K,153,C,3,Y,47,X,1,R,1,K,25,S,1,K,3,Y,43,C,2,R,1,K,2,S,1,X,1,"L1:[sp=K,153] C=3,Y=47,X=1,R=1,K=25,S=1 || L2:[sp=K,3] Y=43,C=2,R=1,K=2,S=1,X=1",-10461025.0,-163323000.0,1,K|K,1
K,153,Y,47,R,1,K,6,C,3,X,1,S,1,Y,1,Y,41,C,2,K,1,R,1,S,1,X,1,"L1:[sp=K,153] Y=47,R=1,K=6,C=3,X=1,S=1 || L2:[sp=Y,1] Y=41,C=2,K=1,R=1,S=1,X=1",-7049953.0,-163323000.0,1,K|Y,1
K,153,Y,47,R,1,K,6,C,3,X,1,S,1,C,3,Y,41,C,2,K,4,R,1,S,1,X,1,"L1:[sp=K,153] Y=47,R=1,K=6,C=3,X=1,S=1 || L2:[sp=C,3] Y=41,C=2,K=4,R=1,S=1,X=1",-4703329.0,-163324000.0,1,K|C,1
X,153,R,1,X,125,K,6,C,3,Y,47,S,1,X,1,R,1,C,1,Y,41,K,2,S,1,X,1,"L1:[sp=X,153] R=1,X=125,K=6,C=3,Y=47,S=1 || L2:[sp=X,1] R=1,C=1,Y=41,K=2,S=1,X=1",-inf,-inf,0,X|X,1
C,153,R,1,X,1,K,1,C,3,Y,47,S,1,X,3,Y,41,C,1,R,1,K,1,X,1,S,1,"L1:[sp=C,153] R=1,X=1,K=1,C=3,Y=47,S=1 || L2:[sp=X,3] Y=41,C=1,R=1,K=1,X=1,S=1",-75737089.0,-163323000.0,1,C|X,1
X,153,R,1,X,1,K,6,C,3,Y,47,S,1,C,3,Y,41,C,1,R,1,K,4,S,1,X,1,"L1:[sp=X,153] R=1,X=1,K=6,C=3,Y=47,S=1 || L2:[sp=C,3] Y=41,C=1,R=1,K=4,S=1,X=1",-448957.0,-163324000.0,1,X|C,1
X,153,C,3,Y,47,X,1,R,1,K,6,S,1,K,3,Y,13,C,2,R,1,K,2,S,1,X,1,"L1:[sp=X,153] C=3,Y=47,X=1,R=1,K=6,S=1 || L2:[sp=K,3] Y=13,C=2,R=1,K=2,S=1,X=1",-529453.0,-163323000.0,1,X|K,1
X,153,C,3,Y,47,X,112,R,1,K,6,S,2,K,3,Y,43,C,2,R,1,K,2,S,1,X,1,"L1:[sp=X,153] C=3,Y=47,X=112,R=1,K=6,S=2 || L2:[sp=K,3] Y=43,C=2,R=1,K=2,S=1,X=1",-inf,-inf,0,X|K,1
X,153,R,1,X,1,K,28,C,3,Y,47,S,1,C,3,R,1,C,1,Y,6,K,5,S,1,X,1,"L1:[sp=X,153] R=1,X=1,K=28,C=3,Y=47,S=1 || L2:[sp=C,3] R=1,C=1,Y=6,K=5,S=1,X=1",-inf,-inf,0,X|C,1
X,153,R,1,X,1,K,6,Y,17,C,3,S,1,C,3,Y,17,C,1,R,1,K,5,S,1,X,1,"L1:[sp=X,153] R=1,X=1,K=6,Y=17,C=3,S=1 || L2:[sp=C,3] Y=17,C=1,R=1,K=5,S=1,X=1",-528193.0,-163323000.0,1,X|C,1
X,153,R,3,X,1,K,6,C,3,Y,47,S,1,C,3,Y,41,C,1,R,1,K,5,S,1,X,1,"L1:[sp=X,153] R=3,X=1,K=6,C=3,Y=47,S=1 || L2:[sp=C,3] Y=41,C=1,R=1,K=5,S=1,X=1",-448645.0,-163324000.0,1,X|C,1
X,153,R,1,X,1,K,6,C,3,Y,17,S,3,C,3,Y,17,C,1,R,1,K,5,S,1,X,1,"L1:[sp=X,153] R=1,X=1,K=6,C=3,Y=17,S=3 || L2:[sp=C,3] Y=17,C=1,R=1,K=5,S=1,X=1",-1569793.0,-163323000.0,1,X|C,1
X,153,C,3,K,6,X,1,R,1,Y,9,S,2,K,3,Y,9,C,2,R,1,K,2,S,1,X,1,"L1:[sp=X,153] C=3,K=6,X=1,R=1,Y=9,S=2 || L2:[sp=K,3] Y=9,C=2,R=1,K=2,S=1,X=1",-1075801.0,-163323000.0,1,X|K,1
C,153,Y,47,R,1,K,6,C,3,X,1,S,1,K,3,Y,18,C,2,K,1,R,1,S,1,X,1,"L1:[sp=C,153] Y=47,R=1,K=6,C=3,X=1,S=1 || L2:[sp=K,3] Y=18,C=2,K=1,R=1,S=1,X=1",-29915425.0,-163323000.0,1,C|K,1
X,153,R,1,X,1,K,6,C,3,Y,47,S,1,C,3,Y,41,C,1,R,1,K,5,S,1,X,1,"L1:[sp=X,153] R=1,X=1,K=6,C=3,Y=47,S=1 || L2:[sp=C,3] Y=41,C=1,R=1,K=5,S=1,X=1",-428005.0,-163324000.0,1,X|C,1
X,153,R,1,X,1,C,3,K,6,Y,47,S,1,C,3,Y,41,C,1,R,1,K,1,S,1,X,1,"L1:[sp=X,153] R=1,X=1,C=3,K=6,Y=47,S=1 || L2:[sp=C,3] Y=41,C=1,R=1,K=1,S=1,X=1",-448957.0,-163323000.0,1,X|C,1
K,153,R,1,X,1,K,41,C,3,Y,38,S,1,C,3,Y,38,C,1,R,1,K,4,S,1,X,1,"L1:[sp=K,153] R=1,X=1,K=41,C=3,Y=38,S=1 || L2:[sp=C,3] Y=38,C=1,R=1,K=4,S=1,X=1",-18857665.0,-163323000.0,1,K|C,1
X,153,X,172,R,1,K,6,C,3,Y,47,S,1,C,3,Y,41,C,1,R,1,K,5,S,1,X,1,"L1:[sp=X,153] X=172,R=1,K=6,C=3,Y=47,S=1 || L2:[sp=C,3] Y=41,C=1,R=1,K=5,S=1,X=1",-inf,-inf,0,X|C,1
X,153,R,3,X,1,K,37,C,3,Y,47,S,1,C,3,Y,41,C,1,R,1,K,5,S,1,X,1,"L1:[sp=X,153] R=3,X=1,K=37,C=3,Y=47,S=1 || L2:[sp=C,3] Y=41,C=1,R=1,K=5,S=1,X=1",-inf,-inf,0,X|C,1
C,153,R,1,X,1,K,6,C,3,Y,38,S,1,C,3,Y,38,C,1,R,1,K,5,S,1,X,1,"L1:[sp=C,153] R=1,X=1,K=6,C=3,Y=38,S=1 || L2:[sp=C,3] Y=38,C=1,R=1,K=5,S=1,X=1",-28171585.0,-163323000.0,1,C|C,1
X,153,C,3,X,1,K,6,R,1,Y,47,S,2,X,1,K,2,C,1,R,1,Y,41,S,1,X,1,"L1:[sp=X,153] C=3,X=1,K=6,R=1,Y=47,S=2 || L2:[sp=X,1] K=2,C=1,R=1,Y=41,S=1,X=1",-inf,-inf,0,X|X,1
X,153,C,3,Y,47,X,1,R,1,K,6,S,1,K,3,Y,13,S,1,R,1,K,2,C,2,X,1,"L1:[sp=X,153] C=3,Y=47,X=1,R=1,K=6,S=1 || L2:[sp=K,3] Y=13,S=1,R=1,K=2,C=2,X=1",-529453.0,-163323000.0,1,X|K,1
X,153,R,1,X,1,K,6,C,3,Y,47,S,1,C,3,K,5,C,1,R,1,Y,41,S,1,X,1,"L1:[sp=X,153] R=1,X=1,K=6,C=3,Y=47,S=1 || L2:[sp=C,3] K=5,C=1,R=1,Y=41,S=1,X=1",-428005.0,-163324000.0,1,X|C,1
C,153,R,1,X,1,K,55,C,3,Y,47,S,1,X,3,Y,13,C,2,R,1,K,5,S,1,X,1,"L1:[sp=C,153] R=1,X=1,K=55,C=3,Y=47,S=1 || L2:[sp=X,3] Y=13,C=2,R=1,K=5,S=1,X=1",-87292801.0,-163323000.0,1,C|X,1
X,153,C,3,Y,47,X,1,R,1,K,6,S,1,K,3,Y,41,S,1,R,1,K,2,C,1,X,1,"L1:[sp=X,153] C=3,Y=47,X=1,R=1,K=6,S=1 || L2:[sp=K,3] Y=41,S=1,R=1,K=2,C=1,X=1",-462925.0,-163324000.0,1,X|K,1
X,153,C,3,Y,56,X,28,R,1,K,6,S,1,K,3,X,1,C,2,R,1,K,2,S,1,Y,13,"L1:[sp=X,153] C=3,Y=56,X=28,R=1,K=6,S=1 || L2:[sp=K,3] X=1,C=2,R=1,K=2,S=1,Y=13",-inf,-inf,0,X|K,1
C,153,R,3,X,1,K,6,C,3,Y,47,S,1,X,3,Y,41,C,1,R,1,K,5,S,1,X,1,"L1:[sp=C,153] R=3,X=1,K=6,C=3,Y=47,S=1 || L2:[sp=X,3] Y=41,C=1,R=1,K=5,S=1,X=1",-75298273.0,-163323000.0,1,C|X,1
X,153,R,1,X,1,K,6,Y,17,C,3,S,1,C,1,Y,17,C,1,R,1,K,5,S,1,X,1,"L1:[sp=X,153] R=1,X=1,K=6,Y=17,C=3,S=1 || L2:[sp=C,1] Y=17,C=1,R=1,K=5,S=1,X=1",-786745.0,-163324000.0,1,X|C,1
X,153,R,1,X,1,K,6,S,1,Y,47,C,3,C,3,Y,41,C,1,R,1,K,4,S,1,X,1,"L1:[sp=X,153] R=1,X=1,K=6,S=1,Y=47,C=3 || L2:[sp=C,3] Y=41,C=1,R=1,K=4,S=1,X=1",-448957.0,-163324000.0,1,X|C,1
X,153,R,2,X,1,K,6,C,3,Y,17,S,1,C,3,Y,17,C,1,R,1,K,5,S,1,X,1,"L1:[sp=X,153] R=2,X=1,K=6,C=3,Y=17,S=1 || L2:[sp=C,3] Y=17,C=1,R=1,K=5,S=1,X=1",-519757.0,-163323000.0,1,X|C,1
K,153,R,1,X,1,K,6,C,3,Y,38,S,1,C,1,Y,38,S,1,R,1,K,5,C,1,X,1,"L1:[sp=K,153] R=1,X=1,K=6,C=3,Y=38,S=1 || L2:[sp=C,1] Y=38,S=1,R=1,K=5,C=1,X=1",-8285761.0,-163323000.0,1,K|C,1
X,153,R,1,X,1,K,6,Y,17,C,3,S,1,C,3,Y,17,C,1,R,1,X,1,S,1,K,5,"L1:[sp=X,153] R=1,X=1,K=6,Y=17,C=3,S=1 || L2:[sp=C,3] Y=17,C=1,R=1,X=1,S=1,K=5",-528193.0,-163323000.0,1,X|C,1
X,153,R,1,X,1,K,6,C,3,Y,38,S,1,C,3,Y,38,C,1,R,1,K,1,S,1,X,1,"L1:[sp=X,153] R=1,X=1,K=6,C=3,Y=38,S=1 || L2:[sp=C,3] Y=38,C=1,R=1,K=1,S=1,X=1",-527689.0,-163323000.0,1,X|C,1
X,153,R,1,X,1,K,6,C,3,Y,47,S,1,C,3,Y,41,C,1,R,1,K,5,S,1,X,1,"L1:[sp=X,153] R=1,X=1,K=6,C=3,Y=47,S=1 || L2:[sp=C,3] Y=41,C=1,R=1,K=5,S=1,X=1",-428005.0,-163324000.0,1,X|C,1
X,153,R,1,X,1,K,6,C,1,Y,175,S,1,C,3,Y,38,C,1,R,1,X,1,S,1,K,5,"L1:[sp=X,153] R=1,X=1,K=6,C=1,Y=175,S=1 || L2:[sp=C,3] Y=38,C=1,R=1,X=1,S=1,K=5",-inf,-inf,0,X|C,1
X,153,R,1,X,1,K,6,C,3,Y,47,S,1,C,3,Y,41,C,1,R,1,K,5,S,1,X,1,"L1:[sp=X,153] R=1,X=1,K=6,C=3,Y=47,S=1 || L2:[sp=C,3] Y=41,C=1,R=1,K=5,S=1,X=1",-428005.0,-163324000.0,1,X|C,1
X,153,R,1,X,1,K,6,C,3,Y,17,S,1,C,3,Y,17,C,1,R,1,K,5,S,1,X,1,"L1:[sp=X,153] R=1,X=1,K=6,C=3,Y=17,S=1 || L2:[sp=C,3] Y=17,C=1,R=1,K=5,S=1,X=1",-528193.0,-163323000.0,1,X|C,1
X,153,C,3,Y,47,X,1,R,1,K,6,S,1,K,3,R,1,S,1,Y,41,K,2,C,1,X,1,"L1:[sp=X,153] C=3,Y=47,X=1,R=1,K=6,S=1 || L2:[sp=K,3] R=1,S=1,Y=41,K=2,C=1,X=1",-462925.0,-163324000.0,1,X|K,1
X,153,R,1,X,1,K,6,C,3,Y,47,S,1,C,3,Y,41,C,1,R,1,K,5,S,1,X,1,"L1:[sp=X,153] R=1,X=1,K=6,C=3,Y=47,S=1 || L2:[sp=C,3] Y=41,C=1,R=1,K=5,S=1,X=1",-428005.0,-163324000.0,1,X|C,1
X,153,R,1,X,1,K,6,C,3,Y,47,S,1,C,3,K,5,C,3,R,1,Y,41,S,1,X,1,"L1:[sp=X,153] R=1,X=1,K=6,C=3,Y=47,S=1 || L2:[sp=C,3] K=5,C=3,R=1,Y=41,S=1,X=1",-inf,-inf,0,X|C,1
X,153,R,1,X,1,K,6,C,3,Y,38,S,3,C,3,Y,38,C,2,R,1,K,1,S,1,X,1,"L1:[sp=X,153] R=1,X=1,K=6,C=3,Y=38,S=3 || L2:[sp=C,3] Y=38,C=2,R=1,K=1,S=1,X=1",-3152665.0,-163324000.0,1,X|C,1
Y,153,R,1,X,1,K,6,C,3,Y,101,S,1,C,3,K,5,C,1,R,1,Y,41,S,1,X,1,"L1:[sp=Y,153] R=1,X=1,K=6,C=3,Y=101,S=1 || L2:[sp=C,3] K=5,C=1,R=1,Y=41,S=1,X=1",-12442753.0,-163324000.0,1,Y|C,1
X,153,R,1,X,1,K,6,C,3,Y,17,S,3,C,3,Y,17,R,1,C,1,K,5,S,1,X,1,"L1:[sp=X,153] R=1,X=1,K=6,C=3,Y=17,S=3 || L2:[sp=C,3] Y=17,R=1,C=1,K=5,S=1,X=1",-1569793.0,-163323000.0,1,X|C,1
X,153,R,2,X,1,K,6,C,3,Y,47,S,1,C,3,Y,41,C,1,R,1,K,5,S,1,X,1,"L1:[sp=X,153] R=2,X=1,K=6,C=3,Y=47,S=1 || L2:[sp=C,3] Y=41,C=1,R=1,K=5,S=1,X=1",-438325.0,-163324000.0,1,X|C,1
X,153,C,3,Y,47,X,1,R,1,K,6,S,1,K,3,Y,41,S,1,R,1,K,2,C,1,X,1,"L1:[sp=X,153] C=3,Y=47,X=1,R=1,K=6,S=1 || L2:[sp=K,3] Y=41,S=1,R=1,K=2,C=1,X=1",-462925.0,-163324000.0,1,X|K,1
Y,153,R,1,X,1,K,6,C,3,Y,47,S,1,C,3,Y,41,C,1,R,1,K,5,S,1,X,1,"L1:[sp=Y,153] R=1,X=1,K=6,C=3,Y=47,S=1 || L2:[sp=C,3] Y=41,C=1,R=1,K=5,S=1,X=1",-5802049.0,-163324000.0,1,Y|C,1
X,153,R,1,X,1,K,6,C,3,Y,47,S,1,C,3,Y,41,C,3,R,1,K,5,S,1,X,1,"L1:[sp=X,153] R=1,X=1,K=6,C=3,Y=47,S=1 || L2:[sp=C,3] Y=41,C=3,R=1,K=5,S=1,X=1",-inf,-inf,0,X|C,1
X,153,R,1,X,1,K,6,Y,71,C,3,S,1,C,3,Y,17,X,1,R,1,C,1,S,1,K,5,"L1:[sp=X,153] R=1,X=1,K=6,Y=71,C=3,S=1 || L2:[sp=C,3] Y=17,X=1,R=1,C=1,S=1,K=5",-475921.0,-163324000.0,1,X|C,1
X,153,R,1,X,1,K,64,C,3,Y,38,S,2,C,3,Y,38,C,1,R,1,K,1,S,1,X,1,"L1:[sp=X,153] R=1,X=1,K=64,C=3,Y=38,S=2 || L2:[sp=C,3] Y=38,C=1,R=1,K=1,S=1,X=1",-inf,-inf,0,X|C,1
K,153,R,1,X,1,K,6,C,3,Y,47,S,1,C,3,K,5,C,1,R,1,Y,41,S,1,X,1,"L1:[sp=K,153] R=1,X=1,K=6,C=3,Y=47,S=1 || L2:[sp=C,3] K=5,C=1,R=1,Y=41,S=1,X=1",-2356705.0,-163324000.0,1,K|C,1
X,153,R,1,X,1,K,6,C,3,Y,47,S,1,C,3,Y,41,C,1,R,1,K,5,S,1,X,1,"L1:[sp=X,153] R=1,X=1,K=6,C=3,Y=47,S=1 || L2:[sp=C,3] Y=41,C=1,R=1,K=5,S=1,X=1",-428005.0,-163324000.0,1,X|C,1
X,153,R,1,X,1,C,3,K,6,Y,47,S,1,C,3,Y,41,C,1,R,1,K,6,S,1,X,1,"L1:[sp=X,153] R=1,X=1,C=3,K=6,Y=47,S=1 || L2:[sp=C,3] Y=41,C=1,R=1,K=6,S=1,X=1",-inf,-inf,0,X|C,1
X,153,R,1,X,1,K,6,C,2,Y,17,S,1,C,3,Y,17,C,1,R,1,K,1,S,1,X,1,"L1:[sp=X,153] R=1,X=1,K=6,C=2,Y=17,S=1 || L2:[sp=C,3] Y=17,C=1,R=1,K=1,S=1,X=1",-1107793.0,-163323000.0,1,X|C,1
X,153,R,1,X,1,K,6,Y,38,C,3,S,1,C,3,Y,38,C,1,R,1,X,1,S,1,K,1,"L1:[sp=X,153] R=1,X=1,K=6,Y=38,C=3,S=1 || L2:[sp=C,3] Y=38,C=1,R=1,X=1,S=1,K=1",-527689.0,-163323000.0,1,X|C,1
X,153,R,1,X,1,K,6,Y,47,C,3,S,1,C,3,Y,41,C,1,R,1,X,1,S,1,K,5,"L1:[sp=X,153] R=1,X=1,K=6,Y=47,C=3,S=1 || L2:[sp=C,3] Y=41,C=1,R=1,X=1,S=1,K=5",-428005.0,-163324000.0,1,X|C,1
C,153,R,1,X,1,K,6,C,3,Y,17,S,1,C,3,Y,17,C,1,R,1,K,5,S,1,X,1,"L1:[sp=C,153] R=1,X=1,K=6,C=3,Y=17,S=1 || L2:[sp=C,3] Y=17,C=1,R=1,K=5,S=1,X=1",-29578753.0,-163323000.0,1,C|C,1
X,153,R,1,X,1,K,6,C,3,Y,47,S,1,C,3,Y,41,C,1,R,1,K,5,S,1,X,1,"L1:[sp=X,153] R=1,X=1,K=6,C=3,Y=47,S=1 || L2:[sp=C,3] Y=41,C=1,R=1,K=5,S=1,X=1",-428005.0,-163324000.0,1,X|C,1
X,153,R,1,X,1,K,6,Y,38,S,1,C,3,C,3,Y,10,X,1,R,1,C,1,S,1,K,5,"L1:[sp=X,153] R=1,X=1,K=6,Y=38,S=1,C=3 || L2:[sp=C,3] Y=10,X=1,R=1,C=1,S=1,K=5",-503065.0,-163323000.0,1,X|C,1
X,153,R,1,X,1,K,26,Y,71,C,3,S,1,C,3,Y,64,C,1,R,1,X,1,S,1,K,2,"L1:[sp=X,153] R=1,X=1,K=26,Y=71,C=3,S=1 || L2:[sp=C,3] Y=64,C=1,R=1,X=1,S=1,K=2",-inf,-inf,0,X|C,1
X,153,R,3,X,153,K,6,Y,71,C,3,S,1,C,3,Y,17,X,1,R,3,C,1,S,1,K,5,"L1:[sp=X,153] R=3,X=153,K=6,Y=71,C=3,S=1 || L2:[sp=C,3] Y=17,X=1,R=3,C=1,S=1,K=5",-inf,-inf,0,X|C,1
X,153,R,1,X,1,K,6,C,3,Y,47,S,2,C,3,Y,41,C,1,R,1,K,5,S,1,X,1,"L1:[sp=X,153] R=1,X=1,K=6,C=3,Y=47,S=2 || L2:[sp=C,3] Y=41,C=1,R=1,K=5,S=1,X=1",-853369.0,-163324000.0,1,X|C,1
X,153,C,3,Y,47,X,1,R,1,K,6,S,1,K,3,Y,41,S,1,R,1,C,1,K,2,X,1,"L1:[sp=X,153] C=3,Y=47,X=1,R=1,K=6,S=1 || L2:[sp=K,3] Y=41,S=1,R=1,C=1,K=2,X=1",-462925.0,-163324000.0,1,X|K,1
X,153,R,1,X,1,K,6,C,3,Y,47,S,1,C,3,Y,41,C,1,R,1,K,5,X,1,S,1,"L1:[sp=X,153] R=1,X=1,K=6,C=3,Y=47,S=1 || L2:[sp=C,3] Y=41,C=1,R=1,K=5,X=1,S=1",-428005.0,-163324000.0,1,X|C,1
X,153,R,1,X,1,K,6,C,3,Y,47,S,1,K,6,Y,41,C,1,R,1,K,5,S,1,X,1,"L1:[sp=X,153] R=1,X=1,K=6,C=3,Y=47,S=1 || L2:[sp=K,6] Y=41,C=1,R=1,K=5,S=1,X=1",-2308681.0,-163324000.0,1,X|K,1
X,153,C,1,Y,47,X,1,R,1,K,6,S,1,K,3,Y,41,S,1,R,1,K,3,C,1,X,1,"L1:[sp=X,153] C=1,Y=47,X=1,R=1,K=6,S=1 || L2:[sp=K,3] Y=41,S=1,R=1,K=3,C=1,X=1",-697357.0,-163324000.0,1,X|K,1
X,153,R,1,X,1,K,6,C,3,Y,17,S,1,K,2,Y,17,C,1,R,1,K,5,S,1,X,1,"L1:[sp=X,153] R=1,X=1,K=6,C=3,Y=17,S=1 || L2:[sp=K,2] Y=17,C=1,R=1,K=5,S=1,X=1",-1064449.0,-163323000.0,1,X|K,1
X,153,C,3,Y,211,X,1,R,1,K,6,S,1,K,3,R,1,S,1,Y,41,C,2,K,5,X,1,"L1:[sp=X,153] C=3,Y=211,X=1,R=1,K=6,S=1 || L2:[sp=K,3] R=1,S=1,Y=41,C=2,K=5,X=1",-inf,-inf,0,X|K,1
X,153,R,1,X,83,K,6,S,1,Y,47,C,3,C,3,C,1,Y,41,R,1,K,5,S,1,X,1,"L1:[sp=X,153] R=1,X=83,K=6,S=1,Y=47,C=3 || L2:[sp=C,3] C=1,Y=41,R=1,K=5,S=1,X=1",-inf,-inf,0,X|C,1
K,153,R,3,S,1,K,6,C,3,Y,17,X,1,C,3,Y,17,C,1,R,1,K,5,S,1,X,1,"L1:[sp=K,153] R=3,S=1,K=6,C=3,Y=17,X=1 || L2:[sp=C,3] Y=17,C=1,R=1,K=5,S=1,X=1",-3021313.0,-163323000.0,1,K|C,1
X,153,R,1,X,1,K,15,Y,71,C,3,S,1,C,3,Y,17,X,1,R,1,C,1,S,1,K,5,"L1:[sp=X,153] R=1,X=1,K=15,Y=71,C=3,S=1 || L2:[sp=C,3] Y=17,X=1,R=1,C=1,S=1,K=5",-inf,-inf,0,X|C,1
X,153,R,2,X,31,K,6,C,3,Y,47,S,1,C,3,Y,41,C,1,R,1,K,5,S,1,X,1,"L1:[sp=X,153] R=2,X=31,K=6,C=3,Y=47,S=1 || L2:[sp=C,3] Y=41,C=1,R=1,K=5,S=1,X=1",-inf,-inf,0,X|C,1
X,153,R,1,X,71,K,6,Y,47,C,3,S,1,C,3,Y,40,C,1,R,1,X,1,S,1,K,5,"L1:[sp=X,153] R=1,X=71,K=6,Y=47,C=3,S=1 || L2:[sp=C,3] Y=40,C=1,R=1,X=1,S=1,K=5",-inf,-inf,0,X|C,1
X,153,R,1,X,1,K,6,Y,71,C,3,S,1,C,3,Y,17,X,1,R,1,C,1,S,1,K,3,"L1:[sp=X,153] R=1,X=1,K=6,Y=71,C=3,S=1 || L2:[sp=C,3] Y=17,X=1,R=1,C=1,S=1,K=3",-514801.0,-163324000.0,1,X|C,1
C,153,R,2,X,1,K,6,C,1,Y,47,S,1,C,3,Y,41,C,1,R,1,K,5,S,1,X,1,"L1:[sp=C,153] R=2,X=1,K=6,C=1,Y=47,S=1 || L2:[sp=C,3] Y=41,C=1,R=1,K=5,S=1,X=1",-24546145.0,-163323000.0,1,C|C,1
X,153,R,1,X,1,K,6,Y,47,C,3,S,1,C,3,K,5,C,3,R,1,X,1,S,1,Y,41,"L1:[sp=X,153] R=1,X=1,K=6,Y=47,C=3,S=1 || L2:[sp=C,3] K=5,C=3,R=1,X=1,S=1,Y=41",-inf,-inf,0,X|C,1
C,153,R,1,X,1,K,6,C,3,Y,154,S,1,X,3,Y,41,X,1,R,1,K,5,S,1,C,2,"L1:[sp=C,153] R=1,X=1,K=6,C=3,Y=154,S=1 || L2:[sp=X,3] Y=41,X=1,R=1,K=5,S=1,C=2",-inf,-inf,0,C|X,1
X,153,R,1,X,1,K,6,C,3,Y,47,S,1,C,3,Y,41,C,1,R,1,K,5,S,1,X,1,"L1:[sp=X,153] R=1,X=1,K=6,C=3,Y=47,S=1 || L2:[sp=C,3] Y=41,C=1,R=1,K=5,S=1,X=1",-428005.0,-163324000.0,1,X|C,1
X,153,R,1,X,1,K,6,C,3,Y,186,S,1,K,2,Y,17,C,1,R,1,K,5,S,1,X,1,"L1:[sp=X,153] R=1,X=1,K=6,C=3,Y=186,S=1 || L2:[sp=K,2] Y=17,C=1,R=1,K=5,S=1,X=1",-inf,-inf,0,X|K,1
X,153,R,3,X,1,K,6,Y,71,C,3,S,1,C,3,Y,17,X,1,R,1,C,1,S,1,K,3,"L1:[sp=X,153] R=3,X=1,K=6,Y=71,C=3,S=1 || L2:[sp=C,3] Y=17,X=1,R=1,C=1,S=1,K=3",-532753.0,-163324000.0,1,X|C,1
X,153,R,1,X,1,K,6,C,3,Y,47,S,1,C,3,Y,41,C,1,R,1,K,5,X,1,S,1,"L1:[sp=X,153] R=1,X=1,K=6,C=3,Y=47,S=1 || L2:[sp=C,3] Y=41,C=1,R=1,K=5,X=1,S=1",-428005.0,-163324000.0,1,X|C,1
K,153,R,2,X,1,K,6,C,3,Y,17,S,1,X,2,Y,17,C,1,R,1,K,5,S,1,X,1,"L1:[sp=K,153] R=2,X=1,K=6,C=3,Y=17,S=1 || L2:[sp=X,2] Y=17,C=1,R=1,K=5,S=1,X=1",-8546497.0,-163323000.0,1,K|X,1
X,153,C,1,R,1,X,1,Y,47,K,6,S,2,K,3,Y,11,S,1,R,1,K,3,C,1,X,1,"L1:[sp=X,153] C=1,R=1,X=1,Y=47,K=6,S=2 || L2:[sp=K,3] Y=11,S=1,R=1,K=3,C=1,X=1",-1600633.0,-163323000.0,1,X|K,1
X,153,R,3,X,1,K,6,C,3,Y,47,S,1,C,3,Y,41,C,1,R,1,K,5,S,1,X,1,"L1:[sp=X,153] R=3,X=1,K=6,C=3,Y=47,S=1 || L2:[sp=C,3] Y=41,C=1,R=1,K=5,S=1,X=1",-448645.0,-163324000.0,1,X|C,1
K,153,C,1,Y,47,X,1,R,1,K,12,S,1,X,3,Y,41,S,1,R,1,K,3,C,1,X,1,"L1:[sp=K,153] C=1,Y=47,X=1,R=1,K=12,S=1 || L2:[sp=X,3] Y=41,S=1,R=1,K=3,C=1,X=1",-14109985.0,-163323000.0,1,K|X,1
C,153,R,1,X,1,K,6,Y,5,C,3,S,1,X,3,R,1,X,1,Y,5,C,1,S,1,K,3,"L1:[sp=C,153] R=1,X=1,K=6,Y=5,C=3,S=1 || L2:[sp=X,3] R=1,X=1,Y=5,C=1,S=1,K=3",-90810721.0,-163323000.0,1,C|X,1
X,153,R,1,X,1,K,6,C,3,Y,47,S,1,C,3,Y,41,C,1,R,1,K,5,X,1,S,1,"L1:[sp=X,153] R=1,X=1,K=6,C=3,Y=47,S=1 || L2:[sp=C,3] Y=41,C=1,R=1,K=5,X=1,S=1",-428005.0,-163324000.0,1,X|C,1
X,153,R,1,X,45,K,6,C,3,Y,17,S,1,K,2,Y,17,C,1,R,1,K,5,S,1,X,1,"L1:[sp=X,153] R=1,X=45,K=6,C=3,Y=17,S=1 || L2:[sp=K,2] Y=17,C=1,R=1,K=5,S=1,X=1",-15905737.0,-163324000.0,1,X|K,1
X,153,K,6,Y,17,X,1,R,1,C,3,S,2,K,3,Y,17,X,1,R,1,C,1,K,2,S,1,"L1:[sp=X,153] K=6,Y=17,X=1,R=1,C=3,S=2 || L2:[sp=K,3] Y=17,X=1,R=1,C=1,K=2,S=1",-1134673.0,-163323000.0,1,X|K,1
X,153,R,1,X,1,K,6,C,3,Y,47,S,1,K,2,Y,41,C,1,R,1,K,5,S,1,X,1,"L1:[sp=X,153] R=1,X=1,K=6,C=3,Y=47,S=1 || L2:[sp=K,2] Y=41,C=1,R=1,K=5,S=1,X=1",-865756.0,-163324000.0,1,X|K,1
C,153,R,1,X,1,K,6,C,3,Y,47,S,1,C,3,Y,41,C,1,R,1,K,5,X,1,S,1,"L1:[sp=C,153] R=1,X=1,K=6,C=3,Y=47,S=1 || L2:[sp=C,3] Y=41,C=1,R=1,K=5,X=1,S=1",-23968225.0,-163323000.0,1,C|C,1
X,153,C,3,Y,47,X,1,R,1,K,6,S,1,K,3,Y,41,S,1,R,1,C,1,K,2,X,1,"L1:[sp=X,153] C=3,Y=47,X=1,R=1,K=6,S=1 || L2:[sp=K,3] Y=41,S=1,R=1,C=1,K=2,X=1",-462925.0,-163324000.0,1,X|K,1
X,153,R,1,X,1,K,6,C,3,Y,47,S,2,C,3,Y,41,C,1,R,1,K,5,S,1,X,1,"L1:[sp=X,153] R=1,X=1,K=6,C=3,Y=47,S=2 || L2:[sp=C,3] Y=41,C=1,R=1,K=5,S=1,X=1",-853369.0,-163324000.0,1,X|C,1
X,153,R,1,X,170,K,6,C,3,Y,47,S,1,C,3,Y,41,K,5,R,1,C,1,S,1,X,1,"L1:[sp=X,153] R=1,X=170,K=6,C=3,Y=47,S=1 || L2:[sp=C,3] Y=41,K=5,R=1,C=1,S=1,X=1",-inf,-inf,0,X|C,1
X,153,C,2,Y,47,X,1,R,1,K,6,S,1,K,3,Y,31,S,1,R,1,C,1,K,3,X,1,"L1:[sp=X,153] C=2,Y=47,X=1,R=1,K=6,S=1 || L2:[sp=K,3] Y=31,S=1,R=1,C=1,K=3,X=1",-841501.0,-163323000.0,1,X|K,1
X,153,R,1,X,1,K,6,Y,71,C,3,S,1,X,1,Y,17,X,1,R,1,C,1,S,1,K,3,"L1:[sp=X,153] R=1,X=1,K=6,Y=71,C=3,S=1 || L2:[sp=X,1] Y=17,X=1,R=1,C=1,S=1,K=3",-inf,-inf,0,X|X,1
X,153,R,1,X,1,K,6,C,3,Y,17,S,1,X,1,Y,17,X,1,R,1,K,5,S,1,C,1,"L1:[sp=X,153] R=1,X=1,K=6,C=3,Y=17,S=1 || L2:[sp=X,1] Y=17,X=1,R=1,K=5,S=1,C=1",-786745.0,-163324000.0,1,X|X,1
X,153,C,2,Y,47,X,179,R,1,K,6,S,1,K,3,Y,41,S,1,R,1,K,3,C,1,X,1,"L1:[sp=X,153] C=2,Y=47,X=179,R=1,K=6,S=1 || L2:[sp=K,3] Y=41,S=1,R=1,K=3,C=1,X=1",-inf,-inf,0,X|K,1
X,153,R,1,X,1,K,6,C,3,Y,47,S,1,C,3,Y,41,C,1,R,1,K,5,S,1,X,1,"L1:[sp=X,153] R=1,X=1,K=6,C=3,Y=47,S=1 || L2:[sp=C,3] Y=41,C=1,R=1,K=5,S=1,X=1",-428005.0,-163324000.0,1,X|C,1
X,153,C,2,Y,35,X,1,R,1,K,6,S,1,K,3,Y,17,S,1,R,1,C,1,K,3,X,1,"L1:[sp=X,153] C=2,Y=35,X=1,R=1,K=6,S=1 || L2:[sp=K,3] Y=17,S=1,R=1,C=1,K=3,X=1",-757549.0,-163323000.0,1,X|K,1
X,153,R,1,X,1,K,6,S,1,Y,17,C,3,X,1,Y,17,X,1,R,1,K,5,S,1,C,1,"L1:[sp=X,153] R=1,X=1,K=6,S=1,Y=17,C=3 || L2:[sp=X,1] Y=17,X=1,R=1,K=5,S=1,C=1",-786745.0,-163324000.0,1,X|X,1
X,153,R,1,X,1,K,24,Y,71,C,3,S,1,C,3,Y,17,X,1,R,1,C,1,S,1,K,3,"L1:[sp=X,153] R=1,X=1,K=24,Y=71,C=3,S=1 || L2:[sp=C,3] Y=17,X=1,R=1,C=1,S=1,K=3",-inf,-inf,0,X|C,1
X,153,R,3,X,1,K,6,C,2,Y,47,S,1,C,3,Y,41,C,2,R,1,K,5,X,1,S,1,"L1:[sp=X,153] R=3,X=1,K=6,C=2,Y=47,S=1 || L2:[sp=C,3] Y=41,C=2,R=1,K=5,X=1,S=1",-inf,-inf,0,X|C,1
X,153,R,1,X,1,K,6,C,3,Y,17,S,2,X,1,Y,17,X,1,R,1,K,5,S,1,C,1,"L1:[sp=X,153] R=1,X=1,K=6,C=3,Y=17,S=2 || L2:[sp=X,1] Y=17,X=1,R=1,K=5,S=1,C=1",-1569793.0,-163324000.0,1,X|X,1
C,153,R,1,X,1,K,6,C,3,Y,47,S,1,X,3,K,5,C,1,R,1,Y,41,S,1,X,1,"L1:[sp=C,153] R=1,X=1,K=6,C=3,Y=47,S=1 || L2:[sp=X,3] K=5,C=1,R=1,Y=41,S=1,X=1",-71682913.0,-163323000.0,1,C|X,1
X,153,R,3,X,1,K,6,C,3,Y,47,S,1,C,1,Y,41,C,1,R,1,K,5,S,1,X,1,"L1:[sp=X,153] R=3,X=1,K=6,C=3,Y=47,S=1 || L2:[sp=C,1] Y=41,C=1,R=1,K=5,S=1,X=1",-inf,-inf,0,X|C,1
X,153,R,3,X,1,K,6,Y,129,C,3,S,1,C,3,Y,17,X,1,R,1,C,1,S,1,K,3,"L1:[sp=X,153] R=3,X=1,K=6,Y=129,C=3,S=1 || L2:[sp=C,3] Y=17,X=1,R=1,C=1,S=1,K=3",-inf,-inf,0,X|C,1
X,153,C,2,R,1,X,1,Y,47,K,6,S,1,K,3,Y,31,S,1,R,1,C,1,K,3,X,1,"L1:[sp=X,153] C=2,R=1,X=1,Y=47,K=6,S=1 || L2:[sp=K,3] Y=31,S=1,R=1,C=1,K=3,X=1",-841501.0,-163323000.0,1,X|K,1
X,153,R,1,X,1,K,6,C,3,Y,47,S,2,C,3,Y,41,C,1,R,1,K,5,S,1,X,1,"L1:[sp=X,153] R=1,X=1,K=6,C=3,Y=47,S=2 || L2:[sp=C,3] Y=41,C=1,R=1,K=5,S=1,X=1",-853369.0,-163324000.0,1,X|C,1
Y,153,R,1,X,1,K,6,C,3,Y,47,S,1,C,3,Y,41,C,1,R,1,K,5,X,1,S,1,"L1:[sp=Y,153] R=1,X=1,K=6,C=3,Y=47,S=1 || L2:[sp=C,3] Y=41,C=1,R=1,K=5,X=1,S=1",-5802049.0,-163324000.0,1,Y|C,1
X,153,R,3,X,1,K,6,Y,71,C,3,S,1,Y,1,Y,17,X,1,R,1,K,3,S,1,C,1,"L1:[sp=X,153] R=3,X=1,K=6,Y=71,C=3,S=1 || L2:[sp=Y,1] Y=17,X=1,R=1,K=3,S=1,C=1",-inf,-inf,0,X|Y,1
K,153,C,2,Y,47,X,1,R,3,K,6,S,1,X,3,Y,31,S,1,R,3,C,1,K,3,X,1,"L1:[sp=K,153] C=2,Y=47,X=1,R=3,K=6,S=1 || L2:[sp=X,3] Y=31,S=1,R=3,C=1,K=3,X=1",-8534401.0,-163323000.0,1,K|X,1
C,153,R,1,X,31,K,6,Y,71,C,3,S,1,X,3,Y,17,X,1,K,3,R,1,S,1,C,1,"L1:[sp=C,153] R=1,X=31,K=6,Y=71,C=3,S=1 || L2:[sp=X,3] Y=17,X=1,K=3,R=1,S=1,C=1",-30796129.0,-163323000.0,1,C|X,1
X,153,C,1,Y,47,X,1,R,2,K,6,S,1,K,3,Y,41,S,1,R,1,C,1,K,2,X,1,"L1:[sp=X,153] C=1,Y=47,X=1,R=2,K=6,S=1 || L2:[sp=K,3] Y=41,S=1,R=1,C=1,K=2,X=1",-476785.0,-163323000.0,1,X|K,1
X,153,R,1,X,1,K,6,C,3,Y,47,S,1,C,3,Y,23,C,1,R,1,K,5,X,1,S,1,"L1:[sp=X,153] R=1,X=1,K=6,C=3,Y=47,S=1 || L2:[sp=C,3] Y=23,C=1,R=1,K=5,X=1,S=1",-467533.0,-163324000.0,1,X|C,1
X,153,R,1,X,1,K,6,C,3,Y,47,S,1,C,3,Y,41,C,1,R,1,K,5,X,1,S,1,"L1:[sp=X,153] R=1,X=1,K=6,C=3,Y=47,S=1 || L2:[sp=C,3] Y=41,C=1,R=1,K=5,X=1,S=1",-428005.0,-163324000.0,1,X|C,1
X,153,R,1,X,1,K,6,S,1,Y,75,C,3,C,3,Y,41,R,1,C,1,K,5,S,1,X,1,"L1:[sp=X,153] R=1,X=1,K=6,S=1,Y=75,C=3 || L2:[sp=C,3] Y=41,R=1,C=1,K=5,S=1,X=1",-495289.0,-163324000.0,1,X|C,1
K,153,R,1,X,1,K,6,C,3,Y,17,S,1,X,1,Y,17,X,1,R,1,K,5,S,1,C,1,"L1:[sp=K,153] R=1,X=1,K=6,C=3,Y=17,S=1 || L2:[sp=X,1] Y=17,X=1,R=1,K=5,S=1,C=1",-8664769.0,-163323000.0,1,K|X,1
X,153,C,3,Y,47,X,1,R,1,K,6,S,1,K,3,Y,41,S,1,R,1,C,1,K,4,X,1,"L1:[sp=X,153] C=3,Y=47,X=1,R=1,K=6,S=1 || L2:[sp=K,3] Y=41,S=1,R=1,C=1,K=4,X=1",-923869.0,-163324000.0,1,X|K,1
X,153,R,1,X,1,K,6,C,3,Y,47,S,1,C,3,Y,41,C,1,R,1,K,5,S,1,X,1,"L1:[sp=X,153] R=1,X=1,K=6,C=3,Y=47,S=1 || L2:[sp=C,3] Y=41,C=1,R=1,K=5,S=1,X=1",-428005.0,-163324000.0,1,X|C,1
X,153,K,6,Y,35,X,1,R,1,C,2,S,1,K,3,Y,17,S,1,R,1,C,1,K,3,X,1,"L1:[sp=X,153] K=6,Y=35,X=1,R=1,C=2,S=1 || L2:[sp=K,3] Y=17,S=1,R=1,C=1,K=3,X=1",-757549.0,-163323000.0,1,X|K,1
X,153,R,1,X,1,K,6,S,1,Y,75,C,3,C,3,Y,41,R,1,C,1,K,5,S,1,X,1,"L1:[sp=X,153] R=1,X=1,K=6,S=1,Y=75,C=3 || L2:[sp=C,3] Y=41,R=1,C=1,K=5,S=1,X=1",-495289.0,-163324000.0,1,X|C,1
X,153,R,1,X,1,K,6,C,3,Y,47,S,1,C,3,Y,31,C,1,R,1,K,5,S,1,X,1,"L1:[sp=X,153] R=1,X=1,K=6,C=3,Y=47,S=1 || L2:[sp=C,3] Y=31,C=1,R=1,K=5,S=1,X=1",-518041.0,-163324000.0,1,X|C,1
X,153,C,2,R,2,X,1,Y,47,K,6,S,1,K,3,Y,41,S,1,R,1,C,1,K,3,X,1,"L1:[sp=X,153] C=2,R=2,X=1,Y=47,K=6,S=1 || L2:[sp=K,3] Y=41,S=1,R=1,C=1,K=3,X=1",-711877.0,-163324000.0,1,X|K,1
X,153,R,1,X,1,K,6,C,3,Y,47,S,1,C,3,Y,23,C,1,R,1,K,3,X,1,S,1,"L1:[sp=X,153] R=1,X=1,K=6,C=3,Y=47,S=1 || L2:[sp=C,3] Y=23,C=1,R=1,K=3,X=1,S=1",-505693.0,-163323000.0,1,X|C,1
X,153,R,1,X,1,K,6,C,3,Y,47,S,1,C,3,Y,38,C,1,R,1,K,6,X,1,S,1,"L1:[sp=X,153] R=1,X=1,K=6,C=3,Y=47,S=1 || L2:[sp=C,3] Y=38,C=1,R=1,K=6,X=1,S=1",-inf,-inf,0,X|C,1
X,153,R,1,X,30,C,3,S,1,Y,17,K,6,X,1,Y,16,X,1,R,1,K,5,S,1,C,1,"L1:[sp=X,153] R=1,X=30,C=3,S=1,Y=17,K=6 || L2:[sp=X,1] Y=16,X=1,R=1,K=5,S=1,C=1",-10970407.0,-163324000.0,1,X|X,1
X,153,R,1,X,1,K,6,C,3,Y,47,S,1,C,3,Y,41,K,5,R,1,C,1,X,1,S,1,"L1:[sp=X,153] R=1,X=1,K=6,C=3,Y=47,S=1 || L2:[sp=C,3] Y=41,K=5,R=1,C=1,X=1,S=1",-428005.0,-163324000.0,1,X|C,1
X,153,R,1,X,1,K,6,C,3,Y,47,S,3,C,3,Y,23,C,1,R,1,K,5,X,1,S,1,"L1:[sp=X,153] R=1,X=1,K=6,C=3,Y=47,S=3 || L2:[sp=C,3] Y=23,C=1,R=1,K=5,X=1,S=1",-1397317.0,-163324000.0,1,X|C,1
X,153,R,1,X,1,K,6,S,1,Y,17,C,3,X,1,Y,17,X,1,R,1,K,5,S,1,C,1,"L1:[sp=X,153] R=1,X=1,K=6,S=1,Y=17,C=3 || L2:[sp=X,1] Y=17,X=1,R=1,K=5,S=1,C=1",-786745.0,-163324000.0,1,X|X,1
X,153,R,1,X,1,K,6,C,3,Y,173,S,1,C,3,Y,41,C,1,R,1,K,5,S,1,X,1,"L1:[sp=X,153] R=1,X=1,K=6,C=3,Y=173,S=1 || L2:[sp=C,3] Y=41,C=1,R=1,K=5,S=1,X=1",-inf,-inf,0,X|C,1
C,153,C,2,R,1,X,1,Y,47,K,6,S,1,X,1,Y,31,C,1,R,1,S,1,K,6,X,1,"L1:[sp=C,153] C=2,R=1,X=1,Y=47,K=6,S=1 || L2:[sp=X,1] Y=31,C=1,R=1,S=1,K=6,X=1",-62647201.0,-163323000.0,1,C|X,1
X,153,R,1,X,1,K,37,C,3,Y,47,S,1,C,3,S,1,C,1,R,1,K,5,X,1,Y,23,"L1:[sp=X,153] R=1,X=1,K=37,C=3,Y=47,S=1 || L2:[sp=C,3] S=1,C=1,R=1,K=5,X=1,Y=23",-inf,-inf,0,X|C,1
C,153,C,2,R,1,X,1,Y,116,K,6,S,1,K,3,Y,31,S,1,R,1,C,1,K,3,X,1,"L1:[sp=C,153] C=2,R=1,X=1,Y=116,K=6,S=1 || L2:[sp=K,3] Y=31,S=1,R=1,C=1,K=3,X=1",-30913345.0,-163323000.0,1,C|K,1
X,153,R,1,K,6,X,1,S,1,Y,17,C,3,Y,17,Y,17,X,1,R,1,K,5,S,1,C,1,"L1:[sp=X,153] R=1,K=6,X=1,S=1,Y=17,C=3 || L2:[sp=Y,17] Y=17,X=1,R=1,K=5,S=1,C=1",-9834301.0,-163323000.0,1,X|Y,1
X,153,R,1,X,130,K,6,C,3,Y,47,S,1,C,3,Y,23,C,1,R,1,K,5,X,1,S,1,"L1:[sp=X,153] R=1,X=130,K=6,C=3,Y=47,S=1 || L2:[sp=C,3] Y=23,C=1,R=1,K=5,X=1,S=1",-inf,-inf,0,X|C,1
X,153,X,1,R,1,K,6,C,3,Y,47,S,1,C,3,Y,7,C,1,R,1,K,5,X,1,S,1,"L1:[sp=X,153] X=1,R=1,K=6,C=3,Y=47,S=1 || L2:[sp=C,3] Y=7,C=1,R=1,K=5,X=1,S=1",-502669.0,-163323000.0,1,X|C,1
X,153,R,1,X,1,K,6,C,3,Y,89,S,1,C,3,Y,41,C,1,R,1,K,5,S,1,X,1,"L1:[sp=X,153] R=1,X=1,K=6,C=3,Y=89,S=1 || L2:[sp=C,3] Y=41,C=1,R=1,K=5,S=1,X=1",-497485.0,-163324000.0,1,X|C,1
X,153,R,1,X,1,K,6,C,3,Y,47,S,1,C,3,Y,41,C,1,R,1,K,5,X,1,S,1,"L1:[sp=X,153] R=1,X=1,K=6,C=3,Y=47,S=1 || L2:[sp=C,3] Y=41,C=1,R=1,K=5,X=1,S=1",-428005.0,-163324000.0,1,X|C,1
X,153,C,2,Y,35,X,1,R,3,K,6,S,1,K,3,Y,17,S,1,R,1,C,1,K,3,X,1,"L1:[sp=X,153] C=2,Y=35,X=1,R=3,K=6,S=1 || L2:[sp=K,3] Y=17,S=1,R=1,C=1,K=3,X=1",-803749.0,-163323000.0,1,X|K,1
X,153,R,1,X,1,K,6,C,3,Y,47,S,1,C,3,Y,41,C,1,R,1,K,5,S,1,X,1,"L1:[sp=X,153] R=1,X=1,K=6,C=3,Y=47,S=1 || L2:[sp=C,3] Y=41,C=1,R=1,K=5,S=1,X=1",-428005.0,-163324000.0,1,X|C,1
X,153,R,1,X,1,K,6,S,1,Y,75,C,3,C,3,Y,41,R,1,C,1,K,5,S,1,X,1,"L1:[sp=X,153] R=1,X=1,K=6,S=1,Y=75,C=3 || L2:[sp=C,3] Y=41,R=1,C=1,K=5,S=1,X=1",-495289.0,-163324000.0,1,X|C,1
X,153,R,3,X,1,K,6,S,1,Y,89,C,3,C,3,Y,41,C,1,R,1,K,5,S,1,X,1,"L1:[sp=X,153] R=3,X=1,K=6,S=1,Y=89,C=3 || L2:[sp=C,3] Y=41,C=1,R=1,K=5,S=1,X=1",-509869.0,-163324000.0,1,X|C,1
X,153,R,1,C,3,K,6,X,1,Y,47,S,1,C,3,Y,30,K,5,R,1,C,1,X,1,S,1,"L1:[sp=X,153] R=1,C=3,K=6,X=1,Y=47,S=1 || L2:[sp=C,3] Y=30,K=5,R=1,C=1,X=1,S=1",-518041.0,-163324000.0,1,X|C,1
X,153,R,1,X,1,K,6,C,3,Y,89,S,1,X,1,Y,41,C,1,R,1,K,5,S,1,X,1,"L1:[sp=X,153] R=1,X=1,K=6,C=3,Y=89,S=1 || L2:[sp=X,1] Y=41,C=1,R=1,K=5,S=1,X=1",-inf,-inf,0,X|X,1
X,153,R,1,X,1,K,45,S,1,Y,47,C,3,C,3,Y,41,R,1,C,2,K,5,S,1,X,1,"L1:[sp=X,153] R=1,X=1,K=45,S=1,Y=47,C=3 || L2:[sp=C,3] Y=41,R=1,C=2,K=5,S=1,X=1",-inf,-inf,0,X|C,1
C,153,R,1,X,1,K,6,C,3,Y,75,S,3,X,3,Y,41,C,1,R,1,K,5,X,1,S,1,"L1:[sp=C,153] R=1,X=1,K=6,C=3,Y=75,S=3 || L2:[sp=X,3] Y=41,C=1,R=1,K=5,X=1,S=1",-82289629.0,-163324000.0,1,C|X,1
X,153,R,1,X,1,K,6,C,3,Y,47,S,1,C,3,Y,43,C,1,R,1,K,6,X,1,S,1,"L1:[sp=X,153] R=1,X=1,K=6,C=3,Y=47,S=1 || L2:[sp=C,3] Y=43,C=1,R=1,K=6,X=1,S=1",-inf,-inf,0,X|C,1
X,153,R,1,X,1,K,6,C,3,Y,47,S,1,C,3,Y,16,C,1,R,1,K,5,X,1,S,1,"L1:[sp=X,153] R=1,X=1,K=6,C=3,Y=47,S=1 || L2:[sp=C,3] Y=16,C=1,R=1,K=5,X=1,S=1",-518041.0,-163323000.0,1,X|C,1
Y,153,R,1,X,1,K,49,C,3,Y,47,S,1,C,3,Y,41,C,1,R,1,K,5,X,1,S,1,"L1:[sp=Y,153] R=1,X=1,K=49,C=3,Y=47,S=1 || L2:[sp=C,3] Y=41,C=1,R=1,K=5,X=1,S=1",-6068161.0,-163324000.0,1,Y|C,1
X,153,R,1,X,195,C,1,K,6,Y,89,S,1,C,3,K,5,C,1,R,1,Y,41,S,1,X,1,"L1:[sp=X,153] R=1,X=195,C=1,K=6,Y=89,S=1 || L2:[sp=C,3] K=5,C=1,R=1,Y=41,S=1,X=1",-inf,-inf,0,X|C,1
X,153,R,1,X,1,K,6,C,3,Y,47,S,1,C,3,Y,23,C,1,R,1,K,5,X,1,S,1,"L1:[sp=X,153] R=1,X=1,K=6,C=3,Y=47,S=1 || L2:[sp=C,3] Y=23,C=1,R=1,K=5,X=1,S=1",-467533.0,-163324000.0,1,X|C,1
X,153,R,1,X,1,K,6,C,3,Y,47,S,1,Y,47,K,3,C,1,R,1,Y,41,X,1,S,1,"L1:[sp=X,153] R=1,X=1,K=6,C=3,Y=47,S=1 || L2:[sp=Y,47] K=3,C=1,R=1,Y=41,X=1,S=1",-27435376.0,-163323000.0,1,X|Y,1
K,153,R,1,X,1,K,6,C,2,Y,47,S,1,X,2,Y,41,K,5,R,1,C,1,X,1,S,1,"L1:[sp=K,153] R=1,X=1,K=6,C=2,Y=47,S=1 || L2:[sp=X,2] Y=41,K=5,R=1,C=1,X=1,S=1",-7060033.0,-163324000.0,1,K|X,1
X,153,X,1,R,1,K,6,C,3,Y,47,S,1,X,1,Y,7,C,1,R,1,K,5,X,1,S,1,"L1:[sp=X,153] X=1,R=1,K=6,C=3,Y=47,S=1 || L2:[sp=X,1] Y=7,C=1,R=1,K=5,X=1,S=1",-inf,-inf,0,X|X,1
X,153,X,1,R,1,K,6,C,3,Y,47,S,1,C,3,Y,7,C,1,R,1,K,5,X,1,S,1,"L1:[sp=X,153] X=1,R=1,K=6,C=3,Y=47,S=1 || L2:[sp=C,3] Y=7,C=1,R=1,K=5,X=1,S=1",-502669.0,-163323000.0,1,X|C,1
Y,153,R,1,X,1,K,6,C,3,Y,89,S,1,X,89,Y,41,C,1,R,1,K,5,S,1,X,1,"L1:[sp=Y,153] R=1,X=1,K=6,C=3,Y=89,S=1 || L2:[sp=X,89] Y=41,C=1,R=1,K=5,S=1,X=1",-83444257.0,-163324000.0,1,Y|X,1
X,153,R,1,X,1,K,6,C,3,Y,47,S,1,K,2,Y,41,C,1,R,1,K,5,X,1,S,1,"L1:[sp=X,153] R=1,X=1,K=6,C=3,Y=47,S=1 || L2:[sp=K,2] Y=41,C=1,R=1,K=5,X=1,S=1",-865756.0,-163324000.0,1,X|K,1
X,153,R,1,X,1,K,50,C,3,Y,47,S,1,C,3,Y,41,K,5,R,1,C,1,X,1,S,1,"L1:[sp=X,153] R=1,X=1,K=50,C=3,Y=47,S=1 || L2:[sp=C,3] Y=41,K=5,R=1,C=1,X=1,S=1",-inf,-inf,0,X|C,1
Y,153,R,1,X,1,K,6,C,3,Y,47,S,3,C,3,Y,41,K,5,R,1,C,1,X,1,S,1,"L1:[sp=Y,153] R=1,X=1,K=6,C=3,Y=47,S=3 || L2:[sp=C,3] Y=41,K=5,R=1,C=1,X=1,S=1",-17192125.0,-163324000.0,1,Y|C,1
X,153,R,1,X,75,K,12,C,3,Y,47,S,1,C,3,X,1,C,1,R,1,K,5,S,1,Y,31,"L1:[sp=X,153] R=1,X=75,K=12,C=3,Y=47,S=1 || L2:[sp=C,3] X=1,C=1,R=1,K=5,S=1,Y=31",-inf,-inf,0,X|C,1
X,153,R,1,X,1,K,6,C,3,Y,47,S,1,C,3,Y,41,C,1,R,1,K,5,S,1,X,1,"L1:[sp=X,153] R=1,X=1,K=6,C=3,Y=47,S=1 || L2:[sp=C,3] Y=41,C=1,R=1,K=5,S=1,X=1",-428005.0,-163324000.0,1,X|C,1
X,153,X,1,R,1,K,6,C,3,Y,47,S,1,C,3,Y,18,C,1,R,1,K,5,X,1,S,1,"L1:[sp=X,153] X=1,R=1,K=6,C=3,Y=47,S=1 || L2:[sp=C,3] Y=18,C=1,R=1,K=5,X=1,S=1",-493885.0,-163323000.0,1,X|C,1
X,153,R,1,X,1,K,6,C,3,Y,47,S,1,C,3,Y,41,C,1,R,1,K,5,S,1,X,1,"L1:[sp=X,153] R=1,X=1,K=6,C=3,Y=47,S=1 || L2:[sp=C,3] Y=41,C=1,R=1,K=5,S=1,X=1",-428005.0,-163324000.0,1,X|C,1
X,153,R,3,X,150,K,6,S,1,Y,89,C,3,C,3,Y,41,C,1,R,1,K,5,S,1,X,1,"L1:[sp=X,153] R=3,X=150,K=6,S=1,Y=89,C=3 || L2:[sp=C,3] Y=41,C=1,R=1,K=5,S=1,X=1",-inf,-inf,0,X|C,1
X,153,R,1,X,1,Y,186,C,3,K,6,S,1,C,3,Y,23,C,1,R,1,K,5,X,1,S,1,"L1:[sp=X,153] R=1,X=1,Y=186,C=3,K=6,S=1 || L2:[sp=C,3] Y=23,C=1,R=1,K=5,X=1,S=1",-inf,-inf,0,X|C,1
X,153,R,1,C,2,K,6,X,1,Y,47,S,1,C,3,Y,30,K,5,R,1,X,1,C,1,S,1,"L1:[sp=X,153] R=1,C=2,K=6,X=1,Y=47,S=1 || L2:[sp=C,3] Y=30,K=5,R=1,X=1,C=1,S=1",-1036081.0,-163324000.0,1,X|C,1
K,153,X,1,R,1,S,1,C,3,Y,47,K,6,C,3,Y,37,C,1,R,1,K,5,X,1,S,1,"L1:[sp=K,153] X=1,R=1,S=1,C=3,Y=47,K=6 || L2:[sp=C,3] Y=37,C=1,R=1,K=5,X=1,S=1",-2405089.0,-163323000.0,1,K|C,1
C,153,R,2,C,3,K,6,X,174,Y,47,S,1,X,3,Y,7,K,5,R,1,C,1,X,1,S,1,"L1:[sp=C,153] R=2,C=3,K=6,X=174,Y=47,S=1 || L2:[sp=X,3] Y=7,K=5,R=1,C=1,X=1,S=1",-inf,-inf,0,C|X,1
X,153,X,1,R,1,K,6,C,3,Y,161,S,3,C,3,Y,9,C,1,R,1,K,5,X,1,S,1,"L1:[sp=X,153] X=1,R=1,K=6,C=3,Y=161,S=3 || L2:[sp=C,3] Y=9,C=1,R=1,K=5,X=1,S=1",-inf,-inf,0,X|C,1
X,153,R,3,C,3,S,1,X,1,Y,89,K,6,C,3,Y,41,K,5,R,1,C,1,X,1,S,1,"L1:[sp=X,153] R=3,C=3,S=1,X=1,Y=89,K=6 || L2:[sp=C,3] Y=41,K=5,R=1,C=1,X=1,S=1",-509869.0,-163324000.0,1,X|C,1
C,153,R,1,X,1,K,6,S,1,Y,47,C,3,X,3,Y,30,C,1,R,1,K,5,S,1,X,1,"L1:[sp=C,153] R=1,X=1,K=6,S=1,Y=47,C=3 || L2:[sp=X,3] Y=30,C=1,R=1,K=5,S=1,X=1",-86808961.0,-163323000.0,1,C|X,1
X,153,R,1,X,1,K,6,C,3,Y,76,S,1,C,3,Y,75,C,1,R,1,K,5,X,1,S,1,"L1:[sp=X,153] R=1,X=1,K=6,C=3,Y=76,S=1 || L2:[sp=C,3] Y=75,C=1,R=1,K=5,X=1,S=1",-inf,-inf,0,X|C,1
X,153,R,1,X,33,K,6,S,1,Y,75,C,3,C,3,Y,41,R,1,C,1,K,5,S,1,X,1,"L1:[sp=X,153] R=1,X=33,K=6,S=1,Y=75,C=3 || L2:[sp=C,3] Y=41,R=1,C=1,K=5,S=1,X=1",-inf,-inf,0,X|C,1
X,153,R,1,X,1,K,6,C,2,Y,47,S,1,C,3,Y,41,C,1,X,1,K,5,S,1,R,1,"L1:[sp=X,153] R=1,X=1,K=6,C=2,Y=47,S=1 || L2:[sp=C,3] Y=41,C=1,X=1,K=5,S=1,R=1",-856009.0,-163324000.0,1,X|C,1
X,153,R,1,X,1,K,6,C,1,Y,47,S,1,C,3,Y,23,C,1,R,1,K,5,X,1,S,1,"L1:[sp=X,153] R=1,X=1,K=6,C=1,Y=47,S=1 || L2:[sp=C,3] Y=23,C=1,R=1,K=5,X=1,S=1",-1402597.0,-163323000.0,1,X|C,1
X,153,X,1,R,3,K,6,C,3,Y,47,S,1,C,3,Y,16,C,1,R,1,K,5,X,1,S,1,"L1:[sp=X,153] X=1,R=3,K=6,C=3,Y=47,S=1 || L2:[sp=C,3] Y=16,C=1,R=1,K=5,X=1,S=1",-503545.0,-163323000.0,1,X|C,1
X,153,R,1,X,1,K,6,C,3,Y,47,S,1,C,3,Y,7,C,1,R,1,K,5,X,1,S,1,"L1:[sp=X,153] R=1,X=1,K=6,C=3,Y=47,S=1 || L2:[sp=C,3] Y=7,C=1,R=1,K=5,X=1,S=1",-502669.0,-163323000.0,1,X|C,1
X,153,R,1,X,1,K,6,C,3,Y,75,S,1,Y,5,Y,41,C,2,R,1,K,5,X,1,S,1,"L1:[sp=X,153] R=1,X=1,K=6,C=3,Y=75,S=1 || L2:[sp=Y,5] Y=41,C=2,R=1,K=5,X=1,S=1",-inf,-inf,0,X|Y,1
X,153,R,1,X,1,K,6,S,1,Y,179,C,3,C,3,Y,23,R,1,C,1,K,5,S,1,X,1,"L1:[sp=X,153] R=1,X=1,K=6,S=1,Y=179,C=3 || L2:[sp=C,3] Y=23,R=1,C=1,K=5,S=1,X=1",-inf,-inf,0,X|C,1
X,153,X,1,R,1,K,6,C,3,Y,47,S,1,K,2,Y,7,C,1,R,1,K,5,X,1,S,1,"L1:[sp=X,153] X=1,R=1,K=6,C=3,Y=47,S=1 || L2:[sp=K,2] Y=7,C=1,R=1,K=5,X=1,S=1",-1017226.0,-163324000.0,1,X|K,1
X,153,X,1,R,1,K,64,C,3,Y,47,S,1,C,3,Y,41,C,1,R,1,K,5,X,1,S,1,"L1:[sp=X,153] X=1,R=1,K=64,C=3,Y=47,S=1 || L2:[sp=C,3] Y=41,C=1,R=1,K=5,X=1,S=1",-inf,-inf,0,X|C,1
X,153,R,1,X,1,K,6,C,3,Y,47,S,1,C,3,Y,41,C,1,R,1,K,5,S,1,X,1,"L1:[sp=X,153] R=1,X=1,K=6,C=3,Y=47,S=1 || L2:[sp=C,3] Y=41,C=1,R=1,K=5,S=1,X=1",-428005.0,-163324000.0,1,X|C,1
X,153,X,35,R,1,K,6,C,3,Y,47,S,1,K,2,Y,7,C,1,R,1,K,3,X,1,S,1,"L1:[sp=X,153] X=35,R=1,K=6,C=3,Y=47,S=1 || L2:[sp=K,2] Y=7,C=1,R=1,K=3,X=1,S=1",-inf,-inf,0,X|K,1
C,153,X,1,R,1,K,6,C,3,Y,47,S,1,X,3,Y,18,C,1,R,1,K,5,X,1,S,1,"L1:[sp=C,153] X=1,R=1,K=6,C=3,Y=47,S=1 || L2:[sp=X,3] Y=18,C=1,R=1,K=5,X=1,S=1",-82750753.0,-163323000.0,1,C|X,1
X,153,R,1,X,1,K,6,C,3,Y,47,S,1,C,3,Y,46,C,1,R,1,K,5,S,1,X,1,"L1:[sp=X,153] R=1,X=1,K=6,C=3,Y=47,S=1 || L2:[sp=C,3] Y=46,C=1,R=1,K=5,S=1,X=1",-inf,-inf,0,X|C,1
X,153,X,1,R,2,K,6,C,3,Y,47,S,1,C,3,Y,16,C,1,R,1,K,5,X,1,S,1,"L1:[sp=X,153] X=1,R=2,K=6,C=3,Y=47,S=1 || L2:[sp=C,3] Y=16,C=1,R=1,K=5,X=1,S=1",-528361.0,-163323000.0,1,X|C,1
C,153,X,1,R,1,K,6,C,2,Y,47,S,1,X,3,Y,30,C,1,R,1,K,5,X,1,S,1,"L1:[sp=C,153] X=1,R=1,K=6,C=2,Y=47,S=1 || L2:[sp=X,3] Y=30,C=1,R=1,K=5,X=1,S=1",-57909601.0,-163323000.0,1,C|X,1
X,153,R,2,C,3,K,6,X,1,Y,47,S,1,C,3,Y,16,X,1,R,1,K,5,C,1,S,1,"L1:[sp=X,153] R=2,C=3,K=6,X=1,Y=47,S=1 || L2:[sp=C,3] Y=16,X=1,R=1,K=5,C=1,S=1",-528361.0,-163323000.0,1,X|C,1
X,153,Y,47,X,1,K,6,C,3,R,1,S,1,C,3,Y,41,C,1,R,1,K,5,S,1,X,1,"L1:[sp=X,153] Y=47,X=1,K=6,C=3,R=1,S=1 || L2:[sp=C,3] Y=41,C=1,R=1,K=5,S=1,X=1",-428005.0,-163324000.0,1,X|C,1
C,153,X,1,R,1,K,6,C,3,Y,47,S,1,K,2,Y,7,C,1,R,1,K,5,X,1,S,1,"L1:[sp=C,153] X=1,R=1,K=6,C=3,Y=47,S=1 || L2:[sp=K,2] Y=7,C=1,R=1,K=5,X=1,S=1",-75952801.0,-163323000.0,1,C|K,1
K,153,K,6,R,3,X,1,C,3,Y,47,S,1,C,3,Y,20,C,1,R,1,K,5,X,1,S,1,"L1:[sp=K,153] K=6,R=3,X=1,C=3,Y=47,S=1 || L2:[sp=C,3] Y=20,C=1,R=1,K=5,X=1,S=1",-2724961.0,-163323000.0,1,K|C,1
X,153,R,1,X,95,K,6,C,2,Y,47,S,1,C,3,Y,1,C,1,X,1,K,5,S,1,R,1,"L1:[sp=X,153] R=1,X=95,K=6,C=2,Y=47,S=1 || L2:[sp=C,3] Y=1,C=1,X=1,K=5,S=1,R=1",-inf,-inf,0,X|C,1
X,153,R,1,X,1,K,6,C,3,Y,47,S,1,C,3,Y,7,C,1,R,1,K,5,X,1,S,1,"L1:[sp=X,153] R=1,X=1,K=6,C=3,Y=47,S=1 || L2:[sp=C,3] Y=7,C=1,R=1,K=5,X=1,S=1",-502669.0,-163323000.0,1,X|C,1
C,153,R,3,C,3,S,1,X,1,Y,89,K,6,X,3,C,1,K,6,R,1,Y,24,X,1,S,1,"L1:[sp=C,153] R=3,C=3,S=1,X=1,Y=89,K=6 || L2:[sp=X,3] C=1,K=6,R=1,Y=24,X=1,S=1",-89834977.0,-163323000.0,1,C|X,1
X,153,R,3,C,2,K,6,X,1,Y,47,S,1,C,3,Y,34,K,5,R,1,X,1,C,1,S,1,"L1:[sp=X,153] R=3,C=2,K=6,X=1,Y=47,S=1 || L2:[sp=C,3] Y=34,K=5,R=1,X=1,C=1,S=1",-1077361.0,-163324000.0,1,X|C,1
X,153,R,1,X,1,K,6,C,3,Y,47,S,3,C,3,C,1,Y,30,R,1,K,5,X,1,S,1,"L1:[sp=X,153] R=1,X=1,K=6,C=3,Y=47,S=3 || L2:[sp=C,3] C=1,Y=30,R=1,K=5,X=1,S=1",-1548841.0,-163324000.0,1,X|C,1
X,153,X,1,R,1,K,6,C,3,Y,47,S,1,K,2,Y,47,C,1,R,1,K,5,X,1,S,1,"L1:[sp=X,153] X=1,R=1,K=6,C=3,Y=47,S=1 || L2:[sp=K,2] Y=47,C=1,R=1,K=5,X=1,S=1",-inf,-inf,0,X|K,1
C,153,X,1,R,3,K,6,C,3,Y,47,S,1,X,3,Y,16,C,1,R,1,K,5,X,1,S,1,"L1:[sp=C,153] X=1,R=3,K=6,C=3,Y=47,S=1 || L2:[sp=X,3] Y=16,C=1,R=1,K=5,X=1,S=1",-84521473.0,-163323000.0,1,C|X,1
X,153,X,1,R,1,K,34,C,3,Y,47,S,1,C,3,Y,25,C,1,R,1,K,5,X,1,S,1,"L1:[sp=X,153] X=1,R=1,K=34,C=3,Y=47,S=1 || L2:[sp=C,3] Y=25,C=1,R=1,K=5,X=1,S=1",-inf,-inf,0,X|C,1
C,153,R,1,X,1,K,6,C,3,Y,47,S,2,X,3,Y,7,C,1,R,1,K,5,X,1,S,2,"L1:[sp=C,153] R=1,X=1,K=6,C=3,Y=47,S=2 || L2:[sp=X,3] Y=7,C=1,R=1,K=5,X=1,S=2",-111727015.0,-163323000.0,1,C|X,1
X,153,R,3,X,1,K,6,C,3,Y,47,S,1,C,3,Y,41,C,1,R,1,K,5,S,1,X,1,"L1:[sp=X,153] R=3,X=1,K=6,C=3,Y=47,S=1 || L2:[sp=C,3] Y=41,C=1,R=1,K=5,S=1,X=1",-448645.0,-163324000.0,1,X|C,1
X,153,X,1,R,1,K,6,C,3,Y,47,S,2,K,2,Y,7,C,1,R,1,K,5,X,1,S,1,"L1:[sp=X,153] X=1,R=1,K=6,C=3,Y=47,S=2 || L2:[sp=K,2] Y=7,C=1,R=1,K=5,X=1,S=1",-2032471.0,-163324000.0,1,X|K,1
X,153,R,1,X,1,K,6,C,3,Y,47,S,1,C,3,Y,41,C,1,R,1,K,5,S,1,X,1,"L1:[sp=X,153] R=1,X=1,K=6,C=3,Y=47,S=1 || L2:[sp=C,3] Y=41,C=1,R=1,K=5,S=1,X=1",-428005.0,-163324000.0,1,X|C,1
X,153,X,1,R,1,K,6,C,3,Y,47,S,1,C,3,Y,41,C,1,R,1,K,5,X,1,S,1,"L1:[sp=X,153] X=1,R=1,K=6,C=3,Y=47,S=1 || L2:[sp=C,3] Y=41,C=1,R=1,K=5,X=1,S=1",-428005.0,-163324000.0,1,X|C,1
X,153,Y,198,X,1,K,6,C,3,R,2,S,1,C,3,Y,16,C,1,R,1,K,5,S,1,X,1,"L1:[sp=X,153] Y=198,X=1,K=6,C=3,R=2,S=1 || L2:[sp=C,3] Y=16,C=1,R=1,K=5,S=1,X=1",-inf,-inf,0,X|C,1
X,153,Y,47,X,1,R,3,C,3,K,6,S,1,C,3,C,1,Y,41,R,2,K,5,S,1,X,1,"L1:[sp=X,153] Y=47,X=1,R=3,C=3,K=6,S=1 || L2:[sp=C,3] C=1,Y=41,R=2,K=5,S=1,X=1",-inf,-inf,0,X|C,1
X,153,R,1,X,154,K,6,C,3,Y,47,S,1,C,3,S,1,C,1,R,1,K,5,Y,41,X,1,"L1:[sp=X,153] R=1,X=154,K=6,C=3,Y=47,S=1 || L2:[sp=C,3] S=1,C=1,R=1,K=5,Y=41,X=1",-inf,-inf,0,X|C,1
X,153,R,1,X,1,K,45,C,3,Y,47,S,3,C,3,C,1,S,1,R,1,K,5,X,1,Y,30,"L1:[sp=X,153] R=1,X=1,K=45,C=3,Y=47,S=3 || L2:[sp=C,3] C=1,S=1,R=1,K=5,X=1,Y=30",-inf,-inf,0,X|C,1
X,153,R,3,C,2,K,6,Y,47,X,1,S,1,C,3,K,5,Y,19,R,1,X,1,C,1,S,1,"L1:[sp=X,153] R=3,C=2,K=6,Y=47,X=1,S=1 || L2:[sp=C,3] K=5,Y=19,R=1,X=1,C=1,S=1",-993913.0,-163323000.0,1,X|C,1
C,153,R,3,X,1,K,6,C,3,Y,170,S,1,X,3,Y,41,C,1,R,1,K,4,S,1,X,1,"L1:[sp=C,153] R=3,X=1,K=6,C=3,Y=170,S=1 || L2:[sp=X,3] Y=41,C=1,R=1,K=4,S=1,X=1",-85557697.0,-163323000.0,1,C|X,1
X,153,R,3,C,2,K,6,X,1,Y,47,S,3,C,3,Y,3,K,5,R,1,X,1,C,1,S,1,"L1:[sp=X,153] R=3,C=2,K=6,X=1,Y=47,S=3 || L2:[sp=C,3] Y=3,K=5,R=1,X=1,C=1,S=1",-3057273.0,-163323000.0,1,X|C,1
X,153,R,3,X,1,K,6,C,3,Y,47,S,1,C,3,Y,15,C,1,R,1,K,5,S,1,X,1,"L1:[sp=X,153] R=3,X=1,K=6,C=3,Y=47,S=1 || L2:[sp=C,3] Y=15,C=1,R=1,K=5,S=1,X=1",-505741.0,-163323000.0,1,X|C,1
X,153,X,215,R,2,K,6,C,3,Y,47,S,1,C,3,Y,16,C,1,R,1,K,5,X,1,S,1,"L1:[sp=X,153] X=215,R=2,K=6,C=3,Y=47,S=1 || L2:[sp=C,3] Y=16,C=1,R=1,K=5,X=1,S=1",-inf,-inf,0,X|C,1
C,153,R,3,X,1,K,6,C,3,Y,47,S,1,C,3,Y,41,C,1,R,1,K,5,S,1,X,1,"L1:[sp=C,153] R=3,X=1,K=6,C=3,Y=47,S=1 || L2:[sp=C,3] Y=41,C=1,R=1,K=5,S=1,X=1",-25124065.0,-163323000.0,1,C|C,1
X,153,R,1,X,171,K,6,C,3,Y,47,S,3,C,3,Y,7,C,1,R,1,K,5,X,1,S,1,"L1:[sp=X,153] R=1,X=171,K=6,C=3,Y=47,S=3 || L2:[sp=C,3] Y=7,C=1,R=1,K=5,X=1,S=1",-inf,-inf,0,X|C,1
X,153,R,3,C,2,K,36,X,1,Y,47,S,1,C,3,Y,34,K,36,R,1,X,1,C,1,S,1,"L1:[sp=X,153] R=3,C=2,K=36,X=1,Y=47,S=1 || L2:[sp=C,3] Y=34,K=36,R=1,X=1,C=1,S=1",-inf,-inf,0,X|C,1
X,153,Y,196,X,1,K,12,S,2,C,3,R,1,C,3,Y,41,C,1,R,1,K,5,S,1,X,1,"L1:[sp=X,153] Y=196,X=1,K=12,S=2,C=3,R=1 || L2:[sp=C,3] Y=41,C=1,R=1,K=5,S=1,X=1",-inf,-inf,0,X|C,1
X,153,R,3,X,1,K,6,C,3,Y,47,S,1,C,3,Y,41,C,1,R,1,K,5,S,1,X,1,"L1:[sp=X,153] R=3,X=1,K=6,C=3,Y=47,S=1 || L2:[sp=C,3] Y=41,C=1,R=1,K=5,S=1,X=1",-448645.0,-163324000.0,1,X|C,1
X,153,R,1,X,1,K,6,C,3,Y,69,S,3,C,3,C,1,Y,30,R,1,K,5,X,1,S,3,"L1:[sp=X,153] R=1,X=1,K=6,C=3,Y=69,S=3 || L2:[sp=C,3] C=1,Y=30,R=1,K=5,X=1,S=3",-inf,-inf,0,X|C,1
X,153,X,1,R,1,K,6,C,3,Y,47,S,1,C,1,Y,26,C,1,R,1,K,5,X,1,S,1,"L1:[sp=X,153] X=1,R=1,K=6,C=3,Y=47,S=1 || L2:[sp=C,1] Y=26,C=1,R=1,K=5,X=1,S=1",-inf,-inf,0,X|C,1
X,153,K,6,X,1,R,2,Y,47,C,3,S,1,Y,47,Y,16,C,1,R,1,K,4,X,1,S,1,"L1:[sp=X,153] K=6,X=1,R=2,Y=47,C=3,S=1 || L2:[sp=Y,47] Y=16,C=1,R=1,K=4,X=1,S=1",-10392751.0,-163323000.0,1,X|Y,1
X,153,R,3,X,1,K,6,C,3,Y,47,S,1,C,3,Y,41,C,1,R,1,K,5,S,1,X,1,"L1:[sp=X,153] R=3,X=1,K=6,C=3,Y=47,S=1 || L2:[sp=C,3] Y=41,C=1,R=1,K=5,S=1,X=1",-448645.0,-163324000.0,1,X|C,1
X,153,R,1,X,1,K,44,C,3,Y,47,S,3,C,3,C,1,Y,30,R,1,K,5,X,1,S,1,"L1:[sp=X,153] R=1,X=1,K=44,C=3,Y=47,S=3 || L2:[sp=C,3] C=1,Y=30,R=1,K=5,X=1,S=1",-inf,-inf,0,X|C,1
X,153,R,1,X,1,K,6,C,3,Y,47,S,1,C,3,Y,41,C,1,R,1,K,5,S,1,X,1,"L1:[sp=X,153] R=1,X=1,K=6,C=3,Y=47,S=1 || L2:[sp=C,3] Y=41,C=1,R=1,K=5,S=1,X=1",-428005.0,-163324000.0,1,X|C,1
X,153,R,3,X,1,K,6,C,3,Y,47,S,1,Y,1,Y,41,C,1,R,1,K,2,S,1,X,1,"L1:[sp=X,153] R=3,X=1,K=6,C=3,Y=47,S=1 || L2:[sp=Y,1] Y=41,C=1,R=1,K=2,S=1,X=1",-inf,-inf,0,X|Y,1
X,153,R,3,X,89,K,6,C,3,Y,108,S,1,C,3,Y,15,C,3,R,1,K,5,S,1,X,1,"L1:[sp=X,153] R=3,X=89,K=6,C=3,Y=108,S=1 || L2:[sp=C,3] Y=15,C=3,R=1,K=5,S=1,X=1",-inf,-inf,0,X|C,1
X,153,R,3,C,3,K,6,X,1,Y,47,S,1,C,3,Y,3,K,5,R,1,X,1,C,1,S,1,"L1:[sp=X,153] R=3,C=3,K=6,X=1,Y=47,S=1 || L2:[sp=C,3] Y=3,K=5,R=1,X=1,C=1,S=1",-510133.0,-163323000.0,1,X|C,1
K,153,R,2,X,1,K,6,C,3,Y,47,S,3,C,3,Y,41,C,1,R,1,K,5,S,1,X,1,"L1:[sp=K,153] R=2,X=1,K=6,C=3,Y=47,S=3 || L2:[sp=C,3] Y=41,C=1,R=1,K=5,S=1,X=1",-7159057.0,-163324000.0,1,K|C,1
C,153,R,2,X,1,K,6,C,3,Y,47,S,1,X,3,Y,16,C,1,R,1,K,5,S,1,X,1,"L1:[sp=C,153] R=2,X=1,K=6,C=3,Y=47,S=1 || L2:[sp=X,3] Y=16,C=1,R=1,K=5,S=1,X=1",-88616641.0,-163323000.0,1,C|X,1
X,153,K,6,C,3,R,3,Y,47,X,1,S,3,Y,47,Y,15,C,1,R,1,K,4,X,1,S,1,"L1:[sp=X,153] K=6,C=3,R=3,Y=47,X=1,S=3 || L2:[sp=Y,47] Y=15,C=1,R=1,K=4,X=1,S=1",-28775271.0,-163323000.0,1,X|Y,1
X,153,R,3,X,1,K,6,C,3,Y,47,S,1,C,3,Y,41,C,1,R,1,K,5,S,1,X,1,"L1:[sp=X,153] R=3,X=1,K=6,C=3,Y=47,S=1 || L2:[sp=C,3] Y=41,C=1,R=1,K=5,S=1,X=1",-448645.0,-163324000.0,1,X|C,1
C,153,R,3,X,1,K,6,C,3,Y,47,S,1,X,1,Y,19,C,1,R,1,K,5,S,1,X,1,"L1:[sp=C,153] R=3,X=1,K=6,C=3,Y=47,S=1 || L2:[sp=X,1] Y=19,C=1,R=1,K=5,S=1,X=1",-83414689.0,-163323000.0,1,C|X,1
X,153,K,6,X,1,S,1,Y,47,C,3,R,1,Y,47,Y,16,C,1,R,1,K,1,X,1,S,1,"L1:[sp=X,153] K=6,X=1,S=1,Y=47,C=3,R=1 || L2:[sp=Y,47] Y=16,C=1,R=1,K=1,X=1,S=1",-10405126.0,-163323000.0,1,X|Y,1
X,153,X,1,R,1,K,6,C,3,Y,47,S,1,C,3,Y,41,C,1,R,1,K,5,X,1,S,1,"L1:[sp=X,153] X=1,R=1,K=6,C=3,Y=47,S=1 || L2:[sp=C,3] Y=41,C=1,R=1,K=5,X=1,S=1",-428005.0,-163324000.0,1,X|C,1
X,153,R,3,C,2,K,6,Y,47,X,15,S,1,C,3,R,1,Y,19,K,5,X,1,C,1,S,1,"L1:[sp=X,153] R=3,C=2,K=6,Y=47,X=15,S=1 || L2:[sp=C,3] R=1,Y=19,K=5,X=1,C=1,S=1",-inf,-inf,0,X|C,1
X,153,K,6,X,76,R,2,Y,47,C,1,S,1,Y,47,Y,16,C,1,R,1,K,4,X,1,S,1,"L1:[sp=X,153] K=6,X=76,R=2,Y=47,C=1,S=1 || L2:[sp=Y,47] Y=16,C=1,R=1,K=4,X=1,S=1",-inf,-inf,0,X|Y,1
X,153,X,1,Y,47,K,4,C,3,R,1,S,1,C,3,Y,41,C,1,R,1,K,4,X,1,S,1,"L1:[sp=X,153] X=1,Y=47,K=4,C=3,R=1,S=1 || L2:[sp=C,3] Y=41,C=1,R=1,K=4,X=1,S=1",-449857.0,-163324000.0,1,X|C,1
X,153,R,1,X,163,K,6,C,3,Y,47,S,1,C,3,Y,41,C,1,R,1,K,5,S,1,X,1,"L1:[sp=X,153] R=1,X=163,K=6,C=3,Y=47,S=1 || L2:[sp=C,3] Y=41,C=1,R=1,K=5,S=1,X=1",-inf,-inf,0,X|C,1
X,153,R,2,C,3,K,12,X,1,Y,47,S,1,C,3,Y,16,K,5,R,1,X,1,C,1,S,1,"L1:[sp=X,153] R=2,C=3,K=12,X=1,Y=47,S=1 || L2:[sp=C,3] Y=16,K=5,R=1,X=1,C=1,S=1",-536401.0,-163324000.0,1,X|C,1
X,153,K,6,X,1,R,3,Y,47,C,2,S,3,Y,47,Y,3,C,1,R,1,K,4,X,1,S,1,"L1:[sp=X,153] K=6,X=1,R=3,Y=47,C=2,S=3 || L2:[sp=Y,47] Y=3,C=1,R=1,K=4,X=1,S=1",-5762381.0,-163323000.0,1,X|Y,1
X,153,C,2,R,3,K,6,X,1,Y,47,S,1,C,3,Y,41,K,5,R,1,X,1,C,1,S,1,"L1:[sp=X,153] C=2,R=3,K=6,X=1,Y=47,S=1 || L2:[sp=C,3] Y=41,K=5,R=1,X=1,C=1,S=1",-897289.0,-163324000.0,1,X|C,1
X,153,R,3,X,1,K,6,C,3,Y,47,S,3,C,3,Y,11,C,1,R,1,X,1,S,1,K,5,"L1:[sp=X,153] R=3,X=1,K=6,C=3,Y=47,S=3 || L2:[sp=C,3] Y=11,C=1,R=1,X=1,S=1,K=5",-1541813.0,-163324000.0,1,X|C,1
X,153,R,3,X,1,Y,47,C,1,K,6,S,1,C,3,Y,41,C,1,R,1,K,5,S,1,X,1,"L1:[sp=X,153] R=3,X=1,Y=47,C=1,K=6,S=1 || L2:[sp=C,3] Y=41,C=1,R=1,K=5,S=1,X=1",-1345933.0,-163324000.0,1,X|C,1
X,153,X,1,R,1,K,6,C,3,Y,47,S,1,C,3,Y,36,C,1,R,1,K,5,X,1,S,1,"L1:[sp=X,153] X=1,R=1,K=6,C=3,Y=47,S=1 || L2:[sp=C,3] Y=36,C=1,R=1,K=5,X=1,S=1",-493885.0,-163324000.0,1,X|C,1
X,153,R,1,X,1,K,6,C,3,Y,47,S,1,C,3,Y,41,C,1,R,1,K,5,S,1,X,1,"L1:[sp=X,153] R=1,X=1,K=6,C=3,Y=47,S=1 || L2:[sp=C,3] Y=41,C=1,R=1,K=5,S=1,X=1",-428005.0,-163324000.0,1,X|C,1
K,153,X,1,R,1,K,6,C,3,Y,47,S,1,C,3,Y,36,C,3,R,1,K,5,X,1,S,1,"L1:[sp=K,153] X=1,R=1,K=6,C=3,Y=47,S=1 || L2:[sp=C,3] Y=36,C=3,R=1,K=5,X=1,S=1",-inf,-inf,0,K|C,1
X,153,X,1,Y,47,K,36,C,3,R,1,S,1,C,3,Y,41,C,1,R,1,K,4,X,1,S,1,"L1:[sp=X,153] X=1,Y=47,K=36,C=3,R=1,S=1 || L2:[sp=C,3] Y=41,C=1,R=1,K=4,X=1,S=1",-inf,-inf,0,X|C,1
X,153,X,1,R,1,K,6,C,3,Y,47,S,1,C,3,Y,41,C,2,R,1,K,5,X,1,S,1,"L1:[sp=X,153] X=1,R=1,K=6,C=3,Y=47,S=1 || L2:[sp=C,3] Y=41,C=2,R=1,K=5,X=1,S=1",-inf,-inf,0,X|C,1
C,153,X,1,Y,151,K,4,C,3,R,1,S,1,C,3,Y,41,C,1,R,1,K,4,X,1,S,1,"L1:[sp=C,153] X=1,Y=151,K=4,C=3,R=1,S=1 || L2:[sp=C,3] Y=41,C=1,R=1,K=4,X=1,S=1",-28449793.0,-163323000.0,1,C|C,1
C,153,X,1,R,1,K,8,C,3,Y,47,S,1,X,3,Y,41,R,1,C,1,X,1,K,5,S,1,"L1:[sp=C,153] X=1,R=1,K=8,C=3,Y=47,S=1 || L2:[sp=X,3] Y=41,R=1,C=1,X=1,K=5,S=1",-75172609.0,-163323000.0,1,C|X,1
X,153,X,1,Y,47,K,4,C,3,R,1,S,1,C,3,Y,41,C,1,R,1,K,1,X,1,S,1,"L1:[sp=X,153] X=1,Y=47,K=4,C=3,R=1,S=1 || L2:[sp=C,3] Y=41,C=1,R=1,K=1,X=1,S=1",-449857.0,-163323000.0,1,X|C,1
X,153,X,1,R,1,K,6,C,3,Y,47,S,1,C,3,Y,36,C,1,R,1,K,5,X,1,S,1,"L1:[sp=X,153] X=1,R=1,K=6,C=3,Y=47,S=1 || L2:[sp=C,3] Y=36,C=1,R=1,K=5,X=1,S=1",-493885.0,-163324000.0,1,X|C,1
X,153,X,1,R,1,K,6,C,3,Y,47,S,2,C,3,C,1,Y,41,R,1,K,5,X,1,S,1,"L1:[sp=X,153] X=1,R=1,K=6,C=3,Y=47,S=2 || L2:[sp=C,3] C=1,Y=41,R=1,K=5,X=1,S=1",-853369.0,-163324000.0,1,X|C,1
X,153,X,1,R,2,K,27,C,3,Y,47,S,1,C,3,Y,36,C,1,R,1,K,5,X,1,S,1,"L1:[sp=X,153] X=1,R=2,K=27,C=3,Y=47,S=1 || L2:[sp=C,3] Y=36,C=1,R=1,K=5,X=1,S=1",-inf,-inf,0,X|C,1
X,153,R,1,X,1,K,6,C,3,Y,47,S,1,K,2,Y,41,C,1,R,1,K,5,S,1,X,1,"L1:[sp=X,153] R=1,X=1,K=6,C=3,Y=47,S=1 || L2:[sp=K,2] Y=41,C=1,R=1,K=5,S=1,X=1",-865756.0,-163324000.0,1,X|K,1
X,153,R,3,C,3,K,12,X,1,Y,47,S,1,C,3,Y,41,K,5,R,1,X,1,C,3,S,1,"L1:[sp=X,153] R=3,C=3,K=12,X=1,Y=47,S=1 || L2:[sp=C,3] Y=41,K=5,R=1,X=1,C=3,S=1",-inf,-inf,0,X|C,1
X,153,R,2,X,167,K,6,C,3,Y,47,S,1,C,3,Y,16,C,1,R,1,K,5,S,1,X,1,"L1:[sp=X,153] R=2,X=167,K=6,C=3,Y=47,S=1 || L2:[sp=C,3] Y=16,C=1,R=1,K=5,S=1,X=1",-inf,-inf,0,X|C,1
X,153,R,1,C,3,K,6,X,1,Y,47,S,2,C,3,Y,3,K,4,R,1,X,1,C,1,S,1,"L1:[sp=X,153] R=1,C=3,K=6,X=1,Y=47,S=2 || L2:[sp=C,3] Y=3,K=4,R=1,X=1,C=1,S=1",-1033513.0,-163323000.0,1,X|C,1
X,153,X,88,R,3,K,6,C,3,Y,47,S,1,C,3,Y,36,C,1,R,1,K,4,X,1,S,1,"L1:[sp=X,153] X=88,R=3,K=6,C=3,Y=47,S=1 || L2:[sp=C,3] Y=36,C=1,R=1,K=4,X=1,S=1",-inf,-inf,0,X|C,1
X,153,R,1,X,1,K,6,C,3,Y,47,S,3,C,3,X,1,C,2,R,1,K,5,S,1,Y,41,"L1:[sp=X,153] R=1,X=1,K=6,C=3,Y=47,S=3 || L2:[sp=C,3] X=1,C=2,R=1,K=5,S=1,Y=41",-inf,-inf,0,X|C,1
X,153,X,183,R,3,K,6,C,3,Y,47,S,1,C,3,Y,41,C,1,R,1,K,5,X,1,S,1,"L1:[sp=X,153] X=183,R=3,K=6,C=3,Y=47,S=1 || L2:[sp=C,3] Y=41,C=1,R=1,K=5,X=1,S=1",-inf,-inf,0,X|C,1
X,153,R,3,C,3,K,54,X,86,Y,47,S,1,C,3,Y,3,R,1,K,5,X,1,C,1,S,1,"L1:[sp=X,153] R=3,C=3,K=54,X=86,Y=47,S=1 || L2:[sp=C,3] Y=3,R=1,K=5,X=1,C=1,S=1",-inf,-inf,0,X|C,1
X,153,R,2,C,3,K,12,X,1,Y,47,S,1,C,3,Y,16,K,5,R,1,X,1,C,1,S,1,"L1:[sp=X,153] R=2,C=3,K=12,X=1,Y=47,S=1 || L2:[sp=C,3] Y=16,K=5,R=1,X=1,C=1,S=1",-536401.0,-163324000.0,1,X|C,1
X,153,X,1,R,1,K,64,C,3,Y,47,S,3,C,3,Y,31,C,1,R,1,K,5,X,1,S,1,"L1:[sp=X,153] X=1,R=1,K=64,C=3,Y=47,S=3 || L2:[sp=C,3] Y=31,C=1,R=1,K=5,X=1,S=1",-inf,-inf,0,X|C,1
X,153,R,1,X,1,K,6,C,3,Y,47,S,1,C,3,Y,41,C,1,R,1,K,5,S,1,X,1,"L1:[sp=X,153] R=1,X=1,K=6,C=3,Y=47,S=1 || L2:[sp=C,3] Y=41,C=1,R=1,K=5,S=1,X=1",-428005.0,-163324000.0,1,X|C,1
X,153,R,1,X,1,K,6,C,3,Y,47,S,1,C,3,Y,41,C,1,R,1,K,5,S,1,X,1,"L1:[sp=X,153] R=1,X=1,K=6,C=3,Y=47,S=1 || L2:[sp=C,3] Y=41,C=1,R=1,K=5,S=1,X=1",-428005.0,-163324000.0,1,X|C,1
X,153,X,1,R,2,K,6,C,3,Y,47,S,1,C,3,Y,36,C,1,R,1,K,5,X,1,S,1,"L1:[sp=X,153] X=1,R=2,K=6,C=3,Y=47,S=1 || L2:[sp=C,3] Y=36,C=1,R=1,K=5,X=1,S=1",-502009.0,-163324000.0,1,X|C,1
Y,153,R,1,C,3,K,12,X,1,Y,77,S,1,C,3,Y,16,K,5,C,1,X,1,R,1,S,1,"L1:[sp=Y,153] R=1,C=3,K=12,X=1,Y=77,S=1 || L2:[sp=C,3] Y=16,K=5,C=1,X=1,R=1,S=1",-9636481.0,-163323000.0,1,Y|C,1
X,153,X,1,R,3,K,6,C,3,Y,47,S,1,C,3,Y,36,C,1,R,1,S,1,X,1,K,5,"L1:[sp=X,153] X=1,R=3,K=6,C=3,Y=47,S=1 || L2:[sp=C,3] Y=36,C=1,R=1,S=1,X=1,K=5",-510133.0,-163324000.0,1,X|C,1
X,153,R,1,X,1,K,6,C,3,Y,47,S,1,K,2,K,5,C,1,R,1,Y,21,S,1,X,1,"L1:[sp=X,153] R=1,X=1,K=6,C=3,Y=47,S=1 || L2:[sp=K,2] K=5,C=1,R=1,Y=21,S=1,X=1",-954856.0,-163324000.0,1,X|K,1
X,153,R,2,X,1,K,6,C,3,Y,47,S,1,C,3,S,1,C,1,R,1,K,5,Y,41,X,1,"L1:[sp=X,153] R=2,X=1,K=6,C=3,Y=47,S=1 || L2:[sp=C,3] S=1,C=1,R=1,K=5,Y=41,X=1",-438325.0,-163324000.0,1,X|C,1
X,153,R,2,C,2,K,12,X,1,Y,47,S,1,C,3,Y,16,K,8,R,1,X,1,C,1,S,1,"L1:[sp=X,153] R=2,C=2,K=12,X=1,Y=47,S=1 || L2:[sp=C,3] Y=16,K=8,R=1,X=1,C=1,S=1",-1107361.0,-163324000.0,1,X|C,1
X,153,R,1,C,3,K,12,X,1,Y,47,S,2,C,3,Y,41,K,5,R,1,X,1,C,1,S,1,"L1:[sp=X,153] R=1,C=3,K=12,X=1,Y=47,S=2 || L2:[sp=C,3] Y=41,K=5,R=1,X=1,C=1,S=1",-866737.0,-163324000.0,1,X|C,1
C,153,X,1,R,2,K,6,C,3,Y,163,S,1,X,3,C,1,Y,16,R,1,K,5,X,1,S,1,"L1:[sp=C,153] X=1,R=2,K=6,C=3,Y=163,S=1 || L2:[sp=X,3] C=1,Y=16,R=1,K=5,X=1,S=1",-79718017.0,-163323000.0,1,C|X,1
C,153,X,1,Y,151,K,49,C,3,R,1,S,1,C,3,Y,41,C,1,R,1,K,4,X,1,S,1,"L1:[sp=C,153] X=1,Y=151,K=49,C=3,R=1,S=1 || L2:[sp=C,3] Y=41,C=1,R=1,K=4,X=1,S=1",-27506305.0,-163324000.0,1,C|C,1
X,153,X,1,R,1,K,6,C,3,Y,47,S,1,C,3,Y,36,C,1,R,1,K,3,X,1,S,1,"L1:[sp=X,153] X=1,R=1,K=6,C=3,Y=47,S=1 || L2:[sp=C,3] Y=36,C=1,R=1,K=3,X=1,S=1",-534205.0,-163324000.0,1,X|C,1
C,153,X,1,Y,47,K,4,C,3,R,1,S,1,K,3,Y,3,C,1,R,1,K,1,X,1,S,1,"L1:[sp=C,153] X=1,Y=47,K=4,C=3,R=1,S=1 || L2:[sp=K,3] Y=3,C=1,R=1,K=1,X=1,S=1",-43513345.0,-163323000.0,1,C|K,1
X,153,R,1,C,3,K,6,X,1,Y,47,S,2,C,3,Y,41,K,4,R,1,X,1,C,1,S,1,"L1:[sp=X,153] R=1,C=3,K=6,X=1,Y=47,S=2 || L2:[sp=C,3] Y=41,K=4,R=1,X=1,C=1,S=1",-895273.0,-163324000.0,1,X|C,1
X,153,X,1,R,1,K,6,C,1,Y,47,S,3,C,3,C,1,Y,41,R,1,K,5,X,1,S,1,"L1:[sp=X,153] X=1,R=1,K=6,C=1,Y=47,S=3 || L2:[sp=C,3] C=1,Y=41,R=1,K=5,X=1,S=1",-3836197.0,-163324000.0,1,X|C,1
X,153,X,1,Y,47,K,4,C,3,R,1,S,2,C,3,R,1,C,1,Y,41,K,1,X,1,S,1,"L1:[sp=X,153] X=1,Y=47,K=4,C=3,R=1,S=2 || L2:[sp=C,3] R=1,C=1,Y=41,K=1,X=1,S=1",-895873.0,-163323000.0,1,X|C,1
K,153,R,1,X,1,K,6,C,3,Y,47,S,1,C,3,Y,41,C,1,R,1,K,5,S,1,X,1,"L1:[sp=K,153] R=1,X=1,K=6,C=3,Y=47,S=1 || L2:[sp=C,3] Y=41,C=1,R=1,K=5,S=1,X=1",-2356705.0,-163324000.0,1,K|C,1
C,153,X,1,Y,151,K,4,C,3,R,1,S,1,C,3,Y,41,C,1,R,1,K,2,X,1,S,1,"L1:[sp=C,153] X=1,Y=151,K=4,C=3,R=1,S=1 || L2:[sp=C,3] Y=41,C=1,R=1,K=2,X=1,S=1",-28449793.0,-163323000.0,1,C|C,1
X,153,R,1,X,1,K,6,C,3,Y,47,S,1,C,3,Y,41,C,1,R,1,K,5,S,1,X,1,"L1:[sp=X,153] R=1,X=1,K=6,C=3,Y=47,S=1 || L2:[sp=C,3] Y=41,C=1,R=1,K=5,S=1,X=1",-428005.0,-163324000.0,1,X|C,1
K,153,X,1,R,1,K,6,C,2,Y,47,S,2,C,3,C,1,Y,41,X,1,K,5,R,1,S,1,"L1:[sp=K,153] X=1,R=1,K=6,C=2,Y=47,S=2 || L2:[sp=C,3] C=1,Y=41,X=1,K=5,R=1,S=1",-9357973.0,-163324000.0,1,K|C,1
C,153,X,1,Y,47,K,4,C,3,R,3,S,1,C,3,Y,41,C,1,R,1,K,1,X,1,S,1,"L1:[sp=C,153] X=1,Y=47,K=4,C=3,R=3,S=1 || L2:[sp=C,3] Y=41,C=1,R=1,K=1,X=1,S=1",-26374657.0,-163323000.0,1,C|C,1
C,153,X,117,Y,151,K,4,C,3,R,1,S,1,C,3,Y,41,C,1,R,1,K,1,X,1,S,1,"L1:[sp=C,153] X=117,Y=151,K=4,C=3,R=1,S=1 || L2:[sp=C,3] Y=41,C=1,R=1,K=1,X=1,S=1",-inf,-inf,0,C|C,1
X,153,R,1,X,1,K,6,C,3,Y,47,S,1,C,3,Y,41,C,1,R,1,K,5,S,1,X,1,"L1:[sp=X,153] R=1,X=1,K=6,C=3,Y=47,S=1 || L2:[sp=C,3] Y=41,C=1,R=1,K=5,S=1,X=1",-428005.0,-163324000.0,1,X|C,1
X,153,X,1,R,1,K,26,C,3,Y,47,S,2,C,3,Y,43,C,1,R,1,K,3,X,1,S,1,"L1:[sp=X,153] X=1,R=1,K=26,C=3,Y=47,S=2 || L2:[sp=C,3] Y=43,C=1,R=1,K=3,X=1,S=1",-inf,-inf,0,X|C,1
X,153,R,1,C,3,K,6,S,1,Y,47,X,1,C,3,Y,9,K,4,R,1,X,1,C,1,S,1,"L1:[sp=X,153] R=1,C=3,K=6,S=1,Y=47,X=1 || L2:[sp=C,3] Y=9,K=4,R=1,X=1,C=1,S=1",-518077.0,-163323000.0,1,X|C,1
X,153,X,86,R,2,K,33,C,3,Y,47,S,1,C,3,Y,10,C,1,R,1,K,5,X,1,S,1,"L1:[sp=X,153] X=86,R=2,K=33,C=3,Y=47,S=1 || L2:[sp=C,3] Y=10,C=1,R=1,K=5,X=1,S=1",-inf,-inf,0,X|C,1
K,153,X,1,R,1,K,6,C,3,Y,47,S,1,C,3,Y,36,C,1,R,1,K,3,X,1,S,1,"L1:[sp=K,153] X=1,R=1,K=6,C=3,Y=47,S=1 || L2:[sp=C,3] Y=36,C=1,R=1,K=3,X=1,S=1",-2719585.0,-163323000.0,1,K|C,1
X,153,X,1,Y,47,K,4,C,3,R,1,S,2,C,3,R,1,C,1,Y,41,S,1,X,1,K,1,"L1:[sp=X,153] X=1,Y=47,K=4,C=3,R=1,S=2 || L2:[sp=C,3] R=1,C=1,Y=41,S=1,X=1,K=1",-895873.0,-163323000.0,1,X|C,1
C,153,X,1,R,3,K,6,C,3,Y,47,S,1,X,3,Y,36,C,1,R,1,S,1,X,1,K,5,"L1:[sp=C,153] X=1,R=3,K=6,C=3,Y=47,S=1 || L2:[sp=X,3] Y=36,C=1,R=1,S=1,X=1,K=5",-85628257.0,-163323000.0,1,C|X,1
X,153,R,2,X,1,K,6,C,3,Y,47,S,1,C,3,Y,41,C,1,R,1,K,5,S,1,X,1,"L1:[sp=X,153] R=2,X=1,K=6,C=3,Y=47,S=1 || L2:[sp=C,3] Y=41,C=1,R=1,K=5,S=1,X=1",-438325.0,-163324000.0,1,X|C,1
X,153,R,1,X,1,K,6,C,3,Y,47,S,1,C,3,S,1,R,1,C,1,K,3,Y,39,X,1,"L1:[sp=X,153] R=1,X=1,K=6,C=3,Y=47,S=1 || L2:[sp=C,3] S=1,R=1,C=1,K=3,Y=39,X=1",-467677.0,-163324000.0,1,X|C,1
C,153,R,2,C,3,K,12,X,1,S,3,Y,47,X,3,Y,41,K,5,R,1,X,1,C,1,S,1,"L1:[sp=C,153] R=2,C=3,K=12,X=1,S=3,Y=47 || L2:[sp=X,3] Y=41,K=5,R=1,X=1,C=1,S=1",-73967293.0,-163324000.0,1,C|X,1
X,153,X,1,R,2,K,6,C,3,Y,86,S,1,C,3,Y,36,C,1,R,1,K,5,X,1,S,1,"L1:[sp=X,153] X=1,R=2,K=6,C=3,Y=86,S=1 || L2:[sp=C,3] Y=36,C=1,R=1,K=5,X=1,S=1",-494893.0,-163324000.0,1,X|C,1
X,153,R,1,C,2,K,12,X,1,Y,47,S,2,C,3,Y,41,K,5,R,1,X,1,C,1,S,1,"L1:[sp=X,153] R=1,C=2,K=12,X=1,Y=47,S=2 || L2:[sp=C,3] Y=41,K=5,R=1,X=1,C=1,S=1",-1733473.0,-163324000.0,1,X|C,1
X,153,R,1,C,3,K,6,X,197,Y,47,S,2,C,3,Y,41,K,4,R,1,X,1,C,1,S,2,"L1:[sp=X,153] R=1,C=3,K=6,X=197,Y=47,S=2 || L2:[sp=C,3] Y=41,K=4,R=1,X=1,C=1,S=2",-inf,-inf,0,X|C,1
X,153,X,1,R,2,K,2,C,3,Y,47,S,1,C,3,Y,36,C,1,R,1,K,1,X,1,S,1,"L1:[sp=X,153] X=1,R=2,K=2,C=3,Y=47,S=1 || L2:[sp=C,3] Y=36,C=1,R=1,K=1,X=1,S=1",-529153.0,-163323000.0,1,X|C,1
X,153,X,1,R,1,K,6,C,3,Y,124,S,1,C,3,Y,36,C,1,R,1,K,3,X,1,S,1,"L1:[sp=X,153] X=1,R=1,K=6,C=3,Y=124,S=1 || L2:[sp=C,3] Y=36,C=1,R=1,K=3,X=1,S=1",-inf,-inf,0,X|C,1
C,153,R,1,X,70,K,6,C,3,Y,162,S,2,X,3,Y,41,C,1,R,1,K,2,S,1,X,1,"L1:[sp=C,153] R=1,X=70,K=6,C=3,Y=162,S=2 || L2:[sp=X,3] Y=41,C=1,R=1,K=2,S=1,X=1",-inf,-inf,0,C|X,1
C,153,X,1,Y,47,K,4,C,3,R,1,S,3,X,3,S,1,C,1,Y,41,K,1,X,1,R,1,"L1:[sp=C,153] X=1,Y=47,K=4,C=3,R=1,S=3 || L2:[sp=X,3] S=1,C=1,Y=41,K=1,X=1,R=1",-74474785.0,-163323000.0,1,C|X,1
X,153,R,2,C,3,K,12,X,1,Y,47,S,1,C,3,Y,41,K,5,R,1,X,1,C,2,S,1,"L1:[sp=X,153] R=2,C=3,K=12,X=1,Y=47,S=1 || L2:[sp=C,3] Y=41,K=5,R=1,X=1,C=2,S=1",-inf,-inf,0,X|C,1
X,153,R,1,X,1,K,6,C,3,Y,47,S,2,C,3,S,1,C,1,R,1,K,5,Y,41,X,1,"L1:[sp=X,153] R=1,X=1,K=6,C=3,Y=47,S=2 || L2:[sp=C,3] S=1,C=1,R=1,K=5,Y=41,X=1",-853369.0,-163324000.0,1,X|C,1
X,153,R,1,C,3,K,6,X,1,Y,127,S,1,K,2,Y,41,K,4,C,1,X,1,R,1,S,1,"L1:[sp=X,153] R=1,C=3,K=6,X=1,Y=127,S=1 || L2:[sp=K,2] Y=41,K=4,C=1,X=1,R=1,S=1",-inf,-inf,0,X|K,1
X,153,R,1,X,1,K,6,C,3,Y,47,S,2,C,3,Y,41,C,1,R,1,K,3,S,1,X,1,"L1:[sp=X,153] R=1,X=1,K=6,C=3,Y=47,S=2 || L2:[sp=C,3] Y=41,C=1,R=1,K=3,S=1,X=1",-923209.0,-163324000.0,1,X|C,1
X,153,R,1,X,1,K,6,C,3,Y,47,S,1,C,3,Y,41,C,1,R,1,K,5,S,1,X,1,"L1:[sp=X,153] R=1,X=1,K=6,C=3,Y=47,S=1 || L2:[sp=C,3] Y=41,C=1,R=1,K=5,S=1,X=1",-428005.0,-163324000.0,1,X|C,1
C,153,R,1,X,1,K,6,C,3,Y,47,S,1,X,3,S,1,R,1,C,1,K,3,Y,10,X,1,"L1:[sp=C,153] R=1,X=1,K=6,C=3,Y=47,S=1 || L2:[sp=X,3] S=1,R=1,C=1,K=3,Y=10,X=1",-89923681.0,-163323000.0,1,C|X,1
X,153,R,1,C,3,K,6,S,1,Y,47,X,1,C,3,Y,18,K,4,R,1,X,1,C,1,S,1,"L1:[sp=X,153] R=1,C=3,K=6,S=1,Y=47,X=1 || L2:[sp=C,3] Y=18,K=4,R=1,X=1,C=1,S=1",-518077.0,-163323000.0,1,X|C,1
X,153,R,2,X,1,K,6,C,3,Y,47,S,1,C,3,Y,44,C,1,R,1,K,5,S,1,X,1,"L1:[sp=X,153] R=2,X=1,K=6,C=3,Y=47,S=1 || L2:[sp=C,3] Y=44,C=1,R=1,K=5,S=1,X=1",-inf,-inf,0,X|C,1
X,153,R,1,X,1,K,6,C,3,Y,121,S,1,C,3,Y,27,C,3,R,1,K,5,S,1,X,1,"L1:[sp=X,153] R=1,X=1,K=6,C=3,Y=121,S=1 || L2:[sp=C,3] Y=27,C=3,R=1,K=5,S=1,X=1",-inf,-inf,0,X|C,1
X,153,X,1,Y,47,K,4,C,3,R,1,S,2,C,3,R,1,C,1,Y,41,S,1,X,1,K,3,"L1:[sp=X,153] X=1,Y=47,K=4,C=3,R=1,S=2 || L2:[sp=C,3] R=1,C=1,Y=41,S=1,X=1,K=3",-895873.0,-163324000.0,1,X|C,1
X,153,X,1,R,2,K,6,C,3,Y,86,S,1,C,3,Y,36,C,1,R,1,K,5,X,1,S,1,"L1:[sp=X,153] X=1,R=2,K=6,C=3,Y=86,S=1 || L2:[sp=C,3] Y=36,C=1,R=1,K=5,X=1,S=1",-494893.0,-163324000.0,1,X|C,1
C,153,K,6,R,2,S,1,C,3,Y,86,X,1,X,3,Y,36,C,1,R,1,K,5,X,1,S,1,"L1:[sp=C,153] K=6,R=2,S=1,C=3,Y=86,X=1 || L2:[sp=X,3] Y=36,C=1,R=1,K=5,X=1,S=1",-83053153.0,-163323000.0,1,C|X,1
X,153,X,1,R,3,K,2,C,3,Y,47,S,1,C,3,X,1,C,1,K,1,R,1,Y,36,S,1,"L1:[sp=X,153] X=1,R=3,K=2,C=3,Y=47,S=1 || L2:[sp=C,3] X=1,C=1,K=1,R=1,Y=36,S=1",-536449.0,-163323000.0,1,X|C,1
X,153,R,1,X,1,K,6,C,1,Y,164,S,2,C,3,S,1,C,1,R,1,K,5,Y,41,X,1,"L1:[sp=X,153] R=1,X=1,K=6,C=1,Y=164,S=2 || L2:[sp=C,3] S=1,C=1,R=1,K=5,Y=41,X=1",-inf,-inf,0,X|C,1
X,153,R,1,X,104,K,6,C,3,Y,47,S,1,C,3,S,1,R,1,C,1,K,3,Y,39,X,1,"L1:[sp=X,153] R=1,X=104,K=6,C=3,Y=47,S=1 || L2:[sp=C,3] S=1,R=1,C=1,K=3,Y=39,X=1",-inf,-inf,0,X|C,1
X,153,X,1,R,1,K,6,C,3,Y,47,S,1,C,3,Y,39,C,1,R,1,K,5,X,1,S,1,"L1:[sp=X,153] X=1,R=1,K=6,C=3,Y=47,S=1 || L2:[sp=C,3] Y=39,C=1,R=1,K=5,X=1,S=1",-432397.0,-163324000.0,1,X|C,1
X,153,R,1,X,1,K,6,S,1,Y,86,C,3,Y,43,S,1,R,1,C,1,K,3,Y,36,X,1,"L1:[sp=X,153] R=1,X=1,K=6,S=1,Y=86,C=3 || L2:[sp=Y,43] S=1,R=1,C=1,K=3,Y=36,X=1",-14456476.0,-163323000.0,1,X|Y,1
X,153,X,1,R,1,K,2,C,3,Y,47,S,2,C,3,Y,36,C,1,R,1,K,2,X,1,S,1,"L1:[sp=X,153] X=1,R=1,K=2,C=3,Y=47,S=2 || L2:[sp=C,3] Y=36,C=1,R=1,K=2,X=1,S=1",-1036033.0,-163323000.0,1,X|C,1
X,153,X,1,Y,3,K,4,C,3,R,2,S,1,C,3,R,1,C,1,Y,3,S,1,X,1,K,1,"L1:[sp=X,153] X=1,Y=3,K=4,C=3,R=2,S=1 || L2:[sp=C,3] R=1,C=1,Y=3,S=1,X=1,K=1",-713089.0,-163323000.0,1,X|C,1
X,153,X,1,R,2,K,6,C,3,Y,4,S,1,C,3,Y,4,C,1,R,1,K,5,X,1,S,1,"L1:[sp=X,153] X=1,R=2,K=6,C=3,Y=4,S=1 || L2:[sp=C,3] Y=4,C=1,R=1,K=5,X=1,S=1",-627469.0,-163323000.0,1,X|C,1
X,153,X,1,R,2,K,59,C,3,Y,76,S,1,C,3,Y,36,C,1,S,1,K,1,X,1,R,1,"L1:[sp=X,153] X=1,R=2,K=59,C=3,Y=76,S=1 || L2:[sp=C,3] Y=36,C=1,S=1,K=1,X=1,R=1",-inf,-inf,0,X|C,1
C,153,R,1,X,1,K,6,C,3,Y,47,S,1,C,3,Y,41,C,1,R,1,K,5,S,1,X,1,"L1:[sp=C,153] R=1,X=1,K=6,C=3,Y=47,S=1 || L2:[sp=C,3] Y=41,C=1,R=1,K=5,S=1,X=1",-23968225.0,-163323000.0,1,C|C,1
C,153,X,1,Y,47,K,4,C,3,R,1,S,2,C,3,R,1,C,1,Y,41,S,1,X,1,K,1,"L1:[sp=C,153] X=1,Y=47,K=4,C=3,R=1,S=2 || L2:[sp=C,3] R=1,C=1,Y=41,S=1,X=1,K=1",-49944865.0,-163323000.0,1,C|C,1
X,153,Y,47,X,1,K,6,C,3,R,1,S,1,C,3,S,1,R,1,C,1,K,3,Y,39,X,1,"L1:[sp=X,153] Y=47,X=1,K=6,C=3,R=1,S=1 || L2:[sp=C,3] S=1,R=1,C=1,K=3,Y=39,X=1",-467677.0,-163324000.0,1,X|C,1
X,153,R,1,X,1,K,6,C,3,Y,47,S,1,C,3,Y,41,C,1,R,1,K,5,S,1,X,1,"L1:[sp=X,153] R=1,X=1,K=6,C=3,Y=47,S=1 || L2:[sp=C,3] Y=41,C=1,R=1,K=5,S=1,X=1",-428005.0,-163324000.0,1,X|C,1
X,153,R,1,X,1,K,6,C,3,Y,47,S,1,C,3,Y,41,C,1,R,1,K,5,S,1,X,1,"L1:[sp=X,153] R=1,X=1,K=6,C=3,Y=47,S=1 || L2:[sp=C,3] Y=41,C=1,R=1,K=5,S=1,X=1",-428005.0,-163324000.0,1,X|C,1
X,153,Y,47,X,1,K,6,C,3,R,1,S,1,C,3,S,1,R,1,C,1,K,3,Y,39,X,1,"L1:[sp=X,153] Y=47,X=1,K=6,C=3,R=1,S=1 || L2:[sp=C,3] S=1,R=1,C=1,K=3,Y=39,X=1",-467677.0,-163324000.0,1,X|C,1
X,153,R,1,C,3,K,6,S,1,Y,47,X,1,C,3,S,1,K,4,R,1,X,1,C,1,Y,18,"L1:[sp=X,153] R=1,C=3,K=6,S=1,Y=47,X=1 || L2:[sp=C,3] S=1,K=4,R=1,X=1,C=1,Y=18",-518077.0,-163323000.0,1,X|C,1
X,153,X,194,R,1,K,2,S,1,Y,47,C,1,C,3,X,1,C,1,K,1,R,1,Y,36,S,1,"L1:[sp=X,153] X=194,R=1,K=2,S=1,Y=47,C=1 || L2:[sp=C,3] X=1,C=1,K=1,R=1,Y=36,S=1",-75096289.0,-163324000.0,1,X|C,1
X,153,R,3,C,3,K,6,S,1,Y,47,X,1,C,3,Y,18,K,4,R,1,X,1,C,1,S,1,"L1:[sp=X,153] R=3,C=3,K=6,S=1,Y=47,X=1 || L2:[sp=C,3] Y=18,K=4,R=1,X=1,C=1,S=1",-535189.0,-163323000.0,1,X|C,1
X,153,X,1,R,2,K,6,C,1,Y,86,S,1,C,3,Y,36,C,1,R,1,K,5,X,1,S,1,"L1:[sp=X,153] X=1,R=2,K=6,C=1,Y=86,S=1 || L2:[sp=C,3] Y=36,C=1,R=1,K=5,X=1,S=1",-1484677.0,-163324000.0,1,X|C,1
X,153,R,1,C,3,K,6,Y,47,S,1,X,1,C,3,Y,18,S,1,R,1,X,1,C,1,K,4,"L1:[sp=X,153] R=1,C=3,K=6,Y=47,S=1,X=1 || L2:[sp=C,3] Y=18,S=1,R=1,X=1,C=1,K=4",-518077.0,-163323000.0,1,X|C,1
X,153,R,1,X,1,K,6,C,3,Y,122,S,1,C,3,Y,41,C,1,R,1,K,5,S,1,X,1,"L1:[sp=X,153] R=1,X=1,K=6,C=3,Y=122,S=1 || L2:[sp=C,3] Y=41,C=1,R=1,K=5,S=1,X=1",-inf,-inf,0,X|C,1
C,153,X,1,R,1,K,6,S,1,Y,47,C,1,C,3,Y,39,C,1,R,1,K,5,X,1,S,1,"L1:[sp=C,153] X=1,R=1,K=6,S=1,Y=47,C=1 || L2:[sp=C,3] Y=39,C=1,R=1,K=5,X=1,S=1",-24214177.0,-163323000.0,1,C|C,1
X,153,X,1,R,2,K,6,C,2,Y,3,S,1,C,3,Y,3,C,1,R,1,K,5,X,1,S,1,"L1:[sp=X,153] X=1,R=2,K=6,C=2,Y=3,S=1 || L2:[sp=C,3] Y=3,C=1,R=1,K=5,X=1,S=1",-1344025.0,-163323000.0,1,X|C,1
X,153,X,1,Y,86,K,4,C,3,R,2,S,3,C,3,K,1,C,1,S,1,Y,36,X,1,R,1,"L1:[sp=X,153] X=1,Y=86,K=4,C=3,R=2,S=3 || L2:[sp=C,3] K=1,C=1,S=1,Y=36,X=1,R=1",-inf,-inf,0,X|C,1
X,153,X,1,R,2,K,6,C,3,Y,86,S,1,C,3,Y,36,C,1,R,1,K,5,X,1,S,1,"L1:[sp=X,153] X=1,R=2,K=6,C=3,Y=86,S=1 || L2:[sp=C,3] Y=36,C=1,R=1,K=5,X=1,S=1",-494893.0,-163324000.0,1,X|C,1
X,153,X,1,R,2,K,6,C,3,Y,4,S,1,C,3,Y,4,C,1,R,1,K,5,X,1,S,1,"L1:[sp=X,153] X=1,R=2,K=6,C=3,Y=4,S=1 || L2:[sp=C,3] Y=4,C=1,R=1,K=5,X=1,S=1",-627469.0,-163323000.0,1,X|C,1
X,153,R,1,X,1,K,6,C,3,Y,47,S,1,C,3,S,1,R,1,C,1,K,3,Y,39,X,1,"L1:[sp=X,153] R=1,X=1,K=6,C=3,Y=47,S=1 || L2:[sp=C,3] S=1,R=1,C=1,K=3,Y=39,X=1",-467677.0,-163324000.0,1,X|C,1
X,153,X,1,R,1,K,6,C,3,Y,147,S,1,C,3,Y,39,C,1,R,1,K,5,X,1,S,1,"L1:[sp=X,153] X=1,R=1,K=6,C=3,Y=147,S=1 || L2:[sp=C,3] Y=39,C=1,R=1,K=5,X=1,S=1",-inf,-inf,0,X|C,1
X,153,Y,47,X,1,K,6,C,3,R,2,S,1,C,3,S,1,R,1,C,1,K,3,Y,39,X,1,"L1:[sp=X,153] Y=47,X=1,K=6,C=3,R=2,S=1 || L2:[sp=C,3] S=1,R=1,C=1,K=3,Y=39,X=1",-478897.0,-163324000.0,1,X|C,1
X,153,X,1,Y,207,K,4,S,1,R,1,C,3,X,1,R,1,C,1,Y,3,S,1,X,1,K,1,"L1:[sp=X,153] X=1,Y=207,K=4,S=1,R=1,C=3 || L2:[sp=X,1] R=1,C=1,Y=3,S=1,X=1,K=1",-inf,-inf,0,X|X,1
X,153,X,1,K,6,R,2,C,3,Y,86,S,1,C,3,Y,36,C,1,R,1,K,5,X,1,S,1,"L1:[sp=X,153] X=1,K=6,R=2,C=3,Y=86,S=1 || L2:[sp=C,3] Y=36,C=1,R=1,K=5,X=1,S=1",-494893.0,-163324000.0,1,X|C,1
X,153,X,1,Y,117,K,4,C,3,R,2,S,1,C,3,R,1,C,1,Y,3,S,1,X,1,K,1,"L1:[sp=X,153] X=1,Y=117,K=4,C=3,R=2,S=1 || L2:[sp=C,3] R=1,C=1,Y=3,S=1,X=1,K=1",-516865.0,-163324000.0,1,X|C,1
X,153,R,1,C,3,K,6,S,1,Y,47,X,1,C,3,Y,40,K,4,R,1,X,1,C,1,S,1,"L1:[sp=X,153] R=1,C=3,K=6,S=1,Y=47,X=1 || L2:[sp=C,3] Y=40,K=4,R=1,X=1,C=1,S=1",-451261.0,-163324000.0,1,X|C,1
C,153,X,94,R,1,K,6,C,3,Y,47,S,1,X,3,Y,3,C,1,R,1,K,5,X,1,S,1,"L1:[sp=C,153] X=94,R=1,K=6,C=3,Y=47,S=1 || L2:[sp=X,3] Y=3,C=1,R=1,K=5,X=1,S=1",-28040014.0,-163324000.0,1,C|X,1
X,153,R,1,X,1,K,6,C,3,Y,47,S,1,C,3,Y,41,C,1,R,1,K,5,S,1,X,1,"L1:[sp=X,153] R=1,X=1,K=6,C=3,Y=47,S=1 || L2:[sp=C,3] Y=41,C=1,R=1,K=5,S=1,X=1",-428005.0,-163324000.0,1,X|C,1
X,153,X,1,R,1,K,44,C,3,Y,47,S,1,C,3,Y,39,C,1,R,1,K,5,X,1,S,1,"L1:[sp=X,153] X=1,R=1,K=44,C=3,Y=47,S=1 || L2:[sp=C,3] Y=39,C=1,R=1,K=5,X=1,S=1",-inf,-inf,0,X|C,1
X,153,C,3,X,1,K,6,Y,86,R,2,S,1,K,3,S,1,R,1,C,1,K,3,Y,36,X,1,"L1:[sp=X,153] C=3,X=1,K=6,Y=86,R=2,S=1 || L2:[sp=K,3] S=1,R=1,C=1,K=3,Y=36,X=1",-802693.0,-163324000.0,1,X|K,1
X,153,X,1,Y,101,K,4,C,3,R,2,S,1,C,3,R,1,C,1,Y,3,S,1,X,1,K,1,"L1:[sp=X,153] X=1,Y=101,K=4,C=3,R=2,S=1 || L2:[sp=C,3] R=1,C=1,Y=3,S=1,X=1,K=1",-526465.0,-163323000.0,1,X|C,1
X,153,R,1,X,1,K,6,C,3,Y,47,S,1,C,3,Y,41,C,1,K,5,R,1,S,1,X,1,"L1:[sp=X,153] R=1,X=1,K=6,C=3,Y=47,S=1 || L2:[sp=C,3] Y=41,C=1,K=5,R=1,S=1,X=1",-428005.0,-163324000.0,1,X|C,1
X,153,Y,47,X,1,K,6,C,3,R,2,S,1,C,3,S,1,R,1,K,3,C,2,Y,39,X,1,"L1:[sp=X,153] Y=47,X=1,K=6,C=3,R=2,S=1 || L2:[sp=C,3] S=1,R=1,K=3,C=2,Y=39,X=1",-956473.0,-163324000.0,1,X|C,1
X,153,R,1,X,1,K,6,C,3,Y,47,S,1,C,3,S,1,R,1,C,1,K,3,Y,39,X,1,"L1:[sp=X,153] R=1,X=1,K=6,C=3,Y=47,S=1 || L2:[sp=C,3] S=1,R=1,C=1,K=3,Y=39,X=1",-467677.0,-163324000.0,1,X|C,1
X,153,X,1,R,1,K,41,C,3,Y,47,S,1,C,3,Y,47,C,1,R,1,K,5,X,1,S,1,"L1:[sp=X,153] X=1,R=1,K=41,C=3,Y=47,S=1 || L2:[sp=C,3] Y=47,C=1,R=1,K=5,X=1,S=1",-inf,-inf,0,X|C,1
X,153,Y,86,C,3,K,6,X,1,R,2,S,1,C,3,S,1,R,1,C,1,K,3,Y,36,X,1,"L1:[sp=X,153] Y=86,C=3,K=6,X=1,R=2,S=1 || L2:[sp=C,3] S=1,R=1,C=1,K=3,Y=36,X=1",-535393.0,-163324000.0,1,X|C,1
X,153,X,1,K,6,R,2,C,3,Y,86,S,1,C,3,Y,36,C,1,R,1,K,5,X,1,S,1,"L1:[sp=X,153] X=1,K=6,R=2,C=3,Y=86,S=1 || L2:[sp=C,3] Y=36,C=1,R=1,K=5,X=1,S=1",-494893.0,-163324000.0,1,X|C,1
X,153,R,1,X,1,K,6,C,3,Y,47,S,3,C,3,S,1,R,1,C,1,K,4,Y,39,X,1,"L1:[sp=X,153] R=1,X=1,K=6,C=3,Y=47,S=3 || L2:[sp=C,3] S=1,R=1,C=1,K=4,Y=39,X=1",-1355413.0,-163324000.0,1,X|C,1
X,153,X,7,Y,86,R,2,C,3,K,6,S,1,C,3,Y,36,C,2,R,1,K,5,X,3,S,1,"L1:[sp=X,153] X=7,Y=86,R=2,C=3,K=6,S=1 || L2:[sp=C,3] Y=36,C=2,R=1,K=5,X=3,S=1",-inf,-inf,0,X|C,1
X,153,S,1,X,1,K,6,C,3,Y,47,R,1,C,3,S,1,R,1,C,1,K,1,Y,39,X,1,"L1:[sp=X,153] S=1,X=1,K=6,C=3,Y=47,R=1 || L2:[sp=C,3] S=1,R=1,C=1,K=1,Y=39,X=1",-453565.0,-163323000.0,1,X|C,1
X,153,R,1,X,1,K,6,C,3,Y,47,S,1,C,3,S,1,R,1,C,1,K,3,Y,39,X,1,"L1:[sp=X,153] R=1,X=1,K=6,C=3,Y=47,S=1 || L2:[sp=C,3] S=1,R=1,C=1,K=3,Y=39,X=1",-467677.0,-163324000.0,1,X|C,1
X,153,Y,47,X,116,K,6,C,3,R,2,S,1,C,3,S,1,R,1,C,1,K,3,Y,39,X,1,"L1:[sp=X,153] Y=47,X=116,K=6,C=3,R=2,S=1 || L2:[sp=C,3] S=1,R=1,C=1,K=3,Y=39,X=1",-inf,-inf,0,X|C,1
X,153,R,2,X,218,K,6,C,3,Y,86,S,1,C,3,Y,36,C,1,R,1,K,5,S,1,X,1,"L1:[sp=X,153] R=2,X=218,K=6,C=3,Y=86,S=1 || L2:[sp=C,3] Y=36,C=1,R=1,K=5,S=1,X=1",-inf,-inf,0,X|C,1
X,153,X,44,K,6,R,1,C,3,Y,47,S,1,C,3,Y,19,C,1,R,1,K,5,X,1,S,1,"L1:[sp=X,153] X=44,K=6,R=1,C=3,Y=47,S=1 || L2:[sp=C,3] Y=19,C=1,R=1,K=5,X=1,S=1",-inf,-inf,0,X|C,1
X,153,Y,47,X,1,K,5,C,3,R,2,S,1,C,3,S,1,R,1,C,1,K,2,Y,39,X,1,"L1:[sp=X,153] Y=47,X=1,K=5,C=3,R=2,S=1 || L2:[sp=C,3] S=1,R=1,C=1,K=2,Y=39,X=1",-464665.0,-163323000.0,1,X|C,1
C,153,Y,47,X,1,K,6,C,3,R,1,S,1,X,3,S,1,R,1,C,1,K,3,Y,39,X,1,"L1:[sp=C,153] Y=47,X=1,K=6,C=3,R=1,S=1 || L2:[sp=X,3] S=1,R=1,C=1,K=3,Y=39,X=1",-78347809.0,-163323000.0,1,C|X,1
X,153,X,1,Y,47,K,4,C,3,R,1,S,1,K,4,Y,41,C,1,R,1,S,1,X,1,K,1,"L1:[sp=X,153] X=1,Y=47,K=4,C=3,R=1,S=1 || L2:[sp=K,4] Y=41,C=1,R=1,S=1,X=1,K=1",-507169.0,-163323000.0,1,X|K,1
X,153,S,1,X,1,K,50,C,3,Y,117,R,2,C,3,Y,3,R,1,C,1,K,5,S,1,X,1,"L1:[sp=X,153] S=1,X=1,K=50,C=3,Y=117,R=2 || L2:[sp=C,3] Y=3,R=1,C=1,K=5,S=1,X=1",-inf,-inf,0,X|C,1
X,153,R,1,X,1,K,6,C,3,Y,47,S,1,C,3,Y,41,C,1,R,1,K,5,S,1,X,1,"L1:[sp=X,153] R=1,X=1,K=6,C=3,Y=47,S=1 || L2:[sp=C,3] Y=41,C=1,R=1,K=5,S=1,X=1",-428005.0,-163324000.0,1,X|C,1
X,153,S,1,X,1,K,6,C,3,Y,47,R,1,C,3,S,1,K,1,C,2,R,1,Y,39,X,1,"L1:[sp=X,153] S=1,X=1,K=6,C=3,Y=47,R=1 || L2:[sp=C,3] S=1,K=1,C=2,R=1,Y=39,X=1",-905149.0,-163324000.0,1,X|C,1
X,153,S,3,R,1,K,6,C,3,Y,47,X,1,C,3,Y,41,C,1,R,1,K,5,S,3,X,1,"L1:[sp=X,153] S=3,R=1,K=6,C=3,Y=47,X=1 || L2:[sp=C,3] Y=41,C=1,R=1,K=5,S=3,X=1",-inf,-inf,0,X|C,1
X,153,X,1,Y,47,K,4,C,3,R,2,S,1,K,4,Y,39,C,1,R,1,S,1,X,1,K,1,"L1:[sp=X,153] X=1,Y=47,K=4,C=3,R=2,S=1 || L2:[sp=K,4] Y=39,C=1,R=1,S=1,X=1,K=1",-523873.0,-163323000.0,1,X|K,1
C,153,Y,47,X,1,K,5,C,3,R,1,S,1,C,3,S,1,R,1,C,1,K,2,Y,35,X,1,"L1:[sp=C,153] Y=47,X=1,K=5,C=3,R=1,S=1 || L2:[sp=C,3] S=1,R=1,C=1,K=2,Y=35,X=1",-30451681.0,-163323000.0,1,C|C,1
X,153,X,1,R,1,K,4,C,3,Y,47,S,1,K,4,Y,41,C,1,R,1,S,1,X,1,K,1,"L1:[sp=X,153] X=1,R=1,K=4,C=3,Y=47,S=1 || L2:[sp=K,4] Y=41,C=1,R=1,S=1,X=1,K=1",-507169.0,-163323000.0,1,X|K,1
X,153,R,3,X,1,K,6,C,3,Y,47,S,1,C,3,Y,9,C,1,R,1,K,5,S,1,X,1,"L1:[sp=X,153] R=3,X=1,K=6,C=3,Y=47,S=1 || L2:[sp=C,3] Y=9,C=1,R=1,K=5,S=1,X=1",-510133.0,-163323000.0,1,X|C,1
X,153,S,2,X,1,Y,47,C,3,K,6,R,1,C,3,S,1,R,1,C,1,K,1,Y,46,X,1,"L1:[sp=X,153] S=2,X=1,Y=47,C=3,K=6,R=1 || L2:[sp=C,3] S=1,R=1,C=1,K=1,Y=46,X=1",-872233.0,-163324000.0,1,X|C,1
X,153,R,1,X,1,K,6,C,2,Y,47,S,1,C,3,S,1,R,1,C,2,K,3,Y,39,X,1,"L1:[sp=X,153] R=1,X=1,K=6,C=2,Y=47,S=1 || L2:[sp=C,3] S=1,R=1,C=2,K=3,Y=39,X=1",-1866745.0,-163324000.0,1,X|C,1
X,153,R,2,X,1,K,32,C,3,Y,47,S,1,C,3,X,1,C,1,R,1,K,4,S,1,Y,39,"L1:[sp=X,153] R=2,X=1,K=32,C=3,Y=47,S=1 || L2:[sp=C,3] X=1,C=1,R=1,K=4,S=1,Y=39",-inf,-inf,0,X|C,1
X,153,Y,47,X,204,K,5,C,3,R,3,S,1,C,3,S,1,R,1,C,2,K,2,Y,41,X,1,"L1:[sp=X,153] Y=47,X=204,K=5,C=3,R=3,S=1 || L2:[sp=C,3] S=1,R=1,C=2,K=2,Y=41,X=1",-inf,-inf,0,X|C,1
X,153,R,2,Y,102,K,6,C,3,X,1,S,1,C,3,S,1,R,1,C,1,K,3,Y,39,X,1,"L1:[sp=X,153] R=2,Y=102,K=6,C=3,X=1,S=1 || L2:[sp=C,3] S=1,R=1,C=1,K=3,Y=39,X=1",-549649.0,-163324000.0,1,X|C,1
Y,153,X,1,K,6,R,1,C,3,Y,86,S,1,C,3,Y,36,C,1,R,1,K,5,X,1,S,1,"L1:[sp=Y,153] X=1,K=6,R=1,C=3,Y=86,S=1 || L2:[sp=C,3] Y=36,C=1,R=1,K=5,X=1,S=1",-10598113.0,-163323000.0,1,Y|C,1
X,153,X,1,Y,101,K,4,C,3,R,2,S,1,C,3,R,1,C,2,Y,3,S,1,K,1,X,1,"L1:[sp=X,153] X=1,Y=101,K=4,C=3,R=2,S=1 || L2:[sp=C,3] R=1,C=2,Y=3,S=1,K=1,X=1",-1051777.0,-163323000.0,1,X|C,1
X,153,S,1,X,1,K,6,C,3,Y,155,R,1,C,3,Y,41,C,1,K,5,R,1,S,1,X,1,"L1:[sp=X,153] S=1,X=1,K=6,C=3,Y=155,R=1 || L2:[sp=C,3] Y=41,C=1,K=5,R=1,S=1,X=1",-inf,-inf,0,X|C,1
X,153,X,1,Y,47,K,4,C,3,R,1,S,1,K,4,Y,41,C,1,R,1,S,1,X,1,K,1,"L1:[sp=X,153] X=1,Y=47,K=4,C=3,R=1,S=1 || L2:[sp=K,4] Y=41,C=1,R=1,S=1,X=1,K=1",-507169.0,-163323000.0,1,X|K,1
Y,153,R,1,X,1,K,6,C,3,Y,47,S,1,C,3,C,1,Y,41,K,5,R,1,S,1,X,1,"L1:[sp=Y,153] R=1,X=1,K=6,C=3,Y=47,S=1 || L2:[sp=C,3] C=1,Y=41,K=5,R=1,S=1,X=1",-5802049.0,-163324000.0,1,Y|C,1
X,153,X,1,Y,135,K,4,C,3,R,2,S,1,C,3,R,1,C,1,Y,36,S,1,X,1,K,1,"L1:[sp=X,153] X=1,Y=135,K=4,C=3,R=2,S=1 || L2:[sp=C,3] R=1,C=1,Y=36,S=1,X=1,K=1",-544513.0,-163324000.0,1,X|C,1
C,153,X,1,K,64,R,2,C,3,Y,101,S,1,X,3,Y,3,C,1,R,1,K,2,X,1,S,1,"L1:[sp=C,153] X=1,K=64,R=2,C=3,Y=101,S=1 || L2:[sp=X,3] Y=3,C=1,R=1,K=2,X=1,S=1",-88256449.0,-163323000.0,1,C|X,1
X,153,X,1,Y,101,R,2,C,3,K,4,S,1,C,3,R,2,C,1,Y,3,S,1,X,1,K,1,"L1:[sp=X,153] X=1,Y=101,R=2,C=3,K=4,S=1 || L2:[sp=C,3] R=2,C=1,Y=3,S=1,X=1,K=1",-686209.0,-163323000.0,1,X|C,1
X,153,X,1,K,6,R,2,C,2,Y,86,S,1,C,3,Y,36,C,1,R,1,K,5,X,1,S,1,"L1:[sp=X,153] X=1,K=6,R=2,C=2,Y=86,S=1 || L2:[sp=C,3] Y=36,C=1,R=1,K=5,X=1,S=1",-989785.0,-163324000.0,1,X|C,1
X,153,R,1,X,1,K,6,C,3,Y,47,S,1,C,3,Y,41,C,1,R,1,K,5,S,1,X,1,"L1:[sp=X,153] R=1,X=1,K=6,C=3,Y=47,S=1 || L2:[sp=C,3] Y=41,C=1,R=1,K=5,S=1,X=1",-428005.0,-163324000.0,1,X|C,1
X,153,R,3,X,1,K,6,C,3,Y,47,S,1,C,3,Y,39,C,3,X,1,K,5,S,1,R,1,"L1:[sp=X,153] R=3,X=1,K=6,C=3,Y=47,S=1 || L2:[sp=C,3] Y=39,C=3,X=1,K=5,S=1,R=1",-inf,-inf,0,X|C,1
X,153,R,2,Y,102,K,6,C,2,X,212,S,1,C,3,S,1,R,1,C,1,K,3,Y,39,X,1,"L1:[sp=X,153] R=2,Y=102,K=6,C=2,X=212,S=1 || L2:[sp=C,3] S=1,R=1,C=1,K=3,Y=39,X=1",-inf,-inf,0,X|C,1
X,153,K,4,R,2,X,1,C,3,Y,47,S,1,K,4,Y,41,C,1,R,1,S,1,X,1,K,1,"L1:[sp=X,153] K=4,R=2,X=1,C=3,Y=47,S=1 || L2:[sp=K,4] Y=41,C=1,R=1,S=1,X=1,K=1",-518689.0,-163323000.0,1,X|K,1
X,153,R,2,Y,96,S,1,C,3,X,1,K,6,C,3,Y,5,R,1,C,1,K,3,S,1,X,1,"L1:[sp=X,153] R=2,Y=96,S=1,C=3,X=1,K=6 || L2:[sp=C,3] Y=5,R=1,C=1,K=3,S=1,X=1",-537769.0,-163324000.0,1,X|C,1
X,153,S,1,X,1,K,6,C,3,Y,47,R,2,X,1,Y,27,C,1,R,1,K,5,S,1,X,1,"L1:[sp=X,153] S=1,X=1,K=6,C=3,Y=47,R=2 || L2:[sp=X,1] Y=27,C=1,R=1,K=5,S=1,X=1",-inf,-inf,0,X|X,1
X,153,X,1,Y,47,K,4,C,3,R,1,S,1,K,4,Y,12,C,1,R,1,S,1,X,1,K,1,"L1:[sp=X,153] X=1,Y=47,K=4,C=3,R=1,S=1 || L2:[sp=K,4] Y=12,C=1,R=1,S=1,X=1,K=1",-584929.0,-163323000.0,1,X|K,1
X,153,X,1,Y,101,R,2,C,1,K,4,S,1,C,3,R,1,X,1,Y,3,S,1,C,1,K,1,"L1:[sp=X,153] X=1,Y=101,R=2,C=1,K=4,S=1 || L2:[sp=C,3] R=1,X=1,Y=3,S=1,C=1,K=1",-1579393.0,-163323000.0,1,X|C,1
X,153,X,1,Y,135,K,42,C,2,R,2,S,1,C,3,R,1,C,1,Y,36,S,1,X,1,K,1,"L1:[sp=X,153] X=1,Y=135,K=42,C=2,R=2,S=1 || L2:[sp=C,3] R=1,C=1,Y=36,S=1,X=1,K=1",-inf,-inf,0,X|C,1
C,153,R,1,X,1,K,6,C,3,Y,47,S,1,X,3,Y,41,C,1,R,1,K,5,S,1,X,1,"L1:[sp=C,153] R=1,X=1,K=6,C=3,Y=47,S=1 || L2:[sp=X,3] Y=41,C=1,R=1,K=5,S=1,X=1",-71682913.0,-163323000.0,1,C|X,1
X,153,S,1,X,1,K,6,C,3,Y,47,R,3,C,3,Y,9,C,1,R,1,K,5,S,1,X,1,"L1:[sp=X,153] S=1,X=1,K=6,C=3,Y=47,R=3 || L2:[sp=C,3] Y=9,C=1,R=1,K=5,S=1,X=1",-510133.0,-163323000.0,1,X|C,1
X,153,X,1,Y,218,K,4,C,3,R,2,S,1,K,4,Y,39,C,1,R,1,S,1,X,1,K,1,"L1:[sp=X,153] X=1,Y=218,K=4,C=3,R=2,S=1 || L2:[sp=K,4] Y=39,C=1,R=1,S=1,X=1,K=1",-inf,-inf,0,X|K,1
X,153,X,1,Y,93,K,4,C,3,R,1,S,1,K,4,Y,41,C,1,R,1,S,1,X,1,K,1,"L1:[sp=X,153] X=1,Y=93,K=4,C=3,R=1,S=1 || L2:[sp=K,4] Y=41,C=1,R=1,S=1,X=1,K=1",-513217.0,-163323000.0,1,X|K,1
X,153,X,1,Y,47,R,2,C,3,K,4,S,1,C,3,R,1,C,1,Y,41,S,1,X,1,K,1,"L1:[sp=X,153] X=1,Y=47,R=2,C=3,K=4,S=1 || L2:[sp=C,3] R=1,C=1,Y=41,S=1,X=1,K=1",-460417.0,-163323000.0,1,X|C,1
Y,153,X,1,R,2,K,4,C,3,Y,101,S,3,K,4,Y,3,C,1,R,1,S,1,X,1,K,1,"L1:[sp=Y,153] X=1,R=2,K=4,C=3,Y=101,S=3 || L2:[sp=K,4] Y=3,C=1,R=1,S=1,X=1,K=1",-29353729.0,-163323000.0,1,Y|K,1
X,153,R,3,X,1,K,6,C,3,Y,47,S,1,C,3,Y,9,K,5,R,1,C,3,S,1,X,1,"L1:[sp=X,153] R=3,X=1,K=6,C=3,Y=47,S=1 || L2:[sp=C,3] Y=9,K=5,R=1,C=3,S=1,X=1",-1529077.0,-163323000.0,1,X|C,1
X,153,X,1,Y,135,K,25,C,3,R,2,S,1,C,3,R,1,C,1,Y,54,S,1,X,1,K,1,"L1:[sp=X,153] X=1,Y=135,K=25,C=3,R=2,S=1 || L2:[sp=C,3] R=1,C=1,Y=54,S=1,X=1,K=1",-inf,-inf,0,X|C,1
X,153,R,3,X,1,K,54,C,3,Y,47,S,1,C,3,Y,9,C,1,R,1,K,5,S,1,X,1,"L1:[sp=X,153] R=3,X=1,K=54,C=3,Y=47,S=1 || L2:[sp=C,3] Y=9,C=1,R=1,K=5,S=1,X=1",-inf,-inf,0,X|C,1
X,153,R,1,X,1,K,6,C,3,Y,47,S,1,C,3,Y,41,X,1,R,1,K,5,S,1,C,1,"L1:[sp=X,153] R=1,X=1,K=6,C=3,Y=47,S=1 || L2:[sp=C,3] Y=41,X=1,R=1,K=5,S=1,C=1",-428005.0,-163324000.0,1,X|C,1
X,153,R,2,Y,102,K,6,C,3,X,1,S,1,C,3,S,1,R,1,C,1,K,3,Y,39,X,1,"L1:[sp=X,153] R=2,Y=102,K=6,C=3,X=1,S=1 || L2:[sp=C,3] S=1,R=1,C=1,K=3,Y=39,X=1",-549649.0,-163324000.0,1,X|C,1
X,153,X,1,Y,101,S,1,C,3,K,4,R,2,K,4,R,2,C,1,Y,3,S,1,X,1,K,1,"L1:[sp=X,153] X=1,Y=101,S=1,C=3,K=4,R=2 || L2:[sp=K,4] R=2,C=1,Y=3,S=1,X=1,K=1",-772417.0,-163323000.0,1,X|K,1
X,153,R,1,X,1,K,6,C,3,Y,47,S,1,C,3,Y,41,C,1,R,1,K,5,S,1,X,1,"L1:[sp=X,153] R=1,X=1,K=6,C=3,Y=47,S=1 || L2:[sp=C,3] Y=41,C=1,R=1,K=5,S=1,X=1",-428005.0,-163324000.0,1,X|C,1
X,153,R,3,Y,47,K,6,C,3,X,1,S,1,C,3,S,1,R,1,K,2,C,1,Y,9,X,1,"L1:[sp=X,153] R=3,Y=47,K=6,C=3,X=1,S=1 || L2:[sp=C,3] S=1,R=1,K=2,C=1,Y=9,X=1",-535189.0,-163323000.0,1,X|C,1
X,153,S,1,X,1,K,6,C,3,Y,41,R,2,C,3,Y,39,C,1,R,1,K,5,S,1,X,1,"L1:[sp=X,153] S=1,X=1,K=6,C=3,Y=41,R=2 || L2:[sp=C,3] Y=39,C=1,R=1,K=5,S=1,X=1",-469333.0,-163324000.0,1,X|C,1
X,153,R,1,X,1,K,49,C,3,Y,47,S,1,C,3,Y,41,C,1,R,1,K,5,S,1,X,1,"L1:[sp=X,153] R=1,X=1,K=49,C=3,Y=47,S=1 || L2:[sp=C,3] Y=41,C=1,R=1,K=5,S=1,X=1",-inf,-inf,0,X|C,1
Y,153,R,2,Y,223,S,1,C,3,X,1,K,6,C,3,Y,5,R,1,C,1,K,3,S,1,X,1,"L1:[sp=Y,153] R=2,Y=223,S=1,C=3,X=1,K=6 || L2:[sp=C,3] Y=5,R=1,C=1,K=3,S=1,X=1",-29819329.0,-163323000.0,1,Y|C,1
K,153,X,1,Y,93,K,4,C,3,R,1,S,1,K,4,Y,41,C,1,R,1,S,1,X,1,K,1,"L1:[sp=K,153] X=1,Y=93,K=4,C=3,R=1,S=1 || L2:[sp=K,4] Y=41,C=1,R=1,S=1,X=1,K=1",-1197505.0,-163323000.0,1,K|K,1
X,153,R,1,X,1,K,6,C,3,Y,47,S,1,C,3,Y,41,X,1,R,1,K,5,S,1,C,1,"L1:[sp=X,153] R=1,X=1,K=6,C=3,Y=47,S=1 || L2:[sp=C,3] Y=41,X=1,R=1,K=5,S=1,C=1",-428005.0,-163324000.0,1,X|C,1
X,153,X,1,Y,47,K,4,C,3,R,1,S,1,K,4,Y,41,C,3,R,1,S,1,X,1,K,1,"L1:[sp=X,153] X=1,Y=47,K=4,C=3,R=1,S=1 || L2:[sp=K,4] Y=41,C=3,R=1,S=1,X=1,K=1",-507169.0,-163323000.0,1,X|K,1
X,153,R,1,X,1,K,6,C,2,Y,93,S,1,C,3,Y,41,C,1,R,1,K,5,S,1,X,1,"L1:[sp=X,153] R=1,X=1,K=6,C=2,Y=93,S=1 || L2:[sp=C,3] Y=41,C=1,R=1,K=5,S=1,X=1",-867601.0,-163324000.0,1,X|C,1
X,153,R,2,X,1,K,6,C,3,Y,111,S,1,C,3,Y,41,C,1,R,1,K,5,S,1,X,1,"L1:[sp=X,153] R=2,X=1,K=6,C=3,Y=111,S=1 || L2:[sp=C,3] Y=41,C=1,R=1,K=5,S=1,X=1",-inf,-inf,0,X|C,1
X,153,K,4,R,1,X,1,C,3,Y,47,S,1,K,4,Y,41,C,2,R,1,S,1,X,1,K,1,"L1:[sp=X,153] K=4,R=1,X=1,C=3,Y=47,S=1 || L2:[sp=K,4] Y=41,C=2,R=1,S=1,X=1,K=1",-507169.0,-163323000.0,1,X|K,1
X,153,R,1,X,1,K,6,C,3,Y,47,S,2,C,3,Y,41,C,1,R,1,K,5,S,1,X,1,"L1:[sp=X,153] R=1,X=1,K=6,C=3,Y=47,S=2 || L2:[sp=C,3] Y=41,C=1,R=1,K=5,S=1,X=1",-853369.0,-163324000.0,1,X|C,1
X,153,R,3,X,1,C,3,K,6,Y,47,S,1,C,3,Y,41,X,1,C,1,K,5,S,1,R,1,"L1:[sp=X,153] R=3,X=1,C=3,K=6,Y=47,S=1 || L2:[sp=C,3] Y=41,X=1,C=1,K=5,S=1,R=1",-448645.0,-163324000.0,1,X|C,1
X,153,R,2,X,1,K,6,C,3,Y,47,S,1,C,3,Y,41,C,1,R,2,K,6,S,1,X,1,"L1:[sp=X,153] R=2,X=1,K=6,C=3,Y=47,S=1 || L2:[sp=C,3] Y=41,C=1,R=2,K=6,S=1,X=1",-inf,-inf,0,X|C,1
X,153,K,4,R,1,X,204,C,3,Y,47,S,1,K,4,Y,41,C,1,R,1,S,1,X,1,K,1,"L1:[sp=X,153] K=4,R=1,X=204,C=3,Y=47,S=1 || L2:[sp=K,4] Y=41,C=1,R=1,S=1,X=1,K=1",-inf,-inf,0,X|K,1
X,153,R,2,Y,102,K,6,X,1,C,3,S,1,C,3,S,1,R,1,C,1,K,3,Y,39,X,1,"L1:[sp=X,153] R=2,Y=102,K=6,X=1,C=3,S=1 || L2:[sp=C,3] S=1,R=1,C=1,K=3,Y=39,X=1",-549649.0,-163324000.0,1,X|C,1
X,153,X,1,Y,47,R,2,C,3,K,60,S,1,C,3,R,1,C,1,Y,41,S,1,X,1,K,1,"L1:[sp=X,153] X=1,Y=47,R=2,C=3,K=60,S=1 || L2:[sp=C,3] R=1,C=1,Y=41,S=1,X=1,K=1",-inf,-inf,0,X|C,1
X,153,X,1,Y,224,K,4,C,3,R,1,S,1,K,4,Y,41,C,1,R,1,S,1,X,1,K,1,"L1:[sp=X,153] X=1,Y=224,K=4,C=3,R=1,S=1 || L2:[sp=K,4] Y=41,C=1,R=1,S=1,X=1,K=1",-inf,-inf,0,X|K,1
X,153,S,1,X,1,K,6,C,3,Y,47,R,1,C,3,Y,9,C,1,R,1,K,5,S,1,X,1,"L1:[sp=X,153] S=1,X=1,K=6,C=3,Y=47,R=1 || L2:[sp=C,3] Y=9,C=1,R=1,K=5,S=1,X=1",-493885.0,-163323000.0,1,X|C,1
X,153,R,2,X,1,K,6,C,3,Y,47,S,1,C,3,Y,41,X,1,R,1,K,5,S,1,C,3,"L1:[sp=X,153] R=2,X=1,K=6,C=3,Y=47,S=1 || L2:[sp=C,3] Y=41,X=1,R=1,K=5,S=1,C=3",-inf,-inf,0,X|C,1
X,153,S,1,R,1,X,1,C,3,Y,47,K,32,K,4,Y,41,C,1,R,1,S,1,X,1,K,1,"L1:[sp=X,153] S=1,R=1,X=1,C=3,Y=47,K=32 || L2:[sp=K,4] Y=41,C=1,R=1,S=1,X=1,K=1",-inf,-inf,0,X|K,1
X,153,R,1,X,1,K,6,C,3,Y,47,S,1,C,3,Y,41,C,1,R,1,K,5,S,1,X,1,"L1:[sp=X,153] R=1,X=1,K=6,C=3,Y=47,S=1 || L2:[sp=C,3] Y=41,C=1,R=1,K=5,S=1,X=1",-428005.0,-163324000.0,1,X|C,1
X,153,R,1,X,1,K,6,C,3,Y,47,S,1,C,3,Y,41,X,1,R,1,K,5,S,1,C,1,"L1:[sp=X,153] R=1,X=1,K=6,C=3,Y=47,S=1 || L2:[sp=C,3] Y=41,X=1,R=1,K=5,S=1,C=1",-428005.0,-163324000.0,1,X|C,1
X,153,X,1,Y,47,K,4,C,3,R,3,S,1,K,4,Y,15,C,3,R,1,S,1,X,1,K,1,"L1:[sp=X,153] X=1,Y=47,K=4,C=3,R=3,S=1 || L2:[sp=K,4] Y=15,C=3,R=1,S=1,X=1,K=1",-597601.0,-163323000.0,1,X|K,1
X,153,K,4,R,3,X,1,C,2,Y,47,S,1,X,1,Y,41,C,2,R,1,S,1,X,1,K,1,"L1:[sp=X,153] K=4,R=3,X=1,C=2,Y=47,S=1 || L2:[sp=X,1] Y=41,C=2,R=1,S=1,X=1,K=1",-940993.0,-163324000.0,1,X|X,1
X,153,R,1,Y,47,K,6,C,3,X,1,S,1,C,3,S,1,R,1,K,2,X,1,Y,9,C,1,"L1:[sp=X,153] R=1,Y=47,K=6,C=3,X=1,S=1 || L2:[sp=C,3] S=1,R=1,K=2,X=1,Y=9,C=1",-518077.0,-163323000.0,1,X|C,1
X,153,R,2,C,3,K,6,Y,47,X,1,S,1,C,3,Y,41,C,2,R,1,K,5,S,1,X,1,"L1:[sp=X,153] R=2,C=3,K=6,Y=47,X=1,S=1 || L2:[sp=C,3] Y=41,C=2,R=1,K=5,S=1,X=1",-inf,-inf,0,X|C,1
X,153,S,1,X,1,K,33,C,3,Y,41,R,1,C,3,Y,39,C,1,R,1,K,5,S,1,X,1,"L1:[sp=X,153] S=1,X=1,K=33,C=3,Y=41,R=1 || L2:[sp=C,3] Y=39,C=1,R=1,K=5,S=1,X=1",-inf,-inf,0,X|C,1
X,153,S,2,X,1,K,6,C,3,Y,47,R,2,C,3,Y,41,C,1,R,1,K,5,X,1,S,1,"L1:[sp=X,153] S=2,X=1,K=6,C=3,Y=47,R=2 || L2:[sp=C,3] Y=41,C=1,R=1,K=5,X=1,S=1",-874889.0,-163324000.0,1,X|C,1
K,153,X,1,Y,41,K,15,C,3,R,2,S,1,X,4,Y,39,C,3,R,1,S,1,X,1,K,15,"L1:[sp=K,153] X=1,Y=41,K=15,C=3,R=2,S=1 || L2:[sp=X,4] Y=39,C=3,R=1,S=1,X=1,K=15",-inf,-inf,0,K|X,1
X,153,C,2,X,1,K,6,S,1,Y,47,R,3,C,3,Y,9,C,1,R,1,K,5,S,1,X,1,"L1:[sp=X,153] C=2,X=1,K=6,S=1,Y=47,R=3 || L2:[sp=C,3] Y=9,C=1,R=1,K=5,S=1,X=1",-1020265.0,-163323000.0,1,X|C,1
X,153,R,1,Y,47,K,6,C,3,X,1,S,1,C,3,S,1,R,1,K,2,C,1,Y,9,X,1,"L1:[sp=X,153] R=1,Y=47,K=6,C=3,X=1,S=1 || L2:[sp=C,3] S=1,R=1,K=2,C=1,Y=9,X=1",-518077.0,-163323000.0,1,X|C,1
X,153,R,1,Y,47,K,6,C,3,X,1,S,1,C,3,S,1,R,1,K,2,C,1,Y,9,X,1,"L1:[sp=X,153] R=1,Y=47,K=6,C=3,X=1,S=1 || L2:[sp=C,3] S=1,R=1,K=2,C=1,Y=9,X=1",-518077.0,-163323000.0,1,X|C,1
X,153,S,1,X,1,K,6,C,3,Y,41,R,2,C,3,Y,39,C,2,R,1,K,5,S,1,X,1,"L1:[sp=X,153] S=1,X=1,K=6,C=3,Y=41,R=2 || L2:[sp=C,3] Y=39,C=2,R=1,K=5,S=1,X=1",-inf,-inf,0,X|C,1
X,153,R,1,X,1,C,3,K,6,Y,157,S,1,C,3,Y,41,X,1,C,3,K,5,S,1,R,1,"L1:[sp=X,153] R=1,X=1,C=3,K=6,Y=157,S=1 || L2:[sp=C,3] Y=41,X=1,C=3,K=5,S=1,R=1",-inf,-inf,0,X|C,1
X,153,X,1,Y,13,K,19,C,3,R,3,S,1,K,4,Y,13,C,1,R,1,S,1,X,1,K,1,"L1:[sp=X,153] X=1,Y=13,K=19,C=3,R=3,S=1 || L2:[sp=K,4] Y=13,C=1,R=1,S=1,X=1,K=1",-709075.0,-163323000.0,1,X|K,1
X,153,S,1,Y,47,K,4,C,3,R,1,X,1,K,4,Y,40,C,3,R,1,S,1,X,1,K,1,"L1:[sp=X,153] S=1,Y=47,K=4,C=3,R=1,X=1 || L2:[sp=K,4] Y=40,C=3,R=1,S=1,X=1,K=1",-509761.0,-163323000.0,1,X|K,1
K,153,R,1,X,1,K,6,C,1,Y,47,S,1,X,1,Y,41,C,1,R,1,K,5,S,1,X,1,"L1:[sp=K,153] R=1,X=1,K=6,C=1,Y=47,S=1 || L2:[sp=X,1] Y=41,C=1,R=1,K=5,S=1,X=1",-7070113.0,-163324000.0,1,K|X,1
X,153,R,1,X,1,C,3,K,6,Y,47,S,1,C,3,Y,41,X,1,C,1,K,3,S,1,R,1,"L1:[sp=X,153] R=1,X=1,C=3,K=6,Y=47,S=1 || L2:[sp=C,3] Y=41,X=1,C=1,K=3,S=1,R=1",-462925.0,-163324000.0,1,X|C,1
X,153,X,1,Y,47,K,4,C,3,R,3,S,1,K,4,Y,41,C,1,R,1,S,1,X,1,K,1,"L1:[sp=X,153] X=1,Y=47,K=4,C=3,R=3,S=1 || L2:[sp=K,4] Y=41,C=1,R=1,S=1,X=1,K=1",-530209.0,-163323000.0,1,X|K,1
Y,153,R,3,X,1,K,6,C,3,S,1,Y,47,C,3,Y,41,C,1,R,1,K,5,S,1,X,1,"L1:[sp=Y,153] R=3,X=1,K=6,C=3,S=1,Y=47 || L2:[sp=C,3] Y=41,C=1,R=1,K=5,S=1,X=1",-6033217.0,-163324000.0,1,Y|C,1
X,153,R,1,Y,47,K,6,C,2,X,1,S,1,C,3,S,1,R,1,K,2,C,1,Y,26,X,1,"L1:[sp=X,153] R=1,Y=47,K=6,C=2,X=1,S=1 || L2:[sp=C,3] S=1,R=1,K=2,C=1,Y=26,X=1",-1086841.0,-163323000.0,1,X|C,1
X,153,R,1,X,1,K,6,C,3,Y,47,S,1,C,3,Y,41,C,1,R,1,K,5,S,1,X,1,"L1:[sp=X,153] R=1,X=1,K=6,C=3,Y=47,S=1 || L2:[sp=C,3] Y=41,C=1,R=1,K=5,S=1,X=1",-428005.0,-163324000.0,1,X|C,1
X,153,R,1,X,1,K,6,C,3,Y,47,S,1,C,3,Y,41,X,1,R,1,K,5,S,1,C,1,"L1:[sp=X,153] R=1,X=1,K=6,C=3,Y=47,S=1 || L2:[sp=C,3] Y=41,X=1,R=1,K=5,S=1,C=1",-428005.0,-163324000.0,1,X|C,1
X,153,X,1,Y,47,K,4,C,3,R,3,S,1,C,1,Y,41,C,1,R,1,S,1,X,1,K,1,"L1:[sp=X,153] X=1,Y=47,K=4,C=3,R=3,S=1 || L2:[sp=C,1] Y=41,C=1,R=1,S=1,X=1,K=1",-inf,-inf,0,X|C,1
X,153,R,1,Y,47,K,6,C,3,X,1,S,1,C,3,S,1,R,1,K,2,X,1,Y,30,C,1,"L1:[sp=X,153] R=1,Y=47,K=6,C=3,X=1,S=1 || L2:[sp=C,3] S=1,R=1,K=2,X=1,Y=30,C=1",-543421.0,-163323000.0,1,X|C,1
X,153,R,1,S,1,X,1,C,3,Y,47,K,6,C,3,Y,9,X,1,R,1,K,5,S,1,C,3,"L1:[sp=X,153] R=1,S=1,X=1,C=3,Y=47,K=6 || L2:[sp=C,3] Y=9,X=1,R=1,K=5,S=1,C=3",-1477693.0,-163323000.0,1,X|C,1
X,153,R,1,X,1,S,1,K,6,Y,47,C,3,C,3,Y,6,X,1,C,1,K,3,S,1,R,1,"L1:[sp=X,153] R=1,X=1,S=1,K=6,Y=47,C=3 || L2:[sp=C,3] Y=6,X=1,C=1,K=3,S=1,R=1",-534205.0,-163323000.0,1,X|C,1
X,153,R,1,X,1,K,6,C,3,Y,47,S,1,C,3,Y,41,X,1,R,1,K,5,S,1,C,1,"L1:[sp=X,153] R=1,X=1,K=6,C=3,Y=47,S=1 || L2:[sp=C,3] Y=41,X=1,R=1,K=5,S=1,C=1",-428005.0,-163324000.0,1,X|C,1
X,153,R,1,Y,47,K,2,C,1,X,1,S,1,C,3,S,1,R,1,K,2,C,1,Y,41,X,1,"L1:[sp=X,153] R=1,Y=47,K=2,C=1,X=1,S=1 || L2:[sp=C,3] S=1,R=1,K=2,C=1,Y=41,X=1",-1358209.0,-163323000.0,1,X|C,1
X,153,R,1,X,1,C,3,K,44,Y,47,S,1,C,3,Y,9,X,1,C,1,K,3,S,1,R,1,"L1:[sp=X,153] R=1,X=1,C=3,K=44,Y=47,S=1 || L2:[sp=C,3] Y=9,X=1,C=1,K=3,S=1,R=1",-inf,-inf,0,X|C,1
X,153,R,3,Y,47,K,4,C,3,X,1,S,1,X,1,Y,41,C,1,R,1,S,1,X,1,K,1,"L1:[sp=X,153] R=3,Y=47,K=4,C=3,X=1,S=1 || L2:[sp=X,1] Y=41,C=1,R=1,S=1,X=1,K=1",-inf,-inf,0,X|X,1
X,153,X,1,Y,47,K,4,C,3,R,3,S,1,K,4,Y,15,C,2,R,1,S,1,X,1,K,1,"L1:[sp=X,153] X=1,Y=47,K=4,C=3,R=3,S=1 || L2:[sp=K,4] Y=15,C=2,R=1,S=1,X=1,K=1",-597601.0,-163323000.0,1,X|K,1
X,153,R,3,X,1,K,6,C,3,Y,47,S,1,C,3,Y,15,X,1,R,1,K,5,S,1,C,1,"L1:[sp=X,153] R=3,X=1,K=6,C=3,Y=47,S=1 || L2:[sp=C,3] Y=15,X=1,R=1,K=5,S=1,C=1",-505741.0,-163323000.0,1,X|C,1
X,153,X,1,S,1,K,5,C,3,R,1,Y,47,K,4,Y,41,C,3,R,1,S,1,X,1,K,1,"L1:[sp=X,153] X=1,S=1,K=5,C=3,R=1,Y=47 || L2:[sp=K,4] Y=41,C=3,R=1,S=1,X=1,K=1",-789211.0,-163324000.0,1,X|K,1
X,153,R,2,Y,47,K,6,C,3,X,76,S,1,C,3,S,1,R,1,K,2,C,1,Y,9,X,1,"L1:[sp=X,153] R=2,Y=47,K=6,C=3,X=76,S=1 || L2:[sp=C,3] S=1,R=1,K=2,C=1,Y=9,X=1",-inf,-inf,0,X|C,1
X,153,R,1,X,1,C,3,K,6,Y,26,S,1,C,3,Y,26,X,1,C,1,K,3,S,1,R,1,"L1:[sp=X,153] R=1,X=1,C=3,K=6,Y=26,S=1 || L2:[sp=C,3] Y=26,X=1,C=1,K=3,S=1,R=1",-559549.0,-163323000.0,1,X|C,1
X,153,X,1,Y,47,K,4,C,3,R,3,S,1,K,4,Y,15,C,3,R,1,S,1,X,1,K,3,"L1:[sp=X,153] X=1,Y=47,K=4,C=3,R=3,S=1 || L2:[sp=K,4] Y=15,C=3,R=1,S=1,X=1,K=3",-1789921.0,-163323000.0,1,X|K,1
X,153,R,1,Y,47,K,6,C,3,X,1,S,1,C,1,S,1,R,1,K,2,C,1,Y,9,X,1,"L1:[sp=X,153] R=1,Y=47,K=6,C=3,X=1,S=1 || L2:[sp=C,1] S=1,R=1,K=2,C=1,Y=9,X=1",-inf,-inf,0,X|C,1
X,153,R,1,X,1,C,3,S,1,Y,162,K,6,C,3,Y,139,X,1,C,1,K,3,S,1,R,1,"L1:[sp=X,153] R=1,X=1,C=3,S=1,Y=162,K=6 || L2:[sp=C,3] Y=139,X=1,C=1,K=3,S=1,R=1",-inf,-inf,0,X|C,1
X,153,K,6,X,1,R,1,C,3,Y,47,S,1,C,3,Y,41,C,1,R,1,K,5,S,1,X,1,"L1:[sp=X,153] K=6,X=1,R=1,C=3,Y=47,S=1 || L2:[sp=C,3] Y=41,C=1,R=1,K=5,S=1,X=1",-428005.0,-163324000.0,1,X|C,1
X,153,R,1,X,1,S,1,C,3,Y,47,K,28,C,3,Y,9,C,1,R,1,K,5,S,1,X,1,"L1:[sp=X,153] R=1,X=1,S=1,C=3,Y=47,K=28 || L2:[sp=C,3] Y=9,C=1,R=1,K=5,S=1,X=1",-inf,-inf,0,X|C,1
Y,153,R,1,Y,189,K,6,C,3,X,1,S,1,C,3,Y,41,S,1,K,2,X,1,R,1,C,1,"L1:[sp=Y,153] R=1,Y=189,K=6,C=3,X=1,S=1 || L2:[sp=C,3] Y=41,S=1,K=2,X=1,R=1,C=1",-24407713.0,-163323000.0,1,Y|C,1
X,153,R,1,X,1,K,6,C,3,Y,47,S,1,C,3,Y,41,C,1,R,1,K,5,S,1,X,1,"L1:[sp=X,153] R=1,X=1,K=6,C=3,Y=47,S=1 || L2:[sp=C,3] Y=41,C=1,R=1,K=5,S=1,X=1",-428005.0,-163324000.0,1,X|C,1
X,153,X,21,Y,47,K,4,C,3,R,2,S,1,K,4,Y,41,C,1,R,1,S,1,X,1,K,1,"L1:[sp=X,153] X=21,Y=47,K=4,C=3,R=2,S=1 || L2:[sp=K,4] Y=41,C=1,R=1,S=1,X=1,K=1",-inf,-inf,0,X|K,1
X,153,R,3,X,1,K,6,C,3,Y,47,S,1,C,3,Y,14,C,2,R,1,K,5,S,1,X,1,"L1:[sp=X,153] R=3,X=1,K=6,C=3,Y=47,S=1 || L2:[sp=C,3] Y=14,C=2,R=1,K=5,S=1,X=1",-1015213.0,-163323000.0,1,X|C,1
X,153,R,1,X,1,K,6,C,2,Y,26,S,1,C,3,Y,26,C,1,R,1,K,5,S,1,X,1,"L1:[sp=X,153] R=1,X=1,K=6,C=2,Y=26,S=1 || L2:[sp=C,3] Y=26,C=1,R=1,K=5,S=1,X=1",-1034857.0,-163323000.0,1,X|C,1
X,153,R,1,X,1,C,1,K,6,Y,47,S,1,C,3,Y,41,X,1,C,1,K,3,S,1,R,1,"L1:[sp=X,153] R=1,X=1,C=1,K=6,Y=47,S=1 || L2:[sp=C,3] Y=41,X=1,C=1,K=3,S=1,R=1",-1388773.0,-163324000.0,1,X|C,1
K,153,K,6,X,1,R,1,C,3,Y,47,S,1,C,3,K,5,C,1,R,1,Y,41,S,1,X,1,"L1:[sp=K,153] K=6,X=1,R=1,C=3,Y=47,S=1 || L2:[sp=C,3] K=5,C=1,R=1,Y=41,S=1,X=1",-2356705.0,-163324000.0,1,K|C,1
X,153,R,1,X,1,K,6,C,3,Y,47,S,1,C,3,Y,41,X,1,R,1,K,5,S,1,C,1,"L1:[sp=X,153] R=1,X=1,K=6,C=3,Y=47,S=1 || L2:[sp=C,3] Y=41,X=1,R=1,K=5,S=1,C=1",-428005.0,-163324000.0,1,X|C,1
X,153,R,1,X,1,K,6,C,3,Y,47,S,1,C,3,Y,30,X,1,R,1,K,5,S,1,C,2,"L1:[sp=X,153] R=1,X=1,K=6,C=3,Y=47,S=1 || L2:[sp=C,3] Y=30,X=1,R=1,K=5,S=1,C=2",-1034101.0,-163324000.0,1,X|C,1
X,153,R,1,Y,47,K,6,C,3,X,1,S,1,C,3,S,1,R,1,K,2,X,1,Y,41,C,1,"L1:[sp=X,153] R=1,Y=47,K=6,C=3,X=1,S=1 || L2:[sp=C,3] S=1,R=1,K=2,X=1,Y=41,C=1",-448957.0,-163324000.0,1,X|C,1
X,153,R,1,X,1,S,1,K,6,Y,47,C,3,C,3,Y,6,X,1,C,1,K,3,S,1,R,1,"L1:[sp=X,153] R=1,X=1,S=1,K=6,Y=47,C=3 || L2:[sp=C,3] Y=6,X=1,C=1,K=3,S=1,R=1",-534205.0,-163323000.0,1,X|C,1
X,153,R,3,X,112,K,6,C,2,Y,47,S,1,C,3,Y,15,X,1,R,1,K,5,S,1,C,1,"L1:[sp=X,153] R=3,X=112,K=6,C=2,Y=47,S=1 || L2:[sp=C,3] Y=15,X=1,R=1,K=5,S=1,C=1",-inf,-inf,0,X|C,1
X,153,R,1,X,1,K,6,C,3,Y,26,S,1,C,3,Y,26,X,1,R,1,K,5,S,1,C,1,"L1:[sp=X,153] R=1,X=1,K=6,C=3,Y=26,S=1 || L2:[sp=C,3] Y=26,X=1,R=1,K=5,S=1,C=1",-517429.0,-163323000.0,1,X|C,1
X,153,R,3,X,1,C,3,K,6,Y,47,S,2,C,3,Y,15,X,1,C,1,K,3,S,1,R,1,"L1:[sp=X,153] R=3,X=1,C=3,K=6,Y=47,S=2 || L2:[sp=C,3] Y=15,X=1,C=1,K=3,S=1,R=1",-1093401.0,-163324000.0,1,X|C,1
X,153,K,6,C,3,R,1,X,78,Y,47,S,1,C,3,Y,41,C,1,R,1,K,5,S,1,X,76,"L1:[sp=X,153] K=6,C=3,R=1,X=78,Y=47,S=1 || L2:[sp=C,3] Y=41,C=1,R=1,K=5,S=1,X=76",-inf,-inf,0,X|C,1
X,153,R,3,X,1,K,6,C,3,Y,47,S,1,C,3,Y,15,X,1,R,1,K,5,S,1,C,1,"L1:[sp=X,153] R=3,X=1,K=6,C=3,Y=47,S=1 || L2:[sp=C,3] Y=15,X=1,R=1,K=5,S=1,C=1",-505741.0,-163323000.0,1,X|C,1
X,153,R,1,S,1,K,6,C,3,X,1,Y,47,C,3,S,1,R,1,K,2,X,1,Y,30,C,1,"L1:[sp=X,153] R=1,S=1,K=6,C=3,X=1,Y=47 || L2:[sp=C,3] S=1,R=1,K=2,X=1,Y=30,C=1",-543421.0,-163323000.0,1,X|C,1
X,153,R,1,X,219,S,1,K,6,Y,55,C,3,C,3,Y,6,X,1,C,1,K,3,S,1,R,1,"L1:[sp=X,153] R=1,X=219,S=1,K=6,Y=55,C=3 || L2:[sp=C,3] Y=6,X=1,C=1,K=3,S=1,R=1",-inf,-inf,0,X|C,1
X,153,R,1,X,1,K,58,C,3,Y,47,S,1,C,3,Y,15,X,1,R,1,K,5,S,1,C,1,"L1:[sp=X,153] R=1,X=1,K=58,C=3,Y=47,S=1 || L2:[sp=C,3] Y=15,X=1,R=1,K=5,S=1,C=1",-inf,-inf,0,X|C,1
X,153,R,3,Y,47,K,6,C,3,X,12,S,1,C,3,S,1,R,1,K,2,X,1,Y,30,C,3,"L1:[sp=X,153] R=3,Y=47,K=6,C=3,X=12,S=1 || L2:[sp=C,3] S=1,R=1,K=2,X=1,Y=30,C=3",-inf,-inf,0,X|C,1
X,153,K,6,X,1,R,1,C,3,Y,47,S,1,C,3,Y,41,C,1,R,1,K,5,S,1,X,1,"L1:[sp=X,153] K=6,X=1,R=1,C=3,Y=47,S=1 || L2:[sp=C,3] Y=41,C=1,R=1,K=5,S=1,X=1",-428005.0,-163324000.0,1,X|C,1
X,153,R,1,X,1,K,6,C,3,Y,47,S,1,C,3,Y,41,X,1,R,1,K,2,S,1,C,1,"L1:[sp=X,153] R=1,X=1,K=6,C=3,Y=47,S=1 || L2:[sp=C,3] Y=41,X=1,R=1,K=2,S=1,C=1",-448957.0,-163324000.0,1,X|C,1
X,153,R,1,X,1,K,6,C,3,Y,47,S,1,C,3,Y,41,C,1,R,1,K,5,S,1,X,1,"L1:[sp=X,153] R=1,X=1,K=6,C=3,Y=47,S=1 || L2:[sp=C,3] Y=41,C=1,R=1,K=5,S=1,X=1",-428005.0,-163324000.0,1,X|C,1
Y,153,R,3,X,1,K,6,C,3,Y,169,S,1,C,3,Y,15,X,1,R,1,K,5,S,1,C,1,"L1:[sp=Y,153] R=3,X=1,K=6,C=3,Y=169,S=1 || L2:[sp=C,3] Y=15,X=1,R=1,K=5,S=1,C=1",-21036289.0,-163323000.0,1,Y|C,1
X,153,K,6,X,1,R,1,C,3,Y,47,S,1,C,3,X,1,C,1,R,1,K,5,S,1,Y,41,"L1:[sp=X,153] K=6,X=1,R=1,C=3,Y=47,S=1 || L2:[sp=C,3] X=1,C=1,R=1,K=5,S=1,Y=41",-428005.0,-163324000.0,1,X|C,1
X,153,R,1,Y,47,K,6,C,3,X,175,S,1,C,3,S,1,R,1,K,2,X,1,Y,41,C,1,"L1:[sp=X,153] R=1,Y=47,K=6,C=3,X=175,S=1 || L2:[sp=C,3] S=1,R=1,K=2,X=1,Y=41,C=1",-inf,-inf,0,X|C,1
X,153,K,37,X,1,R,1,C,3,Y,47,S,1,C,3,Y,41,C,1,R,1,K,34,S,1,X,1,"L1:[sp=X,153] K=37,X=1,R=1,C=3,Y=47,S=1 || L2:[sp=C,3] Y=41,C=1,R=1,K=34,S=1,X=1",-inf,-inf,0,X|C,1
X,153,R,1,X,1,S,1,K,6,Y,94,C,3,X,1,Y,6,X,1,C,1,K,3,S,1,R,1,"L1:[sp=X,153] R=1,X=1,S=1,K=6,Y=94,C=3 || L2:[sp=X,1] Y=6,X=1,C=1,K=3,S=1,R=1",-inf,-inf,0,X|X,1
Y,153,K,6,X,1,R,1,C,3,Y,47,S,1,C,3,Y,41,C,1,R,1,K,5,S,1,X,1,"L1:[sp=Y,153] K=6,X=1,R=1,C=3,Y=47,S=1 || L2:[sp=C,3] Y=41,C=1,R=1,K=5,S=1,X=1",-5802049.0,-163324000.0,1,Y|C,1
C,153,R,1,X,1,K,6,C,2,Y,186,S,1,X,3,Y,26,X,1,R,1,K,2,S,1,C,1,"L1:[sp=C,153] R=1,X=1,K=6,C=2,Y=186,S=1 || L2:[sp=X,3] Y=26,X=1,R=1,K=2,S=1,C=1",-55782721.0,-163323000.0,1,C|X,1
X,153,R,1,X,1,K,22,C,3,Y,117,S,1,X,1,Y,41,X,1,R,1,K,5,S,1,C,1,"L1:[sp=X,153] R=1,X=1,K=22,C=3,Y=117,S=1 || L2:[sp=X,1] Y=41,X=1,R=1,K=5,S=1,C=1",-inf,-inf,0,X|X,1
X,153,R,2,X,1,K,6,C,3,Y,47,S,1,C,3,Y,15,X,1,R,1,K,6,S,1,C,1,"L1:[sp=X,153] R=2,X=1,K=6,C=3,Y=47,S=1 || L2:[sp=C,3] Y=15,X=1,R=1,K=6,S=1,C=1",-535921.0,-163323000.0,1,X|C,1
X,153,K,6,X,1,R,3,C,3,Y,47,S,1,C,3,Y,41,C,2,R,1,K,5,S,1,X,1,"L1:[sp=X,153] K=6,X=1,R=3,C=3,Y=47,S=1 || L2:[sp=C,3] Y=41,C=2,R=1,K=5,S=1,X=1",-inf,-inf,0,X|C,1
X,153,R,1,X,1,K,6,C,2,Y,47,S,1,C,3,Y,17,X,1,R,1,K,5,S,1,C,2,"L1:[sp=X,153] R=1,X=1,K=6,C=2,Y=47,S=1 || L2:[sp=C,3] Y=17,X=1,R=1,K=5,S=1,C=2",-2068201.0,-163323000.0,1,X|C,1
X,153,R,3,Y,47,K,6,C,3,X,1,S,1,C,3,S,1,R,1,K,5,X,1,Y,41,C,1,"L1:[sp=X,153] R=3,Y=47,K=6,C=3,X=1,S=1 || L2:[sp=C,3] S=1,R=1,K=5,X=1,Y=41,C=1",-448645.0,-163324000.0,1,X|C,1
X,153,R,1,X,1,K,6,C,3,Y,47,S,1,C,3,S,1,C,1,R,1,K,6,Y,41,X,1,"L1:[sp=X,153] R=1,X=1,K=6,C=3,Y=47,S=1 || L2:[sp=C,3] S=1,C=1,R=1,K=6,Y=41,X=1",-inf,-inf,0,X|C,1
X,153,R,1,X,1,K,6,C,3,Y,26,S,1,X,1,Y,26,X,1,R,1,K,5,S,1,C,1,"L1:[sp=X,153] R=1,X=1,K=6,C=3,Y=26,S=1 || L2:[sp=X,1] Y=26,X=1,R=1,K=5,S=1,C=1",-772579.0,-163324000.0,1,X|X,1
C,153,R,1,X,1,S,1,K,6,Y,47,C,3,X,3,Y,6,X,1,C,1,K,3,S,1,R,1,"L1:[sp=C,153] R=1,X=1,S=1,K=6,Y=47,C=3 || L2:[sp=X,3] Y=6,X=1,C=1,K=3,S=1,R=1",-89524513.0,-163323000.0,1,C|X,1
X,153,R,1,Y,47,K,6,C,3,X,1,S,1,C,3,Y,41,X,1,R,1,K,2,S,1,C,3,"L1:[sp=X,153] R=1,Y=47,K=6,C=3,X=1,S=1 || L2:[sp=C,3] Y=41,X=1,R=1,K=2,S=1,C=3",-1342909.0,-163324000.0,1,X|C,1
C,153,R,3,X,1,K,6,C,2,Y,47,S,1,X,3,C,1,X,1,R,1,K,5,S,1,Y,15,"L1:[sp=C,153] R=3,X=1,K=6,C=2,Y=47,S=1 || L2:[sp=X,3] C=1,X=1,R=1,K=5,S=1,Y=15",-56605921.0,-163323000.0,1,C|X,1
X,153,R,1,X,1,K,6,C,3,Y,47,S,1,C,1,C,1,R,1,Y,41,K,5,S,1,X,1,"L1:[sp=X,153] R=1,X=1,K=6,C=3,Y=47,S=1 || L2:[sp=C,1] C=1,R=1,Y=41,K=5,S=1,X=1",-inf,-inf,0,X|C,1
X,153,R,1,X,1,S,1,K,6,Y,47,C,3,C,3,Y,6,X,1,C,1,K,6,S,1,R,1,"L1:[sp=X,153] R=1,X=1,S=1,K=6,Y=47,C=3 || L2:[sp=C,3] Y=6,X=1,C=1,K=6,S=1,R=1",-534205.0,-163323000.0,1,X|C,1
X,153,R,1,X,1,K,6,C,3,Y,47,S,1,C,3,Y,41,R,1,C,1,K,6,S,1,X,1,"L1:[sp=X,153] R=1,X=1,K=6,C=3,Y=47,S=1 || L2:[sp=C,3] Y=41,R=1,C=1,K=6,S=1,X=1",-inf,-inf,0,X|C,1
X,153,R,1,X,1,K,6,C,3,Y,47,S,1,C,3,Y,41,C,1,R,1,K,5,S,1,X,1,"L1:[sp=X,153] R=1,X=1,K=6,C=3,Y=47,S=1 || L2:[sp=C,3] Y=41,C=1,R=1,K=5,S=1,X=1",-428005.0,-163324000.0,1,X|C,1
K,153,R,1,X,37,K,6,C,2,Y,47,S,1,C,3,Y,41,X,1,R,1,K,5,S,1,C,2,"L1:[sp=K,153] R=1,X=37,K=6,C=2,Y=47,S=1 || L2:[sp=C,3] Y=41,X=1,R=1,K=5,S=1,C=2",-inf,-inf,0,K|C,1
C,153,R,1,Y,47,K,6,C,3,X,1,S,1,C,3,Y,17,C,3,R,1,K,6,S,1,X,1,"L1:[sp=C,153] R=1,Y=47,K=6,C=3,X=1,S=1 || L2:[sp=C,3] Y=17,C=3,R=1,K=6,S=1,X=1",-93915361.0,-163323000.0,1,C|C,1
C,153,R,1,X,1,K,6,C,3,Y,47,S,1,K,3,X,1,C,1,R,1,K,5,S,1,Y,41,"L1:[sp=C,153] R=1,X=1,K=6,C=3,Y=47,S=1 || L2:[sp=K,3] X=1,C=1,R=1,K=5,S=1,Y=41",-64643041.0,-163323000.0,1,C|K,1
Y,153,R,1,X,68,S,1,K,6,Y,47,C,3,C,3,Y,6,R,1,C,1,K,6,S,1,X,1,"L1:[sp=Y,153] R=1,X=68,S=1,K=6,Y=47,C=3 || L2:[sp=C,3] Y=6,R=1,C=1,K=6,S=1,X=1",-inf,-inf,0,Y|C,1
X,153,R,1,X,50,K,6,C,2,Y,47,S,1,C,3,Y,17,X,1,R,1,K,5,S,1,C,2,"L1:[sp=X,153] R=1,X=50,K=6,C=2,Y=47,S=1 || L2:[sp=C,3] Y=17,X=1,R=1,K=5,S=1,C=2",-inf,-inf,0,X|C,1
X,153,K,6,X,1,S,1,R,1,Y,47,C,3,C,3,Y,6,X,1,C,1,K,6,S,1,R,1,"L1:[sp=X,153] K=6,X=1,S=1,R=1,Y=47,C=3 || L2:[sp=C,3] Y=6,X=1,C=1,K=6,S=1,R=1",-534205.0,-163323000.0,1,X|C,1
X,153,R,3,X,1,K,6,C,3,Y,47,S,3,C,3,Y,41,C,1,R,1,K,3,S,1,X,1,"L1:[sp=X,153] R=3,X=1,K=6,C=3,Y=47,S=3 || L2:[sp=C,3] Y=41,C=1,R=1,K=3,S=1,X=1",-1454333.0,-163324000.0,1,X|C,1
X,153,R,1,Y,47,K,6,C,3,X,1,S,1,C,3,S,1,R,1,K,4,X,1,Y,45,C,1,"L1:[sp=X,153] R=1,Y=47,K=6,C=3,X=1,S=1 || L2:[sp=C,3] S=1,R=1,K=4,X=1,Y=45,C=1",-439741.0,-163324000.0,1,X|C,1
X,153,R,3,X,1,K,6,S,1,Y,47,C,3,C,3,Y,41,X,1,R,1,K,5,S,1,C,1,"L1:[sp=X,153] R=3,X=1,K=6,S=1,Y=47,C=3 || L2:[sp=C,3] Y=41,X=1,R=1,K=5,S=1,C=1",-448645.0,-163324000.0,1,X|C,1
C,153,R,1,Y,47,K,13,C,2,X,1,S,1,X,3,S,1,R,1,K,5,X,1,Y,17,C,1,"L1:[sp=C,153] R=1,Y=47,K=13,C=2,X=1,S=1 || L2:[sp=X,3] S=1,R=1,K=5,X=1,Y=17,C=1",-61639201.0,-163323000.0,1,C|X,1
X,153,R,1,X,143,K,6,C,3,Y,47,S,1,C,3,Y,6,C,1,R,1,K,5,S,1,X,1,"L1:[sp=X,153] R=1,X=143,K=6,C=3,Y=47,S=1 || L2:[sp=C,3] Y=6,C=1,R=1,K=5,S=1,X=1",-inf,-inf,0,X|C,1
X,153,R,1,X,1,S,1,K,6,Y,47,C,3,C,3,Y,41,X,1,S,1,K,6,C,1,R,1,"L1:[sp=X,153] R=1,X=1,S=1,K=6,Y=47,C=3 || L2:[sp=C,3] Y=41,X=1,S=1,K=6,C=1,R=1",-inf,-inf,0,X|C,1
X,153,K,55,X,1,R,1,C,1,Y,47,S,1,C,3,X,1,C,1,R,1,K,5,S,1,Y,41,"L1:[sp=X,153] K=55,X=1,R=1,C=1,Y=47,S=1 || L2:[sp=C,3] X=1,C=1,R=1,K=5,S=1,Y=41",-inf,-inf,0,X|C,1
X,153,R,1,Y,47,K,6,C,3,X,1,S,1,C,3,Y,41,X,1,R,1,K,2,S,1,C,3,"L1:[sp=X,153] R=1,Y=47,K=6,C=3,X=1,S=1 || L2:[sp=C,3] Y=41,X=1,R=1,K=2,S=1,C=3",-1342909.0,-163324000.0,1,X|C,1
X,153,R,1,X,1,K,6,C,3,Y,192,S,1,C,3,Y,3,C,1,R,1,K,5,S,1,X,1,"L1:[sp=X,153] R=1,X=1,K=6,C=3,Y=192,S=1 || L2:[sp=C,3] Y=3,C=1,R=1,K=5,S=1,X=1",-inf,-inf,0,X|C,1
X,153,R,1,X,1,S,1,K,6,Y,47,C,3,C,3,Y,6,X,1,C,1,K,6,S,1,R,1,"L1:[sp=X,153] R=1,X=1,S=1,K=6,Y=47,C=3 || L2:[sp=C,3] Y=6,X=1,C=1,K=6,S=1,R=1",-534205.0,-163323000.0,1,X|C,1
X,153,K,56,X,204,R,1,C,3,Y,47,S,1,C,3,X,1,S,1,C,1,K,5,R,1,Y,41,"L1:[sp=X,153] K=56,X=204,R=1,C=3,Y=47,S=1 || L2:[sp=C,3] X=1,S=1,C=1,K=5,R=1,Y=41",-inf,-inf,0,X|C,1
X,153,C,2,X,1,K,6,R,1,Y,47,S,1,C,3,Y,17,X,1,R,1,K,5,S,1,C,2,"L1:[sp=X,153] C=2,X=1,K=6,R=1,Y=47,S=1 || L2:[sp=C,3] Y=17,X=1,R=1,K=5,S=1,C=2",-2068201.0,-163323000.0,1,X|C,1
X,153,K,6,X,1,R,1,C,3,Y,47,S,1,Y,1,X,1,C,1,R,1,K,5,S,1,Y,41,"L1:[sp=X,153] K=6,X=1,R=1,C=3,Y=47,S=1 || L2:[sp=Y,1] X=1,C=1,R=1,K=5,S=1,Y=41",-inf,-inf,0,X|Y,1
X,153,S,1,X,1,K,6,C,3,Y,47,R,1,C,3,Y,41,C,1,R,1,K,5,S,1,X,1,"L1:[sp=X,153] S=1,X=1,K=6,C=3,Y=47,R=1 || L2:[sp=C,3] Y=41,C=1,R=1,K=5,S=1,X=1",-428005.0,-163324000.0,1,X|C,1
X,153,R,1,X,1,K,6,C,3,Y,47,S,1,C,3,Y,41,C,1,R,1,K,5,S,1,X,1,"L1:[sp=X,153] R=1,X=1,K=6,C=3,Y=47,S=1 || L2:[sp=C,3] Y=41,C=1,R=1,K=5,S=1,X=1",-428005.0,-163324000.0,1,X|C,1
X,153,K,6,X,1,S,1,R,1,Y,47,C,3,K,6,Y,6,X,1,C,1,K,6,S,1,R,1,"L1:[sp=X,153] K=6,X=1,S=1,R=1,Y=47,C=3 || L2:[sp=K,6] Y=6,X=1,C=1,K=6,S=1,R=1",-3197305.0,-163323000.0,1,X|K,1
C,153,R,1,Y,47,K,6,C,3,X,1,S,1,X,3,S,1,R,1,K,4,X,1,Y,45,C,1,"L1:[sp=C,153] R=1,Y=47,K=6,C=3,X=1,S=1 || L2:[sp=X,3] S=1,R=1,K=4,X=1,Y=45,C=1",-73654561.0,-163323000.0,1,C|X,1
X,153,R,1,Y,16,K,6,C,3,X,1,S,1,C,3,Y,16,X,1,R,1,K,3,S,1,C,3,"L1:[sp=X,153] R=1,Y=16,K=6,C=3,X=1,S=1 || L2:[sp=C,3] Y=16,X=1,R=1,K=3,S=1,C=3",-1602217.0,-163323000.0,1,X|C,1
X,153,R,1,Y,47,K,6,C,3,X,93,S,2,C,3,S,1,R,1,K,4,X,1,Y,45,C,1,"L1:[sp=X,153] R=1,Y=47,K=6,C=3,X=93,S=2 || L2:[sp=C,3] S=1,R=1,K=4,X=1,Y=45,C=1",-inf,-inf,0,X|C,1
X,153,K,6,X,1,S,3,R,3,Y,47,C,3,C,3,Y,41,X,1,C,1,K,6,S,1,R,1,"L1:[sp=X,153] K=6,X=1,S=3,R=3,Y=47,C=3 || L2:[sp=C,3] Y=41,X=1,C=1,K=6,S=1,R=1",-inf,-inf,0,X|C,1
X,153,R,1,X,1,K,6,S,1,Y,47,C,3,C,3,Y,6,X,1,R,1,C,1,S,1,K,3,"L1:[sp=X,153] R=1,X=1,K=6,S=1,Y=47,C=3 || L2:[sp=C,3] Y=6,X=1,R=1,C=1,S=1,K=3",-534205.0,-163323000.0,1,X|C,1
Y,153,R,1,X,1,S,1,K,6,Y,47,C,3,C,3,Y,6,S,1,C,1,K,6,X,1,R,1,"L1:[sp=Y,153] R=1,X=1,S=1,K=6,Y=47,C=3 || L2:[sp=C,3] Y=6,S=1,C=1,K=6,X=1,R=1",-6275809.0,-163323000.0,1,Y|C,1
X,153,R,1,Y,47,K,6,C,2,X,1,S,1,C,3,S,1,R,1,K,4,X,1,Y,45,C,1,"L1:[sp=X,153] R=1,Y=47,K=6,C=2,X=1,S=1 || L2:[sp=C,3] S=1,R=1,K=4,X=1,Y=45,C=1",-879481.0,-163324000.0,1,X|C,1
X,153,R,1,X,1,K,62,Y,224,C,3,S,1,C,3,Y,41,C,1,R,1,K,3,S,1,X,1,"L1:[sp=X,153] R=1,X=1,K=62,Y=224,C=3,S=1 || L2:[sp=C,3] Y=41,C=1,R=1,K=3,S=1,X=1",-inf,-inf,0,X|C,1
C,153,C,3,Y,47,K,6,R,3,X,73,S,3,X,3,S,2,R,1,K,4,X,1,Y,45,C,1,"L1:[sp=C,153] C=3,Y=47,K=6,R=3,X=73,S=3 || L2:[sp=X,3] S=2,R=1,K=4,X=1,Y=45,C=1",-inf,-inf,0,C|X,1
C,153,R,1,X,1,S,1,K,6,Y,218,C,3,X,3,Y,6,X,1,C,1,K,6,S,1,R,1,"L1:[sp=C,153] R=1,X=1,S=1,K=6,Y=218,C=3 || L2:[sp=X,3] Y=6,X=1,C=1,K=6,S=1,R=1",-89457985.0,-163323000.0,1,C|X,1
X,153,K,6,X,1,S,2,R,3,Y,47,C,3,C,3,Y,6,X,1,C,1,K,5,S,1,R,1,"L1:[sp=X,153] K=6,X=1,S=2,R=3,Y=47,C=3 || L2:[sp=C,3] Y=6,X=1,C=1,K=5,S=1,R=1",-1019385.0,-163323000.0,1,X|C,1
X,153,R,3,X,1,S,1,K,6,Y,47,C,3,C,3,S,1,X,1,C,2,K,3,Y,41,R,3,"L1:[sp=X,153] R=3,X=1,S=1,K=6,Y=47,C=3 || L2:[sp=C,3] S=1,X=1,C=2,K=3,Y=41,R=3",-922549.0,-163324000.0,1,X|C,1
X,153,K,6,X,1,R,1,C,3,Y,47,S,2,C,3,Y,41,C,1,R,1,K,5,S,1,X,1,"L1:[sp=X,153] K=6,X=1,R=1,C=3,Y=47,S=2 || L2:[sp=C,3] Y=41,C=1,R=1,K=5,S=1,X=1",-853369.0,-163324000.0,1,X|C,1
C,153,S,1,X,1,K,6,C,3,Y,47,R,1,X,3,Y,41,C,1,R,1,K,5,S,1,X,1,"L1:[sp=C,153] S=1,X=1,K=6,C=3,Y=47,R=1 || L2:[sp=X,3] Y=41,C=1,R=1,K=5,S=1,X=1",-71682913.0,-163323000.0,1,C|X,1
X,153,R,1,Y,47,K,6,C,3,X,1,S,1,C,3,Y,11,X,1,R,1,K,2,S,1,C,3,"L1:[sp=X,153] R=1,Y=47,K=6,C=3,X=1,S=1 || L2:[sp=C,3] Y=11,X=1,R=1,K=2,S=1,C=3",-1550269.0,-163323000.0,1,X|C,1
X,153,R,1,Y,47,K,6,C,3,X,1,S,1,C,3,S,1,R,1,K,4,X,1,Y,45,C,2,"L1:[sp=X,153] R=1,Y=47,K=6,C=3,X=1,S=1 || L2:[sp=C,3] S=1,R=1,K=4,X=1,Y=45,C=2",-inf,-inf,0,X|C,1
X,153,S,1,X,1,K,6,C,3,R,1,Y,47,C,3,Y,35,C,1,R,1,K,5,S,1,X,1,"L1:[sp=X,153] S=1,X=1,K=6,C=3,R=1,Y=47 || L2:[sp=C,3] Y=35,C=1,R=1,K=5,S=1,X=1",-518041.0,-163324000.0,1,X|C,1
X,153,R,2,X,1,S,1,K,6,Y,77,C,3,C,3,Y,6,X,1,C,2,K,6,S,1,R,1,"L1:[sp=X,153] R=2,X=1,S=1,K=6,Y=77,C=3 || L2:[sp=C,3] Y=6,X=1,C=2,K=6,S=1,R=1",-1084249.0,-163324000.0,1,X|C,1
X,153,R,1,Y,47,K,6,C,3,X,1,S,1,C,3,S,1,R,1,K,3,X,1,Y,45,C,1,"L1:[sp=X,153] R=1,Y=47,K=6,C=3,X=1,S=1 || L2:[sp=C,3] S=1,R=1,K=3,X=1,Y=45,C=1",-453421.0,-163324000.0,1,X|C,1
X,153,R,1,X,1,K,6,C,3,Y,47,S,1,C,3,Y,41,C,1,R,1,K,5,S,1,X,1,"L1:[sp=X,153] R=1,X=1,K=6,C=3,Y=47,S=1 || L2:[sp=C,3] Y=41,C=1,R=1,K=5,S=1,X=1",-428005.0,-163324000.0,1,X|C,1
X,153,R,1,X,1,K,6,S,1,Y,9,C,3,C,3,Y,6,X,1,R,1,C,1,S,1,K,3,"L1:[sp=X,153] R=1,X=1,K=6,S=1,Y=9,C=3 || L2:[sp=C,3] Y=6,X=1,R=1,C=1,S=1,K=3",-544501.0,-163323000.0,1,X|C,1
C,153,R,1,X,1,C,3,K,6,Y,47,S,1,Y,3,C,1,Y,41,R,1,K,5,S,1,X,1,"L1:[sp=C,153] R=1,X=1,C=3,K=6,Y=47,S=1 || L2:[sp=Y,3] C=1,Y=41,R=1,K=5,S=1,X=1",-75741121.0,-163323000.0,1,C|Y,1
X,153,R,1,X,1,K,6,C,3,Y,47,S,1,C,3,S,1,C,1,R,1,K,5,Y,41,X,1,"L1:[sp=X,153] R=1,X=1,K=6,C=3,Y=47,S=1 || L2:[sp=C,3] S=1,C=1,R=1,K=5,Y=41,X=1",-428005.0,-163324000.0,1,X|C,1
X,153,R,1,Y,143,K,6,C,3,X,1,S,1,C,3,S,1,R,1,K,3,X,1,Y,6,C,1,"L1:[sp=X,153] R=1,Y=143,K=6,C=3,X=1,S=1 || L2:[sp=C,3] S=1,R=1,K=3,X=1,Y=6,C=1",-inf,-inf,0,X|C,1
X,153,R,1,X,1,K,6,C,3,Y,47,S,1,C,3,Y,41,C,1,R,1,K,5,S,1,X,1,"L1:[sp=X,153] R=1,X=1,K=6,C=3,Y=47,S=1 || L2:[sp=C,3] Y=41,C=1,R=1,K=5,S=1,X=1",-428005.0,-163324000.0,1,X|C,1
X,153,S,1,X,9,K,6,C,3,R,1,Y,47,C,3,Y,35,C,1,R,1,K,5,S,1,X,1,"L1:[sp=X,153] S=1,X=9,K=6,C=3,R=1,Y=47 || L2:[sp=C,3] Y=35,C=1,R=1,K=5,S=1,X=1",-inf,-inf,0,X|C,1
X,153,S,1,X,1,K,6,C,3,R,1,Y,47,C,3,Y,35,C,1,R,1,K,5,S,1,X,1,"L1:[sp=X,153] S=1,X=1,K=6,C=3,R=1,Y=47 || L2:[sp=C,3] Y=35,C=1,R=1,K=5,S=1,X=1",-518041.0,-163324000.0,1,X|C,1
X,153,R,3,X,1,S,1,K,6,Y,47,C,3,C,3,S,1,X,1,Y,41,K,3,C,3,R,3,"L1:[sp=X,153] R=3,X=1,S=1,K=6,Y=47,C=3 || L2:[sp=C,3] S=1,X=1,Y=41,K=3,C=3,R=3",-inf,-inf,0,X|C,1
C,153,R,1,Y,47,K,17,C,3,X,1,S,3,X,3,S,1,R,1,K,3,X,1,Y,45,C,1,"L1:[sp=C,153] R=1,Y=47,K=17,C=3,X=1,S=3 || L2:[sp=X,3] S=1,R=1,K=3,X=1,Y=45,C=1",-74039221.0,-163323000.0,1,C|X,1
X,153,R,3,X,1,S,1,K,6,Y,47,C,2,X,1,Y,41,X,1,R,3,K,3,S,1,C,2,"L1:[sp=X,153] R=3,X=1,S=1,K=6,Y=47,C=2 || L2:[sp=X,1] Y=41,X=1,R=3,K=3,S=1,C=2",-inf,-inf,0,X|X,1
X,153,Y,47,R,1,K,6,C,2,X,1,S,1,C,3,S,1,R,1,K,4,X,1,Y,45,C,1,"L1:[sp=X,153] Y=47,R=1,K=6,C=2,X=1,S=1 || L2:[sp=C,3] S=1,R=1,K=4,X=1,Y=45,C=1",-879481.0,-163324000.0,1,X|C,1
X,153,R,1,X,182,K,6,C,3,Y,47,S,1,C,3,Y,41,C,1,R,1,K,5,S,1,X,1,"L1:[sp=X,153] R=1,X=182,K=6,C=3,Y=47,S=1 || L2:[sp=C,3] Y=41,C=1,R=1,K=5,S=1,X=1",-inf,-inf,0,X|C,1
X,153,R,3,X,1,S,1,K,6,Y,47,C,3,K,6,X,1,S,1,C,2,K,3,Y,41,R,3,"L1:[sp=X,153] R=3,X=1,S=1,K=6,Y=47,C=3 || L2:[sp=K,6] X=1,S=1,C=2,K=3,Y=41,R=3",-1384153.0,-163324000.0,1,X|K,1
X,153,S,1,X,1,K,33,C,3,R,1,Y,47,C,3,Y,35,C,1,R,1,K,5,S,1,X,1,"L1:[sp=X,153] S=1,X=1,K=33,C=3,R=1,Y=47 || L2:[sp=C,3] Y=35,C=1,R=1,K=5,S=1,X=1",-inf,-inf,0,X|C,1
X,153,S,1,Y,47,K,6,C,3,X,1,R,1,C,3,S,1,R,1,K,3,X,1,Y,45,C,1,"L1:[sp=X,153] S=1,Y=47,K=6,C=3,X=1,R=1 || L2:[sp=C,3] S=1,R=1,K=3,X=1,Y=45,C=1",-453421.0,-163324000.0,1,X|C,1
C,153,K,6,X,1,R,1,C,3,Y,47,S,2,X,3,Y,41,C,1,R,1,K,5,S,1,X,1,"L1:[sp=C,153] K=6,X=1,R=1,C=3,Y=47,S=2 || L2:[sp=X,3] Y=41,C=1,R=1,K=5,S=1,X=1",-71326105.0,-163323000.0,1,C|X,1
C,153,K,6,X,1,R,1,C,3,Y,47,S,2,X,3,Y,41,C,1,R,1,K,2,S,1,X,1,"L1:[sp=C,153] K=6,X=1,R=1,C=3,Y=47,S=2 || L2:[sp=X,3] Y=41,C=1,R=1,K=2,S=1,X=1",-74830327.0,-163323000.0,1,C|X,1
X,153,K,6,X,30,S,2,R,3,Y,47,C,3,C,3,Y,27,X,1,C,3,K,5,S,1,R,1,"L1:[sp=X,153] K=6,X=30,S=2,R=3,Y=47,C=3 || L2:[sp=C,3] Y=27,X=1,C=3,K=5,S=1,R=1",-inf,-inf,0,X|C,1
X,153,K,6,R,1,S,1,X,1,Y,47,C,3,C,3,Y,6,X,1,C,1,K,5,S,1,R,1,"L1:[sp=X,153] K=6,R=1,S=1,X=1,Y=47,C=3 || L2:[sp=C,3] Y=6,X=1,C=1,K=5,S=1,R=1",-493885.0,-163323000.0,1,X|C,1
X,153,R,3,S,2,K,6,C,3,X,1,Y,186,C,3,S,1,R,1,K,3,X,1,Y,45,C,1,"L1:[sp=X,153] R=3,S=2,K=6,C=3,X=1,Y=186 || L2:[sp=C,3] S=1,R=1,K=3,X=1,Y=45,C=1",-inf,-inf,0,X|C,1
X,153,R,1,X,1,K,6,C,3,Y,47,S,1,C,3,Y,41,C,1,R,1,K,5,S,1,X,1,"L1:[sp=X,153] R=1,X=1,K=6,C=3,Y=47,S=1 || L2:[sp=C,3] Y=41,C=1,R=1,K=5,S=1,X=1",-428005.0,-163324000.0,1,X|C,1
X,153,R,1,X,1,K,6,S,1,Y,47,C,3,C,3,Y,41,C,1,R,1,K,5,S,1,X,1,"L1:[sp=X,153] R=1,X=1,K=6,S=1,Y=47,C=3 || L2:[sp=C,3] Y=41,C=1,R=1,K=5,S=1,X=1",-428005.0,-163324000.0,1,X|C,1
X,153,R,1,X,1,K,6,C,3,Y,47,S,1,X,1,S,1,C,1,R,1,K,5,Y,41,X,1,"L1:[sp=X,153] R=1,X=1,K=6,C=3,Y=47,S=1 || L2:[sp=X,1] S=1,C=1,R=1,K=5,Y=41,X=1",-inf,-inf,0,X|X,1
X,153,R,1,X,1,S,1,K,6,Y,47,C,1,K,6,X,1,S,1,C,1,K,3,Y,41,R,1,"L1:[sp=X,153] R=1,X=1,S=1,K=6,Y=47,C=1 || L2:[sp=K,6] X=1,S=1,C=1,K=3,Y=41,R=1",-1394713.0,-163323000.0,1,X|K,1
K,153,R,3,X,165,Y,47,C,3,K,6,S,1,C,3,S,1,C,1,R,3,K,5,Y,41,X,1,"L1:[sp=K,153] R=3,X=165,Y=47,C=3,K=6,S=1 || L2:[sp=C,3] S=1,C=1,R=3,K=5,Y=41,X=1",-inf,-inf,0,K|C,1
X,153,R,1,X,1,K,6,S,1,Y,9,C,3,C,3,Y,6,X,1,R,1,C,1,S,1,K,3,"L1:[sp=X,153] R=1,X=1,K=6,S=1,Y=9,C=3 || L2:[sp=C,3] Y=6,X=1,R=1,C=1,S=1,K=3",-544501.0,-163323000.0,1,X|C,1
X,153,R,2,X,1,K,6,C,3,Y,47,S,1,C,3,S,1,C,1,Y,41,K,5,R,1,X,1,"L1:[sp=X,153] R=2,X=1,K=6,C=3,Y=47,S=1 || L2:[sp=C,3] S=1,C=1,Y=41,K=5,R=1,X=1",-438325.0,-163324000.0,1,X|C,1
X,153,K,6,R,3,X,1,S,1,C,3,Y,47,C,3,Y,6,X,1,C,1,K,5,S,1,R,3,"L1:[sp=X,153] K=6,R=3,X=1,S=1,C=3,Y=47 || L2:[sp=C,3] Y=6,X=1,C=1,K=5,S=1,R=3",-490369.0,-163323000.0,1,X|C,1
X,153,R,1,S,1,X,1,K,6,Y,47,C,3,K,6,X,1,S,1,C,2,K,3,Y,41,R,1,"L1:[sp=X,153] R=1,S=1,X=1,K=6,Y=47,C=3 || L2:[sp=K,6] X=1,S=1,C=2,K=3,Y=41,R=1",-1386793.0,-163324000.0,1,X|K,1
X,153,R,1,X,1,K,6,S,1,Y,9,C,3,C,3,Y,6,X,1,R,1,C,1,S,1,K,3,"L1:[sp=X,153] R=1,X=1,K=6,S=1,Y=9,C=3 || L2:[sp=C,3] Y=6,X=1,R=1,C=1,S=1,K=3",-544501.0,-163323000.0,1,X|C,1
X,153,K,6,R,1,S,1,X,1,Y,47,C,3,C,3,Y,6,X,1,R,1,K,5,S,1,C,2,"L1:[sp=X,153] K=6,R=1,S=1,X=1,Y=47,C=3 || L2:[sp=C,3] Y=6,X=1,R=1,K=5,S=1,C=2",-985789.0,-163323000.0,1,X|C,1
X,153,R,3,K,6,X,1,C,3,Y,47,S,1,C,3,S,1,C,2,R,3,K,5,Y,41,X,1,"L1:[sp=X,153] R=3,K=6,X=1,C=3,Y=47,S=1 || L2:[sp=C,3] S=1,C=2,R=3,K=5,Y=41,X=1",-inf,-inf,0,X|C,1
X,153,R,1,X,1,S,1,K,6,Y,47,C,3,K,6,X,1,S,1,C,1,K,3,Y,41,R,1,"L1:[sp=X,153] R=1,X=1,S=1,K=6,Y=47,C=3 || L2:[sp=K,6] X=1,S=1,C=1,K=3,Y=41,R=1",-1386793.0,-163323000.0,1,X|K,1
X,153,S,1,X,1,K,6,C,3,R,1,Y,47,C,3,Y,35,C,1,R,1,K,5,S,1,X,1,"L1:[sp=X,153] S=1,X=1,K=6,C=3,R=1,Y=47 || L2:[sp=C,3] Y=35,C=1,R=1,K=5,S=1,X=1",-518041.0,-163324000.0,1,X|C,1
X,153,R,1,X,1,K,6,C,3,Y,139,S,1,C,3,S,1,C,1,R,1,K,6,Y,41,X,1,"L1:[sp=X,153] R=1,X=1,K=6,C=3,Y=139,S=1 || L2:[sp=C,3] S=1,C=1,R=1,K=6,Y=41,X=1",-inf,-inf,0,X|C,1
X,153,S,1,Y,9,K,6,C,3,X,1,R,1,C,3,S,1,R,1,K,3,X,1,Y,6,C,1,"L1:[sp=X,153] S=1,Y=9,K=6,C=3,X=1,R=1 || L2:[sp=C,3] S=1,R=1,K=3,X=1,Y=6,C=1",-544501.0,-163323000.0,1,X|C,1
C,153,R,1,X,75,K,6,S,1,Y,47,C,3,C,3,Y,45,X,1,R,1,C,1,S,1,K,3,"L1:[sp=C,153] R=1,X=75,K=6,S=1,Y=47,C=3 || L2:[sp=C,3] Y=45,X=1,R=1,C=1,S=1,K=3",-25282126.0,-163324000.0,1,C|C,1
C,153,R,1,X,1,K,45,S,1,Y,47,C,3,X,3,Y,41,C,1,R,1,K,5,S,1,X,1,"L1:[sp=C,153] R=1,X=1,K=45,S=1,Y=47,C=3 || L2:[sp=X,3] Y=41,C=1,R=1,K=5,S=1,X=1",-76285441.0,-163324000.0,1,C|X,1
K,153,Y,47,R,1,K,6,C,2,X,1,S,1,Y,47,S,1,R,1,K,4,X,1,Y,45,C,1,"L1:[sp=K,153] Y=47,R=1,K=6,C=2,X=1,S=1 || L2:[sp=Y,47] S=1,R=1,K=4,X=1,Y=45,C=1",-30018241.0,-163323000.0,1,K|Y,1
X,153,Y,47,R,1,S,3,C,2,X,217,K,6,C,3,S,1,R,1,K,4,X,1,Y,45,C,1,"L1:[sp=X,153] Y=47,R=1,S=3,C=2,X=217,K=6 || L2:[sp=C,3] S=1,R=1,K=4,X=1,Y=45,C=1",-inf,-inf,0,X|C,1
C,153,R,1,X,1,K,13,S,1,Y,9,C,3,X,3,Y,6,X,1,R,1,C,1,S,1,K,3,"L1:[sp=C,153] R=1,X=1,K=13,S=1,Y=9,C=3 || L2:[sp=X,3] Y=6,X=1,R=1,C=1,S=1,K=3",-87343201.0,-163323000.0,1,C|X,1
X,153,R,1,X,1,K,6,C,3,Y,47,S,1,C,3,Y,41,C,1,R,1,K,5,S,1,X,1,"L1:[sp=X,153] R=1,X=1,K=6,C=3,Y=47,S=1 || L2:[sp=C,3] Y=41,C=1,R=1,K=5,S=1,X=1",-428005.0,-163324000.0,1,X|C,1
X,153,S,1,X,1,K,6,C,3,R,1,Y,47,C,3,S,1,C,1,R,1,K,5,Y,35,X,1,"L1:[sp=X,153] S=1,X=1,K=6,C=3,R=1,Y=47 || L2:[sp=C,3] S=1,C=1,R=1,K=5,Y=35,X=1",-518041.0,-163324000.0,1,X|C,1
X,153,K,6,R,3,X,1,S,1,C,3,Y,47,C,3,Y,6,X,1,C,1,K,5,S,1,R,3,"L1:[sp=X,153] K=6,R=3,X=1,S=1,C=3,Y=47 || L2:[sp=C,3] Y=6,X=1,C=1,K=5,S=1,R=3",-490369.0,-163323000.0,1,X|C,1
C,153,S,1,X,1,K,6,C,3,R,1,Y,47,X,3,Y,6,C,1,R,1,K,5,S,1,X,1,"L1:[sp=C,153] S=1,X=1,K=6,C=3,R=1,Y=47 || L2:[sp=X,3] Y=6,C=1,R=1,K=5,S=1,X=1",-82750753.0,-163323000.0,1,C|X,1
X,153,R,1,X,1,K,12,S,1,Y,160,C,3,C,3,Y,6,X,1,R,1,C,1,S,1,K,3,"L1:[sp=X,153] R=1,X=1,K=12,S=1,Y=160,C=3 || L2:[sp=C,3] Y=6,X=1,R=1,C=1,S=1,K=3",-inf,-inf,0,X|C,1
X,153,K,6,R,1,X,1,S,1,C,2,Y,47,C,3,Y,6,X,1,C,1,K,5,S,1,R,1,"L1:[sp=X,153] K=6,R=1,X=1,S=1,C=2,Y=47 || L2:[sp=C,3] Y=6,X=1,C=1,K=5,S=1,R=1",-987769.0,-163323000.0,1,X|C,1
X,153,S,1,Y,9,K,6,C,3,X,159,R,3,C,3,S,1,R,3,K,3,X,1,Y,6,C,1,"L1:[sp=X,153] S=1,Y=9,K=6,C=3,X=159,R=3 || L2:[sp=C,3] S=1,R=3,K=3,X=1,Y=6,C=1",-20967838.0,-163323000.0,1,X|C,1
K,153,R,1,K,6,X,1,S,2,Y,9,C,3,C,3,Y,6,C,1,R,1,K,5,S,1,X,1,"L1:[sp=K,153] R=1,K=6,X=1,S=2,Y=9,C=3 || L2:[sp=C,3] Y=6,C=1,R=1,K=5,S=1,X=1",-5452351.0,-163323000.0,1,K|C,1
X,153,R,1,X,1,K,6,S,1,Y,72,C,3,C,3,Y,41,X,1,R,1,C,1,S,1,K,3,"L1:[sp=X,153] R=1,X=1,K=6,S=1,Y=72,C=3 || L2:[sp=C,3] Y=41,X=1,R=1,C=1,S=1,K=3",-588457.0,-163324000.0,1,X|C,1
X,153,R,3,X,1,K,6,S,1,Y,47,C,3,C,3,Y,41,S,1,R,3,K,5,C,1,X,1,"L1:[sp=X,153] R=3,X=1,K=6,S=1,Y=47,C=3 || L2:[sp=C,3] Y=41,S=1,R=3,K=5,C=1,X=1",-inf,-inf,0,X|C,1
X,153,K,6,R,1,X,1,S,1,C,3,Y,47,C,3,Y,6,X,1,C,1,K,6,S,1,R,1,"L1:[sp=X,153] K=6,R=1,X=1,S=1,C=3,Y=47 || L2:[sp=C,3] Y=6,X=1,C=1,K=6,S=1,R=1",-534205.0,-163323000.0,1,X|C,1
X,153,S,1,Y,9,K,56,C,3,X,1,R,1,C,3,S,1,R,1,X,1,K,3,Y,6,C,1,"L1:[sp=X,153] S=1,Y=9,K=56,C=3,X=1,R=1 || L2:[sp=C,3] S=1,R=1,X=1,K=3,Y=6,C=1",-520201.0,-163323000.0,1,X|C,1
X,153,K,6,R,1,S,1,X,1,Y,115,C,3,C,3,Y,101,X,1,R,1,K,5,S,1,C,2,"L1:[sp=X,153] K=6,R=1,S=1,X=1,Y=115,C=3 || L2:[sp=C,3] Y=101,X=1,R=1,K=5,S=1,C=2",-inf,-inf,0,X|C,1
X,153,S,1,X,1,K,36,C,3,R,1,Y,47,Y,47,Y,35,C,1,R,1,K,5,S,1,X,1,"L1:[sp=X,153] S=1,X=1,K=36,C=3,R=1,Y=47 || L2:[sp=Y,47] Y=35,C=1,R=1,K=5,S=1,X=1",-21978001.0,-163323000.0,1,X|Y,1
C,153,S,1,Y,9,K,6,C,3,X,1,R,1,K,3,S,1,R,1,C,1,X,1,Y,6,K,3,"L1:[sp=C,153] S=1,Y=9,K=6,C=3,X=1,R=1 || L2:[sp=K,3] S=1,R=1,C=1,X=1,Y=6,K=3",-45460801.0,-163323000.0,1,C|K,1
X,153,R,1,X,1,K,4,C,3,Y,47,S,1,C,3,S,1,C,2,Y,41,K,4,R,1,X,1,"L1:[sp=X,153] R=1,X=1,K=4,C=3,Y=47,S=1 || L2:[sp=C,3] S=1,C=2,Y=41,K=4,R=1,X=1",-896833.0,-163324000.0,1,X|C,1
X,153,R,2,K,6,S,1,X,1,Y,47,C,3,C,3,Y,6,X,1,R,1,K,5,S,1,C,2,"L1:[sp=X,153] R=2,K=6,S=1,X=1,Y=47,C=3 || L2:[sp=C,3] Y=6,X=1,R=1,K=5,S=1,C=2",-1002697.0,-163323000.0,1,X|C,1
Y,153,R,1,X,1,K,6,S,1,Y,47,C,3,C,3,Y,41,C,1,R,1,K,5,S,1,X,1,"L1:[sp=Y,153] R=1,X=1,K=6,S=1,Y=47,C=3 || L2:[sp=C,3] Y=41,C=1,R=1,K=5,S=1,X=1",-5802049.0,-163324000.0,1,Y|C,1
X,153,R,3,X,1,K,6,S,1,Y,9,C,3,C,3,Y,6,X,1,R,1,C,1,S,1,K,3,"L1:[sp=X,153] R=3,X=1,K=6,S=1,Y=9,C=3 || L2:[sp=C,3] Y=6,X=1,R=1,C=1,S=1,K=3",-656701.0,-163323000.0,1,X|C,1
X,153,K,5,R,3,X,112,S,1,Y,47,C,3,C,3,Y,6,X,25,R,3,K,5,S,1,C,1,"L1:[sp=X,153] K=5,R=3,X=112,S=1,Y=47,C=3 || L2:[sp=C,3] Y=6,X=25,R=3,K=5,S=1,C=1",-inf,-inf,0,X|C,1
X,153,K,6,R,1,X,1,S,1,C,3,Y,222,C,3,Y,6,X,1,C,2,K,5,S,1,R,1,"L1:[sp=X,153] K=6,R=1,X=1,S=1,C=3,Y=222 || L2:[sp=C,3] Y=6,X=1,C=2,K=5,S=1,R=1",-inf,-inf,0,X|C,1
X,153,R,1,X,1,K,6,C,3,Y,47,S,1,C,3,Y,41,C,1,R,1,K,5,S,1,X,1,"L1:[sp=X,153] R=1,X=1,K=6,C=3,Y=47,S=1 || L2:[sp=C,3] Y=41,C=1,R=1,K=5,S=1,X=1",-428005.0,-163324000.0,1,X|C,1
X,153,R,1,X,1,K,4,C,3,Y,47,S,1,X,1,S,1,R,1,Y,41,K,4,C,2,X,1,"L1:[sp=X,153] R=1,X=1,K=4,C=3,Y=47,S=1 || L2:[sp=X,1] S=1,R=1,Y=41,K=4,C=2,X=1",-inf,-inf,0,X|X,1
C,153,K,6,R,3,X,1,S,1,C,3,Y,47,X,3,Y,6,X,1,C,1,K,5,S,1,R,3,"L1:[sp=C,153] K=6,R=3,X=1,S=1,C=3,Y=47 || L2:[sp=X,3] Y=6,X=1,C=1,K=5,S=1,R=3",-82307905.0,-163323000.0,1,C|X,1
C,153,R,1,X,1,K,4,C,3,Y,47,S,1,C,3,S,1,C,1,X,1,K,4,R,1,Y,41,"L1:[sp=C,153] R=1,X=1,K=4,C=3,Y=47,S=1 || L2:[sp=C,3] S=1,C=1,X=1,K=4,R=1,Y=41",-25191937.0,-163323000.0,1,C|C,1
X,153,K,6,R,1,X,1,S,3,C,3,Y,47,C,3,Y,6,X,1,C,1,K,5,S,1,R,1,"L1:[sp=X,153] K=6,R=1,X=1,S=3,C=3,Y=47 || L2:[sp=C,3] Y=6,X=1,C=1,K=5,S=1,R=1",-1476373.0,-163324000.0,1,X|C,1
X,153,S,1,X,1,K,6,C,3,R,3,Y,47,C,3,S,1,C,1,X,1,K,5,Y,6,R,3,"L1:[sp=X,153] S=1,X=1,K=6,C=3,R=3,Y=47 || L2:[sp=C,3] S=1,C=1,X=1,K=5,Y=6,R=3",-490369.0,-163323000.0,1,X|C,1
C,153,K,6,R,1,X,132,S,1,C,3,Y,47,X,3,Y,35,S,1,C,1,K,5,X,1,R,1,"L1:[sp=C,153] K=6,R=1,X=132,S=1,C=3,Y=47 || L2:[sp=X,3] Y=35,S=1,C=1,K=5,X=1,R=1",-inf,-inf,0,C|X,1
X,153,R,1,X,1,S,1,K,6,Y,47,C,3,C,3,Y,6,X,1,R,1,C,3,S,1,K,3,"L1:[sp=X,153] R=1,X=1,S=1,K=6,Y=47,C=3 || L2:[sp=C,3] Y=6,X=1,R=1,C=3,S=1,K=3",-1598653.0,-163323000.0,1,X|C,1
X,153,R,1,K,32,X,1,S,1,C,3,Y,72,C,3,Y,41,X,1,C,3,K,6,S,1,R,1,"L1:[sp=X,153] R=1,K=32,X=1,S=1,C=3,Y=72 || L2:[sp=C,3] Y=41,X=1,C=3,K=6,S=1,R=1",-inf,-inf,0,X|C,1
X,153,R,1,X,1,K,4,C,3,Y,47,S,1,C,3,S,1,C,2,Y,41,K,4,R,1,X,1,"L1:[sp=X,153] R=1,X=1,K=4,C=3,Y=47,S=1 || L2:[sp=C,3] S=1,C=2,Y=41,K=4,R=1,X=1",-896833.0,-163324000.0,1,X|C,1
X,153,K,6,R,1,X,1,S,1,C,3,Y,47,Y,1,Y,6,X,1,C,1,K,6,S,1,R,1,"L1:[sp=X,153] K=6,R=1,X=1,S=1,C=3,Y=47 || L2:[sp=Y,1] Y=6,X=1,C=1,K=6,S=1,R=1",-inf,-inf,0,X|Y,1
K,153,R,1,X,1,K,4,C,3,Y,47,S,1,X,2,S,1,C,2,Y,41,R,1,K,4,X,1,"L1:[sp=K,153] R=1,X=1,K=4,C=3,Y=47,S=1 || L2:[sp=X,2] S=1,C=2,Y=41,R=1,K=4,X=1",-4703329.0,-163324000.0,1,K|X,1
X,153,R,3,X,1,K,6,S,1,C,3,Y,9,C,3,Y,6,X,1,R,1,C,1,S,1,K,3,"L1:[sp=X,153] R=3,X=1,K=6,S=1,C=3,Y=9 || L2:[sp=C,3] Y=6,X=1,R=1,C=1,S=1,K=3",-656701.0,-163323000.0,1,X|C,1
X,153,R,1,X,1,K,6,S,1,Y,166,C,3,C,3,Y,41,X,1,R,1,C,1,S,1,K,3,"L1:[sp=X,153] R=1,X=1,K=6,S=1,Y=166,C=3 || L2:[sp=C,3] Y=41,X=1,R=1,C=1,S=1,K=3",-inf,-inf,0,X|C,1
X,153,R,3,X,1,K,6,S,1,Y,9,C,1,C,3,Y,6,X,1,R,1,C,1,S,1,K,3,"L1:[sp=X,153] R=3,X=1,K=6,S=1,Y=9,C=1 || L2:[sp=C,3] Y=6,X=1,R=1,C=1,S=1,K=3",-1970101.0,-163323000.0,1,X|C,1
X,153,S,1,Y,9,K,56,C,3,X,1,R,2,X,1,S,1,R,1,X,1,K,3,Y,6,C,1,"L1:[sp=X,153] S=1,Y=9,K=56,C=3,X=1,R=2 || L2:[sp=X,1] S=1,R=1,X=1,K=3,Y=6,C=1",-inf,-inf,0,X|X,1
X,153,R,3,X,1,K,6,S,1,Y,9,C,3,C,3,Y,6,X,1,R,1,C,1,S,1,K,3,"L1:[sp=X,153] R=3,X=1,K=6,S=1,Y=9,C=3 || L2:[sp=C,3] Y=6,X=1,R=1,C=1,S=1,K=3",-656701.0,-163323000.0,1,X|C,1
X,153,S,1,Y,47,K,56,C,3,X,1,R,1,C,3,S,1,R,1,X,1,K,3,Y,2,C,1,"L1:[sp=X,153] S=1,Y=47,K=56,C=3,X=1,R=1 || L2:[sp=C,3] S=1,R=1,X=1,K=3,Y=2,C=1",-inf,-inf,0,X|C,1
C,153,K,6,R,1,X,1,S,1,C,3,Y,9,X,3,Y,6,X,1,C,1,K,6,S,1,R,1,"L1:[sp=C,153] K=6,R=1,X=1,S=1,C=3,Y=9 || L2:[sp=X,3] Y=6,X=1,C=1,K=6,S=1,R=1",-90367201.0,-163323000.0,1,C|X,1
X,153,R,1,X,1,K,6,S,1,Y,17,C,3,C,3,R,1,X,1,Y,6,C,1,S,1,K,3,"L1:[sp=X,153] R=1,X=1,K=6,S=1,Y=17,C=3 || L2:[sp=C,3] R=1,X=1,Y=6,C=1,S=1,K=3",-542521.0,-163323000.0,1,X|C,1
X,153,S,1,Y,9,K,56,C,1,X,1,R,3,C,3,S,1,R,1,X,1,K,3,Y,5,C,1,"L1:[sp=X,153] S=1,Y=9,K=56,C=1,X=1,R=3 || L2:[sp=C,3] S=1,R=1,X=1,K=3,Y=5,C=1",-1868041.0,-163323000.0,1,X|C,1
X,153,R,1,X,1,K,6,C,3,Y,47,S,1,C,3,Y,41,C,1,R,1,K,5,S,1,X,1,"L1:[sp=X,153] R=1,X=1,K=6,C=3,Y=47,S=1 || L2:[sp=C,3] Y=41,C=1,R=1,K=5,S=1,X=1",-428005.0,-163324000.0,1,X|C,1
C,153,R,3,X,1,K,4,C,3,Y,9,S,1,X,3,S,1,C,1,Y,6,K,4,R,1,X,1,"L1:[sp=C,153] R=3,X=1,K=4,C=3,Y=9,S=1 || L2:[sp=X,3] S=1,C=1,Y=6,K=4,R=1,X=1",-106713601.0,-163323000.0,1,C|X,1
X,153,R,1,X,1,K,6,S,1,C,3,Y,47,C,3,Y,41,X,1,R,1,C,2,S,1,K,3,"L1:[sp=X,153] R=1,X=1,K=6,S=1,C=3,Y=47 || L2:[sp=C,3] Y=41,X=1,R=1,C=2,S=1,K=3",-923869.0,-163324000.0,1,X|C,1
X,153,S,1,X,1,K,6,C,3,R,3,Y,47,C,3,S,1,C,1,X,1,K,5,Y,6,R,3,"L1:[sp=X,153] S=1,X=1,K=6,C=3,R=3,Y=47 || L2:[sp=C,3] S=1,C=1,X=1,K=5,Y=6,R=3",-490369.0,-163323000.0,1,X|C,1
X,153,R,1,X,1,K,6,C,3,Y,47,S,1,C,3,Y,41,C,1,R,1,K,5,S,1,X,1,"L1:[sp=X,153] R=1,X=1,K=6,C=3,Y=47,S=1 || L2:[sp=C,3] Y=41,C=1,R=1,K=5,S=1,X=1",-428005.0,-163324000.0,1,X|C,1
X,153,R,3,S,1,X,1,K,6,Y,9,C,3,C,3,Y,6,X,1,R,1,C,3,S,1,K,3,"L1:[sp=X,153] R=3,S=1,X=1,K=6,Y=9,C=3 || L2:[sp=C,3] Y=6,X=1,R=1,C=3,S=1,K=3",-1963501.0,-163323000.0,1,X|C,1
X,153,R,1,X,1,K,6,S,1,C,3,Y,47,C,3,Y,6,X,1,R,1,C,1,S,1,K,1,"L1:[sp=X,153] R=1,X=1,K=6,S=1,C=3,Y=47 || L2:[sp=C,3] Y=6,X=1,R=1,C=1,S=1,K=1",-518077.0,-163323000.0,1,X|C,1
C,153,S,3,X,1,K,6,C,3,R,1,Y,47,X,3,S,1,C,1,X,1,K,5,Y,6,R,1,"L1:[sp=C,153] S=3,X=1,K=6,C=3,R=1,Y=47 || L2:[sp=X,3] S=1,C=1,X=1,K=5,Y=6,R=1",-81938647.0,-163323000.0,1,C|X,1
X,153,K,6,R,3,X,1,S,1,C,3,Y,47,C,3,Y,6,X,1,C,1,K,5,S,1,R,3,"L1:[sp=X,153] K=6,R=3,X=1,S=1,C=3,Y=47 || L2:[sp=C,3] Y=6,X=1,C=1,K=5,S=1,R=3",-490369.0,-163323000.0,1,X|C,1
X,153,R,1,X,1,S,1,K,6,Y,47,C,3,C,3,Y,6,X,1,R,1,C,3,S,1,K,3,"L1:[sp=X,153] R=1,X=1,S=1,K=6,Y=47,C=3 || L2:[sp=C,3] Y=6,X=1,R=1,C=3,S=1,K=3",-1598653.0,-163323000.0,1,X|C,1
C,153,R,3,X,1,K,6,S,2,C,3,Y,9,X,3,Y,6,X,1,R,1,C,1,S,1,K,3,"L1:[sp=C,153] R=3,X=1,K=6,S=2,C=3,Y=9 || L2:[sp=X,3] Y=6,X=1,R=1,C=1,S=1,K=3",-109403801.0,-163323000.0,1,C|X,1
X,153,R,1,X,1,K,6,C,3,Y,47,S,1,C,3,Y,41,C,1,X,1,K,5,S,1,R,1,"L1:[sp=X,153] R=1,X=1,K=6,C=3,Y=47,S=1 || L2:[sp=C,3] Y=41,C=1,X=1,K=5,S=1,R=1",-428005.0,-163324000.0,1,X|C,1
X,153,R,1,X,1,S,1,K,6,Y,47,C,3,C,3,Y,6,X,1,R,1,C,3,S,1,K,3,"L1:[sp=X,153] R=1,X=1,S=1,K=6,Y=47,C=3 || L2:[sp=C,3] Y=6,X=1,R=1,C=3,S=1,K=3",-1598653.0,-163323000.0,1,X|C,1
X,153,R,1,X,1,K,6,S,1,Y,44,C,2,C,3,Y,41,X,1,R,1,C,1,S,1,K,3,"L1:[sp=X,153] R=1,X=1,K=6,S=1,Y=44,C=2 || L2:[sp=C,3] Y=41,X=1,R=1,C=1,S=1,K=3",-1064449.0,-163324000.0,1,X|C,1
X,153,R,3,K,6,X,1,C,3,Y,155,S,1,C,3,Y,6,C,1,R,3,K,5,S,1,X,1,"L1:[sp=X,153] R=3,K=6,X=1,C=3,Y=155,S=1 || L2:[sp=C,3] Y=6,C=1,R=3,K=5,S=1,X=1",-inf,-inf,0,X|C,1
C,153,R,3,X,114,K,4,C,1,Y,47,S,1,X,3,S,1,X,1,Y,41,K,4,R,1,C,1,"L1:[sp=C,153] R=3,X=114,K=4,C=1,Y=47,S=1 || L2:[sp=X,3] S=1,X=1,Y=41,K=4,R=1,C=1",-8813281.0,-163324000.0,1,C|X,1
X,153,R,1,X,1,K,6,S,1,C,3,Y,33,C,3,Y,6,X,1,R,1,C,1,S,1,K,3,"L1:[sp=X,153] R=1,X=1,K=6,S=1,C=3,Y=33 || L2:[sp=C,3] Y=6,X=1,R=1,C=1,S=1,K=3",-537373.0,-163323000.0,1,X|C,1
X,153,S,1,X,1,K,6,C,3,R,1,Y,47,C,3,S,1,C,1,X,1,K,5,Y,6,R,1,"L1:[sp=X,153] S=1,X=1,K=6,C=3,R=1,Y=47 || L2:[sp=C,3] S=1,C=1,X=1,K=5,Y=6,R=1",-493885.0,-163323000.0,1,X|C,1
X,153,Y,47,X,1,K,4,C,3,R,1,S,1,C,3,S,1,C,2,Y,41,K,4,R,1,X,1,"L1:[sp=X,153] Y=47,X=1,K=4,C=3,R=1,S=1 || L2:[sp=C,3] S=1,C=2,Y=41,K=4,R=1,X=1",-896833.0,-163324000.0,1,X|C,1
C,153,R,3,X,1,K,6,S,1,C,3,Y,9,X,3,Y,6,X,1,R,3,C,1,S,1,K,3,"L1:[sp=C,153] R=3,X=1,K=6,S=1,C=3,Y=9 || L2:[sp=X,3] Y=6,X=1,R=3,C=1,S=1,K=3",-88800097.0,-163323000.0,1,C|X,1
X,153,Y,47,X,1,K,6,C,3,R,3,S,1,C,3,S,1,C,1,X,1,K,5,Y,6,R,1,"L1:[sp=X,153] Y=47,X=1,K=6,C=3,R=3,S=1 || L2:[sp=C,3] S=1,C=1,X=1,K=5,Y=6,R=1",-510133.0,-163323000.0,1,X|C,1
X,153,R,1,X,1,K,6,C,3,Y,47,S,1,C,3,Y,41,C,1,R,1,K,5,S,1,X,1,"L1:[sp=X,153] R=1,X=1,K=6,C=3,Y=47,S=1 || L2:[sp=C,3] Y=41,C=1,R=1,K=5,S=1,X=1",-428005.0,-163324000.0,1,X|C,1
X,153,S,1,X,1,K,6,C,3,R,1,Y,47,C,3,S,1,C,3,X,1,K,5,Y,6,R,1,"L1:[sp=X,153] S=1,X=1,K=6,C=3,R=1,Y=47 || L2:[sp=C,3] S=1,C=3,X=1,K=5,Y=6,R=1",-1477693.0,-163323000.0,1,X|C,1
X,153,R,1,X,1,K,33,S,1,C,3,Y,33,C,3,Y,14,C,1,R,1,X,1,S,1,K,3,"L1:[sp=X,153] R=1,X=1,K=33,S=1,C=3,Y=33 || L2:[sp=C,3] Y=14,C=1,R=1,X=1,S=1,K=3",-inf,-inf,0,X|C,1
Y,153,R,1,X,1,K,6,C,2,Y,47,S,1,C,3,Y,41,C,1,R,1,K,5,S,1,X,1,"L1:[sp=Y,153] R=1,X=1,K=6,C=2,Y=47,S=1 || L2:[sp=C,3] Y=41,C=1,R=1,K=5,S=1,X=1",-11604097.0,-163324000.0,1,Y|C,1
Y,153,R,1,X,1,K,6,S,1,C,3,Y,33,C,3,Y,6,X,1,R,1,C,1,S,1,K,3,"L1:[sp=Y,153] R=1,X=1,K=6,S=1,C=3,Y=33 || L2:[sp=C,3] Y=6,X=1,R=1,C=1,S=1,K=3",-4413025.0,-163323000.0,1,Y|C,1
K,153,R,3,X,1,K,6,S,1,C,3,Y,47,C,3,Y,6,X,1,R,3,C,3,S,1,K,1,"L1:[sp=K,153] R=3,X=1,K=6,S=1,C=3,Y=47 || L2:[sp=C,3] Y=6,X=1,R=3,C=3,S=1,K=1",-8095585.0,-163323000.0,1,K|C,1
C,153,S,1,X,1,K,6,C,3,R,1,Y,47,X,3,S,1,C,2,X,1,K,5,Y,6,R,1,"L1:[sp=C,153] S=1,X=1,K=6,C=3,R=1,Y=47 || L2:[sp=X,3] S=1,C=2,X=1,K=5,Y=6,R=1",-82750753.0,-163323000.0,1,C|X,1
X,153,Y,47,X,1,K,6,C,3,R,3,S,1,C,3,S,1,C,1,R,1,K,5,Y,6,X,1,"L1:[sp=X,153] Y=47,X=1,K=6,C=3,R=3,S=1 || L2:[sp=C,3] S=1,C=1,R=1,K=5,Y=6,X=1",-510133.0,-163323000.0,1,X|C,1
Y,153,S,1,X,1,K,6,C,3,R,1,Y,47,C,3,S,1,C,1,X,1,K,5,Y,6,R,1,"L1:[sp=Y,153] S=1,X=1,K=6,C=3,R=1,Y=47 || L2:[sp=C,3] S=1,C=1,X=1,K=5,Y=6,R=1",-5802049.0,-163323000.0,1,Y|C,1
X,153,S,1,X,1,K,6,C,3,R,1,Y,47,C,3,S,1,C,1,X,1,K,5,Y,6,R,1,"L1:[sp=X,153] S=1,X=1,K=6,C=3,R=1,Y=47 || L2:[sp=C,3] S=1,C=1,X=1,K=5,Y=6,R=1",-493885.0,-163323000.0,1,X|C,1
X,153,K,6,R,3,X,1,S,1,C,3,Y,47,C,3,Y,31,X,1,C,1,K,5,S,1,R,3,"L1:[sp=X,153] K=6,R=3,X=1,S=1,C=3,Y=47 || L2:[sp=C,3] Y=31,X=1,C=1,K=5,S=1,R=3",-516721.0,-163324000.0,1,X|C,1
X,153,R,1,X,1,K,6,S,1,C,3,Y,33,C,3,Y,6,X,1,R,1,C,1,S,1,K,3,"L1:[sp=X,153] R=1,X=1,K=6,S=1,C=3,Y=33 || L2:[sp=C,3] Y=6,X=1,R=1,C=1,S=1,K=3",-537373.0,-163323000.0,1,X|C,1
X,153,S,1,X,51,K,6,C,3,R,3,Y,47,X,1,S,1,C,1,X,1,K,5,Y,6,R,3,"L1:[sp=X,153] S=1,X=51,K=6,C=3,R=3,Y=47 || L2:[sp=X,1] S=1,C=1,X=1,K=5,Y=6,R=3",-inf,-inf,0,X|X,1
X,153,R,1,X,1,K,49,C,3,Y,47,S,1,C,3,Y,41,C,1,R,1,K,5,S,1,X,1,"L1:[sp=X,153] R=1,X=1,K=49,C=3,Y=47,S=1 || L2:[sp=C,3] Y=41,C=1,R=1,K=5,S=1,X=1",-inf,-inf,0,X|C,1
X,153,R,1,X,1,C,2,K,6,Y,47,S,1,C,3,Y,41,C,1,X,1,K,5,S,1,R,1,"L1:[sp=X,153] R=1,X=1,C=2,K=6,Y=47,S=1 || L2:[sp=C,3] Y=41,C=1,X=1,K=5,S=1,R=1",-856009.0,-163324000.0,1,X|C,1
X,153,R,1,X,110,K,6,C,3,Y,47,S,2,C,3,Y,41,C,1,R,1,K,5,S,1,X,1,"L1:[sp=X,153] R=1,X=110,K=6,C=3,Y=47,S=2 || L2:[sp=C,3] Y=41,C=1,R=1,K=5,S=1,X=1",-inf,-inf,0,X|C,1
X,153,K,6,R,3,X,1,S,1,C,3,Y,47,Y,1,Y,6,X,1,C,3,K,5,S,1,R,3,"L1:[sp=X,153] K=6,R=3,X=1,S=1,C=3,Y=47 || L2:[sp=Y,1] Y=6,X=1,C=3,K=5,S=1,R=3",-inf,-inf,0,X|Y,1
X,153,S,1,X,1,K,6,C,2,R,1,Y,47,C,3,S,1,C,1,X,1,K,5,Y,6,R,1,"L1:[sp=X,153] S=1,X=1,K=6,C=2,R=1,Y=47 || L2:[sp=C,3] S=1,C=1,X=1,K=5,Y=6,R=1",-987769.0,-163323000.0,1,X|C,1
X,153,Y,47,X,1,K,6,C,3,R,3,S,1,C,3,S,1,C,1,X,1,K,5,Y,18,R,1,"L1:[sp=X,153] Y=47,X=1,K=6,C=3,R=3,S=1 || L2:[sp=C,3] S=1,C=1,X=1,K=5,Y=18,R=1",-510133.0,-163324000.0,1,X|C,1
X,153,Y,47,X,1,K,6,C,3,R,3,S,1,Y,1,S,1,C,1,X,1,K,5,Y,6,R,3,"L1:[sp=X,153] Y=47,X=1,K=6,C=3,R=3,S=1 || L2:[sp=Y,1] S=1,C=1,X=1,K=5,Y=6,R=3",-inf,-inf,0,X|Y,1
X,153,R,1,X,1,K,6,C,3,Y,47,S,1,C,3,Y,41,C,1,R,1,K,5,S,1,X,1,"L1:[sp=X,153] R=1,X=1,K=6,C=3,Y=47,S=1 || L2:[sp=C,3] Y=41,C=1,R=1,K=5,S=1,X=1",-428005.0,-163324000.0,1,X|C,1
X,153,S,1,X,1,K,6,C,3,R,1,Y,47,C,3,S,1,C,1,X,1,K,5,Y,6,R,1,"L1:[sp=X,153] S=1,X=1,K=6,C=3,R=1,Y=47 || L2:[sp=C,3] S=1,C=1,X=1,K=5,Y=6,R=1",-493885.0,-163323000.0,1,X|C,1
X,153,Y,47,X,1,K,6,C,3,R,3,S,1,C,3,S,1,C,1,X,1,K,5,Y,14,R,1,"L1:[sp=X,153] Y=47,X=1,K=6,C=3,R=3,S=1 || L2:[sp=C,3] S=1,C=1,X=1,K=5,Y=14,R=1",-507937.0,-163323000.0,1,X|C,1
X,153,Y,47,X,1,K,6,C,3,S,1,R,3,C,3,C,1,S,1,R,3,K,5,Y,31,X,1,"L1:[sp=X,153] Y=47,X=1,K=6,C=3,S=1,R=3 || L2:[sp=C,3] C=1,S=1,R=3,K=5,Y=31,X=1",-516721.0,-163324000.0,1,X|C,1
X,153,K,6,R,3,X,1,S,1,C,3,Y,47,C,3,Y,6,X,1,C,3,K,5,S,1,R,1,"L1:[sp=X,153] K=6,R=3,X=1,S=1,C=3,Y=47 || L2:[sp=C,3] Y=6,X=1,C=3,K=5,S=1,R=1",-1529077.0,-163323000.0,1,X|C,1
X,153,Y,47,X,1,K,32,C,3,R,3,S,1,C,3,S,1,C,1,X,1,K,6,Y,18,R,2,"L1:[sp=X,153] Y=47,X=1,K=32,C=3,R=3,S=1 || L2:[sp=C,3] S=1,C=1,X=1,K=6,Y=18,R=2",-inf,-inf,0,X|C,1
X,153,R,1,X,1,S,1,K,6,C,3,Y,33,C,3,Y,6,X,1,R,1,C,1,S,1,K,3,"L1:[sp=X,153] R=1,X=1,S=1,K=6,C=3,Y=33 || L2:[sp=C,3] Y=6,X=1,R=1,C=1,S=1,K=3",-537373.0,-163323000.0,1,X|C,1
C,153,Y,47,X,64,K,6,C,3,R,1,S,1,X,3,S,1,C,1,R,1,K,5,Y,30,X,1,"L1:[sp=C,153] Y=47,X=64,K=6,C=3,R=1,S=1 || L2:[sp=X,3] S=1,C=1,R=1,K=5,Y=30,X=1",-29804446.0,-163324000.0,1,C|X,1
X,153,R,3,X,1,K,6,S,1,C,3,Y,33,C,3,Y,6,X,1,R,1,C,1,S,1,K,3,"L1:[sp=X,153] R=3,X=1,K=6,S=1,C=3,Y=33 || L2:[sp=C,3] Y=6,X=1,R=1,C=1,S=1,K=3",-568789.0,-163323000.0,1,X|C,1
K,153,K,6,R,3,X,1,S,1,C,1,Y,47,C,3,Y,31,X,1,C,1,K,5,S,1,R,3,"L1:[sp=K,153] K=6,R=3,X=1,S=1,C=1,Y=47 || L2:[sp=C,3] Y=31,X=1,C=1,K=5,S=1,R=3",-8537761.0,-163323000.0,1,K|C,1
X,153,Y,160,X,1,K,6,C,2,R,3,S,1,C,3,S,1,C,1,X,1,K,5,Y,18,R,1,"L1:[sp=X,153] Y=160,X=1,K=6,C=2,R=3,S=1 || L2:[sp=C,3] S=1,C=1,X=1,K=5,Y=18,R=1",-inf,-inf,0,X|C,1
X,153,K,6,R,3,X,179,Y,47,C,3,S,1,C,3,Y,32,X,1,C,1,K,5,S,1,R,1,"L1:[sp=X,153] K=6,R=3,X=179,Y=47,C=3,S=1 || L2:[sp=C,3] Y=32,X=1,C=1,K=5,S=1,R=1",-inf,-inf,0,X|C,1
X,153,Y,47,X,1,K,6,C,3,R,3,S,1,C,3,S,1,C,1,R,1,K,5,Y,6,X,1,"L1:[sp=X,153] Y=47,X=1,K=6,C=3,R=3,S=1 || L2:[sp=C,3] S=1,C=1,R=1,K=5,Y=6,X=1",-510133.0,-163323000.0,1,X|C,1
X,153,Y,47,X,1,C,3,K,14,R,3,S,1,C,3,S,1,C,3,X,1,K,5,Y,18,R,1,"L1:[sp=X,153] Y=47,X=1,C=3,K=14,R=3,S=1 || L2:[sp=C,3] S=1,C=3,X=1,K=5,Y=18,R=1",-1628941.0,-163324000.0,1,X|C,1
X,153,R,1,X,1,K,6,C,3,Y,22,S,1,C,3,Y,22,C,1,R,1,K,5,S,1,X,1,"L1:[sp=X,153] R=1,X=1,K=6,C=3,Y=22,S=1 || L2:[sp=C,3] Y=22,C=1,R=1,K=5,S=1,X=1",-535789.0,-163323000.0,1,X|C,1
C,153,S,1,X,1,K,37,C,2,R,1,Y,47,X,3,S,1,C,1,X,1,K,5,Y,6,R,1,"L1:[sp=C,153] S=1,X=1,K=37,C=2,R=1,Y=47 || L2:[sp=X,3] S=1,C=1,X=1,K=5,Y=6,R=1",-57822913.0,-163323000.0,1,C|X,1
X,153,Y,10,X,1,K,39,C,2,R,1,S,1,C,3,S,1,C,1,R,1,K,5,Y,6,X,1,"L1:[sp=X,153] Y=10,X=1,K=39,C=2,R=1,S=1 || L2:[sp=C,3] S=1,C=1,R=1,K=5,Y=6,X=1",-1035505.0,-163323000.0,1,X|C,1
X,153,S,1,X,1,Y,47,C,2,R,1,K,6,C,1,S,1,C,1,X,1,K,5,Y,6,R,1,"L1:[sp=X,153] S=1,X=1,Y=47,C=2,R=1,K=6 || L2:[sp=C,1] S=1,C=1,X=1,K=5,Y=6,R=1",-inf,-inf,0,X|C,1
X,153,S,2,X,1,K,57,C,3,R,1,Y,47,C,3,S,1,C,1,X,1,K,5,Y,6,R,1,"L1:[sp=X,153] S=2,X=1,K=57,C=3,R=1,Y=47 || L2:[sp=C,3] S=1,C=1,X=1,K=5,Y=6,R=1",-inf,-inf,0,X|C,1
X,153,R,1,X,1,K,7,S,1,C,3,Y,33,C,3,Y,6,X,1,R,1,C,1,S,1,K,3,"L1:[sp=X,153] R=1,X=1,K=7,S=1,C=3,Y=33 || L2:[sp=C,3] Y=6,X=1,R=1,C=1,S=1,K=3",-520921.0,-163323000.0,1,X|C,1
X,153,Y,47,X,1,K,15,C,3,R,3,S,1,C,3,S,1,C,1,R,1,K,5,Y,6,X,1,"L1:[sp=X,153] Y=47,X=1,K=15,C=3,R=3,S=1 || L2:[sp=C,3] S=1,C=1,R=1,K=5,Y=6,X=1",-543181.0,-163324000.0,1,X|C,1
X,153,R,1,X,1,K,6,C,3,Y,47,S,1,C,3,Y,41,C,1,R,1,K,5,S,1,X,1,"L1:[sp=X,153] R=1,X=1,K=6,C=3,Y=47,S=1 || L2:[sp=C,3] Y=41,C=1,R=1,K=5,S=1,X=1",-428005.0,-163324000.0,1,X|C,1
X,153,R,2,X,1,K,7,S,1,C,3,Y,33,C,3,C,1,X,1,R,1,Y,6,S,1,K,3,"L1:[sp=X,153] R=2,X=1,K=7,S=1,C=3,Y=33 || L2:[sp=C,3] C=1,X=1,R=1,Y=6,S=1,K=3",-536209.0,-163323000.0,1,X|C,1
X,153,Y,47,X,1,K,6,C,3,R,3,S,1,X,1,S,1,C,1,X,1,K,5,Y,14,R,1,"L1:[sp=X,153] Y=47,X=1,K=6,C=3,R=3,S=1 || L2:[sp=X,1] S=1,C=1,X=1,K=5,Y=14,R=1",-inf,-inf,0,X|X,1
X,153,Y,47,X,1,K,6,C,3,S,1,R,3,C,3,C,3,S,1,R,3,K,5,Y,31,X,1,"L1:[sp=X,153] Y=47,X=1,K=6,C=3,S=1,R=3 || L2:[sp=C,3] C=3,S=1,R=3,K=5,Y=31,X=1",-inf,-inf,0,X|C,1
X,153,R,1,X,1,K,6,C,3,Y,47,S,1,C,3,Y,11,S,1,X,1,K,5,C,1,R,1,"L1:[sp=X,153] R=1,X=1,K=6,C=3,Y=47,S=1 || L2:[sp=C,3] Y=11,S=1,X=1,K=5,C=1,R=1",-493885.0,-163323000.0,1,X|C,1
C,153,R,1,X,1,K,6,C,3,Y,47,S,1,X,3,Y,6,C,2,R,1,K,5,S,1,X,1,"L1:[sp=C,153] R=1,X=1,K=6,C=3,Y=47,S=1 || L2:[sp=X,3] Y=6,C=2,R=1,K=5,S=1,X=1",-82750753.0,-163323000.0,1,C|X,1
C,153,S,1,X,1,K,6,C,3,R,3,Y,22,X,3,S,1,C,1,X,1,K,5,Y,22,R,1,"L1:[sp=C,153] S=1,X=1,K=6,C=3,R=3,Y=22 || L2:[sp=X,3] S=1,C=1,X=1,K=5,Y=22,R=1",-89361889.0,-163323000.0,1,C|X,1
X,153,R,1,X,1,K,6,C,3,Y,22,S,1,C,3,Y,22,C,1,R,1,K,5,S,1,X,1,"L1:[sp=X,153] R=1,X=1,K=6,C=3,Y=22,S=1 || L2:[sp=C,3] Y=22,C=1,R=1,K=5,S=1,X=1",-535789.0,-163323000.0,1,X|C,1
C,153,Y,47,X,1,K,6,C,3,S,1,R,3,X,3,C,1,S,1,R,3,K,5,Y,31,X,1,"L1:[sp=C,153] Y=47,X=1,K=6,C=3,S=1,R=3 || L2:[sp=X,3] C=1,S=1,R=3,K=5,Y=31,X=1",-86735041.0,-163323000.0,1,C|X,1
X,153,Y,47,X,1,K,6,C,3,S,1,R,3,C,3,C,1,S,1,R,3,K,3,Y,31,X,1,"L1:[sp=X,153] Y=47,X=1,K=6,C=3,S=1,R=3 || L2:[sp=C,3] C=1,S=1,R=3,K=3,Y=31,X=1",-559021.0,-163324000.0,1,X|C,1
X,153,Y,159,X,1,K,6,C,1,R,3,S,1,C,3,S,1,C,1,R,3,K,5,Y,6,X,1,"L1:[sp=X,153] Y=159,X=1,K=6,C=1,R=3,S=1 || L2:[sp=C,3] S=1,C=1,R=3,K=5,Y=6,X=1",-inf,-inf,0,X|C,1
C,153,R,1,X,1,K,7,S,1,C,3,Y,33,X,3,Y,6,X,1,R,1,C,1,S,1,K,3,"L1:[sp=C,153] R=1,X=1,K=7,S=1,C=3,Y=33 || L2:[sp=X,3] Y=6,X=1,R=1,C=1,S=1,K=3",-87232321.0,-163323000.0,1,C|X,1
X,153,S,1,X,78,K,6,C,3,R,1,Y,47,C,3,S,1,C,1,X,1,K,5,Y,6,R,1,"L1:[sp=X,153] S=1,X=78,K=6,C=3,R=1,Y=47 || L2:[sp=C,3] S=1,C=1,X=1,K=5,Y=6,R=1",-inf,-inf,0,X|C,1
C,153,Y,47,X,1,K,6,C,3,R,1,S,1,C,3,S,1,C,1,R,1,K,5,Y,6,X,1,"L1:[sp=C,153] Y=47,X=1,K=6,C=3,R=1,S=1 || L2:[sp=C,3] S=1,C=1,R=1,K=5,Y=6,X=1",-27657505.0,-163323000.0,1,C|C,1
Y,153,S,1,X,1,K,6,C,3,R,3,Y,47,X,1,S,1,C,1,X,1,K,5,Y,6,R,2,"L1:[sp=Y,153] S=1,X=1,K=6,C=3,R=3,Y=47 || L2:[sp=X,1] S=1,C=1,X=1,K=5,Y=6,R=2",-17715937.0,-163323000.0,1,Y|X,1
X,153,R,3,X,1,K,7,S,1,C,3,Y,33,C,3,Y,6,X,1,K,3,C,1,S,1,R,1,"L1:[sp=X,153] R=3,X=1,K=7,S=1,C=3,Y=33 || L2:[sp=C,3] Y=6,X=1,K=3,C=1,S=1,R=1",-551497.0,-163323000.0,1,X|C,1
X,153,R,1,X,1,K,10,C,3,Y,22,S,1,C,3,Y,22,C,1,R,1,K,5,S,1,X,1,"L1:[sp=X,153] R=1,X=1,K=10,C=3,Y=22,S=1 || L2:[sp=C,3] Y=22,C=1,R=1,K=5,S=1,X=1",-569053.0,-163323000.0,1,X|C,1
X,153,R,3,X,1,S,1,K,6,C,3,Y,33,C,3,Y,6,X,1,R,1,C,3,S,1,K,3,"L1:[sp=X,153] R=3,X=1,S=1,K=6,C=3,Y=33 || L2:[sp=C,3] Y=6,X=1,R=1,C=3,S=1,K=3",-1704517.0,-163323000.0,1,X|C,1
X,153,Y,47,X,1,R,1,C,3,K,6,S,1,C,3,S,1,C,1,X,1,K,5,Y,6,R,1,"L1:[sp=X,153] Y=47,X=1,R=1,C=3,K=6,S=1 || L2:[sp=C,3] S=1,C=1,X=1,K=5,Y=6,R=1",-493885.0,-163323000.0,1,X|C,1
X,153,R,2,X,1,K,60,C,3,Y,47,S,1,C,3,Y,6,C,1,R,1,K,5,S,1,X,1,"L1:[sp=X,153] R=2,X=1,K=60,C=3,Y=47,S=1 || L2:[sp=C,3] Y=6,C=1,R=1,K=5,S=1,X=1",-inf,-inf,0,X|C,1
X,153,S,1,X,1,K,6,C,3,R,1,Y,22,C,3,S,1,C,1,K,5,X,1,Y,22,R,1,"L1:[sp=X,153] S=1,X=1,K=6,C=3,R=1,Y=22 || L2:[sp=C,3] S=1,C=1,K=5,X=1,Y=22,R=1",-535789.0,-163323000.0,1,X|C,1
X,153,R,1,X,1,K,6,C,3,Y,47,S,1,C,3,Y,41,C,1,R,1,K,5,S,1,X,1,"L1:[sp=X,153] R=1,X=1,K=6,C=3,Y=47,S=1 || L2:[sp=C,3] Y=41,C=1,R=1,K=5,S=1,X=1",-428005.0,-163324000.0,1,X|C,1
X,153,S,1,X,1,K,6,C,3,R,1,Y,47,C,3,S,1,C,1,K,5,X,1,Y,41,R,1,"L1:[sp=X,153] S=1,X=1,K=6,C=3,R=1,Y=47 || L2:[sp=C,3] S=1,C=1,K=5,X=1,Y=41,R=1",-428005.0,-163324000.0,1,X|C,1
X,153,R,1,X,1,K,6,C,3,Y,22,S,1,X,1,Y,22,C,1,R,1,K,2,S,1,X,1,"L1:[sp=X,153] R=1,X=1,K=6,C=3,Y=22,S=1 || L2:[sp=X,1] Y=22,C=1,R=1,K=2,S=1,X=1",-838531.0,-163324000.0,1,X|X,1
X,153,R,1,X,1,K,6,C,3,Y,47,S,1,X,1,Y,41,C,1,R,1,K,5,S,1,X,1,"L1:[sp=X,153] R=1,X=1,K=6,C=3,Y=47,S=1 || L2:[sp=X,1] Y=41,C=1,R=1,K=5,S=1,X=1",-inf,-inf,0,X|X,1
X,153,R,1,X,1,K,6,C,3,Y,22,S,1,C,3,Y,22,C,1,R,1,K,5,S,1,X,1,"L1:[sp=X,153] R=1,X=1,K=6,C=3,Y=22,S=1 || L2:[sp=C,3] Y=22,C=1,R=1,K=5,S=1,X=1",-535789.0,-163323000.0,1,X|C,1
X,153,S,1,X,1,K,6,C,3,R,1,Y,22,Y,1,S,1,C,1,K,5,X,1,Y,22,R,1,"L1:[sp=X,153] S=1,X=1,K=6,C=3,R=1,Y=22 || L2:[sp=Y,1] S=1,C=1,K=5,X=1,Y=22,R=1",-799327.0,-163324000.0,1,X|Y,1
X,153,Y,47,X,1,R,1,C,3,K,6,S,1,C,3,S,1,C,1,R,1,K,5,Y,6,X,1,"L1:[sp=X,153] Y=47,X=1,R=1,C=3,K=6,S=1 || L2:[sp=C,3] S=1,C=1,R=1,K=5,Y=6,X=1",-493885.0,-163323000.0,1,X|C,1
C,153,R,1,X,1,K,6,C,3,Y,22,S,1,C,3,Y,22,C,1,R,1,K,5,S,1,X,1,"L1:[sp=C,153] R=1,X=1,K=6,C=3,Y=22,S=1 || L2:[sp=C,3] Y=22,C=1,R=1,K=5,S=1,X=1",-30004129.0,-163323000.0,1,C|C,1
X,153,Y,47,X,1,K,6,C,3,S,1,R,3,X,1,C,1,S,1,R,3,K,3,Y,31,X,1,"L1:[sp=X,153] Y=47,X=1,K=6,C=3,S=1,R=3 || L2:[sp=X,1] C=1,S=1,R=3,K=3,Y=31,X=1",-inf,-inf,0,X|X,1
K,153,R,2,X,1,K,7,S,1,C,3,Y,33,X,7,C,1,K,3,X,1,Y,6,S,1,R,1,"L1:[sp=K,153] R=2,X=1,K=7,S=1,C=3,Y=33 || L2:[sp=X,7] C=1,K=3,X=1,Y=6,S=1,R=1",-9831361.0,-163323000.0,1,K|X,1
X,153,Y,22,X,1,K,53,C,3,R,1,S,1,C,3,Y,22,C,1,R,1,K,5,S,1,X,1,"L1:[sp=X,153] Y=22,X=1,K=53,C=3,R=1,S=1 || L2:[sp=C,3] Y=22,C=1,R=1,K=5,S=1,X=1",-inf,-inf,0,X|C,1
X,153,R,3,X,1,K,6,C,2,Y,47,S,1,C,3,Y,41,C,1,R,1,K,5,S,1,X,1,"L1:[sp=X,153] R=3,X=1,K=6,C=2,Y=47,S=1 || L2:[sp=C,3] Y=41,C=1,R=1,K=5,S=1,X=1",-897289.0,-163324000.0,1,X|C,1
X,153,C,3,X,1,K,7,S,1,R,1,Y,33,Y,3,X,1,Y,7,K,3,C,1,S,1,R,1,"L1:[sp=X,153] C=3,X=1,K=7,S=1,R=1,Y=33 || L2:[sp=Y,3] X=1,Y=7,K=3,C=1,S=1,R=1",-583129.0,-163323000.0,1,X|Y,1
X,153,R,1,X,1,K,6,C,3,Y,47,S,2,C,3,K,5,C,1,R,1,Y,6,S,1,X,1,"L1:[sp=X,153] R=1,X=1,K=6,C=3,Y=47,S=2 || L2:[sp=C,3] K=5,C=1,R=1,Y=6,S=1,X=1",-985129.0,-163323000.0,1,X|C,1
K,153,Y,47,X,1,R,1,S,1,K,6,C,3,C,3,S,1,C,1,X,1,K,5,Y,41,R,1,"L1:[sp=K,153] Y=47,X=1,R=1,S=1,K=6,C=3 || L2:[sp=C,3] S=1,C=1,X=1,K=5,Y=41,R=1",-2356705.0,-163324000.0,1,K|C,1
X,153,R,1,X,1,K,6,C,3,Y,47,S,1,C,3,Y,11,S,1,X,1,K,5,C,1,R,1,"L1:[sp=X,153] R=1,X=1,K=6,C=3,Y=47,S=1 || L2:[sp=C,3] Y=11,S=1,X=1,K=5,C=1,R=1",-493885.0,-163323000.0,1,X|C,1
X,153,R,1,X,1,K,6,C,3,Y,22,S,1,C,3,Y,22,C,1,R,1,K,5,S,1,X,1,"L1:[sp=X,153] R=1,X=1,K=6,C=3,Y=22,S=1 || L2:[sp=C,3] Y=22,C=1,R=1,K=5,S=1,X=1",-535789.0,-163323000.0,1,X|C,1
X,153,R,1,X,1,K,6,C,3,Y,22,S,1,C,3,Y,22,C,1,R,1,X,1,S,1,K,5,"L1:[sp=X,153] R=1,X=1,K=6,C=3,Y=22,S=1 || L2:[sp=C,3] Y=22,C=1,R=1,X=1,S=1,K=5",-535789.0,-163323000.0,1,X|C,1
X,153,S,1,X,1,K,6,C,3,R,1,Y,47,C,3,S,1,C,1,K,1,X,1,Y,41,R,1,"L1:[sp=X,153] S=1,X=1,K=6,C=3,R=1,Y=47 || L2:[sp=C,3] S=1,C=1,K=1,X=1,Y=41,R=1",-448957.0,-163323000.0,1,X|C,1
X,153,Y,22,X,1,K,6,C,3,S,1,R,2,C,3,X,1,S,1,R,1,K,3,Y,22,C,1,"L1:[sp=X,153] Y=22,X=1,K=6,C=3,S=1,R=2 || L2:[sp=C,3] X=1,S=1,R=1,K=3,Y=22,C=1",-551761.0,-163323000.0,1,X|C,1
X,153,S,1,X,179,K,11,C,3,R,3,Y,204,C,3,S,1,C,1,K,5,X,1,Y,31,R,3,"L1:[sp=X,153] S=1,X=179,K=11,C=3,R=3,Y=204 || L2:[sp=C,3] S=1,C=1,K=5,X=1,Y=31,R=3",-inf,-inf,0,X|C,1
X,153,R,1,X,1,K,6,C,3,Y,47,S,1,C,3,Y,41,C,1,R,1,K,5,S,1,X,1,"L1:[sp=X,153] R=1,X=1,K=6,C=3,Y=47,S=1 || L2:[sp=C,3] Y=41,C=1,R=1,K=5,S=1,X=1",-428005.0,-163324000.0,1,X|C,1
X,153,R,1,X,1,K,21,C,3,Y,40,S,1,C,3,Y,22,C,1,R,1,K,5,S,1,X,1,"L1:[sp=X,153] R=1,X=1,K=21,C=3,Y=40,S=1 || L2:[sp=C,3] Y=22,C=1,R=1,K=5,S=1,X=1",-553825.0,-163324000.0,1,X|C,1
X,153,Y,45,X,1,R,1,C,1,K,6,S,1,C,3,S,1,C,1,R,1,K,5,X,1,Y,6,"L1:[sp=X,153] Y=45,X=1,R=1,C=1,K=6,S=1 || L2:[sp=C,3] S=1,C=1,R=1,K=5,X=1,Y=6",-1488241.0,-163323000.0,1,X|C,1
X,153,C,3,X,1,K,6,S,1,Y,47,R,1,Y,1,Y,11,S,1,X,1,K,5,C,1,R,1,"L1:[sp=X,153] C=3,X=1,K=6,S=1,Y=47,R=1 || L2:[sp=Y,1] Y=11,S=1,X=1,K=5,C=1,R=1",-inf,-inf,0,X|Y,1
X,153,Y,22,X,1,K,6,C,3,S,1,R,2,C,3,X,1,S,1,R,1,K,3,Y,18,C,1,"L1:[sp=X,153] Y=22,X=1,K=6,C=3,S=1,R=2 || L2:[sp=C,3] X=1,S=1,R=1,K=3,Y=18,C=1",-561265.0,-163323000.0,1,X|C,1
C,153,R,1,X,89,C,3,K,6,Y,46,S,1,X,3,Y,41,C,1,R,1,K,5,S,1,X,1,"L1:[sp=C,153] R=1,X=89,C=3,K=6,Y=46,S=1 || L2:[sp=X,3] Y=41,C=1,R=1,K=5,S=1,X=1",-23658994.0,-163324000.0,1,C|X,1
X,153,R,1,X,1,K,6,C,3,Y,188,S,1,C,3,Y,57,C,1,R,1,X,1,S,1,K,5,"L1:[sp=X,153] R=1,X=1,K=6,C=3,Y=188,S=1 || L2:[sp=C,3] Y=57,C=1,R=1,X=1,S=1,K=5",-inf,-inf,0,X|C,1
C,153,R,1,X,1,K,6,C,3,S,1,Y,47,X,3,S,1,C,1,K,1,X,1,Y,41,R,1,"L1:[sp=C,153] R=1,X=1,K=6,C=3,S=1,Y=47 || L2:[sp=X,3] S=1,C=1,K=1,X=1,Y=41,R=1",-75202849.0,-163323000.0,1,C|X,1
X,153,R,1,X,1,K,6,C,3,Y,22,S,1,C,3,Y,22,C,1,R,1,K,5,S,1,X,1,"L1:[sp=X,153] R=1,X=1,K=6,C=3,Y=22,S=1 || L2:[sp=C,3] Y=22,C=1,R=1,K=5,S=1,X=1",-535789.0,-163323000.0,1,X|C,1
X,153,S,1,X,1,K,6,C,3,R,1,Y,47,C,3,S,1,C,1,K,5,R,1,Y,41,X,1,"L1:[sp=X,153] S=1,X=1,K=6,C=3,R=1,Y=47 || L2:[sp=C,3] S=1,C=1,K=5,R=1,Y=41,X=1",-428005.0,-163324000.0,1,X|C,1
X,153,Y,47,X,1,R,1,C,3,K,6,S,3,C,1,S,1,C,1,R,1,K,5,Y,6,X,1,"L1:[sp=X,153] Y=47,X=1,R=1,C=3,K=6,S=3 || L2:[sp=C,1] S=1,C=1,R=1,K=5,Y=6,X=1",-inf,-inf,0,X|C,1
X,153,R,2,Y,47,X,1,C,3,K,6,S,1,C,3,Y,41,C,1,R,1,K,5,S,1,X,1,"L1:[sp=X,153] R=2,Y=47,X=1,C=3,K=6,S=1 || L2:[sp=C,3] Y=41,C=1,R=1,K=5,S=1,X=1",-438325.0,-163324000.0,1,X|C,1
X,153,Y,47,X,1,R,1,C,3,K,6,S,1,C,3,S,1,C,1,R,1,K,5,Y,6,X,1,"L1:[sp=X,153] Y=47,X=1,R=1,C=3,K=6,S=1 || L2:[sp=C,3] S=1,C=1,R=1,K=5,Y=6,X=1",-493885.0,-163323000.0,1,X|C,1
X,153,R,1,X,1,K,6,Y,22,C,3,S,1,C,3,Y,22,C,1,R,1,K,5,S,1,X,1,"L1:[sp=X,153] R=1,X=1,K=6,Y=22,C=3,S=1 || L2:[sp=C,3] Y=22,C=1,R=1,K=5,S=1,X=1",-535789.0,-163323000.0,1,X|C,1
X,153,S,1,X,1,K,6,C,3,Y,22,R,2,C,3,X,1,S,1,R,1,K,3,Y,22,C,2,"L1:[sp=X,153] S=1,X=1,K=6,C=3,Y=22,R=2 || L2:[sp=C,3] X=1,S=1,R=1,K=3,Y=22,C=2",-1100617.0,-163323000.0,1,X|C,1
X,153,Y,22,X,1,K,6,C,3,S,1,R,2,C,3,X,1,S,1,R,2,K,5,Y,22,C,1,"L1:[sp=X,153] Y=22,X=1,K=6,C=3,S=1,R=2 || L2:[sp=C,3] X=1,S=1,R=2,K=5,Y=22,C=1",-711481.0,-163323000.0,1,X|C,1
X,153,Y,67,X,1,R,1,C,3,K,6,S,1,C,3,S,1,C,1,R,1,K,5,Y,6,X,1,"L1:[sp=X,153] Y=67,X=1,R=1,C=3,K=6,S=1 || L2:[sp=C,3] S=1,C=1,R=1,K=5,Y=6,X=1",-484705.0,-163323000.0,1,X|C,1
X,153,R,1,X,51,K,6,C,3,Y,47,S,1,C,3,Y,41,C,1,R,1,K,5,S,1,X,1,"L1:[sp=X,153] R=1,X=51,K=6,C=3,Y=47,S=1 || L2:[sp=C,3] Y=41,C=1,R=1,K=5,S=1,X=1",-inf,-inf,0,X|C,1
X,153,R,1,X,1,K,41,C,3,Y,47,S,2,C,3,X,1,S,1,Y,11,K,5,C,1,R,1,"L1:[sp=X,153] R=1,X=1,K=41,C=3,Y=47,S=2 || L2:[sp=C,3] X=1,S=1,Y=11,K=5,C=1,R=1",-inf,-inf,0,X|C,1
X,153,Y,47,X,1,R,1,C,3,K,6,S,1,C,3,S,1,C,1,R,1,K,5,Y,6,X,1,"L1:[sp=X,153] Y=47,X=1,R=1,C=3,K=6,S=1 || L2:[sp=C,3] S=1,C=1,R=1,K=5,Y=6,X=1",-493885.0,-163323000.0,1,X|C,1
X,153,S,1,X,1,K,6,C,3,R,1,Y,47,C,3,S,1,C,2,K,5,X,1,Y,41,R,1,"L1:[sp=X,153] S=1,X=1,K=6,C=3,R=1,Y=47 || L2:[sp=C,3] S=1,C=2,K=5,X=1,Y=41,R=1",-inf,-inf,0,X|C,1
X,153,R,1,X,1,K,6,C,3,Y,47,S,1,C,3,Y,41,C,1,R,1,K,5,S,1,X,1,"L1:[sp=X,153] R=1,X=1,K=6,C=3,Y=47,S=1 || L2:[sp=C,3] Y=41,C=1,R=1,K=5,S=1,X=1",-428005.0,-163324000.0,1,X|C,1
X,153,R,2,Y,82,X,1,C,3,K,6,S,1,C,3,Y,29,C,1,R,1,K,5,S,1,X,1,"L1:[sp=X,153] R=2,Y=82,X=1,C=3,K=6,S=1 || L2:[sp=C,3] Y=29,C=1,R=1,K=5,S=1,X=1",-547597.0,-163324000.0,1,X|C,1
C,153,Y,67,X,1,R,1,C,2,K,6,S,1,X,3,S,1,C,1,R,1,K,5,Y,6,X,1,"L1:[sp=C,153] Y=67,X=1,R=1,C=2,K=6,S=1 || L2:[sp=X,3] S=1,C=1,R=1,K=5,Y=6,X=1",-54198145.0,-163323000.0,1,C|X,1
X,153,R,1,X,1,K,6,Y,22,C,3,S,1,C,1,Y,22,C,1,R,1,K,5,S,1,X,1,"L1:[sp=X,153] R=1,X=1,K=6,Y=22,C=3,S=1 || L2:[sp=C,1] Y=22,C=1,R=1,K=5,S=1,X=1",-799327.0,-163324000.0,1,X|C,1
X,153,R,1,X,195,K,6,C,3,Y,22,S,1,C,3,Y,22,C,1,R,1,K,5,S,1,X,1,"L1:[sp=X,153] R=1,X=195,K=6,C=3,Y=22,S=1 || L2:[sp=C,3] Y=22,C=1,R=1,K=5,S=1,X=1",-25908400.0,-163324000.0,1,X|C,1
X,153,Y,67,X,1,R,1,C,3,K,6,S,2,C,3,S,1,C,1,R,1,K,5,Y,6,X,1,"L1:[sp=X,153] Y=67,X=1,R=1,C=3,K=6,S=2 || L2:[sp=C,3] S=1,C=1,R=1,K=5,Y=6,X=1",-967297.0,-163324000.0,1,X|C,1
X,153,X,1,S,2,K,6,C,1,R,1,Y,47,C,3,S,1,C,1,K,5,R,1,Y,41,X,1,"L1:[sp=X,153] X=1,S=2,K=6,C=1,R=1,Y=47 || L2:[sp=C,3] S=1,C=1,K=5,R=1,Y=41,X=1",-2560105.0,-163324000.0,1,X|C,1
X,153,Y,47,X,1,R,1,C,3,K,6,S,1,C,3,S,1,C,1,R,1,K,5,Y,41,X,1,"L1:[sp=X,153] Y=47,X=1,R=1,C=3,K=6,S=1 || L2:[sp=C,3] S=1,C=1,R=1,K=5,Y=41,X=1",-428005.0,-163324000.0,1,X|C,1
X,153,R,1,X,1,K,6,C,3,Y,67,S,1,C,3,Y,6,C,1,R,1,K,5,S,1,X,1,"L1:[sp=X,153] R=1,X=1,K=6,C=3,Y=67,S=1 || L2:[sp=C,3] Y=6,C=1,R=1,K=5,S=1,X=1",-484705.0,-163323000.0,1,X|C,1
X,153,R,2,Y,47,X,1,C,3,K,6,S,1,C,3,S,1,C,1,R,1,K,5,Y,41,X,1,"L1:[sp=X,153] R=2,Y=47,X=1,C=3,K=6,S=1 || L2:[sp=C,3] S=1,C=1,R=1,K=5,Y=41,X=1",-438325.0,-163324000.0,1,X|C,1
X,153,Y,47,X,1,R,1,C,1,K,6,S,3,C,3,Y,6,C,1,R,1,K,5,S,1,X,1,"L1:[sp=X,153] Y=47,X=1,R=1,C=1,K=6,S=3 || L2:[sp=C,3] Y=6,C=1,R=1,K=5,S=1,X=1",-4429117.0,-163323000.0,1,X|C,1
X,153,R,1,X,1,K,6,C,3,Y,40,S,1,C,3,Y,22,C,1,R,1,K,5,S,1,X,1,"L1:[sp=X,153] R=1,X=1,K=6,C=3,Y=40,S=1 || L2:[sp=C,3] Y=22,C=1,R=1,K=5,S=1,X=1",-529417.0,-163324000.0,1,X|C,1
X,153,X,1,R,1,K,21,C,3,Y,22,S,1,C,3,Y,22,C,1,R,1,K,5,S,1,X,1,"L1:[sp=X,153] X=1,R=1,K=21,C=3,Y=22,S=1 || L2:[sp=C,3] Y=22,C=1,R=1,K=5,S=1,X=1",-559153.0,-163324000.0,1,X|C,1
X,153,R,1,X,1,K,21,C,3,Y,40,S,1,C,3,Y,22,C,1,R,1,K,5,S,1,X,1,"L1:[sp=X,153] R=1,X=1,K=21,C=3,Y=40,S=1 || L2:[sp=C,3] Y=22,C=1,R=1,K=5,S=1,X=1",-553825.0,-163324000.0,1,X|C,1
X,153,S,1,X,1,K,6,C,3,R,2,Y,181,C,3,S,1,X,1,K,5,R,1,Y,41,C,1,"L1:[sp=X,153] S=1,X=1,K=6,C=3,R=2,Y=181 || L2:[sp=C,3] S=1,X=1,K=5,R=1,Y=41,C=1",-inf,-inf,0,X|C,1
X,153,S,1,X,1,K,6,C,3,Y,109,R,1,C,3,Y,22,C,1,R,1,K,5,S,1,X,1,"L1:[sp=X,153] S=1,X=1,K=6,C=3,Y=109,R=1 || L2:[sp=C,3] Y=22,C=1,R=1,K=5,S=1,X=1",-inf,-inf,0,X|C,1
X,153,R,1,X,77,K,25,C,3,Y,47,S,1,C,3,Y,41,C,1,R,1,K,4,S,1,X,1,"L1:[sp=X,153] R=1,X=77,K=25,C=3,Y=47,S=1 || L2:[sp=C,3] Y=41,C=1,R=1,K=4,S=1,X=1",-inf,-inf,0,X|C,1
X,153,R,1,X,1,K,6,C,3,Y,47,S,1,C,3,Y,25,C,1,R,1,K,5,S,1,X,1,"L1:[sp=X,153] R=1,X=1,K=6,C=3,Y=47,S=1 || L2:[sp=C,3] Y=25,C=1,R=1,K=5,S=1,X=1",-518041.0,-163324000.0,1,X|C,1
X,153,R,2,X,1,K,6,Y,22,C,3,S,1,C,3,Y,22,X,1,R,1,K,5,S,1,C,1,"L1:[sp=X,153] R=2,X=1,K=6,Y=22,C=3,S=1 || L2:[sp=C,3] Y=22,X=1,R=1,K=5,S=1,C=1",-510181.0,-163323000.0,1,X|C,1
X,153,S,1,X,1,K,6,C,3,R,2,Y,47,C,3,S,1,C,1,K,5,R,1,Y,41,X,1,"L1:[sp=X,153] S=1,X=1,K=6,C=3,R=2,Y=47 || L2:[sp=C,3] S=1,C=1,K=5,R=1,Y=41,X=1",-438325.0,-163324000.0,1,X|C,1
X,153,R,1,X,1,K,6,C,3,Y,22,S,3,C,3,Y,22,C,1,R,1,K,5,S,1,X,1,"L1:[sp=X,153] R=1,X=1,K=6,C=3,Y=22,S=3 || L2:[sp=C,3] Y=22,C=1,R=1,K=5,S=1,X=1",-1595749.0,-163323000.0,1,X|C,1
X,153,R,1,X,1,K,6,C,3,Y,47,S,1,C,3,Y,41,C,1,R,1,K,5,S,1,X,1,"L1:[sp=X,153] R=1,X=1,K=6,C=3,Y=47,S=1 || L2:[sp=C,3] Y=41,C=1,R=1,K=5,S=1,X=1",-428005.0,-163324000.0,1,X|C,1
X,153,S,1,X,1,K,6,C,3,R,2,Y,47,C,3,S,1,C,1,K,5,R,1,Y,41,X,1,"L1:[sp=X,153] S=1,X=1,K=6,C=3,R=2,Y=47 || L2:[sp=C,3] S=1,C=1,K=5,R=1,Y=41,X=1",-438325.0,-163324000.0,1,X|C,1
X,153,R,1,X,1,K,6,C,3,Y,215,S,1,C,3,Y,25,C,1,R,1,K,5,S,1,X,1,"L1:[sp=X,153] R=1,X=1,K=6,C=3,Y=215,S=1 || L2:[sp=C,3] Y=25,C=1,R=1,K=5,S=1,X=1",-inf,-inf,0,X|C,1
X,153,R,1,X,48,K,33,C,3,Y,47,S,1,C,3,Y,25,C,1,R,1,K,5,S,1,X,1,"L1:[sp=X,153] R=1,X=48,K=33,C=3,Y=47,S=1 || L2:[sp=C,3] Y=25,C=1,R=1,K=5,S=1,X=1",-inf,-inf,0,X|C,1
X,153,Y,47,X,1,R,1,C,3,K,6,S,1,C,1,S,1,C,1,R,1,K,5,Y,41,X,1,"L1:[sp=X,153] Y=47,X=1,R=1,C=3,K=6,S=1 || L2:[sp=C,1] S=1,C=1,R=1,K=5,Y=41,X=1",-inf,-inf,0,X|C,1
X,153,S,1,X,1,K,48,C,3,R,1,Y,47,K,6,K,5,C,1,S,1,R,1,Y,41,X,1,"L1:[sp=X,153] S=1,X=1,K=48,C=3,R=1,Y=47 || L2:[sp=K,6] K=5,C=1,S=1,R=1,Y=41,X=1",-inf,-inf,0,X|K,1
X,153,Y,47,X,1,R,1,C,3,K,6,S,1,C,3,S,1,C,1,R,1,K,5,Y,47,X,1,"L1:[sp=X,153] Y=47,X=1,R=1,C=3,K=6,S=1 || L2:[sp=C,3] S=1,C=1,R=1,K=5,Y=47,X=1",-inf,-inf,0,X|C,1
X,153,Y,47,X,1,R,1,C,1,K,6,S,1,C,3,S,1,C,1,R,1,K,5,Y,41,X,1,"L1:[sp=X,153] Y=47,X=1,R=1,C=1,K=6,S=1 || L2:[sp=C,3] S=1,C=1,R=1,K=5,Y=41,X=1",-1284013.0,-163324000.0,1,X|C,1
X,153,R,1,X,1,K,18,C,3,Y,67,S,1,C,3,Y,6,C,1,R,1,K,5,S,1,X,1,"L1:[sp=X,153] R=1,X=1,K=18,C=3,Y=67,S=1 || L2:[sp=C,3] Y=6,C=1,R=1,K=5,S=1,X=1",-inf,-inf,0,X|C,1
X,153,X,1,Y,47,R,2,C,3,K,6,S,3,X,1,S,1,C,1,R,1,K,5,Y,41,X,1,"L1:[sp=X,153] X=1,Y=47,R=2,C=3,K=6,S=3 || L2:[sp=X,1] S=1,C=1,R=1,K=5,Y=41,X=1",-inf,-inf,0,X|X,1
X,153,R,1,X,1,K,6,C,3,Y,67,S,2,C,3,Y,53,C,3,R,1,K,5,S,1,X,1,"L1:[sp=X,153] R=1,X=1,K=6,C=3,Y=67,S=2 || L2:[sp=C,3] Y=53,C=3,R=1,K=5,S=1,X=1",-inf,-inf,0,X|C,1
Y,153,S,1,X,1,K,6,C,3,R,1,Y,46,C,3,S,1,C,1,K,5,R,1,Y,41,X,1,"L1:[sp=Y,153] S=1,X=1,K=6,C=3,R=1,Y=46 || L2:[sp=C,3] S=1,C=1,K=5,R=1,Y=41,X=1",-5679073.0,-163324000.0,1,Y|C,1
X,153,R,2,X,1,K,64,C,3,Y,47,S,1,C,3,Y,25,C,1,R,1,K,5,S,1,X,1,"L1:[sp=X,153] R=2,X=1,K=64,C=3,Y=47,S=1 || L2:[sp=C,3] Y=25,C=1,R=1,K=5,S=1,X=1",-inf,-inf,0,X|C,1
X,153,R,2,S,1,K,6,C,3,Y,40,X,1,C,3,Y,35,C,1,R,1,K,5,S,1,X,1,"L1:[sp=X,153] R=2,S=1,K=6,C=3,Y=40,X=1 || L2:[sp=C,3] Y=35,C=1,R=1,K=5,S=1,X=1",-464941.0,-163324000.0,1,X|C,1
X,153,R,1,Y,185,X,1,C,3,K,6,S,1,C,3,S,1,C,1,R,1,K,5,Y,41,X,1,"L1:[sp=X,153] R=1,Y=185,X=1,C=3,K=6,S=1 || L2:[sp=C,3] S=1,C=1,R=1,K=5,Y=41,X=1",-inf,-inf,0,X|C,1
K,153,R,1,X,1,K,6,Y,22,C,3,S,1,C,3,Y,22,X,1,R,1,K,5,S,1,C,1,"L1:[sp=K,153] R=1,X=1,K=6,Y=22,C=3,S=1 || L2:[sp=C,3] Y=22,X=1,R=1,K=5,S=1,C=1",-2949409.0,-163323000.0,1,K|C,1
X,153,R,2,X,72,K,6,C,3,Y,40,S,1,C,3,S,1,C,3,R,1,K,5,Y,22,X,1,"L1:[sp=X,153] R=2,X=72,K=6,C=3,Y=40,S=1 || L2:[sp=C,3] S=1,C=3,R=1,K=5,Y=22,X=1",-inf,-inf,0,X|C,1
X,153,R,1,X,1,K,6,Y,40,C,3,S,1,C,3,X,1,Y,22,R,1,K,5,S,1,C,1,"L1:[sp=X,153] R=1,X=1,K=6,Y=40,C=3,S=1 || L2:[sp=C,3] X=1,Y=22,R=1,K=5,S=1,C=1",-529417.0,-163324000.0,1,X|C,1
X,153,R,2,C,3,K,6,X,1,Y,22,S,1,C,3,Y,22,C,1,R,1,K,5,S,1,X,1,"L1:[sp=X,153] R=2,C=3,K=6,X=1,Y=22,S=1 || L2:[sp=C,3] Y=22,C=1,R=1,K=5,S=1,X=1",-510181.0,-163323000.0,1,X|C,1
X,153,R,2,X,1,K,6,Y,22,C,3,S,1,C,3,Y,22,X,1,R,1,K,5,S,1,C,1,"L1:[sp=X,153] R=2,X=1,K=6,Y=22,C=3,S=1 || L2:[sp=C,3] Y=22,X=1,R=1,K=5,S=1,C=1",-510181.0,-163323000.0,1,X|C,1
X,153,R,1,X,1,K,6,C,3,Y,203,S,1,C,3,Y,22,C,1,R,1,K,5,S,1,X,1,"L1:[sp=X,153] R=1,X=1,K=6,C=3,Y=203,S=1 || L2:[sp=C,3] Y=22,C=1,R=1,K=5,S=1,X=1",-inf,-inf,0,X|C,1
X,153,R,1,X,1,K,6,C,3,Y,47,S,1,C,3,Y,41,C,1,R,1,K,5,S,1,X,1,"L1:[sp=X,153] R=1,X=1,K=6,C=3,Y=47,S=1 || L2:[sp=C,3] Y=41,C=1,R=1,K=5,S=1,X=1",-428005.0,-163324000.0,1,X|C,1
K,153,R,1,X,1,K,6,Y,91,C,3,S,1,C,3,Y,22,X,1,R,1,K,5,S,1,C,1,"L1:[sp=K,153] R=1,X=1,K=6,Y=91,C=3,S=1 || L2:[sp=C,3] Y=22,X=1,R=1,K=5,S=1,C=1",-2509921.0,-163323000.0,1,K|C,1
X,153,R,2,X,100,K,6,Y,22,C,3,S,1,C,3,Y,22,X,1,R,1,K,5,S,1,C,1,"L1:[sp=X,153] R=2,X=100,K=6,Y=22,C=3,S=1 || L2:[sp=C,3] Y=22,X=1,R=1,K=5,S=1,C=1",-12682627.0,-163324000.0,1,X|C,1
X,153,R,2,X,1,K,6,Y,22,C,3,S,1,C,3,Y,22,X,1,K,5,R,1,S,1,C,1,"L1:[sp=X,153] R=2,X=1,K=6,Y=22,C=3,S=1 || L2:[sp=C,3] Y=22,X=1,K=5,R=1,S=1,C=1",-510181.0,-163323000.0,1,X|C,1
X,153,R,2,S,1,K,6,C,3,Y,50,X,84,C,3,Y,35,C,1,X,1,K,5,S,1,R,1,"L1:[sp=X,153] R=2,S=1,K=6,C=3,Y=50,X=84 || L2:[sp=C,3] Y=35,C=1,X=1,K=5,S=1,R=1",-inf,-inf,0,X|C,1
X,153,R,1,X,1,K,6,Y,22,C,3,S,1,C,3,Y,22,X,1,R,1,K,5,S,1,C,1,"L1:[sp=X,153] R=1,X=1,K=6,Y=22,C=3,S=1 || L2:[sp=C,3] Y=22,X=1,R=1,K=5,S=1,C=1",-535789.0,-163323000.0,1,X|C,1
X,153,Y,47,X,1,R,2,C,1,K,6,S,2,C,3,S,1,C,1,R,1,K,5,Y,41,X,1,"L1:[sp=X,153] Y=47,X=1,R=2,C=1,K=6,S=2 || L2:[sp=C,3] S=1,C=1,R=1,K=5,Y=41,X=1",-2624665.0,-163324000.0,1,X|C,1
X,153,R,2,C,3,K,6,X,1,Y,54,S,1,C,3,Y,35,C,1,R,1,K,5,S,1,X,1,"L1:[sp=X,153] R=2,C=3,K=6,X=1,Y=54,S=1 || L2:[sp=C,3] Y=35,C=1,R=1,K=5,S=1,X=1",-528361.0,-163324000.0,1,X|C,1
K,153,R,2,S,1,K,6,C,3,Y,22,X,1,C,3,Y,22,C,1,R,1,K,5,S,1,X,1,"L1:[sp=K,153] R=2,S=1,K=6,C=3,Y=22,X=1 || L2:[sp=C,3] Y=22,C=1,R=1,K=5,S=1,X=1",-2808961.0,-163323000.0,1,K|C,1
X,153,R,2,C,3,K,49,X,1,Y,47,S,3,C,3,Y,41,C,1,R,1,K,5,S,1,X,1,"L1:[sp=X,153] R=2,C=3,K=49,X=1,Y=47,S=3 || L2:[sp=C,3] Y=41,C=1,R=1,K=5,S=1,X=1",-inf,-inf,0,X|C,1
C,153,S,1,X,1,K,6,C,3,R,2,Y,22,K,3,C,1,S,1,K,5,R,1,Y,22,X,1,"L1:[sp=C,153] S=1,X=1,K=6,C=3,R=2,Y=22 || L2:[sp=K,3] C=1,S=1,K=5,R=1,Y=22,X=1",-77002465.0,-163323000.0,1,C|K,1
C,153,S,1,X,1,K,6,C,3,R,1,Y,40,X,3,S,1,C,1,K,5,R,1,Y,22,X,1,"L1:[sp=C,153] S=1,X=1,K=6,C=3,R=1,Y=40 || L2:[sp=X,3] S=1,C=1,K=5,R=1,Y=22,X=1",-88675777.0,-163323000.0,1,C|X,1
X,153,R,2,X,1,K,6,Y,64,C,3,S,1,C,3,X,1,Y,41,R,1,K,5,S,1,C,1,"L1:[sp=X,153] R=2,X=1,K=6,Y=64,C=3,S=1 || L2:[sp=C,3] X=1,Y=41,R=1,K=5,S=1,C=1",-481981.0,-163324000.0,1,X|C,1
X,153,R,1,X,1,K,6,C,3,Y,47,S,1,C,3,Y,41,C,1,R,1,K,5,S,1,X,1,"L1:[sp=X,153] R=1,X=1,K=6,C=3,Y=47,S=1 || L2:[sp=C,3] Y=41,C=1,R=1,K=5,S=1,X=1",-428005.0,-163324000.0,1,X|C,1
X,153,S,1,X,1,K,6,C,3,R,2,Y,47,C,3,S,1,C,1,K,5,Y,41,R,1,X,1,"L1:[sp=X,153] S=1,X=1,K=6,C=3,R=2,Y=47 || L2:[sp=C,3] S=1,C=1,K=5,Y=41,R=1,X=1",-438325.0,-163324000.0,1,X|C,1
K,153,R,1,X,1,K,6,Y,40,C,3,S,1,C,3,X,1,Y,22,R,1,K,5,S,1,C,1,"L1:[sp=K,153] R=1,X=1,K=6,Y=40,C=3,S=1 || L2:[sp=C,3] X=1,Y=22,R=1,K=5,S=1,C=1",-2915137.0,-163323000.0,1,K|C,1
X,153,Y,47,X,154,R,1,C,1,K,6,S,1,C,3,S,1,C,1,R,1,K,5,Y,41,X,8,"L1:[sp=X,153] Y=47,X=154,R=1,C=1,K=6,S=1 || L2:[sp=C,3] S=1,C=1,R=1,K=5,Y=41,X=8",-inf,-inf,0,X|C,1
X,153,R,1,X,1,K,6,Y,40,C,3,S,1,C,3,X,1,Y,22,R,1,K,5,S,1,C,1,"L1:[sp=X,153] R=1,X=1,K=6,Y=40,C=3,S=1 || L2:[sp=C,3] X=1,Y=22,R=1,K=5,S=1,C=1",-529417.0,-163324000.0,1,X|C,1
X,153,R,2,X,1,K,6,Y,22,C,3,S,2,C,3,Y,22,X,1,R,1,K,5,S,1,C,1,"L1:[sp=X,153] R=2,X=1,K=6,Y=22,C=3,S=2 || L2:[sp=C,3] Y=22,X=1,R=1,K=5,S=1,C=1",-1016489.0,-163323000.0,1,X|C,1
X,153,Y,47,X,1,R,1,C,1,K,6,S,1,C,3,S,1,C,1,R,1,K,5,Y,41,X,1,"L1:[sp=X,153] Y=47,X=1,R=1,C=1,K=6,S=1 || L2:[sp=C,3] S=1,C=1,R=1,K=5,Y=41,X=1",-1284013.0,-163324000.0,1,X|C,1
C,153,R,1,X,1,K,6,Y,40,C,3,S,1,X,3,X,1,Y,22,R,1,K,5,S,1,C,1,"L1:[sp=C,153] R=1,X=1,K=6,Y=40,C=3,S=1 || L2:[sp=X,3] X=1,Y=22,R=1,K=5,S=1,C=1",-88675777.0,-163323000.0,1,C|X,1
X,153,R,1,X,1,K,6,C,3,Y,47,S,1,C,3,Y,41,C,1,R,1,K,5,S,1,X,1,"L1:[sp=X,153] R=1,X=1,K=6,C=3,Y=47,S=1 || L2:[sp=C,3] Y=41,C=1,R=1,K=5,S=1,X=1",-428005.0,-163324000.0,1,X|C,1
X,153,R,2,X,1,K,6,Y,22,C,2,S,1,C,3,Y,22,X,1,K,5,R,2,S,1,C,1,"L1:[sp=X,153] R=2,X=1,K=6,Y=22,C=2,S=1 || L2:[sp=C,3] Y=22,X=1,K=5,R=2,S=1,C=1",-1422961.0,-163323000.0,1,X|C,1
X,153,R,3,X,1,K,6,Y,22,C,3,S,2,C,3,Y,22,X,1,R,2,K,5,S,1,C,1,"L1:[sp=X,153] R=3,X=1,K=6,Y=22,C=3,S=2 || L2:[sp=C,3] Y=22,X=1,R=2,K=5,S=1,C=1",-1063833.0,-163323000.0,1,X|C,1
X,153,R,2,X,19,K,6,Y,22,C,3,S,1,C,3,Y,22,X,1,K,5,R,1,S,1,C,1,"L1:[sp=X,153] R=2,X=19,K=6,Y=22,C=3,S=1 || L2:[sp=C,3] Y=22,X=1,K=5,R=1,S=1,C=1",-2410288.0,-163324000.0,1,X|C,1
X,153,S,1,X,112,K,6,C,3,Y,16,R,1,C,3,R,1,C,1,K,5,Y,16,S,1,X,1,"L1:[sp=X,153] S=1,X=112,K=6,C=3,Y=16,R=1 || L2:[sp=C,3] R=1,C=1,K=5,Y=16,S=1,X=1",-13774699.0,-163324000.0,1,X|C,1
X,153,R,1,X,1,K,6,Y,40,C,3,S,1,C,3,X,1,Y,22,R,1,K,5,S,1,C,1,"L1:[sp=X,153] R=1,X=1,K=6,Y=40,C=3,S=1 || L2:[sp=C,3] X=1,Y=22,R=1,K=5,S=1,C=1",-529417.0,-163324000.0,1,X|C,1
C,153,R,1,X,1,K,6,C,3,Y,47,S,1,X,3,Y,41,C,1,R,1,K,5,S,1,X,1,"L1:[sp=C,153] R=1,X=1,K=6,C=3,Y=47,S=1 || L2:[sp=X,3] Y=41,C=1,R=1,K=5,S=1,X=1",-71682913.0,-163323000.0,1,C|X,1
X,153,R,2,X,1,K,6,C,3,Y,47,S,1,C,3,Y,24,C,1,R,1,K,5,S,1,X,1,"L1:[sp=X,153] R=2,X=1,K=6,C=3,Y=47,S=1 || L2:[sp=C,3] Y=24,C=1,R=1,K=5,S=1,X=1",-528361.0,-163324000.0,1,X|C,1
X,153,Y,57,X,1,K,6,R,1,C,3,S,3,C,3,X,1,Y,2,R,1,K,5,S,1,C,1,"L1:[sp=X,153] Y=57,X=1,K=6,R=1,C=3,S=3 || L2:[sp=C,3] X=1,Y=2,R=1,K=5,S=1,C=1",-1476241.0,-163324000.0,1,X|C,1
X,153,R,1,X,1,K,6,Y,22,C,3,S,1,C,3,Y,22,X,1,R,1,K,5,S,1,C,1,"L1:[sp=X,153] R=1,X=1,K=6,Y=22,C=3,S=1 || L2:[sp=C,3] Y=22,X=1,R=1,K=5,S=1,C=1",-535789.0,-163323000.0,1,X|C,1
X,153,R,1,X,1,K,6,C,3,Y,80,S,1,C,3,Y,41,C,1,R,1,K,5,S,1,X,1,"L1:[sp=X,153] R=1,X=1,K=6,C=3,Y=80,S=1 || L2:[sp=C,3] Y=41,C=1,R=1,K=5,S=1,X=1",-528229.0,-163324000.0,1,X|C,1
X,153,R,2,X,1,K,34,Y,64,C,3,S,1,C,3,X,1,Y,41,R,1,K,5,S,1,C,1,"L1:[sp=X,153] R=2,X=1,K=34,Y=64,C=3,S=1 || L2:[sp=C,3] X=1,Y=41,R=1,K=5,S=1,C=1",-inf,-inf,0,X|C,1
C,153,R,2,C,3,K,6,X,1,Y,54,S,2,X,3,Y,35,C,1,R,1,K,5,S,1,X,1,"L1:[sp=C,153] R=2,C=3,K=6,X=1,Y=54,S=2 || L2:[sp=X,3] Y=35,C=1,R=1,K=5,S=1,X=1",-88196501.0,-163323000.0,1,C|X,1
X,153,Y,47,X,1,K,44,R,2,C,3,S,1,X,1,Y,41,X,1,R,1,K,5,S,1,C,1,"L1:[sp=X,153] Y=47,X=1,K=44,R=2,C=3,S=1 || L2:[sp=X,1] Y=41,X=1,R=1,K=5,S=1,C=1",-inf,-inf,0,X|X,1
X,153,K,10,X,1,S,1,C,3,R,1,Y,22,C,3,S,1,C,1,K,5,Y,22,R,1,X,1,"L1:[sp=X,153] K=10,X=1,S=1,C=3,R=1,Y=22 || L2:[sp=C,3] S=1,C=1,K=5,Y=22,R=1,X=1",-569053.0,-163323000.0,1,X|C,1
X,153,R,1,C,3,K,45,X,1,Y,75,S,1,C,3,Y,41,C,1,R,1,K,5,S,1,X,1,"L1:[sp=X,153] R=1,C=3,K=45,X=1,Y=75,S=1 || L2:[sp=C,3] Y=41,C=1,R=1,K=5,S=1,X=1",-inf,-inf,0,X|C,1
X,153,R,2,X,205,K,6,C,3,Y,54,S,1,C,3,Y,35,C,1,R,1,X,1,S,1,K,5,"L1:[sp=X,153] R=2,X=205,K=6,C=3,Y=54,S=1 || L2:[sp=C,3] Y=35,C=1,R=1,X=1,S=1,K=5",-inf,-inf,0,X|C,1
X,153,R,1,C,3,K,6,X,1,Y,40,S,1,C,3,Y,22,C,1,R,1,K,5,S,1,X,1,"L1:[sp=X,153] R=1,C=3,K=6,X=1,Y=40,S=1 || L2:[sp=C,3] Y=22,C=1,R=1,K=5,S=1,X=1",-529417.0,-163324000.0,1,X|C,1
X,153,R,2,X,1,K,50,Y,42,C,3,S,1,C,3,X,1,Y,35,R,1,K,5,S,1,C,1,"L1:[sp=X,153] R=2,X=1,K=50,Y=42,C=3,S=1 || L2:[sp=C,3] X=1,Y=35,R=1,K=5,S=1,C=1",-inf,-inf,0,X|C,1
X,153,R,2,X,1,K,6,Y,22,C,1,S,1,C,3,Y,21,X,1,K,5,R,1,S,1,C,1,"L1:[sp=X,153] R=2,X=1,K=6,Y=22,C=1,S=1 || L2:[sp=C,3] Y=21,X=1,K=5,R=1,S=1,C=1",-1537129.0,-163323000.0,1,X|C,1
X,153,R,2,X,1,K,6,C,3,Y,47,S,1,C,3,Y,32,C,1,R,1,K,5,S,1,X,1,"L1:[sp=X,153] R=2,X=1,K=6,C=3,Y=47,S=1 || L2:[sp=C,3] Y=32,C=1,R=1,K=5,S=1,X=1",-528361.0,-163324000.0,1,X|C,1
X,153,R,1,X,1,K,6,C,3,Y,47,S,1,C,3,Y,41,C,1,R,1,K,5,S,1,X,1,"L1:[sp=X,153] R=1,X=1,K=6,C=3,Y=47,S=1 || L2:[sp=C,3] Y=41,C=1,R=1,K=5,S=1,X=1",-428005.0,-163324000.0,1,X|C,1
X,153,R,1,X,1,K,6,Y,40,C,3,S,1,C,3,X,1,K,5,R,1,Y,22,S,1,C,3,"L1:[sp=X,153] R=1,X=1,K=6,Y=40,C=3,S=1 || L2:[sp=C,3] X=1,K=5,R=1,Y=22,S=1,C=3",-1583497.0,-163324000.0,1,X|C,1
X,153,R,1,C,3,X,57,K,6,Y,40,S,3,C,3,Y,22,C,1,R,1,K,5,S,1,X,1,"L1:[sp=X,153] R=1,C=3,X=57,K=6,Y=40,S=3 || L2:[sp=C,3] Y=22,C=1,R=1,K=5,S=1,X=1",-inf,-inf,0,X|C,1
X,153,R,1,X,1,K,6,C,2,Y,47,S,1,C,3,Y,41,C,1,R,1,K,5,S,1,X,1,"L1:[sp=X,153] R=1,X=1,K=6,C=2,Y=47,S=1 || L2:[sp=C,3] Y=41,C=1,R=1,K=5,S=1,X=1",-856009.0,-163324000.0,1,X|C,1
X,153,R,1,X,1,Y,22,K,6,C,3,S,1,C,3,Y,22,X,1,R,1,K,5,S,1,C,1,"L1:[sp=X,153] R=1,X=1,Y=22,K=6,C=3,S=1 || L2:[sp=C,3] Y=22,X=1,R=1,K=5,S=1,C=1",-535789.0,-163323000.0,1,X|C,1
X,153,R,2,X,1,K,6,C,3,Y,47,S,1,C,3,Y,31,C,1,R,1,K,5,S,1,X,1,"L1:[sp=X,153] R=2,X=1,K=6,C=3,Y=47,S=1 || L2:[sp=C,3] Y=31,C=1,R=1,K=5,S=1,X=1",-528361.0,-163324000.0,1,X|C,1
X,153,R,1,C,3,K,6,X,17,Y,40,S,1,C,3,Y,22,C,1,R,1,K,5,S,1,X,1,"L1:[sp=X,153] R=1,C=3,K=6,X=17,Y=40,S=1 || L2:[sp=C,3] Y=22,C=1,R=1,K=5,S=1,X=1",-inf,-inf,0,X|C,1
X,153,R,1,X,1,K,6,Y,51,C,3,S,1,C,3,X,1,Y,22,K,5,R,1,S,1,C,1,"L1:[sp=X,153] R=1,X=1,K=6,Y=51,C=3,S=1 || L2:[sp=C,3] X=1,Y=22,K=5,R=1,S=1,C=1",-465337.0,-163324000.0,1,X|C,1
Y,153,R,2,X,1,K,6,C,3,Y,134,S,1,C,3,Y,24,C,1,R,1,K,2,S,1,X,1,"L1:[sp=Y,153] R=2,X=1,K=6,C=3,Y=134,S=1 || L2:[sp=C,3] Y=24,C=1,R=1,K=2,S=1,X=1",-17433025.0,-163323000.0,1,Y|C,1
K,153,R,1,X,1,K,6,Y,40,C,3,S,1,C,3,X,1,Y,22,R,1,K,5,S,1,C,1,"L1:[sp=K,153] R=1,X=1,K=6,Y=40,C=3,S=1 || L2:[sp=C,3] X=1,Y=22,R=1,K=5,S=1,C=1",-2915137.0,-163323000.0,1,K|C,1
X,153,R,2,X,1,K,6,C,3,Y,47,S,1,C,3,Y,24,C,1,R,1,K,5,S,1,X,1,"L1:[sp=X,153] R=2,X=1,K=6,C=3,Y=47,S=1 || L2:[sp=C,3] Y=24,C=1,R=1,K=5,S=1,X=1",-528361.0,-163324000.0,1,X|C,1
X,153,R,1,X,1,K,6,C,3,Y,47,S,1,C,3,Y,41,C,1,R,1,X,1,S,1,K,1,"L1:[sp=X,153] R=1,X=1,K=6,C=3,Y=47,S=1 || L2:[sp=C,3] Y=41,C=1,R=1,X=1,S=1,K=1",-448957.0,-163323000.0,1,X|C,1
Y,153,R,2,X,1,K,6,C,3,Y,47,S,1,C,3,X,1,C,1,R,1,K,5,S,1,Y,32,"L1:[sp=Y,153] R=2,X=1,K=6,C=3,Y=47,S=1 || L2:[sp=C,3] X=1,C=1,R=1,K=5,S=1,Y=32",-5917633.0,-163323000.0,1,Y|C,1
X,153,K,10,S,1,X,1,C,3,R,1,Y,22,C,3,S,1,R,1,K,5,Y,22,C,1,X,1,"L1:[sp=X,153] K=10,S=1,X=1,C=3,R=1,Y=22 || L2:[sp=C,3] S=1,R=1,K=5,Y=22,C=1,X=1",-569053.0,-163323000.0,1,X|C,1
X,153,R,1,X,1,K,6,Y,40,C,3,S,1,Y,4,X,1,Y,22,R,1,K,5,S,1,C,1,"L1:[sp=X,153] R=1,X=1,K=6,Y=40,C=3,S=1 || L2:[sp=Y,4] X=1,Y=22,R=1,K=5,S=1,C=1",-1307989.0,-163323000.0,1,X|Y,1
X,153,R,1,X,1,K,6,Y,40,C,3,S,1,X,1,X,1,Y,22,R,1,K,5,S,1,C,1,"L1:[sp=X,153] R=1,X=1,K=6,Y=40,C=3,S=1 || L2:[sp=X,1] X=1,Y=22,R=1,K=5,S=1,C=1",-inf,-inf,0,X|X,1
X,153,R,1,C,3,K,6,X,1,Y,40,S,2,C,3,Y,22,C,1,R,1,K,5,S,1,X,1,"L1:[sp=X,153] R=1,C=3,K=6,X=1,Y=40,S=2 || L2:[sp=C,3] Y=22,C=1,R=1,K=5,S=1,X=1",-1055665.0,-163324000.0,1,X|C,1
X,153,R,1,X,1,K,6,Y,47,C,2,S,1,C,3,X,1,Y,41,R,1,K,5,S,1,C,1,"L1:[sp=X,153] R=1,X=1,K=6,Y=47,C=2,S=1 || L2:[sp=C,3] X=1,Y=41,R=1,K=5,S=1,C=1",-856009.0,-163324000.0,1,X|C,1
C,153,R,1,X,1,K,6,C,3,Y,124,S,1,X,3,Y,22,C,1,K,5,R,1,S,1,X,1,"L1:[sp=C,153] R=1,X=1,K=6,C=3,Y=124,S=1 || L2:[sp=X,3] Y=22,C=1,K=5,R=1,S=1,X=1",-83422081.0,-163323000.0,1,C|X,1
X,153,R,1,X,44,K,6,C,3,Y,80,S,1,C,3,Y,41,C,1,R,1,K,5,S,1,X,1,"L1:[sp=X,153] R=1,X=44,K=6,C=3,Y=80,S=1 || L2:[sp=C,3] Y=41,C=1,R=1,K=5,S=1,X=1",-inf,-inf,0,X|C,1
X,153,R,2,X,1,K,6,C,3,Y,47,S,1,C,1,Y,24,C,1,R,1,K,5,S,1,X,1,"L1:[sp=X,153] R=2,X=1,K=6,C=3,Y=47,S=1 || L2:[sp=C,1] Y=24,C=1,R=1,K=5,S=1,X=1",-inf,-inf,0,X|C,1
X,153,R,1,X,1,K,6,C,3,Y,47,S,1,C,3,Y,41,C,1,R,1,K,5,S,1,X,1,"L1:[sp=X,153] R=1,X=1,K=6,C=3,Y=47,S=1 || L2:[sp=C,3] Y=41,C=1,R=1,K=5,S=1,X=1",-428005.0,-163324000.0,1,X|C,1
C,153,R,1,X,1,K,6,C,2,Y,47,S,1,X,3,Y,41,C,1,R,1,K,5,S,1,X,1,"L1:[sp=C,153] R=1,X=1,K=6,C=2,Y=47,S=1 || L2:[sp=X,3] Y=41,C=1,R=1,K=5,S=1,X=1",-47825569.0,-163323000.0,1,C|X,1
X,153,K,52,S,1,X,1,C,3,R,1,Y,22,C,3,S,1,R,1,K,5,Y,22,C,1,X,1,"L1:[sp=X,153] K=52,S=1,X=1,C=3,R=1,Y=22 || L2:[sp=C,3] S=1,R=1,K=5,Y=22,C=1,X=1",-inf,-inf,0,X|C,1
X,153,R,2,X,1,K,6,C,3,Y,47,S,1,C,3,S,1,C,1,R,1,K,5,Y,41,X,1,"L1:[sp=X,153] R=2,X=1,K=6,C=3,Y=47,S=1 || L2:[sp=C,3] S=1,C=1,R=1,K=5,Y=41,X=1",-438325.0,-163324000.0,1,X|C,1
X,153,R,1,S,1,K,6,C,2,Y,47,X,1,C,3,Y,41,C,1,R,1,K,5,S,1,X,1,"L1:[sp=X,153] R=1,S=1,K=6,C=2,Y=47,X=1 || L2:[sp=C,3] Y=41,C=1,R=1,K=5,S=1,X=1",-856009.0,-163324000.0,1,X|C,1
X,153,R,2,X,1,K,6,C,3,Y,47,S,1,C,3,K,5,C,1,R,1,Y,18,S,1,X,1,"L1:[sp=X,153] R=2,X=1,K=6,C=3,Y=47,S=1 || L2:[sp=C,3] K=5,C=1,R=1,Y=18,S=1,X=1",-502009.0,-163324000.0,1,X|C,1
X,153,R,1,X,1,K,6,Y,51,C,3,S,1,C,3,X,1,Y,22,K,5,R,1,S,1,C,1,"L1:[sp=X,153] R=1,X=1,K=6,Y=51,C=3,S=1 || L2:[sp=C,3] X=1,Y=22,K=5,R=1,S=1,C=1",-465337.0,-163324000.0,1,X|C,1
X,153,Y,47,X,1,K,22,C,3,R,2,S,1,K,2,Y,31,C,1,R,1,K,5,S,1,X,1,"L1:[sp=X,153] Y=47,X=1,K=22,C=3,R=2,S=1 || L2:[sp=K,2] Y=31,C=1,R=1,K=5,S=1,X=1",-inf,-inf,0,X|K,1
X,153,R,1,X,153,K,6,C,3,Y,47,S,3,C,3,Y,41,C,1,R,1,K,5,S,1,X,1,"L1:[sp=X,153] R=1,X=153,K=6,C=3,Y=47,S=3 || L2:[sp=C,3] Y=41,C=1,R=1,K=5,S=1,X=1",-inf,-inf,0,X|C,1
C,153,R,2,X,1,K,13,C,2,Y,47,S,1,X,3,Y,41,C,1,R,1,K,5,S,1,X,1,"L1:[sp=C,153] R=2,X=1,K=13,C=2,Y=47,S=1 || L2:[sp=X,3] Y=41,C=1,R=1,K=5,S=1,X=1",-52187521.0,-163324000.0,1,C|X,1
X,153,R,1,S,1,K,6,C,3,Y,47,X,1,X,1,Y,24,C,1,R,1,K,5,S,1,X,1,"L1:[sp=X,153] R=1,S=1,K=6,C=3,Y=47,X=1 || L2:[sp=X,1] Y=24,C=1,R=1,K=5,S=1,X=1",-inf,-inf,0,X|X,1
X,153,K,10,S,1,X,1,C,1,R,1,Y,22,C,3,S,1,R,1,X,1,Y,22,C,1,K,1,"L1:[sp=X,153] K=10,S=1,X=1,C=1,R=1,Y=22 || L2:[sp=C,3] S=1,R=1,X=1,Y=22,C=1,K=1",-1681021.0,-163323000.0,1,X|C,1
X,153,R,1,X,154,Y,22,K,6,C,3,S,1,C,3,Y,22,X,1,R,1,C,1,S,1,K,5,"L1:[sp=X,153] R=1,X=154,Y=22,K=6,C=3,S=1 || L2:[sp=C,3] Y=22,X=1,R=1,C=1,S=1,K=5",-20461222.0,-163324000.0,1,X|C,1
X,153,R,1,X,1,K,6,Y,51,C,3,S,1,C,3,X,1,Y,22,K,5,R,1,S,1,C,1,"L1:[sp=X,153] R=1,X=1,K=6,Y=51,C=3,S=1 || L2:[sp=C,3] X=1,Y=22,K=5,R=1,S=1,C=1",-465337.0,-163324000.0,1,X|C,1
C,153,K,10,S,1,X,1,C,3,R,1,Y,22,X,3,S,1,R,1,K,5,Y,22,C,1,X,1,"L1:[sp=C,153] K=10,S=1,X=1,C=3,R=1,Y=22 || L2:[sp=X,3] S=1,R=1,K=5,Y=22,C=1,X=1",-95290273.0,-163323000.0,1,C|X,1
X,153,R,1,X,1,Y,22,K,6,C,3,S,1,C,3,Y,22,X,1,R,1,S,1,K,5,C,2,"L1:[sp=X,153] R=1,X=1,Y=22,K=6,C=3,S=1 || L2:[sp=C,3] Y=22,X=1,R=1,S=1,K=5,C=2",-1067221.0,-163323000.0,1,X|C,1
X,153,K,6,X,1,R,2,Y,51,C,3,S,1,X,1,X,1,Y,22,K,5,R,1,S,1,C,1,"L1:[sp=X,153] K=6,X=1,R=2,Y=51,C=3,S=1 || L2:[sp=X,1] X=1,Y=22,K=5,R=1,S=1,C=1",-inf,-inf,0,X|X,1
X,153,R,1,X,1,K,6,C,1,Y,47,S,1,C,3,Y,41,C,1,R,1,K,5,S,1,X,1,"L1:[sp=X,153] R=1,X=1,K=6,C=1,Y=47,S=1 || L2:[sp=C,3] Y=41,C=1,R=1,K=5,S=1,X=1",-1284013.0,-163324000.0,1,X|C,1
X,153,R,2,X,1,K,6,C,3,S,1,Y,47,C,3,Y,24,C,1,R,1,X,1,S,1,K,5,"L1:[sp=X,153] R=2,X=1,K=6,C=3,S=1,Y=47 || L2:[sp=C,3] Y=24,C=1,R=1,X=1,S=1,K=5",-528361.0,-163324000.0,1,X|C,1
X,153,R,1,X,1,Y,22,K,6,C,3,S,1,C,3,Y,22,X,1,R,1,K,5,S,1,C,1,"L1:[sp=X,153] R=1,X=1,Y=22,K=6,C=3,S=1 || L2:[sp=C,3] Y=22,X=1,R=1,K=5,S=1,C=1",-535789.0,-163323000.0,1,X|C,1
X,153,R,1,X,1,K,6,C,3,Y,47,S,1,C,3,Y,24,C,1,R,1,K,5,S,1,X,1,"L1:[sp=X,153] R=1,X=1,K=6,C=3,Y=47,S=1 || L2:[sp=C,3] Y=24,C=1,R=1,K=5,S=1,X=1",-518041.0,-163324000.0,1,X|C,1
X,153,R,1,X,1,K,6,C,3,Y,47,S,1,C,3,Y,41,C,1,R,1,K,5,S,1,X,1,"L1:[sp=X,153] R=1,X=1,K=6,C=3,Y=47,S=1 || L2:[sp=C,3] Y=41,C=1,R=1,K=5,S=1,X=1",-428005.0,-163324000.0,1,X|C,1
X,153,R,1,S,1,K,6,C,2,Y,47,X,1,C,3,Y,27,C,1,R,1,K,5,S,1,X,1,"L1:[sp=X,153] R=1,S=1,K=6,C=2,Y=47,X=1 || L2:[sp=C,3] Y=27,C=1,R=1,K=5,S=1,X=1",-1036081.0,-163324000.0,1,X|C,1
X,153,R,2,X,1,K,17,C,3,Y,47,S,1,K,1,K,5,C,1,R,1,Y,18,S,1,X,1,"L1:[sp=X,153] R=2,X=1,K=17,C=3,Y=47,S=1 || L2:[sp=K,1] K=5,C=1,R=1,Y=18,S=1,X=1",-inf,-inf,0,X|K,1
X,153,R,1,X,21,K,6,Y,51,C,3,S,1,C,3,X,9,Y,22,K,5,R,1,S,1,C,1,"L1:[sp=X,153] R=1,X=21,K=6,Y=51,C=3,S=1 || L2:[sp=C,3] X=9,Y=22,K=5,R=1,S=1,C=1",-inf,-inf,0,X|C,1
X,153,R,1,X,1,Y,22,K,30,C,3,S,1,C,3,Y,22,X,1,R,1,K,5,S,1,C,1,"L1:[sp=X,153] R=1,X=1,Y=22,K=30,C=3,S=1 || L2:[sp=C,3] Y=22,X=1,R=1,K=5,S=1,C=1",-567469.0,-163324000.0,1,X|C,1
C,153,R,1,X,1,K,6,C,3,Y,47,S,3,X,3,Y,41,C,1,R,1,K,5,S,1,X,1,"L1:[sp=C,153] R=1,X=1,K=6,C=3,Y=47,S=3 || L2:[sp=X,3] Y=41,C=1,R=1,K=5,S=1,X=1",-70969627.0,-163324000.0,1,C|X,1
X,153,R,1,X,1,Y,22,K,42,C,3,S,1,C,3,Y,22,X,1,R,1,K,5,S,1,C,1,"L1:[sp=X,153] R=1,X=1,Y=22,K=42,C=3,S=1 || L2:[sp=C,3] Y=22,X=1,R=1,K=5,S=1,C=1",-inf,-inf,0,X|C,1
X,153,R,1,X,1,C,1,K,6,Y,22,S,1,C,3,K,5,C,1,R,1,Y,22,S,1,X,1,"L1:[sp=X,153] R=1,X=1,C=1,K=6,Y=22,S=1 || L2:[sp=C,3] K=5,C=1,R=1,Y=22,S=1,X=1",-1607365.0,-163323000.0,1,X|C,1
X,153,R,1,X,1,Y,47,K,6,C,3,S,3,C,3,Y,18,X,1,R,1,K,5,S,1,C,1,"L1:[sp=X,153] R=1,X=1,Y=47,K=6,C=3,S=3 || L2:[sp=C,3] Y=18,X=1,R=1,K=5,S=1,C=1",-1476373.0,-163324000.0,1,X|C,1
X,153,R,1,X,1,K,6,C,3,Y,18,S,1,C,1,K,5,R,1,C,1,Y,18,S,1,X,1,"L1:[sp=X,153] R=1,X=1,K=6,C=3,Y=18,S=1 || L2:[sp=C,1] K=5,R=1,C=1,Y=18,S=1,X=1",-773371.0,-163324000.0,1,X|C,1
X,153,R,2,X,1,K,6,Y,51,C,3,S,1,C,3,X,1,Y,22,K,5,R,1,S,1,C,1,"L1:[sp=X,153] R=2,X=1,K=6,Y=51,C=3,S=1 || L2:[sp=C,3] X=1,Y=22,K=5,R=1,S=1,C=1",-475657.0,-163324000.0,1,X|C,1
X,153,C,3,X,1,K,6,R,1,Y,47,S,1,C,3,Y,41,C,1,R,1,X,1,S,1,K,5,"L1:[sp=X,153] C=3,X=1,K=6,R=1,Y=47,S=1 || L2:[sp=C,3] Y=41,C=1,R=1,X=1,S=1,K=5",-428005.0,-163324000.0,1,X|C,1
X,153,R,1,X,41,K,6,C,3,Y,99,S,1,C,3,Y,8,C,1,R,1,X,1,S,1,K,5,"L1:[sp=X,153] R=1,X=41,K=6,C=3,Y=99,S=1 || L2:[sp=C,3] Y=8,C=1,R=1,X=1,S=1,K=5",-inf,-inf,0,X|C,1
X,153,R,2,X,1,K,6,S,1,C,3,Y,51,C,3,X,1,Y,22,K,5,R,1,S,1,C,1,"L1:[sp=X,153] R=2,X=1,K=6,S=1,C=3,Y=51 || L2:[sp=C,3] X=1,Y=22,K=5,R=1,S=1,C=1",-475657.0,-163324000.0,1,X|C,1
X,153,R,1,X,110,K,6,C,3,S,1,Y,209,C,3,Y,24,C,1,R,1,X,1,S,1,K,5,"L1:[sp=X,153] R=1,X=110,K=6,C=3,S=1,Y=209 || L2:[sp=C,3] Y=24,C=1,R=1,X=1,S=1,K=5",-inf,-inf,0,X|C,1
X,153,R,1,X,1,K,6,C,3,Y,186,S,1,C,3,Y,24,C,1,R,1,K,5,S,1,X,1,"L1:[sp=X,153] R=1,X=1,K=6,C=3,Y=186,S=1 || L2:[sp=C,3] Y=24,C=1,R=1,K=5,S=1,X=1",-inf,-inf,0,X|C,1
X,153,R,2,X,1,Y,174,K,6,C,3,S,1,C,3,Y,22,X,1,R,1,K,5,S,1,C,1,"L1:[sp=X,153] R=2,X=1,Y=174,K=6,C=3,S=1 || L2:[sp=C,3] Y=22,X=1,R=1,K=5,S=1,C=1",-inf,-inf,0,X|C,1
X,153,R,1,X,1,K,6,Y,51,C,3,S,1,C,3,X,1,Y,6,K,5,R,1,S,1,C,1,"L1:[sp=X,153] R=1,X=1,K=6,Y=51,C=3,S=1 || L2:[sp=C,3] X=1,Y=6,K=5,R=1,S=1,C=1",-496081.0,-163323000.0,1,X|C,1
C,153,C,3,X,1,K,6,R,1,Y,47,S,1,X,3,Y,41,C,1,R,1,K,4,S,1,X,1,"L1:[sp=C,153] C=3,X=1,K=6,R=1,Y=47,S=1 || L2:[sp=X,3] Y=41,C=1,R=1,K=4,S=1,X=1",-75202849.0,-163323000.0,1,C|X,1
X,153,R,1,X,1,K,6,C,3,Y,47,S,1,C,3,S,1,K,5,R,1,C,1,Y,41,X,1,"L1:[sp=X,153] R=1,X=1,K=6,C=3,Y=47,S=1 || L2:[sp=C,3] S=1,K=5,R=1,C=1,Y=41,X=1",-428005.0,-163324000.0,1,X|C,1
X,153,R,2,X,1,K,50,C,3,Y,47,S,1,C,3,Y,24,C,1,K,5,R,1,S,1,X,1,"L1:[sp=X,153] R=2,X=1,K=50,C=3,Y=47,S=1 || L2:[sp=C,3] Y=24,C=1,K=5,R=1,S=1,X=1",-inf,-inf,0,X|C,1
X,153,R,1,X,1,K,6,C,3,Y,47,S,1,C,3,Y,41,C,1,R,1,K,5,S,1,X,1,"L1:[sp=X,153] R=1,X=1,K=6,C=3,Y=47,S=1 || L2:[sp=C,3] Y=41,C=1,R=1,K=5,S=1,X=1",-428005.0,-163324000.0,1,X|C,1
X,153,R,1,X,1,K,6,Y,224,C,3,S,1,C,3,X,1,R,1,K,5,Y,22,S,1,C,1,"L1:[sp=X,153] R=1,X=1,K=6,Y=224,C=3,S=1 || L2:[sp=C,3] X=1,R=1,K=5,Y=22,S=1,C=1",-inf,-inf,0,X|C,1
X,153,C,3,X,1,K,6,R,2,Y,47,S,1,C,3,Y,41,C,1,R,1,X,1,S,1,K,1,"L1:[sp=X,153] C=3,X=1,K=6,R=2,Y=47,S=1 || L2:[sp=C,3] Y=41,C=1,R=1,X=1,S=1,K=1",-459817.0,-163323000.0,1,X|C,1
X,153,R,1,X,1,K,6,C,3,Y,216,S,1,C,3,Y,41,C,1,R,1,K,6,S,1,X,1,"L1:[sp=X,153] R=1,X=1,K=6,C=3,Y=216,S=1 || L2:[sp=C,3] Y=41,C=1,R=1,K=6,S=1,X=1",-inf,-inf,0,X|C,1
X,153,R,1,Y,22,X,1,K,30,C,3,S,1,C,3,Y,22,X,1,R,1,K,5,S,1,C,2,"L1:[sp=X,153] R=1,Y=22,X=1,K=30,C=3,S=1 || L2:[sp=C,3] Y=22,X=1,R=1,K=5,S=1,C=2",-1133749.0,-163324000.0,1,X|C,1
X,153,R,1,X,1,K,6,C,3,Y,98,S,1,C,1,K,5,R,1,C,1,Y,18,S,1,X,1,"L1:[sp=X,153] R=1,X=1,K=6,C=3,Y=98,S=1 || L2:[sp=C,1] K=5,R=1,C=1,Y=18,S=1,X=1",-inf,-inf,0,X|C,1
X,153,R,1,X,1,K,4,C,3,Y,141,S,1,C,3,S,1,K,4,R,1,C,1,Y,41,X,1,"L1:[sp=X,153] R=1,X=1,K=4,C=3,Y=141,S=1 || L2:[sp=C,3] S=1,K=4,R=1,C=1,Y=41,X=1",-inf,-inf,0,X|C,1
X,153,R,1,X,1,K,6,Y,47,C,3,S,1,C,3,X,1,Y,41,K,5,R,1,S,1,C,1,"L1:[sp=X,153] R=1,X=1,K=6,Y=47,C=3,S=1 || L2:[sp=C,3] X=1,Y=41,K=5,R=1,S=1,C=1",-428005.0,-163324000.0,1,X|C,1
X,153,R,1,X,1,K,26,C,3,Y,36,S,1,C,3,S,1,K,5,R,1,C,1,Y,6,X,1,"L1:[sp=X,153] R=1,X=1,K=26,C=3,Y=36,S=1 || L2:[sp=C,3] S=1,K=5,R=1,C=1,Y=6,X=1",-inf,-inf,0,X|C,1
X,153,R,1,X,1,K,6,C,3,Y,18,S,1,C,3,X,1,Y,18,K,5,R,1,S,1,C,1,"L1:[sp=X,153] R=1,X=1,K=6,C=3,Y=18,S=1 || L2:[sp=C,3] X=1,Y=18,K=5,R=1,S=1,C=1",-519013.0,-163323000.0,1,X|C,1
X,153,R,1,X,1,K,6,C,3,Y,51,S,1,C,1,K,5,R,1,C,1,Y,6,S,1,X,1,"L1:[sp=X,153] R=1,X=1,K=6,C=3,Y=51,S=1 || L2:[sp=C,1] K=5,R=1,C=1,Y=6,S=1,X=1",-inf,-inf,0,X|C,1
X,153,C,3,X,1,K,17,R,2,Y,51,S,1,C,3,Y,22,C,1,R,1,X,1,S,1,K,5,"L1:[sp=X,153] C=3,X=1,K=17,R=2,Y=51,S=1 || L2:[sp=C,3] Y=22,C=1,R=1,X=1,S=1,K=5",-inf,-inf,0,X|C,1
X,153,R,1,X,1,K,6,S,1,C,3,Y,47,C,3,X,1,Y,41,K,5,R,1,S,1,C,1,"L1:[sp=X,153] R=1,X=1,K=6,S=1,C=3,Y=47 || L2:[sp=C,3] X=1,Y=41,K=5,R=1,S=1,C=1",-428005.0,-163324000.0,1,X|C,1
X,153,C,1,X,1,K,6,R,1,Y,47,S,1,C,3,Y,41,C,1,R,1,X,1,S,1,K,5,"L1:[sp=X,153] C=1,X=1,K=6,R=1,Y=47,S=1 || L2:[sp=C,3] Y=41,C=1,R=1,X=1,S=1,K=5",-1284013.0,-163324000.0,1,X|C,1
X,153,R,1,X,151,K,6,C,3,Y,47,S,1,C,3,Y,41,R,1,C,1,K,5,S,1,X,1,"L1:[sp=X,153] R=1,X=151,K=6,C=3,Y=47,S=1 || L2:[sp=C,3] Y=41,R=1,C=1,K=5,S=1,X=1",-inf,-inf,0,X|C,1
X,153,R,1,X,1,K,40,C,3,Y,47,S,2,C,3,Y,41,C,1,R,1,K,5,S,1,X,1,"L1:[sp=X,153] R=1,X=1,K=40,C=3,Y=47,S=2 || L2:[sp=C,3] Y=41,C=1,R=1,K=5,S=1,X=1",-inf,-inf,0,X|C,1
X,153,R,1,X,1,K,6,Y,141,C,3,S,1,C,3,X,1,Y,6,K,5,R,1,S,1,C,1,"L1:[sp=X,153] R=1,X=1,K=6,Y=141,C=3,S=1 || L2:[sp=C,3] X=1,Y=6,K=5,R=1,S=1,C=1",-inf,-inf,0,X|C,1
X,153,C,3,X,1,K,6,R,1,Y,47,S,1,C,3,Y,41,C,3,K,5,X,1,S,1,R,1,"L1:[sp=X,153] C=3,X=1,K=6,R=1,Y=47,S=1 || L2:[sp=C,3] Y=41,C=3,K=5,X=1,S=1,R=1",-inf,-inf,0,X|C,1
X,153,R,1,X,1,K,6,C,3,Y,18,S,1,C,1,K,5,R,1,C,1,Y,18,S,1,X,1,"L1:[sp=X,153] R=1,X=1,K=6,C=3,Y=18,S=1 || L2:[sp=C,1] K=5,R=1,C=1,Y=18,S=1,X=1",-773371.0,-163324000.0,1,X|C,1
X,153,X,1,K,6,R,1,C,3,Y,47,S,1,C,3,S,1,K,5,R,1,C,1,Y,41,X,1,"L1:[sp=X,153] X=1,K=6,R=1,C=3,Y=47,S=1 || L2:[sp=C,3] S=1,K=5,R=1,C=1,Y=41,X=1",-428005.0,-163324000.0,1,X|C,1
X,153,R,1,X,179,K,6,C,3,Y,211,S,1,C,1,S,1,R,1,C,1,Y,18,K,5,X,1,"L1:[sp=X,153] R=1,X=179,K=6,C=3,Y=211,S=1 || L2:[sp=C,1] S=1,R=1,C=1,Y=18,K=5,X=1",-inf,-inf,0,X|C,1
X,153,R,1,X,1,K,6,C,3,Y,47,S,1,C,3,Y,41,C,1,R,1,K,5,S,1,X,1,"L1:[sp=X,153] R=1,X=1,K=6,C=3,Y=47,S=1 || L2:[sp=C,3] Y=41,C=1,R=1,K=5,S=1,X=1",-428005.0,-163324000.0,1,X|C,1
Y,153,X,155,K,6,C,3,R,1,Y,47,S,1,C,3,S,1,K,5,R,1,C,1,Y,41,X,1,"L1:[sp=Y,153] X=155,K=6,C=3,R=1,Y=47,S=1 || L2:[sp=C,3] S=1,K=5,R=1,C=1,Y=41,X=1",-inf,-inf,0,Y|C,1
K,153,Y,47,X,1,K,12,S,1,R,1,C,3,C,3,X,1,Y,41,K,5,R,1,S,1,C,1,"L1:[sp=K,153] Y=47,X=1,K=12,S=1,R=1,C=3 || L2:[sp=C,3] X=1,Y=41,K=5,R=1,S=1,C=1",-4703329.0,-163324000.0,1,K|C,1
X,153,R,3,X,1,K,6,S,1,C,3,Y,47,C,3,X,1,S,1,K,5,R,1,Y,41,C,1,"L1:[sp=X,153] R=3,X=1,K=6,S=1,C=3,Y=47 || L2:[sp=C,3] X=1,S=1,K=5,R=1,Y=41,C=1",-448645.0,-163324000.0,1,X|C,1
X,153,R,1,X,1,K,6,Y,47,C,3,S,1,C,3,X,1,Y,41,K,5,R,1,S,1,C,1,"L1:[sp=X,153] R=1,X=1,K=6,Y=47,C=3,S=1 || L2:[sp=C,3] X=1,Y=41,K=5,R=1,S=1,C=1",-428005.0,-163324000.0,1,X|C,1
X,153,C,3,X,1,K,6,R,1,Y,47,S,1,C,3,Y,41,C,1,R,1,X,1,S,1,K,1,"L1:[sp=X,153] C=3,X=1,K=6,R=1,Y=47,S=1 || L2:[sp=C,3] Y=41,C=1,R=1,X=1,S=1,K=1",-448957.0,-163323000.0,1,X|C,1
X,153,X,1,K,6,R,2,C,3,Y,47,S,3,C,3,S,1,K,5,R,1,C,1,Y,41,X,1,"L1:[sp=X,153] X=1,K=6,R=2,C=3,Y=47,S=3 || L2:[sp=C,3] S=1,K=5,R=1,C=1,Y=41,X=1",-1311453.0,-163324000.0,1,X|C,1
X,153,C,3,X,109,K,6,R,2,Y,174,S,1,C,3,Y,41,C,1,R,1,X,1,S,1,K,1,"L1:[sp=X,153] C=3,X=109,K=6,R=2,Y=174,S=1 || L2:[sp=C,3] Y=41,C=1,R=1,X=1,S=1,K=1",-inf,-inf,0,X|C,1
K,153,R,3,X,1,K,6,C,3,Y,47,S,1,C,3,Y,41,C,1,R,1,K,5,S,1,X,1,"L1:[sp=K,153] R=3,X=1,K=6,C=3,Y=47,S=1 || L2:[sp=C,3] Y=41,C=1,R=1,K=5,S=1,X=1",-2470945.0,-163324000.0,1,K|C,1
C,153,R,1,Y,5,C,3,K,63,X,1,S,1,X,3,Y,5,X,1,R,1,K,5,S,1,C,1,"L1:[sp=C,153] R=1,Y=5,C=3,K=63,X=1,S=1 || L2:[sp=X,3] Y=5,X=1,R=1,K=5,S=1,C=1",-89994241.0,-163323000.0,1,C|X,1
C,153,X,1,K,6,R,1,C,3,Y,22,S,1,C,3,C,2,K,5,X,1,S,1,Y,2,R,1,"L1:[sp=C,153] X=1,K=6,R=1,C=3,Y=22,S=1 || L2:[sp=C,3] C=2,K=5,X=1,S=1,Y=2,R=1",-55337185.0,-163323000.0,1,C|C,1
X,153,R,3,X,1,K,6,C,3,Y,18,S,1,C,3,Y,18,C,1,R,1,K,5,S,1,X,1,"L1:[sp=X,153] R=3,X=1,K=6,C=3,Y=18,S=1 || L2:[sp=C,3] Y=18,C=1,R=1,K=5,S=1,X=1",-533149.0,-163323000.0,1,X|C,1
X,153,R,1,X,1,K,6,C,3,Y,213,S,1,C,3,X,1,Y,41,K,5,R,1,S,1,C,1,"L1:[sp=X,153] R=1,X=1,K=6,C=3,Y=213,S=1 || L2:[sp=C,3] X=1,Y=41,K=5,R=1,S=1,C=1",-inf,-inf,0,X|C,1
X,153,C,2,X,1,K,42,R,3,Y,47,S,1,C,3,Y,41,C,1,R,1,X,1,S,1,K,1,"L1:[sp=X,153] C=2,X=1,K=42,R=3,Y=47,S=1 || L2:[sp=C,3] Y=41,C=1,R=1,X=1,S=1,K=1",-inf,-inf,0,X|C,1
X,153,R,2,X,1,K,6,S,1,C,3,Y,47,C,3,X,1,Y,34,K,5,R,1,S,1,C,1,"L1:[sp=X,153] R=2,X=1,K=6,S=1,C=3,Y=47 || L2:[sp=C,3] X=1,Y=34,K=5,R=1,S=1,C=1",-528361.0,-163324000.0,1,X|C,1
X,153,R,1,X,1,K,6,Y,47,C,3,S,1,C,3,X,1,Y,41,K,1,R,1,S,1,C,1,"L1:[sp=X,153] R=1,X=1,K=6,Y=47,C=3,S=1 || L2:[sp=C,3] X=1,Y=41,K=1,R=1,S=1,C=1",-448957.0,-163323000.0,1,X|C,1
X,153,R,1,X,1,K,6,C,3,Y,47,S,1,C,3,Y,41,C,1,R,1,K,5,S,1,X,1,"L1:[sp=X,153] R=1,X=1,K=6,C=3,Y=47,S=1 || L2:[sp=C,3] Y=41,C=1,R=1,K=5,S=1,X=1",-428005.0,-163324000.0,1,X|C,1
X,153,C,3,X,1,K,6,R,2,Y,47,S,1,C,3,Y,41,C,1,R,1,X,1,S,1,K,1,"L1:[sp=X,153] C=3,X=1,K=6,R=2,Y=47,S=1 || L2:[sp=C,3] Y=41,C=1,R=1,X=1,S=1,K=1",-459817.0,-163323000.0,1,X|C,1
C,153,X,1,K,6,R,1,C,3,Y,145,S,1,X,3,S,1,K,5,R,1,C,1,Y,142,X,1,"L1:[sp=C,153] X=1,K=6,R=1,C=3,Y=145,S=1 || L2:[sp=X,3] S=1,K=5,R=1,C=1,Y=142,X=1",-inf,-inf,0,C|X,1
X,153,R,2,X,2,K,6,S,1,C,3,Y,47,C,3,X,1,Y,41,K,5,R,1,S,1,C,1,"L1:[sp=X,153] R=2,X=2,K=6,S=1,C=3,Y=47 || L2:[sp=C,3] X=1,Y=41,K=5,R=1,S=1,C=1",-437665.0,-163324000.0,1,X|C,1
C,153,C,3,X,202,K,6,R,2,Y,178,S,1,X,3,Y,41,C,1,R,1,X,1,S,1,K,1,"L1:[sp=C,153] C=3,X=202,K=6,R=2,Y=178,S=1 || L2:[sp=X,3] Y=41,C=1,R=1,X=1,S=1,K=1",-inf,-inf,0,C|X,1
X,153,R,1,X,1,K,6,C,3,Y,47,S,1,C,3,Y,41,C,1,R,1,K,5,S,1,X,1,"L1:[sp=X,153] R=1,X=1,K=6,C=3,Y=47,S=1 || L2:[sp=C,3] Y=41,C=1,R=1,K=5,S=1,X=1",-428005.0,-163324000.0,1,X|C,1
X,153,R,3,X,1,K,6,S,1,C,3,Y,47,C,3,X,1,S,1,K,5,R,1,Y,41,C,1,"L1:[sp=X,153] R=3,X=1,K=6,S=1,C=3,Y=47 || L2:[sp=C,3] X=1,S=1,K=5,R=1,Y=41,C=1",-448645.0,-163324000.0,1,X|C,1
X,153,C,2,X,1,K,6,R,2,Y,47,S,1,C,3,Y,41,C,1,R,2,X,1,S,1,K,1,"L1:[sp=X,153] C=2,X=1,K=6,R=2,Y=47,S=1 || L2:[sp=C,3] Y=41,C=1,R=2,X=1,S=1,K=1",-1194577.0,-163323000.0,1,X|C,1
X,153,R,1,X,1,K,6,Y,47,C,3,S,1,Y,47,X,1,Y,41,K,5,R,1,S,1,C,3,"L1:[sp=X,153] R=1,X=1,K=6,Y=47,C=3,S=1 || L2:[sp=Y,47] X=1,Y=41,K=5,R=1,S=1,C=3",-inf,-inf,0,X|Y,1
X,153,C,3,X,1,K,11,R,1,Y,47,S,1,C,3,Y,41,C,1,R,1,X,1,S,1,K,1,"L1:[sp=X,153] C=3,X=1,K=11,R=1,Y=47,S=1 || L2:[sp=C,3] Y=41,C=1,R=1,X=1,S=1,K=1",-448057.0,-163324000.0,1,X|C,1
X,153,R,3,X,1,K,6,S,1,C,3,Y,47,C,3,X,1,S,1,K,5,R,1,Y,41,C,1,"L1:[sp=X,153] R=3,X=1,K=6,S=1,C=3,Y=47 || L2:[sp=C,3] X=1,S=1,K=5,R=1,Y=41,C=1",-448645.0,-163324000.0,1,X|C,1
X,153,C,3,X,1,K,46,R,1,Y,47,S,1,C,3,Y,41,C,1,R,1,X,1,S,1,K,1,"L1:[sp=X,153] C=3,X=1,K=46,R=1,Y=47,S=1 || L2:[sp=C,3] Y=41,C=1,R=1,X=1,S=1,K=1",-inf,-inf,0,X|C,1
X,153,R,1,X,1,K,6,Y,47,C,3,S,1,C,3,X,1,Y,41,K,1,R,1,S,1,C,1,"L1:[sp=X,153] R=1,X=1,K=6,Y=47,C=3,S=1 || L2:[sp=C,3] X=1,Y=41,K=1,R=1,S=1,C=1",-448957.0,-163323000.0,1,X|C,1
X,153,R,2,C,3,K,6,S,1,X,1,Y,47,C,3,X,1,Y,34,K,6,R,1,S,1,C,1,"L1:[sp=X,153] R=2,C=3,K=6,S=1,X=1,Y=47 || L2:[sp=C,3] X=1,Y=34,K=6,R=1,S=1,C=1",-571561.0,-163324000.0,1,X|C,1
X,153,R,3,X,7,K,30,S,1,C,3,Y,47,C,3,X,1,S,1,K,5,R,1,Y,41,C,1,"L1:[sp=X,153] R=3,X=7,K=30,S=1,C=3,Y=47 || L2:[sp=C,3] X=1,S=1,K=5,R=1,Y=41,C=1",-inf,-inf,0,X|C,1
C,153,R,1,X,1,K,6,Y,47,C,3,S,1,X,3,X,1,Y,41,K,1,R,1,S,1,C,1,"L1:[sp=C,153] R=1,X=1,K=6,Y=47,C=3,S=1 || L2:[sp=X,3] X=1,Y=41,K=1,R=1,S=1,C=1",-75202849.0,-163323000.0,1,C|X,1
X,153,C,3,X,1,K,6,R,2,Y,175,S,1,C,3,Y,41,C,1,R,1,X,1,S,1,K,1,"L1:[sp=X,153] C=3,X=1,K=6,R=2,Y=175,S=1 || L2:[sp=C,3] Y=41,C=1,R=1,X=1,S=1,K=1",-inf,-inf,0,X|C,1
X,153,R,1,X,1,K,5,Y,47,C,3,S,1,C,3,S,1,Y,41,K,1,R,1,X,1,C,1,"L1:[sp=X,153] R=1,X=1,K=5,Y=47,C=3,S=1 || L2:[sp=C,3] S=1,Y=41,K=1,R=1,X=1,C=1",-449317.0,-163323000.0,1,X|C,1
X,153,R,1,X,1,K,6,S,1,C,3,Y,47,C,3,X,1,Y,41,K,2,R,1,S,1,C,1,"L1:[sp=X,153] R=1,X=1,K=6,S=1,C=3,Y=47 || L2:[sp=C,3] X=1,Y=41,K=2,R=1,S=1,C=1",-448957.0,-163324000.0,1,X|C,1
X,153,R,2,X,2,K,6,S,1,Y,47,C,3,C,3,Y,41,C,2,R,1,K,5,S,1,X,1,"L1:[sp=X,153] R=2,X=2,K=6,S=1,Y=47,C=3 || L2:[sp=C,3] Y=41,C=2,R=1,K=5,S=1,X=1",-inf,-inf,0,X|C,1
K,153,C,3,X,1,K,6,R,1,Y,47,S,1,C,3,Y,41,C,3,R,1,X,1,S,1,K,1,"L1:[sp=K,153] C=3,X=1,K=6,R=1,Y=47,S=1 || L2:[sp=C,3] Y=41,C=3,R=1,X=1,S=1,K=1",-7049953.0,-163323000.0,1,K|C,1
X,153,R,1,X,1,C,3,Y,47,K,6,S,1,C,3,X,1,Y,41,K,1,R,1,S,1,C,1,"L1:[sp=X,153] R=1,X=1,C=3,Y=47,K=6,S=1 || L2:[sp=C,3] X=1,Y=41,K=1,R=1,S=1,C=1",-448957.0,-163323000.0,1,X|C,1
X,153,R,1,X,1,K,6,C,3,Y,47,S,1,C,3,Y,35,C,1,R,1,K,5,S,1,X,1,"L1:[sp=X,153] R=1,X=1,K=6,C=3,Y=47,S=1 || L2:[sp=C,3] Y=35,C=1,R=1,K=5,S=1,X=1",-518041.0,-163324000.0,1,X|C,1
X,153,R,2,X,2,K,6,Y,47,C,3,S,1,C,3,X,1,Y,41,K,5,R,1,S,1,C,1,"L1:[sp=X,153] R=2,X=2,K=6,Y=47,C=3,S=1 || L2:[sp=C,3] X=1,Y=41,K=5,R=1,S=1,C=1",-437665.0,-163324000.0,1,X|C,1
X,153,R,2,X,1,K,6,S,1,C,3,Y,47,C,3,X,1,Y,34,S,1,R,1,K,6,C,2,"L1:[sp=X,153] R=2,X=1,K=6,S=1,C=3,Y=47 || L2:[sp=C,3] X=1,Y=34,S=1,R=1,K=6,C=2",-inf,-inf,0,X|C,1
X,153,R,1,X,1,K,6,Y,47,C,3,S,1,C,3,X,1,Y,36,K,1,R,1,S,1,C,1,"L1:[sp=X,153] R=1,X=1,K=6,Y=47,C=3,S=1 || L2:[sp=C,3] X=1,Y=36,K=1,R=1,S=1,C=1",-518077.0,-163323000.0,1,X|C,1
X,153,R,1,X,1,K,6,C,3,Y,47,S,1,C,3,Y,41,C,1,R,1,K,5,S,1,X,1,"L1:[sp=X,153] R=1,X=1,K=6,C=3,Y=47,S=1 || L2:[sp=C,3] Y=41,C=1,R=1,K=5,S=1,X=1",-428005.0,-163324000.0,1,X|C,1
X,153,R,3,X,1,K,6,Y,47,C,3,S,3,C,3,X,1,Y,41,K,5,R,1,S,1,C,1,"L1:[sp=X,153] R=3,X=1,K=6,Y=47,C=3,S=3 || L2:[sp=C,3] X=1,Y=41,K=5,R=1,S=1,C=1",-1344173.0,-163324000.0,1,X|C,1
C,153,R,2,X,2,K,6,S,1,C,3,Y,47,X,3,X,1,S,1,K,5,R,1,Y,41,C,1,"L1:[sp=C,153] R=2,X=2,K=6,S=1,C=3,Y=47 || L2:[sp=X,3] X=1,S=1,K=5,R=1,Y=41,C=1",-36745297.0,-163324000.0,1,C|X,1
X,153,R,1,X,1,K,5,Y,47,C,3,S,1,C,3,S,1,Y,41,K,1,R,1,X,1,C,1,"L1:[sp=X,153] R=1,X=1,K=5,Y=47,C=3,S=1 || L2:[sp=C,3] S=1,Y=41,K=1,R=1,X=1,C=1",-449317.0,-163323000.0,1,X|C,1
C,153,R,1,K,6,X,1,Y,47,C,3,S,1,X,3,X,1,Y,41,K,1,R,1,S,1,C,1,"L1:[sp=C,153] R=1,K=6,X=1,Y=47,C=3,S=1 || L2:[sp=X,3] X=1,Y=41,K=1,R=1,S=1,C=1",-75202849.0,-163323000.0,1,C|X,1
C,153,C,3,X,1,K,6,S,1,R,3,Y,47,C,3,X,1,S,1,K,5,R,1,Y,41,C,1,"L1:[sp=C,153] C=3,X=1,K=6,S=1,R=3,Y=47 || L2:[sp=C,3] X=1,S=1,K=5,R=1,Y=41,C=1",-25124065.0,-163323000.0,1,C|C,1
X,153,R,2,X,2,K,6,Y,47,C,3,S,1,C,3,X,1,Y,41,K,5,R,1,S,1,C,2,"L1:[sp=X,153] R=2,X=2,K=6,Y=47,C=3,S=1 || L2:[sp=C,3] X=1,Y=41,K=5,R=1,S=1,C=2",-inf,-inf,0,X|C,1
X,153,R,2,C,3,K,5,Y,47,X,1,S,1,C,3,S,1,Y,41,K,1,X,1,R,1,C,1,"L1:[sp=X,153] R=2,C=3,K=5,Y=47,X=1,S=1 || L2:[sp=C,3] S=1,Y=41,K=1,X=1,R=1,C=1",-460057.0,-163323000.0,1,X|C,1
X,153,R,1,X,2,K,6,Y,47,C,3,S,1,K,6,X,1,Y,41,K,5,R,1,S,1,C,1,"L1:[sp=X,153] R=1,X=2,K=6,Y=47,C=3,S=1 || L2:[sp=K,6] X=1,Y=41,K=5,R=1,S=1,C=1",-2306701.0,-163324000.0,1,X|K,1
K,153,R,1,X,1,K,6,C,3,Y,47,S,1,X,1,Y,41,C,1,R,1,K,4,S,1,X,1,"L1:[sp=K,153] R=1,X=1,K=6,C=3,Y=47,S=1 || L2:[sp=X,1] Y=41,C=1,R=1,K=4,S=1,X=1",-7049953.0,-163323000.0,1,K|X,1
C,153,R,1,X,1,Y,47,K,5,C,3,S,1,X,3,S,1,Y,9,K,1,R,1,X,1,C,1,"L1:[sp=C,153] R=1,X=1,Y=47,K=5,C=3,S=1 || L2:[sp=X,3] S=1,Y=9,K=1,R=1,X=1,C=1",-86835169.0,-163323000.0,1,C|X,1
X,153,C,3,X,1,K,11,R,1,Y,47,S,1,C,3,C,1,Y,41,R,1,X,1,S,1,K,1,"L1:[sp=X,153] C=3,X=1,K=11,R=1,Y=47,S=1 || L2:[sp=C,3] C=1,Y=41,R=1,X=1,S=1,K=1",-448057.0,-163324000.0,1,X|C,1
X,153,R,1,X,205,K,6,C,3,Y,104,S,1,C,3,Y,41,C,1,R,1,K,5,S,1,X,1,"L1:[sp=X,153] R=1,X=205,K=6,C=3,Y=104,S=1 || L2:[sp=C,3] Y=41,C=1,R=1,K=5,S=1,X=1",-inf,-inf,0,X|C,1
X,153,R,1,X,1,K,6,C,3,Y,47,S,3,C,3,Y,31,C,1,R,1,K,5,S,1,X,1,"L1:[sp=X,153] R=1,X=1,K=6,C=3,Y=47,S=3 || L2:[sp=C,3] Y=31,C=1,R=1,K=5,S=1,X=1",-1548841.0,-163324000.0,1,X|C,1
X,153,R,2,X,2,K,6,Y,47,C,3,S,1,K,6,X,1,Y,41,K,5,R,1,S,1,C,1,"L1:[sp=X,153] R=2,X=2,K=6,Y=47,C=3,S=1 || L2:[sp=K,6] X=1,Y=41,K=5,R=1,S=1,C=1",-2365441.0,-163324000.0,1,X|K,1
X,153,R,1,X,1,K,6,Y,47,C,3,S,1,C,3,X,1,Y,41,K,5,R,1,S,1,C,1,"L1:[sp=X,153] R=1,X=1,K=6,Y=47,C=3,S=1 || L2:[sp=C,3] X=1,Y=41,K=5,R=1,S=1,C=1",-428005.0,-163324000.0,1,X|C,1
X,153,R,2,X,2,K,6,Y,47,C,3,S,1,C,3,X,1,Y,41,K,1,R,1,S,1,C,1,"L1:[sp=X,153] R=2,X=2,K=6,Y=47,C=3,S=1 || L2:[sp=C,3] X=1,Y=41,K=1,R=1,S=1,C=1",-459157.0,-163324000.0,1,X|C,1
X,153,S,1,X,1,K,6,R,1,C,1,Y,47,C,3,X,1,Y,41,K,2,R,1,S,1,C,1,"L1:[sp=X,153] S=1,X=1,K=6,R=1,C=1,Y=47 || L2:[sp=C,3] X=1,Y=41,K=2,R=1,S=1,C=1",-1346869.0,-163323000.0,1,X|C,1
X,153,R,1,S,1,K,6,X,1,Y,47,C,3,C,3,Y,41,C,1,R,1,K,5,S,1,X,1,"L1:[sp=X,153] R=1,S=1,K=6,X=1,Y=47,C=3 || L2:[sp=C,3] Y=41,C=1,R=1,K=5,S=1,X=1",-428005.0,-163324000.0,1,X|C,1
X,153,Y,47,X,1,K,6,R,1,C,3,S,3,C,3,S,1,Y,41,K,1,R,1,X,1,C,1,"L1:[sp=X,153] Y=47,X=1,K=6,R=1,C=3,S=3 || L2:[sp=C,3] S=1,Y=41,K=1,R=1,X=1,C=1",-1341589.0,-163324000.0,1,X|C,1
X,153,R,1,X,150,C,3,Y,47,K,6,S,1,C,3,X,1,Y,41,K,1,R,1,S,1,C,1,"L1:[sp=X,153] R=1,X=150,C=3,Y=47,K=6,S=1 || L2:[sp=C,3] X=1,Y=41,K=1,R=1,S=1,C=1",-inf,-inf,0,X|C,1
X,153,R,1,X,1,K,6,C,3,Y,47,S,1,C,3,Y,41,C,1,R,1,K,5,S,1,X,1,"L1:[sp=X,153] R=1,X=1,K=6,C=3,Y=47,S=1 || L2:[sp=C,3] Y=41,C=1,R=1,K=5,S=1,X=1",-428005.0,-163324000.0,1,X|C,1
Y,153,Y,47,X,1,K,6,R,1,C,3,S,1,C,3,S,1,Y,41,K,1,R,1,X,1,C,1,"L1:[sp=Y,153] Y=47,X=1,K=6,R=1,C=3,S=1 || L2:[sp=C,3] S=1,Y=41,K=1,R=1,X=1,C=1",-6086305.0,-163323000.0,1,Y|C,1
X,153,C,3,X,1,K,11,R,1,Y,47,S,3,C,3,C,1,Y,41,S,1,X,1,R,1,K,1,"L1:[sp=X,153] C=3,X=1,K=11,R=1,Y=47,S=3 || L2:[sp=C,3] C=1,Y=41,S=1,X=1,R=1,K=1",-1341289.0,-163324000.0,1,X|C,1
X,153,R,1,X,1,K,6,Y,47,C,3,S,1,X,1,X,1,Y,41,K,5,R,1,S,1,C,1,"L1:[sp=X,153] R=1,X=1,K=6,Y=47,C=3,S=1 || L2:[sp=X,1] X=1,Y=41,K=5,R=1,S=1,C=1",-inf,-inf,0,X|X,1
X,153,S,1,X,1,K,12,R,1,Y,47,C,3,C,1,C,1,Y,41,R,1,X,1,S,1,K,1,"L1:[sp=X,153] S=1,X=1,K=12,R=1,Y=47,C=3 || L2:[sp=C,1] C=1,Y=41,R=1,X=1,S=1,K=1",-inf,-inf,0,X|C,1
X,153,R,2,X,1,K,6,Y,47,C,2,S,1,C,3,X,1,Y,41,S,1,R,1,K,5,C,1,"L1:[sp=X,153] R=2,X=1,K=6,Y=47,C=2,S=1 || L2:[sp=C,3] X=1,Y=41,S=1,R=1,K=5,C=1",-876649.0,-163324000.0,1,X|C,1
X,153,R,1,C,3,K,5,Y,47,X,1,S,1,C,3,S,1,K,1,Y,41,X,1,R,1,C,1,"L1:[sp=X,153] R=1,C=3,K=5,Y=47,X=1,S=1 || L2:[sp=C,3] S=1,K=1,Y=41,X=1,R=1,C=1",-449317.0,-163323000.0,1,X|C,1
C,153,R,2,X,1,K,6,C,3,Y,47,S,1,X,3,Y,41,C,1,R,1,K,5,S,1,X,1,"L1:[sp=C,153] R=2,X=1,K=6,C=3,Y=47,S=1 || L2:[sp=X,3] Y=41,C=1,R=1,K=5,S=1,X=1",-73490593.0,-163323000.0,1,C|X,1
X,153,R,1,S,1,K,6,X,181,Y,47,C,3,C,3,Y,41,C,1,R,1,K,5,S,1,X,1,"L1:[sp=X,153] R=1,S=1,K=6,X=181,Y=47,C=3 || L2:[sp=C,3] Y=41,C=1,R=1,K=5,S=1,X=1",-inf,-inf,0,X|C,1
C,153,R,1,X,1,K,5,Y,47,C,3,S,1,X,3,S,1,K,1,Y,41,R,1,X,1,C,1,"L1:[sp=C,153] R=1,X=1,K=5,Y=47,C=3,S=1 || L2:[sp=X,3] S=1,K=1,Y=41,R=1,X=1,C=1",-75223009.0,-163323000.0,1,C|X,1
C,153,R,1,X,1,K,6,Y,47,C,3,S,2,X,3,X,1,Y,41,K,5,R,1,S,1,C,1,"L1:[sp=C,153] R=1,X=1,K=6,Y=47,C=3,S=2 || L2:[sp=X,3] X=1,Y=41,K=5,R=1,S=1,C=1",-71326105.0,-163323000.0,1,C|X,1
X,153,R,1,X,1,K,6,C,3,Y,47,S,1,C,3,Y,41,C,1,R,1,K,5,S,1,X,1,"L1:[sp=X,153] R=1,X=1,K=6,C=3,Y=47,S=1 || L2:[sp=C,3] Y=41,C=1,R=1,K=5,S=1,X=1",-428005.0,-163324000.0,1,X|C,1
X,153,Y,47,X,1,K,6,R,1,C,3,S,3,C,3,S,1,Y,41,K,1,R,1,X,1,C,1,"L1:[sp=X,153] Y=47,X=1,K=6,R=1,C=3,S=3 || L2:[sp=C,3] S=1,Y=41,K=1,R=1,X=1,C=1",-1341589.0,-163324000.0,1,X|C,1
C,153,C,1,X,1,K,11,R,1,Y,199,S,3,X,3,C,1,Y,41,R,1,X,1,S,1,K,1,"L1:[sp=C,153] C=1,X=1,K=11,R=1,Y=199,S=3 || L2:[sp=X,3] C=1,Y=41,R=1,X=1,S=1,K=1",-29930041.0,-163323000.0,1,C|X,1
C,153,Y,47,X,1,K,6,R,1,C,3,S,1,X,3,S,1,Y,41,K,1,R,1,X,1,C,1,"L1:[sp=C,153] Y=47,X=1,K=6,R=1,C=3,S=1 || L2:[sp=X,3] S=1,Y=41,K=1,R=1,X=1,C=1",-75202849.0,-163323000.0,1,C|X,1
X,153,R,1,X,1,K,6,Y,47,C,3,S,3,Y,47,X,1,Y,41,K,1,R,1,S,1,C,1,"L1:[sp=X,153] R=1,X=1,K=6,Y=47,C=3,S=3 || L2:[sp=Y,47] X=1,Y=41,K=1,R=1,S=1,C=1",-78653491.0,-163323000.0,1,X|Y,1
X,153,Y,47,X,216,K,6,R,2,C,3,S,1,C,3,S,1,Y,10,K,1,R,1,X,1,C,1,"L1:[sp=X,153] Y=47,X=216,K=6,R=2,C=3,S=1 || L2:[sp=C,3] S=1,Y=10,K=1,R=1,X=1,C=1",-inf,-inf,0,X|C,1
X,153,R,2,X,2,K,6,Y,47,C,1,S,1,C,3,X,1,Y,41,K,1,R,1,S,1,C,1,"L1:[sp=X,153] R=2,X=2,K=6,Y=47,C=1,S=1 || L2:[sp=C,3] X=1,Y=41,K=1,R=1,S=1,C=1",-1377469.0,-163324000.0,1,X|C,1
X,153,C,1,X,1,K,5,Y,47,R,1,S,1,C,3,Y,41,S,1,K,1,R,1,X,1,C,1,"L1:[sp=X,153] C=1,X=1,K=5,Y=47,R=1,S=1 || L2:[sp=C,3] Y=41,S=1,K=1,R=1,X=1,C=1",-1347949.0,-163323000.0,1,X|C,1
C,153,R,2,C,2,K,5,Y,47,X,1,S,1,X,3,S,1,Y,41,K,1,X,1,R,1,C,1,"L1:[sp=C,153] R=2,C=2,K=5,Y=47,X=1,S=1 || L2:[sp=X,3] S=1,Y=41,K=1,X=1,R=1,C=1",-51438913.0,-163323000.0,1,C|X,1
X,153,R,1,S,1,K,6,X,1,Y,47,C,3,Y,47,Y,41,C,1,R,1,K,3,S,1,X,1,"L1:[sp=X,153] R=1,S=1,K=6,X=1,Y=47,C=3 || L2:[sp=Y,47] Y=41,C=1,R=1,K=3,S=1,X=1",-27435376.0,-163323000.0,1,X|Y,1
X,153,R,1,X,1,K,6,C,3,Y,47,S,1,C,3,Y,41,C,1,R,1,K,5,S,1,X,1,"L1:[sp=X,153] R=1,X=1,K=6,C=3,Y=47,S=1 || L2:[sp=C,3] Y=41,C=1,R=1,K=5,S=1,X=1",-428005.0,-163324000.0,1,X|C,1
K,153,R,1,X,73,K,6,C,3,Y,47,S,1,C,3,Y,41,C,1,R,1,K,5,S,1,X,1,"L1:[sp=K,153] R=1,X=73,K=6,C=3,Y=47,S=1 || L2:[sp=C,3] Y=41,C=1,R=1,K=5,S=1,X=1",-inf,-inf,0,K|C,1
Y,153,Y,47,X,1,K,6,R,1,C,3,S,1,C,3,S,1,Y,41,K,1,R,1,X,1,C,1,"L1:[sp=Y,153] Y=47,X=1,K=6,R=1,C=3,S=1 || L2:[sp=C,3] S=1,Y=41,K=1,R=1,X=1,C=1",-6086305.0,-163323000.0,1,Y|C,1
C,153,R,2,C,2,K,5,Y,47,X,1,S,1,X,3,S,1,K,1,R,1,X,1,Y,41,C,1,"L1:[sp=C,153] R=2,C=2,K=5,Y=47,X=1,S=1 || L2:[sp=X,3] S=1,K=1,R=1,X=1,Y=41,C=1",-51438913.0,-163323000.0,1,C|X,1
X,153,R,2,X,1,K,6,Y,47,C,3,S,1,C,3,X,1,Y,41,S,1,R,1,K,5,C,1,"L1:[sp=X,153] R=2,X=1,K=6,Y=47,C=3,S=1 || L2:[sp=C,3] X=1,Y=41,S=1,R=1,K=5,C=1",-438325.0,-163324000.0,1,X|C,1
X,153,R,1,X,1,K,6,C,3,Y,47,S,1,C,3,Y,41,C,1,R,1,K,5,S,1,X,1,"L1:[sp=X,153] R=1,X=1,K=6,C=3,Y=47,S=1 || L2:[sp=C,3] Y=41,C=1,R=1,K=5,S=1,X=1",-428005.0,-163324000.0,1,X|C,1
X,153,C,1,K,5,X,215,Y,47,R,1,S,1,C,3,K,1,S,1,Y,41,R,1,X,1,C,1,"L1:[sp=X,153] C=1,K=5,X=215,Y=47,R=1,S=1 || L2:[sp=C,3] K=1,S=1,Y=41,R=1,X=1,C=1",-inf,-inf,0,X|C,1
X,153,R,2,X,1,K,6,C,3,Y,221,S,1,C,3,Y,41,S,1,R,1,K,5,C,1,X,1,"L1:[sp=X,153] R=2,X=1,K=6,C=3,Y=221,S=1 || L2:[sp=C,3] Y=41,S=1,R=1,K=5,C=1,X=1",-inf,-inf,0,X|C,1
X,153,R,1,X,1,K,6,Y,47,C,2,S,1,C,3,X,1,Y,41,S,1,R,1,K,5,C,1,"L1:[sp=X,153] R=1,X=1,K=6,Y=47,C=2,S=1 || L2:[sp=C,3] X=1,Y=41,S=1,R=1,K=5,C=1",-856009.0,-163324000.0,1,X|C,1
X,153,R,2,X,2,K,6,Y,47,C,1,S,1,X,2,X,2,Y,45,K,1,R,1,S,1,C,1,"L1:[sp=X,153] R=2,X=2,K=6,Y=47,C=1,S=1 || L2:[sp=X,2] X=2,Y=45,K=1,R=1,S=1,C=1",-inf,-inf,0,X|X,1
X,153,C,3,X,1,K,11,R,1,Y,47,S,3,C,3,C,1,Y,41,S,1,X,1,R,1,K,1,"L1:[sp=X,153] C=3,X=1,K=11,R=1,Y=47,S=3 || L2:[sp=C,3] C=1,Y=41,S=1,X=1,R=1,K=1",-1341289.0,-163324000.0,1,X|C,1
X,153,Y,47,X,1,S,3,R,1,C,3,K,11,C,3,C,1,Y,41,S,1,X,1,R,1,K,1,"L1:[sp=X,153] Y=47,X=1,S=3,R=1,C=3,K=11 || L2:[sp=C,3] C=1,Y=41,S=1,X=1,R=1,K=1",-1341289.0,-163324000.0,1,X|C,1
X,153,R,2,X,2,K,6,Y,47,C,1,S,1,C,3,X,1,Y,41,K,1,R,1,S,1,C,1,"L1:[sp=X,153] R=2,X=2,K=6,Y=47,C=1,S=1 || L2:[sp=C,3] X=1,Y=41,K=1,R=1,S=1,C=1",-1377469.0,-163324000.0,1,X|C,1
X,153,C,2,X,1,K,11,R,1,Y,47,S,3,C,3,C,1,Y,5,S,1,X,1,R,1,K,1,"L1:[sp=X,153] C=2,X=1,K=11,R=1,Y=47,S=3 || L2:[sp=C,3] C=1,Y=5,S=1,X=1,R=1,K=1",-3111121.0,-163324000.0,1,X|C,1
X,153,S,1,X,1,K,5,Y,47,R,1,C,1,C,3,Y,41,S,1,K,1,R,1,X,1,C,1,"L1:[sp=X,153] S=1,X=1,K=5,Y=47,R=1,C=1 || L2:[sp=C,3] Y=41,S=1,K=1,R=1,X=1,C=1",-1347949.0,-163323000.0,1,X|C,1
X,153,R,1,X,1,K,6,Y,47,C,2,S,1,C,3,X,1,Y,41,S,1,R,1,K,5,C,1,"L1:[sp=X,153] R=1,X=1,K=6,Y=47,C=2,S=1 || L2:[sp=C,3] X=1,Y=41,S=1,R=1,K=5,C=1",-856009.0,-163324000.0,1,X|C,1
X,153,R,1,X,1,K,6,C,3,Y,47,S,1,C,3,Y,41,C,1,R,1,K,5,S,1,X,1,"L1:[sp=X,153] R=1,X=1,K=6,C=3,Y=47,S=1 || L2:[sp=C,3] Y=41,C=1,R=1,K=5,S=1,X=1",-428005.0,-163324000.0,1,X|C,1
X,153,R,1,X,1,K,6,C,3,Y,47,S,1,C,3,Y,41,C,1,R,1,K,5,S,1,X,1,"L1:[sp=X,153] R=1,X=1,K=6,C=3,Y=47,S=1 || L2:[sp=C,3] Y=41,C=1,R=1,K=5,S=1,X=1",-428005.0,-163324000.0,1,X|C,1
X,153,R,1,C,3,X,1,Y,47,K,5,S,1,C,3,S,1,K,1,Y,41,X,1,R,1,C,1,"L1:[sp=X,153] R=1,C=3,X=1,Y=47,K=5,S=1 || L2:[sp=C,3] S=1,K=1,Y=41,X=1,R=1,C=1",-449317.0,-163323000.0,1,X|C,1
X,153,R,1,X,1,K,27,Y,47,C,1,S,1,C,3,X,1,Y,41,K,1,R,1,S,1,C,1,"L1:[sp=X,153] R=1,X=1,K=27,Y=47,C=1,S=1 || L2:[sp=C,3] X=1,Y=41,K=1,R=1,S=1,C=1",-inf,-inf,0,X|C,1
X,153,R,2,C,3,K,5,Y,47,X,2,S,1,C,3,R,1,K,2,Y,41,X,2,S,1,C,1,"L1:[sp=X,153] R=2,C=3,K=5,Y=47,X=2,S=1 || L2:[sp=C,3] R=1,K=2,Y=41,X=2,S=1,C=1",-459277.0,-163324000.0,1,X|C,1
X,153,R,1,X,1,K,6,C,3,Y,47,S,1,C,3,Y,41,C,1,R,1,K,5,S,1,X,1,"L1:[sp=X,153] R=1,X=1,K=6,C=3,Y=47,S=1 || L2:[sp=C,3] Y=41,C=1,R=1,K=5,S=1,X=1",-428005.0,-163324000.0,1,X|C,1
X,153,C,3,X,1,K,11,R,1,Y,47,S,1,C,3,C,1,Y,41,S,1,X,1,R,1,K,11,"L1:[sp=X,153] C=3,X=1,K=11,R=1,Y=47,S=1 || L2:[sp=C,3] C=1,Y=41,S=1,X=1,R=1,K=11",-inf,-inf,0,X|C,1
X,153,R,1,C,3,X,1,Y,66,K,5,S,3,K,1,S,1,K,1,Y,41,X,1,R,1,C,1,"L1:[sp=X,153] R=1,C=3,X=1,Y=66,K=5,S=3 || L2:[sp=K,1] S=1,K=1,Y=41,X=1,R=1,C=1",-inf,-inf,0,X|K,1
X,153,S,1,X,65,K,5,Y,47,R,1,C,1,C,3,Y,41,S,1,K,1,R,1,X,1,C,1,"L1:[sp=X,153] S=1,X=65,K=5,Y=47,R=1,C=1 || L2:[sp=C,3] Y=41,S=1,K=1,R=1,X=1,C=1",-inf,-inf,0,X|C,1
C,153,R,1,X,1,K,6,C,3,Y,47,S,1,X,3,Y,41,C,1,R,1,K,5,S,1,X,1,"L1:[sp=C,153] R=1,X=1,K=6,C=3,Y=47,S=1 || L2:[sp=X,3] Y=41,C=1,R=1,K=5,S=1,X=1",-71682913.0,-163323000.0,1,C|X,1
X,153,R,1,X,1,K,6,C,3,Y,47,S,3,C,3,Y,41,S,1,R,1,K,5,C,1,X,1,"L1:[sp=X,153] R=1,X=1,K=6,C=3,Y=47,S=3 || L2:[sp=C,3] Y=41,S=1,R=1,K=5,C=1,X=1",-1278733.0,-163324000.0,1,X|C,1
X,153,C,3,X,1,K,11,R,1,Y,47,S,1,C,3,C,1,Y,41,S,1,X,1,R,1,K,1,"L1:[sp=X,153] C=3,X=1,K=11,R=1,Y=47,S=1 || L2:[sp=C,3] C=1,Y=41,S=1,X=1,R=1,K=1",-448057.0,-163324000.0,1,X|C,1
X,153,R,2,X,1,K,6,Y,47,C,3,S,1,C,3,X,1,Y,41,S,1,R,1,K,5,C,1,"L1:[sp=X,153] R=2,X=1,K=6,Y=47,C=3,S=1 || L2:[sp=C,3] X=1,Y=41,S=1,R=1,K=5,C=1",-438325.0,-163324000.0,1,X|C,1
X,153,R,2,X,1,K,6,C,3,Y,47,S,1,C,3,Y,41,C,3,R,1,K,1,S,1,X,1,"L1:[sp=X,153] R=2,X=1,K=6,C=3,Y=47,S=1 || L2:[sp=C,3] Y=41,C=3,R=1,K=1,S=1,X=1",-1376809.0,-163324000.0,1,X|C,1
X,153,R,1,X,1,K,6,C,1,Y,47,S,1,C,3,Y,41,C,1,R,1,K,5,S,1,X,1,"L1:[sp=X,153] R=1,X=1,K=6,C=1,Y=47,S=1 || L2:[sp=C,3] Y=41,C=1,R=1,K=5,S=1,X=1",-1284013.0,-163324000.0,1,X|C,1
X,153,Y,47,X,1,S,3,R,1,C,3,K,55,C,3,C,1,Y,41,S,1,X,1,R,1,K,1,"L1:[sp=X,153] Y=47,X=1,S=3,R=1,C=3,K=55 || L2:[sp=C,3] C=1,Y=41,S=1,X=1,R=1,K=1",-inf,-inf,0,X|C,1
X,153,S,1,X,1,K,5,Y,47,R,1,C,1,C,3,Y,41,S,1,K,1,R,1,X,1,C,1,"L1:[sp=X,153] S=1,X=1,K=5,Y=47,R=1,C=1 || L2:[sp=C,3] Y=41,S=1,K=1,R=1,X=1,C=1",-1347949.0,-163323000.0,1,X|C,1
C,153,R,1,X,34,K,25,C,3,Y,47,S,1,X,3,Y,41,C,1,R,1,K,5,S,1,X,1,"L1:[sp=C,153] R=1,X=34,K=25,C=3,Y=47,S=1 || L2:[sp=X,3] Y=41,C=1,R=1,K=5,S=1,X=1",-26898076.0,-163324000.0,1,C|X,1
X,153,R,1,X,1,K,6,Y,47,C,3,S,1,C,3,X,1,Y,41,S,1,R,1,K,5,C,1,"L1:[sp=X,153] R=1,X=1,K=6,Y=47,C=3,S=1 || L2:[sp=C,3] X=1,Y=41,S=1,R=1,K=5,C=1",-428005.0,-163324000.0,1,X|C,1
X,153,R,1,X,156,K,6,C,3,Y,47,S,1,C,3,Y,41,C,1,X,1,K,5,S,1,R,1,"L1:[sp=X,153] R=1,X=156,K=6,C=3,Y=47,S=1 || L2:[sp=C,3] Y=41,C=1,X=1,K=5,S=1,R=1",-inf,-inf,0,X|C,1
X,153,R,1,S,3,X,1,Y,47,K,31,C,3,C,3,R,1,K,2,Y,41,X,1,S,1,C,2,"L1:[sp=X,153] R=1,S=3,X=1,Y=47,K=31,C=3 || L2:[sp=C,3] R=1,K=2,Y=41,X=1,S=1,C=2",-inf,-inf,0,X|C,1
X,153,C,3,X,2,K,55,R,2,Y,47,S,1,C,3,C,1,Y,41,S,1,X,2,R,1,K,1,"L1:[sp=X,153] C=3,X=2,K=55,R=2,Y=47,S=1 || L2:[sp=C,3] C=1,Y=41,S=1,X=2,R=1,K=1",-inf,-inf,0,X|C,1
X,153,C,3,X,1,K,11,R,1,Y,47,S,1,C,3,C,1,Y,41,S,1,X,1,R,1,K,1,"L1:[sp=X,153] C=3,X=1,K=11,R=1,Y=47,S=1 || L2:[sp=C,3] C=1,Y=41,S=1,X=1,R=1,K=1",-448057.0,-163324000.0,1,X|C,1
X,153,R,1,X,1,K,6,C,3,Y,47,S,1,C,3,Y,41,C,1,R,1,K,5,S,1,X,1,"L1:[sp=X,153] R=1,X=1,K=6,C=3,Y=47,S=1 || L2:[sp=C,3] Y=41,C=1,R=1,K=5,S=1,X=1",-428005.0,-163324000.0,1,X|C,1
X,153,R,1,X,1,K,6,Y,47,C,3,S,1,C,3,X,1,Y,41,S,1,R,1,K,3,C,1,"L1:[sp=X,153] R=1,X=1,K=6,Y=47,C=3,S=1 || L2:[sp=C,3] X=1,Y=41,S=1,R=1,K=3,C=1",-462925.0,-163324000.0,1,X|C,1
X,153,K,5,X,1,S,1,Y,47,R,1,C,1,C,3,Y,41,S,1,K,1,R,1,X,1,C,1,"L1:[sp=X,153] K=5,X=1,S=1,Y=47,R=1,C=1 || L2:[sp=C,3] Y=41,S=1,K=1,R=1,X=1,C=1",-1347949.0,-163323000.0,1,X|C,1
X,153,R,1,X,1,K,6,C,3,Y,47,S,2,C,3,Y,41,S,1,R,1,K,5,C,1,X,1,"L1:[sp=X,153] R=1,X=1,K=6,C=3,Y=47,S=2 || L2:[sp=C,3] Y=41,S=1,R=1,K=5,C=1,X=1",-853369.0,-163324000.0,1,X|C,1
X,153,R,1,X,1,K,6,C,1,Y,47,S,3,C,3,C,1,Y,41,R,1,K,5,S,1,X,1,"L1:[sp=X,153] R=1,X=1,K=6,C=1,Y=47,S=3 || L2:[sp=C,3] C=1,Y=41,R=1,K=5,S=1,X=1",-3836197.0,-163324000.0,1,X|C,1
X,153,R,1,X,1,K,6,C,3,Y,47,S,1,C,3,Y,41,C,1,R,1,K,5,S,1,X,1,"L1:[sp=X,153] R=1,X=1,K=6,C=3,Y=47,S=1 || L2:[sp=C,3] Y=41,C=1,R=1,K=5,S=1,X=1",-428005.0,-163324000.0,1,X|C,1
X,153,S,1,X,1,K,5,Y,47,R,1,C,1,C,3,Y,41,S,1,K,1,R,1,X,1,C,1,"L1:[sp=X,153] S=1,X=1,K=5,Y=47,R=1,C=1 || L2:[sp=C,3] Y=41,S=1,K=1,R=1,X=1,C=1",-1347949.0,-163323000.0,1,X|C,1
X,153,R,1,X,1,K,6,Y,47,C,3,S,1,C,3,X,1,Y,41,S,1,R,1,K,5,C,1,"L1:[sp=X,153] R=1,X=1,K=6,Y=47,C=3,S=1 || L2:[sp=C,3] X=1,Y=41,S=1,R=1,K=5,C=1",-428005.0,-163324000.0,1,X|C,1
X,153,X,1,R,1,K,6,C,3,Y,47,S,1,C,3,Y,41,C,1,R,1,K,5,X,1,S,1,"L1:[sp=X,153] X=1,R=1,K=6,C=3,Y=47,S=1 || L2:[sp=C,3] Y=41,C=1,R=1,K=5,X=1,S=1",-428005.0,-163324000.0,1,X|C,1
X,153,S,1,X,1,K,5,Y,47,R,1,C,1,C,3,Y,41,S,1,K,1,R,1,X,1,C,1,"L1:[sp=X,153] S=1,X=1,K=5,Y=47,R=1,C=1 || L2:[sp=C,3] Y=41,S=1,K=1,R=1,X=1,C=1",-1347949.0,-163323000.0,1,X|C,1
C,153,R,2,X,1,K,6,C,3,Y,168,S,1,X,3,Y,41,C,3,R,1,K,1,S,1,X,1,"L1:[sp=C,153] R=2,X=1,K=6,C=3,Y=168,S=1 || L2:[sp=X,3] Y=41,C=3,R=1,K=1,S=1,X=1",-83250049.0,-163323000.0,1,C|X,1
X,153,C,2,X,1,R,1,K,11,Y,47,S,1,C,3,C,1,Y,41,S,1,X,1,R,1,K,1,"L1:[sp=X,153] C=2,X=1,R=1,K=11,Y=47,S=1 || L2:[sp=C,3] C=1,Y=41,S=1,X=1,R=1,K=1",-896113.0,-163324000.0,1,X|C,1
X,153,R,1,X,1,K,6,Y,111,C,3,S,1,C,3,X,1,Y,41,S,1,R,1,K,6,C,1,"L1:[sp=X,153] R=1,X=1,K=6,Y=111,C=3,S=1 || L2:[sp=C,3] X=1,Y=41,S=1,R=1,K=6,C=1",-inf,-inf,0,X|C,1
X,153,C,3,X,1,K,11,R,2,Y,47,S,1,C,3,C,1,Y,41,S,1,X,1,R,1,K,1,"L1:[sp=X,153] C=3,X=1,K=11,R=2,Y=47,S=1 || L2:[sp=C,3] C=1,Y=41,S=1,X=1,R=1,K=1",-459217.0,-163324000.0,1,X|C,1
X,153,R,1,X,1,K,6,S,2,Y,117,C,3,C,3,Y,41,C,3,R,1,K,1,S,1,X,1,"L1:[sp=X,153] R=1,X=1,K=6,S=2,Y=117,C=3 || L2:[sp=C,3] Y=41,C=3,R=1,K=1,S=1,X=1",-inf,-inf,0,X|C,1
X,153,R,1,X,1,K,6,C,3,Y,47,S,3,K,3,X,1,C,3,R,1,K,1,S,2,Y,41,"L1:[sp=X,153] R=1,X=1,K=6,C=3,Y=47,S=3 || L2:[sp=K,3] X=1,C=3,R=1,K=1,S=2,Y=41",-inf,-inf,0,X|K,1
X,153,R,2,X,1,K,6,C,3,Y,47,S,1,C,3,Y,41,S,1,R,1,K,2,C,1,X,1,"L1:[sp=X,153] R=2,X=1,K=6,C=3,Y=47,S=1 || L2:[sp=C,3] Y=41,S=1,R=1,K=2,C=1,X=1",-459817.0,-163324000.0,1,X|C,1
X,153,R,1,X,1,S,1,C,3,Y,47,K,63,C,3,Y,41,S,1,R,1,K,5,C,1,X,1,"L1:[sp=X,153] R=1,X=1,S=1,C=3,Y=47,K=63 || L2:[sp=C,3] Y=41,S=1,R=1,K=5,C=1,X=1",-inf,-inf,0,X|C,1
X,153,R,1,X,1,K,6,C,3,Y,47,S,1,C,3,Y,41,C,1,R,1,K,5,S,1,X,1,"L1:[sp=X,153] R=1,X=1,K=6,C=3,Y=47,S=1 || L2:[sp=C,3] Y=41,C=1,R=1,K=5,S=1,X=1",-428005.0,-163324000.0,1,X|C,1
X,153,C,3,X,1,K,11,R,3,Y,47,S,1,C,3,C,3,Y,41,S,1,X,1,R,1,K,1,"L1:[sp=X,153] C=3,X=1,K=11,R=3,Y=47,S=1 || L2:[sp=C,3] C=3,Y=41,S=1,X=1,R=1,K=1",-1410409.0,-163324000.0,1,X|C,1
X,153,C,2,X,1,R,1,K,11,Y,47,S,1,Y,1,C,1,Y,13,S,1,X,1,R,1,K,4,"L1:[sp=X,153] C=2,X=1,R=1,K=11,Y=47,S=1 || L2:[sp=Y,1] C=1,Y=13,S=1,X=1,R=1,K=4",-inf,-inf,0,X|Y,1
X,153,C,3,X,1,R,2,K,11,Y,47,S,3,K,11,C,1,Y,41,S,1,X,1,R,1,K,1,"L1:[sp=X,153] C=3,X=1,R=2,K=11,Y=47,S=3 || L2:[sp=K,11] C=1,Y=41,S=1,X=1,R=1,K=1",-1451611.0,-163323000.0,1,X|K,1
X,153,C,2,X,1,K,11,R,1,Y,47,S,1,K,1,C,1,Y,31,S,1,X,1,R,1,K,1,"L1:[sp=X,153] C=2,X=1,K=11,R=1,Y=47,S=1 || L2:[sp=K,1] C=1,Y=31,S=1,X=1,R=1,K=1",-inf,-inf,0,X|K,1
X,153,R,2,X,1,K,6,C,3,Y,47,S,1,C,3,Y,39,S,1,R,1,K,5,C,1,X,1,"L1:[sp=X,153] R=2,X=1,K=6,C=3,Y=47,S=1 || L2:[sp=C,3] Y=39,S=1,R=1,K=5,C=1,X=1",-442717.0,-163324000.0,1,X|C,1
X,153,C,3,X,1,K,11,R,1,Y,47,S,2,C,3,C,1,Y,41,K,1,X,1,R,1,S,1,"L1:[sp=X,153] C=3,X=1,K=11,R=1,Y=47,S=2 || L2:[sp=C,3] C=1,Y=41,K=1,X=1,R=1,S=1",-894673.0,-163324000.0,1,X|C,1
X,153,C,2,X,1,R,1,K,11,Y,47,S,2,C,3,C,1,R,1,S,1,X,1,Y,41,K,1,"L1:[sp=X,153] C=2,X=1,R=1,K=11,Y=47,S=2 || L2:[sp=C,3] C=1,R=1,S=1,X=1,Y=41,K=1",-1789345.0,-163324000.0,1,X|C,1
Y,153,R,1,X,1,K,6,C,2,Y,47,S,1,C,3,Y,47,S,1,R,1,K,5,C,1,X,1,"L1:[sp=Y,153] R=1,X=1,K=6,C=2,Y=47,S=1 || L2:[sp=C,3] Y=47,S=1,R=1,K=5,C=1,X=1",-inf,-inf,0,Y|C,1
X,153,R,2,X,1,K,6,C,3,Y,47,S,1,Y,1,Y,41,S,1,R,1,K,2,C,3,X,1,"L1:[sp=X,153] R=2,X=1,K=6,C=3,Y=47,S=1 || L2:[sp=Y,1] Y=41,S=1,R=1,K=2,C=3,X=1",-inf,-inf,0,X|Y,1
X,153,R,1,X,1,K,6,Y,47,C,3,S,1,X,1,X,1,Y,41,S,1,R,1,K,3,C,2,"L1:[sp=X,153] R=1,X=1,K=6,Y=47,C=3,S=1 || L2:[sp=X,1] X=1,Y=41,S=1,R=1,K=3,C=2",-inf,-inf,0,X|X,1
C,153,R,2,X,1,K,6,C,1,Y,47,S,1,X,3,Y,41,C,1,R,1,K,5,S,1,X,1,"L1:[sp=C,153] R=2,X=1,K=6,C=1,Y=47,S=1 || L2:[sp=X,3] Y=41,C=1,R=1,K=5,S=1,X=1",-24546145.0,-163323000.0,1,C|X,1
X,153,R,1,X,1,K,6,C,3,S,1,Y,47,C,3,Y,41,S,1,R,1,K,2,C,1,X,1,"L1:[sp=X,153] R=1,X=1,K=6,C=3,S=1,Y=47 || L2:[sp=C,3] Y=41,S=1,R=1,K=2,C=1,X=1",-448957.0,-163324000.0,1,X|C,1
X,153,R,1,X,1,K,6,C,3,Y,47,S,1,C,3,Y,41,C,1,R,1,K,5,S,1,X,1,"L1:[sp=X,153] R=1,X=1,K=6,C=3,Y=47,S=1 || L2:[sp=C,3] Y=41,C=1,R=1,K=5,S=1,X=1",-428005.0,-163324000.0,1,X|C,1
C,153,R,1,X,140,K,6,Y,47,C,3,S,1,C,3,X,1,Y,41,S,1,R,1,K,3,C,1,"L1:[sp=C,153] R=1,X=140,K=6,Y=47,C=3,S=1 || L2:[sp=C,3] X=1,Y=41,S=1,R=1,K=3,C=1",-inf,-inf,0,C|C,1
X,153,R,1,X,1,K,6,C,1,Y,47,S,3,C,3,S,1,Y,41,R,1,K,2,C,1,X,1,"L1:[sp=X,153] R=1,X=1,K=6,C=1,Y=47,S=3 || L2:[sp=C,3] S=1,Y=41,R=1,K=2,C=1,X=1",-4024765.0,-163324000.0,1,X|C,1
X,153,R,2,X,1,K,6,C,3,Y,47,S,1,C,3,Y,41,S,1,R,1,K,6,C,1,X,1,"L1:[sp=X,153] R=2,X=1,K=6,C=3,Y=47,S=1 || L2:[sp=C,3] Y=41,S=1,R=1,K=6,C=1,X=1",-inf,-inf,0,X|C,1
X,153,R,1,X,1,K,6,C,3,Y,47,S,1,C,3,Y,41,C,1,R,1,K,5,S,1,X,1,"L1:[sp=X,153] R=1,X=1,K=6,C=3,Y=47,S=1 || L2:[sp=C,3] Y=41,C=1,R=1,K=5,S=1,X=1",-428005.0,-163324000.0,1,X|C,1
C,153,C,3,X,1,K,11,R,2,Y,47,S,3,X,3,C,1,Y,39,K,1,X,1,R,1,S,1,"L1:[sp=C,153] C=3,X=1,K=11,R=2,Y=47,S=3 || L2:[sp=X,3] C=1,Y=39,K=1,X=1,R=1,S=1",-77120137.0,-163323000.0,1,C|X,1
X,153,R,1,X,1,K,6,C,3,Y,47,S,1,C,3,Y,41,S,1,R,1,K,5,C,1,X,1,"L1:[sp=X,153] R=1,X=1,K=6,C=3,Y=47,S=1 || L2:[sp=C,3] Y=41,S=1,R=1,K=5,C=1,X=1",-428005.0,-163324000.0,1,X|C,1
X,153,R,3,X,1,Y,47,K,6,C,3,S,1,C,3,Y,39,S,1,R,1,K,5,C,1,X,1,"L1:[sp=X,153] R=3,X=1,Y=47,K=6,C=3,S=1 || L2:[sp=C,3] Y=39,S=1,R=1,K=5,C=1,X=1",-453037.0,-163324000.0,1,X|C,1
X,153,R,1,X,1,K,6,C,1,Y,47,S,3,C,3,S,1,Y,11,R,1,K,2,C,1,X,1,"L1:[sp=X,153] R=1,X=1,K=6,C=1,Y=47,S=3 || L2:[sp=C,3] S=1,Y=11,R=1,K=2,C=1,X=1",-4646845.0,-163323000.0,1,X|C,1
X,153,R,1,X,1,K,6,S,1,Y,47,C,3,C,3,Y,41,X,1,R,1,K,5,S,1,C,1,"L1:[sp=X,153] R=1,X=1,K=6,S=1,Y=47,C=3 || L2:[sp=C,3] Y=41,X=1,R=1,K=5,S=1,C=1",-428005.0,-163324000.0,1,X|C,1
X,153,R,1,X,1,K,20,C,3,S,1,Y,47,C,3,Y,41,S,1,R,1,K,2,C,1,X,1,"L1:[sp=X,153] R=1,X=1,K=20,C=3,S=1,Y=47 || L2:[sp=C,3] Y=41,S=1,R=1,K=2,C=1,X=1",-inf,-inf,0,X|C,1
X,153,R,1,C,1,K,6,X,1,Y,79,S,2,C,3,S,1,Y,49,R,1,C,1,K,2,X,1,"L1:[sp=X,153] R=1,C=1,K=6,X=1,Y=79,S=2 || L2:[sp=C,3] S=1,Y=49,R=1,C=1,K=2,X=1",-3278665.0,-163324000.0,1,X|C,1
X,153,C,1,X,1,K,11,R,1,Y,47,S,2,C,3,C,1,Y,41,K,1,X,1,R,1,S,1,"L1:[sp=X,153] C=1,X=1,K=11,R=1,Y=47,S=2 || L2:[sp=C,3] C=1,Y=41,K=1,X=1,R=1,S=1",-2684017.0,-163324000.0,1,X|C,1
X,153,C,2,X,1,R,1,K,11,Y,47,S,2,C,3,C,2,R,1,S,1,X,1,Y,41,K,1,"L1:[sp=X,153] C=2,X=1,R=1,K=11,Y=47,S=2 || L2:[sp=C,3] C=2,R=1,S=1,X=1,Y=41,K=1",-3577249.0,-163324000.0,1,X|C,1
X,153,R,1,X,1,K,6,C,3,S,1,Y,47,Y,47,Y,41,S,1,R,1,K,5,C,1,X,1,"L1:[sp=X,153] R=1,X=1,K=6,C=3,S=1,Y=47 || L2:[sp=Y,47] Y=41,S=1,R=1,K=5,C=1,X=1",-25359751.0,-163324000.0,1,X|Y,1
X,153,R,1,X,1,K,6,C,2,Y,47,S,1,C,3,Y,41,C,2,R,1,K,5,S,1,X,1,"L1:[sp=X,153] R=1,X=1,K=6,C=2,Y=47,S=1 || L2:[sp=C,3] Y=41,C=2,R=1,K=5,S=1,X=1",-inf,-inf,0,X|C,1
C,153,R,1,X,1,K,6,C,3,S,1,Y,57,X,3,Y,41,S,1,R,1,K,2,C,1,X,1,"L1:[sp=C,153] R=1,X=1,K=6,C=3,S=1,Y=57 || L2:[sp=X,3] Y=41,S=1,R=1,K=2,C=1,X=1",-88341121.0,-163323000.0,1,C|X,1
X,153,R,1,X,1,K,6,C,1,Y,47,S,3,X,1,S,1,Y,41,R,1,K,5,C,1,X,1,"L1:[sp=X,153] R=1,X=1,K=6,C=1,Y=47,S=3 || L2:[sp=X,1] S=1,Y=41,R=1,K=5,C=1,X=1",-inf,-inf,0,X|X,1
C,153,R,2,X,1,K,6,C,3,Y,47,S,1,C,3,Y,39,S,1,R,1,K,5,C,1,X,1,"L1:[sp=C,153] R=2,X=1,K=6,C=3,Y=47,S=1 || L2:[sp=C,3] Y=39,S=1,R=1,K=5,C=1,X=1",-24792097.0,-163323000.0,1,C|C,1
K,153,R,1,X,209,K,6,C,1,S,3,Y,47,X,4,S,1,Y,41,R,1,K,2,C,1,X,1,"L1:[sp=K,153] R=1,X=209,K=6,C=1,S=3,Y=47 || L2:[sp=X,4] S=1,Y=41,R=1,K=2,C=1,X=1",-inf,-inf,0,K|X,1
X,153,S,3,X,1,K,6,C,3,R,1,Y,47,Y,1,S,1,Y,41,R,1,K,2,C,1,X,1,"L1:[sp=X,153] S=3,X=1,K=6,C=3,R=1,Y=47 || L2:[sp=Y,1] S=1,Y=41,R=1,K=2,C=1,X=1",-inf,-inf,0,X|Y,1
X,153,R,1,X,1,K,6,C,3,Y,47,S,1,C,3,Y,41,C,1,R,1,K,5,S,1,X,1,"L1:[sp=X,153] R=1,X=1,K=6,C=3,Y=47,S=1 || L2:[sp=C,3] Y=41,C=1,R=1,K=5,S=1,X=1",-428005.0,-163324000.0,1,X|C,1
C,153,C,1,X,1,K,11,R,1,Y,47,S,1,C,3,C,1,Y,41,K,1,X,1,R,1,S,1,"L1:[sp=C,153] C=1,X=1,K=11,R=1,Y=47,S=1 || L2:[sp=C,3] C=1,Y=41,K=1,X=1,R=1,S=1",-25091137.0,-163323000.0,1,C|C,1
X,153,R,2,X,1,Y,47,K,6,C,3,S,2,C,3,X,1,S,1,R,1,K,5,C,1,Y,39,"L1:[sp=X,153] R=2,X=1,Y=47,K=6,C=3,S=2 || L2:[sp=C,3] X=1,S=1,R=1,K=5,C=1,Y=39",-883673.0,-163324000.0,1,X|C,1
X,153,R,1,X,1,K,6,S,1,Y,47,C,3,C,3,C,1,Y,41,R,1,K,2,S,1,X,1,"L1:[sp=X,153] R=1,X=1,K=6,S=1,Y=47,C=3 || L2:[sp=C,3] C=1,Y=41,R=1,K=2,S=1,X=1",-448957.0,-163324000.0,1,X|C,1
C,153,R,1,X,1,K,6,S,3,Y,47,C,1,X,3,Y,11,X,1,R,1,K,5,S,1,C,1,"L1:[sp=C,153] R=1,X=1,K=6,S=3,Y=47,C=1 || L2:[sp=X,3] Y=11,X=1,R=1,K=5,S=1,C=1",-27337303.0,-163323000.0,1,C|X,1
X,153,R,1,X,1,Y,215,K,6,C,3,S,2,C,3,Y,41,S,1,R,1,K,1,C,1,X,1,"L1:[sp=X,153] R=1,X=1,Y=215,K=6,C=3,S=2 || L2:[sp=C,3] Y=41,S=1,R=1,K=1,C=1,X=1",-inf,-inf,0,X|C,1
C,153,C,2,X,1,K,11,R,3,Y,47,S,1,X,3,C,1,Y,39,K,1,X,1,R,1,S,1,"L1:[sp=C,153] C=2,X=1,K=11,R=3,Y=47,S=1 || L2:[sp=X,3] C=1,Y=39,K=1,X=1,R=1,S=1",-53178049.0,-163323000.0,1,C|X,1
C,153,C,2,X,1,R,1,K,11,Y,129,S,2,X,3,C,2,R,1,S,1,X,1,Y,41,K,1,"L1:[sp=C,153] C=2,X=1,R=1,K=11,Y=129,S=2 || L2:[sp=X,3] C=2,R=1,S=1,X=1,Y=41,K=1",-55762489.0,-163323000.0,1,C|X,1
K,153,C,1,X,1,K,11,R,1,Y,47,S,2,C,3,R,1,Y,41,K,1,X,1,C,1,S,1,"L1:[sp=K,153] C=1,X=1,K=11,R=1,Y=47,S=2 || L2:[sp=C,3] R=1,Y=41,K=1,X=1,C=1,S=1",-25717699.0,-163323000.0,1,K|C,1
X,153,C,1,X,72,K,11,R,1,Y,79,S,2,C,3,C,1,Y,49,K,1,X,1,R,1,S,1,"L1:[sp=X,153] C=1,X=72,K=11,R=1,Y=79,S=2 || L2:[sp=C,3] C=1,Y=49,K=1,X=1,R=1,S=1",-inf,-inf,0,X|C,1
X,153,R,1,C,1,K,6,X,1,Y,26,S,2,C,3,S,1,Y,26,R,1,C,1,K,2,X,1,"L1:[sp=X,153] R=1,C=1,K=6,X=1,Y=26,S=2 || L2:[sp=C,3] S=1,Y=26,R=1,C=1,K=2,X=1",-3241945.0,-163323000.0,1,X|C,1
X,153,R,1,X,1,Y,47,K,6,C,3,S,2,X,1,Y,39,S,1,R,1,K,5,C,1,X,1,"L1:[sp=X,153] R=1,X=1,Y=47,K=6,C=3,S=2 || L2:[sp=X,1] Y=39,S=1,R=1,K=5,C=1,X=1",-inf,-inf,0,X|X,1
X,153,C,1,X,1,K,11,R,2,Y,47,S,1,C,3,C,1,Y,41,K,1,X,1,R,1,S,1,"L1:[sp=X,153] C=1,X=1,K=11,R=2,Y=47,S=1 || L2:[sp=C,3] C=1,Y=41,K=1,X=1,R=1,S=1",-1377649.0,-163324000.0,1,X|C,1
X,153,C,1,X,1,K,11,R,1,Y,47,S,3,C,3,C,1,Y,34,K,1,X,1,R,1,S,1,"L1:[sp=X,153] C=1,X=1,K=11,R=1,Y=47,S=3 || L2:[sp=C,3] C=1,Y=34,K=1,X=1,R=1,S=1",-4874041.0,-163324000.0,1,X|C,1
C,153,R,1,X,1,K,6,C,3,Y,47,S,3,X,3,X,1,C,1,R,1,K,5,S,1,Y,41,"L1:[sp=C,153] R=1,X=1,K=6,C=3,Y=47,S=3 || L2:[sp=X,3] X=1,C=1,R=1,K=5,S=1,Y=41",-70969627.0,-163324000.0,1,C|X,1
X,153,R,1,X,1,K,6,C,3,Y,47,S,1,C,3,Y,41,S,1,R,1,K,5,C,1,X,1,"L1:[sp=X,153] R=1,X=1,K=6,C=3,Y=47,S=1 || L2:[sp=C,3] Y=41,S=1,R=1,K=5,C=1,X=1",-428005.0,-163324000.0,1,X|C,1
X,153,R,1,X,1,K,6,C,1,Y,47,S,3,C,3,S,1,Y,11,R,1,K,2,C,1,X,1,"L1:[sp=X,153] R=1,X=1,K=6,C=1,Y=47,S=3 || L2:[sp=C,3] S=1,Y=11,R=1,K=2,C=1,X=1",-4646845.0,-163323000.0,1,X|C,1
X,153,C,2,X,1,R,1,K,11,Y,47,S,1,C,3,C,2,K,1,S,1,X,1,Y,41,R,1,"L1:[sp=X,153] C=2,X=1,R=1,K=11,Y=47,S=1 || L2:[sp=C,3] C=2,K=1,S=1,X=1,Y=41,R=1",-1790065.0,-163324000.0,1,X|C,1
X,153,R,1,X,1,K,6,C,3,Y,47,S,1,C,3,Y,41,C,1,R,1,K,5,S,1,X,1,"L1:[sp=X,153] R=1,X=1,K=6,C=3,Y=47,S=1 || L2:[sp=C,3] Y=41,C=1,R=1,K=5,S=1,X=1",-428005.0,-163324000.0,1,X|C,1
X,153,R,1,C,1,K,6,X,74,Y,26,S,2,C,3,S,1,Y,26,R,1,C,1,K,2,X,1,"L1:[sp=X,153] R=1,C=1,K=6,X=74,Y=26,S=2 || L2:[sp=C,3] S=1,Y=26,R=1,C=1,K=2,X=1",-30328183.0,-163324000.0,1,X|C,1
C,153,C,2,X,1,R,1,K,11,Y,47,S,1,C,3,C,2,K,1,S,1,X,1,Y,41,R,1,"L1:[sp=C,153] C=2,X=1,R=1,K=11,Y=47,S=1 || L2:[sp=C,3] C=2,K=1,S=1,X=1,Y=41,R=1",-50121793.0,-163323000.0,1,C|C,1
X,153,R,3,X,1,K,6,C,3,Y,70,S,1,X,1,Y,41,S,1,R,1,K,5,C,1,X,1,"L1:[sp=X,153] R=3,X=1,K=6,C=3,Y=70,S=1 || L2:[sp=X,1] Y=41,S=1,R=1,K=5,C=1,X=1",-inf,-inf,0,X|X,1
X,153,R,2,X,1,Y,47,K,31,C,3,S,2,C,3,X,1,S,1,R,1,K,5,C,1,Y,39,"L1:[sp=X,153] R=2,X=1,Y=47,K=31,C=3,S=2 || L2:[sp=C,3] X=1,S=1,R=1,K=5,C=1,Y=39",-inf,-inf,0,X|C,1
X,153,R,1,X,181,K,6,C,3,Y,47,S,1,Y,1,Y,41,C,1,R,1,K,5,S,1,X,1,"L1:[sp=X,153] R=1,X=181,K=6,C=3,Y=47,S=1 || L2:[sp=Y,1] Y=41,C=1,R=1,K=5,S=1,X=1",-inf,-inf,0,X|Y,1
X,153,R,3,C,1,K,6,X,218,Y,26,S,2,C,3,S,1,Y,26,R,1,C,1,K,2,X,1,"L1:[sp=X,153] R=3,C=1,K=6,X=218,Y=26,S=2 || L2:[sp=C,3] S=1,Y=26,R=1,C=1,K=2,X=1",-85526227.0,-163324000.0,1,X|C,1
X,153,C,3,X,1,K,11,R,1,Y,223,S,1,C,3,C,1,R,1,K,2,X,1,Y,41,S,1,"L1:[sp=X,153] C=3,X=1,K=11,R=1,Y=223,S=1 || L2:[sp=C,3] C=1,R=1,K=2,X=1,Y=41,S=1",-inf,-inf,0,X|C,1
X,153,R,2,X,1,K,6,Y,47,C,1,S,1,C,3,Y,41,S,1,R,1,K,5,C,1,X,1,"L1:[sp=X,153] R=2,X=1,K=6,Y=47,C=1,S=1 || L2:[sp=C,3] Y=41,S=1,R=1,K=5,C=1,X=1",-1314973.0,-163324000.0,1,X|C,1
X,153,R,1,K,6,X,1,S,2,Y,47,C,2,C,3,C,2,Y,41,R,1,K,2,S,1,X,1,"L1:[sp=X,153] R=1,K=6,X=1,S=2,Y=47,C=2 || L2:[sp=C,3] C=2,Y=41,R=1,K=2,S=1,X=1",-3578449.0,-163324000.0,1,X|C,1
C,153,C,3,X,1,R,1,K,11,Y,176,S,1,X,3,C,1,K,1,S,1,X,1,Y,41,R,1,"L1:[sp=C,153] C=3,X=1,R=1,K=11,Y=176,S=1 || L2:[sp=X,3] C=1,K=1,S=1,X=1,Y=41,R=1",-88663681.0,-163323000.0,1,C|X,1
X,153,C,1,X,1,K,11,R,1,Y,198,S,2,C,3,C,1,Y,41,K,1,X,1,R,1,S,1,"L1:[sp=X,153] C=1,X=1,K=11,R=1,Y=198,S=2 || L2:[sp=C,3] C=1,Y=41,K=1,X=1,R=1,S=1",-inf,-inf,0,X|C,1
X,153,R,2,C,1,K,6,X,1,Y,26,S,1,C,3,S,1,Y,26,R,1,C,1,K,2,X,1,"L1:[sp=X,153] R=2,C=1,K=6,X=1,Y=26,S=1 || L2:[sp=C,3] S=1,Y=26,R=1,C=1,K=2,X=1",-1507033.0,-163323000.0,1,X|C,1
C,153,C,1,X,1,K,11,R,2,Y,47,S,1,X,3,C,1,Y,41,K,1,X,1,R,1,S,1,"L1:[sp=C,153] C=1,X=1,K=11,R=2,Y=47,S=1 || L2:[sp=X,3] C=1,Y=41,K=1,X=1,R=1,S=1",-25716097.0,-163323000.0,1,C|X,1
X,153,R,2,X,17,Y,47,K,6,C,3,S,2,C,3,X,1,S,1,R,1,K,4,C,1,Y,39,"L1:[sp=X,153] R=2,X=17,Y=47,K=6,C=3,S=2 || L2:[sp=C,3] X=1,S=1,R=1,K=4,C=1,Y=39",-inf,-inf,0,X|C,1
X,153,S,1,X,1,K,6,C,3,Y,47,R,1,C,3,Y,41,S,1,R,1,K,1,C,1,X,1,"L1:[sp=X,153] S=1,X=1,K=6,C=3,Y=47,R=1 || L2:[sp=C,3] Y=41,S=1,R=1,K=1,C=1,X=1",-448957.0,-163323000.0,1,X|C,1
Y,153,R,2,X,1,Y,47,K,6,C,3,S,2,C,3,X,1,S,1,R,2,K,5,C,1,Y,39,"L1:[sp=Y,153] R=2,X=1,Y=47,K=6,C=3,S=2 || L2:[sp=C,3] X=1,S=1,R=2,K=5,C=1,Y=39",-15353997.0,-163324000.0,1,Y|C,1
C,153,R,2,X,1,K,6,C,3,Y,47,S,2,X,3,Y,41,S,1,R,1,K,5,C,3,X,1,"L1:[sp=C,153] R=2,X=1,K=6,C=3,Y=47,S=2 || L2:[sp=X,3] Y=41,S=1,R=1,K=5,C=3,X=1",-inf,-inf,0,C|X,1
X,153,R,1,X,1,Y,134,K,6,C,3,S,1,C,3,X,1,S,1,R,1,C,1,K,5,Y,39,"L1:[sp=X,153] R=1,X=1,Y=134,K=6,C=3,S=1 || L2:[sp=C,3] X=1,S=1,R=1,C=1,K=5,Y=39",-inf,-inf,0,X|C,1
X,153,R,1,X,1,K,6,C,3,Y,47,S,1,C,3,Y,41,C,1,R,1,K,5,S,1,X,1,"L1:[sp=X,153] R=1,X=1,K=6,C=3,Y=47,S=1 || L2:[sp=C,3] Y=41,C=1,R=1,K=5,S=1,X=1",-428005.0,-163324000.0,1,X|C,1
X,153,R,1,X,1,K,6,C,3,Y,47,S,1,C,3,Y,41,C,1,R,1,K,5,S,1,X,1,"L1:[sp=X,153] R=1,X=1,K=6,C=3,Y=47,S=1 || L2:[sp=C,3] Y=41,C=1,R=1,K=5,S=1,X=1",-428005.0,-163324000.0,1,X|C,1
Y,153,R,2,X,1,Y,47,K,6,C,3,S,2,C,3,X,1,S,1,R,2,K,5,C,1,Y,39,"L1:[sp=Y,153] R=2,X=1,Y=47,K=6,C=3,S=2 || L2:[sp=C,3] X=1,S=1,R=2,K=5,C=1,Y=39",-15353997.0,-163324000.0,1,Y|C,1
K,153,S,1,X,1,K,6,C,1,Y,26,R,2,C,3,Y,9,S,1,R,1,K,1,C,1,X,1,"L1:[sp=K,153] S=1,X=1,K=6,C=1,Y=26,R=2 || L2:[sp=C,3] Y=9,S=1,R=1,K=1,C=1,X=1",-8527681.0,-163323000.0,1,K|C,1
X,153,R,1,C,3,K,6,X,1,Y,47,S,1,C,3,S,1,Y,26,R,1,C,1,K,2,X,1,"L1:[sp=X,153] R=1,C=3,K=6,X=1,Y=47,S=1 || L2:[sp=C,3] S=1,Y=26,R=1,C=1,K=2,X=1",-543421.0,-163323000.0,1,X|C,1
C,153,R,2,X,1,K,47,C,3,Y,47,S,2,C,3,C,1,Y,39,K,1,X,1,R,2,S,1,"L1:[sp=C,153] R=2,X=1,K=47,C=3,Y=47,S=2 || L2:[sp=C,3] C=1,Y=39,K=1,X=1,R=2,S=1",-67144409.0,-163323000.0,1,C|C,1
Y,153,R,2,X,1,Y,47,K,52,C,1,S,1,C,3,X,1,S,1,R,1,K,11,C,1,Y,41,"L1:[sp=Y,153] R=2,X=1,Y=47,K=52,C=1,S=1 || L2:[sp=C,3] X=1,S=1,R=1,K=11,C=1,Y=41",-inf,-inf,0,Y|C,1
Y,153,R,1,C,2,K,6,X,1,Y,47,S,2,X,47,S,1,Y,41,R,1,C,1,K,2,X,1,"L1:[sp=Y,153] R=1,C=2,K=6,X=1,Y=47,S=2 || L2:[sp=X,47] S=1,Y=41,R=1,C=1,K=2,X=1",-20482105.0,-163323000.0,1,Y|X,1
C,153,R,2,K,6,X,1,S,1,Y,26,C,2,C,3,Y,26,C,2,R,1,K,2,S,1,X,1,"L1:[sp=C,153] R=2,K=6,X=1,S=1,Y=26,C=2 || L2:[sp=C,3] Y=26,C=2,R=1,K=2,S=1,X=1",-56129473.0,-163323000.0,1,C|C,1
X,153,R,1,K,6,X,74,S,2,Y,175,C,2,C,3,C,2,Y,26,R,1,K,2,S,1,X,1,"L1:[sp=X,153] R=1,K=6,X=74,S=2,Y=175,C=2 || L2:[sp=C,3] C=2,Y=26,R=1,K=2,S=1,X=1",-inf,-inf,0,X|C,1
X,153,R,1,C,1,K,6,X,1,Y,47,S,3,C,3,S,2,Y,41,R,1,C,1,K,2,X,1,"L1:[sp=X,153] R=1,C=1,K=6,X=1,Y=47,S=3 || L2:[sp=C,3] S=2,Y=41,R=1,C=1,K=2,X=1",-2683837.0,-163324000.0,1,X|C,1
X,153,S,2,X,1,K,6,C,3,Y,47,R,1,C,3,Y,41,S,1,R,1,K,1,C,2,X,1,"L1:[sp=X,153] S=2,X=1,K=6,C=3,Y=47,R=1 || L2:[sp=C,3] Y=41,S=1,R=1,K=1,C=2,X=1",-1789225.0,-163324000.0,1,X|C,1
X,153,C,2,K,6,X,1,S,1,Y,47,R,3,C,3,C,2,Y,41,R,1,K,2,S,1,X,1,"L1:[sp=X,153] C=2,K=6,X=1,S=1,Y=47,R=3 || L2:[sp=C,3] C=2,Y=41,R=1,K=2,S=1,X=1",-1881385.0,-163324000.0,1,X|C,1
X,153,R,2,X,1,K,6,C,3,Y,47,S,2,C,3,Y,41,S,1,R,1,K,5,C,1,X,1,"L1:[sp=X,153] R=2,X=1,K=6,C=3,Y=47,S=2 || L2:[sp=C,3] Y=41,S=1,R=1,K=5,C=1,X=1",-874889.0,-163324000.0,1,X|C,1
C,153,R,1,C,1,S,1,X,74,Y,26,K,6,X,3,S,1,Y,26,R,1,C,1,K,2,X,34,"L1:[sp=C,153] R=1,C=1,S=1,X=74,Y=26,K=6 || L2:[sp=X,3] S=1,Y=26,R=1,C=1,K=2,X=34",-inf,-inf,0,C|X,1
X,153,R,2,K,6,X,1,S,2,Y,47,C,2,C,3,C,2,Y,41,R,2,K,2,S,1,X,1,"L1:[sp=X,153] R=2,K=6,X=1,S=2,Y=47,C=2 || L2:[sp=C,3] C=2,Y=41,R=2,K=2,S=1,X=1",-4769505.0,-163324000.0,1,X|C,1
Y,153,R,1,X,1,Y,47,K,56,C,3,S,2,C,3,X,1,S,1,R,1,K,5,Y,39,C,1,"L1:[sp=Y,153] R=1,X=1,Y=47,K=56,C=3,S=2 || L2:[sp=C,3] X=1,S=1,R=1,K=5,Y=39,C=1",-11699473.0,-163324000.0,1,Y|C,1
Y,153,R,2,X,1,Y,47,K,6,C,1,S,2,C,3,X,1,S,1,R,2,K,5,C,1,Y,39,"L1:[sp=Y,153] R=2,X=1,Y=47,K=6,C=1,S=2 || L2:[sp=C,3] X=1,S=1,R=2,K=5,C=1,Y=39",-46061989.0,-163324000.0,1,Y|C,1
C,153,S,1,X,1,K,6,C,3,Y,44,R,1,X,3,Y,41,S,1,R,1,K,1,C,1,X,1,"L1:[sp=C,153] S=1,X=1,K=6,C=3,Y=44,R=1 || L2:[sp=X,3] Y=41,S=1,R=1,K=1,C=1,X=1",-86450113.0,-163323000.0,1,C|X,1
X,153,R,2,X,1,K,6,Y,47,C,1,S,1,C,3,Y,41,S,1,R,1,K,6,C,1,X,1,"L1:[sp=X,153] R=2,X=1,K=6,Y=47,C=1,S=1 || L2:[sp=C,3] Y=41,S=1,R=1,K=6,C=1,X=1",-inf,-inf,0,X|C,1
X,153,R,1,X,1,K,6,C,3,Y,47,S,1,C,3,Y,41,C,1,R,1,K,5,S,1,X,1,"L1:[sp=X,153] R=1,X=1,K=6,C=3,Y=47,S=1 || L2:[sp=C,3] Y=41,C=1,R=1,K=5,S=1,X=1",-428005.0,-163324000.0,1,X|C,1
K,153,S,1,X,1,K,6,C,1,Y,26,R,2,C,3,Y,9,S,1,R,1,K,1,C,1,X,1,"L1:[sp=K,153] S=1,X=1,K=6,C=1,Y=26,R=2 || L2:[sp=C,3] Y=9,S=1,R=1,K=1,C=1,X=1",-8527681.0,-163323000.0,1,K|C,1
X,153,C,2,K,6,X,1,S,3,Y,47,R,3,C,3,C,2,Y,41,R,1,S,1,K,2,X,1,"L1:[sp=X,153] C=2,K=6,X=1,S=3,Y=47,R=3 || L2:[sp=C,3] C=2,Y=41,R=1,S=1,K=2,X=1",-5640633.0,-163324000.0,1,X|C,1
K,153,S,1,X,1,K,55,C,1,Y,26,R,1,C,3,Y,9,S,1,R,1,K,1,C,1,X,1,"L1:[sp=K,153] S=1,X=1,K=55,C=1,Y=26,R=1 || L2:[sp=C,3] Y=9,S=1,R=1,K=1,C=1,X=1",-74898433.0,-163323000.0,1,K|C,1
X,153,R,2,C,3,K,6,X,1,Y,47,S,1,C,3,S,1,Y,46,R,1,C,1,K,2,X,1,"L1:[sp=X,153] R=2,C=3,K=6,X=1,Y=47,S=1 || L2:[sp=C,3] S=1,Y=46,R=1,C=1,K=2,X=1",-448297.0,-163324000.0,1,X|C,1
X,153,C,2,K,61,X,1,S,1,Y,47,R,3,C,3,C,2,Y,41,R,1,K,2,S,1,X,1,"L1:[sp=X,153] C=2,K=61,X=1,S=1,Y=47,R=3 || L2:[sp=C,3] C=2,Y=41,R=1,K=2,S=1,X=1",-inf,-inf,0,X|C,1
K,153,R,2,K,6,X,1,S,2,Y,47,C,2,C,3,C,2,Y,41,R,2,K,2,S,2,X,1,"L1:[sp=K,153] R=2,K=6,X=1,S=2,Y=47,C=2 || L2:[sp=C,3] C=2,Y=41,R=2,K=2,S=2,X=1",-inf,-inf,0,K|C,1
X,153,R,1,C,1,K,62,X,1,Y,47,S,3,C,3,S,2,X,1,C,1,R,1,K,2,Y,41,"L1:[sp=X,153] R=1,C=1,K=62,X=1,Y=47,S=3 || L2:[sp=C,3] S=2,X=1,C=1,R=1,K=2,Y=41",-inf,-inf,0,X|C,1
X,153,R,1,C,3,K,6,X,1,Y,47,S,1,C,3,S,1,Y,37,R,1,C,1,K,2,X,1,"L1:[sp=X,153] R=1,C=3,K=6,X=1,Y=47,S=1 || L2:[sp=C,3] S=1,Y=37,R=1,C=1,K=2,X=1",-458173.0,-163323000.0,1,X|C,1
X,153,R,1,X,1,K,6,C,3,Y,47,S,2,C,3,Y,41,C,1,R,1,K,5,S,1,X,1,"L1:[sp=X,153] R=1,X=1,K=6,C=3,Y=47,S=2 || L2:[sp=C,3] Y=41,C=1,R=1,K=5,S=1,X=1",-853369.0,-163324000.0,1,X|C,1
X,153,S,1,X,1,K,6,C,3,Y,47,R,1,C,3,Y,16,S,1,R,1,K,1,C,2,X,1,"L1:[sp=X,153] S=1,X=1,K=6,C=3,Y=47,R=1 || L2:[sp=C,3] Y=16,S=1,R=1,K=1,C=2,X=1",-1084861.0,-163323000.0,1,X|C,1
X,153,R,2,X,220,K,6,C,3,Y,47,S,2,C,3,Y,41,K,5,R,1,C,1,S,1,X,1,"L1:[sp=X,153] R=2,X=220,K=6,C=3,Y=47,S=2 || L2:[sp=C,3] Y=41,K=5,R=1,C=1,S=1,X=1",-inf,-inf,0,X|C,1
K,153,X,1,R,1,K,6,C,3,Y,47,S,1,X,3,Y,41,S,1,R,1,K,5,C,1,X,1,"L1:[sp=K,153] X=1,R=1,K=6,C=3,Y=47,S=1 || L2:[sp=X,3] Y=41,S=1,R=1,K=5,C=1,X=1",-7049953.0,-163324000.0,1,K|X,1
X,153,S,2,X,114,K,6,C,3,Y,3,R,2,C,3,Y,3,S,1,R,1,K,1,C,2,X,1,"L1:[sp=X,153] S=2,X=114,K=6,C=3,Y=3,R=2 || L2:[sp=C,3] Y=3,S=1,R=1,K=1,C=2,X=1",-39349861.0,-163323000.0,1,X|C,1
X,153,R,1,X,1,K,6,C,3,Y,47,S,2,C,3,Y,41,S,1,R,1,K,5,C,1,X,1,"L1:[sp=X,153] R=1,X=1,K=6,C=3,Y=47,S=2 || L2:[sp=C,3] Y=41,S=1,R=1,K=5,C=1,X=1",-853369.0,-163324000.0,1,X|C,1
X,153,R,1,K,22,X,1,S,1,Y,47,C,2,C,3,C,2,Y,26,R,1,K,2,S,1,X,1,"L1:[sp=X,153] R=1,K=22,X=1,S=1,Y=47,C=2 || L2:[sp=C,3] C=2,Y=26,R=1,K=2,S=1,X=1",-inf,-inf,0,X|C,1
K,153,R,2,C,3,K,6,X,1,Y,47,S,2,C,3,S,1,Y,41,R,2,C,1,K,2,X,1,"L1:[sp=K,153] R=2,C=3,K=6,X=1,Y=47,S=2 || L2:[sp=C,3] S=1,Y=41,R=2,C=1,K=2,X=1",-6234189.0,-163323000.0,1,K|C,1
X,153,K,6,X,1,R,2,C,3,Y,47,S,2,C,3,Y,41,S,1,R,2,K,5,C,1,X,1,"L1:[sp=X,153] K=6,X=1,R=2,C=3,Y=47,S=2 || L2:[sp=C,3] Y=41,S=1,R=2,K=5,C=1,X=1",-inf,-inf,0,X|C,1
K,153,S,1,X,1,K,6,C,1,Y,26,R,1,C,3,Y,9,S,1,R,1,K,1,C,1,X,1,"L1:[sp=K,153] S=1,X=1,K=6,C=1,Y=26,R=1 || L2:[sp=C,3] Y=9,S=1,R=1,K=1,C=1,X=1",-8219233.0,-163323000.0,1,K|C,1
K,153,S,1,X,1,K,6,C,1,Y,26,R,1,C,3,Y,9,S,1,R,1,K,1,C,1,X,1,"L1:[sp=K,153] S=1,X=1,K=6,C=1,Y=26,R=1 || L2:[sp=C,3] Y=9,S=1,R=1,K=1,C=1,X=1",-8219233.0,-163323000.0,1,K|C,1
X,153,R,1,X,1,K,6,C,3,Y,47,S,1,C,3,Y,41,C,1,R,1,K,5,S,1,X,1,"L1:[sp=X,153] R=1,X=1,K=6,C=3,Y=47,S=1 || L2:[sp=C,3] Y=41,C=1,R=1,K=5,S=1,X=1",-428005.0,-163324000.0,1,X|C,1
X,153,R,1,X,1,K,55,C,3,Y,47,S,2,C,1,Y,41,S,1,R,1,K,5,C,1,X,1,"L1:[sp=X,153] R=1,X=1,K=55,C=3,Y=47,S=2 || L2:[sp=C,1] Y=41,S=1,R=1,K=5,C=1,X=1",-inf,-inf,0,X|C,1
X,153,S,1,X,1,K,6,C,3,Y,47,R,1,C,3,Y,16,S,1,R,1,K,1,C,2,X,1,"L1:[sp=X,153] S=1,X=1,K=6,C=3,Y=47,R=1 || L2:[sp=C,3] Y=16,S=1,R=1,K=1,C=2,X=1",-1084861.0,-163323000.0,1,X|C,1
X,153,R,1,X,1,K,6,C,3,Y,47,S,1,C,3,Y,41,C,1,R,1,K,2,S,1,X,1,"L1:[sp=X,153] R=1,X=1,K=6,C=3,Y=47,S=1 || L2:[sp=C,3] Y=41,C=1,R=1,K=2,S=1,X=1",-448957.0,-163324000.0,1,X|C,1
X,153,X,1,C,3,K,29,R,1,Y,69,S,1,C,3,S,1,Y,37,R,1,C,1,K,2,X,1,"L1:[sp=X,153] X=1,C=3,K=29,R=1,Y=69,S=1 || L2:[sp=C,3] S=1,Y=37,R=1,C=1,K=2,X=1",-inf,-inf,0,X|C,1
X,153,R,1,X,1,K,6,C,3,Y,47,S,2,C,3,Y,41,C,1,R,1,K,5,S,1,X,1,"L1:[sp=X,153] R=1,X=1,K=6,C=3,Y=47,S=2 || L2:[sp=C,3] Y=41,C=1,R=1,K=5,S=1,X=1",-853369.0,-163324000.0,1,X|C,1
X,153,R,3,X,1,K,6,C,3,Y,47,S,2,C,3,Y,41,S,1,R,1,K,5,C,1,X,1,"L1:[sp=X,153] R=3,X=1,K=6,C=3,Y=47,S=2 || L2:[sp=C,3] Y=41,S=1,R=1,K=5,C=1,X=1",-896409.0,-163324000.0,1,X|C,1
X,153,R,1,C,3,K,6,X,1,Y,47,S,1,C,3,S,1,Y,46,R,1,C,1,K,2,X,1,"L1:[sp=X,153] R=1,C=3,K=6,X=1,Y=47,S=1 || L2:[sp=C,3] S=1,Y=46,R=1,C=1,K=2,X=1",-437437.0,-163324000.0,1,X|C,1
X,153,R,2,K,6,X,1,C,1,Y,47,S,1,C,3,Y,41,C,1,R,1,K,5,S,1,X,1,"L1:[sp=X,153] R=2,K=6,X=1,C=1,Y=47,S=1 || L2:[sp=C,3] Y=41,C=1,R=1,K=5,S=1,X=1",-1314973.0,-163324000.0,1,X|C,1
X,153,R,1,C,3,K,6,X,1,Y,47,S,2,C,3,S,1,Y,46,R,1,C,1,K,2,X,1,"L1:[sp=X,153] R=1,C=3,K=6,X=1,Y=47,S=2 || L2:[sp=C,3] S=1,Y=46,R=1,C=1,K=2,X=1",-872233.0,-163324000.0,1,X|C,1
K,153,R,2,C,3,K,6,X,1,Y,47,S,1,C,3,S,1,Y,41,R,2,C,1,K,6,X,1,"L1:[sp=K,153] R=2,C=3,K=6,X=1,Y=47,S=1 || L2:[sp=C,3] S=1,Y=41,R=2,C=1,K=6,X=1",-inf,-inf,0,K|C,1
C,153,S,1,X,1,K,35,C,3,Y,47,R,1,X,3,Y,29,S,1,R,1,K,1,C,2,X,1,"L1:[sp=C,153] S=1,X=1,K=35,C=3,Y=47,R=1 || L2:[sp=X,3] Y=29,S=1,R=1,K=1,C=2,X=1",-90982081.0,-163323000.0,1,C|X,1
C,153,R,1,C,3,K,6,X,1,Y,163,S,1,X,3,S,1,Y,37,X,1,C,2,R,1,K,2,"L1:[sp=C,153] R=1,C=3,K=6,X=1,Y=163,S=1 || L2:[sp=X,3] S=1,Y=37,X=1,C=2,R=1,K=2",-83264833.0,-163323000.0,1,C|X,1
X,153,R,2,C,3,K,6,X,1,Y,109,S,1,C,3,S,1,Y,46,R,1,C,1,K,2,X,1,"L1:[sp=X,153] R=2,C=3,K=6,X=1,Y=109,S=1 || L2:[sp=C,3] S=1,Y=46,R=1,C=1,K=2,X=1",-inf,-inf,0,X|C,1
X,153,R,1,C,3,K,17,X,1,Y,47,S,1,Y,1,S,1,Y,37,R,1,C,1,K,12,X,1,"L1:[sp=X,153] R=1,C=3,K=17,X=1,Y=47,S=1 || L2:[sp=Y,1] S=1,Y=37,R=1,C=1,K=12,X=1",-inf,-inf,0,X|Y,1
C,153,X,1,R,1,K,6,C,3,Y,47,S,1,X,3,S,1,Y,41,R,1,K,5,C,1,X,1,"L1:[sp=C,153] X=1,R=1,K=6,C=3,Y=47,S=1 || L2:[sp=X,3] S=1,Y=41,R=1,K=5,C=1,X=1",-71682913.0,-163323000.0,1,C|X,1
K,153,R,1,X,1,K,6,S,2,Y,47,C,3,X,2,C,1,K,5,R,1,Y,41,S,1,X,1,"L1:[sp=K,153] R=1,X=1,K=6,S=2,Y=47,C=3 || L2:[sp=X,2] C=1,K=5,R=1,Y=41,S=1,X=1",-7015135.0,-163324000.0,1,K|X,1
X,153,C,2,K,6,X,1,S,3,Y,47,R,3,C,2,C,2,Y,41,R,1,S,1,K,2,X,1,"L1:[sp=X,153] C=2,K=6,X=1,S=3,Y=47,R=3 || L2:[sp=C,2] C=2,Y=41,R=1,S=1,K=2,X=1",-4230475.0,-163324000.0,1,X|C,1
C,153,X,1,C,2,K,6,R,2,Y,83,S,1,X,3,S,1,Y,46,K,2,C,1,R,1,X,1,"L1:[sp=C,153] X=1,C=2,K=6,R=2,Y=83,S=1 || L2:[sp=X,3] S=1,Y=46,K=2,C=1,R=1,X=1",-65072449.0,-163323000.0,1,C|X,1
K,153,R,1,C,3,K,6,X,1,Y,47,S,2,C,3,S,2,Y,41,R,1,C,1,K,4,X,1,"L1:[sp=K,153] R=1,C=3,K=6,X=1,Y=47,S=2 || L2:[sp=C,3] S=2,Y=41,R=1,C=1,K=4,X=1",-inf,-inf,0,K|C,1
X,153,R,1,X,1,K,6,C,3,Y,47,S,1,C,3,Y,41,C,1,R,1,K,5,S,1,X,1,"L1:[sp=X,153] R=1,X=1,K=6,C=3,Y=47,S=1 || L2:[sp=C,3] Y=41,C=1,R=1,K=5,S=1,X=1",-428005.0,-163324000.0,1,X|C,1
C,153,R,2,K,6,X,1,C,1,Y,47,S,1,C,3,Y,41,C,1,R,1,K,5,S,1,X,1,"L1:[sp=C,153] R=2,K=6,X=1,C=1,Y=47,S=1 || L2:[sp=C,3] Y=41,C=1,R=1,K=5,S=1,X=1",-24546145.0,-163323000.0,1,C|C,1
X,153,R,1,X,1,K,6,C,3,Y,47,S,1,C,3,Y,41,C,1,R,1,K,5,S,1,X,1,"L1:[sp=X,153] R=1,X=1,K=6,C=3,Y=47,S=1 || L2:[sp=C,3] Y=41,C=1,R=1,K=5,S=1,X=1",-428005.0,-163324000.0,1,X|C,1
X,153,R,1,C,3,K,32,X,1,Y,47,S,1,C,3,S,1,Y,41,R,1,C,1,K,2,X,1,"L1:[sp=X,153] R=1,C=3,K=32,X=1,Y=47,S=1 || L2:[sp=C,3] S=1,Y=41,R=1,C=1,K=2,X=1",-inf,-inf,0,X|C,1
X,153,R,1,X,1,K,6,C,3,Y,139,S,2,C,3,Y,46,C,1,R,1,K,2,S,1,X,1,"L1:[sp=X,153] R=1,X=1,K=6,C=3,Y=139,S=2 || L2:[sp=C,3] Y=46,C=1,R=1,K=2,S=1,X=1",-inf,-inf,0,X|C,1
C,153,R,1,X,1,K,6,Y,47,C,3,S,2,X,3,Y,41,S,1,R,1,K,5,C,1,X,1,"L1:[sp=C,153] R=1,X=1,K=6,Y=47,C=3,S=2 || L2:[sp=X,3] Y=41,S=1,R=1,K=5,C=1,X=1",-71326105.0,-163323000.0,1,C|X,1
X,153,R,3,C,3,K,6,X,1,Y,47,S,2,C,3,S,1,Y,46,R,1,C,1,K,2,X,1,"L1:[sp=X,153] R=3,C=3,K=6,X=1,Y=47,S=2 || L2:[sp=C,3] S=1,Y=46,R=1,C=1,K=2,X=1",-917433.0,-163324000.0,1,X|C,1
X,153,R,1,X,1,K,6,C,3,Y,47,S,1,C,3,Y,41,C,1,R,1,K,2,S,1,X,1,"L1:[sp=X,153] R=1,X=1,K=6,C=3,Y=47,S=1 || L2:[sp=C,3] Y=41,C=1,R=1,K=2,S=1,X=1",-448957.0,-163324000.0,1,X|C,1
X,153,R,1,C,3,K,4,X,1,Y,47,S,1,C,3,S,1,Y,46,R,1,C,1,K,2,X,1,"L1:[sp=X,153] R=1,C=3,K=4,X=1,Y=47,S=1 || L2:[sp=C,3] S=1,Y=46,R=1,C=1,K=2,X=1",-438337.0,-163323000.0,1,X|C,1
X,153,R,3,C,3,K,6,X,1,Y,47,S,2,C,3,S,1,Y,41,R,1,C,1,K,2,X,1,"L1:[sp=X,153] R=3,C=3,K=6,X=1,Y=47,S=2 || L2:[sp=C,3] S=1,Y=41,R=1,C=1,K=2,X=1",-940473.0,-163324000.0,1,X|C,1
X,153,R,1,X,1,K,6,C,3,Y,47,S,1,C,3,R,1,S,1,Y,46,K,5,C,1,X,1,"L1:[sp=X,153] R=1,X=1,K=6,C=3,Y=47,S=1 || L2:[sp=C,3] R=1,S=1,Y=46,K=5,C=1,X=1",-inf,-inf,0,X|C,1
X,153,R,1,C,3,K,6,X,1,Y,47,S,1,X,1,S,1,Y,46,R,1,C,1,K,2,X,1,"L1:[sp=X,153] R=1,C=3,K=6,X=1,Y=47,S=1 || L2:[sp=X,1] S=1,Y=46,R=1,C=1,K=2,X=1",-inf,-inf,0,X|X,1
X,153,S,2,X,6,K,6,C,3,Y,47,R,1,C,3,Y,16,S,1,R,1,K,1,C,2,X,1,"L1:[sp=X,153] S=2,X=6,K=6,C=3,Y=47,R=1 || L2:[sp=C,3] Y=16,S=1,R=1,K=1,C=2,X=1",-inf,-inf,0,X|C,1
X,153,R,3,X,1,K,6,C,3,Y,47,S,2,C,3,Y,41,S,1,R,1,K,5,C,3,X,1,"L1:[sp=X,153] R=3,X=1,K=6,C=3,Y=47,S=2 || L2:[sp=C,3] Y=41,S=1,R=1,K=5,C=3,X=1",-inf,-inf,0,X|C,1
X,153,R,1,X,1,K,19,C,3,Y,47,S,2,C,3,Y,41,C,1,R,1,K,5,S,1,X,1,"L1:[sp=X,153] R=1,X=1,K=19,C=3,Y=47,S=2 || L2:[sp=C,3] Y=41,C=1,R=1,K=5,S=1,X=1",-inf,-inf,0,X|C,1
X,153,R,1,C,3,K,6,X,1,Y,47,S,1,Y,1,S,1,Y,46,R,1,C,1,K,2,X,1,"L1:[sp=X,153] R=1,C=3,K=6,X=1,Y=47,S=1 || L2:[sp=Y,1] S=1,Y=46,R=1,C=1,K=2,X=1",-inf,-inf,0,X|Y,1
C,153,R,1,X,1,K,6,C,3,Y,47,S,2,X,3,Y,41,C,1,R,1,K,2,S,1,X,1,"L1:[sp=C,153] R=1,X=1,K=6,C=3,Y=47,S=2 || L2:[sp=X,3] Y=41,C=1,R=1,K=2,S=1,X=1",-74830327.0,-163323000.0,1,C|X,1
C,153,R,1,K,6,X,1,C,3,Y,47,S,1,X,3,Y,41,C,1,R,1,K,5,S,1,X,1,"L1:[sp=C,153] R=1,K=6,X=1,C=3,Y=47,S=1 || L2:[sp=X,3] Y=41,C=1,R=1,K=5,S=1,X=1",-71682913.0,-163323000.0,1,C|X,1
X,153,R,2,X,1,C,3,K,6,Y,47,S,1,C,3,Y,41,C,2,R,1,K,2,S,1,X,1,"L1:[sp=X,153] R=2,X=1,C=3,K=6,Y=47,S=1 || L2:[sp=C,3] Y=41,C=2,R=1,K=2,S=1,X=1",-918313.0,-163324000.0,1,X|C,1
X,153,R,1,X,6,K,6,C,3,Y,47,S,1,C,3,Y,41,C,1,R,1,K,5,S,1,X,1,"L1:[sp=X,153] R=1,X=6,K=6,C=3,Y=47,S=1 || L2:[sp=C,3] Y=41,C=1,R=1,K=5,S=1,X=1",-inf,-inf,0,X|C,1
X,153,R,2,K,6,X,1,C,1,Y,47,S,2,X,1,Y,41,C,1,R,1,K,5,S,1,X,1,"L1:[sp=X,153] R=2,K=6,X=1,C=1,Y=47,S=2 || L2:[sp=X,1] Y=41,C=1,R=1,K=5,S=1,X=1",-inf,-inf,0,X|X,1
X,153,R,1,X,1,K,6,C,3,Y,47,S,1,C,3,Y,41,C,1,R,1,K,5,S,1,X,1,"L1:[sp=X,153] R=1,X=1,K=6,C=3,Y=47,S=1 || L2:[sp=C,3] Y=41,C=1,R=1,K=5,S=1,X=1",-428005.0,-163324000.0,1,X|C,1
Y,153,R,1,X,1,K,6,Y,47,C,3,S,1,X,3,Y,41,S,1,R,1,K,5,C,1,X,1,"L1:[sp=Y,153] R=1,X=1,K=6,Y=47,C=3,S=1 || L2:[sp=X,3] Y=41,S=1,R=1,K=5,C=1,X=1",-17361793.0,-163324000.0,1,Y|X,1
C,153,C,3,R,1,K,4,X,1,Y,47,S,2,X,3,S,1,Y,46,R,1,C,1,K,2,X,1,"L1:[sp=C,153] C=3,R=1,K=4,X=1,Y=47,S=2 || L2:[sp=X,3] S=1,Y=46,R=1,C=1,K=2,X=1",-72937057.0,-163323000.0,1,C|X,1
X,153,R,3,C,3,K,6,X,1,Y,47,S,2,C,3,S,1,Y,46,R,2,C,1,K,2,X,1,"L1:[sp=X,153] R=3,C=3,K=6,X=1,Y=47,S=2 || L2:[sp=C,3] S=1,Y=46,R=2,C=1,K=2,X=1",-917433.0,-163324000.0,1,X|C,1
C,153,R,1,K,6,X,1,Y,47,C,3,S,2,X,3,Y,41,S,1,R,1,K,5,C,1,X,1,"L1:[sp=C,153] R=1,K=6,X=1,Y=47,C=3,S=2 || L2:[sp=X,3] Y=41,S=1,R=1,K=5,C=1,X=1",-71326105.0,-163323000.0,1,C|X,1
X,153,R,2,C,3,K,6,X,1,Y,47,S,1,C,3,S,1,Y,41,R,1,C,1,K,2,X,1,"L1:[sp=X,153] R=2,C=3,K=6,X=1,Y=47,S=1 || L2:[sp=C,3] S=1,Y=41,R=1,C=1,K=2,X=1",-459817.0,-163324000.0,1,X|C,1
C,153,R,3,K,6,X,1,C,1,Y,47,S,2,C,3,Y,41,S,1,R,1,K,5,C,1,X,1,"L1:[sp=C,153] R=3,K=6,X=1,C=1,Y=47,S=2 || L2:[sp=C,3] Y=41,S=1,R=1,K=5,C=1,X=1",-49974747.0,-163324000.0,1,C|C,1
X,153,R,1,X,1,K,50,C,3,Y,47,S,1,C,3,X,1,C,1,R,1,K,2,S,1,Y,30,"L1:[sp=X,153] R=1,X=1,K=50,C=3,Y=47,S=1 || L2:[sp=C,3] X=1,C=1,R=1,K=2,S=1,Y=30",-inf,-inf,0,X|C,1
X,153,R,3,X,1,K,6,C,3,Y,47,S,1,C,3,Y,41,C,1,R,1,K,5,S,1,X,1,"L1:[sp=X,153] R=3,X=1,K=6,C=3,Y=47,S=1 || L2:[sp=C,3] Y=41,C=1,R=1,K=5,S=1,X=1",-448645.0,-163324000.0,1,X|C,1
X,153,R,1,X,1,K,11,C,3,Y,47,S,1,C,3,Y,46,C,1,R,1,K,5,S,1,X,1,"L1:[sp=X,153] R=1,X=1,K=11,C=3,Y=47,S=1 || L2:[sp=C,3] Y=46,C=1,R=1,K=5,S=1,X=1",-inf,-inf,0,X|C,1
X,153,R,1,C,3,K,4,X,1,Y,70,S,1,C,3,S,1,Y,41,R,1,C,1,K,2,X,1,"L1:[sp=X,153] R=1,C=3,K=4,X=1,Y=70,S=1 || L2:[sp=C,3] S=1,Y=41,R=1,C=1,K=2,X=1",-552961.0,-163324000.0,1,X|C,1
C,153,R,1,C,3,K,4,X,1,Y,47,S,1,C,3,S,1,Y,46,R,1,C,1,K,2,X,1,"L1:[sp=C,153] R=1,C=3,K=4,X=1,Y=47,S=1 || L2:[sp=C,3] S=1,Y=46,R=1,C=1,K=2,X=1",-24546817.0,-163323000.0,1,C|C,1
C,153,R,1,Y,47,K,6,X,1,C,3,S,2,X,3,X,1,S,1,R,1,K,1,C,1,Y,41,"L1:[sp=C,153] R=1,Y=47,K=6,X=1,C=3,S=2 || L2:[sp=X,3] X=1,S=1,R=1,K=1,C=1,Y=41",-74830327.0,-163323000.0,1,C|X,1
X,153,R,3,X,1,K,6,C,3,Y,47,S,1,C,3,Y,41,C,1,R,1,X,1,S,1,K,5,"L1:[sp=X,153] R=3,X=1,K=6,C=3,Y=47,S=1 || L2:[sp=C,3] Y=41,C=1,R=1,X=1,S=1,K=5",-448645.0,-163324000.0,1,X|C,1
C,153,R,1,K,6,X,1,C,1,Y,47,S,1,C,3,Y,40,C,1,R,1,K,5,S,1,X,1,"L1:[sp=C,153] R=1,K=6,X=1,C=1,Y=47,S=1 || L2:[sp=C,3] Y=40,C=1,R=1,K=5,S=1,X=1",-24091201.0,-163323000.0,1,C|C,1
X,153,R,3,X,1,K,6,C,3,Y,47,S,2,C,3,Y,41,C,1,R,1,K,5,S,1,X,1,"L1:[sp=X,153] R=3,X=1,K=6,C=3,Y=47,S=2 || L2:[sp=C,3] Y=41,C=1,R=1,K=5,S=1,X=1",-896409.0,-163324000.0,1,X|C,1
C,153,R,1,X,141,K,6,Y,47,C,1,S,1,X,3,Y,41,S,1,K,5,R,1,C,1,X,1,"L1:[sp=C,153] R=1,X=141,K=6,Y=47,C=1,S=1 || L2:[sp=X,3] Y=41,S=1,K=5,R=1,C=1,X=1",-inf,-inf,0,C|X,1
X,153,R,1,X,1,Y,102,C,3,K,6,S,1,C,3,Y,41,C,1,R,1,K,2,S,1,X,1,"L1:[sp=X,153] R=1,X=1,Y=102,C=3,K=6,S=1 || L2:[sp=C,3] Y=41,C=1,R=1,K=2,S=1,X=1",-517285.0,-163324000.0,1,X|C,1
C,153,R,1,X,1,K,6,Y,47,C,3,S,2,X,3,Y,41,S,1,R,1,K,5,C,1,X,1,"L1:[sp=C,153] R=1,X=1,K=6,Y=47,C=3,S=2 || L2:[sp=X,3] Y=41,S=1,R=1,K=5,C=1,X=1",-71326105.0,-163323000.0,1,C|X,1
X,153,R,3,S,1,K,6,X,1,Y,47,C,3,C,3,S,1,Y,46,R,1,C,1,K,2,X,1,"L1:[sp=X,153] R=3,S=1,K=6,X=1,Y=47,C=3 || L2:[sp=C,3] S=1,Y=46,R=1,C=1,K=2,X=1",-459157.0,-163324000.0,1,X|C,1
Y,153,R,2,X,1,C,3,K,6,Y,47,S,2,C,3,Y,15,C,2,R,1,K,2,S,1,X,1,"L1:[sp=Y,153] R=2,X=1,C=3,K=6,Y=47,S=2 || L2:[sp=C,3] Y=15,C=2,R=1,K=2,S=1,X=1",-24671829.0,-163323000.0,1,Y|C,1
X,153,R,1,X,1,K,6,C,3,Y,47,S,1,C,3,Y,41,C,1,R,1,K,5,S,1,X,1,"L1:[sp=X,153] R=1,X=1,K=6,C=3,Y=47,S=1 || L2:[sp=C,3] Y=41,C=1,R=1,K=5,S=1,X=1",-428005.0,-163324000.0,1,X|C,1
X,153,R,2,C,3,K,6,X,1,Y,47,S,1,C,3,S,1,Y,41,R,1,C,1,K,2,X,1,"L1:[sp=X,153] R=2,C=3,K=6,X=1,Y=47,S=1 || L2:[sp=C,3] S=1,Y=41,R=1,C=1,K=2,X=1",-459817.0,-163324000.0,1,X|C,1
X,153,R,1,C,3,K,4,X,1,Y,70,S,3,C,3,S,1,Y,41,R,1,C,1,K,2,X,1,"L1:[sp=X,153] R=1,C=3,K=4,X=1,Y=70,S=3 || L2:[sp=C,3] S=1,Y=41,R=1,C=1,K=2,X=1",-1652737.0,-163324000.0,1,X|C,1
X,153,R,3,X,1,K,6,C,3,Y,47,S,2,C,3,Y,41,S,1,R,1,K,5,C,1,X,1,"L1:[sp=X,153] R=3,X=1,K=6,C=3,Y=47,S=2 || L2:[sp=C,3] Y=41,S=1,R=1,K=5,C=1,X=1",-896409.0,-163324000.0,1,X|C,1
X,153,R,1,X,1,K,39,C,3,Y,47,S,1,C,3,Y,41,C,1,R,1,K,5,S,1,X,1,"L1:[sp=X,153] R=1,X=1,K=39,C=3,Y=47,S=1 || L2:[sp=C,3] Y=41,C=1,R=1,K=5,S=1,X=1",-inf,-inf,0,X|C,1
X,153,R,3,X,1,K,6,C,3,Y,47,S,1,X,1,Y,41,C,1,R,1,K,5,S,1,X,1,"L1:[sp=X,153] R=3,X=1,K=6,C=3,Y=47,S=1 || L2:[sp=X,1] Y=41,C=1,R=1,K=5,S=1,X=1",-inf,-inf,0,X|X,1
X,153,R,2,C,3,K,6,X,1,Y,34,S,1,C,3,S,1,Y,6,X,1,C,1,K,2,R,1,"L1:[sp=X,153] R=2,C=3,K=6,X=1,Y=34,S=1 || L2:[sp=C,3] S=1,Y=6,X=1,C=1,K=2,R=1",-538681.0,-163323000.0,1,X|C,1
C,153,R,3,X,1,K,6,C,3,Y,47,S,1,X,3,Y,41,C,1,R,1,X,1,S,1,K,5,"L1:[sp=C,153] R=3,X=1,K=6,C=3,Y=47,S=1 || L2:[sp=X,3] Y=41,C=1,R=1,X=1,S=1,K=5",-75298273.0,-163323000.0,1,C|X,1
X,153,R,3,C,3,K,6,X,1,Y,47,S,1,C,3,S,1,Y,41,R,1,C,1,K,2,X,1,"L1:[sp=X,153] R=3,C=3,K=6,X=1,Y=47,S=1 || L2:[sp=C,3] S=1,Y=41,R=1,C=1,K=2,X=1",-470677.0,-163324000.0,1,X|C,1
X,153,R,3,X,1,K,61,C,3,Y,47,S,3,C,3,Y,41,C,1,R,1,K,5,S,1,X,1,"L1:[sp=X,153] R=3,X=1,K=61,C=3,Y=47,S=3 || L2:[sp=C,3] Y=41,C=1,R=1,K=5,S=1,X=1",-inf,-inf,0,X|C,1
X,153,R,2,C,3,K,44,Y,70,X,1,S,1,C,3,S,1,X,1,R,1,C,1,K,2,Y,41,"L1:[sp=X,153] R=2,C=3,K=44,Y=70,X=1,S=1 || L2:[sp=C,3] S=1,X=1,R=1,C=1,K=2,Y=41",-inf,-inf,0,X|C,1
X,153,R,1,C,3,K,4,Y,47,X,1,S,1,C,3,S,1,Y,41,R,1,C,1,X,1,K,2,"L1:[sp=X,153] R=1,C=3,K=4,Y=47,X=1,S=1 || L2:[sp=C,3] S=1,Y=41,R=1,C=1,X=1,K=2",-449857.0,-163323000.0,1,X|C,1
X,153,R,1,X,1,K,6,C,3,Y,70,S,1,C,3,Y,41,C,1,R,1,K,5,S,1,X,1,"L1:[sp=X,153] R=1,X=1,K=6,C=3,Y=70,S=1 || L2:[sp=C,3] Y=41,C=1,R=1,K=5,S=1,X=1",-526429.0,-163324000.0,1,X|C,1
X,153,R,2,X,1,Y,47,C,3,K,35,S,1,C,3,Y,41,C,1,R,1,K,2,S,1,X,1,"L1:[sp=X,153] R=2,X=1,Y=47,C=3,K=35,S=1 || L2:[sp=C,3] Y=41,C=1,R=1,K=2,S=1,X=1",-inf,-inf,0,X|C,1
X,153,R,1,C,2,K,6,X,205,Y,102,S,1,C,3,S,1,C,1,R,1,Y,41,K,2,X,1,"L1:[sp=X,153] R=1,C=2,K=6,X=205,Y=102,S=1 || L2:[sp=C,3] S=1,C=1,R=1,Y=41,K=2,X=1",-inf,-inf,0,X|C,1
X,153,R,1,X,1,Y,102,K,6,C,3,S,1,C,3,Y,41,C,1,R,1,K,2,S,1,X,1,"L1:[sp=X,153] R=1,X=1,Y=102,K=6,C=3,S=1 || L2:[sp=C,3] Y=41,C=1,R=1,K=2,S=1,X=1",-517285.0,-163324000.0,1,X|C,1
X,153,R,1,X,1,S,1,C,3,Y,60,K,6,C,3,C,1,Y,41,R,1,K,5,S,1,X,1,"L1:[sp=X,153] R=1,X=1,S=1,C=3,Y=60,K=6 || L2:[sp=C,3] C=1,Y=41,R=1,K=5,S=1,X=1",-528625.0,-163324000.0,1,X|C,1
X,153,R,1,X,1,K,6,C,3,Y,47,S,1,C,3,Y,41,C,1,R,1,X,1,S,1,K,5,"L1:[sp=X,153] R=1,X=1,K=6,C=3,Y=47,S=1 || L2:[sp=C,3] Y=41,C=1,R=1,X=1,S=1,K=5",-428005.0,-163324000.0,1,X|C,1
X,153,R,3,X,1,K,6,C,3,Y,21,S,1,C,3,Y,21,C,1,R,1,K,5,S,1,X,1,"L1:[sp=X,153] R=3,X=1,K=6,C=3,Y=21,S=1 || L2:[sp=C,3] Y=21,C=1,R=1,K=5,S=1,X=1",-510925.0,-163323000.0,1,X|C,1
X,153,R,3,X,1,K,6,C,3,Y,177,S,2,C,3,Y,104,C,1,R,1,K,5,S,1,X,1,"L1:[sp=X,153] R=3,X=1,K=6,C=3,Y=177,S=2 || L2:[sp=C,3] Y=104,C=1,R=1,K=5,S=1,X=1",-inf,-inf,0,X|C,1
X,153,R,1,X,1,Y,102,C,3,K,6,S,1,C,3,Y,41,X,1,R,1,K,2,S,1,C,1,"L1:[sp=X,153] R=1,X=1,Y=102,C=3,K=6,S=1 || L2:[sp=C,3] Y=41,X=1,R=1,K=2,S=1,C=1",-517285.0,-163324000.0,1,X|C,1
X,153,R,1,X,1,K,6,C,3,Y,47,S,1,C,3,Y,41,C,1,R,1,K,5,S,1,X,1,"L1:[sp=X,153] R=1,X=1,K=6,C=3,Y=47,S=1 || L2:[sp=C,3] Y=41,C=1,R=1,K=5,S=1,X=1",-428005.0,-163324000.0,1,X|C,1
X,153,R,1,X,1,K,6,C,3,Y,21,S,1,C,3,Y,21,C,1,R,1,K,5,S,1,X,1,"L1:[sp=X,153] R=1,X=1,K=6,C=3,Y=21,S=1 || L2:[sp=C,3] Y=21,C=1,R=1,K=5,S=1,X=1",-511633.0,-163323000.0,1,X|C,1
X,153,R,3,C,3,K,6,X,1,Y,47,S,1,Y,47,S,1,Y,41,R,1,C,1,K,6,X,1,"L1:[sp=X,153] R=3,C=3,K=6,X=1,Y=47,S=1 || L2:[sp=Y,47] S=1,Y=41,R=1,C=1,K=6,X=1",-inf,-inf,0,X|Y,1
X,153,R,3,C,2,K,4,Y,47,X,1,S,1,C,3,K,2,Y,41,R,2,C,1,X,1,S,1,"L1:[sp=X,153] R=3,C=2,K=4,Y=47,X=1,S=1 || L2:[sp=C,3] K=2,Y=41,R=2,C=1,X=1,S=1",-941953.0,-163323000.0,1,X|C,1
X,153,R,1,C,3,K,6,X,1,Y,47,S,1,C,3,S,1,Y,41,R,1,C,1,K,2,X,1,"L1:[sp=X,153] R=1,C=3,K=6,X=1,Y=47,S=1 || L2:[sp=C,3] S=1,Y=41,R=1,C=1,K=2,X=1",-448957.0,-163324000.0,1,X|C,1
X,153,R,1,X,1,K,6,C,3,Y,21,S,1,C,3,Y,21,C,1,R,1,K,5,S,1,X,1,"L1:[sp=X,153] R=1,X=1,K=6,C=3,Y=21,S=1 || L2:[sp=C,3] Y=21,C=1,R=1,K=5,S=1,X=1",-511633.0,-163323000.0,1,X|C,1
X,153,R,1,X,1,Y,102,C,3,K,6,S,3,C,3,Y,41,X,1,R,1,K,2,S,1,C,1,"L1:[sp=X,153] R=1,X=1,Y=102,C=3,K=6,S=3 || L2:[sp=C,3] Y=41,X=1,R=1,K=2,S=1,C=1",-inf,-inf,0,X|C,1
X,153,R,1,S,1,Y,193,K,6,C,3,X,1,C,3,Y,41,S,1,R,1,K,2,C,1,X,1,"L1:[sp=X,153] R=1,S=1,Y=193,K=6,C=3,X=1 || L2:[sp=C,3] Y=41,S=1,R=1,K=2,C=1,X=1",-inf,-inf,0,X|C,1
C,153,R,2,X,1,K,6,C,3,Y,47,S,1,C,3,S,1,Y,41,R,1,C,1,K,2,X,1,"L1:[sp=C,153] R=2,X=1,K=6,C=3,Y=47,S=1 || L2:[sp=C,3] S=1,Y=41,R=1,C=1,K=2,X=1",-25749697.0,-163323000.0,1,C|C,1
X,153,R,3,X,1,Y,102,C,3,K,6,S,1,C,3,Y,41,X,1,R,1,K,1,S,1,C,1,"L1:[sp=X,153] R=3,X=1,Y=102,C=3,K=6,S=1 || L2:[sp=C,3] Y=41,X=1,R=1,K=1,S=1,C=1",-530317.0,-163324000.0,1,X|C,1
X,153,R,1,X,1,K,36,C,3,Y,21,S,1,C,3,Y,21,C,1,R,1,K,22,S,1,X,1,"L1:[sp=X,153] R=1,X=1,K=36,C=3,Y=21,S=1 || L2:[sp=C,3] Y=21,C=1,R=1,K=22,S=1,X=1",-inf,-inf,0,X|C,1
X,153,R,1,X,1,Y,102,C,3,K,6,S,1,C,3,Y,41,X,1,R,1,K,2,S,1,C,1,"L1:[sp=X,153] R=1,X=1,Y=102,C=3,K=6,S=1 || L2:[sp=C,3] Y=41,X=1,R=1,K=2,S=1,C=1",-517285.0,-163324000.0,1,X|C,1
X,153,R,3,X,1,K,6,C,3,Y,21,S,1,C,1,Y,21,C,1,R,1,K,5,S,1,X,1,"L1:[sp=X,153] R=3,X=1,K=6,C=3,Y=21,S=1 || L2:[sp=C,1] Y=21,C=1,R=1,K=5,S=1,X=1",-764935.0,-163324000.0,1,X|C,1
X,153,R,1,X,1,K,6,C,3,Y,47,S,1,C,3,Y,41,C,1,R,1,K,5,S,1,X,1,"L1:[sp=X,153] R=1,X=1,K=6,C=3,Y=47,S=1 || L2:[sp=C,3] Y=41,C=1,R=1,K=5,S=1,X=1",-428005.0,-163324000.0,1,X|C,1
X,153,R,1,X,1,Y,102,C,3,K,6,S,1,C,3,Y,41,X,1,R,1,K,2,S,1,C,1,"L1:[sp=X,153] R=1,X=1,Y=102,C=3,K=6,S=1 || L2:[sp=C,3] Y=41,X=1,R=1,K=2,S=1,C=1",-517285.0,-163324000.0,1,X|C,1
X,153,R,1,X,1,Y,102,C,3,K,6,S,2,C,3,K,2,X,1,R,1,Y,41,S,1,C,3,"L1:[sp=X,153] R=1,X=1,Y=102,C=3,K=6,S=2 || L2:[sp=C,3] K=2,X=1,R=1,Y=41,S=1,C=3",-inf,-inf,0,X|C,1
X,153,R,3,X,1,K,6,C,3,Y,21,S,1,C,3,Y,21,C,1,S,1,K,5,R,1,X,1,"L1:[sp=X,153] R=3,X=1,K=6,C=3,Y=21,S=1 || L2:[sp=C,3] Y=21,C=1,S=1,K=5,R=1,X=1",-510925.0,-163323000.0,1,X|C,1
X,153,R,1,C,3,K,6,X,1,Y,47,S,1,C,3,S,1,Y,26,R,1,C,1,K,2,X,1,"L1:[sp=X,153] R=1,C=3,K=6,X=1,Y=47,S=1 || L2:[sp=C,3] S=1,Y=26,R=1,C=1,K=2,X=1",-543421.0,-163323000.0,1,X|C,1
X,153,R,1,C,3,K,6,Y,47,X,1,S,1,C,3,S,1,Y,41,R,1,C,1,X,1,K,2,"L1:[sp=X,153] R=1,C=3,K=6,Y=47,X=1,S=1 || L2:[sp=C,3] S=1,Y=41,R=1,C=1,X=1,K=2",-448957.0,-163324000.0,1,X|C,1
X,153,R,1,X,1,K,6,C,3,Y,47,S,1,C,3,Y,41,C,2,R,1,X,1,S,1,K,5,"L1:[sp=X,153] R=1,X=1,K=6,C=3,Y=47,S=1 || L2:[sp=C,3] Y=41,C=2,R=1,X=1,S=1,K=5",-inf,-inf,0,X|C,1
X,153,R,1,X,1,Y,102,K,6,C,2,S,1,C,3,Y,41,C,1,R,1,K,2,S,1,X,1,"L1:[sp=X,153] R=1,X=1,Y=102,K=6,C=2,S=1 || L2:[sp=C,3] Y=41,C=1,R=1,K=2,S=1,X=1",-1034569.0,-163324000.0,1,X|C,1
X,153,R,1,X,1,K,6,C,3,Y,47,S,1,C,3,Y,41,C,1,R,1,K,5,S,1,X,1,"L1:[sp=X,153] R=1,X=1,K=6,C=3,Y=47,S=1 || L2:[sp=C,3] Y=41,C=1,R=1,K=5,S=1,X=1",-428005.0,-163324000.0,1,X|C,1
X,153,R,3,X,1,K,6,C,3,Y,21,S,1,C,3,Y,21,C,1,S,1,R,1,K,3,X,1,"L1:[sp=X,153] R=3,X=1,K=6,C=3,Y=21,S=1 || L2:[sp=C,3] Y=21,C=1,S=1,R=1,K=3,X=1",-552685.0,-163323000.0,1,X|C,1
C,153,R,3,X,1,Y,102,C,3,K,6,S,1,X,3,Y,41,X,1,R,1,K,1,S,1,C,1,"L1:[sp=C,153] R=3,X=1,Y=102,C=3,K=6,S=1 || L2:[sp=X,3] Y=41,X=1,R=1,K=1,S=1,C=1",-89048737.0,-163323000.0,1,C|X,1
X,153,R,1,C,3,K,12,X,1,Y,47,S,1,C,3,X,1,Y,26,R,1,C,1,K,2,S,1,"L1:[sp=X,153] R=1,C=3,K=12,X=1,Y=47,S=1 || L2:[sp=C,3] X=1,Y=26,R=1,C=1,K=2,S=1",-542521.0,-163324000.0,1,X|C,1
X,153,R,1,C,3,K,6,Y,47,X,1,S,1,C,3,Y,41,S,1,R,1,C,1,X,1,K,2,"L1:[sp=X,153] R=1,C=3,K=6,Y=47,X=1,S=1 || L2:[sp=C,3] Y=41,S=1,R=1,C=1,X=1,K=2",-448957.0,-163324000.0,1,X|C,1
X,153,R,1,X,1,Y,102,C,3,K,62,S,1,C,3,Y,41,X,1,R,1,K,1,S,1,C,1,"L1:[sp=X,153] R=1,X=1,Y=102,C=3,K=62,S=1 || L2:[sp=C,3] Y=41,X=1,R=1,K=1,S=1,C=1",-inf,-inf,0,X|C,1
C,153,R,3,C,3,K,6,X,1,Y,47,S,1,X,3,S,1,Y,26,R,1,C,1,K,2,X,1,"L1:[sp=C,153] R=3,C=3,K=6,X=1,Y=47,S=1 || L2:[sp=X,3] S=1,Y=26,R=1,C=1,K=2,X=1",-94869601.0,-163323000.0,1,C|X,1
X,153,R,1,X,1,K,6,C,3,Y,47,S,1,C,1,Y,41,C,1,R,1,K,1,S,1,X,1,"L1:[sp=X,153] R=1,X=1,K=6,C=3,Y=47,S=1 || L2:[sp=C,1] Y=41,C=1,R=1,K=1,S=1,X=1",-inf,-inf,0,X|C,1
X,153,R,1,X,1,Y,147,C,3,K,6,S,1,C,3,Y,41,X,1,R,1,C,1,S,1,K,2,"L1:[sp=X,153] R=1,X=1,Y=147,C=3,K=6,S=1 || L2:[sp=C,3] Y=41,X=1,R=1,C=1,S=1,K=2",-inf,-inf,0,X|C,1
X,153,R,3,C,1,K,6,X,1,Y,47,S,3,C,3,S,1,Y,26,K,2,C,1,R,1,X,1,"L1:[sp=X,153] R=3,C=1,K=6,X=1,Y=47,S=3 || L2:[sp=C,3] S=1,Y=26,K=2,C=1,R=1,X=1",-5080981.0,-163323000.0,1,X|C,1
X,153,R,2,X,1,Y,102,C,3,K,6,S,1,C,3,Y,41,X,1,R,1,K,6,S,1,C,1,"L1:[sp=X,153] R=2,X=1,Y=102,C=3,K=6,S=1 || L2:[sp=C,3] Y=41,X=1,R=1,K=6,S=1,C=1",-inf,-inf,0,X|C,1
X,153,R,1,C,3,K,6,X,1,Y,102,S,1,C,3,S,1,K,2,R,1,C,1,Y,41,X,1,"L1:[sp=X,153] R=1,C=3,K=6,X=1,Y=102,S=1 || L2:[sp=C,3] S=1,K=2,R=1,C=1,Y=41,X=1",-517285.0,-163324000.0,1,X|C,1
X,153,R,1,X,1,Y,47,C,3,K,6,S,1,C,3,Y,26,X,1,R,1,K,1,S,1,C,1,"L1:[sp=X,153] R=1,X=1,Y=47,C=3,K=6,S=1 || L2:[sp=C,3] Y=26,X=1,R=1,K=1,S=1,C=1",-543421.0,-163323000.0,1,X|C,1
X,153,R,1,Y,47,K,4,C,3,X,1,S,1,C,3,Y,41,C,1,R,1,K,2,S,1,X,1,"L1:[sp=X,153] R=1,Y=47,K=4,C=3,X=1,S=1 || L2:[sp=C,3] Y=41,C=1,R=1,K=2,S=1,X=1",-449857.0,-163323000.0,1,X|C,1
X,153,R,1,C,3,K,6,Y,47,X,1,S,1,K,1,S,1,Y,41,R,1,C,1,X,1,K,2,"L1:[sp=X,153] R=1,C=3,K=6,Y=47,X=1,S=1 || L2:[sp=K,1] S=1,Y=41,R=1,C=1,X=1,K=2",-inf,-inf,0,X|K,1
X,153,R,1,X,173,Y,102,C,3,K,6,S,1,C,1,Y,41,X,1,R,1,K,1,S,1,C,1,"L1:[sp=X,153] R=1,X=173,Y=102,C=3,K=6,S=1 || L2:[sp=C,1] Y=41,X=1,R=1,K=1,S=1,C=1",-inf,-inf,0,X|C,1
X,153,R,3,X,1,K,34,C,3,Y,47,S,1,C,3,Y,41,C,1,R,1,K,5,S,1,X,1,"L1:[sp=X,153] R=3,X=1,K=34,C=3,Y=47,S=1 || L2:[sp=C,3] Y=41,C=1,R=1,K=5,S=1,X=1",-inf,-inf,0,X|C,1
C,153,R,3,X,1,K,6,C,3,Y,102,S,1,X,3,Y,41,X,1,R,1,K,1,S,1,C,1,"L1:[sp=C,153] R=3,X=1,K=6,C=3,Y=102,S=1 || L2:[sp=X,3] Y=41,X=1,R=1,K=1,S=1,C=1",-89048737.0,-163323000.0,1,C|X,1
X,153,R,1,C,3,S,1,Y,47,X,1,K,47,C,3,S,1,Y,41,K,2,C,1,X,1,R,1,"L1:[sp=X,153] R=1,C=3,S=1,Y=47,X=1,K=47 || L2:[sp=C,3] S=1,Y=41,K=2,C=1,X=1,R=1",-inf,-inf,0,X|C,1
X,153,R,1,X,1,K,6,C,3,Y,47,S,1,C,3,Y,41,C,1,R,1,K,5,S,1,X,1,"L1:[sp=X,153] R=1,X=1,K=6,C=3,Y=47,S=1 || L2:[sp=C,3] Y=41,C=1,R=1,K=5,S=1,X=1",-428005.0,-163324000.0,1,X|C,1
X,153,R,1,C,3,K,30,Y,3,X,1,S,1,C,3,Y,3,S,1,X,1,C,1,R,1,K,2,"L1:[sp=X,153] R=1,C=3,K=30,Y=3,X=1,S=1 || L2:[sp=C,3] Y=3,S=1,X=1,C=1,R=1,K=2",-526501.0,-163323000.0,1,X|C,1
C,153,R,1,Y,47,K,4,C,3,X,1,S,1,C,3,Y,41,C,1,R,1,K,2,S,1,X,1,"L1:[sp=C,153] R=1,Y=47,K=4,C=3,X=1,S=1 || L2:[sp=C,3] Y=41,C=1,R=1,K=2,S=1,X=1",-25191937.0,-163323000.0,1,C|C,1
Y,153,R,3,X,1,K,6,C,3,Y,21,S,1,C,3,Y,21,C,2,S,1,X,1,K,3,R,1,"L1:[sp=Y,153] R=3,X=1,K=6,C=3,Y=21,S=1 || L2:[sp=C,3] Y=21,C=2,S=1,X=1,K=3,R=1",-6127969.0,-163323000.0,1,Y|C,1
X,153,R,1,C,3,K,6,Y,47,X,92,S,1,K,6,Y,41,S,1,C,1,R,1,X,1,K,2,"L1:[sp=X,153] R=1,C=3,K=6,Y=47,X=92,S=1 || L2:[sp=K,6] Y=41,S=1,C=1,R=1,X=1,K=2",-inf,-inf,0,X|K,1
C,153,C,3,R,1,K,12,X,1,Y,47,S,1,X,3,X,1,Y,26,R,1,C,1,K,2,S,1,"L1:[sp=C,153] C=3,R=1,K=12,X=1,Y=47,S=1 || L2:[sp=X,3] X=1,Y=26,R=1,C=1,K=2,S=1",-91022401.0,-163323000.0,1,C|X,1
X,153,R,1,C,3,K,6,X,1,Y,102,S,1,C,3,C,1,K,2,R,1,S,1,Y,41,X,1,"L1:[sp=X,153] R=1,C=3,K=6,X=1,Y=102,S=1 || L2:[sp=C,3] C=1,K=2,R=1,S=1,Y=41,X=1",-517285.0,-163324000.0,1,X|C,1
Y,153,R,1,C,3,K,6,X,1,Y,94,S,1,C,3,S,1,K,2,R,1,C,1,Y,41,X,1,"L1:[sp=Y,153] R=1,C=3,K=6,X=1,Y=94,S=1 || L2:[sp=C,3] S=1,K=2,R=1,C=1,Y=41,X=1",-12150433.0,-163323000.0,1,Y|C,1
X,153,R,1,C,3,K,6,Y,52,X,1,S,1,C,3,Y,41,S,1,R,1,C,1,X,1,K,2,"L1:[sp=X,153] R=1,C=3,K=6,Y=52,X=1,S=1 || L2:[sp=C,3] Y=41,S=1,R=1,C=1,X=1,K=2",-506557.0,-163324000.0,1,X|C,1
X,153,R,3,X,1,K,6,C,3,Y,21,S,1,C,3,Y,21,C,1,S,1,X,1,K,3,R,1,"L1:[sp=X,153] R=3,X=1,K=6,C=3,Y=21,S=1 || L2:[sp=C,3] Y=21,C=1,S=1,X=1,K=3,R=1",-552685.0,-163323000.0,1,X|C,1
X,153,R,1,C,3,K,12,X,1,Y,47,S,2,C,3,X,1,Y,26,R,1,C,2,K,2,S,1,"L1:[sp=X,153] R=1,C=3,K=12,X=1,Y=47,S=2 || L2:[sp=C,3] X=1,Y=26,R=1,C=2,K=2,S=1",-2166481.0,-163324000.0,1,X|C,1
X,153,R,1,C,3,K,6,Y,47,X,1,S,1,C,3,Y,26,S,1,R,1,C,1,X,1,K,2,"L1:[sp=X,153] R=1,C=3,K=6,Y=47,X=1,S=1 || L2:[sp=C,3] Y=26,S=1,R=1,C=1,X=1,K=2",-543421.0,-163323000.0,1,X|C,1
C,153,X,1,R,1,Y,47,C,3,K,6,S,1,C,3,Y,41,X,1,R,1,K,6,S,1,C,1,"L1:[sp=C,153] X=1,R=1,Y=47,C=3,K=6,S=1 || L2:[sp=C,3] Y=41,X=1,R=1,K=6,S=1,C=1",-inf,-inf,0,C|C,1
X,153,R,1,C,3,K,12,X,1,Y,47,S,1,C,3,X,1,Y,11,R,1,C,1,K,5,S,1,"L1:[sp=X,153] R=1,C=3,K=12,X=1,Y=47,S=1 || L2:[sp=C,3] X=1,Y=11,R=1,C=1,K=5,S=1",-501049.0,-163324000.0,1,X|C,1
X,153,R,1,X,1,Y,47,C,3,K,6,S,1,C,3,Y,47,X,1,R,1,K,6,S,1,C,1,"L1:[sp=X,153] R=1,X=1,Y=47,C=3,K=6,S=1 || L2:[sp=C,3] Y=47,X=1,R=1,K=6,S=1,C=1",-inf,-inf,0,X|C,1
X,153,X,1,C,3,K,6,Y,47,R,1,S,1,C,3,Y,41,S,1,R,1,C,1,X,1,K,2,"L1:[sp=X,153] X=1,C=3,K=6,Y=47,R=1,S=1 || L2:[sp=C,3] Y=41,S=1,R=1,C=1,X=1,K=2",-448957.0,-163324000.0,1,X|C,1
X,153,R,1,Y,47,K,4,C,3,S,1,X,1,C,3,Y,23,C,1,R,1,K,2,S,1,X,1,"L1:[sp=X,153] R=1,Y=47,K=4,C=3,S=1,X=1 || L2:[sp=C,3] Y=23,C=1,R=1,K=2,S=1,X=1",-491329.0,-163323000.0,1,X|C,1
X,153,R,3,X,1,K,6,C,3,Y,21,S,2,C,3,Y,21,C,1,S,1,R,1,K,3,X,1,"L1:[sp=X,153] R=3,X=1,K=6,C=3,Y=21,S=2 || L2:[sp=C,3] Y=21,C=1,S=1,R=1,K=3,X=1",-1103433.0,-163323000.0,1,X|C,1
X,153,R,1,C,3,K,6,X,1,Y,194,S,1,C,3,S,1,K,2,R,1,C,1,Y,41,X,1,"L1:[sp=X,153] R=1,C=3,K=6,X=1,Y=194,S=1 || L2:[sp=C,3] S=1,K=2,R=1,C=1,Y=41,X=1",-inf,-inf,0,X|C,1
C,153,R,1,X,1,K,6,C,3,Y,47,S,1,C,3,Y,26,C,1,R,1,K,5,S,1,X,1,"L1:[sp=C,153] R=1,X=1,K=6,C=3,Y=47,S=1 || L2:[sp=C,3] Y=26,C=1,R=1,K=5,S=1,X=1",-29010241.0,-163323000.0,1,C|C,1
X,153,R,1,X,1,K,6,C,3,Y,47,S,1,C,3,Y,41,C,1,R,1,K,5,S,1,X,1,"L1:[sp=X,153] R=1,X=1,K=6,C=3,Y=47,S=1 || L2:[sp=C,3] Y=41,C=1,R=1,K=5,S=1,X=1",-428005.0,-163324000.0,1,X|C,1
X,153,R,1,C,3,K,6,Y,121,X,1,S,1,C,3,Y,26,S,1,R,1,C,1,X,1,K,2,"L1:[sp=X,153] R=1,C=3,K=6,Y=121,X=1,S=1 || L2:[sp=C,3] Y=26,S=1,R=1,C=1,X=1,K=2",-inf,-inf,0,X|C,1
X,153,R,1,Y,101,K,4,C,3,S,1,X,1,C,3,Y,23,C,1,S,1,K,2,R,1,X,1,"L1:[sp=X,153] R=1,Y=101,K=4,C=3,S=1,X=1 || L2:[sp=C,3] Y=23,C=1,S=1,K=2,R=1,X=1",-487873.0,-163324000.0,1,X|C,1
C,153,R,1,K,30,C,3,Y,47,X,1,S,1,X,3,Y,23,S,1,X,1,C,1,R,1,K,2,"L1:[sp=C,153] R=1,K=30,C=3,Y=47,X=1,S=1 || L2:[sp=X,3] Y=23,S=1,X=1,C=1,R=1,K=2",-82089505.0,-163323000.0,1,C|X,1
X,153,R,1,Y,188,K,4,S,1,C,3,X,1,C,3,Y,3,C,2,R,1,K,2,S,1,X,1,"L1:[sp=X,153] R=1,Y=188,K=4,S=1,C=3,X=1 || L2:[sp=C,3] Y=3,C=2,R=1,K=2,S=1,X=1",-inf,-inf,0,X|C,1
X,153,X,1,C,3,K,6,Y,47,R,1,S,1,C,3,S,1,Y,27,R,1,C,1,X,1,K,2,"L1:[sp=X,153] X=1,C=3,K=6,Y=47,R=1,S=1 || L2:[sp=C,3] S=1,Y=27,R=1,C=1,X=1,K=2",-543421.0,-163323000.0,1,X|C,1
X,153,R,1,C,3,K,12,X,8,Y,47,S,1,C,3,X,1,Y,45,R,1,C,3,K,5,S,1,"L1:[sp=X,153] R=1,C=3,K=12,X=8,Y=47,S=1 || L2:[sp=C,3] X=1,Y=45,R=1,C=3,K=5,S=1",-inf,-inf,0,X|C,1
X,153,R,1,C,3,K,62,Y,83,X,1,S,1,C,3,Y,3,S,1,X,1,C,1,R,1,K,2,"L1:[sp=X,153] R=1,C=3,K=62,Y=83,X=1,S=1 || L2:[sp=C,3] Y=3,S=1,X=1,C=1,R=1,K=2",-inf,-inf,0,X|C,1
X,153,R,1,C,3,K,6,X,1,Y,102,S,1,C,3,C,1,R,1,K,2,S,1,Y,53,X,1,"L1:[sp=X,153] R=1,C=3,K=6,X=1,Y=102,S=1 || L2:[sp=C,3] C=1,R=1,K=2,S=1,Y=53,X=1",-584101.0,-163324000.0,1,X|C,1
X,153,R,1,C,3,K,12,X,1,Y,47,S,1,C,3,S,1,Y,11,R,1,C,1,K,10,X,1,"L1:[sp=X,153] R=1,C=3,K=12,X=1,Y=47,S=1 || L2:[sp=C,3] S=1,Y=11,R=1,C=1,K=10,X=1",-501049.0,-163324000.0,1,X|C,1
X,153,R,1,C,3,K,6,X,1,Y,102,S,1,C,3,C,1,K,2,R,1,S,1,Y,42,X,1,"L1:[sp=X,153] R=1,C=3,K=6,X=1,Y=102,S=1 || L2:[sp=C,3] C=1,K=2,R=1,S=1,Y=42,X=1",-512677.0,-163324000.0,1,X|C,1
C,153,R,1,C,3,K,30,Y,3,X,1,S,1,X,3,Y,1,S,1,X,1,C,1,R,1,K,13,"L1:[sp=C,153] R=1,C=3,K=30,Y=3,X=1,S=1 || L2:[sp=X,3] Y=1,S=1,X=1,C=1,R=1,K=13",-87157729.0,-163323000.0,1,C|X,1
X,153,R,1,C,3,K,12,X,1,Y,47,S,2,C,3,X,1,Y,11,R,1,C,1,K,5,S,2,"L1:[sp=X,153] R=1,C=3,K=12,X=1,Y=47,S=2 || L2:[sp=C,3] X=1,Y=11,R=1,C=1,K=5,S=2",-667345.0,-163324000.0,1,X|C,1
X,153,R,1,C,3,K,6,X,1,Y,47,S,1,C,3,C,1,K,2,R,1,S,1,Y,28,X,1,"L1:[sp=X,153] R=1,C=3,K=6,X=1,Y=47,S=1 || L2:[sp=C,3] C=1,K=2,R=1,S=1,Y=28,X=1",-543421.0,-163323000.0,1,X|C,1
X,153,X,1,C,3,K,6,Y,102,R,1,S,2,C,3,Y,41,S,1,R,1,C,1,X,1,K,2,"L1:[sp=X,153] X=1,C=3,K=6,Y=102,R=1,S=2 || L2:[sp=C,3] Y=41,S=1,R=1,C=1,X=1,K=2",-inf,-inf,0,X|C,1
Y,153,R,1,C,3,K,12,X,1,Y,47,S,1,C,3,X,1,Y,11,R,1,C,1,K,5,S,1,"L1:[sp=Y,153] R=1,C=3,K=12,X=1,Y=47,S=1 || L2:[sp=C,3] X=1,Y=11,R=1,C=1,K=5,S=1",-5886721.0,-163323000.0,1,Y|C,1
X,153,R,1,C,3,K,6,Y,52,X,1,S,1,C,3,X,1,S,1,R,1,C,1,Y,44,K,2,"L1:[sp=X,153] R=1,C=3,K=6,Y=52,X=1,S=1 || L2:[sp=C,3] X=1,S=1,R=1,C=1,Y=44,K=2",-499645.0,-163324000.0,1,X|C,1
C,153,R,1,C,3,K,6,Y,52,X,1,S,1,C,3,Y,27,S,1,R,1,C,1,X,1,K,2,"L1:[sp=C,153] R=1,C=3,K=6,Y=52,X=1,S=1 || L2:[sp=C,3] Y=27,S=1,R=1,C=1,X=1,K=2",-30173473.0,-163323000.0,1,C|C,1
X,153,R,3,Y,47,K,4,C,3,S,1,X,1,C,3,Y,1,C,1,R,1,X,1,S,1,K,2,"L1:[sp=X,153] R=3,Y=47,K=4,C=3,S=1,X=1 || L2:[sp=C,3] Y=1,C=1,R=1,X=1,S=1,K=2",-535489.0,-163323000.0,1,X|C,1
Y,153,C,3,X,1,K,6,R,1,Y,47,S,1,C,3,Y,41,C,1,R,1,K,5,S,1,X,1,"L1:[sp=Y,153] C=3,X=1,K=6,R=1,Y=47,S=1 || L2:[sp=C,3] Y=41,C=1,R=1,K=5,S=1,X=1",-5802049.0,-163324000.0,1,Y|C,1
Y,153,R,1,C,3,K,30,Y,3,X,1,S,1,C,3,Y,3,S,1,X,1,C,1,R,1,K,2,"L1:[sp=Y,153] R=1,C=3,K=30,Y=3,X=1,S=1 || L2:[sp=C,3] Y=3,S=1,X=1,C=1,R=1,K=2",-786241.0,-163323000.0,1,Y|C,1
X,153,R,1,X,1,K,6,C,3,Y,47,S,1,C,3,Y,41,C,1,R,1,K,5,S,1,X,1,"L1:[sp=X,153] R=1,X=1,K=6,C=3,Y=47,S=1 || L2:[sp=C,3] Y=41,C=1,R=1,K=5,S=1,X=1",-428005.0,-163324000.0,1,X|C,1
X,153,R,1,X,1,K,6,C,3,Y,47,S,1,C,3,Y,41,C,1,R,1,K,5,S,1,X,1,"L1:[sp=X,153] R=1,X=1,K=6,C=3,Y=47,S=1 || L2:[sp=C,3] Y=41,C=1,R=1,K=5,S=1,X=1",-428005.0,-163324000.0,1,X|C,1
X,153,R,1,C,3,K,23,X,1,Y,47,S,1,C,3,C,1,K,2,R,1,S,1,Y,28,X,1,"L1:[sp=X,153] R=1,C=3,K=23,X=1,Y=47,S=1 || L2:[sp=C,3] C=1,K=2,R=1,S=1,Y=28,X=1",-inf,-inf,0,X|C,1
X,153,X,1,C,3,K,6,Y,47,R,1,S,1,K,6,S,1,Y,28,R,1,C,1,X,1,K,2,"L1:[sp=X,153] X=1,C=3,K=6,Y=47,R=1,S=1 || L2:[sp=K,6] S=1,Y=28,R=1,C=1,X=1,K=2",-1120681.0,-163323000.0,1,X|K,1
X,153,R,2,Y,101,K,4,C,3,S,1,X,186,C,3,Y,23,C,1,S,1,K,2,R,1,X,1,"L1:[sp=X,153] R=2,Y=101,K=4,C=3,S=1,X=186 || L2:[sp=C,3] Y=23,C=1,S=1,K=2,R=1,X=1",-inf,-inf,0,X|C,1
X,153,R,1,Y,101,X,1,C,3,S,1,K,4,C,3,Y,23,C,1,S,1,K,2,R,1,X,1,"L1:[sp=X,153] R=1,Y=101,X=1,C=3,S=1,K=4 || L2:[sp=C,3] Y=23,C=1,S=1,K=2,R=1,X=1",-487873.0,-163324000.0,1,X|C,1
X,153,R,1,C,3,K,38,X,46,Y,102,S,1,C,3,C,2,K,2,R,1,S,1,Y,42,X,1,"L1:[sp=X,153] R=1,C=3,K=38,X=46,Y=102,S=1 || L2:[sp=C,3] C=2,K=2,R=1,S=1,Y=42,X=1",-inf,-inf,0,X|C,1
X,153,R,1,X,1,K,6,C,3,Y,101,S,1,C,3,Y,23,C,1,R,1,K,5,S,1,X,1,"L1:[sp=X,153] R=1,X=1,K=6,C=3,Y=101,S=1 || L2:[sp=C,3] Y=23,C=1,R=1,K=5,S=1,X=1",-464545.0,-163324000.0,1,X|C,1
X,153,R,1,Y,30,K,4,C,3,S,1,X,1,C,3,Y,30,C,1,S,1,K,2,R,1,X,1,"L1:[sp=X,153] R=1,Y=30,K=4,C=3,S=1,X=1 || L2:[sp=C,3] Y=30,C=1,S=1,K=2,R=1,X=1",-557569.0,-163323000.0,1,X|C,1
X,153,R,1,Y,207,K,4,C,3,S,1,X,1,C,3,Y,42,C,1,S,1,K,2,R,1,X,1,"L1:[sp=X,153] R=1,Y=207,K=4,C=3,S=1,X=1 || L2:[sp=C,3] Y=42,C=1,S=1,K=2,R=1,X=1",-inf,-inf,0,X|C,1
X,153,R,1,C,3,K,6,X,1,Y,101,S,1,C,3,C,1,K,2,R,1,S,1,Y,1,X,1,"L1:[sp=X,153] R=1,C=3,K=6,X=1,Y=101,S=1 || L2:[sp=C,3] C=1,K=2,R=1,S=1,Y=1,X=1",-517285.0,-163324000.0,1,X|C,1
X,153,R,1,C,3,K,6,X,1,Y,52,S,1,C,3,C,1,K,2,S,1,R,1,Y,44,X,1,"L1:[sp=X,153] R=1,C=3,K=6,X=1,Y=52,S=1 || L2:[sp=C,3] C=1,K=2,S=1,R=1,Y=44,X=1",-499645.0,-163324000.0,1,X|C,1
X,153,S,1,C,3,K,6,Y,47,X,1,R,1,C,3,X,1,S,1,R,1,Y,28,C,1,K,2,"L1:[sp=X,153] S=1,C=3,K=6,Y=47,X=1,R=1 || L2:[sp=C,3] X=1,S=1,R=1,Y=28,C=1,K=2",-543421.0,-163323000.0,1,X|C,1
X,153,R,1,X,1,K,6,C,3,Y,47,S,1,C,3,Y,41,C,1,R,1,K,5,S,1,X,1,"L1:[sp=X,153] R=1,X=1,K=6,C=3,Y=47,S=1 || L2:[sp=C,3] Y=41,C=1,R=1,K=5,S=1,X=1",-428005.0,-163324000.0,1,X|C,1
Y,153,R,1,C,3,K,6,X,1,Y,102,S,3,C,3,C,1,K,2,R,1,S,1,Y,42,X,1,"L1:[sp=Y,153] R=1,C=3,K=6,X=1,Y=102,S=3 || L2:[sp=C,3] C=1,K=2,R=1,S=1,Y=42,X=1",-39136159.0,-163323000.0,1,Y|C,1
X,153,R,1,X,1,K,6,C,3,Y,5,S,1,C,3,Y,5,C,1,R,1,K,5,S,1,X,1,"L1:[sp=X,153] R=1,X=1,K=6,C=3,Y=5,S=1 || L2:[sp=C,3] Y=5,C=1,R=1,K=5,S=1,X=1",-511921.0,-163323000.0,1,X|C,1
C,153,R,1,C,2,K,6,X,1,Y,47,S,1,X,3,C,1,K,2,R,1,S,1,Y,26,X,1,"L1:[sp=C,153] R=1,C=2,K=6,X=1,Y=47,S=1 || L2:[sp=X,3] C=1,K=2,R=1,S=1,Y=26,X=1",-60752161.0,-163323000.0,1,C|X,1
C,153,X,1,C,3,K,21,Y,47,R,1,S,1,X,3,S,1,Y,27,R,1,C,1,X,1,K,2,"L1:[sp=C,153] X=1,C=3,K=21,Y=47,R=1,S=1 || L2:[sp=X,3] S=1,Y=27,R=1,C=1,X=1,K=2",-91002241.0,-163323000.0,1,C|X,1
X,153,R,1,C,3,K,12,X,1,Y,47,S,1,C,3,S,1,Y,11,R,1,C,2,K,10,X,1,"L1:[sp=X,153] R=1,C=3,K=12,X=1,Y=47,S=1 || L2:[sp=C,3] S=1,Y=11,R=1,C=2,K=10,X=1",-1001017.0,-163324000.0,1,X|C,1
X,153,R,1,X,1,K,6,C,3,Y,47,S,1,C,3,Y,41,C,1,R,1,K,5,S,1,X,1,"L1:[sp=X,153] R=1,X=1,K=6,C=3,Y=47,S=1 || L2:[sp=C,3] Y=41,C=1,R=1,K=5,S=1,X=1",-428005.0,-163324000.0,1,X|C,1
X,153,R,1,C,3,K,6,X,70,Y,102,S,1,C,3,C,1,K,2,R,1,S,1,Y,42,X,1,"L1:[sp=X,153] R=1,C=3,K=6,X=70,Y=102,S=1 || L2:[sp=C,3] C=1,K=2,R=1,S=1,Y=42,X=1",-inf,-inf,0,X|C,1
X,153,R,1,X,1,K,6,C,3,Y,47,S,1,C,3,Y,41,C,1,R,1,K,5,S,1,X,1,"L1:[sp=X,153] R=1,X=1,K=6,C=3,Y=47,S=1 || L2:[sp=C,3] Y=41,C=1,R=1,K=5,S=1,X=1",-428005.0,-163324000.0,1,X|C,1
X,153,R,1,Y,101,X,1,C,3,S,1,K,4,C,3,Y,23,C,1,S,1,K,4,R,1,X,1,"L1:[sp=X,153] R=1,Y=101,X=1,C=3,S=1,K=4 || L2:[sp=C,3] Y=23,C=1,S=1,K=4,R=1,X=1",-487873.0,-163324000.0,1,X|C,1
X,153,R,1,Y,30,K,4,C,3,S,1,X,1,C,3,K,2,X,1,S,1,Y,30,R,1,C,1,"L1:[sp=X,153] R=1,Y=30,K=4,C=3,S=1,X=1 || L2:[sp=C,3] K=2,X=1,S=1,Y=30,R=1,C=1",-557569.0,-163323000.0,1,X|C,1
K,153,S,1,C,3,K,6,Y,15,X,1,R,1,C,3,S,1,X,1,R,1,Y,15,C,1,K,2,"L1:[sp=K,153] S=1,C=3,K=6,Y=15,X=1,R=1 || L2:[sp=C,3] S=1,X=1,R=1,Y=15,C=1,K=2",-2751841.0,-163323000.0,1,K|C,1
X,153,R,1,C,3,K,6,X,1,Y,101,S,1,C,3,C,1,K,2,R,1,S,1,Y,1,X,1,"L1:[sp=X,153] R=1,C=3,K=6,X=1,Y=101,S=1 || L2:[sp=C,3] C=1,K=2,R=1,S=1,Y=1,X=1",-517285.0,-163324000.0,1,X|C,1
X,153,R,1,X,1,K,6,C,3,Y,47,S,1,C,3,Y,41,C,1,R,1,K,5,S,1,X,1,"L1:[sp=X,153] R=1,X=1,K=6,C=3,Y=47,S=1 || L2:[sp=C,3] Y=41,C=1,R=1,K=5,S=1,X=1",-428005.0,-163324000.0,1,X|C,1
X,153,R,1,X,1,K,6,C,3,Y,5,S,1,C,3,Y,5,C,1,R,1,K,5,S,1,X,1,"L1:[sp=X,153] R=1,X=1,K=6,C=3,Y=5,S=1 || L2:[sp=C,3] Y=5,C=1,R=1,K=5,S=1,X=1",-511921.0,-163323000.0,1,X|C,1
K,153,R,1,X,1,K,6,C,3,Y,101,S,1,X,3,Y,23,C,1,R,1,K,5,S,1,X,1,"L1:[sp=K,153] R=1,X=1,K=6,C=3,Y=101,S=1 || L2:[sp=X,3] Y=23,C=1,R=1,K=5,S=1,X=1",-7662817.0,-163323000.0,1,K|X,1
X,153,R,1,X,1,K,53,C,3,Y,47,S,1,C,3,Y,41,C,1,R,1,K,2,S,1,X,1,"L1:[sp=X,153] R=1,X=1,K=53,C=3,Y=47,S=1 || L2:[sp=C,3] Y=41,C=1,R=1,K=2,S=1,X=1",-inf,-inf,0,X|C,1
X,153,R,1,Y,101,X,1,C,3,S,1,K,4,C,3,Y,23,C,1,S,1,K,2,R,1,X,1,"L1:[sp=X,153] R=1,Y=101,X=1,C=3,S=1,K=4 || L2:[sp=C,3] Y=23,C=1,S=1,K=2,R=1,X=1",-487873.0,-163324000.0,1,X|C,1
X,153,R,1,X,1,K,6,C,3,Y,101,S,1,C,3,Y,23,C,1,R,1,K,5,S,1,X,1,"L1:[sp=X,153] R=1,X=1,K=6,C=3,Y=101,S=1 || L2:[sp=C,3] Y=23,C=1,R=1,K=5,S=1,X=1",-464545.0,-163324000.0,1,X|C,1
X,153,R,1,Y,108,K,4,C,3,S,1,X,1,C,3,Y,30,C,1,S,1,K,2,R,1,X,1,"L1:[sp=X,153] R=1,Y=108,K=4,C=3,S=1,X=1 || L2:[sp=C,3] Y=30,C=1,S=1,K=2,R=1,X=1",-540865.0,-163324000.0,1,X|C,1
X,153,C,3,X,198,K,6,R,1,Y,101,S,1,C,3,Y,23,C,1,R,1,K,5,S,1,X,1,"L1:[sp=X,153] C=3,X=198,K=6,R=1,Y=101,S=1 || L2:[sp=C,3] Y=23,C=1,R=1,K=5,S=1,X=1",-inf,-inf,0,X|C,1
X,153,R,1,Y,52,K,6,X,1,C,3,S,1,C,3,C,1,K,4,S,1,R,1,Y,44,X,1,"L1:[sp=X,153] R=1,Y=52,K=6,X=1,C=3,S=1 || L2:[sp=C,3] C=1,K=4,S=1,R=1,Y=44,X=1",-499645.0,-163324000.0,1,X|C,1
Y,153,Y,30,R,1,K,4,C,3,S,1,X,1,X,1,Y,30,C,1,S,1,K,2,R,1,X,1,"L1:[sp=Y,153] Y=30,R=1,K=4,C=3,S=1,X=1 || L2:[sp=X,1] Y=30,C=1,S=1,K=2,R=1,X=1",-11644417.0,-163323000.0,1,Y|X,1
X,153,R,1,X,1,K,6,C,3,Y,101,S,1,Y,101,Y,23,C,1,R,1,K,5,S,1,X,1,"L1:[sp=X,153] R=1,X=1,K=6,C=3,Y=101,S=1 || L2:[sp=Y,101] Y=23,C=1,R=1,K=5,S=1,X=1",-25522561.0,-163323000.0,1,X|Y,1
C,153,R,1,Y,40,X,52,C,3,S,3,K,4,X,3,Y,23,C,1,R,1,K,2,S,1,X,1,"L1:[sp=C,153] R=1,Y=40,X=52,C=3,S=3,K=4 || L2:[sp=X,3] Y=23,C=1,R=1,K=2,S=1,X=1",-32349601.0,-163323000.0,1,C|X,1
X,153,R,1,X,1,K,6,C,3,Y,101,S,1,C,1,Y,23,C,1,R,1,K,5,S,1,X,1,"L1:[sp=X,153] R=1,X=1,K=6,C=3,Y=101,S=1 || L2:[sp=C,1] Y=23,C=1,R=1,K=5,S=1,X=1",-inf,-inf,0,X|C,1
X,153,S,1,C,3,K,6,Y,47,X,1,R,2,K,3,X,1,S,1,R,1,Y,28,C,1,K,2,"L1:[sp=X,153] S=1,C=3,K=6,Y=47,X=1,R=2 || L2:[sp=K,3] X=1,S=1,R=1,Y=28,C=1,K=2",-571561.0,-163323000.0,1,X|K,1
X,153,R,1,X,1,K,6,C,3,Y,47,S,1,C,3,Y,41,C,1,R,1,K,5,S,1,X,1,"L1:[sp=X,153] R=1,X=1,K=6,C=3,Y=47,S=1 || L2:[sp=C,3] Y=41,C=1,R=1,K=5,S=1,X=1",-428005.0,-163324000.0,1,X|C,1
X,153,R,1,X,1,K,6,C,3,Y,47,S,1,C,3,Y,41,C,1,R,1,K,5,S,1,X,1,"L1:[sp=X,153] R=1,X=1,K=6,C=3,Y=47,S=1 || L2:[sp=C,3] Y=41,C=1,R=1,K=5,S=1,X=1",-428005.0,-163324000.0,1,X|C,1
X,153,R,1,Y,101,X,1,C,3,S,1,K,4,C,1,Y,23,X,1,S,1,K,2,R,1,C,1,"L1:[sp=X,153] R=1,Y=101,X=1,C=3,S=1,K=4 || L2:[sp=C,1] Y=23,X=1,S=1,K=2,R=1,C=1",-inf,-inf,0,X|C,1
X,153,R,1,X,1,C,3,K,6,Y,47,S,1,C,3,C,1,Y,41,S,1,K,5,R,1,X,1,"L1:[sp=X,153] R=1,X=1,C=3,K=6,Y=47,S=1 || L2:[sp=C,3] C=1,Y=41,S=1,K=5,R=1,X=1",-428005.0,-163324000.0,1,X|C,1
X,153,R,1,C,3,K,6,X,1,Y,101,S,1,C,3,X,1,K,2,R,1,S,1,Y,1,C,1,"L1:[sp=X,153] R=1,C=3,K=6,X=1,Y=101,S=1 || L2:[sp=C,3] X=1,K=2,R=1,S=1,Y=1,C=1",-517285.0,-163324000.0,1,X|C,1
X,153,R,1,C,3,K,6,X,1,Y,101,S,1,C,3,C,1,K,2,R,1,S,1,Y,1,X,1,"L1:[sp=X,153] R=1,C=3,K=6,X=1,Y=101,S=1 || L2:[sp=C,3] C=1,K=2,R=1,S=1,Y=1,X=1",-517285.0,-163324000.0,1,X|C,1
X,153,R,1,X,1,K,6,C,3,Y,47,S,1,C,3,Y,41,C,1,R,1,K,5,S,1,X,1,"L1:[sp=X,153] R=1,X=1,K=6,C=3,Y=47,S=1 || L2:[sp=C,3] Y=41,C=1,R=1,K=5,S=1,X=1",-428005.0,-163324000.0,1,X|C,1
X,153,R,1,X,1,K,6,C,3,Y,101,S,1,C,3,Y,23,C,1,R,1,K,5,S,1,X,1,"L1:[sp=X,153] R=1,X=1,K=6,C=3,Y=101,S=1 || L2:[sp=C,3] Y=23,C=1,R=1,K=5,S=1,X=1",-464545.0,-163324000.0,1,X|C,1
X,153,R,1,Y,101,X,1,C,3,S,1,K,4,X,1,Y,23,C,1,S,1,K,4,R,1,X,1,"L1:[sp=X,153] R=1,Y=101,X=1,C=3,S=1,K=4 || L2:[sp=X,1] Y=23,C=1,S=1,K=4,R=1,X=1",-inf,-inf,0,X|X,1
C,153,R,1,Y,52,K,6,X,1,C,3,S,1,X,3,C,1,K,4,S,1,R,1,Y,44,X,1,"L1:[sp=C,153] R=1,Y=52,K=6,X=1,C=3,S=1 || L2:[sp=X,3] C=1,K=4,S=1,R=1,Y=44,X=1",-83718433.0,-163323000.0,1,C|X,1
X,153,R,1,Y,101,X,1,C,3,S,1,K,4,C,3,Y,23,C,1,S,1,K,2,R,1,X,1,"L1:[sp=X,153] R=1,Y=101,X=1,C=3,S=1,K=4 || L2:[sp=C,3] Y=23,C=1,S=1,K=2,R=1,X=1",-487873.0,-163324000.0,1,X|C,1
X,153,R,1,Y,108,K,2,C,3,S,1,X,1,C,3,Y,30,C,1,S,1,K,2,R,1,X,1,"L1:[sp=X,153] R=1,Y=108,K=2,C=3,S=1,X=1 || L2:[sp=C,3] Y=30,C=1,S=1,K=2,R=1,X=1",-542593.0,-163324000.0,1,X|C,1
X,153,R,3,Y,101,X,1,C,3,S,1,K,4,C,3,Y,23,C,1,S,1,K,4,R,1,X,1,"L1:[sp=X,153] R=3,Y=101,X=1,C=3,S=1,K=4 || L2:[sp=C,3] Y=23,C=1,S=1,K=4,R=1,X=1",-500545.0,-163324000.0,1,X|C,1
X,153,R,1,Y,101,K,6,X,1,C,1,S,1,C,3,C,1,K,4,S,1,R,1,Y,23,X,1,"L1:[sp=X,153] R=1,Y=101,K=6,X=1,C=1,S=1 || L2:[sp=C,3] C=1,K=4,S=1,R=1,Y=23,X=1",-1461997.0,-163324000.0,1,X|C,1
X,153,R,1,Y,52,X,1,K,4,S,1,C,3,C,3,Y,52,C,1,S,1,K,4,R,1,X,1,"L1:[sp=X,153] R=1,Y=52,X=1,K=4,S=1,C=3 || L2:[sp=C,3] Y=52,C=1,S=1,K=4,R=1,X=1",-inf,-inf,0,X|C,1
X,153,R,1,X,1,K,6,C,3,Y,101,S,3,C,3,Y,23,C,1,R,1,K,5,S,3,X,1,"L1:[sp=X,153] R=1,X=1,K=6,C=3,Y=101,S=3 || L2:[sp=C,3] Y=23,C=1,R=1,K=5,S=3,X=1",-inf,-inf,0,X|C,1
X,153,X,1,Y,52,K,6,R,1,C,2,S,1,C,3,C,1,K,4,S,1,R,1,Y,44,X,1,"L1:[sp=X,153] X=1,Y=52,K=6,R=1,C=2,S=1 || L2:[sp=C,3] C=1,K=4,S=1,R=1,Y=44,X=1",-999289.0,-163324000.0,1,X|C,1
K,153,R,1,X,1,K,64,C,3,Y,104,S,1,C,3,Y,41,C,1,R,1,K,5,S,1,X,1,"L1:[sp=K,153] R=1,X=1,K=64,C=3,Y=104,S=1 || L2:[sp=C,3] Y=41,C=1,R=1,K=5,S=1,X=1",-29681569.0,-163324000.0,1,K|C,1
X,153,R,1,Y,171,X,1,C,3,S,1,K,4,C,3,Y,23,C,1,S,1,K,2,R,1,X,1,"L1:[sp=X,153] R=1,Y=171,X=1,C=3,S=1,K=4 || L2:[sp=C,3] Y=23,C=1,S=1,K=2,R=1,X=1",-inf,-inf,0,X|C,1
X,153,R,1,X,1,K,6,C,3,Y,47,S,1,C,3,Y,41,C,1,R,1,K,5,S,1,X,1,"L1:[sp=X,153] R=1,X=1,K=6,C=3,Y=47,S=1 || L2:[sp=C,3] Y=41,C=1,R=1,K=5,S=1,X=1",-428005.0,-163324000.0,1,X|C,1
C,153,R,1,Y,101,K,6,X,1,C,3,S,1,X,3,C,1,K,2,R,1,S,1,Y,1,X,1,"L1:[sp=C,153] R=1,Y=101,K=6,X=1,C=3,S=1 || L2:[sp=X,3] C=1,K=2,R=1,S=1,Y=1,X=1",-86770657.0,-163323000.0,1,C|X,1
X,153,R,1,X,1,Y,101,C,3,S,1,K,59,C,3,Y,75,C,1,S,1,K,2,R,1,X,1,"L1:[sp=X,153] R=1,X=1,Y=101,C=3,S=1,K=59 || L2:[sp=C,3] Y=75,C=1,S=1,K=2,R=1,X=1",-inf,-inf,0,X|C,1
X,153,R,1,Y,101,X,1,C,2,S,1,K,51,C,3,Y,23,C,1,S,1,K,2,R,1,X,1,"L1:[sp=X,153] R=1,Y=101,X=1,C=2,S=1,K=51 || L2:[sp=C,3] Y=23,C=1,S=1,K=2,R=1,X=1",-inf,-inf,0,X|C,1
X,153,R,3,Y,101,X,1,C,3,S,1,K,4,C,3,Y,23,C,1,S,1,K,4,R,1,X,1,"L1:[sp=X,153] R=3,Y=101,X=1,C=3,S=1,K=4 || L2:[sp=C,3] Y=23,C=1,S=1,K=4,R=1,X=1",-500545.0,-163324000.0,1,X|C,1
X,153,R,1,X,1,C,3,K,6,Y,47,S,1,C,3,C,1,Y,41,S,1,K,5,R,1,X,1,"L1:[sp=X,153] R=1,X=1,C=3,K=6,Y=47,S=1 || L2:[sp=C,3] C=1,Y=41,S=1,K=5,R=1,X=1",-428005.0,-163324000.0,1,X|C,1
X,153,C,2,X,181,K,6,R,1,Y,101,S,1,C,3,Y,23,C,1,R,1,K,5,S,1,X,1,"L1:[sp=X,153] C=2,X=181,K=6,R=1,Y=101,S=1 || L2:[sp=C,3] Y=23,C=1,R=1,K=5,S=1,X=1",-inf,-inf,0,X|C,1
X,153,R,1,X,1,K,3,C,3,Y,47,S,1,C,3,Y,41,C,1,R,1,K,3,S,1,X,1,"L1:[sp=X,153] R=1,X=1,K=3,C=3,Y=47,S=1 || L2:[sp=C,3] Y=41,C=1,R=1,K=3,S=1,X=1",-464905.0,-163324000.0,1,X|C,1
X,153,R,1,X,188,C,3,K,6,Y,47,S,1,C,3,C,3,Y,41,S,1,K,5,R,1,X,1,"L1:[sp=X,153] R=1,X=188,C=3,K=6,Y=47,S=1 || L2:[sp=C,3] C=3,Y=41,S=1,K=5,R=1,X=1",-inf,-inf,0,X|C,1
X,153,R,1,X,1,C,3,K,6,Y,47,S,1,C,3,C,1,Y,41,S,1,K,4,R,1,X,1,"L1:[sp=X,153] R=1,X=1,C=3,K=6,Y=47,S=1 || L2:[sp=C,3] C=1,Y=41,S=1,K=4,R=1,X=1",-448957.0,-163324000.0,1,X|C,1
X,153,R,1,C,3,K,6,X,202,Y,101,S,1,C,3,Y,58,K,2,R,1,S,1,X,1,C,1,"L1:[sp=X,153] R=1,C=3,K=6,X=202,Y=101,S=1 || L2:[sp=C,3] Y=58,K=2,R=1,S=1,X=1,C=1",-inf,-inf,0,X|C,1
X,153,R,3,C,3,K,6,X,1,Y,101,S,1,X,1,Y,23,C,1,K,5,R,1,S,1,X,1,"L1:[sp=X,153] R=3,C=3,K=6,X=1,Y=101,S=1 || L2:[sp=X,1] Y=23,C=1,K=5,R=1,S=1,X=1",-inf,-inf,0,X|X,1
C,153,R,1,Y,47,X,1,C,3,S,1,K,4,X,3,Y,41,C,1,S,1,K,4,R,1,X,1,"L1:[sp=C,153] R=1,Y=47,X=1,C=3,S=1,K=4 || L2:[sp=X,3] Y=41,C=1,S=1,K=4,R=1,X=1",-75253249.0,-163323000.0,1,C|X,1
X,153,R,1,C,3,K,6,X,1,Y,47,S,1,C,3,Y,41,C,1,R,1,K,4,S,1,X,1,"L1:[sp=X,153] R=1,C=3,K=6,X=1,Y=47,S=1 || L2:[sp=C,3] Y=41,C=1,R=1,K=4,S=1,X=1",-448957.0,-163324000.0,1,X|C,1
X,153,R,3,Y,57,X,1,C,3,K,4,S,1,C,3,R,1,C,1,S,1,K,4,Y,23,X,1,"L1:[sp=X,153] R=3,Y=57,X=1,C=3,K=4,S=1 || L2:[sp=C,3] R=1,C=1,S=1,K=4,Y=23,X=1",-544513.0,-163323000.0,1,X|C,1
X,153,R,1,C,2,K,6,X,1,Y,101,S,1,C,3,C,1,K,2,R,1,S,1,Y,1,X,1,"L1:[sp=X,153] R=1,C=2,K=6,X=1,Y=101,S=1 || L2:[sp=C,3] C=1,K=2,R=1,S=1,Y=1,X=1",-1034569.0,-163324000.0,1,X|C,1
X,153,R,1,X,1,C,3,K,6,Y,47,S,1,C,3,C,1,Y,41,S,1,K,5,R,1,X,1,"L1:[sp=X,153] R=1,X=1,C=3,K=6,Y=47,S=1 || L2:[sp=C,3] C=1,Y=41,S=1,K=5,R=1,X=1",-428005.0,-163324000.0,1,X|C,1
X,153,R,1,S,2,X,116,C,3,Y,101,K,4,C,3,Y,23,C,1,S,1,K,4,R,1,X,1,"L1:[sp=X,153] R=1,S=2,X=116,C=3,Y=101,K=4 || L2:[sp=C,3] Y=23,C=1,S=1,K=4,R=1,X=1",-inf,-inf,0,X|C,1
X,153,R,1,X,1,K,6,C,3,Y,47,S,1,C,3,Y,41,C,1,R,1,K,5,S,1,X,1,"L1:[sp=X,153] R=1,X=1,K=6,C=3,Y=47,S=1 || L2:[sp=C,3] Y=41,C=1,R=1,K=5,S=1,X=1",-428005.0,-163324000.0,1,X|C,1
X,153,R,3,C,3,K,6,X,193,Y,101,S,1,C,3,C,1,K,2,R,1,S,1,Y,23,X,1,"L1:[sp=X,153] R=3,C=3,K=6,X=193,Y=101,S=1 || L2:[sp=C,3] C=1,K=2,R=1,S=1,Y=23,X=1",-inf,-inf,0,X|C,1
X,153,R,1,Y,101,X,1,C,2,S,1,K,4,C,3,Y,1,C,1,S,1,K,4,R,1,X,1,"L1:[sp=X,153] R=1,Y=101,X=1,C=2,S=1,K=4 || L2:[sp=C,3] Y=1,C=1,S=1,K=4,R=1,X=1",-1035649.0,-163323000.0,1,X|C,1
X,153,R,3,Y,57,X,1,C,3,K,4,S,1,C,3,R,1,C,1,S,1,K,4,Y,23,X,1,"L1:[sp=X,153] R=3,Y=57,X=1,C=3,K=4,S=1 || L2:[sp=C,3] R=1,C=1,S=1,K=4,Y=23,X=1",-544513.0,-163323000.0,1,X|C,1
X,153,C,3,X,1,K,6,R,1,Y,47,S,1,C,3,Y,29,C,1,R,1,K,5,S,1,X,1,"L1:[sp=X,153] C=3,X=1,K=6,R=1,Y=47,S=1 || L2:[sp=C,3] Y=29,C=1,R=1,K=5,S=1,X=1",-518041.0,-163324000.0,1,X|C,1
C,153,R,1,X,1,K,6,C,3,Y,154,S,1,C,3,Y,41,C,1,R,1,K,5,S,1,X,1,"L1:[sp=C,153] R=1,X=1,K=6,C=3,Y=154,S=1 || L2:[sp=C,3] Y=41,C=1,R=1,K=5,S=1,X=1",-27836929.0,-163324000.0,1,C|C,1
X,153,R,1,X,1,K,3,C,3,Y,47,S,1,X,1,Y,41,C,1,R,1,K,3,S,1,X,1,"L1:[sp=X,153] R=1,X=1,K=3,C=3,Y=47,S=1 || L2:[sp=X,1] Y=41,C=1,R=1,K=3,S=1,X=1",-693397.0,-163324000.0,1,X|X,1
X,153,R,1,X,1,C,3,K,6,Y,47,S,2,C,3,C,1,Y,41,S,1,K,4,R,1,X,1,"L1:[sp=X,153] R=1,X=1,C=3,K=6,Y=47,S=2 || L2:[sp=C,3] C=1,Y=41,S=1,K=4,R=1,X=1",-895273.0,-163324000.0,1,X|C,1
X,153,R,1,X,1,C,3,K,6,Y,47,S,1,C,3,C,1,Y,41,X,1,K,5,R,1,S,1,"L1:[sp=X,153] R=1,X=1,C=3,K=6,Y=47,S=1 || L2:[sp=C,3] C=1,Y=41,X=1,K=5,R=1,S=1",-428005.0,-163324000.0,1,X|C,1
X,153,R,3,Y,199,K,6,X,1,C,3,S,1,Y,168,Y,41,C,1,K,4,R,1,S,1,X,1,"L1:[sp=X,153] R=3,Y=199,K=6,X=1,C=3,S=1 || L2:[sp=Y,168] Y=41,C=1,K=4,R=1,S=1,X=1",-31754689.0,-163323000.0,1,X|Y,1
K,153,R,1,X,1,C,3,K,6,Y,47,S,1,X,6,K,5,Y,41,S,1,C,1,R,1,X,1,"L1:[sp=K,153] R=1,X=1,C=3,K=6,Y=47,S=1 || L2:[sp=X,6] K=5,Y=41,S=1,C=1,R=1,X=1",-7049953.0,-163324000.0,1,K|X,1
X,153,R,1,X,1,C,3,K,6,Y,47,S,1,C,3,C,1,Y,35,S,1,K,5,R,1,X,1,"L1:[sp=X,153] R=1,X=1,C=3,K=6,Y=47,S=1 || L2:[sp=C,3] C=1,Y=35,S=1,K=5,R=1,X=1",-518041.0,-163324000.0,1,X|C,1
X,153,R,1,X,1,K,3,C,3,Y,47,S,1,C,3,Y,41,C,1,R,1,K,3,S,1,X,1,"L1:[sp=X,153] R=1,X=1,K=3,C=3,Y=47,S=1 || L2:[sp=C,3] Y=41,C=1,R=1,K=3,S=1,X=1",-464905.0,-163324000.0,1,X|C,1
X,153,R,3,S,1,X,1,C,3,K,4,Y,173,C,3,R,1,C,1,S,1,K,4,Y,23,X,1,"L1:[sp=X,153] R=3,S=1,X=1,C=3,K=4,Y=173 || L2:[sp=C,3] R=1,C=1,S=1,K=4,Y=23,X=1",-inf,-inf,0,X|C,1
X,153,R,1,X,1,C,3,K,6,Y,47,S,1,C,3,C,1,Y,41,S,1,K,1,R,1,X,1,"L1:[sp=X,153] R=1,X=1,C=3,K=6,Y=47,S=1 || L2:[sp=C,3] C=1,Y=41,S=1,K=1,R=1,X=1",-448957.0,-163323000.0,1,X|C,1
X,153,R,3,Y,57,X,1,C,3,K,9,S,1,C,3,R,3,C,1,S,1,K,4,Y,23,X,1,"L1:[sp=X,153] R=3,Y=57,X=1,C=3,K=9,S=1 || L2:[sp=C,3] R=3,C=1,S=1,K=4,Y=23,X=1",-525697.0,-163324000.0,1,X|C,1
X,153,R,1,X,1,C,3,K,6,Y,47,S,1,C,3,C,1,Y,41,S,1,K,5,R,1,X,1,"L1:[sp=X,153] R=1,X=1,C=3,K=6,Y=47,S=1 || L2:[sp=C,3] C=1,Y=41,S=1,K=5,R=1,X=1",-428005.0,-163324000.0,1,X|C,1
C,153,R,1,C,2,K,6,X,1,Y,47,S,1,C,3,C,1,K,2,R,1,S,1,Y,41,X,1,"L1:[sp=C,153] R=1,C=2,K=6,X=1,Y=47,S=1 || L2:[sp=C,3] C=1,K=2,R=1,S=1,Y=41,X=1",-25141537.0,-163323000.0,1,C|C,1
X,153,R,1,X,1,K,6,C,3,Y,47,S,1,C,3,Y,41,C,1,R,1,K,5,S,1,X,1,"L1:[sp=X,153] R=1,X=1,K=6,C=3,Y=47,S=1 || L2:[sp=C,3] Y=41,C=1,R=1,K=5,S=1,X=1",-428005.0,-163324000.0,1,X|C,1
C,153,R,1,X,19,C,3,K,6,Y,47,S,1,C,3,C,1,Y,41,S,1,K,1,R,1,X,1,"L1:[sp=C,153] R=1,X=19,C=3,K=6,Y=47,S=1 || L2:[sp=C,3] C=1,Y=41,S=1,K=1,R=1,X=1",-25036597.0,-163323000.0,1,C|C,1
X,153,X,1,R,1,K,3,C,3,Y,47,S,1,C,3,Y,41,C,1,R,1,K,3,S,1,X,1,"L1:[sp=X,153] X=1,R=1,K=3,C=3,Y=47,S=1 || L2:[sp=C,3] Y=41,C=1,R=1,K=3,S=1,X=1",-464905.0,-163324000.0,1,X|C,1
X,153,R,1,X,1,C,3,K,6,Y,47,S,1,C,3,C,1,S,1,Y,45,K,5,R,1,X,1,"L1:[sp=X,153] R=1,X=1,C=3,K=6,Y=47,S=1 || L2:[sp=C,3] C=1,S=1,Y=45,K=5,R=1,X=1",-inf,-inf,0,X|C,1
X,153,R,2,X,1,C,3,K,6,Y,47,S,1,C,3,C,1,Y,41,X,1,K,5,R,1,S,1,"L1:[sp=X,153] R=2,X=1,C=3,K=6,Y=47,S=1 || L2:[sp=C,3] C=1,Y=41,X=1,K=5,R=1,S=1",-438325.0,-163324000.0,1,X|C,1
X,153,R,1,X,1,C,3,K,6,Y,69,S,1,C,3,C,1,Y,41,S,1,K,2,R,1,X,1,"L1:[sp=X,153] R=1,X=1,C=3,K=6,Y=69,S=1 || L2:[sp=C,3] C=1,Y=41,S=1,K=2,R=1,X=1",-543025.0,-163324000.0,1,X|C,1
X,153,S,1,X,1,K,6,C,3,Y,47,R,1,C,3,Y,41,C,1,R,1,K,5,S,1,X,1,"L1:[sp=X,153] S=1,X=1,K=6,C=3,Y=47,R=1 || L2:[sp=C,3] Y=41,C=1,R=1,K=5,S=1,X=1",-428005.0,-163324000.0,1,X|C,1
C,153,R,1,X,1,C,2,K,6,Y,47,S,1,C,3,C,1,Y,35,S,1,K,5,R,1,X,1,"L1:[sp=C,153] R=1,X=1,C=2,K=6,Y=47,S=1 || L2:[sp=C,3] C=1,Y=35,S=1,K=5,R=1,X=1",-29010241.0,-163323000.0,1,C|C,1
X,153,R,1,X,116,C,3,K,6,Y,47,S,1,C,3,C,1,Y,41,S,1,K,5,R,1,X,1,"L1:[sp=X,153] R=1,X=116,C=3,K=6,Y=47,S=1 || L2:[sp=C,3] C=1,Y=41,S=1,K=5,R=1,X=1",-inf,-inf,0,X|C,1
X,153,R,1,X,1,C,3,K,6,Y,47,S,1,C,3,C,1,Y,41,S,1,K,1,R,1,X,1,"L1:[sp=X,153] R=1,X=1,C=3,K=6,Y=47,S=1 || L2:[sp=C,3] C=1,Y=41,S=1,K=1,R=1,X=1",-448957.0,-163323000.0,1,X|C,1
X,153,R,1,X,1,K,37,S,1,Y,47,C,3,C,3,Y,36,C,1,R,1,K,5,S,1,X,1,"L1:[sp=X,153] R=1,X=1,K=37,S=1,Y=47,C=3 || L2:[sp=C,3] Y=36,C=1,R=1,K=5,S=1,X=1",-inf,-inf,0,X|C,1
X,153,K,6,X,44,C,3,R,1,Y,33,S,1,C,3,C,1,Y,33,X,1,K,5,R,1,S,1,"L1:[sp=X,153] K=6,X=44,C=3,R=1,Y=33,S=1 || L2:[sp=C,3] C=1,Y=33,X=1,K=5,R=1,S=1",-inf,-inf,0,X|C,1
X,153,R,1,Y,64,C,3,K,37,X,1,S,1,C,3,Y,41,C,1,S,1,K,1,R,1,X,1,"L1:[sp=X,153] R=1,Y=64,C=3,K=37,X=1,S=1 || L2:[sp=C,3] Y=41,C=1,S=1,K=1,R=1,X=1",-inf,-inf,0,X|C,1
X,153,R,1,X,1,K,47,C,3,Y,47,S,1,C,3,Y,37,C,1,R,1,K,3,S,1,X,1,"L1:[sp=X,153] R=1,X=1,K=47,C=3,Y=47,S=1 || L2:[sp=C,3] Y=37,C=1,R=1,K=3,S=1,X=1",-inf,-inf,0,X|C,1
X,153,R,1,X,1,C,3,K,54,Y,47,S,1,K,9,C,1,Y,35,S,1,K,5,R,1,X,1,"L1:[sp=X,153] R=1,X=1,C=3,K=54,Y=47,S=1 || L2:[sp=K,9] C=1,Y=35,S=1,K=5,R=1,X=1",-1073476.0,-163324000.0,1,X|K,1
C,153,R,3,X,1,K,3,C,3,Y,57,S,1,X,3,Y,23,C,1,R,2,K,3,S,1,X,1,"L1:[sp=C,153] R=3,X=1,K=3,C=3,Y=57,S=1 || L2:[sp=X,3] Y=23,C=1,R=2,K=3,S=1,X=1",-94262785.0,-163323000.0,1,C|X,1
X,153,R,1,Y,47,X,1,C,3,K,9,S,1,K,3,R,1,C,1,S,1,K,4,Y,41,X,1,"L1:[sp=X,153] R=1,Y=47,X=1,C=3,K=9,S=1 || L2:[sp=K,3] R=1,C=1,S=1,K=4,Y=41,X=1",-671905.0,-163324000.0,1,X|K,1
X,153,R,1,X,1,C,3,K,45,Y,47,S,1,C,3,C,1,Y,35,S,1,K,5,R,1,X,1,"L1:[sp=X,153] R=1,X=1,C=3,K=45,Y=47,S=1 || L2:[sp=C,3] C=1,Y=35,S=1,K=5,R=1,X=1",-inf,-inf,0,X|C,1
X,153,R,1,X,177,K,45,C,3,Y,47,S,1,C,3,Y,41,R,1,C,1,K,5,S,1,X,1,"L1:[sp=X,153] R=1,X=177,K=45,C=3,Y=47,S=1 || L2:[sp=C,3] Y=41,R=1,C=1,K=5,S=1,X=1",-inf,-inf,0,X|C,1
X,153,R,1,X,1,K,6,C,3,Y,47,S,1,C,3,Y,41,C,1,R,1,K,5,S,1,X,1,"L1:[sp=X,153] R=1,X=1,K=6,C=3,Y=47,S=1 || L2:[sp=C,3] Y=41,C=1,R=1,K=5,S=1,X=1",-428005.0,-163324000.0,1,X|C,1
X,153,R,1,X,1,C,3,K,6,Y,47,S,1,C,3,C,1,Y,41,S,1,K,1,R,1,X,1,"L1:[sp=X,153] R=1,X=1,C=3,K=6,Y=47,S=1 || L2:[sp=C,3] C=1,Y=41,S=1,K=1,R=1,X=1",-448957.0,-163323000.0,1,X|C,1
X,153,X,29,R,1,K,38,C,2,Y,47,S,1,C,3,Y,41,C,1,R,1,K,3,S,1,X,1,"L1:[sp=X,153] X=29,R=1,K=38,C=2,Y=47,S=1 || L2:[sp=C,3] Y=41,C=1,R=1,K=3,S=1,X=1",-inf,-inf,0,X|C,1
X,153,S,1,X,1,K,6,C,3,Y,47,R,1,C,3,Y,41,C,1,R,1,K,3,S,1,X,1,"L1:[sp=X,153] S=1,X=1,K=6,C=3,Y=47,R=1 || L2:[sp=C,3] Y=41,C=1,R=1,K=3,S=1,X=1",-462925.0,-163324000.0,1,X|C,1
X,153,R,1,Y,47,X,1,C,3,K,9,S,1,X,1,R,1,C,1,S,1,K,4,Y,41,X,1,"L1:[sp=X,153] R=1,Y=47,X=1,C=3,K=9,S=1 || L2:[sp=X,1] R=1,C=1,S=1,K=4,Y=41,X=1",-inf,-inf,0,X|X,1
X,153,R,1,X,1,C,3,K,6,Y,69,S,1,C,3,C,1,Y,41,R,1,K,2,S,1,X,1,"L1:[sp=X,153] R=1,X=1,C=3,K=6,Y=69,S=1 || L2:[sp=C,3] C=1,Y=41,R=1,K=2,S=1,X=1",-543025.0,-163324000.0,1,X|C,1
X,153,R,1,X,1,C,3,K,22,Y,47,S,1,K,9,C,1,Y,35,S,1,K,5,R,1,X,1,"L1:[sp=X,153] R=1,X=1,C=3,K=22,Y=47,S=1 || L2:[sp=K,9] C=1,Y=35,S=1,K=5,R=1,X=1",-1239031.0,-163324000.0,1,X|K,1
X,153,X,1,Y,47,R,1,C,1,K,9,S,1,K,3,R,1,C,1,S,1,K,4,Y,41,X,1,"L1:[sp=X,153] X=1,Y=47,R=1,C=1,K=9,S=1 || L2:[sp=K,3] R=1,C=1,S=1,K=4,Y=41,X=1",-674785.0,-163324000.0,1,X|K,1
X,153,R,1,X,1,K,20,C,3,Y,47,S,1,C,3,Y,41,C,1,R,1,K,5,X,1,S,1,"L1:[sp=X,153] R=1,X=1,K=20,C=3,Y=47,S=1 || L2:[sp=C,3] Y=41,C=1,R=1,K=5,X=1,S=1",-inf,-inf,0,X|C,1
K,153,R,1,X,1,K,6,C,3,Y,47,S,1,C,1,Y,41,C,1,R,1,K,4,S,1,X,1,"L1:[sp=K,153] R=1,X=1,K=6,C=3,Y=47,S=1 || L2:[sp=C,1] Y=41,C=1,R=1,K=4,S=1,X=1",-7049953.0,-163323000.0,1,K|C,1
X,153,R,1,X,1,C,3,K,6,Y,172,S,1,C,3,C,1,Y,153,S,1,K,1,R,1,X,1,"L1:[sp=X,153] R=1,X=1,C=3,K=6,Y=172,S=1 || L2:[sp=C,3] C=1,Y=153,S=1,K=1,R=1,X=1",-inf,-inf,0,X|C,1
X,153,S,1,X,32,K,6,C,3,Y,47,R,1,C,3,Y,35,C,1,R,1,X,1,S,1,K,5,"L1:[sp=X,153] S=1,X=32,K=6,C=3,Y=47,R=1 || L2:[sp=C,3] Y=35,C=1,R=1,X=1,S=1,K=5",-inf,-inf,0,X|C,1
C,153,R,1,X,1,C,3,K,16,Y,47,S,1,X,3,C,1,Y,41,S,1,K,1,R,1,X,1,"L1:[sp=C,153] R=1,X=1,C=3,K=16,Y=47,S=1 || L2:[sp=X,3] C=1,Y=41,S=1,K=1,R=1,X=1",-75132289.0,-163323000.0,1,C|X,1
X,153,R,1,X,1,K,6,C,3,Y,47,S,2,C,3,Y,41,S,1,R,1,K,5,C,1,X,1,"L1:[sp=X,153] R=1,X=1,K=6,C=3,Y=47,S=2 || L2:[sp=C,3] Y=41,S=1,R=1,K=5,C=1,X=1",-853369.0,-163324000.0,1,X|C,1
K,153,X,1,R,1,C,3,K,6,Y,69,S,3,C,3,C,1,K,2,S,1,Y,41,R,1,X,1,"L1:[sp=K,153] X=1,R=1,C=3,K=6,Y=69,S=3 || L2:[sp=C,3] C=1,K=2,S=1,Y=41,R=1,X=1",-8454205.0,-163323000.0,1,K|C,1
X,153,R,1,X,1,C,3,K,6,Y,47,S,1,C,3,C,1,Y,41,S,1,K,1,R,1,X,1,"L1:[sp=X,153] R=1,X=1,C=3,K=6,Y=47,S=1 || L2:[sp=C,3] C=1,Y=41,S=1,K=1,R=1,X=1",-448957.0,-163323000.0,1,X|C,1
Y,153,X,1,R,1,K,3,C,3,Y,47,S,1,C,3,Y,41,C,1,R,1,K,3,S,1,X,1,"L1:[sp=Y,153] X=1,R=1,K=3,C=3,Y=47,S=1 || L2:[sp=C,3] Y=41,C=1,R=1,K=3,S=1,X=1",-6297985.0,-163323000.0,1,Y|C,1
X,153,X,1,R,1,K,3,C,3,Y,47,S,2,C,3,Y,41,C,1,R,1,K,3,S,1,X,1,"L1:[sp=X,153] X=1,R=1,K=3,C=3,Y=47,S=2 || L2:[sp=C,3] Y=41,C=1,R=1,K=3,S=1,X=1",-924529.0,-163324000.0,1,X|C,1
X,153,R,1,X,1,C,3,K,6,Y,28,S,1,C,3,C,1,Y,28,S,1,K,2,R,1,X,1,"L1:[sp=X,153] R=1,X=1,C=3,K=6,Y=28,S=1 || L2:[sp=C,3] C=1,Y=28,S=1,K=2,R=1,X=1",-519265.0,-163323000.0,1,X|C,1
X,153,R,1,Y,47,X,1,C,3,K,9,S,1,C,1,R,1,C,1,S,1,K,4,Y,41,X,1,"L1:[sp=X,153] R=1,Y=47,X=1,C=3,K=9,S=1 || L2:[sp=C,1] R=1,C=1,S=1,K=4,Y=41,X=1",-inf,-inf,0,X|C,1
X,153,R,1,X,1,K,6,C,3,Y,47,S,1,C,3,Y,41,C,1,R,1,K,5,S,1,X,1,"L1:[sp=X,153] R=1,X=1,K=6,C=3,Y=47,S=1 || L2:[sp=C,3] Y=41,C=1,R=1,K=5,S=1,X=1",-428005.0,-163324000.0,1,X|C,1
X,153,X,1,R,1,K,3,C,1,Y,47,S,1,C,3,Y,41,C,1,R,1,K,3,S,1,X,1,"L1:[sp=X,153] X=1,R=1,K=3,C=1,Y=47,S=1 || L2:[sp=C,3] Y=41,C=1,R=1,K=3,S=1,X=1",-1394713.0,-163323000.0,1,X|C,1
X,153,X,1,Y,47,R,1,C,3,K,9,S,2,K,3,C,1,R,1,S,1,K,4,Y,41,X,1,"L1:[sp=X,153] X=1,Y=47,R=1,C=3,K=9,S=2 || L2:[sp=K,3] C=1,R=1,S=1,K=4,Y=41,X=1",-1341889.0,-163324000.0,1,X|K,1
X,153,R,1,X,49,K,6,C,3,Y,47,S,2,C,3,Y,41,S,1,R,1,K,5,C,1,X,1,"L1:[sp=X,153] R=1,X=49,K=6,C=3,Y=47,S=2 || L2:[sp=C,3] Y=41,S=1,R=1,K=5,C=1,X=1",-inf,-inf,0,X|C,1
X,153,S,2,X,1,K,6,C,3,Y,47,R,1,C,3,Y,41,C,1,R,1,K,3,S,1,X,1,"L1:[sp=X,153] S=2,X=1,K=6,C=3,Y=47,R=1 || L2:[sp=C,3] Y=41,C=1,R=1,K=3,S=1,X=1",-923209.0,-163324000.0,1,X|C,1
X,153,X,1,R,1,K,35,C,1,Y,28,S,1,C,3,Y,28,C,1,R,1,K,2,S,1,X,1,"L1:[sp=X,153] X=1,R=1,K=35,C=1,Y=28,S=1 || L2:[sp=C,3] Y=28,C=1,R=1,K=2,S=1,X=1",-inf,-inf,0,X|C,1
X,153,R,1,X,1,S,2,K,6,Y,66,C,3,C,3,Y,41,C,1,X,1,K,2,R,1,S,1,"L1:[sp=X,153] R=1,X=1,S=2,K=6,Y=66,C=3 || L2:[sp=C,3] Y=41,C=1,X=1,K=2,R=1,S=1",-1028641.0,-163324000.0,1,X|C,1
X,153,X,1,Y,47,R,1,C,3,K,9,S,2,K,3,R,1,C,1,S,1,K,4,Y,41,X,1,"L1:[sp=X,153] X=1,Y=47,R=1,C=3,K=9,S=2 || L2:[sp=K,3] R=1,C=1,S=1,K=4,Y=41,X=1",-1341889.0,-163324000.0,1,X|K,1
X,153,R,1,X,1,K,60,C,3,Y,47,S,1,X,1,Y,41,C,1,R,1,K,5,S,1,X,1,"L1:[sp=X,153] R=1,X=1,K=60,C=3,Y=47,S=1 || L2:[sp=X,1] Y=41,C=1,R=1,K=5,S=1,X=1",-inf,-inf,0,X|X,1
X,153,R,1,X,1,K,6,C,3,Y,47,S,2,C,3,Y,17,C,1,R,1,K,5,S,1,X,1,"L1:[sp=X,153] R=1,X=1,K=6,C=3,Y=47,S=2 || L2:[sp=C,3] Y=17,C=1,R=1,K=5,S=1,X=1",-1033441.0,-163324000.0,1,X|C,1
X,153,X,1,R,1,K,3,C,3,Y,47,S,1,C,3,Y,40,C,1,R,1,K,3,S,1,X,1,"L1:[sp=X,153] X=1,R=1,K=3,C=3,Y=47,S=1 || L2:[sp=C,3] Y=40,C=1,R=1,K=3,S=1,X=1",-467281.0,-163324000.0,1,X|C,1
K,153,R,1,X,1,K,6,C,3,Y,28,S,1,C,3,Y,28,C,1,R,1,K,5,S,1,X,1,"L1:[sp=K,153] R=1,X=1,K=6,C=3,Y=28,S=1 || L2:[sp=C,3] Y=28,C=1,R=1,K=5,S=1,X=1",-2725633.0,-163323000.0,1,K|C,1
X,153,R,1,X,1,C,3,K,6,Y,47,S,1,C,3,C,1,Y,41,S,1,K,2,R,1,X,1,"L1:[sp=X,153] R=1,X=1,C=3,K=6,Y=47,S=1 || L2:[sp=C,3] C=1,Y=41,S=1,K=2,R=1,X=1",-448957.0,-163324000.0,1,X|C,1
X,153,X,1,R,1,K,3,C,3,Y,47,S,1,C,3,Y,41,C,1,R,1,K,2,S,1,X,1,"L1:[sp=X,153] X=1,R=1,K=3,C=3,Y=47,S=1 || L2:[sp=C,3] Y=41,C=1,R=1,K=2,S=1,X=1",-450937.0,-163323000.0,1,X|C,1
X,153,R,1,X,1,K,6,C,3,Y,47,S,2,K,1,Y,41,C,1,R,1,K,5,S,1,X,1,"L1:[sp=X,153] R=1,X=1,K=6,C=3,Y=47,S=2 || L2:[sp=K,1] Y=41,C=1,R=1,K=5,S=1,X=1",-inf,-inf,0,X|K,1
C,153,X,1,R,1,K,3,C,3,Y,47,S,2,X,3,Y,41,C,1,R,1,K,3,S,1,X,1,"L1:[sp=C,153] X=1,R=1,K=3,C=3,Y=47,S=2 || L2:[sp=X,3] Y=41,C=1,R=1,K=3,S=1,X=1",-77240065.0,-163323000.0,1,C|X,1
X,153,R,1,X,1,K,6,C,1,Y,47,S,2,C,3,Y,41,S,1,R,1,K,5,C,1,X,1,"L1:[sp=X,153] R=1,X=1,K=6,C=1,Y=47,S=2 || L2:[sp=C,3] Y=41,S=1,R=1,K=5,C=1,X=1",-2560105.0,-163324000.0,1,X|C,1
X,153,S,1,X,1,K,6,C,3,Y,47,R,1,C,3,Y,31,C,1,R,1,K,3,S,1,X,1,"L1:[sp=X,153] S=1,X=1,K=6,C=3,Y=47,R=1 || L2:[sp=C,3] Y=31,C=1,R=1,K=3,S=1,X=1",-560341.0,-163324000.0,1,X|C,1
C,153,R,1,X,1,K,6,C,3,Y,47,S,1,X,3,Y,41,C,1,R,1,K,5,S,1,X,1,"L1:[sp=C,153] R=1,X=1,K=6,C=3,Y=47,S=1 || L2:[sp=X,3] Y=41,C=1,R=1,K=5,S=1,X=1",-71682913.0,-163323000.0,1,C|X,1
X,153,C,3,X,1,K,6,R,1,Y,47,S,2,C,3,Y,41,S,1,R,1,K,5,C,1,X,1,"L1:[sp=X,153] C=3,X=1,K=6,R=1,Y=47,S=2 || L2:[sp=C,3] Y=41,S=1,R=1,K=5,C=1,X=1",-853369.0,-163324000.0,1,X|C,1
X,153,R,1,X,1,K,6,C,3,Y,47,S,1,C,3,Y,41,C,1,R,1,K,5,S,1,X,1,"L1:[sp=X,153] R=1,X=1,K=6,C=3,Y=47,S=1 || L2:[sp=C,3] Y=41,C=1,R=1,K=5,S=1,X=1",-428005.0,-163324000.0,1,X|C,1
X,153,C,3,X,1,Y,47,R,1,K,6,S,1,C,3,Y,25,S,1,R,1,K,5,C,1,X,1,"L1:[sp=X,153] C=3,X=1,Y=47,R=1,K=6,S=1 || L2:[sp=C,3] Y=25,S=1,R=1,K=5,C=1,X=1",-518041.0,-163324000.0,1,X|C,1
X,153,X,1,R,1,K,3,C,3,Y,47,S,2,C,3,Y,19,C,1,R,1,K,2,S,1,X,1,"L1:[sp=X,153] X=1,R=1,K=3,C=3,Y=47,S=2 || L2:[sp=C,3] Y=19,C=1,R=1,K=2,S=1,X=1",-997969.0,-163323000.0,1,X|C,1
X,153,R,2,X,1,S,1,K,6,Y,66,C,3,C,3,Y,41,C,1,X,1,K,2,R,1,S,1,"L1:[sp=X,153] R=2,X=1,S=1,K=6,Y=66,C=3 || L2:[sp=C,3] Y=41,C=1,X=1,K=2,R=1,S=1",-524065.0,-163324000.0,1,X|C,1
X,153,S,2,X,13,K,6,C,3,Y,47,R,1,C,3,Y,31,C,1,R,1,K,3,S,1,X,6,"L1:[sp=X,153] S=2,X=13,K=6,C=3,Y=47,R=1 || L2:[sp=C,3] Y=31,C=1,R=1,K=3,S=1,X=6",-inf,-inf,0,X|C,1
X,153,Y,47,X,1,K,6,C,3,S,1,R,1,C,3,Y,41,C,3,R,1,K,3,S,1,X,1,"L1:[sp=X,153] Y=47,X=1,K=6,C=3,S=1,R=1 || L2:[sp=C,3] Y=41,C=3,R=1,K=3,S=1,X=1",-1384813.0,-163324000.0,1,X|C,1
K,153,R,1,X,1,Y,47,K,6,C,3,S,2,C,3,C,1,Y,41,X,1,K,2,R,1,S,1,"L1:[sp=K,153] R=1,X=1,Y=47,K=6,C=3,S=2 || L2:[sp=C,3] C=1,Y=41,X=1,K=2,R=1,S=1",-4678987.0,-163323000.0,1,K|C,1
X,153,R,1,X,1,K,6,C,3,Y,47,S,1,X,1,Y,41,C,1,R,1,K,1,S,1,X,1,"L1:[sp=X,153] R=1,X=1,K=6,C=3,Y=47,S=1 || L2:[sp=X,1] Y=41,C=1,R=1,K=1,S=1,X=1",-inf,-inf,0,X|X,1
X,153,R,1,X,1,C,3,K,6,Y,47,S,1,C,3,C,1,Y,41,S,1,K,2,R,1,X,1,"L1:[sp=X,153] R=1,X=1,C=3,K=6,Y=47,S=1 || L2:[sp=C,3] C=1,Y=41,S=1,K=2,R=1,X=1",-448957.0,-163324000.0,1,X|C,1
X,153,R,1,X,1,C,3,K,6,Y,47,S,3,Y,47,C,1,Y,40,S,1,K,2,R,1,X,1,"L1:[sp=X,153] R=1,X=1,C=3,K=6,Y=47,S=3 || L2:[sp=Y,47] C=1,Y=40,S=1,K=2,R=1,X=1",-76735411.0,-163323000.0,1,X|Y,1
X,153,X,1,R,1,K,3,C,3,Y,47,S,1,C,3,Y,41,C,1,R,1,K,3,S,1,X,1,"L1:[sp=X,153] X=1,R=1,K=3,C=3,Y=47,S=1 || L2:[sp=C,3] Y=41,C=1,R=1,K=3,S=1,X=1",-464905.0,-163324000.0,1,X|C,1
X,153,S,2,X,1,K,31,C,3,Y,47,R,1,K,6,Y,41,C,1,R,1,K,3,S,1,X,1,"L1:[sp=X,153] S=2,X=1,K=31,C=3,Y=47,R=1 || L2:[sp=K,6] Y=41,C=1,R=1,K=3,S=1,X=1",-1257841.0,-163324000.0,1,X|K,1
X,153,R,1,X,1,C,3,K,6,Y,47,S,1,C,3,C,2,Y,27,S,1,K,2,R,1,X,1,"L1:[sp=X,153] R=1,X=1,C=3,K=6,Y=47,S=1 || L2:[sp=C,3] C=2,Y=27,S=1,K=2,R=1,X=1",-1084861.0,-163323000.0,1,X|C,1
X,153,X,1,R,1,K,48,C,3,Y,47,S,2,C,3,Y,41,C,1,R,1,K,2,S,1,X,1,"L1:[sp=X,153] X=1,R=1,K=48,C=3,Y=47,S=2 || L2:[sp=C,3] Y=41,C=1,R=1,K=2,S=1,X=1",-inf,-inf,0,X|C,1
X,153,C,2,X,1,K,6,R,1,Y,47,S,1,C,3,Y,41,S,1,R,1,K,5,C,1,X,1,"L1:[sp=X,153] C=2,X=1,K=6,R=1,Y=47,S=1 || L2:[sp=C,3] Y=41,S=1,R=1,K=5,C=1,X=1",-856009.0,-163324000.0,1,X|C,1
X,153,C,3,X,202,K,6,R,1,Y,47,S,2,C,3,Y,41,S,1,R,1,K,5,C,3,X,1,"L1:[sp=X,153] C=3,X=202,K=6,R=1,Y=47,S=2 || L2:[sp=C,3] Y=41,S=1,R=1,K=5,C=3,X=1",-inf,-inf,0,X|C,1
X,153,Y,47,X,1,K,6,C,3,S,1,R,1,C,3,Y,31,C,1,R,1,K,3,S,1,X,1,"L1:[sp=X,153] Y=47,X=1,K=6,C=3,S=1,R=1 || L2:[sp=C,3] Y=31,C=1,R=1,K=3,S=1,X=1",-560341.0,-163324000.0,1,X|C,1
X,153,X,1,R,1,K,18,C,3,Y,47,S,1,X,1,Y,41,C,1,R,1,K,2,S,1,X,1,"L1:[sp=X,153] X=1,R=1,K=18,C=3,Y=47,S=1 || L2:[sp=X,1] Y=41,C=1,R=1,K=2,S=1,X=1",-inf,-inf,0,X|X,1
X,153,S,1,X,1,K,6,C,3,Y,47,R,1,C,3,Y,31,C,1,K,3,R,1,S,1,X,1,"L1:[sp=X,153] S=1,X=1,K=6,C=3,Y=47,R=1 || L2:[sp=C,3] Y=31,C=1,K=3,R=1,S=1,X=1",-560341.0,-163324000.0,1,X|C,1
X,153,S,2,X,1,K,6,C,3,Y,47,R,1,C,3,Y,41,C,1,R,1,K,3,S,1,X,1,"L1:[sp=X,153] S=2,X=1,K=6,C=3,Y=47,R=1 || L2:[sp=C,3] Y=41,C=1,R=1,K=3,S=1,X=1",-923209.0,-163324000.0,1,X|C,1
X,153,C,3,X,1,K,6,R,1,Y,47,S,2,C,3,Y,41,S,1,R,1,K,5,C,1,X,1,"L1:[sp=X,153] C=3,X=1,K=6,R=1,Y=47,S=2 || L2:[sp=C,3] Y=41,S=1,R=1,K=5,C=1,X=1",-853369.0,-163324000.0,1,X|C,1
X,153,R,1,X,1,K,6,C,3,Y,47,S,1,C,3,Y,41,C,1,R,1,K,5,S,1,X,1,"L1:[sp=X,153] R=1,X=1,K=6,C=3,Y=47,S=1 || L2:[sp=C,3] Y=41,C=1,R=1,K=5,S=1,X=1",-428005.0,-163324000.0,1,X|C,1
C,153,S,1,X,1,K,6,C,3,Y,47,R,1,C,3,Y,41,C,1,K,3,R,1,S,1,X,1,"L1:[sp=C,153] S=1,X=1,K=6,C=3,Y=47,R=1 || L2:[sp=C,3] Y=41,C=1,K=3,R=1,S=1,X=1",-25923745.0,-163323000.0,1,C|C,1
Y,153,X,1,R,1,K,3,C,3,Y,47,S,1,C,3,Y,31,C,1,R,1,K,3,S,1,X,1,"L1:[sp=Y,153] X=1,R=1,K=3,C=3,Y=47,S=1 || L2:[sp=C,3] Y=31,C=1,R=1,K=3,S=1,X=1",-6297985.0,-163323000.0,1,Y|C,1
X,153,R,1,X,1,K,60,C,3,Y,47,S,2,C,3,Y,41,C,1,R,1,K,5,S,1,X,1,"L1:[sp=X,153] R=1,X=1,K=60,C=3,Y=47,S=2 || L2:[sp=C,3] Y=41,C=1,R=1,K=5,S=1,X=1",-inf,-inf,0,X|C,1
C,153,C,3,X,1,K,6,R,1,Y,47,S,1,X,3,Y,41,C,1,R,1,K,6,S,1,X,1,"L1:[sp=C,153] C=3,X=1,K=6,R=1,Y=47,S=1 || L2:[sp=X,3] Y=41,C=1,R=1,K=6,S=1,X=1",-inf,-inf,0,C|X,1
X,153,R,2,X,1,S,2,K,6,Y,66,C,3,C,3,Y,41,C,1,X,1,K,2,R,1,S,1,"L1:[sp=X,153] R=2,X=1,S=2,K=6,Y=66,C=3 || L2:[sp=C,3] Y=41,C=1,X=1,K=2,R=1,S=1",-1046721.0,-163324000.0,1,X|C,1
X,153,C,3,X,17,K,6,R,1,Y,47,S,1,C,3,Y,41,S,1,R,1,K,5,C,1,X,1,"L1:[sp=X,153] C=3,X=17,K=6,R=1,Y=47,S=1 || L2:[sp=C,3] Y=41,S=1,R=1,K=5,C=1,X=1",-inf,-inf,0,X|C,1
X,153,X,1,R,1,K,3,C,2,Y,47,S,1,C,3,Y,4,C,1,R,1,K,3,S,1,X,1,"L1:[sp=X,153] X=1,R=1,K=3,C=2,Y=47,S=1 || L2:[sp=C,3] Y=4,C=1,R=1,K=3,S=1,X=1",-1072369.0,-163323000.0,1,X|C,1
X,153,R,1,X,1,C,1,K,6,Y,47,S,1,C,3,C,1,Y,41,S,1,K,2,R,1,X,1,"L1:[sp=X,153] R=1,X=1,C=1,K=6,Y=47,S=1 || L2:[sp=C,3] C=1,Y=41,S=1,K=2,R=1,X=1",-1346869.0,-163323000.0,1,X|C,1
X,153,S,2,X,1,K,6,C,3,Y,47,R,1,C,3,Y,41,C,1,K,3,R,1,S,1,X,1,"L1:[sp=X,153] S=2,X=1,K=6,C=3,Y=47,R=1 || L2:[sp=C,3] Y=41,C=1,K=3,R=1,S=1,X=1",-923209.0,-163324000.0,1,X|C,1
X,153,C,3,X,1,K,6,R,3,Y,47,S,1,C,3,Y,17,S,1,R,1,C,1,K,5,X,1,"L1:[sp=X,153] C=3,X=1,K=6,R=3,Y=47,S=1 || L2:[sp=C,3] Y=17,S=1,R=1,C=1,K=5,X=1",-538681.0,-163323000.0,1,X|C,1
X,153,X,1,R,1,K,42,S,1,Y,47,C,3,C,3,Y,41,C,1,R,1,K,3,S,1,X,1,"L1:[sp=X,153] X=1,R=1,K=42,S=1,Y=47,C=3 || L2:[sp=C,3] Y=41,C=1,R=1,K=3,S=1,X=1",-inf,-inf,0,X|C,1
X,153,Y,47,X,1,K,6,C,1,S,2,R,1,C,3,Y,31,C,1,R,1,K,3,S,1,X,1,"L1:[sp=X,153] Y=47,X=1,K=6,C=1,S=2,R=1 || L2:[sp=C,3] Y=31,C=1,R=1,K=3,S=1,X=1",-3354121.0,-163323000.0,1,X|C,1
C,153,S,1,X,1,K,6,C,3,Y,140,R,1,X,3,X,1,C,1,K,3,R,1,S,1,Y,31,"L1:[sp=C,153] S=1,X=1,K=6,C=3,Y=140,R=1 || L2:[sp=X,3] X=1,C=1,K=3,R=1,S=1,Y=31",-87062977.0,-163323000.0,1,C|X,1
X,153,K,6,X,1,Y,47,C,3,S,1,R,1,C,3,Y,25,C,1,R,1,K,3,S,1,X,1,"L1:[sp=X,153] K=6,X=1,Y=47,C=3,S=1,R=1 || L2:[sp=C,3] Y=25,C=1,R=1,K=3,S=1,X=1",-560341.0,-163323000.0,1,X|C,1
X,153,S,1,X,1,K,6,C,3,Y,47,R,1,C,3,Y,31,C,1,K,3,R,1,S,1,X,1,"L1:[sp=X,153] S=1,X=1,K=6,C=3,Y=47,R=1 || L2:[sp=C,3] Y=31,C=1,K=3,R=1,S=1,X=1",-560341.0,-163324000.0,1,X|C,1
X,153,R,1,X,1,C,3,K,6,Y,47,S,1,C,3,C,1,Y,41,S,1,K,2,R,1,X,1,"L1:[sp=X,153] R=1,X=1,C=3,K=6,Y=47,S=1 || L2:[sp=C,3] C=1,Y=41,S=1,K=2,R=1,X=1",-448957.0,-163324000.0,1,X|C,1
X,153,C,3,K,6,Y,47,R,2,X,1,S,1,C,3,Y,31,S,1,R,1,C,1,K,5,X,1,"L1:[sp=X,153] C=3,K=6,Y=47,R=2,X=1,S=1 || L2:[sp=C,3] Y=31,S=1,R=1,C=1,K=5,X=1",-528361.0,-163324000.0,1,X|C,1
X,153,S,1,X,1,K,6,C,3,Y,47,R,1,C,3,Y,42,C,1,K,3,R,1,S,1,X,1,"L1:[sp=X,153] S=1,X=1,K=6,C=3,Y=47,R=1 || L2:[sp=C,3] Y=42,C=1,K=3,R=1,S=1,X=1",-460549.0,-163324000.0,1,X|C,1
X,153,R,3,X,1,S,1,K,6,Y,66,C,3,C,3,Y,41,C,1,X,1,K,2,R,1,S,1,"L1:[sp=X,153] R=3,X=1,S=1,K=6,Y=66,C=3 || L2:[sp=C,3] Y=41,C=1,X=1,K=2,R=1,S=1",-532753.0,-163324000.0,1,X|C,1
X,153,Y,47,X,1,K,6,C,3,S,1,R,1,C,3,Y,31,C,2,R,1,K,3,S,1,X,1,"L1:[sp=X,153] Y=47,X=1,K=6,C=3,S=1,R=1 || L2:[sp=C,3] Y=31,C=2,R=1,K=3,S=1,X=1",-1118701.0,-163324000.0,1,X|C,1
X,153,R,1,X,1,K,6,C,3,Y,47,S,1,C,3,Y,41,C,1,R,1,K,5,S,1,X,1,"L1:[sp=X,153] R=1,X=1,K=6,C=3,Y=47,S=1 || L2:[sp=C,3] Y=41,C=1,R=1,K=5,S=1,X=1",-428005.0,-163324000.0,1,X|C,1
X,153,R,2,X,1,C,3,K,6,Y,47,S,1,C,3,C,3,Y,41,S,1,K,2,R,1,X,1,"L1:[sp=X,153] R=2,X=1,C=3,K=6,Y=47,S=1 || L2:[sp=C,3] C=3,Y=41,S=1,K=2,R=1,X=1",-1376809.0,-163324000.0,1,X|C,1
X,153,C,3,K,6,Y,47,R,1,X,1,S,1,C,3,Y,31,S,1,R,1,C,1,K,5,X,1,"L1:[sp=X,153] C=3,K=6,Y=47,R=1,X=1,S=1 || L2:[sp=C,3] Y=31,S=1,R=1,C=1,K=5,X=1",-518041.0,-163324000.0,1,X|C,1
X,153,R,3,X,1,C,3,K,6,Y,47,S,1,C,3,R,1,Y,30,S,1,K,2,C,1,X,1,"L1:[sp=X,153] R=3,X=1,C=3,K=6,Y=47,S=1 || L2:[sp=C,3] R=1,Y=30,S=1,K=2,C=1,X=1",-565141.0,-163323000.0,1,X|C,1
X,153,R,1,X,1,S,1,K,6,Y,66,C,3,K,3,Y,41,X,1,C,3,K,2,R,1,S,1,"L1:[sp=X,153] R=1,X=1,S=1,K=6,Y=66,C=3 || L2:[sp=K,3] Y=41,X=1,C=3,K=2,R=1,S=1",-531433.0,-163324000.0,1,X|K,1
X,153,R,2,X,1,K,6,C,3,Y,47,S,1,C,3,Y,41,C,1,R,1,X,1,S,1,K,5,"L1:[sp=X,153] R=2,X=1,K=6,C=3,Y=47,S=1 || L2:[sp=C,3] Y=41,C=1,R=1,X=1,S=1,K=5",-438325.0,-163324000.0,1,X|C,1
C,153,S,1,K,6,Y,47,R,1,X,1,C,3,C,3,Y,41,S,1,R,1,C,1,K,5,X,1,"L1:[sp=C,153] S=1,K=6,Y=47,R=1,X=1,C=3 || L2:[sp=C,3] Y=41,S=1,R=1,C=1,K=5,X=1",-23968225.0,-163323000.0,1,C|C,1
X,153,R,3,X,1,S,1,K,6,Y,66,C,3,C,3,Y,41,C,1,X,1,K,2,R,2,S,1,"L1:[sp=X,153] R=3,X=1,S=1,K=6,Y=66,C=3 || L2:[sp=C,3] Y=41,C=1,X=1,K=2,R=2,S=1",-532753.0,-163324000.0,1,X|C,1
X,153,K,6,X,1,Y,85,C,3,S,1,R,1,C,3,Y,25,C,1,R,1,K,3,S,1,X,1,"L1:[sp=X,153] K=6,X=1,Y=85,C=3,S=1,R=1 || L2:[sp=C,3] Y=25,C=1,R=1,K=3,S=1,X=1",-547669.0,-163324000.0,1,X|C,1
Y,153,C,3,K,6,Y,47,R,2,X,1,S,1,C,3,Y,31,S,1,R,1,C,1,K,5,X,1,"L1:[sp=Y,153] C=3,K=6,Y=47,R=2,X=1,S=1 || L2:[sp=C,3] Y=31,S=1,R=1,C=1,K=5,X=1",-5917633.0,-163323000.0,1,Y|C,1
Y,153,S,1,X,1,K,47,C,3,Y,47,R,1,C,3,Y,42,C,1,S,1,R,1,K,3,X,1,"L1:[sp=Y,153] S=1,X=1,K=47,C=3,Y=47,R=1 || L2:[sp=C,3] Y=42,C=1,S=1,R=1,K=3,X=1",-6068161.0,-163323000.0,1,Y|C,1
X,153,S,1,X,1,Y,195,C,3,K,6,R,1,C,3,Y,25,C,1,K,3,R,1,S,1,X,1,"L1:[sp=X,153] S=1,X=1,Y=195,C=3,K=6,R=1 || L2:[sp=C,3] Y=25,C=1,K=3,R=1,S=1,X=1",-inf,-inf,0,X|C,1
C,153,K,6,X,1,Y,47,C,3,S,1,R,1,X,1,Y,10,C,1,R,1,K,3,S,1,X,1,"L1:[sp=C,153] K=6,X=1,Y=47,C=3,S=1,R=1 || L2:[sp=X,1] Y=10,C=1,R=1,K=3,S=1,X=1",-89923681.0,-163323000.0,1,C|X,1
X,153,R,1,X,1,S,1,K,6,Y,47,C,3,C,3,Y,47,C,1,X,1,K,2,R,1,S,1,"L1:[sp=X,153] R=1,X=1,S=1,K=6,Y=47,C=3 || L2:[sp=C,3] Y=47,C=1,X=1,K=2,R=1,S=1",-543421.0,-163324000.0,1,X|C,1
X,153,R,3,X,1,K,6,C,3,Y,66,S,1,C,3,Y,41,C,1,R,1,K,5,S,1,X,1,"L1:[sp=X,153] R=3,X=1,K=6,C=3,Y=66,S=1 || L2:[sp=C,3] Y=41,C=1,R=1,K=5,S=1,X=1",-507805.0,-163324000.0,1,X|C,1
X,153,R,1,X,1,K,6,C,3,Y,47,S,1,C,3,Y,25,C,1,R,1,K,5,S,1,X,1,"L1:[sp=X,153] R=1,X=1,K=6,C=3,Y=47,S=1 || L2:[sp=C,3] Y=25,C=1,R=1,K=5,S=1,X=1",-518041.0,-163324000.0,1,X|C,1
X,153,K,6,X,1,Y,47,C,3,S,1,R,1,C,3,Y,41,C,1,R,1,K,3,S,1,X,1,"L1:[sp=X,153] K=6,X=1,Y=47,C=3,S=1,R=1 || L2:[sp=C,3] Y=41,C=1,R=1,K=3,S=1,X=1",-462925.0,-163324000.0,1,X|C,1
X,153,C,3,K,6,Y,47,R,2,X,1,S,1,C,3,Y,31,S,1,R,1,C,1,K,5,X,1,"L1:[sp=X,153] C=3,K=6,Y=47,R=2,X=1,S=1 || L2:[sp=C,3] Y=31,S=1,R=1,C=1,K=5,X=1",-528361.0,-163324000.0,1,X|C,1
X,153,S,1,X,1,K,6,C,3,Y,47,R,1,C,3,K,1,C,1,Y,31,R,1,S,1,X,1,"L1:[sp=X,153] S=1,X=1,K=6,C=3,Y=47,R=1 || L2:[sp=C,3] K=1,C=1,Y=31,R=1,S=1,X=1",-543421.0,-163323000.0,1,X|C,1
X,153,R,1,X,1,K,6,C,3,Y,47,S,1,C,3,X,1,C,2,R,1,K,5,S,1,Y,32,"L1:[sp=X,153] R=1,X=1,K=6,C=3,Y=47,S=1 || L2:[sp=C,3] X=1,C=2,R=1,K=5,S=1,Y=32",-1034101.0,-163324000.0,1,X|C,1
X,153,K,6,X,1,Y,47,C,3,S,2,R,1,C,3,Y,41,C,1,R,1,K,2,S,1,X,1,"L1:[sp=X,153] K=6,X=1,Y=47,C=3,S=2,R=1 || L2:[sp=C,3] Y=41,C=1,R=1,K=2,S=1,X=1",-895273.0,-163324000.0,1,X|C,1
X,153,R,1,X,1,K,6,C,3,Y,47,S,1,C,3,Y,41,C,1,R,1,K,5,S,1,X,1,"L1:[sp=X,153] R=1,X=1,K=6,C=3,Y=47,S=1 || L2:[sp=C,3] Y=41,C=1,R=1,K=5,S=1,X=1",-428005.0,-163324000.0,1,X|C,1
X,153,R,1,X,114,K,6,C,3,Y,184,S,1,C,3,Y,41,C,1,R,1,K,5,S,1,X,1,"L1:[sp=X,153] R=1,X=114,K=6,C=3,Y=184,S=1 || L2:[sp=C,3] Y=41,C=1,R=1,K=5,S=1,X=1",-inf,-inf,0,X|C,1
X,153,C,3,K,6,Y,47,R,3,X,1,S,1,C,3,Y,31,S,1,R,1,C,1,K,5,X,1,"L1:[sp=X,153] C=3,K=6,Y=47,R=3,X=1,S=1 || L2:[sp=C,3] Y=31,S=1,R=1,C=1,K=5,X=1",-538681.0,-163324000.0,1,X|C,1
X,153,C,3,K,6,Y,47,S,3,X,1,R,2,C,3,Y,31,S,1,R,1,C,1,K,5,X,1,"L1:[sp=X,153] C=3,K=6,Y=47,S=3,X=1,R=2 || L2:[sp=C,3] Y=31,S=1,R=1,C=1,K=5,X=1",-1581561.0,-163324000.0,1,X|C,1
K,153,C,3,K,6,Y,73,R,1,X,1,S,1,Y,47,Y,31,S,1,R,1,C,1,K,5,X,1,"L1:[sp=K,153] C=3,K=6,Y=73,R=1,X=1,S=1 || L2:[sp=Y,47] Y=31,S=1,R=1,C=1,K=5,X=1",-14281345.0,-163323000.0,1,K|Y,1
X,153,R,3,X,1,K,6,C,3,Y,66,S,1,C,3,Y,41,C,1,R,1,K,5,S,1,X,1,"L1:[sp=X,153] R=3,X=1,K=6,C=3,Y=66,S=1 || L2:[sp=C,3] Y=41,C=1,R=1,K=5,S=1,X=1",-507805.0,-163324000.0,1,X|C,1
X,153,C,3,K,6,Y,47,R,2,X,1,S,1,C,3,Y,31,S,1,R,1,C,1,K,3,X,1,"L1:[sp=X,153] C=3,K=6,Y=47,R=2,X=1,S=1 || L2:[sp=C,3] Y=31,S=1,R=1,C=1,K=3,X=1",-571561.0,-163324000.0,1,X|C,1
X,153,C,3,K,6,Y,47,R,2,X,1,S,1,C,3,Y,31,S,1,R,1,C,1,K,5,X,1,"L1:[sp=X,153] C=3,K=6,Y=47,R=2,X=1,S=1 || L2:[sp=C,3] Y=31,S=1,R=1,C=1,K=5,X=1",-528361.0,-163324000.0,1,X|C,1
X,153,Y,47,X,198,K,6,C,3,R,1,S,1,C,3,Y,25,C,1,R,1,K,5,S,1,X,1,"L1:[sp=X,153] Y=47,X=198,K=6,C=3,R=1,S=1 || L2:[sp=C,3] Y=25,C=1,R=1,K=5,S=1,X=1",-inf,-inf,0,X|C,1
X,153,K,6,X,1,Y,47,C,3,S,1,R,1,C,3,Y,41,C,1,R,1,K,3,X,1,S,1,"L1:[sp=X,153] K=6,X=1,Y=47,C=3,S=1,R=1 || L2:[sp=C,3] Y=41,C=1,R=1,K=3,X=1,S=1",-462925.0,-163324000.0,1,X|C,1
X,153,R,1,X,1,S,1,K,6,Y,66,C,2,K,3,Y,41,X,1,C,2,K,5,R,1,S,1,"L1:[sp=X,153] R=1,X=1,S=1,K=6,Y=66,C=2 || L2:[sp=K,3] Y=41,X=1,C=2,K=5,R=1,S=1",-inf,-inf,0,X|K,1
C,153,C,3,K,6,Y,47,R,1,X,88,S,1,X,3,R,1,S,1,Y,31,C,1,K,5,X,1,"L1:[sp=C,153] C=3,K=6,Y=47,R=1,X=88,S=1 || L2:[sp=X,3] R=1,S=1,Y=31,C=1,K=5,X=1",-29416906.0,-163324000.0,1,C|X,1
X,153,R,1,X,1,S,1,K,6,Y,179,C,3,K,3,Y,41,X,1,C,3,K,4,R,1,S,1,"L1:[sp=X,153] R=1,X=1,S=1,K=6,Y=179,C=3 || L2:[sp=K,3] Y=41,X=1,C=3,K=4,R=1,S=1",-inf,-inf,0,X|K,1
X,153,R,3,X,174,K,6,C,3,Y,66,S,1,C,3,Y,41,C,1,R,1,K,3,S,1,X,1,"L1:[sp=X,153] R=3,X=174,K=6,C=3,Y=66,S=1 || L2:[sp=C,3] Y=41,C=1,R=1,K=3,S=1,X=1",-inf,-inf,0,X|C,1
X,153,R,2,X,1,K,6,C,3,Y,47,S,1,X,1,Y,41,C,1,R,1,X,1,S,1,K,5,"L1:[sp=X,153] R=2,X=1,K=6,C=3,Y=47,S=1 || L2:[sp=X,1] Y=41,C=1,R=1,X=1,S=1,K=5",-inf,-inf,0,X|X,1
X,153,K,31,X,1,Y,47,C,3,S,1,R,2,C,3,Y,31,C,1,R,1,K,3,S,1,X,1,"L1:[sp=X,153] K=31,X=1,Y=47,C=3,S=1,R=2 || L2:[sp=C,3] Y=31,C=1,R=1,K=3,S=1,X=1",-inf,-inf,0,X|C,1
X,153,C,3,K,6,Y,47,R,1,X,29,S,1,C,3,Y,41,S,1,R,1,C,1,K,4,X,1,"L1:[sp=X,153] C=3,K=6,Y=47,R=1,X=29,S=1 || L2:[sp=C,3] Y=41,S=1,R=1,C=1,K=4,X=1",-inf,-inf,0,X|C,1
X,153,R,1,X,1,Y,47,K,2,S,1,C,3,K,3,Y,31,X,1,C,1,K,2,R,1,S,1,"L1:[sp=X,153] R=1,X=1,Y=47,K=2,S=1,C=3 || L2:[sp=K,3] Y=31,X=1,C=1,K=2,R=1,S=1",-1630081.0,-163323000.0,1,X|K,1
X,153,C,3,K,6,Y,5,R,1,X,1,S,2,C,3,Y,5,S,1,R,1,C,3,K,5,X,1,"L1:[sp=X,153] C=3,K=6,Y=5,R=1,X=1,S=2 || L2:[sp=C,3] Y=5,S=1,R=1,C=3,K=5,X=1",-2976481.0,-163323000.0,1,X|C,1
K,153,R,1,X,164,K,6,S,1,Y,66,C,3,X,3,X,1,Y,41,C,3,K,2,R,1,S,1,"L1:[sp=K,153] R=1,X=164,K=6,S=1,Y=66,C=3 || L2:[sp=X,3] X=1,Y=41,C=3,K=2,R=1,S=1",-inf,-inf,0,K|X,1
X,153,R,2,X,1,K,6,C,3,Y,44,S,1,C,3,Y,41,C,1,R,1,X,1,S,1,K,5,"L1:[sp=X,153] R=2,X=1,K=6,C=3,Y=44,S=1 || L2:[sp=C,3] Y=41,C=1,R=1,X=1,S=1,K=5",-504469.0,-163324000.0,1,X|C,1
X,153,R,1,X,1,K,6,C,3,Y,47,S,1,C,3,Y,41,C,1,R,1,K,5,S,1,X,1,"L1:[sp=X,153] R=1,X=1,K=6,C=3,Y=47,S=1 || L2:[sp=C,3] Y=41,C=1,R=1,K=5,S=1,X=1",-428005.0,-163324000.0,1,X|C,1
X,153,C,1,K,6,Y,198,R,1,X,1,S,1,C,3,Y,15,S,1,R,1,C,1,K,5,X,1,"L1:[sp=X,153] C=1,K=6,Y=198,R=1,X=1,S=1 || L2:[sp=C,3] Y=15,S=1,R=1,C=1,K=5,X=1",-inf,-inf,0,X|C,1
X,153,K,6,X,1,Y,47,C,3,S,1,R,2,C,3,Y,31,C,1,R,1,K,3,X,1,S,1,"L1:[sp=X,153] K=6,X=1,Y=47,C=3,S=1,R=2 || L2:[sp=C,3] Y=31,C=1,R=1,K=3,X=1,S=1",-571561.0,-163324000.0,1,X|C,1
C,153,R,3,X,1,K,6,C,3,Y,66,S,1,X,3,Y,41,C,1,R,1,K,5,S,1,X,1,"L1:[sp=C,153] R=3,X=1,K=6,C=3,Y=66,S=1 || L2:[sp=X,3] Y=41,C=1,R=1,K=5,S=1,X=1",-85251937.0,-163323000.0,1,C|X,1
X,153,C,3,K,6,Y,155,S,3,X,1,R,2,C,3,Y,31,S,1,R,1,C,1,K,5,X,1,"L1:[sp=X,153] C=3,K=6,Y=155,S=3,X=1,R=2 || L2:[sp=C,3] Y=31,S=1,R=1,C=1,K=5,X=1",-inf,-inf,0,X|C,1
X,153,C,3,K,6,S,1,R,2,X,1,Y,78,C,3,Y,31,S,1,R,1,C,1,K,3,X,1,"L1:[sp=X,153] C=3,K=6,S=1,R=2,X=1,Y=78 || L2:[sp=C,3] Y=31,S=1,R=1,C=1,K=3,X=1",-563905.0,-163324000.0,1,X|C,1
X,153,R,3,X,1,K,30,C,3,Y,47,S,1,C,1,Y,41,C,1,R,1,K,5,S,1,X,1,"L1:[sp=X,153] R=3,X=1,K=30,C=3,Y=47,S=1 || L2:[sp=C,1] Y=41,C=1,R=1,K=5,S=1,X=1",-inf,-inf,0,X|C,1
X,153,C,3,K,6,Y,47,R,2,X,1,S,1,C,3,Y,31,S,1,R,1,C,1,K,3,X,1,"L1:[sp=X,153] C=3,K=6,Y=47,R=2,X=1,S=1 || L2:[sp=C,3] Y=31,S=1,R=1,C=1,K=3,X=1",-571561.0,-163324000.0,1,X|C,1
C,153,R,2,X,1,K,6,C,3,Y,44,S,1,C,3,Y,41,C,1,R,1,X,1,S,1,K,5,"L1:[sp=C,153] R=2,X=1,K=6,C=3,Y=44,S=1 || L2:[sp=C,3] Y=41,C=1,R=1,X=1,S=1,K=5",-28250209.0,-163323000.0,1,C|C,1
X,153,R,3,X,1,K,6,C,3,Y,44,S,1,C,3,Y,41,C,1,R,1,X,1,S,1,K,5,"L1:[sp=X,153] R=3,X=1,K=6,C=3,Y=44,S=1 || L2:[sp=C,3] Y=41,C=1,R=1,X=1,S=1,K=5",-516853.0,-163324000.0,1,X|C,1
X,153,R,2,X,1,K,6,C,3,Y,66,S,1,X,1,Y,41,C,1,R,1,K,5,S,1,X,1,"L1:[sp=X,153] R=2,X=1,K=6,C=3,Y=66,S=1 || L2:[sp=X,1] Y=41,C=1,R=1,K=5,S=1,X=1",-inf,-inf,0,X|X,1
X,153,C,3,K,6,Y,66,R,3,X,1,S,1,C,3,Y,41,S,1,R,1,C,1,K,5,X,1,"L1:[sp=X,153] C=3,K=6,Y=66,R=3,X=1,S=1 || L2:[sp=C,3] Y=41,S=1,R=1,C=1,K=5,X=1",-507805.0,-163324000.0,1,X|C,1
X,153,R,3,X,1,K,6,C,3,Y,47,S,1,C,3,Y,31,C,1,R,1,K,5,S,1,X,1,"L1:[sp=X,153] R=3,X=1,K=6,C=3,Y=47,S=1 || L2:[sp=C,3] Y=31,C=1,R=1,K=5,S=1,X=1",-538681.0,-163324000.0,1,X|C,1
X,153,K,6,X,1,Y,34,C,3,S,1,R,1,C,3,Y,34,C,1,R,1,K,3,X,1,S,1,"L1:[sp=X,153] K=6,X=1,Y=34,C=3,S=1,R=1 || L2:[sp=C,3] Y=34,C=1,R=1,K=3,X=1,S=1",-568261.0,-163323000.0,1,X|C,1
X,153,C,3,K,19,Y,47,R,2,X,1,S,1,C,3,Y,31,C,1,R,1,S,1,K,3,X,1,"L1:[sp=X,153] C=3,K=19,Y=47,R=2,X=1,S=1 || L2:[sp=C,3] Y=31,C=1,R=1,S=1,K=3,X=1",-inf,-inf,0,X|C,1
X,153,K,6,C,3,Y,47,R,3,X,37,S,1,C,3,Y,31,X,1,R,1,C,1,K,5,S,1,"L1:[sp=X,153] K=6,C=3,Y=47,R=3,X=37,S=1 || L2:[sp=C,3] Y=31,X=1,R=1,C=1,K=5,S=1",-inf,-inf,0,X|C,1
X,153,R,3,X,1,K,6,C,3,Y,66,S,1,C,3,Y,56,C,1,R,1,K,5,S,1,X,1,"L1:[sp=X,153] R=3,X=1,K=6,C=3,Y=66,S=1 || L2:[sp=C,3] Y=56,C=1,R=1,K=5,S=1,X=1",-inf,-inf,0,X|C,1
C,153,R,2,X,1,K,6,C,3,Y,44,S,1,C,3,Y,41,C,1,R,2,X,1,S,1,K,5,"L1:[sp=C,153] R=2,X=1,K=6,C=3,Y=44,S=1 || L2:[sp=C,3] Y=41,C=1,R=2,X=1,S=1,K=5",-inf,-inf,0,C|C,1
X,153,R,2,S,2,K,6,C,3,Y,66,X,170,C,3,Y,41,C,1,R,1,K,5,S,1,X,1,"L1:[sp=X,153] R=2,S=2,K=6,C=3,Y=66,X=170 || L2:[sp=C,3] Y=41,C=1,R=1,K=5,S=1,X=1",-inf,-inf,0,X|C,1
X,153,S,3,K,6,X,1,C,3,Y,47,R,2,C,3,Y,31,S,3,R,1,C,1,K,5,X,1,"L1:[sp=X,153] S=3,K=6,X=1,C=3,Y=47,R=2 || L2:[sp=C,3] Y=31,S=3,R=1,C=1,K=5,X=1",-inf,-inf,0,X|C,1
X,153,R,1,X,1,Y,47,C,3,K,6,S,2,C,3,Y,34,C,1,R,1,K,5,S,1,X,1,"L1:[sp=X,153] R=1,X=1,Y=47,C=3,K=6,S=2 || L2:[sp=C,3] Y=34,C=1,R=1,K=5,S=1,X=1",-1033441.0,-163324000.0,1,X|C,1
X,153,R,1,X,1,K,6,C,3,Y,47,S,1,C,3,Y,41,C,1,R,1,K,5,S,1,X,1,"L1:[sp=X,153] R=1,X=1,K=6,C=3,Y=47,S=1 || L2:[sp=C,3] Y=41,C=1,R=1,K=5,S=1,X=1",-428005.0,-163324000.0,1,X|C,1
Y,153,K,6,X,1,Y,34,C,3,S,1,R,1,C,3,Y,34,C,2,R,1,K,3,X,1,S,1,"L1:[sp=Y,153] K=6,X=1,Y=34,C=3,S=1,R=1 || L2:[sp=C,3] Y=34,C=2,R=1,K=3,X=1,S=1",-9069985.0,-163323000.0,1,Y|C,1
X,153,C,3,K,6,Y,47,R,2,X,1,S,1,C,3,Y,31,S,1,R,1,C,1,K,3,X,1,"L1:[sp=X,153] C=3,K=6,Y=47,R=2,X=1,S=1 || L2:[sp=C,3] Y=31,S=1,R=1,C=1,K=3,X=1",-571561.0,-163324000.0,1,X|C,1
X,153,K,6,X,1,Y,66,C,3,S,3,R,1,C,3,Y,41,C,1,R,1,K,3,X,1,S,1,"L1:[sp=X,153] K=6,X=1,Y=66,C=3,S=3,R=1 || L2:[sp=C,3] Y=41,C=1,R=1,K=3,X=1,S=1",-inf,-inf,0,X|C,1
K,153,C,3,K,6,Y,214,R,1,X,1,S,1,X,6,Y,34,S,1,R,1,C,1,K,5,X,1,"L1:[sp=K,153] C=3,K=6,Y=214,R=1,X=1,S=1 || L2:[sp=X,6] Y=34,S=1,R=1,C=1,K=5,X=1",-8132545.0,-163324000.0,1,K|X,1
C,153,R,1,X,1,S,1,C,3,Y,47,K,6,X,3,Y,41,C,1,R,1,K,5,S,1,X,1,"L1:[sp=C,153] R=1,X=1,S=1,C=3,Y=47,K=6 || L2:[sp=X,3] Y=41,C=1,R=1,K=5,S=1,X=1",-71682913.0,-163323000.0,1,C|X,1
X,153,R,1,X,1,K,6,C,3,Y,44,S,1,C,3,Y,41,C,1,R,1,X,1,S,1,K,5,"L1:[sp=X,153] R=1,X=1,K=6,C=3,Y=44,S=1 || L2:[sp=C,3] Y=41,C=1,R=1,X=1,S=1,K=5",-492085.0,-163324000.0,1,X|C,1
X,153,K,6,X,1,Y,179,C,3,S,1,R,3,C,3,Y,31,C,1,R,1,K,3,X,1,S,1,"L1:[sp=X,153] K=6,X=1,Y=179,C=3,S=1,R=3 || L2:[sp=C,3] Y=31,C=1,R=1,K=3,X=1,S=1",-inf,-inf,0,X|C,1
X,153,R,2,X,1,K,6,C,3,Y,44,S,1,C,3,Y,41,C,1,R,2,X,1,S,1,K,5,"L1:[sp=X,153] R=2,X=1,K=6,C=3,Y=44,S=1 || L2:[sp=C,3] Y=41,C=1,R=2,X=1,S=1,K=5",-inf,-inf,0,X|C,1
X,153,C,2,K,6,Y,66,R,3,X,221,S,3,C,3,Y,41,S,1,R,1,C,1,K,5,X,1,"L1:[sp=X,153] C=2,K=6,Y=66,R=3,X=221,S=3 || L2:[sp=C,3] Y=41,S=1,R=1,C=1,K=5,X=1",-inf,-inf,0,X|C,1
X,153,C,3,K,6,S,1,R,2,X,1,Y,78,C,3,Y,31,S,1,R,1,C,1,K,3,X,1,"L1:[sp=X,153] C=3,K=6,S=1,R=2,X=1,Y=78 || L2:[sp=C,3] Y=31,S=1,R=1,C=1,K=3,X=1",-563905.0,-163324000.0,1,X|C,1
X,153,C,3,K,6,Y,66,R,3,X,1,S,1,C,1,Y,41,S,1,R,1,C,1,K,5,X,1,"L1:[sp=X,153] C=3,K=6,Y=66,R=3,X=1,S=1 || L2:[sp=C,1] Y=41,S=1,R=1,C=1,K=5,X=1",-inf,-inf,0,X|C,1
X,153,C,3,X,1,K,6,R,3,Y,44,S,1,C,3,Y,41,C,1,R,1,X,1,S,1,K,5,"L1:[sp=X,153] C=3,X=1,K=6,R=3,Y=44,S=1 || L2:[sp=C,3] Y=41,C=1,R=1,X=1,S=1,K=5",-516853.0,-163324000.0,1,X|C,1
X,153,K,6,Y,34,X,1,C,3,S,1,R,1,C,3,Y,34,C,1,R,1,K,1,X,1,S,1,"L1:[sp=X,153] K=6,Y=34,X=1,C=3,S=1,R=1 || L2:[sp=C,3] Y=34,C=1,R=1,K=1,X=1,S=1",-551125.0,-163323000.0,1,X|C,1
Y,153,K,6,X,1,R,2,C,3,S,1,Y,47,C,3,Y,31,C,1,R,1,K,3,X,1,S,1,"L1:[sp=Y,153] K=6,X=1,R=2,C=3,S=1,Y=47 || L2:[sp=C,3] Y=31,C=1,R=1,K=3,X=1,S=1",-6401473.0,-163323000.0,1,Y|C,1
X,153,C,3,K,6,Y,34,S,1,X,1,R,1,C,3,Y,34,S,1,R,1,C,1,X,1,K,2,"L1:[sp=X,153] C=3,K=6,Y=34,S=1,X=1,R=1 || L2:[sp=C,3] Y=34,S=1,R=1,C=1,X=1,K=2",-551125.0,-163323000.0,1,X|C,1
X,153,K,6,X,1,Y,47,C,3,S,1,R,2,C,3,Y,31,C,1,R,1,K,3,S,1,X,1,"L1:[sp=X,153] K=6,X=1,Y=47,C=3,S=1,R=2 || L2:[sp=C,3] Y=31,C=1,R=1,K=3,S=1,X=1",-571561.0,-163324000.0,1,X|C,1
X,153,K,6,X,1,Y,34,C,3,S,3,R,3,C,3,C,3,Y,34,R,1,K,3,X,1,S,1,"L1:[sp=X,153] K=6,X=1,Y=34,C=3,S=3,R=3 || L2:[sp=C,3] C=3,Y=34,R=1,K=3,X=1,S=1",-4662021.0,-163324000.0,1,X|C,1
X,153,R,1,X,31,K,6,C,3,Y,47,S,1,C,3,Y,31,C,1,K,5,R,1,X,1,S,1,"L1:[sp=X,153] R=1,X=31,K=6,C=3,Y=47,S=1 || L2:[sp=C,3] Y=31,C=1,K=5,R=1,X=1,S=1",-inf,-inf,0,X|C,1
X,153,R,3,K,6,X,1,C,3,Y,47,S,1,C,3,Y,31,C,2,R,1,K,5,S,1,X,1,"L1:[sp=X,153] R=3,K=6,X=1,C=3,Y=47,S=1 || L2:[sp=C,3] Y=31,C=2,R=1,K=5,S=1,X=1",-1076701.0,-163324000.0,1,X|C,1
X,153,R,1,X,1,K,6,C,3,Y,47,S,1,C,3,Y,27,C,1,R,1,K,5,S,1,X,1,"L1:[sp=X,153] R=1,X=1,K=6,C=3,Y=47,S=1 || L2:[sp=C,3] Y=27,C=1,R=1,K=5,S=1,X=1",-518041.0,-163324000.0,1,X|C,1
X,153,R,1,X,1,K,6,C,3,Y,47,S,1,C,3,Y,41,C,1,R,1,K,5,S,1,X,1,"L1:[sp=X,153] R=1,X=1,K=6,C=3,Y=47,S=1 || L2:[sp=C,3] Y=41,C=1,R=1,K=5,S=1,X=1",-428005.0,-163324000.0,1,X|C,1
X,153,C,3,K,6,Y,34,S,1,X,1,R,1,C,3,Y,34,S,1,R,1,C,1,X,1,K,2,"L1:[sp=X,153] C=3,K=6,Y=34,S=1,X=1,R=1 || L2:[sp=C,3] Y=34,S=1,R=1,C=1,X=1,K=2",-551125.0,-163323000.0,1,X|C,1
X,153,C,3,K,6,S,1,R,2,X,20,Y,78,C,3,Y,31,S,1,R,2,C,1,K,3,X,1,"L1:[sp=X,153] C=3,K=6,S=1,R=2,X=20,Y=78 || L2:[sp=C,3] Y=31,S=1,R=2,C=1,K=3,X=1",-inf,-inf,0,X|C,1
C,153,R,1,X,1,K,6,C,3,Y,47,S,1,X,3,Y,41,C,1,R,1,K,5,S,1,X,1,"L1:[sp=C,153] R=1,X=1,K=6,C=3,Y=47,S=1 || L2:[sp=X,3] Y=41,C=1,R=1,K=5,S=1,X=1",-71682913.0,-163323000.0,1,C|X,1
X,153,C,3,K,6,Y,47,R,2,X,1,S,1,Y,1,Y,31,S,1,R,1,C,1,K,3,X,1,"L1:[sp=X,153] C=3,K=6,Y=47,R=2,X=1,S=1 || L2:[sp=Y,1] Y=31,S=1,R=1,C=1,K=3,X=1",-inf,-inf,0,X|Y,1
X,153,R,1,X,168,K,6,C,3,Y,47,S,1,C,3,Y,41,C,1,R,1,K,5,S,1,X,1,"L1:[sp=X,153] R=1,X=168,K=6,C=3,Y=47,S=1 || L2:[sp=C,3] Y=41,C=1,R=1,K=5,S=1,X=1",-inf,-inf,0,X|C,1
K,153,R,1,X,1,K,6,C,3,Y,47,S,1,Y,47,Y,27,C,1,R,1,K,5,S,1,X,1,"L1:[sp=K,153] R=1,X=1,K=6,C=3,Y=47,S=1 || L2:[sp=Y,47] Y=27,C=1,R=1,K=5,S=1,X=1",-15553441.0,-163323000.0,1,K|Y,1
X,153,R,1,X,1,K,6,C,3,Y,47,S,1,C,3,Y,27,C,1,R,1,K,5,S,1,X,1,"L1:[sp=X,153] R=1,X=1,K=6,C=3,Y=47,S=1 || L2:[sp=C,3] Y=27,C=1,R=1,K=5,S=1,X=1",-518041.0,-163324000.0,1,X|C,1
X,153,C,3,K,6,Y,34,S,1,X,26,R,1,C,3,Y,34,S,1,R,1,C,1,X,1,K,2,"L1:[sp=X,153] C=3,K=6,Y=34,S=1,X=26,R=1 || L2:[sp=C,3] Y=34,S=1,R=1,C=1,X=1,K=2",-inf,-inf,0,X|C,1
X,153,K,6,Y,19,X,1,C,3,S,1,R,1,C,3,Y,19,C,1,R,1,K,1,X,1,S,1,"L1:[sp=X,153] K=6,Y=19,X=1,C=3,S=1,R=1 || L2:[sp=C,3] Y=19,C=1,R=1,K=1,X=1,S=1",-530065.0,-163323000.0,1,X|C,1
X,153,C,3,K,6,Y,47,R,2,X,1,S,1,C,3,Y,31,S,1,R,1,C,1,K,3,X,1,"L1:[sp=X,153] C=3,K=6,Y=47,R=2,X=1,S=1 || L2:[sp=C,3] Y=31,S=1,R=1,C=1,K=3,X=1",-571561.0,-163324000.0,1,X|C,1
X,153,R,1,X,1,K,29,C,3,Y,47,S,3,C,3,Y,23,C,1,R,1,K,5,S,1,X,1,"L1:[sp=X,153] R=1,X=1,K=29,C=3,Y=47,S=3 || L2:[sp=C,3] Y=23,C=1,R=1,K=5,S=1,X=1",-inf,-inf,0,X|C,1
C,153,C,3,K,6,S,1,R,3,X,1,Y,78,X,3,Y,31,S,1,R,1,C,1,K,3,X,1,"L1:[sp=C,153] C=3,K=6,S=1,R=3,X=1,Y=78 || L2:[sp=X,3] Y=31,S=1,R=1,C=1,K=3,X=1",-95822497.0,-163323000.0,1,C|X,1
X,153,C,3,K,6,S,1,R,1,X,1,Y,78,C,3,X,1,S,1,R,1,C,1,K,3,Y,31,"L1:[sp=X,153] C=3,K=6,S=1,R=1,X=1,Y=78 || L2:[sp=C,3] X=1,S=1,R=1,C=1,K=3,Y=31",-557173.0,-163324000.0,1,X|C,1
X,153,R,2,X,1,K,6,C,3,Y,44,S,1,C,3,Y,41,C,1,R,1,X,1,S,1,K,5,"L1:[sp=X,153] R=2,X=1,K=6,C=3,Y=44,S=1 || L2:[sp=C,3] Y=41,C=1,R=1,X=1,S=1,K=5",-504469.0,-163324000.0,1,X|C,1
X,153,R,1,X,1,K,6,C,3,Y,47,S,1,C,3,Y,27,C,1,R,1,K,5,S,1,X,1,"L1:[sp=X,153] R=1,X=1,K=6,C=3,Y=47,S=1 || L2:[sp=C,3] Y=27,C=1,R=1,K=5,S=1,X=1",-518041.0,-163324000.0,1,X|C,1
X,153,R,1,X,1,K,6,C,3,Y,47,S,1,K,2,Y,41,C,1,R,1,K,5,S,1,X,1,"L1:[sp=X,153] R=1,X=1,K=6,C=3,Y=47,S=1 || L2:[sp=K,2] Y=41,C=1,R=1,K=5,S=1,X=1",-865756.0,-163324000.0,1,X|K,1
X,153,R,1,X,1,K,6,C,2,Y,44,S,1,Y,22,Y,41,C,1,R,1,X,1,S,1,K,5,"L1:[sp=X,153] R=1,X=1,K=6,C=2,Y=44,S=1 || L2:[sp=Y,22] Y=41,C=1,R=1,X=1,S=1,K=5",-13003201.0,-163324000.0,1,X|Y,1
X,153,Y,34,K,6,X,1,C,3,S,1,R,1,C,3,Y,34,C,1,K,1,R,1,X,1,S,1,"L1:[sp=X,153] Y=34,K=6,X=1,C=3,S=1,R=1 || L2:[sp=C,3] Y=34,C=1,K=1,R=1,X=1,S=1",-551125.0,-163323000.0,1,X|C,1
C,153,R,1,X,138,Y,47,C,3,K,6,S,1,X,3,Y,27,C,1,R,1,K,5,X,1,S,1,"L1:[sp=C,153] R=1,X=138,Y=47,C=3,K=6,S=1 || L2:[sp=X,3] Y=27,C=1,R=1,K=5,X=1,S=1",-inf,-inf,0,C|X,1
C,153,C,3,K,6,Y,47,R,2,X,1,S,1,X,3,Y,31,S,1,R,1,C,1,K,3,X,1,"L1:[sp=C,153] C=3,K=6,Y=47,R=2,X=1,S=1 || L2:[sp=X,3] Y=31,S=1,R=1,C=1,K=3,X=1",-95874241.0,-163323000.0,1,C|X,1
X,153,R,1,X,1,K,6,C,3,Y,47,S,1,C,3,Y,41,C,1,R,1,K,5,S,1,X,1,"L1:[sp=X,153] R=1,X=1,K=6,C=3,Y=47,S=1 || L2:[sp=C,3] Y=41,C=1,R=1,K=5,S=1,X=1",-428005.0,-163324000.0,1,X|C,1
C,153,C,3,K,6,Y,47,R,2,X,1,S,1,C,3,Y,31,S,1,R,2,C,1,K,3,X,1,"L1:[sp=C,153] C=3,K=6,Y=47,R=2,X=1,S=1 || L2:[sp=C,3] Y=31,S=1,R=2,C=1,K=3,X=1",-41764801.0,-163323000.0,1,C|C,1
X,153,K,6,Y,19,X,1,C,3,S,2,R,1,C,3,Y,19,X,1,R,1,K,1,C,1,S,1,"L1:[sp=X,153] K=6,Y=19,X=1,C=3,S=2,R=1 || L2:[sp=C,3] Y=19,X=1,R=1,K=1,C=1,S=1",-1053793.0,-163323000.0,1,X|C,1
X,153,K,6,Y,34,X,1,C,3,S,1,R,1,K,2,Y,34,C,1,R,1,K,1,X,1,S,1,"L1:[sp=X,153] K=6,Y=34,X=1,C=3,S=1,R=1 || L2:[sp=K,2] Y=34,C=1,R=1,K=1,X=1,S=1",-618976.0,-163323000.0,1,X|K,1
X,153,C,3,K,17,Y,19,S,1,X,1,R,1,C,3,Y,19,S,1,R,1,C,1,X,1,K,2,"L1:[sp=X,153] C=3,K=17,Y=19,S=1,X=1,R=1 || L2:[sp=C,3] Y=19,S=1,R=1,C=1,X=1,K=2",-527041.0,-163323000.0,1,X|C,1
Y,153,C,3,K,52,Y,34,S,1,X,1,R,1,C,3,Y,34,S,1,R,1,C,1,X,1,K,2,"L1:[sp=Y,153] C=3,K=52,Y=34,S=1,X=1,R=1 || L2:[sp=C,3] Y=34,S=1,R=1,C=1,X=1,K=2",-4390849.0,-163323000.0,1,Y|C,1
K,153,K,6,Y,43,X,1,C,3,S,1,R,1,C,3,Y,19,C,1,R,1,K,1,X,1,S,1,"L1:[sp=K,153] K=6,Y=43,X=1,C=3,S=1,R=1 || L2:[sp=C,3] Y=19,C=1,R=1,K=1,X=1,S=1",-2673217.0,-163323000.0,1,K|C,1
X,153,C,3,K,6,Y,78,S,1,X,1,R,1,C,3,Y,31,S,1,R,1,C,2,X,1,K,2,"L1:[sp=X,153] C=3,K=6,Y=78,S=1,X=1,R=1 || L2:[sp=C,3] Y=31,S=1,R=1,C=2,X=1,K=2",-1079461.0,-163324000.0,1,X|C,1
X,153,C,3,K,6,S,1,R,1,X,1,Y,34,C,3,X,1,S,1,R,1,C,1,K,3,Y,34,"L1:[sp=X,153] C=3,K=6,S=1,R=1,X=1,Y=34 || L2:[sp=C,3] X=1,S=1,R=1,C=1,K=3,Y=34",-568261.0,-163323000.0,1,X|C,1
X,153,C,3,K,37,Y,47,R,1,S,1,X,1,C,3,Y,31,S,1,R,1,C,1,K,3,X,1,"L1:[sp=X,153] C=3,K=37,Y=47,R=1,S=1,X=1 || L2:[sp=C,3] Y=31,S=1,R=1,C=1,K=3,X=1",-inf,-inf,0,X|C,1
X,153,C,3,K,6,Y,34,S,1,X,1,R,2,C,3,Y,20,S,1,R,1,C,1,X,1,K,2,"L1:[sp=X,153] C=3,K=6,Y=34,S=1,X=1,R=2 || L2:[sp=C,3] Y=20,S=1,R=1,C=1,X=1,K=2",-531769.0,-163323000.0,1,X|C,1
X,153,S,1,K,6,X,117,C,3,Y,34,R,1,C,3,Y,34,C,1,K,1,R,1,X,1,S,1,"L1:[sp=X,153] S=1,K=6,X=117,C=3,Y=34,R=1 || L2:[sp=C,3] Y=34,C=1,K=1,R=1,X=1,S=1",-inf,-inf,0,X|C,1
X,153,C,3,K,6,Y,168,S,1,X,1,R,1,C,3,X,1,S,1,R,1,C,1,Y,34,K,2,"L1:[sp=X,153] C=3,K=6,Y=168,S=1,X=1,R=1 || L2:[sp=C,3] X=1,S=1,R=1,C=1,Y=34,K=2",-inf,-inf,0,X|C,1
X,153,C,3,K,6,Y,141,S,1,X,1,R,1,C,3,Y,34,S,1,R,1,C,1,X,1,K,2,"L1:[sp=X,153] C=3,K=6,Y=141,S=1,X=1,R=1 || L2:[sp=C,3] Y=34,S=1,R=1,C=1,X=1,K=2",-inf,-inf,0,X|C,1
X,153,K,6,Y,19,X,1,C,3,S,1,R,1,C,3,Y,12,C,1,R,1,K,1,X,1,S,1,"L1:[sp=X,153] K=6,Y=19,X=1,C=3,S=1,R=1 || L2:[sp=C,3] Y=12,C=1,R=1,K=1,X=1,S=1",-530065.0,-163323000.0,1,X|C,1
X,153,R,1,X,7,K,60,C,3,Y,47,S,1,C,3,Y,27,C,1,R,1,K,5,S,1,X,1,"L1:[sp=X,153] R=1,X=7,K=60,C=3,Y=47,S=1 || L2:[sp=C,3] Y=27,C=1,R=1,K=5,S=1,X=1",-inf,-inf,0,X|C,1
X,153,K,6,Y,19,X,1,C,3,S,1,R,1,C,3,Y,19,C,1,R,1,K,1,X,1,S,1,"L1:[sp=X,153] K=6,Y=19,X=1,C=3,S=1,R=1 || L2:[sp=C,3] Y=19,C=1,R=1,K=1,X=1,S=1",-530065.0,-163323000.0,1,X|C,1
X,153,R,1,X,169,K,6,C,3,Y,47,S,1,C,3,S,1,C,1,R,1,K,5,Y,27,X,1,"L1:[sp=X,153] R=1,X=169,K=6,C=3,Y=47,S=1 || L2:[sp=C,3] S=1,C=1,R=1,K=5,Y=27,X=1",-inf,-inf,0,X|C,1
X,153,C,3,K,6,Y,34,S,1,X,11,R,3,C,3,Y,34,S,1,R,1,C,1,X,1,K,2,"L1:[sp=X,153] C=3,K=6,Y=34,S=1,X=11,R=3 || L2:[sp=C,3] Y=34,S=1,R=1,C=1,X=1,K=2",-inf,-inf,0,X|C,1
X,153,C,3,K,6,S,1,R,1,X,1,Y,34,C,3,X,1,S,1,R,1,C,1,K,3,Y,34,"L1:[sp=X,153] C=3,K=6,S=1,R=1,X=1,Y=34 || L2:[sp=C,3] X=1,S=1,R=1,C=1,K=3,Y=34",-568261.0,-163323000.0,1,X|C,1
X,153,C,3,K,6,Y,78,S,1,X,1,R,1,C,3,Y,60,S,1,R,1,C,1,X,1,K,2,"L1:[sp=X,153] C=3,K=6,Y=78,S=1,X=1,R=1 || L2:[sp=C,3] Y=60,S=1,R=1,C=1,X=1,K=2",-540325.0,-163324000.0,1,X|C,1
