L1_sp_dim,L1_sp_sz,L1_pos1_dim,L1_pos1_tile,L1_pos2_dim,L1_pos2_tile,L1_pos3_dim,L1_pos3_tile,L1_pos4_dim,L1_pos4_tile,L1_pos5_dim,L1_pos5_tile,L1_pos6_dim,L1_pos6_tile,L2_sp_dim,L2_sp_sz,L2_pos1_dim,L2_pos1_tile,L2_pos2_dim,L2_pos2_tile,L2_pos3_dim,L2_pos3_tile,L2_pos4_dim,L2_pos4_tile,L2_pos5_dim,L2_pos5_tile,L2_pos6_dim,L2_pos6_tile,genome_str,fitness1,fitness2,valid,genome_pattern,layer
K,3,S,3,R,6,C,3,K,40,Y,224,X,224,K,40,C,1,R,1,Y,1,S,1,X,1,K,1,"L1:[sp=K,3] S=3,R=6,C=3,K=40,Y=224,X=224 || L2:[sp=K,40] C=1,R=1,Y=1,S=1,X=1,K=1",-154.0,-163323000.0,1,K|K,1
K,3,S,3,R,6,C,3,K,40,Y,224,X,224,K,40,X,1,R,1,Y,1,S,1,C,1,K,1,"L1:[sp=K,3] S=3,R=6,C=3,K=40,Y=224,X=224 || L2:[sp=K,40] X=1,R=1,Y=1,S=1,C=1,K=1",-154.0,-163323000.0,1,K|K,1
K,3,K,40,R,5,C,2,X,223,Y,224,S,3,K,40,C,1,R,1,X,1,S,1,Y,1,K,1,"L1:[sp=K,3] K=40,R=5,C=2,X=223,Y=224,S=3 || L2:[sp=K,40] C=1,R=1,X=1,S=1,Y=1,K=1",-160.0,-163323000.0,1,K|K,1
K,3,K,40,R,6,C,2,X,223,Y,224,S,3,K,40,C,1,X,1,R,1,S,1,Y,1,K,1,"L1:[sp=K,3] K=40,R=6,C=2,X=223,Y=224,S=3 || L2:[sp=K,40] C=1,X=1,R=1,S=1,Y=1,K=1",-160.0,-163323000.0,1,K|K,1
K,3,K,40,R,6,C,2,X,223,Y,224,S,3,K,40,C,1,X,1,S,1,R,1,Y,1,K,1,"L1:[sp=K,3] K=40,R=6,C=2,X=223,Y=224,S=3 || L2:[sp=K,40] C=1,X=1,S=1,R=1,Y=1,K=1",-160.0,-163323000.0,1,K|K,1
K,3,K,40,R,5,C,1,X,223,Y,224,S,3,K,40,C,1,R,1,X,1,S,1,Y,1,K,1,"L1:[sp=K,3] K=40,R=5,C=1,X=223,Y=224,S=3 || L2:[sp=K,40] C=1,R=1,X=1,S=1,Y=1,K=1",-166.0,-163323000.0,1,K|K,1
K,3,S,3,R,6,K,17,C,1,Y,224,X,223,K,40,C,1,R,1,Y,1,S,1,X,1,K,1,"L1:[sp=K,3] S=3,R=6,K=17,C=1,Y=224,X=223 || L2:[sp=K,40] C=1,R=1,Y=1,S=1,X=1,K=1",-166.0,-163323000.0,1,K|K,1
K,3,K,16,R,5,C,1,X,223,Y,224,S,3,K,40,C,1,X,1,K,1,S,1,Y,1,R,1,"L1:[sp=K,3] K=16,R=5,C=1,X=223,Y=224,S=3 || L2:[sp=K,40] C=1,X=1,K=1,S=1,Y=1,R=1",-166.0,-163323000.0,1,K|K,1
K,3,S,3,R,6,C,3,X,224,Y,224,K,40,K,40,C,1,R,2,X,1,S,1,Y,1,K,1,"L1:[sp=K,3] S=3,R=6,C=3,X=224,Y=224,K=40 || L2:[sp=K,40] C=1,R=2,X=1,S=1,Y=1,K=1",-175.0,-163323000.0,1,K|K,1
K,3,S,3,R,4,C,2,X,224,Y,224,K,40,K,40,C,1,R,1,X,1,S,3,Y,1,K,1,"L1:[sp=K,3] S=3,R=4,C=2,X=224,Y=224,K=40 || L2:[sp=K,40] C=1,R=1,X=1,S=3,Y=1,K=1",-202.0,-163323000.0,1,K|K,1
K,3,S,3,R,6,C,2,K,40,Y,224,X,224,K,40,C,1,R,3,Y,1,S,1,X,1,K,1,"L1:[sp=K,3] S=3,R=6,C=2,K=40,Y=224,X=224 || L2:[sp=K,40] C=1,R=3,Y=1,S=1,X=1,K=1",-202.0,-163323000.0,1,K|K,1
K,3,X,224,R,5,C,1,K,40,Y,224,S,3,K,40,C,1,R,1,Y,1,S,3,X,1,K,1,"L1:[sp=K,3] X=224,R=5,C=1,K=40,Y=224,S=3 || L2:[sp=K,40] C=1,R=1,Y=1,S=3,X=1,K=1",-208.0,-163323000.0,1,K|K,1
K,3,K,40,R,5,C,1,X,223,Y,224,S,3,K,40,C,1,X,1,R,1,S,3,Y,1,K,1,"L1:[sp=K,3] K=40,R=5,C=1,X=223,Y=224,S=3 || L2:[sp=K,40] C=1,X=1,R=1,S=3,Y=1,K=1",-208.0,-163323000.0,1,K|K,1
K,3,S,3,R,5,C,1,K,40,Y,224,X,224,K,40,C,1,R,1,Y,1,S,3,X,1,K,1,"L1:[sp=K,3] S=3,R=5,C=1,K=40,Y=224,X=224 || L2:[sp=K,40] C=1,R=1,Y=1,S=3,X=1,K=1",-208.0,-163323000.0,1,K|K,1
K,3,S,3,R,6,C,2,X,223,Y,224,K,2,C,3,S,1,R,1,X,1,C,1,Y,1,K,2,"L1:[sp=K,3] S=3,R=6,C=2,X=223,Y=224,K=2 || L2:[sp=C,3] S=1,R=1,X=1,C=1,Y=1,K=2",-209.0,-163323000.0,1,K|C,1
K,3,S,3,R,5,K,17,C,1,Y,224,X,224,K,40,C,1,R,5,Y,1,S,3,X,1,K,1,"L1:[sp=K,3] S=3,R=5,K=17,C=1,Y=224,X=224 || L2:[sp=K,40] C=1,R=5,Y=1,S=3,X=1,K=1",-289.0,-163323000.0,1,K|K,1
K,3,S,4,R,3,C,2,X,223,Y,224,K,2,K,3,C,2,R,3,X,1,S,4,Y,1,K,1,"L1:[sp=K,3] S=4,R=3,C=2,X=223,Y=224,K=2 || L2:[sp=K,3] C=2,R=3,X=1,S=4,Y=1,K=1",-301.0,-163323000.0,1,K|K,1
K,3,Y,224,K,2,R,3,X,223,S,4,C,2,K,3,C,1,Y,1,X,1,S,1,R,1,K,2,"L1:[sp=K,3] Y=224,K=2,R=3,X=223,S=4,C=2 || L2:[sp=K,3] C=1,Y=1,X=1,S=1,R=1,K=2",-307.0,-163323000.0,1,K|K,1
K,3,S,3,R,5,C,2,X,223,Y,224,K,2,K,3,S,1,R,1,X,1,C,1,Y,1,K,2,"L1:[sp=K,3] S=3,R=5,C=2,X=223,Y=224,K=2 || L2:[sp=K,3] S=1,R=1,X=1,C=1,Y=1,K=2",-307.0,-163323000.0,1,K|K,1
K,3,S,3,R,5,X,223,C,2,Y,224,K,2,K,3,S,1,R,1,X,1,K,2,Y,1,C,1,"L1:[sp=K,3] S=3,R=5,X=223,C=2,Y=224,K=2 || L2:[sp=K,3] S=1,R=1,X=1,K=2,Y=1,C=1",-307.0,-163323000.0,1,K|K,1
K,3,K,40,R,5,C,2,X,223,Y,224,S,3,K,40,C,1,R,1,X,1,S,2,Y,1,K,1,"L1:[sp=K,3] K=40,R=5,C=2,X=223,Y=224,S=3 || L2:[sp=K,40] C=1,R=1,X=1,S=2,Y=1,K=1",-307.0,-163323000.0,1,K|K,1
K,3,S,3,R,6,C,2,X,223,Y,224,K,2,K,3,S,1,R,1,X,1,C,1,Y,1,K,2,"L1:[sp=K,3] S=3,R=6,C=2,X=223,Y=224,K=2 || L2:[sp=K,3] S=1,R=1,X=1,C=1,Y=1,K=2",-307.0,-163323000.0,1,K|K,1
K,3,S,3,R,6,C,2,X,223,Y,224,K,2,K,3,R,1,S,1,X,1,C,1,Y,1,K,2,"L1:[sp=K,3] S=3,R=6,C=2,X=223,Y=224,K=2 || L2:[sp=K,3] R=1,S=1,X=1,C=1,Y=1,K=2",-307.0,-163323000.0,1,K|K,1
X,3,S,3,R,6,C,3,K,40,Y,224,X,224,K,40,C,1,R,1,Y,1,S,1,X,1,K,1,"L1:[sp=X,3] S=3,R=6,C=3,K=40,Y=224,X=224 || L2:[sp=K,40] C=1,R=1,Y=1,S=1,X=1,K=1",-307.0,-163323000.0,1,X|K,1
K,3,K,40,R,7,C,3,X,223,Y,224,S,4,K,40,C,1,R,2,X,1,S,4,Y,1,K,1,"L1:[sp=K,3] K=40,R=7,C=3,X=223,Y=224,S=4 || L2:[sp=K,40] C=1,R=2,X=1,S=4,Y=1,K=1",-339.0,-163323000.0,1,K|K,1
K,3,X,223,R,7,C,1,K,40,Y,224,S,4,K,40,K,1,R,2,Y,1,S,4,X,1,C,1,"L1:[sp=K,3] X=223,R=7,C=1,K=40,Y=224,S=4 || L2:[sp=K,40] K=1,R=2,Y=1,S=4,X=1,C=1",-343.0,-163323000.0,1,K|K,1
K,3,K,40,R,7,C,1,X,223,Y,224,S,4,K,40,C,1,X,1,R,2,S,4,Y,1,K,1,"L1:[sp=K,3] K=40,R=7,C=1,X=223,Y=224,S=4 || L2:[sp=K,40] C=1,X=1,R=2,S=4,Y=1,K=1",-343.0,-163323000.0,1,K|K,1
K,3,S,4,C,3,K,21,X,223,Y,224,R,6,K,76,C,3,X,1,R,2,S,1,Y,1,K,1,"L1:[sp=K,3] S=4,C=3,K=21,X=223,Y=224,R=6 || L2:[sp=K,76] C=3,X=1,R=2,S=1,Y=1,K=1",-345.0,-163323000.0,1,K|K,1
K,3,S,3,R,6,C,2,X,223,Y,224,K,2,K,3,S,1,R,2,X,1,C,1,Y,1,K,2,"L1:[sp=K,3] S=3,R=6,C=2,X=223,Y=224,K=2 || L2:[sp=K,3] S=1,R=2,X=1,C=1,Y=1,K=2",-349.0,-163323000.0,1,K|K,1
K,3,S,3,R,4,C,2,X,224,Y,224,K,2,K,3,S,3,R,1,X,1,C,1,Y,1,K,2,"L1:[sp=K,3] S=3,R=4,C=2,X=224,Y=224,K=2 || L2:[sp=K,3] S=3,R=1,X=1,C=1,Y=1,K=2",-391.0,-163323000.0,1,K|K,1
K,3,S,3,R,5,C,2,X,224,Y,224,K,2,K,3,S,3,R,1,X,1,C,1,Y,1,K,2,"L1:[sp=K,3] S=3,R=5,C=2,X=224,Y=224,K=2 || L2:[sp=K,3] S=3,R=1,X=1,C=1,Y=1,K=2",-391.0,-163323000.0,1,K|K,1
K,3,K,48,R,5,C,1,X,223,Y,224,S,3,K,40,C,1,R,1,X,1,S,3,Y,1,K,1,"L1:[sp=K,3] K=48,R=5,C=1,X=223,Y=224,S=3 || L2:[sp=K,40] C=1,R=1,X=1,S=3,Y=1,K=1",-397.0,-163323000.0,1,K|K,1
K,3,S,3,R,5,C,2,X,223,Y,224,K,2,K,3,C,2,R,1,X,2,S,1,Y,1,K,1,"L1:[sp=K,3] S=3,R=5,C=2,X=223,Y=224,K=2 || L2:[sp=K,3] C=2,R=1,X=2,S=1,Y=1,K=1",-405.0,-163323000.0,1,K|K,1
K,3,S,4,C,2,R,3,X,223,Y,224,K,2,K,3,C,2,R,2,X,1,S,4,Y,1,K,1,"L1:[sp=K,3] S=4,C=2,R=3,X=223,Y=224,K=2 || L2:[sp=K,3] C=2,R=2,X=1,S=4,Y=1,K=1",-461.0,-163323000.0,1,K|K,1
K,3,S,4,R,3,C,2,X,223,Y,224,K,2,K,3,C,2,R,2,X,1,S,4,Y,1,K,1,"L1:[sp=K,3] S=4,R=3,C=2,X=223,Y=224,K=2 || L2:[sp=K,3] C=2,R=2,X=1,S=4,Y=1,K=1",-461.0,-163323000.0,1,K|K,1
K,3,R,3,K,2,Y,224,X,223,S,4,C,2,K,3,C,2,Y,1,X,1,S,4,R,2,K,1,"L1:[sp=K,3] R=3,K=2,Y=224,X=223,S=4,C=2 || L2:[sp=K,3] C=2,Y=1,X=1,S=4,R=2,K=1",-461.0,-163323000.0,1,K|K,1
K,3,X,223,K,2,R,2,Y,224,S,4,C,2,C,2,C,1,K,2,Y,1,X,2,R,2,S,1,"L1:[sp=K,3] X=223,K=2,R=2,Y=224,S=4,C=2 || L2:[sp=C,2] C=1,K=2,Y=1,X=2,R=2,S=1",-465.0,-163323000.0,1,K|C,1
K,3,S,3,R,5,C,2,X,224,Y,224,K,2,C,3,S,3,R,3,Y,1,C,1,X,1,K,2,"L1:[sp=K,3] S=3,R=5,C=2,X=224,Y=224,K=2 || L2:[sp=C,3] S=3,R=3,Y=1,C=1,X=1,K=2",-517.0,-163323000.0,1,K|C,1
K,3,S,3,R,5,C,2,X,223,Y,224,K,2,K,3,C,2,R,5,X,2,S,2,Y,1,K,1,"L1:[sp=K,3] S=3,R=5,C=2,X=223,Y=224,K=2 || L2:[sp=K,3] C=2,R=5,X=2,S=2,Y=1,K=1",-573.0,-163323000.0,1,K|K,1
K,3,Y,224,R,5,C,2,X,223,S,3,K,2,K,3,C,2,R,5,X,2,S,1,Y,1,K,1,"L1:[sp=K,3] Y=224,R=5,C=2,X=223,S=3,K=2 || L2:[sp=K,3] C=2,R=5,X=2,S=1,Y=1,K=1",-573.0,-163323000.0,1,K|K,1
K,3,S,5,R,5,X,223,C,2,Y,224,K,2,K,3,S,1,R,2,X,1,Y,1,K,2,C,1,"L1:[sp=K,3] S=5,R=5,X=223,C=2,Y=224,K=2 || L2:[sp=K,3] S=1,R=2,X=1,Y=1,K=2,C=1",-597.0,-163323000.0,1,K|K,1
K,3,S,5,R,5,C,2,X,223,Y,224,K,2,K,3,S,3,R,1,X,1,C,1,Y,1,K,2,"L1:[sp=K,3] S=5,R=5,C=2,X=223,Y=224,K=2 || L2:[sp=K,3] S=3,R=1,X=1,C=1,Y=1,K=2",-597.0,-163323000.0,1,K|K,1
K,3,Y,224,K,2,R,5,X,223,S,3,C,2,K,3,C,1,Y,1,X,2,S,1,R,1,K,2,"L1:[sp=K,3] Y=224,K=2,R=5,X=223,S=3,C=2 || L2:[sp=K,3] C=1,Y=1,X=2,S=1,R=1,K=2",-601.0,-163323000.0,1,K|K,1
K,3,Y,224,K,2,R,5,X,223,S,3,C,2,K,3,C,1,S,1,X,2,Y,1,R,1,K,2,"L1:[sp=K,3] Y=224,K=2,R=5,X=223,S=3,C=2 || L2:[sp=K,3] C=1,S=1,X=2,Y=1,R=1,K=2",-601.0,-163323000.0,1,K|K,1
K,3,Y,224,K,2,R,3,X,223,S,4,C,2,K,3,C,1,S,1,X,1,Y,1,R,2,K,2,"L1:[sp=K,3] Y=224,K=2,R=3,X=223,S=4,C=2 || L2:[sp=K,3] C=1,S=1,X=1,Y=1,R=2,K=2",-601.0,-163323000.0,1,K|K,1
K,3,Y,224,K,3,R,5,X,223,S,3,C,2,K,3,C,1,S,1,X,2,Y,1,R,1,K,2,"L1:[sp=K,3] Y=224,K=3,R=5,X=223,S=3,C=2 || L2:[sp=K,3] C=1,S=1,X=2,Y=1,R=1,K=2",-601.0,-163323000.0,1,K|K,1
K,3,Y,224,K,2,R,3,X,223,S,4,C,2,K,3,C,1,Y,1,X,1,S,1,R,2,K,2,"L1:[sp=K,3] Y=224,K=2,R=3,X=223,S=4,C=2 || L2:[sp=K,3] C=1,Y=1,X=1,S=1,R=2,K=2",-601.0,-163323000.0,1,K|K,1
K,3,S,3,R,5,C,2,X,223,Y,224,K,2,K,3,S,2,R,1,X,1,C,1,Y,1,K,2,"L1:[sp=K,3] S=3,R=5,C=2,X=223,Y=224,K=2 || L2:[sp=K,3] S=2,R=1,X=1,C=1,Y=1,K=2",-601.0,-163323000.0,1,K|K,1
K,3,X,223,K,2,R,3,Y,224,S,3,C,2,K,3,C,1,S,1,X,2,Y,1,R,1,K,2,"L1:[sp=K,3] X=223,K=2,R=3,Y=224,S=3,C=2 || L2:[sp=K,3] C=1,S=1,X=2,Y=1,R=1,K=2",-607.0,-163323000.0,1,K|K,1
K,3,S,3,C,1,R,5,X,223,Y,224,K,2,K,3,C,1,Y,1,X,6,K,2,R,1,S,1,"L1:[sp=K,3] S=3,C=1,R=5,X=223,Y=224,K=2 || L2:[sp=K,3] C=1,Y=1,X=6,K=2,R=1,S=1",-607.0,-163323000.0,1,K|K,1
Y,3,C,3,S,4,K,30,X,223,Y,224,R,5,K,76,C,3,X,1,R,5,S,1,Y,1,K,1,"L1:[sp=Y,3] C=3,S=4,K=30,X=223,Y=224,R=5 || L2:[sp=K,76] C=3,X=1,R=5,S=1,Y=1,K=1",-643.0,-163323000.0,1,Y|K,1
Y,3,C,1,S,4,K,30,X,223,Y,224,R,5,K,76,C,1,X,1,R,5,S,1,Y,1,K,1,"L1:[sp=Y,3] C=1,S=4,K=30,X=223,Y=224,R=5 || L2:[sp=K,76] C=1,X=1,R=5,S=1,Y=1,K=1",-667.0,-163323000.0,1,Y|K,1
K,3,S,4,R,7,C,2,X,223,Y,224,K,2,K,3,C,2,R,3,X,1,S,4,Y,1,K,1,"L1:[sp=K,3] S=4,R=7,C=2,X=223,Y=224,K=2 || L2:[sp=K,3] C=2,R=3,X=1,S=4,Y=1,K=1",-677.0,-163323000.0,1,K|K,1
K,3,S,4,R,7,C,2,X,223,Y,224,K,2,K,3,S,4,R,2,X,1,C,1,Y,1,K,2,"L1:[sp=K,3] S=4,R=7,C=2,X=223,Y=224,K=2 || L2:[sp=K,3] S=4,R=2,X=1,C=1,Y=1,K=2",-677.0,-163323000.0,1,K|K,1
K,3,S,4,R,7,C,1,X,223,Y,224,K,2,C,3,S,4,R,2,X,1,C,1,Y,1,K,2,"L1:[sp=K,3] S=4,R=7,C=1,X=223,Y=224,K=2 || L2:[sp=C,3] S=4,R=2,X=1,C=1,Y=1,K=2",-679.0,-163323000.0,1,K|C,1
K,3,Y,224,K,3,R,3,X,223,S,4,C,2,K,3,C,1,S,4,Y,1,X,1,R,2,K,2,"L1:[sp=K,3] Y=224,K=3,R=3,X=223,S=4,C=2 || L2:[sp=K,3] C=1,S=4,Y=1,X=1,R=2,K=2",-685.0,-163323000.0,1,K|K,1
K,3,S,4,R,3,C,2,X,223,Y,224,K,2,K,3,C,1,R,2,X,1,S,4,Y,1,K,2,"L1:[sp=K,3] S=4,R=3,C=2,X=223,Y=224,K=2 || L2:[sp=K,3] C=1,R=2,X=1,S=4,Y=1,K=2",-685.0,-163323000.0,1,K|K,1
Y,3,S,4,C,3,K,21,X,223,Y,224,R,6,K,76,C,3,X,1,R,2,S,1,Y,1,K,1,"L1:[sp=Y,3] S=4,C=3,K=21,X=223,Y=224,R=6 || L2:[sp=K,76] C=3,X=1,R=2,S=1,Y=1,K=1",-689.0,-163323000.0,1,Y|K,1
K,3,X,223,K,2,R,2,Y,224,S,4,C,2,K,3,C,1,S,1,X,2,Y,1,R,2,K,2,"L1:[sp=K,3] X=223,K=2,R=2,Y=224,S=4,C=2 || L2:[sp=K,3] C=1,S=1,X=2,Y=1,R=2,K=2",-689.0,-163323000.0,1,K|K,1
K,3,X,223,K,2,R,2,Y,224,S,4,C,2,K,3,C,1,K,2,X,2,Y,1,R,2,S,1,"L1:[sp=K,3] X=223,K=2,R=2,Y=224,S=4,C=2 || L2:[sp=K,3] C=1,K=2,X=2,Y=1,R=2,S=1",-689.0,-163323000.0,1,K|K,1
Y,3,C,3,S,4,K,30,X,223,Y,224,R,6,K,76,C,3,X,1,R,6,S,1,Y,1,K,1,"L1:[sp=Y,3] C=3,S=4,K=30,X=223,Y=224,R=6 || L2:[sp=K,76] C=3,X=1,R=6,S=1,Y=1,K=1",-769.0,-163323000.0,1,Y|K,1
K,3,S,3,C,2,R,5,X,223,Y,224,K,2,K,3,C,2,Y,1,X,2,S,1,R,1,K,2,"L1:[sp=K,3] S=3,C=2,R=5,X=223,Y=224,K=2 || L2:[sp=K,3] C=2,Y=1,X=2,S=1,R=1,K=2",-797.0,-163323000.0,1,K|K,1
K,3,S,3,C,2,R,5,X,223,Y,224,K,2,K,3,C,2,Y,1,X,6,K,2,R,1,S,1,"L1:[sp=K,3] S=3,C=2,R=5,X=223,Y=224,K=2 || L2:[sp=K,3] C=2,Y=1,X=6,K=2,R=1,S=1",-797.0,-163323000.0,1,K|K,1
Y,3,Y,224,K,42,R,5,X,223,S,3,C,2,K,76,C,2,S,2,R,1,X,1,Y,1,K,1,"L1:[sp=Y,3] Y=224,K=42,R=5,X=223,S=3,C=2 || L2:[sp=K,76] C=2,S=2,R=1,X=1,Y=1,K=1",-809.0,-163323000.0,1,Y|K,1
K,3,Y,224,K,2,R,5,X,223,S,3,C,2,K,3,C,1,Y,1,X,2,S,2,R,5,K,2,"L1:[sp=K,3] Y=224,K=2,R=5,X=223,S=3,C=2 || L2:[sp=K,3] C=1,Y=1,X=2,S=2,R=5,K=2",-853.0,-163323000.0,1,K|K,1
K,3,Y,224,K,3,R,5,X,223,S,3,C,2,K,3,C,1,S,1,X,2,Y,1,R,5,K,2,"L1:[sp=K,3] Y=224,K=3,R=5,X=223,S=3,C=2 || L2:[sp=K,3] C=1,S=1,X=2,Y=1,R=5,K=2",-853.0,-163323000.0,1,K|K,1
K,3,Y,224,K,7,R,5,X,223,S,3,C,2,K,3,C,1,S,1,X,2,Y,1,R,1,K,2,"L1:[sp=K,3] Y=224,K=7,R=5,X=223,S=3,C=2 || L2:[sp=K,3] C=1,S=1,X=2,Y=1,R=1,K=2",-895.0,-163323000.0,1,K|K,1
K,3,Y,224,K,7,R,5,X,223,S,3,C,2,K,3,C,1,R,1,X,2,Y,1,S,1,K,2,"L1:[sp=K,3] Y=224,K=7,R=5,X=223,S=3,C=2 || L2:[sp=K,3] C=1,R=1,X=2,Y=1,S=1,K=2",-895.0,-163323000.0,1,K|K,1
K,3,Y,224,K,7,R,5,X,223,S,3,C,2,K,3,C,1,K,2,S,1,Y,1,R,1,X,2,"L1:[sp=K,3] Y=224,K=7,R=5,X=223,S=3,C=2 || L2:[sp=K,3] C=1,K=2,S=1,Y=1,R=1,X=2",-895.0,-163323000.0,1,K|K,1
Y,3,C,3,S,3,K,30,X,223,Y,224,R,5,K,76,C,3,X,6,R,1,S,1,Y,1,K,1,"L1:[sp=Y,3] C=3,S=3,K=30,X=223,Y=224,R=5 || L2:[sp=K,76] C=3,X=6,R=1,S=1,Y=1,K=1",-901.0,-163323000.0,1,Y|K,1
K,3,S,4,R,3,C,2,X,223,Y,224,K,2,X,2,C,2,R,2,K,1,S,4,Y,1,X,1,"L1:[sp=K,3] S=4,R=3,C=2,X=223,Y=224,K=2 || L2:[sp=X,2] C=2,R=2,K=1,S=4,Y=1,X=1",-909.0,-163323000.0,1,K|X,1
K,3,S,4,R,3,C,2,X,223,Y,224,K,2,K,3,K,2,R,2,X,1,S,2,Y,1,C,2,"L1:[sp=K,3] S=4,R=3,C=2,X=223,Y=224,K=2 || L2:[sp=K,3] K=2,R=2,X=1,S=2,Y=1,C=2",-909.0,-163323000.0,1,K|K,1
K,3,Y,224,K,2,R,3,X,223,S,4,C,2,Y,12,C,1,Y,1,X,1,S,1,R,2,K,2,"L1:[sp=K,3] Y=224,K=2,R=3,X=223,S=4,C=2 || L2:[sp=Y,12] C=1,Y=1,X=1,S=1,R=2,K=2",-919.0,-163323000.0,1,K|Y,1
K,3,X,223,R,7,C,1,K,40,Y,224,S,6,K,40,K,1,R,2,Y,1,S,4,X,1,C,1,"L1:[sp=K,3] X=223,R=7,C=1,K=40,Y=224,S=6 || L2:[sp=K,40] K=1,R=2,Y=1,S=4,X=1,C=1",-1015.0,-163323000.0,1,K|K,1
K,3,Y,224,K,7,R,3,X,223,S,4,C,2,K,3,C,1,S,4,X,1,Y,1,R,2,K,2,"L1:[sp=K,3] Y=224,K=7,R=3,X=223,S=4,C=2 || L2:[sp=K,3] C=1,S=4,X=1,Y=1,R=2,K=2",-1021.0,-163323000.0,1,K|K,1
K,3,S,3,R,5,C,2,X,223,Y,224,K,2,K,3,C,2,R,5,X,2,S,2,Y,1,K,2,"L1:[sp=K,3] S=3,R=5,C=2,X=223,Y=224,K=2 || L2:[sp=K,3] C=2,R=5,X=2,S=2,Y=1,K=2",-1133.0,-163323000.0,1,K|K,1
K,3,X,223,R,5,C,1,K,26,Y,224,S,3,K,5,K,1,C,1,Y,1,R,1,X,1,S,3,"L1:[sp=K,3] X=223,R=5,C=1,K=26,Y=224,S=3 || L2:[sp=K,5] K=1,C=1,Y=1,R=1,X=1,S=3",-1153.0,-163323000.0,1,K|K,1
K,3,Y,224,K,2,R,5,X,223,S,4,C,2,K,3,X,2,R,3,C,1,S,1,Y,1,K,2,"L1:[sp=K,3] Y=224,K=2,R=5,X=223,S=4,C=2 || L2:[sp=K,3] X=2,R=3,C=1,S=1,Y=1,K=2",-1185.0,-163323000.0,1,K|K,1
Y,3,S,4,K,21,C,3,X,223,Y,224,R,3,K,76,C,1,X,1,R,2,S,1,Y,1,K,1,"L1:[sp=Y,3] S=4,K=21,C=3,X=223,Y=224,R=3 || L2:[sp=K,76] C=1,X=1,R=2,S=1,Y=1,K=1",-1201.0,-163323000.0,1,Y|K,1
X,3,S,4,K,21,C,3,X,223,Y,224,R,3,K,76,C,1,X,1,R,2,S,1,Y,1,K,1,"L1:[sp=X,3] S=4,K=21,C=3,X=223,Y=224,R=3 || L2:[sp=K,76] C=1,X=1,R=2,S=1,Y=1,K=1",-1201.0,-163323000.0,1,X|K,1
Y,3,Y,224,K,42,R,5,X,223,S,3,C,1,K,76,C,1,S,2,R,2,X,1,Y,1,K,1,"L1:[sp=Y,3] Y=224,K=42,R=5,X=223,S=3,C=1 || L2:[sp=K,76] C=1,S=2,R=2,X=1,Y=1,K=1",-1213.0,-163323000.0,1,Y|K,1
K,3,R,3,S,4,C,3,X,223,Y,224,K,2,K,2,S,4,R,2,X,1,C,1,Y,10,K,2,"L1:[sp=K,3] R=3,S=4,C=3,X=223,Y=224,K=2 || L2:[sp=K,2] S=4,R=2,X=1,C=1,Y=10,K=2",-1351.0,-163323000.0,1,K|K,1
K,3,S,4,R,3,C,1,X,223,Y,224,K,2,K,1,S,4,R,2,X,1,C,1,Y,10,K,2,"L1:[sp=K,3] S=4,R=3,C=1,X=223,Y=224,K=2 || L2:[sp=K,1] S=4,R=2,X=1,C=1,Y=10,K=2",-1363.0,-163323000.0,1,K|K,1
K,3,Y,224,K,2,R,5,X,223,S,4,C,2,K,3,X,2,Y,1,R,3,S,1,C,2,K,2,"L1:[sp=K,3] Y=224,K=2,R=5,X=223,S=4,C=2 || L2:[sp=K,3] X=2,Y=1,R=3,S=1,C=2,K=2",-1577.0,-163323000.0,1,K|K,1
K,3,S,4,C,2,R,3,X,223,Y,224,K,2,K,3,C,2,Y,1,X,2,S,1,R,2,K,2,"L1:[sp=K,3] S=4,C=2,R=3,X=223,Y=224,K=2 || L2:[sp=K,3] C=2,Y=1,X=2,S=1,R=2,K=2",-1581.0,-163323000.0,1,K|K,1
K,3,S,3,X,223,R,5,Y,224,C,2,K,2,K,3,C,2,Y,1,X,6,K,2,R,2,S,1,"L1:[sp=K,3] S=3,X=223,R=5,Y=224,C=2,K=2 || L2:[sp=K,3] C=2,Y=1,X=6,K=2,R=2,S=1",-1581.0,-163323000.0,1,K|K,1
Y,3,Y,224,K,21,R,5,X,223,S,3,C,2,K,76,C,1,X,2,R,5,S,1,Y,1,K,1,"L1:[sp=Y,3] Y=224,K=21,R=5,X=223,S=3,C=2 || L2:[sp=K,76] C=1,X=2,R=5,S=1,Y=1,K=1",-1729.0,-163323000.0,1,Y|K,1
C,3,S,3,R,5,C,1,X,223,Y,224,K,2,K,3,C,1,R,1,X,1,S,1,Y,1,K,1,"L1:[sp=C,3] S=3,R=5,C=1,X=223,Y=224,K=2 || L2:[sp=K,3] C=1,R=1,X=1,S=1,Y=1,K=1",-1761.0,-163323000.0,1,C|K,1
K,3,Y,224,K,2,R,5,X,223,S,4,C,2,K,3,S,1,R,3,C,1,X,2,Y,20,K,2,"L1:[sp=K,3] Y=224,K=2,R=5,X=223,S=4,C=2 || L2:[sp=K,3] S=1,R=3,C=1,X=2,Y=20,K=2",-1773.0,-163323000.0,1,K|K,1
K,3,Y,224,K,21,R,5,X,223,S,3,C,1,K,3,C,1,Y,1,X,2,S,1,R,1,K,2,"L1:[sp=K,3] Y=224,K=21,R=5,X=223,S=3,C=1 || L2:[sp=K,3] C=1,Y=1,X=2,S=1,R=1,K=2",-2077.0,-163323000.0,1,K|K,1
K,3,S,3,R,5,C,1,X,223,Y,224,K,40,K,3,C,1,R,1,X,1,S,1,Y,1,K,1,"L1:[sp=K,3] S=3,R=5,C=1,X=223,Y=224,K=40 || L2:[sp=K,3] C=1,R=1,X=1,S=1,Y=1,K=1",-2077.0,-163323000.0,1,K|K,1
K,3,K,40,R,5,C,1,X,223,Y,224,S,3,K,3,C,1,R,1,X,1,S,1,Y,1,K,1,"L1:[sp=K,3] K=40,R=5,C=1,X=223,Y=224,S=3 || L2:[sp=K,3] C=1,R=1,X=1,S=1,Y=1,K=1",-2077.0,-163323000.0,1,K|K,1
K,3,S,3,R,5,Y,224,K,41,C,1,X,223,K,3,C,1,R,1,X,1,S,1,Y,1,K,1,"L1:[sp=K,3] S=3,R=5,Y=224,K=41,C=1,X=223 || L2:[sp=K,3] C=1,R=1,X=1,S=1,Y=1,K=1",-2077.0,-163323000.0,1,K|K,1
K,3,S,3,R,6,C,2,X,223,Y,224,K,2,X,28,S,3,X,1,R,1,C,1,Y,1,K,2,"L1:[sp=K,3] S=3,R=6,C=2,X=223,Y=224,K=2 || L2:[sp=X,28] S=3,X=1,R=1,C=1,Y=1,K=2",-2341.0,-163323000.0,1,K|X,1
K,3,S,3,R,6,C,3,X,224,Y,224,K,40,K,40,C,1,R,2,X,14,S,1,Y,1,K,1,"L1:[sp=K,3] S=3,R=6,C=3,X=224,Y=224,K=40 || L2:[sp=K,40] C=1,R=2,X=14,S=1,Y=1,K=1",-2359.0,-163323000.0,1,K|K,1
K,3,K,40,R,6,C,1,X,223,Y,224,S,3,K,40,C,1,X,35,R,2,S,1,Y,1,K,1,"L1:[sp=K,3] K=40,R=6,C=1,X=223,Y=224,S=3 || L2:[sp=K,40] C=1,X=35,R=2,S=1,Y=1,K=1",-2371.0,-163323000.0,1,K|K,1
K,3,S,3,X,223,C,3,K,1,Y,224,R,6,K,40,R,1,C,1,Y,1,S,1,X,1,K,1,"L1:[sp=K,3] S=3,X=223,C=3,K=1,Y=224,R=6 || L2:[sp=K,40] R=1,C=1,Y=1,S=1,X=1,K=1",-2449.0,-163323000.0,1,K|K,1
K,3,S,3,R,6,C,3,K,40,Y,224,X,224,C,3,C,1,R,1,Y,1,S,3,X,1,K,1,"L1:[sp=K,3] S=3,R=6,C=3,K=40,Y=224,X=224 || L2:[sp=C,3] C=1,R=1,Y=1,S=3,X=1,K=1",-2527.0,-163323000.0,1,K|C,1
K,3,S,3,R,5,Y,224,K,54,C,1,X,223,K,3,C,1,R,1,X,1,S,1,Y,1,K,1,"L1:[sp=K,3] S=3,R=5,Y=224,K=54,C=1,X=223 || L2:[sp=K,3] C=1,R=1,X=1,S=1,Y=1,K=1",-2665.0,-163323000.0,1,K|K,1
K,3,Y,224,K,59,R,3,X,223,S,4,C,2,K,3,C,1,Y,1,X,1,S,1,R,1,K,2,"L1:[sp=K,3] Y=224,K=59,R=3,X=223,S=4,C=2 || L2:[sp=K,3] C=1,Y=1,X=1,S=1,R=1,K=2",-2953.0,-163323000.0,1,K|K,1
K,3,S,4,C,3,K,21,X,223,Y,224,R,7,Y,24,C,3,X,1,R,2,S,1,Y,1,K,1,"L1:[sp=K,3] S=4,C=3,K=21,X=223,Y=224,R=7 || L2:[sp=Y,24] C=3,X=1,R=2,S=1,Y=1,K=1",-3090.0,-163323000.0,1,K|Y,1
K,3,Y,224,K,21,C,3,X,223,R,3,S,4,Y,76,C,1,X,1,R,2,S,1,Y,1,K,1,"L1:[sp=K,3] Y=224,K=21,C=3,X=223,R=3,S=4 || L2:[sp=Y,76] C=1,X=1,R=2,S=1,Y=1,K=1",-3247.0,-163323000.0,1,K|Y,1
K,3,S,3,C,1,R,5,X,223,Y,224,K,2,K,3,C,1,Y,1,X,6,K,2,R,5,S,3,"L1:[sp=K,3] S=3,C=1,R=5,X=223,Y=224,K=2 || L2:[sp=K,3] C=1,Y=1,X=6,K=2,R=5,S=3",-3259.0,-163323000.0,1,K|K,1
K,3,Y,224,K,7,R,7,X,223,S,3,C,2,K,3,C,1,S,1,X,2,Y,1,R,5,K,2,"L1:[sp=K,3] Y=224,K=7,R=7,X=223,S=3,C=2 || L2:[sp=K,3] C=1,S=1,X=2,Y=1,R=5,K=2",-3535.0,-163323000.0,1,K|K,1
K,3,Y,224,K,21,R,3,X,223,S,4,C,2,K,3,C,1,Y,1,X,1,S,1,R,2,K,13,"L1:[sp=K,3] Y=224,K=21,R=3,X=223,S=4,C=2 || L2:[sp=K,3] C=1,Y=1,X=1,S=1,R=2,K=13",-3835.0,-163323000.0,1,K|K,1
K,3,Y,224,R,5,C,1,X,223,K,40,S,5,K,40,C,1,R,1,X,33,Y,1,K,1,S,1,"L1:[sp=K,3] Y=224,R=5,C=1,X=223,K=40,S=5 || L2:[sp=K,40] C=1,R=1,X=33,Y=1,K=1,S=1",-3835.0,-163323000.0,1,K|K,1
K,3,S,3,R,3,C,2,X,223,Y,224,K,28,K,3,K,2,R,2,C,2,S,1,Y,1,X,1,"L1:[sp=K,3] S=3,R=3,C=2,X=223,Y=224,K=28 || L2:[sp=K,3] K=2,R=2,C=2,S=1,Y=1,X=1",-3939.0,-163323000.0,1,K|K,1
K,3,K,40,R,7,C,1,X,223,Y,224,S,4,K,3,C,1,R,2,X,1,S,4,Y,1,K,1,"L1:[sp=K,3] K=40,R=7,C=1,X=223,Y=224,S=4 || L2:[sp=K,3] C=1,R=2,X=1,S=4,Y=1,K=1",-4711.0,-163323000.0,1,K|K,1
K,3,K,40,R,3,C,1,X,223,Y,224,S,4,K,3,C,1,R,2,X,1,S,4,Y,1,K,1,"L1:[sp=K,3] K=40,R=3,C=1,X=223,Y=224,S=4 || L2:[sp=K,3] C=1,R=2,X=1,S=4,Y=1,K=1",-4723.0,-163323000.0,1,K|K,1
K,3,Y,224,S,3,R,5,X,223,K,54,C,2,K,3,C,1,Y,1,R,1,S,1,X,2,K,2,"L1:[sp=K,3] Y=224,S=3,R=5,X=223,K=54,C=2 || L2:[sp=K,3] C=1,Y=1,R=1,S=1,X=2,K=2",-5305.0,-163323000.0,1,K|K,1
K,3,S,4,C,2,R,5,X,223,Y,224,K,40,K,3,C,2,Y,1,X,6,K,2,R,1,S,1,"L1:[sp=K,3] S=4,C=2,R=5,X=223,Y=224,K=40 || L2:[sp=K,3] C=2,Y=1,X=6,K=2,R=1,S=1",-5497.0,-163323000.0,1,K|K,1
K,3,S,3,R,4,C,2,X,224,Y,224,K,2,K,3,S,3,R,1,X,23,C,1,Y,1,K,2,"L1:[sp=K,3] S=3,R=4,C=2,X=224,Y=224,K=2 || L2:[sp=K,3] S=3,R=1,X=23,C=1,Y=1,K=2",-5683.0,-163323000.0,1,K|K,1
K,3,Y,224,K,56,R,5,X,223,S,3,C,2,K,3,C,1,S,1,X,2,Y,1,R,1,K,2,"L1:[sp=K,3] Y=224,K=56,R=5,X=223,S=3,C=2 || L2:[sp=K,3] C=1,S=1,X=2,Y=1,R=1,K=2",-5893.0,-163323000.0,1,K|K,1
K,3,K,40,R,5,C,1,X,223,Y,224,S,4,Y,21,C,1,R,1,X,1,S,1,Y,1,K,1,"L1:[sp=K,3] K=40,R=5,C=1,X=223,Y=224,S=4 || L2:[sp=Y,21] C=1,R=1,X=1,S=1,Y=1,K=1",-5893.0,-163323000.0,1,K|Y,1
K,3,K,40,R,5,C,1,X,223,Y,224,S,3,Y,14,C,1,R,1,X,1,S,1,Y,1,K,1,"L1:[sp=K,3] K=40,R=5,C=1,X=223,Y=224,S=3 || L2:[sp=Y,14] C=1,R=1,X=1,S=1,Y=1,K=1",-5899.0,-163323000.0,1,K|Y,1
K,3,K,40,R,5,C,1,X,223,Y,224,S,3,Y,40,C,1,R,3,X,1,S,1,Y,1,K,1,"L1:[sp=K,3] K=40,R=5,C=1,X=223,Y=224,S=3 || L2:[sp=Y,40] C=1,R=3,X=1,S=1,Y=1,K=1",-5899.0,-163323000.0,1,K|Y,1
K,3,S,4,R,3,C,2,X,223,Y,224,K,62,K,3,Y,1,R,3,X,1,S,4,C,2,K,1,"L1:[sp=K,3] S=4,R=3,C=2,X=223,Y=224,K=62 || L2:[sp=K,3] Y=1,R=3,X=1,S=4,C=2,K=1",-6061.0,-163323000.0,1,K|K,1
K,3,Y,224,K,42,R,3,X,223,S,4,C,3,Y,76,C,1,X,1,R,2,S,1,Y,1,K,1,"L1:[sp=K,3] Y=224,K=42,R=3,X=223,S=4,C=3 || L2:[sp=Y,76] C=1,X=1,R=2,S=1,Y=1,K=1",-6181.0,-163323000.0,1,K|Y,1
K,3,Y,224,K,21,C,3,X,223,R,3,S,4,Y,6,C,1,X,1,R,2,S,1,Y,1,K,1,"L1:[sp=K,3] Y=224,K=21,C=3,X=223,R=3,S=4 || L2:[sp=Y,6] C=1,X=1,R=2,S=1,Y=1,K=1",-6181.0,-163323000.0,1,K|Y,1
K,3,C,3,K,21,Y,224,X,223,R,5,S,3,Y,6,C,1,X,2,R,1,S,1,Y,1,K,1,"L1:[sp=K,3] C=3,K=21,Y=224,X=223,R=5,S=3 || L2:[sp=Y,6] C=1,X=2,R=1,S=1,Y=1,K=1",-6181.0,-163323000.0,1,K|Y,1
K,3,Y,224,K,42,R,3,X,223,S,4,C,2,Y,76,C,1,X,1,R,2,S,1,Y,1,K,1,"L1:[sp=K,3] Y=224,K=42,R=3,X=223,S=4,C=2 || L2:[sp=Y,76] C=1,X=1,R=2,S=1,Y=1,K=1",-6187.0,-163323000.0,1,K|Y,1
K,3,Y,224,K,21,C,3,X,223,R,2,S,3,Y,6,C,1,X,2,R,1,S,1,Y,1,K,1,"L1:[sp=K,3] Y=224,K=21,C=3,X=223,R=2,S=3 || L2:[sp=Y,6] C=1,X=2,R=1,S=1,Y=1,K=1",-6187.0,-163323000.0,1,K|Y,1
K,3,Y,224,K,21,C,2,X,223,S,3,R,7,Y,76,C,1,S,1,R,5,K,1,Y,1,X,2,"L1:[sp=K,3] Y=224,K=21,C=2,X=223,S=3,R=7 || L2:[sp=Y,76] C=1,S=1,R=5,K=1,Y=1,X=2",-6481.0,-163323000.0,1,K|Y,1
K,3,Y,224,K,21,C,2,X,223,S,3,R,7,Y,76,C,1,X,2,R,3,S,2,Y,1,K,1,"L1:[sp=K,3] Y=224,K=21,C=2,X=223,S=3,R=7 || L2:[sp=Y,76] C=1,X=2,R=3,S=2,Y=1,K=1",-6481.0,-163323000.0,1,K|Y,1
K,3,Y,224,K,21,C,2,X,223,S,3,R,7,Y,76,C,1,X,2,K,1,S,2,Y,1,R,3,"L1:[sp=K,3] Y=224,K=21,C=2,X=223,S=3,R=7 || L2:[sp=Y,76] C=1,X=2,K=1,S=2,Y=1,R=3",-6481.0,-163323000.0,1,K|Y,1
K,3,Y,224,K,21,R,5,X,223,S,3,C,2,Y,76,C,1,X,2,R,1,S,1,Y,1,K,1,"L1:[sp=K,3] Y=224,K=21,R=5,X=223,S=3,C=2 || L2:[sp=Y,76] C=1,X=2,R=1,S=1,Y=1,K=1",-6493.0,-163323000.0,1,K|Y,1
K,3,Y,224,K,21,C,2,X,223,S,3,R,5,Y,76,C,1,Y,1,R,1,K,1,X,2,S,1,"L1:[sp=K,3] Y=224,K=21,C=2,X=223,S=3,R=5 || L2:[sp=Y,76] C=1,Y=1,R=1,K=1,X=2,S=1",-6493.0,-163323000.0,1,K|Y,1
K,3,Y,224,K,21,C,2,X,223,S,3,R,5,Y,76,C,1,X,2,R,2,S,1,Y,1,K,1,"L1:[sp=K,3] Y=224,K=21,C=2,X=223,S=3,R=5 || L2:[sp=Y,76] C=1,X=2,R=2,S=1,Y=1,K=1",-6493.0,-163323000.0,1,K|Y,1
K,3,Y,224,K,21,C,2,X,223,S,3,R,5,Y,76,C,1,Y,1,R,2,S,2,X,2,K,1,"L1:[sp=K,3] Y=224,K=21,C=2,X=223,S=3,R=5 || L2:[sp=Y,76] C=1,Y=1,R=2,S=2,X=2,K=1",-6493.0,-163323000.0,1,K|Y,1
K,3,Y,224,K,21,C,2,X,223,S,3,R,5,Y,76,C,1,X,2,R,3,S,2,Y,1,K,1,"L1:[sp=K,3] Y=224,K=21,C=2,X=223,S=3,R=5 || L2:[sp=Y,76] C=1,X=2,R=3,S=2,Y=1,K=1",-6493.0,-163323000.0,1,K|Y,1
K,3,Y,224,K,21,C,2,X,223,S,4,R,3,Y,76,C,1,X,2,R,2,S,1,Y,1,K,1,"L1:[sp=K,3] Y=224,K=21,C=2,X=223,S=4,R=3 || L2:[sp=Y,76] C=1,X=2,R=2,S=1,Y=1,K=1",-6493.0,-163323000.0,1,K|Y,1
K,3,K,21,Y,224,C,2,X,223,S,4,R,3,Y,76,C,1,R,2,X,2,S,1,Y,1,K,1,"L1:[sp=K,3] K=21,Y=224,C=2,X=223,S=4,R=3 || L2:[sp=Y,76] C=1,R=2,X=2,S=1,Y=1,K=1",-6493.0,-163323000.0,1,K|Y,1
K,3,K,40,R,7,C,1,X,223,Y,224,S,4,Y,56,C,1,R,3,X,1,S,4,Y,1,K,1,"L1:[sp=K,3] K=40,R=7,C=1,X=223,Y=224,S=4 || L2:[sp=Y,56] C=1,R=3,X=1,S=4,Y=1,K=1",-6727.0,-163323000.0,1,K|Y,1
K,3,K,40,R,5,C,1,X,223,Y,224,S,4,C,1,C,1,R,1,X,1,S,2,Y,1,K,1,"L1:[sp=K,3] K=40,R=5,C=1,X=223,Y=224,S=4 || L2:[sp=C,1] C=1,R=1,X=1,S=2,Y=1,K=1",-6733.0,-163323000.0,1,K|C,1
K,3,K,40,R,6,C,2,X,223,Y,224,S,3,Y,42,C,1,R,2,X,1,S,1,Y,1,K,1,"L1:[sp=K,3] K=40,R=6,C=2,X=223,Y=224,S=3 || L2:[sp=Y,42] C=1,R=2,X=1,S=1,Y=1,K=1",-6733.0,-163323000.0,1,K|Y,1
K,3,S,4,R,7,C,3,X,223,Y,224,K,40,K,3,C,1,R,3,X,1,S,4,Y,1,K,1,"L1:[sp=K,3] S=4,R=7,C=3,X=223,Y=224,K=40 || L2:[sp=K,3] C=1,R=3,X=1,S=4,Y=1,K=1",-7059.0,-163323000.0,1,K|K,1
K,3,S,4,R,7,C,1,X,223,Y,224,K,40,K,3,C,1,R,3,X,1,S,4,Y,1,K,1,"L1:[sp=K,3] S=4,R=7,C=1,X=223,Y=224,K=40 || L2:[sp=K,3] C=1,R=3,X=1,S=4,Y=1,K=1",-7063.0,-163323000.0,1,K|K,1
K,3,S,3,R,5,K,17,C,1,Y,224,X,223,K,40,C,1,R,1,Y,87,S,1,X,1,K,1,"L1:[sp=K,3] S=3,R=5,K=17,C=1,Y=224,X=223 || L2:[sp=K,40] C=1,R=1,Y=87,S=1,X=1,K=1",-7369.0,-163323000.0,1,K|K,1
K,3,S,4,R,3,C,3,X,223,Y,224,K,38,K,3,C,2,R,3,X,1,S,3,Y,1,K,1,"L1:[sp=K,3] S=4,R=3,C=3,X=223,Y=224,K=38 || L2:[sp=K,3] C=2,R=3,X=1,S=3,Y=1,K=1",-7378.0,-163323000.0,1,K|K,1
K,3,K,40,R,5,C,1,X,223,Y,224,S,3,C,1,C,1,X,1,R,1,S,3,Y,1,K,1,"L1:[sp=K,3] K=40,R=5,C=1,X=223,Y=224,S=3 || L2:[sp=C,1] C=1,X=1,R=1,S=3,Y=1,K=1",-7579.0,-163323000.0,1,K|C,1
K,3,S,4,C,2,R,3,X,223,Y,224,K,53,K,3,C,2,Y,1,X,1,K,2,R,2,S,4,"L1:[sp=K,3] S=4,C=2,R=3,X=223,Y=224,K=53 || L2:[sp=K,3] C=2,Y=1,X=1,K=2,R=2,S=4",-8077.0,-163323000.0,1,K|K,1
K,3,Y,224,X,223,R,3,K,42,S,4,C,2,Y,76,C,2,X,1,R,2,S,1,Y,1,K,25,"L1:[sp=K,3] Y=224,X=223,R=3,K=42,S=4,C=2 || L2:[sp=Y,76] C=2,X=1,R=2,S=1,Y=1,K=25",-8245.0,-163323000.0,1,K|Y,1
K,3,C,1,R,5,K,40,X,223,Y,224,S,3,K,3,C,1,R,1,X,1,S,1,Y,22,K,1,"L1:[sp=K,3] C=1,R=5,K=40,X=223,Y=224,S=3 || L2:[sp=K,3] C=1,R=1,X=1,S=1,Y=22,K=1",-8251.0,-163323000.0,1,K|K,1
K,3,Y,224,K,21,R,5,X,223,S,3,C,2,Y,76,C,1,Y,1,R,3,S,2,X,2,K,7,"L1:[sp=K,3] Y=224,K=21,R=5,X=223,S=3,C=2 || L2:[sp=Y,76] C=1,Y=1,R=3,S=2,X=2,K=7",-8257.0,-163323000.0,1,K|Y,1
K,3,Y,224,K,21,R,5,X,223,S,3,C,2,Y,76,C,1,X,2,R,1,S,3,Y,1,K,1,"L1:[sp=K,3] Y=224,K=21,R=5,X=223,S=3,C=2 || L2:[sp=Y,76] C=1,X=2,R=1,S=3,Y=1,K=1",-8341.0,-163323000.0,1,K|Y,1
K,3,Y,224,K,21,C,2,X,223,S,3,R,5,Y,76,C,1,X,2,R,2,S,3,Y,1,K,1,"L1:[sp=K,3] Y=224,K=21,C=2,X=223,S=3,R=5 || L2:[sp=Y,76] C=1,X=2,R=2,S=3,Y=1,K=1",-8341.0,-163323000.0,1,K|Y,1
K,3,Y,224,K,21,R,5,X,223,S,3,C,2,Y,76,C,1,X,2,R,3,S,1,Y,1,K,13,"L1:[sp=K,3] Y=224,K=21,R=5,X=223,S=3,C=2 || L2:[sp=Y,76] C=1,X=2,R=3,S=1,Y=1,K=13",-8551.0,-163323000.0,1,K|Y,1
X,3,K,40,R,5,C,1,X,223,Y,224,S,3,X,6,C,1,R,1,X,1,S,1,Y,1,K,1,"L1:[sp=X,3] K=40,R=5,C=1,X=223,Y=224,S=3 || L2:[sp=X,6] C=1,R=1,X=1,S=1,Y=1,K=1",-9445.0,-163323000.0,1,X|X,1
K,3,S,4,R,7,C,1,X,223,Y,224,K,57,K,3,C,1,R,3,X,1,S,4,Y,1,K,1,"L1:[sp=K,3] S=4,R=7,C=1,X=223,Y=224,K=57 || L2:[sp=K,3] C=1,R=3,X=1,S=4,Y=1,K=1",-9583.0,-163323000.0,1,K|K,1
K,3,Y,224,K,21,C,3,X,223,R,3,S,4,Y,76,C,1,X,1,R,2,S,3,Y,1,K,1,"L1:[sp=K,3] Y=224,K=21,C=3,X=223,R=3,S=4 || L2:[sp=Y,76] C=1,X=1,R=2,S=3,Y=1,K=1",-9715.0,-163323000.0,1,K|Y,1
Y,3,Y,224,K,2,R,3,X,223,S,3,C,2,K,1,C,1,Y,1,X,1,S,1,R,1,K,2,"L1:[sp=Y,3] Y=224,K=2,R=3,X=223,S=3,C=2 || L2:[sp=K,1] C=1,Y=1,X=1,S=1,R=1,K=2",-9985.0,-163323000.0,1,Y|K,1
Y,3,S,4,K,2,R,3,X,223,Y,224,C,1,K,3,C,1,Y,1,X,1,S,1,R,1,K,2,"L1:[sp=Y,3] S=4,K=2,R=3,X=223,Y=224,C=1 || L2:[sp=K,3] C=1,Y=1,X=1,S=1,R=1,K=2",-9985.0,-163323000.0,1,Y|K,1
K,3,S,4,C,2,R,6,X,223,Y,224,K,2,C,2,C,2,K,2,X,1,Y,34,R,6,S,1,"L1:[sp=K,3] S=4,C=2,R=6,X=223,Y=224,K=2 || L2:[sp=C,2] C=2,K=2,X=1,Y=34,R=6,S=1",-10089.0,-163323000.0,1,K|C,1
K,3,K,11,S,6,R,7,C,3,Y,218,X,223,Y,76,K,10,X,1,R,5,S,1,Y,1,C,1,"L1:[sp=K,3] K=11,S=6,R=7,C=3,Y=218,X=223 || L2:[sp=Y,76] K=10,X=1,R=5,S=1,Y=1,C=1",-10150.0,-163323000.0,1,K|Y,1
K,3,K,11,Y,76,X,223,C,3,R,7,S,6,Y,76,K,10,X,1,R,7,S,1,C,1,Y,1,"L1:[sp=K,3] K=11,Y=76,X=223,C=3,R=7,S=6 || L2:[sp=Y,76] K=10,X=1,R=7,S=1,C=1,Y=1",-10162.0,-163323000.0,1,K|Y,1
K,3,K,11,C,3,X,223,Y,76,R,7,S,6,Y,76,K,10,X,1,R,7,S,1,C,1,Y,1,"L1:[sp=K,3] K=11,C=3,X=223,Y=76,R=7,S=6 || L2:[sp=Y,76] K=10,X=1,R=7,S=1,C=1,Y=1",-10162.0,-163323000.0,1,K|Y,1
K,3,K,11,C,3,X,223,Y,76,R,7,S,3,Y,76,K,10,X,1,R,7,S,1,C,1,Y,1,"L1:[sp=K,3] K=11,C=3,X=223,Y=76,R=7,S=3 || L2:[sp=Y,76] K=10,X=1,R=7,S=1,C=1,Y=1",-10171.0,-163323000.0,1,K|Y,1
K,3,K,11,Y,76,X,223,C,2,R,7,S,5,Y,76,K,10,X,1,R,7,S,1,C,1,Y,1,"L1:[sp=K,3] K=11,Y=76,X=223,C=2,R=7,S=5 || L2:[sp=Y,76] K=10,X=1,R=7,S=1,C=1,Y=1",-10180.0,-163323000.0,1,K|Y,1
K,3,K,11,Y,76,X,223,C,3,R,1,S,6,Y,76,K,10,X,1,R,1,S,1,C,1,Y,1,"L1:[sp=K,3] K=11,Y=76,X=223,C=3,R=1,S=6 || L2:[sp=Y,76] K=10,X=1,R=1,S=1,C=1,Y=1",-10270.0,-163323000.0,1,K|Y,1
K,3,K,11,Y,76,S,5,C,3,R,1,X,223,Y,76,K,10,X,1,R,1,S,1,C,3,Y,1,"L1:[sp=K,3] K=11,Y=76,S=5,C=3,R=1,X=223 || L2:[sp=Y,76] K=10,X=1,R=1,S=1,C=3,Y=1",-10270.0,-163323000.0,1,K|Y,1
K,3,K,11,Y,112,X,223,C,3,R,7,S,6,Y,38,K,10,X,1,R,7,S,1,C,1,Y,1,"L1:[sp=K,3] K=11,Y=112,X=223,C=3,R=7,S=6 || L2:[sp=Y,38] K=10,X=1,R=7,S=1,C=1,Y=1",-10593.0,-163323000.0,1,K|Y,1
K,3,Y,224,S,6,R,5,X,223,K,42,C,2,K,3,C,1,Y,1,R,3,S,3,X,2,K,2,"L1:[sp=K,3] Y=224,S=6,R=5,X=223,K=42,C=2 || L2:[sp=K,3] C=1,Y=1,R=3,S=3,X=2,K=2",-10593.0,-163323000.0,1,K|K,1
K,3,S,4,R,3,C,2,X,223,Y,224,K,40,K,3,C,2,R,3,X,1,S,3,Y,1,K,1,"L1:[sp=K,3] S=4,R=3,C=2,X=223,Y=224,K=40 || L2:[sp=K,3] C=2,R=3,X=1,S=3,Y=1,K=1",-10597.0,-163323000.0,1,K|K,1
K,3,Y,224,K,21,R,5,X,223,S,6,C,2,Y,76,C,1,Y,1,R,3,S,3,X,2,K,7,"L1:[sp=K,3] Y=224,K=21,R=5,X=223,S=6,C=2 || L2:[sp=Y,76] C=1,Y=1,R=3,S=3,X=2,K=7",-10601.0,-163323000.0,1,K|Y,1
K,3,K,11,Y,76,X,223,C,3,R,1,S,6,Y,38,C,1,X,1,R,1,S,1,K,10,Y,1,"L1:[sp=K,3] K=11,Y=76,X=223,C=3,R=1,S=6 || L2:[sp=Y,38] C=1,X=1,R=1,S=1,K=10,Y=1",-10669.0,-163323000.0,1,K|Y,1
Y,3,K,11,Y,224,C,1,X,223,R,4,S,6,Y,76,X,1,K,11,R,2,S,1,Y,1,C,1,"L1:[sp=Y,3] K=11,Y=224,C=1,X=223,R=4,S=6 || L2:[sp=Y,76] X=1,K=11,R=2,S=1,Y=1,C=1",-11161.0,-163323000.0,1,Y|Y,1
K,3,Y,224,K,21,R,3,X,223,S,6,C,2,Y,76,C,2,X,2,R,2,S,1,Y,1,K,13,"L1:[sp=K,3] Y=224,K=21,R=3,X=223,S=6,C=2 || L2:[sp=Y,76] C=2,X=2,R=2,S=1,Y=1,K=13",-11393.0,-163323000.0,1,K|Y,1
K,3,Y,186,K,21,S,3,X,223,R,5,C,2,Y,76,C,1,X,1,K,19,S,1,Y,1,R,4,"L1:[sp=K,3] Y=186,K=21,S=3,X=223,R=5,C=2 || L2:[sp=Y,76] C=1,X=1,K=19,S=1,Y=1,R=4",-11641.0,-163323000.0,1,K|Y,1
K,3,K,11,Y,76,X,223,C,3,R,2,S,6,Y,76,K,10,X,1,R,2,S,1,C,1,Y,1,"L1:[sp=K,3] K=11,Y=76,X=223,C=3,R=2,S=6 || L2:[sp=Y,76] K=10,X=1,R=2,S=1,C=1,Y=1",-11665.0,-163323000.0,1,K|Y,1
K,3,K,11,Y,76,S,5,C,3,R,2,X,223,Y,76,K,10,X,1,R,2,S,1,C,3,Y,1,"L1:[sp=K,3] K=11,Y=76,S=5,C=3,R=2,X=223 || L2:[sp=Y,76] K=10,X=1,R=2,S=1,C=3,Y=1",-11665.0,-163323000.0,1,K|Y,1
K,3,K,11,C,3,S,6,Y,76,R,1,X,223,Y,76,K,10,X,1,R,1,S,2,C,3,Y,1,"L1:[sp=K,3] K=11,C=3,S=6,Y=76,R=1,X=223 || L2:[sp=Y,76] K=10,X=1,R=1,S=2,C=3,Y=1",-11719.0,-163323000.0,1,K|Y,1
K,3,K,11,X,223,S,6,Y,76,R,1,C,3,Y,76,K,10,X,1,R,1,S,2,C,3,Y,1,"L1:[sp=K,3] K=11,X=223,S=6,Y=76,R=1,C=3 || L2:[sp=Y,76] K=10,X=1,R=1,S=2,C=3,Y=1",-11719.0,-163323000.0,1,K|Y,1
K,3,K,11,Y,76,X,223,C,2,R,2,S,6,Y,76,K,10,X,1,R,2,S,1,Y,1,C,1,"L1:[sp=K,3] K=11,Y=76,X=223,C=2,R=2,S=6 || L2:[sp=Y,76] K=10,X=1,R=2,S=1,Y=1,C=1",-11737.0,-163323000.0,1,K|Y,1
K,3,Y,186,K,21,S,5,X,223,R,5,C,2,Y,76,C,1,X,1,K,9,S,1,Y,1,R,4,"L1:[sp=K,3] Y=186,K=21,S=5,X=223,R=5,C=2 || L2:[sp=Y,76] C=1,X=1,K=9,S=1,Y=1,R=4",-12129.0,-163323000.0,1,K|Y,1
K,3,K,21,X,223,S,5,Y,186,R,5,C,2,Y,76,S,1,C,1,R,4,K,6,X,1,Y,1,"L1:[sp=K,3] K=21,X=223,S=5,Y=186,R=5,C=2 || L2:[sp=Y,76] S=1,C=1,R=4,K=6,X=1,Y=1",-12129.0,-163323000.0,1,K|Y,1
K,3,Y,186,K,21,S,5,X,223,R,5,C,1,Y,76,C,1,X,1,K,9,S,1,Y,1,R,4,"L1:[sp=K,3] Y=186,K=21,S=5,X=223,R=5,C=1 || L2:[sp=Y,76] C=1,X=1,K=9,S=1,Y=1,R=4",-12145.0,-163323000.0,1,K|Y,1
K,3,Y,224,K,42,R,5,X,223,S,3,C,3,Y,76,C,1,X,1,R,1,S,2,Y,1,K,1,"L1:[sp=K,3] Y=224,K=42,R=5,X=223,S=3,C=3 || L2:[sp=Y,76] C=1,X=1,R=1,S=2,Y=1,K=1",-12355.0,-163323000.0,1,K|Y,1
K,3,Y,224,K,21,R,5,X,223,S,3,C,2,X,7,C,1,Y,1,R,3,S,2,X,2,K,7,"L1:[sp=K,3] Y=224,K=21,R=5,X=223,S=3,C=2 || L2:[sp=X,7] C=1,Y=1,R=3,S=2,X=2,K=7",-12361.0,-163323000.0,1,K|X,1
K,3,K,11,Y,76,X,223,C,3,R,1,S,5,Y,76,K,5,X,1,R,1,S,1,C,1,Y,1,"L1:[sp=K,3] K=11,Y=76,X=223,C=3,R=1,S=5 || L2:[sp=Y,76] K=5,X=1,R=1,S=1,C=1,Y=1",-12475.0,-163323000.0,1,K|Y,1
Y,3,S,3,R,4,C,2,X,224,Y,224,K,2,K,3,S,3,R,1,X,1,C,1,Y,1,K,2,"L1:[sp=Y,3] S=3,R=4,C=2,X=224,Y=224,K=2 || L2:[sp=K,3] S=3,R=1,X=1,C=1,Y=1,K=2",-12481.0,-163323000.0,1,Y|K,1
K,3,S,5,C,2,R,5,X,223,Y,224,K,2,X,84,C,2,Y,1,X,2,S,1,R,1,K,2,"L1:[sp=K,3] S=5,C=2,R=5,X=223,Y=224,K=2 || L2:[sp=X,84] C=2,Y=1,X=2,S=1,R=1,K=2",-12673.0,-163323000.0,1,K|X,1
C,3,S,3,C,2,R,5,X,223,Y,224,K,2,K,2,C,2,Y,1,X,2,S,1,R,1,K,2,"L1:[sp=C,3] S=3,C=2,R=5,X=223,Y=224,K=2 || L2:[sp=K,2] C=2,Y=1,X=2,S=1,R=1,K=2",-12737.0,-163323000.0,1,C|K,1
Y,3,S,5,R,5,C,2,X,223,Y,224,K,2,K,3,K,2,R,1,X,1,S,1,Y,1,C,2,"L1:[sp=Y,3] S=5,R=5,C=2,X=223,Y=224,K=2 || L2:[sp=K,3] K=2,R=1,X=1,S=1,Y=1,C=2",-12801.0,-163323000.0,1,Y|K,1
K,3,S,3,K,21,X,223,Y,178,R,3,C,2,Y,76,C,1,S,1,K,10,R,2,Y,1,X,1,"L1:[sp=K,3] S=3,K=21,X=223,Y=178,R=3,C=2 || L2:[sp=Y,76] C=1,S=1,K=10,R=2,Y=1,X=1",-13009.0,-163323000.0,1,K|Y,1
K,3,X,223,K,21,S,3,Y,178,R,3,C,2,Y,76,R,1,S,1,K,10,Y,1,X,1,C,1,"L1:[sp=K,3] X=223,K=21,S=3,Y=178,R=3,C=2 || L2:[sp=Y,76] R=1,S=1,K=10,Y=1,X=1,C=1",-13009.0,-163323000.0,1,K|Y,1
K,3,K,11,Y,76,X,223,C,3,R,2,S,6,Y,76,Y,1,X,1,R,2,S,2,K,10,C,1,"L1:[sp=K,3] K=11,Y=76,X=223,C=3,R=2,S=6 || L2:[sp=Y,76] Y=1,X=1,R=2,S=2,K=10,C=1",-13321.0,-163323000.0,1,K|Y,1
K,3,K,11,Y,76,S,6,C,3,R,2,X,223,Y,76,Y,1,X,1,R,2,S,2,K,10,C,3,"L1:[sp=K,3] K=11,Y=76,S=6,C=3,R=2,X=223 || L2:[sp=Y,76] Y=1,X=1,R=2,S=2,K=10,C=3",-13321.0,-163323000.0,1,K|Y,1
K,3,K,11,Y,76,X,223,C,3,R,2,S,6,Y,76,K,10,X,1,R,2,S,2,C,1,Y,1,"L1:[sp=K,3] K=11,Y=76,X=223,C=3,R=2,S=6 || L2:[sp=Y,76] K=10,X=1,R=2,S=2,C=1,Y=1",-13321.0,-163323000.0,1,K|Y,1
K,3,K,11,R,2,X,223,C,3,Y,76,S,6,Y,76,K,10,X,1,R,2,S,2,C,1,Y,1,"L1:[sp=K,3] K=11,R=2,X=223,C=3,Y=76,S=6 || L2:[sp=Y,76] K=10,X=1,R=2,S=2,C=1,Y=1",-13321.0,-163323000.0,1,K|Y,1
K,3,K,11,Y,76,X,223,C,2,R,2,S,6,Y,76,C,1,X,1,R,2,S,2,K,10,Y,1,"L1:[sp=K,3] K=11,Y=76,X=223,C=2,R=2,S=6 || L2:[sp=Y,76] C=1,X=1,R=2,S=2,K=10,Y=1",-13393.0,-163323000.0,1,K|Y,1
K,3,K,11,C,3,S,6,Y,196,R,7,X,223,Y,76,K,10,X,1,R,7,S,1,C,1,Y,1,"L1:[sp=K,3] K=11,C=3,S=6,Y=196,R=7,X=223 || L2:[sp=Y,76] K=10,X=1,R=7,S=1,C=1,Y=1",-13537.0,-163323000.0,1,K|Y,1
K,3,K,11,C,3,S,6,Y,196,R,7,X,223,Y,76,K,10,X,1,R,4,S,1,C,1,Y,1,"L1:[sp=K,3] K=11,C=3,S=6,Y=196,R=7,X=223 || L2:[sp=Y,76] K=10,X=1,R=4,S=1,C=1,Y=1",-13537.0,-163323000.0,1,K|Y,1
K,3,K,11,C,3,S,6,Y,161,R,7,X,223,Y,76,K,10,X,1,R,5,S,1,C,1,Y,1,"L1:[sp=K,3] K=11,C=3,S=6,Y=161,R=7,X=223 || L2:[sp=Y,76] K=10,X=1,R=5,S=1,C=1,Y=1",-13537.0,-163323000.0,1,K|Y,1
K,3,K,11,Y,163,X,223,C,3,R,7,S,6,Y,76,K,10,X,1,R,6,S,1,C,1,Y,1,"L1:[sp=K,3] K=11,Y=163,X=223,C=3,R=7,S=6 || L2:[sp=Y,76] K=10,X=1,R=6,S=1,C=1,Y=1",-13537.0,-163323000.0,1,K|Y,1
K,3,K,11,Y,133,X,223,C,3,R,7,S,6,Y,76,K,10,X,1,R,5,S,1,C,1,Y,1,"L1:[sp=K,3] K=11,Y=133,X=223,C=3,R=7,S=6 || L2:[sp=Y,76] K=10,X=1,R=5,S=1,C=1,Y=1",-13537.0,-163323000.0,1,K|Y,1
K,3,K,11,S,6,R,7,C,2,Y,218,X,223,Y,76,K,10,X,1,R,5,S,1,C,2,Y,1,"L1:[sp=K,3] K=11,S=6,R=7,C=2,Y=218,X=223 || L2:[sp=Y,76] K=10,X=1,R=5,S=1,C=2,Y=1",-13537.0,-163323000.0,1,K|Y,1
K,3,K,11,Y,165,X,223,C,3,R,7,S,3,Y,76,K,10,X,1,R,5,S,1,C,1,Y,1,"L1:[sp=K,3] K=11,Y=165,X=223,C=3,R=7,S=3 || L2:[sp=Y,76] K=10,X=1,R=5,S=1,C=1,Y=1",-13543.0,-163323000.0,1,K|Y,1
K,3,K,21,X,223,S,5,Y,177,R,5,C,1,Y,76,C,1,X,1,R,2,K,19,S,1,Y,1,"L1:[sp=K,3] K=21,X=223,S=5,Y=177,R=5,C=1 || L2:[sp=Y,76] C=1,X=1,R=2,K=19,S=1,Y=1",-13573.0,-163323000.0,1,K|Y,1
K,3,K,11,Y,70,X,223,C,3,R,2,S,6,Y,76,K,10,X,1,R,1,S,1,C,1,Y,1,"L1:[sp=K,3] K=11,Y=70,X=223,C=3,R=2,S=6 || L2:[sp=Y,76] K=10,X=1,R=1,S=1,C=1,Y=1",-13621.0,-163323000.0,1,K|Y,1
K,3,K,11,C,3,X,223,Y,70,R,1,S,6,Y,76,K,10,X,1,R,1,S,1,C,1,Y,1,"L1:[sp=K,3] K=11,C=3,X=223,Y=70,R=1,S=6 || L2:[sp=Y,76] K=10,X=1,R=1,S=1,C=1,Y=1",-13693.0,-163323000.0,1,K|Y,1
K,3,K,11,Y,76,X,223,C,3,R,7,S,6,Y,38,K,10,X,1,R,5,S,1,C,1,Y,1,"L1:[sp=K,3] K=11,Y=76,X=223,C=3,R=7,S=6 || L2:[sp=Y,38] K=10,X=1,R=5,S=1,C=1,Y=1",-14125.0,-163323000.0,1,K|Y,1
K,3,K,11,Y,76,X,223,C,3,R,7,S,4,Y,38,C,1,X,1,R,5,S,1,K,10,Y,1,"L1:[sp=K,3] K=11,Y=76,X=223,C=3,R=7,S=4 || L2:[sp=Y,38] C=1,X=1,R=5,S=1,K=10,Y=1",-14125.0,-163323000.0,1,K|Y,1
K,3,K,21,Y,186,S,5,X,223,R,5,C,3,Y,76,C,1,X,1,K,9,S,1,Y,1,R,2,"L1:[sp=K,3] K=21,Y=186,S=5,X=223,R=5,C=3 || L2:[sp=Y,76] C=1,X=1,K=9,S=1,Y=1,R=2",-14129.0,-163323000.0,1,K|Y,1
K,3,K,21,X,223,R,7,Y,142,S,6,C,1,Y,76,K,9,X,1,C,1,S,1,R,2,Y,1,"L1:[sp=K,3] K=21,X=223,R=7,Y=142,S=6,C=1 || L2:[sp=Y,76] K=9,X=1,C=1,S=1,R=2,Y=1",-14137.0,-163323000.0,1,K|Y,1
K,3,K,21,Y,186,S,5,X,223,R,5,C,2,Y,76,C,1,X,1,K,9,S,1,Y,1,R,2,"L1:[sp=K,3] K=21,Y=186,S=5,X=223,R=5,C=2 || L2:[sp=Y,76] C=1,X=1,K=9,S=1,Y=1,R=2",-14145.0,-163323000.0,1,K|Y,1
K,3,K,21,Y,186,S,5,X,223,R,5,C,2,Y,76,C,1,X,1,K,9,S,1,Y,1,R,1,"L1:[sp=K,3] K=21,Y=186,S=5,X=223,R=5,C=2 || L2:[sp=Y,76] C=1,X=1,K=9,S=1,Y=1,R=1",-14145.0,-163323000.0,1,K|Y,1
K,3,K,21,X,223,R,5,Y,142,S,6,C,1,Y,76,K,9,X,1,C,1,S,1,R,2,Y,1,"L1:[sp=K,3] K=21,X=223,R=5,Y=142,S=6,C=1 || L2:[sp=Y,76] K=9,X=1,C=1,S=1,R=2,Y=1",-14161.0,-163323000.0,1,K|Y,1
K,3,K,21,X,223,R,5,Y,142,S,6,C,1,Y,76,K,9,X,1,C,1,R,2,S,1,Y,1,"L1:[sp=K,3] K=21,X=223,R=5,Y=142,S=6,C=1 || L2:[sp=Y,76] K=9,X=1,C=1,R=2,S=1,Y=1",-14161.0,-163323000.0,1,K|Y,1
K,3,K,21,X,223,S,5,Y,71,R,5,C,2,Y,76,C,1,X,1,R,2,K,9,S,1,Y,1,"L1:[sp=K,3] K=21,X=223,S=5,Y=71,R=5,C=2 || L2:[sp=Y,76] C=1,X=1,R=2,K=9,S=1,Y=1",-14177.0,-163323000.0,1,K|Y,1
K,3,K,21,X,223,S,5,Y,71,R,5,C,2,Y,76,C,1,R,2,X,1,K,9,S,1,Y,1,"L1:[sp=K,3] K=21,X=223,S=5,Y=71,R=5,C=2 || L2:[sp=Y,76] C=1,R=2,X=1,K=9,S=1,Y=1",-14177.0,-163323000.0,1,K|Y,1
K,3,K,9,R,2,X,223,C,3,Y,76,S,5,Y,76,K,1,X,1,R,2,S,1,C,1,Y,1,"L1:[sp=K,3] K=9,R=2,X=223,C=3,Y=76,S=5 || L2:[sp=Y,76] K=1,X=1,R=2,S=1,C=1,Y=1",-14209.0,-163323000.0,1,K|Y,1
K,3,K,9,R,2,X,223,C,3,Y,76,S,6,Y,76,C,1,X,1,R,2,S,1,K,1,Y,1,"L1:[sp=K,3] K=9,R=2,X=223,C=3,Y=76,S=6 || L2:[sp=Y,76] C=1,X=1,R=2,S=1,K=1,Y=1",-14209.0,-163323000.0,1,K|Y,1
K,3,K,21,X,223,R,5,Y,71,S,6,C,1,Y,76,K,9,X,1,C,1,S,1,R,2,Y,1,"L1:[sp=K,3] K=21,X=223,R=5,Y=71,S=6,C=1 || L2:[sp=Y,76] K=9,X=1,C=1,S=1,R=2,Y=1",-14209.0,-163323000.0,1,K|Y,1
K,3,Y,71,X,223,S,6,K,21,R,3,C,2,Y,76,S,1,X,1,R,2,K,9,C,1,Y,1,"L1:[sp=K,3] Y=71,X=223,S=6,K=21,R=3,C=2 || L2:[sp=Y,76] S=1,X=1,R=2,K=9,C=1,Y=1",-14209.0,-163323000.0,1,K|Y,1
K,3,K,11,S,6,R,4,C,2,Y,32,X,223,Y,32,K,10,X,1,R,4,S,1,C,1,Y,1,"L1:[sp=K,3] K=11,S=6,R=4,C=2,Y=32,X=223 || L2:[sp=Y,32] K=10,X=1,R=4,S=1,C=1,Y=1",-14225.0,-163323000.0,1,K|Y,1
K,3,K,32,X,223,C,1,Y,76,S,6,R,1,Y,76,K,5,X,1,C,1,S,1,R,1,Y,1,"L1:[sp=K,3] K=32,X=223,C=1,Y=76,S=6,R=1 || L2:[sp=Y,76] K=5,X=1,C=1,S=1,R=1,Y=1",-14239.0,-163323000.0,1,K|Y,1
K,3,K,11,Y,76,X,223,C,2,R,2,S,6,Y,76,Y,1,X,1,R,2,S,1,K,5,C,1,"L1:[sp=K,3] K=11,Y=76,X=223,C=2,R=2,S=6 || L2:[sp=Y,76] Y=1,X=1,R=2,S=1,K=5,C=1",-14257.0,-163323000.0,1,K|Y,1
K,3,K,21,X,223,S,5,Y,71,R,1,C,2,Y,76,C,1,X,1,R,1,K,9,S,1,Y,1,"L1:[sp=K,3] K=21,X=223,S=5,Y=71,R=1,C=2 || L2:[sp=Y,76] C=1,X=1,R=1,K=9,S=1,Y=1",-14337.0,-163323000.0,1,K|Y,1
K,3,K,11,S,5,X,223,C,3,Y,76,R,5,Y,76,K,10,X,1,R,5,S,1,C,1,Y,1,"L1:[sp=K,3] K=11,S=5,X=223,C=3,Y=76,R=5 || L2:[sp=Y,76] K=10,X=1,R=5,S=1,C=1,Y=1",-14527.0,-163323000.0,1,K|Y,1
K,3,K,11,Y,148,X,223,C,3,R,7,S,6,Y,26,Y,1,K,5,R,1,S,1,X,1,C,1,"L1:[sp=K,3] K=11,Y=148,X=223,C=3,R=7,S=6 || L2:[sp=Y,26] Y=1,K=5,R=1,S=1,X=1,C=1",-14558.0,-163323000.0,1,K|Y,1
K,3,K,11,Y,148,X,223,C,3,R,7,S,6,Y,26,Y,1,K,1,R,7,S,1,X,1,C,1,"L1:[sp=K,3] K=11,Y=148,X=223,C=3,R=7,S=6 || L2:[sp=Y,26] Y=1,K=1,R=7,S=1,X=1,C=1",-14558.0,-163323000.0,1,K|Y,1
K,3,K,11,Y,148,X,223,C,3,R,7,S,6,Y,26,Y,1,K,5,R,2,S,1,X,1,C,1,"L1:[sp=K,3] K=11,Y=148,X=223,C=3,R=7,S=6 || L2:[sp=Y,26] Y=1,K=5,R=2,S=1,X=1,C=1",-14558.0,-163323000.0,1,K|Y,1
K,3,K,11,Y,148,X,223,C,3,R,2,S,6,Y,26,X,1,K,5,R,1,S,1,Y,1,C,1,"L1:[sp=K,3] K=11,Y=148,X=223,C=3,R=2,S=6 || L2:[sp=Y,26] X=1,K=5,R=1,S=1,Y=1,C=1",-14570.0,-163323000.0,1,K|Y,1
K,3,K,11,C,3,X,223,Y,148,R,2,S,6,Y,26,X,1,K,4,R,1,S,1,Y,1,C,1,"L1:[sp=K,3] K=11,C=3,X=223,Y=148,R=2,S=6 || L2:[sp=Y,26] X=1,K=4,R=1,S=1,Y=1,C=1",-14570.0,-163323000.0,1,K|Y,1
K,3,C,3,Y,148,X,223,K,11,R,2,S,6,Y,26,X,1,K,5,R,1,S,1,Y,1,C,2,"L1:[sp=K,3] C=3,Y=148,X=223,K=11,R=2,S=6 || L2:[sp=Y,26] X=1,K=5,R=1,S=1,Y=1,C=2",-14570.0,-163323000.0,1,K|Y,1
K,3,K,11,S,5,X,223,C,1,R,5,Y,76,Y,76,K,10,X,1,R,5,S,1,C,1,Y,1,"L1:[sp=K,3] K=11,S=5,X=223,C=1,R=5,Y=76 || L2:[sp=Y,76] K=10,X=1,R=5,S=1,C=1,Y=1",-14599.0,-163323000.0,1,K|Y,1
K,3,K,11,Y,148,X,223,C,1,R,2,S,6,Y,26,X,1,K,5,R,1,S,1,Y,1,C,1,"L1:[sp=K,3] K=11,Y=148,X=223,C=1,R=2,S=6 || L2:[sp=Y,26] X=1,K=5,R=1,S=1,Y=1,C=1",-14602.0,-163323000.0,1,K|Y,1
K,3,S,6,Y,148,X,223,C,1,R,2,K,11,Y,26,X,1,K,5,R,1,S,1,Y,1,C,1,"L1:[sp=K,3] S=6,Y=148,X=223,C=1,R=2,K=11 || L2:[sp=Y,26] X=1,K=5,R=1,S=1,Y=1,C=1",-14602.0,-163323000.0,1,K|Y,1
K,3,Y,148,K,11,X,223,C,1,R,2,S,6,Y,26,X,1,K,5,R,1,S,1,Y,1,C,1,"L1:[sp=K,3] Y=148,K=11,X=223,C=1,R=2,S=6 || L2:[sp=Y,26] X=1,K=5,R=1,S=1,Y=1,C=1",-14602.0,-163323000.0,1,K|Y,1
K,3,K,3,Y,76,X,223,C,3,R,7,S,6,Y,76,Y,1,R,7,X,1,S,1,K,3,C,1,"L1:[sp=K,3] K=3,Y=76,X=223,C=3,R=7,S=6 || L2:[sp=Y,76] Y=1,R=7,X=1,S=1,K=3,C=1",-14620.0,-163323000.0,1,K|Y,1
Y,3,S,4,C,2,R,3,X,223,Y,224,K,2,K,3,C,2,R,2,X,1,S,4,Y,1,K,1,"L1:[sp=Y,3] S=4,C=2,R=3,X=223,Y=224,K=2 || L2:[sp=K,3] C=2,R=2,X=1,S=4,Y=1,K=1",-14721.0,-163323000.0,1,Y|K,1
K,3,K,11,Y,76,X,223,C,3,R,2,S,6,Y,76,Y,1,X,1,R,2,S,3,K,10,C,1,"L1:[sp=K,3] K=11,Y=76,X=223,C=3,R=2,S=6 || L2:[sp=Y,76] Y=1,X=1,R=2,S=3,K=10,C=1",-14977.0,-163323000.0,1,K|Y,1
K,3,K,15,Y,218,C,3,X,223,R,7,S,6,Y,76,K,5,X,1,C,1,S,1,R,5,Y,1,"L1:[sp=K,3] K=15,Y=218,C=3,X=223,R=7,S=6 || L2:[sp=Y,76] K=5,X=1,C=1,S=1,R=5,Y=1",-15442.0,-163323000.0,1,K|Y,1
K,3,K,11,Y,161,X,223,C,3,R,6,S,6,Y,76,K,10,X,1,R,4,S,1,C,1,Y,1,"L1:[sp=K,3] K=11,Y=161,X=223,C=3,R=6,S=6 || L2:[sp=Y,76] K=10,X=1,R=4,S=1,C=1,Y=1",-15481.0,-163323000.0,1,K|Y,1
K,3,K,15,Y,76,C,1,X,223,R,1,S,6,Y,76,K,5,X,1,C,1,S,1,R,1,Y,1,"L1:[sp=K,3] K=15,Y=76,C=1,X=223,R=1,S=6 || L2:[sp=Y,76] K=5,X=1,C=1,S=1,R=1,Y=1",-15814.0,-163323000.0,1,K|Y,1
K,3,K,15,X,223,C,1,Y,76,S,6,R,1,Y,76,K,5,X,1,C,1,S,1,R,1,Y,1,"L1:[sp=K,3] K=15,X=223,C=1,Y=76,S=6,R=1 || L2:[sp=Y,76] K=5,X=1,C=1,S=1,R=1,Y=1",-15814.0,-163323000.0,1,K|Y,1
K,3,K,6,Y,148,X,223,C,2,R,5,S,6,Y,26,X,1,K,5,R,1,S,1,C,1,Y,1,"L1:[sp=K,3] K=6,Y=148,X=223,C=2,R=5,S=6 || L2:[sp=Y,26] X=1,K=5,R=1,S=1,C=1,Y=1",-15909.0,-163323000.0,1,K|Y,1
K,3,K,6,Y,148,X,223,C,2,R,2,S,6,Y,26,X,1,K,5,R,1,S,1,Y,1,C,1,"L1:[sp=K,3] K=6,Y=148,X=223,C=2,R=2,S=6 || L2:[sp=Y,26] X=1,K=5,R=1,S=1,Y=1,C=1",-15941.0,-163323000.0,1,K|Y,1
K,3,K,6,Y,148,X,223,C,2,R,2,S,6,Y,26,X,1,K,5,R,1,S,1,C,1,Y,1,"L1:[sp=K,3] K=6,Y=148,X=223,C=2,R=2,S=6 || L2:[sp=Y,26] X=1,K=5,R=1,S=1,C=1,Y=1",-15941.0,-163323000.0,1,K|Y,1
K,3,Y,142,X,223,R,6,K,21,S,6,C,1,Y,76,K,9,X,1,C,1,S,1,R,2,Y,1,"L1:[sp=K,3] Y=142,X=223,R=6,K=21,S=6,C=1 || L2:[sp=Y,76] K=9,X=1,C=1,S=1,R=2,Y=1",-16177.0,-163323000.0,1,K|Y,1
K,3,K,21,X,223,R,6,Y,142,S,6,C,1,Y,76,K,9,X,1,C,1,S,1,R,2,Y,1,"L1:[sp=K,3] K=21,X=223,R=6,Y=142,S=6,C=1 || L2:[sp=Y,76] K=9,X=1,C=1,S=1,R=2,Y=1",-16177.0,-163323000.0,1,K|Y,1
K,3,K,21,X,223,R,6,Y,71,S,6,C,2,Y,76,K,9,X,1,C,1,S,1,R,2,Y,1,"L1:[sp=K,3] K=21,X=223,R=6,Y=71,S=6,C=2 || L2:[sp=Y,76] K=9,X=1,C=1,S=1,R=2,Y=1",-16193.0,-163323000.0,1,K|Y,1
K,3,K,9,R,2,X,223,C,3,Y,76,S,6,Y,76,K,1,X,1,R,2,S,2,C,1,Y,1,"L1:[sp=K,3] K=9,R=2,X=223,C=3,Y=76,S=6 || L2:[sp=Y,76] K=1,X=1,R=2,S=2,C=1,Y=1",-16225.0,-163323000.0,1,K|Y,1
K,3,K,26,Y,218,X,223,C,1,R,7,S,6,Y,76,K,5,X,1,R,5,S,1,C,1,Y,1,"L1:[sp=K,3] K=26,Y=218,X=223,C=1,R=7,S=6 || L2:[sp=Y,76] K=5,X=1,R=5,S=1,C=1,Y=1",-16330.0,-163323000.0,1,K|Y,1
K,3,K,26,Y,218,X,223,C,1,R,7,S,6,Y,76,K,15,X,1,R,5,S,1,C,1,Y,1,"L1:[sp=K,3] K=26,Y=218,X=223,C=1,R=7,S=6 || L2:[sp=Y,76] K=15,X=1,R=5,S=1,C=1,Y=1",-16330.0,-163323000.0,1,K|Y,1
K,3,K,26,Y,76,X,223,C,2,R,7,S,6,Y,76,K,5,X,1,R,7,S,1,C,1,Y,1,"L1:[sp=K,3] K=26,Y=76,X=223,C=2,R=7,S=6 || L2:[sp=Y,76] K=5,X=1,R=7,S=1,C=1,Y=1",-16342.0,-163323000.0,1,K|Y,1
K,3,K,26,Y,76,X,223,C,1,R,7,S,6,Y,76,K,5,X,1,R,7,S,1,C,1,Y,1,"L1:[sp=K,3] K=26,Y=76,X=223,C=1,R=7,S=6 || L2:[sp=Y,76] K=5,X=1,R=7,S=1,C=1,Y=1",-16354.0,-163323000.0,1,K|Y,1
K,3,K,26,Y,76,X,223,C,3,R,1,S,5,Y,76,K,5,X,1,R,1,S,1,C,1,Y,1,"L1:[sp=K,3] K=26,Y=76,X=223,C=3,R=1,S=5 || L2:[sp=Y,76] K=5,X=1,R=1,S=1,C=1,Y=1",-16402.0,-163323000.0,1,K|Y,1
K,3,S,5,Y,76,X,223,C,3,R,1,K,26,Y,76,K,5,X,1,R,1,S,1,C,1,Y,1,"L1:[sp=K,3] S=5,Y=76,X=223,C=3,R=1,K=26 || L2:[sp=Y,76] K=5,X=1,R=1,S=1,C=1,Y=1",-16402.0,-163323000.0,1,K|Y,1
K,3,Y,76,K,26,X,223,C,3,R,1,S,5,Y,76,K,5,X,1,R,1,S,1,C,3,Y,1,"L1:[sp=K,3] Y=76,K=26,X=223,C=3,R=1,S=5 || L2:[sp=Y,76] K=5,X=1,R=1,S=1,C=3,Y=1",-16402.0,-163323000.0,1,K|Y,1
K,3,K,26,Y,76,X,223,C,3,R,1,S,5,Y,76,K,5,S,1,R,1,X,1,C,1,Y,1,"L1:[sp=K,3] K=26,Y=76,X=223,C=3,R=1,S=5 || L2:[sp=Y,76] K=5,S=1,R=1,X=1,C=1,Y=1",-16402.0,-163323000.0,1,K|Y,1
K,3,Y,76,K,26,X,223,C,3,R,1,S,6,Y,76,K,5,X,1,R,1,S,1,C,3,Y,1,"L1:[sp=K,3] Y=76,K=26,X=223,C=3,R=1,S=6 || L2:[sp=Y,76] K=5,X=1,R=1,S=1,C=3,Y=1",-16402.0,-163323000.0,1,K|Y,1
K,3,Y,224,K,42,R,5,X,223,S,3,C,2,Y,76,C,2,X,1,R,1,S,2,Y,1,K,1,"L1:[sp=K,3] Y=224,K=42,R=5,X=223,S=3,C=2 || L2:[sp=Y,76] C=2,X=1,R=1,S=2,Y=1,K=1",-16477.0,-163323000.0,1,K|Y,1
K,3,K,11,Y,121,X,223,C,3,R,4,S,5,Y,76,X,1,K,5,R,1,S,1,C,1,Y,1,"L1:[sp=K,3] K=11,Y=121,X=223,C=3,R=4,S=5 || L2:[sp=Y,76] X=1,K=5,R=1,S=1,C=1,Y=1",-16489.0,-163323000.0,1,K|Y,1
K,3,K,11,Y,148,X,223,C,3,R,2,S,6,Y,26,X,1,K,5,R,1,S,2,Y,1,C,1,"L1:[sp=K,3] K=11,Y=148,X=223,C=3,R=2,S=6 || L2:[sp=Y,26] X=1,K=5,R=1,S=2,Y=1,C=1",-16649.0,-163323000.0,1,K|Y,1
K,3,Y,178,K,21,C,2,X,223,R,5,S,3,Y,76,C,1,X,1,R,3,S,3,Y,1,K,1,"L1:[sp=K,3] Y=178,K=21,C=2,X=223,R=5,S=3 || L2:[sp=Y,76] C=1,X=1,R=3,S=3,Y=1,K=1",-16681.0,-163323000.0,1,K|Y,1
K,3,K,26,Y,218,X,223,C,1,R,7,S,6,Y,76,K,2,X,1,R,3,S,1,C,1,Y,1,"L1:[sp=K,3] K=26,Y=218,X=223,C=1,R=7,S=6 || L2:[sp=Y,76] K=2,X=1,R=3,S=1,C=1,Y=1",-16771.0,-163323000.0,1,K|Y,1
K,3,K,26,Y,218,X,223,C,1,R,7,S,6,Y,76,K,2,X,1,R,5,S,1,C,1,Y,1,"L1:[sp=K,3] K=26,Y=218,X=223,C=1,R=7,S=6 || L2:[sp=Y,76] K=2,X=1,R=5,S=1,C=1,Y=1",-16771.0,-163323000.0,1,K|Y,1
K,3,R,7,Y,76,C,3,X,223,K,11,S,6,Y,76,K,10,C,1,R,2,S,1,X,1,Y,1,"L1:[sp=K,3] R=7,Y=76,C=3,X=223,K=11,S=6 || L2:[sp=Y,76] K=10,C=1,R=2,S=1,X=1,Y=1",-16924.0,-163323000.0,1,K|Y,1
K,3,K,11,Y,76,X,223,C,3,R,7,S,6,Y,76,K,10,X,1,R,2,S,1,C,1,Y,1,"L1:[sp=K,3] K=11,Y=76,X=223,C=3,R=7,S=6 || L2:[sp=Y,76] K=10,X=1,R=2,S=1,C=1,Y=1",-16924.0,-163323000.0,1,K|Y,1
K,3,K,11,Y,76,X,223,C,3,R,7,S,4,Y,76,K,10,X,1,R,5,S,1,C,1,Y,1,"L1:[sp=K,3] K=11,Y=76,X=223,C=3,R=7,S=4 || L2:[sp=Y,76] K=10,X=1,R=5,S=1,C=1,Y=1",-16924.0,-163323000.0,1,K|Y,1
K,3,K,11,S,6,X,223,C,3,R,7,Y,76,Y,76,K,10,X,1,R,5,S,1,C,1,Y,1,"L1:[sp=K,3] K=11,S=6,X=223,C=3,R=7,Y=76 || L2:[sp=Y,76] K=10,X=1,R=5,S=1,C=1,Y=1",-16924.0,-163323000.0,1,K|Y,1
K,3,K,13,X,223,C,3,R,1,S,3,Y,76,Y,76,K,1,X,1,C,1,S,1,R,1,Y,1,"L1:[sp=K,3] K=13,X=223,C=3,R=1,S=3,Y=76 || L2:[sp=Y,76] K=1,X=1,C=1,S=1,R=1,Y=1",-16948.0,-163323000.0,1,K|Y,1
C,3,K,11,S,6,X,223,C,1,Y,76,R,1,Y,76,K,10,X,1,R,1,S,1,C,1,Y,1,"L1:[sp=C,3] K=11,S=6,X=223,C=1,Y=76,R=1 || L2:[sp=Y,76] K=10,X=1,R=1,S=1,C=1,Y=1",-16969.0,-163323000.0,1,C|Y,1
K,3,K,11,Y,76,S,6,R,2,C,3,X,223,Y,76,K,10,X,1,R,1,S,1,C,3,Y,1,"L1:[sp=K,3] K=11,Y=76,S=6,R=2,C=3,X=223 || L2:[sp=Y,76] K=10,X=1,R=1,S=1,C=3,Y=1",-16978.0,-163323000.0,1,K|Y,1
K,3,K,11,Y,76,S,6,R,2,C,3,X,223,Y,76,C,3,X,1,R,1,S,1,K,10,Y,1,"L1:[sp=K,3] K=11,Y=76,S=6,R=2,C=3,X=223 || L2:[sp=Y,76] C=3,X=1,R=1,S=1,K=10,Y=1",-16978.0,-163323000.0,1,K|Y,1
K,3,K,13,Y,148,R,7,C,3,X,223,S,6,Y,26,X,1,K,5,R,2,S,1,Y,1,C,1,"L1:[sp=K,3] K=13,Y=148,R=7,C=3,X=223,S=6 || L2:[sp=Y,26] X=1,K=5,R=2,S=1,Y=1,C=1",-17204.0,-163323000.0,1,K|Y,1
K,3,K,13,X,223,C,3,Y,218,S,6,R,7,Y,76,K,5,X,1,C,1,S,1,R,5,Y,1,"L1:[sp=K,3] K=13,X=223,C=3,Y=218,S=6,R=7 || L2:[sp=Y,76] K=5,X=1,C=1,S=1,R=5,Y=1",-17206.0,-163323000.0,1,K|Y,1
K,3,K,11,Y,76,X,223,C,3,R,6,S,6,Y,76,K,10,X,1,R,6,S,1,C,1,Y,1,"L1:[sp=K,3] K=11,Y=76,X=223,C=3,R=6,S=6 || L2:[sp=Y,76] K=10,X=1,R=6,S=1,C=1,Y=1",-17425.0,-163323000.0,1,K|Y,1
K,3,K,11,Y,76,X,223,C,3,R,6,S,4,Y,76,K,10,X,1,R,6,S,1,C,1,Y,1,"L1:[sp=K,3] K=11,Y=76,X=223,C=3,R=6,S=4 || L2:[sp=Y,76] K=10,X=1,R=6,S=1,C=1,Y=1",-17425.0,-163323000.0,1,K|Y,1
K,3,K,11,Y,76,X,223,C,3,R,6,S,6,Y,76,R,6,X,1,K,10,S,1,C,1,Y,1,"L1:[sp=K,3] K=11,Y=76,X=223,C=3,R=6,S=6 || L2:[sp=Y,76] R=6,X=1,K=10,S=1,C=1,Y=1",-17425.0,-163323000.0,1,K|Y,1
K,3,C,1,X,223,Y,114,K,6,R,2,S,6,Y,26,X,1,K,1,R,1,S,1,C,1,Y,1,"L1:[sp=K,3] C=1,X=223,Y=114,K=6,R=2,S=6 || L2:[sp=Y,26] X=1,K=1,R=1,S=1,C=1,Y=1",-17737.0,-163323000.0,1,K|Y,1
K,3,C,3,K,3,Y,114,R,1,X,223,S,5,Y,26,X,1,S,1,R,1,K,1,C,1,Y,1,"L1:[sp=K,3] C=3,K=3,Y=114,R=1,X=223,S=5 || L2:[sp=Y,26] X=1,S=1,R=1,K=1,C=1,Y=1",-17753.0,-163323000.0,1,K|Y,1
K,3,C,3,K,3,Y,114,R,1,X,223,S,5,Y,26,X,1,S,1,R,1,K,1,C,3,Y,1,"L1:[sp=K,3] C=3,K=3,Y=114,R=1,X=223,S=5 || L2:[sp=Y,26] X=1,S=1,R=1,K=1,C=3,Y=1",-17753.0,-163323000.0,1,K|Y,1
K,3,C,1,X,223,Y,114,K,6,R,2,S,3,Y,26,X,1,K,1,R,1,S,1,C,1,Y,1,"L1:[sp=K,3] C=1,X=223,Y=114,K=6,R=2,S=3 || L2:[sp=Y,26] X=1,K=1,R=1,S=1,C=1,Y=1",-17785.0,-163323000.0,1,K|Y,1
K,3,K,11,C,3,S,6,Y,161,R,7,X,223,Y,23,K,1,X,1,R,5,S,1,C,2,Y,1,"L1:[sp=K,3] K=11,C=3,S=6,Y=161,R=7,X=223 || L2:[sp=Y,23] K=1,X=1,R=5,S=1,C=2,Y=1",-17792.0,-163323000.0,1,K|Y,1
K,3,K,11,C,3,S,6,Y,161,R,7,X,223,Y,23,K,1,X,1,R,5,Y,1,C,2,S,1,"L1:[sp=K,3] K=11,C=3,S=6,Y=161,R=7,X=223 || L2:[sp=Y,23] K=1,X=1,R=5,Y=1,C=2,S=1",-17792.0,-163323000.0,1,K|Y,1
K,3,K,11,C,3,S,6,Y,161,R,7,X,223,Y,23,K,8,X,1,R,5,Y,1,C,1,S,1,"L1:[sp=K,3] K=11,C=3,S=6,Y=161,R=7,X=223 || L2:[sp=Y,23] K=8,X=1,R=5,Y=1,C=1,S=1",-17792.0,-163323000.0,1,K|Y,1
K,3,K,11,C,3,S,6,Y,161,R,7,X,223,Y,23,K,5,X,1,R,5,Y,1,C,1,S,1,"L1:[sp=K,3] K=11,C=3,S=6,Y=161,R=7,X=223 || L2:[sp=Y,23] K=5,X=1,R=5,Y=1,C=1,S=1",-17792.0,-163323000.0,1,K|Y,1
K,3,C,1,Y,114,X,223,K,6,R,1,S,5,Y,26,X,1,K,1,R,1,S,1,C,1,Y,1,"L1:[sp=K,3] C=1,Y=114,X=223,K=6,R=1,S=5 || L2:[sp=Y,26] X=1,K=1,R=1,S=1,C=1,Y=1",-17809.0,-163323000.0,1,K|Y,1
K,3,K,6,X,223,Y,94,C,1,R,2,S,3,Y,26,X,1,K,1,R,1,S,1,C,1,Y,1,"L1:[sp=K,3] K=6,X=223,Y=94,C=1,R=2,S=3 || L2:[sp=Y,26] X=1,K=1,R=1,S=1,C=1,Y=1",-17857.0,-163323000.0,1,K|Y,1
C,3,S,5,R,5,C,2,X,223,Y,224,K,2,K,3,C,2,R,5,X,2,S,1,Y,1,K,2,"L1:[sp=C,3] S=5,R=5,C=2,X=223,Y=224,K=2 || L2:[sp=K,3] C=2,R=5,X=2,S=1,Y=1,K=2",-18049.0,-163323000.0,1,C|K,1
K,3,K,21,X,223,S,6,Y,142,R,7,C,1,Y,76,K,9,X,1,C,1,R,2,S,3,Y,1,"L1:[sp=K,3] K=21,X=223,S=6,Y=142,R=7,C=1 || L2:[sp=Y,76] K=9,X=1,C=1,R=2,S=3,Y=1",-18169.0,-163323000.0,1,K|Y,1
K,3,K,21,X,223,S,6,Y,142,R,5,C,1,Y,76,K,9,X,1,C,1,R,2,S,3,Y,1,"L1:[sp=K,3] K=21,X=223,S=6,Y=142,R=5,C=1 || L2:[sp=Y,76] K=9,X=1,C=1,R=2,S=3,Y=1",-18193.0,-163323000.0,1,K|Y,1
K,3,Y,178,K,21,R,5,X,223,S,3,C,2,Y,76,C,1,Y,1,K,18,S,3,X,1,R,1,"L1:[sp=K,3] Y=178,K=21,R=5,X=223,S=3,C=2 || L2:[sp=Y,76] C=1,Y=1,K=18,S=3,X=1,R=1",-18193.0,-163323000.0,1,K|Y,1
K,3,K,21,X,223,S,6,Y,71,R,5,C,2,Y,76,C,1,X,1,R,2,K,9,S,3,Y,1,"L1:[sp=K,3] K=21,X=223,S=6,Y=71,R=5,C=2 || L2:[sp=Y,76] C=1,X=1,R=2,K=9,S=3,Y=1",-18209.0,-163323000.0,1,K|Y,1
K,3,K,21,X,223,S,6,Y,71,R,6,C,2,Y,76,C,1,X,1,K,9,R,1,S,3,Y,1,"L1:[sp=K,3] K=21,X=223,S=6,Y=71,R=6,C=2 || L2:[sp=Y,76] C=1,X=1,K=9,R=1,S=3,Y=1",-18209.0,-163323000.0,1,K|Y,1
K,3,K,9,R,2,X,223,C,3,Y,76,S,6,Y,76,K,9,X,1,R,2,S,1,C,1,Y,1,"L1:[sp=K,3] K=9,R=2,X=223,C=3,Y=76,S=6 || L2:[sp=Y,76] K=9,X=1,R=2,S=1,C=1,Y=1",-18241.0,-163323000.0,1,K|Y,1
K,3,K,21,X,223,S,6,Y,71,R,5,C,1,Y,76,C,1,X,1,R,2,K,9,S,3,Y,1,"L1:[sp=K,3] K=21,X=223,S=6,Y=71,R=5,C=1 || L2:[sp=Y,76] C=1,X=1,R=2,K=9,S=3,Y=1",-18241.0,-163323000.0,1,K|Y,1
K,3,K,21,X,223,R,7,Y,142,S,6,C,1,Y,76,K,11,X,1,C,1,S,1,R,2,Y,1,"L1:[sp=K,3] K=21,X=223,R=7,Y=142,S=6,C=1 || L2:[sp=Y,76] K=11,X=1,C=1,S=1,R=2,Y=1",-18253.0,-163323000.0,1,K|Y,1
K,3,K,3,C,3,X,223,Y,180,R,7,S,3,Y,76,K,1,X,1,R,7,C,1,S,1,Y,1,"L1:[sp=K,3] K=3,C=3,X=223,Y=180,R=7,S=3 || L2:[sp=Y,76] K=1,X=1,R=7,C=1,S=1,Y=1",-18295.0,-163323000.0,1,K|Y,1
K,3,K,11,R,1,X,223,C,3,Y,70,S,6,Y,76,K,2,X,1,Y,1,S,1,C,1,R,1,"L1:[sp=K,3] K=11,R=1,X=223,C=3,Y=70,S=6 || L2:[sp=Y,76] K=2,X=1,Y=1,S=1,C=1,R=1",-18397.0,-163323000.0,1,K|Y,1
K,3,S,6,R,7,X,223,C,3,K,14,Y,76,Y,26,S,1,K,1,R,7,Y,1,X,1,C,1,"L1:[sp=K,3] S=6,R=7,X=223,C=3,K=14,Y=76 || L2:[sp=Y,26] S=1,K=1,R=7,Y=1,X=1,C=1",-18529.0,-163323000.0,1,K|Y,1
Y,3,K,26,Y,76,R,7,X,223,C,1,S,6,Y,76,K,5,Y,1,R,7,S,1,C,1,X,1,"L1:[sp=Y,3] K=26,Y=76,R=7,X=223,C=1,S=6 || L2:[sp=Y,76] K=5,Y=1,R=7,S=1,C=1,X=1",-18559.0,-163323000.0,1,Y|Y,1
Y,3,K,26,Y,76,R,7,X,223,C,1,S,5,Y,76,K,5,Y,1,R,7,S,1,C,1,X,1,"L1:[sp=Y,3] K=26,Y=76,R=7,X=223,C=1,S=5 || L2:[sp=Y,76] K=5,Y=1,R=7,S=1,C=1,X=1",-18559.0,-163323000.0,1,Y|Y,1
K,3,S,6,K,14,X,223,C,2,R,2,Y,76,Y,26,S,1,Y,1,R,1,K,1,X,1,C,1,"L1:[sp=K,3] S=6,K=14,X=223,C=2,R=2,Y=76 || L2:[sp=Y,26] S=1,Y=1,R=1,K=1,X=1,C=1",-18571.0,-163323000.0,1,K|Y,1
K,3,K,11,Y,148,X,223,C,3,R,7,S,6,Y,26,Y,1,K,5,R,1,S,3,X,1,C,1,"L1:[sp=K,3] K=11,Y=148,X=223,C=3,R=7,S=6 || L2:[sp=Y,26] Y=1,K=5,R=1,S=3,X=1,C=1",-18716.0,-163323000.0,1,K|Y,1
K,3,K,11,Y,148,X,223,C,3,R,2,S,3,Y,26,X,1,K,5,R,1,S,3,Y,1,C,1,"L1:[sp=K,3] K=11,Y=148,X=223,C=3,R=2,S=3 || L2:[sp=Y,26] X=1,K=5,R=1,S=3,Y=1,C=1",-18736.0,-163323000.0,1,K|Y,1
K,3,K,27,Y,76,X,223,C,2,R,2,S,6,Y,76,K,5,X,1,R,2,S,1,Y,1,C,1,"L1:[sp=K,3] K=27,Y=76,X=223,C=2,R=2,S=6 || L2:[sp=Y,76] K=5,X=1,R=2,S=1,Y=1,C=1",-18745.0,-163323000.0,1,K|Y,1
K,3,Y,205,X,223,S,6,K,32,C,3,R,7,Y,76,K,5,X,1,C,1,S,1,R,5,Y,1,"L1:[sp=K,3] Y=205,X=223,S=6,K=32,C=3,R=7 || L2:[sp=Y,76] K=5,X=1,C=1,S=1,R=5,Y=1",-18821.0,-163323000.0,1,K|Y,1
Y,3,Y,224,K,21,C,2,X,223,S,4,R,7,Y,76,C,1,X,2,R,3,S,1,Y,1,K,1,"L1:[sp=Y,3] Y=224,K=21,C=2,X=223,S=4,R=7 || L2:[sp=Y,76] C=1,X=2,R=3,S=1,Y=1,K=1",-18833.0,-163323000.0,1,Y|Y,1
K,3,K,21,X,223,S,5,Y,186,R,5,C,2,Y,76,C,2,X,1,K,9,S,1,Y,1,R,2,"L1:[sp=K,3] K=21,X=223,S=5,Y=186,R=5,C=2 || L2:[sp=Y,76] C=2,X=1,K=9,S=1,Y=1,R=2",-18849.0,-163323000.0,1,K|Y,1
K,3,K,21,Y,186,S,5,X,223,R,5,C,2,Y,76,C,2,X,1,K,9,S,1,Y,1,R,2,"L1:[sp=K,3] K=21,Y=186,S=5,X=223,R=5,C=2 || L2:[sp=Y,76] C=2,X=1,K=9,S=1,Y=1,R=2",-18849.0,-163323000.0,1,K|Y,1
Y,3,Y,224,K,21,C,2,X,223,S,3,R,5,Y,76,C,1,X,2,R,1,S,2,Y,1,K,1,"L1:[sp=Y,3] Y=224,K=21,C=2,X=223,S=3,R=5 || L2:[sp=Y,76] C=1,X=2,R=1,S=2,Y=1,K=1",-18865.0,-163323000.0,1,Y|Y,1
K,3,K,21,X,223,S,5,Y,71,R,6,C,2,Y,76,S,1,X,1,R,1,K,9,C,2,Y,1,"L1:[sp=K,3] K=21,X=223,S=5,Y=71,R=6,C=2 || L2:[sp=Y,76] S=1,X=1,R=1,K=9,C=2,Y=1",-18881.0,-163323000.0,1,K|Y,1
K,3,K,32,X,223,C,1,Y,218,S,6,R,1,Y,76,K,5,X,1,C,1,S,1,R,1,Y,1,"L1:[sp=K,3] K=32,X=223,C=1,Y=218,S=6,R=1 || L2:[sp=Y,76] K=5,X=1,C=1,S=1,R=1,Y=1",-18901.0,-163323000.0,1,K|Y,1
K,3,K,11,Y,70,S,6,C,3,R,2,X,223,Y,76,K,5,X,1,R,2,S,1,C,2,Y,1,"L1:[sp=K,3] K=11,Y=70,S=6,C=3,R=2,X=223 || L2:[sp=Y,76] K=5,X=1,R=2,S=1,C=2,Y=1",-18913.0,-163323000.0,1,K|Y,1
K,3,K,21,X,223,S,6,Y,71,R,3,C,2,Y,76,S,1,X,1,R,1,K,9,C,2,Y,1,"L1:[sp=K,3] K=21,X=223,S=6,Y=71,R=3,C=2 || L2:[sp=Y,76] S=1,X=1,R=1,K=9,C=2,Y=1",-18913.0,-163323000.0,1,K|Y,1
K,3,K,21,X,223,S,6,Y,71,R,3,C,2,Y,76,S,1,C,2,R,2,K,6,X,1,Y,1,"L1:[sp=K,3] K=21,X=223,S=6,Y=71,R=3,C=2 || L2:[sp=Y,76] S=1,C=2,R=2,K=6,X=1,Y=1",-18913.0,-163323000.0,1,K|Y,1
K,3,Y,71,X,223,S,6,K,21,R,3,C,2,Y,76,S,1,X,1,R,1,K,9,C,2,Y,1,"L1:[sp=K,3] Y=71,X=223,S=6,K=21,R=3,C=2 || L2:[sp=Y,76] S=1,X=1,R=1,K=9,C=2,Y=1",-18913.0,-163323000.0,1,K|Y,1
K,3,Y,71,X,223,S,6,K,21,R,3,C,2,Y,76,S,1,X,1,R,2,K,9,C,2,Y,1,"L1:[sp=K,3] Y=71,X=223,S=6,K=21,R=3,C=2 || L2:[sp=Y,76] S=1,X=1,R=2,K=9,C=2,Y=1",-18913.0,-163323000.0,1,K|Y,1
K,3,K,32,X,223,Y,71,C,1,S,6,R,1,Y,76,K,5,X,1,C,1,S,1,R,1,Y,1,"L1:[sp=K,3] K=32,X=223,Y=71,C=1,S=6,R=1 || L2:[sp=Y,76] K=5,X=1,C=1,S=1,R=1,Y=1",-18985.0,-163323000.0,1,K|Y,1
K,3,K,21,X,223,S,5,Y,71,R,1,C,2,Y,76,S,1,X,1,R,1,K,9,C,2,Y,1,"L1:[sp=K,3] K=21,X=223,S=5,Y=71,R=1,C=2 || L2:[sp=Y,76] S=1,X=1,R=1,K=9,C=2,Y=1",-19041.0,-163323000.0,1,K|Y,1
Y,3,Y,224,K,2,R,5,X,223,S,3,C,2,K,3,C,1,Y,1,X,2,S,1,R,1,K,2,"L1:[sp=Y,3] Y=224,K=2,R=5,X=223,S=3,C=2 || L2:[sp=K,3] C=1,Y=1,X=2,S=1,R=1,K=2",-19201.0,-163323000.0,1,Y|K,1
K,3,K,11,Y,133,X,223,C,3,R,5,S,5,Y,76,K,10,X,1,R,5,S,1,C,3,Y,1,"L1:[sp=K,3] K=11,Y=133,X=223,C=3,R=5,S=5 || L2:[sp=Y,76] K=10,X=1,R=5,S=1,C=3,Y=1",-19345.0,-163323000.0,1,K|Y,1
K,3,K,11,S,6,R,4,C,2,Y,76,X,223,Y,76,K,10,X,1,R,2,S,1,C,1,Y,1,"L1:[sp=K,3] K=11,S=6,R=4,C=2,Y=76,X=223 || L2:[sp=Y,76] K=10,X=1,R=2,S=1,C=1,Y=1",-19393.0,-163323000.0,1,K|Y,1
K,3,K,11,S,6,R,4,C,2,Y,106,X,223,Y,76,K,10,X,1,R,2,S,1,C,1,Y,1,"L1:[sp=K,3] K=11,S=6,R=4,C=2,Y=106,X=223 || L2:[sp=Y,76] K=10,X=1,R=2,S=1,C=1,Y=1",-19393.0,-163323000.0,1,K|Y,1
K,3,K,11,R,7,X,223,C,3,Y,133,S,6,Y,76,K,4,X,1,Y,1,S,1,C,1,R,2,"L1:[sp=K,3] K=11,R=7,X=223,C=3,Y=133,S=6 || L2:[sp=Y,76] K=4,X=1,Y=1,S=1,C=1,R=2",-19417.0,-163323000.0,1,K|Y,1
K,3,K,11,R,7,X,223,C,3,Y,133,S,6,Y,76,S,1,X,1,Y,1,R,2,C,1,K,4,"L1:[sp=K,3] K=11,R=7,X=223,C=3,Y=133,S=6 || L2:[sp=Y,76] S=1,X=1,Y=1,R=2,C=1,K=4",-19417.0,-163323000.0,1,K|Y,1
K,3,K,11,R,7,X,223,C,3,Y,133,S,3,Y,76,K,4,X,1,Y,1,S,1,C,1,R,2,"L1:[sp=K,3] K=11,R=7,X=223,C=3,Y=133,S=3 || L2:[sp=Y,76] K=4,X=1,Y=1,S=1,C=1,R=2",-19423.0,-163323000.0,1,K|Y,1
K,3,K,11,R,7,X,223,C,3,Y,133,S,3,Y,76,K,4,C,1,Y,1,S,1,X,1,R,2,"L1:[sp=K,3] K=11,R=7,X=223,C=3,Y=133,S=3 || L2:[sp=Y,76] K=4,C=1,Y=1,S=1,X=1,R=2",-19423.0,-163323000.0,1,K|Y,1
K,3,K,11,R,7,X,223,C,3,Y,181,S,3,Y,76,K,4,X,1,Y,1,S,1,C,1,R,2,"L1:[sp=K,3] K=11,R=7,X=223,C=3,Y=181,S=3 || L2:[sp=Y,76] K=4,X=1,Y=1,S=1,C=1,R=2",-19423.0,-163323000.0,1,K|Y,1
K,3,C,3,Y,43,X,223,K,11,R,7,S,5,Y,38,K,10,X,1,R,7,S,1,C,1,Y,1,"L1:[sp=K,3] C=3,Y=43,X=223,K=11,R=7,S=5 || L2:[sp=Y,38] K=10,X=1,R=7,S=1,C=1,Y=1",-19429.0,-163323000.0,1,K|Y,1
K,3,K,11,C,3,S,6,Y,32,X,223,R,5,Y,23,K,8,X,1,R,4,S,1,C,1,Y,1,"L1:[sp=K,3] K=11,C=3,S=6,Y=32,X=223,R=5 || L2:[sp=Y,23] K=8,X=1,R=4,S=1,C=1,Y=1",-19433.0,-163323000.0,1,K|Y,1
K,3,K,11,R,7,X,223,C,3,Y,64,S,3,Y,76,K,4,X,1,Y,1,S,1,C,1,R,2,"L1:[sp=K,3] K=11,R=7,X=223,C=3,Y=64,S=3 || L2:[sp=Y,76] K=4,X=1,Y=1,S=1,C=1,R=2",-19441.0,-163323000.0,1,K|Y,1
K,3,K,3,C,3,X,223,Y,180,R,7,S,3,Y,76,K,3,X,1,R,7,C,1,S,1,Y,1,"L1:[sp=K,3] K=3,C=3,X=223,Y=180,R=7,S=3 || L2:[sp=Y,76] K=3,X=1,R=7,C=1,S=1,Y=1",-19471.0,-163323000.0,1,K|Y,1
K,3,K,11,R,1,X,223,C,3,Y,133,S,6,Y,76,K,4,X,1,Y,1,S,1,C,1,R,1,"L1:[sp=K,3] K=11,R=1,X=223,C=3,Y=133,S=6 || L2:[sp=Y,76] K=4,X=1,Y=1,S=1,C=1,R=1",-19489.0,-163323000.0,1,K|Y,1
K,3,K,11,R,2,X,223,C,3,Y,70,S,5,Y,76,K,4,X,1,Y,1,S,1,C,1,R,1,"L1:[sp=K,3] K=11,R=2,X=223,C=3,Y=70,S=5 || L2:[sp=Y,76] K=4,X=1,Y=1,S=1,C=1,R=1",-19501.0,-163323000.0,1,K|Y,1
K,3,K,3,C,1,X,223,Y,180,R,7,S,3,Y,76,K,3,X,1,R,7,C,1,S,1,Y,1,"L1:[sp=K,3] K=3,C=1,X=223,Y=180,R=7,S=3 || L2:[sp=Y,76] K=3,X=1,R=7,C=1,S=1,Y=1",-19603.0,-163323000.0,1,K|Y,1
K,3,K,6,R,7,X,223,C,3,Y,70,S,3,Y,76,K,2,X,1,Y,1,S,1,C,1,R,7,"L1:[sp=K,3] K=6,R=7,X=223,C=3,Y=70,S=3 || L2:[sp=Y,76] K=2,X=1,Y=1,S=1,C=1,R=7",-20065.0,-163323000.0,1,K|Y,1
K,3,K,21,X,223,R,5,Y,142,S,6,C,1,Y,76,K,9,X,1,C,1,S,1,R,5,Y,1,"L1:[sp=K,3] K=21,X=223,R=5,Y=142,S=6,C=1 || L2:[sp=Y,76] K=9,X=1,C=1,S=1,R=5,Y=1",-20209.0,-163323000.0,1,K|Y,1
K,3,K,21,X,223,R,5,Y,142,S,6,C,1,Y,76,K,9,X,1,C,1,Y,1,R,5,S,1,"L1:[sp=K,3] K=21,X=223,R=5,Y=142,S=6,C=1 || L2:[sp=Y,76] K=9,X=1,C=1,Y=1,R=5,S=1",-20209.0,-163323000.0,1,K|Y,1
K,3,K,21,X,223,S,6,Y,142,R,5,C,1,Y,76,K,9,X,1,C,1,R,5,S,1,Y,1,"L1:[sp=K,3] K=21,X=223,S=6,Y=142,R=5,C=1 || L2:[sp=Y,76] K=9,X=1,C=1,R=5,S=1,Y=1",-20209.0,-163323000.0,1,K|Y,1
K,3,K,21,X,223,R,5,Y,142,S,5,C,1,Y,76,K,9,X,1,C,1,S,1,R,5,Y,1,"L1:[sp=K,3] K=21,X=223,R=5,Y=142,S=5,C=1 || L2:[sp=Y,76] K=9,X=1,C=1,S=1,R=5,Y=1",-20209.0,-163323000.0,1,K|Y,1
K,3,Y,114,K,6,X,223,R,2,C,2,S,6,Y,26,X,1,K,1,R,2,S,1,Y,1,C,1,"L1:[sp=K,3] Y=114,K=6,X=223,R=2,C=2,S=6 || L2:[sp=Y,26] X=1,K=1,R=2,S=1,Y=1,C=1",-20225.0,-163323000.0,1,K|Y,1
K,3,C,1,K,3,Y,114,R,6,X,223,S,6,Y,26,S,2,X,1,C,1,K,3,R,1,Y,1,"L1:[sp=K,3] C=1,K=3,Y=114,R=6,X=223,S=6 || L2:[sp=Y,26] S=2,X=1,C=1,K=3,R=1,Y=1",-20257.0,-163323000.0,1,K|Y,1
K,3,C,1,X,223,Y,114,K,6,R,2,S,6,Y,26,X,1,K,1,R,2,S,1,C,1,Y,1,"L1:[sp=K,3] C=1,X=223,Y=114,K=6,R=2,S=6 || L2:[sp=Y,26] X=1,K=1,R=2,S=1,C=1,Y=1",-20257.0,-163323000.0,1,K|Y,1
K,3,S,6,K,14,X,223,C,3,R,7,Y,141,Y,26,S,1,K,1,R,1,Y,1,X,1,C,3,"L1:[sp=K,3] S=6,K=14,X=223,C=3,R=7,Y=141 || L2:[sp=Y,26] S=1,K=1,R=1,Y=1,X=1,C=3",-20585.0,-163323000.0,1,K|Y,1
Y,3,Y,112,S,6,R,3,X,223,K,35,C,3,Y,76,C,2,X,1,K,19,S,1,Y,1,R,2,"L1:[sp=Y,3] Y=112,S=6,R=3,X=223,K=35,C=3 || L2:[sp=Y,76] C=2,X=1,K=19,S=1,Y=1,R=2",-20593.0,-163323000.0,1,Y|Y,1
K,3,K,11,Y,76,X,223,C,3,R,7,S,6,Y,76,Y,1,K,5,R,1,S,1,X,1,C,1,"L1:[sp=K,3] K=11,Y=76,X=223,C=3,R=7,S=6 || L2:[sp=Y,76] Y=1,K=5,R=1,S=1,X=1,C=1",-20599.0,-163323000.0,1,K|Y,1
K,3,K,35,X,223,R,5,C,1,S,5,Y,71,Y,76,X,1,K,5,C,1,S,1,R,2,Y,1,"L1:[sp=K,3] K=35,X=223,R=5,C=1,S=5,Y=71 || L2:[sp=Y,76] X=1,K=5,C=1,S=1,R=2,Y=1",-20629.0,-163323000.0,1,K|Y,1
Y,3,Y,71,K,35,R,3,X,223,S,6,C,2,Y,76,C,1,X,1,K,19,S,1,Y,1,R,2,"L1:[sp=Y,3] Y=71,K=35,R=3,X=223,S=6,C=2 || L2:[sp=Y,76] C=1,X=1,K=19,S=1,Y=1,R=2",-20629.0,-163323000.0,1,Y|Y,1
K,3,C,3,X,223,Y,114,R,1,K,10,S,5,Y,26,X,1,K,1,R,1,S,1,C,1,Y,1,"L1:[sp=K,3] C=3,X=223,Y=114,R=1,K=10,S=5 || L2:[sp=Y,26] X=1,K=1,R=1,S=1,C=1,Y=1",-20637.0,-163323000.0,1,K|Y,1
K,3,C,3,X,223,Y,114,R,1,K,10,S,5,Y,26,X,1,S,1,R,1,K,1,C,2,Y,1,"L1:[sp=K,3] C=3,X=223,Y=114,R=1,K=10,S=5 || L2:[sp=Y,26] X=1,S=1,R=1,K=1,C=2,Y=1",-20637.0,-163323000.0,1,K|Y,1
K,3,X,223,C,3,Y,114,R,1,K,10,S,5,Y,26,X,1,K,1,R,1,S,1,C,2,Y,1,"L1:[sp=K,3] X=223,C=3,Y=114,R=1,K=10,S=5 || L2:[sp=Y,26] X=1,K=1,R=1,S=1,C=2,Y=1",-20637.0,-163323000.0,1,K|Y,1
K,3,K,15,Y,130,C,1,X,223,R,5,S,6,Y,76,K,5,X,1,C,1,S,1,R,1,Y,1,"L1:[sp=K,3] K=15,Y=130,C=1,X=223,R=5,S=6 || L2:[sp=Y,76] K=5,X=1,C=1,S=1,R=1,Y=1",-20653.0,-163323000.0,1,K|Y,1
K,3,K,15,C,1,Y,130,X,223,R,5,S,6,Y,76,K,5,X,1,C,1,S,1,R,1,Y,1,"L1:[sp=K,3] K=15,C=1,Y=130,X=223,R=5,S=6 || L2:[sp=Y,76] K=5,X=1,C=1,S=1,R=1,Y=1",-20653.0,-163323000.0,1,K|Y,1
K,3,K,15,C,1,X,223,Y,130,R,6,S,6,Y,76,K,5,X,1,C,1,S,1,R,1,Y,1,"L1:[sp=K,3] K=15,C=1,X=223,Y=130,R=6,S=6 || L2:[sp=Y,76] K=5,X=1,C=1,S=1,R=1,Y=1",-20653.0,-163323000.0,1,K|Y,1
K,3,K,11,S,6,R,4,C,2,Y,195,X,223,Y,76,K,10,X,1,R,2,S,1,C,2,Y,1,"L1:[sp=K,3] K=11,S=6,R=4,C=2,Y=195,X=223 || L2:[sp=Y,76] K=10,X=1,R=2,S=1,C=2,Y=1",-20657.0,-163323000.0,1,K|Y,1
K,3,C,1,X,223,Y,114,R,1,K,10,S,5,Y,26,X,1,K,1,R,1,S,1,C,1,Y,1,"L1:[sp=K,3] C=1,X=223,Y=114,R=1,K=10,S=5 || L2:[sp=Y,26] X=1,K=1,R=1,S=1,C=1,Y=1",-20749.0,-163323000.0,1,K|Y,1
K,3,K,11,Y,203,X,223,C,3,R,6,S,5,Y,26,X,1,K,5,R,1,S,5,Y,1,C,1,"L1:[sp=K,3] K=11,Y=203,X=223,C=3,R=6,S=5 || L2:[sp=Y,26] X=1,K=5,R=1,S=5,Y=1,C=1",-20799.0,-163323000.0,1,K|Y,1
K,3,K,11,Y,148,X,223,C,2,R,6,S,5,Y,26,X,1,K,5,R,1,S,5,Y,1,C,1,"L1:[sp=K,3] K=11,Y=148,X=223,C=2,R=6,S=5 || L2:[sp=Y,26] X=1,K=5,R=1,S=5,Y=1,C=1",-20807.0,-163323000.0,1,K|Y,1
K,3,K,11,Y,148,X,223,C,3,R,2,S,5,Y,26,X,1,K,5,R,1,S,5,Y,1,C,1,"L1:[sp=K,3] K=11,Y=148,X=223,C=3,R=2,S=5 || L2:[sp=Y,26] X=1,K=5,R=1,S=5,Y=1,C=1",-20807.0,-163323000.0,1,K|Y,1
K,3,C,3,K,14,X,223,R,2,S,6,Y,76,Y,76,S,2,K,1,R,2,Y,1,C,2,X,1,"L1:[sp=K,3] C=3,K=14,X=223,R=2,S=6,Y=76 || L2:[sp=Y,76] S=2,K=1,R=2,Y=1,C=2,X=1",-20809.0,-163323000.0,1,K|Y,1
K,3,K,11,Y,76,C,2,X,223,R,5,S,5,Y,76,K,8,X,1,R,5,S,1,C,1,Y,1,"L1:[sp=K,3] K=11,Y=76,C=2,X=223,R=5,S=5 || L2:[sp=Y,76] K=8,X=1,R=5,S=1,C=1,Y=1",-20863.0,-163323000.0,1,K|Y,1
K,3,K,11,R,2,X,223,C,3,Y,70,S,6,Y,76,K,2,X,1,Y,1,S,1,C,1,R,2,"L1:[sp=K,3] K=11,R=2,X=223,C=3,Y=70,S=6 || L2:[sp=Y,76] K=2,X=1,Y=1,S=1,C=1,R=2",-20929.0,-163323000.0,1,K|Y,1
K,3,S,6,K,14,X,223,C,3,R,7,Y,141,Y,26,S,2,K,1,R,7,Y,1,X,1,C,3,"L1:[sp=K,3] S=6,K=14,X=223,C=3,R=7,Y=141 || L2:[sp=Y,26] S=2,K=1,R=7,Y=1,X=1,C=3",-21173.0,-163323000.0,1,K|Y,1
K,3,K,36,Y,205,C,3,X,223,R,7,S,6,Y,76,C,1,X,1,K,5,S,1,R,5,Y,1,"L1:[sp=K,3] K=36,Y=205,C=3,X=223,R=7,S=6 || L2:[sp=Y,76] C=1,X=1,K=5,S=1,R=5,Y=1",-21173.0,-163323000.0,1,K|Y,1
K,3,K,36,Y,205,C,3,X,223,R,7,S,6,Y,76,C,1,X,1,K,5,S,1,R,3,Y,1,"L1:[sp=K,3] K=36,Y=205,C=3,X=223,R=7,S=6 || L2:[sp=Y,76] C=1,X=1,K=5,S=1,R=3,Y=1",-21173.0,-163323000.0,1,K|Y,1
K,3,K,11,Y,76,X,223,C,3,R,7,S,6,Y,38,C,1,X,1,R,7,S,1,K,10,Y,1,"L1:[sp=K,3] K=11,Y=76,X=223,C=3,R=7,S=6 || L2:[sp=Y,38] C=1,X=1,R=7,S=1,K=10,Y=1",-21181.0,-163323000.0,1,K|Y,1
Y,3,Y,43,K,23,X,223,R,2,S,6,C,3,Y,26,X,1,K,21,Y,3,S,1,C,1,R,1,"L1:[sp=Y,3] Y=43,K=23,X=223,R=2,S=6,C=3 || L2:[sp=Y,26] X=1,K=21,Y=3,S=1,C=1,R=1",-21193.0,-163323000.0,1,Y|Y,1
K,3,S,6,K,14,X,223,C,3,R,2,Y,76,Y,26,S,2,K,1,R,1,Y,1,X,1,C,1,"L1:[sp=K,3] S=6,K=14,X=223,C=3,R=2,Y=76 || L2:[sp=Y,26] S=2,K=1,R=1,Y=1,X=1,C=1",-21193.0,-163323000.0,1,K|Y,1
K,3,S,6,K,14,X,223,C,3,R,2,Y,76,Y,26,S,2,K,1,R,1,Y,1,X,1,C,2,"L1:[sp=K,3] S=6,K=14,X=223,C=3,R=2,Y=76 || L2:[sp=Y,26] S=2,K=1,R=1,Y=1,X=1,C=2",-21193.0,-163323000.0,1,K|Y,1
K,3,K,36,Y,205,C,3,X,223,R,1,S,6,Y,76,C,1,X,1,K,5,S,1,R,1,Y,1,"L1:[sp=K,3] K=36,Y=205,C=3,X=223,R=1,S=6 || L2:[sp=Y,76] C=1,X=1,K=5,S=1,R=1,Y=1",-21197.0,-163323000.0,1,K|Y,1
Y,3,Y,43,K,23,X,223,R,2,S,6,C,2,Y,26,X,1,K,21,Y,3,S,1,C,1,R,1,"L1:[sp=Y,3] Y=43,K=23,X=223,R=2,S=6,C=2 || L2:[sp=Y,26] X=1,K=21,Y=3,S=1,C=1,R=1",-21217.0,-163323000.0,1,Y|Y,1
K,3,S,6,R,2,X,223,C,1,K,14,Y,76,Y,26,S,2,K,1,R,1,Y,1,X,1,C,1,"L1:[sp=K,3] S=6,R=2,X=223,C=1,K=14,Y=76 || L2:[sp=Y,26] S=2,K=1,R=1,Y=1,X=1,C=1",-21241.0,-163323000.0,1,K|Y,1
K,3,S,6,R,2,X,223,C,1,K,14,Y,76,Y,26,S,2,K,5,R,1,Y,1,X,1,C,1,"L1:[sp=K,3] S=6,R=2,X=223,C=1,K=14,Y=76 || L2:[sp=Y,26] S=2,K=5,R=1,Y=1,X=1,C=1",-21241.0,-163323000.0,1,K|Y,1
K,3,K,15,X,223,R,5,Y,142,S,6,C,1,Y,76,K,9,X,1,C,1,S,1,R,2,Y,1,"L1:[sp=K,3] K=15,X=223,R=5,Y=142,S=6,C=1 || L2:[sp=Y,76] K=9,X=1,C=1,S=1,R=2,Y=1",-21241.0,-163323000.0,1,K|Y,1
K,3,K,6,X,223,Y,114,C,1,R,2,S,6,Y,26,X,1,K,1,R,1,S,1,C,1,Y,6,"L1:[sp=K,3] K=6,X=223,Y=114,C=1,R=2,S=6 || L2:[sp=Y,26] X=1,K=1,R=1,S=1,C=1,Y=6",-21265.0,-163323000.0,1,K|Y,1
K,3,K,8,Y,76,R,3,C,1,X,223,S,6,Y,26,Y,1,K,5,R,1,S,1,X,1,C,1,"L1:[sp=K,3] K=8,Y=76,R=3,C=1,X=223,S=6 || L2:[sp=Y,26] Y=1,K=5,R=1,S=1,X=1,C=1",-21277.0,-163323000.0,1,K|Y,1
K,3,K,8,X,223,R,3,C,1,Y,76,S,6,Y,26,Y,1,K,5,R,1,S,1,X,1,C,1,"L1:[sp=K,3] K=8,X=223,R=3,C=1,Y=76,S=6 || L2:[sp=Y,26] Y=1,K=5,R=1,S=1,X=1,C=1",-21277.0,-163323000.0,1,K|Y,1
K,3,C,2,X,223,Y,114,K,6,R,1,S,5,Y,26,X,1,K,1,R,1,S,1,C,1,Y,6,"L1:[sp=K,3] C=2,X=223,Y=114,K=6,R=1,S=5 || L2:[sp=Y,26] X=1,K=1,R=1,S=1,C=1,Y=6",-21281.0,-163323000.0,1,K|Y,1
K,3,K,11,Y,148,X,223,C,3,R,2,S,6,Y,26,X,1,K,4,R,2,S,3,Y,1,C,1,"L1:[sp=K,3] K=11,Y=148,X=223,C=3,R=2,S=6 || L2:[sp=Y,26] X=1,K=4,R=2,S=3,Y=1,C=1",-21401.0,-163323000.0,1,K|Y,1
K,3,Y,142,X,223,S,6,K,32,C,2,R,6,Y,76,K,5,X,1,C,1,S,1,R,2,Y,1,"L1:[sp=K,3] Y=142,X=223,S=6,K=32,C=2,R=6 || L2:[sp=Y,76] K=5,X=1,C=1,S=1,R=2,Y=1",-21521.0,-163323000.0,1,K|Y,1
K,3,K,26,Y,218,X,223,C,1,R,7,S,6,Y,76,K,2,X,1,R,5,S,3,C,1,Y,1,"L1:[sp=K,3] K=26,Y=218,X=223,C=1,R=7,S=6 || L2:[sp=Y,76] K=2,X=1,R=5,S=3,C=1,Y=1",-21559.0,-163323000.0,1,K|Y,1
K,3,K,26,Y,163,X,223,C,3,R,7,S,6,Y,76,K,5,X,1,R,6,S,1,C,3,Y,1,"L1:[sp=K,3] K=26,Y=163,X=223,C=3,R=7,S=6 || L2:[sp=Y,76] K=5,X=1,R=6,S=1,C=3,Y=1",-21765.0,-163323000.0,1,K|Y,1
K,3,K,27,Y,130,C,1,X,223,R,5,S,6,Y,76,K,5,X,1,C,1,S,1,R,1,Y,1,"L1:[sp=K,3] K=27,Y=130,C=1,X=223,R=5,S=6 || L2:[sp=Y,76] K=5,X=1,C=1,S=1,R=1,Y=1",-21805.0,-163323000.0,1,K|Y,1
K,3,K,13,Y,211,R,5,C,3,X,223,S,6,Y,26,X,1,K,5,R,1,S,2,Y,1,C,1,"L1:[sp=K,3] K=13,Y=211,R=5,C=3,X=223,S=6 || L2:[sp=Y,26] X=1,K=5,R=1,S=2,Y=1,C=1",-21849.0,-163323000.0,1,K|Y,1
K,3,K,13,Y,143,X,223,C,3,R,2,S,6,Y,26,X,1,K,5,R,1,S,2,Y,1,C,1,"L1:[sp=K,3] K=13,Y=143,X=223,C=3,R=2,S=6 || L2:[sp=Y,26] X=1,K=5,R=1,S=2,Y=1,C=1",-21857.0,-163323000.0,1,K|Y,1
Y,3,Y,137,K,11,X,223,C,3,R,4,S,6,Y,76,Y,1,K,6,R,1,S,2,X,1,C,1,"L1:[sp=Y,3] Y=137,K=11,X=223,C=3,R=4,S=6 || L2:[sp=Y,76] Y=1,K=6,R=1,S=2,X=1,C=1",-22201.0,-163323000.0,1,Y|Y,1
K,3,K,11,R,4,X,223,C,3,Y,133,S,6,Y,76,K,4,X,1,Y,1,S,1,C,1,R,2,"L1:[sp=K,3] K=11,R=4,X=223,C=3,Y=133,S=6 || L2:[sp=Y,76] K=4,X=1,Y=1,S=1,C=1,R=2",-22201.0,-163323000.0,1,K|Y,1
K,3,K,11,R,4,Y,200,C,3,X,223,S,6,Y,76,K,4,X,1,R,2,S,1,C,1,Y,1,"L1:[sp=K,3] K=11,R=4,Y=200,C=3,X=223,S=6 || L2:[sp=Y,76] K=4,X=1,R=2,S=1,C=1,Y=1",-22201.0,-163323000.0,1,K|Y,1
K,3,Y,198,K,21,S,6,X,223,R,3,C,2,Y,76,C,1,X,1,R,2,S,6,Y,1,K,1,"L1:[sp=K,3] Y=198,K=21,S=6,X=223,R=3,C=2 || L2:[sp=Y,76] C=1,X=1,R=2,S=6,Y=1,K=1",-22225.0,-163323000.0,1,K|Y,1
K,3,S,6,K,21,X,223,Y,178,R,3,C,2,Y,76,C,1,S,6,K,10,R,2,Y,1,X,1,"L1:[sp=K,3] S=6,K=21,X=223,Y=178,R=3,C=2 || L2:[sp=Y,76] C=1,S=6,K=10,R=2,Y=1,X=1",-22225.0,-163324000.0,1,K|Y,1
K,3,Y,178,K,21,R,3,X,223,S,6,C,2,Y,76,C,1,X,1,K,1,S,6,Y,1,R,2,"L1:[sp=K,3] Y=178,K=21,R=3,X=223,S=6,C=2 || L2:[sp=Y,76] C=1,X=1,K=1,S=6,Y=1,R=2",-22225.0,-163323000.0,1,K|Y,1
K,3,K,11,Y,70,X,223,C,3,R,2,S,5,Y,76,K,4,X,1,Y,1,S,1,C,1,R,2,"L1:[sp=K,3] K=11,Y=70,X=223,C=3,R=2,S=5 || L2:[sp=Y,76] K=4,X=1,Y=1,S=1,C=1,R=2",-22273.0,-163323000.0,1,K|Y,1
K,3,K,11,R,2,X,223,C,3,Y,70,S,6,Y,76,K,4,X,1,Y,1,S,1,C,2,R,2,"L1:[sp=K,3] K=11,R=2,X=223,C=3,Y=70,S=6 || L2:[sp=Y,76] K=4,X=1,Y=1,S=1,C=2,R=2",-22273.0,-163323000.0,1,K|Y,1
K,3,Y,71,K,21,S,6,X,223,R,3,C,2,Y,76,C,1,X,1,R,2,S,6,Y,1,K,1,"L1:[sp=K,3] Y=71,K=21,S=6,X=223,R=3,C=2 || L2:[sp=Y,76] C=1,X=1,R=2,S=6,Y=1,K=1",-22273.0,-163323000.0,1,K|Y,1
K,3,Y,71,K,21,S,6,X,223,R,3,C,2,Y,76,S,6,X,1,R,2,C,1,Y,1,K,1,"L1:[sp=K,3] Y=71,K=21,S=6,X=223,R=3,C=2 || L2:[sp=Y,76] S=6,X=1,R=2,C=1,Y=1,K=1",-22273.0,-163323000.0,1,K|Y,1
K,3,Y,71,K,21,R,3,X,223,S,6,C,2,Y,76,S,6,X,1,R,2,C,1,Y,1,K,1,"L1:[sp=K,3] Y=71,K=21,R=3,X=223,S=6,C=2 || L2:[sp=Y,76] S=6,X=1,R=2,C=1,Y=1,K=1",-22273.0,-163323000.0,1,K|Y,1
K,3,K,13,X,223,C,3,R,1,S,6,Y,218,Y,76,K,1,X,1,C,1,S,1,R,1,Y,1,"L1:[sp=K,3] K=13,X=223,C=3,R=1,S=6,Y=218 || L2:[sp=Y,76] K=1,X=1,C=1,S=1,R=1,Y=1",-22429.0,-163323000.0,1,K|Y,1
K,3,S,6,K,14,X,223,C,3,R,7,Y,83,Y,26,R,2,Y,1,S,1,K,1,X,1,C,2,"L1:[sp=K,3] S=6,K=14,X=223,C=3,R=7,Y=83 || L2:[sp=Y,26] R=2,Y=1,S=1,K=1,X=1,C=2",-22645.0,-163323000.0,1,K|Y,1
K,3,Y,32,C,3,S,4,K,11,X,223,R,5,Y,23,K,8,X,1,R,1,S,1,C,1,Y,1,"L1:[sp=K,3] Y=32,C=3,S=4,K=11,X=223,R=5 || L2:[sp=Y,23] K=8,X=1,R=1,S=1,C=1,Y=1",-22667.0,-163323000.0,1,K|Y,1
K,3,C,1,Y,148,X,223,K,6,R,7,S,5,Y,26,X,1,K,1,R,3,S,5,Y,1,C,1,"L1:[sp=K,3] C=1,Y=148,X=223,K=6,R=7,S=5 || L2:[sp=Y,26] X=1,K=1,R=3,S=5,Y=1,C=1",-22705.0,-163323000.0,1,K|Y,1
K,3,K,6,Y,148,X,223,C,2,R,5,S,5,Y,26,X,1,K,1,R,1,S,5,Y,1,C,1,"L1:[sp=K,3] K=6,Y=148,X=223,C=2,R=5,S=5 || L2:[sp=Y,26] X=1,K=1,R=1,S=5,Y=1,C=1",-22713.0,-163323000.0,1,K|Y,1
K,3,K,6,Y,148,X,223,C,2,R,6,S,5,Y,26,X,1,K,5,R,1,S,5,Y,1,C,1,"L1:[sp=K,3] K=6,Y=148,X=223,C=2,R=6,S=5 || L2:[sp=Y,26] X=1,K=5,R=1,S=5,Y=1,C=1",-22713.0,-163323000.0,1,K|Y,1
K,3,C,1,Y,148,X,223,K,6,R,5,S,5,Y,26,X,1,K,1,R,1,S,5,Y,1,C,1,"L1:[sp=K,3] C=1,Y=148,X=223,K=6,R=5,S=5 || L2:[sp=Y,26] X=1,K=1,R=1,S=5,Y=1,C=1",-22729.0,-163323000.0,1,K|Y,1
K,3,K,6,Y,148,X,223,C,1,R,5,S,5,Y,26,X,1,K,1,R,1,S,5,Y,1,C,1,"L1:[sp=K,3] K=6,Y=148,X=223,C=1,R=5,S=5 || L2:[sp=Y,26] X=1,K=1,R=1,S=5,Y=1,C=1",-22729.0,-163323000.0,1,K|Y,1
K,3,K,11,R,7,X,223,C,3,Y,76,S,6,Y,76,K,2,X,1,Y,1,S,1,C,1,R,4,"L1:[sp=K,3] K=11,R=7,X=223,C=3,Y=76,S=6 || L2:[sp=Y,76] K=2,X=1,Y=1,S=1,C=1,R=4",-22804.0,-163323000.0,1,K|Y,1
K,3,K,9,R,7,X,223,C,3,Y,76,S,6,Y,76,K,5,X,1,R,2,S,1,C,1,Y,1,"L1:[sp=K,3] K=9,R=7,X=223,C=3,Y=76,S=6 || L2:[sp=Y,76] K=5,X=1,R=2,S=1,C=1,Y=1",-22810.0,-163323000.0,1,K|Y,1
K,3,K,9,R,7,X,223,C,3,Y,76,S,6,Y,76,K,5,X,1,Y,1,S,1,C,1,R,2,"L1:[sp=K,3] K=9,R=7,X=223,C=3,Y=76,S=6 || L2:[sp=Y,76] K=5,X=1,Y=1,S=1,C=1,R=2",-22810.0,-163323000.0,1,K|Y,1
K,3,C,2,X,223,Y,114,K,6,R,1,S,3,Y,26,X,1,K,1,R,1,C,1,S,3,Y,1,"L1:[sp=K,3] C=2,X=223,Y=114,K=6,R=1,S=3 || L2:[sp=Y,26] X=1,K=1,R=1,C=1,S=3,Y=1",-22849.0,-163323000.0,1,K|Y,1
K,3,C,1,Y,148,X,223,K,6,R,1,S,5,Y,26,X,1,K,1,R,1,S,5,C,1,Y,1,"L1:[sp=K,3] C=1,Y=148,X=223,K=6,R=1,S=5 || L2:[sp=Y,26] X=1,K=1,R=1,S=5,C=1,Y=1",-22849.0,-163323000.0,1,K|Y,1
K,3,K,6,Y,77,X,223,C,2,R,1,S,5,Y,26,X,1,S,5,R,1,K,5,C,1,Y,1,"L1:[sp=K,3] K=6,Y=77,X=223,C=2,R=1,S=5 || L2:[sp=Y,26] X=1,S=5,R=1,K=5,C=1,Y=1",-22849.0,-163323000.0,1,K|Y,1
K,3,C,3,Y,76,R,2,K,11,X,223,S,6,Y,76,K,2,X,1,R,1,S,1,Y,1,C,1,"L1:[sp=K,3] C=3,Y=76,R=2,K=11,X=223,S=6 || L2:[sp=Y,76] K=2,X=1,R=1,S=1,Y=1,C=1",-22858.0,-163323000.0,1,K|Y,1
K,3,C,1,K,3,Y,114,R,1,X,223,S,3,Y,26,X,1,C,1,R,1,K,3,S,3,Y,1,"L1:[sp=K,3] C=1,K=3,Y=114,R=1,X=223,S=3 || L2:[sp=Y,26] X=1,C=1,R=1,K=3,S=3,Y=1",-23185.0,-163323000.0,1,K|Y,1
K,3,C,1,K,3,Y,114,R,1,X,223,S,3,Y,26,X,1,Y,1,R,1,K,3,S,3,C,1,"L1:[sp=K,3] C=1,K=3,Y=114,R=1,X=223,S=3 || L2:[sp=Y,26] X=1,Y=1,R=1,K=3,S=3,C=1",-23185.0,-163323000.0,1,K|Y,1
K,3,K,11,C,3,S,6,Y,196,R,6,X,223,Y,76,K,10,X,1,R,6,S,1,C,1,Y,1,"L1:[sp=K,3] K=11,C=3,S=6,Y=196,R=6,X=223 || L2:[sp=Y,76] K=10,X=1,R=6,S=1,C=1,Y=1",-23209.0,-163323000.0,1,K|Y,1
K,3,K,26,Y,76,X,223,C,1,R,5,S,6,Y,76,K,5,X,1,R,5,S,1,C,1,Y,1,"L1:[sp=K,3] K=26,Y=76,X=223,C=1,R=5,S=6 || L2:[sp=Y,76] K=5,X=1,R=5,S=1,C=1,Y=1",-23383.0,-163323000.0,1,K|Y,1
K,3,K,26,Y,76,C,1,X,223,R,5,S,5,Y,76,K,5,X,1,R,5,S,1,C,1,Y,1,"L1:[sp=K,3] K=26,Y=76,C=1,X=223,R=5,S=5 || L2:[sp=Y,76] K=5,X=1,R=5,S=1,C=1,Y=1",-23383.0,-163323000.0,1,K|Y,1
K,3,C,1,Y,222,R,3,K,11,X,223,S,6,Y,76,K,2,X,1,R,1,S,6,Y,1,C,1,"L1:[sp=K,3] C=1,Y=222,R=3,K=11,X=223,S=6 || L2:[sp=Y,76] K=2,X=1,R=1,S=6,Y=1,C=1",-23491.0,-163323000.0,1,K|Y,1
K,3,C,1,Y,222,R,3,K,11,X,223,S,6,Y,76,K,1,X,1,R,1,S,6,Y,1,C,1,"L1:[sp=K,3] C=1,Y=222,R=3,K=11,X=223,S=6 || L2:[sp=Y,76] K=1,X=1,R=1,S=6,Y=1,C=1",-23491.0,-163323000.0,1,K|Y,1
K,3,K,14,S,6,X,223,C,3,R,7,Y,191,Y,26,S,2,K,1,R,1,Y,1,X,1,C,3,"L1:[sp=K,3] K=14,S=6,X=223,C=3,R=7,Y=191 || L2:[sp=Y,26] S=2,K=1,R=1,Y=1,X=1,C=3",-23525.0,-163323000.0,1,K|Y,1
K,3,S,6,K,14,X,223,C,3,R,7,Y,125,Y,26,S,2,K,1,R,2,Y,1,X,1,C,3,"L1:[sp=K,3] S=6,K=14,X=223,C=3,R=7,Y=125 || L2:[sp=Y,26] S=2,K=1,R=2,Y=1,X=1,C=3",-23525.0,-163323000.0,1,K|Y,1
K,3,K,9,Y,76,C,3,X,223,R,4,S,6,Y,76,K,8,X,1,R,2,S,1,C,1,Y,1,"L1:[sp=K,3] K=9,Y=76,C=3,X=223,R=4,S=6 || L2:[sp=Y,76] K=8,X=1,R=2,S=1,C=1,Y=1",-23569.0,-163323000.0,1,K|Y,1
K,3,K,32,X,223,C,1,Y,84,S,6,R,1,Y,76,K,5,X,1,C,1,S,1,R,1,Y,1,"L1:[sp=K,3] K=32,X=223,C=1,Y=84,S=6,R=1 || L2:[sp=Y,76] K=5,X=1,C=1,S=1,R=1,Y=1",-23647.0,-163323000.0,1,K|Y,1
K,3,K,11,Y,89,X,223,C,2,R,2,S,6,Y,76,K,5,X,1,R,1,S,2,Y,1,C,1,"L1:[sp=K,3] K=11,Y=89,X=223,C=2,R=2,S=6 || L2:[sp=Y,76] K=5,X=1,R=1,S=2,Y=1,C=1",-23665.0,-163323000.0,1,K|Y,1
K,3,K,11,S,6,R,7,C,2,Y,32,X,223,Y,76,R,5,X,1,K,10,S,1,C,1,Y,1,"L1:[sp=K,3] K=11,S=6,R=7,C=2,Y=32,X=223 || L2:[sp=Y,76] R=5,X=1,K=10,S=1,C=1,Y=1",-23752.0,-163323000.0,1,K|Y,1
K,3,K,11,S,6,R,7,C,2,Y,32,X,223,Y,76,K,10,X,1,R,5,S,1,C,1,Y,1,"L1:[sp=K,3] K=11,S=6,R=7,C=2,Y=32,X=223 || L2:[sp=Y,76] K=10,X=1,R=5,S=1,C=1,Y=1",-23752.0,-163323000.0,1,K|Y,1
K,3,K,11,S,4,R,7,C,2,Y,32,X,223,Y,76,K,10,X,1,R,5,S,1,C,1,Y,1,"L1:[sp=K,3] K=11,S=4,R=7,C=2,Y=32,X=223 || L2:[sp=Y,76] K=10,X=1,R=5,S=1,C=1,Y=1",-23752.0,-163323000.0,1,K|Y,1
K,3,K,14,Y,148,X,223,C,3,R,7,S,6,Y,26,S,3,K,1,R,1,Y,1,X,1,C,3,"L1:[sp=K,3] K=14,Y=148,X=223,C=3,R=7,S=6 || L2:[sp=Y,26] S=3,K=1,R=1,Y=1,X=1,C=3",-23819.0,-163323000.0,1,K|Y,1
K,3,K,38,Y,76,C,1,X,223,R,5,S,5,Y,76,K,8,X,1,R,5,S,1,C,1,Y,1,"L1:[sp=K,3] K=38,Y=76,C=1,X=223,R=5,S=5 || L2:[sp=Y,76] K=8,X=1,R=5,S=1,C=1,Y=1",-23977.0,-163323000.0,1,K|Y,1
K,3,Y,114,K,9,X,223,R,2,C,2,S,5,Y,26,X,1,K,1,Y,1,S,5,R,2,C,1,"L1:[sp=K,3] Y=114,K=9,X=223,R=2,C=2,S=5 || L2:[sp=Y,26] X=1,K=1,Y=1,S=5,R=2,C=1",-24065.0,-163323000.0,1,K|Y,1
K,3,C,1,K,12,Y,114,R,6,X,223,S,6,Y,26,X,1,S,2,R,1,K,3,C,1,Y,6,"L1:[sp=K,3] C=1,K=12,Y=114,R=6,X=223,S=6 || L2:[sp=Y,26] X=1,S=2,R=1,K=3,C=1,Y=6",-24217.0,-163323000.0,1,K|Y,1
K,3,S,6,K,14,X,223,C,3,R,2,Y,76,Y,26,S,2,K,1,R,2,Y,1,X,1,C,2,"L1:[sp=K,3] S=6,K=14,X=223,C=3,R=2,Y=76 || L2:[sp=Y,26] S=2,K=1,R=2,Y=1,X=1,C=2",-24217.0,-163323000.0,1,K|Y,1
K,3,S,6,R,2,X,223,C,3,K,14,Y,76,Y,26,S,2,K,1,R,2,Y,1,X,1,C,1,"L1:[sp=K,3] S=6,R=2,X=223,C=3,K=14,Y=76 || L2:[sp=Y,26] S=2,K=1,R=2,Y=1,X=1,C=1",-24217.0,-163323000.0,1,K|Y,1
K,3,S,6,K,14,X,223,R,2,C,3,Y,76,Y,26,S,2,K,1,R,2,Y,1,C,2,X,1,"L1:[sp=K,3] S=6,K=14,X=223,R=2,C=3,Y=76 || L2:[sp=Y,26] S=2,K=1,R=2,Y=1,C=2,X=1",-24217.0,-163323000.0,1,K|Y,1
K,3,K,21,X,223,S,6,Y,186,R,5,C,2,Y,76,C,2,X,1,K,9,Y,1,S,3,R,2,"L1:[sp=K,3] K=21,X=223,S=6,Y=186,R=5,C=2 || L2:[sp=Y,76] C=2,X=1,K=9,Y=1,S=3,R=2",-24225.0,-163323000.0,1,K|Y,1
K,3,C,1,X,223,Y,114,K,6,R,6,S,6,Y,26,X,1,K,1,R,1,S,2,C,1,Y,6,"L1:[sp=K,3] C=1,X=223,Y=114,K=6,R=6,S=6 || L2:[sp=Y,26] X=1,K=1,R=1,S=2,C=1,Y=6",-24241.0,-163323000.0,1,K|Y,1
K,3,K,32,X,223,Y,71,C,1,S,6,R,5,Y,76,R,2,X,1,C,1,S,3,K,5,Y,1,"L1:[sp=K,3] K=32,X=223,Y=71,C=1,S=6,R=5 || L2:[sp=Y,76] R=2,X=1,C=1,S=3,K=5,Y=1",-24241.0,-163323000.0,1,K|Y,1
K,3,K,32,X,223,Y,71,C,1,S,6,R,5,Y,76,R,2,K,5,C,1,S,3,X,1,Y,1,"L1:[sp=K,3] K=32,X=223,Y=71,C=1,S=6,R=5 || L2:[sp=Y,76] R=2,K=5,C=1,S=3,X=1,Y=1",-24241.0,-163323000.0,1,K|Y,1
Y,3,Y,224,K,21,C,2,X,223,S,3,R,5,Y,76,C,1,X,2,R,3,S,3,Y,1,K,1,"L1:[sp=Y,3] Y=224,K=21,C=2,X=223,S=3,R=5 || L2:[sp=Y,76] C=1,X=2,R=3,S=3,Y=1,K=1",-24241.0,-163323000.0,1,Y|Y,1
Y,3,Y,224,K,21,X,223,C,2,S,3,R,5,Y,76,C,1,X,2,R,3,S,3,K,1,Y,1,"L1:[sp=Y,3] Y=224,K=21,X=223,C=2,S=3,R=5 || L2:[sp=Y,76] C=1,X=2,R=3,S=3,K=1,Y=1",-24241.0,-163323000.0,1,Y|Y,1
K,3,K,11,Y,76,C,3,X,223,R,7,S,6,Y,76,K,8,X,1,R,5,S,1,C,1,Y,1,"L1:[sp=K,3] K=11,Y=76,C=3,X=223,R=7,S=6 || L2:[sp=Y,76] K=8,X=1,R=5,S=1,C=1,Y=1",-24274.0,-163323000.0,1,K|Y,1
K,3,Y,114,X,223,C,1,K,6,R,2,S,6,Y,26,X,1,K,1,R,2,S,1,C,1,Y,3,"L1:[sp=K,3] Y=114,X=223,C=1,K=6,R=2,S=6 || L2:[sp=Y,26] X=1,K=1,R=2,S=1,C=1,Y=3",-24289.0,-163323000.0,1,K|Y,1
K,3,Y,114,X,223,C,1,K,6,R,2,S,5,Y,26,Y,3,X,1,S,1,R,2,C,1,K,1,"L1:[sp=K,3] Y=114,X=223,C=1,K=6,R=2,S=5 || L2:[sp=Y,26] Y=3,X=1,S=1,R=2,C=1,K=1",-24289.0,-163323000.0,1,K|Y,1
K,3,Y,114,X,223,C,1,K,6,R,2,S,6,Y,26,Y,3,R,2,S,1,X,1,C,1,K,1,"L1:[sp=K,3] Y=114,X=223,C=1,K=6,R=2,S=6 || L2:[sp=Y,26] Y=3,R=2,S=1,X=1,C=1,K=1",-24289.0,-163323000.0,1,K|Y,1
K,3,Y,71,X,223,S,6,K,21,R,3,C,2,Y,76,S,3,X,1,R,2,K,9,C,2,Y,1,"L1:[sp=K,3] Y=71,X=223,S=6,K=21,R=3,C=2 || L2:[sp=Y,76] S=3,X=1,R=2,K=9,C=2,Y=1",-24289.0,-163323000.0,1,K|Y,1
K,3,Y,71,X,223,S,6,K,21,R,3,C,2,Y,76,S,6,X,1,R,2,K,9,C,1,Y,1,"L1:[sp=K,3] Y=71,X=223,S=6,K=21,R=3,C=2 || L2:[sp=Y,76] S=6,X=1,R=2,K=9,C=1,Y=1",-24289.0,-163324000.0,1,K|Y,1
K,3,K,8,Y,76,R,3,C,1,X,223,S,6,Y,26,Y,1,K,5,R,1,S,2,X,1,C,1,"L1:[sp=K,3] K=8,Y=76,R=3,C=1,X=223,S=6 || L2:[sp=Y,26] Y=1,K=5,R=1,S=2,X=1,C=1",-24301.0,-163323000.0,1,K|Y,1
K,3,K,7,Y,76,X,223,C,1,R,2,S,6,Y,26,Y,1,K,5,R,2,S,2,X,1,C,1,"L1:[sp=K,3] K=7,Y=76,X=223,C=1,R=2,S=6 || L2:[sp=Y,26] Y=1,K=5,R=2,S=2,X=1,C=1",-24337.0,-163323000.0,1,K|Y,1
X,3,K,11,Y,76,X,223,C,3,R,7,S,6,Y,76,K,10,X,1,R,7,S,1,C,1,Y,1,"L1:[sp=X,3] K=11,Y=76,X=223,C=3,R=7,S=6 || L2:[sp=Y,76] K=10,X=1,R=7,S=1,C=1,Y=1",-24733.0,-163323000.0,1,X|Y,1
Y,3,Y,43,K,29,R,2,X,223,S,6,C,2,Y,26,X,1,K,24,Y,2,S,1,C,2,R,1,"L1:[sp=Y,3] Y=43,K=29,R=2,X=223,S=6,C=2 || L2:[sp=Y,26] X=1,K=24,Y=2,S=1,C=2,R=1",-24745.0,-163323000.0,1,Y|Y,1
K,3,C,1,K,13,Y,91,R,1,X,223,S,3,Y,26,Y,1,X,1,C,1,R,1,K,1,S,3,"L1:[sp=K,3] C=1,K=13,Y=91,R=1,X=223,S=3 || L2:[sp=Y,26] Y=1,X=1,C=1,R=1,K=1,S=3",-24760.0,-163323000.0,1,K|Y,1
K,3,K,22,X,223,R,5,C,2,S,5,Y,71,Y,76,X,1,K,1,C,1,S,1,R,2,Y,1,"L1:[sp=K,3] K=22,X=223,R=5,C=2,S=5,Y=71 || L2:[sp=Y,76] X=1,K=1,C=1,S=1,R=2,Y=1",-24761.0,-163323000.0,1,K|Y,1
K,3,K,22,X,223,R,5,C,2,S,5,Y,71,Y,76,X,1,S,1,C,1,Y,1,R,2,K,1,"L1:[sp=K,3] K=22,X=223,R=5,C=2,S=5,Y=71 || L2:[sp=Y,76] X=1,S=1,C=1,Y=1,R=2,K=1",-24761.0,-163323000.0,1,K|Y,1
K,3,K,21,X,223,S,6,Y,32,R,7,C,1,Y,76,K,9,S,1,C,1,R,2,Y,1,X,1,"L1:[sp=K,3] K=21,X=223,S=6,Y=32,R=7,C=1 || L2:[sp=Y,76] K=9,S=1,C=1,R=2,Y=1,X=1",-24781.0,-163323000.0,1,K|Y,1
K,3,K,22,X,223,Y,71,C,1,S,5,R,5,Y,76,X,1,K,5,C,1,S,1,R,2,Y,1,"L1:[sp=K,3] K=22,X=223,Y=71,C=1,S=5,R=5 || L2:[sp=Y,76] X=1,K=5,C=1,S=1,R=2,Y=1",-24793.0,-163323000.0,1,K|Y,1
K,3,K,22,X,223,R,3,C,1,S,3,Y,206,Y,76,X,1,K,5,C,1,Y,1,R,2,S,1,"L1:[sp=K,3] K=22,X=223,R=3,C=1,S=3,Y=206 || L2:[sp=Y,76] X=1,K=5,C=1,Y=1,R=2,S=1",-24805.0,-163323000.0,1,K|Y,1
Y,3,K,11,X,223,S,6,C,1,Y,76,R,6,Y,76,K,10,X,1,R,1,S,1,C,1,Y,1,"L1:[sp=Y,3] K=11,X=223,S=6,C=1,Y=76,R=6 || L2:[sp=Y,76] K=10,X=1,R=1,S=1,C=1,Y=1",-24841.0,-163323000.0,1,Y|Y,1
K,3,K,22,X,223,R,5,C,1,S,3,Y,71,Y,76,X,1,K,5,C,1,S,1,R,2,Y,1,"L1:[sp=K,3] K=22,X=223,R=5,C=1,S=3,Y=71 || L2:[sp=Y,76] X=1,K=5,C=1,S=1,R=2,Y=1",-24841.0,-163323000.0,1,K|Y,1
K,3,K,22,X,223,R,5,C,1,S,3,Y,71,Y,76,X,1,K,5,C,1,Y,1,R,2,S,1,"L1:[sp=K,3] K=22,X=223,R=5,C=1,S=3,Y=71 || L2:[sp=Y,76] X=1,K=5,C=1,Y=1,R=2,S=1",-24841.0,-163323000.0,1,K|Y,1
K,3,K,11,Y,148,X,223,C,3,R,7,S,6,Y,26,S,6,K,1,R,1,Y,1,X,1,C,3,"L1:[sp=K,3] K=11,Y=148,X=223,C=3,R=7,S=6 || L2:[sp=Y,26] S=6,K=1,R=1,Y=1,X=1,C=3",-24953.0,-163323000.0,1,K|Y,1
Y,3,Y,215,X,223,S,5,C,2,R,5,K,21,Y,76,C,1,X,1,K,9,S,1,Y,1,R,4,"L1:[sp=Y,3] Y=215,X=223,S=5,C=2,R=5,K=21 || L2:[sp=Y,76] C=1,X=1,K=9,S=1,Y=1,R=4",-24981.0,-163323000.0,1,Y|Y,1
K,3,K,27,Y,70,X,223,C,2,R,2,S,6,Y,76,K,5,X,1,R,2,S,1,Y,1,C,1,"L1:[sp=K,3] K=27,Y=70,X=223,C=2,R=2,S=6 || L2:[sp=Y,76] K=5,X=1,R=2,S=1,Y=1,C=1",-24993.0,-163323000.0,1,K|Y,1
K,3,K,3,C,3,X,223,Y,133,R,7,S,3,Y,76,K,3,X,1,R,2,C,1,S,3,Y,1,"L1:[sp=K,3] K=3,C=3,X=223,Y=133,R=7,S=3 || L2:[sp=Y,76] K=3,X=1,R=2,C=1,S=3,Y=1",-25015.0,-163323000.0,1,K|Y,1
K,3,K,6,R,7,X,223,C,3,Y,76,S,6,Y,76,K,1,X,1,R,2,S,1,C,1,Y,1,"L1:[sp=K,3] K=6,R=7,X=223,C=3,Y=76,S=6 || L2:[sp=Y,76] K=1,X=1,R=2,S=1,C=1,Y=1",-25027.0,-163323000.0,1,K|Y,1
K,3,K,26,Y,72,X,223,C,1,R,2,S,6,Y,76,K,5,X,1,R,2,S,1,C,1,Y,1,"L1:[sp=K,3] K=26,Y=72,X=223,C=1,R=2,S=6 || L2:[sp=Y,76] K=5,X=1,R=2,S=1,C=1,Y=1",-25057.0,-163323000.0,1,K|Y,1
K,3,C,3,S,5,Y,114,K,6,X,223,R,7,Y,26,C,2,K,1,R,1,S,5,X,1,Y,1,"L1:[sp=K,3] C=3,S=5,Y=114,K=6,X=223,R=7 || L2:[sp=Y,26] C=2,K=1,R=1,S=5,X=1,Y=1",-25209.0,-163323000.0,1,K|Y,1
K,3,Y,114,K,6,X,223,R,6,C,3,S,5,Y,26,X,1,K,3,R,1,S,5,Y,1,C,1,"L1:[sp=K,3] Y=114,K=6,X=223,R=6,C=3,S=5 || L2:[sp=Y,26] X=1,K=3,R=1,S=5,Y=1,C=1",-25217.0,-163323000.0,1,K|Y,1
K,3,K,6,Y,114,X,223,C,2,R,6,S,5,Y,26,X,1,K,5,R,1,S,5,C,1,Y,1,"L1:[sp=K,3] K=6,Y=114,X=223,C=2,R=6,S=5 || L2:[sp=Y,26] X=1,K=5,R=1,S=5,C=1,Y=1",-25233.0,-163323000.0,1,K|Y,1
K,3,C,1,K,3,Y,58,R,4,X,223,S,3,Y,26,X,1,S,3,R,1,K,1,C,1,Y,1,"L1:[sp=K,3] C=1,K=3,Y=58,R=4,X=223,S=3 || L2:[sp=Y,26] X=1,S=3,R=1,K=1,C=1,Y=1",-25237.0,-163323000.0,1,K|Y,1
K,3,C,1,K,3,Y,114,R,7,X,223,S,5,Y,26,X,1,S,5,R,1,K,3,C,1,Y,1,"L1:[sp=K,3] C=1,K=3,Y=114,R=7,X=223,S=5 || L2:[sp=Y,26] X=1,S=5,R=1,K=3,C=1,Y=1",-25249.0,-163323000.0,1,K|Y,1
K,3,K,6,Y,189,X,223,C,1,R,6,S,5,Y,26,X,1,K,6,R,1,S,5,Y,1,C,1,"L1:[sp=K,3] K=6,Y=189,X=223,C=1,R=6,S=5 || L2:[sp=Y,26] X=1,K=6,R=1,S=5,Y=1,C=1",-25249.0,-163323000.0,1,K|Y,1
K,3,C,1,K,3,Y,91,R,7,X,223,S,5,Y,26,Y,1,X,1,C,1,K,3,R,7,S,5,"L1:[sp=K,3] C=1,K=3,Y=91,R=7,X=223,S=5 || L2:[sp=Y,26] Y=1,X=1,C=1,K=3,R=7,S=5",-25273.0,-163323000.0,1,K|Y,1
K,3,C,1,K,3,Y,91,R,7,X,223,S,5,Y,26,X,1,Y,1,C,1,K,3,S,5,R,7,"L1:[sp=K,3] C=1,K=3,Y=91,R=7,X=223,S=5 || L2:[sp=Y,26] X=1,Y=1,C=1,K=3,S=5,R=7",-25273.0,-163323000.0,1,K|Y,1
K,3,C,1,X,223,Y,114,K,6,R,2,S,5,Y,26,X,1,K,1,R,1,S,5,C,1,Y,1,"L1:[sp=K,3] C=1,X=223,Y=114,K=6,R=2,S=5 || L2:[sp=Y,26] X=1,K=1,R=1,S=5,C=1,Y=1",-25297.0,-163323000.0,1,K|Y,1
K,3,K,6,Y,114,X,223,C,2,R,1,S,5,Y,26,X,1,K,5,R,1,S,5,C,1,Y,1,"L1:[sp=K,3] K=6,Y=114,X=223,C=2,R=1,S=5 || L2:[sp=Y,26] X=1,K=5,R=1,S=5,C=1,Y=1",-25313.0,-163323000.0,1,K|Y,1
K,3,C,1,K,9,Y,114,R,1,X,223,S,5,Y,26,X,1,S,5,R,1,C,1,K,3,Y,1,"L1:[sp=K,3] C=1,K=9,Y=114,R=1,X=223,S=5 || L2:[sp=Y,26] X=1,S=5,R=1,C=1,K=3,Y=1",-25369.0,-163323000.0,1,K|Y,1
K,3,X,223,K,21,R,6,Y,178,S,6,C,2,Y,76,R,2,S,6,K,10,X,1,Y,1,C,1,"L1:[sp=K,3] X=223,K=21,R=6,Y=178,S=6,C=2 || L2:[sp=Y,76] R=2,S=6,K=10,X=1,Y=1,C=1",-25377.0,-163324000.0,1,K|Y,1
K,3,K,11,R,2,X,223,C,3,Y,70,S,6,Y,76,K,4,X,1,Y,1,S,2,C,1,R,2,"L1:[sp=K,3] K=11,R=2,X=223,C=3,Y=70,S=6 || L2:[sp=Y,76] K=4,X=1,Y=1,S=2,C=1,R=2",-25441.0,-163323000.0,1,K|Y,1
K,3,K,45,Y,76,X,223,C,3,R,3,S,6,Y,76,K,10,X,1,R,3,S,1,C,1,Y,1,"L1:[sp=K,3] K=45,Y=76,X=223,C=3,R=3,S=6 || L2:[sp=Y,76] K=10,X=1,R=3,S=1,C=1,Y=1",-25534.0,-163323000.0,1,K|Y,1
K,3,C,1,K,3,Y,114,R,1,X,223,S,5,Y,26,X,1,S,5,R,1,K,1,C,1,Y,1,"L1:[sp=K,3] C=1,K=3,Y=114,R=1,X=223,S=5 || L2:[sp=Y,26] X=1,S=5,R=1,K=1,C=1,Y=1",-25537.0,-163323000.0,1,K|Y,1
K,3,C,1,K,3,Y,114,R,1,X,223,S,5,Y,26,X,1,S,5,R,1,K,3,C,1,Y,1,"L1:[sp=K,3] C=1,K=3,Y=114,R=1,X=223,S=5 || L2:[sp=Y,26] X=1,S=5,R=1,K=3,C=1,Y=1",-25537.0,-163323000.0,1,K|Y,1
K,3,C,1,K,3,Y,114,R,1,X,223,S,5,Y,26,Y,1,X,1,C,1,K,3,R,1,S,5,"L1:[sp=K,3] C=1,K=3,Y=114,R=1,X=223,S=5 || L2:[sp=Y,26] Y=1,X=1,C=1,K=3,R=1,S=5",-25537.0,-163323000.0,1,K|Y,1
K,3,C,1,K,3,Y,114,R,1,X,223,S,5,Y,26,X,1,C,1,R,1,K,3,S,5,Y,1,"L1:[sp=K,3] C=1,K=3,Y=114,R=1,X=223,S=5 || L2:[sp=Y,26] X=1,C=1,R=1,K=3,S=5,Y=1",-25537.0,-163323000.0,1,K|Y,1
K,3,C,1,Y,70,R,2,K,26,X,223,S,5,Y,76,R,2,X,1,K,2,Y,1,S,1,C,1,"L1:[sp=K,3] C=1,Y=70,R=2,K=26,X=223,S=5 || L2:[sp=Y,76] R=2,X=1,K=2,Y=1,S=1,C=1",-25729.0,-163323000.0,1,K|Y,1
K,3,K,15,X,223,C,3,Y,76,S,6,R,7,Y,76,K,5,X,1,C,1,S,1,R,5,Y,1,"L1:[sp=K,3] K=15,X=223,C=3,Y=76,S=6,R=7 || L2:[sp=Y,76] K=5,X=1,C=1,S=1,R=5,Y=1",-25744.0,-163323000.0,1,K|Y,1
K,3,K,11,C,3,S,6,Y,161,R,7,X,223,Y,23,K,1,X,1,R,7,S,1,C,2,Y,1,"L1:[sp=K,3] K=11,C=3,S=6,Y=161,R=7,X=223 || L2:[sp=Y,23] K=1,X=1,R=7,S=1,C=2,Y=1",-25877.0,-163323000.0,1,K|Y,1
K,3,S,6,K,14,X,223,C,3,R,7,Y,76,Y,26,S,2,K,1,R,2,Y,1,X,1,C,2,"L1:[sp=K,3] S=6,K=14,X=223,C=3,R=7,Y=76 || L2:[sp=Y,26] S=2,K=1,R=2,Y=1,X=1,C=2",-25879.0,-163323000.0,1,K|Y,1
K,3,S,6,K,14,X,223,C,3,R,7,Y,76,Y,26,S,2,K,1,R,2,Y,1,X,1,C,3,"L1:[sp=K,3] S=6,K=14,X=223,C=3,R=7,Y=76 || L2:[sp=Y,26] S=2,K=1,R=2,Y=1,X=1,C=3",-25879.0,-163323000.0,1,K|Y,1
K,3,K,15,X,223,C,1,Y,76,S,6,R,3,Y,76,K,5,X,1,C,1,S,1,R,1,Y,1,"L1:[sp=K,3] K=15,X=223,C=1,Y=76,S=6,R=3 || L2:[sp=Y,76] K=5,X=1,C=1,S=1,R=1,Y=1",-25888.0,-163323000.0,1,K|Y,1
K,3,C,2,Y,63,X,223,K,11,R,7,S,6,Y,26,X,1,K,5,R,2,S,1,Y,3,C,2,"L1:[sp=K,3] C=2,Y=63,X=223,K=11,R=7,S=6 || L2:[sp=Y,26] X=1,K=5,R=2,S=1,Y=3,C=2",-25889.0,-163323000.0,1,K|Y,1
K,3,K,11,S,6,R,7,C,2,X,223,Y,151,Y,32,K,6,X,1,R,5,S,1,C,1,Y,1,"L1:[sp=K,3] K=11,S=6,R=7,C=2,X=223,Y=151 || L2:[sp=Y,32] K=6,X=1,R=5,S=1,C=1,Y=1",-25889.0,-163323000.0,1,K|Y,1
K,3,Y,160,K,21,C,2,X,223,S,3,R,7,Y,76,C,1,S,1,R,5,K,1,Y,1,X,2,"L1:[sp=K,3] Y=160,K=21,C=2,X=223,S=3,R=7 || L2:[sp=Y,76] C=1,S=1,R=5,K=1,Y=1,X=2",-25897.0,-163323000.0,1,K|Y,1
C,3,K,21,X,223,R,7,Y,142,S,6,C,1,Y,76,K,9,X,1,C,1,S,1,R,2,Y,1,"L1:[sp=C,3] K=21,X=223,R=7,Y=142,S=6,C=1 || L2:[sp=Y,76] K=9,X=1,C=1,S=1,R=2,Y=1",-25905.0,-163323000.0,1,C|Y,1
C,3,K,11,Y,195,C,1,X,223,R,7,S,6,Y,76,K,11,X,1,R,5,S,1,Y,1,C,1,"L1:[sp=C,3] K=11,Y=195,C=1,X=223,R=7,S=6 || L2:[sp=Y,76] K=11,X=1,R=5,S=1,Y=1,C=1",-25921.0,-163323000.0,1,C|Y,1
K,3,X,223,K,21,S,3,Y,178,R,5,C,2,Y,76,C,1,S,1,K,10,X,2,Y,1,R,1,"L1:[sp=K,3] X=223,K=21,S=3,Y=178,R=5,C=2 || L2:[sp=Y,76] C=1,S=1,K=10,X=2,Y=1,R=1",-25921.0,-163323000.0,1,K|Y,1
K,3,Y,178,K,21,C,1,X,223,S,3,R,5,Y,76,C,1,X,1,R,1,S,2,Y,1,K,1,"L1:[sp=K,3] Y=178,K=21,C=1,X=223,S=3,R=5 || L2:[sp=Y,76] C=1,X=1,R=1,S=2,Y=1,K=1",-25945.0,-163323000.0,1,K|Y,1
C,3,Y,71,X,223,S,3,K,21,R,3,C,2,Y,76,S,1,X,1,R,2,K,9,C,1,Y,1,"L1:[sp=C,3] Y=71,X=223,S=3,K=21,R=3,C=2 || L2:[sp=Y,76] S=1,X=1,R=2,K=9,C=1,Y=1",-26017.0,-163323000.0,1,C|Y,1
K,3,K,3,Y,76,C,2,X,223,R,2,S,6,Y,76,Y,1,R,1,X,1,S,2,K,2,C,1,"L1:[sp=K,3] K=3,Y=76,C=2,X=223,R=2,S=6 || L2:[sp=Y,76] Y=1,R=1,X=1,S=2,K=2,C=1",-26569.0,-163323000.0,1,K|Y,1
K,3,K,15,X,223,R,6,Y,76,S,6,C,1,Y,76,K,9,X,1,C,1,S,1,R,1,Y,1,"L1:[sp=K,3] K=15,X=223,R=6,Y=76,S=6,C=1 || L2:[sp=Y,76] K=9,X=1,C=1,S=1,R=1,Y=1",-26569.0,-163323000.0,1,K|Y,1
K,3,K,11,Y,89,X,223,C,2,R,2,S,6,Y,76,K,5,X,1,R,1,S,3,Y,1,C,1,"L1:[sp=K,3] K=11,Y=89,X=223,C=2,R=2,S=6 || L2:[sp=Y,76] K=5,X=1,R=1,S=3,Y=1,C=1",-26605.0,-163323000.0,1,K|Y,1
K,3,K,11,S,6,C,1,R,1,Y,76,X,223,Y,32,K,1,X,1,R,1,S,1,C,1,Y,1,"L1:[sp=K,3] K=11,S=6,C=1,R=1,Y=76,X=223 || L2:[sp=Y,32] K=1,X=1,R=1,S=1,C=1,Y=1",-26713.0,-163323000.0,1,K|Y,1
X,3,Y,224,K,21,R,3,X,223,S,6,C,2,Y,4,C,1,Y,1,X,2,S,1,R,3,K,13,"L1:[sp=X,3] Y=224,K=21,R=3,X=223,S=6,C=2 || L2:[sp=Y,4] C=1,Y=1,X=2,S=1,R=3,K=13",-26887.0,-163323000.0,1,X|Y,1
C,3,K,11,Y,76,X,223,C,3,R,7,S,6,Y,76,Y,1,K,5,R,7,S,1,X,1,C,1,"L1:[sp=C,3] K=11,Y=76,X=223,C=3,R=7,S=6 || L2:[sp=Y,76] Y=1,K=5,R=7,S=1,X=1,C=1",-26938.0,-163323000.0,1,C|Y,1
K,3,X,223,C,3,Y,36,R,1,K,10,S,5,Y,26,X,1,K,1,R,1,S,1,C,1,Y,1,"L1:[sp=K,3] X=223,C=3,Y=36,R=1,K=10,S=5 || L2:[sp=Y,26] X=1,K=1,R=1,S=1,C=1,Y=1",-26951.0,-163323000.0,1,K|Y,1
Y,3,C,3,X,223,R,1,Y,114,K,10,S,5,Y,57,X,1,K,1,R,1,S,5,C,2,Y,1,"L1:[sp=Y,3] C=3,X=223,R=1,Y=114,K=10,S=5 || L2:[sp=Y,57] X=1,K=1,R=1,S=5,C=2,Y=1",-26979.0,-163323000.0,1,Y|Y,1
X,3,K,11,Y,76,X,223,C,3,R,1,S,6,Y,76,K,5,X,1,R,1,S,1,C,1,Y,1,"L1:[sp=X,3] K=11,Y=76,X=223,C=3,R=1,S=6 || L2:[sp=Y,76] K=5,X=1,R=1,S=1,C=1,Y=1",-27154.0,-163323000.0,1,X|Y,1
C,3,K,11,Y,76,X,223,C,3,R,1,S,6,Y,76,K,5,R,1,X,1,S,1,C,1,Y,1,"L1:[sp=C,3] K=11,Y=76,X=223,C=3,R=1,S=6 || L2:[sp=Y,76] K=5,R=1,X=1,S=1,C=1,Y=1",-27154.0,-163323000.0,1,C|Y,1
X,3,K,11,Y,76,X,223,C,3,R,1,S,6,Y,76,S,1,X,1,R,1,K,5,C,1,Y,1,"L1:[sp=X,3] K=11,Y=76,X=223,C=3,R=1,S=6 || L2:[sp=Y,76] S=1,X=1,R=1,K=5,C=1,Y=1",-27154.0,-163323000.0,1,X|Y,1
K,3,C,2,Y,76,R,3,K,11,X,223,S,6,Y,76,K,10,X,1,R,2,S,1,Y,1,C,1,"L1:[sp=K,3] C=2,Y=76,R=3,K=11,X=223,S=6 || L2:[sp=Y,76] K=10,X=1,R=2,S=1,Y=1,C=1",-27157.0,-163323000.0,1,K|Y,1
K,3,K,21,X,223,S,3,Y,71,R,6,C,1,Y,76,C,1,X,2,Y,1,K,19,S,1,R,1,"L1:[sp=K,3] K=21,X=223,S=3,Y=71,R=6,C=1 || L2:[sp=Y,76] C=1,X=2,Y=1,K=19,S=1,R=1",-27193.0,-163323000.0,1,K|Y,1
K,3,K,26,Y,76,S,6,X,223,R,7,C,2,Y,76,K,5,X,1,R,5,S,1,C,1,Y,1,"L1:[sp=K,3] K=26,Y=76,S=6,X=223,R=7,C=2 || L2:[sp=Y,76] K=5,X=1,R=5,S=1,C=1,Y=1",-27220.0,-163323000.0,1,K|Y,1
K,3,K,26,Y,76,X,223,C,1,R,5,S,6,Y,76,K,5,X,1,R,3,S,1,C,1,Y,1,"L1:[sp=K,3] K=26,Y=76,X=223,C=1,R=5,S=6 || L2:[sp=Y,76] K=5,X=1,R=3,S=1,C=1,Y=1",-27268.0,-163323000.0,1,K|Y,1
K,3,Y,148,K,6,X,223,R,2,S,6,C,2,Y,26,X,1,K,1,R,1,S,6,Y,1,C,1,"L1:[sp=K,3] Y=148,K=6,X=223,R=2,S=6,C=2 || L2:[sp=Y,26] X=1,K=1,R=1,S=6,Y=1,C=1",-27281.0,-163323000.0,1,K|Y,1
K,3,C,1,X,223,Y,36,R,1,K,10,S,5,Y,26,X,1,K,1,R,1,S,1,C,1,Y,1,"L1:[sp=K,3] C=1,X=223,Y=36,R=1,K=10,S=5 || L2:[sp=Y,26] X=1,K=1,R=1,S=1,C=1,Y=1",-27343.0,-163323000.0,1,K|Y,1
K,3,C,1,X,223,Y,36,R,1,K,10,S,5,Y,26,R,1,K,1,X,1,S,1,C,1,Y,1,"L1:[sp=K,3] C=1,X=223,Y=36,R=1,K=10,S=5 || L2:[sp=Y,26] R=1,K=1,X=1,S=1,C=1,Y=1",-27343.0,-163323000.0,1,K|Y,1
K,3,C,1,X,223,Y,36,R,1,K,10,S,5,Y,26,C,1,K,1,R,1,S,1,X,1,Y,1,"L1:[sp=K,3] C=1,X=223,Y=36,R=1,K=10,S=5 || L2:[sp=Y,26] C=1,K=1,R=1,S=1,X=1,Y=1",-27343.0,-163323000.0,1,K|Y,1
K,3,K,11,S,6,R,2,C,2,Y,32,X,223,Y,76,K,10,X,1,R,2,S,1,C,1,Y,1,"L1:[sp=K,3] K=11,S=6,R=2,C=2,Y=32,X=223 || L2:[sp=Y,76] K=10,X=1,R=2,S=1,C=1,Y=1",-27385.0,-163323000.0,1,K|Y,1
K,3,S,6,K,14,X,223,C,2,R,7,Y,141,Y,26,S,1,Y,1,R,1,K,1,X,1,C,2,"L1:[sp=K,3] S=6,K=14,X=223,C=2,R=7,Y=141 || L2:[sp=Y,26] S=1,Y=1,R=1,K=1,X=1,C=2",-27449.0,-163323000.0,1,K|Y,1
C,3,K,28,X,223,Y,142,C,1,S,6,R,7,Y,76,K,7,X,1,C,1,S,1,R,2,Y,1,"L1:[sp=C,3] K=28,X=223,Y=142,C=1,S=6,R=7 || L2:[sp=Y,76] K=7,X=1,C=1,S=1,R=2,Y=1",-27465.0,-163323000.0,1,C|Y,1
K,3,C,2,K,6,Y,114,S,5,X,223,R,1,Y,114,C,1,K,1,R,1,S,5,X,1,Y,1,"L1:[sp=K,3] C=2,K=6,Y=114,S=5,X=223,R=1 || L2:[sp=Y,114] C=1,K=1,R=1,S=5,X=1,Y=1",-27497.0,-163323000.0,1,K|Y,1
C,3,K,11,S,6,X,223,C,1,Y,76,R,3,Y,76,K,10,X,1,R,1,S,1,C,1,Y,1,"L1:[sp=C,3] K=11,S=6,X=223,C=1,Y=76,R=3 || L2:[sp=Y,76] K=10,X=1,R=1,S=1,C=1,Y=1",-27657.0,-163323000.0,1,C|Y,1
K,3,K,32,X,223,Y,71,C,1,S,6,R,2,Y,76,R,2,X,1,C,1,S,3,K,5,Y,1,"L1:[sp=K,3] K=32,X=223,Y=71,C=1,S=6,R=2 || L2:[sp=Y,76] R=2,X=1,C=1,S=3,K=5,Y=1",-27745.0,-163323000.0,1,K|Y,1
K,3,K,11,Y,76,C,3,X,223,R,4,S,6,Y,76,K,8,X,1,R,2,S,1,C,1,Y,1,"L1:[sp=K,3] K=11,Y=76,C=3,X=223,R=4,S=6 || L2:[sp=Y,76] K=8,X=1,R=2,S=1,C=1,Y=1",-27757.0,-163323000.0,1,K|Y,1
K,3,K,11,Y,76,C,3,X,223,R,4,S,6,Y,76,K,8,R,2,X,1,S,1,C,1,Y,1,"L1:[sp=K,3] K=11,Y=76,C=3,X=223,R=4,S=6 || L2:[sp=Y,76] K=8,R=2,X=1,S=1,C=1,Y=1",-27757.0,-163323000.0,1,K|Y,1
Y,3,K,26,Y,163,X,223,C,3,R,7,S,3,Y,76,K,5,X,1,R,6,S,1,C,3,Y,1,"L1:[sp=Y,3] K=26,Y=163,X=223,C=3,R=7,S=3 || L2:[sp=Y,76] K=5,X=1,R=6,S=1,C=3,Y=1",-27793.0,-163323000.0,1,Y|Y,1
K,3,K,11,Y,76,C,2,X,223,R,5,S,5,Y,76,K,8,X,1,R,5,S,1,C,2,Y,1,"L1:[sp=K,3] K=11,Y=76,C=2,X=223,R=5,S=5 || L2:[sp=Y,76] K=8,X=1,R=5,S=1,C=2,Y=1",-27793.0,-163323000.0,1,K|Y,1
K,3,C,1,K,6,Y,114,S,5,X,223,R,1,Y,114,C,1,K,1,R,1,S,5,X,1,Y,1,"L1:[sp=K,3] C=1,K=6,Y=114,S=5,X=223,R=1 || L2:[sp=Y,114] C=1,K=1,R=1,S=5,X=1,Y=1",-27805.0,-163323000.0,1,K|Y,1
Y,3,C,1,K,6,Y,114,S,5,X,223,R,1,Y,114,R,1,K,1,C,1,S,5,X,1,Y,1,"L1:[sp=Y,3] C=1,K=6,Y=114,S=5,X=223,R=1 || L2:[sp=Y,114] R=1,K=1,C=1,S=5,X=1,Y=1",-27805.0,-163323000.0,1,Y|Y,1
K,3,K,11,X,223,S,5,Y,177,R,2,C,2,Y,76,S,1,X,1,R,2,K,3,C,2,Y,1,"L1:[sp=K,3] K=11,X=223,S=5,Y=177,R=2,C=2 || L2:[sp=Y,76] S=1,X=1,R=2,K=3,C=2,Y=1",-27873.0,-163323000.0,1,K|Y,1
K,3,K,38,Y,76,C,3,X,223,R,7,S,6,Y,76,K,8,X,1,R,2,S,1,C,1,Y,1,"L1:[sp=K,3] K=38,Y=76,C=3,X=223,R=7,S=6 || L2:[sp=Y,76] K=8,X=1,R=2,S=1,C=1,Y=1",-27937.0,-163323000.0,1,K|Y,1
Y,3,R,5,X,223,K,21,Y,142,S,6,C,1,Y,76,K,17,X,1,C,1,S,1,R,5,Y,1,"L1:[sp=Y,3] R=5,X=223,K=21,Y=142,S=6,C=1 || L2:[sp=Y,76] K=17,X=1,C=1,S=1,R=5,Y=1",-28189.0,-163323000.0,1,Y|Y,1
K,3,C,1,S,5,Y,41,K,6,X,223,R,1,Y,26,X,1,K,1,R,1,S,5,C,1,Y,1,"L1:[sp=K,3] C=1,S=5,Y=41,K=6,X=223,R=1 || L2:[sp=Y,26] X=1,K=1,R=1,S=5,C=1,Y=1",-28225.0,-163323000.0,1,K|Y,1
Y,3,Y,205,X,223,C,2,K,32,S,6,R,7,Y,76,K,5,X,1,C,1,S,1,R,5,Y,1,"L1:[sp=Y,3] Y=205,X=223,C=2,K=32,S=6,R=7 || L2:[sp=Y,76] K=5,X=1,C=1,S=1,R=5,Y=1",-28233.0,-163323000.0,1,Y|Y,1
Y,3,Y,137,K,11,X,223,C,3,R,7,S,6,Y,76,Y,1,K,10,R,1,S,6,X,1,C,1,"L1:[sp=Y,3] Y=137,K=11,X=223,C=3,R=7,S=6 || L2:[sp=Y,76] Y=1,K=10,R=1,S=6,X=1,C=1",-28237.0,-163323000.0,1,Y|Y,1
Y,3,Y,137,K,11,X,223,C,3,R,7,S,6,Y,76,R,1,K,10,Y,1,S,6,X,1,C,1,"L1:[sp=Y,3] Y=137,K=11,X=223,C=3,R=7,S=6 || L2:[sp=Y,76] R=1,K=10,Y=1,S=6,X=1,C=1",-28237.0,-163323000.0,1,Y|Y,1
C,3,K,9,Y,218,X,223,C,3,R,7,S,6,Y,76,K,8,X,1,R,5,S,1,C,1,Y,1,"L1:[sp=C,3] K=9,Y=218,X=223,C=3,R=7,S=6 || L2:[sp=Y,76] K=8,X=1,R=5,S=1,C=1,Y=1",-28241.0,-163323000.0,1,C|Y,1
K,3,K,48,X,223,S,5,Y,71,R,5,C,2,Y,76,C,1,R,2,X,1,K,9,S,1,Y,1,"L1:[sp=K,3] K=48,X=223,S=5,Y=71,R=5,C=2 || L2:[sp=Y,76] C=1,R=2,X=1,K=9,S=1,Y=1",-28257.0,-163323000.0,1,K|Y,1
Y,3,Y,224,K,21,R,5,X,223,S,6,C,2,K,76,C,2,Y,1,R,3,S,3,X,2,K,7,"L1:[sp=Y,3] Y=224,K=21,R=5,X=223,S=6,C=2 || L2:[sp=K,76] C=2,Y=1,R=3,S=3,X=2,K=7",-28257.0,-163323000.0,1,Y|K,1
Y,3,C,1,X,223,R,6,Y,30,S,5,K,42,Y,26,X,1,K,10,R,1,S,1,C,1,Y,1,"L1:[sp=Y,3] C=1,X=223,R=6,Y=30,S=5,K=42 || L2:[sp=Y,26] X=1,K=10,R=1,S=1,C=1,Y=1",-28273.0,-163323000.0,1,Y|Y,1
K,3,Y,114,X,223,C,1,R,6,K,10,S,6,Y,26,R,1,K,4,X,1,S,2,C,1,Y,6,"L1:[sp=K,3] Y=114,X=223,C=1,R=6,K=10,S=6 || L2:[sp=Y,26] R=1,K=4,X=1,S=2,C=1,Y=6",-28273.0,-163323000.0,1,K|Y,1
Y,3,Y,43,K,23,X,223,R,2,S,6,C,2,Y,26,X,1,K,1,Y,3,S,1,C,1,R,1,"L1:[sp=Y,3] Y=43,K=23,X=223,R=2,S=6,C=2 || L2:[sp=Y,26] X=1,K=1,Y=3,S=1,C=1,R=1",-28273.0,-163323000.0,1,Y|Y,1
K,3,Y,186,K,21,S,3,X,223,R,6,C,2,Y,76,C,1,S,1,K,9,X,2,Y,1,R,1,"L1:[sp=K,3] Y=186,K=21,S=3,X=223,R=6,C=2 || L2:[sp=Y,76] C=1,S=1,K=9,X=2,Y=1,R=1",-28273.0,-163323000.0,1,K|Y,1
K,3,K,13,X,223,C,1,R,1,S,6,Y,93,Y,76,K,1,X,1,C,1,S,1,R,1,Y,1,"L1:[sp=K,3] K=13,X=223,C=1,R=1,S=6,Y=93 || L2:[sp=Y,76] K=1,X=1,C=1,S=1,R=1,Y=1",-28309.0,-163323000.0,1,K|Y,1
Y,3,X,223,K,19,S,6,Y,63,C,1,R,2,Y,26,X,1,K,1,Y,3,S,1,C,1,R,1,"L1:[sp=Y,3] X=223,K=19,S=6,Y=63,C=1,R=2 || L2:[sp=Y,26] X=1,K=1,Y=3,S=1,C=1,R=1",-28321.0,-163323000.0,1,Y|Y,1
Y,3,Y,87,K,21,R,3,X,223,S,3,C,2,Y,76,C,1,X,1,K,1,S,1,Y,1,R,2,"L1:[sp=Y,3] Y=87,K=21,R=3,X=223,S=3,C=2 || L2:[sp=Y,76] C=1,X=1,K=1,S=1,Y=1,R=2",-28369.0,-163323000.0,1,Y|Y,1
K,3,C,1,K,3,Y,58,R,1,X,223,S,5,Y,26,X,1,S,5,R,1,K,1,C,1,Y,1,"L1:[sp=K,3] C=1,K=3,Y=58,R=1,X=223,S=5 || L2:[sp=Y,26] X=1,S=5,R=1,K=1,C=1,Y=1",-28393.0,-163323000.0,1,K|Y,1
Y,3,K,32,X,223,C,1,Y,84,S,6,R,1,Y,76,K,5,X,1,C,1,S,1,R,1,Y,1,"L1:[sp=Y,3] K=32,X=223,C=1,Y=84,S=6,R=1 || L2:[sp=Y,76] K=5,X=1,C=1,S=1,R=1,Y=1",-28393.0,-163323000.0,1,Y|Y,1
X,3,K,47,X,223,C,1,Y,218,S,6,R,1,Y,168,K,5,X,1,C,1,S,1,R,1,Y,1,"L1:[sp=X,3] K=47,X=223,C=1,Y=218,S=6,R=1 || L2:[sp=Y,168] K=5,X=1,C=1,S=1,R=1,Y=1",-28393.0,-163323000.0,1,X|Y,1
C,3,K,32,X,223,Y,71,C,1,S,6,R,6,Y,76,K,30,X,1,C,1,S,1,R,2,Y,1,"L1:[sp=C,3] K=32,X=223,Y=71,C=1,S=6,R=6 || L2:[sp=Y,76] K=30,X=1,C=1,S=1,R=2,Y=1",-28737.0,-163323000.0,1,C|Y,1
C,3,S,4,R,3,C,2,X,223,Y,224,K,2,X,84,C,2,R,2,X,2,S,2,Y,1,K,2,"L1:[sp=C,3] S=4,R=3,C=2,X=223,Y=224,K=2 || L2:[sp=X,84] C=2,R=2,X=2,S=2,Y=1,K=2",-28865.0,-163323000.0,1,C|X,1
K,3,K,11,Y,76,X,223,C,3,R,7,S,6,Y,76,Y,1,X,1,R,1,S,6,K,10,C,1,"L1:[sp=K,3] K=11,Y=76,X=223,C=3,R=7,S=6 || L2:[sp=Y,76] Y=1,X=1,R=1,S=6,K=10,C=1",-28999.0,-163323000.0,1,K|Y,1
K,3,K,9,R,2,X,223,C,3,Y,32,S,5,Y,76,K,1,C,1,R,1,S,1,X,1,Y,1,"L1:[sp=K,3] K=9,R=2,X=223,C=3,Y=32,S=5 || L2:[sp=Y,76] K=1,C=1,R=1,S=1,X=1,Y=1",-29037.0,-163323000.0,1,K|Y,1
K,3,K,9,R,2,X,223,C,3,Y,32,S,5,Y,76,K,1,C,3,R,1,S,1,X,1,Y,1,"L1:[sp=K,3] K=9,R=2,X=223,C=3,Y=32,S=5 || L2:[sp=Y,76] K=1,C=3,R=1,S=1,X=1,Y=1",-29037.0,-163323000.0,1,K|Y,1
X,3,K,11,Y,76,X,223,C,3,R,7,S,6,Y,76,K,4,X,1,R,7,S,1,C,1,Y,1,"L1:[sp=X,3] K=11,Y=76,X=223,C=3,R=7,S=6 || L2:[sp=Y,76] K=4,X=1,R=7,S=1,C=1,Y=1",-29143.0,-163323000.0,1,X|Y,1
Y,3,C,1,X,223,Y,36,K,6,R,1,S,5,Y,26,X,1,K,1,R,1,S,1,C,1,Y,1,"L1:[sp=Y,3] C=1,X=223,Y=36,K=6,R=1,S=5 || L2:[sp=Y,26] X=1,K=1,R=1,S=1,C=1,Y=1",-29149.0,-163323000.0,1,Y|Y,1
K,3,K,11,X,223,Y,89,C,3,R,2,S,6,Y,76,K,9,X,1,R,1,S,3,C,1,Y,1,"L1:[sp=K,3] K=11,X=223,Y=89,C=3,R=2,S=6 || L2:[sp=Y,76] K=9,X=1,R=1,S=3,C=1,Y=1",-29368.0,-163323000.0,1,K|Y,1
K,3,Y,70,C,1,R,2,K,26,X,223,S,6,Y,76,R,2,X,1,K,2,S,2,Y,1,C,1,"L1:[sp=K,3] Y=70,C=1,R=2,K=26,X=223,S=6 || L2:[sp=Y,76] R=2,X=1,K=2,S=2,Y=1,C=1",-29377.0,-163323000.0,1,K|Y,1
K,3,C,2,Y,76,R,3,K,11,X,223,S,6,Y,76,K,2,X,1,R,1,S,3,Y,1,C,1,"L1:[sp=K,3] C=2,Y=76,R=3,K=11,X=223,S=6 || L2:[sp=Y,76] K=2,X=1,R=1,S=3,Y=1,C=1",-29404.0,-163323000.0,1,K|Y,1
K,3,C,3,X,223,Y,114,R,1,K,10,S,5,Y,26,X,1,K,1,R,1,S,5,C,1,Y,1,"L1:[sp=K,3] C=3,X=223,Y=114,R=1,K=10,S=5 || L2:[sp=Y,26] X=1,K=1,R=1,S=5,C=1,Y=1",-29457.0,-163323000.0,1,K|Y,1
K,3,C,3,X,223,Y,114,R,1,K,10,S,5,Y,26,X,1,S,5,R,1,K,1,C,1,Y,1,"L1:[sp=K,3] C=3,X=223,Y=114,R=1,K=10,S=5 || L2:[sp=Y,26] X=1,S=5,R=1,K=1,C=1,Y=1",-29457.0,-163323000.0,1,K|Y,1
K,3,K,15,Y,76,C,1,X,223,R,4,S,6,Y,76,K,5,X,1,C,1,S,1,R,2,Y,1,"L1:[sp=K,3] K=15,Y=76,C=1,X=223,R=4,S=6 || L2:[sp=Y,76] K=5,X=1,C=1,S=1,R=2,Y=1",-29509.0,-163323000.0,1,K|Y,1
K,3,K,7,S,6,R,4,C,2,Y,76,X,223,Y,76,K,7,X,1,R,2,S,1,C,1,Y,1,"L1:[sp=K,3] K=7,S=6,R=4,C=2,Y=76,X=223 || L2:[sp=Y,76] K=7,X=1,R=2,S=1,C=1,Y=1",-29521.0,-163323000.0,1,K|Y,1
K,3,K,15,X,223,C,1,Y,76,S,6,R,3,Y,76,K,5,X,1,C,1,S,2,R,1,Y,1,"L1:[sp=K,3] K=15,X=223,C=1,Y=76,S=6,R=3 || L2:[sp=Y,76] K=5,X=1,C=1,S=2,R=1,Y=1",-29563.0,-163323000.0,1,K|Y,1
K,3,C,1,X,223,Y,114,R,1,K,10,S,5,Y,26,X,1,K,1,R,1,S,5,C,1,Y,1,"L1:[sp=K,3] C=1,X=223,Y=114,R=1,K=10,S=5 || L2:[sp=Y,26] X=1,K=1,R=1,S=5,C=1,Y=1",-29569.0,-163323000.0,1,K|Y,1
C,3,K,11,Y,195,C,1,X,223,R,4,S,6,Y,76,X,1,K,11,R,2,S,1,Y,1,C,1,"L1:[sp=C,3] K=11,Y=195,C=1,X=223,R=4,S=6 || L2:[sp=Y,76] X=1,K=11,R=2,S=1,Y=1,C=1",-29665.0,-163323000.0,1,C|Y,1
C,3,K,11,C,1,Y,195,X,223,R,4,S,6,Y,76,X,1,K,11,R,2,S,1,Y,1,C,1,"L1:[sp=C,3] K=11,C=1,Y=195,X=223,R=4,S=6 || L2:[sp=Y,76] X=1,K=11,R=2,S=1,Y=1,C=1",-29665.0,-163323000.0,1,C|Y,1
K,3,C,2,Y,76,R,3,K,11,X,223,S,6,Y,76,K,2,X,1,R,3,S,6,Y,1,C,1,"L1:[sp=K,3] C=2,Y=76,R=3,K=11,X=223,S=6 || L2:[sp=Y,76] K=2,X=1,R=3,S=6,Y=1,C=1",-30241.0,-163323000.0,1,K|Y,1
K,3,K,8,Y,148,X,223,C,3,R,6,S,5,Y,26,X,1,K,5,R,1,S,5,Y,1,C,1,"L1:[sp=K,3] K=8,Y=148,X=223,C=3,R=6,S=5 || L2:[sp=Y,26] X=1,K=5,R=1,S=5,Y=1,C=1",-30257.0,-163323000.0,1,K|Y,1
K,3,K,6,X,223,Y,114,C,2,R,1,S,5,Y,26,X,1,K,1,R,1,S,5,C,1,Y,6,"L1:[sp=K,3] K=6,X=223,Y=114,C=2,R=1,S=5 || L2:[sp=Y,26] X=1,K=1,R=1,S=5,C=1,Y=6",-30353.0,-163323000.0,1,K|Y,1
K,3,K,6,Y,37,X,223,C,1,R,6,S,5,Y,26,X,1,K,1,R,1,S,5,Y,1,C,1,"L1:[sp=K,3] K=6,Y=37,X=223,C=1,R=6,S=5 || L2:[sp=Y,26] X=1,K=1,R=1,S=5,Y=1,C=1",-30385.0,-163323000.0,1,K|Y,1
C,3,K,23,Y,218,X,223,C,3,R,7,S,6,Y,76,K,8,X,1,R,5,S,1,C,1,Y,1,"L1:[sp=C,3] K=23,Y=218,X=223,C=3,R=7,S=6 || L2:[sp=Y,76] K=8,X=1,R=5,S=1,C=1,Y=1",-30436.0,-163323000.0,1,C|Y,1
K,3,K,11,Y,76,C,2,X,223,R,2,S,6,Y,76,Y,1,R,1,X,1,S,1,K,2,C,2,"L1:[sp=K,3] K=11,Y=76,C=2,X=223,R=2,S=6 || L2:[sp=Y,76] Y=1,R=1,X=1,S=1,K=2,C=2",-30525.0,-163323000.0,1,K|Y,1
K,3,C,1,X,223,Y,36,R,6,K,10,S,6,Y,26,C,1,K,1,R,5,S,2,X,1,Y,1,"L1:[sp=K,3] C=1,X=223,Y=36,R=6,K=10,S=6 || L2:[sp=Y,26] C=1,K=1,R=5,S=2,X=1,Y=1",-30745.0,-163323000.0,1,K|Y,1
Y,3,Y,180,S,3,R,5,X,223,K,35,C,3,Y,76,C,2,X,1,K,19,S,1,Y,1,R,3,"L1:[sp=Y,3] Y=180,S=3,R=5,X=223,K=35,C=3 || L2:[sp=Y,76] C=2,X=1,K=19,S=1,Y=1,R=3",-30883.0,-163323000.0,1,Y|Y,1
K,3,K,21,X,223,S,5,Y,71,R,6,C,1,Y,76,C,1,X,2,Y,1,K,19,S,1,R,2,"L1:[sp=K,3] K=21,X=223,S=5,Y=71,R=6,C=1 || L2:[sp=Y,76] C=1,X=2,Y=1,K=19,S=1,R=2",-31009.0,-163323000.0,1,K|Y,1
K,3,K,15,Y,76,C,3,X,223,R,4,S,6,Y,76,K,8,X,1,R,2,S,1,C,1,Y,1,"L1:[sp=K,3] K=15,Y=76,C=3,X=223,R=4,S=6 || L2:[sp=Y,76] K=8,X=1,R=2,S=1,C=1,Y=1",-31117.0,-163323000.0,1,K|Y,1
K,3,Y,71,K,24,R,5,X,223,S,3,C,2,Y,76,C,2,X,1,R,1,S,1,Y,1,K,1,"L1:[sp=K,3] Y=71,K=24,R=5,X=223,S=3,C=2 || L2:[sp=Y,76] C=2,X=1,R=1,S=1,Y=1,K=1",-31457.0,-163323000.0,1,K|Y,1
K,3,K,11,S,6,X,223,C,2,R,2,Y,89,Y,76,K,5,X,1,R,1,S,2,Y,1,C,2,"L1:[sp=K,3] K=11,S=6,X=223,C=2,R=2,Y=89 || L2:[sp=Y,76] K=5,X=1,R=1,S=2,Y=1,C=2",-31505.0,-163323000.0,1,K|Y,1
K,3,S,6,K,14,X,223,C,3,R,7,Y,76,Y,26,S,6,K,1,R,7,Y,1,X,1,C,2,"L1:[sp=K,3] S=6,K=14,X=223,C=3,R=7,Y=76 || L2:[sp=Y,26] S=6,K=1,R=7,Y=1,X=1,C=2",-31759.0,-163324000.0,1,K|Y,1
K,3,S,6,K,14,X,223,R,3,C,3,Y,125,Y,26,S,6,C,1,R,1,Y,1,X,1,K,1,"L1:[sp=K,3] S=6,K=14,X=223,R=3,C=3,Y=125 || L2:[sp=Y,26] S=6,C=1,R=1,Y=1,X=1,K=1",-31765.0,-163323000.0,1,K|Y,1
K,3,Y,120,K,42,R,5,X,223,S,3,C,3,Y,76,C,1,X,1,R,3,S,3,Y,1,K,1,"L1:[sp=K,3] Y=120,K=42,R=5,X=223,S=3,C=3 || L2:[sp=Y,76] C=1,X=1,R=3,S=3,Y=1,K=1",-31765.0,-163323000.0,1,K|Y,1
K,3,S,6,K,14,X,223,C,3,R,3,Y,76,Y,26,S,6,K,1,R,2,Y,1,X,1,C,2,"L1:[sp=K,3] S=6,K=14,X=223,C=3,R=3,Y=76 || L2:[sp=Y,26] S=6,K=1,R=2,Y=1,X=1,C=2",-31771.0,-163323000.0,1,K|Y,1
Y,3,Y,76,K,11,X,223,C,3,R,7,S,6,Y,76,Y,1,K,10,R,1,S,3,X,1,C,1,"L1:[sp=Y,3] Y=76,K=11,X=223,C=3,R=7,S=6 || L2:[sp=Y,76] Y=1,K=10,R=1,S=3,X=1,C=1",-31777.0,-163323000.0,1,Y|Y,1
K,3,K,6,Y,148,X,223,C,2,R,5,S,5,Y,26,X,1,K,5,R,1,S,2,Y,1,C,1,"L1:[sp=K,3] K=6,Y=148,X=223,C=2,R=5,S=5 || L2:[sp=Y,26] X=1,K=5,R=1,S=2,Y=1,C=1",-31785.0,-163323000.0,1,K|Y,1
K,3,Y,148,K,6,X,223,R,5,S,5,C,2,Y,26,X,1,K,1,R,1,S,2,Y,1,C,1,"L1:[sp=K,3] Y=148,K=6,X=223,R=5,S=5,C=2 || L2:[sp=Y,26] X=1,K=1,R=1,S=2,Y=1,C=1",-31785.0,-163323000.0,1,K|Y,1
K,3,Y,186,K,21,S,3,X,223,R,6,C,2,Y,76,C,1,S,1,K,15,X,2,Y,1,R,1,"L1:[sp=K,3] Y=186,K=21,S=3,X=223,R=6,C=2 || L2:[sp=Y,76] C=1,S=1,K=15,X=2,Y=1,R=1",-31801.0,-163323000.0,1,K|Y,1
K,3,K,22,X,223,R,5,C,1,S,6,Y,71,Y,76,X,1,K,5,C,1,S,3,R,2,Y,1,"L1:[sp=K,3] K=22,X=223,R=5,C=1,S=6,Y=71 || L2:[sp=Y,76] X=1,K=5,C=1,S=3,R=2,Y=1",-31849.0,-163323000.0,1,K|Y,1
K,3,K,38,Y,76,C,3,X,223,R,4,S,6,Y,76,K,8,X,1,R,2,S,1,C,1,Y,1,"L1:[sp=K,3] K=38,Y=76,C=3,X=223,R=4,S=6 || L2:[sp=Y,76] K=8,X=1,R=2,S=1,C=1,Y=1",-31933.0,-163323000.0,1,K|Y,1
Y,3,K,11,Y,76,C,2,X,223,R,4,S,6,Y,76,K,1,C,1,R,2,S,1,Y,1,X,1,"L1:[sp=Y,3] K=11,Y=76,C=2,X=223,R=4,S=6 || L2:[sp=Y,76] K=1,C=1,R=2,S=1,Y=1,X=1",-32353.0,-163323000.0,1,Y|Y,1
K,3,X,223,Y,71,S,6,K,21,R,3,C,2,Y,76,S,6,X,1,R,2,K,3,C,2,Y,1,"L1:[sp=K,3] X=223,Y=71,S=6,K=21,R=3,C=2 || L2:[sp=Y,76] S=6,X=1,R=2,K=3,C=2,Y=1",-32353.0,-163323000.0,1,K|Y,1
Y,3,R,7,S,4,C,2,X,223,Y,224,K,2,K,3,S,4,R,3,X,1,C,1,Y,1,K,2,"L1:[sp=Y,3] R=7,S=4,C=2,X=223,Y=224,K=2 || L2:[sp=K,3] S=4,R=3,X=1,C=1,Y=1,K=2",-32385.0,-163323000.0,1,Y|K,1
X,3,K,11,Y,76,X,223,C,3,R,2,S,6,Y,76,Y,1,X,1,R,2,S,2,K,10,C,1,"L1:[sp=X,3] K=11,Y=76,X=223,C=3,R=2,S=6 || L2:[sp=Y,76] Y=1,X=1,R=2,S=2,K=10,C=1",-32401.0,-163323000.0,1,X|Y,1
K,3,Y,76,K,26,X,223,C,3,R,1,S,5,Y,76,K,5,C,3,R,1,S,3,X,1,Y,1,"L1:[sp=K,3] Y=76,K=26,X=223,C=3,R=1,S=5 || L2:[sp=Y,76] K=5,C=3,R=1,S=3,X=1,Y=1",-32719.0,-163323000.0,1,K|Y,1
C,3,K,11,Y,163,X,223,C,3,R,7,S,6,Y,76,K,10,X,1,R,5,C,1,S,1,Y,1,"L1:[sp=C,3] K=11,Y=163,X=223,C=3,R=7,S=6 || L2:[sp=Y,76] K=10,X=1,R=5,C=1,S=1,Y=1",-32953.0,-163323000.0,1,C|Y,1
X,3,K,11,Y,161,X,223,C,3,R,7,S,6,Y,76,K,10,X,1,R,5,S,1,C,1,Y,1,"L1:[sp=X,3] K=11,Y=161,X=223,C=3,R=7,S=6 || L2:[sp=Y,76] K=10,X=1,R=5,S=1,C=1,Y=1",-32953.0,-163323000.0,1,X|Y,1
C,3,C,1,K,3,Y,114,X,223,R,1,S,5,Y,26,X,1,S,1,R,1,K,3,C,1,Y,1,"L1:[sp=C,3] C=1,K=3,Y=114,X=223,R=1,S=5 || L2:[sp=Y,26] X=1,S=1,R=1,K=3,C=1,Y=1",-32957.0,-163323000.0,1,C|Y,1
K,3,K,22,X,223,R,5,C,2,S,6,Y,71,Y,76,X,1,K,5,C,2,S,1,R,2,Y,1,"L1:[sp=K,3] K=22,X=223,R=5,C=2,S=6,Y=71 || L2:[sp=Y,76] X=1,K=5,C=2,S=1,R=2,Y=1",-32993.0,-163323000.0,1,K|Y,1
K,3,K,22,X,223,R,5,C,2,S,5,Y,71,Y,76,X,1,K,20,C,2,R,2,S,1,Y,1,"L1:[sp=K,3] K=22,X=223,R=5,C=2,S=5,Y=71 || L2:[sp=Y,76] X=1,K=20,C=2,R=2,S=1,Y=1",-32993.0,-163323000.0,1,K|Y,1
K,3,K,22,X,223,R,5,C,2,S,3,Y,71,Y,76,X,1,K,5,C,2,S,1,R,2,Y,1,"L1:[sp=K,3] K=22,X=223,R=5,C=2,S=3,Y=71 || L2:[sp=Y,76] X=1,K=5,C=2,S=1,R=2,Y=1",-33025.0,-163323000.0,1,K|Y,1
K,3,Y,178,K,21,R,3,X,223,S,6,C,3,Y,76,C,1,X,1,K,1,S,6,R,2,Y,3,"L1:[sp=K,3] Y=178,K=21,R=3,X=223,S=6,C=3 || L2:[sp=Y,76] C=1,X=1,K=1,S=6,R=2,Y=3",-33289.0,-163323000.0,1,K|Y,1
K,3,K,6,Y,37,X,223,C,1,R,1,S,5,Y,26,S,5,K,1,R,1,X,1,Y,1,C,1,"L1:[sp=K,3] K=6,Y=37,X=223,C=1,R=1,S=5 || L2:[sp=Y,26] S=5,K=1,R=1,X=1,Y=1,C=1",-33349.0,-163323000.0,1,K|Y,1
K,3,C,2,S,5,Y,114,K,6,X,223,R,7,Y,26,K,1,C,2,R,1,S,5,Y,1,X,1,"L1:[sp=K,3] C=2,S=5,Y=114,K=6,X=223,R=7 || L2:[sp=Y,26] K=1,C=2,R=1,S=5,Y=1,X=1",-33617.0,-163323000.0,1,K|Y,1
K,3,C,2,S,5,Y,114,K,6,X,223,R,7,Y,26,K,6,C,2,Y,1,S,5,R,1,X,1,"L1:[sp=K,3] C=2,S=5,Y=114,K=6,X=223,R=7 || L2:[sp=Y,26] K=6,C=2,Y=1,S=5,R=1,X=1",-33617.0,-163323000.0,1,K|Y,1
K,3,C,2,X,223,Y,114,K,6,R,1,S,5,Y,26,X,1,K,3,R,1,C,2,S,5,Y,1,"L1:[sp=K,3] C=2,X=223,Y=114,K=6,R=1,S=5 || L2:[sp=Y,26] X=1,K=3,R=1,C=2,S=5,Y=1",-33713.0,-163323000.0,1,K|Y,1
K,3,C,2,S,5,Y,114,K,6,X,223,R,1,Y,26,C,2,K,1,R,1,S,5,X,1,Y,1,"L1:[sp=K,3] C=2,S=5,Y=114,K=6,X=223,R=1 || L2:[sp=Y,26] C=2,K=1,R=1,S=5,X=1,Y=1",-33713.0,-163323000.0,1,K|Y,1
K,3,C,2,X,223,Y,114,K,6,R,1,S,5,Y,26,X,1,R,1,K,4,C,2,S,5,Y,1,"L1:[sp=K,3] C=2,X=223,Y=114,K=6,R=1,S=5 || L2:[sp=Y,26] X=1,R=1,K=4,C=2,S=5,Y=1",-33713.0,-163323000.0,1,K|Y,1
K,3,C,2,X,223,Y,170,K,6,R,1,S,5,Y,26,X,1,R,1,K,1,C,2,S,5,Y,1,"L1:[sp=K,3] C=2,X=223,Y=170,K=6,R=1,S=5 || L2:[sp=Y,26] X=1,R=1,K=1,C=2,S=5,Y=1",-33713.0,-163323000.0,1,K|Y,1
K,3,K,11,S,5,R,5,C,3,Y,32,X,223,Y,76,K,10,X,1,R,5,S,1,C,1,Y,1,"L1:[sp=K,3] K=11,S=5,R=5,C=3,Y=32,X=223 || L2:[sp=Y,76] K=10,X=1,R=5,S=1,C=1,Y=1",-33895.0,-163323000.0,1,K|Y,1
K,3,K,40,R,5,C,2,X,28,Y,224,S,3,K,40,C,1,R,1,X,1,S,2,Y,1,K,1,"L1:[sp=K,3] K=40,R=5,C=2,X=28,Y=224,S=3 || L2:[sp=K,40] C=1,R=1,X=1,S=2,Y=1,K=1",-33907.0,-163323000.0,1,K|K,1
K,3,K,11,S,6,R,5,C,2,Y,32,X,223,Y,76,K,10,X,1,R,5,S,1,C,1,Y,1,"L1:[sp=K,3] K=11,S=6,R=5,C=2,Y=32,X=223 || L2:[sp=Y,76] K=10,X=1,R=5,S=1,C=1,Y=1",-33979.0,-163323000.0,1,K|Y,1
K,3,Y,58,K,3,C,1,R,1,X,223,S,3,K,3,X,1,Y,24,R,1,K,1,C,1,S,1,"L1:[sp=K,3] Y=58,K=3,C=1,R=1,X=223,S=3 || L2:[sp=K,3] X=1,Y=24,R=1,K=1,C=1,S=1",-34357.0,-163323000.0,1,K|K,1
K,3,K,13,Y,148,X,223,C,3,R,2,S,3,Y,26,X,1,K,5,R,1,S,2,Y,1,C,1,"L1:[sp=K,3] K=13,Y=148,X=223,C=3,R=2,S=3 || L2:[sp=Y,26] X=1,K=5,R=1,S=2,Y=1,C=1",-34423.0,-163323000.0,1,K|Y,1
K,3,S,6,K,11,R,7,C,2,Y,59,X,223,Y,32,K,6,X,1,R,5,S,1,C,2,Y,1,"L1:[sp=K,3] S=6,K=11,R=7,C=2,Y=59,X=223 || L2:[sp=Y,32] K=6,X=1,R=5,S=1,C=2,Y=1",-34529.0,-163323000.0,1,K|Y,1
K,3,S,6,K,11,R,7,C,2,Y,59,X,223,Y,32,K,11,X,1,R,5,S,1,C,2,Y,1,"L1:[sp=K,3] S=6,K=11,R=7,C=2,Y=59,X=223 || L2:[sp=Y,32] K=11,X=1,R=5,S=1,C=2,Y=1",-34529.0,-163323000.0,1,K|Y,1
K,3,K,40,R,5,C,2,X,223,Y,68,S,3,K,40,C,1,R,1,X,1,S,1,Y,1,K,1,"L1:[sp=K,3] K=40,R=5,C=2,X=223,Y=68,S=3 || L2:[sp=K,40] C=1,R=1,X=1,S=1,Y=1,K=1",-34741.0,-163323000.0,1,K|K,1
K,3,K,26,Y,76,X,223,C,2,R,7,S,6,Y,76,K,5,X,1,R,4,S,3,C,1,Y,1,"L1:[sp=K,3] K=26,Y=76,X=223,C=2,R=7,S=6 || L2:[sp=Y,76] K=5,X=1,R=4,S=3,C=1,Y=1",-34990.0,-163323000.0,1,K|Y,1
K,3,Y,114,K,21,X,223,R,2,C,2,S,6,Y,26,X,1,K,1,R,2,S,1,Y,1,C,1,"L1:[sp=K,3] Y=114,K=21,X=223,R=2,C=2,S=6 || L2:[sp=Y,26] X=1,K=1,R=2,S=1,Y=1,C=1",-35313.0,-163323000.0,1,K|Y,1
X,3,K,26,X,223,C,1,S,6,Y,205,R,7,Y,76,K,18,X,1,C,1,S,1,R,5,Y,1,"L1:[sp=X,3] K=26,X=223,C=1,S=6,Y=205,R=7 || L2:[sp=Y,76] K=18,X=1,C=1,S=1,R=5,Y=1",-35317.0,-163323000.0,1,X|Y,1
Y,3,Y,63,K,23,X,223,R,2,S,6,C,2,Y,26,X,1,K,21,Y,5,S,1,C,1,R,1,"L1:[sp=Y,3] Y=63,K=23,X=223,R=2,S=6,C=2 || L2:[sp=Y,26] X=1,K=21,Y=5,S=1,C=1,R=1",-35329.0,-163323000.0,1,Y|Y,1
K,3,K,11,Y,89,X,223,C,2,R,2,S,6,Y,76,K,5,X,1,R,1,S,6,Y,1,C,1,"L1:[sp=K,3] K=11,Y=89,X=223,C=2,R=2,S=6 || L2:[sp=Y,76] K=5,X=1,R=1,S=6,Y=1,C=1",-35425.0,-163323000.0,1,K|Y,1
K,3,K,11,Y,89,X,223,C,2,R,2,S,6,Y,76,C,2,X,1,R,1,S,3,Y,1,K,5,"L1:[sp=K,3] K=11,Y=89,X=223,C=2,R=2,S=6 || L2:[sp=Y,76] C=2,X=1,R=1,S=3,Y=1,K=5",-35425.0,-163323000.0,1,K|Y,1
K,3,C,1,K,3,Y,114,R,2,X,223,S,3,Y,26,X,1,S,2,R,1,K,1,C,1,Y,1,"L1:[sp=K,3] C=1,K=3,Y=114,R=2,X=223,S=3 || L2:[sp=Y,26] X=1,S=2,R=1,K=1,C=1,Y=1",-35569.0,-163323000.0,1,K|Y,1
K,3,S,3,K,47,X,223,Y,178,R,3,C,2,Y,76,C,1,S,3,K,10,R,2,Y,1,X,1,"L1:[sp=K,3] S=3,K=47,X=223,Y=178,R=3,C=2 || L2:[sp=Y,76] C=1,S=3,K=10,R=2,Y=1,X=1",-35569.0,-163323000.0,1,K|Y,1
K,3,C,1,K,3,Y,114,R,1,X,223,S,5,Y,26,X,1,S,3,R,1,K,3,C,1,Y,1,"L1:[sp=K,3] C=1,K=3,Y=114,R=1,X=223,S=5 || L2:[sp=Y,26] X=1,S=3,R=1,K=3,C=1,Y=1",-35617.0,-163323000.0,1,K|Y,1
K,3,C,1,K,3,Y,114,R,1,X,223,S,5,Y,26,Y,1,X,1,C,1,K,3,R,1,S,3,"L1:[sp=K,3] C=1,K=3,Y=114,R=1,X=223,S=5 || L2:[sp=Y,26] Y=1,X=1,C=1,K=3,R=1,S=3",-35617.0,-163323000.0,1,K|Y,1
C,3,K,11,Y,76,C,2,X,223,R,5,S,6,Y,76,K,8,X,1,R,5,S,3,Y,1,C,1,"L1:[sp=C,3] K=11,Y=76,C=2,X=223,R=5,S=6 || L2:[sp=Y,76] K=8,X=1,R=5,S=3,Y=1,C=1",-35713.0,-163324000.0,1,C|Y,1
K,3,S,6,C,2,R,1,K,27,Y,106,X,223,Y,32,Y,1,R,1,X,1,S,1,C,1,K,6,"L1:[sp=K,3] S=6,C=2,R=1,K=27,Y=106,X=223 || L2:[sp=Y,32] Y=1,R=1,X=1,S=1,C=1,K=6",-35806.0,-163323000.0,1,K|Y,1
K,3,K,15,X,223,C,2,Y,32,S,6,R,7,Y,76,K,5,X,1,C,1,S,1,R,5,Y,1,"L1:[sp=K,3] K=15,X=223,C=2,Y=32,S=6,R=7 || L2:[sp=Y,76] K=5,X=1,C=1,S=1,R=5,Y=1",-36100.0,-163323000.0,1,K|Y,1
K,3,K,15,X,223,C,2,Y,32,S,6,R,3,Y,76,K,5,X,1,C,1,S,1,R,1,Y,1,"L1:[sp=K,3] K=15,X=223,C=2,Y=32,S=6,R=3 || L2:[sp=Y,76] K=5,X=1,C=1,S=1,R=1,Y=1",-36268.0,-163323000.0,1,K|Y,1
K,3,K,21,X,223,C,3,Y,71,R,6,S,3,Y,76,S,3,X,2,R,1,K,3,C,2,Y,1,"L1:[sp=K,3] K=21,X=223,C=3,Y=71,R=6,S=3 || L2:[sp=Y,76] S=3,X=2,R=1,K=3,C=2,Y=1",-36337.0,-163323000.0,1,K|Y,1
K,3,C,2,R,1,Y,114,S,5,X,223,K,6,Y,114,C,2,K,1,R,1,S,5,X,1,Y,1,"L1:[sp=K,3] C=2,R=1,Y=114,S=5,X=223,K=6 || L2:[sp=Y,114] C=2,K=1,R=1,S=5,X=1,Y=1",-36457.0,-163323000.0,1,K|Y,1
Y,3,X,223,K,19,R,2,Y,63,C,2,S,6,Y,26,X,1,K,14,Y,3,S,1,C,2,R,1,"L1:[sp=Y,3] X=223,K=19,R=2,Y=63,C=2,S=6 || L2:[sp=Y,26] X=1,K=14,Y=3,S=1,C=2,R=1",-36521.0,-163323000.0,1,Y|Y,1
K,3,K,40,R,6,C,1,X,223,Y,37,S,3,K,40,C,1,Y,13,R,1,S,1,X,1,K,1,"L1:[sp=K,3] K=40,R=6,C=1,X=223,Y=37,S=3 || L2:[sp=K,40] C=1,Y=13,R=1,S=1,X=1,K=1",-36712.0,-163323000.0,1,K|K,1
X,3,K,11,Y,76,X,223,C,3,R,2,S,6,Y,76,K,1,X,1,R,2,C,1,Y,1,S,2,"L1:[sp=X,3] K=11,Y=76,X=223,C=3,R=2,S=6 || L2:[sp=Y,76] K=1,X=1,R=2,C=1,Y=1,S=2",-37009.0,-163323000.0,1,X|Y,1
C,3,K,11,Y,76,C,2,X,223,R,4,S,6,Y,76,K,8,C,1,R,2,S,1,Y,1,X,1,"L1:[sp=C,3] K=11,Y=76,C=2,X=223,R=4,S=6 || L2:[sp=Y,76] K=8,C=1,R=2,S=1,Y=1,X=1",-37033.0,-163323000.0,1,C|Y,1
C,3,K,26,Y,133,X,223,C,3,R,7,S,6,Y,76,K,5,X,1,R,2,S,1,C,1,Y,1,"L1:[sp=C,3] K=26,Y=133,X=223,C=3,R=7,S=6 || L2:[sp=Y,76] K=5,X=1,R=2,S=1,C=1,Y=1",-37057.0,-163323000.0,1,C|Y,1
K,3,S,5,K,14,X,223,C,3,R,2,Y,76,Y,26,S,3,K,1,R,1,X,1,Y,1,C,1,"L1:[sp=K,3] S=5,K=14,X=223,C=3,R=2,Y=76 || L2:[sp=Y,26] S=3,K=1,R=1,X=1,Y=1,C=1",-37069.0,-163323000.0,1,K|Y,1
K,3,S,5,K,14,X,223,C,3,R,2,Y,76,Y,26,S,3,K,4,R,1,Y,1,X,1,C,2,"L1:[sp=K,3] S=5,K=14,X=223,C=3,R=2,Y=76 || L2:[sp=Y,26] S=3,K=4,R=1,Y=1,X=1,C=2",-37069.0,-163323000.0,1,K|Y,1
Y,3,X,223,K,29,R,2,Y,43,S,6,C,2,Y,26,X,1,K,24,Y,3,S,1,C,2,R,1,"L1:[sp=Y,3] X=223,K=29,R=2,Y=43,S=6,C=2 || L2:[sp=Y,26] X=1,K=24,Y=3,S=1,C=2,R=1",-37093.0,-163323000.0,1,Y|Y,1
K,3,C,1,Y,151,R,2,K,58,X,223,S,6,Y,76,R,2,X,1,K,2,Y,1,C,1,S,3,"L1:[sp=K,3] C=1,Y=151,R=2,K=58,X=223,S=6 || L2:[sp=Y,76] R=2,X=1,K=2,Y=1,C=1,S=3",-37633.0,-163323000.0,1,K|Y,1
Y,3,X,223,K,19,R,7,Y,63,C,2,S,6,Y,26,X,1,K,1,Y,3,S,1,C,2,R,1,"L1:[sp=Y,3] X=223,K=19,R=7,Y=63,C=2,S=6 || L2:[sp=Y,26] X=1,K=1,Y=3,S=1,C=2,R=1",-37649.0,-163323000.0,1,Y|Y,1
K,3,K,48,X,223,S,5,R,5,Y,71,C,2,Y,76,C,2,R,2,X,1,K,9,S,1,Y,1,"L1:[sp=K,3] K=48,X=223,S=5,R=5,Y=71,C=2 || L2:[sp=Y,76] C=2,R=2,X=1,K=9,S=1,Y=1",-37665.0,-163323000.0,1,K|Y,1
Y,3,X,223,K,19,R,2,Y,63,C,2,S,6,Y,26,X,1,K,1,Y,3,S,1,C,2,R,1,"L1:[sp=Y,3] X=223,K=19,R=2,Y=63,C=2,S=6 || L2:[sp=Y,26] X=1,K=1,Y=3,S=1,C=2,R=1",-37697.0,-163323000.0,1,Y|Y,1
Y,3,X,223,K,19,R,2,Y,63,C,2,S,6,Y,26,X,1,K,12,Y,3,S,1,C,2,R,1,"L1:[sp=Y,3] X=223,K=19,R=2,Y=63,C=2,S=6 || L2:[sp=Y,26] X=1,K=12,Y=3,S=1,C=2,R=1",-37697.0,-163323000.0,1,Y|Y,1
Y,3,X,223,K,19,S,6,Y,63,C,2,R,2,Y,26,X,1,K,1,Y,3,S,1,C,2,R,1,"L1:[sp=Y,3] X=223,K=19,S=6,Y=63,C=2,R=2 || L2:[sp=Y,26] X=1,K=1,Y=3,S=1,C=2,R=1",-37697.0,-163323000.0,1,Y|Y,1
Y,3,Y,43,K,23,X,223,R,1,S,6,C,2,Y,26,X,1,K,1,Y,3,S,1,C,2,R,1,"L1:[sp=Y,3] Y=43,K=23,X=223,R=1,S=6,C=2 || L2:[sp=Y,26] X=1,K=1,Y=3,S=1,C=2,R=1",-37717.0,-163323000.0,1,Y|Y,1
K,3,K,21,X,223,S,3,Y,71,R,6,C,2,Y,76,S,1,X,2,R,1,K,3,C,2,Y,1,"L1:[sp=K,3] K=21,X=223,S=3,Y=71,R=6,C=2 || L2:[sp=Y,76] S=1,X=2,R=1,K=3,C=2,Y=1",-37729.0,-163323000.0,1,K|Y,1
Y,3,Y,43,K,9,X,223,R,2,S,6,C,2,Y,26,X,1,K,1,Y,3,S,1,C,2,R,1,"L1:[sp=Y,3] Y=43,K=9,X=223,R=2,S=6,C=2 || L2:[sp=Y,26] X=1,K=1,Y=3,S=1,C=2,R=1",-37761.0,-163323000.0,1,Y|Y,1
K,3,K,48,X,223,S,3,R,1,Y,71,C,2,Y,76,C,2,R,1,X,1,K,9,S,1,Y,1,"L1:[sp=K,3] K=48,X=223,S=3,R=1,Y=71,C=2 || L2:[sp=Y,76] C=2,R=1,X=1,K=9,S=1,Y=1",-37801.0,-163323000.0,1,K|Y,1
Y,3,Y,43,K,9,X,223,R,1,S,6,C,2,Y,26,X,1,K,1,Y,3,S,1,C,2,R,1,"L1:[sp=Y,3] Y=43,K=9,X=223,R=1,S=6,C=2 || L2:[sp=Y,26] X=1,K=1,Y=3,S=1,C=2,R=1",-37857.0,-163323000.0,1,Y|Y,1
K,3,K,27,Y,40,C,1,X,223,R,6,S,5,Y,76,K,8,X,1,R,4,S,1,C,1,Y,1,"L1:[sp=K,3] K=27,Y=40,C=1,X=223,R=6,S=5 || L2:[sp=Y,76] K=8,X=1,R=4,S=1,C=1,Y=1",-38449.0,-163323000.0,1,K|Y,1
C,3,K,11,S,6,X,223,C,2,Y,32,R,7,Y,76,K,10,X,1,R,5,S,1,C,1,Y,1,"L1:[sp=C,3] K=11,S=6,X=223,C=2,Y=32,R=7 || L2:[sp=Y,76] K=10,X=1,R=5,S=1,C=1,Y=1",-38501.0,-163323000.0,1,C|Y,1
K,3,C,2,K,6,Y,114,S,5,X,223,R,5,Y,114,C,1,K,5,R,1,S,5,X,1,Y,1,"L1:[sp=K,3] C=2,K=6,Y=114,S=5,X=223,R=5 || L2:[sp=Y,114] C=1,K=5,R=1,S=5,X=1,Y=1",-38607.0,-163323000.0,1,K|Y,1
X,3,K,21,X,223,R,7,Y,142,S,6,C,1,Y,76,K,9,X,1,C,1,S,1,R,2,Y,1,"L1:[sp=X,3] K=21,X=223,R=7,Y=142,S=6,C=1 || L2:[sp=Y,76] K=9,X=1,C=1,S=1,R=2,Y=1",-38857.0,-163323000.0,1,X|Y,1
X,3,K,21,X,223,R,5,Y,146,S,6,C,1,Y,76,K,9,X,1,C,1,S,1,R,2,Y,1,"L1:[sp=X,3] K=21,X=223,R=5,Y=146,S=6,C=1 || L2:[sp=Y,76] K=9,X=1,C=1,S=1,R=2,Y=1",-38905.0,-163323000.0,1,X|Y,1
X,3,K,33,X,223,C,1,Y,218,S,6,R,1,Y,76,K,5,X,1,C,1,S,1,R,1,Y,1,"L1:[sp=X,3] K=33,X=223,C=1,Y=218,S=6,R=1 || L2:[sp=Y,76] K=5,X=1,C=1,S=1,R=1,Y=1",-38977.0,-163323000.0,1,X|Y,1
K,3,C,2,Y,76,R,3,K,11,X,223,S,6,Y,76,K,2,X,1,R,1,S,6,Y,1,C,1,"L1:[sp=K,3] C=2,Y=76,R=3,K=11,X=223,S=6 || L2:[sp=Y,76] K=2,X=1,R=1,S=6,Y=1,C=1",-39169.0,-163323000.0,1,K|Y,1
K,3,C,3,S,5,Y,114,K,15,X,223,R,6,Y,114,R,1,K,6,Y,1,X,1,S,5,C,1,"L1:[sp=K,3] C=3,S=5,Y=114,K=15,X=223,R=6 || L2:[sp=Y,114] R=1,K=6,Y=1,X=1,S=5,C=1",-39731.0,-163323000.0,1,K|Y,1
Y,3,C,1,Y,40,R,5,X,223,K,26,S,5,Y,76,K,5,X,1,R,5,S,1,C,1,Y,1,"L1:[sp=Y,3] C=1,Y=40,R=5,X=223,K=26,S=5 || L2:[sp=Y,76] K=5,X=1,R=5,S=1,C=1,Y=1",-39799.0,-163323000.0,1,Y|Y,1
Y,3,C,3,X,223,Y,114,R,5,K,10,S,6,Y,26,Y,1,K,1,R,4,S,1,C,1,X,1,"L1:[sp=Y,3] C=3,X=223,Y=114,R=5,K=10,S=6 || L2:[sp=Y,26] Y=1,K=1,R=4,S=1,C=1,X=1",-40349.0,-163323000.0,1,Y|Y,1
X,3,C,2,K,6,Y,148,S,5,X,223,R,7,Y,114,C,1,K,1,R,4,S,5,X,1,Y,1,"L1:[sp=X,3] C=2,K=6,Y=148,S=5,X=223,R=7 || L2:[sp=Y,114] C=1,K=1,R=4,S=5,X=1,Y=1",-40409.0,-163323000.0,1,X|Y,1
K,3,C,3,K,6,Y,114,S,5,X,223,R,6,Y,114,C,1,S,5,R,1,X,1,K,1,Y,1,"L1:[sp=K,3] C=3,K=6,Y=114,S=5,X=223,R=6 || L2:[sp=Y,114] C=1,S=5,R=1,X=1,K=1,Y=1",-40409.0,-163323000.0,1,K|Y,1
K,3,C,3,K,6,Y,114,S,5,X,223,R,6,Y,114,R,1,S,5,C,1,X,1,K,1,Y,1,"L1:[sp=K,3] C=3,K=6,Y=114,S=5,X=223,R=6 || L2:[sp=Y,114] R=1,S=5,C=1,X=1,K=1,Y=1",-40409.0,-163323000.0,1,K|Y,1
K,3,C,3,K,6,Y,114,S,5,X,223,R,6,Y,114,R,1,K,1,Y,1,X,1,S,5,C,1,"L1:[sp=K,3] C=3,K=6,Y=114,S=5,X=223,R=6 || L2:[sp=Y,114] R=1,K=1,Y=1,X=1,S=5,C=1",-40409.0,-163323000.0,1,K|Y,1
X,3,K,21,X,223,S,5,Y,71,R,1,C,2,Y,76,S,1,X,1,R,1,K,8,C,1,Y,1,"L1:[sp=X,3] K=21,X=223,S=5,Y=71,R=1,C=2 || L2:[sp=Y,76] S=1,X=1,R=1,K=8,C=1,Y=1",-40433.0,-163323000.0,1,X|Y,1
K,3,C,2,K,6,Y,114,S,5,X,223,R,6,Y,114,C,1,K,1,R,1,S,5,X,1,Y,1,"L1:[sp=K,3] C=2,K=6,Y=114,S=5,X=223,R=6 || L2:[sp=Y,114] C=1,K=1,R=1,S=5,X=1,Y=1",-40497.0,-163323000.0,1,K|Y,1
K,3,C,2,K,6,Y,114,X,223,S,5,R,6,Y,114,C,1,K,1,R,1,S,5,X,1,Y,1,"L1:[sp=K,3] C=2,K=6,Y=114,X=223,S=5,R=6 || L2:[sp=Y,114] C=1,K=1,R=1,S=5,X=1,Y=1",-40497.0,-163323000.0,1,K|Y,1
Y,3,C,3,S,3,R,5,X,223,K,35,Y,112,Y,76,C,2,X,2,K,19,S,1,Y,1,R,3,"L1:[sp=Y,3] C=3,S=3,R=5,X=223,K=35,Y=112 || L2:[sp=Y,76] C=2,X=2,K=19,S=1,Y=1,R=3",-41173.0,-163324000.0,1,Y|Y,1
K,3,C,3,X,223,Y,114,R,6,K,10,S,5,Y,26,X,1,K,1,R,1,S,1,C,1,Y,10,"L1:[sp=K,3] C=3,X=223,Y=114,R=6,K=10,S=5 || L2:[sp=Y,26] X=1,K=1,R=1,S=1,C=1,Y=10",-41177.0,-163323000.0,1,K|Y,1
K,3,K,40,S,6,R,7,C,2,Y,32,X,223,Y,76,Y,1,X,1,K,10,R,5,C,1,S,1,"L1:[sp=K,3] K=40,S=6,R=7,C=2,Y=32,X=223 || L2:[sp=Y,76] Y=1,X=1,K=10,R=5,C=1,S=1",-41189.0,-163323000.0,1,K|Y,1
X,3,K,21,X,223,R,7,Y,142,S,6,C,1,Y,76,K,7,X,1,C,1,S,1,R,2,Y,1,"L1:[sp=X,3] K=21,X=223,R=7,Y=142,S=6,C=1 || L2:[sp=Y,76] K=7,X=1,C=1,S=1,R=2,Y=1",-41209.0,-163323000.0,1,X|Y,1
X,3,Y,204,K,35,R,5,C,2,S,3,X,223,Y,76,C,1,X,1,R,1,S,1,Y,1,K,19,"L1:[sp=X,3] Y=204,K=35,R=5,C=2,S=3,X=223 || L2:[sp=Y,76] C=1,X=1,R=1,S=1,Y=1,K=19",-41209.0,-163323000.0,1,X|Y,1
X,3,Y,71,K,35,R,5,X,223,S,3,C,2,Y,76,C,1,X,1,R,1,S,1,Y,1,K,19,"L1:[sp=X,3] Y=71,K=35,R=5,X=223,S=3,C=2 || L2:[sp=Y,76] C=1,X=1,R=1,S=1,Y=1,K=19",-41257.0,-163323000.0,1,X|Y,1
K,3,K,15,Y,32,C,3,X,223,R,2,S,6,Y,76,K,5,X,1,C,1,S,1,R,2,Y,1,"L1:[sp=K,3] K=15,Y=32,C=3,X=223,R=2,S=6 || L2:[sp=Y,76] K=5,X=1,C=1,S=1,R=2,Y=1",-41329.0,-163323000.0,1,K|Y,1
C,3,C,2,K,11,R,3,Y,76,X,223,S,6,Y,76,Y,1,X,1,R,3,S,6,K,2,C,1,"L1:[sp=C,3] C=2,K=11,R=3,Y=76,X=223,S=6 || L2:[sp=Y,76] Y=1,X=1,R=3,S=6,K=2,C=1",-41581.0,-163323000.0,1,C|Y,1
K,3,K,15,Y,32,C,1,X,223,R,2,S,6,Y,76,K,5,X,1,C,1,S,1,R,2,Y,1,"L1:[sp=K,3] K=15,Y=32,C=1,X=223,R=2,S=6 || L2:[sp=Y,76] K=5,X=1,C=1,S=1,R=2,Y=1",-41665.0,-163323000.0,1,K|Y,1
C,3,C,1,S,5,Y,114,R,7,X,223,K,3,Y,26,Y,1,X,1,C,1,K,3,R,7,S,5,"L1:[sp=C,3] C=1,S=5,Y=114,R=7,X=223,K=3 || L2:[sp=Y,26] Y=1,X=1,C=1,K=3,R=7,S=5",-41669.0,-163323000.0,1,C|Y,1
Y,3,X,223,K,30,R,5,Y,50,C,2,S,6,Y,26,X,1,K,14,Y,3,S,2,C,2,R,1,"L1:[sp=Y,3] X=223,K=30,R=5,Y=50,C=2,S=6 || L2:[sp=Y,26] X=1,K=14,Y=3,S=2,C=2,R=1",-41689.0,-163323000.0,1,Y|Y,1
Y,3,X,223,K,19,R,2,Y,50,C,2,S,6,Y,26,X,1,K,14,Y,3,S,2,C,2,R,1,"L1:[sp=Y,3] X=223,K=19,R=2,Y=50,C=2,S=6 || L2:[sp=Y,26] X=1,K=14,Y=3,S=2,C=2,R=1",-41729.0,-163323000.0,1,Y|Y,1
K,3,K,11,S,6,R,7,C,2,Y,32,X,223,Y,32,K,6,X,1,R,5,S,1,C,1,Y,1,"L1:[sp=K,3] K=11,S=6,R=7,C=2,Y=32,X=223 || L2:[sp=Y,32] K=6,X=1,R=5,S=1,C=1,Y=1",-42099.0,-163323000.0,1,K|Y,1
K,3,C,2,X,223,Y,114,K,6,R,7,S,5,Y,26,X,1,K,4,R,7,C,2,S,2,Y,1,"L1:[sp=K,3] C=2,X=223,Y=114,K=6,R=7,S=5 || L2:[sp=Y,26] X=1,K=4,R=7,C=2,S=2,Y=1",-42353.0,-163323000.0,1,K|Y,1
Y,3,Y,76,K,11,X,223,C,3,R,7,S,6,Y,76,Y,1,K,10,R,1,S,6,X,1,C,1,"L1:[sp=Y,3] Y=76,K=11,X=223,C=3,R=7,S=6 || L2:[sp=Y,76] Y=1,K=10,R=1,S=6,X=1,C=1",-42361.0,-163323000.0,1,Y|Y,1
K,3,K,6,Y,148,X,223,C,2,R,5,S,5,Y,26,X,1,K,5,R,1,S,2,Y,1,C,2,"L1:[sp=K,3] K=6,Y=148,X=223,C=2,R=5,S=5 || L2:[sp=Y,26] X=1,K=5,R=1,S=2,Y=1,C=2",-42369.0,-163323000.0,1,K|Y,1
K,3,S,3,R,4,C,2,X,224,Y,181,K,40,K,40,C,1,R,1,X,1,S,3,Y,1,K,1,"L1:[sp=K,3] S=3,R=4,C=2,X=224,Y=181,K=40 || L2:[sp=K,40] C=1,R=1,X=1,S=3,Y=1,K=1",-42928.0,-163323000.0,1,K|K,1
Y,3,K,54,X,223,R,7,C,1,Y,76,S,6,Y,26,Y,1,K,5,R,2,S,2,X,1,C,1,"L1:[sp=Y,3] K=54,X=223,R=7,C=1,Y=76,S=6 || L2:[sp=Y,26] Y=1,K=5,R=2,S=2,X=1,C=1",-43021.0,-163323000.0,1,Y|Y,1
Y,3,X,223,K,54,S,6,Y,63,C,2,R,2,Y,26,X,1,S,2,Y,3,K,1,C,2,R,1,"L1:[sp=Y,3] X=223,K=54,S=6,Y=63,C=2,R=2 || L2:[sp=Y,26] X=1,S=2,Y=3,K=1,C=2,R=1",-43041.0,-163323000.0,1,Y|Y,1
C,3,K,9,Y,218,X,223,C,3,R,2,S,6,Y,76,K,8,X,1,R,2,S,1,C,1,Y,1,"L1:[sp=C,3] K=9,Y=218,X=223,C=3,R=2,S=6 || L2:[sp=Y,76] K=8,X=1,R=2,S=1,C=1,Y=1",-43137.0,-163323000.0,1,C|Y,1
C,3,S,6,K,9,X,223,C,3,R,2,Y,218,Y,76,K,8,X,1,R,2,S,1,C,1,Y,1,"L1:[sp=C,3] S=6,K=9,X=223,C=3,R=2,Y=218 || L2:[sp=Y,76] K=8,X=1,R=2,S=1,C=1,Y=1",-43137.0,-163323000.0,1,C|Y,1
K,3,K,33,Y,148,X,223,C,3,R,2,S,6,Y,26,X,1,K,5,R,1,S,1,Y,1,C,2,"L1:[sp=K,3] K=33,Y=148,X=223,C=3,R=2,S=6 || L2:[sp=Y,26] X=1,K=5,R=1,S=1,Y=1,C=2",-43676.0,-163323000.0,1,K|Y,1
K,3,K,15,Y,32,C,3,X,223,R,2,S,6,Y,76,K,8,X,1,C,1,S,1,R,2,Y,1,"L1:[sp=K,3] K=15,Y=32,C=3,X=223,R=2,S=6 || L2:[sp=Y,76] K=8,X=1,C=1,S=1,R=2,Y=1",-43681.0,-163323000.0,1,K|Y,1
K,3,K,33,Y,148,X,223,C,2,R,2,S,6,Y,26,X,1,K,5,S,1,R,1,C,1,Y,1,"L1:[sp=K,3] K=33,Y=148,X=223,C=2,R=2,S=6 || L2:[sp=Y,26] X=1,K=5,S=1,R=1,C=1,Y=1",-43692.0,-163323000.0,1,K|Y,1
K,3,K,15,Y,32,C,3,X,223,R,2,S,3,Y,76,K,8,X,1,C,1,S,1,R,2,Y,1,"L1:[sp=K,3] K=15,Y=32,C=3,X=223,R=2,S=3 || L2:[sp=Y,76] K=8,X=1,C=1,S=1,R=2,Y=1",-43765.0,-163323000.0,1,K|Y,1
K,3,Y,70,C,1,R,2,K,26,X,223,S,6,Y,76,R,2,X,1,K,2,S,6,Y,1,C,1,"L1:[sp=K,3] Y=70,C=1,R=2,K=26,X=223,S=6 || L2:[sp=Y,76] R=2,X=1,K=2,S=6,Y=1,C=1",-43969.0,-163323000.0,1,K|Y,1
K,3,C,1,Y,70,R,2,K,58,X,223,S,6,Y,76,R,2,X,1,K,2,Y,1,C,1,S,2,"L1:[sp=K,3] C=1,Y=70,R=2,K=58,X=223,S=6 || L2:[sp=Y,76] R=2,X=1,K=2,Y=1,C=1,S=2",-44641.0,-163323000.0,1,K|Y,1
K,3,C,1,K,3,Y,58,R,2,X,223,S,3,K,3,X,1,S,3,R,1,K,1,C,1,Y,24,"L1:[sp=K,3] C=1,K=3,Y=58,R=2,X=223,S=3 || L2:[sp=K,3] X=1,S=3,R=1,K=1,C=1,Y=24",-44749.0,-163323000.0,1,K|K,1
K,3,K,11,S,6,R,5,C,2,Y,218,X,223,Y,32,K,1,X,1,R,5,S,1,C,2,Y,1,"L1:[sp=K,3] K=11,S=6,R=5,C=2,Y=218,X=223 || L2:[sp=Y,32] K=1,X=1,R=5,S=1,C=2,Y=1",-44833.0,-163323000.0,1,K|Y,1
X,3,K,11,Y,76,X,223,R,4,C,3,S,5,Y,76,K,5,X,1,R,1,S,1,C,1,Y,1,"L1:[sp=X,3] K=11,Y=76,X=223,R=4,C=3,S=5 || L2:[sp=Y,76] K=5,X=1,R=1,S=1,C=1,Y=1",-44908.0,-163323000.0,1,X|Y,1
K,3,Y,32,K,21,C,2,X,223,R,7,S,3,Y,76,C,1,X,2,R,3,S,2,Y,1,K,1,"L1:[sp=K,3] Y=32,K=21,C=2,X=223,R=7,S=3 || L2:[sp=Y,76] C=1,X=2,R=3,S=2,Y=1,K=1",-45361.0,-163323000.0,1,K|Y,1
C,3,C,1,K,3,Y,114,R,1,X,223,S,5,Y,26,X,1,S,5,R,1,K,1,C,1,Y,1,"L1:[sp=C,3] C=1,K=3,Y=114,R=1,X=223,S=5 || L2:[sp=Y,26] X=1,S=5,R=1,K=1,C=1,Y=1",-45417.0,-163323000.0,1,C|Y,1
K,3,K,61,R,6,X,223,C,3,Y,76,S,6,Y,76,K,4,X,1,Y,1,S,1,C,1,R,6,"L1:[sp=K,3] K=61,R=6,X=223,C=3,Y=76,S=6 || L2:[sp=Y,76] K=4,X=1,Y=1,S=1,C=1,R=6",-46129.0,-163323000.0,1,K|Y,1
X,3,K,26,X,223,C,1,S,6,Y,76,R,7,Y,76,K,5,X,1,C,1,S,1,R,5,Y,1,"L1:[sp=X,3] K=26,X=223,C=1,S=6,Y=76,R=7 || L2:[sp=Y,76] K=5,X=1,C=1,S=1,R=5,Y=1",-46360.0,-163323000.0,1,X|Y,1
C,3,K,23,Y,218,X,223,C,3,R,4,S,6,Y,76,K,8,X,1,R,4,S,1,C,3,Y,1,"L1:[sp=C,3] K=23,Y=218,X=223,C=3,R=4,S=6 || L2:[sp=Y,76] K=8,X=1,R=4,S=1,C=3,Y=1",-46393.0,-163323000.0,1,C|Y,1
Y,3,C,3,X,223,Y,114,R,6,K,10,S,5,Y,26,X,1,K,1,R,1,S,1,C,1,Y,1,"L1:[sp=Y,3] C=3,X=223,Y=114,R=6,K=10,S=5 || L2:[sp=Y,26] X=1,K=1,R=1,S=1,C=1,Y=1",-47069.0,-163323000.0,1,Y|Y,1
Y,3,C,3,X,223,Y,114,R,6,K,10,S,5,Y,26,X,1,S,1,R,1,K,1,C,1,Y,1,"L1:[sp=Y,3] C=3,X=223,Y=114,R=6,K=10,S=5 || L2:[sp=Y,26] X=1,S=1,R=1,K=1,C=1,Y=1",-47069.0,-163323000.0,1,Y|Y,1
Y,3,C,3,X,223,Y,114,R,5,K,10,S,3,Y,26,Y,1,K,1,R,3,S,1,C,1,X,1,"L1:[sp=Y,3] C=3,X=223,Y=114,R=5,K=10,S=3 || L2:[sp=Y,26] Y=1,K=1,R=3,S=1,C=1,X=1",-47083.0,-163323000.0,1,Y|Y,1
Y,3,C,3,X,223,Y,114,R,5,K,10,S,3,Y,26,Y,1,K,1,R,3,S,1,C,2,X,1,"L1:[sp=Y,3] C=3,X=223,Y=114,R=5,K=10,S=3 || L2:[sp=Y,26] Y=1,K=1,R=3,S=1,C=2,X=1",-47083.0,-163323000.0,1,Y|Y,1
Y,3,C,1,X,223,R,1,Y,114,S,5,K,42,Y,26,X,1,K,10,R,1,S,1,C,1,Y,1,"L1:[sp=Y,3] C=1,X=223,R=1,Y=114,S=5,K=42 || L2:[sp=Y,26] X=1,K=10,R=1,S=1,C=1,Y=1",-47125.0,-163323000.0,1,Y|Y,1
Y,3,C,3,X,223,Y,114,R,1,K,10,S,5,Y,26,X,1,K,1,R,1,S,1,C,1,Y,1,"L1:[sp=Y,3] C=3,X=223,Y=114,R=1,K=10,S=5 || L2:[sp=Y,26] X=1,K=1,R=1,S=1,C=1,Y=1",-47139.0,-163323000.0,1,Y|Y,1
Y,3,C,3,X,223,Y,114,R,1,K,10,S,5,Y,26,X,1,R,1,K,1,S,1,C,1,Y,1,"L1:[sp=Y,3] C=3,X=223,Y=114,R=1,K=10,S=5 || L2:[sp=Y,26] X=1,R=1,K=1,S=1,C=1,Y=1",-47139.0,-163323000.0,1,Y|Y,1
K,3,C,2,X,223,Y,114,K,6,R,1,S,5,Y,26,X,1,K,4,R,1,C,2,S,2,Y,1,"L1:[sp=K,3] C=2,X=223,Y=114,K=6,R=1,S=5 || L2:[sp=Y,26] X=1,K=4,R=1,C=2,S=2,Y=1",-47153.0,-163323000.0,1,K|Y,1
Y,3,C,1,X,223,Y,114,R,1,K,20,S,5,Y,26,X,1,K,1,R,1,S,1,C,1,Y,1,"L1:[sp=Y,3] C=1,X=223,Y=114,R=1,K=20,S=5 || L2:[sp=Y,26] X=1,K=1,R=1,S=1,C=1,Y=1",-47209.0,-163323000.0,1,Y|Y,1
Y,3,C,1,K,10,R,2,Y,114,S,6,X,223,Y,26,X,1,K,1,R,1,S,1,C,1,Y,1,"L1:[sp=Y,3] C=1,K=10,R=2,Y=114,S=6,X=223 || L2:[sp=Y,26] X=1,K=1,R=1,S=1,C=1,Y=1",-47209.0,-163323000.0,1,Y|Y,1
Y,3,C,1,X,223,R,2,Y,114,S,3,K,10,Y,26,X,1,K,1,R,1,S,1,C,1,Y,1,"L1:[sp=Y,3] C=1,X=223,R=2,Y=114,S=3,K=10 || L2:[sp=Y,26] X=1,K=1,R=1,S=1,C=1,Y=1",-47293.0,-163323000.0,1,Y|Y,1
X,3,C,2,Y,76,R,2,K,11,X,223,S,6,Y,76,K,10,X,1,R,1,S,2,Y,1,C,1,"L1:[sp=X,3] C=2,Y=76,R=2,K=11,X=223,S=6 || L2:[sp=Y,76] K=10,X=1,R=1,S=2,Y=1,C=1",-47329.0,-163323000.0,1,X|Y,1
Y,3,C,1,X,223,Y,114,R,1,K,10,S,5,Y,26,X,1,K,1,R,1,S,1,C,1,Y,1,"L1:[sp=Y,3] C=1,X=223,Y=114,R=1,K=10,S=5 || L2:[sp=Y,26] X=1,K=1,R=1,S=1,C=1,Y=1",-47335.0,-163323000.0,1,Y|Y,1
Y,3,C,1,X,223,R,1,Y,114,K,10,S,5,Y,26,X,1,K,1,R,1,S,1,C,1,Y,1,"L1:[sp=Y,3] C=1,X=223,R=1,Y=114,K=10,S=5 || L2:[sp=Y,26] X=1,K=1,R=1,S=1,C=1,Y=1",-47335.0,-163323000.0,1,Y|Y,1
K,3,S,6,K,27,R,7,C,2,Y,106,X,223,Y,32,K,6,X,1,R,5,S,1,C,2,Y,1,"L1:[sp=K,3] S=6,K=27,R=7,C=2,Y=106,X=223 || L2:[sp=Y,32] K=6,X=1,R=5,S=1,C=2,Y=1",-47641.0,-163323000.0,1,K|Y,1
K,3,Y,187,K,21,R,5,X,223,S,6,C,2,Y,42,C,1,Y,1,R,3,S,3,X,2,K,7,"L1:[sp=K,3] Y=187,K=21,R=5,X=223,S=6,C=2 || L2:[sp=Y,42] C=1,Y=1,R=3,S=3,X=2,K=7",-47645.0,-163324000.0,1,K|Y,1
Y,3,X,223,K,19,R,2,Y,50,C,2,S,6,Y,26,X,1,K,14,Y,3,S,2,C,2,R,2,"L1:[sp=Y,3] X=223,K=19,R=2,Y=50,C=2,S=6 || L2:[sp=Y,26] X=1,K=14,Y=3,S=2,C=2,R=2",-47681.0,-163324000.0,1,Y|Y,1
K,3,K,61,Y,71,S,5,X,223,R,5,C,2,Y,76,C,2,X,1,R,2,K,9,S,1,Y,1,"L1:[sp=K,3] K=61,Y=71,S=5,X=223,R=5,C=2 || L2:[sp=Y,76] C=2,X=1,R=2,K=9,S=1,Y=1",-47857.0,-163323000.0,1,K|Y,1
Y,3,X,223,K,25,R,7,Y,71,C,2,S,6,Y,26,X,1,K,14,Y,3,S,3,C,2,R,1,"L1:[sp=Y,3] X=223,K=25,R=7,Y=71,C=2,S=6 || L2:[sp=Y,26] X=1,K=14,Y=3,S=3,C=2,R=1",-48397.0,-163324000.0,1,Y|Y,1
Y,3,X,223,K,25,R,7,Y,71,C,2,S,6,Y,26,R,1,K,14,Y,3,S,3,C,2,X,1,"L1:[sp=Y,3] X=223,K=25,R=7,Y=71,C=2,S=6 || L2:[sp=Y,26] R=1,K=14,Y=3,S=3,C=2,X=1",-48397.0,-163324000.0,1,Y|Y,1
Y,3,X,223,K,25,R,2,Y,63,C,2,S,6,Y,26,X,1,K,14,Y,3,S,3,C,2,R,1,"L1:[sp=Y,3] X=223,K=25,R=2,Y=63,C=2,S=6 || L2:[sp=Y,26] X=1,K=14,Y=3,S=3,C=2,R=1",-48433.0,-163324000.0,1,Y|Y,1
K,3,K,21,X,223,S,5,Y,71,R,5,C,2,Y,76,C,1,X,1,R,2,K,9,S,4,Y,1,"L1:[sp=K,3] K=21,X=223,S=5,Y=71,R=5,C=2 || L2:[sp=Y,76] C=1,X=1,R=2,K=9,S=4,Y=1",-48449.0,-163323000.0,1,K|Y,1
Y,3,X,220,K,21,S,6,Y,178,R,1,C,2,Y,76,C,1,S,6,K,10,X,1,Y,1,R,1,"L1:[sp=Y,3] X=220,K=21,S=6,Y=178,R=1,C=2 || L2:[sp=Y,76] C=1,S=6,K=10,X=1,Y=1,R=1",-48497.0,-163323000.0,1,Y|Y,1
X,3,K,11,Y,76,S,6,R,2,C,3,X,223,Y,76,K,11,X,1,R,1,S,1,C,3,Y,1,"L1:[sp=X,3] K=11,Y=76,S=6,R=2,C=3,X=223 || L2:[sp=Y,76] K=11,X=1,R=1,S=1,C=3,Y=1",-48655.0,-163323000.0,1,X|Y,1
Y,3,K,11,Y,27,C,1,X,223,R,7,S,6,Y,76,X,1,K,11,R,5,S,1,Y,1,C,1,"L1:[sp=Y,3] K=11,Y=27,C=1,X=223,R=7,S=6 || L2:[sp=Y,76] X=1,K=11,R=5,S=1,Y=1,C=1",-48691.0,-163323000.0,1,Y|Y,1
Y,3,Y,26,K,42,R,5,X,223,C,2,S,3,K,76,C,2,X,1,R,1,S,1,Y,26,K,1,"L1:[sp=Y,3] Y=26,K=42,R=5,X=223,C=2,S=3 || L2:[sp=K,76] C=2,X=1,R=1,S=1,Y=26,K=1",-48729.0,-163323000.0,1,Y|K,1
K,3,K,40,R,5,C,2,X,223,Y,8,S,3,K,40,C,1,R,1,X,1,S,1,Y,1,K,1,"L1:[sp=K,3] K=40,R=5,C=2,X=223,Y=8,S=3 || L2:[sp=K,40] C=1,R=1,X=1,S=1,Y=1,K=1",-49141.0,-163323000.0,1,K|K,1
C,3,K,61,R,6,X,223,C,3,Y,76,S,6,Y,76,K,19,X,1,Y,1,S,1,C,1,R,6,"L1:[sp=C,3] K=61,R=6,X=223,C=3,Y=76,S=6 || L2:[sp=Y,76] K=19,X=1,Y=1,S=1,C=1,R=6",-49165.0,-163324000.0,1,C|Y,1
K,3,K,22,X,223,Y,71,C,1,S,5,R,5,Y,76,X,1,K,5,C,1,S,3,R,2,Y,1,"L1:[sp=K,3] K=22,X=223,Y=71,C=1,S=5,R=5 || L2:[sp=Y,76] X=1,K=5,C=1,S=3,R=2,Y=1",-49489.0,-163323000.0,1,K|Y,1
K,3,K,15,Y,30,C,3,X,223,R,4,S,6,Y,76,K,8,X,1,R,2,S,1,C,1,Y,1,"L1:[sp=K,3] K=15,Y=30,C=3,X=223,R=4,S=6 || L2:[sp=Y,76] K=8,X=1,R=2,S=1,C=1,Y=1",-49825.0,-163323000.0,1,K|Y,1
K,3,C,1,Y,32,X,223,K,6,R,1,S,5,Y,26,X,1,K,1,R,1,S,2,C,1,Y,1,"L1:[sp=K,3] C=1,Y=32,X=223,K=6,R=1,S=5 || L2:[sp=Y,26] X=1,K=1,R=1,S=2,C=1,Y=1",-49981.0,-163323000.0,1,K|Y,1
Y,3,X,223,K,19,R,2,Y,63,C,2,S,6,K,19,X,1,K,1,Y,3,S,1,C,2,R,1,"L1:[sp=Y,3] X=223,K=19,R=2,Y=63,C=2,S=6 || L2:[sp=K,19] X=1,K=1,Y=3,S=1,C=2,R=1",-50241.0,-163323000.0,1,Y|K,1
Y,3,X,223,K,19,C,2,Y,63,R,2,S,6,K,19,X,1,K,1,Y,3,S,1,C,2,R,1,"L1:[sp=Y,3] X=223,K=19,C=2,Y=63,R=2,S=6 || L2:[sp=K,19] X=1,K=1,Y=3,S=1,C=2,R=1",-50241.0,-163323000.0,1,Y|K,1
C,3,K,9,Y,34,X,223,C,2,R,4,S,6,Y,76,K,8,X,1,R,4,S,1,C,1,Y,1,"L1:[sp=C,3] K=9,Y=34,X=223,C=2,R=4,S=6 || L2:[sp=Y,76] K=8,X=1,R=4,S=1,C=1,Y=1",-50401.0,-163323000.0,1,C|Y,1
K,3,C,1,S,6,Y,114,K,30,X,223,R,2,Y,26,C,1,K,1,R,1,S,2,X,1,Y,1,"L1:[sp=K,3] C=1,S=6,Y=114,K=30,X=223,R=2 || L2:[sp=Y,26] C=1,K=1,R=1,S=2,X=1,Y=1",-50449.0,-163323000.0,1,K|Y,1
X,3,Y,71,K,21,S,3,C,2,R,3,X,223,Y,76,S,1,X,1,R,2,C,2,Y,1,K,1,"L1:[sp=X,3] Y=71,K=21,S=3,C=2,R=3,X=223 || L2:[sp=Y,76] S=1,X=1,R=2,C=2,Y=1,K=1",-50465.0,-163323000.0,1,X|Y,1
Y,3,C,3,K,41,R,2,S,6,X,223,Y,114,K,38,C,1,S,1,R,1,X,1,K,1,Y,1,"L1:[sp=Y,3] C=3,K=41,R=2,S=6,X=223,Y=114 || L2:[sp=K,38] C=1,S=1,R=1,X=1,K=1,Y=1",-50732.0,-163323000.0,1,Y|K,1
K,3,K,58,Y,189,C,3,X,223,R,7,S,6,Y,76,C,1,X,1,K,5,S,1,R,5,Y,2,"L1:[sp=K,3] K=58,Y=189,C=3,X=223,R=7,S=6 || L2:[sp=Y,76] C=1,X=1,K=5,S=1,R=5,Y=2",-51161.0,-163323000.0,1,K|Y,1
C,3,K,11,Y,76,X,223,C,3,R,2,S,6,Y,76,Y,1,K,5,R,1,S,2,X,1,C,1,"L1:[sp=C,3] K=11,Y=76,X=223,C=3,R=2,S=6 || L2:[sp=Y,76] Y=1,K=5,R=1,S=2,X=1,C=1",-51385.0,-163323000.0,1,C|Y,1
K,3,K,40,S,6,R,7,C,2,Y,106,X,223,Y,106,Y,1,X,1,K,10,R,5,C,1,S,1,"L1:[sp=K,3] K=40,S=6,R=7,C=2,Y=106,X=223 || L2:[sp=Y,106] Y=1,X=1,K=10,R=5,C=1,S=1",-51475.0,-163323000.0,1,K|Y,1
Y,3,C,3,X,223,Y,114,R,6,K,10,S,5,Y,26,X,1,K,10,R,1,S,1,C,1,Y,1,"L1:[sp=Y,3] C=3,X=223,Y=114,R=6,K=10,S=5 || L2:[sp=Y,26] X=1,K=10,R=1,S=1,C=1,Y=1",-51479.0,-163323000.0,1,Y|Y,1
Y,3,Y,36,C,3,S,6,R,1,K,10,X,223,K,26,X,1,K,1,R,1,S,2,C,1,Y,1,"L1:[sp=Y,3] Y=36,C=3,S=6,R=1,K=10,X=223 || L2:[sp=K,26] X=1,K=1,R=1,S=2,C=1,Y=1",-51941.0,-163323000.0,1,Y|K,1
X,3,K,4,X,223,S,3,Y,71,R,1,C,2,Y,76,S,1,X,1,R,1,K,4,C,2,Y,1,"L1:[sp=X,3] K=4,X=223,S=3,Y=71,R=1,C=2 || L2:[sp=Y,76] S=1,X=1,R=1,K=4,C=2,Y=1",-52865.0,-163323000.0,1,X|Y,1
K,3,K,40,Y,76,R,7,C,3,X,223,S,6,Y,26,Y,1,K,5,S,1,R,7,X,1,C,1,"L1:[sp=K,3] K=40,Y=76,R=7,C=3,X=223,S=6 || L2:[sp=Y,26] Y=1,K=5,S=1,R=7,X=1,C=1",-52927.0,-163323000.0,1,K|Y,1
K,3,R,3,X,223,Y,114,C,1,K,30,S,6,Y,26,X,1,K,1,R,1,S,1,C,1,Y,6,"L1:[sp=K,3] R=3,X=223,Y=114,C=1,K=30,S=6 || L2:[sp=Y,26] X=1,K=1,R=1,S=1,C=1,Y=6",-52957.0,-163323000.0,1,K|Y,1
X,3,K,21,X,223,S,5,Y,71,R,1,C,2,Y,76,S,1,X,1,R,1,K,8,C,2,Y,1,"L1:[sp=X,3] K=21,X=223,S=5,Y=71,R=1,C=2 || L2:[sp=Y,76] S=1,X=1,R=1,K=8,C=2,Y=1",-53761.0,-163323000.0,1,X|Y,1
K,3,K,6,Y,148,X,223,C,1,R,5,S,5,Y,26,S,4,K,1,X,1,R,1,Y,1,C,1,"L1:[sp=K,3] K=6,Y=148,X=223,C=1,R=5,S=5 || L2:[sp=Y,26] S=4,K=1,X=1,R=1,Y=1,C=1",-54481.0,-163323000.0,1,K|Y,1
X,3,Y,71,K,35,R,5,C,2,S,3,X,223,Y,76,C,2,X,1,R,1,S,1,Y,1,K,19,"L1:[sp=X,3] Y=71,K=35,R=5,C=2,S=3,X=223 || L2:[sp=Y,76] C=2,X=1,R=1,S=1,Y=1,K=19",-54977.0,-163323000.0,1,X|Y,1
C,3,K,11,S,6,R,5,C,2,Y,32,X,223,Y,76,K,10,X,1,R,5,S,1,C,1,Y,1,"L1:[sp=C,3] K=11,S=6,R=5,C=2,Y=32,X=223 || L2:[sp=Y,76] K=10,X=1,R=5,S=1,C=1,Y=1",-55049.0,-163323000.0,1,C|Y,1
Y,3,X,223,K,21,S,6,Y,178,R,6,C,2,Y,76,C,1,S,6,K,10,X,1,Y,1,R,2,"L1:[sp=Y,3] X=223,K=21,S=6,Y=178,R=6,C=2 || L2:[sp=Y,76] C=1,S=6,K=10,X=1,Y=1,R=2",-55329.0,-163324000.0,1,Y|Y,1
K,3,X,223,K,19,C,2,Y,148,R,7,S,6,Y,19,X,1,K,1,Y,1,S,2,C,2,R,1,"L1:[sp=K,3] X=223,K=19,C=2,Y=148,R=7,S=6 || L2:[sp=Y,19] X=1,K=1,Y=1,S=2,C=2,R=1",-55337.0,-163323000.0,1,K|Y,1
K,3,K,47,X,223,S,3,Y,71,R,6,C,1,Y,76,C,1,X,2,Y,1,K,19,S,1,R,1,"L1:[sp=K,3] K=47,X=223,S=3,Y=71,R=6,C=1 || L2:[sp=Y,76] C=1,X=2,Y=1,K=19,S=1,R=1",-55345.0,-163323000.0,1,K|Y,1
X,3,K,38,S,6,R,4,C,2,Y,106,X,223,Y,76,K,10,X,1,R,2,S,1,C,1,Y,1,"L1:[sp=X,3] K=38,S=6,R=4,C=2,Y=106,X=223 || L2:[sp=Y,76] K=10,X=1,R=2,S=1,C=1,Y=1",-55489.0,-163323000.0,1,X|Y,1
K,3,S,6,Y,76,X,223,C,3,K,42,R,3,Y,26,S,1,K,1,R,1,Y,1,X,1,C,1,"L1:[sp=K,3] S=6,Y=76,X=223,C=3,K=42,R=3 || L2:[sp=Y,26] S=1,K=1,R=1,Y=1,X=1,C=1",-55585.0,-163323000.0,1,K|Y,1
K,3,S,6,R,2,X,223,C,3,K,42,Y,76,Y,26,S,1,K,1,R,1,Y,1,X,1,C,1,"L1:[sp=K,3] S=6,R=2,X=223,C=3,K=42,Y=76 || L2:[sp=Y,26] S=1,K=1,R=1,Y=1,X=1,C=1",-55591.0,-163323000.0,1,K|Y,1
Y,3,X,223,K,25,R,7,Y,148,C,2,S,6,Y,26,X,1,K,14,Y,1,S,1,C,1,R,1,"L1:[sp=Y,3] X=223,K=25,R=7,Y=148,C=2,S=6 || L2:[sp=Y,26] X=1,K=14,Y=1,S=1,C=1,R=1",-56461.0,-163323000.0,1,Y|Y,1
Y,3,Y,63,X,223,K,23,R,6,S,6,C,2,Y,63,X,1,K,1,Y,3,S,1,C,1,R,1,"L1:[sp=Y,3] Y=63,X=223,K=23,R=6,S=6,C=2 || L2:[sp=Y,63] X=1,K=1,Y=3,S=1,C=1,R=1",-56497.0,-163323000.0,1,Y|Y,1
Y,3,Y,157,K,23,X,223,R,2,S,6,C,2,Y,26,X,1,K,21,Y,3,S,1,C,1,R,1,"L1:[sp=Y,3] Y=157,K=23,X=223,R=2,S=6,C=2 || L2:[sp=Y,26] X=1,K=21,Y=3,S=1,C=1,R=1",-56497.0,-163323000.0,1,Y|Y,1
K,3,C,2,X,223,Y,114,K,30,R,1,S,3,Y,26,X,1,K,3,R,1,C,1,S,3,Y,1,"L1:[sp=K,3] C=2,X=223,Y=114,K=30,R=1,S=3 || L2:[sp=Y,26] X=1,K=3,R=1,C=1,S=3,Y=1",-56785.0,-163323000.0,1,K|Y,1
K,3,K,11,Y,76,C,3,X,223,R,2,S,6,Y,76,K,6,X,1,R,2,S,4,C,1,Y,1,"L1:[sp=K,3] K=11,Y=76,C=3,X=223,R=2,S=6 || L2:[sp=Y,76] K=6,X=1,R=2,S=4,C=1,Y=1",-57097.0,-163323000.0,1,K|Y,1
K,3,K,22,S,6,R,7,C,2,Y,32,X,223,Y,76,R,2,X,1,K,10,S,1,C,2,Y,1,"L1:[sp=K,3] K=22,S=6,R=7,C=2,Y=32,X=223 || L2:[sp=Y,76] R=2,X=1,K=10,S=1,C=2,Y=1",-57681.0,-163323000.0,1,K|Y,1
K,3,K,33,Y,148,X,223,C,2,R,2,S,6,Y,26,X,1,K,5,R,1,Y,1,S,1,C,2,"L1:[sp=K,3] K=33,Y=148,X=223,C=2,R=2,S=6 || L2:[sp=Y,26] X=1,K=5,R=1,Y=1,S=1,C=2",-58245.0,-163323000.0,1,K|Y,1
K,3,K,33,Y,26,S,5,X,223,R,5,C,2,Y,76,C,2,Y,1,K,9,X,1,S,1,R,2,"L1:[sp=K,3] K=33,Y=26,S=5,X=223,R=5,C=2 || L2:[sp=Y,76] C=2,Y=1,K=9,X=1,S=1,R=2",-58285.0,-163323000.0,1,K|Y,1
K,3,C,1,K,29,Y,114,R,6,X,223,S,6,Y,26,X,1,R,1,S,2,K,3,C,1,Y,6,"L1:[sp=K,3] C=1,K=29,Y=114,R=6,X=223,S=6 || L2:[sp=Y,26] X=1,R=1,S=2,K=3,C=1,Y=6",-58489.0,-163323000.0,1,K|Y,1
K,3,R,3,K,2,Y,12,X,223,S,4,C,2,K,3,C,2,Y,5,X,1,S,4,R,2,K,1,"L1:[sp=K,3] R=3,K=2,Y=12,X=223,S=4,C=2 || L2:[sp=K,3] C=2,Y=5,X=1,S=4,R=2,K=1",-58693.0,-163323000.0,1,K|K,1
K,3,C,1,Y,28,R,2,K,26,X,223,S,6,Y,76,K,2,X,1,R,2,S,2,Y,1,C,1,"L1:[sp=K,3] C=1,Y=28,R=2,K=26,X=223,S=6 || L2:[sp=Y,76] K=2,X=1,R=2,S=2,Y=1,C=1",-58753.0,-163323000.0,1,K|Y,1
K,3,C,1,X,223,Y,114,K,40,R,2,S,6,Y,26,X,1,K,1,R,1,S,1,C,1,Y,1,"L1:[sp=K,3] C=1,X=223,Y=114,K=40,R=2,S=6 || L2:[sp=Y,26] X=1,K=1,R=1,S=1,C=1,Y=1",-58849.0,-163323000.0,1,K|Y,1
K,3,K,29,R,2,X,223,C,3,Y,76,S,6,Y,76,K,1,X,1,R,2,S,4,C,1,Y,1,"L1:[sp=K,3] K=29,R=2,X=223,C=3,Y=76,S=6 || L2:[sp=Y,76] K=1,X=1,R=2,S=4,C=1,Y=1",-60529.0,-163323000.0,1,K|Y,1
K,3,C,1,K,3,Y,114,R,1,X,223,S,5,Y,26,Y,1,X,1,C,1,K,3,R,1,S,4,"L1:[sp=K,3] C=1,K=3,Y=114,R=1,X=223,S=5 || L2:[sp=Y,26] Y=1,X=1,C=1,K=3,R=1,S=4",-60817.0,-163323000.0,1,K|Y,1
K,3,K,61,X,223,S,6,Y,201,R,6,C,2,Y,76,C,2,X,1,R,1,K,9,S,3,Y,1,"L1:[sp=K,3] K=61,X=223,S=6,Y=201,R=6,C=2 || L2:[sp=Y,76] C=2,X=1,R=1,K=9,S=3,Y=1",-61505.0,-163323000.0,1,K|Y,1
K,3,K,61,X,223,S,3,Y,201,R,6,C,2,Y,76,C,2,X,1,R,1,K,9,S,3,Y,1,"L1:[sp=K,3] K=61,X=223,S=3,Y=201,R=6,C=2 || L2:[sp=Y,76] C=2,X=1,R=1,K=9,S=3,Y=1",-61513.0,-163323000.0,1,K|Y,1
K,3,K,61,X,223,S,6,Y,71,R,5,C,2,Y,76,C,2,X,1,R,2,K,9,S,3,Y,1,"L1:[sp=K,3] K=61,X=223,S=6,Y=71,R=5,C=2 || L2:[sp=Y,76] C=2,X=1,R=2,K=9,S=3,Y=1",-61521.0,-163323000.0,1,K|Y,1
Y,3,K,11,Y,148,X,223,C,3,R,2,S,6,Y,26,X,1,K,5,R,1,S,2,Y,1,C,1,"L1:[sp=Y,3] K=11,Y=148,X=223,C=3,R=2,S=6 || L2:[sp=Y,26] X=1,K=5,R=1,S=2,Y=1,C=1",-61537.0,-163323000.0,1,Y|Y,1
K,3,C,3,R,2,X,223,S,6,K,42,Y,190,Y,26,S,1,K,1,R,1,Y,1,X,1,C,1,"L1:[sp=K,3] C=3,R=2,X=223,S=6,K=42,Y=190 || L2:[sp=Y,26] S=1,K=1,R=1,Y=1,X=1,C=1",-61757.0,-163323000.0,1,K|Y,1
K,3,C,1,X,223,R,1,Y,114,S,5,K,42,Y,26,X,1,K,10,R,1,S,1,C,1,Y,1,"L1:[sp=K,3] C=1,X=223,R=1,Y=114,S=5,K=42 || L2:[sp=Y,26] X=1,K=10,R=1,S=1,C=1,Y=1",-61825.0,-163323000.0,1,K|Y,1
X,3,K,26,X,223,C,2,S,6,Y,32,R,1,Y,76,K,18,X,1,C,1,S,1,R,1,Y,1,"L1:[sp=X,3] K=26,X=223,C=2,S=6,Y=32,R=1 || L2:[sp=Y,76] K=18,X=1,C=1,S=1,R=1,Y=1",-62329.0,-163323000.0,1,X|Y,1
K,3,K,33,Y,148,X,223,C,2,R,6,S,5,Y,26,X,1,K,5,S,5,R,1,C,1,Y,1,"L1:[sp=K,3] K=33,Y=148,X=223,C=2,R=6,S=5 || L2:[sp=Y,26] X=1,K=5,S=5,R=1,C=1,Y=1",-62387.0,-163323000.0,1,K|Y,1
K,3,K,33,Y,148,X,223,C,2,R,2,S,5,Y,26,X,1,K,5,S,5,R,1,C,1,Y,1,"L1:[sp=K,3] K=33,Y=148,X=223,C=2,R=2,S=5 || L2:[sp=Y,26] X=1,K=5,S=5,R=1,C=1,Y=1",-62403.0,-163323000.0,1,K|Y,1
Y,3,Y,215,K,23,X,223,R,2,S,6,C,2,Y,26,X,1,K,21,Y,3,S,1,C,1,R,1,"L1:[sp=Y,3] Y=215,K=23,X=223,R=2,S=6,C=2 || L2:[sp=Y,26] X=1,K=21,Y=3,S=1,C=1,R=1",-63553.0,-163323000.0,1,Y|Y,1
K,3,S,4,R,3,X,82,C,2,Y,224,K,2,K,3,S,4,R,3,X,1,C,2,Y,1,K,1,"L1:[sp=K,3] S=4,R=3,X=82,C=2,Y=224,K=2 || L2:[sp=K,3] S=4,R=3,X=1,C=2,Y=1,K=1",-63685.0,-163323000.0,1,K|K,1
K,3,S,4,R,3,C,2,X,196,K,2,Y,224,K,3,C,2,R,3,X,2,S,4,Y,1,K,1,"L1:[sp=K,3] S=4,R=3,C=2,X=196,K=2,Y=224 || L2:[sp=K,3] C=2,R=3,X=2,S=4,Y=1,K=1",-63961.0,-163323000.0,1,K|K,1
Y,3,Y,114,K,9,X,223,R,2,S,6,C,2,Y,26,X,1,K,1,Y,3,S,1,R,2,C,1,"L1:[sp=Y,3] Y=114,K=9,X=223,R=2,S=6,C=2 || L2:[sp=Y,26] X=1,K=1,Y=3,S=1,R=2,C=1",-64641.0,-163323000.0,1,Y|Y,1
Y,3,Y,114,K,9,X,223,R,2,C,1,S,5,Y,26,X,1,K,1,Y,3,S,1,R,2,C,1,"L1:[sp=Y,3] Y=114,K=9,X=223,R=2,C=1,S=5 || L2:[sp=Y,26] X=1,K=1,Y=3,S=1,R=2,C=1",-64705.0,-163323000.0,1,Y|Y,1
X,3,Y,71,K,21,S,6,C,2,R,3,X,223,Y,76,S,6,X,1,R,2,C,1,Y,1,K,1,"L1:[sp=X,3] Y=71,K=21,S=6,C=2,R=3,X=223 || L2:[sp=Y,76] S=6,X=1,R=2,C=1,Y=1,K=1",-64705.0,-163323000.0,1,X|Y,1
K,3,K,37,X,223,Y,114,C,1,R,2,S,6,Y,26,X,1,K,1,R,1,S,1,C,1,Y,6,"L1:[sp=K,3] K=37,X=223,Y=114,C=1,R=2,S=6 || L2:[sp=Y,26] X=1,K=1,R=1,S=1,C=1,Y=6",-65317.0,-163323000.0,1,K|Y,1
K,3,S,3,R,1,X,223,C,2,Y,224,K,2,K,3,S,1,R,1,X,1,K,2,Y,1,C,1,"L1:[sp=K,3] S=3,R=1,X=223,C=2,Y=224,K=2 || L2:[sp=K,3] S=1,R=1,X=1,K=2,Y=1,C=1",-65899.0,-163323000.0,1,K|K,1
K,3,S,3,R,1,C,2,X,223,Y,224,K,2,K,3,X,1,S,1,R,1,C,1,Y,1,K,2,"L1:[sp=K,3] S=3,R=1,C=2,X=223,Y=224,K=2 || L2:[sp=K,3] X=1,S=1,R=1,C=1,Y=1,K=2",-65899.0,-163323000.0,1,K|K,1
Y,3,C,1,Y,18,R,5,K,11,X,223,S,5,Y,76,K,1,X,1,R,1,S,1,Y,1,C,1,"L1:[sp=Y,3] C=1,Y=18,R=5,K=11,X=223,S=5 || L2:[sp=Y,76] K=1,X=1,R=1,S=1,Y=1,C=1",-66361.0,-163323000.0,1,Y|Y,1
K,3,S,6,K,14,X,223,C,3,R,3,Y,141,K,7,S,1,C,3,R,1,Y,1,X,1,K,1,"L1:[sp=K,3] S=6,K=14,X=223,C=3,R=3,Y=141 || L2:[sp=K,7] S=1,C=3,R=1,Y=1,X=1,K=1",-66457.0,-163323000.0,1,K|K,1
K,3,S,6,K,14,X,223,C,1,R,7,Y,76,Y,38,S,6,R,7,K,1,Y,1,X,1,C,1,"L1:[sp=K,3] S=6,K=14,X=223,C=1,R=7,Y=76 || L2:[sp=Y,38] S=6,R=7,K=1,Y=1,X=1,C=1",-66565.0,-163323000.0,1,K|Y,1
K,3,K,11,Y,70,X,223,C,3,R,2,S,5,Y,76,K,4,X,1,Y,1,S,4,C,1,R,1,"L1:[sp=K,3] K=11,Y=70,X=223,C=3,R=2,S=5 || L2:[sp=Y,76] K=4,X=1,Y=1,S=4,C=1,R=1",-66625.0,-163323000.0,1,K|Y,1
Y,3,C,3,X,223,Y,114,R,6,K,10,S,5,Y,26,X,1,C,1,R,1,K,1,S,5,Y,1,"L1:[sp=Y,3] C=3,X=223,Y=114,R=6,K=10,S=5 || L2:[sp=Y,26] X=1,C=1,R=1,K=1,S=5,Y=1",-67229.0,-163323000.0,1,Y|Y,1
Y,3,K,44,Y,152,X,223,C,3,R,2,S,6,K,26,X,1,K,1,R,1,S,1,C,1,Y,1,"L1:[sp=Y,3] K=44,Y=152,X=223,C=3,R=2,S=6 || L2:[sp=K,26] X=1,K=1,R=1,S=1,C=1,Y=1",-67490.0,-163323000.0,1,Y|K,1
Y,3,K,44,Y,152,X,223,C,1,R,2,S,6,K,26,X,1,K,1,Y,79,S,1,C,1,R,1,"L1:[sp=Y,3] K=44,Y=152,X=223,C=1,R=2,S=6 || L2:[sp=K,26] X=1,K=1,Y=79,S=1,C=1,R=1",-67522.0,-163323000.0,1,Y|K,1
K,3,S,6,C,2,R,5,K,27,Y,106,X,223,Y,32,Y,1,X,1,R,5,S,1,C,2,K,6,"L1:[sp=K,3] S=6,C=2,R=5,K=27,Y=106,X=223 || L2:[sp=Y,32] Y=1,X=1,R=5,S=1,C=2,K=6",-68065.0,-163323000.0,1,K|Y,1
K,3,K,47,S,5,R,5,C,3,Y,32,X,223,Y,76,K,10,X,1,R,5,S,1,C,3,Y,1,"L1:[sp=K,3] K=47,S=5,R=5,C=3,Y=32,X=223 || L2:[sp=Y,76] K=10,X=1,R=5,S=1,C=3,Y=1",-69119.0,-163323000.0,1,K|Y,1
K,3,S,3,R,5,C,1,X,223,Y,63,K,2,K,1,S,1,R,1,X,1,C,1,Y,3,K,2,"L1:[sp=K,3] S=3,R=5,C=1,X=223,Y=63,K=2 || L2:[sp=K,1] S=1,R=1,X=1,C=1,Y=3,K=2",-69163.0,-163323000.0,1,K|K,1
Y,3,C,3,X,223,Y,114,R,6,K,54,S,5,K,26,X,1,K,1,R,1,S,1,C,1,Y,10,"L1:[sp=Y,3] C=3,X=223,Y=114,R=6,K=54,S=5 || L2:[sp=K,26] X=1,K=1,R=1,S=1,C=1,Y=10",-69981.0,-163323000.0,1,Y|K,1
K,3,Y,114,K,48,C,3,R,1,X,223,S,5,Y,26,X,1,S,1,R,1,K,1,C,3,Y,1,"L1:[sp=K,3] Y=114,K=48,C=3,R=1,X=223,S=5 || L2:[sp=Y,26] X=1,S=1,R=1,K=1,C=3,Y=1",-70589.0,-163323000.0,1,K|Y,1
C,3,K,11,Y,76,X,223,C,3,R,7,S,6,Y,76,Y,1,X,1,R,1,S,6,K,10,C,1,"L1:[sp=C,3] K=11,Y=76,X=223,C=3,R=7,S=6 || L2:[sp=Y,76] Y=1,X=1,R=1,S=6,K=10,C=1",-70597.0,-163323000.0,1,C|Y,1
K,3,C,1,X,223,Y,30,K,6,R,6,S,5,Y,26,X,1,K,1,R,1,S,1,C,1,Y,5,"L1:[sp=K,3] C=1,X=223,Y=30,K=6,R=6,S=5 || L2:[sp=Y,26] X=1,K=1,R=1,S=1,C=1,Y=5",-70753.0,-163323000.0,1,K|Y,1
K,3,K,11,Y,148,X,223,C,1,R,2,S,6,Y,26,X,1,K,5,R,1,S,5,Y,1,C,1,"L1:[sp=K,3] K=11,Y=148,X=223,C=1,R=2,S=6 || L2:[sp=Y,26] X=1,K=5,R=1,S=5,Y=1,C=1",-72814.0,-163323000.0,1,K|Y,1
X,3,X,223,K,21,R,6,Y,178,S,6,C,2,Y,76,R,2,S,6,K,10,X,1,Y,1,C,1,"L1:[sp=X,3] X=223,K=21,R=6,Y=178,S=6,C=2 || L2:[sp=Y,76] R=2,S=6,K=10,X=1,Y=1,C=1",-73793.0,-163324000.0,1,X|Y,1
Y,3,R,2,K,23,X,223,C,3,Y,76,S,3,K,76,S,1,X,1,R,2,K,1,C,1,Y,1,"L1:[sp=Y,3] R=2,K=23,X=223,C=3,Y=76,S=3 || L2:[sp=K,76] S=1,X=1,R=2,K=1,C=1,Y=1",-74161.0,-163323000.0,1,Y|K,1
Y,3,C,1,K,56,Y,114,S,6,X,223,R,2,K,114,C,1,S,1,R,2,X,1,K,1,Y,1,"L1:[sp=Y,3] C=1,K=56,Y=114,S=6,X=223,R=2 || L2:[sp=K,114] C=1,S=1,R=2,X=1,K=1,Y=1",-75025.0,-163323000.0,1,Y|K,1
K,3,Y,224,K,42,R,5,X,223,S,4,C,2,C,1,C,2,X,1,R,1,S,2,Y,9,K,1,"L1:[sp=K,3] Y=224,K=42,R=5,X=223,S=4,C=2 || L2:[sp=C,1] C=2,X=1,R=1,S=2,Y=9,K=1",-75273.0,-163323000.0,1,K|C,1
X,3,X,223,K,21,S,6,Y,178,R,3,C,2,Y,76,C,1,S,1,K,10,X,2,Y,1,R,2,"L1:[sp=X,3] X=223,K=21,S=6,Y=178,R=3,C=2 || L2:[sp=Y,76] C=1,S=1,K=10,X=2,Y=1,R=2",-75361.0,-163323000.0,1,X|Y,1
Y,3,Y,114,K,9,X,223,R,2,S,6,C,2,Y,26,X,1,K,1,Y,3,S,1,C,2,R,1,"L1:[sp=Y,3] Y=114,K=9,X=223,R=2,S=6,C=2 || L2:[sp=Y,26] X=1,K=1,Y=3,S=1,C=2,R=1",-75393.0,-163323000.0,1,Y|Y,1
Y,3,X,223,K,9,R,2,Y,148,S,6,C,2,Y,26,X,1,K,1,Y,1,S,1,C,2,R,1,"L1:[sp=Y,3] X=223,K=9,R=2,Y=148,S=6,C=2 || L2:[sp=Y,26] X=1,K=1,Y=1,S=1,C=2,R=1",-75393.0,-163323000.0,1,Y|Y,1
K,3,K,40,Y,203,X,223,C,2,R,6,S,5,Y,26,X,1,K,5,R,1,S,5,Y,1,C,1,"L1:[sp=K,3] K=40,Y=203,X=223,C=2,R=6,S=5 || L2:[sp=Y,26] X=1,K=5,R=1,S=5,Y=1,C=1",-75617.0,-163323000.0,1,K|Y,1
K,3,X,122,K,2,R,2,Y,224,S,4,C,2,K,3,C,1,S,1,X,2,Y,1,R,2,K,2,"L1:[sp=K,3] X=122,K=2,R=2,Y=224,S=4,C=2 || L2:[sp=K,3] C=1,S=1,X=2,Y=1,R=2,K=2",-76305.0,-163323000.0,1,K|K,1
K,3,X,148,K,2,R,2,C,2,S,4,Y,224,K,3,C,1,S,1,X,2,Y,1,R,2,K,2,"L1:[sp=K,3] X=148,K=2,R=2,C=2,S=4,Y=224 || L2:[sp=K,3] C=1,S=1,X=2,Y=1,R=2,K=2",-76305.0,-163323000.0,1,K|K,1
K,3,Y,224,C,2,R,2,X,118,S,4,K,2,K,3,C,1,Y,1,X,2,S,1,R,2,K,2,"L1:[sp=K,3] Y=224,C=2,R=2,X=118,S=4,K=2 || L2:[sp=K,3] C=1,Y=1,X=2,S=1,R=2,K=2",-76305.0,-163323000.0,1,K|K,1
K,3,K,11,Y,20,X,223,C,3,R,2,S,6,Y,76,K,7,X,1,R,2,S,2,C,1,Y,1,"L1:[sp=K,3] K=11,Y=20,X=223,C=3,R=2,S=6 || L2:[sp=Y,76] K=7,X=1,R=2,S=2,C=1,Y=1",-76321.0,-163323000.0,1,K|Y,1
C,3,C,2,K,11,X,223,Y,63,R,2,S,6,Y,26,X,1,K,8,R,1,S,1,Y,3,C,2,"L1:[sp=C,3] C=2,K=11,X=223,Y=63,R=2,S=6 || L2:[sp=Y,26] X=1,K=8,R=1,S=1,Y=3,C=2",-77809.0,-163323000.0,1,C|Y,1
K,3,K,48,X,223,S,5,R,1,Y,21,C,2,Y,76,C,1,R,1,X,1,K,9,S,1,Y,1,"L1:[sp=K,3] K=48,X=223,S=5,R=1,Y=21,C=2 || L2:[sp=Y,76] C=1,R=1,X=1,K=9,S=1,Y=1",-77925.0,-163323000.0,1,K|Y,1
K,3,K,42,S,6,R,7,C,2,Y,32,X,223,Y,32,S,1,X,1,R,5,K,6,C,1,Y,1,"L1:[sp=K,3] K=42,S=6,R=7,C=2,Y=32,X=223 || L2:[sp=Y,32] S=1,X=1,R=5,K=6,C=1,Y=1",-80291.0,-163323000.0,1,K|Y,1
X,3,K,11,Y,148,X,223,C,3,R,7,S,6,Y,26,Y,1,K,5,R,1,S,1,C,1,X,1,"L1:[sp=X,3] K=11,Y=148,X=223,C=3,R=7,S=6 || L2:[sp=Y,26] Y=1,K=5,R=1,S=1,C=1,X=1",-80728.0,-163323000.0,1,X|Y,1
X,3,K,11,Y,148,X,223,C,1,R,7,S,6,Y,26,Y,1,K,5,R,1,S,1,X,1,C,1,"L1:[sp=X,3] K=11,Y=148,X=223,C=1,R=7,S=6 || L2:[sp=Y,26] Y=1,K=5,R=1,S=1,X=1,C=1",-80776.0,-163323000.0,1,X|Y,1
X,3,C,3,Y,148,X,223,K,11,R,2,S,6,Y,26,X,1,K,5,R,1,S,1,C,1,Y,1,"L1:[sp=X,3] C=3,Y=148,X=223,K=11,R=2,S=6 || L2:[sp=Y,26] X=1,K=5,R=1,S=1,C=1,Y=1",-80800.0,-163323000.0,1,X|Y,1
X,3,K,6,R,3,X,223,C,3,Y,76,S,6,Y,76,K,1,X,1,R,1,S,6,C,1,Y,1,"L1:[sp=X,3] K=6,R=3,X=223,C=3,Y=76,S=6 || L2:[sp=Y,76] K=1,X=1,R=1,S=6,C=1,Y=1",-80839.0,-163323000.0,1,X|Y,1
Y,3,Y,114,K,23,X,223,R,2,S,6,C,2,Y,26,X,1,K,13,Y,3,S,1,C,2,R,1,"L1:[sp=Y,3] Y=114,K=23,X=223,R=2,S=6,C=2 || L2:[sp=Y,26] X=1,K=13,Y=3,S=1,C=2,R=1",-81193.0,-163323000.0,1,Y|Y,1
K,3,K,5,Y,205,C,3,X,223,R,4,S,6,Y,76,C,1,X,4,K,5,S,1,R,1,Y,1,"L1:[sp=K,3] K=5,Y=205,C=3,X=223,R=4,S=6 || L2:[sp=Y,76] C=1,X=4,K=5,S=1,R=1,Y=1",-82377.0,-163323000.0,1,K|Y,1
K,3,X,100,K,2,R,3,Y,224,S,3,C,2,K,3,C,1,S,3,X,2,Y,1,R,1,K,2,"L1:[sp=K,3] X=100,K=2,R=3,Y=224,S=3,C=2 || L2:[sp=K,3] C=1,S=3,X=2,Y=1,R=1,K=2",-83971.0,-163323000.0,1,K|K,1
K,3,K,11,Y,76,X,223,C,3,R,7,S,6,Y,76,K,10,X,1,R,1,S,5,C,1,Y,1,"L1:[sp=K,3] K=11,Y=76,X=223,C=3,R=7,S=6 || L2:[sp=Y,76] K=10,X=1,R=1,S=5,C=1,Y=1",-84544.0,-163323000.0,1,K|Y,1
K,3,S,6,K,14,X,223,C,3,R,2,Y,141,K,7,S,2,C,3,R,2,Y,1,X,1,K,1,"L1:[sp=K,3] S=6,K=14,X=223,C=3,R=2,Y=141 || L2:[sp=K,7] S=2,C=3,R=2,Y=1,X=1,K=1",-85649.0,-163323000.0,1,K|K,1
C,3,K,11,Y,148,X,223,C,3,R,7,S,6,Y,26,Y,1,K,4,R,1,S,1,X,1,C,1,"L1:[sp=C,3] K=11,Y=148,X=223,C=3,R=7,S=6 || L2:[sp=Y,26] Y=1,K=4,R=1,S=1,X=1,C=1",-87343.0,-163323000.0,1,C|Y,1
Y,3,K,11,S,6,R,5,C,2,Y,14,X,223,K,32,K,1,X,1,R,5,S,1,C,2,Y,1,"L1:[sp=Y,3] K=11,S=6,R=5,C=2,Y=14,X=223 || L2:[sp=K,32] K=1,X=1,R=5,S=1,C=2,Y=1",-87553.0,-163323000.0,1,Y|K,1
K,3,K,15,Y,76,C,1,X,223,R,7,S,6,Y,76,K,5,X,1,C,1,S,4,R,5,Y,1,"L1:[sp=K,3] K=15,Y=76,C=1,X=223,R=7,S=6 || L2:[sp=Y,76] K=5,X=1,C=1,S=4,R=5,Y=1",-88255.0,-163323000.0,1,K|Y,1
Y,3,C,2,S,5,Y,114,K,6,X,223,R,1,Y,26,C,2,K,1,R,1,S,5,X,1,Y,1,"L1:[sp=Y,3] C=2,S=5,Y=114,K=6,X=223,R=1 || L2:[sp=Y,26] C=2,K=1,R=1,S=5,X=1,Y=1",-89909.0,-163323000.0,1,Y|Y,1
X,3,C,1,Y,114,X,223,K,6,R,1,S,5,Y,26,X,1,K,5,R,1,S,1,C,1,Y,1,"L1:[sp=X,3] C=1,Y=114,X=223,K=6,R=1,S=5 || L2:[sp=Y,26] X=1,K=5,R=1,S=1,C=1,Y=1",-90595.0,-163323000.0,1,X|Y,1
K,3,K,21,X,223,Y,71,S,6,R,5,C,2,Y,76,C,1,X,1,R,2,Y,5,S,3,K,9,"L1:[sp=K,3] K=21,X=223,Y=71,S=6,R=5,C=2 || L2:[sp=Y,76] C=1,X=1,R=2,Y=5,S=3,K=9",-90785.0,-163324000.0,1,K|Y,1
K,3,C,1,X,223,Y,114,K,55,R,2,S,6,Y,26,X,1,K,1,R,2,S,1,C,1,Y,1,"L1:[sp=K,3] C=1,X=223,Y=114,K=55,R=2,S=6 || L2:[sp=Y,26] X=1,K=1,R=2,S=1,C=1,Y=1",-92449.0,-163323000.0,1,K|Y,1
K,3,S,3,R,5,C,2,X,223,Y,50,K,2,K,3,Y,1,R,5,X,1,S,1,C,1,K,2,"L1:[sp=K,3] S=3,R=5,C=2,X=223,Y=50,K=2 || L2:[sp=K,3] Y=1,R=5,X=1,S=1,C=1,K=2",-92461.0,-163323000.0,1,K|K,1
K,3,K,26,Y,76,X,223,C,3,R,6,S,6,Y,76,K,5,S,1,R,5,X,1,C,1,Y,1,"L1:[sp=K,3] K=26,Y=76,X=223,C=3,R=6,S=6 || L2:[sp=Y,76] K=5,S=1,R=5,X=1,C=1,Y=1",-92488.0,-163323000.0,1,K|Y,1
Y,3,K,6,Y,37,X,223,C,1,R,2,S,5,K,26,S,5,K,1,R,1,X,1,Y,1,C,1,"L1:[sp=Y,3] K=6,Y=37,X=223,C=1,R=2,S=5 || L2:[sp=K,26] S=5,K=1,R=1,X=1,Y=1,C=1",-92929.0,-163323000.0,1,Y|K,1
Y,3,K,44,Y,148,X,223,C,3,R,2,S,5,K,26,X,1,K,1,R,1,S,5,C,1,Y,1,"L1:[sp=Y,3] K=44,Y=148,X=223,C=3,R=2,S=5 || L2:[sp=K,26] X=1,K=1,R=1,S=5,C=1,Y=1",-93887.0,-163323000.0,1,Y|K,1
K,3,Y,205,X,223,S,5,K,32,C,3,R,5,Y,12,K,5,X,1,C,1,S,1,R,2,Y,1,"L1:[sp=K,3] Y=205,X=223,S=5,K=32,C=3,R=5 || L2:[sp=Y,12] K=5,X=1,C=1,S=1,R=2,Y=1",-94089.0,-163323000.0,1,K|Y,1
K,3,K,32,X,223,Y,142,C,1,S,6,R,7,Y,76,R,2,K,5,C,1,S,5,X,1,Y,1,"L1:[sp=K,3] K=32,X=223,Y=142,C=1,S=6,R=7 || L2:[sp=Y,76] R=2,K=5,C=1,S=5,X=1,Y=1",-94093.0,-163323000.0,1,K|Y,1
Y,3,C,1,X,223,Y,209,K,6,R,6,S,6,Y,26,X,1,K,1,R,1,S,2,C,1,Y,1,"L1:[sp=Y,3] C=1,X=223,Y=209,K=6,R=6,S=6 || L2:[sp=Y,26] X=1,K=1,R=1,S=2,C=1,Y=1",-96901.0,-163323000.0,1,Y|Y,1
K,3,C,3,K,6,Y,114,S,6,X,223,R,3,Y,114,C,1,S,4,R,1,X,1,K,1,Y,1,"L1:[sp=K,3] C=3,K=6,Y=114,S=6,X=223,R=3 || L2:[sp=Y,114] C=1,S=4,R=1,X=1,K=1,Y=1",-96901.0,-163323000.0,1,K|Y,1
K,3,K,55,Y,215,C,3,X,223,R,2,S,6,Y,26,X,1,K,5,R,1,S,1,Y,3,C,1,"L1:[sp=K,3] K=55,Y=215,C=3,X=223,R=2,S=6 || L2:[sp=Y,26] X=1,K=5,R=1,S=1,Y=3,C=1",-97037.0,-163323000.0,1,K|Y,1
K,3,K,15,X,223,R,6,Y,172,S,6,C,1,Y,76,K,11,X,1,C,1,R,1,S,5,Y,1,"L1:[sp=K,3] K=15,X=223,R=6,Y=172,S=6,C=1 || L2:[sp=Y,76] K=11,X=1,C=1,R=1,S=5,Y=1",-100033.0,-163323000.0,1,K|Y,1
K,3,C,1,Y,18,R,3,K,11,X,223,S,6,Y,76,K,1,X,1,R,1,S,6,Y,1,C,1,"L1:[sp=K,3] C=1,Y=18,R=3,K=11,X=223,S=6 || L2:[sp=Y,76] K=1,X=1,R=1,S=6,Y=1,C=1",-102259.0,-163323000.0,1,K|Y,1
C,3,X,223,K,30,R,5,Y,50,C,2,S,4,Y,26,X,1,K,14,Y,3,S,2,C,2,R,1,"L1:[sp=C,3] X=223,K=30,R=5,Y=50,C=2,S=4 || L2:[sp=Y,26] X=1,K=14,Y=3,S=2,C=2,R=1",-104221.0,-163323000.0,1,C|Y,1
K,3,C,2,R,1,Y,39,S,5,X,223,K,6,Y,114,C,2,K,5,R,1,S,5,X,1,Y,1,"L1:[sp=K,3] C=2,R=1,Y=39,S=5,X=223,K=6 || L2:[sp=Y,114] C=2,K=5,R=1,S=5,X=1,Y=1",-104329.0,-163323000.0,1,K|Y,1
K,3,X,223,K,21,S,3,Y,101,R,3,C,2,Y,7,R,1,S,1,K,10,Y,1,X,1,C,1,"L1:[sp=K,3] X=223,K=21,S=3,Y=101,R=3,C=2 || L2:[sp=Y,7] R=1,S=1,K=10,Y=1,X=1,C=1",-105013.0,-163323000.0,1,K|Y,1
Y,3,C,1,Y,114,X,223,K,11,R,6,S,6,K,26,X,1,K,1,R,1,S,1,Y,1,C,1,"L1:[sp=Y,3] C=1,Y=114,X=223,K=11,R=6,S=6 || L2:[sp=K,26] X=1,K=1,R=1,S=1,Y=1,C=1",-105031.0,-163323000.0,1,Y|K,1
K,3,K,36,Y,205,C,3,X,223,R,6,S,6,Y,76,C,1,S,5,K,5,X,1,R,1,Y,1,"L1:[sp=K,3] K=36,Y=205,C=3,X=223,R=6,S=6 || L2:[sp=Y,76] C=1,S=5,K=5,X=1,R=1,Y=1",-105849.0,-163323000.0,1,K|Y,1
K,3,S,3,R,2,X,223,C,3,K,35,Y,76,Y,26,S,2,K,1,R,2,Y,1,X,1,C,1,"L1:[sp=K,3] S=3,R=2,X=223,C=3,K=35,Y=76 || L2:[sp=Y,26] S=2,K=1,R=2,Y=1,X=1,C=1",-105877.0,-163323000.0,1,K|Y,1
X,3,K,21,X,223,S,5,Y,71,R,5,C,2,Y,76,S,3,X,1,R,2,K,8,C,2,Y,1,"L1:[sp=X,3] K=21,X=223,S=5,Y=71,R=5,C=2 || L2:[sp=Y,76] S=3,X=1,R=2,K=8,C=2,Y=1",-106753.0,-163323000.0,1,X|Y,1
X,3,K,11,Y,76,C,2,X,223,R,4,S,6,Y,76,K,8,C,1,R,3,S,1,Y,1,X,1,"L1:[sp=X,3] K=11,Y=76,C=2,X=223,R=4,S=6 || L2:[sp=Y,76] K=8,C=1,R=3,S=1,Y=1,X=1",-106867.0,-163323000.0,1,X|Y,1
Y,3,X,223,K,29,R,2,Y,148,S,5,C,2,Y,26,X,1,K,1,Y,1,S,5,C,2,R,1,"L1:[sp=Y,3] X=223,K=29,R=2,Y=148,S=5,C=2 || L2:[sp=Y,26] X=1,K=1,Y=1,S=5,C=2,R=1",-107569.0,-163323000.0,1,Y|Y,1
Y,3,Y,148,K,23,X,223,R,2,S,5,C,2,Y,26,X,1,K,1,Y,1,S,5,C,2,R,1,"L1:[sp=Y,3] Y=148,K=23,X=223,R=2,S=5,C=2 || L2:[sp=Y,26] X=1,K=1,Y=1,S=5,C=2,R=1",-107569.0,-163323000.0,1,Y|Y,1
C,3,X,223,K,54,S,6,Y,83,C,2,R,2,Y,26,X,1,S,2,Y,3,K,1,C,2,R,1,"L1:[sp=C,3] X=223,K=54,S=6,Y=83,C=2,R=2 || L2:[sp=Y,26] X=1,S=2,Y=3,K=1,C=2,R=1",-107569.0,-163323000.0,1,C|Y,1
Y,3,Y,114,K,9,X,223,R,2,S,5,C,2,Y,26,X,1,K,1,Y,3,S,5,C,2,R,1,"L1:[sp=Y,3] Y=114,K=9,X=223,R=2,S=5,C=2 || L2:[sp=Y,26] X=1,K=1,Y=3,S=5,C=2,R=1",-107649.0,-163323000.0,1,Y|Y,1
Y,3,S,6,K,14,X,223,C,3,R,7,Y,141,K,26,S,1,K,1,R,1,Y,1,X,1,C,1,"L1:[sp=Y,3] S=6,K=14,X=223,C=3,R=7,Y=141 || L2:[sp=K,26] S=1,K=1,R=1,Y=1,X=1,C=1",-108056.0,-163323000.0,1,Y|K,1
Y,3,Y,114,K,9,X,223,R,2,S,6,C,2,Y,26,X,1,K,1,Y,3,S,6,R,2,C,1,"L1:[sp=Y,3] Y=114,K=9,X=223,R=2,S=6,C=2 || L2:[sp=Y,26] X=1,K=1,Y=3,S=6,R=2,C=1",-110721.0,-163323000.0,1,Y|Y,1
K,3,K,21,X,223,R,5,Y,142,S,6,C,1,Y,76,K,9,X,1,C,1,S,1,R,2,Y,16,"L1:[sp=K,3] K=21,X=223,R=5,Y=142,S=6,C=1 || L2:[sp=Y,76] K=9,X=1,C=1,S=1,R=2,Y=16",-112945.0,-163323000.0,1,K|Y,1
K,3,C,1,S,6,Y,58,R,4,X,223,K,3,Y,26,X,1,S,1,R,4,K,1,C,1,Y,14,"L1:[sp=K,3] C=1,S=6,Y=58,R=4,X=223,K=3 || L2:[sp=Y,26] X=1,S=1,R=4,K=1,C=1,Y=14",-113089.0,-163323000.0,1,K|Y,1
K,3,S,6,K,14,X,223,C,3,R,7,Y,76,Y,26,S,5,K,1,R,2,Y,1,X,1,C,2,"L1:[sp=K,3] S=6,K=14,X=223,C=3,R=7,Y=76 || L2:[sp=Y,26] S=5,K=1,R=2,Y=1,X=1,C=2",-113197.0,-163323000.0,1,K|Y,1
Y,3,S,6,K,14,X,223,C,3,R,7,Y,148,K,26,S,1,K,1,R,1,Y,122,X,1,C,1,"L1:[sp=Y,3] S=6,K=14,X=223,C=3,R=7,Y=148 || L2:[sp=K,26] S=1,K=1,R=1,Y=122,X=1,C=1",-113201.0,-163324000.0,1,Y|K,1
K,3,K,11,C,3,S,6,Y,32,X,223,R,5,Y,23,K,8,X,1,R,1,S,5,C,1,Y,1,"L1:[sp=K,3] K=11,C=3,S=6,Y=32,X=223,R=5 || L2:[sp=Y,23] K=8,X=1,R=1,S=5,C=1,Y=1",-113219.0,-163323000.0,1,K|Y,1
K,3,K,11,Y,50,X,223,C,3,R,7,S,6,Y,76,K,1,X,1,R,7,S,1,C,1,Y,5,"L1:[sp=K,3] K=11,Y=50,X=223,C=3,R=7,S=6 || L2:[sp=Y,76] K=1,X=1,R=7,S=1,C=1,Y=5",-113956.0,-163323000.0,1,K|Y,1
Y,3,C,1,Y,109,R,2,K,26,X,223,S,6,K,76,R,2,X,1,K,2,Y,1,S,1,C,1,"L1:[sp=Y,3] C=1,Y=109,R=2,K=26,X=223,S=6 || L2:[sp=K,76] R=2,X=1,K=2,Y=1,S=1,C=1",-115057.0,-163323000.0,1,Y|K,1
K,3,K,11,C,3,S,3,Y,196,R,7,X,223,C,3,K,8,X,1,R,7,S,1,C,1,Y,1,"L1:[sp=K,3] K=11,C=3,S=3,Y=196,R=7,X=223 || L2:[sp=C,3] K=8,X=1,R=7,S=1,C=1,Y=1",-117509.0,-163323000.0,1,K|C,1
K,3,K,11,Y,148,X,223,C,1,R,2,S,3,Y,4,C,1,K,5,R,1,S,3,Y,1,X,1,"L1:[sp=K,3] K=11,Y=148,X=223,C=1,R=2,S=3 || L2:[sp=Y,4] C=1,K=5,R=1,S=3,Y=1,X=1",-118576.0,-163323000.0,1,K|Y,1
K,3,C,3,X,223,Y,161,R,6,K,10,S,5,Y,3,X,1,K,9,Y,10,S,1,C,1,R,1,"L1:[sp=K,3] C=3,X=223,Y=161,R=6,K=10,S=5 || L2:[sp=Y,3] X=1,K=9,Y=10,S=1,C=1,R=1",-120549.0,-163323000.0,1,K|Y,1
K,3,K,11,Y,76,X,223,C,3,R,7,S,5,C,3,K,10,X,1,R,5,S,1,C,1,Y,1,"L1:[sp=K,3] K=11,Y=76,X=223,C=3,R=7,S=5 || L2:[sp=C,3] K=10,X=1,R=5,S=1,C=1,Y=1",-120743.0,-163323000.0,1,K|C,1
X,3,R,4,S,6,K,11,C,2,Y,76,X,223,Y,76,K,10,X,1,R,3,S,1,C,2,Y,1,"L1:[sp=X,3] R=4,S=6,K=11,C=2,Y=76,X=223 || L2:[sp=Y,76] K=10,X=1,R=3,S=1,C=2,Y=1",-120881.0,-163323000.0,1,X|Y,1
K,3,S,4,R,3,C,2,X,29,Y,224,K,2,X,2,C,2,R,2,K,1,S,4,Y,1,X,1,"L1:[sp=K,3] S=4,R=3,C=2,X=29,Y=224,K=2 || L2:[sp=X,2] C=2,R=2,K=1,S=4,Y=1,X=1",-121057.0,-163323000.0,1,K|X,1
K,3,Y,63,R,5,C,2,X,223,S,3,K,2,K,3,Y,1,R,5,X,2,S,2,C,2,K,1,"L1:[sp=K,3] Y=63,R=5,C=2,X=223,S=3,K=2 || L2:[sp=K,3] Y=1,R=5,X=2,S=2,C=2,K=1",-123249.0,-163323000.0,1,K|K,1
K,3,Y,186,K,64,S,3,X,223,R,6,C,2,Y,76,C,1,R,3,K,9,X,2,Y,1,S,3,"L1:[sp=K,3] Y=186,K=64,S=3,X=223,R=6,C=2 || L2:[sp=Y,76] C=1,R=3,K=9,X=2,Y=1,S=3",-124441.0,-163324000.0,1,K|Y,1
Y,3,Y,114,K,9,X,223,R,2,S,6,C,2,Y,26,X,1,K,9,Y,3,S,3,C,2,R,2,"L1:[sp=Y,3] Y=114,K=9,X=223,R=2,S=6,C=2 || L2:[sp=Y,26] X=1,K=9,Y=3,S=3,C=2,R=2",-124545.0,-163324000.0,1,Y|Y,1
K,3,K,15,X,223,R,6,Y,76,S,6,C,3,Y,76,K,11,X,1,C,1,S,5,R,1,Y,1,"L1:[sp=K,3] K=15,X=223,R=6,Y=76,S=6,C=3 || L2:[sp=Y,76] K=11,X=1,C=1,S=5,R=1,Y=1",-124987.0,-163323000.0,1,K|Y,1
K,3,C,2,R,1,Y,114,S,5,X,223,K,6,K,3,C,2,K,1,R,1,S,5,X,1,Y,1,"L1:[sp=K,3] C=2,R=1,Y=114,S=5,X=223,K=6 || L2:[sp=K,3] C=2,K=1,R=1,S=5,X=1,Y=1",-125497.0,-163323000.0,1,K|K,1
K,3,K,21,X,223,S,6,Y,32,R,3,C,1,Y,8,Y,1,S,1,C,1,R,2,K,9,X,1,"L1:[sp=K,3] K=21,X=223,S=6,Y=32,R=3,C=1 || L2:[sp=Y,8] Y=1,S=1,C=1,R=2,K=9,X=1",-126694.0,-163323000.0,1,K|Y,1
K,3,X,223,K,54,S,6,Y,63,C,2,R,2,Y,26,X,1,S,1,Y,3,K,1,C,2,R,1,"L1:[sp=K,3] X=223,K=54,S=6,Y=63,C=2,R=2 || L2:[sp=Y,26] X=1,S=1,Y=3,K=1,C=2,R=1",-127073.0,-163323000.0,1,K|Y,1
K,3,C,2,S,6,Y,148,K,15,X,223,R,5,Y,114,R,1,K,6,Y,1,X,1,S,4,C,2,"L1:[sp=K,3] C=2,S=6,Y=148,K=15,X=223,R=5 || L2:[sp=Y,114] R=1,K=6,Y=1,X=1,S=4,C=2",-127089.0,-163323000.0,1,K|Y,1
K,3,Y,70,C,1,R,2,K,26,X,223,S,6,Y,70,R,2,X,1,K,2,S,5,Y,1,C,1,"L1:[sp=K,3] Y=70,C=1,R=2,K=26,X=223,S=6 || L2:[sp=Y,70] R=2,X=1,K=2,S=5,Y=1,C=1",-127873.0,-163323000.0,1,K|Y,1
K,3,C,1,Y,70,R,2,K,43,X,223,S,6,K,43,R,2,X,1,K,2,Y,1,C,1,S,6,"L1:[sp=K,3] C=1,Y=70,R=2,K=43,X=223,S=6 || L2:[sp=K,43] R=2,X=1,K=2,Y=1,C=1,S=6",-128545.0,-163323000.0,1,K|K,1
K,3,K,15,Y,9,C,2,X,223,R,7,S,6,Y,76,K,5,X,1,C,1,S,1,R,5,Y,1,"L1:[sp=K,3] K=15,Y=9,C=2,X=223,R=7,S=6 || L2:[sp=Y,76] K=5,X=1,C=1,S=1,R=5,Y=1",-128926.0,-163323000.0,1,K|Y,1
K,3,C,3,K,6,Y,114,S,5,X,223,R,6,Y,114,R,1,K,1,Y,2,X,1,S,4,C,1,"L1:[sp=K,3] C=3,K=6,Y=114,S=5,X=223,R=6 || L2:[sp=Y,114] R=1,K=1,Y=2,X=1,S=4,C=1",-129113.0,-163323000.0,1,K|Y,1
Y,3,Y,162,K,9,X,223,R,1,S,6,C,2,Y,26,X,1,K,1,Y,3,S,2,C,2,R,1,"L1:[sp=Y,3] Y=162,K=9,X=223,R=1,S=6,C=2 || L2:[sp=Y,26] X=1,K=1,Y=3,S=2,C=2,R=1",-129249.0,-163323000.0,1,Y|Y,1
K,3,K,11,R,7,X,223,C,3,Y,133,S,6,K,11,K,4,X,1,Y,1,S,1,C,1,R,6,"L1:[sp=K,3] K=11,R=7,X=223,C=3,Y=133,S=6 || L2:[sp=K,11] K=4,X=1,Y=1,S=1,C=1,R=6",-129365.0,-163323000.0,1,K|K,1
K,3,R,6,K,11,X,223,C,2,Y,11,S,5,Y,76,K,4,X,1,Y,1,S,1,C,2,R,1,"L1:[sp=K,3] R=6,K=11,X=223,C=2,Y=11,S=5 || L2:[sp=Y,76] K=4,X=1,Y=1,S=1,C=2,R=1",-129841.0,-163323000.0,1,K|Y,1
K,3,C,1,X,223,Y,41,K,57,R,1,S,5,Y,26,X,1,K,3,R,1,C,1,S,5,Y,1,"L1:[sp=K,3] C=1,X=223,Y=41,K=57,R=1,S=5 || L2:[sp=Y,26] X=1,K=3,R=1,C=1,S=5,Y=1",-131923.0,-163323000.0,1,K|Y,1
K,3,Y,224,K,21,C,3,X,223,R,3,S,4,Y,76,C,1,X,61,R,2,S,1,Y,1,K,1,"L1:[sp=K,3] Y=224,K=21,C=3,X=223,R=3,S=4 || L2:[sp=Y,76] C=1,X=61,R=2,S=1,Y=1,K=1",-132607.0,-163324000.0,1,K|Y,1
K,3,Y,71,R,5,X,223,S,3,K,3,C,2,K,3,C,1,S,1,X,2,Y,1,R,1,K,2,"L1:[sp=K,3] Y=71,R=5,X=223,S=3,K=3,C=2 || L2:[sp=K,3] C=1,S=1,X=2,Y=1,R=1,K=2",-138817.0,-163323000.0,1,K|K,1
C,3,K,9,Y,218,X,223,C,3,R,7,S,6,Y,76,K,8,X,1,R,1,S,5,C,1,Y,1,"L1:[sp=C,3] K=9,Y=218,X=223,C=3,R=7,S=6 || L2:[sp=Y,76] K=8,X=1,R=1,S=5,C=1,Y=1",-141137.0,-163323000.0,1,C|Y,1
K,3,C,3,X,223,Y,114,R,2,K,10,S,5,Y,26,Y,10,K,1,R,1,S,4,C,1,X,1,"L1:[sp=K,3] C=3,X=223,Y=114,R=2,K=10,S=5 || L2:[sp=Y,26] Y=10,K=1,R=1,S=4,C=1,X=1",-141153.0,-163323000.0,1,K|Y,1
Y,3,K,11,C,1,S,5,Y,161,R,7,X,223,K,23,K,1,X,1,R,7,Y,1,C,1,S,1,"L1:[sp=Y,3] K=11,C=1,S=5,Y=161,R=7,X=223 || L2:[sp=K,23] K=1,X=1,R=7,Y=1,C=1,S=1",-142039.0,-163323000.0,1,Y|K,1
Y,3,K,11,C,1,S,6,Y,161,R,7,X,223,K,23,K,1,X,1,R,5,Y,1,C,1,S,1,"L1:[sp=Y,3] K=11,C=1,S=6,Y=161,R=7,X=223 || L2:[sp=K,23] K=1,X=1,R=5,Y=1,C=1,S=1",-143803.0,-163323000.0,1,Y|K,1
Y,3,K,11,C,1,S,6,Y,161,X,223,R,7,K,23,K,1,X,1,R,5,Y,1,C,1,S,1,"L1:[sp=Y,3] K=11,C=1,S=6,Y=161,X=223,R=7 || L2:[sp=K,23] K=1,X=1,R=5,Y=1,C=1,S=1",-143803.0,-163323000.0,1,Y|K,1
Y,3,K,11,Y,161,S,6,C,1,X,223,R,7,K,23,C,1,X,1,R,5,Y,1,K,1,S,1,"L1:[sp=Y,3] K=11,Y=161,S=6,C=1,X=223,R=7 || L2:[sp=K,23] C=1,X=1,R=5,Y=1,K=1,S=1",-143803.0,-163323000.0,1,Y|K,1
Y,3,K,40,Y,14,C,2,X,223,R,5,S,6,Y,76,K,5,X,1,C,2,S,1,R,5,Y,1,"L1:[sp=Y,3] K=40,Y=14,C=2,X=223,R=5,S=6 || L2:[sp=Y,76] K=5,X=1,C=2,S=1,R=5,Y=1",-145729.0,-163323000.0,1,Y|Y,1
K,3,K,21,X,223,S,6,Y,7,R,5,C,1,Y,76,C,1,X,1,K,9,Y,1,S,3,R,2,"L1:[sp=K,3] K=21,X=223,S=6,Y=7,R=5,C=1 || L2:[sp=Y,76] C=1,X=1,K=9,Y=1,S=3,R=2",-145921.0,-163323000.0,1,K|Y,1
C,3,K,11,Y,148,X,223,C,3,R,7,S,6,Y,26,Y,1,K,4,R,1,S,6,X,1,C,1,"L1:[sp=C,3] K=11,Y=148,X=223,C=3,R=7,S=6 || L2:[sp=Y,26] Y=1,K=4,R=1,S=6,X=1,C=1",-149713.0,-163323000.0,1,C|Y,1
Y,3,K,11,Y,114,X,223,C,1,R,6,S,5,K,26,X,1,K,1,R,1,S,5,Y,1,C,1,"L1:[sp=Y,3] K=11,Y=114,X=223,C=1,R=6,S=5 || L2:[sp=K,26] X=1,K=1,R=1,S=5,Y=1,C=1",-150013.0,-163323000.0,1,Y|K,1
Y,3,X,223,R,2,K,19,Y,63,C,2,S,6,Y,26,X,1,K,12,Y,12,S,1,C,2,R,1,"L1:[sp=Y,3] X=223,R=2,K=19,Y=63,C=2,S=6 || L2:[sp=Y,26] X=1,K=12,Y=12,S=1,C=2,R=1",-150593.0,-163323000.0,1,Y|Y,1
K,3,C,1,X,223,Y,114,K,6,R,2,S,6,Y,26,X,1,K,1,R,1,S,1,C,1,Y,43,"L1:[sp=K,3] C=1,X=223,Y=114,K=6,R=2,S=6 || L2:[sp=Y,26] X=1,K=1,R=1,S=1,C=1,Y=43",-151801.0,-163323000.0,1,K|Y,1
C,3,K,11,Y,76,X,223,C,3,R,2,S,6,Y,76,Y,1,K,5,R,1,S,4,X,1,C,2,"L1:[sp=C,3] K=11,Y=76,X=223,C=3,R=2,S=6 || L2:[sp=Y,76] Y=1,K=5,R=1,S=4,X=1,C=2",-153865.0,-163323000.0,1,C|Y,1
X,3,C,1,K,3,Y,38,R,2,X,223,S,3,Y,26,X,1,Y,1,R,1,K,3,S,3,C,1,"L1:[sp=X,3] C=1,K=3,Y=38,R=2,X=223,S=3 || L2:[sp=Y,26] X=1,Y=1,R=1,K=3,S=3,C=1",-154441.0,-163323000.0,1,X|Y,1
K,3,S,6,R,2,X,223,C,1,K,14,Y,76,Y,26,S,1,K,5,R,2,Y,22,X,1,C,1,"L1:[sp=K,3] S=6,R=2,X=223,C=1,K=14,Y=76 || L2:[sp=Y,26] S=1,K=5,R=2,Y=22,X=1,C=1",-155305.0,-163323000.0,1,K|Y,1
K,3,K,15,Y,218,C,3,X,223,R,7,S,6,C,3,Y,1,X,1,C,1,S,1,R,5,K,5,"L1:[sp=K,3] K=15,Y=218,C=3,X=223,R=7,S=6 || L2:[sp=C,3] Y=1,X=1,C=1,S=1,R=5,K=5",-161703.0,-163323000.0,1,K|C,1
Y,3,K,32,X,223,Y,71,C,1,S,6,R,5,K,76,K,5,X,1,S,1,C,1,R,5,Y,1,"L1:[sp=Y,3] K=32,X=223,Y=71,C=1,S=6,R=5 || L2:[sp=K,76] K=5,X=1,S=1,C=1,R=5,Y=1",-163849.0,-163323000.0,1,Y|K,1
K,3,K,61,Y,71,S,5,X,223,R,5,C,2,Y,76,C,2,X,1,R,2,K,9,S,4,Y,1,"L1:[sp=K,3] K=61,Y=71,S=5,X=223,R=5,C=2 || L2:[sp=Y,76] C=2,X=1,R=2,K=9,S=4,Y=1",-164001.0,-163323000.0,1,K|Y,1
K,3,K,26,Y,76,X,223,C,1,R,7,S,6,K,13,K,5,X,1,R,5,S,1,C,1,Y,1,"L1:[sp=K,3] K=26,Y=76,X=223,C=1,R=7,S=6 || L2:[sp=K,13] K=5,X=1,R=5,S=1,C=1,Y=1",-164659.0,-163323000.0,1,K|K,1
K,3,K,26,Y,76,X,223,C,1,R,5,S,6,K,13,K,5,X,1,R,3,S,1,C,1,Y,1,"L1:[sp=K,3] K=26,Y=76,X=223,C=1,R=5,S=6 || L2:[sp=K,13] K=5,X=1,R=3,S=1,C=1,Y=1",-166147.0,-163323000.0,1,K|K,1
Y,3,C,1,X,223,Y,114,R,1,K,10,S,5,K,26,X,1,K,1,R,1,S,5,C,1,Y,1,"L1:[sp=Y,3] C=1,X=223,Y=114,R=1,K=10,S=5 || L2:[sp=K,26] X=1,K=1,R=1,S=5,C=1,Y=1",-167875.0,-163323000.0,1,Y|K,1
K,3,K,8,X,223,R,3,C,2,Y,56,S,6,K,8,Y,1,K,5,R,1,S,1,X,1,C,1,"L1:[sp=K,3] K=8,X=223,R=3,C=2,Y=56,S=6 || L2:[sp=K,8] Y=1,K=5,R=1,S=1,X=1,C=1",-169099.0,-163323000.0,1,K|K,1
K,3,K,8,X,223,R,3,C,1,Y,56,S,6,K,2,Y,1,K,5,R,1,S,1,X,1,C,1,"L1:[sp=K,3] K=8,X=223,R=3,C=1,Y=56,S=6 || L2:[sp=K,2] Y=1,K=5,R=1,S=1,X=1,C=1",-169123.0,-163323000.0,1,K|K,1
K,3,K,26,Y,148,X,223,R,2,S,6,C,3,Y,26,Y,1,K,1,R,1,S,5,X,1,C,1,"L1:[sp=K,3] K=26,Y=148,X=223,R=2,S=6,C=3 || L2:[sp=Y,26] Y=1,K=1,R=1,S=5,X=1,C=1",-172007.0,-163323000.0,1,K|Y,1
X,3,C,1,X,223,Y,114,K,6,R,6,S,5,Y,26,X,1,K,1,R,3,S,5,C,1,Y,1,"L1:[sp=X,3] C=1,X=223,Y=114,K=6,R=6,S=5 || L2:[sp=Y,26] X=1,K=1,R=3,S=5,C=1,Y=1",-173065.0,-163323000.0,1,X|Y,1
C,3,K,11,Y,76,X,223,C,1,R,3,S,3,Y,4,X,1,K,5,R,1,S,1,Y,1,C,1,"L1:[sp=C,3] K=11,Y=76,X=223,C=1,R=3,S=3 || L2:[sp=Y,4] X=1,K=5,R=1,S=1,Y=1,C=1",-173525.0,-163323000.0,1,C|Y,1
K,3,C,1,K,3,Y,114,R,1,X,223,S,5,Y,26,X,71,S,5,R,1,K,1,C,1,Y,1,"L1:[sp=K,3] C=1,K=3,Y=114,R=1,X=223,S=5 || L2:[sp=Y,26] X=71,S=5,R=1,K=1,C=1,Y=1",-176737.0,-163323000.0,1,K|Y,1
K,3,S,3,C,2,R,5,X,223,K,2,Y,143,K,3,C,2,Y,1,X,6,K,2,R,1,S,1,"L1:[sp=K,3] S=3,C=2,R=5,X=223,K=2,Y=143 || L2:[sp=K,3] C=2,Y=1,X=6,K=2,R=1,S=1",-178777.0,-163323000.0,1,K|K,1
K,3,S,3,C,2,R,5,X,223,Y,115,K,2,K,3,C,2,Y,1,X,6,K,2,R,1,S,1,"L1:[sp=K,3] S=3,C=2,R=5,X=223,Y=115,K=2 || L2:[sp=K,3] C=2,Y=1,X=6,K=2,R=1,S=1",-178777.0,-163323000.0,1,K|K,1
Y,3,K,9,R,2,X,223,C,3,Y,76,S,5,K,76,K,1,X,1,R,2,S,1,C,1,Y,15,"L1:[sp=Y,3] K=9,R=2,X=223,C=3,Y=76,S=5 || L2:[sp=K,76] K=1,X=1,R=2,S=1,C=1,Y=15",-184257.0,-163323000.0,1,Y|K,1
K,3,K,64,X,223,Y,142,C,1,S,6,R,5,Y,76,R,5,X,1,C,1,S,4,K,5,Y,1,"L1:[sp=K,3] K=64,X=223,Y=142,C=1,S=6,R=5 || L2:[sp=Y,76] R=5,X=1,C=1,S=4,K=5,Y=1",-184345.0,-163324000.0,1,K|Y,1
Y,3,C,1,Y,114,X,223,K,6,R,1,S,5,K,26,X,1,K,1,R,1,C,1,S,1,Y,1,"L1:[sp=Y,3] C=1,Y=114,X=223,K=6,R=1,S=5 || L2:[sp=K,26] X=1,K=1,R=1,C=1,S=1,Y=1",-184801.0,-163323000.0,1,Y|K,1
K,3,Y,185,K,2,R,5,X,223,S,3,C,2,K,3,C,1,Y,1,X,2,S,1,R,5,K,2,"L1:[sp=K,3] Y=185,K=2,R=5,X=223,S=3,C=2 || L2:[sp=K,3] C=1,Y=1,X=2,S=1,R=5,K=2",-184825.0,-163323000.0,1,K|K,1
Y,3,K,11,C,1,S,6,Y,161,X,223,R,7,K,23,K,1,X,1,R,5,Y,1,C,1,S,3,"L1:[sp=Y,3] K=11,C=1,S=6,Y=161,X=223,R=7 || L2:[sp=K,23] K=1,X=1,R=5,Y=1,C=1,S=3",-184879.0,-163323000.0,1,Y|K,1
Y,3,C,3,X,223,Y,114,K,6,R,2,S,3,K,26,X,1,K,1,R,1,S,1,C,1,Y,1,"L1:[sp=Y,3] C=3,X=223,Y=114,K=6,R=2,S=3 || L2:[sp=K,26] X=1,K=1,R=1,S=1,C=1,Y=1",-186088.0,-163323000.0,1,Y|K,1
K,3,R,2,X,223,K,8,C,1,Y,202,S,6,K,2,S,1,K,5,R,2,Y,1,X,1,C,1,"L1:[sp=K,3] R=2,X=223,K=8,C=1,Y=202,S=6 || L2:[sp=K,2] S=1,K=5,R=2,Y=1,X=1,C=1",-187369.0,-163323000.0,1,K|K,1
Y,3,X,223,K,19,S,6,Y,8,C,2,R,2,Y,26,X,1,K,1,Y,3,S,1,C,2,R,1,"L1:[sp=Y,3] X=223,K=19,S=6,Y=8,C=2,R=2 || L2:[sp=Y,26] X=1,K=1,Y=3,S=1,C=2,R=1",-188481.0,-163323000.0,1,Y|Y,1
Y,3,X,223,K,19,R,2,Y,10,C,2,S,6,Y,26,X,1,K,14,Y,3,S,2,C,2,R,2,"L1:[sp=Y,3] X=223,K=19,R=2,Y=10,C=2,S=6 || L2:[sp=Y,26] X=1,K=14,Y=3,S=2,C=2,R=2",-190721.0,-163323000.0,1,Y|Y,1
Y,3,K,9,R,2,X,223,C,3,Y,76,S,6,K,76,K,1,X,1,R,2,S,1,C,1,Y,1,"L1:[sp=Y,3] K=9,R=2,X=223,C=3,Y=76,S=6 || L2:[sp=K,76] K=1,X=1,R=2,S=1,C=1,Y=1",-197697.0,-163323000.0,1,Y|K,1
K,3,C,1,X,223,Y,36,K,6,R,1,S,5,X,8,X,1,K,1,R,1,S,1,C,1,Y,1,"L1:[sp=K,3] C=1,X=223,Y=36,K=6,R=1,S=5 || L2:[sp=X,8] X=1,K=1,R=1,S=1,C=1,Y=1",-197863.0,-163323000.0,1,K|X,1
K,3,C,1,X,223,Y,114,K,6,R,2,S,6,C,1,X,1,K,1,R,1,S,1,C,1,Y,1,"L1:[sp=K,3] C=1,X=223,Y=114,K=6,R=2,S=6 || L2:[sp=C,1] X=1,K=1,R=1,S=1,C=1,Y=1",-198499.0,-163323000.0,1,K|C,1
K,3,Y,114,K,6,X,223,R,4,C,3,S,6,X,1,X,1,K,3,R,1,S,1,Y,1,C,1,"L1:[sp=K,3] Y=114,K=6,X=223,R=4,C=3,S=6 || L2:[sp=X,1] X=1,K=3,R=1,S=1,Y=1,C=1",-200223.0,-163323000.0,1,K|X,1
Y,3,C,1,K,50,X,223,R,1,Y,114,S,5,K,26,X,1,S,3,R,1,K,3,C,1,Y,1,"L1:[sp=Y,3] C=1,K=50,X=223,R=1,Y=114,S=5 || L2:[sp=K,26] X=1,S=3,R=1,K=3,C=1,Y=1",-201181.0,-163323000.0,1,Y|K,1
K,3,C,1,K,3,Y,114,R,1,X,223,S,5,C,1,X,1,S,2,R,1,K,3,C,1,Y,6,"L1:[sp=K,3] C=1,K=3,Y=114,R=1,X=223,S=5 || L2:[sp=C,1] X=1,S=2,R=1,K=3,C=1,Y=6",-201181.0,-163323000.0,1,K|C,1
K,3,K,11,R,7,X,223,C,3,Y,133,S,3,Y,76,K,4,C,1,Y,21,S,1,X,1,R,3,"L1:[sp=K,3] K=11,R=7,X=223,C=3,Y=133,S=3 || L2:[sp=Y,76] K=4,C=1,Y=21,S=1,X=1,R=3",-203761.0,-163323000.0,1,K|Y,1
Y,3,K,9,R,2,X,223,C,3,Y,76,S,6,K,76,K,1,X,1,R,2,S,1,C,1,Y,66,"L1:[sp=Y,3] K=9,R=2,X=223,C=3,Y=76,S=6 || L2:[sp=K,76] K=1,X=1,R=2,S=1,C=1,Y=66",-204417.0,-163323000.0,1,Y|K,1
K,3,C,1,X,223,Y,23,R,6,K,10,S,3,Y,26,S,1,K,1,R,1,Y,10,C,1,X,1,"L1:[sp=K,3] C=1,X=223,Y=23,R=6,K=10,S=3 || L2:[sp=Y,26] S=1,K=1,R=1,Y=10,C=1,X=1",-206161.0,-163323000.0,1,K|Y,1
Y,3,X,223,K,21,S,3,Y,10,R,5,C,2,Y,76,C,1,S,1,K,10,X,2,Y,1,R,1,"L1:[sp=Y,3] X=223,K=21,S=3,Y=10,R=5,C=2 || L2:[sp=Y,76] C=1,S=1,K=10,X=2,Y=1,R=1",-207505.0,-163323000.0,1,Y|Y,1
Y,3,Y,114,X,223,C,1,K,6,R,2,S,5,K,26,Y,3,R,2,S,1,X,1,C,1,K,1,"L1:[sp=Y,3] Y=114,X=223,C=1,K=6,R=2,S=5 || L2:[sp=K,26] Y=3,R=2,S=1,X=1,C=1,K=1",-210937.0,-163323000.0,1,Y|K,1
K,3,Y,142,X,223,K,32,S,5,C,2,R,6,Y,76,K,5,X,1,C,1,S,1,R,2,Y,20,"L1:[sp=K,3] Y=142,X=223,K=32,S=5,C=2,R=6 || L2:[sp=Y,76] K=5,X=1,C=1,S=1,R=2,Y=20",-215057.0,-163323000.0,1,K|Y,1
Y,3,K,32,X,223,Y,76,C,3,S,6,R,1,K,76,K,5,X,1,C,1,S,1,R,1,Y,1,"L1:[sp=Y,3] K=32,X=223,Y=76,C=3,S=6,R=1 || L2:[sp=K,76] K=5,X=1,C=1,S=1,R=1,Y=1",-217617.0,-163323000.0,1,Y|K,1
Y,3,K,32,X,223,C,1,Y,76,S,3,R,1,K,76,K,5,X,1,C,1,S,1,R,1,Y,1,"L1:[sp=Y,3] K=32,X=223,C=1,Y=76,S=3,R=1 || L2:[sp=K,76] K=5,X=1,C=1,S=1,R=1,Y=1",-217813.0,-163323000.0,1,Y|K,1
Y,3,Y,114,K,9,X,223,R,2,C,2,S,5,K,26,X,1,K,1,Y,1,S,5,R,2,C,1,"L1:[sp=Y,3] Y=114,K=9,X=223,R=2,C=2,S=5 || L2:[sp=K,26] X=1,K=1,Y=1,S=5,R=2,C=1",-219009.0,-163323000.0,1,Y|K,1
K,3,R,6,K,2,Y,224,X,98,S,3,C,2,K,3,C,2,Y,1,X,2,S,2,R,5,K,1,"L1:[sp=K,3] R=6,K=2,Y=224,X=98,S=3,C=2 || L2:[sp=K,3] C=2,Y=1,X=2,S=2,R=5,K=1",-223477.0,-163323000.0,1,K|K,1
K,3,Y,179,X,223,K,6,C,1,R,2,S,6,X,2,Y,3,R,2,S,1,X,1,C,1,K,1,"L1:[sp=K,3] Y=179,X=223,K=6,C=1,R=2,S=6 || L2:[sp=X,2] Y=3,R=2,S=1,X=1,C=1,K=1",-224833.0,-163323000.0,1,K|X,1
C,3,K,11,Y,137,X,223,C,3,R,7,S,6,Y,76,Y,1,X,5,R,1,S,6,K,10,C,1,"L1:[sp=C,3] K=11,Y=137,X=223,C=3,R=7,S=6 || L2:[sp=Y,76] Y=1,X=5,R=1,S=6,K=10,C=1",-225817.0,-163323000.0,1,C|Y,1
Y,3,Y,43,K,19,X,223,R,1,S,6,C,2,Y,26,Y,18,K,1,X,1,S,1,C,2,R,1,"L1:[sp=Y,3] Y=43,K=19,X=223,R=1,S=6,C=2 || L2:[sp=Y,26] Y=18,K=1,X=1,S=1,C=2,R=1",-225905.0,-163323000.0,1,Y|Y,1
X,3,C,1,X,223,Y,114,K,6,R,6,S,5,Y,26,X,1,K,1,R,1,S,3,C,1,Y,6,"L1:[sp=X,3] C=1,X=223,Y=114,K=6,R=6,S=5 || L2:[sp=Y,26] X=1,K=1,R=1,S=3,C=1,Y=6",-226057.0,-163323000.0,1,X|Y,1
K,3,C,1,X,223,Y,36,R,1,K,2,S,6,X,14,C,1,K,1,R,1,S,2,X,1,Y,1,"L1:[sp=K,3] C=1,X=223,Y=36,R=1,K=2,S=6 || L2:[sp=X,14] C=1,K=1,R=1,S=2,X=1,Y=1",-226675.0,-163323000.0,1,K|X,1
K,3,K,26,Y,76,X,223,C,1,R,5,S,6,K,13,K,5,X,1,R,5,S,1,C,1,Y,1,"L1:[sp=K,3] K=26,Y=76,X=223,C=1,R=5,S=6 || L2:[sp=K,13] K=5,X=1,R=5,S=1,C=1,Y=1",-231037.0,-163323000.0,1,K|K,1
K,3,K,23,Y,114,X,223,C,2,R,2,S,6,Y,26,X,1,K,5,R,2,S,1,Y,30,C,1,"L1:[sp=K,3] K=23,Y=114,X=223,C=2,R=2,S=6 || L2:[sp=Y,26] X=1,K=5,R=2,S=1,Y=30,C=1",-231873.0,-163323000.0,1,K|Y,1
K,3,K,59,Y,148,X,221,C,3,R,7,S,6,Y,26,S,1,K,1,R,1,Y,1,X,1,C,3,"L1:[sp=K,3] K=59,Y=148,X=221,C=3,R=7,S=6 || L2:[sp=Y,26] S=1,K=1,R=1,Y=1,X=1,C=3",-234176.0,-163323000.0,1,K|Y,1
K,3,S,5,R,5,C,2,X,223,Y,8,K,2,C,3,C,2,R,5,X,2,S,1,Y,1,K,1,"L1:[sp=K,3] S=5,R=5,C=2,X=223,Y=8,K=2 || L2:[sp=C,3] C=2,R=5,X=2,S=1,Y=1,K=1",-246625.0,-163323000.0,1,K|C,1
K,3,C,1,X,223,Y,114,K,6,R,2,S,6,Y,26,X,35,K,1,R,1,S,1,C,1,Y,1,"L1:[sp=K,3] C=1,X=223,Y=114,K=6,R=2,S=6 || L2:[sp=Y,26] X=35,K=1,R=1,S=1,C=1,Y=1",-247057.0,-163323000.0,1,K|Y,1
K,3,K,14,Y,148,X,223,R,7,C,3,S,6,Y,26,S,1,Y,61,R,2,K,1,X,1,C,1,"L1:[sp=K,3] K=14,Y=148,X=223,R=7,C=3,S=6 || L2:[sp=Y,26] S=1,Y=61,R=2,K=1,X=1,C=1",-251081.0,-163323000.0,1,K|Y,1
X,3,C,2,X,223,Y,114,K,6,R,1,S,5,Y,26,X,1,K,4,R,1,C,2,S,2,Y,1,"L1:[sp=X,3] C=2,X=223,Y=114,K=6,R=1,S=5 || L2:[sp=Y,26] X=1,K=4,R=1,C=2,S=2,Y=1",-251497.0,-163323000.0,1,X|Y,1
Y,3,C,2,K,3,Y,58,X,223,R,4,S,3,K,26,X,1,S,3,R,1,K,1,C,1,Y,1,"L1:[sp=Y,3] C=2,K=3,Y=58,X=223,R=4,S=3 || L2:[sp=K,26] X=1,S=3,R=1,K=1,C=1,Y=1",-253903.0,-163323000.0,1,Y|K,1
K,3,K,32,X,223,C,1,Y,76,S,6,R,1,Y,76,Y,18,X,1,C,1,S,1,R,1,K,5,"L1:[sp=K,3] K=32,X=223,C=1,Y=76,S=6,R=1 || L2:[sp=Y,76] Y=18,X=1,C=1,S=1,R=1,K=5",-254143.0,-163323000.0,1,K|Y,1
Y,3,K,11,S,6,R,5,C,2,Y,14,X,223,K,32,C,2,X,1,R,5,S,1,K,3,Y,1,"L1:[sp=Y,3] K=11,S=6,R=5,C=2,Y=14,X=223 || L2:[sp=K,32] C=2,X=1,R=5,S=1,K=3,Y=1",-262273.0,-163323000.0,1,Y|K,1
Y,3,C,1,X,223,Y,114,K,6,R,1,S,5,K,26,X,1,K,1,R,1,S,5,C,1,Y,1,"L1:[sp=Y,3] C=1,X=223,Y=114,K=6,R=1,S=5 || L2:[sp=K,26] X=1,K=1,R=1,S=5,C=1,Y=1",-263803.0,-163323000.0,1,Y|K,1
Y,3,C,1,X,223,Y,114,K,6,R,2,S,5,K,26,X,1,K,1,R,1,S,5,C,1,Y,1,"L1:[sp=Y,3] C=1,X=223,Y=114,K=6,R=2,S=5 || L2:[sp=K,26] X=1,K=1,R=1,S=5,C=1,Y=1",-265915.0,-163323000.0,1,Y|K,1
K,3,C,1,K,10,Y,36,R,1,X,223,S,5,Y,26,C,1,K,1,X,1,S,5,R,1,Y,13,"L1:[sp=K,3] C=1,K=10,Y=36,R=1,X=223,S=5 || L2:[sp=Y,26] C=1,K=1,X=1,S=5,R=1,Y=13",-268129.0,-163323000.0,1,K|Y,1
K,3,K,11,R,7,X,222,C,3,Y,133,S,6,K,11,K,4,X,1,Y,1,S,1,C,1,R,2,"L1:[sp=K,3] K=11,R=7,X=222,C=3,Y=133,S=6 || L2:[sp=K,11] K=4,X=1,Y=1,S=1,C=1,R=2",-268133.0,-163323000.0,1,K|K,1
K,3,C,1,X,223,Y,91,K,6,R,2,S,3,Y,26,X,14,K,1,R,1,S,3,Y,1,C,1,"L1:[sp=K,3] C=1,X=223,Y=91,K=6,R=2,S=3 || L2:[sp=Y,26] X=14,K=1,R=1,S=3,Y=1,C=1",-272377.0,-163323000.0,1,K|Y,1
Y,3,Y,148,K,9,X,223,R,2,S,6,C,2,Y,26,X,1,K,1,Y,29,S,1,R,1,C,1,"L1:[sp=Y,3] Y=148,K=9,X=223,R=2,S=6,C=2 || L2:[sp=Y,26] X=1,K=1,Y=29,S=1,R=1,C=1",-272961.0,-163323000.0,1,Y|Y,1
K,3,K,9,R,6,X,223,C,3,Y,27,S,6,K,9,K,5,X,1,R,6,S,1,C,1,Y,1,"L1:[sp=K,3] K=9,R=6,X=223,C=3,Y=27,S=6 || L2:[sp=K,9] K=5,X=1,R=6,S=1,C=1,Y=1",-275977.0,-163323000.0,1,K|K,1
K,3,K,11,Y,76,X,223,C,3,R,2,S,6,Y,76,K,8,X,1,R,2,S,1,C,1,Y,17,"L1:[sp=K,3] K=11,Y=76,X=223,C=3,R=2,S=6 || L2:[sp=Y,76] K=8,X=1,R=2,S=1,C=1,Y=17",-282817.0,-163323000.0,1,K|Y,1
Y,3,C,2,Y,76,R,7,K,11,X,223,S,6,K,76,K,1,X,1,Y,1,S,6,R,7,C,2,"L1:[sp=Y,3] C=2,Y=76,R=7,K=11,X=223,S=6 || L2:[sp=K,76] K=1,X=1,Y=1,S=6,R=7,C=2",-286321.0,-163323000.0,1,Y|K,1
K,3,C,1,X,223,Y,148,K,6,R,5,S,5,C,1,X,1,K,1,R,1,C,1,S,5,Y,1,"L1:[sp=K,3] C=1,X=223,Y=148,K=6,R=5,S=5 || L2:[sp=C,1] X=1,K=1,R=1,C=1,S=5,Y=1",-287305.0,-163323000.0,1,K|C,1
Y,3,K,21,X,223,R,1,Y,71,S,6,C,1,Y,76,K,9,X,19,C,1,S,1,R,1,Y,1,"L1:[sp=Y,3] K=21,X=223,R=1,Y=71,S=6,C=1 || L2:[sp=Y,76] K=9,X=19,C=1,S=1,R=1,Y=1",-291397.0,-163323000.0,1,Y|Y,1
K,3,C,1,Y,76,K,27,X,223,R,6,S,6,Y,76,K,5,X,1,C,1,S,1,R,1,Y,18,"L1:[sp=K,3] C=1,Y=76,K=27,X=223,R=6,S=6 || L2:[sp=Y,76] K=5,X=1,C=1,S=1,R=1,Y=18",-293779.0,-163323000.0,1,K|Y,1
K,3,S,6,K,14,X,223,C,1,R,3,Y,76,Y,26,S,1,K,1,R,1,Y,48,X,1,C,1,"L1:[sp=K,3] S=6,K=14,X=223,C=1,R=3,Y=76 || L2:[sp=Y,26] S=1,K=1,R=1,Y=48,X=1,C=1",-296407.0,-163323000.0,1,K|Y,1
K,3,K,21,X,223,R,1,Y,142,S,6,C,2,K,3,K,9,X,1,C,1,S,1,R,1,Y,1,"L1:[sp=K,3] K=21,X=223,R=1,Y=142,S=6,C=2 || L2:[sp=K,3] K=9,X=1,C=1,S=1,R=1,Y=1",-296409.0,-163323000.0,1,K|K,1
C,3,K,11,Y,148,X,223,C,3,R,7,S,6,Y,26,Y,1,K,4,R,1,S,4,X,1,C,1,"L1:[sp=C,3] K=11,Y=148,X=223,C=3,R=7,S=6 || L2:[sp=Y,26] Y=1,K=4,R=1,S=4,X=1,C=1",-299401.0,-163323000.0,1,C|Y,1
K,3,K,30,Y,10,X,223,C,3,R,2,S,6,Y,26,Y,3,K,5,R,1,S,1,X,1,C,1,"L1:[sp=K,3] K=30,Y=10,X=223,C=3,R=2,S=6 || L2:[sp=Y,26] Y=3,K=5,R=1,S=1,X=1,C=1",-304475.0,-163323000.0,1,K|Y,1
K,3,K,52,C,3,X,223,R,2,Y,133,S,6,Y,76,K,1,X,107,Y,1,S,1,C,1,R,1,"L1:[sp=K,3] K=52,C=3,X=223,R=2,Y=133,S=6 || L2:[sp=Y,76] K=1,X=107,Y=1,S=1,C=1,R=1",-305777.0,-163324000.0,1,K|Y,1
Y,3,K,6,R,2,X,223,C,3,Y,76,S,6,K,76,K,1,X,1,R,2,S,2,C,1,Y,1,"L1:[sp=Y,3] K=6,R=2,X=223,C=3,Y=76,S=6 || L2:[sp=K,76] K=1,X=1,R=2,S=2,C=1,Y=1",-310641.0,-163323000.0,1,Y|K,1
K,3,K,8,Y,76,R,7,C,1,X,223,S,6,C,1,Y,1,K,5,R,1,S,2,X,1,C,1,"L1:[sp=K,3] K=8,Y=76,R=7,C=1,X=223,S=6 || L2:[sp=C,1] Y=1,K=5,R=1,S=2,X=1,C=1",-317203.0,-163323000.0,1,K|C,1
K,3,K,22,X,223,R,5,C,1,S,3,Y,71,Y,76,X,1,K,5,C,1,Y,13,R,2,S,1,"L1:[sp=K,3] K=22,X=223,R=5,C=1,S=3,Y=71 || L2:[sp=Y,76] X=1,K=5,C=1,Y=13,R=2,S=1",-321193.0,-163323000.0,1,K|Y,1
K,3,C,1,X,223,Y,217,R,2,K,10,S,3,X,2,X,1,K,1,R,1,S,1,Y,1,C,1,"L1:[sp=K,3] C=1,X=223,Y=217,R=2,K=10,S=3 || L2:[sp=X,2] X=1,K=1,R=1,S=1,Y=1,C=1",-330823.0,-163323000.0,1,K|X,1
Y,3,X,223,K,9,R,2,Y,148,S,5,C,2,K,26,X,1,K,1,Y,1,S,5,C,2,R,1,"L1:[sp=Y,3] X=223,K=9,R=2,Y=148,S=5,C=2 || L2:[sp=K,26] X=1,K=1,Y=1,S=5,C=2,R=1",-333889.0,-163323000.0,1,Y|K,1
K,3,K,11,Y,148,X,223,C,3,R,6,S,5,K,11,X,1,K,5,R,1,S,2,Y,1,C,1,"L1:[sp=K,3] K=11,Y=148,X=223,C=3,R=6,S=5 || L2:[sp=K,11] X=1,K=5,R=1,S=2,Y=1,C=1",-336639.0,-163323000.0,1,K|K,1
K,3,K,9,Y,76,C,3,X,223,R,4,S,6,C,1,K,8,X,1,R,2,S,1,C,3,Y,1,"L1:[sp=K,3] K=9,Y=76,C=3,X=223,R=4,S=6 || L2:[sp=C,1] K=8,X=1,R=2,S=1,C=3,Y=1",-343237.0,-163323000.0,1,K|C,1
Y,3,X,223,K,30,R,5,Y,29,C,1,S,6,C,2,X,1,K,14,Y,3,S,2,C,1,R,1,"L1:[sp=Y,3] X=223,K=30,R=5,Y=29,C=1,S=6 || L2:[sp=C,2] X=1,K=14,Y=3,S=2,C=1,R=1",-343765.0,-163323000.0,1,Y|C,1
K,3,K,11,Y,148,X,223,C,3,R,2,S,6,Y,26,X,25,K,5,R,1,S,1,Y,1,C,1,"L1:[sp=K,3] K=11,Y=148,X=223,C=3,R=2,S=6 || L2:[sp=Y,26] X=25,K=5,R=1,S=1,Y=1,C=1",-349289.0,-163323000.0,1,K|Y,1
Y,3,K,58,X,223,R,6,Y,71,S,6,C,2,K,76,K,9,X,1,C,1,S,1,R,6,Y,1,"L1:[sp=Y,3] K=58,X=223,R=6,Y=71,S=6,C=2 || L2:[sp=K,76] K=9,X=1,C=1,S=1,R=6,Y=1",-349305.0,-163323000.0,1,Y|K,1
K,3,K,11,C,3,S,5,Y,161,R,7,X,223,Y,1,K,1,X,1,R,7,Y,1,C,2,S,1,"L1:[sp=K,3] K=11,C=3,S=5,Y=161,R=7,X=223 || L2:[sp=Y,1] K=1,X=1,R=7,Y=1,C=2,S=1",-352511.0,-163323000.0,1,K|Y,1
K,3,K,11,Y,76,X,223,C,3,R,7,S,6,X,3,K,10,X,1,R,7,S,1,C,1,Y,1,"L1:[sp=K,3] K=11,Y=76,X=223,C=3,R=7,S=6 || L2:[sp=X,3] K=10,X=1,R=7,S=1,C=1,Y=1",-352513.0,-163323000.0,1,K|X,1
K,3,K,11,C,3,S,6,Y,76,R,7,X,223,C,1,K,5,X,1,R,7,Y,1,C,1,S,1,"L1:[sp=K,3] K=11,C=3,S=6,Y=76,R=7,X=223 || L2:[sp=C,1] K=5,X=1,R=7,Y=1,C=1,S=1",-352513.0,-163323000.0,1,K|C,1
Y,3,K,6,Y,148,X,223,C,1,R,6,S,5,K,26,X,1,K,1,R,1,S,5,Y,1,C,1,"L1:[sp=Y,3] K=6,Y=148,X=223,C=1,R=6,S=5 || L2:[sp=K,26] X=1,K=1,R=1,S=5,Y=1,C=1",-353563.0,-163323000.0,1,Y|K,1
K,3,C,1,Y,18,R,7,K,11,X,223,S,6,Y,76,K,1,X,1,R,2,S,1,Y,6,C,1,"L1:[sp=K,3] C=1,Y=18,R=7,K=11,X=223,S=6 || L2:[sp=Y,76] K=1,X=1,R=2,S=1,Y=6,C=1",-355681.0,-163323000.0,1,K|Y,1
K,3,R,7,K,11,X,223,C,3,Y,165,S,3,X,12,K,4,X,1,Y,1,S,1,C,1,R,5,"L1:[sp=K,3] R=7,K=11,X=223,C=3,Y=165,S=3 || L2:[sp=X,12] K=4,X=1,Y=1,S=1,C=1,R=5",-358981.0,-163323000.0,1,K|X,1
K,3,K,11,Y,76,C,3,X,223,R,7,S,6,C,1,K,5,X,1,R,5,S,1,C,1,Y,1,"L1:[sp=K,3] K=11,Y=76,C=3,X=223,R=7,S=6 || L2:[sp=C,1] K=5,X=1,R=5,S=1,C=1,Y=1",-362215.0,-163323000.0,1,K|C,1
K,3,C,1,R,3,Y,222,K,11,X,223,S,6,K,1,K,3,X,1,R,1,S,1,Y,1,C,1,"L1:[sp=K,3] C=1,R=3,Y=222,K=11,X=223,S=6 || L2:[sp=K,1] K=3,X=1,R=1,S=1,Y=1,C=1",-362227.0,-163323000.0,1,K|K,1
C,3,K,21,R,1,X,223,Y,142,S,6,C,1,Y,2,K,9,X,1,C,1,R,1,S,1,Y,1,"L1:[sp=C,3] K=21,R=1,X=223,Y=142,S=6,C=1 || L2:[sp=Y,2] K=9,X=1,C=1,R=1,S=1,Y=1",-362321.0,-163323000.0,1,C|Y,1
K,3,S,6,R,2,C,2,X,223,K,14,Y,76,Y,26,S,2,K,1,R,2,Y,45,X,1,C,1,"L1:[sp=K,3] S=6,R=2,C=2,X=223,K=14,Y=76 || L2:[sp=Y,26] S=2,K=1,R=2,Y=45,X=1,C=1",-362929.0,-163323000.0,1,K|Y,1
C,3,C,1,X,223,Y,36,R,1,K,10,S,5,Y,26,X,43,K,1,R,1,S,1,C,1,Y,1,"L1:[sp=C,3] C=1,X=223,Y=36,R=1,K=10,S=5 || L2:[sp=Y,26] X=43,K=1,R=1,S=1,C=1,Y=1",-367599.0,-163323000.0,1,C|Y,1
Y,3,X,223,K,19,R,2,Y,3,C,2,S,6,Y,26,X,1,K,12,Y,3,S,1,C,1,R,1,"L1:[sp=Y,3] X=223,K=19,R=2,Y=3,C=2,S=6 || L2:[sp=Y,26] X=1,K=12,Y=3,S=1,C=1,R=1",-367745.0,-163323000.0,1,Y|Y,1
Y,3,R,7,S,5,Y,114,K,6,X,223,C,2,K,26,K,1,C,2,R,1,X,1,Y,1,S,5,"L1:[sp=Y,3] R=7,S=5,Y=114,K=6,X=223,C=2 || L2:[sp=K,26] K=1,C=2,R=1,X=1,Y=1,S=5",-369645.0,-163323000.0,1,Y|K,1
K,3,C,1,X,223,Y,114,K,6,R,7,S,5,Y,26,X,29,K,1,R,1,S,1,C,1,Y,1,"L1:[sp=K,3] C=1,X=223,Y=114,K=6,R=7,S=5 || L2:[sp=Y,26] X=29,K=1,R=1,S=1,C=1,Y=1",-370465.0,-163323000.0,1,K|Y,1
Y,3,K,27,Y,76,X,223,R,2,C,1,S,6,K,76,K,5,X,1,R,2,S,1,Y,1,C,1,"L1:[sp=Y,3] K=27,Y=76,X=223,R=2,C=1,S=6 || L2:[sp=K,76] K=5,X=1,R=2,S=1,Y=1,C=1",-370585.0,-163323000.0,1,Y|K,1
K,3,K,11,Y,32,X,223,C,3,R,2,S,5,K,1,K,1,X,1,R,1,S,1,C,1,Y,1,"L1:[sp=K,3] K=11,Y=32,X=223,C=3,R=2,S=5 || L2:[sp=K,1] K=1,X=1,R=1,S=1,C=1,Y=1",-371967.0,-163323000.0,1,K|K,1
Y,3,Y,71,X,223,S,6,K,40,R,3,C,2,K,76,S,3,X,1,R,2,K,9,C,2,Y,1,"L1:[sp=Y,3] Y=71,X=223,S=6,K=40,R=3,C=2 || L2:[sp=K,76] S=3,X=1,R=2,K=9,C=2,Y=1",-372001.0,-163323000.0,1,Y|K,1
Y,3,C,1,X,223,Y,114,K,6,R,2,S,6,K,26,X,37,K,1,R,1,S,1,C,1,Y,1,"L1:[sp=Y,3] C=1,X=223,Y=114,K=6,R=2,S=6 || L2:[sp=K,26] X=37,K=1,R=1,S=1,C=1,Y=1",-372175.0,-163323000.0,1,Y|K,1
K,3,K,11,S,6,R,7,C,2,Y,32,X,223,C,1,K,10,X,1,R,5,S,1,C,1,Y,1,"L1:[sp=K,3] K=11,S=6,R=7,C=2,Y=32,X=223 || L2:[sp=C,1] K=10,X=1,R=5,S=1,C=1,Y=1",-375173.0,-163323000.0,1,K|C,1
K,3,K,11,Y,76,S,6,C,3,R,7,X,223,X,24,Y,1,X,1,R,1,S,1,K,10,C,3,"L1:[sp=K,3] K=11,Y=76,S=6,C=3,R=7,X=223 || L2:[sp=X,24] Y=1,X=1,R=1,S=1,K=10,C=3",-381619.0,-163323000.0,1,K|X,1
Y,3,C,2,Y,28,R,2,K,26,X,223,S,6,K,76,K,2,X,1,R,2,S,4,Y,1,C,1,"L1:[sp=Y,3] C=2,Y=28,R=2,K=26,X=223,S=6 || L2:[sp=K,76] K=2,X=1,R=2,S=4,Y=1,C=1",-383809.0,-163323000.0,1,Y|K,1
K,3,K,36,Y,205,C,3,X,223,R,7,S,6,C,3,C,1,K,17,X,1,S,1,R,6,Y,1,"L1:[sp=K,3] K=36,Y=205,C=3,X=223,R=7,S=6 || L2:[sp=C,3] C=1,K=17,X=1,S=1,R=6,Y=1",-388085.0,-163324000.0,1,K|C,1
X,164,R,5,Y,222,S,1,K,48,C,3,X,189,K,11,Y,1,S,1,C,1,X,1,R,1,K,1,"L1:[sp=X,164] R=5,Y=222,S=1,K=48,C=3,X=189 || L2:[sp=K,11] Y=1,S=1,C=1,X=1,R=1,K=1",-388991.0,-163323000.0,1,X|K,1
X,164,R,5,Y,222,S,1,K,48,C,3,X,189,K,11,Y,1,S,1,C,1,X,1,R,3,K,1,"L1:[sp=X,164] R=5,Y=222,S=1,K=48,C=3,X=189 || L2:[sp=K,11] Y=1,S=1,C=1,X=1,R=3,K=1",-388991.0,-163323000.0,1,X|K,1
X,164,R,5,Y,222,S,1,K,48,C,2,X,189,K,11,Y,1,S,1,C,1,X,1,R,3,K,1,"L1:[sp=X,164] R=5,Y=222,S=1,K=48,C=2,X=189 || L2:[sp=K,11] Y=1,S=1,C=1,X=1,R=3,K=1",-389019.0,-163323000.0,1,X|K,1
K,3,C,1,X,223,Y,114,K,6,R,1,S,5,X,21,S,1,K,1,R,1,X,1,C,1,Y,1,"L1:[sp=K,3] C=1,X=223,Y=114,K=6,R=1,S=5 || L2:[sp=X,21] S=1,K=1,R=1,X=1,C=1,Y=1",-395305.0,-163323000.0,1,K|X,1
K,3,K,6,Y,148,X,223,C,2,R,2,S,6,X,24,X,1,K,5,R,1,S,1,Y,1,C,1,"L1:[sp=K,3] K=6,Y=148,X=223,C=2,R=2,S=6 || L2:[sp=X,24] X=1,K=5,R=1,S=1,Y=1,C=1",-396965.0,-163323000.0,1,K|X,1
K,3,K,36,Y,205,C,3,X,223,R,5,S,6,C,3,C,1,X,1,K,5,S,1,R,2,Y,1,"L1:[sp=K,3] K=36,Y=205,C=3,X=223,R=5,S=6 || L2:[sp=C,3] C=1,X=1,K=5,S=1,R=2,Y=1",-398673.0,-163323000.0,1,K|C,1
K,3,K,6,X,223,C,1,Y,148,R,5,S,5,X,3,Y,1,X,1,S,2,R,1,C,1,K,1,"L1:[sp=K,3] K=6,X=223,C=1,Y=148,R=5,S=5 || L2:[sp=X,3] Y=1,X=1,S=2,R=1,C=1,K=1",-402217.0,-163323000.0,1,K|X,1
Y,3,C,3,X,223,Y,114,R,1,K,10,S,5,K,26,X,1,S,4,R,1,K,1,C,1,Y,1,"L1:[sp=Y,3] C=3,X=223,Y=114,R=1,K=10,S=5 || L2:[sp=K,26] X=1,S=4,R=1,K=1,C=1,Y=1",-402291.0,-163323000.0,1,Y|K,1
K,3,K,11,Y,76,X,223,C,3,R,2,S,6,C,1,K,3,X,1,R,2,S,1,C,1,Y,1,"L1:[sp=K,3] K=11,Y=76,X=223,C=3,R=2,S=6 || L2:[sp=C,1] K=3,X=1,R=2,S=1,C=1,Y=1",-412129.0,-163323000.0,1,K|C,1
K,3,K,11,Y,76,X,223,C,3,R,2,S,6,Y,1,K,10,X,1,R,2,S,1,C,1,Y,1,"L1:[sp=K,3] K=11,Y=76,X=223,C=3,R=2,S=6 || L2:[sp=Y,1] K=10,X=1,R=2,S=1,C=1,Y=1",-412129.0,-163323000.0,1,K|Y,1
K,3,K,11,Y,70,X,223,C,3,R,2,S,6,C,1,K,10,X,1,R,2,S,1,C,3,Y,1,"L1:[sp=K,3] K=11,Y=70,X=223,C=3,R=2,S=6 || L2:[sp=C,1] K=10,X=1,R=2,S=1,C=3,Y=1",-412137.0,-163323000.0,1,K|C,1
K,3,C,1,Y,222,R,2,K,11,X,223,S,6,C,1,K,2,X,1,R,2,S,1,Y,1,C,1,"L1:[sp=K,3] C=1,Y=222,R=2,K=11,X=223,S=6 || L2:[sp=C,1] K=2,X=1,R=2,S=1,Y=1,C=1",-412153.0,-163323000.0,1,K|C,1
K,3,K,21,X,223,R,5,Y,142,S,6,C,3,K,3,K,9,X,1,C,1,S,1,R,5,Y,1,"L1:[sp=K,3] K=21,X=223,R=5,Y=142,S=6,C=3 || L2:[sp=K,3] K=9,X=1,C=1,S=1,R=5,Y=1",-415809.0,-163323000.0,1,K|K,1
K,3,S,6,K,55,X,223,C,3,R,2,Y,76,Y,26,S,5,K,1,R,2,Y,1,X,1,C,2,"L1:[sp=K,3] S=6,K=55,X=223,C=3,R=2,Y=76 || L2:[sp=Y,26] S=5,K=1,R=2,Y=1,X=1,C=2",-415825.0,-163323000.0,1,K|Y,1
K,3,Y,224,K,21,C,2,X,223,S,3,R,5,Y,76,C,1,X,120,R,1,S,3,Y,1,K,1,"L1:[sp=K,3] Y=224,K=21,C=2,X=223,S=3,R=5 || L2:[sp=Y,76] C=1,X=120,R=1,S=3,Y=1,K=1",-424141.0,-163323000.0,1,K|Y,1
Y,3,K,26,Y,43,R,7,X,223,C,1,S,5,X,42,R,7,Y,1,K,5,S,1,C,1,X,1,"L1:[sp=Y,3] K=26,Y=43,R=7,X=223,C=1,S=5 || L2:[sp=X,42] R=7,Y=1,K=5,S=1,C=1,X=1",-426043.0,-163323000.0,1,Y|X,1
K,3,K,26,Y,76,X,223,R,7,C,1,S,6,Y,2,K,9,X,1,R,5,S,1,C,1,Y,1,"L1:[sp=K,3] K=26,Y=76,X=223,R=7,C=1,S=6 || L2:[sp=Y,2] K=9,X=1,R=5,S=1,C=1,Y=1",-428083.0,-163323000.0,1,K|Y,1
K,3,Y,76,K,11,X,223,C,3,R,2,S,6,K,11,Y,1,X,1,R,2,S,2,K,10,C,1,"L1:[sp=K,3] Y=76,K=11,X=223,C=3,R=2,S=6 || L2:[sp=K,11] Y=1,X=1,R=2,S=2,K=10,C=1",-428185.0,-163323000.0,1,K|K,1
Y,3,K,11,Y,70,S,5,X,223,R,6,C,3,K,76,R,2,X,1,K,5,S,1,C,2,Y,1,"L1:[sp=Y,3] K=11,Y=70,S=5,X=223,R=6,C=3 || L2:[sp=K,76] R=2,X=1,K=5,S=1,C=2,Y=1",-438529.0,-163323000.0,1,Y|K,1
K,3,K,6,Y,148,X,223,C,2,R,5,S,5,Y,26,X,20,K,1,R,1,S,5,Y,1,C,1,"L1:[sp=K,3] K=6,Y=148,X=223,C=2,R=5,S=5 || L2:[sp=Y,26] X=20,K=1,R=1,S=5,Y=1,C=1",-453633.0,-163323000.0,1,K|Y,1
Y,3,K,21,X,223,S,5,Y,71,R,5,C,2,K,76,C,1,X,1,R,2,K,9,S,1,Y,4,"L1:[sp=Y,3] K=21,X=223,S=5,Y=71,R=5,C=2 || L2:[sp=K,76] C=1,X=1,R=2,K=9,S=1,Y=4",-455177.0,-163323000.0,1,Y|K,1
K,3,S,5,X,223,C,2,K,6,R,2,Y,114,Y,26,Y,1,X,26,C,2,R,2,S,5,K,1,"L1:[sp=K,3] S=5,X=223,C=2,K=6,R=2,Y=114 || L2:[sp=Y,26] Y=1,X=26,C=2,R=2,S=5,K=1",-460865.0,-163323000.0,1,K|Y,1
C,3,K,26,Y,76,X,223,C,2,R,5,S,6,K,13,K,5,X,1,R,5,S,1,C,1,Y,1,"L1:[sp=C,3] K=26,Y=76,X=223,C=2,R=5,S=6 || L2:[sp=K,13] K=5,X=1,R=5,S=1,C=1,Y=1",-462037.0,-163323000.0,1,C|K,1
K,3,K,11,S,6,R,5,C,2,Y,32,X,223,K,11,K,10,X,1,R,5,S,1,C,1,Y,1,"L1:[sp=K,3] K=11,S=6,R=5,C=2,Y=32,X=223 || L2:[sp=K,11] K=10,X=1,R=5,S=1,C=1,Y=1",-462057.0,-163323000.0,1,K|K,1
X,3,K,11,Y,148,X,223,S,6,R,2,C,3,Y,26,X,1,K,5,R,1,S,1,Y,26,C,1,"L1:[sp=X,3] K=11,Y=148,X=223,S=6,R=2,C=3 || L2:[sp=Y,26] X=1,K=5,R=1,S=1,Y=26,C=1",-466381.0,-163323000.0,1,X|Y,1
K,3,K,11,Y,148,X,223,C,3,R,2,S,3,C,1,X,1,K,5,R,1,S,3,Y,1,C,1,"L1:[sp=K,3] K=11,Y=148,X=223,C=3,R=2,S=3 || L2:[sp=C,1] X=1,K=5,R=1,S=3,Y=1,C=1",-467800.0,-163323000.0,1,K|C,1
Y,3,K,11,Y,76,C,3,X,223,R,7,S,5,C,76,K,8,X,1,R,4,S,1,C,1,Y,1,"L1:[sp=Y,3] K=11,Y=76,C=3,X=223,R=7,S=5 || L2:[sp=C,76] K=8,X=1,R=4,S=1,C=1,Y=1",-478657.0,-163323000.0,1,Y|C,1
Y,3,K,11,R,1,X,223,C,3,Y,76,S,5,C,76,S,1,X,1,Y,1,R,1,C,1,K,4,"L1:[sp=Y,3] K=11,R=1,X=223,C=3,Y=76,S=5 || L2:[sp=C,76] S=1,X=1,Y=1,R=1,C=1,K=4",-478801.0,-163323000.0,1,Y|C,1
K,3,S,6,K,14,X,223,R,7,C,3,Y,76,Y,1,C,2,K,1,R,2,Y,1,X,1,S,1,"L1:[sp=K,3] S=6,K=14,X=223,R=7,C=3,Y=76 || L2:[sp=Y,1] C=2,K=1,R=2,Y=1,X=1,S=1",-479521.0,-163323000.0,1,K|Y,1
Y,3,Y,45,K,11,X,223,C,3,R,2,S,6,K,1,Y,3,K,10,R,2,S,2,X,1,C,1,"L1:[sp=Y,3] Y=45,K=11,X=223,C=3,R=2,S=6 || L2:[sp=K,1] Y=3,K=10,R=2,S=2,X=1,C=1",-483889.0,-163323000.0,1,Y|K,1
Y,3,K,22,X,223,R,5,C,1,S,6,Y,3,K,76,X,1,K,5,C,1,S,1,R,2,Y,1,"L1:[sp=Y,3] K=22,X=223,R=5,C=1,S=6,Y=3 || L2:[sp=K,76] X=1,K=5,C=1,S=1,R=2,Y=1",-486433.0,-163323000.0,1,Y|K,1
Y,3,R,7,K,11,X,223,C,3,Y,133,S,3,K,76,K,4,X,1,Y,1,C,1,S,1,R,2,"L1:[sp=Y,3] R=7,K=11,X=223,C=3,Y=133,S=3 || L2:[sp=K,76] K=4,X=1,Y=1,C=1,S=1,R=2",-486883.0,-163323000.0,1,Y|K,1
Y,3,Y,114,K,9,R,2,X,223,S,5,C,2,Y,26,X,4,K,2,Y,3,S,5,C,2,R,2,"L1:[sp=Y,3] Y=114,K=9,R=2,X=223,S=5,C=2 || L2:[sp=Y,26] X=4,K=2,Y=3,S=5,C=2,R=2",-491649.0,-163323000.0,1,Y|Y,1
K,3,K,35,X,223,R,5,C,1,S,5,Y,71,Y,76,X,1,K,5,C,1,S,1,R,2,Y,24,"L1:[sp=K,3] K=35,X=223,R=5,C=1,S=5,Y=71 || L2:[sp=Y,76] X=1,K=5,C=1,S=1,R=2,Y=24",-493969.0,-163323000.0,1,K|Y,1
K,3,K,15,X,223,C,1,Y,76,S,6,R,1,C,1,K,5,X,1,C,1,S,1,R,1,Y,1,"L1:[sp=K,3] K=15,X=223,C=1,Y=76,S=6,R=1 || L2:[sp=C,1] K=5,X=1,C=1,S=1,R=1,Y=1",-494047.0,-163323000.0,1,K|C,1
K,3,S,6,Y,148,X,223,C,1,R,2,K,11,Y,26,S,1,K,5,R,1,X,38,Y,1,C,1,"L1:[sp=K,3] S=6,Y=148,X=223,C=1,R=2,K=11 || L2:[sp=Y,26] S=1,K=5,R=1,X=38,Y=1,C=1",-494851.0,-163324000.0,1,K|Y,1
C,3,Y,5,X,223,S,6,K,21,R,3,C,2,Y,76,S,6,X,1,R,2,K,9,C,1,Y,1,"L1:[sp=C,3] Y=5,X=223,S=6,K=21,R=3,C=2 || L2:[sp=Y,76] S=6,X=1,R=2,K=9,C=1,Y=1",-500041.0,-163323000.0,1,C|Y,1
Y,3,K,21,X,223,S,5,Y,71,R,1,C,2,C,76,S,1,X,1,R,1,K,2,C,1,Y,1,"L1:[sp=Y,3] K=21,X=223,S=5,Y=71,R=1,C=2 || L2:[sp=C,76] S=1,X=1,R=1,K=2,C=1,Y=1",-514529.0,-163323000.0,1,Y|C,1
X,3,Y,70,C,1,R,2,K,26,X,223,S,6,Y,14,R,2,X,1,K,2,S,6,Y,4,C,1,"L1:[sp=X,3] Y=70,C=1,R=2,K=26,X=223,S=6 || L2:[sp=Y,14] R=2,X=1,K=2,S=6,Y=4,C=1",-516385.0,-163323000.0,1,X|Y,1
Y,3,C,2,K,6,Y,114,S,5,X,223,R,1,K,114,C,1,S,5,R,1,Y,1,X,1,K,1,"L1:[sp=Y,3] C=2,K=6,Y=114,S=5,X=223,R=1 || L2:[sp=K,114] C=1,S=5,R=1,Y=1,X=1,K=1",-518057.0,-163323000.0,1,Y|K,1
Y,3,C,1,K,6,Y,114,S,5,X,223,R,1,K,114,C,1,K,1,R,1,S,5,X,1,Y,1,"L1:[sp=Y,3] C=1,K=6,Y=114,S=5,X=223,R=1 || L2:[sp=K,114] C=1,K=1,R=1,S=5,X=1,Y=1",-518365.0,-163323000.0,1,Y|K,1
Y,3,C,2,K,6,Y,148,S,5,X,223,R,6,K,114,R,1,K,1,Y,1,X,1,S,5,C,1,"L1:[sp=Y,3] C=2,K=6,Y=148,S=5,X=223,R=6 || L2:[sp=K,114] R=1,K=1,Y=1,X=1,S=5,C=1",-529167.0,-163323000.0,1,Y|K,1
Y,3,K,15,Y,32,C,1,X,223,R,2,S,6,K,76,K,5,X,1,C,1,S,1,R,2,Y,1,"L1:[sp=Y,3] K=15,Y=32,C=1,X=223,R=2,S=6 || L2:[sp=K,76] K=5,X=1,C=1,S=1,R=2,Y=1",-533881.0,-163323000.0,1,Y|K,1
Y,3,Y,43,K,29,R,2,X,223,S,6,C,2,Y,1,X,1,K,24,Y,2,S,1,C,2,R,1,"L1:[sp=Y,3] Y=43,K=29,R=2,X=223,S=6,C=2 || L2:[sp=Y,1] X=1,K=24,Y=2,S=1,C=2,R=1",-543361.0,-163323000.0,1,Y|Y,1
Y,3,K,15,X,223,C,1,Y,76,S,6,R,1,K,76,K,5,X,1,C,1,S,1,R,1,Y,1,"L1:[sp=Y,3] K=15,X=223,C=1,Y=76,S=6,R=1 || L2:[sp=K,76] K=5,X=1,C=1,S=1,R=1,Y=1",-544321.0,-163323000.0,1,Y|K,1
Y,3,S,6,K,14,X,223,C,3,R,2,Y,76,Y,26,S,1,K,1,R,1,Y,58,X,1,C,2,"L1:[sp=Y,3] S=6,K=14,X=223,C=3,R=2,Y=76 || L2:[sp=Y,26] S=1,K=1,R=1,Y=58,X=1,C=2",-545705.0,-163323000.0,1,Y|Y,1
K,3,K,11,C,3,S,6,Y,105,R,6,X,223,K,11,K,10,X,1,R,6,S,1,C,1,Y,1,"L1:[sp=K,3] K=11,C=3,S=6,Y=105,R=6,X=223 || L2:[sp=K,11] K=10,X=1,R=6,S=1,C=1,Y=1",-551893.0,-163323000.0,1,K|K,1
K,3,Y,37,K,59,X,223,C,2,R,1,S,6,Y,26,X,1,K,5,R,1,S,5,Y,1,C,1,"L1:[sp=K,3] Y=37,K=59,X=223,C=2,R=1,S=6 || L2:[sp=Y,26] X=1,K=5,R=1,S=5,Y=1,C=1",-563942.0,-163323000.0,1,K|Y,1
Y,3,K,21,X,223,S,6,Y,71,R,5,C,2,K,76,C,1,X,1,R,2,K,9,S,3,Y,1,"L1:[sp=Y,3] K=21,X=223,S=6,Y=71,R=5,C=2 || L2:[sp=K,76] C=1,X=1,R=2,K=9,S=3,Y=1",-571601.0,-163323000.0,1,Y|K,1
K,3,C,1,S,5,Y,1,X,223,K,6,R,1,Y,26,X,1,K,1,R,1,S,5,C,1,Y,1,"L1:[sp=K,3] C=1,S=5,Y=1,X=223,K=6,R=1 || L2:[sp=Y,26] X=1,K=1,R=1,S=5,C=1,Y=1",-583297.0,-163323000.0,1,K|Y,1
K,3,K,15,X,223,R,7,Y,76,S,6,C,1,C,1,K,9,X,1,C,1,S,2,R,1,Y,1,"L1:[sp=K,3] K=15,X=223,R=7,Y=76,S=6,C=1 || L2:[sp=C,1] K=9,X=1,C=1,S=2,R=1,Y=1",-594739.0,-163323000.0,1,K|C,1
Y,3,X,223,K,19,R,2,Y,63,C,3,S,6,K,1,X,1,K,1,Y,3,S,1,C,2,R,1,"L1:[sp=Y,3] X=223,K=19,R=2,Y=63,C=3,S=6 || L2:[sp=K,1] X=1,K=1,Y=3,S=1,C=2,R=1",-602145.0,-163323000.0,1,Y|K,1
Y,3,K,21,X,223,S,3,Y,71,R,6,C,2,K,76,S,1,X,1,R,1,K,9,C,2,Y,1,"L1:[sp=Y,3] K=21,X=223,S=3,Y=71,R=6,C=2 || L2:[sp=K,76] S=1,X=1,R=1,K=9,C=2,Y=1",-613969.0,-163323000.0,1,Y|K,1
K,3,K,11,Y,76,X,223,C,2,R,3,S,6,X,24,K,10,X,1,R,2,S,6,Y,1,C,1,"L1:[sp=K,3] K=11,Y=76,X=223,C=2,R=3,S=6 || L2:[sp=X,24] K=10,X=1,R=2,S=6,Y=1,C=1",-623737.0,-163324000.0,1,K|X,1
Y,3,K,11,Y,76,X,223,C,3,R,7,S,6,K,1,K,10,X,1,R,7,S,1,C,1,Y,1,"L1:[sp=Y,3] K=11,Y=76,X=223,C=3,R=7,S=6 || L2:[sp=K,1] K=10,X=1,R=7,S=1,C=1,Y=1",-625645.0,-163323000.0,1,Y|K,1
Y,3,K,15,Y,76,C,1,X,223,R,4,S,6,K,76,K,5,X,1,C,1,S,1,R,2,Y,1,"L1:[sp=Y,3] K=15,Y=76,C=1,X=223,R=4,S=6 || L2:[sp=K,76] K=5,X=1,C=1,S=1,R=2,Y=1",-625921.0,-163323000.0,1,Y|K,1
K,3,C,2,Y,70,R,2,K,26,X,223,S,6,Y,76,K,2,X,1,R,2,S,1,Y,25,C,1,"L1:[sp=K,3] C=2,Y=70,R=2,K=26,X=223,S=6 || L2:[sp=Y,76] K=2,X=1,R=2,S=1,Y=25,C=1",-638529.0,-163323000.0,1,K|Y,1
K,3,K,15,Y,32,C,2,X,223,R,2,S,6,Y,76,K,5,X,1,C,1,S,1,R,2,Y,16,"L1:[sp=K,3] K=15,Y=32,C=2,X=223,R=2,S=6 || L2:[sp=Y,76] K=5,X=1,C=1,S=1,R=2,Y=16",-658897.0,-163323000.0,1,K|Y,1
Y,3,K,15,Y,181,C,3,X,223,R,7,S,6,K,76,K,5,X,1,C,1,S,1,R,5,Y,1,"L1:[sp=Y,3] K=15,Y=181,C=3,X=223,R=7,S=6 || L2:[sp=K,76] K=5,X=1,C=1,S=1,R=5,Y=1",-672536.0,-163323000.0,1,Y|K,1
K,3,R,2,K,9,X,223,C,3,Y,76,S,3,K,1,K,9,X,1,R,2,S,2,C,1,Y,1,"L1:[sp=K,3] R=2,K=9,X=223,C=3,Y=76,S=3 || L2:[sp=K,1] K=9,X=1,R=2,S=2,C=1,Y=1",-674389.0,-163323000.0,1,K|K,1
K,3,C,1,X,223,Y,114,K,47,S,6,R,4,Y,26,X,107,K,1,R,1,S,1,C,1,Y,1,"L1:[sp=K,3] C=1,X=223,Y=114,K=47,S=6,R=4 || L2:[sp=Y,26] X=107,K=1,R=1,S=1,C=1,Y=1",-690925.0,-163324000.0,1,K|Y,1
K,3,K,21,X,223,S,6,Y,32,R,3,C,1,X,42,R,2,S,1,C,1,Y,1,K,9,X,1,"L1:[sp=K,3] K=21,X=223,S=6,Y=32,R=3,C=1 || L2:[sp=X,42] R=2,S=1,C=1,Y=1,K=9,X=1",-707050.0,-163323000.0,1,K|X,1
K,3,S,5,X,223,K,21,Y,101,R,5,C,1,X,1,C,1,X,1,R,2,K,9,S,1,Y,7,"L1:[sp=K,3] S=5,X=223,K=21,Y=101,R=5,C=1 || L2:[sp=X,1] C=1,X=1,R=2,K=9,S=1,Y=7",-713134.0,-163323000.0,1,K|X,1
Y,3,K,11,S,6,X,223,C,2,Y,32,R,7,C,76,K,10,X,1,R,5,S,1,C,1,Y,1,"L1:[sp=Y,3] K=11,S=6,X=223,C=2,Y=32,R=7 || L2:[sp=C,76] K=10,X=1,R=5,S=1,C=1,Y=1",-713537.0,-163323000.0,1,Y|C,1
K,3,K,21,R,5,S,5,Y,71,X,223,C,2,K,1,C,1,X,1,R,2,K,9,S,1,Y,1,"L1:[sp=K,3] K=21,R=5,S=5,Y=71,X=223,C=2 || L2:[sp=K,1] C=1,X=1,R=2,K=9,S=1,Y=1",-716217.0,-163323000.0,1,K|K,1
K,3,S,6,X,223,K,21,Y,101,R,3,C,1,X,1,C,1,X,1,R,1,K,9,S,1,Y,7,"L1:[sp=K,3] S=6,X=223,K=21,Y=101,R=3,C=1 || L2:[sp=X,1] C=1,X=1,R=1,K=9,S=1,Y=7",-716239.0,-163323000.0,1,K|X,1
K,3,C,1,X,223,Y,51,K,6,R,1,S,5,X,56,X,1,K,1,R,1,S,1,C,1,Y,6,"L1:[sp=K,3] C=1,X=223,Y=51,K=6,R=1,S=5 || L2:[sp=X,56] X=1,K=1,R=1,S=1,C=1,Y=6",-728491.0,-163323000.0,1,K|X,1
Y,3,K,7,Y,76,X,223,S,6,R,2,C,1,K,26,Y,1,K,5,R,2,S,2,X,1,C,1,"L1:[sp=Y,3] K=7,Y=76,X=223,S=6,R=2,C=1 || L2:[sp=K,26] Y=1,K=5,R=2,S=2,X=1,C=1",-729841.0,-163323000.0,1,Y|K,1
C,3,C,1,K,57,Y,114,R,1,X,223,S,5,K,1,X,1,S,1,R,1,K,3,C,1,Y,6,"L1:[sp=C,3] C=1,K=57,Y=114,R=1,X=223,S=5 || L2:[sp=K,1] X=1,S=1,R=1,K=3,C=1,Y=6",-737409.0,-163323000.0,1,C|K,1
K,3,K,17,Y,148,X,223,C,3,R,7,S,6,C,3,S,3,K,1,R,1,Y,1,X,1,C,3,"L1:[sp=K,3] K=17,Y=148,X=223,C=3,R=7,S=6 || L2:[sp=C,3] S=3,K=1,R=1,Y=1,X=1,C=3",-738995.0,-163323000.0,1,K|C,1
X,3,K,61,R,6,X,223,C,3,Y,76,S,6,C,12,K,19,X,1,Y,1,S,1,C,1,R,1,"L1:[sp=X,3] K=61,R=6,X=223,C=3,Y=76,S=6 || L2:[sp=C,12] K=19,X=1,Y=1,S=1,C=1,R=1",-745315.0,-163323000.0,1,X|C,1
K,3,K,22,X,223,R,5,C,1,S,3,Y,71,Y,1,X,1,K,5,C,1,Y,1,R,2,S,1,"L1:[sp=K,3] K=22,X=223,R=5,C=1,S=3,Y=71 || L2:[sp=Y,1] X=1,K=5,C=1,Y=1,R=2,S=1",-750361.0,-163323000.0,1,K|Y,1
X,3,Y,71,K,21,S,3,C,2,R,5,X,223,Y,76,S,1,X,2,R,1,C,1,Y,10,K,1,"L1:[sp=X,3] Y=71,K=21,S=3,C=2,R=5,X=223 || L2:[sp=Y,76] S=1,X=2,R=1,C=1,Y=10,K=1",-752833.0,-163323000.0,1,X|Y,1
K,3,K,13,Y,211,R,7,C,3,X,223,S,6,C,1,X,1,K,5,R,1,S,6,Y,1,C,1,"L1:[sp=K,3] K=13,Y=211,R=7,C=3,X=223,S=6 || L2:[sp=C,1] X=1,K=5,R=1,S=6,Y=1,C=1",-753485.0,-163323000.0,1,K|C,1
K,3,K,15,X,223,C,2,Y,32,S,6,R,7,Y,76,K,5,X,1,C,1,S,1,R,5,Y,21,"L1:[sp=K,3] K=15,X=223,C=2,Y=32,S=6,R=7 || L2:[sp=Y,76] K=5,X=1,C=1,S=1,R=5,Y=21",-756400.0,-163323000.0,1,K|Y,1
Y,3,X,223,K,9,R,2,Y,60,S,6,C,2,C,2,X,1,K,1,Y,1,S,1,C,2,R,1,"L1:[sp=Y,3] X=223,K=9,R=2,Y=60,S=6,C=2 || L2:[sp=C,2] X=1,K=1,Y=1,S=1,C=2,R=1",-765313.0,-163323000.0,1,Y|C,1
Y,3,K,21,X,223,R,7,Y,142,S,6,C,1,K,76,K,9,X,1,C,1,S,1,R,1,Y,1,"L1:[sp=Y,3] K=21,X=223,R=7,Y=142,S=6,C=1 || L2:[sp=K,76] K=9,X=1,C=1,S=1,R=1,Y=1",-783241.0,-163323000.0,1,Y|K,1
C,3,K,1,S,6,Y,14,C,1,R,7,X,223,K,32,K,1,X,1,R,5,S,1,C,1,Y,1,"L1:[sp=C,3] K=1,S=6,Y=14,C=1,R=7,X=223 || L2:[sp=K,32] K=1,X=1,R=5,S=1,C=1,Y=1",-786049.0,-163323000.0,1,C|K,1
Y,92,R,2,C,3,X,17,Y,224,S,3,K,26,K,3,X,1,C,1,K,1,R,1,S,1,Y,1,"L1:[sp=Y,92] R=2,C=3,X=17,Y=224,S=3,K=26 || L2:[sp=K,3] X=1,C=1,K=1,R=1,S=1,Y=1",-809005.0,-163323000.0,1,Y|K,1
Y,3,Y,63,K,23,X,223,R,2,S,6,C,2,C,1,X,1,K,4,Y,5,S,1,C,2,R,1,"L1:[sp=Y,3] Y=63,K=23,X=223,R=2,S=6,C=2 || L2:[sp=C,1] X=1,K=4,Y=5,S=1,C=2,R=1",-815409.0,-163323000.0,1,Y|C,1
Y,3,K,11,Y,76,X,223,C,3,R,2,S,6,X,28,Y,1,X,1,R,2,S,2,K,10,C,1,"L1:[sp=Y,3] K=11,Y=76,X=223,C=3,R=2,S=6 || L2:[sp=X,28] Y=1,X=1,R=2,S=2,K=10,C=1",-817201.0,-163323000.0,1,Y|X,1
Y,3,K,6,Y,77,X,223,C,2,R,1,S,6,K,26,X,1,S,1,K,5,R,1,C,2,Y,1,"L1:[sp=Y,3] K=6,Y=77,X=223,C=2,R=1,S=6 || L2:[sp=K,26] X=1,S=1,K=5,R=1,C=2,Y=1",-830369.0,-163323000.0,1,Y|K,1
K,3,K,26,Y,218,X,223,C,1,R,7,S,6,X,14,K,2,X,1,R,7,S,1,C,1,Y,1,"L1:[sp=K,3] K=26,Y=218,X=223,C=1,R=7,S=6 || L2:[sp=X,14] K=2,X=1,R=7,S=1,C=1,Y=1",-833203.0,-163323000.0,1,K|X,1
K,3,K,26,Y,76,X,223,C,2,R,7,S,5,K,1,K,5,X,1,R,7,S,1,C,1,Y,1,"L1:[sp=K,3] K=26,Y=76,X=223,C=2,R=7,S=5 || L2:[sp=K,1] K=5,X=1,R=7,S=1,C=1,Y=1",-833209.0,-163323000.0,1,K|K,1
K,3,K,22,X,223,R,5,C,1,S,3,Y,71,Y,76,X,1,K,5,C,1,Y,34,R,2,S,1,"L1:[sp=K,3] K=22,X=223,R=5,C=1,S=3,Y=71 || L2:[sp=Y,76] X=1,K=5,C=1,Y=34,R=2,S=1",-839809.0,-163323000.0,1,K|Y,1
Y,3,K,33,S,6,X,223,C,3,R,2,Y,114,K,26,X,1,K,5,R,1,S,5,Y,3,C,1,"L1:[sp=Y,3] K=33,S=6,X=223,C=3,R=2,Y=114 || L2:[sp=K,26] X=1,K=5,R=1,S=5,Y=3,C=1",-845267.0,-163323000.0,1,Y|K,1
Y,3,K,9,R,6,X,223,C,3,Y,76,S,6,K,76,K,5,X,1,Y,1,S,1,C,1,R,5,"L1:[sp=Y,3] K=9,R=6,X=223,C=3,Y=76,S=6 || L2:[sp=K,76] K=5,X=1,Y=1,S=1,C=1,R=5",-852665.0,-163323000.0,1,Y|K,1
K,3,Y,76,K,26,X,223,C,3,R,7,S,6,C,3,K,5,X,1,R,5,S,1,C,3,Y,1,"L1:[sp=K,3] Y=76,K=26,X=223,C=3,R=7,S=6 || L2:[sp=C,3] K=5,X=1,R=5,S=1,C=3,Y=1",-856135.0,-163323000.0,1,K|C,1
K,3,X,223,Y,76,R,7,C,1,K,26,S,6,X,2,K,5,X,1,R,5,S,1,C,1,Y,1,"L1:[sp=K,3] X=223,Y=76,R=7,C=1,K=26,S=6 || L2:[sp=X,2] K=5,X=1,R=5,S=1,C=1,Y=1",-856147.0,-163323000.0,1,K|X,1
K,3,K,26,Y,76,X,223,C,3,R,1,S,5,X,42,K,5,X,1,R,1,S,1,C,1,Y,1,"L1:[sp=K,3] K=26,Y=76,X=223,C=3,R=1,S=5 || L2:[sp=X,42] K=5,X=1,R=1,S=1,C=1,Y=1",-856171.0,-163323000.0,1,K|X,1
K,3,Y,224,K,21,R,3,X,223,S,1,C,2,K,3,C,1,Y,1,K,13,S,1,R,2,X,1,"L1:[sp=K,3] Y=224,K=21,R=3,X=223,S=1,C=2 || L2:[sp=K,3] C=1,Y=1,K=13,S=1,R=2,X=1",-856213.0,-163323000.0,1,K|K,1
K,3,K,26,Y,76,X,223,C,1,R,5,S,6,X,8,K,23,X,1,R,3,S,1,C,1,Y,1,"L1:[sp=K,3] K=26,Y=76,X=223,C=1,R=5,S=6 || L2:[sp=X,8] K=23,X=1,R=3,S=1,C=1,Y=1",-863809.0,-163323000.0,1,K|X,1
Y,3,K,38,Y,76,C,3,X,223,R,5,S,6,C,76,K,8,X,1,R,5,S,3,C,1,Y,1,"L1:[sp=Y,3] K=38,Y=76,C=3,X=223,R=5,S=6 || L2:[sp=C,76] K=8,X=1,R=5,S=3,C=1,Y=1",-881297.0,-163324000.0,1,Y|C,1
K,3,S,6,K,60,X,223,C,3,R,7,Y,83,Y,26,R,2,Y,34,S,1,K,1,X,1,C,2,"L1:[sp=K,3] S=6,K=60,X=223,C=3,R=7,Y=83 || L2:[sp=Y,26] R=2,Y=34,S=1,K=1,X=1,C=2",-899647.0,-163323000.0,1,K|Y,1
K,3,Y,224,K,21,R,3,X,39,S,4,C,2,K,3,C,1,Y,1,X,1,S,1,R,2,K,13,"L1:[sp=K,3] Y=224,K=21,R=3,X=39,S=4,C=2 || L2:[sp=K,3] C=1,Y=1,X=1,S=1,R=2,K=13",-913531.0,-163323000.0,1,K|K,1
K,3,K,21,Y,71,S,6,X,223,R,5,C,2,Y,1,K,9,S,3,C,1,R,2,Y,1,X,1,"L1:[sp=K,3] K=21,Y=71,S=6,X=223,R=5,C=2 || L2:[sp=Y,1] K=9,S=3,C=1,R=2,Y=1,X=1",-920841.0,-163323000.0,1,K|Y,1
K,3,K,40,S,6,R,5,Y,32,C,2,X,223,K,2,Y,1,X,1,K,10,R,5,C,1,S,1,"L1:[sp=K,3] K=40,S=6,R=5,Y=32,C=2,X=223 || L2:[sp=K,2] Y=1,X=1,K=10,R=5,C=1,S=1",-924057.0,-163323000.0,1,K|K,1
C,3,S,6,K,14,X,223,C,2,R,2,Y,76,Y,26,Y,38,S,2,R,2,K,1,X,1,C,1,"L1:[sp=C,3] S=6,K=14,X=223,C=2,R=2,Y=76 || L2:[sp=Y,26] Y=38,S=2,R=2,K=1,X=1,C=1",-934009.0,-163323000.0,1,C|Y,1
K,3,S,4,R,3,C,1,X,176,Y,224,K,40,K,3,C,1,R,2,X,1,S,1,Y,1,K,1,"L1:[sp=K,3] S=4,R=3,C=1,X=176,Y=224,K=40 || L2:[sp=K,3] C=1,R=2,X=1,S=1,Y=1,K=1",-934369.0,-163323000.0,1,K|K,1
K,3,K,21,X,223,S,6,C,2,R,3,Y,71,C,1,S,1,C,2,R,1,K,6,X,1,Y,1,"L1:[sp=K,3] K=21,X=223,S=6,C=2,R=3,Y=71 || L2:[sp=C,1] S=1,C=2,R=1,K=6,X=1,Y=1",-946729.0,-163323000.0,1,K|C,1
K,3,Y,114,X,223,C,1,K,46,R,2,S,5,Y,26,Y,62,X,1,K,1,R,2,C,1,S,1,"L1:[sp=K,3] Y=114,X=223,C=1,K=46,R=2,S=5 || L2:[sp=Y,26] Y=62,X=1,K=1,R=2,C=1,S=1",-958321.0,-163323000.0,1,K|Y,1
Y,3,K,11,Y,76,C,2,X,223,R,7,S,3,C,76,K,8,C,1,R,3,S,1,Y,1,X,1,"L1:[sp=Y,3] K=11,Y=76,C=2,X=223,R=7,S=3 || L2:[sp=C,76] K=8,C=1,R=3,S=1,Y=1,X=1",-970273.0,-163323000.0,1,Y|C,1
K,3,C,3,Y,76,K,15,X,223,R,4,S,6,K,1,K,8,X,1,R,2,S,6,C,1,Y,1,"L1:[sp=K,3] C=3,Y=76,K=15,X=223,R=4,S=6 || L2:[sp=K,1] K=8,X=1,R=2,S=6,C=1,Y=1",-980653.0,-163324000.0,1,K|K,1
K,3,K,11,R,7,X,223,C,3,Y,155,S,6,X,84,Y,1,K,1,R,7,S,1,X,1,C,1,"L1:[sp=K,3] K=11,R=7,X=223,C=3,Y=155,S=6 || L2:[sp=X,84] Y=1,K=1,R=7,S=1,X=1,C=1",-993439.0,-163323000.0,1,K|X,1
X,3,Y,224,K,21,C,2,X,223,S,3,R,5,Y,76,C,1,X,2,R,1,S,1,Y,53,K,1,"L1:[sp=X,3] Y=224,K=21,C=2,X=223,S=3,R=5 || L2:[sp=Y,76] C=1,X=2,R=1,S=1,Y=53,K=1",-997297.0,-163323000.0,1,X|Y,1
Y,3,C,3,X,223,Y,114,R,3,K,10,S,5,Y,26,Y,108,K,1,R,1,S,1,C,1,X,1,"L1:[sp=Y,3] C=3,X=223,Y=114,R=3,K=10,S=5 || L2:[sp=Y,26] Y=108,K=1,R=1,S=1,C=1,X=1",-1016107.0,-163323000.0,1,Y|Y,1
Y,3,K,23,Y,133,X,223,S,6,R,2,C,2,C,76,K,8,X,1,R,2,S,1,C,1,Y,1,"L1:[sp=Y,3] K=23,Y=133,X=223,S=6,R=2,C=2 || L2:[sp=C,76] K=8,X=1,R=2,S=1,C=1,Y=1",-1027873.0,-163323000.0,1,Y|C,1
Y,3,S,5,X,223,K,4,Y,71,R,1,C,2,X,76,S,1,X,1,R,1,K,4,C,2,Y,1,"L1:[sp=Y,3] S=5,X=223,K=4,Y=71,R=1,C=2 || L2:[sp=X,76] S=1,X=1,R=1,K=4,C=2,Y=1",-1029505.0,-163323000.0,1,Y|X,1
Y,3,X,223,K,25,R,2,Y,63,C,2,S,6,K,1,X,1,K,14,Y,3,S,3,C,2,R,1,"L1:[sp=Y,3] X=223,K=25,R=2,Y=63,C=2,S=6 || L2:[sp=K,1] X=1,K=14,Y=3,S=3,C=2,R=1",-1032241.0,-163324000.0,1,Y|K,1
Y,3,K,10,X,223,S,5,Y,71,R,5,C,2,K,76,C,2,X,1,R,2,K,9,S,1,Y,1,"L1:[sp=Y,3] K=10,X=223,S=5,Y=71,R=5,C=2 || L2:[sp=K,76] C=2,X=1,R=2,K=9,S=1,Y=1",-1037345.0,-163323000.0,1,Y|K,1
K,3,S,6,Y,160,R,2,C,1,X,223,K,8,X,84,S,1,K,5,R,1,X,1,Y,1,C,1,"L1:[sp=K,3] S=6,Y=160,R=2,C=1,X=223,K=8 || L2:[sp=X,84] S=1,K=5,R=1,X=1,Y=1,C=1",-1058593.0,-163323000.0,1,K|X,1
Y,3,K,6,X,223,S,6,Y,71,R,3,C,2,K,76,S,1,C,2,R,2,K,6,X,1,Y,1,"L1:[sp=Y,3] K=6,X=223,S=6,Y=71,R=3,C=2 || L2:[sp=K,76] S=1,C=2,R=2,K=6,X=1,Y=1",-1061017.0,-163323000.0,1,Y|K,1
K,3,C,1,K,3,Y,58,R,2,X,223,S,6,X,84,X,1,S,1,R,1,K,1,C,1,Y,24,"L1:[sp=K,3] C=1,K=3,Y=58,R=2,X=223,S=6 || L2:[sp=X,84] X=1,S=1,R=1,K=1,C=1,Y=24",-1076509.0,-163323000.0,1,K|X,1
Y,3,C,3,K,3,Y,114,R,2,X,223,S,6,K,26,X,1,S,1,R,1,K,3,C,1,Y,1,"L1:[sp=Y,3] C=3,K=3,Y=114,R=2,X=223,S=6 || L2:[sp=K,26] X=1,S=1,R=1,K=3,C=1,Y=1",-1115907.0,-163323000.0,1,Y|K,1
Y,3,X,223,K,19,R,2,Y,148,C,3,S,6,Y,26,X,34,K,1,Y,1,S,1,C,2,R,1,"L1:[sp=Y,3] X=223,K=19,R=2,Y=148,C=3,S=6 || L2:[sp=Y,26] X=34,K=1,Y=1,S=1,C=2,R=1",-1128993.0,-163323000.0,1,Y|Y,1
Y,3,K,11,S,5,R,1,C,3,Y,32,X,223,K,76,K,10,X,1,R,1,S,1,C,1,Y,1,"L1:[sp=Y,3] K=11,S=5,R=1,C=3,Y=32,X=223 || L2:[sp=K,76] K=10,X=1,R=1,S=1,C=1,Y=1",-1129297.0,-163323000.0,1,Y|K,1
C,3,K,11,Y,76,C,3,X,223,R,2,S,6,Y,2,S,2,K,5,R,1,Y,1,X,1,C,3,"L1:[sp=C,3] K=11,Y=76,C=3,X=223,R=2,S=6 || L2:[sp=Y,2] S=2,K=5,R=1,Y=1,X=1,C=3",-1168417.0,-163323000.0,1,C|Y,1
K,3,X,223,K,21,S,6,Y,178,R,3,C,2,X,14,C,1,S,6,K,10,X,1,Y,1,R,2,"L1:[sp=K,3] X=223,K=21,S=6,Y=178,R=3,C=2 || L2:[sp=X,14] C=1,S=6,K=10,X=1,Y=1,R=2",-1185433.0,-163324000.0,1,K|X,1
Y,3,K,6,Y,148,X,223,C,2,R,5,S,6,K,26,X,1,K,5,R,2,S,1,C,1,Y,1,"L1:[sp=Y,3] K=6,Y=148,X=223,C=2,R=5,S=6 || L2:[sp=K,26] X=1,K=5,R=2,S=1,C=1,Y=1",-1220924.0,-163323000.0,1,Y|K,1
K,3,K,61,X,223,S,6,Y,71,R,5,C,1,Y,76,C,1,X,1,R,4,K,1,S,3,Y,31,"L1:[sp=K,3] K=61,X=223,S=6,Y=71,R=5,C=1 || L2:[sp=Y,76] C=1,X=1,R=4,K=1,S=3,Y=31",-1225417.0,-163324000.0,1,K|Y,1
K,3,S,3,C,1,R,5,X,223,Y,180,K,57,K,3,C,1,Y,1,S,1,K,2,R,1,X,6,"L1:[sp=K,3] S=3,C=1,R=5,X=223,Y=180,K=57 || L2:[sp=K,3] C=1,Y=1,S=1,K=2,R=1,X=6",-1273645.0,-163323000.0,1,K|K,1
Y,3,Y,114,X,223,C,1,R,6,K,10,S,6,X,26,R,1,K,4,X,1,S,2,C,1,Y,6,"L1:[sp=Y,3] Y=114,X=223,C=1,R=6,K=10,S=6 || L2:[sp=X,26] R=1,K=4,X=1,S=2,C=1,Y=6",-1279573.0,-163323000.0,1,Y|X,1
K,3,K,38,Y,76,X,223,C,1,R,5,S,5,Y,76,K,3,X,1,R,5,S,1,C,1,Y,56,"L1:[sp=K,3] K=38,Y=76,X=223,C=1,R=5,S=5 || L2:[sp=Y,76] K=3,X=1,R=5,S=1,C=1,Y=56",-1340677.0,-163324000.0,1,K|Y,1
Y,3,X,223,K,29,R,2,Y,98,S,6,C,3,X,24,X,1,K,1,Y,1,S,3,C,1,R,2,"L1:[sp=Y,3] X=223,K=29,R=2,Y=98,S=6,C=3 || L2:[sp=X,24] X=1,K=1,Y=1,S=3,C=1,R=2",-1354777.0,-163323000.0,1,Y|X,1
K,3,K,48,X,223,S,5,Y,71,R,5,C,2,K,3,C,1,R,2,X,1,K,40,S,1,Y,1,"L1:[sp=K,3] K=48,X=223,S=5,Y=71,R=5,C=2 || L2:[sp=K,3] C=1,R=2,X=1,K=40,S=1,Y=1",-1364193.0,-163323000.0,1,K|K,1
K,3,K,9,R,6,X,223,C,3,Y,76,S,6,Y,76,K,1,C,1,R,6,S,1,X,1,Y,65,"L1:[sp=K,3] K=9,R=6,X=223,C=3,Y=76,S=6 || L2:[sp=Y,76] K=1,C=1,R=6,S=1,X=1,Y=65",-1375969.0,-163323000.0,1,K|Y,1
Y,3,X,223,K,19,R,2,Y,148,C,3,S,6,X,2,X,1,K,1,Y,1,S,1,C,2,R,1,"L1:[sp=Y,3] X=223,K=19,R=2,Y=148,C=3,S=6 || L2:[sp=X,2] X=1,K=1,Y=1,S=1,C=2,R=1",-1401825.0,-163323000.0,1,Y|X,1
X,164,R,6,Y,222,S,5,K,3,C,2,X,213,K,11,Y,1,S,1,C,1,X,1,R,1,K,1,"L1:[sp=X,164] R=6,Y=222,S=5,K=3,C=2,X=213 || L2:[sp=K,11] Y=1,S=1,C=1,X=1,R=1,K=1",-1403733.0,-163323000.0,1,X|K,1
K,3,Y,224,K,42,R,3,X,105,S,4,C,1,Y,76,C,1,X,1,R,1,S,1,Y,1,K,1,"L1:[sp=K,3] Y=224,K=42,R=3,X=105,S=4,C=1 || L2:[sp=Y,76] C=1,X=1,R=1,S=1,Y=1,K=1",-1420075.0,-163323000.0,1,K|Y,1
Y,3,C,1,K,3,Y,114,R,3,X,223,S,3,K,26,X,1,C,1,R,1,K,3,S,3,Y,1,"L1:[sp=Y,3] C=1,K=3,Y=114,R=3,X=223,S=3 || L2:[sp=K,26] X=1,C=1,R=1,K=3,S=3,Y=1",-1447579.0,-163323000.0,1,Y|K,1
X,3,C,2,K,21,R,3,X,223,S,3,Y,178,C,2,C,1,Y,1,K,18,S,1,X,1,R,1,"L1:[sp=X,3] C=2,K=21,R=3,X=223,S=3,Y=178 || L2:[sp=C,2] C=1,Y=1,K=18,S=1,X=1,R=1",-1461913.0,-163323000.0,1,X|C,1
K,3,K,21,X,223,S,3,Y,71,R,6,C,1,C,1,C,1,X,2,Y,1,K,19,S,1,R,1,"L1:[sp=K,3] K=21,X=223,S=3,Y=71,R=6,C=1 || L2:[sp=C,1] C=1,X=2,Y=1,K=19,S=1,R=1",-1475659.0,-163323000.0,1,K|C,1
Y,3,C,1,K,6,Y,114,S,5,X,223,R,1,C,1,R,1,K,1,C,1,S,5,X,1,Y,1,"L1:[sp=Y,3] C=1,K=6,Y=114,S=5,X=223,R=1 || L2:[sp=C,1] R=1,K=1,C=1,S=5,X=1,Y=1",-1532623.0,-163323000.0,1,Y|C,1
Y,3,K,11,C,1,S,6,Y,161,R,7,X,223,C,1,K,1,X,1,R,5,Y,1,C,1,S,1,"L1:[sp=Y,3] K=11,C=1,S=6,Y=161,R=7,X=223 || L2:[sp=C,1] K=1,X=1,R=5,Y=1,C=1,S=1",-1533541.0,-163323000.0,1,Y|C,1
Y,3,K,11,Y,114,X,223,C,1,R,2,S,5,K,1,X,1,K,1,R,1,S,5,Y,1,C,1,"L1:[sp=Y,3] K=11,Y=114,X=223,C=1,R=2,S=5 || L2:[sp=K,1] X=1,K=1,R=1,S=5,Y=1,C=1",-1545745.0,-163323000.0,1,Y|K,1
Y,3,C,2,K,6,Y,114,S,5,X,223,R,6,K,114,C,1,K,3,R,1,S,5,X,1,Y,1,"L1:[sp=Y,3] C=2,K=6,Y=114,S=5,X=223,R=6 || L2:[sp=K,114] C=1,K=3,R=1,S=5,X=1,Y=1",-1587147.0,-163323000.0,1,Y|K,1
K,3,Y,71,K,21,S,6,X,223,R,3,C,2,C,2,C,2,X,1,R,2,S,6,Y,1,K,1,"L1:[sp=K,3] Y=71,K=21,S=6,X=223,R=3,C=2 || L2:[sp=C,2] C=2,X=1,R=2,S=6,Y=1,K=1",-1594705.0,-163323000.0,1,K|C,1
K,167,Y,224,S,3,X,115,K,50,C,3,R,2,Y,48,R,1,C,3,S,1,X,1,K,1,Y,1,"L1:[sp=K,167] Y=224,S=3,X=115,K=50,C=3,R=2 || L2:[sp=Y,48] R=1,C=3,S=1,X=1,K=1,Y=1",-1661125.0,-163323000.0,1,K|Y,1
Y,3,K,11,Y,76,X,223,C,1,S,6,R,4,K,76,K,10,X,1,R,4,S,2,C,1,Y,1,"L1:[sp=Y,3] K=11,Y=76,X=223,C=1,S=6,R=4 || L2:[sp=K,76] K=10,X=1,R=4,S=2,C=1,Y=1",-1670545.0,-163323000.0,1,Y|K,1
X,3,Y,71,X,223,S,6,K,21,R,3,C,2,K,24,S,3,X,1,R,2,K,10,C,1,Y,1,"L1:[sp=X,3] Y=71,X=223,S=6,K=21,R=3,C=2 || L2:[sp=K,24] S=3,X=1,R=2,K=10,C=1,Y=1",-1708753.0,-163323000.0,1,X|K,1
Y,3,K,11,C,3,S,6,Y,196,R,7,X,223,K,76,K,10,X,1,R,7,S,1,C,1,Y,1,"L1:[sp=Y,3] K=11,C=3,S=6,Y=196,R=7,X=223 || L2:[sp=K,76] K=10,X=1,R=7,S=1,C=1,Y=1",-1728733.0,-163323000.0,1,Y|K,1
K,3,C,2,Y,178,R,5,X,223,S,3,K,42,K,1,C,1,X,1,R,3,S,3,Y,1,K,1,"L1:[sp=K,3] C=2,Y=178,R=5,X=223,S=3,K=42 || L2:[sp=K,1] C=1,X=1,R=3,S=3,Y=1,K=1",-1778137.0,-163323000.0,1,K|K,1
K,3,K,55,S,6,R,7,C,1,Y,218,X,223,C,1,K,10,X,1,R,5,S,1,C,1,Y,1,"L1:[sp=K,3] K=55,S=6,R=7,C=1,Y=218,X=223 || L2:[sp=C,1] K=10,X=1,R=5,S=1,C=1,Y=1",-1778707.0,-163323000.0,1,K|C,1
K,3,K,53,R,7,X,223,C,3,Y,133,S,3,C,1,K,4,X,1,Y,23,S,1,C,1,R,2,"L1:[sp=K,3] K=53,R=7,X=223,C=3,Y=133,S=3 || L2:[sp=C,1] K=4,X=1,Y=23,S=1,C=1,R=2",-1799728.0,-163323000.0,1,K|C,1
X,3,R,7,X,223,C,3,S,6,Y,189,K,26,K,26,K,18,X,1,C,1,S,1,R,5,Y,2,"L1:[sp=X,3] R=7,X=223,C=3,S=6,Y=189,K=26 || L2:[sp=K,26] K=18,X=1,C=1,S=1,R=5,Y=2",-1809877.0,-163324000.0,1,X|K,1
K,3,S,1,R,3,C,2,X,223,Y,224,K,41,X,2,C,2,R,2,K,1,S,1,Y,1,X,1,"L1:[sp=K,3] S=1,R=3,C=2,X=223,Y=224,K=41 || L2:[sp=X,2] C=2,R=2,K=1,S=1,Y=1,X=1",-1816221.0,-163323000.0,1,K|X,1
Y,3,Y,128,K,23,X,223,R,2,S,6,C,2,Y,26,X,65,S,1,Y,1,K,1,C,2,R,1,"L1:[sp=Y,3] Y=128,K=23,X=223,R=2,S=6,C=2 || L2:[sp=Y,26] X=65,S=1,Y=1,K=1,C=2,R=1",-1818929.0,-163323000.0,1,Y|Y,1
K,167,Y,224,S,3,X,17,K,50,C,3,R,2,Y,48,R,1,C,1,X,1,S,1,K,1,Y,1,"L1:[sp=K,167] Y=224,S=3,X=17,K=50,C=3,R=2 || L2:[sp=Y,48] R=1,C=1,X=1,S=1,K=1,Y=1",-1837669.0,-163323000.0,1,K|Y,1
K,167,Y,224,S,3,X,17,K,50,C,3,R,2,Y,48,R,1,C,3,S,1,X,1,K,1,Y,1,"L1:[sp=K,167] Y=224,S=3,X=17,K=50,C=3,R=2 || L2:[sp=Y,48] R=1,C=3,S=1,X=1,K=1,Y=1",-1837669.0,-163323000.0,1,K|Y,1
X,3,K,11,Y,76,X,223,C,3,R,7,S,6,C,1,K,10,X,1,R,5,S,1,C,1,Y,1,"L1:[sp=X,3] K=11,Y=76,X=223,C=3,R=7,S=6 || L2:[sp=C,1] K=10,X=1,R=5,S=1,C=1,Y=1",-1844005.0,-163323000.0,1,X|C,1
K,3,K,58,Y,205,C,1,X,223,R,7,S,6,X,3,C,1,X,1,K,5,S,1,R,5,Y,1,"L1:[sp=K,3] K=58,Y=205,C=1,X=223,R=7,S=6 || L2:[sp=X,3] C=1,X=1,K=5,S=1,R=5,Y=1",-1892785.0,-163323000.0,1,K|X,1
Y,3,K,11,S,6,R,7,C,3,Y,218,X,223,K,76,K,10,X,1,R,5,S,1,Y,1,C,1,"L1:[sp=Y,3] K=11,S=6,R=7,C=3,Y=218,X=223 || L2:[sp=K,76] K=10,X=1,R=5,S=1,Y=1,C=1",-1940413.0,-163323000.0,1,Y|K,1
X,3,K,11,Y,76,X,223,C,3,R,1,S,5,K,1,K,5,X,1,R,1,S,1,C,1,Y,1,"L1:[sp=X,3] K=11,Y=76,X=223,C=3,R=1,S=5 || L2:[sp=K,1] K=5,X=1,R=1,S=1,C=1,Y=1",-2008861.0,-163323000.0,1,X|K,1
Y,3,Y,215,S,6,X,223,R,2,K,23,C,2,C,1,X,1,K,1,Y,3,S,1,C,1,R,1,"L1:[sp=Y,3] Y=215,S=6,X=223,R=2,K=23,C=2 || L2:[sp=C,1] X=1,K=1,Y=3,S=1,C=1,R=1",-2032177.0,-163323000.0,1,Y|C,1
K,3,C,3,K,6,Y,114,S,6,X,223,R,2,Y,114,R,1,S,1,C,1,X,1,K,1,Y,110,"L1:[sp=K,3] C=3,K=6,Y=114,S=6,X=223,R=2 || L2:[sp=Y,114] R=1,S=1,C=1,X=1,K=1,Y=110",-2069937.0,-163323000.0,1,K|Y,1
X,3,K,26,X,223,C,1,S,6,Y,76,R,7,X,6,K,5,X,1,C,1,S,1,R,5,Y,1,"L1:[sp=X,3] K=26,X=223,C=1,S=6,Y=76,R=7 || L2:[sp=X,6] K=5,X=1,C=1,S=1,R=5,Y=1",-2074519.0,-163323000.0,1,X|X,1
X,3,K,15,Y,218,C,3,X,223,R,7,S,6,X,168,Y,1,X,1,C,1,S,1,R,5,K,5,"L1:[sp=X,3] K=15,Y=218,C=3,X=223,R=7,S=6 || L2:[sp=X,168] Y=1,X=1,C=1,S=1,R=5,K=5",-2102111.0,-163323000.0,1,X|X,1
Y,3,C,1,R,3,Y,222,K,11,X,223,S,6,K,1,K,3,X,1,R,1,S,1,Y,1,C,1,"L1:[sp=Y,3] C=1,R=3,Y=222,K=11,X=223,S=6 || L2:[sp=K,1] K=3,X=1,R=1,S=1,Y=1,C=1",-2107501.0,-163323000.0,1,Y|K,1
Y,3,K,33,X,223,C,1,Y,218,S,6,R,1,X,76,K,5,X,1,C,1,S,1,R,1,Y,1,"L1:[sp=Y,3] K=33,X=223,C=1,Y=218,S=6,R=1 || L2:[sp=X,76] K=5,X=1,C=1,S=1,R=1,Y=1",-2115121.0,-163323000.0,1,Y|X,1
Y,3,K,11,C,1,Y,218,X,223,S,6,R,7,C,76,X,1,K,11,R,2,S,1,Y,1,C,1,"L1:[sp=Y,3] K=11,C=1,Y=218,X=223,S=6,R=7 || L2:[sp=C,76] X=1,K=11,R=2,S=1,Y=1,C=1",-2163583.0,-163323000.0,1,Y|C,1
Y,3,Y,224,K,21,C,2,X,76,S,4,R,3,Y,76,C,1,R,2,X,2,S,1,Y,1,K,1,"L1:[sp=Y,3] Y=224,K=21,C=2,X=76,S=4,R=3 || L2:[sp=Y,76] C=1,R=2,X=2,S=1,Y=1,K=1",-2163985.0,-163323000.0,1,Y|Y,1
X,3,K,38,X,223,C,1,R,1,S,6,Y,218,K,1,K,5,X,1,C,1,S,1,R,1,Y,1,"L1:[sp=X,3] K=38,X=223,C=1,R=1,S=6,Y=218 || L2:[sp=K,1] K=5,X=1,C=1,S=1,R=1,Y=1",-2173417.0,-163323000.0,1,X|K,1
Y,3,S,3,R,2,Y,224,X,39,C,2,K,2,K,6,R,1,S,1,X,1,C,1,Y,1,K,2,"L1:[sp=Y,3] S=3,R=2,Y=224,X=39,C=2,K=2 || L2:[sp=K,6] R=1,S=1,X=1,C=1,Y=1,K=2",-2206081.0,-163323000.0,1,Y|K,1
K,3,K,11,R,7,X,223,C,3,Y,181,S,3,X,168,K,4,C,1,Y,1,S,1,X,1,R,2,"L1:[sp=K,3] K=11,R=7,X=223,C=3,Y=181,S=3 || L2:[sp=X,168] K=4,C=1,Y=1,S=1,X=1,R=2",-2212093.0,-163323000.0,1,K|X,1
Y,3,C,1,K,3,Y,114,R,7,X,223,S,5,K,26,X,1,Y,1,R,7,K,3,S,2,C,1,"L1:[sp=Y,3] C=1,K=3,Y=114,R=7,X=223,S=5 || L2:[sp=K,26] X=1,Y=1,R=7,K=3,S=2,C=1",-2212189.0,-163323000.0,1,Y|K,1
Y,3,C,2,X,223,S,6,Y,71,R,5,K,21,K,76,C,1,X,1,R,2,K,9,S,5,Y,1,"L1:[sp=Y,3] C=2,X=223,S=6,Y=71,R=5,K=21 || L2:[sp=K,76] C=1,X=1,R=2,K=9,S=5,Y=1",-2222705.0,-163323000.0,1,Y|K,1
K,3,K,11,R,2,X,223,C,3,Y,70,S,6,X,168,K,2,X,1,Y,1,S,1,C,1,R,2,"L1:[sp=K,3] K=11,R=2,X=223,C=3,Y=70,S=6 || L2:[sp=X,168] K=2,X=1,Y=1,S=1,C=1,R=2",-2397889.0,-163323000.0,1,K|X,1
Y,3,K,6,Y,148,X,223,C,1,R,5,S,5,K,26,X,1,K,5,R,1,S,2,Y,1,C,1,"L1:[sp=Y,3] K=6,Y=148,X=223,C=1,R=5,S=5 || L2:[sp=K,26] X=1,K=5,R=1,S=2,Y=1,C=1",-2457973.0,-163323000.0,1,Y|K,1
Y,3,Y,186,K,21,S,3,X,223,R,6,C,2,K,76,C,1,S,1,K,11,X,2,Y,1,R,1,"L1:[sp=Y,3] Y=186,K=21,S=3,X=223,R=6,C=2 || L2:[sp=K,76] C=1,S=1,K=11,X=2,Y=1,R=1",-2470825.0,-163323000.0,1,Y|K,1
X,3,K,11,Y,76,X,223,C,1,R,5,S,5,X,56,K,10,X,1,R,5,S,1,C,1,Y,1,"L1:[sp=X,3] K=11,Y=76,X=223,C=1,R=5,S=5 || L2:[sp=X,56] K=10,X=1,R=5,S=1,C=1,Y=1",-2587417.0,-163323000.0,1,X|X,1
K,3,K,54,Y,189,X,223,C,1,R,6,S,5,X,42,X,1,K,6,R,1,S,5,Y,1,C,1,"L1:[sp=K,3] K=54,Y=189,X=223,C=1,R=6,S=5 || L2:[sp=X,42] X=1,K=6,R=1,S=5,Y=1,C=1",-2596885.0,-163323000.0,1,K|X,1
Y,3,C,2,S,6,Y,114,K,6,X,223,R,7,K,26,K,6,C,2,Y,1,S,6,R,1,X,1,"L1:[sp=Y,3] C=2,S=6,Y=114,K=6,X=223,R=7 || L2:[sp=K,26] K=6,C=2,Y=1,S=6,R=1,X=1",-2661165.0,-163323000.0,1,Y|K,1
X,3,K,4,X,223,S,5,Y,71,R,1,C,2,C,1,S,1,X,1,R,1,Y,1,C,2,K,2,"L1:[sp=X,3] K=4,X=223,S=5,Y=71,R=1,C=2 || L2:[sp=C,1] S=1,X=1,R=1,Y=1,C=2,K=2",-2811649.0,-163323000.0,1,X|C,1
Y,3,C,1,X,223,Y,114,R,1,K,10,S,5,K,26,X,1,K,7,R,1,S,4,C,1,Y,1,"L1:[sp=Y,3] C=1,X=223,Y=114,R=1,K=10,S=5 || L2:[sp=K,26] X=1,K=7,R=1,S=4,C=1,Y=1",-2815639.0,-163323000.0,1,Y|K,1
X,3,Y,71,K,21,S,6,C,2,R,3,X,223,X,3,K,1,X,1,R,2,C,2,Y,1,S,1,"L1:[sp=X,3] Y=71,K=21,S=6,C=2,R=3,X=223 || L2:[sp=X,3] K=1,X=1,R=2,C=2,Y=1,S=1",-2835137.0,-163323000.0,1,X|X,1
X,3,S,3,R,5,C,1,X,223,Y,127,K,2,K,3,C,1,R,5,X,2,S,2,Y,1,K,1,"L1:[sp=X,3] S=3,R=5,C=1,X=223,Y=127,K=2 || L2:[sp=K,3] C=1,R=5,X=2,S=2,Y=1,K=1",-2957953.0,-163323000.0,1,X|K,1
Y,164,R,1,Y,222,S,5,K,48,C,2,X,223,X,24,K,1,S,5,C,1,X,1,R,1,Y,1,"L1:[sp=Y,164] R=1,Y=222,S=5,K=48,C=2,X=223 || L2:[sp=X,24] K=1,S=5,C=1,X=1,R=1,Y=1",-2983737.0,-163323000.0,1,Y|X,1
K,3,S,6,K,61,X,223,C,1,R,7,Y,76,X,24,R,7,X,1,S,6,K,1,Y,1,C,1,"L1:[sp=K,3] S=6,K=61,X=223,C=1,R=7,Y=76 || L2:[sp=X,24] R=7,X=1,S=6,K=1,Y=1,C=1",-3351115.0,-163323000.0,1,K|X,1
Y,3,S,6,Y,148,X,223,C,1,R,2,K,11,K,26,Y,1,K,5,R,2,S,5,X,1,C,1,"L1:[sp=Y,3] S=6,Y=148,X=223,C=1,R=2,K=11 || L2:[sp=K,26] Y=1,K=5,R=2,S=5,X=1,C=1",-3729745.0,-163323000.0,1,Y|K,1
Y,23,Y,222,C,1,S,1,K,44,R,5,X,189,C,1,S,1,K,1,Y,1,R,1,C,1,X,1,"L1:[sp=Y,23] Y=222,C=1,S=1,K=44,R=5,X=189 || L2:[sp=C,1] S=1,K=1,Y=1,R=1,C=1,X=1",-4214953.0,-163323000.0,1,Y|C,1
K,3,K,15,C,1,X,18,Y,76,S,6,R,1,Y,76,K,5,X,1,C,1,S,1,R,1,Y,1,"L1:[sp=K,3] K=15,C=1,X=18,Y=76,S=6,R=1 || L2:[sp=Y,76] K=5,X=1,C=1,S=1,R=1,Y=1",-4388455.0,-163324000.0,1,K|Y,1
K,3,K,33,Y,114,R,6,C,1,X,223,S,5,K,1,X,7,K,5,S,5,R,1,C,1,Y,1,"L1:[sp=K,3] K=33,Y=114,R=6,C=1,X=223,S=5 || L2:[sp=K,1] X=7,K=5,S=5,R=1,C=1,Y=1",-4760935.0,-163323000.0,1,K|K,1
Y,3,K,11,C,3,S,6,Y,161,R,1,X,223,K,23,C,1,X,94,R,1,Y,1,K,1,S,1,"L1:[sp=Y,3] K=11,C=3,S=6,Y=161,R=1,X=223 || L2:[sp=K,23] C=1,X=94,R=1,Y=1,K=1,S=1",-5112157.0,-163323000.0,1,Y|K,1
Y,3,Y,161,K,26,X,223,C,3,R,1,S,6,K,76,K,5,Y,1,R,1,S,1,C,1,X,23,"L1:[sp=Y,3] Y=161,K=26,X=223,C=3,R=1,S=6 || L2:[sp=K,76] K=5,Y=1,R=1,S=1,C=1,X=23",-6035128.0,-163323000.0,1,Y|K,1
Y,3,K,11,Y,141,X,223,C,3,R,7,S,6,K,76,K,10,X,1,R,1,S,5,Y,1,C,2,"L1:[sp=Y,3] K=11,Y=141,X=223,C=3,R=7,S=6 || L2:[sp=K,76] K=10,X=1,R=1,S=5,Y=1,C=2",-6482713.0,-163323000.0,1,Y|K,1
K,3,S,6,R,7,X,7,C,3,K,14,Y,76,Y,26,S,1,C,1,R,7,Y,1,X,1,K,1,"L1:[sp=K,3] S=6,R=7,X=7,C=3,K=14,Y=76 || L2:[sp=Y,26] S=1,C=1,R=7,Y=1,X=1,K=1",-7020031.0,-163324000.0,1,K|Y,1
Y,3,C,1,R,3,Y,222,K,11,X,223,S,6,K,1,K,3,X,1,R,1,S,4,Y,1,C,1,"L1:[sp=Y,3] C=1,R=3,Y=222,K=11,X=223,S=6 || L2:[sp=K,1] K=3,X=1,R=1,S=4,Y=1,C=1",-7225453.0,-163323000.0,1,Y|K,1
K,3,K,11,Y,76,S,6,C,3,R,7,X,5,Y,76,K,10,X,1,R,2,S,1,C,1,Y,1,"L1:[sp=K,3] K=11,Y=76,S=6,C=3,R=7,X=5 || L2:[sp=Y,76] K=10,X=1,R=2,S=1,C=1,Y=1",-7422088.0,-163323000.0,1,K|Y,1
K,167,Y,92,S,1,X,1,K,50,C,1,R,1,Y,48,R,1,C,1,X,1,S,1,K,1,Y,1,"L1:[sp=K,167] Y=92,S=1,X=1,K=50,C=1,R=1 || L2:[sp=Y,48] R=1,C=1,X=1,S=1,K=1,Y=1",-8330785.0,-163323000.0,1,K|Y,1
K,3,K,33,Y,76,X,3,C,3,R,5,S,5,Y,76,K,10,X,1,R,5,S,1,C,1,Y,1,"L1:[sp=K,3] K=33,Y=76,X=3,C=3,R=5,S=5 || L2:[sp=Y,76] K=10,X=1,R=5,S=1,C=1,Y=1",-10728529.0,-163323000.0,1,K|Y,1
K,3,C,1,Y,148,X,223,K,6,R,5,S,3,K,1,X,45,K,1,R,1,S,3,Y,1,C,1,"L1:[sp=K,3] C=1,Y=148,X=223,K=6,R=5,S=3 || L2:[sp=K,1] X=45,K=1,R=1,S=3,Y=1,C=1",-10859221.0,-163323000.0,1,K|K,1
Y,3,K,13,Y,148,X,223,C,3,R,2,S,3,K,26,X,34,K,5,R,1,S,2,Y,1,C,1,"L1:[sp=Y,3] K=13,Y=148,X=223,C=3,R=2,S=3 || L2:[sp=K,26] X=34,K=5,R=1,S=2,Y=1,C=1",-10951561.0,-163323000.0,1,Y|K,1
Y,92,R,1,C,1,X,1,Y,1,S,1,K,1,K,3,X,1,C,1,K,1,R,1,S,1,Y,1,"L1:[sp=Y,92] R=1,C=1,X=1,Y=1,S=1,K=1 || L2:[sp=K,3] X=1,C=1,K=1,R=1,S=1,Y=1",-16859137.0,-163323000.0,1,Y|K,1
Y,92,R,1,C,1,X,1,Y,1,S,1,K,1,K,3,X,1,C,1,Y,1,R,1,S,1,K,1,"L1:[sp=Y,92] R=1,C=1,X=1,Y=1,S=1,K=1 || L2:[sp=K,3] X=1,C=1,Y=1,R=1,S=1,K=1",-16859137.0,-163323000.0,1,Y|K,1
K,3,K,21,X,1,R,7,Y,142,S,6,C,1,Y,76,Y,1,X,1,C,1,K,20,R,2,S,1,"L1:[sp=K,3] K=21,X=1,R=7,Y=142,S=6,C=1 || L2:[sp=Y,76] Y=1,X=1,C=1,K=20,R=2,S=1",-17003161.0,-163323000.0,1,K|Y,1
K,3,K,11,S,6,R,7,C,2,Y,218,X,1,Y,76,K,10,X,1,R,5,S,1,C,2,Y,1,"L1:[sp=K,3] K=11,S=6,R=7,C=2,Y=218,X=1 || L2:[sp=Y,76] K=10,X=1,R=5,S=1,C=2,Y=1",-17773165.0,-163323000.0,1,K|Y,1
Y,3,C,1,X,13,Y,114,K,6,R,2,S,6,K,26,X,1,K,1,R,1,S,1,C,1,Y,1,"L1:[sp=Y,3] C=1,X=13,Y=114,K=6,R=2,S=6 || L2:[sp=K,26] X=1,K=1,R=1,S=1,C=1,Y=1",-56534809.0,-163323000.0,1,Y|K,1
Y,23,Y,1,C,1,S,1,K,1,R,5,X,1,Y,30,S,1,K,1,Y,1,R,1,X,1,C,1,"L1:[sp=Y,23] Y=1,C=1,S=1,K=1,R=5,X=1 || L2:[sp=Y,30] S=1,K=1,Y=1,R=1,X=1,C=1",-119218177.0,-163323000.0,1,Y|Y,1
Y,23,Y,1,C,1,S,1,K,1,R,1,X,1,Y,30,S,1,K,1,Y,1,R,1,X,1,C,1,"L1:[sp=Y,23] Y=1,C=1,S=1,K=1,R=1,X=1 || L2:[sp=Y,30] S=1,K=1,Y=1,R=1,X=1,C=1",-189665281.0,-163323000.0,1,Y|Y,1
Y,23,S,1,K,1,X,1,C,1,R,1,Y,1,Y,30,S,1,K,1,Y,1,R,1,X,1,C,1,"L1:[sp=Y,23] S=1,K=1,X=1,C=1,R=1,Y=1 || L2:[sp=Y,30] S=1,K=1,Y=1,R=1,X=1,C=1",-189665281.0,-163323000.0,1,Y|Y,1
Y,23,R,1,S,1,C,1,K,1,Y,1,X,1,Y,30,S,1,K,1,Y,1,C,1,X,1,R,1,"L1:[sp=Y,23] R=1,S=1,C=1,K=1,Y=1,X=1 || L2:[sp=Y,30] S=1,K=1,Y=1,C=1,X=1,R=1",-189665281.0,-163323000.0,1,Y|Y,1
Y,3,K,3,X,13,S,6,Y,71,R,3,C,2,K,76,S,1,C,2,R,2,K,3,X,1,Y,1,"L1:[sp=Y,3] K=3,X=13,S=6,Y=71,R=3,C=2 || L2:[sp=K,76] S=1,C=2,R=2,K=3,X=1,Y=1",-322477585.0,-163323000.0,1,Y|K,1
Y,92,R,1,C,1,X,1,Y,182,S,1,K,1,Y,1,X,1,C,1,K,1,R,1,S,1,Y,1,"L1:[sp=Y,92] R=1,C=1,X=1,Y=182,S=1,K=1 || L2:[sp=Y,1] X=1,C=1,K=1,R=1,S=1,Y=1",-385652737.0,-163323000.0,1,Y|Y,1
Y,116,S,2,X,110,Y,21,C,2,R,7,K,4,C,2,Y,1,X,1,K,1,S,1,C,1,R,1,"L1:[sp=Y,116] S=2,X=110,Y=21,C=2,R=7,K=4 || L2:[sp=C,2] Y=1,X=1,K=1,S=1,C=1,R=1",-inf,-inf,0,Y|C,1
K,86,K,15,Y,30,R,3,X,101,C,1,S,6,K,9,K,1,S,1,R,1,X,1,Y,1,C,1,"L1:[sp=K,86] K=15,Y=30,R=3,X=101,C=1,S=6 || L2:[sp=K,9] K=1,S=1,R=1,X=1,Y=1,C=1",-inf,-inf,0,K|K,1
C,84,K,16,R,6,X,116,S,2,C,3,Y,201,X,47,K,1,C,1,Y,1,X,1,R,1,S,1,"L1:[sp=C,84] K=16,R=6,X=116,S=2,C=3,Y=201 || L2:[sp=X,47] K=1,C=1,Y=1,X=1,R=1,S=1",-inf,-inf,0,C|X,1
X,143,K,61,C,1,R,1,S,1,Y,115,X,180,X,112,R,1,K,1,C,1,X,1,Y,1,S,1,"L1:[sp=X,143] K=61,C=1,R=1,S=1,Y=115,X=180 || L2:[sp=X,112] R=1,K=1,C=1,X=1,Y=1,S=1",-inf,-inf,0,X|X,1
X,103,S,4,X,20,R,6,K,22,C,1,Y,32,X,7,R,1,X,1,C,1,K,1,Y,1,S,1,"L1:[sp=X,103] S=4,X=20,R=6,K=22,C=1,Y=32 || L2:[sp=X,7] R=1,X=1,C=1,K=1,Y=1,S=1",-inf,-inf,0,X|X,1
Y,135,X,145,K,48,Y,161,R,5,C,1,S,3,C,1,C,1,K,1,S,1,R,1,X,1,Y,1,"L1:[sp=Y,135] X=145,K=48,Y=161,R=5,C=1,S=3 || L2:[sp=C,1] C=1,K=1,S=1,R=1,X=1,Y=1",-inf,-inf,0,Y|C,1
C,133,S,2,X,166,Y,181,K,29,R,2,C,2,X,17,Y,1,S,1,X,1,K,1,R,1,C,1,"L1:[sp=C,133] S=2,X=166,Y=181,K=29,R=2,C=2 || L2:[sp=X,17] Y=1,S=1,X=1,K=1,R=1,C=1",-inf,-inf,0,C|X,1
X,78,K,61,Y,204,X,196,R,1,S,4,C,1,X,66,C,1,R,1,Y,1,X,1,S,1,K,1,"L1:[sp=X,78] K=61,Y=204,X=196,R=1,S=4,C=1 || L2:[sp=X,66] C=1,R=1,Y=1,X=1,S=1,K=1",-inf,-inf,0,X|X,1
C,107,C,2,K,49,X,103,S,3,R,3,Y,202,K,6,Y,1,S,1,C,1,X,1,K,1,R,1,"L1:[sp=C,107] C=2,K=49,X=103,S=3,R=3,Y=202 || L2:[sp=K,6] Y=1,S=1,C=1,X=1,K=1,R=1",-inf,-inf,0,C|K,1
Y,156,S,6,X,45,C,1,Y,139,K,26,R,7,Y,109,X,1,Y,1,R,1,S,1,C,1,K,1,"L1:[sp=Y,156] S=6,X=45,C=1,Y=139,K=26,R=7 || L2:[sp=Y,109] X=1,Y=1,R=1,S=1,C=1,K=1",-inf,-inf,0,Y|Y,1
C,131,X,102,Y,91,R,5,K,34,S,4,C,1,C,1,C,1,S,1,X,1,Y,1,K,1,R,1,"L1:[sp=C,131] X=102,Y=91,R=5,K=34,S=4,C=1 || L2:[sp=C,1] C=1,S=1,X=1,Y=1,K=1,R=1",-inf,-inf,0,C|C,1
X,147,S,3,X,68,Y,31,K,20,C,3,R,2,X,64,C,1,X,1,Y,1,S,1,R,1,K,1,"L1:[sp=X,147] S=3,X=68,Y=31,K=20,C=3,R=2 || L2:[sp=X,64] C=1,X=1,Y=1,S=1,R=1,K=1",-inf,-inf,0,X|X,1
Y,25,K,30,Y,219,S,1,C,3,X,137,R,5,Y,118,Y,1,S,1,R,1,X,1,K,1,C,1,"L1:[sp=Y,25] K=30,Y=219,S=1,C=3,X=137,R=5 || L2:[sp=Y,118] Y=1,S=1,R=1,X=1,K=1,C=1",-inf,-inf,0,Y|Y,1
Y,151,C,1,S,2,Y,76,R,4,K,44,X,170,K,11,C,1,S,1,X,1,R,1,Y,1,K,1,"L1:[sp=Y,151] C=1,S=2,Y=76,R=4,K=44,X=170 || L2:[sp=K,11] C=1,S=1,X=1,R=1,Y=1,K=1",-inf,-inf,0,Y|K,1
Y,61,Y,194,S,7,X,35,C,2,K,36,R,1,C,2,C,1,S,1,R,1,K,1,X,1,Y,1,"L1:[sp=Y,61] Y=194,S=7,X=35,C=2,K=36,R=1 || L2:[sp=C,2] C=1,S=1,R=1,K=1,X=1,Y=1",-inf,-inf,0,Y|C,1
X,164,C,3,Y,220,S,1,K,47,R,1,X,1,K,11,Y,1,S,1,C,1,X,1,R,1,K,1,"L1:[sp=X,164] C=3,Y=220,S=1,K=47,R=1,X=1 || L2:[sp=K,11] Y=1,S=1,C=1,X=1,R=1,K=1",-inf,-inf,0,X|K,1
K,167,Y,224,S,1,X,189,K,3,C,3,R,5,Y,6,R,1,C,1,X,1,S,1,K,1,Y,1,"L1:[sp=K,167] Y=224,S=1,X=189,K=3,C=3,R=5 || L2:[sp=Y,6] R=1,C=1,X=1,S=1,K=1,Y=1",-inf,-inf,0,K|Y,1
X,164,R,2,Y,222,S,3,K,48,C,3,X,17,K,11,Y,129,S,1,C,1,R,1,X,1,K,1,"L1:[sp=X,164] R=2,Y=222,S=3,K=48,C=3,X=17 || L2:[sp=K,11] Y=129,S=1,C=1,R=1,X=1,K=1",-inf,-inf,0,X|K,1
Y,92,R,1,C,3,X,17,Y,224,S,4,K,26,K,3,X,1,C,1,K,1,Y,1,S,1,R,1,"L1:[sp=Y,92] R=1,C=3,X=17,Y=224,S=4,K=26 || L2:[sp=K,3] X=1,C=1,K=1,Y=1,S=1,R=1",-inf,-inf,0,Y|K,1
Y,3,C,1,X,223,Y,114,R,1,K,10,S,5,Y,26,X,183,K,1,R,1,S,1,C,1,Y,1,"L1:[sp=Y,3] C=1,X=223,Y=114,R=1,K=10,S=5 || L2:[sp=Y,26] X=183,K=1,R=1,S=1,C=1,Y=1",-inf,-inf,0,Y|Y,1
K,3,C,1,X,223,Y,114,R,1,K,10,S,4,Y,26,X,1,K,1,R,1,S,4,C,1,Y,1,"L1:[sp=K,3] C=1,X=223,Y=114,R=1,K=10,S=4 || L2:[sp=Y,26] X=1,K=1,R=1,S=4,C=1,Y=1",-inf,-inf,0,K|Y,1
Y,23,Y,222,S,1,C,1,K,44,R,5,X,189,C,1,S,1,K,36,Y,1,R,4,C,1,X,1,"L1:[sp=Y,23] Y=222,S=1,C=1,K=44,R=5,X=189 || L2:[sp=C,1] S=1,K=36,Y=1,R=4,C=1,X=1",-inf,-inf,0,Y|C,1
Y,3,C,3,X,148,Y,153,R,1,K,10,S,5,Y,26,X,1,K,1,R,1,S,2,C,1,Y,1,"L1:[sp=Y,3] C=3,X=148,Y=153,R=1,K=10,S=5 || L2:[sp=Y,26] X=1,K=1,R=1,S=2,C=1,Y=1",-inf,-inf,0,Y|Y,1
K,3,C,3,X,223,Y,114,R,1,K,10,S,1,Y,26,X,1,K,1,R,1,S,1,C,3,Y,1,"L1:[sp=K,3] C=3,X=223,Y=114,R=1,K=10,S=1 || L2:[sp=Y,26] X=1,K=1,R=1,S=1,C=3,Y=1",-inf,-inf,0,K|Y,1
K,167,K,50,S,5,X,17,Y,224,C,3,R,1,Y,48,R,1,C,3,S,1,X,1,K,1,Y,1,"L1:[sp=K,167] K=50,S=5,X=17,Y=224,C=3,R=1 || L2:[sp=Y,48] R=1,C=3,S=1,X=1,K=1,Y=1",-inf,-inf,0,K|Y,1
Y,3,C,1,X,151,Y,114,R,2,K,10,S,3,Y,26,X,1,K,1,R,1,S,3,C,1,Y,1,"L1:[sp=Y,3] C=1,X=151,Y=114,R=2,K=10,S=3 || L2:[sp=Y,26] X=1,K=1,R=1,S=3,C=1,Y=1",-inf,-inf,0,Y|Y,1
Y,3,C,1,X,35,R,1,Y,114,K,49,S,5,Y,26,X,1,S,1,R,1,K,1,C,1,Y,1,"L1:[sp=Y,3] C=1,X=35,R=1,Y=114,K=49,S=5 || L2:[sp=Y,26] X=1,S=1,R=1,K=1,C=1,Y=1",-inf,-inf,0,Y|Y,1
Y,23,Y,82,C,1,S,1,K,44,R,5,X,189,X,21,S,1,K,1,Y,1,R,1,C,1,X,1,"L1:[sp=Y,23] Y=82,C=1,S=1,K=44,R=5,X=189 || L2:[sp=X,21] S=1,K=1,Y=1,R=1,C=1,X=1",-inf,-inf,0,Y|X,1
Y,3,C,1,X,223,Y,114,R,1,K,10,S,2,Y,26,X,1,K,1,Y,1,S,2,C,1,R,1,"L1:[sp=Y,3] C=1,X=223,Y=114,R=1,K=10,S=2 || L2:[sp=Y,26] X=1,K=1,Y=1,S=2,C=1,R=1",-inf,-inf,0,Y|Y,1
K,3,C,3,X,125,Y,114,R,1,K,10,S,5,C,1,X,1,K,1,R,1,S,5,C,1,Y,1,"L1:[sp=K,3] C=3,X=125,Y=114,R=1,K=10,S=5 || L2:[sp=C,1] X=1,K=1,R=1,S=5,C=1,Y=1",-inf,-inf,0,K|C,1
Y,3,C,3,X,223,Y,114,R,6,K,10,S,5,Y,26,X,42,Y,84,K,1,S,1,C,1,R,1,"L1:[sp=Y,3] C=3,X=223,Y=114,R=6,K=10,S=5 || L2:[sp=Y,26] X=42,Y=84,K=1,S=1,C=1,R=1",-inf,-inf,0,Y|Y,1
Y,3,C,3,X,223,R,1,Y,114,K,10,S,5,K,10,X,148,K,1,R,1,S,1,C,1,Y,1,"L1:[sp=Y,3] C=3,X=223,R=1,Y=114,K=10,S=5 || L2:[sp=K,10] X=148,K=1,R=1,S=1,C=1,Y=1",-inf,-inf,0,Y|K,1
K,3,C,3,X,87,Y,114,R,1,K,10,S,5,Y,26,X,1,K,1,R,1,S,5,C,1,Y,64,"L1:[sp=K,3] C=3,X=87,Y=114,R=1,K=10,S=5 || L2:[sp=Y,26] X=1,K=1,R=1,S=5,C=1,Y=64",-inf,-inf,0,K|Y,1
Y,3,C,1,X,84,Y,114,R,6,K,20,S,5,Y,26,X,1,K,1,R,1,S,1,C,1,Y,1,"L1:[sp=Y,3] C=1,X=84,Y=114,R=6,K=20,S=5 || L2:[sp=Y,26] X=1,K=1,R=1,S=1,C=1,Y=1",-inf,-inf,0,Y|Y,1
X,164,R,1,Y,222,S,5,K,48,C,2,X,189,K,11,Y,1,S,1,C,1,X,1,R,1,K,1,"L1:[sp=X,164] R=1,Y=222,S=5,K=48,C=2,X=189 || L2:[sp=K,11] Y=1,S=1,C=1,X=1,R=1,K=1",-inf,-inf,0,X|K,1
Y,3,C,1,X,223,Y,114,R,5,K,20,S,1,Y,26,X,1,K,1,R,1,S,1,C,1,Y,1,"L1:[sp=Y,3] C=1,X=223,Y=114,R=5,K=20,S=1 || L2:[sp=Y,26] X=1,K=1,R=1,S=1,C=1,Y=1",-inf,-inf,0,Y|Y,1
K,3,C,3,X,189,Y,114,R,5,K,10,S,1,Y,26,X,1,K,1,R,3,S,1,C,1,Y,1,"L1:[sp=K,3] C=3,X=189,Y=114,R=5,K=10,S=1 || L2:[sp=Y,26] X=1,K=1,R=3,S=1,C=1,Y=1",-inf,-inf,0,K|Y,1
K,3,C,3,X,223,Y,114,R,1,K,10,S,2,Y,26,X,1,K,1,R,1,S,1,C,1,Y,10,"L1:[sp=K,3] C=3,X=223,Y=114,R=1,K=10,S=2 || L2:[sp=Y,26] X=1,K=1,R=1,S=1,C=1,Y=10",-inf,-inf,0,K|Y,1
K,3,C,1,X,133,Y,114,R,1,K,10,S,5,Y,26,X,1,S,5,R,1,K,1,C,1,Y,1,"L1:[sp=K,3] C=1,X=133,Y=114,R=1,K=10,S=5 || L2:[sp=Y,26] X=1,S=5,R=1,K=1,C=1,Y=1",-inf,-inf,0,K|Y,1
Y,3,K,42,S,3,C,1,Y,114,X,223,R,2,Y,26,X,1,K,10,R,1,S,1,C,1,Y,81,"L1:[sp=Y,3] K=42,S=3,C=1,Y=114,X=223,R=2 || L2:[sp=Y,26] X=1,K=10,R=1,S=1,C=1,Y=81",-inf,-inf,0,Y|Y,1
C,3,K,6,X,223,Y,114,C,1,R,6,S,5,Y,26,X,146,K,1,R,1,S,1,C,1,Y,6,"L1:[sp=C,3] K=6,X=223,Y=114,C=1,R=6,S=5 || L2:[sp=Y,26] X=146,K=1,R=1,S=1,C=1,Y=6",-inf,-inf,0,C|Y,1
Y,3,C,1,X,223,R,2,Y,30,S,6,K,42,Y,26,S,1,K,10,R,1,X,101,C,1,Y,27,"L1:[sp=Y,3] C=1,X=223,R=2,Y=30,S=6,K=42 || L2:[sp=Y,26] S=1,K=10,R=1,X=101,C=1,Y=27",-inf,-inf,0,Y|Y,1
K,3,C,3,Y,114,X,39,R,1,K,10,S,5,Y,26,X,1,K,1,R,1,S,1,C,1,Y,1,"L1:[sp=K,3] C=3,Y=114,X=39,R=1,K=10,S=5 || L2:[sp=Y,26] X=1,K=1,R=1,S=1,C=1,Y=1",-inf,-inf,0,K|Y,1
K,3,C,1,X,81,Y,114,K,6,R,2,S,3,K,1,X,1,K,1,R,1,S,1,C,1,Y,1,"L1:[sp=K,3] C=1,X=81,Y=114,K=6,R=2,S=3 || L2:[sp=K,1] X=1,K=1,R=1,S=1,C=1,Y=1",-inf,-inf,0,K|K,1
K,3,C,1,X,223,Y,36,R,6,K,10,S,6,Y,26,R,1,K,1,X,220,S,2,C,1,Y,1,"L1:[sp=K,3] C=1,X=223,Y=36,R=6,K=10,S=6 || L2:[sp=Y,26] R=1,K=1,X=220,S=2,C=1,Y=1",-inf,-inf,0,K|Y,1
K,3,C,1,X,162,Y,114,K,6,R,2,S,7,Y,26,X,1,K,6,R,1,S,1,C,1,Y,1,"L1:[sp=K,3] C=1,X=162,Y=114,K=6,R=2,S=7 || L2:[sp=Y,26] X=1,K=6,R=1,S=1,C=1,Y=1",-inf,-inf,0,K|Y,1
K,3,C,3,K,3,Y,114,R,1,X,12,S,5,X,8,X,1,S,1,R,1,K,1,C,3,Y,1,"L1:[sp=K,3] C=3,K=3,Y=114,R=1,X=12,S=5 || L2:[sp=X,8] X=1,S=1,R=1,K=1,C=3,Y=1",-inf,-inf,0,K|X,1
K,3,K,6,X,223,Y,94,C,1,R,1,S,5,Y,26,X,1,K,1,R,1,S,5,C,1,Y,86,"L1:[sp=K,3] K=6,X=223,Y=94,C=1,R=1,S=5 || L2:[sp=Y,26] X=1,K=1,R=1,S=5,C=1,Y=86",-inf,-inf,0,K|Y,1
K,3,C,3,X,223,Y,114,R,1,K,10,S,5,Y,26,X,1,K,1,R,1,S,1,C,2,Y,102,"L1:[sp=K,3] C=3,X=223,Y=114,R=1,K=10,S=5 || L2:[sp=Y,26] X=1,K=1,R=1,S=1,C=2,Y=102",-inf,-inf,0,K|Y,1
K,3,C,1,X,25,Y,114,K,6,R,6,S,6,Y,26,X,1,Y,6,R,1,S,2,C,1,K,1,"L1:[sp=K,3] C=1,X=25,Y=114,K=6,R=6,S=6 || L2:[sp=Y,26] X=1,Y=6,R=1,S=2,C=1,K=1",-inf,-inf,0,K|Y,1
K,3,X,223,C,3,Y,114,R,1,K,10,S,5,Y,26,X,162,K,1,R,1,S,1,C,2,Y,1,"L1:[sp=K,3] X=223,C=3,Y=114,R=1,K=10,S=5 || L2:[sp=Y,26] X=162,K=1,R=1,S=1,C=2,Y=1",-inf,-inf,0,K|Y,1
K,3,C,1,K,3,Y,114,R,1,X,223,S,5,Y,114,X,1,S,5,R,1,K,3,C,1,Y,14,"L1:[sp=K,3] C=1,K=3,Y=114,R=1,X=223,S=5 || L2:[sp=Y,114] X=1,S=5,R=1,K=3,C=1,Y=14",-inf,-inf,0,K|Y,1
Y,3,K,10,X,194,C,1,R,1,Y,114,S,5,C,26,R,1,K,4,X,1,S,4,C,1,Y,6,"L1:[sp=Y,3] K=10,X=194,C=1,R=1,Y=114,S=5 || L2:[sp=C,26] R=1,K=4,X=1,S=4,C=1,Y=6",-inf,-inf,0,Y|C,1
K,3,C,1,X,189,Y,36,R,6,K,10,S,6,Y,26,C,1,K,1,R,1,S,2,X,1,Y,1,"L1:[sp=K,3] C=1,X=189,Y=36,R=6,K=10,S=6 || L2:[sp=Y,26] C=1,K=1,R=1,S=2,X=1,Y=1",-inf,-inf,0,K|Y,1
K,3,C,1,K,12,Y,114,R,4,X,48,S,7,Y,26,X,1,S,2,R,1,K,3,C,1,Y,6,"L1:[sp=K,3] C=1,K=12,Y=114,R=4,X=48,S=7 || L2:[sp=Y,26] X=1,S=2,R=1,K=3,C=1,Y=6",-inf,-inf,0,K|Y,1
K,3,C,1,K,12,Y,114,R,5,X,223,S,6,Y,26,X,63,S,2,R,1,K,3,C,1,Y,6,"L1:[sp=K,3] C=1,K=12,Y=114,R=5,X=223,S=6 || L2:[sp=Y,26] X=63,S=2,R=1,K=3,C=1,Y=6",-inf,-inf,0,K|Y,1
K,3,C,1,K,12,Y,114,R,1,S,5,X,223,Y,26,X,1,S,5,R,1,K,3,C,1,Y,113,"L1:[sp=K,3] C=1,K=12,Y=114,R=1,S=5,X=223 || L2:[sp=Y,26] X=1,S=5,R=1,K=3,C=1,Y=113",-inf,-inf,0,K|Y,1
K,3,C,1,X,185,Y,114,K,6,R,2,S,6,Y,26,X,1,K,1,R,1,Y,6,C,1,S,1,"L1:[sp=K,3] C=1,X=185,Y=114,K=6,R=2,S=6 || L2:[sp=Y,26] X=1,K=1,R=1,Y=6,C=1,S=1",-inf,-inf,0,K|Y,1
K,3,C,1,X,223,Y,58,R,1,K,10,S,5,Y,26,C,1,K,1,R,1,S,5,X,1,Y,41,"L1:[sp=K,3] C=1,X=223,Y=58,R=1,K=10,S=5 || L2:[sp=Y,26] C=1,K=1,R=1,S=5,X=1,Y=41",-inf,-inf,0,K|Y,1
K,3,X,223,K,3,Y,15,R,1,C,1,S,7,Y,26,X,1,S,1,R,1,K,1,C,1,Y,1,"L1:[sp=K,3] X=223,K=3,Y=15,R=1,C=1,S=7 || L2:[sp=Y,26] X=1,S=1,R=1,K=1,C=1,Y=1",-inf,-inf,0,K|Y,1
K,3,X,223,K,5,Y,114,R,1,C,1,S,5,Y,26,X,88,C,1,R,1,K,3,S,5,Y,1,"L1:[sp=K,3] X=223,K=5,Y=114,R=1,C=1,S=5 || L2:[sp=Y,26] X=88,C=1,R=1,K=3,S=5,Y=1",-inf,-inf,0,K|Y,1
K,3,C,1,K,3,Y,114,R,2,X,223,S,6,Y,26,X,218,C,1,R,1,K,3,S,6,Y,1,"L1:[sp=K,3] C=1,K=3,Y=114,R=2,X=223,S=6 || L2:[sp=Y,26] X=218,C=1,R=1,K=3,S=6,Y=1",-inf,-inf,0,K|Y,1
K,3,C,1,K,3,R,6,Y,114,X,131,S,6,Y,26,S,2,K,3,C,1,X,1,R,1,Y,1,"L1:[sp=K,3] C=1,K=3,R=6,Y=114,X=131,S=6 || L2:[sp=Y,26] S=2,K=3,C=1,X=1,R=1,Y=1",-inf,-inf,0,K|Y,1
K,3,C,1,K,3,Y,114,R,1,X,223,S,4,Y,26,X,1,S,4,R,1,K,3,C,1,Y,1,"L1:[sp=K,3] C=1,K=3,Y=114,R=1,X=223,S=4 || L2:[sp=Y,26] X=1,S=4,R=1,K=3,C=1,Y=1",-inf,-inf,0,K|Y,1
K,3,C,1,K,56,Y,114,R,6,X,187,S,6,Y,26,S,2,X,1,C,1,K,3,R,1,Y,1,"L1:[sp=K,3] C=1,K=56,Y=114,R=6,X=187,S=6 || L2:[sp=Y,26] S=2,X=1,C=1,K=3,R=1,Y=1",-inf,-inf,0,K|Y,1
K,3,C,1,X,46,Y,114,K,6,R,2,S,5,Y,26,X,3,K,1,R,1,S,5,C,1,Y,1,"L1:[sp=K,3] C=1,X=46,Y=114,K=6,R=2,S=5 || L2:[sp=Y,26] X=3,K=1,R=1,S=5,C=1,Y=1",-inf,-inf,0,K|Y,1
C,3,C,1,S,7,Y,114,R,7,X,223,K,3,Y,26,Y,1,X,1,C,1,K,3,R,7,S,1,"L1:[sp=C,3] C=1,S=7,Y=114,R=7,X=223,K=3 || L2:[sp=Y,26] Y=1,X=1,C=1,K=3,R=7,S=1",-inf,-inf,0,C|Y,1
C,3,C,1,S,5,Y,114,R,1,X,223,K,3,Y,26,Y,89,X,1,C,1,K,3,R,1,S,3,"L1:[sp=C,3] C=1,S=5,Y=114,R=1,X=223,K=3 || L2:[sp=Y,26] Y=89,X=1,C=1,K=3,R=1,S=3",-inf,-inf,0,C|Y,1
K,3,C,1,K,3,Y,114,R,1,X,223,S,3,Y,26,X,1,C,1,R,1,K,3,S,3,Y,56,"L1:[sp=K,3] C=1,K=3,Y=114,R=1,X=223,S=3 || L2:[sp=Y,26] X=1,C=1,R=1,K=3,S=3,Y=56",-inf,-inf,0,K|Y,1
K,3,C,1,S,5,Y,108,K,6,X,223,R,1,Y,26,X,130,Y,1,R,1,S,5,C,1,K,1,"L1:[sp=K,3] C=1,S=5,Y=108,K=6,X=223,R=1 || L2:[sp=Y,26] X=130,Y=1,R=1,S=5,C=1,K=1",-inf,-inf,0,K|Y,1
K,3,C,1,X,2,Y,114,K,6,R,2,S,3,Y,26,X,1,K,1,R,1,S,3,C,1,Y,94,"L1:[sp=K,3] C=1,X=2,Y=114,K=6,R=2,S=3 || L2:[sp=Y,26] X=1,K=1,R=1,S=3,C=1,Y=94",-inf,-inf,0,K|Y,1
C,3,C,1,S,5,Y,114,R,1,X,223,K,3,Y,26,Y,49,X,1,C,1,K,3,R,1,S,5,"L1:[sp=C,3] C=1,S=5,Y=114,R=1,X=223,K=3 || L2:[sp=Y,26] Y=49,X=1,C=1,K=3,R=1,S=5",-inf,-inf,0,C|Y,1
K,3,C,1,S,7,Y,41,K,6,X,223,R,7,Y,26,X,1,K,1,R,7,S,5,C,1,Y,1,"L1:[sp=K,3] C=1,S=7,Y=41,K=6,X=223,R=7 || L2:[sp=Y,26] X=1,K=1,R=7,S=5,C=1,Y=1",-inf,-inf,0,K|Y,1
C,3,C,1,Y,32,X,223,K,6,R,1,S,4,Y,26,X,1,K,1,R,1,S,2,C,1,Y,1,"L1:[sp=C,3] C=1,Y=32,X=223,K=6,R=1,S=4 || L2:[sp=Y,26] X=1,K=1,R=1,S=2,C=1,Y=1",-inf,-inf,0,C|Y,1
K,3,C,1,X,44,Y,114,K,6,R,2,S,6,Y,26,X,1,K,1,R,2,S,1,C,1,Y,1,"L1:[sp=K,3] C=1,X=44,Y=114,K=6,R=2,S=6 || L2:[sp=Y,26] X=1,K=1,R=2,S=1,C=1,Y=1",-inf,-inf,0,K|Y,1
K,3,C,1,K,3,Y,91,R,3,X,223,S,2,Y,26,Y,90,X,1,C,1,K,3,R,3,S,2,"L1:[sp=K,3] C=1,K=3,Y=91,R=3,X=223,S=2 || L2:[sp=Y,26] Y=90,X=1,C=1,K=3,R=3,S=2",-inf,-inf,0,K|Y,1
K,3,C,1,K,3,Y,91,R,1,X,223,S,5,X,8,Y,1,X,63,C,1,K,3,R,1,S,3,"L1:[sp=K,3] C=1,K=3,Y=91,R=1,X=223,S=5 || L2:[sp=X,8] Y=1,X=63,C=1,K=3,R=1,S=3",-inf,-inf,0,K|X,1
K,3,C,2,K,3,Y,58,R,2,X,223,S,3,K,3,X,25,S,3,R,1,K,1,C,1,Y,24,"L1:[sp=K,3] C=2,K=3,Y=58,R=2,X=223,S=3 || L2:[sp=K,3] X=25,S=3,R=1,K=1,C=1,Y=24",-inf,-inf,0,K|K,1
X,3,C,1,K,3,Y,114,R,1,X,223,S,3,Y,26,Y,73,X,1,C,1,K,3,R,1,S,3,"L1:[sp=X,3] C=1,K=3,Y=114,R=1,X=223,S=3 || L2:[sp=Y,26] Y=73,X=1,C=1,K=3,R=1,S=3",-inf,-inf,0,X|Y,1
K,3,C,1,K,3,Y,91,R,5,X,223,S,2,Y,7,Y,1,X,1,C,1,K,3,R,5,S,2,"L1:[sp=K,3] C=1,K=3,Y=91,R=5,X=223,S=2 || L2:[sp=Y,7] Y=1,X=1,C=1,K=3,R=5,S=2",-inf,-inf,0,K|Y,1
K,3,C,1,S,1,Y,91,R,5,X,223,K,3,Y,26,X,1,Y,1,C,1,K,3,S,1,R,1,"L1:[sp=K,3] C=1,S=1,Y=91,R=5,X=223,K=3 || L2:[sp=Y,26] X=1,Y=1,C=1,K=3,S=1,R=1",-inf,-inf,0,K|Y,1
K,3,C,2,S,5,Y,114,K,6,X,150,R,1,Y,26,C,2,K,1,R,1,S,5,X,1,Y,1,"L1:[sp=K,3] C=2,S=5,Y=114,K=6,X=150,R=1 || L2:[sp=Y,26] C=2,K=1,R=1,S=5,X=1,Y=1",-inf,-inf,0,K|Y,1
Y,3,S,5,X,161,Y,114,K,6,R,1,C,1,K,26,X,1,K,1,R,1,S,5,C,1,Y,59,"L1:[sp=Y,3] S=5,X=161,Y=114,K=6,R=1,C=1 || L2:[sp=K,26] X=1,K=1,R=1,S=5,C=1,Y=59",-inf,-inf,0,Y|K,1
K,3,C,2,X,102,Y,114,K,6,S,6,R,2,Y,26,K,1,C,2,R,1,S,1,Y,1,X,1,"L1:[sp=K,3] C=2,X=102,Y=114,K=6,S=6,R=2 || L2:[sp=Y,26] K=1,C=2,R=1,S=1,Y=1,X=1",-inf,-inf,0,K|Y,1
X,3,C,2,S,4,Y,114,K,6,X,223,R,2,Y,26,K,1,C,2,R,1,S,1,Y,1,X,1,"L1:[sp=X,3] C=2,S=4,Y=114,K=6,X=223,R=2 || L2:[sp=Y,26] K=1,C=2,R=1,S=1,Y=1,X=1",-inf,-inf,0,X|Y,1
C,3,C,2,X,223,Y,114,K,6,R,1,S,2,Y,26,X,1,R,1,K,4,C,2,S,2,Y,1,"L1:[sp=C,3] C=2,X=223,Y=114,K=6,R=1,S=2 || L2:[sp=Y,26] X=1,R=1,K=4,C=2,S=2,Y=1",-inf,-inf,0,C|Y,1
K,3,X,176,K,36,Y,114,S,5,C,2,R,2,Y,114,C,1,S,5,R,1,K,1,X,1,Y,1,"L1:[sp=K,3] X=176,K=36,Y=114,S=5,C=2,R=2 || L2:[sp=Y,114] C=1,S=5,R=1,K=1,X=1,Y=1",-inf,-inf,0,K|Y,1
K,3,C,1,X,223,Y,114,K,6,R,1,S,4,Y,26,X,1,K,1,R,1,S,4,C,1,Y,1,"L1:[sp=K,3] C=1,X=223,Y=114,K=6,R=1,S=4 || L2:[sp=Y,26] X=1,K=1,R=1,S=4,C=1,Y=1",-inf,-inf,0,K|Y,1
K,3,C,2,X,223,Y,170,K,6,R,2,S,2,Y,26,X,1,R,1,K,1,C,2,S,1,Y,59,"L1:[sp=K,3] C=2,X=223,Y=170,K=6,R=2,S=2 || L2:[sp=Y,26] X=1,R=1,K=1,C=2,S=1,Y=59",-inf,-inf,0,K|Y,1
K,3,C,2,K,6,Y,137,S,5,X,223,R,5,Y,114,C,1,K,1,R,1,S,5,X,1,Y,136,"L1:[sp=K,3] C=2,K=6,Y=137,S=5,X=223,R=5 || L2:[sp=Y,114] C=1,K=1,R=1,S=5,X=1,Y=136",-inf,-inf,0,K|Y,1
Y,3,K,6,Y,114,X,223,C,1,R,1,S,5,K,26,X,1,K,1,R,1,S,5,Y,36,C,1,"L1:[sp=Y,3] K=6,Y=114,X=223,C=1,R=1,S=5 || L2:[sp=K,26] X=1,K=1,R=1,S=5,Y=36,C=1",-inf,-inf,0,Y|K,1
K,3,K,6,Y,37,X,61,C,1,R,6,S,5,Y,26,X,1,K,1,R,1,S,5,Y,1,C,1,"L1:[sp=K,3] K=6,Y=37,X=61,C=1,R=6,S=5 || L2:[sp=Y,26] X=1,K=1,R=1,S=5,Y=1,C=1",-inf,-inf,0,K|Y,1
K,3,C,3,S,5,Y,114,K,6,X,223,R,7,Y,26,C,2,K,1,R,1,S,5,X,172,Y,1,"L1:[sp=K,3] C=3,S=5,Y=114,K=6,X=223,R=7 || L2:[sp=Y,26] C=2,K=1,R=1,S=5,X=172,Y=1",-inf,-inf,0,K|Y,1
K,3,R,1,K,6,Y,114,S,5,X,147,C,1,Y,114,C,1,K,1,R,1,S,5,X,1,Y,1,"L1:[sp=K,3] R=1,K=6,Y=114,S=5,X=147,C=1 || L2:[sp=Y,114] C=1,K=1,R=1,S=5,X=1,Y=1",-inf,-inf,0,K|Y,1
K,3,C,2,K,33,Y,114,S,5,X,96,R,5,Y,114,C,1,K,5,R,1,S,5,X,1,Y,1,"L1:[sp=K,3] C=2,K=33,Y=114,S=5,X=96,R=5 || L2:[sp=Y,114] C=1,K=5,R=1,S=5,X=1,Y=1",-inf,-inf,0,K|Y,1
K,3,C,1,X,223,Y,114,K,6,R,2,S,5,Y,26,X,188,K,1,R,1,S,5,C,1,Y,1,"L1:[sp=K,3] C=1,X=223,Y=114,K=6,R=2,S=5 || L2:[sp=Y,26] X=188,K=1,R=1,S=5,C=1,Y=1",-inf,-inf,0,K|Y,1
K,3,C,1,K,6,Y,114,S,5,X,223,R,5,Y,114,C,1,K,5,R,1,S,5,X,1,Y,34,"L1:[sp=K,3] C=1,K=6,Y=114,S=5,X=223,R=5 || L2:[sp=Y,114] C=1,K=5,R=1,S=5,X=1,Y=34",-inf,-inf,0,K|Y,1
Y,3,C,1,X,223,Y,114,K,6,R,2,S,6,K,26,X,1,K,1,R,1,S,1,C,1,Y,9,"L1:[sp=Y,3] C=1,X=223,Y=114,K=6,R=2,S=6 || L2:[sp=K,26] X=1,K=1,R=1,S=1,C=1,Y=9",-inf,-inf,0,Y|K,1
K,3,Y,114,K,6,X,223,R,2,C,2,S,5,Y,26,X,42,K,1,R,1,S,5,Y,112,C,1,"L1:[sp=K,3] Y=114,K=6,X=223,R=2,C=2,S=5 || L2:[sp=Y,26] X=42,K=1,R=1,S=5,Y=112,C=1",-inf,-inf,0,K|Y,1
K,3,C,1,X,223,Y,114,K,6,R,6,S,2,Y,26,R,1,K,1,X,1,S,2,C,1,Y,1,"L1:[sp=K,3] C=1,X=223,Y=114,K=6,R=6,S=2 || L2:[sp=Y,26] R=1,K=1,X=1,S=2,C=1,Y=1",-inf,-inf,0,K|Y,1
K,3,C,1,X,176,Y,212,K,6,R,5,S,5,K,2,X,1,K,1,R,1,S,2,C,1,Y,1,"L1:[sp=K,3] C=1,X=176,Y=212,K=6,R=5,S=5 || L2:[sp=K,2] X=1,K=1,R=1,S=2,C=1,Y=1",-inf,-inf,0,K|K,1
K,3,K,6,Y,47,X,223,C,2,R,5,S,5,Y,26,X,129,K,5,R,1,S,2,Y,1,C,1,"L1:[sp=K,3] K=6,Y=47,X=223,C=2,R=5,S=5 || L2:[sp=Y,26] X=129,K=5,R=1,S=2,Y=1,C=1",-inf,-inf,0,K|Y,1
K,3,Y,114,K,6,X,223,R,6,C,3,S,5,Y,26,X,105,K,3,R,5,S,5,Y,1,C,1,"L1:[sp=K,3] Y=114,K=6,X=223,R=6,C=3,S=5 || L2:[sp=Y,26] X=105,K=3,R=5,S=5,Y=1,C=1",-inf,-inf,0,K|Y,1
K,3,Y,114,K,6,X,70,R,2,S,5,C,2,Y,26,X,1,K,1,R,2,S,1,Y,3,C,1,"L1:[sp=K,3] Y=114,K=6,X=70,R=2,S=5,C=2 || L2:[sp=Y,26] X=1,K=1,R=2,S=1,Y=3,C=1",-inf,-inf,0,K|Y,1
C,3,Y,114,K,21,X,223,R,6,C,2,S,4,Y,26,X,1,K,1,R,1,S,4,Y,1,C,1,"L1:[sp=C,3] Y=114,K=21,X=223,R=6,C=2,S=4 || L2:[sp=Y,26] X=1,K=1,R=1,S=4,Y=1,C=1",-inf,-inf,0,C|Y,1
K,3,K,6,Y,189,X,69,C,1,R,2,S,6,Y,26,X,1,K,6,R,2,S,1,Y,1,C,1,"L1:[sp=K,3] K=6,Y=189,X=69,C=1,R=2,S=6 || L2:[sp=Y,26] X=1,K=6,R=2,S=1,Y=1,C=1",-inf,-inf,0,K|Y,1
K,3,Y,114,X,18,C,2,K,6,R,2,S,5,Y,26,Y,3,X,1,S,1,R,2,C,1,K,1,"L1:[sp=K,3] Y=114,X=18,C=2,K=6,R=2,S=5 || L2:[sp=Y,26] Y=3,X=1,S=1,R=2,C=1,K=1",-inf,-inf,0,K|Y,1
K,3,C,1,X,223,Y,114,K,6,R,2,S,1,Y,26,X,1,K,1,R,1,S,1,C,1,Y,1,"L1:[sp=K,3] C=1,X=223,Y=114,K=6,R=2,S=1 || L2:[sp=Y,26] X=1,K=1,R=1,S=1,C=1,Y=1",-inf,-inf,0,K|Y,1
K,3,C,2,Y,68,X,223,K,6,R,5,S,6,Y,26,X,1,K,5,R,1,S,1,C,1,Y,1,"L1:[sp=K,3] C=2,Y=68,X=223,K=6,R=5,S=6 || L2:[sp=Y,26] X=1,K=5,R=1,S=1,C=1,Y=1",-inf,-inf,0,K|Y,1
K,3,Y,148,K,6,X,223,R,2,S,6,C,2,Y,26,X,1,K,1,R,1,S,6,Y,110,C,2,"L1:[sp=K,3] Y=148,K=6,X=223,R=2,S=6,C=2 || L2:[sp=Y,26] X=1,K=1,R=1,S=6,Y=110,C=2",-inf,-inf,0,K|Y,1
K,3,C,1,X,17,Y,114,K,6,R,2,S,6,Y,26,X,1,K,1,R,1,S,1,C,1,Y,1,"L1:[sp=K,3] C=1,X=17,Y=114,K=6,R=2,S=6 || L2:[sp=Y,26] X=1,K=1,R=1,S=1,C=1,Y=1",-inf,-inf,0,K|Y,1
K,3,K,6,Y,16,C,2,X,122,R,2,S,6,Y,26,X,1,K,5,R,1,S,1,Y,1,C,1,"L1:[sp=K,3] K=6,Y=16,C=2,X=122,R=2,S=6 || L2:[sp=Y,26] X=1,K=5,R=1,S=1,Y=1,C=1",-inf,-inf,0,K|Y,1
K,3,K,11,Y,70,X,223,C,2,R,6,S,5,Y,26,X,1,K,5,R,1,S,5,Y,70,C,1,"L1:[sp=K,3] K=11,Y=70,X=223,C=2,R=6,S=5 || L2:[sp=Y,26] X=1,K=5,R=1,S=5,Y=70,C=1",-inf,-inf,0,K|Y,1
K,3,K,6,Y,148,X,223,C,2,R,6,S,2,Y,26,X,1,K,5,R,1,S,1,Y,118,C,1,"L1:[sp=K,3] K=6,Y=148,X=223,C=2,R=6,S=2 || L2:[sp=Y,26] X=1,K=5,R=1,S=1,Y=118,C=1",-inf,-inf,0,K|Y,1
K,3,K,6,Y,148,X,223,C,2,R,5,S,6,Y,26,X,18,Y,1,R,4,S,1,C,1,K,5,"L1:[sp=K,3] K=6,Y=148,X=223,C=2,R=5,S=6 || L2:[sp=Y,26] X=18,Y=1,R=4,S=1,C=1,K=5",-inf,-inf,0,K|Y,1
K,3,K,6,Y,114,X,60,S,5,R,6,C,3,Y,26,X,1,K,5,R,1,S,5,Y,1,C,1,"L1:[sp=K,3] K=6,Y=114,X=60,S=5,R=6,C=3 || L2:[sp=Y,26] X=1,K=5,R=1,S=5,Y=1,C=1",-inf,-inf,0,K|Y,1
K,3,C,2,S,5,Y,148,K,15,X,223,R,6,Y,114,R,1,S,5,Y,1,X,214,K,6,C,1,"L1:[sp=K,3] C=2,S=5,Y=148,K=15,X=223,R=6 || L2:[sp=Y,114] R=1,S=5,Y=1,X=214,K=6,C=1",-inf,-inf,0,K|Y,1
K,3,K,6,Y,148,X,223,C,2,R,6,S,6,Y,26,X,1,K,5,R,1,S,1,C,1,Y,97,"L1:[sp=K,3] K=6,Y=148,X=223,C=2,R=6,S=6 || L2:[sp=Y,26] X=1,K=5,R=1,S=1,C=1,Y=97",-inf,-inf,0,K|Y,1
K,3,C,2,Y,148,X,223,K,6,R,6,S,5,Y,26,X,1,K,5,R,1,S,5,Y,1,C,1,"L1:[sp=K,3] C=2,Y=148,X=223,K=6,R=6,S=5 || L2:[sp=Y,26] X=1,K=5,R=1,S=5,Y=1,C=1",-inf,-inf,0,K|Y,1
K,3,K,33,Y,115,X,44,C,2,R,1,S,6,Y,26,X,1,K,5,S,1,R,1,C,1,Y,3,"L1:[sp=K,3] K=33,Y=115,X=44,C=2,R=1,S=6 || L2:[sp=Y,26] X=1,K=5,S=1,R=1,C=1,Y=3",-inf,-inf,0,K|Y,1
K,3,K,6,Y,114,X,223,C,2,R,2,S,5,Y,26,X,1,K,5,R,1,S,5,Y,103,C,1,"L1:[sp=K,3] K=6,Y=114,X=223,C=2,R=2,S=5 || L2:[sp=Y,26] X=1,K=5,R=1,S=5,Y=103,C=1",-inf,-inf,0,K|Y,1
K,3,K,11,Y,148,X,223,C,3,R,6,S,5,Y,26,X,1,K,5,S,5,R,1,Y,29,C,1,"L1:[sp=K,3] K=11,Y=148,X=223,C=3,R=6,S=5 || L2:[sp=Y,26] X=1,K=5,S=5,R=1,Y=29,C=1",-inf,-inf,0,K|Y,1
K,3,K,11,Y,148,X,223,C,3,R,2,S,4,Y,26,X,1,K,5,R,1,S,4,Y,1,C,1,"L1:[sp=K,3] K=11,Y=148,X=223,C=3,R=2,S=4 || L2:[sp=Y,26] X=1,K=5,R=1,S=4,Y=1,C=1",-inf,-inf,0,K|Y,1
K,3,K,8,Y,148,X,223,C,3,R,2,S,6,Y,37,X,42,R,1,K,5,S,1,Y,110,C,1,"L1:[sp=K,3] K=8,Y=148,X=223,C=3,R=2,S=6 || L2:[sp=Y,37] X=42,R=1,K=5,S=1,Y=110,C=1",-inf,-inf,0,K|Y,1
K,3,K,8,Y,148,X,52,S,5,R,6,C,3,Y,26,X,1,K,5,R,1,S,5,Y,1,C,1,"L1:[sp=K,3] K=8,Y=148,X=52,S=5,R=6,C=3 || L2:[sp=Y,26] X=1,K=5,R=1,S=5,Y=1,C=1",-inf,-inf,0,K|Y,1
K,3,K,33,Y,148,X,223,C,2,R,2,S,1,Y,26,X,1,K,5,S,1,R,1,C,1,Y,1,"L1:[sp=K,3] K=33,Y=148,X=223,C=2,R=2,S=1 || L2:[sp=Y,26] X=1,K=5,S=1,R=1,C=1,Y=1",-inf,-inf,0,K|Y,1
K,3,K,11,Y,148,X,223,C,3,R,3,S,5,Y,26,X,1,K,5,R,1,S,5,Y,121,C,1,"L1:[sp=K,3] K=11,Y=148,X=223,C=3,R=3,S=5 || L2:[sp=Y,26] X=1,K=5,R=1,S=5,Y=121,C=1",-inf,-inf,0,K|Y,1
C,3,Y,148,K,33,X,175,C,2,R,2,S,6,Y,26,X,1,K,5,S,1,R,1,C,1,Y,1,"L1:[sp=C,3] Y=148,K=33,X=175,C=2,R=2,S=6 || L2:[sp=Y,26] X=1,K=5,S=1,R=1,C=1,Y=1",-inf,-inf,0,C|Y,1
Y,3,Y,114,K,9,X,211,R,2,S,1,C,2,Y,26,X,1,K,1,Y,3,S,1,R,2,C,1,"L1:[sp=Y,3] Y=114,K=9,X=211,R=2,S=1,C=2 || L2:[sp=Y,26] X=1,K=1,Y=3,S=1,R=2,C=1",-inf,-inf,0,Y|Y,1
Y,3,K,58,Y,148,X,141,C,2,R,2,S,6,K,26,X,1,K,5,R,1,S,1,C,1,Y,1,"L1:[sp=Y,3] K=58,Y=148,X=141,C=2,R=2,S=6 || L2:[sp=K,26] X=1,K=5,R=1,S=1,C=1,Y=1",-inf,-inf,0,Y|K,1
X,3,K,8,Y,148,X,223,C,3,R,6,S,4,Y,26,X,1,K,5,R,1,S,4,Y,1,C,1,"L1:[sp=X,3] K=8,Y=148,X=223,C=3,R=6,S=4 || L2:[sp=Y,26] X=1,K=5,R=1,S=4,Y=1,C=1",-inf,-inf,0,X|Y,1
K,3,K,33,Y,148,X,223,C,2,R,6,S,5,Y,26,X,1,K,5,S,5,R,1,C,1,Y,62,"L1:[sp=K,3] K=33,Y=148,X=223,C=2,R=6,S=5 || L2:[sp=Y,26] X=1,K=5,S=5,R=1,C=1,Y=62",-inf,-inf,0,K|Y,1
Y,3,Y,114,K,9,X,223,R,2,S,6,C,2,Y,26,X,100,K,1,Y,3,S,6,R,2,C,1,"L1:[sp=Y,3] Y=114,K=9,X=223,R=2,S=6,C=2 || L2:[sp=Y,26] X=100,K=1,Y=3,S=6,R=2,C=1",-inf,-inf,0,Y|Y,1
K,3,R,2,Y,148,X,6,C,2,K,33,S,4,Y,26,X,1,K,5,S,2,R,1,C,1,Y,1,"L1:[sp=K,3] R=2,Y=148,X=6,C=2,K=33,S=4 || L2:[sp=Y,26] X=1,K=5,S=2,R=1,C=1,Y=1",-inf,-inf,0,K|Y,1
K,3,K,11,Y,148,X,79,C,1,R,6,S,5,Y,26,X,1,K,5,R,4,S,5,Y,1,C,1,"L1:[sp=K,3] K=11,Y=148,X=79,C=1,R=6,S=5 || L2:[sp=Y,26] X=1,K=5,R=4,S=5,Y=1,C=1",-inf,-inf,0,K|Y,1
K,3,K,33,Y,148,X,118,C,2,R,2,S,6,Y,26,X,1,K,5,S,1,R,1,C,1,Y,1,"L1:[sp=K,3] K=33,Y=148,X=118,C=2,R=2,S=6 || L2:[sp=Y,26] X=1,K=5,S=1,R=1,C=1,Y=1",-inf,-inf,0,K|Y,1
K,3,Y,148,K,42,X,223,C,2,R,2,S,4,Y,26,X,1,K,5,S,4,R,1,C,1,Y,1,"L1:[sp=K,3] Y=148,K=42,X=223,C=2,R=2,S=4 || L2:[sp=Y,26] X=1,K=5,S=4,R=1,C=1,Y=1",-inf,-inf,0,K|Y,1
Y,3,Y,114,K,9,X,223,R,2,S,6,C,2,Y,26,X,223,K,1,Y,4,S,1,C,2,R,1,"L1:[sp=Y,3] Y=114,K=9,X=223,R=2,S=6,C=2 || L2:[sp=Y,26] X=223,K=1,Y=4,S=1,C=2,R=1",-inf,-inf,0,Y|Y,1
K,3,K,33,Y,148,X,223,C,2,R,2,S,6,Y,26,X,1,K,5,S,6,R,2,C,2,Y,22,"L1:[sp=K,3] K=33,Y=148,X=223,C=2,R=2,S=6 || L2:[sp=Y,26] X=1,K=5,S=6,R=2,C=2,Y=22",-inf,-inf,0,K|Y,1
Y,3,Y,114,K,9,X,25,R,6,S,5,C,2,Y,26,Y,85,K,1,X,1,S,5,R,1,C,1,"L1:[sp=Y,3] Y=114,K=9,X=25,R=6,S=5,C=2 || L2:[sp=Y,26] Y=85,K=1,X=1,S=5,R=1,C=1",-inf,-inf,0,Y|Y,1
K,3,K,6,Y,77,X,142,C,2,R,2,S,4,Y,26,X,1,S,1,R,1,K,5,C,1,Y,61,"L1:[sp=K,3] K=6,Y=77,X=142,C=2,R=2,S=4 || L2:[sp=Y,26] X=1,S=1,R=1,K=5,C=1,Y=61",-inf,-inf,0,K|Y,1
K,3,K,11,Y,148,X,223,C,3,R,1,S,5,Y,26,X,1,K,5,R,1,S,5,Y,134,C,1,"L1:[sp=K,3] K=11,Y=148,X=223,C=3,R=1,S=5 || L2:[sp=Y,26] X=1,K=5,R=1,S=5,Y=134,C=1",-inf,-inf,0,K|Y,1
Y,3,Y,114,K,8,X,223,R,2,S,2,C,2,Y,26,X,1,K,1,Y,3,S,2,C,2,R,1,"L1:[sp=Y,3] Y=114,K=8,X=223,R=2,S=2,C=2 || L2:[sp=Y,26] X=1,K=1,Y=3,S=2,C=2,R=1",-inf,-inf,0,Y|Y,1
K,3,K,11,Y,148,X,68,C,3,R,1,S,6,Y,26,X,1,K,5,R,1,S,1,Y,1,C,1,"L1:[sp=K,3] K=11,Y=148,X=68,C=3,R=1,S=6 || L2:[sp=Y,26] X=1,K=5,R=1,S=1,Y=1,C=1",-inf,-inf,0,K|Y,1
K,3,S,4,Y,148,X,223,R,2,C,1,K,11,Y,26,X,1,K,5,R,1,S,1,Y,1,C,1,"L1:[sp=K,3] S=4,Y=148,X=223,R=2,C=1,K=11 || L2:[sp=Y,26] X=1,K=5,R=1,S=1,Y=1,C=1",-inf,-inf,0,K|Y,1
Y,3,K,11,Y,148,X,223,C,3,R,2,S,6,K,26,X,1,K,2,R,1,S,1,Y,1,C,1,"L1:[sp=Y,3] K=11,Y=148,X=223,C=3,R=2,S=6 || L2:[sp=K,26] X=1,K=2,R=1,S=1,Y=1,C=1",-inf,-inf,0,Y|K,1
K,3,K,11,Y,148,X,223,C,3,R,2,S,6,C,1,X,77,K,5,R,1,S,1,Y,1,C,1,"L1:[sp=K,3] K=11,Y=148,X=223,C=3,R=2,S=6 || L2:[sp=C,1] X=77,K=5,R=1,S=1,Y=1,C=1",-inf,-inf,0,K|C,1
Y,3,Y,43,K,9,X,106,R,2,S,6,C,2,C,2,X,1,K,1,Y,3,S,3,C,2,R,2,"L1:[sp=Y,3] Y=43,K=9,X=106,R=2,S=6,C=2 || L2:[sp=C,2] X=1,K=1,Y=3,S=3,C=2,R=2",-inf,-inf,0,Y|C,1
K,3,K,23,Y,148,X,223,C,2,R,2,S,5,Y,26,X,1,K,4,R,1,S,5,Y,1,C,2,"L1:[sp=K,3] K=23,Y=148,X=223,C=2,R=2,S=5 || L2:[sp=Y,26] X=1,K=4,R=1,S=5,Y=1,C=2",-inf,-inf,0,K|Y,1
Y,3,Y,114,K,9,X,96,S,6,R,2,C,2,K,9,X,1,K,1,Y,3,S,1,C,2,R,1,"L1:[sp=Y,3] Y=114,K=9,X=96,S=6,R=2,C=2 || L2:[sp=K,9] X=1,K=1,Y=3,S=1,C=2,R=1",-inf,-inf,0,Y|K,1
K,3,K,32,Y,148,X,223,C,3,R,2,S,6,Y,26,X,1,K,4,R,1,S,1,Y,1,C,1,"L1:[sp=K,3] K=32,Y=148,X=223,C=3,R=2,S=6 || L2:[sp=Y,26] X=1,K=4,R=1,S=1,Y=1,C=1",-inf,-inf,0,K|Y,1
Y,3,K,23,Y,148,X,223,C,3,R,2,S,3,K,26,X,1,K,5,R,1,S,2,Y,1,C,1,"L1:[sp=Y,3] K=23,Y=148,X=223,C=3,R=2,S=3 || L2:[sp=K,26] X=1,K=5,R=1,S=2,Y=1,C=1",-inf,-inf,0,Y|K,1
Y,3,Y,149,K,9,X,223,R,2,S,1,C,2,Y,26,X,1,K,1,Y,3,R,1,C,2,S,1,"L1:[sp=Y,3] Y=149,K=9,X=223,R=2,S=1,C=2 || L2:[sp=Y,26] X=1,K=1,Y=3,R=1,C=2,S=1",-inf,-inf,0,Y|Y,1
Y,3,Y,148,K,9,X,223,R,2,S,5,C,2,C,26,S,5,K,1,Y,1,X,121,C,2,R,1,"L1:[sp=Y,3] Y=148,K=9,X=223,R=2,S=5,C=2 || L2:[sp=C,26] S=5,K=1,Y=1,X=121,C=2,R=1",-inf,-inf,0,Y|C,1
Y,3,X,103,K,29,R,2,Y,148,S,5,C,2,Y,26,R,1,K,24,Y,1,S,5,C,2,X,1,"L1:[sp=Y,3] X=103,K=29,R=2,Y=148,S=5,C=2 || L2:[sp=Y,26] R=1,K=24,Y=1,S=5,C=2,X=1",-inf,-inf,0,Y|Y,1
K,3,S,6,Y,148,X,156,C,3,R,7,K,11,Y,26,X,1,K,5,R,1,S,1,Y,1,C,1,"L1:[sp=K,3] S=6,Y=148,X=156,C=3,R=7,K=11 || L2:[sp=Y,26] X=1,K=5,R=1,S=1,Y=1,C=1",-inf,-inf,0,K|Y,1
Y,3,Y,148,K,3,X,128,R,2,S,5,C,2,Y,26,X,1,K,1,Y,102,S,5,C,2,R,1,"L1:[sp=Y,3] Y=148,K=3,X=128,R=2,S=5,C=2 || L2:[sp=Y,26] X=1,K=1,Y=102,S=5,C=2,R=1",-inf,-inf,0,Y|Y,1
Y,3,K,44,Y,152,X,223,C,3,R,2,S,6,K,26,X,138,K,1,R,2,S,1,C,1,Y,1,"L1:[sp=Y,3] K=44,Y=152,X=223,C=3,R=2,S=6 || L2:[sp=K,26] X=138,K=1,R=2,S=1,C=1,Y=1",-inf,-inf,0,Y|K,1
Y,3,X,223,K,29,R,7,Y,43,S,6,C,2,Y,26,X,1,K,24,Y,3,S,1,C,2,R,3,"L1:[sp=Y,3] X=223,K=29,R=7,Y=43,S=6,C=2 || L2:[sp=Y,26] X=1,K=24,Y=3,S=1,C=2,R=3",-inf,-inf,0,Y|Y,1
Y,3,X,104,C,2,R,7,Y,43,K,19,S,6,Y,26,X,34,K,1,Y,3,S,1,C,2,R,1,"L1:[sp=Y,3] X=104,C=2,R=7,Y=43,K=19,S=6 || L2:[sp=Y,26] X=34,K=1,Y=3,S=1,C=2,R=1",-inf,-inf,0,Y|Y,1
Y,3,Y,70,K,23,X,39,R,2,S,6,C,2,Y,26,X,1,K,18,Y,3,S,1,C,1,R,1,"L1:[sp=Y,3] Y=70,K=23,X=39,R=2,S=6,C=2 || L2:[sp=Y,26] X=1,K=18,Y=3,S=1,C=1,R=1",-inf,-inf,0,Y|Y,1
Y,3,Y,43,K,23,X,223,R,1,S,6,C,2,Y,26,S,1,K,1,Y,3,X,125,C,2,R,1,"L1:[sp=Y,3] Y=43,K=23,X=223,R=1,S=6,C=2 || L2:[sp=Y,26] S=1,K=1,Y=3,X=125,C=2,R=1",-inf,-inf,0,Y|Y,1
Y,3,X,223,K,19,R,2,Y,43,C,2,S,7,Y,26,X,1,K,1,Y,3,S,1,C,1,R,1,"L1:[sp=Y,3] X=223,K=19,R=2,Y=43,C=2,S=7 || L2:[sp=Y,26] X=1,K=1,Y=3,S=1,C=1,R=1",-inf,-inf,0,Y|Y,1
Y,3,Y,63,K,23,X,223,R,2,S,6,C,2,Y,26,X,142,K,1,Y,3,S,1,C,1,R,1,"L1:[sp=Y,3] Y=63,K=23,X=223,R=2,S=6,C=2 || L2:[sp=Y,26] X=142,K=1,Y=3,S=1,C=1,R=1",-inf,-inf,0,Y|Y,1
Y,3,X,75,K,19,R,2,Y,63,C,2,S,6,Y,26,X,1,K,1,Y,3,S,1,C,2,R,1,"L1:[sp=Y,3] X=75,K=19,R=2,Y=63,C=2,S=6 || L2:[sp=Y,26] X=1,K=1,Y=3,S=1,C=2,R=1",-inf,-inf,0,Y|Y,1
Y,3,X,30,K,19,Y,63,S,6,C,2,R,1,Y,26,X,1,K,1,Y,3,S,1,C,2,R,1,"L1:[sp=Y,3] X=30,K=19,Y=63,S=6,C=2,R=1 || L2:[sp=Y,26] X=1,K=1,Y=3,S=1,C=2,R=1",-inf,-inf,0,Y|Y,1
Y,3,Y,43,K,62,X,223,R,2,S,6,C,2,Y,26,X,1,K,21,Y,33,S,1,C,1,R,1,"L1:[sp=Y,3] Y=43,K=62,X=223,R=2,S=6,C=2 || L2:[sp=Y,26] X=1,K=21,Y=33,S=1,C=1,R=1",-inf,-inf,0,Y|Y,1
K,3,R,7,Y,109,X,223,K,11,C,2,S,6,Y,26,X,193,K,5,R,2,S,1,Y,3,C,2,"L1:[sp=K,3] R=7,Y=109,X=223,K=11,C=2,S=6 || L2:[sp=Y,26] X=193,K=5,R=2,S=1,Y=3,C=2",-inf,-inf,0,K|Y,1
Y,3,K,11,Y,148,X,223,C,3,R,2,S,6,Y,26,R,1,K,5,X,184,S,1,Y,1,C,1,"L1:[sp=Y,3] K=11,Y=148,X=223,C=3,R=2,S=6 || L2:[sp=Y,26] R=1,K=5,X=184,S=1,Y=1,C=1",-inf,-inf,0,Y|Y,1
Y,3,X,223,K,19,R,2,Y,63,C,2,S,5,Y,26,X,137,K,12,Y,49,S,1,C,2,R,1,"L1:[sp=Y,3] X=223,K=19,R=2,Y=63,C=2,S=5 || L2:[sp=Y,26] X=137,K=12,Y=49,S=1,C=2,R=1",-inf,-inf,0,Y|Y,1
Y,3,Y,199,K,23,X,223,R,2,S,6,C,2,Y,26,X,1,K,21,Y,2,S,1,C,2,R,1,"L1:[sp=Y,3] Y=199,K=23,X=223,R=2,S=6,C=2 || L2:[sp=Y,26] X=1,K=21,Y=2,S=1,C=2,R=1",-inf,-inf,0,Y|Y,1
K,3,K,11,Y,148,X,223,C,3,R,7,S,6,Y,26,Y,92,K,1,R,7,X,1,S,1,C,3,"L1:[sp=K,3] K=11,Y=148,X=223,C=3,R=7,S=6 || L2:[sp=Y,26] Y=92,K=1,R=7,X=1,S=1,C=3",-inf,-inf,0,K|Y,1
K,3,K,11,Y,148,X,127,C,3,R,2,S,6,Y,26,X,63,K,5,R,1,S,2,Y,1,C,1,"L1:[sp=K,3] K=11,Y=148,X=127,C=3,R=2,S=6 || L2:[sp=Y,26] X=63,K=5,R=1,S=2,Y=1,C=1",-inf,-inf,0,K|Y,1
Y,3,X,223,K,19,S,1,Y,63,C,2,R,2,X,1,X,1,K,1,Y,3,S,1,C,2,R,1,"L1:[sp=Y,3] X=223,K=19,S=1,Y=63,C=2,R=2 || L2:[sp=X,1] X=1,K=1,Y=3,S=1,C=2,R=1",-inf,-inf,0,Y|X,1
Y,3,Y,43,K,23,X,10,R,7,S,6,C,2,Y,26,X,1,K,21,Y,3,S,1,C,1,R,4,"L1:[sp=Y,3] Y=43,K=23,X=10,R=7,S=6,C=2 || L2:[sp=Y,26] X=1,K=21,Y=3,S=1,C=1,R=4",-inf,-inf,0,Y|Y,1
Y,3,X,42,K,19,S,6,Y,43,C,2,R,2,Y,26,X,1,K,1,Y,3,S,1,C,2,R,1,"L1:[sp=Y,3] X=42,K=19,S=6,Y=43,C=2,R=2 || L2:[sp=Y,26] X=1,K=1,Y=3,S=1,C=2,R=1",-inf,-inf,0,Y|Y,1
Y,3,X,223,K,19,R,2,Y,43,C,2,S,6,Y,26,X,1,K,14,Y,3,S,6,C,2,R,1,"L1:[sp=Y,3] X=223,K=19,R=2,Y=43,C=2,S=6 || L2:[sp=Y,26] X=1,K=14,Y=3,S=6,C=2,R=1",-inf,-inf,0,Y|Y,1
Y,3,X,158,K,19,S,6,Y,63,C,2,R,2,Y,26,X,1,K,1,Y,38,S,1,C,2,R,1,"L1:[sp=Y,3] X=158,K=19,S=6,Y=63,C=2,R=2 || L2:[sp=Y,26] X=1,K=1,Y=38,S=1,C=2,R=1",-inf,-inf,0,Y|Y,1
K,3,K,11,Y,63,X,223,C,2,R,2,S,6,Y,26,Y,3,K,1,R,1,S,3,X,74,C,2,"L1:[sp=K,3] K=11,Y=63,X=223,C=2,R=2,S=6 || L2:[sp=Y,26] Y=3,K=1,R=1,S=3,X=74,C=2",-inf,-inf,0,K|Y,1
Y,3,X,223,K,25,R,7,Y,148,C,3,S,1,Y,26,X,1,K,14,Y,1,S,1,C,1,R,3,"L1:[sp=Y,3] X=223,K=25,R=7,Y=148,C=3,S=1 || L2:[sp=Y,26] X=1,K=14,Y=1,S=1,C=1,R=3",-inf,-inf,0,Y|Y,1
Y,3,C,2,K,19,R,2,Y,50,X,223,S,6,Y,26,X,40,K,14,Y,42,S,2,R,1,C,2,"L1:[sp=Y,3] C=2,K=19,R=2,Y=50,X=223,S=6 || L2:[sp=Y,26] X=40,K=14,Y=42,S=2,R=1,C=2",-inf,-inf,0,Y|Y,1
K,3,K,11,Y,148,X,223,C,1,R,7,S,6,Y,26,Y,1,K,1,R,7,S,1,X,217,C,1,"L1:[sp=K,3] K=11,Y=148,X=223,C=1,R=7,S=6 || L2:[sp=Y,26] Y=1,K=1,R=7,S=1,X=217,C=1",-inf,-inf,0,K|Y,1
Y,3,Y,43,K,23,X,223,R,7,S,6,C,2,K,1,X,178,K,21,Y,3,S,1,C,1,R,1,"L1:[sp=Y,3] Y=43,K=23,X=223,R=7,S=6,C=2 || L2:[sp=K,1] X=178,K=21,Y=3,S=1,C=1,R=1",-inf,-inf,0,Y|K,1
K,3,K,11,Y,148,X,187,S,6,R,2,C,3,Y,26,Y,1,K,5,R,1,S,1,X,16,C,1,"L1:[sp=K,3] K=11,Y=148,X=187,S=6,R=2,C=3 || L2:[sp=Y,26] Y=1,K=5,R=1,S=1,X=16,C=1",-inf,-inf,0,K|Y,1
Y,3,K,11,Y,224,X,223,C,3,R,7,S,6,K,26,S,1,K,5,R,7,Y,1,X,61,C,1,"L1:[sp=Y,3] K=11,Y=224,X=223,C=3,R=7,S=6 || L2:[sp=K,26] S=1,K=5,R=7,Y=1,X=61,C=1",-inf,-inf,0,Y|K,1
Y,3,Y,43,K,23,X,223,S,1,R,2,C,2,Y,26,X,1,K,13,Y,3,S,1,C,1,R,1,"L1:[sp=Y,3] Y=43,K=23,X=223,S=1,R=2,C=2 || L2:[sp=Y,26] X=1,K=13,Y=3,S=1,C=1,R=1",-inf,-inf,0,Y|Y,1
K,3,K,11,X,223,R,2,C,3,Y,76,S,6,Y,76,Y,68,K,8,R,1,S,2,X,1,C,1,"L1:[sp=K,3] K=11,X=223,R=2,C=3,Y=76,S=6 || L2:[sp=Y,76] Y=68,K=8,R=1,S=2,X=1,C=1",-inf,-inf,0,K|Y,1
Y,3,X,223,K,19,R,7,Y,50,C,1,S,6,Y,26,X,1,K,14,Y,43,S,1,C,1,R,1,"L1:[sp=Y,3] X=223,K=19,R=7,Y=50,C=1,S=6 || L2:[sp=Y,26] X=1,K=14,Y=43,S=1,C=1,R=1",-inf,-inf,0,Y|Y,1
Y,3,X,223,K,25,R,2,Y,71,C,2,S,6,Y,26,X,108,K,14,Y,3,S,6,C,2,R,1,"L1:[sp=Y,3] X=223,K=25,R=2,Y=71,C=2,S=6 || L2:[sp=Y,26] X=108,K=14,Y=3,S=6,C=2,R=1",-inf,-inf,0,Y|Y,1
Y,3,Y,143,K,23,X,54,R,2,S,6,C,2,Y,26,X,1,K,21,Y,1,S,3,C,1,R,1,"L1:[sp=Y,3] Y=143,K=23,X=54,R=2,S=6,C=2 || L2:[sp=Y,26] X=1,K=21,Y=1,S=3,C=1,R=1",-inf,-inf,0,Y|Y,1
K,3,K,17,Y,148,X,118,C,3,R,7,S,6,Y,26,Y,1,K,5,R,1,S,1,X,1,C,1,"L1:[sp=K,3] K=17,Y=148,X=118,C=3,R=7,S=6 || L2:[sp=Y,26] Y=1,K=5,R=1,S=1,X=1,C=1",-inf,-inf,0,K|Y,1
Y,3,K,11,Y,148,X,223,C,3,R,2,S,6,K,26,S,1,K,1,R,1,Y,1,X,1,C,3,"L1:[sp=Y,3] K=11,Y=148,X=223,C=3,R=2,S=6 || L2:[sp=K,26] S=1,K=1,R=1,Y=1,X=1,C=3",-inf,-inf,0,Y|K,1
Y,3,Y,198,K,23,X,223,R,7,S,6,C,2,C,2,X,1,K,21,Y,3,S,6,C,1,R,1,"L1:[sp=Y,3] Y=198,K=23,X=223,R=7,S=6,C=2 || L2:[sp=C,2] X=1,K=21,Y=3,S=6,C=1,R=1",-inf,-inf,0,Y|C,1
X,3,K,11,Y,71,X,223,C,3,R,7,S,6,X,2,Y,3,K,5,R,1,S,3,C,1,X,183,"L1:[sp=X,3] K=11,Y=71,X=223,C=3,R=7,S=6 || L2:[sp=X,2] Y=3,K=5,R=1,S=3,C=1,X=183",-inf,-inf,0,X|X,1
K,3,K,52,Y,148,X,93,C,3,R,7,S,6,Y,26,Y,1,K,5,R,1,C,1,X,1,S,1,"L1:[sp=K,3] K=52,Y=148,X=93,C=3,R=7,S=6 || L2:[sp=Y,26] Y=1,K=5,R=1,C=1,X=1,S=1",-inf,-inf,0,K|Y,1
Y,3,X,223,K,19,R,7,S,6,C,2,Y,50,Y,2,X,1,K,14,Y,3,S,6,C,2,R,1,"L1:[sp=Y,3] X=223,K=19,R=7,S=6,C=2,Y=50 || L2:[sp=Y,2] X=1,K=14,Y=3,S=6,C=2,R=1",-inf,-inf,0,Y|Y,1
Y,3,X,214,K,25,R,7,Y,71,C,2,S,6,Y,26,R,1,K,20,Y,3,S,3,C,2,X,1,"L1:[sp=Y,3] X=214,K=25,R=7,Y=71,C=2,S=6 || L2:[sp=Y,26] R=1,K=20,Y=3,S=3,C=2,X=1",-inf,-inf,0,Y|Y,1
K,3,K,11,Y,148,X,223,C,3,R,7,S,6,X,24,Y,1,X,198,R,5,S,3,K,10,C,3,"L1:[sp=K,3] K=11,Y=148,X=223,C=3,R=7,S=6 || L2:[sp=X,24] Y=1,X=198,R=5,S=3,K=10,C=3",-inf,-inf,0,K|X,1
K,3,K,14,Y,76,X,223,C,3,R,7,S,6,Y,26,S,6,K,1,R,1,Y,48,X,1,C,1,"L1:[sp=K,3] K=14,Y=76,X=223,C=3,R=7,S=6 || L2:[sp=Y,26] S=6,K=1,R=1,Y=48,X=1,C=1",-inf,-inf,0,K|Y,1
Y,3,X,16,K,19,R,7,Y,76,C,3,S,6,Y,26,X,1,K,14,Y,1,S,6,C,2,R,1,"L1:[sp=Y,3] X=16,K=19,R=7,Y=76,C=3,S=6 || L2:[sp=Y,26] X=1,K=14,Y=1,S=6,C=2,R=1",-inf,-inf,0,Y|Y,1
K,3,K,11,Y,148,X,223,C,3,R,7,S,7,Y,26,Y,1,K,5,R,1,S,3,X,1,C,3,"L1:[sp=K,3] K=11,Y=148,X=223,C=3,R=7,S=7 || L2:[sp=Y,26] Y=1,K=5,R=1,S=3,X=1,C=3",-inf,-inf,0,K|Y,1
C,3,K,11,Y,211,X,223,C,3,R,5,S,6,Y,26,Y,168,K,4,R,1,S,2,X,1,C,2,"L1:[sp=C,3] K=11,Y=211,X=223,C=3,R=5,S=6 || L2:[sp=Y,26] Y=168,K=4,R=1,S=2,X=1,C=2",-inf,-inf,0,C|Y,1
Y,3,K,11,Y,148,X,215,C,3,R,7,S,6,K,26,Y,1,R,1,K,5,S,2,X,1,C,1,"L1:[sp=Y,3] K=11,Y=148,X=215,C=3,R=7,S=6 || L2:[sp=K,26] Y=1,R=1,K=5,S=2,X=1,C=1",-inf,-inf,0,Y|K,1
Y,3,Y,137,K,31,X,223,C,3,R,7,S,6,Y,76,S,6,K,10,R,1,Y,1,X,32,C,1,"L1:[sp=Y,3] Y=137,K=31,X=223,C=3,R=7,S=6 || L2:[sp=Y,76] S=6,K=10,R=1,Y=1,X=32,C=1",-inf,-inf,0,Y|Y,1
C,3,K,11,Y,148,X,223,C,3,R,7,S,6,Y,26,Y,1,K,4,R,1,S,1,X,115,C,1,"L1:[sp=C,3] K=11,Y=148,X=223,C=3,R=7,S=6 || L2:[sp=Y,26] Y=1,K=4,R=1,S=1,X=115,C=1",-inf,-inf,0,C|Y,1
Y,3,Y,137,K,11,X,223,C,3,R,7,S,6,Y,76,Y,1,K,10,R,1,S,1,X,193,C,1,"L1:[sp=Y,3] Y=137,K=11,X=223,C=3,R=7,S=6 || L2:[sp=Y,76] Y=1,K=10,R=1,S=1,X=193,C=1",-inf,-inf,0,Y|Y,1
K,3,K,11,Y,148,S,6,C,3,R,7,X,193,Y,26,Y,1,X,1,R,1,S,1,C,3,K,5,"L1:[sp=K,3] K=11,Y=148,S=6,C=3,R=7,X=193 || L2:[sp=Y,26] Y=1,X=1,R=1,S=1,C=3,K=5",-inf,-inf,0,K|Y,1
C,3,K,11,Y,148,X,223,C,3,R,7,S,7,Y,26,Y,1,K,4,R,1,C,1,X,164,S,3,"L1:[sp=C,3] K=11,Y=148,X=223,C=3,R=7,S=7 || L2:[sp=Y,26] Y=1,K=4,R=1,C=1,X=164,S=3",-inf,-inf,0,C|Y,1
K,3,K,11,Y,76,X,14,C,2,R,2,S,6,Y,76,K,10,X,14,R,2,S,1,Y,1,C,1,"L1:[sp=K,3] K=11,Y=76,X=14,C=2,R=2,S=6 || L2:[sp=Y,76] K=10,X=14,R=2,S=1,Y=1,C=1",-inf,-inf,0,K|Y,1
K,3,K,11,Y,76,X,40,C,3,R,2,S,6,Y,76,Y,1,X,1,R,2,S,3,K,4,C,1,"L1:[sp=K,3] K=11,Y=76,X=40,C=3,R=2,S=6 || L2:[sp=Y,76] Y=1,X=1,R=2,S=3,K=4,C=1",-inf,-inf,0,K|Y,1
K,3,K,11,Y,148,X,223,C,3,R,7,S,6,Y,26,Y,1,R,2,K,5,S,1,X,23,C,3,"L1:[sp=K,3] K=11,Y=148,X=223,C=3,R=7,S=6 || L2:[sp=Y,26] Y=1,R=2,K=5,S=1,X=23,C=3",-inf,-inf,0,K|Y,1
K,3,K,11,Y,76,X,205,C,2,R,2,S,6,Y,76,K,10,X,109,R,2,S,1,Y,1,C,1,"L1:[sp=K,3] K=11,Y=76,X=205,C=2,R=2,S=6 || L2:[sp=Y,76] K=10,X=109,R=2,S=1,Y=1,C=1",-inf,-inf,0,K|Y,1
K,3,K,11,Y,148,X,10,C,3,R,2,S,6,Y,26,Y,1,K,5,R,2,S,2,X,1,C,2,"L1:[sp=K,3] K=11,Y=148,X=10,C=3,R=2,S=6 || L2:[sp=Y,26] Y=1,K=5,R=2,S=2,X=1,C=2",-inf,-inf,0,K|Y,1
K,3,K,11,X,43,Y,76,C,2,R,2,S,6,Y,76,K,10,X,1,R,2,S,1,Y,1,C,2,"L1:[sp=K,3] K=11,X=43,Y=76,C=2,R=2,S=6 || L2:[sp=Y,76] K=10,X=1,R=2,S=1,Y=1,C=2",-inf,-inf,0,K|Y,1
Y,3,K,11,Y,141,X,223,C,3,R,7,S,6,K,76,Y,1,X,1,R,6,S,3,K,10,C,3,"L1:[sp=Y,3] K=11,Y=141,X=223,C=3,R=7,S=6 || L2:[sp=K,76] Y=1,X=1,R=6,S=3,K=10,C=3",-inf,-inf,0,Y|K,1
C,3,K,11,Y,76,X,223,C,2,R,2,S,1,Y,76,C,1,X,1,R,2,S,1,K,10,Y,1,"L1:[sp=C,3] K=11,Y=76,X=223,C=2,R=2,S=1 || L2:[sp=Y,76] C=1,X=1,R=2,S=1,K=10,Y=1",-inf,-inf,0,C|Y,1
K,3,S,6,Y,76,C,2,X,95,R,2,K,19,Y,76,Y,1,X,1,R,2,S,1,K,5,C,1,"L1:[sp=K,3] S=6,Y=76,C=2,X=95,R=2,K=19 || L2:[sp=Y,76] Y=1,X=1,R=2,S=1,K=5,C=1",-inf,-inf,0,K|Y,1
K,3,K,11,Y,80,X,170,C,3,R,7,S,6,Y,26,Y,1,K,5,R,1,S,1,X,1,C,1,"L1:[sp=K,3] K=11,Y=80,X=170,C=3,R=7,S=6 || L2:[sp=Y,26] Y=1,K=5,R=1,S=1,X=1,C=1",-inf,-inf,0,K|Y,1
K,3,K,11,Y,141,S,6,C,3,R,7,X,223,Y,76,Y,1,K,10,R,7,S,2,X,102,C,3,"L1:[sp=K,3] K=11,Y=141,S=6,C=3,R=7,X=223 || L2:[sp=Y,76] Y=1,K=10,R=7,S=2,X=102,C=3",-inf,-inf,0,K|Y,1
Y,3,K,47,Y,148,S,6,C,3,R,7,X,121,Y,76,Y,1,X,1,R,1,S,1,K,10,C,1,"L1:[sp=Y,3] K=47,Y=148,S=6,C=3,R=7,X=121 || L2:[sp=Y,76] Y=1,X=1,R=1,S=1,K=10,C=1",-inf,-inf,0,Y|Y,1
K,3,K,3,Y,76,X,165,C,3,R,2,S,6,Y,76,Y,1,R,2,X,165,S,2,K,3,C,1,"L1:[sp=K,3] K=3,Y=76,X=165,C=3,R=2,S=6 || L2:[sp=Y,76] Y=1,R=2,X=165,S=2,K=3,C=1",-inf,-inf,0,K|Y,1
K,3,K,11,Y,76,S,6,C,3,R,7,X,188,Y,76,Y,1,X,1,R,7,S,1,K,10,C,3,"L1:[sp=K,3] K=11,Y=76,S=6,C=3,R=7,X=188 || L2:[sp=Y,76] Y=1,X=1,R=7,S=1,K=10,C=3",-inf,-inf,0,K|Y,1
K,3,S,6,K,14,X,192,C,2,R,7,Y,141,Y,26,S,2,Y,1,R,7,K,1,X,1,C,2,"L1:[sp=K,3] S=6,K=14,X=192,C=2,R=7,Y=141 || L2:[sp=Y,26] S=2,Y=1,R=7,K=1,X=1,C=2",-inf,-inf,0,K|Y,1
K,3,K,3,Y,76,S,6,C,3,R,7,X,101,Y,76,Y,1,R,7,X,1,S,1,K,3,C,1,"L1:[sp=K,3] K=3,Y=76,S=6,C=3,R=7,X=101 || L2:[sp=Y,76] Y=1,R=7,X=1,S=1,K=3,C=1",-inf,-inf,0,K|Y,1
K,3,K,11,Y,76,S,6,C,3,R,5,X,223,Y,76,K,10,X,1,R,2,S,4,Y,1,C,3,"L1:[sp=K,3] K=11,Y=76,S=6,C=3,R=5,X=223 || L2:[sp=Y,76] K=10,X=1,R=2,S=4,Y=1,C=3",-inf,-inf,0,K|Y,1
K,3,S,6,X,223,K,14,C,3,R,2,Y,85,Y,26,S,2,K,1,R,2,Y,41,X,1,C,2,"L1:[sp=K,3] S=6,X=223,K=14,C=3,R=2,Y=85 || L2:[sp=Y,26] S=2,K=1,R=2,Y=41,X=1,C=2",-inf,-inf,0,K|Y,1
K,3,S,6,K,14,X,80,C,3,R,3,Y,141,K,7,S,2,C,2,R,1,Y,1,X,1,K,1,"L1:[sp=K,3] S=6,K=14,X=80,C=3,R=3,Y=141 || L2:[sp=K,7] S=2,C=2,R=1,Y=1,X=1,K=1",-inf,-inf,0,K|K,1
K,3,Y,76,K,14,X,223,C,1,R,2,S,7,Y,26,S,2,Y,1,R,1,K,1,C,1,X,1,"L1:[sp=K,3] Y=76,K=14,X=223,C=1,R=2,S=7 || L2:[sp=Y,26] S=2,Y=1,R=1,K=1,C=1,X=1",-inf,-inf,0,K|Y,1
Y,3,K,11,Y,65,X,223,C,2,R,2,S,6,Y,76,Y,1,K,5,R,1,S,2,X,1,C,1,"L1:[sp=Y,3] K=11,Y=65,X=223,C=2,R=2,S=6 || L2:[sp=Y,76] Y=1,K=5,R=1,S=2,X=1,C=1",-inf,-inf,0,Y|Y,1
K,3,K,3,Y,76,C,3,X,223,R,2,S,2,Y,76,Y,1,R,1,X,1,S,2,K,2,C,1,"L1:[sp=K,3] K=3,Y=76,C=3,X=223,R=2,S=2 || L2:[sp=Y,76] Y=1,R=1,X=1,S=2,K=2,C=1",-inf,-inf,0,K|Y,1
K,3,S,6,K,14,X,137,R,2,C,2,Y,76,Y,26,C,1,Y,1,R,1,K,1,X,98,S,1,"L1:[sp=K,3] S=6,K=14,X=137,R=2,C=2,Y=76 || L2:[sp=Y,26] C=1,Y=1,R=1,K=1,X=98,S=1",-inf,-inf,0,K|Y,1
K,3,S,1,K,14,X,223,C,2,R,7,Y,82,Y,26,S,1,C,2,R,7,K,1,X,1,Y,1,"L1:[sp=K,3] S=1,K=14,X=223,C=2,R=7,Y=82 || L2:[sp=Y,26] S=1,C=2,R=7,K=1,X=1,Y=1",-inf,-inf,0,K|Y,1
Y,3,S,1,K,14,X,223,C,3,R,7,Y,76,K,26,S,1,X,1,R,7,Y,1,K,1,C,2,"L1:[sp=Y,3] S=1,K=14,X=223,C=3,R=7,Y=76 || L2:[sp=K,26] S=1,X=1,R=7,Y=1,K=1,C=2",-inf,-inf,0,Y|K,1
Y,3,K,7,Y,76,X,223,C,1,R,2,S,6,K,26,Y,1,K,5,R,1,S,1,C,1,X,1,"L1:[sp=Y,3] K=7,Y=76,X=223,C=1,R=2,S=6 || L2:[sp=K,26] Y=1,K=5,R=1,S=1,C=1,X=1",-inf,-inf,0,Y|K,1
Y,3,S,6,K,14,X,223,C,3,R,2,Y,76,K,26,S,2,K,1,R,1,Y,1,X,1,C,3,"L1:[sp=Y,3] S=6,K=14,X=223,C=3,R=2,Y=76 || L2:[sp=K,26] S=2,K=1,R=1,Y=1,X=1,C=3",-inf,-inf,0,Y|K,1
K,3,S,6,K,14,X,175,C,3,R,2,Y,76,K,2,S,2,K,1,R,1,Y,1,X,120,C,2,"L1:[sp=K,3] S=6,K=14,X=175,C=3,R=2,Y=76 || L2:[sp=K,2] S=2,K=1,R=1,Y=1,X=120,C=2",-inf,-inf,0,K|K,1
K,3,S,1,R,2,X,223,C,3,K,42,Y,76,Y,26,S,1,K,1,R,1,Y,1,X,1,C,1,"L1:[sp=K,3] S=1,R=2,X=223,C=3,K=42,Y=76 || L2:[sp=Y,26] S=1,K=1,R=1,Y=1,X=1,C=1",-inf,-inf,0,K|Y,1
Y,3,K,11,Y,76,X,101,C,3,R,2,S,6,C,76,Y,1,K,5,R,2,S,2,X,1,C,1,"L1:[sp=Y,3] K=11,Y=76,X=101,C=3,R=2,S=6 || L2:[sp=C,76] Y=1,K=5,R=2,S=2,X=1,C=1",-inf,-inf,0,Y|C,1
K,3,K,8,Y,76,R,2,S,6,X,223,C,1,Y,26,Y,52,K,7,R,1,S,1,X,1,C,1,"L1:[sp=K,3] K=8,Y=76,R=2,S=6,X=223,C=1 || L2:[sp=Y,26] Y=52,K=7,R=1,S=1,X=1,C=1",-inf,-inf,0,K|Y,1
X,3,K,11,Y,76,X,214,C,2,R,2,S,6,Y,76,K,10,X,1,R,2,S,1,Y,1,C,1,"L1:[sp=X,3] K=11,Y=76,X=214,C=2,R=2,S=6 || L2:[sp=Y,76] K=10,X=1,R=2,S=1,Y=1,C=1",-inf,-inf,0,X|Y,1
K,3,K,8,Y,76,R,3,C,2,X,21,S,6,Y,26,Y,1,K,5,R,1,S,1,X,1,C,1,"L1:[sp=K,3] K=8,Y=76,R=3,C=2,X=21,S=6 || L2:[sp=Y,26] Y=1,K=5,R=1,S=1,X=1,C=1",-inf,-inf,0,K|Y,1
K,3,S,5,R,2,X,223,C,1,K,14,Y,76,Y,26,Y,1,K,5,R,1,S,2,X,1,C,1,"L1:[sp=K,3] S=5,R=2,X=223,C=1,K=14,Y=76 || L2:[sp=Y,26] Y=1,K=5,R=1,S=2,X=1,C=1",-inf,-inf,0,K|Y,1
Y,3,K,11,Y,76,X,223,C,3,R,2,S,6,Y,76,K,10,X,1,R,2,S,2,C,1,Y,37,"L1:[sp=Y,3] K=11,Y=76,X=223,C=3,R=2,S=6 || L2:[sp=Y,76] K=10,X=1,R=2,S=2,C=1,Y=37",-inf,-inf,0,Y|Y,1
K,3,S,6,R,3,X,223,C,2,K,14,Y,1,Y,26,S,1,K,1,R,2,Y,1,X,1,C,1,"L1:[sp=K,3] S=6,R=3,X=223,C=2,K=14,Y=1 || L2:[sp=Y,26] S=1,K=1,R=2,Y=1,X=1,C=1",-inf,-inf,0,K|Y,1
K,3,S,6,R,3,X,223,C,1,K,14,Y,76,Y,26,S,1,K,5,R,2,Y,1,X,1,C,1,"L1:[sp=K,3] S=6,R=3,X=223,C=1,K=14,Y=76 || L2:[sp=Y,26] S=1,K=5,R=2,Y=1,X=1,C=1",-inf,-inf,0,K|Y,1
K,3,C,2,Y,76,R,4,K,11,X,223,S,6,C,2,K,10,X,26,R,1,S,2,Y,1,C,1,"L1:[sp=K,3] C=2,Y=76,R=4,K=11,X=223,S=6 || L2:[sp=C,2] K=10,X=26,R=1,S=2,Y=1,C=1",-inf,-inf,0,K|C,1
K,3,K,11,Y,124,X,220,C,2,R,3,S,6,Y,76,K,10,X,1,R,3,S,6,C,1,Y,1,"L1:[sp=K,3] K=11,Y=124,X=220,C=2,R=3,S=6 || L2:[sp=Y,76] K=10,X=1,R=3,S=6,C=1,Y=1",-inf,-inf,0,K|Y,1
K,3,K,11,Y,76,X,137,C,3,R,2,S,6,Y,76,K,10,X,1,R,2,S,2,C,1,Y,1,"L1:[sp=K,3] K=11,Y=76,X=137,C=3,R=2,S=6 || L2:[sp=Y,76] K=10,X=1,R=2,S=2,C=1,Y=1",-inf,-inf,0,K|Y,1
Y,3,K,8,Y,76,R,3,C,1,X,223,S,6,K,26,Y,33,K,3,R,1,S,2,X,1,C,1,"L1:[sp=Y,3] K=8,Y=76,R=3,C=1,X=223,S=6 || L2:[sp=K,26] Y=33,K=3,R=1,S=2,X=1,C=1",-inf,-inf,0,Y|K,1
K,3,S,6,K,14,X,130,C,3,R,2,Y,76,Y,26,S,2,K,1,R,2,Y,1,X,1,C,2,"L1:[sp=K,3] S=6,K=14,X=130,C=3,R=2,Y=76 || L2:[sp=Y,26] S=2,K=1,R=2,Y=1,X=1,C=2",-inf,-inf,0,K|Y,1
K,3,K,11,Y,89,X,223,C,2,R,7,S,1,Y,76,K,5,X,1,R,1,S,1,Y,1,C,1,"L1:[sp=K,3] K=11,Y=89,X=223,C=2,R=7,S=1 || L2:[sp=Y,76] K=5,X=1,R=1,S=1,Y=1,C=1",-inf,-inf,0,K|Y,1
K,3,K,11,Y,76,X,223,C,3,R,2,S,6,Y,76,C,1,X,102,R,2,S,1,K,10,Y,1,"L1:[sp=K,3] K=11,Y=76,X=223,C=3,R=2,S=6 || L2:[sp=Y,76] C=1,X=102,R=2,S=1,K=10,Y=1",-inf,-inf,0,K|Y,1
K,3,K,11,Y,76,X,223,C,3,R,2,S,6,Y,76,K,10,X,1,R,2,S,2,C,1,Y,13,"L1:[sp=K,3] K=11,Y=76,X=223,C=3,R=2,S=6 || L2:[sp=Y,76] K=10,X=1,R=2,S=2,C=1,Y=13",-inf,-inf,0,K|Y,1
K,3,C,3,Y,76,S,6,K,11,X,223,R,2,Y,76,K,2,X,155,R,1,S,1,Y,1,C,3,"L1:[sp=K,3] C=3,Y=76,S=6,K=11,X=223,R=2 || L2:[sp=Y,76] K=2,X=155,R=1,S=1,Y=1,C=3",-inf,-inf,0,K|Y,1
K,3,K,8,X,223,R,3,C,1,Y,76,S,2,Y,26,Y,1,K,6,R,1,S,1,C,1,X,1,"L1:[sp=K,3] K=8,X=223,R=3,C=1,Y=76,S=2 || L2:[sp=Y,26] Y=1,K=6,R=1,S=1,C=1,X=1",-inf,-inf,0,K|Y,1
K,3,K,11,Y,76,X,223,C,3,R,2,S,6,Y,76,K,9,X,63,R,1,S,1,C,1,Y,1,"L1:[sp=K,3] K=11,Y=76,X=223,C=3,R=2,S=6 || L2:[sp=Y,76] K=9,X=63,R=1,S=1,C=1,Y=1",-inf,-inf,0,K|Y,1
K,3,C,1,Y,222,R,3,K,11,X,132,S,6,Y,76,K,2,X,1,R,1,S,6,Y,1,C,1,"L1:[sp=K,3] C=1,Y=222,R=3,K=11,X=132,S=6 || L2:[sp=Y,76] K=2,X=1,R=1,S=6,Y=1,C=1",-inf,-inf,0,K|Y,1
Y,3,K,11,Y,76,X,223,C,3,R,2,S,6,K,76,K,10,X,128,R,2,S,1,C,1,Y,1,"L1:[sp=Y,3] K=11,Y=76,X=223,C=3,R=2,S=6 || L2:[sp=K,76] K=10,X=128,R=2,S=1,C=1,Y=1",-inf,-inf,0,Y|K,1
K,3,S,6,K,14,X,210,C,3,R,3,Y,76,Y,26,S,1,K,1,R,1,Y,1,X,139,C,2,"L1:[sp=K,3] S=6,K=14,X=210,C=3,R=3,Y=76 || L2:[sp=Y,26] S=1,K=1,R=1,Y=1,X=139,C=2",-inf,-inf,0,K|Y,1
K,3,S,2,X,223,R,7,C,1,Y,76,K,8,Y,26,Y,1,K,5,R,2,S,2,X,1,C,1,"L1:[sp=K,3] S=2,X=223,R=7,C=1,Y=76,K=8 || L2:[sp=Y,26] Y=1,K=5,R=2,S=2,X=1,C=1",-inf,-inf,0,K|Y,1
K,3,K,11,Y,76,X,223,C,3,R,3,S,6,Y,76,K,10,X,1,R,1,S,6,C,1,Y,62,"L1:[sp=K,3] K=11,Y=76,X=223,C=3,R=3,S=6 || L2:[sp=Y,76] K=10,X=1,R=1,S=6,C=1,Y=62",-inf,-inf,0,K|Y,1
K,3,K,8,X,223,R,3,C,1,Y,76,S,6,Y,26,Y,28,K,5,R,1,S,6,X,1,C,1,"L1:[sp=K,3] K=8,X=223,R=3,C=1,Y=76,S=6 || L2:[sp=Y,26] Y=28,K=5,R=1,S=6,X=1,C=1",-inf,-inf,0,K|Y,1
K,3,K,11,Y,30,X,122,C,1,R,2,S,6,Y,76,K,10,X,1,R,2,S,1,C,1,Y,1,"L1:[sp=K,3] K=11,Y=30,X=122,C=1,R=2,S=6 || L2:[sp=Y,76] K=10,X=1,R=2,S=1,C=1,Y=1",-inf,-inf,0,K|Y,1
K,3,K,9,R,2,X,223,C,3,Y,76,S,6,Y,76,K,9,X,20,R,2,S,1,C,1,Y,64,"L1:[sp=K,3] K=9,R=2,X=223,C=3,Y=76,S=6 || L2:[sp=Y,76] K=9,X=20,R=2,S=1,C=1,Y=64",-inf,-inf,0,K|Y,1
K,3,K,8,X,223,R,3,C,1,Y,76,S,6,Y,26,Y,67,K,5,R,1,S,1,X,1,C,1,"L1:[sp=K,3] K=8,X=223,R=3,C=1,Y=76,S=6 || L2:[sp=Y,26] Y=67,K=5,R=1,S=1,X=1,C=1",-inf,-inf,0,K|Y,1
K,3,K,11,R,3,X,223,C,3,Y,36,S,6,Y,76,K,10,X,1,R,1,S,6,C,1,Y,30,"L1:[sp=K,3] K=11,R=3,X=223,C=3,Y=36,S=6 || L2:[sp=Y,76] K=10,X=1,R=1,S=6,C=1,Y=30",-inf,-inf,0,K|Y,1
K,3,K,27,Y,70,X,223,C,2,R,3,S,6,Y,76,K,5,X,67,R,1,S,1,Y,1,C,1,"L1:[sp=K,3] K=27,Y=70,X=223,C=2,R=3,S=6 || L2:[sp=Y,76] K=5,X=67,R=1,S=1,Y=1,C=1",-inf,-inf,0,K|Y,1
K,3,K,27,Y,28,R,2,C,1,X,223,S,6,Y,76,K,5,X,193,R,2,Y,1,S,2,C,1,"L1:[sp=K,3] K=27,Y=28,R=2,C=1,X=223,S=6 || L2:[sp=Y,76] K=5,X=193,R=2,Y=1,S=2,C=1",-inf,-inf,0,K|Y,1
K,3,K,11,Y,76,X,223,C,3,R,2,S,6,Y,76,K,10,X,177,R,2,S,1,C,1,Y,1,"L1:[sp=K,3] K=11,Y=76,X=223,C=3,R=2,S=6 || L2:[sp=Y,76] K=10,X=177,R=2,S=1,C=1,Y=1",-inf,-inf,0,K|Y,1
Y,3,K,27,Y,28,X,223,C,2,R,2,S,7,K,76,K,5,X,1,R,2,S,2,Y,1,C,1,"L1:[sp=Y,3] K=27,Y=28,X=223,C=2,R=2,S=7 || L2:[sp=K,76] K=5,X=1,R=2,S=2,Y=1,C=1",-inf,-inf,0,Y|K,1
K,3,K,11,Y,76,X,223,C,3,R,1,S,6,Y,76,K,10,X,1,R,1,S,3,C,1,Y,68,"L1:[sp=K,3] K=11,Y=76,X=223,C=3,R=1,S=6 || L2:[sp=Y,76] K=10,X=1,R=1,S=3,C=1,Y=68",-inf,-inf,0,K|Y,1
K,3,C,1,Y,18,R,7,K,11,X,223,S,6,K,1,K,1,X,71,R,2,S,2,Y,1,C,1,"L1:[sp=K,3] C=1,Y=18,R=7,K=11,X=223,S=6 || L2:[sp=K,1] K=1,X=71,R=2,S=2,Y=1,C=1",-inf,-inf,0,K|K,1
Y,3,K,9,R,1,X,208,C,3,Y,76,S,6,K,76,K,1,X,1,R,1,S,1,C,1,Y,1,"L1:[sp=Y,3] K=9,R=1,X=208,C=3,Y=76,S=6 || L2:[sp=K,76] K=1,X=1,R=1,S=1,C=1,Y=1",-inf,-inf,0,Y|K,1
K,3,C,3,Y,76,X,223,K,11,R,1,S,6,Y,76,K,10,X,1,R,1,S,2,C,1,Y,8,"L1:[sp=K,3] C=3,Y=76,X=223,K=11,R=1,S=6 || L2:[sp=Y,76] K=10,X=1,R=1,S=2,C=1,Y=8",-inf,-inf,0,K|Y,1
K,3,C,1,Y,109,R,2,K,58,X,223,S,6,Y,76,R,2,X,123,S,6,Y,1,C,1,K,2,"L1:[sp=K,3] C=1,Y=109,R=2,K=58,X=223,S=6 || L2:[sp=Y,76] R=2,X=123,S=6,Y=1,C=1,K=2",-inf,-inf,0,K|Y,1
X,3,K,11,Y,76,X,223,C,3,R,7,S,6,K,56,K,10,X,1,R,7,S,1,C,1,Y,53,"L1:[sp=X,3] K=11,Y=76,X=223,C=3,R=7,S=6 || L2:[sp=K,56] K=10,X=1,R=7,S=1,C=1,Y=53",-inf,-inf,0,X|K,1
K,3,S,1,K,14,X,223,R,3,C,3,Y,125,Y,1,S,1,C,1,R,1,Y,1,X,1,K,1,"L1:[sp=K,3] S=1,K=14,X=223,R=3,C=3,Y=125 || L2:[sp=Y,1] S=1,C=1,R=1,Y=1,X=1,K=1",-inf,-inf,0,K|Y,1
K,3,K,11,Y,76,S,5,C,3,X,223,R,2,Y,76,K,10,X,178,C,3,S,1,R,2,Y,1,"L1:[sp=K,3] K=11,Y=76,S=5,C=3,X=223,R=2 || L2:[sp=Y,76] K=10,X=178,C=3,S=1,R=2,Y=1",-inf,-inf,0,K|Y,1
K,3,K,11,Y,76,X,223,C,3,R,6,S,6,Y,76,K,10,X,40,R,6,S,1,C,1,Y,1,"L1:[sp=K,3] K=11,Y=76,X=223,C=3,R=6,S=6 || L2:[sp=Y,76] K=10,X=40,R=6,S=1,C=1,Y=1",-inf,-inf,0,K|Y,1
K,3,K,9,R,2,X,209,C,3,Y,76,S,5,Y,76,C,1,X,1,R,1,S,1,K,1,Y,1,"L1:[sp=K,3] K=9,R=2,X=209,C=3,Y=76,S=5 || L2:[sp=Y,76] C=1,X=1,R=1,S=1,K=1,Y=1",-inf,-inf,0,K|Y,1
K,3,K,25,Y,76,X,223,C,3,R,6,S,6,Y,76,K,10,Y,1,R,5,S,1,C,1,X,91,"L1:[sp=K,3] K=25,Y=76,X=223,C=3,R=6,S=6 || L2:[sp=Y,76] K=10,Y=1,R=5,S=1,C=1,X=91",-inf,-inf,0,K|Y,1
K,3,K,9,R,2,X,223,C,3,Y,76,S,5,X,56,C,1,X,219,R,2,S,1,K,1,Y,1,"L1:[sp=K,3] K=9,R=2,X=223,C=3,Y=76,S=5 || L2:[sp=X,56] C=1,X=219,R=2,S=1,K=1,Y=1",-inf,-inf,0,K|X,1
K,3,C,3,Y,76,R,2,X,223,K,11,S,6,Y,76,K,10,C,1,R,2,S,2,X,158,Y,1,"L1:[sp=K,3] C=3,Y=76,R=2,X=223,K=11,S=6 || L2:[sp=Y,76] K=10,C=1,R=2,S=2,X=158,Y=1",-inf,-inf,0,K|Y,1
K,3,Y,76,K,11,S,4,C,3,R,7,X,223,Y,76,K,10,X,1,R,7,S,1,C,3,Y,1,"L1:[sp=K,3] Y=76,K=11,S=4,C=3,R=7,X=223 || L2:[sp=Y,76] K=10,X=1,R=7,S=1,C=3,Y=1",-inf,-inf,0,K|Y,1
K,3,K,11,Y,76,X,223,C,3,R,1,S,1,C,3,K,10,X,1,R,1,S,1,C,1,Y,1,"L1:[sp=K,3] K=11,Y=76,X=223,C=3,R=1,S=1 || L2:[sp=C,3] K=10,X=1,R=1,S=1,C=1,Y=1",-inf,-inf,0,K|C,1
K,3,R,7,K,9,X,160,C,3,Y,76,S,6,Y,76,K,5,X,1,Y,1,S,2,C,1,R,2,"L1:[sp=K,3] R=7,K=9,X=160,C=3,Y=76,S=6 || L2:[sp=Y,76] K=5,X=1,Y=1,S=2,C=1,R=2",-inf,-inf,0,K|Y,1
K,3,K,11,R,2,X,147,C,3,Y,70,S,6,Y,76,K,4,X,116,Y,1,S,1,C,1,R,2,"L1:[sp=K,3] K=11,R=2,X=147,C=3,Y=70,S=6 || L2:[sp=Y,76] K=4,X=116,Y=1,S=1,C=1,R=2",-inf,-inf,0,K|Y,1
K,3,K,11,Y,76,S,6,C,3,R,6,X,223,Y,76,K,10,X,1,R,6,S,1,C,3,Y,1,"L1:[sp=K,3] K=11,Y=76,S=6,C=3,R=6,X=223 || L2:[sp=Y,76] K=10,X=1,R=6,S=1,C=3,Y=1",-inf,-inf,0,K|Y,1
K,3,K,11,Y,76,S,5,C,3,R,1,X,62,Y,76,K,10,X,1,R,1,S,1,C,3,Y,67,"L1:[sp=K,3] K=11,Y=76,S=5,C=3,R=1,X=62 || L2:[sp=Y,76] K=10,X=1,R=1,S=1,C=3,Y=67",-inf,-inf,0,K|Y,1
K,3,K,11,Y,76,S,4,C,3,R,6,X,93,Y,76,K,5,X,1,R,6,S,1,C,2,Y,1,"L1:[sp=K,3] K=11,Y=76,S=4,C=3,R=6,X=93 || L2:[sp=Y,76] K=5,X=1,R=6,S=1,C=2,Y=1",-inf,-inf,0,K|Y,1
K,3,K,11,Y,76,S,6,R,2,C,3,X,191,Y,76,C,3,X,1,R,1,S,1,K,10,Y,1,"L1:[sp=K,3] K=11,Y=76,S=6,R=2,C=3,X=191 || L2:[sp=Y,76] C=3,X=1,R=1,S=1,K=10,Y=1",-inf,-inf,0,K|Y,1
Y,3,K,11,Y,70,S,4,C,3,R,2,X,223,K,76,K,5,X,1,R,2,S,1,C,2,Y,1,"L1:[sp=Y,3] K=11,Y=70,S=4,C=3,R=2,X=223 || L2:[sp=K,76] K=5,X=1,R=2,S=1,C=2,Y=1",-inf,-inf,0,Y|K,1
K,3,K,11,Y,76,S,6,R,2,C,3,X,223,Y,76,K,10,X,148,R,1,S,1,C,3,Y,1,"L1:[sp=K,3] K=11,Y=76,S=6,R=2,C=3,X=223 || L2:[sp=Y,76] K=10,X=148,R=1,S=1,C=3,Y=1",-inf,-inf,0,K|Y,1
K,3,K,11,Y,76,S,6,C,3,R,1,X,223,Y,76,C,2,X,1,R,1,S,1,K,10,Y,1,"L1:[sp=K,3] K=11,Y=76,S=6,C=3,R=1,X=223 || L2:[sp=Y,76] C=2,X=1,R=1,S=1,K=10,Y=1",-inf,-inf,0,K|Y,1
X,3,K,11,Y,76,S,4,R,2,C,3,X,223,Y,76,K,11,X,1,R,1,S,1,C,3,Y,1,"L1:[sp=X,3] K=11,Y=76,S=4,R=2,C=3,X=223 || L2:[sp=Y,76] K=11,X=1,R=1,S=1,C=3,Y=1",-inf,-inf,0,X|Y,1
K,3,K,42,Y,76,X,223,C,3,R,6,S,4,Y,76,K,10,X,1,C,1,S,1,R,6,Y,1,"L1:[sp=K,3] K=42,Y=76,X=223,C=3,R=6,S=4 || L2:[sp=Y,76] K=10,X=1,C=1,S=1,R=6,Y=1",-inf,-inf,0,K|Y,1
K,3,K,11,Y,76,X,223,C,3,R,6,S,4,Y,76,X,1,K,10,R,6,S,1,C,3,Y,21,"L1:[sp=K,3] K=11,Y=76,X=223,C=3,R=6,S=4 || L2:[sp=Y,76] X=1,K=10,R=6,S=1,C=3,Y=21",-inf,-inf,0,K|Y,1
K,3,K,61,R,6,X,223,C,3,Y,76,S,2,Y,76,C,1,X,1,Y,1,S,1,K,4,R,6,"L1:[sp=K,3] K=61,R=6,X=223,C=3,Y=76,S=2 || L2:[sp=Y,76] C=1,X=1,Y=1,S=1,K=4,R=6",-inf,-inf,0,K|Y,1
Y,3,K,11,Y,121,X,223,C,3,R,2,S,6,K,76,X,112,K,5,R,1,S,1,C,1,Y,1,"L1:[sp=Y,3] K=11,Y=121,X=223,C=3,R=2,S=6 || L2:[sp=K,76] X=112,K=5,R=1,S=1,C=1,Y=1",-inf,-inf,0,Y|K,1
K,3,K,11,Y,76,X,223,C,3,R,6,S,6,Y,76,K,10,X,1,R,6,S,5,C,1,Y,1,"L1:[sp=K,3] K=11,Y=76,X=223,C=3,R=6,S=6 || L2:[sp=Y,76] K=10,X=1,R=6,S=5,C=1,Y=1",-inf,-inf,0,K|Y,1
K,3,K,11,Y,76,X,223,C,3,R,7,S,6,Y,76,K,10,X,1,R,7,S,1,C,1,Y,66,"L1:[sp=K,3] K=11,Y=76,X=223,C=3,R=7,S=6 || L2:[sp=Y,76] K=10,X=1,R=7,S=1,C=1,Y=66",-inf,-inf,0,K|Y,1
K,3,K,41,Y,121,X,223,C,3,R,5,S,7,Y,76,S,1,K,5,R,1,X,1,C,1,Y,1,"L1:[sp=K,3] K=41,Y=121,X=223,C=3,R=5,S=7 || L2:[sp=Y,76] S=1,K=5,R=1,X=1,C=1,Y=1",-inf,-inf,0,K|Y,1
K,3,K,26,Y,76,X,75,C,3,R,5,S,5,Y,76,K,5,X,1,R,1,S,1,C,1,Y,1,"L1:[sp=K,3] K=26,Y=76,X=75,C=3,R=5,S=5 || L2:[sp=Y,76] K=5,X=1,R=1,S=1,C=1,Y=1",-inf,-inf,0,K|Y,1
K,3,K,56,R,1,X,208,C,3,Y,133,S,5,Y,76,K,4,X,1,Y,1,S,1,C,1,R,1,"L1:[sp=K,3] K=56,R=1,X=208,C=3,Y=133,S=5 || L2:[sp=Y,76] K=4,X=1,Y=1,S=1,C=1,R=1",-inf,-inf,0,K|Y,1
Y,3,K,26,Y,76,X,223,C,3,R,4,S,6,K,76,K,25,X,1,R,2,S,1,C,1,Y,1,"L1:[sp=Y,3] K=26,Y=76,X=223,C=3,R=4,S=6 || L2:[sp=K,76] K=25,X=1,R=2,S=1,C=1,Y=1",-inf,-inf,0,Y|K,1
K,3,K,11,Y,133,X,110,C,3,R,7,S,3,Y,76,K,10,X,1,R,2,S,1,C,1,Y,1,"L1:[sp=K,3] K=11,Y=133,X=110,C=3,R=7,S=3 || L2:[sp=Y,76] K=10,X=1,R=2,S=1,C=1,Y=1",-inf,-inf,0,K|Y,1
K,3,K,11,C,3,X,223,Y,76,R,4,S,7,Y,76,R,2,X,1,K,10,S,1,C,1,Y,1,"L1:[sp=K,3] K=11,C=3,X=223,Y=76,R=4,S=7 || L2:[sp=Y,76] R=2,X=1,K=10,S=1,C=1,Y=1",-inf,-inf,0,K|Y,1
K,3,K,11,C,3,S,2,Y,76,R,1,X,223,Y,76,Y,1,X,1,R,1,S,1,C,1,K,7,"L1:[sp=K,3] K=11,C=3,S=2,Y=76,R=1,X=223 || L2:[sp=Y,76] Y=1,X=1,R=1,S=1,C=1,K=7",-inf,-inf,0,K|Y,1
K,3,K,26,Y,196,X,223,C,3,R,7,S,6,C,1,K,5,S,5,R,7,X,1,C,1,Y,1,"L1:[sp=K,3] K=26,Y=196,X=223,C=3,R=7,S=6 || L2:[sp=C,1] K=5,S=5,R=7,X=1,C=1,Y=1",-inf,-inf,0,K|C,1
K,3,K,11,Y,76,X,223,C,3,R,7,S,6,Y,76,K,10,X,124,R,7,S,1,C,1,Y,1,"L1:[sp=K,3] K=11,Y=76,X=223,C=3,R=7,S=6 || L2:[sp=Y,76] K=10,X=124,R=7,S=1,C=1,Y=1",-inf,-inf,0,K|Y,1
K,3,K,11,R,7,X,223,C,3,S,6,Y,181,Y,76,K,4,X,1,Y,72,S,1,C,1,R,2,"L1:[sp=K,3] K=11,R=7,X=223,C=3,S=6,Y=181 || L2:[sp=Y,76] K=4,X=1,Y=72,S=1,C=1,R=2",-inf,-inf,0,K|Y,1
K,3,K,54,R,7,X,223,C,3,Y,133,S,6,Y,76,S,6,R,7,Y,1,X,38,C,1,K,4,"L1:[sp=K,3] K=54,R=7,X=223,C=3,Y=133,S=6 || L2:[sp=Y,76] S=6,R=7,Y=1,X=38,C=1,K=4",-inf,-inf,0,K|Y,1
K,3,K,11,X,223,R,7,C,3,Y,133,S,2,Y,76,K,4,X,1,Y,1,S,1,C,1,R,7,"L1:[sp=K,3] K=11,X=223,R=7,C=3,Y=133,S=2 || L2:[sp=Y,76] K=4,X=1,Y=1,S=1,C=1,R=7",-inf,-inf,0,K|Y,1
K,3,K,11,C,3,X,223,Y,76,R,6,S,1,Y,76,K,10,X,1,R,6,S,1,C,1,Y,1,"L1:[sp=K,3] K=11,C=3,X=223,Y=76,R=6,S=1 || L2:[sp=Y,76] K=10,X=1,R=6,S=1,C=1,Y=1",-inf,-inf,0,K|Y,1
K,3,K,11,Y,164,X,223,C,3,R,7,S,6,Y,76,K,10,X,1,R,7,S,1,C,1,Y,47,"L1:[sp=K,3] K=11,Y=164,X=223,C=3,R=7,S=6 || L2:[sp=Y,76] K=10,X=1,R=7,S=1,C=1,Y=47",-inf,-inf,0,K|Y,1
K,3,S,5,Y,76,X,223,C,3,R,1,K,20,Y,76,K,5,X,215,R,1,S,5,C,1,Y,1,"L1:[sp=K,3] S=5,Y=76,X=223,C=3,R=1,K=20 || L2:[sp=Y,76] K=5,X=215,R=1,S=5,C=1,Y=1",-inf,-inf,0,K|Y,1
K,3,R,7,C,2,S,6,Y,198,K,11,X,175,Y,76,K,10,X,1,R,4,S,1,Y,1,C,1,"L1:[sp=K,3] R=7,C=2,S=6,Y=198,K=11,X=175 || L2:[sp=Y,76] K=10,X=1,R=4,S=1,Y=1,C=1",-inf,-inf,0,K|Y,1
K,3,K,11,Y,76,X,223,C,3,R,7,S,6,Y,76,K,10,X,138,R,7,S,1,C,1,Y,1,"L1:[sp=K,3] K=11,Y=76,X=223,C=3,R=7,S=6 || L2:[sp=Y,76] K=10,X=138,R=7,S=1,C=1,Y=1",-inf,-inf,0,K|Y,1
K,3,K,11,R,7,X,223,C,3,Y,74,S,3,Y,76,K,4,C,1,Y,1,S,1,X,1,R,7,"L1:[sp=K,3] K=11,R=7,X=223,C=3,Y=74,S=3 || L2:[sp=Y,76] K=4,C=1,Y=1,S=1,X=1,R=7",-inf,-inf,0,K|Y,1
K,3,K,11,R,1,X,223,C,3,Y,76,S,5,Y,76,K,10,X,1,R,1,S,5,C,1,Y,1,"L1:[sp=K,3] K=11,R=1,X=223,C=3,Y=76,S=5 || L2:[sp=Y,76] K=10,X=1,R=1,S=5,C=1,Y=1",-inf,-inf,0,K|Y,1
K,3,K,11,C,3,S,6,Y,196,R,7,X,223,X,4,K,10,X,1,R,7,S,1,C,2,Y,131,"L1:[sp=K,3] K=11,C=3,S=6,Y=196,R=7,X=223 || L2:[sp=X,4] K=10,X=1,R=7,S=1,C=2,Y=131",-inf,-inf,0,K|X,1
K,3,K,11,R,7,X,223,C,3,Y,133,S,3,Y,76,K,4,C,1,Y,1,S,1,X,141,R,2,"L1:[sp=K,3] K=11,R=7,X=223,C=3,Y=133,S=3 || L2:[sp=Y,76] K=4,C=1,Y=1,S=1,X=141,R=2",-inf,-inf,0,K|Y,1
K,3,K,11,C,3,S,6,Y,110,R,7,X,27,Y,76,K,10,X,1,R,7,S,1,C,1,Y,1,"L1:[sp=K,3] K=11,C=3,S=6,Y=110,R=7,X=27 || L2:[sp=Y,76] K=10,X=1,R=7,S=1,C=1,Y=1",-inf,-inf,0,K|Y,1
Y,3,K,11,C,3,S,6,Y,161,R,7,X,223,K,76,Y,1,X,100,R,2,S,1,C,1,K,10,"L1:[sp=Y,3] K=11,C=3,S=6,Y=161,R=7,X=223 || L2:[sp=K,76] Y=1,X=100,R=2,S=1,C=1,K=10",-inf,-inf,0,Y|K,1
K,3,Y,76,K,26,X,223,C,3,R,1,S,5,Y,76,K,5,X,178,R,1,S,1,C,3,Y,1,"L1:[sp=K,3] Y=76,K=26,X=223,C=3,R=1,S=5 || L2:[sp=Y,76] K=5,X=178,R=1,S=1,C=3,Y=1",-inf,-inf,0,K|Y,1
K,3,K,11,C,3,S,5,Y,161,R,1,X,214,Y,76,K,10,X,1,R,1,S,1,C,1,Y,1,"L1:[sp=K,3] K=11,C=3,S=5,Y=161,R=1,X=214 || L2:[sp=Y,76] K=10,X=1,R=1,S=1,C=1,Y=1",-inf,-inf,0,K|Y,1
K,3,K,11,Y,76,X,223,C,3,R,7,S,5,Y,76,K,10,X,1,R,7,S,1,C,1,Y,39,"L1:[sp=K,3] K=11,Y=76,X=223,C=3,R=7,S=5 || L2:[sp=Y,76] K=10,X=1,R=7,S=1,C=1,Y=39",-inf,-inf,0,K|Y,1
Y,3,K,11,Y,163,X,223,C,3,R,7,S,6,K,76,K,10,X,3,R,7,S,1,C,1,Y,1,"L1:[sp=Y,3] K=11,Y=163,X=223,C=3,R=7,S=6 || L2:[sp=K,76] K=10,X=3,R=7,S=1,C=1,Y=1",-inf,-inf,0,Y|K,1
K,3,K,11,Y,163,X,223,C,3,R,7,S,6,Y,76,K,10,X,1,R,2,S,1,C,1,Y,25,"L1:[sp=K,3] K=11,Y=163,X=223,C=3,R=7,S=6 || L2:[sp=Y,76] K=10,X=1,R=2,S=1,C=1,Y=25",-inf,-inf,0,K|Y,1
K,3,K,11,Y,76,X,223,C,3,R,7,S,6,Y,38,K,10,X,1,R,2,S,1,C,1,Y,36,"L1:[sp=K,3] K=11,Y=76,X=223,C=3,R=7,S=6 || L2:[sp=Y,38] K=10,X=1,R=2,S=1,C=1,Y=36",-inf,-inf,0,K|Y,1
K,3,K,43,Y,163,X,223,C,3,R,7,S,6,Y,76,K,5,X,1,R,6,S,1,C,3,Y,98,"L1:[sp=K,3] K=43,Y=163,X=223,C=3,R=7,S=6 || L2:[sp=Y,76] K=5,X=1,R=6,S=1,C=3,Y=98",-inf,-inf,0,K|Y,1
K,3,K,11,C,3,R,7,Y,36,S,2,X,223,Y,76,K,10,X,1,R,5,S,1,C,1,Y,1,"L1:[sp=K,3] K=11,C=3,R=7,Y=36,S=2,X=223 || L2:[sp=Y,76] K=10,X=1,R=5,S=1,C=1,Y=1",-inf,-inf,0,K|Y,1
K,3,K,11,C,3,S,6,R,7,Y,161,X,167,Y,76,K,10,X,1,R,5,S,3,C,1,Y,1,"L1:[sp=K,3] K=11,C=3,S=6,R=7,Y=161,X=167 || L2:[sp=Y,76] K=10,X=1,R=5,S=3,C=1,Y=1",-inf,-inf,0,K|Y,1
Y,3,K,11,C,3,S,6,Y,161,R,1,X,223,K,76,K,10,X,1,R,1,S,1,C,1,Y,107,"L1:[sp=Y,3] K=11,C=3,S=6,Y=161,R=1,X=223 || L2:[sp=K,76] K=10,X=1,R=1,S=1,C=1,Y=107",-inf,-inf,0,Y|K,1
K,3,K,11,C,3,S,6,Y,161,R,7,X,223,Y,76,K,10,X,1,R,5,S,5,C,1,Y,89,"L1:[sp=K,3] K=11,C=3,S=6,Y=161,R=7,X=223 || L2:[sp=Y,76] K=10,X=1,R=5,S=5,C=1,Y=89",-inf,-inf,0,K|Y,1
K,3,K,34,Y,76,X,223,C,3,R,1,S,6,Y,38,Y,49,X,1,S,1,R,1,C,1,K,10,"L1:[sp=K,3] K=34,Y=76,X=223,C=3,R=1,S=6 || L2:[sp=Y,38] Y=49,X=1,S=1,R=1,C=1,K=10",-inf,-inf,0,K|Y,1
K,3,K,11,Y,112,X,195,C,3,R,7,S,6,Y,38,C,1,X,1,R,7,S,1,K,10,Y,1,"L1:[sp=K,3] K=11,Y=112,X=195,C=3,R=7,S=6 || L2:[sp=Y,38] C=1,X=1,R=7,S=1,K=10,Y=1",-inf,-inf,0,K|Y,1
K,3,C,3,Y,43,X,223,K,11,R,7,S,6,Y,38,K,10,X,1,R,5,S,1,C,1,Y,1,"L1:[sp=K,3] C=3,Y=43,X=223,K=11,R=7,S=6 || L2:[sp=Y,38] K=10,X=1,R=5,S=1,C=1,Y=1",-inf,-inf,0,K|Y,1
K,3,C,3,Y,43,X,223,K,11,R,7,S,5,Y,38,K,10,X,1,R,7,Y,1,C,1,S,1,"L1:[sp=K,3] C=3,Y=43,X=223,K=11,R=7,S=5 || L2:[sp=Y,38] K=10,X=1,R=7,Y=1,C=1,S=1",-inf,-inf,0,K|Y,1
K,3,K,11,Y,76,X,55,C,3,R,1,S,6,Y,38,C,1,X,1,R,1,S,1,K,10,Y,74,"L1:[sp=K,3] K=11,Y=76,X=55,C=3,R=1,S=6 || L2:[sp=Y,38] C=1,X=1,R=1,S=1,K=10,Y=74",-inf,-inf,0,K|Y,1
K,3,C,3,Y,43,X,223,K,11,R,5,S,5,Y,38,K,10,X,1,R,5,S,5,C,1,Y,1,"L1:[sp=K,3] C=3,Y=43,X=223,K=11,R=5,S=5 || L2:[sp=Y,38] K=10,X=1,R=5,S=5,C=1,Y=1",-inf,-inf,0,K|Y,1
Y,3,K,11,Y,76,X,223,C,3,R,1,S,6,K,38,C,3,X,1,R,1,S,1,K,10,Y,1,"L1:[sp=Y,3] K=11,Y=76,X=223,C=3,R=1,S=6 || L2:[sp=K,38] C=3,X=1,R=1,S=1,K=10,Y=1",-inf,-inf,0,Y|K,1
K,3,K,11,Y,76,X,223,C,3,R,7,S,1,Y,76,K,10,X,212,R,7,S,1,C,1,Y,1,"L1:[sp=K,3] K=11,Y=76,X=223,C=3,R=7,S=1 || L2:[sp=Y,76] K=10,X=212,R=7,S=1,C=1,Y=1",-inf,-inf,0,K|Y,1
K,3,K,11,C,3,S,6,Y,161,R,7,X,223,Y,23,K,1,X,157,R,5,Y,1,C,2,S,1,"L1:[sp=K,3] K=11,C=3,S=6,Y=161,R=7,X=223 || L2:[sp=Y,23] K=1,X=157,R=5,Y=1,C=2,S=1",-inf,-inf,0,K|Y,1
K,3,K,11,Y,112,X,223,C,3,R,7,S,6,Y,38,K,10,X,1,R,7,S,1,C,3,Y,1,"L1:[sp=K,3] K=11,Y=112,X=223,C=3,R=7,S=6 || L2:[sp=Y,38] K=10,X=1,R=7,S=1,C=3,Y=1",-inf,-inf,0,K|Y,1
Y,3,K,11,Y,76,X,223,C,3,R,7,S,6,K,76,K,10,X,62,R,5,S,1,C,1,Y,1,"L1:[sp=Y,3] K=11,Y=76,X=223,C=3,R=7,S=6 || L2:[sp=K,76] K=10,X=62,R=5,S=1,C=1,Y=1",-inf,-inf,0,Y|K,1
K,3,K,11,C,3,S,4,Y,161,R,6,X,223,Y,23,K,1,X,1,R,6,Y,1,C,2,S,4,"L1:[sp=K,3] K=11,C=3,S=4,Y=161,R=6,X=223 || L2:[sp=Y,23] K=1,X=1,R=6,Y=1,C=2,S=4",-inf,-inf,0,K|Y,1
K,3,K,11,C,3,S,6,R,7,Y,161,X,175,Y,23,K,8,R,5,X,1,Y,1,C,1,S,1,"L1:[sp=K,3] K=11,C=3,S=6,R=7,Y=161,X=175 || L2:[sp=Y,23] K=8,R=5,X=1,Y=1,C=1,S=1",-inf,-inf,0,K|Y,1
K,3,K,26,Y,76,X,223,C,1,R,7,S,6,K,13,K,5,X,1,R,6,S,5,C,1,Y,1,"L1:[sp=K,3] K=26,Y=76,X=223,C=1,R=7,S=6 || L2:[sp=K,13] K=5,X=1,R=6,S=5,C=1,Y=1",-inf,-inf,0,K|K,1
C,3,K,11,Y,76,X,223,C,3,R,5,S,7,Y,76,X,1,K,10,R,5,S,1,C,1,Y,29,"L1:[sp=C,3] K=11,Y=76,X=223,C=3,R=5,S=7 || L2:[sp=Y,76] X=1,K=10,R=5,S=1,C=1,Y=29",-inf,-inf,0,C|Y,1
K,3,K,26,R,5,X,223,C,1,Y,76,S,4,Y,76,K,5,Y,29,R,3,S,1,C,1,X,1,"L1:[sp=K,3] K=26,R=5,X=223,C=1,Y=76,S=4 || L2:[sp=Y,76] K=5,Y=29,R=3,S=1,C=1,X=1",-inf,-inf,0,K|Y,1
K,3,C,3,Y,43,X,223,K,11,R,7,S,5,K,1,K,10,X,1,R,7,S,1,C,1,Y,36,"L1:[sp=K,3] C=3,Y=43,X=223,K=11,R=7,S=5 || L2:[sp=K,1] K=10,X=1,R=7,S=1,C=1,Y=36",-inf,-inf,0,K|K,1
K,3,X,223,Y,76,K,26,C,1,R,5,S,6,Y,1,K,5,X,184,R,5,S,1,C,1,Y,1,"L1:[sp=K,3] X=223,Y=76,K=26,C=1,R=5,S=6 || L2:[sp=Y,1] K=5,X=184,R=5,S=1,C=1,Y=1",-inf,-inf,0,K|Y,1
K,3,K,26,Y,76,X,223,C,1,R,5,S,6,Y,76,K,5,X,70,R,3,S,3,C,1,Y,1,"L1:[sp=K,3] K=26,Y=76,X=223,C=1,R=5,S=6 || L2:[sp=Y,76] K=5,X=70,R=3,S=3,C=1,Y=1",-inf,-inf,0,K|Y,1
K,3,C,3,Y,1,X,223,K,11,R,7,S,6,Y,38,K,10,X,1,R,5,S,1,C,2,Y,1,"L1:[sp=K,3] C=3,Y=1,X=223,K=11,R=7,S=6 || L2:[sp=Y,38] K=10,X=1,R=5,S=1,C=2,Y=1",-inf,-inf,0,K|Y,1
X,3,K,26,Y,76,X,223,C,1,R,5,S,6,Y,76,K,5,X,197,R,5,S,1,C,1,Y,1,"L1:[sp=X,3] K=26,Y=76,X=223,C=1,R=5,S=6 || L2:[sp=Y,76] K=5,X=197,R=5,S=1,C=1,Y=1",-inf,-inf,0,X|Y,1
K,3,K,11,C,3,S,6,Y,161,R,7,X,103,Y,23,K,5,X,1,R,5,Y,26,C,1,S,1,"L1:[sp=K,3] K=11,C=3,S=6,Y=161,R=7,X=103 || L2:[sp=Y,23] K=5,X=1,R=5,Y=26,C=1,S=1",-inf,-inf,0,K|Y,1
K,3,K,11,Y,114,X,223,C,3,R,7,S,6,Y,38,C,1,X,1,R,5,S,5,K,10,Y,1,"L1:[sp=K,3] K=11,Y=114,X=223,C=3,R=7,S=6 || L2:[sp=Y,38] C=1,X=1,R=5,S=5,K=10,Y=1",-inf,-inf,0,K|Y,1
C,3,K,11,C,1,S,4,Y,161,X,223,R,7,C,1,K,1,X,1,R,5,Y,152,C,1,S,1,"L1:[sp=C,3] K=11,C=1,S=4,Y=161,X=223,R=7 || L2:[sp=C,1] K=1,X=1,R=5,Y=152,C=1,S=1",-inf,-inf,0,C|C,1
K,3,S,6,Y,76,X,223,C,1,R,5,K,26,K,13,K,16,X,1,R,5,S,6,C,1,Y,1,"L1:[sp=K,3] S=6,Y=76,X=223,C=1,R=5,K=26 || L2:[sp=K,13] K=16,X=1,R=5,S=6,C=1,Y=1",-inf,-inf,0,K|K,1
K,3,K,11,C,3,S,6,Y,161,R,7,X,223,Y,23,K,5,X,1,R,5,Y,81,C,1,S,1,"L1:[sp=K,3] K=11,C=3,S=6,Y=161,R=7,X=223 || L2:[sp=Y,23] K=5,X=1,R=5,Y=81,C=1,S=1",-inf,-inf,0,K|Y,1
K,3,K,11,R,7,X,140,C,3,Y,76,S,6,Y,38,Y,1,X,1,R,7,S,1,K,10,C,1,"L1:[sp=K,3] K=11,R=7,X=140,C=3,Y=76,S=6 || L2:[sp=Y,38] Y=1,X=1,R=7,S=1,K=10,C=1",-inf,-inf,0,K|Y,1
K,3,K,11,C,3,S,6,Y,161,R,7,X,223,Y,23,X,1,K,5,R,5,Y,46,C,1,S,4,"L1:[sp=K,3] K=11,C=3,S=6,Y=161,R=7,X=223 || L2:[sp=Y,23] X=1,K=5,R=5,Y=46,C=1,S=4",-inf,-inf,0,K|Y,1
X,3,K,11,Y,161,X,223,C,3,R,7,S,6,Y,76,K,10,X,1,S,1,R,7,C,1,Y,68,"L1:[sp=X,3] K=11,Y=161,X=223,C=3,R=7,S=6 || L2:[sp=Y,76] K=10,X=1,S=1,R=7,C=1,Y=68",-inf,-inf,0,X|Y,1
X,3,K,11,Y,103,X,223,C,3,R,7,S,6,Y,76,K,10,X,1,R,6,S,4,C,1,Y,1,"L1:[sp=X,3] K=11,Y=103,X=223,C=3,R=7,S=6 || L2:[sp=Y,76] K=10,X=1,R=6,S=4,C=1,Y=1",-inf,-inf,0,X|Y,1
K,3,K,26,Y,76,C,3,X,223,R,7,S,1,X,4,K,22,X,1,R,7,S,1,C,1,Y,1,"L1:[sp=K,3] K=26,Y=76,C=3,X=223,R=7,S=1 || L2:[sp=X,4] K=22,X=1,R=7,S=1,C=1,Y=1",-inf,-inf,0,K|X,1
X,3,K,11,Y,76,X,223,C,3,R,7,S,6,Y,76,K,10,X,1,R,7,S,1,C,3,Y,1,"L1:[sp=X,3] K=11,Y=76,X=223,C=3,R=7,S=6 || L2:[sp=Y,76] K=10,X=1,R=7,S=1,C=3,Y=1",-inf,-inf,0,X|Y,1
Y,3,K,11,Y,76,X,223,C,1,R,5,S,5,X,76,K,10,X,20,R,1,S,1,C,1,Y,1,"L1:[sp=Y,3] K=11,Y=76,X=223,C=1,R=5,S=5 || L2:[sp=X,76] K=10,X=20,R=1,S=1,C=1,Y=1",-inf,-inf,0,Y|X,1
K,3,K,26,Y,76,X,223,S,4,R,5,C,1,Y,76,K,5,X,1,R,5,S,1,C,1,Y,1,"L1:[sp=K,3] K=26,Y=76,X=223,S=4,R=5,C=1 || L2:[sp=Y,76] K=5,X=1,R=5,S=1,C=1,Y=1",-inf,-inf,0,K|Y,1
Y,3,K,26,Y,76,C,3,X,223,R,7,S,6,K,76,K,5,X,124,R,7,S,1,C,1,Y,76,"L1:[sp=Y,3] K=26,Y=76,C=3,X=223,R=7,S=6 || L2:[sp=K,76] K=5,X=124,R=7,S=1,C=1,Y=76",-inf,-inf,0,Y|K,1
Y,3,K,11,Y,24,X,223,C,3,R,7,S,6,K,76,R,3,X,1,K,10,S,1,C,1,Y,1,"L1:[sp=Y,3] K=11,Y=24,X=223,C=3,R=7,S=6 || L2:[sp=K,76] R=3,X=1,K=10,S=1,C=1,Y=1",-inf,-inf,0,Y|K,1
K,3,Y,218,K,26,X,103,C,1,R,7,S,6,Y,76,K,15,X,1,R,5,S,1,C,1,Y,1,"L1:[sp=K,3] Y=218,K=26,X=103,C=1,R=7,S=6 || L2:[sp=Y,76] K=15,X=1,R=5,S=1,C=1,Y=1",-inf,-inf,0,K|Y,1
K,3,Y,76,C,3,S,5,K,11,X,223,R,5,Y,23,K,11,X,1,R,5,S,5,C,1,Y,1,"L1:[sp=K,3] Y=76,C=3,S=5,K=11,X=223,R=5 || L2:[sp=Y,23] K=11,X=1,R=5,S=5,C=1,Y=1",-inf,-inf,0,K|Y,1
K,3,K,11,R,1,X,223,C,2,S,4,Y,32,Y,76,K,10,X,1,R,1,S,1,C,1,Y,1,"L1:[sp=K,3] K=11,R=1,X=223,C=2,S=4,Y=32 || L2:[sp=Y,76] K=10,X=1,R=1,S=1,C=1,Y=1",-inf,-inf,0,K|Y,1
K,3,K,11,Y,133,C,3,X,223,R,5,S,5,Y,76,Y,1,X,89,R,5,S,1,C,3,K,8,"L1:[sp=K,3] K=11,Y=133,C=3,X=223,R=5,S=5 || L2:[sp=Y,76] Y=1,X=89,R=5,S=1,C=3,K=8",-inf,-inf,0,K|Y,1
K,3,K,35,Y,218,X,124,C,1,R,7,S,6,Y,76,K,2,X,1,R,7,S,1,C,1,Y,1,"L1:[sp=K,3] K=35,Y=218,X=124,C=1,R=7,S=6 || L2:[sp=Y,76] K=2,X=1,R=7,S=1,C=1,Y=1",-inf,-inf,0,K|Y,1
Y,3,K,26,Y,76,X,223,R,7,C,1,S,4,Y,76,K,5,Y,16,R,3,S,1,C,1,X,1,"L1:[sp=Y,3] K=26,Y=76,X=223,R=7,C=1,S=4 || L2:[sp=Y,76] K=5,Y=16,R=3,S=1,C=1,X=1",-inf,-inf,0,Y|Y,1
K,3,K,11,Y,133,X,223,C,3,R,7,S,6,Y,76,K,10,X,1,R,7,S,1,C,3,Y,1,"L1:[sp=K,3] K=11,Y=133,X=223,C=3,R=7,S=6 || L2:[sp=Y,76] K=10,X=1,R=7,S=1,C=3,Y=1",-inf,-inf,0,K|Y,1
K,3,K,11,Y,76,X,223,C,3,R,7,S,6,Y,38,C,1,K,10,R,2,S,1,X,1,Y,1,"L1:[sp=K,3] K=11,Y=76,X=223,C=3,R=7,S=6 || L2:[sp=Y,38] C=1,K=10,R=2,S=1,X=1,Y=1",-inf,-inf,0,K|Y,1
Y,3,K,11,X,223,S,6,C,3,R,7,Y,97,Y,76,K,10,X,142,S,1,R,5,C,1,Y,1,"L1:[sp=Y,3] K=11,X=223,S=6,C=3,R=7,Y=97 || L2:[sp=Y,76] K=10,X=142,S=1,R=5,C=1,Y=1",-inf,-inf,0,Y|Y,1
K,3,K,26,Y,218,X,223,C,1,R,7,S,6,Y,76,K,2,X,1,R,5,S,3,C,1,Y,80,"L1:[sp=K,3] K=26,Y=218,X=223,C=1,R=7,S=6 || L2:[sp=Y,76] K=2,X=1,R=5,S=3,C=1,Y=80",-inf,-inf,0,K|Y,1
K,3,K,48,Y,76,X,223,C,1,R,5,S,5,Y,76,K,2,X,1,R,5,S,1,C,1,Y,1,"L1:[sp=K,3] K=48,Y=76,X=223,C=1,R=5,S=5 || L2:[sp=Y,76] K=2,X=1,R=5,S=1,C=1,Y=1",-inf,-inf,0,K|Y,1
K,3,S,7,K,11,X,223,C,3,Y,218,R,7,Y,76,K,10,X,40,R,5,S,3,C,1,Y,1,"L1:[sp=K,3] S=7,K=11,X=223,C=3,Y=218,R=7 || L2:[sp=Y,76] K=10,X=40,R=5,S=3,C=1,Y=1",-inf,-inf,0,K|Y,1
K,3,K,11,Y,76,X,79,C,1,R,7,S,6,Y,76,K,10,X,1,R,7,S,1,C,1,Y,1,"L1:[sp=K,3] K=11,Y=76,X=79,C=1,R=7,S=6 || L2:[sp=Y,76] K=10,X=1,R=7,S=1,C=1,Y=1",-inf,-inf,0,K|Y,1
K,3,K,11,S,5,X,223,C,3,Y,76,R,5,Y,76,Y,62,X,188,R,5,S,1,C,1,K,10,"L1:[sp=K,3] K=11,S=5,X=223,C=3,Y=76,R=5 || L2:[sp=Y,76] Y=62,X=188,R=5,S=1,C=1,K=10",-inf,-inf,0,K|Y,1
Y,3,K,26,Y,76,R,7,X,223,C,1,S,5,Y,76,K,5,R,6,Y,1,S,4,C,1,X,1,"L1:[sp=Y,3] K=26,Y=76,R=7,X=223,C=1,S=5 || L2:[sp=Y,76] K=5,R=6,Y=1,S=4,C=1,X=1",-inf,-inf,0,Y|Y,1
K,3,K,11,Y,35,S,7,C,3,R,7,X,223,Y,38,C,1,X,1,R,7,S,1,K,10,Y,1,"L1:[sp=K,3] K=11,Y=35,S=7,C=3,R=7,X=223 || L2:[sp=Y,38] C=1,X=1,R=7,S=1,K=10,Y=1",-inf,-inf,0,K|Y,1
Y,3,K,26,Y,218,X,223,C,1,R,7,S,6,K,76,K,2,X,1,R,5,S,1,C,1,Y,1,"L1:[sp=Y,3] K=26,Y=218,X=223,C=1,R=7,S=6 || L2:[sp=K,76] K=2,X=1,R=5,S=1,C=1,Y=1",-inf,-inf,0,Y|K,1
K,3,K,4,Y,32,X,223,C,3,R,1,S,5,X,3,K,2,X,1,R,1,S,1,C,1,Y,1,"L1:[sp=K,3] K=4,Y=32,X=223,C=3,R=1,S=5 || L2:[sp=X,3] K=2,X=1,R=1,S=1,C=1,Y=1",-inf,-inf,0,K|X,1
Y,3,C,3,Y,76,R,7,X,223,K,17,S,6,Y,76,K,5,X,44,R,2,S,2,C,1,Y,1,"L1:[sp=Y,3] C=3,Y=76,R=7,X=223,K=17,S=6 || L2:[sp=Y,76] K=5,X=44,R=2,S=2,C=1,Y=1",-inf,-inf,0,Y|Y,1
Y,3,C,1,Y,40,R,5,X,223,K,26,S,4,Y,76,K,23,X,1,R,5,S,1,C,1,Y,1,"L1:[sp=Y,3] C=1,Y=40,R=5,X=223,K=26,S=4 || L2:[sp=Y,76] K=23,X=1,R=5,S=1,C=1,Y=1",-inf,-inf,0,Y|Y,1
Y,3,K,38,Y,76,C,1,X,223,R,7,S,6,K,76,K,8,X,1,R,2,S,1,C,1,Y,41,"L1:[sp=Y,3] K=38,Y=76,C=1,X=223,R=7,S=6 || L2:[sp=K,76] K=8,X=1,R=2,S=1,C=1,Y=41",-inf,-inf,0,Y|K,1
K,3,K,26,Y,32,S,5,C,3,R,5,X,223,Y,76,K,2,X,1,R,5,S,1,C,1,Y,32,"L1:[sp=K,3] K=26,Y=32,S=5,C=3,R=5,X=223 || L2:[sp=Y,76] K=2,X=1,R=5,S=1,C=1,Y=32",-inf,-inf,0,K|Y,1
K,3,K,49,Y,76,X,223,C,2,R,5,S,6,Y,76,K,2,X,1,R,5,S,3,C,1,Y,1,"L1:[sp=K,3] K=49,Y=76,X=223,C=2,R=5,S=6 || L2:[sp=Y,76] K=2,X=1,R=5,S=3,C=1,Y=1",-inf,-inf,0,K|Y,1
K,3,K,26,Y,218,X,204,C,1,R,7,S,4,Y,76,K,2,X,1,R,5,S,1,C,1,Y,1,"L1:[sp=K,3] K=26,Y=218,X=204,C=1,R=7,S=4 || L2:[sp=Y,76] K=2,X=1,R=5,S=1,C=1,Y=1",-inf,-inf,0,K|Y,1
K,3,K,26,Y,218,X,223,C,1,R,4,S,6,Y,76,K,2,X,1,R,2,S,1,C,1,Y,1,"L1:[sp=K,3] K=26,Y=218,X=223,C=1,R=4,S=6 || L2:[sp=Y,76] K=2,X=1,R=2,S=1,C=1,Y=1",-inf,-inf,0,K|Y,1
K,3,K,11,S,6,R,7,C,2,Y,218,X,223,Y,76,K,10,X,1,R,5,S,1,C,2,Y,96,"L1:[sp=K,3] K=11,S=6,R=7,C=2,Y=218,X=223 || L2:[sp=Y,76] K=10,X=1,R=5,S=1,C=2,Y=96",-inf,-inf,0,K|Y,1
C,3,K,11,Y,195,C,3,X,223,R,7,S,6,Y,76,K,11,X,90,R,5,S,1,Y,1,C,1,"L1:[sp=C,3] K=11,Y=195,C=3,X=223,R=7,S=6 || L2:[sp=Y,76] K=11,X=90,R=5,S=1,Y=1,C=1",-inf,-inf,0,C|Y,1
C,3,K,11,Y,195,C,3,X,223,R,7,S,6,Y,76,K,11,X,1,R,5,S,5,Y,1,C,1,"L1:[sp=C,3] K=11,Y=195,C=3,X=223,R=7,S=6 || L2:[sp=Y,76] K=11,X=1,R=5,S=5,Y=1,C=1",-inf,-inf,0,C|Y,1
K,3,K,9,Y,76,C,3,X,223,R,4,S,6,Y,76,K,8,X,1,Y,28,S,1,C,1,R,2,"L1:[sp=K,3] K=9,Y=76,C=3,X=223,R=4,S=6 || L2:[sp=Y,76] K=8,X=1,Y=28,S=1,C=1,R=2",-inf,-inf,0,K|Y,1
Y,3,K,11,R,7,S,6,C,2,Y,218,X,223,Y,76,K,10,X,1,R,5,S,6,C,2,Y,1,"L1:[sp=Y,3] K=11,R=7,S=6,C=2,Y=218,X=223 || L2:[sp=Y,76] K=10,X=1,R=5,S=6,C=2,Y=1",-inf,-inf,0,Y|Y,1
K,3,K,11,Y,76,C,3,X,208,R,3,S,6,Y,76,K,8,X,1,R,2,S,3,C,1,Y,1,"L1:[sp=K,3] K=11,Y=76,C=3,X=208,R=3,S=6 || L2:[sp=Y,76] K=8,X=1,R=2,S=3,C=1,Y=1",-inf,-inf,0,K|Y,1
K,3,K,11,S,6,R,4,C,2,Y,76,X,223,Y,76,K,10,X,1,R,2,S,6,C,2,Y,1,"L1:[sp=K,3] K=11,S=6,R=4,C=2,Y=76,X=223 || L2:[sp=Y,76] K=10,X=1,R=2,S=6,C=2,Y=1",-inf,-inf,0,K|Y,1
K,3,Y,218,K,11,C,3,X,223,R,7,S,6,Y,76,K,8,R,5,X,42,S,1,C,1,Y,1,"L1:[sp=K,3] Y=218,K=11,C=3,X=223,R=7,S=6 || L2:[sp=Y,76] K=8,R=5,X=42,S=1,C=1,Y=1",-inf,-inf,0,K|Y,1
K,3,K,11,Y,76,C,3,X,179,R,4,S,6,Y,1,K,8,X,1,R,2,S,1,C,1,Y,1,"L1:[sp=K,3] K=11,Y=76,C=3,X=179,R=4,S=6 || L2:[sp=Y,1] K=8,X=1,R=2,S=1,C=1,Y=1",-inf,-inf,0,K|Y,1
Y,3,K,15,Y,76,C,3,X,223,R,7,S,6,K,76,K,14,X,31,R,5,S,1,C,1,Y,1,"L1:[sp=Y,3] K=15,Y=76,C=3,X=223,R=7,S=6 || L2:[sp=K,76] K=14,X=31,R=5,S=1,C=1,Y=1",-inf,-inf,0,Y|K,1
K,3,K,11,S,6,R,2,C,2,Y,32,X,223,Y,76,K,10,X,113,R,2,S,1,C,1,Y,1,"L1:[sp=K,3] K=11,S=6,R=2,C=2,Y=32,X=223 || L2:[sp=Y,76] K=10,X=113,R=2,S=1,C=1,Y=1",-inf,-inf,0,K|Y,1
K,3,R,7,S,6,K,11,C,1,Y,76,X,106,Y,76,K,10,X,1,R,5,S,1,C,1,Y,1,"L1:[sp=K,3] R=7,S=6,K=11,C=1,Y=76,X=106 || L2:[sp=Y,76] K=10,X=1,R=5,S=1,C=1,Y=1",-inf,-inf,0,K|Y,1
K,3,K,11,Y,218,C,2,X,223,R,7,S,6,Y,76,K,8,X,1,R,5,S,4,C,2,Y,1,"L1:[sp=K,3] K=11,Y=218,C=2,X=223,R=7,S=6 || L2:[sp=Y,76] K=8,X=1,R=5,S=4,C=2,Y=1",-inf,-inf,0,K|Y,1
C,3,K,23,Y,218,X,223,C,3,R,7,S,6,Y,76,K,8,X,1,R,5,S,1,C,1,Y,52,"L1:[sp=C,3] K=23,Y=218,X=223,C=3,R=7,S=6 || L2:[sp=Y,76] K=8,X=1,R=5,S=1,C=1,Y=52",-inf,-inf,0,C|Y,1
C,3,X,198,Y,218,K,23,C,3,R,7,S,6,Y,76,K,16,R,5,X,1,S,1,C,1,Y,1,"L1:[sp=C,3] X=198,Y=218,K=23,C=3,R=7,S=6 || L2:[sp=Y,76] K=16,R=5,X=1,S=1,C=1,Y=1",-inf,-inf,0,C|Y,1
C,3,K,11,C,1,Y,195,X,223,R,7,S,6,Y,76,X,1,K,11,R,5,S,6,Y,1,C,1,"L1:[sp=C,3] K=11,C=1,Y=195,X=223,R=7,S=6 || L2:[sp=Y,76] X=1,K=11,R=5,S=6,Y=1,C=1",-inf,-inf,0,C|Y,1
K,3,K,11,S,6,R,4,C,2,Y,218,X,223,Y,76,K,10,X,1,R,2,S,1,C,2,Y,42,"L1:[sp=K,3] K=11,S=6,R=4,C=2,Y=218,X=223 || L2:[sp=Y,76] K=10,X=1,R=2,S=1,C=2,Y=42",-inf,-inf,0,K|Y,1
K,3,K,11,S,6,R,7,C,2,Y,218,X,223,Y,32,K,10,X,124,R,2,S,1,C,1,Y,1,"L1:[sp=K,3] K=11,S=6,R=7,C=2,Y=218,X=223 || L2:[sp=Y,32] K=10,X=124,R=2,S=1,C=1,Y=1",-inf,-inf,0,K|Y,1
Y,3,K,35,Y,224,C,1,X,223,R,4,S,2,Y,76,X,1,K,11,R,2,S,1,Y,1,C,1,"L1:[sp=Y,3] K=35,Y=224,C=1,X=223,R=4,S=2 || L2:[sp=Y,76] X=1,K=11,R=2,S=1,Y=1,C=1",-inf,-inf,0,Y|Y,1
Y,3,K,42,Y,224,C,1,X,70,R,4,S,6,Y,76,X,1,S,2,R,2,K,11,Y,1,C,1,"L1:[sp=Y,3] K=42,Y=224,C=1,X=70,R=4,S=6 || L2:[sp=Y,76] X=1,S=2,R=2,K=11,Y=1,C=1",-inf,-inf,0,Y|Y,1
K,3,K,49,S,6,R,2,C,1,Y,32,X,223,Y,76,K,7,Y,1,R,1,S,1,C,1,X,1,"L1:[sp=K,3] K=49,S=6,R=2,C=1,Y=32,X=223 || L2:[sp=Y,76] K=7,Y=1,R=1,S=1,C=1,X=1",-inf,-inf,0,K|Y,1
K,3,K,24,S,6,R,4,C,3,Y,224,X,223,Y,76,K,10,X,1,R,2,S,1,Y,206,C,1,"L1:[sp=K,3] K=24,S=6,R=4,C=3,Y=224,X=223 || L2:[sp=Y,76] K=10,X=1,R=2,S=1,Y=206,C=1",-inf,-inf,0,K|Y,1
K,3,K,11,S,2,R,6,C,3,Y,218,X,223,Y,76,K,10,X,1,R,5,S,1,Y,1,C,1,"L1:[sp=K,3] K=11,S=2,R=6,C=3,Y=218,X=223 || L2:[sp=Y,76] K=10,X=1,R=5,S=1,Y=1,C=1",-inf,-inf,0,K|Y,1
K,3,K,11,S,6,R,7,C,2,Y,218,X,123,Y,76,K,8,X,123,R,5,S,1,C,2,Y,1,"L1:[sp=K,3] K=11,S=6,R=7,C=2,Y=218,X=123 || L2:[sp=Y,76] K=8,X=123,R=5,S=1,C=2,Y=1",-inf,-inf,0,K|Y,1
K,3,K,11,S,6,R,7,C,2,X,223,Y,66,Y,32,K,6,X,1,R,7,S,4,C,1,Y,1,"L1:[sp=K,3] K=11,S=6,R=7,C=2,X=223,Y=66 || L2:[sp=Y,32] K=6,X=1,R=7,S=4,C=1,Y=1",-inf,-inf,0,K|Y,1
K,3,K,15,Y,32,C,3,X,127,R,5,S,6,Y,76,K,5,X,1,C,1,S,1,R,5,Y,1,"L1:[sp=K,3] K=15,Y=32,C=3,X=127,R=5,S=6 || L2:[sp=Y,76] K=5,X=1,C=1,S=1,R=5,Y=1",-inf,-inf,0,K|Y,1
Y,3,K,11,S,1,R,2,C,2,Y,218,X,223,Y,32,K,1,X,1,R,2,S,1,C,2,Y,1,"L1:[sp=Y,3] K=11,S=1,R=2,C=2,Y=218,X=223 || L2:[sp=Y,32] K=1,X=1,R=2,S=1,C=2,Y=1",-inf,-inf,0,Y|Y,1
K,3,K,15,Y,32,C,3,X,122,R,2,S,6,Y,76,K,5,X,1,C,1,S,1,R,2,Y,1,"L1:[sp=K,3] K=15,Y=32,C=3,X=122,R=2,S=6 || L2:[sp=Y,76] K=5,X=1,C=1,S=1,R=2,Y=1",-inf,-inf,0,K|Y,1
K,3,K,11,S,6,R,4,C,3,Y,76,X,223,Y,76,R,2,X,1,K,10,S,1,Y,1,C,1,"L1:[sp=K,3] K=11,S=6,R=4,C=3,Y=76,X=223 || L2:[sp=Y,76] R=2,X=1,K=10,S=1,Y=1,C=1",-inf,-inf,0,K|Y,1
K,3,K,11,S,6,R,5,C,2,Y,218,X,223,Y,32,K,1,X,159,R,5,S,1,C,2,Y,22,"L1:[sp=K,3] K=11,S=6,R=5,C=2,Y=218,X=223 || L2:[sp=Y,32] K=1,X=159,R=5,S=1,C=2,Y=22",-inf,-inf,0,K|Y,1
K,3,K,57,S,6,R,7,C,2,Y,32,X,223,K,57,R,5,C,1,K,10,S,1,X,1,Y,1,"L1:[sp=K,3] K=57,S=6,R=7,C=2,Y=32,X=223 || L2:[sp=K,57] R=5,C=1,K=10,S=1,X=1,Y=1",-inf,-inf,0,K|K,1
K,3,K,17,S,6,R,2,C,1,X,41,Y,32,Y,32,K,6,X,1,R,2,S,1,C,1,Y,1,"L1:[sp=K,3] K=17,S=6,R=2,C=1,X=41,Y=32 || L2:[sp=Y,32] K=6,X=1,R=2,S=1,C=1,Y=1",-inf,-inf,0,K|Y,1
K,3,K,15,Y,76,C,1,X,223,R,1,S,6,Y,76,K,5,X,49,C,1,S,1,R,1,Y,1,"L1:[sp=K,3] K=15,Y=76,C=1,X=223,R=1,S=6 || L2:[sp=Y,76] K=5,X=49,C=1,S=1,R=1,Y=1",-inf,-inf,0,K|Y,1
K,3,K,40,S,6,R,1,C,2,Y,32,X,223,Y,76,Y,1,X,90,K,10,R,1,C,1,S,1,"L1:[sp=K,3] K=40,S=6,R=1,C=2,Y=32,X=223 || L2:[sp=Y,76] Y=1,X=90,K=10,R=1,C=1,S=1",-inf,-inf,0,K|Y,1
K,3,S,6,K,27,R,7,C,2,Y,32,X,223,Y,32,K,19,X,1,R,5,S,1,C,2,Y,1,"L1:[sp=K,3] S=6,K=27,R=7,C=2,Y=32,X=223 || L2:[sp=Y,32] K=19,X=1,R=5,S=1,C=2,Y=1",-inf,-inf,0,K|Y,1
K,3,K,40,S,6,R,7,C,2,Y,183,X,223,Y,76,Y,1,X,210,K,10,R,5,C,1,S,1,"L1:[sp=K,3] K=40,S=6,R=7,C=2,Y=183,X=223 || L2:[sp=Y,76] Y=1,X=210,K=10,R=5,C=1,S=1",-inf,-inf,0,K|Y,1
K,3,S,6,K,11,R,7,C,2,Y,59,X,223,Y,32,K,11,X,110,R,5,S,1,C,1,Y,1,"L1:[sp=K,3] S=6,K=11,R=7,C=2,Y=59,X=223 || L2:[sp=Y,32] K=11,X=110,R=5,S=1,C=1,Y=1",-inf,-inf,0,K|Y,1
K,3,K,15,Y,76,C,1,X,120,R,1,S,6,Y,76,K,5,X,1,C,1,S,1,R,1,Y,1,"L1:[sp=K,3] K=15,Y=76,C=1,X=120,R=1,S=6 || L2:[sp=Y,76] K=5,X=1,C=1,S=1,R=1,Y=1",-inf,-inf,0,K|Y,1
K,3,K,40,S,6,R,7,C,2,Y,32,X,223,Y,76,Y,1,X,1,K,25,R,2,C,1,S,1,"L1:[sp=K,3] K=40,S=6,R=7,C=2,Y=32,X=223 || L2:[sp=Y,76] Y=1,X=1,K=25,R=2,C=1,S=1",-inf,-inf,0,K|Y,1
K,3,K,11,S,6,R,7,C,3,Y,32,X,223,Y,76,K,10,X,1,R,5,S,1,C,1,Y,10,"L1:[sp=K,3] K=11,S=6,R=7,C=3,Y=32,X=223 || L2:[sp=Y,76] K=10,X=1,R=5,S=1,C=1,Y=10",-inf,-inf,0,K|Y,1
K,3,K,50,Y,76,C,1,X,175,R,1,S,6,Y,76,K,5,X,1,C,1,S,1,R,1,Y,1,"L1:[sp=K,3] K=50,Y=76,C=1,X=175,R=1,S=6 || L2:[sp=Y,76] K=5,X=1,C=1,S=1,R=1,Y=1",-inf,-inf,0,K|Y,1
K,3,K,15,Y,153,C,3,X,223,R,7,S,6,Y,76,K,5,X,1,C,1,S,1,R,6,Y,145,"L1:[sp=K,3] K=15,Y=153,C=3,X=223,R=7,S=6 || L2:[sp=Y,76] K=5,X=1,C=1,S=1,R=6,Y=145",-inf,-inf,0,K|Y,1
K,3,S,6,C,2,R,5,K,27,Y,106,X,223,Y,32,Y,64,X,1,R,5,S,1,C,2,K,6,"L1:[sp=K,3] S=6,C=2,R=5,K=27,Y=106,X=223 || L2:[sp=Y,32] Y=64,X=1,R=5,S=1,C=2,K=6",-inf,-inf,0,K|Y,1
K,3,K,11,S,7,R,7,C,2,Y,32,X,223,Y,76,K,10,X,1,R,5,S,1,C,1,Y,1,"L1:[sp=K,3] K=11,S=7,R=7,C=2,Y=32,X=223 || L2:[sp=Y,76] K=10,X=1,R=5,S=1,C=1,Y=1",-inf,-inf,0,K|Y,1
K,3,K,15,Y,76,C,1,X,223,R,5,S,6,Y,76,X,1,K,5,C,1,S,5,R,5,Y,1,"L1:[sp=K,3] K=15,Y=76,C=1,X=223,R=5,S=6 || L2:[sp=Y,76] X=1,K=5,C=1,S=5,R=5,Y=1",-inf,-inf,0,K|Y,1
K,3,K,11,S,6,C,1,R,1,Y,191,X,223,Y,32,K,1,X,121,R,1,S,1,C,1,Y,167,"L1:[sp=K,3] K=11,S=6,C=1,R=1,Y=191,X=223 || L2:[sp=Y,32] K=1,X=121,R=1,S=1,C=1,Y=167",-inf,-inf,0,K|Y,1
C,3,K,11,S,6,X,223,C,2,Y,32,R,7,Y,76,K,10,X,180,R,5,S,1,C,1,Y,1,"L1:[sp=C,3] K=11,S=6,X=223,C=2,Y=32,R=7 || L2:[sp=Y,76] K=10,X=180,R=5,S=1,C=1,Y=1",-inf,-inf,0,C|Y,1
Y,3,K,15,X,66,C,1,Y,76,R,3,S,6,K,76,K,5,X,1,C,1,S,6,R,1,Y,1,"L1:[sp=Y,3] K=15,X=66,C=1,Y=76,R=3,S=6 || L2:[sp=K,76] K=5,X=1,C=1,S=6,R=1,Y=1",-inf,-inf,0,Y|K,1
K,3,K,15,X,223,C,1,Y,76,S,4,R,7,Y,76,K,5,X,1,C,1,S,1,R,5,Y,1,"L1:[sp=K,3] K=15,X=223,C=1,Y=76,S=4,R=7 || L2:[sp=Y,76] K=5,X=1,C=1,S=1,R=5,Y=1",-inf,-inf,0,K|Y,1
K,3,K,11,S,6,R,1,C,2,Y,32,X,223,Y,76,K,10,X,1,R,1,S,1,C,1,Y,1,"L1:[sp=K,3] K=11,S=6,R=1,C=2,Y=32,X=223 || L2:[sp=Y,76] K=10,X=1,R=1,S=1,C=1,Y=1",-inf,-inf,0,K|Y,1
C,3,K,11,S,6,X,102,C,3,Y,76,R,1,Y,76,K,10,X,1,R,1,S,1,C,1,Y,1,"L1:[sp=C,3] K=11,S=6,X=102,C=3,Y=76,R=1 || L2:[sp=Y,76] K=10,X=1,R=1,S=1,C=1,Y=1",-inf,-inf,0,C|Y,1
C,3,K,11,S,6,X,223,C,1,Y,76,R,1,Y,76,K,10,X,1,R,1,S,1,C,1,Y,30,"L1:[sp=C,3] K=11,S=6,X=223,C=1,Y=76,R=1 || L2:[sp=Y,76] K=10,X=1,R=1,S=1,C=1,Y=30",-inf,-inf,0,C|Y,1
K,3,X,223,S,4,R,7,C,2,Y,32,K,11,Y,76,K,10,X,1,R,5,S,1,C,1,Y,26,"L1:[sp=K,3] X=223,S=4,R=7,C=2,Y=32,K=11 || L2:[sp=Y,76] K=10,X=1,R=5,S=1,C=1,Y=26",-inf,-inf,0,K|Y,1
K,3,S,6,C,2,R,1,K,27,Y,106,X,223,Y,32,Y,1,R,1,S,1,X,207,C,2,K,6,"L1:[sp=K,3] S=6,C=2,R=1,K=27,Y=106,X=223 || L2:[sp=Y,32] Y=1,R=1,S=1,X=207,C=2,K=6",-inf,-inf,0,K|Y,1
K,3,K,15,X,223,S,6,Y,76,R,1,C,1,Y,76,K,9,X,1,C,1,S,1,R,1,Y,51,"L1:[sp=K,3] K=15,X=223,S=6,Y=76,R=1,C=1 || L2:[sp=Y,76] K=9,X=1,C=1,S=1,R=1,Y=51",-inf,-inf,0,K|Y,1
Y,3,K,32,X,68,C,1,Y,76,S,6,R,6,K,76,K,5,X,1,C,1,S,1,R,1,Y,1,"L1:[sp=Y,3] K=32,X=68,C=1,Y=76,S=6,R=6 || L2:[sp=K,76] K=5,X=1,C=1,S=1,R=1,Y=1",-inf,-inf,0,Y|K,1
K,3,K,27,Y,40,S,6,C,1,R,5,X,223,Y,76,K,5,X,1,C,1,R,1,S,1,Y,40,"L1:[sp=K,3] K=27,Y=40,S=6,C=1,R=5,X=223 || L2:[sp=Y,76] K=5,X=1,C=1,R=1,S=1,Y=40",-inf,-inf,0,K|Y,1
K,3,K,15,Y,218,C,3,X,12,R,7,S,6,Y,76,K,5,X,4,C,1,S,1,R,5,Y,1,"L1:[sp=K,3] K=15,Y=218,C=3,X=12,R=7,S=6 || L2:[sp=Y,76] K=5,X=4,C=1,S=1,R=5,Y=1",-inf,-inf,0,K|Y,1
K,3,K,15,X,223,R,6,Y,76,S,6,C,1,Y,76,K,9,X,1,C,1,S,1,R,1,Y,70,"L1:[sp=K,3] K=15,X=223,R=6,Y=76,S=6,C=1 || L2:[sp=Y,76] K=9,X=1,C=1,S=1,R=1,Y=70",-inf,-inf,0,K|Y,1
C,3,K,13,X,223,C,3,Y,82,S,6,R,7,Y,76,K,5,X,23,C,1,S,1,R,5,Y,1,"L1:[sp=C,3] K=13,X=223,C=3,Y=82,S=6,R=7 || L2:[sp=Y,76] K=5,X=23,C=1,S=1,R=5,Y=1",-inf,-inf,0,C|Y,1
Y,3,K,11,X,223,S,6,C,1,Y,76,R,5,Y,76,K,10,X,1,R,3,S,5,C,1,Y,1,"L1:[sp=Y,3] K=11,X=223,S=6,C=1,Y=76,R=5 || L2:[sp=Y,76] K=10,X=1,R=3,S=5,C=1,Y=1",-inf,-inf,0,Y|Y,1
K,3,K,15,X,223,C,3,Y,76,S,1,R,6,Y,76,K,5,X,90,C,2,S,1,R,1,Y,1,"L1:[sp=K,3] K=15,X=223,C=3,Y=76,S=1,R=6 || L2:[sp=Y,76] K=5,X=90,C=2,S=1,R=1,Y=1",-inf,-inf,0,K|Y,1
K,3,K,15,Y,218,C,3,X,145,R,7,S,6,Y,76,K,5,X,1,C,1,S,5,R,5,Y,1,"L1:[sp=K,3] K=15,Y=218,C=3,X=145,R=7,S=6 || L2:[sp=Y,76] K=5,X=1,C=1,S=5,R=5,Y=1",-inf,-inf,0,K|Y,1
K,3,K,15,X,223,R,1,Y,76,S,6,C,1,Y,76,K,8,X,1,C,1,S,1,R,1,Y,63,"L1:[sp=K,3] K=15,X=223,R=1,Y=76,S=6,C=1 || L2:[sp=Y,76] K=8,X=1,C=1,S=1,R=1,Y=63",-inf,-inf,0,K|Y,1
K,3,K,32,X,59,C,1,Y,76,S,6,R,7,Y,76,K,5,X,1,C,1,S,1,R,1,Y,1,"L1:[sp=K,3] K=32,X=59,C=1,Y=76,S=6,R=7 || L2:[sp=Y,76] K=5,X=1,C=1,S=1,R=1,Y=1",-inf,-inf,0,K|Y,1
K,3,K,15,X,175,R,7,S,6,Y,76,C,3,Y,76,K,11,X,1,C,1,S,1,R,5,Y,1,"L1:[sp=K,3] K=15,X=175,R=7,S=6,Y=76,C=3 || L2:[sp=Y,76] K=11,X=1,C=1,S=1,R=5,Y=1",-inf,-inf,0,K|Y,1
K,3,K,36,Y,205,C,3,X,141,R,7,S,6,Y,76,C,1,X,83,Y,1,S,1,R,5,K,5,"L1:[sp=K,3] K=36,Y=205,C=3,X=141,R=7,S=6 || L2:[sp=Y,76] C=1,X=83,Y=1,S=1,R=5,K=5",-inf,-inf,0,K|Y,1
Y,3,K,32,X,64,Y,76,C,3,S,6,R,1,K,76,K,5,X,64,C,1,S,1,R,1,Y,1,"L1:[sp=Y,3] K=32,X=64,Y=76,C=3,S=6,R=1 || L2:[sp=K,76] K=5,X=64,C=1,S=1,R=1,Y=1",-inf,-inf,0,Y|K,1
K,3,K,36,Y,76,C,3,X,223,R,7,S,6,Y,76,C,2,X,1,K,5,S,1,R,5,Y,43,"L1:[sp=K,3] K=36,Y=76,C=3,X=223,R=7,S=6 || L2:[sp=Y,76] C=2,X=1,K=5,S=1,R=5,Y=43",-inf,-inf,0,K|Y,1
Y,3,K,32,X,223,Y,76,C,3,S,2,R,1,K,76,K,5,X,1,C,1,S,1,R,1,Y,1,"L1:[sp=Y,3] K=32,X=223,Y=76,C=3,S=2,R=1 || L2:[sp=K,76] K=5,X=1,C=1,S=1,R=1,Y=1",-inf,-inf,0,Y|K,1
K,3,K,15,C,1,X,159,Y,130,R,6,S,6,Y,76,K,4,X,1,C,1,S,1,R,1,Y,1,"L1:[sp=K,3] K=15,C=1,X=159,Y=130,R=6,S=6 || L2:[sp=Y,76] K=4,X=1,C=1,S=1,R=1,Y=1",-inf,-inf,0,K|Y,1
K,3,K,15,C,3,R,6,Y,76,S,3,X,154,Y,76,K,11,X,1,C,1,S,3,R,1,Y,1,"L1:[sp=K,3] K=15,C=3,R=6,Y=76,S=3,X=154 || L2:[sp=Y,76] K=11,X=1,C=1,S=3,R=1,Y=1",-inf,-inf,0,K|Y,1
K,3,K,13,X,77,C,3,R,1,S,6,Y,218,Y,76,K,1,X,1,C,1,S,1,R,1,Y,1,"L1:[sp=K,3] K=13,X=77,C=3,R=1,S=6,Y=218 || L2:[sp=Y,76] K=1,X=1,C=1,S=1,R=1,Y=1",-inf,-inf,0,K|Y,1
K,3,K,15,X,17,S,6,Y,142,R,5,C,1,Y,76,K,9,X,1,C,1,S,1,R,2,Y,1,"L1:[sp=K,3] K=15,X=17,S=6,Y=142,R=5,C=1 || L2:[sp=Y,76] K=9,X=1,C=1,S=1,R=2,Y=1",-inf,-inf,0,K|Y,1
Y,3,C,1,R,1,K,32,Y,76,S,6,X,223,Y,76,K,32,X,1,C,1,S,1,R,1,Y,18,"L1:[sp=Y,3] C=1,R=1,K=32,Y=76,S=6,X=223 || L2:[sp=Y,76] K=32,X=1,C=1,S=1,R=1,Y=18",-inf,-inf,0,Y|Y,1
K,3,K,32,X,163,C,3,R,7,S,6,Y,218,Y,76,K,5,X,1,C,1,S,1,R,3,Y,1,"L1:[sp=K,3] K=32,X=163,C=3,R=7,S=6,Y=218 || L2:[sp=Y,76] K=5,X=1,C=1,S=1,R=3,Y=1",-inf,-inf,0,K|Y,1
K,3,X,223,K,32,C,1,Y,84,S,6,R,1,Y,76,K,5,X,61,C,1,S,1,R,1,Y,1,"L1:[sp=K,3] X=223,K=32,C=1,Y=84,S=6,R=1 || L2:[sp=Y,76] K=5,X=61,C=1,S=1,R=1,Y=1",-inf,-inf,0,K|Y,1
Y,3,K,32,X,156,C,1,Y,76,S,6,R,1,Y,76,K,5,X,1,C,1,S,1,R,1,Y,1,"L1:[sp=Y,3] K=32,X=156,C=1,Y=76,S=6,R=1 || L2:[sp=Y,76] K=5,X=1,C=1,S=1,R=1,Y=1",-inf,-inf,0,Y|Y,1
X,3,K,26,X,223,C,1,S,6,Y,205,R,7,Y,76,K,18,X,28,C,1,S,1,R,5,Y,1,"L1:[sp=X,3] K=26,X=223,C=1,S=6,Y=205,R=7 || L2:[sp=Y,76] K=18,X=28,C=1,S=1,R=5,Y=1",-inf,-inf,0,X|Y,1
K,3,S,2,X,223,C,3,R,1,Y,76,K,13,Y,76,K,1,X,68,C,1,S,1,R,1,Y,1,"L1:[sp=K,3] S=2,X=223,C=3,R=1,Y=76,K=13 || L2:[sp=Y,76] K=1,X=68,C=1,S=1,R=1,Y=1",-inf,-inf,0,K|Y,1
K,3,K,36,Y,205,C,3,X,223,R,3,S,6,Y,76,C,1,X,1,K,5,S,1,R,1,Y,1,"L1:[sp=K,3] K=36,Y=205,C=3,X=223,R=3,S=6 || L2:[sp=Y,76] C=1,X=1,K=5,S=1,R=1,Y=1",-inf,-inf,0,K|Y,1
K,3,Y,205,X,23,R,7,K,21,S,6,C,3,Y,76,K,3,X,1,C,1,S,1,R,5,Y,1,"L1:[sp=K,3] Y=205,X=23,R=7,K=21,S=6,C=3 || L2:[sp=Y,76] K=3,X=1,C=1,S=1,R=5,Y=1",-inf,-inf,0,K|Y,1
K,3,K,36,C,3,Y,187,X,223,R,1,S,6,C,3,C,1,X,102,K,5,S,1,R,1,Y,1,"L1:[sp=K,3] K=36,C=3,Y=187,X=223,R=1,S=6 || L2:[sp=C,3] C=1,X=102,K=5,S=1,R=1,Y=1",-inf,-inf,0,K|C,1
K,3,Y,142,X,223,R,5,K,21,S,2,C,1,Y,76,K,9,X,1,C,1,S,1,R,2,Y,1,"L1:[sp=K,3] Y=142,X=223,R=5,K=21,S=2,C=1 || L2:[sp=Y,76] K=9,X=1,C=1,S=1,R=2,Y=1",-inf,-inf,0,K|Y,1
K,3,Y,205,X,223,S,6,K,32,C,1,R,7,Y,76,K,5,Y,1,C,1,S,1,R,5,X,187,"L1:[sp=K,3] Y=205,X=223,S=6,K=32,C=1,R=7 || L2:[sp=Y,76] K=5,Y=1,C=1,S=1,R=5,X=187",-inf,-inf,0,K|Y,1
X,3,K,26,X,223,C,3,S,6,Y,205,R,7,Y,76,K,18,X,1,C,1,S,5,R,5,Y,1,"L1:[sp=X,3] K=26,X=223,C=3,S=6,Y=205,R=7 || L2:[sp=Y,76] K=18,X=1,C=1,S=5,R=5,Y=1",-inf,-inf,0,X|Y,1
K,3,R,7,X,223,K,21,Y,142,S,6,C,1,C,1,K,9,X,1,C,1,S,1,R,2,Y,95,"L1:[sp=K,3] R=7,X=223,K=21,Y=142,S=6,C=1 || L2:[sp=C,1] K=9,X=1,C=1,S=1,R=2,Y=95",-inf,-inf,0,K|C,1
K,3,S,6,X,223,Y,71,C,1,K,32,R,7,Y,76,K,5,X,177,C,1,S,1,R,2,Y,1,"L1:[sp=K,3] S=6,X=223,Y=71,C=1,K=32,R=7 || L2:[sp=Y,76] K=5,X=177,C=1,S=1,R=2,Y=1",-inf,-inf,0,K|Y,1
K,3,K,21,X,223,R,1,Y,142,S,6,C,1,Y,76,K,9,X,136,C,1,S,3,R,1,Y,1,"L1:[sp=K,3] K=21,X=223,R=1,Y=142,S=6,C=1 || L2:[sp=Y,76] K=9,X=136,C=1,S=3,R=1,Y=1",-inf,-inf,0,K|Y,1
K,3,R,5,X,223,K,21,Y,142,S,6,C,1,Y,76,K,9,X,1,C,1,R,2,S,1,Y,33,"L1:[sp=K,3] R=5,X=223,K=21,Y=142,S=6,C=1 || L2:[sp=Y,76] K=9,X=1,C=1,R=2,S=1,Y=33",-inf,-inf,0,K|Y,1
K,3,K,21,X,223,R,6,Y,142,S,6,C,1,Y,76,K,9,X,1,C,1,S,1,R,2,Y,121,"L1:[sp=K,3] K=21,X=223,R=6,Y=142,S=6,C=1 || L2:[sp=Y,76] K=9,X=1,C=1,S=1,R=2,Y=121",-inf,-inf,0,K|Y,1
K,3,K,21,X,167,R,1,S,6,Y,142,C,1,Y,76,K,9,X,1,C,1,S,2,R,1,Y,1,"L1:[sp=K,3] K=21,X=167,R=1,S=6,Y=142,C=1 || L2:[sp=Y,76] K=9,X=1,C=1,S=2,R=1,Y=1",-inf,-inf,0,K|Y,1
K,3,K,32,X,186,Y,142,C,1,S,6,R,5,Y,76,K,5,X,1,C,1,S,1,R,2,Y,1,"L1:[sp=K,3] K=32,X=186,Y=142,C=1,S=6,R=5 || L2:[sp=Y,76] K=5,X=1,C=1,S=1,R=2,Y=1",-inf,-inf,0,K|Y,1
K,3,K,32,X,223,Y,71,C,1,S,6,R,5,Y,76,R,5,K,28,C,1,S,1,X,1,Y,1,"L1:[sp=K,3] K=32,X=223,Y=71,C=1,S=6,R=5 || L2:[sp=Y,76] R=5,K=28,C=1,S=1,X=1,Y=1",-inf,-inf,0,K|Y,1
C,3,K,32,X,223,Y,142,C,1,S,6,R,5,Y,76,K,30,X,188,C,1,S,1,R,2,Y,1,"L1:[sp=C,3] K=32,X=223,Y=142,C=1,S=6,R=5 || L2:[sp=Y,76] K=30,X=188,C=1,S=1,R=2,Y=1",-inf,-inf,0,C|Y,1
X,3,K,21,X,223,R,5,Y,88,S,6,C,1,Y,76,K,9,X,1,C,1,S,1,R,5,Y,88,"L1:[sp=X,3] K=21,X=223,R=5,Y=88,S=6,C=1 || L2:[sp=Y,76] K=9,X=1,C=1,S=1,R=5,Y=88",-inf,-inf,0,X|Y,1
K,3,K,21,X,175,S,6,C,1,R,5,Y,142,Y,76,K,9,X,1,C,1,R,5,S,1,Y,1,"L1:[sp=K,3] K=21,X=175,S=6,C=1,R=5,Y=142 || L2:[sp=Y,76] K=9,X=1,C=1,R=5,S=1,Y=1",-inf,-inf,0,K|Y,1
Y,3,K,21,X,42,R,7,C,1,S,6,Y,142,K,76,K,9,X,1,C,1,Y,1,R,2,S,1,"L1:[sp=Y,3] K=21,X=42,R=7,C=1,S=6,Y=142 || L2:[sp=K,76] K=9,X=1,C=1,Y=1,R=2,S=1",-inf,-inf,0,Y|K,1
K,3,K,32,X,223,Y,71,C,1,S,4,R,5,Y,76,R,2,X,1,C,1,S,3,K,5,Y,1,"L1:[sp=K,3] K=32,X=223,Y=71,C=1,S=4,R=5 || L2:[sp=Y,76] R=2,X=1,C=1,S=3,K=5,Y=1",-inf,-inf,0,K|Y,1
Y,3,K,21,C,1,Y,71,R,5,S,6,X,223,K,76,K,9,X,147,C,1,S,6,R,2,Y,1,"L1:[sp=Y,3] K=21,C=1,Y=71,R=5,S=6,X=223 || L2:[sp=K,76] K=9,X=147,C=1,S=6,R=2,Y=1",-inf,-inf,0,Y|K,1
K,3,K,21,X,223,S,6,Y,142,R,5,C,1,Y,76,K,9,X,84,C,1,R,2,S,3,Y,1,"L1:[sp=K,3] K=21,X=223,S=6,Y=142,R=5,C=1 || L2:[sp=Y,76] K=9,X=84,C=1,R=2,S=3,Y=1",-inf,-inf,0,K|Y,1
K,3,K,21,X,223,R,5,Y,175,S,6,C,1,Y,76,K,9,X,1,C,1,S,3,R,2,Y,1,"L1:[sp=K,3] K=21,X=223,R=5,Y=175,S=6,C=1 || L2:[sp=Y,76] K=9,X=1,C=1,S=3,R=2,Y=1",-inf,-inf,0,K|Y,1
K,3,K,21,X,223,R,5,Y,71,S,6,C,1,C,1,K,9,X,1,C,1,S,1,R,2,Y,65,"L1:[sp=K,3] K=21,X=223,R=5,Y=71,S=6,C=1 || L2:[sp=C,1] K=9,X=1,C=1,S=1,R=2,Y=65",-inf,-inf,0,K|C,1
K,3,K,21,X,223,R,2,Y,71,S,6,C,1,K,21,K,9,C,1,X,1,S,3,R,2,Y,1,"L1:[sp=K,3] K=21,X=223,R=2,Y=71,S=6,C=1 || L2:[sp=K,21] K=9,C=1,X=1,S=3,R=2,Y=1",-inf,-inf,0,K|K,1
K,3,K,21,X,223,S,2,Y,142,R,5,C,2,Y,76,C,1,X,1,R,2,K,9,S,2,Y,1,"L1:[sp=K,3] K=21,X=223,S=2,Y=142,R=5,C=2 || L2:[sp=Y,76] C=1,X=1,R=2,K=9,S=2,Y=1",-inf,-inf,0,K|Y,1
K,3,R,5,X,223,S,6,Y,71,K,21,C,1,Y,76,K,9,X,1,C,1,R,2,S,3,Y,42,"L1:[sp=K,3] R=5,X=223,S=6,Y=71,K=21,C=1 || L2:[sp=Y,76] K=9,X=1,C=1,R=2,S=3,Y=42",-inf,-inf,0,K|Y,1
K,3,K,21,X,223,R,6,Y,71,S,6,C,1,Y,76,K,9,X,1,C,1,S,3,R,2,Y,1,"L1:[sp=K,3] K=21,X=223,R=6,Y=71,S=6,C=1 || L2:[sp=Y,76] K=9,X=1,C=1,S=3,R=2,Y=1",-inf,-inf,0,K|Y,1
K,3,K,21,X,223,R,5,Y,142,S,6,C,1,X,2,K,14,X,1,C,1,S,3,R,5,Y,1,"L1:[sp=K,3] K=21,X=223,R=5,Y=142,S=6,C=1 || L2:[sp=X,2] K=14,X=1,C=1,S=3,R=5,Y=1",-inf,-inf,0,K|X,1
K,3,K,21,X,223,S,6,Y,71,R,1,C,2,Y,76,X,1,C,1,R,1,K,17,S,3,Y,5,"L1:[sp=K,3] K=21,X=223,S=6,Y=71,R=1,C=2 || L2:[sp=Y,76] X=1,C=1,R=1,K=17,S=3,Y=5",-inf,-inf,0,K|Y,1
K,3,K,21,X,223,S,1,Y,71,R,5,C,2,Y,76,C,2,X,1,K,1,R,2,S,1,Y,1,"L1:[sp=K,3] K=21,X=223,S=1,Y=71,R=5,C=2 || L2:[sp=Y,76] C=2,X=1,K=1,R=2,S=1,Y=1",-inf,-inf,0,K|Y,1
K,3,K,21,X,223,S,7,Y,142,R,7,C,1,Y,76,K,9,X,156,C,1,R,2,S,1,Y,1,"L1:[sp=K,3] K=21,X=223,S=7,Y=142,R=7,C=1 || L2:[sp=Y,76] K=9,X=156,C=1,R=2,S=1,Y=1",-inf,-inf,0,K|Y,1
K,3,K,21,X,223,S,6,Y,32,R,7,C,1,Y,76,K,9,S,3,C,1,R,2,Y,1,X,134,"L1:[sp=K,3] K=21,X=223,S=6,Y=32,R=7,C=1 || L2:[sp=Y,76] K=9,S=3,C=1,R=2,Y=1,X=134",-inf,-inf,0,K|Y,1
K,3,X,223,K,21,R,7,Y,142,S,6,C,1,Y,76,K,15,X,4,C,1,S,1,R,2,Y,103,"L1:[sp=K,3] X=223,K=21,R=7,Y=142,S=6,C=1 || L2:[sp=Y,76] K=15,X=4,C=1,S=1,R=2,Y=103",-inf,-inf,0,K|Y,1
K,3,K,21,X,169,R,7,Y,142,S,3,C,1,Y,76,K,11,X,1,C,1,S,1,R,2,Y,1,"L1:[sp=K,3] K=21,X=169,R=7,Y=142,S=3,C=1 || L2:[sp=Y,76] K=11,X=1,C=1,S=1,R=2,Y=1",-inf,-inf,0,K|Y,1
K,3,K,21,X,223,R,5,Y,142,S,6,C,1,Y,76,K,11,X,84,C,1,S,1,R,2,Y,1,"L1:[sp=K,3] K=21,X=223,R=5,Y=142,S=6,C=1 || L2:[sp=Y,76] K=11,X=84,C=1,S=1,R=2,Y=1",-inf,-inf,0,K|Y,1
X,3,K,21,X,40,R,7,Y,146,S,6,C,1,Y,76,R,2,X,1,C,1,K,9,S,1,Y,1,"L1:[sp=X,3] K=21,X=40,R=7,Y=146,S=6,C=1 || L2:[sp=Y,76] R=2,X=1,C=1,K=9,S=1,Y=1",-inf,-inf,0,X|Y,1
K,3,K,22,X,154,Y,80,C,1,S,5,R,5,Y,76,X,1,K,6,C,1,S,1,R,2,Y,1,"L1:[sp=K,3] K=22,X=154,Y=80,C=1,S=5,R=5 || L2:[sp=Y,76] X=1,K=6,C=1,S=1,R=2,Y=1",-inf,-inf,0,K|Y,1
K,3,K,21,X,223,S,6,Y,142,R,7,C,1,Y,76,K,9,X,1,C,1,R,2,S,3,Y,114,"L1:[sp=K,3] K=21,X=223,S=6,Y=142,R=7,C=1 || L2:[sp=Y,76] K=9,X=1,C=1,R=2,S=3,Y=114",-inf,-inf,0,K|Y,1
Y,3,K,21,X,178,S,6,Y,32,R,7,C,1,Y,76,C,1,X,1,R,2,K,9,S,1,Y,1,"L1:[sp=Y,3] K=21,X=178,S=6,Y=32,R=7,C=1 || L2:[sp=Y,76] C=1,X=1,R=2,K=9,S=1,Y=1",-inf,-inf,0,Y|Y,1
K,3,K,21,R,4,S,5,X,31,Y,101,C,2,Y,76,C,1,X,1,R,2,K,9,S,1,Y,7,"L1:[sp=K,3] K=21,R=4,S=5,X=31,Y=101,C=2 || L2:[sp=Y,76] C=1,X=1,R=2,K=9,S=1,Y=7",-inf,-inf,0,K|Y,1
X,3,S,5,X,223,K,21,Y,71,R,5,C,1,K,1,C,1,X,131,R,2,K,9,S,1,Y,1,"L1:[sp=X,3] S=5,X=223,K=21,Y=71,R=5,C=1 || L2:[sp=K,1] C=1,X=131,R=2,K=9,S=1,Y=1",-inf,-inf,0,X|K,1
C,3,K,21,X,223,S,6,Y,71,R,1,C,2,Y,76,C,1,X,118,K,9,R,1,S,3,Y,1,"L1:[sp=C,3] K=21,X=223,S=6,Y=71,R=1,C=2 || L2:[sp=Y,76] C=1,X=118,K=9,R=1,S=3,Y=1",-inf,-inf,0,C|Y,1
K,3,S,6,X,223,K,21,Y,101,R,4,C,1,X,1,C,1,X,1,R,2,K,9,S,3,Y,7,"L1:[sp=K,3] S=6,X=223,K=21,Y=101,R=4,C=1 || L2:[sp=X,1] C=1,X=1,R=2,K=9,S=3,Y=7",-inf,-inf,0,K|X,1
K,3,K,21,X,223,R,1,Y,71,S,6,C,2,Y,76,K,9,X,189,R,1,C,1,S,4,Y,1,"L1:[sp=K,3] K=21,X=223,R=1,Y=71,S=6,C=2 || L2:[sp=Y,76] K=9,X=189,R=1,C=1,S=4,Y=1",-inf,-inf,0,K|Y,1
K,3,K,21,X,91,S,5,Y,71,R,1,C,2,Y,76,C,1,X,1,R,1,K,9,S,1,Y,14,"L1:[sp=K,3] K=21,X=91,S=5,Y=71,R=1,C=2 || L2:[sp=Y,76] C=1,X=1,R=1,K=9,S=1,Y=14",-inf,-inf,0,K|Y,1
K,3,S,2,X,163,K,21,Y,101,R,5,C,1,X,1,C,1,X,1,R,2,K,9,S,1,Y,7,"L1:[sp=K,3] S=2,X=163,K=21,Y=101,R=5,C=1 || L2:[sp=X,1] C=1,X=1,R=2,K=9,S=1,Y=7",-inf,-inf,0,K|X,1
K,3,K,22,X,97,R,5,C,1,S,6,Y,194,Y,76,X,1,K,5,C,1,S,3,R,2,Y,1,"L1:[sp=K,3] K=22,X=97,R=5,C=1,S=6,Y=194 || L2:[sp=Y,76] X=1,K=5,C=1,S=3,R=2,Y=1",-inf,-inf,0,K|Y,1
K,3,K,21,R,5,S,2,Y,32,X,223,C,1,Y,8,Y,1,S,1,C,1,R,2,K,9,X,1,"L1:[sp=K,3] K=21,R=5,S=2,Y=32,X=223,C=1 || L2:[sp=Y,8] Y=1,S=1,C=1,R=2,K=9,X=1",-inf,-inf,0,K|Y,1
Y,3,K,35,X,98,R,5,C,1,S,2,Y,71,K,76,X,1,K,5,C,1,S,2,R,2,Y,1,"L1:[sp=Y,3] K=35,X=98,R=5,C=1,S=2,Y=71 || L2:[sp=K,76] X=1,K=5,C=1,S=2,R=2,Y=1",-inf,-inf,0,Y|K,1
K,3,K,22,X,223,R,1,Y,71,S,5,C,2,Y,76,X,186,K,1,C,1,S,1,R,1,Y,1,"L1:[sp=K,3] K=22,X=223,R=1,Y=71,S=5,C=2 || L2:[sp=Y,76] X=186,K=1,C=1,S=1,R=1,Y=1",-inf,-inf,0,K|Y,1
K,3,K,21,X,223,S,6,Y,186,R,5,C,2,Y,76,S,3,X,1,K,9,Y,1,C,2,R,3,"L1:[sp=K,3] K=21,X=223,S=6,Y=186,R=5,C=2 || L2:[sp=Y,76] S=3,X=1,K=9,Y=1,C=2,R=3",-inf,-inf,0,K|Y,1
K,3,K,21,X,223,S,5,Y,71,R,3,C,2,Y,76,C,1,R,2,X,175,K,9,S,1,Y,1,"L1:[sp=K,3] K=21,X=223,S=5,Y=71,R=3,C=2 || L2:[sp=Y,76] C=1,R=2,X=175,K=9,S=1,Y=1",-inf,-inf,0,K|Y,1
K,3,K,21,X,223,S,5,Y,186,R,5,C,2,Y,76,C,2,X,36,K,9,S,1,Y,1,R,2,"L1:[sp=K,3] K=21,X=223,S=5,Y=186,R=5,C=2 || L2:[sp=Y,76] C=2,X=36,K=9,S=1,Y=1,R=2",-inf,-inf,0,K|Y,1
K,3,K,21,X,223,S,5,Y,71,R,5,C,2,C,2,C,1,R,2,X,1,K,9,S,1,Y,23,"L1:[sp=K,3] K=21,X=223,S=5,Y=71,R=5,C=2 || L2:[sp=C,2] C=1,R=2,X=1,K=9,S=1,Y=23",-inf,-inf,0,K|C,1
K,3,K,22,X,223,R,1,C,2,S,3,Y,71,Y,76,X,75,K,5,C,2,S,1,R,1,Y,1,"L1:[sp=K,3] K=22,X=223,R=1,C=2,S=3,Y=71 || L2:[sp=Y,76] X=75,K=5,C=2,S=1,R=1,Y=1",-inf,-inf,0,K|Y,1
K,3,K,22,X,109,S,5,C,2,R,5,Y,190,Y,76,S,1,X,1,C,1,Y,1,R,2,K,1,"L1:[sp=K,3] K=22,X=109,S=5,C=2,R=5,Y=190 || L2:[sp=Y,76] S=1,X=1,C=1,Y=1,R=2,K=1",-inf,-inf,0,K|Y,1
K,3,K,22,X,223,R,5,C,2,S,5,Y,71,Y,76,C,1,S,1,X,65,Y,1,R,2,K,1,"L1:[sp=K,3] K=22,X=223,R=5,C=2,S=5,Y=71 || L2:[sp=Y,76] C=1,S=1,X=65,Y=1,R=2,K=1",-inf,-inf,0,K|Y,1
Y,3,X,223,K,13,S,5,Y,71,R,5,C,2,K,76,S,1,X,1,R,1,K,9,C,2,Y,56,"L1:[sp=Y,3] X=223,K=13,S=5,Y=71,R=5,C=2 || L2:[sp=K,76] S=1,X=1,R=1,K=9,C=2,Y=56",-inf,-inf,0,Y|K,1
K,3,K,22,X,223,R,5,C,1,S,3,Y,71,Y,76,X,170,K,5,C,1,Y,1,R,2,S,3,"L1:[sp=K,3] K=22,X=223,R=5,C=1,S=3,Y=71 || L2:[sp=Y,76] X=170,K=5,C=1,Y=1,R=2,S=3",-inf,-inf,0,K|Y,1
K,3,K,21,S,5,X,223,Y,71,R,5,C,2,Y,71,C,1,X,109,R,2,K,9,S,1,Y,1,"L1:[sp=K,3] K=21,S=5,X=223,Y=71,R=5,C=2 || L2:[sp=Y,71] C=1,X=109,R=2,K=9,S=1,Y=1",-inf,-inf,0,K|Y,1
K,3,K,22,X,175,R,5,C,2,S,5,Y,71,Y,76,X,1,K,20,C,2,Y,1,S,1,R,2,"L1:[sp=K,3] K=22,X=175,R=5,C=2,S=5,Y=71 || L2:[sp=Y,76] X=1,K=20,C=2,Y=1,S=1,R=2",-inf,-inf,0,K|Y,1
X,3,K,4,X,223,S,3,Y,71,R,1,C,2,Y,76,S,1,Y,1,R,1,K,4,C,2,X,208,"L1:[sp=X,3] K=4,X=223,S=3,Y=71,R=1,C=2 || L2:[sp=Y,76] S=1,Y=1,R=1,K=4,C=2,X=208",-inf,-inf,0,X|Y,1
K,3,K,21,Y,186,S,5,X,223,R,5,C,2,Y,76,C,2,X,1,K,9,S,1,Y,185,R,5,"L1:[sp=K,3] K=21,Y=186,S=5,X=223,R=5,C=2 || L2:[sp=Y,76] C=2,X=1,K=9,S=1,Y=185,R=5",-inf,-inf,0,K|Y,1
K,3,K,22,X,141,R,5,C,1,S,3,Y,171,Y,76,X,1,K,5,C,1,Y,1,R,2,S,1,"L1:[sp=K,3] K=22,X=141,R=5,C=1,S=3,Y=171 || L2:[sp=Y,76] X=1,K=5,C=1,Y=1,R=2,S=1",-inf,-inf,0,K|Y,1
K,3,K,48,X,55,S,5,Y,71,R,5,C,2,Y,76,C,1,R,2,X,1,K,9,S,1,Y,1,"L1:[sp=K,3] K=48,X=55,S=5,Y=71,R=5,C=2 || L2:[sp=Y,76] C=1,R=2,X=1,K=9,S=1,Y=1",-inf,-inf,0,K|Y,1
Y,3,K,22,X,223,R,3,C,1,S,3,Y,206,Y,76,X,1,K,5,C,1,Y,120,R,2,S,1,"L1:[sp=Y,3] K=22,X=223,R=3,C=1,S=3,Y=206 || L2:[sp=Y,76] X=1,K=5,C=1,Y=120,R=2,S=1",-inf,-inf,0,Y|Y,1
K,3,K,21,X,82,S,5,Y,71,R,5,C,2,Y,76,C,1,X,1,R,2,K,9,S,1,Y,1,"L1:[sp=K,3] K=21,X=82,S=5,Y=71,R=5,C=2 || L2:[sp=Y,76] C=1,X=1,R=2,K=9,S=1,Y=1",-inf,-inf,0,K|Y,1
K,3,K,21,X,45,S,5,Y,177,R,5,C,1,Y,24,C,1,X,1,R,2,K,19,S,1,Y,1,"L1:[sp=K,3] K=21,X=45,S=5,Y=177,R=5,C=1 || L2:[sp=Y,24] C=1,X=1,R=2,K=19,S=1,Y=1",-inf,-inf,0,K|Y,1
K,3,K,21,Y,186,S,5,X,178,R,4,C,2,Y,76,C,1,X,1,K,9,S,1,Y,1,R,2,"L1:[sp=K,3] K=21,Y=186,S=5,X=178,R=4,C=2 || L2:[sp=Y,76] C=1,X=1,K=9,S=1,Y=1,R=2",-inf,-inf,0,K|Y,1
K,3,K,21,X,223,S,4,Y,71,R,3,C,2,Y,76,K,9,X,1,R,1,S,1,C,2,Y,1,"L1:[sp=K,3] K=21,X=223,S=4,Y=71,R=3,C=2 || L2:[sp=Y,76] K=9,X=1,R=1,S=1,C=2,Y=1",-inf,-inf,0,K|Y,1
K,3,K,44,X,55,S,5,R,5,Y,71,C,2,Y,76,C,2,R,2,X,1,K,9,S,1,Y,1,"L1:[sp=K,3] K=44,X=55,S=5,R=5,Y=71,C=2 || L2:[sp=Y,76] C=2,R=2,X=1,K=9,S=1,Y=1",-inf,-inf,0,K|Y,1
K,3,K,21,X,87,S,6,Y,71,R,3,C,2,Y,76,S,1,X,1,R,3,K,9,C,2,Y,1,"L1:[sp=K,3] K=21,X=87,S=6,Y=71,R=3,C=2 || L2:[sp=Y,76] S=1,X=1,R=3,K=9,C=2,Y=1",-inf,-inf,0,K|Y,1
Y,3,K,21,X,223,S,1,Y,71,R,5,C,1,K,1,C,1,X,1,Y,1,K,19,S,1,R,4,"L1:[sp=Y,3] K=21,X=223,S=1,Y=71,R=5,C=1 || L2:[sp=K,1] C=1,X=1,Y=1,K=19,S=1,R=4",-inf,-inf,0,Y|K,1
K,3,Y,71,K,21,S,3,X,223,R,6,C,1,Y,76,C,1,X,98,Y,1,K,19,S,1,R,1,"L1:[sp=K,3] Y=71,K=21,S=3,X=223,R=6,C=1 || L2:[sp=Y,76] C=1,X=98,Y=1,K=19,S=1,R=1",-inf,-inf,0,K|Y,1
K,3,Y,186,K,21,S,5,X,223,R,5,C,2,Y,76,C,1,X,1,K,9,S,1,Y,141,R,4,"L1:[sp=K,3] Y=186,K=21,S=5,X=223,R=5,C=2 || L2:[sp=Y,76] C=1,X=1,K=9,S=1,Y=141,R=4",-inf,-inf,0,K|Y,1
K,3,Y,71,X,59,S,5,K,21,R,2,C,2,Y,76,S,1,X,31,R,1,K,9,C,2,Y,1,"L1:[sp=K,3] Y=71,X=59,S=5,K=21,R=2,C=2 || L2:[sp=Y,76] S=1,X=31,R=1,K=9,C=2,Y=1",-inf,-inf,0,K|Y,1
K,3,K,21,Y,186,S,2,X,223,R,5,C,2,Y,76,C,1,X,1,K,9,S,1,Y,1,R,2,"L1:[sp=K,3] K=21,Y=186,S=2,X=223,R=5,C=2 || L2:[sp=Y,76] C=1,X=1,K=9,S=1,Y=1,R=2",-inf,-inf,0,K|Y,1
K,3,K,21,X,220,S,3,Y,197,R,6,C,2,Y,76,S,1,C,2,R,1,K,6,X,2,Y,1,"L1:[sp=K,3] K=21,X=220,S=3,Y=197,R=6,C=2 || L2:[sp=Y,76] S=1,C=2,R=1,K=6,X=2,Y=1",-inf,-inf,0,K|Y,1
K,3,K,21,X,223,S,6,Y,71,R,3,C,1,Y,76,C,1,X,1,Y,47,K,19,S,1,R,2,"L1:[sp=K,3] K=21,X=223,S=6,Y=71,R=3,C=1 || L2:[sp=Y,76] C=1,X=1,Y=47,K=19,S=1,R=2",-inf,-inf,0,K|Y,1
K,3,K,21,S,7,X,223,Y,177,R,5,C,1,Y,76,S,1,X,1,R,2,K,19,C,1,Y,112,"L1:[sp=K,3] K=21,S=7,X=223,Y=177,R=5,C=1 || L2:[sp=Y,76] S=1,X=1,R=2,K=19,C=1,Y=112",-inf,-inf,0,K|Y,1
K,3,Y,186,K,21,S,5,X,223,R,7,C,2,Y,76,C,1,S,1,K,9,X,2,Y,86,R,4,"L1:[sp=K,3] Y=186,K=21,S=5,X=223,R=7,C=2 || L2:[sp=Y,76] C=1,S=1,K=9,X=2,Y=86,R=4",-inf,-inf,0,K|Y,1
X,3,Y,186,K,21,S,3,X,223,R,6,C,2,Y,76,C,1,X,153,K,9,S,1,Y,1,R,1,"L1:[sp=X,3] Y=186,K=21,S=3,X=223,R=6,C=2 || L2:[sp=Y,76] C=1,X=153,K=9,S=1,Y=1,R=1",-inf,-inf,0,X|Y,1
Y,3,Y,215,X,223,S,5,C,2,R,5,K,21,Y,76,C,1,X,205,K,9,S,1,R,4,Y,1,"L1:[sp=Y,3] Y=215,X=223,S=5,C=2,R=5,K=21 || L2:[sp=Y,76] C=1,X=205,K=9,S=1,R=4,Y=1",-inf,-inf,0,Y|Y,1
K,3,X,223,Y,71,S,6,K,21,R,3,C,2,Y,76,S,6,X,1,R,2,Y,1,C,2,K,10,"L1:[sp=K,3] X=223,Y=71,S=6,K=21,R=3,C=2 || L2:[sp=Y,76] S=6,X=1,R=2,Y=1,C=2,K=10",-inf,-inf,0,K|Y,1
K,3,Y,71,K,21,S,6,X,124,R,3,C,2,Y,76,C,1,R,2,X,1,S,1,Y,1,K,1,"L1:[sp=K,3] Y=71,K=21,S=6,X=124,R=3,C=2 || L2:[sp=Y,76] C=1,R=2,X=1,S=1,Y=1,K=1",-inf,-inf,0,K|Y,1
K,3,K,21,X,223,S,3,Y,71,R,6,C,1,Y,76,C,1,X,2,Y,28,K,19,S,1,R,1,"L1:[sp=K,3] K=21,X=223,S=3,Y=71,R=6,C=1 || L2:[sp=Y,76] C=1,X=2,Y=28,K=19,S=1,R=1",-inf,-inf,0,K|Y,1
K,3,K,21,X,223,S,6,Y,186,R,3,C,2,Y,76,S,1,C,1,R,2,K,6,X,1,Y,145,"L1:[sp=K,3] K=21,X=223,S=6,Y=186,R=3,C=2 || L2:[sp=Y,76] S=1,C=1,R=2,K=6,X=1,Y=145",-inf,-inf,0,K|Y,1
K,3,Y,71,X,223,S,5,K,21,R,5,C,2,Y,76,S,1,X,107,R,4,K,9,C,2,Y,62,"L1:[sp=K,3] Y=71,X=223,S=5,K=21,R=5,C=2 || L2:[sp=Y,76] S=1,X=107,R=4,K=9,C=2,Y=62",-inf,-inf,0,K|Y,1
K,3,K,21,C,2,S,5,Y,186,R,5,X,223,Y,76,S,1,C,2,R,4,K,6,X,1,Y,1,"L1:[sp=K,3] K=21,C=2,S=5,Y=186,R=5,X=223 || L2:[sp=Y,76] S=1,C=2,R=4,K=6,X=1,Y=1",-inf,-inf,0,K|Y,1
K,3,K,10,X,223,S,3,Y,71,R,6,C,1,Y,76,C,1,X,2,Y,1,K,10,S,1,R,1,"L1:[sp=K,3] K=10,X=223,S=3,Y=71,R=6,C=1 || L2:[sp=Y,76] C=1,X=2,Y=1,K=10,S=1,R=1",-inf,-inf,0,K|Y,1
K,3,Y,186,K,21,S,6,X,223,R,5,C,2,Y,76,C,1,X,1,K,19,S,6,Y,1,R,4,"L1:[sp=K,3] Y=186,K=21,S=6,X=223,R=5,C=2 || L2:[sp=Y,76] C=1,X=1,K=19,S=6,Y=1,R=4",-inf,-inf,0,K|Y,1
K,3,Y,198,K,21,S,3,X,60,R,3,C,2,Y,76,C,1,X,1,R,2,S,1,Y,1,K,1,"L1:[sp=K,3] Y=198,K=21,S=3,X=60,R=3,C=2 || L2:[sp=Y,76] C=1,X=1,R=2,S=1,Y=1,K=1",-inf,-inf,0,K|Y,1
K,3,K,47,X,223,S,6,Y,71,R,6,C,1,Y,76,C,1,X,2,Y,1,K,19,S,1,R,1,"L1:[sp=K,3] K=47,X=223,S=6,Y=71,R=6,C=1 || L2:[sp=Y,76] C=1,X=2,Y=1,K=19,S=1,R=1",-inf,-inf,0,K|Y,1
K,3,K,47,X,223,S,3,Y,71,R,6,C,1,Y,76,C,1,X,2,K,32,Y,1,S,1,R,1,"L1:[sp=K,3] K=47,X=223,S=3,Y=71,R=6,C=1 || L2:[sp=Y,76] C=1,X=2,K=32,Y=1,S=1,R=1",-inf,-inf,0,K|Y,1
K,3,Y,186,K,56,X,223,S,7,R,3,C,2,Y,76,C,1,X,1,K,19,S,3,Y,1,R,2,"L1:[sp=K,3] Y=186,K=56,X=223,S=7,R=3,C=2 || L2:[sp=Y,76] C=1,X=1,K=19,S=3,Y=1,R=2",-inf,-inf,0,K|Y,1
K,3,Y,71,X,223,S,2,K,21,R,5,C,2,Y,76,S,1,X,1,R,4,K,9,C,2,Y,1,"L1:[sp=K,3] Y=71,X=223,S=2,K=21,R=5,C=2 || L2:[sp=Y,76] S=1,X=1,R=4,K=9,C=2,Y=1",-inf,-inf,0,K|Y,1
K,3,Y,186,K,21,S,3,X,93,R,5,C,3,Y,76,C,1,X,1,K,19,S,1,Y,1,R,4,"L1:[sp=K,3] Y=186,K=21,S=3,X=93,R=5,C=3 || L2:[sp=Y,76] C=1,X=1,K=19,S=1,Y=1,R=4",-inf,-inf,0,K|Y,1
K,3,K,47,X,223,S,3,Y,71,R,6,C,1,Y,76,C,1,X,2,Y,52,K,19,S,1,R,1,"L1:[sp=K,3] K=47,X=223,S=3,Y=71,R=6,C=1 || L2:[sp=Y,76] C=1,X=2,Y=52,K=19,S=1,R=1",-inf,-inf,0,K|Y,1
K,3,X,48,Y,71,S,6,K,21,R,3,C,2,Y,76,S,3,C,2,R,2,K,9,X,30,Y,1,"L1:[sp=K,3] X=48,Y=71,S=6,K=21,R=3,C=2 || L2:[sp=Y,76] S=3,C=2,R=2,K=9,X=30,Y=1",-inf,-inf,0,K|Y,1
K,3,Y,71,K,21,S,5,X,47,R,3,C,2,X,47,S,5,X,1,R,2,C,1,Y,1,K,1,"L1:[sp=K,3] Y=71,K=21,S=5,X=47,R=3,C=2 || L2:[sp=X,47] S=5,X=1,R=2,C=1,Y=1,K=1",-inf,-inf,0,K|X,1
X,3,Y,71,K,21,S,3,C,2,R,1,X,222,Y,76,S,1,K,1,R,1,C,1,Y,1,X,2,"L1:[sp=X,3] Y=71,K=21,S=3,C=2,R=1,X=222 || L2:[sp=Y,76] S=1,K=1,R=1,C=1,Y=1,X=2",-inf,-inf,0,X|Y,1
X,3,Y,71,K,21,S,2,C,2,R,3,X,223,Y,76,S,2,X,1,R,2,C,1,Y,1,K,1,"L1:[sp=X,3] Y=71,K=21,S=2,C=2,R=3,X=223 || L2:[sp=Y,76] S=2,X=1,R=2,C=1,Y=1,K=1",-inf,-inf,0,X|Y,1
C,3,Y,71,K,21,R,3,X,223,S,6,C,2,Y,76,S,6,X,50,R,2,K,1,Y,19,C,1,"L1:[sp=C,3] Y=71,K=21,R=3,X=223,S=6,C=2 || L2:[sp=Y,76] S=6,X=50,R=2,K=1,Y=19,C=1",-inf,-inf,0,C|Y,1
X,3,X,223,Y,71,S,6,K,21,R,3,C,2,K,8,S,6,X,1,R,2,K,15,C,2,Y,1,"L1:[sp=X,3] X=223,Y=71,S=6,K=21,R=3,C=2 || L2:[sp=K,8] S=6,X=1,R=2,K=15,C=2,Y=1",-inf,-inf,0,X|K,1
K,3,Y,71,K,19,R,3,X,223,S,6,C,2,Y,76,S,4,X,79,R,2,C,1,Y,1,K,1,"L1:[sp=K,3] Y=71,K=19,R=3,X=223,S=6,C=2 || L2:[sp=Y,76] S=4,X=79,R=2,C=1,Y=1,K=1",-inf,-inf,0,K|Y,1
K,3,Y,186,X,223,S,3,K,21,R,5,C,2,Y,76,S,3,X,1,R,5,K,9,C,1,Y,1,"L1:[sp=K,3] Y=186,X=223,S=3,K=21,R=5,C=2 || L2:[sp=Y,76] S=3,X=1,R=5,K=9,C=1,Y=1",-inf,-inf,0,K|Y,1
K,3,Y,198,K,21,S,6,X,223,R,3,C,2,Y,76,C,1,X,60,R,2,S,6,Y,1,K,1,"L1:[sp=K,3] Y=198,K=21,S=6,X=223,R=3,C=2 || L2:[sp=Y,76] C=1,X=60,R=2,S=6,Y=1,K=1",-inf,-inf,0,K|Y,1
K,3,X,223,Y,71,S,6,K,21,R,3,C,2,Y,76,S,6,X,1,R,2,K,3,C,1,Y,65,"L1:[sp=K,3] X=223,Y=71,S=6,K=21,R=3,C=2 || L2:[sp=Y,76] S=6,X=1,R=2,K=3,C=1,Y=65",-inf,-inf,0,K|Y,1
K,3,Y,198,X,223,R,3,K,21,S,6,C,2,Y,76,S,3,X,151,R,2,C,1,Y,1,K,1,"L1:[sp=K,3] Y=198,X=223,R=3,K=21,S=6,C=2 || L2:[sp=Y,76] S=3,X=151,R=2,C=1,Y=1,K=1",-inf,-inf,0,K|Y,1
Y,3,Y,71,K,35,R,3,X,50,S,6,C,2,Y,76,C,1,X,1,K,19,S,1,Y,11,R,2,"L1:[sp=Y,3] Y=71,K=35,R=3,X=50,S=6,C=2 || L2:[sp=Y,76] C=1,X=1,K=19,S=1,Y=11,R=2",-inf,-inf,0,Y|Y,1
C,3,Y,186,K,21,S,6,X,223,R,5,C,2,Y,76,C,1,X,1,K,19,S,6,Y,1,R,5,"L1:[sp=C,3] Y=186,K=21,S=6,X=223,R=5,C=2 || L2:[sp=Y,76] C=1,X=1,K=19,S=6,Y=1,R=5",-inf,-inf,0,C|Y,1
K,3,S,3,K,21,X,223,Y,178,R,3,C,2,Y,76,R,2,S,1,K,10,C,1,Y,73,X,1,"L1:[sp=K,3] S=3,K=21,X=223,Y=178,R=3,C=2 || L2:[sp=Y,76] R=2,S=1,K=10,C=1,Y=73,X=1",-inf,-inf,0,K|Y,1
Y,3,X,50,K,21,S,3,Y,178,R,5,C,3,Y,76,S,1,C,1,K,10,X,1,Y,1,R,4,"L1:[sp=Y,3] X=50,K=21,S=3,Y=178,R=5,C=3 || L2:[sp=Y,76] S=1,C=1,K=10,X=1,Y=1,R=4",-inf,-inf,0,Y|Y,1
K,3,Y,186,K,21,S,6,X,223,R,4,C,2,Y,76,C,1,X,1,K,19,S,6,Y,44,R,2,"L1:[sp=K,3] Y=186,K=21,S=6,X=223,R=4,C=2 || L2:[sp=Y,76] C=1,X=1,K=19,S=6,Y=44,R=2",-inf,-inf,0,K|Y,1
Y,3,Y,71,K,35,R,3,X,223,S,3,C,2,Y,76,C,1,X,93,K,19,S,1,Y,1,R,2,"L1:[sp=Y,3] Y=71,K=35,R=3,X=223,S=3,C=2 || L2:[sp=Y,76] C=1,X=93,K=19,S=1,Y=1,R=2",-inf,-inf,0,Y|Y,1
K,3,X,90,K,21,S,6,Y,178,R,5,C,2,Y,76,C,1,S,6,K,10,X,2,Y,1,R,1,"L1:[sp=K,3] X=90,K=21,S=6,Y=178,R=5,C=2 || L2:[sp=Y,76] C=1,S=6,K=10,X=2,Y=1,R=1",-inf,-inf,0,K|Y,1
X,3,Y,71,C,2,S,3,K,21,R,3,X,49,Y,76,S,1,X,1,R,1,K,1,Y,1,C,2,"L1:[sp=X,3] Y=71,C=2,S=3,K=21,R=3,X=49 || L2:[sp=Y,76] S=1,X=1,R=1,K=1,Y=1,C=2",-inf,-inf,0,X|Y,1
K,3,S,3,K,21,X,140,Y,195,R,5,C,2,Y,76,C,1,S,1,K,10,R,1,Y,1,X,30,"L1:[sp=K,3] S=3,K=21,X=140,Y=195,R=5,C=2 || L2:[sp=Y,76] C=1,S=1,K=10,R=1,Y=1,X=30",-inf,-inf,0,K|Y,1
K,3,Y,224,K,21,R,3,X,223,S,6,C,2,Y,76,C,1,X,2,R,2,S,6,Y,193,K,1,"L1:[sp=K,3] Y=224,K=21,R=3,X=223,S=6,C=2 || L2:[sp=Y,76] C=1,X=2,R=2,S=6,Y=193,K=1",-inf,-inf,0,K|Y,1
K,3,Y,224,K,21,R,5,X,223,S,2,C,2,Y,76,C,1,X,2,R,1,S,2,Y,1,K,1,"L1:[sp=K,3] Y=224,K=21,R=5,X=223,S=2,C=2 || L2:[sp=Y,76] C=1,X=2,R=1,S=2,Y=1,K=1",-inf,-inf,0,K|Y,1
K,3,Y,224,K,21,R,5,X,223,S,3,C,2,Y,76,C,1,X,136,R,1,S,1,Y,1,K,1,"L1:[sp=K,3] Y=224,K=21,R=5,X=223,S=3,C=2 || L2:[sp=Y,76] C=1,X=136,R=1,S=1,Y=1,K=1",-inf,-inf,0,K|Y,1
X,3,Y,224,K,35,R,5,X,110,S,3,C,2,Y,76,C,1,X,2,R,1,S,1,Y,1,K,19,"L1:[sp=X,3] Y=224,K=35,R=5,X=110,S=3,C=2 || L2:[sp=Y,76] C=1,X=2,R=1,S=1,Y=1,K=19",-inf,-inf,0,X|Y,1
K,3,S,6,K,21,X,223,Y,178,R,6,C,2,Y,76,C,1,S,6,K,10,R,6,Y,1,X,1,"L1:[sp=K,3] S=6,K=21,X=223,Y=178,R=6,C=2 || L2:[sp=Y,76] C=1,S=6,K=10,R=6,Y=1,X=1",-inf,-inf,0,K|Y,1
K,3,Y,224,K,21,R,6,X,223,S,4,C,2,Y,76,C,2,X,114,R,2,S,2,Y,1,K,13,"L1:[sp=K,3] Y=224,K=21,R=6,X=223,S=4,C=2 || L2:[sp=Y,76] C=2,X=114,R=2,S=2,Y=1,K=13",-inf,-inf,0,K|Y,1
K,3,Y,224,K,21,R,3,X,223,S,4,C,2,K,3,C,1,Y,1,X,55,S,1,R,2,K,13,"L1:[sp=K,3] Y=224,K=21,R=3,X=223,S=4,C=2 || L2:[sp=K,3] C=1,Y=1,X=55,S=1,R=2,K=13",-inf,-inf,0,K|K,1
K,3,X,223,K,21,S,3,Y,178,R,3,C,2,Y,76,R,1,S,1,K,10,Y,1,X,150,C,1,"L1:[sp=K,3] X=223,K=21,S=3,Y=178,R=3,C=2 || L2:[sp=Y,76] R=1,S=1,K=10,Y=1,X=150,C=1",-inf,-inf,0,K|Y,1
Y,3,Y,224,K,21,C,2,X,223,S,3,R,3,K,76,C,1,X,220,R,2,S,1,Y,1,K,1,"L1:[sp=Y,3] Y=224,K=21,C=2,X=223,S=3,R=3 || L2:[sp=K,76] C=1,X=220,R=2,S=1,Y=1,K=1",-inf,-inf,0,Y|K,1
Y,3,S,3,K,21,R,3,X,223,Y,89,C,2,Y,76,C,1,X,1,K,1,Y,47,S,3,R,2,"L1:[sp=Y,3] S=3,K=21,R=3,X=223,Y=89,C=2 || L2:[sp=Y,76] C=1,X=1,K=1,Y=47,S=3,R=2",-inf,-inf,0,Y|Y,1
K,3,Y,224,K,21,R,5,X,223,S,3,C,2,Y,76,C,1,Y,170,K,18,S,3,X,2,R,2,"L1:[sp=K,3] Y=224,K=21,R=5,X=223,S=3,C=2 || L2:[sp=Y,76] C=1,Y=170,K=18,S=3,X=2,R=2",-inf,-inf,0,K|Y,1
K,3,X,196,K,21,S,3,Y,178,R,5,C,2,Y,76,R,1,S,3,K,10,Y,1,X,1,C,1,"L1:[sp=K,3] X=196,K=21,S=3,Y=178,R=5,C=2 || L2:[sp=Y,76] R=1,S=3,K=10,Y=1,X=1,C=1",-inf,-inf,0,K|Y,1
K,3,Y,178,K,21,C,1,X,223,S,4,R,3,Y,76,C,1,X,1,R,2,S,4,Y,98,K,1,"L1:[sp=K,3] Y=178,K=21,C=1,X=223,S=4,R=3 || L2:[sp=Y,76] C=1,X=1,R=2,S=4,Y=98,K=1",-inf,-inf,0,K|Y,1
K,3,Y,178,K,21,C,1,X,223,S,3,R,5,Y,76,C,1,X,221,R,2,S,1,Y,1,K,1,"L1:[sp=K,3] Y=178,K=21,C=1,X=223,S=3,R=5 || L2:[sp=Y,76] C=1,X=221,R=2,S=1,Y=1,K=1",-inf,-inf,0,K|Y,1
Y,3,Y,224,K,21,C,2,X,164,S,3,R,5,K,76,C,2,S,1,R,2,K,1,Y,1,X,2,"L1:[sp=Y,3] Y=224,K=21,C=2,X=164,S=3,R=5 || L2:[sp=K,76] C=2,S=1,R=2,K=1,Y=1,X=2",-inf,-inf,0,Y|K,1
K,3,Y,224,K,21,C,2,X,223,S,3,R,7,Y,76,C,1,X,214,R,5,S,1,Y,1,K,1,"L1:[sp=K,3] Y=224,K=21,C=2,X=223,S=3,R=7 || L2:[sp=Y,76] C=1,X=214,R=5,S=1,Y=1,K=1",-inf,-inf,0,K|Y,1
Y,3,Y,224,S,3,C,2,X,177,K,21,R,5,Y,76,C,2,X,2,R,5,S,1,Y,1,K,1,"L1:[sp=Y,3] Y=224,S=3,C=2,X=177,K=21,R=5 || L2:[sp=Y,76] C=2,X=2,R=5,S=1,Y=1,K=1",-inf,-inf,0,Y|Y,1
K,3,Y,178,K,21,C,1,X,223,S,3,R,5,Y,76,C,1,X,130,R,2,S,1,Y,1,K,1,"L1:[sp=K,3] Y=178,K=21,C=1,X=223,S=3,R=5 || L2:[sp=Y,76] C=1,X=130,R=2,S=1,Y=1,K=1",-inf,-inf,0,K|Y,1
K,3,Y,224,K,42,R,3,X,223,C,3,S,4,Y,76,C,1,X,1,R,1,S,1,Y,168,K,1,"L1:[sp=K,3] Y=224,K=42,R=3,X=223,C=3,S=4 || L2:[sp=Y,76] C=1,X=1,R=1,S=1,Y=168,K=1",-inf,-inf,0,K|Y,1
Y,3,Y,224,K,21,C,2,X,223,S,6,R,7,Y,76,C,1,Y,1,R,3,S,3,X,2,K,14,"L1:[sp=Y,3] Y=224,K=21,C=2,X=223,S=6,R=7 || L2:[sp=Y,76] C=1,Y=1,R=3,S=3,X=2,K=14",-inf,-inf,0,Y|Y,1
K,3,Y,224,K,21,C,2,X,223,S,3,R,5,Y,76,C,1,X,80,R,3,S,2,Y,1,K,1,"L1:[sp=K,3] Y=224,K=21,C=2,X=223,S=3,R=5 || L2:[sp=Y,76] C=1,X=80,R=3,S=2,Y=1,K=1",-inf,-inf,0,K|Y,1
K,3,Y,224,K,21,R,5,X,223,S,3,C,2,X,3,C,1,Y,58,R,1,S,1,X,2,K,7,"L1:[sp=K,3] Y=224,K=21,R=5,X=223,S=3,C=2 || L2:[sp=X,3] C=1,Y=58,R=1,S=1,X=2,K=7",-inf,-inf,0,K|X,1
K,3,Y,178,K,21,C,2,S,1,R,3,X,223,Y,76,C,1,X,1,Y,1,S,1,R,2,K,1,"L1:[sp=K,3] Y=178,K=21,C=2,S=1,R=3,X=223 || L2:[sp=Y,76] C=1,X=1,Y=1,S=1,R=2,K=1",-inf,-inf,0,K|Y,1
K,3,C,2,K,21,Y,224,X,137,S,3,R,7,Y,76,C,1,X,2,R,3,S,2,Y,1,K,1,"L1:[sp=K,3] C=2,K=21,Y=224,X=137,S=3,R=7 || L2:[sp=Y,76] C=1,X=2,R=3,S=2,Y=1,K=1",-inf,-inf,0,K|Y,1
K,3,Y,224,K,21,C,2,X,126,S,3,R,5,Y,76,C,1,X,95,S,2,R,5,Y,1,K,1,"L1:[sp=K,3] Y=224,K=21,C=2,X=126,S=3,R=5 || L2:[sp=Y,76] C=1,X=95,S=2,R=5,Y=1,K=1",-inf,-inf,0,K|Y,1
K,3,K,2,Y,94,R,7,X,223,S,7,C,2,C,3,C,1,Y,1,X,2,S,2,R,3,K,2,"L1:[sp=K,3] K=2,Y=94,R=7,X=223,S=7,C=2 || L2:[sp=C,3] C=1,Y=1,X=2,S=2,R=3,K=2",-inf,-inf,0,K|C,1
K,3,Y,224,K,21,C,2,X,223,S,3,R,7,Y,76,C,1,X,2,R,3,S,2,Y,67,K,1,"L1:[sp=K,3] Y=224,K=21,C=2,X=223,S=3,R=7 || L2:[sp=Y,76] C=1,X=2,R=3,S=2,Y=67,K=1",-inf,-inf,0,K|Y,1
K,3,Y,60,K,21,C,3,X,223,R,3,S,4,Y,76,C,1,X,1,R,2,S,2,Y,28,K,1,"L1:[sp=K,3] Y=60,K=21,C=3,X=223,R=3,S=4 || L2:[sp=Y,76] C=1,X=1,R=2,S=2,Y=28,K=1",-inf,-inf,0,K|Y,1
K,3,Y,159,S,6,R,5,X,147,K,42,C,2,K,3,C,1,Y,1,R,2,S,3,X,2,K,2,"L1:[sp=K,3] Y=159,S=6,R=5,X=147,K=42,C=2 || L2:[sp=K,3] C=1,Y=1,R=2,S=3,X=2,K=2",-inf,-inf,0,K|K,1
K,3,Y,224,X,139,R,3,K,42,S,4,C,2,Y,76,C,2,X,139,R,2,Y,1,S,3,K,25,"L1:[sp=K,3] Y=224,X=139,R=3,K=42,S=4,C=2 || L2:[sp=Y,76] C=2,X=139,R=2,Y=1,S=3,K=25",-inf,-inf,0,K|Y,1
K,3,Y,224,K,21,C,3,X,73,R,7,S,3,Y,76,C,3,X,1,Y,1,S,2,R,3,K,1,"L1:[sp=K,3] Y=224,K=21,C=3,X=73,R=7,S=3 || L2:[sp=Y,76] C=3,X=1,Y=1,S=2,R=3,K=1",-inf,-inf,0,K|Y,1
K,3,Y,224,K,2,R,5,X,223,S,2,C,2,K,3,C,1,S,1,X,2,Y,1,R,1,K,2,"L1:[sp=K,3] Y=224,K=2,R=5,X=223,S=2,C=2 || L2:[sp=K,3] C=1,S=1,X=2,Y=1,R=1,K=2",-inf,-inf,0,K|K,1
K,3,Y,224,K,38,R,5,X,223,S,3,C,2,K,3,S,1,Y,1,X,152,C,1,R,1,K,2,"L1:[sp=K,3] Y=224,K=38,R=5,X=223,S=3,C=2 || L2:[sp=K,3] S=1,Y=1,X=152,C=1,R=1,K=2",-inf,-inf,0,K|K,1
K,3,S,4,C,2,R,3,X,223,Y,224,K,58,K,3,C,2,R,2,X,138,S,4,Y,1,K,1,"L1:[sp=K,3] S=4,C=2,R=3,X=223,Y=224,K=58 || L2:[sp=K,3] C=2,R=2,X=138,S=4,Y=1,K=1",-inf,-inf,0,K|K,1
Y,3,S,4,C,3,K,21,X,223,Y,224,R,6,K,76,C,3,X,1,R,2,S,1,Y,112,K,1,"L1:[sp=Y,3] S=4,C=3,K=21,X=223,Y=224,R=6 || L2:[sp=K,76] C=3,X=1,R=2,S=1,Y=112,K=1",-inf,-inf,0,Y|K,1
K,3,Y,224,K,8,R,5,X,78,S,3,C,2,K,3,C,1,Y,1,X,2,S,1,R,1,K,2,"L1:[sp=K,3] Y=224,K=8,R=5,X=78,S=3,C=2 || L2:[sp=K,3] C=1,Y=1,X=2,S=1,R=1,K=2",-inf,-inf,0,K|K,1
K,3,S,3,C,2,R,1,X,223,Y,224,K,2,K,3,C,2,Y,61,X,6,K,2,R,1,S,1,"L1:[sp=K,3] S=3,C=2,R=1,X=223,Y=224,K=2 || L2:[sp=K,3] C=2,Y=61,X=6,K=2,R=1,S=1",-inf,-inf,0,K|K,1
K,3,Y,224,K,2,S,3,X,223,R,3,C,2,K,3,C,1,S,1,X,1,Y,174,R,2,K,2,"L1:[sp=K,3] Y=224,K=2,S=3,X=223,R=3,C=2 || L2:[sp=K,3] C=1,S=1,X=1,Y=174,R=2,K=2",-inf,-inf,0,K|K,1
K,3,S,4,C,2,R,3,X,223,Y,224,K,2,K,3,R,2,Y,1,X,80,S,4,C,2,K,1,"L1:[sp=K,3] S=4,C=2,R=3,X=223,Y=224,K=2 || L2:[sp=K,3] R=2,Y=1,X=80,S=4,C=2,K=1",-inf,-inf,0,K|K,1
K,3,S,4,C,3,K,21,X,205,Y,224,R,6,K,76,C,3,X,1,R,2,S,1,Y,217,K,1,"L1:[sp=K,3] S=4,C=3,K=21,X=205,Y=224,R=6 || L2:[sp=K,76] C=3,X=1,R=2,S=1,Y=217,K=1",-inf,-inf,0,K|K,1
K,3,X,223,K,2,R,2,Y,224,S,2,C,2,K,2,C,1,K,2,X,2,Y,90,R,2,S,1,"L1:[sp=K,3] X=223,K=2,R=2,Y=224,S=2,C=2 || L2:[sp=K,2] C=1,K=2,X=2,Y=90,R=2,S=1",-inf,-inf,0,K|K,1
K,3,X,223,R,5,C,2,S,1,Y,13,K,2,K,3,C,2,R,1,X,6,S,1,Y,1,K,1,"L1:[sp=K,3] X=223,R=5,C=2,S=1,Y=13,K=2 || L2:[sp=K,3] C=2,R=1,X=6,S=1,Y=1,K=1",-inf,-inf,0,K|K,1
C,3,S,3,R,5,C,2,X,223,Y,224,K,2,K,2,C,2,R,4,X,2,S,1,Y,216,K,1,"L1:[sp=C,3] S=3,R=5,C=2,X=223,Y=224,K=2 || L2:[sp=K,2] C=2,R=4,X=2,S=1,Y=216,K=1",-inf,-inf,0,C|K,1
K,3,S,3,C,1,R,5,X,223,Y,224,K,2,C,1,C,1,Y,184,X,6,K,2,R,1,S,1,"L1:[sp=K,3] S=3,C=1,R=5,X=223,Y=224,K=2 || L2:[sp=C,1] C=1,Y=184,X=6,K=2,R=1,S=1",-inf,-inf,0,K|C,1
K,3,S,3,R,5,C,2,X,223,Y,224,K,2,K,3,C,2,R,1,X,158,S,1,Y,1,K,1,"L1:[sp=K,3] S=3,R=5,C=2,X=223,Y=224,K=2 || L2:[sp=K,3] C=2,R=1,X=158,S=1,Y=1,K=1",-inf,-inf,0,K|K,1
Y,3,C,1,S,4,K,30,X,95,Y,224,R,5,K,76,C,1,X,1,R,5,S,1,Y,1,K,1,"L1:[sp=Y,3] C=1,S=4,K=30,X=95,Y=224,R=5 || L2:[sp=K,76] C=1,X=1,R=5,S=1,Y=1,K=1",-inf,-inf,0,Y|K,1
K,3,Y,185,K,2,R,3,X,223,S,4,C,2,K,3,C,1,Y,1,X,1,S,1,R,2,K,2,"L1:[sp=K,3] Y=185,K=2,R=3,X=223,S=4,C=2 || L2:[sp=K,3] C=1,Y=1,X=1,S=1,R=2,K=2",-inf,-inf,0,K|K,1
K,3,K,2,X,223,R,2,Y,224,S,4,C,2,C,2,C,1,K,2,Y,1,X,2,R,2,S,1,"L1:[sp=K,3] K=2,X=223,R=2,Y=224,S=4,C=2 || L2:[sp=C,2] C=1,K=2,Y=1,X=2,R=2,S=1",-inf,-inf,0,K|C,1
K,3,X,223,K,2,R,3,Y,224,S,4,C,2,C,2,C,1,K,2,Y,185,X,1,R,2,S,1,"L1:[sp=K,3] X=223,K=2,R=3,Y=224,S=4,C=2 || L2:[sp=C,2] C=1,K=2,Y=185,X=1,R=2,S=1",-inf,-inf,0,K|C,1
K,3,Y,224,K,2,R,5,X,56,S,3,C,2,Y,12,C,2,Y,1,X,1,S,1,R,1,K,2,"L1:[sp=K,3] Y=224,K=2,R=5,X=56,S=3,C=2 || L2:[sp=Y,12] C=2,Y=1,X=1,S=1,R=1,K=2",-inf,-inf,0,K|Y,1
K,3,Y,224,K,2,R,7,X,212,S,4,C,2,Y,12,C,2,Y,1,S,4,X,1,R,3,K,2,"L1:[sp=K,3] Y=224,K=2,R=7,X=212,S=4,C=2 || L2:[sp=Y,12] C=2,Y=1,S=4,X=1,R=3,K=2",-inf,-inf,0,K|Y,1
K,3,S,4,R,3,C,2,X,223,Y,224,K,2,K,3,C,1,S,1,X,213,R,2,Y,1,K,1,"L1:[sp=K,3] S=4,R=3,C=2,X=223,Y=224,K=2 || L2:[sp=K,3] C=1,S=1,X=213,R=2,Y=1,K=1",-inf,-inf,0,K|K,1
K,3,Y,224,K,2,R,3,X,223,S,4,C,2,Y,12,C,1,Y,1,X,206,S,1,R,2,K,2,"L1:[sp=K,3] Y=224,K=2,R=3,X=223,S=4,C=2 || L2:[sp=Y,12] C=1,Y=1,X=206,S=1,R=2,K=2",-inf,-inf,0,K|Y,1
K,3,R,5,K,2,Y,224,X,223,S,3,C,2,K,3,C,2,Y,1,S,2,X,72,R,5,K,1,"L1:[sp=K,3] R=5,K=2,Y=224,X=223,S=3,C=2 || L2:[sp=K,3] C=2,Y=1,S=2,X=72,R=5,K=1",-inf,-inf,0,K|K,1
K,3,S,4,R,7,C,2,X,223,Y,197,K,2,K,3,C,2,R,3,X,1,S,4,Y,1,K,1,"L1:[sp=K,3] S=4,R=7,C=2,X=223,Y=197,K=2 || L2:[sp=K,3] C=2,R=3,X=1,S=4,Y=1,K=1",-inf,-inf,0,K|K,1
K,3,S,3,Y,224,C,2,X,196,R,5,K,2,K,3,C,2,R,1,X,1,S,1,Y,1,K,1,"L1:[sp=K,3] S=3,Y=224,C=2,X=196,R=5,K=2 || L2:[sp=K,3] C=2,R=1,X=1,S=1,Y=1,K=1",-inf,-inf,0,K|K,1
K,3,S,1,R,7,C,1,X,223,Y,224,K,40,K,3,C,1,R,3,X,1,S,1,Y,1,K,1,"L1:[sp=K,3] S=1,R=7,C=1,X=223,Y=224,K=40 || L2:[sp=K,3] C=1,R=3,X=1,S=1,Y=1,K=1",-inf,-inf,0,K|K,1
K,3,S,5,R,5,C,2,X,161,Y,224,K,40,K,3,C,2,R,5,X,34,S,1,Y,1,K,1,"L1:[sp=K,3] S=5,R=5,C=2,X=161,Y=224,K=40 || L2:[sp=K,3] C=2,R=5,X=34,S=1,Y=1,K=1",-inf,-inf,0,K|K,1
C,3,S,4,R,3,C,2,X,223,Y,224,K,2,K,3,C,2,R,3,X,85,K,2,Y,1,S,3,"L1:[sp=C,3] S=4,R=3,C=2,X=223,Y=224,K=2 || L2:[sp=K,3] C=2,R=3,X=85,K=2,Y=1,S=3",-inf,-inf,0,C|K,1
K,3,S,4,X,223,C,2,R,3,Y,224,K,2,K,3,K,2,R,1,X,1,S,2,Y,212,C,2,"L1:[sp=K,3] S=4,X=223,C=2,R=3,Y=224,K=2 || L2:[sp=K,3] K=2,R=1,X=1,S=2,Y=212,C=2",-inf,-inf,0,K|K,1
K,3,K,40,C,2,R,5,X,86,Y,224,S,3,K,3,C,1,R,1,X,86,S,1,Y,1,K,1,"L1:[sp=K,3] K=40,C=2,R=5,X=86,Y=224,S=3 || L2:[sp=K,3] C=1,R=1,X=86,S=1,Y=1,K=1",-inf,-inf,0,K|K,1
K,3,S,2,R,5,Y,224,K,41,C,1,X,223,K,3,C,1,K,1,X,1,S,1,Y,1,R,1,"L1:[sp=K,3] S=2,R=5,Y=224,K=41,C=1,X=223 || L2:[sp=K,3] C=1,K=1,X=1,S=1,Y=1,R=1",-inf,-inf,0,K|K,1
K,3,K,40,R,5,X,223,C,2,Y,224,S,1,K,3,C,1,R,1,X,1,S,1,Y,1,K,1,"L1:[sp=K,3] K=40,R=5,X=223,C=2,Y=224,S=1 || L2:[sp=K,3] C=1,R=1,X=1,S=1,Y=1,K=1",-inf,-inf,0,K|K,1
K,3,S,2,R,5,C,1,X,223,Y,224,K,2,K,3,S,1,R,1,X,81,C,1,Y,1,K,2,"L1:[sp=K,3] S=2,R=5,C=1,X=223,Y=224,K=2 || L2:[sp=K,3] S=1,R=1,X=81,C=1,Y=1,K=2",-inf,-inf,0,K|K,1
K,3,K,40,R,3,C,1,X,223,Y,224,S,4,K,40,C,1,R,2,X,1,S,4,Y,176,K,8,"L1:[sp=K,3] K=40,R=3,C=1,X=223,Y=224,S=4 || L2:[sp=K,40] C=1,R=2,X=1,S=4,Y=176,K=8",-inf,-inf,0,K|K,1
K,3,K,40,R,5,C,1,X,223,Y,224,S,6,K,40,C,1,R,1,X,128,S,1,Y,61,K,1,"L1:[sp=K,3] K=40,R=5,C=1,X=223,Y=224,S=6 || L2:[sp=K,40] C=1,R=1,X=128,S=1,Y=61,K=1",-inf,-inf,0,K|K,1
K,3,S,3,R,5,X,223,C,2,Y,224,K,2,K,3,S,1,R,1,X,1,K,2,Y,204,C,2,"L1:[sp=K,3] S=3,R=5,X=223,C=2,Y=224,K=2 || L2:[sp=K,3] S=1,R=1,X=1,K=2,Y=204,C=2",-inf,-inf,0,K|K,1
K,3,K,40,R,5,C,2,X,223,Y,224,S,1,K,40,X,1,R,1,C,1,K,1,Y,1,S,1,"L1:[sp=K,3] K=40,R=5,C=2,X=223,Y=224,S=1 || L2:[sp=K,40] X=1,R=1,C=1,K=1,Y=1,S=1",-inf,-inf,0,K|K,1
K,3,S,3,R,4,C,2,X,224,Y,224,K,2,K,3,S,1,R,1,X,192,C,1,Y,1,K,2,"L1:[sp=K,3] S=3,R=4,C=2,X=224,Y=224,K=2 || L2:[sp=K,3] S=1,R=1,X=192,C=1,Y=1,K=2",-inf,-inf,0,K|K,1
K,3,K,40,R,7,C,3,X,223,Y,224,S,1,K,40,C,1,R,2,X,1,S,1,Y,1,K,26,"L1:[sp=K,3] K=40,R=7,C=3,X=223,Y=224,S=1 || L2:[sp=K,40] C=1,R=2,X=1,S=1,Y=1,K=26",-inf,-inf,0,K|K,1
Y,3,S,3,R,4,C,2,X,35,Y,224,K,2,K,3,S,3,R,1,X,1,C,1,Y,1,K,2,"L1:[sp=Y,3] S=3,R=4,C=2,X=35,Y=224,K=2 || L2:[sp=K,3] S=3,R=1,X=1,C=1,Y=1,K=2",-inf,-inf,0,Y|K,1
K,3,S,3,R,6,C,2,X,223,Y,224,K,2,C,3,S,1,R,2,X,1,K,2,Y,144,C,1,"L1:[sp=K,3] S=3,R=6,C=2,X=223,Y=224,K=2 || L2:[sp=C,3] S=1,R=2,X=1,K=2,Y=144,C=1",-inf,-inf,0,K|C,1
K,3,S,3,K,17,R,5,C,1,Y,20,X,224,K,40,C,1,R,5,Y,1,S,3,X,223,K,1,"L1:[sp=K,3] S=3,K=17,R=5,C=1,Y=20,X=224 || L2:[sp=K,40] C=1,R=5,Y=1,S=3,X=223,K=1",-inf,-inf,0,K|K,1
K,3,S,1,R,4,C,2,X,223,Y,147,K,2,K,3,S,1,R,1,X,1,C,1,Y,1,K,2,"L1:[sp=K,3] S=1,R=4,C=2,X=223,Y=147,K=2 || L2:[sp=K,3] S=1,R=1,X=1,C=1,Y=1,K=2",-inf,-inf,0,K|K,1
K,3,K,40,R,7,X,223,C,2,Y,224,S,4,K,40,C,1,R,3,Y,1,S,4,X,1,K,1,"L1:[sp=K,3] K=40,R=7,X=223,C=2,Y=224,S=4 || L2:[sp=K,40] C=1,R=3,Y=1,S=4,X=1,K=1",-inf,-inf,0,K|K,1
K,3,S,3,R,5,K,17,C,1,Y,224,X,126,K,40,C,1,R,5,Y,1,S,1,X,1,K,1,"L1:[sp=K,3] S=3,R=5,K=17,C=1,Y=224,X=126 || L2:[sp=K,40] C=1,R=5,Y=1,S=1,X=1,K=1",-inf,-inf,0,K|K,1
K,3,S,4,R,7,C,2,X,223,Y,186,K,2,Y,14,S,4,R,2,X,1,C,1,Y,1,K,2,"L1:[sp=K,3] S=4,R=7,C=2,X=223,Y=186,K=2 || L2:[sp=Y,14] S=4,R=2,X=1,C=1,Y=1,K=2",-inf,-inf,0,K|Y,1
K,3,S,3,R,6,C,2,X,223,Y,224,K,2,K,3,R,1,S,1,X,1,C,1,Y,192,K,2,"L1:[sp=K,3] S=3,R=6,C=2,X=223,Y=224,K=2 || L2:[sp=K,3] R=1,S=1,X=1,C=1,Y=192,K=2",-inf,-inf,0,K|K,1
K,3,S,3,R,6,C,2,X,223,Y,224,K,2,K,3,R,1,X,192,S,1,C,1,Y,1,K,2,"L1:[sp=K,3] S=3,R=6,C=2,X=223,Y=224,K=2 || L2:[sp=K,3] R=1,X=192,S=1,C=1,Y=1,K=2",-inf,-inf,0,K|K,1
K,3,S,3,R,6,C,2,X,224,K,2,Y,224,K,3,R,1,S,1,X,205,C,1,Y,1,K,2,"L1:[sp=K,3] S=3,R=6,C=2,X=224,K=2,Y=224 || L2:[sp=K,3] R=1,S=1,X=205,C=1,Y=1,K=2",-inf,-inf,0,K|K,1
