L1_sp_dim,L1_sp_sz,L1_pos1_dim,L1_pos1_tile,L1_pos2_dim,L1_pos2_tile,L1_pos3_dim,L1_pos3_tile,L1_pos4_dim,L1_pos4_tile,L1_pos5_dim,L1_pos5_tile,L1_pos6_dim,L1_pos6_tile,L2_sp_dim,L2_sp_sz,L2_pos1_dim,L2_pos1_tile,L2_pos2_dim,L2_pos2_tile,L2_pos3_dim,L2_pos3_tile,L2_pos4_dim,L2_pos4_tile,L2_pos5_dim,L2_pos5_tile,L2_pos6_dim,L2_pos6_tile,genome_str,fitness1,fitness2,valid,genome_pattern,layer
K,4,Y,222,S,4,X,223,R,7,K,1,C,3,C,3,Y,1,C,1,R,7,S,4,K,1,X,1,"L1:[sp=K,4] Y=222,S=4,X=223,R=7,K=1,C=3 || L2:[sp=C,3] Y=1,C=1,R=7,S=4,K=1,X=1",-117.0,-163323000.0,1,K|C,1
K,4,S,6,R,5,K,1,X,223,Y,222,C,3,Y,2,Y,1,X,1,R,1,C,2,S,1,K,1,"L1:[sp=K,4] S=6,R=5,K=1,X=223,Y=222,C=3 || L2:[sp=Y,2] Y=1,X=1,R=1,C=2,S=1,K=1",-152.0,-163323000.0,1,K|Y,1
K,4,K,1,Y,222,S,3,R,4,X,223,C,2,C,2,Y,1,C,1,R,4,S,3,X,1,K,1,"L1:[sp=K,4] K=1,Y=222,S=3,R=4,X=223,C=2 || L2:[sp=C,2] Y=1,C=1,R=4,S=3,X=1,K=1",-157.0,-163323000.0,1,K|C,1
K,4,K,1,R,7,S,4,Y,222,X,223,C,3,C,1,Y,1,R,2,X,1,S,4,K,1,C,2,"L1:[sp=K,4] K=1,R=7,S=4,Y=222,X=223,C=3 || L2:[sp=C,1] Y=1,R=2,X=1,S=4,K=1,C=2",-171.0,-163323000.0,1,K|C,1
K,4,K,1,R,7,S,4,Y,222,X,223,C,3,C,1,Y,1,X,1,R,2,S,4,K,1,C,2,"L1:[sp=K,4] K=1,R=7,S=4,Y=222,X=223,C=3 || L2:[sp=C,1] Y=1,X=1,R=2,S=4,K=1,C=2",-171.0,-163323000.0,1,K|C,1
K,4,K,1,R,7,S,4,Y,222,X,223,C,3,K,1,R,2,Y,1,X,1,S,4,K,1,C,1,"L1:[sp=K,4] K=1,R=7,S=4,Y=222,X=223,C=3 || L2:[sp=K,1] R=2,Y=1,X=1,S=4,K=1,C=1",-171.0,-163323000.0,1,K|K,1
K,4,K,1,R,7,S,4,Y,222,X,223,C,3,C,1,Y,1,C,2,R,2,S,4,K,1,X,1,"L1:[sp=K,4] K=1,R=7,S=4,Y=222,X=223,C=3 || L2:[sp=C,1] Y=1,C=2,R=2,S=4,K=1,X=1",-171.0,-163323000.0,1,K|C,1
K,4,Y,222,S,4,X,223,R,7,K,1,C,3,K,1,Y,1,C,1,R,7,S,4,K,1,X,1,"L1:[sp=K,4] Y=222,S=4,X=223,R=7,K=1,C=3 || L2:[sp=K,1] Y=1,C=1,R=7,S=4,K=1,X=1",-171.0,-163323000.0,1,K|K,1
K,4,R,7,Y,224,X,223,S,4,K,1,C,3,K,1,Y,1,C,1,R,7,S,2,K,1,X,1,"L1:[sp=K,4] R=7,Y=224,X=223,S=4,K=1,C=3 || L2:[sp=K,1] Y=1,C=1,R=7,S=2,K=1,X=1",-171.0,-163323000.0,1,K|K,1
K,4,K,1,R,4,S,5,Y,222,X,223,C,3,C,1,Y,1,R,2,X,1,S,1,K,1,C,1,"L1:[sp=K,4] K=1,R=4,S=5,Y=222,X=223,C=3 || L2:[sp=C,1] Y=1,R=2,X=1,S=1,K=1,C=1",-173.0,-163323000.0,1,K|C,1
K,4,Y,222,R,4,X,223,K,1,S,6,C,3,C,1,Y,1,S,1,R,2,C,1,X,1,K,1,"L1:[sp=K,4] Y=222,R=4,X=223,K=1,S=6,C=3 || L2:[sp=C,1] Y=1,S=1,R=2,C=1,X=1,K=1",-173.0,-163323000.0,1,K|C,1
K,4,Y,222,R,4,X,223,K,1,S,6,C,3,K,1,K,1,S,1,R,2,C,1,X,1,Y,1,"L1:[sp=K,4] Y=222,R=4,X=223,K=1,S=6,C=3 || L2:[sp=K,1] K=1,S=1,R=2,C=1,X=1,Y=1",-173.0,-163323000.0,1,K|K,1
K,4,Y,222,C,3,X,223,K,1,S,6,R,4,K,1,Y,1,S,1,R,2,C,1,X,1,K,1,"L1:[sp=K,4] Y=222,C=3,X=223,K=1,S=6,R=4 || L2:[sp=K,1] Y=1,S=1,R=2,C=1,X=1,K=1",-173.0,-163323000.0,1,K|K,1
K,4,Y,222,R,4,X,223,K,1,S,5,C,3,C,1,Y,1,S,1,R,2,C,1,X,1,K,1,"L1:[sp=K,4] Y=222,R=4,X=223,K=1,S=5,C=3 || L2:[sp=C,1] Y=1,S=1,R=2,C=1,X=1,K=1",-173.0,-163323000.0,1,K|C,1
K,4,Y,222,R,4,X,223,K,1,S,6,C,3,C,1,K,1,S,1,R,2,C,1,X,1,Y,1,"L1:[sp=K,4] Y=222,R=4,X=223,K=1,S=6,C=3 || L2:[sp=C,1] K=1,S=1,R=2,C=1,X=1,Y=1",-173.0,-163323000.0,1,K|C,1
K,4,C,3,R,4,X,223,K,1,S,6,Y,222,K,1,K,1,Y,1,R,2,C,1,X,1,S,1,"L1:[sp=K,4] C=3,R=4,X=223,K=1,S=6,Y=222 || L2:[sp=K,1] K=1,Y=1,R=2,C=1,X=1,S=1",-173.0,-163323000.0,1,K|K,1
K,4,X,223,R,4,C,3,K,1,S,6,Y,222,K,1,K,1,Y,1,R,4,C,1,X,1,S,1,"L1:[sp=K,4] X=223,R=4,C=3,K=1,S=6,Y=222 || L2:[sp=K,1] K=1,Y=1,R=4,C=1,X=1,S=1",-173.0,-163323000.0,1,K|K,1
K,4,C,3,R,4,Y,222,K,1,S,6,X,223,K,1,K,1,Y,1,R,2,C,1,X,1,S,1,"L1:[sp=K,4] C=3,R=4,Y=222,K=1,S=6,X=223 || L2:[sp=K,1] K=1,Y=1,R=2,C=1,X=1,S=1",-173.0,-163323000.0,1,K|K,1
K,4,Y,222,S,4,X,223,R,7,K,1,C,1,K,1,C,1,Y,1,R,2,S,4,K,1,X,1,"L1:[sp=K,4] Y=222,S=4,X=223,R=7,K=1,C=1 || L2:[sp=K,1] C=1,Y=1,R=2,S=4,K=1,X=1",-175.0,-163323000.0,1,K|K,1
K,4,Y,222,S,4,X,223,R,7,K,1,C,1,K,1,X,1,K,1,R,7,S,4,C,1,Y,1,"L1:[sp=K,4] Y=222,S=4,X=223,R=7,K=1,C=1 || L2:[sp=K,1] X=1,K=1,R=7,S=4,C=1,Y=1",-175.0,-163323000.0,1,K|K,1
K,4,R,4,Y,222,X,223,S,4,K,1,C,2,X,2,Y,1,C,1,R,4,S,1,K,1,X,1,"L1:[sp=K,4] R=4,Y=222,X=223,S=4,K=1,C=2 || L2:[sp=X,2] Y=1,C=1,R=4,S=1,K=1,X=1",-177.0,-163323000.0,1,K|X,1
K,4,R,4,Y,222,X,223,K,1,S,6,C,2,C,1,Y,1,C,1,R,4,S,1,X,1,K,1,"L1:[sp=K,4] R=4,Y=222,X=223,K=1,S=6,C=2 || L2:[sp=C,1] Y=1,C=1,R=4,S=1,X=1,K=1",-177.0,-163323000.0,1,K|C,1
K,4,Y,222,R,4,X,223,K,1,S,6,C,2,K,1,Y,1,S,1,R,2,C,1,X,1,K,1,"L1:[sp=K,4] Y=222,R=4,X=223,K=1,S=6,C=2 || L2:[sp=K,1] Y=1,S=1,R=2,C=1,X=1,K=1",-177.0,-163323000.0,1,K|K,1
K,4,Y,222,R,4,X,223,C,2,S,6,K,1,K,1,Y,1,S,1,R,4,C,1,X,1,K,1,"L1:[sp=K,4] Y=222,R=4,X=223,C=2,S=6,K=1 || L2:[sp=K,1] Y=1,S=1,R=4,C=1,X=1,K=1",-177.0,-163323000.0,1,K|K,1
K,4,Y,222,R,4,X,223,K,1,S,5,C,2,K,1,S,1,Y,1,R,4,C,1,X,1,K,1,"L1:[sp=K,4] Y=222,R=4,X=223,K=1,S=5,C=2 || L2:[sp=K,1] S=1,Y=1,R=4,C=1,X=1,K=1",-177.0,-163323000.0,1,K|K,1
K,4,Y,222,S,4,X,223,R,4,K,1,C,1,K,1,Y,1,C,1,R,4,S,1,K,1,X,1,"L1:[sp=K,4] Y=222,S=4,X=223,R=4,K=1,C=1 || L2:[sp=K,1] Y=1,C=1,R=4,S=1,K=1,X=1",-181.0,-163323000.0,1,K|K,1
K,4,Y,222,S,4,X,223,R,4,K,1,C,1,X,1,Y,1,C,1,R,4,S,1,K,1,X,1,"L1:[sp=K,4] Y=222,S=4,X=223,R=4,K=1,C=1 || L2:[sp=X,1] Y=1,C=1,R=4,S=1,K=1,X=1",-181.0,-163323000.0,1,K|X,1
K,4,Y,222,S,4,X,223,R,4,K,1,C,1,X,1,X,1,C,1,R,4,S,1,K,1,Y,1,"L1:[sp=K,4] Y=222,S=4,X=223,R=4,K=1,C=1 || L2:[sp=X,1] X=1,C=1,R=4,S=1,K=1,Y=1",-181.0,-163323000.0,1,K|X,1
K,4,R,4,S,4,K,62,Y,222,X,223,C,1,K,62,S,1,C,1,R,4,K,1,X,1,Y,1,"L1:[sp=K,4] R=4,S=4,K=62,Y=222,X=223,C=1 || L2:[sp=K,62] S=1,C=1,R=4,K=1,X=1,Y=1",-181.0,-163323000.0,1,K|K,1
K,4,R,4,S,3,K,62,Y,222,X,223,C,1,K,62,R,4,C,1,S,1,K,1,X,1,Y,1,"L1:[sp=K,4] R=4,S=3,K=62,Y=222,X=223,C=1 || L2:[sp=K,62] R=4,C=1,S=1,K=1,X=1,Y=1",-187.0,-163323000.0,1,K|K,1
K,4,K,1,X,223,S,4,Y,222,R,4,C,3,C,1,Y,1,K,1,X,1,C,2,R,4,S,4,"L1:[sp=K,4] K=1,X=223,S=4,Y=222,R=4,C=3 || L2:[sp=C,1] Y=1,K=1,X=1,C=2,R=4,S=4",-197.0,-163323000.0,1,K|C,1
K,4,Y,222,S,4,X,223,R,4,K,1,C,3,K,1,C,1,Y,1,R,2,S,4,K,1,X,1,"L1:[sp=K,4] Y=222,S=4,X=223,R=4,K=1,C=3 || L2:[sp=K,1] C=1,Y=1,R=2,S=4,K=1,X=1",-197.0,-163323000.0,1,K|K,1
K,4,R,4,Y,222,X,223,S,4,K,1,C,3,K,1,Y,1,C,3,R,4,S,4,K,1,X,1,"L1:[sp=K,4] R=4,Y=222,X=223,S=4,K=1,C=3 || L2:[sp=K,1] Y=1,C=3,R=4,S=4,K=1,X=1",-197.0,-163323000.0,1,K|K,1
K,4,C,3,Y,222,X,223,S,4,K,1,R,4,K,1,Y,1,C,1,R,4,S,4,K,1,X,1,"L1:[sp=K,4] C=3,Y=222,X=223,S=4,K=1,R=4 || L2:[sp=K,1] Y=1,C=1,R=4,S=4,K=1,X=1",-197.0,-163323000.0,1,K|K,1
K,4,K,1,S,4,Y,222,R,4,X,223,C,2,C,1,Y,1,C,1,R,4,S,4,K,1,X,1,"L1:[sp=K,4] K=1,S=4,Y=222,R=4,X=223,C=2 || L2:[sp=C,1] Y=1,C=1,R=4,S=4,K=1,X=1",-201.0,-163323000.0,1,K|C,1
K,4,R,4,Y,222,X,223,S,4,K,1,C,2,K,1,Y,1,C,1,R,4,S,4,K,1,X,1,"L1:[sp=K,4] R=4,Y=222,X=223,S=4,K=1,C=2 || L2:[sp=K,1] Y=1,C=1,R=4,S=4,K=1,X=1",-201.0,-163323000.0,1,K|K,1
K,4,C,2,Y,222,X,223,S,4,K,1,R,4,K,1,Y,1,C,1,R,4,S,4,K,1,X,1,"L1:[sp=K,4] C=2,Y=222,X=223,S=4,K=1,R=4 || L2:[sp=K,1] Y=1,C=1,R=4,S=4,K=1,X=1",-201.0,-163323000.0,1,K|K,1
K,4,R,4,Y,222,X,223,S,4,K,1,C,2,K,1,Y,1,C,1,R,2,S,4,K,1,X,1,"L1:[sp=K,4] R=4,Y=222,X=223,S=4,K=1,C=2 || L2:[sp=K,1] Y=1,C=1,R=2,S=4,K=1,X=1",-201.0,-163323000.0,1,K|K,1
K,4,Y,222,S,4,X,223,R,4,K,1,C,1,K,1,Y,1,C,1,R,4,S,4,K,1,X,1,"L1:[sp=K,4] Y=222,S=4,X=223,R=4,K=1,C=1 || L2:[sp=K,1] Y=1,C=1,R=4,S=4,K=1,X=1",-205.0,-163323000.0,1,K|K,1
K,4,Y,222,S,4,X,223,R,4,K,1,C,1,K,1,Y,1,C,1,R,4,S,2,K,1,X,1,"L1:[sp=K,4] Y=222,S=4,X=223,R=4,K=1,C=1 || L2:[sp=K,1] Y=1,C=1,R=4,S=2,K=1,X=1",-205.0,-163323000.0,1,K|K,1
K,4,Y,222,S,4,X,223,R,4,K,1,C,1,K,1,X,1,C,1,R,4,S,2,K,1,Y,1,"L1:[sp=K,4] Y=222,S=4,X=223,R=4,K=1,C=1 || L2:[sp=K,1] X=1,C=1,R=4,S=2,K=1,Y=1",-205.0,-163323000.0,1,K|K,1
K,4,R,4,Y,222,X,223,S,4,K,1,C,1,K,1,Y,1,C,1,R,2,S,4,K,1,X,1,"L1:[sp=K,4] R=4,Y=222,X=223,S=4,K=1,C=1 || L2:[sp=K,1] Y=1,C=1,R=2,S=4,K=1,X=1",-205.0,-163323000.0,1,K|K,1
K,4,Y,222,S,4,X,223,R,4,K,1,C,1,X,1,X,1,C,1,R,2,S,4,K,1,Y,1,"L1:[sp=K,4] Y=222,S=4,X=223,R=4,K=1,C=1 || L2:[sp=X,1] X=1,C=1,R=2,S=4,K=1,Y=1",-205.0,-163323000.0,1,K|X,1
K,4,Y,222,S,4,X,223,R,4,K,1,C,1,K,1,X,1,C,1,R,4,S,4,K,1,Y,1,"L1:[sp=K,4] Y=222,S=4,X=223,R=4,K=1,C=1 || L2:[sp=K,1] X=1,C=1,R=4,S=4,K=1,Y=1",-205.0,-163323000.0,1,K|K,1
K,4,S,4,Y,222,X,223,R,4,K,1,C,1,C,1,Y,1,C,1,R,2,S,4,K,1,X,1,"L1:[sp=K,4] S=4,Y=222,X=223,R=4,K=1,C=1 || L2:[sp=C,1] Y=1,C=1,R=2,S=4,K=1,X=1",-205.0,-163323000.0,1,K|C,1
K,4,S,4,K,1,X,223,R,4,C,1,Y,222,K,1,X,1,C,1,R,4,S,4,K,1,Y,1,"L1:[sp=K,4] S=4,K=1,X=223,R=4,C=1,Y=222 || L2:[sp=K,1] X=1,C=1,R=4,S=4,K=1,Y=1",-205.0,-163323000.0,1,K|K,1
K,4,R,4,Y,222,K,62,S,4,X,223,C,1,K,62,R,4,C,1,S,4,K,1,X,1,Y,1,"L1:[sp=K,4] R=4,Y=222,K=62,S=4,X=223,C=1 || L2:[sp=K,62] R=4,C=1,S=4,K=1,X=1,Y=1",-205.0,-163323000.0,1,K|K,1
K,4,Y,222,R,5,X,223,K,1,S,6,C,2,Y,2,Y,1,S,1,R,1,C,2,X,1,K,1,"L1:[sp=K,4] Y=222,R=5,X=223,K=1,S=6,C=2 || L2:[sp=Y,2] Y=1,S=1,R=1,C=2,X=1,K=1",-205.0,-163323000.0,1,K|Y,1
K,4,Y,222,R,5,X,223,K,1,S,6,C,2,Y,2,Y,1,S,1,R,1,K,1,X,1,C,2,"L1:[sp=K,4] Y=222,R=5,X=223,K=1,S=6,C=2 || L2:[sp=Y,2] Y=1,S=1,R=1,K=1,X=1,C=2",-205.0,-163323000.0,1,K|Y,1
K,4,Y,222,R,5,X,223,K,1,S,6,C,2,Y,2,Y,1,X,1,R,1,C,2,S,1,K,1,"L1:[sp=K,4] Y=222,R=5,X=223,K=1,S=6,C=2 || L2:[sp=Y,2] Y=1,X=1,R=1,C=2,S=1,K=1",-205.0,-163323000.0,1,K|Y,1
K,4,Y,222,R,6,X,223,K,1,S,6,C,2,Y,2,Y,1,X,1,R,1,C,2,S,1,K,1,"L1:[sp=K,4] Y=222,R=6,X=223,K=1,S=6,C=2 || L2:[sp=Y,2] Y=1,X=1,R=1,C=2,S=1,K=1",-205.0,-163323000.0,1,K|Y,1
K,4,X,223,R,4,C,1,K,27,S,6,Y,222,K,27,K,1,Y,1,R,4,C,1,X,1,S,2,"L1:[sp=K,4] X=223,R=4,C=1,K=27,S=6,Y=222 || L2:[sp=K,27] K=1,Y=1,R=4,C=1,X=1,S=2",-205.0,-163323000.0,1,K|K,1
K,4,K,1,R,7,S,5,Y,222,X,223,C,3,K,1,R,2,Y,1,X,1,S,5,K,1,C,1,"L1:[sp=K,4] K=1,R=7,S=5,Y=222,X=223,C=3 || L2:[sp=K,1] R=2,Y=1,X=1,S=5,K=1,C=1",-213.0,-163323000.0,1,K|K,1
K,4,S,5,R,7,K,1,Y,222,X,223,C,3,K,1,R,2,Y,1,X,1,S,5,K,1,C,1,"L1:[sp=K,4] S=5,R=7,K=1,Y=222,X=223,C=3 || L2:[sp=K,1] R=2,Y=1,X=1,S=5,K=1,C=1",-213.0,-163323000.0,1,K|K,1
K,4,X,223,R,7,S,5,Y,222,K,1,C,3,C,1,Y,1,R,2,X,1,C,2,K,1,S,5,"L1:[sp=K,4] X=223,R=7,S=5,Y=222,K=1,C=3 || L2:[sp=C,1] Y=1,R=2,X=1,C=2,K=1,S=5",-213.0,-163323000.0,1,K|C,1
K,4,K,1,R,5,S,5,Y,222,X,223,C,3,C,1,Y,1,R,5,X,1,S,1,K,1,C,2,"L1:[sp=K,4] K=1,R=5,S=5,Y=222,X=223,C=3 || L2:[sp=C,1] Y=1,R=5,X=1,S=1,K=1,C=2",-215.0,-163323000.0,1,K|C,1
K,4,R,4,Y,222,X,223,S,3,K,1,C,2,K,1,Y,1,C,1,R,4,S,3,X,1,K,1,"L1:[sp=K,4] R=4,Y=222,X=223,S=3,K=1,C=2 || L2:[sp=K,1] Y=1,C=1,R=4,S=3,X=1,K=1",-229.0,-163323000.0,1,K|K,1
K,4,R,4,Y,222,X,223,S,3,K,1,C,2,K,1,Y,1,K,1,R,4,S,3,C,1,X,1,"L1:[sp=K,4] R=4,Y=222,X=223,S=3,K=1,C=2 || L2:[sp=K,1] Y=1,K=1,R=4,S=3,C=1,X=1",-229.0,-163323000.0,1,K|K,1
K,4,R,4,Y,222,X,223,K,1,S,3,C,2,K,1,Y,1,C,1,R,4,S,3,X,1,K,1,"L1:[sp=K,4] R=4,Y=222,X=223,K=1,S=3,C=2 || L2:[sp=K,1] Y=1,C=1,R=4,S=3,X=1,K=1",-229.0,-163323000.0,1,K|K,1
K,4,R,4,Y,222,K,1,X,223,S,3,C,2,X,1,Y,1,C,1,R,4,S,3,X,1,K,1,"L1:[sp=K,4] R=4,Y=222,K=1,X=223,S=3,C=2 || L2:[sp=X,1] Y=1,C=1,R=4,S=3,X=1,K=1",-229.0,-163323000.0,1,K|X,1
K,4,R,4,Y,222,X,223,K,1,S,3,C,2,C,1,Y,1,C,1,R,4,S,3,X,1,K,1,"L1:[sp=K,4] R=4,Y=222,X=223,K=1,S=3,C=2 || L2:[sp=C,1] Y=1,C=1,R=4,S=3,X=1,K=1",-229.0,-163323000.0,1,K|C,1
K,4,K,1,Y,222,X,223,R,4,S,3,C,2,K,1,Y,1,C,1,R,4,S,3,X,1,K,1,"L1:[sp=K,4] K=1,Y=222,X=223,R=4,S=3,C=2 || L2:[sp=K,1] Y=1,C=1,R=4,S=3,X=1,K=1",-229.0,-163323000.0,1,K|K,1
K,4,K,1,Y,222,X,223,R,4,C,2,S,3,K,1,Y,1,C,1,R,4,S,3,X,1,K,1,"L1:[sp=K,4] K=1,Y=222,X=223,R=4,C=2,S=3 || L2:[sp=K,1] Y=1,C=1,R=4,S=3,X=1,K=1",-229.0,-163323000.0,1,K|K,1
K,4,S,6,R,5,K,1,X,223,Y,222,C,3,Y,2,Y,1,X,1,R,1,C,2,S,6,K,1,"L1:[sp=K,4] S=6,R=5,K=1,X=223,Y=222,C=3 || L2:[sp=Y,2] Y=1,X=1,R=1,C=2,S=6,K=1",-257.0,-163323000.0,1,K|Y,1
C,4,K,46,S,4,Y,222,R,4,X,223,C,2,K,46,Y,1,C,1,R,4,S,4,K,1,X,1,"L1:[sp=C,4] K=46,S=4,Y=222,R=4,X=223,C=2 || L2:[sp=K,46] Y=1,C=1,R=4,S=4,K=1,X=1",-265.0,-163323000.0,1,C|K,1
K,4,K,1,S,4,Y,222,R,4,X,223,C,2,C,1,Y,1,C,2,R,4,S,4,K,1,X,1,"L1:[sp=K,4] K=1,S=4,Y=222,R=4,X=223,C=2 || L2:[sp=C,1] Y=1,C=2,R=4,S=4,K=1,X=1",-265.0,-163323000.0,1,K|C,1
K,4,S,6,R,4,K,1,X,223,Y,222,C,3,Y,2,Y,1,R,2,X,1,C,1,S,6,K,1,"L1:[sp=K,4] S=6,R=4,K=1,X=223,Y=222,C=3 || L2:[sp=Y,2] Y=1,R=2,X=1,C=1,S=6,K=1",-293.0,-163323000.0,1,K|Y,1
K,4,S,7,X,223,R,5,K,2,Y,222,C,3,X,3,S,4,R,2,X,1,K,1,Y,1,C,2,"L1:[sp=K,4] S=7,X=223,R=5,K=2,Y=222,C=3 || L2:[sp=X,3] S=4,R=2,X=1,K=1,Y=1,C=2",-297.0,-163323000.0,1,K|X,1
K,4,K,1,R,7,S,5,Y,222,X,223,C,3,C,1,Y,1,R,2,X,1,S,3,K,1,C,2,"L1:[sp=K,4] K=1,R=7,S=5,Y=222,X=223,C=3 || L2:[sp=C,1] Y=1,R=2,X=1,S=3,K=1,C=2",-297.0,-163323000.0,1,K|C,1
K,4,K,1,R,7,S,5,Y,222,X,223,C,3,Y,1,Y,1,R,2,X,1,S,2,K,1,C,2,"L1:[sp=K,4] K=1,R=7,S=5,Y=222,X=223,C=3 || L2:[sp=Y,1] Y=1,R=2,X=1,S=2,K=1,C=2",-297.0,-163323000.0,1,K|Y,1
K,4,K,1,R,7,S,5,Y,222,X,223,C,3,K,1,R,2,Y,1,X,1,S,3,K,1,C,3,"L1:[sp=K,4] K=1,R=7,S=5,Y=222,X=223,C=3 || L2:[sp=K,1] R=2,Y=1,X=1,S=3,K=1,C=3",-297.0,-163323000.0,1,K|K,1
K,4,K,1,R,7,S,5,Y,222,X,223,C,3,C,1,R,2,Y,1,X,1,S,3,K,1,C,2,"L1:[sp=K,4] K=1,R=7,S=5,Y=222,X=223,C=3 || L2:[sp=C,1] R=2,Y=1,X=1,S=3,K=1,C=2",-297.0,-163323000.0,1,K|C,1
K,4,K,1,R,7,S,5,Y,222,X,223,C,3,C,1,Y,1,R,2,X,1,S,3,C,2,K,1,"L1:[sp=K,4] K=1,R=7,S=5,Y=222,X=223,C=3 || L2:[sp=C,1] Y=1,R=2,X=1,S=3,C=2,K=1",-297.0,-163323000.0,1,K|C,1
K,4,K,1,R,7,S,5,Y,222,X,223,C,3,K,1,R,2,Y,1,X,1,S,3,K,1,C,1,"L1:[sp=K,4] K=1,R=7,S=5,Y=222,X=223,C=3 || L2:[sp=K,1] R=2,Y=1,X=1,S=3,K=1,C=1",-297.0,-163323000.0,1,K|K,1
K,4,R,7,K,1,S,5,Y,222,X,223,C,3,C,1,Y,1,R,2,X,1,S,2,C,1,K,1,"L1:[sp=K,4] R=7,K=1,S=5,Y=222,X=223,C=3 || L2:[sp=C,1] Y=1,R=2,X=1,S=2,C=1,K=1",-297.0,-163323000.0,1,K|C,1
K,4,K,1,R,5,S,5,Y,222,X,223,C,3,C,1,Y,1,R,2,X,1,S,3,K,1,C,1,"L1:[sp=K,4] K=1,R=5,S=5,Y=222,X=223,C=3 || L2:[sp=C,1] Y=1,R=2,X=1,S=3,K=1,C=1",-299.0,-163323000.0,1,K|C,1
K,4,K,1,X,223,S,5,Y,222,R,5,C,3,C,1,Y,1,R,2,X,1,S,3,K,1,C,3,"L1:[sp=K,4] K=1,X=223,S=5,Y=222,R=5,C=3 || L2:[sp=C,1] Y=1,R=2,X=1,S=3,K=1,C=3",-299.0,-163323000.0,1,K|C,1
K,4,K,1,X,223,S,5,Y,222,R,5,C,3,C,1,Y,1,R,2,X,1,S,3,K,1,C,1,"L1:[sp=K,4] K=1,X=223,S=5,Y=222,R=5,C=3 || L2:[sp=C,1] Y=1,R=2,X=1,S=3,K=1,C=1",-299.0,-163323000.0,1,K|C,1
K,4,K,1,S,4,Y,222,R,7,X,223,C,2,C,1,Y,1,C,1,R,4,S,1,K,1,X,1,"L1:[sp=K,4] K=1,S=4,Y=222,R=7,X=223,C=2 || L2:[sp=C,1] Y=1,C=1,R=4,S=1,K=1,X=1",-299.0,-163323000.0,1,K|C,1
K,4,R,4,Y,222,X,223,K,1,S,6,C,3,C,1,Y,1,C,1,R,1,S,1,X,1,K,1,"L1:[sp=K,4] R=4,Y=222,X=223,K=1,S=6,C=3 || L2:[sp=C,1] Y=1,C=1,R=1,S=1,X=1,K=1",-299.0,-163323000.0,1,K|C,1
K,4,Y,222,R,5,X,223,K,1,S,6,C,3,C,1,Y,1,S,1,R,1,C,1,X,1,K,1,"L1:[sp=K,4] Y=222,R=5,X=223,K=1,S=6,C=3 || L2:[sp=C,1] Y=1,S=1,R=1,C=1,X=1,K=1",-299.0,-163323000.0,1,K|C,1
K,4,Y,222,R,5,X,223,K,1,S,6,C,3,C,1,Y,1,R,1,S,1,C,1,X,1,K,1,"L1:[sp=K,4] Y=222,R=5,X=223,K=1,S=6,C=3 || L2:[sp=C,1] Y=1,R=1,S=1,C=1,X=1,K=1",-299.0,-163323000.0,1,K|C,1
K,4,Y,222,R,5,X,223,K,1,S,6,C,3,C,1,K,1,S,1,R,1,C,1,X,1,Y,1,"L1:[sp=K,4] Y=222,R=5,X=223,K=1,S=6,C=3 || L2:[sp=C,1] K=1,S=1,R=1,C=1,X=1,Y=1",-299.0,-163323000.0,1,K|C,1
K,4,S,7,X,223,R,5,K,2,Y,222,C,1,X,3,S,4,R,2,X,1,K,1,Y,1,C,1,"L1:[sp=K,4] S=7,X=223,R=5,K=2,Y=222,C=1 || L2:[sp=X,3] S=4,R=2,X=1,K=1,Y=1,C=1",-301.0,-163323000.0,1,K|X,1
K,4,Y,222,S,4,X,223,R,7,K,1,C,1,K,1,Y,1,C,1,R,4,S,1,K,1,X,1,"L1:[sp=K,4] Y=222,S=4,X=223,R=7,K=1,C=1 || L2:[sp=K,1] Y=1,C=1,R=4,S=1,K=1,X=1",-301.0,-163323000.0,1,K|K,1
K,4,K,1,Y,222,S,3,R,4,C,2,X,223,C,2,Y,1,C,2,R,2,S,3,X,1,K,1,"L1:[sp=K,4] K=1,Y=222,S=3,R=4,C=2,X=223 || L2:[sp=C,2] Y=1,C=2,R=2,S=3,X=1,K=1",-301.0,-163323000.0,1,K|C,1
K,4,K,1,R,7,S,4,Y,222,X,223,C,3,C,1,Y,1,R,4,X,1,S,4,C,2,K,1,"L1:[sp=K,4] K=1,R=7,S=4,Y=222,X=223,C=3 || L2:[sp=C,1] Y=1,R=4,X=1,S=4,C=2,K=1",-339.0,-163323000.0,1,K|C,1
K,4,K,1,S,4,Y,222,R,7,X,223,C,3,C,1,Y,1,C,2,R,4,S,4,K,1,X,1,"L1:[sp=K,4] K=1,S=4,Y=222,R=7,X=223,C=3 || L2:[sp=C,1] Y=1,C=2,R=4,S=4,K=1,X=1",-339.0,-163323000.0,1,K|C,1
K,4,Y,222,S,4,K,1,R,7,X,223,C,3,C,1,Y,1,C,2,R,4,S,4,K,1,X,1,"L1:[sp=K,4] Y=222,S=4,K=1,R=7,X=223,C=3 || L2:[sp=C,1] Y=1,C=2,R=4,S=4,K=1,X=1",-339.0,-163323000.0,1,K|C,1
K,4,C,3,S,4,K,1,R,7,X,223,Y,222,C,1,Y,1,C,2,K,1,S,4,R,4,X,1,"L1:[sp=K,4] C=3,S=4,K=1,R=7,X=223,Y=222 || L2:[sp=C,1] Y=1,C=2,K=1,S=4,R=4,X=1",-339.0,-163323000.0,1,K|C,1
K,4,K,1,R,5,S,4,Y,222,X,223,C,3,C,1,Y,1,R,1,X,1,S,2,K,1,C,2,"L1:[sp=K,4] K=1,R=5,S=4,Y=222,X=223,C=3 || L2:[sp=C,1] Y=1,R=1,X=1,S=2,K=1,C=2",-341.0,-163323000.0,1,K|C,1
K,4,R,4,Y,222,K,62,S,7,X,223,C,1,K,62,R,4,C,1,S,2,K,1,X,3,Y,1,"L1:[sp=K,4] R=4,Y=222,K=62,S=7,X=223,C=1 || L2:[sp=K,62] R=4,C=1,S=2,K=1,X=3,Y=1",-343.0,-163323000.0,1,K|K,1
K,4,R,4,Y,222,C,2,S,5,K,1,X,223,K,1,Y,1,C,1,R,4,S,3,K,1,X,1,"L1:[sp=K,4] R=4,Y=222,C=2,S=5,K=1,X=223 || L2:[sp=K,1] Y=1,C=1,R=4,S=3,K=1,X=1",-345.0,-163323000.0,1,K|K,1
C,4,Y,222,R,4,X,223,K,50,C,2,S,6,K,28,Y,1,S,1,R,4,C,1,K,1,X,1,"L1:[sp=C,4] Y=222,R=4,X=223,K=50,C=2,S=6 || L2:[sp=K,28] Y=1,S=1,R=4,C=1,K=1,X=1",-345.0,-163323000.0,1,C|K,1
C,4,Y,222,R,4,X,223,K,50,C,2,S,4,K,28,Y,1,S,1,R,4,C,2,K,1,X,1,"L1:[sp=C,4] Y=222,R=4,X=223,K=50,C=2,S=4 || L2:[sp=K,28] Y=1,S=1,R=4,C=2,K=1,X=1",-345.0,-163323000.0,1,C|K,1
K,4,S,6,X,223,R,5,K,2,Y,222,C,1,X,3,S,4,R,2,X,1,K,1,Y,1,C,1,"L1:[sp=K,4] S=6,X=223,R=5,K=2,Y=222,C=1 || L2:[sp=X,3] S=4,R=2,X=1,K=1,Y=1,C=1",-349.0,-163323000.0,1,K|X,1
K,4,R,5,S,4,K,62,Y,222,C,1,X,223,K,62,S,4,C,1,R,3,K,1,X,1,Y,1,"L1:[sp=K,4] R=5,S=4,K=62,Y=222,C=1,X=223 || L2:[sp=K,62] S=4,C=1,R=3,K=1,X=1,Y=1",-349.0,-163323000.0,1,K|K,1
K,4,R,4,Y,222,X,223,S,3,K,1,C,2,K,1,Y,5,C,1,R,4,S,2,K,1,X,1,"L1:[sp=K,4] R=4,Y=222,X=223,S=3,K=1,C=2 || L2:[sp=K,1] Y=5,C=1,R=4,S=2,K=1,X=1",-349.0,-163323000.0,1,K|K,1
K,4,Y,222,S,4,K,1,R,4,X,223,C,3,Y,4,Y,1,C,2,R,4,S,4,K,1,X,1,"L1:[sp=K,4] Y=222,S=4,K=1,R=4,X=223,C=3 || L2:[sp=Y,4] Y=1,C=2,R=4,S=4,K=1,X=1",-393.0,-163323000.0,1,K|Y,1
K,4,Y,222,S,4,K,1,R,4,X,223,C,3,Y,4,Y,1,C,2,R,2,S,4,K,1,X,1,"L1:[sp=K,4] Y=222,S=4,K=1,R=4,X=223,C=3 || L2:[sp=Y,4] Y=1,C=2,R=2,S=4,K=1,X=1",-393.0,-163323000.0,1,K|Y,1
K,4,Y,222,S,4,K,1,R,4,X,223,C,3,Y,4,Y,1,C,1,R,2,S,4,K,1,X,1,"L1:[sp=K,4] Y=222,S=4,K=1,R=4,X=223,C=3 || L2:[sp=Y,4] Y=1,C=1,R=2,S=4,K=1,X=1",-393.0,-163323000.0,1,K|Y,1
C,4,Y,222,R,4,X,223,K,50,C,2,S,6,K,28,Y,1,S,2,R,4,C,1,K,1,X,1,"L1:[sp=C,4] Y=222,R=4,X=223,K=50,C=2,S=6 || L2:[sp=K,28] Y=1,S=2,R=4,C=1,K=1,X=1",-393.0,-163323000.0,1,C|K,1
K,4,S,7,X,223,R,5,K,2,Y,222,C,2,K,1,S,1,R,2,X,1,K,1,Y,1,C,2,"L1:[sp=K,4] S=7,X=223,R=5,K=2,Y=222,C=2 || L2:[sp=K,1] S=1,R=2,X=1,K=1,Y=1,C=2",-397.0,-163323000.0,1,K|K,1
K,4,S,5,X,223,K,2,C,2,Y,224,R,7,K,1,S,1,C,2,R,1,K,2,Y,1,X,1,"L1:[sp=K,4] S=5,X=223,K=2,C=2,Y=224,R=7 || L2:[sp=K,1] S=1,C=2,R=1,K=2,Y=1,X=1",-397.0,-163323000.0,1,K|K,1
K,4,C,2,X,223,R,5,S,7,Y,222,K,2,K,1,S,1,C,2,X,1,K,1,Y,1,R,2,"L1:[sp=K,4] C=2,X=223,R=5,S=7,Y=222,K=2 || L2:[sp=K,1] S=1,C=2,X=1,K=1,Y=1,R=2",-397.0,-163323000.0,1,K|K,1
K,4,C,2,R,7,S,5,K,2,Y,222,X,223,K,1,K,1,R,2,X,1,Y,1,S,1,C,2,"L1:[sp=K,4] C=2,R=7,S=5,K=2,Y=222,X=223 || L2:[sp=K,1] K=1,R=2,X=1,Y=1,S=1,C=2",-397.0,-163323000.0,1,K|K,1
K,4,X,223,R,7,S,5,C,2,Y,222,K,2,K,1,Y,1,R,2,X,1,K,1,S,1,C,2,"L1:[sp=K,4] X=223,R=7,S=5,C=2,Y=222,K=2 || L2:[sp=K,1] Y=1,R=2,X=1,K=1,S=1,C=2",-397.0,-163323000.0,1,K|K,1
K,4,C,2,R,5,S,5,K,2,Y,222,X,223,K,1,Y,1,R,2,X,1,K,1,S,1,C,2,"L1:[sp=K,4] C=2,R=5,S=5,K=2,Y=222,X=223 || L2:[sp=K,1] Y=1,R=2,X=1,K=1,S=1,C=2",-401.0,-163323000.0,1,K|K,1
K,4,K,1,R,5,S,5,Y,222,X,223,C,2,C,1,Y,1,R,1,X,1,S,1,K,1,C,2,"L1:[sp=K,4] K=1,R=5,S=5,Y=222,X=223,C=2 || L2:[sp=C,1] Y=1,R=1,X=1,S=1,K=1,C=2",-401.0,-163323000.0,1,K|C,1
K,4,Y,222,S,4,K,1,R,4,X,223,C,2,Y,4,Y,1,C,1,R,2,X,1,K,1,S,4,"L1:[sp=K,4] Y=222,S=4,K=1,R=4,X=223,C=2 || L2:[sp=Y,4] Y=1,C=1,R=2,X=1,K=1,S=4",-401.0,-163323000.0,1,K|Y,1
K,4,S,3,X,223,R,5,C,2,Y,222,K,2,K,1,S,1,C,2,X,1,K,1,Y,1,R,2,"L1:[sp=K,4] S=3,X=223,R=5,C=2,Y=222,K=2 || L2:[sp=K,1] S=1,C=2,X=1,K=1,Y=1,R=2",-405.0,-163323000.0,1,K|K,1
K,4,C,2,X,223,R,5,S,3,Y,222,K,2,K,1,S,1,C,2,X,1,K,2,Y,1,R,2,"L1:[sp=K,4] C=2,X=223,R=5,S=3,Y=222,K=2 || L2:[sp=K,1] S=1,C=2,X=1,K=2,Y=1,R=2",-405.0,-163323000.0,1,K|K,1
K,4,Y,222,S,4,K,1,R,4,X,223,C,1,Y,4,Y,1,C,1,R,4,S,4,K,1,X,1,"L1:[sp=K,4] Y=222,S=4,K=1,R=4,X=223,C=1 || L2:[sp=Y,4] Y=1,C=1,R=4,S=4,K=1,X=1",-409.0,-163323000.0,1,K|Y,1
K,4,Y,222,S,4,K,1,R,4,X,223,C,1,Y,4,Y,1,C,1,R,2,S,4,K,1,X,1,"L1:[sp=K,4] Y=222,S=4,K=1,R=4,X=223,C=1 || L2:[sp=Y,4] Y=1,C=1,R=2,S=4,K=1,X=1",-409.0,-163323000.0,1,K|Y,1
K,4,C,3,S,5,K,1,R,7,X,223,Y,222,C,1,Y,1,C,2,K,1,S,5,R,4,X,1,"L1:[sp=K,4] C=3,S=5,K=1,R=7,X=223,Y=222 || L2:[sp=C,1] Y=1,C=2,K=1,S=5,R=4,X=1",-423.0,-163323000.0,1,K|C,1
K,4,Y,222,R,4,X,223,K,1,S,5,C,3,C,1,Y,1,C,1,R,1,S,5,X,1,K,1,"L1:[sp=K,4] Y=222,R=4,X=223,K=1,S=5,C=3 || L2:[sp=C,1] Y=1,C=1,R=1,S=5,X=1,K=1",-425.0,-163323000.0,1,K|C,1
K,4,Y,222,R,5,X,223,K,1,S,5,C,3,C,1,Y,1,S,5,R,1,C,1,X,1,K,1,"L1:[sp=K,4] Y=222,R=5,X=223,K=1,S=5,C=3 || L2:[sp=C,1] Y=1,S=5,R=1,C=1,X=1,K=1",-425.0,-163323000.0,1,K|C,1
K,4,R,7,S,5,Y,222,K,1,X,223,C,1,C,1,Y,1,C,1,R,4,S,5,K,1,X,1,"L1:[sp=K,4] R=7,S=5,Y=222,K=1,X=223,C=1 || L2:[sp=C,1] Y=1,C=1,R=4,S=5,K=1,X=1",-427.0,-163323000.0,1,K|C,1
K,4,Y,222,S,5,X,223,R,7,K,1,C,1,C,1,Y,1,C,1,R,4,S,5,K,1,X,1,"L1:[sp=K,4] Y=222,S=5,X=223,R=7,K=1,C=1 || L2:[sp=C,1] Y=1,C=1,R=4,S=5,K=1,X=1",-427.0,-163323000.0,1,K|C,1
K,4,R,5,Y,222,X,223,K,1,S,5,C,2,C,1,Y,1,C,1,R,1,S,5,X,1,K,1,"L1:[sp=K,4] R=5,Y=222,X=223,K=1,S=5,C=2 || L2:[sp=C,1] Y=1,C=1,R=1,S=5,X=1,K=1",-429.0,-163323000.0,1,K|C,1
K,4,R,6,X,223,K,45,C,3,Y,222,S,3,K,27,Y,1,R,2,C,2,X,1,K,1,S,3,"L1:[sp=K,4] R=6,X=223,K=45,C=3,Y=222,S=3 || L2:[sp=K,27] Y=1,R=2,C=2,X=1,K=1,S=3",-439.0,-163323000.0,1,K|K,1
X,4,R,5,X,223,K,45,C,3,Y,222,S,5,K,27,Y,1,R,2,C,2,X,1,K,1,S,1,"L1:[sp=X,4] R=5,X=223,K=45,C=3,Y=222,S=5 || L2:[sp=K,27] Y=1,R=2,C=2,X=1,K=1,S=1",-450.0,-163323000.0,1,X|K,1
K,4,R,6,X,223,K,45,C,1,Y,222,S,3,K,27,Y,1,R,2,C,1,X,1,K,1,S,3,"L1:[sp=K,4] R=6,X=223,K=45,C=1,Y=222,S=3 || L2:[sp=K,27] Y=1,R=2,C=1,X=1,K=1,S=3",-451.0,-163323000.0,1,K|K,1
K,4,K,1,S,4,Y,222,R,7,X,223,C,2,C,1,Y,1,C,2,R,4,S,4,K,1,X,1,"L1:[sp=K,4] K=1,S=4,Y=222,R=7,X=223,C=2 || L2:[sp=C,1] Y=1,C=2,R=4,S=4,K=1,X=1",-453.0,-163323000.0,1,K|C,1
K,4,K,1,R,5,S,4,C,2,X,223,Y,222,C,1,Y,1,R,1,X,1,S,2,K,1,C,2,"L1:[sp=K,4] K=1,R=5,S=4,C=2,X=223,Y=222 || L2:[sp=C,1] Y=1,R=1,X=1,S=2,K=1,C=2",-457.0,-163323000.0,1,K|C,1
K,4,R,7,S,4,K,1,Y,222,X,223,C,1,X,7,S,1,C,1,R,2,K,1,X,1,Y,1,"L1:[sp=K,4] R=7,S=4,K=1,Y=222,X=223,C=1 || L2:[sp=X,7] S=1,C=1,R=2,K=1,X=1,Y=1",-460.0,-163323000.0,1,K|X,1
K,4,Y,222,X,223,R,4,K,1,S,6,C,2,Y,6,Y,1,C,1,S,1,R,1,X,1,K,1,"L1:[sp=K,4] Y=222,X=223,R=4,K=1,S=6,C=2 || L2:[sp=Y,6] Y=1,C=1,S=1,R=1,X=1,K=1",-466.0,-163323000.0,1,K|Y,1
K,4,K,1,R,7,S,6,Y,222,X,223,C,3,C,1,Y,1,C,2,R,2,S,4,K,1,X,1,"L1:[sp=K,4] K=1,R=7,S=6,Y=222,X=223,C=3 || L2:[sp=C,1] Y=1,C=2,R=2,S=4,K=1,X=1",-507.0,-163323000.0,1,K|C,1
K,4,K,1,R,5,S,5,Y,222,X,223,C,3,C,1,Y,1,C,2,X,1,S,1,K,1,R,4,"L1:[sp=K,4] K=1,R=5,S=5,Y=222,X=223,C=3 || L2:[sp=C,1] Y=1,C=2,X=1,S=1,K=1,R=4",-509.0,-163323000.0,1,K|C,1
K,4,K,1,R,5,S,5,Y,222,X,223,C,3,C,1,X,1,C,2,Y,1,R,4,K,1,S,1,"L1:[sp=K,4] K=1,R=5,S=5,Y=222,X=223,C=3 || L2:[sp=C,1] X=1,C=2,Y=1,R=4,K=1,S=1",-509.0,-163323000.0,1,K|C,1
K,4,K,1,R,5,S,3,Y,222,X,223,C,3,C,1,Y,1,C,2,X,1,S,1,K,1,R,4,"L1:[sp=K,4] K=1,R=5,S=3,Y=222,X=223,C=3 || L2:[sp=C,1] Y=1,C=2,X=1,S=1,K=1,R=4",-511.0,-163323000.0,1,K|C,1
K,4,S,7,K,1,X,223,R,4,C,1,Y,222,K,1,X,1,C,1,R,4,S,3,K,1,Y,1,"L1:[sp=K,4] S=7,K=1,X=223,R=4,C=1,Y=222 || L2:[sp=K,1] X=1,C=1,R=4,S=3,K=1,Y=1",-511.0,-163323000.0,1,K|K,1
K,4,Y,222,K,1,X,223,R,4,S,7,C,1,K,1,X,1,C,1,R,4,Y,1,K,1,S,3,"L1:[sp=K,4] Y=222,K=1,X=223,R=4,S=7,C=1 || L2:[sp=K,1] X=1,C=1,R=4,Y=1,K=1,S=3",-511.0,-163323000.0,1,K|K,1
K,4,X,223,R,5,S,6,K,2,Y,222,C,2,K,1,Y,1,R,2,X,1,K,1,S,3,C,2,"L1:[sp=K,4] X=223,R=5,S=6,K=2,Y=222,C=2 || L2:[sp=K,1] Y=1,R=2,X=1,K=1,S=3,C=2",-513.0,-163323000.0,1,K|K,1
K,4,S,6,Y,222,R,5,C,2,X,223,K,31,K,31,S,4,C,1,X,1,K,1,Y,1,R,2,"L1:[sp=K,4] S=6,Y=222,R=5,C=2,X=223,K=31 || L2:[sp=K,31] S=4,C=1,X=1,K=1,Y=1,R=2",-513.0,-163323000.0,1,K|K,1
K,4,Y,222,K,1,X,223,R,4,S,4,C,2,K,1,X,1,C,1,R,4,S,3,K,1,Y,1,"L1:[sp=K,4] Y=222,K=1,X=223,R=4,S=4,C=2 || L2:[sp=K,1] X=1,C=1,R=4,S=3,K=1,Y=1",-513.0,-163323000.0,1,K|K,1
K,4,R,4,Y,222,X,223,S,4,K,1,C,2,K,1,Y,1,C,1,R,4,S,3,K,1,X,1,"L1:[sp=K,4] R=4,Y=222,X=223,S=4,K=1,C=2 || L2:[sp=K,1] Y=1,C=1,R=4,S=3,K=1,X=1",-513.0,-163323000.0,1,K|K,1
X,4,R,6,X,223,K,45,C,3,Y,222,S,5,K,27,X,1,R,2,C,2,Y,1,K,1,S,1,"L1:[sp=X,4] R=6,X=223,K=45,C=3,Y=222,S=5 || L2:[sp=K,27] X=1,R=2,C=2,Y=1,K=1,S=1",-513.0,-163323000.0,1,X|K,1
X,4,R,6,X,223,K,45,C,3,Y,222,S,6,K,27,X,1,R,2,C,2,Y,1,K,1,S,1,"L1:[sp=X,4] R=6,X=223,K=45,C=3,Y=222,S=6 || L2:[sp=K,27] X=1,R=2,C=2,Y=1,K=1,S=1",-513.0,-163323000.0,1,X|K,1
X,4,R,6,X,223,Y,222,C,3,K,45,S,4,K,27,X,1,R,2,C,1,Y,1,K,1,S,1,"L1:[sp=X,4] R=6,X=223,Y=222,C=3,K=45,S=4 || L2:[sp=K,27] X=1,R=2,C=1,Y=1,K=1,S=1",-513.0,-163323000.0,1,X|K,1
K,4,R,5,X,223,S,3,K,2,Y,222,C,2,K,1,Y,1,R,2,X,1,K,1,S,3,C,2,"L1:[sp=K,4] R=5,X=223,S=3,K=2,Y=222,C=2 || L2:[sp=K,1] Y=1,R=2,X=1,K=1,S=3,C=2",-517.0,-163323000.0,1,K|K,1
K,4,Y,222,S,4,X,223,R,4,K,1,C,1,K,1,Y,1,C,1,R,4,S,3,K,1,X,1,"L1:[sp=K,4] Y=222,S=4,X=223,R=4,K=1,C=1 || L2:[sp=K,1] Y=1,C=1,R=4,S=3,K=1,X=1",-517.0,-163323000.0,1,K|K,1
K,4,R,4,Y,222,X,223,S,4,K,1,C,1,K,1,Y,1,C,1,R,4,S,3,K,1,X,1,"L1:[sp=K,4] R=4,Y=222,X=223,S=4,K=1,C=1 || L2:[sp=K,1] Y=1,C=1,R=4,S=3,K=1,X=1",-517.0,-163323000.0,1,K|K,1
K,4,Y,222,K,1,X,223,R,4,S,4,C,1,K,1,X,1,C,1,R,4,S,3,K,1,Y,1,"L1:[sp=K,4] Y=222,K=1,X=223,R=4,S=4,C=1 || L2:[sp=K,1] X=1,C=1,R=4,S=3,K=1,Y=1",-517.0,-163323000.0,1,K|K,1
K,4,Y,222,K,1,X,223,R,4,S,4,C,1,K,1,X,1,C,1,R,2,S,3,K,1,Y,1,"L1:[sp=K,4] Y=222,K=1,X=223,R=4,S=4,C=1 || L2:[sp=K,1] X=1,C=1,R=2,S=3,K=1,Y=1",-517.0,-163323000.0,1,K|K,1
K,4,S,4,K,1,X,223,R,4,C,1,Y,222,X,1,X,1,C,1,R,2,S,3,K,1,Y,1,"L1:[sp=K,4] S=4,K=1,X=223,R=4,C=1,Y=222 || L2:[sp=X,1] X=1,C=1,R=2,S=3,K=1,Y=1",-517.0,-163323000.0,1,K|X,1
K,4,S,4,Y,222,X,223,R,4,K,1,C,1,C,1,Y,1,C,1,R,2,S,3,K,1,X,1,"L1:[sp=K,4] S=4,Y=222,X=223,R=4,K=1,C=1 || L2:[sp=C,1] Y=1,C=1,R=2,S=3,K=1,X=1",-517.0,-163323000.0,1,K|C,1
K,4,K,1,Y,222,S,4,R,4,C,1,X,223,C,2,Y,1,C,1,R,2,S,3,X,1,K,1,"L1:[sp=K,4] K=1,Y=222,S=4,R=4,C=1,X=223 || L2:[sp=C,2] Y=1,C=1,R=2,S=3,X=1,K=1",-517.0,-163323000.0,1,K|C,1
K,4,Y,222,R,7,X,223,K,1,S,6,C,2,Y,7,Y,1,S,2,R,2,C,1,X,1,K,1,"L1:[sp=K,4] Y=222,R=7,X=223,K=1,S=6,C=2 || L2:[sp=Y,7] Y=1,S=2,R=2,C=1,X=1,K=1",-517.0,-163323000.0,1,K|Y,1
K,4,R,7,S,4,Y,222,K,1,X,223,C,1,X,7,Y,1,C,1,R,7,S,4,K,1,X,1,"L1:[sp=K,4] R=7,S=4,Y=222,K=1,X=223,C=1 || L2:[sp=X,7] Y=1,C=1,R=7,S=4,K=1,X=1",-523.0,-163323000.0,1,K|X,1
K,4,R,7,S,4,Y,222,K,1,X,223,C,1,X,7,S,4,C,1,R,7,K,1,X,1,Y,1,"L1:[sp=K,4] R=7,S=4,Y=222,K=1,X=223,C=1 || L2:[sp=X,7] S=4,C=1,R=7,K=1,X=1,Y=1",-523.0,-163323000.0,1,K|X,1
K,4,R,7,S,4,Y,222,K,1,X,223,C,1,X,7,S,4,C,1,R,2,K,1,X,1,Y,1,"L1:[sp=K,4] R=7,S=4,Y=222,K=1,X=223,C=1 || L2:[sp=X,7] S=4,C=1,R=2,K=1,X=1,Y=1",-523.0,-163323000.0,1,K|X,1
K,4,R,4,Y,222,X,223,K,1,S,6,C,2,Y,6,Y,1,C,1,S,1,R,4,X,1,K,1,"L1:[sp=K,4] R=4,Y=222,X=223,K=1,S=6,C=2 || L2:[sp=Y,6] Y=1,C=1,S=1,R=4,X=1,K=1",-529.0,-163323000.0,1,K|Y,1
K,4,Y,222,R,4,X,223,K,1,S,4,C,2,Y,7,Y,1,S,1,R,2,C,1,X,1,K,1,"L1:[sp=K,4] Y=222,R=4,X=223,K=1,S=4,C=2 || L2:[sp=Y,7] Y=1,S=1,R=2,C=1,X=1,K=1",-529.0,-163323000.0,1,K|Y,1
K,4,R,4,S,4,K,1,Y,222,X,223,C,1,X,7,S,1,C,1,R,4,K,1,X,1,Y,1,"L1:[sp=K,4] R=4,S=4,K=1,Y=222,X=223,C=1 || L2:[sp=X,7] S=1,C=1,R=4,K=1,X=1,Y=1",-541.0,-163323000.0,1,K|X,1
K,4,R,4,S,4,K,1,Y,222,X,223,C,1,X,7,S,1,C,1,R,2,K,1,X,1,Y,1,"L1:[sp=K,4] R=4,S=4,K=1,Y=222,X=223,C=1 || L2:[sp=X,7] S=1,C=1,R=2,K=1,X=1,Y=1",-541.0,-163323000.0,1,K|X,1
K,4,S,7,X,223,R,5,C,2,Y,222,K,2,K,1,S,1,C,2,X,1,K,1,Y,1,R,5,"L1:[sp=K,4] S=7,X=223,R=5,C=2,Y=222,K=2 || L2:[sp=K,1] S=1,C=2,X=1,K=1,Y=1,R=5",-565.0,-163323000.0,1,K|K,1
C,4,K,46,S,5,Y,222,R,7,X,223,C,2,K,46,Y,1,C,1,R,4,S,5,K,1,X,1,"L1:[sp=C,4] K=46,S=5,Y=222,R=7,X=223,C=2 || L2:[sp=K,46] Y=1,C=1,R=4,S=5,K=1,X=1",-565.0,-163323000.0,1,C|K,1
K,4,C,3,Y,222,X,223,S,5,K,1,R,4,K,1,Y,1,C,3,R,4,S,4,K,1,X,1,"L1:[sp=K,4] C=3,Y=222,X=223,S=5,K=1,R=4 || L2:[sp=K,1] Y=1,C=3,R=4,S=4,K=1,X=1",-581.0,-163323000.0,1,K|K,1
K,4,Y,222,R,4,X,223,K,1,S,5,C,3,C,1,Y,1,R,2,S,4,C,1,X,1,K,1,"L1:[sp=K,4] Y=222,R=4,X=223,K=1,S=5,C=3 || L2:[sp=C,1] Y=1,R=2,S=4,C=1,X=1,K=1",-581.0,-163323000.0,1,K|C,1
K,4,R,5,Y,222,X,223,S,4,K,1,C,2,K,1,Y,1,C,1,R,4,S,4,K,1,X,1,"L1:[sp=K,4] R=5,Y=222,X=223,S=4,K=1,C=2 || L2:[sp=K,1] Y=1,C=1,R=4,S=4,K=1,X=1",-585.0,-163323000.0,1,K|K,1
K,4,Y,222,R,4,X,223,K,1,S,5,C,2,K,1,Y,1,S,4,R,2,C,1,X,1,K,1,"L1:[sp=K,4] Y=222,R=4,X=223,K=1,S=5,C=2 || L2:[sp=K,1] Y=1,S=4,R=2,C=1,X=1,K=1",-585.0,-163323000.0,1,K|K,1
K,4,R,4,S,4,K,1,Y,222,X,223,C,3,X,7,S,4,C,1,R,2,K,1,X,1,Y,1,"L1:[sp=K,4] R=4,S=4,K=1,Y=222,X=223,C=3 || L2:[sp=X,7] S=4,C=1,R=2,K=1,X=1,Y=1",-589.0,-163323000.0,1,K|X,1
K,4,K,1,X,223,S,5,Y,222,R,7,C,3,C,1,Y,1,R,4,X,1,S,3,K,1,C,3,"L1:[sp=K,4] K=1,X=223,S=5,Y=222,R=7,C=3 || L2:[sp=C,1] Y=1,R=4,X=1,S=3,K=1,C=3",-591.0,-163323000.0,1,K|C,1
K,4,K,1,S,5,Y,222,R,7,X,223,C,3,C,1,Y,1,C,3,R,4,S,3,K,1,X,1,"L1:[sp=K,4] K=1,S=5,Y=222,R=7,X=223,C=3 || L2:[sp=C,1] Y=1,C=3,R=4,S=3,K=1,X=1",-591.0,-163323000.0,1,K|C,1
K,4,K,1,X,223,S,5,Y,222,R,7,C,3,C,1,Y,1,R,4,X,1,C,2,K,1,S,3,"L1:[sp=K,4] K=1,X=223,S=5,Y=222,R=7,C=3 || L2:[sp=C,1] Y=1,R=4,X=1,C=2,K=1,S=3",-591.0,-163323000.0,1,K|C,1
K,4,Y,222,R,7,X,223,K,4,S,6,C,3,C,1,Y,1,S,1,C,1,R,2,X,1,K,1,"L1:[sp=K,4] Y=222,R=7,X=223,K=4,S=6,C=3 || L2:[sp=C,1] Y=1,S=1,C=1,R=2,X=1,K=1",-591.0,-163323000.0,1,K|C,1
K,4,Y,222,R,7,X,223,K,4,S,6,C,3,C,1,X,1,S,1,C,1,R,2,Y,1,K,4,"L1:[sp=K,4] Y=222,R=7,X=223,K=4,S=6,C=3 || L2:[sp=C,1] X=1,S=1,C=1,R=2,Y=1,K=4",-591.0,-163323000.0,1,K|C,1
K,4,S,5,X,223,R,7,C,2,Y,222,K,2,K,1,S,1,C,1,X,1,K,1,Y,1,R,4,"L1:[sp=K,4] S=5,X=223,R=7,C=2,Y=222,K=2 || L2:[sp=K,1] S=1,C=1,X=1,K=1,Y=1,R=4",-593.0,-163323000.0,1,K|K,1
K,4,S,5,X,223,R,7,C,2,Y,222,K,31,K,31,S,3,C,1,X,1,K,1,Y,1,R,4,"L1:[sp=K,4] S=5,X=223,R=7,C=2,Y=222,K=31 || L2:[sp=K,31] S=3,C=1,X=1,K=1,Y=1,R=4",-593.0,-163323000.0,1,K|K,1
K,4,S,5,X,223,R,7,C,2,Y,222,K,31,K,31,S,3,R,4,X,1,K,1,Y,1,C,1,"L1:[sp=K,4] S=5,X=223,R=7,C=2,Y=222,K=31 || L2:[sp=K,31] S=3,R=4,X=1,K=1,Y=1,C=1",-593.0,-163323000.0,1,K|K,1
K,4,R,4,Y,222,X,223,K,1,S,5,C,3,C,1,Y,1,C,1,R,1,S,2,X,1,K,1,"L1:[sp=K,4] R=4,Y=222,X=223,K=1,S=5,C=3 || L2:[sp=C,1] Y=1,C=1,R=1,S=2,X=1,K=1",-593.0,-163323000.0,1,K|C,1
K,4,X,223,R,7,S,5,C,1,Y,222,K,2,K,1,Y,1,R,2,X,1,K,1,S,3,C,1,"L1:[sp=K,4] X=223,R=7,S=5,C=1,Y=222,K=2 || L2:[sp=K,1] Y=1,R=2,X=1,K=1,S=3,C=1",-595.0,-163323000.0,1,K|K,1
K,4,R,7,S,3,K,62,Y,222,X,223,C,1,K,62,R,4,C,1,S,1,K,1,X,3,Y,1,"L1:[sp=K,4] R=7,S=3,K=62,Y=222,X=223,C=1 || L2:[sp=K,62] R=4,C=1,S=1,K=1,X=3,Y=1",-598.0,-163323000.0,1,K|K,1
K,4,Y,222,S,4,K,1,R,7,X,223,C,1,Y,4,Y,1,C,1,R,4,S,1,K,1,X,1,"L1:[sp=K,4] Y=222,S=4,K=1,R=7,X=223,C=1 || L2:[sp=Y,4] Y=1,C=1,R=4,S=1,K=1,X=1",-601.0,-163323000.0,1,K|Y,1
K,4,Y,222,S,3,X,223,R,7,K,1,C,1,Y,4,Y,1,C,1,R,4,S,1,K,1,X,1,"L1:[sp=K,4] Y=222,S=3,X=223,R=7,K=1,C=1 || L2:[sp=Y,4] Y=1,C=1,R=4,S=1,K=1,X=1",-607.0,-163323000.0,1,K|Y,1
K,4,X,223,R,5,S,6,C,2,Y,222,K,2,K,1,Y,1,R,5,X,1,K,1,S,2,C,2,"L1:[sp=K,4] X=223,R=5,S=6,C=2,Y=222,K=2 || L2:[sp=K,1] Y=1,R=5,X=1,K=1,S=2,C=2",-649.0,-163323000.0,1,K|K,1
K,4,Y,222,S,4,K,1,R,7,X,223,C,3,Y,4,Y,1,C,2,R,4,S,4,K,1,X,1,"L1:[sp=K,4] Y=222,S=4,K=1,R=7,X=223,C=3 || L2:[sp=Y,4] Y=1,C=2,R=4,S=4,K=1,X=1",-677.0,-163323000.0,1,K|Y,1
K,4,R,5,Y,222,X,223,S,4,K,1,C,3,X,1,Y,1,C,3,X,3,S,4,K,1,R,3,"L1:[sp=K,4] R=5,Y=222,X=223,S=4,K=1,C=3 || L2:[sp=X,1] Y=1,C=3,X=3,S=4,K=1,R=3",-677.0,-163323000.0,1,K|X,1
K,4,R,4,Y,222,K,62,S,7,X,223,C,1,K,62,R,4,C,1,S,5,K,1,X,3,Y,1,"L1:[sp=K,4] R=4,Y=222,K=62,S=7,X=223,C=1 || L2:[sp=K,62] R=4,C=1,S=5,K=1,X=3,Y=1",-679.0,-163323000.0,1,K|K,1
K,4,S,4,R,7,K,1,Y,222,X,223,C,3,Y,8,R,2,Y,1,X,1,S,4,C,1,K,1,"L1:[sp=K,4] S=4,R=7,K=1,Y=222,X=223,C=3 || L2:[sp=Y,8] R=2,Y=1,X=1,S=4,C=1,K=1",-681.0,-163323000.0,1,K|Y,1
K,4,R,4,S,4,X,223,Y,222,K,4,C,1,K,1,Y,1,C,1,K,1,S,1,R,4,X,1,"L1:[sp=K,4] R=4,S=4,X=223,Y=222,K=4,C=1 || L2:[sp=K,1] Y=1,C=1,K=1,S=1,R=4,X=1",-685.0,-163323000.0,1,K|K,1
K,4,Y,222,X,223,R,4,K,1,S,3,C,2,Y,6,Y,1,C,1,S,3,R,4,X,1,K,1,"L1:[sp=K,4] Y=222,X=223,R=4,K=1,S=3,C=2 || L2:[sp=Y,6] Y=1,C=1,S=3,R=4,X=1,K=1",-685.0,-163323000.0,1,K|Y,1
K,4,Y,222,X,223,R,4,K,1,S,3,C,2,Y,6,Y,1,C,1,S,3,R,2,X,1,K,1,"L1:[sp=K,4] Y=222,X=223,R=4,K=1,S=3,C=2 || L2:[sp=Y,6] Y=1,C=1,S=3,R=2,X=1,K=1",-685.0,-163323000.0,1,K|Y,1
K,4,X,223,R,5,S,6,K,2,Y,222,C,2,K,1,Y,1,R,5,X,1,K,1,S,3,C,2,"L1:[sp=K,4] X=223,R=5,S=6,K=2,Y=222,C=2 || L2:[sp=K,1] Y=1,R=5,X=1,K=1,S=3,C=2",-729.0,-163323000.0,1,K|K,1
K,4,X,223,R,5,S,6,C,2,Y,222,K,2,K,1,Y,1,R,5,X,1,K,1,S,3,C,2,"L1:[sp=K,4] X=223,R=5,S=6,C=2,Y=222,K=2 || L2:[sp=K,1] Y=1,R=5,X=1,K=1,S=3,C=2",-729.0,-163323000.0,1,K|K,1
K,4,R,4,Y,222,X,223,S,5,K,1,C,2,K,1,Y,5,C,2,R,4,S,4,K,1,X,1,"L1:[sp=K,4] R=4,Y=222,X=223,S=5,K=1,C=2 || L2:[sp=K,1] Y=5,C=2,R=4,S=4,K=1,X=1",-777.0,-163323000.0,1,K|K,1
K,4,Y,222,R,4,X,223,K,1,S,5,C,2,K,1,Y,1,S,4,R,4,C,2,X,1,K,1,"L1:[sp=K,4] Y=222,R=4,X=223,K=1,S=5,C=2 || L2:[sp=K,1] Y=1,S=4,R=4,C=2,X=1,K=1",-777.0,-163323000.0,1,K|K,1
K,4,Y,222,R,4,X,223,K,1,S,5,C,2,Y,2,Y,1,S,4,R,2,C,2,X,1,K,1,"L1:[sp=K,4] Y=222,R=4,X=223,K=1,S=5,C=2 || L2:[sp=Y,2] Y=1,S=4,R=2,C=2,X=1,K=1",-777.0,-163323000.0,1,K|Y,1
K,4,R,4,S,4,X,223,Y,222,K,4,C,1,K,1,Y,1,C,1,K,1,S,4,R,4,X,1,"L1:[sp=K,4] R=4,S=4,X=223,Y=222,K=4,C=1 || L2:[sp=K,1] Y=1,C=1,K=1,S=4,R=4,X=1",-781.0,-163323000.0,1,K|K,1
K,4,K,1,S,5,Y,222,R,7,X,223,C,2,K,1,Y,1,C,2,R,4,S,3,K,1,X,1,"L1:[sp=K,4] K=1,S=5,Y=222,R=7,X=223,C=2 || L2:[sp=K,1] Y=1,C=2,R=4,S=3,K=1,X=1",-789.0,-163323000.0,1,K|K,1
K,4,K,1,R,5,S,5,Y,222,X,223,C,2,C,1,Y,1,R,1,X,1,S,2,K,1,C,2,"L1:[sp=K,4] K=1,R=5,S=5,Y=222,X=223,C=2 || L2:[sp=C,1] Y=1,R=1,X=1,S=2,K=1,C=2",-793.0,-163323000.0,1,K|C,1
K,4,K,1,S,5,Y,222,R,7,X,223,C,2,X,4,Y,1,C,2,R,4,S,3,K,1,X,1,"L1:[sp=K,4] K=1,S=5,Y=222,R=7,X=223,C=2 || L2:[sp=X,4] Y=1,C=2,R=4,S=3,K=1,X=1",-793.0,-163323000.0,1,K|X,1
K,4,S,3,X,223,R,5,C,2,Y,222,K,2,K,1,S,2,C,2,X,1,K,1,Y,1,R,2,"L1:[sp=K,4] S=3,X=223,R=5,C=2,Y=222,K=2 || L2:[sp=K,1] S=2,C=2,X=1,K=1,Y=1,R=2",-797.0,-163323000.0,1,K|K,1
K,4,K,1,R,7,S,5,Y,222,X,223,C,3,C,1,Y,20,R,2,X,1,S,5,C,1,K,1,"L1:[sp=K,4] K=1,R=7,S=5,Y=222,X=223,C=3 || L2:[sp=C,1] Y=20,R=2,X=1,S=5,C=1,K=1",-843.0,-163324000.0,1,K|C,1
K,4,Y,222,S,5,K,1,R,7,X,223,C,3,Y,4,Y,1,C,2,R,4,S,5,K,1,X,1,"L1:[sp=K,4] Y=222,S=5,K=1,R=7,X=223,C=3 || L2:[sp=Y,4] Y=1,C=2,R=4,S=5,K=1,X=1",-845.0,-163323000.0,1,K|Y,1
K,4,R,7,Y,222,X,223,S,4,K,1,C,2,K,1,Y,7,C,1,R,4,S,4,K,1,X,1,"L1:[sp=K,4] R=7,Y=222,X=223,S=4,K=1,C=2 || L2:[sp=K,1] Y=7,C=1,R=4,S=4,K=1,X=1",-845.0,-163323000.0,1,K|K,1
K,4,K,1,Y,222,X,223,R,4,C,2,S,6,K,1,R,4,C,1,Y,1,S,5,X,1,K,1,"L1:[sp=K,4] K=1,Y=222,X=223,R=4,C=2,S=6 || L2:[sp=K,1] R=4,C=1,Y=1,S=5,X=1,K=1",-849.0,-163323000.0,1,K|K,1
K,4,Y,222,R,4,X,223,K,1,S,6,C,2,K,1,K,1,S,5,R,2,C,1,X,1,Y,1,"L1:[sp=K,4] Y=222,R=4,X=223,K=1,S=6,C=2 || L2:[sp=K,1] K=1,S=5,R=2,C=1,X=1,Y=1",-849.0,-163323000.0,1,K|K,1
K,4,C,3,R,4,X,223,K,1,S,6,Y,222,Y,12,K,1,Y,1,R,2,C,1,X,1,S,1,"L1:[sp=K,4] C=3,R=4,X=223,K=1,S=6,Y=222 || L2:[sp=Y,12] K=1,Y=1,R=2,C=1,X=1,S=1",-861.0,-163323000.0,1,K|Y,1
K,4,K,1,R,7,S,5,Y,222,X,223,C,3,C,1,Y,1,R,3,X,1,S,3,K,1,C,2,"L1:[sp=K,4] K=1,R=7,S=5,Y=222,X=223,C=3 || L2:[sp=C,1] Y=1,R=3,X=1,S=3,K=1,C=2",-885.0,-163323000.0,1,K|C,1
K,4,R,7,X,223,S,5,C,3,Y,222,K,2,K,14,Y,1,R,2,X,1,K,1,S,3,C,2,"L1:[sp=K,4] R=7,X=223,S=5,C=3,Y=222,K=2 || L2:[sp=K,14] Y=1,R=2,X=1,K=1,S=3,C=2",-889.0,-163323000.0,1,K|K,1
K,4,X,223,R,7,S,7,C,1,Y,222,K,2,K,14,Y,1,R,2,X,1,K,1,S,4,C,1,"L1:[sp=K,4] X=223,R=7,S=7,C=1,Y=222,K=2 || L2:[sp=K,14] Y=1,R=2,X=1,K=1,S=4,C=1",-892.0,-163323000.0,1,K|K,1
K,4,Y,222,R,7,K,1,S,4,X,223,C,1,Y,4,Y,3,C,1,R,4,S,1,K,1,X,1,"L1:[sp=K,4] Y=222,R=7,K=1,S=4,X=223,C=1 || L2:[sp=Y,4] Y=3,C=1,R=4,S=1,K=1,X=1",-895.0,-163323000.0,1,K|Y,1
X,4,R,4,X,223,K,45,C,1,Y,222,S,5,K,27,X,1,R,1,C,1,Y,1,K,1,S,1,"L1:[sp=X,4] R=4,X=223,K=45,C=1,Y=222,S=5 || L2:[sp=K,27] X=1,R=1,C=1,Y=1,K=1,S=1",-907.0,-163323000.0,1,X|K,1
X,4,R,5,X,223,K,50,C,1,Y,222,S,5,K,27,C,1,S,3,X,1,Y,1,K,1,R,2,"L1:[sp=X,4] R=5,X=223,K=50,C=1,Y=222,S=5 || L2:[sp=K,27] C=1,S=3,X=1,Y=1,K=1,R=2",-907.0,-163323000.0,1,X|K,1
K,4,R,6,X,223,K,59,C,1,Y,222,S,3,K,27,Y,1,R,6,C,1,X,1,K,1,S,3,"L1:[sp=K,4] R=6,X=223,K=59,C=1,Y=222,S=3 || L2:[sp=K,27] Y=1,R=6,C=1,X=1,K=1,S=3",-991.0,-163323000.0,1,K|K,1
K,4,K,3,X,223,S,4,Y,222,R,7,C,3,C,1,Y,1,R,4,X,1,S,4,K,1,C,3,"L1:[sp=K,4] K=3,X=223,S=4,Y=222,R=7,C=3 || L2:[sp=C,1] Y=1,R=4,X=1,S=4,K=1,C=3",-1011.0,-163323000.0,1,K|C,1
K,4,R,4,K,1,X,223,S,4,Y,222,C,3,K,1,X,3,C,1,R,3,S,4,K,1,Y,1,"L1:[sp=K,4] R=4,K=1,X=223,S=4,Y=222,C=3 || L2:[sp=K,1] X=3,C=1,R=3,S=4,K=1,Y=1",-1013.0,-163323000.0,1,K|K,1
K,4,Y,222,R,5,X,223,K,1,S,5,C,3,C,1,Y,1,S,4,R,1,C,1,X,1,K,1,"L1:[sp=K,4] Y=222,R=5,X=223,K=1,S=5,C=3 || L2:[sp=C,1] Y=1,S=4,R=1,C=1,X=1,K=1",-1013.0,-163323000.0,1,K|C,1
K,4,C,2,Y,222,X,223,S,4,K,1,R,4,K,1,Y,1,C,1,R,3,X,3,K,1,S,4,"L1:[sp=K,4] C=2,Y=222,X=223,S=4,K=1,R=4 || L2:[sp=K,1] Y=1,C=1,R=3,X=3,K=1,S=4",-1017.0,-163323000.0,1,K|K,1
K,4,R,5,Y,222,X,223,S,4,K,1,C,2,K,1,Y,7,C,1,R,4,S,4,K,1,X,1,"L1:[sp=K,4] R=5,Y=222,X=223,S=4,K=1,C=2 || L2:[sp=K,1] Y=7,C=1,R=4,S=4,K=1,X=1",-1017.0,-163323000.0,1,K|K,1
K,4,R,5,Y,222,X,223,S,4,K,1,C,2,K,1,Y,7,C,1,R,4,S,2,K,1,X,1,"L1:[sp=K,4] R=5,Y=222,X=223,S=4,K=1,C=2 || L2:[sp=K,1] Y=7,C=1,R=4,S=2,K=1,X=1",-1017.0,-163323000.0,1,K|K,1
X,4,R,6,X,223,K,45,C,3,Y,222,S,5,K,27,X,1,R,2,C,2,Y,1,K,1,S,2,"L1:[sp=X,4] R=6,X=223,K=45,C=3,Y=222,S=5 || L2:[sp=K,27] X=1,R=2,C=2,Y=1,K=1,S=2",-1017.0,-163323000.0,1,X|K,1
X,4,Y,222,R,4,X,223,K,11,C,3,S,6,K,28,Y,1,S,1,R,2,C,1,K,1,X,1,"L1:[sp=X,4] Y=222,R=4,X=223,K=11,C=3,S=6 || L2:[sp=K,28] Y=1,S=1,R=2,C=1,K=1,X=1",-1033.0,-163323000.0,1,X|K,1
X,4,Y,222,R,4,X,223,K,11,C,3,S,6,K,28,Y,1,S,1,R,4,C,1,K,1,X,1,"L1:[sp=X,4] Y=222,R=4,X=223,K=11,C=3,S=6 || L2:[sp=K,28] Y=1,S=1,R=4,C=1,K=1,X=1",-1033.0,-163323000.0,1,X|K,1
X,4,Y,222,R,4,X,223,K,11,C,2,S,6,K,28,Y,1,S,1,R,4,C,1,K,1,X,1,"L1:[sp=X,4] Y=222,R=4,X=223,K=11,C=2,S=6 || L2:[sp=K,28] Y=1,S=1,R=4,C=1,K=1,X=1",-1057.0,-163323000.0,1,X|K,1
X,4,S,6,R,4,X,223,K,11,C,1,Y,222,K,28,Y,1,S,1,R,4,C,1,K,1,X,1,"L1:[sp=X,4] S=6,R=4,X=223,K=11,C=1,Y=222 || L2:[sp=K,28] Y=1,S=1,R=4,C=1,K=1,X=1",-1081.0,-163323000.0,1,X|K,1
X,4,R,6,X,223,K,45,C,3,Y,222,S,5,K,27,C,2,S,3,X,1,Y,1,K,1,R,3,"L1:[sp=X,4] R=6,X=223,K=45,C=3,Y=222,S=5 || L2:[sp=K,27] C=2,S=3,X=1,Y=1,K=1,R=3",-1143.0,-163323000.0,1,X|K,1
K,4,Y,222,R,4,X,223,K,1,S,6,C,3,Y,14,Y,1,S,2,R,4,C,1,X,1,K,1,"L1:[sp=K,4] Y=222,R=4,X=223,K=1,S=6,C=3 || L2:[sp=Y,14] Y=1,S=2,R=4,C=1,X=1,K=1",-1177.0,-163323000.0,1,K|Y,1
K,4,Y,222,R,5,X,223,K,1,S,7,C,3,K,1,Y,1,S,5,R,1,C,1,X,1,K,1,"L1:[sp=K,4] Y=222,R=5,X=223,K=1,S=7,C=3 || L2:[sp=K,1] Y=1,S=5,R=1,C=1,X=1,K=1",-1179.0,-163323000.0,1,K|K,1
K,4,S,5,X,223,R,7,C,2,Y,222,K,2,K,1,S,3,C,1,X,1,K,1,Y,1,R,4,"L1:[sp=K,4] S=5,X=223,R=7,C=2,Y=222,K=2 || L2:[sp=K,1] S=3,C=1,X=1,K=1,Y=1,R=4",-1181.0,-163323000.0,1,K|K,1
K,4,K,1,R,5,S,5,Y,222,X,223,C,3,C,1,S,3,Y,22,X,1,R,2,K,1,C,2,"L1:[sp=K,4] K=1,R=5,S=5,Y=222,X=223,C=3 || L2:[sp=C,1] S=3,Y=22,X=1,R=2,K=1,C=2",-1181.0,-163323000.0,1,K|C,1
K,4,Y,222,R,7,X,223,K,4,S,6,C,1,C,1,Y,1,S,1,C,1,R,4,X,1,K,1,"L1:[sp=K,4] Y=222,R=7,X=223,K=4,S=6,C=1 || L2:[sp=C,1] Y=1,S=1,C=1,R=4,X=1,K=1",-1183.0,-163323000.0,1,K|C,1
K,4,Y,222,S,4,X,223,R,4,K,1,C,3,C,3,Y,1,C,2,R,1,S,3,K,1,X,1,"L1:[sp=K,4] Y=222,S=4,X=223,R=4,K=1,C=3 || L2:[sp=C,3] Y=1,C=2,R=1,S=3,K=1,X=1",-1185.0,-163323000.0,1,K|C,1
K,4,S,5,C,1,R,7,X,223,Y,224,K,2,Y,21,Y,1,C,1,X,1,K,1,R,4,S,1,"L1:[sp=K,4] S=5,C=1,R=7,X=223,Y=224,K=2 || L2:[sp=Y,21] Y=1,C=1,X=1,K=1,R=4,S=1",-1201.0,-163323000.0,1,K|Y,1
K,4,S,3,X,223,R,5,Y,222,C,1,K,2,Y,21,S,1,C,1,X,1,K,1,Y,1,R,2,"L1:[sp=K,4] S=3,X=223,R=5,Y=222,C=1,K=2 || L2:[sp=Y,21] S=1,C=1,X=1,K=1,Y=1,R=2",-1249.0,-163323000.0,1,K|Y,1
K,4,S,3,X,223,R,5,C,1,Y,222,K,2,Y,21,S,1,C,1,K,1,X,1,Y,1,R,2,"L1:[sp=K,4] S=3,X=223,R=5,C=1,Y=222,K=2 || L2:[sp=Y,21] S=1,C=1,K=1,X=1,Y=1,R=2",-1249.0,-163323000.0,1,K|Y,1
K,4,S,3,X,223,R,5,C,1,Y,222,K,2,Y,21,Y,1,C,1,X,1,K,1,S,1,R,2,"L1:[sp=K,4] S=3,X=223,R=5,C=1,Y=222,K=2 || L2:[sp=Y,21] Y=1,C=1,X=1,K=1,S=1,R=2",-1249.0,-163323000.0,1,K|Y,1
K,4,Y,222,S,5,K,1,X,223,R,7,C,3,K,1,Y,9,C,2,R,4,S,5,K,1,X,1,"L1:[sp=K,4] Y=222,S=5,K=1,X=223,R=7,C=3 || L2:[sp=K,1] Y=9,C=2,R=4,S=5,K=1,X=1",-1263.0,-163324000.0,1,K|K,1
X,4,R,4,X,223,K,27,C,3,Y,222,S,5,K,27,K,1,R,1,C,1,Y,1,X,1,S,5,"L1:[sp=X,4] R=4,X=223,K=27,C=3,Y=222,S=5 || L2:[sp=K,27] K=1,R=1,C=1,Y=1,X=1,S=5",-1273.0,-163323000.0,1,X|K,1
K,4,X,223,R,4,C,3,K,23,S,6,Y,222,C,3,K,1,Y,1,R,2,C,1,X,1,S,1,"L1:[sp=K,4] X=223,R=4,C=3,K=23,S=6,Y=222 || L2:[sp=C,3] K=1,Y=1,R=2,C=1,X=1,S=1",-1293.0,-163323000.0,1,K|C,1
K,4,R,4,S,4,K,62,Y,222,X,223,C,1,K,62,S,3,C,1,R,3,K,1,X,1,Y,1,"L1:[sp=K,4] R=4,S=4,K=62,Y=222,X=223,C=1 || L2:[sp=K,62] S=3,C=1,R=3,K=1,X=1,Y=1",-1336.0,-163323000.0,1,K|K,1
K,4,K,1,S,6,Y,222,R,7,X,223,C,2,C,1,Y,1,C,2,R,4,S,4,K,1,X,1,"L1:[sp=K,4] K=1,S=6,Y=222,R=7,X=223,C=2 || L2:[sp=C,1] Y=1,C=2,R=4,S=4,K=1,X=1",-1349.0,-163323000.0,1,K|C,1
K,4,K,1,S,5,Y,222,R,7,X,223,C,2,C,1,Y,1,C,2,R,4,S,4,K,1,X,1,"L1:[sp=K,4] K=1,S=5,Y=222,R=7,X=223,C=2 || L2:[sp=C,1] Y=1,C=2,R=4,S=4,K=1,X=1",-1349.0,-163323000.0,1,K|C,1
K,4,Y,222,S,4,X,223,R,4,K,1,C,1,K,1,Y,1,C,1,R,2,S,1,K,1,X,8,"L1:[sp=K,4] Y=222,S=4,X=223,R=4,K=1,C=1 || L2:[sp=K,1] Y=1,C=1,R=2,S=1,K=1,X=8",-1357.0,-163323000.0,1,K|K,1
K,4,Y,222,R,4,X,223,K,1,S,6,C,1,C,1,K,1,S,1,R,2,C,1,X,24,Y,1,"L1:[sp=K,4] Y=222,R=4,X=223,K=1,S=6,C=1 || L2:[sp=C,1] K=1,S=1,R=2,C=1,X=24,Y=1",-1357.0,-163323000.0,1,K|C,1
K,4,S,6,X,223,R,5,C,1,Y,222,K,2,Y,21,S,2,C,1,K,1,X,1,Y,1,R,2,"L1:[sp=K,4] S=6,X=223,R=5,C=1,Y=222,K=2 || L2:[sp=Y,21] S=2,C=1,K=1,X=1,Y=1,R=2",-1393.0,-163323000.0,1,K|Y,1
K,4,C,3,Y,222,X,223,K,1,S,6,R,4,Y,12,K,1,Y,1,R,4,S,6,X,1,C,1,"L1:[sp=K,4] C=3,Y=222,X=223,K=1,S=6,R=4 || L2:[sp=Y,12] K=1,Y=1,R=4,S=6,X=1,C=1",-1461.0,-163323000.0,1,K|Y,1
K,4,K,1,X,223,S,6,Y,222,R,7,C,3,C,1,Y,1,R,4,X,1,C,2,K,1,S,5,"L1:[sp=K,4] K=1,X=223,S=6,Y=222,R=7,C=3 || L2:[sp=C,1] Y=1,R=4,X=1,C=2,K=1,S=5",-1473.0,-163323000.0,1,K|C,1
K,4,C,3,R,5,S,5,Y,222,X,223,K,7,C,1,Y,1,R,5,X,1,S,1,K,1,C,2,"L1:[sp=K,4] C=3,R=5,S=5,Y=222,X=223,K=7 || L2:[sp=C,1] Y=1,R=5,X=1,S=1,K=1,C=2",-1475.0,-163323000.0,1,K|C,1
K,4,C,3,S,5,X,223,K,27,Y,222,R,6,C,3,K,1,R,2,C,1,Y,1,X,1,S,1,"L1:[sp=K,4] C=3,S=5,X=223,K=27,Y=222,R=6 || L2:[sp=C,3] K=1,R=2,C=1,Y=1,X=1,S=1",-1517.0,-163323000.0,1,K|C,1
K,4,Y,222,R,4,X,223,K,1,S,6,C,2,C,1,Y,53,S,1,R,4,C,1,X,1,K,1,"L1:[sp=K,4] Y=222,R=4,X=223,K=1,S=6,C=2 || L2:[sp=C,1] Y=53,S=1,R=4,C=1,X=1,K=1",-1521.0,-163323000.0,1,K|C,1
X,4,R,6,X,223,K,45,C,3,Y,222,S,3,K,27,X,1,R,2,C,2,Y,20,K,1,S,1,"L1:[sp=X,4] R=6,X=223,K=45,C=3,Y=222,S=3 || L2:[sp=K,27] X=1,R=2,C=2,Y=20,K=1,S=1",-1525.0,-163323000.0,1,X|K,1
X,4,R,6,X,223,K,45,C,3,Y,222,S,3,K,27,X,1,R,2,C,2,K,1,Y,20,S,1,"L1:[sp=X,4] R=6,X=223,K=45,C=3,Y=222,S=3 || L2:[sp=K,27] X=1,R=2,C=2,K=1,Y=20,S=1",-1525.0,-163323000.0,1,X|K,1
K,4,S,3,X,223,R,5,C,1,Y,222,K,2,Y,21,S,3,C,1,X,1,K,1,Y,1,R,2,"L1:[sp=K,4] S=3,X=223,R=5,C=1,Y=222,K=2 || L2:[sp=Y,21] S=3,C=1,X=1,K=1,Y=1,R=2",-1585.0,-163323000.0,1,K|Y,1
K,4,S,3,Y,222,R,5,X,223,C,2,K,2,Y,21,S,1,C,2,X,1,K,1,Y,1,R,2,"L1:[sp=K,4] S=3,Y=222,R=5,X=223,C=2,K=2 || L2:[sp=Y,21] S=1,C=2,X=1,K=1,Y=1,R=2",-1617.0,-163323000.0,1,K|Y,1
K,4,S,3,X,223,R,5,Y,222,C,2,K,2,Y,21,S,1,C,2,X,1,K,1,Y,1,R,2,"L1:[sp=K,4] S=3,X=223,R=5,Y=222,C=2,K=2 || L2:[sp=Y,21] S=1,C=2,X=1,K=1,Y=1,R=2",-1617.0,-163323000.0,1,K|Y,1
K,4,S,5,C,1,R,7,X,223,Y,224,K,2,Y,21,Y,1,C,1,X,1,K,1,R,4,S,5,"L1:[sp=K,4] S=5,C=1,R=7,X=223,Y=224,K=2 || L2:[sp=Y,21] Y=1,C=1,X=1,K=1,R=4,S=5",-1705.0,-163323000.0,1,K|Y,1
K,4,R,7,X,223,S,5,C,3,Y,222,K,2,K,2,Y,1,R,6,X,1,K,1,S,3,C,2,"L1:[sp=K,4] R=7,X=223,S=5,C=3,Y=222,K=2 || L2:[sp=K,2] Y=1,R=6,X=1,K=1,S=3,C=2",-1767.0,-163323000.0,1,K|K,1
K,4,K,3,X,223,Y,222,S,5,R,7,C,3,C,1,Y,1,R,4,X,1,S,3,K,1,C,3,"L1:[sp=K,4] K=3,X=223,Y=222,S=5,R=7,C=3 || L2:[sp=C,1] Y=1,R=4,X=1,S=3,K=1,C=3",-1767.0,-163323000.0,1,K|C,1
K,4,Y,222,R,4,X,223,K,11,C,1,S,6,X,28,Y,1,S,1,R,2,C,1,K,1,X,1,"L1:[sp=K,4] Y=222,R=4,X=223,K=11,C=1,S=6 || L2:[sp=X,28] Y=1,S=1,R=2,C=1,K=1,X=1",-1861.0,-163323000.0,1,K|X,1
K,4,Y,222,R,4,X,223,K,11,C,1,S,5,X,28,Y,1,K,1,R,2,C,1,S,3,X,1,"L1:[sp=K,4] Y=222,R=4,X=223,K=11,C=1,S=5 || L2:[sp=X,28] Y=1,K=1,R=2,C=1,S=3,X=1",-1861.0,-163323000.0,1,K|X,1
K,4,Y,222,R,4,X,223,K,11,C,1,S,6,X,28,Y,1,K,1,R,2,C,1,S,1,X,1,"L1:[sp=K,4] Y=222,R=4,X=223,K=11,C=1,S=6 || L2:[sp=X,28] Y=1,K=1,R=2,C=1,S=1,X=1",-1861.0,-163323000.0,1,K|X,1
K,4,C,3,S,4,X,223,K,27,Y,222,R,6,C,3,K,1,R,3,C,1,Y,1,X,1,S,2,"L1:[sp=K,4] C=3,S=4,X=223,K=27,Y=222,R=6 || L2:[sp=C,3] K=1,R=3,C=1,Y=1,X=1,S=2",-1949.0,-163323000.0,1,K|C,1
K,4,R,6,X,223,K,59,C,3,Y,222,S,3,K,27,Y,1,R,4,C,1,X,1,K,1,S,3,"L1:[sp=K,4] R=6,X=223,K=59,C=3,Y=222,S=3 || L2:[sp=K,27] Y=1,R=4,C=1,X=1,K=1,S=3",-1951.0,-163323000.0,1,K|K,1
K,4,K,1,S,6,Y,222,R,7,X,223,C,2,C,1,Y,1,C,2,R,4,S,5,K,1,X,1,"L1:[sp=K,4] K=1,S=6,Y=222,R=7,X=223,C=2 || L2:[sp=C,1] Y=1,C=2,R=4,S=5,K=1,X=1",-1965.0,-163323000.0,1,K|C,1
K,4,Y,222,S,4,K,11,R,4,X,223,C,1,Y,4,Y,1,S,4,R,4,C,1,K,1,X,1,"L1:[sp=K,4] Y=222,S=4,K=11,R=4,X=223,C=1 || L2:[sp=Y,4] Y=1,S=4,R=4,C=1,K=1,X=1",-2125.0,-163323000.0,1,K|Y,1
K,4,X,223,R,5,S,5,K,1,Y,222,C,2,X,28,Y,1,R,2,X,1,K,1,S,1,C,2,"L1:[sp=K,4] X=223,R=5,S=5,K=1,Y=222,C=2 || L2:[sp=X,28] Y=1,R=2,X=1,K=1,S=1,C=2",-2245.0,-163323000.0,1,K|X,1
K,4,R,5,Y,222,X,223,K,11,C,2,S,5,X,28,Y,1,C,1,R,2,S,5,K,1,X,1,"L1:[sp=K,4] R=5,Y=222,X=223,K=11,C=2,S=5 || L2:[sp=X,28] Y=1,C=1,R=2,S=5,K=1,X=1",-2319.0,-163323000.0,1,K|X,1
K,4,X,223,R,5,S,5,C,2,Y,222,K,2,K,14,Y,1,R,1,X,1,K,1,S,3,C,2,"L1:[sp=K,4] X=223,R=5,S=5,C=2,Y=222,K=2 || L2:[sp=K,14] Y=1,R=1,X=1,K=1,S=3,C=2",-2377.0,-163323000.0,1,K|K,1
K,4,S,3,X,223,R,5,Y,222,C,1,K,2,Y,21,S,2,C,1,X,1,K,1,Y,1,R,2,"L1:[sp=K,4] S=3,X=223,R=5,Y=222,C=1,K=2 || L2:[sp=Y,21] S=2,C=1,X=1,K=1,Y=1,R=2",-2425.0,-163323000.0,1,K|Y,1
K,4,S,3,X,223,R,5,C,1,Y,222,K,2,Y,21,S,2,C,1,X,1,K,1,Y,1,R,2,"L1:[sp=K,4] S=3,X=223,R=5,C=1,Y=222,K=2 || L2:[sp=Y,21] S=2,C=1,X=1,K=1,Y=1,R=2",-2425.0,-163323000.0,1,K|Y,1
K,4,R,7,X,223,S,7,C,3,Y,222,K,2,K,14,Y,1,R,2,X,1,K,2,S,3,C,2,"L1:[sp=K,4] R=7,X=223,S=7,C=3,Y=222,K=2 || L2:[sp=K,14] Y=1,R=2,X=1,K=2,S=3,C=2",-2650.0,-163323000.0,1,K|K,1
K,4,K,1,S,4,Y,222,R,7,X,223,C,1,C,1,Y,17,C,1,R,4,S,1,K,1,X,1,"L1:[sp=K,4] K=1,S=4,Y=222,R=7,X=223,C=1 || L2:[sp=C,1] Y=17,C=1,R=4,S=1,K=1,X=1",-2653.0,-163323000.0,1,K|C,1
K,4,R,5,Y,222,X,223,S,4,K,1,C,2,K,1,Y,7,C,1,R,4,S,3,K,1,X,1,"L1:[sp=K,4] R=5,Y=222,X=223,S=4,K=1,C=2 || L2:[sp=K,1] Y=7,C=1,R=4,S=3,K=1,X=1",-2655.0,-163323000.0,1,K|K,1
K,4,Y,222,S,4,K,1,X,223,R,7,C,3,Y,4,Y,9,C,2,R,2,S,2,K,1,X,1,"L1:[sp=K,4] Y=222,S=4,K=1,X=223,R=7,C=3 || L2:[sp=Y,4] Y=9,C=2,R=2,S=2,K=1,X=1",-2693.0,-163323000.0,1,K|Y,1
X,4,Y,222,R,4,X,223,K,39,C,3,S,6,K,28,Y,1,S,1,R,2,C,1,K,8,X,1,"L1:[sp=X,4] Y=222,R=4,X=223,K=39,C=3,S=6 || L2:[sp=K,28] Y=1,S=1,R=2,C=1,K=8,X=1",-2697.0,-163323000.0,1,X|K,1
X,4,R,6,X,223,K,41,C,3,Y,222,S,5,K,27,X,1,R,2,C,2,Y,20,K,1,S,2,"L1:[sp=X,4] R=6,X=223,K=41,C=3,Y=222,S=5 || L2:[sp=K,27] X=1,R=2,C=2,Y=20,K=1,S=2",-3033.0,-163323000.0,1,X|K,1
K,4,S,3,X,223,R,5,Y,222,C,2,K,2,Y,21,S,2,C,2,X,1,K,1,Y,1,R,2,"L1:[sp=K,4] S=3,X=223,R=5,Y=222,C=2,K=2 || L2:[sp=Y,21] S=2,C=2,X=1,K=1,Y=1,R=2",-3185.0,-163323000.0,1,K|Y,1
K,4,X,223,R,5,C,1,K,22,S,5,Y,222,X,28,K,1,Y,1,R,2,C,1,X,1,S,2,"L1:[sp=K,4] X=223,R=5,C=1,K=22,S=5,Y=222 || L2:[sp=X,28] K=1,Y=1,R=2,C=1,X=1,S=2",-3247.0,-163323000.0,1,K|X,1
C,4,Y,222,S,4,X,223,R,7,K,1,C,1,C,1,X,1,C,1,R,7,S,1,K,1,Y,1,"L1:[sp=C,4] Y=222,S=4,X=223,R=7,K=1,C=1 || L2:[sp=C,1] X=1,C=1,R=7,S=1,K=1,Y=1",-3265.0,-163323000.0,1,C|C,1
K,4,C,3,S,5,X,223,K,27,Y,222,R,6,C,3,K,1,R,3,C,1,Y,1,X,1,S,3,"L1:[sp=K,4] C=3,S=5,X=223,K=27,Y=222,R=6 || L2:[sp=C,3] K=1,R=3,C=1,Y=1,X=1,S=3",-3407.0,-163323000.0,1,K|C,1
K,4,C,3,X,223,K,16,R,6,Y,222,S,3,C,1,Y,1,R,2,C,1,X,1,K,1,S,3,"L1:[sp=K,4] C=3,X=223,K=16,R=6,Y=222,S=3 || L2:[sp=C,1] Y=1,R=2,C=1,X=1,K=1,S=3",-3463.0,-163323000.0,1,K|C,1
C,4,C,1,K,27,X,223,S,4,R,6,Y,222,X,1,S,1,X,1,C,1,Y,1,R,2,K,1,"L1:[sp=C,4] C=1,K=27,X=223,S=4,R=6,Y=222 || L2:[sp=X,1] S=1,X=1,C=1,Y=1,R=2,K=1",-3597.0,-163323000.0,1,C|X,1
K,4,Y,222,R,6,X,223,K,11,C,3,S,6,K,28,Y,53,S,1,R,4,C,1,K,2,X,1,"L1:[sp=K,4] Y=222,R=6,X=223,K=11,C=3,S=6 || L2:[sp=K,28] Y=53,S=1,R=4,C=1,K=2,X=1",-3701.0,-163323000.0,1,K|K,1
C,4,K,1,R,7,S,4,Y,222,C,1,X,223,K,1,Y,1,R,2,X,1,S,4,K,1,C,1,"L1:[sp=C,4] K=1,R=7,S=4,Y=222,C=1,X=223 || L2:[sp=K,1] Y=1,R=2,X=1,S=4,K=1,C=1",-3713.0,-163323000.0,1,C|K,1
C,4,K,1,R,7,C,1,Y,222,X,223,S,4,K,1,Y,1,K,1,X,1,C,1,R,2,S,2,"L1:[sp=C,4] K=1,R=7,C=1,Y=222,X=223,S=4 || L2:[sp=K,1] Y=1,K=1,X=1,C=1,R=2,S=2",-3713.0,-163323000.0,1,C|K,1
C,4,K,1,Y,222,S,7,R,4,X,223,C,2,C,2,Y,1,C,1,R,4,S,1,X,1,K,1,"L1:[sp=C,4] K=1,Y=222,S=7,R=4,X=223,C=2 || L2:[sp=C,2] Y=1,C=1,R=4,S=1,X=1,K=1",-3713.0,-163323000.0,1,C|C,1
K,4,R,7,S,4,Y,222,K,1,C,3,X,223,Y,56,S,4,C,1,R,2,K,1,X,1,Y,1,"L1:[sp=K,4] R=7,S=4,Y=222,K=1,C=3,X=223 || L2:[sp=Y,56] S=4,C=1,R=2,K=1,X=1,Y=1",-3741.0,-163323000.0,1,K|Y,1
C,4,Y,222,S,4,X,223,R,4,K,1,C,1,K,1,X,1,C,1,R,4,S,1,K,1,Y,1,"L1:[sp=C,4] Y=222,S=4,X=223,R=4,K=1,C=1 || L2:[sp=K,1] X=1,C=1,R=4,S=1,K=1,Y=1",-3841.0,-163323000.0,1,C|K,1
K,4,X,223,R,4,C,3,K,23,S,6,Y,222,K,1,K,1,Y,1,R,2,C,1,X,1,S,1,"L1:[sp=K,4] X=223,R=4,C=3,K=23,S=6,Y=222 || L2:[sp=K,1] K=1,Y=1,R=2,C=1,X=1,S=1",-3869.0,-163323000.0,1,K|K,1
K,4,X,223,R,4,C,3,K,23,S,6,Y,222,K,1,K,5,Y,1,R,2,C,1,X,1,S,1,"L1:[sp=K,4] X=223,R=4,C=3,K=23,S=6,Y=222 || L2:[sp=K,1] K=5,Y=1,R=2,C=1,X=1,S=1",-3869.0,-163323000.0,1,K|K,1
K,4,X,223,R,4,C,3,K,23,S,6,Y,222,K,1,K,1,Y,1,R,4,C,1,X,1,S,1,"L1:[sp=K,4] X=223,R=4,C=3,K=23,S=6,Y=222 || L2:[sp=K,1] K=1,Y=1,R=4,C=1,X=1,S=1",-3869.0,-163323000.0,1,K|K,1
C,4,R,6,X,223,C,1,Y,222,K,55,S,5,X,8,R,2,K,8,C,1,Y,1,X,1,S,1,"L1:[sp=C,4] R=6,X=223,C=1,Y=222,K=55,S=5 || L2:[sp=X,8] R=2,K=8,C=1,Y=1,X=1,S=1",-3929.0,-163323000.0,1,C|X,1
K,4,K,19,C,3,R,5,Y,222,X,223,S,5,Y,21,X,1,S,5,C,2,Y,1,K,1,R,3,"L1:[sp=K,4] K=19,C=3,R=5,Y=222,X=223,S=5 || L2:[sp=Y,21] X=1,S=5,C=2,Y=1,K=1,R=3",-3995.0,-163323000.0,1,K|Y,1
K,4,S,5,X,223,R,7,C,1,Y,224,K,2,Y,21,S,4,C,1,Y,1,K,1,X,1,R,4,"L1:[sp=K,4] S=5,X=223,R=7,C=1,Y=224,K=2 || L2:[sp=Y,21] S=4,C=1,Y=1,K=1,X=1,R=4",-4057.0,-163323000.0,1,K|Y,1
C,4,K,46,S,4,Y,222,R,4,X,223,C,2,C,2,Y,1,C,1,R,4,S,4,K,1,X,1,"L1:[sp=C,4] K=46,S=4,Y=222,R=4,X=223,C=2 || L2:[sp=C,2] Y=1,C=1,R=4,S=4,K=1,X=1",-4105.0,-163323000.0,1,C|C,1
C,4,K,56,S,4,Y,222,R,4,X,223,C,2,C,2,Y,1,C,1,R,4,S,4,K,1,X,1,"L1:[sp=C,4] K=56,S=4,Y=222,R=4,X=223,C=2 || L2:[sp=C,2] Y=1,C=1,R=4,S=4,K=1,X=1",-4105.0,-163323000.0,1,C|C,1
C,4,Y,222,S,4,X,223,R,4,K,49,C,1,K,1,X,1,C,1,R,4,S,4,K,1,Y,1,"L1:[sp=C,4] Y=222,S=4,X=223,R=4,K=49,C=1 || L2:[sp=K,1] X=1,C=1,R=4,S=4,K=1,Y=1",-4105.0,-163323000.0,1,C|K,1
K,4,R,4,Y,222,X,223,K,11,C,2,S,3,X,28,Y,1,C,1,R,1,S,3,K,1,X,1,"L1:[sp=K,4] R=4,Y=222,X=223,K=11,C=2,S=3 || L2:[sp=X,28] Y=1,C=1,R=1,S=3,K=1,X=1",-4171.0,-163323000.0,1,K|X,1
K,4,S,6,X,223,R,5,Y,222,C,1,K,25,Y,21,S,2,C,1,K,1,X,1,Y,1,R,2,"L1:[sp=K,4] S=6,X=223,R=5,Y=222,C=1,K=25 || L2:[sp=Y,21] S=2,C=1,K=1,X=1,Y=1,R=2",-4213.0,-163323000.0,1,K|Y,1
K,4,Y,222,R,4,X,223,C,1,S,6,K,1,K,1,Y,28,S,1,C,1,R,4,X,1,K,1,"L1:[sp=K,4] Y=222,R=4,X=223,C=1,S=6,K=1 || L2:[sp=K,1] Y=28,S=1,C=1,R=4,X=1,K=1",-4213.0,-163323000.0,1,K|K,1
K,4,C,3,S,5,X,223,K,27,Y,222,R,6,X,1,K,1,R,2,C,1,Y,1,X,1,S,1,"L1:[sp=K,4] C=3,S=5,X=223,K=27,Y=222,R=6 || L2:[sp=X,1] K=1,R=2,C=1,Y=1,X=1,S=1",-4541.0,-163323000.0,1,K|X,1
K,4,X,223,R,4,C,1,K,27,S,5,Y,222,X,28,K,1,Y,1,R,4,C,1,X,1,S,2,"L1:[sp=K,4] X=223,R=4,C=1,K=27,S=5,Y=222 || L2:[sp=X,28] K=1,Y=1,R=4,C=1,X=1,S=2",-4549.0,-163323000.0,1,K|X,1
C,4,R,4,S,6,Y,222,X,223,K,48,C,1,X,3,C,1,X,1,K,1,S,3,Y,1,R,4,"L1:[sp=C,4] R=4,S=6,Y=222,X=223,K=48,C=1 || L2:[sp=X,3] C=1,X=1,K=1,S=3,Y=1,R=4",-4617.0,-163323000.0,1,C|X,1
K,4,R,7,Y,222,X,223,K,11,S,5,C,2,X,28,Y,1,X,1,R,1,S,5,K,1,C,1,"L1:[sp=K,4] R=7,Y=222,X=223,K=11,S=5,C=2 || L2:[sp=X,28] Y=1,X=1,R=1,S=5,K=1,C=1",-4625.0,-163323000.0,1,K|X,1
K,4,R,7,S,5,X,223,K,11,Y,222,C,2,X,28,Y,1,R,1,X,1,S,5,K,1,C,1,"L1:[sp=K,4] R=7,S=5,X=223,K=11,Y=222,C=2 || L2:[sp=X,28] Y=1,R=1,X=1,S=5,K=1,C=1",-4625.0,-163323000.0,1,K|X,1
K,4,R,5,Y,222,X,223,K,11,S,5,C,2,X,28,Y,1,C,1,R,1,S,5,K,1,X,1,"L1:[sp=K,4] R=5,Y=222,X=223,K=11,S=5,C=2 || L2:[sp=X,28] Y=1,C=1,R=1,S=5,K=1,X=1",-4629.0,-163323000.0,1,K|X,1
K,4,R,5,Y,222,X,223,K,1,S,5,C,3,X,28,Y,1,C,1,R,1,S,5,X,1,K,1,"L1:[sp=K,4] R=5,Y=222,X=223,K=1,S=5,C=3 || L2:[sp=X,28] Y=1,C=1,R=1,S=5,X=1,K=1",-4665.0,-163323000.0,1,K|X,1
K,4,Y,224,R,7,X,223,S,4,K,28,C,3,K,1,Y,1,C,1,R,7,S,2,K,1,X,1,"L1:[sp=K,4] Y=224,R=7,X=223,S=4,K=28,C=3 || L2:[sp=K,1] Y=1,C=1,R=7,S=2,K=1,X=1",-4707.0,-163323000.0,1,K|K,1
K,4,Y,222,S,3,X,223,R,7,K,8,C,1,Y,4,Y,1,C,1,R,4,S,2,K,5,X,1,"L1:[sp=K,4] Y=222,S=3,X=223,R=7,K=8,C=1 || L2:[sp=Y,4] Y=1,C=1,R=4,S=2,K=5,X=1",-4714.0,-163323000.0,1,K|Y,1
K,4,R,4,Y,222,X,223,K,11,C,2,S,6,X,28,Y,1,C,1,R,3,S,1,K,1,X,1,"L1:[sp=K,4] R=4,Y=222,X=223,K=11,C=2,S=6 || L2:[sp=X,28] Y=1,C=1,R=3,S=1,K=1,X=1",-4860.0,-163323000.0,1,K|X,1
K,4,R,5,S,4,Y,222,K,30,X,223,C,1,C,1,Y,1,R,2,C,1,S,4,K,1,X,1,"L1:[sp=K,4] R=5,S=4,Y=222,K=30,X=223,C=1 || L2:[sp=C,1] Y=1,R=2,C=1,S=4,K=1,X=1",-5053.0,-163323000.0,1,K|C,1
K,4,X,223,R,4,C,1,K,27,S,6,Y,222,C,1,K,1,Y,1,R,2,C,1,X,1,S,2,"L1:[sp=K,4] X=223,R=4,C=1,K=27,S=6,Y=222 || L2:[sp=C,1] K=1,Y=1,R=2,C=1,X=1,S=2",-5197.0,-163323000.0,1,K|C,1
K,4,X,223,R,4,S,6,K,27,C,1,Y,222,Y,6,K,1,Y,1,R,4,C,1,X,1,S,2,"L1:[sp=K,4] X=223,R=4,S=6,K=27,C=1,Y=222 || L2:[sp=Y,6] K=1,Y=1,R=4,C=1,X=1,S=2",-5197.0,-163323000.0,1,K|Y,1
K,4,X,223,R,4,C,1,K,27,S,6,Y,222,C,1,K,1,Y,1,R,4,C,1,X,1,S,2,"L1:[sp=K,4] X=223,R=4,C=1,K=27,S=6,Y=222 || L2:[sp=C,1] K=1,Y=1,R=4,C=1,X=1,S=2",-5197.0,-163323000.0,1,K|C,1
K,4,S,3,C,2,R,5,X,223,Y,222,K,27,K,1,S,1,X,1,R,2,K,1,Y,1,C,2,"L1:[sp=K,4] S=3,C=2,R=5,X=223,Y=222,K=27 || L2:[sp=K,1] S=1,X=1,R=2,K=1,Y=1,C=2",-5305.0,-163323000.0,1,K|K,1
K,4,Y,222,S,4,R,7,K,2,X,223,C,1,Y,84,Y,1,C,1,R,7,S,4,K,1,X,1,"L1:[sp=K,4] Y=222,S=4,R=7,K=2,X=223,C=1 || L2:[sp=Y,84] Y=1,C=1,R=7,S=4,K=1,X=1",-5473.0,-163323000.0,1,K|Y,1
K,4,S,5,C,2,X,223,Y,224,R,7,K,14,X,21,X,1,C,2,S,1,K,1,Y,1,R,4,"L1:[sp=K,4] S=5,C=2,X=223,Y=224,R=7,K=14 || L2:[sp=X,21] X=1,C=2,S=1,K=1,Y=1,R=4",-5493.0,-163323000.0,1,K|X,1
K,4,K,19,C,3,R,5,Y,222,X,223,S,6,X,28,X,1,S,5,C,2,Y,1,K,1,R,3,"L1:[sp=K,4] K=19,C=3,R=5,Y=222,X=223,S=6 || L2:[sp=X,28] X=1,S=5,C=2,Y=1,K=1,R=3",-5591.0,-163323000.0,1,K|X,1
K,4,K,1,Y,222,X,223,S,4,R,4,C,1,X,28,Y,1,C,1,R,3,S,4,K,1,X,1,"L1:[sp=K,4] K=1,Y=222,X=223,S=4,R=4,C=1 || L2:[sp=X,28] Y=1,C=1,R=3,S=4,K=1,X=1",-5677.0,-163323000.0,1,K|X,1
K,4,R,4,Y,222,X,223,S,6,K,35,C,2,X,2,Y,1,C,1,R,4,S,1,K,1,X,1,"L1:[sp=K,4] R=4,Y=222,X=223,S=6,K=35,C=2 || L2:[sp=X,2] Y=1,C=1,R=4,S=1,K=1,X=1",-5889.0,-163323000.0,1,K|X,1
K,4,X,223,R,4,C,2,K,10,S,6,Y,222,K,3,K,1,Y,1,R,1,C,1,X,1,S,5,"L1:[sp=K,4] X=223,R=4,C=2,K=10,S=6,Y=222 || L2:[sp=K,3] K=1,Y=1,R=1,C=1,X=1,S=5",-5889.0,-163323000.0,1,K|K,1
K,4,C,3,S,5,X,223,K,27,Y,222,R,6,C,3,K,1,R,2,C,2,Y,1,X,1,S,3,"L1:[sp=K,4] C=3,S=5,X=223,K=27,Y=222,R=6 || L2:[sp=C,3] K=1,R=2,C=2,Y=1,X=1,S=3",-6053.0,-163323000.0,1,K|C,1
K,4,Y,222,R,4,X,223,K,1,S,6,C,2,K,1,Y,1,S,1,R,2,C,1,X,47,K,1,"L1:[sp=K,4] Y=222,R=4,X=223,K=1,S=6,C=2 || L2:[sp=K,1] Y=1,S=1,R=2,C=1,X=47,K=1",-6057.0,-163323000.0,1,K|K,1
X,4,Y,222,R,4,X,223,K,11,C,3,S,6,K,28,Y,1,S,1,R,2,C,1,K,6,X,1,"L1:[sp=X,4] Y=222,R=4,X=223,K=11,C=3,S=6 || L2:[sp=K,28] Y=1,S=1,R=2,C=1,K=6,X=1",-6073.0,-163323000.0,1,X|K,1
K,4,Y,222,S,4,X,223,R,4,K,1,C,3,Y,84,Y,1,R,2,C,1,S,4,K,1,X,1,"L1:[sp=K,4] Y=222,S=4,X=223,R=4,K=1,C=3 || L2:[sp=Y,84] Y=1,R=2,C=1,S=4,K=1,X=1",-6273.0,-163323000.0,1,K|Y,1
K,4,C,2,R,5,S,5,Y,222,K,32,X,223,C,28,Y,1,R,1,X,1,K,1,S,1,C,1,"L1:[sp=K,4] C=2,R=5,S=5,Y=222,K=32,X=223 || L2:[sp=C,28] Y=1,R=1,X=1,K=1,S=1,C=1",-6281.0,-163323000.0,1,K|C,1
C,4,S,5,X,223,K,2,C,2,Y,224,R,7,K,1,S,1,C,2,R,1,K,1,Y,1,X,1,"L1:[sp=C,4] S=5,X=223,K=2,C=2,Y=224,R=7 || L2:[sp=K,1] S=1,C=2,R=1,K=1,Y=1,X=1",-6337.0,-163323000.0,1,C|K,1
C,4,K,2,X,223,S,5,C,1,Y,224,R,7,K,1,S,1,C,1,R,4,K,1,Y,1,X,1,"L1:[sp=C,4] K=2,X=223,S=5,C=1,Y=224,R=7 || L2:[sp=K,1] S=1,C=1,R=4,K=1,Y=1,X=1",-6337.0,-163323000.0,1,C|K,1
C,4,K,2,X,223,S,5,C,1,Y,224,R,7,X,2,S,1,C,1,R,4,K,1,Y,1,X,1,"L1:[sp=C,4] K=2,X=223,S=5,C=1,Y=224,R=7 || L2:[sp=X,2] S=1,C=1,R=4,K=1,Y=1,X=1",-6337.0,-163323000.0,1,C|X,1
C,4,S,5,X,223,K,2,C,2,Y,224,R,6,K,1,S,1,C,2,R,1,K,2,Y,1,X,1,"L1:[sp=C,4] S=5,X=223,K=2,C=2,Y=224,R=6 || L2:[sp=K,1] S=1,C=2,R=1,K=2,Y=1,X=1",-6401.0,-163323000.0,1,C|K,1
C,4,K,1,R,7,C,1,Y,222,X,223,S,4,K,1,Y,1,K,1,X,1,C,1,R,4,S,1,"L1:[sp=C,4] K=1,R=7,C=1,Y=222,X=223,S=4 || L2:[sp=K,1] Y=1,K=1,X=1,C=1,R=4,S=1",-6401.0,-163323000.0,1,C|K,1
C,4,S,3,X,223,K,2,C,2,Y,222,R,5,K,1,S,1,C,2,R,2,K,2,Y,1,X,1,"L1:[sp=C,4] S=3,X=223,K=2,C=2,Y=222,R=5 || L2:[sp=K,1] S=1,C=2,R=2,K=2,Y=1,X=1",-6465.0,-163323000.0,1,C|K,1
K,4,X,223,R,4,C,1,Y,222,S,5,K,27,C,1,K,1,Y,1,R,4,C,1,X,1,S,5,"L1:[sp=K,4] X=223,R=4,C=1,Y=222,S=5,K=27 || L2:[sp=C,1] K=1,Y=1,R=4,C=1,X=1,S=5",-6493.0,-163323000.0,1,K|C,1
K,4,R,7,K,39,S,4,Y,222,X,223,C,3,C,1,K,1,R,2,X,1,S,4,C,1,Y,1,"L1:[sp=K,4] R=7,K=39,S=4,Y=222,X=223,C=3 || L2:[sp=C,1] K=1,R=2,X=1,S=4,C=1,Y=1",-6555.0,-163323000.0,1,K|C,1
K,4,R,5,X,223,K,45,C,3,Y,222,S,5,X,27,Y,1,X,1,C,2,R,2,K,1,S,1,"L1:[sp=K,4] R=5,X=223,K=45,C=3,Y=222,S=5 || L2:[sp=X,27] Y=1,X=1,C=2,R=2,K=1,S=1",-6620.0,-163323000.0,1,K|X,1
K,4,X,223,R,4,C,3,K,23,S,6,Y,222,K,1,K,1,Y,1,R,4,C,1,X,1,S,6,"L1:[sp=K,4] X=223,R=4,C=3,K=23,S=6,Y=222 || L2:[sp=K,1] K=1,Y=1,R=4,C=1,X=1,S=6",-6629.0,-163323000.0,1,K|K,1
K,4,X,223,R,4,Y,222,K,23,S,6,C,3,K,1,K,1,Y,1,R,4,C,1,X,1,S,6,"L1:[sp=K,4] X=223,R=4,Y=222,K=23,S=6,C=3 || L2:[sp=K,1] K=1,Y=1,R=4,C=1,X=1,S=6",-6629.0,-163323000.0,1,K|K,1
K,4,C,2,R,5,S,5,K,34,Y,222,X,223,K,1,Y,1,R,2,X,1,K,1,S,1,C,2,"L1:[sp=K,4] C=2,R=5,S=5,K=34,Y=222,X=223 || L2:[sp=K,1] Y=1,R=2,X=1,K=1,S=1,C=2",-6673.0,-163323000.0,1,K|K,1
K,4,R,4,S,4,K,41,Y,222,X,223,C,1,X,7,S,1,C,1,R,2,K,1,X,1,Y,1,"L1:[sp=K,4] R=4,S=4,K=41,Y=222,X=223,C=1 || L2:[sp=X,7] S=1,C=1,R=2,K=1,X=1,Y=1",-6901.0,-163323000.0,1,K|X,1
X,4,R,4,Y,222,X,223,S,7,K,6,C,3,C,3,Y,1,C,1,R,4,S,4,K,1,X,1,"L1:[sp=X,4] R=4,Y=222,X=223,S=7,K=6,C=3 || L2:[sp=C,3] Y=1,C=1,R=4,S=4,K=1,X=1",-7191.0,-163323000.0,1,X|C,1
X,4,R,4,Y,222,X,223,S,7,K,6,C,3,C,3,Y,1,C,1,R,4,S,4,X,1,K,1,"L1:[sp=X,4] R=4,Y=222,X=223,S=7,K=6,C=3 || L2:[sp=C,3] Y=1,C=1,R=4,S=4,X=1,K=1",-7191.0,-163323000.0,1,X|C,1
C,4,K,4,Y,222,S,7,R,4,X,223,C,2,X,7,Y,1,C,1,R,4,S,1,X,1,K,1,"L1:[sp=C,4] K=4,Y=222,S=7,R=4,X=223,C=2 || L2:[sp=X,7] Y=1,C=1,R=4,S=1,X=1,K=1",-7201.0,-163323000.0,1,C|X,1
C,4,S,7,Y,222,X,223,R,4,K,1,C,2,C,2,Y,1,C,1,R,4,S,4,X,1,K,1,"L1:[sp=C,4] S=7,Y=222,X=223,R=4,K=1,C=2 || L2:[sp=C,2] Y=1,C=1,R=4,S=4,X=1,K=1",-7297.0,-163323000.0,1,C|C,1
C,4,K,1,Y,222,S,7,R,4,X,223,C,2,C,2,Y,1,C,1,R,4,S,4,X,1,K,1,"L1:[sp=C,4] K=1,Y=222,S=7,R=4,X=223,C=2 || L2:[sp=C,2] Y=1,C=1,R=4,S=4,X=1,K=1",-7297.0,-163323000.0,1,C|C,1
K,4,S,3,X,223,R,7,Y,222,C,1,K,25,Y,21,S,2,C,1,X,1,K,1,Y,1,R,4,"L1:[sp=K,4] S=3,X=223,R=7,Y=222,C=1,K=25 || L2:[sp=Y,21] S=2,C=1,X=1,K=1,Y=1,R=4",-7360.0,-163323000.0,1,K|Y,1
C,4,X,223,R,4,S,5,Y,222,K,1,C,2,X,28,R,4,Y,1,X,1,K,1,S,1,C,2,"L1:[sp=C,4] X=223,R=4,S=5,Y=222,K=1,C=2 || L2:[sp=X,28] R=4,Y=1,X=1,K=1,S=1,C=2",-7425.0,-163323000.0,1,C|X,1
C,4,Y,222,X,223,R,4,K,1,S,6,C,2,Y,6,K,1,C,1,S,1,R,4,X,1,Y,1,"L1:[sp=C,4] Y=222,X=223,R=4,K=1,S=6,C=2 || L2:[sp=Y,6] K=1,C=1,S=1,R=4,X=1,Y=1",-7425.0,-163323000.0,1,C|Y,1
K,4,R,6,X,223,Y,222,C,1,S,5,K,45,X,27,X,1,R,2,C,1,Y,1,K,1,S,3,"L1:[sp=K,4] R=6,X=223,Y=222,C=1,S=5,K=45 || L2:[sp=X,27] X=1,R=2,C=1,Y=1,K=1,S=3",-7573.0,-163323000.0,1,K|X,1
C,4,R,4,C,2,Y,222,X,223,K,48,S,6,X,3,C,1,R,4,K,7,S,1,Y,1,X,1,"L1:[sp=C,4] R=4,C=2,Y=222,X=223,K=48,S=6 || L2:[sp=X,3] C=1,R=4,K=7,S=1,Y=1,X=1",-7625.0,-163323000.0,1,C|X,1
Y,4,K,1,Y,222,S,6,R,4,X,223,C,2,C,2,Y,1,C,1,R,4,S,1,X,1,K,1,"L1:[sp=Y,4] K=1,Y=222,S=6,R=4,X=223,C=2 || L2:[sp=C,2] Y=1,C=1,R=4,S=1,X=1,K=1",-7681.0,-163323000.0,1,Y|C,1
Y,4,K,1,Y,222,S,6,R,4,X,223,C,2,C,2,X,1,C,1,R,4,S,1,Y,1,K,1,"L1:[sp=Y,4] K=1,Y=222,S=6,R=4,X=223,C=2 || L2:[sp=C,2] X=1,C=1,R=4,S=1,Y=1,K=1",-7681.0,-163323000.0,1,Y|C,1
K,4,R,6,X,223,K,55,C,2,Y,222,S,5,X,27,K,8,R,2,C,1,Y,1,X,1,S,4,"L1:[sp=K,4] R=6,X=223,K=55,C=2,Y=222,S=5 || L2:[sp=X,27] K=8,R=2,C=1,Y=1,X=1,S=4",-7929.0,-163323000.0,1,K|X,1
K,4,R,6,X,223,K,55,C,1,Y,222,S,5,X,8,K,8,R,2,C,1,Y,1,X,1,S,4,"L1:[sp=K,4] R=6,X=223,K=55,C=1,Y=222,S=5 || L2:[sp=X,8] K=8,R=2,C=1,Y=1,X=1,S=4",-7933.0,-163323000.0,1,K|X,1
K,4,C,3,S,5,K,27,R,4,Y,222,X,223,C,1,K,1,R,1,C,1,Y,1,X,1,S,1,"L1:[sp=K,4] C=3,S=5,K=27,R=4,Y=222,X=223 || L2:[sp=C,1] K=1,R=1,C=1,Y=1,X=1,S=1",-7943.0,-163323000.0,1,K|C,1
K,4,C,3,S,5,K,27,R,4,Y,222,X,223,C,1,K,25,R,1,C,1,Y,1,X,1,S,1,"L1:[sp=K,4] C=3,S=5,K=27,R=4,Y=222,X=223 || L2:[sp=C,1] K=25,R=1,C=1,Y=1,X=1,S=1",-7943.0,-163323000.0,1,K|C,1
K,4,K,31,S,4,Y,222,R,4,X,223,C,2,C,1,Y,1,C,2,R,4,S,4,K,1,X,1,"L1:[sp=K,4] K=31,S=4,Y=222,R=4,X=223,C=2 || L2:[sp=C,1] Y=1,C=2,R=4,S=4,K=1,X=1",-7945.0,-163323000.0,1,K|C,1
K,4,X,223,R,5,C,1,K,27,S,6,Y,222,C,3,K,1,Y,1,R,1,C,1,X,1,S,1,"L1:[sp=K,4] X=223,R=5,C=1,K=27,S=6,Y=222 || L2:[sp=C,3] K=1,Y=1,R=1,C=1,X=1,S=1",-7951.0,-163323000.0,1,K|C,1
K,4,R,4,X,223,K,27,C,1,Y,222,S,5,X,27,K,1,R,1,C,1,Y,1,X,1,S,1,"L1:[sp=K,4] R=4,X=223,K=27,C=1,Y=222,S=5 || L2:[sp=X,27] K=1,R=1,C=1,Y=1,X=1,S=1",-7951.0,-163323000.0,1,K|X,1
K,4,Y,222,S,4,X,223,R,4,K,42,C,1,K,1,Y,1,C,1,R,4,S,4,K,1,X,1,"L1:[sp=K,4] Y=222,S=4,X=223,R=4,K=42,C=1 || L2:[sp=K,1] Y=1,C=1,R=4,S=4,K=1,X=1",-8077.0,-163323000.0,1,K|K,1
K,4,R,5,X,223,K,55,C,2,Y,222,S,5,X,27,K,8,S,1,C,1,Y,1,X,1,R,2,"L1:[sp=K,4] R=5,X=223,K=55,C=2,Y=222,S=5 || L2:[sp=X,27] K=8,S=1,C=1,Y=1,X=1,R=2",-8094.0,-163323000.0,1,K|X,1
K,4,R,5,X,223,K,55,C,1,Y,222,S,5,X,27,K,8,R,2,C,1,Y,1,X,1,S,1,"L1:[sp=K,4] R=5,X=223,K=55,C=1,Y=222,S=5 || L2:[sp=X,27] K=8,R=2,C=1,Y=1,X=1,S=1",-8098.0,-163323000.0,1,K|X,1
K,4,R,5,X,223,K,55,C,1,Y,222,S,6,X,27,K,8,R,2,C,1,Y,1,X,1,S,1,"L1:[sp=K,4] R=5,X=223,K=55,C=1,Y=222,S=6 || L2:[sp=X,27] K=8,R=2,C=1,Y=1,X=1,S=1",-8098.0,-163323000.0,1,K|X,1
C,4,S,3,X,223,K,2,C,1,Y,224,R,7,K,1,S,3,C,1,R,4,K,1,Y,1,X,1,"L1:[sp=C,4] S=3,X=223,K=2,C=1,Y=224,R=7 || L2:[sp=K,1] S=3,C=1,R=4,K=1,Y=1,X=1",-8161.0,-163323000.0,1,C|K,1
C,4,R,4,S,4,Y,222,X,223,K,48,C,2,X,3,X,1,C,1,K,1,S,4,Y,1,R,4,"L1:[sp=C,4] R=4,S=4,Y=222,X=223,K=48,C=2 || L2:[sp=X,3] X=1,C=1,K=1,S=4,Y=1,R=4",-8201.0,-163323000.0,1,C|X,1
C,4,R,4,S,4,Y,222,X,223,K,48,C,2,X,3,C,1,X,1,K,1,S,4,Y,1,R,4,"L1:[sp=C,4] R=4,S=4,Y=222,X=223,K=48,C=2 || L2:[sp=X,3] C=1,X=1,K=1,S=4,Y=1,R=4",-8201.0,-163323000.0,1,C|X,1
K,4,X,223,R,4,C,1,K,25,S,5,Y,222,C,1,K,1,Y,1,R,4,C,1,X,1,S,3,"L1:[sp=K,4] X=223,R=4,C=1,K=25,S=5,Y=222 || L2:[sp=C,1] K=1,Y=1,R=4,C=1,X=1,S=3",-8413.0,-163323000.0,1,K|C,1
C,4,R,4,Y,222,X,223,S,4,K,1,C,2,K,1,Y,1,C,1,R,2,S,4,K,1,X,1,"L1:[sp=C,4] R=4,Y=222,X=223,S=4,K=1,C=2 || L2:[sp=K,1] Y=1,C=1,R=2,S=4,K=1,X=1",-8449.0,-163323000.0,1,C|K,1
C,4,R,4,S,4,Y,222,X,223,K,48,C,2,Y,7,C,1,X,1,K,3,S,4,Y,1,R,4,"L1:[sp=C,4] R=4,S=4,Y=222,X=223,K=48,C=2 || L2:[sp=Y,7] C=1,X=1,K=3,S=4,Y=1,R=4",-8457.0,-163323000.0,1,C|Y,1
K,4,S,3,X,223,R,5,C,2,Y,222,K,44,K,1,S,1,R,2,X,1,K,1,Y,1,C,2,"L1:[sp=K,4] S=3,X=223,R=5,C=2,Y=222,K=44 || L2:[sp=K,1] S=1,R=2,X=1,K=1,Y=1,C=2",-8637.0,-163323000.0,1,K|K,1
K,4,R,7,S,4,Y,222,K,53,X,223,C,1,C,1,Y,1,C,1,R,2,S,4,K,1,X,1,"L1:[sp=K,4] R=7,S=4,Y=222,K=53,X=223,C=1 || L2:[sp=C,1] Y=1,C=1,R=2,S=4,K=1,X=1",-8911.0,-163323000.0,1,K|C,1
K,4,C,2,R,5,S,5,Y,222,K,32,X,223,C,28,Y,1,R,5,X,1,K,1,S,1,C,2,"L1:[sp=K,4] C=2,R=5,S=5,Y=222,K=32,X=223 || L2:[sp=C,28] Y=1,R=5,X=1,K=1,S=1,C=2",-8969.0,-163323000.0,1,K|C,1
K,4,X,223,R,6,C,2,K,27,S,5,Y,222,K,3,K,1,Y,1,R,4,C,1,X,1,S,3,"L1:[sp=K,4] X=223,R=6,C=2,K=27,S=5,Y=222 || L2:[sp=K,3] K=1,Y=1,R=4,C=1,X=1,S=3",-9081.0,-163323000.0,1,K|K,1
K,4,X,223,R,4,C,1,K,27,S,5,Y,222,C,1,K,1,Y,1,R,4,C,1,X,1,S,3,"L1:[sp=K,4] X=223,R=4,C=1,K=27,S=5,Y=222 || L2:[sp=C,1] K=1,Y=1,R=4,C=1,X=1,S=3",-9085.0,-163323000.0,1,K|C,1
K,4,X,223,R,4,C,1,K,27,S,5,Y,222,C,1,K,1,Y,1,R,2,C,1,X,1,S,3,"L1:[sp=K,4] X=223,R=4,C=1,K=27,S=5,Y=222 || L2:[sp=C,1] K=1,Y=1,R=2,C=1,X=1,S=3",-9085.0,-163323000.0,1,K|C,1
C,4,R,5,Y,222,X,223,K,1,S,5,C,2,K,1,Y,1,C,1,R,2,S,5,X,1,K,1,"L1:[sp=C,4] R=5,Y=222,X=223,K=1,S=5,C=2 || L2:[sp=K,1] Y=1,C=1,R=2,S=5,X=1,K=1",-9217.0,-163323000.0,1,C|K,1
C,4,R,4,S,6,Y,222,X,223,K,48,C,2,X,3,C,1,X,1,K,1,S,3,Y,1,R,4,"L1:[sp=C,4] R=4,S=6,Y=222,X=223,K=48,C=2 || L2:[sp=X,3] C=1,X=1,K=1,S=3,Y=1,R=4",-9225.0,-163323000.0,1,C|X,1
C,4,R,4,S,3,Y,222,X,223,K,45,C,2,X,3,X,1,C,1,K,1,S,3,Y,1,R,4,"L1:[sp=C,4] R=4,S=3,Y=222,X=223,K=45,C=2 || L2:[sp=X,3] X=1,C=1,K=1,S=3,Y=1,R=4",-9229.0,-163323000.0,1,C|X,1
Y,4,K,27,Y,222,S,3,R,4,X,223,C,2,C,2,Y,1,C,1,R,2,S,3,X,1,K,1,"L1:[sp=Y,4] K=27,Y=222,S=3,R=4,X=223,C=2 || L2:[sp=C,2] Y=1,C=1,R=2,S=3,X=1,K=1",-9253.0,-163323000.0,1,Y|C,1
K,4,R,6,X,223,K,55,C,1,Y,222,S,5,X,27,K,8,R,2,C,1,Y,1,X,1,S,1,"L1:[sp=K,4] R=6,X=223,K=55,C=1,Y=222,S=5 || L2:[sp=X,27] K=8,R=2,C=1,Y=1,X=1,S=1",-9253.0,-163323000.0,1,K|X,1
K,4,R,5,X,223,S,7,K,48,Y,222,C,2,K,1,Y,1,R,2,X,1,K,1,S,1,C,2,"L1:[sp=K,4] R=5,X=223,S=7,K=48,Y=222,C=2 || L2:[sp=K,1] Y=1,R=2,X=1,K=1,S=1,C=2",-9413.0,-163323000.0,1,K|K,1
X,4,K,41,S,5,R,7,Y,222,X,223,C,1,X,3,Y,1,R,2,X,1,K,1,S,1,C,1,"L1:[sp=X,4] K=41,S=5,R=7,Y=222,X=223,C=1 || L2:[sp=X,3] Y=1,R=2,X=1,K=1,S=1,C=1",-9421.0,-163323000.0,1,X|X,1
C,4,X,223,Y,222,C,1,R,4,S,5,K,27,K,1,K,1,S,1,C,1,Y,1,X,1,R,3,"L1:[sp=C,4] X=223,Y=222,C=1,R=4,S=5,K=27 || L2:[sp=K,1] K=1,S=1,C=1,Y=1,X=1,R=3",-9421.0,-163323000.0,1,C|K,1
C,4,C,1,Y,222,X,223,R,4,S,5,K,27,K,1,K,1,R,3,C,1,Y,1,X,1,S,1,"L1:[sp=C,4] C=1,Y=222,X=223,R=4,S=5,K=27 || L2:[sp=K,1] K=1,R=3,C=1,Y=1,X=1,S=1",-9421.0,-163323000.0,1,C|K,1
Y,4,R,7,Y,222,X,223,S,4,K,31,C,1,Y,24,Y,1,C,1,R,2,S,1,K,1,X,1,"L1:[sp=Y,4] R=7,Y=222,X=223,S=4,K=31,C=1 || L2:[sp=Y,24] Y=1,C=1,R=2,S=1,K=1,X=1",-9427.0,-163323000.0,1,Y|Y,1
C,4,R,4,C,2,Y,222,X,223,K,5,S,3,X,3,C,1,R,4,K,5,S,3,Y,1,X,1,"L1:[sp=C,4] R=4,C=2,Y=222,X=223,K=5,S=3 || L2:[sp=X,3] C=1,R=4,K=5,S=3,Y=1,X=1",-9439.0,-163323000.0,1,C|X,1
C,4,R,4,C,2,Y,222,X,223,K,48,S,3,X,3,X,1,C,1,K,3,S,3,Y,1,R,4,"L1:[sp=C,4] R=4,C=2,Y=222,X=223,K=48,S=3 || L2:[sp=X,3] X=1,C=1,K=3,S=3,Y=1,R=4",-9517.0,-163323000.0,1,C|X,1
Y,4,X,223,R,7,S,5,K,1,Y,222,C,3,C,1,Y,1,R,2,X,1,S,1,K,1,C,2,"L1:[sp=Y,4] X=223,R=7,S=5,K=1,Y=222,C=3 || L2:[sp=C,1] Y=1,R=2,X=1,S=1,K=1,C=2",-9537.0,-163323000.0,1,Y|C,1
Y,4,S,5,C,1,R,7,X,223,Y,224,K,2,K,21,Y,1,C,1,X,1,R,4,K,1,S,1,"L1:[sp=Y,4] S=5,C=1,R=7,X=223,Y=224,K=2 || L2:[sp=K,21] Y=1,C=1,X=1,R=4,K=1,S=1",-9601.0,-163323000.0,1,Y|K,1
Y,4,X,223,R,5,S,7,C,1,Y,222,K,2,K,14,Y,1,R,2,X,1,K,1,S,4,C,1,"L1:[sp=Y,4] X=223,R=5,S=7,C=1,Y=222,K=2 || L2:[sp=K,14] Y=1,R=2,X=1,K=1,S=4,C=1",-9601.0,-163323000.0,1,Y|K,1
C,4,K,1,R,7,S,3,Y,222,X,223,C,3,K,1,Y,1,R,2,X,1,S,1,K,1,C,2,"L1:[sp=C,4] K=1,R=7,S=3,Y=222,X=223,C=3 || L2:[sp=K,1] Y=1,R=2,X=1,S=1,K=1,C=2",-9601.0,-163323000.0,1,C|K,1
C,4,R,4,Y,222,X,223,K,1,S,3,C,2,K,1,Y,1,C,1,R,4,S,3,X,1,K,1,"L1:[sp=C,4] R=4,Y=222,X=223,K=1,S=3,C=2 || L2:[sp=K,1] Y=1,C=1,R=4,S=3,X=1,K=1",-9601.0,-163323000.0,1,C|K,1
C,4,Y,222,R,4,X,223,K,1,S,3,C,2,K,1,Y,1,C,1,R,4,S,3,X,1,K,1,"L1:[sp=C,4] Y=222,R=4,X=223,K=1,S=3,C=2 || L2:[sp=K,1] Y=1,C=1,R=4,S=3,X=1,K=1",-9601.0,-163323000.0,1,C|K,1
K,4,R,4,S,4,X,223,Y,222,K,50,C,1,K,1,Y,1,C,1,K,1,S,4,R,4,X,1,"L1:[sp=K,4] R=4,S=4,X=223,Y=222,K=50,C=1 || L2:[sp=K,1] Y=1,C=1,K=1,S=4,R=4,X=1",-9613.0,-163323000.0,1,K|K,1
K,4,R,6,X,223,K,45,C,1,Y,222,S,3,C,1,Y,1,R,2,C,1,X,1,K,1,S,3,"L1:[sp=K,4] R=6,X=223,K=45,C=1,Y=222,S=3 || L2:[sp=C,1] Y=1,R=2,C=1,X=1,K=1,S=3",-9739.0,-163323000.0,1,K|C,1
X,4,K,1,R,7,S,5,Y,222,X,223,C,1,C,1,Y,1,R,7,X,1,S,1,K,1,C,1,"L1:[sp=X,4] K=1,R=7,S=5,Y=222,X=223,C=1 || L2:[sp=C,1] Y=1,R=7,X=1,S=1,K=1,C=1",-9793.0,-163323000.0,1,X|C,1
K,4,S,3,X,223,K,25,C,2,Y,222,R,5,K,1,S,2,C,2,R,2,X,1,Y,1,K,2,"L1:[sp=K,4] S=3,X=223,K=25,C=2,Y=222,R=5 || L2:[sp=K,1] S=2,C=2,R=2,X=1,Y=1,K=2",-9813.0,-163323000.0,1,K|K,1
X,4,S,4,Y,222,X,223,R,5,K,1,C,2,K,1,Y,1,C,1,K,1,S,1,R,2,X,1,"L1:[sp=X,4] S=4,Y=222,X=223,R=5,K=1,C=2 || L2:[sp=K,1] Y=1,C=1,K=1,S=1,R=2,X=1",-9921.0,-163323000.0,1,X|K,1
K,4,Y,222,R,4,X,223,K,13,S,5,C,2,Y,2,Y,1,S,4,R,2,C,2,X,1,K,1,"L1:[sp=K,4] Y=222,R=4,X=223,K=13,S=5,C=2 || L2:[sp=Y,2] Y=1,S=4,R=2,C=2,X=1,K=1",-9993.0,-163323000.0,1,K|Y,1
K,4,X,223,R,5,C,3,K,34,S,6,Y,222,C,1,K,5,Y,1,R,1,C,1,X,1,S,1,"L1:[sp=K,4] X=223,R=5,C=3,K=34,S=6,Y=222 || L2:[sp=C,1] K=5,Y=1,R=1,C=1,X=1,S=1",-10001.0,-163323000.0,1,K|C,1
K,4,K,53,S,4,Y,222,R,4,X,223,C,2,C,1,Y,1,C,1,R,4,S,4,K,1,X,1,"L1:[sp=K,4] K=53,S=4,Y=222,R=4,X=223,C=2 || L2:[sp=C,1] Y=1,C=1,R=4,S=4,K=1,X=1",-10185.0,-163323000.0,1,K|C,1
K,4,C,3,S,3,K,27,R,5,Y,222,X,223,C,1,K,1,R,1,C,1,Y,1,X,1,S,3,"L1:[sp=K,4] C=3,S=3,K=27,R=5,Y=222,X=223 || L2:[sp=C,1] K=1,R=1,C=1,Y=1,X=1,S=3",-10213.0,-163323000.0,1,K|C,1
K,4,R,7,S,4,Y,222,K,61,X,223,C,1,X,7,S,4,C,1,R,2,K,1,X,1,Y,1,"L1:[sp=K,4] R=7,S=4,Y=222,K=61,X=223,C=1 || L2:[sp=X,7] S=4,C=1,R=2,K=1,X=1,Y=1",-10255.0,-163323000.0,1,K|X,1
Y,4,R,5,X,223,C,1,S,6,K,55,Y,222,X,2,S,1,K,8,C,1,Y,1,X,1,R,2,"L1:[sp=Y,4] R=5,X=223,C=1,S=6,K=55,Y=222 || L2:[sp=X,2] S=1,K=8,C=1,Y=1,X=1,R=2",-10315.0,-163323000.0,1,Y|X,1
K,4,R,7,X,223,S,7,C,3,Y,222,K,2,K,14,Y,1,R,5,X,1,K,2,S,3,C,2,"L1:[sp=K,4] R=7,X=223,S=7,C=3,Y=222,K=2 || L2:[sp=K,14] Y=1,R=5,X=1,K=2,S=3,C=2",-10588.0,-163323000.0,1,K|K,1
C,4,S,5,C,3,X,223,K,27,Y,222,R,6,C,1,K,18,R,2,C,1,Y,1,X,1,S,1,"L1:[sp=C,4] S=5,C=3,X=223,K=27,Y=222,R=6 || L2:[sp=C,1] K=18,R=2,C=1,Y=1,X=1,S=1",-10597.0,-163323000.0,1,C|C,1
C,4,S,5,C,3,X,223,K,27,Y,222,R,6,Y,14,K,18,Y,1,C,1,R,2,X,1,S,1,"L1:[sp=C,4] S=5,C=3,X=223,K=27,Y=222,R=6 || L2:[sp=Y,14] K=18,Y=1,C=1,R=2,X=1,S=1",-10597.0,-163323000.0,1,C|Y,1
C,4,R,7,X,223,S,4,Y,222,K,50,C,3,K,1,Y,1,R,2,X,1,S,4,K,1,C,3,"L1:[sp=C,4] R=7,X=223,S=4,Y=222,K=50,C=3 || L2:[sp=K,1] Y=1,R=2,X=1,S=4,K=1,C=3",-10757.0,-163323000.0,1,C|K,1
Y,4,C,3,S,4,X,223,K,27,Y,222,R,7,X,1,K,5,R,2,C,1,X,1,Y,1,S,2,"L1:[sp=Y,4] C=3,S=4,X=223,K=27,Y=222,R=7 || L2:[sp=X,1] K=5,R=2,C=1,X=1,Y=1,S=2",-10759.0,-163323000.0,1,Y|X,1
C,4,C,3,S,4,R,7,K,27,Y,222,X,223,C,3,K,1,R,3,C,1,Y,1,X,1,S,2,"L1:[sp=C,4] C=3,S=4,R=7,K=27,Y=222,X=223 || L2:[sp=C,3] K=1,R=3,C=1,Y=1,X=1,S=2",-10759.0,-163323000.0,1,C|C,1
C,4,K,46,S,4,Y,222,R,4,X,223,C,2,C,2,Y,1,C,1,R,4,S,3,K,1,X,1,"L1:[sp=C,4] K=46,S=4,Y=222,R=4,X=223,C=2 || L2:[sp=C,2] Y=1,C=1,R=4,S=3,K=1,X=1",-10761.0,-163323000.0,1,C|C,1
C,4,Y,222,S,6,X,223,K,30,R,4,C,3,C,1,Y,1,S,1,R,2,C,1,X,1,K,1,"L1:[sp=C,4] Y=222,S=6,X=223,K=30,R=4,C=3 || L2:[sp=C,1] Y=1,S=1,R=2,C=1,X=1,K=1",-10765.0,-163323000.0,1,C|C,1
C,4,C,3,S,5,K,27,R,4,Y,222,X,223,C,1,K,1,R,2,C,1,Y,1,X,1,S,1,"L1:[sp=C,4] C=3,S=5,K=27,R=4,Y=222,X=223 || L2:[sp=C,1] K=1,R=2,C=1,Y=1,X=1,S=1",-10765.0,-163323000.0,1,C|C,1
C,4,C,3,S,5,X,223,K,27,Y,222,R,6,X,1,K,1,R,2,C,1,Y,1,X,1,S,1,"L1:[sp=C,4] C=3,S=5,X=223,K=27,Y=222,R=6 || L2:[sp=X,1] K=1,R=2,C=1,Y=1,X=1,S=1",-10765.0,-163323000.0,1,C|X,1
C,4,C,3,S,5,X,223,K,27,Y,222,R,6,C,1,K,1,R,2,C,1,Y,1,X,1,S,1,"L1:[sp=C,4] C=3,S=5,X=223,K=27,Y=222,R=6 || L2:[sp=C,1] K=1,R=2,C=1,Y=1,X=1,S=1",-10765.0,-163323000.0,1,C|C,1
C,4,C,3,S,5,X,223,K,27,Y,222,R,6,X,1,K,5,R,2,C,1,X,1,Y,1,S,1,"L1:[sp=C,4] C=3,S=5,X=223,K=27,Y=222,R=6 || L2:[sp=X,1] K=5,R=2,C=1,X=1,Y=1,S=1",-10765.0,-163323000.0,1,C|X,1
X,4,C,3,S,5,X,223,K,27,Y,222,R,6,C,1,K,1,R,2,C,1,Y,1,X,1,S,1,"L1:[sp=X,4] C=3,S=5,X=223,K=27,Y=222,R=6 || L2:[sp=C,1] K=1,R=2,C=1,Y=1,X=1,S=1",-10765.0,-163323000.0,1,X|C,1
X,4,C,3,S,5,X,223,K,27,Y,222,R,6,C,1,K,1,R,2,X,1,Y,1,C,1,S,1,"L1:[sp=X,4] C=3,S=5,X=223,K=27,Y=222,R=6 || L2:[sp=C,1] K=1,R=2,X=1,Y=1,C=1,S=1",-10765.0,-163323000.0,1,X|C,1
C,4,K,1,R,7,S,4,C,3,X,223,Y,222,K,1,Y,1,C,2,R,2,S,2,K,1,X,1,"L1:[sp=C,4] K=1,R=7,S=4,C=3,X=223,Y=222 || L2:[sp=K,1] Y=1,C=2,R=2,S=2,K=1,X=1",-10881.0,-163323000.0,1,C|K,1
C,4,C,3,X,223,S,4,Y,222,R,7,K,1,C,1,Y,1,R,2,X,1,S,2,K,1,C,2,"L1:[sp=C,4] C=3,X=223,S=4,Y=222,R=7,K=1 || L2:[sp=C,1] Y=1,R=2,X=1,S=2,K=1,C=2",-10881.0,-163323000.0,1,C|C,1
X,4,R,7,Y,222,X,223,S,4,K,1,C,3,K,1,Y,1,C,1,R,7,S,4,K,1,X,1,"L1:[sp=X,4] R=7,Y=222,X=223,S=4,K=1,C=3 || L2:[sp=K,1] Y=1,C=1,R=7,S=4,K=1,X=1",-10881.0,-163323000.0,1,X|K,1
C,4,K,1,R,5,S,5,Y,222,X,223,C,1,X,6,X,1,C,1,K,1,S,1,Y,1,R,4,"L1:[sp=C,4] K=1,R=5,S=5,Y=222,X=223,C=1 || L2:[sp=X,6] X=1,C=1,K=1,S=1,Y=1,R=4",-11009.0,-163323000.0,1,C|X,1
Y,4,R,4,S,4,K,1,Y,222,X,223,C,3,X,7,S,3,C,1,R,4,K,1,X,1,Y,1,"L1:[sp=Y,4] R=4,S=4,K=1,Y=222,X=223,C=3 || L2:[sp=X,7] S=3,C=1,R=4,K=1,X=1,Y=1",-11009.0,-163323000.0,1,Y|X,1
C,4,S,5,Y,222,K,1,X,223,R,4,C,3,Y,2,Y,1,X,1,R,4,C,2,S,1,K,1,"L1:[sp=C,4] S=5,Y=222,K=1,X=223,R=4,C=3 || L2:[sp=Y,2] Y=1,X=1,R=4,C=2,S=1,K=1",-11009.0,-163323000.0,1,C|Y,1
Y,4,R,7,S,4,Y,222,K,1,X,223,C,1,X,7,S,4,C,1,Y,1,K,1,X,1,R,7,"L1:[sp=Y,4] R=7,S=4,Y=222,K=1,X=223,C=1 || L2:[sp=X,7] S=4,C=1,Y=1,K=1,X=1,R=7",-11137.0,-163323000.0,1,Y|X,1
Y,4,R,4,Y,222,X,223,K,1,S,3,C,3,X,28,Y,1,C,1,R,4,S,2,X,1,K,1,"L1:[sp=Y,4] R=4,Y=222,X=223,K=1,S=3,C=3 || L2:[sp=X,28] Y=1,C=1,R=4,S=2,X=1,K=1",-11137.0,-163323000.0,1,Y|X,1
K,4,X,223,R,5,C,1,K,27,S,5,Y,222,K,27,K,1,Y,62,R,2,C,1,X,1,S,2,"L1:[sp=K,4] X=223,R=5,C=1,K=27,S=5,Y=222 || L2:[sp=K,27] K=1,Y=62,R=2,C=1,X=1,S=2",-11185.0,-163324000.0,1,K|K,1
X,4,R,5,S,4,Y,222,X,223,K,1,C,2,K,1,S,2,C,1,Y,1,X,1,K,1,R,2,"L1:[sp=X,4] R=5,S=4,Y=222,X=223,K=1,C=2 || L2:[sp=K,1] S=2,C=1,Y=1,X=1,K=1,R=2",-11265.0,-163323000.0,1,X|K,1
C,4,R,4,C,2,Y,222,X,223,K,48,S,5,X,3,C,1,R,1,K,7,S,4,Y,1,X,1,"L1:[sp=C,4] R=4,C=2,Y=222,X=223,K=48,S=5 || L2:[sp=X,3] C=1,R=1,K=7,S=4,Y=1,X=1",-11433.0,-163323000.0,1,C|X,1
X,4,Y,222,S,4,X,223,R,4,K,1,C,1,K,1,S,1,C,1,R,4,Y,1,K,1,X,1,"L1:[sp=X,4] Y=222,S=4,X=223,R=4,K=1,C=1 || L2:[sp=K,1] S=1,C=1,R=4,Y=1,K=1,X=1",-11521.0,-163323000.0,1,X|K,1
K,4,C,3,R,4,K,60,S,4,X,223,Y,222,C,1,Y,1,C,2,X,1,S,4,R,2,K,1,"L1:[sp=K,4] C=3,R=4,K=60,S=4,X=223,Y=222 || L2:[sp=C,1] Y=1,C=2,X=1,S=4,R=2,K=1",-11525.0,-163323000.0,1,K|C,1
X,4,R,6,X,223,K,55,C,1,Y,222,S,7,X,8,K,8,R,2,C,1,Y,1,X,1,S,1,"L1:[sp=X,4] R=6,X=223,K=55,C=1,Y=222,S=7 || L2:[sp=X,8] K=8,R=2,C=1,Y=1,X=1,S=1",-11773.0,-163323000.0,1,X|X,1
Y,4,R,6,X,223,K,55,C,3,Y,222,S,3,X,7,K,8,S,1,C,1,Y,1,X,1,R,2,"L1:[sp=Y,4] R=6,X=223,K=55,C=3,Y=222,S=3 || L2:[sp=X,7] K=8,S=1,C=1,Y=1,X=1,R=2",-11773.0,-163323000.0,1,Y|X,1
X,4,R,6,X,223,S,7,C,1,Y,222,K,55,X,8,K,8,R,2,C,1,Y,1,X,1,S,1,"L1:[sp=X,4] R=6,X=223,S=7,C=1,Y=222,K=55 || L2:[sp=X,8] K=8,R=2,C=1,Y=1,X=1,S=1",-11773.0,-163323000.0,1,X|X,1
X,4,R,6,X,223,Y,222,C,1,K,55,S,7,X,8,K,8,R,2,C,1,Y,1,X,1,S,4,"L1:[sp=X,4] R=6,X=223,Y=222,C=1,K=55,S=7 || L2:[sp=X,8] K=8,R=2,C=1,Y=1,X=1,S=4",-11773.0,-163323000.0,1,X|X,1
C,4,X,223,R,5,S,6,K,1,Y,222,C,2,X,28,Y,1,R,5,X,1,K,1,S,3,C,2,"L1:[sp=C,4] X=223,R=5,S=6,K=1,Y=222,C=2 || L2:[sp=X,28] Y=1,R=5,X=1,K=1,S=3,C=2",-11777.0,-163323000.0,1,C|X,1
X,4,Y,222,R,5,S,5,K,14,X,223,C,1,K,14,S,1,R,1,X,1,K,8,Y,1,C,1,"L1:[sp=X,4] Y=222,R=5,S=5,K=14,X=223,C=1 || L2:[sp=K,14] S=1,R=1,X=1,K=8,Y=1,C=1",-11821.0,-163323000.0,1,X|K,1
K,4,Y,222,S,4,X,223,R,4,K,1,C,3,C,3,Y,114,C,1,R,4,S,1,K,1,X,1,"L1:[sp=K,4] Y=222,S=4,X=223,R=4,K=1,C=3 || L2:[sp=C,3] Y=114,C=1,R=4,S=1,K=1,X=1",-11993.0,-163323000.0,1,K|C,1
K,4,X,223,R,6,C,2,K,27,S,5,Y,222,K,3,K,1,Y,1,R,4,C,2,X,1,S,3,"L1:[sp=K,4] X=223,R=6,C=2,K=27,S=5,Y=222 || L2:[sp=K,3] K=1,Y=1,R=4,C=2,X=1,S=3",-12105.0,-163323000.0,1,K|K,1
K,4,X,223,R,6,C,2,K,27,S,6,Y,222,K,3,K,1,Y,1,R,1,C,2,X,1,S,4,"L1:[sp=K,4] X=223,R=6,C=2,K=27,S=6,Y=222 || L2:[sp=K,3] K=1,Y=1,R=1,C=2,X=1,S=4",-12105.0,-163323000.0,1,K|K,1
C,4,S,6,Y,222,K,64,X,223,R,4,C,3,Y,2,Y,1,X,1,R,4,C,2,S,2,K,1,"L1:[sp=C,4] S=6,Y=222,K=64,X=223,R=4,C=3 || L2:[sp=Y,2] Y=1,X=1,R=4,C=2,S=2,K=1",-12293.0,-163323000.0,1,C|Y,1
C,4,S,6,Y,222,K,64,X,223,R,4,C,3,Y,24,Y,1,X,1,R,4,C,2,S,2,K,1,"L1:[sp=C,4] S=6,Y=222,K=64,X=223,R=4,C=3 || L2:[sp=Y,24] Y=1,X=1,R=4,C=2,S=2,K=1",-12293.0,-163323000.0,1,C|Y,1
K,4,X,223,R,4,C,1,K,64,S,6,Y,222,C,1,K,1,Y,1,R,4,C,1,X,1,S,2,"L1:[sp=K,4] X=223,R=4,C=1,K=64,S=6,Y=222 || L2:[sp=C,1] K=1,Y=1,R=4,C=1,X=1,S=2",-12301.0,-163323000.0,1,K|C,1
Y,4,R,4,S,4,Y,222,X,223,K,39,C,2,K,1,S,4,C,1,K,1,X,1,Y,1,R,2,"L1:[sp=Y,4] R=4,S=4,Y=222,X=223,K=39,C=2 || L2:[sp=K,1] S=4,C=1,K=1,X=1,Y=1,R=2",-12305.0,-163323000.0,1,Y|K,1
Y,4,R,4,S,4,Y,222,X,223,K,39,C,2,X,3,S,4,C,1,K,1,X,1,Y,1,R,4,"L1:[sp=Y,4] R=4,S=4,Y=222,X=223,K=39,C=2 || L2:[sp=X,3] S=4,C=1,K=1,X=1,Y=1,R=4",-12305.0,-163323000.0,1,Y|X,1
Y,4,R,4,S,4,Y,222,X,223,K,39,C,2,X,3,S,4,C,1,K,1,X,1,Y,1,R,2,"L1:[sp=Y,4] R=4,S=4,Y=222,X=223,K=39,C=2 || L2:[sp=X,3] S=4,C=1,K=1,X=1,Y=1,R=2",-12305.0,-163323000.0,1,Y|X,1
X,4,R,4,S,4,Y,222,X,223,K,48,C,2,X,3,C,1,X,1,K,1,S,4,Y,1,R,4,"L1:[sp=X,4] R=4,S=4,Y=222,X=223,K=48,C=2 || L2:[sp=X,3] C=1,X=1,K=1,S=4,Y=1,R=4",-12305.0,-163323000.0,1,X|X,1
Y,4,R,4,S,4,Y,222,K,31,X,223,C,2,C,1,Y,1,C,1,R,2,S,4,K,1,X,1,"L1:[sp=Y,4] R=4,S=4,Y=222,K=31,X=223,C=2 || L2:[sp=C,1] Y=1,C=1,R=2,S=4,K=1,X=1",-12313.0,-163323000.0,1,Y|C,1
X,4,R,4,Y,222,X,223,S,4,K,6,C,3,K,1,Y,1,C,1,R,4,S,4,K,1,X,1,"L1:[sp=X,4] R=4,Y=222,X=223,S=4,K=6,C=3 || L2:[sp=K,1] Y=1,C=1,R=4,S=4,K=1,X=1",-12333.0,-163323000.0,1,X|K,1
C,4,K,1,R,4,S,4,Y,222,X,223,C,3,K,1,Y,1,R,2,X,1,S,4,K,1,C,2,"L1:[sp=C,4] K=1,R=4,S=4,Y=222,X=223,C=3 || L2:[sp=K,1] Y=1,R=2,X=1,S=4,K=1,C=2",-12545.0,-163323000.0,1,C|K,1
C,4,C,3,S,4,K,1,R,4,X,223,Y,222,C,1,Y,1,C,2,K,1,S,4,R,2,X,1,"L1:[sp=C,4] C=3,S=4,K=1,R=4,X=223,Y=222 || L2:[sp=C,1] Y=1,C=2,K=1,S=4,R=2,X=1",-12545.0,-163323000.0,1,C|C,1
C,4,Y,222,S,4,R,4,K,1,X,223,C,3,Y,4,Y,1,C,1,R,2,S,4,K,1,X,1,"L1:[sp=C,4] Y=222,S=4,R=4,K=1,X=223,C=3 || L2:[sp=Y,4] Y=1,C=1,R=2,S=4,K=1,X=1",-12545.0,-163323000.0,1,C|Y,1
X,4,Y,222,S,4,X,223,R,4,K,1,C,3,K,1,C,1,Y,1,R,2,S,4,K,1,X,1,"L1:[sp=X,4] Y=222,S=4,X=223,R=4,K=1,C=3 || L2:[sp=K,1] C=1,Y=1,R=2,S=4,K=1,X=1",-12545.0,-163323000.0,1,X|K,1
X,4,R,4,Y,222,X,223,S,4,K,1,C,3,K,1,Y,1,C,1,R,4,S,4,K,1,X,1,"L1:[sp=X,4] R=4,Y=222,X=223,S=4,K=1,C=3 || L2:[sp=K,1] Y=1,C=1,R=4,S=4,K=1,X=1",-12545.0,-163323000.0,1,X|K,1
C,4,S,4,Y,222,X,223,C,3,K,1,R,4,K,1,Y,1,C,1,K,1,S,2,R,4,X,1,"L1:[sp=C,4] S=4,Y=222,X=223,C=3,K=1,R=4 || L2:[sp=K,1] Y=1,C=1,K=1,S=2,R=4,X=1",-12545.0,-163323000.0,1,C|K,1
X,4,R,4,Y,222,X,223,S,4,K,1,C,3,C,1,Y,1,C,1,R,4,S,4,K,1,X,1,"L1:[sp=X,4] R=4,Y=222,X=223,S=4,K=1,C=3 || L2:[sp=C,1] Y=1,C=1,R=4,S=4,K=1,X=1",-12545.0,-163323000.0,1,X|C,1
C,4,S,4,Y,222,X,223,C,3,K,1,R,4,K,1,Y,1,C,1,K,1,S,4,R,2,X,1,"L1:[sp=C,4] S=4,Y=222,X=223,C=3,K=1,R=4 || L2:[sp=K,1] Y=1,C=1,K=1,S=4,R=2,X=1",-12545.0,-163323000.0,1,C|K,1
X,4,R,4,Y,222,X,223,S,4,K,1,C,3,C,1,Y,1,C,2,R,4,S,2,K,1,X,1,"L1:[sp=X,4] R=4,Y=222,X=223,S=4,K=1,C=3 || L2:[sp=C,1] Y=1,C=2,R=4,S=2,K=1,X=1",-12545.0,-163323000.0,1,X|C,1
Y,4,R,4,X,223,Y,222,S,4,K,1,C,3,C,1,Y,1,C,1,R,4,S,4,K,1,X,1,"L1:[sp=Y,4] R=4,X=223,Y=222,S=4,K=1,C=3 || L2:[sp=C,1] Y=1,C=1,R=4,S=4,K=1,X=1",-12545.0,-163323000.0,1,Y|C,1
Y,4,R,4,X,223,Y,222,S,4,K,1,C,3,C,1,Y,1,C,3,R,4,S,4,K,1,X,1,"L1:[sp=Y,4] R=4,X=223,Y=222,S=4,K=1,C=3 || L2:[sp=C,1] Y=1,C=3,R=4,S=4,K=1,X=1",-12545.0,-163323000.0,1,Y|C,1
C,4,R,4,X,223,Y,222,S,4,K,1,C,3,Y,1,Y,1,R,4,C,3,S,4,K,1,X,1,"L1:[sp=C,4] R=4,X=223,Y=222,S=4,K=1,C=3 || L2:[sp=Y,1] Y=1,R=4,C=3,S=4,K=1,X=1",-12545.0,-163323000.0,1,C|Y,1
C,4,R,4,K,1,C,3,S,4,Y,222,X,223,Y,1,Y,1,R,4,K,1,S,4,C,2,X,1,"L1:[sp=C,4] R=4,K=1,C=3,S=4,Y=222,X=223 || L2:[sp=Y,1] Y=1,R=4,K=1,S=4,C=2,X=1",-12545.0,-163323000.0,1,C|Y,1
Y,4,R,4,K,1,C,3,S,4,Y,222,X,223,C,1,Y,1,R,2,K,1,S,4,C,2,X,1,"L1:[sp=Y,4] R=4,K=1,C=3,S=4,Y=222,X=223 || L2:[sp=C,1] Y=1,R=2,K=1,S=4,C=2,X=1",-12545.0,-163323000.0,1,Y|C,1
K,4,C,2,R,7,S,5,Y,222,K,32,X,223,C,28,Y,1,R,2,X,1,K,1,S,3,C,2,"L1:[sp=K,4] C=2,R=7,S=5,Y=222,K=32,X=223 || L2:[sp=C,28] Y=1,R=2,X=1,K=1,S=3,C=2",-12549.0,-163323000.0,1,K|C,1
C,4,R,7,X,223,S,5,Y,222,K,50,C,2,K,1,Y,1,R,2,X,1,S,2,C,2,K,1,"L1:[sp=C,4] R=7,X=223,S=5,Y=222,K=50,C=2 || L2:[sp=K,1] Y=1,R=2,X=1,S=2,C=2,K=1",-12549.0,-163323000.0,1,C|K,1
C,4,X,223,Y,222,S,5,R,5,K,32,C,2,X,28,Y,1,R,1,X,1,K,1,S,1,C,1,"L1:[sp=C,4] X=223,Y=222,S=5,R=5,K=32,C=2 || L2:[sp=X,28] Y=1,R=1,X=1,K=1,S=1,C=1",-12553.0,-163323000.0,1,C|X,1
C,4,X,223,Y,222,S,5,R,5,K,32,C,2,X,28,Y,1,R,1,X,1,K,28,S,1,C,2,"L1:[sp=C,4] X=223,Y=222,S=5,R=5,K=32,C=2 || L2:[sp=X,28] Y=1,R=1,X=1,K=28,S=1,C=2",-12553.0,-163323000.0,1,C|X,1
K,4,C,2,R,5,S,5,Y,222,K,32,X,223,C,28,Y,1,R,1,X,1,K,1,S,1,C,2,"L1:[sp=K,4] C=2,R=5,S=5,Y=222,K=32,X=223 || L2:[sp=C,28] Y=1,R=1,X=1,K=1,S=1,C=2",-12553.0,-163323000.0,1,K|C,1
C,4,X,223,Y,222,S,5,R,5,K,32,C,2,X,28,Y,1,R,1,X,1,K,28,S,1,C,1,"L1:[sp=C,4] X=223,Y=222,S=5,R=5,K=32,C=2 || L2:[sp=X,28] Y=1,R=1,X=1,K=28,S=1,C=1",-12553.0,-163323000.0,1,C|X,1
K,4,X,223,R,4,C,1,K,25,S,6,Y,222,C,1,K,1,Y,1,R,3,C,1,X,1,S,2,"L1:[sp=K,4] X=223,R=4,C=1,K=25,S=6,Y=222 || L2:[sp=C,1] K=1,Y=1,R=3,C=1,X=1,S=2",-12613.0,-163323000.0,1,K|C,1
K,4,X,223,C,1,R,4,K,25,S,6,Y,222,C,1,K,19,Y,1,R,3,C,1,X,1,S,2,"L1:[sp=K,4] X=223,C=1,R=4,K=25,S=6,Y=222 || L2:[sp=C,1] K=19,Y=1,R=3,C=1,X=1,S=2",-12613.0,-163323000.0,1,K|C,1
Y,4,S,7,X,223,R,5,C,2,K,2,Y,222,K,1,S,1,C,2,X,1,K,1,Y,1,R,2,"L1:[sp=Y,4] S=7,X=223,R=5,C=2,K=2,Y=222 || L2:[sp=K,1] S=1,C=2,X=1,K=1,Y=1,R=2",-12673.0,-163323000.0,1,Y|K,1
C,4,K,1,S,4,Y,222,R,7,X,223,C,2,K,1,Y,1,C,1,R,4,S,1,K,1,X,1,"L1:[sp=C,4] K=1,S=4,Y=222,R=7,X=223,C=2 || L2:[sp=K,1] Y=1,C=1,R=4,S=1,K=1,X=1",-12673.0,-163323000.0,1,C|K,1
C,4,S,3,X,223,C,2,R,5,Y,222,K,3,K,1,S,2,C,2,K,1,X,1,Y,1,R,2,"L1:[sp=C,4] S=3,X=223,C=2,R=5,Y=222,K=3 || L2:[sp=K,1] S=2,C=2,K=1,X=1,Y=1,R=2",-12677.0,-163323000.0,1,C|K,1
K,4,R,4,S,5,Y,222,K,53,X,223,C,3,C,1,K,1,C,1,R,4,S,5,Y,1,X,1,"L1:[sp=K,4] R=4,S=5,Y=222,K=53,X=223,C=3 || L2:[sp=C,1] K=1,C=1,R=4,S=5,Y=1,X=1",-12725.0,-163323000.0,1,K|C,1
Y,4,K,1,Y,222,S,3,R,4,X,223,C,2,Y,24,Y,1,C,1,R,1,S,3,X,1,K,1,"L1:[sp=Y,4] K=1,Y=222,S=3,R=4,X=223,C=2 || L2:[sp=Y,24] Y=1,C=1,R=1,S=3,X=1,K=1",-12865.0,-163323000.0,1,Y|Y,1
Y,4,S,3,X,223,R,5,C,2,Y,222,K,2,K,1,S,1,C,2,X,1,K,1,Y,1,R,2,"L1:[sp=Y,4] S=3,X=223,R=5,C=2,Y=222,K=2 || L2:[sp=K,1] S=1,C=2,X=1,K=1,Y=1,R=2",-12929.0,-163323000.0,1,Y|K,1
K,4,R,5,X,223,S,3,Y,222,C,1,K,44,Y,21,S,2,C,1,X,1,K,1,Y,1,R,2,"L1:[sp=K,4] R=5,X=223,S=3,Y=222,C=1,K=44 || L2:[sp=Y,21] S=2,C=1,X=1,K=1,Y=1,R=2",-12955.0,-163323000.0,1,K|Y,1
K,4,S,3,X,223,R,5,Y,186,C,3,K,2,Y,21,S,1,C,1,K,1,X,1,Y,1,R,3,"L1:[sp=K,4] S=3,X=223,R=5,Y=186,C=3,K=2 || L2:[sp=Y,21] S=1,C=1,K=1,X=1,Y=1,R=3",-12985.0,-163323000.0,1,K|Y,1
K,4,S,3,X,223,R,4,C,3,Y,186,K,2,Y,21,S,1,C,1,K,1,X,1,Y,1,R,1,"L1:[sp=K,4] S=3,X=223,R=4,C=3,Y=186,K=2 || L2:[sp=Y,21] S=1,C=1,K=1,X=1,Y=1,R=1",-12985.0,-163323000.0,1,K|Y,1
K,4,S,3,X,223,R,5,Y,186,C,3,K,2,Y,21,S,1,C,3,K,1,R,3,Y,1,X,1,"L1:[sp=K,4] S=3,X=223,R=5,Y=186,C=3,K=2 || L2:[sp=Y,21] S=1,C=3,K=1,R=3,Y=1,X=1",-12985.0,-163323000.0,1,K|Y,1
K,4,S,3,X,223,R,5,Y,186,C,3,K,2,Y,21,S,1,K,1,R,3,X,1,Y,1,C,1,"L1:[sp=K,4] S=3,X=223,R=5,Y=186,C=3,K=2 || L2:[sp=Y,21] S=1,K=1,R=3,X=1,Y=1,C=1",-12985.0,-163323000.0,1,K|Y,1
K,4,S,3,X,223,R,5,Y,186,C,3,K,2,Y,21,S,1,C,3,K,1,X,1,Y,1,R,3,"L1:[sp=K,4] S=3,X=223,R=5,Y=186,C=3,K=2 || L2:[sp=Y,21] S=1,C=3,K=1,X=1,Y=1,R=3",-12985.0,-163323000.0,1,K|Y,1
K,4,S,3,X,223,R,5,Y,186,C,3,K,2,Y,21,S,1,C,1,Y,1,X,1,K,1,R,3,"L1:[sp=K,4] S=3,X=223,R=5,Y=186,C=3,K=2 || L2:[sp=Y,21] S=1,C=1,Y=1,X=1,K=1,R=3",-12985.0,-163323000.0,1,K|Y,1
K,4,S,3,X,223,R,5,Y,186,C,3,K,2,Y,21,S,1,R,3,K,1,X,1,Y,1,C,3,"L1:[sp=K,4] S=3,X=223,R=5,Y=186,C=3,K=2 || L2:[sp=Y,21] S=1,R=3,K=1,X=1,Y=1,C=3",-12985.0,-163323000.0,1,K|Y,1
K,4,S,3,X,223,R,5,Y,186,C,3,K,2,Y,21,S,1,C,1,K,1,R,3,Y,1,X,1,"L1:[sp=K,4] S=3,X=223,R=5,Y=186,C=3,K=2 || L2:[sp=Y,21] S=1,C=1,K=1,R=3,Y=1,X=1",-12985.0,-163323000.0,1,K|Y,1
K,4,Y,186,X,223,R,5,S,3,K,2,C,3,Y,21,K,1,C,1,S,1,R,3,Y,1,X,1,"L1:[sp=K,4] Y=186,X=223,R=5,S=3,K=2,C=3 || L2:[sp=Y,21] K=1,C=1,S=1,R=3,Y=1,X=1",-12985.0,-163323000.0,1,K|Y,1
K,4,S,3,X,223,R,5,Y,206,C,3,K,2,Y,21,C,1,R,2,K,2,X,1,Y,1,S,1,"L1:[sp=K,4] S=3,X=223,R=5,Y=206,C=3,K=2 || L2:[sp=Y,21] C=1,R=2,K=2,X=1,Y=1,S=1",-12985.0,-163323000.0,1,K|Y,1
K,4,S,3,X,223,R,5,Y,186,C,2,K,2,Y,21,S,1,C,1,K,2,X,1,Y,1,R,3,"L1:[sp=K,4] S=3,X=223,R=5,Y=186,C=2,K=2 || L2:[sp=Y,21] S=1,C=1,K=2,X=1,Y=1,R=3",-13033.0,-163323000.0,1,K|Y,1
K,4,S,3,Y,186,C,2,X,223,R,5,K,2,Y,21,S,1,C,1,K,2,X,1,Y,1,R,3,"L1:[sp=K,4] S=3,Y=186,C=2,X=223,R=5,K=2 || L2:[sp=Y,21] S=1,C=1,K=2,X=1,Y=1,R=3",-13033.0,-163323000.0,1,K|Y,1
K,4,S,3,X,223,R,4,Y,186,C,2,K,2,Y,21,S,1,C,1,K,2,X,1,Y,1,R,3,"L1:[sp=K,4] S=3,X=223,R=4,Y=186,C=2,K=2 || L2:[sp=Y,21] S=1,C=1,K=2,X=1,Y=1,R=3",-13033.0,-163323000.0,1,K|Y,1
Y,4,Y,222,S,4,K,1,R,4,X,223,C,1,Y,4,Y,1,C,1,R,4,S,4,K,1,X,1,"L1:[sp=Y,4] Y=222,S=4,K=1,R=4,X=223,C=1 || L2:[sp=Y,4] Y=1,C=1,R=4,S=4,K=1,X=1",-13057.0,-163323000.0,1,Y|Y,1
Y,4,Y,222,R,5,X,223,K,1,S,6,C,2,Y,2,Y,1,X,1,R,1,C,2,S,1,K,1,"L1:[sp=Y,4] Y=222,R=5,X=223,K=1,S=6,C=2 || L2:[sp=Y,2] Y=1,X=1,R=1,C=2,S=1,K=1",-13057.0,-163323000.0,1,Y|Y,1
K,4,S,3,X,223,R,4,Y,186,C,1,K,2,Y,21,S,1,C,1,K,2,X,1,Y,1,R,3,"L1:[sp=K,4] S=3,X=223,R=4,Y=186,C=1,K=2 || L2:[sp=Y,21] S=1,C=1,K=2,X=1,Y=1,R=3",-13081.0,-163323000.0,1,K|Y,1
K,4,S,3,X,223,R,4,Y,186,C,1,K,2,Y,21,S,1,C,1,R,3,X,1,Y,1,K,2,"L1:[sp=K,4] S=3,X=223,R=4,Y=186,C=1,K=2 || L2:[sp=Y,21] S=1,C=1,R=3,X=1,Y=1,K=2",-13081.0,-163323000.0,1,K|Y,1
K,4,S,3,X,223,R,2,Y,186,C,2,K,2,Y,21,S,1,C,1,K,2,X,1,Y,1,R,1,"L1:[sp=K,4] S=3,X=223,R=2,Y=186,C=2,K=2 || L2:[sp=Y,21] S=1,C=1,K=2,X=1,Y=1,R=1",-13129.0,-163323000.0,1,K|Y,1
K,4,X,223,R,6,C,2,K,27,S,6,Y,222,K,3,K,1,Y,1,R,1,C,1,X,1,S,5,"L1:[sp=K,4] X=223,R=6,C=2,K=27,S=6,Y=222 || L2:[sp=K,3] K=1,Y=1,R=1,C=1,X=1,S=5",-13239.0,-163323000.0,1,K|K,1
K,4,S,3,X,223,R,1,Y,186,C,2,K,2,Y,21,S,1,C,1,K,1,X,1,Y,1,R,1,"L1:[sp=K,4] S=3,X=223,R=1,Y=186,C=2,K=2 || L2:[sp=Y,21] S=1,C=1,K=1,X=1,Y=1,R=1",-13273.0,-163323000.0,1,K|Y,1
C,4,R,4,C,2,Y,222,X,223,K,48,S,6,X,3,C,1,R,1,K,7,S,1,Y,1,X,1,"L1:[sp=C,4] R=4,C=2,Y=222,X=223,K=48,S=6 || L2:[sp=X,3] C=1,R=1,K=7,S=1,Y=1,X=1",-13337.0,-163323000.0,1,C|X,1
Y,4,R,7,S,5,Y,222,X,223,K,53,C,1,C,1,Y,1,C,1,R,7,S,5,K,1,X,1,"L1:[sp=Y,4] R=7,S=5,Y=222,X=223,K=53,C=1 || L2:[sp=C,1] Y=1,C=1,R=7,S=5,K=1,X=1",-13453.0,-163323000.0,1,Y|C,1
K,4,C,3,R,5,Y,222,K,46,S,6,X,223,K,1,K,1,Y,1,R,1,C,1,X,1,S,1,"L1:[sp=K,4] C=3,R=5,Y=222,K=46,S=6,X=223 || L2:[sp=K,1] K=1,Y=1,R=1,C=1,X=1,S=1",-13529.0,-163323000.0,1,K|K,1
K,4,X,223,R,4,C,1,K,27,S,6,Y,222,C,1,K,1,Y,1,R,3,C,1,X,1,S,2,"L1:[sp=K,4] X=223,R=4,C=1,K=27,S=6,Y=222 || L2:[sp=C,1] K=1,Y=1,R=3,C=1,X=1,S=2",-13621.0,-163323000.0,1,K|C,1
K,4,X,223,R,4,C,1,K,27,S,6,Y,222,C,1,K,1,Y,1,C,1,R,3,X,1,S,2,"L1:[sp=K,4] X=223,R=4,C=1,K=27,S=6,Y=222 || L2:[sp=C,1] K=1,Y=1,C=1,R=3,X=1,S=2",-13621.0,-163323000.0,1,K|C,1
Y,4,X,223,R,4,C,2,K,27,S,3,Y,222,C,1,X,1,Y,1,R,2,C,1,K,1,S,3,"L1:[sp=Y,4] X=223,R=4,C=2,K=27,S=3,Y=222 || L2:[sp=C,1] X=1,Y=1,R=2,C=1,K=1,S=3",-13861.0,-163323000.0,1,Y|C,1
Y,4,X,223,R,4,C,1,K,27,S,3,Y,222,C,1,X,1,Y,1,R,2,C,1,K,1,S,3,"L1:[sp=Y,4] X=223,R=4,C=1,K=27,S=3,Y=222 || L2:[sp=C,1] X=1,Y=1,R=2,C=1,K=1,S=3",-13879.0,-163323000.0,1,Y|C,1
K,4,S,5,X,223,R,7,C,2,Y,224,K,36,K,1,S,3,R,1,X,1,K,1,Y,1,C,2,"L1:[sp=K,4] S=5,X=223,R=7,C=2,Y=224,K=36 || L2:[sp=K,1] S=3,R=1,X=1,K=1,Y=1,C=2",-14117.0,-163323000.0,1,K|K,1
K,4,S,3,X,223,Y,186,R,5,C,3,K,2,Y,21,S,1,C,2,K,2,X,1,Y,1,R,1,"L1:[sp=K,4] S=3,X=223,Y=186,R=5,C=3,K=2 || L2:[sp=Y,21] S=1,C=2,K=2,X=1,Y=1,R=1",-14161.0,-163323000.0,1,K|Y,1
K,4,C,3,X,223,S,3,Y,176,R,5,K,2,Y,21,S,1,C,2,X,1,K,1,Y,1,R,2,"L1:[sp=K,4] C=3,X=223,S=3,Y=176,R=5,K=2 || L2:[sp=Y,21] S=1,C=2,X=1,K=1,Y=1,R=2",-14161.0,-163323000.0,1,K|Y,1
C,4,R,4,K,1,C,3,S,3,Y,222,X,223,Y,1,Y,1,R,4,K,1,S,3,C,2,X,1,"L1:[sp=C,4] R=4,K=1,C=3,S=3,Y=222,X=223 || L2:[sp=Y,1] Y=1,R=4,K=1,S=3,C=2,X=1",-14209.0,-163323000.0,1,C|Y,1
C,4,R,4,Y,222,X,223,K,1,S,3,C,3,K,1,Y,1,C,1,R,4,S,3,X,1,K,1,"L1:[sp=C,4] R=4,Y=222,X=223,K=1,S=3,C=3 || L2:[sp=K,1] Y=1,C=1,R=4,S=3,X=1,K=1",-14209.0,-163323000.0,1,C|K,1
C,4,R,4,Y,222,X,223,K,1,S,3,C,3,K,1,Y,1,C,1,R,2,S,3,X,1,K,1,"L1:[sp=C,4] R=4,Y=222,X=223,K=1,S=3,C=3 || L2:[sp=K,1] Y=1,C=1,R=2,S=3,X=1,K=1",-14209.0,-163323000.0,1,C|K,1
C,4,R,5,S,4,K,62,X,223,Y,222,C,1,X,2,R,3,C,1,S,4,K,1,X,3,Y,1,"L1:[sp=C,4] R=5,S=4,K=62,X=223,Y=222,C=1 || L2:[sp=X,2] R=3,C=1,S=4,K=1,X=3,Y=1",-14345.0,-163323000.0,1,C|X,1
C,4,R,4,S,5,Y,222,X,223,K,39,C,2,X,3,S,3,C,1,K,1,X,1,Y,1,R,4,"L1:[sp=C,4] R=4,S=5,Y=222,X=223,K=39,C=2 || L2:[sp=X,3] S=3,C=1,K=1,X=1,Y=1,R=4",-14345.0,-163323000.0,1,C|X,1
X,4,C,2,S,4,Y,222,X,223,K,48,R,7,C,3,C,1,X,1,K,1,S,4,Y,1,R,4,"L1:[sp=X,4] C=2,S=4,Y=222,X=223,K=48,R=7 || L2:[sp=C,3] C=1,X=1,K=1,S=4,Y=1,R=4",-14345.0,-163323000.0,1,X|C,1
C,4,R,4,S,6,Y,222,X,223,K,48,C,2,X,3,C,1,X,1,K,1,S,4,Y,1,R,1,"L1:[sp=C,4] R=4,S=6,Y=222,X=223,K=48,C=2 || L2:[sp=X,3] C=1,X=1,K=1,S=4,Y=1,R=1",-14345.0,-163323000.0,1,C|X,1
C,4,R,4,C,2,Y,222,X,223,K,48,S,3,X,3,C,1,X,1,K,1,S,2,Y,5,R,4,"L1:[sp=C,4] R=4,C=2,Y=222,X=223,K=48,S=3 || L2:[sp=X,3] C=1,X=1,K=1,S=2,Y=5,R=4",-14349.0,-163323000.0,1,C|X,1
Y,4,K,1,R,7,S,4,Y,222,X,223,C,2,C,1,Y,1,R,2,X,1,S,4,K,1,C,2,"L1:[sp=Y,4] K=1,R=7,S=4,Y=222,X=223,C=2 || L2:[sp=C,1] Y=1,R=2,X=1,S=4,K=1,C=2",-14593.0,-163323000.0,1,Y|C,1
X,4,Y,222,R,4,X,223,K,1,S,3,C,2,K,1,Y,1,C,1,K,1,S,3,X,1,R,4,"L1:[sp=X,4] Y=222,R=4,X=223,K=1,S=3,C=2 || L2:[sp=K,1] Y=1,C=1,K=1,S=3,X=1,R=4",-14593.0,-163323000.0,1,X|K,1
C,4,K,1,Y,222,R,4,S,5,C,2,X,223,K,2,Y,1,C,2,R,2,S,3,X,1,K,1,"L1:[sp=C,4] K=1,Y=222,R=4,S=5,C=2,X=223 || L2:[sp=K,2] Y=1,C=2,R=2,S=3,X=1,K=1",-14593.0,-163323000.0,1,C|K,1
C,4,R,4,C,2,Y,222,X,223,K,48,S,3,X,3,C,1,X,1,K,3,S,2,Y,5,R,4,"L1:[sp=C,4] R=4,C=2,Y=222,X=223,K=48,S=3 || L2:[sp=X,3] C=1,X=1,K=3,S=2,Y=5,R=4",-14797.0,-163323000.0,1,C|X,1
Y,4,K,1,Y,222,S,6,R,4,X,223,C,2,Y,42,Y,1,C,2,R,4,S,1,X,1,K,1,"L1:[sp=Y,4] K=1,Y=222,S=6,R=4,X=223,C=2 || L2:[sp=Y,42] Y=1,C=2,R=4,S=1,X=1,K=1",-14849.0,-163323000.0,1,Y|Y,1
K,4,S,3,X,223,R,2,Y,186,C,3,K,2,Y,21,S,1,C,3,K,1,R,2,Y,1,X,1,"L1:[sp=K,4] S=3,X=223,R=2,Y=186,C=3,K=2 || L2:[sp=Y,21] S=1,C=3,K=1,R=2,Y=1,X=1",-14881.0,-163323000.0,1,K|Y,1
K,4,S,3,X,223,R,2,Y,186,C,3,K,2,Y,21,S,1,C,1,K,1,X,1,Y,1,R,2,"L1:[sp=K,4] S=3,X=223,R=2,Y=186,C=3,K=2 || L2:[sp=Y,21] S=1,C=1,K=1,X=1,Y=1,R=2",-14881.0,-163323000.0,1,K|Y,1
K,4,S,3,X,223,R,2,Y,186,C,3,K,2,Y,21,S,1,C,3,K,2,R,2,Y,1,X,1,"L1:[sp=K,4] S=3,X=223,R=2,Y=186,C=3,K=2 || L2:[sp=Y,21] S=1,C=3,K=2,R=2,Y=1,X=1",-14881.0,-163323000.0,1,K|Y,1
K,4,S,4,X,223,R,5,Y,71,C,3,K,2,Y,21,S,1,C,1,K,1,X,1,Y,1,R,3,"L1:[sp=K,4] S=4,X=223,R=5,Y=71,C=3,K=2 || L2:[sp=Y,21] S=1,C=1,K=1,X=1,Y=1,R=3",-15353.0,-163323000.0,1,K|Y,1
K,4,S,3,X,223,R,5,Y,67,C,3,K,2,Y,21,S,1,C,1,K,1,X,1,Y,1,R,3,"L1:[sp=K,4] S=3,X=223,R=5,Y=67,C=3,K=2 || L2:[sp=Y,21] S=1,C=1,K=1,X=1,Y=1,R=3",-15385.0,-163323000.0,1,K|Y,1
X,4,C,1,R,4,X,223,Y,222,S,5,K,27,C,1,K,1,Y,1,R,4,C,1,X,1,S,5,"L1:[sp=X,4] C=1,R=4,X=223,Y=222,S=5,K=27 || L2:[sp=C,1] K=1,Y=1,R=4,C=1,X=1,S=5",-15397.0,-163323000.0,1,X|C,1
K,4,S,3,X,223,R,5,Y,108,C,2,K,2,Y,21,S,1,C,1,K,2,X,1,Y,1,R,3,"L1:[sp=K,4] S=3,X=223,R=5,Y=108,C=2,K=2 || L2:[sp=Y,21] S=1,C=1,K=2,X=1,Y=1,R=3",-15433.0,-163323000.0,1,K|Y,1
K,4,S,3,Y,108,R,5,X,223,C,2,K,2,Y,21,S,1,C,1,K,2,X,1,Y,1,R,3,"L1:[sp=K,4] S=3,Y=108,R=5,X=223,C=2,K=2 || L2:[sp=Y,21] S=1,C=1,K=2,X=1,Y=1,R=3",-15433.0,-163323000.0,1,K|Y,1
K,4,K,53,X,223,R,7,C,1,Y,222,S,3,Y,21,S,2,C,1,X,1,K,1,Y,1,R,4,"L1:[sp=K,4] K=53,X=223,R=7,C=1,Y=222,S=3 || L2:[sp=Y,21] S=2,C=1,X=1,K=1,Y=1,R=4",-15592.0,-163323000.0,1,K|Y,1
X,4,R,5,Y,222,X,223,S,4,K,1,C,3,K,1,Y,1,C,1,R,5,S,2,K,1,X,1,"L1:[sp=X,4] R=5,Y=222,X=223,S=4,K=1,C=3 || L2:[sp=K,1] Y=1,C=1,R=5,S=2,K=1,X=1",-15617.0,-163323000.0,1,X|K,1
K,4,S,3,X,223,R,5,Y,35,C,2,K,2,Y,21,S,1,C,1,K,2,X,1,Y,1,R,3,"L1:[sp=K,4] S=3,X=223,R=5,Y=35,C=2,K=2 || L2:[sp=Y,21] S=1,C=1,K=2,X=1,Y=1,R=3",-15625.0,-163323000.0,1,K|Y,1
K,4,Y,222,S,4,X,223,R,7,K,54,C,1,K,1,Y,1,C,1,R,4,S,1,K,1,X,1,"L1:[sp=K,4] Y=222,S=4,X=223,R=7,K=54,C=1 || L2:[sp=K,1] Y=1,C=1,R=4,S=1,K=1,X=1",-15883.0,-163323000.0,1,K|K,1
K,4,S,5,X,223,R,5,C,1,Y,222,K,54,Y,21,S,3,C,1,R,2,K,1,Y,1,X,1,"L1:[sp=K,4] S=5,X=223,R=5,C=1,Y=222,K=54 || L2:[sp=Y,21] S=3,C=1,R=2,K=1,Y=1,X=1",-15889.0,-163323000.0,1,K|Y,1
K,4,R,5,X,223,Y,222,C,1,S,2,K,2,X,27,X,1,R,2,C,1,Y,1,K,1,S,1,"L1:[sp=K,4] R=5,X=223,Y=222,C=1,S=2,K=2 || L2:[sp=X,27] X=1,R=2,C=1,Y=1,K=1,S=1",-16021.0,-163323000.0,1,K|X,1
X,4,X,223,R,6,K,45,C,1,Y,222,S,3,C,1,Y,1,S,3,C,1,X,1,K,16,R,2,"L1:[sp=X,4] X=223,R=6,K=45,C=1,Y=222,S=3 || L2:[sp=C,1] Y=1,S=3,C=1,X=1,K=16,R=2",-16021.0,-163323000.0,1,X|C,1
C,4,C,3,S,5,X,223,K,22,Y,222,R,6,X,1,S,1,R,6,C,1,Y,1,X,1,K,1,"L1:[sp=C,4] C=3,S=5,X=223,K=22,Y=222,R=6 || L2:[sp=X,1] S=1,R=6,C=1,Y=1,X=1,K=1",-16141.0,-163323000.0,1,C|X,1
Y,4,K,60,Y,222,S,3,R,4,X,223,C,2,C,2,Y,1,C,1,R,1,S,3,X,1,K,1,"L1:[sp=Y,4] K=60,Y=222,S=3,R=4,X=223,C=2 || L2:[sp=C,2] Y=1,C=1,R=1,S=3,X=1,K=1",-16153.0,-163323000.0,1,Y|C,1
K,4,R,4,X,223,K,55,C,3,Y,222,S,5,X,27,K,8,R,1,C,1,Y,1,X,1,S,1,"L1:[sp=K,4] R=4,X=223,K=55,C=3,Y=222,S=5 || L2:[sp=X,27] K=8,R=1,C=1,Y=1,X=1,S=1",-16175.0,-163323000.0,1,K|X,1
K,4,R,5,X,223,K,55,C,1,Y,222,S,5,Y,24,K,21,R,2,C,1,Y,1,X,1,S,2,"L1:[sp=K,4] R=5,X=223,K=55,C=1,Y=222,S=5 || L2:[sp=Y,24] K=21,R=2,C=1,Y=1,X=1,S=2",-16183.0,-163323000.0,1,K|Y,1
K,4,R,5,X,223,K,55,C,1,Y,222,S,6,X,27,K,8,R,1,C,1,Y,1,X,1,S,1,"L1:[sp=K,4] R=5,X=223,K=55,C=1,Y=222,S=6 || L2:[sp=X,27] K=8,R=1,C=1,Y=1,X=1,S=1",-16183.0,-163323000.0,1,K|X,1
K,4,S,3,X,223,R,5,Y,186,C,3,K,5,Y,21,S,1,C,3,K,1,R,3,Y,1,X,1,"L1:[sp=K,4] S=3,X=223,R=5,Y=186,C=3,K=5 || L2:[sp=Y,21] S=1,C=3,K=1,R=3,Y=1,X=1",-16195.0,-163323000.0,1,K|Y,1
K,4,S,3,X,223,R,5,Y,110,C,2,K,2,Y,21,S,1,C,2,X,1,K,1,Y,1,R,4,"L1:[sp=K,4] S=3,X=223,R=5,Y=110,C=2,K=2 || L2:[sp=Y,21] S=1,C=2,X=1,K=1,Y=1,R=4",-16225.0,-163323000.0,1,K|Y,1
K,4,S,3,X,223,R,1,Y,186,C,2,K,2,Y,28,S,1,C,1,R,1,K,2,Y,1,X,1,"L1:[sp=K,4] S=3,X=223,R=1,Y=186,C=2,K=2 || L2:[sp=Y,28] S=1,C=1,R=1,K=2,Y=1,X=1",-16381.0,-163323000.0,1,K|Y,1
K,4,K,28,X,223,Y,222,S,5,R,7,C,3,C,1,Y,1,R,4,C,3,S,3,K,1,X,1,"L1:[sp=K,4] K=28,X=223,Y=222,S=5,R=7,C=3 || L2:[sp=C,1] Y=1,R=4,C=3,S=3,K=1,X=1",-16467.0,-163323000.0,1,K|C,1
K,4,Y,186,K,2,R,1,S,3,C,1,X,223,Y,28,S,1,C,1,R,1,K,2,Y,1,X,1,"L1:[sp=K,4] Y=186,K=2,R=1,S=3,C=1,X=223 || L2:[sp=Y,28] S=1,C=1,R=1,K=2,Y=1,X=1",-16633.0,-163323000.0,1,K|Y,1
K,4,S,3,X,223,R,4,Y,186,C,3,K,2,Y,21,S,3,C,1,K,2,X,1,Y,1,R,3,"L1:[sp=K,4] S=3,X=223,R=4,Y=186,C=3,K=2 || L2:[sp=Y,21] S=3,C=1,K=2,X=1,Y=1,R=3",-16681.0,-163323000.0,1,K|Y,1
K,4,S,3,X,223,R,4,Y,186,C,3,K,2,Y,21,S,3,C,1,K,1,X,1,Y,1,R,1,"L1:[sp=K,4] S=3,X=223,R=4,Y=186,C=3,K=2 || L2:[sp=Y,21] S=3,C=1,K=1,X=1,Y=1,R=1",-16681.0,-163323000.0,1,K|Y,1
K,4,S,3,X,223,R,4,Y,186,C,3,K,2,Y,21,S,3,R,1,K,1,X,1,Y,1,C,1,"L1:[sp=K,4] S=3,X=223,R=4,Y=186,C=3,K=2 || L2:[sp=Y,21] S=3,R=1,K=1,X=1,Y=1,C=1",-16681.0,-163323000.0,1,K|Y,1
K,4,S,3,X,223,R,4,Y,186,C,3,K,2,Y,21,S,3,C,1,K,1,R,1,Y,1,X,1,"L1:[sp=K,4] S=3,X=223,R=4,Y=186,C=3,K=2 || L2:[sp=Y,21] S=3,C=1,K=1,R=1,Y=1,X=1",-16681.0,-163323000.0,1,K|Y,1
K,4,S,3,X,223,R,5,Y,186,C,2,K,2,Y,21,S,3,C,1,K,1,X,1,Y,1,R,3,"L1:[sp=K,4] S=3,X=223,R=5,Y=186,C=2,K=2 || L2:[sp=Y,21] S=3,C=1,K=1,X=1,Y=1,R=3",-16729.0,-163323000.0,1,K|Y,1
K,4,S,3,X,223,Y,186,R,4,C,2,K,2,Y,21,S,3,Y,1,K,2,X,1,C,1,R,3,"L1:[sp=K,4] S=3,X=223,Y=186,R=4,C=2,K=2 || L2:[sp=Y,21] S=3,Y=1,K=2,X=1,C=1,R=3",-16729.0,-163323000.0,1,K|Y,1
K,4,S,3,X,223,R,4,Y,186,C,2,K,2,Y,21,S,3,C,1,K,2,X,1,Y,1,R,3,"L1:[sp=K,4] S=3,X=223,R=4,Y=186,C=2,K=2 || L2:[sp=Y,21] S=3,C=1,K=2,X=1,Y=1,R=3",-16729.0,-163323000.0,1,K|Y,1
K,4,S,3,K,2,Y,186,R,5,C,2,X,223,Y,21,K,2,Y,1,S,3,X,1,C,1,R,3,"L1:[sp=K,4] S=3,K=2,Y=186,R=5,C=2,X=223 || L2:[sp=Y,21] K=2,Y=1,S=3,X=1,C=1,R=3",-16729.0,-163323000.0,1,K|Y,1
K,4,S,3,K,2,R,5,Y,186,C,2,X,223,Y,21,K,1,Y,1,S,3,X,1,C,1,R,3,"L1:[sp=K,4] S=3,K=2,R=5,Y=186,C=2,X=223 || L2:[sp=Y,21] K=1,Y=1,S=3,X=1,C=1,R=3",-16729.0,-163323000.0,1,K|Y,1
K,4,S,6,R,3,K,1,X,223,Y,155,C,3,Y,2,Y,1,X,1,R,1,C,2,S,1,K,1,"L1:[sp=K,4] S=6,R=3,K=1,X=223,Y=155,C=3 || L2:[sp=Y,2] Y=1,X=1,R=1,C=2,S=1,K=1",-16771.0,-163323000.0,1,K|Y,1
K,4,S,3,X,223,R,4,Y,186,C,1,K,2,Y,21,S,3,C,1,K,2,X,1,Y,1,R,3,"L1:[sp=K,4] S=3,X=223,R=4,Y=186,C=1,K=2 || L2:[sp=Y,21] S=3,C=1,K=2,X=1,Y=1,R=3",-16777.0,-163323000.0,1,K|Y,1
K,4,S,3,X,223,R,1,Y,186,C,2,K,2,Y,21,S,3,K,2,C,1,X,1,Y,1,R,1,"L1:[sp=K,4] S=3,X=223,R=1,Y=186,C=2,K=2 || L2:[sp=Y,21] S=3,K=2,C=1,X=1,Y=1,R=1",-16969.0,-163323000.0,1,K|Y,1
K,4,K,2,X,223,S,5,C,3,Y,224,R,7,X,2,S,1,C,1,R,4,K,1,Y,82,X,1,"L1:[sp=K,4] K=2,X=223,S=5,C=3,Y=224,R=7 || L2:[sp=X,2] S=1,C=1,R=4,K=1,Y=82,X=1",-17055.0,-163323000.0,1,K|X,1
K,4,K,2,S,5,X,223,C,3,Y,224,R,7,X,2,S,1,C,1,R,4,K,1,Y,82,X,1,"L1:[sp=K,4] K=2,S=5,X=223,C=3,Y=224,R=7 || L2:[sp=X,2] S=1,C=1,R=4,K=1,Y=82,X=1",-17055.0,-163323000.0,1,K|X,1
K,4,R,7,Y,222,X,223,K,58,C,2,S,5,X,28,Y,1,C,1,R,1,S,1,K,1,X,1,"L1:[sp=K,4] R=7,Y=222,X=223,K=58,C=2,S=5 || L2:[sp=X,28] Y=1,C=1,R=1,S=1,K=1,X=1",-17057.0,-163323000.0,1,K|X,1
K,4,K,2,X,223,S,5,C,1,Y,224,R,7,X,2,S,1,C,1,R,4,K,1,Y,82,X,1,"L1:[sp=K,4] K=2,X=223,S=5,C=1,Y=224,R=7 || L2:[sp=X,2] S=1,C=1,R=4,K=1,Y=82,X=1",-17059.0,-163323000.0,1,K|X,1
K,4,K,2,X,223,S,5,C,1,Y,224,R,7,X,2,S,1,C,1,K,1,R,4,Y,82,X,1,"L1:[sp=K,4] K=2,X=223,S=5,C=1,Y=224,R=7 || L2:[sp=X,2] S=1,C=1,K=1,R=4,Y=82,X=1",-17059.0,-163323000.0,1,K|X,1
K,4,K,2,S,5,X,223,C,1,Y,224,R,7,X,2,S,1,C,1,R,4,K,1,Y,82,X,1,"L1:[sp=K,4] K=2,S=5,X=223,C=1,Y=224,R=7 || L2:[sp=X,2] S=1,C=1,R=4,K=1,Y=82,X=1",-17059.0,-163323000.0,1,K|X,1
K,4,S,3,X,223,Y,186,R,5,C,2,K,2,Y,21,S,1,C,2,K,2,X,1,Y,1,R,3,"L1:[sp=K,4] S=3,X=223,Y=186,R=5,C=2,K=2 || L2:[sp=Y,21] S=1,C=2,K=2,X=1,Y=1,R=3",-17345.0,-163323000.0,1,K|Y,1
K,4,S,3,X,223,Y,186,R,5,C,2,K,2,Y,21,S,1,K,2,C,2,X,1,Y,1,R,3,"L1:[sp=K,4] S=3,X=223,Y=186,R=5,C=2,K=2 || L2:[sp=Y,21] S=1,K=2,C=2,X=1,Y=1,R=3",-17345.0,-163323000.0,1,K|Y,1
K,4,S,3,X,223,Y,186,R,5,C,2,K,2,Y,21,S,1,C,2,K,1,X,1,Y,1,R,3,"L1:[sp=K,4] S=3,X=223,Y=186,R=5,C=2,K=2 || L2:[sp=Y,21] S=1,C=2,K=1,X=1,Y=1,R=3",-17345.0,-163323000.0,1,K|Y,1
K,4,K,31,S,5,Y,222,R,7,X,223,C,2,C,1,Y,1,C,2,R,4,S,5,K,1,X,1,"L1:[sp=K,4] K=31,S=5,Y=222,R=7,X=223,C=2 || L2:[sp=C,1] Y=1,C=2,R=4,S=5,K=1,X=1",-17365.0,-163323000.0,1,K|C,1
K,4,X,223,R,4,C,2,K,27,S,6,Y,222,K,3,K,1,Y,1,R,1,X,1,C,2,S,5,"L1:[sp=K,4] X=223,R=4,C=2,K=27,S=6,Y=222 || L2:[sp=K,3] K=1,Y=1,R=1,X=1,C=2,S=5",-17649.0,-163323000.0,1,K|K,1
K,4,S,6,R,5,K,1,X,223,Y,71,C,3,Y,2,Y,1,R,1,X,1,C,1,S,1,K,1,"L1:[sp=K,4] S=6,R=5,K=1,X=223,Y=71,C=3 || L2:[sp=Y,2] Y=1,R=1,X=1,C=1,S=1,K=1",-17657.0,-163323000.0,1,K|Y,1
K,4,S,3,X,223,R,5,Y,186,C,3,K,2,Y,21,S,1,C,1,K,1,X,1,Y,5,R,3,"L1:[sp=K,4] S=3,X=223,R=5,Y=186,C=3,K=2 || L2:[sp=Y,21] S=1,C=1,K=1,X=1,Y=5,R=3",-17689.0,-163323000.0,1,K|Y,1
C,4,Y,222,X,223,R,5,K,1,S,5,C,2,Y,6,K,1,C,1,S,5,R,2,X,1,Y,1,"L1:[sp=C,4] Y=222,X=223,R=5,K=1,S=5,C=2 || L2:[sp=Y,6] K=1,C=1,S=5,R=2,X=1,Y=1",-18177.0,-163323000.0,1,C|Y,1
C,4,K,1,Y,222,S,5,R,5,X,223,C,3,C,2,Y,1,C,1,R,1,S,5,X,1,K,1,"L1:[sp=C,4] K=1,Y=222,S=5,R=5,X=223,C=3 || L2:[sp=C,2] Y=1,C=1,R=1,S=5,X=1,K=1",-18177.0,-163323000.0,1,C|C,1
K,4,S,3,X,223,R,4,Y,136,C,3,K,2,Y,21,S,3,C,1,K,1,X,1,Y,1,R,1,"L1:[sp=K,4] S=3,X=223,R=4,Y=136,C=3,K=2 || L2:[sp=Y,21] S=3,C=1,K=1,X=1,Y=1,R=1",-18193.0,-163323000.0,1,K|Y,1
K,4,S,6,X,223,R,6,Y,93,C,3,K,2,Y,21,Y,1,C,2,K,2,R,3,S,1,X,1,"L1:[sp=K,4] S=6,X=223,R=6,Y=93,C=3,K=2 || L2:[sp=Y,21] Y=1,C=2,K=2,R=3,S=1,X=1",-18193.0,-163323000.0,1,K|Y,1
K,4,S,3,X,223,R,6,Y,93,C,3,K,2,Y,21,S,1,C,2,K,1,R,3,Y,1,X,1,"L1:[sp=K,4] S=3,X=223,R=6,Y=93,C=3,K=2 || L2:[sp=Y,21] S=1,C=2,K=1,R=3,Y=1,X=1",-18217.0,-163323000.0,1,K|Y,1
K,4,S,3,X,223,R,5,K,2,C,2,Y,186,Y,21,S,3,R,2,K,1,X,1,Y,1,C,1,"L1:[sp=K,4] S=3,X=223,R=5,K=2,C=2,Y=186 || L2:[sp=Y,21] S=3,R=2,K=1,X=1,Y=1,C=1",-18241.0,-163323000.0,1,K|Y,1
C,4,C,3,S,5,X,223,K,27,Y,222,R,5,X,1,K,19,R,1,C,1,Y,1,X,1,S,1,"L1:[sp=C,4] C=3,S=5,X=223,K=27,Y=222,R=5 || L2:[sp=X,1] K=19,R=1,C=1,Y=1,X=1,S=1",-18241.0,-163323000.0,1,C|X,1
C,4,C,3,K,27,X,223,S,5,Y,222,R,5,X,1,K,19,R,1,C,1,Y,1,X,1,S,1,"L1:[sp=C,4] C=3,K=27,X=223,S=5,Y=222,R=5 || L2:[sp=X,1] K=19,R=1,C=1,Y=1,X=1,S=1",-18241.0,-163323000.0,1,C|X,1
K,4,Y,222,S,3,X,223,R,7,K,1,C,1,Y,4,Y,62,C,1,R,4,S,1,K,1,X,1,"L1:[sp=K,4] Y=222,S=3,X=223,R=7,K=1,C=1 || L2:[sp=Y,4] Y=62,C=1,R=4,S=1,K=1,X=1",-18247.0,-163323000.0,1,K|Y,1
K,4,S,3,X,223,R,4,Y,93,C,1,K,2,Y,21,S,3,C,1,K,2,X,1,Y,1,R,3,"L1:[sp=K,4] S=3,X=223,R=4,Y=93,C=1,K=2 || L2:[sp=Y,21] S=3,C=1,K=2,X=1,Y=1,R=3",-18361.0,-163323000.0,1,K|Y,1
K,4,R,7,X,223,S,5,K,48,Y,222,C,2,K,1,Y,1,R,4,X,1,K,1,S,1,C,2,"L1:[sp=K,4] R=7,X=223,S=5,K=48,Y=222,C=2 || L2:[sp=K,1] Y=1,R=4,X=1,K=1,S=1,C=2",-18821.0,-163323000.0,1,K|K,1
K,4,Y,222,R,4,X,223,K,4,S,6,C,3,C,1,Y,39,S,1,C,1,R,2,X,1,K,4,"L1:[sp=K,4] Y=222,R=4,X=223,K=4,S=6,C=3 || L2:[sp=C,1] Y=39,S=1,C=1,R=2,X=1,K=4",-18821.0,-163323000.0,1,K|C,1
K,4,Y,222,R,4,X,223,K,4,S,6,C,3,C,1,Y,39,X,1,C,1,R,2,S,1,K,4,"L1:[sp=K,4] Y=222,R=4,X=223,K=4,S=6,C=3 || L2:[sp=C,1] Y=39,X=1,C=1,R=2,S=1,K=4",-18821.0,-163323000.0,1,K|C,1
K,4,Y,222,R,4,X,223,K,4,S,6,C,3,C,1,Y,39,S,1,C,1,R,2,X,1,K,3,"L1:[sp=K,4] Y=222,R=4,X=223,K=4,S=6,C=3 || L2:[sp=C,1] Y=39,S=1,C=1,R=2,X=1,K=3",-18821.0,-163323000.0,1,K|C,1
C,4,R,4,Y,222,K,27,C,3,S,7,X,223,K,1,K,1,R,1,C,1,Y,1,X,1,S,1,"L1:[sp=C,4] R=4,Y=222,K=27,C=3,S=7,X=223 || L2:[sp=K,1] K=1,R=1,C=1,Y=1,X=1,S=1",-18823.0,-163323000.0,1,C|K,1
C,4,S,5,C,3,X,223,K,39,Y,222,R,5,X,1,K,1,R,2,C,1,Y,1,X,2,S,1,"L1:[sp=C,4] S=5,C=3,X=223,K=39,Y=222,R=5 || L2:[sp=X,1] K=1,R=2,C=1,Y=1,X=2,S=1",-18825.0,-163323000.0,1,C|X,1
X,4,K,41,S,5,R,7,Y,222,X,223,C,1,X,3,Y,1,R,2,X,1,K,1,S,3,C,1,"L1:[sp=X,4] K=41,S=5,R=7,Y=222,X=223,C=1 || L2:[sp=X,3] Y=1,R=2,X=1,K=1,S=3,C=1",-18829.0,-163323000.0,1,X|X,1
C,4,C,3,Y,222,K,27,R,4,S,5,X,223,K,1,K,1,R,1,C,1,Y,1,X,1,S,1,"L1:[sp=C,4] C=3,Y=222,K=27,R=4,S=5,X=223 || L2:[sp=K,1] K=1,R=1,C=1,Y=1,X=1,S=1",-18829.0,-163323000.0,1,C|K,1
X,4,C,3,S,5,K,27,R,4,Y,222,X,223,C,1,K,1,R,1,C,1,Y,1,X,1,S,1,"L1:[sp=X,4] C=3,S=5,K=27,R=4,Y=222,X=223 || L2:[sp=C,1] K=1,R=1,C=1,Y=1,X=1,S=1",-18829.0,-163323000.0,1,X|C,1
X,4,C,3,S,5,X,223,K,27,Y,222,R,5,C,1,K,1,R,3,C,1,Y,1,X,1,S,1,"L1:[sp=X,4] C=3,S=5,X=223,K=27,Y=222,R=5 || L2:[sp=C,1] K=1,R=3,C=1,Y=1,X=1,S=1",-18829.0,-163323000.0,1,X|C,1
C,4,S,5,C,3,X,223,K,27,Y,222,R,5,X,1,K,1,R,2,C,1,Y,1,X,2,S,1,"L1:[sp=C,4] S=5,C=3,X=223,K=27,Y=222,R=5 || L2:[sp=X,1] K=1,R=2,C=1,Y=1,X=2,S=1",-18829.0,-163323000.0,1,C|X,1
X,4,S,6,C,3,X,223,K,27,Y,222,R,5,C,1,K,1,R,2,C,1,Y,1,X,2,S,1,"L1:[sp=X,4] S=6,C=3,X=223,K=27,Y=222,R=5 || L2:[sp=C,1] K=1,R=2,C=1,Y=1,X=2,S=1",-18829.0,-163323000.0,1,X|C,1
X,4,R,5,C,2,X,223,K,11,Y,222,S,6,X,28,Y,1,C,1,R,3,S,1,K,1,X,1,"L1:[sp=X,4] R=5,C=2,X=223,K=11,Y=222,S=6 || L2:[sp=X,28] Y=1,C=1,R=3,S=1,K=1,X=1",-18865.0,-163323000.0,1,X|X,1
X,4,K,14,R,5,S,5,Y,222,X,223,C,1,X,3,Y,1,R,1,X,1,K,1,S,1,C,1,"L1:[sp=X,4] K=14,R=5,S=5,Y=222,X=223,C=1 || L2:[sp=X,3] Y=1,R=1,X=1,K=1,S=1,C=1",-18877.0,-163323000.0,1,X|X,1
K,4,S,3,X,223,R,5,Y,110,C,2,K,2,Y,21,S,1,C,2,X,1,K,1,Y,1,R,2,"L1:[sp=K,4] S=3,X=223,R=5,Y=110,C=2,K=2 || L2:[sp=Y,21] S=1,C=2,X=1,K=1,Y=1,R=2",-18913.0,-163323000.0,1,K|Y,1
X,4,S,5,R,7,K,1,Y,222,X,223,C,3,K,1,R,2,Y,1,X,1,S,3,K,1,C,1,"L1:[sp=X,4] S=5,R=7,K=1,Y=222,X=223,C=3 || L2:[sp=K,1] R=2,Y=1,X=1,S=3,K=1,C=1",-18945.0,-163323000.0,1,X|K,1
K,4,S,3,Y,100,R,5,X,223,C,2,K,2,Y,21,S,1,C,2,X,1,K,1,Y,1,R,2,"L1:[sp=K,4] S=3,Y=100,R=5,X=223,C=2,K=2 || L2:[sp=Y,21] S=1,C=2,X=1,K=1,Y=1,R=2",-18961.0,-163323000.0,1,K|Y,1
X,4,K,1,X,223,S,5,Y,222,R,5,C,3,C,1,Y,1,R,2,X,1,S,3,K,1,C,1,"L1:[sp=X,4] K=1,X=223,S=5,Y=222,R=5,C=3 || L2:[sp=C,1] Y=1,R=2,X=1,S=3,K=1,C=1",-19073.0,-163323000.0,1,X|C,1
Y,4,Y,222,R,5,X,223,K,1,S,6,C,3,C,1,K,1,S,1,R,1,C,1,X,1,Y,1,"L1:[sp=Y,4] Y=222,R=5,X=223,K=1,S=6,C=3 || L2:[sp=C,1] K=1,S=1,R=1,C=1,X=1,Y=1",-19073.0,-163323000.0,1,Y|C,1
K,4,S,7,C,1,R,2,X,223,Y,224,K,57,Y,21,Y,1,C,1,X,1,K,1,R,2,S,4,"L1:[sp=K,4] S=7,C=1,R=2,X=223,Y=224,K=57 || L2:[sp=Y,21] Y=1,C=1,X=1,K=1,R=2,S=4",-19165.0,-163323000.0,1,K|Y,1
K,4,K,2,X,223,S,5,C,1,Y,224,R,4,X,2,S,1,C,1,R,4,K,1,Y,82,X,1,"L1:[sp=K,4] K=2,X=223,S=5,C=1,Y=224,R=4 || L2:[sp=X,2] S=1,C=1,R=4,K=1,Y=82,X=1",-19165.0,-163323000.0,1,K|X,1
K,4,S,3,X,223,Y,186,R,2,C,2,K,2,Y,21,S,3,C,1,K,2,X,1,Y,1,R,2,"L1:[sp=K,4] S=3,X=223,Y=186,R=2,C=2,K=2 || L2:[sp=Y,21] S=3,C=1,K=2,X=1,Y=1,R=2",-19201.0,-163323000.0,1,K|Y,1
K,4,Y,186,X,223,S,3,R,2,C,2,K,2,Y,21,S,3,C,1,K,2,X,1,Y,1,R,2,"L1:[sp=K,4] Y=186,X=223,S=3,R=2,C=2,K=2 || L2:[sp=Y,21] S=3,C=1,K=2,X=1,Y=1,R=2",-19201.0,-163323000.0,1,K|Y,1
K,4,S,3,K,2,Y,160,R,2,C,2,X,223,Y,21,K,2,Y,1,S,3,X,1,C,1,R,2,"L1:[sp=K,4] S=3,K=2,Y=160,R=2,C=2,X=223 || L2:[sp=Y,21] K=2,Y=1,S=3,X=1,C=1,R=2",-19201.0,-163323000.0,1,K|Y,1
K,4,S,3,K,2,R,5,Y,111,C,3,X,223,Y,168,S,1,C,1,K,2,X,1,Y,1,R,1,"L1:[sp=K,4] S=3,K=2,R=5,Y=111,C=3,X=223 || L2:[sp=Y,168] S=1,C=1,K=2,X=1,Y=1,R=1",-19201.0,-163323000.0,1,K|Y,1
X,4,K,1,R,7,S,5,Y,222,X,223,C,1,C,1,Y,1,R,1,X,1,S,1,K,1,C,1,"L1:[sp=X,4] K=1,R=7,S=5,Y=222,X=223,C=1 || L2:[sp=C,1] Y=1,R=1,X=1,S=1,K=1,C=1",-19201.0,-163323000.0,1,X|C,1
K,4,S,3,X,223,R,4,Y,186,C,1,K,12,Y,21,S,1,C,1,X,1,K,2,Y,1,R,3,"L1:[sp=K,4] S=3,X=223,R=4,Y=186,C=1,K=12 || L2:[sp=Y,21] S=1,C=1,X=1,K=2,Y=1,R=3",-19441.0,-163323000.0,1,K|Y,1
X,4,K,1,R,5,S,5,Y,222,X,223,C,1,X,3,Y,1,R,1,X,1,K,1,S,1,C,1,"L1:[sp=X,4] K=1,R=5,S=5,Y=222,X=223,C=1 || L2:[sp=X,3] Y=1,R=1,X=1,K=1,S=1,C=1",-19585.0,-163323000.0,1,X|X,1
X,4,K,1,R,5,S,5,Y,222,X,223,C,1,C,1,Y,1,R,1,X,1,S,1,K,1,C,1,"L1:[sp=X,4] K=1,R=5,S=5,Y=222,X=223,C=1 || L2:[sp=C,1] Y=1,R=1,X=1,S=1,K=1,C=1",-19585.0,-163323000.0,1,X|C,1
X,4,K,1,R,5,Y,222,S,5,X,223,C,1,C,1,Y,1,R,1,X,1,S,1,K,1,C,1,"L1:[sp=X,4] K=1,R=5,Y=222,S=5,X=223,C=1 || L2:[sp=C,1] Y=1,R=1,X=1,S=1,K=1,C=1",-19585.0,-163323000.0,1,X|C,1
K,4,S,3,X,223,R,6,Y,186,C,3,K,2,Y,21,S,1,C,3,K,1,R,3,Y,1,X,1,"L1:[sp=K,4] S=3,X=223,R=6,Y=186,C=3,K=2 || L2:[sp=Y,21] S=1,C=3,K=1,R=3,Y=1,X=1",-19705.0,-163323000.0,1,K|Y,1
K,4,S,3,Y,108,R,5,X,223,C,2,K,2,Y,21,S,3,C,1,K,2,X,1,Y,1,R,3,"L1:[sp=K,4] S=3,Y=108,R=5,X=223,C=2,K=2 || L2:[sp=Y,21] S=3,C=1,K=2,X=1,Y=1,R=3",-19801.0,-163323000.0,1,K|Y,1
K,4,C,3,S,5,X,223,K,27,Y,222,R,6,X,1,K,1,R,5,C,1,Y,1,X,1,S,1,"L1:[sp=K,4] C=3,S=5,X=223,K=27,Y=222,R=6 || L2:[sp=X,1] K=1,R=5,C=1,Y=1,X=1,S=1",-19850.0,-163323000.0,1,K|X,1
K,4,X,223,R,6,C,2,K,43,S,6,Y,222,K,3,K,1,Y,1,R,1,C,2,S,4,X,1,"L1:[sp=K,4] X=223,R=6,C=2,K=43,S=6,Y=222 || L2:[sp=K,3] K=1,Y=1,R=1,C=2,S=4,X=1",-20169.0,-163323000.0,1,K|K,1
K,4,S,3,X,223,R,5,Y,26,C,3,K,2,Y,21,S,1,R,2,K,1,X,1,Y,1,C,2,"L1:[sp=K,4] S=3,X=223,R=5,Y=26,C=3,K=2 || L2:[sp=Y,21] S=1,R=2,K=1,X=1,Y=1,C=2",-20209.0,-163323000.0,1,K|Y,1
K,4,S,3,X,223,R,5,Y,26,C,3,K,2,Y,21,C,1,R,2,K,2,X,1,Y,1,S,1,"L1:[sp=K,4] S=3,X=223,R=5,Y=26,C=3,K=2 || L2:[sp=Y,21] C=1,R=2,K=2,X=1,Y=1,S=1",-20209.0,-163323000.0,1,K|Y,1
K,4,X,223,R,5,C,3,K,23,S,6,Y,222,Y,7,K,1,Y,1,R,1,C,1,X,109,S,1,"L1:[sp=K,4] X=223,R=5,C=3,K=23,S=6,Y=222 || L2:[sp=Y,7] K=1,Y=1,R=1,C=1,X=109,S=1",-20291.0,-163323000.0,1,K|Y,1
K,4,S,5,X,223,R,4,Y,110,C,2,K,2,Y,21,S,1,C,2,X,1,K,1,Y,1,R,3,"L1:[sp=K,4] S=5,X=223,R=4,Y=110,C=2,K=2 || L2:[sp=Y,21] S=1,C=2,X=1,K=1,Y=1,R=3",-20481.0,-163323000.0,1,K|Y,1
K,4,S,3,X,223,Y,108,R,5,C,2,K,2,Y,21,S,1,C,2,K,2,X,1,Y,1,R,3,"L1:[sp=K,4] S=3,X=223,Y=108,R=5,C=2,K=2 || L2:[sp=Y,21] S=1,C=2,K=2,X=1,Y=1,R=3",-20529.0,-163323000.0,1,K|Y,1
K,4,S,3,X,223,R,4,Y,110,C,2,K,2,Y,21,S,1,C,2,X,1,K,1,Y,1,R,3,"L1:[sp=K,4] S=3,X=223,R=4,Y=110,C=2,K=2 || L2:[sp=Y,21] S=1,C=2,X=1,K=1,Y=1,R=3",-20529.0,-163323000.0,1,K|Y,1
K,4,S,3,X,223,R,4,Y,110,C,2,K,2,Y,21,S,1,C,2,X,1,K,1,Y,1,R,1,"L1:[sp=K,4] S=3,X=223,R=4,Y=110,C=2,K=2 || L2:[sp=Y,21] S=1,C=2,X=1,K=1,Y=1,R=1",-20529.0,-163323000.0,1,K|Y,1
X,4,R,5,Y,222,X,223,S,4,K,1,C,2,K,1,Y,1,C,2,R,5,S,2,K,1,X,1,"L1:[sp=X,4] R=5,Y=222,X=223,S=4,K=1,C=2 || L2:[sp=K,1] Y=1,C=2,R=5,S=2,K=1,X=1",-20993.0,-163323000.0,1,X|K,1
K,4,C,2,S,5,X,223,R,4,Y,222,K,36,K,1,Y,1,R,3,C,2,K,1,X,1,S,1,"L1:[sp=K,4] C=2,S=5,X=223,R=4,Y=222,K=36 || L2:[sp=K,1] Y=1,R=3,C=2,K=1,X=1,S=1",-21177.0,-163323000.0,1,K|K,1
C,4,S,6,X,223,K,2,C,2,Y,224,R,7,K,1,S,4,C,1,R,1,K,1,Y,1,X,1,"L1:[sp=C,4] S=6,X=223,K=2,C=2,Y=224,R=7 || L2:[sp=K,1] S=4,C=1,R=1,K=1,Y=1,X=1",-21569.0,-163323000.0,1,C|K,1
C,4,X,223,R,5,S,5,Y,222,K,1,C,2,X,28,Y,1,R,4,X,1,K,1,S,1,C,2,"L1:[sp=C,4] X=223,R=5,S=5,Y=222,K=1,C=2 || L2:[sp=X,28] Y=1,R=4,X=1,K=1,S=1,C=2",-21761.0,-163323000.0,1,C|X,1
C,4,R,4,Y,222,X,223,S,4,K,1,C,2,K,1,Y,1,C,1,R,4,S,3,K,1,X,1,"L1:[sp=C,4] R=4,Y=222,X=223,S=4,K=1,C=2 || L2:[sp=K,1] Y=1,C=1,R=4,S=3,K=1,X=1",-21761.0,-163323000.0,1,C|K,1
X,4,Y,222,S,4,X,223,R,7,K,1,C,1,K,1,Y,1,C,1,R,4,S,4,K,1,X,1,"L1:[sp=X,4] Y=222,S=4,X=223,R=7,K=1,C=1 || L2:[sp=K,1] Y=1,C=1,R=4,S=4,K=1,X=1",-21889.0,-163323000.0,1,X|K,1
C,4,R,5,S,5,K,37,C,1,Y,222,X,223,X,1,K,1,R,1,C,1,Y,7,X,1,S,1,"L1:[sp=C,4] R=5,S=5,K=37,C=1,Y=222,X=223 || L2:[sp=X,1] K=1,R=1,C=1,Y=7,X=1,S=1",-21961.0,-163323000.0,1,C|X,1
Y,4,S,6,C,3,X,223,K,1,Y,222,R,5,C,42,Y,1,S,5,R,2,C,1,X,31,K,1,"L1:[sp=Y,4] S=6,C=3,X=223,K=1,Y=222,R=5 || L2:[sp=C,42] Y=1,S=5,R=2,C=1,X=31,K=1",-22209.0,-163323000.0,1,Y|C,1
K,4,R,7,S,5,Y,222,K,53,X,223,C,1,C,1,Y,1,C,1,R,4,S,5,K,1,X,1,"L1:[sp=K,4] R=7,S=5,Y=222,K=53,X=223,C=1 || L2:[sp=C,1] Y=1,C=1,R=4,S=5,K=1,X=1",-22267.0,-163323000.0,1,K|C,1
K,4,S,3,X,223,Y,186,R,4,C,2,K,2,Y,21,R,1,C,2,K,1,X,1,Y,1,S,3,"L1:[sp=K,4] S=3,X=223,Y=186,R=4,C=2,K=2 || L2:[sp=Y,21] R=1,C=2,K=1,X=1,Y=1,S=3",-22273.0,-163323000.0,1,K|Y,1
K,4,S,3,X,223,R,5,Y,186,C,2,K,2,Y,6,S,1,C,1,K,2,Y,1,X,1,R,3,"L1:[sp=K,4] S=3,X=223,R=5,Y=186,C=2,K=2 || L2:[sp=Y,6] S=1,C=1,K=2,Y=1,X=1,R=3",-22393.0,-163323000.0,1,K|Y,1
K,4,S,6,R,5,K,1,X,223,Y,71,C,3,Y,2,Y,1,R,1,X,1,C,3,S,3,K,1,"L1:[sp=K,4] S=6,R=5,K=1,X=223,Y=71,C=3 || L2:[sp=Y,2] Y=1,R=1,X=1,C=3,S=3,K=1",-22697.0,-163323000.0,1,K|Y,1
C,4,R,4,C,2,Y,222,X,223,K,48,S,7,X,3,C,1,R,4,K,7,S,3,Y,1,X,1,"L1:[sp=C,4] R=4,C=2,Y=222,X=223,K=48,S=7 || L2:[sp=X,3] C=1,R=4,K=7,S=3,Y=1,X=1",-22853.0,-163323000.0,1,C|X,1
C,4,R,4,C,2,Y,222,X,223,K,48,S,4,X,3,C,1,R,4,K,7,S,3,Y,1,X,1,"L1:[sp=C,4] R=4,C=2,Y=222,X=223,K=48,S=4 || L2:[sp=X,3] C=1,R=4,K=7,S=3,Y=1,X=1",-22857.0,-163323000.0,1,C|X,1
X,4,R,4,C,2,Y,222,X,223,K,48,S,5,X,3,C,1,R,4,K,7,S,2,Y,1,X,1,"L1:[sp=X,4] R=4,C=2,Y=222,X=223,K=48,S=5 || L2:[sp=X,3] C=1,R=4,K=7,S=2,Y=1,X=1",-22865.0,-163323000.0,1,X|X,1
K,4,S,3,X,223,R,7,Y,186,C,3,K,2,Y,26,S,1,C,1,K,2,X,1,Y,7,R,1,"L1:[sp=K,4] S=3,X=223,R=7,Y=186,C=3,K=2 || L2:[sp=Y,26] S=1,C=1,K=2,X=1,Y=7,R=1",-22969.0,-163323000.0,1,K|Y,1
K,4,S,3,X,223,R,7,Y,186,C,3,K,2,Y,26,S,1,C,1,Y,7,X,1,K,2,R,1,"L1:[sp=K,4] S=3,X=223,R=7,Y=186,C=3,K=2 || L2:[sp=Y,26] S=1,C=1,Y=7,X=1,K=2,R=1",-22969.0,-163323000.0,1,K|Y,1
K,4,Y,193,S,5,K,1,R,7,X,223,C,3,Y,4,Y,1,C,1,R,4,S,5,K,1,X,1,"L1:[sp=K,4] Y=193,S=5,K=1,R=7,X=223,C=3 || L2:[sp=Y,4] Y=1,C=1,R=4,S=5,K=1,X=1",-23529.0,-163323000.0,1,K|Y,1
K,4,R,4,S,4,K,62,Y,222,X,223,C,1,X,2,R,4,C,1,S,4,K,1,X,3,Y,1,"L1:[sp=K,4] R=4,S=4,K=62,Y=222,X=223,C=1 || L2:[sp=X,2] R=4,C=1,S=4,K=1,X=3,Y=1",-23821.0,-163323000.0,1,K|X,1
K,4,X,223,R,4,C,1,K,27,S,5,Y,189,Y,42,K,1,Y,1,R,1,C,1,X,1,S,1,"L1:[sp=K,4] X=223,R=4,C=1,K=27,S=5,Y=189 || L2:[sp=Y,42] K=1,Y=1,R=1,C=1,X=1,S=1",-23839.0,-163323000.0,1,K|Y,1
X,4,C,3,K,27,X,223,S,5,R,6,Y,222,C,1,K,1,R,3,C,1,Y,1,X,1,S,2,"L1:[sp=X,4] C=3,K=27,X=223,S=5,R=6,Y=222 || L2:[sp=C,1] K=1,R=3,C=1,Y=1,X=1,S=2",-24205.0,-163323000.0,1,X|C,1
C,4,C,3,K,27,X,223,S,5,R,6,Y,222,X,1,K,1,R,3,C,1,Y,1,X,1,S,2,"L1:[sp=C,4] C=3,K=27,X=223,S=5,R=6,Y=222 || L2:[sp=X,1] K=1,R=3,C=1,Y=1,X=1,S=2",-24205.0,-163323000.0,1,C|X,1
Y,4,C,3,S,5,X,223,K,27,Y,222,R,6,C,3,K,1,R,3,C,3,Y,1,X,1,S,2,"L1:[sp=Y,4] C=3,S=5,X=223,K=27,Y=222,R=6 || L2:[sp=C,3] K=1,R=3,C=3,Y=1,X=1,S=2",-24205.0,-163323000.0,1,Y|C,1
K,4,R,5,X,223,S,3,Y,176,C,2,K,2,Y,21,S,3,C,2,X,1,K,1,Y,1,R,2,"L1:[sp=K,4] R=5,X=223,S=3,Y=176,C=2,K=2 || L2:[sp=Y,21] S=3,C=2,X=1,K=1,Y=1,R=2",-24289.0,-163323000.0,1,K|Y,1
K,4,S,3,X,223,R,7,Y,186,C,3,K,2,Y,21,S,1,C,3,X,1,K,1,Y,7,R,1,"L1:[sp=K,4] S=3,X=223,R=7,Y=186,C=3,K=2 || L2:[sp=Y,21] S=1,C=3,X=1,K=1,Y=7,R=1",-24721.0,-163323000.0,1,K|Y,1
Y,4,X,223,R,4,C,2,K,27,S,5,Y,222,C,1,C,1,Y,1,R,1,X,1,K,11,S,5,"L1:[sp=Y,4] X=223,R=4,C=2,K=27,S=5,Y=222 || L2:[sp=C,1] C=1,Y=1,R=1,X=1,K=11,S=5",-24805.0,-163323000.0,1,Y|C,1
K,4,R,4,Y,222,X,115,S,4,K,1,C,2,C,2,Y,1,C,1,R,4,S,3,K,1,X,1,"L1:[sp=K,4] R=4,Y=222,X=115,S=4,K=1,C=2 || L2:[sp=C,2] Y=1,C=1,R=4,S=3,K=1,X=1",-24993.0,-163323000.0,1,K|C,1
C,4,R,7,X,223,S,5,K,48,Y,222,C,2,K,1,Y,1,R,4,X,1,K,1,S,3,C,2,"L1:[sp=C,4] R=7,X=223,S=5,K=48,Y=222,C=2 || L2:[sp=K,1] Y=1,R=4,X=1,K=1,S=3,C=2",-25093.0,-163323000.0,1,C|K,1
C,4,X,223,R,6,C,1,Y,222,S,7,K,27,K,1,K,1,R,1,C,1,S,5,X,1,Y,1,"L1:[sp=C,4] X=223,R=6,C=1,Y=222,S=7,K=27 || L2:[sp=K,1] K=1,R=1,C=1,S=5,X=1,Y=1",-25095.0,-163323000.0,1,C|K,1
X,4,X,223,R,5,S,5,Y,222,K,32,C,2,C,28,Y,1,R,1,X,1,K,1,S,3,C,1,"L1:[sp=X,4] X=223,R=5,S=5,Y=222,K=32,C=2 || L2:[sp=C,28] Y=1,R=1,X=1,K=1,S=3,C=1",-25105.0,-163323000.0,1,X|C,1
X,4,X,223,R,5,Y,222,S,5,K,32,C,2,C,28,Y,1,R,1,X,1,K,1,S,1,C,2,"L1:[sp=X,4] X=223,R=5,Y=222,S=5,K=32,C=2 || L2:[sp=C,28] Y=1,R=1,X=1,K=1,S=1,C=2",-25105.0,-163323000.0,1,X|C,1
X,4,X,223,R,5,Y,222,S,5,K,46,C,2,C,28,Y,1,R,1,X,1,K,1,S,1,C,2,"L1:[sp=X,4] X=223,R=5,Y=222,S=5,K=46,C=2 || L2:[sp=C,28] Y=1,R=1,X=1,K=1,S=1,C=2",-25105.0,-163323000.0,1,X|C,1
K,4,K,1,Y,222,X,223,R,4,S,1,C,2,C,2,Y,1,C,1,R,4,S,1,X,1,K,1,"L1:[sp=K,4] K=1,Y=222,X=223,R=4,S=1,C=2 || L2:[sp=C,2] Y=1,C=1,R=4,S=1,X=1,K=1",-25145.0,-163323000.0,1,K|C,1
K,4,K,19,C,3,R,5,Y,222,X,173,S,6,X,28,X,1,S,1,C,2,Y,1,K,1,R,2,"L1:[sp=K,4] K=19,C=3,R=5,Y=222,X=173,S=6 || L2:[sp=X,28] X=1,S=1,C=2,Y=1,K=1,R=2",-25146.0,-163323000.0,1,K|X,1
K,4,Y,222,C,3,R,5,K,19,X,173,S,6,X,28,X,1,S,1,C,2,Y,1,K,1,R,2,"L1:[sp=K,4] Y=222,C=3,R=5,K=19,X=173,S=6 || L2:[sp=X,28] X=1,S=1,C=2,Y=1,K=1,R=2",-25146.0,-163323000.0,1,K|X,1
K,4,K,19,C,3,R,5,Y,222,X,162,S,6,X,28,X,1,S,1,C,2,Y,1,K,1,R,2,"L1:[sp=K,4] K=19,C=3,R=5,Y=222,X=162,S=6 || L2:[sp=X,28] X=1,S=1,C=2,Y=1,K=1,R=2",-25146.0,-163323000.0,1,K|X,1
K,4,K,19,C,3,R,5,Y,222,X,151,S,6,X,28,X,1,S,5,R,2,Y,1,K,1,C,2,"L1:[sp=K,4] K=19,C=3,R=5,Y=222,X=151,S=6 || L2:[sp=X,28] X=1,S=5,R=2,Y=1,K=1,C=2",-25146.0,-163323000.0,1,K|X,1
K,4,K,19,C,3,R,5,Y,222,X,80,S,5,X,28,R,2,S,2,C,3,Y,1,K,1,X,1,"L1:[sp=K,4] K=19,C=3,R=5,Y=222,X=80,S=5 || L2:[sp=X,28] R=2,S=2,C=3,Y=1,K=1,X=1",-25150.0,-163323000.0,1,K|X,1
K,4,K,19,C,3,R,5,Y,222,X,173,S,2,X,28,X,1,S,1,C,2,Y,1,K,1,R,2,"L1:[sp=K,4] K=19,C=3,R=5,Y=222,X=173,S=2 || L2:[sp=X,28] X=1,S=1,C=2,Y=1,K=1,R=2",-25154.0,-163323000.0,1,K|X,1
K,4,K,19,C,3,R,5,Y,222,X,173,S,2,X,28,X,1,R,2,C,2,Y,1,K,1,S,1,"L1:[sp=K,4] K=19,C=3,R=5,Y=222,X=173,S=2 || L2:[sp=X,28] X=1,R=2,C=2,Y=1,K=1,S=1",-25154.0,-163323000.0,1,K|X,1
K,4,X,223,R,4,C,3,K,1,S,6,Y,113,C,3,K,1,Y,1,R,2,C,1,X,1,S,1,"L1:[sp=K,4] X=223,R=4,C=3,K=1,S=6,Y=113 || L2:[sp=C,3] K=1,Y=1,R=2,C=1,X=1,S=1",-25217.0,-163323000.0,1,K|C,1
Y,4,Y,222,C,3,X,223,K,1,S,6,R,4,C,42,Y,1,S,1,R,2,C,1,X,31,K,1,"L1:[sp=Y,4] Y=222,C=3,X=223,K=1,S=6,R=4 || L2:[sp=C,42] Y=1,S=1,R=2,C=1,X=31,K=1",-25345.0,-163323000.0,1,Y|C,1
Y,4,S,6,C,3,X,223,K,1,Y,222,R,4,C,42,Y,1,S,1,R,2,C,1,X,31,K,1,"L1:[sp=Y,4] S=6,C=3,X=223,K=1,Y=222,R=4 || L2:[sp=C,42] Y=1,S=1,R=2,C=1,X=31,K=1",-25345.0,-163323000.0,1,Y|C,1
Y,4,S,3,X,223,R,5,C,2,K,2,Y,222,K,1,S,2,C,2,X,1,K,1,Y,1,R,2,"L1:[sp=Y,4] S=3,X=223,R=5,C=2,K=2,Y=222 || L2:[sp=K,1] S=2,C=2,X=1,K=1,Y=1,R=2",-25473.0,-163323000.0,1,Y|K,1
Y,4,Y,222,C,3,X,223,K,1,S,3,R,4,C,42,Y,1,S,1,R,2,C,1,X,31,K,1,"L1:[sp=Y,4] Y=222,C=3,X=223,K=1,S=3,R=4 || L2:[sp=C,42] Y=1,S=1,R=2,C=1,X=31,K=1",-25473.0,-163323000.0,1,Y|C,1
X,4,X,223,R,5,S,5,Y,222,K,1,C,2,C,28,Y,1,R,1,X,1,K,1,S,1,C,2,"L1:[sp=X,4] X=223,R=5,S=5,Y=222,K=1,C=2 || L2:[sp=C,28] Y=1,R=1,X=1,K=1,S=1,C=2",-25601.0,-163323000.0,1,X|C,1
Y,4,Y,222,R,5,X,223,K,1,S,6,C,2,Y,3,Y,1,X,1,R,2,C,2,S,1,K,1,"L1:[sp=Y,4] Y=222,R=5,X=223,K=1,S=6,C=2 || L2:[sp=Y,3] Y=1,X=1,R=2,C=2,S=1,K=1",-25601.0,-163323000.0,1,Y|Y,1
K,4,S,3,X,223,R,4,C,3,Y,186,K,2,Y,21,S,2,C,1,K,1,X,1,Y,1,R,3,"L1:[sp=K,4] S=3,X=223,R=4,C=3,Y=186,K=2 || L2:[sp=Y,21] S=2,C=1,K=1,X=1,Y=1,R=3",-25921.0,-163323000.0,1,K|Y,1
K,4,S,3,X,223,R,5,Y,186,C,3,K,2,Y,21,S,2,C,3,K,1,R,3,Y,1,X,1,"L1:[sp=K,4] S=3,X=223,R=5,Y=186,C=3,K=2 || L2:[sp=Y,21] S=2,C=3,K=1,R=3,Y=1,X=1",-25921.0,-163323000.0,1,K|Y,1
K,4,S,3,X,223,R,5,Y,186,C,2,K,2,Y,21,S,2,C,1,K,2,X,1,Y,1,R,3,"L1:[sp=K,4] S=3,X=223,R=5,Y=186,C=2,K=2 || L2:[sp=Y,21] S=2,C=1,K=2,X=1,Y=1,R=3",-25969.0,-163323000.0,1,K|Y,1
K,4,S,3,X,223,R,4,Y,186,C,2,K,2,Y,21,S,2,C,1,K,2,X,1,Y,1,R,3,"L1:[sp=K,4] S=3,X=223,R=4,Y=186,C=2,K=2 || L2:[sp=Y,21] S=2,C=1,K=2,X=1,Y=1,R=3",-25969.0,-163323000.0,1,K|Y,1
K,4,S,3,X,223,R,3,Y,186,C,2,K,2,Y,21,S,2,C,1,K,2,X,1,Y,1,R,1,"L1:[sp=K,4] S=3,X=223,R=3,Y=186,C=2,K=2 || L2:[sp=Y,21] S=2,C=1,K=2,X=1,Y=1,R=1",-26017.0,-163323000.0,1,K|Y,1
K,4,S,3,X,223,R,1,Y,208,C,3,K,2,Y,21,S,2,K,2,C,1,X,1,Y,1,R,1,"L1:[sp=K,4] S=3,X=223,R=1,Y=208,C=3,K=2 || L2:[sp=Y,21] S=2,K=2,C=1,X=1,Y=1,R=1",-26041.0,-163323000.0,1,K|Y,1
K,4,S,5,X,223,R,1,Y,186,C,2,K,2,Y,21,S,2,K,2,C,1,X,1,Y,1,R,1,"L1:[sp=K,4] S=5,X=223,R=1,Y=186,C=2,K=2 || L2:[sp=Y,21] S=2,K=2,C=1,X=1,Y=1,R=1",-26097.0,-163323000.0,1,K|Y,1
K,4,S,3,X,223,R,1,Y,186,C,2,K,2,Y,21,S,2,C,1,K,2,X,1,Y,1,R,1,"L1:[sp=K,4] S=3,X=223,R=1,Y=186,C=2,K=2 || L2:[sp=Y,21] S=2,C=1,K=2,X=1,Y=1,R=1",-26209.0,-163323000.0,1,K|Y,1
K,4,S,3,X,223,R,1,Y,208,C,2,K,2,Y,21,S,2,K,2,C,1,X,1,Y,1,R,1,"L1:[sp=K,4] S=3,X=223,R=1,Y=208,C=2,K=2 || L2:[sp=Y,21] S=2,K=2,C=1,X=1,Y=1,R=1",-26209.0,-163323000.0,1,K|Y,1
K,4,S,3,X,223,R,1,Y,208,C,2,K,2,Y,21,S,2,K,2,Y,1,X,1,C,1,R,1,"L1:[sp=K,4] S=3,X=223,R=1,Y=208,C=2,K=2 || L2:[sp=Y,21] S=2,K=2,Y=1,X=1,C=1,R=1",-26209.0,-163323000.0,1,K|Y,1
K,4,S,3,X,223,R,5,Y,186,C,3,K,2,Y,21,R,4,C,1,K,2,X,1,Y,13,S,1,"L1:[sp=K,4] S=3,X=223,R=5,Y=186,C=3,K=2 || L2:[sp=Y,21] R=4,C=1,K=2,X=1,Y=13,S=1",-26257.0,-163323000.0,1,K|Y,1
X,4,X,223,R,5,S,5,Y,222,C,2,K,48,C,28,Y,1,R,1,X,1,C,1,S,3,K,29,"L1:[sp=X,4] X=223,R=5,S=5,Y=222,C=2,K=48 || L2:[sp=C,28] Y=1,R=1,X=1,C=1,S=3,K=29",-26281.0,-163323000.0,1,X|C,1
K,4,S,3,X,223,R,1,Y,186,C,1,K,2,Y,21,S,2,C,1,K,2,X,1,Y,1,R,1,"L1:[sp=K,4] S=3,X=223,R=1,Y=186,C=1,K=2 || L2:[sp=Y,21] S=2,C=1,K=2,X=1,Y=1,R=1",-26377.0,-163323000.0,1,K|Y,1
X,4,R,4,S,5,K,27,C,3,Y,222,X,223,C,1,K,1,R,1,C,1,Y,1,X,1,S,5,"L1:[sp=X,4] R=4,S=5,K=27,C=3,Y=222,X=223 || L2:[sp=C,1] K=1,R=1,C=1,Y=1,X=1,S=5",-26893.0,-163323000.0,1,X|C,1
C,4,C,3,S,5,X,223,K,27,Y,222,R,4,C,1,K,1,R,1,C,1,Y,1,X,1,S,5,"L1:[sp=C,4] C=3,S=5,X=223,K=27,Y=222,R=4 || L2:[sp=C,1] K=1,R=1,C=1,Y=1,X=1,S=5",-26893.0,-163323000.0,1,C|C,1
X,4,R,4,S,5,K,27,C,2,Y,222,X,223,C,1,K,1,R,1,C,1,Y,1,X,1,S,5,"L1:[sp=X,4] R=4,S=5,K=27,C=2,Y=222,X=223 || L2:[sp=C,1] K=1,R=1,C=1,Y=1,X=1,S=5",-26905.0,-163323000.0,1,X|C,1
X,4,Y,222,R,5,S,5,C,1,X,223,K,14,X,12,S,5,R,1,X,1,K,8,Y,1,C,1,"L1:[sp=X,4] Y=222,R=5,S=5,C=1,X=223,K=14 || L2:[sp=X,12] S=5,R=1,X=1,K=8,Y=1,C=1",-26941.0,-163323000.0,1,X|X,1
K,4,C,3,S,5,K,46,R,4,Y,222,X,223,C,1,K,25,R,1,C,1,Y,1,X,1,S,3,"L1:[sp=K,4] C=3,S=5,K=46,R=4,Y=222,X=223 || L2:[sp=C,1] K=25,R=1,C=1,Y=1,X=1,S=3",-27053.0,-163323000.0,1,K|C,1
K,4,S,5,X,223,R,7,C,2,Y,222,K,2,X,7,S,3,C,1,X,25,K,1,Y,1,R,4,"L1:[sp=K,4] S=5,X=223,R=7,C=2,Y=222,K=2 || L2:[sp=X,7] S=3,C=1,X=25,K=1,Y=1,R=4",-27057.0,-163323000.0,1,K|X,1
K,4,K,23,X,223,R,5,C,1,S,3,Y,186,Y,67,S,1,Y,1,K,23,X,1,C,1,R,1,"L1:[sp=K,4] K=23,X=223,R=5,C=1,S=3,Y=186 || L2:[sp=Y,67] S=1,Y=1,K=23,X=1,C=1,R=1",-27121.0,-163323000.0,1,K|Y,1
C,4,K,1,R,5,S,5,Y,222,X,223,C,3,C,1,Y,1,R,1,X,1,S,5,K,1,C,2,"L1:[sp=C,4] K=1,R=5,S=5,Y=222,X=223,C=3 || L2:[sp=C,1] Y=1,R=1,X=1,S=5,K=1,C=2",-27137.0,-163323000.0,1,C|C,1
K,4,C,3,S,5,K,27,R,5,Y,222,X,223,C,1,K,1,R,1,C,1,Y,1,X,1,S,4,"L1:[sp=K,4] C=3,S=5,K=27,R=5,Y=222,X=223 || L2:[sp=C,1] K=1,R=1,C=1,Y=1,X=1,S=4",-27221.0,-163323000.0,1,K|C,1
K,4,X,223,R,5,C,2,K,27,S,5,Y,222,C,1,K,1,Y,1,R,4,C,1,X,1,S,3,"L1:[sp=K,4] X=223,R=5,C=2,K=27,S=5,Y=222 || L2:[sp=C,1] K=1,Y=1,R=4,C=1,X=1,S=3",-27225.0,-163323000.0,1,K|C,1
K,4,X,223,R,6,C,2,K,27,S,5,Y,222,C,1,K,1,Y,1,R,4,C,1,X,1,S,3,"L1:[sp=K,4] X=223,R=6,C=2,K=27,S=5,Y=222 || L2:[sp=C,1] K=1,Y=1,R=4,C=1,X=1,S=3",-27225.0,-163323000.0,1,K|C,1
K,4,X,223,R,5,C,1,K,27,S,5,Y,222,C,3,K,1,Y,1,R,4,C,1,X,1,S,3,"L1:[sp=K,4] X=223,R=5,C=1,K=27,S=5,Y=222 || L2:[sp=C,3] K=1,Y=1,R=4,C=1,X=1,S=3",-27229.0,-163323000.0,1,K|C,1
K,4,C,1,K,27,X,223,S,5,Y,222,R,5,C,3,K,1,R,2,C,1,Y,1,X,54,S,3,"L1:[sp=K,4] C=1,K=27,X=223,S=5,Y=222,R=5 || L2:[sp=C,3] K=1,R=2,C=1,Y=1,X=54,S=3",-27796.0,-163323000.0,1,K|C,1
K,4,K,1,Y,90,S,6,R,3,C,2,X,223,C,2,Y,1,C,1,R,3,S,1,X,1,K,1,"L1:[sp=K,4] K=1,Y=90,S=6,R=3,C=2,X=223 || L2:[sp=C,2] Y=1,C=1,R=3,S=1,X=1,K=1",-28009.0,-163323000.0,1,K|C,1
K,4,S,3,X,223,R,5,Y,108,C,2,K,2,Y,21,S,3,C,1,K,2,X,1,Y,1,R,5,"L1:[sp=K,4] S=3,X=223,R=5,Y=108,C=2,K=2 || L2:[sp=Y,21] S=3,C=1,K=2,X=1,Y=1,R=5",-28225.0,-163323000.0,1,K|Y,1
C,4,C,3,Y,222,X,223,R,4,S,5,K,27,K,1,K,1,R,3,C,1,Y,1,X,1,S,1,"L1:[sp=C,4] C=3,Y=222,X=223,R=4,S=5,K=27 || L2:[sp=K,1] K=1,R=3,C=1,Y=1,X=1,S=1",-28237.0,-163323000.0,1,C|K,1
C,4,C,1,Y,222,X,221,R,4,S,5,K,27,K,1,K,1,R,3,C,1,Y,1,X,1,S,1,"L1:[sp=C,4] C=1,Y=222,X=221,R=4,S=5,K=27 || L2:[sp=K,1] K=1,R=3,C=1,Y=1,X=1,S=1",-28237.0,-163323000.0,1,C|K,1
X,4,C,3,S,5,X,223,R,3,Y,222,K,27,Y,84,K,1,R,2,C,1,Y,1,X,1,S,1,"L1:[sp=X,4] C=3,S=5,X=223,R=3,Y=222,K=27 || L2:[sp=Y,84] K=1,R=2,C=1,Y=1,X=1,S=1",-28243.0,-163323000.0,1,X|Y,1
C,4,K,36,X,223,R,7,Y,186,S,3,C,1,Y,67,S,1,Y,1,K,20,X,1,C,1,R,1,"L1:[sp=C,4] K=36,X=223,R=7,Y=186,S=3,C=1 || L2:[sp=Y,67] S=1,Y=1,K=20,X=1,C=1,R=1",-28249.0,-163323000.0,1,C|Y,1
K,4,S,3,X,223,R,7,Y,186,C,2,K,2,Y,21,S,2,C,1,R,1,K,2,Y,1,X,1,"L1:[sp=K,4] S=3,X=223,R=7,Y=186,C=2,K=2 || L2:[sp=Y,21] S=2,C=1,R=1,K=2,Y=1,X=1",-28273.0,-163323000.0,1,K|Y,1
X,4,R,3,S,5,X,223,C,1,Y,222,K,19,Y,84,K,1,R,2,C,1,X,1,Y,1,S,1,"L1:[sp=X,4] R=3,S=5,X=223,C=1,Y=222,K=19 || L2:[sp=Y,84] K=1,R=2,C=1,X=1,Y=1,S=1",-28297.0,-163323000.0,1,X|Y,1
K,4,S,3,X,223,R,5,Y,174,C,2,K,2,Y,21,C,1,Y,1,K,2,X,1,S,2,R,3,"L1:[sp=K,4] S=3,X=223,R=5,Y=174,C=2,K=2 || L2:[sp=Y,21] C=1,Y=1,K=2,X=1,S=2,R=3",-28321.0,-163323000.0,1,K|Y,1
C,4,R,7,K,1,S,4,Y,222,X,223,C,3,C,1,Y,1,R,2,X,1,C,1,S,3,K,1,"L1:[sp=C,4] R=7,K=1,S=4,Y=222,X=223,C=3 || L2:[sp=C,1] Y=1,R=2,X=1,C=1,S=3,K=1",-28353.0,-163323000.0,1,C|C,1
K,4,S,3,K,2,R,1,Y,96,C,3,X,223,Y,21,R,1,Y,1,S,2,X,1,C,1,K,1,"L1:[sp=K,4] S=3,K=2,R=1,Y=96,C=3,X=223 || L2:[sp=Y,21] R=1,Y=1,S=2,X=1,C=1,K=1",-28477.0,-163323000.0,1,K|Y,1
K,4,X,223,R,2,S,6,K,2,Y,222,C,2,Y,42,Y,1,R,1,X,1,K,1,S,3,C,2,"L1:[sp=K,4] X=223,R=2,S=6,K=2,Y=222,C=2 || L2:[sp=Y,42] Y=1,R=1,X=1,K=1,S=3,C=2",-28481.0,-163323000.0,1,K|Y,1
K,4,S,6,R,3,K,1,X,223,Y,71,C,3,Y,2,Y,1,R,2,X,1,C,3,S,6,K,1,"L1:[sp=K,4] S=6,R=3,K=1,X=223,Y=71,C=3 || L2:[sp=Y,2] Y=1,R=2,X=1,C=3,S=6,K=1",-28501.0,-163323000.0,1,K|Y,1
K,4,S,3,X,223,R,5,Y,186,C,3,K,2,Y,168,S,1,C,1,K,2,X,1,Y,1,R,3,"L1:[sp=K,4] S=3,X=223,R=5,Y=186,C=3,K=2 || L2:[sp=Y,168] S=1,C=1,K=2,X=1,Y=1,R=3",-28609.0,-163323000.0,1,K|Y,1
K,4,S,3,X,223,R,4,Y,188,C,3,K,2,Y,168,S,1,C,1,K,2,X,1,Y,1,R,1,"L1:[sp=K,4] S=3,X=223,R=4,Y=188,C=3,K=2 || L2:[sp=Y,168] S=1,C=1,K=2,X=1,Y=1,R=1",-28609.0,-163323000.0,1,K|Y,1
K,4,S,3,X,223,R,5,Y,186,C,3,K,2,Y,168,Y,1,X,1,K,2,C,1,S,1,R,3,"L1:[sp=K,4] S=3,X=223,R=5,Y=186,C=3,K=2 || L2:[sp=Y,168] Y=1,X=1,K=2,C=1,S=1,R=3",-28609.0,-163323000.0,1,K|Y,1
K,4,S,3,K,2,R,5,Y,186,C,3,X,223,Y,168,S,1,C,1,K,2,X,1,Y,1,R,3,"L1:[sp=K,4] S=3,K=2,R=5,Y=186,C=3,X=223 || L2:[sp=Y,168] S=1,C=1,K=2,X=1,Y=1,R=3",-28609.0,-163323000.0,1,K|Y,1
K,4,K,19,C,3,R,4,Y,222,X,151,S,7,X,28,X,1,S,1,R,2,Y,1,K,1,C,1,"L1:[sp=K,4] K=19,C=3,R=4,Y=222,X=151,S=7 || L2:[sp=X,28] X=1,S=1,R=2,Y=1,K=1,C=1",-28733.0,-163323000.0,1,K|X,1
X,4,S,4,Y,222,X,223,R,5,K,1,C,2,K,1,Y,1,C,1,K,1,S,3,R,2,X,1,"L1:[sp=X,4] S=4,Y=222,X=223,R=5,K=1,C=2 || L2:[sp=K,1] Y=1,C=1,K=1,S=3,R=2,X=1",-28737.0,-163323000.0,1,X|K,1
K,4,K,19,C,3,R,5,Y,222,X,151,S,6,X,28,X,1,S,2,C,2,Y,1,K,1,R,2,"L1:[sp=K,4] K=19,C=3,R=5,Y=222,X=151,S=6 || L2:[sp=X,28] X=1,S=2,C=2,Y=1,K=1,R=2",-28737.0,-163323000.0,1,K|X,1
K,4,K,19,C,3,R,5,Y,222,X,144,S,6,X,28,X,1,S,2,R,2,Y,1,K,1,C,1,"L1:[sp=K,4] K=19,C=3,R=5,Y=222,X=144,S=6 || L2:[sp=X,28] X=1,S=2,R=2,Y=1,K=1,C=1",-28737.0,-163323000.0,1,K|X,1
K,4,S,3,X,223,R,5,Y,186,C,2,K,2,Y,168,S,1,C,1,K,2,X,1,Y,1,R,3,"L1:[sp=K,4] S=3,X=223,R=5,Y=186,C=2,K=2 || L2:[sp=Y,168] S=1,C=1,K=2,X=1,Y=1,R=3",-28993.0,-163323000.0,1,K|Y,1
K,4,S,3,X,223,R,4,Y,186,C,2,K,9,Y,21,S,2,C,1,K,1,X,1,Y,1,R,3,"L1:[sp=K,4] S=3,X=223,R=4,Y=186,C=2,K=9 || L2:[sp=Y,21] S=2,C=1,K=1,X=1,Y=1,R=3",-29131.0,-163323000.0,1,K|Y,1
K,4,R,4,X,223,S,3,Y,186,C,2,K,9,Y,21,S,2,C,1,K,6,X,1,Y,1,R,3,"L1:[sp=K,4] R=4,X=223,S=3,Y=186,C=2,K=9 || L2:[sp=Y,21] S=2,C=1,K=6,X=1,Y=1,R=3",-29131.0,-163323000.0,1,K|Y,1
K,4,K,58,R,5,S,5,Y,222,X,223,C,3,C,1,Y,1,R,4,X,1,S,1,K,1,C,2,"L1:[sp=K,4] K=58,R=5,S=5,Y=222,X=223,C=3 || L2:[sp=C,1] Y=1,R=4,X=1,S=1,K=1,C=2",-29237.0,-163323000.0,1,K|C,1
Y,4,R,5,X,223,C,2,S,5,K,55,Y,222,X,8,X,1,K,8,C,1,Y,1,S,5,R,3,"L1:[sp=Y,4] R=5,X=223,C=2,S=5,K=55,Y=222 || L2:[sp=X,8] X=1,K=8,C=1,Y=1,S=5,R=3",-29417.0,-163324000.0,1,Y|X,1
Y,4,R,5,X,223,C,2,S,5,K,55,Y,222,X,8,X,1,C,1,K,8,Y,1,S,5,R,3,"L1:[sp=Y,4] R=5,X=223,C=2,S=5,K=55,Y=222 || L2:[sp=X,8] X=1,C=1,K=8,Y=1,S=5,R=3",-29417.0,-163324000.0,1,Y|X,1
K,4,S,3,X,223,Y,108,R,5,C,2,K,9,Y,21,S,3,C,2,K,1,X,1,Y,1,R,1,"L1:[sp=K,4] S=3,X=223,Y=108,R=5,C=2,K=9 || L2:[sp=Y,21] S=3,C=2,K=1,X=1,Y=1,R=1",-29521.0,-163323000.0,1,K|Y,1
K,4,K,1,R,5,X,223,Y,222,S,2,C,3,X,21,Y,1,S,2,R,1,C,1,X,1,K,1,"L1:[sp=K,4] K=1,R=5,X=223,Y=222,S=2,C=3 || L2:[sp=X,21] Y=1,S=2,R=1,C=1,X=1,K=1",-29633.0,-163323000.0,1,K|X,1
K,4,S,3,X,223,R,2,Y,186,C,3,K,2,Y,21,K,1,C,3,Y,1,X,2,S,1,R,2,"L1:[sp=K,4] S=3,X=223,R=2,Y=186,C=3,K=2 || L2:[sp=Y,21] K=1,C=3,Y=1,X=2,S=1,R=2",-29665.0,-163323000.0,1,K|Y,1
K,4,S,3,X,223,R,2,Y,186,C,2,K,2,Y,168,S,1,C,1,R,1,K,2,Y,1,X,1,"L1:[sp=K,4] S=3,X=223,R=2,Y=186,C=2,K=2 || L2:[sp=Y,168] S=1,C=1,R=1,K=2,Y=1,X=1",-29761.0,-163323000.0,1,K|Y,1
Y,4,K,47,C,3,S,3,Y,1,X,223,R,2,C,2,S,1,R,1,Y,1,X,1,K,43,C,1,"L1:[sp=Y,4] K=47,C=3,S=3,Y=1,X=223,R=2 || L2:[sp=C,2] S=1,R=1,Y=1,X=1,K=43,C=1",-30061.0,-163323000.0,1,Y|C,1
K,4,S,3,X,223,R,5,Y,26,C,3,K,2,Y,26,S,1,C,1,K,2,X,1,Y,1,R,2,"L1:[sp=K,4] S=3,X=223,R=5,Y=26,C=3,K=2 || L2:[sp=Y,26] S=1,C=1,K=2,X=1,Y=1,R=2",-30313.0,-163323000.0,1,K|Y,1
K,4,S,3,X,223,R,7,Y,186,C,3,K,2,Y,21,R,1,C,2,K,1,X,1,Y,13,S,1,"L1:[sp=K,4] S=3,X=223,R=7,Y=186,C=3,K=2 || L2:[sp=Y,21] R=1,C=2,K=1,X=1,Y=13,S=1",-30601.0,-163323000.0,1,K|Y,1
K,4,S,5,X,223,R,5,Y,186,C,3,K,2,Y,21,R,3,C,1,K,1,X,1,Y,13,S,1,"L1:[sp=K,4] S=5,X=223,R=5,Y=186,C=3,K=2 || L2:[sp=Y,21] R=3,C=1,K=1,X=1,Y=13,S=1",-30609.0,-163323000.0,1,K|Y,1
K,4,S,5,X,223,R,4,Y,186,C,3,K,2,Y,21,R,3,C,1,K,1,X,1,Y,13,S,1,"L1:[sp=K,4] S=5,X=223,R=4,Y=186,C=3,K=2 || L2:[sp=Y,21] R=3,C=1,K=1,X=1,Y=13,S=1",-30609.0,-163323000.0,1,K|Y,1
K,4,S,5,X,223,R,4,Y,186,C,3,K,2,Y,21,C,1,R,3,K,2,X,1,Y,13,S,1,"L1:[sp=K,4] S=5,X=223,R=4,Y=186,C=3,K=2 || L2:[sp=Y,21] C=1,R=3,K=2,X=1,Y=13,S=1",-30609.0,-163323000.0,1,K|Y,1
K,4,S,3,X,223,R,5,Y,186,C,3,K,2,Y,21,S,1,C,1,K,1,X,1,Y,13,R,3,"L1:[sp=K,4] S=3,X=223,R=5,Y=186,C=3,K=2 || L2:[sp=Y,21] S=1,C=1,K=1,X=1,Y=13,R=3",-30625.0,-163323000.0,1,K|Y,1
K,4,S,3,X,223,R,5,Y,186,C,3,K,2,Y,21,S,1,C,2,X,1,K,1,Y,13,R,3,"L1:[sp=K,4] S=3,X=223,R=5,Y=186,C=3,K=2 || L2:[sp=Y,21] S=1,C=2,X=1,K=1,Y=13,R=3",-30625.0,-163323000.0,1,K|Y,1
K,4,S,3,X,223,R,5,Y,186,C,3,K,2,Y,21,S,1,C,2,X,1,K,1,Y,13,R,1,"L1:[sp=K,4] S=3,X=223,R=5,Y=186,C=3,K=2 || L2:[sp=Y,21] S=1,C=2,X=1,K=1,Y=13,R=1",-30625.0,-163323000.0,1,K|Y,1
K,4,S,3,X,223,R,5,Y,186,C,3,K,2,Y,21,C,1,R,2,K,2,X,1,Y,13,S,1,"L1:[sp=K,4] S=3,X=223,R=5,Y=186,C=3,K=2 || L2:[sp=Y,21] C=1,R=2,K=2,X=1,Y=13,S=1",-30625.0,-163323000.0,1,K|Y,1
K,4,S,3,X,223,R,7,Y,186,C,1,K,2,Y,21,R,1,C,1,K,1,S,1,Y,13,X,1,"L1:[sp=K,4] S=3,X=223,R=7,Y=186,C=1,K=2 || L2:[sp=Y,21] R=1,C=1,K=1,S=1,Y=13,X=1",-30649.0,-163323000.0,1,K|Y,1
K,4,S,3,X,223,R,2,Y,186,C,3,K,2,Y,21,S,1,C,3,X,1,K,1,Y,13,R,1,"L1:[sp=K,4] S=3,X=223,R=2,Y=186,C=3,K=2 || L2:[sp=Y,21] S=1,C=3,X=1,K=1,Y=13,R=1",-30673.0,-163323000.0,1,K|Y,1
K,4,S,3,X,223,R,5,Y,108,C,2,K,2,Y,21,S,2,C,1,K,2,X,1,Y,1,R,3,"L1:[sp=K,4] S=3,X=223,R=5,Y=108,C=2,K=2 || L2:[sp=Y,21] S=2,C=1,K=2,X=1,Y=1,R=3",-30721.0,-163323000.0,1,K|Y,1
K,4,S,3,X,223,R,1,Y,186,C,3,K,2,Y,21,S,1,C,2,X,1,K,1,Y,13,R,1,"L1:[sp=K,4] S=3,X=223,R=1,Y=186,C=3,K=2 || L2:[sp=Y,21] S=1,C=2,X=1,K=1,Y=13,R=1",-30745.0,-163323000.0,1,K|Y,1
K,4,X,223,R,4,C,1,K,27,S,6,Y,140,Y,42,K,1,Y,1,R,4,C,1,X,1,S,2,"L1:[sp=K,4] X=223,R=4,C=1,K=27,S=6,Y=140 || L2:[sp=Y,42] K=1,Y=1,R=4,C=1,X=1,S=2",-31129.0,-163323000.0,1,K|Y,1
K,4,X,223,R,4,C,1,S,6,K,27,Y,140,Y,42,K,11,Y,1,S,2,C,1,X,1,R,4,"L1:[sp=K,4] X=223,R=4,C=1,S=6,K=27,Y=140 || L2:[sp=Y,42] K=11,Y=1,S=2,C=1,X=1,R=4",-31129.0,-163323000.0,1,K|Y,1
K,4,S,3,X,223,R,5,Y,186,C,2,K,2,Y,8,S,3,C,1,K,2,Y,1,X,1,R,5,"L1:[sp=K,4] S=3,X=223,R=5,Y=186,C=2,K=2 || L2:[sp=Y,8] S=3,C=1,K=2,Y=1,X=1,R=5",-31369.0,-163323000.0,1,K|Y,1
Y,4,K,47,C,3,S,3,Y,1,X,223,R,2,C,2,S,1,R,1,Y,1,X,1,K,20,C,1,"L1:[sp=Y,4] K=47,C=3,S=3,Y=1,X=223,R=2 || L2:[sp=C,2] S=1,R=1,Y=1,X=1,K=20,C=1",-31825.0,-163323000.0,1,Y|C,1
K,4,C,3,K,19,Y,222,S,6,X,85,R,4,X,28,Y,1,X,1,R,2,C,1,K,10,S,1,"L1:[sp=K,4] C=3,K=19,Y=222,S=6,X=85,R=4 || L2:[sp=X,28] Y=1,X=1,R=2,C=1,K=10,S=1",-31933.0,-163323000.0,1,K|X,1
K,4,S,3,K,2,R,3,Y,186,C,2,X,223,Y,28,S,2,C,1,R,1,K,2,Y,1,X,1,"L1:[sp=K,4] S=3,K=2,R=3,Y=186,C=2,X=223 || L2:[sp=Y,28] S=2,C=1,R=1,K=2,Y=1,X=1",-31969.0,-163323000.0,1,K|Y,1
K,4,K,19,X,65,C,1,R,4,S,3,Y,222,X,28,C,1,S,2,R,4,Y,1,K,10,X,1,"L1:[sp=K,4] K=19,X=65,C=1,R=4,S=3,Y=222 || L2:[sp=X,28] C=1,S=2,R=4,Y=1,K=10,X=1",-31993.0,-163323000.0,1,K|X,1
K,4,S,3,X,223,R,1,Y,186,C,2,K,2,Y,28,S,2,C,1,R,1,K,2,Y,1,X,1,"L1:[sp=K,4] S=3,X=223,R=1,Y=186,C=2,K=2 || L2:[sp=Y,28] S=2,C=1,R=1,K=2,Y=1,X=1",-32257.0,-163323000.0,1,K|Y,1
K,4,S,3,X,223,R,1,Y,182,C,2,K,2,Y,28,S,2,C,1,R,1,K,2,Y,1,X,1,"L1:[sp=K,4] S=3,X=223,R=1,Y=182,C=2,K=2 || L2:[sp=Y,28] S=2,C=1,R=1,K=2,Y=1,X=1",-32257.0,-163323000.0,1,K|Y,1
C,4,C,3,S,5,X,223,K,22,Y,222,R,6,X,1,S,2,R,6,C,1,Y,1,X,1,K,1,"L1:[sp=C,4] C=3,S=5,X=223,K=22,Y=222,R=6 || L2:[sp=X,1] S=2,R=6,C=1,Y=1,X=1,K=1",-32269.0,-163323000.0,1,C|X,1
C,4,K,1,R,7,S,5,Y,222,X,223,C,3,K,1,Y,1,C,2,R,2,K,1,S,4,X,1,"L1:[sp=C,4] K=1,R=7,S=5,Y=222,X=223,C=3 || L2:[sp=K,1] Y=1,C=2,R=2,K=1,S=4,X=1",-32385.0,-163323000.0,1,C|K,1
Y,4,K,47,C,3,S,3,Y,1,X,223,R,2,Y,1,S,1,R,1,Y,1,X,1,K,39,C,1,"L1:[sp=Y,4] K=47,C=3,S=3,Y=1,X=223,R=2 || L2:[sp=Y,1] S=1,R=1,Y=1,X=1,K=39,C=1",-32389.0,-163323000.0,1,Y|Y,1
X,4,R,4,Y,222,X,223,S,4,K,1,C,3,K,1,Y,1,C,1,R,4,S,3,K,1,X,1,"L1:[sp=X,4] R=4,Y=222,X=223,S=4,K=1,C=3 || L2:[sp=K,1] Y=1,C=1,R=4,S=3,K=1,X=1",-32513.0,-163323000.0,1,X|K,1
C,4,R,4,X,223,Y,222,S,4,K,1,C,3,Y,1,Y,1,C,3,R,4,S,3,K,1,X,1,"L1:[sp=C,4] R=4,X=223,Y=222,S=4,K=1,C=3 || L2:[sp=Y,1] Y=1,C=3,R=4,S=3,K=1,X=1",-32513.0,-163323000.0,1,C|Y,1
Y,4,Y,222,R,5,X,223,K,1,S,6,C,3,C,1,K,1,S,6,R,1,C,1,X,1,Y,1,"L1:[sp=Y,4] Y=222,R=5,X=223,K=1,S=6,C=3 || L2:[sp=C,1] K=1,S=6,R=1,C=1,X=1,Y=1",-32513.0,-163323000.0,1,Y|C,1
K,4,S,3,X,223,R,4,Y,186,C,3,K,2,Y,168,S,1,X,1,K,2,C,1,Y,1,R,2,"L1:[sp=K,4] S=3,X=223,R=4,Y=186,C=3,K=2 || L2:[sp=Y,168] S=1,X=1,K=2,C=1,Y=1,R=2",-32641.0,-163323000.0,1,K|Y,1
K,4,S,5,X,223,R,7,C,2,Y,136,K,31,K,31,S,1,C,1,X,1,K,1,Y,1,R,5,"L1:[sp=K,4] S=5,X=223,R=7,C=2,Y=136,K=31 || L2:[sp=K,31] S=1,C=1,X=1,K=1,Y=1,R=5",-32643.0,-163323000.0,1,K|K,1
K,4,C,3,K,19,Y,222,R,4,X,119,S,6,X,28,C,1,X,1,R,2,Y,1,K,10,S,2,"L1:[sp=K,4] C=3,K=19,Y=222,R=4,X=119,S=6 || L2:[sp=X,28] C=1,X=1,R=2,Y=1,K=10,S=2",-32841.0,-163323000.0,1,K|X,1
K,4,Y,222,R,1,X,223,K,1,S,6,C,3,C,1,Y,1,S,1,R,1,C,1,X,1,K,1,"L1:[sp=K,4] Y=222,R=1,X=223,K=1,S=6,C=3 || L2:[sp=C,1] Y=1,S=1,R=1,C=1,X=1,K=1",-32957.0,-163323000.0,1,K|C,1
X,4,Y,222,C,1,X,223,R,4,S,4,K,1,K,2,X,1,C,1,R,4,S,3,K,1,Y,1,"L1:[sp=X,4] Y=222,C=1,X=223,R=4,S=4,K=1 || L2:[sp=K,2] X=1,C=1,R=4,S=3,K=1,Y=1",-33025.0,-163323000.0,1,X|K,1
K,4,Y,78,R,3,X,223,K,1,S,6,C,3,C,1,K,1,S,1,R,2,C,1,X,1,Y,1,"L1:[sp=K,4] Y=78,R=3,X=223,K=1,S=6,C=3 || L2:[sp=C,1] K=1,S=1,R=2,C=1,X=1,Y=1",-33094.0,-163323000.0,1,K|C,1
K,4,S,4,C,3,R,1,Y,186,X,223,K,2,Y,168,S,2,C,3,K,2,X,1,Y,1,R,1,"L1:[sp=K,4] S=4,C=3,R=1,Y=186,X=223,K=2 || L2:[sp=Y,168] S=2,C=3,K=2,X=1,Y=1,R=1",-33153.0,-163323000.0,1,K|Y,1
K,4,S,3,X,223,Y,40,R,5,C,2,K,2,Y,21,S,2,C,1,K,2,X,1,Y,1,R,3,"L1:[sp=K,4] S=3,X=223,Y=40,R=5,C=2,K=2 || L2:[sp=Y,21] S=2,C=1,K=2,X=1,Y=1,R=3",-33217.0,-163323000.0,1,K|Y,1
K,4,S,5,Y,153,R,5,C,2,X,223,K,31,K,31,X,1,C,1,S,1,K,1,Y,1,R,2,"L1:[sp=K,4] S=5,Y=153,R=5,C=2,X=223,K=31 || L2:[sp=K,31] X=1,C=1,S=1,K=1,Y=1,R=2",-33239.0,-163323000.0,1,K|K,1
K,4,S,3,X,223,R,3,Y,47,C,2,K,2,Y,21,S,2,C,1,K,2,X,1,Y,1,R,1,"L1:[sp=K,4] S=3,X=223,R=3,Y=47,C=2,K=2 || L2:[sp=Y,21] S=2,C=1,K=2,X=1,Y=1,R=1",-33289.0,-163323000.0,1,K|Y,1
K,4,Y,207,R,4,X,223,K,1,S,6,C,3,C,1,Y,1,S,1,R,1,C,1,X,1,K,1,"L1:[sp=K,4] Y=207,R=4,X=223,K=1,S=6,C=3 || L2:[sp=C,1] Y=1,S=1,R=1,C=1,X=1,K=1",-33378.0,-163323000.0,1,K|C,1
K,4,S,3,X,223,R,3,Y,186,C,2,K,2,Y,21,S,2,C,1,K,2,X,1,Y,1,R,3,"L1:[sp=K,4] S=3,X=223,R=3,Y=186,C=2,K=2 || L2:[sp=Y,21] S=2,C=1,K=2,X=1,Y=1,R=3",-33409.0,-163323000.0,1,K|Y,1
K,4,S,3,X,223,R,7,Y,186,C,3,K,2,K,2,R,1,C,2,K,1,X,1,Y,13,S,1,"L1:[sp=K,4] S=3,X=223,R=7,Y=186,C=3,K=2 || L2:[sp=K,2] R=1,C=2,K=1,X=1,Y=13,S=1",-33523.0,-163323000.0,1,K|K,1
K,4,K,19,C,2,R,5,Y,222,X,151,S,6,X,28,X,1,S,5,R,2,Y,1,K,1,C,2,"L1:[sp=K,4] K=19,C=2,R=5,Y=222,X=151,S=6 || L2:[sp=X,28] X=1,S=5,R=2,Y=1,K=1,C=2",-33533.0,-163323000.0,1,K|X,1
K,4,X,223,S,3,Y,186,K,57,R,1,C,2,Y,67,S,1,Y,1,K,4,X,1,C,1,R,1,"L1:[sp=K,4] X=223,S=3,Y=186,K=57,R=1,C=2 || L2:[sp=Y,67] S=1,Y=1,K=4,X=1,C=1,R=1",-33601.0,-163323000.0,1,K|Y,1
K,4,X,223,S,3,Y,186,K,57,R,1,C,2,Y,67,S,1,Y,1,C,1,X,1,K,4,R,1,"L1:[sp=K,4] X=223,S=3,Y=186,K=57,R=1,C=2 || L2:[sp=Y,67] S=1,Y=1,C=1,X=1,K=4,R=1",-33601.0,-163323000.0,1,K|Y,1
K,4,X,223,S,3,K,57,Y,186,R,1,C,2,Y,67,S,1,Y,1,K,20,X,1,C,1,R,1,"L1:[sp=K,4] X=223,S=3,K=57,Y=186,R=1,C=2 || L2:[sp=Y,67] S=1,Y=1,K=20,X=1,C=1,R=1",-33601.0,-163323000.0,1,K|Y,1
K,4,Y,78,R,6,X,223,K,1,S,6,C,3,C,1,K,1,S,1,R,1,C,1,X,1,Y,1,"L1:[sp=K,4] Y=78,R=6,X=223,K=1,S=6,C=3 || L2:[sp=C,1] K=1,S=1,R=1,C=1,X=1,Y=1",-34411.0,-163323000.0,1,K|C,1
K,4,S,3,X,223,R,5,Y,108,C,2,K,9,Y,21,S,2,R,3,K,1,X,1,Y,1,C,1,"L1:[sp=K,4] S=3,X=223,R=5,Y=108,C=2,K=9 || L2:[sp=Y,21] S=2,R=3,K=1,X=1,Y=1,C=1",-34435.0,-163323000.0,1,K|Y,1
K,4,R,5,X,223,S,3,Y,54,C,2,K,9,Y,21,S,2,C,1,K,2,X,1,Y,1,R,1,"L1:[sp=K,4] R=5,X=223,S=3,Y=54,C=2,K=9 || L2:[sp=Y,21] S=2,C=1,K=2,X=1,Y=1,R=1",-34459.0,-163323000.0,1,K|Y,1
K,4,S,3,X,223,R,5,Y,186,C,2,K,2,Y,21,S,2,C,2,K,2,X,1,Y,1,R,3,"L1:[sp=K,4] S=3,X=223,R=5,Y=186,C=2,K=2 || L2:[sp=Y,21] S=2,C=2,K=2,X=1,Y=1,R=3",-34593.0,-163323000.0,1,K|Y,1
K,4,C,3,S,6,Y,222,R,4,X,151,K,19,X,151,S,6,X,1,R,2,Y,1,K,8,C,1,"L1:[sp=K,4] C=3,S=6,Y=222,R=4,X=151,K=19 || L2:[sp=X,151] S=6,X=1,R=2,Y=1,K=8,C=1",-34593.0,-163323000.0,1,K|X,1
K,4,S,3,X,223,R,2,Y,186,C,3,K,2,Y,21,S,1,C,1,K,2,X,1,Y,13,R,2,"L1:[sp=K,4] S=3,X=223,R=2,Y=186,C=3,K=2 || L2:[sp=Y,21] S=1,C=1,K=2,X=1,Y=13,R=2",-35041.0,-163323000.0,1,K|Y,1
K,4,S,3,X,223,R,2,Y,186,C,3,K,2,Y,21,S,1,C,2,X,1,K,1,Y,13,R,2,"L1:[sp=K,4] S=3,X=223,R=2,Y=186,C=3,K=2 || L2:[sp=Y,21] S=1,C=2,X=1,K=1,Y=13,R=2",-35041.0,-163323000.0,1,K|Y,1
K,4,S,3,X,223,R,2,Y,186,C,2,K,2,Y,21,S,1,C,1,X,1,K,1,Y,13,R,2,"L1:[sp=K,4] S=3,X=223,R=2,Y=186,C=2,K=2 || L2:[sp=Y,21] S=1,C=1,X=1,K=1,Y=13,R=2",-35137.0,-163323000.0,1,K|Y,1
K,4,S,3,X,223,R,4,Y,87,C,3,K,2,Y,28,X,1,C,1,K,2,Y,1,R,1,S,2,"L1:[sp=K,4] S=3,X=223,R=4,Y=87,C=3,K=2 || L2:[sp=Y,28] X=1,C=1,K=2,Y=1,R=1,S=2",-35389.0,-163323000.0,1,K|Y,1
K,4,K,1,R,7,S,5,Y,39,X,223,C,3,Y,24,Y,1,X,1,R,2,S,3,K,1,C,2,"L1:[sp=K,4] K=1,R=7,S=5,Y=39,X=223,C=3 || L2:[sp=Y,24] Y=1,X=1,R=2,S=3,K=1,C=2",-35401.0,-163323000.0,1,K|Y,1
K,4,S,3,X,223,R,4,Y,87,C,2,K,2,Y,28,S,2,C,1,Y,1,K,2,R,1,X,1,"L1:[sp=K,4] S=3,X=223,R=4,Y=87,C=2,K=2 || L2:[sp=Y,28] S=2,C=1,Y=1,K=2,R=1,X=1",-35497.0,-163323000.0,1,K|Y,1
K,4,X,223,R,4,C,1,K,27,S,7,Y,222,C,1,K,1,Y,1,C,1,R,3,X,1,S,3,"L1:[sp=K,4] X=223,R=4,C=1,K=27,S=7,Y=222 || L2:[sp=C,1] K=1,Y=1,C=1,R=3,X=1,S=3",-35728.0,-163323000.0,1,K|C,1
K,4,X,221,Y,222,C,1,R,4,S,5,K,27,K,1,K,1,R,3,X,1,Y,1,C,1,S,1,"L1:[sp=K,4] X=221,Y=222,C=1,R=4,S=5,K=27 || L2:[sp=K,1] K=1,R=3,X=1,Y=1,C=1,S=1",-35734.0,-163323000.0,1,K|K,1
C,4,R,7,S,4,Y,222,X,223,K,48,C,2,X,3,C,1,X,1,K,1,S,4,Y,7,R,4,"L1:[sp=C,4] R=7,S=4,Y=222,X=223,K=48,C=2 || L2:[sp=X,3] C=1,X=1,K=1,S=4,Y=7,R=4",-35845.0,-163323000.0,1,C|X,1
C,4,R,7,C,2,Y,222,X,223,K,48,S,4,X,3,C,1,X,1,K,1,S,4,Y,7,R,4,"L1:[sp=C,4] R=7,C=2,Y=222,X=223,K=48,S=4 || L2:[sp=X,3] C=1,X=1,K=1,S=4,Y=7,R=4",-35845.0,-163323000.0,1,C|X,1
C,4,Y,222,K,48,C,1,R,4,X,65,S,3,X,28,K,4,X,1,R,4,Y,1,S,2,C,1,"L1:[sp=C,4] Y=222,K=48,C=1,R=4,X=65,S=3 || L2:[sp=X,28] K=4,X=1,R=4,Y=1,S=2,C=1",-35889.0,-163323000.0,1,C|X,1
K,4,K,19,C,3,R,5,S,3,X,103,Y,222,X,28,X,1,C,2,S,1,Y,1,K,1,R,5,"L1:[sp=K,4] K=19,C=3,R=5,S=3,X=103,Y=222 || L2:[sp=X,28] X=1,C=2,S=1,Y=1,K=1,R=5",-35929.0,-163323000.0,1,K|X,1
K,4,S,3,X,223,R,1,Y,87,C,2,K,2,Y,28,S,2,C,1,R,1,K,2,Y,1,X,1,"L1:[sp=K,4] S=3,X=223,R=1,Y=87,C=2,K=2 || L2:[sp=Y,28] S=2,C=1,R=1,K=2,Y=1,X=1",-36037.0,-163323000.0,1,K|Y,1
C,4,C,3,S,3,X,223,K,57,R,7,Y,186,Y,67,Y,1,S,1,K,4,X,1,C,1,R,1,"L1:[sp=C,4] C=3,S=3,X=223,K=57,R=7,Y=186 || L2:[sp=Y,67] Y=1,S=1,K=4,X=1,C=1,R=1",-36469.0,-163323000.0,1,C|Y,1
C,4,C,3,S,3,X,223,K,57,R,2,Y,186,Y,67,Y,1,S,1,C,1,X,1,K,4,R,1,"L1:[sp=C,4] C=3,S=3,X=223,K=57,R=2,Y=186 || L2:[sp=Y,67] Y=1,S=1,C=1,X=1,K=4,R=1",-36505.0,-163323000.0,1,C|Y,1
C,4,C,3,S,3,X,223,R,2,K,57,Y,186,Y,67,Y,1,S,1,C,1,X,1,K,4,R,1,"L1:[sp=C,4] C=3,S=3,X=223,R=2,K=57,Y=186 || L2:[sp=Y,67] Y=1,S=1,C=1,X=1,K=4,R=1",-36505.0,-163323000.0,1,C|Y,1
K,4,S,3,X,223,R,4,Y,186,C,3,K,2,Y,168,S,3,C,1,K,2,X,1,Y,1,R,1,"L1:[sp=K,4] S=3,X=223,R=4,Y=186,C=3,K=2 || L2:[sp=Y,168] S=3,C=1,K=2,X=1,Y=1,R=1",-36673.0,-163323000.0,1,K|Y,1
K,4,X,223,R,4,C,1,K,25,S,6,Y,222,C,1,K,1,Y,1,R,1,C,1,X,1,S,5,"L1:[sp=K,4] X=223,R=4,C=1,K=25,S=6,Y=222 || L2:[sp=C,1] K=1,Y=1,R=1,C=1,X=1,S=5",-36763.0,-163323000.0,1,K|C,1
K,4,C,3,K,19,Y,222,R,4,X,151,S,3,X,28,S,3,X,1,R,2,Y,1,K,9,C,1,"L1:[sp=K,4] C=3,K=19,Y=222,R=4,X=151,S=3 || L2:[sp=X,28] S=3,X=1,R=2,Y=1,K=9,C=1",-36949.0,-163323000.0,1,K|X,1
K,4,C,3,K,19,Y,222,R,4,X,151,S,3,X,28,S,3,Y,1,R,2,X,1,K,9,C,2,"L1:[sp=K,4] C=3,K=19,Y=222,R=4,X=151,S=3 || L2:[sp=X,28] S=3,Y=1,R=2,X=1,K=9,C=2",-36949.0,-163323000.0,1,K|X,1
K,4,Y,222,K,19,C,1,R,4,X,204,S,3,X,28,K,4,X,1,R,2,Y,1,S,3,C,1,"L1:[sp=K,4] Y=222,K=19,C=1,R=4,X=204,S=3 || L2:[sp=X,28] K=4,X=1,R=2,Y=1,S=3,C=1",-36973.0,-163323000.0,1,K|X,1
K,4,S,3,X,223,R,5,Y,186,C,2,K,2,Y,21,S,2,C,1,K,2,X,1,Y,1,R,5,"L1:[sp=K,4] S=3,X=223,R=5,Y=186,C=2,K=2 || L2:[sp=Y,21] S=2,C=1,K=2,X=1,Y=1,R=5",-37057.0,-163323000.0,1,K|Y,1
K,4,S,3,X,223,R,5,K,2,C,2,Y,186,Y,21,S,2,C,1,K,2,X,1,Y,1,R,5,"L1:[sp=K,4] S=3,X=223,R=5,K=2,C=2,Y=186 || L2:[sp=Y,21] S=2,C=1,K=2,X=1,Y=1,R=5",-37057.0,-163323000.0,1,K|Y,1
K,4,S,3,X,223,R,5,Y,186,C,2,K,18,Y,21,S,3,C,1,K,1,X,1,Y,1,R,3,"L1:[sp=K,4] S=3,X=223,R=5,Y=186,C=2,K=18 || L2:[sp=Y,21] S=3,C=1,K=1,X=1,Y=1,R=3",-37447.0,-163323000.0,1,K|Y,1
K,4,R,4,Y,222,X,115,S,4,K,1,C,2,K,1,Y,1,C,1,R,4,S,3,K,1,X,1,"L1:[sp=K,4] R=4,Y=222,X=115,S=4,K=1,C=2 || L2:[sp=K,1] Y=1,C=1,R=4,S=3,K=1,X=1",-37481.0,-163323000.0,1,K|K,1
K,4,R,4,Y,222,X,192,S,4,K,1,C,2,K,1,Y,5,C,1,R,4,S,3,K,1,X,1,"L1:[sp=K,4] R=4,Y=222,X=192,S=4,K=1,C=2 || L2:[sp=K,1] Y=5,C=1,R=4,S=3,K=1,X=1",-37481.0,-163323000.0,1,K|K,1
K,4,R,4,Y,222,X,192,S,4,K,1,C,2,K,1,Y,5,C,1,S,3,R,4,K,1,X,1,"L1:[sp=K,4] R=4,Y=222,X=192,S=4,K=1,C=2 || L2:[sp=K,1] Y=5,C=1,S=3,R=4,K=1,X=1",-37481.0,-163323000.0,1,K|K,1
K,4,Y,222,R,6,S,5,K,1,X,170,C,3,K,1,R,2,Y,1,X,1,S,3,K,1,C,1,"L1:[sp=K,4] Y=222,R=6,S=5,K=1,X=170,C=3 || L2:[sp=K,1] R=2,Y=1,X=1,S=3,K=1,C=1",-37641.0,-163323000.0,1,K|K,1
K,4,C,2,Y,222,X,131,S,7,K,1,R,4,K,1,Y,1,C,1,R,4,S,4,K,1,X,1,"L1:[sp=K,4] C=2,Y=222,X=131,S=7,K=1,R=4 || L2:[sp=K,1] Y=1,C=1,R=4,S=4,K=1,X=1",-37641.0,-163323000.0,1,K|K,1
K,4,Y,222,C,3,X,223,K,1,S,2,R,4,K,1,Y,1,S,1,R,2,C,1,X,1,K,1,"L1:[sp=K,4] Y=222,C=3,X=223,K=1,S=2,R=4 || L2:[sp=K,1] Y=1,S=1,R=2,C=1,X=1,K=1",-37641.0,-163323000.0,1,K|K,1
X,4,R,6,X,223,K,55,C,3,Y,222,S,5,X,24,X,1,R,1,C,2,Y,20,K,1,S,2,"L1:[sp=X,4] R=6,X=223,K=55,C=3,Y=222,S=5 || L2:[sp=X,24] X=1,R=1,C=2,Y=20,K=1,S=2",-37641.0,-163323000.0,1,X|X,1
C,4,C,1,Y,222,X,223,R,4,S,5,K,27,K,1,K,1,R,3,X,5,Y,1,C,1,S,1,"L1:[sp=C,4] C=1,Y=222,X=223,R=4,S=5,K=27 || L2:[sp=K,1] K=1,R=3,X=5,Y=1,C=1,S=1",-37645.0,-163323000.0,1,C|K,1
X,4,C,3,S,5,X,223,K,27,Y,222,R,4,C,1,K,1,R,1,C,1,Y,1,X,1,S,2,"L1:[sp=X,4] C=3,S=5,X=223,K=27,Y=222,R=4 || L2:[sp=C,1] K=1,R=1,C=1,Y=1,X=1,S=2",-37645.0,-163323000.0,1,X|C,1
X,4,C,3,S,5,X,223,K,27,Y,222,R,5,C,1,K,1,R,3,C,1,X,1,Y,1,S,2,"L1:[sp=X,4] C=3,S=5,X=223,K=27,Y=222,R=5 || L2:[sp=C,1] K=1,R=3,C=1,X=1,Y=1,S=2",-37645.0,-163323000.0,1,X|C,1
X,4,K,52,R,5,S,5,Y,222,X,223,C,1,X,3,Y,1,R,1,X,1,K,1,S,3,C,1,"L1:[sp=X,4] K=52,R=5,S=5,Y=222,X=223,C=1 || L2:[sp=X,3] Y=1,R=1,X=1,K=1,S=3,C=1",-37657.0,-163323000.0,1,X|X,1
K,4,S,3,K,2,R,7,Y,186,C,2,X,223,Y,21,K,1,Y,1,S,2,X,1,C,1,R,3,"L1:[sp=K,4] S=3,K=2,R=7,Y=186,C=2,X=223 || L2:[sp=Y,21] K=1,Y=1,S=2,X=1,C=1,R=3",-37681.0,-163323000.0,1,K|Y,1
C,4,C,3,S,6,X,223,K,50,R,1,Y,186,Y,67,Y,1,S,1,R,1,X,1,K,4,C,1,"L1:[sp=C,4] C=3,S=6,X=223,K=50,R=1,Y=186 || L2:[sp=Y,67] Y=1,S=1,R=1,X=1,K=4,C=1",-37689.0,-163323000.0,1,C|Y,1
C,4,C,3,S,3,X,223,K,60,R,1,Y,186,Y,67,Y,1,S,1,K,4,X,1,C,1,R,1,"L1:[sp=C,4] C=3,S=3,X=223,K=60,R=1,Y=186 || L2:[sp=Y,67] Y=1,S=1,K=4,X=1,C=1,R=1",-37717.0,-163323000.0,1,C|Y,1
C,4,K,60,S,3,X,223,C,3,R,1,Y,186,Y,67,Y,1,S,1,K,4,X,1,C,1,R,1,"L1:[sp=C,4] K=60,S=3,X=223,C=3,R=1,Y=186 || L2:[sp=Y,67] Y=1,S=1,K=4,X=1,C=1,R=1",-37717.0,-163323000.0,1,C|Y,1
K,4,X,223,R,1,C,1,K,27,S,6,Y,222,K,27,K,1,Y,1,R,1,C,1,X,1,S,2,"L1:[sp=K,4] X=223,R=1,C=1,K=27,S=6,Y=222 || L2:[sp=K,27] K=1,Y=1,R=1,C=1,X=1,S=2",-37717.0,-163323000.0,1,K|K,1
K,4,R,5,X,223,S,3,Y,176,C,2,K,2,Y,21,S,2,C,2,X,1,K,1,Y,1,R,2,"L1:[sp=K,4] R=5,X=223,S=3,Y=176,C=2,K=2 || L2:[sp=Y,21] S=2,C=2,X=1,K=1,Y=1,R=2",-37729.0,-163323000.0,1,K|Y,1
K,4,S,3,X,223,R,5,Y,176,C,2,K,2,Y,21,S,2,C,2,X,1,K,1,Y,1,R,2,"L1:[sp=K,4] S=3,X=223,R=5,Y=176,C=2,K=2 || L2:[sp=Y,21] S=2,C=2,X=1,K=1,Y=1,R=2",-37729.0,-163323000.0,1,K|Y,1
C,4,K,1,R,7,S,5,Y,222,X,223,C,3,K,1,Y,1,R,4,X,1,S,3,C,2,K,1,"L1:[sp=C,4] K=1,R=7,S=5,Y=222,X=223,C=3 || L2:[sp=K,1] Y=1,R=4,X=1,S=3,C=2,K=1",-37761.0,-163323000.0,1,C|K,1
C,4,C,3,S,5,K,1,R,7,X,223,Y,222,Y,1,Y,1,C,2,K,1,S,2,R,4,X,1,"L1:[sp=C,4] C=3,S=5,K=1,R=7,X=223,Y=222 || L2:[sp=Y,1] Y=1,C=2,K=1,S=2,R=4,X=1",-37761.0,-163323000.0,1,C|Y,1
K,4,Y,151,R,4,X,223,K,1,S,6,C,3,C,1,Y,1,S,1,R,2,C,1,X,1,K,1,"L1:[sp=K,4] Y=151,R=4,X=223,K=1,S=6,C=3 || L2:[sp=C,1] Y=1,S=1,R=2,C=1,X=1,K=1",-37809.0,-163323000.0,1,K|C,1
K,4,C,3,R,4,X,223,K,1,S,6,Y,197,K,1,R,2,Y,1,K,1,C,1,X,1,S,1,"L1:[sp=K,4] C=3,R=4,X=223,K=1,S=6,Y=197 || L2:[sp=K,1] R=2,Y=1,K=1,C=1,X=1,S=1",-37809.0,-163323000.0,1,K|K,1
K,4,C,3,R,4,X,223,K,1,S,6,Y,206,K,1,R,2,Y,1,K,1,C,1,X,1,S,1,"L1:[sp=K,4] C=3,R=4,X=223,K=1,S=6,Y=206 || L2:[sp=K,1] R=2,Y=1,K=1,C=1,X=1,S=1",-37809.0,-163323000.0,1,K|K,1
K,4,X,223,R,4,C,3,K,1,S,6,Y,113,K,1,K,1,Y,1,R,2,C,1,X,1,S,1,"L1:[sp=K,4] X=223,R=4,C=3,K=1,S=6,Y=113 || L2:[sp=K,1] K=1,Y=1,R=2,C=1,X=1,S=1",-37809.0,-163323000.0,1,K|K,1
K,4,C,3,R,4,X,223,S,6,K,1,Y,197,K,1,R,2,X,1,K,1,C,1,Y,1,S,1,"L1:[sp=K,4] C=3,R=4,X=223,S=6,K=1,Y=197 || L2:[sp=K,1] R=2,X=1,K=1,C=1,Y=1,S=1",-37809.0,-163323000.0,1,K|K,1
K,4,R,4,Y,222,X,60,S,4,K,1,C,2,K,1,Y,1,C,1,R,4,S,3,K,1,X,1,"L1:[sp=K,4] R=4,Y=222,X=60,S=4,K=1,C=2 || L2:[sp=K,1] Y=1,C=1,R=4,S=3,K=1,X=1",-37833.0,-163323000.0,1,K|K,1
C,4,S,6,Y,222,K,1,X,223,R,5,C,3,Y,2,Y,44,X,1,R,1,S,1,C,2,K,1,"L1:[sp=C,4] S=6,Y=222,K=1,X=223,R=5,C=3 || L2:[sp=Y,2] Y=44,X=1,R=1,S=1,C=2,K=1",-37889.0,-163323000.0,1,C|Y,1
C,4,S,6,Y,222,C,3,X,223,R,5,K,1,Y,2,Y,44,X,1,K,1,S,1,C,2,R,1,"L1:[sp=C,4] S=6,Y=222,C=3,X=223,R=5,K=1 || L2:[sp=Y,2] Y=44,X=1,K=1,S=1,C=2,R=1",-37889.0,-163323000.0,1,C|Y,1
K,4,S,3,K,2,R,4,Y,136,C,3,X,223,Y,168,S,2,C,1,K,2,X,1,Y,1,R,1,"L1:[sp=K,4] S=3,K=2,R=4,Y=136,C=3,X=223 || L2:[sp=Y,168] S=2,C=1,K=2,X=1,Y=1,R=1",-38017.0,-163323000.0,1,K|Y,1
K,4,S,4,K,2,R,5,Y,71,C,3,X,223,Y,168,S,1,C,2,K,2,X,1,Y,1,R,3,"L1:[sp=K,4] S=4,K=2,R=5,Y=71,C=3,X=223 || L2:[sp=Y,168] S=1,C=2,K=2,X=1,Y=1,R=3",-38145.0,-163323000.0,1,K|Y,1
K,4,Y,222,K,19,C,1,S,6,X,77,R,4,X,28,K,4,X,2,R,2,Y,1,S,1,C,1,"L1:[sp=K,4] Y=222,K=19,C=1,S=6,X=77,R=4 || L2:[sp=X,28] K=4,X=2,R=2,Y=1,S=1,C=1",-38341.0,-163323000.0,1,K|X,1
C,4,K,39,X,223,R,2,Y,87,S,3,C,1,Y,67,S,1,Y,1,K,20,R,1,C,1,X,1,"L1:[sp=C,4] K=39,X=223,R=2,Y=87,S=3,C=1 || L2:[sp=Y,67] S=1,Y=1,K=20,R=1,C=1,X=1",-38365.0,-163323000.0,1,C|Y,1
X,4,K,1,R,5,S,5,Y,222,X,223,C,1,C,1,Y,1,R,1,X,1,S,3,K,1,C,1,"L1:[sp=X,4] K=1,R=5,S=5,Y=222,X=223,C=1 || L2:[sp=C,1] Y=1,R=1,X=1,S=3,K=1,C=1",-38401.0,-163323000.0,1,X|C,1
K,4,C,3,R,4,Y,222,K,1,S,6,X,175,K,1,K,1,Y,1,R,2,C,1,X,1,S,1,"L1:[sp=K,4] C=3,R=4,Y=222,K=1,S=6,X=175 || L2:[sp=K,1] K=1,Y=1,R=2,C=1,X=1,S=1",-38481.0,-163323000.0,1,K|K,1
K,4,Y,65,R,4,X,223,K,1,S,6,C,3,C,1,Y,1,S,1,R,2,C,1,X,1,K,1,"L1:[sp=K,4] Y=65,R=4,X=223,K=1,S=6,C=3 || L2:[sp=C,1] Y=1,S=1,R=2,C=1,X=1,K=1",-38489.0,-163323000.0,1,K|C,1
K,4,Y,222,R,4,C,1,K,1,S,6,X,208,K,1,K,1,C,1,R,2,S,1,X,16,Y,1,"L1:[sp=K,4] Y=222,R=4,C=1,K=1,S=6,X=208 || L2:[sp=K,1] K=1,C=1,R=2,S=1,X=16,Y=1",-38497.0,-163323000.0,1,K|K,1
K,4,S,3,X,223,R,5,Y,186,C,2,K,9,Y,21,S,2,C,2,K,1,X,1,Y,1,R,3,"L1:[sp=K,4] S=3,X=223,R=5,Y=186,C=2,K=9 || L2:[sp=Y,21] S=2,C=2,K=1,X=1,Y=1,R=3",-38833.0,-163323000.0,1,K|Y,1
K,4,Y,1,R,4,X,223,C,2,S,6,K,1,K,1,Y,1,S,1,R,4,C,1,X,1,K,1,"L1:[sp=K,4] Y=1,R=4,X=223,C=2,S=6,K=1 || L2:[sp=K,1] Y=1,S=1,R=4,C=1,X=1,K=1",-38897.0,-163323000.0,1,K|K,1
K,4,Y,222,R,4,X,90,K,1,S,5,C,3,C,1,Y,1,S,1,R,2,C,1,X,7,K,1,"L1:[sp=K,4] Y=222,R=4,X=90,K=1,S=5,C=3 || L2:[sp=C,1] Y=1,S=1,R=2,C=1,X=7,K=1",-39157.0,-163323000.0,1,K|C,1
K,4,Y,37,R,4,X,223,K,1,S,6,C,3,C,1,Y,1,S,1,R,2,C,1,X,1,K,1,"L1:[sp=K,4] Y=37,R=4,X=223,K=1,S=6,C=3 || L2:[sp=C,1] Y=1,S=1,R=2,C=1,X=1,K=1",-39169.0,-163323000.0,1,K|C,1
K,4,Y,222,R,4,C,3,K,1,S,6,X,45,C,1,K,1,S,1,R,2,C,1,X,16,Y,1,"L1:[sp=K,4] Y=222,R=4,C=3,K=1,S=6,X=45 || L2:[sp=C,1] K=1,S=1,R=2,C=1,X=16,Y=1",-39333.0,-163323000.0,1,K|C,1
K,4,S,3,X,223,R,6,Y,186,C,3,K,2,Y,21,S,2,C,3,K,1,R,3,Y,1,X,1,"L1:[sp=K,4] S=3,X=223,R=6,Y=186,C=3,K=2 || L2:[sp=Y,21] S=2,C=3,K=1,R=3,Y=1,X=1",-39361.0,-163323000.0,1,K|Y,1
K,4,S,3,X,223,R,6,Y,186,C,3,K,2,Y,21,C,3,S,2,K,1,R,3,Y,1,X,1,"L1:[sp=K,4] S=3,X=223,R=6,Y=186,C=3,K=2 || L2:[sp=Y,21] C=3,S=2,K=1,R=3,Y=1,X=1",-39361.0,-163323000.0,1,K|Y,1
K,4,Y,222,R,4,C,1,K,1,S,6,X,45,C,1,K,1,S,1,R,2,C,1,X,16,Y,1,"L1:[sp=K,4] Y=222,R=4,C=1,K=1,S=6,X=45 || L2:[sp=C,1] K=1,S=1,R=2,C=1,X=16,Y=1",-39373.0,-163323000.0,1,K|C,1
C,4,Y,186,C,3,X,223,K,57,R,2,S,6,Y,67,Y,1,S,1,C,1,X,1,K,47,R,1,"L1:[sp=C,4] Y=186,C=3,X=223,K=57,R=2,S=6 || L2:[sp=Y,67] Y=1,S=1,C=1,X=1,K=47,R=1",-39429.0,-163323000.0,1,C|Y,1
K,4,X,223,R,4,C,1,K,27,S,6,Y,222,C,1,K,1,Y,1,C,1,R,1,X,1,S,5,"L1:[sp=K,4] X=223,R=4,C=1,K=27,S=6,Y=222 || L2:[sp=C,1] K=1,Y=1,C=1,R=1,X=1,S=5",-39703.0,-163323000.0,1,K|C,1
K,4,Y,222,K,1,X,46,R,4,S,4,C,1,X,1,X,1,C,1,R,4,Y,1,K,1,S,1,"L1:[sp=K,4] Y=222,K=1,X=46,R=4,S=4,C=1 || L2:[sp=X,1] X=1,C=1,R=4,Y=1,K=1,S=1",-39709.0,-163323000.0,1,K|X,1
C,4,R,4,K,19,C,1,S,4,X,73,Y,222,X,28,S,2,X,1,R,4,Y,1,K,14,C,1,"L1:[sp=C,4] R=4,K=19,C=1,S=4,X=73,Y=222 || L2:[sp=X,28] S=2,X=1,R=4,Y=1,K=14,C=1",-39745.0,-163323000.0,1,C|X,1
C,4,R,5,X,212,Y,222,C,2,K,55,S,5,X,42,K,26,C,1,S,1,R,2,Y,1,X,1,"L1:[sp=C,4] R=5,X=212,Y=222,C=2,K=55,S=5 || L2:[sp=X,42] K=26,C=1,S=1,R=2,Y=1,X=1",-39805.0,-163323000.0,1,C|X,1
K,4,Y,222,K,1,X,37,R,4,S,4,C,1,X,1,X,1,C,1,R,4,Y,1,K,1,S,1,"L1:[sp=K,4] Y=222,K=1,X=37,R=4,S=4,C=1 || L2:[sp=X,1] X=1,C=1,R=4,Y=1,K=1,S=1",-40225.0,-163323000.0,1,K|X,1
Y,4,Y,222,S,5,K,1,R,4,X,223,C,3,K,4,Y,1,C,1,R,3,S,5,K,1,X,1,"L1:[sp=Y,4] Y=222,S=5,K=1,R=4,X=223,C=3 || L2:[sp=K,4] Y=1,C=1,R=3,S=5,K=1,X=1",-40577.0,-163323000.0,1,Y|K,1
X,4,R,5,Y,222,X,223,S,4,K,1,C,3,K,1,Y,1,C,1,R,5,S,3,K,1,X,1,"L1:[sp=X,4] R=5,Y=222,X=223,S=4,K=1,C=3 || L2:[sp=K,1] Y=1,C=1,R=5,S=3,K=1,X=1",-40577.0,-163323000.0,1,X|K,1
C,4,K,60,S,3,X,223,C,3,R,3,Y,186,Y,67,Y,1,S,1,K,17,X,1,C,1,R,1,"L1:[sp=C,4] K=60,S=3,X=223,C=3,R=3,Y=186 || L2:[sp=Y,67] Y=1,S=1,K=17,X=1,C=1,R=1",-40609.0,-163323000.0,1,C|Y,1
K,4,X,223,R,4,C,1,K,27,Y,26,S,6,K,27,K,1,Y,22,R,4,C,1,X,1,S,2,"L1:[sp=K,4] X=223,R=4,C=1,K=27,Y=26,S=6 || L2:[sp=K,27] K=1,Y=22,R=4,C=1,X=1,S=2",-40813.0,-163323000.0,1,K|K,1
K,4,R,4,Y,222,X,11,S,4,K,1,C,2,K,1,Y,1,C,1,R,4,S,3,K,1,X,1,"L1:[sp=K,4] R=4,Y=222,X=11,S=4,K=1,C=2 || L2:[sp=K,1] Y=1,C=1,R=4,S=3,K=1,X=1",-40825.0,-163323000.0,1,K|K,1
K,4,Y,222,R,4,X,45,K,1,S,6,C,3,C,1,K,1,S,1,R,2,C,1,X,1,Y,1,"L1:[sp=K,4] Y=222,R=4,X=45,K=1,S=6,C=3 || L2:[sp=C,1] K=1,S=1,R=2,C=1,X=1,Y=1",-41013.0,-163323000.0,1,K|C,1
K,4,R,2,Y,222,X,223,K,1,S,6,C,2,C,1,X,1,C,1,R,2,S,1,Y,100,K,1,"L1:[sp=K,4] R=2,Y=222,X=223,K=1,S=6,C=2 || L2:[sp=C,1] X=1,C=1,R=2,S=1,Y=100,K=1",-41025.0,-163324000.0,1,K|C,1
K,4,Y,222,K,19,C,1,R,4,X,65,S,3,X,28,K,4,X,1,R,2,Y,1,S,3,C,1,"L1:[sp=K,4] Y=222,K=19,C=1,R=4,X=65,S=3 || L2:[sp=X,28] K=4,X=1,R=2,Y=1,S=3,C=1",-41113.0,-163323000.0,1,K|X,1
K,4,S,1,K,19,C,1,Y,222,X,77,R,4,X,19,K,4,X,2,R,2,Y,1,S,1,C,1,"L1:[sp=K,4] S=1,K=19,C=1,Y=222,X=77,R=4 || L2:[sp=X,19] K=4,X=2,R=2,Y=1,S=1,C=1",-41623.0,-163323000.0,1,K|X,1
K,4,R,5,S,4,K,62,X,223,Y,222,C,1,X,2,R,3,C,1,S,4,K,1,X,3,Y,1,"L1:[sp=K,4] R=5,S=4,K=62,X=223,Y=222,C=1 || L2:[sp=X,2] R=3,C=1,S=4,K=1,X=3,Y=1",-41677.0,-163323000.0,1,K|X,1
K,4,S,4,Y,222,K,62,X,223,R,5,C,1,X,2,R,3,C,1,S,4,K,1,X,3,Y,1,"L1:[sp=K,4] S=4,Y=222,K=62,X=223,R=5,C=1 || L2:[sp=X,2] R=3,C=1,S=4,K=1,X=3,Y=1",-41677.0,-163323000.0,1,K|X,1
C,4,C,3,S,6,X,223,K,57,R,2,Y,186,Y,67,Y,1,S,1,C,1,X,1,K,4,R,2,"L1:[sp=C,4] C=3,S=6,X=223,K=57,R=2,Y=186 || L2:[sp=Y,67] Y=1,S=1,C=1,X=1,K=4,R=2",-41697.0,-163323000.0,1,C|Y,1
C,4,C,3,S,3,X,223,K,57,R,2,Y,186,Y,67,Y,1,S,1,R,2,X,1,K,4,C,1,"L1:[sp=C,4] C=3,S=3,X=223,K=57,R=2,Y=186 || L2:[sp=Y,67] Y=1,S=1,R=2,X=1,K=4,C=1",-41713.0,-163323000.0,1,C|Y,1
K,4,S,3,R,5,X,223,Y,186,C,3,K,26,Y,21,X,1,R,3,K,1,S,1,Y,1,C,1,"L1:[sp=K,4] S=3,R=5,X=223,Y=186,C=3,K=26 || L2:[sp=Y,21] X=1,R=3,K=1,S=1,Y=1,C=1",-42055.0,-163323000.0,1,K|Y,1
K,4,S,3,R,5,X,223,Y,186,C,3,K,26,Y,21,X,1,R,3,C,1,S,1,Y,1,K,1,"L1:[sp=K,4] S=3,R=5,X=223,Y=186,C=3,K=26 || L2:[sp=Y,21] X=1,R=3,C=1,S=1,Y=1,K=1",-42055.0,-163323000.0,1,K|Y,1
K,4,S,3,R,4,X,223,Y,186,C,3,K,26,Y,21,X,1,R,1,K,23,S,1,Y,1,C,1,"L1:[sp=K,4] S=3,R=4,X=223,Y=186,C=3,K=26 || L2:[sp=Y,21] X=1,R=1,K=23,S=1,Y=1,C=1",-42055.0,-163323000.0,1,K|Y,1
K,4,K,36,X,223,R,5,Y,186,S,3,C,1,Y,67,S,2,Y,1,K,20,X,1,C,1,R,1,"L1:[sp=K,4] K=36,X=223,R=5,Y=186,S=3,C=1 || L2:[sp=Y,67] S=2,Y=1,K=20,X=1,C=1,R=1",-42373.0,-163323000.0,1,K|Y,1
K,4,K,36,X,223,R,5,C,1,S,3,Y,186,Y,67,S,2,Y,1,K,20,X,1,C,1,R,1,"L1:[sp=K,4] K=36,X=223,R=5,C=1,S=3,Y=186 || L2:[sp=Y,67] S=2,Y=1,K=20,X=1,C=1,R=1",-42373.0,-163323000.0,1,K|Y,1
C,4,K,36,X,223,R,2,Y,186,S,3,C,3,Y,67,S,1,R,1,K,20,X,1,C,1,Y,1,"L1:[sp=C,4] K=36,X=223,R=2,Y=186,S=3,C=3 || L2:[sp=Y,67] S=1,R=1,K=20,X=1,C=1,Y=1",-42385.0,-163323000.0,1,C|Y,1
C,4,K,36,X,223,R,1,Y,186,S,6,C,3,Y,67,S,1,R,1,K,20,X,1,C,1,Y,1,"L1:[sp=C,4] K=36,X=223,R=1,Y=186,S=6,C=3 || L2:[sp=Y,67] S=1,R=1,K=20,X=1,C=1,Y=1",-42393.0,-163323000.0,1,C|Y,1
K,4,R,4,Y,222,X,182,S,4,K,1,C,2,K,1,Y,1,C,1,R,4,X,3,K,1,S,4,"L1:[sp=K,4] R=4,Y=222,X=182,S=4,K=1,C=2 || L2:[sp=K,1] Y=1,C=1,R=4,X=3,K=1,S=4",-42449.0,-163323000.0,1,K|K,1
K,4,S,3,X,223,R,1,Y,186,K,36,C,1,Y,67,S,2,Y,1,K,20,X,1,C,1,R,1,"L1:[sp=K,4] S=3,X=223,R=1,Y=186,K=36,C=1 || L2:[sp=Y,67] S=2,Y=1,K=20,X=1,C=1,R=1",-42463.0,-163323000.0,1,K|Y,1
K,4,K,36,X,223,R,1,C,1,S,3,Y,186,Y,67,S,2,K,20,Y,1,X,1,C,1,R,1,"L1:[sp=K,4] K=36,X=223,R=1,C=1,S=3,Y=186 || L2:[sp=Y,67] S=2,K=20,Y=1,X=1,C=1,R=1",-42463.0,-163323000.0,1,K|Y,1
K,4,X,223,R,4,C,1,K,27,S,6,Y,26,K,27,K,1,Y,1,R,4,C,1,X,1,S,2,"L1:[sp=K,4] X=223,R=4,C=1,K=27,S=6,Y=26 || L2:[sp=K,27] K=1,Y=1,R=4,C=1,X=1,S=2",-42541.0,-163323000.0,1,K|K,1
K,4,C,2,Y,14,X,223,S,4,K,1,R,4,K,1,Y,1,C,1,K,1,S,4,R,4,X,1,"L1:[sp=K,4] C=2,Y=14,X=223,S=4,K=1,R=4 || L2:[sp=K,1] Y=1,C=1,K=1,S=4,R=4,X=1",-42561.0,-163323000.0,1,K|K,1
K,4,R,4,Y,222,X,223,S,2,K,1,C,2,K,1,Y,1,C,1,R,4,S,2,K,1,X,1,"L1:[sp=K,4] R=4,Y=222,X=223,S=2,K=1,C=2 || L2:[sp=K,1] Y=1,C=1,R=4,S=2,K=1,X=1",-42833.0,-163323000.0,1,K|K,1
K,4,X,223,R,4,C,2,K,27,S,2,Y,222,K,27,K,1,Y,1,R,4,C,1,X,1,S,2,"L1:[sp=K,4] X=223,R=4,C=2,K=27,S=2,Y=222 || L2:[sp=K,27] K=1,Y=1,R=4,C=1,X=1,S=2",-42833.0,-163323000.0,1,K|K,1
K,4,X,82,R,4,C,1,K,27,S,2,Y,222,K,27,K,1,Y,1,R,4,C,1,S,2,X,1,"L1:[sp=K,4] X=82,R=4,C=1,K=27,S=2,Y=222 || L2:[sp=K,27] K=1,Y=1,R=4,C=1,S=2,X=1",-42889.0,-163323000.0,1,K|K,1
X,4,R,6,X,223,K,45,C,2,Y,222,S,7,X,1,X,1,R,2,C,2,K,1,S,1,Y,20,"L1:[sp=X,4] R=6,X=223,K=45,C=2,Y=222,S=7 || L2:[sp=X,1] X=1,R=2,C=2,K=1,S=1,Y=20",-43017.0,-163323000.0,1,X|X,1
C,4,C,3,S,3,X,223,K,50,R,2,Y,186,Y,67,Y,1,S,1,R,2,X,1,K,4,C,1,"L1:[sp=C,4] C=3,S=3,X=223,K=50,R=2,Y=186 || L2:[sp=Y,67] Y=1,S=1,R=2,X=1,K=4,C=1",-43057.0,-163323000.0,1,C|Y,1
K,4,C,3,K,19,Y,222,R,5,X,151,S,6,X,28,S,6,X,1,R,2,Y,1,K,10,C,1,"L1:[sp=K,4] C=3,K=19,Y=222,R=5,X=151,S=6 || L2:[sp=X,28] S=6,X=1,R=2,Y=1,K=10,C=1",-43101.0,-163324000.0,1,K|X,1
K,4,X,223,R,6,C,2,K,27,S,6,Y,93,K,27,K,1,Y,1,R,4,C,1,X,1,S,2,"L1:[sp=K,4] X=223,R=6,C=2,K=27,S=6,Y=93 || L2:[sp=K,27] K=1,Y=1,R=4,C=1,X=1,S=2",-43225.0,-163323000.0,1,K|K,1
K,4,C,2,S,5,K,37,R,5,Y,222,X,223,K,1,K,1,R,1,C,1,Y,12,X,1,S,1,"L1:[sp=K,4] C=2,S=5,K=37,R=5,Y=222,X=223 || L2:[sp=K,1] K=1,R=1,C=1,Y=12,X=1,S=1",-43521.0,-163323000.0,1,K|K,1
K,4,C,1,S,5,K,37,R,5,Y,222,X,223,K,1,K,11,R,1,C,1,Y,12,X,1,S,1,"L1:[sp=K,4] C=1,S=5,K=37,R=5,Y=222,X=223 || L2:[sp=K,1] K=11,R=1,C=1,Y=12,X=1,S=1",-43525.0,-163323000.0,1,K|K,1
K,4,C,1,S,5,K,37,R,5,Y,222,X,223,K,1,K,1,R,1,C,1,Y,12,X,1,S,1,"L1:[sp=K,4] C=1,S=5,K=37,R=5,Y=222,X=223 || L2:[sp=K,1] K=1,R=1,C=1,Y=12,X=1,S=1",-43525.0,-163323000.0,1,K|K,1
K,4,K,1,R,4,Y,222,C,1,S,6,X,28,K,1,K,1,Y,1,R,2,C,1,X,1,S,1,"L1:[sp=K,4] K=1,R=4,Y=222,C=1,S=6,X=28 || L2:[sp=K,1] K=1,Y=1,R=2,C=1,X=1,S=1",-43609.0,-163323000.0,1,K|K,1
K,4,K,27,R,4,C,1,X,123,S,6,Y,222,K,27,K,1,Y,1,R,4,C,1,X,1,S,2,"L1:[sp=K,4] K=27,R=4,C=1,X=123,S=6,Y=222 || L2:[sp=K,27] K=1,Y=1,R=4,C=1,X=1,S=2",-43609.0,-163323000.0,1,K|K,1
K,4,S,3,X,223,R,5,Y,186,C,2,K,27,Y,21,S,1,R,3,X,1,K,1,Y,1,C,1,"L1:[sp=K,4] S=3,X=223,R=5,Y=186,C=2,K=27 || L2:[sp=Y,21] S=1,R=3,X=1,K=1,Y=1,C=1",-43684.0,-163323000.0,1,K|Y,1
K,4,R,4,Y,222,X,18,S,4,K,1,C,2,K,1,Y,1,S,1,R,4,C,1,K,1,X,1,"L1:[sp=K,4] R=4,Y=222,X=18,S=4,K=1,C=2 || L2:[sp=K,1] Y=1,S=1,R=4,C=1,K=1,X=1",-43785.0,-163323000.0,1,K|K,1
C,4,C,1,K,27,X,223,R,4,S,5,Y,222,K,1,K,1,R,1,S,1,Y,30,X,1,C,1,"L1:[sp=C,4] C=1,K=27,X=223,R=4,S=5,Y=222 || L2:[sp=K,1] K=1,R=1,S=1,Y=30,X=1,C=1",-43917.0,-163323000.0,1,C|K,1
C,4,X,77,K,19,Y,222,R,4,C,1,S,6,X,28,C,1,X,2,R,2,Y,1,K,10,S,1,"L1:[sp=C,4] X=77,K=19,Y=222,R=4,C=1,S=6 || L2:[sp=X,28] C=1,X=2,R=2,Y=1,K=10,S=1",-44401.0,-163323000.0,1,C|X,1
K,4,S,3,X,223,R,7,Y,186,C,3,K,2,C,3,R,1,C,2,K,1,X,1,Y,13,S,1,"L1:[sp=K,4] S=3,X=223,R=7,Y=186,C=3,K=2 || L2:[sp=C,3] R=1,C=2,K=1,X=1,Y=13,S=1",-44695.0,-163323000.0,1,K|C,1
Y,4,S,3,C,3,K,47,Y,1,X,223,R,3,C,2,S,1,R,1,Y,1,X,1,K,43,C,1,"L1:[sp=Y,4] S=3,C=3,K=47,Y=1,X=223,R=3 || L2:[sp=C,2] S=1,R=1,Y=1,X=1,K=43,C=1",-45037.0,-163323000.0,1,Y|C,1
C,4,K,36,X,223,R,2,Y,209,S,6,C,1,Y,67,S,3,Y,1,K,20,X,1,C,1,R,1,"L1:[sp=C,4] K=36,X=223,R=2,Y=209,S=6,C=1 || L2:[sp=Y,67] S=3,Y=1,K=20,X=1,C=1,R=1",-45425.0,-163323000.0,1,C|Y,1
C,4,K,36,X,223,R,5,Y,87,S,3,C,1,Y,67,S,3,Y,1,K,20,R,1,C,1,X,1,"L1:[sp=C,4] K=36,X=223,R=5,Y=87,S=3,C=1 || L2:[sp=Y,67] S=3,Y=1,K=20,R=1,C=1,X=1",-45433.0,-163323000.0,1,C|Y,1
K,4,K,1,R,7,S,5,Y,94,X,223,C,2,C,1,Y,1,R,2,X,1,S,1,K,1,C,2,"L1:[sp=K,4] K=1,R=7,S=5,Y=94,X=223,C=2 || L2:[sp=C,1] Y=1,R=2,X=1,S=1,K=1,C=2",-45681.0,-163323000.0,1,K|C,1
K,4,Y,212,R,5,X,223,S,3,C,3,K,26,Y,21,X,1,R,3,K,1,S,1,Y,1,C,1,"L1:[sp=K,4] Y=212,R=5,X=223,S=3,C=3,K=26 || L2:[sp=Y,21] X=1,R=3,K=1,S=1,Y=1,C=1",-45877.0,-163323000.0,1,K|Y,1
K,4,S,3,X,223,R,5,Y,179,C,2,K,13,Y,21,S,2,Y,1,K,2,X,1,C,1,R,3,"L1:[sp=K,4] S=3,X=223,R=5,Y=179,C=2,K=13 || L2:[sp=Y,21] S=2,Y=1,K=2,X=1,C=1,R=3",-45889.0,-163323000.0,1,K|Y,1
K,4,S,3,X,223,R,5,Y,186,C,3,K,6,Y,21,C,2,R,1,K,2,X,1,Y,13,S,1,"L1:[sp=K,4] S=3,X=223,R=5,Y=186,C=3,K=6 || L2:[sp=Y,21] C=2,R=1,K=2,X=1,Y=13,S=1",-45889.0,-163323000.0,1,K|Y,1
K,4,S,5,X,223,R,4,Y,186,C,3,K,2,Y,26,S,1,C,1,K,2,X,1,Y,13,R,3,"L1:[sp=K,4] S=5,X=223,R=4,Y=186,C=3,K=2 || L2:[sp=Y,26] S=1,C=1,K=2,X=1,Y=13,R=3",-45913.0,-163323000.0,1,K|Y,1
K,4,K,19,C,3,R,6,Y,222,X,173,S,5,X,28,X,1,S,5,C,2,Y,1,K,1,R,3,"L1:[sp=K,4] K=19,C=3,R=6,Y=222,X=173,S=5 || L2:[sp=X,28] X=1,S=5,C=2,Y=1,K=1,R=3",-46179.0,-163323000.0,1,K|X,1
C,4,C,3,S,5,K,1,R,5,X,223,Y,222,C,1,X,1,C,2,K,1,S,5,R,4,Y,1,"L1:[sp=C,4] C=3,S=5,K=1,R=5,X=223,Y=222 || L2:[sp=C,1] X=1,C=2,K=1,S=5,R=4,Y=1",-46337.0,-163323000.0,1,C|C,1
K,4,S,3,R,5,X,223,Y,186,C,3,K,26,Y,21,X,1,R,4,K,1,S,3,Y,1,C,1,"L1:[sp=K,4] S=3,R=5,X=223,Y=186,C=3,K=26 || L2:[sp=Y,21] X=1,R=4,K=1,S=3,Y=1,C=1",-46345.0,-163323000.0,1,K|Y,1
K,4,S,3,R,5,X,223,Y,186,C,3,K,26,Y,21,K,1,R,4,X,1,S,3,Y,1,C,1,"L1:[sp=K,4] S=3,R=5,X=223,Y=186,C=3,K=26 || L2:[sp=Y,21] K=1,R=4,X=1,S=3,Y=1,C=1",-46345.0,-163323000.0,1,K|Y,1
K,4,C,3,R,4,Y,222,K,46,S,7,X,223,K,1,K,1,Y,1,R,2,C,1,X,1,S,6,"L1:[sp=K,4] C=3,R=4,Y=222,K=46,S=7,X=223 || L2:[sp=K,1] K=1,Y=1,R=2,C=1,X=1,S=6",-46371.0,-163323000.0,1,K|K,1
C,4,X,191,K,19,Y,222,R,4,C,1,S,3,X,28,C,1,Y,1,R,2,X,2,K,10,S,3,"L1:[sp=C,4] X=191,K=19,Y=222,R=4,C=1,S=3 || L2:[sp=X,28] C=1,Y=1,R=2,X=2,K=10,S=3",-47569.0,-163323000.0,1,C|X,1
K,4,C,1,Y,222,R,4,X,223,S,5,K,27,C,1,K,1,R,3,C,1,Y,1,X,5,S,1,"L1:[sp=K,4] C=1,Y=222,R=4,X=223,S=5,K=27 || L2:[sp=C,1] K=1,R=3,C=1,Y=1,X=5,S=1",-47641.0,-163323000.0,1,K|C,1
K,4,Y,171,R,5,K,1,X,223,S,5,C,3,C,1,Y,1,S,5,R,1,C,1,X,1,K,1,"L1:[sp=K,4] Y=171,R=5,K=1,X=223,S=5,C=3 || L2:[sp=C,1] Y=1,S=5,R=1,C=1,X=1,K=1",-47889.0,-163323000.0,1,K|C,1
C,4,K,39,X,223,R,2,Y,186,S,3,C,1,Y,67,S,2,Y,1,K,17,R,1,C,1,X,1,"L1:[sp=C,4] K=39,X=223,R=2,Y=186,S=3,C=1 || L2:[sp=Y,67] S=2,Y=1,K=17,R=1,C=1,X=1",-47921.0,-163323000.0,1,C|Y,1
K,4,R,4,Y,222,X,173,K,1,S,3,C,2,K,1,R,4,C,1,Y,1,S,3,X,1,K,1,"L1:[sp=K,4] R=4,Y=222,X=173,K=1,S=3,C=2 || L2:[sp=K,1] R=4,C=1,Y=1,S=3,X=1,K=1",-47977.0,-163323000.0,1,K|K,1
K,4,S,3,X,223,R,1,Y,186,K,41,C,1,Y,67,S,2,Y,1,K,20,X,1,C,1,R,1,"L1:[sp=K,4] S=3,X=223,R=1,Y=186,K=41,C=1 || L2:[sp=Y,67] S=2,Y=1,K=20,X=1,C=1,R=1",-48343.0,-163323000.0,1,K|Y,1
K,4,S,3,X,223,R,5,Y,40,C,2,K,2,Y,6,S,2,C,1,K,2,Y,1,X,1,R,3,"L1:[sp=K,4] S=3,X=223,R=5,Y=40,C=2,K=2 || L2:[sp=Y,6] S=2,C=1,K=2,Y=1,X=1,R=3",-48361.0,-163323000.0,1,K|Y,1
Y,4,K,25,X,223,R,5,Y,54,S,3,C,3,Y,67,S,2,R,1,K,20,X,1,C,1,Y,1,"L1:[sp=Y,4] K=25,X=223,R=5,Y=54,S=3,C=3 || L2:[sp=Y,67] S=2,R=1,K=20,X=1,C=1,Y=1",-48565.0,-163323000.0,1,Y|Y,1
Y,4,K,25,X,223,R,2,Y,87,S,3,C,3,Y,67,S,2,R,1,K,20,X,1,C,3,Y,1,"L1:[sp=Y,4] K=25,X=223,R=2,Y=87,S=3,C=3 || L2:[sp=Y,67] S=2,R=1,K=20,X=1,C=3,Y=1",-48583.0,-163323000.0,1,Y|Y,1
Y,4,K,25,S,3,R,2,Y,87,X,223,C,3,Y,67,S,2,R,1,K,20,X,1,C,3,Y,1,"L1:[sp=Y,4] K=25,S=3,R=2,Y=87,X=223,C=3 || L2:[sp=Y,67] S=2,R=1,K=20,X=1,C=3,Y=1",-48583.0,-163323000.0,1,Y|Y,1
Y,4,K,25,S,3,R,2,Y,87,C,3,X,223,Y,67,S,2,R,1,K,20,X,1,C,3,Y,1,"L1:[sp=Y,4] K=25,S=3,R=2,Y=87,C=3,X=223 || L2:[sp=Y,67] S=2,R=1,K=20,X=1,C=3,Y=1",-48583.0,-163323000.0,1,Y|Y,1
Y,4,K,25,X,223,R,1,Y,87,S,3,C,3,Y,67,S,2,Y,1,K,20,X,1,C,3,R,1,"L1:[sp=Y,4] K=25,X=223,R=1,Y=87,S=3,C=3 || L2:[sp=Y,67] S=2,Y=1,K=20,X=1,C=3,R=1",-48637.0,-163323000.0,1,Y|Y,1
Y,4,K,25,X,223,R,1,Y,87,S,3,C,3,Y,67,S,2,Y,1,K,20,X,1,C,2,R,1,"L1:[sp=Y,4] K=25,X=223,R=1,Y=87,S=3,C=3 || L2:[sp=Y,67] S=2,Y=1,K=20,X=1,C=2,R=1",-48637.0,-163323000.0,1,Y|Y,1
C,4,X,223,S,3,Y,186,K,57,R,1,C,2,Y,67,S,2,Y,1,K,4,X,1,C,1,R,1,"L1:[sp=C,4] X=223,S=3,Y=186,K=57,R=1,C=2 || L2:[sp=Y,67] S=2,Y=1,K=4,X=1,C=1,R=1",-48693.0,-163323000.0,1,C|Y,1
C,4,R,5,X,212,Y,222,C,2,K,55,S,5,X,42,K,39,C,1,S,1,R,2,Y,1,X,1,"L1:[sp=C,4] R=5,X=212,Y=222,C=2,K=55,S=5 || L2:[sp=X,42] K=39,C=1,S=1,R=2,Y=1,X=1",-48723.0,-163324000.0,1,C|X,1
X,4,R,5,S,4,Y,222,X,223,K,17,C,2,C,3,X,1,C,2,K,1,S,4,Y,1,R,4,"L1:[sp=X,4] R=5,S=4,Y=222,X=223,K=17,C=2 || L2:[sp=C,3] X=1,C=2,K=1,S=4,Y=1,R=4",-49185.0,-163323000.0,1,X|C,1
K,4,C,3,K,19,Y,222,R,4,X,151,S,6,X,28,S,6,X,1,R,2,Y,1,K,10,C,1,"L1:[sp=K,4] C=3,K=19,Y=222,R=4,X=151,S=6 || L2:[sp=X,28] S=6,X=1,R=2,Y=1,K=10,C=1",-49257.0,-163324000.0,1,K|X,1
K,4,Y,222,K,19,C,3,R,4,X,175,S,6,X,28,S,6,X,1,R,2,Y,1,K,10,C,1,"L1:[sp=K,4] Y=222,K=19,C=3,R=4,X=175,S=6 || L2:[sp=X,28] S=6,X=1,R=2,Y=1,K=10,C=1",-49257.0,-163324000.0,1,K|X,1
K,4,C,3,Y,222,K,19,R,4,X,151,S,6,X,28,S,6,X,1,R,2,Y,1,K,10,C,1,"L1:[sp=K,4] C=3,Y=222,K=19,R=4,X=151,S=6 || L2:[sp=X,28] S=6,X=1,R=2,Y=1,K=10,C=1",-49257.0,-163324000.0,1,K|X,1
K,4,C,3,K,19,R,4,Y,222,X,151,S,6,X,28,S,6,Y,1,R,2,X,1,K,10,C,1,"L1:[sp=K,4] C=3,K=19,R=4,Y=222,X=151,S=6 || L2:[sp=X,28] S=6,Y=1,R=2,X=1,K=10,C=1",-49257.0,-163324000.0,1,K|X,1
K,4,C,3,S,6,Y,222,R,4,X,151,K,19,X,28,S,6,X,1,R,2,Y,1,K,9,C,1,"L1:[sp=K,4] C=3,S=6,Y=222,R=4,X=151,K=19 || L2:[sp=X,28] S=6,X=1,R=2,Y=1,K=9,C=1",-49257.0,-163324000.0,1,K|X,1
K,4,C,2,K,19,Y,222,R,6,X,173,S,6,X,28,X,1,S,6,R,2,Y,1,K,10,C,1,"L1:[sp=K,4] C=2,K=19,Y=222,R=6,X=173,S=6 || L2:[sp=X,28] X=1,S=6,R=2,Y=1,K=10,C=1",-49265.0,-163324000.0,1,K|X,1
K,4,Y,222,K,19,C,1,R,4,X,204,S,6,X,28,S,6,X,1,R,2,Y,1,K,4,C,1,"L1:[sp=K,4] Y=222,K=19,C=1,R=4,X=204,S=6 || L2:[sp=X,28] S=6,X=1,R=2,Y=1,K=4,C=1",-49273.0,-163323000.0,1,K|X,1
K,4,R,4,Y,222,X,103,S,4,K,1,C,2,K,1,Y,1,C,2,R,4,S,3,K,1,X,1,"L1:[sp=K,4] R=4,Y=222,X=103,S=4,K=1,C=2 || L2:[sp=K,1] Y=1,C=2,R=4,S=3,K=1,X=1",-50201.0,-163323000.0,1,K|K,1
K,4,K,1,Y,222,S,1,R,4,X,223,C,2,C,2,Y,1,C,2,R,2,S,1,X,1,K,1,"L1:[sp=K,4] K=1,Y=222,S=1,R=4,X=223,C=2 || L2:[sp=C,2] Y=1,C=2,R=2,S=1,X=1,K=1",-50233.0,-163323000.0,1,K|C,1
K,4,Y,222,C,2,X,223,K,1,S,1,R,4,K,1,Y,1,C,2,R,2,S,1,X,1,K,1,"L1:[sp=K,4] Y=222,C=2,X=223,K=1,S=1,R=4 || L2:[sp=K,1] Y=1,C=2,R=2,S=1,X=1,K=1",-50233.0,-163323000.0,1,K|K,1
K,4,S,3,X,223,R,5,Y,30,C,1,K,2,Y,30,S,1,C,1,X,1,K,2,Y,3,R,2,"L1:[sp=K,4] S=3,X=223,R=5,Y=30,C=1,K=2 || L2:[sp=Y,30] S=1,C=1,X=1,K=2,Y=3,R=2",-50401.0,-163323000.0,1,K|Y,1
K,4,S,3,X,223,R,5,Y,30,C,1,K,2,Y,30,S,1,C,1,X,1,K,2,Y,3,R,3,"L1:[sp=K,4] S=3,X=223,R=5,Y=30,C=1,K=2 || L2:[sp=Y,30] S=1,C=1,X=1,K=2,Y=3,R=3",-50401.0,-163323000.0,1,K|Y,1
X,4,X,223,R,5,S,5,Y,222,K,1,C,2,C,28,Y,1,R,1,X,1,K,1,S,3,C,2,"L1:[sp=X,4] X=223,R=5,S=5,Y=222,K=1,C=2 || L2:[sp=C,28] Y=1,R=1,X=1,K=1,S=3,C=2",-50689.0,-163323000.0,1,X|C,1
X,4,X,223,R,5,S,5,Y,222,K,1,C,2,C,28,Y,1,K,1,X,1,R,1,S,3,C,2,"L1:[sp=X,4] X=223,R=5,S=5,Y=222,K=1,C=2 || L2:[sp=C,28] Y=1,K=1,X=1,R=1,S=3,C=2",-50689.0,-163323000.0,1,X|C,1
Y,4,K,1,R,5,S,5,Y,222,X,223,C,2,C,1,Y,1,R,1,X,1,S,3,K,1,C,2,"L1:[sp=Y,4] K=1,R=5,S=5,Y=222,X=223,C=2 || L2:[sp=C,1] Y=1,R=1,X=1,S=3,K=1,C=2",-50689.0,-163323000.0,1,Y|C,1
K,4,K,1,X,118,Y,222,R,4,C,2,S,6,K,1,R,4,C,2,Y,1,S,1,X,1,K,1,"L1:[sp=K,4] K=1,X=118,Y=222,R=4,C=2,S=6 || L2:[sp=K,1] R=4,C=2,Y=1,S=1,X=1,K=1",-51313.0,-163323000.0,1,K|K,1
K,4,X,223,R,5,C,2,K,52,S,5,Y,222,C,1,K,1,Y,1,R,4,C,1,X,1,S,3,"L1:[sp=K,4] X=223,R=5,C=2,K=52,S=5,Y=222 || L2:[sp=C,1] K=1,Y=1,R=4,C=1,X=1,S=3",-52425.0,-163323000.0,1,K|C,1
C,4,C,3,S,6,X,223,K,27,Y,222,R,6,X,1,K,1,R,2,C,1,Y,1,X,1,S,5,"L1:[sp=C,4] C=3,S=6,X=223,K=27,Y=222,R=6 || L2:[sp=X,1] K=1,R=2,C=1,Y=1,X=1,S=5",-53773.0,-163323000.0,1,C|X,1
X,4,C,2,K,27,X,223,S,6,R,6,Y,222,C,1,R,2,K,1,C,1,Y,1,X,1,S,5,"L1:[sp=X,4] C=2,K=27,X=223,S=6,R=6,Y=222 || L2:[sp=C,1] R=2,K=1,C=1,Y=1,X=1,S=5",-53785.0,-163323000.0,1,X|C,1
K,4,Y,222,R,4,C,3,K,1,S,6,X,45,X,9,K,1,S,1,R,2,C,1,X,16,Y,1,"L1:[sp=K,4] Y=222,R=4,C=3,K=1,S=6,X=45 || L2:[sp=X,9] K=1,S=1,R=2,C=1,X=16,Y=1",-53841.0,-163323000.0,1,K|X,1
K,4,K,26,R,5,X,223,Y,186,C,3,S,3,Y,21,S,3,R,3,K,1,X,1,Y,1,C,1,"L1:[sp=K,4] K=26,R=5,X=223,Y=186,C=3,S=3 || L2:[sp=Y,21] S=3,R=3,K=1,X=1,Y=1,C=1",-54067.0,-163323000.0,1,K|Y,1
K,4,S,3,R,4,X,223,Y,186,C,3,K,26,Y,21,X,1,R,1,K,1,S,3,Y,1,C,1,"L1:[sp=K,4] S=3,R=4,X=223,Y=186,C=3,K=26 || L2:[sp=Y,21] X=1,R=1,K=1,S=3,Y=1,C=1",-54067.0,-163323000.0,1,K|Y,1
K,4,S,3,R,3,X,223,Y,186,C,3,K,26,Y,21,X,1,R,3,K,1,S,1,Y,1,C,1,"L1:[sp=K,4] S=3,R=3,X=223,Y=186,C=3,K=26 || L2:[sp=Y,21] X=1,R=3,K=1,S=1,Y=1,C=1",-54073.0,-163323000.0,1,K|Y,1
K,4,C,3,R,4,Y,222,K,46,S,6,X,223,K,1,K,1,Y,8,R,2,C,1,X,1,S,1,"L1:[sp=K,4] C=3,R=4,Y=222,K=46,S=6,X=223 || L2:[sp=K,1] K=1,Y=8,R=2,C=1,X=1,S=1",-54101.0,-163323000.0,1,K|K,1
K,4,S,3,X,223,R,1,Y,186,C,2,K,17,Y,21,Y,1,C,1,S,2,X,1,K,2,R,1,"L1:[sp=K,4] S=3,X=223,R=1,Y=186,C=2,K=17 || L2:[sp=Y,21] Y=1,C=1,S=2,X=1,K=2,R=1",-55063.0,-163323000.0,1,K|Y,1
X,4,R,6,X,223,K,28,C,2,Y,222,S,3,X,1,X,1,R,2,S,3,K,1,C,2,Y,20,"L1:[sp=X,4] R=6,X=223,K=28,C=2,Y=222,S=3 || L2:[sp=X,1] X=1,R=2,S=3,K=1,C=2,Y=20",-55333.0,-163323000.0,1,X|X,1
Y,4,K,25,S,3,R,2,Y,87,C,3,X,223,Y,67,S,2,R,1,K,4,X,1,C,3,Y,1,"L1:[sp=Y,4] K=25,S=3,R=2,Y=87,C=3,X=223 || L2:[sp=Y,67] S=2,R=1,K=4,X=1,C=3,Y=1",-55639.0,-163323000.0,1,Y|Y,1
K,4,C,2,K,19,S,3,R,4,X,65,Y,222,X,28,C,1,R,1,X,1,Y,1,K,10,S,2,"L1:[sp=K,4] C=2,K=19,S=3,R=4,X=65,Y=222 || L2:[sp=X,28] C=1,R=1,X=1,Y=1,K=10,S=2",-55909.0,-163323000.0,1,K|X,1
K,4,Y,222,K,19,C,1,R,4,X,65,S,3,X,28,K,6,X,1,R,1,Y,1,C,1,S,2,"L1:[sp=K,4] Y=222,K=19,C=1,R=4,X=65,S=3 || L2:[sp=X,28] K=6,X=1,R=1,Y=1,C=1,S=2",-55933.0,-163323000.0,1,K|X,1
C,4,K,37,X,223,R,2,Y,186,S,6,C,3,Y,67,S,3,R,1,K,20,X,1,C,1,Y,1,"L1:[sp=C,4] K=37,X=223,R=2,Y=186,S=6,C=3 || L2:[sp=Y,67] S=3,R=1,K=20,X=1,C=1,Y=1",-55977.0,-163323000.0,1,C|Y,1
K,4,S,3,X,223,R,5,Y,186,C,2,K,27,Y,21,S,3,R,3,X,1,K,1,Y,1,C,1,"L1:[sp=K,4] S=3,X=223,R=5,Y=186,C=2,K=27 || L2:[sp=Y,21] S=3,R=3,X=1,K=1,Y=1,C=1",-56158.0,-163323000.0,1,K|Y,1
X,4,K,18,C,3,Y,222,R,5,X,151,S,6,X,28,X,1,S,5,R,2,Y,1,C,1,K,10,"L1:[sp=X,4] K=18,C=3,Y=222,R=5,X=151,S=6 || L2:[sp=X,28] X=1,S=5,R=2,Y=1,C=1,K=10",-56465.0,-163323000.0,1,X|X,1
C,4,K,36,X,223,R,1,Y,186,S,3,C,1,Y,67,S,2,Y,1,K,20,X,1,C,1,R,1,"L1:[sp=C,4] K=36,X=223,R=1,Y=186,S=3,C=1 || L2:[sp=Y,67] S=2,Y=1,K=20,X=1,C=1,R=1",-56617.0,-163323000.0,1,C|Y,1
K,4,S,3,X,223,R,4,Y,186,C,3,K,2,Y,168,S,2,C,1,K,2,X,1,Y,1,R,1,"L1:[sp=K,4] S=3,X=223,R=4,Y=186,C=3,K=2 || L2:[sp=Y,168] S=2,C=1,K=2,X=1,Y=1,R=1",-56833.0,-163323000.0,1,K|Y,1
K,4,S,3,X,223,R,4,Y,44,C,3,K,6,Y,168,S,1,C,1,K,2,R,1,Y,1,X,1,"L1:[sp=K,4] S=3,X=223,R=4,Y=44,C=3,K=6 || L2:[sp=Y,168] S=1,C=1,K=2,R=1,Y=1,X=1",-56845.0,-163323000.0,1,K|Y,1
K,4,K,39,X,223,R,5,Y,87,S,3,C,1,Y,67,S,2,Y,1,K,20,R,1,C,1,X,1,"L1:[sp=K,4] K=39,X=223,R=5,Y=87,S=3,C=1 || L2:[sp=Y,67] S=2,Y=1,K=20,R=1,C=1,X=1",-57385.0,-163323000.0,1,K|Y,1
K,4,K,59,R,5,Y,115,C,3,X,223,S,5,Y,115,Y,1,R,2,C,2,X,1,K,10,S,2,"L1:[sp=K,4] K=59,R=5,Y=115,C=3,X=223,S=5 || L2:[sp=Y,115] Y=1,R=2,C=2,X=1,K=10,S=2",-59993.0,-163323000.0,1,K|Y,1
C,4,K,59,C,3,Y,124,R,5,X,223,S,5,Y,115,Y,1,R,2,C,2,X,1,K,10,S,2,"L1:[sp=C,4] K=59,C=3,Y=124,R=5,X=223,S=5 || L2:[sp=Y,115] Y=1,R=2,C=2,X=1,K=10,S=2",-59993.0,-163323000.0,1,C|Y,1
C,4,K,59,C,3,Y,124,R,5,X,223,S,5,Y,115,Y,1,R,2,C,3,X,1,K,10,S,2,"L1:[sp=C,4] K=59,C=3,Y=124,R=5,X=223,S=5 || L2:[sp=Y,115] Y=1,R=2,C=3,X=1,K=10,S=2",-59993.0,-163323000.0,1,C|Y,1
C,4,X,221,C,2,R,4,K,43,S,6,Y,222,K,3,K,1,Y,1,R,1,C,1,X,70,S,5,"L1:[sp=C,4] X=221,C=2,R=4,K=43,S=6,Y=222 || L2:[sp=K,3] K=1,Y=1,R=1,C=1,X=70,S=5",-60377.0,-163323000.0,1,C|K,1
C,4,X,221,C,2,R,4,K,27,S,6,Y,222,K,3,K,1,Y,1,R,1,C,1,X,70,S,5,"L1:[sp=C,4] X=221,C=2,R=4,K=27,S=6,Y=222 || L2:[sp=K,3] K=1,Y=1,R=1,C=1,X=70,S=5",-60381.0,-163323000.0,1,C|K,1
K,4,S,5,X,223,R,7,Y,186,C,3,K,2,Y,21,C,1,R,3,K,2,X,1,Y,13,S,2,"L1:[sp=K,4] S=5,X=223,R=7,Y=186,C=3,K=2 || L2:[sp=Y,21] C=1,R=3,K=2,X=1,Y=13,S=2",-61169.0,-163323000.0,1,K|Y,1
K,4,S,3,X,223,R,4,Y,186,C,2,K,2,Y,21,S,1,C,1,K,2,X,1,Y,26,R,1,"L1:[sp=K,4] S=3,X=223,R=4,Y=186,C=2,K=2 || L2:[sp=Y,21] S=1,C=1,K=2,X=1,Y=26,R=1",-61249.0,-163323000.0,1,K|Y,1
X,4,C,1,K,40,S,5,R,4,X,65,Y,222,X,28,C,1,X,3,R,1,Y,1,K,10,S,1,"L1:[sp=X,4] C=1,K=40,S=5,R=4,X=65,Y=222 || L2:[sp=X,28] C=1,X=3,R=1,Y=1,K=10,S=1",-61765.0,-163323000.0,1,X|X,1
K,4,S,3,X,223,Y,186,R,5,C,1,K,35,Y,21,S,1,C,1,K,2,X,1,Y,1,R,1,"L1:[sp=K,4] S=3,X=223,Y=186,R=5,C=1,K=35 || L2:[sp=Y,21] S=1,C=1,K=2,X=1,Y=1,R=1",-61777.0,-163323000.0,1,K|Y,1
Y,4,X,223,C,1,S,3,R,1,Y,1,K,47,X,6,S,1,Y,1,C,1,X,1,K,21,R,1,"L1:[sp=Y,4] X=223,C=1,S=3,R=1,Y=1,K=47 || L2:[sp=X,6] S=1,Y=1,C=1,X=1,K=21,R=1",-62161.0,-163323000.0,1,Y|X,1
K,4,C,1,S,5,K,37,R,4,Y,222,X,223,K,1,K,1,R,1,C,1,Y,12,X,1,S,5,"L1:[sp=K,4] C=1,S=5,K=37,R=4,Y=222,X=223 || L2:[sp=K,1] K=1,R=1,C=1,Y=12,X=1,S=5",-62173.0,-163323000.0,1,K|K,1
K,4,S,3,X,223,Y,108,R,6,C,2,K,19,Y,21,S,1,C,2,K,2,X,1,Y,1,R,3,"L1:[sp=K,4] S=3,X=223,Y=108,R=6,C=2,K=19 || L2:[sp=Y,21] S=1,C=2,K=2,X=1,Y=1,R=3",-62281.0,-163323000.0,1,K|Y,1
X,4,K,36,C,3,Y,222,R,5,X,144,S,6,X,28,X,1,S,2,R,2,Y,1,K,10,C,1,"L1:[sp=X,4] K=36,C=3,Y=222,R=5,X=144,S=6 || L2:[sp=X,28] X=1,S=2,R=2,Y=1,K=10,C=1",-62505.0,-163323000.0,1,X|X,1
C,4,R,4,K,19,C,2,S,3,X,168,Y,222,X,28,K,14,X,1,R,2,Y,1,S,1,C,2,"L1:[sp=C,4] R=4,K=19,C=2,S=3,X=168,Y=222 || L2:[sp=X,28] K=14,X=1,R=2,Y=1,S=1,C=2",-62545.0,-163323000.0,1,C|X,1
K,4,K,1,Y,222,S,1,C,2,X,223,R,5,C,2,Y,1,C,2,R,5,S,1,X,1,K,1,"L1:[sp=K,4] K=1,Y=222,S=1,C=2,X=223,R=5 || L2:[sp=C,2] Y=1,C=2,R=5,S=1,X=1,K=1",-62777.0,-163323000.0,1,K|C,1
C,4,Y,222,K,26,C,1,R,4,X,65,S,3,X,28,K,4,X,1,R,1,Y,1,S,2,C,1,"L1:[sp=C,4] Y=222,K=26,C=1,R=4,X=65,S=3 || L2:[sp=X,28] K=4,X=1,R=1,Y=1,S=2,C=1",-62793.0,-163323000.0,1,C|X,1
K,4,K,1,R,4,Y,222,C,1,S,6,X,10,K,1,K,1,Y,1,R,4,C,1,X,1,S,6,"L1:[sp=K,4] K=1,R=4,Y=222,C=1,S=6,X=10 || L2:[sp=K,1] K=1,Y=1,R=4,C=1,X=1,S=6",-63337.0,-163323000.0,1,K|K,1
K,4,S,3,R,5,Y,186,X,223,C,3,K,36,Y,21,S,1,C,2,K,27,X,1,Y,1,R,1,"L1:[sp=K,4] S=3,R=5,Y=186,X=223,C=3,K=36 || L2:[sp=Y,21] S=1,C=2,K=27,X=1,Y=1,R=1",-63517.0,-163323000.0,1,K|Y,1
K,4,S,3,X,223,R,2,Y,186,C,3,K,2,K,1,S,1,Y,13,X,1,K,1,C,3,R,1,"L1:[sp=K,4] S=3,X=223,R=2,Y=186,C=3,K=2 || L2:[sp=K,1] S=1,Y=13,X=1,K=1,C=3,R=1",-64117.0,-163323000.0,1,K|K,1
X,4,C,2,R,6,X,223,Y,222,S,5,K,27,C,1,K,1,Y,1,R,4,C,1,X,1,S,3,"L1:[sp=X,4] C=2,R=6,X=223,Y=222,S=5,K=27 || L2:[sp=C,1] K=1,Y=1,R=4,C=1,X=1,S=3",-64537.0,-163323000.0,1,X|C,1
K,4,C,3,K,19,R,4,Y,222,X,151,S,3,X,28,K,10,Y,1,R,1,X,1,S,3,C,1,"L1:[sp=K,4] C=3,K=19,R=4,Y=222,X=151,S=3 || L2:[sp=X,28] K=10,Y=1,R=1,X=1,S=3,C=1",-64651.0,-163323000.0,1,K|X,1
K,4,S,3,X,223,Y,186,R,5,C,2,K,40,Y,21,S,1,K,19,C,1,X,1,Y,1,R,3,"L1:[sp=K,4] S=3,X=223,Y=186,R=5,C=2,K=40 || L2:[sp=Y,21] S=1,K=19,C=1,X=1,Y=1,R=3",-64705.0,-163323000.0,1,K|Y,1
X,4,S,4,Y,222,X,223,R,4,K,1,C,3,K,1,Y,1,C,1,K,1,S,4,R,3,X,3,"L1:[sp=X,4] S=4,Y=222,X=223,R=4,K=1,C=3 || L2:[sp=K,1] Y=1,C=1,K=1,S=4,R=3,X=3",-64769.0,-163323000.0,1,X|K,1
K,4,C,3,R,4,X,223,S,6,K,1,Y,197,K,1,X,1,R,2,K,1,C,1,Y,1,S,6,"L1:[sp=K,4] C=3,R=4,X=223,S=6,K=1,Y=197 || L2:[sp=K,1] X=1,R=2,K=1,C=1,Y=1,S=6",-64809.0,-163323000.0,1,K|K,1
K,4,S,3,R,5,X,223,Y,26,C,3,K,26,Y,21,X,1,R,2,K,23,S,1,Y,1,C,1,"L1:[sp=K,4] S=3,R=5,X=223,Y=26,C=3,K=26 || L2:[sp=Y,21] X=1,R=2,K=23,S=1,Y=1,C=1",-65029.0,-163323000.0,1,K|Y,1
K,4,K,1,R,7,S,5,Y,65,X,223,C,3,C,1,Y,1,R,6,X,1,S,3,K,1,C,2,"L1:[sp=K,4] K=1,R=7,S=5,Y=65,X=223,C=3 || L2:[sp=C,1] Y=1,R=6,X=1,S=3,K=1,C=2",-65277.0,-163323000.0,1,K|C,1
K,4,S,3,X,223,R,5,Y,186,C,3,K,2,C,1,S,1,C,2,X,1,K,1,Y,13,R,3,"L1:[sp=K,4] S=3,X=223,R=5,Y=186,C=3,K=2 || L2:[sp=C,1] S=1,C=2,X=1,K=1,Y=13,R=3",-65281.0,-163323000.0,1,K|C,1
K,4,Y,212,R,5,X,223,S,3,K,26,C,3,Y,21,X,1,K,1,R,5,C,1,Y,1,S,1,"L1:[sp=K,4] Y=212,R=5,X=223,S=3,K=26,C=3 || L2:[sp=Y,21] X=1,K=1,R=5,C=1,Y=1,S=1",-65533.0,-163323000.0,1,K|Y,1
K,4,Y,222,K,39,C,1,R,4,X,85,S,3,X,28,K,4,X,1,R,2,Y,1,S,1,C,1,"L1:[sp=K,4] Y=222,K=39,C=1,R=4,X=85,S=3 || L2:[sp=X,28] K=4,X=1,R=2,Y=1,S=1,C=1",-65575.0,-163323000.0,1,K|X,1
K,4,K,57,Y,115,R,5,C,3,S,5,X,223,K,57,Y,1,R,3,C,2,X,1,K,1,S,2,"L1:[sp=K,4] K=57,Y=115,R=5,C=3,S=5,X=223 || L2:[sp=K,57] Y=1,R=3,C=2,X=1,K=1,S=2",-65865.0,-163323000.0,1,K|K,1
K,4,S,3,X,223,R,5,Y,186,C,3,K,2,K,1,Y,1,X,1,K,1,C,1,S,1,R,3,"L1:[sp=K,4] S=3,X=223,R=5,Y=186,C=3,K=2 || L2:[sp=K,1] Y=1,X=1,K=1,C=1,S=1,R=3",-65869.0,-163323000.0,1,K|K,1
K,4,K,1,X,223,S,5,Y,222,R,1,C,3,C,1,Y,1,R,1,X,1,S,3,K,1,C,3,"L1:[sp=K,4] K=1,X=223,S=5,Y=222,R=1,C=3 || L2:[sp=C,1] Y=1,R=1,X=1,S=3,K=1,C=3",-65885.0,-163323000.0,1,K|C,1
K,4,K,1,X,223,S,5,Y,139,R,5,C,3,C,1,Y,1,R,2,X,1,S,3,K,1,C,3,"L1:[sp=K,4] K=1,X=223,S=5,Y=139,R=5,C=3 || L2:[sp=C,1] Y=1,R=2,X=1,S=3,K=1,C=3",-66453.0,-163323000.0,1,K|C,1
K,4,K,22,Y,115,R,5,C,3,X,223,S,5,K,27,Y,1,R,2,C,2,X,1,K,2,S,1,"L1:[sp=K,4] K=22,Y=115,R=5,C=3,X=223,S=5 || L2:[sp=K,27] Y=1,R=2,C=2,X=1,K=2,S=1",-66453.0,-163323000.0,1,K|K,1
K,4,S,5,Y,153,X,223,C,2,R,5,K,31,K,31,X,1,C,1,S,2,K,1,Y,1,R,2,"L1:[sp=K,4] S=5,Y=153,X=223,C=2,R=5,K=31 || L2:[sp=K,31] X=1,C=1,S=2,K=1,Y=1,R=2",-66461.0,-163323000.0,1,K|K,1
X,4,K,19,C,3,Y,222,R,5,X,144,S,6,X,28,X,1,S,2,R,2,Y,1,K,10,C,1,"L1:[sp=X,4] K=19,C=3,Y=222,R=5,X=144,S=6 || L2:[sp=X,28] X=1,S=2,R=2,Y=1,K=10,C=1",-66545.0,-163323000.0,1,X|X,1
C,4,X,151,K,38,Y,222,R,4,C,3,S,6,X,28,C,1,X,1,R,2,Y,1,K,32,S,1,"L1:[sp=C,4] X=151,K=38,Y=222,R=4,C=3,S=6 || L2:[sp=X,28] C=1,X=1,R=2,Y=1,K=32,S=1",-66545.0,-163323000.0,1,C|X,1
K,4,K,1,R,7,S,5,Y,203,X,223,C,3,C,1,Y,1,R,2,S,3,X,1,K,1,C,2,"L1:[sp=K,4] K=1,R=7,S=5,Y=203,X=223,C=3 || L2:[sp=C,1] Y=1,R=2,S=3,X=1,K=1,C=2",-67037.0,-163323000.0,1,K|C,1
K,4,K,1,R,7,S,5,Y,148,X,223,C,3,K,1,R,2,Y,1,X,1,S,2,K,1,C,1,"L1:[sp=K,4] K=1,R=7,S=5,Y=148,X=223,C=3 || L2:[sp=K,1] R=2,Y=1,X=1,S=2,K=1,C=1",-67037.0,-163323000.0,1,K|K,1
K,4,S,3,X,223,R,7,Y,186,C,3,K,2,C,1,S,1,C,3,X,1,K,1,Y,13,R,1,"L1:[sp=K,4] S=3,X=223,R=7,Y=186,C=3,K=2 || L2:[sp=C,1] S=1,C=3,X=1,K=1,Y=13,R=1",-67039.0,-163323000.0,1,K|C,1
K,4,S,3,X,223,R,5,Y,185,C,3,K,2,X,2,S,1,C,1,K,2,X,1,Y,1,R,1,"L1:[sp=K,4] S=3,X=223,R=5,Y=185,C=3,K=2 || L2:[sp=X,2] S=1,C=1,K=2,X=1,Y=1,R=1",-67045.0,-163323000.0,1,K|X,1
K,4,X,223,S,3,Y,186,K,57,R,1,C,2,Y,67,S,2,Y,1,C,1,X,1,K,4,R,1,"L1:[sp=K,4] X=223,S=3,Y=186,K=57,R=1,C=2 || L2:[sp=Y,67] S=2,Y=1,C=1,X=1,K=4,R=1",-67117.0,-163323000.0,1,K|Y,1
K,4,X,223,S,3,Y,186,K,57,R,1,C,2,Y,67,S,2,Y,1,K,4,X,1,C,1,R,1,"L1:[sp=K,4] X=223,S=3,Y=186,K=57,R=1,C=2 || L2:[sp=Y,67] S=2,Y=1,K=4,X=1,C=1,R=1",-67117.0,-163323000.0,1,K|Y,1
K,4,X,223,S,3,Y,186,K,57,R,1,C,1,Y,67,X,1,Y,1,C,1,S,2,K,4,R,1,"L1:[sp=K,4] X=223,S=3,Y=186,K=57,R=1,C=1 || L2:[sp=Y,67] X=1,Y=1,C=1,S=2,K=4,R=1",-67159.0,-163323000.0,1,K|Y,1
K,4,X,137,R,5,Y,222,K,1,S,6,C,1,K,1,K,1,Y,1,R,1,C,1,X,1,S,1,"L1:[sp=K,4] X=137,R=5,Y=222,K=1,S=6,C=1 || L2:[sp=K,1] K=1,Y=1,R=1,C=1,X=1,S=1",-67351.0,-163323000.0,1,K|K,1
K,4,S,3,X,223,R,5,Y,186,C,2,K,42,Y,21,S,1,C,1,K,9,X,1,Y,1,R,3,"L1:[sp=K,4] S=3,X=223,R=5,Y=186,C=2,K=42 || L2:[sp=Y,21] S=1,C=1,K=9,X=1,Y=1,R=3",-67939.0,-163323000.0,1,K|Y,1
K,4,S,5,X,223,R,7,C,2,Y,76,K,2,K,1,K,1,C,1,S,1,X,1,Y,32,R,4,"L1:[sp=K,4] S=5,X=223,R=7,C=2,Y=76,K=2 || L2:[sp=K,1] K=1,C=1,S=1,X=1,Y=32,R=4",-70573.0,-163323000.0,1,K|K,1
C,4,K,36,X,223,R,2,Y,87,S,3,C,1,Y,67,S,2,Y,1,K,20,R,1,C,1,X,1,"L1:[sp=C,4] K=36,X=223,R=2,Y=87,S=3,C=1 || L2:[sp=Y,67] S=2,Y=1,K=20,R=1,C=1,X=1",-70705.0,-163323000.0,1,C|Y,1
K,4,R,4,Y,222,X,223,K,11,C,2,S,6,X,28,Y,90,C,1,R,3,S,1,K,1,X,1,"L1:[sp=K,4] R=4,Y=222,X=223,K=11,C=2,S=6 || L2:[sp=X,28] Y=90,C=1,R=3,S=1,K=1,X=1",-71157.0,-163323000.0,1,K|X,1
K,4,S,6,X,223,R,2,Y,186,C,3,K,44,Y,21,S,1,Y,1,K,44,X,1,C,1,R,1,"L1:[sp=K,4] S=6,X=223,R=2,Y=186,C=3,K=44 || L2:[sp=Y,21] S=1,Y=1,K=44,X=1,C=1,R=1",-71165.0,-163323000.0,1,K|Y,1
K,4,S,3,X,223,R,4,K,44,C,1,Y,186,Y,21,S,1,C,1,R,3,X,1,Y,1,K,2,"L1:[sp=K,4] S=3,X=223,R=4,K=44,C=1,Y=186 || L2:[sp=Y,21] S=1,C=1,R=3,X=1,Y=1,K=2",-71185.0,-163323000.0,1,K|Y,1
K,4,S,6,X,223,R,2,Y,209,C,1,K,44,Y,21,X,1,Y,1,K,11,S,1,C,1,R,1,"L1:[sp=K,4] S=6,X=223,R=2,Y=209,C=1,K=44 || L2:[sp=Y,21] X=1,Y=1,K=11,S=1,C=1,R=1",-71197.0,-163323000.0,1,K|Y,1
K,4,K,44,X,223,R,1,Y,209,C,1,S,6,Y,21,X,1,Y,1,K,11,S,1,C,1,R,1,"L1:[sp=K,4] K=44,X=223,R=1,Y=209,C=1,S=6 || L2:[sp=Y,21] X=1,Y=1,K=11,S=1,C=1,R=1",-71233.0,-163323000.0,1,K|Y,1
K,4,S,3,X,223,R,1,Y,186,C,1,K,44,Y,21,S,1,Y,1,K,20,X,1,C,1,R,1,"L1:[sp=K,4] S=3,X=223,R=1,Y=186,C=1,K=44 || L2:[sp=Y,21] S=1,Y=1,K=20,X=1,C=1,R=1",-71275.0,-163323000.0,1,K|Y,1
K,4,S,3,R,5,X,223,Y,186,C,3,K,40,Y,21,X,1,R,4,K,1,S,3,Y,1,C,1,"L1:[sp=K,4] S=3,R=5,X=223,Y=186,C=3,K=40 || L2:[sp=Y,21] X=1,R=4,K=1,S=3,Y=1,C=1",-71293.0,-163323000.0,1,K|Y,1
K,4,S,3,X,223,R,1,Y,63,C,1,K,44,Y,21,S,1,Y,1,K,20,X,1,C,1,R,1,"L1:[sp=K,4] S=3,X=223,R=1,Y=63,C=1,K=44 || L2:[sp=Y,21] S=1,Y=1,K=20,X=1,C=1,R=1",-71401.0,-163323000.0,1,K|Y,1
K,4,S,3,X,223,R,1,Y,63,C,1,K,44,Y,21,S,1,K,20,Y,1,X,1,C,1,R,1,"L1:[sp=K,4] S=3,X=223,R=1,Y=63,C=1,K=44 || L2:[sp=Y,21] S=1,K=20,Y=1,X=1,C=1,R=1",-71401.0,-163323000.0,1,K|Y,1
K,4,C,2,K,19,S,3,R,4,X,65,Y,222,X,28,C,1,X,1,R,1,Y,1,K,10,S,3,"L1:[sp=K,4] C=2,K=19,S=3,R=4,X=65,Y=222 || L2:[sp=X,28] C=1,X=1,R=1,Y=1,K=10,S=3",-71869.0,-163323000.0,1,K|X,1
K,4,X,65,K,19,S,3,R,4,C,1,Y,222,X,28,C,1,X,1,R,1,Y,1,K,10,S,3,"L1:[sp=K,4] X=65,K=19,S=3,R=4,C=1,Y=222 || L2:[sp=X,28] C=1,X=1,R=1,Y=1,K=10,S=3",-71893.0,-163323000.0,1,K|X,1
K,4,S,5,R,5,X,223,Y,186,C,3,K,26,Y,21,X,1,Y,1,K,1,S,3,R,4,C,1,"L1:[sp=K,4] S=5,R=5,X=223,Y=186,C=3,K=26 || L2:[sp=Y,21] X=1,Y=1,K=1,S=3,R=4,C=1",-72081.0,-163323000.0,1,K|Y,1
K,4,S,3,X,223,R,5,Y,26,C,3,K,2,X,2,S,1,C,1,K,2,X,1,Y,1,R,2,"L1:[sp=K,4] S=3,X=223,R=5,Y=26,C=3,K=2 || L2:[sp=X,2] S=1,C=1,K=2,X=1,Y=1,R=2",-72673.0,-163323000.0,1,K|X,1
K,4,S,3,X,223,R,5,Y,26,C,3,K,2,Y,1,S,1,C,1,K,2,X,1,Y,1,R,2,"L1:[sp=K,4] S=3,X=223,R=5,Y=26,C=3,K=2 || L2:[sp=Y,1] S=1,C=1,K=2,X=1,Y=1,R=2",-72673.0,-163323000.0,1,K|Y,1
K,4,S,3,X,223,R,5,Y,26,C,3,K,2,X,3,C,1,R,2,K,2,X,1,Y,1,S,1,"L1:[sp=K,4] S=3,X=223,R=5,Y=26,C=3,K=2 || L2:[sp=X,3] C=1,R=2,K=2,X=1,Y=1,S=1",-72673.0,-163323000.0,1,K|X,1
C,4,C,3,S,3,X,223,K,57,R,7,Y,186,Y,67,Y,1,S,2,C,1,X,1,K,4,R,1,"L1:[sp=C,4] C=3,S=3,X=223,K=57,R=7,Y=186 || L2:[sp=Y,67] Y=1,S=2,C=1,X=1,K=4,R=1",-72925.0,-163323000.0,1,C|Y,1
C,4,X,223,S,3,C,3,K,57,R,3,Y,186,Y,67,Y,1,S,2,K,4,X,1,C,1,R,1,"L1:[sp=C,4] X=223,S=3,C=3,K=57,R=3,Y=186 || L2:[sp=Y,67] Y=1,S=2,K=4,X=1,C=1,R=1",-72949.0,-163323000.0,1,C|Y,1
C,4,C,3,S,3,X,223,K,57,R,3,Y,186,Y,67,Y,1,S,2,K,4,X,1,C,1,R,1,"L1:[sp=C,4] C=3,S=3,X=223,K=57,R=3,Y=186 || L2:[sp=Y,67] Y=1,S=2,K=4,X=1,C=1,R=1",-72949.0,-163323000.0,1,C|Y,1
X,4,X,223,S,3,Y,186,K,57,R,1,C,1,Y,67,X,1,Y,1,C,1,S,2,K,4,R,1,"L1:[sp=X,4] X=223,S=3,Y=186,K=57,R=1,C=1 || L2:[sp=Y,67] X=1,Y=1,C=1,S=2,K=4,R=1",-73165.0,-163323000.0,1,X|Y,1
K,4,C,2,K,40,S,1,R,4,X,65,Y,222,X,28,C,1,K,19,R,4,Y,1,X,1,S,1,"L1:[sp=K,4] C=2,K=40,S=1,R=4,X=65,Y=222 || L2:[sp=X,28] C=1,K=19,R=4,Y=1,X=1,S=1",-74033.0,-163323000.0,1,K|X,1
K,4,S,3,X,223,R,5,Y,110,C,2,K,42,Y,21,S,1,C,1,K,24,X,1,Y,1,R,3,"L1:[sp=K,4] S=3,X=223,R=5,Y=110,C=2,K=42 || L2:[sp=Y,21] S=1,C=1,K=24,X=1,Y=1,R=3",-74113.0,-163323000.0,1,K|Y,1
Y,4,Y,110,X,223,R,5,S,3,C,2,K,43,K,21,S,1,C,2,X,1,K,1,Y,1,R,4,"L1:[sp=Y,4] Y=110,X=223,R=5,S=3,C=2,K=43 || L2:[sp=K,21] S=1,C=2,X=1,K=1,Y=1,R=4",-74617.0,-163323000.0,1,Y|K,1
X,4,R,4,X,98,K,45,C,1,Y,222,S,5,K,27,X,1,R,1,C,1,Y,1,K,1,S,4,"L1:[sp=X,4] R=4,X=98,K=45,C=1,Y=222,S=5 || L2:[sp=K,27] X=1,R=1,C=1,Y=1,K=1,S=4",-74869.0,-163323000.0,1,X|K,1
C,4,X,120,K,19,Y,222,R,4,C,1,S,3,X,28,C,1,X,1,R,1,Y,1,K,10,S,3,"L1:[sp=C,4] X=120,K=19,Y=222,R=4,C=1,S=3 || L2:[sp=X,28] C=1,X=1,R=1,Y=1,K=10,S=3",-74893.0,-163323000.0,1,C|X,1
Y,4,K,47,C,3,S,3,Y,1,X,223,R,5,C,2,S,1,R,1,Y,1,X,1,K,43,C,1,"L1:[sp=Y,4] K=47,C=3,S=3,Y=1,X=223,R=5 || L2:[sp=C,2] S=1,R=1,Y=1,X=1,K=43,C=1",-75007.0,-163323000.0,1,Y|C,1
Y,4,K,47,C,2,S,3,Y,1,X,223,R,5,C,2,S,1,R,1,Y,1,X,1,K,43,C,1,"L1:[sp=Y,4] K=47,C=2,S=3,Y=1,X=223,R=5 || L2:[sp=C,2] S=1,R=1,Y=1,X=1,K=43,C=1",-75043.0,-163323000.0,1,Y|C,1
C,4,C,3,S,3,X,223,K,14,R,5,Y,186,Y,67,Y,1,X,1,K,4,S,2,C,1,R,1,"L1:[sp=C,4] C=3,S=3,X=223,K=14,R=5,Y=186 || L2:[sp=Y,67] Y=1,X=1,K=4,S=2,C=1,R=1",-75325.0,-163323000.0,1,C|Y,1
C,4,C,3,S,3,X,223,K,60,R,1,Y,186,Y,67,Y,1,S,2,K,4,X,1,C,1,R,1,"L1:[sp=C,4] C=3,S=3,X=223,K=60,R=1,Y=186 || L2:[sp=Y,67] Y=1,S=2,K=4,X=1,C=1,R=1",-75349.0,-163323000.0,1,C|Y,1
K,4,K,57,Y,222,R,5,C,3,X,173,S,5,X,28,Y,1,R,2,C,2,X,1,K,1,S,1,"L1:[sp=K,4] K=57,Y=222,R=5,C=3,X=173,S=5 || L2:[sp=X,28] Y=1,R=2,C=2,X=1,K=1,S=1",-75420.0,-163323000.0,1,K|X,1
K,4,C,3,S,6,Y,222,R,4,X,191,K,19,X,28,S,1,X,1,R,3,Y,1,K,10,C,1,"L1:[sp=K,4] C=3,S=6,Y=222,R=4,X=191,K=19 || L2:[sp=X,28] S=1,X=1,R=3,Y=1,K=10,C=1",-75420.0,-163323000.0,1,K|X,1
C,4,Y,222,K,26,C,1,R,4,X,65,S,1,X,28,K,4,X,3,R,1,Y,1,S,1,C,1,"L1:[sp=C,4] Y=222,K=26,C=1,R=4,X=65,S=1 || L2:[sp=X,28] K=4,X=3,R=1,Y=1,S=1,C=1",-75433.0,-163323000.0,1,C|X,1
K,4,Y,222,S,4,K,1,R,4,X,66,C,1,Y,4,Y,1,C,1,R,2,S,3,K,1,X,1,"L1:[sp=K,4] Y=222,S=4,K=1,R=4,X=66,C=1 || L2:[sp=Y,4] Y=1,C=1,R=2,S=3,K=1,X=1",-75697.0,-163323000.0,1,K|Y,1
K,4,Y,222,K,39,C,1,R,4,X,204,S,3,X,28,K,4,X,1,R,2,Y,1,S,3,C,1,"L1:[sp=K,4] Y=222,K=39,C=1,R=4,X=204,S=3 || L2:[sp=X,28] K=4,X=1,R=2,Y=1,S=3,C=1",-75853.0,-163323000.0,1,K|X,1
Y,4,K,47,C,2,S,3,Y,1,X,223,R,5,C,2,S,1,R,1,Y,1,X,1,K,21,C,1,"L1:[sp=Y,4] K=47,C=2,S=3,Y=1,X=223,R=5 || L2:[sp=C,2] S=1,R=1,Y=1,X=1,K=21,C=1",-76513.0,-163323000.0,1,Y|C,1
Y,4,Y,110,X,223,R,5,S,3,C,2,K,36,K,21,S,1,C,2,X,1,K,1,Y,45,R,4,"L1:[sp=Y,4] Y=110,X=223,R=5,S=3,C=2,K=36 || L2:[sp=K,21] S=1,C=2,X=1,K=1,Y=45,R=4",-76633.0,-163323000.0,1,Y|K,1
C,4,Y,222,R,4,X,145,K,50,C,2,S,6,K,28,Y,1,S,1,R,2,C,1,K,1,X,1,"L1:[sp=C,4] Y=222,R=4,X=145,K=50,C=2,S=6 || L2:[sp=K,28] Y=1,S=1,R=2,C=1,K=1,X=1",-76961.0,-163323000.0,1,C|K,1
K,4,S,3,X,223,R,7,Y,186,C,1,K,44,Y,21,S,1,Y,1,K,20,X,1,C,1,R,1,"L1:[sp=K,4] S=3,X=223,R=7,Y=186,C=1,K=44 || L2:[sp=Y,21] S=1,Y=1,K=20,X=1,C=1,R=1",-77635.0,-163323000.0,1,K|Y,1
X,4,K,19,C,2,Y,222,R,6,X,173,S,6,X,28,X,1,S,1,R,2,Y,1,K,10,C,1,"L1:[sp=X,4] K=19,C=2,Y=222,R=6,X=173,S=6 || L2:[sp=X,28] X=1,S=1,R=2,Y=1,K=10,C=1",-77649.0,-163323000.0,1,X|X,1
X,4,Y,222,C,2,K,19,R,6,X,173,S,6,X,28,X,1,S,1,R,2,Y,1,K,5,C,1,"L1:[sp=X,4] Y=222,C=2,K=19,R=6,X=173,S=6 || L2:[sp=X,28] X=1,S=1,R=2,Y=1,K=5,C=1",-77649.0,-163323000.0,1,X|X,1
C,4,X,77,S,6,Y,222,R,4,C,1,K,19,X,28,C,1,Y,1,R,1,X,2,K,10,S,1,"L1:[sp=C,4] X=77,S=6,Y=222,R=4,C=1,K=19 || L2:[sp=X,28] C=1,Y=1,R=1,X=2,K=10,S=1",-77665.0,-163323000.0,1,C|X,1
Y,4,X,223,S,3,R,1,Y,186,C,2,K,2,Y,168,Y,1,C,2,R,1,K,2,S,2,X,1,"L1:[sp=Y,4] X=223,S=3,R=1,Y=186,C=2,K=2 || L2:[sp=Y,168] Y=1,C=2,R=1,K=2,S=2,X=1",-77953.0,-163323000.0,1,Y|Y,1
K,4,S,3,K,19,C,1,Y,222,X,77,R,4,X,19,K,4,X,2,R,2,Y,1,S,3,C,1,"L1:[sp=K,4] S=3,K=19,C=1,Y=222,X=77,R=4 || L2:[sp=X,19] K=4,X=2,R=2,Y=1,S=3,C=1",-78031.0,-163323000.0,1,K|X,1
Y,4,K,47,C,2,S,3,Y,16,X,223,R,1,C,2,S,1,R,1,C,1,X,1,K,22,Y,1,"L1:[sp=Y,4] K=47,C=2,S=3,Y=16,X=223,R=1 || L2:[sp=C,2] S=1,R=1,C=1,X=1,K=22,Y=1",-78485.0,-163323000.0,1,Y|C,1
K,4,S,3,X,223,R,2,Y,186,C,1,K,2,C,1,S,1,C,1,X,1,K,1,Y,107,R,1,"L1:[sp=K,4] S=3,X=223,R=2,Y=186,C=1,K=2 || L2:[sp=C,1] S=1,C=1,X=1,K=1,Y=107,R=1",-78571.0,-163324000.0,1,K|C,1
C,4,R,4,K,19,C,2,S,3,X,65,Y,222,X,28,K,4,X,1,R,2,Y,1,S,1,C,1,"L1:[sp=C,4] R=4,K=19,C=2,S=3,X=65,Y=222 || L2:[sp=X,28] K=4,X=1,R=2,Y=1,S=1,C=1",-78945.0,-163323000.0,1,C|X,1
K,4,X,65,R,4,C,1,K,27,S,6,Y,222,K,27,K,1,Y,1,R,1,C,1,X,1,S,2,"L1:[sp=K,4] X=65,R=4,C=1,K=27,S=6,Y=222 || L2:[sp=K,27] K=1,Y=1,R=1,C=1,X=1,S=2",-79009.0,-163323000.0,1,K|K,1
K,4,C,3,Y,222,X,223,K,1,S,4,R,5,Y,12,X,1,Y,108,R,1,S,1,K,1,C,1,"L1:[sp=K,4] C=3,Y=222,X=223,K=1,S=4,R=5 || L2:[sp=Y,12] X=1,Y=108,R=1,S=1,K=1,C=1",-79401.0,-163323000.0,1,K|Y,1
C,4,Y,222,K,19,C,1,S,3,X,65,R,4,X,28,K,4,X,1,R,1,Y,1,S,3,C,1,"L1:[sp=C,4] Y=222,K=19,C=1,S=3,X=65,R=4 || L2:[sp=X,28] K=4,X=1,R=1,Y=1,S=3,C=1",-80737.0,-163323000.0,1,C|X,1
C,4,R,4,K,19,C,1,S,3,X,65,Y,222,X,28,K,4,X,1,R,1,Y,1,S,3,C,1,"L1:[sp=C,4] R=4,K=19,C=1,S=3,X=65,Y=222 || L2:[sp=X,28] K=4,X=1,R=1,Y=1,S=3,C=1",-80737.0,-163323000.0,1,C|X,1
C,4,R,4,K,19,C,1,S,3,X,65,Y,222,X,28,K,4,X,1,S,3,Y,1,R,1,C,1,"L1:[sp=C,4] R=4,K=19,C=1,S=3,X=65,Y=222 || L2:[sp=X,28] K=4,X=1,S=3,Y=1,R=1,C=1",-80737.0,-163323000.0,1,C|X,1
K,4,R,5,X,196,K,55,C,2,Y,222,S,5,X,27,K,26,C,1,S,1,Y,1,R,2,X,1,"L1:[sp=K,4] R=5,X=196,K=55,C=2,Y=222,S=5 || L2:[sp=X,27] K=26,C=1,S=1,Y=1,R=2,X=1",-80867.0,-163323000.0,1,K|X,1
K,4,R,5,X,163,K,55,C,1,S,6,Y,222,X,27,K,8,R,2,C,1,Y,1,X,1,S,1,"L1:[sp=K,4] R=5,X=163,K=55,C=1,S=6,Y=222 || L2:[sp=X,27] K=8,R=2,C=1,Y=1,X=1,S=1",-80875.0,-163323000.0,1,K|X,1
Y,4,K,47,C,2,S,3,Y,16,X,223,R,1,C,2,S,1,R,1,Y,1,X,1,K,21,C,1,"L1:[sp=Y,4] K=47,C=2,S=3,Y=16,X=223,R=1 || L2:[sp=C,2] S=1,R=1,Y=1,X=1,K=21,C=1",-81621.0,-163323000.0,1,Y|C,1
K,4,S,3,X,223,R,5,Y,186,C,3,K,51,Y,21,S,1,C,1,K,1,X,1,Y,1,R,3,"L1:[sp=K,4] S=3,X=223,R=5,Y=186,C=3,K=51 || L2:[sp=Y,21] S=1,C=1,K=1,X=1,Y=1,R=3",-82480.0,-163323000.0,1,K|Y,1
K,4,C,2,S,6,Y,222,R,4,X,191,K,19,X,28,S,1,C,1,R,3,Y,1,K,10,X,2,"L1:[sp=K,4] C=2,S=6,Y=222,R=4,X=191,K=19 || L2:[sp=X,28] S=1,C=1,R=3,Y=1,K=10,X=2",-83807.0,-163323000.0,1,K|X,1
K,4,S,3,X,223,Y,186,R,5,C,2,K,2,X,4,S,3,C,1,K,1,X,1,Y,1,R,3,"L1:[sp=K,4] S=3,X=223,Y=186,R=5,C=2,K=2 || L2:[sp=X,4] S=3,C=1,K=1,X=1,Y=1,R=3",-84697.0,-163323000.0,1,K|X,1
Y,4,X,223,S,4,Y,222,R,4,K,48,C,1,X,3,X,1,C,1,K,1,S,3,Y,1,R,3,"L1:[sp=Y,4] X=223,S=4,Y=222,R=4,K=48,C=1 || L2:[sp=X,3] X=1,C=1,K=1,S=3,Y=1,R=3",-84697.0,-163323000.0,1,Y|X,1
C,4,K,36,X,223,R,2,Y,186,S,3,C,3,Y,67,S,2,R,1,K,20,X,1,C,1,Y,1,"L1:[sp=C,4] K=36,X=223,R=2,Y=186,S=3,C=3 || L2:[sp=Y,67] S=2,R=1,K=20,X=1,C=1,Y=1",-84721.0,-163323000.0,1,C|Y,1
K,4,Y,222,S,4,K,1,R,4,X,66,C,1,Y,4,Y,1,C,1,R,2,S,4,K,1,X,1,"L1:[sp=K,4] Y=222,S=4,K=1,R=4,X=66,C=1 || L2:[sp=Y,4] Y=1,C=1,R=2,S=4,K=1,X=1",-84961.0,-163323000.0,1,K|Y,1
K,4,C,3,K,19,Y,222,R,4,X,151,S,6,X,28,S,6,X,1,R,1,Y,1,K,10,C,1,"L1:[sp=K,4] C=3,K=19,Y=222,R=4,X=151,S=6 || L2:[sp=X,28] S=6,X=1,R=1,Y=1,K=10,C=1",-86193.0,-163323000.0,1,K|X,1
K,4,C,3,K,19,Y,222,R,4,X,151,S,6,X,28,S,6,X,1,R,1,Y,1,K,9,C,1,"L1:[sp=K,4] C=3,K=19,Y=222,R=4,X=151,S=6 || L2:[sp=X,28] S=6,X=1,R=1,Y=1,K=9,C=1",-86193.0,-163323000.0,1,K|X,1
K,4,C,3,S,6,Y,222,R,4,X,151,K,19,X,28,S,6,X,1,R,1,Y,1,K,9,C,1,"L1:[sp=K,4] C=3,S=6,Y=222,R=4,X=151,K=19 || L2:[sp=X,28] S=6,X=1,R=1,Y=1,K=9,C=1",-86193.0,-163323000.0,1,K|X,1
K,4,S,3,X,223,R,4,Y,186,C,3,K,47,Y,21,S,1,C,1,K,1,X,1,Y,1,R,2,"L1:[sp=K,4] S=3,X=223,R=4,Y=186,C=3,K=47 || L2:[sp=Y,21] S=1,C=1,K=1,X=1,Y=1,R=2",-86869.0,-163323000.0,1,K|Y,1
C,4,X,221,R,4,C,1,K,27,S,6,Y,222,K,1,K,1,R,1,C,1,Y,1,X,70,S,5,"L1:[sp=C,4] X=221,R=4,C=1,K=27,S=6,Y=222 || L2:[sp=K,1] K=1,R=1,C=1,Y=1,X=70,S=5",-87821.0,-163323000.0,1,C|K,1
C,4,X,221,R,4,C,1,Y,222,S,6,K,27,K,1,K,1,R,1,C,1,Y,1,X,70,S,1,"L1:[sp=C,4] X=221,R=4,C=1,Y=222,S=6,K=27 || L2:[sp=K,1] K=1,R=1,C=1,Y=1,X=70,S=1",-87821.0,-163323000.0,1,C|K,1
C,4,C,1,Y,222,X,221,R,4,S,6,K,27,K,1,K,1,R,1,C,1,Y,1,X,70,S,5,"L1:[sp=C,4] C=1,Y=222,X=221,R=4,S=6,K=27 || L2:[sp=K,1] K=1,R=1,C=1,Y=1,X=70,S=5",-87821.0,-163323000.0,1,C|K,1
C,4,C,1,Y,222,X,221,R,4,K,27,S,5,K,1,K,1,R,1,C,1,Y,1,X,70,S,2,"L1:[sp=C,4] C=1,Y=222,X=221,R=4,K=27,S=5 || L2:[sp=K,1] K=1,R=1,C=1,Y=1,X=70,S=2",-87821.0,-163323000.0,1,C|K,1
K,4,R,5,X,223,C,2,S,2,Y,222,K,2,X,1,S,1,C,2,X,1,K,1,Y,1,R,2,"L1:[sp=K,4] R=5,X=223,C=2,S=2,Y=222,K=2 || L2:[sp=X,1] S=1,C=2,X=1,K=1,Y=1,R=2",-87825.0,-163323000.0,1,K|X,1
K,4,S,3,C,2,R,1,Y,186,X,223,K,2,C,2,S,2,C,1,K,2,X,1,Y,1,R,1,"L1:[sp=K,4] S=3,C=2,R=1,Y=186,X=223,K=2 || L2:[sp=C,2] S=2,C=1,K=2,X=1,Y=1,R=1",-87893.0,-163323000.0,1,K|C,1
K,4,Y,222,R,5,X,49,K,1,S,6,C,3,C,1,Y,1,S,3,R,1,C,3,X,1,K,1,"L1:[sp=K,4] Y=222,R=5,X=49,K=1,S=6,C=3 || L2:[sp=C,1] Y=1,S=3,R=1,C=3,X=1,K=1",-88473.0,-163323000.0,1,K|C,1
K,4,S,3,X,223,R,5,C,2,Y,115,K,2,K,1,X,1,C,2,S,1,K,1,Y,1,R,2,"L1:[sp=K,4] S=3,X=223,R=5,C=2,Y=115,K=2 || L2:[sp=K,1] X=1,C=2,S=1,K=1,Y=1,R=2",-88617.0,-163323000.0,1,K|K,1
X,4,Y,186,K,2,R,1,S,3,C,1,X,223,Y,28,S,1,C,1,R,1,K,2,Y,1,X,1,"L1:[sp=X,4] Y=186,K=2,R=1,S=3,C=1,X=223 || L2:[sp=Y,28] S=1,C=1,R=1,K=2,Y=1,X=1",-88705.0,-163323000.0,1,X|Y,1
C,4,Y,222,R,4,X,37,K,50,C,2,S,6,K,28,Y,1,S,4,R,2,C,1,K,1,X,1,"L1:[sp=C,4] Y=222,R=4,X=37,K=50,C=2,S=6 || L2:[sp=K,28] Y=1,S=4,R=2,C=1,K=1,X=1",-88753.0,-163323000.0,1,C|K,1
K,4,R,7,Y,222,X,5,S,5,K,1,C,2,K,1,Y,5,C,2,R,4,S,4,K,1,X,1,"L1:[sp=K,4] R=7,Y=222,X=5,S=5,K=1,C=2 || L2:[sp=K,1] Y=5,C=2,R=4,S=4,K=1,X=1",-88881.0,-163323000.0,1,K|K,1
K,4,R,7,Y,222,X,5,K,1,S,5,C,2,K,1,Y,5,K,1,R,4,S,4,X,1,C,2,"L1:[sp=K,4] R=7,Y=222,X=5,K=1,S=5,C=2 || L2:[sp=K,1] Y=5,K=1,R=4,S=4,X=1,C=2",-88881.0,-163323000.0,1,K|K,1
K,4,S,3,C,2,R,5,Y,186,X,223,K,2,C,2,S,2,C,1,K,2,X,1,Y,1,R,1,"L1:[sp=K,4] S=3,C=2,R=5,Y=186,X=223,K=2 || L2:[sp=C,2] S=2,C=1,K=2,X=1,Y=1,R=1",-89401.0,-163323000.0,1,K|C,1
K,4,S,3,X,223,R,5,Y,186,C,2,K,2,C,2,S,2,C,1,R,1,K,2,Y,1,X,1,"L1:[sp=K,4] S=3,X=223,R=5,Y=186,C=2,K=2 || L2:[sp=C,2] S=2,C=1,R=1,K=2,Y=1,X=1",-89401.0,-163323000.0,1,K|C,1
K,4,S,7,X,151,R,5,K,2,Y,222,C,2,K,1,S,1,R,2,X,1,K,1,Y,1,C,2,"L1:[sp=K,4] S=7,X=151,R=5,K=2,Y=222,C=2 || L2:[sp=K,1] S=1,R=2,X=1,K=1,Y=1,C=2",-90169.0,-163323000.0,1,K|K,1
K,4,S,3,X,223,R,1,Y,16,C,2,K,44,Y,21,S,1,Y,1,K,20,X,1,C,1,R,1,"L1:[sp=K,4] S=3,X=223,R=1,Y=16,C=2,K=44 || L2:[sp=Y,21] S=1,Y=1,K=20,X=1,C=1,R=1",-91141.0,-163323000.0,1,K|Y,1
K,4,S,6,X,223,R,2,Y,209,C,1,K,44,Y,21,X,1,Y,1,K,11,S,3,C,1,R,1,"L1:[sp=K,4] S=6,X=223,R=2,Y=209,C=1,K=44 || L2:[sp=Y,21] X=1,Y=1,K=11,S=3,C=1,R=1",-91525.0,-163323000.0,1,K|Y,1
K,4,C,2,X,223,R,5,S,3,Y,49,K,2,K,1,S,1,C,2,X,1,K,2,Y,30,R,2,"L1:[sp=K,4] C=2,X=223,R=5,S=3,Y=49,K=2 || L2:[sp=K,1] S=1,C=2,X=1,K=2,Y=30,R=2",-92181.0,-163323000.0,1,K|K,1
K,4,Y,222,R,5,X,144,K,1,S,5,C,3,C,1,Y,1,X,1,R,1,C,1,S,5,K,1,"L1:[sp=K,4] Y=222,R=5,X=144,K=1,S=5,C=3 || L2:[sp=C,1] Y=1,X=1,R=1,C=1,S=5,K=1",-92409.0,-163323000.0,1,K|C,1
X,4,R,4,S,6,K,37,C,2,Y,222,X,223,C,1,K,1,R,1,C,1,Y,1,X,1,S,5,"L1:[sp=X,4] R=4,S=6,K=37,C=2,Y=222,X=223 || L2:[sp=C,1] K=1,R=1,C=1,Y=1,X=1,S=5",-94097.0,-163323000.0,1,X|C,1
K,4,K,64,X,223,R,5,Y,87,S,3,C,1,Y,67,S,2,Y,1,K,26,R,1,C,1,X,1,"L1:[sp=K,4] K=64,X=223,R=5,Y=87,S=3,C=1 || L2:[sp=Y,67] S=2,Y=1,K=26,R=1,C=1,X=1",-94135.0,-163323000.0,1,K|Y,1
C,4,C,3,S,3,X,223,K,50,R,5,Y,54,Y,67,Y,1,S,2,R,1,X,1,K,4,C,1,"L1:[sp=C,4] C=3,S=3,X=223,K=50,R=5,Y=54 || L2:[sp=Y,67] Y=1,S=2,R=1,X=1,K=4,C=1",-94141.0,-163323000.0,1,C|Y,1
C,4,C,3,R,5,X,223,K,50,S,3,Y,54,Y,67,Y,1,S,2,R,1,X,1,K,4,C,1,"L1:[sp=C,4] C=3,R=5,X=223,K=50,S=3,Y=54 || L2:[sp=Y,67] Y=1,S=2,R=1,X=1,K=4,C=1",-94141.0,-163323000.0,1,C|Y,1
Y,4,Y,222,R,5,X,223,K,1,S,6,C,3,C,1,K,1,S,5,R,1,C,1,X,1,Y,1,"L1:[sp=Y,4] Y=222,R=5,X=223,K=1,S=6,C=3 || L2:[sp=C,1] K=1,S=5,R=1,C=1,X=1,Y=1",-94337.0,-163323000.0,1,Y|C,1
K,4,C,2,X,66,R,5,S,7,Y,222,K,2,K,1,S,1,C,2,X,1,K,1,Y,1,R,2,"L1:[sp=K,4] C=2,X=66,R=5,S=7,Y=222,K=2 || L2:[sp=K,1] S=1,C=2,X=1,K=1,Y=1,R=2",-94881.0,-163323000.0,1,K|K,1
K,4,C,1,S,7,K,27,R,4,Y,222,X,221,C,1,K,1,R,1,C,1,Y,12,X,1,S,1,"L1:[sp=K,4] C=1,S=7,K=27,R=4,Y=222,X=221 || L2:[sp=C,1] K=1,R=1,C=1,Y=12,X=1,S=1",-95263.0,-163323000.0,1,K|C,1
K,4,C,1,S,5,K,27,R,4,Y,222,X,221,C,1,K,1,R,3,C,1,Y,12,X,1,S,1,"L1:[sp=K,4] C=1,S=5,K=27,R=4,Y=222,X=221 || L2:[sp=C,1] K=1,R=3,C=1,Y=12,X=1,S=1",-95269.0,-163323000.0,1,K|C,1
K,4,X,65,K,19,C,1,R,4,S,4,Y,222,X,28,C,1,X,1,R,3,Y,1,K,10,S,2,"L1:[sp=K,4] X=65,K=19,C=1,R=4,S=4,Y=222 || L2:[sp=X,28] C=1,X=1,R=3,Y=1,K=10,S=2",-95809.0,-163323000.0,1,K|X,1
K,4,K,19,X,65,C,1,R,4,S,4,Y,222,X,28,C,1,X,1,R,3,Y,1,K,10,S,2,"L1:[sp=K,4] K=19,X=65,C=1,R=4,S=4,Y=222 || L2:[sp=X,28] C=1,X=1,R=3,Y=1,K=10,S=2",-95809.0,-163323000.0,1,K|X,1
K,4,K,1,Y,222,S,3,R,6,X,151,C,2,C,2,Y,1,C,1,R,4,S,3,X,1,K,1,"L1:[sp=K,4] K=1,Y=222,S=3,R=6,X=151,C=2 || L2:[sp=C,2] Y=1,C=1,R=4,S=3,X=1,K=1",-95929.0,-163323000.0,1,K|C,1
K,4,S,3,X,223,Y,186,R,2,C,2,K,2,K,2,S,3,C,1,K,2,X,1,Y,1,R,2,"L1:[sp=K,4] S=3,X=223,Y=186,R=2,C=2,K=2 || L2:[sp=K,2] S=3,C=1,K=2,X=1,Y=1,R=2",-96385.0,-163323000.0,1,K|K,1
C,4,C,1,Y,222,X,221,R,4,S,6,K,27,K,1,K,1,R,1,C,1,Y,1,X,70,S,3,"L1:[sp=C,4] C=1,Y=222,X=221,R=4,S=6,K=27 || L2:[sp=K,1] K=1,R=1,C=1,Y=1,X=70,S=3",-96781.0,-163323000.0,1,C|K,1
C,4,C,1,Y,222,X,221,R,4,S,6,K,27,C,1,K,1,R,1,C,1,Y,1,X,70,S,3,"L1:[sp=C,4] C=1,Y=222,X=221,R=4,S=6,K=27 || L2:[sp=C,1] K=1,R=1,C=1,Y=1,X=70,S=3",-96781.0,-163323000.0,1,C|C,1
Y,4,K,19,C,3,R,5,Y,222,X,151,S,6,X,28,S,2,X,1,C,2,Y,1,K,1,R,2,"L1:[sp=Y,4] K=19,C=3,R=5,Y=222,X=151,S=6 || L2:[sp=X,28] S=2,X=1,C=2,Y=1,K=1,R=2",-96801.0,-163323000.0,1,Y|X,1
Y,4,K,19,C,3,Y,222,R,5,X,144,S,6,X,28,S,2,X,1,C,1,Y,1,K,1,R,2,"L1:[sp=Y,4] K=19,C=3,Y=222,R=5,X=144,S=6 || L2:[sp=X,28] S=2,X=1,C=1,Y=1,K=1,R=2",-96801.0,-163323000.0,1,Y|X,1
K,4,K,47,X,223,S,3,Y,16,C,2,R,5,Y,47,S,1,R,1,C,1,X,1,K,22,Y,1,"L1:[sp=K,4] K=47,X=223,S=3,Y=16,C=2,R=5 || L2:[sp=Y,47] S=1,R=1,C=1,X=1,K=22,Y=1",-96895.0,-163323000.0,1,K|Y,1
Y,4,S,3,R,2,X,223,Y,186,C,3,K,2,Y,21,S,1,C,3,K,1,R,2,Y,1,X,1,"L1:[sp=Y,4] S=3,R=2,X=223,Y=186,C=3,K=2 || L2:[sp=Y,21] S=1,C=3,K=1,R=2,Y=1,X=1",-97153.0,-163323000.0,1,Y|Y,1
K,4,C,2,K,40,S,1,R,4,X,65,Y,222,X,28,C,2,K,19,R,4,Y,1,X,1,S,1,"L1:[sp=K,4] C=2,K=40,S=1,R=4,X=65,Y=222 || L2:[sp=X,28] C=2,K=19,R=4,Y=1,X=1,S=1",-98673.0,-163323000.0,1,K|X,1
K,4,S,3,X,223,R,5,Y,186,C,3,K,3,K,1,S,1,Y,13,C,1,K,1,X,1,R,2,"L1:[sp=K,4] S=3,X=223,R=5,Y=186,C=3,K=3 || L2:[sp=K,1] S=1,Y=13,C=1,K=1,X=1,R=2",-98797.0,-163323000.0,1,K|K,1
X,4,R,1,X,223,K,45,C,3,Y,222,S,3,K,27,Y,1,R,1,C,2,X,1,K,1,S,1,"L1:[sp=X,4] R=1,X=223,K=45,C=3,Y=222,S=3 || L2:[sp=K,27] Y=1,R=1,C=2,X=1,K=1,S=1",-98869.0,-163323000.0,1,X|K,1
C,4,R,5,X,212,C,1,S,5,K,55,Y,222,X,8,X,1,K,8,C,1,Y,1,R,2,S,1,"L1:[sp=C,4] R=5,X=212,C=1,S=5,K=55,Y=222 || L2:[sp=X,8] X=1,K=8,C=1,Y=1,R=2,S=1",-99487.0,-163323000.0,1,C|X,1
C,4,R,5,X,212,C,1,S,3,K,55,Y,222,X,8,X,1,K,8,C,1,Y,1,R,2,S,1,"L1:[sp=C,4] R=5,X=212,C=1,S=3,K=55,Y=222 || L2:[sp=X,8] X=1,K=8,C=1,Y=1,R=2,S=1",-99495.0,-163323000.0,1,C|X,1
Y,4,C,2,X,152,S,1,R,4,K,19,Y,222,X,28,C,1,X,1,R,2,Y,1,K,10,S,1,"L1:[sp=Y,4] C=2,X=152,S=1,R=4,K=19,Y=222 || L2:[sp=X,28] C=1,X=1,R=2,Y=1,K=10,S=1",-100017.0,-163323000.0,1,Y|X,1
X,4,C,2,S,5,K,37,R,5,Y,222,X,223,K,1,K,1,R,1,C,2,Y,12,X,1,S,1,"L1:[sp=X,4] C=2,S=5,K=37,R=5,Y=222,X=223 || L2:[sp=K,1] K=1,R=1,C=2,Y=12,X=1,S=1",-100369.0,-163323000.0,1,X|K,1
K,4,K,38,C,3,R,5,Y,222,X,173,S,2,X,28,X,1,K,37,C,2,Y,1,S,1,R,1,"L1:[sp=K,4] K=38,C=3,R=5,Y=222,X=173,S=2 || L2:[sp=X,28] X=1,K=37,C=2,Y=1,S=1,R=1",-100565.0,-163323000.0,1,K|X,1
Y,4,Y,222,R,4,X,223,K,1,S,6,C,2,Y,12,Y,1,X,24,R,1,C,2,S,5,K,1,"L1:[sp=Y,4] Y=222,R=4,X=223,K=1,S=6,C=2 || L2:[sp=Y,12] Y=1,X=24,R=1,C=2,S=5,K=1",-100865.0,-163323000.0,1,Y|Y,1
K,4,C,3,X,223,K,63,Y,186,S,3,R,5,Y,21,S,1,C,3,K,1,X,1,Y,1,R,3,"L1:[sp=K,4] C=3,X=223,K=63,Y=186,S=3,R=5 || L2:[sp=Y,21] S=1,C=3,K=1,X=1,Y=1,R=3",-101884.0,-163323000.0,1,K|Y,1
K,4,K,1,X,223,S,4,Y,79,R,7,C,3,C,1,Y,1,R,2,X,1,C,2,K,1,S,3,"L1:[sp=K,4] K=1,X=223,S=4,Y=79,R=7,C=3 || L2:[sp=C,1] Y=1,R=2,X=1,C=2,K=1,S=3",-102760.0,-163323000.0,1,K|C,1
K,4,C,3,K,40,Y,222,R,4,X,151,S,6,X,28,S,6,X,1,R,2,Y,1,C,1,K,10,"L1:[sp=K,4] C=3,K=40,Y=222,R=4,X=151,S=6 || L2:[sp=X,28] S=6,X=1,R=2,Y=1,C=1,K=10",-103689.0,-163324000.0,1,K|X,1
X,4,S,3,X,223,K,2,Y,101,C,3,R,5,Y,21,S,1,C,3,K,1,R,3,Y,1,X,1,"L1:[sp=X,4] S=3,X=223,K=2,Y=101,C=3,R=5 || L2:[sp=Y,21] S=1,C=3,K=1,R=3,Y=1,X=1",-104065.0,-163323000.0,1,X|Y,1
C,4,K,57,S,3,X,223,C,3,R,4,Y,186,Y,24,R,2,S,1,Y,1,X,1,K,4,C,1,"L1:[sp=C,4] K=57,S=3,X=223,C=3,R=4,Y=186 || L2:[sp=Y,24] R=2,S=1,Y=1,X=1,K=4,C=1",-104185.0,-163323000.0,1,C|Y,1
C,4,K,57,S,3,X,223,C,3,R,2,Y,186,Y,24,R,2,S,1,Y,1,X,1,K,4,C,1,"L1:[sp=C,4] K=57,S=3,X=223,C=3,R=2,Y=186 || L2:[sp=Y,24] R=2,S=1,Y=1,X=1,K=4,C=1",-104209.0,-163323000.0,1,C|Y,1
X,4,S,3,X,223,R,4,Y,186,C,1,K,2,Y,21,S,1,C,1,K,2,X,1,Y,1,R,3,"L1:[sp=X,4] S=3,X=223,R=4,Y=186,C=1,K=2 || L2:[sp=Y,21] S=1,C=1,K=2,X=1,Y=1,R=3",-104641.0,-163323000.0,1,X|Y,1
X,4,S,3,X,223,R,2,Y,184,C,2,K,2,Y,21,S,1,C,1,K,2,X,1,Y,1,R,1,"L1:[sp=X,4] S=3,X=223,R=2,Y=184,C=2,K=2 || L2:[sp=Y,21] S=1,C=1,K=2,X=1,Y=1,R=1",-105025.0,-163323000.0,1,X|Y,1
K,4,R,5,X,35,K,55,C,2,Y,222,S,5,X,27,K,26,C,1,S,1,Y,1,R,2,X,1,"L1:[sp=K,4] R=5,X=35,K=55,C=2,Y=222,S=5 || L2:[sp=X,27] K=26,C=1,S=1,Y=1,R=2,X=1",-105162.0,-163323000.0,1,K|X,1
C,4,S,6,X,223,R,1,Y,186,C,3,K,29,Y,21,C,1,Y,1,K,11,S,1,X,1,R,1,"L1:[sp=C,4] S=6,X=223,R=1,Y=186,C=3,K=29 || L2:[sp=Y,21] C=1,Y=1,K=11,S=1,X=1,R=1",-105190.0,-163323000.0,1,C|Y,1
K,4,Y,222,S,5,K,1,R,4,X,22,C,2,Y,4,Y,1,C,1,R,2,X,1,K,1,S,5,"L1:[sp=K,4] Y=222,S=5,K=1,R=4,X=22,C=2 || L2:[sp=Y,4] Y=1,C=1,R=2,X=1,K=1,S=5",-105761.0,-163323000.0,1,K|Y,1
K,4,C,2,K,40,S,1,R,4,X,136,Y,222,X,28,C,1,X,1,R,1,Y,1,K,10,S,1,"L1:[sp=K,4] C=2,K=40,S=1,R=4,X=136,Y=222 || L2:[sp=X,28] C=1,X=1,R=1,Y=1,K=10,S=1",-105897.0,-163323000.0,1,K|X,1
K,4,S,3,C,2,R,4,Y,108,X,223,K,38,Y,21,S,3,C,1,K,2,X,1,Y,1,R,4,"L1:[sp=K,4] S=3,C=2,R=4,Y=108,X=223,K=38 || L2:[sp=Y,21] S=3,C=1,K=2,X=1,Y=1,R=4",-106741.0,-163323000.0,1,K|Y,1
C,4,K,57,S,3,X,223,C,3,R,4,Y,201,Y,24,R,2,S,1,Y,1,X,1,K,7,C,1,"L1:[sp=C,4] K=57,S=3,X=223,C=3,R=4,Y=201 || L2:[sp=Y,24] R=2,S=1,Y=1,X=1,K=7,C=1",-107545.0,-163323000.0,1,C|Y,1
K,4,C,1,S,5,K,27,R,4,Y,222,X,221,C,1,K,1,R,3,C,1,Y,12,X,1,S,4,"L1:[sp=K,4] C=1,S=5,K=27,R=4,Y=222,X=221 || L2:[sp=C,1] K=1,R=3,C=1,Y=12,X=1,S=4",-108877.0,-163323000.0,1,K|C,1
Y,4,S,3,X,223,K,2,Y,186,C,3,R,5,Y,21,S,3,C,3,K,1,R,3,Y,1,X,1,"L1:[sp=Y,4] S=3,X=223,K=2,Y=186,C=3,R=5 || L2:[sp=Y,21] S=3,C=3,K=1,R=3,Y=1,X=1",-109057.0,-163323000.0,1,Y|Y,1
K,4,K,19,C,3,R,5,Y,222,X,138,S,6,X,28,X,1,S,2,R,4,C,2,K,1,Y,1,"L1:[sp=K,4] K=19,C=3,R=5,Y=222,X=138,S=6 || L2:[sp=X,28] X=1,S=2,R=4,C=2,K=1,Y=1",-109449.0,-163323000.0,1,K|X,1
X,4,C,2,K,40,S,3,R,4,X,168,Y,222,X,28,C,2,X,1,R,2,Y,1,K,10,S,1,"L1:[sp=X,4] C=2,K=40,S=3,R=4,X=168,Y=222 || L2:[sp=X,28] C=2,X=1,R=2,Y=1,K=10,S=1",-109785.0,-163323000.0,1,X|X,1
C,4,X,191,K,19,Y,222,R,4,C,1,S,6,X,28,C,1,X,2,R,3,Y,1,K,10,S,2,"L1:[sp=C,4] X=191,K=19,Y=222,R=4,C=1,S=6 || L2:[sp=X,28] C=1,X=2,R=3,Y=1,K=10,S=2",-110913.0,-163323000.0,1,C|X,1
K,4,R,4,K,1,X,179,S,4,Y,222,C,3,K,1,X,3,C,1,R,3,S,4,K,1,Y,1,"L1:[sp=K,4] R=4,K=1,X=179,S=4,Y=222,C=3 || L2:[sp=K,1] X=3,C=1,R=3,S=4,K=1,Y=1",-111393.0,-163323000.0,1,K|K,1
K,4,S,3,X,122,R,5,K,2,Y,222,C,2,K,1,S,3,R,2,X,1,K,1,Y,1,C,2,"L1:[sp=K,4] S=3,X=122,R=5,K=2,Y=222,C=2 || L2:[sp=K,1] S=3,R=2,X=1,K=1,Y=1,C=2",-111913.0,-163323000.0,1,K|K,1
K,4,S,3,X,109,R,5,C,2,Y,222,K,2,C,2,S,3,C,2,X,1,K,1,Y,1,R,2,"L1:[sp=K,4] S=3,X=109,R=5,C=2,Y=222,K=2 || L2:[sp=C,2] S=3,C=2,X=1,K=1,Y=1,R=2",-111925.0,-163323000.0,1,K|C,1
K,4,K,1,S,5,Y,93,R,3,X,223,C,2,C,1,Y,1,C,2,R,3,S,3,K,1,X,1,"L1:[sp=K,4] K=1,S=5,Y=93,R=3,X=223,C=2 || L2:[sp=C,1] Y=1,C=2,R=3,S=3,K=1,X=1",-111925.0,-163323000.0,1,K|C,1
K,4,R,4,Y,222,X,192,S,4,K,1,C,2,K,1,Y,5,C,1,R,2,S,3,K,1,X,1,"L1:[sp=K,4] R=4,Y=222,X=192,S=4,K=1,C=2 || L2:[sp=K,1] Y=5,C=1,R=2,S=3,K=1,X=1",-112409.0,-163323000.0,1,K|K,1
C,4,X,179,Y,222,S,5,R,5,K,32,C,2,X,28,Y,1,R,1,X,1,K,1,S,1,C,2,"L1:[sp=C,4] X=179,Y=222,S=5,R=5,K=32,C=2 || L2:[sp=X,28] Y=1,R=1,X=1,K=1,S=1,C=2",-112913.0,-163323000.0,1,C|X,1
K,4,K,1,R,5,S,4,Y,19,X,223,C,3,C,1,Y,1,R,2,X,1,S,3,K,1,C,1,"L1:[sp=K,4] K=1,R=5,S=4,Y=19,X=223,C=3 || L2:[sp=C,1] Y=1,R=2,X=1,S=3,K=1,C=1",-112945.0,-163323000.0,1,K|C,1
K,4,S,6,Y,222,R,1,C,2,X,223,K,31,K,31,S,4,K,1,X,1,C,1,Y,1,R,1,"L1:[sp=K,4] S=6,Y=222,R=1,C=2,X=223,K=31 || L2:[sp=K,31] S=4,K=1,X=1,C=1,Y=1,R=1",-112953.0,-163323000.0,1,K|K,1
K,4,Y,222,K,1,X,223,R,4,S,1,C,1,K,1,X,1,C,1,R,2,Y,4,K,1,S,1,"L1:[sp=K,4] Y=222,K=1,X=223,R=4,S=1,C=1 || L2:[sp=K,1] X=1,C=1,R=2,Y=4,K=1,S=1",-112981.0,-163323000.0,1,K|K,1
K,4,S,3,X,223,R,4,Y,110,C,2,K,2,Y,21,S,1,C,2,X,1,K,1,Y,24,R,3,"L1:[sp=K,4] S=3,X=223,R=4,Y=110,C=2,K=2 || L2:[sp=Y,21] S=1,C=2,X=1,K=1,Y=24,R=3",-113041.0,-163323000.0,1,K|Y,1
C,4,R,5,X,54,C,1,S,5,K,55,Y,222,X,8,X,1,K,8,Y,1,C,1,R,2,S,1,"L1:[sp=C,4] R=5,X=54,C=1,S=5,K=55,Y=222 || L2:[sp=X,8] X=1,K=8,Y=1,C=1,R=2,S=1",-113231.0,-163323000.0,1,C|X,1
Y,4,S,3,X,223,R,5,Y,108,C,2,K,2,Y,21,S,2,C,1,K,2,X,1,Y,1,R,3,"L1:[sp=Y,4] S=3,X=223,R=5,Y=108,C=2,K=2 || L2:[sp=Y,21] S=2,C=1,K=2,X=1,Y=1,R=3",-113281.0,-163323000.0,1,Y|Y,1
C,4,K,55,X,212,C,1,S,5,R,6,Y,222,X,8,X,1,K,8,C,1,Y,1,R,2,S,1,"L1:[sp=C,4] K=55,X=212,C=1,S=5,R=6,Y=222 || L2:[sp=X,8] X=1,K=8,C=1,Y=1,R=2,S=1",-113697.0,-163323000.0,1,C|X,1
C,4,Y,222,X,148,C,1,R,6,K,55,S,1,X,8,K,8,R,2,C,1,Y,1,X,1,S,1,"L1:[sp=C,4] Y=222,X=148,C=1,R=6,K=55,S=1 || L2:[sp=X,8] K=8,R=2,C=1,Y=1,X=1,S=1",-113737.0,-163323000.0,1,C|X,1
C,4,R,4,X,223,C,1,S,1,K,55,Y,222,X,8,X,1,K,8,C,1,Y,1,R,2,S,1,"L1:[sp=C,4] R=4,X=223,C=1,S=1,K=55,Y=222 || L2:[sp=X,8] X=1,K=8,C=1,Y=1,R=2,S=1",-113737.0,-163323000.0,1,C|X,1
C,4,R,4,Y,222,C,2,S,5,X,65,K,19,X,28,K,18,X,1,R,1,Y,1,S,3,C,1,"L1:[sp=C,4] R=4,Y=222,C=2,S=5,X=65,K=19 || L2:[sp=X,28] K=18,X=1,R=1,Y=1,S=3,C=1",-113745.0,-163323000.0,1,C|X,1
K,4,R,5,X,223,S,5,C,3,Y,24,K,2,K,14,Y,1,R,1,X,1,K,1,S,1,C,2,"L1:[sp=K,4] R=5,X=223,S=5,C=3,Y=24,K=2 || L2:[sp=K,14] Y=1,R=1,X=1,K=1,S=1,C=2",-114781.0,-163323000.0,1,K|K,1
K,4,K,19,C,3,Y,222,S,6,X,38,R,4,X,28,X,1,Y,1,R,1,C,1,K,10,S,6,"L1:[sp=K,4] K=19,C=3,Y=222,S=6,X=38,R=4 || L2:[sp=X,28] X=1,Y=1,R=1,C=1,K=10,S=6",-114937.0,-163323000.0,1,K|X,1
K,4,Y,222,K,19,C,1,R,4,X,65,S,3,X,28,K,4,X,7,R,2,Y,1,S,3,C,1,"L1:[sp=K,4] Y=222,K=19,C=1,R=4,X=65,S=3 || L2:[sp=X,28] K=4,X=7,R=2,Y=1,S=3,C=1",-114985.0,-163323000.0,1,K|X,1
K,4,R,4,Y,222,X,118,K,1,S,6,C,2,Y,6,Y,1,C,1,S,1,R,4,X,1,K,1,"L1:[sp=K,4] R=4,Y=222,X=118,K=1,S=6,C=2 || L2:[sp=Y,6] Y=1,C=1,S=1,R=4,X=1,K=1",-115465.0,-163323000.0,1,K|Y,1
C,4,R,4,X,212,C,1,S,1,K,55,Y,222,X,8,X,1,K,19,C,1,Y,1,R,2,S,1,"L1:[sp=C,4] R=4,X=212,C=1,S=1,K=55,Y=222 || L2:[sp=X,8] X=1,K=19,C=1,Y=1,R=2,S=1",-116985.0,-163323000.0,1,C|X,1
K,4,C,2,K,40,S,5,R,4,X,65,Y,222,X,28,C,1,X,1,R,1,Y,1,K,10,S,3,"L1:[sp=K,4] C=2,K=40,S=5,R=4,X=65,Y=222 || L2:[sp=X,28] C=1,X=1,R=1,Y=1,K=10,S=3",-117633.0,-163323000.0,1,K|X,1
Y,4,Y,222,K,19,C,1,R,4,X,41,S,1,X,28,K,4,X,1,R,2,Y,1,S,1,C,1,"L1:[sp=Y,4] Y=222,K=19,C=1,R=4,X=41,S=1 || L2:[sp=X,28] K=4,X=1,R=2,Y=1,S=1,C=1",-119281.0,-163323000.0,1,Y|X,1
K,4,X,223,S,6,K,41,Y,186,R,1,C,3,Y,67,S,5,Y,1,R,1,X,1,C,1,K,20,"L1:[sp=K,4] X=223,S=6,K=41,Y=186,R=1,C=3 || L2:[sp=Y,67] S=5,Y=1,R=1,X=1,C=1,K=20",-120569.0,-163324000.0,1,K|Y,1
K,4,X,223,S,6,K,41,Y,186,R,1,C,1,Y,67,S,5,Y,1,R,1,X,1,C,1,K,20,"L1:[sp=K,4] X=223,S=6,K=41,Y=186,R=1,C=1 || L2:[sp=Y,67] S=5,Y=1,R=1,X=1,C=1,K=20",-120625.0,-163324000.0,1,K|Y,1
K,4,X,223,S,6,K,41,Y,172,R,1,C,1,Y,67,S,5,Y,1,R,1,X,1,C,1,K,20,"L1:[sp=K,4] X=223,S=6,K=41,Y=172,R=1,C=1 || L2:[sp=Y,67] S=5,Y=1,R=1,X=1,C=1,K=20",-120625.0,-163324000.0,1,K|Y,1
K,4,X,223,S,6,K,41,Y,190,R,1,C,1,Y,67,S,5,Y,1,R,1,X,1,C,1,K,20,"L1:[sp=K,4] X=223,S=6,K=41,Y=190,R=1,C=1 || L2:[sp=Y,67] S=5,Y=1,R=1,X=1,C=1,K=20",-120625.0,-163324000.0,1,K|Y,1
Y,4,S,6,X,223,R,2,Y,209,C,1,K,2,Y,21,S,3,C,1,K,2,X,1,Y,1,R,1,"L1:[sp=Y,4] S=6,X=223,R=2,Y=209,C=1,K=2 || L2:[sp=Y,21] S=3,C=1,K=2,X=1,Y=1,R=1",-121729.0,-163323000.0,1,Y|Y,1
K,4,S,6,X,223,R,2,Y,209,C,1,K,44,Y,21,X,1,Y,1,K,11,S,6,C,1,R,1,"L1:[sp=K,4] S=6,X=223,R=2,Y=209,C=1,K=44 || L2:[sp=Y,21] X=1,Y=1,K=11,S=6,C=1,R=1",-122017.0,-163323000.0,1,K|Y,1
Y,4,Y,222,K,19,C,1,R,4,X,65,S,4,X,28,K,6,X,1,R,2,Y,1,C,1,S,2,"L1:[sp=Y,4] Y=222,K=19,C=1,R=4,X=65,S=4 || L2:[sp=X,28] K=6,X=1,R=2,Y=1,C=1,S=2",-123073.0,-163323000.0,1,Y|X,1
K,4,S,6,X,223,R,2,Y,24,C,1,K,44,Y,21,X,1,Y,1,K,11,S,1,C,1,R,1,"L1:[sp=K,4] S=6,X=223,R=2,Y=24,C=1,K=44 || L2:[sp=Y,21] X=1,Y=1,K=11,S=1,C=1,R=1",-123133.0,-163323000.0,1,K|Y,1
X,4,S,3,Y,108,C,2,X,223,R,5,K,2,Y,21,S,1,C,1,K,2,X,1,Y,1,R,3,"L1:[sp=X,4] S=3,Y=108,C=2,X=223,R=5,K=2 || L2:[sp=Y,21] S=1,C=1,K=2,X=1,Y=1,R=3",-123457.0,-163323000.0,1,X|Y,1
Y,4,K,1,S,6,Y,222,R,7,X,223,C,2,C,1,Y,1,C,2,R,4,S,5,K,1,X,1,"L1:[sp=Y,4] K=1,S=6,Y=222,R=7,X=223,C=2 || L2:[sp=C,1] Y=1,C=2,R=4,S=5,K=1,X=1",-125697.0,-163323000.0,1,Y|C,1
K,4,S,3,X,223,R,2,Y,186,C,2,K,39,Y,21,S,2,C,1,K,2,X,1,Y,1,R,1,"L1:[sp=K,4] S=3,X=223,R=2,Y=186,C=2,K=39 || L2:[sp=Y,21] S=2,C=1,K=2,X=1,Y=1,R=1",-126175.0,-163323000.0,1,K|Y,1
K,4,R,4,Y,56,X,223,S,5,K,1,C,2,K,1,Y,1,C,1,X,1,S,4,K,1,R,4,"L1:[sp=K,4] R=4,Y=56,X=223,S=5,K=1,C=2 || L2:[sp=K,1] Y=1,C=1,X=1,S=4,K=1,R=4",-127329.0,-163323000.0,1,K|K,1
K,4,Y,74,R,4,X,223,K,1,S,5,C,1,K,1,R,4,S,4,Y,1,C,1,X,1,K,1,"L1:[sp=K,4] Y=74,R=4,X=223,K=1,S=5,C=1 || L2:[sp=K,1] R=4,S=4,Y=1,C=1,X=1,K=1",-127333.0,-163323000.0,1,K|K,1
K,4,C,1,S,6,K,37,R,5,Y,222,X,223,K,1,K,1,R,4,C,1,Y,12,X,1,S,4,"L1:[sp=K,4] C=1,S=6,K=37,R=5,Y=222,X=223 || L2:[sp=K,1] K=1,R=4,C=1,Y=12,X=1,S=4",-127885.0,-163323000.0,1,K|K,1
C,4,R,6,X,148,C,1,S,3,K,55,Y,222,X,8,X,1,K,8,Y,1,C,1,R,3,S,1,"L1:[sp=C,4] R=6,X=148,C=1,S=3,K=55,Y=222 || L2:[sp=X,8] X=1,K=8,Y=1,C=1,R=3,S=1",-127915.0,-163323000.0,1,C|X,1
X,4,R,5,X,223,K,45,C,3,Y,195,S,3,K,27,Y,1,R,2,C,2,X,1,K,1,S,3,"L1:[sp=X,4] R=5,X=223,K=45,C=3,Y=195,S=3 || L2:[sp=K,27] Y=1,R=2,C=2,X=1,K=1,S=3",-128167.0,-163323000.0,1,X|K,1
K,4,C,2,K,40,S,7,R,4,X,136,Y,222,X,28,C,1,X,1,R,1,Y,1,K,10,S,3,"L1:[sp=K,4] C=2,K=40,S=7,R=4,X=136,Y=222 || L2:[sp=X,28] C=1,X=1,R=1,Y=1,K=10,S=3",-129369.0,-163323000.0,1,K|X,1
K,4,S,5,X,223,R,1,Y,186,C,2,K,40,Y,21,S,2,C,1,K,2,X,1,Y,1,R,1,"L1:[sp=K,4] S=5,X=223,R=1,Y=186,C=2,K=40 || L2:[sp=Y,21] S=2,C=1,K=2,X=1,Y=1,R=1",-129417.0,-163323000.0,1,K|Y,1
K,4,Y,222,R,3,X,223,K,4,S,6,C,3,C,1,X,1,S,1,C,1,Y,1,R,2,K,4,"L1:[sp=K,4] Y=222,R=3,X=223,K=4,S=6,C=3 || L2:[sp=C,1] X=1,S=1,C=1,Y=1,R=2,K=4",-131131.0,-163323000.0,1,K|C,1
X,4,R,3,X,223,C,2,K,45,Y,222,S,5,K,27,X,1,R,2,C,2,Y,1,K,1,S,1,"L1:[sp=X,4] R=3,X=223,C=2,K=45,Y=222,S=5 || L2:[sp=K,27] X=1,R=2,C=2,Y=1,K=1,S=1",-131149.0,-163323000.0,1,X|K,1
K,4,R,5,X,223,S,3,Y,87,C,1,K,9,K,3,S,3,K,2,C,1,X,1,Y,1,R,1,"L1:[sp=K,4] R=5,X=223,S=3,Y=87,C=1,K=9 || L2:[sp=K,3] S=3,K=2,C=1,X=1,Y=1,R=1",-131599.0,-163323000.0,1,K|K,1
X,4,S,3,X,223,R,1,Y,16,C,2,K,44,Y,21,S,1,K,20,Y,1,X,1,C,1,R,1,"L1:[sp=X,4] S=3,X=223,R=1,Y=16,C=2,K=44 || L2:[sp=Y,21] S=1,K=20,Y=1,X=1,C=1,R=1",-132889.0,-163323000.0,1,X|Y,1
X,4,S,3,X,223,R,5,Y,186,C,2,K,2,Y,21,Y,1,C,1,K,2,X,1,S,3,R,3,"L1:[sp=X,4] S=3,X=223,R=5,Y=186,C=2,K=2 || L2:[sp=Y,21] Y=1,C=1,K=2,X=1,S=3,R=3",-133825.0,-163323000.0,1,X|Y,1
K,4,R,7,X,223,S,5,C,2,Y,169,K,2,K,14,Y,1,R,2,X,1,S,1,K,1,C,2,"L1:[sp=K,4] R=7,X=223,S=5,C=2,Y=169,K=2 || L2:[sp=K,14] Y=1,R=2,X=1,S=1,K=1,C=2",-134089.0,-163323000.0,1,K|K,1
C,4,X,223,Y,85,K,6,S,6,R,4,C,3,Y,24,Y,1,X,1,R,4,C,2,S,2,K,1,"L1:[sp=C,4] X=223,Y=85,K=6,S=6,R=4,C=3 || L2:[sp=Y,24] Y=1,X=1,R=4,C=2,S=2,K=1",-135301.0,-163323000.0,1,C|Y,1
K,4,S,3,X,223,R,3,Y,186,C,2,K,42,Y,21,S,2,C,1,K,2,X,1,Y,1,R,1,"L1:[sp=K,4] S=3,X=223,R=3,Y=186,C=2,K=42 || L2:[sp=Y,21] S=2,C=1,K=2,X=1,Y=1,R=1",-135865.0,-163323000.0,1,K|Y,1
K,4,S,3,X,223,R,5,Y,186,C,3,K,2,Y,21,S,1,C,1,K,1,X,1,Y,58,R,3,"L1:[sp=K,4] S=3,X=223,R=5,Y=186,C=3,K=2 || L2:[sp=Y,21] S=1,C=1,K=1,X=1,Y=58,R=3",-136465.0,-163323000.0,1,K|Y,1
K,4,S,3,X,223,R,5,Y,186,C,2,K,39,Y,21,S,2,C,1,K,10,X,1,Y,1,R,1,"L1:[sp=K,4] S=3,X=223,R=5,Y=186,C=2,K=39 || L2:[sp=Y,21] S=2,C=1,K=10,X=1,Y=1,R=1",-137617.0,-163323000.0,1,K|Y,1
K,4,S,3,X,223,R,5,Y,26,C,3,K,2,Y,21,C,2,R,1,K,2,X,1,Y,13,S,1,"L1:[sp=K,4] S=3,X=223,R=5,Y=26,C=3,K=2 || L2:[sp=Y,21] C=2,R=1,K=2,X=1,Y=13,S=1",-137809.0,-163323000.0,1,K|Y,1
C,4,R,4,K,19,C,2,S,3,X,65,Y,222,X,28,K,4,X,1,R,1,Y,1,S,1,C,1,"L1:[sp=C,4] R=4,K=19,C=2,S=3,X=65,Y=222 || L2:[sp=X,28] K=4,X=1,R=1,Y=1,S=1,C=1",-138081.0,-163323000.0,1,C|X,1
Y,4,Y,222,K,19,C,1,R,4,X,65,S,3,X,28,K,4,X,1,R,2,Y,1,S,3,C,1,"L1:[sp=Y,4] Y=222,K=19,C=1,R=4,X=65,S=3 || L2:[sp=X,28] K=4,X=1,R=2,Y=1,S=3,C=1",-138529.0,-163323000.0,1,Y|X,1
X,4,S,3,X,223,Y,186,R,5,C,2,K,2,Y,21,S,1,C,2,K,2,X,1,Y,1,R,3,"L1:[sp=X,4] S=3,X=223,Y=186,R=5,C=2,K=2 || L2:[sp=Y,21] S=1,C=2,K=2,X=1,Y=1,R=3",-138753.0,-163323000.0,1,X|Y,1
K,4,C,2,K,40,S,1,R,4,X,28,Y,222,X,28,C,1,K,19,R,3,Y,1,X,1,S,1,"L1:[sp=K,4] C=2,K=40,S=1,R=4,X=28,Y=222 || L2:[sp=X,28] C=1,K=19,R=3,Y=1,X=1,S=1",-141345.0,-163323000.0,1,K|X,1
X,4,R,6,X,45,C,1,S,3,K,55,Y,222,K,11,X,1,K,8,Y,1,C,1,R,3,S,1,"L1:[sp=X,4] R=6,X=45,C=1,S=3,K=55,Y=222 || L2:[sp=K,11] X=1,K=8,Y=1,C=1,R=3,S=1",-142165.0,-163323000.0,1,X|K,1
K,4,S,3,X,223,R,2,Y,209,C,1,K,44,Y,21,X,1,Y,1,K,11,S,2,C,1,R,1,"L1:[sp=K,4] S=3,X=223,R=2,Y=209,C=1,K=44 || L2:[sp=Y,21] X=1,Y=1,K=11,S=2,C=1,R=1",-142369.0,-163323000.0,1,K|Y,1
K,4,S,3,X,223,R,1,Y,63,C,1,K,44,Y,21,S,2,Y,1,K,20,X,1,C,1,R,1,"L1:[sp=K,4] S=3,X=223,R=1,Y=63,C=1,K=44 || L2:[sp=Y,21] S=2,Y=1,K=20,X=1,C=1,R=1",-142549.0,-163323000.0,1,K|Y,1
K,4,C,3,S,5,Y,222,R,7,K,27,X,223,C,1,K,1,R,3,C,1,Y,94,X,1,S,1,"L1:[sp=K,4] C=3,S=5,Y=222,R=7,K=27,X=223 || L2:[sp=C,1] K=1,R=3,C=1,Y=94,X=1,S=1",-142887.0,-163323000.0,1,K|C,1
K,4,C,3,S,5,K,27,R,4,Y,222,X,223,C,1,K,1,R,3,C,1,Y,94,X,1,S,1,"L1:[sp=K,4] C=3,S=5,K=27,R=4,Y=222,X=223 || L2:[sp=C,1] K=1,R=3,C=1,Y=94,X=1,S=1",-142889.0,-163323000.0,1,K|C,1
K,4,C,3,S,5,Y,222,R,4,K,27,X,223,C,1,K,1,R,1,C,1,Y,94,X,1,S,1,"L1:[sp=K,4] C=3,S=5,Y=222,R=4,K=27,X=223 || L2:[sp=C,1] K=1,R=1,C=1,Y=94,X=1,S=1",-142889.0,-163323000.0,1,K|C,1
K,4,Y,222,K,19,C,1,R,4,X,136,S,6,X,28,K,4,X,2,R,3,Y,1,S,6,C,1,"L1:[sp=K,4] Y=222,K=19,C=1,R=4,X=136,S=6 || L2:[sp=X,28] K=4,X=2,R=3,Y=1,S=6,C=1",-143665.0,-163323000.0,1,K|X,1
X,4,R,2,X,223,K,45,C,3,Y,222,S,6,K,27,X,1,R,2,C,2,Y,1,K,1,S,3,"L1:[sp=X,4] R=2,X=223,K=45,C=3,Y=222,S=6 || L2:[sp=K,27] X=1,R=2,C=2,Y=1,K=1,S=3",-144537.0,-163323000.0,1,X|K,1
K,4,S,3,K,2,R,4,Y,102,C,3,X,223,Y,21,R,1,Y,32,S,3,X,1,C,1,K,1,"L1:[sp=K,4] S=3,K=2,R=4,Y=102,C=3,X=223 || L2:[sp=Y,21] R=1,Y=32,S=3,X=1,C=1,K=1",-145225.0,-163323000.0,1,K|Y,1
K,4,S,3,X,223,R,5,Y,186,C,2,K,45,Y,21,C,1,S,2,K,2,X,1,Y,1,R,3,"L1:[sp=K,4] S=3,X=223,R=5,Y=186,C=2,K=45 || L2:[sp=Y,21] C=1,S=2,K=2,X=1,Y=1,R=3",-145555.0,-163323000.0,1,K|Y,1
C,4,R,6,X,223,S,5,C,1,Y,222,K,45,X,27,X,41,R,2,C,1,Y,1,K,1,S,3,"L1:[sp=C,4] R=6,X=223,S=5,C=1,Y=222,K=45 || L2:[sp=X,27] X=41,R=2,C=1,Y=1,K=1,S=3",-146953.0,-163323000.0,1,C|X,1
Y,4,R,4,K,1,Y,12,S,4,X,223,C,3,K,1,Y,1,C,3,R,4,S,4,K,1,X,1,"L1:[sp=Y,4] R=4,K=1,Y=12,S=4,X=223,C=3 || L2:[sp=K,1] Y=1,C=3,R=4,S=4,K=1,X=1",-147713.0,-163323000.0,1,Y|K,1
K,4,S,3,X,223,R,5,Y,168,C,2,K,42,Y,21,S,2,C,1,K,9,X,1,Y,1,R,3,"L1:[sp=K,4] S=3,X=223,R=5,Y=168,C=2,K=42 || L2:[sp=Y,21] S=2,C=1,K=9,X=1,Y=1,R=3",-148201.0,-163323000.0,1,K|Y,1
K,4,S,3,X,223,R,2,Y,186,C,3,K,46,Y,21,S,2,Y,1,K,44,X,1,C,1,R,1,"L1:[sp=K,4] S=3,X=223,R=2,Y=186,C=3,K=46 || L2:[sp=Y,21] S=2,Y=1,K=44,X=1,C=1,R=1",-148789.0,-163324000.0,1,K|Y,1
K,4,S,3,X,223,R,1,Y,186,C,2,K,46,Y,21,S,2,Y,1,K,44,X,1,C,1,R,1,"L1:[sp=K,4] S=3,X=223,R=1,Y=186,C=2,K=46 || L2:[sp=Y,21] S=2,Y=1,K=44,X=1,C=1,R=1",-148849.0,-163323000.0,1,K|Y,1
K,4,C,1,S,6,K,37,R,5,Y,222,X,223,C,1,K,1,R,1,C,1,Y,12,X,1,S,4,"L1:[sp=K,4] C=1,S=6,K=37,R=5,Y=222,X=223 || L2:[sp=C,1] K=1,R=1,C=1,Y=12,X=1,S=4",-149197.0,-163323000.0,1,K|C,1
K,4,C,1,S,6,K,37,R,5,Y,222,X,223,K,1,K,1,R,1,C,1,Y,12,X,1,S,4,"L1:[sp=K,4] C=1,S=6,K=37,R=5,Y=222,X=223 || L2:[sp=K,1] K=1,R=1,C=1,Y=12,X=1,S=4",-149197.0,-163323000.0,1,K|K,1
K,4,C,3,K,58,Y,222,R,4,X,151,S,6,X,28,S,6,X,1,R,2,Y,1,K,10,C,1,"L1:[sp=K,4] C=3,K=58,Y=222,R=4,X=151,S=6 || L2:[sp=X,28] S=6,X=1,R=2,Y=1,K=10,C=1",-150345.0,-163324000.0,1,K|X,1
X,4,R,4,S,7,Y,222,X,223,K,1,C,3,K,1,R,1,C,1,Y,1,S,6,K,1,X,3,"L1:[sp=X,4] R=4,S=7,Y=222,X=223,K=1,C=3 || L2:[sp=K,1] R=1,C=1,Y=1,S=6,K=1,X=3",-150657.0,-163323000.0,1,X|K,1
C,4,C,3,R,4,K,1,X,223,Y,222,S,6,Y,2,Y,1,X,35,R,2,C,2,S,1,K,1,"L1:[sp=C,4] C=3,R=4,K=1,X=223,Y=222,S=6 || L2:[sp=Y,2] Y=1,X=35,R=2,C=2,S=1,K=1",-150785.0,-163323000.0,1,C|Y,1
K,4,C,2,S,6,X,221,R,4,Y,222,K,25,K,1,K,1,R,1,C,2,Y,1,X,70,S,3,"L1:[sp=K,4] C=2,S=6,X=221,R=4,Y=222,K=25 || L2:[sp=K,1] K=1,R=1,C=2,Y=1,X=70,S=3",-151209.0,-163323000.0,1,K|K,1
K,4,S,3,X,223,R,7,Y,186,C,3,K,2,Y,26,S,1,C,1,K,2,X,1,Y,43,R,1,"L1:[sp=K,4] S=3,X=223,R=7,Y=186,C=3,K=2 || L2:[sp=Y,26] S=1,C=1,K=2,X=1,Y=43,R=1",-151741.0,-163323000.0,1,K|Y,1
K,4,R,4,Y,222,X,6,K,11,C,2,S,3,X,28,Y,1,C,1,R,1,S,3,K,1,X,1,"L1:[sp=K,4] R=4,Y=222,X=6,K=11,C=2,S=3 || L2:[sp=X,28] Y=1,C=1,R=1,S=3,K=1,X=1",-154291.0,-163323000.0,1,K|X,1
K,4,C,3,K,49,Y,222,R,4,X,60,S,6,X,28,S,6,X,1,R,2,Y,1,K,10,C,1,"L1:[sp=K,4] C=3,K=49,Y=222,R=4,X=60,S=6 || L2:[sp=X,28] S=6,X=1,R=2,Y=1,K=10,C=1",-155249.0,-163324000.0,1,K|X,1
Y,4,S,3,R,2,X,223,Y,186,C,3,K,26,K,21,X,1,R,2,C,2,S,1,Y,1,K,1,"L1:[sp=Y,4] S=3,R=2,X=223,Y=186,C=3,K=26 || L2:[sp=K,21] X=1,R=2,C=2,S=1,Y=1,K=1",-156277.0,-163323000.0,1,Y|K,1
K,4,C,2,R,4,X,223,K,50,Y,222,S,6,C,28,Y,39,S,1,R,2,C,1,K,1,X,1,"L1:[sp=K,4] C=2,R=4,X=223,K=50,Y=222,S=6 || L2:[sp=C,28] Y=39,S=1,R=2,C=1,K=1,X=1",-156809.0,-163323000.0,1,K|C,1
K,4,Y,222,K,39,C,3,R,4,X,85,S,6,K,39,R,2,S,1,K,4,Y,1,X,1,C,1,"L1:[sp=K,4] Y=222,K=39,C=3,R=4,X=85,S=6 || L2:[sp=K,39] R=2,S=1,K=4,Y=1,X=1,C=1",-157261.0,-163323000.0,1,K|K,1
K,4,X,223,R,5,S,6,K,2,Y,209,C,2,K,1,Y,1,R,5,X,1,K,1,S,3,C,2,"L1:[sp=K,4] X=223,R=5,S=6,K=2,Y=209,C=2 || L2:[sp=K,1] Y=1,R=5,X=1,K=1,S=3,C=2",-158417.0,-163323000.0,1,K|K,1
C,4,R,4,K,19,C,2,S,3,X,65,Y,222,X,28,K,4,X,1,R,1,Y,1,S,3,C,1,"L1:[sp=C,4] R=4,K=19,C=2,S=3,X=65,Y=222 || L2:[sp=X,28] K=4,X=1,R=1,Y=1,S=3,C=1",-161377.0,-163323000.0,1,C|X,1
K,4,S,3,X,223,R,1,Y,186,C,2,K,2,Y,21,S,1,C,1,K,2,X,1,Y,69,R,1,"L1:[sp=K,4] S=3,X=223,R=1,Y=186,C=2,K=2 || L2:[sp=Y,21] S=1,C=1,K=2,X=1,Y=69,R=1",-162625.0,-163323000.0,1,K|Y,1
K,4,K,59,Y,179,R,6,C,3,X,223,S,5,K,27,Y,1,R,6,C,2,X,1,K,1,S,1,"L1:[sp=K,4] K=59,Y=179,R=6,C=3,X=223,S=5 || L2:[sp=K,27] Y=1,R=6,C=2,X=1,K=1,S=1",-165573.0,-163323000.0,1,K|K,1
K,4,K,57,Y,179,R,6,C,3,X,223,S,5,K,27,Y,1,R,6,C,2,X,1,K,1,S,1,"L1:[sp=K,4] K=57,Y=179,R=6,C=3,X=223,S=5 || L2:[sp=K,27] Y=1,R=6,C=2,X=1,K=1,S=1",-165573.0,-163323000.0,1,K|K,1
Y,4,K,19,C,3,Y,222,R,5,X,151,S,5,X,28,S,3,X,1,C,1,Y,1,K,1,R,3,"L1:[sp=Y,4] K=19,C=3,Y=222,R=5,X=151,S=5 || L2:[sp=X,28] S=3,X=1,C=1,Y=1,K=1,R=3",-169377.0,-163323000.0,1,Y|X,1
Y,4,K,19,C,3,Y,222,R,5,X,151,S,5,X,28,S,2,X,1,C,1,Y,1,K,1,R,3,"L1:[sp=Y,4] K=19,C=3,Y=222,R=5,X=151,S=5 || L2:[sp=X,28] S=2,X=1,C=1,Y=1,K=1,R=3",-169377.0,-163323000.0,1,Y|X,1
K,4,R,5,X,46,S,5,C,1,Y,222,K,2,K,14,Y,1,R,1,X,1,K,1,S,4,C,1,"L1:[sp=K,4] R=5,X=46,S=5,C=1,Y=222,K=2 || L2:[sp=K,14] Y=1,R=1,X=1,K=1,S=4,C=1",-170281.0,-163323000.0,1,K|K,1
C,4,R,6,X,148,C,1,S,3,K,55,Y,222,X,8,X,1,K,8,C,1,Y,1,R,6,S,1,"L1:[sp=C,4] R=6,X=148,C=1,S=3,K=55,Y=222 || L2:[sp=X,8] X=1,K=8,C=1,Y=1,R=6,S=1",-170545.0,-163323000.0,1,C|X,1
K,4,X,223,R,4,Y,222,K,38,S,6,C,3,C,1,Y,39,S,1,C,1,R,2,X,1,K,1,"L1:[sp=K,4] X=223,R=4,Y=222,K=38,S=6,C=3 || L2:[sp=C,1] Y=39,S=1,C=1,R=2,X=1,K=1",-178757.0,-163323000.0,1,K|C,1
K,4,S,3,X,223,R,5,Y,186,C,3,K,6,Y,21,C,2,R,2,K,2,X,1,Y,51,S,1,"L1:[sp=K,4] S=3,X=223,R=5,Y=186,C=3,K=6 || L2:[sp=Y,21] C=2,R=2,K=2,X=1,Y=51,S=1",-179953.0,-163324000.0,1,K|Y,1
K,4,Y,222,S,1,X,223,C,1,K,1,R,4,K,1,Y,54,C,1,R,4,S,1,K,1,X,1,"L1:[sp=K,4] Y=222,S=1,X=223,C=1,K=1,R=4 || L2:[sp=K,1] Y=54,C=1,R=4,S=1,K=1,X=1",-188245.0,-163323000.0,1,K|K,1
Y,4,S,7,Y,222,C,1,R,4,X,65,K,19,X,28,K,4,X,1,R,1,Y,1,S,2,C,1,"L1:[sp=Y,4] S=7,Y=222,C=1,R=4,X=65,K=19 || L2:[sp=X,28] K=4,X=1,R=1,Y=1,S=2,C=1",-188257.0,-163323000.0,1,Y|X,1
Y,4,Y,222,K,19,C,1,R,4,X,65,S,3,X,28,K,4,X,1,R,1,Y,1,S,2,C,1,"L1:[sp=Y,4] Y=222,K=19,C=1,R=4,X=65,S=3 || L2:[sp=X,28] K=4,X=1,R=1,Y=1,S=2,C=1",-188449.0,-163323000.0,1,Y|X,1
C,4,C,1,X,4,R,5,S,5,K,55,Y,222,X,8,X,1,K,8,C,1,Y,1,R,2,S,1,"L1:[sp=C,4] C=1,X=4,R=5,S=5,K=55,Y=222 || L2:[sp=X,8] X=1,K=8,C=1,Y=1,R=2,S=1",-189091.0,-163323000.0,1,C|X,1
K,4,C,3,Y,222,X,135,K,1,S,6,R,4,Y,12,K,1,Y,1,R,2,S,1,X,1,C,3,"L1:[sp=K,4] C=3,Y=222,X=135,K=1,S=6,R=4 || L2:[sp=Y,12] K=1,Y=1,R=2,S=1,X=1,C=3",-192401.0,-163323000.0,1,K|Y,1
Y,4,Y,1,C,3,S,3,K,47,X,223,R,5,C,1,S,2,R,1,Y,1,X,1,K,14,C,1,"L1:[sp=Y,4] Y=1,C=3,S=3,K=47,X=223,R=5 || L2:[sp=C,1] S=2,R=1,Y=1,X=1,K=14,C=1",-194065.0,-163323000.0,1,Y|C,1
Y,4,Y,1,C,3,S,3,K,47,X,223,R,5,C,2,S,2,R,1,Y,1,X,1,K,14,C,1,"L1:[sp=Y,4] Y=1,C=3,S=3,K=47,X=223,R=5 || L2:[sp=C,2] S=2,R=1,Y=1,X=1,K=14,C=1",-194077.0,-163323000.0,1,Y|C,1
K,4,Y,222,K,40,S,1,R,4,X,65,C,2,X,28,C,1,X,1,R,3,Y,1,K,10,S,1,"L1:[sp=K,4] Y=222,K=40,S=1,R=4,X=65,C=2 || L2:[sp=X,28] C=1,X=1,R=3,Y=1,K=10,S=1",-194153.0,-163323000.0,1,K|X,1
K,4,C,3,R,4,X,89,K,1,S,6,Y,222,Y,12,K,1,Y,1,R,2,C,1,X,1,S,1,"L1:[sp=K,4] C=3,R=4,X=89,K=1,S=6,Y=222 || L2:[sp=Y,12] K=1,Y=1,R=2,C=1,X=1,S=1",-196621.0,-163323000.0,1,K|Y,1
X,4,R,3,X,223,K,45,C,3,Y,222,S,5,K,27,Y,1,R,2,C,2,X,1,K,1,S,3,"L1:[sp=X,4] R=3,X=223,K=45,C=3,Y=222,S=5 || L2:[sp=K,27] Y=1,R=2,C=2,X=1,K=1,S=3",-196699.0,-163323000.0,1,X|K,1
K,4,R,5,Y,222,X,223,S,1,K,1,C,2,K,1,Y,7,C,1,R,4,S,1,K,1,X,1,"L1:[sp=K,4] R=5,Y=222,X=223,S=1,K=1,C=2 || L2:[sp=K,1] Y=7,C=1,R=4,S=1,K=1,X=1",-197625.0,-163323000.0,1,K|K,1
X,4,S,3,X,223,R,7,Y,186,C,3,K,2,Y,21,S,1,C,3,X,1,K,2,Y,7,R,1,"L1:[sp=X,4] S=3,X=223,R=7,Y=186,C=3,K=2 || L2:[sp=Y,21] S=1,C=3,X=1,K=2,Y=7,R=1",-197761.0,-163323000.0,1,X|Y,1
K,4,R,1,X,223,S,5,C,1,Y,222,K,2,K,14,Y,1,R,1,X,1,K,2,S,1,C,1,"L1:[sp=K,4] R=1,X=223,S=5,C=1,Y=222,K=2 || L2:[sp=K,14] Y=1,R=1,X=1,K=2,S=1,C=1",-197821.0,-163323000.0,1,K|K,1
K,4,R,2,X,223,S,3,Y,186,C,2,K,9,K,3,S,2,C,1,K,2,X,1,Y,1,R,1,"L1:[sp=K,4] R=2,X=223,S=3,Y=186,C=2,K=9 || L2:[sp=K,3] S=2,C=1,K=2,X=1,Y=1,R=1",-198499.0,-163323000.0,1,K|K,1
C,4,R,5,X,212,C,2,S,5,K,55,Y,222,X,8,X,1,K,8,C,1,Y,1,S,1,R,2,"L1:[sp=C,4] R=5,X=212,C=2,S=5,K=55,Y=222 || L2:[sp=X,8] X=1,K=8,C=1,Y=1,S=1,R=2",-198957.0,-163323000.0,1,C|X,1
K,4,R,3,X,223,S,3,Y,186,C,2,K,9,K,3,S,2,C,1,K,2,X,1,Y,1,R,1,"L1:[sp=K,4] R=3,X=223,S=3,Y=186,C=2,K=9 || L2:[sp=K,3] S=2,C=1,K=2,X=1,Y=1,R=1",-199369.0,-163323000.0,1,K|K,1
K,4,C,3,X,223,R,5,Y,186,S,3,K,6,C,1,C,2,R,2,K,2,X,1,Y,51,S,1,"L1:[sp=K,4] C=3,X=223,R=5,Y=186,S=3,K=6 || L2:[sp=C,1] C=2,R=2,K=2,X=1,Y=51,S=1",-200227.0,-163324000.0,1,K|C,1
Y,4,K,26,S,3,X,223,Y,186,C,3,R,2,K,21,X,1,R,2,C,2,S,3,Y,1,K,1,"L1:[sp=Y,4] K=26,S=3,X=223,Y=186,C=3,R=2 || L2:[sp=K,21] X=1,R=2,C=2,S=3,Y=1,K=1",-200917.0,-163323000.0,1,Y|K,1
K,4,R,5,X,63,S,5,C,3,Y,222,K,2,K,14,Y,1,R,1,X,1,K,1,S,3,C,2,"L1:[sp=K,4] R=5,X=63,S=5,C=3,Y=222,K=2 || L2:[sp=K,14] Y=1,R=1,X=1,K=1,S=3,C=2",-201145.0,-163323000.0,1,K|K,1
Y,4,Y,222,R,4,X,223,K,1,S,6,C,2,K,2,Y,1,X,24,R,1,C,2,S,1,K,1,"L1:[sp=Y,4] Y=222,R=4,X=223,K=1,S=6,C=2 || L2:[sp=K,2] Y=1,X=24,R=1,C=2,S=1,K=1",-201217.0,-163323000.0,1,Y|K,1
K,4,X,223,S,3,R,7,Y,186,K,3,C,1,C,1,S,2,Y,1,K,3,X,1,C,1,R,1,"L1:[sp=K,4] X=223,S=3,R=7,Y=186,K=3,C=1 || L2:[sp=C,1] S=2,Y=1,K=3,X=1,C=1,R=1",-202879.0,-163323000.0,1,K|C,1
K,4,S,3,X,223,R,4,Y,186,C,2,K,2,Y,21,S,1,C,1,K,2,X,1,Y,76,R,2,"L1:[sp=K,4] S=3,X=223,R=4,Y=186,C=2,K=2 || L2:[sp=Y,21] S=1,C=1,K=2,X=1,Y=76,R=2",-204385.0,-163324000.0,1,K|Y,1
X,4,S,1,K,19,C,1,Y,222,X,77,R,4,K,28,K,4,X,2,R,2,Y,1,S,1,C,1,"L1:[sp=X,4] S=1,K=19,C=1,Y=222,X=77,R=4 || L2:[sp=K,28] K=4,X=2,R=2,Y=1,S=1,C=1",-207145.0,-163323000.0,1,X|K,1
X,4,S,1,K,19,C,1,Y,222,X,77,R,4,K,19,K,4,X,2,R,2,Y,1,S,1,C,1,"L1:[sp=X,4] S=1,K=19,C=1,Y=222,X=77,R=4 || L2:[sp=K,19] K=4,X=2,R=2,Y=1,S=1,C=1",-207145.0,-163323000.0,1,X|K,1
Y,4,Y,222,K,19,C,1,R,4,X,65,S,3,X,28,K,4,X,1,R,1,Y,1,S,1,C,1,"L1:[sp=Y,4] Y=222,K=19,C=1,R=4,X=65,S=3 || L2:[sp=X,28] K=4,X=1,R=1,Y=1,S=1,C=1",-207265.0,-163323000.0,1,Y|X,1
K,4,C,3,S,7,K,27,R,4,Y,222,X,89,K,9,K,1,R,1,C,1,Y,1,X,1,S,1,"L1:[sp=K,4] C=3,S=7,K=27,R=4,Y=222,X=89 || L2:[sp=K,9] K=1,R=1,C=1,Y=1,X=1,S=1",-208159.0,-163323000.0,1,K|K,1
K,4,C,3,S,7,K,27,R,4,Y,222,X,89,K,9,K,1,R,1,C,1,S,1,X,1,Y,1,"L1:[sp=K,4] C=3,S=7,K=27,R=4,Y=222,X=89 || L2:[sp=K,9] K=1,R=1,C=1,S=1,X=1,Y=1",-208159.0,-163323000.0,1,K|K,1
X,4,S,3,X,223,K,2,Y,186,C,2,R,2,Y,21,S,2,C,1,K,2,X,1,Y,1,R,1,"L1:[sp=X,4] S=3,X=223,K=2,Y=186,C=2,R=2 || L2:[sp=Y,21] S=2,C=1,K=2,X=1,Y=1,R=1",-208513.0,-163323000.0,1,X|Y,1
K,4,C,3,R,4,X,45,K,1,S,6,Y,222,Y,12,K,1,Y,1,R,2,C,1,X,20,S,1,"L1:[sp=K,4] C=3,R=4,X=45,K=1,S=6,Y=222 || L2:[sp=Y,12] K=1,Y=1,R=2,C=1,X=20,S=1",-210101.0,-163323000.0,1,K|Y,1
K,4,K,59,Y,179,R,6,C,3,X,223,S,3,K,27,Y,1,R,6,C,1,X,1,K,1,S,3,"L1:[sp=K,4] K=59,Y=179,R=6,C=3,X=223,S=3 || L2:[sp=K,27] Y=1,R=6,C=1,X=1,K=1,S=3",-212881.0,-163323000.0,1,K|K,1
K,4,R,6,X,223,K,59,C,1,Y,106,S,3,K,27,Y,1,R,6,C,1,X,1,K,1,S,3,"L1:[sp=K,4] R=6,X=223,K=59,C=1,Y=106,S=3 || L2:[sp=K,27] Y=1,R=6,C=1,X=1,K=1,S=3",-212923.0,-163323000.0,1,K|K,1
K,4,S,3,X,223,R,4,Y,186,C,1,K,2,Y,21,S,3,C,1,K,2,X,19,Y,1,R,3,"L1:[sp=K,4] S=3,X=223,R=4,Y=186,C=1,K=2 || L2:[sp=Y,21] S=3,C=1,K=2,X=19,Y=1,R=3",-216361.0,-163323000.0,1,K|Y,1
K,4,K,19,C,3,R,5,Y,222,X,173,S,6,X,28,X,39,Y,1,C,2,S,1,K,1,R,2,"L1:[sp=K,4] K=19,C=3,R=5,Y=222,X=173,S=6 || L2:[sp=X,28] X=39,Y=1,C=2,S=1,K=1,R=2",-217863.0,-163324000.0,1,K|X,1
X,4,S,6,K,19,C,1,Y,222,X,77,R,4,K,28,K,4,X,2,R,2,Y,1,S,1,C,1,"L1:[sp=X,4] S=6,K=19,C=1,Y=222,X=77,R=4 || L2:[sp=K,28] K=4,X=2,R=2,Y=1,S=1,C=1",-220465.0,-163323000.0,1,X|K,1
K,4,S,3,X,223,R,6,Y,93,C,3,K,2,Y,21,S,1,C,2,K,1,R,4,Y,55,X,1,"L1:[sp=K,4] S=3,X=223,R=6,Y=93,C=3,K=2 || L2:[sp=Y,21] S=1,C=2,K=1,R=4,Y=55,X=1",-221833.0,-163323000.0,1,K|Y,1
X,4,S,6,R,4,X,223,K,11,C,1,Y,171,K,28,Y,1,S,1,R,4,C,1,K,1,X,1,"L1:[sp=X,4] S=6,R=4,X=223,K=11,C=1,Y=171 || L2:[sp=K,28] Y=1,S=1,R=4,C=1,K=1,X=1",-222913.0,-163323000.0,1,X|K,1
X,4,R,6,X,148,C,1,Y,222,K,55,S,1,X,8,K,8,R,2,C,1,Y,1,X,1,S,1,"L1:[sp=X,4] R=6,X=148,C=1,Y=222,K=55,S=1 || L2:[sp=X,8] K=8,R=2,C=1,Y=1,X=1,S=1",-223525.0,-163323000.0,1,X|X,1
X,4,R,6,X,223,C,3,K,41,Y,104,S,5,K,27,X,1,R,2,C,2,Y,20,K,1,S,2,"L1:[sp=X,4] R=6,X=223,C=3,K=41,Y=104,S=5 || L2:[sp=K,27] X=1,R=2,C=2,Y=20,K=1,S=2",-225817.0,-163323000.0,1,X|K,1
X,4,R,4,S,7,Y,222,X,223,K,1,C,3,K,1,R,3,C,1,Y,1,S,6,K,1,X,3,"L1:[sp=X,4] R=4,S=7,Y=222,X=223,K=1,C=3 || L2:[sp=K,1] R=3,C=1,Y=1,S=6,K=1,X=3",-225921.0,-163323000.0,1,X|K,1
K,4,X,223,R,1,S,6,C,2,Y,38,K,2,Y,1,Y,1,R,1,X,1,K,1,S,4,C,1,"L1:[sp=K,4] X=223,R=1,S=6,C=2,Y=38,K=2 || L2:[sp=Y,1] Y=1,R=1,X=1,K=1,S=4,C=1",-225961.0,-163323000.0,1,K|Y,1
C,4,R,5,X,41,C,2,S,5,K,55,Y,222,X,8,X,1,K,8,C,1,Y,1,S,1,R,2,"L1:[sp=C,4] R=5,X=41,C=2,S=5,K=55,Y=222 || L2:[sp=X,8] X=1,K=8,C=1,Y=1,S=1,R=2",-226429.0,-163323000.0,1,C|X,1
C,4,R,5,X,41,C,2,S,5,K,55,Y,222,X,8,X,1,K,8,C,1,Y,1,S,2,R,2,"L1:[sp=C,4] R=5,X=41,C=2,S=5,K=55,Y=222 || L2:[sp=X,8] X=1,K=8,C=1,Y=1,S=2,R=2",-226429.0,-163323000.0,1,C|X,1
K,4,X,85,R,6,S,5,C,2,Y,222,K,2,K,1,Y,1,R,4,X,1,K,1,S,3,C,1,"L1:[sp=K,4] X=85,R=6,S=5,C=2,Y=222,K=2 || L2:[sp=K,1] Y=1,R=4,X=1,K=1,S=3,C=1",-227833.0,-163323000.0,1,K|K,1
K,4,Y,222,K,19,C,1,R,4,X,65,S,3,K,19,K,6,X,1,R,4,Y,1,C,1,S,2,"L1:[sp=K,4] Y=222,K=19,C=1,R=4,X=65,S=3 || L2:[sp=K,19] K=6,X=1,R=4,Y=1,C=1,S=2",-227881.0,-163323000.0,1,K|K,1
X,4,Y,104,R,4,X,223,K,11,C,3,S,6,K,28,Y,1,S,1,R,2,C,1,K,1,X,1,"L1:[sp=X,4] Y=104,R=4,X=223,K=11,C=3,S=6 || L2:[sp=K,28] Y=1,S=1,R=2,C=1,K=1,X=1",-228889.0,-163323000.0,1,X|K,1
K,4,S,6,X,223,R,2,Y,8,C,1,K,44,Y,21,X,1,Y,1,K,11,S,3,C,1,R,1,"L1:[sp=K,4] S=6,X=223,R=2,Y=8,C=1,K=44 || L2:[sp=Y,21] X=1,Y=1,K=11,S=3,C=1,R=1",-233521.0,-163323000.0,1,K|Y,1
C,4,R,6,X,42,C,1,S,3,K,55,Y,222,K,11,X,1,K,8,Y,1,C,1,R,3,S,1,"L1:[sp=C,4] R=6,X=42,C=1,S=3,K=55,Y=222 || L2:[sp=K,11] X=1,K=8,Y=1,C=1,R=3,S=1",-235945.0,-163323000.0,1,C|K,1
C,4,R,4,S,1,Y,222,X,223,K,48,C,2,X,7,C,2,X,1,K,1,S,1,Y,1,R,4,"L1:[sp=C,4] R=4,S=1,Y=222,X=223,K=48,C=2 || L2:[sp=X,7] C=2,X=1,K=1,S=1,Y=1,R=4",-236601.0,-163323000.0,1,C|X,1
Y,4,Y,222,K,19,C,1,R,4,X,65,S,3,X,28,K,4,X,1,R,1,Y,1,S,3,C,1,"L1:[sp=Y,4] Y=222,K=19,C=1,R=4,X=65,S=3 || L2:[sp=X,28] K=4,X=1,R=1,Y=1,S=3,C=1",-242209.0,-163323000.0,1,Y|X,1
K,4,S,3,X,223,R,5,Y,26,C,3,K,2,Y,21,C,1,K,2,R,2,X,1,Y,23,S,1,"L1:[sp=K,4] S=3,X=223,R=5,Y=26,C=3,K=2 || L2:[sp=Y,21] C=1,K=2,R=2,X=1,Y=23,S=1",-243649.0,-163323000.0,1,K|Y,1
K,4,S,5,X,223,R,1,K,64,C,3,Y,154,Y,21,R,1,C,1,K,1,X,1,S,1,Y,13,"L1:[sp=K,4] S=5,X=223,R=1,K=64,C=3,Y=154 || L2:[sp=Y,21] R=1,C=1,K=1,X=1,S=1,Y=13",-244637.0,-163323000.0,1,K|Y,1
K,4,S,3,X,223,R,4,C,3,Y,186,K,2,Y,21,S,1,R,1,X,1,K,1,Y,106,C,1,"L1:[sp=K,4] S=3,X=223,R=4,C=3,Y=186,K=2 || L2:[sp=Y,21] S=1,R=1,X=1,K=1,Y=106,C=1",-249361.0,-163323000.0,1,K|Y,1
Y,4,K,57,S,3,X,223,C,3,R,4,Y,186,K,24,R,2,S,1,Y,1,X,1,K,4,C,1,"L1:[sp=Y,4] K=57,S=3,X=223,C=3,R=4,Y=186 || L2:[sp=K,24] R=2,S=1,Y=1,X=1,K=4,C=1",-252685.0,-163323000.0,1,Y|K,1
K,4,Y,222,R,5,K,1,S,4,X,135,C,2,Y,4,Y,1,C,1,R,4,S,4,K,1,X,1,"L1:[sp=K,4] Y=222,R=5,K=1,S=4,X=135,C=2 || L2:[sp=Y,4] Y=1,C=1,R=4,S=4,K=1,X=1",-254625.0,-163323000.0,1,K|Y,1
K,4,Y,222,K,39,C,1,R,4,X,18,S,6,X,28,K,4,X,1,R,3,Y,1,S,2,C,1,"L1:[sp=K,4] Y=222,K=39,C=1,R=4,X=18,S=6 || L2:[sp=X,28] K=4,X=1,R=3,Y=1,S=2,C=1",-255685.0,-163323000.0,1,K|X,1
Y,4,R,5,X,173,C,2,S,6,K,41,Y,222,X,8,X,1,K,8,C,1,Y,1,S,1,R,2,"L1:[sp=Y,4] R=5,X=173,C=2,S=6,K=41,Y=222 || L2:[sp=X,8] X=1,K=8,C=1,Y=1,S=1,R=2",-255813.0,-163323000.0,1,Y|X,1
Y,4,R,5,X,173,S,6,C,2,K,41,Y,222,X,8,X,1,K,8,C,1,Y,1,S,1,R,2,"L1:[sp=Y,4] R=5,X=173,S=6,C=2,K=41,Y=222 || L2:[sp=X,8] X=1,K=8,C=1,Y=1,S=1,R=2",-255813.0,-163323000.0,1,Y|X,1
X,4,X,223,S,3,Y,16,K,57,R,1,C,1,Y,67,X,1,Y,1,C,1,S,2,K,4,R,1,"L1:[sp=X,4] X=223,S=3,Y=16,K=57,R=1,C=1 || L2:[sp=Y,67] X=1,Y=1,C=1,S=2,K=4,R=1",-256957.0,-163323000.0,1,X|Y,1
C,4,C,3,S,6,X,223,K,27,Y,222,R,6,X,1,K,1,R,2,C,1,Y,1,X,40,S,5,"L1:[sp=C,4] C=3,S=6,X=223,K=27,Y=222,R=6 || L2:[sp=X,1] K=1,R=2,C=1,Y=1,X=40,S=5",-258061.0,-163323000.0,1,C|X,1
X,4,R,5,S,4,Y,222,X,22,K,1,C,3,K,1,S,2,C,1,Y,1,X,1,K,1,R,2,"L1:[sp=X,4] R=5,S=4,Y=222,X=22,K=1,C=3 || L2:[sp=K,1] S=2,C=1,Y=1,X=1,K=1,R=2",-258305.0,-163323000.0,1,X|K,1
X,4,R,6,X,170,S,7,C,1,Y,222,K,55,X,8,K,8,R,2,C,1,Y,1,X,1,S,1,"L1:[sp=X,4] R=6,X=170,S=7,C=1,Y=222,K=55 || L2:[sp=X,8] K=8,R=2,C=1,Y=1,X=1,S=1",-258733.0,-163323000.0,1,X|X,1
C,4,Y,222,S,4,X,223,R,4,K,1,C,1,K,1,X,1,C,1,R,4,S,1,K,1,Y,74,"L1:[sp=C,4] Y=222,S=4,X=223,R=4,K=1,C=1 || L2:[sp=K,1] X=1,C=1,R=4,S=1,K=1,Y=74",-261889.0,-163323000.0,1,C|K,1
K,4,Y,222,S,6,X,223,K,50,C,2,R,4,C,28,R,4,S,1,Y,58,C,1,K,1,X,1,"L1:[sp=K,4] Y=222,S=6,X=223,K=50,C=2,R=4 || L2:[sp=C,28] R=4,S=1,Y=58,C=1,K=1,X=1",-263209.0,-163323000.0,1,K|C,1
C,4,X,221,R,4,C,3,Y,222,S,5,K,27,C,1,C,1,R,1,K,1,Y,1,X,70,S,1,"L1:[sp=C,4] X=221,R=4,C=3,Y=222,S=5,K=27 || L2:[sp=C,1] C=1,R=1,K=1,Y=1,X=70,S=1",-263437.0,-163323000.0,1,C|C,1
C,4,C,3,R,6,X,221,Y,222,S,5,K,27,C,1,C,1,R,1,K,1,Y,1,X,70,S,1,"L1:[sp=C,4] C=3,R=6,X=221,Y=222,S=5,K=27 || L2:[sp=C,1] C=1,R=1,K=1,Y=1,X=70,S=1",-263437.0,-163323000.0,1,C|C,1
Y,4,R,5,X,44,C,2,S,1,K,55,Y,222,X,8,X,1,K,26,C,1,Y,1,S,1,R,2,"L1:[sp=Y,4] R=5,X=44,C=2,S=1,K=55,Y=222 || L2:[sp=X,8] X=1,K=26,C=1,Y=1,S=1,R=2",-264643.0,-163323000.0,1,Y|X,1
K,4,S,3,K,2,R,7,Y,9,C,2,X,223,Y,21,K,1,Y,9,S,1,X,1,C,1,R,3,"L1:[sp=K,4] S=3,K=2,R=7,Y=9,C=2,X=223 || L2:[sp=Y,21] K=1,Y=9,S=1,X=1,C=1,R=3",-265201.0,-163323000.0,1,K|Y,1
X,4,S,3,K,19,C,1,Y,222,X,77,R,4,K,28,K,4,X,2,R,2,Y,1,S,3,C,1,"L1:[sp=X,4] S=3,K=19,C=1,Y=222,X=77,R=4 || L2:[sp=K,28] K=4,X=2,R=2,Y=1,S=3,C=1",-266185.0,-163323000.0,1,X|K,1
K,4,R,6,X,148,C,1,Y,222,K,55,S,1,X,8,K,8,R,2,C,1,Y,1,X,1,S,1,"L1:[sp=K,4] R=6,X=148,C=1,Y=222,K=55,S=1 || L2:[sp=X,8] K=8,R=2,C=1,Y=1,X=1,S=1",-268045.0,-163323000.0,1,K|X,1
K,4,C,3,S,5,K,51,R,4,Y,222,X,223,C,1,K,1,R,3,C,1,Y,94,X,1,S,1,"L1:[sp=K,4] C=3,S=5,K=51,R=4,Y=222,X=223 || L2:[sp=C,1] K=1,R=3,C=1,Y=94,X=1,S=1",-269897.0,-163323000.0,1,K|C,1
K,4,S,3,X,60,R,5,Y,222,C,1,K,2,Y,21,S,1,C,1,X,1,K,1,Y,1,R,2,"L1:[sp=K,4] S=3,X=60,R=5,Y=222,C=1,K=2 || L2:[sp=Y,21] S=1,C=1,X=1,K=1,Y=1,R=2",-270769.0,-163323000.0,1,K|Y,1
K,4,X,223,R,2,C,3,K,27,S,5,Y,138,C,3,C,1,Y,96,R,2,S,1,X,1,K,1,"L1:[sp=K,4] X=223,R=2,C=3,K=27,S=5,Y=138 || L2:[sp=C,3] C=1,Y=96,R=2,S=1,X=1,K=1",-272177.0,-163323000.0,1,K|C,1
K,4,K,26,R,5,X,223,Y,140,C,3,S,3,Y,21,S,1,R,3,K,1,X,1,Y,37,C,1,"L1:[sp=K,4] K=26,R=5,X=223,Y=140,C=3,S=3 || L2:[sp=Y,21] S=1,R=3,K=1,X=1,Y=37,C=1",-282841.0,-163323000.0,1,K|Y,1
K,4,R,4,X,37,C,1,Y,222,K,55,S,1,X,8,K,8,R,2,C,1,Y,1,X,1,S,1,"L1:[sp=K,4] R=4,X=37,C=1,Y=222,K=55,S=1 || L2:[sp=X,8] K=8,R=2,C=1,Y=1,X=1,S=1",-286735.0,-163323000.0,1,K|X,1
C,4,X,221,R,4,C,1,Y,222,S,5,K,27,K,1,K,1,R,1,C,1,Y,1,X,89,S,1,"L1:[sp=C,4] X=221,R=4,C=1,Y=222,S=5,K=27 || L2:[sp=K,1] K=1,R=1,C=1,Y=1,X=89,S=1",-288525.0,-163323000.0,1,C|K,1
Y,4,R,5,X,45,S,6,C,1,K,41,Y,222,X,8,X,1,K,8,C,1,Y,1,S,1,R,2,"L1:[sp=Y,4] R=5,X=45,S=6,C=1,K=41,Y=222 || L2:[sp=X,8] X=1,K=8,C=1,Y=1,S=1,R=2",-290005.0,-163323000.0,1,Y|X,1
Y,4,R,5,X,173,C,3,S,1,K,55,Y,222,X,8,X,1,K,8,C,1,Y,1,S,1,R,2,"L1:[sp=Y,4] R=5,X=173,C=3,S=1,K=55,Y=222 || L2:[sp=X,8] X=1,K=8,C=1,Y=1,S=1,R=2",-298467.0,-163323000.0,1,Y|X,1
C,4,X,151,K,38,Y,222,R,4,C,3,S,6,X,28,C,1,X,1,R,1,Y,1,K,10,S,6,"L1:[sp=C,4] X=151,K=38,Y=222,R=4,C=3,S=6 || L2:[sp=X,28] C=1,X=1,R=1,Y=1,K=10,S=6",-299393.0,-163323000.0,1,C|X,1
X,4,R,5,X,223,S,3,Y,176,C,2,K,2,Y,21,S,2,C,2,X,1,K,1,Y,1,R,2,"L1:[sp=X,4] R=5,X=223,S=3,Y=176,C=2,K=2 || L2:[sp=Y,21] S=2,C=2,X=1,K=1,Y=1,R=2",-301825.0,-163323000.0,1,X|Y,1
K,4,X,223,R,5,C,3,K,27,S,6,Y,104,C,3,K,1,Y,1,R,2,C,1,X,1,S,1,"L1:[sp=K,4] X=223,R=5,C=3,K=27,S=6,Y=104 || L2:[sp=C,3] K=1,Y=1,R=2,C=1,X=1,S=1",-302980.0,-163323000.0,1,K|C,1
K,4,Y,212,R,5,X,223,S,3,C,3,K,26,Y,21,X,1,R,3,K,1,S,1,C,2,Y,40,"L1:[sp=K,4] Y=212,R=5,X=223,S=3,C=3,K=26 || L2:[sp=Y,21] X=1,R=3,K=1,S=1,C=2,Y=40",-305773.0,-163323000.0,1,K|Y,1
K,4,K,19,C,3,R,5,Y,222,X,151,S,6,X,28,X,24,S,2,C,2,Y,1,K,1,R,3,"L1:[sp=K,4] K=19,C=3,R=5,Y=222,X=151,S=6 || L2:[sp=X,28] X=24,S=2,C=2,Y=1,K=1,R=3",-306441.0,-163324000.0,1,K|X,1
K,4,C,1,S,5,K,27,R,4,Y,222,X,89,K,9,K,1,X,1,C,1,Y,1,R,3,S,1,"L1:[sp=K,4] C=1,S=5,K=27,R=4,Y=222,X=89 || L2:[sp=K,9] K=1,X=1,C=1,Y=1,R=3,S=1",-306973.0,-163323000.0,1,K|K,1
C,4,R,5,X,212,C,3,S,7,K,55,Y,222,X,8,X,1,K,8,C,1,Y,1,S,1,R,2,"L1:[sp=C,4] R=5,X=212,C=3,S=7,K=55,Y=222 || L2:[sp=X,8] X=1,K=8,C=1,Y=1,S=1,R=2",-308709.0,-163323000.0,1,C|X,1
X,4,S,3,X,223,R,6,Y,186,C,3,K,2,Y,21,S,2,C,3,K,1,R,3,Y,1,X,1,"L1:[sp=X,4] S=3,X=223,R=6,Y=186,C=3,K=2 || L2:[sp=Y,21] S=2,C=3,K=1,R=3,Y=1,X=1",-314881.0,-163323000.0,1,X|Y,1
K,4,Y,66,S,3,K,30,R,7,X,223,C,3,Y,4,Y,1,C,2,R,4,S,1,K,1,X,1,"L1:[sp=K,4] Y=66,S=3,K=30,R=7,X=223,C=3 || L2:[sp=Y,4] Y=1,C=2,R=4,S=1,K=1,X=1",-317533.0,-163323000.0,1,K|Y,1
K,4,X,165,R,5,K,1,S,4,Y,222,C,1,Y,4,Y,3,C,1,R,4,S,4,K,1,X,1,"L1:[sp=K,4] X=165,R=5,K=1,S=4,Y=222,C=1 || L2:[sp=Y,4] Y=3,C=1,R=4,S=4,K=1,X=1",-318289.0,-163323000.0,1,K|Y,1
Y,4,S,3,X,223,R,5,Y,108,C,2,K,15,K,21,S,2,C,1,K,2,X,1,Y,1,R,3,"L1:[sp=Y,4] S=3,X=223,R=5,Y=108,C=2,K=15 || L2:[sp=K,21] S=2,C=1,K=2,X=1,Y=1,R=3",-323461.0,-163323000.0,1,Y|K,1
Y,4,K,20,Y,32,S,5,R,4,X,223,C,2,C,2,X,1,C,1,R,4,S,5,Y,1,K,1,"L1:[sp=Y,4] K=20,Y=32,S=5,R=4,X=223,C=2 || L2:[sp=C,2] X=1,C=1,R=4,S=5,Y=1,K=1",-327713.0,-163323000.0,1,Y|C,1
X,4,R,6,X,223,C,1,Y,222,K,55,S,1,X,8,K,8,R,2,C,1,Y,1,X,1,S,1,"L1:[sp=X,4] R=6,X=223,C=1,Y=222,K=55,S=1 || L2:[sp=X,8] K=8,R=2,C=1,Y=1,X=1,S=1",-329365.0,-163323000.0,1,X|X,1
K,4,S,3,X,223,Y,178,R,1,C,2,K,2,X,24,S,1,C,1,R,1,K,2,Y,1,X,1,"L1:[sp=K,4] S=3,X=223,Y=178,R=1,C=2,K=2 || L2:[sp=X,24] S=1,C=1,R=1,K=2,Y=1,X=1",-329701.0,-163323000.0,1,K|X,1
K,4,K,59,Y,115,R,5,C,3,X,223,S,5,K,27,Y,1,R,2,C,2,X,1,K,10,S,1,"L1:[sp=K,4] K=59,Y=115,R=5,C=3,X=223,S=5 || L2:[sp=K,27] Y=1,R=2,C=2,X=1,K=10,S=1",-332229.0,-163323000.0,1,K|K,1
K,4,K,59,R,5,Y,115,C,3,X,223,S,5,K,27,Y,1,R,2,C,2,X,1,K,10,S,1,"L1:[sp=K,4] K=59,R=5,Y=115,C=3,X=223,S=5 || L2:[sp=K,27] Y=1,R=2,C=2,X=1,K=10,S=1",-332229.0,-163323000.0,1,K|K,1
K,4,X,223,R,2,C,3,K,27,S,5,Y,138,K,3,K,1,Y,1,R,2,C,1,X,1,S,1,"L1:[sp=K,4] X=223,R=2,C=3,K=27,S=5,Y=138 || L2:[sp=K,3] K=1,Y=1,R=2,C=1,X=1,S=1",-337193.0,-163323000.0,1,K|K,1
K,4,X,223,R,2,C,1,K,27,S,5,Y,138,K,3,K,1,Y,1,R,2,C,1,X,1,S,1,"L1:[sp=K,4] X=223,R=2,C=1,K=27,S=5,Y=138 || L2:[sp=K,3] K=1,Y=1,R=2,C=1,X=1,S=1",-337225.0,-163323000.0,1,K|K,1
K,4,X,223,R,2,C,1,K,27,S,5,Y,211,K,3,K,1,Y,1,R,2,C,1,X,1,S,1,"L1:[sp=K,4] X=223,R=2,C=1,K=27,S=5,Y=211 || L2:[sp=K,3] K=1,Y=1,R=2,C=1,X=1,S=1",-337225.0,-163323000.0,1,K|K,1
C,4,R,6,X,148,C,2,S,1,K,55,Y,222,X,8,X,1,K,8,C,1,Y,1,S,1,R,6,"L1:[sp=C,4] R=6,X=148,C=2,S=1,K=55,Y=222 || L2:[sp=X,8] X=1,K=8,C=1,Y=1,S=1,R=6",-341097.0,-163323000.0,1,C|X,1
X,4,R,4,S,6,K,27,C,2,Y,222,X,223,C,1,K,1,R,1,S,3,Y,39,X,1,C,1,"L1:[sp=X,4] R=4,S=6,K=27,C=2,Y=222,X=223 || L2:[sp=C,1] K=1,R=1,S=3,Y=39,X=1,C=1",-350809.0,-163323000.0,1,X|C,1
Y,4,C,2,S,5,X,221,R,4,Y,222,K,36,K,1,Y,1,R,1,C,2,K,1,X,70,S,2,"L1:[sp=Y,4] C=2,S=5,X=221,R=4,Y=222,K=36 || L2:[sp=K,1] Y=1,R=1,C=2,K=1,X=70,S=2",-351249.0,-163323000.0,1,Y|K,1
K,4,S,3,K,2,R,4,Y,136,C,3,X,223,Y,168,S,2,C,2,K,2,X,41,Y,1,R,1,"L1:[sp=K,4] S=3,K=2,R=4,Y=136,C=3,X=223 || L2:[sp=Y,168] S=2,C=2,K=2,X=41,Y=1,R=1",-357889.0,-163323000.0,1,K|Y,1
K,4,S,3,X,223,R,1,Y,208,C,3,K,2,Y,21,S,1,K,2,C,1,X,28,Y,1,R,1,"L1:[sp=K,4] S=3,X=223,R=1,Y=208,C=3,K=2 || L2:[sp=Y,21] S=1,K=2,C=1,X=28,Y=1,R=1",-362377.0,-163323000.0,1,K|Y,1
C,4,C,3,R,2,X,223,K,50,S,3,Y,91,Y,6,Y,1,S,1,R,1,X,1,K,4,C,1,"L1:[sp=C,4] C=3,R=2,X=223,K=50,S=3,Y=91 || L2:[sp=Y,6] Y=1,S=1,R=1,X=1,K=4,C=1",-366985.0,-163323000.0,1,C|Y,1
Y,4,S,6,X,223,R,1,Y,63,C,1,K,44,K,21,S,1,Y,1,K,20,X,1,C,1,R,1,"L1:[sp=Y,4] S=6,X=223,R=1,Y=63,C=1,K=44 || L2:[sp=K,21] S=1,Y=1,K=20,X=1,C=1,R=1",-370525.0,-163323000.0,1,Y|K,1
X,4,R,6,X,166,K,45,C,3,Y,222,S,5,K,27,X,1,S,1,C,2,Y,1,K,1,R,5,"L1:[sp=X,4] R=6,X=166,K=45,C=3,Y=222,S=5 || L2:[sp=K,27] X=1,S=1,C=2,Y=1,K=1,R=5",-374859.0,-163323000.0,1,X|K,1
K,4,S,3,X,223,R,7,Y,30,C,2,K,2,Y,21,S,1,C,2,X,1,K,1,Y,30,R,1,"L1:[sp=K,4] S=3,X=223,R=7,Y=30,C=2,K=2 || L2:[sp=Y,21] S=1,C=2,X=1,K=1,Y=30,R=1",-376513.0,-163323000.0,1,K|Y,1
K,4,X,223,R,2,C,1,K,27,S,6,Y,87,K,3,K,1,Y,1,C,1,R,1,X,1,S,3,"L1:[sp=K,4] X=223,R=2,C=1,K=27,S=6,Y=87 || L2:[sp=K,3] K=1,Y=1,C=1,R=1,X=1,S=3",-384499.0,-163323000.0,1,K|K,1
K,4,R,4,Y,222,C,3,K,29,S,6,X,45,X,9,K,1,S,1,R,2,C,1,X,16,Y,1,"L1:[sp=K,4] R=4,Y=222,C=3,K=29,S=6,X=45 || L2:[sp=X,9] K=1,S=1,R=2,C=1,X=16,Y=1",-389781.0,-163323000.0,1,K|X,1
X,4,R,4,S,5,K,27,C,3,Y,222,X,223,C,1,K,1,R,1,C,3,Y,1,X,29,S,1,"L1:[sp=X,4] R=4,S=5,K=27,C=3,Y=222,X=223 || L2:[sp=C,1] K=1,R=1,C=3,Y=1,X=29,S=1",-395149.0,-163323000.0,1,X|C,1
K,4,R,1,X,223,S,5,C,3,Y,222,K,2,K,14,Y,1,R,1,X,1,K,2,S,3,C,2,"L1:[sp=K,4] R=1,X=223,S=5,C=3,Y=222,K=2 || L2:[sp=K,14] Y=1,R=1,X=1,K=2,S=3,C=2",-395221.0,-163323000.0,1,K|K,1
C,4,R,5,X,148,C,2,S,3,K,55,Y,222,X,8,X,1,K,8,Y,1,C,1,R,3,S,1,"L1:[sp=C,4] R=5,X=148,C=2,S=3,K=55,Y=222 || L2:[sp=X,8] X=1,K=8,Y=1,C=1,R=3,S=1",-397905.0,-163323000.0,1,C|X,1
C,4,X,65,K,19,S,3,R,4,C,1,Y,222,X,28,C,1,X,12,R,1,Y,1,K,10,S,3,"L1:[sp=C,4] X=65,K=19,S=3,R=4,C=1,Y=222 || L2:[sp=X,28] C=1,X=12,R=1,Y=1,K=10,S=3",-399265.0,-163323000.0,1,C|X,1
K,4,S,3,C,2,X,223,Y,11,R,2,K,2,X,21,S,1,C,2,X,1,K,1,Y,1,R,2,"L1:[sp=K,4] S=3,C=2,X=223,Y=11,R=2,K=2 || L2:[sp=X,21] S=1,C=2,X=1,K=1,Y=1,R=2",-401633.0,-163323000.0,1,K|X,1
K,4,R,6,X,148,C,1,Y,222,K,55,S,3,X,8,K,8,R,6,C,1,Y,1,X,1,S,1,"L1:[sp=K,4] R=6,X=148,C=1,Y=222,K=55,S=3 || L2:[sp=X,8] K=8,R=6,C=1,Y=1,X=1,S=1",-401977.0,-163323000.0,1,K|X,1
K,4,S,3,X,223,R,4,Y,110,C,2,K,2,X,21,S,1,C,2,X,1,K,1,Y,1,R,2,"L1:[sp=K,4] S=3,X=223,R=4,Y=110,C=2,K=2 || L2:[sp=X,21] S=1,C=2,X=1,K=1,Y=1,R=2",-406929.0,-163323000.0,1,K|X,1
C,4,Y,222,K,26,C,2,R,4,X,168,S,3,X,4,K,4,X,1,R,2,Y,1,S,1,C,1,"L1:[sp=C,4] Y=222,K=26,C=2,R=4,X=168,S=3 || L2:[sp=X,4] K=4,X=1,R=2,Y=1,S=1,C=1",-408613.0,-163323000.0,1,C|X,1
Y,4,R,4,X,37,C,1,Y,222,K,55,S,1,X,8,K,31,R,2,C,1,Y,1,X,1,S,1,"L1:[sp=Y,4] R=4,X=37,C=1,Y=222,K=55,S=1 || L2:[sp=X,8] K=31,R=2,C=1,Y=1,X=1,S=1",-412021.0,-163323000.0,1,Y|X,1
Y,4,R,5,X,54,C,2,S,3,K,55,Y,222,X,8,X,1,K,8,C,1,Y,1,S,1,R,5,"L1:[sp=Y,4] R=5,X=54,C=2,S=3,K=55,Y=222 || L2:[sp=X,8] X=1,K=8,C=1,Y=1,S=1,R=5",-426421.0,-163323000.0,1,Y|X,1
X,4,R,5,X,162,C,2,S,5,K,55,Y,222,X,8,X,1,K,8,C,1,Y,1,S,1,R,3,"L1:[sp=X,4] R=5,X=162,C=2,S=5,K=55,Y=222 || L2:[sp=X,8] X=1,K=8,C=1,Y=1,S=1,R=3",-432197.0,-163323000.0,1,X|X,1
K,4,X,223,R,2,C,1,K,27,S,6,Y,87,K,3,K,1,Y,1,C,1,R,2,X,1,S,3,"L1:[sp=K,4] X=223,R=2,C=1,K=27,S=6,Y=87 || L2:[sp=K,3] K=1,Y=1,C=1,R=2,X=1,S=3",-433585.0,-163323000.0,1,K|K,1
C,4,R,4,K,19,C,2,X,65,S,3,Y,222,X,28,K,14,X,9,R,1,Y,1,S,1,C,1,"L1:[sp=C,4] R=4,K=19,C=2,X=65,S=3,Y=222 || L2:[sp=X,28] K=14,X=9,R=1,Y=1,S=1,C=1",-437569.0,-163323000.0,1,C|X,1
C,4,K,48,S,6,Y,222,X,17,R,4,C,2,K,16,C,1,R,4,K,7,S,1,Y,1,X,1,"L1:[sp=C,4] K=48,S=6,Y=222,X=17,R=4,C=2 || L2:[sp=K,16] C=1,R=4,K=7,S=1,Y=1,X=1",-445417.0,-163323000.0,1,C|K,1
K,4,Y,222,S,2,K,11,R,4,X,223,C,1,Y,4,Y,1,S,2,R,4,C,1,K,1,X,1,"L1:[sp=K,4] Y=222,S=2,K=11,R=4,X=223,C=1 || L2:[sp=Y,4] Y=1,S=2,R=4,C=1,K=1,X=1",-471001.0,-163323000.0,1,K|Y,1
X,4,K,1,R,5,S,5,Y,222,X,223,C,1,X,3,Y,1,R,1,X,25,K,1,S,3,C,1,"L1:[sp=X,4] K=1,R=5,S=5,Y=222,X=223,C=1 || L2:[sp=X,3] Y=1,R=1,X=25,K=1,S=3,C=1",-471169.0,-163323000.0,1,X|X,1
K,4,K,62,C,2,R,5,Y,222,X,138,S,6,X,28,X,1,S,2,R,4,C,2,K,1,Y,1,"L1:[sp=K,4] K=62,C=2,R=5,Y=222,X=138,S=6 || L2:[sp=X,28] X=1,S=2,R=4,C=2,K=1,Y=1",-476177.0,-163323000.0,1,K|X,1
X,4,R,6,X,212,C,1,S,5,K,55,Y,222,X,8,X,1,K,8,C,1,Y,1,R,6,S,1,"L1:[sp=X,4] R=6,X=212,C=1,S=5,K=55,Y=222 || L2:[sp=X,8] X=1,K=8,C=1,Y=1,R=6,S=1",-476305.0,-163324000.0,1,X|X,1
K,4,S,3,R,2,X,223,Y,186,C,3,K,26,Y,2,X,1,R,2,C,2,Y,1,S,1,K,1,"L1:[sp=K,4] S=3,R=2,X=223,Y=186,C=3,K=26 || L2:[sp=Y,2] X=1,R=2,C=2,Y=1,S=1,K=1",-493609.0,-163323000.0,1,K|Y,1
K,4,S,3,X,223,R,7,Y,30,C,2,K,2,Y,30,S,1,C,1,X,1,K,1,Y,30,R,1,"L1:[sp=K,4] S=3,X=223,R=7,Y=30,C=2,K=2 || L2:[sp=Y,30] S=1,C=1,X=1,K=1,Y=30,R=1",-494257.0,-163323000.0,1,K|Y,1
K,4,S,3,X,223,R,7,Y,30,C,2,K,2,Y,30,S,1,C,1,X,1,K,1,Y,30,R,4,"L1:[sp=K,4] S=3,X=223,R=7,Y=30,C=2,K=2 || L2:[sp=Y,30] S=1,C=1,X=1,K=1,Y=30,R=4",-494257.0,-163323000.0,1,K|Y,1
Y,4,K,27,Y,52,S,3,R,4,X,223,C,2,C,2,Y,1,C,1,R,2,S,3,X,1,K,1,"L1:[sp=Y,4] K=27,Y=52,S=3,R=4,X=223,C=2 || L2:[sp=C,2] Y=1,C=1,R=2,S=3,X=1,K=1",-497701.0,-163323000.0,1,Y|C,1
X,4,R,4,S,4,X,46,Y,222,K,1,C,3,K,1,R,2,C,1,Y,1,S,3,K,1,X,1,"L1:[sp=X,4] R=4,S=4,X=46,Y=222,K=1,C=3 || L2:[sp=K,1] R=2,C=1,Y=1,S=3,K=1,X=1",-505601.0,-163323000.0,1,X|K,1
Y,4,K,47,C,2,S,3,R,1,X,223,Y,44,C,2,S,2,R,1,Y,1,X,1,K,35,C,1,"L1:[sp=Y,4] K=47,C=2,S=3,R=1,X=223,Y=44 || L2:[sp=C,2] S=2,R=1,Y=1,X=1,K=35,C=1",-508901.0,-163323000.0,1,Y|C,1
C,4,C,3,S,6,X,223,K,50,R,2,Y,186,K,10,Y,1,S,3,K,4,X,1,R,1,C,3,"L1:[sp=C,4] C=3,S=6,X=223,K=50,R=2,Y=186 || L2:[sp=K,10] Y=1,S=3,K=4,X=1,R=1,C=3",-510333.0,-163323000.0,1,C|K,1
X,4,R,4,Y,222,S,4,X,127,K,6,C,3,C,3,Y,1,C,1,R,4,S,4,K,1,X,1,"L1:[sp=X,4] R=4,Y=222,S=4,X=127,K=6,C=3 || L2:[sp=C,3] Y=1,C=1,R=4,S=4,K=1,X=1",-520237.0,-163323000.0,1,X|C,1
K,4,R,4,Y,115,C,3,K,1,S,5,X,223,X,28,Y,1,C,1,R,1,S,5,X,1,K,1,"L1:[sp=K,4] R=4,Y=115,C=3,K=1,S=5,X=223 || L2:[sp=X,28] Y=1,C=1,R=1,S=5,X=1,K=1",-524459.0,-163323000.0,1,K|X,1
X,4,R,5,X,223,K,55,C,3,Y,222,S,1,K,27,K,8,S,1,C,1,Y,1,X,1,R,2,"L1:[sp=X,4] R=5,X=223,K=55,C=3,Y=222,S=1 || L2:[sp=K,27] K=8,S=1,C=1,Y=1,X=1,R=2",-524525.0,-163323000.0,1,X|K,1
X,4,R,4,Y,222,X,46,S,4,K,1,C,3,K,1,Y,1,C,1,R,4,S,1,K,1,X,1,"L1:[sp=X,4] R=4,Y=222,X=46,S=4,K=1,C=3 || L2:[sp=K,1] Y=1,C=1,R=4,S=1,K=1,X=1",-527105.0,-163323000.0,1,X|K,1
X,4,R,4,S,4,X,46,Y,222,K,1,C,3,K,1,R,4,C,1,Y,1,S,1,K,1,X,1,"L1:[sp=X,4] R=4,S=4,X=46,Y=222,K=1,C=3 || L2:[sp=K,1] R=4,C=1,Y=1,S=1,K=1,X=1",-527105.0,-163323000.0,1,X|K,1
X,4,R,4,S,4,X,46,Y,222,K,1,C,3,K,1,K,1,C,1,Y,1,S,1,R,4,X,12,"L1:[sp=X,4] R=4,S=4,X=46,Y=222,K=1,C=3 || L2:[sp=K,1] K=1,C=1,Y=1,S=1,R=4,X=12",-527105.0,-163323000.0,1,X|K,1
K,4,K,1,Y,222,X,195,R,4,S,3,C,2,Y,28,Y,1,C,1,R,4,S,3,X,1,K,1,"L1:[sp=K,4] K=1,Y=222,X=195,R=4,S=3,C=2 || L2:[sp=Y,28] Y=1,C=1,R=4,S=3,X=1,K=1",-527737.0,-163323000.0,1,K|Y,1
K,4,R,7,Y,201,X,223,K,11,C,2,S,5,K,1,Y,1,C,1,R,1,S,5,K,7,X,1,"L1:[sp=K,4] R=7,Y=201,X=223,K=11,C=2,S=5 || L2:[sp=K,1] Y=1,C=1,R=1,S=5,K=7,X=1",-531309.0,-163323000.0,1,K|K,1
K,4,R,5,Y,119,X,223,S,5,K,1,C,2,X,56,Y,7,C,1,R,4,S,4,K,1,X,1,"L1:[sp=K,4] R=5,Y=119,X=223,S=5,K=1,C=2 || L2:[sp=X,56] Y=7,C=1,R=4,S=4,K=1,X=1",-534953.0,-163323000.0,1,K|X,1
Y,4,S,4,X,223,R,5,C,2,K,2,Y,40,K,1,S,1,C,2,X,1,K,1,Y,1,R,2,"L1:[sp=Y,4] S=4,X=223,R=5,C=2,K=2,Y=40 || L2:[sp=K,1] S=1,C=2,X=1,K=1,Y=1,R=2",-539649.0,-163323000.0,1,Y|K,1
X,4,Y,222,K,19,C,3,S,6,X,151,R,4,C,28,K,14,X,1,R,2,Y,1,S,1,C,1,"L1:[sp=X,4] Y=222,K=19,C=3,S=6,X=151,R=4 || L2:[sp=C,28] K=14,X=1,R=2,Y=1,S=1,C=1",-541649.0,-163323000.0,1,X|C,1
C,4,R,4,C,2,Y,222,X,223,K,48,S,1,X,3,C,1,X,1,K,1,S,1,Y,1,R,4,"L1:[sp=C,4] R=4,C=2,Y=222,X=223,K=48,S=1 || L2:[sp=X,3] C=1,X=1,K=1,S=1,Y=1,R=4",-544825.0,-163323000.0,1,C|X,1
C,4,R,4,S,1,Y,222,X,223,K,48,C,2,X,3,C,2,X,1,K,1,S,1,Y,1,R,4,"L1:[sp=C,4] R=4,S=1,Y=222,X=223,K=48,C=2 || L2:[sp=X,3] C=2,X=1,K=1,S=1,Y=1,R=4",-544825.0,-163323000.0,1,C|X,1
C,4,R,4,C,2,Y,222,X,223,K,48,S,1,X,3,C,1,X,1,K,1,S,1,Y,1,R,2,"L1:[sp=C,4] R=4,C=2,Y=222,X=223,K=48,S=1 || L2:[sp=X,3] C=1,X=1,K=1,S=1,Y=1,R=2",-544825.0,-163323000.0,1,C|X,1
X,4,Y,222,K,19,C,3,S,6,X,151,R,4,C,28,K,4,X,1,R,2,Y,1,S,1,C,1,"L1:[sp=X,4] Y=222,K=19,C=3,S=6,X=151,R=4 || L2:[sp=C,28] K=4,X=1,R=2,Y=1,S=1,C=1",-559121.0,-163323000.0,1,X|C,1
K,4,R,4,X,223,Y,186,S,3,C,2,K,2,X,24,R,1,C,2,K,1,X,1,Y,1,S,3,"L1:[sp=K,4] R=4,X=223,Y=186,S=3,C=2,K=2 || L2:[sp=X,24] R=1,C=2,K=1,X=1,Y=1,S=3",-572161.0,-163323000.0,1,K|X,1
Y,4,C,3,S,3,X,223,K,57,R,7,Y,186,C,67,Y,1,S,1,K,4,X,1,C,1,R,4,"L1:[sp=Y,4] C=3,S=3,X=223,K=57,R=7,Y=186 || L2:[sp=C,67] Y=1,S=1,K=4,X=1,C=1,R=4",-574189.0,-163323000.0,1,Y|C,1
K,4,K,1,R,2,S,5,Y,222,X,223,C,3,X,42,Y,1,R,2,X,1,S,3,C,1,K,1,"L1:[sp=K,4] K=1,R=2,S=5,Y=222,X=223,C=3 || L2:[sp=X,42] Y=1,R=2,X=1,S=3,C=1,K=1",-599681.0,-163323000.0,1,K|X,1
C,4,R,4,K,19,C,2,S,3,X,65,Y,222,X,28,K,4,X,12,Y,1,R,1,S,2,C,1,"L1:[sp=C,4] R=4,K=19,C=2,S=3,X=65,Y=222 || L2:[sp=X,28] K=4,X=12,Y=1,R=1,S=2,C=1",-602209.0,-163323000.0,1,C|X,1
Y,4,S,3,X,223,K,2,Y,128,C,3,R,5,K,21,S,1,C,1,K,1,R,3,Y,1,X,1,"L1:[sp=Y,4] S=3,X=223,K=2,Y=128,C=3,R=5 || L2:[sp=K,21] S=1,C=1,K=1,R=3,Y=1,X=1",-611713.0,-163323000.0,1,Y|K,1
X,4,X,223,R,4,S,5,Y,224,K,1,C,1,C,28,Y,82,K,1,X,1,R,4,S,1,C,1,"L1:[sp=X,4] X=223,R=4,S=5,Y=224,K=1,C=1 || L2:[sp=C,28] Y=82,K=1,X=1,R=4,S=1,C=1",-613633.0,-163323000.0,1,X|C,1
K,4,K,57,Y,222,R,5,C,3,S,1,X,173,C,3,Y,1,R,2,C,1,X,1,K,1,S,1,"L1:[sp=K,4] K=57,Y=222,R=5,C=3,S=1,X=173 || L2:[sp=C,3] Y=1,R=2,C=1,X=1,K=1,S=1",-625661.0,-163323000.0,1,K|C,1
K,4,C,2,K,19,S,1,R,4,X,65,Y,222,Y,12,C,1,R,1,X,1,S,1,K,18,Y,1,"L1:[sp=K,4] C=2,K=19,S=1,R=4,X=65,Y=222 || L2:[sp=Y,12] C=1,R=1,X=1,S=1,K=18,Y=1",-625745.0,-163323000.0,1,K|Y,1
K,4,X,1,R,5,S,6,K,2,Y,222,C,2,K,1,Y,1,R,5,X,1,K,1,S,3,C,2,"L1:[sp=K,4] X=1,R=5,S=6,K=2,Y=222,C=2 || L2:[sp=K,1] Y=1,R=5,X=1,K=1,S=3,C=2",-632473.0,-163323000.0,1,K|K,1
Y,4,Y,145,R,5,X,223,K,1,S,6,C,2,Y,3,Y,1,X,1,R,2,C,2,S,1,K,1,"L1:[sp=Y,4] Y=145,R=5,X=223,K=1,S=6,C=2 || L2:[sp=Y,3] Y=1,X=1,R=2,C=2,S=1,K=1",-640257.0,-163323000.0,1,Y|Y,1
Y,4,X,223,S,3,Y,186,K,23,R,1,C,2,K,67,S,2,Y,1,C,1,X,1,K,4,R,1,"L1:[sp=Y,4] X=223,S=3,Y=186,K=23,R=1,C=2 || L2:[sp=K,67] S=2,Y=1,C=1,X=1,K=4,R=1",-656335.0,-163323000.0,1,Y|K,1
K,4,K,59,R,5,Y,115,C,3,X,223,S,5,K,27,Y,1,R,3,C,2,X,1,K,10,S,2,"L1:[sp=K,4] K=59,R=5,Y=115,C=3,X=223,S=5 || L2:[sp=K,27] Y=1,R=3,C=2,X=1,K=10,S=2",-658569.0,-163323000.0,1,K|K,1
K,4,S,3,X,223,R,7,Y,30,C,2,K,2,Y,30,S,1,C,2,X,1,K,1,Y,30,R,4,"L1:[sp=K,4] S=3,X=223,R=7,Y=30,C=2,K=2 || L2:[sp=Y,30] S=1,C=2,X=1,K=1,Y=30,R=4",-658897.0,-163323000.0,1,K|Y,1
Y,4,K,14,S,3,X,223,C,3,R,2,Y,186,C,24,R,2,S,1,Y,1,X,1,K,4,C,1,"L1:[sp=Y,4] K=14,S=3,X=223,C=3,R=2,Y=186 || L2:[sp=C,24] R=2,S=1,Y=1,X=1,K=4,C=1",-666685.0,-163323000.0,1,Y|C,1
K,4,C,3,R,6,X,179,K,27,Y,222,S,4,C,3,K,1,R,2,C,2,Y,1,X,1,S,1,"L1:[sp=K,4] C=3,R=6,X=179,K=27,Y=222,S=4 || L2:[sp=C,3] K=1,R=2,C=2,Y=1,X=1,S=1",-686457.0,-163323000.0,1,K|C,1
Y,4,S,3,X,223,Y,41,R,5,C,2,K,2,K,21,S,3,C,2,K,2,X,1,Y,1,R,3,"L1:[sp=Y,4] S=3,X=223,Y=41,R=5,C=2,K=2 || L2:[sp=K,21] S=3,C=2,K=2,X=1,Y=1,R=3",-693889.0,-163323000.0,1,Y|K,1
K,4,S,3,C,2,X,223,Y,11,R,2,K,14,X,21,S,1,C,2,X,1,K,1,Y,1,R,2,"L1:[sp=K,4] S=3,C=2,X=223,Y=11,R=2,K=14 || L2:[sp=X,21] S=1,C=2,X=1,K=1,Y=1,R=2",-699833.0,-163323000.0,1,K|X,1
C,4,X,223,Y,222,C,1,R,1,S,5,K,27,K,1,K,1,R,1,C,1,Y,11,X,1,S,1,"L1:[sp=C,4] X=223,Y=222,C=1,R=1,S=5,K=27 || L2:[sp=K,1] K=1,R=1,C=1,Y=11,X=1,S=1",-702549.0,-163323000.0,1,C|K,1
X,4,X,223,R,3,S,5,Y,224,K,1,C,1,C,28,Y,82,K,1,X,1,R,3,S,1,C,1,"L1:[sp=X,4] X=223,R=3,S=5,Y=224,K=1,C=1 || L2:[sp=C,28] Y=82,K=1,X=1,R=3,S=1,C=1",-702721.0,-163323000.0,1,X|C,1
C,4,S,3,X,223,R,1,Y,186,C,2,K,2,K,2,S,1,C,1,K,1,X,1,Y,1,R,1,"L1:[sp=C,4] S=3,X=223,R=1,Y=186,C=2,K=2 || L2:[sp=K,2] S=1,C=1,K=1,X=1,Y=1,R=1",-703809.0,-163323000.0,1,C|K,1
C,4,X,223,Y,222,C,1,R,2,S,5,K,27,K,1,K,1,R,1,C,1,Y,1,X,1,S,1,"L1:[sp=C,4] X=223,Y=222,C=1,R=2,S=5,K=27 || L2:[sp=K,1] K=1,R=1,C=1,Y=1,X=1,S=1",-705649.0,-163323000.0,1,C|K,1
X,4,R,3,S,5,X,223,C,1,Y,222,K,19,Y,3,S,1,R,2,C,1,X,1,Y,1,K,1,"L1:[sp=X,4] R=3,S=5,X=223,C=1,Y=222,K=19 || L2:[sp=Y,3] S=1,R=2,C=1,X=1,Y=1,K=1",-715081.0,-163323000.0,1,X|Y,1
X,4,Y,222,S,4,X,64,R,4,K,1,C,1,X,1,Y,1,C,1,R,4,S,1,K,1,X,1,"L1:[sp=X,4] Y=222,S=4,X=64,R=4,K=1,C=1 || L2:[sp=X,1] Y=1,C=1,R=4,S=1,K=1,X=1",-721153.0,-163323000.0,1,X|X,1
K,4,K,19,C,2,Y,222,R,6,S,2,X,173,K,1,K,1,X,30,C,1,Y,1,R,2,S,1,"L1:[sp=K,4] K=19,C=2,Y=222,R=6,S=2,X=173 || L2:[sp=K,1] K=1,X=30,C=1,Y=1,R=2,S=1",-727809.0,-163324000.0,1,K|K,1
X,4,R,4,X,54,Y,222,C,1,K,55,S,1,C,42,K,39,C,1,S,1,R,2,Y,1,X,1,"L1:[sp=X,4] R=4,X=54,Y=222,C=1,K=55,S=1 || L2:[sp=C,42] K=39,C=1,S=1,R=2,Y=1,X=1",-739705.0,-163323000.0,1,X|C,1
Y,4,X,223,S,3,Y,186,K,9,R,1,C,3,C,67,S,3,Y,1,K,4,X,1,C,1,R,1,"L1:[sp=Y,4] X=223,S=3,Y=186,K=9,R=1,C=3 || L2:[sp=C,67] S=3,Y=1,K=4,X=1,C=1,R=1",-750121.0,-163323000.0,1,Y|C,1
C,4,X,223,C,1,R,2,K,44,S,5,Y,138,C,1,K,19,Y,1,R,1,C,1,X,1,S,1,"L1:[sp=C,4] X=223,C=1,R=2,K=44,S=5,Y=138 || L2:[sp=C,1] K=19,Y=1,R=1,C=1,X=1,S=1",-760758.0,-163323000.0,1,C|C,1
K,4,Y,222,R,4,X,57,K,1,S,6,C,3,C,1,Y,51,R,2,S,1,C,1,X,1,K,1,"L1:[sp=K,4] Y=222,R=4,X=57,K=1,S=6,C=3 || L2:[sp=C,1] Y=51,R=2,S=1,C=1,X=1,K=1",-762905.0,-163323000.0,1,K|C,1
C,4,R,5,X,212,C,1,S,1,K,55,Y,222,C,1,X,1,K,8,C,1,Y,1,R,2,S,1,"L1:[sp=C,4] R=5,X=212,C=1,S=1,K=55,Y=222 || L2:[sp=C,1] X=1,K=8,C=1,Y=1,R=2,S=1",-768377.0,-163323000.0,1,C|C,1
C,4,X,223,Y,138,C,1,R,4,S,5,K,3,K,1,K,1,R,4,C,1,Y,1,X,1,S,1,"L1:[sp=C,4] X=223,Y=138,C=1,R=4,S=5,K=3 || L2:[sp=K,1] K=1,R=4,C=1,Y=1,X=1,S=1",-792241.0,-163323000.0,1,C|K,1
C,4,C,1,K,27,X,223,R,4,Y,222,S,1,K,1,K,1,R,2,C,1,Y,1,X,1,S,1,"L1:[sp=C,4] C=1,K=27,X=223,R=4,Y=222,S=1 || L2:[sp=K,1] K=1,R=2,C=1,Y=1,X=1,S=1",-802901.0,-163323000.0,1,C|K,1
C,4,Y,222,K,19,C,1,R,4,X,41,S,1,Y,1,K,4,X,1,R,2,Y,1,S,1,C,1,"L1:[sp=C,4] Y=222,K=19,C=1,R=4,X=41,S=1 || L2:[sp=Y,1] K=4,X=1,R=2,Y=1,S=1,C=1",-803153.0,-163323000.0,1,C|Y,1
K,4,C,3,K,19,Y,222,S,6,X,85,R,4,K,19,Y,1,X,1,R,3,C,1,K,7,S,2,"L1:[sp=K,4] C=3,K=19,Y=222,S=6,X=85,R=4 || L2:[sp=K,19] Y=1,X=1,R=3,C=1,K=7,S=2",-814981.0,-163323000.0,1,K|K,1
C,4,C,1,Y,222,X,190,R,4,K,27,S,5,K,1,K,1,R,2,C,1,Y,1,X,1,S,1,"L1:[sp=C,4] C=1,Y=222,X=190,R=4,K=27,S=5 || L2:[sp=K,1] K=1,R=2,C=1,Y=1,X=1,S=1",-817177.0,-163323000.0,1,C|K,1
X,4,R,5,X,54,C,1,S,3,K,55,Y,222,C,8,X,1,K,8,Y,1,C,1,R,5,S,1,"L1:[sp=X,4] R=5,X=54,C=1,S=3,K=55,Y=222 || L2:[sp=C,8] X=1,K=8,Y=1,C=1,R=5,S=1",-823237.0,-163323000.0,1,X|C,1
K,4,X,223,C,1,R,2,K,25,S,5,Y,133,C,1,R,1,Y,1,S,1,C,1,X,1,K,19,"L1:[sp=K,4] X=223,C=1,R=2,K=25,S=5,Y=133 || L2:[sp=C,1] R=1,Y=1,S=1,C=1,X=1,K=19",-826924.0,-163323000.0,1,K|C,1
Y,4,C,3,S,5,K,27,R,4,Y,87,X,223,C,1,K,1,R,3,C,1,Y,1,X,1,S,1,"L1:[sp=Y,4] C=3,S=5,K=27,R=4,Y=87,X=223 || L2:[sp=C,1] K=1,R=3,C=1,Y=1,X=1,S=1",-827917.0,-163323000.0,1,Y|C,1
K,4,K,33,Y,222,X,36,R,4,S,1,C,2,C,2,Y,1,C,1,K,1,S,1,X,1,R,4,"L1:[sp=K,4] K=33,Y=222,X=36,R=4,S=1,C=2 || L2:[sp=C,2] Y=1,C=1,K=1,S=1,X=1,R=4",-828101.0,-163323000.0,1,K|C,1
K,4,X,223,C,1,R,4,K,25,S,5,Y,189,C,1,K,19,Y,1,R,1,C,1,X,1,S,1,"L1:[sp=K,4] X=223,C=1,R=4,K=25,S=5,Y=189 || L2:[sp=C,1] K=19,Y=1,R=1,C=1,X=1,S=1",-834250.0,-163323000.0,1,K|C,1
K,4,S,3,X,223,R,5,Y,30,C,3,K,2,Y,30,S,2,C,1,X,1,K,1,Y,30,R,4,"L1:[sp=K,4] S=3,X=223,R=5,Y=30,C=3,K=2 || L2:[sp=Y,30] S=2,C=1,X=1,K=1,Y=30,R=4",-847057.0,-163323000.0,1,K|Y,1
K,4,K,19,C,3,R,5,Y,222,X,34,S,6,X,28,X,34,Y,1,C,2,S,3,K,1,R,2,"L1:[sp=K,4] K=19,C=3,R=5,Y=222,X=34,S=6 || L2:[sp=X,28] X=34,Y=1,C=2,S=3,K=1,R=2",-854687.0,-163324000.0,1,K|X,1
Y,4,K,47,C,2,S,6,Y,1,X,223,R,1,X,67,S,5,Y,1,C,1,X,1,K,21,R,1,"L1:[sp=Y,4] K=47,C=2,S=6,Y=1,X=223,R=1 || L2:[sp=X,67] S=5,Y=1,C=1,X=1,K=21,R=1",-862401.0,-163323000.0,1,Y|X,1
Y,4,K,47,S,3,C,2,Y,1,X,223,R,1,X,67,S,1,Y,1,C,1,X,1,K,21,R,1,"L1:[sp=Y,4] K=47,S=3,C=2,Y=1,X=223,R=1 || L2:[sp=X,67] S=1,Y=1,C=1,X=1,K=21,R=1",-865537.0,-163323000.0,1,Y|X,1
Y,4,K,47,C,2,S,3,Y,1,X,223,R,1,X,67,S,1,Y,1,R,1,X,1,K,21,C,1,"L1:[sp=Y,4] K=47,C=2,S=3,Y=1,X=223,R=1 || L2:[sp=X,67] S=1,Y=1,R=1,X=1,K=21,C=1",-865537.0,-163323000.0,1,Y|X,1
Y,4,K,47,C,2,S,3,Y,1,X,223,R,1,X,67,S,2,Y,1,R,1,C,1,K,21,X,1,"L1:[sp=Y,4] K=47,C=2,S=3,Y=1,X=223,R=1 || L2:[sp=X,67] S=2,Y=1,R=1,C=1,K=21,X=1",-865537.0,-163323000.0,1,Y|X,1
X,4,R,4,S,4,X,80,Y,222,K,1,C,3,K,1,R,4,C,1,Y,1,S,3,K,1,X,1,"L1:[sp=X,4] R=4,S=4,X=80,Y=222,K=1,C=3 || L2:[sp=K,1] R=4,C=1,Y=1,S=3,K=1,X=1",-871169.0,-163323000.0,1,X|K,1
K,4,R,5,X,196,Y,222,C,2,K,55,S,5,K,55,K,26,C,1,S,1,Y,1,R,2,X,1,"L1:[sp=K,4] R=5,X=196,Y=222,C=2,K=55,S=5 || L2:[sp=K,55] K=26,C=1,S=1,Y=1,R=2,X=1",-871433.0,-163323000.0,1,K|K,1
K,4,X,28,R,7,C,3,K,23,S,6,Y,222,C,1,K,1,Y,1,R,2,C,1,X,1,S,1,"L1:[sp=K,4] X=28,R=7,C=3,K=23,S=6,Y=222 || L2:[sp=C,1] K=1,Y=1,R=2,C=1,X=1,S=1",-875696.0,-163323000.0,1,K|C,1
C,4,K,36,X,223,R,1,Y,186,S,3,C,1,K,4,S,2,Y,1,K,20,X,1,C,1,R,1,"L1:[sp=C,4] K=36,X=223,R=1,Y=186,S=3,C=1 || L2:[sp=K,4] S=2,Y=1,K=20,X=1,C=1,R=1",-878165.0,-163323000.0,1,C|K,1
Y,4,S,3,K,2,R,4,Y,186,C,2,X,223,K,21,K,1,Y,1,X,1,R,3,C,1,S,1,"L1:[sp=Y,4] S=3,K=2,R=4,Y=186,C=2,X=223 || L2:[sp=K,21] K=1,Y=1,X=1,R=3,C=1,S=1",-880033.0,-163323000.0,1,Y|K,1
Y,4,S,3,X,223,R,4,Y,186,C,1,K,2,K,21,S,1,C,1,K,1,X,1,Y,1,R,3,"L1:[sp=Y,4] S=3,X=223,R=4,Y=186,C=1,K=2 || L2:[sp=K,21] S=1,C=1,K=1,X=1,Y=1,R=3",-880225.0,-163323000.0,1,Y|K,1
Y,4,K,47,C,3,S,3,Y,167,X,223,R,1,C,2,S,1,R,1,Y,1,X,1,K,20,C,1,"L1:[sp=Y,4] K=47,C=3,S=3,Y=167,X=223,R=1 || L2:[sp=C,2] S=1,R=1,Y=1,X=1,K=20,C=1",-883807.0,-163323000.0,1,Y|C,1
Y,4,X,223,R,4,C,1,S,6,K,27,Y,140,K,42,K,11,Y,1,S,2,C,1,X,1,R,4,"L1:[sp=Y,4] X=223,R=4,C=1,S=6,K=27,Y=140 || L2:[sp=K,42] K=11,Y=1,S=2,C=1,X=1,R=4",-887077.0,-163323000.0,1,Y|K,1
K,4,X,223,Y,222,C,3,R,3,S,5,K,27,K,1,K,1,R,1,X,1,Y,1,C,1,S,1,"L1:[sp=K,4] X=223,Y=222,C=3,R=3,S=5,K=27 || L2:[sp=K,1] K=1,R=1,X=1,Y=1,C=1,S=1",-889063.0,-163323000.0,1,K|K,1
K,4,Y,173,C,3,R,5,K,19,X,223,S,5,X,28,X,1,S,5,C,2,Y,1,K,1,R,3,"L1:[sp=K,4] Y=173,C=3,R=5,K=19,X=223,S=5 || L2:[sp=X,28] X=1,S=5,C=2,Y=1,K=1,R=3",-893769.0,-163323000.0,1,K|X,1
X,4,R,4,K,19,C,1,S,3,X,65,Y,222,C,28,K,4,X,1,R,2,Y,1,S,3,C,1,"L1:[sp=X,4] R=4,K=19,C=1,S=3,X=65,Y=222 || L2:[sp=C,28] K=4,X=1,R=2,Y=1,S=3,C=1",-898633.0,-163323000.0,1,X|C,1
K,4,C,2,S,5,K,27,R,4,Y,212,X,223,C,1,K,1,R,1,C,1,Y,1,X,1,S,1,"L1:[sp=K,4] C=2,S=5,K=27,R=4,Y=212,X=223 || L2:[sp=C,1] K=1,R=1,C=1,Y=1,X=1,S=1",-900980.0,-163323000.0,1,K|C,1
K,4,X,223,R,4,C,1,K,27,S,5,Y,189,C,1,K,1,Y,1,R,1,C,1,X,1,S,1,"L1:[sp=K,4] X=223,R=4,C=1,K=27,S=5,Y=189 || L2:[sp=C,1] K=1,Y=1,R=1,C=1,X=1,S=1",-900988.0,-163323000.0,1,K|C,1
K,4,X,223,R,4,C,1,K,27,S,6,Y,104,C,3,K,1,Y,1,R,1,C,1,X,1,S,1,"L1:[sp=K,4] X=223,R=4,C=1,K=27,S=6,Y=104 || L2:[sp=C,3] K=1,Y=1,R=1,C=1,X=1,S=1",-912907.0,-163323000.0,1,K|C,1
K,4,X,223,R,5,C,1,K,27,S,6,Y,104,C,3,K,1,Y,1,R,1,C,1,X,1,S,1,"L1:[sp=K,4] X=223,R=5,C=1,K=27,S=6,Y=104 || L2:[sp=C,3] K=1,Y=1,R=1,C=1,X=1,S=1",-920845.0,-163323000.0,1,K|C,1
K,4,X,223,C,1,R,4,K,25,S,5,Y,138,C,1,K,19,Y,1,R,4,C,1,X,1,S,1,"L1:[sp=K,4] X=223,C=1,R=4,K=25,S=5,Y=138 || L2:[sp=C,1] K=19,Y=1,R=4,C=1,X=1,S=1",-928225.0,-163323000.0,1,K|C,1
K,4,C,3,S,5,K,27,R,7,Y,59,X,223,C,1,K,1,R,3,C,1,Y,1,X,1,S,1,"L1:[sp=K,4] C=3,S=5,K=27,R=7,Y=59,X=223 || L2:[sp=C,1] K=1,R=3,C=1,Y=1,X=1,S=1",-928755.0,-163323000.0,1,K|C,1
K,4,Y,74,R,7,X,223,S,4,K,28,C,3,K,1,Y,24,C,1,R,7,S,2,K,1,X,1,"L1:[sp=K,4] Y=74,R=7,X=223,S=4,K=28,C=3 || L2:[sp=K,1] Y=24,C=1,R=7,S=2,K=1,X=1",-931399.0,-163323000.0,1,K|K,1
K,4,C,3,S,7,K,27,R,4,Y,222,X,89,Y,56,K,1,R,1,C,1,S,1,X,1,Y,1,"L1:[sp=K,4] C=3,S=7,K=27,R=4,Y=222,X=89 || L2:[sp=Y,56] K=1,R=1,C=1,S=1,X=1,Y=1",-936691.0,-163323000.0,1,K|Y,1
Y,4,K,47,C,2,S,6,Y,25,X,223,R,1,X,67,S,5,Y,1,C,1,X,1,K,21,R,1,"L1:[sp=Y,4] K=47,C=2,S=6,Y=25,X=223,R=1 || L2:[sp=X,67] S=5,Y=1,C=1,X=1,K=21,R=1",-948137.0,-163323000.0,1,Y|X,1
K,4,X,158,C,1,R,4,K,25,S,6,Y,222,Y,12,K,19,Y,1,R,1,C,1,X,1,S,2,"L1:[sp=K,4] X=158,C=1,R=4,K=25,S=6,Y=222 || L2:[sp=Y,12] K=19,Y=1,R=1,C=1,X=1,S=2",-953425.0,-163323000.0,1,K|Y,1
K,4,X,37,R,4,Y,222,K,23,S,6,C,3,K,1,K,16,Y,1,R,4,C,1,X,1,S,1,"L1:[sp=K,4] X=37,R=4,Y=222,K=23,S=6,C=3 || L2:[sp=K,1] K=16,Y=1,R=4,C=1,X=1,S=1",-962161.0,-163323000.0,1,K|K,1
K,4,X,223,R,3,C,3,K,23,S,6,Y,157,K,1,K,18,Y,1,R,1,C,1,X,1,S,3,"L1:[sp=K,4] X=223,R=3,C=3,K=23,S=6,Y=157 || L2:[sp=K,1] K=18,Y=1,R=1,C=1,X=1,S=3",-982435.0,-163323000.0,1,K|K,1
X,4,X,65,K,19,S,3,R,4,C,1,Y,222,K,28,C,1,X,1,R,1,Y,1,K,10,S,3,"L1:[sp=X,4] X=65,K=19,S=3,R=4,C=1,Y=222 || L2:[sp=K,28] C=1,X=1,R=1,Y=1,K=10,S=3",-982873.0,-163323000.0,1,X|K,1
K,4,X,223,R,4,C,1,K,27,S,6,Y,219,C,1,K,1,Y,1,R,4,C,1,X,1,S,1,"L1:[sp=K,4] X=223,R=4,C=1,K=27,S=6,Y=219 || L2:[sp=C,1] K=1,Y=1,R=4,C=1,X=1,S=1",-1002481.0,-163323000.0,1,K|C,1
K,4,X,223,R,4,C,1,K,27,S,5,Y,104,C,1,K,1,Y,1,S,1,C,1,X,1,R,4,"L1:[sp=K,4] X=223,R=4,C=1,K=27,S=5,Y=104 || L2:[sp=C,1] K=1,Y=1,S=1,C=1,X=1,R=4",-1002493.0,-163323000.0,1,K|C,1
C,4,R,4,K,13,C,1,S,3,X,65,Y,222,X,28,K,4,X,40,S,1,Y,1,R,1,C,1,"L1:[sp=C,4] R=4,K=13,C=1,S=3,X=65,Y=222 || L2:[sp=X,28] K=4,X=40,S=1,Y=1,R=1,C=1",-1003641.0,-163323000.0,1,C|X,1
K,4,R,2,S,5,K,27,C,3,Y,222,X,223,C,1,K,1,R,2,X,1,Y,1,C,1,S,1,"L1:[sp=K,4] R=2,S=5,K=27,C=3,Y=222,X=223 || L2:[sp=C,1] K=1,R=2,X=1,Y=1,C=1,S=1",-1011545.0,-163323000.0,1,K|C,1
K,4,C,1,Y,222,X,223,R,2,S,5,K,27,X,1,K,1,R,2,C,1,Y,1,X,1,S,1,"L1:[sp=K,4] C=1,Y=222,X=223,R=2,S=5,K=27 || L2:[sp=X,1] K=1,R=2,C=1,Y=1,X=1,S=1",-1011577.0,-163323000.0,1,K|X,1
Y,4,S,6,R,4,K,1,C,2,Y,71,X,223,K,2,Y,1,C,2,X,1,R,4,S,1,K,1,"L1:[sp=Y,4] S=6,R=4,K=1,C=2,Y=71,X=223 || L2:[sp=K,2] Y=1,C=2,X=1,R=4,S=1,K=1",-1018369.0,-163323000.0,1,Y|K,1
C,4,Y,222,K,19,C,1,S,3,R,4,X,213,Y,2,K,4,X,1,R,2,Y,1,S,3,C,1,"L1:[sp=C,4] Y=222,K=19,C=1,S=3,R=4,X=213 || L2:[sp=Y,2] K=4,X=1,R=2,Y=1,S=3,C=1",-1023025.0,-163323000.0,1,C|Y,1
K,4,X,148,R,4,K,27,Y,222,S,5,C,1,C,1,K,1,Y,1,R,4,C,1,X,1,S,2,"L1:[sp=K,4] X=148,R=4,K=27,Y=222,S=5,C=1 || L2:[sp=C,1] K=1,Y=1,R=4,C=1,X=1,S=2",-1025161.0,-163323000.0,1,K|C,1
C,4,K,36,X,223,R,2,Y,87,S,3,C,1,K,1,S,3,Y,1,K,20,R,1,C,1,X,1,"L1:[sp=C,4] K=36,X=223,R=2,Y=87,S=3,C=1 || L2:[sp=K,1] S=3,Y=1,K=20,R=1,C=1,X=1",-1025209.0,-163323000.0,1,C|K,1
K,4,Y,74,R,7,X,223,S,4,K,28,C,3,K,1,Y,1,C,1,R,7,S,2,K,1,X,1,"L1:[sp=K,4] Y=74,R=7,X=223,S=4,K=28,C=3 || L2:[sp=K,1] Y=1,C=1,R=7,S=2,K=1,X=1",-1025479.0,-163323000.0,1,K|K,1
Y,4,X,223,S,3,C,2,K,57,R,1,Y,1,X,67,S,1,Y,1,C,1,X,1,K,4,R,1,"L1:[sp=Y,4] X=223,S=3,C=2,K=57,R=1,Y=1 || L2:[sp=X,67] S=1,Y=1,C=1,X=1,K=4,R=1",-1030177.0,-163323000.0,1,Y|X,1
Y,4,X,223,C,2,S,3,R,1,K,57,Y,1,X,67,S,1,Y,1,C,1,X,1,K,4,R,1,"L1:[sp=Y,4] X=223,C=2,S=3,R=1,K=57,Y=1 || L2:[sp=X,67] S=1,Y=1,C=1,X=1,K=4,R=1",-1030177.0,-163323000.0,1,Y|X,1
K,4,C,3,S,5,X,184,K,27,R,6,Y,222,X,1,S,1,R,2,Y,1,X,1,C,1,K,1,"L1:[sp=K,4] C=3,S=5,X=184,K=27,R=6,Y=222 || L2:[sp=X,1] S=1,R=2,Y=1,X=1,C=1,K=1",-1034217.0,-163323000.0,1,K|X,1
K,4,S,3,X,53,R,5,Y,222,C,1,K,25,Y,21,S,3,C,1,X,1,K,1,Y,1,R,2,"L1:[sp=K,4] S=3,X=53,R=5,Y=222,C=1,K=25 || L2:[sp=Y,21] S=3,C=1,X=1,K=1,Y=1,R=2",-1049041.0,-163323000.0,1,K|Y,1
K,4,R,5,S,4,K,27,X,182,Y,222,C,1,X,2,X,3,C,1,S,4,K,1,R,3,Y,1,"L1:[sp=K,4] R=5,S=4,K=27,X=182,Y=222,C=1 || L2:[sp=X,2] X=3,C=1,S=4,K=1,R=3,Y=1",-1070521.0,-163323000.0,1,K|X,1
Y,4,X,223,S,3,C,2,K,57,R,1,Y,1,X,67,S,2,Y,1,X,1,C,1,K,49,R,1,"L1:[sp=Y,4] X=223,S=3,C=2,K=57,R=1,Y=1 || L2:[sp=X,67] S=2,Y=1,X=1,C=1,K=49,R=1",-1079569.0,-163323000.0,1,Y|X,1
Y,4,X,223,S,6,Y,186,K,57,R,1,C,2,K,67,S,5,Y,1,K,4,X,1,C,1,R,1,"L1:[sp=Y,4] X=223,S=6,Y=186,K=57,R=1,C=2 || L2:[sp=K,67] S=5,Y=1,K=4,X=1,C=1,R=1",-1093737.0,-163323000.0,1,Y|K,1
Y,4,X,223,S,3,K,46,Y,186,R,1,C,2,K,67,S,1,Y,1,K,20,X,1,C,1,R,1,"L1:[sp=Y,4] X=223,S=3,K=46,Y=186,R=1,C=2 || L2:[sp=K,67] S=1,Y=1,K=20,X=1,C=1,R=1",-1093765.0,-163323000.0,1,Y|K,1
Y,4,K,36,X,223,R,1,Y,186,S,3,C,1,K,56,S,1,Y,1,K,20,X,1,C,1,R,1,"L1:[sp=Y,4] K=36,X=223,R=1,Y=186,S=3,C=1 || L2:[sp=K,56] S=1,Y=1,K=20,X=1,C=1,R=1",-1093807.0,-163323000.0,1,Y|K,1
C,4,X,223,R,5,C,3,K,27,S,6,Y,104,K,3,K,11,Y,1,R,2,C,1,X,1,S,1,"L1:[sp=C,4] X=223,R=5,C=3,K=27,S=6,Y=104 || L2:[sp=K,3] K=11,Y=1,R=2,C=1,X=1,S=1",-1110916.0,-163323000.0,1,C|K,1
Y,4,S,3,X,223,R,5,Y,186,K,57,C,1,K,67,S,1,Y,1,K,20,X,1,C,1,R,1,"L1:[sp=Y,4] S=3,X=223,R=5,Y=186,K=57,C=1 || L2:[sp=K,67] S=1,Y=1,K=20,X=1,C=1,R=1",-1117237.0,-163323000.0,1,Y|K,1
Y,4,X,223,S,3,Y,186,K,57,R,1,C,3,C,67,S,2,Y,1,K,4,X,1,C,1,R,1,"L1:[sp=Y,4] X=223,S=3,Y=186,K=57,R=1,C=3 || L2:[sp=C,67] S=2,Y=1,K=4,X=1,C=1,R=1",-1130179.0,-163323000.0,1,Y|C,1
K,4,C,2,S,6,Y,222,R,4,X,191,K,19,K,19,S,2,C,1,R,3,Y,1,K,10,X,2,"L1:[sp=K,4] C=2,S=6,Y=222,R=4,X=191,K=19 || L2:[sp=K,19] S=2,C=1,R=3,Y=1,K=10,X=2",-1144097.0,-163323000.0,1,K|K,1
X,4,R,6,X,104,K,45,C,3,Y,222,S,5,Y,28,X,1,R,2,C,2,Y,1,K,1,S,2,"L1:[sp=X,4] R=6,X=104,K=45,C=3,Y=222,S=5 || L2:[sp=Y,28] X=1,R=2,C=2,Y=1,K=1,S=2",-1150473.0,-163323000.0,1,X|Y,1
K,4,X,223,R,4,C,1,Y,222,S,2,K,27,C,1,K,1,Y,1,R,4,C,1,X,1,S,2,"L1:[sp=K,4] X=223,R=4,C=1,Y=222,S=2,K=27 || L2:[sp=C,1] K=1,Y=1,R=4,C=1,X=1,S=2",-1156057.0,-163323000.0,1,K|C,1
Y,4,X,223,C,2,S,3,K,57,R,1,Y,1,X,67,X,1,S,1,Y,1,C,1,K,43,R,1,"L1:[sp=Y,4] X=223,C=2,S=3,K=57,R=1,Y=1 || L2:[sp=X,67] X=1,S=1,Y=1,C=1,K=43,R=1",-1178353.0,-163323000.0,1,Y|X,1
Y,4,X,223,S,3,C,1,K,57,R,1,Y,1,X,67,C,1,Y,1,S,2,X,1,K,43,R,1,"L1:[sp=Y,4] X=223,S=3,C=1,K=57,R=1,Y=1 || L2:[sp=X,67] C=1,Y=1,S=2,X=1,K=43,R=1",-1183057.0,-163323000.0,1,Y|X,1
C,4,C,1,R,2,S,3,Y,1,X,223,K,47,Y,2,S,2,R,1,Y,1,X,1,K,20,C,1,"L1:[sp=C,4] C=1,R=2,S=3,Y=1,X=223,K=47 || L2:[sp=Y,2] S=2,R=1,Y=1,X=1,K=20,C=1",-1185469.0,-163323000.0,1,C|Y,1
K,4,S,3,X,223,R,1,Y,186,K,36,C,1,X,24,S,2,Y,1,K,20,X,1,C,1,R,1,"L1:[sp=K,4] S=3,X=223,R=1,Y=186,K=36,C=1 || L2:[sp=X,24] S=2,Y=1,K=20,X=1,C=1,R=1",-1185535.0,-163323000.0,1,K|X,1
Y,4,S,5,C,2,R,5,Y,110,X,223,K,2,X,21,S,1,C,2,X,1,K,1,Y,1,R,4,"L1:[sp=Y,4] S=5,C=2,R=5,Y=110,X=223,K=2 || L2:[sp=X,21] S=1,C=2,X=1,K=1,Y=1,R=4",-1193729.0,-163323000.0,1,Y|X,1
K,4,X,223,C,2,K,27,R,4,S,5,Y,189,C,3,X,1,Y,1,R,1,C,2,K,1,S,1,"L1:[sp=K,4] X=223,C=2,K=27,R=4,S=5,Y=189 || L2:[sp=C,3] X=1,Y=1,R=1,C=2,K=1,S=1",-1201301.0,-163323000.0,1,K|C,1
Y,4,S,3,X,223,R,1,Y,186,C,2,K,44,K,21,X,1,Y,1,K,11,S,2,C,1,R,1,"L1:[sp=Y,4] S=3,X=223,R=1,Y=186,C=2,K=44 || L2:[sp=K,21] X=1,Y=1,K=11,S=2,C=1,R=1",-1203133.0,-163323000.0,1,Y|K,1
K,4,C,1,S,5,K,37,R,3,Y,205,X,223,K,1,K,1,R,2,C,1,Y,12,X,1,S,1,"L1:[sp=K,4] C=1,S=5,K=37,R=3,Y=205,X=223 || L2:[sp=K,1] K=1,R=2,C=1,Y=12,X=1,S=1",-1207495.0,-163323000.0,1,K|K,1
X,4,Y,222,K,19,C,1,S,3,X,65,R,4,C,28,K,4,X,1,R,1,Y,1,S,2,C,1,"L1:[sp=X,4] Y=222,K=19,C=1,S=3,X=65,R=4 || L2:[sp=C,28] K=4,X=1,R=1,Y=1,S=2,C=1",-1241929.0,-163323000.0,1,X|C,1
K,4,S,6,R,3,X,223,K,38,C,1,Y,222,X,28,Y,1,S,1,R,2,C,1,X,1,K,1,"L1:[sp=K,4] S=6,R=3,X=223,K=38,C=1,Y=222 || L2:[sp=X,28] Y=1,S=1,R=2,C=1,X=1,K=1",-1245697.0,-163323000.0,1,K|X,1
K,4,K,57,S,3,Y,186,X,223,R,1,C,2,C,2,S,1,Y,1,C,1,X,1,K,4,R,1,"L1:[sp=K,4] K=57,S=3,Y=186,X=223,R=1,C=2 || L2:[sp=C,2] S=1,Y=1,C=1,X=1,K=4,R=1",-1251349.0,-163323000.0,1,K|C,1
K,4,C,2,K,19,S,1,R,4,X,65,Y,222,C,1,C,1,R,1,X,1,Y,1,K,10,S,1,"L1:[sp=K,4] C=2,K=19,S=1,R=4,X=65,Y=222 || L2:[sp=C,1] C=1,R=1,X=1,Y=1,K=10,S=1",-1251377.0,-163323000.0,1,K|C,1
K,4,C,2,K,19,S,7,R,4,X,136,Y,222,C,1,C,1,R,1,X,1,Y,1,K,10,S,3,"L1:[sp=K,4] C=2,K=19,S=7,R=4,X=136,Y=222 || L2:[sp=C,1] C=1,R=1,X=1,Y=1,K=10,S=3",-1262445.0,-163323000.0,1,K|C,1
K,4,C,2,K,19,S,2,R,4,X,65,Y,222,C,1,C,1,R,1,X,1,Y,1,K,10,S,1,"L1:[sp=K,4] C=2,K=19,S=2,R=4,X=65,Y=222 || L2:[sp=C,1] C=1,R=1,X=1,Y=1,K=10,S=1",-1268087.0,-163323000.0,1,K|C,1
Y,4,K,2,S,3,C,1,Y,1,X,223,R,1,X,67,C,1,Y,1,S,1,X,1,K,2,R,1,"L1:[sp=Y,4] K=2,S=3,C=1,Y=1,X=223,R=1 || L2:[sp=X,67] C=1,Y=1,S=1,X=1,K=2,R=1",-1279489.0,-163323000.0,1,Y|X,1
X,4,Y,79,R,7,S,5,K,14,X,223,C,1,K,14,S,1,R,7,X,1,K,8,Y,1,C,1,"L1:[sp=X,4] Y=79,R=7,S=5,K=14,X=223,C=1 || L2:[sp=K,14] S=1,R=7,X=1,K=8,Y=1,C=1",-1281931.0,-163323000.0,1,X|K,1
C,4,K,1,S,5,R,5,Y,222,X,13,C,1,K,1,Y,1,R,5,X,1,S,1,K,1,C,1,"L1:[sp=C,4] K=1,S=5,R=5,Y=222,X=13,C=1 || L2:[sp=K,1] Y=1,R=5,X=1,S=1,K=1,C=1",-1294593.0,-163323000.0,1,C|K,1
K,4,C,1,S,6,K,37,R,4,Y,41,X,223,K,1,K,1,R,1,X,1,Y,12,C,1,S,1,"L1:[sp=K,4] C=1,S=6,K=37,R=4,Y=41,X=223 || L2:[sp=K,1] K=1,R=1,X=1,Y=12,C=1,S=1",-1305433.0,-163323000.0,1,K|K,1
K,4,Y,222,R,1,X,223,K,1,S,6,C,2,C,1,Y,1,S,1,R,1,C,1,X,46,K,1,"L1:[sp=K,4] Y=222,R=1,X=223,K=1,S=6,C=2 || L2:[sp=C,1] Y=1,S=1,R=1,C=1,X=46,K=1",-1317177.0,-163323000.0,1,K|C,1
X,4,Y,222,K,19,C,2,S,3,X,151,R,4,C,28,K,14,X,1,R,2,Y,1,S,3,C,1,"L1:[sp=X,4] Y=222,K=19,C=2,S=3,X=151,R=4 || L2:[sp=C,28] K=14,X=1,R=2,Y=1,S=3,C=1",-1348177.0,-163323000.0,1,X|C,1
K,4,C,2,S,5,X,223,K,27,Y,222,R,2,C,3,K,1,R,2,C,2,Y,1,X,1,S,1,"L1:[sp=K,4] C=2,S=5,X=223,K=27,Y=222,R=2 || L2:[sp=C,3] K=1,R=2,C=2,Y=1,X=1,S=1",-1348737.0,-163323000.0,1,K|C,1
C,4,Y,222,R,4,X,115,K,1,S,5,C,2,K,1,S,4,Y,1,R,4,C,1,X,1,K,1,"L1:[sp=C,4] Y=222,R=4,X=115,K=1,S=5,C=2 || L2:[sp=K,1] S=4,Y=1,R=4,C=1,X=1,K=1",-1364481.0,-163323000.0,1,C|K,1
C,4,S,1,X,223,R,5,C,2,K,2,Y,222,K,1,S,1,C,2,X,1,K,1,Y,1,R,2,"L1:[sp=C,4] S=1,X=223,R=5,C=2,K=2,Y=222 || L2:[sp=K,1] S=1,C=2,X=1,K=1,Y=1,R=2",-1405825.0,-163323000.0,1,C|K,1
X,4,Y,222,K,19,C,1,R,4,X,204,S,6,K,28,S,6,X,1,R,2,Y,1,K,6,C,1,"L1:[sp=X,4] Y=222,K=19,C=1,R=4,X=204,S=6 || L2:[sp=K,28] S=6,X=1,R=2,Y=1,K=6,C=1",-1410097.0,-163323000.0,1,X|K,1
C,4,X,223,C,2,K,27,Y,189,S,3,R,4,C,3,X,1,Y,1,R,1,K,1,C,2,S,1,"L1:[sp=C,4] X=223,C=2,K=27,Y=189,S=3,R=4 || L2:[sp=C,3] X=1,Y=1,R=1,K=1,C=2,S=1",-1423781.0,-163323000.0,1,C|C,1
C,4,R,7,K,1,S,4,Y,222,C,1,X,208,K,1,Y,1,R,4,X,1,S,1,K,1,C,1,"L1:[sp=C,4] R=7,K=1,S=4,Y=222,C=1,X=208 || L2:[sp=K,1] Y=1,R=4,X=1,S=1,K=1,C=1",-1424001.0,-163323000.0,1,C|K,1
C,4,S,3,K,2,R,5,Y,186,C,2,X,223,C,2,S,2,C,1,R,1,K,2,Y,1,X,1,"L1:[sp=C,4] S=3,K=2,R=5,Y=186,C=2,X=223 || L2:[sp=C,2] S=2,C=1,R=1,K=2,Y=1,X=1",-1430401.0,-163323000.0,1,C|C,1
K,4,K,58,Y,119,S,3,R,4,X,223,C,2,C,2,Y,1,C,1,R,4,S,1,X,1,K,1,"L1:[sp=K,4] K=58,Y=119,S=3,R=4,X=223,C=2 || L2:[sp=C,2] Y=1,C=1,R=4,S=1,X=1,K=1",-1435641.0,-163323000.0,1,K|C,1
Y,4,X,223,S,3,K,46,C,2,R,3,Y,186,K,67,S,1,Y,1,K,26,X,1,C,1,R,1,"L1:[sp=Y,4] X=223,S=3,K=46,C=2,R=3,Y=186 || L2:[sp=K,67] S=1,Y=1,K=26,X=1,C=1,R=1",-1437109.0,-163323000.0,1,Y|K,1
X,4,R,6,X,223,C,1,Y,222,K,55,S,1,X,8,K,8,R,5,C,1,Y,1,X,1,S,1,"L1:[sp=X,4] R=6,X=223,C=1,Y=222,K=55,S=1 || L2:[sp=X,8] K=8,R=5,C=1,Y=1,X=1,S=1",-1440685.0,-163323000.0,1,X|X,1
C,4,X,221,R,4,C,1,Y,222,S,1,K,27,K,1,K,1,R,1,C,1,Y,1,X,70,S,1,"L1:[sp=C,4] X=221,R=4,C=1,Y=222,S=1,K=27 || L2:[sp=K,1] K=1,R=1,C=1,Y=1,X=70,S=1",-1455189.0,-163323000.0,1,C|K,1
C,4,C,1,Y,222,R,4,X,221,S,1,K,27,C,1,K,1,R,1,C,1,Y,1,X,70,S,1,"L1:[sp=C,4] C=1,Y=222,R=4,X=221,S=1,K=27 || L2:[sp=C,1] K=1,R=1,C=1,Y=1,X=70,S=1",-1455189.0,-163323000.0,1,C|C,1
C,4,R,4,Y,222,C,1,X,221,S,1,K,27,C,1,K,1,R,1,C,1,Y,1,X,70,S,1,"L1:[sp=C,4] R=4,Y=222,C=1,X=221,S=1,K=27 || L2:[sp=C,1] K=1,R=1,C=1,Y=1,X=70,S=1",-1455189.0,-163323000.0,1,C|C,1
C,4,S,3,X,223,Y,30,R,7,C,2,K,2,Y,21,S,1,C,2,X,1,K,1,Y,29,R,1,"L1:[sp=C,4] S=3,X=223,Y=30,R=7,C=2,K=2 || L2:[sp=Y,21] S=1,C=2,X=1,K=1,Y=29,R=1",-1455873.0,-163323000.0,1,C|Y,1
K,4,X,223,R,3,C,2,K,27,S,6,Y,222,K,3,K,1,Y,1,R,1,X,1,C,1,S,5,"L1:[sp=K,4] X=223,R=3,C=2,K=27,S=6,Y=222 || L2:[sp=K,3] K=1,Y=1,R=1,X=1,C=1,S=5",-1481773.0,-163323000.0,1,K|K,1
Y,4,K,47,S,3,C,3,Y,195,X,223,R,1,X,67,S,1,Y,1,C,1,X,1,K,21,R,1,"L1:[sp=Y,4] K=47,S=3,C=3,Y=195,X=223,R=1 || L2:[sp=X,67] S=1,Y=1,C=1,X=1,K=21,R=1",-1490623.0,-163323000.0,1,Y|X,1
X,4,R,5,S,1,K,62,X,223,Y,222,C,1,K,2,R,5,C,1,S,1,K,1,X,1,Y,1,"L1:[sp=X,4] R=5,S=1,K=62,X=223,Y=222,C=1 || L2:[sp=K,2] R=5,C=1,S=1,K=1,X=1,Y=1",-1498645.0,-163323000.0,1,X|K,1
C,4,S,3,X,223,Y,30,R,7,C,2,K,2,Y,21,S,1,C,2,X,1,K,1,Y,30,R,1,"L1:[sp=C,4] S=3,X=223,Y=30,R=7,C=2,K=2 || L2:[sp=Y,21] S=1,C=2,X=1,K=1,Y=30,R=1",-1506049.0,-163323000.0,1,C|Y,1
K,4,K,23,X,223,R,2,C,1,S,7,Y,1,Y,67,S,1,Y,1,K,23,X,1,C,1,R,1,"L1:[sp=K,4] K=23,X=223,R=2,C=1,S=7,Y=1 || L2:[sp=Y,67] S=1,Y=1,K=23,X=1,C=1,R=1",-1513279.0,-163323000.0,1,K|Y,1
K,4,Y,222,R,6,S,5,K,27,X,170,C,3,K,1,R,6,Y,1,X,1,S,3,K,1,C,1,"L1:[sp=K,4] Y=222,R=6,S=5,K=27,X=170,C=3 || L2:[sp=K,1] R=6,Y=1,X=1,S=3,K=1,C=1",-1524105.0,-163323000.0,1,K|K,1
C,4,X,223,R,7,S,7,Y,49,K,1,C,1,C,28,Y,1,R,2,S,4,K,1,X,1,C,1,"L1:[sp=C,4] X=223,R=7,S=7,Y=49,K=1,C=1 || L2:[sp=C,28] Y=1,R=2,S=4,K=1,X=1,C=1",-1524417.0,-163323000.0,1,C|C,1
Y,4,K,57,S,3,X,223,C,3,R,4,Y,218,C,24,R,2,S,2,Y,1,X,1,K,4,C,1,"L1:[sp=Y,4] K=57,S=3,X=223,C=3,R=4,Y=218 || L2:[sp=C,24] R=2,S=2,Y=1,X=1,K=4,C=1",-1527693.0,-163323000.0,1,Y|C,1
Y,4,R,4,X,223,S,3,Y,44,C,3,K,6,K,168,S,2,C,1,K,2,R,1,Y,41,X,1,"L1:[sp=Y,4] R=4,X=223,S=3,Y=44,C=3,K=6 || L2:[sp=K,168] S=2,C=1,K=2,R=1,Y=41,X=1",-1559185.0,-163323000.0,1,Y|K,1
C,4,C,3,R,6,X,221,Y,171,S,5,K,27,Y,21,C,1,R,1,K,1,Y,1,X,70,S,1,"L1:[sp=C,4] C=3,R=6,X=221,Y=171,S=5,K=27 || L2:[sp=Y,21] C=1,R=1,K=1,Y=1,X=70,S=1",-1580569.0,-163323000.0,1,C|Y,1
K,4,S,3,X,223,R,4,Y,44,C,3,K,6,Y,168,S,2,C,1,K,2,R,1,Y,1,X,28,"L1:[sp=K,4] S=3,X=223,R=4,Y=44,C=3,K=6 || L2:[sp=Y,168] S=2,C=1,K=2,R=1,Y=1,X=28",-1580941.0,-163323000.0,1,K|Y,1
C,4,R,3,Y,222,C,2,S,4,K,1,X,223,X,3,Y,1,C,1,R,2,S,4,K,1,X,1,"L1:[sp=C,4] R=3,Y=222,C=2,S=4,K=1,X=223 || L2:[sp=X,3] Y=1,C=1,R=2,S=4,K=1,X=1",-1598849.0,-163323000.0,1,C|X,1
C,4,R,4,Y,222,X,150,S,4,K,1,C,2,K,1,Y,1,X,1,R,4,S,3,K,1,C,1,"L1:[sp=C,4] R=4,Y=222,X=150,S=4,K=1,C=2 || L2:[sp=K,1] Y=1,X=1,R=4,S=3,K=1,C=1",-1598977.0,-163323000.0,1,C|K,1
Y,4,K,2,X,223,S,3,Y,110,C,2,R,4,X,21,S,1,C,2,X,1,K,1,Y,1,R,2,"L1:[sp=Y,4] K=2,X=223,S=3,Y=110,C=2,R=4 || L2:[sp=X,21] S=1,C=2,X=1,K=1,Y=1,R=2",-1606017.0,-163323000.0,1,Y|X,1
C,4,K,1,S,4,Y,222,R,1,X,223,C,2,K,1,Y,1,C,1,X,1,S,4,K,1,R,1,"L1:[sp=C,4] K=1,S=4,Y=222,R=1,X=223,C=2 || L2:[sp=K,1] Y=1,C=1,X=1,S=4,K=1,R=1",-1607425.0,-163323000.0,1,C|K,1
C,4,K,1,Y,222,X,223,R,4,S,1,C,2,K,2,Y,1,C,1,R,4,S,1,X,1,K,1,"L1:[sp=C,4] K=1,Y=222,X=223,R=4,S=1,C=2 || L2:[sp=K,2] Y=1,C=1,R=4,S=1,X=1,K=1",-1607425.0,-163323000.0,1,C|K,1
Y,4,K,27,Y,222,S,3,R,4,X,130,C,2,C,2,Y,1,C,1,R,2,S,1,X,1,K,1,"L1:[sp=Y,4] K=27,Y=222,S=3,R=4,X=130,C=2 || L2:[sp=C,2] Y=1,C=1,R=2,S=1,X=1,K=1",-1620041.0,-163323000.0,1,Y|C,1
K,4,C,3,R,5,Y,44,K,46,S,6,X,223,K,1,K,9,Y,1,R,1,C,1,X,1,S,1,"L1:[sp=K,4] C=3,R=5,Y=44,K=46,S=6,X=223 || L2:[sp=K,1] K=9,Y=1,R=1,C=1,X=1,S=1",-1622901.0,-163323000.0,1,K|K,1
X,4,K,19,C,3,Y,222,R,5,X,151,S,2,Y,28,S,2,X,1,C,1,Y,1,K,1,R,3,"L1:[sp=X,4] K=19,C=3,Y=222,R=5,X=151,S=2 || L2:[sp=Y,28] S=2,X=1,C=1,Y=1,K=1,R=3",-1623585.0,-163323000.0,1,X|Y,1
X,4,K,1,R,5,S,2,Y,222,X,223,C,3,X,3,Y,1,R,1,X,1,K,1,S,2,C,1,"L1:[sp=X,4] K=1,R=5,S=2,Y=222,X=223,C=3 || L2:[sp=X,3] Y=1,R=1,X=1,K=1,S=2,C=1",-1634817.0,-163323000.0,1,X|X,1
X,4,S,5,X,155,C,1,R,5,K,55,Y,222,Y,4,C,1,K,8,Y,1,X,1,R,2,S,1,"L1:[sp=X,4] S=5,X=155,C=1,R=5,K=55,Y=222 || L2:[sp=Y,4] C=1,K=8,Y=1,X=1,R=2,S=1",-1636135.0,-163323000.0,1,X|Y,1
X,4,R,5,C,1,X,155,S,5,K,55,Y,222,Y,4,C,1,K,8,Y,1,X,1,R,1,S,1,"L1:[sp=X,4] R=5,C=1,X=155,S=5,K=55,Y=222 || L2:[sp=Y,4] C=1,K=8,Y=1,X=1,R=1,S=1",-1636135.0,-163323000.0,1,X|Y,1
K,4,R,4,S,4,Y,6,X,223,K,39,C,2,Y,1,S,2,C,1,K,1,X,1,Y,1,R,4,"L1:[sp=K,4] R=4,S=4,Y=6,X=223,K=39,C=2 || L2:[sp=Y,1] S=2,C=1,K=1,X=1,Y=1,R=4",-1655145.0,-163323000.0,1,K|Y,1
Y,4,Y,22,C,3,X,223,K,1,S,6,R,2,C,42,Y,1,S,1,C,1,R,2,X,31,K,1,"L1:[sp=Y,4] Y=22,C=3,X=223,K=1,S=6,R=2 || L2:[sp=C,42] Y=1,S=1,C=1,R=2,X=31,K=1",-1657345.0,-163323000.0,1,Y|C,1
C,4,R,7,S,4,Y,57,K,51,X,223,C,2,K,1,Y,1,C,2,R,2,S,2,K,1,X,1,"L1:[sp=C,4] R=7,S=4,Y=57,K=51,X=223,C=2 || L2:[sp=K,1] Y=1,C=2,R=2,S=2,K=1,X=1",-1706001.0,-163323000.0,1,C|K,1
C,4,Y,30,X,223,S,3,R,2,C,2,K,16,Y,21,S,1,C,2,X,1,K,1,Y,30,R,2,"L1:[sp=C,4] Y=30,X=223,S=3,R=2,C=2,K=16 || L2:[sp=Y,21] S=1,C=2,X=1,K=1,Y=30,R=2",-1720705.0,-163323000.0,1,C|Y,1
K,4,C,3,S,7,K,27,R,4,Y,222,X,89,K,9,K,25,R,1,C,1,Y,1,X,1,S,1,"L1:[sp=K,4] C=3,S=7,K=27,R=4,Y=222,X=89 || L2:[sp=K,9] K=25,R=1,C=1,Y=1,X=1,S=1",-1734607.0,-163323000.0,1,K|K,1
C,4,R,6,X,63,K,45,C,2,Y,222,S,7,K,1,Y,1,R,2,C,1,X,1,K,1,S,1,"L1:[sp=C,4] R=6,X=63,K=45,C=2,Y=222,S=7 || L2:[sp=K,1] Y=1,R=2,C=1,X=1,K=1,S=1",-1734673.0,-163323000.0,1,C|K,1
C,4,S,7,X,63,K,45,C,2,Y,222,R,6,K,1,Y,1,R,2,C,1,X,1,K,1,S,1,"L1:[sp=C,4] S=7,X=63,K=45,C=2,Y=222,R=6 || L2:[sp=K,1] Y=1,R=2,C=1,X=1,K=1,S=1",-1734673.0,-163323000.0,1,C|K,1
C,4,X,65,S,3,Y,222,R,4,C,1,K,41,C,1,C,1,Y,1,R,1,X,12,K,10,S,3,"L1:[sp=C,4] X=65,S=3,Y=222,R=4,C=1,K=41 || L2:[sp=C,1] C=1,Y=1,R=1,X=12,K=10,S=3",-1749937.0,-163323000.0,1,C|C,1
K,4,Y,222,R,5,X,208,K,1,S,6,C,1,C,1,K,1,S,1,R,1,C,1,X,1,Y,86,"L1:[sp=K,4] Y=222,R=5,X=208,K=1,S=6,C=1 || L2:[sp=C,1] K=1,S=1,R=1,C=1,X=1,Y=86",-1750501.0,-163324000.0,1,K|C,1
X,4,R,5,X,212,C,2,S,3,K,11,Y,222,C,8,X,1,K,8,Y,1,C,1,R,2,S,3,"L1:[sp=X,4] R=5,X=212,C=2,S=3,K=11,Y=222 || L2:[sp=C,8] X=1,K=8,Y=1,C=1,R=2,S=3",-1763065.0,-163323000.0,1,X|C,1
Y,4,K,19,S,3,C,2,Y,158,X,223,R,1,X,67,S,1,Y,1,X,1,C,1,K,19,R,1,"L1:[sp=Y,4] K=19,S=3,C=2,Y=158,X=223,R=1 || L2:[sp=X,67] S=1,Y=1,X=1,C=1,K=19,R=1",-1765345.0,-163323000.0,1,Y|X,1
C,4,Y,222,K,19,C,1,S,3,X,65,R,4,K,1,K,4,X,1,R,1,Y,1,S,3,C,1,"L1:[sp=C,4] Y=222,K=19,C=1,S=3,X=65,R=4 || L2:[sp=K,1] K=4,X=1,R=1,Y=1,S=3,C=1",-1790305.0,-163323000.0,1,C|K,1
C,4,R,7,S,6,Y,145,X,223,K,48,C,2,X,3,C,1,X,1,K,1,S,3,Y,1,R,4,"L1:[sp=C,4] R=7,S=6,Y=145,X=223,K=48,C=2 || L2:[sp=X,3] C=1,X=1,K=1,S=3,Y=1,R=4",-1806345.0,-163323000.0,1,C|X,1
C,4,R,1,S,3,X,223,Y,222,K,48,C,2,X,3,C,1,X,1,K,1,S,3,Y,1,R,1,"L1:[sp=C,4] R=1,S=3,X=223,Y=222,K=48,C=2 || L2:[sp=X,3] C=1,X=1,K=1,S=3,Y=1,R=1",-1806421.0,-163323000.0,1,C|X,1
C,4,S,6,X,223,K,1,R,3,Y,155,C,3,Y,2,Y,1,X,1,R,2,C,2,S,6,K,1,"L1:[sp=C,4] S=6,X=223,K=1,R=3,Y=155,C=3 || L2:[sp=Y,2] Y=1,X=1,R=2,C=2,S=6,K=1",-1807105.0,-163323000.0,1,C|Y,1
C,4,S,3,Y,222,X,223,K,1,R,1,C,2,K,1,Y,1,R,1,C,1,S,3,X,1,K,1,"L1:[sp=C,4] S=3,Y=222,X=223,K=1,R=1,C=2 || L2:[sp=K,1] Y=1,R=1,C=1,S=3,X=1,K=1",-1809025.0,-163323000.0,1,C|K,1
K,4,R,1,X,223,K,55,C,1,Y,222,S,6,X,27,K,8,R,1,C,1,Y,1,X,1,S,1,"L1:[sp=K,4] R=1,X=223,K=55,C=1,Y=222,S=6 || L2:[sp=X,27] K=8,R=1,C=1,Y=1,X=1,S=1",-1811125.0,-163323000.0,1,K|X,1
C,4,R,4,Y,222,X,177,K,1,S,2,C,2,K,1,Y,1,C,1,R,4,S,2,X,1,K,1,"L1:[sp=C,4] R=4,Y=222,X=177,K=1,S=2,C=2 || L2:[sp=K,1] Y=1,C=1,R=4,S=2,X=1,K=1",-1827841.0,-163323000.0,1,C|K,1
Y,4,K,47,C,1,S,3,Y,186,X,223,R,5,C,2,S,1,R,1,Y,1,X,1,K,4,C,1,"L1:[sp=Y,4] K=47,C=1,S=3,Y=186,X=223,R=5 || L2:[sp=C,2] S=1,R=1,Y=1,X=1,K=4,C=1",-1843417.0,-163323000.0,1,Y|C,1
Y,4,Y,172,R,4,X,223,K,1,S,6,C,3,K,1,Y,1,X,1,R,2,C,1,S,1,K,1,"L1:[sp=Y,4] Y=172,R=4,X=223,K=1,S=6,C=3 || L2:[sp=K,1] Y=1,X=1,R=2,C=1,S=1,K=1",-1871105.0,-163323000.0,1,Y|K,1
K,4,K,57,C,3,R,5,Y,115,S,5,X,223,X,7,Y,1,R,3,C,2,X,1,K,1,S,2,"L1:[sp=K,4] K=57,C=3,R=5,Y=115,S=5,X=223 || L2:[sp=X,7] Y=1,R=3,C=2,X=1,K=1,S=2",-1876905.0,-163323000.0,1,K|X,1
K,4,K,57,Y,222,R,5,C,3,S,1,X,173,Y,24,Y,1,R,2,C,1,X,1,K,1,S,1,"L1:[sp=K,4] K=57,Y=222,R=5,C=3,S=1,X=173 || L2:[sp=Y,24] Y=1,R=2,C=1,X=1,K=1,S=1",-1876925.0,-163323000.0,1,K|Y,1
C,4,S,7,X,63,K,45,C,2,R,6,Y,222,K,1,Y,1,R,3,C,1,X,1,K,7,S,1,"L1:[sp=C,4] S=7,X=63,K=45,C=2,R=6,Y=222 || L2:[sp=K,1] Y=1,R=3,C=1,X=1,K=7,S=1",-1890521.0,-163323000.0,1,C|K,1
Y,4,S,3,X,223,R,1,Y,206,C,1,K,2,K,21,C,1,R,1,K,2,X,1,Y,1,S,1,"L1:[sp=Y,4] S=3,X=223,R=1,Y=206,C=1,K=2 || L2:[sp=K,21] C=1,R=1,K=2,X=1,Y=1,S=1",-1940065.0,-163323000.0,1,Y|K,1
Y,4,S,3,K,2,R,1,X,223,C,1,Y,206,K,21,C,1,R,1,K,2,S,1,Y,1,X,1,"L1:[sp=Y,4] S=3,K=2,R=1,X=223,C=1,Y=206 || L2:[sp=K,21] C=1,R=1,K=2,S=1,Y=1,X=1",-1940065.0,-163323000.0,1,Y|K,1
K,4,K,47,C,2,S,3,Y,25,X,223,R,1,X,67,S,3,Y,1,C,1,X,1,K,21,R,1,"L1:[sp=K,4] K=47,C=2,S=3,Y=25,X=223,R=1 || L2:[sp=X,67] S=3,Y=1,C=1,X=1,K=21,R=1",-1990171.0,-163323000.0,1,K|X,1
Y,4,S,3,X,223,R,7,Y,206,C,1,K,2,K,21,C,1,R,1,K,2,X,1,Y,1,S,1,"L1:[sp=Y,4] S=3,X=223,R=7,Y=206,C=1,K=2 || L2:[sp=K,21] C=1,R=1,K=2,X=1,Y=1,S=1",-1994785.0,-163323000.0,1,Y|K,1
Y,4,S,3,X,223,R,7,K,2,C,1,Y,206,K,21,C,1,R,1,K,2,X,1,Y,1,S,1,"L1:[sp=Y,4] S=3,X=223,R=7,K=2,C=1,Y=206 || L2:[sp=K,21] C=1,R=1,K=2,X=1,Y=1,S=1",-1994785.0,-163323000.0,1,Y|K,1
X,4,R,2,X,223,K,55,C,3,Y,222,S,5,K,27,K,8,S,4,C,1,Y,1,X,1,R,2,"L1:[sp=X,4] R=2,X=223,K=55,C=3,Y=222,S=5 || L2:[sp=K,27] K=8,S=4,C=1,Y=1,X=1,R=2",-2055201.0,-163323000.0,1,X|K,1
X,4,R,2,C,3,K,55,X,223,Y,85,S,5,K,27,S,4,K,8,C,1,Y,1,X,1,R,2,"L1:[sp=X,4] R=2,C=3,K=55,X=223,Y=85,S=5 || L2:[sp=K,27] S=4,K=8,C=1,Y=1,X=1,R=2",-2055217.0,-163323000.0,1,X|K,1
K,4,K,47,C,3,X,223,Y,1,S,3,R,2,C,2,S,1,R,1,Y,1,X,1,K,20,C,1,"L1:[sp=K,4] K=47,C=3,X=223,Y=1,S=3,R=2 || L2:[sp=C,2] S=1,R=1,Y=1,X=1,K=20,C=1",-2056953.0,-163323000.0,1,K|C,1
K,4,S,7,X,63,K,45,C,2,R,6,Y,222,C,1,Y,1,R,3,C,1,X,1,K,7,S,1,"L1:[sp=K,4] S=7,X=63,K=45,C=2,R=6,Y=222 || L2:[sp=C,1] Y=1,R=3,C=1,X=1,K=7,S=1",-2058227.0,-163323000.0,1,K|C,1
X,4,X,223,S,3,C,2,K,57,R,1,Y,1,Y,67,S,1,Y,1,C,1,X,1,K,4,R,1,"L1:[sp=X,4] X=223,S=3,C=2,K=57,R=1,Y=1 || L2:[sp=Y,67] S=1,Y=1,C=1,X=1,K=4,R=1",-2060353.0,-163323000.0,1,X|Y,1
C,4,S,5,C,3,X,223,K,27,Y,222,R,3,C,1,K,18,R,2,C,1,Y,1,X,1,S,1,"L1:[sp=C,4] S=5,C=3,X=223,K=27,Y=222,R=3 || L2:[sp=C,1] K=18,R=2,C=1,Y=1,X=1,S=1",-2065222.0,-163323000.0,1,C|C,1
Y,4,R,1,Y,222,X,223,K,1,S,6,C,3,X,28,Y,1,C,1,R,1,S,1,X,1,K,1,"L1:[sp=Y,4] R=1,Y=222,X=223,K=1,S=6,C=3 || L2:[sp=X,28] Y=1,C=1,R=1,S=1,X=1,K=1",-2089473.0,-163323000.0,1,Y|X,1
K,4,R,4,Y,222,K,62,S,4,X,46,C,1,K,62,R,4,C,1,S,1,K,1,X,1,Y,56,"L1:[sp=K,4] R=4,Y=222,K=62,S=4,X=46,C=1 || L2:[sp=K,62] R=4,C=1,S=1,K=1,X=1,Y=56",-2101405.0,-163323000.0,1,K|K,1
Y,4,X,117,R,5,S,7,C,1,Y,222,K,2,K,14,Y,1,R,2,X,1,K,2,S,4,C,1,"L1:[sp=Y,4] X=117,R=5,S=7,C=1,Y=222,K=2 || L2:[sp=K,14] Y=1,R=2,X=1,K=2,S=4,C=1",-2107777.0,-163323000.0,1,Y|K,1
Y,4,K,19,C,1,Y,222,R,5,X,173,S,2,K,1,S,1,X,1,C,1,Y,1,R,2,K,1,"L1:[sp=Y,4] K=19,C=1,Y=222,R=5,X=173,S=2 || L2:[sp=K,1] S=1,X=1,C=1,Y=1,R=2,K=1",-2116993.0,-163323000.0,1,Y|K,1
K,4,C,2,K,37,S,1,R,6,X,65,Y,222,K,8,C,1,K,19,R,4,Y,1,X,1,S,1,"L1:[sp=K,4] C=2,K=37,S=1,R=6,X=65,Y=222 || L2:[sp=K,8] C=1,K=19,R=4,Y=1,X=1,S=1",-2145137.0,-163323000.0,1,K|K,1
X,4,K,1,R,5,S,5,Y,117,X,223,C,1,C,1,Y,1,R,1,X,1,S,1,K,1,C,1,"L1:[sp=X,4] K=1,R=5,S=5,Y=117,X=223,C=1 || L2:[sp=C,1] Y=1,R=1,X=1,S=1,K=1,C=1",-2146561.0,-163323000.0,1,X|C,1
Y,4,X,223,S,6,R,1,K,57,C,2,Y,1,X,67,S,2,Y,1,C,1,X,1,K,57,R,1,"L1:[sp=Y,4] X=223,S=6,R=1,K=57,C=2,Y=1 || L2:[sp=X,67] S=2,Y=1,C=1,X=1,K=57,R=1",-2151297.0,-163323000.0,1,Y|X,1
K,4,X,223,S,6,R,1,K,57,C,2,Y,1,X,67,S,2,Y,1,C,1,X,1,K,15,R,1,"L1:[sp=K,4] X=223,S=6,R=1,K=57,C=2,Y=1 || L2:[sp=X,67] S=2,Y=1,C=1,X=1,K=15,R=1",-2151297.0,-163323000.0,1,K|X,1
C,4,R,4,Y,103,K,27,C,3,S,5,X,223,K,1,K,1,R,1,C,1,Y,1,X,1,S,1,"L1:[sp=C,4] R=4,Y=103,K=27,C=3,S=5,X=223 || L2:[sp=K,1] K=1,R=1,C=1,Y=1,X=1,S=1",-2163877.0,-163323000.0,1,C|K,1
X,4,X,223,S,5,K,37,C,2,Y,79,R,4,C,1,K,1,R,1,C,1,Y,1,X,1,S,1,"L1:[sp=X,4] X=223,S=5,K=37,C=2,Y=79,R=4 || L2:[sp=C,1] K=1,R=1,C=1,Y=1,X=1,S=1",-2163889.0,-163323000.0,1,X|C,1
X,4,C,1,Y,94,R,4,X,223,S,5,K,27,C,1,K,1,R,1,C,1,Y,1,X,1,S,1,"L1:[sp=X,4] C=1,Y=94,R=4,X=223,S=5,K=27 || L2:[sp=C,1] K=1,R=1,C=1,Y=1,X=1,S=1",-2163949.0,-163323000.0,1,X|C,1
K,4,R,5,X,223,K,55,C,3,S,6,Y,45,X,27,K,8,R,2,C,1,Y,1,X,1,S,2,"L1:[sp=K,4] R=5,X=223,K=55,C=3,S=6,Y=45 || L2:[sp=X,27] K=8,R=2,C=1,Y=1,X=1,S=2",-2171421.0,-163323000.0,1,K|X,1
K,4,R,4,Y,222,X,23,S,4,K,56,C,1,K,1,Y,1,C,1,K,1,S,3,R,2,X,1,"L1:[sp=K,4] R=4,Y=222,X=23,S=4,K=56,C=1 || L2:[sp=K,1] Y=1,C=1,K=1,S=3,R=2,X=1",-2173369.0,-163323000.0,1,K|K,1
X,4,R,4,Y,222,X,179,S,4,K,6,C,3,K,1,Y,1,C,1,R,4,S,4,K,1,X,1,"L1:[sp=X,4] R=4,Y=222,X=179,S=4,K=6,C=3 || L2:[sp=K,1] Y=1,C=1,R=4,S=4,K=1,X=1",-2199597.0,-163323000.0,1,X|K,1
Y,4,K,19,C,1,Y,222,X,173,R,5,S,2,X,28,S,1,X,1,C,1,Y,66,K,1,R,2,"L1:[sp=Y,4] K=19,C=1,Y=222,X=173,R=5,S=2 || L2:[sp=X,28] S=1,X=1,C=1,Y=66,K=1,R=2",-2201665.0,-163323000.0,1,Y|X,1
K,4,C,1,R,4,X,103,Y,222,S,3,K,27,C,1,K,1,R,1,C,1,Y,1,X,89,S,3,"L1:[sp=K,4] C=1,R=4,X=103,Y=222,S=3,K=27 || L2:[sp=C,1] K=1,R=1,C=1,Y=1,X=89,S=3",-2245375.0,-163323000.0,1,K|C,1
K,4,C,2,S,3,K,36,R,4,Y,222,X,190,Y,1,Y,1,R,2,C,2,K,1,X,1,S,3,"L1:[sp=K,4] C=2,S=3,K=36,R=4,Y=222,X=190 || L2:[sp=Y,1] Y=1,R=2,C=2,K=1,X=1,S=3",-2301721.0,-163323000.0,1,K|Y,1
C,4,K,57,S,3,X,223,C,3,R,2,Y,186,Y,1,R,2,S,1,Y,1,X,1,K,4,C,3,"L1:[sp=C,4] K=57,S=3,X=223,C=3,R=2,Y=186 || L2:[sp=Y,1] R=2,S=1,Y=1,X=1,K=4,C=3",-2322817.0,-163323000.0,1,C|Y,1
Y,4,X,223,S,3,C,1,K,57,R,2,Y,1,X,67,X,1,S,1,Y,1,C,1,K,43,R,1,"L1:[sp=Y,4] X=223,S=3,C=1,K=57,R=2,Y=1 || L2:[sp=X,67] X=1,S=1,Y=1,C=1,K=43,R=1",-2345953.0,-163323000.0,1,Y|X,1
Y,4,S,3,X,223,Y,186,R,5,C,2,K,2,K,21,S,1,C,2,K,2,X,1,Y,1,R,3,"L1:[sp=Y,4] S=3,X=223,Y=186,R=5,C=2,K=2 || L2:[sp=K,21] S=1,C=2,K=2,X=1,Y=1,R=3",-2358657.0,-163323000.0,1,Y|K,1
K,4,R,6,X,223,K,55,C,3,Y,107,S,5,X,27,K,8,S,3,C,2,Y,1,X,1,R,3,"L1:[sp=K,4] R=6,X=223,K=55,C=3,Y=107,S=5 || L2:[sp=X,27] K=8,S=3,C=2,Y=1,X=1,R=3",-2370073.0,-163324000.0,1,K|X,1
X,4,Y,170,R,4,X,223,K,11,C,2,S,6,X,4,Y,1,S,1,R,4,C,1,K,1,X,1,"L1:[sp=X,4] Y=170,R=4,X=223,K=11,C=2,S=6 || L2:[sp=X,4] Y=1,S=1,R=4,C=1,K=1,X=1",-2376289.0,-163323000.0,1,X|X,1
C,4,K,36,X,223,R,2,Y,186,S,5,C,3,X,28,S,1,R,1,K,20,X,1,C,1,Y,1,"L1:[sp=C,4] K=36,X=223,R=2,Y=186,S=5,C=3 || L2:[sp=X,28] S=1,R=1,K=20,X=1,C=1,Y=1",-2381433.0,-163323000.0,1,C|X,1
Y,4,S,3,X,223,R,5,Y,186,C,2,K,2,K,21,S,1,C,2,K,2,X,1,Y,1,R,1,"L1:[sp=Y,4] S=3,X=223,R=5,Y=186,C=2,K=2 || L2:[sp=K,21] S=1,C=2,K=2,X=1,Y=1,R=1",-2383745.0,-163323000.0,1,Y|K,1
C,4,K,1,R,7,C,2,Y,222,X,177,S,5,K,1,Y,1,K,1,S,4,C,2,R,4,X,1,"L1:[sp=C,4] K=1,R=7,C=2,Y=222,X=177,S=5 || L2:[sp=K,1] Y=1,K=1,S=4,C=2,R=4,X=1",-2387201.0,-163323000.0,1,C|K,1
X,4,C,3,S,5,X,223,R,2,Y,222,K,27,C,1,K,1,R,2,C,1,Y,1,X,1,S,1,"L1:[sp=X,4] C=3,S=5,X=223,R=2,Y=222,K=27 || L2:[sp=C,1] K=1,R=2,C=1,Y=1,X=1,S=1",-2397745.0,-163323000.0,1,X|C,1
X,4,Y,222,S,5,K,27,C,3,R,2,X,223,C,1,K,1,R,2,C,1,Y,1,X,1,S,1,"L1:[sp=X,4] Y=222,S=5,K=27,C=3,R=2,X=223 || L2:[sp=C,1] K=1,R=2,C=1,Y=1,X=1,S=1",-2397745.0,-163323000.0,1,X|C,1
X,4,Y,222,R,4,C,3,K,1,S,1,X,223,K,9,K,1,S,1,R,2,C,1,X,1,Y,1,"L1:[sp=X,4] Y=222,R=4,C=3,K=1,S=1,X=223 || L2:[sp=K,9] K=1,S=1,R=2,C=1,X=1,Y=1",-2398593.0,-163323000.0,1,X|K,1
Y,4,R,4,X,127,Y,222,S,1,K,1,C,3,C,1,Y,1,C,1,R,4,S,1,K,1,X,1,"L1:[sp=Y,4] R=4,X=127,Y=222,S=1,K=1,C=3 || L2:[sp=C,1] Y=1,C=1,R=4,S=1,K=1,X=1",-2410241.0,-163323000.0,1,Y|C,1
Y,4,K,19,C,2,Y,222,R,6,S,2,X,173,K,1,K,1,X,1,C,1,Y,1,R,2,S,1,"L1:[sp=Y,4] K=19,C=2,Y=222,R=6,S=2,X=173 || L2:[sp=K,1] K=1,X=1,C=1,Y=1,R=2,S=1",-2419329.0,-163323000.0,1,Y|K,1
Y,4,C,2,X,98,S,3,R,4,K,18,Y,222,Y,1,C,1,X,1,R,2,Y,1,K,10,S,2,"L1:[sp=Y,4] C=2,X=98,S=3,R=4,K=18,Y=222 || L2:[sp=Y,1] C=1,X=1,R=2,Y=1,K=10,S=2",-2419345.0,-163323000.0,1,Y|Y,1
C,4,K,1,R,7,S,4,C,3,X,153,Y,222,K,1,Y,1,C,2,R,2,S,2,K,1,X,1,"L1:[sp=C,4] K=1,R=7,S=4,C=3,X=153,Y=222 || L2:[sp=K,1] Y=1,C=2,R=2,S=2,K=1,X=1",-2419457.0,-163323000.0,1,C|K,1
X,4,X,223,R,4,C,1,K,1,S,6,Y,113,C,3,K,1,Y,1,R,2,C,1,X,1,S,1,"L1:[sp=X,4] X=223,R=4,C=1,K=1,S=6,Y=113 || L2:[sp=C,3] K=1,Y=1,R=2,C=1,X=1,S=1",-2420737.0,-163323000.0,1,X|C,1
K,4,R,6,K,55,C,1,S,3,X,42,Y,222,C,11,X,1,K,8,Y,1,C,1,R,3,S,1,"L1:[sp=K,4] R=6,K=55,C=1,S=3,X=42,Y=222 || L2:[sp=C,11] X=1,K=8,Y=1,C=1,R=3,S=1",-2432539.0,-163323000.0,1,K|C,1
C,4,C,3,S,5,X,223,K,27,Y,129,R,6,C,1,K,1,R,2,C,1,Y,1,X,1,S,1,"L1:[sp=C,4] C=3,S=5,X=223,K=27,Y=129,R=6 || L2:[sp=C,1] K=1,R=2,C=1,Y=1,X=1,S=1",-2440729.0,-163323000.0,1,C|C,1
Y,4,C,3,X,223,R,4,Y,18,S,3,K,2,K,168,S,1,C,1,K,2,X,1,Y,1,R,1,"L1:[sp=Y,4] C=3,X=223,R=4,Y=18,S=3,K=2 || L2:[sp=K,168] S=1,C=1,K=2,X=1,Y=1,R=1",-2448577.0,-163323000.0,1,Y|K,1
C,4,S,5,Y,222,K,1,X,197,R,4,C,3,Y,2,Y,1,X,1,R,4,C,2,S,1,K,1,"L1:[sp=C,4] S=5,Y=222,K=1,X=197,R=4,C=3 || L2:[sp=Y,2] Y=1,X=1,R=4,C=2,S=1,K=1",-2451969.0,-163323000.0,1,C|Y,1
X,4,S,6,R,4,K,1,X,223,Y,113,C,3,C,1,Y,88,X,1,R,2,C,1,S,1,K,1,"L1:[sp=X,4] S=6,R=4,K=1,X=223,Y=113,C=3 || L2:[sp=C,1] Y=88,X=1,R=2,C=1,S=1,K=1",-2473473.0,-163323000.0,1,X|C,1
X,4,K,55,R,6,C,1,S,5,Y,222,X,212,C,8,X,1,K,8,C,1,Y,1,R,2,S,3,"L1:[sp=X,4] K=55,R=6,C=1,S=5,Y=222,X=212 || L2:[sp=C,8] X=1,K=8,C=1,Y=1,R=2,S=3",-2516665.0,-163324000.0,1,X|C,1
X,4,K,55,X,212,C,1,S,5,Y,222,R,6,C,8,X,1,K,8,C,1,Y,1,R,2,S,1,"L1:[sp=X,4] K=55,X=212,C=1,S=5,Y=222,R=6 || L2:[sp=C,8] X=1,K=8,C=1,Y=1,R=2,S=1",-2540185.0,-163323000.0,1,X|C,1
Y,4,K,22,X,190,R,1,C,3,S,5,Y,1,X,67,K,21,C,1,R,1,Y,1,S,4,X,1,"L1:[sp=Y,4] K=22,X=190,R=1,C=3,S=5,Y=1 || L2:[sp=X,67] K=21,C=1,R=1,Y=1,S=4,X=1",-2549569.0,-163323000.0,1,Y|X,1
X,4,S,7,X,223,R,5,K,2,Y,12,C,3,X,3,S,4,R,2,X,1,K,1,Y,1,C,2,"L1:[sp=X,4] S=7,X=223,R=5,K=2,Y=12,C=3 || L2:[sp=X,3] S=4,R=2,X=1,K=1,Y=1,C=2",-2607233.0,-163323000.0,1,X|X,1
K,4,K,62,S,6,R,1,Y,222,X,223,C,1,X,8,S,3,C,1,R,1,K,1,X,1,Y,1,"L1:[sp=K,4] K=62,S=6,R=1,Y=222,X=223,C=1 || L2:[sp=X,8] S=3,C=1,R=1,K=1,X=1,Y=1",-2624917.0,-163323000.0,1,K|X,1
Y,4,C,2,R,4,X,45,K,1,S,6,Y,222,C,1,K,1,S,1,R,2,C,1,X,1,Y,1,"L1:[sp=Y,4] C=2,R=4,X=45,K=1,S=6,Y=222 || L2:[sp=C,1] K=1,S=1,R=2,C=1,X=1,Y=1",-2626049.0,-163323000.0,1,Y|C,1
K,4,S,4,Y,222,X,178,C,3,K,63,R,4,Y,1,Y,1,C,1,K,1,S,4,R,2,X,1,"L1:[sp=K,4] S=4,Y=222,X=178,C=3,K=63,R=4 || L2:[sp=Y,1] Y=1,C=1,K=1,S=4,R=2,X=1",-2673225.0,-163323000.0,1,K|Y,1
C,4,C,3,S,5,K,27,R,3,Y,222,X,223,C,1,K,1,R,3,C,1,Y,1,X,1,S,1,"L1:[sp=C,4] C=3,S=5,K=27,R=3,Y=222,X=223 || L2:[sp=C,1] K=1,R=3,C=1,Y=1,X=1,S=1",-2685331.0,-163323000.0,1,C|C,1
Y,4,Y,222,K,19,C,2,R,4,X,65,S,3,Y,168,K,4,X,1,R,1,Y,1,S,3,C,1,"L1:[sp=Y,4] Y=222,K=19,C=2,R=4,X=65,S=3 || L2:[sp=Y,168] K=4,X=1,R=1,Y=1,S=3,C=1",-2685505.0,-163323000.0,1,Y|Y,1
Y,4,C,2,S,6,X,223,R,2,Y,222,K,36,K,1,Y,1,R,1,C,1,K,1,X,1,S,3,"L1:[sp=Y,4] C=2,S=6,X=223,R=2,Y=222,K=36 || L2:[sp=K,1] Y=1,R=1,C=1,K=1,X=1,S=3",-2697441.0,-163323000.0,1,Y|K,1
Y,4,R,4,S,4,Y,222,X,129,K,39,C,3,K,1,S,4,R,4,K,1,X,1,Y,1,C,1,"L1:[sp=Y,4] R=4,S=4,Y=222,X=129,K=39,C=3 || L2:[sp=K,1] S=4,R=4,K=1,X=1,Y=1,C=1",-2715665.0,-163323000.0,1,Y|K,1
C,4,S,4,Y,222,X,178,C,3,K,63,R,4,K,1,Y,1,C,1,K,1,S,4,R,2,X,1,"L1:[sp=C,4] S=4,Y=222,X=178,C=3,K=63,R=4 || L2:[sp=K,1] Y=1,C=1,K=1,S=4,R=2,X=1",-2715665.0,-163323000.0,1,C|K,1
K,4,X,223,R,4,C,1,K,64,S,6,Y,128,C,1,K,1,Y,1,R,4,C,1,X,1,S,2,"L1:[sp=K,4] X=223,R=4,C=1,K=64,S=6,Y=128 || L2:[sp=C,1] K=1,Y=1,R=4,C=1,X=1,S=2",-2715673.0,-163323000.0,1,K|C,1
C,4,R,4,K,1,C,3,S,4,Y,178,X,223,Y,1,Y,1,R,4,K,1,S,4,C,2,X,1,"L1:[sp=C,4] R=4,K=1,C=3,S=4,Y=178,X=223 || L2:[sp=Y,1] Y=1,R=4,K=1,S=4,C=2,X=1",-2716161.0,-163323000.0,1,C|Y,1
Y,4,R,4,K,1,C,3,S,4,Y,222,X,28,C,1,Y,1,R,2,K,1,S,4,C,2,X,1,"L1:[sp=Y,4] R=4,K=1,C=3,S=4,Y=222,X=28 || L2:[sp=C,1] Y=1,R=2,K=1,S=4,C=2,X=1",-2717697.0,-163323000.0,1,Y|C,1
Y,4,Y,222,S,4,K,1,R,4,X,66,C,1,Y,4,Y,1,C,1,R,2,S,4,K,1,X,1,"L1:[sp=Y,4] Y=222,S=4,K=1,R=4,X=66,C=1 || L2:[sp=Y,4] Y=1,C=1,R=2,S=4,K=1,X=1",-2718721.0,-163323000.0,1,Y|Y,1
X,4,Y,222,K,19,X,191,R,4,C,1,S,3,C,8,C,1,Y,1,R,2,X,2,K,10,S,3,"L1:[sp=X,4] Y=222,K=19,X=191,R=4,C=1,S=3 || L2:[sp=C,8] C=1,Y=1,R=2,X=2,K=10,S=3",-2722969.0,-163323000.0,1,X|C,1
X,4,C,3,R,2,X,223,Y,222,S,6,K,27,C,1,K,1,Y,1,R,2,C,1,X,1,S,2,"L1:[sp=X,4] C=3,R=2,X=223,Y=222,S=6,K=27 || L2:[sp=C,1] K=1,Y=1,R=2,C=1,X=1,S=2",-2740273.0,-163323000.0,1,X|C,1
C,4,R,4,Y,222,X,47,K,1,S,2,C,3,K,1,Y,1,C,1,R,2,S,2,X,1,K,1,"L1:[sp=C,4] R=4,Y=222,X=47,K=1,S=2,C=3 || L2:[sp=K,1] Y=1,C=1,R=2,S=2,X=1,K=1",-2742785.0,-163323000.0,1,C|K,1
C,4,C,3,K,27,X,127,S,5,R,6,Y,222,X,1,K,1,R,3,C,1,Y,1,X,1,S,1,"L1:[sp=C,4] C=3,K=27,X=127,S=5,R=6,Y=222 || L2:[sp=X,1] K=1,R=3,C=1,Y=1,X=1,S=1",-2757913.0,-163323000.0,1,C|X,1
X,4,C,3,K,27,X,223,S,5,R,6,Y,74,C,1,K,1,R,3,C,1,Y,23,X,1,S,1,"L1:[sp=X,4] C=3,K=27,X=223,S=5,R=6,Y=74 || L2:[sp=C,1] K=1,R=3,C=1,Y=23,X=1,S=1",-2794213.0,-163323000.0,1,X|C,1
X,4,R,1,X,223,Y,222,C,2,S,6,K,45,K,27,X,1,R,1,C,2,Y,1,K,32,S,1,"L1:[sp=X,4] R=1,X=223,Y=222,C=2,S=6,K=45 || L2:[sp=K,27] X=1,R=1,C=2,Y=1,K=32,S=1",-2809969.0,-163323000.0,1,X|K,1
C,4,S,3,X,223,R,1,Y,186,C,2,K,2,K,1,S,2,C,1,K,2,X,1,Y,1,R,1,"L1:[sp=C,4] S=3,X=223,R=1,Y=186,C=2,K=2 || L2:[sp=K,1] S=2,C=1,K=2,X=1,Y=1,R=1",-2811201.0,-163323000.0,1,C|K,1
Y,4,X,120,Y,1,R,1,K,46,C,1,S,5,X,67,Y,1,S,4,C,1,X,1,K,21,R,1,"L1:[sp=Y,4] X=120,Y=1,R=1,K=46,C=1,S=5 || L2:[sp=X,67] Y=1,S=4,C=1,X=1,K=21,R=1",-2841217.0,-163323000.0,1,Y|X,1
K,4,X,97,R,5,Y,222,K,47,S,6,C,3,K,1,K,1,Y,1,R,1,C,1,X,97,S,1,"L1:[sp=K,4] X=97,R=5,Y=222,K=47,S=6,C=3 || L2:[sp=K,1] K=1,Y=1,R=1,C=1,X=97,S=1",-2887975.0,-163324000.0,1,K|K,1
C,4,C,2,K,19,S,1,R,4,X,201,Y,222,C,1,C,1,R,1,Y,1,X,1,K,10,S,1,"L1:[sp=C,4] C=2,K=19,S=1,R=4,X=201,Y=222 || L2:[sp=C,1] C=1,R=1,Y=1,X=1,K=10,S=1",-2897777.0,-163323000.0,1,C|C,1
C,4,C,2,S,1,X,221,R,4,Y,222,K,27,K,1,K,1,R,1,C,2,Y,1,X,70,S,1,"L1:[sp=C,4] C=2,S=1,X=221,R=4,Y=222,K=27 || L2:[sp=K,1] K=1,R=1,C=2,Y=1,X=70,S=1",-2910293.0,-163323000.0,1,C|K,1
C,4,K,43,S,6,X,223,C,3,R,2,Y,209,K,1,Y,1,S,3,K,17,X,1,C,1,R,1,"L1:[sp=C,4] K=43,S=6,X=223,C=3,R=2,Y=209 || L2:[sp=K,1] Y=1,S=3,K=17,X=1,C=1,R=1",-2934258.0,-163323000.0,1,C|K,1
Y,4,X,190,K,22,R,1,C,3,Y,1,S,5,X,67,K,21,R,1,C,1,Y,1,X,1,S,1,"L1:[sp=Y,4] X=190,K=22,R=1,C=3,Y=1,S=5 || L2:[sp=X,67] K=21,R=1,C=1,Y=1,X=1,S=1",-2972929.0,-163323000.0,1,Y|X,1
Y,4,S,5,K,22,X,190,R,1,Y,1,C,3,X,67,X,1,R,1,C,1,Y,1,K,21,S,1,"L1:[sp=Y,4] S=5,K=22,X=190,R=1,Y=1,C=3 || L2:[sp=X,67] X=1,R=1,C=1,Y=1,K=21,S=1",-2972929.0,-163323000.0,1,Y|X,1
Y,4,X,190,K,22,R,1,S,3,Y,1,C,3,X,67,K,21,R,1,C,1,Y,1,X,1,S,1,"L1:[sp=Y,4] X=190,K=22,R=1,S=3,Y=1,C=3 || L2:[sp=X,67] K=21,R=1,C=1,Y=1,X=1,S=1",-2977633.0,-163323000.0,1,Y|X,1
Y,4,S,2,K,22,R,1,C,3,Y,1,X,197,X,67,X,1,R,1,C,1,Y,1,K,21,S,1,"L1:[sp=Y,4] S=2,K=22,R=1,C=3,Y=1,X=197 || L2:[sp=X,67] X=1,R=1,C=1,Y=1,K=21,S=1",-2982337.0,-163323000.0,1,Y|X,1
Y,4,K,22,X,190,R,1,C,3,Y,1,S,2,X,67,K,21,R,1,C,1,Y,1,S,1,X,1,"L1:[sp=Y,4] K=22,X=190,R=1,C=3,Y=1,S=2 || L2:[sp=X,67] K=21,R=1,C=1,Y=1,S=1,X=1",-2982337.0,-163323000.0,1,Y|X,1
Y,4,K,22,X,190,R,1,C,3,S,2,Y,1,X,67,K,21,R,1,C,1,Y,1,S,1,X,1,"L1:[sp=Y,4] K=22,X=190,R=1,C=3,S=2,Y=1 || L2:[sp=X,67] K=21,R=1,C=1,Y=1,S=1,X=1",-2982337.0,-163323000.0,1,Y|X,1
X,4,K,19,C,3,R,6,Y,222,X,173,S,5,Y,21,X,1,S,5,C,2,Y,1,K,1,R,3,"L1:[sp=X,4] K=19,C=3,R=6,Y=222,X=173,S=5 || L2:[sp=Y,21] X=1,S=5,C=2,Y=1,K=1,R=3",-2989457.0,-163323000.0,1,X|Y,1
Y,4,S,3,X,223,Y,186,R,3,C,2,K,2,C,21,S,2,C,1,K,2,X,1,Y,1,R,3,"L1:[sp=Y,4] S=3,X=223,Y=186,R=3,C=2,K=2 || L2:[sp=C,21] S=2,C=1,K=2,X=1,Y=1,R=3",-3000385.0,-163323000.0,1,Y|C,1
Y,4,S,2,K,22,R,1,C,1,Y,1,X,197,X,67,X,1,R,1,C,1,Y,1,K,21,S,1,"L1:[sp=Y,4] S=2,K=22,R=1,C=1,Y=1,X=197 || L2:[sp=X,67] X=1,R=1,C=1,Y=1,K=21,S=1",-3019969.0,-163323000.0,1,Y|X,1
X,4,X,120,K,22,S,2,C,1,Y,1,R,1,X,67,S,1,R,1,C,1,Y,1,X,1,K,21,"L1:[sp=X,4] X=120,K=22,S=2,C=1,Y=1,R=1 || L2:[sp=X,67] S=1,R=1,C=1,Y=1,X=1,K=21",-3019969.0,-163323000.0,1,X|X,1
X,4,R,2,S,5,K,27,C,2,Y,222,X,223,C,1,K,1,R,1,C,1,Y,1,X,1,S,5,"L1:[sp=X,4] R=2,S=5,K=27,C=2,Y=222,X=223 || L2:[sp=C,1] K=1,R=1,C=1,Y=1,X=1,S=5",-3024097.0,-163323000.0,1,X|C,1
K,4,R,4,Y,56,X,223,S,5,K,41,C,2,K,1,Y,1,C,1,X,1,S,2,K,1,R,4,"L1:[sp=K,4] R=4,Y=56,X=223,S=5,K=41,C=2 || L2:[sp=K,1] Y=1,C=1,X=1,S=2,K=1,R=4",-3044529.0,-163323000.0,1,K|K,1
K,4,X,197,K,22,S,3,C,3,Y,1,R,1,X,67,S,1,R,1,C,1,Y,1,X,1,K,21,"L1:[sp=K,4] X=197,K=22,S=3,C=3,Y=1,R=1 || L2:[sp=X,67] S=1,R=1,C=1,Y=1,X=1,K=21",-3048193.0,-163323000.0,1,K|X,1
Y,4,Y,222,X,123,R,4,K,1,S,3,C,2,Y,6,K,1,C,1,S,3,R,2,X,1,Y,1,"L1:[sp=Y,4] Y=222,X=123,R=4,K=1,S=3,C=2 || L2:[sp=Y,6] K=1,C=1,S=3,R=2,X=1,Y=1",-3070465.0,-163323000.0,1,Y|Y,1
X,4,R,5,X,148,C,1,S,3,K,55,Y,222,C,8,X,1,K,8,C,1,Y,1,R,1,S,1,"L1:[sp=X,4] R=5,X=148,C=1,S=3,K=55,Y=222 || L2:[sp=C,8] X=1,K=8,C=1,Y=1,R=1,S=1",-3087037.0,-163323000.0,1,X|C,1
K,4,C,3,R,5,Y,222,K,46,S,6,X,140,K,1,K,1,Y,1,R,1,C,1,X,1,S,1,"L1:[sp=K,4] C=3,R=5,Y=222,K=46,S=6,X=140 || L2:[sp=K,1] K=1,Y=1,R=1,C=1,X=1,S=1",-3097005.0,-163323000.0,1,K|K,1
K,4,C,3,X,152,Y,222,K,46,S,6,R,5,K,1,K,1,Y,1,R,1,C,1,X,1,S,1,"L1:[sp=K,4] C=3,X=152,Y=222,K=46,S=6,R=5 || L2:[sp=K,1] K=1,Y=1,R=1,C=1,X=1,S=1",-3097005.0,-163323000.0,1,K|K,1
K,4,C,3,K,50,Y,222,R,4,X,151,S,6,Y,12,S,6,X,1,R,2,Y,1,K,10,C,1,"L1:[sp=K,4] C=3,K=50,Y=222,R=4,X=151,S=6 || L2:[sp=Y,12] S=6,X=1,R=2,Y=1,K=10,C=1",-3153609.0,-163324000.0,1,K|Y,1
Y,4,X,190,K,45,R,1,C,2,Y,1,S,4,X,67,Y,1,S,1,C,1,X,1,K,21,R,1,"L1:[sp=Y,4] X=190,K=45,R=1,C=2,Y=1,S=4 || L2:[sp=X,67] Y=1,S=1,C=1,X=1,K=21,R=1",-3173633.0,-163323000.0,1,Y|X,1
Y,4,X,207,K,22,R,1,C,3,Y,1,S,5,X,67,K,21,R,1,C,1,Y,1,X,1,S,4,"L1:[sp=Y,4] X=207,K=22,R=1,C=3,Y=1,S=5 || L2:[sp=X,67] K=21,R=1,C=1,Y=1,X=1,S=4",-3184609.0,-163323000.0,1,Y|X,1
Y,4,X,207,K,22,R,1,S,5,Y,1,C,3,X,67,K,21,R,1,C,1,Y,1,X,1,S,4,"L1:[sp=Y,4] X=207,K=22,R=1,S=5,Y=1,C=3 || L2:[sp=X,67] K=21,R=1,C=1,Y=1,X=1,S=4",-3184609.0,-163323000.0,1,Y|X,1
C,4,X,223,S,3,Y,186,K,57,R,1,C,2,K,1,S,2,Y,1,K,41,X,1,C,1,R,1,"L1:[sp=C,4] X=223,S=3,Y=186,K=57,R=1,C=2 || L2:[sp=K,1] S=2,Y=1,K=41,X=1,C=1,R=1",-3205077.0,-163323000.0,1,C|K,1
Y,4,X,120,Y,1,R,1,K,26,C,1,S,5,X,67,Y,1,S,4,C,1,X,1,K,21,R,1,"L1:[sp=Y,4] X=120,Y=1,R=1,K=26,C=1,S=5 || L2:[sp=X,67] Y=1,S=4,C=1,X=1,K=21,R=1",-3245761.0,-163323000.0,1,Y|X,1
K,4,X,207,K,22,R,1,C,3,Y,1,S,5,X,67,S,4,R,1,C,1,Y,1,X,1,K,21,"L1:[sp=K,4] X=207,K=22,R=1,C=3,Y=1,S=5 || L2:[sp=X,67] S=4,R=1,C=1,Y=1,X=1,K=21",-3258305.0,-163323000.0,1,K|X,1
Y,4,X,120,Y,1,R,1,K,46,C,1,S,7,X,67,Y,1,S,2,C,1,X,1,K,21,R,1,"L1:[sp=Y,4] X=120,Y=1,R=1,K=46,C=1,S=7 || L2:[sp=X,67] Y=1,S=2,C=1,X=1,K=21,R=1",-3302209.0,-163323000.0,1,Y|X,1
Y,4,K,46,X,190,R,1,C,3,Y,1,S,2,X,67,K,21,R,1,C,1,Y,1,S,1,X,1,"L1:[sp=Y,4] K=46,X=190,R=1,C=3,Y=1,S=2 || L2:[sp=X,67] K=21,R=1,C=1,Y=1,S=1,X=1",-3305345.0,-163323000.0,1,Y|X,1
Y,4,X,190,K,46,R,1,C,2,Y,1,S,3,X,67,Y,1,S,1,C,1,X,1,K,21,R,1,"L1:[sp=Y,4] X=190,K=46,R=1,C=2,Y=1,S=3 || L2:[sp=X,67] Y=1,S=1,C=1,X=1,K=21,R=1",-3311617.0,-163323000.0,1,Y|X,1
Y,4,R,1,X,190,Y,1,K,46,C,1,S,3,X,67,Y,1,S,1,R,1,X,1,K,21,C,1,"L1:[sp=Y,4] R=1,X=190,Y=1,K=46,C=1,S=3 || L2:[sp=X,67] Y=1,S=1,R=1,X=1,K=21,C=1",-3321025.0,-163323000.0,1,Y|X,1
Y,4,X,120,K,46,R,1,C,1,Y,1,S,2,X,67,Y,1,S,1,C,1,X,1,K,21,R,1,"L1:[sp=Y,4] X=120,K=46,R=1,C=1,Y=1,S=2 || L2:[sp=X,67] Y=1,S=1,C=1,X=1,K=21,R=1",-3330433.0,-163323000.0,1,Y|X,1
Y,4,C,1,Y,1,R,1,K,46,X,120,S,1,X,67,Y,1,S,1,C,1,X,1,K,21,R,1,"L1:[sp=Y,4] C=1,Y=1,R=1,K=46,X=120,S=1 || L2:[sp=X,67] Y=1,S=1,C=1,X=1,K=21,R=1",-3358657.0,-163323000.0,1,Y|X,1
Y,4,S,2,K,22,R,1,C,3,Y,1,X,190,X,67,X,1,R,1,C,1,Y,1,K,21,S,2,"L1:[sp=Y,4] S=2,K=22,R=1,C=3,Y=1,X=190 || L2:[sp=X,67] X=1,R=1,C=1,Y=1,K=21,S=2",-3405697.0,-163323000.0,1,Y|X,1
X,4,C,3,Y,222,X,223,R,2,S,5,K,27,C,1,K,1,X,1,C,1,R,2,Y,1,S,5,"L1:[sp=X,4] C=3,Y=222,X=223,R=2,S=5,K=27 || L2:[sp=C,1] K=1,X=1,C=1,R=2,Y=1,S=5",-3425329.0,-163323000.0,1,X|C,1
Y,4,R,5,Y,222,X,223,S,2,K,1,C,3,K,1,Y,1,C,1,R,5,S,2,K,1,X,1,"L1:[sp=Y,4] R=5,Y=222,X=223,S=2,K=1,C=3 || L2:[sp=K,1] Y=1,C=1,R=5,S=2,K=1,X=1",-3425793.0,-163323000.0,1,Y|K,1
C,4,R,2,K,1,S,5,Y,222,X,223,C,3,K,1,Y,1,C,1,X,1,S,5,R,2,K,1,"L1:[sp=C,4] R=2,K=1,S=5,Y=222,X=223,C=3 || L2:[sp=K,1] Y=1,C=1,X=1,S=5,R=2,K=1",-3426305.0,-163323000.0,1,C|K,1
Y,4,K,47,C,2,S,3,Y,1,X,195,R,1,X,67,S,1,Y,1,R,1,X,1,K,21,C,1,"L1:[sp=Y,4] K=47,C=2,S=3,Y=1,X=195,R=1 || L2:[sp=X,67] S=1,Y=1,R=1,X=1,K=21,C=1",-3443329.0,-163323000.0,1,Y|X,1
X,4,C,2,R,3,X,223,Y,222,S,6,K,27,C,1,K,1,Y,1,R,3,C,1,X,1,S,3,"L1:[sp=X,4] C=2,R=3,X=223,Y=222,S=6,K=27 || L2:[sp=C,1] K=1,Y=1,R=3,C=1,X=1,S=3",-3452581.0,-163323000.0,1,X|C,1
Y,4,K,47,X,120,S,3,Y,1,C,1,R,1,X,67,S,1,Y,1,C,1,X,1,K,21,R,1,"L1:[sp=Y,4] K=47,X=120,S=3,Y=1,C=1,R=1 || L2:[sp=X,67] S=1,Y=1,C=1,X=1,K=21,R=1",-3452737.0,-163323000.0,1,Y|X,1
Y,4,K,47,R,1,S,3,Y,1,C,1,X,120,X,67,S,2,Y,1,C,1,X,1,K,21,R,1,"L1:[sp=Y,4] K=47,R=1,S=3,Y=1,C=1,X=120 || L2:[sp=X,67] S=2,Y=1,C=1,X=1,K=21,R=1",-3452737.0,-163323000.0,1,Y|X,1
Y,4,K,47,C,1,S,3,Y,1,R,1,X,120,X,67,S,2,Y,1,C,1,X,1,K,21,R,1,"L1:[sp=Y,4] K=47,C=1,S=3,Y=1,R=1,X=120 || L2:[sp=X,67] S=2,Y=1,C=1,X=1,K=21,R=1",-3452737.0,-163323000.0,1,Y|X,1
X,4,C,2,S,6,Y,222,R,4,X,191,K,19,K,28,S,1,C,1,R,3,Y,1,K,10,X,2,"L1:[sp=X,4] C=2,S=6,Y=222,R=4,X=191,K=19 || L2:[sp=K,28] S=1,C=1,R=3,Y=1,K=10,X=2",-3457473.0,-163323000.0,1,X|K,1
Y,4,X,24,C,1,S,3,Y,1,R,1,K,47,X,6,S,2,Y,1,C,1,X,1,K,21,R,1,"L1:[sp=Y,4] X=24,C=1,S=3,Y=1,R=1,K=47 || L2:[sp=X,6] S=2,Y=1,C=1,X=1,K=21,R=1",-3495745.0,-163324000.0,1,Y|X,1
Y,4,X,190,K,46,R,1,C,3,Y,1,S,3,X,67,K,39,R,1,C,1,Y,1,S,1,X,1,"L1:[sp=Y,4] X=190,K=46,R=1,C=3,Y=1,S=3 || L2:[sp=X,67] K=39,R=1,C=1,Y=1,S=1,X=1",-3499777.0,-163323000.0,1,Y|X,1
X,4,Y,222,S,6,K,1,R,7,X,161,C,3,Y,4,Y,1,C,2,R,4,S,4,K,1,X,1,"L1:[sp=X,4] Y=222,S=6,K=1,R=7,X=161,C=3 || L2:[sp=Y,4] Y=1,C=2,R=4,S=4,K=1,X=1",-3505281.0,-163323000.0,1,X|Y,1
Y,4,X,207,K,46,R,1,C,1,Y,1,S,5,X,67,Y,1,R,1,C,1,X,1,K,21,S,4,"L1:[sp=Y,4] X=207,K=46,R=1,C=1,Y=1,S=5 || L2:[sp=X,67] Y=1,R=1,C=1,X=1,K=21,S=4",-3546817.0,-163324000.0,1,Y|X,1
Y,4,X,190,K,45,R,1,C,2,Y,1,S,3,X,67,Y,1,S,1,C,1,X,1,K,36,R,1,"L1:[sp=Y,4] X=190,K=45,R=1,C=2,Y=1,S=3 || L2:[sp=X,67] Y=1,S=1,C=1,X=1,K=36,R=1",-3575041.0,-163323000.0,1,Y|X,1
Y,4,C,2,K,45,R,1,X,190,Y,1,S,3,X,67,Y,1,S,1,C,1,X,1,K,36,R,1,"L1:[sp=Y,4] C=2,K=45,R=1,X=190,Y=1,S=3 || L2:[sp=X,67] Y=1,S=1,C=1,X=1,K=36,R=1",-3575041.0,-163323000.0,1,Y|X,1
Y,4,X,190,C,2,R,1,K,45,Y,1,S,3,X,67,Y,1,S,1,K,36,X,1,C,1,R,1,"L1:[sp=Y,4] X=190,C=2,R=1,K=45,Y=1,S=3 || L2:[sp=X,67] Y=1,S=1,K=36,X=1,C=1,R=1",-3575041.0,-163323000.0,1,Y|X,1
K,4,C,2,S,6,X,199,R,4,Y,222,K,27,K,1,K,1,R,1,C,2,Y,1,X,70,S,3,"L1:[sp=K,4] C=2,S=6,X=199,R=4,Y=222,K=27 || L2:[sp=K,1] K=1,R=1,C=2,Y=1,X=70,S=3",-3592529.0,-163323000.0,1,K|K,1
Y,4,X,120,K,46,R,1,C,1,Y,1,S,2,X,67,Y,1,R,1,C,1,X,1,K,19,S,1,"L1:[sp=Y,4] X=120,K=46,R=1,C=1,Y=1,S=2 || L2:[sp=X,67] Y=1,R=1,C=1,X=1,K=19,S=1",-3593857.0,-163323000.0,1,Y|X,1
Y,4,X,120,C,2,R,1,K,45,Y,1,S,4,X,67,Y,1,S,4,C,1,X,1,K,21,R,1,"L1:[sp=Y,4] X=120,C=2,R=1,K=45,Y=1,S=4 || L2:[sp=X,67] Y=1,S=4,C=1,X=1,K=21,R=1",-3625217.0,-163323000.0,1,Y|X,1
Y,4,K,22,X,190,R,1,C,3,S,5,Y,1,X,67,K,6,R,1,C,2,Y,1,S,4,X,1,"L1:[sp=Y,4] K=22,X=190,R=1,C=3,S=5,Y=1 || L2:[sp=X,67] K=6,R=1,C=2,Y=1,S=4,X=1",-3734977.0,-163323000.0,1,Y|X,1
K,4,C,3,S,5,K,27,R,4,Y,222,X,185,C,1,K,1,R,3,C,1,Y,1,X,1,S,5,"L1:[sp=K,4] C=3,S=5,K=27,R=4,Y=222,X=185 || L2:[sp=C,1] K=1,R=3,C=1,Y=1,X=1,S=5",-3742209.0,-163323000.0,1,K|C,1
Y,4,X,120,Y,1,R,1,K,46,C,1,S,6,X,67,Y,1,S,4,C,1,X,1,K,21,R,1,"L1:[sp=Y,4] X=120,Y=1,R=1,K=46,C=1,S=6 || L2:[sp=X,67] Y=1,S=4,C=1,X=1,K=21,R=1",-3782017.0,-163323000.0,1,Y|X,1
Y,4,X,120,Y,1,R,1,K,46,C,1,S,6,X,67,C,1,S,4,Y,1,X,1,K,21,R,1,"L1:[sp=Y,4] X=120,Y=1,R=1,K=46,C=1,S=6 || L2:[sp=X,67] C=1,S=4,Y=1,X=1,K=21,R=1",-3782017.0,-163323000.0,1,Y|X,1
Y,4,Y,222,S,5,K,1,R,6,X,10,C,3,K,4,Y,1,C,1,R,3,S,5,K,1,X,1,"L1:[sp=Y,4] Y=222,S=5,K=1,R=6,X=10,C=3 || L2:[sp=K,4] Y=1,C=1,R=3,S=5,K=1,X=1",-3807233.0,-163323000.0,1,Y|K,1
K,4,X,207,K,22,R,1,C,3,Y,1,S,2,X,67,S,1,R,1,C,1,Y,1,X,1,K,21,"L1:[sp=K,4] X=207,K=22,R=1,C=3,Y=1,S=2 || L2:[sp=X,67] S=1,R=1,C=1,Y=1,X=1,K=21",-3811809.0,-163323000.0,1,K|X,1
K,4,X,197,K,22,Y,1,C,1,R,1,S,6,X,67,S,1,R,1,X,1,Y,1,K,21,C,1,"L1:[sp=K,4] X=197,K=22,Y=1,C=1,R=1,S=6 || L2:[sp=X,67] S=1,R=1,X=1,Y=1,K=21,C=1",-3824353.0,-163323000.0,1,K|X,1
X,4,K,47,Y,2,X,120,S,3,R,1,C,1,X,67,S,1,Y,1,C,1,X,1,K,18,R,1,"L1:[sp=X,4] K=47,Y=2,X=120,S=3,R=1,C=1 || L2:[sp=X,67] S=1,Y=1,C=1,X=1,K=18,R=1",-3833761.0,-163323000.0,1,X|X,1
Y,4,K,47,Y,1,X,111,S,3,R,1,C,1,X,67,S,2,Y,1,C,1,X,1,K,18,R,1,"L1:[sp=Y,4] K=47,Y=1,X=111,S=3,R=1,C=1 || L2:[sp=X,67] S=2,Y=1,C=1,X=1,K=18,R=1",-3847873.0,-163323000.0,1,Y|X,1
Y,4,K,47,Y,1,C,1,S,3,R,1,X,111,X,67,S,2,Y,1,C,1,X,1,K,18,R,1,"L1:[sp=Y,4] K=47,Y=1,C=1,S=3,R=1,X=111 || L2:[sp=X,67] S=2,Y=1,C=1,X=1,K=18,R=1",-3847873.0,-163323000.0,1,Y|X,1
Y,4,X,120,K,53,S,5,R,1,Y,1,C,1,X,67,Y,1,R,1,C,1,X,1,K,19,S,4,"L1:[sp=Y,4] X=120,K=53,S=5,R=1,Y=1,C=1 || L2:[sp=X,67] Y=1,R=1,C=1,X=1,K=19,S=4",-3857281.0,-163323000.0,1,Y|X,1
X,4,R,6,X,223,C,3,S,5,K,55,Y,179,X,8,X,1,R,6,Y,1,C,1,K,8,S,1,"L1:[sp=X,4] R=6,X=223,C=3,S=5,K=55,Y=179 || L2:[sp=X,8] X=1,R=6,Y=1,C=1,K=8,S=1",-3863177.0,-163323000.0,1,X|X,1
Y,4,X,207,K,45,R,1,C,2,Y,1,S,5,X,67,Y,1,S,2,C,1,X,1,K,21,R,1,"L1:[sp=Y,4] X=207,K=45,R=1,C=2,Y=1,S=5 || L2:[sp=X,67] Y=1,S=2,C=1,X=1,K=21,R=1",-3963905.0,-163323000.0,1,Y|X,1
Y,4,X,207,K,45,R,1,C,2,S,5,Y,1,X,67,Y,1,S,2,C,1,X,1,K,21,R,1,"L1:[sp=Y,4] X=207,K=45,R=1,C=2,S=5,Y=1 || L2:[sp=X,67] Y=1,S=2,C=1,X=1,K=21,R=1",-3963905.0,-163323000.0,1,Y|X,1
Y,4,C,2,K,45,R,1,X,190,Y,1,S,3,X,67,C,1,S,1,Y,1,X,1,K,10,R,1,"L1:[sp=Y,4] C=2,K=45,R=1,X=190,Y=1,S=3 || L2:[sp=X,67] C=1,S=1,Y=1,X=1,K=10,R=1",-3970177.0,-163323000.0,1,Y|X,1
Y,4,X,207,K,45,R,1,C,2,Y,1,S,2,X,67,Y,1,S,1,C,1,X,1,K,21,R,1,"L1:[sp=Y,4] X=207,K=45,R=1,C=2,Y=1,S=2 || L2:[sp=X,67] Y=1,S=1,C=1,X=1,K=21,R=1",-3976449.0,-163323000.0,1,Y|X,1
C,4,X,207,K,22,R,1,C,1,Y,1,S,5,X,84,X,1,R,1,C,1,Y,1,K,21,S,1,"L1:[sp=C,4] X=207,K=22,R=1,C=1,Y=1,S=5 || L2:[sp=X,84] X=1,R=1,C=1,Y=1,K=21,S=1",-3988993.0,-163323000.0,1,C|X,1
C,4,X,197,K,22,R,1,C,1,Y,1,S,2,X,67,X,1,R,1,C,1,Y,1,K,21,S,1,"L1:[sp=C,4] X=197,K=22,R=1,C=1,Y=1,S=2 || L2:[sp=X,67] X=1,R=1,C=1,Y=1,K=21,S=1",-4026625.0,-163323000.0,1,C|X,1
C,4,X,197,K,22,R,1,C,1,Y,1,S,2,X,84,X,1,R,1,C,1,Y,1,K,21,S,1,"L1:[sp=C,4] X=197,K=22,R=1,C=1,Y=1,S=2 || L2:[sp=X,84] X=1,R=1,C=1,Y=1,K=21,S=1",-4026625.0,-163323000.0,1,C|X,1
K,4,S,3,X,19,R,5,C,2,Y,222,K,44,K,1,S,2,R,1,X,1,K,34,Y,1,C,2,"L1:[sp=K,4] S=3,X=19,R=5,C=2,Y=222,K=44 || L2:[sp=K,1] S=2,R=1,X=1,K=34,Y=1,C=2",-4036177.0,-163323000.0,1,K|K,1
Y,4,K,57,S,3,C,1,X,222,R,1,Y,1,X,67,S,1,Y,1,C,1,X,1,K,4,R,1,"L1:[sp=Y,4] K=57,S=3,C=1,X=222,R=1,Y=1 || L2:[sp=X,67] S=1,Y=1,C=1,X=1,K=4,R=1",-4097185.0,-163323000.0,1,Y|X,1
Y,4,C,2,K,56,R,1,X,190,Y,1,S,3,X,67,C,1,S,1,Y,1,X,1,K,10,R,1,"L1:[sp=Y,4] C=2,K=56,R=1,X=190,Y=1,S=3 || L2:[sp=X,67] C=1,S=1,Y=1,X=1,K=10,R=1",-4101889.0,-163323000.0,1,Y|X,1
X,4,K,57,S,5,C,1,X,222,R,1,Y,1,Y,67,S,1,Y,1,C,1,X,1,K,4,R,1,"L1:[sp=X,4] K=57,S=5,C=1,X=222,R=1,Y=1 || L2:[sp=Y,67] S=1,Y=1,C=1,X=1,K=4,R=1",-4101889.0,-163323000.0,1,X|Y,1
Y,4,K,57,Y,1,C,1,X,120,R,1,S,3,X,67,S,1,Y,1,C,1,X,1,K,4,R,1,"L1:[sp=Y,4] K=57,Y=1,C=1,X=120,R=1,S=3 || L2:[sp=X,67] S=1,Y=1,C=1,X=1,K=4,R=1",-4111297.0,-163323000.0,1,Y|X,1
Y,4,K,57,S,3,C,1,R,1,X,160,Y,1,X,67,S,1,Y,1,C,1,X,1,K,4,R,1,"L1:[sp=Y,4] K=57,S=3,C=1,R=1,X=160,Y=1 || L2:[sp=X,67] S=1,Y=1,C=1,X=1,K=4,R=1",-4111297.0,-163323000.0,1,Y|X,1
C,4,C,3,K,27,X,68,S,5,Y,222,R,5,X,1,K,1,R,1,C,1,Y,1,S,1,X,68,"L1:[sp=C,4] C=3,K=27,X=68,S=5,Y=222,R=5 || L2:[sp=X,1] K=1,R=1,C=1,Y=1,S=1,X=68",-4139569.0,-163323000.0,1,C|X,1
K,4,Y,222,K,19,R,4,C,3,X,151,S,6,Y,168,S,6,Y,1,R,2,X,1,K,10,C,1,"L1:[sp=K,4] Y=222,K=19,R=4,C=3,X=151,S=6 || L2:[sp=Y,168] S=6,Y=1,R=2,X=1,K=10,C=1",-4162785.0,-163324000.0,1,K|Y,1
K,4,X,223,R,4,C,1,K,25,S,6,Y,124,C,1,K,1,Y,1,S,5,C,1,X,1,R,1,"L1:[sp=K,4] X=223,R=4,C=1,K=25,S=6,Y=124 || L2:[sp=C,1] K=1,Y=1,S=5,C=1,X=1,R=1",-4171150.0,-163323000.0,1,K|C,1
Y,4,Y,222,R,5,X,170,K,1,S,7,C,3,C,1,Y,1,S,5,R,1,C,1,X,1,K,1,"L1:[sp=Y,4] Y=222,R=5,X=170,K=1,S=7,C=3 || L2:[sp=C,1] Y=1,S=5,R=1,C=1,X=1,K=1",-4177409.0,-163323000.0,1,Y|C,1
Y,4,S,7,Y,1,R,1,K,46,C,3,X,111,X,67,S,3,Y,1,C,1,X,1,K,1,R,1,"L1:[sp=Y,4] S=7,Y=1,R=1,K=46,C=3,X=111 || L2:[sp=X,67] S=3,Y=1,C=1,X=1,K=1,R=1",-4217921.0,-163323000.0,1,Y|X,1
Y,4,X,111,Y,1,R,1,K,46,C,3,S,6,X,67,S,1,Y,1,C,1,X,1,K,1,R,1,"L1:[sp=Y,4] X=111,Y=1,R=1,K=46,C=3,S=6 || L2:[sp=X,67] S=1,Y=1,C=1,X=1,K=1,R=1",-4221057.0,-163323000.0,1,Y|X,1
Y,4,S,4,Y,1,R,1,K,46,C,3,X,111,X,67,S,1,Y,1,C,1,X,1,K,1,R,1,"L1:[sp=Y,4] S=4,Y=1,R=1,K=46,C=3,X=111 || L2:[sp=X,67] S=1,Y=1,C=1,X=1,K=1,R=1",-4221057.0,-163323000.0,1,Y|X,1
Y,4,K,36,R,1,C,3,X,162,Y,1,S,5,X,67,S,1,Y,1,R,1,K,4,X,1,C,1,"L1:[sp=Y,4] K=36,R=1,C=3,X=162,Y=1,S=5 || L2:[sp=X,67] S=1,Y=1,R=1,K=4,X=1,C=1",-4221057.0,-163323000.0,1,Y|X,1
Y,4,X,111,Y,1,R,1,K,46,C,3,S,3,X,67,S,1,Y,1,C,1,X,1,K,1,R,1,"L1:[sp=Y,4] X=111,Y=1,R=1,K=46,C=3,S=3 || L2:[sp=X,67] S=1,Y=1,C=1,X=1,K=1,R=1",-4224193.0,-163323000.0,1,Y|X,1
Y,4,X,111,Y,1,R,1,K,46,C,3,S,3,X,67,S,1,C,1,Y,1,X,1,K,1,R,1,"L1:[sp=Y,4] X=111,Y=1,R=1,K=46,C=3,S=3 || L2:[sp=X,67] S=1,C=1,Y=1,X=1,K=1,R=1",-4224193.0,-163323000.0,1,Y|X,1
Y,4,K,47,Y,1,S,7,X,120,C,1,R,1,X,67,S,3,Y,1,C,1,X,1,K,1,R,1,"L1:[sp=Y,4] K=47,Y=1,S=7,X=120,C=1,R=1 || L2:[sp=X,67] S=3,Y=1,C=1,X=1,K=1,R=1",-4224193.0,-163323000.0,1,Y|X,1
Y,4,K,47,Y,1,R,1,X,111,C,1,S,7,X,67,S,3,Y,1,C,1,X,1,K,1,R,1,"L1:[sp=Y,4] K=47,Y=1,R=1,X=111,C=1,S=7 || L2:[sp=X,67] S=3,Y=1,C=1,X=1,K=1,R=1",-4224193.0,-163323000.0,1,Y|X,1
Y,4,K,47,Y,1,R,1,X,120,S,7,C,1,X,67,R,1,Y,1,C,1,X,1,K,1,S,7,"L1:[sp=Y,4] K=47,Y=1,R=1,X=120,S=7,C=1 || L2:[sp=X,67] R=1,Y=1,C=1,X=1,K=1,S=7",-4224193.0,-163323000.0,1,Y|X,1
Y,4,K,36,Y,1,C,3,X,120,R,1,S,3,X,67,S,1,Y,1,C,1,X,1,K,4,R,1,"L1:[sp=Y,4] K=36,Y=1,C=3,X=120,R=1,S=3 || L2:[sp=X,67] S=1,Y=1,C=1,X=1,K=4,R=1",-4224193.0,-163323000.0,1,Y|X,1
Y,4,K,36,R,1,C,3,X,160,Y,1,S,3,X,67,S,1,Y,1,C,1,X,1,K,4,R,1,"L1:[sp=Y,4] K=36,R=1,C=3,X=160,Y=1,S=3 || L2:[sp=X,67] S=1,Y=1,C=1,X=1,K=4,R=1",-4224193.0,-163323000.0,1,Y|X,1
Y,4,S,7,C,1,K,46,R,1,Y,1,X,120,X,67,S,7,Y,1,X,1,C,1,K,1,R,1,"L1:[sp=Y,4] S=7,C=1,K=46,R=1,Y=1,X=120 || L2:[sp=X,67] S=7,Y=1,X=1,C=1,K=1,R=1",-4224193.0,-163323000.0,1,Y|X,1
Y,4,K,36,R,1,C,3,X,120,Y,1,S,3,X,67,S,1,Y,1,C,1,K,4,X,1,R,1,"L1:[sp=Y,4] K=36,R=1,C=3,X=120,Y=1,S=3 || L2:[sp=X,67] S=1,Y=1,C=1,K=4,X=1,R=1",-4224193.0,-163323000.0,1,Y|X,1
Y,4,K,36,R,1,C,3,X,120,Y,1,S,3,X,67,S,1,Y,1,R,1,K,4,X,1,C,1,"L1:[sp=Y,4] K=36,R=1,C=3,X=120,Y=1,S=3 || L2:[sp=X,67] S=1,Y=1,R=1,K=4,X=1,C=1",-4224193.0,-163323000.0,1,Y|X,1
Y,4,S,2,Y,1,R,1,C,3,X,197,K,34,X,67,S,1,R,1,C,3,Y,1,K,1,X,1,"L1:[sp=Y,4] S=2,Y=1,R=1,C=3,X=197,K=34 || L2:[sp=X,67] S=1,R=1,C=3,Y=1,K=1,X=1",-4227329.0,-163323000.0,1,Y|X,1
Y,4,K,47,Y,1,X,111,S,4,C,2,R,1,X,67,S,1,Y,1,C,1,X,1,K,1,R,1,"L1:[sp=Y,4] K=47,Y=1,X=111,S=4,C=2,R=1 || L2:[sp=X,67] S=1,Y=1,C=1,X=1,K=1,R=1",-4227329.0,-163323000.0,1,Y|X,1
X,4,K,47,Y,2,R,1,X,120,S,3,C,1,X,67,R,1,Y,1,C,1,X,1,K,1,S,1,"L1:[sp=X,4] K=47,Y=2,R=1,X=120,S=3,C=1 || L2:[sp=X,67] R=1,Y=1,C=1,X=1,K=1,S=1",-4228897.0,-163323000.0,1,X|X,1
X,4,K,47,Y,2,R,1,X,120,S,3,C,1,X,67,R,1,Y,1,C,1,S,1,K,1,X,1,"L1:[sp=X,4] K=47,Y=2,R=1,X=120,S=3,C=1 || L2:[sp=X,67] R=1,Y=1,C=1,S=1,K=1,X=1",-4228897.0,-163323000.0,1,X|X,1
Y,4,X,190,Y,1,R,1,K,32,C,2,S,3,X,67,Y,1,S,1,C,1,X,1,K,21,R,1,"L1:[sp=Y,4] X=190,Y=1,R=1,K=32,C=2,S=3 || L2:[sp=X,67] Y=1,S=1,C=1,X=1,K=21,R=1",-4233601.0,-163323000.0,1,Y|X,1
Y,4,X,120,C,2,R,1,K,45,Y,1,S,3,X,67,Y,1,S,1,C,2,X,1,K,21,R,1,"L1:[sp=Y,4] X=120,C=2,R=1,K=45,Y=1,S=3 || L2:[sp=X,67] Y=1,S=1,C=2,X=1,K=21,R=1",-4233601.0,-163323000.0,1,Y|X,1
Y,4,X,190,C,1,S,5,R,1,Y,1,K,53,X,67,C,1,R,1,Y,1,X,1,K,7,S,2,"L1:[sp=Y,4] X=190,C=1,S=5,R=1,Y=1,K=53 || L2:[sp=X,67] C=1,R=1,Y=1,X=1,K=7,S=2",-4233601.0,-163323000.0,1,Y|X,1
Y,4,K,47,Y,1,R,1,X,120,C,1,S,4,X,67,S,1,Y,1,C,1,X,1,K,1,R,1,"L1:[sp=Y,4] K=47,Y=1,R=1,X=120,C=1,S=4 || L2:[sp=X,67] S=1,Y=1,C=1,X=1,K=1,R=1",-4233601.0,-163323000.0,1,Y|X,1
Y,4,S,3,Y,1,R,1,K,46,C,2,X,111,X,67,S,1,Y,1,C,1,X,1,K,1,R,1,"L1:[sp=Y,4] S=3,Y=1,R=1,K=46,C=2,X=111 || L2:[sp=X,67] S=1,Y=1,C=1,X=1,K=1,R=1",-4233601.0,-163323000.0,1,Y|X,1
Y,4,S,4,Y,1,X,111,K,46,C,1,R,1,X,67,S,1,Y,1,C,1,X,1,K,1,R,1,"L1:[sp=Y,4] S=4,Y=1,X=111,K=46,C=1,R=1 || L2:[sp=X,67] S=1,Y=1,C=1,X=1,K=1,R=1",-4233601.0,-163323000.0,1,Y|X,1
Y,4,K,47,Y,1,R,1,X,120,C,3,S,1,X,67,S,1,Y,1,C,2,X,1,K,1,R,1,"L1:[sp=Y,4] K=47,Y=1,R=1,X=120,C=3,S=1 || L2:[sp=X,67] S=1,Y=1,C=2,X=1,K=1,R=1",-4236737.0,-163323000.0,1,Y|X,1
Y,4,K,47,Y,1,R,1,X,120,C,1,S,3,X,67,S,1,Y,1,C,1,X,1,K,1,R,1,"L1:[sp=Y,4] K=47,Y=1,R=1,X=120,C=1,S=3 || L2:[sp=X,67] S=1,Y=1,C=1,X=1,K=1,R=1",-4243009.0,-163323000.0,1,Y|X,1
Y,4,S,3,Y,1,K,46,R,1,C,1,X,111,X,67,S,1,Y,1,X,1,C,1,K,1,R,1,"L1:[sp=Y,4] S=3,Y=1,K=46,R=1,C=1,X=111 || L2:[sp=X,67] S=1,Y=1,X=1,C=1,K=1,R=1",-4243009.0,-163323000.0,1,Y|X,1
X,4,K,47,Y,1,R,1,X,120,S,3,C,1,X,67,R,1,Y,1,C,1,X,1,K,1,S,1,"L1:[sp=X,4] K=47,Y=1,R=1,X=120,S=3,C=1 || L2:[sp=X,67] R=1,Y=1,C=1,X=1,K=1,S=1",-4243009.0,-163323000.0,1,X|X,1
Y,4,K,47,Y,1,R,1,X,111,S,3,C,1,X,67,R,1,Y,1,C,1,X,1,K,1,S,1,"L1:[sp=Y,4] K=47,Y=1,R=1,X=111,S=3,C=1 || L2:[sp=X,67] R=1,Y=1,C=1,X=1,K=1,S=1",-4243009.0,-163323000.0,1,Y|X,1
Y,4,K,46,Y,1,X,111,S,3,C,1,R,1,X,67,C,1,Y,1,S,1,X,1,K,6,R,1,"L1:[sp=Y,4] K=46,Y=1,X=111,S=3,C=1,R=1 || L2:[sp=X,67] C=1,Y=1,S=1,X=1,K=6,R=1",-4243009.0,-163323000.0,1,Y|X,1
Y,4,K,47,Y,1,X,111,S,3,C,1,R,1,X,67,S,2,Y,1,C,1,X,1,K,1,R,1,"L1:[sp=Y,4] K=47,Y=1,X=111,S=3,C=1,R=1 || L2:[sp=X,67] S=2,Y=1,C=1,X=1,K=1,R=1",-4243009.0,-163323000.0,1,Y|X,1
X,4,K,46,Y,1,X,111,S,3,C,1,R,1,X,67,C,1,Y,1,S,2,X,1,K,6,R,1,"L1:[sp=X,4] K=46,Y=1,X=111,S=3,C=1,R=1 || L2:[sp=X,67] C=1,Y=1,S=2,X=1,K=6,R=1",-4243009.0,-163323000.0,1,X|X,1
K,4,X,221,R,4,C,1,K,27,S,5,Y,87,K,3,K,1,Y,1,C,1,R,1,X,70,S,1,"L1:[sp=K,4] X=221,R=4,C=1,K=27,S=5,Y=87 || L2:[sp=K,3] K=1,Y=1,C=1,R=1,X=70,S=1",-4260097.0,-163323000.0,1,K|K,1
Y,4,S,3,K,7,R,1,C,3,Y,1,X,197,X,67,S,1,R,1,C,1,Y,1,K,1,X,1,"L1:[sp=Y,4] S=3,K=7,R=1,C=3,Y=1,X=197 || L2:[sp=X,67] S=1,R=1,C=1,Y=1,K=1,X=1",-4261825.0,-163323000.0,1,Y|X,1
Y,4,S,2,Y,1,R,1,C,3,K,7,X,197,X,67,S,1,R,1,C,1,Y,1,K,1,X,1,"L1:[sp=Y,4] S=2,Y=1,R=1,C=3,K=7,X=197 || L2:[sp=X,67] S=1,R=1,C=1,Y=1,K=1,X=1",-4277505.0,-163323000.0,1,Y|X,1
Y,4,S,2,Y,1,R,1,C,3,X,197,K,7,X,67,S,1,R,1,C,1,Y,1,K,1,X,1,"L1:[sp=Y,4] S=2,Y=1,R=1,C=3,X=197,K=7 || L2:[sp=X,67] S=1,R=1,C=1,Y=1,K=1,X=1",-4277505.0,-163323000.0,1,Y|X,1
Y,4,S,2,K,7,R,1,C,3,Y,1,X,197,X,67,X,1,R,1,C,1,Y,1,K,1,S,1,"L1:[sp=Y,4] S=2,K=7,R=1,C=3,Y=1,X=197 || L2:[sp=X,67] X=1,R=1,C=1,Y=1,K=1,S=1",-4277505.0,-163323000.0,1,Y|X,1
Y,4,K,7,Y,1,R,1,C,3,S,2,X,197,X,67,S,1,R,1,C,1,Y,1,K,1,X,1,"L1:[sp=Y,4] K=7,Y=1,R=1,C=3,S=2,X=197 || L2:[sp=X,67] S=1,R=1,C=1,Y=1,K=1,X=1",-4277505.0,-163323000.0,1,Y|X,1
Y,4,S,2,K,7,R,1,C,3,Y,1,X,197,X,67,S,1,Y,1,C,1,R,1,K,1,X,1,"L1:[sp=Y,4] S=2,K=7,R=1,C=3,Y=1,X=197 || L2:[sp=X,67] S=1,Y=1,C=1,R=1,K=1,X=1",-4277505.0,-163323000.0,1,Y|X,1
X,4,K,1,R,5,S,5,Y,136,X,223,C,1,C,1,Y,1,R,1,X,1,S,2,K,1,C,1,"L1:[sp=X,4] K=1,R=5,S=5,Y=136,X=223,C=1 || L2:[sp=C,1] Y=1,R=1,X=1,S=2,K=1,C=1",-4291585.0,-163323000.0,1,X|C,1
Y,4,S,1,Y,1,R,1,C,3,X,197,K,7,X,67,S,1,R,1,C,1,Y,1,K,1,X,1,"L1:[sp=Y,4] S=1,Y=1,R=1,C=3,X=197,K=7 || L2:[sp=X,67] S=1,R=1,C=1,Y=1,K=1,X=1",-4324545.0,-163323000.0,1,Y|X,1
Y,4,S,1,Y,1,R,1,C,3,X,197,K,7,X,67,S,1,R,1,X,1,Y,1,K,1,C,1,"L1:[sp=Y,4] S=1,Y=1,R=1,C=3,X=197,K=7 || L2:[sp=X,67] S=1,R=1,X=1,Y=1,K=1,C=1",-4324545.0,-163323000.0,1,Y|X,1
Y,4,S,1,K,7,R,1,C,3,Y,1,X,197,X,67,S,1,Y,1,C,1,R,1,K,1,X,1,"L1:[sp=Y,4] S=1,K=7,R=1,C=3,Y=1,X=197 || L2:[sp=X,67] S=1,Y=1,C=1,R=1,K=1,X=1",-4324545.0,-163323000.0,1,Y|X,1
Y,4,S,2,Y,1,R,1,C,3,K,7,X,197,X,67,X,1,R,1,C,1,K,5,Y,1,S,1,"L1:[sp=Y,4] S=2,Y=1,R=1,C=3,K=7,X=197 || L2:[sp=X,67] X=1,R=1,C=1,K=5,Y=1,S=1",-4343361.0,-163323000.0,1,Y|X,1
Y,142,S,1,C,1,X,1,R,1,K,39,Y,1,C,1,K,1,S,1,Y,1,C,1,X,1,R,1,"L1:[sp=Y,142] S=1,C=1,X=1,R=1,K=39,Y=1 || L2:[sp=C,1] K=1,S=1,Y=1,C=1,X=1,R=1",-4346497.0,-163323000.0,1,Y|C,1
Y,142,S,1,R,1,X,1,C,1,K,39,Y,1,C,1,K,1,S,1,Y,1,C,1,X,1,R,1,"L1:[sp=Y,142] S=1,R=1,X=1,C=1,K=39,Y=1 || L2:[sp=C,1] K=1,S=1,Y=1,C=1,X=1,R=1",-4346497.0,-163323000.0,1,Y|C,1
Y,4,K,47,C,1,S,3,Y,1,R,1,X,46,X,67,S,2,Y,1,C,1,X,1,K,21,R,1,"L1:[sp=Y,4] K=47,C=1,S=3,Y=1,R=1,X=46 || L2:[sp=X,67] S=2,Y=1,C=1,X=1,K=21,R=1",-4351201.0,-163323000.0,1,Y|X,1
Y,4,K,47,C,1,S,3,Y,1,R,1,X,46,X,67,S,1,Y,1,C,1,X,1,K,21,R,1,"L1:[sp=Y,4] K=47,C=1,S=3,Y=1,R=1,X=46 || L2:[sp=X,67] S=1,Y=1,C=1,X=1,K=21,R=1",-4351201.0,-163323000.0,1,Y|X,1
Y,4,K,47,Y,1,S,7,X,120,R,1,C,1,X,67,S,7,Y,1,C,1,X,1,K,4,R,1,"L1:[sp=Y,4] K=47,Y=1,S=7,X=120,R=1,C=1 || L2:[sp=X,67] S=7,Y=1,C=1,X=1,K=4,R=1",-4355905.0,-163323000.0,1,Y|X,1
Y,4,K,47,Y,1,C,3,X,120,R,1,S,3,X,67,S,1,Y,1,C,1,X,1,K,4,R,1,"L1:[sp=Y,4] K=47,Y=1,C=3,X=120,R=1,S=3 || L2:[sp=X,67] S=1,Y=1,C=1,X=1,K=4,R=1",-4355905.0,-163323000.0,1,Y|X,1
Y,4,K,47,Y,1,S,7,X,111,R,1,C,1,X,67,S,3,Y,1,C,1,X,1,K,4,R,1,"L1:[sp=Y,4] K=47,Y=1,S=7,X=111,R=1,C=1 || L2:[sp=X,67] S=3,Y=1,C=1,X=1,K=4,R=1",-4355905.0,-163323000.0,1,Y|X,1
C,4,C,3,Y,222,K,27,R,4,S,1,X,221,K,1,K,1,R,1,C,1,Y,1,X,70,S,1,"L1:[sp=C,4] C=3,Y=222,K=27,R=4,S=1,X=221 || L2:[sp=K,1] K=1,R=1,C=1,Y=1,X=70,S=1",-4365397.0,-163323000.0,1,C|K,1
Y,4,K,47,Y,1,C,1,X,120,R,1,S,3,X,67,S,1,Y,1,C,1,X,1,K,4,R,1,"L1:[sp=Y,4] K=47,Y=1,C=1,X=120,R=1,S=3 || L2:[sp=X,67] S=1,Y=1,C=1,X=1,K=4,R=1",-4374721.0,-163323000.0,1,Y|X,1
Y,4,K,47,Y,1,R,1,X,120,C,1,S,3,X,67,S,1,Y,1,C,1,X,1,K,4,R,1,"L1:[sp=Y,4] K=47,Y=1,R=1,X=120,C=1,S=3 || L2:[sp=X,67] S=1,Y=1,C=1,X=1,K=4,R=1",-4374721.0,-163323000.0,1,Y|X,1
Y,4,S,2,K,7,R,1,C,3,Y,1,X,197,X,67,S,1,Y,1,C,1,R,1,K,4,X,1,"L1:[sp=Y,4] S=2,K=7,R=1,C=3,Y=1,X=197 || L2:[sp=X,67] S=1,Y=1,C=1,R=1,K=4,X=1",-4409217.0,-163323000.0,1,Y|X,1
Y,4,X,190,K,46,R,1,C,2,Y,1,S,3,X,67,Y,1,S,1,C,2,X,1,K,21,R,1,"L1:[sp=Y,4] X=190,K=46,R=1,C=2,Y=1,S=3 || L2:[sp=X,67] Y=1,S=1,C=2,X=1,K=21,R=1",-4409217.0,-163323000.0,1,Y|X,1
Y,4,X,190,K,46,R,1,C,2,Y,1,S,3,X,67,Y,1,S,2,C,2,X,1,K,21,R,1,"L1:[sp=Y,4] X=190,K=46,R=1,C=2,Y=1,S=3 || L2:[sp=X,67] Y=1,S=2,C=2,X=1,K=21,R=1",-4409217.0,-163323000.0,1,Y|X,1
Y,4,X,190,K,6,S,2,C,3,Y,1,R,1,X,67,K,6,R,1,C,1,Y,1,X,1,S,1,"L1:[sp=Y,4] X=190,K=6,S=2,C=3,Y=1,R=1 || L2:[sp=X,67] K=6,R=1,C=1,Y=1,X=1,S=1",-4415489.0,-163323000.0,1,Y|X,1
C,4,X,120,Y,1,R,1,K,46,C,1,S,3,X,67,C,1,S,1,Y,1,X,1,K,21,R,1,"L1:[sp=C,4] X=120,Y=1,R=1,K=46,C=1,S=3 || L2:[sp=X,67] C=1,S=1,Y=1,X=1,K=21,R=1",-4428033.0,-163323000.0,1,C|X,1
Y,4,X,207,K,46,R,1,C,1,Y,1,S,1,X,67,K,39,R,1,C,1,Y,1,S,1,X,1,"L1:[sp=Y,4] X=207,K=46,R=1,C=1,Y=1,S=1 || L2:[sp=X,67] K=39,R=1,C=1,Y=1,S=1,X=1",-4428817.0,-163323000.0,1,Y|X,1
K,4,X,223,R,2,C,1,K,27,S,6,Y,104,C,3,K,1,Y,1,R,1,C,1,X,1,S,5,"L1:[sp=K,4] X=223,R=2,C=1,K=27,S=6,Y=104 || L2:[sp=C,3] K=1,Y=1,R=1,C=1,X=1,S=5",-4485043.0,-163323000.0,1,K|C,1
Y,4,X,190,K,53,R,1,C,2,Y,1,S,3,X,67,Y,1,R,1,C,1,X,1,K,19,S,1,"L1:[sp=Y,4] X=190,K=53,R=1,C=2,Y=1,S=3 || L2:[sp=X,67] Y=1,R=1,C=1,X=1,K=19,S=1",-4497025.0,-163323000.0,1,Y|X,1
Y,4,X,120,K,53,Y,1,R,1,S,3,C,1,X,67,Y,1,R,1,C,1,X,1,K,19,S,1,"L1:[sp=Y,4] X=120,K=53,Y=1,R=1,S=3,C=1 || L2:[sp=X,67] Y=1,R=1,C=1,X=1,K=19,S=1",-4506433.0,-163323000.0,1,Y|X,1
Y,4,X,190,K,53,S,2,R,1,Y,1,C,1,X,67,Y,1,R,1,C,1,X,1,K,19,S,1,"L1:[sp=Y,4] X=190,K=53,S=2,R=1,Y=1,C=1 || L2:[sp=X,67] Y=1,R=1,C=1,X=1,K=19,S=1",-4515841.0,-163323000.0,1,Y|X,1
K,4,S,3,X,84,R,5,Y,26,C,3,K,2,Y,21,S,1,R,2,K,1,X,1,Y,1,C,2,"L1:[sp=K,4] S=3,X=84,R=5,Y=26,C=3,K=2 || L2:[sp=Y,21] S=1,R=2,K=1,X=1,Y=1,C=2",-4558825.0,-163324000.0,1,K|Y,1
C,4,X,190,K,22,R,1,C,1,Y,1,S,2,X,67,C,1,R,1,X,1,S,2,K,21,Y,1,"L1:[sp=C,4] X=190,K=22,R=1,C=1,Y=1,S=2 || L2:[sp=X,67] C=1,R=1,X=1,S=2,K=21,Y=1",-4591105.0,-163323000.0,1,C|X,1
Y,4,S,2,Y,1,R,1,C,3,K,7,X,197,X,67,X,1,R,1,S,1,K,7,Y,1,C,3,"L1:[sp=Y,4] S=2,Y=1,R=1,C=3,K=7,X=197 || L2:[sp=X,67] X=1,R=1,S=1,K=7,Y=1,C=3",-4672641.0,-163323000.0,1,Y|X,1
Y,4,R,1,Y,1,S,2,C,3,X,197,K,7,X,67,S,1,R,1,C,1,Y,1,K,7,X,1,"L1:[sp=Y,4] R=1,Y=1,S=2,C=3,X=197,K=7 || L2:[sp=X,67] S=1,R=1,C=1,Y=1,K=7,X=1",-4672641.0,-163323000.0,1,Y|X,1
Y,4,Y,1,C,2,S,2,K,57,R,1,X,122,X,67,X,1,S,1,Y,1,R,1,K,43,C,1,"L1:[sp=Y,4] Y=1,C=2,S=2,K=57,R=1,X=122 || L2:[sp=X,67] X=1,S=1,Y=1,R=1,K=43,C=1",-4700865.0,-163323000.0,1,Y|X,1
Y,4,X,120,K,36,S,7,R,1,C,3,Y,1,X,67,Y,1,R,1,C,1,X,1,K,19,S,2,"L1:[sp=Y,4] X=120,K=36,S=7,R=1,C=3,Y=1 || L2:[sp=X,67] Y=1,R=1,C=1,X=1,K=19,S=2",-4744769.0,-163323000.0,1,Y|X,1
Y,4,K,36,R,1,C,3,X,120,Y,1,S,3,X,67,S,1,Y,1,C,1,K,20,X,1,R,1,"L1:[sp=Y,4] K=36,R=1,C=3,X=120,Y=1,S=3 || L2:[sp=X,67] S=1,Y=1,C=1,K=20,X=1,R=1",-4751041.0,-163323000.0,1,Y|X,1
Y,4,S,2,Y,1,R,1,C,1,K,7,X,197,X,67,X,1,R,1,S,1,K,7,Y,1,C,1,"L1:[sp=Y,4] S=2,Y=1,R=1,C=1,K=7,X=197 || L2:[sp=X,67] X=1,R=1,S=1,K=7,Y=1,C=1",-4798081.0,-163323000.0,1,Y|X,1
Y,4,X,190,Y,1,R,1,K,18,C,1,S,3,X,67,Y,1,X,1,C,1,S,1,K,18,R,1,"L1:[sp=Y,4] X=190,Y=1,R=1,K=18,C=1,S=3 || L2:[sp=X,67] Y=1,X=1,C=1,S=1,K=18,R=1",-4798081.0,-163323000.0,1,Y|X,1
K,4,S,3,C,2,X,111,Y,11,R,2,K,2,X,21,S,2,C,2,X,1,K,1,Y,1,R,2,"L1:[sp=K,4] S=3,C=2,X=111,Y=11,R=2,K=2 || L2:[sp=X,21] S=2,C=2,X=1,K=1,Y=1,R=2",-4799425.0,-163323000.0,1,K|X,1
Y,4,X,207,K,34,R,1,C,3,Y,1,S,5,X,67,K,21,R,1,C,1,Y,1,X,1,S,4,"L1:[sp=Y,4] X=207,K=34,R=1,C=3,Y=1,S=5 || L2:[sp=X,67] K=21,R=1,C=1,Y=1,X=1,S=4",-4804353.0,-163324000.0,1,Y|X,1
Y,4,X,207,K,34,R,1,C,1,Y,1,S,5,X,67,K,21,R,1,C,1,Y,1,X,1,S,4,"L1:[sp=Y,4] X=207,K=34,R=1,C=1,Y=1,S=5 || L2:[sp=X,67] K=21,R=1,C=1,Y=1,X=1,S=4",-4816897.0,-163324000.0,1,Y|X,1
C,4,K,2,X,223,S,6,C,2,Y,224,R,1,K,1,S,4,C,1,R,1,X,1,Y,1,K,2,"L1:[sp=C,4] K=2,X=223,S=6,C=2,Y=224,R=1 || L2:[sp=K,1] S=4,C=1,R=1,X=1,Y=1,K=2",-4817345.0,-163323000.0,1,C|K,1
Y,4,X,111,Y,1,R,1,K,46,C,3,S,6,X,67,S,4,Y,1,C,1,X,1,K,1,R,1,"L1:[sp=Y,4] X=111,Y=1,R=1,K=46,C=3,S=6 || L2:[sp=X,67] S=4,Y=1,C=1,X=1,K=1,R=1",-4823169.0,-163323000.0,1,Y|X,1
Y,4,S,4,Y,1,X,111,K,46,C,1,R,1,X,67,S,2,Y,1,C,1,X,1,K,1,R,1,"L1:[sp=Y,4] S=4,Y=1,X=111,K=46,C=1,R=1 || L2:[sp=X,67] S=2,Y=1,C=1,X=1,K=1,R=1",-4835713.0,-163323000.0,1,Y|X,1
Y,4,R,1,Y,1,C,1,S,3,K,47,X,46,X,67,S,2,Y,1,C,1,X,1,K,18,R,1,"L1:[sp=Y,4] R=1,Y=1,C=1,S=3,K=47,X=46 || L2:[sp=X,67] S=2,Y=1,C=1,X=1,K=18,R=1",-4845121.0,-163323000.0,1,Y|X,1
Y,4,S,2,Y,1,R,1,C,3,K,7,X,197,X,67,S,2,R,1,C,1,Y,1,K,1,X,1,"L1:[sp=Y,4] S=2,Y=1,R=1,C=3,K=7,X=197 || L2:[sp=X,67] S=2,R=1,C=1,Y=1,K=1,X=1",-4879617.0,-163323000.0,1,Y|X,1
Y,4,S,2,Y,1,R,1,C,3,K,7,X,197,X,67,S,2,R,1,C,3,Y,1,K,1,X,1,"L1:[sp=Y,4] S=2,Y=1,R=1,C=3,K=7,X=197 || L2:[sp=X,67] S=2,R=1,C=3,Y=1,K=1,X=1",-4879617.0,-163323000.0,1,Y|X,1
Y,4,S,2,Y,1,R,1,C,3,X,132,K,7,X,67,S,2,R,1,C,3,Y,1,K,1,X,1,"L1:[sp=Y,4] S=2,Y=1,R=1,C=3,X=132,K=7 || L2:[sp=X,67] S=2,R=1,C=3,Y=1,K=1,X=1",-4879617.0,-163323000.0,1,Y|X,1
Y,4,R,1,Y,1,S,2,C,3,X,199,K,7,X,67,S,2,R,1,C,3,Y,1,K,1,X,1,"L1:[sp=Y,4] R=1,Y=1,S=2,C=3,X=199,K=7 || L2:[sp=X,67] S=2,R=1,C=3,Y=1,K=1,X=1",-4879617.0,-163323000.0,1,Y|X,1
Y,4,R,6,X,223,Y,150,S,4,K,1,C,3,C,1,Y,1,C,3,R,4,S,3,K,1,X,1,"L1:[sp=Y,4] R=6,X=223,Y=150,S=4,K=1,C=3 || L2:[sp=C,1] Y=1,C=3,R=4,S=3,K=1,X=1",-4903169.0,-163323000.0,1,Y|C,1
Y,4,R,1,Y,1,C,1,S,3,K,19,X,46,X,67,C,1,Y,1,S,2,X,1,K,18,R,1,"L1:[sp=Y,4] R=1,Y=1,C=1,S=3,K=19,X=46 || L2:[sp=X,67] C=1,Y=1,S=2,X=1,K=18,R=1",-4915681.0,-163323000.0,1,Y|X,1
Y,4,Y,1,R,1,C,3,S,3,X,163,K,19,X,67,C,1,Y,1,S,3,X,1,K,18,R,1,"L1:[sp=Y,4] Y=1,R=1,C=3,S=3,X=163,K=19 || L2:[sp=X,67] C=1,Y=1,S=3,X=1,K=18,R=1",-4929793.0,-163323000.0,1,Y|X,1
K,4,S,3,X,24,R,4,Y,62,C,2,K,2,Y,21,S,1,C,2,X,1,K,1,Y,1,R,3,"L1:[sp=K,4] S=3,X=24,R=4,Y=62,C=2,K=2 || L2:[sp=Y,21] S=1,C=2,X=1,K=1,Y=1,R=3",-4934849.0,-163323000.0,1,K|Y,1
Y,4,S,7,Y,1,R,1,K,46,C,3,X,111,X,67,S,3,Y,1,C,1,X,1,K,17,R,1,"L1:[sp=Y,4] S=7,Y=1,R=1,K=46,C=3,X=111 || L2:[sp=X,67] S=3,Y=1,C=1,X=1,K=17,R=1",-4942337.0,-163323000.0,1,Y|X,1
Y,4,Y,1,R,1,C,1,S,3,K,19,X,163,X,67,C,1,Y,1,S,3,X,1,K,18,R,1,"L1:[sp=Y,4] Y=1,R=1,C=1,S=3,K=19,X=163 || L2:[sp=X,67] C=1,Y=1,S=3,X=1,K=18,R=1",-4967425.0,-163323000.0,1,Y|X,1
C,4,X,197,K,22,Y,1,C,1,R,1,S,6,X,67,X,1,R,1,C,1,Y,1,K,21,S,1,"L1:[sp=C,4] X=197,K=22,Y=1,C=1,R=1,S=6 || L2:[sp=X,67] X=1,R=1,C=1,Y=1,K=21,S=1",-4976833.0,-163323000.0,1,C|X,1
Y,4,S,2,K,22,R,1,C,3,Y,1,X,190,X,67,X,1,R,1,C,1,Y,1,K,17,S,2,"L1:[sp=Y,4] S=2,K=22,R=1,C=3,Y=1,X=190 || L2:[sp=X,67] X=1,R=1,C=1,Y=1,K=17,S=2",-4986241.0,-163323000.0,1,Y|X,1
Y,4,R,1,K,34,X,197,C,3,Y,1,S,2,X,67,K,21,R,1,C,1,Y,1,X,1,S,2,"L1:[sp=Y,4] R=1,K=34,X=197,C=3,Y=1,S=2 || L2:[sp=X,67] K=21,R=1,C=1,Y=1,X=1,S=2",-5130497.0,-163323000.0,1,Y|X,1
Y,4,K,57,S,3,C,1,X,98,R,1,Y,1,X,67,S,1,Y,1,C,1,X,1,K,4,R,1,"L1:[sp=Y,4] K=57,S=3,C=1,X=98,R=1,Y=1 || L2:[sp=X,67] S=1,Y=1,C=1,X=1,K=4,R=1",-5146177.0,-163323000.0,1,Y|X,1
Y,4,C,2,K,56,R,1,X,120,Y,1,S,6,X,67,C,1,S,3,Y,1,X,1,K,10,R,1,"L1:[sp=Y,4] C=2,K=56,R=1,X=120,Y=1,S=6 || L2:[sp=X,67] C=1,S=3,Y=1,X=1,K=10,R=1",-5262209.0,-163323000.0,1,Y|X,1
Y,4,K,47,Y,1,X,152,S,7,C,1,R,1,X,67,S,3,Y,1,C,1,X,1,K,1,R,1,"L1:[sp=Y,4] K=47,Y=1,X=152,S=7,C=1,R=1 || L2:[sp=X,67] S=3,Y=1,C=1,X=1,K=1,R=1",-5277889.0,-163323000.0,1,Y|X,1
Y,4,K,47,Y,1,S,7,X,105,C,1,R,1,X,67,S,3,Y,1,C,1,X,1,K,1,R,1,"L1:[sp=Y,4] K=47,Y=1,S=7,X=105,C=1,R=1 || L2:[sp=X,67] S=3,Y=1,C=1,X=1,K=1,R=1",-5282593.0,-163323000.0,1,Y|X,1
Y,4,K,47,Y,1,S,7,X,105,C,1,R,1,X,67,S,6,Y,1,C,1,X,1,K,1,R,1,"L1:[sp=Y,4] K=47,Y=1,S=7,X=105,C=1,R=1 || L2:[sp=X,67] S=6,Y=1,C=1,X=1,K=1,R=1",-5282593.0,-163323000.0,1,Y|X,1
Y,4,S,7,C,1,K,46,X,106,Y,1,R,1,X,67,S,1,Y,1,X,1,C,1,K,1,R,1,"L1:[sp=Y,4] S=7,C=1,K=46,X=106,Y=1,R=1 || L2:[sp=X,67] S=1,Y=1,X=1,C=1,K=1,R=1",-5282593.0,-163323000.0,1,Y|X,1
Y,4,S,2,Y,1,R,1,C,3,X,93,K,34,X,67,S,1,R,1,C,1,Y,1,K,1,X,1,"L1:[sp=Y,4] S=2,Y=1,R=1,C=3,X=93,K=34 || L2:[sp=X,67] S=1,R=1,C=1,Y=1,K=1,X=1",-5287297.0,-163323000.0,1,Y|X,1
Y,4,X,120,Y,1,R,1,K,20,C,1,S,7,X,67,Y,1,S,2,K,20,X,1,C,1,R,1,"L1:[sp=Y,4] X=120,Y=1,R=1,K=20,C=1,S=7 || L2:[sp=X,67] Y=1,S=2,K=20,X=1,C=1,R=1",-5287297.0,-163323000.0,1,Y|X,1
Y,4,K,47,Y,1,X,99,S,4,C,2,R,1,X,67,S,1,Y,1,C,1,X,1,K,1,R,1,"L1:[sp=Y,4] K=47,Y=1,X=99,S=4,C=2,R=1 || L2:[sp=X,67] S=1,Y=1,C=1,X=1,K=1,R=1",-5287297.0,-163323000.0,1,Y|X,1
Y,4,S,7,Y,1,R,1,C,3,X,93,K,7,X,67,S,1,R,1,C,1,Y,1,K,1,X,1,"L1:[sp=Y,4] S=7,Y=1,R=1,C=3,X=93,K=7 || L2:[sp=X,67] S=1,R=1,C=1,Y=1,K=1,X=1",-5292001.0,-163323000.0,1,Y|X,1
Y,4,S,4,Y,1,R,1,C,3,K,7,X,93,X,67,S,1,R,1,C,1,Y,1,K,1,X,1,"L1:[sp=Y,4] S=4,Y=1,R=1,C=3,K=7,X=93 || L2:[sp=X,67] S=1,R=1,C=1,Y=1,K=1,X=1",-5315521.0,-163323000.0,1,Y|X,1
Y,4,X,93,Y,1,R,1,C,2,S,7,K,7,X,67,S,1,R,1,C,1,Y,1,K,1,X,1,"L1:[sp=Y,4] X=93,Y=1,R=1,C=2,S=7,K=7 || L2:[sp=X,67] S=1,R=1,C=1,Y=1,K=1,X=1",-5315521.0,-163323000.0,1,Y|X,1
Y,4,X,120,Y,1,R,1,K,20,C,1,S,3,X,67,Y,1,S,1,C,1,X,1,K,20,R,1,"L1:[sp=Y,4] X=120,Y=1,R=1,K=20,C=1,S=3 || L2:[sp=X,67] Y=1,S=1,C=1,X=1,K=20,R=1",-5324929.0,-163323000.0,1,Y|X,1
Y,4,X,122,Y,1,R,1,K,20,C,1,S,3,X,67,X,1,S,1,C,1,Y,1,K,20,R,1,"L1:[sp=Y,4] X=122,Y=1,R=1,K=20,C=1,S=3 || L2:[sp=X,67] X=1,S=1,C=1,Y=1,K=20,R=1",-5324929.0,-163323000.0,1,Y|X,1
Y,4,X,120,Y,1,R,1,K,20,C,1,S,3,X,67,Y,1,S,1,K,20,X,1,C,1,R,1,"L1:[sp=Y,4] X=120,Y=1,R=1,K=20,C=1,S=3 || L2:[sp=X,67] Y=1,S=1,K=20,X=1,C=1,R=1",-5324929.0,-163323000.0,1,Y|X,1
Y,4,K,47,Y,1,X,111,S,1,C,2,R,1,X,67,S,1,Y,1,C,1,X,1,K,1,R,1,"L1:[sp=Y,4] K=47,Y=1,X=111,S=1,C=2,R=1 || L2:[sp=X,67] S=1,Y=1,C=1,X=1,K=1,R=1",-5334337.0,-163323000.0,1,Y|X,1
Y,4,S,2,Y,1,R,1,C,3,K,7,X,93,X,67,S,1,R,1,C,1,Y,1,K,1,X,1,"L1:[sp=Y,4] S=2,Y=1,R=1,C=3,K=7,X=93 || L2:[sp=X,67] S=1,R=1,C=1,Y=1,K=1,X=1",-5362561.0,-163323000.0,1,Y|X,1
Y,4,S,2,Y,1,R,1,C,3,X,93,K,7,X,67,S,1,R,1,C,1,Y,1,K,1,X,1,"L1:[sp=Y,4] S=2,Y=1,R=1,C=3,X=93,K=7 || L2:[sp=X,67] S=1,R=1,C=1,Y=1,K=1,X=1",-5362561.0,-163323000.0,1,Y|X,1
Y,4,X,120,Y,1,R,1,K,46,C,3,S,6,X,67,S,3,Y,1,C,1,X,1,K,1,R,1,"L1:[sp=Y,4] X=120,Y=1,R=1,K=46,C=3,S=6 || L2:[sp=X,67] S=3,Y=1,C=1,X=1,K=1,R=1",-5425281.0,-163323000.0,1,Y|X,1
Y,4,X,120,Y,1,R,1,K,46,C,3,S,6,X,67,S,3,Y,1,C,2,X,1,K,1,R,1,"L1:[sp=Y,4] X=120,Y=1,R=1,K=46,C=3,S=6 || L2:[sp=X,67] S=3,Y=1,C=2,X=1,K=1,R=1",-5425281.0,-163323000.0,1,Y|X,1
Y,4,K,47,Y,1,R,1,X,120,C,3,S,6,X,67,S,3,Y,1,C,2,X,1,K,1,R,1,"L1:[sp=Y,4] K=47,Y=1,R=1,X=120,C=3,S=6 || L2:[sp=X,67] S=3,Y=1,C=2,X=1,K=1,R=1",-5425281.0,-163323000.0,1,Y|X,1
Y,4,X,120,Y,1,R,1,S,6,C,3,K,46,X,67,S,3,Y,1,C,1,X,1,K,1,R,1,"L1:[sp=Y,4] X=120,Y=1,R=1,S=6,C=3,K=46 || L2:[sp=X,67] S=3,Y=1,C=1,X=1,K=1,R=1",-5425281.0,-163323000.0,1,Y|X,1
Y,4,K,41,R,1,S,3,Y,1,C,1,X,120,X,67,S,1,Y,1,C,1,X,1,K,21,R,1,"L1:[sp=Y,4] K=41,R=1,S=3,Y=1,C=1,X=120 || L2:[sp=X,67] S=1,Y=1,C=1,X=1,K=21,R=1",-5428417.0,-163323000.0,1,Y|X,1
Y,4,K,36,R,1,C,3,X,160,Y,1,S,3,X,67,S,3,Y,1,C,1,X,1,K,4,R,1,"L1:[sp=Y,4] K=36,R=1,C=3,X=160,Y=1,S=3 || L2:[sp=X,67] S=3,Y=1,C=1,X=1,K=4,R=1",-5428417.0,-163323000.0,1,Y|X,1
Y,4,X,223,S,6,K,41,Y,186,R,1,C,3,K,67,S,5,Y,1,R,1,K,20,C,1,X,1,"L1:[sp=Y,4] X=223,S=6,K=41,Y=186,R=1,C=3 || L2:[sp=K,67] S=5,Y=1,R=1,K=20,C=1,X=1",-5468429.0,-163324000.0,1,Y|K,1
Y,4,S,2,Y,15,R,1,C,2,K,7,X,111,X,67,S,1,X,1,C,1,K,1,Y,1,R,1,"L1:[sp=Y,4] S=2,Y=15,R=1,C=2,K=7,X=111 || L2:[sp=X,67] S=1,X=1,C=1,K=1,Y=1,R=1",-5611201.0,-163323000.0,1,Y|X,1
C,4,X,111,Y,15,R,1,C,2,K,7,S,4,X,67,S,1,X,1,C,1,K,1,Y,1,R,1,"L1:[sp=C,4] X=111,Y=15,R=1,C=2,K=7,S=4 || L2:[sp=X,67] S=1,X=1,C=1,K=1,Y=1,R=1",-5623913.0,-163323000.0,1,C|X,1
C,4,S,3,Y,15,R,1,C,2,K,7,X,111,X,67,S,1,X,1,C,1,K,1,Y,1,R,1,"L1:[sp=C,4] S=3,Y=15,R=1,C=2,K=7,X=111 || L2:[sp=X,67] S=1,X=1,C=1,K=1,Y=1,R=1",-5626013.0,-163323000.0,1,C|X,1
X,4,K,1,Y,20,X,223,R,7,S,4,C,3,K,1,Y,1,C,2,K,1,S,4,R,3,X,3,"L1:[sp=X,4] K=1,Y=20,X=223,R=7,S=4,C=3 || L2:[sp=K,1] Y=1,C=2,K=1,S=4,R=3,X=3",-5635457.0,-163323000.0,1,X|K,1
C,4,S,3,Y,15,R,1,C,2,K,7,X,111,X,67,S,1,X,1,C,2,K,1,Y,4,R,1,"L1:[sp=C,4] S=3,Y=15,R=1,C=2,K=7,X=111 || L2:[sp=X,67] S=1,X=1,C=2,K=1,Y=4,R=1",-5651101.0,-163323000.0,1,C|X,1
Y,4,X,207,K,45,R,1,C,2,Y,1,S,5,X,67,Y,1,S,5,C,1,X,1,K,21,R,1,"L1:[sp=Y,4] X=207,K=45,R=1,C=2,Y=1,S=5 || L2:[sp=X,67] Y=1,S=5,C=1,X=1,K=21,R=1",-5657345.0,-163324000.0,1,Y|X,1
C,4,X,207,K,22,R,1,C,1,Y,1,S,5,X,84,X,1,R,1,C,1,Y,1,K,21,S,5,"L1:[sp=C,4] X=207,K=22,R=1,C=1,Y=1,S=5 || L2:[sp=X,84] X=1,R=1,C=1,Y=1,K=21,S=5",-5682433.0,-163323000.0,1,C|X,1
K,4,Y,222,R,4,X,223,K,6,S,2,C,3,C,1,Y,39,S,1,C,1,R,1,X,1,K,3,"L1:[sp=K,4] Y=222,R=4,X=223,K=6,S=2,C=3 || L2:[sp=C,1] Y=39,S=1,C=1,R=1,X=1,K=3",-5729481.0,-163323000.0,1,K|C,1
C,4,Y,15,S,3,R,1,C,2,K,7,X,111,X,67,S,1,X,1,C,2,K,5,Y,4,R,1,"L1:[sp=C,4] Y=15,S=3,R=1,C=2,K=7,X=111 || L2:[sp=X,67] S=1,X=1,C=2,K=5,Y=4,R=1",-5739301.0,-163323000.0,1,C|X,1
Y,4,X,86,K,41,R,1,C,3,Y,1,S,5,X,67,K,21,R,1,C,1,Y,1,X,1,S,4,"L1:[sp=Y,4] X=86,K=41,R=1,C=3,Y=1,S=5 || L2:[sp=X,67] K=21,R=1,C=1,Y=1,X=1,S=4",-5795329.0,-163323000.0,1,Y|X,1
Y,4,S,2,K,22,R,1,C,2,Y,1,X,197,X,67,X,1,R,1,C,2,Y,1,K,17,S,1,"L1:[sp=Y,4] S=2,K=22,R=1,C=2,Y=1,X=197 || L2:[sp=X,67] X=1,R=1,C=2,Y=1,K=17,S=1",-5832961.0,-163323000.0,1,Y|X,1
C,4,S,2,C,3,R,1,K,22,Y,1,X,197,X,67,X,1,R,1,C,1,Y,1,K,21,S,1,"L1:[sp=C,4] S=2,C=3,R=1,K=22,Y=1,X=197 || L2:[sp=X,67] X=1,R=1,C=1,Y=1,K=21,S=1",-5964673.0,-163323000.0,1,C|X,1
C,4,X,190,K,53,R,1,C,2,Y,1,S,3,X,67,Y,1,R,1,C,1,X,1,K,19,S,1,"L1:[sp=C,4] X=190,K=53,R=1,C=2,Y=1,S=3 || L2:[sp=X,67] Y=1,R=1,C=1,X=1,K=19,S=1",-5989761.0,-163323000.0,1,C|X,1
C,4,S,1,K,22,R,1,C,3,Y,1,X,197,X,67,X,1,R,1,C,1,Y,1,K,21,S,1,"L1:[sp=C,4] S=1,K=22,R=1,C=3,Y=1,X=197 || L2:[sp=X,67] X=1,R=1,C=1,Y=1,K=21,S=1",-5992897.0,-163323000.0,1,C|X,1
K,4,S,3,Y,1,R,1,K,46,C,2,X,111,X,67,X,1,Y,1,C,1,S,1,K,1,R,1,"L1:[sp=K,4] S=3,Y=1,R=1,K=46,C=2,X=111 || L2:[sp=X,67] X=1,Y=1,C=1,S=1,K=1,R=1",-6077569.0,-163323000.0,1,K|X,1
Y,4,S,2,Y,1,R,1,C,3,K,7,X,93,X,67,S,2,R,1,C,1,Y,1,K,1,X,1,"L1:[sp=Y,4] S=2,Y=1,R=1,C=3,K=7,X=93 || L2:[sp=X,67] S=2,R=1,C=1,Y=1,K=1,X=1",-6115201.0,-163323000.0,1,Y|X,1
Y,4,S,2,Y,1,R,1,C,3,X,93,K,7,X,67,S,2,R,1,C,3,Y,1,K,1,X,1,"L1:[sp=Y,4] S=2,Y=1,R=1,C=3,X=93,K=7 || L2:[sp=X,67] S=2,R=1,C=3,Y=1,K=1,X=1",-6115201.0,-163323000.0,1,Y|X,1
Y,4,C,3,Y,1,R,1,S,2,X,91,K,7,X,67,S,2,R,1,C,1,Y,1,K,1,X,1,"L1:[sp=Y,4] C=3,Y=1,R=1,S=2,X=91,K=7 || L2:[sp=X,67] S=2,R=1,C=1,Y=1,K=1,X=1",-6115201.0,-163323000.0,1,Y|X,1
X,4,R,1,S,2,Y,1,C,3,X,197,K,23,X,67,S,1,R,1,C,1,Y,1,K,7,X,1,"L1:[sp=X,4] R=1,S=2,Y=1,C=3,X=197,K=23 || L2:[sp=X,67] S=1,R=1,C=1,Y=1,K=7,X=1",-6143425.0,-163323000.0,1,X|X,1
Y,4,X,14,R,5,S,6,C,2,Y,222,K,2,K,1,Y,1,R,5,K,1,X,1,S,3,C,2,"L1:[sp=Y,4] X=14,R=5,S=6,C=2,Y=222,K=2 || L2:[sp=K,1] Y=1,R=5,K=1,X=1,S=3,C=2",-6155777.0,-163323000.0,1,Y|K,1
Y,4,X,120,Y,1,R,1,K,62,C,1,S,6,X,67,Y,1,S,4,C,1,X,1,K,21,R,1,"L1:[sp=Y,4] X=120,Y=1,R=1,K=62,C=1,S=6 || L2:[sp=X,67] Y=1,S=4,C=1,X=1,K=21,R=1",-6190465.0,-163324000.0,1,Y|X,1
Y,4,X,120,Y,1,R,1,K,62,C,1,S,6,X,67,Y,1,S,2,C,1,X,1,K,21,R,1,"L1:[sp=Y,4] X=120,Y=1,R=1,K=62,C=1,S=6 || L2:[sp=X,67] Y=1,S=2,C=1,X=1,K=21,R=1",-6190465.0,-163323000.0,1,Y|X,1
Y,4,X,120,Y,1,R,1,K,62,C,1,S,2,X,67,K,21,S,2,C,1,X,1,Y,1,R,1,"L1:[sp=Y,4] X=120,Y=1,R=1,K=62,C=1,S=2 || L2:[sp=X,67] K=21,S=2,C=1,X=1,Y=1,R=1",-6209281.0,-163323000.0,1,Y|X,1
C,4,X,207,K,29,R,1,C,1,Y,1,S,5,X,67,X,1,R,1,C,1,Y,1,K,21,S,4,"L1:[sp=C,4] X=207,K=29,R=1,C=1,Y=1,S=5 || L2:[sp=X,67] X=1,R=1,C=1,Y=1,K=21,S=4",-6246913.0,-163323000.0,1,C|X,1
C,4,X,207,K,29,R,1,C,1,Y,1,S,5,X,67,X,1,Y,1,C,1,R,1,K,21,S,4,"L1:[sp=C,4] X=207,K=29,R=1,C=1,Y=1,S=5 || L2:[sp=X,67] X=1,Y=1,C=1,R=1,K=21,S=4",-6246913.0,-163323000.0,1,C|X,1
X,4,S,2,Y,15,R,1,C,2,K,7,X,111,X,67,S,1,X,1,C,1,K,1,Y,1,R,1,"L1:[sp=X,4] S=2,Y=15,R=1,C=2,K=7,X=111 || L2:[sp=X,67] S=1,X=1,C=1,K=1,Y=1,R=1",-6338977.0,-163323000.0,1,X|X,1
C,4,X,207,K,22,R,1,C,3,Y,1,S,5,X,67,C,1,R,1,S,4,Y,1,X,1,K,21,"L1:[sp=C,4] X=207,K=22,R=1,C=3,Y=1,S=5 || L2:[sp=X,67] C=1,R=1,S=4,Y=1,X=1,K=21",-6369217.0,-163323000.0,1,C|X,1
X,4,S,2,X,197,R,1,C,3,K,7,Y,1,X,67,S,1,X,1,C,1,K,1,Y,1,R,1,"L1:[sp=X,4] S=2,X=197,R=1,C=3,K=7,Y=1 || L2:[sp=X,67] S=1,X=1,C=1,K=1,Y=1,R=1",-6384897.0,-163323000.0,1,X|X,1
X,4,S,2,X,197,C,3,Y,1,K,7,R,1,X,67,S,1,X,1,C,3,K,1,Y,1,R,1,"L1:[sp=X,4] S=2,X=197,C=3,Y=1,K=7,R=1 || L2:[sp=X,67] S=1,X=1,C=3,K=1,Y=1,R=1",-6384897.0,-163323000.0,1,X|X,1
X,4,S,2,X,96,R,1,C,3,K,7,Y,1,X,67,S,1,X,1,C,1,K,1,Y,1,R,1,"L1:[sp=X,4] S=2,X=96,R=1,C=3,K=7,Y=1 || L2:[sp=X,67] S=1,X=1,C=1,K=1,Y=1,R=1",-6447617.0,-163323000.0,1,X|X,1
Y,4,R,1,Y,1,S,2,C,3,K,7,X,197,X,168,X,1,R,1,C,1,K,5,Y,1,S,1,"L1:[sp=Y,4] R=1,Y=1,S=2,C=3,K=7,X=197 || L2:[sp=X,168] X=1,R=1,C=1,K=5,Y=1,S=1",-6546401.0,-163323000.0,1,Y|X,1
X,4,C,2,K,46,S,6,X,197,Y,1,R,1,X,67,Y,1,S,1,C,1,X,1,K,21,R,1,"L1:[sp=X,4] C=2,K=46,S=6,X=197,Y=1,R=1 || L2:[sp=X,67] Y=1,S=1,C=1,X=1,K=21,R=1",-6598145.0,-163323000.0,1,X|X,1
K,4,S,6,R,4,K,59,X,28,Y,222,C,3,Y,2,Y,1,R,3,X,1,C,1,K,1,S,1,"L1:[sp=K,4] S=6,R=4,K=59,X=28,Y=222,C=3 || L2:[sp=Y,2] Y=1,R=3,X=1,C=1,K=1,S=1",-6738954.0,-163323000.0,1,K|Y,1
K,4,X,223,S,6,K,41,Y,172,R,1,C,1,C,1,S,5,Y,1,R,1,X,1,C,1,K,20,"L1:[sp=K,4] X=223,S=6,K=41,Y=172,R=1,C=1 || L2:[sp=C,1] S=5,Y=1,R=1,X=1,C=1,K=20",-6750325.0,-163324000.0,1,K|C,1
K,4,X,223,S,6,K,41,Y,172,R,1,C,1,C,1,S,5,Y,1,C,1,X,1,R,1,K,20,"L1:[sp=K,4] X=223,S=6,K=41,Y=172,R=1,C=1 || L2:[sp=C,1] S=5,Y=1,C=1,X=1,R=1,K=20",-6750325.0,-163324000.0,1,K|C,1
K,4,X,207,K,22,R,1,C,3,Y,1,S,2,X,67,S,1,C,1,R,1,Y,1,X,1,K,3,"L1:[sp=K,4] X=207,K=22,R=1,C=3,Y=1,S=2 || L2:[sp=X,67] S=1,C=1,R=1,Y=1,X=1,K=3",-6775329.0,-163323000.0,1,K|X,1
Y,4,S,2,K,22,R,2,C,3,Y,1,X,190,X,67,X,1,R,1,C,1,Y,1,K,21,S,2,"L1:[sp=Y,4] S=2,K=22,R=2,C=3,Y=1,X=190 || L2:[sp=X,67] X=1,R=1,C=1,Y=1,K=21,S=2",-6784513.0,-163323000.0,1,Y|X,1
Y,4,X,120,Y,1,R,1,K,20,S,6,C,3,X,67,Y,1,S,3,K,20,X,1,C,1,R,1,"L1:[sp=Y,4] X=120,Y=1,R=1,K=20,S=6,C=3 || L2:[sp=X,67] Y=1,S=3,K=20,X=1,C=1,R=1",-6786305.0,-163323000.0,1,Y|X,1
Y,4,K,47,C,1,S,3,Y,1,R,2,X,164,X,67,S,2,Y,1,C,1,X,1,K,21,R,1,"L1:[sp=Y,4] K=47,C=1,S=3,Y=1,R=2,X=164 || L2:[sp=X,67] S=2,Y=1,C=1,X=1,K=21,R=1",-6865153.0,-163323000.0,1,Y|X,1
Y,4,C,2,K,56,R,1,X,59,Y,1,S,6,X,67,C,2,S,3,Y,1,X,1,K,10,R,1,"L1:[sp=Y,4] C=2,K=56,R=1,X=59,Y=1,S=6 || L2:[sp=X,67] C=2,S=3,Y=1,X=1,K=10,R=1",-7024641.0,-163323000.0,1,Y|X,1
K,4,K,43,Y,1,C,3,X,105,R,1,S,7,X,67,S,3,Y,1,C,1,X,1,K,4,R,1,"L1:[sp=K,4] K=43,Y=1,C=3,X=105,R=1,S=7 || L2:[sp=X,67] S=3,Y=1,C=1,X=1,K=4,R=1",-7084225.0,-163323000.0,1,K|X,1
K,4,X,221,Y,27,C,1,R,4,S,5,K,59,K,1,K,1,R,2,X,1,Y,1,C,1,S,1,"L1:[sp=K,4] X=221,Y=27,C=1,R=4,S=5,K=59 || L2:[sp=K,1] K=1,R=2,X=1,Y=1,C=1,S=1",-7107013.0,-163323000.0,1,K|K,1
Y,4,S,4,Y,222,X,182,R,4,K,1,C,2,K,1,Y,1,C,1,K,1,S,4,R,3,X,3,"L1:[sp=Y,4] S=4,Y=222,X=182,R=4,K=1,C=2 || L2:[sp=K,1] Y=1,C=1,K=1,S=4,R=3,X=3",-7129601.0,-163323000.0,1,Y|K,1
X,4,K,47,C,2,S,3,Y,1,X,223,R,5,C,2,S,3,R,1,Y,1,X,1,K,21,C,1,"L1:[sp=X,4] K=47,C=2,S=3,Y=1,X=223,R=5 || L2:[sp=C,2] S=3,R=1,Y=1,X=1,K=21,C=1",-7212481.0,-163323000.0,1,X|C,1
Y,4,K,47,C,1,S,6,Y,190,X,223,R,1,C,2,S,5,R,1,Y,1,X,1,K,21,C,1,"L1:[sp=Y,4] K=47,C=1,S=6,Y=190,X=223,R=1 || L2:[sp=C,2] S=5,R=1,Y=1,X=1,K=21,C=1",-7261885.0,-163324000.0,1,Y|C,1
C,4,X,207,K,29,R,1,C,1,Y,1,S,4,X,67,R,1,X,1,C,1,Y,1,K,21,S,1,"L1:[sp=C,4] X=207,K=29,R=1,C=1,Y=1,S=4 || L2:[sp=X,67] R=1,X=1,C=1,Y=1,K=21,S=1",-7281793.0,-163323000.0,1,C|X,1
C,4,X,207,K,29,Y,1,C,1,R,1,S,1,X,67,X,1,R,1,C,1,Y,1,K,21,S,1,"L1:[sp=C,4] X=207,K=29,Y=1,C=1,R=1,S=1 || L2:[sp=X,67] X=1,R=1,C=1,Y=1,K=21,S=1",-7375873.0,-163323000.0,1,C|X,1
X,4,K,47,Y,1,R,1,X,111,S,3,C,1,K,47,R,1,Y,1,C,1,X,1,K,1,S,2,"L1:[sp=X,4] K=47,Y=1,R=1,X=111,S=3,C=1 || L2:[sp=K,47] R=1,Y=1,C=1,X=1,K=1,S=2",-7404097.0,-163323000.0,1,X|K,1
Y,4,S,2,K,7,R,1,C,3,Y,1,X,44,X,67,S,2,Y,1,C,3,R,1,K,1,X,1,"L1:[sp=Y,4] S=2,K=7,R=1,C=3,Y=1,X=44 || L2:[sp=X,67] S=2,Y=1,C=3,R=1,K=1,X=1",-7413505.0,-163323000.0,1,Y|X,1
Y,4,R,1,Y,1,S,2,C,1,X,199,K,7,X,67,S,2,R,1,C,1,Y,1,K,1,X,3,"L1:[sp=Y,4] R=1,Y=1,S=2,C=1,X=199,K=7 || L2:[sp=X,67] S=2,R=1,C=1,Y=1,K=1,X=3",-7413505.0,-163323000.0,1,Y|X,1
Y,4,S,2,Y,15,R,1,C,2,K,7,X,111,X,67,K,6,R,1,C,2,Y,14,S,1,X,1,"L1:[sp=Y,4] S=2,Y=15,R=1,C=2,K=7,X=111 || L2:[sp=X,67] K=6,R=1,C=2,Y=14,S=1,X=1",-7477121.0,-163324000.0,1,Y|X,1
Y,4,Y,1,X,19,R,1,C,3,S,5,K,22,X,67,K,21,C,1,R,1,Y,1,S,4,X,1,"L1:[sp=Y,4] Y=1,X=19,R=1,C=3,S=5,K=22 || L2:[sp=X,67] K=21,C=1,R=1,Y=1,S=4,X=1",-7676929.0,-163323000.0,1,Y|X,1
X,4,Y,222,S,4,X,223,R,3,K,1,C,1,K,1,X,1,C,1,R,3,S,3,K,1,Y,1,"L1:[sp=X,4] Y=222,S=4,X=223,R=3,K=1,C=1 || L2:[sp=K,1] X=1,C=1,R=3,S=3,K=1,Y=1",-8057089.0,-163323000.0,1,X|K,1
K,4,K,19,X,65,C,1,R,4,S,4,Y,11,X,28,C,1,X,1,R,4,Y,1,K,10,S,2,"L1:[sp=K,4] K=19,X=65,C=1,R=4,S=4,Y=11 || L2:[sp=X,28] C=1,X=1,R=4,Y=1,K=10,S=2",-8063089.0,-163324000.0,1,K|X,1
Y,4,K,57,S,3,C,1,X,222,R,2,Y,1,X,67,S,1,Y,1,C,1,X,1,K,4,R,1,"L1:[sp=Y,4] K=57,S=3,C=1,X=222,R=2,Y=1 || L2:[sp=X,67] S=1,Y=1,C=1,X=1,K=4,R=1",-8174209.0,-163323000.0,1,Y|X,1
X,4,K,57,S,3,C,1,X,222,R,1,Y,1,X,67,S,1,Y,1,C,1,X,1,K,4,R,1,"L1:[sp=X,4] K=57,S=3,C=1,X=222,R=1,Y=1 || L2:[sp=X,67] S=1,Y=1,C=1,X=1,K=4,R=1",-8194369.0,-163323000.0,1,X|X,1
Y,4,X,101,R,6,C,2,K,27,S,2,Y,222,C,1,X,1,Y,1,R,4,C,1,K,1,S,2,"L1:[sp=Y,4] X=101,R=6,C=2,K=27,S=2,Y=222 || L2:[sp=C,1] X=1,Y=1,R=4,C=1,K=1,S=2",-8220817.0,-163323000.0,1,Y|C,1
Y,142,S,1,C,1,X,1,R,1,K,1,Y,1,C,1,K,1,S,1,Y,1,C,1,X,1,R,1,"L1:[sp=Y,142] S=1,C=1,X=1,R=1,K=1,Y=1 || L2:[sp=C,1] K=1,S=1,Y=1,C=1,X=1,R=1",-8429569.0,-163323000.0,1,Y|C,1
Y,4,S,7,Y,1,R,2,K,46,C,3,X,111,X,67,S,3,Y,1,C,1,X,1,K,1,R,1,"L1:[sp=Y,4] S=7,Y=1,R=2,K=46,C=3,X=111 || L2:[sp=X,67] S=3,Y=1,C=1,X=1,K=1,R=1",-8431361.0,-163323000.0,1,Y|X,1
Y,4,K,52,Y,1,S,7,X,120,R,2,C,1,X,67,S,7,Y,1,C,1,X,1,K,4,R,1,"L1:[sp=Y,4] K=52,Y=1,S=7,X=120,R=2,C=1 || L2:[sp=X,67] S=7,Y=1,C=1,X=1,K=4,R=1",-8434945.0,-163323000.0,1,Y|X,1
C,4,S,3,Y,15,R,1,C,3,K,7,X,111,X,67,S,1,R,1,C,1,K,1,Y,1,X,1,"L1:[sp=C,4] S=3,Y=15,R=1,C=3,K=7,X=111 || L2:[sp=X,67] S=1,R=1,C=1,K=1,Y=1,X=1",-8435869.0,-163323000.0,1,C|X,1
C,4,S,3,Y,15,R,1,C,3,K,7,X,111,X,67,S,1,R,1,C,1,K,2,Y,1,X,1,"L1:[sp=C,4] S=3,Y=15,R=1,C=3,K=7,X=111 || L2:[sp=X,67] S=1,R=1,C=1,K=2,Y=1,X=1",-8435869.0,-163323000.0,1,C|X,1
X,4,K,47,Y,1,R,1,X,218,S,3,C,3,X,67,R,1,Y,1,C,1,X,1,K,1,S,1,"L1:[sp=X,4] K=47,Y=1,R=1,X=218,S=3,C=3 || L2:[sp=X,67] R=1,Y=1,C=1,X=1,K=1,S=1",-8438977.0,-163323000.0,1,X|X,1
X,4,S,2,Y,15,R,1,C,2,K,7,X,111,X,67,S,1,X,1,C,2,K,1,Y,1,R,1,"L1:[sp=X,4] S=2,Y=15,R=1,C=2,K=7,X=111 || L2:[sp=X,67] S=1,X=1,C=2,K=1,Y=1,R=1",-8446369.0,-163323000.0,1,X|X,1
X,4,S,1,Y,15,R,1,C,2,K,7,X,111,X,67,S,1,X,1,C,2,K,1,Y,1,R,1,"L1:[sp=X,4] S=1,Y=15,R=1,C=2,K=7,X=111 || L2:[sp=X,67] S=1,X=1,C=2,K=1,Y=1,R=1",-8458969.0,-163323000.0,1,X|X,1
C,4,S,3,Y,15,R,1,C,3,K,7,X,111,X,67,S,1,R,1,C,1,Y,12,K,2,X,1,"L1:[sp=C,4] S=3,Y=15,R=1,C=3,K=7,X=111 || L2:[sp=X,67] S=1,R=1,C=1,Y=12,K=2,X=1",-8473501.0,-163323000.0,1,C|X,1
C,4,S,2,Y,1,R,1,C,3,K,11,X,197,X,67,S,1,R,1,C,1,Y,1,K,1,X,1,"L1:[sp=C,4] S=2,Y=1,R=1,C=3,K=11,X=197 || L2:[sp=X,67] S=1,R=1,C=1,Y=1,K=1,X=1",-8504833.0,-163323000.0,1,C|X,1
C,4,S,3,R,1,Y,1,C,3,K,7,X,197,X,67,S,1,R,1,C,2,Y,1,K,1,X,1,"L1:[sp=C,4] S=3,R=1,Y=1,C=3,K=7,X=197 || L2:[sp=X,67] S=1,R=1,C=2,Y=1,K=1,X=1",-8523649.0,-163323000.0,1,C|X,1
Y,4,S,2,Y,15,R,1,C,2,K,7,X,111,X,67,K,6,R,1,C,2,Y,14,S,2,X,1,"L1:[sp=Y,4] S=2,Y=15,R=1,C=2,K=7,X=111 || L2:[sp=X,67] K=6,R=1,C=2,Y=14,S=2,X=1",-8543361.0,-163324000.0,1,Y|X,1
C,4,S,2,Y,1,R,1,C,3,K,7,X,197,X,67,S,1,R,1,C,1,Y,1,K,1,X,1,"L1:[sp=C,4] S=2,Y=1,R=1,C=3,K=7,X=197 || L2:[sp=X,67] S=1,R=1,C=1,Y=1,K=1,X=1",-8555009.0,-163323000.0,1,C|X,1
C,4,S,2,Y,1,R,1,C,3,K,7,X,197,X,67,S,1,R,1,C,1,Y,1,K,6,X,1,"L1:[sp=C,4] S=2,Y=1,R=1,C=3,K=7,X=197 || L2:[sp=X,67] S=1,R=1,C=1,Y=1,K=6,X=1",-8555009.0,-163323000.0,1,C|X,1
Y,4,K,47,C,1,S,3,Y,1,R,2,X,46,X,67,S,2,Y,1,C,1,X,1,K,21,R,1,"L1:[sp=Y,4] K=47,C=1,S=3,Y=1,R=2,X=46 || L2:[sp=X,67] S=2,Y=1,C=1,X=1,K=21,R=1",-8601601.0,-163323000.0,1,Y|X,1
Y,4,K,47,C,1,S,3,Y,1,R,1,X,24,X,67,S,2,Y,1,C,1,X,1,K,21,R,1,"L1:[sp=Y,4] K=47,C=1,S=3,Y=1,R=1,X=24 || L2:[sp=X,67] S=2,Y=1,C=1,X=1,K=21,R=1",-8702401.0,-163323000.0,1,Y|X,1
X,4,R,4,Y,9,X,223,S,4,K,1,C,3,C,1,Y,1,C,1,R,2,S,3,K,1,X,1,"L1:[sp=X,4] R=4,Y=9,X=223,S=4,K=1,C=3 || L2:[sp=C,1] Y=1,C=1,R=2,S=3,K=1,X=1",-8747777.0,-163323000.0,1,X|C,1
Y,4,K,47,C,2,Y,190,S,6,X,223,R,1,C,1,S,5,X,1,Y,1,R,1,K,10,C,1,"L1:[sp=Y,4] K=47,C=2,Y=190,S=6,X=223,R=1 || L2:[sp=C,1] S=5,X=1,Y=1,R=1,K=10,C=1",-8937657.0,-163323000.0,1,Y|C,1
Y,4,Y,1,X,19,R,1,C,3,S,1,K,22,X,67,K,21,C,1,R,1,Y,1,S,1,X,1,"L1:[sp=Y,4] Y=1,X=19,R=1,C=3,S=1,K=22 || L2:[sp=X,67] K=21,C=1,R=1,Y=1,S=1,X=1",-9088129.0,-163323000.0,1,Y|X,1
C,4,S,3,Y,15,R,1,C,3,K,7,X,111,X,67,S,1,R,1,C,1,K,7,Y,1,X,1,"L1:[sp=C,4] S=3,Y=15,R=1,C=3,K=7,X=111 || L2:[sp=X,67] S=1,R=1,C=1,K=7,Y=1,X=1",-9226141.0,-163323000.0,1,C|X,1
C,4,R,1,Y,15,S,2,C,3,K,7,X,197,X,67,S,1,R,1,C,1,K,7,Y,1,X,1,"L1:[sp=C,4] R=1,Y=15,S=2,C=3,K=7,X=197 || L2:[sp=X,67] S=1,R=1,C=1,K=7,Y=1,X=1",-9228241.0,-163323000.0,1,C|X,1
C,4,X,221,R,4,C,1,K,27,S,5,Y,65,K,1,K,1,R,1,C,1,Y,1,X,70,S,3,"L1:[sp=C,4] X=221,R=4,C=1,K=27,S=5,Y=65 || L2:[sp=K,1] K=1,R=1,C=1,Y=1,X=70,S=3",-9498993.0,-163323000.0,1,C|K,1
Y,4,R,1,Y,4,C,1,S,3,K,47,X,24,X,67,S,2,Y,1,C,1,X,1,K,18,R,1,"L1:[sp=Y,4] R=1,Y=4,C=1,S=3,K=47,X=24 || L2:[sp=X,67] S=2,Y=1,C=1,X=1,K=18,R=1",-9584401.0,-163323000.0,1,Y|X,1
Y,4,S,2,Y,1,R,2,C,3,X,132,K,7,X,67,S,2,R,1,C,3,Y,1,K,1,X,1,"L1:[sp=Y,4] S=2,Y=1,R=2,C=3,X=132,K=7 || L2:[sp=X,67] S=2,R=1,C=3,Y=1,K=1,X=1",-9669633.0,-163323000.0,1,Y|X,1
X,55,X,1,S,1,K,32,R,1,Y,1,C,2,K,30,Y,1,K,1,R,1,C,2,X,1,S,1,"L1:[sp=X,55] X=1,S=1,K=32,R=1,Y=1,C=2 || L2:[sp=K,30] Y=1,K=1,R=1,C=2,X=1,S=1",-9878401.0,-163323000.0,1,X|K,1
X,55,X,1,S,1,K,32,R,1,Y,1,C,2,K,30,Y,1,K,1,X,1,C,2,R,1,S,1,"L1:[sp=X,55] X=1,S=1,K=32,R=1,Y=1,C=2 || L2:[sp=K,30] Y=1,K=1,X=1,C=2,R=1,S=1",-9878401.0,-163323000.0,1,X|K,1
C,4,X,207,K,29,R,1,C,1,Y,1,S,5,X,67,X,1,R,1,C,1,Y,1,K,6,S,5,"L1:[sp=C,4] X=207,K=29,R=1,C=1,Y=1,S=5 || L2:[sp=X,67] X=1,R=1,C=1,Y=1,K=6,S=5",-10072833.0,-163323000.0,1,C|X,1
C,55,X,54,S,3,Y,15,R,1,K,32,C,1,K,30,Y,1,K,1,R,1,S,1,X,1,C,1,"L1:[sp=C,55] X=54,S=3,Y=15,R=1,K=32,C=1 || L2:[sp=K,30] Y=1,K=1,R=1,S=1,X=1,C=1",-10188879.0,-163323000.0,1,C|K,1
C,4,X,65,K,22,R,1,C,1,Y,1,S,5,X,67,X,1,R,1,C,1,Y,1,K,15,S,1,"L1:[sp=C,4] X=65,K=22,R=1,C=1,Y=1,S=5 || L2:[sp=X,67] X=1,R=1,C=1,Y=1,K=15,S=1",-10217089.0,-163323000.0,1,C|X,1
C,4,C,1,Y,58,X,221,R,4,S,5,K,27,K,1,K,1,R,1,C,1,Y,1,X,70,S,1,"L1:[sp=C,4] C=1,Y=58,X=221,R=4,S=5,K=27 || L2:[sp=K,1] K=1,R=1,C=1,Y=1,X=70,S=1",-10229681.0,-163323000.0,1,C|K,1
Y,4,Y,1,X,19,R,1,C,3,S,2,K,22,X,67,K,21,C,1,R,1,Y,1,S,2,X,1,"L1:[sp=Y,4] Y=1,X=19,R=1,C=3,S=2,K=22 || L2:[sp=X,67] K=21,C=1,R=1,Y=1,S=2,X=1",-10273537.0,-163323000.0,1,Y|X,1
Y,4,K,47,C,1,S,3,Y,1,R,2,X,46,X,67,S,2,Y,1,C,1,K,31,X,1,R,1,"L1:[sp=Y,4] K=47,C=1,S=3,Y=1,R=2,X=46 || L2:[sp=X,67] S=2,Y=1,C=1,K=31,X=1,R=1",-10412641.0,-163323000.0,1,Y|X,1
Y,4,K,64,C,2,S,3,Y,1,R,2,X,46,X,67,S,2,Y,1,C,1,X,1,K,21,R,1,"L1:[sp=Y,4] K=64,C=2,S=3,Y=1,R=2,X=46 || L2:[sp=X,67] S=2,Y=1,C=1,X=1,K=21,R=1",-10550401.0,-163323000.0,1,Y|X,1
Y,4,K,47,Y,1,R,2,X,120,C,1,S,3,X,60,S,1,Y,1,C,1,X,1,K,1,R,1,"L1:[sp=Y,4] K=47,Y=1,R=2,X=120,C=1,S=3 || L2:[sp=X,60] S=1,Y=1,C=1,X=1,K=1,R=1",-10553089.0,-163323000.0,1,Y|X,1
C,4,X,111,Y,15,R,1,C,2,K,7,S,2,X,111,S,1,X,1,C,1,K,1,Y,1,R,1,"L1:[sp=C,4] X=111,Y=15,R=1,C=2,K=7,S=2 || L2:[sp=X,111] S=1,X=1,C=1,K=1,Y=1,R=1",-10562161.0,-163323000.0,1,C|X,1
Y,4,K,47,C,1,S,3,Y,1,R,2,X,46,X,67,S,2,Y,1,C,1,X,1,K,2,R,1,"L1:[sp=Y,4] K=47,C=1,S=3,Y=1,R=2,X=46 || L2:[sp=X,67] S=2,Y=1,C=1,X=1,K=2,R=1",-10577281.0,-163323000.0,1,Y|X,1
Y,4,C,2,K,45,Y,1,X,190,R,3,S,3,X,67,Y,1,S,1,C,1,X,1,K,36,R,1,"L1:[sp=Y,4] C=2,K=45,Y=1,X=190,R=3,S=3 || L2:[sp=X,67] Y=1,S=1,C=1,X=1,K=36,R=1",-10581409.0,-163323000.0,1,Y|X,1
C,4,S,1,Y,15,R,1,C,3,X,111,K,7,X,67,S,1,R,1,C,2,Y,12,K,2,X,1,"L1:[sp=C,4] S=1,Y=15,R=1,C=3,X=111,K=7 || L2:[sp=X,67] S=1,R=1,C=2,Y=12,K=2,X=1",-10606051.0,-163323000.0,1,C|X,1
C,4,S,3,Y,15,R,6,C,3,K,7,X,111,X,67,S,2,R,1,C,1,Y,1,K,2,X,1,"L1:[sp=C,4] S=3,Y=15,R=6,C=3,K=7,X=111 || L2:[sp=X,67] S=2,R=1,C=1,Y=1,K=2,X=1",-11065609.0,-163323000.0,1,C|X,1
Y,4,K,47,C,1,S,3,Y,1,R,1,X,24,X,67,S,3,Y,1,C,1,X,1,K,21,R,1,"L1:[sp=Y,4] K=47,C=1,S=3,Y=1,R=1,X=24 || L2:[sp=X,67] S=3,Y=1,C=1,X=1,K=21,R=1",-11148481.0,-163323000.0,1,Y|X,1
Y,4,X,120,Y,1,R,3,K,46,C,1,S,6,X,67,C,1,S,4,Y,1,X,1,K,21,R,1,"L1:[sp=Y,4] X=120,Y=1,R=3,K=46,C=1,S=6 || L2:[sp=X,67] C=1,S=4,Y=1,X=1,K=21,R=1",-11196793.0,-163323000.0,1,Y|X,1
C,4,X,111,Y,15,R,1,C,2,K,7,S,5,X,111,S,1,X,1,C,2,K,1,Y,1,R,1,"L1:[sp=C,4] X=111,Y=15,R=1,C=2,K=7,S=5 || L2:[sp=X,111] S=1,X=1,C=2,K=1,Y=1,R=1",-11247825.0,-163323000.0,1,C|X,1
C,4,S,1,Y,15,R,1,C,3,K,7,X,111,X,67,S,1,R,1,C,1,K,7,Y,1,X,1,"L1:[sp=C,4] S=1,Y=15,R=1,C=3,K=7,X=111 || L2:[sp=X,67] S=1,R=1,C=1,K=7,Y=1,X=1",-11546851.0,-163323000.0,1,C|X,1
X,121,K,21,S,6,C,2,X,134,Y,7,R,4,X,35,R,1,Y,1,K,1,C,1,X,1,S,1,"L1:[sp=X,121] K=21,S=6,C=2,X=134,Y=7,R=4 || L2:[sp=X,35] R=1,Y=1,K=1,C=1,X=1,S=1",-11930369.0,-163323000.0,1,X|X,1
X,121,K,21,S,6,C,2,X,134,Y,7,R,4,X,35,R,1,Y,1,K,1,S,1,X,1,C,1,"L1:[sp=X,121] K=21,S=6,C=2,X=134,Y=7,R=4 || L2:[sp=X,35] R=1,Y=1,K=1,S=1,X=1,C=1",-11930369.0,-163323000.0,1,X|X,1
X,4,C,1,K,27,X,90,R,4,S,5,Y,222,C,1,K,1,R,1,S,1,Y,30,X,1,C,1,"L1:[sp=X,4] C=1,K=27,X=90,R=4,S=5,Y=222 || L2:[sp=C,1] K=1,R=1,S=1,Y=30,X=1,C=1",-12380965.0,-163323000.0,1,X|C,1
C,55,X,54,S,1,Y,15,R,4,K,32,C,1,K,30,Y,1,K,1,R,1,S,1,X,30,C,1,"L1:[sp=C,55] X=54,S=1,Y=15,R=4,K=32,C=1 || L2:[sp=K,30] Y=1,K=1,R=1,S=1,X=30,C=1",-12514741.0,-163323000.0,1,C|K,1
C,4,R,7,Y,15,S,2,C,3,K,7,X,197,X,67,S,1,R,1,C,1,K,7,Y,1,X,1,"L1:[sp=C,4] R=7,Y=15,S=2,C=3,K=7,X=197 || L2:[sp=X,67] S=1,R=1,C=1,K=7,Y=1,X=1",-12678481.0,-163323000.0,1,C|X,1
C,4,S,3,Y,15,R,1,C,2,K,7,X,27,X,67,S,1,X,1,C,2,K,1,Y,4,R,1,"L1:[sp=C,4] S=3,Y=15,R=1,C=2,K=7,X=27 || L2:[sp=X,67] S=1,X=1,C=2,K=1,Y=4,R=1",-12729151.0,-163323000.0,1,C|X,1
Y,4,S,3,Y,15,R,1,C,2,X,26,K,7,X,67,S,1,R,1,X,1,Y,4,K,1,C,2,"L1:[sp=Y,4] S=3,Y=15,R=1,C=2,X=26,K=7 || L2:[sp=X,67] S=1,R=1,X=1,Y=4,K=1,C=2",-13577761.0,-163323000.0,1,Y|X,1
Y,4,X,120,Y,1,R,3,K,46,C,1,S,6,X,67,C,1,S,4,Y,1,X,1,K,31,R,1,"L1:[sp=Y,4] X=120,Y=1,R=3,K=46,C=1,S=6 || L2:[sp=X,67] C=1,S=4,Y=1,X=1,K=31,R=1",-13658329.0,-163324000.0,1,Y|X,1
C,55,X,54,S,6,Y,15,R,4,K,32,C,1,K,30,Y,1,K,1,R,1,S,1,X,30,C,1,"L1:[sp=C,55] X=54,S=6,Y=15,R=4,K=32,C=1 || L2:[sp=K,30] Y=1,K=1,R=1,S=1,X=30,C=1",-13816641.0,-163323000.0,1,C|K,1
Y,4,S,2,Y,1,R,4,C,3,X,197,K,7,X,42,S,1,R,1,C,1,Y,1,K,7,X,1,"L1:[sp=Y,4] S=2,Y=1,R=4,C=3,X=197,K=7 || L2:[sp=X,42] S=1,R=1,C=1,Y=1,K=7,X=1",-13838721.0,-163323000.0,1,Y|X,1
K,142,S,1,C,1,X,1,R,1,K,1,Y,1,C,1,K,1,S,1,Y,1,C,1,X,1,R,1,"L1:[sp=K,142] S=1,C=1,X=1,R=1,K=1,Y=1 || L2:[sp=C,1] K=1,S=1,Y=1,C=1,X=1,R=1",-14751745.0,-163323000.0,1,K|C,1
Y,4,K,47,X,120,S,3,Y,1,C,1,R,3,X,67,S,1,Y,1,C,1,X,1,K,16,R,1,"L1:[sp=Y,4] K=47,X=120,S=3,Y=1,C=1,R=3 || L2:[sp=X,67] S=1,Y=1,C=1,X=1,K=16,R=1",-15284701.0,-163323000.0,1,Y|X,1
Y,4,C,2,Y,1,R,1,K,25,X,13,S,3,X,67,Y,1,S,1,C,1,X,1,K,21,R,1,"L1:[sp=Y,4] C=2,Y=1,R=1,K=25,X=13,S=3 || L2:[sp=X,67] Y=1,S=1,C=1,X=1,K=21,R=1",-16257025.0,-163323000.0,1,Y|X,1
Y,4,S,2,Y,1,R,1,C,3,K,7,X,197,K,7,C,1,R,1,X,1,K,5,Y,1,S,1,"L1:[sp=Y,4] S=2,Y=1,R=1,C=3,K=7,X=197 || L2:[sp=K,7] C=1,R=1,X=1,K=5,Y=1,S=1",-16543101.0,-163324000.0,1,Y|K,1
C,4,S,3,Y,15,R,6,C,3,K,7,X,44,X,67,S,2,R,1,C,1,Y,1,K,2,X,1,"L1:[sp=C,4] S=3,Y=15,R=6,C=3,K=7,X=44 || L2:[sp=X,67] S=2,R=1,C=1,Y=1,K=2,X=1",-16601113.0,-163323000.0,1,C|X,1
X,4,S,4,K,22,X,190,R,4,Y,1,C,3,X,67,X,1,R,1,C,1,Y,1,K,21,S,1,"L1:[sp=X,4] S=4,K=22,X=190,R=4,Y=1,C=3 || L2:[sp=X,67] X=1,R=1,C=1,Y=1,K=21,S=1",-17545633.0,-163323000.0,1,X|X,1
K,4,K,22,X,190,R,4,C,3,S,5,Y,1,X,67,K,6,R,1,C,2,Y,1,S,4,X,1,"L1:[sp=K,4] K=22,X=190,R=4,C=3,S=5,Y=1 || L2:[sp=X,67] K=6,R=1,C=2,Y=1,S=4,X=1",-19607121.0,-163323000.0,1,K|X,1
C,55,X,1,S,1,K,32,R,1,Y,51,C,2,K,30,Y,1,K,1,R,1,S,1,X,1,C,2,"L1:[sp=C,55] X=1,S=1,K=32,R=1,Y=51,C=2 || L2:[sp=K,30] Y=1,K=1,R=1,S=1,X=1,C=2",-19778753.0,-163323000.0,1,C|K,1
C,4,S,5,Y,51,R,4,C,3,K,7,X,27,X,67,C,1,X,1,S,2,K,1,Y,1,R,1,"L1:[sp=C,4] S=5,Y=51,R=4,C=3,K=7,X=27 || L2:[sp=X,67] C=1,X=1,S=2,K=1,Y=1,R=1",-19984393.0,-163323000.0,1,C|X,1
C,4,Y,222,S,2,X,223,R,4,C,1,K,1,K,1,X,1,C,1,R,4,S,1,K,1,Y,98,"L1:[sp=C,4] Y=222,S=2,X=223,R=4,C=1,K=1 || L2:[sp=K,1] X=1,C=1,R=4,S=1,K=1,Y=98",-20070913.0,-163323000.0,1,C|K,1
Y,4,X,120,R,3,Y,1,K,20,S,6,C,3,X,67,C,1,S,3,K,20,X,1,Y,1,R,1,"L1:[sp=Y,4] X=120,R=3,Y=1,K=20,S=6,C=3 || L2:[sp=X,67] C=1,S=3,K=20,X=1,Y=1,R=1",-20145169.0,-163323000.0,1,Y|X,1
Y,4,K,57,S,3,C,1,X,98,R,4,Y,1,X,67,S,1,Y,1,C,1,X,1,K,4,R,1,"L1:[sp=Y,4] K=57,S=3,C=1,X=98,R=4,Y=1 || L2:[sp=X,67] S=1,Y=1,C=1,X=1,K=4,R=1",-20245069.0,-163323000.0,1,Y|X,1
K,4,X,197,S,3,K,22,C,3,Y,1,R,7,X,67,S,1,R,1,C,1,Y,1,X,1,K,21,"L1:[sp=K,4] X=197,S=3,K=22,C=3,Y=1,R=7 || L2:[sp=X,67] S=1,R=1,C=1,Y=1,X=1,K=21",-20640241.0,-163323000.0,1,K|X,1
Y,4,K,36,R,5,Y,1,X,120,C,3,S,3,X,67,S,2,Y,1,R,1,K,1,X,1,C,1,"L1:[sp=Y,4] K=36,R=5,Y=1,X=120,C=3,S=3 || L2:[sp=X,67] S=2,Y=1,R=1,K=1,X=1,C=1",-20700241.0,-163323000.0,1,Y|X,1
C,4,K,19,C,2,Y,222,R,6,S,2,X,173,K,1,K,3,X,1,C,1,Y,21,R,2,S,1,"L1:[sp=C,4] K=19,C=2,Y=222,R=6,S=2,X=173 || L2:[sp=K,1] K=3,X=1,C=1,Y=21,R=2,S=1",-20966465.0,-163323000.0,1,C|K,1
Y,142,S,1,R,5,X,1,C,1,K,39,Y,1,C,1,K,1,S,1,Y,1,C,1,X,1,R,1,"L1:[sp=Y,142] S=1,R=5,X=1,C=1,K=39,Y=1 || L2:[sp=C,1] K=1,S=1,Y=1,C=1,X=1,R=1",-21111553.0,-163323000.0,1,Y|C,1
C,55,X,21,S,3,K,32,R,1,Y,51,C,2,K,30,Y,11,K,1,R,1,S,1,X,1,C,2,"L1:[sp=C,55] X=21,S=3,K=32,R=1,Y=51,C=2 || L2:[sp=K,30] Y=11,K=1,R=1,S=1,X=1,C=2",-21236167.0,-163324000.0,1,C|K,1
Y,4,Y,210,R,4,X,223,K,1,S,6,C,2,K,2,Y,1,X,24,R,1,C,2,S,1,K,1,"L1:[sp=Y,4] Y=210,R=4,X=223,K=1,S=6,C=2 || L2:[sp=K,2] Y=1,X=24,R=1,C=2,S=1,K=1",-21375489.0,-163323000.0,1,Y|K,1
K,4,R,6,X,223,S,5,C,3,Y,109,K,27,X,27,K,1,R,2,C,2,Y,1,X,21,S,1,"L1:[sp=K,4] R=6,X=223,S=5,C=3,Y=109,K=27 || L2:[sp=X,27] K=1,R=2,C=2,Y=1,X=21,S=1",-22004149.0,-163323000.0,1,K|X,1
C,55,X,27,S,5,Y,51,R,4,K,32,C,2,K,30,Y,1,K,1,R,1,S,1,X,1,C,1,"L1:[sp=C,55] X=27,S=5,Y=51,R=4,K=32,C=2 || L2:[sp=K,30] Y=1,K=1,R=1,S=1,X=1,C=1",-23683433.0,-163324000.0,1,C|K,1
C,55,X,27,S,5,Y,51,R,4,K,32,C,2,K,30,Y,1,K,1,R,1,S,1,X,17,C,1,"L1:[sp=C,55] X=27,S=5,Y=51,R=4,K=32,C=2 || L2:[sp=K,30] Y=1,K=1,R=1,S=1,X=17,C=1",-24238505.0,-163324000.0,1,C|K,1
X,55,X,1,S,3,K,32,R,1,Y,1,C,2,K,30,Y,1,K,1,R,1,C,2,X,1,S,1,"L1:[sp=X,55] X=1,S=3,K=32,R=1,Y=1,C=2 || L2:[sp=K,30] Y=1,K=1,R=1,C=2,X=1,S=1",-24554881.0,-163323000.0,1,X|K,1
Y,142,S,2,C,1,X,1,R,3,K,39,Y,1,C,1,K,1,S,1,Y,1,C,1,X,1,R,1,"L1:[sp=Y,142] S=2,C=1,X=1,R=3,K=39,Y=1 || L2:[sp=C,1] K=1,S=1,Y=1,C=1,X=1,R=1",-25207921.0,-163323000.0,1,Y|C,1
Y,142,S,6,C,1,X,1,R,1,K,39,Y,1,C,1,K,4,S,1,Y,1,C,1,X,1,R,1,"L1:[sp=Y,142] S=6,C=1,X=1,R=1,K=39,Y=1 || L2:[sp=C,1] K=4,S=1,Y=1,C=1,X=1,R=1",-25533649.0,-163323000.0,1,Y|C,1
Y,4,K,47,Y,1,S,3,X,133,C,3,R,5,X,67,S,1,Y,1,C,1,X,1,K,1,R,1,"L1:[sp=Y,4] K=47,Y=1,S=3,X=133,C=3,R=5 || L2:[sp=X,67] S=1,Y=1,C=1,X=1,K=1,R=1",-25874641.0,-163323000.0,1,Y|X,1
Y,4,S,2,Y,1,R,1,C,3,K,7,X,11,X,67,S,2,R,1,C,1,Y,1,K,1,X,1,"L1:[sp=Y,4] S=2,Y=1,R=1,C=3,K=7,X=11 || L2:[sp=X,67] S=2,R=1,C=1,Y=1,K=1,X=1",-25947265.0,-163323000.0,1,Y|X,1
C,4,S,3,Y,15,K,7,C,3,R,1,X,111,X,67,S,1,R,1,C,1,K,4,Y,1,X,6,"L1:[sp=C,4] S=3,Y=15,K=7,C=3,R=1,X=111 || L2:[sp=X,67] S=1,R=1,C=1,K=4,Y=1,X=6",-26085277.0,-163323000.0,1,C|X,1
Y,4,K,47,Y,1,X,120,R,6,C,1,S,3,K,47,C,1,Y,1,S,1,X,40,K,1,R,1,"L1:[sp=Y,4] K=47,Y=1,X=120,R=6,C=1,S=3 || L2:[sp=K,47] C=1,Y=1,S=1,X=40,K=1,R=1",-26274745.0,-163323000.0,1,Y|K,1
C,4,K,47,Y,1,X,120,R,6,C,1,S,3,K,47,C,1,Y,1,X,15,S,1,K,1,R,1,"L1:[sp=C,4] K=47,Y=1,X=120,R=6,C=1,S=3 || L2:[sp=K,47] C=1,Y=1,X=15,S=1,K=1,R=1",-27562465.0,-163323000.0,1,C|K,1
Y,4,C,2,K,56,R,4,X,59,Y,1,S,6,X,67,C,2,S,3,Y,1,X,1,K,10,R,1,"L1:[sp=Y,4] C=2,K=56,R=4,X=59,Y=1,S=6 || L2:[sp=X,67] C=2,S=3,Y=1,X=1,K=10,R=1",-27755329.0,-163323000.0,1,Y|X,1
Y,4,R,7,Y,1,K,46,S,3,C,1,X,111,X,67,S,1,Y,1,X,1,C,1,K,1,R,1,"L1:[sp=Y,4] R=7,Y=1,K=46,S=3,C=1,X=111 || L2:[sp=X,67] S=1,Y=1,X=1,C=1,K=1,R=1",-28717141.0,-163323000.0,1,Y|X,1
X,4,K,8,Y,1,R,7,X,120,S,3,C,1,X,67,R,1,Y,1,C,1,X,1,K,1,S,1,"L1:[sp=X,4] K=8,Y=1,R=7,X=120,S=3,C=1 || L2:[sp=X,67] R=1,Y=1,C=1,X=1,K=1,S=1",-28728913.0,-163323000.0,1,X|X,1
K,4,S,3,X,3,R,1,Y,186,C,2,K,61,Y,21,Y,1,C,1,S,2,X,1,K,2,R,1,"L1:[sp=K,4] S=3,X=3,R=1,Y=186,C=2,K=61 || L2:[sp=Y,21] Y=1,C=1,S=2,X=1,K=2,R=1",-29202769.0,-163323000.0,1,K|Y,1
C,4,X,197,K,7,R,5,C,1,Y,1,S,2,X,84,X,1,R,1,C,1,Y,1,K,7,S,1,"L1:[sp=C,4] X=197,K=7,R=5,C=1,Y=1,S=2 || L2:[sp=X,84] X=1,R=1,C=1,Y=1,K=7,S=1",-30254401.0,-163323000.0,1,C|X,1
C,4,K,19,C,3,Y,222,R,6,S,6,X,173,K,1,K,3,X,1,C,1,Y,21,R,2,S,1,"L1:[sp=C,4] K=19,C=3,Y=222,R=6,S=6,X=173 || L2:[sp=K,1] K=3,X=1,C=1,Y=21,R=2,S=1",-32008737.0,-163323000.0,1,C|K,1
K,4,C,3,S,7,Y,222,R,4,K,27,X,144,C,1,K,1,R,1,C,1,Y,94,X,1,S,1,"L1:[sp=K,4] C=3,S=7,Y=222,R=4,K=27,X=144 || L2:[sp=C,1] K=1,R=1,C=1,Y=94,X=1,S=1",-32863325.0,-163323000.0,1,K|C,1
Y,4,X,207,K,35,R,6,S,2,Y,1,C,3,X,67,K,21,R,1,C,1,Y,1,X,1,S,1,"L1:[sp=Y,4] X=207,K=35,R=6,S=2,Y=1,C=3 || L2:[sp=X,67] K=21,R=1,C=1,Y=1,X=1,S=1",-33960521.0,-163323000.0,1,Y|X,1
C,4,S,3,Y,15,R,1,C,3,K,7,X,111,Y,15,S,2,X,1,C,1,Y,1,K,7,R,1,"L1:[sp=C,4] S=3,Y=15,R=1,C=3,K=7,X=111 || L2:[sp=Y,15] S=2,X=1,C=1,Y=1,K=7,R=1",-34580701.0,-163323000.0,1,C|Y,1
Y,4,S,7,X,93,R,7,C,3,Y,1,K,7,X,67,S,1,R,1,C,1,Y,1,K,1,X,1,"L1:[sp=Y,4] S=7,X=93,R=7,C=3,Y=1,K=7 || L2:[sp=X,67] S=1,R=1,C=1,Y=1,K=1,X=1",-35894791.0,-163323000.0,1,Y|X,1
Y,4,S,3,X,223,C,2,Y,186,R,4,K,2,K,21,S,3,C,1,Y,1,X,26,K,2,R,2,"L1:[sp=Y,4] S=3,X=223,C=2,Y=186,R=4,K=2 || L2:[sp=K,21] S=3,C=1,Y=1,X=26,K=2,R=2",-36385153.0,-163323000.0,1,Y|K,1
C,55,X,1,S,4,Y,163,R,3,K,32,C,1,K,30,Y,1,K,1,R,1,S,1,X,1,C,1,"L1:[sp=C,55] X=1,S=4,Y=163,R=3,K=32,C=1 || L2:[sp=K,30] Y=1,K=1,R=1,S=1,X=1,C=1",-39162969.0,-163323000.0,1,C|K,1
Y,4,C,2,K,56,R,6,X,59,Y,1,S,6,X,67,C,2,S,3,Y,1,X,1,K,10,R,1,"L1:[sp=Y,4] C=2,K=56,R=6,X=59,Y=1,S=6 || L2:[sp=X,67] C=2,S=3,Y=1,X=1,K=10,R=1",-41254401.0,-163323000.0,1,Y|X,1
Y,142,S,3,C,1,X,6,R,1,K,1,Y,15,C,1,K,1,S,1,Y,1,C,1,X,1,R,1,"L1:[sp=Y,142] S=3,C=1,X=6,R=1,K=1,Y=15 || L2:[sp=C,1] K=1,S=1,Y=1,C=1,X=1,R=1",-41920705.0,-163323000.0,1,Y|C,1
C,4,R,3,X,41,C,2,S,5,K,1,Y,222,X,8,X,1,K,1,C,1,Y,70,S,1,R,2,"L1:[sp=C,4] R=3,X=41,C=2,S=5,K=1,Y=222 || L2:[sp=X,8] X=1,K=1,C=1,Y=70,S=1,R=2",-46364929.0,-163324000.0,1,C|X,1
C,4,Y,186,X,223,R,4,S,3,K,2,C,3,K,3,K,1,C,1,S,3,R,1,Y,1,X,88,"L1:[sp=C,4] Y=186,X=223,R=4,S=3,K=2,C=3 || L2:[sp=K,3] K=1,C=1,S=3,R=1,Y=1,X=88",-63153601.0,-163323000.0,1,C|K,1
C,4,S,2,Y,1,R,1,C,3,K,9,X,197,X,67,S,1,R,1,C,1,Y,1,K,2,X,18,"L1:[sp=C,4] S=2,Y=1,R=1,C=3,K=9,X=197 || L2:[sp=X,67] S=1,R=1,C=1,Y=1,K=2,X=18",-75966465.0,-163323000.0,1,C|X,1
X,4,S,2,Y,1,R,1,C,3,K,7,X,111,C,67,S,1,R,1,C,1,Y,1,K,1,X,1,"L1:[sp=X,4] S=2,Y=1,R=1,C=3,K=7,X=111 || L2:[sp=C,67] S=1,R=1,C=1,Y=1,K=1,X=1",-80206337.0,-163323000.0,1,X|C,1
Y,4,X,221,R,4,C,1,Y,194,S,5,K,27,K,1,K,1,R,1,C,1,Y,1,X,89,S,1,"L1:[sp=Y,4] X=221,R=4,C=1,Y=194,S=5,K=27 || L2:[sp=K,1] K=1,R=1,C=1,Y=1,X=89,S=1",-85255333.0,-163324000.0,1,Y|K,1
C,55,X,1,S,2,Y,1,R,6,K,45,C,1,K,30,Y,1,K,1,R,1,S,1,X,1,C,1,"L1:[sp=C,55] X=1,S=2,Y=1,R=6,K=45,C=1 || L2:[sp=K,30] Y=1,K=1,R=1,S=1,X=1,C=1",-86929861.0,-163323000.0,1,C|K,1
X,4,S,2,K,22,R,1,C,3,Y,1,X,176,C,67,X,1,R,1,C,1,Y,1,K,21,S,1,"L1:[sp=X,4] S=2,K=22,R=1,C=3,Y=1,X=176 || L2:[sp=C,67] X=1,R=1,C=1,Y=1,K=21,S=1",-87442657.0,-163323000.0,1,X|C,1
X,4,X,53,C,1,S,3,R,1,Y,1,K,47,Y,6,S,1,Y,1,C,1,X,1,K,21,R,1,"L1:[sp=X,4] X=53,C=1,S=3,R=1,Y=1,K=47 || L2:[sp=Y,6] S=1,Y=1,C=1,X=1,K=21,R=1",-94202305.0,-163323000.0,1,X|Y,1
X,4,S,3,Y,15,R,1,C,3,K,7,X,111,C,67,S,3,R,1,C,1,K,5,Y,1,X,1,"L1:[sp=X,4] S=3,Y=15,R=1,C=3,K=7,X=111 || L2:[sp=C,67] S=3,R=1,C=1,K=5,Y=1,X=1",-101821231.0,-163323000.0,1,X|C,1
X,4,S,3,Y,15,R,6,X,111,K,7,C,3,C,67,S,2,Y,1,R,1,K,1,C,1,X,1,"L1:[sp=X,4] S=3,Y=15,R=6,X=111,K=7,C=3 || L2:[sp=C,67] S=2,Y=1,R=1,K=1,C=1,X=1",-103263109.0,-163323000.0,1,X|C,1
X,4,S,3,Y,15,R,6,C,3,K,7,X,111,C,67,S,2,R,1,C,1,Y,1,K,2,X,1,"L1:[sp=X,4] S=3,Y=15,R=6,C=3,K=7,X=111 || L2:[sp=C,67] S=2,R=1,C=1,Y=1,K=2,X=1",-103263109.0,-163323000.0,1,X|C,1
Y,142,S,1,C,1,X,1,Y,51,K,39,R,1,C,1,K,1,S,1,Y,1,C,1,X,1,R,1,"L1:[sp=Y,142] S=1,C=1,X=1,Y=51,K=39,R=1 || L2:[sp=C,1] K=1,S=1,Y=1,C=1,X=1,R=1",-107542849.0,-163323000.0,1,Y|C,1
X,4,X,41,K,46,R,1,C,1,Y,1,S,5,K,67,Y,1,R,1,C,1,X,1,K,21,S,4,"L1:[sp=X,4] X=41,K=46,R=1,C=1,Y=1,S=5 || L2:[sp=K,67] Y=1,R=1,C=1,X=1,K=21,S=4",-118597249.0,-163323000.0,1,X|K,1
K,4,R,1,K,29,X,207,C,1,Y,1,S,5,K,29,X,1,R,1,C,1,Y,1,K,21,S,4,"L1:[sp=K,4] R=1,K=29,X=207,C=1,Y=1,S=5 || L2:[sp=K,29] X=1,R=1,C=1,Y=1,K=21,S=4",-131599105.0,-163323000.0,1,K|K,1
C,55,X,35,S,1,Y,1,R,1,K,28,C,1,K,30,Y,1,K,18,R,1,S,1,X,1,C,1,"L1:[sp=C,55] X=35,S=1,Y=1,R=1,K=28,C=1 || L2:[sp=K,30] Y=1,K=18,R=1,S=1,X=1,C=1",-132996193.0,-163323000.0,1,C|K,1
X,4,Y,1,S,1,R,1,C,3,K,7,X,197,C,67,S,1,X,1,C,1,K,5,Y,1,R,1,"L1:[sp=X,4] Y=1,S=1,R=1,C=3,K=7,X=197 || L2:[sp=C,67] S=1,X=1,C=1,K=5,Y=1,R=1",-140657441.0,-163323000.0,1,X|C,1
C,4,K,57,Y,1,C,1,X,120,R,1,S,7,Y,1,C,1,Y,1,S,7,X,1,K,4,R,1,"L1:[sp=C,4] K=57,Y=1,C=1,X=120,R=1,S=7 || L2:[sp=Y,1] C=1,Y=1,S=7,X=1,K=4,R=1",-148357889.0,-163323000.0,1,C|Y,1
C,4,K,47,Y,1,R,1,X,222,S,3,C,1,X,1,R,1,Y,1,C,1,S,1,K,1,X,1,"L1:[sp=C,4] K=47,Y=1,R=1,X=222,S=3,C=1 || L2:[sp=X,1] R=1,Y=1,C=1,S=1,K=1,X=1",-157361345.0,-163323000.0,1,C|X,1
C,36,K,4,X,1,Y,163,S,2,C,1,R,3,K,2,S,1,K,1,R,1,Y,1,C,1,X,1,"L1:[sp=C,36] K=4,X=1,Y=163,S=2,C=1,R=3 || L2:[sp=K,2] S=1,K=1,R=1,Y=1,C=1,X=1",-158133761.0,-163323000.0,1,C|K,1
C,4,K,47,Y,1,R,1,X,184,S,3,C,1,X,1,R,1,Y,1,C,1,S,1,K,1,X,1,"L1:[sp=C,4] K=47,Y=1,R=1,X=184,S=3,C=1 || L2:[sp=X,1] R=1,Y=1,C=1,S=1,K=1,X=1",-158775681.0,-163323000.0,1,C|X,1
C,142,S,1,C,1,X,1,R,1,Y,1,K,43,C,1,K,1,S,1,Y,1,C,1,X,1,R,1,"L1:[sp=C,142] S=1,C=1,X=1,R=1,Y=1,K=43 || L2:[sp=C,1] K=1,S=1,Y=1,C=1,X=1,R=1",-162269185.0,-163323000.0,1,C|C,1
C,142,S,1,K,52,X,1,R,1,C,1,Y,1,Y,1,K,1,S,1,Y,1,C,1,X,1,R,1,"L1:[sp=C,142] S=1,K=52,X=1,R=1,C=1,Y=1 || L2:[sp=Y,1] K=1,S=1,Y=1,C=1,X=1,R=1",-162269185.0,-163323000.0,1,C|Y,1
C,142,S,1,R,1,X,1,C,1,K,27,Y,1,C,1,K,1,S,1,Y,1,C,1,X,1,R,1,"L1:[sp=C,142] S=1,R=1,X=1,C=1,K=27,Y=1 || L2:[sp=C,1] K=1,S=1,Y=1,C=1,X=1,R=1",-164727809.0,-163323000.0,1,C|C,1
K,55,X,54,S,5,Y,15,R,1,K,32,C,2,C,30,Y,1,K,1,R,1,S,1,X,1,C,1,"L1:[sp=K,55] X=54,S=5,Y=15,R=1,K=32,C=2 || L2:[sp=C,30] Y=1,K=1,R=1,S=1,X=1,C=1",-168593461.0,-163323000.0,1,K|C,1
C,4,K,56,C,1,S,3,Y,1,R,1,X,120,Y,1,S,2,Y,1,K,21,X,1,C,1,R,1,"L1:[sp=C,4] K=56,C=1,S=3,Y=1,R=1,X=120 || L2:[sp=Y,1] S=2,Y=1,K=21,X=1,C=1,R=1",-172122497.0,-163323000.0,1,C|Y,1
X,4,S,3,Y,15,R,1,C,2,K,7,X,111,C,67,S,1,R,1,C,1,K,7,Y,1,X,18,"L1:[sp=X,4] S=3,Y=15,R=1,C=2,K=7,X=111 || L2:[sp=C,67] S=1,R=1,C=1,K=7,Y=1,X=18",-173646621.0,-163324000.0,1,X|C,1
C,4,S,3,C,2,R,5,Y,186,X,8,K,2,C,2,S,2,C,1,K,2,X,1,Y,1,R,1,"L1:[sp=C,4] S=3,C=2,R=5,Y=186,X=8,K=2 || L2:[sp=C,2] S=2,C=1,K=2,X=1,Y=1,R=1",-178762753.0,-163323000.0,1,C|C,1
Y,4,S,2,Y,1,R,1,C,3,X,197,K,7,X,67,S,2,R,1,C,1,Y,1,K,1,X,85,"L1:[sp=Y,4] S=2,Y=1,R=1,C=3,X=197,K=7 || L2:[sp=X,67] S=2,R=1,C=1,Y=1,K=1,X=85",-204780801.0,-163323000.0,1,Y|X,1
C,4,X,111,Y,15,R,1,C,2,K,7,S,6,X,111,S,1,X,49,C,1,K,1,Y,1,R,1,"L1:[sp=C,4] X=111,Y=15,R=1,C=2,K=7,S=6 || L2:[sp=X,111] S=1,X=49,C=1,K=1,Y=1,R=1",-206532817.0,-163323000.0,1,C|X,1
X,4,K,36,R,1,C,3,X,162,Y,1,S,3,Y,67,S,1,Y,1,R,1,K,30,X,1,C,1,"L1:[sp=X,4] K=36,R=1,C=3,X=162,Y=1,S=3 || L2:[sp=Y,67] S=1,Y=1,R=1,K=30,X=1,C=1",-226817473.0,-163323000.0,1,X|Y,1
X,4,K,47,Y,1,C,1,S,3,R,4,X,120,Y,67,S,2,Y,1,C,1,X,1,R,1,K,18,"L1:[sp=X,4] K=47,Y=1,C=1,S=3,R=4,X=120 || L2:[sp=Y,67] S=2,Y=1,C=1,X=1,R=1,K=18",-228001723.0,-163323000.0,1,X|Y,1
X,4,X,120,Y,1,R,1,K,46,C,1,S,6,Y,67,Y,1,S,4,C,1,X,1,K,21,R,1,"L1:[sp=X,4] X=120,Y=1,R=1,K=46,C=1,S=6 || L2:[sp=Y,67] Y=1,S=4,C=1,X=1,K=21,R=1",-229574017.0,-163323000.0,1,X|Y,1
Y,4,S,1,K,7,R,1,C,3,Y,1,X,197,X,67,S,1,Y,1,C,1,R,1,K,1,X,109,"L1:[sp=Y,4] S=1,K=7,R=1,C=3,Y=1,X=197 || L2:[sp=X,67] S=1,Y=1,C=1,R=1,K=1,X=109",-229815489.0,-163323000.0,1,Y|X,1
X,4,C,1,K,45,R,1,X,120,Y,1,S,1,Y,67,C,1,S,1,Y,1,X,7,K,10,R,1,"L1:[sp=X,4] C=1,K=45,R=1,X=120,Y=1,S=1 || L2:[sp=Y,67] C=1,S=1,Y=1,X=7,K=10,R=1",-237147457.0,-163323000.0,1,X|Y,1
X,4,X,111,Y,1,R,1,K,46,C,2,S,6,Y,67,S,1,Y,1,C,1,X,1,K,1,R,1,"L1:[sp=X,4] X=111,Y=1,R=1,K=46,C=2,S=6 || L2:[sp=Y,67] S=1,Y=1,C=1,X=1,K=1,R=1",-244470017.0,-163323000.0,1,X|Y,1
C,4,S,1,Y,15,R,1,C,3,K,7,X,214,X,67,S,1,R,1,C,1,K,1,Y,1,X,58,"L1:[sp=C,4] S=1,Y=15,R=1,C=3,K=7,X=214 || L2:[sp=X,67] S=1,R=1,C=1,K=1,Y=1,X=58",-244472173.0,-163324000.0,1,C|X,1
Y,4,X,120,Y,1,R,1,K,46,C,1,S,6,X,67,S,1,Y,1,C,1,X,116,K,1,R,1,"L1:[sp=Y,4] X=120,Y=1,R=1,K=46,C=1,S=6 || L2:[sp=X,67] S=1,Y=1,C=1,X=116,K=1,R=1",-244476289.0,-163324000.0,1,Y|X,1
X,4,K,57,S,3,C,1,X,120,R,1,Y,2,C,1,S,1,Y,2,C,1,X,1,K,4,R,1,"L1:[sp=X,4] K=57,S=3,C=1,X=120,R=1,Y=2 || L2:[sp=C,1] S=1,Y=2,C=1,X=1,K=4,R=1",-249081505.0,-163323000.0,1,X|C,1
X,4,K,47,Y,1,R,1,X,120,S,7,C,1,C,1,R,1,Y,1,C,1,X,1,K,1,S,5,"L1:[sp=X,4] K=47,Y=1,R=1,X=120,S=7,C=1 || L2:[sp=C,1] R=1,Y=1,C=1,X=1,K=1,S=5",-257111233.0,-163323000.0,1,X|C,1
X,4,S,3,Y,1,R,1,K,46,C,3,X,40,Y,67,S,2,Y,1,C,1,X,1,K,17,R,1,"L1:[sp=X,4] S=3,Y=1,R=1,K=46,C=3,X=40 || L2:[sp=Y,67] S=2,Y=1,C=1,X=1,K=17,R=1",-259336225.0,-163323000.0,1,X|Y,1
X,4,K,47,Y,1,C,1,X,120,R,1,S,3,C,67,S,1,Y,1,C,1,X,1,K,4,R,1,"L1:[sp=X,4] K=47,Y=1,C=1,X=120,R=1,S=3 || L2:[sp=C,67] S=1,Y=1,C=1,X=1,K=4,R=1",-265164481.0,-163323000.0,1,X|C,1
X,4,R,1,Y,1,C,2,S,5,K,47,X,46,Y,67,S,1,Y,1,K,18,X,1,C,1,R,1,"L1:[sp=X,4] R=1,Y=1,C=2,S=5,K=47,X=46 || L2:[sp=Y,67] S=1,Y=1,K=18,X=1,C=1,R=1",-267412993.0,-163323000.0,1,X|Y,1
X,4,X,46,S,3,C,2,K,57,R,1,Y,1,Y,67,R,1,Y,1,C,1,X,1,K,4,S,2,"L1:[sp=X,4] X=46,S=3,C=2,K=57,R=1,Y=1 || L2:[sp=Y,67] R=1,Y=1,C=1,X=1,K=4,S=2",-271580737.0,-163323000.0,1,X|Y,1
X,4,S,2,K,7,R,1,C,3,Y,1,X,12,Y,67,S,1,Y,1,C,1,R,1,K,4,X,1,"L1:[sp=X,4] S=2,K=7,R=1,C=3,Y=1,X=12 || L2:[sp=Y,67] S=1,Y=1,C=1,R=1,K=4,X=1",-272283201.0,-163323000.0,1,X|Y,1
X,4,X,190,K,22,R,4,C,3,Y,1,S,5,Y,67,K,21,R,1,C,1,Y,1,X,1,S,1,"L1:[sp=X,4] X=190,K=22,R=4,C=3,Y=1,S=5 || L2:[sp=Y,67] K=21,R=1,C=1,Y=1,X=1,S=1",-283614163.0,-163323000.0,1,X|Y,1
X,4,C,2,K,56,X,59,R,1,Y,1,S,6,Y,67,C,2,S,1,Y,1,X,1,K,53,R,1,"L1:[sp=X,4] C=2,K=56,X=59,R=1,Y=1,S=6 || L2:[sp=Y,67] C=2,S=1,Y=1,X=1,K=53,R=1",-287552385.0,-163323000.0,1,X|Y,1
X,4,S,2,C,3,R,1,K,22,Y,1,X,197,Y,67,X,1,Y,1,C,1,R,1,K,21,S,1,"L1:[sp=X,4] S=2,C=3,R=1,K=22,Y=1,X=197 || L2:[sp=Y,67] X=1,Y=1,C=1,R=1,K=21,S=1",-293407297.0,-163323000.0,1,X|Y,1
X,4,Y,1,K,46,R,1,C,1,X,207,S,5,Y,67,Y,1,C,1,X,1,R,1,K,21,S,4,"L1:[sp=X,4] Y=1,K=46,R=1,C=1,X=207,S=5 || L2:[sp=Y,67] Y=1,C=1,X=1,R=1,K=21,S=4",-293548417.0,-163323000.0,1,X|Y,1
X,4,Y,1,C,2,S,7,K,57,R,1,X,122,Y,67,X,1,S,1,Y,1,R,1,K,43,C,1,"L1:[sp=X,4] Y=1,C=2,S=7,K=57,R=1,X=122 || L2:[sp=Y,67] X=1,S=1,Y=1,R=1,K=43,C=1",-299255937.0,-163323000.0,1,X|Y,1
X,4,X,197,K,22,Y,1,C,1,R,1,S,7,C,67,X,1,R,1,C,1,Y,1,K,21,S,1,"L1:[sp=X,4] X=197,K=22,Y=1,C=1,R=1,S=7 || L2:[sp=C,67] X=1,R=1,C=1,Y=1,K=21,S=1",-300811393.0,-163323000.0,1,X|C,1
C,142,S,1,C,1,X,1,R,1,Y,1,K,1,C,1,K,1,S,1,Y,1,C,1,X,1,R,1,"L1:[sp=C,142] S=1,C=1,X=1,R=1,Y=1,K=1 || L2:[sp=C,1] K=1,S=1,Y=1,C=1,X=1,R=1",-314703873.0,-163323000.0,1,C|C,1
C,74,R,1,C,1,K,1,S,1,Y,1,X,1,X,9,R,1,Y,1,K,1,S,1,C,1,X,1,"L1:[sp=C,74] R=1,C=1,K=1,S=1,Y=1,X=1 || L2:[sp=X,9] R=1,Y=1,K=1,S=1,C=1,X=1",-314703873.0,-163323000.0,1,C|X,1
X,4,K,46,X,190,Y,1,R,1,C,1,S,3,Y,67,Y,1,S,1,R,1,X,1,K,21,C,1,"L1:[sp=X,4] K=46,X=190,Y=1,R=1,C=1,S=3 || L2:[sp=Y,67] Y=1,S=1,R=1,X=1,K=21,C=1",-316137025.0,-163323000.0,1,X|Y,1
X,4,X,120,Y,1,R,1,K,20,C,1,S,3,Y,40,Y,1,S,1,C,1,X,1,K,20,R,1,"L1:[sp=X,4] X=120,Y=1,R=1,K=20,C=1,S=3 || L2:[sp=Y,40] Y=1,S=1,C=1,X=1,K=20,R=1",-321433729.0,-163323000.0,1,X|Y,1
X,4,X,120,R,1,Y,1,K,20,C,1,S,3,Y,67,Y,1,S,1,K,20,X,1,C,1,R,1,"L1:[sp=X,4] X=120,R=1,Y=1,K=20,C=1,S=3 || L2:[sp=Y,67] Y=1,S=1,K=20,X=1,C=1,R=1",-321433729.0,-163323000.0,1,X|Y,1
X,4,K,22,X,190,R,1,C,2,S,2,Y,1,Y,67,K,21,R,1,C,1,Y,1,S,2,X,1,"L1:[sp=X,4] K=22,X=190,R=1,C=2,S=2,Y=1 || L2:[sp=Y,67] K=21,R=1,C=1,Y=1,S=2,X=1",-321791233.0,-163323000.0,1,X|Y,1
X,4,X,190,K,45,R,1,C,2,Y,1,S,3,Y,67,Y,1,S,1,C,1,X,1,K,36,R,1,"L1:[sp=X,4] X=190,K=45,R=1,C=2,Y=1,S=3 || L2:[sp=Y,67] Y=1,S=1,C=1,X=1,K=36,R=1",-341416321.0,-163323000.0,1,X|Y,1
X,4,K,36,R,1,C,3,X,162,Y,1,S,2,Y,67,S,1,Y,1,R,1,K,4,X,1,C,1,"L1:[sp=X,4] K=36,R=1,C=3,X=162,Y=1,S=2 || L2:[sp=Y,67] S=1,Y=1,R=1,K=4,X=1,C=1",-343517441.0,-163323000.0,1,X|Y,1
C,4,S,1,Y,1,R,1,C,1,K,7,X,1,X,67,C,1,X,1,S,1,K,1,Y,1,R,1,"L1:[sp=C,4] S=1,Y=1,R=1,C=1,K=7,X=1 || L2:[sp=X,67] C=1,X=1,S=1,K=1,Y=1,R=1",-363876353.0,-163323000.0,1,C|X,1
C,4,K,47,C,3,S,3,Y,1,X,171,R,2,Y,2,S,1,R,1,Y,1,X,1,K,20,C,2,"L1:[sp=C,4] K=47,C=3,S=3,Y=1,X=171,R=2 || L2:[sp=Y,2] S=1,R=1,Y=1,X=1,K=20,C=2",-400070029.0,-163323000.0,1,C|Y,1
C,4,S,4,Y,15,R,4,C,3,K,7,X,54,X,67,S,1,R,1,C,1,K,7,X,30,Y,1,"L1:[sp=C,4] S=4,Y=15,R=4,C=3,K=7,X=54 || L2:[sp=X,67] S=1,R=1,C=1,K=7,X=30,Y=1",-410574001.0,-163324000.0,1,C|X,1
X,4,S,2,Y,1,R,1,C,3,X,197,K,54,Y,67,S,1,R,1,C,3,X,1,K,1,Y,1,"L1:[sp=X,4] S=2,Y=1,R=1,C=3,X=197,K=54 || L2:[sp=Y,67] S=1,R=1,C=3,X=1,K=1,Y=1",-417276161.0,-163323000.0,1,X|Y,1
X,4,S,2,Y,1,K,57,C,3,X,197,R,1,Y,67,S,1,R,1,C,3,Y,1,K,1,X,23,"L1:[sp=X,4] S=2,Y=1,K=57,C=3,X=197,R=1 || L2:[sp=Y,67] S=1,R=1,C=3,Y=1,K=1,X=23",-417276161.0,-163323000.0,1,X|Y,1
X,4,S,2,Y,1,R,1,X,197,K,7,C,3,Y,67,S,1,R,1,C,1,Y,1,K,1,X,1,"L1:[sp=X,4] S=2,Y=1,R=1,X=197,K=7,C=3 || L2:[sp=Y,67] S=1,R=1,C=1,Y=1,K=1,X=1",-417326337.0,-163323000.0,1,X|Y,1
X,4,S,2,Y,1,R,1,C,3,K,7,X,197,Y,67,S,1,R,1,C,1,Y,1,K,1,X,1,"L1:[sp=X,4] S=2,Y=1,R=1,C=3,K=7,X=197 || L2:[sp=Y,67] S=1,R=1,C=1,Y=1,K=1,X=1",-417326337.0,-163323000.0,1,X|Y,1
X,4,S,2,Y,1,R,1,C,3,K,7,X,197,Y,67,X,1,R,1,C,1,K,1,Y,1,S,1,"L1:[sp=X,4] S=2,Y=1,R=1,C=3,K=7,X=197 || L2:[sp=Y,67] X=1,R=1,C=1,K=1,Y=1,S=1",-417326337.0,-163323000.0,1,X|Y,1
X,74,R,1,C,1,K,1,S,1,Y,1,X,211,C,9,R,1,Y,1,K,1,S,1,C,1,X,1,"L1:[sp=X,74] R=1,C=1,K=1,S=1,Y=1,X=211 || L2:[sp=C,9] R=1,Y=1,K=1,S=1,C=1,X=1",-446767105.0,-163323000.0,1,X|C,1
X,4,Y,1,C,3,S,2,K,57,R,1,X,122,Y,67,X,1,S,1,Y,1,R,1,K,57,C,1,"L1:[sp=X,4] Y=1,C=3,S=2,K=57,R=1,X=122 || L2:[sp=Y,67] X=1,S=1,Y=1,R=1,K=57,C=1",-461728961.0,-163323000.0,1,X|Y,1
C,4,S,3,Y,15,R,1,C,3,K,7,X,1,X,67,S,1,R,1,C,1,Y,1,K,2,X,1,"L1:[sp=C,4] S=3,Y=15,R=1,C=3,K=7,X=1 || L2:[sp=X,67] S=1,R=1,C=1,Y=1,K=2,X=1",-468540325.0,-163323000.0,1,C|X,1
X,4,X,190,K,54,R,1,C,1,Y,1,S,6,C,67,X,1,Y,1,C,1,R,1,K,21,S,4,"L1:[sp=X,4] X=190,K=54,R=1,C=1,Y=1,S=6 || L2:[sp=C,67] X=1,Y=1,C=1,R=1,K=21,S=4",-476891521.0,-163323000.0,1,X|C,1
X,4,X,197,K,22,S,3,C,3,Y,1,R,1,K,67,S,3,R,1,C,1,Y,1,X,1,K,21,"L1:[sp=X,4] X=197,K=22,S=3,C=3,Y=1,R=1 || L2:[sp=K,67] S=3,R=1,C=1,Y=1,X=1,K=21",-525446209.0,-163323000.0,1,X|K,1
C,36,K,4,X,1,Y,163,S,7,C,1,R,3,K,2,S,1,K,1,R,1,Y,1,C,1,X,1,"L1:[sp=C,36] K=4,X=1,Y=163,S=7,C=1,R=3 || L2:[sp=K,2] S=1,K=1,R=1,Y=1,C=1,X=1",-540786497.0,-163323000.0,1,C|K,1
X,4,C,2,K,56,R,1,X,190,Y,1,S,4,Y,67,C,2,S,4,Y,1,X,1,K,10,R,1,"L1:[sp=X,4] C=2,K=56,R=1,X=190,Y=1,S=4 || L2:[sp=Y,67] C=2,S=4,Y=1,X=1,K=10,R=1",-591085825.0,-163323000.0,1,X|Y,1
X,4,S,5,K,7,R,1,C,2,Y,1,X,197,Y,67,S,5,X,1,C,1,R,1,K,1,Y,1,"L1:[sp=X,4] S=5,K=7,R=1,C=2,Y=1,X=197 || L2:[sp=Y,67] S=5,X=1,C=1,R=1,K=1,Y=1",-593143041.0,-163323000.0,1,X|Y,1
C,74,R,4,C,1,K,59,S,5,Y,1,X,159,K,1,R,1,Y,1,K,1,S,1,C,1,X,1,"L1:[sp=C,74] R=4,C=1,K=59,S=5,Y=1,X=159 || L2:[sp=K,1] R=1,Y=1,K=1,S=1,C=1,X=1",-632070609.0,-163323000.0,1,C|K,1
K,4,K,47,C,3,S,3,Y,1,X,102,R,5,C,2,S,1,R,1,Y,1,X,1,K,43,C,1,"L1:[sp=K,4] K=47,C=3,S=3,Y=1,X=102,R=5 || L2:[sp=C,2] S=1,R=1,Y=1,X=1,K=43,C=1",-1155188761.0,-163323000.0,1,K|C,1
X,83,C,3,X,10,S,3,R,7,K,41,Y,55,Y,8,X,1,S,1,R,1,Y,1,K,1,C,1,"L1:[sp=X,83] C=3,X=10,S=3,R=7,K=41,Y=55 || L2:[sp=Y,8] X=1,S=1,R=1,Y=1,K=1,C=1",-inf,-inf,0,X|Y,1
C,160,X,103,C,3,S,2,K,39,Y,221,R,2,K,11,S,1,R,1,K,1,Y,1,C,1,X,1,"L1:[sp=C,160] X=103,C=3,S=2,K=39,Y=221,R=2 || L2:[sp=K,11] S=1,R=1,K=1,Y=1,C=1,X=1",-inf,-inf,0,C|K,1
K,122,R,2,S,7,K,47,Y,87,X,120,C,2,C,1,Y,1,S,1,K,1,X,1,R,1,C,1,"L1:[sp=K,122] R=2,S=7,K=47,Y=87,X=120,C=2 || L2:[sp=C,1] Y=1,S=1,K=1,X=1,R=1,C=1",-inf,-inf,0,K|C,1
Y,63,R,2,Y,138,X,72,K,12,C,1,S,4,X,56,K,1,S,1,R,1,Y,1,X,1,C,1,"L1:[sp=Y,63] R=2,Y=138,X=72,K=12,C=1,S=4 || L2:[sp=X,56] K=1,S=1,R=1,Y=1,X=1,C=1",-inf,-inf,0,Y|X,1
C,6,K,23,R,6,S,6,X,53,Y,107,C,3,K,1,Y,1,K,1,S,1,R,1,C,1,X,1,"L1:[sp=C,6] K=23,R=6,S=6,X=53,Y=107,C=3 || L2:[sp=K,1] Y=1,K=1,S=1,R=1,C=1,X=1",-inf,-inf,0,C|K,1
C,69,Y,189,R,5,S,6,X,173,K,48,C,2,K,24,R,1,C,1,X,1,K,1,S,1,Y,1,"L1:[sp=C,69] Y=189,R=5,S=6,X=173,K=48,C=2 || L2:[sp=K,24] R=1,C=1,X=1,K=1,S=1,Y=1",-inf,-inf,0,C|K,1
X,76,X,216,C,2,K,61,S,7,R,7,Y,31,X,30,Y,1,C,1,X,1,S,1,R,1,K,1,"L1:[sp=X,76] X=216,C=2,K=61,S=7,R=7,Y=31 || L2:[sp=X,30] Y=1,C=1,X=1,S=1,R=1,K=1",-inf,-inf,0,X|X,1
Y,107,Y,215,R,5,X,169,C,1,K,24,S,3,Y,37,S,1,C,1,R,1,X,1,K,1,Y,1,"L1:[sp=Y,107] Y=215,R=5,X=169,C=1,K=24,S=3 || L2:[sp=Y,37] S=1,C=1,R=1,X=1,K=1,Y=1",-inf,-inf,0,Y|Y,1
C,53,X,162,Y,190,C,2,S,4,R,3,K,12,K,6,Y,1,R,1,X,1,S,1,C,1,K,1,"L1:[sp=C,53] X=162,Y=190,C=2,S=4,R=3,K=12 || L2:[sp=K,6] Y=1,R=1,X=1,S=1,C=1,K=1",-inf,-inf,0,C|K,1
C,105,K,29,C,2,Y,205,S,2,X,127,R,1,Y,94,C,1,S,1,Y,1,X,1,K,1,R,1,"L1:[sp=C,105] K=29,C=2,Y=205,S=2,X=127,R=1 || L2:[sp=Y,94] C=1,S=1,Y=1,X=1,K=1,R=1",-inf,-inf,0,C|Y,1
K,117,S,1,K,46,C,3,Y,148,R,2,X,140,K,21,C,1,S,1,R,1,K,1,Y,1,X,1,"L1:[sp=K,117] S=1,K=46,C=3,Y=148,R=2,X=140 || L2:[sp=K,21] C=1,S=1,R=1,K=1,Y=1,X=1",-inf,-inf,0,K|K,1
K,74,C,3,Y,39,R,3,X,59,K,45,S,3,K,14,X,1,Y,1,S,1,K,1,C,1,R,1,"L1:[sp=K,74] C=3,Y=39,R=3,X=59,K=45,S=3 || L2:[sp=K,14] X=1,Y=1,S=1,K=1,C=1,R=1",-inf,-inf,0,K|K,1
X,15,S,6,R,3,K,51,C,1,X,138,Y,49,K,27,Y,1,S,1,R,1,C,1,X,1,K,1,"L1:[sp=X,15] S=6,R=3,K=51,C=1,X=138,Y=49 || L2:[sp=K,27] Y=1,S=1,R=1,C=1,X=1,K=1",-inf,-inf,0,X|K,1
C,54,S,6,R,2,C,2,Y,206,X,145,K,33,X,13,S,1,C,1,Y,1,X,1,R,1,K,1,"L1:[sp=C,54] S=6,R=2,C=2,Y=206,X=145,K=33 || L2:[sp=X,13] S=1,C=1,Y=1,X=1,R=1,K=1",-inf,-inf,0,C|X,1
Y,121,K,21,S,6,C,2,X,134,Y,7,R,4,K,3,R,1,Y,1,K,1,C,1,X,1,S,1,"L1:[sp=Y,121] K=21,S=6,C=2,X=134,Y=7,R=4 || L2:[sp=K,3] R=1,Y=1,K=1,C=1,X=1,S=1",-inf,-inf,0,Y|K,1
K,55,X,27,S,5,Y,51,R,4,K,40,C,2,C,30,Y,1,K,1,C,1,S,1,X,1,R,1,"L1:[sp=K,55] X=27,S=5,Y=51,R=4,K=40,C=2 || L2:[sp=C,30] Y=1,K=1,C=1,S=1,X=1,R=1",-inf,-inf,0,K|C,1
C,4,S,3,Y,15,R,1,C,3,K,34,X,203,X,67,S,1,R,1,C,1,X,1,Y,1,K,1,"L1:[sp=C,4] S=3,Y=15,R=1,C=3,K=34,X=203 || L2:[sp=X,67] S=1,R=1,C=1,X=1,Y=1,K=1",-inf,-inf,0,C|X,1
X,4,S,3,Y,15,R,1,C,3,K,31,X,111,C,67,S,1,R,1,C,1,K,1,Y,1,X,1,"L1:[sp=X,4] S=3,Y=15,R=1,C=3,K=31,X=111 || L2:[sp=C,67] S=1,R=1,C=1,K=1,Y=1,X=1",-inf,-inf,0,X|C,1
K,36,K,4,X,27,Y,51,S,5,C,3,R,4,C,2,S,1,K,4,R,1,Y,1,C,1,X,1,"L1:[sp=K,36] K=4,X=27,Y=51,S=5,C=3,R=4 || L2:[sp=C,2] S=1,K=4,R=1,Y=1,C=1,X=1",-inf,-inf,0,K|C,1
K,55,X,120,S,5,Y,51,R,4,K,32,C,1,C,30,Y,1,K,1,R,1,S,1,X,1,C,1,"L1:[sp=K,55] X=120,S=5,Y=51,R=4,K=32,C=1 || L2:[sp=C,30] Y=1,K=1,R=1,S=1,X=1,C=1",-inf,-inf,0,K|C,1
X,121,K,21,S,3,C,2,X,134,Y,7,R,1,X,35,R,1,Y,1,K,11,S,1,X,1,C,1,"L1:[sp=X,121] K=21,S=3,C=2,X=134,Y=7,R=1 || L2:[sp=X,35] R=1,Y=1,K=11,S=1,X=1,C=1",-inf,-inf,0,X|X,1
X,55,X,149,S,1,K,32,R,1,Y,51,C,2,K,30,Y,1,K,1,R,1,S,1,X,1,C,2,"L1:[sp=X,55] X=149,S=1,K=32,R=1,Y=51,C=2 || L2:[sp=K,30] Y=1,K=1,R=1,S=1,X=1,C=2",-inf,-inf,0,X|K,1
K,142,S,5,C,3,X,27,R,4,K,11,Y,51,C,1,K,1,S,2,Y,1,C,1,X,1,R,1,"L1:[sp=K,142] S=5,C=3,X=27,R=4,K=11,Y=51 || L2:[sp=C,1] K=1,S=2,Y=1,C=1,X=1,R=1",-inf,-inf,0,K|C,1
X,4,S,5,Y,51,R,4,C,3,K,4,X,27,C,3,C,3,X,1,S,2,K,1,Y,1,R,1,"L1:[sp=X,4] S=5,Y=51,R=4,C=3,K=4,X=27 || L2:[sp=C,3] C=3,X=1,S=2,K=1,Y=1,R=1",-inf,-inf,0,X|C,1
Y,142,S,3,C,1,X,111,R,1,K,39,Y,155,C,1,K,1,S,1,Y,1,C,1,X,1,R,1,"L1:[sp=Y,142] S=3,C=1,X=111,R=1,K=39,Y=155 || L2:[sp=C,1] K=1,S=1,Y=1,C=1,X=1,R=1",-inf,-inf,0,Y|C,1
C,55,X,111,S,1,Y,15,R,1,K,62,C,1,K,30,Y,1,K,1,R,1,S,1,X,1,C,1,"L1:[sp=C,55] X=111,S=1,Y=15,R=1,K=62,C=1 || L2:[sp=K,30] Y=1,K=1,R=1,S=1,X=1,C=1",-inf,-inf,0,C|K,1
K,55,X,111,S,3,K,32,R,6,Y,51,C,1,C,30,Y,1,K,1,R,1,S,2,X,1,C,1,"L1:[sp=K,55] X=111,S=3,K=32,R=6,Y=51,C=1 || L2:[sp=C,30] Y=1,K=1,R=1,S=2,X=1,C=1",-inf,-inf,0,K|C,1
Y,142,S,6,C,1,X,54,R,7,K,39,Y,120,C,1,K,1,S,1,Y,1,C,1,X,30,R,1,"L1:[sp=Y,142] S=6,C=1,X=54,R=7,K=39,Y=120 || L2:[sp=C,1] K=1,S=1,Y=1,C=1,X=30,R=1",-inf,-inf,0,Y|C,1
C,4,S,1,Y,1,K,7,C,3,R,1,X,1,X,67,S,1,R,1,C,1,Y,1,K,1,X,1,"L1:[sp=C,4] S=1,Y=1,K=7,C=3,R=1,X=1 || L2:[sp=X,67] S=1,R=1,C=1,Y=1,K=1,X=1",-inf,-inf,0,C|X,1
Y,142,R,1,S,5,X,197,C,1,K,39,Y,1,C,1,K,1,S,1,Y,1,C,1,X,1,R,1,"L1:[sp=Y,142] R=1,S=5,X=197,C=1,K=39,Y=1 || L2:[sp=C,1] K=1,S=1,Y=1,C=1,X=1,R=1",-inf,-inf,0,Y|C,1
C,4,R,1,Y,15,S,4,C,3,K,7,X,197,X,67,S,1,R,1,C,1,K,7,Y,1,X,1,"L1:[sp=C,4] R=1,Y=15,S=4,C=3,K=7,X=197 || L2:[sp=X,67] S=1,R=1,C=1,K=7,Y=1,X=1",-inf,-inf,0,C|X,1
C,4,R,1,C,3,S,2,Y,15,K,60,X,197,X,67,S,1,R,1,C,1,K,7,Y,1,X,1,"L1:[sp=C,4] R=1,C=3,S=2,Y=15,K=60,X=197 || L2:[sp=X,67] S=1,R=1,C=1,K=7,Y=1,X=1",-inf,-inf,0,C|X,1
Y,142,S,2,C,1,X,104,R,1,K,39,Y,1,C,1,K,1,S,1,Y,1,C,1,X,1,R,1,"L1:[sp=Y,142] S=2,C=1,X=104,R=1,K=39,Y=1 || L2:[sp=C,1] K=1,S=1,Y=1,C=1,X=1,R=1",-inf,-inf,0,Y|C,1
C,4,S,3,R,7,Y,1,C,3,K,7,X,197,C,1,S,1,R,1,C,2,Y,1,K,1,X,1,"L1:[sp=C,4] S=3,R=7,Y=1,C=3,K=7,X=197 || L2:[sp=C,1] S=1,R=1,C=2,Y=1,K=1,X=1",-inf,-inf,0,C|C,1
X,4,S,2,Y,186,R,1,K,7,C,2,X,111,X,67,S,1,X,1,R,1,K,1,Y,1,C,2,"L1:[sp=X,4] S=2,Y=186,R=1,K=7,C=2,X=111 || L2:[sp=X,67] S=1,X=1,R=1,K=1,Y=1,C=2",-inf,-inf,0,X|X,1
C,4,X,111,Y,218,R,1,C,2,K,7,S,4,X,67,S,1,X,1,C,1,K,1,Y,1,R,1,"L1:[sp=C,4] X=111,Y=218,R=1,C=2,K=7,S=4 || L2:[sp=X,67] S=1,X=1,C=1,K=1,Y=1,R=1",-inf,-inf,0,C|X,1
C,4,C,2,Y,15,S,3,R,1,K,7,X,197,X,67,S,1,R,1,C,1,K,7,Y,1,X,105,"L1:[sp=C,4] C=2,Y=15,S=3,R=1,K=7,X=197 || L2:[sp=X,67] S=1,R=1,C=1,K=7,Y=1,X=105",-inf,-inf,0,C|X,1
K,4,S,2,Y,15,R,1,C,2,K,7,X,111,K,1,S,1,X,1,C,2,K,1,Y,4,R,1,"L1:[sp=K,4] S=2,Y=15,R=1,C=2,K=7,X=111 || L2:[sp=K,1] S=1,X=1,C=2,K=1,Y=4,R=1",-inf,-inf,0,K|K,1
Y,142,S,7,C,1,X,34,K,39,R,1,Y,1,Y,1,K,1,S,1,Y,1,C,1,X,1,R,1,"L1:[sp=Y,142] S=7,C=1,X=34,K=39,R=1,Y=1 || L2:[sp=Y,1] K=1,S=1,Y=1,C=1,X=1,R=1",-inf,-inf,0,Y|Y,1
Y,4,S,1,Y,138,R,1,C,1,K,7,X,197,X,67,S,1,C,1,R,1,Y,1,K,1,X,1,"L1:[sp=Y,4] S=1,Y=138,R=1,C=1,K=7,X=197 || L2:[sp=X,67] S=1,C=1,R=1,Y=1,K=1,X=1",-inf,-inf,0,Y|X,1
Y,4,S,1,Y,1,R,1,C,3,K,30,X,197,X,7,S,1,R,1,C,1,Y,1,K,1,X,55,"L1:[sp=Y,4] S=1,Y=1,R=1,C=3,K=30,X=197 || L2:[sp=X,7] S=1,R=1,C=1,Y=1,K=1,X=55",-inf,-inf,0,Y|X,1
X,4,S,2,Y,1,R,5,C,3,K,7,X,136,Y,67,S,1,R,1,C,1,Y,1,K,1,X,1,"L1:[sp=X,4] S=2,Y=1,R=5,C=3,K=7,X=136 || L2:[sp=Y,67] S=1,R=1,C=1,Y=1,K=1,X=1",-inf,-inf,0,X|Y,1
C,4,Y,15,S,3,R,1,C,2,K,42,X,111,X,67,S,1,X,103,C,2,K,5,Y,4,R,1,"L1:[sp=C,4] Y=15,S=3,R=1,C=2,K=42,X=111 || L2:[sp=X,67] S=1,X=103,C=2,K=5,Y=4,R=1",-inf,-inf,0,C|X,1
X,4,S,2,Y,15,C,2,R,1,K,28,X,111,X,67,S,1,R,1,C,1,K,6,Y,1,X,1,"L1:[sp=X,4] S=2,Y=15,C=2,R=1,K=28,X=111 || L2:[sp=X,67] S=1,R=1,C=1,K=6,Y=1,X=1",-inf,-inf,0,X|X,1
Y,4,S,2,Y,169,R,1,C,3,X,93,K,62,X,67,S,1,R,1,C,1,Y,1,K,1,X,1,"L1:[sp=Y,4] S=2,Y=169,R=1,C=3,X=93,K=62 || L2:[sp=X,67] S=1,R=1,C=1,Y=1,K=1,X=1",-inf,-inf,0,Y|X,1
Y,4,S,2,Y,59,R,1,C,3,K,7,X,93,X,67,S,1,R,1,C,1,Y,43,K,1,X,1,"L1:[sp=Y,4] S=2,Y=59,R=1,C=3,K=7,X=93 || L2:[sp=X,67] S=1,R=1,C=1,Y=43,K=1,X=1",-inf,-inf,0,Y|X,1
Y,4,X,197,Y,1,R,1,C,3,S,1,K,7,X,67,S,1,R,1,Y,1,X,125,K,1,C,3,"L1:[sp=Y,4] X=197,Y=1,R=1,C=3,S=1,K=7 || L2:[sp=X,67] S=1,R=1,Y=1,X=125,K=1,C=3",-inf,-inf,0,Y|X,1
Y,4,S,2,K,7,R,1,C,3,X,93,Y,1,Y,1,S,2,R,1,C,1,Y,1,K,1,X,1,"L1:[sp=Y,4] S=2,K=7,R=1,C=3,X=93,Y=1 || L2:[sp=Y,1] S=2,R=1,C=1,Y=1,K=1,X=1",-inf,-inf,0,Y|Y,1
Y,4,S,2,Y,167,R,1,C,3,X,197,K,34,X,67,S,2,R,1,C,3,Y,1,K,1,X,1,"L1:[sp=Y,4] S=2,Y=167,R=1,C=3,X=197,K=34 || L2:[sp=X,67] S=2,R=1,C=3,Y=1,K=1,X=1",-inf,-inf,0,Y|X,1
Y,4,S,2,Y,192,R,1,C,3,K,7,X,197,X,67,S,2,R,1,C,1,Y,1,K,1,X,1,"L1:[sp=Y,4] S=2,Y=192,R=1,C=3,K=7,X=197 || L2:[sp=X,67] S=2,R=1,C=1,Y=1,K=1,X=1",-inf,-inf,0,Y|X,1
Y,4,K,7,Y,1,R,1,C,3,S,4,X,93,C,1,S,1,R,1,C,3,Y,1,K,7,X,1,"L1:[sp=Y,4] K=7,Y=1,R=1,C=3,S=4,X=93 || L2:[sp=C,1] S=1,R=1,C=3,Y=1,K=7,X=1",-inf,-inf,0,Y|C,1
Y,4,S,1,Y,145,R,1,C,3,X,197,K,34,X,67,S,1,R,1,C,3,Y,1,K,1,X,1,"L1:[sp=Y,4] S=1,Y=145,R=1,C=3,X=197,K=34 || L2:[sp=X,67] S=1,R=1,C=3,Y=1,K=1,X=1",-inf,-inf,0,Y|X,1
Y,4,S,2,K,53,R,1,C,3,Y,1,X,190,Y,1,X,1,R,1,C,1,Y,1,K,21,S,2,"L1:[sp=Y,4] S=2,K=53,R=1,C=3,Y=1,X=190 || L2:[sp=Y,1] X=1,R=1,C=1,Y=1,K=21,S=2",-inf,-inf,0,Y|Y,1
Y,4,S,2,K,7,R,1,C,3,Y,136,X,197,X,67,S,2,Y,123,C,1,R,1,K,1,X,1,"L1:[sp=Y,4] S=2,K=7,R=1,C=3,Y=136,X=197 || L2:[sp=X,67] S=2,Y=123,C=1,R=1,K=1,X=1",-inf,-inf,0,Y|X,1
Y,4,S,2,K,47,R,1,C,1,Y,1,X,190,X,67,X,1,R,1,C,1,Y,1,K,21,S,2,"L1:[sp=Y,4] S=2,K=47,R=1,C=1,Y=1,X=190 || L2:[sp=X,67] X=1,R=1,C=1,Y=1,K=21,S=2",-inf,-inf,0,Y|X,1
Y,4,S,2,Y,1,R,1,C,3,K,7,X,132,K,1,S,2,R,1,C,3,Y,1,K,1,X,1,"L1:[sp=Y,4] S=2,Y=1,R=1,C=3,K=7,X=132 || L2:[sp=K,1] S=2,R=1,C=3,Y=1,K=1,X=1",-inf,-inf,0,Y|K,1
Y,4,S,5,Y,1,R,1,C,3,X,93,K,34,X,67,S,1,R,1,C,1,Y,1,K,1,X,1,"L1:[sp=Y,4] S=5,Y=1,R=1,C=3,X=93,K=34 || L2:[sp=X,67] S=1,R=1,C=1,Y=1,K=1,X=1",-inf,-inf,0,Y|X,1
Y,4,X,190,K,22,R,1,C,3,Y,1,S,2,C,3,K,21,R,1,C,1,Y,1,X,1,S,2,"L1:[sp=Y,4] X=190,K=22,R=1,C=3,Y=1,S=2 || L2:[sp=C,3] K=21,R=1,C=1,Y=1,X=1,S=2",-inf,-inf,0,Y|C,1
Y,4,S,2,K,22,R,7,C,3,Y,1,X,197,K,1,X,1,R,1,C,1,Y,1,K,13,S,1,"L1:[sp=Y,4] S=2,K=22,R=7,C=3,Y=1,X=197 || L2:[sp=K,1] X=1,R=1,C=1,Y=1,K=13,S=1",-inf,-inf,0,Y|K,1
Y,4,S,1,K,7,R,1,C,3,Y,45,X,197,K,1,S,1,Y,1,C,1,R,1,K,1,X,1,"L1:[sp=Y,4] S=1,K=7,R=1,C=3,Y=45,X=197 || L2:[sp=K,1] S=1,Y=1,C=1,R=1,K=1,X=1",-inf,-inf,0,Y|K,1
Y,4,S,2,K,22,R,1,C,1,Y,121,X,197,X,67,S,1,R,1,C,1,Y,1,K,21,X,1,"L1:[sp=Y,4] S=2,K=22,R=1,C=1,Y=121,X=197 || L2:[sp=X,67] S=1,R=1,C=1,Y=1,K=21,X=1",-inf,-inf,0,Y|X,1
C,4,S,1,K,22,R,1,C,3,Y,1,X,197,X,67,X,186,K,21,C,1,Y,1,R,1,S,1,"L1:[sp=C,4] S=1,K=22,R=1,C=3,Y=1,X=197 || L2:[sp=X,67] X=186,K=21,C=1,Y=1,R=1,S=1",-inf,-inf,0,C|X,1
Y,4,S,2,K,15,R,1,C,3,Y,48,X,197,X,67,S,1,Y,1,C,1,R,1,K,4,X,1,"L1:[sp=Y,4] S=2,K=15,R=1,C=3,Y=48,X=197 || L2:[sp=X,67] S=1,Y=1,C=1,R=1,K=4,X=1",-inf,-inf,0,Y|X,1
Y,4,X,207,Y,96,R,1,C,3,K,22,S,5,X,67,K,21,R,1,C,1,Y,1,X,1,S,4,"L1:[sp=Y,4] X=207,Y=96,R=1,C=3,K=22,S=5 || L2:[sp=X,67] K=21,R=1,C=1,Y=1,X=1,S=4",-inf,-inf,0,Y|X,1
Y,4,K,22,X,190,R,1,C,3,Y,29,S,5,X,67,K,21,R,1,C,1,Y,1,S,5,X,1,"L1:[sp=Y,4] K=22,X=190,R=1,C=3,Y=29,S=5 || L2:[sp=X,67] K=21,R=1,C=1,Y=1,S=5,X=1",-inf,-inf,0,Y|X,1
C,4,X,197,K,22,R,1,C,1,Y,4,S,2,X,67,X,1,R,1,C,1,Y,1,K,21,S,1,"L1:[sp=C,4] X=197,K=22,R=1,C=1,Y=4,S=2 || L2:[sp=X,67] X=1,R=1,C=1,Y=1,K=21,S=1",-inf,-inf,0,C|X,1
Y,4,R,1,Y,1,S,2,C,3,X,197,K,61,X,67,S,1,R,1,C,1,Y,1,K,7,X,159,"L1:[sp=Y,4] R=1,Y=1,S=2,C=3,X=197,K=61 || L2:[sp=X,67] S=1,R=1,C=1,Y=1,K=7,X=159",-inf,-inf,0,Y|X,1
Y,4,X,190,K,6,S,2,C,3,Y,1,R,1,X,67,K,6,R,1,C,1,Y,1,X,85,S,1,"L1:[sp=Y,4] X=190,K=6,S=2,C=3,Y=1,R=1 || L2:[sp=X,67] K=6,R=1,C=1,Y=1,X=85,S=1",-inf,-inf,0,Y|X,1
Y,4,X,190,K,6,S,2,C,3,Y,1,R,1,X,67,K,6,Y,1,C,1,R,1,X,51,S,1,"L1:[sp=Y,4] X=190,K=6,S=2,C=3,Y=1,R=1 || L2:[sp=X,67] K=6,Y=1,C=1,R=1,X=51,S=1",-inf,-inf,0,Y|X,1
Y,4,X,190,K,42,R,1,C,3,Y,1,S,3,X,12,K,21,R,1,C,1,Y,1,X,1,S,1,"L1:[sp=Y,4] X=190,K=42,R=1,C=3,Y=1,S=3 || L2:[sp=X,12] K=21,R=1,C=1,Y=1,X=1,S=1",-inf,-inf,0,Y|X,1
Y,4,S,2,K,22,R,1,C,3,Y,1,X,190,X,67,X,1,R,1,C,3,Y,1,K,17,S,2,"L1:[sp=Y,4] S=2,K=22,R=1,C=3,Y=1,X=190 || L2:[sp=X,67] X=1,R=1,C=3,Y=1,K=17,S=2",-inf,-inf,0,Y|X,1
C,4,X,207,K,22,R,1,C,1,Y,174,S,2,X,67,X,1,R,1,C,1,Y,1,K,21,S,1,"L1:[sp=C,4] X=207,K=22,R=1,C=1,Y=174,S=2 || L2:[sp=X,67] X=1,R=1,C=1,Y=1,K=21,S=1",-inf,-inf,0,C|X,1
C,4,X,197,K,22,R,1,C,1,Y,1,S,7,X,67,X,34,R,1,C,1,Y,1,K,21,S,1,"L1:[sp=C,4] X=197,K=22,R=1,C=1,Y=1,S=7 || L2:[sp=X,67] X=34,R=1,C=1,Y=1,K=21,S=1",-inf,-inf,0,C|X,1
C,4,X,190,C,1,R,4,K,22,Y,1,S,2,Y,1,C,1,R,4,X,1,S,2,K,21,Y,1,"L1:[sp=C,4] X=190,C=1,R=4,K=22,Y=1,S=2 || L2:[sp=Y,1] C=1,R=4,X=1,S=2,K=21,Y=1",-inf,-inf,0,C|Y,1
K,4,X,207,K,45,R,1,C,3,Y,1,S,5,X,67,S,4,R,1,C,1,Y,1,X,168,K,21,"L1:[sp=K,4] X=207,K=45,R=1,C=3,Y=1,S=5 || L2:[sp=X,67] S=4,R=1,C=1,Y=1,X=168,K=21",-inf,-inf,0,K|X,1
X,4,K,22,X,197,R,1,C,2,S,2,Y,1,Y,67,K,6,R,1,C,2,Y,1,S,1,X,1,"L1:[sp=X,4] K=22,X=197,R=1,C=2,S=2,Y=1 || L2:[sp=Y,67] K=6,R=1,C=2,Y=1,S=1,X=1",-inf,-inf,0,X|Y,1
K,4,X,207,K,22,R,5,C,1,Y,1,S,2,X,67,S,1,R,1,C,1,Y,1,X,1,K,21,"L1:[sp=K,4] X=207,K=22,R=5,C=1,Y=1,S=2 || L2:[sp=X,67] S=1,R=1,C=1,Y=1,X=1,K=21",-inf,-inf,0,K|X,1
C,4,K,22,X,190,R,1,C,3,S,5,Y,1,X,67,X,1,C,3,R,1,Y,1,K,21,S,4,"L1:[sp=C,4] K=22,X=190,R=1,C=3,S=5,Y=1 || L2:[sp=X,67] X=1,C=3,R=1,Y=1,K=21,S=4",-inf,-inf,0,C|X,1
K,4,X,197,K,22,S,6,C,3,Y,13,R,1,X,67,S,3,R,1,C,1,Y,1,X,152,K,21,"L1:[sp=K,4] X=197,K=22,S=6,C=3,Y=13,R=1 || L2:[sp=X,67] S=3,R=1,C=1,Y=1,X=152,K=21",-inf,-inf,0,K|X,1
Y,4,X,207,K,46,R,1,C,1,Y,1,S,5,X,67,K,39,R,1,C,1,Y,1,S,4,X,1,"L1:[sp=Y,4] X=207,K=46,R=1,C=1,Y=1,S=5 || L2:[sp=X,67] K=39,R=1,C=1,Y=1,S=4,X=1",-inf,-inf,0,Y|X,1
C,4,X,190,K,27,Y,1,C,1,R,1,S,3,X,67,X,1,R,1,C,1,Y,1,S,1,K,21,"L1:[sp=C,4] X=190,K=27,Y=1,C=1,R=1,S=3 || L2:[sp=X,67] X=1,R=1,C=1,Y=1,S=1,K=21",-inf,-inf,0,C|X,1
Y,4,Y,1,X,16,R,1,C,3,S,5,K,22,X,67,K,21,C,1,X,1,Y,1,S,4,R,1,"L1:[sp=Y,4] Y=1,X=16,R=1,C=3,S=5,K=22 || L2:[sp=X,67] K=21,C=1,X=1,Y=1,S=4,R=1",-inf,-inf,0,Y|X,1
C,4,X,197,K,29,R,1,C,1,Y,1,S,2,X,67,X,1,R,1,C,1,Y,1,K,21,S,2,"L1:[sp=C,4] X=197,K=29,R=1,C=1,Y=1,S=2 || L2:[sp=X,67] X=1,R=1,C=1,Y=1,K=21,S=2",-inf,-inf,0,C|X,1
Y,4,X,207,K,46,R,1,C,1,Y,1,S,1,X,67,K,39,R,1,C,1,Y,1,S,1,X,78,"L1:[sp=Y,4] X=207,K=46,R=1,C=1,Y=1,S=1 || L2:[sp=X,67] K=39,R=1,C=1,Y=1,S=1,X=78",-inf,-inf,0,Y|X,1
Y,4,X,190,K,46,R,1,C,2,Y,1,S,4,K,23,Y,1,S,1,C,1,X,1,K,21,R,1,"L1:[sp=Y,4] X=190,K=46,R=1,C=2,Y=1,S=4 || L2:[sp=K,23] Y=1,S=1,C=1,X=1,K=21,R=1",-inf,-inf,0,Y|K,1
C,4,X,190,K,22,R,1,C,1,Y,1,S,4,X,84,X,92,Y,1,C,1,R,1,K,21,S,1,"L1:[sp=C,4] X=190,K=22,R=1,C=1,Y=1,S=4 || L2:[sp=X,84] X=92,Y=1,C=1,R=1,K=21,S=1",-inf,-inf,0,C|X,1
C,4,X,207,K,22,R,1,C,1,Y,1,S,5,Y,1,X,1,R,1,C,1,S,4,K,21,Y,1,"L1:[sp=C,4] X=207,K=22,R=1,C=1,Y=1,S=5 || L2:[sp=Y,1] X=1,R=1,C=1,S=4,K=21,Y=1",-inf,-inf,0,C|Y,1
Y,4,X,197,S,3,R,1,C,3,Y,1,K,2,X,1,Y,1,S,1,C,1,X,1,K,1,R,1,"L1:[sp=Y,4] X=197,S=3,R=1,C=3,Y=1,K=2 || L2:[sp=X,1] Y=1,S=1,C=1,X=1,K=1,R=1",-inf,-inf,0,Y|X,1
C,4,X,207,K,29,R,1,C,1,Y,1,S,5,X,67,X,163,R,1,C,1,Y,1,K,21,S,4,"L1:[sp=C,4] X=207,K=29,R=1,C=1,Y=1,S=5 || L2:[sp=X,67] X=163,R=1,C=1,Y=1,K=21,S=4",-inf,-inf,0,C|X,1
Y,4,X,120,K,46,R,1,C,1,Y,220,S,2,X,67,Y,1,S,1,C,1,X,1,K,21,R,1,"L1:[sp=Y,4] X=120,K=46,R=1,C=1,Y=220,S=2 || L2:[sp=X,67] Y=1,S=1,C=1,X=1,K=21,R=1",-inf,-inf,0,Y|X,1
C,4,X,207,K,36,R,1,C,2,Y,145,S,5,X,67,Y,1,S,5,C,1,X,1,K,21,R,1,"L1:[sp=C,4] X=207,K=36,R=1,C=2,Y=145,S=5 || L2:[sp=X,67] Y=1,S=5,C=1,X=1,K=21,R=1",-inf,-inf,0,C|X,1
Y,4,X,190,K,46,R,1,C,2,Y,1,S,1,X,67,K,21,S,1,C,2,X,1,Y,1,R,1,"L1:[sp=Y,4] X=190,K=46,R=1,C=2,Y=1,S=1 || L2:[sp=X,67] K=21,S=1,C=2,X=1,Y=1,R=1",-inf,-inf,0,Y|X,1
Y,4,X,120,Y,58,R,1,K,46,C,1,S,5,X,67,Y,1,S,4,C,1,X,1,K,21,R,1,"L1:[sp=Y,4] X=120,Y=58,R=1,K=46,C=1,S=5 || L2:[sp=X,67] Y=1,S=4,C=1,X=1,K=21,R=1",-inf,-inf,0,Y|X,1
Y,4,X,190,K,2,R,6,C,2,Y,1,S,3,X,67,Y,1,S,1,C,1,X,163,K,2,R,1,"L1:[sp=Y,4] X=190,K=2,R=6,C=2,Y=1,S=3 || L2:[sp=X,67] Y=1,S=1,C=1,X=163,K=2,R=1",-inf,-inf,0,Y|X,1
C,4,X,207,K,22,R,1,C,1,Y,1,S,3,X,84,X,73,R,1,C,1,Y,1,K,21,S,3,"L1:[sp=C,4] X=207,K=22,R=1,C=1,Y=1,S=3 || L2:[sp=X,84] X=73,R=1,C=1,Y=1,K=21,S=3",-inf,-inf,0,C|X,1
X,4,X,190,K,53,R,1,C,2,Y,1,S,5,X,67,Y,1,R,1,C,1,X,61,K,19,S,5,"L1:[sp=X,4] X=190,K=53,R=1,C=2,Y=1,S=5 || L2:[sp=X,67] Y=1,R=1,C=1,X=61,K=19,S=5",-inf,-inf,0,X|X,1
C,4,X,120,K,53,R,1,C,1,Y,1,S,5,X,67,Y,1,R,1,C,1,X,105,K,19,S,4,"L1:[sp=C,4] X=120,K=53,R=1,C=1,Y=1,S=5 || L2:[sp=X,67] Y=1,R=1,C=1,X=105,K=19,S=4",-inf,-inf,0,C|X,1
C,4,X,207,K,19,R,1,C,1,Y,1,S,5,X,84,X,1,R,1,C,1,Y,1,K,19,S,5,"L1:[sp=C,4] X=207,K=19,R=1,C=1,Y=1,S=5 || L2:[sp=X,84] X=1,R=1,C=1,Y=1,K=19,S=5",-inf,-inf,0,C|X,1
C,4,X,120,K,22,R,1,C,1,Y,1,S,2,X,84,X,1,R,1,C,1,Y,1,K,21,S,1,"L1:[sp=C,4] X=120,K=22,R=1,C=1,Y=1,S=2 || L2:[sp=X,84] X=1,R=1,C=1,Y=1,K=21,S=1",-inf,-inf,0,C|X,1
X,4,X,207,K,48,S,5,C,1,Y,1,R,1,Y,1,S,5,R,1,C,1,Y,1,X,1,K,21,"L1:[sp=X,4] X=207,K=48,S=5,C=1,Y=1,R=1 || L2:[sp=Y,1] S=5,R=1,C=1,Y=1,X=1,K=21",-inf,-inf,0,X|Y,1
Y,4,X,190,Y,1,R,1,K,46,C,1,S,2,X,67,Y,1,S,1,C,1,X,1,K,21,R,1,"L1:[sp=Y,4] X=190,Y=1,R=1,K=46,C=1,S=2 || L2:[sp=X,67] Y=1,S=1,C=1,X=1,K=21,R=1",-inf,-inf,0,Y|X,1
Y,4,R,1,X,120,Y,103,K,46,C,1,S,5,X,20,Y,1,S,4,R,1,X,1,K,21,C,1,"L1:[sp=Y,4] R=1,X=120,Y=103,K=46,C=1,S=5 || L2:[sp=X,20] Y=1,S=4,R=1,X=1,K=21,C=1",-inf,-inf,0,Y|X,1
Y,4,C,2,K,45,R,7,X,120,Y,1,S,3,X,67,C,1,S,3,Y,1,X,1,K,36,R,1,"L1:[sp=Y,4] C=2,K=45,R=7,X=120,Y=1,S=3 || L2:[sp=X,67] C=1,S=3,Y=1,X=1,K=36,R=1",-inf,-inf,0,Y|X,1
Y,4,X,190,C,2,R,1,K,45,Y,1,S,3,C,1,Y,1,S,1,C,1,X,1,R,1,K,21,"L1:[sp=Y,4] X=190,C=2,R=1,K=45,Y=1,S=3 || L2:[sp=C,1] Y=1,S=1,C=1,X=1,R=1,K=21",-inf,-inf,0,Y|C,1
Y,4,X,190,Y,1,S,4,K,32,C,2,R,1,X,1,Y,1,S,4,C,1,X,1,K,21,R,1,"L1:[sp=Y,4] X=190,Y=1,S=4,K=32,C=2,R=1 || L2:[sp=X,1] Y=1,S=4,C=1,X=1,K=21,R=1",-inf,-inf,0,Y|X,1
Y,4,X,120,C,2,R,1,K,6,Y,1,S,5,X,67,Y,1,S,4,C,1,X,1,K,6,R,1,"L1:[sp=Y,4] X=120,C=2,R=1,K=6,Y=1,S=5 || L2:[sp=X,67] Y=1,S=4,C=1,X=1,K=6,R=1",-inf,-inf,0,Y|X,1
Y,4,X,190,Y,1,R,1,K,32,C,2,S,3,X,67,Y,1,S,1,C,1,X,168,K,2,R,1,"L1:[sp=Y,4] X=190,Y=1,R=1,K=32,C=2,S=3 || L2:[sp=X,67] Y=1,S=1,C=1,X=168,K=2,R=1",-inf,-inf,0,Y|X,1
Y,4,X,120,Y,183,K,46,R,1,C,1,S,5,X,67,R,1,S,4,C,1,X,13,K,21,Y,1,"L1:[sp=Y,4] X=120,Y=183,K=46,R=1,C=1,S=5 || L2:[sp=X,67] R=1,S=4,C=1,X=13,K=21,Y=1",-inf,-inf,0,Y|X,1
Y,4,X,207,K,45,R,2,C,2,S,4,Y,1,X,67,Y,1,S,2,C,1,X,205,K,21,R,1,"L1:[sp=Y,4] X=207,K=45,R=2,C=2,S=4,Y=1 || L2:[sp=X,67] Y=1,S=2,C=1,X=205,K=21,R=1",-inf,-inf,0,Y|X,1
Y,4,X,207,K,45,R,1,C,3,Y,208,S,2,X,67,Y,1,S,1,C,1,X,1,K,21,R,1,"L1:[sp=Y,4] X=207,K=45,R=1,C=3,Y=208,S=2 || L2:[sp=X,67] Y=1,S=1,C=1,X=1,K=21,R=1",-inf,-inf,0,Y|X,1
Y,4,X,120,C,2,R,1,K,45,Y,30,S,5,X,67,Y,1,S,4,C,2,X,1,K,21,R,1,"L1:[sp=Y,4] X=120,C=2,R=1,K=45,Y=30,S=5 || L2:[sp=X,67] Y=1,S=4,C=2,X=1,K=21,R=1",-inf,-inf,0,Y|X,1
Y,4,X,120,C,2,R,1,K,51,Y,1,S,3,X,67,Y,1,S,3,C,2,X,1,K,21,R,1,"L1:[sp=Y,4] X=120,C=2,R=1,K=51,Y=1,S=3 || L2:[sp=X,67] Y=1,S=3,C=2,X=1,K=21,R=1",-inf,-inf,0,Y|X,1
Y,4,C,2,K,45,R,1,X,190,Y,1,S,5,Y,1,S,4,C,1,Y,1,X,1,K,10,R,1,"L1:[sp=Y,4] C=2,K=45,R=1,X=190,Y=1,S=5 || L2:[sp=Y,1] S=4,C=1,Y=1,X=1,K=10,R=1",-inf,-inf,0,Y|Y,1
Y,4,X,210,C,2,R,1,K,45,S,5,Y,69,X,67,Y,1,S,4,C,2,X,1,K,21,R,1,"L1:[sp=Y,4] X=210,C=2,R=1,K=45,S=5,Y=69 || L2:[sp=X,67] Y=1,S=4,C=2,X=1,K=21,R=1",-inf,-inf,0,Y|X,1
Y,4,X,120,C,2,R,1,K,46,Y,1,S,3,X,67,Y,1,S,1,C,1,X,1,K,21,R,1,"L1:[sp=Y,4] X=120,C=2,R=1,K=46,Y=1,S=3 || L2:[sp=X,67] Y=1,S=1,C=1,X=1,K=21,R=1",-inf,-inf,0,Y|X,1
X,4,X,120,C,2,R,1,K,45,Y,1,S,3,Y,67,Y,1,S,1,C,2,X,89,K,21,R,1,"L1:[sp=X,4] X=120,C=2,R=1,K=45,Y=1,S=3 || L2:[sp=Y,67] Y=1,S=1,C=2,X=89,K=21,R=1",-inf,-inf,0,X|Y,1
Y,4,X,207,K,45,R,1,C,3,S,5,Y,112,X,67,Y,1,S,4,C,1,X,1,K,21,R,1,"L1:[sp=Y,4] X=207,K=45,R=1,C=3,S=5,Y=112 || L2:[sp=X,67] Y=1,S=4,C=1,X=1,K=21,R=1",-inf,-inf,0,Y|X,1
X,4,C,1,Y,1,R,1,K,46,X,120,S,1,Y,67,Y,1,S,1,C,1,X,28,K,21,R,1,"L1:[sp=X,4] C=1,Y=1,R=1,K=46,X=120,S=1 || L2:[sp=Y,67] Y=1,S=1,C=1,X=28,K=21,R=1",-inf,-inf,0,X|Y,1
Y,4,X,120,K,53,Y,1,R,1,S,3,C,1,X,3,Y,1,R,1,C,1,X,1,K,19,S,1,"L1:[sp=Y,4] X=120,K=53,Y=1,R=1,S=3,C=1 || L2:[sp=X,3] Y=1,R=1,C=1,X=1,K=19,S=1",-inf,-inf,0,Y|X,1
Y,4,X,120,K,36,Y,1,R,1,C,3,S,7,X,67,Y,1,R,1,X,101,C,1,K,19,S,2,"L1:[sp=Y,4] X=120,K=36,Y=1,R=1,C=3,S=7 || L2:[sp=X,67] Y=1,R=1,X=101,C=1,K=19,S=2",-inf,-inf,0,Y|X,1
Y,4,X,120,Y,1,R,1,C,1,K,20,S,3,X,67,Y,1,S,1,C,1,X,1,K,20,R,1,"L1:[sp=Y,4] X=120,Y=1,R=1,C=1,K=20,S=3 || L2:[sp=X,67] Y=1,S=1,C=1,X=1,K=20,R=1",-inf,-inf,0,Y|X,1
Y,4,X,120,Y,1,R,1,K,46,C,1,S,6,X,67,S,4,Y,1,C,1,X,1,K,21,R,1,"L1:[sp=Y,4] X=120,Y=1,R=1,K=46,C=1,S=6 || L2:[sp=X,67] S=4,Y=1,C=1,X=1,K=21,R=1",-inf,-inf,0,Y|X,1
K,4,X,120,Y,1,R,1,K,46,C,1,S,6,X,67,Y,1,S,4,C,1,X,108,K,21,R,1,"L1:[sp=K,4] X=120,Y=1,R=1,K=46,C=1,S=6 || L2:[sp=X,67] Y=1,S=4,C=1,X=108,K=21,R=1",-inf,-inf,0,K|X,1
Y,4,X,70,Y,1,R,1,K,20,C,3,S,3,X,67,X,9,S,1,Y,1,C,1,K,20,R,1,"L1:[sp=Y,4] X=70,Y=1,R=1,K=20,C=3,S=3 || L2:[sp=X,67] X=9,S=1,Y=1,C=1,K=20,R=1",-inf,-inf,0,Y|X,1
Y,4,X,120,Y,1,R,1,K,46,C,1,S,3,X,67,Y,1,S,1,C,1,X,19,K,21,R,1,"L1:[sp=Y,4] X=120,Y=1,R=1,K=46,C=1,S=3 || L2:[sp=X,67] Y=1,S=1,C=1,X=19,K=21,R=1",-inf,-inf,0,Y|X,1
X,4,X,190,Y,1,R,1,K,46,C,3,S,3,Y,67,S,1,Y,1,C,1,X,1,K,1,R,1,"L1:[sp=X,4] X=190,Y=1,R=1,K=46,C=3,S=3 || L2:[sp=Y,67] S=1,Y=1,C=1,X=1,K=1,R=1",-inf,-inf,0,X|Y,1
Y,4,X,21,Y,1,R,1,K,46,C,1,S,7,X,67,Y,1,S,2,C,1,X,12,K,21,R,1,"L1:[sp=Y,4] X=21,Y=1,R=1,K=46,C=1,S=7 || L2:[sp=X,67] Y=1,S=2,C=1,X=12,K=21,R=1",-inf,-inf,0,Y|X,1
Y,4,S,4,Y,1,R,1,K,46,C,1,X,120,X,67,Y,1,S,2,C,1,X,19,K,21,R,1,"L1:[sp=Y,4] S=4,Y=1,R=1,K=46,C=1,X=120 || L2:[sp=X,67] Y=1,S=2,C=1,X=19,K=21,R=1",-inf,-inf,0,Y|X,1
Y,4,X,120,Y,1,R,1,K,46,C,2,S,6,X,67,S,3,Y,1,C,1,X,120,K,1,R,1,"L1:[sp=Y,4] X=120,Y=1,R=1,K=46,C=2,S=6 || L2:[sp=X,67] S=3,Y=1,C=1,X=120,K=1,R=1",-inf,-inf,0,Y|X,1
Y,4,C,2,K,56,R,1,X,120,Y,1,S,6,X,67,C,1,S,1,Y,1,X,1,K,2,R,1,"L1:[sp=Y,4] C=2,K=56,R=1,X=120,Y=1,S=6 || L2:[sp=X,67] C=1,S=1,Y=1,X=1,K=2,R=1",-inf,-inf,0,Y|X,1
X,4,C,2,K,56,R,1,X,120,Y,1,S,6,Y,67,C,1,S,2,Y,1,X,1,K,10,R,1,"L1:[sp=X,4] C=2,K=56,R=1,X=120,Y=1,S=6 || L2:[sp=Y,67] C=1,S=2,Y=1,X=1,K=10,R=1",-inf,-inf,0,X|Y,1
Y,4,X,120,Y,1,R,1,K,20,S,6,C,3,X,67,Y,1,S,5,K,20,X,1,C,1,R,1,"L1:[sp=Y,4] X=120,Y=1,R=1,K=20,S=6,C=3 || L2:[sp=X,67] Y=1,S=5,K=20,X=1,C=1,R=1",-inf,-inf,0,Y|X,1
X,4,X,120,Y,1,R,1,K,46,C,3,S,7,X,67,S,3,K,1,C,1,R,1,Y,1,X,1,"L1:[sp=X,4] X=120,Y=1,R=1,K=46,C=3,S=7 || L2:[sp=X,67] S=3,K=1,C=1,R=1,Y=1,X=1",-inf,-inf,0,X|X,1
Y,4,X,120,Y,24,R,7,K,62,C,1,S,6,X,67,S,2,Y,1,C,1,X,85,K,21,R,1,"L1:[sp=Y,4] X=120,Y=24,R=7,K=62,C=1,S=6 || L2:[sp=X,67] S=2,Y=1,C=1,X=85,K=21,R=1",-inf,-inf,0,Y|X,1
X,4,C,2,K,56,R,1,X,120,Y,1,S,7,X,67,C,1,S,2,Y,1,X,54,K,10,R,1,"L1:[sp=X,4] C=2,K=56,R=1,X=120,Y=1,S=7 || L2:[sp=X,67] C=1,S=2,Y=1,X=54,K=10,R=1",-inf,-inf,0,X|X,1
X,4,X,120,Y,1,R,1,K,20,C,1,S,6,X,67,Y,1,S,3,K,20,X,1,C,1,R,1,"L1:[sp=X,4] X=120,Y=1,R=1,K=20,C=1,S=6 || L2:[sp=X,67] Y=1,S=3,K=20,X=1,C=1,R=1",-inf,-inf,0,X|X,1
Y,4,X,120,Y,1,R,6,K,46,C,2,S,6,X,67,C,1,S,4,Y,1,X,1,K,21,R,1,"L1:[sp=Y,4] X=120,Y=1,R=6,K=46,C=2,S=6 || L2:[sp=X,67] C=1,S=4,Y=1,X=1,K=21,R=1",-inf,-inf,0,Y|X,1
C,4,X,120,Y,96,R,1,K,46,C,1,S,6,X,67,C,1,K,21,Y,1,X,1,S,3,R,1,"L1:[sp=C,4] X=120,Y=96,R=1,K=46,C=1,S=6 || L2:[sp=X,67] C=1,K=21,Y=1,X=1,S=3,R=1",-inf,-inf,0,C|X,1
C,4,X,120,Y,102,R,1,K,46,C,3,S,6,X,67,C,2,S,3,Y,1,X,1,K,21,R,1,"L1:[sp=C,4] X=120,Y=102,R=1,K=46,C=3,S=6 || L2:[sp=X,67] C=2,S=3,Y=1,X=1,K=21,R=1",-inf,-inf,0,C|X,1
Y,4,X,59,Y,1,R,1,S,6,C,1,K,46,X,67,S,3,X,1,C,1,Y,1,K,1,R,1,"L1:[sp=Y,4] X=59,Y=1,R=1,S=6,C=1,K=46 || L2:[sp=X,67] S=3,X=1,C=1,Y=1,K=1,R=1",-inf,-inf,0,Y|X,1
Y,4,C,2,K,56,Y,1,X,120,R,1,S,6,X,67,C,2,S,3,Y,1,X,86,K,10,R,1,"L1:[sp=Y,4] C=2,K=56,Y=1,X=120,R=1,S=6 || L2:[sp=X,67] C=2,S=3,Y=1,X=86,K=10,R=1",-inf,-inf,0,Y|X,1
Y,4,Y,214,X,120,R,1,S,6,C,3,K,46,X,67,S,3,Y,1,C,1,X,1,K,1,R,1,"L1:[sp=Y,4] Y=214,X=120,R=1,S=6,C=3,K=46 || L2:[sp=X,67] S=3,Y=1,C=1,X=1,K=1,R=1",-inf,-inf,0,Y|X,1
Y,4,K,47,Y,1,R,1,X,120,C,3,S,6,Y,1,S,3,K,1,C,1,X,91,Y,1,R,1,"L1:[sp=Y,4] K=47,Y=1,R=1,X=120,C=3,S=6 || L2:[sp=Y,1] S=3,K=1,C=1,X=91,Y=1,R=1",-inf,-inf,0,Y|Y,1
Y,4,X,120,Y,1,R,1,S,6,C,3,K,46,X,67,S,3,Y,1,C,1,X,85,K,44,R,1,"L1:[sp=Y,4] X=120,Y=1,R=1,S=6,C=3,K=46 || L2:[sp=X,67] S=3,Y=1,C=1,X=85,K=44,R=1",-inf,-inf,0,Y|X,1
Y,4,X,120,Y,1,R,3,K,46,C,1,S,6,X,67,C,1,S,4,Y,1,X,1,K,21,R,2,"L1:[sp=Y,4] X=120,Y=1,R=3,K=46,C=1,S=6 || L2:[sp=X,67] C=1,S=4,Y=1,X=1,K=21,R=2",-inf,-inf,0,Y|X,1
Y,4,X,120,Y,1,R,1,S,6,C,3,K,46,X,67,S,1,X,1,C,1,Y,1,K,1,R,1,"L1:[sp=Y,4] X=120,Y=1,R=1,S=6,C=3,K=46 || L2:[sp=X,67] S=1,X=1,C=1,Y=1,K=1,R=1",-inf,-inf,0,Y|X,1
Y,4,X,120,Y,1,R,1,K,46,C,3,S,6,X,67,S,3,Y,1,C,3,X,1,K,1,R,1,"L1:[sp=Y,4] X=120,Y=1,R=1,K=46,C=3,S=6 || L2:[sp=X,67] S=3,Y=1,C=3,X=1,K=1,R=1",-inf,-inf,0,Y|X,1
Y,4,X,120,Y,1,R,3,K,46,C,1,S,6,K,1,C,1,Y,1,S,4,X,1,K,21,R,1,"L1:[sp=Y,4] X=120,Y=1,R=3,K=46,C=1,S=6 || L2:[sp=K,1] C=1,Y=1,S=4,X=1,K=21,R=1",-inf,-inf,0,Y|K,1
C,4,X,120,Y,1,R,1,K,46,C,1,S,6,X,67,C,1,S,1,Y,1,X,1,R,1,K,21,"L1:[sp=C,4] X=120,Y=1,R=1,K=46,C=1,S=6 || L2:[sp=X,67] C=1,S=1,Y=1,X=1,R=1,K=21",-inf,-inf,0,C|X,1
Y,4,X,120,Y,1,R,1,S,6,C,3,K,46,X,67,S,3,Y,1,C,3,X,1,K,40,R,1,"L1:[sp=Y,4] X=120,Y=1,R=1,S=6,C=3,K=46 || L2:[sp=X,67] S=3,Y=1,C=3,X=1,K=40,R=1",-inf,-inf,0,Y|X,1
Y,4,K,47,Y,1,R,1,X,166,C,3,S,1,X,67,S,1,Y,1,C,2,X,1,K,1,R,1,"L1:[sp=Y,4] K=47,Y=1,R=1,X=166,C=3,S=1 || L2:[sp=X,67] S=1,Y=1,C=2,X=1,K=1,R=1",-inf,-inf,0,Y|X,1
Y,4,X,111,Y,21,R,1,K,46,C,3,S,6,X,67,S,5,Y,1,C,1,X,1,K,1,R,1,"L1:[sp=Y,4] X=111,Y=21,R=1,K=46,C=3,S=6 || L2:[sp=X,67] S=5,Y=1,C=1,X=1,K=1,R=1",-inf,-inf,0,Y|X,1
X,4,K,47,Y,1,R,5,X,120,C,3,S,1,Y,67,S,1,Y,1,C,2,X,115,K,1,R,1,"L1:[sp=X,4] K=47,Y=1,R=5,X=120,C=3,S=1 || L2:[sp=Y,67] S=1,Y=1,C=2,X=115,K=1,R=1",-inf,-inf,0,X|Y,1
Y,4,X,111,Y,140,R,4,K,22,C,3,S,6,X,67,S,3,Y,1,C,1,K,1,X,1,R,1,"L1:[sp=Y,4] X=111,Y=140,R=4,K=22,C=3,S=6 || L2:[sp=X,67] S=3,Y=1,C=1,K=1,X=1,R=1",-inf,-inf,0,Y|X,1
Y,4,X,111,Y,1,R,1,K,46,C,3,S,6,X,67,S,1,Y,1,C,1,X,1,K,17,R,1,"L1:[sp=Y,4] X=111,Y=1,R=1,K=46,C=3,S=6 || L2:[sp=X,67] S=1,Y=1,C=1,X=1,K=17,R=1",-inf,-inf,0,Y|X,1
Y,4,C,3,Y,1,R,1,K,46,X,111,S,3,C,1,S,1,Y,1,C,3,X,1,K,1,R,1,"L1:[sp=Y,4] C=3,Y=1,R=1,K=46,X=111,S=3 || L2:[sp=C,1] S=1,Y=1,C=3,X=1,K=1,R=1",-inf,-inf,0,Y|C,1
Y,4,S,3,Y,1,R,1,K,46,C,1,X,111,X,67,S,1,Y,1,C,1,X,1,K,1,R,1,"L1:[sp=Y,4] S=3,Y=1,R=1,K=46,C=1,X=111 || L2:[sp=X,67] S=1,Y=1,C=1,X=1,K=1,R=1",-inf,-inf,0,Y|X,1
Y,4,X,111,Y,1,R,1,K,46,C,3,S,7,X,67,S,3,Y,1,C,1,X,90,K,1,R,1,"L1:[sp=Y,4] X=111,Y=1,R=1,K=46,C=3,S=7 || L2:[sp=X,67] S=3,Y=1,C=1,X=90,K=1,R=1",-inf,-inf,0,Y|X,1
Y,4,S,7,Y,1,R,1,K,46,C,3,X,220,X,67,S,3,Y,1,C,1,X,1,K,17,R,1,"L1:[sp=Y,4] S=7,Y=1,R=1,K=46,C=3,X=220 || L2:[sp=X,67] S=3,Y=1,C=1,X=1,K=17,R=1",-inf,-inf,0,Y|X,1
Y,4,K,47,Y,1,R,7,X,120,C,1,S,7,X,67,S,3,Y,1,X,70,C,1,K,1,R,1,"L1:[sp=Y,4] K=47,Y=1,R=7,X=120,C=1,S=7 || L2:[sp=X,67] S=3,Y=1,X=70,C=1,K=1,R=1",-inf,-inf,0,Y|X,1
X,4,S,7,Y,1,R,1,K,46,C,3,X,111,X,67,S,7,Y,1,C,1,X,1,K,17,R,1,"L1:[sp=X,4] S=7,Y=1,R=1,K=46,C=3,X=111 || L2:[sp=X,67] S=7,Y=1,C=1,X=1,K=17,R=1",-inf,-inf,0,X|X,1
X,4,X,111,Y,56,R,1,K,46,C,3,S,3,Y,67,S,1,C,1,Y,1,X,1,K,1,R,1,"L1:[sp=X,4] X=111,Y=56,R=1,K=46,C=3,S=3 || L2:[sp=Y,67] S=1,C=1,Y=1,X=1,K=1,R=1",-inf,-inf,0,X|Y,1
Y,4,S,3,Y,1,R,1,K,46,C,3,X,152,Y,1,S,3,K,17,C,1,X,1,Y,1,R,1,"L1:[sp=Y,4] S=3,Y=1,R=1,K=46,C=3,X=152 || L2:[sp=Y,1] S=3,K=17,C=1,X=1,Y=1,R=1",-inf,-inf,0,Y|Y,1
Y,4,S,4,Y,1,R,1,K,46,C,3,X,120,X,67,S,1,Y,1,C,1,X,1,K,19,R,1,"L1:[sp=Y,4] S=4,Y=1,R=1,K=46,C=3,X=120 || L2:[sp=X,67] S=1,Y=1,C=1,X=1,K=19,R=1",-inf,-inf,0,Y|X,1
X,4,Y,36,K,47,R,2,X,111,C,1,S,7,X,67,S,3,Y,1,C,1,X,1,K,1,R,1,"L1:[sp=X,4] Y=36,K=47,R=2,X=111,C=1,S=7 || L2:[sp=X,67] S=3,Y=1,C=1,X=1,K=1,R=1",-inf,-inf,0,X|X,1
Y,4,S,7,Y,71,R,1,K,46,C,3,X,111,X,67,S,1,C,1,Y,1,X,1,K,1,R,1,"L1:[sp=Y,4] S=7,Y=71,R=1,K=46,C=3,X=111 || L2:[sp=X,67] S=1,C=1,Y=1,X=1,K=1,R=1",-inf,-inf,0,Y|X,1
Y,4,S,7,Y,1,R,1,K,57,C,3,X,120,X,67,S,7,Y,1,C,1,X,1,K,1,R,1,"L1:[sp=Y,4] S=7,Y=1,R=1,K=57,C=3,X=120 || L2:[sp=X,67] S=7,Y=1,C=1,X=1,K=1,R=1",-inf,-inf,0,Y|X,1
Y,4,K,47,Y,1,S,4,X,120,R,1,C,1,X,67,S,1,Y,1,C,1,X,115,K,4,R,1,"L1:[sp=Y,4] K=47,Y=1,S=4,X=120,R=1,C=1 || L2:[sp=X,67] S=1,Y=1,C=1,X=115,K=4,R=1",-inf,-inf,0,Y|X,1
Y,4,K,47,Y,1,S,7,X,111,R,1,C,1,X,67,S,1,Y,1,C,1,X,1,K,4,R,1,"L1:[sp=Y,4] K=47,Y=1,S=7,X=111,R=1,C=1 || L2:[sp=X,67] S=1,Y=1,C=1,X=1,K=4,R=1",-inf,-inf,0,Y|X,1
Y,4,K,47,Y,1,C,1,X,120,R,1,S,7,X,67,S,3,Y,1,C,1,X,1,K,11,R,1,"L1:[sp=Y,4] K=47,Y=1,C=1,X=120,R=1,S=7 || L2:[sp=X,67] S=3,Y=1,C=1,X=1,K=11,R=1",-inf,-inf,0,Y|X,1
Y,4,K,48,Y,1,S,1,X,120,R,1,C,1,X,67,S,1,Y,1,C,1,X,1,K,8,R,1,"L1:[sp=Y,4] K=48,Y=1,S=1,X=120,R=1,C=1 || L2:[sp=X,67] S=1,Y=1,C=1,X=1,K=8,R=1",-inf,-inf,0,Y|X,1
X,4,S,3,Y,136,R,1,K,46,C,2,X,83,Y,67,S,1,Y,1,C,1,X,1,K,1,R,1,"L1:[sp=X,4] S=3,Y=136,R=1,K=46,C=2,X=83 || L2:[sp=Y,67] S=1,Y=1,C=1,X=1,K=1,R=1",-inf,-inf,0,X|Y,1
Y,4,K,47,Y,1,S,7,X,105,C,1,R,1,X,67,S,3,Y,1,C,1,X,104,K,1,R,1,"L1:[sp=Y,4] K=47,Y=1,S=7,X=105,C=1,R=1 || L2:[sp=X,67] S=3,Y=1,C=1,X=104,K=1,R=1",-inf,-inf,0,Y|X,1
Y,4,K,47,Y,1,R,1,X,120,S,3,C,1,K,47,R,1,Y,1,C,1,X,1,K,1,S,1,"L1:[sp=Y,4] K=47,Y=1,R=1,X=120,S=3,C=1 || L2:[sp=K,47] R=1,Y=1,C=1,X=1,K=1,S=1",-inf,-inf,0,Y|K,1
Y,4,K,36,Y,1,C,3,X,120,R,1,S,7,X,67,S,7,Y,1,C,1,X,1,K,4,R,1,"L1:[sp=Y,4] K=36,Y=1,C=3,X=120,R=1,S=7 || L2:[sp=X,67] S=7,Y=1,C=1,X=1,K=4,R=1",-inf,-inf,0,Y|X,1
Y,4,K,47,Y,18,S,7,X,111,R,1,C,1,X,67,S,3,Y,1,C,1,X,1,K,4,R,1,"L1:[sp=Y,4] K=47,Y=18,S=7,X=111,R=1,C=1 || L2:[sp=X,67] S=3,Y=1,C=1,X=1,K=4,R=1",-inf,-inf,0,Y|X,1
Y,4,K,57,Y,187,C,1,X,120,R,1,S,3,X,67,S,1,Y,1,C,1,X,1,K,4,R,1,"L1:[sp=Y,4] K=57,Y=187,C=1,X=120,R=1,S=3 || L2:[sp=X,67] S=1,Y=1,C=1,X=1,K=4,R=1",-inf,-inf,0,Y|X,1
Y,4,S,7,Y,175,K,46,R,1,C,1,X,111,X,67,S,7,Y,1,K,1,C,1,X,26,R,1,"L1:[sp=Y,4] S=7,Y=175,K=46,R=1,C=1,X=111 || L2:[sp=X,67] S=7,Y=1,K=1,C=1,X=26,R=1",-inf,-inf,0,Y|X,1
Y,4,K,57,Y,1,C,1,X,120,S,5,R,1,Y,1,S,5,Y,1,R,1,X,1,K,4,C,1,"L1:[sp=Y,4] K=57,Y=1,C=1,X=120,S=5,R=1 || L2:[sp=Y,1] S=5,Y=1,R=1,X=1,K=4,C=1",-inf,-inf,0,Y|Y,1
Y,4,K,47,Y,1,S,3,X,120,R,3,C,1,X,67,R,1,Y,1,C,1,X,1,K,1,S,1,"L1:[sp=Y,4] K=47,Y=1,S=3,X=120,R=3,C=1 || L2:[sp=X,67] R=1,Y=1,C=1,X=1,K=1,S=1",-inf,-inf,0,Y|X,1
Y,4,S,3,Y,104,X,152,K,46,C,1,R,1,X,67,S,3,Y,1,C,1,X,1,K,1,R,1,"L1:[sp=Y,4] S=3,Y=104,X=152,K=46,C=1,R=1 || L2:[sp=X,67] S=3,Y=1,C=1,X=1,K=1,R=1",-inf,-inf,0,Y|X,1
K,4,K,47,Y,91,R,1,X,120,S,3,C,1,X,67,R,1,Y,1,C,1,X,1,K,1,S,1,"L1:[sp=K,4] K=47,Y=91,R=1,X=120,S=3,C=1 || L2:[sp=X,67] R=1,Y=1,C=1,X=1,K=1,S=1",-inf,-inf,0,K|X,1
Y,4,K,47,Y,71,X,111,S,4,C,2,R,1,X,67,S,1,Y,1,C,1,X,1,K,1,R,1,"L1:[sp=Y,4] K=47,Y=71,X=111,S=4,C=2,R=1 || L2:[sp=X,67] S=1,Y=1,C=1,X=1,K=1,R=1",-inf,-inf,0,Y|X,1
Y,4,K,36,R,1,C,3,X,160,Y,1,S,3,Y,1,S,1,Y,1,C,1,X,1,K,4,R,1,"L1:[sp=Y,4] K=36,R=1,C=3,X=160,Y=1,S=3 || L2:[sp=Y,1] S=1,Y=1,C=1,X=1,K=4,R=1",-inf,-inf,0,Y|Y,1
Y,4,S,4,Y,222,X,111,K,46,C,2,R,1,X,67,S,2,Y,1,C,1,X,1,K,1,R,1,"L1:[sp=Y,4] S=4,Y=222,X=111,K=46,C=2,R=1 || L2:[sp=X,67] S=2,Y=1,C=1,X=1,K=1,R=1",-inf,-inf,0,Y|X,1
X,4,K,9,Y,1,R,1,X,120,S,4,C,1,X,67,R,1,K,1,C,1,X,1,Y,1,S,2,"L1:[sp=X,4] K=9,Y=1,R=1,X=120,S=4,C=1 || L2:[sp=X,67] R=1,K=1,C=1,X=1,Y=1,S=2",-inf,-inf,0,X|X,1
Y,4,K,3,X,160,S,3,Y,190,C,1,R,1,X,67,S,1,Y,1,C,1,X,1,K,3,R,1,"L1:[sp=Y,4] K=3,X=160,S=3,Y=190,C=1,R=1 || L2:[sp=X,67] S=1,Y=1,C=1,X=1,K=3,R=1",-inf,-inf,0,Y|X,1
Y,4,K,47,X,120,S,3,Y,1,C,1,R,1,X,67,S,1,Y,1,C,1,X,109,K,21,R,1,"L1:[sp=Y,4] K=47,X=120,S=3,Y=1,C=1,R=1 || L2:[sp=X,67] S=1,Y=1,C=1,X=109,K=21,R=1",-inf,-inf,0,Y|X,1
Y,4,S,4,Y,1,X,111,K,46,C,3,R,1,X,67,S,1,Y,1,C,1,X,1,K,1,R,1,"L1:[sp=Y,4] S=4,Y=1,X=111,K=46,C=3,R=1 || L2:[sp=X,67] S=1,Y=1,C=1,X=1,K=1,R=1",-inf,-inf,0,Y|X,1
Y,4,S,4,Y,1,X,111,K,46,C,1,R,1,X,67,S,2,Y,1,C,1,X,1,K,15,R,1,"L1:[sp=Y,4] S=4,Y=1,X=111,K=46,C=1,R=1 || L2:[sp=X,67] S=2,Y=1,C=1,X=1,K=15,R=1",-inf,-inf,0,Y|X,1
Y,4,K,57,S,3,Y,1,X,98,R,6,C,1,X,67,S,1,Y,1,C,1,X,84,K,4,R,1,"L1:[sp=Y,4] K=57,S=3,Y=1,X=98,R=6,C=1 || L2:[sp=X,67] S=1,Y=1,C=1,X=84,K=4,R=1",-inf,-inf,0,Y|X,1
Y,4,K,22,R,1,C,3,Y,1,X,98,S,3,X,67,S,1,Y,1,C,2,X,44,K,4,R,1,"L1:[sp=Y,4] K=22,R=1,C=3,Y=1,X=98,S=3 || L2:[sp=X,67] S=1,Y=1,C=2,X=44,K=4,R=1",-inf,-inf,0,Y|X,1
Y,4,K,47,Y,1,X,111,S,5,C,1,R,1,X,67,S,2,Y,1,C,1,X,1,K,1,R,1,"L1:[sp=Y,4] K=47,Y=1,X=111,S=5,C=1,R=1 || L2:[sp=X,67] S=2,Y=1,C=1,X=1,K=1,R=1",-inf,-inf,0,Y|X,1
Y,4,Y,1,C,3,R,1,X,160,K,36,S,3,X,67,S,1,Y,1,C,1,X,133,K,4,R,1,"L1:[sp=Y,4] Y=1,C=3,R=1,X=160,K=36,S=3 || L2:[sp=X,67] S=1,Y=1,C=1,X=133,K=4,R=1",-inf,-inf,0,Y|X,1
Y,4,K,46,Y,69,X,111,S,3,C,1,R,1,X,67,C,1,Y,1,S,1,X,1,K,6,R,1,"L1:[sp=Y,4] K=46,Y=69,X=111,S=3,C=1,R=1 || L2:[sp=X,67] C=1,Y=1,S=1,X=1,K=6,R=1",-inf,-inf,0,Y|X,1
Y,4,K,36,R,1,C,3,X,120,Y,158,S,3,X,67,S,2,Y,1,C,1,K,14,X,1,R,1,"L1:[sp=Y,4] K=36,R=1,C=3,X=120,Y=158,S=3 || L2:[sp=X,67] S=2,Y=1,C=1,K=14,X=1,R=1",-inf,-inf,0,Y|X,1
Y,4,K,47,Y,105,X,111,S,3,R,1,C,1,X,67,S,2,Y,1,C,1,X,1,K,18,R,1,"L1:[sp=Y,4] K=47,Y=105,X=111,S=3,R=1,C=1 || L2:[sp=X,67] S=2,Y=1,C=1,X=1,K=18,R=1",-inf,-inf,0,Y|X,1
X,4,K,47,Y,1,R,1,X,223,S,3,C,2,X,21,R,1,Y,1,C,1,X,1,K,1,S,1,"L1:[sp=X,4] K=47,Y=1,R=1,X=223,S=3,C=2 || L2:[sp=X,21] R=1,Y=1,C=1,X=1,K=1,S=1",-inf,-inf,0,X|X,1
K,4,X,120,S,3,C,1,K,57,R,1,Y,180,X,67,S,1,Y,1,C,1,X,101,R,1,K,4,"L1:[sp=K,4] X=120,S=3,C=1,K=57,R=1,Y=180 || L2:[sp=X,67] S=1,Y=1,C=1,X=101,R=1,K=4",-inf,-inf,0,K|X,1
Y,4,X,223,S,3,C,1,K,57,R,1,Y,1,X,67,S,1,Y,1,C,1,X,1,K,4,R,1,"L1:[sp=Y,4] X=223,S=3,C=1,K=57,R=1,Y=1 || L2:[sp=X,67] S=1,Y=1,C=1,X=1,K=4,R=1",-inf,-inf,0,Y|X,1
Y,4,K,57,S,3,C,2,X,222,R,1,Y,1,X,67,S,1,Y,1,C,1,X,1,K,4,R,1,"L1:[sp=Y,4] K=57,S=3,C=2,X=222,R=1,Y=1 || L2:[sp=X,67] S=1,Y=1,C=1,X=1,K=4,R=1",-inf,-inf,0,Y|X,1
Y,4,X,223,S,3,C,2,K,57,R,1,Y,1,X,67,S,2,Y,1,X,71,C,1,K,49,R,1,"L1:[sp=Y,4] X=223,S=3,C=2,K=57,R=1,Y=1 || L2:[sp=X,67] S=2,Y=1,X=71,C=1,K=49,R=1",-inf,-inf,0,Y|X,1
Y,4,K,46,R,1,C,3,X,162,Y,1,S,3,X,67,S,2,Y,1,R,1,K,4,X,1,C,1,"L1:[sp=Y,4] K=46,R=1,C=3,X=162,Y=1,S=3 || L2:[sp=X,67] S=2,Y=1,R=1,K=4,X=1,C=1",-inf,-inf,0,Y|X,1
Y,4,K,47,C,1,S,5,Y,1,R,1,X,120,X,67,S,1,R,1,C,1,X,1,K,21,Y,1,"L1:[sp=Y,4] K=47,C=1,S=5,Y=1,R=1,X=120 || L2:[sp=X,67] S=1,R=1,C=1,X=1,K=21,Y=1",-inf,-inf,0,Y|X,1
Y,4,K,47,Y,1,C,1,S,3,R,1,X,120,X,8,S,2,Y,1,C,1,X,1,K,18,R,1,"L1:[sp=Y,4] K=47,Y=1,C=1,S=3,R=1,X=120 || L2:[sp=X,8] S=2,Y=1,C=1,X=1,K=18,R=1",-inf,-inf,0,Y|X,1
Y,4,K,47,C,1,S,3,Y,207,R,6,X,111,X,67,S,2,Y,1,C,1,X,1,K,21,R,3,"L1:[sp=Y,4] K=47,C=1,S=3,Y=207,R=6,X=111 || L2:[sp=X,67] S=2,Y=1,C=1,X=1,K=21,R=3",-inf,-inf,0,Y|X,1
Y,4,K,47,Y,1,C,1,S,3,R,1,X,120,X,67,S,1,Y,1,C,1,X,1,K,18,R,1,"L1:[sp=Y,4] K=47,Y=1,C=1,S=3,R=1,X=120 || L2:[sp=X,67] S=1,Y=1,C=1,X=1,K=18,R=1",-inf,-inf,0,Y|X,1
X,4,K,47,Y,2,X,111,S,3,R,1,C,2,X,67,S,2,Y,1,C,1,X,1,K,18,R,1,"L1:[sp=X,4] K=47,Y=2,X=111,S=3,R=1,C=2 || L2:[sp=X,67] S=2,Y=1,C=1,X=1,K=18,R=1",-inf,-inf,0,X|X,1
Y,4,K,47,C,1,S,3,Y,1,R,1,X,111,Y,1,S,2,Y,1,C,1,X,1,K,21,R,1,"L1:[sp=Y,4] K=47,C=1,S=3,Y=1,R=1,X=111 || L2:[sp=Y,1] S=2,Y=1,C=1,X=1,K=21,R=1",-inf,-inf,0,Y|Y,1
Y,4,X,223,S,3,C,2,K,57,R,1,Y,1,X,67,S,1,Y,1,X,161,C,1,K,49,R,1,"L1:[sp=Y,4] X=223,S=3,C=2,K=57,R=1,Y=1 || L2:[sp=X,67] S=1,Y=1,X=161,C=1,K=49,R=1",-inf,-inf,0,Y|X,1
Y,4,K,47,C,1,S,3,Y,1,R,1,X,46,X,46,S,2,Y,1,C,1,X,1,K,21,R,1,"L1:[sp=Y,4] K=47,C=1,S=3,Y=1,R=1,X=46 || L2:[sp=X,46] S=2,Y=1,C=1,X=1,K=21,R=1",-inf,-inf,0,Y|X,1
K,4,K,57,S,3,C,1,X,222,R,1,Y,45,X,67,S,1,Y,1,C,1,X,1,K,4,R,1,"L1:[sp=K,4] K=57,S=3,C=1,X=222,R=1,Y=45 || L2:[sp=X,67] S=1,Y=1,C=1,X=1,K=4,R=1",-inf,-inf,0,K|X,1
Y,4,X,223,S,3,C,2,K,57,R,1,Y,1,X,67,S,3,Y,1,C,1,X,1,K,4,R,1,"L1:[sp=Y,4] X=223,S=3,C=2,K=57,R=1,Y=1 || L2:[sp=X,67] S=3,Y=1,C=1,X=1,K=4,R=1",-inf,-inf,0,Y|X,1
Y,4,X,223,S,3,C,1,K,57,R,1,Y,1,X,67,C,1,R,1,S,2,K,43,X,145,Y,1,"L1:[sp=Y,4] X=223,S=3,C=1,K=57,R=1,Y=1 || L2:[sp=X,67] C=1,R=1,S=2,K=43,X=145,Y=1",-inf,-inf,0,Y|X,1
X,4,K,57,S,3,C,1,X,222,R,1,Y,1,Y,67,S,2,Y,1,C,1,X,89,K,4,R,1,"L1:[sp=X,4] K=57,S=3,C=1,X=222,R=1,Y=1 || L2:[sp=Y,67] S=2,Y=1,C=1,X=89,K=4,R=1",-inf,-inf,0,X|Y,1
Y,4,K,56,C,1,S,3,Y,1,R,1,X,120,C,1,S,2,Y,1,K,21,X,1,R,1,C,1,"L1:[sp=Y,4] K=56,C=1,S=3,Y=1,R=1,X=120 || L2:[sp=C,1] S=2,Y=1,K=21,X=1,R=1,C=1",-inf,-inf,0,Y|C,1
Y,4,R,1,Y,1,C,1,S,3,K,47,X,24,X,67,S,2,Y,1,C,1,X,16,K,18,R,1,"L1:[sp=Y,4] R=1,Y=1,C=1,S=3,K=47,X=24 || L2:[sp=X,67] S=2,Y=1,C=1,X=16,K=18,R=1",-inf,-inf,0,Y|X,1
X,4,K,57,S,7,C,1,X,222,R,1,Y,1,Y,1,S,1,Y,1,C,1,X,1,K,4,R,1,"L1:[sp=X,4] K=57,S=7,C=1,X=222,R=1,Y=1 || L2:[sp=Y,1] S=1,Y=1,C=1,X=1,K=4,R=1",-inf,-inf,0,X|Y,1
Y,4,R,1,Y,4,C,1,S,3,K,47,X,24,C,1,S,2,Y,1,K,18,X,1,C,1,R,1,"L1:[sp=Y,4] R=1,Y=4,C=1,S=3,K=47,X=24 || L2:[sp=C,1] S=2,Y=1,K=18,X=1,C=1,R=1",-inf,-inf,0,Y|C,1
Y,4,R,1,Y,1,C,1,S,3,K,19,X,220,X,67,C,1,X,1,S,2,Y,1,K,18,R,1,"L1:[sp=Y,4] R=1,Y=1,C=1,S=3,K=19,X=220 || L2:[sp=X,67] C=1,X=1,S=2,Y=1,K=18,R=1",-inf,-inf,0,Y|X,1
Y,4,K,47,C,1,S,3,Y,1,R,1,X,223,C,1,S,1,Y,1,C,1,X,93,K,21,R,1,"L1:[sp=Y,4] K=47,C=1,S=3,Y=1,R=1,X=223 || L2:[sp=C,1] S=1,Y=1,C=1,X=93,K=21,R=1",-inf,-inf,0,Y|C,1
Y,4,X,139,R,7,S,3,Y,1,C,1,K,47,X,6,S,2,Y,1,C,1,X,1,K,32,R,1,"L1:[sp=Y,4] X=139,R=7,S=3,Y=1,C=1,K=47 || L2:[sp=X,6] S=2,Y=1,C=1,X=1,K=32,R=1",-inf,-inf,0,Y|X,1
X,4,X,223,S,3,C,2,K,57,R,6,Y,1,Y,67,S,1,Y,1,C,2,X,1,K,4,R,1,"L1:[sp=X,4] X=223,S=3,C=2,K=57,R=6,Y=1 || L2:[sp=Y,67] S=1,Y=1,C=2,X=1,K=4,R=1",-inf,-inf,0,X|Y,1
X,4,Y,1,S,3,C,2,K,57,R,5,X,223,Y,67,S,2,Y,1,C,1,X,191,K,4,R,1,"L1:[sp=X,4] Y=1,S=3,C=2,K=57,R=5,X=223 || L2:[sp=Y,67] S=2,Y=1,C=1,X=191,K=4,R=1",-inf,-inf,0,X|Y,1
Y,4,R,4,Y,4,C,1,S,5,K,47,X,24,X,67,S,1,Y,1,C,1,X,1,K,18,R,1,"L1:[sp=Y,4] R=4,Y=4,C=1,S=5,K=47,X=24 || L2:[sp=X,67] S=1,Y=1,C=1,X=1,K=18,R=1",-inf,-inf,0,Y|X,1
X,4,X,223,S,3,C,1,K,57,R,2,Y,1,Y,67,C,1,Y,1,S,1,X,1,K,4,R,1,"L1:[sp=X,4] X=223,S=3,C=1,K=57,R=2,Y=1 || L2:[sp=Y,67] C=1,Y=1,S=1,X=1,K=4,R=1",-inf,-inf,0,X|Y,1
Y,4,R,1,Y,1,C,1,S,3,K,19,X,46,X,67,C,1,Y,1,S,2,X,25,K,17,R,1,"L1:[sp=Y,4] R=1,Y=1,C=1,S=3,K=19,X=46 || L2:[sp=X,67] C=1,Y=1,S=2,X=25,K=17,R=1",-inf,-inf,0,Y|X,1
X,4,R,1,Y,1,C,1,S,3,K,19,X,46,C,67,C,1,Y,1,S,2,X,1,K,18,R,1,"L1:[sp=X,4] R=1,Y=1,C=1,S=3,K=19,X=46 || L2:[sp=C,67] C=1,Y=1,S=2,X=1,K=18,R=1",-inf,-inf,0,X|C,1
Y,4,X,24,C,1,S,3,Y,1,R,6,K,47,X,6,S,2,Y,1,C,1,X,15,K,21,R,1,"L1:[sp=Y,4] X=24,C=1,S=3,Y=1,R=6,K=47 || L2:[sp=X,6] S=2,Y=1,C=1,X=15,K=21,R=1",-inf,-inf,0,Y|X,1
X,4,X,223,S,6,R,2,K,57,C,2,Y,1,K,67,S,2,Y,1,C,1,X,108,K,15,R,1,"L1:[sp=X,4] X=223,S=6,R=2,K=57,C=2,Y=1 || L2:[sp=K,67] S=2,Y=1,C=1,X=108,K=15,R=1",-inf,-inf,0,X|K,1
Y,4,X,24,C,2,S,3,K,57,R,1,Y,99,Y,1,X,1,S,2,Y,1,C,1,K,8,R,1,"L1:[sp=Y,4] X=24,C=2,S=3,K=57,R=1,Y=99 || L2:[sp=Y,1] X=1,S=2,Y=1,C=1,K=8,R=1",-inf,-inf,0,Y|Y,1
Y,4,X,172,C,3,S,3,K,57,R,1,Y,1,X,67,X,1,S,2,Y,1,C,1,K,43,R,1,"L1:[sp=Y,4] X=172,C=3,S=3,K=57,R=1,Y=1 || L2:[sp=X,67] X=1,S=2,Y=1,C=1,K=43,R=1",-inf,-inf,0,Y|X,1
Y,4,Y,1,S,6,R,1,K,57,C,2,X,223,X,67,S,2,Y,1,C,1,X,56,K,57,R,1,"L1:[sp=Y,4] Y=1,S=6,R=1,K=57,C=2,X=223 || L2:[sp=X,67] S=2,Y=1,C=1,X=56,K=57,R=1",-inf,-inf,0,Y|X,1
Y,4,K,47,C,1,S,3,Y,1,R,1,X,76,X,67,R,1,Y,1,C,1,X,25,K,21,S,1,"L1:[sp=Y,4] K=47,C=1,S=3,Y=1,R=1,X=76 || L2:[sp=X,67] R=1,Y=1,C=1,X=25,K=21,S=1",-inf,-inf,0,Y|X,1
Y,4,K,47,C,1,S,3,Y,1,R,2,X,46,X,67,S,2,Y,1,C,1,X,1,K,42,R,1,"L1:[sp=Y,4] K=47,C=1,S=3,Y=1,R=2,X=46 || L2:[sp=X,67] S=2,Y=1,C=1,X=1,K=42,R=1",-inf,-inf,0,Y|X,1
Y,4,X,223,C,2,S,6,K,57,R,1,Y,1,X,67,X,191,S,1,Y,1,C,1,K,43,R,1,"L1:[sp=Y,4] X=223,C=2,S=6,K=57,R=1,Y=1 || L2:[sp=X,67] X=191,S=1,Y=1,C=1,K=43,R=1",-inf,-inf,0,Y|X,1
Y,4,X,46,S,3,R,2,K,57,C,1,Y,1,X,67,S,2,C,1,Y,1,X,1,K,57,R,1,"L1:[sp=Y,4] X=46,S=3,R=2,K=57,C=1,Y=1 || L2:[sp=X,67] S=2,C=1,Y=1,X=1,K=57,R=1",-inf,-inf,0,Y|X,1
K,4,X,181,S,3,Y,186,K,57,R,1,C,1,Y,67,X,1,Y,1,C,1,S,1,K,4,R,1,"L1:[sp=K,4] X=181,S=3,Y=186,K=57,R=1,C=1 || L2:[sp=Y,67] X=1,Y=1,C=1,S=1,K=4,R=1",-inf,-inf,0,K|Y,1
X,4,K,47,C,2,R,7,Y,1,X,223,S,6,X,67,R,5,Y,1,C,1,K,21,X,1,S,5,"L1:[sp=X,4] K=47,C=2,R=7,Y=1,X=223,S=6 || L2:[sp=X,67] R=5,Y=1,C=1,K=21,X=1,S=5",-inf,-inf,0,X|X,1
Y,4,K,47,C,1,S,6,Y,1,X,223,R,1,X,67,S,5,Y,1,C,1,X,140,K,21,R,1,"L1:[sp=Y,4] K=47,C=1,S=6,Y=1,X=223,R=1 || L2:[sp=X,67] S=5,Y=1,C=1,X=140,K=21,R=1",-inf,-inf,0,Y|X,1
K,4,X,67,S,6,Y,186,K,57,R,1,C,2,Y,67,S,5,Y,1,C,1,X,1,K,4,R,1,"L1:[sp=K,4] X=67,S=6,Y=186,K=57,R=1,C=2 || L2:[sp=Y,67] S=5,Y=1,C=1,X=1,K=4,R=1",-inf,-inf,0,K|Y,1
Y,4,Y,1,R,1,S,3,K,57,C,2,X,9,X,67,X,9,S,2,Y,1,R,1,K,43,C,1,"L1:[sp=Y,4] Y=1,R=1,S=3,K=57,C=2,X=9 || L2:[sp=X,67] X=9,S=2,Y=1,R=1,K=43,C=1",-inf,-inf,0,Y|X,1
K,4,X,171,S,7,Y,186,K,57,R,1,C,2,Y,1,S,1,Y,1,C,1,X,1,K,4,R,1,"L1:[sp=K,4] X=171,S=7,Y=186,K=57,R=1,C=2 || L2:[sp=Y,1] S=1,Y=1,C=1,X=1,K=4,R=1",-inf,-inf,0,K|Y,1
K,4,X,223,S,3,Y,186,K,57,R,1,C,2,Y,67,S,2,Y,36,K,4,X,1,C,1,R,1,"L1:[sp=K,4] X=223,S=3,Y=186,K=57,R=1,C=2 || L2:[sp=Y,67] S=2,Y=36,K=4,X=1,C=1,R=1",-inf,-inf,0,K|Y,1
Y,4,Y,1,C,2,S,3,K,57,R,1,X,122,X,67,X,1,S,2,Y,1,C,2,K,43,R,1,"L1:[sp=Y,4] Y=1,C=2,S=3,K=57,R=1,X=122 || L2:[sp=X,67] X=1,S=2,Y=1,C=2,K=43,R=1",-inf,-inf,0,Y|X,1
K,4,X,223,S,2,Y,186,K,57,R,1,C,1,Y,67,X,1,Y,1,C,1,S,1,K,4,R,1,"L1:[sp=K,4] X=223,S=2,Y=186,K=57,R=1,C=1 || L2:[sp=Y,67] X=1,Y=1,C=1,S=1,K=4,R=1",-inf,-inf,0,K|Y,1
Y,4,X,223,S,6,Y,186,K,57,R,1,C,2,C,67,S,2,Y,1,K,4,X,1,C,1,R,1,"L1:[sp=Y,4] X=223,S=6,Y=186,K=57,R=1,C=2 || L2:[sp=C,67] S=2,Y=1,K=4,X=1,C=1,R=1",-inf,-inf,0,Y|C,1
Y,4,K,47,X,223,S,6,Y,25,C,2,R,1,X,67,S,5,Y,1,C,2,X,1,R,1,K,21,"L1:[sp=Y,4] K=47,X=223,S=6,Y=25,C=2,R=1 || L2:[sp=X,67] S=5,Y=1,C=2,X=1,R=1,K=21",-inf,-inf,0,Y|X,1
Y,4,K,47,C,2,S,3,Y,25,X,223,R,1,X,67,K,21,Y,1,C,2,X,72,S,1,R,1,"L1:[sp=Y,4] K=47,C=2,S=3,Y=25,X=223,R=1 || L2:[sp=X,67] K=21,Y=1,C=2,X=72,S=1,R=1",-inf,-inf,0,Y|X,1
K,4,X,223,S,4,Y,186,K,44,R,1,C,2,Y,67,S,4,Y,1,C,1,X,95,K,4,R,1,"L1:[sp=K,4] X=223,S=4,Y=186,K=44,R=1,C=2 || L2:[sp=Y,67] S=4,Y=1,C=1,X=95,K=4,R=1",-inf,-inf,0,K|Y,1
Y,4,K,47,S,3,C,2,X,223,Y,1,R,1,X,67,S,1,Y,1,C,1,X,167,K,21,R,1,"L1:[sp=Y,4] K=47,S=3,C=2,X=223,Y=1,R=1 || L2:[sp=X,67] S=1,Y=1,C=1,X=167,K=21,R=1",-inf,-inf,0,Y|X,1
Y,4,K,28,C,2,S,3,Y,25,X,223,R,1,X,67,S,1,Y,1,C,1,X,1,K,21,R,1,"L1:[sp=Y,4] K=28,C=2,S=3,Y=25,X=223,R=1 || L2:[sp=X,67] S=1,Y=1,C=1,X=1,K=21,R=1",-inf,-inf,0,Y|X,1
X,4,X,60,R,1,Y,16,C,1,S,3,K,57,Y,67,X,1,Y,1,C,1,S,1,K,31,R,1,"L1:[sp=X,4] X=60,R=1,Y=16,C=1,S=3,K=57 || L2:[sp=Y,67] X=1,Y=1,C=1,S=1,K=31,R=1",-inf,-inf,0,X|Y,1
K,4,X,223,S,3,Y,186,K,57,R,1,C,2,Y,67,S,2,Y,137,K,4,X,111,C,1,R,1,"L1:[sp=K,4] X=223,S=3,Y=186,K=57,R=1,C=2 || L2:[sp=Y,67] S=2,Y=137,K=4,X=111,C=1,R=1",-inf,-inf,0,K|Y,1
Y,4,K,47,C,2,S,3,Y,1,X,223,R,2,X,67,S,1,K,21,R,1,X,1,Y,1,C,1,"L1:[sp=Y,4] K=47,C=2,S=3,Y=1,X=223,R=2 || L2:[sp=X,67] S=1,K=21,R=1,X=1,Y=1,C=1",-inf,-inf,0,Y|X,1
Y,4,K,47,C,2,S,3,Y,1,X,197,R,5,C,2,S,1,R,1,Y,1,X,1,K,21,C,1,"L1:[sp=Y,4] K=47,C=2,S=3,Y=1,X=197,R=5 || L2:[sp=C,2] S=1,R=1,Y=1,X=1,K=21,C=1",-inf,-inf,0,Y|C,1
X,4,K,47,C,2,S,3,Y,1,X,223,R,1,X,67,S,1,Y,1,R,1,X,145,K,21,C,1,"L1:[sp=X,4] K=47,C=2,S=3,Y=1,X=223,R=1 || L2:[sp=X,67] S=1,Y=1,R=1,X=145,K=21,C=1",-inf,-inf,0,X|X,1
K,4,X,40,S,3,Y,186,K,57,R,1,C,2,Y,67,S,2,Y,1,K,4,X,1,C,1,R,1,"L1:[sp=K,4] X=40,S=3,Y=186,K=57,R=1,C=2 || L2:[sp=Y,67] S=2,Y=1,K=4,X=1,C=1,R=1",-inf,-inf,0,K|Y,1
K,4,X,214,S,3,Y,1,K,57,R,5,C,2,Y,67,S,2,Y,1,K,4,X,1,C,1,R,1,"L1:[sp=K,4] X=214,S=3,Y=1,K=57,R=5,C=2 || L2:[sp=Y,67] S=2,Y=1,K=4,X=1,C=1,R=1",-inf,-inf,0,K|Y,1
K,4,X,223,S,3,Y,1,K,57,R,4,C,1,Y,67,X,1,S,1,C,1,Y,1,K,4,R,1,"L1:[sp=K,4] X=223,S=3,Y=1,K=57,R=4,C=1 || L2:[sp=Y,67] X=1,S=1,C=1,Y=1,K=4,R=1",-inf,-inf,0,K|Y,1
X,4,X,223,S,3,Y,186,K,57,R,1,C,2,Y,67,S,2,Y,1,K,4,X,114,C,1,R,1,"L1:[sp=X,4] X=223,S=3,Y=186,K=57,R=1,C=2 || L2:[sp=Y,67] S=2,Y=1,K=4,X=114,C=1,R=1",-inf,-inf,0,X|Y,1
Y,4,K,47,C,2,S,6,Y,1,X,223,R,1,X,67,S,5,R,1,Y,1,C,1,K,21,X,1,"L1:[sp=Y,4] K=47,C=2,S=6,Y=1,X=223,R=1 || L2:[sp=X,67] S=5,R=1,Y=1,C=1,K=21,X=1",-inf,-inf,0,Y|X,1
Y,4,X,223,S,6,K,41,Y,107,R,1,C,1,K,67,S,5,Y,1,R,1,X,1,C,1,K,20,"L1:[sp=Y,4] X=223,S=6,K=41,Y=107,R=1,C=1 || L2:[sp=K,67] S=5,Y=1,R=1,X=1,C=1,K=20",-inf,-inf,0,Y|K,1
Y,4,K,61,C,2,S,3,Y,16,X,223,R,1,C,2,S,1,R,1,Y,1,X,1,K,7,C,1,"L1:[sp=Y,4] K=61,C=2,S=3,Y=16,X=223,R=1 || L2:[sp=C,2] S=1,R=1,Y=1,X=1,K=7,C=1",-inf,-inf,0,Y|C,1
Y,4,K,47,C,2,S,3,Y,1,X,223,R,6,X,67,S,2,Y,1,C,1,R,1,K,21,X,1,"L1:[sp=Y,4] K=47,C=2,S=3,Y=1,X=223,R=6 || L2:[sp=X,67] S=2,Y=1,C=1,R=1,K=21,X=1",-inf,-inf,0,Y|X,1
K,4,X,120,S,6,K,41,Y,172,R,1,C,1,Y,67,S,5,Y,1,R,1,X,1,C,1,K,20,"L1:[sp=K,4] X=120,S=6,K=41,Y=172,R=1,C=1 || L2:[sp=Y,67] S=5,Y=1,R=1,X=1,C=1,K=20",-inf,-inf,0,K|Y,1
C,4,X,223,S,3,Y,186,R,1,K,9,C,3,Y,67,S,3,Y,1,K,4,X,1,C,1,R,1,"L1:[sp=C,4] X=223,S=3,Y=186,R=1,K=9,C=3 || L2:[sp=Y,67] S=3,Y=1,K=4,X=1,C=1,R=1",-inf,-inf,0,C|Y,1
Y,4,K,47,C,2,S,3,R,1,X,223,Y,44,C,2,S,2,R,1,Y,1,X,206,K,35,C,1,"L1:[sp=Y,4] K=47,C=2,S=3,R=1,X=223,Y=44 || L2:[sp=C,2] S=2,R=1,Y=1,X=206,K=35,C=1",-inf,-inf,0,Y|C,1
K,4,X,108,S,6,K,22,Y,172,R,3,C,1,Y,67,S,5,Y,1,R,1,X,1,C,1,K,20,"L1:[sp=K,4] X=108,S=6,K=22,Y=172,R=3,C=1 || L2:[sp=Y,67] S=5,Y=1,R=1,X=1,C=1,K=20",-inf,-inf,0,K|Y,1
C,4,X,223,S,3,C,3,K,57,R,3,Y,186,Y,67,Y,1,S,2,K,4,X,155,C,1,R,1,"L1:[sp=C,4] X=223,S=3,C=3,K=57,R=3,Y=186 || L2:[sp=Y,67] Y=1,S=2,K=4,X=155,C=1,R=1",-inf,-inf,0,C|Y,1
Y,4,K,47,C,2,S,3,Y,16,X,55,R,1,C,2,S,1,R,1,Y,1,X,1,K,40,C,1,"L1:[sp=Y,4] K=47,C=2,S=3,Y=16,X=55,R=1 || L2:[sp=C,2] S=1,R=1,Y=1,X=1,K=40,C=1",-inf,-inf,0,Y|C,1
C,4,K,47,C,2,S,3,R,1,X,66,Y,44,Y,2,S,2,R,1,Y,1,X,1,K,35,C,1,"L1:[sp=C,4] K=47,C=2,S=3,R=1,X=66,Y=44 || L2:[sp=Y,2] S=2,R=1,Y=1,X=1,K=35,C=1",-inf,-inf,0,C|Y,1
Y,4,X,223,S,1,Y,186,K,13,R,1,C,3,C,67,S,1,Y,1,K,4,X,1,C,1,R,1,"L1:[sp=Y,4] X=223,S=1,Y=186,K=13,R=1,C=3 || L2:[sp=C,67] S=1,Y=1,K=4,X=1,C=1,R=1",-inf,-inf,0,Y|C,1
Y,4,X,223,S,3,K,25,Y,163,R,1,C,2,K,67,S,1,Y,1,R,1,X,1,C,1,K,9,"L1:[sp=Y,4] X=223,S=3,K=25,Y=163,R=1,C=2 || L2:[sp=K,67] S=1,Y=1,R=1,X=1,C=1,K=9",-inf,-inf,0,Y|K,1
Y,4,K,47,C,3,S,3,Y,1,X,223,R,1,C,2,K,43,R,1,Y,1,X,1,S,2,C,1,"L1:[sp=Y,4] K=47,C=3,S=3,Y=1,X=223,R=1 || L2:[sp=C,2] K=43,R=1,Y=1,X=1,S=2,C=1",-inf,-inf,0,Y|C,1
C,4,X,223,S,3,C,3,K,57,R,5,Y,1,Y,67,Y,1,S,1,K,4,X,1,C,1,R,1,"L1:[sp=C,4] X=223,S=3,C=3,K=57,R=5,Y=1 || L2:[sp=Y,67] Y=1,S=1,K=4,X=1,C=1,R=1",-inf,-inf,0,C|Y,1
Y,4,K,47,C,3,S,3,Y,186,X,16,R,3,C,2,R,1,S,2,Y,166,X,1,K,43,C,1,"L1:[sp=Y,4] K=47,C=3,S=3,Y=186,X=16,R=3 || L2:[sp=C,2] R=1,S=2,Y=166,X=1,K=43,C=1",-inf,-inf,0,Y|C,1
K,4,X,223,S,3,K,41,Y,16,R,1,C,1,K,1,S,1,Y,1,R,1,X,1,C,1,K,34,"L1:[sp=K,4] X=223,S=3,K=41,Y=16,R=1,C=1 || L2:[sp=K,1] S=1,Y=1,R=1,X=1,C=1,K=34",-inf,-inf,0,K|K,1
C,4,C,3,S,3,X,223,K,57,R,3,Y,186,Y,67,X,86,S,2,K,44,Y,1,C,1,R,1,"L1:[sp=C,4] C=3,S=3,X=223,K=57,R=3,Y=186 || L2:[sp=Y,67] X=86,S=2,K=44,Y=1,C=1,R=1",-inf,-inf,0,C|Y,1
C,4,X,223,S,3,C,2,K,57,R,3,Y,186,Y,67,Y,1,S,2,K,4,X,1,C,1,R,1,"L1:[sp=C,4] X=223,S=3,C=2,K=57,R=3,Y=186 || L2:[sp=Y,67] Y=1,S=2,K=4,X=1,C=1,R=1",-inf,-inf,0,C|Y,1
C,4,C,3,S,4,X,223,K,57,R,3,Y,186,Y,67,Y,1,S,2,K,4,X,1,C,1,R,1,"L1:[sp=C,4] C=3,S=4,X=223,K=57,R=3,Y=186 || L2:[sp=Y,67] Y=1,S=2,K=4,X=1,C=1,R=1",-inf,-inf,0,C|Y,1
Y,4,K,47,C,3,S,7,Y,1,X,223,R,3,C,2,S,2,R,1,Y,1,X,1,K,43,C,1,"L1:[sp=Y,4] K=47,C=3,S=7,Y=1,X=223,R=3 || L2:[sp=C,2] S=2,R=1,Y=1,X=1,K=43,C=1",-inf,-inf,0,Y|C,1
Y,4,K,47,C,3,S,1,Y,1,X,223,R,5,Y,1,S,1,R,1,Y,1,X,122,K,43,C,1,"L1:[sp=Y,4] K=47,C=3,S=1,Y=1,X=223,R=5 || L2:[sp=Y,1] S=1,R=1,Y=1,X=122,K=43,C=1",-inf,-inf,0,Y|Y,1
C,4,Y,1,C,3,S,3,K,47,X,223,R,2,C,2,S,1,R,1,Y,1,X,115,K,14,C,1,"L1:[sp=C,4] Y=1,C=3,S=3,K=47,X=223,R=2 || L2:[sp=C,2] S=1,R=1,Y=1,X=115,K=14,C=1",-inf,-inf,0,C|C,1
Y,4,S,3,X,223,R,1,Y,186,K,57,C,1,K,67,S,1,Y,1,K,20,X,1,C,1,R,1,"L1:[sp=Y,4] S=3,X=223,R=1,Y=186,K=57,C=1 || L2:[sp=K,67] S=1,Y=1,K=20,X=1,C=1,R=1",-inf,-inf,0,Y|K,1
C,4,K,47,C,1,S,7,Y,186,X,223,R,1,C,2,C,1,R,1,S,1,X,1,K,22,Y,1,"L1:[sp=C,4] K=47,C=1,S=7,Y=186,X=223,R=1 || L2:[sp=C,2] C=1,R=1,S=1,X=1,K=22,Y=1",-inf,-inf,0,C|C,1
C,4,S,2,X,223,R,1,Y,186,K,41,C,1,Y,67,S,2,Y,1,K,20,X,1,C,1,R,1,"L1:[sp=C,4] S=2,X=223,R=1,Y=186,K=41,C=1 || L2:[sp=Y,67] S=2,Y=1,K=20,X=1,C=1,R=1",-inf,-inf,0,C|Y,1
K,4,S,3,X,223,R,1,Y,186,C,1,K,44,Y,21,S,1,Y,164,K,20,X,1,C,1,R,1,"L1:[sp=K,4] S=3,X=223,R=1,Y=186,C=1,K=44 || L2:[sp=Y,21] S=1,Y=164,K=20,X=1,C=1,R=1",-inf,-inf,0,K|Y,1
Y,4,K,47,C,2,S,3,Y,16,X,223,R,1,C,2,S,1,R,1,C,2,X,1,K,22,Y,1,"L1:[sp=Y,4] K=47,C=2,S=3,Y=16,X=223,R=1 || L2:[sp=C,2] S=1,R=1,C=2,X=1,K=22,Y=1",-inf,-inf,0,Y|C,1
K,4,S,3,X,47,R,2,Y,186,C,1,K,44,Y,21,S,2,Y,1,K,20,R,1,C,1,X,1,"L1:[sp=K,4] S=3,X=47,R=2,Y=186,C=1,K=44 || L2:[sp=Y,21] S=2,Y=1,K=20,R=1,C=1,X=1",-inf,-inf,0,K|Y,1
K,4,X,144,S,3,R,1,Y,63,C,3,K,44,Y,21,S,1,Y,1,K,20,X,1,C,1,R,1,"L1:[sp=K,4] X=144,S=3,R=1,Y=63,C=3,K=44 || L2:[sp=Y,21] S=1,Y=1,K=20,X=1,C=1,R=1",-inf,-inf,0,K|Y,1
K,4,S,3,X,8,R,7,Y,186,C,1,K,44,Y,21,S,1,Y,1,K,20,X,1,C,1,R,1,"L1:[sp=K,4] S=3,X=8,R=7,Y=186,C=1,K=44 || L2:[sp=Y,21] S=1,Y=1,K=20,X=1,C=1,R=1",-inf,-inf,0,K|Y,1
Y,4,Y,186,S,3,X,223,K,57,R,2,C,3,C,67,Y,1,S,1,C,1,X,129,K,4,R,1,"L1:[sp=Y,4] Y=186,S=3,X=223,K=57,R=2,C=3 || L2:[sp=C,67] Y=1,S=1,C=1,X=129,K=4,R=1",-inf,-inf,0,Y|C,1
Y,4,S,3,C,3,K,47,Y,1,X,223,R,3,C,2,S,1,R,3,Y,1,X,1,K,43,C,1,"L1:[sp=Y,4] S=3,C=3,K=47,Y=1,X=223,R=3 || L2:[sp=C,2] S=1,R=3,Y=1,X=1,K=43,C=1",-inf,-inf,0,Y|C,1
C,4,C,3,S,2,X,223,K,60,R,1,Y,171,Y,67,Y,1,S,1,K,55,X,1,C,1,R,1,"L1:[sp=C,4] C=3,S=2,X=223,K=60,R=1,Y=171 || L2:[sp=Y,67] Y=1,S=1,K=55,X=1,C=1,R=1",-inf,-inf,0,C|Y,1
K,4,S,3,X,223,R,1,Y,63,C,1,K,44,Y,21,S,1,Y,62,K,20,X,90,C,1,R,1,"L1:[sp=K,4] S=3,X=223,R=1,Y=63,C=1,K=44 || L2:[sp=Y,21] S=1,Y=62,K=20,X=90,C=1,R=1",-inf,-inf,0,K|Y,1
C,4,C,3,S,1,X,223,K,57,R,2,Y,50,Y,50,Y,1,S,1,C,1,X,1,K,4,R,1,"L1:[sp=C,4] C=3,S=1,X=223,K=57,R=2,Y=50 || L2:[sp=Y,50] Y=1,S=1,C=1,X=1,K=4,R=1",-inf,-inf,0,C|Y,1
Y,4,K,33,X,51,R,5,C,1,S,3,Y,186,K,67,S,2,Y,1,K,20,X,1,C,1,R,1,"L1:[sp=Y,4] K=33,X=51,R=5,C=1,S=3,Y=186 || L2:[sp=K,67] S=2,Y=1,K=20,X=1,C=1,R=1",-inf,-inf,0,Y|K,1
C,4,K,36,X,222,R,7,Y,186,S,3,C,1,Y,67,S,3,Y,1,K,20,X,1,C,1,R,5,"L1:[sp=C,4] K=36,X=222,R=7,Y=186,S=3,C=1 || L2:[sp=Y,67] S=3,Y=1,K=20,X=1,C=1,R=5",-inf,-inf,0,C|Y,1
K,4,K,36,X,37,R,5,C,1,S,3,Y,186,Y,67,S,1,Y,1,K,20,X,1,C,1,R,3,"L1:[sp=K,4] K=36,X=37,R=5,C=1,S=3,Y=186 || L2:[sp=Y,67] S=1,Y=1,K=20,X=1,C=1,R=3",-inf,-inf,0,K|Y,1
Y,4,K,47,C,3,S,3,Y,1,X,223,R,2,C,2,S,2,R,1,Y,1,X,1,K,20,C,1,"L1:[sp=Y,4] K=47,C=3,S=3,Y=1,X=223,R=2 || L2:[sp=C,2] S=2,R=1,Y=1,X=1,K=20,C=1",-inf,-inf,0,Y|C,1
K,4,S,3,X,223,R,1,Y,63,C,1,K,44,Y,21,S,1,Y,1,K,20,X,148,C,1,R,1,"L1:[sp=K,4] S=3,X=223,R=1,Y=63,C=1,K=44 || L2:[sp=Y,21] S=1,Y=1,K=20,X=148,C=1,R=1",-inf,-inf,0,K|Y,1
C,4,C,1,S,3,X,223,K,57,R,1,Y,63,Y,67,Y,1,S,1,C,1,X,147,K,4,R,1,"L1:[sp=C,4] C=1,S=3,X=223,K=57,R=1,Y=63 || L2:[sp=Y,67] Y=1,S=1,C=1,X=147,K=4,R=1",-inf,-inf,0,C|Y,1
K,4,K,36,X,223,R,1,C,1,S,6,Y,186,Y,67,S,1,K,20,Y,1,X,1,C,1,R,1,"L1:[sp=K,4] K=36,X=223,R=1,C=1,S=6,Y=186 || L2:[sp=Y,67] S=1,K=20,Y=1,X=1,C=1,R=1",-inf,-inf,0,K|Y,1
Y,4,C,3,S,2,X,223,R,2,K,10,Y,186,C,67,Y,1,S,1,C,1,X,1,K,4,R,1,"L1:[sp=Y,4] C=3,S=2,X=223,R=2,K=10,Y=186 || L2:[sp=C,67] Y=1,S=1,C=1,X=1,K=4,R=1",-inf,-inf,0,Y|C,1
K,4,K,23,X,223,R,5,C,1,S,3,Y,186,Y,67,S,1,Y,1,K,23,X,141,C,1,R,1,"L1:[sp=K,4] K=23,X=223,R=5,C=1,S=3,Y=186 || L2:[sp=Y,67] S=1,Y=1,K=23,X=141,C=1,R=1",-inf,-inf,0,K|Y,1
K,4,K,36,X,223,R,7,C,1,S,3,Y,186,Y,67,S,1,K,20,C,1,X,15,Y,1,R,1,"L1:[sp=K,4] K=36,X=223,R=7,C=1,S=3,Y=186 || L2:[sp=Y,67] S=1,K=20,C=1,X=15,Y=1,R=1",-inf,-inf,0,K|Y,1
C,4,K,57,S,3,X,188,C,3,R,1,Y,186,Y,67,K,4,S,1,R,1,X,1,Y,1,C,1,"L1:[sp=C,4] K=57,S=3,X=188,C=3,R=1,Y=186 || L2:[sp=Y,67] K=4,S=1,R=1,X=1,Y=1,C=1",-inf,-inf,0,C|Y,1
K,4,K,36,X,223,R,2,C,3,S,7,Y,186,Y,67,S,1,K,20,Y,1,X,1,C,1,R,1,"L1:[sp=K,4] K=36,X=223,R=2,C=3,S=7,Y=186 || L2:[sp=Y,67] S=1,K=20,Y=1,X=1,C=1,R=1",-inf,-inf,0,K|Y,1
Y,4,K,36,X,223,R,1,C,1,S,3,Y,186,K,67,S,2,K,20,Y,1,X,1,C,1,R,1,"L1:[sp=Y,4] K=36,X=223,R=1,C=1,S=3,Y=186 || L2:[sp=K,67] S=2,K=20,Y=1,X=1,C=1,R=1",-inf,-inf,0,Y|K,1
Y,4,K,47,C,3,X,109,Y,1,S,3,R,2,C,2,R,1,S,1,Y,1,X,1,K,20,C,1,"L1:[sp=Y,4] K=47,C=3,X=109,Y=1,S=3,R=2 || L2:[sp=C,2] R=1,S=1,Y=1,X=1,K=20,C=1",-inf,-inf,0,Y|C,1
K,4,S,6,X,116,R,2,Y,209,C,1,K,44,Y,21,R,1,Y,1,K,11,S,1,C,1,X,1,"L1:[sp=K,4] S=6,X=116,R=2,Y=209,C=1,K=44 || L2:[sp=Y,21] R=1,Y=1,K=11,S=1,C=1,X=1",-inf,-inf,0,K|Y,1
K,4,S,3,X,223,R,1,Y,186,K,44,C,1,Y,21,X,1,Y,1,C,1,S,2,K,39,R,1,"L1:[sp=K,4] S=3,X=223,R=1,Y=186,K=44,C=1 || L2:[sp=Y,21] X=1,Y=1,C=1,S=2,K=39,R=1",-inf,-inf,0,K|Y,1
K,4,S,1,X,223,R,1,Y,186,C,2,K,2,Y,21,S,1,C,1,K,2,X,101,Y,51,R,1,"L1:[sp=K,4] S=1,X=223,R=1,Y=186,C=2,K=2 || L2:[sp=Y,21] S=1,C=1,K=2,X=101,Y=51,R=1",-inf,-inf,0,K|Y,1
K,4,S,3,X,223,R,1,Y,186,C,3,K,46,Y,21,S,2,Y,1,K,44,X,149,C,1,R,1,"L1:[sp=K,4] S=3,X=223,R=1,Y=186,C=3,K=46 || L2:[sp=Y,21] S=2,Y=1,K=44,X=149,C=1,R=1",-inf,-inf,0,K|Y,1
X,4,K,60,S,3,R,2,C,3,X,73,Y,186,Y,67,Y,1,S,1,K,4,X,1,C,1,R,2,"L1:[sp=X,4] K=60,S=3,R=2,C=3,X=73,Y=186 || L2:[sp=Y,67] Y=1,S=1,K=4,X=1,C=1,R=2",-inf,-inf,0,X|Y,1
K,4,S,3,X,223,C,3,Y,186,R,2,K,46,Y,21,S,2,Y,92,K,44,X,1,C,1,R,1,"L1:[sp=K,4] S=3,X=223,C=3,Y=186,R=2,K=46 || L2:[sp=Y,21] S=2,Y=92,K=44,X=1,C=1,R=1",-inf,-inf,0,K|Y,1
K,4,K,46,X,223,R,4,Y,186,C,3,S,3,Y,21,S,2,Y,1,C,1,X,1,K,44,R,2,"L1:[sp=K,4] K=46,X=223,R=4,Y=186,C=3,S=3 || L2:[sp=Y,21] S=2,Y=1,C=1,X=1,K=44,R=2",-inf,-inf,0,K|Y,1
Y,4,S,6,X,223,R,2,Y,209,C,1,K,44,K,21,X,47,Y,1,K,16,S,1,C,1,R,1,"L1:[sp=Y,4] S=6,X=223,R=2,Y=209,C=1,K=44 || L2:[sp=K,21] X=47,Y=1,K=16,S=1,C=1,R=1",-inf,-inf,0,Y|K,1
C,4,K,36,X,223,S,3,Y,186,R,3,C,1,Y,67,S,1,Y,119,K,20,X,1,C,1,R,1,"L1:[sp=C,4] K=36,X=223,S=3,Y=186,R=3,C=1 || L2:[sp=Y,67] S=1,Y=119,K=20,X=1,C=1,R=1",-inf,-inf,0,C|Y,1
C,4,K,60,S,3,X,223,C,3,R,1,Y,186,Y,67,Y,20,S,2,K,17,X,1,C,1,R,1,"L1:[sp=C,4] K=60,S=3,X=223,C=3,R=1,Y=186 || L2:[sp=Y,67] Y=20,S=2,K=17,X=1,C=1,R=1",-inf,-inf,0,C|Y,1
C,4,K,36,X,23,R,2,Y,186,S,6,C,3,Y,67,S,1,R,1,K,20,X,1,C,1,Y,1,"L1:[sp=C,4] K=36,X=23,R=2,Y=186,S=6,C=3 || L2:[sp=Y,67] S=1,R=1,K=20,X=1,C=1,Y=1",-inf,-inf,0,C|Y,1
C,4,C,1,S,3,X,14,K,50,R,2,Y,209,Y,67,Y,1,S,1,R,1,X,1,K,4,C,1,"L1:[sp=C,4] C=1,S=3,X=14,K=50,R=2,Y=209 || L2:[sp=Y,67] Y=1,S=1,R=1,X=1,K=4,C=1",-inf,-inf,0,C|Y,1
C,4,K,36,X,223,Y,209,R,2,S,6,C,1,Y,67,S,1,Y,97,K,20,X,1,C,1,R,1,"L1:[sp=C,4] K=36,X=223,Y=209,R=2,S=6,C=1 || L2:[sp=Y,67] S=1,Y=97,K=20,X=1,C=1,R=1",-inf,-inf,0,C|Y,1
C,4,K,36,X,113,R,2,Y,186,S,3,C,3,Y,67,S,1,R,1,K,20,X,1,C,1,Y,1,"L1:[sp=C,4] K=36,X=113,R=2,Y=186,S=3,C=3 || L2:[sp=Y,67] S=1,R=1,K=20,X=1,C=1,Y=1",-inf,-inf,0,C|Y,1
C,4,K,36,X,223,R,2,Y,87,S,3,C,1,Y,67,S,2,Y,1,K,20,R,1,C,1,X,217,"L1:[sp=C,4] K=36,X=223,R=2,Y=87,S=3,C=1 || L2:[sp=Y,67] S=2,Y=1,K=20,R=1,C=1,X=217",-inf,-inf,0,C|Y,1
Y,4,K,50,S,3,X,223,C,3,R,5,Y,49,C,67,Y,1,S,2,R,1,X,1,K,4,C,1,"L1:[sp=Y,4] K=50,S=3,X=223,C=3,R=5,Y=49 || L2:[sp=C,67] Y=1,S=2,R=1,X=1,K=4,C=1",-inf,-inf,0,Y|C,1
K,4,S,2,X,223,R,1,Y,186,C,2,K,2,Y,21,S,2,C,1,K,2,X,1,Y,137,R,1,"L1:[sp=K,4] S=2,X=223,R=1,Y=186,C=2,K=2 || L2:[sp=Y,21] S=2,C=1,K=2,X=1,Y=137,R=1",-inf,-inf,0,K|Y,1
Y,4,K,36,X,223,R,1,Y,186,S,4,C,3,C,67,S,1,R,1,K,20,X,1,C,1,Y,50,"L1:[sp=Y,4] K=36,X=223,R=1,Y=186,S=4,C=3 || L2:[sp=C,67] S=1,R=1,K=20,X=1,C=1,Y=50",-inf,-inf,0,Y|C,1
Y,4,S,3,X,223,R,2,Y,186,C,2,K,2,K,21,S,2,C,1,R,1,K,2,Y,1,X,1,"L1:[sp=Y,4] S=3,X=223,R=2,Y=186,C=2,K=2 || L2:[sp=K,21] S=2,C=1,R=1,K=2,Y=1,X=1",-inf,-inf,0,Y|K,1
C,4,K,36,X,223,R,2,Y,87,S,3,C,1,Y,29,S,2,Y,1,K,20,R,2,C,1,X,1,"L1:[sp=C,4] K=36,X=223,R=2,Y=87,S=3,C=1 || L2:[sp=Y,29] S=2,Y=1,K=20,R=2,C=1,X=1",-inf,-inf,0,C|Y,1
Y,4,K,59,R,5,X,223,Y,54,S,3,C,3,Y,67,S,2,R,1,K,20,X,1,C,1,Y,43,"L1:[sp=Y,4] K=59,R=5,X=223,Y=54,S=3,C=3 || L2:[sp=Y,67] S=2,R=1,K=20,X=1,C=1,Y=43",-inf,-inf,0,Y|Y,1
C,4,K,36,X,223,R,7,Y,54,S,3,C,1,Y,67,S,2,Y,38,K,20,R,1,C,1,X,1,"L1:[sp=C,4] K=36,X=223,R=7,Y=54,S=3,C=1 || L2:[sp=Y,67] S=2,Y=38,K=20,R=1,C=1,X=1",-inf,-inf,0,C|Y,1
C,4,K,39,X,209,R,7,Y,87,S,3,C,1,Y,67,S,2,Y,1,K,20,R,1,C,1,X,1,"L1:[sp=C,4] K=39,X=209,R=7,Y=87,S=3,C=1 || L2:[sp=Y,67] S=2,Y=1,K=20,R=1,C=1,X=1",-inf,-inf,0,C|Y,1
K,4,S,3,X,223,R,7,Y,186,C,1,K,2,Y,21,S,2,C,1,K,2,X,1,Y,1,R,1,"L1:[sp=K,4] S=3,X=223,R=7,Y=186,C=1,K=2 || L2:[sp=Y,21] S=2,C=1,K=2,X=1,Y=1,R=1",-inf,-inf,0,K|Y,1
C,4,C,3,R,1,X,223,K,50,S,3,Y,186,Y,67,K,4,S,2,R,1,X,134,Y,1,C,1,"L1:[sp=C,4] C=3,R=1,X=223,K=50,S=3,Y=186 || L2:[sp=Y,67] K=4,S=2,R=1,X=134,Y=1,C=1",-inf,-inf,0,C|Y,1
K,4,S,3,X,223,R,2,Y,87,C,1,K,2,Y,21,S,1,C,1,K,2,X,1,Y,1,R,1,"L1:[sp=K,4] S=3,X=223,R=2,Y=87,C=1,K=2 || L2:[sp=Y,21] S=1,C=1,K=2,X=1,Y=1,R=1",-inf,-inf,0,K|Y,1
C,4,K,39,X,223,R,1,Y,186,S,3,C,1,Y,67,S,2,Y,1,K,2,R,1,C,1,X,1,"L1:[sp=C,4] K=39,X=223,R=1,Y=186,S=3,C=1 || L2:[sp=Y,67] S=2,Y=1,K=2,R=1,C=1,X=1",-inf,-inf,0,C|Y,1
Y,4,K,25,X,223,R,1,Y,113,S,3,C,3,Y,67,S,2,R,1,K,20,X,1,C,2,Y,74,"L1:[sp=Y,4] K=25,X=223,R=1,Y=113,S=3,C=3 || L2:[sp=Y,67] S=2,R=1,K=20,X=1,C=2,Y=74",-inf,-inf,0,Y|Y,1
K,4,S,3,X,223,R,6,Y,186,C,2,K,2,Y,21,S,2,C,1,K,2,X,1,Y,1,R,1,"L1:[sp=K,4] S=3,X=223,R=6,Y=186,C=2,K=2 || L2:[sp=Y,21] S=2,C=1,K=2,X=1,Y=1,R=1",-inf,-inf,0,K|Y,1
Y,4,S,3,X,93,R,2,Y,87,C,1,K,2,K,21,S,1,C,1,K,2,X,1,Y,1,R,1,"L1:[sp=Y,4] S=3,X=93,R=2,Y=87,C=1,K=2 || L2:[sp=K,21] S=1,C=1,K=2,X=1,Y=1,R=1",-inf,-inf,0,Y|K,1
X,4,K,25,X,223,R,2,Y,87,S,3,C,3,Y,67,S,2,R,1,K,20,X,131,C,2,Y,1,"L1:[sp=X,4] K=25,X=223,R=2,Y=87,S=3,C=3 || L2:[sp=Y,67] S=2,R=1,K=20,X=131,C=2,Y=1",-inf,-inf,0,X|Y,1
K,4,K,39,X,223,R,1,Y,87,S,3,C,1,Y,67,S,2,Y,17,K,20,R,1,C,1,X,1,"L1:[sp=K,4] K=39,X=223,R=1,Y=87,S=3,C=1 || L2:[sp=Y,67] S=2,Y=17,K=20,R=1,C=1,X=1",-inf,-inf,0,K|Y,1
C,4,K,39,X,218,R,5,Y,54,S,7,C,2,Y,67,S,2,Y,1,K,17,R,1,C,1,X,1,"L1:[sp=C,4] K=39,X=218,R=5,Y=54,S=7,C=2 || L2:[sp=Y,67] S=2,Y=1,K=17,R=1,C=1,X=1",-inf,-inf,0,C|Y,1
K,4,S,4,C,2,R,1,Y,186,X,223,K,2,C,2,S,2,C,1,K,2,X,1,Y,1,R,1,"L1:[sp=K,4] S=4,C=2,R=1,Y=186,X=223,K=2 || L2:[sp=C,2] S=2,C=1,K=2,X=1,Y=1,R=1",-inf,-inf,0,K|C,1
C,4,K,39,X,223,R,2,Y,186,S,1,C,1,Y,67,S,1,Y,1,K,17,R,1,C,1,X,1,"L1:[sp=C,4] K=39,X=223,R=2,Y=186,S=1,C=1 || L2:[sp=Y,67] S=1,Y=1,K=17,R=1,C=1,X=1",-inf,-inf,0,C|Y,1
K,4,K,16,X,68,R,5,Y,87,S,3,C,1,Y,67,S,2,Y,1,K,16,R,1,C,1,X,1,"L1:[sp=K,4] K=16,X=68,R=5,Y=87,S=3,C=1 || L2:[sp=Y,67] S=2,Y=1,K=16,R=1,C=1,X=1",-inf,-inf,0,K|Y,1
Y,4,C,3,X,223,R,2,Y,120,S,3,K,25,Y,67,S,2,R,1,K,20,X,1,C,3,Y,13,"L1:[sp=Y,4] C=3,X=223,R=2,Y=120,S=3,K=25 || L2:[sp=Y,67] S=2,R=1,K=20,X=1,C=3,Y=13",-inf,-inf,0,Y|Y,1
Y,4,K,25,X,113,S,3,Y,87,R,2,C,3,Y,67,S,1,R,1,K,20,Y,1,C,3,X,1,"L1:[sp=Y,4] K=25,X=113,S=3,Y=87,R=2,C=3 || L2:[sp=Y,67] S=1,R=1,K=20,Y=1,C=3,X=1",-inf,-inf,0,Y|Y,1
C,4,K,39,X,223,R,5,Y,87,S,3,C,1,Y,67,S,3,Y,1,K,34,R,1,C,1,X,1,"L1:[sp=C,4] K=39,X=223,R=5,Y=87,S=3,C=1 || L2:[sp=Y,67] S=3,Y=1,K=34,R=1,C=1,X=1",-inf,-inf,0,C|Y,1
Y,4,S,3,X,223,R,4,Y,186,C,2,K,2,K,21,S,2,C,1,K,2,X,1,Y,1,R,1,"L1:[sp=Y,4] S=3,X=223,R=4,Y=186,C=2,K=2 || L2:[sp=K,21] S=2,C=1,K=2,X=1,Y=1,R=1",-inf,-inf,0,Y|K,1
C,4,S,3,C,2,R,1,Y,186,X,223,K,2,K,2,S,2,C,1,K,2,X,97,Y,1,R,1,"L1:[sp=C,4] S=3,C=2,R=1,Y=186,X=223,K=2 || L2:[sp=K,2] S=2,C=1,K=2,X=97,Y=1,R=1",-inf,-inf,0,C|K,1
C,4,S,3,C,2,R,1,Y,186,X,223,K,2,K,2,S,2,C,1,K,2,X,1,Y,161,R,1,"L1:[sp=C,4] S=3,C=2,R=1,Y=186,X=223,K=2 || L2:[sp=K,2] S=2,C=1,K=2,X=1,Y=161,R=1",-inf,-inf,0,C|K,1
K,4,S,3,C,2,R,5,Y,186,X,223,K,2,C,2,S,1,C,1,K,2,X,1,Y,1,R,1,"L1:[sp=K,4] S=3,C=2,R=5,Y=186,X=223,K=2 || L2:[sp=C,2] S=1,C=1,K=2,X=1,Y=1,R=1",-inf,-inf,0,K|C,1
K,4,K,64,X,223,R,5,Y,87,S,4,C,1,Y,67,Y,1,C,1,K,26,R,1,S,2,X,212,"L1:[sp=K,4] K=64,X=223,R=5,Y=87,S=4,C=1 || L2:[sp=Y,67] Y=1,C=1,K=26,R=1,S=2,X=212",-inf,-inf,0,K|Y,1
K,4,S,3,C,2,R,5,Y,186,X,223,K,2,C,2,S,2,C,1,X,1,K,1,Y,1,R,1,"L1:[sp=K,4] S=3,C=2,R=5,Y=186,X=223,K=2 || L2:[sp=C,2] S=2,C=1,X=1,K=1,Y=1,R=1",-inf,-inf,0,K|C,1
K,4,S,3,X,223,R,1,Y,182,C,2,K,2,Y,28,S,2,K,2,R,1,C,2,Y,90,X,1,"L1:[sp=K,4] S=3,X=223,R=1,Y=182,C=2,K=2 || L2:[sp=Y,28] S=2,K=2,R=1,C=2,Y=90,X=1",-inf,-inf,0,K|Y,1
Y,4,K,25,X,223,R,1,Y,163,S,7,C,3,Y,67,S,2,Y,1,K,20,X,1,C,3,R,1,"L1:[sp=Y,4] K=25,X=223,R=1,Y=163,S=7,C=3 || L2:[sp=Y,67] S=2,Y=1,K=20,X=1,C=3,R=1",-inf,-inf,0,Y|Y,1
K,4,K,64,X,210,R,2,Y,186,S,3,C,2,Y,67,S,2,Y,1,K,26,R,2,C,1,X,1,"L1:[sp=K,4] K=64,X=210,R=2,Y=186,S=3,C=2 || L2:[sp=Y,67] S=2,Y=1,K=26,R=2,C=1,X=1",-inf,-inf,0,K|Y,1
K,4,S,3,C,2,R,1,Y,186,X,102,K,2,C,2,S,2,C,1,K,2,X,1,Y,1,R,1,"L1:[sp=K,4] S=3,C=2,R=1,Y=186,X=102,K=2 || L2:[sp=C,2] S=2,C=1,K=2,X=1,Y=1,R=1",-inf,-inf,0,K|C,1
K,4,S,4,X,223,R,5,Y,186,C,2,K,2,Y,21,S,2,C,1,K,2,X,1,Y,1,R,5,"L1:[sp=K,4] S=4,X=223,R=5,Y=186,C=2,K=2 || L2:[sp=Y,21] S=2,C=1,K=2,X=1,Y=1,R=5",-inf,-inf,0,K|Y,1
K,4,K,2,Y,186,R,5,X,159,C,2,S,3,C,2,S,2,C,1,R,1,K,2,X,1,Y,1,"L1:[sp=K,4] K=2,Y=186,R=5,X=159,C=2,S=3 || L2:[sp=C,2] S=2,C=1,R=1,K=2,X=1,Y=1",-inf,-inf,0,K|C,1
K,4,S,3,X,223,C,2,Y,186,R,2,K,2,K,1,S,1,C,1,R,1,K,2,Y,1,X,1,"L1:[sp=K,4] S=3,X=223,C=2,Y=186,R=2,K=2 || L2:[sp=K,1] S=1,C=1,R=1,K=2,Y=1,X=1",-inf,-inf,0,K|K,1
K,4,S,3,X,146,R,1,Y,186,C,2,K,2,Y,168,S,1,C,1,R,1,K,2,Y,1,X,1,"L1:[sp=K,4] S=3,X=146,R=1,Y=186,C=2,K=2 || L2:[sp=Y,168] S=1,C=1,R=1,K=2,Y=1,X=1",-inf,-inf,0,K|Y,1
K,4,S,5,X,223,C,2,Y,186,R,7,K,2,Y,168,S,1,C,1,R,1,K,2,Y,1,X,1,"L1:[sp=K,4] S=5,X=223,C=2,Y=186,R=7,K=2 || L2:[sp=Y,168] S=1,C=1,R=1,K=2,Y=1,X=1",-inf,-inf,0,K|Y,1
C,4,S,3,X,223,R,1,Y,87,C,2,K,2,Y,28,S,2,C,1,R,1,K,2,Y,65,X,1,"L1:[sp=C,4] S=3,X=223,R=1,Y=87,C=2,K=2 || L2:[sp=Y,28] S=2,C=1,R=1,K=2,Y=65,X=1",-inf,-inf,0,C|Y,1
K,4,S,3,X,67,R,1,Y,186,C,2,K,2,Y,28,S,1,C,1,R,1,K,2,Y,1,X,1,"L1:[sp=K,4] S=3,X=67,R=1,Y=186,C=2,K=2 || L2:[sp=Y,28] S=1,C=1,R=1,K=2,Y=1,X=1",-inf,-inf,0,K|Y,1
K,4,S,3,X,223,R,2,Y,186,C,2,K,2,Y,21,S,1,Y,85,K,2,X,1,C,1,R,1,"L1:[sp=K,4] S=3,X=223,R=2,Y=186,C=2,K=2 || L2:[sp=Y,21] S=1,Y=85,K=2,X=1,C=1,R=1",-inf,-inf,0,K|Y,1
Y,4,S,3,X,38,R,3,Y,186,C,2,K,2,K,21,S,2,C,1,K,2,X,1,Y,59,R,1,"L1:[sp=Y,4] S=3,X=38,R=3,Y=186,C=2,K=2 || L2:[sp=K,21] S=2,C=1,K=2,X=1,Y=59,R=1",-inf,-inf,0,Y|K,1
Y,4,S,3,X,223,R,2,Y,186,C,2,K,2,K,4,S,2,K,2,C,1,X,1,Y,1,R,1,"L1:[sp=Y,4] S=3,X=223,R=2,Y=186,C=2,K=2 || L2:[sp=K,4] S=2,K=2,C=1,X=1,Y=1,R=1",-inf,-inf,0,Y|K,1
Y,4,S,3,X,223,R,4,Y,87,C,2,K,2,K,28,S,2,C,1,Y,1,K,2,R,1,X,1,"L1:[sp=Y,4] S=3,X=223,R=4,Y=87,C=2,K=2 || L2:[sp=K,28] S=2,C=1,Y=1,K=2,R=1,X=1",-inf,-inf,0,Y|K,1
Y,4,S,5,X,223,R,1,Y,186,C,2,K,2,K,28,S,1,C,1,R,1,K,2,Y,1,X,1,"L1:[sp=Y,4] S=5,X=223,R=1,Y=186,C=2,K=2 || L2:[sp=K,28] S=1,C=1,R=1,K=2,Y=1,X=1",-inf,-inf,0,Y|K,1
Y,4,S,3,X,223,R,1,Y,34,C,1,K,2,K,21,S,1,C,1,K,2,X,1,Y,1,R,1,"L1:[sp=Y,4] S=3,X=223,R=1,Y=34,C=1,K=2 || L2:[sp=K,21] S=1,C=1,K=2,X=1,Y=1,R=1",-inf,-inf,0,Y|K,1
K,4,S,3,X,138,R,5,Y,186,C,2,K,2,Y,21,S,2,C,1,K,2,X,130,Y,1,R,3,"L1:[sp=K,4] S=3,X=138,R=5,Y=186,C=2,K=2 || L2:[sp=Y,21] S=2,C=1,K=2,X=130,Y=1,R=3",-inf,-inf,0,K|Y,1
Y,4,S,3,X,223,R,3,Y,186,C,2,K,2,Y,21,S,2,C,1,K,2,X,1,Y,1,R,3,"L1:[sp=Y,4] S=3,X=223,R=3,Y=186,C=2,K=2 || L2:[sp=Y,21] S=2,C=1,K=2,X=1,Y=1,R=3",-inf,-inf,0,Y|Y,1
Y,4,C,2,X,71,R,4,Y,186,S,3,K,2,Y,21,S,2,C,1,K,2,X,1,Y,1,R,3,"L1:[sp=Y,4] C=2,X=71,R=4,Y=186,S=3,K=2 || L2:[sp=Y,21] S=2,C=1,K=2,X=1,Y=1,R=3",-inf,-inf,0,Y|Y,1
K,4,Y,186,K,2,R,1,S,3,C,1,X,223,Y,28,S,1,C,1,R,1,K,2,Y,1,X,137,"L1:[sp=K,4] Y=186,K=2,R=1,S=3,C=1,X=223 || L2:[sp=Y,28] S=1,C=1,R=1,K=2,Y=1,X=137",-inf,-inf,0,K|Y,1
Y,4,S,3,X,223,R,6,Y,186,C,2,K,45,K,21,S,2,C,2,K,2,X,1,Y,1,R,3,"L1:[sp=Y,4] S=3,X=223,R=6,Y=186,C=2,K=45 || L2:[sp=K,21] S=2,C=2,K=2,X=1,Y=1,R=3",-inf,-inf,0,Y|K,1
K,4,S,3,X,139,Y,186,R,4,C,2,K,2,Y,21,S,2,C,1,K,1,X,1,Y,1,R,3,"L1:[sp=K,4] S=3,X=139,Y=186,R=4,C=2,K=2 || L2:[sp=Y,21] S=2,C=1,K=1,X=1,Y=1,R=3",-inf,-inf,0,K|Y,1
K,4,S,3,X,214,R,5,Y,186,C,2,K,5,Y,21,S,1,C,1,K,2,X,1,Y,1,R,3,"L1:[sp=K,4] S=3,X=214,R=5,Y=186,C=2,K=5 || L2:[sp=Y,21] S=1,C=1,K=2,X=1,Y=1,R=3",-inf,-inf,0,K|Y,1
K,4,S,3,X,62,K,2,Y,108,C,2,R,5,Y,21,S,3,R,3,K,2,X,42,Y,1,C,1,"L1:[sp=K,4] S=3,X=62,K=2,Y=108,C=2,R=5 || L2:[sp=Y,21] S=3,R=3,K=2,X=42,Y=1,C=1",-inf,-inf,0,K|Y,1
K,4,S,5,X,151,R,5,Y,179,C,2,K,13,Y,21,S,2,Y,1,K,2,X,1,C,1,R,3,"L1:[sp=K,4] S=5,X=151,R=5,Y=179,C=2,K=13 || L2:[sp=Y,21] S=2,Y=1,K=2,X=1,C=1,R=3",-inf,-inf,0,K|Y,1
Y,4,S,3,X,223,R,5,Y,179,C,2,K,13,K,21,S,1,Y,4,K,2,X,1,C,1,R,3,"L1:[sp=Y,4] S=3,X=223,R=5,Y=179,C=2,K=13 || L2:[sp=K,21] S=1,Y=4,K=2,X=1,C=1,R=3",-inf,-inf,0,Y|K,1
K,4,S,2,X,71,R,1,Y,208,C,2,K,45,Y,21,S,1,K,2,Y,1,X,1,C,1,R,1,"L1:[sp=K,4] S=2,X=71,R=1,Y=208,C=2,K=45 || L2:[sp=Y,21] S=1,K=2,Y=1,X=1,C=1,R=1",-inf,-inf,0,K|Y,1
K,4,S,3,X,148,R,5,Y,208,K,2,C,1,Y,21,S,3,K,2,Y,1,X,1,C,1,R,3,"L1:[sp=K,4] S=3,X=148,R=5,Y=208,K=2,C=1 || L2:[sp=Y,21] S=3,K=2,Y=1,X=1,C=1,R=3",-inf,-inf,0,K|Y,1
K,4,S,3,X,223,R,1,Y,186,C,1,K,2,Y,21,S,2,C,1,K,1,X,1,Y,69,R,1,"L1:[sp=K,4] S=3,X=223,R=1,Y=186,C=1,K=2 || L2:[sp=Y,21] S=2,C=1,K=1,X=1,Y=69,R=1",-inf,-inf,0,K|Y,1
K,4,S,3,X,223,R,5,Y,186,C,2,K,2,Y,21,S,2,C,1,K,2,X,1,Y,72,R,3,"L1:[sp=K,4] S=3,X=223,R=5,Y=186,C=2,K=2 || L2:[sp=Y,21] S=2,C=1,K=2,X=1,Y=72,R=3",-inf,-inf,0,K|Y,1
K,4,K,2,X,223,R,5,Y,108,S,4,C,2,Y,54,S,1,C,1,K,2,X,1,Y,1,R,3,"L1:[sp=K,4] K=2,X=223,R=5,Y=108,S=4,C=2 || L2:[sp=Y,54] S=1,C=1,K=2,X=1,Y=1,R=3",-inf,-inf,0,K|Y,1
K,4,X,223,S,3,R,4,Y,137,C,2,K,9,Y,6,S,2,C,1,K,1,X,1,Y,1,R,3,"L1:[sp=K,4] X=223,S=3,R=4,Y=137,C=2,K=9 || L2:[sp=Y,6] S=2,C=1,K=1,X=1,Y=1,R=3",-inf,-inf,0,K|Y,1
K,4,S,3,X,106,R,5,Y,186,C,2,K,2,Y,6,S,1,C,1,K,2,Y,1,X,73,R,3,"L1:[sp=K,4] S=3,X=106,R=5,Y=186,C=2,K=2 || L2:[sp=Y,6] S=1,C=1,K=2,Y=1,X=73,R=3",-inf,-inf,0,K|Y,1
K,4,S,2,X,223,R,5,Y,179,C,2,K,2,Y,21,S,1,C,1,K,2,X,1,Y,1,R,3,"L1:[sp=K,4] S=2,X=223,R=5,Y=179,C=2,K=2 || L2:[sp=Y,21] S=1,C=1,K=2,X=1,Y=1,R=3",-inf,-inf,0,K|Y,1
Y,4,S,3,X,60,Y,186,R,5,C,2,K,2,Y,21,S,1,C,2,K,2,X,1,Y,1,R,3,"L1:[sp=Y,4] S=3,X=60,Y=186,R=5,C=2,K=2 || L2:[sp=Y,21] S=1,C=2,K=2,X=1,Y=1,R=3",-inf,-inf,0,Y|Y,1
K,4,S,3,X,223,R,5,Y,222,K,2,C,2,Y,21,S,1,C,1,K,2,X,123,Y,1,R,3,"L1:[sp=K,4] S=3,X=223,R=5,Y=222,K=2,C=2 || L2:[sp=Y,21] S=1,C=1,K=2,X=123,Y=1,R=3",-inf,-inf,0,K|Y,1
Y,4,K,2,X,138,Y,186,R,5,C,2,S,3,Y,21,S,3,C,2,K,2,X,1,Y,1,R,3,"L1:[sp=Y,4] K=2,X=138,Y=186,R=5,C=2,S=3 || L2:[sp=Y,21] S=3,C=2,K=2,X=1,Y=1,R=3",-inf,-inf,0,Y|Y,1
K,4,S,4,X,223,Y,186,R,5,C,2,K,2,Y,21,X,1,Y,1,K,1,S,1,C,1,R,3,"L1:[sp=K,4] S=4,X=223,Y=186,R=5,C=2,K=2 || L2:[sp=Y,21] X=1,Y=1,K=1,S=1,C=1,R=3",-inf,-inf,0,K|Y,1
K,4,S,3,X,223,R,5,Y,186,C,2,K,2,Y,21,S,1,C,1,K,2,X,31,Y,1,R,3,"L1:[sp=K,4] S=3,X=223,R=5,Y=186,C=2,K=2 || L2:[sp=Y,21] S=1,C=1,K=2,X=31,Y=1,R=3",-inf,-inf,0,K|Y,1
K,4,S,3,Y,186,C,2,X,62,R,5,K,2,Y,21,S,1,C,1,K,2,X,1,Y,1,R,3,"L1:[sp=K,4] S=3,Y=186,C=2,X=62,R=5,K=2 || L2:[sp=Y,21] S=1,C=1,K=2,X=1,Y=1,R=3",-inf,-inf,0,K|Y,1
K,4,S,3,K,2,Y,186,C,2,R,5,X,223,Y,21,X,87,S,3,Y,1,K,2,C,1,R,3,"L1:[sp=K,4] S=3,K=2,Y=186,C=2,R=5,X=223 || L2:[sp=Y,21] X=87,S=3,Y=1,K=2,C=1,R=3",-inf,-inf,0,K|Y,1
K,4,S,3,Y,200,C,2,X,223,R,5,K,2,X,12,S,1,C,1,K,2,X,1,Y,133,R,3,"L1:[sp=K,4] S=3,Y=200,C=2,X=223,R=5,K=2 || L2:[sp=X,12] S=1,C=1,K=2,X=1,Y=133,R=3",-inf,-inf,0,K|X,1
K,4,S,3,X,223,Y,186,R,3,C,2,K,2,Y,21,S,3,C,1,K,2,X,85,Y,1,R,3,"L1:[sp=K,4] S=3,X=223,Y=186,R=3,C=2,K=2 || L2:[sp=Y,21] S=3,C=1,K=2,X=85,Y=1,R=3",-inf,-inf,0,K|Y,1
K,4,S,3,X,223,R,5,Y,186,C,3,K,2,Y,21,S,1,C,1,K,1,X,88,Y,1,R,3,"L1:[sp=K,4] S=3,X=223,R=5,Y=186,C=3,K=2 || L2:[sp=Y,21] S=1,C=1,K=1,X=88,Y=1,R=3",-inf,-inf,0,K|Y,1
K,4,S,3,X,223,R,4,Y,116,C,1,K,2,Y,21,S,1,C,1,R,3,X,1,Y,111,K,2,"L1:[sp=K,4] S=3,X=223,R=4,Y=116,C=1,K=2 || L2:[sp=Y,21] S=1,C=1,R=3,X=1,Y=111,K=2",-inf,-inf,0,K|Y,1
K,4,S,4,X,223,R,5,Y,186,C,2,K,5,Y,21,S,1,X,1,K,2,C,1,Y,1,R,3,"L1:[sp=K,4] S=4,X=223,R=5,Y=186,C=2,K=5 || L2:[sp=Y,21] S=1,X=1,K=2,C=1,Y=1,R=3",-inf,-inf,0,K|Y,1
K,4,S,3,X,210,R,4,Y,186,C,2,K,43,Y,21,S,1,C,1,K,2,X,1,Y,1,R,3,"L1:[sp=K,4] S=3,X=210,R=4,Y=186,C=2,K=43 || L2:[sp=Y,21] S=1,C=1,K=2,X=1,Y=1,R=3",-inf,-inf,0,K|Y,1
K,4,S,4,X,147,R,5,Y,186,C,3,K,2,Y,21,S,1,C,1,K,2,X,1,Y,1,R,3,"L1:[sp=K,4] S=4,X=147,R=5,Y=186,C=3,K=2 || L2:[sp=Y,21] S=1,C=1,K=2,X=1,Y=1,R=3",-inf,-inf,0,K|Y,1
K,4,S,1,X,26,R,5,Y,186,C,3,K,2,Y,21,X,5,C,1,K,2,S,1,Y,1,R,3,"L1:[sp=K,4] S=1,X=26,R=5,Y=186,C=3,K=2 || L2:[sp=Y,21] X=5,C=1,K=2,S=1,Y=1,R=3",-inf,-inf,0,K|Y,1
K,4,S,3,X,66,R,5,Y,186,C,2,K,2,Y,21,S,1,C,1,K,2,X,1,Y,1,R,3,"L1:[sp=K,4] S=3,X=66,R=5,Y=186,C=2,K=2 || L2:[sp=Y,21] S=1,C=1,K=2,X=1,Y=1,R=3",-inf,-inf,0,K|Y,1
Y,4,S,3,X,223,R,5,Y,186,C,2,K,2,K,21,S,2,C,1,K,2,X,1,Y,1,R,3,"L1:[sp=Y,4] S=3,X=223,R=5,Y=186,C=2,K=2 || L2:[sp=K,21] S=2,C=1,K=2,X=1,Y=1,R=3",-inf,-inf,0,Y|K,1
K,4,S,3,X,223,R,5,Y,186,C,3,K,2,Y,21,S,1,C,2,K,2,X,1,Y,1,R,1,"L1:[sp=K,4] S=3,X=223,R=5,Y=186,C=3,K=2 || L2:[sp=Y,21] S=1,C=2,K=2,X=1,Y=1,R=1",-inf,-inf,0,K|Y,1
K,4,S,2,X,223,R,5,Y,186,C,2,K,2,K,2,S,1,C,1,K,2,X,1,Y,1,R,3,"L1:[sp=K,4] S=2,X=223,R=5,Y=186,C=2,K=2 || L2:[sp=K,2] S=1,C=1,K=2,X=1,Y=1,R=3",-inf,-inf,0,K|K,1
K,4,S,3,X,183,R,5,Y,201,C,3,K,2,Y,21,S,1,C,1,K,1,X,1,Y,1,R,3,"L1:[sp=K,4] S=3,X=183,R=5,Y=201,C=3,K=2 || L2:[sp=Y,21] S=1,C=1,K=1,X=1,Y=1,R=3",-inf,-inf,0,K|Y,1
K,4,S,3,X,223,Y,6,R,5,C,2,K,2,Y,21,S,1,C,2,K,1,X,216,Y,1,R,3,"L1:[sp=K,4] S=3,X=223,Y=6,R=5,C=2,K=2 || L2:[sp=Y,21] S=1,C=2,K=1,X=216,Y=1,R=3",-inf,-inf,0,K|Y,1
K,4,S,3,X,223,R,4,Y,186,C,2,K,18,Y,4,S,3,C,1,K,1,X,1,Y,1,R,1,"L1:[sp=K,4] S=3,X=223,R=4,Y=186,C=2,K=18 || L2:[sp=Y,4] S=3,C=1,K=1,X=1,Y=1,R=1",-inf,-inf,0,K|Y,1
K,4,S,3,X,223,R,5,Y,186,C,3,K,2,Y,21,S,1,C,2,K,1,X,1,Y,1,R,3,"L1:[sp=K,4] S=3,X=223,R=5,Y=186,C=3,K=2 || L2:[sp=Y,21] S=1,C=2,K=1,X=1,Y=1,R=3",-inf,-inf,0,K|Y,1
Y,4,S,3,X,46,R,5,Y,146,C,3,K,2,K,21,S,1,C,1,K,1,X,1,Y,1,R,5,"L1:[sp=Y,4] S=3,X=46,R=5,Y=146,C=3,K=2 || L2:[sp=K,21] S=1,C=1,K=1,X=1,Y=1,R=5",-inf,-inf,0,Y|K,1
K,4,S,3,X,98,Y,186,R,2,C,2,K,2,Y,21,S,1,K,2,C,2,X,1,Y,1,R,2,"L1:[sp=K,4] S=3,X=98,Y=186,R=2,C=2,K=2 || L2:[sp=Y,21] S=1,K=2,C=2,X=1,Y=1,R=2",-inf,-inf,0,K|Y,1
K,4,S,3,X,223,R,3,Y,186,C,2,K,2,Y,168,S,2,C,1,K,1,X,1,Y,1,R,3,"L1:[sp=K,4] S=3,X=223,R=3,Y=186,C=2,K=2 || L2:[sp=Y,168] S=2,C=1,K=1,X=1,Y=1,R=3",-inf,-inf,0,K|Y,1
Y,4,S,3,X,223,R,5,C,1,Y,186,K,2,K,21,S,1,C,1,K,1,X,1,Y,65,R,3,"L1:[sp=Y,4] S=3,X=223,R=5,C=1,Y=186,K=2 || L2:[sp=K,21] S=1,C=1,K=1,X=1,Y=65,R=3",-inf,-inf,0,Y|K,1
K,4,S,3,X,223,Y,186,R,4,C,3,K,2,Y,21,S,1,C,2,K,1,X,1,Y,1,R,1,"L1:[sp=K,4] S=3,X=223,Y=186,R=4,C=3,K=2 || L2:[sp=Y,21] S=1,C=2,K=1,X=1,Y=1,R=1",-inf,-inf,0,K|Y,1
K,4,S,3,X,223,Y,186,R,5,C,2,K,2,Y,21,S,1,C,2,K,1,X,1,Y,48,R,3,"L1:[sp=K,4] S=3,X=223,Y=186,R=5,C=2,K=2 || L2:[sp=Y,21] S=1,C=2,K=1,X=1,Y=48,R=3",-inf,-inf,0,K|Y,1
K,4,S,3,X,223,Y,186,R,4,C,2,K,2,Y,21,R,1,C,2,K,2,X,1,Y,1,S,3,"L1:[sp=K,4] S=3,X=223,Y=186,R=4,C=2,K=2 || L2:[sp=Y,21] R=1,C=2,K=2,X=1,Y=1,S=3",-inf,-inf,0,K|Y,1
K,4,S,4,X,223,R,4,C,3,Y,214,K,2,Y,21,S,1,C,1,K,1,X,1,Y,1,R,1,"L1:[sp=K,4] S=4,X=223,R=4,C=3,Y=214,K=2 || L2:[sp=Y,21] S=1,C=1,K=1,X=1,Y=1,R=1",-inf,-inf,0,K|Y,1
K,4,X,43,S,3,R,4,Y,186,C,3,K,2,Y,21,S,3,C,3,K,1,R,1,X,1,Y,1,"L1:[sp=K,4] X=43,S=3,R=4,Y=186,C=3,K=2 || L2:[sp=Y,21] S=3,C=3,K=1,R=1,X=1,Y=1",-inf,-inf,0,K|Y,1
K,4,S,3,X,223,R,4,C,3,Y,186,K,50,Y,21,C,1,S,3,K,1,X,130,Y,1,R,1,"L1:[sp=K,4] S=3,X=223,R=4,C=3,Y=186,K=50 || L2:[sp=Y,21] C=1,S=3,K=1,X=130,Y=1,R=1",-inf,-inf,0,K|Y,1
K,4,S,3,X,100,Y,186,K,2,C,2,R,5,Y,21,S,1,C,2,K,1,X,1,Y,1,R,1,"L1:[sp=K,4] S=3,X=100,Y=186,K=2,C=2,R=5 || L2:[sp=Y,21] S=1,C=2,K=1,X=1,Y=1,R=1",-inf,-inf,0,K|Y,1
K,4,S,3,X,223,R,4,Y,186,C,1,K,2,Y,168,S,1,X,210,K,2,C,1,Y,1,R,2,"L1:[sp=K,4] S=3,X=223,R=4,Y=186,C=1,K=2 || L2:[sp=Y,168] S=1,X=210,K=2,C=1,Y=1,R=2",-inf,-inf,0,K|Y,1
K,4,S,3,X,175,R,5,Y,186,C,3,K,2,Y,21,S,1,C,1,K,1,X,1,Y,1,R,3,"L1:[sp=K,4] S=3,X=175,R=5,Y=186,C=3,K=2 || L2:[sp=Y,21] S=1,C=1,K=1,X=1,Y=1,R=3",-inf,-inf,0,K|Y,1
Y,4,S,3,X,223,R,4,Y,186,C,3,K,2,Y,168,S,1,X,1,K,2,C,1,Y,1,R,3,"L1:[sp=Y,4] S=3,X=223,R=4,Y=186,C=3,K=2 || L2:[sp=Y,168] S=1,X=1,K=2,C=1,Y=1,R=3",-inf,-inf,0,Y|Y,1
Y,4,X,223,S,3,R,3,C,3,Y,186,K,2,Y,21,S,2,C,1,K,1,X,1,Y,1,R,3,"L1:[sp=Y,4] X=223,S=3,R=3,C=3,Y=186,K=2 || L2:[sp=Y,21] S=2,C=1,K=1,X=1,Y=1,R=3",-inf,-inf,0,Y|Y,1
K,4,S,2,X,223,R,4,Y,188,C,3,K,2,Y,168,S,1,C,1,K,2,R,1,Y,1,X,1,"L1:[sp=K,4] S=2,X=223,R=4,Y=188,C=3,K=2 || L2:[sp=Y,168] S=1,C=1,K=2,R=1,Y=1,X=1",-inf,-inf,0,K|Y,1
K,4,S,3,X,223,R,5,C,3,Y,186,K,2,Y,21,S,1,C,1,Y,1,X,1,K,1,R,3,"L1:[sp=K,4] S=3,X=223,R=5,C=3,Y=186,K=2 || L2:[sp=Y,21] S=1,C=1,Y=1,X=1,K=1,R=3",-inf,-inf,0,K|Y,1
K,4,K,2,X,223,R,4,Y,95,C,3,S,7,Y,21,S,2,C,1,K,1,X,1,Y,1,R,3,"L1:[sp=K,4] K=2,X=223,R=4,Y=95,C=3,S=7 || L2:[sp=Y,21] S=2,C=1,K=1,X=1,Y=1,R=3",-inf,-inf,0,K|Y,1
K,4,S,7,X,223,R,4,Y,188,C,3,K,2,Y,168,S,3,C,1,K,1,R,1,Y,1,X,1,"L1:[sp=K,4] S=7,X=223,R=4,Y=188,C=3,K=2 || L2:[sp=Y,168] S=3,C=1,K=1,R=1,Y=1,X=1",-inf,-inf,0,K|Y,1
Y,4,S,2,X,223,R,5,K,2,C,3,Y,186,X,168,S,2,C,3,K,2,X,1,Y,1,R,3,"L1:[sp=Y,4] S=2,X=223,R=5,K=2,C=3,Y=186 || L2:[sp=X,168] S=2,C=3,K=2,X=1,Y=1,R=3",-inf,-inf,0,Y|X,1
K,4,S,3,X,223,Y,186,R,5,C,3,K,2,X,1,S,1,K,1,R,3,X,1,Y,1,C,1,"L1:[sp=K,4] S=3,X=223,Y=186,R=5,C=3,K=2 || L2:[sp=X,1] S=1,K=1,R=3,X=1,Y=1,C=1",-inf,-inf,0,K|X,1
K,4,S,1,X,223,R,4,C,3,Y,186,K,2,Y,21,S,1,C,1,K,1,X,1,Y,1,R,4,"L1:[sp=K,4] S=1,X=223,R=4,C=3,Y=186,K=2 || L2:[sp=Y,21] S=1,C=1,K=1,X=1,Y=1,R=4",-inf,-inf,0,K|Y,1
Y,4,S,3,X,106,R,5,Y,186,C,3,K,2,K,21,S,1,C,3,K,1,R,3,Y,1,X,1,"L1:[sp=Y,4] S=3,X=106,R=5,Y=186,C=3,K=2 || L2:[sp=K,21] S=1,C=3,K=1,R=3,Y=1,X=1",-inf,-inf,0,Y|K,1
K,4,S,3,X,223,R,4,Y,136,C,3,K,2,Y,21,S,2,C,1,K,2,X,91,Y,1,R,1,"L1:[sp=K,4] S=3,X=223,R=4,Y=136,C=3,K=2 || L2:[sp=Y,21] S=2,C=1,K=2,X=91,Y=1,R=1",-inf,-inf,0,K|Y,1
K,4,S,4,X,43,R,1,Y,71,C,3,K,2,Y,21,S,1,C,3,K,1,X,1,Y,1,R,1,"L1:[sp=K,4] S=4,X=43,R=1,Y=71,C=3,K=2 || L2:[sp=Y,21] S=1,C=3,K=1,X=1,Y=1,R=1",-inf,-inf,0,K|Y,1
K,4,S,3,X,222,R,4,Y,78,C,3,K,6,Y,168,S,1,C,1,K,3,R,1,Y,1,X,1,"L1:[sp=K,4] S=3,X=222,R=4,Y=78,C=3,K=6 || L2:[sp=Y,168] S=1,C=1,K=3,R=1,Y=1,X=1",-inf,-inf,0,K|Y,1
K,4,S,1,K,2,R,4,Y,136,C,3,X,223,K,1,S,1,C,1,K,2,X,1,Y,1,R,1,"L1:[sp=K,4] S=1,K=2,R=4,Y=136,C=3,X=223 || L2:[sp=K,1] S=1,C=1,K=2,X=1,Y=1,R=1",-inf,-inf,0,K|K,1
K,4,S,3,X,189,R,4,Y,44,C,3,K,6,Y,168,S,1,C,1,K,2,R,1,Y,3,X,1,"L1:[sp=K,4] S=3,X=189,R=4,Y=44,C=3,K=6 || L2:[sp=Y,168] S=1,C=1,K=2,R=1,Y=3,X=1",-inf,-inf,0,K|Y,1
Y,4,S,3,X,223,R,2,Y,186,C,3,K,2,K,21,S,1,C,3,K,1,R,2,Y,1,X,1,"L1:[sp=Y,4] S=3,X=223,R=2,Y=186,C=3,K=2 || L2:[sp=K,21] S=1,C=3,K=1,R=2,Y=1,X=1",-inf,-inf,0,Y|K,1
Y,4,S,3,X,116,R,5,Y,186,C,3,K,2,K,21,S,1,C,3,K,1,R,3,X,1,Y,1,"L1:[sp=Y,4] S=3,X=116,R=5,Y=186,C=3,K=2 || L2:[sp=K,21] S=1,C=3,K=1,R=3,X=1,Y=1",-inf,-inf,0,Y|K,1
K,4,S,3,X,100,R,2,Y,186,C,3,K,2,Y,21,S,1,C,2,X,1,K,1,Y,1,R,2,"L1:[sp=K,4] S=3,X=100,R=2,Y=186,C=3,K=2 || L2:[sp=Y,21] S=1,C=2,X=1,K=1,Y=1,R=2",-inf,-inf,0,K|Y,1
K,4,S,3,X,223,R,5,Y,186,C,2,K,2,Y,21,S,1,C,2,K,1,R,3,Y,108,X,1,"L1:[sp=K,4] S=3,X=223,R=5,Y=186,C=2,K=2 || L2:[sp=Y,21] S=1,C=2,K=1,R=3,Y=108,X=1",-inf,-inf,0,K|Y,1
K,4,S,3,K,2,R,7,Y,93,C,3,X,223,Y,168,S,1,C,1,Y,1,X,1,K,2,R,1,"L1:[sp=K,4] S=3,K=2,R=7,Y=93,C=3,X=223 || L2:[sp=Y,168] S=1,C=1,Y=1,X=1,K=2,R=1",-inf,-inf,0,K|Y,1
K,4,S,1,X,223,R,2,Y,186,C,3,K,2,Y,21,S,1,C,3,K,2,R,2,Y,1,X,1,"L1:[sp=K,4] S=1,X=223,R=2,Y=186,C=3,K=2 || L2:[sp=Y,21] S=1,C=3,K=2,R=2,Y=1,X=1",-inf,-inf,0,K|Y,1
K,4,S,1,X,223,R,4,Y,186,C,3,K,2,Y,21,Y,1,C,3,K,1,R,2,S,1,X,1,"L1:[sp=K,4] S=1,X=223,R=4,Y=186,C=3,K=2 || L2:[sp=Y,21] Y=1,C=3,K=1,R=2,S=1,X=1",-inf,-inf,0,K|Y,1
K,4,S,3,X,223,R,5,Y,186,C,2,K,2,Y,21,S,1,C,2,K,1,X,1,Y,1,R,3,"L1:[sp=K,4] S=3,X=223,R=5,Y=186,C=2,K=2 || L2:[sp=Y,21] S=1,C=2,K=1,X=1,Y=1,R=3",-inf,-inf,0,K|Y,1
K,4,S,3,X,223,C,3,Y,186,R,2,K,5,Y,21,S,1,C,3,K,1,R,2,Y,89,X,1,"L1:[sp=K,4] S=3,X=223,C=3,Y=186,R=2,K=5 || L2:[sp=Y,21] S=1,C=3,K=1,R=2,Y=89,X=1",-inf,-inf,0,K|Y,1
K,4,S,3,X,223,R,5,Y,173,C,3,K,2,Y,21,S,1,C,1,K,1,X,1,Y,1,R,3,"L1:[sp=K,4] S=3,X=223,R=5,Y=173,C=3,K=2 || L2:[sp=Y,21] S=1,C=1,K=1,X=1,Y=1,R=3",-inf,-inf,0,K|Y,1
K,4,S,3,X,223,R,5,Y,67,C,3,K,2,Y,21,S,1,C,1,K,1,X,155,Y,1,R,3,"L1:[sp=K,4] S=3,X=223,R=5,Y=67,C=3,K=2 || L2:[sp=Y,21] S=1,C=1,K=1,X=155,Y=1,R=3",-inf,-inf,0,K|Y,1
K,4,S,3,X,223,R,5,Y,186,C,3,K,2,Y,21,S,3,C,2,K,1,X,1,Y,1,R,3,"L1:[sp=K,4] S=3,X=223,R=5,Y=186,C=3,K=2 || L2:[sp=Y,21] S=3,C=2,K=1,X=1,Y=1,R=3",-inf,-inf,0,K|Y,1
K,4,S,3,X,223,R,4,Y,189,C,3,K,2,Y,21,S,1,C,1,R,1,X,1,Y,1,K,1,"L1:[sp=K,4] S=3,X=223,R=4,Y=189,C=3,K=2 || L2:[sp=Y,21] S=1,C=1,R=1,X=1,Y=1,K=1",-inf,-inf,0,K|Y,1
K,4,S,7,X,223,K,2,Y,186,C,3,R,2,Y,21,S,5,C,3,X,1,R,2,Y,1,K,2,"L1:[sp=K,4] S=7,X=223,K=2,Y=186,C=3,R=2 || L2:[sp=Y,21] S=5,C=3,X=1,R=2,Y=1,K=2",-inf,-inf,0,K|Y,1
K,4,S,3,X,72,R,5,Y,186,C,3,K,5,Y,21,S,1,C,3,K,5,R,3,Y,1,X,1,"L1:[sp=K,4] S=3,X=72,R=5,Y=186,C=3,K=5 || L2:[sp=Y,21] S=1,C=3,K=5,R=3,Y=1,X=1",-inf,-inf,0,K|Y,1
K,4,S,3,K,5,R,5,Y,67,C,3,X,56,Y,21,S,1,C,3,K,1,R,5,Y,1,X,1,"L1:[sp=K,4] S=3,K=5,R=5,Y=67,C=3,X=56 || L2:[sp=Y,21] S=1,C=3,K=1,R=5,Y=1,X=1",-inf,-inf,0,K|Y,1
K,4,S,3,X,223,R,5,Y,186,C,1,K,2,Y,14,S,1,R,3,K,1,X,86,Y,1,C,1,"L1:[sp=K,4] S=3,X=223,R=5,Y=186,C=1,K=2 || L2:[sp=Y,14] S=1,R=3,K=1,X=86,Y=1,C=1",-inf,-inf,0,K|Y,1
K,4,S,3,X,223,R,2,Y,113,C,3,K,63,Y,21,Y,1,C,3,K,2,R,2,S,1,X,1,"L1:[sp=K,4] S=3,X=223,R=2,Y=113,C=3,K=63 || L2:[sp=Y,21] Y=1,C=3,K=2,R=2,S=1,X=1",-inf,-inf,0,K|Y,1
K,4,S,3,X,223,R,5,Y,67,C,3,K,2,Y,21,S,3,C,1,K,1,X,25,Y,1,R,3,"L1:[sp=K,4] S=3,X=223,R=5,Y=67,C=3,K=2 || L2:[sp=Y,21] S=3,C=1,K=1,X=25,Y=1,R=3",-inf,-inf,0,K|Y,1
K,4,S,3,X,223,R,4,Y,186,C,3,K,2,Y,21,S,1,R,1,X,220,K,1,Y,1,C,1,"L1:[sp=K,4] S=3,X=223,R=4,Y=186,C=3,K=2 || L2:[sp=Y,21] S=1,R=1,X=220,K=1,Y=1,C=1",-inf,-inf,0,K|Y,1
K,4,S,3,X,223,C,3,Y,186,R,5,K,5,Y,21,S,1,C,3,K,1,R,3,Y,113,X,1,"L1:[sp=K,4] S=3,X=223,C=3,Y=186,R=5,K=5 || L2:[sp=Y,21] S=1,C=3,K=1,R=3,Y=113,X=1",-inf,-inf,0,K|Y,1
K,4,S,3,X,223,R,4,Y,156,C,3,K,2,Y,156,S,1,C,1,K,1,X,1,Y,1,R,3,"L1:[sp=K,4] S=3,X=223,R=4,Y=156,C=3,K=2 || L2:[sp=Y,156] S=1,C=1,K=1,X=1,Y=1,R=3",-inf,-inf,0,K|Y,1
Y,4,Y,186,X,223,R,5,S,3,C,3,K,2,Y,21,S,1,C,3,K,1,R,3,Y,1,X,1,"L1:[sp=Y,4] Y=186,X=223,R=5,S=3,C=3,K=2 || L2:[sp=Y,21] S=1,C=3,K=1,R=3,Y=1,X=1",-inf,-inf,0,Y|Y,1
K,4,S,3,X,223,R,5,Y,186,C,3,K,62,Y,21,S,1,C,1,K,13,X,1,Y,1,R,3,"L1:[sp=K,4] S=3,X=223,R=5,Y=186,C=3,K=62 || L2:[sp=Y,21] S=1,C=1,K=13,X=1,Y=1,R=3",-inf,-inf,0,K|Y,1
Y,4,S,3,X,223,R,5,Y,186,C,3,K,2,K,21,S,3,C,1,K,1,R,3,Y,1,X,73,"L1:[sp=Y,4] S=3,X=223,R=5,Y=186,C=3,K=2 || L2:[sp=K,21] S=3,C=1,K=1,R=3,Y=1,X=73",-inf,-inf,0,Y|K,1
C,4,S,7,X,223,R,5,Y,186,C,3,K,2,Y,21,S,1,Y,1,K,2,R,3,C,3,X,1,"L1:[sp=C,4] S=7,X=223,R=5,Y=186,C=3,K=2 || L2:[sp=Y,21] S=1,Y=1,K=2,R=3,C=3,X=1",-inf,-inf,0,C|Y,1
Y,4,K,2,X,223,S,3,Y,186,C,3,R,5,Y,21,S,3,C,3,K,1,R,4,Y,1,X,1,"L1:[sp=Y,4] K=2,X=223,S=3,Y=186,C=3,R=5 || L2:[sp=Y,21] S=3,C=3,K=1,R=4,Y=1,X=1",-inf,-inf,0,Y|Y,1
K,4,S,3,X,223,R,4,Y,186,C,3,K,2,Y,21,S,3,R,1,K,1,X,23,Y,1,C,3,"L1:[sp=K,4] S=3,X=223,R=4,Y=186,C=3,K=2 || L2:[sp=Y,21] S=3,R=1,K=1,X=23,Y=1,C=3",-inf,-inf,0,K|Y,1
K,4,S,3,R,5,X,117,Y,186,C,3,K,26,Y,21,X,1,R,3,K,1,S,1,Y,1,C,1,"L1:[sp=K,4] S=3,R=5,X=117,Y=186,C=3,K=26 || L2:[sp=Y,21] X=1,R=3,K=1,S=1,Y=1,C=1",-inf,-inf,0,K|Y,1
K,4,Y,186,X,202,R,4,S,3,K,2,C,3,Y,21,K,1,C,2,S,3,R,1,Y,1,X,1,"L1:[sp=K,4] Y=186,X=202,R=4,S=3,K=2,C=3 || L2:[sp=Y,21] K=1,C=2,S=3,R=1,Y=1,X=1",-inf,-inf,0,K|Y,1
K,4,S,2,R,5,X,223,Y,186,C,3,K,26,Y,21,X,89,R,4,K,1,S,1,Y,1,C,1,"L1:[sp=K,4] S=2,R=5,X=223,Y=186,C=3,K=26 || L2:[sp=Y,21] X=89,R=4,K=1,S=1,Y=1,C=1",-inf,-inf,0,K|Y,1
K,4,S,3,R,5,X,223,Y,186,C,3,K,26,Y,21,X,1,R,3,K,1,S,3,Y,80,C,1,"L1:[sp=K,4] S=3,R=5,X=223,Y=186,C=3,K=26 || L2:[sp=Y,21] X=1,R=3,K=1,S=3,Y=80,C=1",-inf,-inf,0,K|Y,1
K,4,S,7,R,5,X,223,Y,186,C,2,K,26,Y,21,X,1,R,3,K,1,S,1,Y,1,C,1,"L1:[sp=K,4] S=7,R=5,X=223,Y=186,C=2,K=26 || L2:[sp=Y,21] X=1,R=3,K=1,S=1,Y=1,C=1",-inf,-inf,0,K|Y,1
K,4,S,4,X,223,R,5,Y,186,C,3,K,2,Y,21,S,1,C,1,K,1,X,55,Y,13,R,3,"L1:[sp=K,4] S=4,X=223,R=5,Y=186,C=3,K=2 || L2:[sp=Y,21] S=1,C=1,K=1,X=55,Y=13,R=3",-inf,-inf,0,K|Y,1
K,4,S,3,X,223,R,5,Y,186,C,2,K,2,Y,21,S,1,C,2,X,127,K,1,Y,1,R,3,"L1:[sp=K,4] S=3,X=223,R=5,Y=186,C=2,K=2 || L2:[sp=Y,21] S=1,C=2,X=127,K=1,Y=1,R=3",-inf,-inf,0,K|Y,1
K,4,Y,186,X,223,R,5,S,3,K,2,C,3,Y,21,K,1,C,1,S,1,R,3,Y,13,X,1,"L1:[sp=K,4] Y=186,X=223,R=5,S=3,K=2,C=3 || L2:[sp=Y,21] K=1,C=1,S=1,R=3,Y=13,X=1",-inf,-inf,0,K|Y,1
K,4,S,3,R,5,X,223,Y,186,C,3,K,26,Y,21,X,39,R,4,K,23,S,3,Y,1,C,1,"L1:[sp=K,4] S=3,R=5,X=223,Y=186,C=3,K=26 || L2:[sp=Y,21] X=39,R=4,K=23,S=3,Y=1,C=1",-inf,-inf,0,K|Y,1
K,4,S,3,R,1,X,82,Y,186,C,3,K,26,Y,21,K,1,C,1,X,1,S,1,Y,1,R,1,"L1:[sp=K,4] S=3,R=1,X=82,Y=186,C=3,K=26 || L2:[sp=Y,21] K=1,C=1,X=1,S=1,Y=1,R=1",-inf,-inf,0,K|Y,1
K,4,S,3,R,3,X,223,Y,186,C,3,K,26,Y,21,X,206,R,1,K,23,S,1,Y,1,C,1,"L1:[sp=K,4] S=3,R=3,X=223,Y=186,C=3,K=26 || L2:[sp=Y,21] X=206,R=1,K=23,S=1,Y=1,C=1",-inf,-inf,0,K|Y,1
K,4,S,3,X,76,R,5,Y,186,C,3,K,2,Y,21,S,1,C,2,X,1,K,1,Y,5,R,3,"L1:[sp=K,4] S=3,X=76,R=5,Y=186,C=3,K=2 || L2:[sp=Y,21] S=1,C=2,X=1,K=1,Y=5,R=3",-inf,-inf,0,K|Y,1
Y,4,S,3,X,223,R,5,Y,186,C,1,K,3,Y,21,S,1,C,1,K,1,X,1,Y,5,R,3,"L1:[sp=Y,4] S=3,X=223,R=5,Y=186,C=1,K=3 || L2:[sp=Y,21] S=1,C=1,K=1,X=1,Y=5,R=3",-inf,-inf,0,Y|Y,1
Y,4,S,3,R,5,X,223,Y,186,C,3,K,26,K,21,K,20,R,3,X,1,S,3,Y,1,C,1,"L1:[sp=Y,4] S=3,R=5,X=223,Y=186,C=3,K=26 || L2:[sp=K,21] K=20,R=3,X=1,S=3,Y=1,C=1",-inf,-inf,0,Y|K,1
K,4,S,3,X,223,R,5,Y,66,C,3,K,2,Y,21,S,1,X,91,K,1,C,1,Y,5,R,3,"L1:[sp=K,4] S=3,X=223,R=5,Y=66,C=3,K=2 || L2:[sp=Y,21] S=1,X=91,K=1,C=1,Y=5,R=3",-inf,-inf,0,K|Y,1
C,4,S,7,X,223,R,5,Y,186,C,3,K,2,Y,21,S,1,C,1,K,1,X,1,Y,13,R,3,"L1:[sp=C,4] S=7,X=223,R=5,Y=186,C=3,K=2 || L2:[sp=Y,21] S=1,C=1,K=1,X=1,Y=13,R=3",-inf,-inf,0,C|Y,1
K,4,Y,186,X,49,R,5,S,3,K,2,C,3,X,84,K,1,C,1,S,1,R,3,Y,1,X,1,"L1:[sp=K,4] Y=186,X=49,R=5,S=3,K=2,C=3 || L2:[sp=X,84] K=1,C=1,S=1,R=3,Y=1,X=1",-inf,-inf,0,K|X,1
K,4,S,3,R,5,X,223,Y,186,C,3,K,5,Y,21,K,1,R,4,X,143,S,3,Y,1,C,1,"L1:[sp=K,4] S=3,R=5,X=223,Y=186,C=3,K=5 || L2:[sp=Y,21] K=1,R=4,X=143,S=3,Y=1,C=1",-inf,-inf,0,K|Y,1
K,4,S,3,R,2,X,223,Y,186,C,3,K,2,Y,21,S,1,C,1,K,2,X,1,Y,186,R,2,"L1:[sp=K,4] S=3,R=2,X=223,Y=186,C=3,K=2 || L2:[sp=Y,21] S=1,C=1,K=2,X=1,Y=186,R=2",-inf,-inf,0,K|Y,1
K,4,S,2,X,223,R,2,Y,186,C,3,K,2,Y,21,S,1,C,2,X,1,K,1,Y,13,R,2,"L1:[sp=K,4] S=2,X=223,R=2,Y=186,C=3,K=2 || L2:[sp=Y,21] S=1,C=2,X=1,K=1,Y=13,R=2",-inf,-inf,0,K|Y,1
Y,4,S,3,R,5,X,223,Y,186,C,3,K,26,K,21,X,1,R,3,K,23,S,1,Y,170,C,1,"L1:[sp=Y,4] S=3,R=5,X=223,Y=186,C=3,K=26 || L2:[sp=K,21] X=1,R=3,K=23,S=1,Y=170,C=1",-inf,-inf,0,Y|K,1
K,4,S,3,R,5,X,223,Y,26,C,3,K,19,Y,21,X,1,R,2,K,19,S,1,Y,1,C,1,"L1:[sp=K,4] S=3,R=5,X=223,Y=26,C=3,K=19 || L2:[sp=Y,21] X=1,R=2,K=19,S=1,Y=1,C=1",-inf,-inf,0,K|Y,1
K,4,S,3,R,1,X,223,Y,186,C,3,K,11,Y,21,X,1,R,1,K,11,S,1,Y,13,C,1,"L1:[sp=K,4] S=3,R=1,X=223,Y=186,C=3,K=11 || L2:[sp=Y,21] X=1,R=1,K=11,S=1,Y=13,C=1",-inf,-inf,0,K|Y,1
K,4,S,4,X,103,R,5,Y,186,K,2,C,3,Y,21,S,1,C,1,K,2,X,95,Y,13,R,2,"L1:[sp=K,4] S=4,X=103,R=5,Y=186,K=2,C=3 || L2:[sp=Y,21] S=1,C=1,K=2,X=95,Y=13,R=2",-inf,-inf,0,K|Y,1
K,4,S,3,R,2,X,223,Y,26,C,3,K,26,Y,21,X,1,R,2,K,23,S,1,Y,25,C,1,"L1:[sp=K,4] S=3,R=2,X=223,Y=26,C=3,K=26 || L2:[sp=Y,21] X=1,R=2,K=23,S=1,Y=25,C=1",-inf,-inf,0,K|Y,1
K,4,S,3,X,223,R,2,Y,186,C,3,K,2,Y,21,S,1,C,1,K,2,X,101,Y,13,R,2,"L1:[sp=K,4] S=3,X=223,R=2,Y=186,C=3,K=2 || L2:[sp=Y,21] S=1,C=1,K=2,X=101,Y=13,R=2",-inf,-inf,0,K|Y,1
Y,4,S,3,R,2,X,223,Y,186,C,1,K,26,K,21,X,1,R,2,C,1,S,1,Y,1,K,1,"L1:[sp=Y,4] S=3,R=2,X=223,Y=186,C=1,K=26 || L2:[sp=K,21] X=1,R=2,C=1,S=1,Y=1,K=1",-inf,-inf,0,Y|K,1
K,4,S,3,K,2,R,5,Y,186,C,3,X,223,Y,21,S,3,C,1,K,1,X,122,Y,5,R,3,"L1:[sp=K,4] S=3,K=2,R=5,Y=186,C=3,X=223 || L2:[sp=Y,21] S=3,C=1,K=1,X=122,Y=5,R=3",-inf,-inf,0,K|Y,1
K,4,S,1,X,223,R,4,Y,186,C,3,K,2,C,3,S,1,C,1,Y,13,X,1,K,1,R,3,"L1:[sp=K,4] S=1,X=223,R=4,Y=186,C=3,K=2 || L2:[sp=C,3] S=1,C=1,Y=13,X=1,K=1,R=3",-inf,-inf,0,K|C,1
K,4,S,3,X,223,R,2,Y,186,C,3,K,28,Y,84,S,1,C,3,X,1,K,1,Y,86,R,1,"L1:[sp=K,4] S=3,X=223,R=2,Y=186,C=3,K=28 || L2:[sp=Y,84] S=1,C=3,X=1,K=1,Y=86,R=1",-inf,-inf,0,K|Y,1
K,4,S,3,X,223,R,1,Y,186,C,3,K,2,Y,21,S,1,C,2,X,218,K,1,Y,13,R,1,"L1:[sp=K,4] S=3,X=223,R=1,Y=186,C=3,K=2 || L2:[sp=Y,21] S=1,C=2,X=218,K=1,Y=13,R=1",-inf,-inf,0,K|Y,1
K,4,S,2,X,223,C,3,Y,186,R,4,K,2,Y,21,S,1,C,3,X,1,K,1,Y,111,R,3,"L1:[sp=K,4] S=2,X=223,C=3,Y=186,R=4,K=2 || L2:[sp=Y,21] S=1,C=3,X=1,K=1,Y=111,R=3",-inf,-inf,0,K|Y,1
Y,4,S,2,X,223,R,2,Y,186,C,2,K,2,K,21,S,1,C,1,X,1,K,1,Y,170,R,2,"L1:[sp=Y,4] S=2,X=223,R=2,Y=186,C=2,K=2 || L2:[sp=K,21] S=1,C=1,X=1,K=1,Y=170,R=2",-inf,-inf,0,Y|K,1
K,4,S,5,X,223,Y,186,K,2,C,3,R,4,Y,84,S,5,C,1,K,1,X,1,Y,5,R,3,"L1:[sp=K,4] S=5,X=223,Y=186,K=2,C=3,R=4 || L2:[sp=Y,84] S=5,C=1,K=1,X=1,Y=5,R=3",-inf,-inf,0,K|Y,1
K,4,S,3,R,1,X,223,Y,186,C,3,K,2,Y,21,S,1,X,1,C,2,K,1,Y,13,R,1,"L1:[sp=K,4] S=3,R=1,X=223,Y=186,C=3,K=2 || L2:[sp=Y,21] S=1,X=1,C=2,K=1,Y=13,R=1",-inf,-inf,0,K|Y,1
K,4,S,3,X,42,R,2,Y,186,C,2,K,2,Y,21,C,1,K,1,X,1,S,1,Y,12,R,2,"L1:[sp=K,4] S=3,X=42,R=2,Y=186,C=2,K=2 || L2:[sp=Y,21] C=1,K=1,X=1,S=1,Y=12,R=2",-inf,-inf,0,K|Y,1
C,4,S,3,X,223,R,5,Y,26,C,3,K,2,Y,21,S,1,R,2,K,1,X,1,Y,1,C,2,"L1:[sp=C,4] S=3,X=223,R=5,Y=26,C=3,K=2 || L2:[sp=Y,21] S=1,R=2,K=1,X=1,Y=1,C=2",-inf,-inf,0,C|Y,1
C,4,S,3,X,223,R,2,Y,186,C,3,K,2,K,3,R,1,C,3,K,2,X,1,Y,13,S,1,"L1:[sp=C,4] S=3,X=223,R=2,Y=186,C=3,K=2 || L2:[sp=K,3] R=1,C=3,K=2,X=1,Y=13,S=1",-inf,-inf,0,C|K,1
Y,4,X,223,Y,186,R,7,S,3,C,3,K,2,K,21,S,1,C,1,X,1,K,1,Y,184,R,1,"L1:[sp=Y,4] X=223,Y=186,R=7,S=3,C=3,K=2 || L2:[sp=K,21] S=1,C=1,X=1,K=1,Y=184,R=1",-inf,-inf,0,Y|K,1
K,4,S,3,X,223,C,3,Y,16,R,1,K,2,C,1,C,2,S,1,X,1,K,1,Y,13,R,1,"L1:[sp=K,4] S=3,X=223,C=3,Y=16,R=1,K=2 || L2:[sp=C,1] C=2,S=1,X=1,K=1,Y=13,R=1",-inf,-inf,0,K|C,1
K,4,S,5,X,223,R,4,Y,186,C,3,K,2,Y,1,C,1,R,3,K,2,X,201,Y,13,S,1,"L1:[sp=K,4] S=5,X=223,R=4,Y=186,C=3,K=2 || L2:[sp=Y,1] C=1,R=3,K=2,X=201,Y=13,S=1",-inf,-inf,0,K|Y,1
K,4,S,7,X,223,R,5,Y,186,C,1,K,2,Y,21,R,4,C,1,X,145,K,2,Y,13,S,1,"L1:[sp=K,4] S=7,X=223,R=5,Y=186,C=1,K=2 || L2:[sp=Y,21] R=4,C=1,X=145,K=2,Y=13,S=1",-inf,-inf,0,K|Y,1
K,4,S,7,X,223,R,5,Y,186,C,3,K,2,Y,21,S,1,C,3,K,1,X,1,Y,5,R,3,"L1:[sp=K,4] S=7,X=223,R=5,Y=186,C=3,K=2 || L2:[sp=Y,21] S=1,C=3,K=1,X=1,Y=5,R=3",-inf,-inf,0,K|Y,1
Y,4,S,3,X,223,Y,186,R,5,C,3,K,2,C,21,K,1,C,1,S,1,X,1,Y,5,R,5,"L1:[sp=Y,4] S=3,X=223,Y=186,R=5,C=3,K=2 || L2:[sp=C,21] K=1,C=1,S=1,X=1,Y=5,R=5",-inf,-inf,0,Y|C,1
K,4,R,7,C,3,S,4,Y,186,X,223,K,2,C,3,S,1,C,1,K,2,X,1,Y,7,R,1,"L1:[sp=K,4] R=7,C=3,S=4,Y=186,X=223,K=2 || L2:[sp=C,3] S=1,C=1,K=2,X=1,Y=7,R=1",-inf,-inf,0,K|C,1
C,4,S,3,X,223,R,6,Y,186,C,3,K,2,Y,21,X,1,C,2,S,1,K,1,Y,7,R,1,"L1:[sp=C,4] S=3,X=223,R=6,Y=186,C=3,K=2 || L2:[sp=Y,21] X=1,C=2,S=1,K=1,Y=7,R=1",-inf,-inf,0,C|Y,1
K,4,S,2,X,223,R,5,Y,186,C,3,K,4,Y,21,S,1,C,2,X,1,K,1,Y,42,R,1,"L1:[sp=K,4] S=2,X=223,R=5,Y=186,C=3,K=4 || L2:[sp=Y,21] S=1,C=2,X=1,K=1,Y=42,R=1",-inf,-inf,0,K|Y,1
K,4,S,3,X,223,R,5,Y,110,C,2,K,2,Y,21,S,3,C,2,X,139,K,1,Y,1,R,2,"L1:[sp=K,4] S=3,X=223,R=5,Y=110,C=2,K=2 || L2:[sp=Y,21] S=3,C=2,X=139,K=1,Y=1,R=2",-inf,-inf,0,K|Y,1
Y,4,S,5,X,223,R,4,Y,186,C,3,K,2,K,21,S,1,C,1,X,1,K,2,Y,13,R,3,"L1:[sp=Y,4] S=5,X=223,R=4,Y=186,C=3,K=2 || L2:[sp=K,21] S=1,C=1,X=1,K=2,Y=13,R=3",-inf,-inf,0,Y|K,1
K,4,S,3,X,128,R,7,Y,186,C,3,K,2,Y,21,S,1,C,3,X,1,K,1,Y,7,R,5,"L1:[sp=K,4] S=3,X=128,R=7,Y=186,C=3,K=2 || L2:[sp=Y,21] S=1,C=3,X=1,K=1,Y=7,R=5",-inf,-inf,0,K|Y,1
K,4,S,3,X,12,R,5,Y,186,C,3,K,2,C,3,X,1,C,2,K,1,R,2,Y,13,S,1,"L1:[sp=K,4] S=3,X=12,R=5,Y=186,C=3,K=2 || L2:[sp=C,3] X=1,C=2,K=1,R=2,Y=13,S=1",-inf,-inf,0,K|C,1
K,4,S,3,X,223,R,7,Y,187,C,3,K,2,Y,21,C,1,R,1,K,2,X,1,Y,13,S,1,"L1:[sp=K,4] S=3,X=223,R=7,Y=187,C=3,K=2 || L2:[sp=Y,21] C=1,R=1,K=2,X=1,Y=13,S=1",-inf,-inf,0,K|Y,1
X,4,S,3,X,223,R,7,Y,186,C,3,K,2,C,3,R,1,C,1,K,1,X,44,Y,7,S,1,"L1:[sp=X,4] S=3,X=223,R=7,Y=186,C=3,K=2 || L2:[sp=C,3] R=1,C=1,K=1,X=44,Y=7,S=1",-inf,-inf,0,X|C,1
K,4,S,3,X,223,R,7,Y,186,C,3,K,2,Y,26,S,1,C,2,Y,13,X,1,K,1,R,4,"L1:[sp=K,4] S=3,X=223,R=7,Y=186,C=3,K=2 || L2:[sp=Y,26] S=1,C=2,Y=13,X=1,K=1,R=4",-inf,-inf,0,K|Y,1
K,4,S,3,X,223,R,5,Y,183,C,2,K,2,Y,21,S,1,C,2,X,1,K,1,Y,1,R,2,"L1:[sp=K,4] S=3,X=223,R=5,Y=183,C=2,K=2 || L2:[sp=Y,21] S=1,C=2,X=1,K=1,Y=1,R=2",-inf,-inf,0,K|Y,1
K,4,S,5,X,223,R,5,Y,206,C,3,K,34,Y,21,C,1,R,2,K,2,X,1,S,1,Y,1,"L1:[sp=K,4] S=5,X=223,R=5,Y=206,C=3,K=34 || L2:[sp=Y,21] C=1,R=2,K=2,X=1,S=1,Y=1",-inf,-inf,0,K|Y,1
K,4,S,5,X,42,C,2,Y,110,R,4,K,6,Y,21,C,2,R,3,K,2,X,1,Y,1,S,1,"L1:[sp=K,4] S=5,X=42,C=2,Y=110,R=4,K=6 || L2:[sp=Y,21] C=2,R=3,K=2,X=1,Y=1,S=1",-inf,-inf,0,K|Y,1
K,4,S,1,X,223,R,4,Y,186,C,3,K,2,Y,21,K,1,C,2,X,1,S,1,Y,13,R,1,"L1:[sp=K,4] S=1,X=223,R=4,Y=186,C=3,K=2 || L2:[sp=Y,21] K=1,C=2,X=1,S=1,Y=13,R=1",-inf,-inf,0,K|Y,1
K,4,S,3,K,2,R,5,Y,206,C,3,X,223,Y,21,C,1,R,1,K,2,X,1,Y,1,S,1,"L1:[sp=K,4] S=3,K=2,R=5,Y=206,C=3,X=223 || L2:[sp=Y,21] C=1,R=1,K=2,X=1,Y=1,S=1",-inf,-inf,0,K|Y,1
K,4,S,3,X,223,R,7,Y,186,C,1,K,2,C,3,R,1,C,1,K,1,X,1,Y,13,S,1,"L1:[sp=K,4] S=3,X=223,R=7,Y=186,C=1,K=2 || L2:[sp=C,3] R=1,C=1,K=1,X=1,Y=13,S=1",-inf,-inf,0,K|C,1
K,4,S,3,X,223,R,5,Y,186,K,46,C,3,Y,21,C,2,R,1,K,36,X,1,Y,13,S,1,"L1:[sp=K,4] S=3,X=223,R=5,Y=186,K=46,C=3 || L2:[sp=Y,21] C=2,R=1,K=36,X=1,Y=13,S=1",-inf,-inf,0,K|Y,1
K,4,S,4,X,223,R,5,Y,186,C,2,K,2,C,3,R,2,C,2,K,1,X,1,Y,13,S,1,"L1:[sp=K,4] S=4,X=223,R=5,Y=186,C=2,K=2 || L2:[sp=C,3] R=2,C=2,K=1,X=1,Y=13,S=1",-inf,-inf,0,K|C,1
K,4,S,3,X,113,R,5,Y,36,C,3,K,2,Y,21,C,1,R,2,K,2,X,1,Y,1,S,1,"L1:[sp=K,4] S=3,X=113,R=5,Y=36,C=3,K=2 || L2:[sp=Y,21] C=1,R=2,K=2,X=1,Y=1,S=1",-inf,-inf,0,K|Y,1
K,4,S,3,X,223,R,5,Y,186,C,3,K,45,K,6,C,2,R,2,K,2,X,79,Y,51,S,1,"L1:[sp=K,4] S=3,X=223,R=5,Y=186,C=3,K=45 || L2:[sp=K,6] C=2,R=2,K=2,X=79,Y=51,S=1",-inf,-inf,0,K|K,1
Y,4,S,3,X,223,R,4,Y,206,C,1,K,2,K,21,C,1,S,1,K,2,X,1,Y,1,R,3,"L1:[sp=Y,4] S=3,X=223,R=4,Y=206,C=1,K=2 || L2:[sp=K,21] C=1,S=1,K=2,X=1,Y=1,R=3",-inf,-inf,0,Y|K,1
Y,4,S,3,X,223,C,3,Y,43,R,5,K,19,K,21,C,2,R,2,K,2,X,1,Y,43,S,1,"L1:[sp=Y,4] S=3,X=223,C=3,Y=43,R=5,K=19 || L2:[sp=K,21] C=2,R=2,K=2,X=1,Y=43,S=1",-inf,-inf,0,Y|K,1
K,4,S,3,X,223,R,5,Y,100,C,2,K,2,Y,21,S,3,C,2,X,215,K,1,Y,81,R,2,"L1:[sp=K,4] S=3,X=223,R=5,Y=100,C=2,K=2 || L2:[sp=Y,21] S=3,C=2,X=215,K=1,Y=81,R=2",-inf,-inf,0,K|Y,1
K,4,S,1,Y,110,R,4,X,223,C,2,K,2,Y,21,S,1,C,2,X,1,K,1,Y,1,R,3,"L1:[sp=K,4] S=1,Y=110,R=4,X=223,C=2,K=2 || L2:[sp=Y,21] S=1,C=2,X=1,K=1,Y=1,R=3",-inf,-inf,0,K|Y,1
K,4,S,3,Y,75,C,2,X,223,R,5,K,2,Y,21,S,1,C,2,X,1,K,1,Y,1,R,2,"L1:[sp=K,4] S=3,Y=75,C=2,X=223,R=5,K=2 || L2:[sp=Y,21] S=1,C=2,X=1,K=1,Y=1,R=2",-inf,-inf,0,K|Y,1
K,4,S,3,Y,100,R,5,X,223,C,2,K,4,Y,21,S,1,C,2,X,121,K,1,Y,1,R,2,"L1:[sp=K,4] S=3,Y=100,R=5,X=223,C=2,K=4 || L2:[sp=Y,21] S=1,C=2,X=121,K=1,Y=1,R=2",-inf,-inf,0,K|Y,1
K,4,S,3,Y,100,R,5,X,32,C,2,K,2,Y,21,S,1,C,2,X,1,K,2,Y,1,R,2,"L1:[sp=K,4] S=3,Y=100,R=5,X=32,C=2,K=2 || L2:[sp=Y,21] S=1,C=2,X=1,K=2,Y=1,R=2",-inf,-inf,0,K|Y,1
K,4,S,3,K,2,R,4,Y,110,C,2,X,223,Y,21,S,1,C,2,X,1,K,1,Y,1,R,3,"L1:[sp=K,4] S=3,K=2,R=4,Y=110,C=2,X=223 || L2:[sp=Y,21] S=1,C=2,X=1,K=1,Y=1,R=3",-inf,-inf,0,K|Y,1
Y,4,S,5,X,223,R,7,Y,206,C,1,K,2,K,21,C,1,R,1,K,2,X,1,Y,1,S,1,"L1:[sp=Y,4] S=5,X=223,R=7,Y=206,C=1,K=2 || L2:[sp=K,21] C=1,R=1,K=2,X=1,Y=1,S=1",-inf,-inf,0,Y|K,1
K,4,S,3,Y,170,R,5,X,223,C,2,K,2,Y,21,K,1,C,2,X,1,S,1,Y,1,R,2,"L1:[sp=K,4] S=3,Y=170,R=5,X=223,C=2,K=2 || L2:[sp=Y,21] K=1,C=2,X=1,S=1,Y=1,R=2",-inf,-inf,0,K|Y,1
Y,4,S,3,X,223,R,1,Y,206,C,1,K,44,K,21,C,1,R,1,K,2,X,1,Y,1,S,1,"L1:[sp=Y,4] S=3,X=223,R=1,Y=206,C=1,K=44 || L2:[sp=K,21] C=1,R=1,K=2,X=1,Y=1,S=1",-inf,-inf,0,Y|K,1
K,4,S,3,Y,100,R,5,X,181,C,2,K,50,Y,21,S,1,C,2,X,1,K,1,Y,1,R,4,"L1:[sp=K,4] S=3,Y=100,R=5,X=181,C=2,K=50 || L2:[sp=Y,21] S=1,C=2,X=1,K=1,Y=1,R=4",-inf,-inf,0,K|Y,1
K,4,S,3,Y,100,R,5,X,214,C,2,K,2,Y,21,S,1,C,2,X,1,K,1,Y,1,R,2,"L1:[sp=K,4] S=3,Y=100,R=5,X=214,C=2,K=2 || L2:[sp=Y,21] S=1,C=2,X=1,K=1,Y=1,R=2",-inf,-inf,0,K|Y,1
K,4,S,3,X,74,R,4,Y,110,C,2,K,2,Y,22,S,1,C,2,X,1,K,1,Y,1,R,1,"L1:[sp=K,4] S=3,X=74,R=4,Y=110,C=2,K=2 || L2:[sp=Y,22] S=1,C=2,X=1,K=1,Y=1,R=1",-inf,-inf,0,K|Y,1
K,4,S,7,Y,110,R,4,X,223,C,2,K,2,Y,21,S,1,C,2,X,1,K,2,Y,1,R,1,"L1:[sp=K,4] S=7,Y=110,R=4,X=223,C=2,K=2 || L2:[sp=Y,21] S=1,C=2,X=1,K=2,Y=1,R=1",-inf,-inf,0,K|Y,1
Y,4,S,3,X,223,R,5,K,2,C,1,Y,185,K,21,C,1,R,5,K,2,X,124,S,1,Y,1,"L1:[sp=Y,4] S=3,X=223,R=5,K=2,C=1,Y=185 || L2:[sp=K,21] C=1,R=5,K=2,X=124,S=1,Y=1",-inf,-inf,0,Y|K,1
K,4,C,3,X,223,R,7,Y,186,S,5,K,6,C,1,C,2,R,1,K,2,X,40,Y,51,S,1,"L1:[sp=K,4] C=3,X=223,R=7,Y=186,S=5,K=6 || L2:[sp=C,1] C=2,R=1,K=2,X=40,Y=51,S=1",-inf,-inf,0,K|C,1
K,4,S,7,X,223,R,4,Y,110,C,2,K,2,Y,21,S,1,C,1,X,1,K,1,Y,1,R,1,"L1:[sp=K,4] S=7,X=223,R=4,Y=110,C=2,K=2 || L2:[sp=Y,21] S=1,C=1,X=1,K=1,Y=1,R=1",-inf,-inf,0,K|Y,1
K,4,S,3,X,223,R,2,Y,110,C,2,K,2,Y,21,S,1,C,2,X,1,K,1,Y,24,R,2,"L1:[sp=K,4] S=3,X=223,R=2,Y=110,C=2,K=2 || L2:[sp=Y,21] S=1,C=2,X=1,K=1,Y=24,R=2",-inf,-inf,0,K|Y,1
K,4,S,3,X,210,C,2,Y,222,R,2,K,2,Y,21,S,1,C,2,X,1,K,1,Y,1,R,2,"L1:[sp=K,4] S=3,X=210,C=2,Y=222,R=2,K=2 || L2:[sp=Y,21] S=1,C=2,X=1,K=1,Y=1,R=2",-inf,-inf,0,K|Y,1
Y,4,S,3,X,200,R,5,Y,213,C,2,K,2,Y,21,S,1,C,2,X,1,K,1,Y,24,R,2,"L1:[sp=Y,4] S=3,X=200,R=5,Y=213,C=2,K=2 || L2:[sp=Y,21] S=1,C=2,X=1,K=1,Y=24,R=2",-inf,-inf,0,Y|Y,1
K,4,S,3,C,3,R,4,Y,110,X,223,K,2,Y,21,S,1,C,2,X,184,K,1,Y,24,R,3,"L1:[sp=K,4] S=3,C=3,R=4,Y=110,X=223,K=2 || L2:[sp=Y,21] S=1,C=2,X=184,K=1,Y=24,R=3",-inf,-inf,0,K|Y,1
K,4,S,3,K,2,R,5,Y,222,C,2,X,223,Y,21,S,1,C,2,X,1,K,2,Y,1,R,2,"L1:[sp=K,4] S=3,K=2,R=5,Y=222,C=2,X=223 || L2:[sp=Y,21] S=1,C=2,X=1,K=2,Y=1,R=2",-inf,-inf,0,K|Y,1
K,4,S,2,X,223,R,7,Y,201,C,2,K,2,Y,21,S,1,C,2,X,1,K,1,Y,30,R,1,"L1:[sp=K,4] S=2,X=223,R=7,Y=201,C=2,K=2 || L2:[sp=Y,21] S=1,C=2,X=1,K=1,Y=30,R=1",-inf,-inf,0,K|Y,1
K,4,S,3,X,223,R,4,Y,222,C,2,K,2,Y,21,S,1,C,2,X,1,K,1,Y,1,R,3,"L1:[sp=K,4] S=3,X=223,R=4,Y=222,C=2,K=2 || L2:[sp=Y,21] S=1,C=2,X=1,K=1,Y=1,R=3",-inf,-inf,0,K|Y,1
K,4,S,3,X,223,R,4,Y,154,C,2,K,2,Y,21,S,1,C,2,X,1,K,1,Y,1,R,1,"L1:[sp=K,4] S=3,X=223,R=4,Y=154,C=2,K=2 || L2:[sp=Y,21] S=1,C=2,X=1,K=1,Y=1,R=1",-inf,-inf,0,K|Y,1
Y,4,S,3,X,223,R,4,Y,110,C,2,K,2,K,21,S,3,C,2,X,1,K,1,Y,95,R,3,"L1:[sp=Y,4] S=3,X=223,R=4,Y=110,C=2,K=2 || L2:[sp=K,21] S=3,C=2,X=1,K=1,Y=95,R=3",-inf,-inf,0,Y|K,1
Y,4,S,3,X,223,C,2,Y,110,R,4,K,2,K,21,S,1,C,2,X,1,K,1,Y,1,R,1,"L1:[sp=Y,4] S=3,X=223,C=2,Y=110,R=4,K=2 || L2:[sp=K,21] S=1,C=2,X=1,K=1,Y=1,R=1",-inf,-inf,0,Y|K,1
K,4,S,3,X,223,R,6,Y,110,C,2,K,2,X,21,S,1,C,2,X,54,K,1,Y,1,R,2,"L1:[sp=K,4] S=3,X=223,R=6,Y=110,C=2,K=2 || L2:[sp=X,21] S=1,C=2,X=54,K=1,Y=1,R=2",-inf,-inf,0,K|X,1
K,4,Y,110,X,223,R,5,S,3,C,2,K,43,Y,21,S,3,C,2,X,1,K,11,Y,1,R,4,"L1:[sp=K,4] Y=110,X=223,R=5,S=3,C=2,K=43 || L2:[sp=Y,21] S=3,C=2,X=1,K=11,Y=1,R=4",-inf,-inf,0,K|Y,1
K,4,S,3,X,185,R,4,Y,110,C,2,K,2,Y,21,S,1,C,2,X,1,K,1,Y,1,R,1,"L1:[sp=K,4] S=3,X=185,R=4,Y=110,C=2,K=2 || L2:[sp=Y,21] S=1,C=2,X=1,K=1,Y=1,R=1",-inf,-inf,0,K|Y,1
K,4,S,3,K,2,C,2,Y,110,R,7,X,223,X,21,S,1,C,1,X,1,K,1,Y,66,R,2,"L1:[sp=K,4] S=3,K=2,C=2,Y=110,R=7,X=223 || L2:[sp=X,21] S=1,C=1,X=1,K=1,Y=66,R=2",-inf,-inf,0,K|X,1
K,4,S,3,C,2,X,223,Y,11,K,2,R,7,X,21,K,1,C,2,X,208,S,3,Y,1,R,1,"L1:[sp=K,4] S=3,C=2,X=223,Y=11,K=2,R=7 || L2:[sp=X,21] K=1,C=2,X=208,S=3,Y=1,R=1",-inf,-inf,0,K|X,1
Y,4,R,5,X,223,Y,110,S,3,C,2,K,36,K,21,S,1,C,2,X,33,K,1,Y,45,R,4,"L1:[sp=Y,4] R=5,X=223,Y=110,S=3,C=2,K=36 || L2:[sp=K,21] S=1,C=2,X=33,K=1,Y=45,R=4",-inf,-inf,0,Y|K,1
Y,4,S,3,X,223,R,5,C,2,Y,222,K,2,K,1,S,1,R,2,X,1,K,1,Y,1,C,2,"L1:[sp=Y,4] S=3,X=223,R=5,C=2,Y=222,K=2 || L2:[sp=K,1] S=1,R=2,X=1,K=1,Y=1,C=2",-inf,-inf,0,Y|K,1
K,4,S,3,X,205,R,5,C,2,Y,222,K,2,X,1,S,3,C,2,X,1,K,1,Y,1,R,2,"L1:[sp=K,4] S=3,X=205,R=5,C=2,Y=222,K=2 || L2:[sp=X,1] S=3,C=2,X=1,K=1,Y=1,R=2",-inf,-inf,0,K|X,1
K,4,S,3,X,223,C,2,Y,7,R,1,K,2,X,21,S,3,C,2,X,1,K,1,Y,1,R,1,"L1:[sp=K,4] S=3,X=223,C=2,Y=7,R=1,K=2 || L2:[sp=X,21] S=3,C=2,X=1,K=1,Y=1,R=1",-inf,-inf,0,K|X,1
Y,4,S,3,X,223,R,7,C,2,Y,222,K,17,K,1,S,2,C,2,X,1,K,1,Y,1,R,1,"L1:[sp=Y,4] S=3,X=223,R=7,C=2,Y=222,K=17 || L2:[sp=K,1] S=2,C=2,X=1,K=1,Y=1,R=1",-inf,-inf,0,Y|K,1
K,4,S,3,X,223,C,2,Y,222,R,5,K,2,Y,21,S,2,C,1,X,1,K,1,Y,1,R,2,"L1:[sp=K,4] S=3,X=223,C=2,Y=222,R=5,K=2 || L2:[sp=Y,21] S=2,C=1,X=1,K=1,Y=1,R=2",-inf,-inf,0,K|Y,1
K,4,Y,187,X,223,R,5,S,3,C,2,K,36,Y,21,S,1,C,2,X,1,K,1,Y,45,R,4,"L1:[sp=K,4] Y=187,X=223,R=5,S=3,C=2,K=36 || L2:[sp=Y,21] S=1,C=2,X=1,K=1,Y=45,R=4",-inf,-inf,0,K|Y,1
K,4,X,223,S,3,R,2,Y,30,C,2,K,2,Y,30,S,1,C,1,X,64,K,1,Y,30,R,2,"L1:[sp=K,4] X=223,S=3,R=2,Y=30,C=2,K=2 || L2:[sp=Y,30] S=1,C=1,X=64,K=1,Y=30,R=2",-inf,-inf,0,K|Y,1
K,4,S,3,X,223,K,2,Y,199,C,2,R,5,Y,21,S,1,C,2,X,1,K,2,Y,1,R,2,"L1:[sp=K,4] S=3,X=223,K=2,Y=199,C=2,R=5 || L2:[sp=Y,21] S=1,C=2,X=1,K=2,Y=1,R=2",-inf,-inf,0,K|Y,1
Y,4,S,3,X,223,R,5,Y,222,C,2,K,2,Y,21,Y,1,C,2,X,1,K,1,S,2,R,2,"L1:[sp=Y,4] S=3,X=223,R=5,Y=222,C=2,K=2 || L2:[sp=Y,21] Y=1,C=2,X=1,K=1,S=2,R=2",-inf,-inf,0,Y|Y,1
Y,4,S,7,X,223,R,5,C,2,K,2,Y,222,K,1,S,5,C,2,X,1,K,1,Y,70,R,2,"L1:[sp=Y,4] S=7,X=223,R=5,C=2,K=2,Y=222 || L2:[sp=K,1] S=5,C=2,X=1,K=1,Y=70,R=2",-inf,-inf,0,Y|K,1
Y,4,S,3,X,199,R,5,C,1,Y,222,K,2,K,21,S,3,C,1,X,1,K,1,Y,1,R,4,"L1:[sp=Y,4] S=3,X=199,R=5,C=1,Y=222,K=2 || L2:[sp=K,21] S=3,C=1,X=1,K=1,Y=1,R=4",-inf,-inf,0,Y|K,1
K,4,S,3,K,2,R,5,C,2,Y,222,X,223,K,1,S,2,C,2,X,78,K,1,Y,1,R,2,"L1:[sp=K,4] S=3,K=2,R=5,C=2,Y=222,X=223 || L2:[sp=K,1] S=2,C=2,X=78,K=1,Y=1,R=2",-inf,-inf,0,K|K,1
K,4,S,3,C,2,X,223,Y,222,R,5,K,14,X,7,X,1,C,2,S,2,K,8,Y,1,R,2,"L1:[sp=K,4] S=3,C=2,X=223,Y=222,R=5,K=14 || L2:[sp=X,7] X=1,C=2,S=2,K=8,Y=1,R=2",-inf,-inf,0,K|X,1
K,4,S,7,X,223,R,5,C,2,Y,119,K,2,K,1,S,1,C,2,X,1,K,1,Y,1,R,2,"L1:[sp=K,4] S=7,X=223,R=5,C=2,Y=119,K=2 || L2:[sp=K,1] S=1,C=2,X=1,K=1,Y=1,R=2",-inf,-inf,0,K|K,1
Y,4,S,3,X,223,R,7,C,1,Y,150,K,2,K,21,S,2,C,1,X,75,K,1,Y,1,R,4,"L1:[sp=Y,4] S=3,X=223,R=7,C=1,Y=150,K=2 || L2:[sp=K,21] S=2,C=1,X=75,K=1,Y=1,R=4",-inf,-inf,0,Y|K,1
Y,4,S,3,X,223,R,5,C,1,Y,222,K,2,K,21,S,2,C,1,X,1,K,1,Y,1,R,2,"L1:[sp=Y,4] S=3,X=223,R=5,C=1,Y=222,K=2 || L2:[sp=K,21] S=2,C=1,X=1,K=1,Y=1,R=2",-inf,-inf,0,Y|K,1
K,4,S,6,X,223,R,5,Y,222,C,1,K,25,Y,21,X,1,C,1,K,1,S,2,Y,1,R,3,"L1:[sp=K,4] S=6,X=223,R=5,Y=222,C=1,K=25 || L2:[sp=Y,21] X=1,C=1,K=1,S=2,Y=1,R=3",-inf,-inf,0,K|Y,1
K,4,S,6,X,223,R,5,Y,222,C,1,K,25,X,1,S,4,C,1,K,1,X,1,Y,1,R,2,"L1:[sp=K,4] S=6,X=223,R=5,Y=222,C=1,K=25 || L2:[sp=X,1] S=4,C=1,K=1,X=1,Y=1,R=2",-inf,-inf,0,K|X,1
K,4,S,5,X,76,K,2,C,2,Y,224,R,7,K,1,S,1,C,2,R,1,K,2,Y,1,X,1,"L1:[sp=K,4] S=5,X=76,K=2,C=2,Y=224,R=7 || L2:[sp=K,1] S=1,C=2,R=1,K=2,Y=1,X=1",-inf,-inf,0,K|K,1
K,4,S,6,R,3,X,223,C,1,Y,222,K,16,K,1,S,2,C,1,X,1,K,1,Y,210,R,2,"L1:[sp=K,4] S=6,R=3,X=223,C=1,Y=222,K=16 || L2:[sp=K,1] S=2,C=1,X=1,K=1,Y=210,R=2",-inf,-inf,0,K|K,1
Y,4,S,7,X,223,R,5,C,2,Y,222,K,2,K,21,S,1,C,2,Y,195,K,1,X,1,R,5,"L1:[sp=Y,4] S=7,X=223,R=5,C=2,Y=222,K=2 || L2:[sp=K,21] S=1,C=2,Y=195,K=1,X=1,R=5",-inf,-inf,0,Y|K,1
K,4,Y,222,X,223,S,3,K,2,R,5,C,2,K,1,Y,58,R,2,X,1,K,1,S,3,C,2,"L1:[sp=K,4] Y=222,X=223,S=3,K=2,R=5,C=2 || L2:[sp=K,1] Y=58,R=2,X=1,K=1,S=3,C=2",-inf,-inf,0,K|K,1
K,4,S,5,X,223,R,6,K,2,Y,222,C,2,K,1,S,4,R,4,X,86,K,1,Y,1,C,2,"L1:[sp=K,4] S=5,X=223,R=6,K=2,Y=222,C=2 || L2:[sp=K,1] S=4,R=4,X=86,K=1,Y=1,C=2",-inf,-inf,0,K|K,1
K,4,S,7,X,223,R,5,C,1,Y,224,K,2,Y,21,S,1,C,1,Y,197,K,1,X,1,R,2,"L1:[sp=K,4] S=7,X=223,R=5,C=1,Y=224,K=2 || L2:[sp=Y,21] S=1,C=1,Y=197,K=1,X=1,R=2",-inf,-inf,0,K|Y,1
K,4,S,5,X,223,R,7,C,3,Y,224,K,2,Y,21,S,4,C,1,Y,1,K,1,X,98,R,4,"L1:[sp=K,4] S=5,X=223,R=7,C=3,Y=224,K=2 || L2:[sp=Y,21] S=4,C=1,Y=1,K=1,X=98,R=4",-inf,-inf,0,K|Y,1
K,4,S,3,X,223,R,5,C,1,Y,115,K,2,Y,21,S,1,C,1,Y,1,K,1,X,1,R,2,"L1:[sp=K,4] S=3,X=223,R=5,C=1,Y=115,K=2 || L2:[sp=Y,21] S=1,C=1,Y=1,K=1,X=1,R=2",-inf,-inf,0,K|Y,1
K,4,S,7,X,223,K,2,C,2,Y,224,R,5,K,1,S,1,C,2,R,5,K,2,Y,1,X,1,"L1:[sp=K,4] S=7,X=223,K=2,C=2,Y=224,R=5 || L2:[sp=K,1] S=1,C=2,R=5,K=2,Y=1,X=1",-inf,-inf,0,K|K,1
K,4,S,3,X,223,R,5,C,2,Y,160,K,2,K,1,S,3,C,2,X,1,K,1,Y,1,R,5,"L1:[sp=K,4] S=3,X=223,R=5,C=2,Y=160,K=2 || L2:[sp=K,1] S=3,C=2,X=1,K=1,Y=1,R=5",-inf,-inf,0,K|K,1
K,4,R,5,X,223,Y,222,K,2,S,3,C,2,K,1,Y,1,R,2,X,150,K,1,S,3,C,2,"L1:[sp=K,4] R=5,X=223,Y=222,K=2,S=3,C=2 || L2:[sp=K,1] Y=1,R=2,X=150,K=1,S=3,C=2",-inf,-inf,0,K|K,1
K,4,S,7,X,223,R,6,C,2,Y,222,K,2,K,1,S,1,C,1,X,1,K,1,Y,1,R,2,"L1:[sp=K,4] S=7,X=223,R=6,C=2,Y=222,K=2 || L2:[sp=K,1] S=1,C=1,X=1,K=1,Y=1,R=2",-inf,-inf,0,K|K,1
C,4,S,5,X,223,K,28,C,2,Y,224,R,7,K,1,S,5,C,2,R,1,K,1,Y,1,X,90,"L1:[sp=C,4] S=5,X=223,K=28,C=2,Y=224,R=7 || L2:[sp=K,1] S=5,C=2,R=1,K=1,Y=1,X=90",-inf,-inf,0,C|K,1
K,4,S,5,K,7,R,7,X,202,Y,222,C,3,X,3,S,5,R,4,X,1,K,1,Y,1,C,2,"L1:[sp=K,4] S=5,K=7,R=7,X=202,Y=222,C=3 || L2:[sp=X,3] S=5,R=4,X=1,K=1,Y=1,C=2",-inf,-inf,0,K|X,1
K,4,R,5,X,223,S,7,Y,61,K,48,C,2,K,1,Y,1,R,2,X,1,K,19,S,1,C,2,"L1:[sp=K,4] R=5,X=223,S=7,Y=61,K=48,C=2 || L2:[sp=K,1] Y=1,R=2,X=1,K=19,S=1,C=2",-inf,-inf,0,K|K,1
K,4,S,7,X,223,R,5,C,2,Y,222,K,2,K,1,S,1,R,2,X,27,Y,1,K,1,C,2,"L1:[sp=K,4] S=7,X=223,R=5,C=2,Y=222,K=2 || L2:[sp=K,1] S=1,R=2,X=27,Y=1,K=1,C=2",-inf,-inf,0,K|K,1
K,4,S,5,X,223,K,2,C,2,Y,224,R,7,C,1,S,1,C,2,R,1,K,1,Y,1,X,155,"L1:[sp=K,4] S=5,X=223,K=2,C=2,Y=224,R=7 || L2:[sp=C,1] S=1,C=2,R=1,K=1,Y=1,X=155",-inf,-inf,0,K|C,1
K,4,R,5,X,223,S,7,K,48,Y,222,C,2,K,1,R,2,Y,1,X,130,K,1,S,1,C,2,"L1:[sp=K,4] R=5,X=223,S=7,K=48,Y=222,C=2 || L2:[sp=K,1] R=2,Y=1,X=130,K=1,S=1,C=2",-inf,-inf,0,K|K,1
K,4,S,5,C,2,R,7,X,223,Y,224,K,2,Y,21,Y,103,C,2,X,1,K,1,S,1,R,1,"L1:[sp=K,4] S=5,C=2,R=7,X=223,Y=224,K=2 || L2:[sp=Y,21] Y=103,C=2,X=1,K=1,S=1,R=1",-inf,-inf,0,K|Y,1
K,4,S,3,C,1,R,7,X,223,Y,224,K,2,Y,21,Y,1,C,1,X,1,K,1,R,4,S,2,"L1:[sp=K,4] S=3,C=1,R=7,X=223,Y=224,K=2 || L2:[sp=Y,21] Y=1,C=1,X=1,K=1,R=4,S=2",-inf,-inf,0,K|Y,1
K,4,S,7,X,223,R,5,K,2,Y,43,C,3,X,3,S,4,X,1,R,2,K,2,Y,1,C,2,"L1:[sp=K,4] S=7,X=223,R=5,K=2,Y=43,C=3 || L2:[sp=X,3] S=4,X=1,R=2,K=2,Y=1,C=2",-inf,-inf,0,K|X,1
K,4,S,5,C,2,R,7,X,223,Y,222,K,2,X,14,S,1,C,1,X,1,Y,1,K,1,R,4,"L1:[sp=K,4] S=5,C=2,R=7,X=223,Y=222,K=2 || L2:[sp=X,14] S=1,C=1,X=1,Y=1,K=1,R=4",-inf,-inf,0,K|X,1
K,4,R,7,C,2,S,5,K,48,Y,222,X,223,K,1,Y,1,R,4,X,145,K,1,S,1,C,2,"L1:[sp=K,4] R=7,C=2,S=5,K=48,Y=222,X=223 || L2:[sp=K,1] Y=1,R=4,X=145,K=1,S=1,C=2",-inf,-inf,0,K|K,1
K,4,S,7,X,223,R,2,K,2,Y,222,C,1,X,3,S,4,X,1,R,2,K,1,Y,1,C,1,"L1:[sp=K,4] S=7,X=223,R=2,K=2,Y=222,C=1 || L2:[sp=X,3] S=4,X=1,R=2,K=1,Y=1,C=1",-inf,-inf,0,K|X,1
K,4,R,7,K,48,S,5,X,223,Y,222,C,2,K,1,Y,111,R,4,X,1,K,1,S,1,C,2,"L1:[sp=K,4] R=7,K=48,S=5,X=223,Y=222,C=2 || L2:[sp=K,1] Y=111,R=4,X=1,K=1,S=1,C=2",-inf,-inf,0,K|K,1
K,4,S,7,X,58,R,5,K,2,Y,40,C,3,X,3,S,4,R,2,X,44,K,1,Y,1,C,2,"L1:[sp=K,4] S=7,X=58,R=5,K=2,Y=40,C=3 || L2:[sp=X,3] S=4,R=2,X=44,K=1,Y=1,C=2",-inf,-inf,0,K|X,1
Y,4,K,2,X,133,S,5,C,2,Y,222,R,7,K,1,S,3,C,1,R,4,K,1,Y,1,X,1,"L1:[sp=Y,4] K=2,X=133,S=5,C=2,Y=222,R=7 || L2:[sp=K,1] S=3,C=1,R=4,K=1,Y=1,X=1",-inf,-inf,0,Y|K,1
K,4,S,6,X,223,R,5,Y,222,C,2,K,31,K,31,Y,1,K,1,X,70,C,2,S,3,R,5,"L1:[sp=K,4] S=6,X=223,R=5,Y=222,C=2,K=31 || L2:[sp=K,31] Y=1,K=1,X=70,C=2,S=3,R=5",-inf,-inf,0,K|K,1
K,4,S,5,X,158,R,7,K,2,Y,222,C,1,X,3,S,1,R,4,X,1,K,1,Y,1,C,1,"L1:[sp=K,4] S=5,X=158,R=7,K=2,Y=222,C=1 || L2:[sp=X,3] S=1,R=4,X=1,K=1,Y=1,C=1",-inf,-inf,0,K|X,1
K,4,C,2,R,7,S,5,K,2,Y,222,X,223,K,1,Y,1,R,5,X,218,K,1,S,1,C,2,"L1:[sp=K,4] C=2,R=7,S=5,K=2,Y=222,X=223 || L2:[sp=K,1] Y=1,R=5,X=218,K=1,S=1,C=2",-inf,-inf,0,K|K,1
K,4,S,5,X,223,R,5,K,2,Y,222,C,1,X,3,S,3,R,4,X,1,K,1,Y,217,C,1,"L1:[sp=K,4] S=5,X=223,R=5,K=2,Y=222,C=1 || L2:[sp=X,3] S=3,R=4,X=1,K=1,Y=217,C=1",-inf,-inf,0,K|X,1
K,4,S,3,X,223,R,5,K,2,Y,222,C,2,X,3,S,3,R,5,X,1,K,1,Y,1,C,2,"L1:[sp=K,4] S=3,X=223,R=5,K=2,Y=222,C=2 || L2:[sp=X,3] S=3,R=5,X=1,K=1,Y=1,C=2",-inf,-inf,0,K|X,1
K,4,X,223,R,5,S,6,C,2,Y,222,K,2,K,1,Y,93,R,5,X,1,K,1,S,2,C,2,"L1:[sp=K,4] X=223,R=5,S=6,C=2,Y=222,K=2 || L2:[sp=K,1] Y=93,R=5,X=1,K=1,S=2,C=2",-inf,-inf,0,K|K,1
K,4,S,6,R,5,Y,222,K,31,X,223,C,2,K,31,S,4,C,1,X,89,K,20,Y,1,R,2,"L1:[sp=K,4] S=6,R=5,Y=222,K=31,X=223,C=2 || L2:[sp=K,31] S=4,C=1,X=89,K=20,Y=1,R=2",-inf,-inf,0,K|K,1
C,4,X,223,R,5,S,6,C,2,Y,222,K,2,K,1,Y,148,R,5,X,1,K,1,S,2,C,2,"L1:[sp=C,4] X=223,R=5,S=6,C=2,Y=222,K=2 || L2:[sp=K,1] Y=148,R=5,X=1,K=1,S=2,C=2",-inf,-inf,0,C|K,1
K,4,C,2,R,7,S,5,K,2,Y,222,X,223,K,1,K,1,R,2,X,153,Y,1,S,1,C,2,"L1:[sp=K,4] C=2,R=7,S=5,K=2,Y=222,X=223 || L2:[sp=K,1] K=1,R=2,X=153,Y=1,S=1,C=2",-inf,-inf,0,K|K,1
C,4,S,6,Y,222,R,5,C,2,X,145,K,31,K,31,S,4,C,1,R,2,K,1,Y,1,X,70,"L1:[sp=C,4] S=6,Y=222,R=5,C=2,X=145,K=31 || L2:[sp=K,31] S=4,C=1,R=2,K=1,Y=1,X=70",-inf,-inf,0,C|K,1
C,4,K,2,X,223,S,4,C,1,Y,224,R,7,X,2,C,1,S,1,R,4,K,1,Y,1,X,184,"L1:[sp=C,4] K=2,X=223,S=4,C=1,Y=224,R=7 || L2:[sp=X,2] C=1,S=1,R=4,K=1,Y=1,X=184",-inf,-inf,0,C|X,1
K,4,C,2,R,5,S,2,K,34,Y,93,X,217,K,1,Y,1,R,2,X,1,K,1,S,2,C,2,"L1:[sp=K,4] C=2,R=5,S=2,K=34,Y=93,X=217 || L2:[sp=K,1] Y=1,R=2,X=1,K=1,S=2,C=2",-inf,-inf,0,K|K,1
K,4,S,6,Y,222,R,5,C,2,X,223,K,31,X,21,R,2,C,1,X,1,K,28,Y,1,S,4,"L1:[sp=K,4] S=6,Y=222,R=5,C=2,X=223,K=31 || L2:[sp=X,21] R=2,C=1,X=1,K=28,Y=1,S=4",-inf,-inf,0,K|X,1
K,4,C,2,R,5,S,6,K,2,Y,222,X,223,K,1,K,1,R,5,X,1,Y,27,S,2,C,2,"L1:[sp=K,4] C=2,R=5,S=6,K=2,Y=222,X=223 || L2:[sp=K,1] K=1,R=5,X=1,Y=27,S=2,C=2",-inf,-inf,0,K|K,1
K,4,X,223,R,7,S,2,C,1,Y,222,K,2,K,14,Y,1,R,2,X,153,K,1,S,2,C,1,"L1:[sp=K,4] X=223,R=7,S=2,C=1,Y=222,K=2 || L2:[sp=K,14] Y=1,R=2,X=153,K=1,S=2,C=1",-inf,-inf,0,K|K,1
K,4,S,5,Y,222,R,7,C,2,X,62,K,31,K,31,S,1,K,1,X,1,C,2,Y,1,R,2,"L1:[sp=K,4] S=5,Y=222,R=7,C=2,X=62,K=31 || L2:[sp=K,31] S=1,K=1,X=1,C=2,Y=1,R=2",-inf,-inf,0,K|K,1
K,4,S,6,Y,10,R,1,C,2,X,223,K,31,K,31,X,1,C,1,S,4,K,1,Y,1,R,1,"L1:[sp=K,4] S=6,Y=10,R=1,C=2,X=223,K=31 || L2:[sp=K,31] X=1,C=1,S=4,K=1,Y=1,R=1",-inf,-inf,0,K|K,1
K,4,S,5,Y,153,R,5,C,3,K,31,X,223,K,31,S,1,K,1,X,1,C,1,Y,1,R,2,"L1:[sp=K,4] S=5,Y=153,R=5,C=3,K=31,X=223 || L2:[sp=K,31] S=1,K=1,X=1,C=1,Y=1,R=2",-inf,-inf,0,K|K,1
C,4,X,223,R,7,S,7,C,1,Y,222,K,2,K,14,Y,1,R,2,X,1,K,1,S,4,C,1,"L1:[sp=C,4] X=223,R=7,S=7,C=1,Y=222,K=2 || L2:[sp=K,14] Y=1,R=2,X=1,K=1,S=4,C=1",-inf,-inf,0,C|K,1
K,4,C,2,R,5,S,5,K,2,Y,153,X,223,K,1,K,1,R,2,X,1,Y,1,S,1,C,1,"L1:[sp=K,4] C=2,R=5,S=5,K=2,Y=153,X=223 || L2:[sp=K,1] K=1,R=2,X=1,Y=1,S=1,C=1",-inf,-inf,0,K|K,1
K,4,S,5,Y,222,R,7,C,2,X,223,K,31,Y,1,X,180,Y,1,S,1,K,1,C,2,R,2,"L1:[sp=K,4] S=5,Y=222,R=7,C=2,X=223,K=31 || L2:[sp=Y,1] X=180,Y=1,S=1,K=1,C=2,R=2",-inf,-inf,0,K|Y,1
K,4,X,223,R,7,S,7,C,2,Y,222,K,2,K,14,Y,221,R,2,X,1,K,1,S,4,C,1,"L1:[sp=K,4] X=223,R=7,S=7,C=2,Y=222,K=2 || L2:[sp=K,14] Y=221,R=2,X=1,K=1,S=4,C=1",-inf,-inf,0,K|K,1
K,4,S,1,Y,127,R,5,C,2,K,31,X,223,K,31,X,1,C,1,S,1,K,1,Y,1,R,2,"L1:[sp=K,4] S=1,Y=127,R=5,C=2,K=31,X=223 || L2:[sp=K,31] X=1,C=1,S=1,K=1,Y=1,R=2",-inf,-inf,0,K|K,1
X,4,X,223,R,5,S,5,Y,222,K,1,C,2,C,28,Y,199,S,3,X,1,K,1,R,1,C,2,"L1:[sp=X,4] X=223,R=5,S=5,Y=222,K=1,C=2 || L2:[sp=C,28] Y=199,S=3,X=1,K=1,R=1,C=2",-inf,-inf,0,X|C,1
K,4,X,223,R,5,S,5,C,3,Y,222,K,2,X,168,Y,1,R,1,X,43,K,1,S,1,C,2,"L1:[sp=K,4] X=223,R=5,S=5,C=3,Y=222,K=2 || L2:[sp=X,168] Y=1,R=1,X=43,K=1,S=1,C=2",-inf,-inf,0,K|X,1
K,4,X,223,R,5,S,5,C,2,Y,222,K,2,K,14,Y,169,R,4,C,2,K,1,S,1,X,1,"L1:[sp=K,4] X=223,R=5,S=5,C=2,Y=222,K=2 || L2:[sp=K,14] Y=169,R=4,C=2,K=1,S=1,X=1",-inf,-inf,0,K|K,1
C,4,X,88,R,5,S,5,Y,222,K,1,C,2,C,28,Y,9,R,1,X,1,K,1,S,3,C,2,"L1:[sp=C,4] X=88,R=5,S=5,Y=222,K=1,C=2 || L2:[sp=C,28] Y=9,R=1,X=1,K=1,S=3,C=2",-inf,-inf,0,C|C,1
K,4,R,4,X,223,S,5,C,1,Y,224,K,2,X,2,S,3,C,1,R,4,K,1,Y,82,X,1,"L1:[sp=K,4] R=4,X=223,S=5,C=1,Y=224,K=2 || L2:[sp=X,2] S=3,C=1,R=4,K=1,Y=82,X=1",-inf,-inf,0,K|X,1
K,4,X,223,R,7,S,2,C,1,Y,222,K,2,K,1,Y,1,R,2,X,1,K,1,S,1,C,1,"L1:[sp=K,4] X=223,R=7,S=2,C=1,Y=222,K=2 || L2:[sp=K,1] Y=1,R=2,X=1,K=1,S=1,C=1",-inf,-inf,0,K|K,1
K,4,K,2,X,223,S,5,C,3,Y,224,R,7,X,2,S,1,C,1,R,4,K,1,Y,82,X,95,"L1:[sp=K,4] K=2,X=223,S=5,C=3,Y=224,R=7 || L2:[sp=X,2] S=1,C=1,R=4,K=1,Y=82,X=95",-inf,-inf,0,K|X,1
K,4,X,223,R,5,S,5,C,2,Y,222,K,11,K,14,X,170,R,5,Y,1,K,1,S,3,C,2,"L1:[sp=K,4] X=223,R=5,S=5,C=2,Y=222,K=11 || L2:[sp=K,14] X=170,R=5,Y=1,K=1,S=3,C=2",-inf,-inf,0,K|K,1
C,4,X,223,R,5,S,7,Y,222,K,1,C,2,X,28,Y,1,K,1,X,66,R,1,S,1,C,2,"L1:[sp=C,4] X=223,R=5,S=7,Y=222,K=1,C=2 || L2:[sp=X,28] Y=1,K=1,X=66,R=1,S=1,C=2",-inf,-inf,0,C|X,1
K,4,K,2,Y,222,S,5,X,223,C,2,R,5,C,2,S,3,C,2,R,1,K,1,Y,1,X,127,"L1:[sp=K,4] K=2,Y=222,S=5,X=223,C=2,R=5 || L2:[sp=C,2] S=3,C=2,R=1,K=1,Y=1,X=127",-inf,-inf,0,K|C,1
K,4,S,3,Y,153,R,4,C,2,X,223,K,31,K,31,X,1,C,1,S,1,K,1,Y,1,R,4,"L1:[sp=K,4] S=3,Y=153,R=4,C=2,X=223,K=31 || L2:[sp=K,31] X=1,C=1,S=1,K=1,Y=1,R=4",-inf,-inf,0,K|K,1
K,4,K,2,X,80,S,5,C,1,Y,224,R,5,X,2,S,1,C,1,R,2,K,1,Y,82,X,1,"L1:[sp=K,4] K=2,X=80,S=5,C=1,Y=224,R=5 || L2:[sp=X,2] S=1,C=1,R=2,K=1,Y=82,X=1",-inf,-inf,0,K|X,1
K,4,K,2,X,223,S,5,C,3,Y,224,R,4,Y,2,S,1,C,1,R,4,K,1,Y,82,X,71,"L1:[sp=K,4] K=2,X=223,S=5,C=3,Y=224,R=4 || L2:[sp=Y,2] S=1,C=1,R=4,K=1,Y=82,X=71",-inf,-inf,0,K|Y,1
C,4,X,223,R,2,S,5,C,1,Y,222,K,2,K,1,Y,1,R,1,X,1,K,1,S,3,C,1,"L1:[sp=C,4] X=223,R=2,S=5,C=1,Y=222,K=2 || L2:[sp=K,1] Y=1,R=1,X=1,K=1,S=3,C=1",-inf,-inf,0,C|K,1
C,4,X,223,R,4,S,5,Y,224,K,1,C,1,X,28,Y,82,K,1,X,1,R,4,S,1,C,1,"L1:[sp=C,4] X=223,R=4,S=5,Y=224,K=1,C=1 || L2:[sp=X,28] Y=82,K=1,X=1,R=4,S=1,C=1",-inf,-inf,0,C|X,1
X,4,K,29,R,5,S,5,Y,222,X,223,C,1,X,3,Y,162,R,1,X,1,K,1,S,1,C,1,"L1:[sp=X,4] K=29,R=5,S=5,Y=222,X=223,C=1 || L2:[sp=X,3] Y=162,R=1,X=1,K=1,S=1,C=1",-inf,-inf,0,X|X,1
K,4,K,2,X,158,S,5,C,3,Y,222,R,7,X,2,S,3,C,2,K,1,R,2,Y,1,X,1,"L1:[sp=K,4] K=2,X=158,S=5,C=3,Y=222,R=7 || L2:[sp=X,2] S=3,C=2,K=1,R=2,Y=1,X=1",-inf,-inf,0,K|X,1
K,4,R,7,X,223,S,5,C,1,Y,224,K,2,K,14,Y,82,R,4,X,131,K,1,S,1,C,1,"L1:[sp=K,4] R=7,X=223,S=5,C=1,Y=224,K=2 || L2:[sp=K,14] Y=82,R=4,X=131,K=1,S=1,C=1",-inf,-inf,0,K|K,1
X,4,X,223,R,7,S,5,Y,222,K,32,C,2,C,28,Y,201,R,2,X,69,K,1,S,3,C,1,"L1:[sp=X,4] X=223,R=7,S=5,Y=222,K=32,C=2 || L2:[sp=C,28] Y=201,R=2,X=69,K=1,S=3,C=1",-inf,-inf,0,X|C,1
K,4,R,7,X,223,S,1,C,3,Y,222,K,2,K,14,Y,1,R,2,X,1,K,1,S,1,C,2,"L1:[sp=K,4] R=7,X=223,S=1,C=3,Y=222,K=2 || L2:[sp=K,14] Y=1,R=2,X=1,K=1,S=1,C=2",-inf,-inf,0,K|K,1
X,4,X,223,R,4,S,5,Y,224,K,1,C,1,C,28,Y,82,S,3,X,1,R,4,K,1,C,1,"L1:[sp=X,4] X=223,R=4,S=5,Y=224,K=1,C=1 || L2:[sp=C,28] Y=82,S=3,X=1,R=4,K=1,C=1",-inf,-inf,0,X|C,1
K,4,K,2,X,223,S,5,C,1,Y,224,R,4,X,2,S,1,C,1,K,1,R,4,Y,224,X,1,"L1:[sp=K,4] K=2,X=223,S=5,C=1,Y=224,R=4 || L2:[sp=X,2] S=1,C=1,K=1,R=4,Y=224,X=1",-inf,-inf,0,K|X,1
K,4,K,2,X,223,S,5,C,1,Y,224,R,7,X,2,S,4,C,1,K,1,R,4,Y,82,X,1,"L1:[sp=K,4] K=2,X=223,S=5,C=1,Y=224,R=7 || L2:[sp=X,2] S=4,C=1,K=1,R=4,Y=82,X=1",-inf,-inf,0,K|X,1
K,4,K,2,S,5,X,223,C,1,Y,224,R,5,C,1,S,3,C,1,R,1,K,1,Y,82,X,1,"L1:[sp=K,4] K=2,S=5,X=223,C=1,Y=224,R=5 || L2:[sp=C,1] S=3,C=1,R=1,K=1,Y=82,X=1",-inf,-inf,0,K|C,1
K,4,K,2,S,5,X,223,C,1,Y,224,R,5,X,2,S,4,C,1,R,4,K,1,Y,82,X,1,"L1:[sp=K,4] K=2,S=5,X=223,C=1,Y=224,R=5 || L2:[sp=X,2] S=4,C=1,R=4,K=1,Y=82,X=1",-inf,-inf,0,K|X,1
X,4,X,223,Y,222,S,5,K,9,R,3,C,2,C,28,Y,1,R,1,X,217,K,1,S,1,C,1,"L1:[sp=X,4] X=223,Y=222,S=5,K=9,R=3,C=2 || L2:[sp=C,28] Y=1,R=1,X=217,K=1,S=1,C=1",-inf,-inf,0,X|C,1
X,4,K,1,R,5,S,5,Y,222,X,223,C,1,X,3,Y,58,R,1,X,1,K,1,S,3,C,1,"L1:[sp=X,4] K=1,R=5,S=5,Y=222,X=223,C=1 || L2:[sp=X,3] Y=58,R=1,X=1,K=1,S=3,C=1",-inf,-inf,0,X|X,1
X,4,K,1,R,1,S,5,Y,222,C,1,X,153,X,3,Y,1,R,1,X,1,K,1,S,3,C,1,"L1:[sp=X,4] K=1,R=1,S=5,Y=222,C=1,X=153 || L2:[sp=X,3] Y=1,R=1,X=1,K=1,S=3,C=1",-inf,-inf,0,X|X,1
K,4,X,223,R,7,S,2,C,3,Y,222,K,2,K,14,Y,201,R,2,X,1,K,1,S,1,C,2,"L1:[sp=K,4] X=223,R=7,S=2,C=3,Y=222,K=2 || L2:[sp=K,14] Y=201,R=2,X=1,K=1,S=1,C=2",-inf,-inf,0,K|K,1
X,4,X,223,R,5,S,3,Y,222,K,32,C,2,C,1,Y,1,R,1,X,1,K,1,S,3,C,1,"L1:[sp=X,4] X=223,R=5,S=3,Y=222,K=32,C=2 || L2:[sp=C,1] Y=1,R=1,X=1,K=1,S=3,C=1",-inf,-inf,0,X|C,1
X,4,X,223,R,5,Y,222,S,5,K,46,C,2,C,28,Y,111,R,1,X,1,K,1,C,2,S,1,"L1:[sp=X,4] X=223,R=5,Y=222,S=5,K=46,C=2 || L2:[sp=C,28] Y=111,R=1,X=1,K=1,C=2,S=1",-inf,-inf,0,X|C,1
K,4,X,223,R,7,S,5,C,3,Y,222,K,2,K,14,Y,1,R,2,X,1,K,1,S,3,C,2,"L1:[sp=K,4] X=223,R=7,S=5,C=3,Y=222,K=2 || L2:[sp=K,14] Y=1,R=2,X=1,K=1,S=3,C=2",-inf,-inf,0,K|K,1
C,4,X,223,Y,222,S,5,R,5,K,32,C,3,X,28,Y,1,R,1,X,152,K,28,S,1,C,2,"L1:[sp=C,4] X=223,Y=222,S=5,R=5,K=32,C=3 || L2:[sp=X,28] Y=1,R=1,X=152,K=28,S=1,C=2",-inf,-inf,0,C|X,1
X,4,K,14,C,3,S,5,Y,222,X,223,R,7,X,3,Y,1,X,1,R,2,K,1,S,1,C,2,"L1:[sp=X,4] K=14,C=3,S=5,Y=222,X=223,R=7 || L2:[sp=X,3] Y=1,X=1,R=2,K=1,S=1,C=2",-inf,-inf,0,X|X,1
K,4,R,4,X,223,S,5,C,2,Y,220,K,2,K,14,Y,1,R,1,X,215,K,1,S,1,C,1,"L1:[sp=K,4] R=4,X=223,S=5,C=2,Y=220,K=2 || L2:[sp=K,14] Y=1,R=1,X=215,K=1,S=1,C=1",-inf,-inf,0,K|K,1
K,4,C,3,R,7,S,3,Y,222,K,32,X,135,C,28,Y,1,R,2,X,1,K,1,S,3,C,2,"L1:[sp=K,4] C=3,R=7,S=3,Y=222,K=32,X=135 || L2:[sp=C,28] Y=1,R=2,X=1,K=1,S=3,C=2",-inf,-inf,0,K|C,1
X,4,K,1,R,7,S,1,Y,222,X,223,C,1,C,1,Y,1,R,3,X,1,S,1,K,1,C,1,"L1:[sp=X,4] K=1,R=7,S=1,Y=222,X=223,C=1 || L2:[sp=C,1] Y=1,R=3,X=1,S=1,K=1,C=1",-inf,-inf,0,X|C,1
C,4,X,223,Y,222,S,5,R,5,K,32,C,2,X,24,Y,1,R,1,X,1,K,2,S,1,C,1,"L1:[sp=C,4] X=223,Y=222,S=5,R=5,K=32,C=2 || L2:[sp=X,24] Y=1,R=1,X=1,K=2,S=1,C=1",-inf,-inf,0,C|X,1
X,4,K,10,R,6,S,5,Y,222,X,223,C,1,C,1,Y,1,R,6,X,1,S,3,K,1,C,1,"L1:[sp=X,4] K=10,R=6,S=5,Y=222,X=223,C=1 || L2:[sp=C,1] Y=1,R=6,X=1,S=3,K=1,C=1",-inf,-inf,0,X|C,1
K,4,R,7,X,223,S,5,C,3,Y,222,K,2,Y,28,Y,1,R,2,X,44,K,2,S,1,C,2,"L1:[sp=K,4] R=7,X=223,S=5,C=3,Y=222,K=2 || L2:[sp=Y,28] Y=1,R=2,X=44,K=2,S=1,C=2",-inf,-inf,0,K|Y,1
X,4,K,41,S,7,R,7,Y,222,X,110,C,1,X,3,Y,1,R,5,X,1,K,1,S,3,C,1,"L1:[sp=X,4] K=41,S=7,R=7,Y=222,X=110,C=1 || L2:[sp=X,3] Y=1,R=5,X=1,K=1,S=3,C=1",-inf,-inf,0,X|X,1
C,4,X,223,Y,210,S,5,R,5,K,32,C,2,X,28,Y,1,R,1,X,23,K,28,S,1,C,1,"L1:[sp=C,4] X=223,Y=210,S=5,R=5,K=32,C=2 || L2:[sp=X,28] Y=1,R=1,X=23,K=28,S=1,C=1",-inf,-inf,0,C|X,1
K,4,C,2,R,7,S,5,Y,222,K,32,X,97,C,28,Y,1,R,2,X,97,K,1,S,3,C,2,"L1:[sp=K,4] C=2,R=7,S=5,Y=222,K=32,X=97 || L2:[sp=C,28] Y=1,R=2,X=97,K=1,S=3,C=2",-inf,-inf,0,K|C,1
K,4,C,2,R,5,S,5,Y,222,K,32,X,223,C,28,Y,212,R,1,X,1,K,1,S,3,C,2,"L1:[sp=K,4] C=2,R=5,S=5,Y=222,K=32,X=223 || L2:[sp=C,28] Y=212,R=1,X=1,K=1,S=3,C=2",-inf,-inf,0,K|C,1
C,4,X,223,R,5,S,5,Y,222,K,32,C,2,X,28,Y,1,R,1,X,1,K,28,S,4,C,1,"L1:[sp=C,4] X=223,R=5,S=5,Y=222,K=32,C=2 || L2:[sp=X,28] Y=1,R=1,X=1,K=28,S=4,C=1",-inf,-inf,0,C|X,1
K,4,C,2,R,2,S,5,Y,222,K,32,X,223,C,28,Y,124,X,1,R,2,K,1,S,3,C,2,"L1:[sp=K,4] C=2,R=2,S=5,Y=222,K=32,X=223 || L2:[sp=C,28] Y=124,X=1,R=2,K=1,S=3,C=2",-inf,-inf,0,K|C,1
X,4,K,41,S,5,C,1,Y,222,X,223,R,1,X,3,Y,94,R,1,C,1,K,1,S,3,X,1,"L1:[sp=X,4] K=41,S=5,C=1,Y=222,X=223,R=1 || L2:[sp=X,3] Y=94,R=1,C=1,K=1,S=3,X=1",-inf,-inf,0,X|X,1
X,4,K,41,S,5,R,7,Y,222,X,223,C,1,X,84,Y,1,R,2,X,1,K,1,S,3,C,1,"L1:[sp=X,4] K=41,S=5,R=7,Y=222,X=223,C=1 || L2:[sp=X,84] Y=1,R=2,X=1,K=1,S=3,C=1",-inf,-inf,0,X|X,1
Y,4,C,3,R,7,S,5,K,1,Y,74,X,223,C,1,Y,64,R,2,X,193,S,1,K,1,C,2,"L1:[sp=Y,4] C=3,R=7,S=5,K=1,Y=74,X=223 || L2:[sp=C,1] Y=64,R=2,X=193,S=1,K=1,C=2",-inf,-inf,0,Y|C,1
X,4,K,41,S,5,R,5,Y,222,X,182,C,1,X,3,Y,1,R,2,X,1,K,1,S,3,C,1,"L1:[sp=X,4] K=41,S=5,R=5,Y=222,X=182,C=1 || L2:[sp=X,3] Y=1,R=2,X=1,K=1,S=3,C=1",-inf,-inf,0,X|X,1
K,4,K,1,R,5,S,5,Y,222,X,223,C,1,C,1,Y,48,R,4,X,1,S,3,K,1,C,1,"L1:[sp=K,4] K=1,R=5,S=5,Y=222,X=223,C=1 || L2:[sp=C,1] Y=48,R=4,X=1,S=3,K=1,C=1",-inf,-inf,0,K|C,1
Y,4,X,223,R,5,S,5,Y,222,K,1,C,3,C,1,Y,171,R,1,K,1,S,1,X,1,C,2,"L1:[sp=Y,4] X=223,R=5,S=5,Y=222,K=1,C=3 || L2:[sp=C,1] Y=171,R=1,K=1,S=1,X=1,C=2",-inf,-inf,0,Y|C,1
K,4,C,2,K,32,S,5,Y,222,R,7,X,223,C,28,Y,31,R,2,X,1,K,1,S,3,C,2,"L1:[sp=K,4] C=2,K=32,S=5,Y=222,R=7,X=223 || L2:[sp=C,28] Y=31,R=2,X=1,K=1,S=3,C=2",-inf,-inf,0,K|C,1
K,4,C,3,R,7,S,5,Y,222,X,135,K,1,C,1,Y,1,R,4,X,1,S,3,K,1,C,2,"L1:[sp=K,4] C=3,R=7,S=5,Y=222,X=135,K=1 || L2:[sp=C,1] Y=1,R=4,X=1,S=3,K=1,C=2",-inf,-inf,0,K|C,1
K,4,K,1,C,3,S,5,Y,128,X,223,R,1,C,1,Y,1,R,1,X,1,S,3,K,1,C,1,"L1:[sp=K,4] K=1,C=3,S=5,Y=128,X=223,R=1 || L2:[sp=C,1] Y=1,R=1,X=1,S=3,K=1,C=1",-inf,-inf,0,K|C,1
K,4,K,1,R,7,S,5,Y,171,X,108,C,3,K,1,R,2,Y,1,X,1,S,5,K,1,C,1,"L1:[sp=K,4] K=1,R=7,S=5,Y=171,X=108,C=3 || L2:[sp=K,1] R=2,Y=1,X=1,S=5,K=1,C=1",-inf,-inf,0,K|K,1
K,4,K,1,R,4,S,5,Y,222,X,223,C,2,C,1,Y,1,R,1,X,146,K,1,S,2,C,2,"L1:[sp=K,4] K=1,R=4,S=5,Y=222,X=223,C=2 || L2:[sp=C,1] Y=1,R=1,X=146,K=1,S=2,C=2",-inf,-inf,0,K|C,1
K,4,K,24,R,5,S,5,Y,222,X,223,C,3,C,1,Y,1,R,5,X,1,S,1,K,23,C,2,"L1:[sp=K,4] K=24,R=5,S=5,Y=222,X=223,C=3 || L2:[sp=C,1] Y=1,R=5,X=1,S=1,K=23,C=2",-inf,-inf,0,K|C,1
K,4,K,1,R,7,S,5,Y,222,X,223,C,3,K,1,R,2,Y,1,X,223,S,5,K,1,C,1,"L1:[sp=K,4] K=1,R=7,S=5,Y=222,X=223,C=3 || L2:[sp=K,1] R=2,Y=1,X=223,S=5,K=1,C=1",-inf,-inf,0,K|K,1
X,4,K,1,R,5,S,2,Y,222,X,223,C,2,C,1,K,1,R,1,X,1,S,2,Y,1,C,2,"L1:[sp=X,4] K=1,R=5,S=2,Y=222,X=223,C=2 || L2:[sp=C,1] K=1,R=1,X=1,S=2,Y=1,C=2",-inf,-inf,0,X|C,1
K,4,K,1,R,7,S,5,Y,222,X,223,C,3,K,1,Y,205,R,3,X,1,S,3,K,1,C,2,"L1:[sp=K,4] K=1,R=7,S=5,Y=222,X=223,C=3 || L2:[sp=K,1] Y=205,R=3,X=1,S=3,K=1,C=2",-inf,-inf,0,K|K,1
K,4,K,1,R,7,S,4,C,2,X,27,Y,222,C,1,Y,1,R,2,X,1,S,4,K,1,C,2,"L1:[sp=K,4] K=1,R=7,S=4,C=2,X=27,Y=222 || L2:[sp=C,1] Y=1,R=2,X=1,S=4,K=1,C=2",-inf,-inf,0,K|C,1
K,4,K,1,R,7,S,5,Y,222,X,223,C,3,C,1,Y,1,X,81,K,1,S,3,R,3,C,2,"L1:[sp=K,4] K=1,R=7,S=5,Y=222,X=223,C=3 || L2:[sp=C,1] Y=1,X=81,K=1,S=3,R=3,C=2",-inf,-inf,0,K|C,1
K,4,K,1,R,7,S,5,Y,118,X,223,C,3,C,1,Y,1,R,3,X,182,S,3,K,1,C,2,"L1:[sp=K,4] K=1,R=7,S=5,Y=118,X=223,C=3 || L2:[sp=C,1] Y=1,R=3,X=182,S=3,K=1,C=2",-inf,-inf,0,K|C,1
K,4,X,223,R,7,C,3,Y,222,K,1,S,5,C,1,Y,1,R,2,X,220,C,2,K,1,S,3,"L1:[sp=K,4] X=223,R=7,C=3,Y=222,K=1,S=5 || L2:[sp=C,1] Y=1,R=2,X=220,C=2,K=1,S=3",-inf,-inf,0,K|C,1
K,4,K,1,R,5,S,5,Y,222,X,223,C,3,C,1,Y,130,R,2,X,1,S,3,K,1,C,1,"L1:[sp=K,4] K=1,R=5,S=5,Y=222,X=223,C=3 || L2:[sp=C,1] Y=130,R=2,X=1,S=3,K=1,C=1",-inf,-inf,0,K|C,1
C,4,K,1,X,223,S,5,Y,222,R,7,C,3,K,1,Y,79,K,1,X,1,S,3,R,2,C,1,"L1:[sp=C,4] K=1,X=223,S=5,Y=222,R=7,C=3 || L2:[sp=K,1] Y=79,K=1,X=1,S=3,R=2,C=1",-inf,-inf,0,C|K,1
K,4,K,1,R,5,S,5,Y,222,X,223,C,3,C,1,Y,76,R,2,C,2,S,3,K,1,X,1,"L1:[sp=K,4] K=1,R=5,S=5,Y=222,X=223,C=3 || L2:[sp=C,1] Y=76,R=2,C=2,S=3,K=1,X=1",-inf,-inf,0,K|C,1
K,4,K,1,X,223,S,4,Y,222,R,7,C,3,C,1,Y,131,R,2,X,1,S,4,K,1,C,1,"L1:[sp=K,4] K=1,X=223,S=4,Y=222,R=7,C=3 || L2:[sp=C,1] Y=131,R=2,X=1,S=4,K=1,C=1",-inf,-inf,0,K|C,1
K,4,X,223,R,7,S,5,Y,222,K,1,C,3,C,1,Y,87,R,2,X,1,C,2,K,1,S,5,"L1:[sp=K,4] X=223,R=7,S=5,Y=222,K=1,C=3 || L2:[sp=C,1] Y=87,R=2,X=1,C=2,K=1,S=5",-inf,-inf,0,K|C,1
K,4,K,1,R,7,S,4,Y,222,X,95,C,3,C,1,Y,1,R,2,X,1,S,4,C,2,K,1,"L1:[sp=K,4] K=1,R=7,S=4,Y=222,X=95,C=3 || L2:[sp=C,1] Y=1,R=2,X=1,S=4,C=2,K=1",-inf,-inf,0,K|C,1
K,4,K,1,R,7,S,4,Y,222,X,223,C,3,C,1,R,2,Y,142,X,196,S,4,K,1,C,2,"L1:[sp=K,4] K=1,R=7,S=4,Y=222,X=223,C=3 || L2:[sp=C,1] R=2,Y=142,X=196,S=4,K=1,C=2",-inf,-inf,0,K|C,1
K,4,K,44,R,7,S,5,Y,222,X,223,C,3,K,1,R,2,Y,54,X,1,S,5,K,1,C,1,"L1:[sp=K,4] K=44,R=7,S=5,Y=222,X=223,C=3 || L2:[sp=K,1] R=2,Y=54,X=1,S=5,K=1,C=1",-inf,-inf,0,K|K,1
K,4,K,53,R,7,S,4,Y,222,X,223,C,3,C,1,Y,20,R,2,X,83,S,4,C,1,K,1,"L1:[sp=K,4] K=53,R=7,S=4,Y=222,X=223,C=3 || L2:[sp=C,1] Y=20,R=2,X=83,S=4,C=1,K=1",-inf,-inf,0,K|C,1
K,4,S,5,R,7,K,1,Y,222,X,223,C,3,Y,8,R,2,Y,1,X,98,S,5,C,1,K,1,"L1:[sp=K,4] S=5,R=7,K=1,Y=222,X=223,C=3 || L2:[sp=Y,8] R=2,Y=1,X=98,S=5,C=1,K=1",-inf,-inf,0,K|Y,1
K,4,K,50,R,7,S,5,Y,222,X,223,C,3,K,1,R,2,Y,1,X,1,S,3,K,1,C,1,"L1:[sp=K,4] K=50,R=7,S=5,Y=222,X=223,C=3 || L2:[sp=K,1] R=2,Y=1,X=1,S=3,K=1,C=1",-inf,-inf,0,K|K,1
K,4,K,1,R,7,S,5,Y,222,X,223,C,3,C,1,Y,20,R,2,X,1,S,5,C,2,K,1,"L1:[sp=K,4] K=1,R=7,S=5,Y=222,X=223,C=3 || L2:[sp=C,1] Y=20,R=2,X=1,S=5,C=2,K=1",-inf,-inf,0,K|C,1
K,4,K,39,R,7,S,5,Y,222,X,223,C,3,C,1,Y,20,K,1,X,137,S,5,C,1,R,2,"L1:[sp=K,4] K=39,R=7,S=5,Y=222,X=223,C=3 || L2:[sp=C,1] Y=20,K=1,X=137,S=5,C=1,R=2",-inf,-inf,0,K|C,1
K,4,K,22,R,7,S,5,Y,222,X,223,C,3,C,1,Y,1,R,2,X,1,S,3,C,2,K,16,"L1:[sp=K,4] K=22,R=7,S=5,Y=222,X=223,C=3 || L2:[sp=C,1] Y=1,R=2,X=1,S=3,C=2,K=16",-inf,-inf,0,K|C,1
K,4,K,11,R,7,S,4,Y,222,X,223,C,3,C,1,Y,1,R,2,X,1,S,2,C,2,K,1,"L1:[sp=K,4] K=11,R=7,S=4,Y=222,X=223,C=3 || L2:[sp=C,1] Y=1,R=2,X=1,S=2,C=2,K=1",-inf,-inf,0,K|C,1
K,4,K,1,R,7,S,4,Y,222,X,6,C,3,C,1,Y,1,R,2,X,1,S,4,K,1,C,2,"L1:[sp=K,4] K=1,R=7,S=4,Y=222,X=6,C=3 || L2:[sp=C,1] Y=1,R=2,X=1,S=4,K=1,C=2",-inf,-inf,0,K|C,1
K,4,K,1,R,2,S,4,Y,25,X,223,C,3,C,1,Y,1,R,2,X,210,S,4,C,2,K,1,"L1:[sp=K,4] K=1,R=2,S=4,Y=25,X=223,C=3 || L2:[sp=C,1] Y=1,R=2,X=210,S=4,C=2,K=1",-inf,-inf,0,K|C,1
K,4,K,1,R,7,S,5,Y,222,X,223,C,3,C,1,Y,1,R,2,X,217,C,1,S,3,K,1,"L1:[sp=K,4] K=1,R=7,S=5,Y=222,X=223,C=3 || L2:[sp=C,1] Y=1,R=2,X=217,C=1,S=3,K=1",-inf,-inf,0,K|C,1
K,4,K,1,R,7,S,5,Y,222,X,223,C,3,C,1,Y,30,R,2,X,1,S,3,C,2,K,1,"L1:[sp=K,4] K=1,R=7,S=5,Y=222,X=223,C=3 || L2:[sp=C,1] Y=30,R=2,X=1,S=3,C=2,K=1",-inf,-inf,0,K|C,1
C,4,K,1,S,4,Y,222,R,7,X,206,C,3,K,1,Y,1,C,2,R,2,S,4,K,1,X,130,"L1:[sp=C,4] K=1,S=4,Y=222,R=7,X=206,C=3 || L2:[sp=K,1] Y=1,C=2,R=2,S=4,K=1,X=130",-inf,-inf,0,C|K,1
K,4,K,1,R,7,S,6,Y,222,X,223,C,3,C,1,Y,1,C,2,R,2,S,5,K,1,X,1,"L1:[sp=K,4] K=1,R=7,S=6,Y=222,X=223,C=3 || L2:[sp=C,1] Y=1,C=2,R=2,S=5,K=1,X=1",-inf,-inf,0,K|C,1
K,4,S,5,R,7,K,1,Y,222,X,223,C,3,C,1,Y,1,R,4,X,95,S,3,K,1,C,3,"L1:[sp=K,4] S=5,R=7,K=1,Y=222,X=223,C=3 || L2:[sp=C,1] Y=1,R=4,X=95,S=3,K=1,C=3",-inf,-inf,0,K|C,1
K,4,K,1,R,7,S,5,Y,222,X,223,C,2,C,1,Y,10,R,4,X,1,S,3,K,1,C,2,"L1:[sp=K,4] K=1,R=7,S=5,Y=222,X=223,C=2 || L2:[sp=C,1] Y=10,R=4,X=1,S=3,K=1,C=2",-inf,-inf,0,K|C,1
K,4,Y,76,R,6,S,5,K,1,X,170,C,3,K,1,R,2,Y,1,X,1,S,3,K,1,C,1,"L1:[sp=K,4] Y=76,R=6,S=5,K=1,X=170,C=3 || L2:[sp=K,1] R=2,Y=1,X=1,S=3,K=1,C=1",-inf,-inf,0,K|K,1
K,4,K,1,R,7,S,2,Y,222,X,223,C,3,C,1,Y,1,X,1,R,1,S,2,K,1,C,2,"L1:[sp=K,4] K=1,R=7,S=2,Y=222,X=223,C=3 || L2:[sp=C,1] Y=1,X=1,R=1,S=2,K=1,C=2",-inf,-inf,0,K|C,1
K,4,K,3,X,73,Y,222,S,6,R,7,C,3,C,1,Y,1,R,4,X,1,S,5,K,1,C,3,"L1:[sp=K,4] K=3,X=73,Y=222,S=6,R=7,C=3 || L2:[sp=C,1] Y=1,R=4,X=1,S=5,K=1,C=3",-inf,-inf,0,K|C,1
K,4,K,1,R,7,S,4,Y,189,X,199,C,3,K,1,Y,1,R,2,X,1,S,4,K,1,C,2,"L1:[sp=K,4] K=1,R=7,S=4,Y=189,X=199,C=3 || L2:[sp=K,1] Y=1,R=2,X=1,S=4,K=1,C=2",-inf,-inf,0,K|K,1
K,4,Y,222,S,4,K,1,R,7,X,223,C,3,C,1,Y,105,C,2,R,4,S,1,K,1,X,1,"L1:[sp=K,4] Y=222,S=4,K=1,R=7,X=223,C=3 || L2:[sp=C,1] Y=105,C=2,R=4,S=1,K=1,X=1",-inf,-inf,0,K|C,1
K,4,K,3,X,223,Y,222,S,4,R,5,C,3,K,3,Y,70,R,4,X,1,S,4,K,1,C,3,"L1:[sp=K,4] K=3,X=223,Y=222,S=4,R=5,C=3 || L2:[sp=K,3] Y=70,R=4,X=1,S=4,K=1,C=3",-inf,-inf,0,K|K,1
K,4,K,1,S,5,Y,222,R,7,X,223,C,3,X,2,Y,1,C,3,R,4,S,3,K,1,X,214,"L1:[sp=K,4] K=1,S=5,Y=222,R=7,X=223,C=3 || L2:[sp=X,2] Y=1,C=3,R=4,S=3,K=1,X=214",-inf,-inf,0,K|X,1
K,4,K,1,S,4,X,223,R,4,C,3,Y,156,C,1,Y,1,C,2,R,4,S,4,K,1,X,1,"L1:[sp=K,4] K=1,S=4,X=223,R=4,C=3,Y=156 || L2:[sp=C,1] Y=1,C=2,R=4,S=4,K=1,X=1",-inf,-inf,0,K|C,1
K,4,Y,222,S,5,K,1,R,7,X,37,C,2,Y,4,Y,1,C,2,R,4,S,3,K,1,X,1,"L1:[sp=K,4] Y=222,S=5,K=1,R=7,X=37,C=2 || L2:[sp=Y,4] Y=1,C=2,R=4,S=3,K=1,X=1",-inf,-inf,0,K|Y,1
C,4,K,1,S,4,Y,222,R,7,X,223,C,2,K,1,Y,1,C,1,R,4,S,4,K,1,X,1,"L1:[sp=C,4] K=1,S=4,Y=222,R=7,X=223,C=2 || L2:[sp=K,1] Y=1,C=1,R=4,S=4,K=1,X=1",-inf,-inf,0,C|K,1
C,4,K,20,X,223,S,4,Y,222,R,4,C,3,Y,1,Y,1,K,1,X,1,C,2,R,4,S,4,"L1:[sp=C,4] K=20,X=223,S=4,Y=222,R=4,C=3 || L2:[sp=Y,1] Y=1,K=1,X=1,C=2,R=4,S=4",-inf,-inf,0,C|Y,1
K,4,K,1,X,223,S,5,Y,222,R,7,C,3,C,1,Y,1,K,1,X,183,C,2,R,4,S,5,"L1:[sp=K,4] K=1,X=223,S=5,Y=222,R=7,C=3 || L2:[sp=C,1] Y=1,K=1,X=183,C=2,R=4,S=5",-inf,-inf,0,K|C,1
K,4,X,223,R,7,S,4,Y,222,K,1,C,3,C,1,Y,1,R,4,X,1,S,4,K,1,C,2,"L1:[sp=K,4] X=223,R=7,S=4,Y=222,K=1,C=3 || L2:[sp=C,1] Y=1,R=4,X=1,S=4,K=1,C=2",-inf,-inf,0,K|C,1
Y,4,K,1,S,4,Y,222,R,4,X,223,C,3,C,1,Y,111,C,2,R,4,S,4,K,1,X,1,"L1:[sp=Y,4] K=1,S=4,Y=222,R=4,X=223,C=3 || L2:[sp=C,1] Y=111,C=2,R=4,S=4,K=1,X=1",-inf,-inf,0,Y|C,1
K,4,K,31,S,4,Y,173,R,7,X,223,C,2,C,1,Y,1,C,1,R,4,S,4,K,6,X,1,"L1:[sp=K,4] K=31,S=4,Y=173,R=7,X=223,C=2 || L2:[sp=C,1] Y=1,C=1,R=4,S=4,K=6,X=1",-inf,-inf,0,K|C,1
K,4,K,1,R,2,C,3,Y,222,X,223,S,4,C,1,Y,1,K,1,X,1,C,2,R,2,S,4,"L1:[sp=K,4] K=1,R=2,C=3,Y=222,X=223,S=4 || L2:[sp=C,1] Y=1,K=1,X=1,C=2,R=2,S=4",-inf,-inf,0,K|C,1
K,4,Y,222,S,4,K,1,R,4,X,223,C,3,Y,4,Y,168,C,2,R,4,S,4,K,1,X,1,"L1:[sp=K,4] Y=222,S=4,K=1,R=4,X=223,C=3 || L2:[sp=Y,4] Y=168,C=2,R=4,S=4,K=1,X=1",-inf,-inf,0,K|Y,1
K,4,C,3,S,2,K,1,R,7,X,223,Y,222,C,1,Y,1,C,2,K,1,S,2,R,4,X,1,"L1:[sp=K,4] C=3,S=2,K=1,R=7,X=223,Y=222 || L2:[sp=C,1] Y=1,C=2,K=1,S=2,R=4,X=1",-inf,-inf,0,K|C,1
C,4,C,2,S,4,K,1,R,4,X,223,Y,222,C,1,Y,72,C,2,K,1,S,4,R,4,X,1,"L1:[sp=C,4] C=2,S=4,K=1,R=4,X=223,Y=222 || L2:[sp=C,1] Y=72,C=2,K=1,S=4,R=4,X=1",-inf,-inf,0,C|C,1
K,4,Y,222,S,4,K,1,X,196,R,7,C,3,Y,4,Y,9,C,2,R,4,S,1,K,1,X,1,"L1:[sp=K,4] Y=222,S=4,K=1,X=196,R=7,C=3 || L2:[sp=Y,4] Y=9,C=2,R=4,S=1,K=1,X=1",-inf,-inf,0,K|Y,1
K,4,Y,222,S,4,K,1,X,223,R,4,C,2,K,1,Y,9,C,2,R,2,S,4,K,1,X,1,"L1:[sp=K,4] Y=222,S=4,K=1,X=223,R=4,C=2 || L2:[sp=K,1] Y=9,C=2,R=2,S=4,K=1,X=1",-inf,-inf,0,K|K,1
K,4,Y,222,X,223,K,1,R,7,S,4,C,1,Y,4,Y,1,C,1,R,4,S,1,K,1,X,129,"L1:[sp=K,4] Y=222,X=223,K=1,R=7,S=4,C=1 || L2:[sp=Y,4] Y=1,C=1,R=4,S=1,K=1,X=129",-inf,-inf,0,K|Y,1
K,4,K,1,S,4,Y,222,R,7,X,223,C,1,C,1,Y,17,C,1,R,4,S,1,K,1,X,146,"L1:[sp=K,4] K=1,S=4,Y=222,R=7,X=223,C=1 || L2:[sp=C,1] Y=17,C=1,R=4,S=1,K=1,X=146",-inf,-inf,0,K|C,1
K,4,K,1,S,4,Y,184,R,7,X,223,C,1,C,1,X,32,C,1,R,4,S,1,K,1,Y,17,"L1:[sp=K,4] K=1,S=4,Y=184,R=7,X=223,C=1 || L2:[sp=C,1] X=32,C=1,R=4,S=1,K=1,Y=17",-inf,-inf,0,K|C,1
K,4,C,3,S,5,K,1,R,7,X,223,Y,222,C,1,Y,1,C,2,K,1,S,5,R,4,X,217,"L1:[sp=K,4] C=3,S=5,K=1,R=7,X=223,Y=222 || L2:[sp=C,1] Y=1,C=2,K=1,S=5,R=4,X=217",-inf,-inf,0,K|C,1
K,4,C,3,S,5,K,1,R,7,X,223,Y,219,C,1,Y,1,C,2,K,1,S,5,R,2,X,1,"L1:[sp=K,4] C=3,S=5,K=1,R=7,X=223,Y=219 || L2:[sp=C,1] Y=1,C=2,K=1,S=5,R=2,X=1",-inf,-inf,0,K|C,1
K,4,C,3,S,4,K,1,R,7,X,185,Y,222,C,1,Y,1,C,2,K,1,S,4,R,4,X,1,"L1:[sp=K,4] C=3,S=4,K=1,R=7,X=185,Y=222 || L2:[sp=C,1] Y=1,C=2,K=1,S=4,R=4,X=1",-inf,-inf,0,K|C,1
K,4,Y,222,S,4,K,1,X,223,R,7,C,3,K,1,Y,1,C,2,R,4,S,4,K,1,X,1,"L1:[sp=K,4] Y=222,S=4,K=1,X=223,R=7,C=3 || L2:[sp=K,1] Y=1,C=2,R=4,S=4,K=1,X=1",-inf,-inf,0,K|K,1
K,4,C,3,S,5,K,1,R,7,X,223,Y,222,C,1,Y,9,C,2,K,1,S,5,R,4,X,1,"L1:[sp=K,4] C=3,S=5,K=1,R=7,X=223,Y=222 || L2:[sp=C,1] Y=9,C=2,K=1,S=5,R=4,X=1",-inf,-inf,0,K|C,1
X,4,Y,222,S,5,K,1,R,7,X,223,C,3,Y,4,Y,1,C,2,R,4,S,5,K,1,X,1,"L1:[sp=X,4] Y=222,S=5,K=1,R=7,X=223,C=3 || L2:[sp=Y,4] Y=1,C=2,R=4,S=5,K=1,X=1",-inf,-inf,0,X|Y,1
K,4,Y,222,S,5,K,1,R,7,C,3,X,223,X,21,Y,1,C,2,R,4,S,5,K,1,X,32,"L1:[sp=K,4] Y=222,S=5,K=1,R=7,C=3,X=223 || L2:[sp=X,21] Y=1,C=2,R=4,S=5,K=1,X=32",-inf,-inf,0,K|X,1
Y,4,Y,222,S,5,K,1,R,7,X,223,C,3,K,4,Y,1,C,2,R,4,S,5,K,1,X,159,"L1:[sp=Y,4] Y=222,S=5,K=1,R=7,X=223,C=3 || L2:[sp=K,4] Y=1,C=2,R=4,S=5,K=1,X=159",-inf,-inf,0,Y|K,1
K,4,K,1,S,4,Y,147,R,7,X,223,C,1,C,1,Y,17,C,1,R,4,S,1,K,1,X,1,"L1:[sp=K,4] K=1,S=4,Y=147,R=7,X=223,C=1 || L2:[sp=C,1] Y=17,C=1,R=4,S=1,K=1,X=1",-inf,-inf,0,K|C,1
K,4,K,1,S,4,Y,222,R,7,X,223,C,1,C,1,Y,176,C,1,R,4,S,1,K,1,X,1,"L1:[sp=K,4] K=1,S=4,Y=222,R=7,X=223,C=1 || L2:[sp=C,1] Y=176,C=1,R=4,S=1,K=1,X=1",-inf,-inf,0,K|C,1
K,4,K,1,S,4,Y,222,R,4,X,223,C,2,C,1,Y,1,C,1,R,4,S,4,K,1,X,104,"L1:[sp=K,4] K=1,S=4,Y=222,R=4,X=223,C=2 || L2:[sp=C,1] Y=1,C=1,R=4,S=4,K=1,X=104",-inf,-inf,0,K|C,1
K,4,K,1,S,4,Y,222,R,4,X,223,C,2,C,1,K,1,C,2,R,4,S,4,Y,1,X,1,"L1:[sp=K,4] K=1,S=4,Y=222,R=4,X=223,C=2 || L2:[sp=C,1] K=1,C=2,R=4,S=4,Y=1,X=1",-inf,-inf,0,K|C,1
K,4,K,1,S,4,Y,222,R,4,X,223,C,2,C,1,Y,56,C,2,R,4,S,4,K,1,X,1,"L1:[sp=K,4] K=1,S=4,Y=222,R=4,X=223,C=2 || L2:[sp=C,1] Y=56,C=2,R=4,S=4,K=1,X=1",-inf,-inf,0,K|C,1
Y,4,Y,222,R,7,K,1,S,4,X,223,C,1,X,4,Y,222,C,1,R,3,S,1,K,1,X,1,"L1:[sp=Y,4] Y=222,R=7,K=1,S=4,X=223,C=1 || L2:[sp=X,4] Y=222,C=1,R=3,S=1,K=1,X=1",-inf,-inf,0,Y|X,1
K,4,K,1,S,4,Y,222,R,4,X,223,C,2,C,1,Y,11,C,2,R,4,S,3,K,1,X,1,"L1:[sp=K,4] K=1,S=4,Y=222,R=4,X=223,C=2 || L2:[sp=C,1] Y=11,C=2,R=4,S=3,K=1,X=1",-inf,-inf,0,K|C,1
K,4,K,1,C,2,Y,205,R,4,X,223,S,2,C,1,Y,1,C,1,R,4,S,2,K,1,X,1,"L1:[sp=K,4] K=1,C=2,Y=205,R=4,X=223,S=2 || L2:[sp=C,1] Y=1,C=1,R=4,S=2,K=1,X=1",-inf,-inf,0,K|C,1
K,4,S,4,K,46,Y,222,R,1,X,223,C,2,C,46,Y,1,C,1,R,1,S,4,K,1,X,1,"L1:[sp=K,4] S=4,K=46,Y=222,R=1,X=223,C=2 || L2:[sp=C,46] Y=1,C=1,R=1,S=4,K=1,X=1",-inf,-inf,0,K|C,1
K,4,K,1,S,4,Y,222,R,4,X,197,C,2,C,1,Y,1,C,1,R,4,S,4,K,1,X,1,"L1:[sp=K,4] K=1,S=4,Y=222,R=4,X=197,C=2 || L2:[sp=C,1] Y=1,C=1,R=4,S=4,K=1,X=1",-inf,-inf,0,K|C,1
K,4,K,46,S,4,Y,222,R,4,X,223,C,2,C,46,Y,1,C,1,R,4,S,4,K,1,X,1,"L1:[sp=K,4] K=46,S=4,Y=222,R=4,X=223,C=2 || L2:[sp=C,46] Y=1,C=1,R=4,S=4,K=1,X=1",-inf,-inf,0,K|C,1
C,4,K,46,S,4,Y,222,R,7,X,223,C,1,K,46,Y,3,C,1,R,4,S,1,K,14,X,156,"L1:[sp=C,4] K=46,S=4,Y=222,R=7,X=223,C=1 || L2:[sp=K,46] Y=3,C=1,R=4,S=1,K=14,X=156",-inf,-inf,0,C|K,1
K,4,K,46,S,5,Y,222,R,7,X,223,C,3,Y,46,Y,1,C,1,R,4,S,5,K,1,X,1,"L1:[sp=K,4] K=46,S=5,Y=222,R=7,X=223,C=3 || L2:[sp=Y,46] Y=1,C=1,R=4,S=5,K=1,X=1",-inf,-inf,0,K|Y,1
K,4,Y,222,S,1,R,2,K,53,X,223,C,1,C,1,Y,1,C,1,R,2,S,1,K,1,X,1,"L1:[sp=K,4] Y=222,S=1,R=2,K=53,X=223,C=1 || L2:[sp=C,1] Y=1,C=1,R=2,S=1,K=1,X=1",-inf,-inf,0,K|C,1
Y,4,K,1,S,5,Y,222,C,3,X,223,R,4,K,4,Y,1,C,1,R,3,S,5,K,1,X,98,"L1:[sp=Y,4] K=1,S=5,Y=222,C=3,X=223,R=4 || L2:[sp=K,4] Y=1,C=1,R=3,S=5,K=1,X=98",-inf,-inf,0,Y|K,1
K,4,Y,222,S,4,X,223,R,4,K,1,C,1,K,1,Y,1,C,1,R,4,S,4,K,1,X,97,"L1:[sp=K,4] Y=222,S=4,X=223,R=4,K=1,C=1 || L2:[sp=K,1] Y=1,C=1,R=4,S=4,K=1,X=97",-inf,-inf,0,K|K,1
K,4,R,2,S,4,Y,222,K,1,X,223,C,1,X,7,Y,1,C,1,R,2,S,3,K,1,X,1,"L1:[sp=K,4] R=2,S=4,Y=222,K=1,X=223,C=1 || L2:[sp=X,7] Y=1,C=1,R=2,S=3,K=1,X=1",-inf,-inf,0,K|X,1
K,4,Y,222,S,5,K,11,C,1,X,137,R,7,Y,4,Y,1,S,5,R,4,C,1,K,1,X,97,"L1:[sp=K,4] Y=222,S=5,K=11,C=1,X=137,R=7 || L2:[sp=Y,4] Y=1,S=5,R=4,C=1,K=1,X=97",-inf,-inf,0,K|Y,1
C,4,K,46,S,4,Y,222,R,4,X,27,C,2,K,46,Y,1,C,1,R,4,S,4,K,1,X,10,"L1:[sp=C,4] K=46,S=4,Y=222,R=4,X=27,C=2 || L2:[sp=K,46] Y=1,C=1,R=4,S=4,K=1,X=10",-inf,-inf,0,C|K,1
Y,4,Y,222,S,5,X,223,R,5,K,1,C,3,C,3,Y,1,C,1,R,3,S,5,K,1,X,183,"L1:[sp=Y,4] Y=222,S=5,X=223,R=5,K=1,C=3 || L2:[sp=C,3] Y=1,C=1,R=3,S=5,K=1,X=183",-inf,-inf,0,Y|C,1
K,4,Y,222,S,4,R,2,K,22,X,223,C,1,Y,4,Y,1,C,1,R,2,S,4,K,1,X,1,"L1:[sp=K,4] Y=222,S=4,R=2,K=22,X=223,C=1 || L2:[sp=Y,4] Y=1,C=1,R=2,S=4,K=1,X=1",-inf,-inf,0,K|Y,1
C,4,K,46,S,5,Y,222,R,7,X,120,C,2,K,46,Y,1,C,1,R,4,S,5,K,1,X,1,"L1:[sp=C,4] K=46,S=5,Y=222,R=7,X=120,C=2 || L2:[sp=K,46] Y=1,C=1,R=4,S=5,K=1,X=1",-inf,-inf,0,C|K,1
K,4,Y,222,S,4,K,1,R,4,X,66,C,1,Y,4,Y,84,C,1,R,2,S,4,K,1,X,16,"L1:[sp=K,4] Y=222,S=4,K=1,R=4,X=66,C=1 || L2:[sp=Y,4] Y=84,C=1,R=2,S=4,K=1,X=16",-inf,-inf,0,K|Y,1
X,4,R,7,S,4,Y,86,K,53,X,223,C,1,C,1,Y,1,C,1,R,7,S,4,K,1,X,1,"L1:[sp=X,4] R=7,S=4,Y=86,K=53,X=223,C=1 || L2:[sp=C,1] Y=1,C=1,R=7,S=4,K=1,X=1",-inf,-inf,0,X|C,1
K,4,Y,222,S,4,K,1,R,4,X,223,C,1,Y,4,Y,1,K,1,R,2,S,4,C,1,X,164,"L1:[sp=K,4] Y=222,S=4,K=1,R=4,X=223,C=1 || L2:[sp=Y,4] Y=1,K=1,R=2,S=4,C=1,X=164",-inf,-inf,0,K|Y,1
K,4,Y,222,S,4,K,1,R,4,X,55,C,1,Y,4,Y,99,C,1,R,2,S,4,K,1,X,1,"L1:[sp=K,4] Y=222,S=4,K=1,R=4,X=55,C=1 || L2:[sp=Y,4] Y=99,C=1,R=2,S=4,K=1,X=1",-inf,-inf,0,K|Y,1
K,4,R,7,S,5,Y,222,K,53,X,223,C,1,C,1,Y,1,C,1,R,4,S,5,K,1,X,108,"L1:[sp=K,4] R=7,S=5,Y=222,K=53,X=223,C=1 || L2:[sp=C,1] Y=1,C=1,R=4,S=5,K=1,X=108",-inf,-inf,0,K|C,1
K,4,Y,222,S,4,K,44,R,2,X,223,C,1,Y,4,Y,1,C,1,R,2,S,4,K,1,X,1,"L1:[sp=K,4] Y=222,S=4,K=44,R=2,X=223,C=1 || L2:[sp=Y,4] Y=1,C=1,R=2,S=4,K=1,X=1",-inf,-inf,0,K|Y,1
K,4,R,5,S,4,Y,222,K,30,X,163,C,1,C,1,Y,1,R,2,C,1,S,4,K,1,X,163,"L1:[sp=K,4] R=5,S=4,Y=222,K=30,X=163,C=1 || L2:[sp=C,1] Y=1,R=2,C=1,S=4,K=1,X=163",-inf,-inf,0,K|C,1
K,4,R,7,S,7,Y,222,K,1,X,223,C,1,X,7,S,4,C,1,R,2,K,1,X,1,Y,1,"L1:[sp=K,4] R=7,S=7,Y=222,K=1,X=223,C=1 || L2:[sp=X,7] S=4,C=1,R=2,K=1,X=1,Y=1",-inf,-inf,0,K|X,1
K,4,Y,222,S,4,X,210,R,7,K,1,C,3,K,1,S,1,C,1,R,5,Y,1,K,1,X,1,"L1:[sp=K,4] Y=222,S=4,X=210,R=7,K=1,C=3 || L2:[sp=K,1] S=1,C=1,R=5,Y=1,K=1,X=1",-inf,-inf,0,K|K,1
K,4,R,4,S,4,Y,222,K,1,X,223,C,2,X,7,S,4,C,1,R,4,K,1,X,133,Y,1,"L1:[sp=K,4] R=4,S=4,Y=222,K=1,X=223,C=2 || L2:[sp=X,7] S=4,C=1,R=4,K=1,X=133,Y=1",-inf,-inf,0,K|X,1
K,4,R,7,S,4,X,223,Y,222,K,4,C,1,K,1,Y,1,C,1,K,1,S,1,R,4,X,126,"L1:[sp=K,4] R=7,S=4,X=223,Y=222,K=4,C=1 || L2:[sp=K,1] Y=1,C=1,K=1,S=1,R=4,X=126",-inf,-inf,0,K|K,1
K,4,R,5,X,223,Y,222,K,30,S,4,C,1,C,1,Y,1,R,2,C,1,S,4,K,1,X,56,"L1:[sp=K,4] R=5,X=223,Y=222,K=30,S=4,C=1 || L2:[sp=C,1] Y=1,R=2,C=1,S=4,K=1,X=56",-inf,-inf,0,K|C,1
K,4,Y,186,S,4,X,223,K,1,R,7,C,1,K,1,Y,1,C,1,R,4,S,1,K,1,X,1,"L1:[sp=K,4] Y=186,S=4,X=223,K=1,R=7,C=1 || L2:[sp=K,1] Y=1,C=1,R=4,S=1,K=1,X=1",-inf,-inf,0,K|K,1
K,4,R,7,S,4,Y,222,K,1,X,223,C,1,X,7,S,1,C,1,R,4,K,1,X,1,Y,1,"L1:[sp=K,4] R=7,S=4,Y=222,K=1,X=223,C=1 || L2:[sp=X,7] S=1,C=1,R=4,K=1,X=1,Y=1",-inf,-inf,0,K|X,1
K,4,Y,222,S,1,X,162,R,7,K,1,C,1,K,1,Y,1,C,1,R,2,S,1,K,1,X,1,"L1:[sp=K,4] Y=222,S=1,X=162,R=7,K=1,C=1 || L2:[sp=K,1] Y=1,C=1,R=2,S=1,K=1,X=1",-inf,-inf,0,K|K,1
K,4,Y,222,S,4,X,223,R,6,K,1,C,1,K,1,C,1,Y,207,R,4,S,3,K,1,X,1,"L1:[sp=K,4] Y=222,S=4,X=223,R=6,K=1,C=1 || L2:[sp=K,1] C=1,Y=207,R=4,S=3,K=1,X=1",-inf,-inf,0,K|K,1
K,4,Y,222,S,4,K,1,R,7,X,223,C,1,K,1,C,1,Y,1,R,2,S,4,K,1,X,1,"L1:[sp=K,4] Y=222,S=4,K=1,R=7,X=223,C=1 || L2:[sp=K,1] C=1,Y=1,R=2,S=4,K=1,X=1",-inf,-inf,0,K|K,1
K,4,Y,222,S,4,X,30,R,7,K,45,C,3,K,1,Y,1,C,1,R,7,S,4,K,1,X,1,"L1:[sp=K,4] Y=222,S=4,X=30,R=7,K=45,C=3 || L2:[sp=K,1] Y=1,C=1,R=7,S=4,K=1,X=1",-inf,-inf,0,K|K,1
K,4,Y,222,S,4,X,223,R,4,K,1,C,3,K,1,Y,146,C,1,R,2,S,3,K,1,X,1,"L1:[sp=K,4] Y=222,S=4,X=223,R=4,K=1,C=3 || L2:[sp=K,1] Y=146,C=1,R=2,S=3,K=1,X=1",-inf,-inf,0,K|K,1
K,4,C,1,S,4,X,223,R,7,K,13,Y,222,K,1,Y,1,C,1,R,7,S,4,K,1,X,134,"L1:[sp=K,4] C=1,S=4,X=223,R=7,K=13,Y=222 || L2:[sp=K,1] Y=1,C=1,R=7,S=4,K=1,X=134",-inf,-inf,0,K|K,1
K,4,Y,222,X,223,S,6,R,4,K,1,C,1,Y,24,Y,46,C,1,R,4,S,4,K,1,X,1,"L1:[sp=K,4] Y=222,X=223,S=6,R=4,K=1,C=1 || L2:[sp=Y,24] Y=46,C=1,R=4,S=4,K=1,X=1",-inf,-inf,0,K|Y,1
K,4,Y,58,S,4,X,223,C,1,K,1,R,4,K,1,X,1,C,1,R,4,S,3,K,1,Y,1,"L1:[sp=K,4] Y=58,S=4,X=223,C=1,K=1,R=4 || L2:[sp=K,1] X=1,C=1,R=4,S=3,K=1,Y=1",-inf,-inf,0,K|K,1
K,4,Y,199,S,4,X,223,R,4,K,1,C,3,K,1,C,1,Y,1,R,4,S,3,K,1,X,1,"L1:[sp=K,4] Y=199,S=4,X=223,R=4,K=1,C=3 || L2:[sp=K,1] C=1,Y=1,R=4,S=3,K=1,X=1",-inf,-inf,0,K|K,1
K,4,Y,222,S,4,X,223,R,1,K,63,C,1,K,1,X,1,C,1,R,1,S,1,K,1,Y,1,"L1:[sp=K,4] Y=222,S=4,X=223,R=1,K=63,C=1 || L2:[sp=K,1] X=1,C=1,R=1,S=1,K=1,Y=1",-inf,-inf,0,K|K,1
K,4,Y,222,S,4,X,223,R,4,K,1,C,1,K,1,X,1,C,1,R,4,S,2,K,1,Y,214,"L1:[sp=K,4] Y=222,S=4,X=223,R=4,K=1,C=1 || L2:[sp=K,1] X=1,C=1,R=4,S=2,K=1,Y=214",-inf,-inf,0,K|K,1
K,4,Y,222,X,223,S,4,R,4,K,1,C,3,C,1,C,1,Y,132,R,4,S,1,K,1,X,1,"L1:[sp=K,4] Y=222,X=223,S=4,R=4,K=1,C=3 || L2:[sp=C,1] C=1,Y=132,R=4,S=1,K=1,X=1",-inf,-inf,0,K|C,1
K,4,Y,203,S,4,X,223,R,7,K,1,C,3,C,3,Y,1,C,1,X,1,S,4,K,1,R,7,"L1:[sp=K,4] Y=203,S=4,X=223,R=7,K=1,C=3 || L2:[sp=C,3] Y=1,C=1,X=1,S=4,K=1,R=7",-inf,-inf,0,K|C,1
K,4,Y,222,C,3,X,223,S,2,K,1,R,7,K,1,C,1,R,2,Y,105,S,1,K,1,X,1,"L1:[sp=K,4] Y=222,C=3,X=223,S=2,K=1,R=7 || L2:[sp=K,1] C=1,R=2,Y=105,S=1,K=1,X=1",-inf,-inf,0,K|K,1
K,4,Y,222,S,4,X,223,R,7,K,1,C,3,K,1,C,1,Y,171,S,4,R,7,K,1,X,112,"L1:[sp=K,4] Y=222,S=4,X=223,R=7,K=1,C=3 || L2:[sp=K,1] C=1,Y=171,S=4,R=7,K=1,X=112",-inf,-inf,0,K|K,1
K,4,R,3,S,4,K,1,Y,222,X,223,C,1,X,7,S,2,C,1,R,2,K,1,X,1,Y,1,"L1:[sp=K,4] R=3,S=4,K=1,Y=222,X=223,C=1 || L2:[sp=X,7] S=2,C=1,R=2,K=1,X=1,Y=1",-inf,-inf,0,K|X,1
K,4,R,4,S,4,K,1,Y,222,X,223,C,2,X,7,K,1,C,1,R,2,S,1,X,214,Y,1,"L1:[sp=K,4] R=4,S=4,K=1,Y=222,X=223,C=2 || L2:[sp=X,7] K=1,C=1,R=2,S=1,X=214,Y=1",-inf,-inf,0,K|X,1
C,4,Y,222,S,4,X,223,R,4,K,1,C,1,K,1,X,96,C,1,R,3,S,3,K,1,Y,1,"L1:[sp=C,4] Y=222,S=4,X=223,R=4,K=1,C=1 || L2:[sp=K,1] X=96,C=1,R=3,S=3,K=1,Y=1",-inf,-inf,0,C|K,1
K,4,Y,222,S,4,K,1,R,7,X,223,C,3,K,1,Y,1,C,1,R,7,S,3,K,1,X,1,"L1:[sp=K,4] Y=222,S=4,K=1,R=7,X=223,C=3 || L2:[sp=K,1] Y=1,C=1,R=7,S=3,K=1,X=1",-inf,-inf,0,K|K,1
K,4,Y,222,S,7,X,144,R,7,K,1,C,3,C,3,Y,1,C,1,R,7,S,4,K,1,X,1,"L1:[sp=K,4] Y=222,S=7,X=144,R=7,K=1,C=3 || L2:[sp=C,3] Y=1,C=1,R=7,S=4,K=1,X=1",-inf,-inf,0,K|C,1
K,4,Y,222,K,1,X,223,R,4,S,4,C,1,K,1,X,1,C,1,R,2,S,2,K,1,Y,194,"L1:[sp=K,4] Y=222,K=1,X=223,R=4,S=4,C=1 || L2:[sp=K,1] X=1,C=1,R=2,S=2,K=1,Y=194",-inf,-inf,0,K|K,1
K,4,Y,147,K,1,R,4,X,223,S,4,C,2,K,1,X,1,C,1,R,4,S,4,K,1,Y,1,"L1:[sp=K,4] Y=147,K=1,R=4,X=223,S=4,C=2 || L2:[sp=K,1] X=1,C=1,R=4,S=4,K=1,Y=1",-inf,-inf,0,K|K,1
K,4,S,7,K,1,X,223,R,4,C,1,Y,222,K,1,X,1,C,1,R,4,S,3,K,1,Y,221,"L1:[sp=K,4] S=7,K=1,X=223,R=4,C=1,Y=222 || L2:[sp=K,1] X=1,C=1,R=4,S=3,K=1,Y=221",-inf,-inf,0,K|K,1
Y,4,Y,222,S,4,X,223,R,4,K,1,C,3,C,3,Y,1,C,1,R,4,S,3,K,1,X,1,"L1:[sp=Y,4] Y=222,S=4,X=223,R=4,K=1,C=3 || L2:[sp=C,3] Y=1,C=1,R=4,S=3,K=1,X=1",-inf,-inf,0,Y|C,1
K,4,Y,222,K,1,X,223,R,7,S,4,C,2,K,1,X,1,C,1,R,7,S,4,Y,1,K,1,"L1:[sp=K,4] Y=222,K=1,X=223,R=7,S=4,C=2 || L2:[sp=K,1] X=1,C=1,R=7,S=4,Y=1,K=1",-inf,-inf,0,K|K,1
K,4,R,4,S,4,K,62,Y,222,X,223,C,1,K,62,S,4,C,1,R,2,K,1,X,1,Y,206,"L1:[sp=K,4] R=4,S=4,K=62,Y=222,X=223,C=1 || L2:[sp=K,62] S=4,C=1,R=2,K=1,X=1,Y=206",-inf,-inf,0,K|K,1
K,4,Y,157,S,4,X,223,R,4,K,1,C,2,K,1,X,1,Y,1,R,4,S,3,K,1,C,1,"L1:[sp=K,4] Y=157,S=4,X=223,R=4,K=1,C=2 || L2:[sp=K,1] X=1,Y=1,R=4,S=3,K=1,C=1",-inf,-inf,0,K|K,1
K,4,S,7,K,1,X,223,R,4,C,1,Y,222,K,1,X,1,C,1,R,4,S,3,K,1,Y,105,"L1:[sp=K,4] S=7,K=1,X=223,R=4,C=1,Y=222 || L2:[sp=K,1] X=1,C=1,R=4,S=3,K=1,Y=105",-inf,-inf,0,K|K,1
K,4,Y,222,K,1,X,223,R,4,S,4,C,2,K,1,X,217,C,1,R,4,S,3,K,1,Y,1,"L1:[sp=K,4] Y=222,K=1,X=223,R=4,S=4,C=2 || L2:[sp=K,1] X=217,C=1,R=4,S=3,K=1,Y=1",-inf,-inf,0,K|K,1
K,4,S,7,K,36,X,223,R,4,C,3,Y,222,K,1,X,1,C,1,R,4,S,3,K,1,Y,1,"L1:[sp=K,4] S=7,K=36,X=223,R=4,C=3,Y=222 || L2:[sp=K,1] X=1,C=1,R=4,S=3,K=1,Y=1",-inf,-inf,0,K|K,1
K,4,S,2,K,1,X,223,R,4,C,1,Y,222,K,1,X,1,C,1,R,4,S,2,K,1,Y,1,"L1:[sp=K,4] S=2,K=1,X=223,R=4,C=1,Y=222 || L2:[sp=K,1] X=1,C=1,R=4,S=2,K=1,Y=1",-inf,-inf,0,K|K,1
K,4,Y,224,S,4,X,223,R,7,K,1,C,1,K,1,X,1,K,1,R,1,S,2,C,1,Y,1,"L1:[sp=K,4] Y=224,S=4,X=223,R=7,K=1,C=1 || L2:[sp=K,1] X=1,K=1,R=1,S=2,C=1,Y=1",-inf,-inf,0,K|K,1
K,4,Y,222,S,4,X,223,R,7,K,1,C,3,C,3,Y,192,C,1,R,7,S,4,K,1,X,123,"L1:[sp=K,4] Y=222,S=4,X=223,R=7,K=1,C=3 || L2:[sp=C,3] Y=192,C=1,R=7,S=4,K=1,X=123",-inf,-inf,0,K|C,1
K,4,Y,222,S,4,X,223,R,7,K,1,C,1,K,1,X,78,K,1,C,1,S,4,R,7,Y,1,"L1:[sp=K,4] Y=222,S=4,X=223,R=7,K=1,C=1 || L2:[sp=K,1] X=78,K=1,C=1,S=4,R=7,Y=1",-inf,-inf,0,K|K,1
K,4,S,7,Y,222,X,223,R,4,K,1,C,1,C,1,Y,1,C,1,R,4,S,3,K,1,X,157,"L1:[sp=K,4] S=7,Y=222,X=223,R=4,K=1,C=1 || L2:[sp=C,1] Y=1,C=1,R=4,S=3,K=1,X=157",-inf,-inf,0,K|C,1
C,4,Y,224,S,2,X,223,R,7,K,1,C,3,K,3,Y,1,C,3,R,7,S,2,K,1,X,1,"L1:[sp=C,4] Y=224,S=2,X=223,R=7,K=1,C=3 || L2:[sp=K,3] Y=1,C=3,R=7,S=2,K=1,X=1",-inf,-inf,0,C|K,1
K,4,R,4,Y,127,X,100,S,7,C,2,K,1,X,2,Y,1,C,1,R,4,S,3,K,1,X,1,"L1:[sp=K,4] R=4,Y=127,X=100,S=7,C=2,K=1 || L2:[sp=X,2] Y=1,C=1,R=4,S=3,K=1,X=1",-inf,-inf,0,K|X,1
K,4,Y,222,S,2,X,223,R,7,K,1,C,1,K,1,X,1,K,1,R,7,S,2,C,1,Y,1,"L1:[sp=K,4] Y=222,S=2,X=223,R=7,K=1,C=1 || L2:[sp=K,1] X=1,K=1,R=7,S=2,C=1,Y=1",-inf,-inf,0,K|K,1
K,4,R,7,Y,224,X,223,S,4,K,1,C,3,K,1,Y,31,C,1,R,7,S,4,K,1,X,1,"L1:[sp=K,4] R=7,Y=224,X=223,S=4,K=1,C=3 || L2:[sp=K,1] Y=31,C=1,R=7,S=4,K=1,X=1",-inf,-inf,0,K|K,1
K,4,Y,222,S,4,X,223,R,7,K,1,C,2,K,1,X,1,K,1,R,7,S,4,C,1,Y,1,"L1:[sp=K,4] Y=222,S=4,X=223,R=7,K=1,C=2 || L2:[sp=K,1] X=1,K=1,R=7,S=4,C=1,Y=1",-inf,-inf,0,K|K,1
K,4,Y,61,R,4,X,223,S,4,K,28,C,3,K,1,C,1,Y,2,R,2,S,3,K,1,X,1,"L1:[sp=K,4] Y=61,R=4,X=223,S=4,K=28,C=3 || L2:[sp=K,1] C=1,Y=2,R=2,S=3,K=1,X=1",-inf,-inf,0,K|K,1
K,4,S,4,Y,99,X,223,R,7,K,1,C,1,C,1,Y,1,C,1,R,7,S,2,K,1,X,1,"L1:[sp=K,4] S=4,Y=99,X=223,R=7,K=1,C=1 || L2:[sp=C,1] Y=1,C=1,R=7,S=2,K=1,X=1",-inf,-inf,0,K|C,1
K,4,R,4,Y,222,X,223,S,6,K,1,C,2,K,1,Y,176,C,1,R,4,S,6,K,1,X,1,"L1:[sp=K,4] R=4,Y=222,X=223,S=6,K=1,C=2 || L2:[sp=K,1] Y=176,C=1,R=4,S=6,K=1,X=1",-inf,-inf,0,K|K,1
X,4,R,4,Y,222,X,223,S,4,K,35,C,3,X,2,Y,164,C,3,R,4,S,4,K,1,X,99,"L1:[sp=X,4] R=4,Y=222,X=223,S=4,K=35,C=3 || L2:[sp=X,2] Y=164,C=3,R=4,S=4,K=1,X=99",-inf,-inf,0,X|X,1
K,4,Y,222,K,1,X,46,R,7,S,3,C,1,X,1,X,1,C,1,R,5,Y,1,K,1,S,1,"L1:[sp=K,4] Y=222,K=1,X=46,R=7,S=3,C=1 || L2:[sp=X,1] X=1,C=1,R=5,Y=1,K=1,S=1",-inf,-inf,0,K|X,1
X,4,R,7,Y,222,X,223,S,3,K,1,C,3,K,1,Y,112,C,1,R,4,S,1,K,1,X,3,"L1:[sp=X,4] R=7,Y=222,X=223,S=3,K=1,C=3 || L2:[sp=K,1] Y=112,C=1,R=4,S=1,K=1,X=3",-inf,-inf,0,X|K,1
K,4,R,7,S,4,K,62,Y,222,X,131,C,1,K,62,R,7,C,1,S,4,K,1,X,131,Y,1,"L1:[sp=K,4] R=7,S=4,K=62,Y=222,X=131,C=1 || L2:[sp=K,62] R=7,C=1,S=4,K=1,X=131,Y=1",-inf,-inf,0,K|K,1
K,4,Y,42,S,4,X,223,R,4,K,1,C,1,C,1,Y,1,C,1,R,2,S,4,K,1,X,1,"L1:[sp=K,4] Y=42,S=4,X=223,R=4,K=1,C=1 || L2:[sp=C,1] Y=1,C=1,R=2,S=4,K=1,X=1",-inf,-inf,0,K|C,1
K,4,R,7,Y,176,S,2,X,223,K,1,C,3,K,1,Y,1,C,3,R,4,S,1,K,1,X,18,"L1:[sp=K,4] R=7,Y=176,S=2,X=223,K=1,C=3 || L2:[sp=K,1] Y=1,C=3,R=4,S=1,K=1,X=18",-inf,-inf,0,K|K,1
K,4,Y,222,K,1,X,223,R,7,S,4,C,1,X,1,X,1,C,1,R,7,Y,206,K,1,S,4,"L1:[sp=K,4] Y=222,K=1,X=223,R=7,S=4,C=1 || L2:[sp=X,1] X=1,C=1,R=7,Y=206,K=1,S=4",-inf,-inf,0,K|X,1
K,4,Y,222,K,1,X,205,R,2,S,4,C,1,X,1,X,1,C,1,K,1,Y,1,R,2,S,1,"L1:[sp=K,4] Y=222,K=1,X=205,R=2,S=4,C=1 || L2:[sp=X,1] X=1,C=1,K=1,Y=1,R=2,S=1",-inf,-inf,0,K|X,1
K,4,Y,222,K,15,X,37,R,4,S,4,C,1,X,1,K,1,C,1,R,4,Y,1,X,1,S,1,"L1:[sp=K,4] Y=222,K=15,X=37,R=4,S=4,C=1 || L2:[sp=X,1] K=1,C=1,R=4,Y=1,X=1,S=1",-inf,-inf,0,K|X,1
K,4,R,4,S,4,K,62,Y,222,X,223,C,1,X,2,R,4,C,1,S,4,K,1,X,74,Y,1,"L1:[sp=K,4] R=4,S=4,K=62,Y=222,X=223,C=1 || L2:[sp=X,2] R=4,C=1,S=4,K=1,X=74,Y=1",-inf,-inf,0,K|X,1
K,4,Y,189,K,1,X,37,R,4,S,4,C,1,X,1,X,1,C,1,R,4,Y,55,K,1,S,1,"L1:[sp=K,4] Y=189,K=1,X=37,R=4,S=4,C=1 || L2:[sp=X,1] X=1,C=1,R=4,Y=55,K=1,S=1",-inf,-inf,0,K|X,1
K,4,Y,74,R,7,X,223,C,3,K,28,S,4,K,1,Y,1,C,1,R,7,S,2,K,28,X,1,"L1:[sp=K,4] Y=74,R=7,X=223,C=3,K=28,S=4 || L2:[sp=K,1] Y=1,C=1,R=7,S=2,K=28,X=1",-inf,-inf,0,K|K,1
K,4,Y,224,R,7,X,223,S,4,K,28,C,3,K,1,Y,1,C,1,R,7,S,2,K,1,X,160,"L1:[sp=K,4] Y=224,R=7,X=223,S=4,K=28,C=3 || L2:[sp=K,1] Y=1,C=1,R=7,S=2,K=1,X=160",-inf,-inf,0,K|K,1
K,4,Y,222,R,5,X,223,S,4,K,28,C,3,K,1,Y,57,C,1,R,5,S,3,K,1,X,1,"L1:[sp=K,4] Y=222,R=5,X=223,S=4,K=28,C=3 || L2:[sp=K,1] Y=57,C=1,R=5,S=3,K=1,X=1",-inf,-inf,0,K|K,1
X,4,R,7,Y,74,X,44,S,4,K,1,C,3,K,1,Y,1,C,1,R,7,S,2,K,1,X,1,"L1:[sp=X,4] R=7,Y=74,X=44,S=4,K=1,C=3 || L2:[sp=K,1] Y=1,C=1,R=7,S=2,K=1,X=1",-inf,-inf,0,X|K,1
K,4,Y,222,K,1,X,37,R,7,S,4,C,1,X,1,X,1,C,1,R,7,Y,1,K,1,S,2,"L1:[sp=K,4] Y=222,K=1,X=37,R=7,S=4,C=1 || L2:[sp=X,1] X=1,C=1,R=7,Y=1,K=1,S=2",-inf,-inf,0,K|X,1
K,4,Y,74,R,4,X,223,S,4,K,28,C,3,K,1,Y,1,C,1,R,4,S,1,K,25,X,1,"L1:[sp=K,4] Y=74,R=4,X=223,S=4,K=28,C=3 || L2:[sp=K,1] Y=1,C=1,R=4,S=1,K=25,X=1",-inf,-inf,0,K|K,1
Y,4,R,4,S,4,K,62,Y,222,X,223,C,1,X,2,R,4,C,1,S,4,K,45,X,1,Y,1,"L1:[sp=Y,4] R=4,S=4,K=62,Y=222,X=223,C=1 || L2:[sp=X,2] R=4,C=1,S=4,K=45,X=1,Y=1",-inf,-inf,0,Y|X,1
K,4,Y,74,R,1,X,223,S,4,K,28,C,3,K,1,Y,1,C,1,R,1,S,2,K,1,X,1,"L1:[sp=K,4] Y=74,R=1,X=223,S=4,K=28,C=3 || L2:[sp=K,1] Y=1,C=1,R=1,S=2,K=1,X=1",-inf,-inf,0,K|K,1
K,4,Y,222,K,50,X,37,R,4,S,4,C,1,X,1,X,1,C,1,R,4,Y,1,K,1,S,1,"L1:[sp=K,4] Y=222,K=50,X=37,R=4,S=4,C=1 || L2:[sp=X,1] X=1,C=1,R=4,Y=1,K=1,S=1",-inf,-inf,0,K|X,1
X,4,K,1,R,4,X,223,Y,222,S,7,C,3,K,1,R,4,C,1,Y,149,S,5,K,1,X,3,"L1:[sp=X,4] K=1,R=4,X=223,Y=222,S=7,C=3 || L2:[sp=K,1] R=4,C=1,Y=149,S=5,K=1,X=3",-inf,-inf,0,X|K,1
X,4,S,4,Y,77,X,91,R,5,K,1,C,2,K,1,Y,1,C,1,K,1,S,3,R,2,X,1,"L1:[sp=X,4] S=4,Y=77,X=91,R=5,K=1,C=2 || L2:[sp=K,1] Y=1,C=1,K=1,S=3,R=2,X=1",-inf,-inf,0,X|K,1
Y,4,Y,74,R,7,X,223,S,4,K,28,C,3,K,1,Y,24,C,3,R,7,S,2,K,1,X,1,"L1:[sp=Y,4] Y=74,R=7,X=223,S=4,K=28,C=3 || L2:[sp=K,1] Y=24,C=3,R=7,S=2,K=1,X=1",-inf,-inf,0,Y|K,1
K,4,R,7,Y,179,K,62,S,4,X,223,C,1,K,62,R,7,C,1,S,2,K,1,X,3,Y,1,"L1:[sp=K,4] R=7,Y=179,K=62,S=4,X=223,C=1 || L2:[sp=K,62] R=7,C=1,S=2,K=1,X=3,Y=1",-inf,-inf,0,K|K,1
K,4,Y,74,R,4,X,223,S,7,K,28,C,3,K,1,Y,61,C,1,R,4,S,5,K,1,X,1,"L1:[sp=K,4] Y=74,R=4,X=223,S=7,K=28,C=3 || L2:[sp=K,1] Y=61,C=1,R=4,S=5,K=1,X=1",-inf,-inf,0,K|K,1
X,4,R,5,Y,222,X,223,S,4,K,1,C,2,K,1,Y,1,C,1,R,2,X,96,K,1,S,3,"L1:[sp=X,4] R=5,Y=222,X=223,S=4,K=1,C=2 || L2:[sp=K,1] Y=1,C=1,R=2,X=96,K=1,S=3",-inf,-inf,0,X|K,1
K,4,R,4,Y,177,X,223,S,7,K,1,C,2,K,1,Y,54,C,1,R,4,S,5,K,1,X,3,"L1:[sp=K,4] R=4,Y=177,X=223,S=7,K=1,C=2 || L2:[sp=K,1] Y=54,C=1,R=4,S=5,K=1,X=3",-inf,-inf,0,K|K,1
K,4,R,3,Y,222,K,62,S,4,X,46,C,1,K,62,R,3,C,1,S,1,K,29,X,1,Y,1,"L1:[sp=K,4] R=3,Y=222,K=62,S=4,X=46,C=1 || L2:[sp=K,62] R=3,C=1,S=1,K=29,X=1,Y=1",-inf,-inf,0,K|K,1
K,4,R,4,S,4,X,223,Y,222,K,1,C,3,X,1,R,4,C,1,Y,1,S,4,K,1,X,139,"L1:[sp=K,4] R=4,S=4,X=223,Y=222,K=1,C=3 || L2:[sp=X,1] R=4,C=1,Y=1,S=4,K=1,X=139",-inf,-inf,0,K|X,1
K,4,C,1,Y,222,K,62,S,4,X,46,R,1,K,62,R,1,C,1,S,3,K,1,X,1,Y,1,"L1:[sp=K,4] C=1,Y=222,K=62,S=4,X=46,R=1 || L2:[sp=K,62] R=1,C=1,S=3,K=1,X=1,Y=1",-inf,-inf,0,K|K,1
K,4,R,5,S,4,K,62,X,223,Y,222,C,1,Y,6,R,3,C,1,S,4,K,1,X,3,Y,104,"L1:[sp=K,4] R=5,S=4,K=62,X=223,Y=222,C=1 || L2:[sp=Y,6] R=3,C=1,S=4,K=1,X=3,Y=104",-inf,-inf,0,K|Y,1
K,4,R,5,Y,222,X,223,S,4,K,1,C,3,X,1,Y,1,C,3,X,18,S,4,K,1,R,4,"L1:[sp=K,4] R=5,Y=222,X=223,S=4,K=1,C=3 || L2:[sp=X,1] Y=1,C=3,X=18,S=4,K=1,R=4",-inf,-inf,0,K|X,1
X,4,R,4,S,4,Y,222,X,223,K,1,C,2,K,1,R,4,C,1,Y,125,S,4,K,1,X,1,"L1:[sp=X,4] R=4,S=4,Y=222,X=223,K=1,C=2 || L2:[sp=K,1] R=4,C=1,Y=125,S=4,K=1,X=1",-inf,-inf,0,X|K,1
K,4,R,5,Y,222,K,62,S,4,X,223,C,1,K,62,R,5,C,1,S,2,K,1,X,1,Y,1,"L1:[sp=K,4] R=5,Y=222,K=62,S=4,X=223,C=1 || L2:[sp=K,62] R=5,C=1,S=2,K=1,X=1,Y=1",-inf,-inf,0,K|K,1
K,4,R,5,X,223,K,62,S,4,Y,222,C,1,X,2,R,3,C,1,S,4,K,1,X,3,Y,167,"L1:[sp=K,4] R=5,X=223,K=62,S=4,Y=222,C=1 || L2:[sp=X,2] R=3,C=1,S=4,K=1,X=3,Y=167",-inf,-inf,0,K|X,1
K,4,S,4,Y,222,X,223,R,5,K,1,C,2,Y,1,Y,194,C,1,K,1,S,1,R,2,X,1,"L1:[sp=K,4] S=4,Y=222,X=223,R=5,K=1,C=2 || L2:[sp=Y,1] Y=194,C=1,K=1,S=1,R=2,X=1",-inf,-inf,0,K|Y,1
K,4,R,4,Y,222,X,223,S,4,K,64,C,1,X,1,Y,1,C,1,X,103,S,4,K,1,R,4,"L1:[sp=K,4] R=4,Y=222,X=223,S=4,K=64,C=1 || L2:[sp=X,1] Y=1,C=1,X=103,S=4,K=1,R=4",-inf,-inf,0,K|X,1
K,4,R,5,X,223,K,62,S,4,Y,222,C,2,K,62,R,3,C,2,S,4,K,51,X,3,Y,1,"L1:[sp=K,4] R=5,X=223,K=62,S=4,Y=222,C=2 || L2:[sp=K,62] R=3,C=2,S=4,K=51,X=3,Y=1",-inf,-inf,0,K|K,1
K,4,R,4,Y,222,K,62,S,4,X,223,C,1,K,62,S,4,C,1,R,4,K,3,X,1,Y,159,"L1:[sp=K,4] R=4,Y=222,K=62,S=4,X=223,C=1 || L2:[sp=K,62] S=4,C=1,R=4,K=3,X=1,Y=159",-inf,-inf,0,K|K,1
X,4,S,5,Y,222,X,223,R,4,K,13,C,3,K,1,Y,1,C,1,K,1,S,4,R,3,X,170,"L1:[sp=X,4] S=5,Y=222,X=223,R=4,K=13,C=3 || L2:[sp=K,1] Y=1,C=1,K=1,S=4,R=3,X=170",-inf,-inf,0,X|K,1
K,4,R,5,S,2,K,62,X,223,Y,222,C,1,X,2,R,3,C,1,S,2,K,32,X,3,Y,1,"L1:[sp=K,4] R=5,S=2,K=62,X=223,Y=222,C=1 || L2:[sp=X,2] R=3,C=1,S=2,K=32,X=3,Y=1",-inf,-inf,0,K|X,1
K,4,S,1,Y,222,X,223,R,4,K,1,C,1,X,1,Y,1,C,1,K,1,S,1,R,3,X,3,"L1:[sp=K,4] S=1,Y=222,X=223,R=4,K=1,C=1 || L2:[sp=X,1] Y=1,C=1,K=1,S=1,R=3,X=3",-inf,-inf,0,K|X,1
K,4,R,5,S,4,K,35,X,223,Y,222,C,1,X,2,Y,1,C,1,S,4,K,1,X,3,R,1,"L1:[sp=K,4] R=5,S=4,K=35,X=223,Y=222,C=1 || L2:[sp=X,2] Y=1,C=1,S=4,K=1,X=3,R=1",-inf,-inf,0,K|X,1
Y,4,R,4,K,1,X,223,S,4,Y,222,C,3,K,1,X,67,C,1,R,3,S,2,K,1,Y,1,"L1:[sp=Y,4] R=4,K=1,X=223,S=4,Y=222,C=3 || L2:[sp=K,1] X=67,C=1,R=3,S=2,K=1,Y=1",-inf,-inf,0,Y|K,1
X,4,R,5,S,4,K,62,X,89,Y,222,C,1,X,2,R,3,C,1,S,4,K,1,X,3,Y,1,"L1:[sp=X,4] R=5,S=4,K=62,X=89,Y=222,C=1 || L2:[sp=X,2] R=3,C=1,S=4,K=1,X=3,Y=1",-inf,-inf,0,X|X,1
K,4,C,3,Y,222,X,223,S,4,K,1,R,4,K,1,Y,150,C,1,R,4,S,4,K,1,X,1,"L1:[sp=K,4] C=3,Y=222,X=223,S=4,K=1,R=4 || L2:[sp=K,1] Y=150,C=1,R=4,S=4,K=1,X=1",-inf,-inf,0,K|K,1
X,4,R,4,S,4,X,223,Y,222,K,6,C,3,K,1,S,4,C,1,R,4,Y,1,K,1,X,1,"L1:[sp=X,4] R=4,S=4,X=223,Y=222,K=6,C=3 || L2:[sp=K,1] S=4,C=1,R=4,Y=1,K=1,X=1",-inf,-inf,0,X|K,1
Y,4,R,4,Y,222,X,223,S,4,K,1,C,3,C,1,Y,1,C,1,R,2,S,4,K,1,X,1,"L1:[sp=Y,4] R=4,Y=222,X=223,S=4,K=1,C=3 || L2:[sp=C,1] Y=1,C=1,R=2,S=4,K=1,X=1",-inf,-inf,0,Y|C,1
K,4,C,2,Y,222,X,40,S,4,K,1,R,4,K,1,Y,1,C,1,X,40,S,4,K,1,R,4,"L1:[sp=K,4] C=2,Y=222,X=40,S=4,K=1,R=4 || L2:[sp=K,1] Y=1,C=1,X=40,S=4,K=1,R=4",-inf,-inf,0,K|K,1
Y,4,R,4,S,4,Y,222,X,223,K,39,C,2,K,1,S,2,C,1,K,1,X,137,Y,1,R,2,"L1:[sp=Y,4] R=4,S=4,Y=222,X=223,K=39,C=2 || L2:[sp=K,1] S=2,C=1,K=1,X=137,Y=1,R=2",-inf,-inf,0,Y|K,1
K,4,R,4,K,1,X,223,S,4,Y,222,C,3,K,1,X,153,C,1,R,3,S,4,K,1,Y,206,"L1:[sp=K,4] R=4,K=1,X=223,S=4,Y=222,C=3 || L2:[sp=K,1] X=153,C=1,R=3,S=4,K=1,Y=206",-inf,-inf,0,K|K,1
K,4,C,2,Y,79,X,223,S,4,K,1,R,4,Y,8,Y,1,C,1,R,4,S,4,K,1,X,1,"L1:[sp=K,4] C=2,Y=79,X=223,S=4,K=1,R=4 || L2:[sp=Y,8] Y=1,C=1,R=4,S=4,K=1,X=1",-inf,-inf,0,K|Y,1
X,4,R,4,Y,222,X,223,S,4,K,21,C,3,C,3,Y,1,C,1,R,4,S,4,K,1,X,1,"L1:[sp=X,4] R=4,Y=222,X=223,S=4,K=21,C=3 || L2:[sp=C,3] Y=1,C=1,R=4,S=4,K=1,X=1",-inf,-inf,0,X|C,1
K,4,C,3,Y,222,X,223,S,7,K,1,R,4,K,1,Y,1,C,1,R,4,X,1,K,1,S,4,"L1:[sp=K,4] C=3,Y=222,X=223,S=7,K=1,R=4 || L2:[sp=K,1] Y=1,C=1,R=4,X=1,K=1,S=4",-inf,-inf,0,K|K,1
K,4,R,4,Y,222,X,223,S,6,K,1,C,2,K,1,Y,83,S,4,R,4,C,1,K,1,X,1,"L1:[sp=K,4] R=4,Y=222,X=223,S=6,K=1,C=2 || L2:[sp=K,1] Y=83,S=4,R=4,C=1,K=1,X=1",-inf,-inf,0,K|K,1
K,4,C,3,Y,222,X,223,S,5,K,1,R,4,K,1,K,1,C,3,R,4,S,4,Y,1,X,1,"L1:[sp=K,4] C=3,Y=222,X=223,S=5,K=1,R=4 || L2:[sp=K,1] K=1,C=3,R=4,S=4,Y=1,X=1",-inf,-inf,0,K|K,1
X,4,R,4,Y,222,X,223,S,4,K,1,C,3,C,1,Y,1,C,2,R,4,S,4,K,1,X,1,"L1:[sp=X,4] R=4,Y=222,X=223,S=4,K=1,C=3 || L2:[sp=C,1] Y=1,C=2,R=4,S=4,K=1,X=1",-inf,-inf,0,X|C,1
Y,4,R,4,S,4,Y,222,X,223,K,39,C,2,X,3,S,2,C,1,K,1,X,33,Y,1,R,4,"L1:[sp=Y,4] R=4,S=4,Y=222,X=223,K=39,C=2 || L2:[sp=X,3] S=2,C=1,K=1,X=33,Y=1,R=4",-inf,-inf,0,Y|X,1
K,4,C,3,Y,222,X,91,S,4,K,1,R,4,K,1,Y,46,C,1,R,4,S,4,K,1,X,1,"L1:[sp=K,4] C=3,Y=222,X=91,S=4,K=1,R=4 || L2:[sp=K,1] Y=46,C=1,R=4,S=4,K=1,X=1",-inf,-inf,0,K|K,1
X,4,R,4,Y,222,X,223,S,7,K,6,C,3,C,3,Y,1,C,1,R,4,S,4,K,1,X,33,"L1:[sp=X,4] R=4,Y=222,X=223,S=7,K=6,C=3 || L2:[sp=C,3] Y=1,C=1,R=4,S=4,K=1,X=33",-inf,-inf,0,X|C,1
K,4,C,3,Y,222,X,223,S,5,K,1,R,4,K,1,Y,58,C,2,R,4,S,4,K,1,X,1,"L1:[sp=K,4] C=3,Y=222,X=223,S=5,K=1,R=4 || L2:[sp=K,1] Y=58,C=2,R=4,S=4,K=1,X=1",-inf,-inf,0,K|K,1
K,4,C,3,Y,222,X,223,S,4,K,1,R,4,K,1,Y,1,C,1,R,4,S,4,K,1,X,37,"L1:[sp=K,4] C=3,Y=222,X=223,S=4,K=1,R=4 || L2:[sp=K,1] Y=1,C=1,R=4,S=4,K=1,X=37",-inf,-inf,0,K|K,1
K,4,C,3,S,4,X,223,Y,222,K,1,R,4,K,1,Y,1,C,1,R,2,S,4,K,1,X,208,"L1:[sp=K,4] C=3,S=4,X=223,Y=222,K=1,R=4 || L2:[sp=K,1] Y=1,C=1,R=2,S=4,K=1,X=208",-inf,-inf,0,K|K,1
C,4,S,4,R,4,X,223,C,2,K,1,Y,222,Y,7,Y,1,C,1,K,1,S,2,R,4,X,1,"L1:[sp=C,4] S=4,R=4,X=223,C=2,K=1,Y=222 || L2:[sp=Y,7] Y=1,C=1,K=1,S=2,R=4,X=1",-inf,-inf,0,C|Y,1
X,4,S,4,Y,222,X,223,R,4,K,1,C,3,C,1,Y,1,C,2,R,2,S,4,K,1,X,1,"L1:[sp=X,4] S=4,Y=222,X=223,R=4,K=1,C=3 || L2:[sp=C,1] Y=1,C=2,R=2,S=4,K=1,X=1",-inf,-inf,0,X|C,1
K,4,C,3,Y,222,X,223,S,4,K,1,R,4,K,1,X,1,C,1,R,4,S,4,K,1,Y,1,"L1:[sp=K,4] C=3,Y=222,X=223,S=4,K=1,R=4 || L2:[sp=K,1] X=1,C=1,R=4,S=4,K=1,Y=1",-inf,-inf,0,K|K,1
K,4,R,4,Y,222,S,4,X,223,K,6,C,3,C,3,Y,1,C,1,R,4,S,3,K,1,X,1,"L1:[sp=K,4] R=4,Y=222,S=4,X=223,K=6,C=3 || L2:[sp=C,3] Y=1,C=1,R=4,S=3,K=1,X=1",-inf,-inf,0,K|C,1
K,4,R,4,Y,222,X,127,S,4,K,1,C,3,K,1,Y,1,C,1,R,4,S,1,K,1,X,63,"L1:[sp=K,4] R=4,Y=222,X=127,S=4,K=1,C=3 || L2:[sp=K,1] Y=1,C=1,R=4,S=1,K=1,X=63",-inf,-inf,0,K|K,1
Y,4,R,4,X,223,Y,222,S,4,K,1,C,3,C,1,Y,1,C,3,R,2,S,4,K,1,X,60,"L1:[sp=Y,4] R=4,X=223,Y=222,S=4,K=1,C=3 || L2:[sp=C,1] Y=1,C=3,R=2,S=4,K=1,X=60",-inf,-inf,0,Y|C,1
Y,4,R,4,S,4,X,223,Y,222,K,39,C,2,X,3,K,1,C,2,S,4,X,1,Y,178,R,4,"L1:[sp=Y,4] R=4,S=4,X=223,Y=222,K=39,C=2 || L2:[sp=X,3] K=1,C=2,S=4,X=1,Y=178,R=4",-inf,-inf,0,Y|X,1
X,4,Y,107,R,4,C,3,X,127,K,6,S,4,C,3,Y,1,C,1,R,4,S,4,K,1,X,1,"L1:[sp=X,4] Y=107,R=4,C=3,X=127,K=6,S=4 || L2:[sp=C,3] Y=1,C=1,R=4,S=4,K=1,X=1",-inf,-inf,0,X|C,1
X,4,C,3,Y,117,S,4,X,223,K,16,R,4,C,3,Y,1,C,3,R,4,S,4,K,1,X,1,"L1:[sp=X,4] C=3,Y=117,S=4,X=223,K=16,R=4 || L2:[sp=C,3] Y=1,C=3,R=4,S=4,K=1,X=1",-inf,-inf,0,X|C,1
K,4,R,4,Y,219,X,223,S,4,K,1,C,2,K,1,Y,1,C,1,R,4,S,3,K,1,X,1,"L1:[sp=K,4] R=4,Y=219,X=223,S=4,K=1,C=2 || L2:[sp=K,1] Y=1,C=1,R=4,S=3,K=1,X=1",-inf,-inf,0,K|K,1
X,4,R,4,Y,99,S,4,X,127,K,28,C,3,C,3,Y,1,C,1,R,4,S,4,K,1,X,1,"L1:[sp=X,4] R=4,Y=99,S=4,X=127,K=28,C=3 || L2:[sp=C,3] Y=1,C=1,R=4,S=4,K=1,X=1",-inf,-inf,0,X|C,1
X,4,Y,222,R,4,X,178,S,4,K,6,C,3,C,3,Y,180,C,1,R,2,S,4,X,1,K,1,"L1:[sp=X,4] Y=222,R=4,X=178,S=4,K=6,C=3 || L2:[sp=C,3] Y=180,C=1,R=2,S=4,X=1,K=1",-inf,-inf,0,X|C,1
C,4,S,7,Y,222,X,223,C,3,K,63,R,4,K,1,Y,1,C,1,K,1,S,4,R,4,X,1,"L1:[sp=C,4] S=7,Y=222,X=223,C=3,K=63,R=4 || L2:[sp=K,1] Y=1,C=1,K=1,S=4,R=4,X=1",-inf,-inf,0,C|K,1
X,4,C,3,Y,194,S,4,X,127,K,6,R,4,C,3,Y,1,C,1,R,4,S,4,K,1,X,1,"L1:[sp=X,4] C=3,Y=194,S=4,X=127,K=6,R=4 || L2:[sp=C,3] Y=1,C=1,R=4,S=4,K=1,X=1",-inf,-inf,0,X|C,1
K,4,R,4,Y,222,X,208,S,4,K,1,C,2,K,1,Y,185,C,1,R,4,S,3,K,1,X,1,"L1:[sp=K,4] R=4,Y=222,X=208,S=4,K=1,C=2 || L2:[sp=K,1] Y=185,C=1,R=4,S=3,K=1,X=1",-inf,-inf,0,K|K,1
Y,4,R,4,X,107,Y,222,S,1,K,1,C,3,C,1,Y,1,C,1,R,4,S,1,K,1,X,1,"L1:[sp=Y,4] R=4,X=107,Y=222,S=1,K=1,C=3 || L2:[sp=C,1] Y=1,C=1,R=4,S=1,K=1,X=1",-inf,-inf,0,Y|C,1
K,4,R,4,Y,52,X,115,S,4,K,1,C,1,K,1,Y,1,C,1,R,4,S,4,K,1,X,1,"L1:[sp=K,4] R=4,Y=52,X=115,S=4,K=1,C=1 || L2:[sp=K,1] Y=1,C=1,R=4,S=4,K=1,X=1",-inf,-inf,0,K|K,1
Y,4,R,4,X,223,Y,222,S,4,K,7,C,3,C,1,Y,1,C,3,R,4,S,3,K,1,X,1,"L1:[sp=Y,4] R=4,X=223,Y=222,S=4,K=7,C=3 || L2:[sp=C,1] Y=1,C=3,R=4,S=3,K=1,X=1",-inf,-inf,0,Y|C,1
K,4,Y,222,X,223,R,3,S,2,K,1,C,3,C,1,Y,1,C,3,R,3,K,1,S,2,X,1,"L1:[sp=K,4] Y=222,X=223,R=3,S=2,K=1,C=3 || L2:[sp=C,1] Y=1,C=3,R=3,K=1,S=2,X=1",-inf,-inf,0,K|C,1
C,4,R,4,X,90,Y,222,S,1,K,1,C,3,C,1,Y,1,C,1,X,58,S,1,K,1,R,4,"L1:[sp=C,4] R=4,X=90,Y=222,S=1,K=1,C=3 || L2:[sp=C,1] Y=1,C=1,X=58,S=1,K=1,R=4",-inf,-inf,0,C|C,1
Y,4,R,4,X,223,Y,222,S,4,K,1,C,3,C,3,Y,1,C,3,R,4,S,4,K,1,X,1,"L1:[sp=Y,4] R=4,X=223,Y=222,S=4,K=1,C=3 || L2:[sp=C,3] Y=1,C=3,R=4,S=4,K=1,X=1",-inf,-inf,0,Y|C,1
K,4,R,4,Y,222,X,223,S,4,K,64,C,2,K,1,Y,1,C,1,R,2,S,4,K,1,X,195,"L1:[sp=K,4] R=4,Y=222,X=223,S=4,K=64,C=2 || L2:[sp=K,1] Y=1,C=1,R=2,S=4,K=1,X=195",-inf,-inf,0,K|K,1
C,4,R,7,Y,222,X,223,S,4,K,1,C,2,Y,84,K,1,C,1,R,2,S,4,Y,1,X,1,"L1:[sp=C,4] R=7,Y=222,X=223,S=4,K=1,C=2 || L2:[sp=Y,84] K=1,C=1,R=2,S=4,Y=1,X=1",-inf,-inf,0,C|Y,1
C,4,R,4,Y,222,X,223,S,4,K,1,C,2,C,1,Y,20,C,1,R,4,S,3,K,1,X,1,"L1:[sp=C,4] R=4,Y=222,X=223,S=4,K=1,C=2 || L2:[sp=C,1] Y=20,C=1,R=4,S=3,K=1,X=1",-inf,-inf,0,C|C,1
K,4,R,5,Y,222,X,223,S,6,K,1,C,2,K,1,Y,1,C,1,R,4,S,4,K,1,X,49,"L1:[sp=K,4] R=5,Y=222,X=223,S=6,K=1,C=2 || L2:[sp=K,1] Y=1,C=1,R=4,S=4,K=1,X=49",-inf,-inf,0,K|K,1
Y,4,R,4,X,223,Y,204,S,4,K,1,C,1,C,1,Y,1,C,1,R,4,S,3,K,1,X,1,"L1:[sp=Y,4] R=4,X=223,Y=204,S=4,K=1,C=1 || L2:[sp=C,1] Y=1,C=1,R=4,S=3,K=1,X=1",-inf,-inf,0,Y|C,1
C,4,R,4,S,4,Y,222,X,223,K,40,C,2,X,3,X,1,C,1,K,17,S,4,Y,1,R,2,"L1:[sp=C,4] R=4,S=4,Y=222,X=223,K=40,C=2 || L2:[sp=X,3] X=1,C=1,K=17,S=4,Y=1,R=2",-inf,-inf,0,C|X,1
C,4,R,4,Y,222,X,223,S,4,K,1,C,2,K,1,S,4,C,1,R,4,Y,162,K,1,X,1,"L1:[sp=C,4] R=4,Y=222,X=223,S=4,K=1,C=2 || L2:[sp=K,1] S=4,C=1,R=4,Y=162,K=1,X=1",-inf,-inf,0,C|K,1
C,4,R,4,Y,222,X,223,S,4,K,1,C,2,K,1,Y,53,C,1,R,4,S,3,K,1,X,1,"L1:[sp=C,4] R=4,Y=222,X=223,S=4,K=1,C=2 || L2:[sp=K,1] Y=53,C=1,R=4,S=3,K=1,X=1",-inf,-inf,0,C|K,1
K,4,R,4,X,115,Y,177,S,4,K,1,C,2,C,2,K,1,C,1,R,4,S,3,Y,1,X,1,"L1:[sp=K,4] R=4,X=115,Y=177,S=4,K=1,C=2 || L2:[sp=C,2] K=1,C=1,R=4,S=3,Y=1,X=1",-inf,-inf,0,K|C,1
K,4,R,1,Y,222,X,223,S,4,K,1,C,2,K,1,Y,1,C,1,R,1,S,3,K,1,X,1,"L1:[sp=K,4] R=1,Y=222,X=223,S=4,K=1,C=2 || L2:[sp=K,1] Y=1,C=1,R=1,S=3,K=1,X=1",-inf,-inf,0,K|K,1
C,4,R,4,K,1,C,3,S,3,Y,222,X,223,Y,1,Y,1,R,4,K,1,S,1,C,2,X,1,"L1:[sp=C,4] R=4,K=1,C=3,S=3,Y=222,X=223 || L2:[sp=Y,1] Y=1,R=4,K=1,S=1,C=2,X=1",-inf,-inf,0,C|Y,1
C,4,R,4,K,1,C,2,S,4,Y,222,X,223,Y,1,Y,1,R,4,K,1,S,4,C,2,X,111,"L1:[sp=C,4] R=4,K=1,C=2,S=4,Y=222,X=223 || L2:[sp=Y,1] Y=1,R=4,K=1,S=4,C=2,X=111",-inf,-inf,0,C|Y,1
K,4,S,4,Y,222,X,223,R,4,K,56,C,2,K,1,Y,1,C,1,R,4,S,4,K,1,X,1,"L1:[sp=K,4] S=4,Y=222,X=223,R=4,K=56,C=2 || L2:[sp=K,1] Y=1,C=1,R=4,S=4,K=1,X=1",-inf,-inf,0,K|K,1
K,4,R,5,Y,72,X,223,S,4,K,1,C,3,K,1,Y,7,C,1,R,4,S,4,K,1,X,1,"L1:[sp=K,4] R=5,Y=72,X=223,S=4,K=1,C=3 || L2:[sp=K,1] Y=7,C=1,R=4,S=4,K=1,X=1",-inf,-inf,0,K|K,1
Y,4,R,4,Y,222,X,192,S,4,C,2,K,1,K,1,Y,127,C,1,R,4,S,3,K,1,X,1,"L1:[sp=Y,4] R=4,Y=222,X=192,S=4,C=2,K=1 || L2:[sp=K,1] Y=127,C=1,R=4,S=3,K=1,X=1",-inf,-inf,0,Y|K,1
C,4,R,4,K,1,C,3,S,4,Y,222,X,192,Y,1,Y,1,R,4,K,1,S,3,C,2,X,186,"L1:[sp=C,4] R=4,K=1,C=3,S=4,Y=222,X=192 || L2:[sp=Y,1] Y=1,R=4,K=1,S=3,C=2,X=186",-inf,-inf,0,C|Y,1
K,4,R,4,Y,222,X,223,S,3,K,1,C,2,K,1,Y,11,C,2,S,2,R,4,K,1,X,173,"L1:[sp=K,4] R=4,Y=222,X=223,S=3,K=1,C=2 || L2:[sp=K,1] Y=11,C=2,S=2,R=4,K=1,X=173",-inf,-inf,0,K|K,1
Y,4,R,5,Y,222,X,223,S,4,K,36,C,2,K,1,Y,7,C,1,R,4,S,2,K,1,X,1,"L1:[sp=Y,4] R=5,Y=222,X=223,S=4,K=36,C=2 || L2:[sp=K,1] Y=7,C=1,R=4,S=2,K=1,X=1",-inf,-inf,0,Y|K,1
K,4,R,5,Y,222,X,223,S,4,K,30,C,2,K,1,Y,7,C,1,R,4,S,3,K,1,X,186,"L1:[sp=K,4] R=5,Y=222,X=223,S=4,K=30,C=2 || L2:[sp=K,1] Y=7,C=1,R=4,S=3,K=1,X=186",-inf,-inf,0,K|K,1
K,4,R,4,Y,222,X,223,S,4,K,1,C,2,K,1,Y,1,C,1,R,4,S,4,K,1,X,39,"L1:[sp=K,4] R=4,Y=222,X=223,S=4,K=1,C=2 || L2:[sp=K,1] Y=1,C=1,R=4,S=4,K=1,X=39",-inf,-inf,0,K|K,1
K,4,C,3,Y,222,X,223,S,4,K,1,R,4,K,1,K,1,C,1,R,4,S,3,Y,7,X,1,"L1:[sp=K,4] C=3,Y=222,X=223,S=4,K=1,R=4 || L2:[sp=K,1] K=1,C=1,R=4,S=3,Y=7,X=1",-inf,-inf,0,K|K,1
K,4,R,5,Y,222,X,192,S,4,K,1,C,2,K,1,Y,68,C,1,S,4,R,4,K,1,X,1,"L1:[sp=K,4] R=5,Y=222,X=192,S=4,K=1,C=2 || L2:[sp=K,1] Y=68,C=1,S=4,R=4,K=1,X=1",-inf,-inf,0,K|K,1
K,4,R,4,Y,222,X,223,S,3,K,1,C,2,K,1,Y,184,C,1,R,4,S,2,K,1,X,1,"L1:[sp=K,4] R=4,Y=222,X=223,S=3,K=1,C=2 || L2:[sp=K,1] Y=184,C=1,R=4,S=2,K=1,X=1",-inf,-inf,0,K|K,1
K,4,R,4,Y,222,X,223,S,5,K,1,C,2,K,1,Y,1,C,1,R,4,S,4,K,1,X,1,"L1:[sp=K,4] R=4,Y=222,X=223,S=5,K=1,C=2 || L2:[sp=K,1] Y=1,C=1,R=4,S=4,K=1,X=1",-inf,-inf,0,K|K,1
K,4,R,5,Y,222,X,223,S,4,K,1,C,2,K,1,Y,7,C,1,R,2,S,2,K,1,X,1,"L1:[sp=K,4] R=5,Y=222,X=223,S=4,K=1,C=2 || L2:[sp=K,1] Y=7,C=1,R=2,S=2,K=1,X=1",-inf,-inf,0,K|K,1
K,4,R,5,Y,222,X,223,S,4,K,1,C,2,K,1,Y,5,C,1,R,4,S,3,K,1,X,34,"L1:[sp=K,4] R=5,Y=222,X=223,S=4,K=1,C=2 || L2:[sp=K,1] Y=5,C=1,R=4,S=3,K=1,X=34",-inf,-inf,0,K|K,1
K,4,R,4,Y,222,X,223,S,3,K,1,C,2,K,1,Y,7,C,1,R,4,S,2,K,1,X,1,"L1:[sp=K,4] R=4,Y=222,X=223,S=3,K=1,C=2 || L2:[sp=K,1] Y=7,C=1,R=4,S=2,K=1,X=1",-inf,-inf,0,K|K,1
K,4,R,5,Y,222,X,223,S,4,K,1,C,2,K,1,Y,7,C,1,R,2,S,3,K,1,X,1,"L1:[sp=K,4] R=5,Y=222,X=223,S=4,K=1,C=2 || L2:[sp=K,1] Y=7,C=1,R=2,S=3,K=1,X=1",-inf,-inf,0,K|K,1
K,4,R,5,X,189,Y,222,S,4,K,1,C,2,K,1,Y,7,C,1,R,4,S,2,K,1,X,1,"L1:[sp=K,4] R=5,X=189,Y=222,S=4,K=1,C=2 || L2:[sp=K,1] Y=7,C=1,R=4,S=2,K=1,X=1",-inf,-inf,0,K|K,1
K,4,R,4,Y,222,X,223,S,4,K,1,C,2,K,1,Y,9,C,1,R,4,S,4,K,1,X,1,"L1:[sp=K,4] R=4,Y=222,X=223,S=4,K=1,C=2 || L2:[sp=K,1] Y=9,C=1,R=4,S=4,K=1,X=1",-inf,-inf,0,K|K,1
K,4,R,5,Y,222,X,223,S,6,K,1,C,2,K,1,Y,7,C,1,R,4,S,2,K,1,X,1,"L1:[sp=K,4] R=5,Y=222,X=223,S=6,K=1,C=2 || L2:[sp=K,1] Y=7,C=1,R=4,S=2,K=1,X=1",-inf,-inf,0,K|K,1
C,4,R,4,S,4,Y,222,X,223,K,34,C,2,X,3,X,3,C,1,K,1,S,4,Y,216,R,4,"L1:[sp=C,4] R=4,S=4,Y=222,X=223,K=34,C=2 || L2:[sp=X,3] X=3,C=1,K=1,S=4,Y=216,R=4",-inf,-inf,0,C|X,1
K,4,R,4,Y,36,X,223,S,3,K,1,C,2,K,1,Y,36,C,1,R,4,K,1,S,3,X,1,"L1:[sp=K,4] R=4,Y=36,X=223,S=3,K=1,C=2 || L2:[sp=K,1] Y=36,C=1,R=4,K=1,S=3,X=1",-inf,-inf,0,K|K,1
K,4,R,5,Y,222,X,223,S,4,K,1,C,2,K,1,Y,50,K,1,R,4,S,3,X,54,C,1,"L1:[sp=K,4] R=5,Y=222,X=223,S=4,K=1,C=2 || L2:[sp=K,1] Y=50,K=1,R=4,S=3,X=54,C=1",-inf,-inf,0,K|K,1
K,4,R,4,Y,222,X,223,S,3,K,8,C,2,K,1,Y,1,K,1,R,4,S,3,C,1,X,78,"L1:[sp=K,4] R=4,Y=222,X=223,S=3,K=8,C=2 || L2:[sp=K,1] Y=1,K=1,R=4,S=3,C=1,X=78",-inf,-inf,0,K|K,1
C,4,R,7,S,4,Y,222,X,223,C,2,K,59,X,3,C,1,X,24,K,1,S,4,Y,7,R,4,"L1:[sp=C,4] R=7,S=4,Y=222,X=223,C=2,K=59 || L2:[sp=X,3] C=1,X=24,K=1,S=4,Y=7,R=4",-inf,-inf,0,C|X,1
C,4,C,2,S,1,Y,222,X,223,K,48,R,2,K,24,C,1,X,1,K,1,S,1,Y,1,R,2,"L1:[sp=C,4] C=2,S=1,Y=222,X=223,K=48,R=2 || L2:[sp=K,24] C=1,X=1,K=1,S=1,Y=1,R=2",-inf,-inf,0,C|K,1
K,4,R,4,Y,56,X,223,S,1,K,1,C,3,K,1,Y,1,X,1,C,1,S,1,K,1,R,4,"L1:[sp=K,4] R=4,Y=56,X=223,S=1,K=1,C=3 || L2:[sp=K,1] Y=1,X=1,C=1,S=1,K=1,R=4",-inf,-inf,0,K|K,1
C,4,S,5,R,4,Y,222,X,223,K,48,C,2,X,3,C,2,X,124,K,13,S,4,Y,1,R,4,"L1:[sp=C,4] S=5,R=4,Y=222,X=223,K=48,C=2 || L2:[sp=X,3] C=2,X=124,K=13,S=4,Y=1,R=4",-inf,-inf,0,C|X,1
C,4,R,4,S,1,Y,222,X,223,K,48,C,2,X,3,C,2,X,211,K,16,S,1,Y,1,R,4,"L1:[sp=C,4] R=4,S=1,Y=222,X=223,K=48,C=2 || L2:[sp=X,3] C=2,X=211,K=16,S=1,Y=1,R=4",-inf,-inf,0,C|X,1
K,4,R,4,Y,56,X,146,S,3,K,1,C,2,K,1,Y,1,C,1,X,1,S,2,K,1,R,4,"L1:[sp=K,4] R=4,Y=56,X=146,S=3,K=1,C=2 || L2:[sp=K,1] Y=1,C=1,X=1,S=2,K=1,R=4",-inf,-inf,0,K|K,1
C,4,R,3,X,223,Y,105,S,4,K,48,C,2,X,3,C,1,X,1,K,1,S,4,Y,7,R,3,"L1:[sp=C,4] R=3,X=223,Y=105,S=4,K=48,C=2 || L2:[sp=X,3] C=1,X=1,K=1,S=4,Y=7,R=3",-inf,-inf,0,C|X,1
K,4,R,4,C,2,X,223,S,4,K,1,Y,222,K,1,Y,1,C,1,R,3,S,1,K,1,X,146,"L1:[sp=K,4] R=4,C=2,X=223,S=4,K=1,Y=222 || L2:[sp=K,1] Y=1,C=1,R=3,S=1,K=1,X=146",-inf,-inf,0,K|K,1
K,4,R,4,Y,108,X,180,S,1,K,1,C,2,K,1,Y,1,C,1,R,4,S,1,K,1,X,1,"L1:[sp=K,4] R=4,Y=108,X=180,S=1,K=1,C=2 || L2:[sp=K,1] Y=1,C=1,R=4,S=1,K=1,X=1",-inf,-inf,0,K|K,1
K,4,R,2,Y,222,X,67,K,1,S,4,C,2,K,1,Y,7,C,1,R,2,S,4,X,1,K,1,"L1:[sp=K,4] R=2,Y=222,X=67,K=1,S=4,C=2 || L2:[sp=K,1] Y=7,C=1,R=2,S=4,X=1,K=1",-inf,-inf,0,K|K,1
K,4,S,2,Y,222,X,223,R,4,K,1,C,2,K,1,Y,5,C,1,R,4,S,2,K,1,X,1,"L1:[sp=K,4] S=2,Y=222,X=223,R=4,K=1,C=2 || L2:[sp=K,1] Y=5,C=1,R=4,S=2,K=1,X=1",-inf,-inf,0,K|K,1
C,4,R,4,Y,222,X,223,K,1,S,5,C,3,K,1,Y,1,C,1,R,4,S,4,X,150,K,1,"L1:[sp=C,4] R=4,Y=222,X=223,K=1,S=5,C=3 || L2:[sp=K,1] Y=1,C=1,R=4,S=4,X=150,K=1",-inf,-inf,0,C|K,1
C,4,R,4,C,2,Y,222,X,223,K,19,S,3,X,3,C,1,X,1,K,19,S,2,Y,5,R,4,"L1:[sp=C,4] R=4,C=2,Y=222,X=223,K=19,S=3 || L2:[sp=X,3] C=1,X=1,K=19,S=2,Y=5,R=4",-inf,-inf,0,C|X,1
K,4,K,1,Y,222,X,223,R,4,S,1,C,2,C,2,Y,131,C,1,R,4,S,1,X,193,K,1,"L1:[sp=K,4] K=1,Y=222,X=223,R=4,S=1,C=2 || L2:[sp=C,2] Y=131,C=1,R=4,S=1,X=193,K=1",-inf,-inf,0,K|C,1
X,4,R,4,S,6,Y,222,X,223,K,48,C,2,X,3,C,1,X,1,K,1,S,3,Y,97,R,4,"L1:[sp=X,4] R=4,S=6,Y=222,X=223,K=48,C=2 || L2:[sp=X,3] C=1,X=1,K=1,S=3,Y=97,R=4",-inf,-inf,0,X|X,1
K,4,R,4,Y,222,X,223,K,1,S,3,C,2,K,1,Y,114,C,1,R,4,S,2,X,67,K,1,"L1:[sp=K,4] R=4,Y=222,X=223,K=1,S=3,C=2 || L2:[sp=K,1] Y=114,C=1,R=4,S=2,X=67,K=1",-inf,-inf,0,K|K,1
K,4,R,4,Y,222,K,1,X,223,S,3,C,2,X,1,Y,171,C,1,R,4,S,3,X,1,K,1,"L1:[sp=K,4] R=4,Y=222,K=1,X=223,S=3,C=2 || L2:[sp=X,1] Y=171,C=1,R=4,S=3,X=1,K=1",-inf,-inf,0,K|X,1
K,4,R,7,Y,195,X,223,K,1,S,1,C,2,C,1,Y,90,C,1,R,2,S,1,X,1,K,1,"L1:[sp=K,4] R=7,Y=195,X=223,K=1,S=1,C=2 || L2:[sp=C,1] Y=90,C=1,R=2,S=1,X=1,K=1",-inf,-inf,0,K|C,1
K,4,R,4,Y,222,X,223,S,3,K,1,C,2,K,1,Y,1,C,1,R,4,S,3,K,1,X,135,"L1:[sp=K,4] R=4,Y=222,X=223,S=3,K=1,C=2 || L2:[sp=K,1] Y=1,C=1,R=4,S=3,K=1,X=135",-inf,-inf,0,K|K,1
K,4,R,7,Y,166,X,5,S,7,K,1,C,2,K,1,Y,5,C,2,R,4,S,3,K,1,X,1,"L1:[sp=K,4] R=7,Y=166,X=5,S=7,K=1,C=2 || L2:[sp=K,1] Y=5,C=2,R=4,S=3,K=1,X=1",-inf,-inf,0,K|K,1
K,4,R,4,Y,222,X,223,S,3,K,1,C,2,K,1,Y,1,C,1,R,4,S,3,K,1,X,1,"L1:[sp=K,4] R=4,Y=222,X=223,S=3,K=1,C=2 || L2:[sp=K,1] Y=1,C=1,R=4,S=3,K=1,X=1",-inf,-inf,0,K|K,1
K,4,R,7,C,2,X,203,K,1,S,5,Y,222,C,1,Y,163,S,4,R,4,C,2,X,1,K,1,"L1:[sp=K,4] R=7,C=2,X=203,K=1,S=5,Y=222 || L2:[sp=C,1] Y=163,S=4,R=4,C=2,X=1,K=1",-inf,-inf,0,K|C,1
C,4,R,4,S,2,Y,222,X,223,K,48,C,1,X,3,C,1,X,1,K,1,S,2,Y,1,R,4,"L1:[sp=C,4] R=4,S=2,Y=222,X=223,K=48,C=1 || L2:[sp=X,3] C=1,X=1,K=1,S=2,Y=1,R=4",-inf,-inf,0,C|X,1
C,4,R,7,S,3,Y,222,X,223,K,48,C,1,X,3,C,1,X,1,K,1,S,1,Y,1,R,4,"L1:[sp=C,4] R=7,S=3,Y=222,X=223,K=48,C=1 || L2:[sp=X,3] C=1,X=1,K=1,S=1,Y=1,R=4",-inf,-inf,0,C|X,1
C,4,R,7,C,2,Y,142,X,5,K,48,S,5,X,3,C,1,Y,5,K,7,S,4,R,4,X,1,"L1:[sp=C,4] R=7,C=2,Y=142,X=5,K=48,S=5 || L2:[sp=X,3] C=1,Y=5,K=7,S=4,R=4,X=1",-inf,-inf,0,C|X,1
K,4,R,4,Y,108,X,223,S,6,K,1,C,2,K,1,Y,1,C,2,R,4,S,3,K,1,X,145,"L1:[sp=K,4] R=4,Y=108,X=223,S=6,K=1,C=2 || L2:[sp=K,1] Y=1,C=2,R=4,S=3,K=1,X=145",-inf,-inf,0,K|K,1
C,4,Y,222,R,4,X,208,K,1,S,6,C,2,K,1,Y,149,C,1,R,4,S,1,X,1,K,1,"L1:[sp=C,4] Y=222,R=4,X=208,K=1,S=6,C=2 || L2:[sp=K,1] Y=149,C=1,R=4,S=1,X=1,K=1",-inf,-inf,0,C|K,1
K,4,R,4,X,223,Y,222,K,1,S,3,C,2,C,1,Y,1,C,1,R,4,S,3,X,218,K,1,"L1:[sp=K,4] R=4,X=223,Y=222,K=1,S=3,C=2 || L2:[sp=C,1] Y=1,C=1,R=4,S=3,X=218,K=1",-inf,-inf,0,K|C,1
K,4,R,4,Y,222,X,223,K,1,S,6,C,2,C,1,S,1,C,1,R,4,Y,1,X,34,K,1,"L1:[sp=K,4] R=4,Y=222,X=223,K=1,S=6,C=2 || L2:[sp=C,1] S=1,C=1,R=4,Y=1,X=34,K=1",-inf,-inf,0,K|C,1
K,4,K,1,Y,222,X,223,R,4,S,3,C,3,K,1,Y,122,C,1,R,4,S,3,X,1,K,1,"L1:[sp=K,4] K=1,Y=222,X=223,R=4,S=3,C=3 || L2:[sp=K,1] Y=122,C=1,R=4,S=3,X=1,K=1",-inf,-inf,0,K|K,1
K,4,R,4,Y,222,X,223,K,1,S,3,C,2,C,1,Y,220,C,2,R,2,S,3,X,1,K,1,"L1:[sp=K,4] R=4,Y=222,X=223,K=1,S=3,C=2 || L2:[sp=C,1] Y=220,C=2,R=2,S=3,X=1,K=1",-inf,-inf,0,K|C,1
K,4,K,1,C,2,S,3,R,4,X,223,Y,222,C,2,Y,1,C,1,R,4,S,3,X,217,K,1,"L1:[sp=K,4] K=1,C=2,S=3,R=4,X=223,Y=222 || L2:[sp=C,2] Y=1,C=1,R=4,S=3,X=217,K=1",-inf,-inf,0,K|C,1
K,4,K,60,Y,222,S,3,R,4,C,2,X,223,C,2,Y,44,C,1,R,2,S,3,X,1,K,1,"L1:[sp=K,4] K=60,Y=222,S=3,R=4,C=2,X=223 || L2:[sp=C,2] Y=44,C=1,R=2,S=3,X=1,K=1",-inf,-inf,0,K|C,1
C,4,R,4,C,2,Y,222,X,223,K,48,S,6,X,3,C,1,R,4,K,26,S,1,Y,206,X,1,"L1:[sp=C,4] R=4,C=2,Y=222,X=223,K=48,S=6 || L2:[sp=X,3] C=1,R=4,K=26,S=1,Y=206,X=1",-inf,-inf,0,C|X,1
C,4,R,4,S,3,Y,222,X,223,K,48,C,3,X,3,C,1,R,4,K,7,S,3,Y,1,X,1,"L1:[sp=C,4] R=4,S=3,Y=222,X=223,K=48,C=3 || L2:[sp=X,3] C=1,R=4,K=7,S=3,Y=1,X=1",-inf,-inf,0,C|X,1
K,4,K,1,Y,222,S,3,R,4,X,223,C,2,X,7,K,1,C,1,R,4,S,3,X,192,Y,1,"L1:[sp=K,4] K=1,Y=222,S=3,R=4,X=223,C=2 || L2:[sp=X,7] K=1,C=1,R=4,S=3,X=192,Y=1",-inf,-inf,0,K|X,1
K,4,R,4,Y,222,X,223,K,1,S,5,C,3,C,1,Y,222,C,1,R,1,S,2,X,1,K,1,"L1:[sp=K,4] R=4,Y=222,X=223,K=1,S=5,C=3 || L2:[sp=C,1] Y=222,C=1,R=1,S=2,X=1,K=1",-inf,-inf,0,K|C,1
K,4,R,5,Y,222,X,223,S,5,K,1,C,2,Y,6,Y,1,C,2,S,5,R,1,X,1,K,1,"L1:[sp=K,4] R=5,Y=222,X=223,S=5,K=1,C=2 || L2:[sp=Y,6] Y=1,C=2,S=5,R=1,X=1,K=1",-inf,-inf,0,K|Y,1
K,4,R,4,Y,222,X,223,K,1,C,2,S,3,K,1,Y,1,C,1,R,4,S,3,X,180,K,1,"L1:[sp=K,4] R=4,Y=222,X=223,K=1,C=2,S=3 || L2:[sp=K,1] Y=1,C=1,R=4,S=3,X=180,K=1",-inf,-inf,0,K|K,1
K,4,K,1,Y,222,S,6,R,4,X,223,C,2,C,2,Y,1,C,1,R,4,S,1,X,1,K,1,"L1:[sp=K,4] K=1,Y=222,S=6,R=4,X=223,C=2 || L2:[sp=C,2] Y=1,C=1,R=4,S=1,X=1,K=1",-inf,-inf,0,K|C,1
K,4,Y,222,X,223,R,5,K,1,S,5,C,2,Y,6,Y,1,C,1,S,5,R,1,X,217,K,1,"L1:[sp=K,4] Y=222,X=223,R=5,K=1,S=5,C=2 || L2:[sp=Y,6] Y=1,C=1,S=5,R=1,X=217,K=1",-inf,-inf,0,K|Y,1
C,4,Y,222,R,6,X,223,K,1,S,5,C,3,K,3,Y,1,C,1,R,1,S,5,X,1,K,1,"L1:[sp=C,4] Y=222,R=6,X=223,K=1,S=5,C=3 || L2:[sp=K,3] Y=1,C=1,R=1,S=5,X=1,K=1",-inf,-inf,0,C|K,1
K,4,R,4,X,223,Y,222,C,2,K,48,S,6,X,3,C,1,R,4,K,7,S,1,Y,114,X,1,"L1:[sp=K,4] R=4,X=223,Y=222,C=2,K=48,S=6 || L2:[sp=X,3] C=1,R=4,K=7,S=1,Y=114,X=1",-inf,-inf,0,K|X,1
C,4,R,4,C,2,Y,222,X,223,K,48,S,6,X,3,C,1,R,4,K,7,S,5,Y,1,X,1,"L1:[sp=C,4] R=4,C=2,Y=222,X=223,K=48,S=6 || L2:[sp=X,3] C=1,R=4,K=7,S=5,Y=1,X=1",-inf,-inf,0,C|X,1
K,4,Y,222,X,223,R,4,K,1,S,3,C,2,Y,6,Y,1,C,1,S,3,R,4,X,46,K,1,"L1:[sp=K,4] Y=222,X=223,R=4,K=1,S=3,C=2 || L2:[sp=Y,6] Y=1,C=1,S=3,R=4,X=46,K=1",-inf,-inf,0,K|Y,1
C,4,R,4,C,2,Y,222,X,223,K,48,S,6,X,3,C,1,R,4,K,7,S,2,Y,1,X,78,"L1:[sp=C,4] R=4,C=2,Y=222,X=223,K=48,S=6 || L2:[sp=X,3] C=1,R=4,K=7,S=2,Y=1,X=78",-inf,-inf,0,C|X,1
K,4,K,1,Y,114,S,3,R,4,X,223,C,2,C,2,Y,63,C,1,R,4,S,3,X,1,K,1,"L1:[sp=K,4] K=1,Y=114,S=3,R=4,X=223,C=2 || L2:[sp=C,2] Y=63,C=1,R=4,S=3,X=1,K=1",-inf,-inf,0,K|C,1
K,4,Y,195,X,223,R,4,K,1,S,3,C,2,Y,6,Y,1,C,1,S,3,R,4,X,1,K,1,"L1:[sp=K,4] Y=195,X=223,R=4,K=1,S=3,C=2 || L2:[sp=Y,6] Y=1,C=1,S=3,R=4,X=1,K=1",-inf,-inf,0,K|Y,1
K,4,Y,222,X,223,R,4,K,33,S,3,C,2,Y,6,Y,1,C,1,S,3,R,2,X,1,K,1,"L1:[sp=K,4] Y=222,X=223,R=4,K=33,S=3,C=2 || L2:[sp=Y,6] Y=1,C=1,S=3,R=2,X=1,K=1",-inf,-inf,0,K|Y,1
K,4,Y,222,X,223,R,4,K,1,S,6,C,2,Y,84,Y,1,C,1,S,1,R,1,X,1,K,1,"L1:[sp=K,4] Y=222,X=223,R=4,K=1,S=6,C=2 || L2:[sp=Y,84] Y=1,C=1,S=1,R=1,X=1,K=1",-inf,-inf,0,K|Y,1
C,4,K,1,Y,222,S,6,R,4,X,223,C,2,Y,2,X,143,C,2,R,4,S,1,Y,1,K,1,"L1:[sp=C,4] K=1,Y=222,S=6,R=4,X=223,C=2 || L2:[sp=Y,2] X=143,C=2,R=4,S=1,Y=1,K=1",-inf,-inf,0,C|Y,1
K,4,Y,222,X,223,R,4,K,1,S,3,C,2,Y,21,Y,1,C,1,S,3,X,1,R,2,K,1,"L1:[sp=K,4] Y=222,X=223,R=4,K=1,S=3,C=2 || L2:[sp=Y,21] Y=1,C=1,S=3,X=1,R=2,K=1",-inf,-inf,0,K|Y,1
K,4,Y,222,X,223,R,7,K,1,S,3,C,2,Y,6,Y,143,C,1,S,2,R,4,X,1,K,1,"L1:[sp=K,4] Y=222,X=223,R=7,K=1,S=3,C=2 || L2:[sp=Y,6] Y=143,C=1,S=2,R=4,X=1,K=1",-inf,-inf,0,K|Y,1
K,4,R,5,Y,222,X,223,K,11,S,6,C,2,X,28,Y,1,C,1,R,1,S,1,K,8,X,42,"L1:[sp=K,4] R=5,Y=222,X=223,K=11,S=6,C=2 || L2:[sp=X,28] Y=1,C=1,R=1,S=1,K=8,X=42",-inf,-inf,0,K|X,1
K,4,Y,222,X,87,R,4,K,1,S,6,C,2,Y,6,Y,1,C,1,S,1,R,1,X,3,K,1,"L1:[sp=K,4] Y=222,X=87,R=4,K=1,S=6,C=2 || L2:[sp=Y,6] Y=1,C=1,S=1,R=1,X=3,K=1",-inf,-inf,0,K|Y,1
K,4,Y,222,X,223,R,5,K,1,S,6,C,2,Y,6,Y,1,C,1,S,5,R,1,X,1,K,1,"L1:[sp=K,4] Y=222,X=223,R=5,K=1,S=6,C=2 || L2:[sp=Y,6] Y=1,C=1,S=5,R=1,X=1,K=1",-inf,-inf,0,K|Y,1
K,4,Y,222,R,4,X,223,S,6,K,1,C,3,C,1,Y,1,S,2,R,2,C,1,X,1,K,1,"L1:[sp=K,4] Y=222,R=4,X=223,S=6,K=1,C=3 || L2:[sp=C,1] Y=1,S=2,R=2,C=1,X=1,K=1",-inf,-inf,0,K|C,1
C,4,Y,222,R,5,X,223,K,1,S,5,C,2,K,1,S,2,Y,1,K,1,C,1,X,1,R,2,"L1:[sp=C,4] Y=222,R=5,X=223,K=1,S=5,C=2 || L2:[sp=K,1] S=2,Y=1,K=1,C=1,X=1,R=2",-inf,-inf,0,C|K,1
C,4,Y,222,X,223,R,5,S,5,K,1,C,3,Y,6,K,1,C,1,S,5,R,3,X,1,Y,1,"L1:[sp=C,4] Y=222,X=223,R=5,S=5,K=1,C=3 || L2:[sp=Y,6] K=1,C=1,S=5,R=3,X=1,Y=1",-inf,-inf,0,C|Y,1
K,4,S,7,R,4,X,223,C,2,Y,222,K,1,C,1,Y,1,S,1,R,4,C,1,X,1,K,1,"L1:[sp=K,4] S=7,R=4,X=223,C=2,Y=222,K=1 || L2:[sp=C,1] Y=1,S=1,R=4,C=1,X=1,K=1",-inf,-inf,0,K|C,1
K,4,R,4,Y,222,X,223,K,11,S,3,C,3,C,3,Y,29,S,3,X,1,R,1,K,1,C,1,"L1:[sp=K,4] R=4,Y=222,X=223,K=11,S=3,C=3 || L2:[sp=C,3] Y=29,S=3,X=1,R=1,K=1,C=1",-inf,-inf,0,K|C,1
K,4,R,4,K,11,X,223,S,6,Y,222,C,2,X,7,Y,1,R,3,X,210,S,1,K,1,C,1,"L1:[sp=K,4] R=4,K=11,X=223,S=6,Y=222,C=2 || L2:[sp=X,7] Y=1,R=3,X=210,S=1,K=1,C=1",-inf,-inf,0,K|X,1
K,4,R,6,S,5,X,223,K,11,Y,222,C,2,X,28,Y,144,K,8,X,1,S,5,R,1,C,1,"L1:[sp=K,4] R=6,S=5,X=223,K=11,Y=222,C=2 || L2:[sp=X,28] Y=144,K=8,X=1,S=5,R=1,C=1",-inf,-inf,0,K|X,1
K,4,R,4,Y,222,X,223,K,11,C,2,S,3,X,28,Y,1,C,1,X,141,S,3,K,1,R,1,"L1:[sp=K,4] R=4,Y=222,X=223,K=11,C=2,S=3 || L2:[sp=X,28] Y=1,C=1,X=141,S=3,K=1,R=1",-inf,-inf,0,K|X,1
K,4,Y,222,R,6,X,223,K,11,S,6,C,3,K,28,C,1,S,1,R,4,Y,53,K,6,X,1,"L1:[sp=K,4] Y=222,R=6,X=223,K=11,S=6,C=3 || L2:[sp=K,28] C=1,S=1,R=4,Y=53,K=6,X=1",-inf,-inf,0,K|K,1
K,4,Y,222,R,4,X,223,K,11,C,3,S,6,X,28,Y,138,S,1,R,2,C,1,K,6,X,1,"L1:[sp=K,4] Y=222,R=4,X=223,K=11,C=3,S=6 || L2:[sp=X,28] Y=138,S=1,R=2,C=1,K=6,X=1",-inf,-inf,0,K|X,1
X,4,Y,222,R,5,X,223,K,11,C,3,S,7,K,28,Y,1,S,5,R,1,C,1,K,6,X,105,"L1:[sp=X,4] Y=222,R=5,X=223,K=11,C=3,S=7 || L2:[sp=K,28] Y=1,S=5,R=1,C=1,K=6,X=105",-inf,-inf,0,X|K,1
K,4,Y,222,R,4,X,223,K,11,C,3,S,6,X,28,Y,1,S,1,R,4,C,2,K,1,X,109,"L1:[sp=K,4] Y=222,R=4,X=223,K=11,C=3,S=6 || L2:[sp=X,28] Y=1,S=1,R=4,C=2,K=1,X=109",-inf,-inf,0,K|X,1
K,4,Y,222,R,4,X,223,K,1,S,6,C,3,K,1,Y,131,S,1,R,2,C,1,X,1,K,1,"L1:[sp=K,4] Y=222,R=4,X=223,K=1,S=6,C=3 || L2:[sp=K,1] Y=131,S=1,R=2,C=1,X=1,K=1",-inf,-inf,0,K|K,1
K,4,Y,222,R,4,X,223,S,6,K,4,C,3,C,1,Y,1,S,1,C,1,R,2,X,1,K,1,"L1:[sp=K,4] Y=222,R=4,X=223,S=6,K=4,C=3 || L2:[sp=C,1] Y=1,S=1,C=1,R=2,X=1,K=1",-inf,-inf,0,K|C,1
K,4,Y,222,R,7,X,223,K,1,S,6,C,2,K,1,Y,100,S,1,R,2,C,1,X,6,K,1,"L1:[sp=K,4] Y=222,R=7,X=223,K=1,S=6,C=2 || L2:[sp=K,1] Y=100,S=1,R=2,C=1,X=6,K=1",-inf,-inf,0,K|K,1
K,4,Y,222,R,7,X,223,K,55,S,6,C,3,C,1,Y,1,S,1,C,1,R,2,X,140,K,1,"L1:[sp=K,4] Y=222,R=7,X=223,K=55,S=6,C=3 || L2:[sp=C,1] Y=1,S=1,C=1,R=2,X=140,K=1",-inf,-inf,0,K|C,1
Y,4,Y,216,R,6,X,223,K,1,S,6,C,3,K,14,Y,1,S,2,R,4,C,1,X,1,K,1,"L1:[sp=Y,4] Y=216,R=6,X=223,K=1,S=6,C=3 || L2:[sp=K,14] Y=1,S=2,R=4,C=1,X=1,K=1",-inf,-inf,0,Y|K,1
X,4,Y,222,R,4,X,223,K,1,S,6,C,3,C,1,Y,1,S,1,R,2,C,1,X,220,K,1,"L1:[sp=X,4] Y=222,R=4,X=223,K=1,S=6,C=3 || L2:[sp=C,1] Y=1,S=1,R=2,C=1,X=220,K=1",-inf,-inf,0,X|C,1
C,4,Y,222,R,4,X,223,K,1,S,6,C,3,K,1,Y,1,C,1,R,2,S,1,X,95,K,1,"L1:[sp=C,4] Y=222,R=4,X=223,K=1,S=6,C=3 || L2:[sp=K,1] Y=1,C=1,R=2,S=1,X=95,K=1",-inf,-inf,0,C|K,1
C,4,C,2,R,4,X,223,K,50,Y,222,S,1,K,28,Y,1,S,1,R,4,C,2,K,1,X,92,"L1:[sp=C,4] C=2,R=4,X=223,K=50,Y=222,S=1 || L2:[sp=K,28] Y=1,S=1,R=4,C=2,K=1,X=92",-inf,-inf,0,C|K,1
K,4,Y,222,C,3,X,123,K,1,S,1,R,7,K,1,Y,1,S,1,R,2,C,1,X,1,K,1,"L1:[sp=K,4] Y=222,C=3,X=123,K=1,S=1,R=7 || L2:[sp=K,1] Y=1,S=1,R=2,C=1,X=1,K=1",-inf,-inf,0,K|K,1
K,4,K,1,R,4,X,223,Y,222,S,6,C,3,C,1,Y,1,S,1,R,4,C,1,X,107,K,1,"L1:[sp=K,4] K=1,R=4,X=223,Y=222,S=6,C=3 || L2:[sp=C,1] Y=1,S=1,R=4,C=1,X=107,K=1",-inf,-inf,0,K|C,1
C,4,Y,222,R,4,X,223,K,1,S,4,C,3,C,1,Y,1,S,1,R,2,C,1,X,1,K,1,"L1:[sp=C,4] Y=222,R=4,X=223,K=1,S=4,C=3 || L2:[sp=C,1] Y=1,S=1,R=2,C=1,X=1,K=1",-inf,-inf,0,C|C,1
K,4,Y,222,R,4,X,223,K,1,S,6,C,3,X,56,Y,144,S,6,R,2,C,1,X,1,K,1,"L1:[sp=K,4] Y=222,R=4,X=223,K=1,S=6,C=3 || L2:[sp=X,56] Y=144,S=6,R=2,C=1,X=1,K=1",-inf,-inf,0,K|X,1
C,4,Y,222,R,4,X,223,K,4,S,3,C,2,K,1,Y,1,S,3,C,2,R,4,X,1,K,4,"L1:[sp=C,4] Y=222,R=4,X=223,K=4,S=3,C=2 || L2:[sp=K,1] Y=1,S=3,C=2,R=4,X=1,K=4",-inf,-inf,0,C|K,1
K,4,Y,222,R,4,X,223,K,1,S,6,C,2,C,2,Y,1,S,1,R,3,C,2,X,146,K,1,"L1:[sp=K,4] Y=222,R=4,X=223,K=1,S=6,C=2 || L2:[sp=C,2] Y=1,S=1,R=3,C=2,X=146,K=1",-inf,-inf,0,K|C,1
K,4,Y,222,R,4,X,223,C,1,S,5,K,1,K,1,Y,28,S,4,C,1,R,4,X,1,K,1,"L1:[sp=K,4] Y=222,R=4,X=223,C=1,S=5,K=1 || L2:[sp=K,1] Y=28,S=4,C=1,R=4,X=1,K=1",-inf,-inf,0,K|K,1
K,4,Y,222,R,4,X,223,K,4,S,6,C,3,C,1,Y,39,S,1,R,2,C,1,X,208,K,4,"L1:[sp=K,4] Y=222,R=4,X=223,K=4,S=6,C=3 || L2:[sp=C,1] Y=39,S=1,R=2,C=1,X=208,K=4",-inf,-inf,0,K|C,1
K,4,Y,149,C,3,X,223,K,4,S,6,R,4,C,1,Y,1,S,2,C,1,R,4,X,1,K,4,"L1:[sp=K,4] Y=149,C=3,X=223,K=4,S=6,R=4 || L2:[sp=C,1] Y=1,S=2,C=1,R=4,X=1,K=4",-inf,-inf,0,K|C,1
K,4,Y,222,R,7,X,223,K,4,S,6,C,3,C,1,Y,39,X,91,C,1,R,2,S,1,K,4,"L1:[sp=K,4] Y=222,R=7,X=223,K=4,S=6,C=3 || L2:[sp=C,1] Y=39,X=91,C=1,R=2,S=1,K=4",-inf,-inf,0,K|C,1
K,4,Y,222,R,4,X,223,K,1,S,6,C,3,C,1,Y,36,S,1,R,2,C,1,X,160,K,1,"L1:[sp=K,4] Y=222,R=4,X=223,K=1,S=6,C=3 || L2:[sp=C,1] Y=36,S=1,R=2,C=1,X=160,K=1",-inf,-inf,0,K|C,1
C,4,Y,127,R,4,X,223,K,29,C,2,S,4,K,28,Y,1,S,1,R,4,C,2,K,1,X,1,"L1:[sp=C,4] Y=127,R=4,X=223,K=29,C=2,S=4 || L2:[sp=K,28] Y=1,S=1,R=4,C=2,K=1,X=1",-inf,-inf,0,C|K,1
K,4,Y,222,R,4,X,223,K,1,S,5,C,2,Y,2,Y,203,S,4,R,2,C,2,X,1,K,1,"L1:[sp=K,4] Y=222,R=4,X=223,K=1,S=5,C=2 || L2:[sp=Y,2] Y=203,S=4,R=2,C=2,X=1,K=1",-inf,-inf,0,K|Y,1
K,4,Y,222,R,1,X,223,K,50,C,2,S,4,C,28,Y,1,S,1,R,1,C,2,K,1,X,1,"L1:[sp=K,4] Y=222,R=1,X=223,K=50,C=2,S=4 || L2:[sp=C,28] Y=1,S=1,R=1,C=2,K=1,X=1",-inf,-inf,0,K|C,1
C,4,Y,222,R,5,X,223,K,4,S,6,C,3,K,1,Y,1,X,1,C,1,R,1,S,5,K,4,"L1:[sp=C,4] Y=222,R=5,X=223,K=4,S=6,C=3 || L2:[sp=K,1] Y=1,X=1,C=1,R=1,S=5,K=4",-inf,-inf,0,C|K,1
K,4,Y,222,R,4,X,223,K,1,S,5,C,3,C,1,Y,83,R,2,S,4,C,1,X,1,K,1,"L1:[sp=K,4] Y=222,R=4,X=223,K=1,S=5,C=3 || L2:[sp=C,1] Y=83,R=2,S=4,C=1,X=1,K=1",-inf,-inf,0,K|C,1
K,4,Y,222,R,5,X,223,K,1,S,5,C,2,Y,2,Y,1,S,1,R,1,C,2,X,1,K,1,"L1:[sp=K,4] Y=222,R=5,X=223,K=1,S=5,C=2 || L2:[sp=Y,2] Y=1,S=1,R=1,C=2,X=1,K=1",-inf,-inf,0,K|Y,1
K,4,Y,98,R,7,X,223,K,1,S,6,C,2,Y,7,Y,2,S,2,R,2,C,1,X,1,K,1,"L1:[sp=K,4] Y=98,R=7,X=223,K=1,S=6,C=2 || L2:[sp=Y,7] Y=2,S=2,R=2,C=1,X=1,K=1",-inf,-inf,0,K|Y,1
C,4,Y,222,R,7,X,223,K,1,S,6,C,2,Y,7,Y,1,R,2,S,2,C,1,X,1,K,1,"L1:[sp=C,4] Y=222,R=7,X=223,K=1,S=6,C=2 || L2:[sp=Y,7] Y=1,R=2,S=2,C=1,X=1,K=1",-inf,-inf,0,C|Y,1
K,4,Y,222,R,5,X,196,K,1,S,6,C,2,Y,2,Y,1,S,1,R,1,K,1,X,1,C,2,"L1:[sp=K,4] Y=222,R=5,X=196,K=1,S=6,C=2 || L2:[sp=Y,2] Y=1,S=1,R=1,K=1,X=1,C=2",-inf,-inf,0,K|Y,1
K,4,Y,222,R,4,X,223,K,1,S,5,C,2,Y,2,Y,1,S,1,R,2,K,1,X,68,C,2,"L1:[sp=K,4] Y=222,R=4,X=223,K=1,S=5,C=2 || L2:[sp=Y,2] Y=1,S=1,R=2,K=1,X=68,C=2",-inf,-inf,0,K|Y,1
K,4,Y,222,R,5,X,223,K,50,S,6,C,3,C,1,Y,1,R,1,S,1,C,1,X,1,K,1,"L1:[sp=K,4] Y=222,R=5,X=223,K=50,S=6,C=3 || L2:[sp=C,1] Y=1,R=1,S=1,C=1,X=1,K=1",-inf,-inf,0,K|C,1
K,4,Y,222,R,5,X,223,K,13,S,6,C,2,Y,12,Y,1,S,1,R,1,C,2,X,1,K,1,"L1:[sp=K,4] Y=222,R=5,X=223,K=13,S=6,C=2 || L2:[sp=Y,12] Y=1,S=1,R=1,C=2,X=1,K=1",-inf,-inf,0,K|Y,1
K,4,Y,222,R,4,X,223,K,1,S,5,C,2,Y,2,Y,202,S,4,R,2,K,1,X,1,C,2,"L1:[sp=K,4] Y=222,R=4,X=223,K=1,S=5,C=2 || L2:[sp=Y,2] Y=202,S=4,R=2,K=1,X=1,C=2",-inf,-inf,0,K|Y,1
K,4,Y,222,R,5,X,223,K,13,S,5,C,2,Y,2,Y,1,S,5,R,3,C,2,X,1,K,1,"L1:[sp=K,4] Y=222,R=5,X=223,K=13,S=5,C=2 || L2:[sp=Y,2] Y=1,S=5,R=3,C=2,X=1,K=1",-inf,-inf,0,K|Y,1
K,4,Y,222,R,5,S,6,K,1,X,105,C,2,X,3,Y,1,R,1,S,1,C,1,X,1,K,1,"L1:[sp=K,4] Y=222,R=5,S=6,K=1,X=105,C=2 || L2:[sp=X,3] Y=1,R=1,S=1,C=1,X=1,K=1",-inf,-inf,0,K|X,1
K,4,Y,222,R,4,X,223,K,1,S,6,C,2,Y,2,Y,1,S,1,R,1,K,1,X,1,C,2,"L1:[sp=K,4] Y=222,R=4,X=223,K=1,S=6,C=2 || L2:[sp=Y,2] Y=1,S=1,R=1,K=1,X=1,C=2",-inf,-inf,0,K|Y,1
K,4,Y,222,R,5,X,223,K,1,S,5,C,3,Y,2,Y,1,S,1,R,5,K,1,X,1,C,1,"L1:[sp=K,4] Y=222,R=5,X=223,K=1,S=5,C=3 || L2:[sp=Y,2] Y=1,S=1,R=5,K=1,X=1,C=1",-inf,-inf,0,K|Y,1
X,4,Y,222,R,5,X,223,K,1,S,6,C,2,C,1,Y,1,S,1,R,1,C,2,X,1,K,1,"L1:[sp=X,4] Y=222,R=5,X=223,K=1,S=6,C=2 || L2:[sp=C,1] Y=1,S=1,R=1,C=2,X=1,K=1",-inf,-inf,0,X|C,1
X,4,Y,118,R,4,X,223,K,13,S,5,C,2,Y,2,Y,1,S,5,R,2,C,2,X,1,K,1,"L1:[sp=X,4] Y=118,R=4,X=223,K=13,S=5,C=2 || L2:[sp=Y,2] Y=1,S=5,R=2,C=2,X=1,K=1",-inf,-inf,0,X|Y,1
K,4,Y,222,R,4,X,70,K,1,S,7,C,3,C,1,Y,1,S,1,R,2,C,1,X,1,K,1,"L1:[sp=K,4] Y=222,R=4,X=70,K=1,S=7,C=3 || L2:[sp=C,1] Y=1,S=1,R=2,C=1,X=1,K=1",-inf,-inf,0,K|C,1
K,4,Y,150,R,4,X,60,K,13,S,5,C,2,Y,2,Y,1,S,4,R,2,C,2,X,1,K,1,"L1:[sp=K,4] Y=150,R=4,X=60,K=13,S=5,C=2 || L2:[sp=Y,2] Y=1,S=4,R=2,C=2,X=1,K=1",-inf,-inf,0,K|Y,1
Y,4,Y,222,R,5,X,200,K,1,S,6,C,2,Y,2,Y,1,X,1,R,1,C,2,S,1,K,1,"L1:[sp=Y,4] Y=222,R=5,X=200,K=1,S=6,C=2 || L2:[sp=Y,2] Y=1,X=1,R=1,C=2,S=1,K=1",-inf,-inf,0,Y|Y,1
X,4,Y,222,R,4,X,223,K,1,S,6,C,3,C,1,K,1,S,1,R,2,C,1,X,1,Y,1,"L1:[sp=X,4] Y=222,R=4,X=223,K=1,S=6,C=3 || L2:[sp=C,1] K=1,S=1,R=2,C=1,X=1,Y=1",-inf,-inf,0,X|C,1
Y,4,Y,222,R,4,X,223,K,1,S,4,C,2,Y,2,Y,1,X,1,R,2,C,2,S,1,K,1,"L1:[sp=Y,4] Y=222,R=4,X=223,K=1,S=4,C=2 || L2:[sp=Y,2] Y=1,X=1,R=2,C=2,S=1,K=1",-inf,-inf,0,Y|Y,1
Y,4,Y,222,R,4,X,223,K,63,S,1,C,3,Y,2,K,1,X,1,R,2,C,2,S,1,Y,1,"L1:[sp=Y,4] Y=222,R=4,X=223,K=63,S=1,C=3 || L2:[sp=Y,2] K=1,X=1,R=2,C=2,S=1,Y=1",-inf,-inf,0,Y|Y,1
Y,4,Y,222,R,4,X,181,K,1,S,6,C,2,Y,2,Y,1,X,1,R,2,C,2,S,1,K,1,"L1:[sp=Y,4] Y=222,R=4,X=181,K=1,S=6,C=2 || L2:[sp=Y,2] Y=1,X=1,R=2,C=2,S=1,K=1",-inf,-inf,0,Y|Y,1
K,4,Y,222,R,5,X,223,K,1,S,6,C,3,C,1,K,1,S,1,R,1,C,1,X,183,Y,1,"L1:[sp=K,4] Y=222,R=5,X=223,K=1,S=6,C=3 || L2:[sp=C,1] K=1,S=1,R=1,C=1,X=183,Y=1",-inf,-inf,0,K|C,1
Y,4,Y,184,R,4,X,223,K,43,S,6,C,2,Y,2,Y,1,X,1,R,2,C,2,S,1,K,1,"L1:[sp=Y,4] Y=184,R=4,X=223,K=43,S=6,C=2 || L2:[sp=Y,2] Y=1,X=1,R=2,C=2,S=1,K=1",-inf,-inf,0,Y|Y,1
Y,4,Y,222,C,2,X,43,K,1,S,6,R,5,Y,2,Y,194,X,1,R,1,C,2,S,1,K,1,"L1:[sp=Y,4] Y=222,C=2,X=43,K=1,S=6,R=5 || L2:[sp=Y,2] Y=194,X=1,R=1,C=2,S=1,K=1",-inf,-inf,0,Y|Y,1
K,4,Y,222,X,223,R,4,K,1,S,6,C,3,C,1,K,1,S,1,R,2,C,1,X,1,Y,1,"L1:[sp=K,4] Y=222,X=223,R=4,K=1,S=6,C=3 || L2:[sp=C,1] K=1,S=1,R=2,C=1,X=1,Y=1",-inf,-inf,0,K|C,1
K,4,Y,107,R,5,X,223,K,1,S,4,C,2,C,1,K,1,S,1,R,2,C,2,X,1,Y,1,"L1:[sp=K,4] Y=107,R=5,X=223,K=1,S=4,C=2 || L2:[sp=C,1] K=1,S=1,R=2,C=2,X=1,Y=1",-inf,-inf,0,K|C,1
K,4,Y,222,R,4,X,223,K,1,S,6,C,3,C,1,K,1,S,1,R,2,C,1,X,1,Y,222,"L1:[sp=K,4] Y=222,R=4,X=223,K=1,S=6,C=3 || L2:[sp=C,1] K=1,S=1,R=2,C=1,X=1,Y=222",-inf,-inf,0,K|C,1
K,4,Y,222,R,5,X,223,K,1,S,6,C,3,C,1,K,1,S,1,R,1,C,1,X,1,Y,133,"L1:[sp=K,4] Y=222,R=5,X=223,K=1,S=6,C=3 || L2:[sp=C,1] K=1,S=1,R=1,C=1,X=1,Y=133",-inf,-inf,0,K|C,1
K,4,Y,78,R,5,X,223,K,1,S,1,C,3,C,1,K,1,S,1,R,1,C,1,X,1,Y,1,"L1:[sp=K,4] Y=78,R=5,X=223,K=1,S=1,C=3 || L2:[sp=C,1] K=1,S=1,R=1,C=1,X=1,Y=1",-inf,-inf,0,K|C,1
Y,4,K,1,R,6,X,223,Y,222,S,6,C,2,Y,3,Y,1,X,1,C,2,K,1,S,1,R,1,"L1:[sp=Y,4] K=1,R=6,X=223,Y=222,S=6,C=2 || L2:[sp=Y,3] Y=1,X=1,C=2,K=1,S=1,R=1",-inf,-inf,0,Y|Y,1
K,4,Y,222,K,1,X,223,R,4,S,6,C,1,C,1,K,1,S,1,R,2,C,1,X,185,Y,1,"L1:[sp=K,4] Y=222,K=1,X=223,R=4,S=6,C=1 || L2:[sp=C,1] K=1,S=1,R=2,C=1,X=185,Y=1",-inf,-inf,0,K|C,1
K,4,Y,78,R,6,X,223,K,1,S,1,C,3,C,1,K,1,S,1,R,1,C,1,X,1,Y,35,"L1:[sp=K,4] Y=78,R=6,X=223,K=1,S=1,C=3 || L2:[sp=C,1] K=1,S=1,R=1,C=1,X=1,Y=35",-inf,-inf,0,K|C,1
K,4,Y,110,R,6,X,223,K,1,S,6,C,2,Y,2,Y,1,X,1,R,1,C,2,S,1,K,1,"L1:[sp=K,4] Y=110,R=6,X=223,K=1,S=6,C=2 || L2:[sp=Y,2] Y=1,X=1,R=1,C=2,S=1,K=1",-inf,-inf,0,K|Y,1
K,4,Y,68,X,45,C,3,K,1,S,6,R,4,C,1,K,1,S,1,R,1,C,1,X,16,Y,1,"L1:[sp=K,4] Y=68,X=45,C=3,K=1,S=6,R=4 || L2:[sp=C,1] K=1,S=1,R=1,C=1,X=16,Y=1",-inf,-inf,0,K|C,1
K,4,Y,222,R,6,X,223,K,1,S,6,C,2,Y,14,Y,1,X,1,R,1,C,2,S,1,K,1,"L1:[sp=K,4] Y=222,R=6,X=223,K=1,S=6,C=2 || L2:[sp=Y,14] Y=1,X=1,R=1,C=2,S=1,K=1",-inf,-inf,0,K|Y,1
K,4,Y,222,R,5,X,223,K,1,S,6,C,3,C,1,K,1,S,6,R,1,C,1,X,1,Y,1,"L1:[sp=K,4] Y=222,R=5,X=223,K=1,S=6,C=3 || L2:[sp=C,1] K=1,S=6,R=1,C=1,X=1,Y=1",-inf,-inf,0,K|C,1
K,4,Y,78,R,3,X,44,K,1,S,6,C,3,C,1,K,1,S,1,R,2,C,1,X,1,Y,1,"L1:[sp=K,4] Y=78,R=3,X=44,K=1,S=6,C=3 || L2:[sp=C,1] K=1,S=1,R=2,C=1,X=1,Y=1",-inf,-inf,0,K|C,1
K,4,Y,78,R,3,X,223,K,1,S,6,C,3,C,1,K,1,S,1,R,2,C,1,X,1,Y,22,"L1:[sp=K,4] Y=78,R=3,X=223,K=1,S=6,C=3 || L2:[sp=C,1] K=1,S=1,R=2,C=1,X=1,Y=22",-inf,-inf,0,K|C,1
K,4,Y,222,R,4,C,3,K,59,S,6,X,45,C,1,K,1,S,1,R,2,C,1,X,16,Y,89,"L1:[sp=K,4] Y=222,R=4,C=3,K=59,S=6,X=45 || L2:[sp=C,1] K=1,S=1,R=2,C=1,X=16,Y=89",-inf,-inf,0,K|C,1
Y,4,S,6,R,5,X,223,K,1,Y,222,C,3,K,2,Y,1,X,142,R,1,C,2,S,1,K,1,"L1:[sp=Y,4] S=6,R=5,X=223,K=1,Y=222,C=3 || L2:[sp=K,2] Y=1,X=142,R=1,C=2,S=1,K=1",-inf,-inf,0,Y|K,1
K,4,Y,222,R,6,X,223,K,1,S,6,C,3,Y,2,Y,1,X,1,R,4,C,2,K,1,S,1,"L1:[sp=K,4] Y=222,R=6,X=223,K=1,S=6,C=3 || L2:[sp=Y,2] Y=1,X=1,R=4,C=2,K=1,S=1",-inf,-inf,0,K|Y,1
K,4,Y,222,R,4,X,119,K,1,C,3,S,4,Y,12,K,1,Y,1,R,2,C,1,X,1,S,1,"L1:[sp=K,4] Y=222,R=4,X=119,K=1,C=3,S=4 || L2:[sp=Y,12] K=1,Y=1,R=2,C=1,X=1,S=1",-inf,-inf,0,K|Y,1
K,4,C,3,R,4,X,223,K,1,S,1,Y,42,Y,12,K,1,Y,1,R,4,C,1,X,1,S,1,"L1:[sp=K,4] C=3,R=4,X=223,K=1,S=1,Y=42 || L2:[sp=Y,12] K=1,Y=1,R=4,C=1,X=1,S=1",-inf,-inf,0,K|Y,1
K,4,Y,136,R,4,C,1,K,1,S,6,X,45,Y,42,K,1,S,1,R,2,C,1,X,16,Y,1,"L1:[sp=K,4] Y=136,R=4,C=1,K=1,S=6,X=45 || L2:[sp=Y,42] K=1,S=1,R=2,C=1,X=16,Y=1",-inf,-inf,0,K|Y,1
K,4,C,3,R,4,Y,222,K,1,S,6,X,175,K,1,K,1,Y,199,R,2,C,1,X,1,S,1,"L1:[sp=K,4] C=3,R=4,Y=222,K=1,S=6,X=175 || L2:[sp=K,1] K=1,Y=199,R=2,C=1,X=1,S=1",-inf,-inf,0,K|K,1
K,4,C,3,R,4,X,223,K,1,S,6,Y,222,Y,12,K,1,Y,48,R,2,C,1,X,1,S,5,"L1:[sp=K,4] C=3,R=4,X=223,K=1,S=6,Y=222 || L2:[sp=Y,12] K=1,Y=48,R=2,C=1,X=1,S=5",-inf,-inf,0,K|Y,1
K,4,R,5,S,6,K,1,X,223,Y,222,C,3,Y,2,Y,1,X,1,R,1,C,2,S,1,K,1,"L1:[sp=K,4] R=5,S=6,K=1,X=223,Y=222,C=3 || L2:[sp=Y,2] Y=1,X=1,R=1,C=2,S=1,K=1",-inf,-inf,0,K|Y,1
K,4,Y,222,R,4,C,3,K,1,S,6,X,40,Y,12,K,1,S,1,R,2,C,1,X,16,Y,1,"L1:[sp=K,4] Y=222,R=4,C=3,K=1,S=6,X=40 || L2:[sp=Y,12] K=1,S=1,R=2,C=1,X=16,Y=1",-inf,-inf,0,K|Y,1
K,4,Y,222,R,4,C,1,K,1,S,6,X,223,K,1,S,1,C,1,R,2,K,1,X,1,Y,132,"L1:[sp=K,4] Y=222,R=4,C=1,K=1,S=6,X=223 || L2:[sp=K,1] S=1,C=1,R=2,K=1,X=1,Y=132",-inf,-inf,0,K|K,1
K,4,C,3,R,3,Y,222,K,25,S,6,X,208,K,1,K,1,R,2,Y,1,C,1,X,16,S,1,"L1:[sp=K,4] C=3,R=3,Y=222,K=25,S=6,X=208 || L2:[sp=K,1] K=1,R=2,Y=1,C=1,X=16,S=1",-inf,-inf,0,K|K,1
K,4,Y,222,C,3,X,223,K,1,S,6,R,4,Y,12,K,1,Y,1,R,2,S,1,X,1,C,1,"L1:[sp=K,4] Y=222,C=3,X=223,K=1,S=6,R=4 || L2:[sp=Y,12] K=1,Y=1,R=2,S=1,X=1,C=1",-inf,-inf,0,K|Y,1
K,4,S,6,R,4,X,33,K,1,Y,54,C,3,Y,2,Y,1,X,1,R,4,C,2,S,5,K,1,"L1:[sp=K,4] S=6,R=4,X=33,K=1,Y=54,C=3 || L2:[sp=Y,2] Y=1,X=1,R=4,C=2,S=5,K=1",-inf,-inf,0,K|Y,1
K,4,K,1,R,4,Y,222,C,3,S,6,X,223,K,1,K,1,Y,1,R,2,C,1,X,205,S,1,"L1:[sp=K,4] K=1,R=4,Y=222,C=3,S=6,X=223 || L2:[sp=K,1] K=1,Y=1,R=2,C=1,X=205,S=1",-inf,-inf,0,K|K,1
K,4,C,3,Y,222,X,223,K,28,S,6,R,4,Y,12,K,1,Y,101,R,4,S,6,X,1,C,1,"L1:[sp=K,4] C=3,Y=222,X=223,K=28,S=6,R=4 || L2:[sp=Y,12] K=1,Y=101,R=4,S=6,X=1,C=1",-inf,-inf,0,K|Y,1
X,4,C,3,Y,206,X,223,K,1,S,6,R,4,K,1,R,4,Y,49,K,1,C,1,X,1,S,6,"L1:[sp=X,4] C=3,Y=206,X=223,K=1,S=6,R=4 || L2:[sp=K,1] R=4,Y=49,K=1,C=1,X=1,S=6",-inf,-inf,0,X|K,1
K,4,S,6,K,1,R,5,X,101,Y,222,C,3,Y,2,Y,1,X,1,R,1,C,2,S,1,K,1,"L1:[sp=K,4] S=6,K=1,R=5,X=101,Y=222,C=3 || L2:[sp=Y,2] Y=1,X=1,R=1,C=2,S=1,K=1",-inf,-inf,0,K|Y,1
K,4,S,6,R,5,K,1,X,223,Y,222,C,3,Y,2,Y,1,X,94,R,1,C,2,S,1,K,1,"L1:[sp=K,4] S=6,R=5,K=1,X=223,Y=222,C=3 || L2:[sp=Y,2] Y=1,X=94,R=1,C=2,S=1,K=1",-inf,-inf,0,K|Y,1
K,4,K,1,R,1,Y,222,C,1,S,6,X,172,K,1,K,1,Y,1,R,1,C,1,X,1,S,1,"L1:[sp=K,4] K=1,R=1,Y=222,C=1,S=6,X=172 || L2:[sp=K,1] K=1,Y=1,R=1,C=1,X=1,S=1",-inf,-inf,0,K|K,1
K,4,X,210,R,4,C,3,K,1,S,6,Y,113,C,3,K,1,Y,1,R,2,C,1,X,1,S,1,"L1:[sp=K,4] X=210,R=4,C=3,K=1,S=6,Y=113 || L2:[sp=C,3] K=1,Y=1,R=2,C=1,X=1,S=1",-inf,-inf,0,K|C,1
K,4,S,6,R,5,K,1,X,223,Y,222,C,3,Y,2,Y,1,X,77,R,1,C,2,S,6,K,1,"L1:[sp=K,4] S=6,R=5,K=1,X=223,Y=222,C=3 || L2:[sp=Y,2] Y=1,X=77,R=1,C=2,S=6,K=1",-inf,-inf,0,K|Y,1
C,4,X,223,R,5,C,1,K,27,S,6,Y,222,C,3,K,1,Y,163,R,5,C,1,X,1,S,1,"L1:[sp=C,4] X=223,R=5,C=1,K=27,S=6,Y=222 || L2:[sp=C,3] K=1,Y=163,R=5,C=1,X=1,S=1",-inf,-inf,0,C|C,1
K,4,S,6,R,4,K,1,X,223,Y,155,C,1,Y,2,Y,1,X,1,R,2,C,1,S,1,K,1,"L1:[sp=K,4] S=6,R=4,K=1,X=223,Y=155,C=1 || L2:[sp=Y,2] Y=1,X=1,R=2,C=1,S=1,K=1",-inf,-inf,0,K|Y,1
K,4,X,223,R,5,C,2,K,23,S,6,Y,71,K,1,K,1,Y,1,R,1,C,1,X,223,S,1,"L1:[sp=K,4] X=223,R=5,C=2,K=23,S=6,Y=71 || L2:[sp=K,1] K=1,Y=1,R=1,C=1,X=223,S=1",-inf,-inf,0,K|K,1
K,4,S,6,R,4,K,1,X,223,Y,222,C,3,Y,2,Y,1,R,4,X,1,C,1,S,1,K,1,"L1:[sp=K,4] S=6,R=4,K=1,X=223,Y=222,C=3 || L2:[sp=Y,2] Y=1,R=4,X=1,C=1,S=1,K=1",-inf,-inf,0,K|Y,1
K,4,S,6,R,4,K,1,X,200,Y,222,C,3,Y,2,Y,1,X,1,R,4,C,2,S,6,K,1,"L1:[sp=K,4] S=6,R=4,K=1,X=200,Y=222,C=3 || L2:[sp=Y,2] Y=1,X=1,R=4,C=2,S=6,K=1",-inf,-inf,0,K|Y,1
K,4,X,223,R,5,C,3,K,23,S,6,Y,222,K,1,K,2,Y,14,R,1,C,1,X,1,S,6,"L1:[sp=K,4] X=223,R=5,C=3,K=23,S=6,Y=222 || L2:[sp=K,1] K=2,Y=14,R=1,C=1,X=1,S=6",-inf,-inf,0,K|K,1
K,4,S,6,R,5,K,1,X,223,Y,222,C,1,Y,2,Y,1,K,1,R,1,C,1,S,1,X,1,"L1:[sp=K,4] S=6,R=5,K=1,X=223,Y=222,C=1 || L2:[sp=Y,2] Y=1,K=1,R=1,C=1,S=1,X=1",-inf,-inf,0,K|Y,1
K,4,S,6,R,5,K,1,X,223,Y,222,C,3,Y,2,Y,1,X,133,R,1,C,2,S,1,K,1,"L1:[sp=K,4] S=6,R=5,K=1,X=223,Y=222,C=3 || L2:[sp=Y,2] Y=1,X=133,R=1,C=2,S=1,K=1",-inf,-inf,0,K|Y,1
K,4,S,6,R,3,K,1,X,9,Y,155,C,3,Y,2,X,1,Y,41,R,1,C,2,S,1,K,1,"L1:[sp=K,4] S=6,R=3,K=1,X=9,Y=155,C=3 || L2:[sp=Y,2] X=1,Y=41,R=1,C=2,S=1,K=1",-inf,-inf,0,K|Y,1
K,4,X,37,R,5,Y,222,K,23,S,6,C,3,X,37,K,16,Y,1,R,1,C,1,X,1,S,1,"L1:[sp=K,4] X=37,R=5,Y=222,K=23,S=6,C=3 || L2:[sp=X,37] K=16,Y=1,R=1,C=1,X=1,S=1",-inf,-inf,0,K|X,1
C,4,S,6,X,223,K,20,R,5,Y,155,C,3,Y,2,Y,1,X,112,R,1,C,2,S,3,K,1,"L1:[sp=C,4] S=6,X=223,K=20,R=5,Y=155,C=3 || L2:[sp=Y,2] Y=1,X=112,R=1,C=2,S=3,K=1",-inf,-inf,0,C|Y,1
K,4,X,223,R,5,C,3,K,23,S,6,Y,222,Y,7,K,1,X,109,R,4,C,1,S,1,Y,1,"L1:[sp=K,4] X=223,R=5,C=3,K=23,S=6,Y=222 || L2:[sp=Y,7] K=1,X=109,R=4,C=1,S=1,Y=1",-inf,-inf,0,K|Y,1
C,4,S,6,X,221,K,1,R,4,Y,222,C,3,Y,168,Y,1,X,109,R,1,C,2,S,1,K,1,"L1:[sp=C,4] S=6,X=221,K=1,R=4,Y=222,C=3 || L2:[sp=Y,168] Y=1,X=109,R=1,C=2,S=1,K=1",-inf,-inf,0,C|Y,1
K,4,X,133,R,3,C,3,K,23,S,6,Y,155,Y,7,K,1,Y,1,R,2,C,1,X,1,S,6,"L1:[sp=K,4] X=133,R=3,C=3,K=23,S=6,Y=155 || L2:[sp=Y,7] K=1,Y=1,R=2,C=1,X=1,S=6",-inf,-inf,0,K|Y,1
K,4,X,223,S,6,C,3,K,23,R,5,Y,222,Y,7,K,1,Y,121,R,1,C,1,X,109,S,1,"L1:[sp=K,4] X=223,S=6,C=3,K=23,R=5,Y=222 || L2:[sp=Y,7] K=1,Y=121,R=1,C=1,X=109,S=1",-inf,-inf,0,K|Y,1
K,4,X,37,R,5,Y,222,K,23,S,6,C,3,K,1,K,16,C,1,R,1,Y,1,X,7,S,3,"L1:[sp=K,4] X=37,R=5,Y=222,K=23,S=6,C=3 || L2:[sp=K,1] K=16,C=1,R=1,Y=1,X=7,S=3",-inf,-inf,0,K|K,1
C,4,X,223,R,5,C,3,K,23,S,6,Y,80,Y,7,K,1,Y,1,R,1,C,1,X,109,S,1,"L1:[sp=C,4] X=223,R=5,C=3,K=23,S=6,Y=80 || L2:[sp=Y,7] K=1,Y=1,R=1,C=1,X=109,S=1",-inf,-inf,0,C|Y,1
K,4,S,6,R,3,K,1,X,223,Y,71,C,3,Y,2,Y,1,K,1,X,89,C,2,S,6,R,2,"L1:[sp=K,4] S=6,R=3,K=1,X=223,Y=71,C=3 || L2:[sp=Y,2] Y=1,K=1,X=89,C=2,S=6,R=2",-inf,-inf,0,K|Y,1
C,4,S,3,Y,222,K,1,X,223,R,5,C,3,Y,2,Y,44,X,1,R,1,S,1,C,2,K,1,"L1:[sp=C,4] S=3,Y=222,K=1,X=223,R=5,C=3 || L2:[sp=Y,2] Y=44,X=1,R=1,S=1,C=2,K=1",-inf,-inf,0,C|Y,1
C,4,X,223,R,4,C,1,K,34,S,5,Y,222,K,1,K,1,Y,1,R,4,C,1,X,1,S,3,"L1:[sp=C,4] X=223,R=4,C=1,K=34,S=5,Y=222 || L2:[sp=K,1] K=1,Y=1,R=4,C=1,X=1,S=3",-inf,-inf,0,C|K,1
C,4,S,7,Y,222,K,16,X,216,R,4,C,3,Y,2,Y,1,X,1,R,4,C,2,S,3,K,1,"L1:[sp=C,4] S=7,Y=222,K=16,X=216,R=4,C=3 || L2:[sp=Y,2] Y=1,X=1,R=4,C=2,S=3,K=1",-inf,-inf,0,C|Y,1
C,4,S,5,Y,222,K,64,X,223,R,4,C,1,Y,24,Y,1,X,1,R,4,C,1,S,2,K,1,"L1:[sp=C,4] S=5,Y=222,K=64,X=223,R=4,C=1 || L2:[sp=Y,24] Y=1,X=1,R=4,C=1,S=2,K=1",-inf,-inf,0,C|Y,1
K,4,X,223,R,4,C,1,K,27,S,5,Y,222,X,28,K,1,Y,106,R,4,C,1,X,1,S,2,"L1:[sp=K,4] X=223,R=4,C=1,K=27,S=5,Y=222 || L2:[sp=X,28] K=1,Y=106,R=4,C=1,X=1,S=2",-inf,-inf,0,K|X,1
C,4,S,6,Y,222,K,64,X,223,R,4,C,3,Y,24,Y,1,X,1,R,4,C,2,K,1,S,3,"L1:[sp=C,4] S=6,Y=222,K=64,X=223,R=4,C=3 || L2:[sp=Y,24] Y=1,X=1,R=4,C=2,K=1,S=3",-inf,-inf,0,C|Y,1
K,4,X,223,R,4,C,1,K,27,S,5,Y,222,K,1,K,1,Y,1,R,4,C,1,X,38,S,5,"L1:[sp=K,4] X=223,R=4,C=1,K=27,S=5,Y=222 || L2:[sp=K,1] K=1,Y=1,R=4,C=1,X=38,S=5",-inf,-inf,0,K|K,1
X,4,X,223,R,4,C,1,K,27,S,5,Y,222,K,28,K,1,Y,109,R,4,C,1,X,190,S,2,"L1:[sp=X,4] X=223,R=4,C=1,K=27,S=5,Y=222 || L2:[sp=K,28] K=1,Y=109,R=4,C=1,X=190,S=2",-inf,-inf,0,X|K,1
K,4,X,223,R,4,S,6,K,27,C,1,Y,222,K,27,K,1,Y,1,R,4,C,1,X,156,S,1,"L1:[sp=K,4] X=223,R=4,S=6,K=27,C=1,Y=222 || L2:[sp=K,27] K=1,Y=1,R=4,C=1,X=156,S=1",-inf,-inf,0,K|K,1
X,4,X,223,R,4,C,1,K,27,S,6,Y,222,X,28,K,13,S,2,R,2,C,1,X,1,Y,1,"L1:[sp=X,4] X=223,R=4,C=1,K=27,S=6,Y=222 || L2:[sp=X,28] K=13,S=2,R=2,C=1,X=1,Y=1",-inf,-inf,0,X|X,1
X,4,Y,222,R,4,C,1,K,27,S,5,X,223,Y,8,K,1,Y,1,R,4,C,1,X,1,S,2,"L1:[sp=X,4] Y=222,R=4,C=1,K=27,S=5,X=223 || L2:[sp=Y,8] K=1,Y=1,R=4,C=1,X=1,S=2",-inf,-inf,0,X|Y,1
C,4,X,223,R,4,C,2,K,27,S,6,Y,222,K,1,K,1,Y,1,R,4,C,1,X,1,S,2,"L1:[sp=C,4] X=223,R=4,C=2,K=27,S=6,Y=222 || L2:[sp=K,1] K=1,Y=1,R=4,C=1,X=1,S=2",-inf,-inf,0,C|K,1
K,4,X,138,R,7,C,1,K,22,S,6,Y,222,X,28,K,1,Y,1,R,4,C,1,X,1,S,6,"L1:[sp=K,4] X=138,R=7,C=1,K=22,S=6,Y=222 || L2:[sp=X,28] K=1,Y=1,R=4,C=1,X=1,S=6",-inf,-inf,0,K|X,1
K,4,X,223,R,4,Y,222,K,64,S,6,C,1,C,1,K,1,Y,1,R,4,C,1,X,1,S,2,"L1:[sp=K,4] X=223,R=4,Y=222,K=64,S=6,C=1 || L2:[sp=C,1] K=1,Y=1,R=4,C=1,X=1,S=2",-inf,-inf,0,K|C,1
C,4,X,223,R,4,C,1,K,27,S,6,Y,222,C,1,K,13,Y,1,R,3,C,1,X,1,S,2,"L1:[sp=C,4] X=223,R=4,C=1,K=27,S=6,Y=222 || L2:[sp=C,1] K=13,Y=1,R=3,C=1,X=1,S=2",-inf,-inf,0,C|C,1
K,4,X,10,S,6,C,1,K,39,R,4,Y,222,C,1,K,1,Y,1,R,4,C,1,X,1,S,2,"L1:[sp=K,4] X=10,S=6,C=1,K=39,R=4,Y=222 || L2:[sp=C,1] K=1,Y=1,R=4,C=1,X=1,S=2",-inf,-inf,0,K|C,1
K,4,X,223,R,4,S,5,K,27,C,1,Y,222,Y,6,K,1,Y,1,R,1,C,1,X,1,S,3,"L1:[sp=K,4] X=223,R=4,S=5,K=27,C=1,Y=222 || L2:[sp=Y,6] K=1,Y=1,R=1,C=1,X=1,S=3",-inf,-inf,0,K|Y,1
K,4,X,76,R,4,S,6,K,27,C,1,Y,222,Y,6,K,1,Y,1,C,1,R,1,X,1,S,2,"L1:[sp=K,4] X=76,R=4,S=6,K=27,C=1,Y=222 || L2:[sp=Y,6] K=1,Y=1,C=1,R=1,X=1,S=2",-inf,-inf,0,K|Y,1
Y,4,X,223,R,4,C,1,K,53,S,3,Y,222,C,1,X,1,Y,128,R,2,C,1,K,1,S,3,"L1:[sp=Y,4] X=223,R=4,C=1,K=53,S=3,Y=222 || L2:[sp=C,1] X=1,Y=128,R=2,C=1,K=1,S=3",-inf,-inf,0,Y|C,1
K,4,X,223,R,4,S,6,K,27,C,1,Y,222,K,1,K,20,Y,1,R,4,C,1,X,1,S,2,"L1:[sp=K,4] X=223,R=4,S=6,K=27,C=1,Y=222 || L2:[sp=K,1] K=20,Y=1,R=4,C=1,X=1,S=2",-inf,-inf,0,K|K,1
K,4,X,223,R,4,S,6,K,27,C,1,Y,222,Y,6,K,1,Y,19,R,3,C,1,X,1,S,1,"L1:[sp=K,4] X=223,R=4,S=6,K=27,C=1,Y=222 || L2:[sp=Y,6] K=1,Y=19,R=3,C=1,X=1,S=1",-inf,-inf,0,K|Y,1
X,4,X,223,R,7,C,1,K,64,S,6,Y,222,C,1,K,1,Y,1,R,4,C,1,X,1,S,2,"L1:[sp=X,4] X=223,R=7,C=1,K=64,S=6,Y=222 || L2:[sp=C,1] K=1,Y=1,R=4,C=1,X=1,S=2",-inf,-inf,0,X|C,1
C,4,X,223,R,4,C,1,K,25,S,6,Y,222,K,1,K,8,Y,1,S,5,C,1,X,1,R,1,"L1:[sp=C,4] X=223,R=4,C=1,K=25,S=6,Y=222 || L2:[sp=K,1] K=8,Y=1,S=5,C=1,X=1,R=1",-inf,-inf,0,C|K,1
X,4,X,223,R,4,C,1,K,27,S,6,Y,102,K,24,K,1,Y,1,R,3,C,1,X,1,S,2,"L1:[sp=X,4] X=223,R=4,C=1,K=27,S=6,Y=102 || L2:[sp=K,24] K=1,Y=1,R=3,C=1,X=1,S=2",-inf,-inf,0,X|K,1
K,4,X,167,R,4,C,1,K,27,S,6,Y,26,K,27,K,21,Y,1,R,4,C,1,X,85,S,2,"L1:[sp=K,4] X=167,R=4,C=1,K=27,S=6,Y=26 || L2:[sp=K,27] K=21,Y=1,R=4,C=1,X=85,S=2",-inf,-inf,0,K|K,1
X,4,C,2,R,4,X,223,Y,222,S,3,K,27,C,1,K,1,Y,1,R,2,C,1,X,114,S,3,"L1:[sp=X,4] C=2,R=4,X=223,Y=222,S=3,K=27 || L2:[sp=C,1] K=1,Y=1,R=2,C=1,X=114,S=3",-inf,-inf,0,X|C,1
Y,4,X,223,R,4,C,2,K,27,S,6,Y,222,C,1,X,124,Y,1,R,3,C,1,K,1,S,2,"L1:[sp=Y,4] X=223,R=4,C=2,K=27,S=6,Y=222 || L2:[sp=C,1] X=124,Y=1,R=3,C=1,K=1,S=2",-inf,-inf,0,Y|C,1
K,4,X,223,R,4,C,3,K,27,S,3,Y,93,C,1,K,1,Y,1,C,1,R,2,X,171,S,3,"L1:[sp=K,4] X=223,R=4,C=3,K=27,S=3,Y=93 || L2:[sp=C,1] K=1,Y=1,C=1,R=2,X=171,S=3",-inf,-inf,0,K|C,1
K,4,X,223,R,4,C,1,K,25,S,3,Y,222,C,1,K,1,Y,98,R,2,S,3,X,1,C,1,"L1:[sp=K,4] X=223,R=4,C=1,K=25,S=3,Y=222 || L2:[sp=C,1] K=1,Y=98,R=2,S=3,X=1,C=1",-inf,-inf,0,K|C,1
K,4,X,223,R,4,C,2,K,25,S,5,Y,222,C,1,R,1,Y,1,K,1,C,1,X,1,S,5,"L1:[sp=K,4] X=223,R=4,C=2,K=25,S=5,Y=222 || L2:[sp=C,1] R=1,Y=1,K=1,C=1,X=1,S=5",-inf,-inf,0,K|C,1
Y,4,X,82,R,4,C,3,K,27,S,6,Y,222,C,1,C,1,Y,1,R,3,X,1,K,11,S,2,"L1:[sp=Y,4] X=82,R=4,C=3,K=27,S=6,Y=222 || L2:[sp=C,1] C=1,Y=1,R=3,X=1,K=11,S=2",-inf,-inf,0,Y|C,1
K,4,Y,222,R,7,C,1,K,25,S,4,X,223,C,1,K,1,Y,1,R,1,C,1,X,1,S,4,"L1:[sp=K,4] Y=222,R=7,C=1,K=25,S=4,X=223 || L2:[sp=C,1] K=1,Y=1,R=1,C=1,X=1,S=4",-inf,-inf,0,K|C,1
K,4,X,49,R,4,C,1,K,27,S,6,Y,222,C,1,K,1,Y,1,C,1,R,3,X,1,S,2,"L1:[sp=K,4] X=49,R=4,C=1,K=27,S=6,Y=222 || L2:[sp=C,1] K=1,Y=1,C=1,R=3,X=1,S=2",-inf,-inf,0,K|C,1
K,4,X,223,R,4,C,2,K,48,S,5,Y,222,C,1,C,1,Y,1,R,1,X,1,K,11,S,5,"L1:[sp=K,4] X=223,R=4,C=2,K=48,S=5,Y=222 || L2:[sp=C,1] C=1,Y=1,R=1,X=1,K=11,S=5",-inf,-inf,0,K|C,1
K,4,X,223,R,4,C,1,K,27,S,6,Y,140,Y,42,K,1,Y,120,R,4,C,1,X,158,S,2,"L1:[sp=K,4] X=223,R=4,C=1,K=27,S=6,Y=140 || L2:[sp=Y,42] K=1,Y=120,R=4,C=1,X=158,S=2",-inf,-inf,0,K|Y,1
K,4,X,196,R,4,C,1,K,27,S,6,Y,222,K,27,K,1,Y,1,C,1,R,1,X,1,S,5,"L1:[sp=K,4] X=196,R=4,C=1,K=27,S=6,Y=222 || L2:[sp=K,27] K=1,Y=1,C=1,R=1,X=1,S=5",-inf,-inf,0,K|K,1
K,4,X,216,R,4,C,2,K,27,S,2,Y,222,K,27,Y,1,K,1,R,1,C,1,X,199,S,2,"L1:[sp=K,4] X=216,R=4,C=2,K=27,S=2,Y=222 || L2:[sp=K,27] Y=1,K=1,R=1,C=1,X=199,S=2",-inf,-inf,0,K|K,1
Y,4,X,223,R,4,C,1,K,27,S,6,Y,222,C,1,C,1,Y,1,R,2,S,2,K,11,X,1,"L1:[sp=Y,4] X=223,R=4,C=1,K=27,S=6,Y=222 || L2:[sp=C,1] C=1,Y=1,R=2,S=2,K=11,X=1",-inf,-inf,0,Y|C,1
K,4,X,223,R,4,C,1,K,25,S,6,Y,49,C,1,K,1,Y,1,R,3,C,1,X,1,S,2,"L1:[sp=K,4] X=223,R=4,C=1,K=25,S=6,Y=49 || L2:[sp=C,1] K=1,Y=1,R=3,C=1,X=1,S=2",-inf,-inf,0,K|C,1
K,4,X,223,R,4,K,27,C,2,S,6,Y,222,C,1,K,1,Y,1,R,1,C,1,X,141,S,5,"L1:[sp=K,4] X=223,R=4,K=27,C=2,S=6,Y=222 || L2:[sp=C,1] K=1,Y=1,R=1,C=1,X=141,S=5",-inf,-inf,0,K|C,1
K,4,X,159,R,6,C,1,K,27,S,5,Y,222,C,1,K,18,Y,1,C,1,R,4,X,1,S,3,"L1:[sp=K,4] X=159,R=6,C=1,K=27,S=5,Y=222 || L2:[sp=C,1] K=18,Y=1,C=1,R=4,X=1,S=3",-inf,-inf,0,K|C,1
Y,4,X,223,R,4,C,2,K,27,S,6,Y,222,C,1,C,1,Y,1,R,4,X,1,K,11,S,2,"L1:[sp=Y,4] X=223,R=4,C=2,K=27,S=6,Y=222 || L2:[sp=C,1] C=1,Y=1,R=4,X=1,K=11,S=2",-inf,-inf,0,Y|C,1
C,4,X,223,R,4,C,1,K,27,S,6,Y,222,K,1,K,1,Y,1,R,3,C,1,X,1,S,2,"L1:[sp=C,4] X=223,R=4,C=1,K=27,S=6,Y=222 || L2:[sp=K,1] K=1,Y=1,R=3,C=1,X=1,S=2",-inf,-inf,0,C|K,1
K,4,X,223,R,6,C,1,K,12,S,5,Y,222,C,1,K,1,Y,91,R,3,C,1,X,1,S,3,"L1:[sp=K,4] X=223,R=6,C=1,K=12,S=5,Y=222 || L2:[sp=C,1] K=1,Y=91,R=3,C=1,X=1,S=3",-inf,-inf,0,K|C,1
C,4,X,221,R,6,C,1,K,27,S,5,Y,191,K,1,K,1,R,4,C,1,Y,1,X,70,S,3,"L1:[sp=C,4] X=221,R=6,C=1,K=27,S=5,Y=191 || L2:[sp=K,1] K=1,R=4,C=1,Y=1,X=70,S=3",-inf,-inf,0,C|K,1
K,4,X,221,R,4,C,1,K,27,S,6,Y,222,Y,42,K,1,Y,187,R,1,C,1,X,70,S,5,"L1:[sp=K,4] X=221,R=4,C=1,K=27,S=6,Y=222 || L2:[sp=Y,42] K=1,Y=187,R=1,C=1,X=70,S=5",-inf,-inf,0,K|Y,1
C,4,X,223,S,5,C,1,K,57,R,4,Y,189,K,1,K,1,R,1,C,1,Y,1,X,203,S,1,"L1:[sp=C,4] X=223,S=5,C=1,K=57,R=4,Y=189 || L2:[sp=K,1] K=1,R=1,C=1,Y=1,X=203,S=1",-inf,-inf,0,C|K,1
Y,4,X,223,R,4,C,1,S,4,K,27,Y,140,K,5,K,11,Y,1,S,3,C,1,X,1,R,4,"L1:[sp=Y,4] X=223,R=4,C=1,S=4,K=27,Y=140 || L2:[sp=K,5] K=11,Y=1,S=3,C=1,X=1,R=4",-inf,-inf,0,Y|K,1
K,4,X,223,R,4,K,27,C,1,S,5,Y,189,Y,42,K,1,Y,1,R,1,C,1,X,1,S,1,"L1:[sp=K,4] X=223,R=4,K=27,C=1,S=5,Y=189 || L2:[sp=Y,42] K=1,Y=1,R=1,C=1,X=1,S=1",-inf,-inf,0,K|Y,1
K,4,X,223,R,6,C,2,Y,79,S,5,K,27,C,3,R,4,Y,1,K,1,C,1,X,1,S,3,"L1:[sp=K,4] X=223,R=6,C=2,Y=79,S=5,K=27 || L2:[sp=C,3] R=4,Y=1,K=1,C=1,X=1,S=3",-inf,-inf,0,K|C,1
K,4,X,223,R,4,C,1,K,27,S,6,Y,222,C,1,K,1,Y,85,R,3,C,1,X,1,S,2,"L1:[sp=K,4] X=223,R=4,C=1,K=27,S=6,Y=222 || L2:[sp=C,1] K=1,Y=85,R=3,C=1,X=1,S=2",-inf,-inf,0,K|C,1
K,4,Y,222,C,1,R,4,K,25,S,4,X,223,C,1,K,19,Y,136,R,3,C,1,X,1,S,2,"L1:[sp=K,4] Y=222,C=1,R=4,K=25,S=4,X=223 || L2:[sp=C,1] K=19,Y=136,R=3,C=1,X=1,S=2",-inf,-inf,0,K|C,1
C,4,X,223,R,6,C,1,K,27,S,5,Y,222,K,1,Y,214,S,2,C,1,K,1,X,1,R,4,"L1:[sp=C,4] X=223,R=6,C=1,K=27,S=5,Y=222 || L2:[sp=K,1] Y=214,S=2,C=1,K=1,X=1,R=4",-inf,-inf,0,C|K,1
K,4,X,223,C,1,R,4,K,25,S,6,Y,126,C,1,K,19,Y,1,R,3,C,1,X,1,S,2,"L1:[sp=K,4] X=223,C=1,R=4,K=25,S=6,Y=126 || L2:[sp=C,1] K=19,Y=1,R=3,C=1,X=1,S=2",-inf,-inf,0,K|C,1
K,4,X,56,R,6,C,2,K,27,S,6,Y,222,K,3,K,1,Y,1,R,1,C,1,X,1,S,5,"L1:[sp=K,4] X=56,R=6,C=2,K=27,S=6,Y=222 || L2:[sp=K,3] K=1,Y=1,R=1,C=1,X=1,S=5",-inf,-inf,0,K|K,1
K,4,X,223,R,6,C,2,K,15,S,5,Y,222,K,3,R,4,Y,1,K,1,C,1,X,1,S,3,"L1:[sp=K,4] X=223,R=6,C=2,K=15,S=5,Y=222 || L2:[sp=K,3] R=4,Y=1,K=1,C=1,X=1,S=3",-inf,-inf,0,K|K,1
K,4,X,199,R,4,C,2,K,27,S,6,Y,222,K,3,K,1,Y,1,R,1,C,1,X,70,S,1,"L1:[sp=K,4] X=199,R=4,C=2,K=27,S=6,Y=222 || L2:[sp=K,3] K=1,Y=1,R=1,C=1,X=70,S=1",-inf,-inf,0,K|K,1
X,4,X,221,C,1,R,4,K,25,S,6,Y,222,C,1,X,70,Y,59,R,1,C,1,K,19,S,5,"L1:[sp=X,4] X=221,C=1,R=4,K=25,S=6,Y=222 || L2:[sp=C,1] X=70,Y=59,R=1,C=1,K=19,S=5",-inf,-inf,0,X|C,1
K,4,X,223,R,4,C,2,K,10,S,6,Y,222,K,3,K,1,Y,1,R,1,C,1,X,1,S,4,"L1:[sp=K,4] X=223,R=4,C=2,K=10,S=6,Y=222 || L2:[sp=K,3] K=1,Y=1,R=1,C=1,X=1,S=4",-inf,-inf,0,K|K,1
K,4,X,223,C,1,R,6,K,25,S,6,Y,189,C,1,S,2,X,1,R,4,C,1,Y,1,K,19,"L1:[sp=K,4] X=223,C=1,R=6,K=25,S=6,Y=189 || L2:[sp=C,1] S=2,X=1,R=4,C=1,Y=1,K=19",-inf,-inf,0,K|C,1
K,4,X,223,R,4,C,2,K,27,S,5,Y,93,K,27,K,1,Y,1,R,1,C,1,X,109,S,1,"L1:[sp=K,4] X=223,R=4,C=2,K=27,S=5,Y=93 || L2:[sp=K,27] K=1,Y=1,R=1,C=1,X=109,S=1",-inf,-inf,0,K|K,1
K,4,X,31,R,6,C,2,K,27,S,6,Y,93,K,27,K,1,Y,1,R,6,C,1,X,1,S,2,"L1:[sp=K,4] X=31,R=6,C=2,K=27,S=6,Y=93 || L2:[sp=K,27] K=1,Y=1,R=6,C=1,X=1,S=2",-inf,-inf,0,K|K,1
K,4,X,221,C,1,R,4,K,25,S,1,Y,189,C,1,K,19,Y,1,R,1,C,1,X,70,S,1,"L1:[sp=K,4] X=221,C=1,R=4,K=25,S=1,Y=189 || L2:[sp=C,1] K=19,Y=1,R=1,C=1,X=70,S=1",-inf,-inf,0,K|C,1
K,4,X,223,R,6,C,1,K,27,S,5,Y,222,K,3,K,1,Y,1,R,4,C,1,X,220,S,3,"L1:[sp=K,4] X=223,R=6,C=1,K=27,S=5,Y=222 || L2:[sp=K,3] K=1,Y=1,R=4,C=1,X=220,S=3",-inf,-inf,0,K|K,1
Y,4,X,223,C,1,R,4,K,25,S,1,Y,138,K,5,K,19,Y,1,R,4,C,1,X,1,S,1,"L1:[sp=Y,4] X=223,C=1,R=4,K=25,S=1,Y=138 || L2:[sp=K,5] K=19,Y=1,R=4,C=1,X=1,S=1",-inf,-inf,0,Y|K,1
K,4,X,223,C,1,R,4,K,25,S,1,Y,47,C,1,K,19,Y,1,R,1,C,1,X,1,S,1,"L1:[sp=K,4] X=223,C=1,R=4,K=25,S=1,Y=47 || L2:[sp=C,1] K=19,Y=1,R=1,C=1,X=1,S=1",-inf,-inf,0,K|C,1
C,4,X,221,R,4,C,3,Y,222,S,5,K,27,K,1,K,1,R,4,C,1,Y,1,X,70,S,1,"L1:[sp=C,4] X=221,R=4,C=3,Y=222,S=5,K=27 || L2:[sp=K,1] K=1,R=4,C=1,Y=1,X=70,S=1",-inf,-inf,0,C|K,1
K,4,X,223,C,2,R,6,K,25,S,6,Y,222,C,1,K,19,Y,4,R,1,C,2,X,1,S,4,"L1:[sp=K,4] X=223,C=2,R=6,K=25,S=6,Y=222 || L2:[sp=C,1] K=19,Y=4,R=1,C=2,X=1,S=4",-inf,-inf,0,K|C,1
C,4,X,223,C,2,R,2,K,43,S,5,Y,187,K,3,K,1,Y,1,R,2,C,1,X,155,S,1,"L1:[sp=C,4] X=223,C=2,R=2,K=43,S=5,Y=187 || L2:[sp=K,3] K=1,Y=1,R=2,C=1,X=155,S=1",-inf,-inf,0,C|K,1
C,4,X,221,C,2,R,6,K,5,S,6,Y,222,K,3,K,1,Y,152,R,1,C,1,X,70,S,4,"L1:[sp=C,4] X=221,C=2,R=6,K=5,S=6,Y=222 || L2:[sp=K,3] K=1,Y=152,R=1,C=1,X=70,S=4",-inf,-inf,0,C|K,1
C,4,X,221,R,1,C,1,Y,222,S,1,K,27,K,1,K,1,R,1,C,1,Y,1,X,70,S,1,"L1:[sp=C,4] X=221,R=1,C=1,Y=222,S=1,K=27 || L2:[sp=K,1] K=1,R=1,C=1,Y=1,X=70,S=1",-inf,-inf,0,C|K,1
C,4,C,1,Y,222,X,221,R,4,S,6,K,27,K,1,K,1,R,1,C,1,Y,1,X,206,S,5,"L1:[sp=C,4] C=1,Y=222,X=221,R=4,S=6,K=27 || L2:[sp=K,1] K=1,R=1,C=1,Y=1,X=206,S=5",-inf,-inf,0,C|K,1
C,4,C,1,Y,79,X,221,R,4,S,4,K,27,K,1,K,1,R,1,C,1,Y,1,X,70,S,1,"L1:[sp=C,4] C=1,Y=79,X=221,R=4,S=4,K=27 || L2:[sp=K,1] K=1,R=1,C=1,Y=1,X=70,S=1",-inf,-inf,0,C|K,1
K,4,X,140,R,2,C,1,K,9,S,1,Y,138,K,3,K,1,Y,1,R,2,C,1,X,1,S,1,"L1:[sp=K,4] X=140,R=2,C=1,K=9,S=1,Y=138 || L2:[sp=K,3] K=1,Y=1,R=2,C=1,X=1,S=1",-inf,-inf,0,K|K,1
C,4,X,221,Y,222,C,1,R,4,S,6,K,27,K,1,K,27,S,5,C,1,Y,1,X,70,R,1,"L1:[sp=C,4] X=221,Y=222,C=1,R=4,S=6,K=27 || L2:[sp=K,1] K=27,S=5,C=1,Y=1,X=70,R=1",-inf,-inf,0,C|K,1
C,4,X,223,R,6,C,3,Y,222,S,6,K,27,C,1,C,1,R,1,K,5,Y,174,X,1,S,4,"L1:[sp=C,4] X=223,R=6,C=3,Y=222,S=6,K=27 || L2:[sp=C,1] C=1,R=1,K=5,Y=174,X=1,S=4",-inf,-inf,0,C|C,1
K,4,X,221,R,4,C,2,K,43,S,5,Y,222,K,3,K,1,Y,1,R,3,C,2,X,70,S,1,"L1:[sp=K,4] X=221,R=4,C=2,K=43,S=5,Y=222 || L2:[sp=K,3] K=1,Y=1,R=3,C=2,X=70,S=1",-inf,-inf,0,K|K,1
C,4,X,221,R,4,C,1,Y,222,S,5,K,27,K,1,K,1,R,3,C,1,Y,1,X,89,S,1,"L1:[sp=C,4] X=221,R=4,C=1,Y=222,S=5,K=27 || L2:[sp=K,1] K=1,R=3,C=1,Y=1,X=89,S=1",-inf,-inf,0,C|K,1
C,4,X,223,Y,222,C,1,R,4,S,5,K,49,K,1,K,1,S,1,C,1,Y,1,X,1,R,1,"L1:[sp=C,4] X=223,Y=222,C=1,R=4,S=5,K=49 || L2:[sp=K,1] K=1,S=1,C=1,Y=1,X=1,R=1",-inf,-inf,0,C|K,1
C,4,C,1,R,2,X,146,Y,138,S,5,K,27,K,1,K,1,R,2,C,1,Y,1,X,1,S,1,"L1:[sp=C,4] C=1,R=2,X=146,Y=138,S=5,K=27 || L2:[sp=K,1] K=1,R=2,C=1,Y=1,X=1,S=1",-inf,-inf,0,C|K,1
K,4,X,221,S,5,C,1,K,27,R,4,Y,81,K,3,K,1,Y,1,R,1,C,1,X,89,S,4,"L1:[sp=K,4] X=221,S=5,C=1,K=27,R=4,Y=81 || L2:[sp=K,3] K=1,Y=1,R=1,C=1,X=89,S=4",-inf,-inf,0,K|K,1
C,4,C,3,R,2,X,221,Y,38,S,5,K,27,C,1,C,1,K,1,R,2,Y,1,X,70,S,1,"L1:[sp=C,4] C=3,R=2,X=221,Y=38,S=5,K=27 || L2:[sp=C,1] C=1,K=1,R=2,Y=1,X=70,S=1",-inf,-inf,0,C|C,1
K,4,X,223,R,6,C,1,K,27,S,5,Y,211,K,3,K,1,Y,1,S,1,C,1,X,1,R,6,"L1:[sp=K,4] X=223,R=6,C=1,K=27,S=5,Y=211 || L2:[sp=K,3] K=1,Y=1,S=1,C=1,X=1,R=6",-inf,-inf,0,K|K,1
K,4,X,221,R,4,C,1,Y,194,S,6,K,27,Y,1,K,1,R,1,C,1,Y,1,X,36,S,3,"L1:[sp=K,4] X=221,R=4,C=1,Y=194,S=6,K=27 || L2:[sp=Y,1] K=1,R=1,C=1,Y=1,X=36,S=3",-inf,-inf,0,K|Y,1
K,4,Y,211,R,2,C,1,K,27,S,7,X,162,K,3,K,1,Y,1,X,1,C,1,R,2,S,1,"L1:[sp=K,4] Y=211,R=2,C=1,K=27,S=7,X=162 || L2:[sp=K,3] K=1,Y=1,X=1,C=1,R=2,S=1",-inf,-inf,0,K|K,1
C,4,C,1,Y,222,X,221,R,4,S,5,K,27,K,1,K,1,R,4,C,1,Y,43,X,70,S,1,"L1:[sp=C,4] C=1,Y=222,X=221,R=4,S=5,K=27 || L2:[sp=K,1] K=1,R=4,C=1,Y=43,X=70,S=1",-inf,-inf,0,C|K,1
K,4,X,223,R,4,C,1,K,27,S,5,Y,211,K,3,K,3,Y,80,R,3,C,1,X,1,S,1,"L1:[sp=K,4] X=223,R=4,C=1,K=27,S=5,Y=211 || L2:[sp=K,3] K=3,Y=80,R=3,C=1,X=1,S=1",-inf,-inf,0,K|K,1
C,4,C,1,Y,222,X,223,R,2,S,2,K,27,Y,6,K,1,R,2,C,1,Y,1,X,1,S,1,"L1:[sp=C,4] C=1,Y=222,X=223,R=2,S=2,K=27 || L2:[sp=Y,6] K=1,R=2,C=1,Y=1,X=1,S=1",-inf,-inf,0,C|Y,1
Y,4,X,158,R,4,C,1,Y,194,S,5,K,27,K,1,K,1,R,1,C,1,Y,1,X,89,S,1,"L1:[sp=Y,4] X=158,R=4,C=1,Y=194,S=5,K=27 || L2:[sp=K,1] K=1,R=1,C=1,Y=1,X=89,S=1",-inf,-inf,0,Y|K,1
K,4,X,223,R,4,C,2,K,27,S,6,Y,222,K,3,K,1,Y,1,R,1,X,1,C,1,S,5,"L1:[sp=K,4] X=223,R=4,C=2,K=27,S=6,Y=222 || L2:[sp=K,3] K=1,Y=1,R=1,X=1,C=1,S=5",-inf,-inf,0,K|K,1
Y,4,X,221,R,2,C,1,Y,194,S,5,K,27,K,1,K,1,R,1,C,1,Y,1,X,89,S,1,"L1:[sp=Y,4] X=221,R=2,C=1,Y=194,S=5,K=27 || L2:[sp=K,1] K=1,R=1,C=1,Y=1,X=89,S=1",-inf,-inf,0,Y|K,1
K,4,C,2,R,3,X,223,K,27,S,6,Y,222,K,3,K,1,Y,1,R,1,X,103,C,1,S,3,"L1:[sp=K,4] C=2,R=3,X=223,K=27,S=6,Y=222 || L2:[sp=K,3] K=1,Y=1,R=1,X=103,C=1,S=3",-inf,-inf,0,K|K,1
K,4,X,223,R,1,C,2,K,27,S,7,Y,222,K,3,R,1,Y,1,K,1,X,1,C,1,S,6,"L1:[sp=K,4] X=223,R=1,C=2,K=27,S=7,Y=222 || L2:[sp=K,3] R=1,Y=1,K=1,X=1,C=1,S=6",-inf,-inf,0,K|K,1
C,4,C,1,Y,222,X,221,R,4,S,6,K,27,K,1,K,1,R,1,C,1,Y,134,X,70,S,4,"L1:[sp=C,4] C=1,Y=222,X=221,R=4,S=6,K=27 || L2:[sp=K,1] K=1,R=1,C=1,Y=134,X=70,S=4",-inf,-inf,0,C|K,1
C,4,X,223,S,5,C,3,K,27,R,4,Y,138,K,3,C,1,Y,96,R,2,S,5,X,1,K,1,"L1:[sp=C,4] X=223,S=5,C=3,K=27,R=4,Y=138 || L2:[sp=K,3] C=1,Y=96,R=2,S=5,X=1,K=1",-inf,-inf,0,C|K,1
C,4,C,3,R,6,X,221,Y,171,S,5,K,27,Y,21,S,1,R,1,K,1,Y,152,X,70,C,1,"L1:[sp=C,4] C=3,R=6,X=221,Y=171,S=5,K=27 || L2:[sp=Y,21] S=1,R=1,K=1,Y=152,X=70,C=1",-inf,-inf,0,C|Y,1
C,4,C,2,Y,58,X,221,R,4,S,5,K,52,K,1,K,1,R,3,C,1,Y,1,X,70,S,1,"L1:[sp=C,4] C=2,Y=58,X=221,R=4,S=5,K=52 || L2:[sp=K,1] K=1,R=3,C=1,Y=1,X=70,S=1",-inf,-inf,0,C|K,1
C,4,C,3,Y,222,X,223,R,4,S,5,K,27,K,1,K,1,R,3,C,1,Y,1,X,1,S,4,"L1:[sp=C,4] C=3,Y=222,X=223,R=4,S=5,K=27 || L2:[sp=K,1] K=1,R=3,C=1,Y=1,X=1,S=4",-inf,-inf,0,C|K,1
K,4,X,223,R,2,C,1,K,27,S,5,Y,138,C,3,C,1,Y,96,R,2,S,1,X,1,K,1,"L1:[sp=K,4] X=223,R=2,C=1,K=27,S=5,Y=138 || L2:[sp=C,3] C=1,Y=96,R=2,S=1,X=1,K=1",-inf,-inf,0,K|C,1
C,4,C,2,S,6,X,221,R,4,Y,222,K,27,K,1,K,1,R,1,C,2,Y,160,X,70,S,3,"L1:[sp=C,4] C=2,S=6,X=221,R=4,Y=222,K=27 || L2:[sp=K,1] K=1,R=1,C=2,Y=160,X=70,S=3",-inf,-inf,0,C|K,1
C,4,C,3,Y,222,X,112,R,4,S,3,K,27,K,1,K,1,R,3,C,1,Y,1,X,1,S,1,"L1:[sp=C,4] C=3,Y=222,X=112,R=4,S=3,K=27 || L2:[sp=K,1] K=1,R=3,C=1,Y=1,X=1,S=1",-inf,-inf,0,C|K,1
C,4,C,1,Y,195,X,223,R,4,S,5,K,27,X,28,K,1,S,1,C,1,Y,1,X,1,R,3,"L1:[sp=C,4] C=1,Y=195,X=223,R=4,S=5,K=27 || L2:[sp=X,28] K=1,S=1,C=1,Y=1,X=1,R=3",-inf,-inf,0,C|X,1
C,4,C,1,Y,33,X,25,R,4,S,1,K,27,C,1,K,1,R,1,C,1,Y,1,X,25,S,1,"L1:[sp=C,4] C=1,Y=33,X=25,R=4,S=1,K=27 || L2:[sp=C,1] K=1,R=1,C=1,Y=1,X=25,S=1",-inf,-inf,0,C|C,1
C,4,C,3,Y,222,X,223,R,4,S,5,K,27,C,3,C,1,R,3,K,1,Y,1,X,1,S,1,"L1:[sp=C,4] C=3,Y=222,X=223,R=4,S=5,K=27 || L2:[sp=C,3] C=1,R=3,K=1,Y=1,X=1,S=1",-inf,-inf,0,C|C,1
C,4,C,3,Y,222,X,223,R,4,S,1,K,27,Y,12,K,1,X,1,C,1,Y,1,R,3,S,1,"L1:[sp=C,4] C=3,Y=222,X=223,R=4,S=1,K=27 || L2:[sp=Y,12] K=1,X=1,C=1,Y=1,R=3,S=1",-inf,-inf,0,C|Y,1
C,4,C,3,Y,138,X,223,R,2,S,5,K,27,C,1,K,1,R,2,C,1,Y,96,X,1,S,1,"L1:[sp=C,4] C=3,Y=138,X=223,R=2,S=5,K=27 || L2:[sp=C,1] K=1,R=2,C=1,Y=96,X=1,S=1",-inf,-inf,0,C|C,1
K,4,X,221,R,4,C,1,K,34,S,6,Y,222,C,3,C,1,Y,178,R,1,S,3,X,70,K,1,"L1:[sp=K,4] X=221,R=4,C=1,K=34,S=6,Y=222 || L2:[sp=C,3] C=1,Y=178,R=1,S=3,X=70,K=1",-inf,-inf,0,K|C,1
C,4,C,1,Y,222,R,4,X,221,S,1,K,27,C,1,K,1,R,4,C,1,Y,1,X,70,S,1,"L1:[sp=C,4] C=1,Y=222,R=4,X=221,S=1,K=27 || L2:[sp=C,1] K=1,R=4,C=1,Y=1,X=70,S=1",-inf,-inf,0,C|C,1
K,4,Y,87,R,2,C,1,K,27,S,6,X,223,K,3,K,1,Y,1,C,1,R,1,X,1,S,3,"L1:[sp=K,4] Y=87,R=2,C=1,K=27,S=6,X=223 || L2:[sp=K,3] K=1,Y=1,C=1,R=1,X=1,S=3",-inf,-inf,0,K|K,1
Y,4,C,2,S,5,X,221,R,4,Y,222,K,36,K,1,Y,1,R,1,C,2,K,36,X,70,S,4,"L1:[sp=Y,4] C=2,S=5,X=221,R=4,Y=222,K=36 || L2:[sp=K,1] Y=1,R=1,C=2,K=36,X=70,S=4",-inf,-inf,0,Y|K,1
C,4,C,1,Y,222,X,223,R,4,S,5,K,27,K,1,R,3,K,1,C,1,Y,171,X,1,S,1,"L1:[sp=C,4] C=1,Y=222,X=223,R=4,S=5,K=27 || L2:[sp=K,1] R=3,K=1,C=1,Y=171,X=1,S=1",-inf,-inf,0,C|K,1
C,4,C,1,Y,222,R,4,X,221,S,1,K,27,C,1,K,1,R,1,C,1,Y,199,X,70,S,1,"L1:[sp=C,4] C=1,Y=222,R=4,X=221,S=1,K=27 || L2:[sp=C,1] K=1,R=1,C=1,Y=199,X=70,S=1",-inf,-inf,0,C|C,1
Y,4,C,2,S,5,X,221,R,4,Y,222,K,36,K,1,Y,164,S,1,C,1,K,1,X,70,R,1,"L1:[sp=Y,4] C=2,S=5,X=221,R=4,Y=222,K=36 || L2:[sp=K,1] Y=164,S=1,C=1,K=1,X=70,R=1",-inf,-inf,0,Y|K,1
C,4,C,1,Y,222,X,221,R,4,S,5,K,27,K,1,K,1,R,3,C,1,Y,1,X,70,S,2,"L1:[sp=C,4] C=1,Y=222,X=221,R=4,S=5,K=27 || L2:[sp=K,1] K=1,R=3,C=1,Y=1,X=70,S=2",-inf,-inf,0,C|K,1
K,4,C,2,S,5,X,223,R,4,Y,222,K,36,K,1,Y,1,R,3,C,2,K,1,X,174,S,1,"L1:[sp=K,4] C=2,S=5,X=223,R=4,Y=222,K=36 || L2:[sp=K,1] Y=1,R=3,C=2,K=1,X=174,S=1",-inf,-inf,0,K|K,1
Y,4,C,1,S,5,X,223,R,4,Y,222,K,21,K,1,Y,1,R,3,C,1,K,1,X,1,S,1,"L1:[sp=Y,4] C=1,S=5,X=223,R=4,Y=222,K=21 || L2:[sp=K,1] Y=1,R=3,C=1,K=1,X=1,S=1",-inf,-inf,0,Y|K,1
C,4,C,2,Y,222,X,221,R,4,S,3,K,39,K,1,K,1,R,1,C,2,Y,1,X,70,S,2,"L1:[sp=C,4] C=2,Y=222,X=221,R=4,S=3,K=39 || L2:[sp=K,1] K=1,R=1,C=2,Y=1,X=70,S=2",-inf,-inf,0,C|K,1
C,4,C,3,S,5,K,62,R,4,X,190,Y,222,C,1,K,1,R,2,C,1,Y,1,X,27,S,1,"L1:[sp=C,4] C=3,S=5,K=62,R=4,X=190,Y=222 || L2:[sp=C,1] K=1,R=2,C=1,Y=1,X=27,S=1",-inf,-inf,0,C|C,1
C,4,C,1,Y,222,X,223,R,4,K,27,S,5,K,1,K,1,R,1,C,1,Y,1,X,133,S,1,"L1:[sp=C,4] C=1,Y=222,X=223,R=4,K=27,S=5 || L2:[sp=K,1] K=1,R=1,C=1,Y=1,X=133,S=1",-inf,-inf,0,C|K,1
C,4,C,1,Y,222,X,223,R,4,S,5,K,27,K,1,K,1,X,5,R,3,Y,102,C,1,S,1,"L1:[sp=C,4] C=1,Y=222,X=223,R=4,S=5,K=27 || L2:[sp=K,1] K=1,X=5,R=3,Y=102,C=1,S=1",-inf,-inf,0,C|K,1
C,4,C,1,Y,222,X,223,R,4,S,5,K,27,Y,8,K,1,R,3,C,1,Y,1,X,1,S,1,"L1:[sp=C,4] C=1,Y=222,X=223,R=4,S=5,K=27 || L2:[sp=Y,8] K=1,R=3,C=1,Y=1,X=1,S=1",-inf,-inf,0,C|Y,1
K,4,C,1,Y,222,R,4,X,223,S,5,K,27,C,1,K,1,R,3,C,1,Y,146,X,5,S,4,"L1:[sp=K,4] C=1,Y=222,R=4,X=223,S=5,K=27 || L2:[sp=C,1] K=1,R=3,C=1,Y=146,X=5,S=4",-inf,-inf,0,K|C,1
C,4,C,3,S,7,K,27,R,2,Y,222,X,139,K,1,K,1,R,2,C,1,Y,94,X,1,S,1,"L1:[sp=C,4] C=3,S=7,K=27,R=2,Y=222,X=139 || L2:[sp=K,1] K=1,R=2,C=1,Y=94,X=1,S=1",-inf,-inf,0,C|K,1
C,4,C,3,S,3,X,221,R,4,Y,102,K,27,C,1,K,1,R,1,C,1,Y,1,X,70,S,2,"L1:[sp=C,4] C=3,S=3,X=221,R=4,Y=102,K=27 || L2:[sp=C,1] K=1,R=1,C=1,Y=1,X=70,S=2",-inf,-inf,0,C|C,1
K,4,C,1,Y,222,R,4,X,223,S,5,K,3,C,1,K,1,R,1,C,1,Y,1,X,197,S,1,"L1:[sp=K,4] C=1,Y=222,R=4,X=223,S=5,K=3 || L2:[sp=C,1] K=1,R=1,C=1,Y=1,X=197,S=1",-inf,-inf,0,K|C,1
K,4,X,88,C,1,K,27,R,2,S,5,Y,222,K,1,K,1,R,2,X,1,Y,1,C,1,S,1,"L1:[sp=K,4] X=88,C=1,K=27,R=2,S=5,Y=222 || L2:[sp=K,1] K=1,R=2,X=1,Y=1,C=1,S=1",-inf,-inf,0,K|K,1
K,4,C,3,S,5,K,27,R,7,Y,222,X,223,K,9,K,1,R,3,C,1,Y,134,X,1,S,2,"L1:[sp=K,4] C=3,S=5,K=27,R=7,Y=222,X=223 || L2:[sp=K,9] K=1,R=3,C=1,Y=134,X=1,S=2",-inf,-inf,0,K|K,1
K,4,Y,222,S,2,K,27,R,4,C,1,X,221,C,1,X,1,R,3,C,1,Y,12,K,1,S,1,"L1:[sp=K,4] Y=222,S=2,K=27,R=4,C=1,X=221 || L2:[sp=C,1] X=1,R=3,C=1,Y=12,K=1,S=1",-inf,-inf,0,K|C,1
K,4,C,3,S,5,K,48,Y,222,R,4,X,223,C,1,K,25,R,1,C,1,Y,1,X,108,S,1,"L1:[sp=K,4] C=3,S=5,K=48,Y=222,R=4,X=223 || L2:[sp=C,1] K=25,R=1,C=1,Y=1,X=108,S=1",-inf,-inf,0,K|C,1
X,4,C,1,S,5,K,27,R,4,Y,222,X,221,C,1,C,1,R,3,K,1,Y,12,X,69,S,1,"L1:[sp=X,4] C=1,S=5,K=27,R=4,Y=222,X=221 || L2:[sp=C,1] C=1,R=3,K=1,Y=12,X=69,S=1",-inf,-inf,0,X|C,1
K,4,C,3,S,7,K,27,R,3,Y,222,X,223,C,1,K,25,R,1,C,1,Y,1,X,141,S,1,"L1:[sp=K,4] C=3,S=7,K=27,R=3,Y=222,X=223 || L2:[sp=C,1] K=25,R=1,C=1,Y=1,X=141,S=1",-inf,-inf,0,K|C,1
K,4,C,3,S,5,K,27,R,4,Y,156,X,89,K,9,K,1,R,4,C,1,Y,1,X,1,S,1,"L1:[sp=K,4] C=3,S=5,K=27,R=4,Y=156,X=89 || L2:[sp=K,9] K=1,R=4,C=1,Y=1,X=1,S=1",-inf,-inf,0,K|K,1
K,4,C,3,S,7,K,27,R,4,Y,59,X,89,K,9,X,1,R,1,C,1,Y,1,K,1,S,1,"L1:[sp=K,4] C=3,S=7,K=27,R=4,Y=59,X=89 || L2:[sp=K,9] X=1,R=1,C=1,Y=1,K=1,S=1",-inf,-inf,0,K|K,1
C,4,C,1,S,5,K,27,R,4,Y,222,X,221,C,1,K,1,R,1,C,1,Y,12,X,1,S,3,"L1:[sp=C,4] C=1,S=5,K=27,R=4,Y=222,X=221 || L2:[sp=C,1] K=1,R=1,C=1,Y=12,X=1,S=3",-inf,-inf,0,C|C,1
K,4,C,3,S,7,K,46,R,4,Y,222,X,169,C,1,K,25,R,1,C,1,Y,1,X,1,S,1,"L1:[sp=K,4] C=3,S=7,K=46,R=4,Y=222,X=169 || L2:[sp=C,1] K=25,R=1,C=1,Y=1,X=1,S=1",-inf,-inf,0,K|C,1
K,4,C,1,S,5,K,38,R,4,Y,222,X,223,C,1,K,1,R,1,C,1,Y,1,X,1,S,1,"L1:[sp=K,4] C=1,S=5,K=38,R=4,Y=222,X=223 || L2:[sp=C,1] K=1,R=1,C=1,Y=1,X=1,S=1",-inf,-inf,0,K|C,1
X,4,C,3,S,5,K,27,R,5,Y,222,X,223,Y,8,K,1,R,1,C,1,Y,12,X,142,S,4,"L1:[sp=X,4] C=3,S=5,K=27,R=5,Y=222,X=223 || L2:[sp=Y,8] K=1,R=1,C=1,Y=12,X=142,S=4",-inf,-inf,0,X|Y,1
K,4,C,1,S,5,K,37,R,1,Y,222,X,223,C,1,K,1,R,1,C,1,Y,12,X,1,S,3,"L1:[sp=K,4] C=1,S=5,K=37,R=1,Y=222,X=223 || L2:[sp=C,1] K=1,R=1,C=1,Y=12,X=1,S=3",-inf,-inf,0,K|C,1
K,4,C,3,S,6,K,46,R,5,Y,222,X,223,C,1,K,25,R,1,C,1,Y,1,X,1,S,4,"L1:[sp=K,4] C=3,S=6,K=46,R=5,Y=222,X=223 || L2:[sp=C,1] K=25,R=1,C=1,Y=1,X=1,S=4",-inf,-inf,0,K|C,1
K,4,C,1,S,6,K,37,R,3,Y,222,X,223,C,1,R,1,K,1,C,1,Y,12,X,1,S,4,"L1:[sp=K,4] C=1,S=6,K=37,R=3,Y=222,X=223 || L2:[sp=C,1] R=1,K=1,C=1,Y=12,X=1,S=4",-inf,-inf,0,K|C,1
K,4,C,1,S,5,K,27,R,4,Y,222,X,221,C,1,K,20,R,3,C,1,Y,12,X,1,S,4,"L1:[sp=K,4] C=1,S=5,K=27,R=4,Y=222,X=221 || L2:[sp=C,1] K=20,R=3,C=1,Y=12,X=1,S=4",-inf,-inf,0,K|C,1
K,4,C,1,S,6,K,37,R,5,Y,222,X,223,C,1,K,1,R,1,C,1,Y,12,X,1,S,6,"L1:[sp=K,4] C=1,S=6,K=37,R=5,Y=222,X=223 || L2:[sp=C,1] K=1,R=1,C=1,Y=12,X=1,S=6",-inf,-inf,0,K|C,1
C,4,C,1,S,5,K,27,R,7,Y,113,X,221,K,1,K,1,R,3,C,1,Y,12,X,1,S,4,"L1:[sp=C,4] C=1,S=5,K=27,R=7,Y=113,X=221 || L2:[sp=K,1] K=1,R=3,C=1,Y=12,X=1,S=4",-inf,-inf,0,C|K,1
K,4,C,3,K,27,Y,222,R,5,S,3,X,79,C,1,K,1,R,1,C,1,Y,94,X,1,S,3,"L1:[sp=K,4] C=3,K=27,Y=222,R=5,S=3,X=79 || L2:[sp=C,1] K=1,R=1,C=1,Y=94,X=1,S=3",-inf,-inf,0,K|C,1
K,4,C,3,S,5,K,27,R,2,Y,222,X,118,C,1,K,1,R,1,C,1,Y,1,X,73,S,1,"L1:[sp=K,4] C=3,S=5,K=27,R=2,Y=222,X=118 || L2:[sp=C,1] K=1,R=1,C=1,Y=1,X=73,S=1",-inf,-inf,0,K|C,1
K,4,C,1,S,6,K,37,R,5,Y,222,X,164,C,1,K,1,Y,12,C,1,R,1,X,1,S,4,"L1:[sp=K,4] C=1,S=6,K=37,R=5,Y=222,X=164 || L2:[sp=C,1] K=1,Y=12,C=1,R=1,X=1,S=4",-inf,-inf,0,K|C,1
X,4,C,3,S,5,K,27,R,4,Y,222,X,207,C,1,K,1,R,4,C,1,Y,1,X,1,S,1,"L1:[sp=X,4] C=3,S=5,K=27,R=4,Y=222,X=207 || L2:[sp=C,1] K=1,R=4,C=1,Y=1,X=1,S=1",-inf,-inf,0,X|C,1
K,4,C,3,S,6,K,27,R,5,Y,222,X,49,C,1,K,1,R,1,C,1,Y,1,X,1,S,4,"L1:[sp=K,4] C=3,S=6,K=27,R=5,Y=222,X=49 || L2:[sp=C,1] K=1,R=1,C=1,Y=1,X=1,S=4",-inf,-inf,0,K|C,1
C,4,C,1,S,3,K,37,R,5,Y,222,X,223,K,1,K,1,R,3,X,1,Y,12,C,1,S,3,"L1:[sp=C,4] C=1,S=3,K=37,R=5,Y=222,X=223 || L2:[sp=K,1] K=1,R=3,X=1,Y=12,C=1,S=3",-inf,-inf,0,C|K,1
C,4,C,3,S,3,K,27,R,5,Y,33,X,223,K,1,K,1,R,1,C,1,Y,1,X,1,S,2,"L1:[sp=C,4] C=3,S=3,K=27,R=5,Y=33,X=223 || L2:[sp=K,1] K=1,R=1,C=1,Y=1,X=1,S=2",-inf,-inf,0,C|K,1
X,4,R,5,S,6,K,27,C,3,Y,222,X,223,C,1,K,1,R,1,C,1,S,4,X,93,Y,108,"L1:[sp=X,4] R=5,S=6,K=27,C=3,Y=222,X=223 || L2:[sp=C,1] K=1,R=1,C=1,S=4,X=93,Y=108",-inf,-inf,0,X|C,1
X,4,C,3,S,5,X,223,R,4,Y,222,K,27,Y,84,K,1,R,1,C,1,Y,1,X,1,S,5,"L1:[sp=X,4] C=3,S=5,X=223,R=4,Y=222,K=27 || L2:[sp=Y,84] K=1,R=1,C=1,Y=1,X=1,S=5",-inf,-inf,0,X|Y,1
Y,4,C,3,S,5,X,223,R,2,Y,222,K,27,C,1,K,1,R,2,C,1,Y,1,X,1,S,1,"L1:[sp=Y,4] C=3,S=5,X=223,R=2,Y=222,K=27 || L2:[sp=C,1] K=1,R=2,C=1,Y=1,X=1,S=1",-inf,-inf,0,Y|C,1
K,4,C,3,S,6,K,37,Y,222,R,5,X,223,K,1,K,7,R,1,C,1,Y,12,X,1,S,4,"L1:[sp=K,4] C=3,S=6,K=37,Y=222,R=5,X=223 || L2:[sp=K,1] K=7,R=1,C=1,Y=12,X=1,S=4",-inf,-inf,0,K|K,1
X,4,C,3,S,6,X,200,R,2,Y,222,K,27,C,1,K,1,R,2,C,1,Y,1,X,88,S,4,"L1:[sp=X,4] C=3,S=6,X=200,R=2,Y=222,K=27 || L2:[sp=C,1] K=1,R=2,C=1,Y=1,X=88,S=4",-inf,-inf,0,X|C,1
K,4,C,1,S,2,K,37,R,2,Y,222,X,223,K,1,K,1,R,2,C,1,Y,12,X,1,S,1,"L1:[sp=K,4] C=1,S=2,K=37,R=2,Y=222,X=223 || L2:[sp=K,1] K=1,R=2,C=1,Y=12,X=1,S=1",-inf,-inf,0,K|K,1
X,4,C,3,S,6,X,67,R,5,Y,222,K,27,Y,12,K,1,R,1,C,1,Y,1,X,1,S,4,"L1:[sp=X,4] C=3,S=6,X=67,R=5,Y=222,K=27 || L2:[sp=Y,12] K=1,R=1,C=1,Y=1,X=1,S=4",-inf,-inf,0,X|Y,1
X,4,C,3,R,1,X,124,S,5,Y,222,K,27,C,1,K,1,R,1,C,1,Y,1,X,124,S,1,"L1:[sp=X,4] C=3,R=1,X=124,S=5,Y=222,K=27 || L2:[sp=C,1] K=1,R=1,C=1,Y=1,X=124,S=1",-inf,-inf,0,X|C,1
K,4,C,1,S,6,K,37,R,5,Y,222,X,223,K,1,K,11,R,1,C,1,Y,12,X,1,S,4,"L1:[sp=K,4] C=1,S=6,K=37,R=5,Y=222,X=223 || L2:[sp=K,1] K=11,R=1,C=1,Y=12,X=1,S=4",-inf,-inf,0,K|K,1
X,4,C,3,S,5,X,223,R,4,Y,222,K,27,Y,84,K,1,R,1,C,1,Y,1,X,49,S,2,"L1:[sp=X,4] C=3,S=5,X=223,R=4,Y=222,K=27 || L2:[sp=Y,84] K=1,R=1,C=1,Y=1,X=49,S=2",-inf,-inf,0,X|Y,1
X,4,C,3,S,5,X,170,R,5,Y,222,K,27,Y,84,K,1,R,1,C,1,Y,1,X,1,S,5,"L1:[sp=X,4] C=3,S=5,X=170,R=5,Y=222,K=27 || L2:[sp=Y,84] K=1,R=1,C=1,Y=1,X=1,S=5",-inf,-inf,0,X|Y,1
K,4,C,3,K,58,S,7,R,3,Y,222,X,223,K,1,K,1,R,2,C,1,Y,1,X,71,S,1,"L1:[sp=K,4] C=3,K=58,S=7,R=3,Y=222,X=223 || L2:[sp=K,1] K=1,R=2,C=1,Y=1,X=71,S=1",-inf,-inf,0,K|K,1
X,4,C,1,S,5,X,74,R,4,Y,222,K,27,Y,84,K,1,R,1,C,1,Y,12,X,1,S,5,"L1:[sp=X,4] C=1,S=5,X=74,R=4,Y=222,K=27 || L2:[sp=Y,84] K=1,R=1,C=1,Y=12,X=1,S=5",-inf,-inf,0,X|Y,1
K,4,C,1,S,5,K,37,R,4,Y,222,X,223,K,1,K,11,R,1,C,1,Y,86,X,110,S,2,"L1:[sp=K,4] C=1,S=5,K=37,R=4,Y=222,X=223 || L2:[sp=K,1] K=11,R=1,C=1,Y=86,X=110,S=2",-inf,-inf,0,K|K,1
K,4,Y,222,S,5,K,37,R,5,C,1,X,160,K,1,K,11,R,1,C,1,Y,12,X,1,S,5,"L1:[sp=K,4] Y=222,S=5,K=37,R=5,C=1,X=160 || L2:[sp=K,1] K=11,R=1,C=1,Y=12,X=1,S=5",-inf,-inf,0,K|K,1
C,4,C,1,S,5,K,37,R,3,Y,222,X,223,K,1,K,1,R,2,C,1,Y,12,X,1,S,1,"L1:[sp=C,4] C=1,S=5,K=37,R=3,Y=222,X=223 || L2:[sp=K,1] K=1,R=2,C=1,Y=12,X=1,S=1",-inf,-inf,0,C|K,1
X,4,C,3,S,5,X,223,R,4,K,27,Y,222,Y,84,K,1,R,1,C,1,Y,141,X,1,S,5,"L1:[sp=X,4] C=3,S=5,X=223,R=4,K=27,Y=222 || L2:[sp=Y,84] K=1,R=1,C=1,Y=141,X=1,S=5",-inf,-inf,0,X|Y,1
K,4,C,1,S,5,X,223,R,5,Y,222,K,37,K,1,K,11,R,5,C,1,Y,12,X,1,S,1,"L1:[sp=K,4] C=1,S=5,X=223,R=5,Y=222,K=37 || L2:[sp=K,1] K=11,R=5,C=1,Y=12,X=1,S=1",-inf,-inf,0,K|K,1
K,4,C,1,S,5,K,37,R,5,Y,222,X,223,K,1,K,28,R,1,Y,12,C,1,X,1,S,1,"L1:[sp=K,4] C=1,S=5,K=37,R=5,Y=222,X=223 || L2:[sp=K,1] K=28,R=1,Y=12,C=1,X=1,S=1",-inf,-inf,0,K|K,1
K,4,C,2,S,6,K,37,R,4,Y,111,X,128,K,1,K,1,R,1,C,1,S,5,X,1,Y,1,"L1:[sp=K,4] C=2,S=6,K=37,R=4,Y=111,X=128 || L2:[sp=K,1] K=1,R=1,C=1,S=5,X=1,Y=1",-inf,-inf,0,K|K,1
K,4,C,2,S,6,K,37,R,4,Y,222,X,165,C,1,K,1,R,1,C,1,Y,1,X,1,S,5,"L1:[sp=K,4] C=2,S=6,K=37,R=4,Y=222,X=165 || L2:[sp=C,1] K=1,R=1,C=1,Y=1,X=1,S=5",-inf,-inf,0,K|C,1
K,4,R,5,S,5,K,37,C,2,Y,222,X,223,C,1,K,1,R,1,C,1,Y,12,X,1,S,1,"L1:[sp=K,4] R=5,S=5,K=37,C=2,Y=222,X=223 || L2:[sp=C,1] K=1,R=1,C=1,Y=12,X=1,S=1",-inf,-inf,0,K|C,1
X,4,R,4,S,6,K,27,C,3,Y,222,X,223,C,3,K,1,R,1,C,1,Y,1,X,219,S,5,"L1:[sp=X,4] R=4,S=6,K=27,C=3,Y=222,X=223 || L2:[sp=C,3] K=1,R=1,C=1,Y=1,X=219,S=5",-inf,-inf,0,X|C,1
X,4,R,4,S,5,K,37,C,2,Y,222,X,223,C,1,K,1,R,1,C,1,Y,1,X,1,S,5,"L1:[sp=X,4] R=4,S=5,K=37,C=2,Y=222,X=223 || L2:[sp=C,1] K=1,R=1,C=1,Y=1,X=1,S=5",-inf,-inf,0,X|C,1
K,4,C,2,S,5,K,37,R,5,Y,222,X,223,K,1,K,1,R,2,C,1,Y,12,X,1,S,1,"L1:[sp=K,4] C=2,S=5,K=37,R=5,Y=222,X=223 || L2:[sp=K,1] K=1,R=2,C=1,Y=12,X=1,S=1",-inf,-inf,0,K|K,1
X,4,R,4,S,7,K,27,C,2,Y,222,X,223,C,1,K,1,R,1,S,3,Y,39,X,168,C,1,"L1:[sp=X,4] R=4,S=7,K=27,C=2,Y=222,X=223 || L2:[sp=C,1] K=1,R=1,S=3,Y=39,X=168,C=1",-inf,-inf,0,X|C,1
C,4,C,3,S,7,X,223,K,27,Y,222,R,6,X,1,K,1,R,2,C,1,Y,172,X,1,S,1,"L1:[sp=C,4] C=3,S=7,X=223,K=27,Y=222,R=6 || L2:[sp=X,1] K=1,R=2,C=1,Y=172,X=1,S=1",-inf,-inf,0,C|X,1
K,4,C,2,S,6,K,37,R,4,Y,222,X,223,K,1,K,36,Y,12,C,1,R,2,X,1,S,5,"L1:[sp=K,4] C=2,S=6,K=37,R=4,Y=222,X=223 || L2:[sp=K,1] K=36,Y=12,C=1,R=2,X=1,S=5",-inf,-inf,0,K|K,1
C,4,C,1,S,1,X,223,K,27,Y,186,R,5,C,1,K,1,R,1,C,1,Y,12,X,1,S,1,"L1:[sp=C,4] C=1,S=1,X=223,K=27,Y=186,R=5 || L2:[sp=C,1] K=1,R=1,C=1,Y=12,X=1,S=1",-inf,-inf,0,C|C,1
K,4,C,1,S,5,K,37,R,6,Y,222,X,223,K,1,K,1,R,2,C,1,Y,1,X,1,S,1,"L1:[sp=K,4] C=1,S=5,K=37,R=6,Y=222,X=223 || L2:[sp=K,1] K=1,R=2,C=1,Y=1,X=1,S=1",-inf,-inf,0,K|K,1
K,4,C,2,S,5,K,37,R,5,Y,222,X,223,K,1,R,1,X,1,C,1,Y,12,S,1,K,1,"L1:[sp=K,4] C=2,S=5,K=37,R=5,Y=222,X=223 || L2:[sp=K,1] R=1,X=1,C=1,Y=12,S=1,K=1",-inf,-inf,0,K|K,1
C,4,R,5,S,5,K,37,C,1,Y,222,X,223,X,1,K,1,R,1,C,1,X,181,Y,7,S,1,"L1:[sp=C,4] R=5,S=5,K=37,C=1,Y=222,X=223 || L2:[sp=X,1] K=1,R=1,C=1,X=181,Y=7,S=1",-inf,-inf,0,C|X,1
K,4,R,4,X,223,K,27,C,3,Y,147,S,5,X,27,K,1,R,1,C,1,Y,122,X,1,S,5,"L1:[sp=K,4] R=4,X=223,K=27,C=3,Y=147,S=5 || L2:[sp=X,27] K=1,R=1,C=1,Y=122,X=1,S=5",-inf,-inf,0,K|X,1
C,4,C,3,S,5,X,223,K,27,Y,222,R,6,C,1,K,1,R,3,C,2,Y,1,X,1,S,1,"L1:[sp=C,4] C=3,S=5,X=223,K=27,Y=222,R=6 || L2:[sp=C,1] K=1,R=3,C=2,Y=1,X=1,S=1",-inf,-inf,0,C|C,1
C,4,C,2,S,5,X,223,K,27,Y,222,R,4,C,1,K,1,R,1,C,1,Y,1,X,1,S,1,"L1:[sp=C,4] C=2,S=5,X=223,K=27,Y=222,R=4 || L2:[sp=C,1] K=1,R=1,C=1,Y=1,X=1,S=1",-inf,-inf,0,C|C,1
C,4,C,3,S,5,X,223,K,54,Y,222,R,6,X,1,K,19,R,2,C,1,Y,1,X,1,S,1,"L1:[sp=C,4] C=3,S=5,X=223,K=54,Y=222,R=6 || L2:[sp=X,1] K=19,R=2,C=1,Y=1,X=1,S=1",-inf,-inf,0,C|X,1
C,4,C,3,S,5,X,223,K,27,Y,222,R,6,X,1,K,5,R,2,C,3,X,1,Y,115,S,5,"L1:[sp=C,4] C=3,S=5,X=223,K=27,Y=222,R=6 || L2:[sp=X,1] K=5,R=2,C=3,X=1,Y=115,S=5",-inf,-inf,0,C|X,1
X,4,S,5,C,3,X,223,K,27,Y,222,R,5,C,1,K,1,R,2,C,1,Y,150,X,2,S,1,"L1:[sp=X,4] S=5,C=3,X=223,K=27,Y=222,R=5 || L2:[sp=C,1] K=1,R=2,C=1,Y=150,X=2,S=1",-inf,-inf,0,X|C,1
C,4,C,1,K,27,X,223,S,5,R,6,Y,222,X,1,S,1,X,1,C,1,Y,221,R,2,K,21,"L1:[sp=C,4] C=1,K=27,X=223,S=5,R=6,Y=222 || L2:[sp=X,1] S=1,X=1,C=1,Y=221,R=2,K=21",-inf,-inf,0,C|X,1
X,4,C,2,S,4,X,223,K,27,R,6,Y,222,C,1,K,1,R,2,C,1,Y,1,X,79,S,4,"L1:[sp=X,4] C=2,S=4,X=223,K=27,R=6,Y=222 || L2:[sp=C,1] K=1,R=2,C=1,Y=1,X=79,S=4",-inf,-inf,0,X|C,1
C,4,S,5,C,3,X,223,K,27,Y,222,R,6,Y,6,K,18,R,3,C,1,Y,1,X,1,S,3,"L1:[sp=C,4] S=5,C=3,X=223,K=27,Y=222,R=6 || L2:[sp=Y,6] K=18,R=3,C=1,Y=1,X=1,S=3",-inf,-inf,0,C|Y,1
K,4,C,3,S,5,X,196,K,27,Y,222,R,6,C,3,K,1,R,2,C,1,Y,190,X,1,S,1,"L1:[sp=K,4] C=3,S=5,X=196,K=27,Y=222,R=6 || L2:[sp=C,3] K=1,R=2,C=1,Y=190,X=1,S=1",-inf,-inf,0,K|C,1
C,4,S,5,C,3,X,139,K,27,Y,222,R,4,C,1,K,18,R,1,S,1,Y,1,X,46,C,1,"L1:[sp=C,4] S=5,C=3,X=139,K=27,Y=222,R=4 || L2:[sp=C,1] K=18,R=1,S=1,Y=1,X=46,C=1",-inf,-inf,0,C|C,1
C,4,C,3,S,5,X,223,K,27,Y,222,R,6,X,1,C,1,R,4,K,1,Y,1,X,1,S,1,"L1:[sp=C,4] C=3,S=5,X=223,K=27,Y=222,R=6 || L2:[sp=X,1] C=1,R=4,K=1,Y=1,X=1,S=1",-inf,-inf,0,C|X,1
X,4,R,6,X,223,K,45,C,3,Y,222,S,5,K,27,C,1,S,3,X,12,Y,178,K,1,R,3,"L1:[sp=X,4] R=6,X=223,K=45,C=3,Y=222,S=5 || L2:[sp=K,27] C=1,S=3,X=12,Y=178,K=1,R=3",-inf,-inf,0,X|K,1
X,4,C,3,S,4,X,223,K,27,Y,222,R,2,C,3,K,1,R,2,C,1,Y,1,X,1,S,2,"L1:[sp=X,4] C=3,S=4,X=223,K=27,Y=222,R=2 || L2:[sp=C,3] K=1,R=2,C=1,Y=1,X=1,S=2",-inf,-inf,0,X|C,1
X,4,S,5,C,3,X,223,K,27,Y,222,R,5,Y,14,K,18,Y,1,X,1,R,2,C,1,S,1,"L1:[sp=X,4] S=5,C=3,X=223,K=27,Y=222,R=5 || L2:[sp=Y,14] K=18,Y=1,X=1,R=2,C=1,S=1",-inf,-inf,0,X|Y,1
K,4,R,6,X,223,Y,222,C,3,K,45,S,5,X,27,C,2,R,2,X,1,Y,1,K,1,S,1,"L1:[sp=K,4] R=6,X=223,Y=222,C=3,K=45,S=5 || L2:[sp=X,27] C=2,R=2,X=1,Y=1,K=1,S=1",-inf,-inf,0,K|X,1
X,4,R,1,S,5,K,45,C,3,Y,222,X,223,K,27,X,93,R,1,C,2,Y,1,K,1,S,1,"L1:[sp=X,4] R=1,S=5,K=45,C=3,Y=222,X=223 || L2:[sp=K,27] X=93,R=1,C=2,Y=1,K=1,S=1",-inf,-inf,0,X|K,1
X,4,R,6,X,223,K,50,C,1,Y,222,S,3,K,27,C,1,S,1,X,1,Y,20,K,13,R,2,"L1:[sp=X,4] R=6,X=223,K=50,C=1,Y=222,S=3 || L2:[sp=K,27] C=1,S=1,X=1,Y=20,K=13,R=2",-inf,-inf,0,X|K,1
X,4,R,1,X,223,K,45,C,3,Y,19,S,4,K,27,X,1,R,1,C,2,K,1,Y,1,S,3,"L1:[sp=X,4] R=1,X=223,K=45,C=3,Y=19,S=4 || L2:[sp=K,27] X=1,R=1,C=2,K=1,Y=1,S=3",-inf,-inf,0,X|K,1
K,4,R,6,X,223,K,55,C,2,Y,222,S,5,X,27,K,8,R,5,C,1,Y,1,X,1,S,4,"L1:[sp=K,4] R=6,X=223,K=55,C=2,Y=222,S=5 || L2:[sp=X,27] K=8,R=5,C=1,Y=1,X=1,S=4",-inf,-inf,0,K|X,1
C,4,C,3,S,6,X,223,K,27,Y,222,R,5,K,3,K,1,R,4,C,2,Y,1,X,1,S,1,"L1:[sp=C,4] C=3,S=6,X=223,K=27,Y=222,R=5 || L2:[sp=K,3] K=1,R=4,C=2,Y=1,X=1,S=1",-inf,-inf,0,C|K,1
X,4,R,6,X,223,K,45,C,3,Y,222,S,3,K,27,X,1,R,4,C,2,K,34,Y,20,S,1,"L1:[sp=X,4] R=6,X=223,K=45,C=3,Y=222,S=3 || L2:[sp=K,27] X=1,R=4,C=2,K=34,Y=20,S=1",-inf,-inf,0,X|K,1
K,4,R,6,X,223,K,55,C,1,Y,222,S,5,K,11,K,8,R,2,C,1,Y,170,X,9,S,4,"L1:[sp=K,4] R=6,X=223,K=55,C=1,Y=222,S=5 || L2:[sp=K,11] K=8,R=2,C=1,Y=170,X=9,S=4",-inf,-inf,0,K|K,1
X,4,R,6,S,3,K,45,C,3,Y,222,X,223,K,27,X,1,R,2,C,2,K,1,Y,20,S,1,"L1:[sp=X,4] R=6,S=3,K=45,C=3,Y=222,X=223 || L2:[sp=K,27] X=1,R=2,C=2,K=1,Y=20,S=1",-inf,-inf,0,X|K,1
K,4,R,6,X,223,K,45,C,3,Y,222,S,3,C,3,Y,1,R,2,C,2,X,120,K,1,S,3,"L1:[sp=K,4] R=6,X=223,K=45,C=3,Y=222,S=3 || L2:[sp=C,3] Y=1,R=2,C=2,X=120,K=1,S=3",-inf,-inf,0,K|C,1
K,4,R,5,C,1,K,55,X,52,Y,222,S,5,X,27,K,8,Y,212,C,1,R,4,X,1,S,3,"L1:[sp=K,4] R=5,C=1,K=55,X=52,Y=222,S=5 || L2:[sp=X,27] K=8,Y=212,C=1,R=4,X=1,S=3",-inf,-inf,0,K|X,1
K,4,R,6,X,58,Y,39,C,1,S,6,K,45,X,29,X,1,R,2,C,1,Y,1,K,1,S,1,"L1:[sp=K,4] R=6,X=58,Y=39,C=1,S=6,K=45 || L2:[sp=X,29] X=1,R=2,C=1,Y=1,K=1,S=1",-inf,-inf,0,K|X,1
X,4,R,6,X,223,K,45,C,3,Y,222,S,6,K,27,X,1,R,2,C,2,K,1,Y,133,S,1,"L1:[sp=X,4] R=6,X=223,K=45,C=3,Y=222,S=6 || L2:[sp=K,27] X=1,R=2,C=2,K=1,Y=133,S=1",-inf,-inf,0,X|K,1
K,4,R,6,X,223,K,55,C,1,Y,177,S,5,X,8,K,8,R,2,C,1,Y,1,X,1,S,1,"L1:[sp=K,4] R=6,X=223,K=55,C=1,Y=177,S=5 || L2:[sp=X,8] K=8,R=2,C=1,Y=1,X=1,S=1",-inf,-inf,0,K|X,1
K,4,R,5,X,223,K,45,C,2,Y,222,S,5,X,27,Y,1,X,1,C,2,R,2,K,1,S,1,"L1:[sp=K,4] R=5,X=223,K=45,C=2,Y=222,S=5 || L2:[sp=X,27] Y=1,X=1,C=2,R=2,K=1,S=1",-inf,-inf,0,K|X,1
K,4,C,3,X,223,K,45,R,6,Y,222,S,3,K,27,Y,1,R,2,C,2,K,1,X,204,S,3,"L1:[sp=K,4] C=3,X=223,K=45,R=6,Y=222,S=3 || L2:[sp=K,27] Y=1,R=2,C=2,K=1,X=204,S=3",-inf,-inf,0,K|K,1
X,4,R,6,X,223,K,45,C,2,Y,222,S,5,X,1,X,1,R,2,C,2,K,32,S,4,Y,20,"L1:[sp=X,4] R=6,X=223,K=45,C=2,Y=222,S=5 || L2:[sp=X,1] X=1,R=2,C=2,K=32,S=4,Y=20",-inf,-inf,0,X|X,1
K,4,R,5,X,223,K,45,C,3,Y,222,S,5,X,27,R,2,X,1,C,2,Y,1,K,1,S,1,"L1:[sp=K,4] R=5,X=223,K=45,C=3,Y=222,S=5 || L2:[sp=X,27] R=2,X=1,C=2,Y=1,K=1,S=1",-inf,-inf,0,K|X,1
K,4,R,5,X,223,K,55,C,2,Y,222,S,7,X,27,K,16,S,1,C,1,Y,1,X,1,R,2,"L1:[sp=K,4] R=5,X=223,K=55,C=2,Y=222,S=7 || L2:[sp=X,27] K=16,S=1,C=1,Y=1,X=1,R=2",-inf,-inf,0,K|X,1
X,4,R,6,X,223,K,45,C,2,Y,222,S,3,X,1,X,74,R,2,C,2,K,32,S,3,Y,20,"L1:[sp=X,4] R=6,X=223,K=45,C=2,Y=222,S=3 || L2:[sp=X,1] X=74,R=2,C=2,K=32,S=3,Y=20",-inf,-inf,0,X|X,1
K,4,R,4,X,223,K,45,C,1,Y,222,S,7,C,1,Y,1,R,2,K,43,X,1,C,1,S,1,"L1:[sp=K,4] R=4,X=223,K=45,C=1,Y=222,S=7 || L2:[sp=C,1] Y=1,R=2,K=43,X=1,C=1,S=1",-inf,-inf,0,K|C,1
K,4,R,6,X,223,K,45,C,3,Y,222,S,5,K,27,Y,1,R,2,C,2,X,1,K,1,S,5,"L1:[sp=K,4] R=6,X=223,K=45,C=3,Y=222,S=5 || L2:[sp=K,27] Y=1,R=2,C=2,X=1,K=1,S=5",-inf,-inf,0,K|K,1
K,4,R,6,X,223,K,6,C,1,Y,222,S,3,X,8,K,6,R,2,C,1,Y,1,X,1,S,3,"L1:[sp=K,4] R=6,X=223,K=6,C=1,Y=222,S=3 || L2:[sp=X,8] K=6,R=2,C=1,Y=1,X=1,S=3",-inf,-inf,0,K|X,1
X,4,R,5,X,223,K,55,C,1,Y,222,S,5,K,8,K,8,R,2,C,1,Y,183,X,1,S,1,"L1:[sp=X,4] R=5,X=223,K=55,C=1,Y=222,S=5 || L2:[sp=K,8] K=8,R=2,C=1,Y=183,X=1,S=1",-inf,-inf,0,X|K,1
K,4,R,5,X,145,K,55,C,2,Y,142,S,5,X,27,K,26,C,1,S,1,Y,1,R,2,X,1,"L1:[sp=K,4] R=5,X=145,K=55,C=2,Y=142,S=5 || L2:[sp=X,27] K=26,C=1,S=1,Y=1,R=2,X=1",-inf,-inf,0,K|X,1
X,4,R,6,X,223,K,28,C,2,Y,62,S,3,X,1,X,1,R,2,S,3,K,1,C,2,Y,20,"L1:[sp=X,4] R=6,X=223,K=28,C=2,Y=62,S=3 || L2:[sp=X,1] X=1,R=2,S=3,K=1,C=2,Y=20",-inf,-inf,0,X|X,1
X,4,R,4,X,223,K,55,C,3,Y,222,S,5,K,27,K,8,S,4,C,1,Y,1,X,1,R,2,"L1:[sp=X,4] R=4,X=223,K=55,C=3,Y=222,S=5 || L2:[sp=K,27] K=8,S=4,C=1,Y=1,X=1,R=2",-inf,-inf,0,X|K,1
X,4,R,2,X,223,K,55,C,1,Y,222,S,5,X,8,K,8,R,2,C,1,Y,1,X,1,S,4,"L1:[sp=X,4] R=2,X=223,K=55,C=1,Y=222,S=5 || L2:[sp=X,8] K=8,R=2,C=1,Y=1,X=1,S=4",-inf,-inf,0,X|X,1
X,4,R,5,X,223,K,55,C,1,Y,222,S,5,X,8,X,1,R,2,C,1,Y,1,K,8,S,1,"L1:[sp=X,4] R=5,X=223,K=55,C=1,Y=222,S=5 || L2:[sp=X,8] X=1,R=2,C=1,Y=1,K=8,S=1",-inf,-inf,0,X|X,1
K,4,R,6,X,35,K,55,C,3,Y,222,S,7,X,27,K,26,C,1,S,5,Y,1,R,2,X,1,"L1:[sp=K,4] R=6,X=35,K=55,C=3,Y=222,S=7 || L2:[sp=X,27] K=26,C=1,S=5,Y=1,R=2,X=1",-inf,-inf,0,K|X,1
K,4,C,3,X,223,K,16,R,6,Y,209,S,3,C,1,Y,1,R,2,C,2,X,1,K,1,S,3,"L1:[sp=K,4] C=3,X=223,K=16,R=6,Y=209,S=3 || L2:[sp=C,1] Y=1,R=2,C=2,X=1,K=1,S=3",-inf,-inf,0,K|C,1
X,4,R,3,S,2,K,28,C,2,Y,222,X,115,X,1,X,1,R,2,S,2,K,1,C,2,Y,20,"L1:[sp=X,4] R=3,S=2,K=28,C=2,Y=222,X=115 || L2:[sp=X,1] X=1,R=2,S=2,K=1,C=2,Y=20",-inf,-inf,0,X|X,1
X,4,R,6,X,223,K,28,C,2,Y,59,S,3,X,1,X,1,R,2,S,3,K,1,C,2,Y,20,"L1:[sp=X,4] R=6,X=223,K=28,C=2,Y=59,S=3 || L2:[sp=X,1] X=1,R=2,S=3,K=1,C=2,Y=20",-inf,-inf,0,X|X,1
X,4,X,223,R,6,K,45,C,1,Y,222,S,3,C,1,Y,1,S,3,C,1,X,2,K,16,R,3,"L1:[sp=X,4] X=223,R=6,K=45,C=1,Y=222,S=3 || L2:[sp=C,1] Y=1,S=3,C=1,X=2,K=16,R=3",-inf,-inf,0,X|C,1
X,4,R,2,X,223,K,55,C,1,Y,222,S,5,K,27,K,8,S,4,C,1,Y,1,X,1,R,2,"L1:[sp=X,4] R=2,X=223,K=55,C=1,Y=222,S=5 || L2:[sp=K,27] K=8,S=4,C=1,Y=1,X=1,R=2",-inf,-inf,0,X|K,1
X,4,X,223,R,6,S,5,C,1,Y,148,K,45,C,1,Y,127,S,1,C,1,X,1,K,16,R,2,"L1:[sp=X,4] X=223,R=6,S=5,C=1,Y=148,K=45 || L2:[sp=C,1] Y=127,S=1,C=1,X=1,K=16,R=2",-inf,-inf,0,X|C,1
K,4,R,5,X,35,K,55,C,2,Y,222,S,3,X,27,K,26,C,1,S,3,Y,1,R,2,X,1,"L1:[sp=K,4] R=5,X=35,K=55,C=2,Y=222,S=3 || L2:[sp=X,27] K=26,C=1,S=3,Y=1,R=2,X=1",-inf,-inf,0,K|X,1
X,4,R,6,C,3,K,55,X,223,Y,222,S,7,K,27,S,4,K,8,C,1,Y,1,R,2,X,1,"L1:[sp=X,4] R=6,C=3,K=55,X=223,Y=222,S=7 || L2:[sp=K,27] S=4,K=8,C=1,Y=1,R=2,X=1",-inf,-inf,0,X|K,1
X,4,R,2,X,17,Y,85,C,1,K,55,S,5,K,1,K,15,R,2,C,1,Y,1,X,1,S,4,"L1:[sp=X,4] R=2,X=17,Y=85,C=1,K=55,S=5 || L2:[sp=K,1] K=15,R=2,C=1,Y=1,X=1,S=4",-inf,-inf,0,X|K,1
K,4,R,5,X,74,K,55,C,2,Y,222,S,2,X,27,K,26,C,1,S,1,Y,1,R,5,X,1,"L1:[sp=K,4] R=5,X=74,K=55,C=2,Y=222,S=2 || L2:[sp=X,27] K=26,C=1,S=1,Y=1,R=5,X=1",-inf,-inf,0,K|X,1
K,4,R,6,X,223,K,45,C,1,Y,222,S,3,K,27,Y,93,R,2,C,1,X,1,K,1,S,3,"L1:[sp=K,4] R=6,X=223,K=45,C=1,Y=222,S=3 || L2:[sp=K,27] Y=93,R=2,C=1,X=1,K=1,S=3",-inf,-inf,0,K|K,1
X,4,R,6,X,223,Y,222,C,1,S,5,K,55,X,8,K,8,R,2,C,1,Y,1,X,1,S,1,"L1:[sp=X,4] R=6,X=223,Y=222,C=1,S=5,K=55 || L2:[sp=X,8] K=8,R=2,C=1,Y=1,X=1,S=1",-inf,-inf,0,X|X,1
K,4,R,5,X,196,K,55,C,2,Y,222,S,2,X,4,K,26,C,1,S,1,Y,1,R,2,X,106,"L1:[sp=K,4] R=5,X=196,K=55,C=2,Y=222,S=2 || L2:[sp=X,4] K=26,C=1,S=1,Y=1,R=2,X=106",-inf,-inf,0,K|X,1
X,4,R,2,X,20,S,7,C,1,Y,222,K,55,X,8,K,8,R,2,C,1,Y,1,X,1,S,1,"L1:[sp=X,4] R=2,X=20,S=7,C=1,Y=222,K=55 || L2:[sp=X,8] K=8,R=2,C=1,Y=1,X=1,S=1",-inf,-inf,0,X|X,1
X,4,R,6,C,2,K,55,X,223,Y,222,S,3,K,27,S,3,K,8,C,1,Y,20,X,1,R,2,"L1:[sp=X,4] R=6,C=2,K=55,X=223,Y=222,S=3 || L2:[sp=K,27] S=3,K=8,C=1,Y=20,X=1,R=2",-inf,-inf,0,X|K,1
X,4,R,2,X,223,K,62,C,2,Y,85,S,5,X,1,X,1,S,4,R,2,K,19,C,2,Y,1,"L1:[sp=X,4] R=2,X=223,K=62,C=2,Y=85,S=5 || L2:[sp=X,1] X=1,S=4,R=2,K=19,C=2,Y=1",-inf,-inf,0,X|X,1
X,4,R,6,C,2,K,28,X,223,Y,141,S,3,X,1,X,1,R,2,S,3,K,1,C,2,Y,20,"L1:[sp=X,4] R=6,C=2,K=28,X=223,Y=141,S=3 || L2:[sp=X,1] X=1,R=2,S=3,K=1,C=2,Y=20",-inf,-inf,0,X|X,1
K,4,R,6,X,17,K,45,C,1,Y,222,S,3,K,27,Y,1,R,2,X,17,C,1,K,1,S,3,"L1:[sp=K,4] R=6,X=17,K=45,C=1,Y=222,S=3 || L2:[sp=K,27] Y=1,R=2,X=17,C=1,K=1,S=3",-inf,-inf,0,K|K,1
K,4,R,6,X,223,K,45,C,1,Y,222,S,3,K,27,S,3,R,2,C,1,X,1,K,1,Y,1,"L1:[sp=K,4] R=6,X=223,K=45,C=1,Y=222,S=3 || L2:[sp=K,27] S=3,R=2,C=1,X=1,K=1,Y=1",-inf,-inf,0,K|K,1
X,4,R,5,C,3,K,55,X,223,Y,85,S,5,K,27,S,4,K,8,C,2,Y,1,X,1,R,2,"L1:[sp=X,4] R=5,C=3,K=55,X=223,Y=85,S=5 || L2:[sp=K,27] S=4,K=8,C=2,Y=1,X=1,R=2",-inf,-inf,0,X|K,1
K,4,R,5,X,196,C,2,Y,222,K,55,S,5,K,55,K,40,R,2,S,1,Y,37,C,1,X,1,"L1:[sp=K,4] R=5,X=196,C=2,Y=222,K=55,S=5 || L2:[sp=K,55] K=40,R=2,S=1,Y=37,C=1,X=1",-inf,-inf,0,K|K,1
C,4,S,7,X,63,K,45,C,2,Y,222,R,6,K,1,Y,1,R,2,K,1,X,1,C,1,S,7,"L1:[sp=C,4] S=7,X=63,K=45,C=2,Y=222,R=6 || L2:[sp=K,1] Y=1,R=2,K=1,X=1,C=1,S=7",-inf,-inf,0,C|K,1
C,4,R,6,X,223,K,59,C,1,Y,222,S,3,K,1,Y,1,R,6,C,1,X,20,K,1,S,3,"L1:[sp=C,4] R=6,X=223,K=59,C=1,Y=222,S=3 || L2:[sp=K,1] Y=1,R=6,C=1,X=20,K=1,S=3",-inf,-inf,0,C|K,1
K,4,R,6,X,223,K,45,C,1,Y,222,S,3,K,27,Y,98,R,6,C,1,X,1,K,1,S,3,"L1:[sp=K,4] R=6,X=223,K=45,C=1,Y=222,S=3 || L2:[sp=K,27] Y=98,R=6,C=1,X=1,K=1,S=3",-inf,-inf,0,K|K,1
K,4,S,3,X,189,K,45,C,2,R,6,Y,222,C,1,Y,1,R,6,C,1,X,1,K,16,S,3,"L1:[sp=K,4] S=3,X=189,K=45,C=2,R=6,Y=222 || L2:[sp=C,1] Y=1,R=6,C=1,X=1,K=16,S=3",-inf,-inf,0,K|C,1
K,4,R,6,X,63,K,59,C,1,Y,183,S,7,K,27,Y,1,R,3,C,1,X,1,K,1,S,2,"L1:[sp=K,4] R=6,X=63,K=59,C=1,Y=183,S=7 || L2:[sp=K,27] Y=1,R=3,C=1,X=1,K=1,S=2",-inf,-inf,0,K|K,1
X,4,R,5,X,196,S,5,C,2,Y,222,K,55,X,8,K,8,R,2,C,1,Y,1,X,1,S,1,"L1:[sp=X,4] R=5,X=196,S=5,C=2,Y=222,K=55 || L2:[sp=X,8] K=8,R=2,C=1,Y=1,X=1,S=1",-inf,-inf,0,X|X,1
K,4,R,6,X,170,Y,222,C,2,K,55,S,7,K,55,K,26,C,1,S,1,Y,1,R,2,X,1,"L1:[sp=K,4] R=6,X=170,Y=222,C=2,K=55,S=7 || L2:[sp=K,55] K=26,C=1,S=1,Y=1,R=2,X=1",-inf,-inf,0,K|K,1
C,4,S,7,X,63,K,45,C,2,R,6,Y,222,K,1,Y,1,R,2,C,1,X,1,K,7,S,2,"L1:[sp=C,4] S=7,X=63,K=45,C=2,R=6,Y=222 || L2:[sp=K,1] Y=1,R=2,C=1,X=1,K=7,S=2",-inf,-inf,0,C|K,1
C,4,S,7,X,63,K,45,C,2,Y,222,R,6,K,1,K,1,R,3,C,1,X,1,Y,53,S,1,"L1:[sp=C,4] S=7,X=63,K=45,C=2,Y=222,R=6 || L2:[sp=K,1] K=1,R=3,C=1,X=1,Y=53,S=1",-inf,-inf,0,C|K,1
X,4,R,6,X,170,S,1,C,1,Y,57,K,55,X,8,K,8,R,2,C,1,Y,1,X,1,S,1,"L1:[sp=X,4] R=6,X=170,S=1,C=1,Y=57,K=55 || L2:[sp=X,8] K=8,R=2,C=1,Y=1,X=1,S=1",-inf,-inf,0,X|X,1
C,4,X,63,S,5,K,45,C,2,R,2,Y,222,K,1,Y,1,R,2,C,2,X,1,K,7,S,1,"L1:[sp=C,4] X=63,S=5,K=45,C=2,R=2,Y=222 || L2:[sp=K,1] Y=1,R=2,C=2,X=1,K=7,S=1",-inf,-inf,0,C|K,1
K,4,R,6,K,55,Y,222,C,2,X,196,S,7,K,55,K,26,C,2,S,1,Y,73,R,3,X,1,"L1:[sp=K,4] R=6,K=55,Y=222,C=2,X=196,S=7 || L2:[sp=K,55] K=26,C=2,S=1,Y=73,R=3,X=1",-inf,-inf,0,K|K,1
K,4,R,6,X,170,S,3,C,1,Y,222,K,59,K,27,Y,1,R,6,C,1,X,1,K,1,S,3,"L1:[sp=K,4] R=6,X=170,S=3,C=1,Y=222,K=59 || L2:[sp=K,27] Y=1,R=6,C=1,X=1,K=1,S=3",-inf,-inf,0,K|K,1
X,4,R,6,X,148,C,1,Y,222,K,11,S,1,X,8,K,8,R,2,C,1,Y,1,X,1,S,1,"L1:[sp=X,4] R=6,X=148,C=1,Y=222,K=11,S=1 || L2:[sp=X,8] K=8,R=2,C=1,Y=1,X=1,S=1",-inf,-inf,0,X|X,1
X,4,R,6,X,223,C,1,Y,222,K,55,S,1,X,8,K,39,S,1,C,1,Y,1,X,1,R,5,"L1:[sp=X,4] R=6,X=223,C=1,Y=222,K=55,S=1 || L2:[sp=X,8] K=39,S=1,C=1,Y=1,X=1,R=5",-inf,-inf,0,X|X,1
K,4,S,7,X,63,K,45,C,2,R,6,Y,222,C,1,Y,69,R,3,C,1,X,1,K,7,S,3,"L1:[sp=K,4] S=7,X=63,K=45,C=2,R=6,Y=222 || L2:[sp=C,1] Y=69,R=3,C=1,X=1,K=7,S=3",-inf,-inf,0,K|C,1
C,4,R,6,X,223,Y,222,C,1,K,55,S,3,X,42,K,26,C,1,S,2,R,6,Y,1,X,1,"L1:[sp=C,4] R=6,X=223,Y=222,C=1,K=55,S=3 || L2:[sp=X,42] K=26,C=1,S=2,R=6,Y=1,X=1",-inf,-inf,0,C|X,1
Y,4,R,1,X,212,K,59,C,1,Y,222,S,5,K,27,Y,1,R,1,C,1,X,1,K,1,S,4,"L1:[sp=Y,4] R=1,X=212,K=59,C=1,Y=222,S=5 || L2:[sp=K,27] Y=1,R=1,C=1,X=1,K=1,S=4",-inf,-inf,0,Y|K,1
X,4,R,6,X,223,C,1,Y,222,K,7,S,3,X,8,K,7,R,6,C,1,S,3,X,1,Y,1,"L1:[sp=X,4] R=6,X=223,C=1,Y=222,K=7,S=3 || L2:[sp=X,8] K=7,R=6,C=1,S=3,X=1,Y=1",-inf,-inf,0,X|X,1
K,4,R,6,X,100,K,64,C,1,Y,106,S,1,K,27,Y,1,R,5,C,1,X,1,K,1,S,1,"L1:[sp=K,4] R=6,X=100,K=64,C=1,Y=106,S=1 || L2:[sp=K,27] Y=1,R=5,C=1,X=1,K=1,S=1",-inf,-inf,0,K|K,1
K,4,R,6,X,223,K,59,C,3,Y,106,S,3,K,27,Y,1,R,6,C,1,X,1,K,1,S,3,"L1:[sp=K,4] R=6,X=223,K=59,C=3,Y=106,S=3 || L2:[sp=K,27] Y=1,R=6,C=1,X=1,K=1,S=3",-inf,-inf,0,K|K,1
X,4,R,5,X,212,Y,222,C,2,K,55,S,5,X,42,K,26,C,1,S,1,R,2,Y,1,X,1,"L1:[sp=X,4] R=5,X=212,Y=222,C=2,K=55,S=5 || L2:[sp=X,42] K=26,C=1,S=1,R=2,Y=1,X=1",-inf,-inf,0,X|X,1
C,4,R,6,X,148,C,1,Y,96,K,55,S,3,C,1,K,8,R,2,C,1,Y,1,X,1,S,3,"L1:[sp=C,4] R=6,X=148,C=1,Y=96,K=55,S=3 || L2:[sp=C,1] K=8,R=2,C=1,Y=1,X=1,S=3",-inf,-inf,0,C|C,1
K,4,S,1,X,189,K,59,C,3,Y,222,R,6,K,27,Y,1,R,4,C,1,X,1,K,1,S,1,"L1:[sp=K,4] S=1,X=189,K=59,C=3,Y=222,R=6 || L2:[sp=K,27] Y=1,R=4,C=1,X=1,K=1,S=1",-inf,-inf,0,K|K,1
X,4,R,6,X,148,C,1,Y,222,K,55,S,5,X,148,K,8,R,2,C,1,Y,1,X,1,S,1,"L1:[sp=X,4] R=6,X=148,C=1,Y=222,K=55,S=5 || L2:[sp=X,148] K=8,R=2,C=1,Y=1,X=1,S=1",-inf,-inf,0,X|X,1
X,4,R,5,X,212,Y,222,C,2,K,55,S,1,C,24,K,39,C,1,S,1,R,2,Y,1,X,1,"L1:[sp=X,4] R=5,X=212,Y=222,C=2,K=55,S=1 || L2:[sp=C,24] K=39,C=1,S=1,R=2,Y=1,X=1",-inf,-inf,0,X|C,1
K,4,R,6,X,148,C,1,Y,222,K,55,S,5,X,8,K,8,R,2,C,1,Y,1,X,121,S,1,"L1:[sp=K,4] R=6,X=148,C=1,Y=222,K=55,S=5 || L2:[sp=X,8] K=8,R=2,C=1,Y=1,X=121,S=1",-inf,-inf,0,K|X,1
C,4,R,3,Y,222,X,223,C,1,K,9,S,1,X,42,K,9,C,1,S,1,R,2,Y,1,X,1,"L1:[sp=C,4] R=3,Y=222,X=223,C=1,K=9,S=1 || L2:[sp=X,42] K=9,C=1,S=1,R=2,Y=1,X=1",-inf,-inf,0,C|X,1
C,4,R,6,X,148,Y,98,S,1,K,55,C,1,X,8,X,128,K,18,Y,1,C,1,R,2,S,1,"L1:[sp=C,4] R=6,X=148,Y=98,S=1,K=55,C=1 || L2:[sp=X,8] X=128,K=18,Y=1,C=1,R=2,S=1",-inf,-inf,0,C|X,1
C,4,Y,222,X,212,C,1,R,5,K,55,S,5,X,8,K,8,R,2,C,1,Y,1,X,195,S,1,"L1:[sp=C,4] Y=222,X=212,C=1,R=5,K=55,S=5 || L2:[sp=X,8] K=8,R=2,C=1,Y=1,X=195,S=1",-inf,-inf,0,C|X,1
X,4,R,6,X,148,Y,159,C,2,K,55,S,1,C,42,K,39,C,1,S,1,R,2,Y,1,X,1,"L1:[sp=X,4] R=6,X=148,Y=159,C=2,K=55,S=1 || L2:[sp=C,42] K=39,C=1,S=1,R=2,Y=1,X=1",-inf,-inf,0,X|C,1
K,4,K,59,Y,179,R,6,C,3,X,223,S,7,K,27,Y,1,R,2,C,1,X,25,K,1,S,1,"L1:[sp=K,4] K=59,Y=179,R=6,C=3,X=223,S=7 || L2:[sp=K,27] Y=1,R=2,C=1,X=25,K=1,S=1",-inf,-inf,0,K|K,1
K,4,R,6,X,148,C,1,Y,222,K,55,S,1,X,8,K,8,R,2,C,1,Y,187,X,1,S,1,"L1:[sp=K,4] R=6,X=148,C=1,Y=222,K=55,S=1 || L2:[sp=X,8] K=8,R=2,C=1,Y=187,X=1,S=1",-inf,-inf,0,K|X,1
C,4,R,5,X,212,Y,187,C,2,K,55,S,5,X,42,K,44,C,1,S,1,R,2,Y,1,X,1,"L1:[sp=C,4] R=5,X=212,Y=187,C=2,K=55,S=5 || L2:[sp=X,42] K=44,C=1,S=1,R=2,Y=1,X=1",-inf,-inf,0,C|X,1
C,4,R,5,X,212,Y,28,C,2,K,15,S,3,X,42,K,15,C,1,S,3,R,2,Y,1,X,1,"L1:[sp=C,4] R=5,X=212,Y=28,C=2,K=15,S=3 || L2:[sp=X,42] K=15,C=1,S=3,R=2,Y=1,X=1",-inf,-inf,0,C|X,1
C,4,R,2,X,212,Y,222,C,2,K,55,S,5,X,42,K,39,C,1,S,1,R,2,Y,1,X,1,"L1:[sp=C,4] R=2,X=212,Y=222,C=2,K=55,S=5 || L2:[sp=X,42] K=39,C=1,S=1,R=2,Y=1,X=1",-inf,-inf,0,C|X,1
C,4,R,4,K,55,C,1,S,1,X,223,Y,151,X,8,X,1,K,8,C,1,Y,1,R,2,S,1,"L1:[sp=C,4] R=4,K=55,C=1,S=1,X=223,Y=151 || L2:[sp=X,8] X=1,K=8,C=1,Y=1,R=2,S=1",-inf,-inf,0,C|X,1
C,4,R,5,C,2,Y,222,X,212,K,55,S,5,X,42,K,20,C,1,S,1,R,5,Y,1,X,1,"L1:[sp=C,4] R=5,C=2,Y=222,X=212,K=55,S=5 || L2:[sp=X,42] K=20,C=1,S=1,R=5,Y=1,X=1",-inf,-inf,0,C|X,1
K,4,S,3,Y,179,R,6,C,3,X,223,K,59,K,27,Y,1,R,6,C,1,X,1,K,1,S,3,"L1:[sp=K,4] S=3,Y=179,R=6,C=3,X=223,K=59 || L2:[sp=K,27] Y=1,R=6,C=1,X=1,K=1,S=3",-inf,-inf,0,K|K,1
K,4,R,1,X,212,C,1,Y,222,K,55,S,5,X,8,K,8,R,1,C,1,Y,1,X,1,S,1,"L1:[sp=K,4] R=1,X=212,C=1,Y=222,K=55,S=5 || L2:[sp=X,8] K=8,R=1,C=1,Y=1,X=1,S=1",-inf,-inf,0,K|X,1
K,4,R,6,X,148,C,1,Y,222,K,55,S,3,X,8,K,8,R,6,C,1,Y,1,X,10,S,1,"L1:[sp=K,4] R=6,X=148,C=1,Y=222,K=55,S=3 || L2:[sp=X,8] K=8,R=6,C=1,Y=1,X=10,S=1",-inf,-inf,0,K|X,1
K,4,R,5,X,37,C,1,Y,222,K,55,S,5,X,8,K,49,R,2,C,1,Y,1,X,1,S,1,"L1:[sp=K,4] R=5,X=37,C=1,Y=222,K=55,S=5 || L2:[sp=X,8] K=49,R=2,C=1,Y=1,X=1,S=1",-inf,-inf,0,K|X,1
K,4,R,2,Y,222,C,1,X,212,K,55,S,5,X,8,K,8,R,2,C,1,Y,1,X,1,S,1,"L1:[sp=K,4] R=2,Y=222,C=1,X=212,K=55,S=5 || L2:[sp=X,8] K=8,R=2,C=1,Y=1,X=1,S=1",-inf,-inf,0,K|X,1
K,4,C,3,Y,179,R,6,K,59,X,223,S,5,K,27,Y,1,R,4,C,2,X,211,K,1,S,1,"L1:[sp=K,4] C=3,Y=179,R=6,K=59,X=223,S=5 || L2:[sp=K,27] Y=1,R=4,C=2,X=211,K=1,S=1",-inf,-inf,0,K|K,1
X,4,R,4,X,54,Y,222,C,1,K,55,S,5,C,42,K,37,S,1,C,1,R,2,Y,1,X,1,"L1:[sp=X,4] R=4,X=54,Y=222,C=1,K=55,S=5 || L2:[sp=C,42] K=37,S=1,C=1,R=2,Y=1,X=1",-inf,-inf,0,X|C,1
K,4,R,5,X,21,C,1,Y,222,K,55,S,5,X,56,K,8,R,2,C,1,Y,1,X,1,S,1,"L1:[sp=K,4] R=5,X=21,C=1,Y=222,K=55,S=5 || L2:[sp=X,56] K=8,R=2,C=1,Y=1,X=1,S=1",-inf,-inf,0,K|X,1
K,4,K,59,Y,179,R,6,C,3,X,223,S,5,K,27,Y,2,R,6,C,2,X,216,K,1,S,3,"L1:[sp=K,4] K=59,Y=179,R=6,C=3,X=223,S=5 || L2:[sp=K,27] Y=2,R=6,C=2,X=216,K=1,S=3",-inf,-inf,0,K|K,1
C,4,R,6,X,148,C,1,S,3,K,55,Y,222,X,8,X,27,K,8,C,1,Y,1,R,6,S,1,"L1:[sp=C,4] R=6,X=148,C=1,S=3,K=55,Y=222 || L2:[sp=X,8] X=27,K=8,C=1,Y=1,R=6,S=1",-inf,-inf,0,C|X,1
C,4,R,6,X,148,S,3,C,1,K,55,Y,222,X,8,X,19,K,8,Y,1,C,1,R,3,S,1,"L1:[sp=C,4] R=6,X=148,S=3,C=1,K=55,Y=222 || L2:[sp=X,8] X=19,K=8,Y=1,C=1,R=3,S=1",-inf,-inf,0,C|X,1
C,4,R,5,X,41,Y,222,S,5,K,55,C,2,X,8,X,2,K,8,C,1,Y,1,S,1,R,2,"L1:[sp=C,4] R=5,X=41,Y=222,S=5,K=55,C=2 || L2:[sp=X,8] X=2,K=8,C=1,Y=1,S=1,R=2",-inf,-inf,0,C|X,1
X,4,R,4,X,210,C,1,S,5,K,55,Y,112,C,8,X,1,K,19,C,1,Y,1,R,2,S,1,"L1:[sp=X,4] R=4,X=210,C=1,S=5,K=55,Y=112 || L2:[sp=C,8] X=1,K=19,C=1,Y=1,R=2,S=1",-inf,-inf,0,X|C,1
C,4,R,5,X,212,C,1,S,1,K,9,Y,222,X,8,X,191,K,8,C,1,Y,125,R,2,S,1,"L1:[sp=C,4] R=5,X=212,C=1,S=1,K=9,Y=222 || L2:[sp=X,8] X=191,K=8,C=1,Y=125,R=2,S=1",-inf,-inf,0,C|X,1
C,4,K,55,X,212,C,1,S,5,R,5,Y,222,X,8,X,1,K,8,C,1,Y,61,R,2,S,1,"L1:[sp=C,4] K=55,X=212,C=1,S=5,R=5,Y=222 || L2:[sp=X,8] X=1,K=8,C=1,Y=61,R=2,S=1",-inf,-inf,0,C|X,1
C,4,R,6,X,212,C,1,S,5,K,55,Y,66,X,8,X,1,K,8,C,1,Y,1,R,2,S,3,"L1:[sp=C,4] R=6,X=212,C=1,S=5,K=55,Y=66 || L2:[sp=X,8] X=1,K=8,C=1,Y=1,R=2,S=3",-inf,-inf,0,C|X,1
C,4,K,55,X,212,C,1,S,5,R,6,Y,222,X,8,X,201,K,8,C,1,Y,1,R,2,S,1,"L1:[sp=C,4] K=55,X=212,C=1,S=5,R=6,Y=222 || L2:[sp=X,8] X=201,K=8,C=1,Y=1,R=2,S=1",-inf,-inf,0,C|X,1
C,4,R,6,X,212,C,2,S,3,K,55,Y,222,X,8,X,113,K,8,C,1,Y,1,S,1,R,3,"L1:[sp=C,4] R=6,X=212,C=2,S=3,K=55,Y=222 || L2:[sp=X,8] X=113,K=8,C=1,Y=1,S=1,R=3",-inf,-inf,0,C|X,1
C,4,R,5,X,212,C,1,S,5,K,55,Y,222,X,8,X,1,K,13,C,1,Y,1,R,2,S,1,"L1:[sp=C,4] R=5,X=212,C=1,S=5,K=55,Y=222 || L2:[sp=X,8] X=1,K=13,C=1,Y=1,R=2,S=1",-inf,-inf,0,C|X,1
C,4,R,5,X,148,C,2,S,4,K,55,Y,51,X,8,X,1,K,8,Y,1,C,1,R,3,S,1,"L1:[sp=C,4] R=5,X=148,C=2,S=4,K=55,Y=51 || L2:[sp=X,8] X=1,K=8,Y=1,C=1,R=3,S=1",-inf,-inf,0,C|X,1
C,4,R,5,X,212,C,2,S,5,K,55,Y,222,X,8,X,1,K,8,C,2,Y,1,R,2,S,1,"L1:[sp=C,4] R=5,X=212,C=2,S=5,K=55,Y=222 || L2:[sp=X,8] X=1,K=8,C=2,Y=1,R=2,S=1",-inf,-inf,0,C|X,1
C,4,R,5,X,54,C,1,S,3,K,55,Y,222,X,8,X,45,K,8,Y,1,C,1,R,2,S,1,"L1:[sp=C,4] R=5,X=54,C=1,S=3,K=55,Y=222 || L2:[sp=X,8] X=45,K=8,Y=1,C=1,R=2,S=1",-inf,-inf,0,C|X,1
C,4,R,5,X,212,C,1,S,5,K,55,Y,81,X,8,X,211,K,8,C,1,Y,1,R,2,S,1,"L1:[sp=C,4] R=5,X=212,C=1,S=5,K=55,Y=81 || L2:[sp=X,8] X=211,K=8,C=1,Y=1,R=2,S=1",-inf,-inf,0,C|X,1
K,4,K,57,Y,179,R,6,C,3,X,14,S,3,K,27,Y,1,R,6,C,2,X,1,K,1,S,1,"L1:[sp=K,4] K=57,Y=179,R=6,C=3,X=14,S=3 || L2:[sp=K,27] Y=1,R=6,C=2,X=1,K=1,S=1",-inf,-inf,0,K|K,1
C,4,R,5,X,41,C,1,S,5,K,55,Y,222,X,8,X,16,K,8,Y,1,C,1,R,2,S,2,"L1:[sp=C,4] R=5,X=41,C=1,S=5,K=55,Y=222 || L2:[sp=X,8] X=16,K=8,Y=1,C=1,R=2,S=2",-inf,-inf,0,C|X,1
C,4,R,5,X,162,C,1,S,5,K,49,Y,222,C,8,X,1,K,8,Y,1,C,1,R,1,S,1,"L1:[sp=C,4] R=5,X=162,C=1,S=5,K=49,Y=222 || L2:[sp=C,8] X=1,K=8,Y=1,C=1,R=1,S=1",-inf,-inf,0,C|C,1
X,4,R,6,X,54,C,2,S,3,K,55,Y,222,X,8,X,1,K,8,C,1,Y,1,S,1,R,5,"L1:[sp=X,4] R=6,X=54,C=2,S=3,K=55,Y=222 || L2:[sp=X,8] X=1,K=8,C=1,Y=1,S=1,R=5",-inf,-inf,0,X|X,1
K,4,K,57,Y,222,R,5,C,3,X,173,S,3,Y,21,Y,1,R,5,C,2,X,1,K,1,S,1,"L1:[sp=K,4] K=57,Y=222,R=5,C=3,X=173,S=3 || L2:[sp=Y,21] Y=1,R=5,C=2,X=1,K=1,S=1",-inf,-inf,0,K|Y,1
C,4,R,5,X,54,C,1,S,5,K,55,Y,222,X,6,X,1,K,8,Y,1,C,1,R,2,S,1,"L1:[sp=C,4] R=5,X=54,C=1,S=5,K=55,Y=222 || L2:[sp=X,6] X=1,K=8,Y=1,C=1,R=2,S=1",-inf,-inf,0,C|X,1
C,4,C,1,X,198,R,5,S,3,K,55,Y,222,X,8,X,1,K,8,C,1,Y,74,R,2,S,3,"L1:[sp=C,4] C=1,X=198,R=5,S=3,K=55,Y=222 || L2:[sp=X,8] X=1,K=8,C=1,Y=74,R=2,S=3",-inf,-inf,0,C|X,1
X,4,R,5,X,212,C,2,S,5,K,11,Y,222,C,8,X,1,K,7,Y,1,C,1,S,1,R,2,"L1:[sp=X,4] R=5,X=212,C=2,S=5,K=11,Y=222 || L2:[sp=C,8] X=1,K=7,Y=1,C=1,S=1,R=2",-inf,-inf,0,X|C,1
X,4,R,4,X,162,C,2,K,55,S,5,Y,208,X,8,X,1,K,8,C,2,Y,1,S,1,R,3,"L1:[sp=X,4] R=4,X=162,C=2,K=55,S=5,Y=208 || L2:[sp=X,8] X=1,K=8,C=2,Y=1,S=1,R=3",-inf,-inf,0,X|X,1
K,4,K,57,Y,222,R,5,C,3,X,173,S,5,X,28,Y,116,R,2,C,2,X,1,K,1,S,1,"L1:[sp=K,4] K=57,Y=222,R=5,C=3,X=173,S=5 || L2:[sp=X,28] Y=116,R=2,C=2,X=1,K=1,S=1",-inf,-inf,0,K|X,1
C,4,R,6,X,45,C,1,S,3,K,55,Y,88,X,8,X,1,K,8,C,1,Y,1,R,3,S,1,"L1:[sp=C,4] R=6,X=45,C=1,S=3,K=55,Y=88 || L2:[sp=X,8] X=1,K=8,C=1,Y=1,R=3,S=1",-inf,-inf,0,C|X,1
X,4,R,5,X,212,C,2,S,3,K,34,Y,222,C,8,X,1,K,8,Y,1,C,1,R,2,S,3,"L1:[sp=X,4] R=5,X=212,C=2,S=3,K=34,Y=222 || L2:[sp=C,8] X=1,K=8,Y=1,C=1,R=2,S=3",-inf,-inf,0,X|C,1
X,4,R,5,X,162,C,3,S,5,K,55,Y,222,X,8,X,148,K,8,C,1,Y,1,S,1,R,2,"L1:[sp=X,4] R=5,X=162,C=3,S=5,K=55,Y=222 || L2:[sp=X,8] X=148,K=8,C=1,Y=1,S=1,R=2",-inf,-inf,0,X|X,1
X,4,R,5,X,212,C,2,S,2,K,4,Y,222,K,11,X,1,K,4,Y,1,C,1,R,2,S,2,"L1:[sp=X,4] R=5,X=212,C=2,S=2,K=4,Y=222 || L2:[sp=K,11] X=1,K=4,Y=1,C=1,R=2,S=2",-inf,-inf,0,X|K,1
X,4,R,6,X,45,C,1,S,3,K,40,Y,222,C,8,X,1,K,8,Y,1,C,1,R,3,S,3,"L1:[sp=X,4] R=6,X=45,C=1,S=3,K=40,Y=222 || L2:[sp=C,8] X=1,K=8,Y=1,C=1,R=3,S=3",-inf,-inf,0,X|C,1
X,4,R,5,X,162,C,1,S,5,K,55,Y,222,C,8,X,1,K,8,Y,1,C,1,R,3,S,1,"L1:[sp=X,4] R=5,X=162,C=1,S=5,K=55,Y=222 || L2:[sp=C,8] X=1,K=8,Y=1,C=1,R=3,S=1",-inf,-inf,0,X|C,1
X,4,R,5,X,162,C,2,S,5,K,55,Y,222,X,8,X,1,K,8,C,1,Y,220,S,1,R,3,"L1:[sp=X,4] R=5,X=162,C=2,S=5,K=55,Y=222 || L2:[sp=X,8] X=1,K=8,C=1,Y=220,S=1,R=3",-inf,-inf,0,X|X,1
K,4,K,59,R,5,Y,115,C,3,X,54,S,4,K,27,Y,28,R,5,C,2,X,1,K,10,S,1,"L1:[sp=K,4] K=59,R=5,Y=115,C=3,X=54,S=4 || L2:[sp=K,27] Y=28,R=5,C=2,X=1,K=10,S=1",-inf,-inf,0,K|K,1
K,4,K,57,Y,222,R,5,C,2,S,3,X,54,C,3,Y,71,R,5,C,1,X,45,K,1,S,2,"L1:[sp=K,4] K=57,Y=222,R=5,C=2,S=3,X=54 || L2:[sp=C,3] Y=71,R=5,C=1,X=45,K=1,S=2",-inf,-inf,0,K|C,1
X,4,K,33,C,3,R,5,Y,222,X,173,S,6,X,28,X,1,S,1,C,1,Y,1,K,1,R,2,"L1:[sp=X,4] K=33,C=3,R=5,Y=222,X=173,S=6 || L2:[sp=X,28] X=1,S=1,C=1,Y=1,K=1,R=2",-inf,-inf,0,X|X,1
K,4,K,57,Y,16,R,5,C,3,S,3,X,54,C,3,Y,1,R,5,C,1,X,21,K,1,S,1,"L1:[sp=K,4] K=57,Y=16,R=5,C=3,S=3,X=54 || L2:[sp=C,3] Y=1,R=5,C=1,X=21,K=1,S=1",-inf,-inf,0,K|C,1
C,4,R,5,X,54,C,2,S,3,K,55,Y,222,X,8,X,1,K,8,C,1,Y,206,S,1,R,5,"L1:[sp=C,4] R=5,X=54,C=2,S=3,K=55,Y=222 || L2:[sp=X,8] X=1,K=8,C=1,Y=206,S=1,R=5",-inf,-inf,0,C|X,1
X,4,K,19,C,3,R,5,Y,222,X,173,S,6,X,28,X,71,S,1,C,2,Y,70,K,1,R,2,"L1:[sp=X,4] K=19,C=3,R=5,Y=222,X=173,S=6 || L2:[sp=X,28] X=71,S=1,C=2,Y=70,K=1,R=2",-inf,-inf,0,X|X,1
K,4,K,59,R,5,Y,80,C,3,X,155,S,5,K,27,Y,1,R,2,C,2,X,1,K,10,S,1,"L1:[sp=K,4] K=59,R=5,Y=80,C=3,X=155,S=5 || L2:[sp=K,27] Y=1,R=2,C=2,X=1,K=10,S=1",-inf,-inf,0,K|K,1
X,4,S,5,X,223,C,1,R,5,K,60,Y,222,Y,4,C,1,K,8,Y,1,X,1,R,3,S,3,"L1:[sp=X,4] S=5,X=223,C=1,R=5,K=60,Y=222 || L2:[sp=Y,4] C=1,K=8,Y=1,X=1,R=3,S=3",-inf,-inf,0,X|Y,1
X,4,S,5,X,155,C,2,R,5,K,55,Y,222,Y,4,C,1,K,8,Y,1,X,1,R,2,S,1,"L1:[sp=X,4] S=5,X=155,C=2,R=5,K=55,Y=222 || L2:[sp=Y,4] C=1,K=8,Y=1,X=1,R=2,S=1",-inf,-inf,0,X|Y,1
K,4,K,59,R,5,Y,222,C,3,X,173,S,1,K,27,Y,1,R,2,C,1,X,27,K,10,S,1,"L1:[sp=K,4] K=59,R=5,Y=222,C=3,X=173,S=1 || L2:[sp=K,27] Y=1,R=2,C=1,X=27,K=10,S=1",-inf,-inf,0,K|K,1
K,4,K,3,C,3,R,5,Y,222,X,173,S,5,X,28,X,39,Y,1,C,2,S,5,K,1,R,3,"L1:[sp=K,4] K=3,C=3,R=5,Y=222,X=173,S=5 || L2:[sp=X,28] X=39,Y=1,C=2,S=5,K=1,R=3",-inf,-inf,0,K|X,1
Y,4,K,57,Y,115,R,5,C,3,S,5,X,223,K,57,Y,1,K,1,C,2,X,1,R,3,S,2,"L1:[sp=Y,4] K=57,Y=115,R=5,C=3,S=5,X=223 || L2:[sp=K,57] Y=1,K=1,C=2,X=1,R=3,S=2",-inf,-inf,0,Y|K,1
Y,4,R,2,X,223,C,2,S,5,K,55,Y,173,X,8,X,1,K,19,C,1,Y,1,S,5,R,2,"L1:[sp=Y,4] R=2,X=223,C=2,S=5,K=55,Y=173 || L2:[sp=X,8] X=1,K=19,C=1,Y=1,S=5,R=2",-inf,-inf,0,Y|X,1
K,4,K,57,Y,115,R,5,C,3,S,5,X,223,K,57,Y,1,R,3,C,2,X,1,K,41,S,2,"L1:[sp=K,4] K=57,Y=115,R=5,C=3,S=5,X=223 || L2:[sp=K,57] Y=1,R=3,C=2,X=1,K=41,S=2",-inf,-inf,0,K|K,1
Y,4,X,173,R,5,C,2,S,5,K,41,Y,222,C,2,X,1,K,17,C,1,Y,1,S,2,R,3,"L1:[sp=Y,4] X=173,R=5,C=2,S=5,K=41,Y=222 || L2:[sp=C,2] X=1,K=17,C=1,Y=1,S=2,R=3",-inf,-inf,0,Y|C,1
K,4,K,57,Y,115,R,5,C,3,S,6,X,223,K,57,Y,1,R,2,C,3,X,1,K,1,S,1,"L1:[sp=K,4] K=57,Y=115,R=5,C=3,S=6,X=223 || L2:[sp=K,57] Y=1,R=2,C=3,X=1,K=1,S=1",-inf,-inf,0,K|K,1
Y,4,R,5,X,173,C,2,S,6,K,41,Y,190,X,8,X,31,K,8,C,1,Y,1,S,1,R,2,"L1:[sp=Y,4] R=5,X=173,C=2,S=6,K=41,Y=190 || L2:[sp=X,8] X=31,K=8,C=1,Y=1,S=1,R=2",-inf,-inf,0,Y|X,1
K,4,K,57,Y,115,R,5,C,3,S,5,X,223,K,57,Y,1,R,2,C,3,X,1,K,1,S,2,"L1:[sp=K,4] K=57,Y=115,R=5,C=3,S=5,X=223 || L2:[sp=K,57] Y=1,R=2,C=3,X=1,K=1,S=2",-inf,-inf,0,K|K,1
K,4,S,6,Y,115,R,5,C,3,K,57,X,223,K,57,Y,18,R,3,C,2,X,24,K,1,S,1,"L1:[sp=K,4] S=6,Y=115,R=5,C=3,K=57,X=223 || L2:[sp=K,57] Y=18,R=3,C=2,X=24,K=1,S=1",-inf,-inf,0,K|K,1
K,4,K,59,R,5,Y,115,C,3,X,173,S,6,Y,115,Y,1,R,2,C,3,S,3,K,10,X,1,"L1:[sp=K,4] K=59,R=5,Y=115,C=3,X=173,S=6 || L2:[sp=Y,115] Y=1,R=2,C=3,S=3,K=10,X=1",-inf,-inf,0,K|Y,1
Y,4,R,5,X,223,C,2,S,5,K,41,Y,222,K,1,X,108,K,8,C,1,Y,1,S,2,R,2,"L1:[sp=Y,4] R=5,X=223,C=2,S=5,K=41,Y=222 || L2:[sp=K,1] X=108,K=8,C=1,Y=1,S=2,R=2",-inf,-inf,0,Y|K,1
Y,4,R,5,X,151,C,2,S,6,K,55,Y,222,X,8,X,1,C,1,K,33,Y,1,R,2,S,2,"L1:[sp=Y,4] R=5,X=151,C=2,S=6,K=55,Y=222 || L2:[sp=X,8] X=1,C=1,K=33,Y=1,R=2,S=2",-inf,-inf,0,Y|X,1
Y,4,X,223,R,5,C,2,S,5,K,55,Y,222,C,2,X,1,C,1,K,35,Y,1,S,5,R,2,"L1:[sp=Y,4] X=223,R=5,C=2,S=5,K=55,Y=222 || L2:[sp=C,2] X=1,C=1,K=35,Y=1,S=5,R=2",-inf,-inf,0,Y|C,1
K,4,K,19,C,3,R,5,Y,222,X,80,S,5,X,28,R,2,S,2,K,1,Y,44,C,3,X,1,"L1:[sp=K,4] K=19,C=3,R=5,Y=222,X=80,S=5 || L2:[sp=X,28] R=2,S=2,K=1,Y=44,C=3,X=1",-inf,-inf,0,K|X,1
Y,4,R,5,X,173,C,2,S,2,K,55,Y,222,X,2,S,1,K,8,Y,1,R,2,C,1,X,1,"L1:[sp=Y,4] R=5,X=173,C=2,S=2,K=55,Y=222 || L2:[sp=X,2] S=1,K=8,Y=1,R=2,C=1,X=1",-inf,-inf,0,Y|X,1
C,4,R,5,X,173,C,2,S,6,K,55,Y,222,X,8,X,1,C,1,K,8,Y,149,S,1,R,2,"L1:[sp=C,4] R=5,X=173,C=2,S=6,K=55,Y=222 || L2:[sp=X,8] X=1,C=1,K=8,Y=149,S=1,R=2",-inf,-inf,0,C|X,1
K,4,Y,222,C,3,R,5,K,19,X,173,S,6,X,28,R,2,S,1,C,2,Y,1,K,1,X,166,"L1:[sp=K,4] Y=222,C=3,R=5,K=19,X=173,S=6 || L2:[sp=X,28] R=2,S=1,C=2,Y=1,K=1,X=166",-inf,-inf,0,K|X,1
Y,4,C,3,K,59,Y,124,R,5,X,223,S,5,Y,115,Y,1,R,2,C,2,X,1,K,21,S,2,"L1:[sp=Y,4] C=3,K=59,Y=124,R=5,X=223,S=5 || L2:[sp=Y,115] Y=1,R=2,C=2,X=1,K=21,S=2",-inf,-inf,0,Y|Y,1
X,4,K,19,Y,222,R,5,C,3,X,173,S,6,K,28,X,112,S,1,C,2,Y,1,K,1,R,2,"L1:[sp=X,4] K=19,Y=222,R=5,C=3,X=173,S=6 || L2:[sp=K,28] X=112,S=1,C=2,Y=1,K=1,R=2",-inf,-inf,0,X|K,1
Y,4,R,5,X,223,C,2,S,5,K,55,Y,24,X,8,X,1,C,1,K,8,Y,1,S,5,R,3,"L1:[sp=Y,4] R=5,X=223,C=2,S=5,K=55,Y=24 || L2:[sp=X,8] X=1,C=1,K=8,Y=1,S=5,R=3",-inf,-inf,0,Y|X,1
X,4,R,5,X,223,C,2,S,6,K,55,Y,222,Y,8,X,33,C,1,K,15,Y,1,S,1,R,2,"L1:[sp=X,4] R=5,X=223,C=2,S=6,K=55,Y=222 || L2:[sp=Y,8] X=33,C=1,K=15,Y=1,S=1,R=2",-inf,-inf,0,X|Y,1
K,4,K,19,C,3,R,6,Y,122,X,173,S,4,X,28,K,1,S,4,C,2,Y,1,X,80,R,3,"L1:[sp=K,4] K=19,C=3,R=6,Y=122,X=173,S=4 || L2:[sp=X,28] K=1,S=4,C=2,Y=1,X=80,R=3",-inf,-inf,0,K|X,1
K,4,K,19,C,3,R,5,S,5,X,80,Y,222,X,28,R,2,S,2,C,3,Y,128,K,1,X,8,"L1:[sp=K,4] K=19,C=3,R=5,S=5,X=80,Y=222 || L2:[sp=X,28] R=2,S=2,C=3,Y=128,K=1,X=8",-inf,-inf,0,K|X,1
K,4,K,19,C,3,R,5,Y,222,X,223,S,6,Y,21,X,1,S,2,C,2,Y,69,K,1,R,2,"L1:[sp=K,4] K=19,C=3,R=5,Y=222,X=223,S=6 || L2:[sp=Y,21] X=1,S=2,C=2,Y=69,K=1,R=2",-inf,-inf,0,K|Y,1
K,4,K,19,C,3,R,7,Y,222,X,223,S,5,Y,21,X,1,S,5,C,2,R,3,K,9,Y,1,"L1:[sp=K,4] K=19,C=3,R=7,Y=222,X=223,S=5 || L2:[sp=Y,21] X=1,S=5,C=2,R=3,K=9,Y=1",-inf,-inf,0,K|Y,1
X,4,K,19,C,3,R,6,Y,222,X,106,S,5,K,28,X,1,S,5,R,3,Y,1,K,1,C,2,"L1:[sp=X,4] K=19,C=3,R=6,Y=222,X=106,S=5 || L2:[sp=K,28] X=1,S=5,R=3,Y=1,K=1,C=2",-inf,-inf,0,X|K,1
C,4,K,59,C,3,Y,124,R,5,X,223,S,5,Y,115,Y,1,R,2,C,2,X,1,K,43,S,2,"L1:[sp=C,4] K=59,C=3,Y=124,R=5,X=223,S=5 || L2:[sp=Y,115] Y=1,R=2,C=2,X=1,K=43,S=2",-inf,-inf,0,C|Y,1
X,4,K,56,C,3,R,5,Y,222,X,162,S,6,Y,28,Y,1,X,1,C,2,K,1,S,1,R,2,"L1:[sp=X,4] K=56,C=3,R=5,Y=222,X=162,S=6 || L2:[sp=Y,28] Y=1,X=1,C=2,K=1,S=1,R=2",-inf,-inf,0,X|Y,1
K,4,K,19,C,3,R,5,Y,222,X,151,S,6,X,28,X,1,C,2,S,2,Y,139,K,1,R,2,"L1:[sp=K,4] K=19,C=3,R=5,Y=222,X=151,S=6 || L2:[sp=X,28] X=1,C=2,S=2,Y=139,K=1,R=2",-inf,-inf,0,K|X,1
K,4,K,19,C,3,R,1,Y,222,X,151,S,6,Y,21,X,1,S,2,C,3,Y,1,K,1,R,1,"L1:[sp=K,4] K=19,C=3,R=1,Y=222,X=151,S=6 || L2:[sp=Y,21] X=1,S=2,C=3,Y=1,K=1,R=1",-inf,-inf,0,K|Y,1
K,4,K,19,C,2,R,5,Y,222,X,223,S,5,X,28,X,1,S,5,C,2,Y,1,K,6,R,3,"L1:[sp=K,4] K=19,C=2,R=5,Y=222,X=223,S=5 || L2:[sp=X,28] X=1,S=5,C=2,Y=1,K=6,R=3",-inf,-inf,0,K|X,1
Y,4,K,19,C,3,R,6,Y,222,X,173,S,5,X,28,S,5,X,137,C,2,Y,1,K,17,R,3,"L1:[sp=Y,4] K=19,C=3,R=6,Y=222,X=173,S=5 || L2:[sp=X,28] S=5,X=137,C=2,Y=1,K=17,R=3",-inf,-inf,0,Y|X,1
K,4,K,19,C,3,Y,222,R,3,X,151,S,5,X,28,Y,1,X,1,C,1,S,3,K,1,R,3,"L1:[sp=K,4] K=19,C=3,Y=222,R=3,X=151,S=5 || L2:[sp=X,28] Y=1,X=1,C=1,S=3,K=1,R=3",-inf,-inf,0,K|X,1
K,4,K,19,C,3,R,5,Y,222,X,159,S,5,C,1,X,1,S,5,C,2,Y,1,K,1,R,3,"L1:[sp=K,4] K=19,C=3,R=5,Y=222,X=159,S=5 || L2:[sp=C,1] X=1,S=5,C=2,Y=1,K=1,R=3",-inf,-inf,0,K|C,1
X,4,K,38,C,3,X,173,Y,222,R,5,S,5,C,28,X,1,K,37,C,2,Y,1,S,2,R,2,"L1:[sp=X,4] K=38,C=3,X=173,Y=222,R=5,S=5 || L2:[sp=C,28] X=1,K=37,C=2,Y=1,S=2,R=2",-inf,-inf,0,X|C,1
K,4,K,19,C,3,R,5,Y,222,X,80,S,2,X,28,R,1,S,2,C,3,Y,1,K,1,X,1,"L1:[sp=K,4] K=19,C=3,R=5,Y=222,X=80,S=2 || L2:[sp=X,28] R=1,S=2,C=3,Y=1,K=1,X=1",-inf,-inf,0,K|X,1
K,4,K,19,C,3,R,5,Y,222,X,80,S,5,X,28,R,2,S,4,C,3,Y,1,K,1,X,1,"L1:[sp=K,4] K=19,C=3,R=5,Y=222,X=80,S=5 || L2:[sp=X,28] R=2,S=4,C=3,Y=1,K=1,X=1",-inf,-inf,0,K|X,1
Y,4,K,19,C,3,R,5,Y,222,X,223,S,6,X,28,S,5,X,1,K,1,Y,1,C,1,R,3,"L1:[sp=Y,4] K=19,C=3,R=5,Y=222,X=223,S=6 || L2:[sp=X,28] S=5,X=1,K=1,Y=1,C=1,R=3",-inf,-inf,0,Y|X,1
K,4,K,19,Y,222,R,5,C,3,X,223,S,5,X,28,X,1,S,2,C,2,Y,1,K,1,R,3,"L1:[sp=K,4] K=19,Y=222,R=5,C=3,X=223,S=5 || L2:[sp=X,28] X=1,S=2,C=2,Y=1,K=1,R=3",-inf,-inf,0,K|X,1
K,4,K,19,C,3,R,5,Y,201,X,80,S,6,X,28,R,3,S,5,C,3,Y,1,K,10,X,1,"L1:[sp=K,4] K=19,C=3,R=5,Y=201,X=80,S=6 || L2:[sp=X,28] R=3,S=5,C=3,Y=1,K=10,X=1",-inf,-inf,0,K|X,1
K,4,K,19,Y,124,R,5,C,3,X,223,S,5,X,28,R,2,S,3,C,3,Y,1,K,1,X,1,"L1:[sp=K,4] K=19,Y=124,R=5,C=3,X=223,S=5 || L2:[sp=X,28] R=2,S=3,C=3,Y=1,K=1,X=1",-inf,-inf,0,K|X,1
C,4,K,59,C,3,Y,222,R,5,X,80,S,5,Y,115,Y,1,C,3,R,2,X,1,K,10,S,2,"L1:[sp=C,4] K=59,C=3,Y=222,R=5,X=80,S=5 || L2:[sp=Y,115] Y=1,C=3,R=2,X=1,K=10,S=2",-inf,-inf,0,C|Y,1
X,4,K,26,C,3,R,5,Y,222,X,80,S,6,K,28,R,2,S,2,C,3,Y,1,K,1,X,1,"L1:[sp=X,4] K=26,C=3,R=5,Y=222,X=80,S=6 || L2:[sp=K,28] R=2,S=2,C=3,Y=1,K=1,X=1",-inf,-inf,0,X|K,1
K,4,K,38,C,2,R,5,Y,222,X,173,S,7,X,28,X,1,R,1,S,1,Y,1,C,2,K,37,"L1:[sp=K,4] K=38,C=2,R=5,Y=222,X=173,S=7 || L2:[sp=X,28] X=1,R=1,S=1,Y=1,C=2,K=37",-inf,-inf,0,K|X,1
Y,4,K,19,C,3,R,5,Y,222,X,151,S,5,X,28,S,4,X,1,C,2,Y,1,K,1,R,2,"L1:[sp=Y,4] K=19,C=3,R=5,Y=222,X=151,S=5 || L2:[sp=X,28] S=4,X=1,C=2,Y=1,K=1,R=2",-inf,-inf,0,Y|X,1
K,4,K,19,C,3,R,5,Y,222,X,142,S,5,X,28,X,1,R,3,C,1,Y,1,K,1,S,3,"L1:[sp=K,4] K=19,C=3,R=5,Y=222,X=142,S=5 || L2:[sp=X,28] X=1,R=3,C=1,Y=1,K=1,S=3",-inf,-inf,0,K|X,1
Y,4,K,19,C,3,R,5,Y,222,X,151,S,5,X,28,S,3,X,1,C,2,Y,1,K,1,R,3,"L1:[sp=Y,4] K=19,C=3,R=5,Y=222,X=151,S=5 || L2:[sp=X,28] S=3,X=1,C=2,Y=1,K=1,R=3",-inf,-inf,0,Y|X,1
X,4,K,36,C,3,Y,222,R,5,X,151,S,2,Y,28,S,2,X,1,C,1,Y,1,K,1,R,3,"L1:[sp=X,4] K=36,C=3,Y=222,R=5,X=151,S=2 || L2:[sp=Y,28] S=2,X=1,C=1,Y=1,K=1,R=3",-inf,-inf,0,X|Y,1
Y,4,K,19,C,3,Y,222,R,5,X,20,S,6,X,28,S,2,X,1,C,1,Y,1,K,1,R,4,"L1:[sp=Y,4] K=19,C=3,Y=222,R=5,X=20,S=6 || L2:[sp=X,28] S=2,X=1,C=1,Y=1,K=1,R=4",-inf,-inf,0,Y|X,1
Y,4,K,19,C,1,Y,222,R,5,X,173,S,2,K,1,S,2,X,1,C,1,Y,1,R,2,K,1,"L1:[sp=Y,4] K=19,C=1,Y=222,R=5,X=173,S=2 || L2:[sp=K,1] S=2,X=1,C=1,Y=1,R=2,K=1",-inf,-inf,0,Y|K,1
Y,4,K,19,C,3,Y,196,R,5,X,144,S,6,K,1,S,2,X,1,C,1,Y,1,R,3,K,1,"L1:[sp=Y,4] K=19,C=3,Y=196,R=5,X=144,S=6 || L2:[sp=K,1] S=2,X=1,C=1,Y=1,R=3,K=1",-inf,-inf,0,Y|K,1
X,4,K,19,C,3,Y,222,R,5,X,151,S,5,Y,28,S,1,X,1,C,1,Y,1,K,1,R,3,"L1:[sp=X,4] K=19,C=3,Y=222,R=5,X=151,S=5 || L2:[sp=Y,28] S=1,X=1,C=1,Y=1,K=1,R=3",-inf,-inf,0,X|Y,1
X,4,K,19,C,3,Y,102,R,5,X,151,S,2,Y,28,S,2,X,1,C,1,Y,102,K,1,R,3,"L1:[sp=X,4] K=19,C=3,Y=102,R=5,X=151,S=2 || L2:[sp=Y,28] S=2,X=1,C=1,Y=102,K=1,R=3",-inf,-inf,0,X|Y,1
Y,4,K,19,X,144,Y,222,S,5,C,3,R,5,X,28,S,2,X,1,C,1,Y,172,K,1,R,2,"L1:[sp=Y,4] K=19,X=144,Y=222,S=5,C=3,R=5 || L2:[sp=X,28] S=2,X=1,C=1,Y=172,K=1,R=2",-inf,-inf,0,Y|X,1
Y,4,K,19,C,1,S,2,R,3,X,173,Y,222,K,1,S,1,K,1,C,1,Y,1,R,2,X,1,"L1:[sp=Y,4] K=19,C=1,S=2,R=3,X=173,Y=222 || L2:[sp=K,1] S=1,K=1,C=1,Y=1,R=2,X=1",-inf,-inf,0,Y|K,1
X,4,K,19,C,3,Y,222,R,5,X,151,S,2,Y,28,S,1,X,1,C,1,Y,1,K,7,R,3,"L1:[sp=X,4] K=19,C=3,Y=222,R=5,X=151,S=2 || L2:[sp=Y,28] S=1,X=1,C=1,Y=1,K=7,R=3",-inf,-inf,0,X|Y,1
Y,4,K,19,C,1,Y,222,R,5,X,151,S,5,X,28,S,2,X,119,C,1,Y,1,K,1,R,3,"L1:[sp=Y,4] K=19,C=1,Y=222,R=5,X=151,S=5 || L2:[sp=X,28] S=2,X=119,C=1,Y=1,K=1,R=3",-inf,-inf,0,Y|X,1
Y,4,K,19,C,3,Y,222,R,5,X,151,S,2,X,28,S,2,X,1,C,1,Y,61,K,1,R,3,"L1:[sp=Y,4] K=19,C=3,Y=222,R=5,X=151,S=2 || L2:[sp=X,28] S=2,X=1,C=1,Y=61,K=1,R=3",-inf,-inf,0,Y|X,1
X,4,K,19,C,3,Y,222,R,5,X,151,S,5,Y,28,S,4,X,1,C,1,Y,1,K,1,R,3,"L1:[sp=X,4] K=19,C=3,Y=222,R=5,X=151,S=5 || L2:[sp=Y,28] S=4,X=1,C=1,Y=1,K=1,R=3",-inf,-inf,0,X|Y,1
X,4,K,19,C,3,Y,222,R,5,X,144,S,6,Y,28,S,2,X,1,C,2,Y,1,K,1,R,2,"L1:[sp=X,4] K=19,C=3,Y=222,R=5,X=144,S=6 || L2:[sp=Y,28] S=2,X=1,C=2,Y=1,K=1,R=2",-inf,-inf,0,X|Y,1
Y,4,K,19,C,3,Y,222,R,5,X,151,S,7,X,28,S,2,X,1,C,1,Y,1,K,1,R,3,"L1:[sp=Y,4] K=19,C=3,Y=222,R=5,X=151,S=7 || L2:[sp=X,28] S=2,X=1,C=1,Y=1,K=1,R=3",-inf,-inf,0,Y|X,1
Y,4,K,19,C,3,Y,222,R,5,X,76,S,5,X,28,S,2,X,1,C,3,Y,1,K,1,R,3,"L1:[sp=Y,4] K=19,C=3,Y=222,R=5,X=76,S=5 || L2:[sp=X,28] S=2,X=1,C=3,Y=1,K=1,R=3",-inf,-inf,0,Y|X,1
X,4,K,19,C,3,Y,222,R,7,X,151,S,6,Y,28,S,6,X,1,C,1,Y,1,K,1,R,2,"L1:[sp=X,4] K=19,C=3,Y=222,R=7,X=151,S=6 || L2:[sp=Y,28] S=6,X=1,C=1,Y=1,K=1,R=2",-inf,-inf,0,X|Y,1
Y,4,K,19,C,1,Y,222,X,160,R,5,S,2,X,28,S,1,X,1,C,1,Y,66,K,1,R,2,"L1:[sp=Y,4] K=19,C=1,Y=222,X=160,R=5,S=2 || L2:[sp=X,28] S=1,X=1,C=1,Y=66,K=1,R=2",-inf,-inf,0,Y|X,1
K,4,K,7,C,3,S,2,Y,222,X,138,R,5,X,28,X,1,S,1,R,3,C,2,K,1,Y,1,"L1:[sp=K,4] K=7,C=3,S=2,Y=222,X=138,R=5 || L2:[sp=X,28] X=1,S=1,R=3,C=2,K=1,Y=1",-inf,-inf,0,K|X,1
Y,4,K,19,C,1,Y,222,X,173,R,5,S,6,X,28,S,2,X,1,C,1,Y,66,K,1,R,4,"L1:[sp=Y,4] K=19,C=1,Y=222,X=173,R=5,S=6 || L2:[sp=X,28] S=2,X=1,C=1,Y=66,K=1,R=4",-inf,-inf,0,Y|X,1
K,4,K,19,C,2,Y,222,R,2,S,3,X,173,Y,1,K,1,X,1,C,1,Y,1,R,2,S,1,"L1:[sp=K,4] K=19,C=2,Y=222,R=2,S=3,X=173 || L2:[sp=Y,1] K=1,X=1,C=1,Y=1,R=2,S=1",-inf,-inf,0,K|Y,1
Y,4,K,19,C,1,Y,222,X,173,R,5,S,2,X,28,S,2,X,112,C,1,Y,66,K,3,R,2,"L1:[sp=Y,4] K=19,C=1,Y=222,X=173,R=5,S=2 || L2:[sp=X,28] S=2,X=112,C=1,Y=66,K=3,R=2",-inf,-inf,0,Y|X,1
Y,4,K,19,C,3,Y,222,R,5,S,6,X,144,K,1,K,1,X,1,C,1,Y,1,R,2,S,2,"L1:[sp=Y,4] K=19,C=3,Y=222,R=5,S=6,X=144 || L2:[sp=K,1] K=1,X=1,C=1,Y=1,R=2,S=2",-inf,-inf,0,Y|K,1
Y,4,Y,222,C,1,K,19,X,173,R,5,S,2,X,28,S,1,X,169,C,1,Y,66,K,1,R,2,"L1:[sp=Y,4] Y=222,C=1,K=19,X=173,R=5,S=2 || L2:[sp=X,28] S=1,X=169,C=1,Y=66,K=1,R=2",-inf,-inf,0,Y|X,1
X,4,K,19,C,3,Y,182,R,5,X,144,S,2,X,28,X,1,S,1,K,10,Y,1,R,2,C,1,"L1:[sp=X,4] K=19,C=3,Y=182,R=5,X=144,S=2 || L2:[sp=X,28] X=1,S=1,K=10,Y=1,R=2,C=1",-inf,-inf,0,X|X,1
Y,4,K,19,C,1,Y,222,X,173,R,5,S,6,X,28,S,2,X,1,C,1,Y,66,K,1,R,2,"L1:[sp=Y,4] K=19,C=1,Y=222,X=173,R=5,S=6 || L2:[sp=X,28] S=2,X=1,C=1,Y=66,K=1,R=2",-inf,-inf,0,Y|X,1
Y,4,K,19,C,1,Y,222,X,173,R,4,S,2,X,28,S,1,X,1,C,1,Y,66,K,1,R,4,"L1:[sp=Y,4] K=19,C=1,Y=222,X=173,R=4,S=2 || L2:[sp=X,28] S=1,X=1,C=1,Y=66,K=1,R=4",-inf,-inf,0,Y|X,1
Y,4,K,19,C,2,Y,222,X,173,S,2,R,5,K,1,K,15,X,43,C,1,Y,1,R,2,S,1,"L1:[sp=Y,4] K=19,C=2,Y=222,X=173,S=2,R=5 || L2:[sp=K,1] K=15,X=43,C=1,Y=1,R=2,S=1",-inf,-inf,0,Y|K,1
X,4,K,19,C,3,Y,222,R,5,X,144,S,7,X,28,X,83,S,2,R,2,Y,1,K,10,C,1,"L1:[sp=X,4] K=19,C=3,Y=222,R=5,X=144,S=7 || L2:[sp=X,28] X=83,S=2,R=2,Y=1,K=10,C=1",-inf,-inf,0,X|X,1
X,4,K,19,C,1,Y,222,X,173,R,5,S,2,Y,21,S,1,Y,66,C,1,X,38,K,1,R,2,"L1:[sp=X,4] K=19,C=1,Y=222,X=173,R=5,S=2 || L2:[sp=Y,21] S=1,Y=66,C=1,X=38,K=1,R=2",-inf,-inf,0,X|Y,1
K,4,K,19,C,2,Y,222,R,6,S,2,X,173,K,1,K,1,X,30,C,1,Y,1,R,2,S,2,"L1:[sp=K,4] K=19,C=2,Y=222,R=6,S=2,X=173 || L2:[sp=K,1] K=1,X=30,C=1,Y=1,R=2,S=2",-inf,-inf,0,K|K,1
C,4,K,19,C,2,S,2,R,6,Y,86,X,173,K,1,K,3,X,1,C,1,Y,21,R,2,S,1,"L1:[sp=C,4] K=19,C=2,S=2,R=6,Y=86,X=173 || L2:[sp=K,1] K=3,X=1,C=1,Y=21,R=2,S=1",-inf,-inf,0,C|K,1
X,4,K,19,C,3,R,5,Y,222,X,180,S,6,K,28,X,1,S,4,R,2,Y,1,K,1,C,2,"L1:[sp=X,4] K=19,C=3,R=5,Y=222,X=180,S=6 || L2:[sp=K,28] X=1,S=4,R=2,Y=1,K=1,C=2",-inf,-inf,0,X|K,1
X,4,S,6,C,2,Y,222,R,5,X,151,K,36,X,28,S,5,X,1,R,2,Y,1,K,12,C,2,"L1:[sp=X,4] S=6,C=2,Y=222,R=5,X=151,K=36 || L2:[sp=X,28] S=5,X=1,R=2,Y=1,K=12,C=2",-inf,-inf,0,X|X,1
K,4,K,19,Y,222,R,5,C,3,X,144,S,6,X,28,X,1,C,2,R,2,Y,1,K,1,S,2,"L1:[sp=K,4] K=19,Y=222,R=5,C=3,X=144,S=6 || L2:[sp=X,28] X=1,C=2,R=2,Y=1,K=1,S=2",-inf,-inf,0,K|X,1
X,4,K,19,C,3,Y,222,R,5,X,173,S,6,X,28,X,1,S,5,R,2,Y,1,K,10,C,3,"L1:[sp=X,4] K=19,C=3,Y=222,R=5,X=173,S=6 || L2:[sp=X,28] X=1,S=5,R=2,Y=1,K=10,C=3",-inf,-inf,0,X|X,1
K,4,K,19,C,2,R,6,Y,97,X,173,S,2,X,28,X,1,S,1,R,2,Y,1,K,1,C,2,"L1:[sp=K,4] K=19,C=2,R=6,Y=97,X=173,S=2 || L2:[sp=X,28] X=1,S=1,R=2,Y=1,K=1,C=2",-inf,-inf,0,K|X,1
C,4,K,19,C,2,Y,222,R,5,S,6,X,151,K,1,K,3,X,1,C,2,Y,21,R,2,S,5,"L1:[sp=C,4] K=19,C=2,Y=222,R=5,S=6,X=151 || L2:[sp=K,1] K=3,X=1,C=2,Y=21,R=2,S=5",-inf,-inf,0,C|K,1
K,4,R,6,C,2,K,62,Y,222,X,173,S,6,X,21,X,1,S,1,R,2,C,2,K,17,Y,119,"L1:[sp=K,4] R=6,C=2,K=62,Y=222,X=173,S=6 || L2:[sp=X,21] X=1,S=1,R=2,C=2,K=17,Y=119",-inf,-inf,0,K|X,1
X,4,K,19,C,1,Y,222,R,5,X,138,S,6,Y,14,X,1,S,2,R,4,Y,1,K,10,C,1,"L1:[sp=X,4] K=19,C=1,Y=222,R=5,X=138,S=6 || L2:[sp=Y,14] X=1,S=2,R=4,Y=1,K=10,C=1",-inf,-inf,0,X|Y,1
K,4,K,19,C,2,Y,222,R,6,S,1,X,173,K,1,K,1,X,1,C,1,Y,1,R,2,S,1,"L1:[sp=K,4] K=19,C=2,Y=222,R=6,S=1,X=173 || L2:[sp=K,1] K=1,X=1,C=1,Y=1,R=2,S=1",-inf,-inf,0,K|K,1
X,4,K,19,C,2,Y,222,R,6,X,173,S,2,X,28,X,30,S,1,R,2,Y,1,K,10,C,1,"L1:[sp=X,4] K=19,C=2,Y=222,R=6,X=173,S=2 || L2:[sp=X,28] X=30,S=1,R=2,Y=1,K=10,C=1",-inf,-inf,0,X|X,1
X,4,K,19,C,2,Y,222,R,6,X,173,S,6,X,7,X,1,S,1,R,2,Y,1,K,10,C,1,"L1:[sp=X,4] K=19,C=2,Y=222,R=6,X=173,S=6 || L2:[sp=X,7] X=1,S=1,R=2,Y=1,K=10,C=1",-inf,-inf,0,X|X,1
C,4,K,19,C,2,Y,222,R,6,S,2,X,173,K,1,K,3,X,1,C,1,Y,21,R,1,S,1,"L1:[sp=C,4] K=19,C=2,Y=222,R=6,S=2,X=173 || L2:[sp=K,1] K=3,X=1,C=1,Y=21,R=1,S=1",-inf,-inf,0,C|K,1
K,4,C,2,K,19,Y,146,R,6,X,173,S,6,X,28,X,1,S,1,R,2,Y,1,K,10,C,1,"L1:[sp=K,4] C=2,K=19,Y=146,R=6,X=173,S=6 || L2:[sp=X,28] X=1,S=1,R=2,Y=1,K=10,C=1",-inf,-inf,0,K|X,1
C,4,K,19,C,3,Y,222,R,6,S,6,X,173,K,1,K,3,X,1,C,1,Y,21,R,2,S,6,"L1:[sp=C,4] K=19,C=3,Y=222,R=6,S=6,X=173 || L2:[sp=K,1] K=3,X=1,C=1,Y=21,R=2,S=6",-inf,-inf,0,C|K,1
K,4,K,19,C,3,R,7,Y,222,X,151,S,6,X,28,X,1,S,5,R,2,Y,159,K,1,C,1,"L1:[sp=K,4] K=19,C=3,R=7,Y=222,X=151,S=6 || L2:[sp=X,28] X=1,S=5,R=2,Y=159,K=1,C=1",-inf,-inf,0,K|X,1
K,4,K,19,C,3,R,4,Y,222,X,151,S,7,X,28,X,1,S,1,R,2,Y,1,K,1,C,2,"L1:[sp=K,4] K=19,C=3,R=4,Y=222,X=151,S=7 || L2:[sp=X,28] X=1,S=1,R=2,Y=1,K=1,C=2",-inf,-inf,0,K|X,1
K,4,K,19,C,3,R,7,Y,222,X,151,S,6,X,28,K,1,S,5,R,2,Y,1,X,1,C,1,"L1:[sp=K,4] K=19,C=3,R=7,Y=222,X=151,S=6 || L2:[sp=X,28] K=1,S=5,R=2,Y=1,X=1,C=1",-inf,-inf,0,K|X,1
K,4,K,18,C,3,Y,222,R,7,X,144,S,6,X,28,X,1,S,2,R,2,Y,1,C,1,K,10,"L1:[sp=K,4] K=18,C=3,Y=222,R=7,X=144,S=6 || L2:[sp=X,28] X=1,S=2,R=2,Y=1,C=1,K=10",-inf,-inf,0,K|X,1
K,4,K,19,C,3,R,5,Y,222,S,6,X,151,X,28,X,1,S,2,R,2,Y,1,K,1,C,2,"L1:[sp=K,4] K=19,C=3,R=5,Y=222,S=6,X=151 || L2:[sp=X,28] X=1,S=2,R=2,Y=1,K=1,C=2",-inf,-inf,0,K|X,1
K,4,K,2,C,3,R,5,Y,222,X,144,S,6,X,28,K,1,S,5,R,2,Y,1,X,1,C,1,"L1:[sp=K,4] K=2,C=3,R=5,Y=222,X=144,S=6 || L2:[sp=X,28] K=1,S=5,R=2,Y=1,X=1,C=1",-inf,-inf,0,K|X,1
K,4,K,19,C,3,X,151,Y,165,R,1,S,6,X,28,X,1,S,5,R,1,Y,1,K,1,C,3,"L1:[sp=K,4] K=19,C=3,X=151,Y=165,R=1,S=6 || L2:[sp=X,28] X=1,S=5,R=1,Y=1,K=1,C=3",-inf,-inf,0,K|X,1
K,4,K,19,C,3,R,7,Y,222,X,151,S,7,X,28,X,1,S,1,R,2,Y,1,K,1,C,2,"L1:[sp=K,4] K=19,C=3,R=7,Y=222,X=151,S=7 || L2:[sp=X,28] X=1,S=1,R=2,Y=1,K=1,C=2",-inf,-inf,0,K|X,1
C,4,K,19,C,3,Y,222,R,4,S,7,X,151,K,1,K,3,X,1,C,2,Y,1,R,2,S,1,"L1:[sp=C,4] K=19,C=3,Y=222,R=4,S=7,X=151 || L2:[sp=K,1] K=3,X=1,C=2,Y=1,R=2,S=1",-inf,-inf,0,C|K,1
K,4,K,19,C,3,R,6,Y,222,X,173,S,6,X,21,X,1,S,1,R,2,Y,21,K,1,C,1,"L1:[sp=K,4] K=19,C=3,R=6,Y=222,X=173,S=6 || L2:[sp=X,21] X=1,S=1,R=2,Y=21,K=1,C=1",-inf,-inf,0,K|X,1
Y,4,Y,222,C,2,K,19,R,1,X,173,S,6,X,28,Y,1,S,1,R,1,X,1,K,5,C,1,"L1:[sp=Y,4] Y=222,C=2,K=19,R=1,X=173,S=6 || L2:[sp=X,28] Y=1,S=1,R=1,X=1,K=5,C=1",-inf,-inf,0,Y|X,1
K,4,K,19,S,6,R,5,Y,222,X,91,C,3,X,28,X,1,S,2,R,2,Y,1,K,1,C,1,"L1:[sp=K,4] K=19,S=6,R=5,Y=222,X=91,C=3 || L2:[sp=X,28] X=1,S=2,R=2,Y=1,K=1,C=1",-inf,-inf,0,K|X,1
X,4,C,1,K,19,Y,52,R,6,X,173,S,6,K,28,X,1,S,6,R,2,Y,1,K,10,C,1,"L1:[sp=X,4] C=1,K=19,Y=52,R=6,X=173,S=6 || L2:[sp=K,28] X=1,S=6,R=2,Y=1,K=10,C=1",-inf,-inf,0,X|K,1
K,4,K,19,C,3,R,5,Y,222,X,13,S,6,X,28,X,1,S,5,R,1,Y,1,K,1,C,2,"L1:[sp=K,4] K=19,C=3,R=5,Y=222,X=13,S=6 || L2:[sp=X,28] X=1,S=5,R=1,Y=1,K=1,C=2",-inf,-inf,0,K|X,1
K,4,K,19,C,3,R,2,Y,222,X,154,S,7,X,28,X,1,S,1,R,2,Y,1,K,1,C,1,"L1:[sp=K,4] K=19,C=3,R=2,Y=222,X=154,S=7 || L2:[sp=X,28] X=1,S=1,R=2,Y=1,K=1,C=1",-inf,-inf,0,K|X,1
K,4,K,19,C,2,R,6,Y,222,X,173,S,6,X,28,X,1,S,6,Y,1,R,2,K,1,C,1,"L1:[sp=K,4] K=19,C=2,R=6,Y=222,X=173,S=6 || L2:[sp=X,28] X=1,S=6,Y=1,R=2,K=1,C=1",-inf,-inf,0,K|X,1
K,4,C,3,K,19,Y,222,R,4,S,6,X,63,X,28,S,6,X,1,R,2,Y,122,K,10,C,1,"L1:[sp=K,4] C=3,K=19,Y=222,R=4,S=6,X=63 || L2:[sp=X,28] S=6,X=1,R=2,Y=122,K=10,C=1",-inf,-inf,0,K|X,1
K,4,C,3,K,19,Y,222,R,4,X,151,S,6,X,28,S,6,X,1,R,2,Y,1,K,14,C,2,"L1:[sp=K,4] C=3,K=19,Y=222,R=4,X=151,S=6 || L2:[sp=X,28] S=6,X=1,R=2,Y=1,K=14,C=2",-inf,-inf,0,K|X,1
Y,4,C,3,K,60,Y,222,R,4,X,151,S,6,X,28,S,6,X,1,R,2,Y,1,K,19,C,1,"L1:[sp=Y,4] C=3,K=60,Y=222,R=4,X=151,S=6 || L2:[sp=X,28] S=6,X=1,R=2,Y=1,K=19,C=1",-inf,-inf,0,Y|X,1
K,4,C,3,K,19,Y,222,R,4,X,151,S,6,X,28,R,2,X,1,S,6,Y,1,K,14,C,1,"L1:[sp=K,4] C=3,K=19,Y=222,R=4,X=151,S=6 || L2:[sp=X,28] R=2,X=1,S=6,Y=1,K=14,C=1",-inf,-inf,0,K|X,1
K,4,C,3,K,19,Y,222,R,1,X,151,S,6,X,28,S,6,X,1,R,1,Y,1,K,10,C,2,"L1:[sp=K,4] C=3,K=19,Y=222,R=1,X=151,S=6 || L2:[sp=X,28] S=6,X=1,R=1,Y=1,K=10,C=2",-inf,-inf,0,K|X,1
X,4,C,3,K,19,Y,222,R,4,X,151,S,6,C,28,S,6,X,1,R,2,Y,1,K,10,C,1,"L1:[sp=X,4] C=3,K=19,Y=222,R=4,X=151,S=6 || L2:[sp=C,28] S=6,X=1,R=2,Y=1,K=10,C=1",-inf,-inf,0,X|C,1
X,4,C,3,S,6,Y,23,R,4,X,112,K,19,K,28,S,6,X,1,R,2,Y,1,K,10,C,1,"L1:[sp=X,4] C=3,S=6,Y=23,R=4,X=112,K=19 || L2:[sp=K,28] S=6,X=1,R=2,Y=1,K=10,C=1",-inf,-inf,0,X|K,1
K,4,Y,222,K,19,C,3,R,4,X,191,S,6,X,28,S,5,X,1,R,3,Y,118,K,10,C,1,"L1:[sp=K,4] Y=222,K=19,C=3,R=4,X=191,S=6 || L2:[sp=X,28] S=5,X=1,R=3,Y=118,K=10,C=1",-inf,-inf,0,K|X,1
X,4,C,3,K,47,Y,222,R,5,X,151,S,6,C,28,S,6,X,1,R,2,Y,1,C,1,K,10,"L1:[sp=X,4] C=3,K=47,Y=222,R=5,X=151,S=6 || L2:[sp=C,28] S=6,X=1,R=2,Y=1,C=1,K=10",-inf,-inf,0,X|C,1
X,4,C,3,S,3,Y,222,R,4,X,151,K,19,X,28,S,3,X,140,R,2,Y,1,K,11,C,1,"L1:[sp=X,4] C=3,S=3,Y=222,R=4,X=151,K=19 || L2:[sp=X,28] S=3,X=140,R=2,Y=1,K=11,C=1",-inf,-inf,0,X|X,1
Y,4,C,3,K,19,Y,222,R,4,X,151,S,6,X,28,S,6,X,1,R,2,Y,1,K,9,C,1,"L1:[sp=Y,4] C=3,K=19,Y=222,R=4,X=151,S=6 || L2:[sp=X,28] S=6,X=1,R=2,Y=1,K=9,C=1",-inf,-inf,0,Y|X,1
K,4,C,3,K,19,Y,222,R,4,X,151,S,3,X,28,S,3,X,1,R,2,Y,18,K,10,C,3,"L1:[sp=K,4] C=3,K=19,Y=222,R=4,X=151,S=3 || L2:[sp=X,28] S=3,X=1,R=2,Y=18,K=10,C=3",-inf,-inf,0,K|X,1
Y,4,C,3,K,19,Y,222,R,5,X,151,S,6,X,28,S,6,X,145,R,2,Y,1,K,10,C,1,"L1:[sp=Y,4] C=3,K=19,Y=222,R=5,X=151,S=6 || L2:[sp=X,28] S=6,X=145,R=2,Y=1,K=10,C=1",-inf,-inf,0,Y|X,1
K,4,C,3,K,19,R,4,Y,222,X,151,S,6,X,28,S,6,Y,1,R,2,X,79,K,10,C,1,"L1:[sp=K,4] C=3,K=19,R=4,Y=222,X=151,S=6 || L2:[sp=X,28] S=6,Y=1,R=2,X=79,K=10,C=1",-inf,-inf,0,K|X,1
K,4,C,3,Y,147,K,19,R,4,X,151,S,6,X,28,S,6,X,1,R,2,Y,1,K,10,C,3,"L1:[sp=K,4] C=3,Y=147,K=19,R=4,X=151,S=6 || L2:[sp=X,28] S=6,X=1,R=2,Y=1,K=10,C=3",-inf,-inf,0,K|X,1
K,4,C,3,K,19,Y,110,R,4,X,186,S,6,X,28,S,6,X,1,R,2,Y,1,K,10,C,1,"L1:[sp=K,4] C=3,K=19,Y=110,R=4,X=186,S=6 || L2:[sp=X,28] S=6,X=1,R=2,Y=1,K=10,C=1",-inf,-inf,0,K|X,1
K,4,K,19,C,3,R,4,Y,222,X,191,S,3,C,3,R,2,Y,1,S,3,X,1,C,1,K,18,"L1:[sp=K,4] K=19,C=3,R=4,Y=222,X=191,S=3 || L2:[sp=C,3] R=2,Y=1,S=3,X=1,C=1,K=18",-inf,-inf,0,K|C,1
K,4,C,3,K,19,Y,167,R,4,X,151,S,6,X,28,S,5,X,1,R,2,Y,1,K,9,C,1,"L1:[sp=K,4] C=3,K=19,Y=167,R=4,X=151,S=6 || L2:[sp=X,28] S=5,X=1,R=2,Y=1,K=9,C=1",-inf,-inf,0,K|X,1
X,4,C,3,K,19,Y,222,R,4,X,191,S,6,K,28,C,1,S,1,R,3,Y,1,K,10,X,2,"L1:[sp=X,4] C=3,K=19,Y=222,R=4,X=191,S=6 || L2:[sp=K,28] C=1,S=1,R=3,Y=1,K=10,X=2",-inf,-inf,0,X|K,1
K,4,C,3,S,6,Y,222,R,4,X,119,K,19,X,28,S,2,C,1,R,2,Y,1,K,10,X,107,"L1:[sp=K,4] C=3,S=6,Y=222,R=4,X=119,K=19 || L2:[sp=X,28] S=2,C=1,R=2,Y=1,K=10,X=107",-inf,-inf,0,K|X,1
X,4,C,3,S,6,Y,222,R,6,X,151,K,19,K,28,S,6,X,1,R,2,Y,1,K,9,C,1,"L1:[sp=X,4] C=3,S=6,Y=222,R=6,X=151,K=19 || L2:[sp=K,28] S=6,X=1,R=2,Y=1,K=9,C=1",-inf,-inf,0,X|K,1
K,4,C,3,K,19,Y,222,R,4,X,119,S,6,Y,2,S,2,X,1,R,2,Y,1,K,10,C,1,"L1:[sp=K,4] C=3,K=19,Y=222,R=4,X=119,S=6 || L2:[sp=Y,2] S=2,X=1,R=2,Y=1,K=10,C=1",-inf,-inf,0,K|Y,1
K,4,C,3,K,19,R,4,Y,222,X,151,S,3,X,28,K,10,Y,98,R,1,X,1,S,3,C,1,"L1:[sp=K,4] C=3,K=19,R=4,Y=222,X=151,S=3 || L2:[sp=X,28] K=10,Y=98,R=1,X=1,S=3,C=1",-inf,-inf,0,K|X,1
K,4,C,3,K,19,R,4,Y,222,X,151,S,6,X,28,K,10,Y,1,R,2,X,1,S,2,C,1,"L1:[sp=K,4] C=3,K=19,R=4,Y=222,X=151,S=6 || L2:[sp=X,28] K=10,Y=1,R=2,X=1,S=2,C=1",-inf,-inf,0,K|X,1
K,4,C,2,S,7,Y,222,R,4,X,151,K,19,X,28,S,6,X,1,R,3,Y,1,K,10,C,1,"L1:[sp=K,4] C=2,S=7,Y=222,R=4,X=151,K=19 || L2:[sp=X,28] S=6,X=1,R=3,Y=1,K=10,C=1",-inf,-inf,0,K|X,1
X,4,C,3,K,19,R,4,Y,222,X,191,S,6,X,28,K,10,Y,1,R,3,X,116,S,1,C,1,"L1:[sp=X,4] C=3,K=19,R=4,Y=222,X=191,S=6 || L2:[sp=X,28] K=10,Y=1,R=3,X=116,S=1,C=1",-inf,-inf,0,X|X,1
K,4,C,3,K,19,R,4,Y,222,X,151,S,3,X,28,K,10,Y,122,R,1,X,19,S,3,C,1,"L1:[sp=K,4] C=3,K=19,R=4,Y=222,X=151,S=3 || L2:[sp=X,28] K=10,Y=122,R=1,X=19,S=3,C=1",-inf,-inf,0,K|X,1
X,4,C,3,K,19,Y,222,R,4,X,151,S,3,Y,14,S,3,Y,1,R,2,X,1,K,18,C,2,"L1:[sp=X,4] C=3,K=19,Y=222,R=4,X=151,S=3 || L2:[sp=Y,14] S=3,Y=1,R=2,X=1,K=18,C=2",-inf,-inf,0,X|Y,1
K,4,C,3,K,19,Y,222,R,4,X,151,S,7,X,28,S,6,K,9,R,2,X,1,Y,1,C,2,"L1:[sp=K,4] C=3,K=19,Y=222,R=4,X=151,S=7 || L2:[sp=X,28] S=6,K=9,R=2,X=1,Y=1,C=2",-inf,-inf,0,K|X,1
Y,4,C,3,S,3,Y,222,R,7,X,120,K,19,X,28,S,3,K,9,R,1,Y,1,X,1,C,1,"L1:[sp=Y,4] C=3,S=3,Y=222,R=7,X=120,K=19 || L2:[sp=X,28] S=3,K=9,R=1,Y=1,X=1,C=1",-inf,-inf,0,Y|X,1
X,4,Y,222,K,30,C,1,R,4,X,204,S,6,K,28,S,6,X,169,R,1,Y,1,K,6,C,1,"L1:[sp=X,4] Y=222,K=30,C=1,R=4,X=204,S=6 || L2:[sp=K,28] S=6,X=169,R=1,Y=1,K=6,C=1",-inf,-inf,0,X|K,1
K,4,C,3,S,7,Y,222,R,4,X,151,K,19,X,28,S,6,X,1,R,2,Y,1,K,9,C,1,"L1:[sp=K,4] C=3,S=7,Y=222,R=4,X=151,K=19 || L2:[sp=X,28] S=6,X=1,R=2,Y=1,K=9,C=1",-inf,-inf,0,K|X,1
X,4,C,3,S,6,Y,165,R,4,X,151,K,19,K,151,S,6,X,1,R,2,Y,1,K,8,C,1,"L1:[sp=X,4] C=3,S=6,Y=165,R=4,X=151,K=19 || L2:[sp=K,151] S=6,X=1,R=2,Y=1,K=8,C=1",-inf,-inf,0,X|K,1
K,4,C,3,S,6,Y,222,R,4,X,151,K,19,X,28,S,6,X,1,R,2,Y,1,K,9,C,3,"L1:[sp=K,4] C=3,S=6,Y=222,R=4,X=151,K=19 || L2:[sp=X,28] S=6,X=1,R=2,Y=1,K=9,C=3",-inf,-inf,0,K|X,1
C,4,X,120,K,19,Y,119,R,4,C,1,S,3,X,28,C,1,X,1,R,1,Y,1,K,10,S,3,"L1:[sp=C,4] X=120,K=19,Y=119,R=4,C=1,S=3 || L2:[sp=X,28] C=1,X=1,R=1,Y=1,K=10,S=3",-inf,-inf,0,C|X,1
K,4,C,3,S,7,Y,222,R,4,X,151,K,58,X,28,S,6,X,1,R,1,Y,1,K,9,C,1,"L1:[sp=K,4] C=3,S=7,Y=222,R=4,X=151,K=58 || L2:[sp=X,28] S=6,X=1,R=1,Y=1,K=9,C=1",-inf,-inf,0,K|X,1
C,4,S,4,Y,215,K,19,R,4,C,1,X,120,X,28,C,1,X,1,R,1,Y,1,K,10,S,3,"L1:[sp=C,4] S=4,Y=215,K=19,R=4,C=1,X=120 || L2:[sp=X,28] C=1,X=1,R=1,Y=1,K=10,S=3",-inf,-inf,0,C|X,1
K,4,C,3,S,6,Y,222,R,4,X,151,K,19,X,151,Y,1,X,1,R,2,S,6,K,8,C,2,"L1:[sp=K,4] C=3,S=6,Y=222,R=4,X=151,K=19 || L2:[sp=X,151] Y=1,X=1,R=2,S=6,K=8,C=2",-inf,-inf,0,K|X,1
K,4,C,3,R,4,Y,222,S,6,X,151,K,19,X,28,S,6,X,1,R,2,Y,91,K,9,C,1,"L1:[sp=K,4] C=3,R=4,Y=222,S=6,X=151,K=19 || L2:[sp=X,28] S=6,X=1,R=2,Y=91,K=9,C=1",-inf,-inf,0,K|X,1
K,4,C,3,S,6,Y,222,R,4,X,151,K,19,X,151,S,6,X,84,R,2,Y,1,K,8,C,1,"L1:[sp=K,4] C=3,S=6,Y=222,R=4,X=151,K=19 || L2:[sp=X,151] S=6,X=84,R=2,Y=1,K=8,C=1",-inf,-inf,0,K|X,1
X,4,C,3,S,6,Y,222,R,6,X,192,K,19,K,28,S,6,X,1,R,1,Y,1,K,9,C,1,"L1:[sp=X,4] C=3,S=6,Y=222,R=6,X=192,K=19 || L2:[sp=K,28] S=6,X=1,R=1,Y=1,K=9,C=1",-inf,-inf,0,X|K,1
K,4,C,1,S,6,Y,222,R,4,X,151,K,19,X,151,S,6,Y,1,R,2,X,1,K,8,C,1,"L1:[sp=K,4] C=1,S=6,Y=222,R=4,X=151,K=19 || L2:[sp=X,151] S=6,Y=1,R=2,X=1,K=8,C=1",-inf,-inf,0,K|X,1
K,4,C,3,S,6,Y,222,R,4,X,151,K,19,X,28,S,1,X,1,R,2,Y,1,K,9,C,1,"L1:[sp=K,4] C=3,S=6,Y=222,R=4,X=151,K=19 || L2:[sp=X,28] S=1,X=1,R=2,Y=1,K=9,C=1",-inf,-inf,0,K|X,1
X,4,C,1,K,19,Y,73,S,6,X,85,R,4,K,28,Y,1,X,1,R,1,C,1,K,10,S,6,"L1:[sp=X,4] C=1,K=19,Y=73,S=6,X=85,R=4 || L2:[sp=K,28] Y=1,X=1,R=1,C=1,K=10,S=6",-inf,-inf,0,X|K,1
K,4,C,2,S,3,Y,222,R,4,X,120,K,25,K,19,S,3,C,1,R,1,Y,1,K,10,X,1,"L1:[sp=K,4] C=2,S=3,Y=222,R=4,X=120,K=25 || L2:[sp=K,19] S=3,C=1,R=1,Y=1,K=10,X=1",-inf,-inf,0,K|K,1
K,4,C,1,K,19,Y,222,S,3,X,204,R,4,X,28,Y,1,X,34,R,2,C,1,K,10,S,3,"L1:[sp=K,4] C=1,K=19,Y=222,S=3,X=204,R=4 || L2:[sp=X,28] Y=1,X=34,R=2,C=1,K=10,S=3",-inf,-inf,0,K|X,1
C,4,X,191,K,19,Y,222,R,4,C,1,S,6,X,28,R,3,X,2,C,1,Y,96,K,10,S,2,"L1:[sp=C,4] X=191,K=19,Y=222,R=4,C=1,S=6 || L2:[sp=X,28] R=3,X=2,C=1,Y=96,K=10,S=2",-inf,-inf,0,C|X,1
K,4,C,3,K,7,Y,222,S,6,X,85,R,4,X,28,Y,1,X,37,R,2,C,1,K,7,S,1,"L1:[sp=K,4] C=3,K=7,Y=222,S=6,X=85,R=4 || L2:[sp=X,28] Y=1,X=37,R=2,C=1,K=7,S=1",-inf,-inf,0,K|X,1
K,4,C,3,K,19,Y,222,S,6,X,85,R,4,X,28,Y,43,X,1,R,2,C,1,K,13,S,1,"L1:[sp=K,4] C=3,K=19,Y=222,S=6,X=85,R=4 || L2:[sp=X,28] Y=43,X=1,R=2,C=1,K=13,S=1",-inf,-inf,0,K|X,1
K,4,R,4,K,19,Y,222,S,3,X,204,C,3,X,28,Y,1,X,90,R,2,C,1,K,10,S,3,"L1:[sp=K,4] R=4,K=19,Y=222,S=3,X=204,C=3 || L2:[sp=X,28] Y=1,X=90,R=2,C=1,K=10,S=3",-inf,-inf,0,K|X,1
K,4,Y,222,K,39,C,1,R,4,X,204,S,3,X,28,K,4,X,1,R,2,Y,21,S,3,C,1,"L1:[sp=K,4] Y=222,K=39,C=1,R=4,X=204,S=3 || L2:[sp=X,28] K=4,X=1,R=2,Y=21,S=3,C=1",-inf,-inf,0,K|X,1
K,4,Y,222,K,19,C,1,R,4,X,65,S,3,X,28,K,4,X,19,R,2,Y,115,S,3,C,1,"L1:[sp=K,4] Y=222,K=19,C=1,R=4,X=65,S=3 || L2:[sp=X,28] K=4,X=19,R=2,Y=115,S=3,C=1",-inf,-inf,0,K|X,1
C,4,X,65,K,19,Y,222,R,4,C,1,S,3,X,28,C,1,X,1,R,1,Y,214,K,10,S,1,"L1:[sp=C,4] X=65,K=19,Y=222,R=4,C=1,S=3 || L2:[sp=X,28] C=1,X=1,R=1,Y=214,K=10,S=1",-inf,-inf,0,C|X,1
C,4,X,85,K,19,Y,222,R,4,C,1,S,3,X,28,C,1,X,2,R,2,Y,1,K,10,S,3,"L1:[sp=C,4] X=85,K=19,Y=222,R=4,C=1,S=3 || L2:[sp=X,28] C=1,X=2,R=2,Y=1,K=10,S=3",-inf,-inf,0,C|X,1
C,4,X,191,K,19,Y,222,R,4,C,1,S,6,X,28,C,1,Y,1,R,2,X,16,K,10,S,1,"L1:[sp=C,4] X=191,K=19,Y=222,R=4,C=1,S=6 || L2:[sp=X,28] C=1,Y=1,R=2,X=16,K=10,S=1",-inf,-inf,0,C|X,1
K,4,C,3,K,19,Y,222,S,3,X,85,R,4,X,85,Y,1,X,1,R,2,C,1,K,10,S,3,"L1:[sp=K,4] C=3,K=19,Y=222,S=3,X=85,R=4 || L2:[sp=X,85] Y=1,X=1,R=2,C=1,K=10,S=3",-inf,-inf,0,K|X,1
K,4,C,3,K,19,Y,222,S,6,X,77,R,4,X,28,Y,1,X,2,R,2,C,1,K,10,S,1,"L1:[sp=K,4] C=3,K=19,Y=222,S=6,X=77,R=4 || L2:[sp=X,28] Y=1,X=2,R=2,C=1,K=10,S=1",-inf,-inf,0,K|X,1
C,4,X,85,K,19,Y,73,R,4,C,1,S,6,X,28,C,1,X,56,S,1,Y,1,K,10,R,2,"L1:[sp=C,4] X=85,K=19,Y=73,R=4,C=1,S=6 || L2:[sp=X,28] C=1,X=56,S=1,Y=1,K=10,R=2",-inf,-inf,0,C|X,1
K,4,K,19,C,3,Y,222,S,6,X,38,R,4,X,28,X,29,Y,1,R,1,C,1,K,10,S,6,"L1:[sp=K,4] K=19,C=3,Y=222,S=6,X=38,R=4 || L2:[sp=X,28] X=29,Y=1,R=1,C=1,K=10,S=6",-inf,-inf,0,K|X,1
C,4,C,3,K,38,Y,222,R,4,X,151,S,6,X,28,C,3,R,2,X,1,Y,1,K,32,S,1,"L1:[sp=C,4] C=3,K=38,Y=222,R=4,X=151,S=6 || L2:[sp=X,28] C=3,R=2,X=1,Y=1,K=32,S=1",-inf,-inf,0,C|X,1
K,4,C,3,K,19,Y,222,S,7,X,38,R,4,X,28,Y,1,X,1,R,1,C,1,K,7,S,6,"L1:[sp=K,4] C=3,K=19,Y=222,S=7,X=38,R=4 || L2:[sp=X,28] Y=1,X=1,R=1,C=1,K=7,S=6",-inf,-inf,0,K|X,1
K,4,K,19,C,3,Y,222,S,6,X,85,R,4,X,28,X,29,Y,1,R,2,C,1,K,10,S,1,"L1:[sp=K,4] K=19,C=3,Y=222,S=6,X=85,R=4 || L2:[sp=X,28] X=29,Y=1,R=2,C=1,K=10,S=1",-inf,-inf,0,K|X,1
C,4,X,65,K,38,Y,222,R,4,C,1,S,5,X,28,C,1,K,32,R,1,Y,1,X,1,S,3,"L1:[sp=C,4] X=65,K=38,Y=222,R=4,C=1,S=5 || L2:[sp=X,28] C=1,K=32,R=1,Y=1,X=1,S=3",-inf,-inf,0,C|X,1
C,4,X,77,K,19,S,6,R,3,C,1,Y,222,X,28,C,1,X,2,R,1,Y,1,K,10,S,2,"L1:[sp=C,4] X=77,K=19,S=6,R=3,C=1,Y=222 || L2:[sp=X,28] C=1,X=2,R=1,Y=1,K=10,S=2",-inf,-inf,0,C|X,1
C,4,K,42,Y,222,C,1,S,6,X,65,R,4,K,1,K,4,X,40,R,4,Y,1,S,1,C,1,"L1:[sp=C,4] K=42,Y=222,C=1,S=6,X=65,R=4 || L2:[sp=K,1] K=4,X=40,R=4,Y=1,S=1,C=1",-inf,-inf,0,C|K,1
C,4,Y,222,K,19,C,3,S,6,X,151,R,4,K,1,K,11,X,1,R,1,Y,1,S,1,C,1,"L1:[sp=C,4] Y=222,K=19,C=3,S=6,X=151,R=4 || L2:[sp=K,1] K=11,X=1,R=1,Y=1,S=1,C=1",-inf,-inf,0,C|K,1
C,4,R,4,K,19,C,1,S,3,X,65,Y,222,X,28,K,4,X,1,R,2,Y,168,S,1,C,1,"L1:[sp=C,4] R=4,K=19,C=1,S=3,X=65,Y=222 || L2:[sp=X,28] K=4,X=1,R=2,Y=168,S=1,C=1",-inf,-inf,0,C|X,1
K,4,Y,222,K,19,X,191,R,4,S,3,C,1,C,8,C,1,Y,1,R,2,X,2,K,10,S,1,"L1:[sp=K,4] Y=222,K=19,X=191,R=4,S=3,C=1 || L2:[sp=C,8] C=1,Y=1,R=2,X=2,K=10,S=1",-inf,-inf,0,K|C,1
C,4,Y,222,K,19,C,1,S,3,X,65,R,4,K,1,K,4,X,1,R,1,Y,1,S,2,C,1,"L1:[sp=C,4] Y=222,K=19,C=1,S=3,X=65,R=4 || L2:[sp=K,1] K=4,X=1,R=1,Y=1,S=2,C=1",-inf,-inf,0,C|K,1
Y,4,Y,212,K,46,C,1,R,4,X,65,S,3,X,28,K,4,X,1,R,2,Y,1,S,3,C,1,"L1:[sp=Y,4] Y=212,K=46,C=1,R=4,X=65,S=3 || L2:[sp=X,28] K=4,X=1,R=2,Y=1,S=3,C=1",-inf,-inf,0,Y|X,1
K,4,Y,105,K,19,C,1,S,6,X,212,R,4,X,28,K,4,X,2,R,2,Y,1,S,1,C,1,"L1:[sp=K,4] Y=105,K=19,C=1,S=6,X=212,R=4 || L2:[sp=X,28] K=4,X=2,R=2,Y=1,S=1,C=1",-inf,-inf,0,K|X,1
X,4,Y,222,K,19,C,3,S,1,X,11,R,4,C,28,K,14,R,2,X,2,Y,134,S,1,C,1,"L1:[sp=X,4] Y=222,K=19,C=3,S=1,X=11,R=4 || L2:[sp=C,28] K=14,R=2,X=2,Y=134,S=1,C=1",-inf,-inf,0,X|C,1
K,4,S,6,K,19,C,1,Y,222,X,151,R,3,X,28,K,4,X,1,R,2,Y,1,S,1,C,1,"L1:[sp=K,4] S=6,K=19,C=1,Y=222,X=151,R=3 || L2:[sp=X,28] K=4,X=1,R=2,Y=1,S=1,C=1",-inf,-inf,0,K|X,1
C,4,R,4,K,19,C,2,S,1,X,65,Y,211,X,28,K,4,X,1,Y,20,R,1,S,1,C,1,"L1:[sp=C,4] R=4,K=19,C=2,S=1,X=65,Y=211 || L2:[sp=X,28] K=4,X=1,Y=20,R=1,S=1,C=1",-inf,-inf,0,C|X,1
C,4,R,4,K,19,C,1,Y,222,X,65,S,3,Y,12,K,4,X,54,R,1,C,1,S,1,Y,1,"L1:[sp=C,4] R=4,K=19,C=1,Y=222,X=65,S=3 || L2:[sp=Y,12] K=4,X=54,R=1,C=1,S=1,Y=1",-inf,-inf,0,C|Y,1
Y,4,Y,48,K,19,C,1,X,65,R,4,S,3,X,28,K,4,X,1,R,1,Y,1,S,2,C,1,"L1:[sp=Y,4] Y=48,K=19,C=1,X=65,R=4,S=3 || L2:[sp=X,28] K=4,X=1,R=1,Y=1,S=2,C=1",-inf,-inf,0,Y|X,1
K,4,X,65,K,19,S,1,R,4,C,1,Y,222,X,28,C,1,X,52,R,1,Y,1,K,10,S,1,"L1:[sp=K,4] X=65,K=19,S=1,R=4,C=1,Y=222 || L2:[sp=X,28] C=1,X=52,R=1,Y=1,K=10,S=1",-inf,-inf,0,K|X,1
K,4,Y,121,K,19,C,1,R,4,X,65,S,1,X,28,K,4,X,1,R,1,Y,1,S,1,C,1,"L1:[sp=K,4] Y=121,K=19,C=1,R=4,X=65,S=1 || L2:[sp=X,28] K=4,X=1,R=1,Y=1,S=1,C=1",-inf,-inf,0,K|X,1
Y,4,Y,178,K,19,C,1,R,4,X,41,S,3,X,28,K,4,X,37,R,2,Y,80,S,2,C,1,"L1:[sp=Y,4] Y=178,K=19,C=1,R=4,X=41,S=3 || L2:[sp=X,28] K=4,X=37,R=2,Y=80,S=2,C=1",-inf,-inf,0,Y|X,1
Y,4,Y,222,K,19,C,1,R,4,X,41,S,1,X,28,K,15,X,1,R,2,Y,1,C,1,S,1,"L1:[sp=Y,4] Y=222,K=19,C=1,R=4,X=41,S=1 || L2:[sp=X,28] K=15,X=1,R=2,Y=1,C=1,S=1",-inf,-inf,0,Y|X,1
Y,4,Y,222,K,19,C,1,R,4,X,65,S,4,X,28,K,4,X,1,R,2,Y,1,S,3,C,1,"L1:[sp=Y,4] Y=222,K=19,C=1,R=4,X=65,S=4 || L2:[sp=X,28] K=4,X=1,R=2,Y=1,S=3,C=1",-inf,-inf,0,Y|X,1
K,4,S,1,K,19,C,1,Y,222,R,4,X,77,X,19,K,4,X,2,R,2,Y,132,S,1,C,1,"L1:[sp=K,4] S=1,K=19,C=1,Y=222,R=4,X=77 || L2:[sp=X,19] K=4,X=2,R=2,Y=132,S=1,C=1",-inf,-inf,0,K|X,1
X,4,Y,222,K,19,X,65,R,4,C,1,S,4,X,28,K,6,X,1,R,2,Y,1,C,1,S,2,"L1:[sp=X,4] Y=222,K=19,X=65,R=4,C=1,S=4 || L2:[sp=X,28] K=6,X=1,R=2,Y=1,C=1,S=2",-inf,-inf,0,X|X,1
X,4,X,65,K,19,S,3,R,4,C,1,Y,222,K,28,C,1,X,1,R,4,Y,173,K,10,S,3,"L1:[sp=X,4] X=65,K=19,S=3,R=4,C=1,Y=222 || L2:[sp=K,28] C=1,X=1,R=4,Y=173,K=10,S=3",-inf,-inf,0,X|K,1
K,4,Y,222,K,19,C,1,S,5,X,77,R,4,X,28,K,4,X,2,R,2,Y,1,S,1,C,1,"L1:[sp=K,4] Y=222,K=19,C=1,S=5,X=77,R=4 || L2:[sp=X,28] K=4,X=2,R=2,Y=1,S=1,C=1",-inf,-inf,0,K|X,1
C,4,Y,96,K,48,C,1,R,4,X,65,S,3,X,28,K,4,X,19,R,4,Y,1,S,2,C,1,"L1:[sp=C,4] Y=96,K=48,C=1,R=4,X=65,S=3 || L2:[sp=X,28] K=4,X=19,R=4,Y=1,S=2,C=1",-inf,-inf,0,C|X,1
K,4,X,65,K,6,S,3,R,4,C,2,Y,222,X,28,C,1,X,1,R,1,Y,1,K,6,S,3,"L1:[sp=K,4] X=65,K=6,S=3,R=4,C=2,Y=222 || L2:[sp=X,28] C=1,X=1,R=1,Y=1,K=6,S=3",-inf,-inf,0,K|X,1
Y,4,C,2,K,19,S,3,R,4,X,39,Y,222,X,28,C,2,X,1,R,2,Y,126,K,10,S,1,"L1:[sp=Y,4] C=2,K=19,S=3,R=4,X=39,Y=222 || L2:[sp=X,28] C=2,X=1,R=2,Y=126,K=10,S=1",-inf,-inf,0,Y|X,1
X,4,Y,56,K,48,C,2,R,4,X,168,S,3,X,28,K,4,X,1,R,2,Y,1,C,2,S,1,"L1:[sp=X,4] Y=56,K=48,C=2,R=4,X=168,S=3 || L2:[sp=X,28] K=4,X=1,R=2,Y=1,C=2,S=1",-inf,-inf,0,X|X,1
C,4,R,4,K,19,C,1,Y,222,X,65,S,3,Y,1,K,4,X,1,R,1,Y,33,S,2,C,1,"L1:[sp=C,4] R=4,K=19,C=1,Y=222,X=65,S=3 || L2:[sp=Y,1] K=4,X=1,R=1,Y=33,S=2,C=1",-inf,-inf,0,C|Y,1
K,4,C,2,K,19,R,4,S,3,X,65,Y,91,X,28,C,1,X,1,R,1,Y,1,K,10,S,3,"L1:[sp=K,4] C=2,K=19,R=4,S=3,X=65,Y=91 || L2:[sp=X,28] C=1,X=1,R=1,Y=1,K=10,S=3",-inf,-inf,0,K|X,1
X,4,S,7,Y,158,C,1,R,4,X,65,K,19,Y,28,K,4,X,1,R,1,Y,1,S,2,C,1,"L1:[sp=X,4] S=7,Y=158,C=1,R=4,X=65,K=19 || L2:[sp=Y,28] K=4,X=1,R=1,Y=1,S=2,C=1",-inf,-inf,0,X|Y,1
C,4,Y,222,K,19,C,3,R,7,X,41,S,1,Y,1,K,4,X,1,R,2,Y,29,S,1,C,1,"L1:[sp=C,4] Y=222,K=19,C=3,R=7,X=41,S=1 || L2:[sp=Y,1] K=4,X=1,R=2,Y=29,S=1,C=1",-inf,-inf,0,C|Y,1
K,4,X,65,K,19,C,1,R,4,S,3,Y,197,X,28,C,1,X,1,R,3,Y,100,K,10,S,3,"L1:[sp=K,4] X=65,K=19,C=1,R=4,S=3,Y=197 || L2:[sp=X,28] C=1,X=1,R=3,Y=100,K=10,S=3",-inf,-inf,0,K|X,1
C,4,R,3,K,19,C,2,S,3,X,168,Y,26,X,28,K,14,X,1,R,2,Y,1,S,1,C,2,"L1:[sp=C,4] R=3,K=19,C=2,S=3,X=168,Y=26 || L2:[sp=X,28] K=14,X=1,R=2,Y=1,S=1,C=2",-inf,-inf,0,C|X,1
C,4,R,4,K,19,C,2,S,5,X,168,Y,222,X,28,K,14,X,128,R,1,Y,1,S,3,C,2,"L1:[sp=C,4] R=4,K=19,C=2,S=5,X=168,Y=222 || L2:[sp=X,28] K=14,X=128,R=1,Y=1,S=3,C=2",-inf,-inf,0,C|X,1
K,4,X,65,K,40,S,3,R,4,C,2,Y,222,X,28,C,1,X,1,R,2,Y,1,K,24,S,1,"L1:[sp=K,4] X=65,K=40,S=3,R=4,C=2,Y=222 || L2:[sp=X,28] C=1,X=1,R=2,Y=1,K=24,S=1",-inf,-inf,0,K|X,1
X,4,Y,222,K,48,C,1,R,4,X,65,S,3,C,28,K,4,X,1,R,1,Y,83,S,2,C,1,"L1:[sp=X,4] Y=222,K=48,C=1,R=4,X=65,S=3 || L2:[sp=C,28] K=4,X=1,R=1,Y=83,S=2,C=1",-inf,-inf,0,X|C,1
C,4,Y,222,K,26,C,1,R,4,X,65,S,3,C,1,K,4,X,1,R,4,Y,1,S,2,C,1,"L1:[sp=C,4] Y=222,K=26,C=1,R=4,X=65,S=3 || L2:[sp=C,1] K=4,X=1,R=4,Y=1,S=2,C=1",-inf,-inf,0,C|C,1
C,4,Y,212,R,4,C,1,K,48,X,65,S,4,X,28,K,4,X,1,R,3,Y,1,S,2,C,1,"L1:[sp=C,4] Y=212,R=4,C=1,K=48,X=65,S=4 || L2:[sp=X,28] K=4,X=1,R=3,Y=1,S=2,C=1",-inf,-inf,0,C|X,1
K,4,C,3,K,19,S,3,R,4,X,65,Y,222,X,28,C,1,R,1,X,17,Y,186,K,10,S,2,"L1:[sp=K,4] C=3,K=19,S=3,R=4,X=65,Y=222 || L2:[sp=X,28] C=1,R=1,X=17,Y=186,K=10,S=2",-inf,-inf,0,K|X,1
C,4,Y,222,K,26,C,1,R,4,X,65,S,3,C,1,K,4,R,1,X,1,Y,1,S,2,C,1,"L1:[sp=C,4] Y=222,K=26,C=1,R=4,X=65,S=3 || L2:[sp=C,1] K=4,R=1,X=1,Y=1,S=2,C=1",-inf,-inf,0,C|C,1
Y,4,R,4,K,19,C,2,S,3,X,168,Y,222,X,28,K,14,X,124,R,2,Y,1,S,1,C,2,"L1:[sp=Y,4] R=4,K=19,C=2,S=3,X=168,Y=222 || L2:[sp=X,28] K=14,X=124,R=2,Y=1,S=1,C=2",-inf,-inf,0,Y|X,1
C,4,R,4,K,19,C,1,S,4,X,73,Y,222,Y,56,S,2,K,14,R,4,Y,1,X,1,C,1,"L1:[sp=C,4] R=4,K=19,C=1,S=4,X=73,Y=222 || L2:[sp=Y,56] S=2,K=14,R=4,Y=1,X=1,C=1",-inf,-inf,0,C|Y,1
K,4,C,2,K,40,R,4,S,5,X,65,Y,222,X,28,C,1,X,1,R,1,Y,7,K,10,S,3,"L1:[sp=K,4] C=2,K=40,R=4,S=5,X=65,Y=222 || L2:[sp=X,28] C=1,X=1,R=1,Y=7,K=10,S=3",-inf,-inf,0,K|X,1
C,4,R,4,Y,224,C,1,S,4,X,73,K,19,X,28,S,2,X,1,R,4,Y,1,K,10,C,1,"L1:[sp=C,4] R=4,Y=224,C=1,S=4,X=73,K=19 || L2:[sp=X,28] S=2,X=1,R=4,Y=1,K=10,C=1",-inf,-inf,0,C|X,1
X,4,Y,222,K,26,C,1,R,4,X,28,S,1,C,28,K,4,X,9,R,1,Y,1,S,1,C,1,"L1:[sp=X,4] Y=222,K=26,C=1,R=4,X=28,S=1 || L2:[sp=C,28] K=4,X=9,R=1,Y=1,S=1,C=1",-inf,-inf,0,X|C,1
X,4,C,2,K,40,X,65,R,4,S,3,Y,222,Y,2,C,1,X,1,R,1,Y,1,K,10,S,3,"L1:[sp=X,4] C=2,K=40,X=65,R=4,S=3,Y=222 || L2:[sp=Y,2] C=1,X=1,R=1,Y=1,K=10,S=3",-inf,-inf,0,X|Y,1
X,4,R,4,Y,222,C,2,S,3,X,168,K,19,C,28,K,18,X,69,R,2,C,2,S,1,Y,1,"L1:[sp=X,4] R=4,Y=222,C=2,S=3,X=168,K=19 || L2:[sp=C,28] K=18,X=69,R=2,C=2,S=1,Y=1",-inf,-inf,0,X|C,1
K,4,K,21,C,2,S,7,R,4,X,136,Y,222,X,28,Y,41,X,1,R,1,C,1,K,10,S,3,"L1:[sp=K,4] K=21,C=2,S=7,R=4,X=136,Y=222 || L2:[sp=X,28] Y=41,X=1,R=1,C=1,K=10,S=3",-inf,-inf,0,K|X,1
K,4,K,19,X,136,C,1,R,4,S,7,Y,222,X,28,C,1,S,3,K,10,Y,1,R,1,X,1,"L1:[sp=K,4] K=19,X=136,C=1,R=4,S=7,Y=222 || L2:[sp=X,28] C=1,S=3,K=10,Y=1,R=1,X=1",-inf,-inf,0,K|X,1
K,4,C,2,K,40,S,3,R,4,X,65,Y,222,X,28,C,1,X,12,R,4,Y,1,K,10,S,2,"L1:[sp=K,4] C=2,K=40,S=3,R=4,X=65,Y=222 || L2:[sp=X,28] C=1,X=12,R=4,Y=1,K=10,S=2",-inf,-inf,0,K|X,1
C,4,R,4,Y,222,C,2,S,7,X,151,K,19,X,28,K,18,X,1,R,4,Y,1,S,3,C,1,"L1:[sp=C,4] R=4,Y=222,C=2,S=7,X=151,K=19 || L2:[sp=X,28] K=18,X=1,R=4,Y=1,S=3,C=1",-inf,-inf,0,C|X,1
K,4,C,2,K,40,S,5,R,4,X,65,Y,222,X,28,C,1,X,1,R,1,Y,147,K,10,S,3,"L1:[sp=K,4] C=2,K=40,S=5,R=4,X=65,Y=222 || L2:[sp=X,28] C=1,X=1,R=1,Y=147,K=10,S=3",-inf,-inf,0,K|X,1
