L1_sp_dim,L1_sp_sz,L1_pos1_dim,L1_pos1_tile,L1_pos2_dim,L1_pos2_tile,L1_pos3_dim,L1_pos3_tile,L1_pos4_dim,L1_pos4_tile,L1_pos5_dim,L1_pos5_tile,L1_pos6_dim,L1_pos6_tile,L2_sp_dim,L2_sp_sz,L2_pos1_dim,L2_pos1_tile,L2_pos2_dim,L2_pos2_tile,L2_pos3_dim,L2_pos3_tile,L2_pos4_dim,L2_pos4_tile,L2_pos5_dim,L2_pos5_tile,L2_pos6_dim,L2_pos6_tile,genome_str,fitness1,fitness2,valid,genome_pattern,layer
K,119,S,1,Y,222,C,1,R,6,X,199,K,1,C,1,C,1,Y,1,S,1,K,1,R,1,X,50,"L1:[sp=K,119] S=1,Y=222,C=1,R=6,X=199,K=1 || L2:[sp=C,1] C=1,Y=1,S=1,K=1,R=1,X=50",-72997.0,-163324000.0,1,K|C,1
K,119,K,1,X,217,S,5,R,6,Y,222,C,1,X,56,Y,1,R,1,X,3,K,1,S,5,C,1,"L1:[sp=K,119] K=1,X=217,S=5,R=6,Y=222,C=1 || L2:[sp=X,56] Y=1,R=1,X=3,K=1,S=5,C=1",-83689.0,-163323000.0,1,K|X,1
C,119,S,1,Y,222,C,1,R,4,X,108,K,1,X,56,C,1,Y,1,S,1,K,1,R,1,X,10,"L1:[sp=C,119] S=1,Y=222,C=1,R=4,X=108,K=1 || L2:[sp=X,56] C=1,Y=1,S=1,K=1,R=1,X=10",-190849.0,-163323000.0,1,C|X,1
K,119,S,7,X,217,K,1,R,6,Y,222,C,1,X,24,Y,1,C,1,X,50,K,1,R,1,S,6,"L1:[sp=K,119] S=7,X=217,K=1,R=6,Y=222,C=1 || L2:[sp=X,24] Y=1,C=1,X=50,K=1,R=1,S=6",-294121.0,-163323000.0,1,K|X,1
C,119,K,1,S,6,C,1,X,220,R,7,Y,131,Y,19,Y,1,R,1,X,36,S,1,C,1,K,1,"L1:[sp=C,119] K=1,S=6,C=1,X=220,R=7,Y=131 || L2:[sp=Y,19] Y=1,R=1,X=36,S=1,C=1,K=1",-326401.0,-163323000.0,1,C|Y,1
K,119,K,1,Y,222,X,217,R,6,C,1,S,1,Y,24,Y,1,C,1,X,50,K,1,R,1,S,1,"L1:[sp=K,119] K=1,Y=222,X=217,R=6,C=1,S=1 || L2:[sp=Y,24] Y=1,C=1,X=50,K=1,R=1,S=1",-344821.0,-163323000.0,1,K|Y,1
K,119,S,1,Y,222,C,2,R,6,X,199,K,1,X,42,C,1,Y,1,S,1,K,1,R,1,X,50,"L1:[sp=K,119] S=1,Y=222,C=2,R=6,X=199,K=1 || L2:[sp=X,42] C=1,Y=1,S=1,K=1,R=1,X=50",-471297.0,-163323000.0,1,K|X,1
K,119,K,1,Y,222,C,1,R,6,X,23,S,7,X,56,C,1,Y,1,S,1,K,1,R,3,X,12,"L1:[sp=K,119] K=1,Y=222,C=1,R=6,X=23,S=7 || L2:[sp=X,56] C=1,Y=1,S=1,K=1,R=3,X=12",-500281.0,-163323000.0,1,K|X,1
X,119,K,1,R,6,C,1,S,7,Y,222,X,217,X,56,C,1,R,1,K,1,Y,1,X,27,S,1,"L1:[sp=X,119] K=1,R=6,C=1,S=7,Y=222,X=217 || L2:[sp=X,56] C=1,R=1,K=1,Y=1,X=27,S=1",-508417.0,-163323000.0,1,X|X,1
X,119,K,1,R,6,C,1,S,7,Y,222,X,217,X,56,C,1,R,1,K,1,Y,1,X,27,S,6,"L1:[sp=X,119] K=1,R=6,C=1,S=7,Y=222,X=217 || L2:[sp=X,56] C=1,R=1,K=1,Y=1,X=27,S=6",-508417.0,-163323000.0,1,X|X,1
X,119,K,1,R,6,C,1,S,2,Y,222,X,217,X,56,C,1,R,1,K,1,Y,1,X,27,S,1,"L1:[sp=X,119] K=1,R=6,C=1,S=2,Y=222,X=217 || L2:[sp=X,56] C=1,R=1,K=1,Y=1,X=27,S=1",-509569.0,-163323000.0,1,X|X,1
K,119,S,7,Y,222,C,1,R,6,X,72,K,1,X,56,C,1,Y,1,S,6,K,1,R,1,X,20,"L1:[sp=K,119] S=7,Y=222,C=1,R=6,X=72,K=1 || L2:[sp=X,56] C=1,Y=1,S=6,K=1,R=1,X=20",-517969.0,-163323000.0,1,K|X,1
K,119,S,7,X,217,K,1,R,6,Y,222,C,1,X,56,Y,1,C,1,X,50,K,1,R,1,S,6,"L1:[sp=K,119] S=7,X=217,K=1,R=6,Y=222,C=1 || L2:[sp=X,56] Y=1,C=1,X=50,K=1,R=1,S=6",-647065.0,-163323000.0,1,K|X,1
K,119,X,217,Y,222,K,1,R,6,C,1,S,7,X,56,Y,1,C,1,X,50,K,1,R,1,S,2,"L1:[sp=K,119] X=217,Y=222,K=1,R=6,C=1,S=7 || L2:[sp=X,56] Y=1,C=1,X=50,K=1,R=1,S=2",-647065.0,-163323000.0,1,K|X,1
K,119,S,7,X,217,K,1,R,6,Y,222,C,1,X,56,Y,1,S,6,X,50,K,1,R,1,C,1,"L1:[sp=K,119] S=7,X=217,K=1,R=6,Y=222,C=1 || L2:[sp=X,56] Y=1,S=6,X=50,K=1,R=1,C=1",-647065.0,-163323000.0,1,K|X,1
K,119,K,1,Y,222,X,217,R,6,C,1,S,7,X,56,Y,1,C,1,X,50,K,1,R,1,S,6,"L1:[sp=K,119] K=1,Y=222,X=217,R=6,C=1,S=7 || L2:[sp=X,56] Y=1,C=1,X=50,K=1,R=1,S=6",-647065.0,-163323000.0,1,K|X,1
K,119,S,7,Y,222,C,1,R,6,X,199,K,1,X,56,C,1,Y,1,S,6,K,1,R,1,X,50,"L1:[sp=K,119] S=7,Y=222,C=1,R=6,X=199,K=1 || L2:[sp=X,56] C=1,Y=1,S=6,K=1,R=1,X=50",-647065.0,-163323000.0,1,K|X,1
K,119,K,1,X,217,S,3,R,6,Y,222,C,1,X,56,Y,1,S,2,X,50,K,1,R,1,C,1,"L1:[sp=K,119] K=1,X=217,S=3,R=6,Y=222,C=1 || L2:[sp=X,56] Y=1,S=2,X=50,K=1,R=1,C=1",-647593.0,-163323000.0,1,K|X,1
K,119,K,1,Y,222,X,217,R,6,C,1,S,1,X,56,Y,1,C,1,X,50,K,1,R,1,S,1,"L1:[sp=K,119] K=1,Y=222,X=217,R=6,C=1,S=1 || L2:[sp=X,56] Y=1,C=1,X=50,K=1,R=1,S=1",-648649.0,-163323000.0,1,K|X,1
K,119,K,1,X,199,S,1,R,6,Y,222,C,1,X,56,Y,1,S,1,X,50,K,1,R,1,C,1,"L1:[sp=K,119] K=1,X=199,S=1,R=6,Y=222,C=1 || L2:[sp=X,56] Y=1,S=1,X=50,K=1,R=1,C=1",-648649.0,-163323000.0,1,K|X,1
K,119,S,1,Y,222,C,1,R,6,X,199,K,1,X,56,C,1,Y,1,S,1,K,1,R,1,X,50,"L1:[sp=K,119] S=1,Y=222,C=1,R=6,X=199,K=1 || L2:[sp=X,56] C=1,Y=1,S=1,K=1,R=1,X=50",-648649.0,-163323000.0,1,K|X,1
K,119,S,1,Y,222,C,1,X,199,R,6,K,1,X,56,C,1,K,1,S,1,Y,1,R,1,X,50,"L1:[sp=K,119] S=1,Y=222,C=1,X=199,R=6,K=1 || L2:[sp=X,56] C=1,K=1,S=1,Y=1,R=1,X=50",-648649.0,-163323000.0,1,K|X,1
C,119,S,1,Y,222,C,1,R,6,X,136,K,1,X,56,C,1,Y,1,S,1,K,1,R,1,X,54,"L1:[sp=C,119] S=1,Y=222,C=1,R=6,X=136,K=1 || L2:[sp=X,56] C=1,Y=1,S=1,K=1,R=1,X=54",-679169.0,-163323000.0,1,C|X,1
K,119,K,1,Y,222,C,1,R,6,X,23,S,7,X,56,C,1,Y,1,X,12,K,1,R,1,S,1,"L1:[sp=K,119] K=1,Y=222,C=1,R=6,X=23,S=7 || L2:[sp=X,56] C=1,Y=1,X=12,K=1,R=1,S=1",-777481.0,-163323000.0,1,K|X,1
K,119,K,1,X,143,S,1,R,6,Y,222,C,2,X,56,Y,1,R,1,X,50,K,1,S,1,C,2,"L1:[sp=K,119] K=1,X=143,S=1,R=6,Y=222,C=2 || L2:[sp=X,56] Y=1,R=1,X=50,K=1,S=1,C=2",-863633.0,-163323000.0,1,K|X,1
X,119,K,1,R,6,C,1,S,7,Y,222,X,217,X,56,C,1,R,4,K,1,Y,1,X,27,S,1,"L1:[sp=X,119] K=1,R=6,C=1,S=7,Y=222,X=217 || L2:[sp=X,56] C=1,R=4,K=1,Y=1,X=27,S=1",-871297.0,-163323000.0,1,X|X,1
X,119,K,1,S,7,Y,222,R,6,C,1,X,217,X,56,C,1,R,1,X,50,K,1,Y,1,S,6,"L1:[sp=X,119] K=1,S=7,Y=222,R=6,C=1,X=217 || L2:[sp=X,56] C=1,R=1,X=50,K=1,Y=1,S=6",-941185.0,-163323000.0,1,X|X,1
X,119,X,217,Y,222,K,1,R,6,C,1,S,7,X,56,Y,1,C,1,X,50,K,1,R,1,S,6,"L1:[sp=X,119] X=217,Y=222,K=1,R=6,C=1,S=7 || L2:[sp=X,56] Y=1,C=1,X=50,K=1,R=1,S=6",-941185.0,-163323000.0,1,X|X,1
X,119,X,217,Y,222,K,1,R,4,C,1,S,7,X,56,Y,1,C,1,X,50,K,1,R,1,S,5,"L1:[sp=X,119] X=217,Y=222,K=1,R=4,C=1,S=7 || L2:[sp=X,56] Y=1,C=1,X=50,K=1,R=1,S=5",-941185.0,-163323000.0,1,X|X,1
C,119,S,5,Y,222,C,1,R,6,X,108,K,1,X,54,C,1,Y,1,S,1,K,1,R,1,X,50,"L1:[sp=C,119] S=5,Y=222,C=1,R=6,X=108,K=1 || L2:[sp=X,54] C=1,Y=1,S=1,K=1,R=1,X=50",-941569.0,-163323000.0,1,C|X,1
X,119,X,217,Y,222,K,1,R,6,C,1,S,3,X,56,Y,1,C,1,X,50,K,1,R,1,S,2,"L1:[sp=X,119] X=217,Y=222,K=1,R=6,C=1,S=3 || L2:[sp=X,56] Y=1,C=1,X=50,K=1,R=1,S=2",-941953.0,-163323000.0,1,X|X,1
C,119,S,1,Y,222,C,1,R,6,X,108,K,1,X,56,C,1,Y,1,S,1,K,1,R,1,X,50,"L1:[sp=C,119] S=1,Y=222,C=1,R=6,X=108,K=1 || L2:[sp=X,56] C=1,Y=1,S=1,K=1,R=1,X=50",-943489.0,-163323000.0,1,C|X,1
Y,119,K,1,R,6,C,3,S,7,Y,222,X,217,X,56,C,1,R,1,K,1,Y,1,X,27,S,1,"L1:[sp=Y,119] K=1,R=6,C=3,S=7,Y=222,X=217 || L2:[sp=X,56] C=1,R=1,K=1,Y=1,X=27,S=1",-1016321.0,-163323000.0,1,Y|X,1
X,119,X,223,Y,222,K,1,S,7,C,1,R,6,X,56,Y,1,S,6,X,67,K,1,R,1,C,1,"L1:[sp=X,119] X=223,Y=222,K=1,S=7,C=1,R=6 || L2:[sp=X,56] Y=1,S=6,X=67,K=1,R=1,C=1",-1261057.0,-163323000.0,1,X|X,1
K,119,K,1,Y,222,C,1,R,6,X,23,S,7,X,56,C,1,Y,1,X,20,K,1,R,1,S,6,"L1:[sp=K,119] K=1,Y=222,C=1,R=6,X=23,S=7 || L2:[sp=X,56] C=1,Y=1,X=20,K=1,R=1,S=6",-1294921.0,-163323000.0,1,K|X,1
K,119,S,1,C,1,Y,222,R,6,X,136,K,1,X,56,C,1,Y,1,S,1,K,1,R,1,X,123,"L1:[sp=K,119] S=1,C=1,Y=222,R=6,X=136,K=1 || L2:[sp=X,56] C=1,Y=1,S=1,K=1,R=1,X=123",-1592977.0,-163323000.0,1,K|X,1
K,119,S,7,Y,222,C,1,R,5,X,199,K,55,X,56,C,1,Y,1,S,6,K,1,R,1,X,50,"L1:[sp=K,119] S=7,Y=222,C=1,R=5,X=199,K=55 || L2:[sp=X,56] C=1,Y=1,S=6,K=1,R=1,X=50",-1617013.0,-163323000.0,1,K|X,1
X,119,K,1,X,23,S,7,R,6,Y,222,C,1,K,56,Y,1,R,1,X,20,K,1,S,6,C,1,"L1:[sp=X,119] K=1,X=23,S=7,R=6,Y=222,C=1 || L2:[sp=K,56] Y=1,R=1,X=20,K=1,S=6,C=1",-1807873.0,-163323000.0,1,X|K,1
Y,119,S,7,K,43,Y,222,R,6,C,1,X,217,X,56,Y,1,C,1,X,50,K,1,R,1,S,6,"L1:[sp=Y,119] S=7,K=43,Y=222,R=6,C=1,X=217 || L2:[sp=X,56] Y=1,C=1,X=50,K=1,R=1,S=6",-1881625.0,-163323000.0,1,Y|X,1
Y,119,K,1,S,7,X,217,R,6,C,1,Y,222,X,56,Y,1,C,1,X,50,K,1,R,1,S,1,"L1:[sp=Y,119] K=1,S=7,X=217,R=6,C=1,Y=222 || L2:[sp=X,56] Y=1,C=1,X=50,K=1,R=1,S=1",-1882369.0,-163323000.0,1,Y|X,1
Y,119,K,1,S,7,Y,222,R,6,C,1,X,217,X,56,Y,1,C,1,X,50,K,1,R,1,S,6,"L1:[sp=Y,119] K=1,S=7,Y=222,R=6,C=1,X=217 || L2:[sp=X,56] Y=1,C=1,X=50,K=1,R=1,S=6",-1882369.0,-163323000.0,1,Y|X,1
Y,119,S,1,Y,222,C,1,R,6,X,160,K,1,X,56,C,1,Y,1,S,1,K,1,R,1,X,50,"L1:[sp=Y,119] S=1,Y=222,C=1,R=6,X=160,K=1 || L2:[sp=X,56] C=1,Y=1,S=1,K=1,R=1,X=50",-1886977.0,-163323000.0,1,Y|X,1
Y,119,S,1,Y,222,C,3,R,6,X,108,K,1,X,56,C,1,Y,1,S,1,K,1,R,1,X,50,"L1:[sp=Y,119] S=1,Y=222,C=3,R=6,X=108,K=1 || L2:[sp=X,56] C=1,Y=1,S=1,K=1,R=1,X=50",-2825089.0,-163323000.0,1,Y|X,1
K,119,Y,84,R,1,S,3,X,38,K,1,C,2,Y,19,C,1,Y,1,S,1,X,38,R,1,K,1,"L1:[sp=K,119] Y=84,R=1,S=3,X=38,K=1,C=2 || L2:[sp=Y,19] C=1,Y=1,S=1,X=38,R=1,K=1",-3094225.0,-163324000.0,1,K|Y,1
K,119,C,2,R,1,S,3,X,38,K,1,Y,84,Y,19,C,1,Y,1,S,1,X,38,R,1,K,1,"L1:[sp=K,119] C=2,R=1,S=3,X=38,K=1,Y=84 || L2:[sp=Y,19] C=1,Y=1,S=1,X=38,R=1,K=1",-3094225.0,-163324000.0,1,K|Y,1
K,119,R,1,X,49,S,3,C,3,K,1,Y,87,Y,19,C,1,R,1,Y,1,K,1,S,1,X,49,"L1:[sp=K,119] R=1,X=49,S=3,C=3,K=1,Y=87 || L2:[sp=Y,19] C=1,R=1,Y=1,K=1,S=1,X=49",-3151849.0,-163324000.0,1,K|Y,1
K,119,R,1,X,49,S,3,C,3,K,1,Y,87,Y,19,C,1,R,1,Y,1,K,1,S,1,X,39,"L1:[sp=K,119] R=1,X=49,S=3,C=3,K=1,Y=87 || L2:[sp=Y,19] C=1,R=1,Y=1,K=1,S=1,X=39",-3304729.0,-163324000.0,1,K|Y,1
K,119,S,2,C,2,R,1,Y,82,X,49,K,1,Y,19,C,1,Y,1,S,1,X,49,R,1,K,1,"L1:[sp=K,119] S=2,C=2,R=1,Y=82,X=49,K=1 || L2:[sp=Y,19] C=1,Y=1,S=1,X=49,R=1,K=1",-3315985.0,-163324000.0,1,K|Y,1
K,119,S,2,C,2,K,1,Y,82,X,49,R,1,Y,19,C,1,Y,1,S,1,X,49,R,1,K,1,"L1:[sp=K,119] S=2,C=2,K=1,Y=82,X=49,R=1 || L2:[sp=Y,19] C=1,Y=1,S=1,X=49,R=1,K=1",-3315985.0,-163324000.0,1,K|Y,1
K,119,C,1,R,1,S,6,X,38,K,1,Y,84,Y,19,C,1,Y,1,S,1,X,38,R,1,K,1,"L1:[sp=K,119] C=1,R=1,S=6,X=38,K=1,Y=84 || L2:[sp=Y,19] C=1,Y=1,S=1,X=38,R=1,K=1",-3369409.0,-163323000.0,1,K|Y,1
K,119,Y,66,R,4,S,3,X,49,K,1,C,2,Y,19,C,1,Y,1,S,1,K,1,R,1,X,49,"L1:[sp=K,119] Y=66,R=4,S=3,X=49,K=1,C=2 || L2:[sp=Y,19] C=1,Y=1,S=1,K=1,R=1,X=49",-3393505.0,-163324000.0,1,K|Y,1
K,119,R,1,X,49,S,3,C,3,K,1,Y,66,Y,19,C,1,R,1,Y,1,K,1,S,1,X,49,"L1:[sp=K,119] R=1,X=49,S=3,C=3,K=1,Y=66 || L2:[sp=Y,19] C=1,R=1,Y=1,K=1,S=1,X=49",-3394945.0,-163324000.0,1,K|Y,1
K,119,R,1,X,49,S,3,C,3,K,1,Y,66,Y,19,C,1,Y,1,R,1,K,1,S,1,X,49,"L1:[sp=K,119] R=1,X=49,S=3,C=3,K=1,Y=66 || L2:[sp=Y,19] C=1,Y=1,R=1,K=1,S=1,X=49",-3394945.0,-163324000.0,1,K|Y,1
K,119,K,1,X,49,C,3,R,1,Y,66,S,3,Y,19,C,1,R,1,Y,1,K,1,X,49,S,1,"L1:[sp=K,119] K=1,X=49,C=3,R=1,Y=66,S=3 || L2:[sp=Y,19] C=1,R=1,Y=1,K=1,X=49,S=1",-3394945.0,-163324000.0,1,K|Y,1
K,119,R,1,X,49,S,3,Y,66,K,1,C,3,Y,19,C,1,Y,1,X,49,K,1,S,1,R,1,"L1:[sp=K,119] R=1,X=49,S=3,Y=66,K=1,C=3 || L2:[sp=Y,19] C=1,Y=1,X=49,K=1,S=1,R=1",-3394945.0,-163324000.0,1,K|Y,1
K,119,S,3,X,49,R,1,C,3,Y,66,K,1,Y,19,R,1,C,1,Y,1,K,1,X,49,S,1,"L1:[sp=K,119] S=3,X=49,R=1,C=3,Y=66,K=1 || L2:[sp=Y,19] R=1,C=1,Y=1,K=1,X=49,S=1",-3394945.0,-163324000.0,1,K|Y,1
K,119,S,3,X,49,Y,66,C,3,R,1,K,1,Y,19,C,2,R,1,S,2,K,1,X,49,Y,1,"L1:[sp=K,119] S=3,X=49,Y=66,C=3,R=1,K=1 || L2:[sp=Y,19] C=2,R=1,S=2,K=1,X=49,Y=1",-3394945.0,-163324000.0,1,K|Y,1
K,119,K,1,X,49,C,3,R,1,Y,66,S,3,Y,19,X,49,R,1,Y,1,S,1,C,1,K,1,"L1:[sp=K,119] K=1,X=49,C=3,R=1,Y=66,S=3 || L2:[sp=Y,19] X=49,R=1,Y=1,S=1,C=1,K=1",-3394945.0,-163324000.0,1,K|Y,1
K,119,S,3,X,49,R,1,C,3,Y,66,K,1,Y,19,X,49,C,2,Y,1,K,1,R,1,S,1,"L1:[sp=K,119] S=3,X=49,R=1,C=3,Y=66,K=1 || L2:[sp=Y,19] X=49,C=2,Y=1,K=1,R=1,S=1",-3394945.0,-163324000.0,1,K|Y,1
K,119,Y,66,X,49,C,3,R,1,K,1,S,3,Y,19,X,49,R,1,Y,1,S,1,C,1,K,1,"L1:[sp=K,119] Y=66,X=49,C=3,R=1,K=1,S=3 || L2:[sp=Y,19] X=49,R=1,Y=1,S=1,C=1,K=1",-3394945.0,-163324000.0,1,K|Y,1
K,119,K,1,X,49,C,3,R,1,Y,66,S,3,Y,19,Y,1,R,1,X,49,S,1,C,1,K,1,"L1:[sp=K,119] K=1,X=49,C=3,R=1,Y=66,S=3 || L2:[sp=Y,19] Y=1,R=1,X=49,S=1,C=1,K=1",-3394945.0,-163324000.0,1,K|Y,1
K,119,S,3,X,49,C,3,R,1,Y,66,K,1,Y,19,X,49,C,2,Y,1,K,1,R,1,S,1,"L1:[sp=K,119] S=3,X=49,C=3,R=1,Y=66,K=1 || L2:[sp=Y,19] X=49,C=2,Y=1,K=1,R=1,S=1",-3394945.0,-163324000.0,1,K|Y,1
K,119,K,1,X,49,C,3,R,1,Y,66,S,3,Y,19,Y,1,R,1,X,49,K,1,C,1,S,1,"L1:[sp=K,119] K=1,X=49,C=3,R=1,Y=66,S=3 || L2:[sp=Y,19] Y=1,R=1,X=49,K=1,C=1,S=1",-3394945.0,-163324000.0,1,K|Y,1
K,119,K,1,X,49,C,1,R,3,Y,66,S,3,Y,19,X,49,R,1,Y,1,S,1,C,1,K,1,"L1:[sp=K,119] K=1,X=49,C=1,R=3,Y=66,S=3 || L2:[sp=Y,19] X=49,R=1,Y=1,S=1,C=1,K=1",-3395905.0,-163324000.0,1,K|Y,1
K,119,Y,66,R,1,S,3,X,49,K,1,C,2,Y,19,C,1,Y,1,S,1,K,1,R,1,X,49,"L1:[sp=K,119] Y=66,R=1,S=3,X=49,K=1,C=2 || L2:[sp=Y,19] C=1,Y=1,S=1,K=1,R=1,X=49",-3398305.0,-163324000.0,1,K|Y,1
K,119,Y,66,R,1,S,3,X,49,K,1,C,2,Y,19,C,1,Y,1,S,1,X,49,R,1,K,1,"L1:[sp=K,119] Y=66,R=1,S=3,X=49,K=1,C=2 || L2:[sp=Y,19] C=1,Y=1,S=1,X=49,R=1,K=1",-3398305.0,-163324000.0,1,K|Y,1
K,119,C,2,R,1,S,3,X,49,K,1,Y,66,Y,19,C,1,Y,1,S,1,X,49,R,1,K,1,"L1:[sp=K,119] C=2,R=1,S=3,X=49,K=1,Y=66 || L2:[sp=Y,19] C=1,Y=1,S=1,X=49,R=1,K=1",-3398305.0,-163324000.0,1,K|Y,1
K,119,Y,66,R,1,S,3,C,2,K,1,X,49,Y,19,K,1,Y,1,S,1,X,49,R,1,C,1,"L1:[sp=K,119] Y=66,R=1,S=3,C=2,K=1,X=49 || L2:[sp=Y,19] K=1,Y=1,S=1,X=49,R=1,C=1",-3398305.0,-163324000.0,1,K|Y,1
K,119,R,1,X,49,S,3,C,3,K,1,Y,16,Y,19,C,1,R,1,Y,1,K,1,S,1,X,49,"L1:[sp=K,119] R=1,X=49,S=3,C=3,K=1,Y=16 || L2:[sp=Y,19] C=1,R=1,Y=1,K=1,S=1,X=49",-3403345.0,-163323000.0,1,K|Y,1
K,119,R,1,X,49,S,3,Y,16,K,1,C,3,Y,19,C,1,R,1,Y,1,S,1,K,1,X,49,"L1:[sp=K,119] R=1,X=49,S=3,Y=16,K=1,C=3 || L2:[sp=Y,19] C=1,R=1,Y=1,S=1,K=1,X=49",-3403345.0,-163323000.0,1,K|Y,1
K,119,S,3,X,49,Y,16,C,3,R,1,K,1,Y,19,C,2,R,1,S,1,K,1,X,49,Y,1,"L1:[sp=K,119] S=3,X=49,Y=16,C=3,R=1,K=1 || L2:[sp=Y,19] C=2,R=1,S=1,K=1,X=49,Y=1",-3403345.0,-163323000.0,1,K|Y,1
K,119,R,1,X,49,S,2,C,1,K,1,Y,16,Y,19,C,1,R,1,Y,1,K,1,S,1,X,44,"L1:[sp=K,119] R=1,X=49,S=2,C=1,K=1,Y=16 || L2:[sp=Y,19] C=1,R=1,Y=1,K=1,S=1,X=44",-3438625.0,-163323000.0,1,K|Y,1
K,119,Y,66,X,49,R,7,C,3,S,3,K,1,Y,19,X,46,C,2,Y,1,K,1,R,1,S,1,"L1:[sp=K,119] Y=66,X=49,R=7,C=3,S=3,K=1 || L2:[sp=Y,19] X=46,C=2,Y=1,K=1,R=1,S=1",-3441457.0,-163324000.0,1,K|Y,1
K,119,Y,66,X,49,R,6,C,3,S,3,K,1,Y,19,X,46,C,2,K,1,Y,1,R,1,S,1,"L1:[sp=K,119] Y=66,X=49,R=6,C=3,S=3,K=1 || L2:[sp=Y,19] X=46,C=2,K=1,Y=1,R=1,S=1",-3441937.0,-163324000.0,1,K|Y,1
K,119,R,4,X,49,S,7,C,3,K,1,Y,87,Y,19,C,1,R,1,Y,1,K,1,S,1,X,49,"L1:[sp=K,119] R=4,X=49,S=7,C=3,K=1,Y=87 || L2:[sp=Y,19] C=1,R=1,Y=1,K=1,S=1,X=49",-3455329.0,-163324000.0,1,K|Y,1
K,119,R,1,X,49,S,3,C,3,K,1,Y,16,Y,19,C,1,R,1,Y,1,K,1,S,1,X,44,"L1:[sp=K,119] R=1,X=49,S=3,C=3,K=1,Y=16 || L2:[sp=Y,19] C=1,R=1,Y=1,K=1,S=1,X=44",-3485665.0,-163323000.0,1,K|Y,1
K,119,Y,55,R,1,S,1,X,57,K,1,C,2,Y,19,C,1,Y,1,S,1,K,1,R,1,X,49,"L1:[sp=K,119] Y=55,R=1,S=1,X=57,K=1,C=2 || L2:[sp=Y,19] C=1,Y=1,S=1,K=1,R=1,X=49",-3501345.0,-163324000.0,1,K|Y,1
K,119,R,7,X,56,S,7,Y,49,C,1,K,1,Y,19,Y,1,R,1,C,1,K,1,X,27,S,4,"L1:[sp=K,119] R=7,X=56,S=7,Y=49,C=1,K=1 || L2:[sp=Y,19] Y=1,R=1,C=1,K=1,X=27,S=4",-3507313.0,-163323000.0,1,K|Y,1
K,119,K,1,X,64,C,3,R,7,Y,66,S,3,Y,19,C,1,R,1,Y,1,S,1,X,49,K,1,"L1:[sp=K,119] K=1,X=64,C=3,R=7,Y=66,S=3 || L2:[sp=Y,19] C=1,R=1,Y=1,S=1,X=49,K=1",-3540145.0,-163324000.0,1,K|Y,1
K,119,K,1,R,1,S,1,X,49,C,2,Y,66,Y,19,C,1,Y,1,S,1,X,30,R,1,K,1,"L1:[sp=K,119] K=1,R=1,S=1,X=49,C=2,Y=66 || L2:[sp=Y,19] C=1,Y=1,S=1,X=30,R=1,K=1",-3555441.0,-163323000.0,1,K|Y,1
K,119,R,1,X,45,S,4,Y,67,K,1,C,3,Y,19,K,1,Y,1,S,2,X,45,R,1,C,3,"L1:[sp=K,119] R=1,X=45,S=4,Y=67,K=1,C=3 || L2:[sp=Y,19] K=1,Y=1,S=2,X=45,R=1,C=3",-3577281.0,-163324000.0,1,K|Y,1
K,119,R,1,X,45,S,4,Y,67,K,1,C,3,Y,19,S,2,Y,1,K,1,X,45,R,1,C,3,"L1:[sp=K,119] R=1,X=45,S=4,Y=67,K=1,C=3 || L2:[sp=Y,19] S=2,Y=1,K=1,X=45,R=1,C=3",-3577281.0,-163324000.0,1,K|Y,1
K,119,R,1,X,49,S,3,C,3,K,1,Y,16,Y,4,C,1,R,1,Y,1,K,1,S,1,X,37,"L1:[sp=K,119] R=1,X=49,S=3,C=3,K=1,Y=16 || L2:[sp=Y,4] C=1,R=1,Y=1,K=1,S=1,X=37",-3592093.0,-163324000.0,1,K|Y,1
K,119,R,1,X,49,Y,16,C,3,K,1,S,3,Y,4,C,3,R,1,Y,1,K,1,S,1,X,37,"L1:[sp=K,119] R=1,X=49,Y=16,C=3,K=1,S=3 || L2:[sp=Y,4] C=3,R=1,Y=1,K=1,S=1,X=37",-3592093.0,-163324000.0,1,K|Y,1
K,119,R,1,X,49,S,3,C,2,K,1,Y,16,Y,4,C,1,R,1,Y,1,K,1,S,1,X,37,"L1:[sp=K,119] R=1,X=49,S=3,C=2,K=1,Y=16 || L2:[sp=Y,4] C=1,R=1,Y=1,K=1,S=1,X=37",-3595033.0,-163324000.0,1,K|Y,1
K,119,R,1,X,49,S,3,C,1,K,1,Y,16,Y,4,C,1,R,1,Y,1,K,1,S,1,X,37,"L1:[sp=K,119] R=1,X=49,S=3,C=1,K=1,Y=16 || L2:[sp=Y,4] C=1,R=1,Y=1,K=1,S=1,X=37",-3597973.0,-163324000.0,1,K|Y,1
K,119,R,3,X,49,S,3,C,2,K,1,Y,16,Y,19,C,1,R,1,Y,1,K,1,S,1,X,37,"L1:[sp=K,119] R=3,X=49,S=3,C=2,K=1,Y=16 || L2:[sp=Y,19] C=1,R=1,Y=1,K=1,S=1,X=37",-3599233.0,-163323000.0,1,K|Y,1
K,119,R,3,X,49,S,3,C,2,K,1,Y,16,Y,19,C,1,R,1,Y,1,K,1,S,2,X,37,"L1:[sp=K,119] R=3,X=49,S=3,C=2,K=1,Y=16 || L2:[sp=Y,19] C=1,R=1,Y=1,K=1,S=2,X=37",-3599233.0,-163323000.0,1,K|Y,1
K,119,R,1,X,49,S,3,Y,16,K,1,C,3,Y,19,C,1,R,1,Y,1,S,1,K,1,X,37,"L1:[sp=K,119] R=1,X=49,S=3,Y=16,K=1,C=3 || L2:[sp=Y,19] C=1,R=1,Y=1,S=1,K=1,X=37",-3600913.0,-163323000.0,1,K|Y,1
K,119,R,1,X,49,S,3,Y,16,K,1,C,3,Y,19,C,1,R,1,Y,1,S,2,K,1,X,37,"L1:[sp=K,119] R=1,X=49,S=3,Y=16,K=1,C=3 || L2:[sp=Y,19] C=1,R=1,Y=1,S=2,K=1,X=37",-3600913.0,-163323000.0,1,K|Y,1
K,119,R,1,X,49,S,3,C,2,K,1,Y,16,Y,19,C,1,R,1,Y,1,K,1,S,1,X,37,"L1:[sp=K,119] R=1,X=49,S=3,C=2,K=1,Y=16 || L2:[sp=Y,19] C=1,R=1,Y=1,K=1,S=1,X=37",-3612673.0,-163323000.0,1,K|Y,1
K,119,Y,55,R,1,S,3,X,57,K,1,C,2,Y,19,C,1,Y,1,S,1,K,1,R,1,X,49,"L1:[sp=K,119] Y=55,R=1,S=3,X=57,K=1,C=2 || L2:[sp=Y,19] C=1,Y=1,S=1,K=1,R=1,X=49",-3614689.0,-163324000.0,1,K|Y,1
K,119,Y,55,R,1,S,3,X,57,K,1,C,2,Y,19,C,1,Y,1,S,1,K,1,R,1,X,31,"L1:[sp=K,119] Y=55,R=1,S=3,X=57,K=1,C=2 || L2:[sp=Y,19] C=1,Y=1,S=1,K=1,R=1,X=31",-3614689.0,-163323000.0,1,K|Y,1
K,119,K,1,X,49,C,3,R,1,Y,66,S,3,Y,19,C,1,R,1,Y,1,K,1,X,35,S,1,"L1:[sp=K,119] K=1,X=49,C=3,R=1,Y=66,S=3 || L2:[sp=Y,19] C=1,R=1,Y=1,K=1,X=35,S=1",-3625441.0,-163324000.0,1,K|Y,1
K,119,R,2,X,76,S,1,C,1,Y,16,K,1,X,38,C,1,R,2,Y,1,K,1,S,1,X,1,"L1:[sp=K,119] R=2,X=76,S=1,C=1,Y=16,K=1 || L2:[sp=X,38] C=1,R=2,Y=1,K=1,S=1,X=1",-3652993.0,-163323000.0,1,K|X,1
K,119,R,1,X,49,S,3,Y,16,K,1,C,3,Y,19,C,1,R,1,Y,1,S,2,K,1,X,32,"L1:[sp=K,119] R=1,X=49,S=3,Y=16,K=1,C=3 || L2:[sp=Y,19] C=1,R=1,Y=1,S=2,K=1,X=32",-3683233.0,-163323000.0,1,K|Y,1
K,119,R,1,X,49,S,3,C,3,K,1,Y,16,Y,19,C,1,Y,1,R,1,K,1,S,2,X,32,"L1:[sp=K,119] R=1,X=49,S=3,C=3,K=1,Y=16 || L2:[sp=Y,19] C=1,Y=1,R=1,K=1,S=2,X=32",-3683233.0,-163323000.0,1,K|Y,1
K,119,R,1,X,49,S,3,C,3,K,1,Y,16,Y,19,C,1,R,1,Y,1,K,1,S,2,X,32,"L1:[sp=K,119] R=1,X=49,S=3,C=3,K=1,Y=16 || L2:[sp=Y,19] C=1,R=1,Y=1,K=1,S=2,X=32",-3683233.0,-163323000.0,1,K|Y,1
K,119,R,4,S,4,X,76,C,1,K,1,Y,16,Y,19,C,1,R,1,Y,1,K,1,S,3,X,1,"L1:[sp=K,119] R=4,S=4,X=76,C=1,K=1,Y=16 || L2:[sp=Y,19] C=1,R=1,Y=1,K=1,S=3,X=1",-3691969.0,-163323000.0,1,K|Y,1
K,119,R,2,X,76,S,4,C,1,K,1,Y,16,Y,19,C,1,R,1,Y,1,K,1,S,3,X,1,"L1:[sp=K,119] R=2,X=76,S=4,C=1,K=1,Y=16 || L2:[sp=Y,19] C=1,R=1,Y=1,K=1,S=3,X=1",-3696001.0,-163323000.0,1,K|Y,1
K,119,Y,84,R,1,S,3,X,49,K,1,C,2,Y,19,C,1,Y,1,S,2,X,13,R,1,K,1,"L1:[sp=K,119] Y=84,R=1,S=3,X=49,K=1,C=2 || L2:[sp=Y,19] C=1,Y=1,S=2,X=13,R=1,K=1",-3704737.0,-163324000.0,1,K|Y,1
K,119,R,2,X,103,S,1,C,2,K,1,Y,16,Y,19,C,1,R,1,Y,1,K,1,S,1,X,3,"L1:[sp=K,119] R=2,X=103,S=1,C=2,K=1,Y=16 || L2:[sp=Y,19] C=1,R=1,Y=1,K=1,S=1,X=3",-3706753.0,-163323000.0,1,K|Y,1
K,119,R,2,X,103,S,1,Y,16,K,1,C,2,Y,19,C,1,R,1,Y,1,K,1,S,1,X,3,"L1:[sp=K,119] R=2,X=103,S=1,Y=16,K=1,C=2 || L2:[sp=Y,19] C=1,R=1,Y=1,K=1,S=1,X=3",-3706753.0,-163323000.0,1,K|Y,1
K,119,R,2,X,103,C,2,S,1,K,1,Y,16,Y,19,C,1,R,1,Y,1,K,1,S,1,X,3,"L1:[sp=K,119] R=2,X=103,C=2,S=1,K=1,Y=16 || L2:[sp=Y,19] C=1,R=1,Y=1,K=1,S=1,X=3",-3706753.0,-163323000.0,1,K|Y,1
K,119,C,1,R,1,S,3,X,49,K,1,Y,84,Y,19,C,1,Y,1,S,1,X,13,R,1,K,1,"L1:[sp=K,119] C=1,R=1,S=3,X=49,K=1,Y=84 || L2:[sp=Y,19] C=1,Y=1,S=1,X=13,R=1,K=1",-3707257.0,-163323000.0,1,K|Y,1
K,119,C,1,R,1,S,3,Y,84,K,1,X,49,Y,19,C,1,Y,1,S,1,X,13,R,1,K,1,"L1:[sp=K,119] C=1,R=1,S=3,Y=84,K=1,X=49 || L2:[sp=Y,19] C=1,Y=1,S=1,X=13,R=1,K=1",-3707257.0,-163323000.0,1,K|Y,1
K,119,R,2,X,76,S,1,C,1,K,1,Y,16,Y,19,C,1,R,1,Y,1,K,1,S,1,X,1,"L1:[sp=K,119] R=2,X=76,S=1,C=1,K=1,Y=16 || L2:[sp=Y,19] C=1,R=1,Y=1,K=1,S=1,X=1",-3716161.0,-163323000.0,1,K|Y,1
K,119,R,2,X,76,S,1,C,1,K,1,Y,16,Y,19,C,1,R,1,Y,1,K,1,S,1,X,3,"L1:[sp=K,119] R=2,X=76,S=1,C=1,K=1,Y=16 || L2:[sp=Y,19] C=1,R=1,Y=1,K=1,S=1,X=3",-3716161.0,-163323000.0,1,K|Y,1
K,119,R,2,X,103,S,1,C,1,K,1,Y,16,Y,19,C,1,R,1,Y,1,K,1,S,1,X,3,"L1:[sp=K,119] R=2,X=103,S=1,C=1,K=1,Y=16 || L2:[sp=Y,19] C=1,R=1,Y=1,K=1,S=1,X=3",-3716161.0,-163323000.0,1,K|Y,1
K,119,R,2,Y,16,S,1,C,1,K,1,X,103,Y,19,C,1,R,1,Y,1,K,1,S,1,X,3,"L1:[sp=K,119] R=2,Y=16,S=1,C=1,K=1,X=103 || L2:[sp=Y,19] C=1,R=1,Y=1,K=1,S=1,X=3",-3716161.0,-163323000.0,1,K|Y,1
K,119,X,101,R,1,S,3,C,2,K,1,Y,16,Y,19,C,1,R,1,Y,1,K,1,S,2,X,3,"L1:[sp=K,119] X=101,R=1,S=3,C=2,K=1,Y=16 || L2:[sp=Y,19] C=1,R=1,Y=1,K=1,S=2,X=3",-3718513.0,-163323000.0,1,K|Y,1
K,119,R,5,X,49,S,7,Y,66,K,1,C,3,Y,19,K,1,Y,1,S,1,X,49,R,1,C,3,"L1:[sp=K,119] R=5,X=49,S=7,Y=66,K=1,C=3 || L2:[sp=Y,19] K=1,Y=1,S=1,X=49,R=1,C=3",-3721185.0,-163324000.0,1,K|Y,1
K,119,R,2,X,103,S,2,C,2,K,1,Y,16,Y,19,C,1,R,1,Y,1,K,1,S,1,X,3,"L1:[sp=K,119] R=2,X=103,S=2,C=2,K=1,Y=16 || L2:[sp=Y,19] C=1,R=1,Y=1,K=1,S=1,X=3",-3731617.0,-163323000.0,1,K|Y,1
K,119,Y,16,R,1,S,2,X,205,K,1,C,2,Y,19,C,1,Y,1,S,1,K,1,R,1,X,3,"L1:[sp=K,119] Y=16,R=1,S=2,X=205,K=1,C=2 || L2:[sp=Y,19] C=1,Y=1,S=1,K=1,R=1,X=3",-3733409.0,-163323000.0,1,K|Y,1
K,119,Y,66,R,4,S,3,X,67,K,1,C,2,Y,19,C,1,Y,1,S,2,K,1,R,1,X,49,"L1:[sp=K,119] Y=66,R=4,S=3,X=67,K=1,C=2 || L2:[sp=Y,19] C=1,Y=1,S=2,K=1,R=1,X=49",-3738865.0,-163324000.0,1,K|Y,1
K,119,Y,16,R,1,K,1,X,205,S,3,C,3,Y,19,C,1,Y,1,S,1,K,1,R,1,X,3,"L1:[sp=K,119] Y=16,R=1,K=1,X=205,S=3,C=3 || L2:[sp=Y,19] C=1,Y=1,S=1,K=1,R=1,X=3",-3758497.0,-163323000.0,1,K|Y,1
K,119,R,1,X,45,S,6,Y,65,C,3,K,1,Y,19,K,1,Y,1,S,2,X,45,R,1,C,1,"L1:[sp=K,119] R=1,X=45,S=6,Y=65,C=3,K=1 || L2:[sp=Y,19] K=1,Y=1,S=2,X=45,R=1,C=1",-3765441.0,-163324000.0,1,K|Y,1
K,119,Y,16,R,2,S,3,C,1,K,1,X,103,Y,19,C,1,R,1,Y,1,K,1,S,1,X,3,"L1:[sp=K,119] Y=16,R=2,S=3,C=1,K=1,X=103 || L2:[sp=Y,19] C=1,R=1,Y=1,K=1,S=1,X=3",-3765889.0,-163323000.0,1,K|Y,1
K,119,Y,16,R,2,S,3,X,103,K,1,C,1,Y,19,C,1,R,1,Y,1,K,1,S,1,X,3,"L1:[sp=K,119] Y=16,R=2,S=3,X=103,K=1,C=1 || L2:[sp=Y,19] C=1,R=1,Y=1,K=1,S=1,X=3",-3765889.0,-163323000.0,1,K|Y,1
K,119,Y,16,R,2,S,3,X,103,K,1,C,1,Y,19,C,1,Y,1,S,1,K,1,R,1,X,3,"L1:[sp=K,119] Y=16,R=2,S=3,X=103,K=1,C=1 || L2:[sp=Y,19] C=1,Y=1,S=1,K=1,R=1,X=3",-3765889.0,-163323000.0,1,K|Y,1
K,119,Y,16,R,2,S,3,X,103,K,1,C,1,Y,19,C,1,Y,1,S,2,K,1,R,1,X,3,"L1:[sp=K,119] Y=16,R=2,S=3,X=103,K=1,C=1 || L2:[sp=Y,19] C=1,Y=1,S=2,K=1,R=1,X=3",-3765889.0,-163323000.0,1,K|Y,1
K,119,R,1,X,101,S,3,C,2,K,1,Y,16,Y,19,C,1,R,1,Y,1,K,1,S,1,X,3,"L1:[sp=K,119] R=1,X=101,S=3,C=2,K=1,Y=16 || L2:[sp=Y,19] C=1,R=1,Y=1,K=1,S=1,X=3",-3767905.0,-163323000.0,1,K|Y,1
K,119,X,101,R,1,S,3,C,2,K,1,Y,16,Y,19,C,1,R,1,Y,1,K,1,S,1,X,3,"L1:[sp=K,119] X=101,R=1,S=3,C=2,K=1,Y=16 || L2:[sp=Y,19] C=1,R=1,Y=1,K=1,S=1,X=3",-3767905.0,-163323000.0,1,K|Y,1
K,119,S,3,X,205,R,1,C,1,Y,16,K,1,Y,19,C,1,R,1,Y,1,K,1,X,3,S,1,"L1:[sp=K,119] S=3,X=205,R=1,C=1,Y=16,K=1 || L2:[sp=Y,19] C=1,R=1,Y=1,K=1,X=3,S=1",-3767905.0,-163323000.0,1,K|Y,1
K,119,R,1,X,205,S,3,C,1,K,1,Y,16,Y,19,C,1,Y,1,R,1,K,1,S,1,X,3,"L1:[sp=K,119] R=1,X=205,S=3,C=1,K=1,Y=16 || L2:[sp=Y,19] C=1,Y=1,R=1,K=1,S=1,X=3",-3767905.0,-163323000.0,1,K|Y,1
K,119,X,101,S,2,R,1,C,2,K,1,Y,16,Y,19,C,1,R,1,Y,1,K,1,S,1,X,3,"L1:[sp=K,119] X=101,S=2,R=1,C=2,K=1,Y=16 || L2:[sp=Y,19] C=1,R=1,Y=1,K=1,S=1,X=3",-3772609.0,-163323000.0,1,K|Y,1
K,119,Y,16,R,1,S,2,X,101,K,1,C,2,Y,19,C,1,Y,1,S,1,K,1,R,1,X,3,"L1:[sp=K,119] Y=16,R=1,S=2,X=101,K=1,C=2 || L2:[sp=Y,19] C=1,Y=1,S=1,K=1,R=1,X=3",-3772609.0,-163323000.0,1,K|Y,1
K,119,S,2,X,101,R,1,C,2,Y,16,K,1,Y,19,C,1,R,1,Y,1,K,1,S,1,X,3,"L1:[sp=K,119] S=2,X=101,R=1,C=2,Y=16,K=1 || L2:[sp=Y,19] C=1,R=1,Y=1,K=1,S=1,X=3",-3772609.0,-163323000.0,1,K|Y,1
K,119,S,2,X,101,R,1,C,2,Y,16,K,1,Y,19,C,1,R,1,Y,1,K,1,X,3,S,1,"L1:[sp=K,119] S=2,X=101,R=1,C=2,Y=16,K=1 || L2:[sp=Y,19] C=1,R=1,Y=1,K=1,X=3,S=1",-3772609.0,-163323000.0,1,K|Y,1
K,119,R,1,C,2,S,2,X,101,K,1,Y,16,Y,19,C,1,R,1,Y,1,K,1,S,1,X,3,"L1:[sp=K,119] R=1,C=2,S=2,X=101,K=1,Y=16 || L2:[sp=Y,19] C=1,R=1,Y=1,K=1,S=1,X=3",-3772609.0,-163323000.0,1,K|Y,1
K,119,X,101,C,2,R,1,S,2,Y,16,K,1,Y,19,C,1,R,1,Y,1,K,1,X,3,S,1,"L1:[sp=K,119] X=101,C=2,R=1,S=2,Y=16,K=1 || L2:[sp=Y,19] C=1,R=1,Y=1,K=1,X=3,S=1",-3772609.0,-163323000.0,1,K|Y,1
K,119,R,1,X,49,S,2,C,2,K,1,Y,16,Y,4,C,1,R,1,Y,1,K,1,S,1,X,21,"L1:[sp=K,119] R=1,X=49,S=2,C=2,K=1,Y=16 || L2:[sp=Y,4] C=1,R=1,Y=1,K=1,S=1,X=21",-3778097.0,-163323000.0,1,K|Y,1
K,119,R,1,X,49,S,2,C,1,K,1,Y,16,Y,4,C,1,R,1,Y,1,K,1,S,1,X,21,"L1:[sp=K,119] R=1,X=49,S=2,C=1,K=1,Y=16 || L2:[sp=Y,4] C=1,R=1,Y=1,K=1,S=1,X=21",-3782017.0,-163323000.0,1,K|Y,1
K,119,R,1,X,49,S,2,C,1,K,1,Y,16,Y,4,C,1,R,1,Y,1,K,1,S,2,X,44,"L1:[sp=K,119] R=1,X=49,S=2,C=1,K=1,Y=16 || L2:[sp=Y,4] C=1,R=1,Y=1,K=1,S=2,X=44",-3793777.0,-163324000.0,1,K|Y,1
K,119,R,2,X,76,S,4,C,1,K,1,Y,16,Y,19,C,1,R,1,Y,1,K,1,S,1,X,1,"L1:[sp=K,119] R=2,X=76,S=4,C=1,K=1,Y=16 || L2:[sp=Y,19] C=1,R=1,Y=1,K=1,S=1,X=1",-3794785.0,-163323000.0,1,K|Y,1
K,119,R,1,X,49,S,7,C,1,K,1,Y,16,Y,19,C,1,R,1,Y,1,K,1,S,1,X,44,"L1:[sp=K,119] R=1,X=49,S=7,C=1,K=1,Y=16 || L2:[sp=Y,19] C=1,R=1,Y=1,K=1,S=1,X=44",-3814945.0,-163323000.0,1,K|Y,1
K,119,R,1,X,49,S,3,Y,16,K,1,C,3,Y,19,C,3,R,1,Y,1,S,1,K,1,X,6,"L1:[sp=K,119] R=1,X=49,S=3,Y=16,K=1,C=3 || L2:[sp=Y,19] C=3,R=1,Y=1,S=1,K=1,X=6",-3814945.0,-163323000.0,1,K|Y,1
K,119,R,1,X,49,S,2,C,1,K,1,Y,16,Y,19,C,1,R,1,Y,1,K,1,S,1,X,21,"L1:[sp=K,119] R=1,X=49,S=2,C=1,K=1,Y=16 || L2:[sp=Y,19] C=1,R=1,Y=1,K=1,S=1,X=21",-3817297.0,-163323000.0,1,K|Y,1
K,119,R,1,X,49,S,3,C,3,K,1,Y,16,X,7,C,1,R,1,Y,1,K,1,S,2,X,6,"L1:[sp=K,119] R=1,X=49,S=3,C=3,K=1,Y=16 || L2:[sp=X,7] C=1,R=1,Y=1,K=1,S=2,X=6",-3856987.0,-163323000.0,1,K|X,1
K,119,R,1,X,49,S,3,C,3,K,1,Y,16,X,7,C,1,R,1,Y,1,K,1,S,1,X,6,"L1:[sp=K,119] R=1,X=49,S=3,C=3,K=1,Y=16 || L2:[sp=X,7] C=1,R=1,Y=1,K=1,S=1,X=6",-3856987.0,-163323000.0,1,K|X,1
K,119,R,1,X,49,S,3,C,3,K,1,Y,16,X,7,C,3,R,1,Y,1,K,1,S,1,X,6,"L1:[sp=K,119] R=1,X=49,S=3,C=3,K=1,Y=16 || L2:[sp=X,7] C=3,R=1,Y=1,K=1,S=1,X=6",-3856987.0,-163323000.0,1,K|X,1
K,119,R,1,X,45,S,3,Y,67,K,1,C,3,Y,19,K,1,Y,1,S,2,X,19,R,1,C,3,"L1:[sp=K,119] R=1,X=45,S=3,Y=67,K=1,C=3 || L2:[sp=Y,19] K=1,Y=1,S=2,X=19,R=1,C=3",-3872401.0,-163324000.0,1,K|Y,1
K,119,R,1,Y,67,S,3,X,45,K,1,C,3,Y,19,K,1,Y,1,S,2,X,31,R,1,C,3,"L1:[sp=K,119] R=1,Y=67,S=3,X=45,K=1,C=3 || L2:[sp=Y,19] K=1,Y=1,S=2,X=31,R=1,C=3",-3872401.0,-163324000.0,1,K|Y,1
K,119,K,1,X,45,S,3,Y,67,R,1,C,1,Y,19,K,1,Y,1,S,2,X,10,R,1,C,1,"L1:[sp=K,119] K=1,X=45,S=3,Y=67,R=1,C=1 || L2:[sp=Y,19] K=1,Y=1,S=2,X=10,R=1,C=1",-3879121.0,-163323000.0,1,K|Y,1
K,119,K,1,X,45,S,3,Y,67,R,1,C,1,Y,19,K,1,Y,1,S,2,X,28,R,1,C,1,"L1:[sp=K,119] K=1,X=45,S=3,Y=67,R=1,C=1 || L2:[sp=Y,19] K=1,Y=1,S=2,X=28,R=1,C=1",-3879121.0,-163323000.0,1,K|Y,1
K,119,R,4,X,49,S,4,C,1,K,1,Y,16,Y,19,C,1,R,1,Y,1,K,1,S,1,X,1,"L1:[sp=K,119] R=4,X=49,S=4,C=1,K=1,Y=16 || L2:[sp=Y,19] C=1,R=1,Y=1,K=1,S=1,X=1",-3892225.0,-163323000.0,1,K|Y,1
K,119,C,2,R,1,S,3,K,1,X,49,Y,66,Y,19,C,1,Y,1,S,1,K,1,R,1,X,19,"L1:[sp=K,119] C=2,R=1,S=3,K=1,X=49,Y=66 || L2:[sp=Y,19] C=1,Y=1,S=1,K=1,R=1,X=19",-3892225.0,-163323000.0,1,K|Y,1
K,119,R,1,X,49,S,4,C,1,K,1,Y,16,Y,19,C,1,R,1,Y,1,K,1,S,1,X,1,"L1:[sp=K,119] R=1,X=49,S=4,C=1,K=1,Y=16 || L2:[sp=Y,19] C=1,R=1,Y=1,K=1,S=1,X=1",-3909025.0,-163323000.0,1,K|Y,1
K,119,R,1,X,49,S,4,C,1,K,1,Y,16,Y,4,C,1,R,1,Y,1,S,4,K,1,X,37,"L1:[sp=K,119] R=1,X=49,S=4,C=1,K=1,Y=16 || L2:[sp=Y,4] C=1,R=1,Y=1,S=4,K=1,X=37",-3919609.0,-163324000.0,1,K|Y,1
K,119,R,3,X,49,S,2,C,2,K,1,Y,16,Y,19,C,1,R,1,Y,1,K,1,S,2,X,37,"L1:[sp=K,119] R=3,X=49,S=2,C=2,K=1,Y=16 || L2:[sp=Y,19] C=1,R=1,Y=1,K=1,S=2,X=37",-3927169.0,-163323000.0,1,K|Y,1
Y,142,S,1,X,76,C,3,K,54,Y,4,R,2,X,76,K,1,R,1,Y,1,C,1,S,1,X,1,"L1:[sp=Y,142] S=1,X=76,C=3,K=54,Y=4,R=2 || L2:[sp=X,76] K=1,R=1,Y=1,C=1,S=1,X=1",-3927841.0,-163323000.0,1,Y|X,1
K,119,R,1,Y,219,X,1,C,1,K,1,S,1,Y,19,R,1,S,1,Y,1,K,1,C,1,X,1,"L1:[sp=K,119] R=1,Y=219,X=1,C=1,K=1,S=1 || L2:[sp=Y,19] R=1,S=1,Y=1,K=1,C=1,X=1",-3951361.0,-163323000.0,1,K|Y,1
K,119,R,4,Y,67,S,4,X,45,K,1,C,3,Y,19,K,1,C,2,S,1,X,31,R,1,Y,1,"L1:[sp=K,119] R=4,Y=67,S=4,X=45,K=1,C=3 || L2:[sp=Y,19] K=1,C=2,S=1,X=31,R=1,Y=1",-3952001.0,-163324000.0,1,K|Y,1
K,119,S,3,X,143,Y,16,C,3,R,1,K,1,Y,19,C,2,R,1,S,1,K,1,X,49,Y,1,"L1:[sp=K,119] S=3,X=143,Y=16,C=3,R=1,K=1 || L2:[sp=Y,19] C=2,R=1,S=1,K=1,X=49,Y=1",-3972529.0,-163324000.0,1,K|Y,1
K,119,R,1,X,49,S,5,C,1,K,1,Y,16,Y,19,C,1,R,1,Y,1,K,1,S,1,X,1,"L1:[sp=K,119] R=1,X=49,S=5,C=1,K=1,Y=16 || L2:[sp=Y,19] C=1,R=1,Y=1,K=1,S=1,X=1",-3974881.0,-163323000.0,1,K|Y,1
K,119,S,3,X,49,C,3,R,1,Y,66,K,1,Y,19,X,13,R,1,Y,1,S,1,C,1,K,1,"L1:[sp=K,119] S=3,X=49,C=3,R=1,Y=66,K=1 || L2:[sp=Y,19] X=13,R=1,Y=1,S=1,C=1,K=1",-3987649.0,-163323000.0,1,K|Y,1
K,119,Y,66,X,49,R,1,C,3,S,3,K,1,Y,19,X,13,C,1,K,1,Y,1,R,1,S,1,"L1:[sp=K,119] Y=66,X=49,R=1,C=3,S=3,K=1 || L2:[sp=Y,19] X=13,C=1,K=1,Y=1,R=1,S=1",-3987649.0,-163323000.0,1,K|Y,1
K,119,C,2,R,1,S,3,X,49,K,1,Y,66,Y,19,C,1,Y,1,S,1,X,13,R,1,K,1,"L1:[sp=K,119] C=2,R=1,S=3,X=49,K=1,Y=66 || L2:[sp=Y,19] C=1,Y=1,S=1,X=13,R=1,K=1",-3991009.0,-163323000.0,1,K|Y,1
K,119,R,4,X,103,S,4,Y,16,K,1,C,2,Y,19,Y,1,R,1,C,1,K,1,S,1,X,75,"L1:[sp=K,119] R=4,X=103,S=4,Y=16,K=1,C=2 || L2:[sp=Y,19] Y=1,R=1,C=1,K=1,S=1,X=75",-4003441.0,-163324000.0,1,K|Y,1
K,119,Y,66,X,49,K,1,S,6,R,1,C,3,Y,19,X,26,R,1,Y,1,S,1,C,2,K,1,"L1:[sp=K,119] Y=66,X=49,K=1,S=6,R=1,C=3 || L2:[sp=Y,19] X=26,R=1,Y=1,S=1,C=2,K=1",-4019457.0,-163324000.0,1,K|Y,1
K,119,S,5,R,1,C,2,K,1,X,49,Y,66,Y,19,C,1,Y,1,S,1,X,19,R,1,K,1,"L1:[sp=K,119] S=5,R=1,C=2,K=1,X=49,Y=66 || L2:[sp=Y,19] C=1,Y=1,S=1,X=19,R=1,K=1",-4054625.0,-163323000.0,1,K|Y,1
K,119,R,2,K,1,S,3,C,3,X,49,Y,16,X,7,C,1,R,1,Y,1,K,1,S,2,X,6,"L1:[sp=K,119] R=2,K=1,S=3,C=3,X=49,Y=16 || L2:[sp=X,7] C=1,R=1,Y=1,K=1,S=2,X=6",-4078684.0,-163323000.0,1,K|X,1
K,119,R,5,X,49,S,7,Y,66,K,1,C,3,Y,19,K,1,Y,1,S,1,X,3,R,1,C,3,"L1:[sp=K,119] R=5,X=49,S=7,Y=66,K=1,C=3 || L2:[sp=Y,19] K=1,Y=1,S=1,X=3,R=1,C=3",-4083393.0,-163323000.0,1,K|Y,1
K,119,S,7,R,5,C,2,Y,82,X,49,K,1,Y,19,C,1,Y,1,S,1,X,3,R,1,K,1,"L1:[sp=K,119] S=7,R=5,C=2,Y=82,X=49,K=1 || L2:[sp=Y,19] C=1,Y=1,S=1,X=3,R=1,K=1",-4083553.0,-163324000.0,1,K|Y,1
K,119,R,1,X,56,C,1,Y,49,S,7,K,1,Y,19,Y,1,R,1,C,1,K,1,X,27,S,1,"L1:[sp=K,119] R=1,X=56,C=1,Y=49,S=7,K=1 || L2:[sp=Y,19] Y=1,R=1,C=1,K=1,X=27,S=1",-4086433.0,-163323000.0,1,K|Y,1
K,119,Y,16,R,2,S,3,X,168,K,1,C,1,Y,19,C,1,K,1,S,2,Y,1,R,1,X,45,"L1:[sp=K,119] Y=16,R=2,S=3,X=168,K=1,C=1 || L2:[sp=Y,19] C=1,K=1,S=2,Y=1,R=1,X=45",-4124065.0,-163323000.0,1,K|Y,1
K,119,R,2,Y,98,S,1,C,1,K,1,X,1,Y,19,R,1,S,1,Y,1,K,1,C,1,X,1,"L1:[sp=K,119] R=2,Y=98,S=1,C=1,K=1,X=1 || L2:[sp=Y,19] R=1,S=1,Y=1,K=1,C=1,X=1",-4139521.0,-163323000.0,1,K|Y,1
K,119,R,2,S,1,Y,98,C,1,K,1,X,1,Y,19,R,1,S,1,Y,1,K,1,C,1,X,1,"L1:[sp=K,119] R=2,S=1,Y=98,C=1,K=1,X=1 || L2:[sp=Y,19] R=1,S=1,Y=1,K=1,C=1,X=1",-4139521.0,-163323000.0,1,K|Y,1
K,119,R,2,Y,98,S,1,C,1,K,1,X,1,Y,19,K,1,S,1,Y,1,R,1,C,1,X,1,"L1:[sp=K,119] R=2,Y=98,S=1,C=1,K=1,X=1 || L2:[sp=Y,19] K=1,S=1,Y=1,R=1,C=1,X=1",-4139521.0,-163323000.0,1,K|Y,1
K,119,R,1,X,49,S,7,C,1,K,1,Y,16,Y,19,C,1,R,1,Y,1,K,1,S,1,X,24,"L1:[sp=K,119] R=1,X=49,S=7,C=1,K=1,Y=16 || L2:[sp=Y,19] C=1,R=1,Y=1,K=1,S=1,X=24",-4144225.0,-163323000.0,1,K|Y,1
K,119,S,7,R,1,C,2,K,1,X,72,Y,66,Y,19,C,1,Y,1,S,1,X,20,R,1,K,1,"L1:[sp=K,119] S=7,R=1,C=2,K=1,X=72,Y=66 || L2:[sp=Y,19] C=1,Y=1,S=1,X=20,R=1,K=1",-4150721.0,-163324000.0,1,K|Y,1
K,119,S,3,X,49,C,3,R,6,Y,66,K,1,Y,19,X,26,R,1,Y,1,S,1,C,2,K,1,"L1:[sp=K,119] S=3,X=49,C=3,R=6,Y=66,K=1 || L2:[sp=Y,19] X=26,R=1,Y=1,S=1,C=2,K=1",-4199281.0,-163324000.0,1,K|Y,1
K,119,R,1,X,45,S,7,Y,66,K,1,C,3,Y,19,K,1,Y,1,S,6,X,29,R,1,C,3,"L1:[sp=K,119] R=1,X=45,S=7,Y=66,K=1,C=3 || L2:[sp=Y,19] K=1,Y=1,S=6,X=29,R=1,C=3",-4199441.0,-163324000.0,1,K|Y,1
K,119,R,1,X,45,S,7,Y,67,K,1,C,3,Y,19,K,1,Y,1,S,3,X,19,R,1,C,3,"L1:[sp=K,119] R=1,X=45,S=7,Y=67,K=1,C=3 || L2:[sp=Y,19] K=1,Y=1,S=3,X=19,R=1,C=3",-4199441.0,-163324000.0,1,K|Y,1
K,119,S,2,X,101,Y,16,C,2,R,1,K,1,Y,19,C,1,R,1,S,1,K,1,X,52,Y,1,"L1:[sp=K,119] S=2,X=101,Y=16,C=2,R=1,K=1 || L2:[sp=Y,19] C=1,R=1,S=1,K=1,X=52,Y=1",-4200673.0,-163323000.0,1,K|Y,1
K,119,S,3,X,49,K,1,Y,66,R,1,C,3,Y,19,X,26,R,1,Y,1,S,1,C,2,K,1,"L1:[sp=K,119] S=3,X=49,K=1,Y=66,R=1,C=3 || L2:[sp=Y,19] X=26,R=1,Y=1,S=1,C=2,K=1",-4201681.0,-163324000.0,1,K|Y,1
K,119,R,1,X,101,Y,16,S,2,K,1,C,2,Y,19,Y,1,R,1,C,1,S,2,K,1,X,3,"L1:[sp=K,119] R=1,X=101,Y=16,S=2,K=1,C=2 || L2:[sp=Y,19] Y=1,R=1,C=1,S=2,K=1,X=3",-4214785.0,-163323000.0,1,K|Y,1
K,119,Y,16,R,1,K,1,X,101,S,2,C,2,Y,19,C,1,Y,1,S,2,K,1,R,1,X,3,"L1:[sp=K,119] Y=16,R=1,K=1,X=101,S=2,C=2 || L2:[sp=Y,19] C=1,Y=1,S=2,K=1,R=1,X=3",-4214785.0,-163323000.0,1,K|Y,1
K,119,R,5,X,19,S,4,Y,67,K,1,C,3,Y,19,K,1,Y,1,S,1,X,3,R,1,C,3,"L1:[sp=K,119] R=5,X=19,S=4,Y=67,K=1,C=3 || L2:[sp=Y,19] K=1,Y=1,S=1,X=3,R=1,C=3",-4232785.0,-163323000.0,1,K|Y,1
K,119,R,2,X,103,S,1,Y,16,K,1,C,2,Y,19,C,1,R,2,Y,1,K,1,S,1,X,3,"L1:[sp=K,119] R=2,X=103,S=1,Y=16,K=1,C=2 || L2:[sp=Y,19] C=1,R=2,Y=1,K=1,S=1,X=3",-4233601.0,-163323000.0,1,K|Y,1
K,119,R,2,X,19,S,4,Y,67,K,1,C,3,Y,19,K,1,Y,1,S,1,X,3,R,1,C,3,"L1:[sp=K,119] R=2,X=19,S=4,Y=67,K=1,C=3 || L2:[sp=Y,19] K=1,Y=1,S=1,X=3,R=1,C=3",-4234321.0,-163323000.0,1,K|Y,1
K,119,R,1,X,49,S,5,C,1,K,1,Y,61,Y,19,C,1,R,1,Y,1,K,1,S,1,X,21,"L1:[sp=K,119] R=1,X=49,S=5,C=1,K=1,Y=61 || L2:[sp=Y,19] C=1,R=1,Y=1,K=1,S=1,X=21",-4310881.0,-163323000.0,1,K|Y,1
K,119,K,1,X,64,C,3,R,1,Y,66,S,3,Y,19,K,1,R,1,Y,1,S,3,X,49,C,1,"L1:[sp=K,119] K=1,X=64,C=3,R=1,Y=66,S=3 || L2:[sp=Y,19] K=1,R=1,Y=1,S=3,X=49,C=1",-4384465.0,-163324000.0,1,K|Y,1
K,119,K,1,R,1,C,3,X,64,Y,66,S,3,Y,19,K,1,R,1,Y,1,S,3,X,49,C,1,"L1:[sp=K,119] K=1,R=1,C=3,X=64,Y=66,S=3 || L2:[sp=Y,19] K=1,R=1,Y=1,S=3,X=49,C=1",-4384465.0,-163324000.0,1,K|Y,1
K,119,R,2,X,19,S,5,Y,67,K,1,C,3,Y,19,Y,1,K,1,S,1,X,3,R,1,C,3,"L1:[sp=K,119] R=2,X=19,S=5,Y=67,K=1,C=3 || L2:[sp=Y,19] Y=1,K=1,S=1,X=3,R=1,C=3",-4415425.0,-163323000.0,1,K|Y,1
K,119,R,4,Y,67,S,4,X,45,K,1,C,3,Y,19,K,1,Y,1,S,2,X,31,R,1,C,3,"L1:[sp=K,119] R=4,Y=67,S=4,X=45,K=1,C=3 || L2:[sp=Y,19] K=1,Y=1,S=2,X=31,R=1,C=3",-4422401.0,-163324000.0,1,K|Y,1
K,119,R,1,X,45,S,4,Y,67,K,1,C,3,Y,19,K,1,Y,1,S,2,X,31,R,1,C,3,"L1:[sp=K,119] R=1,X=45,S=4,Y=67,K=1,C=3 || L2:[sp=Y,19] K=1,Y=1,S=2,X=31,R=1,C=3",-4424001.0,-163324000.0,1,K|Y,1
K,119,K,1,X,45,S,4,Y,67,R,1,C,1,Y,19,K,1,Y,1,S,2,X,31,R,1,C,1,"L1:[sp=K,119] K=1,X=45,S=4,Y=67,R=1,C=1 || L2:[sp=Y,19] K=1,Y=1,S=2,X=31,R=1,C=1",-4428481.0,-163323000.0,1,K|Y,1
K,119,R,1,X,25,S,7,Y,67,C,3,K,1,Y,19,K,1,Y,1,S,1,X,3,R,1,C,1,"L1:[sp=K,119] R=1,X=25,S=7,Y=67,C=3,K=1 || L2:[sp=Y,19] K=1,Y=1,S=1,X=3,R=1,C=1",-4480225.0,-163323000.0,1,K|Y,1
K,119,Y,84,R,1,S,1,X,43,K,1,C,2,Y,19,C,1,Y,6,S,1,X,14,R,1,K,1,"L1:[sp=K,119] Y=84,R=1,S=1,X=43,K=1,C=2 || L2:[sp=Y,19] C=1,Y=6,S=1,X=14,R=1,K=1",-4586401.0,-163324000.0,1,K|Y,1
K,119,R,1,X,49,S,2,Y,66,K,1,C,3,Y,19,K,1,Y,1,S,2,X,49,R,1,C,3,"L1:[sp=K,119] R=1,X=49,S=2,Y=66,K=1,C=3 || L2:[sp=Y,19] K=1,Y=1,S=2,X=49,R=1,C=3",-4614401.0,-163324000.0,1,K|Y,1
K,119,R,5,X,49,S,7,Y,42,K,1,C,3,Y,19,K,1,Y,1,S,1,X,3,R,1,C,3,"L1:[sp=K,119] R=5,X=49,S=7,Y=42,K=1,C=3 || L2:[sp=Y,19] K=1,Y=1,S=1,X=3,R=1,C=3",-4666849.0,-163323000.0,1,K|Y,1
K,119,R,2,X,49,S,7,Y,42,K,1,C,3,Y,19,K,1,Y,1,S,1,X,3,R,1,C,3,"L1:[sp=K,119] R=2,X=49,S=7,Y=42,K=1,C=3 || L2:[sp=Y,19] K=1,Y=1,S=1,X=3,R=1,C=3",-4667329.0,-163323000.0,1,K|Y,1
K,119,R,1,X,49,S,3,C,3,K,1,Y,16,X,7,C,1,R,1,Y,1,K,1,S,3,X,6,"L1:[sp=K,119] R=1,X=49,S=3,C=3,K=1,Y=16 || L2:[sp=X,7] C=1,R=1,Y=1,K=1,S=3,X=6",-4703707.0,-163323000.0,1,K|X,1
K,119,Y,16,R,1,S,3,X,103,K,1,C,1,Y,19,C,1,Y,1,S,3,K,1,R,1,X,3,"L1:[sp=K,119] Y=16,R=1,S=3,X=103,K=1,C=1 || L2:[sp=Y,19] C=1,Y=1,S=3,K=1,R=1,X=3",-4720465.0,-163323000.0,1,K|Y,1
K,119,R,1,X,45,S,3,Y,67,K,1,C,3,Y,19,K,1,Y,1,S,3,X,19,R,1,C,3,"L1:[sp=K,119] R=1,X=45,S=3,Y=67,K=1,C=3 || L2:[sp=Y,19] K=1,Y=1,S=3,X=19,R=1,C=3",-4766161.0,-163324000.0,1,K|Y,1
K,119,R,2,X,19,S,7,Y,67,K,1,C,3,Y,19,K,1,Y,1,S,1,X,3,R,1,C,3,"L1:[sp=K,119] R=2,X=19,S=7,Y=67,K=1,C=3 || L2:[sp=Y,19] K=1,Y=1,S=1,X=3,R=1,C=3",-4776097.0,-163323000.0,1,K|Y,1
K,119,S,7,X,19,R,2,Y,67,K,1,C,3,Y,19,C,3,X,3,S,1,Y,1,R,1,K,1,"L1:[sp=K,119] S=7,X=19,R=2,Y=67,K=1,C=3 || L2:[sp=Y,19] C=3,X=3,S=1,Y=1,R=1,K=1",-4776097.0,-163323000.0,1,K|Y,1
K,119,Y,16,X,49,S,3,C,3,K,1,R,1,C,3,C,1,Y,1,R,1,K,1,S,2,X,37,"L1:[sp=K,119] Y=16,X=49,S=3,C=3,K=1,R=1 || L2:[sp=C,3] C=1,Y=1,R=1,K=1,S=2,X=37",-4788477.0,-163324000.0,1,K|C,1
K,119,Y,66,R,1,S,3,X,49,K,1,C,2,Y,19,C,2,Y,1,S,1,X,36,R,1,K,1,"L1:[sp=K,119] Y=66,R=1,S=3,X=49,K=1,C=2 || L2:[sp=Y,19] C=2,Y=1,S=1,X=36,R=1,K=1",-4814209.0,-163324000.0,1,K|Y,1
K,119,C,2,R,1,S,3,K,1,X,72,Y,66,Y,19,C,1,Y,1,S,3,X,20,R,1,K,1,"L1:[sp=K,119] C=2,R=1,S=3,K=1,X=72,Y=66 || L2:[sp=Y,19] C=1,Y=1,S=3,X=20,R=1,K=1",-4831681.0,-163324000.0,1,K|Y,1
K,119,R,1,X,49,S,3,C,1,K,1,Y,18,Y,4,C,1,R,1,Y,1,X,37,S,3,K,1,"L1:[sp=K,119] R=1,X=49,S=3,C=1,K=1,Y=18 || L2:[sp=Y,4] C=1,R=1,Y=1,X=37,S=3,K=1",-4882879.0,-163324000.0,1,K|Y,1
K,119,R,2,X,73,S,1,C,2,K,1,Y,16,Y,4,C,1,R,1,Y,1,K,1,S,1,X,47,"L1:[sp=K,119] R=2,X=73,S=1,C=2,K=1,Y=16 || L2:[sp=Y,4] C=1,R=1,Y=1,K=1,S=1,X=47",-4976343.0,-163324000.0,1,K|Y,1
K,119,S,6,R,1,C,2,K,1,X,49,Y,66,Y,19,C,1,Y,1,S,3,X,19,R,1,K,1,"L1:[sp=K,119] S=6,R=1,C=2,K=1,X=49,Y=66 || L2:[sp=Y,19] C=1,Y=1,S=3,X=19,R=1,K=1",-5105969.0,-163323000.0,1,K|Y,1
K,119,R,1,X,49,S,3,C,2,K,1,Y,66,Y,19,C,1,R,1,Y,1,K,1,S,3,X,49,"L1:[sp=K,119] R=1,X=49,S=3,C=2,K=1,Y=66 || L2:[sp=Y,19] C=1,R=1,Y=1,K=1,S=3,X=49",-5192881.0,-163324000.0,1,K|Y,1
K,119,Y,66,R,1,S,3,C,2,K,1,X,49,Y,19,K,1,Y,1,S,3,X,49,R,1,C,1,"L1:[sp=K,119] Y=66,R=1,S=3,C=2,K=1,X=49 || L2:[sp=Y,19] K=1,Y=1,S=3,X=49,R=1,C=1",-5192881.0,-163324000.0,1,K|Y,1
K,119,C,3,X,49,S,3,Y,12,K,1,R,1,Y,19,C,1,Y,1,S,1,X,14,R,1,K,1,"L1:[sp=K,119] C=3,X=49,S=3,Y=12,K=1,R=1 || L2:[sp=Y,19] C=1,Y=1,S=1,X=14,R=1,K=1",-5199769.0,-163323000.0,1,K|Y,1
Y,142,S,5,X,49,C,3,K,54,Y,4,R,1,X,76,C,1,R,1,Y,1,K,1,S,1,X,1,"L1:[sp=Y,142] S=5,X=49,C=3,K=54,Y=4,R=1 || L2:[sp=X,76] C=1,R=1,Y=1,K=1,S=1,X=1",-5272401.0,-163323000.0,1,Y|X,1
K,119,C,2,R,1,S,3,X,49,K,1,Y,66,Y,19,C,2,Y,1,S,1,X,13,R,1,K,1,"L1:[sp=K,119] C=2,R=1,S=3,X=49,K=1,Y=66 || L2:[sp=Y,19] C=2,Y=1,S=1,X=13,R=1,K=1",-5319105.0,-163323000.0,1,K|Y,1
K,119,Y,66,X,42,R,1,C,1,S,3,K,1,Y,19,X,42,C,1,Y,1,K,1,R,1,S,3,"L1:[sp=K,119] Y=66,X=42,R=1,C=1,S=3,K=1 || L2:[sp=Y,19] X=42,C=1,Y=1,K=1,R=1,S=3",-5346433.0,-163323000.0,1,K|Y,1
K,119,S,3,X,4,R,2,C,3,Y,66,K,1,Y,19,X,4,C,2,Y,1,K,1,R,1,S,1,"L1:[sp=K,119] S=3,X=4,R=2,C=3,Y=66,K=1 || L2:[sp=Y,19] X=4,C=2,Y=1,K=1,R=1,S=1",-5520481.0,-163323000.0,1,K|Y,1
X,119,K,1,X,45,S,1,C,1,R,1,Y,67,Y,19,K,1,Y,1,S,1,X,10,R,1,C,1,"L1:[sp=X,119] K=1,X=45,S=1,C=1,R=1,Y=67 || L2:[sp=Y,19] K=1,Y=1,S=1,X=10,R=1,C=1",-5964673.0,-163323000.0,1,X|Y,1
X,119,K,1,X,45,S,3,Y,67,R,1,C,1,Y,19,K,1,Y,1,S,2,X,10,R,1,C,1,"L1:[sp=X,119] K=1,X=45,S=3,Y=67,R=1,C=1 || L2:[sp=Y,19] K=1,Y=1,S=2,X=10,R=1,C=1",-6206593.0,-163323000.0,1,X|Y,1
X,119,K,1,Y,131,C,1,R,4,X,110,S,1,Y,110,K,1,R,1,Y,1,S,1,C,1,X,106,"L1:[sp=X,119] K=1,Y=131,C=1,R=4,X=110,S=1 || L2:[sp=Y,110] K=1,R=1,Y=1,S=1,C=1,X=106",-6338305.0,-163324000.0,1,X|Y,1
C,119,K,1,Y,131,C,1,S,1,R,4,X,110,Y,131,K,1,R,1,Y,1,S,1,C,1,X,106,"L1:[sp=C,119] K=1,Y=131,C=1,S=1,R=4,X=110 || L2:[sp=Y,131] K=1,R=1,Y=1,S=1,C=1,X=106",-6338305.0,-163324000.0,1,C|Y,1
K,119,R,2,X,76,S,4,C,1,K,1,Y,16,Y,16,C,1,R,1,Y,1,K,1,S,1,X,1,"L1:[sp=K,119] R=2,X=76,S=4,C=1,K=1,Y=16 || L2:[sp=Y,16] C=1,R=1,Y=1,K=1,S=1,X=1",-6397147.0,-163323000.0,1,K|Y,1
X,119,K,1,X,45,S,5,Y,67,R,1,C,1,Y,19,K,1,Y,1,S,2,X,10,R,1,C,1,"L1:[sp=X,119] K=1,X=45,S=5,Y=67,R=1,C=1 || L2:[sp=Y,19] K=1,Y=1,S=2,X=10,R=1,C=1",-6464641.0,-163323000.0,1,X|Y,1
Y,119,S,5,Y,49,C,3,K,1,R,6,X,45,Y,19,Y,1,K,1,S,3,X,9,R,5,C,2,"L1:[sp=Y,119] S=5,Y=49,C=3,K=1,R=6,X=45 || L2:[sp=Y,19] Y=1,K=1,S=3,X=9,R=5,C=2",-6521025.0,-163324000.0,1,Y|Y,1
K,119,R,5,X,49,S,2,C,1,K,1,Y,16,Y,19,C,1,R,1,Y,1,K,1,S,1,X,44,"L1:[sp=K,119] R=5,X=49,S=2,C=1,K=1,Y=16 || L2:[sp=Y,19] C=1,R=1,Y=1,K=1,S=1,X=44",-6554353.0,-163323000.0,1,K|Y,1
X,119,S,7,X,19,R,1,Y,67,K,1,C,3,Y,19,C,1,X,3,S,1,Y,1,R,1,K,1,"L1:[sp=X,119] S=7,X=19,R=1,Y=67,K=1,C=3 || L2:[sp=Y,19] C=1,X=3,S=1,Y=1,R=1,K=1",-6589185.0,-163324000.0,1,X|Y,1
X,119,R,1,Y,16,S,2,C,2,K,1,X,49,Y,19,R,1,S,1,Y,1,K,1,C,1,X,21,"L1:[sp=X,119] R=1,Y=16,S=2,C=2,K=1,X=49 || L2:[sp=Y,19] R=1,S=1,Y=1,K=1,C=1,X=21",-6635777.0,-163323000.0,1,X|Y,1
K,119,R,7,X,80,S,3,Y,16,K,1,C,3,Y,19,C,1,R,1,Y,1,S,2,K,1,X,37,"L1:[sp=K,119] R=7,X=80,S=3,Y=16,K=1,C=3 || L2:[sp=Y,19] C=1,R=1,Y=1,S=2,K=1,X=37",-6637177.0,-163323000.0,1,K|Y,1
X,119,K,1,R,3,C,1,X,49,Y,66,S,3,Y,19,K,1,R,1,Y,1,S,1,X,49,C,1,"L1:[sp=X,119] K=1,R=3,C=1,X=49,Y=66,S=3 || L2:[sp=Y,19] K=1,R=1,Y=1,S=1,X=49,C=1",-6724225.0,-163324000.0,1,X|Y,1
X,119,Y,66,R,1,S,3,X,49,K,1,C,1,Y,19,C,1,Y,1,S,1,X,49,R,1,K,1,"L1:[sp=X,119] Y=66,R=1,S=3,X=49,K=1,C=1 || L2:[sp=Y,19] C=1,Y=1,S=1,X=49,R=1,K=1",-6733441.0,-163324000.0,1,X|Y,1
X,119,R,1,X,49,S,3,Y,16,K,1,C,3,Y,19,C,1,R,1,Y,1,S,1,K,1,X,37,"L1:[sp=X,119] R=1,X=49,S=3,Y=16,K=1,C=3 || L2:[sp=Y,19] C=1,R=1,Y=1,S=1,K=1,X=37",-6736129.0,-163323000.0,1,X|Y,1
Y,119,S,4,Y,45,C,3,K,1,R,6,X,45,Y,19,Y,1,K,1,S,1,X,28,R,1,C,1,"L1:[sp=Y,119] S=4,Y=45,C=3,K=1,R=6,X=45 || L2:[sp=Y,19] Y=1,K=1,S=1,X=28,R=1,C=1",-6775041.0,-163324000.0,1,Y|Y,1
K,119,R,1,X,49,S,2,C,1,K,1,Y,16,X,1,C,1,R,1,Y,1,K,1,S,1,X,44,"L1:[sp=K,119] R=1,X=49,S=2,C=1,K=1,Y=16 || L2:[sp=X,1] C=1,R=1,Y=1,K=1,S=1,X=44",-6789049.0,-163324000.0,1,K|X,1
K,119,R,1,X,49,S,2,C,1,K,1,Y,16,C,1,C,1,R,1,Y,1,K,1,S,1,X,44,"L1:[sp=K,119] R=1,X=49,S=2,C=1,K=1,Y=16 || L2:[sp=C,1] C=1,R=1,Y=1,K=1,S=1,X=44",-6789049.0,-163324000.0,1,K|C,1
K,119,R,1,X,49,S,2,C,1,K,1,Y,16,K,1,C,1,R,1,Y,1,K,1,S,1,X,44,"L1:[sp=K,119] R=1,X=49,S=2,C=1,K=1,Y=16 || L2:[sp=K,1] C=1,R=1,Y=1,K=1,S=1,X=44",-6789049.0,-163324000.0,1,K|K,1
X,119,R,4,Y,16,S,4,C,1,K,1,X,49,Y,19,R,1,S,1,Y,1,K,1,C,1,X,1,"L1:[sp=X,119] R=4,Y=16,S=4,C=1,K=1,X=49 || L2:[sp=Y,19] R=1,S=1,Y=1,K=1,C=1,X=1",-6859777.0,-163323000.0,1,X|Y,1
X,119,R,4,X,49,S,4,C,1,K,1,Y,16,Y,19,C,1,R,1,Y,1,K,1,S,1,X,1,"L1:[sp=X,119] R=4,X=49,S=4,C=1,K=1,Y=16 || L2:[sp=Y,19] C=1,R=1,Y=1,K=1,S=1,X=1",-6859777.0,-163323000.0,1,X|Y,1
Y,119,R,1,X,45,S,2,Y,66,K,1,C,3,Y,19,C,2,X,45,S,1,Y,1,R,1,K,1,"L1:[sp=Y,119] R=1,X=45,S=2,Y=66,K=1,C=3 || L2:[sp=Y,19] C=2,X=45,S=1,Y=1,R=1,K=1",-6970881.0,-163324000.0,1,Y|Y,1
Y,119,R,7,X,56,C,1,Y,49,S,7,K,1,Y,19,Y,1,R,1,C,1,K,1,X,27,S,1,"L1:[sp=Y,119] R=7,X=56,C=1,Y=49,S=7,K=1 || L2:[sp=Y,19] Y=1,R=1,C=1,K=1,X=27,S=1",-7000321.0,-163323000.0,1,Y|Y,1
Y,119,K,1,S,7,C,1,Y,49,X,56,R,1,Y,19,Y,1,R,1,C,1,K,1,X,27,S,1,"L1:[sp=Y,119] K=1,S=7,C=1,Y=49,X=56,R=1 || L2:[sp=Y,19] Y=1,R=1,C=1,K=1,X=27,S=1",-7004929.0,-163323000.0,1,Y|Y,1
Y,119,R,1,X,56,C,1,Y,49,S,7,K,1,Y,19,Y,1,R,1,C,1,K,1,X,27,S,1,"L1:[sp=Y,119] R=1,X=56,C=1,Y=49,S=7,K=1 || L2:[sp=Y,19] Y=1,R=1,C=1,K=1,X=27,S=1",-7004929.0,-163323000.0,1,Y|Y,1
Y,119,S,4,Y,45,C,3,K,1,R,6,X,31,Y,19,Y,1,K,1,S,4,X,28,R,1,C,2,"L1:[sp=Y,119] S=4,Y=45,C=3,K=1,R=6,X=31 || L2:[sp=Y,19] Y=1,K=1,S=4,X=28,R=1,C=2",-7098369.0,-163324000.0,1,Y|Y,1
Y,119,R,1,X,45,S,3,Y,66,K,1,C,3,Y,19,C,2,X,45,S,2,Y,1,R,1,K,1,"L1:[sp=Y,119] R=1,X=45,S=3,Y=66,K=1,C=3 || L2:[sp=Y,19] C=2,X=45,S=2,Y=1,R=1,K=1",-7156801.0,-163324000.0,1,Y|Y,1
K,119,R,1,X,49,S,3,C,2,K,1,Y,16,C,1,C,1,R,1,Y,1,K,1,S,2,X,37,"L1:[sp=K,119] R=1,X=49,S=3,C=2,K=1,Y=16 || L2:[sp=C,1] C=1,R=1,Y=1,K=1,S=2,X=37",-7181245.0,-163324000.0,1,K|C,1
K,119,R,1,X,49,S,3,K,1,C,1,Y,16,K,1,C,1,R,1,Y,1,K,1,S,1,X,37,"L1:[sp=K,119] R=1,X=49,S=3,K=1,C=1,Y=16 || L2:[sp=K,1] C=1,R=1,Y=1,K=1,S=1,X=37",-7182715.0,-163324000.0,1,K|K,1
K,119,X,101,S,2,R,5,C,2,K,1,Y,16,Y,19,C,1,R,1,Y,1,X,3,S,1,K,1,"L1:[sp=K,119] X=101,S=2,R=5,C=2,K=1,Y=16 || L2:[sp=Y,19] C=1,R=1,Y=1,X=3,S=1,K=1",-7244833.0,-163323000.0,1,K|Y,1
X,119,S,7,R,5,C,2,Y,66,X,49,K,1,Y,19,C,1,Y,1,S,1,X,3,R,1,K,1,"L1:[sp=X,119] S=7,R=5,C=2,Y=66,X=49,K=1 || L2:[sp=Y,19] C=1,Y=1,S=1,X=3,R=1,K=1",-7245185.0,-163324000.0,1,X|Y,1
Y,119,C,3,K,1,S,4,Y,66,X,45,R,1,Y,19,S,1,X,45,R,1,Y,1,C,2,K,1,"L1:[sp=Y,119] C=3,K=1,S=4,Y=66,X=45,R=1 || L2:[sp=Y,19] S=1,X=45,R=1,Y=1,C=2,K=1",-7342721.0,-163324000.0,1,Y|Y,1
Y,119,R,1,K,1,S,5,Y,66,X,45,C,3,Y,19,S,1,X,45,C,2,Y,1,R,1,K,1,"L1:[sp=Y,119] R=1,K=1,S=5,Y=66,X=45,C=3 || L2:[sp=Y,19] S=1,X=45,C=2,Y=1,R=1,K=1",-7530881.0,-163324000.0,1,Y|Y,1
K,119,R,1,X,49,S,2,C,1,K,1,Y,16,C,1,C,1,R,1,Y,1,K,1,S,1,X,21,"L1:[sp=K,119] R=1,X=49,S=2,C=1,K=1,Y=16 || L2:[sp=C,1] C=1,R=1,Y=1,K=1,S=1,X=21",-7546393.0,-163324000.0,1,K|C,1
K,119,S,1,R,6,C,2,K,1,Y,188,X,9,Y,19,Y,1,X,9,S,1,C,2,R,3,K,1,"L1:[sp=K,119] S=1,R=6,C=2,K=1,Y=188,X=9 || L2:[sp=Y,19] Y=1,X=9,S=1,C=2,R=3,K=1",-7722401.0,-163323000.0,1,K|Y,1
Y,119,Y,66,R,1,S,3,C,3,K,1,X,49,Y,19,R,1,Y,1,S,1,K,1,C,1,X,49,"L1:[sp=Y,119] Y=66,R=1,S=3,C=3,K=1,X=49 || L2:[sp=Y,19] R=1,Y=1,S=1,K=1,C=1,X=49",-7758913.0,-163324000.0,1,Y|Y,1
Y,119,R,1,X,45,S,7,Y,66,K,1,C,3,Y,19,C,2,X,45,S,2,Y,1,R,1,K,1,"L1:[sp=Y,119] R=1,X=45,S=7,Y=66,K=1,C=3 || L2:[sp=Y,19] C=2,X=45,S=2,Y=1,R=1,K=1",-7904961.0,-163324000.0,1,Y|Y,1
Y,119,R,1,X,45,S,7,Y,66,K,1,C,3,Y,19,C,2,X,45,S,6,Y,1,R,1,K,1,"L1:[sp=Y,119] R=1,X=45,S=7,Y=66,K=1,C=3 || L2:[sp=Y,19] C=2,X=45,S=6,Y=1,R=1,K=1",-7904961.0,-163324000.0,1,Y|Y,1
Y,119,C,3,K,1,S,7,Y,66,R,1,X,45,Y,19,S,1,X,45,R,1,Y,1,C,2,K,1,"L1:[sp=Y,119] C=3,K=1,S=7,Y=66,R=1,X=45 || L2:[sp=Y,19] S=1,X=45,R=1,Y=1,C=2,K=1",-7904961.0,-163324000.0,1,Y|Y,1
X,119,R,1,X,56,C,1,Y,49,S,7,K,1,Y,19,Y,1,R,1,C,1,K,1,X,27,S,1,"L1:[sp=X,119] R=1,X=56,C=1,Y=49,S=7,K=1 || L2:[sp=Y,19] Y=1,R=1,C=1,K=1,X=27,S=1",-8172865.0,-163323000.0,1,X|Y,1
C,119,Y,84,R,1,S,3,K,1,X,89,C,1,Y,19,C,1,Y,1,S,1,X,66,R,1,K,1,"L1:[sp=C,119] Y=84,R=1,S=3,K=1,X=89,C=1 || L2:[sp=Y,19] C=1,Y=1,S=1,X=66,R=1,K=1",-8451073.0,-163324000.0,1,C|Y,1
Y,119,R,2,X,19,S,1,Y,67,K,1,C,3,Y,19,C,2,X,3,S,1,Y,1,R,1,K,1,"L1:[sp=Y,119] R=2,X=19,S=1,Y=67,K=1,C=3 || L2:[sp=Y,19] C=2,X=3,S=1,Y=1,R=1,K=1",-8451073.0,-163323000.0,1,Y|Y,1
Y,119,S,1,R,6,C,3,K,1,Y,67,X,45,Y,19,Y,1,X,33,S,1,K,1,R,1,C,2,"L1:[sp=Y,119] S=1,R=6,C=3,K=1,Y=67,X=45 || L2:[sp=Y,19] Y=1,X=33,S=1,K=1,R=1,C=2",-8471681.0,-163324000.0,1,Y|Y,1
Y,119,R,1,X,49,S,7,Y,66,K,1,C,3,Y,19,K,1,Y,1,S,1,X,49,R,1,C,1,"L1:[sp=Y,119] R=1,X=49,S=7,Y=66,K=1,C=3 || L2:[sp=Y,19] K=1,Y=1,S=1,X=49,R=1,C=1",-8507073.0,-163324000.0,1,Y|Y,1
Y,119,R,1,X,69,S,3,Y,22,K,1,C,3,Y,19,C,1,Y,1,S,1,X,14,R,1,K,1,"L1:[sp=Y,119] R=1,X=69,S=3,Y=22,K=1,C=3 || L2:[sp=Y,19] C=1,Y=1,S=1,X=14,R=1,K=1",-8590849.0,-163324000.0,1,Y|Y,1
X,119,K,1,S,5,X,217,R,6,C,1,Y,90,X,56,Y,1,C,1,X,1,K,1,R,1,S,1,"L1:[sp=X,119] K=1,S=5,X=217,R=6,C=1,Y=90 || L2:[sp=X,56] Y=1,C=1,X=1,K=1,R=1,S=1",-8808193.0,-163323000.0,1,X|X,1
Y,119,R,1,X,45,S,3,Y,66,K,1,C,3,Y,19,C,2,X,21,S,2,Y,1,R,1,K,1,"L1:[sp=Y,119] R=1,X=45,S=3,Y=66,K=1,C=3 || L2:[sp=Y,19] C=2,X=21,S=2,Y=1,R=1,K=1",-8850241.0,-163324000.0,1,Y|Y,1
Y,119,K,1,C,3,R,1,Y,67,S,3,X,45,Y,19,R,1,X,28,S,2,Y,1,C,3,K,1,"L1:[sp=Y,119] K=1,C=3,R=1,Y=67,S=3,X=45 || L2:[sp=Y,19] R=1,X=28,S=2,Y=1,C=3,K=1",-8850241.0,-163324000.0,1,Y|Y,1
Y,119,X,45,C,3,R,1,Y,67,S,3,K,1,Y,19,R,1,X,28,S,2,Y,1,C,3,K,1,"L1:[sp=Y,119] X=45,C=3,R=1,Y=67,S=3,K=1 || L2:[sp=Y,19] R=1,X=28,S=2,Y=1,C=3,K=1",-8850241.0,-163324000.0,1,Y|Y,1
C,119,Y,84,R,1,S,3,X,89,K,1,C,1,Y,19,C,1,Y,1,S,1,X,26,R,1,K,1,"L1:[sp=C,119] Y=84,R=1,S=3,X=89,K=1,C=1 || L2:[sp=Y,19] C=1,Y=1,S=1,X=26,R=1,K=1",-9021825.0,-163323000.0,1,C|Y,1
C,119,C,1,X,26,K,1,S,2,R,7,Y,131,Y,19,K,1,R,1,Y,1,S,1,C,1,X,17,"L1:[sp=C,119] C=1,X=26,K=1,S=2,R=7,Y=131 || L2:[sp=Y,19] K=1,R=1,Y=1,S=1,C=1,X=17",-9218177.0,-163323000.0,1,C|Y,1
Y,119,X,45,C,3,R,4,Y,67,S,5,K,1,Y,19,R,1,X,28,S,1,Y,1,C,3,K,1,"L1:[sp=Y,119] X=45,C=3,R=4,Y=67,S=5,K=1 || L2:[sp=Y,19] R=1,X=28,S=1,Y=1,C=3,K=1",-9221121.0,-163324000.0,1,Y|Y,1
Y,119,R,1,X,45,S,5,Y,67,K,1,C,3,Y,19,K,1,Y,1,S,2,X,19,R,1,C,3,"L1:[sp=Y,119] R=1,X=45,S=5,Y=67,K=1,C=3 || L2:[sp=Y,19] K=1,Y=1,S=2,X=19,R=1,C=3",-9224321.0,-163324000.0,1,Y|Y,1
Y,119,X,45,C,3,R,1,Y,67,S,5,K,1,Y,19,R,1,X,28,S,1,Y,1,C,3,K,1,"L1:[sp=Y,119] X=45,C=3,R=1,Y=67,S=5,K=1 || L2:[sp=Y,19] R=1,X=28,S=1,Y=1,C=3,K=1",-9224321.0,-163324000.0,1,Y|Y,1
C,119,K,1,S,2,C,1,X,56,R,7,Y,131,Y,19,Y,1,R,1,X,36,S,1,C,1,K,1,"L1:[sp=C,119] K=1,S=2,C=1,X=56,R=7,Y=131 || L2:[sp=Y,19] Y=1,R=1,X=36,S=1,C=1,K=1",-9297153.0,-163324000.0,1,C|Y,1
Y,119,K,1,S,3,X,63,Y,49,C,1,R,4,Y,19,Y,1,R,4,C,1,K,1,X,27,S,3,"L1:[sp=Y,119] K=1,S=3,X=63,Y=49,C=1,R=4 || L2:[sp=Y,19] Y=1,R=4,C=1,K=1,X=27,S=3",-9335809.0,-163324000.0,1,Y|Y,1
X,119,X,69,R,1,S,3,C,1,K,1,Y,66,Y,19,Y,1,C,1,S,1,K,1,R,1,X,14,"L1:[sp=X,119] X=69,R=1,S=3,C=1,K=1,Y=66 || L2:[sp=Y,19] Y=1,C=1,S=1,K=1,R=1,X=14",-9367681.0,-163323000.0,1,X|Y,1
Y,119,X,31,Y,59,C,1,K,1,R,6,S,4,Y,19,Y,1,K,1,S,4,X,28,R,1,C,1,"L1:[sp=Y,119] X=31,Y=59,C=1,K=1,R=6,S=4 || L2:[sp=Y,19] Y=1,K=1,S=4,X=28,R=1,C=1",-9467905.0,-163323000.0,1,Y|Y,1
Y,119,K,1,C,2,S,3,R,7,Y,84,X,38,Y,19,C,1,Y,1,S,1,K,1,R,1,X,38,"L1:[sp=Y,119] K=1,C=2,S=3,R=7,Y=84,X=38 || L2:[sp=Y,19] C=1,Y=1,S=1,K=1,R=1,X=38",-9504385.0,-163323000.0,1,Y|Y,1
Y,119,Y,84,R,1,S,3,C,2,K,1,X,38,Y,19,C,1,Y,1,S,1,K,1,R,1,X,38,"L1:[sp=Y,119] Y=84,R=1,S=3,C=2,K=1,X=38 || L2:[sp=Y,19] C=1,Y=1,S=1,K=1,R=1,X=38",-9518209.0,-163323000.0,1,Y|Y,1
Y,119,Y,84,C,2,S,3,R,1,K,1,X,38,Y,19,C,1,Y,1,S,1,K,1,R,1,X,38,"L1:[sp=Y,119] Y=84,C=2,S=3,R=1,K=1,X=38 || L2:[sp=Y,19] C=1,Y=1,S=1,K=1,R=1,X=38",-9518209.0,-163323000.0,1,Y|Y,1
Y,119,X,45,R,1,S,7,Y,67,C,3,K,1,Y,19,R,1,X,19,S,2,C,3,Y,1,K,1,"L1:[sp=Y,119] X=45,R=1,S=7,Y=67,C=3,K=1 || L2:[sp=Y,19] R=1,X=19,S=2,C=3,Y=1,K=1",-9598401.0,-163324000.0,1,Y|Y,1
Y,119,R,1,X,45,S,4,Y,67,K,1,C,3,Y,19,K,1,Y,1,S,4,X,25,R,1,C,3,"L1:[sp=Y,119] R=1,X=45,S=4,Y=67,K=1,C=3 || L2:[sp=Y,19] K=1,Y=1,S=4,X=25,R=1,C=3",-9681281.0,-163324000.0,1,Y|Y,1
Y,119,C,3,K,1,S,4,Y,67,R,1,X,45,Y,19,R,1,X,28,S,2,C,3,Y,1,K,1,"L1:[sp=Y,119] C=3,K=1,S=4,Y=67,R=1,X=45 || L2:[sp=Y,19] R=1,X=28,S=2,C=3,Y=1,K=1",-10111361.0,-163324000.0,1,Y|Y,1
C,119,K,1,Y,131,C,1,S,2,R,7,X,26,Y,19,K,1,R,1,Y,1,S,2,C,1,X,17,"L1:[sp=C,119] K=1,Y=131,C=1,S=2,R=7,X=26 || L2:[sp=Y,19] K=1,R=1,Y=1,S=2,C=1,X=17",-10115073.0,-163323000.0,1,C|Y,1
C,119,R,1,X,49,S,2,C,1,K,1,Y,16,Y,19,C,1,R,1,Y,1,K,1,S,1,X,21,"L1:[sp=C,119] R=1,X=49,S=2,C=1,K=1,Y=16 || L2:[sp=Y,19] C=1,R=1,Y=1,K=1,S=1,X=21",-10179457.0,-163323000.0,1,C|Y,1
C,119,K,1,S,3,C,1,X,56,Y,96,R,4,Y,19,Y,1,R,1,X,36,K,1,C,1,S,1,"L1:[sp=C,119] K=1,S=3,C=1,X=56,Y=96,R=4 || L2:[sp=Y,19] Y=1,R=1,X=36,K=1,C=1,S=1",-10190337.0,-163323000.0,1,C|Y,1
C,119,R,1,S,3,C,1,Y,96,X,56,K,1,Y,19,Y,1,R,1,X,36,K,1,C,1,S,1,"L1:[sp=C,119] R=1,S=3,C=1,Y=96,X=56,K=1 || L2:[sp=Y,19] Y=1,R=1,X=36,K=1,C=1,S=1",-10201857.0,-163323000.0,1,C|Y,1
Y,119,Y,87,R,4,S,6,C,2,K,1,X,49,Y,19,R,1,K,1,S,1,Y,1,C,1,X,49,"L1:[sp=Y,119] Y=87,R=4,S=6,C=2,K=1,X=49 || L2:[sp=Y,19] R=1,K=1,S=1,Y=1,C=1,X=49",-10398401.0,-163324000.0,1,Y|Y,1
C,119,C,1,X,26,S,6,K,1,R,7,Y,189,Y,19,Y,1,R,1,K,1,S,1,C,1,X,10,"L1:[sp=C,119] C=1,X=26,S=6,K=1,R=7,Y=189 || L2:[sp=Y,19] Y=1,R=1,K=1,S=1,C=1,X=10",-10561217.0,-163323000.0,1,C|Y,1
Y,119,R,4,X,49,S,7,C,3,K,1,Y,87,Y,19,C,1,K,1,Y,1,R,1,S,1,X,49,"L1:[sp=Y,119] R=4,X=49,S=7,C=3,K=1,Y=87 || L2:[sp=Y,19] C=1,K=1,Y=1,R=1,S=1,X=49",-10631681.0,-163324000.0,1,Y|Y,1
Y,119,Y,87,R,4,S,7,C,2,K,1,X,49,Y,19,R,1,Y,1,S,1,K,1,C,1,X,49,"L1:[sp=Y,119] Y=87,R=4,S=7,C=2,K=1,X=49 || L2:[sp=Y,19] R=1,Y=1,S=1,K=1,C=1,X=49",-10632321.0,-163324000.0,1,Y|Y,1
C,119,R,1,X,56,C,1,Y,49,S,7,K,1,Y,19,Y,1,R,1,C,1,K,1,X,7,S,1,"L1:[sp=C,119] R=1,X=56,C=1,Y=49,S=7,K=1 || L2:[sp=Y,19] Y=1,R=1,C=1,K=1,X=7,S=1",-10633729.0,-163323000.0,1,C|Y,1
C,119,C,1,X,56,R,1,Y,49,S,7,K,1,Y,19,Y,1,R,1,C,1,K,1,X,7,S,1,"L1:[sp=C,119] C=1,X=56,R=1,Y=49,S=7,K=1 || L2:[sp=Y,19] Y=1,R=1,C=1,K=1,X=7,S=1",-10633729.0,-163323000.0,1,C|Y,1
Y,119,C,3,X,49,K,1,Y,84,S,3,R,1,Y,19,C,1,Y,1,S,2,X,14,R,1,K,1,"L1:[sp=Y,119] C=3,X=49,K=1,Y=84,S=3,R=1 || L2:[sp=Y,19] C=1,Y=1,S=2,X=14,R=1,K=1",-10684801.0,-163324000.0,1,Y|Y,1
C,119,K,1,S,6,C,1,X,56,Y,96,R,4,Y,19,Y,1,R,1,X,36,K,1,C,1,S,1,"L1:[sp=C,119] K=1,S=6,C=1,X=56,Y=96,R=4 || L2:[sp=Y,19] Y=1,R=1,X=36,K=1,C=1,S=1",-10715649.0,-163323000.0,1,C|Y,1
C,119,X,56,S,6,C,1,Y,96,K,1,R,1,Y,19,Y,1,R,1,X,36,K,1,C,1,S,1,"L1:[sp=C,119] X=56,S=6,C=1,Y=96,K=1,R=1 || L2:[sp=Y,19] Y=1,R=1,X=36,K=1,C=1,S=1",-10723329.0,-163323000.0,1,C|Y,1
C,119,S,7,Y,67,C,1,K,1,R,3,X,31,Y,19,Y,1,K,1,S,4,X,11,R,1,C,1,"L1:[sp=C,119] S=7,Y=67,C=1,K=1,R=3,X=31 || L2:[sp=Y,19] Y=1,K=1,S=4,X=11,R=1,C=1",-10850433.0,-163323000.0,1,C|Y,1
Y,119,R,1,X,45,S,3,Y,66,K,1,C,3,Y,19,C,1,X,45,S,3,Y,1,R,1,K,1,"L1:[sp=Y,119] R=1,X=45,S=3,Y=66,K=1,C=3 || L2:[sp=Y,19] C=1,X=45,S=3,Y=1,R=1,K=1",-10893121.0,-163324000.0,1,Y|Y,1
Y,119,R,1,X,45,S,3,Y,66,K,1,C,3,Y,19,C,2,X,45,S,3,Y,1,R,1,K,1,"L1:[sp=Y,119] R=1,X=45,S=3,Y=66,K=1,C=3 || L2:[sp=Y,19] C=2,X=45,S=3,Y=1,R=1,K=1",-10893121.0,-163324000.0,1,Y|Y,1
Y,119,X,45,C,3,R,1,Y,67,S,3,K,1,Y,19,R,1,X,28,S,3,Y,1,C,3,K,1,"L1:[sp=Y,119] X=45,C=3,R=1,Y=67,S=3,K=1 || L2:[sp=Y,19] R=1,X=28,S=3,Y=1,C=3,K=1",-10893121.0,-163324000.0,1,Y|Y,1
Y,119,C,3,X,49,S,3,Y,84,K,1,R,1,Y,19,C,1,Y,1,S,1,X,14,R,1,K,1,"L1:[sp=Y,119] C=3,X=49,S=3,Y=84,K=1,R=1 || L2:[sp=Y,19] C=1,Y=1,S=1,X=14,R=1,K=1",-10920001.0,-163324000.0,1,Y|Y,1
Y,119,S,1,R,6,C,2,K,1,Y,67,X,45,Y,19,Y,1,X,33,S,1,K,1,R,1,C,2,"L1:[sp=Y,119] S=1,R=6,C=2,K=1,Y=67,X=45 || L2:[sp=Y,19] Y=1,X=33,S=1,K=1,R=1,C=2",-11298561.0,-163324000.0,1,Y|Y,1
Y,119,S,2,R,6,C,2,K,1,Y,67,X,45,Y,19,R,1,X,30,S,1,K,1,Y,1,C,2,"L1:[sp=Y,119] S=2,R=6,C=2,K=1,Y=67,X=45 || L2:[sp=Y,19] R=1,X=30,S=1,K=1,Y=1,C=2",-11545601.0,-163324000.0,1,Y|Y,1
Y,119,R,1,X,49,S,3,Y,66,K,1,C,3,Y,19,C,1,Y,1,S,3,X,49,R,1,K,1,"L1:[sp=Y,119] R=1,X=49,S=3,Y=66,K=1,C=3 || L2:[sp=Y,19] C=1,Y=1,S=3,X=49,R=1,K=1",-11860801.0,-163324000.0,1,Y|Y,1
C,119,K,1,S,6,C,1,X,14,R,7,Y,131,Y,19,Y,1,R,1,X,14,S,1,C,1,K,1,"L1:[sp=C,119] K=1,S=6,C=1,X=14,R=7,Y=131 || L2:[sp=Y,19] Y=1,R=1,X=14,S=1,C=1,K=1",-12193729.0,-163323000.0,1,C|Y,1
X,119,C,2,R,1,S,3,X,69,K,1,Y,66,Y,19,C,2,Y,1,S,1,K,1,R,1,X,14,"L1:[sp=X,119] C=2,R=1,S=3,X=69,K=1,Y=66 || L2:[sp=Y,19] C=2,Y=1,S=1,K=1,R=1,X=14",-12479489.0,-163324000.0,1,X|Y,1
X,119,X,69,R,1,S,3,C,2,K,1,Y,66,Y,19,Y,1,C,2,S,1,K,1,R,1,X,14,"L1:[sp=X,119] X=69,R=1,S=3,C=2,K=1,Y=66 || L2:[sp=Y,19] Y=1,C=2,S=1,K=1,R=1,X=14",-12479489.0,-163324000.0,1,X|Y,1
C,119,R,4,S,3,C,1,Y,96,K,1,X,56,Y,19,Y,1,R,1,X,36,K,1,C,1,S,3,"L1:[sp=C,119] R=4,S=3,C=1,Y=96,K=1,X=56 || L2:[sp=Y,19] Y=1,R=1,X=36,K=1,C=1,S=3",-12648961.0,-163323000.0,1,C|Y,1
C,119,K,1,S,6,C,1,Y,96,X,56,R,4,Y,19,Y,1,R,1,X,36,K,1,C,1,S,3,"L1:[sp=C,119] K=1,S=6,C=1,Y=96,X=56,R=4 || L2:[sp=Y,19] Y=1,R=1,X=36,K=1,C=1,S=3",-13324801.0,-163323000.0,1,C|Y,1
Y,119,X,56,S,7,C,1,Y,96,K,1,R,1,Y,19,Y,1,R,1,X,4,K,1,C,1,S,6,"L1:[sp=Y,119] X=56,S=7,C=1,Y=96,K=1,R=1 || L2:[sp=Y,19] Y=1,R=1,X=4,K=1,C=1,S=6",-13552897.0,-163323000.0,1,Y|Y,1
Y,119,X,56,S,7,C,1,Y,96,K,1,R,1,Y,19,Y,1,R,1,X,4,K,1,C,1,S,1,"L1:[sp=Y,119] X=56,S=7,C=1,Y=96,K=1,R=1 || L2:[sp=Y,19] Y=1,R=1,X=4,K=1,C=1,S=1",-13665793.0,-163323000.0,1,Y|Y,1
X,119,R,5,X,49,S,7,C,2,K,1,Y,16,Y,19,C,1,R,1,Y,1,K,1,S,1,X,37,"L1:[sp=X,119] R=5,X=49,S=7,C=2,K=1,Y=16 || L2:[sp=Y,19] C=1,R=1,Y=1,K=1,S=1,X=37",-13974465.0,-163323000.0,1,X|Y,1
Y,119,S,1,R,6,C,3,K,1,Y,118,X,45,Y,19,Y,1,X,33,S,1,K,1,R,1,C,2,"L1:[sp=Y,119] S=1,R=6,C=3,K=1,Y=118,X=45 || L2:[sp=Y,19] Y=1,X=33,S=1,K=1,R=1,C=2",-14822081.0,-163324000.0,1,Y|Y,1
K,119,R,1,X,49,S,3,C,2,K,34,Y,16,Y,19,C,1,R,1,Y,1,K,1,S,1,X,37,"L1:[sp=K,119] R=1,X=49,S=3,C=2,K=34,Y=16 || L2:[sp=Y,19] C=1,R=1,Y=1,K=1,S=1,X=37",-15256837.0,-163324000.0,1,K|Y,1
K,119,K,1,X,64,S,4,C,1,R,4,Y,16,Y,8,C,1,R,1,Y,8,K,1,S,1,X,1,"L1:[sp=K,119] K=1,X=64,S=4,C=1,R=4,Y=16 || L2:[sp=Y,8] C=1,R=1,Y=8,K=1,S=1,X=1",-15347137.0,-163323000.0,1,K|Y,1
Y,119,S,7,X,56,K,1,C,1,R,7,Y,49,Y,7,Y,1,R,1,K,1,S,4,C,1,X,27,"L1:[sp=Y,119] S=7,X=56,K=1,C=1,R=7,Y=49 || L2:[sp=Y,7] Y=1,R=1,K=1,S=4,C=1,X=27",-16032001.0,-163323000.0,1,Y|Y,1
Y,119,S,7,X,56,K,1,C,1,R,1,Y,49,Y,7,Y,1,R,1,K,1,S,1,C,1,X,27,"L1:[sp=Y,119] S=7,X=56,K=1,C=1,R=1,Y=49 || L2:[sp=Y,7] Y=1,R=1,K=1,S=1,C=1,X=27",-16337665.0,-163323000.0,1,Y|Y,1
C,119,Y,84,R,1,S,3,X,38,K,1,C,2,Y,19,C,1,Y,1,S,1,X,38,R,1,K,1,"L1:[sp=C,119] Y=84,R=1,S=3,X=38,K=1,C=2 || L2:[sp=Y,19] C=1,Y=1,S=1,X=38,R=1,K=1",-16494465.0,-163323000.0,1,C|Y,1
X,119,K,1,S,7,C,1,Y,49,X,221,R,1,K,56,Y,1,R,1,X,27,K,1,C,1,S,1,"L1:[sp=X,119] K=1,S=7,C=1,Y=49,X=221,R=1 || L2:[sp=K,56] Y=1,R=1,X=27,K=1,C=1,S=1",-16865857.0,-163323000.0,1,X|K,1
C,119,K,1,X,45,C,2,Y,131,S,1,R,3,Y,19,K,1,R,1,X,17,S,1,C,2,Y,1,"L1:[sp=C,119] K=1,X=45,C=2,Y=131,S=1,R=3 || L2:[sp=Y,19] K=1,R=1,X=17,S=1,C=2,Y=1",-16947841.0,-163323000.0,1,C|Y,1
Y,119,C,1,S,6,X,56,Y,96,K,1,R,4,Y,19,Y,1,R,1,X,36,K,1,C,1,S,3,"L1:[sp=Y,119] C=1,S=6,X=56,Y=96,K=1,R=4 || L2:[sp=Y,19] Y=1,R=1,X=36,K=1,C=1,S=3",-17131009.0,-163323000.0,1,Y|Y,1
Y,119,K,1,S,6,C,1,Y,96,X,56,R,4,Y,19,Y,1,R,1,X,36,K,1,C,1,S,3,"L1:[sp=Y,119] K=1,S=6,C=1,Y=96,X=56,R=4 || L2:[sp=Y,19] Y=1,R=1,X=36,K=1,C=1,S=3",-17131009.0,-163323000.0,1,Y|Y,1
Y,119,K,1,S,6,C,1,Y,96,X,56,R,4,Y,19,Y,1,R,3,X,36,K,1,C,1,S,3,"L1:[sp=Y,119] K=1,S=6,C=1,Y=96,X=56,R=4 || L2:[sp=Y,19] Y=1,R=3,X=36,K=1,C=1,S=3",-17131009.0,-163324000.0,1,Y|Y,1
Y,119,C,1,S,6,X,56,Y,96,K,1,R,3,Y,19,Y,1,R,1,X,52,K,1,C,1,S,3,"L1:[sp=Y,119] C=1,S=6,X=56,Y=96,K=1,R=3 || L2:[sp=Y,19] Y=1,R=1,X=52,K=1,C=1,S=3",-17132545.0,-163324000.0,1,Y|Y,1
Y,119,R,1,X,69,S,3,Y,22,K,1,C,3,Y,19,C,1,Y,4,S,1,X,14,R,1,K,1,"L1:[sp=Y,119] R=1,X=69,S=3,Y=22,K=1,C=3 || L2:[sp=Y,19] C=1,Y=4,S=1,X=14,R=1,K=1",-17170945.0,-163324000.0,1,Y|Y,1
Y,119,R,1,X,69,S,3,Y,22,K,1,C,3,Y,19,C,1,K,1,S,1,X,14,R,1,Y,4,"L1:[sp=Y,119] R=1,X=69,S=3,Y=22,K=1,C=3 || L2:[sp=Y,19] C=1,K=1,S=1,X=14,R=1,Y=4",-17170945.0,-163324000.0,1,Y|Y,1
Y,119,R,1,X,69,S,3,Y,22,K,1,C,3,Y,19,C,1,X,14,S,1,Y,4,R,1,K,1,"L1:[sp=Y,119] R=1,X=69,S=3,Y=22,K=1,C=3 || L2:[sp=Y,19] C=1,X=14,S=1,Y=4,R=1,K=1",-17170945.0,-163324000.0,1,Y|Y,1
Y,119,R,1,X,69,K,1,Y,22,S,3,C,3,Y,19,C,1,Y,4,S,1,X,14,R,1,K,1,"L1:[sp=Y,119] R=1,X=69,K=1,Y=22,S=3,C=3 || L2:[sp=Y,19] C=1,Y=4,S=1,X=14,R=1,K=1",-17170945.0,-163324000.0,1,Y|Y,1
Y,119,R,1,X,49,S,3,Y,141,K,1,C,3,Y,19,C,1,Y,1,S,1,X,14,R,1,K,1,"L1:[sp=Y,119] R=1,X=49,S=3,Y=141,K=1,C=3 || L2:[sp=Y,19] C=1,Y=1,S=1,X=14,R=1,K=1",-17467969.0,-163324000.0,1,Y|Y,1
Y,119,C,1,K,1,X,45,Y,124,R,1,S,4,Y,19,R,1,X,28,S,2,C,1,Y,1,K,1,"L1:[sp=Y,119] C=1,K=1,X=45,Y=124,R=1,S=4 || L2:[sp=Y,19] R=1,X=28,S=2,C=1,Y=1,K=1",-17700481.0,-163323000.0,1,Y|Y,1
Y,119,R,1,X,49,S,5,Y,141,K,1,C,3,Y,19,C,1,Y,1,S,1,X,14,R,1,K,1,"L1:[sp=Y,119] R=1,X=49,S=5,Y=141,K=1,C=3 || L2:[sp=Y,19] C=1,Y=1,S=1,X=14,R=1,K=1",-18067841.0,-163324000.0,1,Y|Y,1
C,119,S,1,R,6,C,2,K,1,Y,201,X,13,Y,19,K,1,X,11,S,1,R,1,Y,1,C,2,"L1:[sp=C,119] S=1,R=6,C=2,K=1,Y=201,X=13 || L2:[sp=Y,19] K=1,X=11,S=1,R=1,Y=1,C=2",-18214785.0,-163323000.0,1,C|Y,1
X,119,K,1,X,56,S,7,C,1,Y,49,R,1,Y,7,Y,1,R,1,K,1,S,1,C,1,X,27,"L1:[sp=X,119] K=1,X=56,S=7,C=1,Y=49,R=1 || L2:[sp=Y,7] Y=1,R=1,K=1,S=1,C=1,X=27",-18672193.0,-163323000.0,1,X|Y,1
X,119,S,7,R,1,X,56,C,1,Y,49,K,1,Y,7,Y,1,R,1,K,1,S,1,C,1,X,27,"L1:[sp=X,119] S=7,R=1,X=56,C=1,Y=49,K=1 || L2:[sp=Y,7] Y=1,R=1,K=1,S=1,C=1,X=27",-18672193.0,-163323000.0,1,X|Y,1
K,119,S,7,R,1,C,2,Y,22,X,69,K,1,Y,19,C,1,Y,6,S,1,X,14,R,1,K,1,"L1:[sp=K,119] S=7,R=1,C=2,Y=22,X=69,K=1 || L2:[sp=Y,19] C=1,Y=6,S=1,X=14,R=1,K=1",-18943233.0,-163324000.0,1,K|Y,1
X,119,S,1,R,3,K,1,C,1,Y,49,X,56,Y,7,Y,1,R,1,K,1,S,1,C,1,X,9,"L1:[sp=X,119] S=1,R=3,K=1,C=1,Y=49,X=56 || L2:[sp=Y,7] Y=1,R=1,K=1,S=1,C=1,X=9",-18986689.0,-163323000.0,1,X|Y,1
C,119,R,1,X,49,S,3,C,2,Y,16,K,1,Y,19,C,1,R,1,Y,1,K,1,S,1,X,37,"L1:[sp=C,119] R=1,X=49,S=3,C=2,Y=16,K=1 || L2:[sp=Y,19] C=1,R=1,Y=1,K=1,S=1,X=37",-19236225.0,-163323000.0,1,C|Y,1
C,119,Y,142,S,5,X,56,C,2,R,4,K,1,Y,19,X,36,K,1,R,1,S,1,Y,1,C,2,"L1:[sp=C,119] Y=142,S=5,X=56,C=2,R=4,K=1 || L2:[sp=Y,19] X=36,K=1,R=1,S=1,Y=1,C=2",-19570689.0,-163324000.0,1,C|Y,1
C,119,Y,201,S,5,X,56,C,2,R,4,K,1,Y,19,X,49,K,1,R,1,S,1,Y,1,C,2,"L1:[sp=C,119] Y=201,S=5,X=56,C=2,R=4,K=1 || L2:[sp=Y,19] X=49,K=1,R=1,S=1,Y=1,C=2",-19570689.0,-163324000.0,1,C|Y,1
C,119,S,5,R,5,K,1,C,2,Y,52,X,56,Y,19,K,1,X,24,R,2,S,1,Y,1,C,2,"L1:[sp=C,119] S=5,R=5,K=1,C=2,Y=52,X=56 || L2:[sp=Y,19] K=1,X=24,R=2,S=1,Y=1,C=2",-19573761.0,-163323000.0,1,C|Y,1
Y,119,C,3,X,49,S,3,Y,170,K,1,R,1,Y,19,C,1,Y,1,S,1,X,14,R,1,K,1,"L1:[sp=Y,119] C=3,X=49,S=3,Y=170,K=1,R=1 || L2:[sp=Y,19] C=1,Y=1,S=1,X=14,R=1,K=1",-19650625.0,-163324000.0,1,Y|Y,1
Y,119,C,3,X,49,S,3,Y,170,K,1,R,1,Y,19,S,1,Y,1,C,1,X,23,R,1,K,1,"L1:[sp=Y,119] C=3,X=49,S=3,Y=170,K=1,R=1 || L2:[sp=Y,19] S=1,Y=1,C=1,X=23,R=1,K=1",-19650625.0,-163324000.0,1,Y|Y,1
X,119,R,2,X,76,S,3,C,1,K,1,Y,16,Y,16,C,1,R,1,Y,1,K,1,S,1,X,1,"L1:[sp=X,119] R=2,X=76,S=3,C=1,K=1,Y=16 || L2:[sp=Y,16] C=1,R=1,Y=1,K=1,S=1,X=1",-19845505.0,-163323000.0,1,X|Y,1
X,119,S,7,X,56,K,1,C,1,Y,49,R,7,Y,7,Y,1,R,1,K,1,S,4,C,1,X,27,"L1:[sp=X,119] S=7,X=56,K=1,C=1,Y=49,R=7 || L2:[sp=Y,7] Y=1,R=1,K=1,S=4,C=1,X=27",-20322241.0,-163323000.0,1,X|Y,1
Y,119,X,45,K,1,S,5,Y,197,C,3,R,1,Y,19,R,1,X,45,S,2,Y,1,C,3,K,1,"L1:[sp=Y,119] X=45,K=1,S=5,Y=197,C=3,R=1 || L2:[sp=Y,19] R=1,X=45,S=2,Y=1,C=3,K=1",-20702081.0,-163324000.0,1,Y|Y,1
Y,119,X,45,K,1,S,5,Y,197,C,3,R,1,Y,19,R,1,S,2,X,45,Y,1,C,3,K,1,"L1:[sp=Y,119] X=45,K=1,S=5,Y=197,C=3,R=1 || L2:[sp=Y,19] R=1,S=2,X=45,Y=1,C=3,K=1",-20702081.0,-163324000.0,1,Y|Y,1
C,119,Y,142,K,1,S,3,X,49,R,1,C,2,Y,19,C,1,Y,1,S,1,X,26,R,1,K,1,"L1:[sp=C,119] Y=142,K=1,S=3,X=49,R=1,C=2 || L2:[sp=Y,19] C=1,Y=1,S=1,X=26,R=1,K=1",-20805121.0,-163323000.0,1,C|Y,1
C,119,Y,84,R,1,S,3,X,49,K,1,C,2,Y,19,C,1,Y,1,S,1,X,26,R,1,K,1,"L1:[sp=C,119] Y=84,R=1,S=3,X=49,K=1,C=2 || L2:[sp=Y,19] C=1,Y=1,S=1,X=26,R=1,K=1",-20811841.0,-163323000.0,1,C|Y,1
C,119,Y,84,K,1,S,3,X,49,R,1,C,2,Y,19,C,1,Y,1,S,1,X,26,R,1,K,1,"L1:[sp=C,119] Y=84,K=1,S=3,X=49,R=1,C=2 || L2:[sp=Y,19] C=1,Y=1,S=1,X=26,R=1,K=1",-20811841.0,-163323000.0,1,C|Y,1
C,119,S,7,R,5,K,1,X,49,Y,82,C,2,Y,19,C,1,Y,1,S,4,X,3,R,1,K,1,"L1:[sp=C,119] S=7,R=5,K=1,X=49,Y=82,C=2 || L2:[sp=Y,19] C=1,Y=1,S=4,X=3,R=1,K=1",-20900225.0,-163323000.0,1,C|Y,1
Y,119,C,3,K,1,R,7,Y,197,X,45,S,6,Y,19,R,1,X,45,S,1,Y,1,C,3,K,1,"L1:[sp=Y,119] C=3,K=1,R=7,Y=197,X=45,S=6 || L2:[sp=Y,19] R=1,X=45,S=1,Y=1,C=3,K=1",-21215681.0,-163324000.0,1,Y|Y,1
C,119,Y,54,K,1,S,4,X,49,R,1,C,2,Y,19,C,1,Y,1,S,1,X,26,R,1,K,1,"L1:[sp=C,119] Y=54,K=1,S=4,X=49,R=1,C=2 || L2:[sp=Y,19] C=1,Y=1,S=1,X=26,R=1,K=1",-21221761.0,-163323000.0,1,C|Y,1
Y,119,C,3,S,3,X,56,Y,131,K,1,R,4,Y,19,Y,1,R,1,X,36,K,1,C,1,S,3,"L1:[sp=Y,119] C=3,S=3,X=56,Y=131,K=1,R=4 || L2:[sp=Y,19] Y=1,R=1,X=36,K=1,C=1,S=3",-21677569.0,-163324000.0,1,Y|Y,1
Y,119,X,56,S,6,C,1,Y,96,K,1,R,1,Y,19,Y,1,R,1,X,22,K,1,C,1,S,6,"L1:[sp=Y,119] X=56,S=6,C=1,Y=96,K=1,R=1 || L2:[sp=Y,19] Y=1,R=1,X=22,K=1,C=1,S=6",-21686785.0,-163323000.0,1,Y|Y,1
C,119,S,7,R,5,C,2,Y,82,X,49,K,1,Y,19,C,1,Y,1,S,1,X,3,R,1,K,1,"L1:[sp=C,119] S=7,R=5,C=2,Y=82,X=49,K=1 || L2:[sp=Y,19] C=1,Y=1,S=1,X=3,R=1,K=1",-21778305.0,-163323000.0,1,C|Y,1
Y,119,C,3,K,1,S,4,Y,197,X,45,R,7,Y,19,R,1,X,45,S,2,Y,1,C,3,K,1,"L1:[sp=Y,119] C=3,K=1,S=4,Y=197,X=45,R=7 || L2:[sp=Y,19] R=1,X=45,S=2,Y=1,C=3,K=1",-22472321.0,-163324000.0,1,Y|Y,1
Y,119,C,3,K,1,S,4,Y,197,X,45,R,1,Y,19,R,1,X,45,S,2,Y,1,C,3,K,1,"L1:[sp=Y,119] C=3,K=1,S=4,Y=197,X=45,R=1 || L2:[sp=Y,19] R=1,X=45,S=2,Y=1,C=3,K=1",-22476161.0,-163324000.0,1,Y|Y,1
X,119,S,7,R,7,C,1,X,56,Y,33,K,1,Y,7,Y,1,R,1,K,1,S,4,C,1,X,27,"L1:[sp=X,119] S=7,R=7,C=1,X=56,Y=33,K=1 || L2:[sp=Y,7] Y=1,R=1,K=1,S=4,C=1,X=27",-22580545.0,-163323000.0,1,X|Y,1
Y,119,R,1,X,69,S,3,Y,22,K,1,C,3,Y,19,C,1,K,1,Y,4,X,14,R,1,S,3,"L1:[sp=Y,119] R=1,X=69,S=3,Y=22,K=1,C=3 || L2:[sp=Y,19] C=1,K=1,Y=4,X=14,R=1,S=3",-22654465.0,-163324000.0,1,Y|Y,1
Y,119,S,1,Y,201,C,3,K,1,R,6,X,45,Y,19,Y,1,K,1,S,1,X,33,R,1,C,1,"L1:[sp=Y,119] S=1,Y=201,C=3,K=1,R=6,X=45 || L2:[sp=Y,19] Y=1,K=1,S=1,X=33,R=1,C=1",-23289281.0,-163324000.0,1,Y|Y,1
Y,119,S,1,Y,201,C,3,K,1,R,6,X,31,Y,19,Y,1,K,1,S,1,X,11,R,1,C,3,"L1:[sp=Y,119] S=1,Y=201,C=3,K=1,R=6,X=31 || L2:[sp=Y,19] Y=1,K=1,S=1,X=11,R=1,C=3",-23395457.0,-163323000.0,1,Y|Y,1
Y,119,S,1,R,6,C,3,K,1,Y,201,X,31,Y,19,Y,1,X,11,S,1,K,1,R,1,C,3,"L1:[sp=Y,119] S=1,R=6,C=3,K=1,Y=201,X=31 || L2:[sp=Y,19] Y=1,X=11,S=1,K=1,R=1,C=3",-23395457.0,-163323000.0,1,Y|Y,1
Y,119,S,1,K,1,C,3,R,6,Y,201,X,31,Y,19,Y,1,X,11,S,1,K,1,R,5,C,1,"L1:[sp=Y,119] S=1,K=1,C=3,R=6,Y=201,X=31 || L2:[sp=Y,19] Y=1,X=11,S=1,K=1,R=5,C=1",-23395457.0,-163324000.0,1,Y|Y,1
C,119,X,45,S,1,Y,201,C,2,K,1,R,3,Y,19,X,17,K,1,R,3,S,1,Y,1,C,2,"L1:[sp=C,119] X=45,S=1,Y=201,C=2,K=1,R=3 || L2:[sp=Y,19] X=17,K=1,R=3,S=1,Y=1,C=2",-23600641.0,-163324000.0,1,C|Y,1
Y,119,X,56,S,3,C,1,Y,200,K,1,R,4,Y,19,Y,1,R,1,X,4,K,1,C,1,S,1,"L1:[sp=Y,119] X=56,S=3,C=1,Y=200,K=1,R=4 || L2:[sp=Y,19] Y=1,R=1,X=4,K=1,C=1,S=1",-23806849.0,-163323000.0,1,Y|Y,1
C,119,X,45,K,1,S,5,Y,197,C,3,R,4,Y,19,R,1,X,45,S,2,Y,1,C,3,K,1,"L1:[sp=C,119] X=45,K=1,S=5,Y=197,C=3,R=4 || L2:[sp=Y,19] R=1,X=45,S=2,Y=1,C=3,K=1",-24463361.0,-163324000.0,1,C|Y,1
X,119,R,2,X,186,S,4,C,1,K,1,Y,16,Y,19,C,1,R,1,Y,1,K,1,S,1,X,1,"L1:[sp=X,119] R=2,X=186,S=4,C=1,K=1,Y=16 || L2:[sp=Y,19] C=1,R=1,Y=1,K=1,S=1,X=1",-24915073.0,-163323000.0,1,X|Y,1
Y,119,C,3,K,1,S,4,Y,174,X,45,R,1,Y,19,R,1,X,14,S,2,Y,1,C,3,K,1,"L1:[sp=Y,119] C=3,K=1,S=4,Y=174,X=45,R=1 || L2:[sp=Y,19] R=1,X=14,S=2,Y=1,C=3,K=1",-25271681.0,-163324000.0,1,Y|Y,1
C,119,X,165,S,4,C,2,Y,29,R,6,K,1,Y,19,Y,1,K,1,C,2,X,28,R,1,S,4,"L1:[sp=C,119] X=165,S=4,C=2,Y=29,R=6,K=1 || L2:[sp=Y,19] Y=1,K=1,C=2,X=28,R=1,S=4",-25350145.0,-163323000.0,1,C|Y,1
Y,119,S,4,Y,201,C,3,K,1,R,6,X,31,Y,19,Y,1,K,1,S,3,X,12,R,1,C,2,"L1:[sp=Y,119] S=4,Y=201,C=3,K=1,R=6,X=31 || L2:[sp=Y,19] Y=1,K=1,S=3,X=12,R=1,C=2",-25667073.0,-163323000.0,1,Y|Y,1
K,119,R,4,X,1,S,4,C,1,K,1,Y,16,X,7,C,1,R,1,Y,1,K,1,S,1,X,1,"L1:[sp=K,119] R=4,X=1,S=4,C=1,K=1,Y=16 || L2:[sp=X,7] C=1,R=1,Y=1,K=1,S=1,X=1",-25743628.0,-163323000.0,1,K|X,1
Y,119,S,4,Y,201,C,3,K,1,R,6,X,31,Y,19,Y,1,K,1,S,4,X,28,R,1,C,3,"L1:[sp=Y,119] S=4,Y=201,C=3,K=1,R=6,X=31 || L2:[sp=Y,19] Y=1,K=1,S=4,X=28,R=1,C=3",-26021889.0,-163324000.0,1,Y|Y,1
Y,119,S,4,Y,201,C,3,X,31,R,3,K,1,Y,19,Y,1,K,1,S,4,X,28,R,1,C,3,"L1:[sp=Y,119] S=4,Y=201,C=3,X=31,R=3,K=1 || L2:[sp=Y,19] Y=1,K=1,S=4,X=28,R=1,C=3",-26022913.0,-163324000.0,1,Y|Y,1
Y,119,S,7,Y,201,C,3,K,1,R,5,X,31,Y,19,Y,1,K,1,S,4,X,28,R,1,C,3,"L1:[sp=Y,119] S=7,Y=201,C=3,K=1,R=5,X=31 || L2:[sp=Y,19] Y=1,K=1,S=4,X=28,R=1,C=3",-26080001.0,-163324000.0,1,Y|Y,1
Y,119,S,7,Y,201,C,3,K,1,R,5,X,31,Y,19,Y,1,K,1,S,4,X,28,R,1,C,2,"L1:[sp=Y,119] S=7,Y=201,C=3,K=1,R=5,X=31 || L2:[sp=Y,19] Y=1,K=1,S=4,X=28,R=1,C=2",-26080001.0,-163324000.0,1,Y|Y,1
Y,119,S,7,Y,201,C,3,K,1,R,5,X,31,Y,19,C,3,K,1,S,4,X,28,R,1,Y,1,"L1:[sp=Y,119] S=7,Y=201,C=3,K=1,R=5,X=31 || L2:[sp=Y,19] C=3,K=1,S=4,X=28,R=1,Y=1",-26080001.0,-163324000.0,1,Y|Y,1
K,119,K,62,X,49,S,2,C,1,R,1,Y,16,Y,19,C,1,R,1,Y,1,K,1,S,1,X,44,"L1:[sp=K,119] K=62,X=49,S=2,C=1,R=1,Y=16 || L2:[sp=Y,19] C=1,R=1,Y=1,K=1,S=1,X=44",-26290657.0,-163324000.0,1,K|Y,1
Y,119,S,4,Y,201,C,3,K,1,R,4,X,45,Y,19,Y,1,K,1,S,4,X,9,R,1,C,2,"L1:[sp=Y,119] S=4,Y=201,C=3,K=1,R=4,X=45 || L2:[sp=Y,19] Y=1,K=1,S=4,X=9,R=1,C=2",-26612481.0,-163324000.0,1,Y|Y,1
C,119,R,2,X,49,S,3,Y,141,K,1,C,3,Y,19,C,1,Y,1,S,1,X,36,R,1,K,1,"L1:[sp=C,119] R=2,X=49,S=3,Y=141,K=1,C=3 || L2:[sp=Y,19] C=1,Y=1,S=1,X=36,R=1,K=1",-26792257.0,-163323000.0,1,C|Y,1
Y,119,C,1,R,3,S,1,K,1,Y,174,X,67,Y,19,Y,1,X,9,S,1,K,1,R,3,C,1,"L1:[sp=Y,119] C=1,R=3,S=1,K=1,Y=174,X=67 || L2:[sp=Y,19] Y=1,X=9,S=1,K=1,R=3,C=1",-26990209.0,-163323000.0,1,Y|Y,1
Y,119,S,1,R,3,X,45,Y,43,K,1,C,3,Y,6,Y,1,R,3,S,1,C,2,K,1,X,11,"L1:[sp=Y,119] S=1,R=3,X=45,Y=43,K=1,C=3 || L2:[sp=Y,6] Y=1,R=3,S=1,C=2,K=1,X=11",-27101761.0,-163324000.0,1,Y|Y,1
C,119,S,1,R,6,C,3,K,1,Y,201,X,31,Y,19,Y,1,X,11,S,1,R,1,K,1,C,3,"L1:[sp=C,119] S=1,R=6,C=3,K=1,Y=201,X=31 || L2:[sp=Y,19] Y=1,X=11,S=1,R=1,K=1,C=3",-27655041.0,-163323000.0,1,C|Y,1
C,119,S,1,R,6,K,1,C,3,X,31,Y,165,Y,19,Y,1,X,11,S,1,R,1,K,1,C,1,"L1:[sp=C,119] S=1,R=6,K=1,C=3,X=31,Y=165 || L2:[sp=Y,19] Y=1,X=11,S=1,R=1,K=1,C=1",-27655041.0,-163323000.0,1,C|Y,1
C,119,S,1,R,6,C,3,K,1,Y,201,X,31,Y,19,K,1,X,11,S,1,R,1,Y,1,C,3,"L1:[sp=C,119] S=1,R=6,C=3,K=1,Y=201,X=31 || L2:[sp=Y,19] K=1,X=11,S=1,R=1,Y=1,C=3",-27655041.0,-163323000.0,1,C|Y,1
K,119,R,1,X,49,S,5,Y,16,K,59,C,3,Y,19,C,3,R,1,Y,1,S,2,K,1,X,37,"L1:[sp=K,119] R=1,X=49,S=5,Y=16,K=59,C=3 || L2:[sp=Y,19] C=3,R=1,Y=1,S=2,K=1,X=37",-27685197.0,-163324000.0,1,K|Y,1
X,119,R,1,K,1,S,3,C,2,X,164,Y,16,Y,19,C,2,R,1,Y,1,K,1,S,1,X,37,"L1:[sp=X,119] R=1,K=1,S=3,C=2,X=164,Y=16 || L2:[sp=Y,19] C=2,R=1,Y=1,K=1,S=1,X=37",-29189889.0,-163323000.0,1,X|Y,1
C,119,X,205,S,6,Y,21,C,2,K,1,R,1,Y,19,X,11,K,1,R,1,S,1,Y,1,C,1,"L1:[sp=C,119] X=205,S=6,Y=21,C=2,K=1,R=1 || L2:[sp=Y,19] X=11,K=1,R=1,S=1,Y=1,C=1",-29259777.0,-163323000.0,1,C|Y,1
C,119,S,1,Y,67,C,3,K,1,R,6,X,31,Y,19,Y,1,K,1,S,1,X,11,R,1,C,2,"L1:[sp=C,119] S=1,Y=67,C=3,K=1,R=6,X=31 || L2:[sp=Y,19] Y=1,K=1,S=1,X=11,R=1,C=2",-29795585.0,-163323000.0,1,C|Y,1
C,119,Y,84,K,1,S,1,X,49,R,1,C,3,Y,19,C,1,Y,1,S,1,X,26,R,1,K,1,"L1:[sp=C,119] Y=84,K=1,S=1,X=49,R=1,C=3 || L2:[sp=Y,19] C=1,Y=1,S=1,X=26,R=1,K=1",-30011521.0,-163323000.0,1,C|Y,1
C,119,R,2,X,120,S,7,Y,67,K,1,C,3,Y,19,K,1,X,3,C,1,Y,1,R,1,S,1,"L1:[sp=C,119] R=2,X=120,S=7,Y=67,K=1,C=3 || L2:[sp=Y,19] K=1,X=3,C=1,Y=1,R=1,S=1",-30427521.0,-163323000.0,1,C|Y,1
C,119,S,4,Y,67,C,3,K,1,R,6,X,45,Y,19,Y,1,K,1,S,3,X,9,R,1,C,1,"L1:[sp=C,119] S=4,Y=67,C=3,K=1,R=6,X=45 || L2:[sp=Y,19] Y=1,K=1,S=3,X=9,R=1,C=1",-30430593.0,-163323000.0,1,C|Y,1
C,119,S,5,Y,49,C,3,X,45,R,6,K,1,Y,19,R,1,K,1,S,3,X,9,Y,1,C,1,"L1:[sp=C,119] S=5,Y=49,C=3,X=45,R=6,K=1 || L2:[sp=Y,19] R=1,K=1,S=3,X=9,Y=1,C=1",-30431873.0,-163323000.0,1,C|Y,1
C,119,S,5,Y,49,C,3,K,1,R,6,X,45,Y,19,Y,1,R,5,S,3,X,9,K,1,C,2,"L1:[sp=C,119] S=5,Y=49,C=3,K=1,R=6,X=45 || L2:[sp=Y,19] Y=1,R=5,S=3,X=9,K=1,C=2",-30431873.0,-163324000.0,1,C|Y,1
C,119,S,4,Y,67,C,3,K,1,R,4,X,45,Y,19,Y,1,K,1,S,3,X,42,R,1,C,1,"L1:[sp=C,119] S=4,Y=67,C=3,K=1,R=4,X=45 || L2:[sp=Y,19] Y=1,K=1,S=3,X=42,R=1,C=1",-30825729.0,-163323000.0,1,C|Y,1
C,119,S,4,C,3,Y,67,K,1,R,4,X,45,Y,19,Y,1,K,1,S,3,X,42,R,1,C,1,"L1:[sp=C,119] S=4,C=3,Y=67,K=1,R=4,X=45 || L2:[sp=Y,19] Y=1,K=1,S=3,X=42,R=1,C=1",-30825729.0,-163323000.0,1,C|Y,1
C,119,X,45,Y,67,R,4,C,3,S,3,K,1,Y,19,R,1,X,28,S,2,Y,1,C,3,K,1,"L1:[sp=C,119] X=45,Y=67,R=4,C=3,S=3,K=1 || L2:[sp=Y,19] R=1,X=28,S=2,Y=1,C=3,K=1",-30960001.0,-163323000.0,1,C|Y,1
C,119,K,1,X,45,S,3,C,3,R,1,Y,67,Y,19,K,1,Y,1,S,2,X,28,R,1,C,1,"L1:[sp=C,119] K=1,X=45,S=3,C=3,R=1,Y=67 || L2:[sp=Y,19] K=1,Y=1,S=2,X=28,R=1,C=1",-30979201.0,-163323000.0,1,C|Y,1
Y,119,S,3,X,49,Y,16,C,3,R,1,K,1,K,4,C,2,R,1,S,1,K,1,X,49,Y,1,"L1:[sp=Y,119] S=3,X=49,Y=16,C=3,R=1,K=1 || L2:[sp=K,4] C=2,R=1,S=1,K=1,X=49,Y=1",-31015489.0,-163324000.0,1,Y|K,1
C,119,S,4,X,45,C,3,K,1,R,7,Y,67,Y,19,Y,1,K,1,S,1,X,28,R,1,C,1,"L1:[sp=C,119] S=4,X=45,C=3,K=1,R=7,Y=67 || L2:[sp=Y,19] Y=1,K=1,S=1,X=28,R=1,C=1",-31613441.0,-163323000.0,1,C|Y,1
X,119,S,7,K,1,X,188,Y,49,C,1,R,1,X,56,Y,1,C,1,X,15,K,1,R,1,S,2,"L1:[sp=X,119] S=7,K=1,X=188,Y=49,C=1,R=1 || L2:[sp=X,56] Y=1,C=1,X=15,K=1,R=1,S=2",-31617601.0,-163323000.0,1,X|X,1
C,119,K,1,X,96,Y,100,C,3,R,6,S,5,Y,19,Y,1,K,1,S,3,X,28,R,1,C,1,"L1:[sp=C,119] K=1,X=96,Y=100,C=3,R=6,S=5 || L2:[sp=Y,19] Y=1,K=1,S=3,X=28,R=1,C=1",-31744897.0,-163324000.0,1,C|Y,1
Y,119,R,1,X,49,S,2,C,1,K,1,Y,16,K,4,C,1,R,1,Y,1,K,1,S,1,X,37,"L1:[sp=Y,119] R=1,X=49,S=2,C=1,K=1,Y=16 || L2:[sp=K,4] C=1,R=1,Y=1,K=1,S=1,X=37",-32089345.0,-163323000.0,1,Y|K,1
C,119,K,1,X,45,C,3,S,5,R,6,Y,67,Y,19,Y,1,K,1,S,1,X,28,R,1,C,1,"L1:[sp=C,119] K=1,X=45,C=3,S=5,R=6,Y=67 || L2:[sp=Y,19] Y=1,K=1,S=1,X=28,R=1,C=1",-32274561.0,-163323000.0,1,C|Y,1
C,119,S,5,Y,67,C,3,K,1,R,4,X,45,Y,19,Y,1,K,1,S,1,X,42,R,1,C,3,"L1:[sp=C,119] S=5,Y=67,C=3,K=1,R=4,X=45 || L2:[sp=Y,19] Y=1,K=1,S=1,X=42,R=1,C=3",-32274561.0,-163323000.0,1,C|Y,1
C,119,K,1,R,6,C,3,S,4,X,96,Y,67,Y,19,Y,1,K,1,S,4,X,17,R,1,C,1,"L1:[sp=C,119] K=1,R=6,C=3,S=4,X=96,Y=67 || L2:[sp=Y,19] Y=1,K=1,S=4,X=17,R=1,C=1",-33119233.0,-163323000.0,1,C|Y,1
C,119,S,4,Y,67,C,3,K,1,R,6,X,45,Y,19,Y,1,K,1,S,4,X,9,R,1,C,1,"L1:[sp=C,119] S=4,Y=67,C=3,K=1,R=6,X=45 || L2:[sp=Y,19] Y=1,K=1,S=4,X=9,R=1,C=1",-33873921.0,-163323000.0,1,C|Y,1
C,119,S,4,Y,45,C,3,K,1,R,6,X,45,Y,19,Y,1,K,1,S,1,X,28,R,1,C,1,"L1:[sp=C,119] S=4,Y=45,C=3,K=1,R=6,X=45 || L2:[sp=Y,19] Y=1,K=1,S=1,X=28,R=1,C=1",-33875201.0,-163323000.0,1,C|Y,1
Y,119,S,2,X,49,R,1,C,1,K,1,Y,16,K,4,C,1,R,1,Y,1,K,1,S,1,X,21,"L1:[sp=Y,119] S=2,X=49,R=1,C=1,K=1,Y=16 || L2:[sp=K,4] C=1,R=1,Y=1,K=1,S=1,X=21",-34497793.0,-163323000.0,1,Y|K,1
C,119,S,4,Y,45,C,3,K,1,R,6,X,165,Y,19,Y,1,K,1,S,1,X,28,R,1,C,1,"L1:[sp=C,119] S=4,Y=45,C=3,K=1,R=6,X=165 || L2:[sp=Y,19] Y=1,K=1,S=1,X=28,R=1,C=1",-35564801.0,-163323000.0,1,C|Y,1
C,119,S,4,Y,45,C,3,K,1,R,6,X,165,Y,19,Y,1,K,1,S,4,X,28,R,1,C,1,"L1:[sp=C,119] S=4,Y=45,C=3,K=1,R=6,X=165 || L2:[sp=Y,19] Y=1,K=1,S=4,X=28,R=1,C=1",-35645441.0,-163324000.0,1,C|Y,1
C,119,S,4,K,1,C,3,Y,45,R,1,X,165,Y,19,Y,1,K,1,S,4,X,28,R,1,C,1,"L1:[sp=C,119] S=4,K=1,C=3,Y=45,R=1,X=165 || L2:[sp=Y,19] Y=1,K=1,S=4,X=28,R=1,C=1",-35651841.0,-163323000.0,1,C|Y,1
Y,119,R,1,X,49,S,3,C,1,K,1,Y,16,K,4,C,1,R,1,Y,1,K,1,S,2,X,18,"L1:[sp=Y,119] R=1,X=49,S=3,C=1,K=1,Y=16 || L2:[sp=K,4] C=1,R=1,Y=1,K=1,S=2,X=18",-35695297.0,-163323000.0,1,Y|K,1
C,119,S,6,R,6,Y,201,K,1,C,3,X,31,Y,19,K,1,X,5,S,1,R,2,Y,1,C,3,"L1:[sp=C,119] S=6,R=6,Y=201,K=1,C=3,X=31 || L2:[sp=Y,19] K=1,X=5,S=1,R=2,Y=1,C=3",-36066305.0,-163323000.0,1,C|Y,1
C,119,R,1,X,19,S,7,Y,67,K,1,C,3,Y,19,K,1,X,3,S,2,Y,1,R,1,C,3,"L1:[sp=C,119] R=1,X=19,S=7,Y=67,K=1,C=3 || L2:[sp=Y,19] K=1,X=3,S=2,Y=1,R=1,C=3",-36900865.0,-163323000.0,1,C|Y,1
C,119,S,6,R,6,K,1,C,3,X,31,Y,141,Y,19,C,3,X,24,S,1,R,2,K,1,Y,1,"L1:[sp=C,119] S=6,R=6,K=1,C=3,X=31,Y=141 || L2:[sp=Y,19] C=3,X=24,S=1,R=2,K=1,Y=1",-36904961.0,-163324000.0,1,C|Y,1
Y,119,Y,96,S,3,C,1,K,1,R,7,X,56,Y,6,Y,1,R,1,X,36,S,1,C,1,K,1,"L1:[sp=Y,119] Y=96,S=3,C=1,K=1,R=7,X=56 || L2:[sp=Y,6] Y=1,R=1,X=36,S=1,C=1,K=1",-37107457.0,-163323000.0,1,Y|Y,1
C,119,S,1,Y,66,X,45,K,1,R,3,C,3,Y,19,Y,1,R,3,S,1,X,9,K,1,C,2,"L1:[sp=C,119] S=1,Y=66,X=45,K=1,R=3,C=3 || L2:[sp=Y,19] Y=1,R=3,S=1,X=9,K=1,C=2",-38129281.0,-163323000.0,1,C|Y,1
C,119,S,1,Y,66,X,45,K,1,R,3,C,3,Y,19,Y,1,R,3,S,1,C,2,K,1,X,9,"L1:[sp=C,119] S=1,Y=66,X=45,K=1,R=3,C=3 || L2:[sp=Y,19] Y=1,R=3,S=1,C=2,K=1,X=9",-38129281.0,-163323000.0,1,C|Y,1
C,119,R,1,X,49,S,3,Y,53,K,14,C,3,Y,19,C,2,Y,1,S,3,X,49,R,1,K,1,"L1:[sp=C,119] R=1,X=49,S=3,Y=53,K=14,C=3 || L2:[sp=Y,19] C=2,Y=1,S=3,X=49,R=1,K=1",-38528386.0,-163324000.0,1,C|Y,1
X,119,R,1,X,69,S,7,Y,22,K,1,C,3,Y,69,C,1,K,1,Y,4,X,14,R,1,S,1,"L1:[sp=X,119] R=1,X=69,S=7,Y=22,K=1,C=3 || L2:[sp=Y,69] C=1,K=1,Y=4,X=14,R=1,S=1",-38921345.0,-163323000.0,1,X|Y,1
K,119,K,1,S,7,C,1,Y,49,X,188,R,1,X,56,Y,1,R,1,X,27,K,1,C,1,S,1,"L1:[sp=K,119] K=1,S=7,C=1,Y=49,X=188,R=1 || L2:[sp=X,56] Y=1,R=1,X=27,K=1,C=1,S=1",-39123085.0,-163324000.0,1,K|X,1
K,119,K,1,S,7,X,188,Y,49,C,1,R,1,X,56,Y,1,R,1,X,27,K,1,C,1,S,1,"L1:[sp=K,119] K=1,S=7,X=188,Y=49,C=1,R=1 || L2:[sp=X,56] Y=1,R=1,X=27,K=1,C=1,S=1",-39123085.0,-163324000.0,1,K|X,1
K,119,K,1,S,7,R,1,Y,49,C,1,X,188,X,56,Y,1,R,1,X,27,K,1,C,1,S,1,"L1:[sp=K,119] K=1,S=7,R=1,Y=49,C=1,X=188 || L2:[sp=X,56] Y=1,R=1,X=27,K=1,C=1,S=1",-39123085.0,-163324000.0,1,K|X,1
C,119,K,1,X,120,S,5,C,3,R,6,Y,67,Y,19,Y,1,K,1,S,5,X,28,R,1,C,1,"L1:[sp=C,119] K=1,X=120,S=5,C=3,R=6,Y=67 || L2:[sp=Y,19] Y=1,K=1,S=5,X=28,R=1,C=1",-39891969.0,-163324000.0,1,C|Y,1
C,119,K,1,X,96,S,5,C,3,R,6,Y,67,Y,19,Y,1,K,1,S,5,X,28,R,1,C,1,"L1:[sp=C,119] K=1,X=96,S=5,C=3,R=6,Y=67 || L2:[sp=Y,19] Y=1,K=1,S=5,X=28,R=1,C=1",-41398273.0,-163323000.0,1,C|Y,1
C,119,X,45,Y,67,R,4,C,3,S,5,K,1,Y,19,R,1,X,28,S,5,Y,1,C,3,K,1,"L1:[sp=C,119] X=45,Y=67,R=4,C=3,S=5,K=1 || L2:[sp=Y,19] R=1,X=28,S=5,Y=1,C=3,K=1",-42341121.0,-163323000.0,1,C|Y,1
C,119,K,1,X,45,S,5,C,3,R,6,Y,67,Y,19,Y,1,K,1,S,5,X,28,R,1,C,1,"L1:[sp=C,119] K=1,X=45,S=5,C=3,R=6,Y=67 || L2:[sp=Y,19] Y=1,K=1,S=5,X=28,R=1,C=1",-42341121.0,-163323000.0,1,C|Y,1
C,119,Y,67,X,45,R,6,C,3,S,5,K,1,Y,19,R,1,X,28,S,5,Y,1,C,1,K,1,"L1:[sp=C,119] Y=67,X=45,R=6,C=3,S=5,K=1 || L2:[sp=Y,19] R=1,X=28,S=5,Y=1,C=1,K=1",-42341121.0,-163323000.0,1,C|Y,1
C,119,K,1,X,45,C,3,S,5,R,1,Y,67,Y,19,Y,1,K,1,S,5,X,28,R,1,C,1,"L1:[sp=C,119] K=1,X=45,C=3,S=5,R=1,Y=67 || L2:[sp=Y,19] Y=1,K=1,S=5,X=28,R=1,C=1",-42353921.0,-163323000.0,1,C|Y,1
C,119,X,188,S,2,Y,21,C,3,K,1,R,7,Y,19,X,11,K,1,R,1,S,1,Y,1,C,2,"L1:[sp=C,119] X=188,S=2,Y=21,C=3,K=1,R=7 || L2:[sp=Y,19] X=11,K=1,R=1,S=1,Y=1,C=2",-44260865.0,-163323000.0,1,C|Y,1
C,119,S,5,X,96,R,6,C,3,Y,67,K,1,Y,19,R,2,X,28,S,5,Y,1,C,1,K,1,"L1:[sp=C,119] S=5,X=96,R=6,C=3,Y=67,K=1 || L2:[sp=Y,19] R=2,X=28,S=5,Y=1,C=1,K=1",-47311873.0,-163324000.0,1,C|Y,1
C,119,R,2,X,103,S,2,C,1,K,1,Y,16,Y,4,C,1,R,1,Y,1,K,1,S,1,X,3,"L1:[sp=C,119] R=2,X=103,S=2,C=1,K=1,Y=16 || L2:[sp=Y,4] C=1,R=1,Y=1,K=1,S=1,X=3",-48945793.0,-163323000.0,1,C|Y,1
X,119,C,1,X,152,S,7,K,1,Y,96,R,2,Y,7,Y,1,R,1,K,1,S,3,C,1,X,36,"L1:[sp=X,119] C=1,X=152,S=7,K=1,Y=96,R=2 || L2:[sp=Y,7] Y=1,R=1,K=1,S=3,C=1,X=36",-49055617.0,-163324000.0,1,X|Y,1
Y,119,K,1,X,45,C,3,S,1,R,4,Y,67,C,19,Y,1,C,1,S,1,X,28,R,1,K,1,"L1:[sp=Y,119] K=1,X=45,C=3,S=1,R=4,Y=67 || L2:[sp=C,19] Y=1,C=1,S=1,X=28,R=1,K=1",-49396481.0,-163324000.0,1,Y|C,1
Y,119,K,1,S,7,C,1,X,56,Y,49,R,1,X,7,Y,1,R,1,K,1,X,27,C,1,S,1,"L1:[sp=Y,119] K=1,S=7,C=1,X=56,Y=49,R=1 || L2:[sp=X,7] Y=1,R=1,K=1,X=27,C=1,S=1",-49792513.0,-163323000.0,1,Y|X,1
Y,119,C,3,X,49,S,3,Y,84,K,1,R,1,X,49,C,1,Y,1,S,1,X,14,R,1,K,1,"L1:[sp=Y,119] C=3,X=49,S=3,Y=84,K=1,R=1 || L2:[sp=X,49] C=1,Y=1,S=1,X=14,R=1,K=1",-55325761.0,-163324000.0,1,Y|X,1
Y,119,Y,67,K,1,R,6,X,31,C,3,S,1,X,19,Y,1,X,11,S,1,K,1,R,5,C,2,"L1:[sp=Y,119] Y=67,K=1,R=6,X=31,C=3,S=1 || L2:[sp=X,19] Y=1,X=11,S=1,K=1,R=5,C=2",-56304641.0,-163324000.0,1,Y|X,1
Y,119,X,31,R,6,K,1,Y,67,C,3,S,1,X,31,Y,1,X,11,S,1,K,1,R,5,C,2,"L1:[sp=Y,119] X=31,R=6,K=1,Y=67,C=3,S=1 || L2:[sp=X,31] Y=1,X=11,S=1,K=1,R=5,C=2",-56304641.0,-163324000.0,1,Y|X,1
K,119,Y,16,R,2,S,3,X,103,K,1,C,1,Y,19,C,1,R,1,Y,12,K,1,S,3,X,3,"L1:[sp=K,119] Y=16,R=2,S=3,X=103,K=1,C=1 || L2:[sp=Y,19] C=1,R=1,Y=12,K=1,S=3,X=3",-56403649.0,-163323000.0,1,K|Y,1
X,119,K,1,S,7,X,217,Y,49,C,1,R,1,X,56,Y,1,R,1,X,27,K,1,C,1,S,1,"L1:[sp=X,119] K=1,S=7,X=217,Y=49,C=1,R=1 || L2:[sp=X,56] Y=1,R=1,X=27,K=1,C=1,S=1",-56906305.0,-163323000.0,1,X|X,1
X,119,K,1,S,7,X,217,Y,21,R,1,C,1,X,14,Y,1,R,1,X,27,K,1,C,1,S,1,"L1:[sp=X,119] K=1,S=7,X=217,Y=21,R=1,C=1 || L2:[sp=X,14] Y=1,R=1,X=27,K=1,C=1,S=1",-56914369.0,-163323000.0,1,X|X,1
X,119,K,1,R,1,X,94,S,3,Y,21,C,2,X,56,K,1,R,1,X,27,Y,1,C,1,S,1,"L1:[sp=X,119] K=1,R=1,X=94,S=3,Y=21,C=2 || L2:[sp=X,56] K=1,R=1,X=27,Y=1,C=1,S=1",-56929153.0,-163323000.0,1,X|X,1
C,119,S,1,R,3,K,1,C,3,X,45,Y,21,Y,19,Y,1,X,6,S,1,R,3,K,1,C,2,"L1:[sp=C,119] S=1,R=3,K=1,C=3,X=45,Y=21 || L2:[sp=Y,19] Y=1,X=6,S=1,R=3,K=1,C=2",-57227521.0,-163323000.0,1,C|Y,1
C,119,S,1,X,45,K,1,C,3,R,3,Y,21,Y,19,Y,1,X,6,S,1,R,3,K,1,C,2,"L1:[sp=C,119] S=1,X=45,K=1,C=3,R=3,Y=21 || L2:[sp=Y,19] Y=1,X=6,S=1,R=3,K=1,C=2",-57227521.0,-163323000.0,1,C|Y,1
Y,119,K,1,S,7,C,1,Y,49,X,100,R,1,X,56,Y,1,R,1,X,27,K,1,C,1,S,1,"L1:[sp=Y,119] K=1,S=7,C=1,Y=49,X=100,R=1 || L2:[sp=X,56] Y=1,R=1,X=27,K=1,C=1,S=1",-58685761.0,-163323000.0,1,Y|X,1
K,119,R,2,Y,1,S,1,C,1,K,1,X,143,Y,19,R,1,S,1,Y,1,K,1,C,1,X,1,"L1:[sp=K,119] R=2,Y=1,S=1,C=1,K=1,X=143 || L2:[sp=Y,19] R=1,S=1,Y=1,K=1,C=1,X=1",-59043265.0,-163323000.0,1,K|Y,1
X,119,K,1,R,6,X,217,S,7,Y,98,C,1,X,56,K,1,R,1,X,27,Y,1,C,1,S,1,"L1:[sp=X,119] K=1,R=6,X=217,S=7,Y=98,C=1 || L2:[sp=X,56] K=1,R=1,X=27,Y=1,C=1,S=1",-59440897.0,-163324000.0,1,X|X,1
X,119,S,7,K,1,X,217,R,6,C,1,Y,90,X,56,Y,1,C,1,X,27,K,1,R,1,S,1,"L1:[sp=X,119] S=7,K=1,X=217,R=6,C=1,Y=90 || L2:[sp=X,56] Y=1,C=1,X=27,K=1,R=1,S=1",-59440897.0,-163324000.0,1,X|X,1
X,119,S,7,K,1,X,217,R,6,C,1,Y,90,X,56,Y,1,C,1,X,27,K,1,R,1,S,2,"L1:[sp=X,119] S=7,K=1,X=217,R=6,C=1,Y=90 || L2:[sp=X,56] Y=1,C=1,X=27,K=1,R=1,S=2",-59440897.0,-163324000.0,1,X|X,1
X,119,K,1,R,6,X,217,Y,49,C,1,S,7,X,56,Y,1,R,1,X,27,K,1,C,1,S,2,"L1:[sp=X,119] K=1,R=6,X=217,Y=49,C=1,S=7 || L2:[sp=X,56] Y=1,R=1,X=27,K=1,C=1,S=2",-61981825.0,-163323000.0,1,X|X,1
X,119,K,1,R,6,X,217,Y,49,S,7,C,1,X,56,Y,1,R,1,X,27,K,1,C,1,S,4,"L1:[sp=X,119] K=1,R=6,X=217,Y=49,S=7,C=1 || L2:[sp=X,56] Y=1,R=1,X=27,K=1,C=1,S=4",-61981825.0,-163323000.0,1,X|X,1
X,119,S,7,K,1,X,217,R,6,C,1,Y,45,X,56,Y,1,C,1,X,27,K,1,R,1,S,1,"L1:[sp=X,119] S=7,K=1,X=217,R=6,C=1,Y=45 || L2:[sp=X,56] Y=1,C=1,X=27,K=1,R=1,S=1",-61981825.0,-163323000.0,1,X|X,1
Y,119,X,49,R,1,S,2,Y,16,K,1,C,2,K,19,C,1,R,1,Y,1,K,1,S,1,X,44,"L1:[sp=Y,119] X=49,R=1,S=2,Y=16,K=1,C=2 || L2:[sp=K,19] C=1,R=1,Y=1,K=1,S=1,X=44",-62053377.0,-163323000.0,1,Y|K,1
K,119,K,1,Y,189,C,1,S,3,R,4,X,22,C,19,K,1,R,1,Y,1,S,1,C,1,X,22,"L1:[sp=K,119] K=1,Y=189,C=1,S=3,R=4,X=22 || L2:[sp=C,19] K=1,R=1,Y=1,S=1,C=1,X=22",-64605553.0,-163324000.0,1,K|C,1
Y,119,S,3,X,101,R,1,C,2,Y,16,K,1,K,19,C,1,R,1,Y,1,K,1,X,47,S,1,"L1:[sp=Y,119] S=3,X=101,R=1,C=2,Y=16,K=1 || L2:[sp=K,19] C=1,R=1,Y=1,K=1,X=47,S=1",-64743169.0,-163324000.0,1,Y|K,1
K,119,R,2,Y,16,S,4,C,1,K,1,X,49,K,19,R,1,S,1,Y,1,K,1,C,1,X,1,"L1:[sp=K,119] R=2,Y=16,S=4,C=1,K=1,X=49 || L2:[sp=K,19] R=1,S=1,Y=1,K=1,C=1,X=1",-65789473.0,-163323000.0,1,K|K,1
Y,119,R,1,X,101,S,3,Y,16,K,1,C,2,K,16,C,1,R,1,Y,1,S,2,K,1,X,3,"L1:[sp=Y,119] R=1,X=101,S=3,Y=16,K=1,C=2 || L2:[sp=K,16] C=1,R=1,Y=1,S=2,K=1,X=3",-67753729.0,-163324000.0,1,Y|K,1
Y,119,X,101,R,1,S,3,C,2,K,1,Y,16,K,19,C,1,R,1,Y,1,K,1,S,1,X,3,"L1:[sp=Y,119] X=101,R=1,S=3,C=2,K=1,Y=16 || L2:[sp=K,19] C=1,R=1,Y=1,K=1,S=1,X=3",-68656897.0,-163323000.0,1,Y|K,1
Y,119,R,1,X,49,S,3,C,3,K,1,Y,16,K,19,C,1,R,1,Y,1,K,1,S,1,X,12,"L1:[sp=Y,119] R=1,X=49,S=3,C=3,K=1,Y=16 || L2:[sp=K,19] C=1,R=1,Y=1,K=1,S=1,X=12",-69557377.0,-163323000.0,1,Y|K,1
X,119,K,1,R,6,X,94,Y,21,S,7,C,2,X,56,Y,1,R,1,X,27,K,1,C,1,S,1,"L1:[sp=X,119] K=1,R=6,X=94,Y=21,S=7,C=2 || L2:[sp=X,56] Y=1,R=1,X=27,K=1,C=1,S=1",-69603201.0,-163323000.0,1,X|X,1
X,119,K,1,R,6,X,217,Y,49,S,6,C,1,X,56,Y,1,R,1,X,27,K,1,C,1,S,4,"L1:[sp=X,119] K=1,R=6,X=217,Y=49,S=6,C=1 || L2:[sp=X,56] Y=1,R=1,X=27,K=1,C=1,S=4",-70838017.0,-163323000.0,1,X|X,1
Y,119,R,1,X,49,S,4,C,1,K,1,Y,16,K,19,C,1,R,1,Y,1,K,1,S,1,X,1,"L1:[sp=Y,119] R=1,X=49,S=4,C=1,K=1,Y=16 || L2:[sp=K,19] C=1,R=1,Y=1,K=1,S=1,X=1",-71076097.0,-163323000.0,1,Y|K,1
K,119,R,1,X,49,S,2,C,3,K,64,Y,16,X,7,C,1,R,1,Y,1,K,1,S,1,X,6,"L1:[sp=K,119] R=1,X=49,S=2,C=3,K=64,Y=16 || L2:[sp=X,7] C=1,R=1,Y=1,K=1,S=1,X=6",-71653289.0,-163324000.0,1,K|X,1
Y,119,R,2,X,49,S,1,C,3,K,1,Y,37,K,19,C,1,R,1,Y,1,K,1,S,1,X,44,"L1:[sp=Y,119] R=2,X=49,S=1,C=3,K=1,Y=37 || L2:[sp=K,19] C=1,R=1,Y=1,K=1,S=1,X=44",-71867265.0,-163324000.0,1,Y|K,1
Y,119,R,2,X,103,Y,16,C,1,K,1,S,5,K,19,X,3,R,1,Y,1,K,1,S,1,C,1,"L1:[sp=Y,119] R=2,X=103,Y=16,C=1,K=1,S=5 || L2:[sp=K,19] X=3,R=1,Y=1,K=1,S=1,C=1",-74219521.0,-163323000.0,1,Y|K,1
Y,119,X,31,R,6,K,1,Y,67,C,3,S,1,X,31,Y,1,X,11,S,1,K,1,R,3,C,2,"L1:[sp=Y,119] X=31,R=6,K=1,Y=67,C=3,S=1 || L2:[sp=X,31] Y=1,X=11,S=1,K=1,R=3,C=2",-74518529.0,-163324000.0,1,Y|X,1
X,119,K,1,R,2,X,56,Y,49,C,2,S,7,X,2,Y,1,R,1,X,27,K,1,C,1,S,1,"L1:[sp=X,119] K=1,R=2,X=56,Y=49,C=2,S=7 || L2:[sp=X,2] Y=1,R=1,X=27,K=1,C=1,S=1",-75078401.0,-163324000.0,1,X|X,1
X,119,K,1,S,7,X,217,Y,49,C,1,R,6,Y,7,Y,1,R,1,X,27,K,1,C,1,S,2,"L1:[sp=X,119] K=1,S=7,X=217,Y=49,C=1,R=6 || L2:[sp=Y,7] Y=1,R=1,X=27,K=1,C=1,S=2",-75529345.0,-163323000.0,1,X|Y,1
Y,119,S,1,R,7,K,1,C,3,X,31,Y,21,C,19,Y,1,X,11,S,1,R,1,K,1,C,2,"L1:[sp=Y,119] S=1,R=7,K=1,C=3,X=31,Y=21 || L2:[sp=C,19] Y=1,X=11,S=1,R=1,K=1,C=2",-76550657.0,-163323000.0,1,Y|C,1
C,119,R,1,X,49,S,3,C,2,K,1,Y,16,Y,4,C,1,R,1,Y,1,K,1,S,1,X,37,"L1:[sp=C,119] R=1,X=49,S=3,C=2,K=1,Y=16 || L2:[sp=Y,4] C=1,R=1,Y=1,K=1,S=1,X=37",-76662657.0,-163323000.0,1,C|Y,1
X,142,S,1,X,76,C,3,K,54,Y,4,R,2,Y,76,K,1,R,1,Y,1,C,1,S,1,X,1,"L1:[sp=X,142] S=1,X=76,C=3,K=54,Y=4,R=2 || L2:[sp=Y,76] K=1,R=1,Y=1,C=1,S=1,X=1",-77979777.0,-163323000.0,1,X|Y,1
Y,119,S,1,R,3,X,45,K,1,Y,174,C,3,Y,6,Y,1,R,3,S,1,C,2,K,1,X,9,"L1:[sp=Y,119] S=1,R=3,X=45,K=1,Y=174,C=3 || L2:[sp=Y,6] Y=1,R=3,S=1,C=2,K=1,X=9",-78933121.0,-163324000.0,1,Y|Y,1
Y,119,S,1,R,3,X,45,K,1,Y,174,C,3,Y,6,Y,1,R,3,S,1,C,2,K,1,X,6,"L1:[sp=Y,119] S=1,R=3,X=45,K=1,Y=174,C=3 || L2:[sp=Y,6] Y=1,R=3,S=1,C=2,K=1,X=6",-78933121.0,-163324000.0,1,Y|Y,1
Y,119,S,1,R,3,X,45,Y,174,K,1,C,3,Y,6,Y,1,R,3,S,1,C,2,K,1,X,6,"L1:[sp=Y,119] S=1,R=3,X=45,Y=174,K=1,C=3 || L2:[sp=Y,6] Y=1,R=3,S=1,C=2,K=1,X=6",-78933121.0,-163324000.0,1,Y|Y,1
Y,119,R,4,X,49,C,1,S,2,K,1,Y,16,K,19,C,1,R,1,Y,1,K,1,S,1,X,21,"L1:[sp=Y,119] R=4,X=49,C=1,S=2,K=1,Y=16 || L2:[sp=K,19] C=1,R=1,Y=1,K=1,S=1,X=21",-81883777.0,-163323000.0,1,Y|K,1
C,119,K,1,S,7,X,56,Y,49,C,1,R,7,X,56,X,27,R,1,Y,1,K,1,C,1,S,4,"L1:[sp=C,119] K=1,S=7,X=56,Y=49,C=1,R=7 || L2:[sp=X,56] X=27,R=1,Y=1,K=1,C=1,S=4",-83995905.0,-163323000.0,1,C|X,1
X,119,Y,55,R,1,S,3,X,38,K,1,C,2,K,19,Y,1,C,1,S,1,K,1,R,1,X,38,"L1:[sp=X,119] Y=55,R=1,S=3,X=38,K=1,C=2 || L2:[sp=K,19] Y=1,C=1,S=1,K=1,R=1,X=38",-84309121.0,-163324000.0,1,X|K,1
Y,119,R,2,Y,16,S,4,C,1,K,1,X,49,K,19,R,1,S,2,Y,1,K,1,C,1,X,1,"L1:[sp=Y,119] R=2,Y=16,S=4,C=1,K=1,X=49 || L2:[sp=K,19] R=1,S=2,Y=1,K=1,C=1,X=1",-84461569.0,-163323000.0,1,Y|K,1
Y,119,X,31,S,6,Y,21,C,2,K,1,R,7,C,19,X,11,K,1,R,1,S,1,Y,1,C,1,"L1:[sp=Y,119] X=31,S=6,Y=21,C=2,K=1,R=7 || L2:[sp=C,19] X=11,K=1,R=1,S=1,Y=1,C=1",-86369537.0,-163323000.0,1,Y|C,1
C,119,K,1,Y,90,S,7,R,6,C,1,X,23,X,56,Y,1,C,1,X,12,K,1,R,1,S,1,"L1:[sp=C,119] K=1,Y=90,S=7,R=6,C=1,X=23 || L2:[sp=X,56] Y=1,C=1,X=12,K=1,R=1,S=1",-88062721.0,-163323000.0,1,C|X,1
K,119,X,23,S,7,K,1,R,6,C,1,Y,90,X,56,Y,1,C,1,X,12,K,1,R,1,S,1,"L1:[sp=K,119] X=23,S=7,K=1,R=6,C=1,Y=90 || L2:[sp=X,56] Y=1,C=1,X=12,K=1,R=1,S=1",-90814681.0,-163323000.0,1,K|X,1
K,119,X,23,S,7,K,1,R,7,C,1,Y,90,X,56,Y,1,C,1,X,12,K,1,R,1,S,1,"L1:[sp=K,119] X=23,S=7,K=1,R=7,C=1,Y=90 || L2:[sp=X,56] Y=1,C=1,X=12,K=1,R=1,S=1",-91588861.0,-163323000.0,1,K|X,1
K,119,R,2,Y,1,S,1,C,1,K,1,X,1,Y,19,R,1,S,1,Y,1,K,1,C,1,X,1,"L1:[sp=K,119] R=2,Y=1,S=1,C=1,K=1,X=1 || L2:[sp=Y,19] R=1,S=1,Y=1,K=1,C=1,X=1",-92311297.0,-163323000.0,1,K|Y,1
Y,119,S,1,Y,66,X,5,K,1,R,3,C,3,C,19,Y,1,R,2,S,1,C,2,K,1,X,5,"L1:[sp=Y,119] S=1,Y=66,X=5,K=1,R=3,C=3 || L2:[sp=C,19] Y=1,R=2,S=1,C=2,K=1,X=5",-94610881.0,-163323000.0,1,Y|C,1
Y,119,Y,67,K,1,R,6,X,31,C,3,S,1,X,19,Y,1,X,11,S,1,K,1,R,6,C,2,"L1:[sp=Y,119] Y=67,K=1,R=6,X=31,C=3,S=1 || L2:[sp=X,19] Y=1,X=11,S=1,K=1,R=6,C=2",-95097857.0,-163324000.0,1,Y|X,1
Y,119,K,1,S,7,C,1,X,56,Y,96,R,1,X,7,Y,1,R,1,K,1,X,27,C,1,S,1,"L1:[sp=Y,119] K=1,S=7,C=1,X=56,Y=96,R=1 || L2:[sp=X,7] Y=1,R=1,K=1,X=27,C=1,S=1",-97547521.0,-163323000.0,1,Y|X,1
Y,119,K,1,C,1,S,7,X,56,Y,96,R,4,X,7,Y,1,R,1,K,1,S,3,C,1,X,27,"L1:[sp=Y,119] K=1,C=1,S=7,X=56,Y=96,R=4 || L2:[sp=X,7] Y=1,R=1,K=1,S=3,C=1,X=27",-100591873.0,-163323000.0,1,Y|X,1
Y,119,S,1,R,7,C,3,K,1,Y,67,X,31,C,19,Y,1,K,1,S,1,X,11,R,1,C,2,"L1:[sp=Y,119] S=1,R=7,C=3,K=1,Y=67,X=31 || L2:[sp=C,19] Y=1,K=1,S=1,X=11,R=1,C=2",-103479041.0,-163323000.0,1,Y|C,1
X,119,Y,66,R,1,S,3,X,49,K,1,C,2,C,1,C,1,Y,1,S,1,X,49,R,1,K,1,"L1:[sp=X,119] Y=66,R=1,S=3,X=49,K=1,C=2 || L2:[sp=C,1] C=1,Y=1,S=1,X=49,R=1,K=1",-107487745.0,-163324000.0,1,X|C,1
Y,119,K,1,Y,131,C,1,R,4,X,110,S,1,X,110,K,1,R,1,X,17,S,1,C,1,Y,1,"L1:[sp=Y,119] K=1,Y=131,C=1,R=4,X=110,S=1 || L2:[sp=X,110] K=1,R=1,X=17,S=1,C=1,Y=1",-108932545.0,-163323000.0,1,Y|X,1
Y,119,K,1,C,1,S,6,X,84,Y,96,R,4,X,7,Y,1,R,2,K,1,S,3,C,1,X,27,"L1:[sp=Y,119] K=1,C=1,S=6,X=84,Y=96,R=4 || L2:[sp=X,7] Y=1,R=2,K=1,S=3,C=1,X=27",-109737217.0,-163324000.0,1,Y|X,1
X,119,S,5,Y,49,C,3,X,45,R,6,K,1,C,1,R,1,K,1,S,3,X,9,Y,1,C,1,"L1:[sp=X,119] S=5,Y=49,C=3,X=45,R=6,K=1 || L2:[sp=C,1] R=1,K=1,S=3,X=9,Y=1,C=1",-110187777.0,-163324000.0,1,X|C,1
Y,142,S,2,X,49,R,1,K,54,Y,4,C,3,X,76,C,1,R,1,Y,1,K,1,S,1,X,21,"L1:[sp=Y,142] S=2,X=49,R=1,K=54,Y=4,C=3 || L2:[sp=X,76] C=1,R=1,Y=1,K=1,S=1,X=21",-110645921.0,-163323000.0,1,Y|X,1
Y,119,K,1,C,1,S,7,X,56,Y,96,R,4,X,7,Y,1,R,4,K,1,S,3,C,1,X,27,"L1:[sp=Y,119] K=1,C=1,S=7,X=56,Y=96,R=4 || L2:[sp=X,7] Y=1,R=4,K=1,S=3,C=1,X=27",-111478273.0,-163324000.0,1,Y|X,1
Y,119,K,1,C,1,S,7,X,56,Y,96,R,4,X,7,S,3,R,4,K,1,Y,1,C,1,X,27,"L1:[sp=Y,119] K=1,C=1,S=7,X=56,Y=96,R=4 || L2:[sp=X,7] S=3,R=4,K=1,Y=1,C=1,X=27",-111478273.0,-163324000.0,1,Y|X,1
Y,119,K,1,C,1,S,7,X,63,Y,96,R,4,X,7,S,3,R,4,K,1,Y,1,C,1,X,27,"L1:[sp=Y,119] K=1,C=1,S=7,X=63,Y=96,R=4 || L2:[sp=X,7] S=3,R=4,K=1,Y=1,C=1,X=27",-111478273.0,-163324000.0,1,Y|X,1
Y,119,Y,67,S,6,R,6,X,45,C,3,K,1,X,19,C,3,X,33,S,1,K,1,R,1,Y,1,"L1:[sp=Y,119] Y=67,S=6,R=6,X=45,C=3,K=1 || L2:[sp=X,19] C=3,X=33,S=1,K=1,R=1,Y=1",-111768321.0,-163324000.0,1,Y|X,1
Y,119,Y,67,S,1,R,6,X,45,C,3,K,1,X,19,C,3,X,33,S,1,K,1,R,1,Y,1,"L1:[sp=Y,119] Y=67,S=1,R=6,X=45,C=3,K=1 || L2:[sp=X,19] C=3,X=33,S=1,K=1,R=1,Y=1",-111771521.0,-163324000.0,1,Y|X,1
Y,119,X,45,R,6,K,1,Y,67,C,3,S,1,X,31,Y,1,X,33,S,1,K,1,R,1,C,2,"L1:[sp=Y,119] X=45,R=6,K=1,Y=67,C=3,S=1 || L2:[sp=X,31] Y=1,X=33,S=1,K=1,R=1,C=2",-111771521.0,-163324000.0,1,Y|X,1
K,119,X,23,C,1,K,1,R,6,S,7,Y,90,X,56,Y,1,C,1,X,15,K,1,R,1,S,1,"L1:[sp=K,119] X=23,C=1,K=1,R=6,S=7,Y=90 || L2:[sp=X,56] Y=1,C=1,X=15,K=1,R=1,S=1",-113517361.0,-163323000.0,1,K|X,1
K,119,S,1,Y,87,C,1,X,104,R,6,K,1,X,56,C,1,K,1,S,1,Y,1,R,1,X,50,"L1:[sp=K,119] S=1,Y=87,C=1,X=104,R=6,K=1 || L2:[sp=X,56] C=1,K=1,S=1,Y=1,R=1,X=50",-113521717.0,-163324000.0,1,K|X,1
X,119,R,1,S,7,X,56,Y,49,C,2,K,1,X,56,X,27,R,1,Y,1,K,1,C,1,S,1,"L1:[sp=X,119] R=1,S=7,X=56,Y=49,C=2,K=1 || L2:[sp=X,56] X=27,R=1,Y=1,K=1,C=1,S=1",-113808129.0,-163323000.0,1,X|X,1
C,119,R,1,S,7,X,94,Y,21,C,2,K,1,X,56,X,27,R,1,Y,1,K,1,C,1,S,1,"L1:[sp=C,119] R=1,S=7,X=94,Y=21,C=2,K=1 || L2:[sp=X,56] X=27,R=1,Y=1,K=1,C=1,S=1",-113813953.0,-163323000.0,1,C|X,1
C,119,R,1,S,7,K,1,Y,21,C,2,X,94,X,23,X,27,Y,1,K,1,R,1,C,1,S,1,"L1:[sp=C,119] R=1,S=7,K=1,Y=21,C=2,X=94 || L2:[sp=X,23] X=27,Y=1,K=1,R=1,C=1,S=1",-113813953.0,-163323000.0,1,C|X,1
Y,119,S,1,X,45,K,1,C,3,R,3,Y,21,C,19,Y,1,X,17,K,1,R,3,S,1,C,3,"L1:[sp=Y,119] S=1,X=45,K=1,C=3,R=3,Y=21 || L2:[sp=C,19] Y=1,X=17,K=1,R=3,S=1,C=3",-114320641.0,-163324000.0,1,Y|C,1
X,119,S,7,R,1,C,2,K,1,X,49,Y,66,K,19,C,1,Y,1,S,1,X,3,R,1,K,1,"L1:[sp=X,119] S=7,R=1,C=2,K=1,X=49,Y=66 || L2:[sp=K,19] C=1,Y=1,S=1,X=3,R=1,K=1",-115910145.0,-163324000.0,1,X|K,1
K,119,R,1,Y,1,S,1,C,1,K,1,X,1,Y,19,R,1,S,1,Y,1,K,1,C,1,X,1,"L1:[sp=K,119] R=1,Y=1,S=1,C=1,K=1,X=1 || L2:[sp=Y,19] R=1,S=1,Y=1,K=1,C=1,X=1",-118013953.0,-163323000.0,1,K|Y,1
K,119,R,1,Y,1,X,1,C,1,K,1,S,1,Y,19,R,1,S,1,Y,1,K,1,C,1,X,1,"L1:[sp=K,119] R=1,Y=1,X=1,C=1,K=1,S=1 || L2:[sp=Y,19] R=1,S=1,Y=1,K=1,C=1,X=1",-118013953.0,-163323000.0,1,K|Y,1
K,119,R,1,X,1,S,1,C,1,K,1,Y,1,Y,19,C,1,R,1,Y,1,X,1,S,1,K,1,"L1:[sp=K,119] R=1,X=1,S=1,C=1,K=1,Y=1 || L2:[sp=Y,19] C=1,R=1,Y=1,X=1,S=1,K=1",-118013953.0,-163323000.0,1,K|Y,1
Y,119,C,1,Y,53,K,1,X,56,R,4,S,2,C,19,C,1,R,1,X,50,S,1,Y,1,K,1,"L1:[sp=Y,119] C=1,Y=53,K=1,X=56,R=4,S=2 || L2:[sp=C,19] C=1,R=1,X=50,S=1,Y=1,K=1",-120127489.0,-163324000.0,1,Y|C,1
Y,119,R,7,X,56,S,7,Y,49,C,1,K,1,K,19,Y,1,X,26,C,1,K,1,R,1,S,4,"L1:[sp=Y,119] R=7,X=56,S=7,Y=49,C=1,K=1 || L2:[sp=K,19] Y=1,X=26,C=1,K=1,R=1,S=4",-124186369.0,-163323000.0,1,Y|K,1
C,119,R,7,S,7,K,1,Y,49,C,2,X,92,X,23,X,27,Y,1,R,1,K,1,C,1,S,4,"L1:[sp=C,119] R=7,S=7,K=1,Y=49,C=2,X=92 || L2:[sp=X,23] X=27,Y=1,R=1,K=1,C=1,S=4",-125992897.0,-163323000.0,1,C|X,1
Y,119,S,4,Y,45,K,1,C,3,R,6,X,45,Y,1,Y,1,K,1,S,2,X,28,R,1,C,1,"L1:[sp=Y,119] S=4,Y=45,K=1,C=3,R=6,X=45 || L2:[sp=Y,1] Y=1,K=1,S=2,X=28,R=1,C=1",-126337281.0,-163324000.0,1,Y|Y,1
Y,108,X,14,R,1,K,1,C,1,Y,1,S,1,K,36,R,1,K,1,C,1,X,1,Y,1,S,1,"L1:[sp=Y,108] X=14,R=1,K=1,C=1,Y=1,S=1 || L2:[sp=K,36] R=1,K=1,C=1,X=1,Y=1,S=1",-126443521.0,-163323000.0,1,Y|K,1
Y,119,R,5,X,57,S,1,C,2,K,1,Y,55,K,19,C,1,R,1,Y,1,K,1,S,1,X,49,"L1:[sp=Y,119] R=5,X=57,S=1,C=2,K=1,Y=55 || L2:[sp=K,19] C=1,R=1,Y=1,K=1,S=1,X=49",-126563585.0,-163324000.0,1,Y|K,1
Y,119,R,2,X,103,K,1,C,1,S,1,Y,60,K,19,C,1,R,1,Y,1,K,1,S,1,X,3,"L1:[sp=Y,119] R=2,X=103,K=1,C=1,S=1,Y=60 || L2:[sp=K,19] C=1,R=1,Y=1,K=1,S=1,X=3",-128567041.0,-163324000.0,1,Y|K,1
C,119,C,1,X,56,R,1,Y,49,S,7,K,1,X,7,Y,1,R,1,C,1,K,1,X,46,S,1,"L1:[sp=C,119] C=1,X=56,R=1,Y=49,S=7,K=1 || L2:[sp=X,7] Y=1,R=1,C=1,K=1,X=46,S=1",-129262337.0,-163323000.0,1,C|X,1
C,119,K,1,S,7,Y,90,R,6,C,1,X,23,X,56,Y,1,C,1,X,18,K,1,R,1,S,1,"L1:[sp=C,119] K=1,S=7,Y=90,R=6,C=1,X=23 || L2:[sp=X,56] Y=1,C=1,X=18,K=1,R=1,S=1",-132092161.0,-163323000.0,1,C|X,1
Y,119,K,1,S,7,C,1,X,56,Y,96,R,4,X,7,Y,1,R,1,X,36,K,1,C,1,S,1,"L1:[sp=Y,119] K=1,S=7,C=1,X=56,Y=96,R=4 || L2:[sp=X,7] Y=1,R=1,X=36,K=1,C=1,S=1",-134121985.0,-163323000.0,1,Y|X,1
Y,119,K,1,S,7,C,1,Y,96,X,56,R,4,X,56,Y,1,R,1,X,36,K,1,C,1,S,3,"L1:[sp=Y,119] K=1,S=7,C=1,Y=96,X=56,R=4 || L2:[sp=X,56] Y=1,R=1,X=36,K=1,C=1,S=3",-134121985.0,-163323000.0,1,Y|X,1
Y,119,K,1,S,3,C,1,X,56,Y,96,R,4,X,7,Y,1,R,1,X,36,K,1,C,1,S,1,"L1:[sp=Y,119] K=1,S=3,C=1,X=56,Y=96,R=4 || L2:[sp=X,7] Y=1,R=1,X=36,K=1,C=1,S=1",-134125057.0,-163323000.0,1,Y|X,1
Y,119,Y,67,K,1,R,2,X,45,C,3,S,1,X,19,Y,1,X,42,S,1,K,1,R,1,C,2,"L1:[sp=Y,119] Y=67,K=1,R=2,X=45,C=3,S=1 || L2:[sp=X,19] Y=1,X=42,S=1,K=1,R=1,C=2",-134355201.0,-163324000.0,1,Y|X,1
Y,119,Y,84,K,1,S,3,X,49,R,1,C,2,C,19,C,1,Y,1,S,1,X,26,R,1,K,1,"L1:[sp=Y,119] Y=84,K=1,S=3,X=49,R=1,C=2 || L2:[sp=C,19] C=1,Y=1,S=1,X=26,R=1,K=1",-134359681.0,-163323000.0,1,Y|C,1
Y,119,R,7,S,6,C,1,X,56,Y,96,K,1,X,7,Y,1,R,1,X,36,K,1,C,1,S,1,"L1:[sp=Y,119] R=7,S=6,C=1,X=56,Y=96,K=1 || L2:[sp=X,7] Y=1,R=1,X=36,K=1,C=1,S=1",-138186241.0,-163323000.0,1,Y|X,1
Y,119,R,1,X,49,C,3,Y,16,K,1,S,3,X,49,C,3,R,1,Y,1,K,1,S,1,X,37,"L1:[sp=Y,119] R=1,X=49,C=3,Y=16,K=1,S=3 || L2:[sp=X,49] C=3,R=1,Y=1,K=1,S=1,X=37",-139272001.0,-163323000.0,1,Y|X,1
Y,119,S,5,X,45,R,6,K,1,C,3,Y,2,C,19,S,3,X,9,Y,1,K,1,R,1,C,2,"L1:[sp=Y,119] S=5,X=45,R=6,K=1,C=3,Y=2 || L2:[sp=C,19] S=3,X=9,Y=1,K=1,R=1,C=2",-142003457.0,-163323000.0,1,Y|C,1
Y,119,Y,67,R,6,K,1,X,31,C,3,S,1,Y,1,Y,1,X,11,S,1,K,1,R,5,C,2,"L1:[sp=Y,119] Y=67,R=6,K=1,X=31,C=3,S=1 || L2:[sp=Y,1] Y=1,X=11,S=1,K=1,R=5,C=2",-144589313.0,-163324000.0,1,Y|Y,1
X,119,X,162,Y,45,C,3,R,6,K,1,S,4,X,3,Y,1,S,4,K,1,X,28,R,1,C,1,"L1:[sp=X,119] X=162,Y=45,C=3,R=6,K=1,S=4 || L2:[sp=X,3] Y=1,S=4,K=1,X=28,R=1,C=1",-146916609.0,-163324000.0,1,X|X,1
X,119,X,162,Y,45,C,3,R,6,K,1,S,2,X,3,Y,1,S,2,K,1,X,28,R,1,C,1,"L1:[sp=X,119] X=162,Y=45,C=3,R=6,K=1,S=2 || L2:[sp=X,3] Y=1,S=2,K=1,X=28,R=1,C=1",-146917889.0,-163324000.0,1,X|X,1
Y,119,K,1,Y,2,S,5,C,3,R,6,X,45,C,19,X,17,Y,1,S,3,K,1,R,1,C,2,"L1:[sp=Y,119] K=1,Y=2,S=5,C=3,R=6,X=45 || L2:[sp=C,19] X=17,Y=1,S=3,K=1,R=1,C=2",-147535361.0,-163323000.0,1,Y|C,1
Y,119,Y,66,K,1,C,1,R,1,S,3,X,49,K,19,X,13,R,1,Y,1,S,1,C,1,K,1,"L1:[sp=Y,119] Y=66,K=1,C=1,R=1,S=3,X=49 || L2:[sp=K,19] X=13,R=1,Y=1,S=1,C=1,K=1",-150284737.0,-163323000.0,1,Y|K,1
Y,119,Y,66,K,1,C,1,R,1,S,3,X,49,K,19,X,13,R,1,Y,1,S,2,C,1,K,1,"L1:[sp=Y,119] Y=66,K=1,C=1,R=1,S=3,X=49 || L2:[sp=K,19] X=13,R=1,Y=1,S=2,C=1,K=1",-150284737.0,-163323000.0,1,Y|K,1
Y,119,Y,66,C,1,K,1,R,1,S,3,X,49,K,19,X,13,R,1,Y,1,S,2,C,1,K,1,"L1:[sp=Y,119] Y=66,C=1,K=1,R=1,S=3,X=49 || L2:[sp=K,19] X=13,R=1,Y=1,S=2,C=1,K=1",-150284737.0,-163323000.0,1,Y|K,1
Y,119,Y,66,X,49,K,1,S,6,R,1,C,3,K,19,X,26,R,1,Y,1,S,1,C,3,K,1,"L1:[sp=Y,119] Y=66,X=49,K=1,S=6,R=1,C=3 || L2:[sp=K,19] X=26,R=1,Y=1,S=1,C=3,K=1",-151510913.0,-163324000.0,1,Y|K,1
Y,119,C,2,R,1,S,7,X,49,K,1,Y,66,K,19,C,1,Y,1,S,1,X,13,R,1,K,1,"L1:[sp=Y,119] C=2,R=1,S=7,X=49,K=1,Y=66 || L2:[sp=K,19] C=1,Y=1,S=1,X=13,R=1,K=1",-154615553.0,-163323000.0,1,Y|K,1
Y,119,Y,66,X,49,C,2,R,6,S,3,K,1,K,19,X,3,R,1,Y,1,S,1,C,1,K,1,"L1:[sp=Y,119] Y=66,X=49,C=2,R=6,S=3,K=1 || L2:[sp=K,19] X=3,R=1,Y=1,S=1,C=1,K=1",-156308353.0,-163323000.0,1,Y|K,1
Y,119,C,1,X,49,Y,66,R,6,S,3,K,1,K,19,Y,1,R,1,X,3,S,1,C,1,K,1,"L1:[sp=Y,119] C=1,X=49,Y=66,R=6,S=3,K=1 || L2:[sp=K,19] Y=1,R=1,X=3,S=1,C=1,K=1",-156310273.0,-163323000.0,1,Y|K,1
Y,119,S,7,R,1,C,2,K,1,X,49,Y,66,K,19,C,1,Y,1,S,1,X,20,R,1,K,1,"L1:[sp=Y,119] S=7,R=1,C=2,K=1,X=49,Y=66 || L2:[sp=K,19] C=1,Y=1,S=1,X=20,R=1,K=1",-158341121.0,-163323000.0,1,Y|K,1
C,119,K,1,R,6,X,94,Y,21,S,2,C,2,X,56,Y,1,R,1,X,27,K,1,C,1,S,2,"L1:[sp=C,119] K=1,R=6,X=94,Y=21,S=2,C=2 || L2:[sp=X,56] Y=1,R=1,X=27,K=1,C=1,S=2",-159103489.0,-163323000.0,1,C|X,1
C,119,C,1,X,26,K,1,S,2,R,4,Y,131,C,1,K,1,R,1,Y,1,S,1,C,1,X,17,"L1:[sp=C,119] C=1,X=26,K=1,S=2,R=4,Y=131 || L2:[sp=C,1] K=1,R=1,Y=1,S=1,C=1,X=17",-160892289.0,-163323000.0,1,C|C,1
Y,119,K,1,Y,67,S,5,C,3,R,4,X,45,C,19,Y,1,K,1,S,1,X,28,R,1,C,3,"L1:[sp=Y,119] K=1,Y=67,S=5,C=3,R=4,X=45 || L2:[sp=C,19] Y=1,K=1,S=1,X=28,R=1,C=3",-161348481.0,-163324000.0,1,Y|C,1
Y,119,K,1,Y,67,S,5,C,3,R,4,X,45,C,1,Y,1,K,1,S,1,X,28,R,1,C,3,"L1:[sp=Y,119] K=1,Y=67,S=5,C=3,R=4,X=45 || L2:[sp=C,1] Y=1,K=1,S=1,X=28,R=1,C=3",-161348481.0,-163324000.0,1,Y|C,1
Y,119,K,1,S,5,Y,67,C,3,R,4,X,45,X,1,Y,1,K,1,S,3,X,28,R,1,C,3,"L1:[sp=Y,119] K=1,S=5,Y=67,C=3,R=4,X=45 || L2:[sp=X,1] Y=1,K=1,S=3,X=28,R=1,C=3",-161348481.0,-163324000.0,1,Y|X,1
C,119,K,1,R,6,C,1,S,1,Y,165,X,31,K,1,Y,1,X,11,S,1,R,1,K,1,C,1,"L1:[sp=C,119] K=1,R=6,C=1,S=1,Y=165,X=31 || L2:[sp=K,1] Y=1,X=11,S=1,R=1,K=1,C=1",-162314881.0,-163323000.0,1,C|K,1
C,119,K,1,R,6,C,1,S,1,Y,189,X,31,K,1,Y,1,X,11,S,1,R,1,K,1,C,1,"L1:[sp=C,119] K=1,R=6,C=1,S=1,Y=189,X=31 || L2:[sp=K,1] Y=1,X=11,S=1,R=1,K=1,C=1",-162314881.0,-163323000.0,1,C|K,1
K,119,K,1,S,1,C,1,Y,49,R,1,X,221,C,56,Y,1,R,1,X,27,K,1,C,1,S,1,"L1:[sp=K,119] K=1,S=1,C=1,Y=49,R=1,X=221 || L2:[sp=C,56] Y=1,R=1,X=27,K=1,C=1,S=1",-163750357.0,-163324000.0,1,K|C,1
Y,119,Y,66,X,49,C,2,R,6,S,6,K,1,K,19,X,3,R,1,Y,1,S,1,C,1,K,1,"L1:[sp=Y,119] Y=66,X=49,C=2,R=6,S=6,K=1 || L2:[sp=K,19] X=3,R=1,Y=1,S=1,C=1,K=1",-164322689.0,-163323000.0,1,Y|K,1
X,119,K,1,S,7,X,188,Y,49,C,1,R,1,X,56,Y,1,R,1,X,79,K,1,C,1,S,2,"L1:[sp=X,119] K=1,S=7,X=188,Y=49,C=1,R=1 || L2:[sp=X,56] Y=1,R=1,X=79,K=1,C=1,S=2",-166490689.0,-163324000.0,1,X|X,1
X,119,K,1,S,7,X,188,C,1,Y,49,R,1,X,56,Y,1,R,1,X,79,K,1,C,1,S,6,"L1:[sp=X,119] K=1,S=7,X=188,C=1,Y=49,R=1 || L2:[sp=X,56] Y=1,R=1,X=79,K=1,C=1,S=6",-166490689.0,-163324000.0,1,X|X,1
X,119,K,1,R,1,X,188,Y,49,C,1,S,7,X,56,Y,1,R,1,S,2,K,1,C,1,X,79,"L1:[sp=X,119] K=1,R=1,X=188,Y=49,C=1,S=7 || L2:[sp=X,56] Y=1,R=1,S=2,K=1,C=1,X=79",-166490689.0,-163324000.0,1,X|X,1
C,119,R,7,S,7,X,56,Y,49,C,2,K,1,X,56,X,27,R,1,Y,1,K,1,C,1,S,1,"L1:[sp=C,119] R=7,S=7,X=56,Y=49,C=2,K=1 || L2:[sp=X,56] X=27,R=1,Y=1,K=1,C=1,S=1",-167990529.0,-163323000.0,1,C|X,1
C,119,K,1,R,4,C,1,Y,131,S,5,X,56,K,19,K,1,X,8,R,1,S,1,C,1,Y,1,"L1:[sp=C,119] K=1,R=4,C=1,Y=131,S=5,X=56 || L2:[sp=K,19] K=1,X=8,R=1,S=1,C=1,Y=1",-168003841.0,-163323000.0,1,C|K,1
Y,119,S,5,R,5,K,1,C,2,Y,52,X,56,C,19,K,1,X,24,R,1,S,1,Y,1,C,2,"L1:[sp=Y,119] S=5,R=5,K=1,C=2,Y=52,X=56 || L2:[sp=C,19] K=1,X=24,R=1,S=1,Y=1,C=2",-168593409.0,-163324000.0,1,Y|C,1
Y,119,R,1,X,45,S,5,Y,67,K,1,C,3,K,67,K,1,Y,1,S,2,X,45,R,1,C,3,"L1:[sp=Y,119] R=1,X=45,S=5,Y=67,K=1,C=3 || L2:[sp=K,67] K=1,Y=1,S=2,X=45,R=1,C=3",-169352961.0,-163324000.0,1,Y|K,1
C,119,K,1,R,7,C,1,Y,86,S,1,X,110,K,19,K,1,R,1,X,101,S,1,C,1,Y,1,"L1:[sp=C,119] K=1,R=7,C=1,Y=86,S=1,X=110 || L2:[sp=K,19] K=1,R=1,X=101,S=1,C=1,Y=1",-169486017.0,-163324000.0,1,C|K,1
Y,119,R,5,X,45,S,7,Y,67,K,1,C,3,K,19,X,29,Y,1,S,6,K,1,R,1,C,3,"L1:[sp=Y,119] R=5,X=45,S=7,Y=67,K=1,C=3 || L2:[sp=K,19] X=29,Y=1,S=6,K=1,R=1,C=3",-170332481.0,-163324000.0,1,Y|K,1
Y,119,Y,66,X,49,C,1,R,6,S,3,K,1,K,19,X,26,R,1,Y,1,S,1,C,1,K,1,"L1:[sp=Y,119] Y=66,X=49,C=1,R=6,S=3,K=1 || L2:[sp=K,19] X=26,R=1,Y=1,S=1,C=1,K=1",-170337601.0,-163323000.0,1,Y|K,1
Y,119,Y,201,K,1,R,6,X,31,C,3,S,1,X,19,Y,1,X,11,S,1,K,1,R,1,C,3,"L1:[sp=Y,119] Y=201,K=1,R=6,X=31,C=3,S=1 || L2:[sp=X,19] Y=1,X=11,S=1,K=1,R=1,C=3",-170555393.0,-163323000.0,1,Y|X,1
Y,119,Y,201,K,1,R,6,X,31,C,3,S,1,X,19,C,3,X,11,S,1,K,1,R,1,Y,1,"L1:[sp=Y,119] Y=201,K=1,R=6,X=31,C=3,S=1 || L2:[sp=X,19] C=3,X=11,S=1,K=1,R=1,Y=1",-170555393.0,-163323000.0,1,Y|X,1
Y,119,C,1,X,56,S,7,K,1,Y,123,R,4,X,7,Y,1,R,1,K,1,S,3,C,1,X,36,"L1:[sp=Y,119] C=1,X=56,S=7,K=1,Y=123,R=4 || L2:[sp=X,7] Y=1,R=1,K=1,S=3,C=1,X=36",-170700289.0,-163323000.0,1,Y|X,1
C,119,Y,21,S,7,K,1,R,1,C,3,X,94,X,23,X,27,Y,1,K,1,R,1,C,2,S,1,"L1:[sp=C,119] Y=21,S=7,K=1,R=1,C=3,X=94 || L2:[sp=X,23] X=27,Y=1,K=1,R=1,C=2,S=1",-170713537.0,-163323000.0,1,C|X,1
C,119,K,1,S,3,C,1,Y,96,R,7,X,56,C,19,Y,1,R,1,X,26,S,1,C,1,K,1,"L1:[sp=C,119] K=1,S=3,C=1,Y=96,R=7,X=56 || L2:[sp=C,19] Y=1,R=1,X=26,S=1,C=1,K=1",-171704577.0,-163323000.0,1,C|C,1
Y,119,K,1,S,6,C,1,Y,96,X,56,R,4,X,56,Y,1,R,1,X,36,K,1,C,1,S,3,"L1:[sp=Y,119] K=1,S=6,C=1,Y=96,X=56,R=4 || L2:[sp=X,56] Y=1,R=1,X=36,K=1,C=1,S=3",-172443649.0,-163323000.0,1,Y|X,1
K,119,K,1,S,7,X,23,R,6,C,1,Y,90,X,56,Y,1,C,1,X,23,K,1,R,1,S,6,"L1:[sp=K,119] K=1,S=7,X=23,R=6,C=1,Y=90 || L2:[sp=X,56] Y=1,C=1,X=23,K=1,R=1,S=6",-174057841.0,-163323000.0,1,K|X,1
K,119,X,23,S,7,K,1,R,6,C,1,Y,90,X,56,Y,1,C,1,X,23,K,1,R,1,S,1,"L1:[sp=K,119] X=23,S=7,K=1,R=6,C=1,Y=90 || L2:[sp=X,56] Y=1,C=1,X=23,K=1,R=1,S=1",-174057841.0,-163323000.0,1,K|X,1
K,119,R,6,S,7,K,1,X,23,C,1,Y,90,X,56,Y,1,C,1,X,23,K,1,R,1,S,1,"L1:[sp=K,119] R=6,S=7,K=1,X=23,C=1,Y=90 || L2:[sp=X,56] Y=1,C=1,X=23,K=1,R=1,S=1",-174057841.0,-163323000.0,1,K|X,1
Y,119,R,1,X,32,S,3,C,3,K,1,Y,84,X,2,C,1,K,1,Y,1,R,1,S,2,X,32,"L1:[sp=Y,119] R=1,X=32,S=3,C=3,K=1,Y=84 || L2:[sp=X,2] C=1,K=1,Y=1,R=1,S=2,X=32",-177030337.0,-163323000.0,1,Y|X,1
K,39,X,34,K,24,S,1,C,1,Y,24,R,1,C,1,R,1,K,1,S,1,Y,1,C,1,X,1,"L1:[sp=K,39] X=34,K=24,S=1,C=1,Y=24,R=1 || L2:[sp=C,1] R=1,K=1,S=1,Y=1,C=1,X=1",-177031219.0,-163324000.0,1,K|C,1
K,39,X,1,K,24,S,1,C,1,Y,167,R,1,C,1,R,1,K,1,S,1,Y,1,C,1,X,1,"L1:[sp=K,39] X=1,K=24,S=1,C=1,Y=167,R=1 || L2:[sp=C,1] R=1,K=1,S=1,Y=1,C=1,X=1",-177086785.0,-163323000.0,1,K|C,1
K,39,X,1,K,24,S,1,C,1,Y,24,R,1,C,1,R,1,K,1,S,1,Y,1,C,1,X,1,"L1:[sp=K,39] X=1,K=24,S=1,C=1,Y=24,R=1 || L2:[sp=C,1] R=1,K=1,S=1,Y=1,C=1,X=1",-177350209.0,-163323000.0,1,K|C,1
C,119,K,1,R,6,C,1,S,5,Y,165,X,31,K,1,Y,1,X,11,S,1,R,1,K,1,C,1,"L1:[sp=C,119] K=1,R=6,C=1,S=5,Y=165,X=31 || L2:[sp=K,1] Y=1,X=11,S=1,R=1,K=1,C=1",-177385665.0,-163323000.0,1,C|K,1
K,119,S,3,X,49,Y,16,C,3,R,1,K,1,X,49,C,2,R,1,S,1,K,1,X,49,Y,1,"L1:[sp=K,119] S=3,X=49,Y=16,C=3,R=1,K=1 || L2:[sp=X,49] C=2,R=1,S=1,K=1,X=49,Y=1",-177514261.0,-163323000.0,1,K|X,1
K,39,X,1,K,24,S,1,C,1,R,1,Y,1,C,1,R,1,K,1,S,1,Y,1,C,1,X,1,"L1:[sp=K,39] X=1,K=24,S=1,C=1,R=1,Y=1 || L2:[sp=C,1] R=1,K=1,S=1,Y=1,C=1,X=1",-184396801.0,-163323000.0,1,K|C,1
K,39,X,49,K,24,C,1,S,1,Y,16,R,2,C,1,R,1,K,1,S,1,Y,1,C,1,X,1,"L1:[sp=K,39] X=49,K=24,C=1,S=1,Y=16,R=2 || L2:[sp=C,1] R=1,K=1,S=1,Y=1,C=1,X=1",-187300345.0,-163324000.0,1,K|C,1
Y,119,R,1,X,69,S,3,Y,66,K,1,C,2,C,1,C,2,Y,1,S,1,X,14,R,1,K,1,"L1:[sp=Y,119] R=1,X=69,S=3,Y=66,K=1,C=2 || L2:[sp=C,1] C=2,Y=1,S=1,X=14,R=1,K=1",-188772865.0,-163324000.0,1,Y|C,1
C,119,Y,66,X,49,C,1,R,6,S,3,K,1,K,19,X,26,R,1,K,1,S,1,C,1,Y,1,"L1:[sp=C,119] Y=66,X=49,C=1,R=6,S=3,K=1 || L2:[sp=K,19] X=26,R=1,K=1,S=1,C=1,Y=1",-191131201.0,-163323000.0,1,C|K,1
C,119,S,7,X,96,R,6,C,3,Y,67,K,1,C,3,R,2,X,28,S,5,Y,1,C,1,K,1,"L1:[sp=C,119] S=7,X=96,R=6,C=3,Y=67,K=1 || L2:[sp=C,3] R=2,X=28,S=5,Y=1,C=1,K=1",-193716737.0,-163324000.0,1,C|C,1
K,39,X,49,K,24,S,4,C,1,Y,16,R,2,C,1,R,1,K,1,S,1,Y,1,C,1,X,1,"L1:[sp=K,39] X=49,K=24,S=4,C=1,Y=16,R=2 || L2:[sp=C,1] R=1,K=1,S=1,Y=1,C=1,X=1",-197329777.0,-163324000.0,1,K|C,1
K,39,Y,16,K,24,S,4,C,1,X,49,R,2,C,1,R,1,K,1,S,1,Y,1,C,1,X,1,"L1:[sp=K,39] Y=16,K=24,S=4,C=1,X=49,R=2 || L2:[sp=C,1] R=1,K=1,S=1,Y=1,C=1,X=1",-197329777.0,-163324000.0,1,K|C,1
X,119,K,1,R,6,C,1,S,7,Y,90,X,23,X,56,C,1,R,1,K,1,Y,1,X,23,S,2,"L1:[sp=X,119] K=1,R=6,C=1,S=7,Y=90,X=23 || L2:[sp=X,56] C=1,R=1,K=1,Y=1,X=23,S=2",-202540033.0,-163323000.0,1,X|X,1
X,119,X,71,C,1,Y,87,R,6,S,1,K,1,K,56,C,1,Y,1,S,1,K,1,R,1,X,50,"L1:[sp=X,119] X=71,C=1,Y=87,R=6,S=1,K=1 || L2:[sp=K,56] C=1,Y=1,S=1,K=1,R=1,X=50",-202551553.0,-163324000.0,1,X|K,1
Y,119,K,1,Y,2,S,1,C,3,R,6,X,45,C,19,Y,1,K,1,S,1,X,28,R,1,C,3,"L1:[sp=Y,119] K=1,Y=2,S=1,C=3,R=6,X=45 || L2:[sp=C,19] Y=1,K=1,S=1,X=28,R=1,C=3",-207509121.0,-163323000.0,1,Y|C,1
C,119,K,1,S,3,C,1,X,56,Y,96,R,4,K,1,Y,1,R,1,X,36,K,1,C,1,S,3,"L1:[sp=C,119] K=1,S=3,C=1,X=56,Y=96,R=4 || L2:[sp=K,1] Y=1,R=1,X=36,K=1,C=1,S=3",-207733249.0,-163323000.0,1,C|K,1
X,119,S,7,X,16,R,6,K,1,C,3,Y,2,C,19,S,2,X,16,Y,1,K,1,R,2,C,2,"L1:[sp=X,119] S=7,X=16,R=6,K=1,C=3,Y=2 || L2:[sp=C,19] S=2,X=16,Y=1,K=1,R=2,C=2",-207871489.0,-163323000.0,1,X|C,1
C,119,S,7,X,96,R,6,C,3,Y,67,K,1,C,3,R,2,X,28,S,2,Y,1,C,1,K,1,"L1:[sp=C,119] S=7,X=96,R=6,C=3,Y=67,K=1 || L2:[sp=C,3] R=2,X=28,S=2,Y=1,C=1,K=1",-210561537.0,-163324000.0,1,C|C,1
C,119,S,7,X,96,R,6,C,3,Y,67,K,1,C,3,S,2,X,28,R,2,Y,1,C,1,K,1,"L1:[sp=C,119] S=7,X=96,R=6,C=3,Y=67,K=1 || L2:[sp=C,3] S=2,X=28,R=2,Y=1,C=1,K=1",-210561537.0,-163324000.0,1,C|C,1
Y,119,Y,66,X,49,C,1,R,6,S,3,K,1,K,19,X,26,R,3,Y,1,S,1,C,1,K,1,"L1:[sp=Y,119] Y=66,X=49,C=1,R=6,S=3,K=1 || L2:[sp=K,19] X=26,R=3,Y=1,S=1,C=1,K=1",-212834881.0,-163324000.0,1,Y|K,1
Y,119,K,1,X,45,C,3,S,5,R,5,Y,67,K,19,Y,1,K,1,S,5,X,28,C,1,R,1,"L1:[sp=Y,119] K=1,X=45,C=3,S=5,R=5,Y=67 || L2:[sp=K,19] Y=1,K=1,S=5,X=28,C=1,R=1",-214705281.0,-163324000.0,1,Y|K,1
Y,119,C,1,X,56,S,6,K,1,Y,123,R,4,X,7,Y,1,R,1,K,1,S,3,C,1,X,36,"L1:[sp=Y,119] C=1,X=56,S=6,K=1,Y=123,R=4 || L2:[sp=X,7] Y=1,R=1,K=1,S=3,C=1,X=36",-219472897.0,-163323000.0,1,Y|X,1
Y,119,K,1,S,3,C,1,Y,96,R,7,X,56,C,19,Y,1,R,1,X,36,S,1,C,1,K,1,"L1:[sp=Y,119] K=1,S=3,C=1,Y=96,R=7,X=56 || L2:[sp=C,19] Y=1,R=1,X=36,S=1,C=1,K=1",-222633217.0,-163323000.0,1,Y|C,1
Y,119,C,2,R,1,S,3,X,49,K,1,Y,84,K,19,C,1,Y,1,S,3,X,13,R,1,K,1,"L1:[sp=Y,119] C=2,R=1,S=3,X=49,K=1,Y=84 || L2:[sp=K,19] C=1,Y=1,S=3,X=13,R=1,K=1",-225579649.0,-163323000.0,1,Y|K,1
Y,119,X,45,S,5,Y,92,C,3,R,7,K,1,C,19,Y,1,K,1,S,1,X,28,R,1,C,3,"L1:[sp=Y,119] X=45,S=5,Y=92,C=3,R=7,K=1 || L2:[sp=C,19] Y=1,K=1,S=1,X=28,R=1,C=3",-225886721.0,-163324000.0,1,Y|C,1
Y,119,K,1,S,5,Y,2,C,3,R,6,X,45,C,19,Y,1,K,1,S,1,X,28,R,1,C,3,"L1:[sp=Y,119] K=1,S=5,Y=2,C=3,R=6,X=45 || L2:[sp=C,19] Y=1,K=1,S=1,X=28,R=1,C=3",-225904001.0,-163323000.0,1,Y|C,1
Y,119,X,45,S,5,Y,2,C,3,R,6,K,1,C,19,Y,1,K,1,S,1,X,28,R,1,C,3,"L1:[sp=Y,119] X=45,S=5,Y=2,C=3,R=6,K=1 || L2:[sp=C,19] Y=1,K=1,S=1,X=28,R=1,C=3",-225904001.0,-163323000.0,1,Y|C,1
C,119,K,24,R,7,C,1,S,6,X,31,Y,21,K,1,Y,1,X,11,S,1,R,1,K,1,C,1,"L1:[sp=C,119] K=24,R=7,C=1,S=6,X=31,Y=21 || L2:[sp=K,1] Y=1,X=11,S=1,R=1,K=1,C=1",-227109649.0,-163323000.0,1,C|K,1
Y,119,K,1,S,6,C,1,X,56,R,4,Y,96,C,19,Y,1,R,1,X,36,S,1,C,1,K,1,"L1:[sp=Y,119] K=1,S=6,C=1,X=56,R=4,Y=96 || L2:[sp=C,19] Y=1,R=1,X=36,S=1,C=1,K=1",-227262721.0,-163323000.0,1,Y|C,1
Y,119,X,45,S,7,Y,2,C,3,R,6,K,1,C,19,Y,1,K,1,S,2,X,28,R,2,C,3,"L1:[sp=Y,119] X=45,S=7,Y=2,C=3,R=6,K=1 || L2:[sp=C,19] Y=1,K=1,S=2,X=28,R=2,C=3",-230316801.0,-163324000.0,1,Y|C,1
Y,119,X,45,S,7,C,3,Y,2,R,6,K,1,C,19,Y,1,K,1,S,2,X,28,R,2,C,3,"L1:[sp=Y,119] X=45,S=7,C=3,Y=2,R=6,K=1 || L2:[sp=C,19] Y=1,K=1,S=2,X=28,R=2,C=3",-230316801.0,-163324000.0,1,Y|C,1
X,119,S,7,X,23,K,1,R,6,Y,90,C,1,C,56,Y,1,C,1,X,11,K,1,R,1,S,1,"L1:[sp=X,119] S=7,X=23,K=1,R=6,Y=90,C=1 || L2:[sp=C,56] Y=1,C=1,X=11,K=1,R=1,S=1",-231159169.0,-163323000.0,1,X|C,1
Y,119,K,1,S,7,X,84,Y,96,R,7,C,1,C,19,Y,1,R,1,X,26,S,1,C,1,K,1,"L1:[sp=Y,119] K=1,S=7,X=84,Y=96,R=7,C=1 || L2:[sp=C,19] Y=1,R=1,X=26,S=1,C=1,K=1",-234146881.0,-163324000.0,1,Y|C,1
Y,142,S,2,X,1,C,3,K,54,Y,4,R,1,X,76,K,1,R,1,Y,1,C,1,S,1,X,1,"L1:[sp=Y,142] S=2,X=1,C=3,K=54,Y=4,R=1 || L2:[sp=X,76] K=1,R=1,Y=1,C=1,S=1,X=1",-235323873.0,-163323000.0,1,Y|X,1
Y,108,X,1,R,1,K,1,C,1,Y,1,S,1,K,36,R,1,K,1,C,1,X,1,Y,1,S,1,"L1:[sp=Y,108] X=1,R=1,K=1,C=1,Y=1,S=1 || L2:[sp=K,36] R=1,K=1,C=1,X=1,Y=1,S=1",-236027905.0,-163323000.0,1,Y|K,1
Y,108,X,76,R,2,K,1,C,1,Y,1,S,1,K,36,R,1,K,1,C,1,X,1,Y,1,S,1,"L1:[sp=Y,108] X=76,R=2,K=1,C=1,Y=1,S=1 || L2:[sp=K,36] R=1,K=1,C=1,X=1,Y=1,S=1",-236931073.0,-163323000.0,1,Y|K,1
Y,119,Y,120,K,1,R,2,X,45,C,3,S,1,X,19,Y,1,X,42,S,1,K,1,R,1,C,2,"L1:[sp=Y,119] Y=120,K=1,R=2,X=45,C=3,S=1 || L2:[sp=X,19] Y=1,X=42,S=1,K=1,R=1,C=2",-239066241.0,-163324000.0,1,Y|X,1
K,119,K,24,R,7,C,1,S,6,X,31,Y,21,C,1,Y,1,X,11,S,1,R,1,K,1,C,1,"L1:[sp=K,119] K=24,R=7,C=1,S=6,X=31,Y=21 || L2:[sp=C,1] Y=1,X=11,S=1,R=1,K=1,C=1",-255498289.0,-163324000.0,1,K|C,1
X,119,K,1,S,7,C,1,Y,49,X,56,R,1,K,56,Y,1,R,1,X,27,K,1,C,1,S,1,"L1:[sp=X,119] K=1,S=7,C=1,Y=49,X=56,R=1 || L2:[sp=K,56] Y=1,R=1,X=27,K=1,C=1,S=1",-261330049.0,-163323000.0,1,X|K,1
C,119,Y,67,X,79,R,4,K,1,C,3,S,4,X,19,Y,1,X,42,S,1,K,1,R,1,C,2,"L1:[sp=C,119] Y=67,X=79,R=4,K=1,C=3,S=4 || L2:[sp=X,19] Y=1,X=42,S=1,K=1,R=1,C=2",-276203137.0,-163324000.0,1,C|X,1
Y,119,K,1,Y,131,C,1,X,26,R,7,S,1,C,19,K,1,R,1,X,17,S,1,C,1,Y,1,"L1:[sp=Y,119] K=1,Y=131,C=1,X=26,R=7,S=1 || L2:[sp=C,19] K=1,R=1,X=17,S=1,C=1,Y=1",-279702529.0,-163323000.0,1,Y|C,1
Y,119,K,1,Y,131,C,1,X,26,R,7,S,1,C,19,Y,1,R,1,X,17,S,1,C,1,K,1,"L1:[sp=Y,119] K=1,Y=131,C=1,X=26,R=7,S=1 || L2:[sp=C,19] Y=1,R=1,X=17,S=1,C=1,K=1",-279702529.0,-163323000.0,1,Y|C,1
Y,119,K,1,X,45,C,1,Y,131,R,3,S,1,C,19,K,1,R,1,X,17,S,1,C,1,Y,1,"L1:[sp=Y,119] K=1,X=45,C=1,Y=131,R=3,S=1 || L2:[sp=C,19] K=1,R=1,X=17,S=1,C=1,Y=1",-281554561.0,-163323000.0,1,Y|C,1
Y,119,K,1,S,2,C,2,X,43,Y,131,R,1,C,1,Y,1,R,1,X,31,K,1,C,1,S,1,"L1:[sp=Y,119] K=1,S=2,C=2,X=43,Y=131,R=1 || L2:[sp=C,1] Y=1,R=1,X=31,K=1,C=1,S=1",-287181889.0,-163323000.0,1,Y|C,1
Y,119,C,2,R,4,K,1,Y,131,S,2,X,56,Y,1,K,1,X,50,R,1,S,1,C,1,Y,1,"L1:[sp=Y,119] C=2,R=4,K=1,Y=131,S=2,X=56 || L2:[sp=Y,1] K=1,X=50,R=1,S=1,C=1,Y=1",-287437313.0,-163324000.0,1,Y|Y,1
Y,119,C,2,R,4,S,2,Y,131,K,1,X,56,Y,1,K,1,X,50,R,1,S,1,C,1,Y,1,"L1:[sp=Y,119] C=2,R=4,S=2,Y=131,K=1,X=56 || L2:[sp=Y,1] K=1,X=50,R=1,S=1,C=1,Y=1",-287437313.0,-163324000.0,1,Y|Y,1
Y,119,K,1,Y,131,C,1,R,4,X,110,S,1,C,19,K,1,R,1,X,17,S,1,C,1,Y,1,"L1:[sp=Y,119] K=1,Y=131,C=1,R=4,X=110,S=1 || L2:[sp=C,19] K=1,R=1,X=17,S=1,C=1,Y=1",-287441281.0,-163324000.0,1,Y|C,1
Y,119,K,1,Y,131,X,110,R,6,C,1,S,1,C,19,K,1,R,1,X,17,S,1,C,1,Y,1,"L1:[sp=Y,119] K=1,Y=131,X=110,R=6,C=1,S=1 || L2:[sp=C,19] K=1,R=1,X=17,S=1,C=1,Y=1",-291731329.0,-163324000.0,1,Y|C,1
Y,119,K,1,S,2,C,2,X,56,Y,131,R,7,C,1,Y,1,R,1,X,36,K,1,C,1,S,1,"L1:[sp=Y,119] K=1,S=2,C=2,X=56,Y=131,R=7 || L2:[sp=C,1] Y=1,R=1,X=36,K=1,C=1,S=1",-293870337.0,-163324000.0,1,Y|C,1
Y,119,K,1,R,7,C,1,Y,131,S,2,X,56,C,19,Y,1,R,1,X,36,S,1,C,1,K,1,"L1:[sp=Y,119] K=1,R=7,C=1,Y=131,S=2,X=56 || L2:[sp=C,19] Y=1,R=1,X=36,S=1,C=1,K=1",-293871361.0,-163323000.0,1,Y|C,1
Y,119,K,1,X,110,C,1,Y,131,R,7,S,1,C,19,K,1,R,1,X,17,S,1,C,1,Y,1,"L1:[sp=Y,119] K=1,X=110,C=1,Y=131,R=7,S=1 || L2:[sp=C,19] K=1,R=1,X=17,S=1,C=1,Y=1",-293872321.0,-163324000.0,1,Y|C,1
Y,119,K,1,Y,131,C,1,X,110,R,7,S,1,C,19,K,1,R,1,X,17,S,1,C,1,Y,1,"L1:[sp=Y,119] K=1,Y=131,C=1,X=110,R=7,S=1 || L2:[sp=C,19] K=1,R=1,X=17,S=1,C=1,Y=1",-293872321.0,-163324000.0,1,Y|C,1
Y,119,K,1,Y,131,C,1,R,7,X,110,S,1,C,19,K,1,R,1,X,17,S,1,C,1,Y,1,"L1:[sp=Y,119] K=1,Y=131,C=1,R=7,X=110,S=1 || L2:[sp=C,19] K=1,R=1,X=17,S=1,C=1,Y=1",-293872321.0,-163324000.0,1,Y|C,1
Y,119,R,2,Y,139,S,1,C,1,K,1,X,1,K,19,R,1,S,1,Y,1,K,1,C,1,X,1,"L1:[sp=Y,119] R=2,Y=139,S=1,C=1,K=1,X=1 || L2:[sp=K,19] R=1,S=1,Y=1,K=1,C=1,X=1",-296239105.0,-163323000.0,1,Y|K,1
Y,119,K,1,Y,2,S,5,C,3,R,6,X,45,C,19,Y,1,K,1,S,5,X,28,R,1,C,3,"L1:[sp=Y,119] K=1,Y=2,S=5,C=3,R=6,X=45 || L2:[sp=C,19] Y=1,K=1,S=5,X=28,R=1,C=3",-296369921.0,-163323000.0,1,Y|C,1
Y,119,K,1,Y,2,S,5,C,3,R,6,X,45,C,19,X,17,Y,1,S,5,K,1,R,1,C,3,"L1:[sp=Y,119] K=1,Y=2,S=5,C=3,R=6,X=45 || L2:[sp=C,19] X=17,Y=1,S=5,K=1,R=1,C=3",-296369921.0,-163323000.0,1,Y|C,1
Y,119,K,1,S,2,C,2,X,43,Y,131,R,7,C,1,Y,1,R,1,X,31,K,1,C,1,S,1,"L1:[sp=Y,119] K=1,S=2,C=2,X=43,Y=131,R=7 || L2:[sp=C,1] Y=1,R=1,X=31,K=1,C=1,S=1",-300315841.0,-163323000.0,1,Y|C,1
Y,119,K,1,S,6,C,1,X,56,R,4,Y,131,C,19,Y,1,R,1,X,36,S,1,C,1,K,1,"L1:[sp=Y,119] K=1,S=6,C=1,X=56,R=4,Y=131 || L2:[sp=C,19] Y=1,R=1,X=36,S=1,C=1,K=1",-307607041.0,-163323000.0,1,Y|C,1
C,119,R,1,Y,1,S,1,C,1,X,1,K,1,Y,19,R,1,S,1,Y,1,K,1,C,1,X,1,"L1:[sp=C,119] R=1,Y=1,S=1,C=1,X=1,K=1 || L2:[sp=Y,19] R=1,S=1,Y=1,K=1,C=1,X=1",-314703873.0,-163323000.0,1,C|Y,1
C,119,R,1,K,1,S,1,C,1,X,1,Y,1,Y,19,R,1,S,1,K,1,Y,1,C,1,X,1,"L1:[sp=C,119] R=1,K=1,S=1,C=1,X=1,Y=1 || L2:[sp=Y,19] R=1,S=1,K=1,Y=1,C=1,X=1",-314703873.0,-163323000.0,1,C|Y,1
C,119,Y,84,R,1,S,3,X,49,K,1,C,2,X,1,C,1,Y,1,S,2,X,28,R,1,K,1,"L1:[sp=C,119] Y=84,R=1,S=3,X=49,K=1,C=2 || L2:[sp=X,1] C=1,Y=1,S=2,X=28,R=1,K=1",-318938817.0,-163323000.0,1,C|X,1
Y,119,K,1,Y,131,C,1,R,7,X,26,S,2,C,19,K,1,R,1,X,17,S,2,C,1,Y,1,"L1:[sp=Y,119] K=1,Y=131,C=1,R=7,X=26,S=2 || L2:[sp=C,19] K=1,R=1,X=17,S=2,C=1,Y=1",-319653121.0,-163323000.0,1,Y|C,1
C,119,Y,132,R,7,K,1,C,2,S,1,X,56,C,19,K,1,X,24,R,1,S,1,C,2,Y,1,"L1:[sp=C,119] Y=132,R=7,K=1,C=2,S=1,X=56 || L2:[sp=C,19] K=1,X=24,R=1,S=1,C=2,Y=1",-323137025.0,-163324000.0,1,C|C,1
C,119,K,1,R,4,C,2,Y,131,S,2,X,56,K,19,K,1,X,50,R,1,S,1,C,2,Y,1,"L1:[sp=C,119] K=1,R=4,C=2,Y=131,S=2,X=56 || L2:[sp=K,19] K=1,X=50,R=1,S=1,C=2,Y=1",-324617729.0,-163324000.0,1,C|K,1
C,119,K,1,R,4,C,2,Y,131,S,2,X,56,K,19,K,1,X,50,R,1,Y,1,C,1,S,1,"L1:[sp=C,119] K=1,R=4,C=2,Y=131,S=2,X=56 || L2:[sp=K,19] K=1,X=50,R=1,Y=1,C=1,S=1",-324617729.0,-163324000.0,1,C|K,1
C,119,K,1,S,2,C,2,X,43,Y,146,R,1,Y,1,Y,1,K,1,X,31,C,1,R,1,S,1,"L1:[sp=C,119] K=1,S=2,C=2,X=43,Y=146,R=1 || L2:[sp=Y,1] Y=1,K=1,X=31,C=1,R=1,S=1",-327369729.0,-163323000.0,1,C|Y,1
C,119,C,2,R,7,S,2,Y,213,K,1,X,56,Y,1,K,1,X,50,R,1,S,1,C,1,Y,1,"L1:[sp=C,119] C=2,R=7,S=2,Y=213,K=1,X=56 || L2:[sp=Y,1] K=1,X=50,R=1,S=1,C=1,Y=1",-328905729.0,-163324000.0,1,C|Y,1
Y,119,K,1,S,6,C,1,X,26,R,7,Y,131,C,19,Y,1,R,1,X,10,S,1,C,1,K,1,"L1:[sp=Y,119] K=1,S=6,C=1,X=26,R=7,Y=131 || L2:[sp=C,19] Y=1,R=1,X=10,S=1,C=1,K=1",-333827521.0,-163323000.0,1,Y|C,1
C,119,K,1,R,4,C,2,Y,131,S,5,X,56,K,19,K,1,X,36,R,1,S,1,C,2,Y,1,"L1:[sp=C,119] K=1,R=4,C=2,Y=131,S=5,X=56 || L2:[sp=K,19] K=1,X=36,R=1,S=1,C=2,Y=1",-341700609.0,-163324000.0,1,C|K,1
C,119,Y,131,R,4,C,2,K,1,S,5,X,56,Y,1,K,1,X,36,R,1,S,1,C,2,Y,1,"L1:[sp=C,119] Y=131,R=4,C=2,K=1,S=5,X=56 || L2:[sp=Y,1] K=1,X=36,R=1,S=1,C=2,Y=1",-341700609.0,-163324000.0,1,C|Y,1
C,119,K,1,R,5,C,2,S,5,Y,182,X,56,K,1,Y,1,X,24,S,1,R,1,K,1,C,2,"L1:[sp=C,119] K=1,R=5,C=2,S=5,Y=182,X=56 || L2:[sp=K,1] Y=1,X=24,S=1,R=1,K=1,C=2",-343205889.0,-163324000.0,1,C|K,1
C,119,K,1,X,56,Y,132,C,2,S,5,R,5,C,19,K,1,X,24,R,1,S,1,C,2,Y,1,"L1:[sp=C,119] K=1,X=56,Y=132,C=2,S=5,R=5 || L2:[sp=C,19] K=1,X=24,R=1,S=1,C=2,Y=1",-343205889.0,-163324000.0,1,C|C,1
C,119,S,5,X,31,C,2,K,1,Y,165,R,1,C,1,K,1,X,11,S,1,R,1,Y,1,C,2,"L1:[sp=C,119] S=5,X=31,C=2,K=1,Y=165,R=1 || L2:[sp=C,1] K=1,X=11,S=1,R=1,Y=1,C=2",-347031553.0,-163323000.0,1,C|C,1
X,119,S,5,X,45,R,6,C,3,Y,2,K,43,C,3,Y,1,X,28,S,1,R,1,C,3,K,1,"L1:[sp=X,119] S=5,X=45,R=6,C=3,Y=2,K=43 || L2:[sp=C,3] Y=1,X=28,S=1,R=1,C=3,K=1",-354503729.0,-163324000.0,1,X|C,1
X,119,K,1,Y,2,S,5,C,3,R,6,X,45,C,19,Y,1,K,1,S,1,X,28,R,1,C,3,"L1:[sp=X,119] K=1,Y=2,S=5,C=3,R=6,X=45 || L2:[sp=C,19] Y=1,K=1,S=1,X=28,R=1,C=3",-354531009.0,-163323000.0,1,X|C,1
C,119,S,1,R,2,C,2,K,1,Y,43,X,45,X,1,K,1,X,11,S,1,R,2,Y,1,C,2,"L1:[sp=C,119] S=1,R=2,C=2,K=1,Y=43,X=45 || L2:[sp=X,1] K=1,X=11,S=1,R=2,Y=1,C=2",-358109697.0,-163323000.0,1,C|X,1
X,119,Y,84,R,1,S,6,X,165,K,1,C,1,C,1,C,1,Y,1,S,1,X,38,R,1,K,1,"L1:[sp=X,119] Y=84,R=1,S=6,X=165,K=1,C=1 || L2:[sp=C,1] C=1,Y=1,S=1,X=38,R=1,K=1",-358264705.0,-163324000.0,1,X|C,1
Y,119,K,1,R,6,C,1,S,1,Y,165,X,56,K,1,X,11,Y,1,S,1,R,1,K,1,C,1,"L1:[sp=Y,119] K=1,R=6,C=1,S=1,Y=165,X=56 || L2:[sp=K,1] X=11,Y=1,S=1,R=1,K=1,C=1",-358267393.0,-163323000.0,1,Y|K,1
Y,119,C,3,X,49,S,7,Y,170,K,1,R,1,C,1,S,3,Y,1,C,1,X,49,R,1,K,1,"L1:[sp=Y,119] C=3,X=49,S=7,Y=170,K=1,R=1 || L2:[sp=C,1] S=3,Y=1,C=1,X=49,R=1,K=1",-361457601.0,-163324000.0,1,Y|C,1
Y,119,R,1,X,45,S,5,Y,197,K,1,C,3,K,19,K,1,Y,1,S,2,X,45,C,3,R,1,"L1:[sp=Y,119] R=1,X=45,S=5,Y=197,K=1,C=3 || L2:[sp=K,19] K=1,Y=1,S=2,X=45,C=3,R=1",-370679681.0,-163324000.0,1,Y|K,1
Y,119,K,1,R,7,C,2,Y,131,S,1,X,26,Y,1,K,1,X,17,R,1,S,1,C,2,Y,1,"L1:[sp=Y,119] K=1,R=7,C=2,Y=131,S=1,X=26 || L2:[sp=Y,1] K=1,X=17,R=1,S=1,C=2,Y=1",-372928641.0,-163323000.0,1,Y|Y,1
Y,119,K,1,X,1,C,2,R,3,S,1,Y,131,K,1,K,1,R,1,X,1,S,1,C,2,Y,1,"L1:[sp=Y,119] K=1,X=1,C=2,R=3,S=1,Y=131 || L2:[sp=K,1] K=1,R=1,X=1,S=1,C=2,Y=1",-374312961.0,-163323000.0,1,Y|K,1
Y,119,K,1,X,45,C,2,Y,131,S,1,R,3,C,19,K,1,R,1,X,17,S,1,C,2,Y,1,"L1:[sp=Y,119] K=1,X=45,C=2,Y=131,S=1,R=3 || L2:[sp=C,19] K=1,R=1,X=17,S=1,C=2,Y=1",-375392641.0,-163323000.0,1,Y|C,1
Y,119,R,1,X,45,S,4,Y,207,K,1,C,3,K,19,X,45,Y,1,S,1,K,1,R,1,C,3,"L1:[sp=Y,119] R=1,X=45,S=4,Y=207,K=1,C=3 || L2:[sp=K,19] X=45,Y=1,S=1,K=1,R=1,C=3",-379758401.0,-163324000.0,1,Y|K,1
Y,119,C,3,X,49,S,3,Y,170,K,1,R,2,C,1,S,1,Y,1,C,1,X,13,R,1,K,1,"L1:[sp=Y,119] C=3,X=49,S=3,Y=170,K=1,R=2 || L2:[sp=C,1] S=1,Y=1,C=1,X=13,R=1,K=1",-389325697.0,-163324000.0,1,Y|C,1
Y,119,C,3,X,49,S,3,Y,170,K,1,R,2,C,1,S,1,Y,1,C,3,X,13,R,1,K,1,"L1:[sp=Y,119] C=3,X=49,S=3,Y=170,K=1,R=2 || L2:[sp=C,1] S=1,Y=1,C=3,X=13,R=1,K=1",-389325697.0,-163324000.0,1,Y|C,1
C,119,Y,132,X,56,K,1,C,2,S,6,R,7,C,19,K,1,X,24,R,1,S,4,C,2,Y,1,"L1:[sp=C,119] Y=132,X=56,K=1,C=2,S=6,R=7 || L2:[sp=C,19] K=1,X=24,R=1,S=4,C=2,Y=1",-395674625.0,-163324000.0,1,C|C,1
C,119,S,1,R,3,C,2,K,1,Y,43,X,45,C,2,K,1,X,11,S,1,R,3,Y,1,C,2,"L1:[sp=C,119] S=1,R=3,C=2,K=1,Y=43,X=45 || L2:[sp=C,2] K=1,X=11,S=1,R=3,Y=1,C=2",-401046913.0,-163323000.0,1,C|C,1
Y,119,K,1,Y,172,S,5,C,3,R,4,X,45,C,1,Y,1,K,1,S,1,X,28,R,1,C,3,"L1:[sp=Y,119] K=1,Y=172,S=5,C=3,R=4,X=45 || L2:[sp=C,1] Y=1,K=1,S=1,X=28,R=1,C=3",-403369281.0,-163324000.0,1,Y|C,1
Y,119,K,1,Y,189,C,1,S,1,R,4,X,56,C,19,K,1,R,1,Y,1,S,1,C,1,X,36,"L1:[sp=Y,119] K=1,Y=189,C=1,S=1,R=4,X=56 || L2:[sp=C,19] K=1,R=1,Y=1,S=1,C=1,X=36",-404630017.0,-163323000.0,1,Y|C,1
Y,119,Y,188,C,3,K,1,X,45,R,6,S,1,Y,1,Y,1,X,33,S,1,K,1,R,1,C,2,"L1:[sp=Y,119] Y=188,C=3,K=1,X=45,R=6,S=1 || L2:[sp=Y,1] Y=1,X=33,S=1,K=1,R=1,C=2",-408546881.0,-163324000.0,1,Y|Y,1
X,119,S,7,Y,49,K,1,X,188,C,2,R,1,K,1,Y,1,C,1,X,15,K,1,R,1,S,2,"L1:[sp=X,119] S=7,Y=49,K=1,X=188,C=2,R=1 || L2:[sp=K,1] Y=1,C=1,X=15,K=1,R=1,S=2",-408838529.0,-163323000.0,1,X|K,1
Y,119,K,1,Y,189,C,1,S,3,R,4,X,56,C,19,K,1,R,1,Y,1,S,1,C,1,X,50,"L1:[sp=Y,119] K=1,Y=189,C=1,S=3,R=4,X=56 || L2:[sp=C,19] K=1,R=1,Y=1,S=1,C=1,X=50",-419074561.0,-163323000.0,1,Y|C,1
Y,119,K,1,R,7,C,2,Y,131,S,5,X,45,C,19,K,1,R,1,X,17,S,1,C,2,Y,1,"L1:[sp=Y,119] K=1,R=7,C=2,Y=131,S=5,X=45 || L2:[sp=C,19] K=1,R=1,X=17,S=1,C=2,Y=1",-421040641.0,-163323000.0,1,Y|C,1
Y,119,K,1,X,45,S,4,Y,164,R,4,C,1,K,19,K,1,Y,1,S,2,X,28,R,1,C,1,"L1:[sp=Y,119] K=1,X=45,S=4,Y=164,R=4,C=1 || L2:[sp=K,19] K=1,Y=1,S=2,X=28,R=1,C=1",-421966081.0,-163323000.0,1,Y|K,1
Y,119,K,1,Y,189,C,1,X,56,R,4,S,5,C,19,K,1,R,1,X,36,S,1,C,1,Y,1,"L1:[sp=Y,119] K=1,Y=189,C=1,X=56,R=4,S=5 || L2:[sp=C,19] K=1,R=1,X=36,S=1,C=1,Y=1",-433523713.0,-163323000.0,1,Y|C,1
Y,119,S,1,R,6,K,1,C,3,X,13,Y,201,C,19,Y,1,X,3,S,1,R,1,K,1,C,3,"L1:[sp=Y,119] S=1,R=6,K=1,C=3,X=13,Y=201 || L2:[sp=C,19] Y=1,X=3,S=1,R=1,K=1,C=3",-434138881.0,-163323000.0,1,Y|C,1
C,119,S,6,X,31,C,2,K,1,Y,21,R,7,C,1,K,1,X,11,S,1,R,1,Y,1,C,2,"L1:[sp=C,119] S=6,X=31,C=2,K=1,Y=21,R=7 || L2:[sp=C,1] K=1,X=11,S=1,R=1,Y=1,C=2",-454229505.0,-163323000.0,1,C|C,1
C,119,Y,67,X,45,R,4,K,1,C,3,S,4,X,19,Y,1,X,42,S,1,K,1,R,1,C,2,"L1:[sp=C,119] Y=67,X=45,R=4,K=1,C=3,S=4 || L2:[sp=X,19] Y=1,X=42,S=1,K=1,R=1,C=2",-460338561.0,-163323000.0,1,C|X,1
C,119,Y,67,X,45,R,4,K,1,C,3,S,4,X,19,Y,1,X,42,S,3,K,1,R,1,C,3,"L1:[sp=C,119] Y=67,X=45,R=4,K=1,C=3,S=4 || L2:[sp=X,19] Y=1,X=42,S=3,K=1,R=1,C=3",-460338561.0,-163324000.0,1,C|X,1
C,119,S,4,X,176,R,6,K,39,C,3,Y,2,X,19,S,4,X,28,K,1,Y,1,R,1,C,2,"L1:[sp=C,119] S=4,X=176,R=6,K=39,C=3,Y=2 || L2:[sp=X,19] S=4,X=28,K=1,Y=1,R=1,C=2",-463025889.0,-163323000.0,1,C|X,1
X,119,K,10,Y,2,S,5,C,3,R,6,X,45,C,19,X,17,Y,1,S,5,K,1,R,1,C,3,"L1:[sp=X,119] K=10,Y=2,S=5,C=3,R=6,X=45 || L2:[sp=C,19] X=17,Y=1,S=5,K=1,R=1,C=3",-465094281.0,-163323000.0,1,X|C,1
X,119,X,217,K,1,S,2,R,3,C,1,Y,90,C,1,Y,1,C,1,X,27,S,1,R,1,K,1,"L1:[sp=X,119] X=217,K=1,S=2,R=3,C=1,Y=90 || L2:[sp=C,1] Y=1,C=1,X=27,S=1,R=1,K=1",-467622145.0,-163324000.0,1,X|C,1
X,119,K,1,S,7,C,1,Y,21,R,1,X,217,K,3,Y,1,R,1,X,27,K,1,C,1,S,1,"L1:[sp=X,119] K=1,S=7,C=1,Y=21,R=1,X=217 || L2:[sp=K,3] Y=1,R=1,X=27,K=1,C=1,S=1",-469963201.0,-163323000.0,1,X|K,1
Y,119,K,1,Y,189,C,1,S,6,X,26,R,7,C,19,K,1,R,1,Y,1,S,1,C,1,X,10,"L1:[sp=Y,119] K=1,Y=189,C=1,S=6,X=26,R=7 || L2:[sp=C,19] K=1,R=1,Y=1,S=1,C=1,X=10",-475154497.0,-163323000.0,1,Y|C,1
Y,119,S,4,X,45,R,1,Y,197,K,1,C,3,X,19,C,3,X,45,S,2,Y,1,R,1,K,1,"L1:[sp=Y,119] S=4,X=45,R=1,Y=197,K=1,C=3 || L2:[sp=X,19] C=3,X=45,S=2,Y=1,R=1,K=1",-476586881.0,-163324000.0,1,Y|X,1
C,119,K,1,R,6,C,3,S,1,Y,165,X,31,K,1,K,1,X,11,S,1,R,1,Y,1,C,3,"L1:[sp=C,119] K=1,R=6,C=3,S=1,Y=165,X=31 || L2:[sp=K,1] K=1,X=11,S=1,R=1,Y=1,C=3",-486915969.0,-163323000.0,1,C|K,1
C,119,K,1,X,31,C,3,S,1,Y,165,R,6,K,1,K,1,C,3,S,1,R,1,Y,1,X,11,"L1:[sp=C,119] K=1,X=31,C=3,S=1,Y=165,R=6 || L2:[sp=K,1] K=1,C=3,S=1,R=1,Y=1,X=11",-486915969.0,-163323000.0,1,C|K,1
C,119,K,1,X,45,S,3,C,3,R,1,Y,67,C,1,K,1,Y,1,S,2,X,13,R,1,C,1,"L1:[sp=C,119] K=1,X=45,S=3,C=3,R=1,Y=67 || L2:[sp=C,1] K=1,Y=1,S=2,X=13,R=1,C=1",-495264001.0,-163323000.0,1,C|C,1
C,119,K,1,R,3,C,3,Y,131,S,5,X,56,K,19,K,1,X,36,R,1,S,1,C,2,Y,1,"L1:[sp=C,119] K=1,R=3,C=3,Y=131,S=5,X=56 || L2:[sp=K,19] K=1,X=36,R=1,S=1,C=2,Y=1",-510292993.0,-163324000.0,1,C|K,1
C,119,K,1,X,56,C,3,Y,96,R,7,S,3,C,1,Y,1,R,1,X,26,S,1,C,1,K,1,"L1:[sp=C,119] K=1,X=56,C=3,Y=96,R=7,S=3 || L2:[sp=C,1] Y=1,R=1,X=26,S=1,C=1,K=1",-515109121.0,-163323000.0,1,C|C,1
C,119,S,3,X,56,C,3,Y,96,R,7,K,1,C,1,Y,1,R,1,X,26,S,2,C,1,K,1,"L1:[sp=C,119] S=3,X=56,C=3,Y=96,R=7,K=1 || L2:[sp=C,1] Y=1,R=1,X=26,S=2,C=1,K=1",-515109121.0,-163323000.0,1,C|C,1
C,119,K,1,X,49,C,3,R,1,Y,66,S,3,X,49,X,49,R,1,Y,1,S,1,C,1,K,1,"L1:[sp=C,119] K=1,X=49,C=3,R=1,Y=66,S=3 || L2:[sp=X,49] X=49,R=1,Y=1,S=1,C=1,K=1",-516337921.0,-163323000.0,1,C|X,1
Y,119,Y,188,R,6,K,1,X,31,C,3,S,1,Y,1,Y,1,X,11,S,1,K,1,R,3,C,2,"L1:[sp=Y,119] Y=188,R=6,K=1,X=31,C=3,S=1 || L2:[sp=Y,1] Y=1,X=11,S=1,K=1,R=3,C=2",-522143105.0,-163324000.0,1,Y|Y,1
Y,119,K,1,X,56,Y,201,C,2,S,5,R,5,C,19,K,1,X,24,R,2,S,4,C,2,Y,1,"L1:[sp=Y,119] K=1,X=56,Y=201,C=2,S=5,R=5 || L2:[sp=C,19] K=1,X=24,R=2,S=4,C=2,Y=1",-526419969.0,-163324000.0,1,Y|C,1
Y,119,K,1,X,56,Y,201,C,2,S,5,R,5,C,19,K,1,X,24,R,1,S,4,C,2,Y,1,"L1:[sp=Y,119] K=1,X=56,Y=201,C=2,S=5,R=5 || L2:[sp=C,19] K=1,X=24,R=1,S=4,C=2,Y=1",-529000449.0,-163324000.0,1,Y|C,1
C,119,Y,188,C,3,X,31,K,1,R,6,S,6,Y,1,Y,1,X,11,S,1,K,1,R,1,C,2,"L1:[sp=C,119] Y=188,C=3,X=31,K=1,R=6,S=6 || L2:[sp=Y,1] Y=1,X=11,S=1,K=1,R=1,C=2",-549384257.0,-163323000.0,1,C|Y,1
Y,119,S,1,X,56,Y,201,C,2,K,1,R,6,C,19,K,1,X,11,R,1,S,1,Y,1,C,2,"L1:[sp=Y,119] S=1,X=56,Y=201,C=2,K=1,R=6 || L2:[sp=C,19] K=1,X=11,R=1,S=1,Y=1,C=2",-578837505.0,-163324000.0,1,Y|C,1
Y,119,K,1,X,56,Y,201,C,2,S,1,R,6,C,19,K,1,X,11,R,1,S,1,Y,1,C,2,"L1:[sp=Y,119] K=1,X=56,Y=201,C=2,S=1,R=6 || L2:[sp=C,19] K=1,X=11,R=1,S=1,Y=1,C=2",-578837505.0,-163324000.0,1,Y|C,1
X,119,K,1,R,6,X,217,Y,49,S,6,C,1,K,1,Y,1,R,1,X,27,K,1,C,1,S,4,"L1:[sp=X,119] K=1,R=6,X=217,Y=49,S=6,C=1 || L2:[sp=K,1] Y=1,R=1,X=27,K=1,C=1,S=4",-579794689.0,-163323000.0,1,X|K,1
Y,119,X,56,S,5,Y,201,C,2,K,1,R,4,C,19,X,24,K,1,R,1,S,1,Y,1,C,2,"L1:[sp=Y,119] X=56,S=5,Y=201,C=2,K=1,R=4 || L2:[sp=C,19] X=24,K=1,R=1,S=1,Y=1,C=2",-614156289.0,-163324000.0,1,Y|C,1
Y,119,C,2,S,5,Y,201,X,56,K,1,R,4,C,19,X,24,K,1,R,1,S,1,Y,1,C,2,"L1:[sp=Y,119] C=2,S=5,Y=201,X=56,K=1,R=4 || L2:[sp=C,19] X=24,K=1,R=1,S=1,Y=1,C=2",-614156289.0,-163324000.0,1,Y|C,1
Y,119,K,1,X,56,Y,201,C,2,S,5,R,5,C,19,K,1,X,24,R,1,S,1,C,2,Y,1,"L1:[sp=Y,119] K=1,X=56,Y=201,C=2,S=5,R=5 || L2:[sp=C,19] K=1,X=24,R=1,S=1,C=2,Y=1",-617166849.0,-163324000.0,1,Y|C,1
Y,119,S,5,R,6,K,1,C,2,Y,201,X,56,C,19,K,1,X,11,R,1,S,1,Y,1,C,2,"L1:[sp=Y,119] S=5,R=6,K=1,C=2,Y=201,X=56 || L2:[sp=C,19] K=1,X=11,R=1,S=1,Y=1,C=2",-620177409.0,-163324000.0,1,Y|C,1
K,118,C,2,K,29,X,133,Y,3,S,2,R,7,C,1,X,1,K,1,S,1,Y,1,R,1,C,1,"L1:[sp=K,118] C=2,K=29,X=133,Y=3,S=2,R=7 || L2:[sp=C,1] X=1,K=1,S=1,Y=1,R=1,C=1",-629219969.0,-163323000.0,1,K|C,1
Y,119,X,45,S,1,Y,201,C,2,K,1,R,3,C,19,X,17,K,1,R,3,S,1,Y,1,C,2,"L1:[sp=Y,119] X=45,S=1,Y=201,C=2,K=1,R=3 || L2:[sp=C,19] X=17,K=1,R=3,S=1,Y=1,C=2",-729402241.0,-163324000.0,1,Y|C,1
Y,119,K,1,X,45,Y,201,C,2,S,1,R,3,C,19,K,1,X,17,R,3,S,1,C,2,Y,1,"L1:[sp=Y,119] K=1,X=45,Y=201,C=2,S=1,R=3 || L2:[sp=C,19] K=1,X=17,R=3,S=1,C=2,Y=1",-729402241.0,-163324000.0,1,Y|C,1
K,39,X,1,K,24,S,4,C,1,Y,24,R,4,C,1,R,1,K,1,S,1,C,1,Y,1,X,1,"L1:[sp=K,39] X=1,K=24,S=4,C=1,Y=24,R=4 || L2:[sp=C,1] R=1,K=1,S=1,C=1,Y=1,X=1",-782833273.0,-163323000.0,1,K|C,1
Y,119,X,45,S,5,Y,201,C,2,K,1,R,3,C,19,X,17,K,1,R,3,S,1,Y,1,C,2,"L1:[sp=Y,119] X=45,S=5,Y=201,C=2,K=1,R=3 || L2:[sp=C,19] X=17,K=1,R=3,S=1,Y=1,C=2",-794227201.0,-163324000.0,1,Y|C,1
Y,119,C,2,S,5,Y,201,X,56,K,1,R,4,C,19,X,24,C,2,R,1,S,5,Y,1,K,1,"L1:[sp=Y,119] C=2,S=5,Y=201,X=56,K=1,R=4 || L2:[sp=C,19] X=24,C=2,R=1,S=5,Y=1,K=1",-818874369.0,-163324000.0,1,Y|C,1
X,119,S,4,X,165,R,6,K,1,C,3,Y,2,C,19,S,4,X,28,Y,1,K,1,R,1,C,2,"L1:[sp=X,119] S=4,X=165,R=6,K=1,C=3,Y=2 || L2:[sp=C,19] S=4,X=28,Y=1,K=1,R=1,C=2",-909539841.0,-163323000.0,1,X|C,1
K,119,K,31,Y,2,S,5,C,3,R,6,X,45,C,19,X,17,Y,2,S,5,K,1,R,1,C,3,"L1:[sp=K,119] K=31,Y=2,S=5,C=3,R=6,X=45 || L2:[sp=C,19] X=17,Y=2,S=5,K=1,R=1,C=3",-1126394951.0,-163324000.0,1,K|C,1
C,119,K,1,Y,2,S,4,C,3,R,6,X,45,C,19,Y,1,K,1,S,4,X,28,R,1,C,3,"L1:[sp=C,119] K=1,Y=2,S=4,C=3,R=6,X=45 || L2:[sp=C,19] Y=1,K=1,S=4,X=28,R=1,C=3",-1860505601.0,-163323000.0,1,C|C,1
Y,31,S,4,X,120,R,1,K,27,Y,161,C,2,Y,20,K,1,R,1,Y,1,X,1,C,1,S,1,"L1:[sp=Y,31] S=4,X=120,R=1,K=27,Y=161,C=2 || L2:[sp=Y,20] K=1,R=1,Y=1,X=1,C=1,S=1",-inf,-inf,0,Y|Y,1
C,65,K,49,R,7,Y,36,S,1,X,115,C,2,C,1,Y,1,X,1,K,1,C,1,S,1,R,1,"L1:[sp=C,65] K=49,R=7,Y=36,S=1,X=115,C=2 || L2:[sp=C,1] Y=1,X=1,K=1,C=1,S=1,R=1",-inf,-inf,0,C|C,1
Y,120,C,2,S,3,Y,210,R,7,X,158,K,58,C,2,X,1,C,1,Y,1,S,1,K,1,R,1,"L1:[sp=Y,120] C=2,S=3,Y=210,R=7,X=158,K=58 || L2:[sp=C,2] X=1,C=1,Y=1,S=1,K=1,R=1",-inf,-inf,0,Y|C,1
Y,143,X,110,R,3,Y,118,C,3,K,59,S,5,Y,73,C,1,K,1,S,1,Y,1,R,1,X,1,"L1:[sp=Y,143] X=110,R=3,Y=118,C=3,K=59,S=5 || L2:[sp=Y,73] C=1,K=1,S=1,Y=1,R=1,X=1",-inf,-inf,0,Y|Y,1
C,76,S,2,X,84,R,2,C,2,K,16,Y,89,Y,25,X,1,C,1,K,1,Y,1,S,1,R,1,"L1:[sp=C,76] S=2,X=84,R=2,C=2,K=16,Y=89 || L2:[sp=Y,25] X=1,C=1,K=1,Y=1,S=1,R=1",-inf,-inf,0,C|Y,1
C,88,X,209,Y,98,K,12,C,1,S,1,R,4,Y,35,K,1,Y,1,C,1,X,1,S,1,R,1,"L1:[sp=C,88] X=209,Y=98,K=12,C=1,S=1,R=4 || L2:[sp=Y,35] K=1,Y=1,C=1,X=1,S=1,R=1",-inf,-inf,0,C|Y,1
Y,86,R,1,S,1,C,1,K,63,X,52,Y,7,K,12,C,1,X,1,S,1,R,1,K,1,Y,1,"L1:[sp=Y,86] R=1,S=1,C=1,K=63,X=52,Y=7 || L2:[sp=K,12] C=1,X=1,S=1,R=1,K=1,Y=1",-inf,-inf,0,Y|K,1
X,92,R,5,K,35,X,127,S,2,Y,20,C,3,C,2,S,1,K,1,X,1,Y,1,R,1,C,1,"L1:[sp=X,92] R=5,K=35,X=127,S=2,Y=20,C=3 || L2:[sp=C,2] S=1,K=1,X=1,Y=1,R=1,C=1",-inf,-inf,0,X|C,1
C,87,X,168,Y,168,R,7,K,7,S,2,C,1,C,1,R,1,Y,1,S,1,K,1,C,1,X,1,"L1:[sp=C,87] X=168,Y=168,R=7,K=7,S=2,C=1 || L2:[sp=C,1] R=1,Y=1,S=1,K=1,C=1,X=1",-inf,-inf,0,C|C,1
Y,39,R,5,C,2,Y,147,S,6,K,54,X,78,K,22,S,1,K,1,C,1,X,1,Y,1,R,1,"L1:[sp=Y,39] R=5,C=2,Y=147,S=6,K=54,X=78 || L2:[sp=K,22] S=1,K=1,C=1,X=1,Y=1,R=1",-inf,-inf,0,Y|K,1
C,80,C,2,K,45,R,4,S,1,Y,124,X,171,Y,96,R,1,K,1,X,1,Y,1,S,1,C,1,"L1:[sp=C,80] C=2,K=45,R=4,S=1,Y=124,X=171 || L2:[sp=Y,96] R=1,K=1,X=1,Y=1,S=1,C=1",-inf,-inf,0,C|Y,1
K,132,R,3,S,3,K,26,C,1,Y,109,X,115,X,101,R,1,Y,1,S,1,K,1,C,1,X,1,"L1:[sp=K,132] R=3,S=3,K=26,C=1,Y=109,X=115 || L2:[sp=X,101] R=1,Y=1,S=1,K=1,C=1,X=1",-inf,-inf,0,K|X,1
X,139,K,20,Y,150,C,1,X,49,S,7,R,5,K,3,X,1,C,1,K,1,Y,1,R,1,S,1,"L1:[sp=X,139] K=20,Y=150,C=1,X=49,S=7,R=5 || L2:[sp=K,3] X=1,C=1,K=1,Y=1,R=1,S=1",-inf,-inf,0,X|K,1
C,73,K,20,R,6,Y,114,S,4,C,1,X,125,K,3,C,1,S,1,Y,1,R,1,X,1,K,1,"L1:[sp=C,73] K=20,R=6,Y=114,S=4,C=1,X=125 || L2:[sp=K,3] C=1,S=1,Y=1,R=1,X=1,K=1",-inf,-inf,0,C|K,1
X,116,X,128,C,2,S,3,K,41,Y,181,R,1,C,1,C,1,Y,1,S,1,X,1,R,1,K,1,"L1:[sp=X,116] X=128,C=2,S=3,K=41,Y=181,R=1 || L2:[sp=C,1] C=1,Y=1,S=1,X=1,R=1,K=1",-inf,-inf,0,X|C,1
Y,142,S,4,X,203,C,3,K,54,Y,4,R,2,X,76,K,1,R,1,Y,1,C,2,S,1,X,1,"L1:[sp=Y,142] S=4,X=203,C=3,K=54,Y=4,R=2 || L2:[sp=X,76] K=1,R=1,Y=1,C=2,S=1,X=1",-inf,-inf,0,Y|X,1
K,118,C,2,K,14,X,133,Y,68,S,2,R,7,C,1,X,1,K,1,S,1,Y,1,R,1,C,1,"L1:[sp=K,118] C=2,K=14,X=133,Y=68,S=2,R=7 || L2:[sp=C,1] X=1,K=1,S=1,Y=1,R=1,C=1",-inf,-inf,0,K|C,1
Y,39,X,49,K,24,S,4,C,1,Y,16,R,2,C,1,R,2,K,1,S,1,Y,1,C,1,X,1,"L1:[sp=Y,39] X=49,K=24,S=4,C=1,Y=16,R=2 || L2:[sp=C,1] R=2,K=1,S=1,Y=1,C=1,X=1",-inf,-inf,0,Y|C,1
X,142,S,1,X,76,C,3,K,54,Y,4,R,2,Y,76,K,7,R,1,Y,1,C,1,S,1,X,73,"L1:[sp=X,142] S=1,X=76,C=3,K=54,Y=4,R=2 || L2:[sp=Y,76] K=7,R=1,Y=1,C=1,S=1,X=73",-inf,-inf,0,X|Y,1
Y,142,S,1,X,76,C,3,K,54,Y,100,R,2,X,76,K,1,R,1,Y,1,C,1,S,1,X,1,"L1:[sp=Y,142] S=1,X=76,C=3,K=54,Y=100,R=2 || L2:[sp=X,76] K=1,R=1,Y=1,C=1,S=1,X=1",-inf,-inf,0,Y|X,1
X,119,R,1,Y,16,S,2,C,1,K,25,X,49,Y,19,C,1,S,1,Y,1,K,1,R,1,X,21,"L1:[sp=X,119] R=1,Y=16,S=2,C=1,K=25,X=49 || L2:[sp=Y,19] C=1,S=1,Y=1,K=1,R=1,X=21",-inf,-inf,0,X|Y,1
K,119,R,2,Y,16,S,1,C,1,K,45,X,211,Y,19,R,1,S,1,Y,1,K,1,C,1,X,1,"L1:[sp=K,119] R=2,Y=16,S=1,C=1,K=45,X=211 || L2:[sp=Y,19] R=1,S=1,Y=1,K=1,C=1,X=1",-inf,-inf,0,K|Y,1
K,119,R,3,X,76,S,4,C,1,K,43,Y,16,Y,19,C,1,R,1,Y,1,K,1,S,1,X,1,"L1:[sp=K,119] R=3,X=76,S=4,C=1,K=43,Y=16 || L2:[sp=Y,19] C=1,R=1,Y=1,K=1,S=1,X=1",-inf,-inf,0,K|Y,1
K,119,R,4,S,4,X,56,C,1,K,1,Y,16,X,1,C,1,X,1,Y,1,K,1,S,3,R,1,"L1:[sp=K,119] R=4,S=4,X=56,C=1,K=1,Y=16 || L2:[sp=X,1] C=1,X=1,Y=1,K=1,S=3,R=1",-inf,-inf,0,K|X,1
K,119,R,4,S,4,X,126,C,1,K,64,Y,16,Y,19,C,1,R,1,S,3,K,1,Y,1,X,1,"L1:[sp=K,119] R=4,S=4,X=126,C=1,K=64,Y=16 || L2:[sp=Y,19] C=1,R=1,S=3,K=1,Y=1,X=1",-inf,-inf,0,K|Y,1
K,119,R,4,X,76,S,4,C,1,K,63,Y,16,Y,19,C,1,R,3,Y,1,K,1,S,4,X,1,"L1:[sp=K,119] R=4,X=76,S=4,C=1,K=63,Y=16 || L2:[sp=Y,19] C=1,R=3,Y=1,K=1,S=4,X=1",-inf,-inf,0,K|Y,1
K,119,R,2,X,76,S,1,C,1,K,1,Y,153,Y,19,C,1,R,1,Y,1,K,1,S,1,X,3,"L1:[sp=K,119] R=2,X=76,S=1,C=1,K=1,Y=153 || L2:[sp=Y,19] C=1,R=1,Y=1,K=1,S=1,X=3",-inf,-inf,0,K|Y,1
K,119,R,2,X,76,S,4,C,1,K,1,Y,16,Y,19,C,1,R,1,Y,1,K,1,S,1,X,53,"L1:[sp=K,119] R=2,X=76,S=4,C=1,K=1,Y=16 || L2:[sp=Y,19] C=1,R=1,Y=1,K=1,S=1,X=53",-inf,-inf,0,K|Y,1
K,119,R,1,X,49,S,3,C,1,K,1,Y,179,Y,4,C,1,R,1,Y,1,K,1,S,1,X,37,"L1:[sp=K,119] R=1,X=49,S=3,C=1,K=1,Y=179 || L2:[sp=Y,4] C=1,R=1,Y=1,K=1,S=1,X=37",-inf,-inf,0,K|Y,1
K,119,R,2,X,76,S,4,C,2,K,8,Y,16,Y,16,K,1,R,1,Y,1,C,1,S,1,X,1,"L1:[sp=K,119] R=2,X=76,S=4,C=2,K=8,Y=16 || L2:[sp=Y,16] K=1,R=1,Y=1,C=1,S=1,X=1",-inf,-inf,0,K|Y,1
K,119,K,1,X,137,S,1,C,2,R,1,Y,16,Y,4,C,1,R,1,Y,1,K,1,S,1,X,21,"L1:[sp=K,119] K=1,X=137,S=1,C=2,R=1,Y=16 || L2:[sp=Y,4] C=1,R=1,Y=1,K=1,S=1,X=21",-inf,-inf,0,K|Y,1
K,119,R,2,X,76,S,4,C,1,K,52,Y,16,Y,19,C,1,R,1,Y,5,K,1,S,3,X,1,"L1:[sp=K,119] R=2,X=76,S=4,C=1,K=52,Y=16 || L2:[sp=Y,19] C=1,R=1,Y=5,K=1,S=3,X=1",-inf,-inf,0,K|Y,1
K,119,R,2,X,76,S,4,C,2,K,1,Y,16,Y,4,C,1,R,1,Y,1,K,1,S,3,X,1,"L1:[sp=K,119] R=2,X=76,S=4,C=2,K=1,Y=16 || L2:[sp=Y,4] C=1,R=1,Y=1,K=1,S=3,X=1",-inf,-inf,0,K|Y,1
K,119,R,1,X,49,S,2,C,1,K,1,Y,16,Y,4,C,1,R,1,Y,13,K,1,S,1,X,38,"L1:[sp=K,119] R=1,X=49,S=2,C=1,K=1,Y=16 || L2:[sp=Y,4] C=1,R=1,Y=13,K=1,S=1,X=38",-inf,-inf,0,K|Y,1
Y,119,R,1,X,49,S,3,C,1,K,1,Y,16,K,1,C,1,R,1,Y,1,K,1,S,1,X,28,"L1:[sp=Y,119] R=1,X=49,S=3,C=1,K=1,Y=16 || L2:[sp=K,1] C=1,R=1,Y=1,K=1,S=1,X=28",-inf,-inf,0,Y|K,1
K,119,R,2,X,10,S,2,C,2,K,61,Y,16,Y,4,C,1,R,1,Y,1,K,24,S,1,X,10,"L1:[sp=K,119] R=2,X=10,S=2,C=2,K=61,Y=16 || L2:[sp=Y,4] C=1,R=1,Y=1,K=24,S=1,X=10",-inf,-inf,0,K|Y,1
K,119,R,2,X,103,S,1,C,2,K,1,Y,108,Y,4,C,1,R,1,Y,1,K,1,S,1,X,3,"L1:[sp=K,119] R=2,X=103,S=1,C=2,K=1,Y=108 || L2:[sp=Y,4] C=1,R=1,Y=1,K=1,S=1,X=3",-inf,-inf,0,K|Y,1
K,119,R,1,X,209,S,1,C,3,K,1,Y,16,Y,4,C,1,R,1,Y,8,K,1,S,1,X,37,"L1:[sp=K,119] R=1,X=209,S=1,C=3,K=1,Y=16 || L2:[sp=Y,4] C=1,R=1,Y=8,K=1,S=1,X=37",-inf,-inf,0,K|Y,1
K,119,R,1,X,49,S,2,C,1,K,1,Y,16,Y,4,C,1,R,1,Y,12,K,1,S,2,X,44,"L1:[sp=K,119] R=1,X=49,S=2,C=1,K=1,Y=16 || L2:[sp=Y,4] C=1,R=1,Y=12,K=1,S=2,X=44",-inf,-inf,0,K|Y,1
K,119,R,1,X,49,Y,16,C,3,K,59,S,3,Y,19,C,1,R,1,Y,8,K,1,S,1,X,44,"L1:[sp=K,119] R=1,X=49,Y=16,C=3,K=59,S=3 || L2:[sp=Y,19] C=1,R=1,Y=8,K=1,S=1,X=44",-inf,-inf,0,K|Y,1
K,119,R,1,X,172,S,2,C,1,K,1,Y,16,Y,4,C,1,R,1,Y,4,K,1,S,2,X,44,"L1:[sp=K,119] R=1,X=172,S=2,C=1,K=1,Y=16 || L2:[sp=Y,4] C=1,R=1,Y=4,K=1,S=2,X=44",-inf,-inf,0,K|Y,1
K,119,R,1,X,49,S,3,C,3,K,1,Y,16,Y,19,C,1,Y,1,R,1,K,1,S,1,X,7,"L1:[sp=K,119] R=1,X=49,S=3,C=3,K=1,Y=16 || L2:[sp=Y,19] C=1,Y=1,R=1,K=1,S=1,X=7",-inf,-inf,0,K|Y,1
K,119,R,3,X,76,Y,16,C,3,K,48,S,2,Y,4,C,3,R,1,K,1,Y,1,S,2,X,37,"L1:[sp=K,119] R=3,X=76,Y=16,C=3,K=48,S=2 || L2:[sp=Y,4] C=3,R=1,K=1,Y=1,S=2,X=37",-inf,-inf,0,K|Y,1
K,119,R,1,X,49,Y,222,S,3,C,3,K,1,Y,4,S,1,R,1,Y,1,K,1,C,3,X,37,"L1:[sp=K,119] R=1,X=49,Y=222,S=3,C=3,K=1 || L2:[sp=Y,4] S=1,R=1,Y=1,K=1,C=3,X=37",-inf,-inf,0,K|Y,1
K,119,R,1,X,103,C,2,S,3,K,1,Y,16,Y,19,C,1,R,1,Y,1,K,1,S,1,X,3,"L1:[sp=K,119] R=1,X=103,C=2,S=3,K=1,Y=16 || L2:[sp=Y,19] C=1,R=1,Y=1,K=1,S=1,X=3",-inf,-inf,0,K|Y,1
K,119,X,49,R,1,S,3,C,3,K,1,Y,16,Y,19,C,2,R,1,Y,1,K,1,S,1,X,37,"L1:[sp=K,119] X=49,R=1,S=3,C=3,K=1,Y=16 || L2:[sp=Y,19] C=2,R=1,Y=1,K=1,S=1,X=37",-inf,-inf,0,K|Y,1
K,119,X,101,R,1,S,3,C,1,K,1,Y,16,Y,19,C,1,R,1,Y,1,K,1,S,2,X,3,"L1:[sp=K,119] X=101,R=1,S=3,C=1,K=1,Y=16 || L2:[sp=Y,19] C=1,R=1,Y=1,K=1,S=2,X=3",-inf,-inf,0,K|Y,1
K,119,R,1,X,49,Y,16,S,3,K,1,C,3,C,3,C,1,R,1,Y,4,S,1,K,1,X,37,"L1:[sp=K,119] R=1,X=49,Y=16,S=3,K=1,C=3 || L2:[sp=C,3] C=1,R=1,Y=4,S=1,K=1,X=37",-inf,-inf,0,K|C,1
K,119,X,180,S,3,R,2,C,2,K,1,Y,16,Y,19,C,1,R,1,Y,1,K,1,S,1,X,3,"L1:[sp=K,119] X=180,S=3,R=2,C=2,K=1,Y=16 || L2:[sp=Y,19] C=1,R=1,Y=1,K=1,S=1,X=3",-inf,-inf,0,K|Y,1
K,119,R,3,X,49,S,3,C,2,K,1,Y,16,Y,19,C,1,R,2,Y,9,K,1,S,2,X,37,"L1:[sp=K,119] R=3,X=49,S=3,C=2,K=1,Y=16 || L2:[sp=Y,19] C=1,R=2,Y=9,K=1,S=2,X=37",-inf,-inf,0,K|Y,1
K,119,R,3,X,45,S,3,C,2,K,1,Y,183,Y,19,C,1,R,1,Y,1,K,1,S,2,X,37,"L1:[sp=K,119] R=3,X=45,S=3,C=2,K=1,Y=183 || L2:[sp=Y,19] C=1,R=1,Y=1,K=1,S=2,X=37",-inf,-inf,0,K|Y,1
C,119,Y,173,R,1,S,2,X,101,K,1,C,2,Y,19,C,2,Y,1,S,1,K,1,R,1,X,3,"L1:[sp=C,119] Y=173,R=1,S=2,X=101,K=1,C=2 || L2:[sp=Y,19] C=2,Y=1,S=1,K=1,R=1,X=3",-inf,-inf,0,C|Y,1
Y,119,S,3,X,101,R,1,C,2,Y,83,K,1,K,19,X,70,R,1,Y,1,K,1,S,3,C,1,"L1:[sp=Y,119] S=3,X=101,R=1,C=2,Y=83,K=1 || L2:[sp=K,19] X=70,R=1,Y=1,K=1,S=3,C=1",-inf,-inf,0,Y|K,1
K,119,R,3,X,49,S,3,Y,198,K,1,C,3,Y,19,R,1,C,1,Y,1,S,2,K,1,X,37,"L1:[sp=K,119] R=3,X=49,S=3,Y=198,K=1,C=3 || L2:[sp=Y,19] R=1,C=1,Y=1,S=2,K=1,X=37",-inf,-inf,0,K|Y,1
K,119,Y,16,R,1,S,2,X,101,K,7,C,2,Y,19,C,1,Y,1,S,1,K,1,R,1,X,3,"L1:[sp=K,119] Y=16,R=1,S=2,X=101,K=7,C=2 || L2:[sp=Y,19] C=1,Y=1,S=1,K=1,R=1,X=3",-inf,-inf,0,K|Y,1
K,119,R,1,X,101,S,2,Y,16,K,1,C,3,Y,19,C,1,R,1,Y,10,S,1,K,1,X,60,"L1:[sp=K,119] R=1,X=101,S=2,Y=16,K=1,C=3 || L2:[sp=Y,19] C=1,R=1,Y=10,S=1,K=1,X=60",-inf,-inf,0,K|Y,1
K,119,S,6,X,49,R,1,C,2,Y,16,K,1,Y,19,C,1,K,1,Y,1,R,1,S,2,X,37,"L1:[sp=K,119] S=6,X=49,R=1,C=2,Y=16,K=1 || L2:[sp=Y,19] C=1,K=1,Y=1,R=1,S=2,X=37",-inf,-inf,0,K|Y,1
K,119,R,1,X,49,S,3,Y,174,K,1,C,3,Y,19,C,1,R,1,Y,1,S,2,K,1,X,30,"L1:[sp=K,119] R=1,X=49,S=3,Y=174,K=1,C=3 || L2:[sp=Y,19] C=1,R=1,Y=1,S=2,K=1,X=30",-inf,-inf,0,K|Y,1
K,119,R,1,X,49,S,3,Y,16,K,51,C,3,Y,19,C,3,R,1,Y,1,S,2,K,1,X,37,"L1:[sp=K,119] R=1,X=49,S=3,Y=16,K=51,C=3 || L2:[sp=Y,19] C=3,R=1,Y=1,S=2,K=1,X=37",-inf,-inf,0,K|Y,1
K,119,R,6,X,49,S,3,C,3,K,1,Y,16,X,7,C,1,R,1,Y,1,K,1,S,1,X,49,"L1:[sp=K,119] R=6,X=49,S=3,C=3,K=1,Y=16 || L2:[sp=X,7] C=1,R=1,Y=1,K=1,S=1,X=49",-inf,-inf,0,K|X,1
K,119,R,1,K,1,S,3,C,3,X,49,Y,16,X,7,C,1,R,1,Y,1,K,1,S,2,X,32,"L1:[sp=K,119] R=1,K=1,S=3,C=3,X=49,Y=16 || L2:[sp=X,7] C=1,R=1,Y=1,K=1,S=2,X=32",-inf,-inf,0,K|X,1
X,119,C,3,R,2,S,3,X,102,K,35,Y,16,Y,19,C,1,Y,1,R,1,K,1,S,2,X,6,"L1:[sp=X,119] C=3,R=2,S=3,X=102,K=35,Y=16 || L2:[sp=Y,19] C=1,Y=1,R=1,K=1,S=2,X=6",-inf,-inf,0,X|Y,1
K,119,R,1,X,205,S,2,C,3,K,50,Y,16,Y,19,C,1,R,1,Y,1,K,1,S,1,X,3,"L1:[sp=K,119] R=1,X=205,S=2,C=3,K=50,Y=16 || L2:[sp=Y,19] C=1,R=1,Y=1,K=1,S=1,X=3",-inf,-inf,0,K|Y,1
K,119,R,1,X,49,S,3,C,3,K,1,Y,16,Y,19,Y,1,C,1,R,1,K,1,S,2,X,32,"L1:[sp=K,119] R=1,X=49,S=3,C=3,K=1,Y=16 || L2:[sp=Y,19] Y=1,C=1,R=1,K=1,S=2,X=32",-inf,-inf,0,K|Y,1
K,119,R,6,X,49,S,3,C,3,K,63,Y,16,Y,19,C,1,Y,1,R,3,K,1,S,2,X,32,"L1:[sp=K,119] R=6,X=49,S=3,C=3,K=63,Y=16 || L2:[sp=Y,19] C=1,Y=1,R=3,K=1,S=2,X=32",-inf,-inf,0,K|Y,1
K,119,R,5,X,49,S,3,Y,16,K,1,C,3,Y,19,K,1,R,5,Y,1,S,1,C,1,X,49,"L1:[sp=K,119] R=5,X=49,S=3,Y=16,K=1,C=3 || L2:[sp=Y,19] K=1,R=5,Y=1,S=1,C=1,X=49",-inf,-inf,0,K|Y,1
K,119,R,1,X,49,S,2,C,3,K,1,Y,16,X,7,C,1,R,1,Y,1,K,1,S,1,X,6,"L1:[sp=K,119] R=1,X=49,S=2,C=3,K=1,Y=16 || L2:[sp=X,7] C=1,R=1,Y=1,K=1,S=1,X=6",-inf,-inf,0,K|X,1
K,119,R,3,X,75,S,2,C,3,K,1,Y,87,Y,19,C,1,R,1,Y,1,K,1,S,1,X,49,"L1:[sp=K,119] R=3,X=75,S=2,C=3,K=1,Y=87 || L2:[sp=Y,19] C=1,R=1,Y=1,K=1,S=1,X=49",-inf,-inf,0,K|Y,1
Y,119,Y,16,R,1,K,1,X,205,S,3,C,3,Y,19,C,1,R,1,S,1,K,1,Y,1,X,3,"L1:[sp=Y,119] Y=16,R=1,K=1,X=205,S=3,C=3 || L2:[sp=Y,19] C=1,R=1,S=1,K=1,Y=1,X=3",-inf,-inf,0,Y|Y,1
K,119,Y,66,R,1,S,3,X,49,K,25,C,2,Y,19,C,1,Y,1,S,1,K,1,R,1,X,36,"L1:[sp=K,119] Y=66,R=1,S=3,X=49,K=25,C=2 || L2:[sp=Y,19] C=1,Y=1,S=1,K=1,R=1,X=36",-inf,-inf,0,K|Y,1
K,119,R,1,X,49,S,3,C,3,K,1,Y,16,Y,19,Y,6,C,1,R,1,K,1,S,1,X,49,"L1:[sp=K,119] R=1,X=49,S=3,C=3,K=1,Y=16 || L2:[sp=Y,19] Y=6,C=1,R=1,K=1,S=1,X=49",-inf,-inf,0,K|Y,1
K,119,S,6,X,49,Y,109,C,3,R,1,K,1,Y,19,C,2,R,1,S,1,K,1,X,49,Y,1,"L1:[sp=K,119] S=6,X=49,Y=109,C=3,R=1,K=1 || L2:[sp=Y,19] C=2,R=1,S=1,K=1,X=49,Y=1",-inf,-inf,0,K|Y,1
Y,119,R,1,X,49,S,3,C,3,K,1,Y,87,K,19,C,1,R,1,Y,82,K,1,S,1,X,49,"L1:[sp=Y,119] R=1,X=49,S=3,C=3,K=1,Y=87 || L2:[sp=K,19] C=1,R=1,Y=82,K=1,S=1,X=49",-inf,-inf,0,Y|K,1
Y,119,R,1,X,49,S,3,C,3,K,1,Y,66,K,19,C,1,R,1,Y,39,K,1,S,1,X,49,"L1:[sp=Y,119] R=1,X=49,S=3,C=3,K=1,Y=66 || L2:[sp=K,19] C=1,R=1,Y=39,K=1,S=1,X=49",-inf,-inf,0,Y|K,1
K,119,K,1,X,49,S,3,C,3,R,1,Y,69,Y,19,C,1,R,1,Y,9,K,1,S,2,X,32,"L1:[sp=K,119] K=1,X=49,S=3,C=3,R=1,Y=69 || L2:[sp=Y,19] C=1,R=1,Y=9,K=1,S=2,X=32",-inf,-inf,0,K|Y,1
K,119,K,1,X,49,C,1,R,1,Y,16,S,3,Y,19,C,1,R,1,Y,1,K,1,X,9,S,1,"L1:[sp=K,119] K=1,X=49,C=1,R=1,Y=16,S=3 || L2:[sp=Y,19] C=1,R=1,Y=1,K=1,X=9,S=1",-inf,-inf,0,K|Y,1
K,119,S,3,X,49,Y,16,C,3,R,1,K,1,C,3,C,2,R,1,S,1,K,1,X,49,Y,1,"L1:[sp=K,119] S=3,X=49,Y=16,C=3,R=1,K=1 || L2:[sp=C,3] C=2,R=1,S=1,K=1,X=49,Y=1",-inf,-inf,0,K|C,1
K,119,Y,55,R,1,S,3,X,210,K,1,C,2,Y,19,Y,1,C,1,S,1,K,1,R,1,X,49,"L1:[sp=K,119] Y=55,R=1,S=3,X=210,K=1,C=2 || L2:[sp=Y,19] Y=1,C=1,S=1,K=1,R=1,X=49",-inf,-inf,0,K|Y,1
K,119,C,3,X,156,Y,16,S,3,R,1,K,1,Y,2,C,2,R,1,S,1,K,1,X,49,Y,1,"L1:[sp=K,119] C=3,X=156,Y=16,S=3,R=1,K=1 || L2:[sp=Y,2] C=2,R=1,S=1,K=1,X=49,Y=1",-inf,-inf,0,K|Y,1
K,119,S,3,X,205,R,1,C,1,Y,16,K,57,Y,2,C,1,R,1,Y,5,K,1,X,3,S,1,"L1:[sp=K,119] S=3,X=205,R=1,C=1,Y=16,K=57 || L2:[sp=Y,2] C=1,R=1,Y=5,K=1,X=3,S=1",-inf,-inf,0,K|Y,1
K,119,S,3,X,49,Y,16,C,3,R,6,K,1,Y,19,C,2,R,1,S,1,K,1,X,49,Y,10,"L1:[sp=K,119] S=3,X=49,Y=16,C=3,R=6,K=1 || L2:[sp=Y,19] C=2,R=1,S=1,K=1,X=49,Y=10",-inf,-inf,0,K|Y,1
Y,119,S,3,X,67,R,1,C,3,Y,66,K,1,K,19,R,1,C,1,Y,1,K,1,X,49,S,1,"L1:[sp=Y,119] S=3,X=67,R=1,C=3,Y=66,K=1 || L2:[sp=K,19] R=1,C=1,Y=1,K=1,X=49,S=1",-inf,-inf,0,Y|K,1
K,119,R,1,X,49,S,3,Y,66,K,1,C,3,Y,19,C,1,Y,1,X,49,K,1,R,1,S,1,"L1:[sp=K,119] R=1,X=49,S=3,Y=66,K=1,C=3 || L2:[sp=Y,19] C=1,Y=1,X=49,K=1,R=1,S=1",-inf,-inf,0,K|Y,1
K,119,Y,55,R,1,S,1,X,57,K,53,C,2,Y,19,C,1,Y,22,S,1,X,49,R,1,K,1,"L1:[sp=K,119] Y=55,R=1,S=1,X=57,K=53,C=2 || L2:[sp=Y,19] C=1,Y=22,S=1,X=49,R=1,K=1",-inf,-inf,0,K|Y,1
Y,119,S,4,X,64,R,5,C,3,Y,66,K,1,K,19,R,1,C,1,Y,1,K,1,X,49,S,1,"L1:[sp=Y,119] S=4,X=64,R=5,C=3,Y=66,K=1 || L2:[sp=K,19] R=1,C=1,Y=1,K=1,X=49,S=1",-inf,-inf,0,Y|K,1
K,119,Y,55,R,1,X,57,S,1,K,26,C,2,Y,19,C,1,Y,1,S,1,K,1,R,1,X,49,"L1:[sp=K,119] Y=55,R=1,X=57,S=1,K=26,C=2 || L2:[sp=Y,19] C=1,Y=1,S=1,K=1,R=1,X=49",-inf,-inf,0,K|Y,1
Y,119,S,3,X,49,R,2,C,3,Y,66,K,1,K,19,R,1,Y,13,C,1,K,1,X,49,S,1,"L1:[sp=Y,119] S=3,X=49,R=2,C=3,Y=66,K=1 || L2:[sp=K,19] R=1,Y=13,C=1,K=1,X=49,S=1",-inf,-inf,0,Y|K,1
K,119,R,1,C,3,S,3,X,49,K,1,Y,87,Y,19,C,1,R,1,Y,1,K,1,S,1,X,39,"L1:[sp=K,119] R=1,C=3,S=3,X=49,K=1,Y=87 || L2:[sp=Y,19] C=1,R=1,Y=1,K=1,S=1,X=39",-inf,-inf,0,K|Y,1
K,119,S,7,X,49,Y,66,C,3,R,4,K,1,Y,19,C,2,R,4,S,7,K,1,X,49,Y,1,"L1:[sp=K,119] S=7,X=49,Y=66,C=3,R=4,K=1 || L2:[sp=Y,19] C=2,R=4,S=7,K=1,X=49,Y=1",-inf,-inf,0,K|Y,1
K,119,R,1,X,49,S,3,C,3,K,1,Y,87,Y,19,C,1,R,1,Y,1,K,1,S,2,X,49,"L1:[sp=K,119] R=1,X=49,S=3,C=3,K=1,Y=87 || L2:[sp=Y,19] C=1,R=1,Y=1,K=1,S=2,X=49",-inf,-inf,0,K|Y,1
K,119,Y,81,R,1,S,1,X,57,K,1,C,2,Y,19,C,1,Y,55,S,1,X,49,R,1,K,1,"L1:[sp=K,119] Y=81,R=1,S=1,X=57,K=1,C=2 || L2:[sp=Y,19] C=1,Y=55,S=1,X=49,R=1,K=1",-inf,-inf,0,K|Y,1
K,119,Y,84,R,1,S,3,X,38,K,1,C,2,Y,19,C,1,Y,1,S,1,K,1,R,1,X,38,"L1:[sp=K,119] Y=84,R=1,S=3,X=38,K=1,C=2 || L2:[sp=Y,19] C=1,Y=1,S=1,K=1,R=1,X=38",-inf,-inf,0,K|Y,1
K,119,Y,87,R,4,S,7,X,49,K,1,C,2,Y,19,C,1,Y,1,S,1,K,1,R,1,X,49,"L1:[sp=K,119] Y=87,R=4,S=7,X=49,K=1,C=2 || L2:[sp=Y,19] C=1,Y=1,S=1,K=1,R=1,X=49",-inf,-inf,0,K|Y,1
Y,119,R,4,X,49,S,3,C,3,K,1,Y,87,Y,19,C,2,K,1,Y,1,R,1,S,1,X,49,"L1:[sp=Y,119] R=4,X=49,S=3,C=3,K=1,Y=87 || L2:[sp=Y,19] C=2,K=1,Y=1,R=1,S=1,X=49",-inf,-inf,0,Y|Y,1
X,119,Y,55,R,1,S,7,X,38,K,1,C,2,K,19,Y,1,C,1,S,1,K,1,R,1,X,38,"L1:[sp=X,119] Y=55,R=1,S=7,X=38,K=1,C=2 || L2:[sp=K,19] Y=1,C=1,S=1,K=1,R=1,X=38",-inf,-inf,0,X|K,1
K,119,X,49,S,3,R,1,C,3,Y,66,K,17,Y,19,X,49,C,2,Y,1,K,1,R,1,S,1,"L1:[sp=K,119] X=49,S=3,R=1,C=3,Y=66,K=17 || L2:[sp=Y,19] X=49,C=2,Y=1,K=1,R=1,S=1",-inf,-inf,0,K|Y,1
K,119,Y,66,R,4,S,3,X,49,K,1,C,3,K,1,C,1,Y,1,S,1,X,49,R,1,K,1,"L1:[sp=K,119] Y=66,R=4,S=3,X=49,K=1,C=3 || L2:[sp=K,1] C=1,Y=1,S=1,X=49,R=1,K=1",-inf,-inf,0,K|K,1
K,119,K,1,R,2,C,2,X,43,Y,25,S,1,Y,19,X,14,R,1,Y,23,S,1,C,1,K,1,"L1:[sp=K,119] K=1,R=2,C=2,X=43,Y=25,S=1 || L2:[sp=Y,19] X=14,R=1,Y=23,S=1,C=1,K=1",-inf,-inf,0,K|Y,1
K,119,Y,84,R,1,S,1,X,43,K,33,C,2,C,2,C,1,Y,6,S,1,X,14,R,1,K,1,"L1:[sp=K,119] Y=84,R=1,S=1,X=43,K=33,C=2 || L2:[sp=C,2] C=1,Y=6,S=1,X=14,R=1,K=1",-inf,-inf,0,K|C,1
K,119,Y,84,R,1,S,1,K,45,X,43,C,2,Y,19,C,1,Y,6,S,1,X,14,R,1,K,1,"L1:[sp=K,119] Y=84,R=1,S=1,K=45,X=43,C=2 || L2:[sp=Y,19] C=1,Y=6,S=1,X=14,R=1,K=1",-inf,-inf,0,K|Y,1
X,119,Y,55,R,1,S,3,X,38,K,37,C,2,K,19,Y,1,C,1,S,1,K,1,R,1,X,38,"L1:[sp=X,119] Y=55,R=1,S=3,X=38,K=37,C=2 || L2:[sp=K,19] Y=1,C=1,S=1,K=1,R=1,X=38",-inf,-inf,0,X|K,1
K,119,K,1,X,49,C,2,R,1,Y,66,S,3,Y,19,X,49,R,1,Y,1,S,1,C,2,K,1,"L1:[sp=K,119] K=1,X=49,C=2,R=1,Y=66,S=3 || L2:[sp=Y,19] X=49,R=1,Y=1,S=1,C=2,K=1",-inf,-inf,0,K|Y,1
K,119,Y,66,X,49,R,7,C,3,S,3,K,1,C,3,X,46,Y,1,C,2,K,1,R,1,S,1,"L1:[sp=K,119] Y=66,X=49,R=7,C=3,S=3,K=1 || L2:[sp=C,3] X=46,Y=1,C=2,K=1,R=1,S=1",-inf,-inf,0,K|C,1
K,119,Y,66,X,197,C,3,R,1,K,1,S,3,Y,19,X,49,R,1,Y,1,S,1,C,1,K,1,"L1:[sp=K,119] Y=66,X=197,C=3,R=1,K=1,S=3 || L2:[sp=Y,19] X=49,R=1,Y=1,S=1,C=1,K=1",-inf,-inf,0,K|Y,1
K,119,Y,84,C,2,S,3,R,1,K,1,X,116,Y,19,C,1,Y,1,S,1,K,1,R,1,X,38,"L1:[sp=K,119] Y=84,C=2,S=3,R=1,K=1,X=116 || L2:[sp=Y,19] C=1,Y=1,S=1,K=1,R=1,X=38",-inf,-inf,0,K|Y,1
K,119,K,1,X,49,C,3,R,7,Y,66,S,3,Y,19,K,1,R,1,Y,1,S,1,X,46,C,2,"L1:[sp=K,119] K=1,X=49,C=3,R=7,Y=66,S=3 || L2:[sp=Y,19] K=1,R=1,Y=1,S=1,X=46,C=2",-inf,-inf,0,K|Y,1
X,119,K,1,X,49,C,3,R,1,Y,66,S,3,K,7,X,49,R,1,Y,13,S,1,C,1,K,1,"L1:[sp=X,119] K=1,X=49,C=3,R=1,Y=66,S=3 || L2:[sp=K,7] X=49,R=1,Y=13,S=1,C=1,K=1",-inf,-inf,0,X|K,1
K,119,K,1,X,49,C,2,R,4,Y,87,S,7,Y,19,X,12,R,1,K,1,S,1,C,1,Y,42,"L1:[sp=K,119] K=1,X=49,C=2,R=4,Y=87,S=7 || L2:[sp=Y,19] X=12,R=1,K=1,S=1,C=1,Y=42",-inf,-inf,0,K|Y,1
K,119,Y,66,X,49,C,3,R,1,K,11,S,3,Y,19,X,36,R,1,Y,1,S,1,C,1,K,1,"L1:[sp=K,119] Y=66,X=49,C=3,R=1,K=11,S=3 || L2:[sp=Y,19] X=36,R=1,Y=1,S=1,C=1,K=1",-inf,-inf,0,K|Y,1
K,119,Y,66,X,49,C,3,R,1,K,42,S,3,Y,19,X,49,R,1,C,1,S,1,Y,1,K,1,"L1:[sp=K,119] Y=66,X=49,C=3,R=1,K=42,S=3 || L2:[sp=Y,19] X=49,R=1,C=1,S=1,Y=1,K=1",-inf,-inf,0,K|Y,1
K,119,C,2,R,1,S,3,X,38,K,1,Y,111,C,1,C,1,Y,97,S,1,X,38,R,1,K,1,"L1:[sp=K,119] C=2,R=1,S=3,X=38,K=1,Y=111 || L2:[sp=C,1] C=1,Y=97,S=1,X=38,R=1,K=1",-inf,-inf,0,K|C,1
K,119,Y,66,X,49,R,6,C,3,S,3,K,1,Y,19,X,46,C,2,K,1,Y,52,R,1,S,1,"L1:[sp=K,119] Y=66,X=49,R=6,C=3,S=3,K=1 || L2:[sp=Y,19] X=46,C=2,K=1,Y=52,R=1,S=1",-inf,-inf,0,K|Y,1
K,119,K,1,X,64,C,3,R,5,Y,66,S,3,Y,11,X,49,R,1,Y,1,S,3,C,1,K,1,"L1:[sp=K,119] K=1,X=64,C=3,R=5,Y=66,S=3 || L2:[sp=Y,11] X=49,R=1,Y=1,S=3,C=1,K=1",-inf,-inf,0,K|Y,1
K,119,C,3,X,49,R,6,Y,66,S,3,K,1,Y,19,X,46,C,2,K,1,Y,1,R,5,S,1,"L1:[sp=K,119] C=3,X=49,R=6,Y=66,S=3,K=1 || L2:[sp=Y,19] X=46,C=2,K=1,Y=1,R=5,S=1",-inf,-inf,0,K|Y,1
K,119,K,1,X,149,C,3,R,1,Y,66,S,7,Y,19,Y,1,R,1,X,49,S,1,C,1,K,1,"L1:[sp=K,119] K=1,X=149,C=3,R=1,Y=66,S=7 || L2:[sp=Y,19] Y=1,R=1,X=49,S=1,C=1,K=1",-inf,-inf,0,K|Y,1
K,119,C,1,R,1,S,3,X,38,K,1,Y,84,Y,19,C,1,Y,1,S,1,X,38,R,1,K,1,"L1:[sp=K,119] C=1,R=1,S=3,X=38,K=1,Y=84 || L2:[sp=Y,19] C=1,Y=1,S=1,X=38,R=1,K=1",-inf,-inf,0,K|Y,1
K,119,Y,84,R,1,S,3,K,22,X,38,C,2,Y,19,C,1,Y,1,S,1,X,37,R,1,K,1,"L1:[sp=K,119] Y=84,R=1,S=3,K=22,X=38,C=2 || L2:[sp=Y,19] C=1,Y=1,S=1,X=37,R=1,K=1",-inf,-inf,0,K|Y,1
K,119,Y,84,R,1,S,3,X,64,K,1,C,2,Y,19,C,1,Y,39,S,3,X,49,R,1,K,1,"L1:[sp=K,119] Y=84,R=1,S=3,X=64,K=1,C=2 || L2:[sp=Y,19] C=1,Y=39,S=3,X=49,R=1,K=1",-inf,-inf,0,K|Y,1
X,119,K,1,R,1,C,3,X,38,Y,66,S,3,Y,19,K,1,Y,1,R,1,S,1,X,38,C,1,"L1:[sp=X,119] K=1,R=1,C=3,X=38,Y=66,S=3 || L2:[sp=Y,19] K=1,Y=1,R=1,S=1,X=38,C=1",-inf,-inf,0,X|Y,1
K,119,S,3,X,38,C,3,R,1,Y,152,K,1,Y,19,X,38,Y,43,R,1,S,1,C,1,K,1,"L1:[sp=K,119] S=3,X=38,C=3,R=1,Y=152,K=1 || L2:[sp=Y,19] X=38,Y=43,R=1,S=1,C=1,K=1",-inf,-inf,0,K|Y,1
K,119,K,13,X,38,C,2,R,1,Y,84,S,3,Y,19,Y,1,R,1,X,38,S,1,C,1,K,1,"L1:[sp=K,119] K=13,X=38,C=2,R=1,Y=84,S=3 || L2:[sp=Y,19] Y=1,R=1,X=38,S=1,C=1,K=1",-inf,-inf,0,K|Y,1
K,119,Y,66,X,64,R,6,C,3,S,3,K,29,Y,19,R,1,C,1,K,1,X,49,Y,1,S,3,"L1:[sp=K,119] Y=66,X=64,R=6,C=3,S=3,K=29 || L2:[sp=Y,19] R=1,C=1,K=1,X=49,Y=1,S=3",-inf,-inf,0,K|Y,1
K,119,K,1,R,6,C,3,X,49,Y,66,S,3,Y,19,K,1,R,1,Y,1,S,1,X,46,C,3,"L1:[sp=K,119] K=1,R=6,C=3,X=49,Y=66,S=3 || L2:[sp=Y,19] K=1,R=1,Y=1,S=1,X=46,C=3",-inf,-inf,0,K|Y,1
K,119,K,1,X,49,C,3,R,1,Y,66,S,1,Y,19,Y,1,R,1,X,49,K,1,C,1,S,1,"L1:[sp=K,119] K=1,X=49,C=3,R=1,Y=66,S=1 || L2:[sp=Y,19] Y=1,R=1,X=49,K=1,C=1,S=1",-inf,-inf,0,K|Y,1
K,119,S,3,X,49,C,3,R,6,Y,66,K,1,C,3,X,26,R,1,C,2,S,1,Y,1,K,1,"L1:[sp=K,119] S=3,X=49,C=3,R=6,Y=66,K=1 || L2:[sp=C,3] X=26,R=1,C=2,S=1,Y=1,K=1",-inf,-inf,0,K|C,1
X,119,K,19,R,3,C,1,X,49,Y,66,S,3,Y,19,K,1,R,1,Y,1,S,2,X,49,C,1,"L1:[sp=X,119] K=19,R=3,C=1,X=49,Y=66,S=3 || L2:[sp=Y,19] K=1,R=1,Y=1,S=2,X=49,C=1",-inf,-inf,0,X|Y,1
K,119,C,1,R,3,S,3,X,49,K,1,Y,66,C,1,R,1,Y,1,S,1,X,49,C,1,K,1,"L1:[sp=K,119] C=1,R=3,S=3,X=49,K=1,Y=66 || L2:[sp=C,1] R=1,Y=1,S=1,X=49,C=1,K=1",-inf,-inf,0,K|C,1
X,119,K,1,R,1,C,1,X,49,Y,84,S,3,K,1,K,1,R,1,Y,1,S,1,X,13,C,1,"L1:[sp=X,119] K=1,R=1,C=1,X=49,Y=84,S=3 || L2:[sp=K,1] K=1,R=1,Y=1,S=1,X=13,C=1",-inf,-inf,0,X|K,1
K,119,K,1,X,49,C,3,R,1,Y,66,S,3,K,1,Y,1,R,1,X,49,K,1,C,1,S,1,"L1:[sp=K,119] K=1,X=49,C=3,R=1,Y=66,S=3 || L2:[sp=K,1] Y=1,R=1,X=49,K=1,C=1,S=1",-inf,-inf,0,K|K,1
X,119,Y,44,R,1,S,3,X,49,K,48,C,1,Y,19,C,1,Y,1,S,1,X,49,R,1,K,1,"L1:[sp=X,119] Y=44,R=1,S=3,X=49,K=48,C=1 || L2:[sp=Y,19] C=1,Y=1,S=1,X=49,R=1,K=1",-inf,-inf,0,X|Y,1
K,119,K,1,X,49,C,3,R,1,Y,222,S,2,Y,19,Y,1,R,1,X,49,K,1,C,1,S,1,"L1:[sp=K,119] K=1,X=49,C=3,R=1,Y=222,S=2 || L2:[sp=Y,19] Y=1,R=1,X=49,K=1,C=1,S=1",-inf,-inf,0,K|Y,1
K,119,Y,84,R,1,S,3,X,38,K,1,C,2,Y,19,C,2,Y,1,S,1,X,38,K,1,R,1,"L1:[sp=K,119] Y=84,R=1,S=3,X=38,K=1,C=2 || L2:[sp=Y,19] C=2,Y=1,S=1,X=38,K=1,R=1",-inf,-inf,0,K|Y,1
X,119,Y,66,R,6,S,3,X,49,K,4,C,1,Y,19,C,1,Y,1,S,1,X,49,R,1,K,4,"L1:[sp=X,119] Y=66,R=6,S=3,X=49,K=4,C=1 || L2:[sp=Y,19] C=1,Y=1,S=1,X=49,R=1,K=4",-inf,-inf,0,X|Y,1
K,119,Y,66,X,49,R,6,K,1,S,3,C,3,Y,19,X,26,C,1,K,1,Y,45,R,1,S,1,"L1:[sp=K,119] Y=66,X=49,R=6,K=1,S=3,C=3 || L2:[sp=Y,19] X=26,C=1,K=1,Y=45,R=1,S=1",-inf,-inf,0,K|Y,1
K,119,C,1,R,1,S,3,Y,18,K,1,X,49,X,7,C,1,Y,1,S,1,X,13,R,1,K,1,"L1:[sp=K,119] C=1,R=1,S=3,Y=18,K=1,X=49 || L2:[sp=X,7] C=1,Y=1,S=1,X=13,R=1,K=1",-inf,-inf,0,K|X,1
K,119,C,1,R,1,S,3,Y,49,K,1,X,49,Y,19,C,1,Y,1,S,1,X,13,R,1,K,1,"L1:[sp=K,119] C=1,R=1,S=3,Y=49,K=1,X=49 || L2:[sp=Y,19] C=1,Y=1,S=1,X=13,R=1,K=1",-inf,-inf,0,K|Y,1
K,119,S,6,X,38,K,1,Y,66,R,1,C,3,Y,19,X,10,R,1,Y,34,S,1,C,2,K,1,"L1:[sp=K,119] S=6,X=38,K=1,Y=66,R=1,C=3 || L2:[sp=Y,19] X=10,R=1,Y=34,S=1,C=2,K=1",-inf,-inf,0,K|Y,1
K,119,C,1,R,1,S,3,X,49,K,1,Y,84,Y,19,C,1,Y,1,S,1,X,26,R,1,K,1,"L1:[sp=K,119] C=1,R=1,S=3,X=49,K=1,Y=84 || L2:[sp=Y,19] C=1,Y=1,S=1,X=26,R=1,K=1",-inf,-inf,0,K|Y,1
K,119,X,210,S,3,K,1,Y,66,R,1,C,3,Y,19,X,38,R,1,Y,1,S,1,C,2,K,1,"L1:[sp=K,119] X=210,S=3,K=1,Y=66,R=1,C=3 || L2:[sp=Y,19] X=38,R=1,Y=1,S=1,C=2,K=1",-inf,-inf,0,K|Y,1
K,119,C,1,R,1,S,3,X,38,K,58,Y,84,Y,19,C,1,Y,1,S,1,X,38,R,1,K,1,"L1:[sp=K,119] C=1,R=1,S=3,X=38,K=58,Y=84 || L2:[sp=Y,19] C=1,Y=1,S=1,X=38,R=1,K=1",-inf,-inf,0,K|Y,1
K,119,C,1,R,1,S,4,Y,84,K,21,X,49,Y,19,C,1,Y,1,S,2,X,13,R,1,K,1,"L1:[sp=K,119] C=1,R=1,S=4,Y=84,K=21,X=49 || L2:[sp=Y,19] C=1,Y=1,S=2,X=13,R=1,K=1",-inf,-inf,0,K|Y,1
K,119,Y,84,R,1,K,1,X,49,S,3,C,2,Y,12,C,1,Y,1,S,1,X,13,R,1,K,1,"L1:[sp=K,119] Y=84,R=1,K=1,X=49,S=3,C=2 || L2:[sp=Y,12] C=1,Y=1,S=1,X=13,R=1,K=1",-inf,-inf,0,K|Y,1
K,119,Y,66,X,98,C,2,R,1,S,3,K,1,Y,19,X,49,R,1,Y,1,S,1,C,1,K,1,"L1:[sp=K,119] Y=66,X=98,C=2,R=1,S=3,K=1 || L2:[sp=Y,19] X=49,R=1,Y=1,S=1,C=1,K=1",-inf,-inf,0,K|Y,1
K,119,C,2,R,6,S,3,X,49,K,1,Y,66,C,1,X,3,Y,1,S,1,C,1,R,1,K,1,"L1:[sp=K,119] C=2,R=6,S=3,X=49,K=1,Y=66 || L2:[sp=C,1] X=3,Y=1,S=1,C=1,R=1,K=1",-inf,-inf,0,K|C,1
Y,119,Y,66,K,1,C,1,R,1,S,3,X,46,K,19,X,13,R,1,Y,33,C,1,S,1,K,1,"L1:[sp=Y,119] Y=66,K=1,C=1,R=1,S=3,X=46 || L2:[sp=K,19] X=13,R=1,Y=33,C=1,S=1,K=1",-inf,-inf,0,Y|K,1
K,119,Y,66,X,188,K,1,S,3,R,1,C,3,Y,19,X,26,R,1,Y,1,S,1,C,2,K,1,"L1:[sp=K,119] Y=66,X=188,K=1,S=3,R=1,C=3 || L2:[sp=Y,19] X=26,R=1,Y=1,S=1,C=2,K=1",-inf,-inf,0,K|Y,1
K,119,C,1,K,1,S,3,R,3,Y,66,X,49,Y,1,X,49,R,1,Y,1,S,1,C,1,K,1,"L1:[sp=K,119] C=1,K=1,S=3,R=3,Y=66,X=49 || L2:[sp=Y,1] X=49,R=1,Y=1,S=1,C=1,K=1",-inf,-inf,0,K|Y,1
Y,119,Y,66,K,10,C,1,R,1,S,3,X,49,K,19,X,13,R,1,Y,1,S,1,C,1,K,5,"L1:[sp=Y,119] Y=66,K=10,C=1,R=1,S=3,X=49 || L2:[sp=K,19] X=13,R=1,Y=1,S=1,C=1,K=5",-inf,-inf,0,Y|K,1
K,119,C,2,R,1,S,6,X,125,K,1,Y,66,Y,19,C,1,Y,1,S,1,X,49,R,1,K,1,"L1:[sp=K,119] C=2,R=1,S=6,X=125,K=1,Y=66 || L2:[sp=Y,19] C=1,Y=1,S=1,X=49,R=1,K=1",-inf,-inf,0,K|Y,1
C,119,Y,84,R,1,S,3,X,63,K,1,C,2,X,1,C,1,Y,1,S,1,X,26,R,1,K,1,"L1:[sp=C,119] Y=84,R=1,S=3,X=63,K=1,C=2 || L2:[sp=X,1] C=1,Y=1,S=1,X=26,R=1,K=1",-inf,-inf,0,C|X,1
K,119,Y,177,C,1,X,49,R,6,S,3,K,1,C,19,X,39,R,1,K,1,S,1,C,1,Y,1,"L1:[sp=K,119] Y=177,C=1,X=49,R=6,S=3,K=1 || L2:[sp=C,19] X=39,R=1,K=1,S=1,C=1,Y=1",-inf,-inf,0,K|C,1
Y,119,C,3,X,49,S,3,Y,84,K,1,R,1,X,49,C,1,Y,1,S,1,X,16,R,1,K,1,"L1:[sp=Y,119] C=3,X=49,S=3,Y=84,K=1,R=1 || L2:[sp=X,49] C=1,Y=1,S=1,X=16,R=1,K=1",-inf,-inf,0,Y|X,1
K,119,C,2,R,1,S,2,X,49,K,1,Y,66,Y,19,C,1,Y,65,S,1,X,13,R,1,K,1,"L1:[sp=K,119] C=2,R=1,S=2,X=49,K=1,Y=66 || L2:[sp=Y,19] C=1,Y=65,S=1,X=13,R=1,K=1",-inf,-inf,0,K|Y,1
K,119,K,1,R,1,S,3,X,49,C,2,Y,66,X,7,C,1,Y,1,S,1,X,30,R,1,K,1,"L1:[sp=K,119] K=1,R=1,S=3,X=49,C=2,Y=66 || L2:[sp=X,7] C=1,Y=1,S=1,X=30,R=1,K=1",-inf,-inf,0,K|X,1
K,119,Y,66,R,1,S,3,X,99,K,1,C,2,Y,19,C,1,Y,61,S,1,X,49,R,1,K,1,"L1:[sp=K,119] Y=66,R=1,S=3,X=99,K=1,C=2 || L2:[sp=Y,19] C=1,Y=61,S=1,X=49,R=1,K=1",-inf,-inf,0,K|Y,1
X,119,C,3,X,49,S,3,Y,84,K,1,R,1,Y,19,C,1,Y,1,K,1,X,14,R,1,S,1,"L1:[sp=X,119] C=3,X=49,S=3,Y=84,K=1,R=1 || L2:[sp=Y,19] C=1,Y=1,K=1,X=14,R=1,S=1",-inf,-inf,0,X|Y,1
Y,119,C,3,X,49,S,3,Y,84,K,1,R,1,Y,1,C,1,S,1,Y,1,X,14,R,1,K,1,"L1:[sp=Y,119] C=3,X=49,S=3,Y=84,K=1,R=1 || L2:[sp=Y,1] C=1,S=1,Y=1,X=14,R=1,K=1",-inf,-inf,0,Y|Y,1
C,119,Y,84,R,1,S,3,X,89,K,1,C,1,C,1,C,1,Y,56,S,1,X,26,R,1,K,1,"L1:[sp=C,119] Y=84,R=1,S=3,X=89,K=1,C=1 || L2:[sp=C,1] C=1,Y=56,S=1,X=26,R=1,K=1",-inf,-inf,0,C|C,1
K,119,Y,66,R,1,S,3,X,49,K,1,C,2,Y,19,C,2,Y,39,S,1,X,36,R,1,K,1,"L1:[sp=K,119] Y=66,R=1,S=3,X=49,K=1,C=2 || L2:[sp=Y,19] C=2,Y=39,S=1,X=36,R=1,K=1",-inf,-inf,0,K|Y,1
Y,119,C,3,X,89,S,3,Y,50,K,1,R,1,Y,2,Y,1,C,1,S,1,X,66,R,1,K,1,"L1:[sp=Y,119] C=3,X=89,S=3,Y=50,K=1,R=1 || L2:[sp=Y,2] Y=1,C=1,S=1,X=66,R=1,K=1",-inf,-inf,0,Y|Y,1
C,119,Y,97,C,1,S,4,K,1,X,169,R,1,Y,19,C,1,Y,1,X,14,S,1,R,1,K,1,"L1:[sp=C,119] Y=97,C=1,S=4,K=1,X=169,R=1 || L2:[sp=Y,19] C=1,Y=1,X=14,S=1,R=1,K=1",-inf,-inf,0,C|Y,1
Y,119,C,3,X,49,S,3,Y,170,K,1,R,6,Y,19,C,1,Y,1,S,1,X,14,R,1,K,1,"L1:[sp=Y,119] C=3,X=49,S=3,Y=170,K=1,R=6 || L2:[sp=Y,19] C=1,Y=1,S=1,X=14,R=1,K=1",-inf,-inf,0,Y|Y,1
K,119,C,2,R,1,S,3,X,49,K,1,Y,66,Y,19,C,1,Y,1,S,1,X,48,R,1,K,1,"L1:[sp=K,119] C=2,R=1,S=3,X=49,K=1,Y=66 || L2:[sp=Y,19] C=1,Y=1,S=1,X=48,R=1,K=1",-inf,-inf,0,K|Y,1
K,119,Y,116,C,2,S,3,X,49,K,1,R,1,Y,19,C,2,Y,1,S,1,X,49,R,1,K,1,"L1:[sp=K,119] Y=116,C=2,S=3,X=49,K=1,R=1 || L2:[sp=Y,19] C=2,Y=1,S=1,X=49,R=1,K=1",-inf,-inf,0,K|Y,1
K,119,Y,115,R,3,S,3,C,2,K,1,X,49,Y,19,K,1,Y,1,S,1,X,36,R,1,C,1,"L1:[sp=K,119] Y=115,R=3,S=3,C=2,K=1,X=49 || L2:[sp=Y,19] K=1,Y=1,S=1,X=36,R=1,C=1",-inf,-inf,0,K|Y,1
Y,119,C,3,X,49,S,3,Y,170,K,1,R,1,Y,19,C,1,Y,131,S,2,X,14,R,1,K,1,"L1:[sp=Y,119] C=3,X=49,S=3,Y=170,K=1,R=1 || L2:[sp=Y,19] C=1,Y=131,S=2,X=14,R=1,K=1",-inf,-inf,0,Y|Y,1
Y,119,C,3,X,159,S,3,Y,170,K,1,R,1,Y,19,C,1,Y,1,S,2,X,14,R,1,K,1,"L1:[sp=Y,119] C=3,X=159,S=3,Y=170,K=1,R=1 || L2:[sp=Y,19] C=1,Y=1,S=2,X=14,R=1,K=1",-inf,-inf,0,Y|Y,1
Y,119,C,3,X,49,K,1,Y,84,S,3,R,1,Y,19,C,1,Y,72,S,3,X,14,R,1,K,1,"L1:[sp=Y,119] C=3,X=49,K=1,Y=84,S=3,R=1 || L2:[sp=Y,19] C=1,Y=72,S=3,X=14,R=1,K=1",-inf,-inf,0,Y|Y,1
K,119,Y,66,R,1,S,3,X,49,K,1,C,3,Y,19,C,1,Y,1,S,1,X,14,R,1,K,1,"L1:[sp=K,119] Y=66,R=1,S=3,X=49,K=1,C=3 || L2:[sp=Y,19] C=1,Y=1,S=1,X=14,R=1,K=1",-inf,-inf,0,K|Y,1
C,119,Y,142,K,1,S,3,X,19,R,1,C,2,Y,19,C,1,Y,17,S,1,X,19,R,1,K,1,"L1:[sp=C,119] Y=142,K=1,S=3,X=19,R=1,C=2 || L2:[sp=Y,19] C=1,Y=17,S=1,X=19,R=1,K=1",-inf,-inf,0,C|Y,1
Y,119,C,3,X,49,S,3,Y,12,K,1,R,1,K,19,C,1,Y,1,S,1,X,14,R,1,K,1,"L1:[sp=Y,119] C=3,X=49,S=3,Y=12,K=1,R=1 || L2:[sp=K,19] C=1,Y=1,S=1,X=14,R=1,K=1",-inf,-inf,0,Y|K,1
Y,119,R,1,X,69,S,3,Y,22,K,1,C,2,Y,19,C,1,Y,1,S,3,X,14,R,1,K,1,"L1:[sp=Y,119] R=1,X=69,S=3,Y=22,K=1,C=2 || L2:[sp=Y,19] C=1,Y=1,S=3,X=14,R=1,K=1",-inf,-inf,0,Y|Y,1
Y,119,R,1,X,49,S,3,Y,22,K,1,C,3,X,49,C,1,Y,1,S,1,X,13,R,1,K,1,"L1:[sp=Y,119] R=1,X=49,S=3,Y=22,K=1,C=3 || L2:[sp=X,49] C=1,Y=1,S=1,X=13,R=1,K=1",-inf,-inf,0,Y|X,1
K,119,Y,141,R,2,S,3,C,2,K,1,X,49,Y,19,K,1,Y,1,S,2,X,36,R,1,C,1,"L1:[sp=K,119] Y=141,R=2,S=3,C=2,K=1,X=49 || L2:[sp=Y,19] K=1,Y=1,S=2,X=36,R=1,C=1",-inf,-inf,0,K|Y,1
K,119,Y,141,R,1,S,3,C,3,K,1,X,49,Y,19,K,1,Y,1,S,1,X,32,R,1,C,1,"L1:[sp=K,119] Y=141,R=1,S=3,C=3,K=1,X=49 || L2:[sp=Y,19] K=1,Y=1,S=1,X=32,R=1,C=1",-inf,-inf,0,K|Y,1
K,119,Y,171,R,1,S,3,C,2,K,14,X,49,Y,19,K,1,Y,1,S,3,X,49,R,1,C,1,"L1:[sp=K,119] Y=171,R=1,S=3,C=2,K=14,X=49 || L2:[sp=Y,19] K=1,Y=1,S=3,X=49,R=1,C=1",-inf,-inf,0,K|Y,1
X,119,R,1,X,69,S,3,Y,22,K,1,C,3,Y,19,C,1,Y,1,S,1,X,1,R,1,K,1,"L1:[sp=X,119] R=1,X=69,S=3,Y=22,K=1,C=3 || L2:[sp=Y,19] C=1,Y=1,S=1,X=1,R=1,K=1",-inf,-inf,0,X|Y,1
K,119,C,3,X,32,S,1,Y,66,K,1,R,1,Y,19,C,1,Y,13,K,1,X,32,R,1,S,1,"L1:[sp=K,119] C=3,X=32,S=1,Y=66,K=1,R=1 || L2:[sp=Y,19] C=1,Y=13,K=1,X=32,R=1,S=1",-inf,-inf,0,K|Y,1
K,119,Y,12,R,1,S,3,C,2,K,1,X,49,Y,19,S,1,Y,1,K,1,X,14,R,1,C,1,"L1:[sp=K,119] Y=12,R=1,S=3,C=2,K=1,X=49 || L2:[sp=Y,19] S=1,Y=1,K=1,X=14,R=1,C=1",-inf,-inf,0,K|Y,1
C,119,R,2,X,49,S,3,Y,141,K,1,C,3,Y,19,C,1,Y,35,S,1,X,36,R,1,K,1,"L1:[sp=C,119] R=2,X=49,S=3,Y=141,K=1,C=3 || L2:[sp=Y,19] C=1,Y=35,S=1,X=36,R=1,K=1",-inf,-inf,0,C|Y,1
Y,119,Y,66,R,1,S,3,C,2,K,1,X,111,Y,19,K,1,Y,1,S,3,X,49,R,1,C,1,"L1:[sp=Y,119] Y=66,R=1,S=3,C=2,K=1,X=111 || L2:[sp=Y,19] K=1,Y=1,S=3,X=49,R=1,C=1",-inf,-inf,0,Y|Y,1
Y,119,C,2,R,1,S,3,X,49,K,1,Y,66,K,19,C,2,K,1,S,1,X,23,R,1,Y,1,"L1:[sp=Y,119] C=2,R=1,S=3,X=49,K=1,Y=66 || L2:[sp=K,19] C=2,K=1,S=1,X=23,R=1,Y=1",-inf,-inf,0,Y|K,1
X,119,C,3,R,1,S,3,X,49,K,1,Y,66,Y,19,C,2,Y,1,K,1,S,3,R,1,X,49,"L1:[sp=X,119] C=3,R=1,S=3,X=49,K=1,Y=66 || L2:[sp=Y,19] C=2,Y=1,K=1,S=3,R=1,X=49",-inf,-inf,0,X|Y,1
X,119,R,2,X,49,S,3,Y,66,K,28,C,3,Y,19,C,1,Y,1,S,1,X,13,R,1,K,1,"L1:[sp=X,119] R=2,X=49,S=3,Y=66,K=28,C=3 || L2:[sp=Y,19] C=1,Y=1,S=1,X=13,R=1,K=1",-inf,-inf,0,X|Y,1
Y,119,R,1,X,69,S,3,Y,22,K,1,C,3,C,1,C,1,Y,1,S,1,X,14,R,1,K,1,"L1:[sp=Y,119] R=1,X=69,S=3,Y=22,K=1,C=3 || L2:[sp=C,1] C=1,Y=1,S=1,X=14,R=1,K=1",-inf,-inf,0,Y|C,1
Y,119,C,2,R,1,S,3,X,69,K,1,Y,66,Y,19,C,2,Y,1,S,1,K,1,R,1,X,14,"L1:[sp=Y,119] C=2,R=1,S=3,X=69,K=1,Y=66 || L2:[sp=Y,19] C=2,Y=1,S=1,K=1,R=1,X=14",-inf,-inf,0,Y|Y,1
Y,119,R,1,X,69,S,7,Y,22,K,1,C,3,Y,19,C,1,Y,1,S,1,X,14,R,1,K,1,"L1:[sp=Y,119] R=1,X=69,S=7,Y=22,K=1,C=3 || L2:[sp=Y,19] C=1,Y=1,S=1,X=14,R=1,K=1",-inf,-inf,0,Y|Y,1
Y,119,C,2,R,1,S,5,X,49,K,1,Y,66,K,19,C,1,Y,55,S,1,X,13,R,1,K,1,"L1:[sp=Y,119] C=2,R=1,S=5,X=49,K=1,Y=66 || L2:[sp=K,19] C=1,Y=55,S=1,X=13,R=1,K=1",-inf,-inf,0,Y|K,1
C,119,R,1,X,159,S,3,Y,53,K,14,C,3,Y,19,C,2,Y,1,S,3,X,49,R,1,K,1,"L1:[sp=C,119] R=1,X=159,S=3,Y=53,K=14,C=3 || L2:[sp=Y,19] C=2,Y=1,S=3,X=49,R=1,K=1",-inf,-inf,0,C|Y,1
X,119,C,3,R,1,S,3,X,69,K,1,Y,66,Y,19,C,2,Y,1,S,1,K,1,R,1,X,14,"L1:[sp=X,119] C=3,R=1,S=3,X=69,K=1,Y=66 || L2:[sp=Y,19] C=2,Y=1,S=1,K=1,R=1,X=14",-inf,-inf,0,X|Y,1
Y,119,R,4,X,49,S,3,Y,198,K,1,C,3,Y,19,C,1,Y,1,S,3,X,49,R,1,K,1,"L1:[sp=Y,119] R=4,X=49,S=3,Y=198,K=1,C=3 || L2:[sp=Y,19] C=1,Y=1,S=3,X=49,R=1,K=1",-inf,-inf,0,Y|Y,1
Y,119,S,4,X,69,R,1,Y,41,K,1,C,3,Y,19,C,1,Y,1,S,1,X,14,R,1,K,1,"L1:[sp=Y,119] S=4,X=69,R=1,Y=41,K=1,C=3 || L2:[sp=Y,19] C=1,Y=1,S=1,X=14,R=1,K=1",-inf,-inf,0,Y|Y,1
Y,119,R,1,X,69,S,3,Y,22,K,1,C,3,Y,19,C,1,Y,10,S,1,X,14,R,1,K,1,"L1:[sp=Y,119] R=1,X=69,S=3,Y=22,K=1,C=3 || L2:[sp=Y,19] C=1,Y=10,S=1,X=14,R=1,K=1",-inf,-inf,0,Y|Y,1
Y,119,R,1,X,69,S,3,Y,22,K,53,C,3,Y,19,C,1,Y,4,S,1,X,14,R,1,K,1,"L1:[sp=Y,119] R=1,X=69,S=3,Y=22,K=53,C=3 || L2:[sp=Y,19] C=1,Y=4,S=1,X=14,R=1,K=1",-inf,-inf,0,Y|Y,1
X,119,S,3,R,1,C,2,K,1,X,69,Y,66,K,19,C,1,Y,19,S,1,X,14,R,1,K,1,"L1:[sp=X,119] S=3,R=1,C=2,K=1,X=69,Y=66 || L2:[sp=K,19] C=1,Y=19,S=1,X=14,R=1,K=1",-inf,-inf,0,X|K,1
Y,119,X,49,R,1,S,7,C,2,K,1,Y,66,X,19,Y,1,C,2,K,1,S,1,R,1,X,20,"L1:[sp=Y,119] X=49,R=1,S=7,C=2,K=1,Y=66 || L2:[sp=X,19] Y=1,C=2,K=1,S=1,R=1,X=20",-inf,-inf,0,Y|X,1
K,119,R,1,X,69,S,7,Y,66,K,1,C,2,C,1,C,2,Y,1,S,1,X,59,R,1,K,1,"L1:[sp=K,119] R=1,X=69,S=7,Y=66,K=1,C=2 || L2:[sp=C,1] C=2,Y=1,S=1,X=59,R=1,K=1",-inf,-inf,0,K|C,1
Y,119,R,1,X,69,S,3,Y,22,K,55,C,3,Y,19,C,1,Y,4,S,1,X,14,R,1,K,1,"L1:[sp=Y,119] R=1,X=69,S=3,Y=22,K=55,C=3 || L2:[sp=Y,19] C=1,Y=4,S=1,X=14,R=1,K=1",-inf,-inf,0,Y|Y,1
K,119,R,1,X,69,S,3,Y,43,K,1,C,2,C,1,C,2,Y,4,S,1,K,1,R,1,X,14,"L1:[sp=K,119] R=1,X=69,S=3,Y=43,K=1,C=2 || L2:[sp=C,1] C=2,Y=4,S=1,K=1,R=1,X=14",-inf,-inf,0,K|C,1
Y,119,R,1,X,69,S,3,Y,22,K,31,C,3,Y,19,C,1,X,14,R,1,Y,5,S,1,K,1,"L1:[sp=Y,119] R=1,X=69,S=3,Y=22,K=31,C=3 || L2:[sp=Y,19] C=1,X=14,R=1,Y=5,S=1,K=1",-inf,-inf,0,Y|Y,1
Y,119,R,1,C,2,S,3,Y,66,K,1,X,84,C,1,C,2,Y,1,S,1,X,14,R,1,K,1,"L1:[sp=Y,119] R=1,C=2,S=3,Y=66,K=1,X=84 || L2:[sp=C,1] C=2,Y=1,S=1,X=14,R=1,K=1",-inf,-inf,0,Y|C,1
Y,119,R,1,X,49,S,3,Y,66,K,1,C,2,Y,19,C,1,Y,1,S,3,X,49,R,1,K,1,"L1:[sp=Y,119] R=1,X=49,S=3,Y=66,K=1,C=2 || L2:[sp=Y,19] C=1,Y=1,S=3,X=49,R=1,K=1",-inf,-inf,0,Y|Y,1
Y,119,R,5,X,69,S,3,Y,22,K,1,C,3,Y,19,C,1,K,1,S,1,X,14,R,1,Y,4,"L1:[sp=Y,119] R=5,X=69,S=3,Y=22,K=1,C=3 || L2:[sp=Y,19] C=1,K=1,S=1,X=14,R=1,Y=4",-inf,-inf,0,Y|Y,1
Y,119,R,1,X,69,S,3,C,3,K,1,Y,66,X,19,X,14,C,2,K,1,S,1,R,1,Y,13,"L1:[sp=Y,119] R=1,X=69,S=3,C=3,K=1,Y=66 || L2:[sp=X,19] X=14,C=2,K=1,S=1,R=1,Y=13",-inf,-inf,0,Y|X,1
X,119,X,39,R,1,S,7,C,1,K,1,Y,66,X,7,Y,12,C,1,S,3,K,1,X,39,R,1,"L1:[sp=X,119] X=39,R=1,S=7,C=1,K=1,Y=66 || L2:[sp=X,7] Y=12,C=1,S=3,K=1,X=39,R=1",-inf,-inf,0,X|X,1
Y,119,C,2,X,69,S,3,Y,170,K,1,R,1,C,1,S,1,Y,1,C,1,X,14,R,1,K,1,"L1:[sp=Y,119] C=2,X=69,S=3,Y=170,K=1,R=1 || L2:[sp=C,1] S=1,Y=1,C=1,X=14,R=1,K=1",-inf,-inf,0,Y|C,1
Y,119,X,69,S,5,R,1,C,1,K,64,Y,66,X,19,Y,1,C,1,S,1,K,1,R,1,X,14,"L1:[sp=Y,119] X=69,S=5,R=1,C=1,K=64,Y=66 || L2:[sp=X,19] Y=1,C=1,S=1,K=1,R=1,X=14",-inf,-inf,0,Y|X,1
K,119,S,5,R,1,C,2,K,1,X,90,Y,66,X,19,C,1,Y,1,S,1,X,19,R,1,K,1,"L1:[sp=K,119] S=5,R=1,C=2,K=1,X=90,Y=66 || L2:[sp=X,19] C=1,Y=1,S=1,X=19,R=1,K=1",-inf,-inf,0,K|X,1
X,119,S,3,R,1,C,3,K,1,X,49,Y,66,K,19,C,1,Y,1,S,3,X,25,R,1,K,1,"L1:[sp=X,119] S=3,R=1,C=3,K=1,X=49,Y=66 || L2:[sp=K,19] C=1,Y=1,S=3,X=25,R=1,K=1",-inf,-inf,0,X|K,1
Y,119,R,1,S,7,K,1,Y,170,X,110,C,3,Y,19,C,1,Y,1,S,3,X,49,R,1,K,1,"L1:[sp=Y,119] R=1,S=7,K=1,Y=170,X=110,C=3 || L2:[sp=Y,19] C=1,Y=1,S=3,X=49,R=1,K=1",-inf,-inf,0,Y|Y,1
Y,119,C,3,X,69,S,3,Y,22,K,1,R,1,C,1,S,1,Y,4,C,1,X,14,R,1,K,1,"L1:[sp=Y,119] C=3,X=69,S=3,Y=22,K=1,R=1 || L2:[sp=C,1] S=1,Y=4,C=1,X=14,R=1,K=1",-inf,-inf,0,Y|C,1
Y,119,R,1,X,156,S,5,Y,66,K,1,C,3,Y,19,C,1,Y,1,S,1,X,49,R,1,K,1,"L1:[sp=Y,119] R=1,X=156,S=5,Y=66,K=1,C=3 || L2:[sp=Y,19] C=1,Y=1,S=1,X=49,R=1,K=1",-inf,-inf,0,Y|Y,1
K,119,S,7,R,7,C,2,K,1,X,72,Y,66,Y,19,C,1,Y,1,S,1,X,43,R,1,K,1,"L1:[sp=K,119] S=7,R=7,C=2,K=1,X=72,Y=66 || L2:[sp=Y,19] C=1,Y=1,S=1,X=43,R=1,K=1",-inf,-inf,0,K|Y,1
X,119,X,69,R,1,S,3,C,1,K,1,Y,124,Y,19,C,1,Y,1,S,1,K,1,R,1,X,14,"L1:[sp=X,119] X=69,R=1,S=3,C=1,K=1,Y=124 || L2:[sp=Y,19] C=1,Y=1,S=1,K=1,R=1,X=14",-inf,-inf,0,X|Y,1
Y,119,R,1,X,69,K,23,Y,22,S,3,C,3,Y,19,C,1,Y,4,S,1,X,14,R,1,K,1,"L1:[sp=Y,119] R=1,X=69,K=23,Y=22,S=3,C=3 || L2:[sp=Y,19] C=1,Y=4,S=1,X=14,R=1,K=1",-inf,-inf,0,Y|Y,1
K,119,S,5,K,41,C,2,R,1,X,49,Y,66,Y,19,C,1,Y,1,S,1,X,19,R,1,K,1,"L1:[sp=K,119] S=5,K=41,C=2,R=1,X=49,Y=66 || L2:[sp=Y,19] C=1,Y=1,S=1,X=19,R=1,K=1",-inf,-inf,0,K|Y,1
Y,119,R,1,X,69,S,3,Y,22,K,1,C,2,Y,19,C,1,K,1,Y,4,X,47,R,1,S,3,"L1:[sp=Y,119] R=1,X=69,S=3,Y=22,K=1,C=2 || L2:[sp=Y,19] C=1,K=1,Y=4,X=47,R=1,S=3",-inf,-inf,0,Y|Y,1
K,119,Y,66,R,1,C,2,K,1,X,49,S,3,Y,19,C,1,Y,58,S,1,X,19,R,1,K,1,"L1:[sp=K,119] Y=66,R=1,C=2,K=1,X=49,S=3 || L2:[sp=Y,19] C=1,Y=58,S=1,X=19,R=1,K=1",-inf,-inf,0,K|Y,1
Y,119,C,2,R,1,S,2,K,29,X,49,Y,66,Y,19,C,1,Y,1,S,2,K,1,R,1,X,19,"L1:[sp=Y,119] C=2,R=1,S=2,K=29,X=49,Y=66 || L2:[sp=Y,19] C=1,Y=1,S=2,K=1,R=1,X=19",-inf,-inf,0,Y|Y,1
X,119,R,5,X,49,S,7,Y,82,K,1,C,3,Y,69,C,1,K,1,Y,1,X,3,S,1,R,1,"L1:[sp=X,119] R=5,X=49,S=7,Y=82,K=1,C=3 || L2:[sp=Y,69] C=1,K=1,Y=1,X=3,S=1,R=1",-inf,-inf,0,X|Y,1
K,119,C,2,R,1,S,7,K,1,X,49,Y,66,Y,6,C,1,Y,1,S,4,K,1,R,1,X,49,"L1:[sp=K,119] C=2,R=1,S=7,K=1,X=49,Y=66 || L2:[sp=Y,6] C=1,Y=1,S=4,K=1,R=1,X=49",-inf,-inf,0,K|Y,1
Y,119,R,1,X,49,S,3,Y,66,K,1,C,3,Y,19,K,1,S,1,Y,14,X,19,R,1,C,1,"L1:[sp=Y,119] R=1,X=49,S=3,Y=66,K=1,C=3 || L2:[sp=Y,19] K=1,S=1,Y=14,X=19,R=1,C=1",-inf,-inf,0,Y|Y,1
Y,119,R,1,X,49,S,6,Y,66,K,1,C,3,Y,19,C,1,X,19,S,3,Y,1,R,1,K,1,"L1:[sp=Y,119] R=1,X=49,S=6,Y=66,K=1,C=3 || L2:[sp=Y,19] C=1,X=19,S=3,Y=1,R=1,K=1",-inf,-inf,0,Y|Y,1
K,119,S,6,R,1,C,2,K,1,X,45,Y,66,Y,19,K,1,Y,1,X,45,S,3,R,1,C,1,"L1:[sp=K,119] S=6,R=1,C=2,K=1,X=45,Y=66 || L2:[sp=Y,19] K=1,Y=1,X=45,S=3,R=1,C=1",-inf,-inf,0,K|Y,1
K,119,S,5,R,4,C,2,K,1,X,49,Y,66,Y,19,C,1,Y,39,S,1,X,19,R,1,K,1,"L1:[sp=K,119] S=5,R=4,C=2,K=1,X=49,Y=66 || L2:[sp=Y,19] C=1,Y=39,S=1,X=19,R=1,K=1",-inf,-inf,0,K|Y,1
Y,119,R,1,X,45,S,4,Y,66,K,1,C,3,Y,19,C,1,X,45,S,3,Y,1,R,1,K,1,"L1:[sp=Y,119] R=1,X=45,S=4,Y=66,K=1,C=3 || L2:[sp=Y,19] C=1,X=45,S=3,Y=1,R=1,K=1",-inf,-inf,0,Y|Y,1
K,119,C,2,R,1,S,3,K,1,X,72,Y,141,Y,19,C,1,Y,1,S,3,X,20,R,1,K,1,"L1:[sp=K,119] C=2,R=1,S=3,K=1,X=72,Y=141 || L2:[sp=Y,19] C=1,Y=1,S=3,X=20,R=1,K=1",-inf,-inf,0,K|Y,1
K,119,S,6,R,1,C,2,Y,66,X,170,K,1,Y,19,C,1,Y,18,S,3,X,19,R,1,K,1,"L1:[sp=K,119] S=6,R=1,C=2,Y=66,X=170,K=1 || L2:[sp=Y,19] C=1,Y=18,S=3,X=19,R=1,K=1",-inf,-inf,0,K|Y,1
K,119,S,7,R,5,C,2,K,1,X,208,Y,82,Y,19,C,1,Y,1,S,6,X,3,R,1,K,1,"L1:[sp=K,119] S=7,R=5,C=2,K=1,X=208,Y=82 || L2:[sp=Y,19] C=1,Y=1,S=6,X=3,R=1,K=1",-inf,-inf,0,K|Y,1
K,119,C,2,R,3,S,3,K,1,X,49,Y,66,Y,19,C,1,Y,1,S,3,K,1,R,1,X,19,"L1:[sp=K,119] C=2,R=3,S=3,K=1,X=49,Y=66 || L2:[sp=Y,19] C=1,Y=1,S=3,K=1,R=1,X=19",-inf,-inf,0,K|Y,1
K,119,K,50,R,1,S,3,C,2,X,72,Y,66,Y,19,C,1,X,20,S,1,Y,6,R,1,K,1,"L1:[sp=K,119] K=50,R=1,S=3,C=2,X=72,Y=66 || L2:[sp=Y,19] C=1,X=20,S=1,Y=6,R=1,K=1",-inf,-inf,0,K|Y,1
K,119,S,5,R,1,C,2,K,1,X,49,Y,66,Y,19,C,1,Y,62,S,1,X,19,R,1,K,1,"L1:[sp=K,119] S=5,R=1,C=2,K=1,X=49,Y=66 || L2:[sp=Y,19] C=1,Y=62,S=1,X=19,R=1,K=1",-inf,-inf,0,K|Y,1
K,119,S,2,C,2,R,1,Y,82,X,49,K,1,Y,19,C,1,Y,1,S,1,X,29,R,1,K,1,"L1:[sp=K,119] S=2,C=2,R=1,Y=82,X=49,K=1 || L2:[sp=Y,19] C=1,Y=1,S=1,X=29,R=1,K=1",-inf,-inf,0,K|Y,1
K,119,R,5,S,7,X,49,Y,175,K,1,C,3,Y,19,K,1,Y,1,S,1,X,3,R,5,C,3,"L1:[sp=K,119] R=5,S=7,X=49,Y=175,K=1,C=3 || L2:[sp=Y,19] K=1,Y=1,S=1,X=3,R=5,C=3",-inf,-inf,0,K|Y,1
K,119,S,3,C,2,R,1,Y,77,X,49,K,37,Y,19,C,1,Y,1,S,3,X,49,R,1,K,1,"L1:[sp=K,119] S=3,C=2,R=1,Y=77,X=49,K=37 || L2:[sp=Y,19] C=1,Y=1,S=3,X=49,R=1,K=1",-inf,-inf,0,K|Y,1
X,119,R,5,X,49,S,7,Y,82,K,57,C,2,Y,1,C,1,X,3,S,1,Y,1,R,1,K,1,"L1:[sp=X,119] R=5,X=49,S=7,Y=82,K=57,C=2 || L2:[sp=Y,1] C=1,X=3,S=1,Y=1,R=1,K=1",-inf,-inf,0,X|Y,1
C,119,S,3,R,1,C,3,Y,66,X,45,K,1,Y,19,C,2,Y,1,S,3,X,45,R,1,K,1,"L1:[sp=C,119] S=3,R=1,C=3,Y=66,X=45,K=1 || L2:[sp=Y,19] C=2,Y=1,S=3,X=45,R=1,K=1",-inf,-inf,0,C|Y,1
K,119,S,7,R,5,C,2,Y,82,X,49,K,41,Y,19,C,1,Y,1,S,1,R,1,X,3,K,1,"L1:[sp=K,119] S=7,R=5,C=2,Y=82,X=49,K=41 || L2:[sp=Y,19] C=1,Y=1,S=1,R=1,X=3,K=1",-inf,-inf,0,K|Y,1
K,119,S,2,C,2,R,1,Y,82,X,49,K,1,Y,19,C,1,Y,1,S,2,X,49,R,1,K,1,"L1:[sp=K,119] S=2,C=2,R=1,Y=82,X=49,K=1 || L2:[sp=Y,19] C=1,Y=1,S=2,X=49,R=1,K=1",-inf,-inf,0,K|Y,1
Y,119,C,2,R,1,S,7,K,46,X,49,Y,66,K,19,C,1,Y,1,S,1,K,1,R,1,X,19,"L1:[sp=Y,119] C=2,R=1,S=7,K=46,X=49,Y=66 || L2:[sp=K,19] C=1,Y=1,S=1,K=1,R=1,X=19",-inf,-inf,0,Y|K,1
C,119,S,4,R,5,C,2,Y,82,X,92,K,1,Y,19,C,1,Y,1,S,1,X,3,R,1,K,1,"L1:[sp=C,119] S=4,R=5,C=2,Y=82,X=92,K=1 || L2:[sp=Y,19] C=1,Y=1,S=1,X=3,R=1,K=1",-inf,-inf,0,C|Y,1
Y,119,R,1,X,192,S,3,Y,66,K,1,C,3,Y,19,C,2,X,45,S,3,R,1,Y,1,K,1,"L1:[sp=Y,119] R=1,X=192,S=3,Y=66,K=1,C=3 || L2:[sp=Y,19] C=2,X=45,S=3,R=1,Y=1,K=1",-inf,-inf,0,Y|Y,1
Y,119,R,5,X,49,S,7,Y,66,K,1,C,3,Y,19,K,1,Y,49,S,1,X,49,R,1,C,3,"L1:[sp=Y,119] R=5,X=49,S=7,Y=66,K=1,C=3 || L2:[sp=Y,19] K=1,Y=49,S=1,X=49,R=1,C=3",-inf,-inf,0,Y|Y,1
K,119,R,2,X,49,S,7,Y,66,K,1,C,3,Y,1,C,3,Y,1,S,1,X,49,R,2,K,1,"L1:[sp=K,119] R=2,X=49,S=7,Y=66,K=1,C=3 || L2:[sp=Y,1] C=3,Y=1,S=1,X=49,R=2,K=1",-inf,-inf,0,K|Y,1
K,119,S,7,X,168,K,1,Y,82,C,2,R,5,Y,19,C,1,Y,1,S,1,X,49,R,1,K,1,"L1:[sp=K,119] S=7,X=168,K=1,Y=82,C=2,R=5 || L2:[sp=Y,19] C=1,Y=1,S=1,X=49,R=1,K=1",-inf,-inf,0,K|Y,1
Y,119,R,1,X,45,S,1,Y,66,K,1,C,3,Y,19,C,2,X,45,S,1,K,1,R,1,Y,1,"L1:[sp=Y,119] R=1,X=45,S=1,Y=66,K=1,C=3 || L2:[sp=Y,19] C=2,X=45,S=1,K=1,R=1,Y=1",-inf,-inf,0,Y|Y,1
X,119,R,1,X,45,S,2,Y,66,K,1,C,3,Y,19,C,2,X,45,S,1,Y,1,R,1,K,1,"L1:[sp=X,119] R=1,X=45,S=2,Y=66,K=1,C=3 || L2:[sp=Y,19] C=2,X=45,S=1,Y=1,R=1,K=1",-inf,-inf,0,X|Y,1
X,119,R,2,X,49,S,7,Y,42,K,1,C,3,Y,42,K,1,Y,1,S,7,X,3,R,1,C,3,"L1:[sp=X,119] R=2,X=49,S=7,Y=42,K=1,C=3 || L2:[sp=Y,42] K=1,Y=1,S=7,X=3,R=1,C=3",-inf,-inf,0,X|Y,1
K,119,R,1,X,49,S,2,Y,82,C,3,K,1,Y,19,K,1,Y,14,S,1,X,49,R,1,C,3,"L1:[sp=K,119] R=1,X=49,S=2,Y=82,C=3,K=1 || L2:[sp=Y,19] K=1,Y=14,S=1,X=49,R=1,C=3",-inf,-inf,0,K|Y,1
K,119,S,7,C,2,K,1,Y,66,X,191,R,5,Y,19,C,1,Y,1,S,1,X,49,R,1,K,1,"L1:[sp=K,119] S=7,C=2,K=1,Y=66,X=191,R=5 || L2:[sp=Y,19] C=1,Y=1,S=1,X=49,R=1,K=1",-inf,-inf,0,K|Y,1
Y,119,R,1,X,45,S,3,Y,197,K,1,C,3,Y,19,C,2,X,45,S,2,Y,1,K,1,R,1,"L1:[sp=Y,119] R=1,X=45,S=3,Y=197,K=1,C=3 || L2:[sp=Y,19] C=2,X=45,S=2,Y=1,K=1,R=1",-inf,-inf,0,Y|Y,1
K,119,S,2,C,2,K,1,Y,82,X,216,R,1,Y,19,Y,1,C,1,S,1,X,49,R,1,K,1,"L1:[sp=K,119] S=2,C=2,K=1,Y=82,X=216,R=1 || L2:[sp=Y,19] Y=1,C=1,S=1,X=49,R=1,K=1",-inf,-inf,0,K|Y,1
K,119,S,3,C,2,K,61,Y,82,X,45,R,1,Y,19,C,1,R,1,S,2,X,45,Y,1,K,1,"L1:[sp=K,119] S=3,C=2,K=61,Y=82,X=45,R=1 || L2:[sp=Y,19] C=1,R=1,S=2,X=45,Y=1,K=1",-inf,-inf,0,K|Y,1
Y,119,R,1,X,49,S,2,Y,66,K,1,C,3,Y,19,C,2,X,49,S,1,Y,1,R,1,K,1,"L1:[sp=Y,119] R=1,X=49,S=2,Y=66,K=1,C=3 || L2:[sp=Y,19] C=2,X=49,S=1,Y=1,R=1,K=1",-inf,-inf,0,Y|Y,1
Y,119,R,1,X,49,S,2,Y,82,K,1,C,3,Y,19,C,2,X,49,S,1,Y,1,R,1,K,1,"L1:[sp=Y,119] R=1,X=49,S=2,Y=82,K=1,C=3 || L2:[sp=Y,19] C=2,X=49,S=1,Y=1,R=1,K=1",-inf,-inf,0,Y|Y,1
K,119,S,3,C,2,X,97,Y,66,R,1,K,1,Y,19,C,1,Y,1,S,3,X,66,R,1,K,1,"L1:[sp=K,119] S=3,C=2,X=97,Y=66,R=1,K=1 || L2:[sp=Y,19] C=1,Y=1,S=3,X=66,R=1,K=1",-inf,-inf,0,K|Y,1
Y,119,R,3,X,162,S,7,Y,66,K,1,C,3,Y,19,C,2,X,3,S,1,Y,1,R,2,K,1,"L1:[sp=Y,119] R=3,X=162,S=7,Y=66,K=1,C=3 || L2:[sp=Y,19] C=2,X=3,S=1,Y=1,R=2,K=1",-inf,-inf,0,Y|Y,1
K,119,S,7,C,2,R,2,Y,82,X,49,K,1,K,1,C,1,Y,1,S,1,X,49,R,1,K,1,"L1:[sp=K,119] S=7,C=2,R=2,Y=82,X=49,K=1 || L2:[sp=K,1] C=1,Y=1,S=1,X=49,R=1,K=1",-inf,-inf,0,K|K,1
K,119,R,1,X,19,S,2,Y,67,K,8,C,3,Y,19,K,1,Y,1,S,1,X,3,R,1,C,3,"L1:[sp=K,119] R=1,X=19,S=2,Y=67,K=8,C=3 || L2:[sp=Y,19] K=1,Y=1,S=1,X=3,R=1,C=3",-inf,-inf,0,K|Y,1
K,119,R,2,X,24,S,7,Y,67,K,1,C,3,Y,19,K,1,Y,1,S,2,X,15,R,1,C,3,"L1:[sp=K,119] R=2,X=24,S=7,Y=67,K=1,C=3 || L2:[sp=Y,19] K=1,Y=1,S=2,X=15,R=1,C=3",-inf,-inf,0,K|Y,1
C,119,R,1,X,45,S,7,Y,66,K,1,C,3,X,9,C,2,X,45,S,1,Y,1,R,1,K,1,"L1:[sp=C,119] R=1,X=45,S=7,Y=66,K=1,C=3 || L2:[sp=X,9] C=2,X=45,S=1,Y=1,R=1,K=1",-inf,-inf,0,C|X,1
K,119,R,1,X,133,S,7,Y,66,K,1,C,3,Y,19,K,1,Y,11,S,2,X,45,R,1,C,2,"L1:[sp=K,119] R=1,X=133,S=7,Y=66,K=1,C=3 || L2:[sp=Y,19] K=1,Y=11,S=2,X=45,R=1,C=2",-inf,-inf,0,K|Y,1
K,119,S,1,Y,82,R,1,C,2,X,142,K,1,Y,19,C,1,Y,1,S,1,X,49,R,1,K,1,"L1:[sp=K,119] S=1,Y=82,R=1,C=2,X=142,K=1 || L2:[sp=Y,19] C=1,Y=1,S=1,X=49,R=1,K=1",-inf,-inf,0,K|Y,1
K,119,R,2,X,146,S,7,Y,67,K,1,C,3,K,1,R,1,C,3,S,1,X,3,K,1,Y,1,"L1:[sp=K,119] R=2,X=146,S=7,Y=67,K=1,C=3 || L2:[sp=K,1] R=1,C=3,S=1,X=3,K=1,Y=1",-inf,-inf,0,K|K,1
Y,119,R,1,X,49,S,2,Y,66,K,1,C,3,Y,19,K,1,Y,49,S,2,X,49,R,1,C,3,"L1:[sp=Y,119] R=1,X=49,S=2,Y=66,K=1,C=3 || L2:[sp=Y,19] K=1,Y=49,S=2,X=49,R=1,C=3",-inf,-inf,0,Y|Y,1
K,119,C,3,X,49,S,7,Y,66,K,1,R,5,Y,19,K,1,Y,1,S,1,X,49,R,1,C,3,"L1:[sp=K,119] C=3,X=49,S=7,Y=66,K=1,R=5 || L2:[sp=Y,19] K=1,Y=1,S=1,X=49,R=1,C=3",-inf,-inf,0,K|Y,1
Y,119,R,1,X,45,S,7,Y,218,K,1,C,3,Y,19,Y,1,X,45,S,2,C,3,R,1,K,1,"L1:[sp=Y,119] R=1,X=45,S=7,Y=218,K=1,C=3 || L2:[sp=Y,19] Y=1,X=45,S=2,C=3,R=1,K=1",-inf,-inf,0,Y|Y,1
Y,119,R,2,X,45,S,7,Y,33,K,17,C,3,Y,19,C,2,X,45,S,1,Y,1,R,1,K,1,"L1:[sp=Y,119] R=2,X=45,S=7,Y=33,K=17,C=3 || L2:[sp=Y,19] C=2,X=45,S=1,Y=1,R=1,K=1",-inf,-inf,0,Y|Y,1
Y,119,R,1,X,45,S,7,Y,66,K,42,C,3,Y,19,C,2,X,21,S,2,Y,1,R,1,K,1,"L1:[sp=Y,119] R=1,X=45,S=7,Y=66,K=42,C=3 || L2:[sp=Y,19] C=2,X=21,S=2,Y=1,R=1,K=1",-inf,-inf,0,Y|Y,1
Y,119,R,1,X,45,S,3,Y,66,K,1,C,3,Y,19,S,2,X,45,C,1,Y,5,R,1,K,1,"L1:[sp=Y,119] R=1,X=45,S=3,Y=66,K=1,C=3 || L2:[sp=Y,19] S=2,X=45,C=1,Y=5,R=1,K=1",-inf,-inf,0,Y|Y,1
Y,119,R,2,X,19,S,4,Y,67,K,1,C,3,K,19,K,1,Y,1,S,1,X,3,R,1,C,3,"L1:[sp=Y,119] R=2,X=19,S=4,Y=67,K=1,C=3 || L2:[sp=K,19] K=1,Y=1,S=1,X=3,R=1,C=3",-inf,-inf,0,Y|K,1
K,119,R,2,X,19,S,5,Y,67,K,14,C,3,Y,19,Y,18,K,1,S,1,X,3,R,1,C,3,"L1:[sp=K,119] R=2,X=19,S=5,Y=67,K=14,C=3 || L2:[sp=Y,19] Y=18,K=1,S=1,X=3,R=1,C=3",-inf,-inf,0,K|Y,1
K,119,R,2,X,19,S,5,Y,67,K,1,C,3,Y,19,Y,33,K,1,S,1,X,3,R,1,C,3,"L1:[sp=K,119] R=2,X=19,S=5,Y=67,K=1,C=3 || L2:[sp=Y,19] Y=33,K=1,S=1,X=3,R=1,C=3",-inf,-inf,0,K|Y,1
K,119,R,2,X,167,S,7,Y,67,K,1,C,3,Y,19,Y,1,K,1,S,6,X,3,R,1,C,3,"L1:[sp=K,119] R=2,X=167,S=7,Y=67,K=1,C=3 || L2:[sp=Y,19] Y=1,K=1,S=6,X=3,R=1,C=3",-inf,-inf,0,K|Y,1
K,119,R,2,X,19,S,4,Y,67,K,1,C,3,X,1,K,1,Y,1,S,1,X,3,R,1,C,3,"L1:[sp=K,119] R=2,X=19,S=4,Y=67,K=1,C=3 || L2:[sp=X,1] K=1,Y=1,S=1,X=3,R=1,C=3",-inf,-inf,0,K|X,1
C,119,R,3,X,19,S,7,Y,67,K,1,C,3,Y,19,K,1,X,3,S,2,Y,41,R,1,C,3,"L1:[sp=C,119] R=3,X=19,S=7,Y=67,K=1,C=3 || L2:[sp=Y,19] K=1,X=3,S=2,Y=41,R=1,C=3",-inf,-inf,0,C|Y,1
K,119,S,3,X,19,R,2,Y,67,K,1,C,3,Y,19,C,3,X,3,S,1,Y,1,R,1,K,1,"L1:[sp=K,119] S=3,X=19,R=2,Y=67,K=1,C=3 || L2:[sp=Y,19] C=3,X=3,S=1,Y=1,R=1,K=1",-inf,-inf,0,K|Y,1
Y,119,R,1,X,45,S,7,Y,66,K,32,C,3,Y,19,C,2,X,45,S,6,Y,1,R,1,K,1,"L1:[sp=Y,119] R=1,X=45,S=7,Y=66,K=32,C=3 || L2:[sp=Y,19] C=2,X=45,S=6,Y=1,R=1,K=1",-inf,-inf,0,Y|Y,1
C,119,R,1,X,223,S,7,Y,67,K,1,C,3,Y,19,K,1,X,3,S,2,Y,1,R,1,C,3,"L1:[sp=C,119] R=1,X=223,S=7,Y=67,K=1,C=3 || L2:[sp=Y,19] K=1,X=3,S=2,Y=1,R=1,C=3",-inf,-inf,0,C|Y,1
K,119,S,5,X,19,K,1,Y,67,R,3,C,3,Y,19,X,3,C,3,S,1,Y,53,R,1,K,1,"L1:[sp=K,119] S=5,X=19,K=1,Y=67,R=3,C=3 || L2:[sp=Y,19] X=3,C=3,S=1,Y=53,R=1,K=1",-inf,-inf,0,K|Y,1
K,119,R,4,X,19,S,7,C,3,K,7,Y,67,Y,19,Y,55,K,1,S,1,X,3,C,3,R,1,"L1:[sp=K,119] R=4,X=19,S=7,C=3,K=7,Y=67 || L2:[sp=Y,19] Y=55,K=1,S=1,X=3,C=3,R=1",-inf,-inf,0,K|Y,1
Y,119,R,5,X,19,K,1,Y,67,S,4,C,3,K,19,K,1,Y,1,S,1,X,3,R,5,C,3,"L1:[sp=Y,119] R=5,X=19,K=1,Y=67,S=4,C=3 || L2:[sp=K,19] K=1,Y=1,S=1,X=3,R=5,C=3",-inf,-inf,0,Y|K,1
K,119,R,1,X,45,S,4,Y,67,K,1,C,3,K,1,S,2,Y,1,K,1,X,45,R,1,C,3,"L1:[sp=K,119] R=1,X=45,S=4,Y=67,K=1,C=3 || L2:[sp=K,1] S=2,Y=1,K=1,X=45,R=1,C=3",-inf,-inf,0,K|K,1
K,119,R,2,X,19,S,4,Y,66,K,1,C,3,Y,19,K,1,C,3,S,1,X,10,Y,1,R,1,"L1:[sp=K,119] R=2,X=19,S=4,Y=66,K=1,C=3 || L2:[sp=Y,19] K=1,C=3,S=1,X=10,Y=1,R=1",-inf,-inf,0,K|Y,1
X,119,S,7,X,19,R,1,Y,67,K,1,C,3,Y,19,C,3,K,1,S,2,Y,1,R,1,X,3,"L1:[sp=X,119] S=7,X=19,R=1,Y=67,K=1,C=3 || L2:[sp=Y,19] C=3,K=1,S=2,Y=1,R=1,X=3",-inf,-inf,0,X|Y,1
K,119,R,1,X,45,S,4,Y,67,K,30,C,3,Y,19,S,2,Y,1,K,1,X,45,R,1,C,3,"L1:[sp=K,119] R=1,X=45,S=4,Y=67,K=30,C=3 || L2:[sp=Y,19] S=2,Y=1,K=1,X=45,R=1,C=3",-inf,-inf,0,K|Y,1
Y,119,R,5,X,19,S,4,Y,67,K,48,C,3,K,19,S,1,Y,1,C,3,X,3,R,1,K,1,"L1:[sp=Y,119] R=5,X=19,S=4,Y=67,K=48,C=3 || L2:[sp=K,19] S=1,Y=1,C=3,X=3,R=1,K=1",-inf,-inf,0,Y|K,1
K,119,R,5,X,175,S,4,Y,67,K,1,C,3,Y,19,K,1,Y,1,S,1,X,3,R,1,C,1,"L1:[sp=K,119] R=5,X=175,S=4,Y=67,K=1,C=3 || L2:[sp=Y,19] K=1,Y=1,S=1,X=3,R=1,C=1",-inf,-inf,0,K|Y,1
Y,119,R,2,X,19,S,6,Y,67,K,1,C,3,Y,19,C,2,X,3,S,1,Y,1,K,1,R,1,"L1:[sp=Y,119] R=2,X=19,S=6,Y=67,K=1,C=3 || L2:[sp=Y,19] C=2,X=3,S=1,Y=1,K=1,R=1",-inf,-inf,0,Y|Y,1
X,119,S,7,X,19,R,1,Y,67,K,1,C,3,C,3,C,1,X,3,S,1,Y,1,R,1,K,1,"L1:[sp=X,119] S=7,X=19,R=1,Y=67,K=1,C=3 || L2:[sp=C,3] C=1,X=3,S=1,Y=1,R=1,K=1",-inf,-inf,0,X|C,1
X,119,S,7,X,45,R,1,Y,18,K,1,C,3,Y,19,C,3,X,29,S,6,Y,1,R,1,K,1,"L1:[sp=X,119] S=7,X=45,R=1,Y=18,K=1,C=3 || L2:[sp=Y,19] C=3,X=29,S=6,Y=1,R=1,K=1",-inf,-inf,0,X|Y,1
K,119,R,1,X,19,S,7,Y,67,K,15,C,3,Y,19,K,1,Y,1,S,1,X,3,R,1,C,1,"L1:[sp=K,119] R=1,X=19,S=7,Y=67,K=15,C=3 || L2:[sp=Y,19] K=1,Y=1,S=1,X=3,R=1,C=1",-inf,-inf,0,K|Y,1
K,119,R,1,X,45,S,4,K,24,Y,67,C,3,Y,19,S,2,Y,1,K,1,X,45,R,1,C,3,"L1:[sp=K,119] R=1,X=45,S=4,K=24,Y=67,C=3 || L2:[sp=Y,19] S=2,Y=1,K=1,X=45,R=1,C=3",-inf,-inf,0,K|Y,1
K,119,R,1,X,19,S,4,Y,67,K,1,C,3,Y,1,K,1,Y,1,S,1,X,3,R,1,C,3,"L1:[sp=K,119] R=1,X=19,S=4,Y=67,K=1,C=3 || L2:[sp=Y,1] K=1,Y=1,S=1,X=3,R=1,C=3",-inf,-inf,0,K|Y,1
Y,119,K,1,X,19,S,4,Y,67,R,2,C,3,K,19,K,1,R,1,S,2,X,3,Y,18,C,3,"L1:[sp=Y,119] K=1,X=19,S=4,Y=67,R=2,C=3 || L2:[sp=K,19] K=1,R=1,S=2,X=3,Y=18,C=3",-inf,-inf,0,Y|K,1
K,119,R,1,X,45,S,4,Y,41,K,1,C,3,Y,19,S,1,Y,1,K,1,X,45,R,1,C,3,"L1:[sp=K,119] R=1,X=45,S=4,Y=41,K=1,C=3 || L2:[sp=Y,19] S=1,Y=1,K=1,X=45,R=1,C=3",-inf,-inf,0,K|Y,1
X,119,C,3,K,1,S,7,Y,67,X,45,R,5,Y,19,S,6,X,29,R,5,Y,1,C,2,K,1,"L1:[sp=X,119] C=3,K=1,S=7,Y=67,X=45,R=5 || L2:[sp=Y,19] S=6,X=29,R=5,Y=1,C=2,K=1",-inf,-inf,0,X|Y,1
X,119,R,1,X,45,S,4,Y,67,K,1,C,3,K,19,X,45,Y,1,S,2,K,1,R,1,C,3,"L1:[sp=X,119] R=1,X=45,S=4,Y=67,K=1,C=3 || L2:[sp=K,19] X=45,Y=1,S=2,K=1,R=1,C=3",-inf,-inf,0,X|K,1
K,119,R,5,X,45,S,7,Y,67,K,1,C,3,Y,19,K,1,Y,1,S,6,X,29,R,1,C,3,"L1:[sp=K,119] R=5,X=45,S=7,Y=67,K=1,C=3 || L2:[sp=Y,19] K=1,Y=1,S=6,X=29,R=1,C=3",-inf,-inf,0,K|Y,1
X,119,S,7,X,25,R,1,Y,197,K,1,C,3,Y,19,C,3,X,20,S,5,Y,1,R,1,K,1,"L1:[sp=X,119] S=7,X=25,R=1,Y=197,K=1,C=3 || L2:[sp=Y,19] C=3,X=20,S=5,Y=1,R=1,K=1",-inf,-inf,0,X|Y,1
X,119,S,4,X,45,R,1,K,1,Y,66,C,3,Y,19,C,3,X,45,S,1,Y,1,R,1,K,1,"L1:[sp=X,119] S=4,X=45,R=1,K=1,Y=66,C=3 || L2:[sp=Y,19] C=3,X=45,S=1,Y=1,R=1,K=1",-inf,-inf,0,X|Y,1
Y,119,S,4,X,110,R,1,Y,66,K,1,C,3,X,19,C,2,X,45,S,1,Y,1,R,1,K,1,"L1:[sp=Y,119] S=4,X=110,R=1,Y=66,K=1,C=3 || L2:[sp=X,19] C=2,X=45,S=1,Y=1,R=1,K=1",-inf,-inf,0,Y|X,1
Y,119,C,3,S,4,K,43,Y,197,X,45,R,1,Y,19,S,2,X,45,R,1,Y,195,C,3,K,1,"L1:[sp=Y,119] C=3,S=4,K=43,Y=197,X=45,R=1 || L2:[sp=Y,19] S=2,X=45,R=1,Y=195,C=3,K=1",-inf,-inf,0,Y|Y,1
K,119,R,1,X,25,S,7,Y,67,C,3,K,1,Y,19,K,1,X,3,S,1,Y,1,R,1,C,1,"L1:[sp=K,119] R=1,X=25,S=7,Y=67,C=3,K=1 || L2:[sp=Y,19] K=1,X=3,S=1,Y=1,R=1,C=1",-inf,-inf,0,K|Y,1
K,119,R,1,X,25,S,7,Y,67,C,3,K,2,Y,19,X,3,Y,1,S,1,K,1,R,1,C,1,"L1:[sp=K,119] R=1,X=25,S=7,Y=67,C=3,K=2 || L2:[sp=Y,19] X=3,Y=1,S=1,K=1,R=1,C=1",-inf,-inf,0,K|Y,1
Y,119,R,5,X,45,S,7,Y,67,K,12,C,3,C,1,X,29,Y,1,S,6,K,1,R,1,C,3,"L1:[sp=Y,119] R=5,X=45,S=7,Y=67,K=12,C=3 || L2:[sp=C,1] X=29,Y=1,S=6,K=1,R=1,C=3",-inf,-inf,0,Y|C,1
K,119,R,5,X,45,S,7,Y,67,K,27,C,3,Y,19,X,29,Y,1,S,6,K,1,R,1,C,3,"L1:[sp=K,119] R=5,X=45,S=7,Y=67,K=27,C=3 || L2:[sp=Y,19] X=29,Y=1,S=6,K=1,R=1,C=3",-inf,-inf,0,K|Y,1
X,119,S,4,X,45,R,1,Y,197,K,1,C,3,X,19,C,3,X,45,S,1,Y,1,R,1,K,1,"L1:[sp=X,119] S=4,X=45,R=1,Y=197,K=1,C=3 || L2:[sp=X,19] C=3,X=45,S=1,Y=1,R=1,K=1",-inf,-inf,0,X|X,1
X,119,S,4,K,1,R,1,Y,197,X,45,C,3,Y,19,C,3,X,45,S,2,Y,1,R,1,K,1,"L1:[sp=X,119] S=4,K=1,R=1,Y=197,X=45,C=3 || L2:[sp=Y,19] C=3,X=45,S=2,Y=1,R=1,K=1",-inf,-inf,0,X|Y,1
Y,119,R,1,X,45,S,5,Y,67,K,1,C,1,C,1,Y,1,K,1,S,2,X,19,R,1,C,1,"L1:[sp=Y,119] R=1,X=45,S=5,Y=67,K=1,C=1 || L2:[sp=C,1] Y=1,K=1,S=2,X=19,R=1,C=1",-inf,-inf,0,Y|C,1
Y,119,R,1,X,45,S,4,C,1,K,1,Y,207,Y,4,X,45,Y,1,S,1,K,1,R,1,C,1,"L1:[sp=Y,119] R=1,X=45,S=4,C=1,K=1,Y=207 || L2:[sp=Y,4] X=45,Y=1,S=1,K=1,R=1,C=1",-inf,-inf,0,Y|Y,1
K,119,R,1,X,45,S,4,Y,120,K,1,C,3,Y,19,K,1,Y,33,S,2,X,31,R,1,C,3,"L1:[sp=K,119] R=1,X=45,S=4,Y=120,K=1,C=3 || L2:[sp=Y,19] K=1,Y=33,S=2,X=31,R=1,C=3",-inf,-inf,0,K|Y,1
X,119,R,1,X,45,S,5,Y,67,K,49,C,3,K,19,X,19,Y,1,S,2,K,1,R,1,C,3,"L1:[sp=X,119] R=1,X=45,S=5,Y=67,K=49,C=3 || L2:[sp=K,19] X=19,Y=1,S=2,K=1,R=1,C=3",-inf,-inf,0,X|K,1
Y,119,R,1,X,45,S,4,Y,130,K,1,C,2,Y,19,K,1,Y,1,S,1,X,45,R,1,C,2,"L1:[sp=Y,119] R=1,X=45,S=4,Y=130,K=1,C=2 || L2:[sp=Y,19] K=1,Y=1,S=1,X=45,R=1,C=2",-inf,-inf,0,Y|Y,1
K,119,R,1,X,45,S,6,Y,65,C,3,K,46,Y,19,K,1,Y,1,S,2,X,45,R,1,C,3,"L1:[sp=K,119] R=1,X=45,S=6,Y=65,C=3,K=46 || L2:[sp=Y,19] K=1,Y=1,S=2,X=45,R=1,C=3",-inf,-inf,0,K|Y,1
K,119,R,1,X,45,S,4,Y,197,K,5,C,3,Y,19,K,1,Y,1,S,2,X,45,R,1,C,3,"L1:[sp=K,119] R=1,X=45,S=4,Y=197,K=5,C=3 || L2:[sp=Y,19] K=1,Y=1,S=2,X=45,R=1,C=3",-inf,-inf,0,K|Y,1
K,119,R,1,X,45,S,4,K,1,Y,197,C,3,Y,19,K,1,Y,1,S,1,X,31,R,1,C,3,"L1:[sp=K,119] R=1,X=45,S=4,K=1,Y=197,C=3 || L2:[sp=Y,19] K=1,Y=1,S=1,X=31,R=1,C=3",-inf,-inf,0,K|Y,1
Y,119,Y,207,X,45,S,4,R,1,K,25,C,3,K,19,X,45,Y,1,C,3,K,1,R,1,S,1,"L1:[sp=Y,119] Y=207,X=45,S=4,R=1,K=25,C=3 || L2:[sp=K,19] X=45,Y=1,C=3,K=1,R=1,S=1",-inf,-inf,0,Y|K,1
K,119,R,1,X,45,S,6,Y,197,C,3,K,1,Y,19,K,1,Y,1,S,2,X,45,R,1,C,3,"L1:[sp=K,119] R=1,X=45,S=6,Y=197,C=3,K=1 || L2:[sp=Y,19] K=1,Y=1,S=2,X=45,R=1,C=3",-inf,-inf,0,K|Y,1
K,119,R,7,X,45,S,4,Y,67,K,1,C,3,Y,19,K,1,Y,1,S,2,X,45,R,4,C,3,"L1:[sp=K,119] R=7,X=45,S=4,Y=67,K=1,C=3 || L2:[sp=Y,19] K=1,Y=1,S=2,X=45,R=4,C=3",-inf,-inf,0,K|Y,1
K,119,R,3,X,45,S,4,Y,67,K,2,C,3,X,9,K,1,Y,1,S,2,X,45,R,1,C,3,"L1:[sp=K,119] R=3,X=45,S=4,Y=67,K=2,C=3 || L2:[sp=X,9] K=1,Y=1,S=2,X=45,R=1,C=3",-inf,-inf,0,K|X,1
Y,119,R,7,X,45,S,4,Y,67,K,40,C,3,K,67,K,36,Y,1,R,1,X,45,S,2,C,2,"L1:[sp=Y,119] R=7,X=45,S=4,Y=67,K=40,C=3 || L2:[sp=K,67] K=36,Y=1,R=1,X=45,S=2,C=2",-inf,-inf,0,Y|K,1
C,119,K,1,X,45,S,3,Y,67,R,1,C,1,Y,19,K,1,Y,14,S,2,X,19,R,1,C,1,"L1:[sp=C,119] K=1,X=45,S=3,Y=67,R=1,C=1 || L2:[sp=Y,19] K=1,Y=14,S=2,X=19,R=1,C=1",-inf,-inf,0,C|Y,1
K,119,R,1,X,45,S,4,Y,67,K,24,C,3,Y,19,K,1,C,3,S,2,X,31,R,1,Y,1,"L1:[sp=K,119] R=1,X=45,S=4,Y=67,K=24,C=3 || L2:[sp=Y,19] K=1,C=3,S=2,X=31,R=1,Y=1",-inf,-inf,0,K|Y,1
Y,119,C,3,K,1,S,4,Y,67,R,1,X,45,Y,19,R,1,X,25,S,4,C,3,Y,1,K,1,"L1:[sp=Y,119] C=3,K=1,S=4,Y=67,R=1,X=45 || L2:[sp=Y,19] R=1,X=25,S=4,C=3,Y=1,K=1",-inf,-inf,0,Y|Y,1
Y,119,R,1,X,45,S,1,Y,67,K,1,C,3,Y,19,K,1,Y,1,S,1,X,28,R,1,C,3,"L1:[sp=Y,119] R=1,X=45,S=1,Y=67,K=1,C=3 || L2:[sp=Y,19] K=1,Y=1,S=1,X=28,R=1,C=3",-inf,-inf,0,Y|Y,1
K,119,R,7,X,45,S,4,Y,73,K,1,C,3,Y,19,K,1,Y,1,S,2,X,45,R,5,C,3,"L1:[sp=K,119] R=7,X=45,S=4,Y=73,K=1,C=3 || L2:[sp=Y,19] K=1,Y=1,S=2,X=45,R=5,C=3",-inf,-inf,0,K|Y,1
X,119,C,3,K,1,S,3,Y,197,X,45,R,1,Y,19,R,1,Y,1,S,2,X,19,C,3,K,1,"L1:[sp=X,119] C=3,K=1,S=3,Y=197,X=45,R=1 || L2:[sp=Y,19] R=1,Y=1,S=2,X=19,C=3,K=1",-inf,-inf,0,X|Y,1
Y,119,S,4,X,52,K,52,Y,67,R,1,C,1,K,19,K,1,Y,1,S,2,X,31,R,1,C,1,"L1:[sp=Y,119] S=4,X=52,K=52,Y=67,R=1,C=1 || L2:[sp=K,19] K=1,Y=1,S=2,X=31,R=1,C=1",-inf,-inf,0,Y|K,1
C,119,C,3,K,58,S,4,Y,197,X,45,R,7,X,15,R,1,X,45,S,2,Y,1,C,3,K,1,"L1:[sp=C,119] C=3,K=58,S=4,Y=197,X=45,R=7 || L2:[sp=X,15] R=1,X=45,S=2,Y=1,C=3,K=1",-inf,-inf,0,C|X,1
K,119,K,1,X,45,S,4,Y,67,R,1,C,1,Y,19,K,1,Y,1,X,31,S,4,R,1,C,1,"L1:[sp=K,119] K=1,X=45,S=4,Y=67,R=1,C=1 || L2:[sp=Y,19] K=1,Y=1,X=31,S=4,R=1,C=1",-inf,-inf,0,K|Y,1
K,119,K,16,X,45,S,4,Y,197,R,7,C,1,Y,19,K,1,Y,1,S,2,X,45,R,1,C,1,"L1:[sp=K,119] K=16,X=45,S=4,Y=197,R=7,C=1 || L2:[sp=Y,19] K=1,Y=1,S=2,X=45,R=1,C=1",-inf,-inf,0,K|Y,1
Y,119,C,2,K,1,S,4,Y,67,X,45,R,1,Y,19,R,1,X,26,S,2,Y,1,C,1,K,1,"L1:[sp=Y,119] C=2,K=1,S=4,Y=67,X=45,R=1 || L2:[sp=Y,19] R=1,X=26,S=2,Y=1,C=1,K=1",-inf,-inf,0,Y|Y,1
Y,119,K,1,C,3,R,1,Y,67,S,3,X,110,Y,19,R,1,X,28,S,2,Y,1,C,3,K,1,"L1:[sp=Y,119] K=1,C=3,R=1,Y=67,S=3,X=110 || L2:[sp=Y,19] R=1,X=28,S=2,Y=1,C=3,K=1",-inf,-inf,0,Y|Y,1
Y,119,X,45,K,37,S,3,Y,197,C,3,R,1,Y,19,R,1,X,45,S,2,Y,1,C,3,K,1,"L1:[sp=Y,119] X=45,K=37,S=3,Y=197,C=3,R=1 || L2:[sp=Y,19] R=1,X=45,S=2,Y=1,C=3,K=1",-inf,-inf,0,Y|Y,1
Y,119,K,1,C,3,R,1,Y,67,S,3,X,45,Y,19,R,1,X,10,S,2,Y,35,C,3,K,1,"L1:[sp=Y,119] K=1,C=3,R=1,Y=67,S=3,X=45 || L2:[sp=Y,19] R=1,X=10,S=2,Y=35,C=3,K=1",-inf,-inf,0,Y|Y,1
K,119,R,1,X,45,S,3,Y,67,K,1,C,3,X,1,R,1,Y,1,S,2,X,19,K,1,C,3,"L1:[sp=K,119] R=1,X=45,S=3,Y=67,K=1,C=3 || L2:[sp=X,1] R=1,Y=1,S=2,X=19,K=1,C=3",-inf,-inf,0,K|X,1
Y,119,C,1,K,1,X,45,Y,124,R,1,S,2,Y,19,R,1,X,28,S,2,C,1,Y,69,K,1,"L1:[sp=Y,119] C=1,K=1,X=45,Y=124,R=1,S=2 || L2:[sp=Y,19] R=1,X=28,S=2,C=1,Y=69,K=1",-inf,-inf,0,Y|Y,1
Y,119,X,45,K,1,S,5,Y,197,C,3,R,1,Y,19,X,45,R,1,K,1,Y,1,C,3,S,2,"L1:[sp=Y,119] X=45,K=1,S=5,Y=197,C=3,R=1 || L2:[sp=Y,19] X=45,R=1,K=1,Y=1,C=3,S=2",-inf,-inf,0,Y|Y,1
Y,119,X,45,K,1,S,3,Y,197,C,3,R,1,Y,19,R,1,X,28,S,2,Y,21,C,3,K,1,"L1:[sp=Y,119] X=45,K=1,S=3,Y=197,C=3,R=1 || L2:[sp=Y,19] R=1,X=28,S=2,Y=21,C=3,K=1",-inf,-inf,0,Y|Y,1
K,119,R,1,X,45,S,3,Y,67,K,1,C,3,X,9,K,1,Y,1,S,3,X,19,R,1,C,3,"L1:[sp=K,119] R=1,X=45,S=3,Y=67,K=1,C=3 || L2:[sp=X,9] K=1,Y=1,S=3,X=19,R=1,C=3",-inf,-inf,0,K|X,1
C,119,R,1,X,45,S,3,Y,47,K,1,C,3,Y,19,K,1,Y,1,S,2,X,29,R,1,C,3,"L1:[sp=C,119] R=1,X=45,S=3,Y=47,K=1,C=3 || L2:[sp=Y,19] K=1,Y=1,S=2,X=29,R=1,C=3",-inf,-inf,0,C|Y,1
K,119,K,1,X,45,S,3,Y,163,R,1,C,3,Y,19,K,1,Y,1,S,2,X,19,R,1,C,3,"L1:[sp=K,119] K=1,X=45,S=3,Y=163,R=1,C=3 || L2:[sp=Y,19] K=1,Y=1,S=2,X=19,R=1,C=3",-inf,-inf,0,K|Y,1
K,119,R,1,X,45,S,3,Y,17,K,1,C,1,Y,19,K,1,Y,13,S,2,X,28,R,1,C,1,"L1:[sp=K,119] R=1,X=45,S=3,Y=17,K=1,C=1 || L2:[sp=Y,19] K=1,Y=13,S=2,X=28,R=1,C=1",-inf,-inf,0,K|Y,1
X,119,K,1,X,45,S,2,Y,67,R,1,C,3,Y,19,K,1,X,19,S,2,Y,1,R,1,C,1,"L1:[sp=X,119] K=1,X=45,S=2,Y=67,R=1,C=3 || L2:[sp=Y,19] K=1,X=19,S=2,Y=1,R=1,C=1",-inf,-inf,0,X|Y,1
Y,119,R,1,X,45,S,4,Y,67,K,1,C,3,Y,19,K,1,Y,33,S,2,X,10,R,1,C,3,"L1:[sp=Y,119] R=1,X=45,S=4,Y=67,K=1,C=3 || L2:[sp=Y,19] K=1,Y=33,S=2,X=10,R=1,C=3",-inf,-inf,0,Y|Y,1
K,119,K,1,X,45,S,3,Y,67,R,1,C,1,Y,19,K,1,Y,1,S,2,X,31,R,1,C,1,"L1:[sp=K,119] K=1,X=45,S=3,Y=67,R=1,C=1 || L2:[sp=Y,19] K=1,Y=1,S=2,X=31,R=1,C=1",-inf,-inf,0,K|Y,1
K,119,R,1,Y,67,S,1,X,45,K,1,C,3,Y,19,K,1,Y,3,S,1,X,28,R,1,C,3,"L1:[sp=K,119] R=1,Y=67,S=1,X=45,K=1,C=3 || L2:[sp=Y,19] K=1,Y=3,S=1,X=28,R=1,C=3",-inf,-inf,0,K|Y,1
K,119,R,1,Y,67,K,57,X,45,S,3,C,3,Y,19,K,1,Y,1,S,2,X,31,R,1,C,3,"L1:[sp=K,119] R=1,Y=67,K=57,X=45,S=3,C=3 || L2:[sp=Y,19] K=1,Y=1,S=2,X=31,R=1,C=3",-inf,-inf,0,K|Y,1
K,119,R,1,X,45,S,3,Y,67,K,1,C,1,Y,19,K,1,Y,1,S,2,X,28,R,1,C,1,"L1:[sp=K,119] R=1,X=45,S=3,Y=67,K=1,C=1 || L2:[sp=Y,19] K=1,Y=1,S=2,X=28,R=1,C=1",-inf,-inf,0,K|Y,1
K,119,K,1,X,45,S,3,Y,67,R,6,C,3,Y,19,K,1,Y,1,S,2,X,19,R,1,C,3,"L1:[sp=K,119] K=1,X=45,S=3,Y=67,R=6,C=3 || L2:[sp=Y,19] K=1,Y=1,S=2,X=19,R=1,C=3",-inf,-inf,0,K|Y,1
C,119,R,1,X,45,S,3,Y,67,K,3,C,3,Y,19,K,1,Y,53,S,3,X,19,R,1,C,3,"L1:[sp=C,119] R=1,X=45,S=3,Y=67,K=3,C=3 || L2:[sp=Y,19] K=1,Y=53,S=3,X=19,R=1,C=3",-inf,-inf,0,C|Y,1
K,119,R,1,Y,67,S,3,X,100,K,1,C,3,Y,19,K,1,S,2,C,1,R,1,X,19,Y,1,"L1:[sp=K,119] R=1,Y=67,S=3,X=100,K=1,C=3 || L2:[sp=Y,19] K=1,S=2,C=1,R=1,X=19,Y=1",-inf,-inf,0,K|Y,1
K,119,R,4,X,45,S,4,Y,67,K,1,C,3,Y,19,K,1,Y,1,S,1,X,31,R,1,C,3,"L1:[sp=K,119] R=4,X=45,S=4,Y=67,K=1,C=3 || L2:[sp=Y,19] K=1,Y=1,S=1,X=31,R=1,C=3",-inf,-inf,0,K|Y,1
Y,119,X,45,C,1,R,1,Y,67,S,3,K,1,Y,19,R,1,X,10,S,2,Y,1,C,1,K,1,"L1:[sp=Y,119] X=45,C=1,R=1,Y=67,S=3,K=1 || L2:[sp=Y,19] R=1,X=10,S=2,Y=1,C=1,K=1",-inf,-inf,0,Y|Y,1
X,119,K,1,X,45,S,3,Y,67,R,1,C,3,Y,19,K,1,Y,1,S,3,X,28,R,1,C,3,"L1:[sp=X,119] K=1,X=45,S=3,Y=67,R=1,C=3 || L2:[sp=Y,19] K=1,Y=1,S=3,X=28,R=1,C=3",-inf,-inf,0,X|Y,1
X,119,Y,67,X,45,S,5,R,4,K,1,C,3,Y,19,K,1,Y,1,S,1,X,19,R,1,C,3,"L1:[sp=X,119] Y=67,X=45,S=5,R=4,K=1,C=3 || L2:[sp=Y,19] K=1,Y=1,S=1,X=19,R=1,C=3",-inf,-inf,0,X|Y,1
Y,119,X,59,C,3,R,1,Y,67,S,7,K,1,Y,19,R,1,X,28,S,3,Y,1,C,3,K,1,"L1:[sp=Y,119] X=59,C=3,R=1,Y=67,S=7,K=1 || L2:[sp=Y,19] R=1,X=28,S=3,Y=1,C=3,K=1",-inf,-inf,0,Y|Y,1
X,119,K,1,X,45,S,7,Y,67,R,1,C,1,Y,1,K,1,Y,1,S,3,X,10,R,1,C,1,"L1:[sp=X,119] K=1,X=45,S=7,Y=67,R=1,C=1 || L2:[sp=Y,1] K=1,Y=1,S=3,X=10,R=1,C=1",-inf,-inf,0,X|Y,1
K,119,R,4,X,45,S,3,Y,67,K,1,C,2,Y,19,K,1,Y,1,S,2,X,19,C,2,R,1,"L1:[sp=K,119] R=4,X=45,S=3,Y=67,K=1,C=2 || L2:[sp=Y,19] K=1,Y=1,S=2,X=19,C=2,R=1",-inf,-inf,0,K|Y,1
Y,119,K,1,X,45,S,3,Y,67,R,1,C,1,X,19,K,1,Y,35,S,3,X,10,R,1,C,1,"L1:[sp=Y,119] K=1,X=45,S=3,Y=67,R=1,C=1 || L2:[sp=X,19] K=1,Y=35,S=3,X=10,R=1,C=1",-inf,-inf,0,Y|X,1
Y,119,K,11,X,45,S,3,C,3,R,1,Y,67,C,19,K,1,Y,1,S,2,C,3,R,1,X,28,"L1:[sp=Y,119] K=11,X=45,S=3,C=3,R=1,Y=67 || L2:[sp=C,19] K=1,Y=1,S=2,C=3,R=1,X=28",-inf,-inf,0,Y|C,1
X,119,K,1,X,45,S,1,Y,67,R,4,C,1,Y,19,K,1,Y,1,S,1,X,10,R,1,C,1,"L1:[sp=X,119] K=1,X=45,S=1,Y=67,R=4,C=1 || L2:[sp=Y,19] K=1,Y=1,S=1,X=10,R=1,C=1",-inf,-inf,0,X|Y,1
Y,119,X,45,C,3,R,1,Y,67,S,3,K,1,Y,67,R,1,X,28,S,2,Y,1,C,3,K,1,"L1:[sp=Y,119] X=45,C=3,R=1,Y=67,S=3,K=1 || L2:[sp=Y,67] R=1,X=28,S=2,Y=1,C=3,K=1",-inf,-inf,0,Y|Y,1
Y,119,X,45,C,3,R,1,Y,112,S,2,K,24,Y,19,R,1,X,19,S,2,Y,1,C,3,K,1,"L1:[sp=Y,119] X=45,C=3,R=1,Y=112,S=2,K=24 || L2:[sp=Y,19] R=1,X=19,S=2,Y=1,C=3,K=1",-inf,-inf,0,Y|Y,1
Y,119,R,1,X,45,S,3,Y,215,K,1,C,3,K,19,K,1,Y,1,C,3,X,28,R,1,S,3,"L1:[sp=Y,119] R=1,X=45,S=3,Y=215,K=1,C=3 || L2:[sp=K,19] K=1,Y=1,C=3,X=28,R=1,S=3",-inf,-inf,0,Y|K,1
X,119,K,1,X,45,S,3,Y,67,R,1,C,1,Y,19,K,1,Y,1,S,2,X,28,R,1,C,1,"L1:[sp=X,119] K=1,X=45,S=3,Y=67,R=1,C=1 || L2:[sp=Y,19] K=1,Y=1,S=2,X=28,R=1,C=1",-inf,-inf,0,X|Y,1
C,119,K,1,X,45,S,5,C,3,R,4,Y,67,X,3,Y,1,K,1,S,5,X,28,R,1,C,1,"L1:[sp=C,119] K=1,X=45,S=5,C=3,R=4,Y=67 || L2:[sp=X,3] Y=1,K=1,S=5,X=28,R=1,C=1",-inf,-inf,0,C|X,1
C,119,X,45,Y,67,R,6,C,3,S,5,K,1,Y,19,K,1,X,28,S,5,Y,1,C,3,R,1,"L1:[sp=C,119] X=45,Y=67,R=6,C=3,S=5,K=1 || L2:[sp=Y,19] K=1,X=28,S=5,Y=1,C=3,R=1",-inf,-inf,0,C|Y,1
C,119,K,1,X,45,S,3,C,3,R,1,Y,32,C,1,K,1,Y,1,S,2,X,41,R,1,C,1,"L1:[sp=C,119] K=1,X=45,S=3,C=3,R=1,Y=32 || L2:[sp=C,1] K=1,Y=1,S=2,X=41,R=1,C=1",-inf,-inf,0,C|C,1
X,119,X,45,Y,67,R,1,C,3,S,3,K,1,Y,19,S,2,X,28,R,1,Y,12,C,3,K,1,"L1:[sp=X,119] X=45,Y=67,R=1,C=3,S=3,K=1 || L2:[sp=Y,19] S=2,X=28,R=1,Y=12,C=3,K=1",-inf,-inf,0,X|Y,1
X,119,X,45,C,3,R,4,Y,67,S,5,K,1,Y,3,R,1,X,30,S,5,Y,1,C,3,K,1,"L1:[sp=X,119] X=45,C=3,R=4,Y=67,S=5,K=1 || L2:[sp=Y,3] R=1,X=30,S=5,Y=1,C=3,K=1",-inf,-inf,0,X|Y,1
C,119,K,1,X,45,S,3,C,3,R,1,Y,67,C,1,K,1,Y,1,S,1,X,13,R,1,C,1,"L1:[sp=C,119] K=1,X=45,S=3,C=3,R=1,Y=67 || L2:[sp=C,1] K=1,Y=1,S=1,X=13,R=1,C=1",-inf,-inf,0,C|C,1
C,119,X,45,Y,67,R,4,C,3,S,5,K,1,Y,19,R,1,S,5,X,28,Y,1,C,3,K,1,"L1:[sp=C,119] X=45,Y=67,R=4,C=3,S=5,K=1 || L2:[sp=Y,19] R=1,S=5,X=28,Y=1,C=3,K=1",-inf,-inf,0,C|Y,1
Y,119,X,212,C,3,R,5,Y,67,S,7,K,1,Y,19,R,1,X,19,K,1,C,3,Y,1,S,3,"L1:[sp=Y,119] X=212,C=3,R=5,Y=67,S=7,K=1 || L2:[sp=Y,19] R=1,X=19,K=1,C=3,Y=1,S=3",-inf,-inf,0,Y|Y,1
K,119,R,1,X,45,S,3,Y,67,K,7,C,3,Y,19,K,1,Y,8,S,2,X,28,R,1,C,3,"L1:[sp=K,119] R=1,X=45,S=3,Y=67,K=7,C=3 || L2:[sp=Y,19] K=1,Y=8,S=2,X=28,R=1,C=3",-inf,-inf,0,K|Y,1
C,119,R,4,S,5,X,45,C,3,Y,67,K,1,Y,19,R,1,X,28,S,5,Y,36,C,3,K,1,"L1:[sp=C,119] R=4,S=5,X=45,C=3,Y=67,K=1 || L2:[sp=Y,19] R=1,X=28,S=5,Y=36,C=3,K=1",-inf,-inf,0,C|Y,1
Y,119,X,45,C,3,R,1,Y,67,S,3,K,1,Y,19,R,1,S,2,X,28,Y,1,C,3,K,1,"L1:[sp=Y,119] X=45,C=3,R=1,Y=67,S=3,K=1 || L2:[sp=Y,19] R=1,S=2,X=28,Y=1,C=3,K=1",-inf,-inf,0,Y|Y,1
C,119,K,57,X,45,S,3,C,3,R,1,Y,67,C,1,K,1,Y,1,S,2,X,13,R,1,C,1,"L1:[sp=C,119] K=57,X=45,S=3,C=3,R=1,Y=67 || L2:[sp=C,1] K=1,Y=1,S=2,X=13,R=1,C=1",-inf,-inf,0,C|C,1
C,119,K,1,X,45,S,5,C,3,R,4,Y,67,Y,19,Y,1,K,1,S,5,X,28,R,1,C,3,"L1:[sp=C,119] K=1,X=45,S=5,C=3,R=4,Y=67 || L2:[sp=Y,19] Y=1,K=1,S=5,X=28,R=1,C=3",-inf,-inf,0,C|Y,1
C,119,X,45,Y,67,R,1,C,2,S,3,K,1,Y,19,R,1,X,13,S,2,Y,1,C,1,K,1,"L1:[sp=C,119] X=45,Y=67,R=1,C=2,S=3,K=1 || L2:[sp=Y,19] R=1,X=13,S=2,Y=1,C=1,K=1",-inf,-inf,0,C|Y,1
X,119,K,1,X,152,S,5,C,3,R,4,Y,67,C,1,K,1,Y,1,S,5,X,28,R,1,C,3,"L1:[sp=X,119] K=1,X=152,S=5,C=3,R=4,Y=67 || L2:[sp=C,1] K=1,Y=1,S=5,X=28,R=1,C=3",-inf,-inf,0,X|C,1
C,119,X,45,Y,67,R,4,C,3,S,3,K,1,Y,19,R,1,X,28,C,3,Y,1,S,2,K,1,"L1:[sp=C,119] X=45,Y=67,R=4,C=3,S=3,K=1 || L2:[sp=Y,19] R=1,X=28,C=3,Y=1,S=2,K=1",-inf,-inf,0,C|Y,1
C,119,K,1,X,45,C,3,S,5,R,1,Y,13,Y,19,Y,1,K,1,S,5,X,15,R,1,C,1,"L1:[sp=C,119] K=1,X=45,C=3,S=5,R=1,Y=13 || L2:[sp=Y,19] Y=1,K=1,S=5,X=15,R=1,C=1",-inf,-inf,0,C|Y,1
Y,119,X,45,C,3,R,1,Y,67,S,5,K,1,Y,19,R,1,X,28,S,1,Y,44,C,3,K,1,"L1:[sp=Y,119] X=45,C=3,R=1,Y=67,S=5,K=1 || L2:[sp=Y,19] R=1,X=28,S=1,Y=44,C=3,K=1",-inf,-inf,0,Y|Y,1
Y,119,K,1,X,96,S,5,C,3,R,6,Y,113,C,19,Y,1,K,1,S,5,X,28,R,1,C,1,"L1:[sp=Y,119] K=1,X=96,S=5,C=3,R=6,Y=113 || L2:[sp=C,19] Y=1,K=1,S=5,X=28,R=1,C=1",-inf,-inf,0,Y|C,1
Y,119,K,56,X,96,S,5,C,3,R,6,Y,67,C,19,Y,1,K,1,S,5,X,32,R,1,C,1,"L1:[sp=Y,119] K=56,X=96,S=5,C=3,R=6,Y=67 || L2:[sp=C,19] Y=1,K=1,S=5,X=32,R=1,C=1",-inf,-inf,0,Y|C,1
C,119,K,1,X,45,C,3,S,5,R,1,Y,67,Y,19,Y,67,K,1,S,5,X,28,R,1,C,1,"L1:[sp=C,119] K=1,X=45,C=3,S=5,R=1,Y=67 || L2:[sp=Y,19] Y=67,K=1,S=5,X=28,R=1,C=1",-inf,-inf,0,C|Y,1
C,119,K,1,R,6,S,5,C,3,X,96,Y,170,Y,19,Y,43,K,1,S,5,X,28,R,1,C,1,"L1:[sp=C,119] K=1,R=6,S=5,C=3,X=96,Y=170 || L2:[sp=Y,19] Y=43,K=1,S=5,X=28,R=1,C=1",-inf,-inf,0,C|Y,1
Y,119,X,45,C,3,R,1,Y,67,S,5,K,1,K,1,R,1,X,28,S,4,Y,1,C,3,K,1,"L1:[sp=Y,119] X=45,C=3,R=1,Y=67,S=5,K=1 || L2:[sp=K,1] R=1,X=28,S=4,Y=1,C=3,K=1",-inf,-inf,0,Y|K,1
K,119,Y,67,X,45,R,6,C,3,S,5,K,15,Y,19,R,1,X,28,S,5,Y,1,C,1,K,1,"L1:[sp=K,119] Y=67,X=45,R=6,C=3,S=5,K=15 || L2:[sp=Y,19] R=1,X=28,S=5,Y=1,C=1,K=1",-inf,-inf,0,K|Y,1
C,119,X,45,Y,67,R,4,C,3,S,3,K,1,Y,1,R,1,X,28,S,2,Y,1,C,3,K,1,"L1:[sp=C,119] X=45,Y=67,R=4,C=3,S=3,K=1 || L2:[sp=Y,1] R=1,X=28,S=2,Y=1,C=3,K=1",-inf,-inf,0,C|Y,1
Y,119,K,1,X,96,S,5,C,3,R,6,Y,67,C,19,Y,49,K,1,S,1,C,1,R,1,X,28,"L1:[sp=Y,119] K=1,X=96,S=5,C=3,R=6,Y=67 || L2:[sp=C,19] Y=49,K=1,S=1,C=1,R=1,X=28",-inf,-inf,0,Y|C,1
Y,119,X,65,C,3,K,1,Y,67,S,5,R,1,Y,19,R,1,X,28,S,5,Y,1,C,3,K,1,"L1:[sp=Y,119] X=65,C=3,K=1,Y=67,S=5,R=1 || L2:[sp=Y,19] R=1,X=28,S=5,Y=1,C=3,K=1",-inf,-inf,0,Y|Y,1
Y,119,K,1,X,96,C,3,S,5,R,6,Y,67,C,19,Y,1,C,1,S,2,X,28,R,1,K,1,"L1:[sp=Y,119] K=1,X=96,C=3,S=5,R=6,Y=67 || L2:[sp=C,19] Y=1,C=1,S=2,X=28,R=1,K=1",-inf,-inf,0,Y|C,1
C,119,K,1,X,45,S,1,C,3,R,6,Y,67,Y,19,K,1,Y,1,S,1,X,11,R,1,C,1,"L1:[sp=C,119] K=1,X=45,S=1,C=3,R=6,Y=67 || L2:[sp=Y,19] K=1,Y=1,S=1,X=11,R=1,C=1",-inf,-inf,0,C|Y,1
Y,119,K,53,R,5,C,3,S,5,X,45,Y,67,K,19,Y,28,K,1,S,5,X,28,C,1,R,1,"L1:[sp=Y,119] K=53,R=5,C=3,S=5,X=45,Y=67 || L2:[sp=K,19] Y=28,K=1,S=5,X=28,C=1,R=1",-inf,-inf,0,Y|K,1
C,119,K,1,X,45,C,3,S,5,R,6,Y,27,K,1,Y,1,K,1,S,5,X,28,R,1,C,1,"L1:[sp=C,119] K=1,X=45,C=3,S=5,R=6,Y=27 || L2:[sp=K,1] Y=1,K=1,S=5,X=28,R=1,C=1",-inf,-inf,0,C|K,1
Y,119,X,182,C,3,R,6,K,1,S,5,Y,67,Y,19,K,1,Y,1,S,1,X,28,C,3,R,1,"L1:[sp=Y,119] X=182,C=3,R=6,K=1,S=5,Y=67 || L2:[sp=Y,19] K=1,Y=1,S=1,X=28,C=3,R=1",-inf,-inf,0,Y|Y,1
C,119,K,1,X,45,C,3,S,5,R,6,Y,67,Y,19,Y,1,K,1,S,5,X,28,R,1,C,1,"L1:[sp=C,119] K=1,X=45,C=3,S=5,R=6,Y=67 || L2:[sp=Y,19] Y=1,K=1,S=5,X=28,R=1,C=1",-inf,-inf,0,C|Y,1
X,119,K,1,X,110,C,3,S,1,R,4,Y,67,C,19,Y,1,C,1,S,1,X,28,R,1,K,1,"L1:[sp=X,119] K=1,X=110,C=3,S=1,R=4,Y=67 || L2:[sp=C,19] Y=1,C=1,S=1,X=28,R=1,K=1",-inf,-inf,0,X|C,1
C,119,K,1,X,96,S,5,C,3,R,6,Y,67,Y,19,Y,1,K,1,S,5,X,86,R,5,C,1,"L1:[sp=C,119] K=1,X=96,S=5,C=3,R=6,Y=67 || L2:[sp=Y,19] Y=1,K=1,S=5,X=86,R=5,C=1",-inf,-inf,0,C|Y,1
Y,119,K,1,X,45,C,3,S,1,R,4,Y,67,C,19,Y,1,C,1,S,1,X,28,R,3,K,1,"L1:[sp=Y,119] K=1,X=45,C=3,S=1,R=4,Y=67 || L2:[sp=C,19] Y=1,C=1,S=1,X=28,R=3,K=1",-inf,-inf,0,Y|C,1
Y,119,K,9,X,45,S,5,C,3,R,6,Y,67,Y,19,Y,1,K,1,S,1,X,28,R,1,C,1,"L1:[sp=Y,119] K=9,X=45,S=5,C=3,R=6,Y=67 || L2:[sp=Y,19] Y=1,K=1,S=1,X=28,R=1,C=1",-inf,-inf,0,Y|Y,1
C,119,K,39,X,194,S,5,C,3,R,6,Y,67,Y,19,Y,1,K,1,S,5,X,28,R,1,C,1,"L1:[sp=C,119] K=39,X=194,S=5,C=3,R=6,Y=67 || L2:[sp=Y,19] Y=1,K=1,S=5,X=28,R=1,C=1",-inf,-inf,0,C|Y,1
Y,119,K,1,Y,81,S,5,C,3,R,6,X,45,Y,27,X,17,Y,1,S,5,K,1,R,1,C,3,"L1:[sp=Y,119] K=1,Y=81,S=5,C=3,R=6,X=45 || L2:[sp=Y,27] X=17,Y=1,S=5,K=1,R=1,C=3",-inf,-inf,0,Y|Y,1
Y,119,K,1,Y,2,S,1,C,3,R,3,X,141,C,19,Y,2,K,1,S,1,X,28,R,1,C,3,"L1:[sp=Y,119] K=1,Y=2,S=1,C=3,R=3,X=141 || L2:[sp=C,19] Y=2,K=1,S=1,X=28,R=1,C=3",-inf,-inf,0,Y|C,1
C,119,K,1,Y,67,S,5,C,3,R,4,X,45,Y,19,Y,1,K,1,S,3,X,28,R,1,C,3,"L1:[sp=C,119] K=1,Y=67,S=5,C=3,R=4,X=45 || L2:[sp=Y,19] Y=1,K=1,S=3,X=28,R=1,C=3",-inf,-inf,0,C|Y,1
C,119,K,1,Y,2,S,5,C,3,R,6,X,120,Y,19,S,3,K,1,Y,1,X,28,C,2,R,1,"L1:[sp=C,119] K=1,Y=2,S=5,C=3,R=6,X=120 || L2:[sp=Y,19] S=3,K=1,Y=1,X=28,C=2,R=1",-inf,-inf,0,C|Y,1
K,119,K,33,X,16,S,1,C,3,R,6,Y,67,C,11,Y,1,K,1,S,1,X,16,R,1,C,1,"L1:[sp=K,119] K=33,X=16,S=1,C=3,R=6,Y=67 || L2:[sp=C,11] Y=1,K=1,S=1,X=16,R=1,C=1",-inf,-inf,0,K|C,1
C,119,K,53,X,120,S,5,C,3,R,6,Y,67,Y,19,Y,1,K,1,S,5,X,28,R,1,C,1,"L1:[sp=C,119] K=53,X=120,S=5,C=3,R=6,Y=67 || L2:[sp=Y,19] Y=1,K=1,S=5,X=28,R=1,C=1",-inf,-inf,0,C|Y,1
Y,119,K,1,Y,2,S,1,C,3,R,6,X,45,C,19,Y,1,K,1,S,1,X,3,R,1,C,3,"L1:[sp=Y,119] K=1,Y=2,S=1,C=3,R=6,X=45 || L2:[sp=C,19] Y=1,K=1,S=1,X=3,R=1,C=3",-inf,-inf,0,Y|C,1
Y,119,K,1,Y,67,S,5,C,3,R,6,X,120,C,19,Y,1,K,1,S,5,X,86,R,1,C,3,"L1:[sp=Y,119] K=1,Y=67,S=5,C=3,R=6,X=120 || L2:[sp=C,19] Y=1,K=1,S=5,X=86,R=1,C=3",-inf,-inf,0,Y|C,1
Y,119,K,51,X,45,S,3,C,3,R,4,Y,67,C,19,Y,1,K,1,S,1,X,28,R,1,C,1,"L1:[sp=Y,119] K=51,X=45,S=3,C=3,R=4,Y=67 || L2:[sp=C,19] Y=1,K=1,S=1,X=28,R=1,C=1",-inf,-inf,0,Y|C,1
Y,119,K,1,Y,2,S,5,C,3,R,6,X,45,C,1,Y,1,K,1,S,1,X,28,R,1,C,2,"L1:[sp=Y,119] K=1,Y=2,S=5,C=3,R=6,X=45 || L2:[sp=C,1] Y=1,K=1,S=1,X=28,R=1,C=2",-inf,-inf,0,Y|C,1
K,119,X,96,S,7,Y,67,C,3,R,6,K,1,C,19,S,5,K,1,Y,1,X,28,R,2,C,1,"L1:[sp=K,119] X=96,S=7,Y=67,C=3,R=6,K=1 || L2:[sp=C,19] S=5,K=1,Y=1,X=28,R=2,C=1",-inf,-inf,0,K|C,1
Y,119,K,52,S,5,Y,2,C,3,R,6,X,77,C,19,X,17,Y,1,S,3,K,1,R,1,C,2,"L1:[sp=Y,119] K=52,S=5,Y=2,C=3,R=6,X=77 || L2:[sp=C,19] X=17,Y=1,S=3,K=1,R=1,C=2",-inf,-inf,0,Y|C,1
Y,119,X,45,S,5,Y,2,C,3,R,4,K,1,C,19,Y,1,K,1,S,3,X,28,R,1,C,3,"L1:[sp=Y,119] X=45,S=5,Y=2,C=3,R=4,K=1 || L2:[sp=C,19] Y=1,K=1,S=3,X=28,R=1,C=3",-inf,-inf,0,Y|C,1
Y,119,K,1,S,5,Y,67,C,3,R,6,X,45,X,1,C,3,K,1,S,1,X,28,R,2,Y,60,"L1:[sp=Y,119] K=1,S=5,Y=67,C=3,R=6,X=45 || L2:[sp=X,1] C=3,K=1,S=1,X=28,R=2,Y=60",-inf,-inf,0,Y|X,1
C,119,S,4,X,45,C,3,K,1,R,7,Y,67,Y,19,Y,15,K,1,S,1,X,4,R,1,C,1,"L1:[sp=C,119] S=4,X=45,C=3,K=1,R=7,Y=67 || L2:[sp=Y,19] Y=15,K=1,S=1,X=4,R=1,C=1",-inf,-inf,0,C|Y,1
Y,119,K,1,Y,67,S,4,C,3,R,1,X,45,C,19,X,28,Y,64,S,1,K,1,R,1,C,1,"L1:[sp=Y,119] K=1,Y=67,S=4,C=3,R=1,X=45 || L2:[sp=C,19] X=28,Y=64,S=1,K=1,R=1,C=1",-inf,-inf,0,Y|C,1
C,119,S,5,X,96,R,6,C,3,Y,67,K,1,C,3,S,5,X,28,R,5,Y,1,C,1,K,1,"L1:[sp=C,119] S=5,X=96,R=6,C=3,Y=67,K=1 || L2:[sp=C,3] S=5,X=28,R=5,Y=1,C=1,K=1",-inf,-inf,0,C|C,1
Y,119,X,45,S,5,Y,67,C,2,R,4,K,1,C,19,Y,1,K,1,R,1,X,28,S,1,C,2,"L1:[sp=Y,119] X=45,S=5,Y=67,C=2,R=4,K=1 || L2:[sp=C,19] Y=1,K=1,R=1,X=28,S=1,C=2",-inf,-inf,0,Y|C,1
Y,119,K,15,Y,2,S,5,C,3,R,6,X,45,C,3,Y,1,K,1,S,1,X,28,R,1,C,3,"L1:[sp=Y,119] K=15,Y=2,S=5,C=3,R=6,X=45 || L2:[sp=C,3] Y=1,K=1,S=1,X=28,R=1,C=3",-inf,-inf,0,Y|C,1
Y,119,X,45,S,5,Y,92,C,3,R,7,K,60,C,19,Y,1,K,1,S,1,X,28,R,1,C,3,"L1:[sp=Y,119] X=45,S=5,Y=92,C=3,R=7,K=60 || L2:[sp=C,19] Y=1,K=1,S=1,X=28,R=1,C=3",-inf,-inf,0,Y|C,1
K,119,S,4,Y,209,C,3,K,15,X,45,R,6,Y,19,Y,1,K,1,S,1,X,28,R,1,C,1,"L1:[sp=K,119] S=4,Y=209,C=3,K=15,X=45,R=6 || L2:[sp=Y,19] Y=1,K=1,S=1,X=28,R=1,C=1",-inf,-inf,0,K|Y,1
Y,119,X,45,S,7,Y,2,C,3,R,6,K,1,C,19,Y,2,K,1,S,2,X,28,C,3,R,2,"L1:[sp=Y,119] X=45,S=7,Y=2,C=3,R=6,K=1 || L2:[sp=C,19] Y=2,K=1,S=2,X=28,C=3,R=2",-inf,-inf,0,Y|C,1
X,119,S,5,X,45,R,4,C,3,Y,116,K,43,C,3,Y,1,X,42,S,1,R,2,K,1,C,3,"L1:[sp=X,119] S=5,X=45,R=4,C=3,Y=116,K=43 || L2:[sp=C,3] Y=1,X=42,S=1,R=2,K=1,C=3",-inf,-inf,0,X|C,1
C,119,S,5,Y,67,C,3,K,1,R,6,X,45,Y,19,Y,1,X,28,S,1,K,1,R,6,C,3,"L1:[sp=C,119] S=5,Y=67,C=3,K=1,R=6,X=45 || L2:[sp=Y,19] Y=1,X=28,S=1,K=1,R=6,C=3",-inf,-inf,0,C|Y,1
Y,119,S,5,Y,2,K,1,C,3,R,7,X,45,Y,1,Y,1,K,1,X,28,S,2,R,1,C,1,"L1:[sp=Y,119] S=5,Y=2,K=1,C=3,R=7,X=45 || L2:[sp=Y,1] Y=1,K=1,X=28,S=2,R=1,C=1",-inf,-inf,0,Y|Y,1
X,119,S,4,X,45,R,6,C,3,Y,45,K,43,C,3,Y,1,X,28,S,2,R,1,C,3,K,16,"L1:[sp=X,119] S=4,X=45,R=6,C=3,Y=45,K=43 || L2:[sp=C,3] Y=1,X=28,S=2,R=1,C=3,K=16",-inf,-inf,0,X|C,1
C,119,S,4,Y,67,C,3,K,1,R,6,X,45,Y,19,Y,1,K,1,S,1,X,42,R,1,C,3,"L1:[sp=C,119] S=4,Y=67,C=3,K=1,R=6,X=45 || L2:[sp=Y,19] Y=1,K=1,S=1,X=42,R=1,C=3",-inf,-inf,0,C|Y,1
K,119,S,5,Y,45,C,3,K,1,R,4,X,165,Y,19,Y,1,K,1,S,3,X,28,R,1,C,1,"L1:[sp=K,119] S=5,Y=45,C=3,K=1,R=4,X=165 || L2:[sp=Y,19] Y=1,K=1,S=3,X=28,R=1,C=1",-inf,-inf,0,K|Y,1
C,119,S,5,Y,2,C,3,K,41,R,6,X,45,Y,19,Y,1,K,1,S,3,X,9,R,1,C,2,"L1:[sp=C,119] S=5,Y=2,C=3,K=41,R=6,X=45 || L2:[sp=Y,19] Y=1,K=1,S=3,X=9,R=1,C=2",-inf,-inf,0,C|Y,1
Y,119,S,4,X,165,K,1,R,6,C,3,Y,45,C,19,S,1,X,28,Y,1,K,1,R,4,C,1,"L1:[sp=Y,119] S=4,X=165,K=1,R=6,C=3,Y=45 || L2:[sp=C,19] S=1,X=28,Y=1,K=1,R=4,C=1",-inf,-inf,0,Y|C,1
C,119,S,5,Y,92,C,3,K,1,R,2,X,45,Y,19,Y,1,K,1,S,5,X,28,R,1,C,3,"L1:[sp=C,119] S=5,Y=92,C=3,K=1,R=2,X=45 || L2:[sp=Y,19] Y=1,K=1,S=5,X=28,R=1,C=3",-inf,-inf,0,C|Y,1
Y,119,X,45,S,5,Y,67,C,3,R,4,K,1,C,19,Y,1,K,1,S,5,X,12,R,1,C,3,"L1:[sp=Y,119] X=45,S=5,Y=67,C=3,R=4,K=1 || L2:[sp=C,19] Y=1,K=1,S=5,X=12,R=1,C=3",-inf,-inf,0,Y|C,1
C,119,S,5,Y,20,C,3,K,1,R,4,X,45,Y,19,Y,1,K,1,S,1,X,42,R,2,C,3,"L1:[sp=C,119] S=5,Y=20,C=3,K=1,R=4,X=45 || L2:[sp=Y,19] Y=1,K=1,S=1,X=42,R=2,C=3",-inf,-inf,0,C|Y,1
X,119,S,3,X,45,R,6,K,1,Y,2,C,3,C,19,S,2,X,28,Y,2,K,1,R,2,C,2,"L1:[sp=X,119] S=3,X=45,R=6,K=1,Y=2,C=3 || L2:[sp=C,19] S=2,X=28,Y=2,K=1,R=2,C=2",-inf,-inf,0,X|C,1
Y,119,X,165,S,4,C,3,Y,2,R,5,K,1,C,19,Y,1,K,1,S,4,X,28,R,1,C,3,"L1:[sp=Y,119] X=165,S=4,C=3,Y=2,R=5,K=1 || L2:[sp=C,19] Y=1,K=1,S=4,X=28,R=1,C=3",-inf,-inf,0,Y|C,1
X,119,S,5,X,165,R,6,K,1,C,1,Y,2,C,19,S,1,X,28,Y,1,K,1,R,1,C,1,"L1:[sp=X,119] S=5,X=165,R=6,K=1,C=1,Y=2 || L2:[sp=C,19] S=1,X=28,Y=1,K=1,R=1,C=1",-inf,-inf,0,X|C,1
Y,119,X,45,S,2,C,3,Y,2,R,4,K,1,Y,2,Y,1,K,1,S,2,C,3,R,2,X,28,"L1:[sp=Y,119] X=45,S=2,C=3,Y=2,R=4,K=1 || L2:[sp=Y,2] Y=1,K=1,S=2,C=3,R=2,X=28",-inf,-inf,0,Y|Y,1
Y,119,X,45,S,7,C,2,Y,2,R,6,K,1,C,19,Y,1,K,1,C,2,X,28,R,2,S,7,"L1:[sp=Y,119] X=45,S=7,C=2,Y=2,R=6,K=1 || L2:[sp=C,19] Y=1,K=1,C=2,X=28,R=2,S=7",-inf,-inf,0,Y|C,1
X,119,X,45,S,4,C,3,Y,2,R,6,K,1,C,19,Y,1,S,4,K,1,X,28,R,2,C,3,"L1:[sp=X,119] X=45,S=4,C=3,Y=2,R=6,K=1 || L2:[sp=C,19] Y=1,S=4,K=1,X=28,R=2,C=3",-inf,-inf,0,X|C,1
X,119,S,7,X,165,R,6,K,1,C,3,Y,2,C,19,S,2,X,28,Y,1,K,1,R,1,C,2,"L1:[sp=X,119] S=7,X=165,R=6,K=1,C=3,Y=2 || L2:[sp=C,19] S=2,X=28,Y=1,K=1,R=1,C=2",-inf,-inf,0,X|C,1
C,119,S,1,Y,49,C,3,X,45,R,6,K,27,Y,19,R,1,K,1,Y,1,X,9,S,1,C,1,"L1:[sp=C,119] S=1,Y=49,C=3,X=45,R=6,K=27 || L2:[sp=Y,19] R=1,K=1,Y=1,X=9,S=1,C=1",-inf,-inf,0,C|Y,1
Y,119,S,4,Y,45,C,3,K,1,R,6,X,122,Y,19,Y,1,K,1,S,1,X,28,R,1,C,1,"L1:[sp=Y,119] S=4,Y=45,C=3,K=1,R=6,X=122 || L2:[sp=Y,19] Y=1,K=1,S=1,X=28,R=1,C=1",-inf,-inf,0,Y|Y,1
C,119,S,5,Y,151,C,3,K,1,R,4,X,45,Y,19,Y,63,K,1,S,1,X,42,R,1,C,3,"L1:[sp=C,119] S=5,Y=151,C=3,K=1,R=4,X=45 || L2:[sp=Y,19] Y=63,K=1,S=1,X=42,R=1,C=3",-inf,-inf,0,C|Y,1
X,119,S,4,X,45,R,6,K,1,C,3,Y,2,C,19,S,1,X,28,R,2,K,1,Y,1,C,2,"L1:[sp=X,119] S=4,X=45,R=6,K=1,C=3,Y=2 || L2:[sp=C,19] S=1,X=28,R=2,K=1,Y=1,C=2",-inf,-inf,0,X|C,1
X,119,S,4,Y,45,C,3,K,43,R,1,X,165,Y,19,Y,1,K,1,S,4,X,28,R,1,C,1,"L1:[sp=X,119] S=4,Y=45,C=3,K=43,R=1,X=165 || L2:[sp=Y,19] Y=1,K=1,S=4,X=28,R=1,C=1",-inf,-inf,0,X|Y,1
C,119,S,4,K,1,C,3,Y,67,R,4,X,45,Y,1,Y,1,K,1,S,3,X,42,R,1,C,1,"L1:[sp=C,119] S=4,K=1,C=3,Y=67,R=4,X=45 || L2:[sp=Y,1] Y=1,K=1,S=3,X=42,R=1,C=1",-inf,-inf,0,C|Y,1
C,119,S,7,Y,210,C,3,K,12,R,1,X,16,Y,19,Y,1,K,1,S,2,X,16,R,1,C,2,"L1:[sp=C,119] S=7,Y=210,C=3,K=12,R=1,X=16 || L2:[sp=Y,19] Y=1,K=1,S=2,X=16,R=1,C=2",-inf,-inf,0,C|Y,1
X,119,S,4,Y,45,C,3,X,31,R,6,K,1,C,1,R,1,K,1,S,4,X,28,Y,1,C,1,"L1:[sp=X,119] S=4,Y=45,C=3,X=31,R=6,K=1 || L2:[sp=C,1] R=1,K=1,S=4,X=28,Y=1,C=1",-inf,-inf,0,X|C,1
C,119,S,4,K,1,C,3,Y,39,R,4,X,45,Y,19,Y,1,K,1,S,3,X,42,R,1,C,1,"L1:[sp=C,119] S=4,K=1,C=3,Y=39,R=4,X=45 || L2:[sp=Y,19] Y=1,K=1,S=3,X=42,R=1,C=1",-inf,-inf,0,C|Y,1
C,119,S,4,Y,45,C,3,K,1,R,1,X,165,Y,19,Y,1,K,1,S,4,X,28,R,1,C,1,"L1:[sp=C,119] S=4,Y=45,C=3,K=1,R=1,X=165 || L2:[sp=Y,19] Y=1,K=1,S=4,X=28,R=1,C=1",-inf,-inf,0,C|Y,1
Y,119,S,4,Y,29,C,2,K,1,R,6,X,165,K,1,Y,1,X,28,S,4,K,1,R,1,C,2,"L1:[sp=Y,119] S=4,Y=29,C=2,K=1,R=6,X=165 || L2:[sp=K,1] Y=1,X=28,S=4,K=1,R=1,C=2",-inf,-inf,0,Y|K,1
C,119,X,31,S,4,C,3,Y,45,R,6,K,1,Y,19,Y,1,K,1,C,2,X,28,R,1,S,4,"L1:[sp=C,119] X=31,S=4,C=3,Y=45,R=6,K=1 || L2:[sp=Y,19] Y=1,K=1,C=2,X=28,R=1,S=4",-inf,-inf,0,C|Y,1
X,119,S,5,X,16,R,6,K,1,C,3,Y,2,C,19,S,2,X,16,Y,1,K,1,R,2,C,2,"L1:[sp=X,119] S=5,X=16,R=6,K=1,C=3,Y=2 || L2:[sp=C,19] S=2,X=16,Y=1,K=1,R=2,C=2",-inf,-inf,0,X|C,1
C,119,S,4,Y,49,C,1,X,45,R,4,K,12,X,1,R,1,K,1,S,3,X,42,Y,1,C,1,"L1:[sp=C,119] S=4,Y=49,C=1,X=45,R=4,K=12 || L2:[sp=X,1] R=1,K=1,S=3,X=42,Y=1,C=1",-inf,-inf,0,C|X,1
C,119,X,165,S,4,C,2,Y,29,R,6,K,10,X,11,Y,1,K,9,C,2,X,28,R,1,S,4,"L1:[sp=C,119] X=165,S=4,C=2,Y=29,R=6,K=10 || L2:[sp=X,11] Y=1,K=9,C=2,X=28,R=1,S=4",-inf,-inf,0,C|X,1
X,119,X,165,Y,29,C,2,R,6,K,1,S,4,X,3,Y,1,S,4,K,1,X,97,R,1,C,2,"L1:[sp=X,119] X=165,Y=29,C=2,R=6,K=1,S=4 || L2:[sp=X,3] Y=1,S=4,K=1,X=97,R=1,C=2",-inf,-inf,0,X|X,1
C,119,X,162,S,5,C,3,Y,45,R,6,K,1,Y,19,Y,1,K,1,C,1,X,28,R,1,S,4,"L1:[sp=C,119] X=162,S=5,C=3,Y=45,R=6,K=1 || L2:[sp=Y,19] Y=1,K=1,C=1,X=28,R=1,S=4",-inf,-inf,0,C|Y,1
Y,119,S,4,Y,201,C,3,K,1,R,6,X,31,Y,19,X,5,K,1,S,2,Y,1,R,1,C,3,"L1:[sp=Y,119] S=4,Y=201,C=3,K=1,R=6,X=31 || L2:[sp=Y,19] X=5,K=1,S=2,Y=1,R=1,C=3",-inf,-inf,0,Y|Y,1
Y,119,S,4,Y,45,C,1,K,1,R,6,X,31,Y,19,Y,1,K,1,S,4,X,28,R,3,C,1,"L1:[sp=Y,119] S=4,Y=45,C=1,K=1,R=6,X=31 || L2:[sp=Y,19] Y=1,K=1,S=4,X=28,R=3,C=1",-inf,-inf,0,Y|Y,1
Y,119,X,31,Y,59,C,1,K,1,R,6,S,4,Y,19,Y,49,K,1,S,4,X,28,R,1,C,1,"L1:[sp=Y,119] X=31,Y=59,C=1,K=1,R=6,S=4 || L2:[sp=Y,19] Y=49,K=1,S=4,X=28,R=1,C=1",-inf,-inf,0,Y|Y,1
Y,119,S,4,Y,49,C,3,K,1,R,4,X,45,Y,19,Y,11,K,1,S,1,X,42,R,1,C,1,"L1:[sp=Y,119] S=4,Y=49,C=3,K=1,R=4,X=45 || L2:[sp=Y,19] Y=11,K=1,S=1,X=42,R=1,C=1",-inf,-inf,0,Y|Y,1
C,119,Y,67,X,45,R,6,K,1,C,3,S,6,X,19,Y,1,X,9,S,3,K,1,R,5,C,3,"L1:[sp=C,119] Y=67,X=45,R=6,K=1,C=3,S=6 || L2:[sp=X,19] Y=1,X=9,S=3,K=1,R=5,C=3",-inf,-inf,0,C|X,1
X,119,X,45,Y,39,C,3,R,4,K,1,S,4,X,3,Y,1,S,3,K,1,X,42,R,1,C,1,"L1:[sp=X,119] X=45,Y=39,C=3,R=4,K=1,S=4 || L2:[sp=X,3] Y=1,S=3,K=1,X=42,R=1,C=1",-inf,-inf,0,X|X,1
C,119,S,2,C,3,Y,45,K,1,R,6,X,162,Y,19,X,28,Y,1,S,2,K,1,R,1,C,1,"L1:[sp=C,119] S=2,C=3,Y=45,K=1,R=6,X=162 || L2:[sp=Y,19] X=28,Y=1,S=2,K=1,R=1,C=1",-inf,-inf,0,C|Y,1
C,119,S,4,C,3,Y,67,K,57,R,4,X,45,Y,19,Y,1,K,1,S,3,X,42,R,4,C,1,"L1:[sp=C,119] S=4,C=3,Y=67,K=57,R=4,X=45 || L2:[sp=Y,19] Y=1,K=1,S=3,X=42,R=4,C=1",-inf,-inf,0,C|Y,1
C,119,Y,45,X,1,R,6,K,1,C,3,S,4,X,19,Y,1,X,1,S,4,K,1,R,1,C,2,"L1:[sp=C,119] Y=45,X=1,R=6,K=1,C=3,S=4 || L2:[sp=X,19] Y=1,X=1,S=4,K=1,R=1,C=2",-inf,-inf,0,C|X,1
Y,119,S,4,Y,67,C,3,K,19,R,4,X,45,Y,19,Y,60,K,1,S,1,X,42,R,1,C,2,"L1:[sp=Y,119] S=4,Y=67,C=3,K=19,R=4,X=45 || L2:[sp=Y,19] Y=60,K=1,S=1,X=42,R=1,C=2",-inf,-inf,0,Y|Y,1
Y,119,X,162,Y,45,C,3,R,6,K,1,S,2,X,3,Y,1,S,2,K,1,X,28,R,1,C,1,"L1:[sp=Y,119] X=162,Y=45,C=3,R=6,K=1,S=2 || L2:[sp=X,3] Y=1,S=2,K=1,X=28,R=1,C=1",-inf,-inf,0,Y|X,1
Y,119,S,4,Y,201,C,3,K,40,R,6,X,45,Y,19,Y,1,K,1,S,3,X,9,R,1,C,3,"L1:[sp=Y,119] S=4,Y=201,C=3,K=40,R=6,X=45 || L2:[sp=Y,19] Y=1,K=1,S=3,X=9,R=1,C=3",-inf,-inf,0,Y|Y,1
Y,119,S,4,Y,201,C,3,X,31,R,3,K,1,Y,19,Y,71,K,1,S,3,X,28,R,1,C,3,"L1:[sp=Y,119] S=4,Y=201,C=3,X=31,R=3,K=1 || L2:[sp=Y,19] Y=71,K=1,S=3,X=28,R=1,C=3",-inf,-inf,0,Y|Y,1
Y,119,S,4,Y,119,C,3,K,21,R,6,X,31,Y,19,Y,1,K,1,S,4,X,12,R,1,C,2,"L1:[sp=Y,119] S=4,Y=119,C=3,K=21,R=6,X=31 || L2:[sp=Y,19] Y=1,K=1,S=4,X=12,R=1,C=2",-inf,-inf,0,Y|Y,1
Y,119,S,4,X,159,C,3,K,1,R,6,Y,49,Y,19,Y,1,K,1,S,2,X,12,R,1,C,2,"L1:[sp=Y,119] S=4,X=159,C=3,K=1,R=6,Y=49 || L2:[sp=Y,19] Y=1,K=1,S=2,X=12,R=1,C=2",-inf,-inf,0,Y|Y,1
Y,119,S,5,Y,201,C,3,K,1,R,6,X,45,Y,19,Y,69,K,1,S,3,X,9,R,5,C,2,"L1:[sp=Y,119] S=5,Y=201,C=3,K=1,R=6,X=45 || L2:[sp=Y,19] Y=69,K=1,S=3,X=9,R=5,C=2",-inf,-inf,0,Y|Y,1
Y,119,S,5,Y,49,C,3,K,1,R,6,X,45,Y,19,S,3,K,1,Y,1,X,23,R,6,C,3,"L1:[sp=Y,119] S=5,Y=49,C=3,K=1,R=6,X=45 || L2:[sp=Y,19] S=3,K=1,Y=1,X=23,R=6,C=3",-inf,-inf,0,Y|Y,1
C,119,S,4,Y,67,C,3,K,1,R,6,X,45,K,1,Y,59,K,1,S,3,X,9,R,1,C,1,"L1:[sp=C,119] S=4,Y=67,C=3,K=1,R=6,X=45 || L2:[sp=K,1] Y=59,K=1,S=3,X=9,R=1,C=1",-inf,-inf,0,C|K,1
Y,119,S,4,Y,201,C,3,K,18,R,6,X,31,Y,19,Y,1,K,1,S,3,X,12,R,1,C,2,"L1:[sp=Y,119] S=4,Y=201,C=3,K=18,R=6,X=31 || L2:[sp=Y,19] Y=1,K=1,S=3,X=12,R=1,C=2",-inf,-inf,0,Y|Y,1
C,119,S,4,Y,67,C,3,K,48,R,6,X,31,Y,19,Y,1,K,1,S,3,X,12,R,1,C,1,"L1:[sp=C,119] S=4,Y=67,C=3,K=48,R=6,X=31 || L2:[sp=Y,19] Y=1,K=1,S=3,X=12,R=1,C=1",-inf,-inf,0,C|Y,1
Y,119,S,1,Y,28,C,3,K,1,R,6,X,31,Y,19,Y,14,R,1,S,1,X,11,K,1,C,3,"L1:[sp=Y,119] S=1,Y=28,C=3,K=1,R=6,X=31 || L2:[sp=Y,19] Y=14,R=1,S=1,X=11,K=1,C=3",-inf,-inf,0,Y|Y,1
Y,119,S,7,Y,201,C,3,K,1,R,5,X,31,Y,19,Y,1,K,1,S,4,X,28,R,5,C,3,"L1:[sp=Y,119] S=7,Y=201,C=3,K=1,R=5,X=31 || L2:[sp=Y,19] Y=1,K=1,S=4,X=28,R=5,C=3",-inf,-inf,0,Y|Y,1
K,119,S,5,Y,201,C,2,K,1,R,6,X,31,Y,19,Y,1,K,1,S,4,X,11,R,1,C,2,"L1:[sp=K,119] S=5,Y=201,C=2,K=1,R=6,X=31 || L2:[sp=Y,19] Y=1,K=1,S=4,X=11,R=1,C=2",-inf,-inf,0,K|Y,1
Y,119,S,1,Y,67,C,3,K,1,R,6,X,31,Y,19,Y,1,K,1,S,1,X,11,R,5,C,1,"L1:[sp=Y,119] S=1,Y=67,C=3,K=1,R=6,X=31 || L2:[sp=Y,19] Y=1,K=1,S=1,X=11,R=5,C=1",-inf,-inf,0,Y|Y,1
Y,119,S,1,Y,134,C,3,K,1,R,6,X,31,Y,19,C,2,K,1,S,1,Y,1,R,5,X,11,"L1:[sp=Y,119] S=1,Y=134,C=3,K=1,R=6,X=31 || L2:[sp=Y,19] C=2,K=1,S=1,Y=1,R=5,X=11",-inf,-inf,0,Y|Y,1
K,119,Y,201,K,1,R,5,X,31,C,3,S,7,Y,1,Y,1,X,28,S,4,K,1,R,1,C,3,"L1:[sp=K,119] Y=201,K=1,R=5,X=31,C=3,S=7 || L2:[sp=Y,1] Y=1,X=28,S=4,K=1,R=1,C=3",-inf,-inf,0,K|Y,1
C,119,S,5,Y,49,C,1,K,1,R,6,X,45,Y,19,Y,1,R,5,S,2,X,9,K,1,C,1,"L1:[sp=C,119] S=5,Y=49,C=1,K=1,R=6,X=45 || L2:[sp=Y,19] Y=1,R=5,S=2,X=9,K=1,C=1",-inf,-inf,0,C|Y,1
Y,119,Y,67,K,1,R,6,X,31,C,3,S,5,X,19,Y,1,X,11,S,3,K,1,R,5,C,2,"L1:[sp=Y,119] Y=67,K=1,R=6,X=31,C=3,S=5 || L2:[sp=X,19] Y=1,X=11,S=3,K=1,R=5,C=2",-inf,-inf,0,Y|X,1
C,119,S,1,Y,49,C,1,K,1,R,6,X,45,Y,19,Y,35,R,5,S,1,X,9,K,1,C,1,"L1:[sp=C,119] S=1,Y=49,C=1,K=1,R=6,X=45 || L2:[sp=Y,19] Y=35,R=5,S=1,X=9,K=1,C=1",-inf,-inf,0,C|Y,1
Y,119,S,1,Y,201,C,3,K,1,R,3,X,31,Y,19,Y,153,K,1,S,1,X,28,R,1,C,2,"L1:[sp=Y,119] S=1,Y=201,C=3,K=1,R=3,X=31 || L2:[sp=Y,19] Y=153,K=1,S=1,X=28,R=1,C=2",-inf,-inf,0,Y|Y,1
Y,119,S,4,Y,201,C,3,K,1,R,4,X,45,Y,19,Y,1,K,1,S,4,X,9,R,1,C,3,"L1:[sp=Y,119] S=4,Y=201,C=3,K=1,R=4,X=45 || L2:[sp=Y,19] Y=1,K=1,S=4,X=9,R=1,C=3",-inf,-inf,0,Y|Y,1
Y,119,S,1,Y,201,C,3,K,1,R,6,X,31,Y,19,Y,1,K,1,S,1,X,11,R,1,C,2,"L1:[sp=Y,119] S=1,Y=201,C=3,K=1,R=6,X=31 || L2:[sp=Y,19] Y=1,K=1,S=1,X=11,R=1,C=2",-inf,-inf,0,Y|Y,1
Y,119,S,7,Y,201,C,3,K,1,R,6,X,31,Y,19,K,1,Y,1,S,1,X,20,R,1,C,1,"L1:[sp=Y,119] S=7,Y=201,C=3,K=1,R=6,X=31 || L2:[sp=Y,19] K=1,Y=1,S=1,X=20,R=1,C=1",-inf,-inf,0,Y|Y,1
Y,119,S,6,R,6,C,3,K,1,Y,67,X,45,Y,19,Y,1,X,33,S,1,K,1,R,1,C,2,"L1:[sp=Y,119] S=6,R=6,C=3,K=1,Y=67,X=45 || L2:[sp=Y,19] Y=1,X=33,S=1,K=1,R=1,C=2",-inf,-inf,0,Y|Y,1
Y,119,S,1,R,6,C,3,K,13,Y,67,X,31,C,19,Y,1,R,5,S,1,X,11,K,1,C,2,"L1:[sp=Y,119] S=1,R=6,C=3,K=13,Y=67,X=31 || L2:[sp=C,19] Y=1,R=5,S=1,X=11,K=1,C=2",-inf,-inf,0,Y|C,1
Y,119,S,5,R,7,C,3,K,1,Y,67,X,45,Y,19,Y,1,X,33,S,1,K,1,R,1,C,2,"L1:[sp=Y,119] S=5,R=7,C=3,K=1,Y=67,X=45 || L2:[sp=Y,19] Y=1,X=33,S=1,K=1,R=1,C=2",-inf,-inf,0,Y|Y,1
Y,119,S,4,R,6,C,3,K,1,Y,67,X,45,Y,19,Y,1,X,33,S,1,K,1,R,1,C,2,"L1:[sp=Y,119] S=4,R=6,C=3,K=1,Y=67,X=45 || L2:[sp=Y,19] Y=1,X=33,S=1,K=1,R=1,C=2",-inf,-inf,0,Y|Y,1
C,119,S,1,Y,66,X,45,K,1,R,4,C,3,Y,19,Y,1,R,3,S,1,X,9,K,1,C,2,"L1:[sp=C,119] S=1,Y=66,X=45,K=1,R=4,C=3 || L2:[sp=Y,19] Y=1,R=3,S=1,X=9,K=1,C=2",-inf,-inf,0,C|Y,1
Y,119,S,1,R,6,C,3,K,1,Y,67,X,70,Y,19,C,2,X,33,S,1,K,1,R,1,Y,46,"L1:[sp=Y,119] S=1,R=6,C=3,K=1,Y=67,X=70 || L2:[sp=Y,19] C=2,X=33,S=1,K=1,R=1,Y=46",-inf,-inf,0,Y|Y,1
Y,119,S,1,R,6,C,3,K,1,Y,67,X,45,Y,19,Y,40,X,33,R,1,K,1,S,1,C,2,"L1:[sp=Y,119] S=1,R=6,C=3,K=1,Y=67,X=45 || L2:[sp=Y,19] Y=40,X=33,R=1,K=1,S=1,C=2",-inf,-inf,0,Y|Y,1
Y,119,Y,201,K,1,R,6,X,31,C,3,S,1,K,1,Y,1,X,11,S,1,K,1,R,1,C,3,"L1:[sp=Y,119] Y=201,K=1,R=6,X=31,C=3,S=1 || L2:[sp=K,1] Y=1,X=11,S=1,K=1,R=1,C=3",-inf,-inf,0,Y|K,1
X,119,Y,201,K,1,R,6,X,31,C,3,S,1,Y,19,Y,1,X,11,R,1,K,1,S,1,C,3,"L1:[sp=X,119] Y=201,K=1,R=6,X=31,C=3,S=1 || L2:[sp=Y,19] Y=1,X=11,R=1,K=1,S=1,C=3",-inf,-inf,0,X|Y,1
Y,119,S,1,R,7,C,1,K,1,Y,211,X,31,C,19,Y,1,K,1,S,1,X,11,R,1,C,1,"L1:[sp=Y,119] S=1,R=7,C=1,K=1,Y=211,X=31 || L2:[sp=C,19] Y=1,K=1,S=1,X=11,R=1,C=1",-inf,-inf,0,Y|C,1
Y,119,S,4,R,6,C,3,K,1,Y,179,X,45,Y,19,Y,1,X,33,S,1,K,1,R,1,C,2,"L1:[sp=Y,119] S=4,R=6,C=3,K=1,Y=179,X=45 || L2:[sp=Y,19] Y=1,X=33,S=1,K=1,R=1,C=2",-inf,-inf,0,Y|Y,1
C,119,S,7,Y,67,C,1,K,1,R,6,X,31,Y,19,Y,1,K,1,S,4,X,11,R,1,C,1,"L1:[sp=C,119] S=7,Y=67,C=1,K=1,R=6,X=31 || L2:[sp=Y,19] Y=1,K=1,S=4,X=11,R=1,C=1",-inf,-inf,0,C|Y,1
Y,119,Y,67,K,1,R,6,X,45,C,3,S,1,X,19,X,33,Y,49,S,1,K,1,R,1,C,2,"L1:[sp=Y,119] Y=67,K=1,R=6,X=45,C=3,S=1 || L2:[sp=X,19] X=33,Y=49,S=1,K=1,R=1,C=2",-inf,-inf,0,Y|X,1
Y,119,S,1,R,6,C,3,K,1,Y,67,X,31,K,1,Y,1,X,11,S,1,K,1,R,3,C,2,"L1:[sp=Y,119] S=1,R=6,C=3,K=1,Y=67,X=31 || L2:[sp=K,1] Y=1,X=11,S=1,K=1,R=3,C=2",-inf,-inf,0,Y|K,1
X,119,Y,67,K,1,R,6,X,31,C,3,S,1,Y,1,Y,1,X,6,S,1,K,1,R,6,C,2,"L1:[sp=X,119] Y=67,K=1,R=6,X=31,C=3,S=1 || L2:[sp=Y,1] Y=1,X=6,S=1,K=1,R=6,C=2",-inf,-inf,0,X|Y,1
Y,119,Y,201,K,1,R,6,X,31,C,2,S,1,X,19,C,2,X,11,S,1,K,1,R,1,Y,1,"L1:[sp=Y,119] Y=201,K=1,R=6,X=31,C=2,S=1 || L2:[sp=X,19] C=2,X=11,S=1,K=1,R=1,Y=1",-inf,-inf,0,Y|X,1
Y,119,S,1,R,6,C,2,K,1,Y,118,X,45,Y,19,Y,1,X,33,S,1,K,1,R,1,C,2,"L1:[sp=Y,119] S=1,R=6,C=2,K=1,Y=118,X=45 || L2:[sp=Y,19] Y=1,X=33,S=1,K=1,R=1,C=2",-inf,-inf,0,Y|Y,1
Y,119,Y,201,K,1,R,6,X,31,C,3,S,4,X,19,C,3,X,11,S,1,K,1,R,3,Y,1,"L1:[sp=Y,119] Y=201,K=1,R=6,X=31,C=3,S=4 || L2:[sp=X,19] C=3,X=11,S=1,K=1,R=3,Y=1",-inf,-inf,0,Y|X,1
Y,119,S,1,R,6,C,3,K,1,Y,67,X,45,Y,19,Y,6,K,1,S,1,X,33,R,1,C,3,"L1:[sp=Y,119] S=1,R=6,C=3,K=1,Y=67,X=45 || L2:[sp=Y,19] Y=6,K=1,S=1,X=33,R=1,C=3",-inf,-inf,0,Y|Y,1
Y,119,S,1,R,6,C,3,K,1,Y,118,X,45,Y,19,Y,1,X,33,S,1,K,1,R,2,C,2,"L1:[sp=Y,119] S=1,R=6,C=3,K=1,Y=118,X=45 || L2:[sp=Y,19] Y=1,X=33,S=1,K=1,R=2,C=2",-inf,-inf,0,Y|Y,1
Y,119,S,1,Y,177,X,45,K,1,R,3,C,3,C,19,Y,1,R,3,S,1,C,2,K,1,X,37,"L1:[sp=Y,119] S=1,Y=177,X=45,K=1,R=3,C=3 || L2:[sp=C,19] Y=1,R=3,S=1,C=2,K=1,X=37",-inf,-inf,0,Y|C,1
Y,119,Y,67,K,27,R,6,X,31,C,3,S,1,X,19,X,11,Y,1,S,1,K,1,R,6,C,2,"L1:[sp=Y,119] Y=67,K=27,R=6,X=31,C=3,S=1 || L2:[sp=X,19] X=11,Y=1,S=1,K=1,R=6,C=2",-inf,-inf,0,Y|X,1
Y,119,S,1,R,6,C,3,K,1,Y,118,X,45,C,1,Y,1,X,33,S,1,K,1,R,1,C,2,"L1:[sp=Y,119] S=1,R=6,C=3,K=1,Y=118,X=45 || L2:[sp=C,1] Y=1,X=33,S=1,K=1,R=1,C=2",-inf,-inf,0,Y|C,1
Y,119,Y,201,K,23,R,6,X,31,C,3,S,1,X,19,Y,167,X,11,S,1,K,17,R,1,C,2,"L1:[sp=Y,119] Y=201,K=23,R=6,X=31,C=3,S=1 || L2:[sp=X,19] Y=167,X=11,S=1,K=17,R=1,C=2",-inf,-inf,0,Y|X,1
Y,119,Y,67,K,1,R,6,X,31,C,3,S,1,C,3,C,3,X,11,S,1,K,1,R,6,Y,1,"L1:[sp=Y,119] Y=67,K=1,R=6,X=31,C=3,S=1 || L2:[sp=C,3] C=3,X=11,S=1,K=1,R=6,Y=1",-inf,-inf,0,Y|C,1
Y,119,Y,67,R,6,K,1,X,31,C,3,S,1,Y,1,C,2,X,11,K,1,S,1,R,1,Y,1,"L1:[sp=Y,119] Y=67,R=6,K=1,X=31,C=3,S=1 || L2:[sp=Y,1] C=2,X=11,K=1,S=1,R=1,Y=1",-inf,-inf,0,Y|Y,1
Y,119,S,2,R,6,C,3,K,1,Y,201,X,31,Y,19,Y,1,X,11,S,1,K,1,R,1,C,3,"L1:[sp=Y,119] S=2,R=6,C=3,K=1,Y=201,X=31 || L2:[sp=Y,19] Y=1,X=11,S=1,K=1,R=1,C=3",-inf,-inf,0,Y|Y,1
Y,119,S,1,R,6,C,3,K,14,Y,67,X,45,Y,19,Y,65,X,33,S,1,K,1,R,1,C,2,"L1:[sp=Y,119] S=1,R=6,C=3,K=14,Y=67,X=45 || L2:[sp=Y,19] Y=65,X=33,S=1,K=1,R=1,C=2",-inf,-inf,0,Y|Y,1
Y,119,Y,67,R,3,K,1,X,31,C,3,S,1,Y,1,Y,1,X,11,S,1,K,1,R,1,C,2,"L1:[sp=Y,119] Y=67,R=3,K=1,X=31,C=3,S=1 || L2:[sp=Y,1] Y=1,X=11,S=1,K=1,R=1,C=2",-inf,-inf,0,Y|Y,1
C,119,S,1,Y,66,X,45,K,50,R,6,C,3,Y,19,Y,1,R,5,S,1,C,2,K,1,X,9,"L1:[sp=C,119] S=1,Y=66,X=45,K=50,R=6,C=3 || L2:[sp=Y,19] Y=1,R=5,S=1,C=2,K=1,X=9",-inf,-inf,0,C|Y,1
C,119,S,1,Y,128,X,24,K,1,R,3,C,3,Y,19,Y,1,R,3,S,1,C,2,K,1,X,9,"L1:[sp=C,119] S=1,Y=128,X=24,K=1,R=3,C=3 || L2:[sp=Y,19] Y=1,R=3,S=1,C=2,K=1,X=9",-inf,-inf,0,C|Y,1
Y,119,Y,66,S,1,X,5,K,1,R,3,C,3,C,19,Y,26,R,3,S,1,C,2,X,5,K,1,"L1:[sp=Y,119] Y=66,S=1,X=5,K=1,R=3,C=3 || L2:[sp=C,19] Y=26,R=3,S=1,C=2,X=5,K=1",-inf,-inf,0,Y|C,1
C,119,S,1,Y,66,X,45,K,1,R,3,C,3,Y,19,Y,1,C,1,S,1,R,2,K,1,X,9,"L1:[sp=C,119] S=1,Y=66,X=45,K=1,R=3,C=3 || L2:[sp=Y,19] Y=1,C=1,S=1,R=2,K=1,X=9",-inf,-inf,0,C|Y,1
Y,119,Y,67,R,6,K,1,X,185,C,3,S,1,C,1,Y,1,X,11,S,1,K,1,R,5,C,2,"L1:[sp=Y,119] Y=67,R=6,K=1,X=185,C=3,S=1 || L2:[sp=C,1] Y=1,X=11,S=1,K=1,R=5,C=2",-inf,-inf,0,Y|C,1
Y,119,Y,67,S,1,R,6,X,31,C,3,K,1,X,19,C,3,X,11,S,1,K,1,R,5,Y,33,"L1:[sp=Y,119] Y=67,S=1,R=6,X=31,C=3,K=1 || L2:[sp=X,19] C=3,X=11,S=1,K=1,R=5,Y=33",-inf,-inf,0,Y|X,1
Y,119,S,1,Y,66,X,5,K,19,R,3,C,3,C,19,Y,1,R,3,S,1,C,2,K,1,X,5,"L1:[sp=Y,119] S=1,Y=66,X=5,K=19,R=3,C=3 || L2:[sp=C,19] Y=1,R=3,S=1,C=2,K=1,X=5",-inf,-inf,0,Y|C,1
X,119,S,1,R,6,C,3,K,1,Y,201,X,191,C,42,Y,1,X,11,S,1,R,1,K,1,C,3,"L1:[sp=X,119] S=1,R=6,C=3,K=1,Y=201,X=191 || L2:[sp=C,42] Y=1,X=11,S=1,R=1,K=1,C=3",-inf,-inf,0,X|C,1
Y,119,X,182,K,1,R,6,Y,67,C,3,S,1,X,31,Y,1,X,18,S,1,K,1,R,1,C,2,"L1:[sp=Y,119] X=182,K=1,R=6,Y=67,C=3,S=1 || L2:[sp=X,31] Y=1,X=18,S=1,K=1,R=1,C=2",-inf,-inf,0,Y|X,1
C,119,S,7,R,6,C,3,K,1,Y,201,X,77,Y,19,Y,1,X,11,S,1,R,1,K,1,C,3,"L1:[sp=C,119] S=7,R=6,C=3,K=1,Y=201,X=77 || L2:[sp=Y,19] Y=1,X=11,S=1,R=1,K=1,C=3",-inf,-inf,0,C|Y,1
Y,119,Y,67,S,1,R,6,X,45,C,3,K,1,X,19,C,3,X,33,K,1,S,1,R,3,Y,1,"L1:[sp=Y,119] Y=67,S=1,R=6,X=45,C=3,K=1 || L2:[sp=X,19] C=3,X=33,K=1,S=1,R=3,Y=1",-inf,-inf,0,Y|X,1
Y,119,Y,67,S,1,R,6,X,45,C,3,K,37,X,19,C,3,X,43,S,1,K,1,R,1,Y,33,"L1:[sp=Y,119] Y=67,S=1,R=6,X=45,C=3,K=37 || L2:[sp=X,19] C=3,X=43,S=1,K=1,R=1,Y=33",-inf,-inf,0,Y|X,1
Y,119,X,45,R,6,K,1,Y,67,C,3,S,6,X,31,Y,1,X,33,S,1,K,1,R,1,C,2,"L1:[sp=Y,119] X=45,R=6,K=1,Y=67,C=3,S=6 || L2:[sp=X,31] Y=1,X=33,S=1,K=1,R=1,C=2",-inf,-inf,0,Y|X,1
Y,119,S,1,R,3,X,45,K,1,Y,174,C,3,K,1,Y,1,R,3,S,1,C,2,K,1,X,9,"L1:[sp=Y,119] S=1,R=3,X=45,K=1,Y=174,C=3 || L2:[sp=K,1] Y=1,R=3,S=1,C=2,K=1,X=9",-inf,-inf,0,Y|K,1
X,119,Y,67,S,6,R,6,X,45,C,3,K,1,X,19,C,3,X,33,S,1,K,1,R,1,Y,1,"L1:[sp=X,119] Y=67,S=6,R=6,X=45,C=3,K=1 || L2:[sp=X,19] C=3,X=33,S=1,K=1,R=1,Y=1",-inf,-inf,0,X|X,1
Y,119,S,1,R,6,X,45,K,24,Y,67,C,3,Y,6,Y,1,R,1,S,1,C,2,K,21,X,33,"L1:[sp=Y,119] S=1,R=6,X=45,K=24,Y=67,C=3 || L2:[sp=Y,6] Y=1,R=1,S=1,C=2,K=21,X=33",-inf,-inf,0,Y|Y,1
Y,119,Y,67,S,6,R,6,X,223,C,3,K,1,X,19,C,3,X,33,S,1,K,1,R,1,Y,43,"L1:[sp=Y,119] Y=67,S=6,R=6,X=223,C=3,K=1 || L2:[sp=X,19] C=3,X=33,S=1,K=1,R=1,Y=43",-inf,-inf,0,Y|X,1
Y,119,S,2,R,6,C,2,K,1,Y,67,X,45,Y,19,R,1,X,30,Y,9,K,1,S,1,C,2,"L1:[sp=Y,119] S=2,R=6,C=2,K=1,Y=67,X=45 || L2:[sp=Y,19] R=1,X=30,Y=9,K=1,S=1,C=2",-inf,-inf,0,Y|Y,1
Y,119,X,31,R,6,K,1,Y,67,S,1,C,3,X,31,Y,21,X,11,S,1,K,1,R,3,C,2,"L1:[sp=Y,119] X=31,R=6,K=1,Y=67,S=1,C=3 || L2:[sp=X,31] Y=21,X=11,S=1,K=1,R=3,C=2",-inf,-inf,0,Y|X,1
Y,119,S,1,R,3,X,198,K,17,Y,174,C,3,Y,6,Y,1,R,3,S,1,C,2,K,1,X,6,"L1:[sp=Y,119] S=1,R=3,X=198,K=17,Y=174,C=3 || L2:[sp=Y,6] Y=1,R=3,S=1,C=2,K=1,X=6",-inf,-inf,0,Y|Y,1
K,119,S,1,R,6,C,3,K,1,Y,201,X,31,Y,19,Y,1,X,11,S,1,C,3,R,1,K,1,"L1:[sp=K,119] S=1,R=6,C=3,K=1,Y=201,X=31 || L2:[sp=Y,19] Y=1,X=11,S=1,C=3,R=1,K=1",-inf,-inf,0,K|Y,1
C,119,S,6,R,6,C,2,K,1,Y,188,X,9,Y,19,Y,1,X,9,S,1,R,6,K,1,C,2,"L1:[sp=C,119] S=6,R=6,C=2,K=1,Y=188,X=9 || L2:[sp=Y,19] Y=1,X=9,S=1,R=6,K=1,C=2",-inf,-inf,0,C|Y,1
Y,119,R,6,C,3,K,1,X,45,Y,188,S,1,C,1,Y,1,X,33,S,1,K,1,R,3,C,2,"L1:[sp=Y,119] R=6,C=3,K=1,X=45,Y=188,S=1 || L2:[sp=C,1] Y=1,X=33,S=1,K=1,R=3,C=2",-inf,-inf,0,Y|C,1
K,119,X,166,R,6,C,2,K,1,Y,188,S,1,Y,19,S,1,X,9,Y,1,C,2,R,1,K,1,"L1:[sp=K,119] X=166,R=6,C=2,K=1,Y=188,S=1 || L2:[sp=Y,19] S=1,X=9,Y=1,C=2,R=1,K=1",-inf,-inf,0,K|Y,1
Y,119,S,2,R,6,C,2,K,1,Y,88,X,45,K,1,R,1,X,30,S,1,K,1,Y,1,C,2,"L1:[sp=Y,119] S=2,R=6,C=2,K=1,Y=88,X=45 || L2:[sp=K,1] R=1,X=30,S=1,K=1,Y=1,C=2",-inf,-inf,0,Y|K,1
Y,119,Y,188,C,3,K,1,X,45,R,6,S,1,X,3,Y,1,X,33,S,1,K,1,R,1,C,1,"L1:[sp=Y,119] Y=188,C=3,K=1,X=45,R=6,S=1 || L2:[sp=X,3] Y=1,X=33,S=1,K=1,R=1,C=1",-inf,-inf,0,Y|X,1
Y,119,S,1,R,3,C,2,K,53,Y,9,X,45,Y,19,R,3,X,30,S,1,K,1,Y,1,C,1,"L1:[sp=Y,119] S=1,R=3,C=2,K=53,Y=9,X=45 || L2:[sp=Y,19] R=3,X=30,S=1,K=1,Y=1,C=1",-inf,-inf,0,Y|Y,1
Y,119,S,2,R,6,X,45,K,1,Y,174,C,3,Y,6,Y,1,R,1,S,1,C,2,K,1,X,6,"L1:[sp=Y,119] S=2,R=6,X=45,K=1,Y=174,C=3 || L2:[sp=Y,6] Y=1,R=1,S=1,C=2,K=1,X=6",-inf,-inf,0,Y|Y,1
K,119,S,1,R,3,C,2,K,1,Y,188,X,45,Y,19,Y,1,X,6,S,1,C,2,R,3,K,1,"L1:[sp=K,119] S=1,R=3,C=2,K=1,Y=188,X=45 || L2:[sp=Y,19] Y=1,X=6,S=1,C=2,R=3,K=1",-inf,-inf,0,K|Y,1
Y,119,S,1,R,6,X,9,K,1,Y,174,C,3,Y,6,Y,1,R,3,S,1,C,2,K,1,X,9,"L1:[sp=Y,119] S=1,R=6,X=9,K=1,Y=174,C=3 || L2:[sp=Y,6] Y=1,R=3,S=1,C=2,K=1,X=9",-inf,-inf,0,Y|Y,1
C,119,S,1,R,6,C,3,K,1,Y,201,X,102,Y,19,Y,1,X,11,S,1,R,1,K,1,C,3,"L1:[sp=C,119] S=1,R=6,C=3,K=1,Y=201,X=102 || L2:[sp=Y,19] Y=1,X=11,S=1,R=1,K=1,C=3",-inf,-inf,0,C|Y,1
Y,119,S,1,R,6,X,31,Y,165,K,1,C,3,Y,6,Y,1,R,1,S,1,C,1,K,1,X,11,"L1:[sp=Y,119] S=1,R=6,X=31,Y=165,K=1,C=3 || L2:[sp=Y,6] Y=1,R=1,S=1,C=1,K=1,X=11",-inf,-inf,0,Y|Y,1
C,119,S,1,R,3,K,1,C,3,X,45,Y,174,Y,19,Y,1,X,6,S,1,R,3,K,1,C,2,"L1:[sp=C,119] S=1,R=3,K=1,C=3,X=45,Y=174 || L2:[sp=Y,19] Y=1,X=6,S=1,R=3,K=1,C=2",-inf,-inf,0,C|Y,1
Y,119,S,1,R,6,X,31,Y,165,K,1,C,2,Y,6,S,1,R,1,Y,126,C,1,K,1,X,11,"L1:[sp=Y,119] S=1,R=6,X=31,Y=165,K=1,C=2 || L2:[sp=Y,6] S=1,R=1,Y=126,C=1,K=1,X=11",-inf,-inf,0,Y|Y,1
C,119,S,1,R,6,C,3,K,56,Y,165,X,31,Y,165,K,1,X,11,S,1,R,1,Y,1,C,3,"L1:[sp=C,119] S=1,R=6,C=3,K=56,Y=165,X=31 || L2:[sp=Y,165] K=1,X=11,S=1,R=1,Y=1,C=3",-inf,-inf,0,C|Y,1
C,119,S,1,R,6,K,15,C,3,X,218,Y,201,Y,19,Y,1,X,11,S,1,R,1,K,1,C,1,"L1:[sp=C,119] S=1,R=6,K=15,C=3,X=218,Y=201 || L2:[sp=Y,19] Y=1,X=11,S=1,R=1,K=1,C=1",-inf,-inf,0,C|Y,1
K,119,Y,188,C,3,X,31,K,1,R,6,S,1,Y,1,Y,142,X,11,S,1,K,1,R,1,C,2,"L1:[sp=K,119] Y=188,C=3,X=31,K=1,R=6,S=1 || L2:[sp=Y,1] Y=142,X=11,S=1,K=1,R=1,C=2",-inf,-inf,0,K|Y,1
C,119,S,1,R,6,K,1,C,3,X,54,Y,201,Y,19,Y,135,X,11,S,1,R,1,K,1,C,1,"L1:[sp=C,119] S=1,R=6,K=1,C=3,X=54,Y=201 || L2:[sp=Y,19] Y=135,X=11,S=1,R=1,K=1,C=1",-inf,-inf,0,C|Y,1
C,119,Y,188,C,3,X,31,K,1,R,6,S,1,Y,1,Y,144,R,1,S,1,K,1,X,11,C,2,"L1:[sp=C,119] Y=188,C=3,X=31,K=1,R=6,S=1 || L2:[sp=Y,1] Y=144,R=1,S=1,K=1,X=11,C=2",-inf,-inf,0,C|Y,1
C,119,Y,188,C,1,X,31,K,1,R,6,S,6,Y,1,Y,1,X,11,S,1,K,1,R,1,C,1,"L1:[sp=C,119] Y=188,C=1,X=31,K=1,R=6,S=6 || L2:[sp=Y,1] Y=1,X=11,S=1,K=1,R=1,C=1",-inf,-inf,0,C|Y,1
C,119,S,1,R,6,K,40,C,3,X,31,Y,165,Y,19,Y,1,X,11,S,1,C,1,K,1,R,1,"L1:[sp=C,119] S=1,R=6,K=40,C=3,X=31,Y=165 || L2:[sp=Y,19] Y=1,X=11,S=1,C=1,K=1,R=1",-inf,-inf,0,C|Y,1
Y,119,S,6,R,6,X,31,Y,188,K,1,C,3,Y,6,Y,1,R,1,S,1,C,2,K,1,X,11,"L1:[sp=Y,119] S=6,R=6,X=31,Y=188,K=1,C=3 || L2:[sp=Y,6] Y=1,R=1,S=1,C=2,K=1,X=11",-inf,-inf,0,Y|Y,1
C,119,Y,174,C,3,X,45,K,1,R,3,S,1,Y,1,Y,129,X,6,S,1,K,1,R,3,C,2,"L1:[sp=C,119] Y=174,C=3,X=45,K=1,R=3,S=1 || L2:[sp=Y,1] Y=129,X=6,S=1,K=1,R=3,C=2",-inf,-inf,0,C|Y,1
C,119,S,1,R,6,K,22,C,3,X,31,Y,165,Y,19,Y,1,X,11,S,1,R,1,K,1,C,1,"L1:[sp=C,119] S=1,R=6,K=22,C=3,X=31,Y=165 || L2:[sp=Y,19] Y=1,X=11,S=1,R=1,K=1,C=1",-inf,-inf,0,C|Y,1
C,119,S,1,R,6,K,1,C,2,X,31,Y,165,Y,19,Y,1,X,11,S,1,R,6,K,1,C,1,"L1:[sp=C,119] S=1,R=6,K=1,C=2,X=31,Y=165 || L2:[sp=Y,19] Y=1,X=11,S=1,R=6,K=1,C=1",-inf,-inf,0,C|Y,1
C,119,S,1,R,3,K,1,C,3,X,45,Y,43,C,3,Y,5,X,11,S,1,R,3,K,1,C,2,"L1:[sp=C,119] S=1,R=3,K=1,C=3,X=45,Y=43 || L2:[sp=C,3] Y=5,X=11,S=1,R=3,K=1,C=2",-inf,-inf,0,C|C,1
Y,119,S,1,R,6,X,45,Y,21,K,1,C,3,Y,6,Y,1,R,3,K,1,C,2,S,1,X,6,"L1:[sp=Y,119] S=1,R=6,X=45,Y=21,K=1,C=3 || L2:[sp=Y,6] Y=1,R=3,K=1,C=2,S=1,X=6",-inf,-inf,0,Y|Y,1
C,119,S,1,Y,165,K,1,C,3,X,45,R,3,Y,19,Y,45,X,6,R,3,S,1,K,1,C,1,"L1:[sp=C,119] S=1,Y=165,K=1,C=3,X=45,R=3 || L2:[sp=Y,19] Y=45,X=6,R=3,S=1,K=1,C=1",-inf,-inf,0,C|Y,1
K,119,S,1,R,3,X,45,Y,43,K,1,C,3,Y,1,Y,13,R,3,S,1,C,3,K,1,X,11,"L1:[sp=K,119] S=1,R=3,X=45,Y=43,K=1,C=3 || L2:[sp=Y,1] Y=13,R=3,S=1,C=3,K=1,X=11",-inf,-inf,0,K|Y,1
Y,119,S,1,R,6,X,13,Y,201,K,40,C,3,Y,6,Y,1,R,2,S,1,C,2,K,1,X,11,"L1:[sp=Y,119] S=1,R=6,X=13,Y=201,K=40,C=3 || L2:[sp=Y,6] Y=1,R=2,S=1,C=2,K=1,X=11",-inf,-inf,0,Y|Y,1
C,119,S,1,R,3,Y,201,K,1,C,3,X,45,Y,19,K,1,X,45,S,1,R,3,Y,1,C,3,"L1:[sp=C,119] S=1,R=3,Y=201,K=1,C=3,X=45 || L2:[sp=Y,19] K=1,X=45,S=1,R=3,Y=1,C=3",-inf,-inf,0,C|Y,1
C,119,S,5,R,7,K,1,C,3,X,31,Y,165,Y,19,Y,1,X,11,S,1,R,1,K,1,C,1,"L1:[sp=C,119] S=5,R=7,K=1,C=3,X=31,Y=165 || L2:[sp=Y,19] Y=1,X=11,S=1,R=1,K=1,C=1",-inf,-inf,0,C|Y,1
Y,119,S,1,R,6,X,31,Y,165,K,1,C,3,Y,33,Y,44,R,1,S,1,C,2,K,1,X,11,"L1:[sp=Y,119] S=1,R=6,X=31,Y=165,K=1,C=3 || L2:[sp=Y,33] Y=44,R=1,S=1,C=2,K=1,X=11",-inf,-inf,0,Y|Y,1
C,119,S,1,R,3,K,1,C,3,X,45,Y,93,Y,19,Y,1,X,11,S,1,R,3,K,1,C,1,"L1:[sp=C,119] S=1,R=3,K=1,C=3,X=45,Y=93 || L2:[sp=Y,19] Y=1,X=11,S=1,R=3,K=1,C=1",-inf,-inf,0,C|Y,1
Y,119,S,1,R,6,C,2,K,1,Y,165,X,31,X,19,K,1,Y,1,S,1,R,1,X,16,C,2,"L1:[sp=Y,119] S=1,R=6,C=2,K=1,Y=165,X=31 || L2:[sp=X,19] K=1,Y=1,S=1,R=1,X=16,C=2",-inf,-inf,0,Y|X,1
C,119,S,1,R,6,K,1,C,3,X,13,Y,201,Y,19,Y,1,X,11,S,1,R,1,K,1,C,1,"L1:[sp=C,119] S=1,R=6,K=1,C=3,X=13,Y=201 || L2:[sp=Y,19] Y=1,X=11,S=1,R=1,K=1,C=1",-inf,-inf,0,C|Y,1
K,119,S,1,R,3,K,1,C,3,X,45,Y,21,C,1,Y,21,X,6,S,1,R,3,K,1,C,2,"L1:[sp=K,119] S=1,R=3,K=1,C=3,X=45,Y=21 || L2:[sp=C,1] Y=21,X=6,S=1,R=3,K=1,C=2",-inf,-inf,0,K|C,1
C,119,K,1,R,6,C,1,S,1,X,31,Y,165,K,1,Y,1,X,11,S,1,R,1,K,1,C,1,"L1:[sp=C,119] K=1,R=6,C=1,S=1,X=31,Y=165 || L2:[sp=K,1] Y=1,X=11,S=1,R=1,K=1,C=1",-inf,-inf,0,C|K,1
K,119,K,1,X,31,C,3,S,1,Y,165,R,6,K,1,K,1,C,3,S,1,R,1,Y,1,X,11,"L1:[sp=K,119] K=1,X=31,C=3,S=1,Y=165,R=6 || L2:[sp=K,1] K=1,C=3,S=1,R=1,Y=1,X=11",-inf,-inf,0,K|K,1
C,119,K,1,R,3,C,1,S,1,Y,21,X,45,K,1,R,3,X,33,S,1,Y,1,K,1,C,1,"L1:[sp=C,119] K=1,R=3,C=1,S=1,Y=21,X=45 || L2:[sp=K,1] R=3,X=33,S=1,Y=1,K=1,C=1",-inf,-inf,0,C|K,1
C,119,S,1,X,31,K,1,C,3,R,6,Y,165,Y,19,Y,1,X,27,S,1,R,1,K,1,C,2,"L1:[sp=C,119] S=1,X=31,K=1,C=3,R=6,Y=165 || L2:[sp=Y,19] Y=1,X=27,S=1,R=1,K=1,C=2",-inf,-inf,0,C|Y,1
K,119,S,7,R,6,K,1,C,3,X,31,Y,141,Y,19,C,3,X,11,S,1,R,1,K,1,Y,1,"L1:[sp=K,119] S=7,R=6,K=1,C=3,X=31,Y=141 || L2:[sp=Y,19] C=3,X=11,S=1,R=1,K=1,Y=1",-inf,-inf,0,K|Y,1
C,119,K,1,R,6,C,1,S,6,Y,165,X,31,K,1,Y,1,X,24,S,4,R,2,K,1,C,1,"L1:[sp=C,119] K=1,R=6,C=1,S=6,Y=165,X=31 || L2:[sp=K,1] Y=1,X=24,S=4,R=2,K=1,C=1",-inf,-inf,0,C|K,1
C,119,S,1,R,3,C,2,K,1,Y,43,X,45,C,2,K,1,X,11,S,1,R,3,Y,1,C,1,"L1:[sp=C,119] S=1,R=3,C=2,K=1,Y=43,X=45 || L2:[sp=C,2] K=1,X=11,S=1,R=3,Y=1,C=1",-inf,-inf,0,C|C,1
Y,119,S,6,R,6,K,1,C,3,X,31,Y,141,C,19,C,3,X,22,S,1,Y,1,K,1,R,2,"L1:[sp=Y,119] S=6,R=6,K=1,C=3,X=31,Y=141 || L2:[sp=C,19] C=3,X=22,S=1,Y=1,K=1,R=2",-inf,-inf,0,Y|C,1
C,119,S,1,X,45,K,1,C,3,R,2,Y,21,Y,19,Y,1,X,5,S,1,R,2,K,1,C,2,"L1:[sp=C,119] S=1,X=45,K=1,C=3,R=2,Y=21 || L2:[sp=Y,19] Y=1,X=5,S=1,R=2,K=1,C=2",-inf,-inf,0,C|Y,1
C,119,K,1,X,31,C,3,S,2,Y,165,R,6,K,1,K,1,C,3,S,1,R,1,Y,1,X,11,"L1:[sp=C,119] K=1,X=31,C=3,S=2,Y=165,R=6 || L2:[sp=K,1] K=1,C=3,S=1,R=1,Y=1,X=11",-inf,-inf,0,C|K,1
C,119,S,1,R,6,C,2,K,57,Y,201,X,13,Y,19,K,1,S,1,X,11,R,1,Y,1,C,2,"L1:[sp=C,119] S=1,R=6,C=2,K=57,Y=201,X=13 || L2:[sp=Y,19] K=1,S=1,X=11,R=1,Y=1,C=2",-inf,-inf,0,C|Y,1
Y,119,S,1,R,6,K,1,C,1,Y,189,X,31,C,19,K,1,X,2,R,1,S,1,Y,1,C,1,"L1:[sp=Y,119] S=1,R=6,K=1,C=1,Y=189,X=31 || L2:[sp=C,19] K=1,X=2,R=1,S=1,Y=1,C=1",-inf,-inf,0,Y|C,1
Y,119,S,1,R,6,K,1,C,3,X,51,Y,201,C,19,Y,1,X,3,C,3,R,1,K,1,S,1,"L1:[sp=Y,119] S=1,R=6,K=1,C=3,X=51,Y=201 || L2:[sp=C,19] Y=1,X=3,C=3,R=1,K=1,S=1",-inf,-inf,0,Y|C,1
C,119,S,3,R,2,C,2,K,1,Y,43,X,177,X,1,K,1,X,11,S,1,R,2,Y,1,C,1,"L1:[sp=C,119] S=3,R=2,C=2,K=1,Y=43,X=177 || L2:[sp=X,1] K=1,X=11,S=1,R=2,Y=1,C=1",-inf,-inf,0,C|X,1
K,119,K,1,X,45,C,1,S,1,Y,43,R,2,C,1,Y,1,X,11,S,1,R,2,K,1,C,1,"L1:[sp=K,119] K=1,X=45,C=1,S=1,Y=43,R=2 || L2:[sp=C,1] Y=1,X=11,S=1,R=2,K=1,C=1",-inf,-inf,0,K|C,1
C,119,S,1,R,6,C,2,K,1,Y,189,X,31,X,1,K,1,X,11,S,1,R,1,Y,24,C,2,"L1:[sp=C,119] S=1,R=6,C=2,K=1,Y=189,X=31 || L2:[sp=X,1] K=1,X=11,S=1,R=1,Y=24,C=2",-inf,-inf,0,C|X,1
Y,119,S,5,X,31,Y,201,C,2,K,1,R,6,C,19,K,1,X,11,R,1,S,1,Y,104,C,2,"L1:[sp=Y,119] S=5,X=31,Y=201,C=2,K=1,R=6 || L2:[sp=C,19] K=1,X=11,R=1,S=1,Y=104,C=2",-inf,-inf,0,Y|C,1
K,119,K,1,R,6,C,1,S,5,Y,165,X,31,C,1,Y,1,X,11,S,1,R,1,K,1,C,1,"L1:[sp=K,119] K=1,R=6,C=1,S=5,Y=165,X=31 || L2:[sp=C,1] Y=1,X=11,S=1,R=1,K=1,C=1",-inf,-inf,0,K|C,1
C,119,K,53,S,1,C,1,R,6,Y,189,X,31,K,1,Y,1,X,11,S,1,R,1,K,1,C,1,"L1:[sp=C,119] K=53,S=1,C=1,R=6,Y=189,X=31 || L2:[sp=K,1] Y=1,X=11,S=1,R=1,K=1,C=1",-inf,-inf,0,C|K,1
C,119,S,1,X,45,C,2,K,29,Y,43,R,2,K,1,K,1,X,29,S,1,R,2,Y,1,C,2,"L1:[sp=C,119] S=1,X=45,C=2,K=29,Y=43,R=2 || L2:[sp=K,1] K=1,X=29,S=1,R=2,Y=1,C=2",-inf,-inf,0,C|K,1
C,119,S,6,R,7,C,2,K,43,Y,21,X,31,X,1,K,1,X,11,S,1,R,1,Y,1,C,2,"L1:[sp=C,119] S=6,R=7,C=2,K=43,Y=21,X=31 || L2:[sp=X,1] K=1,X=11,S=1,R=1,Y=1,C=2",-inf,-inf,0,C|X,1
C,119,K,1,R,6,C,1,S,5,Y,165,X,31,K,1,Y,1,X,11,S,1,R,1,C,1,K,1,"L1:[sp=C,119] K=1,R=6,C=1,S=5,Y=165,X=31 || L2:[sp=K,1] Y=1,X=11,S=1,R=1,C=1,K=1",-inf,-inf,0,C|K,1
Y,119,S,1,R,6,K,1,C,1,X,120,Y,21,C,19,Y,1,X,11,K,1,R,1,S,1,C,1,"L1:[sp=Y,119] S=1,R=6,K=1,C=1,X=120,Y=21 || L2:[sp=C,19] Y=1,X=11,K=1,R=1,S=1,C=1",-inf,-inf,0,Y|C,1
C,119,S,7,X,31,C,2,K,1,Y,21,R,7,C,1,K,1,X,11,S,1,R,1,Y,1,C,2,"L1:[sp=C,119] S=7,X=31,C=2,K=1,Y=21,R=7 || L2:[sp=C,1] K=1,X=11,S=1,R=1,Y=1,C=2",-inf,-inf,0,C|C,1
C,119,X,94,S,6,Y,21,C,2,K,1,R,7,Y,19,X,11,K,1,R,1,S,1,Y,14,C,2,"L1:[sp=C,119] X=94,S=6,Y=21,C=2,K=1,R=7 || L2:[sp=Y,19] X=11,K=1,R=1,S=1,Y=14,C=2",-inf,-inf,0,C|Y,1
C,119,K,24,R,6,C,1,S,1,X,45,Y,201,K,1,Y,1,X,43,S,1,C,1,K,1,R,3,"L1:[sp=C,119] K=24,R=6,C=1,S=1,X=45,Y=201 || L2:[sp=K,1] Y=1,X=43,S=1,C=1,K=1,R=3",-inf,-inf,0,C|K,1
Y,119,K,1,X,56,Y,201,C,2,S,1,R,6,C,19,K,1,C,2,R,1,S,1,Y,1,X,11,"L1:[sp=Y,119] K=1,X=56,Y=201,C=2,S=1,R=6 || L2:[sp=C,19] K=1,C=2,R=1,S=1,Y=1,X=11",-inf,-inf,0,Y|C,1
C,119,R,5,S,3,K,1,C,2,Y,52,X,56,Y,19,K,1,X,24,R,4,S,1,Y,1,C,2,"L1:[sp=C,119] R=5,S=3,K=1,C=2,Y=52,X=56 || L2:[sp=Y,19] K=1,X=24,R=4,S=1,Y=1,C=2",-inf,-inf,0,C|Y,1
C,119,K,1,R,5,C,2,S,5,Y,182,X,56,C,2,Y,1,X,51,S,1,R,1,K,1,C,2,"L1:[sp=C,119] K=1,R=5,C=2,S=5,Y=182,X=56 || L2:[sp=C,2] Y=1,X=51,S=1,R=1,K=1,C=2",-inf,-inf,0,C|C,1
Y,119,K,1,R,3,C,1,S,1,Y,165,X,56,K,1,X,11,Y,1,S,1,R,1,K,1,C,1,"L1:[sp=Y,119] K=1,R=3,C=1,S=1,Y=165,X=56 || L2:[sp=K,1] X=11,Y=1,S=1,R=1,K=1,C=1",-inf,-inf,0,Y|K,1
Y,119,K,1,R,5,C,2,S,5,Y,182,X,56,K,1,Y,1,X,24,S,1,R,1,K,1,C,2,"L1:[sp=Y,119] K=1,R=5,C=2,S=5,Y=182,X=56 || L2:[sp=K,1] Y=1,X=24,S=1,R=1,K=1,C=2",-inf,-inf,0,Y|K,1
K,119,K,1,R,5,C,2,S,5,Y,182,X,56,K,1,Y,1,X,24,S,1,R,2,K,1,C,2,"L1:[sp=K,119] K=1,R=5,C=2,S=5,Y=182,X=56 || L2:[sp=K,1] Y=1,X=24,S=1,R=2,K=1,C=2",-inf,-inf,0,K|K,1
C,119,K,1,X,31,C,2,S,5,Y,165,R,3,C,1,K,1,X,11,S,1,R,1,Y,1,C,2,"L1:[sp=C,119] K=1,X=31,C=2,S=5,Y=165,R=3 || L2:[sp=C,1] K=1,X=11,S=1,R=1,Y=1,C=2",-inf,-inf,0,C|C,1
K,119,S,5,R,1,C,2,K,1,Y,182,X,56,C,1,Y,1,X,24,S,1,R,1,K,1,C,2,"L1:[sp=K,119] S=5,R=1,C=2,K=1,Y=182,X=56 || L2:[sp=C,1] Y=1,X=24,S=1,R=1,K=1,C=2",-inf,-inf,0,K|C,1
Y,119,K,1,R,6,C,1,S,1,Y,165,X,56,K,1,X,45,Y,1,S,1,R,1,K,1,C,1,"L1:[sp=Y,119] K=1,R=6,C=1,S=1,Y=165,X=56 || L2:[sp=K,1] X=45,Y=1,S=1,R=1,K=1,C=1",-inf,-inf,0,Y|K,1
Y,119,S,5,R,5,K,1,C,2,Y,52,X,56,C,19,K,1,X,6,R,4,S,1,Y,1,C,2,"L1:[sp=Y,119] S=5,R=5,K=1,C=2,Y=52,X=56 || L2:[sp=C,19] K=1,X=6,R=4,S=1,Y=1,C=2",-inf,-inf,0,Y|C,1
C,119,S,5,K,1,R,1,C,2,X,182,Y,165,Y,19,K,1,X,11,R,1,S,1,Y,149,C,2,"L1:[sp=C,119] S=5,K=1,R=1,C=2,X=182,Y=165 || L2:[sp=Y,19] K=1,X=11,R=1,S=1,Y=149,C=2",-inf,-inf,0,C|Y,1
C,119,S,5,X,56,C,2,K,1,Y,52,R,5,C,1,K,1,X,33,S,1,R,2,Y,1,C,2,"L1:[sp=C,119] S=5,X=56,C=2,K=1,Y=52,R=5 || L2:[sp=C,1] K=1,X=33,S=1,R=2,Y=1,C=2",-inf,-inf,0,C|C,1
K,119,K,1,R,6,C,2,S,1,Y,181,X,90,C,1,Y,1,X,11,S,1,R,1,K,1,C,2,"L1:[sp=K,119] K=1,R=6,C=2,S=1,Y=181,X=90 || L2:[sp=C,1] Y=1,X=11,S=1,R=1,K=1,C=2",-inf,-inf,0,K|C,1
Y,119,K,64,R,6,C,3,S,1,Y,165,X,56,K,1,X,11,Y,152,S,1,R,1,K,1,C,1,"L1:[sp=Y,119] K=64,R=6,C=3,S=1,Y=165,X=56 || L2:[sp=K,1] X=11,Y=152,S=1,R=1,K=1,C=1",-inf,-inf,0,Y|K,1
Y,119,X,131,S,1,Y,201,C,2,K,1,R,3,C,19,X,17,K,1,R,3,S,1,Y,1,C,2,"L1:[sp=Y,119] X=131,S=1,Y=201,C=2,K=1,R=3 || L2:[sp=C,19] X=17,K=1,R=3,S=1,Y=1,C=2",-inf,-inf,0,Y|C,1
K,119,K,24,R,3,C,2,S,1,X,45,Y,201,C,1,Y,1,X,19,S,1,R,3,K,1,C,1,"L1:[sp=K,119] K=24,R=3,C=2,S=1,X=45,Y=201 || L2:[sp=C,1] Y=1,X=19,S=1,R=3,K=1,C=1",-inf,-inf,0,K|C,1
Y,119,K,1,X,37,Y,201,C,2,S,1,R,3,C,1,K,1,X,17,R,3,Y,1,C,2,S,1,"L1:[sp=Y,119] K=1,X=37,Y=201,C=2,S=1,R=3 || L2:[sp=C,1] K=1,X=17,R=3,Y=1,C=2,S=1",-inf,-inf,0,Y|C,1
C,119,X,56,S,5,Y,201,C,2,K,1,R,5,Y,19,X,24,K,1,R,3,S,2,Y,1,C,2,"L1:[sp=C,119] X=56,S=5,Y=201,C=2,K=1,R=5 || L2:[sp=Y,19] X=24,K=1,R=3,S=2,Y=1,C=2",-inf,-inf,0,C|Y,1
Y,119,X,56,S,5,Y,201,C,2,K,1,R,5,C,19,X,24,K,1,R,1,Y,1,S,1,C,2,"L1:[sp=Y,119] X=56,S=5,Y=201,C=2,K=1,R=5 || L2:[sp=C,19] X=24,K=1,R=1,Y=1,S=1,C=2",-inf,-inf,0,Y|C,1
C,119,K,24,R,3,C,1,S,4,X,45,Y,201,C,1,Y,1,X,17,S,1,R,3,K,1,C,1,"L1:[sp=C,119] K=24,R=3,C=1,S=4,X=45,Y=201 || L2:[sp=C,1] Y=1,X=17,S=1,R=3,K=1,C=1",-inf,-inf,0,C|C,1
Y,119,X,45,S,3,R,3,C,2,K,1,Y,201,C,19,X,17,K,1,R,3,S,1,Y,1,C,2,"L1:[sp=Y,119] X=45,S=3,R=3,C=2,K=1,Y=201 || L2:[sp=C,19] X=17,K=1,R=3,S=1,Y=1,C=2",-inf,-inf,0,Y|C,1
K,119,K,24,C,3,R,5,S,5,X,56,Y,201,C,1,Y,1,X,24,S,1,R,1,K,1,C,1,"L1:[sp=K,119] K=24,C=3,R=5,S=5,X=56,Y=201 || L2:[sp=C,1] Y=1,X=24,S=1,R=1,K=1,C=1",-inf,-inf,0,K|C,1
Y,119,K,1,X,31,Y,21,C,2,S,6,R,7,C,19,K,1,X,11,R,4,S,1,C,2,Y,1,"L1:[sp=Y,119] K=1,X=31,Y=21,C=2,S=6,R=7 || L2:[sp=C,19] K=1,X=11,R=4,S=1,C=2,Y=1",-inf,-inf,0,Y|C,1
C,119,X,45,S,1,Y,201,C,2,K,1,R,3,Y,19,X,27,K,1,R,3,S,1,Y,1,C,2,"L1:[sp=C,119] X=45,S=1,Y=201,C=2,K=1,R=3 || L2:[sp=Y,19] X=27,K=1,R=3,S=1,Y=1,C=2",-inf,-inf,0,C|Y,1
Y,119,K,1,X,56,Y,201,C,2,S,5,R,5,C,19,K,1,X,24,R,1,S,1,C,1,Y,1,"L1:[sp=Y,119] K=1,X=56,Y=201,C=2,S=5,R=5 || L2:[sp=C,19] K=1,X=24,R=1,S=1,C=1,Y=1",-inf,-inf,0,Y|C,1
Y,119,K,1,X,45,C,2,Y,131,S,6,R,1,K,1,K,1,R,1,X,17,S,1,C,2,Y,1,"L1:[sp=Y,119] K=1,X=45,C=2,Y=131,S=6,R=1 || L2:[sp=K,1] K=1,R=1,X=17,S=1,C=2,Y=1",-inf,-inf,0,Y|K,1
Y,119,X,31,S,1,Y,21,C,2,K,1,R,4,C,19,X,11,C,1,R,1,S,1,Y,1,K,1,"L1:[sp=Y,119] X=31,S=1,Y=21,C=2,K=1,R=4 || L2:[sp=C,19] X=11,C=1,R=1,S=1,Y=1,K=1",-inf,-inf,0,Y|C,1
Y,119,K,1,X,56,C,2,Y,201,S,5,R,5,C,19,K,1,R,1,X,24,S,1,C,2,Y,59,"L1:[sp=Y,119] K=1,X=56,C=2,Y=201,S=5,R=5 || L2:[sp=C,19] K=1,R=1,X=24,S=1,C=2,Y=59",-inf,-inf,0,Y|C,1
Y,119,K,1,X,45,Y,131,C,2,S,1,R,3,C,2,K,1,X,17,R,1,S,1,C,2,Y,1,"L1:[sp=Y,119] K=1,X=45,Y=131,C=2,S=1,R=3 || L2:[sp=C,2] K=1,X=17,R=1,S=1,C=2,Y=1",-inf,-inf,0,Y|C,1
Y,119,X,56,S,5,Y,201,C,2,K,1,R,4,X,56,X,24,K,1,R,1,S,1,Y,1,C,2,"L1:[sp=Y,119] X=56,S=5,Y=201,C=2,K=1,R=4 || L2:[sp=X,56] X=24,K=1,R=1,S=1,Y=1,C=2",-inf,-inf,0,Y|X,1
C,119,X,188,S,2,Y,21,C,3,K,48,R,7,Y,7,X,11,K,1,R,1,S,1,Y,1,C,2,"L1:[sp=C,119] X=188,S=2,Y=21,C=3,K=48,R=7 || L2:[sp=Y,7] X=11,K=1,R=1,S=1,Y=1,C=2",-inf,-inf,0,C|Y,1
K,119,K,1,X,45,C,2,Y,131,S,1,R,2,C,19,K,1,R,1,X,17,S,1,C,2,Y,1,"L1:[sp=K,119] K=1,X=45,C=2,Y=131,S=1,R=2 || L2:[sp=C,19] K=1,R=1,X=17,S=1,C=2,Y=1",-inf,-inf,0,K|C,1
Y,119,X,56,S,5,Y,201,C,2,K,1,R,4,C,19,X,24,K,1,R,1,S,1,Y,39,C,2,"L1:[sp=Y,119] X=56,S=5,Y=201,C=2,K=1,R=4 || L2:[sp=C,19] X=24,K=1,R=1,S=1,Y=39,C=2",-inf,-inf,0,Y|C,1
Y,119,X,211,C,2,Y,21,S,5,K,1,R,5,C,19,X,11,K,1,R,1,S,1,Y,1,C,1,"L1:[sp=Y,119] X=211,C=2,Y=21,S=5,K=1,R=5 || L2:[sp=C,19] X=11,K=1,R=1,S=1,Y=1,C=1",-inf,-inf,0,Y|C,1
Y,119,K,1,X,45,Y,201,C,2,S,1,R,7,C,19,K,1,X,18,S,1,R,3,C,2,Y,1,"L1:[sp=Y,119] K=1,X=45,Y=201,C=2,S=1,R=7 || L2:[sp=C,19] K=1,X=18,S=1,R=3,C=2,Y=1",-inf,-inf,0,Y|C,1
Y,119,X,56,S,5,Y,201,C,2,K,1,R,1,C,19,X,24,K,1,R,1,S,1,Y,1,C,2,"L1:[sp=Y,119] X=56,S=5,Y=201,C=2,K=1,R=1 || L2:[sp=C,19] X=24,K=1,R=1,S=1,Y=1,C=2",-inf,-inf,0,Y|C,1
Y,119,K,1,Y,201,X,56,C,2,S,5,R,5,C,19,K,1,X,24,R,1,S,4,C,2,Y,94,"L1:[sp=Y,119] K=1,Y=201,X=56,C=2,S=5,R=5 || L2:[sp=C,19] K=1,X=24,R=1,S=4,C=2,Y=94",-inf,-inf,0,Y|C,1
Y,119,K,1,X,45,Y,201,C,3,S,1,R,3,C,19,Y,1,X,17,R,3,S,1,C,2,K,1,"L1:[sp=Y,119] K=1,X=45,Y=201,C=3,S=1,R=3 || L2:[sp=C,19] Y=1,X=17,R=3,S=1,C=2,K=1",-inf,-inf,0,Y|C,1
Y,119,K,1,X,45,C,2,Y,131,S,6,R,3,C,19,K,1,R,1,X,17,S,4,C,2,Y,1,"L1:[sp=Y,119] K=1,X=45,C=2,Y=131,S=6,R=3 || L2:[sp=C,19] K=1,R=1,X=17,S=4,C=2,Y=1",-inf,-inf,0,Y|C,1
Y,119,R,5,X,56,Y,201,C,2,S,5,K,1,C,19,K,1,X,44,R,4,S,2,C,2,Y,1,"L1:[sp=Y,119] R=5,X=56,Y=201,C=2,S=5,K=1 || L2:[sp=C,19] K=1,X=44,R=4,S=2,C=2,Y=1",-inf,-inf,0,Y|C,1
C,119,K,21,X,45,R,3,Y,131,S,1,C,2,Y,19,K,1,R,1,X,31,S,1,C,2,Y,1,"L1:[sp=C,119] K=21,X=45,R=3,Y=131,S=1,C=2 || L2:[sp=Y,19] K=1,R=1,X=31,S=1,C=2,Y=1",-inf,-inf,0,C|Y,1
Y,119,K,1,X,56,Y,201,C,2,S,6,R,5,X,7,K,1,X,24,R,2,S,1,C,2,Y,1,"L1:[sp=Y,119] K=1,X=56,Y=201,C=2,S=6,R=5 || L2:[sp=X,7] K=1,X=24,R=2,S=1,C=2,Y=1",-inf,-inf,0,Y|X,1
C,119,X,205,S,5,Y,21,C,3,K,1,R,1,Y,19,X,11,K,1,R,1,S,4,Y,13,C,1,"L1:[sp=C,119] X=205,S=5,Y=21,C=3,K=1,R=1 || L2:[sp=Y,19] X=11,K=1,R=1,S=4,Y=13,C=1",-inf,-inf,0,C|Y,1
C,119,Y,132,X,56,K,1,C,2,S,6,R,7,C,19,K,1,X,24,R,1,S,2,C,2,Y,1,"L1:[sp=C,119] Y=132,X=56,K=1,C=2,S=6,R=7 || L2:[sp=C,19] K=1,X=24,R=1,S=2,C=2,Y=1",-inf,-inf,0,C|C,1
Y,119,X,26,S,1,Y,201,C,2,K,1,R,3,C,19,X,17,Y,1,R,1,S,1,K,1,C,2,"L1:[sp=Y,119] X=26,S=1,Y=201,C=2,K=1,R=3 || L2:[sp=C,19] X=17,Y=1,R=1,S=1,K=1,C=2",-inf,-inf,0,Y|C,1
C,119,K,1,X,56,C,2,Y,131,S,5,R,4,Y,19,K,1,R,1,X,24,S,1,C,1,Y,1,"L1:[sp=C,119] K=1,X=56,C=2,Y=131,S=5,R=4 || L2:[sp=Y,19] K=1,R=1,X=24,S=1,C=1,Y=1",-inf,-inf,0,C|Y,1
K,119,K,1,X,45,C,2,Y,131,S,1,R,3,Y,19,K,1,R,1,X,17,S,1,C,2,Y,1,"L1:[sp=K,119] K=1,X=45,C=2,Y=131,S=1,R=3 || L2:[sp=Y,19] K=1,R=1,X=17,S=1,C=2,Y=1",-inf,-inf,0,K|Y,1
Y,119,K,1,X,56,C,2,Y,201,S,1,R,3,C,19,K,1,R,1,X,24,S,1,C,2,Y,1,"L1:[sp=Y,119] K=1,X=56,C=2,Y=201,S=1,R=3 || L2:[sp=C,19] K=1,R=1,X=24,S=1,C=2,Y=1",-inf,-inf,0,Y|C,1
K,119,X,45,S,1,Y,131,C,2,K,1,R,3,C,19,X,17,K,1,R,2,S,1,Y,1,C,2,"L1:[sp=K,119] X=45,S=1,Y=131,C=2,K=1,R=3 || L2:[sp=C,19] X=17,K=1,R=2,S=1,Y=1,C=2",-inf,-inf,0,K|C,1
Y,119,K,1,X,45,C,1,Y,131,R,3,S,1,C,19,K,1,R,1,X,17,S,1,Y,104,C,1,"L1:[sp=Y,119] K=1,X=45,C=1,Y=131,R=3,S=1 || L2:[sp=C,19] K=1,R=1,X=17,S=1,Y=104,C=1",-inf,-inf,0,Y|C,1
Y,119,X,56,S,5,Y,201,C,2,K,1,R,4,C,19,X,20,K,1,R,1,S,1,Y,1,C,2,"L1:[sp=Y,119] X=56,S=5,Y=201,C=2,K=1,R=4 || L2:[sp=C,19] X=20,K=1,R=1,S=1,Y=1,C=2",-inf,-inf,0,Y|C,1
Y,119,X,145,S,5,Y,142,C,2,K,1,R,4,C,19,X,36,K,1,R,1,S,1,Y,1,C,2,"L1:[sp=Y,119] X=145,S=5,Y=142,C=2,K=1,R=4 || L2:[sp=C,19] X=36,K=1,R=1,S=1,Y=1,C=2",-inf,-inf,0,Y|C,1
Y,119,C,2,S,5,Y,201,X,56,K,1,R,4,C,19,X,24,K,1,R,1,S,1,Y,115,C,2,"L1:[sp=Y,119] C=2,S=5,Y=201,X=56,K=1,R=4 || L2:[sp=C,19] X=24,K=1,R=1,S=1,Y=115,C=2",-inf,-inf,0,Y|C,1
Y,119,X,56,S,5,Y,200,C,2,K,10,R,4,C,19,X,24,K,1,R,1,S,4,Y,1,C,2,"L1:[sp=Y,119] X=56,S=5,Y=200,C=2,K=10,R=4 || L2:[sp=C,19] X=24,K=1,R=1,S=4,Y=1,C=2",-inf,-inf,0,Y|C,1
Y,119,C,2,S,1,Y,201,X,56,K,1,R,4,C,19,Y,1,K,1,R,1,S,1,X,24,C,2,"L1:[sp=Y,119] C=2,S=1,Y=201,X=56,K=1,R=4 || L2:[sp=C,19] Y=1,K=1,R=1,S=1,X=24,C=2",-inf,-inf,0,Y|C,1
Y,119,K,1,X,45,C,1,Y,131,R,3,S,1,C,19,X,28,K,1,R,1,S,1,C,1,Y,1,"L1:[sp=Y,119] K=1,X=45,C=1,Y=131,R=3,S=1 || L2:[sp=C,19] X=28,K=1,R=1,S=1,C=1,Y=1",-inf,-inf,0,Y|C,1
C,119,Y,132,R,7,K,1,C,1,S,1,X,56,C,19,K,1,X,24,R,1,S,1,C,1,Y,1,"L1:[sp=C,119] Y=132,R=7,K=1,C=1,S=1,X=56 || L2:[sp=C,19] K=1,X=24,R=1,S=1,C=1,Y=1",-inf,-inf,0,C|C,1
C,119,Y,132,R,3,K,1,C,2,S,1,X,56,C,19,K,1,X,24,R,1,S,1,C,2,Y,1,"L1:[sp=C,119] Y=132,R=3,K=1,C=2,S=1,X=56 || L2:[sp=C,19] K=1,X=24,R=1,S=1,C=2,Y=1",-inf,-inf,0,C|C,1
Y,119,K,19,X,45,C,1,R,3,Y,131,S,1,C,19,K,1,R,1,X,17,S,1,C,1,Y,1,"L1:[sp=Y,119] K=19,X=45,C=1,R=3,Y=131,S=1 || L2:[sp=C,19] K=1,R=1,X=17,S=1,C=1,Y=1",-inf,-inf,0,Y|C,1
C,119,Y,132,R,7,K,1,C,2,S,1,X,56,C,19,K,1,X,24,R,1,S,1,C,2,Y,19,"L1:[sp=C,119] Y=132,R=7,K=1,C=2,S=1,X=56 || L2:[sp=C,19] K=1,X=24,R=1,S=1,C=2,Y=19",-inf,-inf,0,C|C,1
Y,119,X,165,S,5,Y,201,C,2,K,1,R,4,C,19,X,24,K,1,R,1,S,1,Y,1,C,2,"L1:[sp=Y,119] X=165,S=5,Y=201,C=2,K=1,R=4 || L2:[sp=C,19] X=24,K=1,R=1,S=1,Y=1,C=2",-inf,-inf,0,Y|C,1
C,119,Y,142,S,6,X,56,C,2,R,4,K,53,Y,19,X,24,K,1,R,1,S,1,Y,1,C,2,"L1:[sp=C,119] Y=142,S=6,X=56,C=2,R=4,K=53 || L2:[sp=Y,19] X=24,K=1,R=1,S=1,Y=1,C=2",-inf,-inf,0,C|Y,1
K,119,X,56,S,5,Y,201,C,3,K,1,R,4,C,19,X,48,K,1,R,1,S,1,Y,1,C,2,"L1:[sp=K,119] X=56,S=5,Y=201,C=3,K=1,R=4 || L2:[sp=C,19] X=48,K=1,R=1,S=1,Y=1,C=2",-inf,-inf,0,K|C,1
Y,119,C,2,S,1,Y,131,X,45,K,1,R,3,C,19,X,17,K,1,R,1,S,1,Y,1,C,2,"L1:[sp=Y,119] C=2,S=1,Y=131,X=45,K=1,R=3 || L2:[sp=C,19] X=17,K=1,R=1,S=1,Y=1,C=2",-inf,-inf,0,Y|C,1
Y,119,C,2,S,5,Y,201,X,56,K,39,R,4,C,19,X,24,C,2,R,1,S,5,Y,41,K,1,"L1:[sp=Y,119] C=2,S=5,Y=201,X=56,K=39,R=4 || L2:[sp=C,19] X=24,C=2,R=1,S=5,Y=41,K=1",-inf,-inf,0,Y|C,1
C,119,Y,201,S,5,X,83,C,2,R,4,K,1,Y,19,X,49,K,1,S,1,R,1,Y,1,C,1,"L1:[sp=C,119] Y=201,S=5,X=83,C=2,R=4,K=1 || L2:[sp=Y,19] X=49,K=1,S=1,R=1,Y=1,C=1",-inf,-inf,0,C|Y,1
C,119,Y,142,S,1,X,220,C,2,R,7,K,1,Y,19,X,17,K,1,R,1,S,1,Y,1,C,2,"L1:[sp=C,119] Y=142,S=1,X=220,C=2,R=7,K=1 || L2:[sp=Y,19] X=17,K=1,R=1,S=1,Y=1,C=2",-inf,-inf,0,C|Y,1
Y,119,S,4,X,56,C,3,K,1,R,4,Y,131,C,19,K,1,R,1,X,36,S,1,C,1,Y,1,"L1:[sp=Y,119] S=4,X=56,C=3,K=1,R=4,Y=131 || L2:[sp=C,19] K=1,R=1,X=36,S=1,C=1,Y=1",-inf,-inf,0,Y|C,1
Y,119,K,1,X,187,C,1,Y,131,R,7,S,5,C,19,K,1,R,1,X,17,S,3,C,1,Y,1,"L1:[sp=Y,119] K=1,X=187,C=1,Y=131,R=7,S=5 || L2:[sp=C,19] K=1,R=1,X=17,S=3,C=1,Y=1",-inf,-inf,0,Y|C,1
C,119,Y,142,S,1,X,56,C,2,R,6,K,1,Y,19,X,36,K,1,R,1,S,1,Y,1,C,2,"L1:[sp=C,119] Y=142,S=1,X=56,C=2,R=6,K=1 || L2:[sp=Y,19] X=36,K=1,R=1,S=1,Y=1,C=2",-inf,-inf,0,C|Y,1
C,119,Y,201,S,5,X,20,C,2,R,5,K,1,Y,19,X,20,K,1,R,1,S,1,Y,1,C,2,"L1:[sp=C,119] Y=201,S=5,X=20,C=2,R=5,K=1 || L2:[sp=Y,19] X=20,K=1,R=1,S=1,Y=1,C=2",-inf,-inf,0,C|Y,1
Y,119,K,1,X,81,C,1,Y,131,R,4,S,5,C,19,K,1,R,1,X,24,S,5,C,1,Y,1,"L1:[sp=Y,119] K=1,X=81,C=1,Y=131,R=4,S=5 || L2:[sp=C,19] K=1,R=1,X=24,S=5,C=1,Y=1",-inf,-inf,0,Y|C,1
Y,119,C,2,S,2,Y,201,X,110,K,1,R,7,C,19,X,17,C,2,R,1,S,1,Y,1,K,1,"L1:[sp=Y,119] C=2,S=2,Y=201,X=110,K=1,R=7 || L2:[sp=C,19] X=17,C=2,R=1,S=1,Y=1,K=1",-inf,-inf,0,Y|C,1
Y,119,K,1,X,110,C,2,Y,131,R,7,S,5,C,19,K,1,R,1,X,36,S,1,C,1,Y,66,"L1:[sp=Y,119] K=1,X=110,C=2,Y=131,R=7,S=5 || L2:[sp=C,19] K=1,R=1,X=36,S=1,C=1,Y=66",-inf,-inf,0,Y|C,1
C,119,K,1,R,7,X,45,C,2,S,1,Y,131,Y,19,K,1,R,7,X,17,S,1,C,2,Y,1,"L1:[sp=C,119] K=1,R=7,X=45,C=2,S=1,Y=131 || L2:[sp=Y,19] K=1,R=7,X=17,S=1,C=2,Y=1",-inf,-inf,0,C|Y,1
C,119,Y,201,S,1,X,56,C,2,R,7,K,1,Y,19,X,49,K,1,R,1,S,1,Y,1,C,2,"L1:[sp=C,119] Y=201,S=1,X=56,C=2,R=7,K=1 || L2:[sp=Y,19] X=49,K=1,R=1,S=1,Y=1,C=2",-inf,-inf,0,C|Y,1
Y,119,K,1,X,110,C,1,S,1,R,4,Y,131,C,19,K,1,R,1,X,17,S,1,C,1,Y,1,"L1:[sp=Y,119] K=1,X=110,C=1,S=1,R=4,Y=131 || L2:[sp=C,19] K=1,R=1,X=17,S=1,C=1,Y=1",-inf,-inf,0,Y|C,1
Y,119,Y,142,S,5,X,45,C,2,R,6,K,1,C,19,X,17,K,1,R,1,S,1,Y,93,C,2,"L1:[sp=Y,119] Y=142,S=5,X=45,C=2,R=6,K=1 || L2:[sp=C,19] X=17,K=1,R=1,S=1,Y=93,C=2",-inf,-inf,0,Y|C,1
Y,119,K,1,X,56,C,1,Y,131,R,4,S,5,Y,1,K,1,R,1,X,49,S,1,C,1,Y,1,"L1:[sp=Y,119] K=1,X=56,C=1,Y=131,R=4,S=5 || L2:[sp=Y,1] K=1,R=1,X=49,S=1,C=1,Y=1",-inf,-inf,0,Y|Y,1
C,119,Y,201,S,1,X,110,C,2,R,6,K,1,Y,19,X,17,K,1,R,6,S,1,Y,1,C,2,"L1:[sp=C,119] Y=201,S=1,X=110,C=2,R=6,K=1 || L2:[sp=Y,19] X=17,K=1,R=6,S=1,Y=1,C=2",-inf,-inf,0,C|Y,1
C,119,K,37,R,4,C,2,Y,131,S,2,X,56,K,19,K,1,X,36,R,1,S,1,C,2,Y,1,"L1:[sp=C,119] K=37,R=4,C=2,Y=131,S=2,X=56 || L2:[sp=K,19] K=1,X=36,R=1,S=1,C=2,Y=1",-inf,-inf,0,C|K,1
Y,119,K,1,Y,19,C,1,X,110,R,7,S,1,C,19,K,1,C,1,X,17,S,1,R,1,Y,19,"L1:[sp=Y,119] K=1,Y=19,C=1,X=110,R=7,S=1 || L2:[sp=C,19] K=1,C=1,X=17,S=1,R=1,Y=19",-inf,-inf,0,Y|C,1
Y,119,K,49,Y,131,C,1,X,56,R,4,S,5,C,19,K,1,R,1,X,36,S,1,C,1,Y,1,"L1:[sp=Y,119] K=49,Y=131,C=1,X=56,R=4,S=5 || L2:[sp=C,19] K=1,R=1,X=36,S=1,C=1,Y=1",-inf,-inf,0,Y|C,1
C,119,K,1,R,3,C,2,Y,131,S,1,X,110,K,19,K,1,X,17,R,3,S,1,C,2,Y,1,"L1:[sp=C,119] K=1,R=3,C=2,Y=131,S=1,X=110 || L2:[sp=K,19] K=1,X=17,R=3,S=1,C=2,Y=1",-inf,-inf,0,C|K,1
C,119,K,1,R,4,C,2,Y,131,S,5,X,56,K,19,K,1,X,36,R,1,S,5,C,2,Y,1,"L1:[sp=C,119] K=1,R=4,C=2,Y=131,S=5,X=56 || L2:[sp=K,19] K=1,X=36,R=1,S=5,C=2,Y=1",-inf,-inf,0,C|K,1
X,119,K,1,R,7,C,2,Y,131,S,1,X,110,K,19,K,1,X,17,R,1,S,1,C,2,Y,1,"L1:[sp=X,119] K=1,R=7,C=2,Y=131,S=1,X=110 || L2:[sp=K,19] K=1,X=17,R=1,S=1,C=2,Y=1",-inf,-inf,0,X|K,1
Y,119,K,1,Y,131,C,1,X,56,R,4,S,5,Y,131,K,1,R,1,X,36,S,5,C,1,Y,1,"L1:[sp=Y,119] K=1,Y=131,C=1,X=56,R=4,S=5 || L2:[sp=Y,131] K=1,R=1,X=36,S=5,C=1,Y=1",-inf,-inf,0,Y|Y,1
C,119,K,1,R,7,C,2,Y,131,S,7,X,110,K,19,X,17,K,1,Y,1,S,1,C,2,R,1,"L1:[sp=C,119] K=1,R=7,C=2,Y=131,S=7,X=110 || L2:[sp=K,19] X=17,K=1,Y=1,S=1,C=2,R=1",-inf,-inf,0,C|K,1
Y,119,K,1,Y,131,C,1,X,56,R,4,S,5,C,19,K,1,C,1,X,36,R,1,S,1,Y,1,"L1:[sp=Y,119] K=1,Y=131,C=1,X=56,R=4,S=5 || L2:[sp=C,19] K=1,C=1,X=36,R=1,S=1,Y=1",-inf,-inf,0,Y|C,1
Y,119,K,1,Y,131,C,1,X,110,R,7,S,1,C,19,C,1,R,1,X,17,S,1,K,1,Y,1,"L1:[sp=Y,119] K=1,Y=131,C=1,X=110,R=7,S=1 || L2:[sp=C,19] C=1,R=1,X=17,S=1,K=1,Y=1",-inf,-inf,0,Y|C,1
Y,119,K,1,Y,131,C,1,R,4,X,110,S,5,C,19,K,1,R,2,X,17,S,1,C,1,Y,1,"L1:[sp=Y,119] K=1,Y=131,C=1,R=4,X=110,S=5 || L2:[sp=C,19] K=1,R=2,X=17,S=1,C=1,Y=1",-inf,-inf,0,Y|C,1
Y,119,K,1,Y,131,C,1,X,56,R,4,S,2,K,1,K,1,R,1,X,50,S,1,C,1,Y,1,"L1:[sp=Y,119] K=1,Y=131,C=1,X=56,R=4,S=2 || L2:[sp=K,1] K=1,R=1,X=50,S=1,C=1,Y=1",-inf,-inf,0,Y|K,1
Y,119,K,1,X,103,C,1,Y,131,R,4,S,1,C,19,K,1,R,1,X,17,S,1,C,1,Y,1,"L1:[sp=Y,119] K=1,X=103,C=1,Y=131,R=4,S=1 || L2:[sp=C,19] K=1,R=1,X=17,S=1,C=1,Y=1",-inf,-inf,0,Y|C,1
C,119,Y,139,R,4,C,2,K,1,S,5,X,56,Y,1,K,1,X,36,R,1,S,1,C,2,Y,1,"L1:[sp=C,119] Y=139,R=4,C=2,K=1,S=5,X=56 || L2:[sp=Y,1] K=1,X=36,R=1,S=1,C=2,Y=1",-inf,-inf,0,C|Y,1
Y,119,K,1,Y,213,C,1,X,57,R,4,S,5,C,19,K,1,R,1,X,36,S,1,C,1,Y,1,"L1:[sp=Y,119] K=1,Y=213,C=1,X=57,R=4,S=5 || L2:[sp=C,19] K=1,R=1,X=36,S=1,C=1,Y=1",-inf,-inf,0,Y|C,1
C,119,K,1,R,5,C,1,Y,189,S,5,X,56,K,19,K,1,X,36,R,2,S,1,C,1,Y,1,"L1:[sp=C,119] K=1,R=5,C=1,Y=189,S=5,X=56 || L2:[sp=K,19] K=1,X=36,R=2,S=1,C=1,Y=1",-inf,-inf,0,C|K,1
K,119,K,1,Y,131,C,2,X,56,R,4,S,4,C,19,K,1,R,1,X,50,S,1,C,2,Y,57,"L1:[sp=K,119] K=1,Y=131,C=2,X=56,R=4,S=4 || L2:[sp=C,19] K=1,R=1,X=50,S=1,C=2,Y=57",-inf,-inf,0,K|C,1
Y,119,K,1,Y,131,C,1,R,4,X,65,S,5,C,19,K,1,R,1,X,17,S,1,C,1,Y,131,"L1:[sp=Y,119] K=1,Y=131,C=1,R=4,X=65,S=5 || L2:[sp=C,19] K=1,R=1,X=17,S=1,C=1,Y=131",-inf,-inf,0,Y|C,1
C,119,Y,131,R,4,C,2,K,1,S,1,X,56,Y,1,K,1,X,36,R,1,S,1,C,2,Y,21,"L1:[sp=C,119] Y=131,R=4,C=2,K=1,S=1,X=56 || L2:[sp=Y,1] K=1,X=36,R=1,S=1,C=2,Y=21",-inf,-inf,0,C|Y,1
Y,119,Y,131,K,1,C,1,X,120,R,3,S,1,C,19,K,1,R,1,X,17,S,1,C,1,Y,1,"L1:[sp=Y,119] Y=131,K=1,C=1,X=120,R=3,S=1 || L2:[sp=C,19] K=1,R=1,X=17,S=1,C=1,Y=1",-inf,-inf,0,Y|C,1
C,119,K,1,Y,131,C,1,X,26,R,7,S,1,Y,19,K,1,R,1,X,17,S,1,C,1,Y,61,"L1:[sp=C,119] K=1,Y=131,C=1,X=26,R=7,S=1 || L2:[sp=Y,19] K=1,R=1,X=17,S=1,C=1,Y=61",-inf,-inf,0,C|Y,1
X,119,K,1,Y,131,C,3,R,4,X,110,S,1,Y,110,K,1,R,1,C,1,S,1,X,17,Y,1,"L1:[sp=X,119] K=1,Y=131,C=3,R=4,X=110,S=1 || L2:[sp=Y,110] K=1,R=1,C=1,S=1,X=17,Y=1",-inf,-inf,0,X|Y,1
Y,119,K,1,Y,131,C,1,R,7,X,110,S,1,C,19,K,1,R,1,X,17,S,1,C,1,Y,18,"L1:[sp=Y,119] K=1,Y=131,C=1,R=7,X=110,S=1 || L2:[sp=C,19] K=1,R=1,X=17,S=1,C=1,Y=18",-inf,-inf,0,Y|C,1
Y,119,K,1,Y,49,C,1,X,26,R,7,S,1,C,19,Y,1,R,1,X,17,S,1,C,1,K,1,"L1:[sp=Y,119] K=1,Y=49,C=1,X=26,R=7,S=1 || L2:[sp=C,19] Y=1,R=1,X=17,S=1,C=1,K=1",-inf,-inf,0,Y|C,1
Y,119,K,47,Y,189,C,1,S,1,R,2,X,56,C,19,K,1,R,1,Y,1,S,1,C,1,X,36,"L1:[sp=Y,119] K=47,Y=189,C=1,S=1,R=2,X=56 || L2:[sp=C,19] K=1,R=1,Y=1,S=1,C=1,X=36",-inf,-inf,0,Y|C,1
Y,119,K,1,R,7,C,2,Y,131,S,6,X,26,Y,1,K,1,X,17,R,1,S,2,C,2,Y,1,"L1:[sp=Y,119] K=1,R=7,C=2,Y=131,S=6,X=26 || L2:[sp=Y,1] K=1,X=17,R=1,S=2,C=2,Y=1",-inf,-inf,0,Y|Y,1
C,119,K,1,R,4,C,2,Y,131,S,1,X,56,K,19,K,1,X,50,R,1,Y,1,C,1,S,1,"L1:[sp=C,119] K=1,R=4,C=2,Y=131,S=1,X=56 || L2:[sp=K,19] K=1,X=50,R=1,Y=1,C=1,S=1",-inf,-inf,0,C|K,1
Y,119,K,30,Y,189,C,1,R,4,X,56,S,1,Y,42,K,1,R,1,X,36,S,1,C,1,Y,1,"L1:[sp=Y,119] K=30,Y=189,C=1,R=4,X=56,S=1 || L2:[sp=Y,42] K=1,R=1,X=36,S=1,C=1,Y=1",-inf,-inf,0,Y|Y,1
C,119,K,24,R,7,C,2,Y,172,S,1,X,115,K,19,K,1,X,17,R,1,Y,1,C,1,S,1,"L1:[sp=C,119] K=24,R=7,C=2,Y=172,S=1,X=115 || L2:[sp=K,19] K=1,X=17,R=1,Y=1,C=1,S=1",-inf,-inf,0,C|K,1
Y,119,K,49,C,1,Y,131,R,4,X,110,S,1,X,110,K,1,R,1,X,17,S,1,C,1,Y,1,"L1:[sp=Y,119] K=49,C=1,Y=131,R=4,X=110,S=1 || L2:[sp=X,110] K=1,R=1,X=17,S=1,C=1,Y=1",-inf,-inf,0,Y|X,1
Y,119,K,1,Y,222,C,1,R,7,X,110,S,1,C,19,K,1,R,1,X,75,S,1,C,1,Y,1,"L1:[sp=Y,119] K=1,Y=222,C=1,R=7,X=110,S=1 || L2:[sp=C,19] K=1,R=1,X=75,S=1,C=1,Y=1",-inf,-inf,0,Y|C,1
Y,119,K,1,Y,38,C,1,R,7,X,26,S,2,X,110,K,1,R,3,X,17,S,1,C,1,Y,1,"L1:[sp=Y,119] K=1,Y=38,C=1,R=7,X=26,S=2 || L2:[sp=X,110] K=1,R=3,X=17,S=1,C=1,Y=1",-inf,-inf,0,Y|X,1
C,119,K,1,R,7,C,2,Y,131,S,1,X,26,K,19,K,1,X,17,R,5,Y,1,C,2,S,1,"L1:[sp=C,119] K=1,R=7,C=2,Y=131,S=1,X=26 || L2:[sp=K,19] K=1,X=17,R=5,Y=1,C=2,S=1",-inf,-inf,0,C|K,1
X,119,K,1,Y,131,C,1,R,7,X,26,S,2,Y,110,K,1,R,1,Y,53,S,2,C,1,X,17,"L1:[sp=X,119] K=1,Y=131,C=1,R=7,X=26,S=2 || L2:[sp=Y,110] K=1,R=1,Y=53,S=2,C=1,X=17",-inf,-inf,0,X|Y,1
X,119,K,1,Y,131,C,1,R,4,X,56,S,3,Y,110,K,1,R,1,Y,1,S,1,C,1,X,50,"L1:[sp=X,119] K=1,Y=131,C=1,R=4,X=56,S=3 || L2:[sp=Y,110] K=1,R=1,Y=1,S=1,C=1,X=50",-inf,-inf,0,X|Y,1
Y,119,C,2,R,4,K,41,Y,131,S,1,X,110,Y,1,K,1,X,106,R,1,S,1,C,1,Y,1,"L1:[sp=Y,119] C=2,R=4,K=41,Y=131,S=1,X=110 || L2:[sp=Y,1] K=1,X=106,R=1,S=1,C=1,Y=1",-inf,-inf,0,Y|Y,1
Y,119,C,2,Y,131,K,1,R,4,S,1,X,56,Y,1,K,1,X,56,R,1,S,1,C,1,Y,116,"L1:[sp=Y,119] C=2,Y=131,K=1,R=4,S=1,X=56 || L2:[sp=Y,1] K=1,X=56,R=1,S=1,C=1,Y=116",-inf,-inf,0,Y|Y,1
Y,119,C,2,R,4,K,1,Y,131,S,2,X,56,Y,1,K,1,X,50,R,1,S,2,C,1,Y,1,"L1:[sp=Y,119] C=2,R=4,K=1,Y=131,S=2,X=56 || L2:[sp=Y,1] K=1,X=50,R=1,S=2,C=1,Y=1",-inf,-inf,0,Y|Y,1
Y,119,K,1,Y,189,C,1,S,1,R,4,X,56,C,19,K,1,R,1,Y,1,S,1,C,1,X,40,"L1:[sp=Y,119] K=1,Y=189,C=1,S=1,R=4,X=56 || L2:[sp=C,19] K=1,R=1,Y=1,S=1,C=1,X=40",-inf,-inf,0,Y|C,1
Y,119,K,1,Y,189,C,2,S,1,R,4,X,56,C,19,K,1,R,1,Y,1,S,1,C,1,X,36,"L1:[sp=Y,119] K=1,Y=189,C=2,S=1,R=4,X=56 || L2:[sp=C,19] K=1,R=1,Y=1,S=1,C=1,X=36",-inf,-inf,0,Y|C,1
Y,119,C,2,R,4,K,1,Y,49,S,2,X,56,Y,1,K,1,S,1,R,4,X,50,C,1,Y,1,"L1:[sp=Y,119] C=2,R=4,K=1,Y=49,S=2,X=56 || L2:[sp=Y,1] K=1,S=1,R=4,X=50,C=1,Y=1",-inf,-inf,0,Y|Y,1
Y,119,K,1,S,1,C,1,X,26,R,6,Y,131,C,1,Y,1,R,1,X,8,S,1,C,1,K,1,"L1:[sp=Y,119] K=1,S=1,C=1,X=26,R=6,Y=131 || L2:[sp=C,1] Y=1,R=1,X=8,S=1,C=1,K=1",-inf,-inf,0,Y|C,1
Y,119,K,1,Y,131,X,158,R,7,C,1,S,6,C,19,K,1,R,1,X,17,S,6,C,1,Y,1,"L1:[sp=Y,119] K=1,Y=131,X=158,R=7,C=1,S=6 || L2:[sp=C,19] K=1,R=1,X=17,S=6,C=1,Y=1",-inf,-inf,0,Y|C,1
Y,119,K,1,Y,189,C,1,S,1,R,6,X,56,C,19,K,1,X,36,Y,1,S,1,C,1,R,1,"L1:[sp=Y,119] K=1,Y=189,C=1,S=1,R=6,X=56 || L2:[sp=C,19] K=1,X=36,Y=1,S=1,C=1,R=1",-inf,-inf,0,Y|C,1
Y,119,K,1,S,6,C,1,X,26,R,7,Y,148,C,19,Y,1,R,1,X,10,S,1,C,1,K,1,"L1:[sp=Y,119] K=1,S=6,C=1,X=26,R=7,Y=148 || L2:[sp=C,19] Y=1,R=1,X=10,S=1,C=1,K=1",-inf,-inf,0,Y|C,1
C,119,C,1,X,26,K,1,S,2,R,7,Y,131,Y,19,K,1,X,17,Y,1,S,2,C,1,R,1,"L1:[sp=C,119] C=1,X=26,K=1,S=2,R=7,Y=131 || L2:[sp=Y,19] K=1,X=17,Y=1,S=2,C=1,R=1",-inf,-inf,0,C|Y,1
X,119,K,1,Y,131,C,1,R,4,X,110,S,1,Y,110,K,1,R,1,C,1,S,1,Y,95,X,106,"L1:[sp=X,119] K=1,Y=131,C=1,R=4,X=110,S=1 || L2:[sp=Y,110] K=1,R=1,C=1,S=1,Y=95,X=106",-inf,-inf,0,X|Y,1
C,119,C,1,X,26,K,1,Y,131,R,7,S,2,Y,19,K,1,R,1,Y,68,S,1,C,1,X,17,"L1:[sp=C,119] C=1,X=26,K=1,Y=131,R=7,S=2 || L2:[sp=Y,19] K=1,R=1,Y=68,S=1,C=1,X=17",-inf,-inf,0,C|Y,1
Y,119,K,1,S,6,C,3,X,83,R,4,Y,131,C,19,Y,1,R,1,X,36,S,1,C,1,K,1,"L1:[sp=Y,119] K=1,S=6,C=3,X=83,R=4,Y=131 || L2:[sp=C,19] Y=1,R=1,X=36,S=1,C=1,K=1",-inf,-inf,0,Y|C,1
Y,119,K,1,Y,131,C,1,R,7,X,26,S,2,Y,110,K,1,R,1,Y,1,S,1,C,1,X,22,"L1:[sp=Y,119] K=1,Y=131,C=1,R=7,X=26,S=2 || L2:[sp=Y,110] K=1,R=1,Y=1,S=1,C=1,X=22",-inf,-inf,0,Y|Y,1
C,119,C,1,X,110,K,1,S,1,R,4,Y,131,Y,19,K,1,R,1,Y,36,S,1,C,1,X,106,"L1:[sp=C,119] C=1,X=110,K=1,S=1,R=4,Y=131 || L2:[sp=Y,19] K=1,R=1,Y=36,S=1,C=1,X=106",-inf,-inf,0,C|Y,1
C,119,K,1,Y,131,C,1,S,6,R,7,X,26,Y,131,K,1,R,1,Y,1,S,1,C,1,X,10,"L1:[sp=C,119] K=1,Y=131,C=1,S=6,R=7,X=26 || L2:[sp=Y,131] K=1,R=1,Y=1,S=1,C=1,X=10",-inf,-inf,0,C|Y,1
Y,119,K,1,Y,189,C,1,S,1,X,110,R,4,C,19,K,1,X,106,Y,1,S,1,C,1,R,2,"L1:[sp=Y,119] K=1,Y=189,C=1,S=1,X=110,R=4 || L2:[sp=C,19] K=1,X=106,Y=1,S=1,C=1,R=2",-inf,-inf,0,Y|C,1
Y,119,K,1,S,2,Y,131,X,56,R,4,C,2,C,19,Y,46,R,1,X,50,S,1,C,1,K,1,"L1:[sp=Y,119] K=1,S=2,Y=131,X=56,R=4,C=2 || L2:[sp=C,19] Y=46,R=1,X=50,S=1,C=1,K=1",-inf,-inf,0,Y|C,1
Y,119,C,1,R,4,S,6,Y,131,K,1,X,56,Y,1,K,1,X,36,R,1,S,1,C,1,Y,1,"L1:[sp=Y,119] C=1,R=4,S=6,Y=131,K=1,X=56 || L2:[sp=Y,1] K=1,X=36,R=1,S=1,C=1,Y=1",-inf,-inf,0,Y|Y,1
C,119,K,45,Y,131,C,1,S,2,X,26,R,7,Y,19,K,1,R,5,Y,1,S,1,C,1,X,17,"L1:[sp=C,119] K=45,Y=131,C=1,S=2,X=26,R=7 || L2:[sp=Y,19] K=1,R=5,Y=1,S=1,C=1,X=17",-inf,-inf,0,C|Y,1
C,119,C,1,X,56,K,1,S,2,R,4,Y,131,Y,1,K,1,R,1,Y,1,S,1,C,1,X,50,"L1:[sp=C,119] C=1,X=56,K=1,S=2,R=4,Y=131 || L2:[sp=Y,1] K=1,R=1,Y=1,S=1,C=1,X=50",-inf,-inf,0,C|Y,1
Y,119,C,2,R,7,S,2,Y,131,K,1,X,26,Y,1,K,1,X,17,R,1,S,1,C,1,Y,1,"L1:[sp=Y,119] C=2,R=7,S=2,Y=131,K=1,X=26 || L2:[sp=Y,1] K=1,X=17,R=1,S=1,C=1,Y=1",-inf,-inf,0,Y|Y,1
C,119,C,1,X,26,K,60,S,6,R,7,Y,75,Y,19,S,1,R,1,Y,1,K,1,C,1,X,17,"L1:[sp=C,119] C=1,X=26,K=60,S=6,R=7,Y=75 || L2:[sp=Y,19] S=1,R=1,Y=1,K=1,C=1,X=17",-inf,-inf,0,C|Y,1
Y,119,K,55,S,6,C,1,X,56,R,4,Y,129,C,19,Y,1,R,1,X,36,S,1,C,1,K,1,"L1:[sp=Y,119] K=55,S=6,C=1,X=56,R=4,Y=129 || L2:[sp=C,19] Y=1,R=1,X=36,S=1,C=1,K=1",-inf,-inf,0,Y|C,1
Y,119,K,1,S,2,C,1,X,202,R,7,Y,131,C,19,Y,1,R,1,X,36,S,1,C,1,K,1,"L1:[sp=Y,119] K=1,S=2,C=1,X=202,R=7,Y=131 || L2:[sp=C,19] Y=1,R=1,X=36,S=1,C=1,K=1",-inf,-inf,0,Y|C,1
C,119,C,1,R,7,S,6,Y,189,K,1,X,26,Y,4,K,1,X,10,R,1,S,1,C,1,Y,1,"L1:[sp=C,119] C=1,R=7,S=6,Y=189,K=1,X=26 || L2:[sp=Y,4] K=1,X=10,R=1,S=1,C=1,Y=1",-inf,-inf,0,C|Y,1
C,119,S,2,X,56,C,2,K,1,R,2,Y,213,Y,19,Y,1,R,1,K,1,S,1,C,1,X,50,"L1:[sp=C,119] S=2,X=56,C=2,K=1,R=2,Y=213 || L2:[sp=Y,19] Y=1,R=1,K=1,S=1,C=1,X=50",-inf,-inf,0,C|Y,1
C,119,K,1,S,2,C,1,X,56,R,7,Y,131,Y,19,Y,1,K,1,X,36,S,1,C,1,R,1,"L1:[sp=C,119] K=1,S=2,C=1,X=56,R=7,Y=131 || L2:[sp=Y,19] Y=1,K=1,X=36,S=1,C=1,R=1",-inf,-inf,0,C|Y,1
Y,119,Y,189,X,26,S,6,K,34,R,7,C,1,C,19,Y,1,R,1,K,1,S,1,C,1,X,10,"L1:[sp=Y,119] Y=189,X=26,S=6,K=34,R=7,C=1 || L2:[sp=C,19] Y=1,R=1,K=1,S=1,C=1,X=10",-inf,-inf,0,Y|C,1
C,119,K,6,S,6,C,1,X,56,R,4,Y,64,Y,19,Y,1,R,1,X,36,S,1,C,1,K,1,"L1:[sp=C,119] K=6,S=6,C=1,X=56,R=4,Y=64 || L2:[sp=Y,19] Y=1,R=1,X=36,S=1,C=1,K=1",-inf,-inf,0,C|Y,1
X,119,K,1,S,2,C,1,X,56,R,7,Y,131,Y,19,Y,1,R,1,X,36,S,1,C,1,K,1,"L1:[sp=X,119] K=1,S=2,C=1,X=56,R=7,Y=131 || L2:[sp=Y,19] Y=1,R=1,X=36,S=1,C=1,K=1",-inf,-inf,0,X|Y,1
C,119,C,1,X,26,S,2,K,1,R,7,Y,189,Y,19,Y,168,R,1,K,1,S,1,C,1,X,10,"L1:[sp=C,119] C=1,X=26,S=2,K=1,R=7,Y=189 || L2:[sp=Y,19] Y=168,R=1,K=1,S=1,C=1,X=10",-inf,-inf,0,C|Y,1
C,119,C,1,S,6,K,1,X,56,R,4,Y,96,Y,19,Y,1,R,4,X,36,S,1,C,1,K,1,"L1:[sp=C,119] C=1,S=6,K=1,X=56,R=4,Y=96 || L2:[sp=Y,19] Y=1,R=4,X=36,S=1,C=1,K=1",-inf,-inf,0,C|Y,1
C,119,K,1,S,2,C,1,X,56,R,7,Y,131,Y,19,Y,105,R,5,X,36,S,1,C,1,K,1,"L1:[sp=C,119] K=1,S=2,C=1,X=56,R=7,Y=131 || L2:[sp=Y,19] Y=105,R=5,X=36,S=1,C=1,K=1",-inf,-inf,0,C|Y,1
Y,119,K,1,S,2,C,1,X,56,R,7,Y,131,C,19,Y,1,R,1,X,36,S,1,C,1,K,1,"L1:[sp=Y,119] K=1,S=2,C=1,X=56,R=7,Y=131 || L2:[sp=C,19] Y=1,R=1,X=36,S=1,C=1,K=1",-inf,-inf,0,Y|C,1
Y,119,K,1,S,6,C,1,X,56,R,4,Y,96,C,19,Y,73,R,1,X,36,S,1,C,1,K,1,"L1:[sp=Y,119] K=1,S=6,C=1,X=56,R=4,Y=96 || L2:[sp=C,19] Y=73,R=1,X=36,S=1,C=1,K=1",-inf,-inf,0,Y|C,1
C,119,C,3,X,26,S,6,K,1,R,7,Y,189,Y,14,Y,1,R,1,K,1,S,1,C,1,X,10,"L1:[sp=C,119] C=3,X=26,S=6,K=1,R=7,Y=189 || L2:[sp=Y,14] Y=1,R=1,K=1,S=1,C=1,X=10",-inf,-inf,0,C|Y,1
K,119,K,1,Y,189,C,1,S,3,R,4,X,190,C,19,K,1,R,1,Y,18,S,1,C,1,X,22,"L1:[sp=K,119] K=1,Y=189,C=1,S=3,R=4,X=190 || L2:[sp=C,19] K=1,R=1,Y=18,S=1,C=1,X=22",-inf,-inf,0,K|C,1
Y,119,K,10,R,7,C,1,Y,101,S,3,X,12,C,19,Y,1,R,1,X,12,S,1,C,1,K,1,"L1:[sp=Y,119] K=10,R=7,C=1,Y=101,S=3,X=12 || L2:[sp=C,19] Y=1,R=1,X=12,S=1,C=1,K=1",-inf,-inf,0,Y|C,1
C,119,K,1,S,6,C,1,X,56,R,4,Y,96,Y,19,Y,1,R,1,X,36,S,1,C,1,K,1,"L1:[sp=C,119] K=1,S=6,C=1,X=56,R=4,Y=96 || L2:[sp=Y,19] Y=1,R=1,X=36,S=1,C=1,K=1",-inf,-inf,0,C|Y,1
C,119,K,11,S,3,C,1,X,77,R,7,Y,96,Y,19,Y,1,R,1,X,36,S,1,C,1,K,1,"L1:[sp=C,119] K=11,S=3,C=1,X=77,R=7,Y=96 || L2:[sp=Y,19] Y=1,R=1,X=36,S=1,C=1,K=1",-inf,-inf,0,C|Y,1
Y,119,K,1,S,2,C,1,Y,131,R,1,X,56,Y,131,Y,1,R,1,X,36,S,1,C,1,K,1,"L1:[sp=Y,119] K=1,S=2,C=1,Y=131,R=1,X=56 || L2:[sp=Y,131] Y=1,R=1,X=36,S=1,C=1,K=1",-inf,-inf,0,Y|Y,1
C,119,K,54,S,3,Y,96,X,56,R,7,C,1,Y,19,Y,1,S,1,X,36,R,1,C,1,K,1,"L1:[sp=C,119] K=54,S=3,Y=96,X=56,R=7,C=1 || L2:[sp=Y,19] Y=1,S=1,X=36,R=1,C=1,K=1",-inf,-inf,0,C|Y,1
C,119,K,44,X,56,C,1,S,2,R,7,Y,131,Y,19,Y,1,R,1,X,36,S,1,C,1,K,1,"L1:[sp=C,119] K=44,X=56,C=1,S=2,R=7,Y=131 || L2:[sp=Y,19] Y=1,R=1,X=36,S=1,C=1,K=1",-inf,-inf,0,C|Y,1
K,119,K,1,S,6,C,1,X,56,R,4,Y,121,Y,19,Y,1,R,1,X,36,S,1,C,1,K,1,"L1:[sp=K,119] K=1,S=6,C=1,X=56,R=4,Y=121 || L2:[sp=Y,19] Y=1,R=1,X=36,S=1,C=1,K=1",-inf,-inf,0,K|Y,1
C,119,K,50,S,1,C,1,X,56,Y,131,R,7,Y,19,Y,1,R,1,X,36,K,1,C,1,S,1,"L1:[sp=C,119] K=50,S=1,C=1,X=56,Y=131,R=7 || L2:[sp=Y,19] Y=1,R=1,X=36,K=1,C=1,S=1",-inf,-inf,0,C|Y,1
Y,119,K,1,S,3,C,1,Y,96,R,7,X,3,C,1,Y,1,R,1,S,1,X,3,C,1,K,1,"L1:[sp=Y,119] K=1,S=3,C=1,Y=96,R=7,X=3 || L2:[sp=C,1] Y=1,R=1,S=1,X=3,C=1,K=1",-inf,-inf,0,Y|C,1
C,119,K,1,S,6,C,1,X,220,R,7,Y,131,Y,131,Y,1,R,1,X,36,S,1,C,1,K,1,"L1:[sp=C,119] K=1,S=6,C=1,X=220,R=7,Y=131 || L2:[sp=Y,131] Y=1,R=1,X=36,S=1,C=1,K=1",-inf,-inf,0,C|Y,1
C,119,K,1,S,3,C,1,X,220,R,3,Y,131,Y,19,Y,1,R,1,X,91,S,1,C,1,K,1,"L1:[sp=C,119] K=1,S=3,C=1,X=220,R=3,Y=131 || L2:[sp=Y,19] Y=1,R=1,X=91,S=1,C=1,K=1",-inf,-inf,0,C|Y,1
Y,119,K,1,S,7,C,1,X,56,Y,96,R,4,X,7,Y,1,R,1,S,1,K,1,C,1,X,36,"L1:[sp=Y,119] K=1,S=7,C=1,X=56,Y=96,R=4 || L2:[sp=X,7] Y=1,R=1,S=1,K=1,C=1,X=36",-inf,-inf,0,Y|X,1
Y,119,Y,96,S,3,C,1,K,1,R,7,X,154,Y,6,Y,1,R,1,K,1,S,1,C,1,X,36,"L1:[sp=Y,119] Y=96,S=3,C=1,K=1,R=7,X=154 || L2:[sp=Y,6] Y=1,R=1,K=1,S=1,C=1,X=36",-inf,-inf,0,Y|Y,1
Y,119,Y,19,S,7,C,1,K,1,R,7,X,56,Y,6,Y,1,R,1,X,36,S,5,C,1,K,1,"L1:[sp=Y,119] Y=19,S=7,C=1,K=1,R=7,X=56 || L2:[sp=Y,6] Y=1,R=1,X=36,S=5,C=1,K=1",-inf,-inf,0,Y|Y,1
X,119,K,1,S,2,C,2,X,56,Y,131,R,7,C,1,Y,92,R,1,X,36,K,1,C,1,S,1,"L1:[sp=X,119] K=1,S=2,C=2,X=56,Y=131,R=7 || L2:[sp=C,1] Y=92,R=1,X=36,K=1,C=1,S=1",-inf,-inf,0,X|C,1
Y,119,K,1,S,7,C,1,X,162,Y,96,R,4,X,7,Y,1,R,1,X,29,K,1,C,1,S,1,"L1:[sp=Y,119] K=1,S=7,C=1,X=162,Y=96,R=4 || L2:[sp=X,7] Y=1,R=1,X=29,K=1,C=1,S=1",-inf,-inf,0,Y|X,1
C,119,K,27,S,7,C,1,X,14,R,4,Y,131,Y,131,Y,1,R,1,X,14,S,1,C,1,K,1,"L1:[sp=C,119] K=27,S=7,C=1,X=14,R=4,Y=131 || L2:[sp=Y,131] Y=1,R=1,X=14,S=1,C=1,K=1",-inf,-inf,0,C|Y,1
C,119,K,1,S,3,C,1,Y,130,R,7,X,56,C,19,Y,1,R,1,X,36,S,1,C,1,K,1,"L1:[sp=C,119] K=1,S=3,C=1,Y=130,R=7,X=56 || L2:[sp=C,19] Y=1,R=1,X=36,S=1,C=1,K=1",-inf,-inf,0,C|C,1
Y,119,K,1,S,3,C,1,Y,96,R,6,X,29,C,19,Y,1,R,2,X,29,S,1,C,1,K,1,"L1:[sp=Y,119] K=1,S=3,C=1,Y=96,R=6,X=29 || L2:[sp=C,19] Y=1,R=2,X=29,S=1,C=1,K=1",-inf,-inf,0,Y|C,1
Y,119,Y,96,C,1,S,3,K,58,R,7,X,48,Y,6,Y,1,C,1,X,36,S,1,R,1,K,1,"L1:[sp=Y,119] Y=96,C=1,S=3,K=58,R=7,X=48 || L2:[sp=Y,6] Y=1,C=1,X=36,S=1,R=1,K=1",-inf,-inf,0,Y|Y,1
C,119,K,1,S,3,C,1,Y,96,R,7,X,56,C,19,Y,1,S,1,X,25,R,1,C,1,K,1,"L1:[sp=C,119] K=1,S=3,C=1,Y=96,R=7,X=56 || L2:[sp=C,19] Y=1,S=1,X=25,R=1,C=1,K=1",-inf,-inf,0,C|C,1
C,119,K,1,S,3,C,1,Y,96,R,7,X,122,Y,8,Y,1,R,1,X,36,S,1,C,1,K,1,"L1:[sp=C,119] K=1,S=3,C=1,Y=96,R=7,X=122 || L2:[sp=Y,8] Y=1,R=1,X=36,S=1,C=1,K=1",-inf,-inf,0,C|Y,1
C,119,K,1,S,3,C,1,Y,96,R,7,X,56,C,19,Y,1,R,1,X,36,S,1,C,1,K,1,"L1:[sp=C,119] K=1,S=3,C=1,Y=96,R=7,X=56 || L2:[sp=C,19] Y=1,R=1,X=36,S=1,C=1,K=1",-inf,-inf,0,C|C,1
Y,119,K,1,S,2,C,1,X,56,Y,96,R,4,X,7,Y,1,R,1,X,36,K,1,C,1,S,1,"L1:[sp=Y,119] K=1,S=2,C=1,X=56,Y=96,R=4 || L2:[sp=X,7] Y=1,R=1,X=36,K=1,C=1,S=1",-inf,-inf,0,Y|X,1
Y,119,K,1,S,3,C,2,X,43,Y,131,R,7,C,1,Y,1,R,1,X,31,K,1,C,1,S,1,"L1:[sp=Y,119] K=1,S=3,C=2,X=43,Y=131,R=7 || L2:[sp=C,1] Y=1,R=1,X=31,K=1,C=1,S=1",-inf,-inf,0,Y|C,1
C,119,K,57,S,3,C,1,X,56,Y,96,R,4,Y,19,Y,1,R,1,X,36,K,1,C,1,S,1,"L1:[sp=C,119] K=57,S=3,C=1,X=56,Y=96,R=4 || L2:[sp=Y,19] Y=1,R=1,X=36,K=1,C=1,S=1",-inf,-inf,0,C|Y,1
Y,119,X,56,S,7,C,1,Y,96,K,1,R,4,Y,19,Y,1,R,1,X,4,K,1,C,1,S,1,"L1:[sp=Y,119] X=56,S=7,C=1,Y=96,K=1,R=4 || L2:[sp=Y,19] Y=1,R=1,X=4,K=1,C=1,S=1",-inf,-inf,0,Y|Y,1
Y,119,K,1,S,2,C,2,X,43,Y,131,R,7,C,1,Y,103,R,1,X,31,C,1,K,1,S,1,"L1:[sp=Y,119] K=1,S=2,C=2,X=43,Y=131,R=7 || L2:[sp=C,1] Y=103,R=1,X=31,C=1,K=1,S=1",-inf,-inf,0,Y|C,1
Y,119,K,47,S,7,X,84,Y,96,C,1,R,7,C,19,Y,66,R,1,X,26,S,2,C,1,K,1,"L1:[sp=Y,119] K=47,S=7,X=84,Y=96,C=1,R=7 || L2:[sp=C,19] Y=66,R=1,X=26,S=2,C=1,K=1",-inf,-inf,0,Y|C,1
X,119,K,1,Y,96,C,1,X,56,S,3,R,2,K,1,Y,1,R,1,X,36,K,1,C,1,S,1,"L1:[sp=X,119] K=1,Y=96,C=1,X=56,S=3,R=2 || L2:[sp=K,1] Y=1,R=1,X=36,K=1,C=1,S=1",-inf,-inf,0,X|K,1
C,119,K,23,X,56,C,3,Y,96,R,7,S,3,C,1,Y,1,R,1,X,26,S,1,C,1,K,1,"L1:[sp=C,119] K=23,X=56,C=3,Y=96,R=7,S=3 || L2:[sp=C,1] Y=1,R=1,X=26,S=1,C=1,K=1",-inf,-inf,0,C|C,1
Y,119,K,62,S,4,X,84,Y,96,R,7,C,1,C,19,Y,1,R,1,X,26,S,1,C,1,K,1,"L1:[sp=Y,119] K=62,S=4,X=84,Y=96,R=7,C=1 || L2:[sp=C,19] Y=1,R=1,X=26,S=1,C=1,K=1",-inf,-inf,0,Y|C,1
Y,119,X,56,S,7,C,3,Y,96,K,1,R,1,Y,19,Y,1,R,1,K,1,X,4,C,1,S,1,"L1:[sp=Y,119] X=56,S=7,C=3,Y=96,K=1,R=1 || L2:[sp=Y,19] Y=1,R=1,K=1,X=4,C=1,S=1",-inf,-inf,0,Y|Y,1
Y,119,K,1,S,7,X,84,Y,96,R,7,C,1,X,12,Y,1,R,1,X,26,S,1,C,1,K,1,"L1:[sp=Y,119] K=1,S=7,X=84,Y=96,R=7,C=1 || L2:[sp=X,12] Y=1,R=1,X=26,S=1,C=1,K=1",-inf,-inf,0,Y|X,1
C,119,K,1,S,2,C,2,X,43,Y,178,R,7,Y,1,Y,1,R,1,X,31,K,1,C,1,S,1,"L1:[sp=C,119] K=1,S=2,C=2,X=43,Y=178,R=7 || L2:[sp=Y,1] Y=1,R=1,X=31,K=1,C=1,S=1",-inf,-inf,0,C|Y,1
K,119,K,1,S,7,X,84,Y,96,R,7,C,1,C,19,Y,1,R,1,X,26,S,5,C,1,K,1,"L1:[sp=K,119] K=1,S=7,X=84,Y=96,R=7,C=1 || L2:[sp=C,19] Y=1,R=1,X=26,S=5,C=1,K=1",-inf,-inf,0,K|C,1
C,119,K,14,S,6,C,1,Y,96,X,56,R,4,Y,19,Y,19,R,1,X,36,K,1,C,1,S,3,"L1:[sp=C,119] K=14,S=6,C=1,Y=96,X=56,R=4 || L2:[sp=Y,19] Y=19,R=1,X=36,K=1,C=1,S=3",-inf,-inf,0,C|Y,1
X,119,K,1,S,2,C,2,X,43,Y,131,R,1,C,1,Y,1,R,1,X,30,K,1,C,1,S,1,"L1:[sp=X,119] K=1,S=2,C=2,X=43,Y=131,R=1 || L2:[sp=C,1] Y=1,R=1,X=30,K=1,C=1,S=1",-inf,-inf,0,X|C,1
Y,119,K,55,S,5,C,1,X,56,Y,96,R,1,X,7,Y,1,R,1,K,1,X,27,C,1,S,1,"L1:[sp=Y,119] K=55,S=5,C=1,X=56,Y=96,R=1 || L2:[sp=X,7] Y=1,R=1,K=1,X=27,C=1,S=1",-inf,-inf,0,Y|X,1
Y,119,K,1,S,2,C,2,X,21,Y,131,R,1,K,1,Y,1,R,1,X,21,K,1,C,1,S,1,"L1:[sp=Y,119] K=1,S=2,C=2,X=21,Y=131,R=1 || L2:[sp=K,1] Y=1,R=1,X=21,K=1,C=1,S=1",-inf,-inf,0,Y|K,1
X,119,X,56,S,3,C,1,Y,200,K,6,R,4,Y,19,Y,1,R,1,X,4,K,1,C,1,S,1,"L1:[sp=X,119] X=56,S=3,C=1,Y=200,K=6,R=4 || L2:[sp=Y,19] Y=1,R=1,X=4,K=1,C=1,S=1",-inf,-inf,0,X|Y,1
C,119,K,1,S,3,C,1,Y,200,X,56,R,4,Y,19,Y,1,R,1,S,1,K,1,C,1,X,4,"L1:[sp=C,119] K=1,S=3,C=1,Y=200,X=56,R=4 || L2:[sp=Y,19] Y=1,R=1,S=1,K=1,C=1,X=4",-inf,-inf,0,C|Y,1
Y,119,K,1,S,3,C,1,X,56,Y,91,R,4,X,7,Y,91,R,1,K,1,X,4,C,1,S,1,"L1:[sp=Y,119] K=1,S=3,C=1,X=56,Y=91,R=4 || L2:[sp=X,7] Y=91,R=1,K=1,X=4,C=1,S=1",-inf,-inf,0,Y|X,1
Y,119,X,56,S,7,C,1,Y,96,K,21,R,1,Y,19,Y,1,R,1,X,27,K,21,C,1,S,1,"L1:[sp=Y,119] X=56,S=7,C=1,Y=96,K=21,R=1 || L2:[sp=Y,19] Y=1,R=1,X=27,K=21,C=1,S=1",-inf,-inf,0,Y|Y,1
X,119,K,1,S,7,C,1,X,56,Y,27,R,1,C,7,Y,1,R,1,K,1,X,27,C,1,S,1,"L1:[sp=X,119] K=1,S=7,C=1,X=56,Y=27,R=1 || L2:[sp=C,7] Y=1,R=1,K=1,X=27,C=1,S=1",-inf,-inf,0,X|C,1
Y,119,X,1,S,3,C,1,Y,96,K,1,R,7,Y,19,Y,1,R,1,X,1,K,1,C,1,S,1,"L1:[sp=Y,119] X=1,S=3,C=1,Y=96,K=1,R=7 || L2:[sp=Y,19] Y=1,R=1,X=1,K=1,C=1,S=1",-inf,-inf,0,Y|Y,1
C,119,S,4,X,79,C,3,Y,96,R,1,K,1,C,1,Y,1,K,1,X,26,S,4,C,1,R,1,"L1:[sp=C,119] S=4,X=79,C=3,Y=96,R=1,K=1 || L2:[sp=C,1] Y=1,K=1,X=26,S=4,C=1,R=1",-inf,-inf,0,C|C,1
K,119,K,1,S,2,C,2,X,43,Y,131,R,1,C,1,Y,1,R,1,X,31,K,1,C,1,S,1,"L1:[sp=K,119] K=1,S=2,C=2,X=43,Y=131,R=1 || L2:[sp=C,1] Y=1,R=1,X=31,K=1,C=1,S=1",-inf,-inf,0,K|C,1
Y,119,K,50,S,7,C,1,X,56,Y,96,R,1,X,7,Y,1,R,1,K,25,X,27,C,1,S,1,"L1:[sp=Y,119] K=50,S=7,C=1,X=56,Y=96,R=1 || L2:[sp=X,7] Y=1,R=1,K=25,X=27,C=1,S=1",-inf,-inf,0,Y|X,1
Y,119,C,1,S,6,Y,96,X,56,K,26,R,4,Y,19,Y,1,R,1,X,36,K,1,C,1,S,3,"L1:[sp=Y,119] C=1,S=6,Y=96,X=56,K=26,R=4 || L2:[sp=Y,19] Y=1,R=1,X=36,K=1,C=1,S=3",-inf,-inf,0,Y|Y,1
Y,119,X,157,S,1,C,1,Y,96,K,1,R,4,Y,19,Y,1,R,1,X,36,K,1,C,1,S,1,"L1:[sp=Y,119] X=157,S=1,C=1,Y=96,K=1,R=4 || L2:[sp=Y,19] Y=1,R=1,X=36,K=1,C=1,S=1",-inf,-inf,0,Y|Y,1
C,119,K,41,S,6,C,1,Y,123,X,56,R,1,Y,19,Y,1,R,1,X,22,K,1,C,1,S,6,"L1:[sp=C,119] K=41,S=6,C=1,Y=123,X=56,R=1 || L2:[sp=Y,19] Y=1,R=1,X=22,K=1,C=1,S=6",-inf,-inf,0,C|Y,1
Y,119,X,56,S,3,C,1,Y,96,K,1,R,4,Y,19,Y,1,R,1,X,22,K,1,C,1,S,3,"L1:[sp=Y,119] X=56,S=3,C=1,Y=96,K=1,R=4 || L2:[sp=Y,19] Y=1,R=1,X=22,K=1,C=1,S=3",-inf,-inf,0,Y|Y,1
Y,119,C,1,S,6,X,68,Y,9,K,1,R,4,Y,19,Y,5,R,1,X,36,K,1,C,1,S,3,"L1:[sp=Y,119] C=1,S=6,X=68,Y=9,K=1,R=4 || L2:[sp=Y,19] Y=5,R=1,X=36,K=1,C=1,S=3",-inf,-inf,0,Y|Y,1
Y,119,K,52,S,7,C,2,X,56,Y,96,R,1,X,7,Y,1,R,1,K,1,X,27,C,1,S,1,"L1:[sp=Y,119] K=52,S=7,C=2,X=56,Y=96,R=1 || L2:[sp=X,7] Y=1,R=1,K=1,X=27,C=1,S=1",-inf,-inf,0,Y|X,1
Y,119,K,20,S,6,C,1,Y,96,X,123,R,1,Y,19,Y,31,R,1,X,22,K,1,C,1,S,6,"L1:[sp=Y,119] K=20,S=6,C=1,Y=96,X=123,R=1 || L2:[sp=Y,19] Y=31,R=1,X=22,K=1,C=1,S=6",-inf,-inf,0,Y|Y,1
Y,119,K,1,S,7,C,1,X,56,Y,69,R,1,X,7,Y,1,R,1,K,1,X,27,C,1,S,1,"L1:[sp=Y,119] K=1,S=7,C=1,X=56,Y=69,R=1 || L2:[sp=X,7] Y=1,R=1,K=1,X=27,C=1,S=1",-inf,-inf,0,Y|X,1
C,119,X,43,R,1,C,2,K,25,Y,146,S,2,Y,1,Y,1,K,1,X,31,C,1,R,1,S,2,"L1:[sp=C,119] X=43,R=1,C=2,K=25,Y=146,S=2 || L2:[sp=Y,1] Y=1,K=1,X=31,C=1,R=1,S=2",-inf,-inf,0,C|Y,1
Y,119,X,22,S,6,C,1,Y,96,K,1,R,1,Y,19,Y,1,R,1,X,22,K,1,C,1,S,6,"L1:[sp=Y,119] X=22,S=6,C=1,Y=96,K=1,R=1 || L2:[sp=Y,19] Y=1,R=1,X=22,K=1,C=1,S=6",-inf,-inf,0,Y|Y,1
Y,119,C,1,S,6,X,36,Y,96,K,1,R,4,Y,19,Y,1,R,2,X,36,K,1,C,1,S,3,"L1:[sp=Y,119] C=1,S=6,X=36,Y=96,K=1,R=4 || L2:[sp=Y,19] Y=1,R=2,X=36,K=1,C=1,S=3",-inf,-inf,0,Y|Y,1
C,119,K,1,S,6,C,1,Y,96,X,56,R,4,C,1,Y,1,R,1,X,36,K,1,C,1,S,3,"L1:[sp=C,119] K=1,S=6,C=1,Y=96,X=56,R=4 || L2:[sp=C,1] Y=1,R=1,X=36,K=1,C=1,S=3",-inf,-inf,0,C|C,1
C,119,K,1,S,6,C,1,Y,224,X,56,R,4,Y,19,Y,1,R,1,X,54,K,1,C,1,S,3,"L1:[sp=C,119] K=1,S=6,C=1,Y=224,X=56,R=4 || L2:[sp=Y,19] Y=1,R=1,X=54,K=1,C=1,S=3",-inf,-inf,0,C|Y,1
Y,119,C,3,S,3,X,56,Y,131,K,1,R,1,Y,19,Y,1,R,1,X,36,K,1,C,1,S,1,"L1:[sp=Y,119] C=3,S=3,X=56,Y=131,K=1,R=1 || L2:[sp=Y,19] Y=1,R=1,X=36,K=1,C=1,S=1",-inf,-inf,0,Y|Y,1
Y,119,K,1,S,5,C,1,Y,96,X,56,R,4,Y,19,Y,13,R,1,X,36,K,1,C,1,S,3,"L1:[sp=Y,119] K=1,S=5,C=1,Y=96,X=56,R=4 || L2:[sp=Y,19] Y=13,R=1,X=36,K=1,C=1,S=3",-inf,-inf,0,Y|Y,1
Y,119,C,1,S,6,X,204,Y,96,K,1,R,4,Y,19,Y,1,R,1,X,36,K,1,C,1,S,3,"L1:[sp=Y,119] C=1,S=6,X=204,Y=96,K=1,R=4 || L2:[sp=Y,19] Y=1,R=1,X=36,K=1,C=1,S=3",-inf,-inf,0,Y|Y,1
Y,119,C,3,S,3,X,139,Y,118,K,1,R,4,Y,19,Y,1,R,1,X,36,K,1,C,1,S,3,"L1:[sp=Y,119] C=3,S=3,X=139,Y=118,K=1,R=4 || L2:[sp=Y,19] Y=1,R=1,X=36,K=1,C=1,S=3",-inf,-inf,0,Y|Y,1
C,119,R,4,S,6,C,1,Y,96,X,72,K,1,Y,19,Y,1,R,1,X,2,K,1,C,1,S,3,"L1:[sp=C,119] R=4,S=6,C=1,Y=96,X=72,K=1 || L2:[sp=Y,19] Y=1,R=1,X=2,K=1,C=1,S=3",-inf,-inf,0,C|Y,1
Y,119,C,3,S,3,X,56,Y,96,K,1,R,1,Y,19,Y,1,R,1,X,36,K,1,C,1,S,1,"L1:[sp=Y,119] C=3,S=3,X=56,Y=96,K=1,R=1 || L2:[sp=Y,19] Y=1,R=1,X=36,K=1,C=1,S=1",-inf,-inf,0,Y|Y,1
Y,119,C,2,S,3,X,28,Y,96,K,1,R,4,Y,19,Y,1,R,1,X,28,K,1,C,1,S,3,"L1:[sp=Y,119] C=2,S=3,X=28,Y=96,K=1,R=4 || L2:[sp=Y,19] Y=1,R=1,X=28,K=1,C=1,S=3",-inf,-inf,0,Y|Y,1
Y,119,C,3,S,6,X,56,Y,131,K,1,R,4,Y,19,Y,1,R,1,C,1,K,1,X,36,S,3,"L1:[sp=Y,119] C=3,S=6,X=56,Y=131,K=1,R=4 || L2:[sp=Y,19] Y=1,R=1,C=1,K=1,X=36,S=3",-inf,-inf,0,Y|Y,1
Y,119,K,42,S,7,C,1,X,56,Y,96,R,4,X,7,Y,1,R,2,K,1,X,27,C,1,S,3,"L1:[sp=Y,119] K=42,S=7,C=1,X=56,Y=96,R=4 || L2:[sp=X,7] Y=1,R=2,K=1,X=27,C=1,S=3",-inf,-inf,0,Y|X,1
K,119,K,1,C,1,S,7,X,56,Y,96,R,1,X,7,Y,1,R,1,X,27,S,1,C,1,K,1,"L1:[sp=K,119] K=1,C=1,S=7,X=56,Y=96,R=1 || L2:[sp=X,7] Y=1,R=1,X=27,S=1,C=1,K=1",-inf,-inf,0,K|X,1
Y,119,K,1,S,6,C,1,X,56,Y,92,R,4,X,7,Y,1,R,3,K,1,X,36,C,1,S,3,"L1:[sp=Y,119] K=1,S=6,C=1,X=56,Y=92,R=4 || L2:[sp=X,7] Y=1,R=3,K=1,X=36,C=1,S=3",-inf,-inf,0,Y|X,1
Y,119,C,2,S,7,X,56,Y,96,K,55,R,1,Y,19,Y,1,R,1,X,27,K,1,C,1,S,1,"L1:[sp=Y,119] C=2,S=7,X=56,Y=96,K=55,R=1 || L2:[sp=Y,19] Y=1,R=1,X=27,K=1,C=1,S=1",-inf,-inf,0,Y|Y,1
C,119,R,4,S,3,C,1,Y,96,K,1,X,133,Y,19,Y,1,R,1,X,36,K,1,C,1,S,3,"L1:[sp=C,119] R=4,S=3,C=1,Y=96,K=1,X=133 || L2:[sp=Y,19] Y=1,R=1,X=36,K=1,C=1,S=3",-inf,-inf,0,C|Y,1
Y,119,K,1,S,7,C,1,Y,96,X,56,R,3,X,56,Y,86,R,1,X,36,K,1,C,1,S,1,"L1:[sp=Y,119] K=1,S=7,C=1,Y=96,X=56,R=3 || L2:[sp=X,56] Y=86,R=1,X=36,K=1,C=1,S=1",-inf,-inf,0,Y|X,1
Y,119,K,21,S,6,C,1,X,56,Y,124,R,1,X,7,Y,1,R,1,K,1,X,27,C,1,S,3,"L1:[sp=Y,119] K=21,S=6,C=1,X=56,Y=124,R=1 || L2:[sp=X,7] Y=1,R=1,K=1,X=27,C=1,S=3",-inf,-inf,0,Y|X,1
Y,119,K,43,S,6,C,1,Y,96,X,56,R,4,X,56,Y,1,R,1,X,36,K,2,C,1,S,3,"L1:[sp=Y,119] K=43,S=6,C=1,Y=96,X=56,R=4 || L2:[sp=X,56] Y=1,R=1,X=36,K=2,C=1,S=3",-inf,-inf,0,Y|X,1
K,119,K,21,S,7,C,1,X,56,Y,49,R,1,X,7,Y,1,R,1,K,1,X,27,C,1,S,1,"L1:[sp=K,119] K=21,S=7,C=1,X=56,Y=49,R=1 || L2:[sp=X,7] Y=1,R=1,K=1,X=27,C=1,S=1",-inf,-inf,0,K|X,1
K,119,C,1,S,6,X,56,Y,96,K,11,R,3,Y,19,Y,1,R,1,X,52,K,1,C,1,S,3,"L1:[sp=K,119] C=1,S=6,X=56,Y=96,K=11,R=3 || L2:[sp=Y,19] Y=1,R=1,X=52,K=1,C=1,S=3",-inf,-inf,0,K|Y,1
Y,119,K,1,S,3,C,1,Y,96,X,56,R,4,Y,6,Y,76,R,1,X,36,K,1,C,1,S,3,"L1:[sp=Y,119] K=1,S=3,C=1,Y=96,X=56,R=4 || L2:[sp=Y,6] Y=76,R=1,X=36,K=1,C=1,S=3",-inf,-inf,0,Y|Y,1
C,119,R,4,S,6,C,1,Y,96,K,1,X,56,X,8,Y,23,R,1,X,36,K,1,C,1,S,3,"L1:[sp=C,119] R=4,S=6,C=1,Y=96,K=1,X=56 || L2:[sp=X,8] Y=23,R=1,X=36,K=1,C=1,S=3",-inf,-inf,0,C|X,1
Y,119,K,1,S,6,C,1,X,56,Y,96,R,4,X,7,S,3,R,2,K,1,X,36,C,1,Y,1,"L1:[sp=Y,119] K=1,S=6,C=1,X=56,Y=96,R=4 || L2:[sp=X,7] S=3,R=2,K=1,X=36,C=1,Y=1",-inf,-inf,0,Y|X,1
Y,119,K,1,C,1,S,6,X,56,Y,96,R,4,X,7,Y,1,R,2,K,1,S,2,C,1,X,27,"L1:[sp=Y,119] K=1,C=1,S=6,X=56,Y=96,R=4 || L2:[sp=X,7] Y=1,R=2,K=1,S=2,C=1,X=27",-inf,-inf,0,Y|X,1
Y,119,K,1,S,7,R,4,Y,96,X,56,C,1,X,56,Y,1,R,4,X,36,C,1,K,1,S,3,"L1:[sp=Y,119] K=1,S=7,R=4,Y=96,X=56,C=1 || L2:[sp=X,56] Y=1,R=4,X=36,C=1,K=1,S=3",-inf,-inf,0,Y|X,1
Y,119,K,1,S,7,C,1,Y,96,X,56,R,4,X,56,Y,24,R,4,X,27,K,1,C,1,S,3,"L1:[sp=Y,119] K=1,S=7,C=1,Y=96,X=56,R=4 || L2:[sp=X,56] Y=24,R=4,X=27,K=1,C=1,S=3",-inf,-inf,0,Y|X,1
K,119,K,1,S,6,C,1,X,143,Y,49,R,4,Y,1,Y,28,R,1,K,1,X,27,C,1,S,3,"L1:[sp=K,119] K=1,S=6,C=1,X=143,Y=49,R=4 || L2:[sp=Y,1] Y=28,R=1,K=1,X=27,C=1,S=3",-inf,-inf,0,K|Y,1
X,119,K,1,S,7,C,3,Y,149,X,56,R,1,Y,56,Y,1,R,1,X,36,K,1,C,1,S,1,"L1:[sp=X,119] K=1,S=7,C=3,Y=149,X=56,R=1 || L2:[sp=Y,56] Y=1,R=1,X=36,K=1,C=1,S=1",-inf,-inf,0,X|Y,1
Y,119,K,1,C,1,S,6,X,84,Y,96,R,7,X,7,Y,89,R,2,K,1,S,3,C,1,X,27,"L1:[sp=Y,119] K=1,C=1,S=6,X=84,Y=96,R=7 || L2:[sp=X,7] Y=89,R=2,K=1,S=3,C=1,X=27",-inf,-inf,0,Y|X,1
Y,119,K,36,S,7,C,1,Y,96,X,56,R,4,X,56,Y,1,R,4,X,27,K,1,C,1,S,3,"L1:[sp=Y,119] K=36,S=7,C=1,Y=96,X=56,R=4 || L2:[sp=X,56] Y=1,R=4,X=27,K=1,C=1,S=3",-inf,-inf,0,Y|X,1
K,119,K,1,C,1,S,7,X,56,Y,96,R,4,Y,1,S,3,R,1,K,1,Y,1,C,1,X,36,"L1:[sp=K,119] K=1,C=1,S=7,X=56,Y=96,R=4 || L2:[sp=Y,1] S=3,R=1,K=1,Y=1,C=1,X=36",-inf,-inf,0,K|Y,1
X,119,K,1,C,1,S,6,X,84,Y,176,R,4,Y,7,Y,1,R,2,K,1,S,1,C,1,X,27,"L1:[sp=X,119] K=1,C=1,S=6,X=84,Y=176,R=4 || L2:[sp=Y,7] Y=1,R=2,K=1,S=1,C=1,X=27",-inf,-inf,0,X|Y,1
Y,119,S,7,K,1,C,1,Y,49,X,126,R,1,Y,19,Y,1,X,27,K,1,C,1,R,1,S,1,"L1:[sp=Y,119] S=7,K=1,C=1,Y=49,X=126,R=1 || L2:[sp=Y,19] Y=1,X=27,K=1,C=1,R=1,S=1",-inf,-inf,0,Y|Y,1
Y,119,K,64,C,1,R,4,X,78,S,7,Y,96,X,7,S,3,R,4,K,1,Y,1,X,27,C,1,"L1:[sp=Y,119] K=64,C=1,R=4,X=78,S=7,Y=96 || L2:[sp=X,7] S=3,R=4,K=1,Y=1,X=27,C=1",-inf,-inf,0,Y|X,1
Y,119,K,1,S,7,C,1,Y,49,X,56,R,1,C,1,Y,43,R,1,C,1,K,1,X,27,S,1,"L1:[sp=Y,119] K=1,S=7,C=1,Y=49,X=56,R=1 || L2:[sp=C,1] Y=43,R=1,C=1,K=1,X=27,S=1",-inf,-inf,0,Y|C,1
Y,119,K,1,S,6,C,1,Y,123,X,56,R,6,X,56,Y,1,R,1,X,36,K,1,C,1,S,3,"L1:[sp=Y,119] K=1,S=6,C=1,Y=123,X=56,R=6 || L2:[sp=X,56] Y=1,R=1,X=36,K=1,C=1,S=3",-inf,-inf,0,Y|X,1
Y,119,C,1,X,56,S,6,K,26,Y,123,R,4,X,7,Y,1,R,1,K,1,S,3,C,1,X,36,"L1:[sp=Y,119] C=1,X=56,S=6,K=26,Y=123,R=4 || L2:[sp=X,7] Y=1,R=1,K=1,S=3,C=1,X=36",-inf,-inf,0,Y|X,1
Y,119,K,1,S,6,C,1,Y,96,X,56,R,5,C,1,Y,1,R,1,X,36,K,1,C,1,S,3,"L1:[sp=Y,119] K=1,S=6,C=1,Y=96,X=56,R=5 || L2:[sp=C,1] Y=1,R=1,X=36,K=1,C=1,S=3",-inf,-inf,0,Y|C,1
Y,119,K,1,S,7,C,1,Y,49,X,56,R,1,Y,19,Y,39,R,1,C,1,K,1,X,27,S,1,"L1:[sp=Y,119] K=1,S=7,C=1,Y=49,X=56,R=1 || L2:[sp=Y,19] Y=39,R=1,C=1,K=1,X=27,S=1",-inf,-inf,0,Y|Y,1
X,119,K,1,S,7,C,1,Y,96,X,56,R,4,X,56,Y,15,R,1,X,36,K,1,C,1,S,3,"L1:[sp=X,119] K=1,S=7,C=1,Y=96,X=56,R=4 || L2:[sp=X,56] Y=15,R=1,X=36,K=1,C=1,S=3",-inf,-inf,0,X|X,1
Y,119,C,1,S,6,K,1,Y,123,X,56,R,4,X,56,Y,1,R,1,X,36,K,1,C,1,S,3,"L1:[sp=Y,119] C=1,S=6,K=1,Y=123,X=56,R=4 || L2:[sp=X,56] Y=1,R=1,X=36,K=1,C=1,S=3",-inf,-inf,0,Y|X,1
Y,119,C,1,X,56,S,7,K,1,Y,96,R,4,Y,4,X,36,R,1,K,1,S,3,C,1,Y,1,"L1:[sp=Y,119] C=1,X=56,S=7,K=1,Y=96,R=4 || L2:[sp=Y,4] X=36,R=1,K=1,S=3,C=1,Y=1",-inf,-inf,0,Y|Y,1
Y,119,K,1,S,7,C,1,Y,96,X,56,R,4,Y,19,Y,1,R,1,C,1,K,1,X,36,S,3,"L1:[sp=Y,119] K=1,S=7,C=1,Y=96,X=56,R=4 || L2:[sp=Y,19] Y=1,R=1,C=1,K=1,X=36,S=3",-inf,-inf,0,Y|Y,1
Y,119,K,1,C,1,S,7,X,223,Y,96,R,4,X,7,S,3,R,4,K,1,Y,1,C,1,X,90,"L1:[sp=Y,119] K=1,C=1,S=7,X=223,Y=96,R=4 || L2:[sp=X,7] S=3,R=4,K=1,Y=1,C=1,X=90",-inf,-inf,0,Y|X,1
X,119,C,1,X,152,S,7,K,1,Y,96,R,2,Y,7,Y,10,R,1,K,1,S,3,C,1,X,36,"L1:[sp=X,119] C=1,X=152,S=7,K=1,Y=96,R=2 || L2:[sp=Y,7] Y=10,R=1,K=1,S=3,C=1,X=36",-inf,-inf,0,X|Y,1
Y,119,K,1,C,1,S,7,X,63,Y,60,R,4,X,7,S,1,R,4,K,1,Y,1,C,1,X,27,"L1:[sp=Y,119] K=1,C=1,S=7,X=63,Y=60,R=4 || L2:[sp=X,7] S=1,R=4,K=1,Y=1,C=1,X=27",-inf,-inf,0,Y|X,1
Y,119,K,1,S,7,C,1,Y,49,X,100,R,1,X,56,Y,1,R,1,X,27,K,1,C,1,S,3,"L1:[sp=Y,119] K=1,S=7,C=1,Y=49,X=100,R=1 || L2:[sp=X,56] Y=1,R=1,X=27,K=1,C=1,S=3",-inf,-inf,0,Y|X,1
Y,119,K,1,S,7,C,1,Y,131,X,100,R,1,Y,19,Y,1,R,1,C,1,K,1,X,27,S,1,"L1:[sp=Y,119] K=1,S=7,C=1,Y=131,X=100,R=1 || L2:[sp=Y,19] Y=1,R=1,C=1,K=1,X=27,S=1",-inf,-inf,0,Y|Y,1
X,119,C,1,X,56,S,7,K,51,Y,123,R,4,Y,7,Y,1,R,1,K,1,S,3,C,1,X,36,"L1:[sp=X,119] C=1,X=56,S=7,K=51,Y=123,R=4 || L2:[sp=Y,7] Y=1,R=1,K=1,S=3,C=1,X=36",-inf,-inf,0,X|Y,1
Y,119,C,1,X,152,S,7,K,1,Y,96,R,2,X,7,Y,85,R,1,K,1,S,3,C,1,X,36,"L1:[sp=Y,119] C=1,X=152,S=7,K=1,Y=96,R=2 || L2:[sp=X,7] Y=85,R=1,K=1,S=3,C=1,X=36",-inf,-inf,0,Y|X,1
X,119,K,1,C,3,S,7,X,63,Y,96,R,1,Y,7,S,1,R,1,K,1,Y,1,C,1,X,27,"L1:[sp=X,119] K=1,C=3,S=7,X=63,Y=96,R=1 || L2:[sp=Y,7] S=1,R=1,K=1,Y=1,C=1,X=27",-inf,-inf,0,X|Y,1
Y,119,K,1,S,7,C,1,Y,49,X,56,R,4,Y,19,Y,1,R,4,C,1,K,1,X,27,S,3,"L1:[sp=Y,119] K=1,S=7,C=1,Y=49,X=56,R=4 || L2:[sp=Y,19] Y=1,R=4,C=1,K=1,X=27,S=3",-inf,-inf,0,Y|Y,1
X,119,K,1,C,1,S,7,X,63,Y,133,R,4,C,7,S,3,R,4,K,1,Y,1,C,1,X,27,"L1:[sp=X,119] K=1,C=1,S=7,X=63,Y=133,R=4 || L2:[sp=C,7] S=3,R=4,K=1,Y=1,C=1,X=27",-inf,-inf,0,X|C,1
Y,119,K,1,S,7,C,1,Y,49,X,56,R,1,Y,19,Y,1,R,1,X,27,K,1,C,1,S,1,"L1:[sp=Y,119] K=1,S=7,C=1,Y=49,X=56,R=1 || L2:[sp=Y,19] Y=1,R=1,X=27,K=1,C=1,S=1",-inf,-inf,0,Y|Y,1
Y,119,K,1,C,1,S,5,X,56,Y,96,R,1,C,1,S,1,R,1,K,1,X,27,C,1,Y,8,"L1:[sp=Y,119] K=1,C=1,S=5,X=56,Y=96,R=1 || L2:[sp=C,1] S=1,R=1,K=1,X=27,C=1,Y=8",-inf,-inf,0,Y|C,1
Y,119,K,1,S,7,C,1,Y,96,X,152,R,2,Y,19,Y,40,R,1,C,1,K,1,X,36,S,3,"L1:[sp=Y,119] K=1,S=7,C=1,Y=96,X=152,R=2 || L2:[sp=Y,19] Y=40,R=1,C=1,K=1,X=36,S=3",-inf,-inf,0,Y|Y,1
Y,119,C,1,X,152,S,5,K,1,Y,123,R,7,X,7,Y,1,K,1,R,1,S,3,C,1,X,36,"L1:[sp=Y,119] C=1,X=152,S=5,K=1,Y=123,R=7 || L2:[sp=X,7] Y=1,K=1,R=1,S=3,C=1,X=36",-inf,-inf,0,Y|X,1
X,119,C,2,X,56,S,7,K,1,Y,96,R,4,Y,7,Y,1,R,1,K,1,S,3,C,1,X,36,"L1:[sp=X,119] C=2,X=56,S=7,K=1,Y=96,R=4 || L2:[sp=Y,7] Y=1,R=1,K=1,S=3,C=1,X=36",-inf,-inf,0,X|Y,1
Y,119,R,7,X,56,C,1,Y,49,S,3,K,35,Y,19,Y,1,R,1,C,1,K,26,X,27,S,2,"L1:[sp=Y,119] R=7,X=56,C=1,Y=49,S=3,K=35 || L2:[sp=Y,19] Y=1,R=1,C=1,K=26,X=27,S=2",-inf,-inf,0,Y|Y,1
Y,119,K,1,S,7,X,63,Y,49,C,1,R,4,C,1,Y,1,R,4,C,1,K,1,X,27,S,1,"L1:[sp=Y,119] K=1,S=7,X=63,Y=49,C=1,R=4 || L2:[sp=C,1] Y=1,R=4,C=1,K=1,X=27,S=1",-inf,-inf,0,Y|C,1
Y,119,K,1,S,2,X,127,Y,49,C,1,R,7,Y,19,Y,1,R,1,C,1,K,1,X,27,S,1,"L1:[sp=Y,119] K=1,S=2,X=127,Y=49,C=1,R=7 || L2:[sp=Y,19] Y=1,R=1,C=1,K=1,X=27,S=1",-inf,-inf,0,Y|Y,1
Y,119,R,6,X,63,C,1,Y,49,S,3,K,1,Y,19,Y,1,R,4,C,1,K,1,X,27,S,2,"L1:[sp=Y,119] R=6,X=63,C=1,Y=49,S=3,K=1 || L2:[sp=Y,19] Y=1,R=4,C=1,K=1,X=27,S=2",-inf,-inf,0,Y|Y,1
Y,119,K,1,S,7,X,56,Y,49,C,1,R,1,Y,19,Y,1,X,27,C,1,K,1,R,1,S,1,"L1:[sp=Y,119] K=1,S=7,X=56,Y=49,C=1,R=1 || L2:[sp=Y,19] Y=1,X=27,C=1,K=1,R=1,S=1",-inf,-inf,0,Y|Y,1
X,119,K,1,X,63,S,3,C,1,Y,93,R,4,Y,7,Y,1,R,4,K,1,S,3,C,1,X,27,"L1:[sp=X,119] K=1,X=63,S=3,C=1,Y=93,R=4 || L2:[sp=Y,7] Y=1,R=4,K=1,S=3,C=1,X=27",-inf,-inf,0,X|Y,1
X,119,K,1,S,3,C,1,Y,49,X,56,R,1,K,1,Y,2,R,1,X,27,K,1,C,1,S,3,"L1:[sp=X,119] K=1,S=3,C=1,Y=49,X=56,R=1 || L2:[sp=K,1] Y=2,R=1,X=27,K=1,C=1,S=3",-inf,-inf,0,X|K,1
Y,119,K,1,S,7,X,63,Y,49,C,1,R,7,Y,19,Y,1,R,4,K,1,C,1,X,27,S,1,"L1:[sp=Y,119] K=1,S=7,X=63,Y=49,C=1,R=7 || L2:[sp=Y,19] Y=1,R=4,K=1,C=1,X=27,S=1",-inf,-inf,0,Y|Y,1
Y,119,K,1,S,3,C,1,Y,49,X,56,R,4,K,56,Y,1,R,4,X,27,K,1,C,1,S,3,"L1:[sp=Y,119] K=1,S=3,C=1,Y=49,X=56,R=4 || L2:[sp=K,56] Y=1,R=4,X=27,K=1,C=1,S=3",-inf,-inf,0,Y|K,1
Y,119,K,1,S,7,X,63,Y,49,C,2,R,1,Y,19,S,1,R,1,C,1,K,1,X,27,Y,1,"L1:[sp=Y,119] K=1,S=7,X=63,Y=49,C=2,R=1 || L2:[sp=Y,19] S=1,R=1,C=1,K=1,X=27,Y=1",-inf,-inf,0,Y|Y,1
Y,119,C,1,S,3,X,63,Y,49,K,57,R,4,Y,19,Y,1,R,4,C,1,K,1,X,27,S,3,"L1:[sp=Y,119] C=1,S=3,X=63,Y=49,K=57,R=4 || L2:[sp=Y,19] Y=1,R=4,C=1,K=1,X=27,S=3",-inf,-inf,0,Y|Y,1
X,119,K,1,S,7,C,1,Y,49,X,56,R,1,K,56,Y,1,R,1,X,27,S,5,C,1,K,1,"L1:[sp=X,119] K=1,S=7,C=1,Y=49,X=56,R=1 || L2:[sp=K,56] Y=1,R=1,X=27,S=5,C=1,K=1",-inf,-inf,0,X|K,1
Y,119,R,7,X,56,C,1,Y,49,S,7,K,1,Y,19,Y,1,R,7,C,1,K,1,X,27,S,1,"L1:[sp=Y,119] R=7,X=56,C=1,Y=49,S=7,K=1 || L2:[sp=Y,19] Y=1,R=7,C=1,K=1,X=27,S=1",-inf,-inf,0,Y|Y,1
C,119,K,1,S,7,C,1,Y,108,X,56,R,1,K,56,Y,1,R,1,X,27,K,1,C,1,S,1,"L1:[sp=C,119] K=1,S=7,C=1,Y=108,X=56,R=1 || L2:[sp=K,56] Y=1,R=1,X=27,K=1,C=1,S=1",-inf,-inf,0,C|K,1
Y,119,K,1,S,7,X,56,Y,49,C,1,R,7,X,56,C,1,R,2,Y,1,K,1,X,27,S,1,"L1:[sp=Y,119] K=1,S=7,X=56,Y=49,C=1,R=7 || L2:[sp=X,56] C=1,R=2,Y=1,K=1,X=27,S=1",-inf,-inf,0,Y|X,1
Y,119,R,4,X,63,C,1,Y,49,S,3,K,1,Y,19,Y,1,C,1,R,4,K,1,X,27,S,3,"L1:[sp=Y,119] R=4,X=63,C=1,Y=49,S=3,K=1 || L2:[sp=Y,19] Y=1,C=1,R=4,K=1,X=27,S=3",-inf,-inf,0,Y|Y,1
K,119,S,7,X,56,K,1,C,1,Y,49,R,1,X,1,Y,1,R,1,K,1,S,1,C,1,X,27,"L1:[sp=K,119] S=7,X=56,K=1,C=1,Y=49,R=1 || L2:[sp=X,1] Y=1,R=1,K=1,S=1,C=1,X=27",-inf,-inf,0,K|X,1
Y,119,R,7,X,56,C,1,Y,49,S,7,K,1,Y,19,Y,1,R,1,C,1,K,1,X,27,S,4,"L1:[sp=Y,119] R=7,X=56,C=1,Y=49,S=7,K=1 || L2:[sp=Y,19] Y=1,R=1,C=1,K=1,X=27,S=4",-inf,-inf,0,Y|Y,1
Y,119,R,1,X,221,C,1,Y,49,S,7,K,1,X,8,Y,28,R,1,C,1,K,1,X,27,S,1,"L1:[sp=Y,119] R=1,X=221,C=1,Y=49,S=7,K=1 || L2:[sp=X,8] Y=28,R=1,C=1,K=1,X=27,S=1",-inf,-inf,0,Y|X,1
X,119,K,1,S,7,C,1,Y,49,X,56,R,1,X,14,Y,1,R,1,X,27,K,1,C,1,S,1,"L1:[sp=X,119] K=1,S=7,C=1,Y=49,X=56,R=1 || L2:[sp=X,14] Y=1,R=1,X=27,K=1,C=1,S=1",-inf,-inf,0,X|X,1
X,119,S,7,X,221,K,1,C,1,Y,49,R,1,Y,7,X,27,R,1,K,1,S,1,Y,1,C,1,"L1:[sp=X,119] S=7,X=221,K=1,C=1,Y=49,R=1 || L2:[sp=Y,7] X=27,R=1,K=1,S=1,Y=1,C=1",-inf,-inf,0,X|Y,1
X,119,K,1,S,7,C,1,Y,49,X,56,R,7,K,56,Y,1,R,1,X,27,K,1,C,1,S,4,"L1:[sp=X,119] K=1,S=7,C=1,Y=49,X=56,R=7 || L2:[sp=K,56] Y=1,R=1,X=27,K=1,C=1,S=4",-inf,-inf,0,X|K,1
X,119,K,1,S,7,C,1,Y,211,X,221,R,7,K,56,Y,12,R,1,X,27,K,1,C,1,S,4,"L1:[sp=X,119] K=1,S=7,C=1,Y=211,X=221,R=7 || L2:[sp=K,56] Y=12,R=1,X=27,K=1,C=1,S=4",-inf,-inf,0,X|K,1
C,119,S,7,X,77,K,1,C,1,Y,49,R,7,Y,7,Y,1,R,5,K,1,S,4,C,1,X,27,"L1:[sp=C,119] S=7,X=77,K=1,C=1,Y=49,R=7 || L2:[sp=Y,7] Y=1,R=5,K=1,S=4,C=1,X=27",-inf,-inf,0,C|Y,1
X,119,K,1,S,7,C,1,Y,106,X,221,R,1,K,56,Y,42,R,1,X,27,K,1,C,1,S,1,"L1:[sp=X,119] K=1,S=7,C=1,Y=106,X=221,R=1 || L2:[sp=K,56] Y=42,R=1,X=27,K=1,C=1,S=1",-inf,-inf,0,X|K,1
Y,119,R,1,X,56,Y,49,C,1,S,7,K,1,Y,19,Y,1,R,1,C,1,K,1,X,27,S,1,"L1:[sp=Y,119] R=1,X=56,Y=49,C=1,S=7,K=1 || L2:[sp=Y,19] Y=1,R=1,C=1,K=1,X=27,S=1",-inf,-inf,0,Y|Y,1
X,119,K,1,S,7,C,1,Y,49,X,221,R,1,K,56,Y,1,R,1,X,27,K,1,C,1,S,6,"L1:[sp=X,119] K=1,S=7,C=1,Y=49,X=221,R=1 || L2:[sp=K,56] Y=1,R=1,X=27,K=1,C=1,S=6",-inf,-inf,0,X|K,1
X,119,S,7,X,56,K,1,C,1,Y,49,R,7,Y,49,Y,1,R,5,K,1,S,4,C,1,X,27,"L1:[sp=X,119] S=7,X=56,K=1,C=1,Y=49,R=7 || L2:[sp=Y,49] Y=1,R=5,K=1,S=4,C=1,X=27",-inf,-inf,0,X|Y,1
Y,119,S,7,X,56,K,1,C,1,R,7,Y,49,Y,7,Y,1,R,1,K,1,S,7,C,1,X,27,"L1:[sp=Y,119] S=7,X=56,K=1,C=1,R=7,Y=49 || L2:[sp=Y,7] Y=1,R=1,K=1,S=7,C=1,X=27",-inf,-inf,0,Y|Y,1
K,119,K,1,S,1,C,1,X,188,Y,49,R,1,X,56,Y,1,R,1,X,27,K,1,C,1,S,1,"L1:[sp=K,119] K=1,S=1,C=1,X=188,Y=49,R=1 || L2:[sp=X,56] Y=1,R=1,X=27,K=1,C=1,S=1",-inf,-inf,0,K|X,1
K,119,K,13,S,7,C,1,Y,49,X,56,R,1,X,56,Y,1,R,1,X,27,K,1,C,1,S,1,"L1:[sp=K,119] K=13,S=7,C=1,Y=49,X=56,R=1 || L2:[sp=X,56] Y=1,R=1,X=27,K=1,C=1,S=1",-inf,-inf,0,K|X,1
K,119,R,6,X,188,C,1,Y,49,K,1,S,7,Y,19,Y,1,R,1,C,1,K,1,X,27,S,1,"L1:[sp=K,119] R=6,X=188,C=1,Y=49,K=1,S=7 || L2:[sp=Y,19] Y=1,R=1,C=1,K=1,X=27,S=1",-inf,-inf,0,K|Y,1
Y,119,S,7,X,56,K,36,C,3,R,1,Y,49,Y,7,Y,1,R,1,K,1,S,1,C,1,X,27,"L1:[sp=Y,119] S=7,X=56,K=36,C=3,R=1,Y=49 || L2:[sp=Y,7] Y=1,R=1,K=1,S=1,C=1,X=27",-inf,-inf,0,Y|Y,1
K,119,R,7,X,56,C,1,Y,49,S,7,K,1,Y,19,Y,1,R,1,C,1,K,1,X,27,S,4,"L1:[sp=K,119] R=7,X=56,C=1,Y=49,S=7,K=1 || L2:[sp=Y,19] Y=1,R=1,C=1,K=1,X=27,S=4",-inf,-inf,0,K|Y,1
K,119,R,7,X,56,C,1,Y,49,S,7,K,1,Y,19,Y,1,R,1,C,1,K,1,X,27,S,2,"L1:[sp=K,119] R=7,X=56,C=1,Y=49,S=7,K=1 || L2:[sp=Y,19] Y=1,R=1,C=1,K=1,X=27,S=2",-inf,-inf,0,K|Y,1
K,119,K,1,R,1,C,1,Y,90,X,188,S,1,X,4,Y,1,R,1,X,27,K,1,C,1,S,1,"L1:[sp=K,119] K=1,R=1,C=1,Y=90,X=188,S=1 || L2:[sp=X,4] Y=1,R=1,X=27,K=1,C=1,S=1",-inf,-inf,0,K|X,1
K,119,K,1,S,7,C,3,Y,49,R,1,X,221,C,56,Y,1,R,1,X,27,K,1,C,1,S,1,"L1:[sp=K,119] K=1,S=7,C=3,Y=49,R=1,X=221 || L2:[sp=C,56] Y=1,R=1,X=27,K=1,C=1,S=1",-inf,-inf,0,K|C,1
Y,119,S,3,X,56,K,1,C,1,R,1,Y,209,Y,7,Y,1,R,1,K,1,S,1,C,1,X,27,"L1:[sp=Y,119] S=3,X=56,K=1,C=1,R=1,Y=209 || L2:[sp=Y,7] Y=1,R=1,K=1,S=1,C=1,X=27",-inf,-inf,0,Y|Y,1
Y,119,S,7,X,56,K,1,C,1,R,2,Y,49,Y,7,Y,1,R,1,K,1,S,4,C,1,X,27,"L1:[sp=Y,119] S=7,X=56,K=1,C=1,R=2,Y=49 || L2:[sp=Y,7] Y=1,R=1,K=1,S=4,C=1,X=27",-inf,-inf,0,Y|Y,1
X,119,K,1,S,7,C,1,X,56,R,7,Y,49,C,56,Y,22,R,1,X,27,K,1,C,1,S,4,"L1:[sp=X,119] K=1,S=7,C=1,X=56,R=7,Y=49 || L2:[sp=C,56] Y=22,R=1,X=27,K=1,C=1,S=4",-inf,-inf,0,X|C,1
Y,119,R,1,X,56,C,1,Y,92,S,7,K,1,K,19,Y,1,R,1,C,1,K,1,X,48,S,7,"L1:[sp=Y,119] R=1,X=56,C=1,Y=92,S=7,K=1 || L2:[sp=K,19] Y=1,R=1,C=1,K=1,X=48,S=7",-inf,-inf,0,Y|K,1
X,119,S,7,R,7,C,1,X,56,Y,33,K,1,Y,7,X,27,R,1,K,1,S,4,C,1,Y,1,"L1:[sp=X,119] S=7,R=7,C=1,X=56,Y=33,K=1 || L2:[sp=Y,7] X=27,R=1,K=1,S=4,C=1,Y=1",-inf,-inf,0,X|Y,1
K,119,R,1,X,188,S,7,Y,49,C,1,K,1,Y,19,Y,1,R,1,C,1,K,1,X,27,S,1,"L1:[sp=K,119] R=1,X=188,S=7,Y=49,C=1,K=1 || L2:[sp=Y,19] Y=1,R=1,C=1,K=1,X=27,S=1",-inf,-inf,0,K|Y,1
K,119,K,1,S,7,X,56,Y,49,C,1,R,7,X,56,Y,1,R,1,X,39,K,1,C,1,S,3,"L1:[sp=K,119] K=1,S=7,X=56,Y=49,C=1,R=7 || L2:[sp=X,56] Y=1,R=1,X=39,K=1,C=1,S=3",-inf,-inf,0,K|X,1
K,119,R,1,X,56,C,1,Y,49,S,7,K,1,Y,19,Y,1,R,1,C,1,K,1,X,7,S,1,"L1:[sp=K,119] R=1,X=56,C=1,Y=49,S=7,K=1 || L2:[sp=Y,19] Y=1,R=1,C=1,K=1,X=7,S=1",-inf,-inf,0,K|Y,1
K,119,R,1,X,203,S,7,Y,49,C,1,K,1,Y,19,Y,1,R,1,C,1,K,1,X,27,S,1,"L1:[sp=K,119] R=1,X=203,S=7,Y=49,C=1,K=1 || L2:[sp=Y,19] Y=1,R=1,C=1,K=1,X=27,S=1",-inf,-inf,0,K|Y,1
X,119,S,7,R,3,K,25,C,1,Y,49,X,56,Y,7,Y,43,R,1,K,1,S,1,C,1,X,9,"L1:[sp=X,119] S=7,R=3,K=25,C=1,Y=49,X=56 || L2:[sp=Y,7] Y=43,R=1,K=1,S=1,C=1,X=9",-inf,-inf,0,X|Y,1
K,119,R,1,X,56,C,1,Y,49,S,1,K,1,Y,19,Y,1,R,1,C,1,K,1,X,27,S,1,"L1:[sp=K,119] R=1,X=56,C=1,Y=49,S=1,K=1 || L2:[sp=Y,19] Y=1,R=1,C=1,K=1,X=27,S=1",-inf,-inf,0,K|Y,1
K,119,K,60,S,7,X,56,Y,49,C,1,R,1,X,56,Y,1,R,1,X,27,K,1,C,1,S,1,"L1:[sp=K,119] K=60,S=7,X=56,Y=49,C=1,R=1 || L2:[sp=X,56] Y=1,R=1,X=27,K=1,C=1,S=1",-inf,-inf,0,K|X,1
K,119,S,7,X,188,C,1,Y,49,R,1,K,1,Y,19,Y,1,R,1,C,1,K,1,X,27,S,1,"L1:[sp=K,119] S=7,X=188,C=1,Y=49,R=1,K=1 || L2:[sp=Y,19] Y=1,R=1,C=1,K=1,X=27,S=1",-inf,-inf,0,K|Y,1
Y,119,R,1,X,56,S,7,Y,49,C,1,K,23,K,19,Y,1,R,1,C,1,K,1,X,27,S,1,"L1:[sp=Y,119] R=1,X=56,S=7,Y=49,C=1,K=23 || L2:[sp=K,19] Y=1,R=1,C=1,K=1,X=27,S=1",-inf,-inf,0,Y|K,1
K,119,R,7,X,199,S,7,Y,49,C,1,K,1,Y,19,Y,47,R,1,S,4,K,1,X,27,C,1,"L1:[sp=K,119] R=7,X=199,S=7,Y=49,C=1,K=1 || L2:[sp=Y,19] Y=47,R=1,S=4,K=1,X=27,C=1",-inf,-inf,0,K|Y,1
C,119,C,1,X,56,R,1,Y,49,S,7,K,1,Y,19,Y,42,R,1,C,1,K,1,X,7,S,4,"L1:[sp=C,119] C=1,X=56,R=1,Y=49,S=7,K=1 || L2:[sp=Y,19] Y=42,R=1,C=1,K=1,X=7,S=4",-inf,-inf,0,C|Y,1
K,119,K,1,S,7,R,1,Y,49,C,1,X,217,X,56,Y,1,R,1,K,1,X,27,C,1,S,4,"L1:[sp=K,119] K=1,S=7,R=1,Y=49,C=1,X=217 || L2:[sp=X,56] Y=1,R=1,K=1,X=27,C=1,S=4",-inf,-inf,0,K|X,1
C,119,K,1,S,7,X,41,Y,49,C,1,R,1,C,1,X,27,R,1,Y,1,K,1,C,1,S,1,"L1:[sp=C,119] K=1,S=7,X=41,Y=49,C=1,R=1 || L2:[sp=C,1] X=27,R=1,Y=1,K=1,C=1,S=1",-inf,-inf,0,C|C,1
K,119,K,7,C,1,R,1,Y,49,S,7,X,195,X,56,Y,1,R,1,X,27,K,1,C,1,S,1,"L1:[sp=K,119] K=7,C=1,R=1,Y=49,S=7,X=195 || L2:[sp=X,56] Y=1,R=1,X=27,K=1,C=1,S=1",-inf,-inf,0,K|X,1
X,119,R,1,X,56,C,1,Y,49,S,7,K,1,Y,19,Y,23,R,1,C,1,K,1,X,27,S,1,"L1:[sp=X,119] R=1,X=56,C=1,Y=49,S=7,K=1 || L2:[sp=Y,19] Y=23,R=1,C=1,K=1,X=27,S=1",-inf,-inf,0,X|Y,1
C,119,C,1,X,56,R,1,Y,49,S,7,K,1,Y,19,Y,1,R,1,C,1,K,1,X,7,S,4,"L1:[sp=C,119] C=1,X=56,R=1,Y=49,S=7,K=1 || L2:[sp=Y,19] Y=1,R=1,C=1,K=1,X=7,S=4",-inf,-inf,0,C|Y,1
Y,119,R,7,X,56,S,7,Y,49,C,1,K,1,Y,49,Y,1,X,26,C,1,K,1,R,1,S,1,"L1:[sp=Y,119] R=7,X=56,S=7,Y=49,C=1,K=1 || L2:[sp=Y,49] Y=1,X=26,C=1,K=1,R=1,S=1",-inf,-inf,0,Y|Y,1
K,119,K,1,S,7,R,7,Y,49,C,1,X,76,X,56,C,1,R,1,X,27,K,1,Y,17,S,4,"L1:[sp=K,119] K=1,S=7,R=7,Y=49,C=1,X=76 || L2:[sp=X,56] C=1,R=1,X=27,K=1,Y=17,S=4",-inf,-inf,0,K|X,1
C,119,K,1,S,7,X,78,Y,49,C,1,R,6,X,56,X,27,R,1,Y,1,K,1,C,1,S,1,"L1:[sp=C,119] K=1,S=7,X=78,Y=49,C=1,R=6 || L2:[sp=X,56] X=27,R=1,Y=1,K=1,C=1,S=1",-inf,-inf,0,C|X,1
Y,119,R,1,X,217,S,6,Y,49,C,1,K,1,K,19,Y,1,X,27,C,1,K,1,R,1,S,1,"L1:[sp=Y,119] R=1,X=217,S=6,Y=49,C=1,K=1 || L2:[sp=K,19] Y=1,X=27,C=1,K=1,R=1,S=1",-inf,-inf,0,Y|K,1
X,119,K,1,S,7,X,56,Y,49,C,1,R,7,K,1,C,1,R,7,X,26,K,1,Y,1,S,4,"L1:[sp=X,119] K=1,S=7,X=56,Y=49,C=1,R=7 || L2:[sp=K,1] C=1,R=7,X=26,K=1,Y=1,S=4",-inf,-inf,0,X|K,1
C,119,K,1,S,7,X,56,Y,49,C,1,R,7,X,56,X,27,R,7,Y,1,K,1,C,1,S,4,"L1:[sp=C,119] K=1,S=7,X=56,Y=49,C=1,R=7 || L2:[sp=X,56] X=27,R=7,Y=1,K=1,C=1,S=4",-inf,-inf,0,C|X,1
X,119,K,28,S,7,X,56,Y,49,R,7,C,2,X,14,Y,1,R,1,X,27,K,1,C,1,S,1,"L1:[sp=X,119] K=28,S=7,X=56,Y=49,R=7,C=2 || L2:[sp=X,14] Y=1,R=1,X=27,K=1,C=1,S=1",-inf,-inf,0,X|X,1
C,119,S,7,R,1,X,217,Y,21,C,1,K,1,X,56,X,27,R,1,Y,11,K,1,C,1,S,1,"L1:[sp=C,119] S=7,R=1,X=217,Y=21,C=1,K=1 || L2:[sp=X,56] X=27,R=1,Y=11,K=1,C=1,S=1",-inf,-inf,0,C|X,1
C,119,C,1,X,56,R,1,Y,142,S,7,K,1,X,7,Y,1,R,1,C,1,K,1,X,22,S,1,"L1:[sp=C,119] C=1,X=56,R=1,Y=142,S=7,K=1 || L2:[sp=X,7] Y=1,R=1,C=1,K=1,X=22,S=1",-inf,-inf,0,C|X,1
C,119,R,6,S,7,X,217,Y,90,C,1,K,1,X,56,X,27,R,1,Y,1,K,1,C,1,S,2,"L1:[sp=C,119] R=6,S=7,X=217,Y=90,C=1,K=1 || L2:[sp=X,56] X=27,R=1,Y=1,K=1,C=1,S=2",-inf,-inf,0,C|X,1
C,119,R,7,S,2,X,56,Y,49,C,2,K,1,X,56,X,15,R,1,Y,1,K,1,C,1,S,1,"L1:[sp=C,119] R=7,S=2,X=56,Y=49,C=2,K=1 || L2:[sp=X,56] X=15,R=1,Y=1,K=1,C=1,S=1",-inf,-inf,0,C|X,1
C,119,R,1,S,7,X,56,Y,49,C,3,K,1,X,56,X,46,R,1,Y,1,K,1,C,1,S,1,"L1:[sp=C,119] R=1,S=7,X=56,Y=49,C=3,K=1 || L2:[sp=X,56] X=46,R=1,Y=1,K=1,C=1,S=1",-inf,-inf,0,C|X,1
C,119,C,2,X,56,R,7,Y,49,S,7,K,1,X,7,Y,1,R,1,C,1,K,1,X,27,S,1,"L1:[sp=C,119] C=2,X=56,R=7,Y=49,S=7,K=1 || L2:[sp=X,7] Y=1,R=1,C=1,K=1,X=27,S=1",-inf,-inf,0,C|X,1
X,119,K,57,S,7,X,56,Y,18,R,7,C,1,X,14,Y,1,R,1,X,27,K,1,C,1,S,1,"L1:[sp=X,119] K=57,S=7,X=56,Y=18,R=7,C=1 || L2:[sp=X,14] Y=1,R=1,X=27,K=1,C=1,S=1",-inf,-inf,0,X|X,1
X,119,K,1,S,7,X,188,Y,49,C,1,R,1,X,56,Y,1,R,1,C,1,K,1,X,79,S,2,"L1:[sp=X,119] K=1,S=7,X=188,Y=49,C=1,R=1 || L2:[sp=X,56] Y=1,R=1,C=1,K=1,X=79,S=2",-inf,-inf,0,X|X,1
C,119,R,1,S,3,X,94,Y,21,C,2,K,1,X,56,X,27,R,1,Y,1,K,1,C,1,S,1,"L1:[sp=C,119] R=1,S=3,X=94,Y=21,C=2,K=1 || L2:[sp=X,56] X=27,R=1,Y=1,K=1,C=1,S=1",-inf,-inf,0,C|X,1
X,119,R,1,S,7,X,52,Y,49,C,2,K,1,X,56,X,27,R,1,Y,22,K,1,C,1,S,1,"L1:[sp=X,119] R=1,S=7,X=52,Y=49,C=2,K=1 || L2:[sp=X,56] X=27,R=1,Y=22,K=1,C=1,S=1",-inf,-inf,0,X|X,1
X,119,K,1,S,7,X,83,Y,21,R,1,C,1,X,14,Y,1,R,1,X,27,K,1,C,1,S,1,"L1:[sp=X,119] K=1,S=7,X=83,Y=21,R=1,C=1 || L2:[sp=X,14] Y=1,R=1,X=27,K=1,C=1,S=1",-inf,-inf,0,X|X,1
C,119,R,6,S,7,X,217,Y,49,C,1,K,1,X,56,X,140,R,1,Y,1,K,1,C,1,S,4,"L1:[sp=C,119] R=6,S=7,X=217,Y=49,C=1,K=1 || L2:[sp=X,56] X=140,R=1,Y=1,K=1,C=1,S=4",-inf,-inf,0,C|X,1
X,119,K,1,R,1,X,94,Y,21,S,7,C,2,X,56,Y,1,C,1,X,79,K,1,R,1,S,1,"L1:[sp=X,119] K=1,R=1,X=94,Y=21,S=7,C=2 || L2:[sp=X,56] Y=1,C=1,X=79,K=1,R=1,S=1",-inf,-inf,0,X|X,1
X,119,K,1,S,7,X,217,Y,166,R,7,C,1,X,14,Y,1,R,1,X,27,K,1,C,1,S,4,"L1:[sp=X,119] K=1,S=7,X=217,Y=166,R=7,C=1 || L2:[sp=X,14] Y=1,R=1,X=27,K=1,C=1,S=4",-inf,-inf,0,X|X,1
X,119,R,1,S,7,X,56,Y,49,C,2,K,1,X,56,X,47,R,1,Y,1,K,1,C,1,S,1,"L1:[sp=X,119] R=1,S=7,X=56,Y=49,C=2,K=1 || L2:[sp=X,56] X=47,R=1,Y=1,K=1,C=1,S=1",-inf,-inf,0,X|X,1
C,119,R,1,S,7,X,93,Y,21,C,2,K,1,X,56,X,27,R,1,Y,19,K,1,C,1,S,1,"L1:[sp=C,119] R=1,S=7,X=93,Y=21,C=2,K=1 || L2:[sp=X,56] X=27,R=1,Y=19,K=1,C=1,S=1",-inf,-inf,0,C|X,1
C,119,R,7,S,5,X,92,Y,49,C,2,K,1,X,56,X,27,R,1,Y,1,K,1,C,1,S,4,"L1:[sp=C,119] R=7,S=5,X=92,Y=49,C=2,K=1 || L2:[sp=X,56] X=27,R=1,Y=1,K=1,C=1,S=4",-inf,-inf,0,C|X,1
X,119,K,1,R,6,X,217,Y,49,S,2,C,1,X,56,Y,1,R,1,X,27,K,1,C,1,S,2,"L1:[sp=X,119] K=1,R=6,X=217,Y=49,S=2,C=1 || L2:[sp=X,56] Y=1,R=1,X=27,K=1,C=1,S=2",-inf,-inf,0,X|X,1
C,119,K,59,S,7,R,7,Y,49,C,2,X,92,X,23,X,27,Y,1,R,1,K,1,C,1,S,4,"L1:[sp=C,119] K=59,S=7,R=7,Y=49,C=2,X=92 || L2:[sp=X,23] X=27,Y=1,R=1,K=1,C=1,S=4",-inf,-inf,0,C|X,1
C,119,R,7,S,7,K,1,Y,49,C,2,X,92,X,23,X,27,Y,1,R,6,K,1,C,1,S,2,"L1:[sp=C,119] R=7,S=7,K=1,Y=49,C=2,X=92 || L2:[sp=X,23] X=27,Y=1,R=6,K=1,C=1,S=2",-inf,-inf,0,C|X,1
C,119,K,1,S,7,X,217,Y,49,C,1,R,6,Y,7,Y,10,R,2,X,27,K,1,C,1,S,4,"L1:[sp=C,119] K=1,S=7,X=217,Y=49,C=1,R=6 || L2:[sp=Y,7] Y=10,R=2,X=27,K=1,C=1,S=4",-inf,-inf,0,C|Y,1
C,119,R,1,S,7,K,1,Y,49,C,2,X,188,X,56,X,15,R,1,Y,33,K,1,C,1,S,5,"L1:[sp=C,119] R=1,S=7,K=1,Y=49,C=2,X=188 || L2:[sp=X,56] X=15,R=1,Y=33,K=1,C=1,S=5",-inf,-inf,0,C|X,1
X,119,S,7,K,1,X,94,Y,21,C,1,R,1,X,56,Y,1,C,1,X,27,K,1,R,1,S,1,"L1:[sp=X,119] S=7,K=1,X=94,Y=21,C=1,R=1 || L2:[sp=X,56] Y=1,C=1,X=27,K=1,R=1,S=1",-inf,-inf,0,X|X,1
X,119,K,1,R,6,X,217,S,7,Y,98,C,1,K,1,K,1,R,1,X,27,Y,1,C,1,S,1,"L1:[sp=X,119] K=1,R=6,X=217,S=7,Y=98,C=1 || L2:[sp=K,1] K=1,R=1,X=27,Y=1,C=1,S=1",-inf,-inf,0,X|K,1
X,119,S,3,K,1,X,217,Y,49,C,1,R,7,X,56,Y,1,C,1,X,27,K,1,R,1,S,1,"L1:[sp=X,119] S=3,K=1,X=217,Y=49,C=1,R=7 || L2:[sp=X,56] Y=1,C=1,X=27,K=1,R=1,S=1",-inf,-inf,0,X|X,1
X,119,K,1,R,1,X,62,S,7,Y,98,C,2,X,56,K,1,R,1,X,15,Y,1,C,1,S,2,"L1:[sp=X,119] K=1,R=1,X=62,S=7,Y=98,C=2 || L2:[sp=X,56] K=1,R=1,X=15,Y=1,C=1,S=2",-inf,-inf,0,X|X,1
X,119,S,7,K,49,X,94,Y,21,C,1,R,1,X,56,Y,1,C,1,X,27,K,1,R,1,S,1,"L1:[sp=X,119] S=7,K=49,X=94,Y=21,C=1,R=1 || L2:[sp=X,56] Y=1,C=1,X=27,K=1,R=1,S=1",-inf,-inf,0,X|X,1
C,119,R,1,S,7,K,1,Y,49,C,2,X,188,X,23,X,15,Y,1,K,1,R,1,C,1,S,2,"L1:[sp=C,119] R=1,S=7,K=1,Y=49,C=2,X=188 || L2:[sp=X,23] X=15,Y=1,K=1,R=1,C=1,S=2",-inf,-inf,0,C|X,1
C,119,R,6,S,7,K,1,Y,98,C,1,X,206,X,23,X,27,Y,1,K,1,R,1,C,1,S,1,"L1:[sp=C,119] R=6,S=7,K=1,Y=98,C=1,X=206 || L2:[sp=X,23] X=27,Y=1,K=1,R=1,C=1,S=1",-inf,-inf,0,C|X,1
X,119,K,1,R,6,X,217,Y,49,S,7,C,3,X,56,Y,1,R,1,X,27,K,1,C,1,S,1,"L1:[sp=X,119] K=1,R=6,X=217,Y=49,S=7,C=3 || L2:[sp=X,56] Y=1,R=1,X=27,K=1,C=1,S=1",-inf,-inf,0,X|X,1
X,119,K,1,R,6,X,217,S,6,Y,98,C,1,X,56,X,27,R,3,K,1,Y,64,C,1,S,4,"L1:[sp=X,119] K=1,R=6,X=217,S=6,Y=98,C=1 || L2:[sp=X,56] X=27,R=3,K=1,Y=64,C=1,S=4",-inf,-inf,0,X|X,1
Y,119,S,7,K,1,X,201,Y,49,C,1,R,1,X,56,Y,29,C,1,X,15,K,1,R,1,S,2,"L1:[sp=Y,119] S=7,K=1,X=201,Y=49,C=1,R=1 || L2:[sp=X,56] Y=29,C=1,X=15,K=1,R=1,S=2",-inf,-inf,0,Y|X,1
X,119,K,1,R,1,X,188,S,7,Y,67,C,1,X,56,K,1,R,1,X,15,Y,1,C,1,S,2,"L1:[sp=X,119] K=1,R=1,X=188,S=7,Y=67,C=1 || L2:[sp=X,56] K=1,R=1,X=15,Y=1,C=1,S=2",-inf,-inf,0,X|X,1
C,119,R,6,S,6,K,1,Y,49,C,1,X,217,X,23,R,1,Y,1,K,1,X,27,C,1,S,4,"L1:[sp=C,119] R=6,S=6,K=1,Y=49,C=1,X=217 || L2:[sp=X,23] R=1,Y=1,K=1,X=27,C=1,S=4",-inf,-inf,0,C|X,1
X,119,K,1,R,6,C,1,S,2,Y,222,X,217,X,56,C,1,R,6,K,1,Y,1,X,27,S,1,"L1:[sp=X,119] K=1,R=6,C=1,S=2,Y=222,X=217 || L2:[sp=X,56] C=1,R=6,K=1,Y=1,X=27,S=1",-inf,-inf,0,X|X,1
X,119,S,3,K,1,X,38,R,1,C,1,Y,45,X,56,Y,1,C,1,X,27,K,1,R,1,S,1,"L1:[sp=X,119] S=3,K=1,X=38,R=1,C=1,Y=45 || L2:[sp=X,56] Y=1,C=1,X=27,K=1,R=1,S=1",-inf,-inf,0,X|X,1
X,119,K,1,R,6,X,93,S,2,Y,21,C,2,X,56,K,1,R,1,X,27,Y,1,C,1,S,1,"L1:[sp=X,119] K=1,R=6,X=93,S=2,Y=21,C=2 || L2:[sp=X,56] K=1,R=1,X=27,Y=1,C=1,S=1",-inf,-inf,0,X|X,1
X,119,K,1,R,1,C,1,S,3,Y,222,X,217,X,56,C,1,R,1,K,1,Y,150,X,27,S,1,"L1:[sp=X,119] K=1,R=1,C=1,S=3,Y=222,X=217 || L2:[sp=X,56] C=1,R=1,K=1,Y=150,X=27,S=1",-inf,-inf,0,X|X,1
X,119,K,1,R,6,X,94,S,2,Y,152,C,2,X,56,K,1,R,1,X,27,Y,53,C,1,S,1,"L1:[sp=X,119] K=1,R=6,X=94,S=2,Y=152,C=2 || L2:[sp=X,56] K=1,R=1,X=27,Y=53,C=1,S=1",-inf,-inf,0,X|X,1
X,119,K,1,R,6,X,217,Y,49,S,6,C,1,K,1,Y,1,R,1,X,37,K,1,C,1,S,2,"L1:[sp=X,119] K=1,R=6,X=217,Y=49,S=6,C=1 || L2:[sp=K,1] Y=1,R=1,X=37,K=1,C=1,S=2",-inf,-inf,0,X|K,1
X,119,K,1,R,6,C,1,S,2,Y,200,X,217,X,56,C,1,R,1,K,1,Y,1,X,27,S,1,"L1:[sp=X,119] K=1,R=6,C=1,S=2,Y=200,X=217 || L2:[sp=X,56] C=1,R=1,K=1,Y=1,X=27,S=1",-inf,-inf,0,X|X,1
X,119,K,1,R,2,X,217,Y,49,S,6,C,1,K,1,Y,1,R,1,X,115,K,1,C,1,S,4,"L1:[sp=X,119] K=1,R=2,X=217,Y=49,S=6,C=1 || L2:[sp=K,1] Y=1,R=1,X=115,K=1,C=1,S=4",-inf,-inf,0,X|K,1
X,119,K,1,R,6,X,94,Y,21,S,2,C,2,X,56,Y,1,R,1,X,61,K,1,C,1,S,1,"L1:[sp=X,119] K=1,R=6,X=94,Y=21,S=2,C=2 || L2:[sp=X,56] Y=1,R=1,X=61,K=1,C=1,S=1",-inf,-inf,0,X|X,1
X,119,K,1,R,5,X,217,Y,45,S,7,C,1,K,1,K,1,R,1,X,27,Y,1,C,1,S,1,"L1:[sp=X,119] K=1,R=5,X=217,Y=45,S=7,C=1 || L2:[sp=K,1] K=1,R=1,X=27,Y=1,C=1,S=1",-inf,-inf,0,X|K,1
X,119,S,6,K,52,X,217,R,6,C,1,Y,49,X,56,Y,36,C,1,X,27,K,1,R,1,S,4,"L1:[sp=X,119] S=6,K=52,X=217,R=6,C=1,Y=49 || L2:[sp=X,56] Y=36,C=1,X=27,K=1,R=1,S=4",-inf,-inf,0,X|X,1
X,119,S,7,K,1,X,217,R,6,C,1,Y,45,X,8,X,27,C,1,Y,1,K,1,R,1,S,1,"L1:[sp=X,119] S=7,K=1,X=217,R=6,C=1,Y=45 || L2:[sp=X,8] X=27,C=1,Y=1,K=1,R=1,S=1",-inf,-inf,0,X|X,1
X,119,K,49,R,6,X,94,Y,190,S,7,C,1,C,1,Y,1,R,1,X,27,K,1,C,1,S,1,"L1:[sp=X,119] K=49,R=6,X=94,Y=190,S=7,C=1 || L2:[sp=C,1] Y=1,R=1,X=27,K=1,C=1,S=1",-inf,-inf,0,X|C,1
X,119,K,1,R,6,X,217,Y,21,S,6,C,2,X,56,Y,1,R,1,X,27,K,1,C,1,S,4,"L1:[sp=X,119] K=1,R=6,X=217,Y=21,S=6,C=2 || L2:[sp=X,56] Y=1,R=1,X=27,K=1,C=1,S=4",-inf,-inf,0,X|X,1
X,119,S,7,K,1,X,217,R,6,C,3,Y,90,X,56,K,1,C,1,X,27,Y,1,R,1,S,1,"L1:[sp=X,119] S=7,K=1,X=217,R=6,C=3,Y=90 || L2:[sp=X,56] K=1,C=1,X=27,Y=1,R=1,S=1",-inf,-inf,0,X|X,1
X,119,K,1,R,6,C,1,S,2,Y,222,X,217,X,56,C,1,R,1,K,1,Y,1,X,197,S,1,"L1:[sp=X,119] K=1,R=6,C=1,S=2,Y=222,X=217 || L2:[sp=X,56] C=1,R=1,K=1,Y=1,X=197,S=1",-inf,-inf,0,X|X,1
X,119,K,1,R,6,C,1,S,7,Y,210,X,217,C,1,C,1,R,1,K,1,Y,1,X,27,S,1,"L1:[sp=X,119] K=1,R=6,C=1,S=7,Y=210,X=217 || L2:[sp=C,1] C=1,R=1,K=1,Y=1,X=27,S=1",-inf,-inf,0,X|C,1
X,119,S,7,R,6,C,1,K,1,Y,222,X,217,X,56,C,1,R,1,K,1,Y,1,X,27,S,1,"L1:[sp=X,119] S=7,R=6,C=1,K=1,Y=222,X=217 || L2:[sp=X,56] C=1,R=1,K=1,Y=1,X=27,S=1",-inf,-inf,0,X|X,1
C,119,K,1,R,3,X,94,Y,21,S,7,C,2,X,56,Y,10,R,1,X,27,K,1,C,1,S,1,"L1:[sp=C,119] K=1,R=3,X=94,Y=21,S=7,C=2 || L2:[sp=X,56] Y=10,R=1,X=27,K=1,C=1,S=1",-inf,-inf,0,C|X,1
X,119,S,2,K,1,X,217,R,6,C,1,Y,90,K,1,Y,1,C,1,X,27,S,2,R,1,K,1,"L1:[sp=X,119] S=2,K=1,X=217,R=6,C=1,Y=90 || L2:[sp=K,1] Y=1,C=1,X=27,S=2,R=1,K=1",-inf,-inf,0,X|K,1
X,119,K,1,R,6,C,1,S,2,Y,222,X,217,X,56,C,1,R,6,Y,1,K,1,X,27,S,1,"L1:[sp=X,119] K=1,R=6,C=1,S=2,Y=222,X=217 || L2:[sp=X,56] C=1,R=6,Y=1,K=1,X=27,S=1",-inf,-inf,0,X|X,1
X,119,K,1,R,1,C,1,S,7,Y,222,X,217,C,1,C,1,R,1,K,1,Y,1,X,27,S,1,"L1:[sp=X,119] K=1,R=1,C=1,S=7,Y=222,X=217 || L2:[sp=C,1] C=1,R=1,K=1,Y=1,X=27,S=1",-inf,-inf,0,X|C,1
X,119,K,1,R,6,X,94,Y,21,S,2,C,2,C,56,Y,1,R,5,X,27,K,1,C,1,S,2,"L1:[sp=X,119] K=1,R=6,X=94,Y=21,S=2,C=2 || L2:[sp=C,56] Y=1,R=5,X=27,K=1,C=1,S=2",-inf,-inf,0,X|C,1
X,119,C,1,K,1,X,217,R,6,S,7,Y,90,X,56,Y,1,C,1,X,213,K,1,R,1,S,4,"L1:[sp=X,119] C=1,K=1,X=217,R=6,S=7,Y=90 || L2:[sp=X,56] Y=1,C=1,X=213,K=1,R=1,S=4",-inf,-inf,0,X|X,1
X,119,K,1,R,1,S,7,C,1,Y,222,X,217,X,56,C,1,R,1,K,1,Y,1,X,27,S,1,"L1:[sp=X,119] K=1,R=1,S=7,C=1,Y=222,X=217 || L2:[sp=X,56] C=1,R=1,K=1,Y=1,X=27,S=1",-inf,-inf,0,X|X,1
X,119,K,1,R,6,C,1,S,7,Y,222,X,217,X,56,C,1,R,1,K,1,Y,1,X,27,S,3,"L1:[sp=X,119] K=1,R=6,C=1,S=7,Y=222,X=217 || L2:[sp=X,56] C=1,R=1,K=1,Y=1,X=27,S=3",-inf,-inf,0,X|X,1
X,119,K,1,R,6,C,1,S,7,Y,222,X,86,X,56,C,1,R,4,K,1,Y,1,X,27,S,1,"L1:[sp=X,119] K=1,R=6,C=1,S=7,Y=222,X=86 || L2:[sp=X,56] C=1,R=4,K=1,Y=1,X=27,S=1",-inf,-inf,0,X|X,1
X,119,K,1,R,6,C,1,S,2,Y,222,X,217,X,1,C,1,R,1,K,1,Y,1,X,141,S,1,"L1:[sp=X,119] K=1,R=6,C=1,S=2,Y=222,X=217 || L2:[sp=X,1] C=1,R=1,K=1,Y=1,X=141,S=1",-inf,-inf,0,X|X,1
X,119,K,1,R,6,C,3,S,7,Y,222,X,217,X,56,C,1,R,4,K,1,Y,124,X,27,S,1,"L1:[sp=X,119] K=1,R=6,C=3,S=7,Y=222,X=217 || L2:[sp=X,56] C=1,R=4,K=1,Y=124,X=27,S=1",-inf,-inf,0,X|X,1
K,119,X,217,K,1,S,2,R,3,C,1,Y,90,X,1,Y,1,C,1,X,27,S,1,R,1,K,1,"L1:[sp=K,119] X=217,K=1,S=2,R=3,C=1,Y=90 || L2:[sp=X,1] Y=1,C=1,X=27,S=1,R=1,K=1",-inf,-inf,0,K|X,1
X,119,K,1,R,6,C,3,S,7,Y,222,X,217,X,56,C,1,R,4,K,1,Y,101,X,27,S,1,"L1:[sp=X,119] K=1,R=6,C=3,S=7,Y=222,X=217 || L2:[sp=X,56] C=1,R=4,K=1,Y=101,X=27,S=1",-inf,-inf,0,X|X,1
K,119,S,7,K,52,X,217,R,6,C,1,Y,90,X,56,Y,1,C,1,X,27,K,1,S,1,R,1,"L1:[sp=K,119] S=7,K=52,X=217,R=6,C=1,Y=90 || L2:[sp=X,56] Y=1,C=1,X=27,K=1,S=1,R=1",-inf,-inf,0,K|X,1
X,119,K,1,R,6,C,1,S,7,Y,222,X,199,X,56,C,1,R,4,K,1,Y,1,X,27,S,2,"L1:[sp=X,119] K=1,R=6,C=1,S=7,Y=222,X=199 || L2:[sp=X,56] C=1,R=4,K=1,Y=1,X=27,S=2",-inf,-inf,0,X|X,1
X,119,K,1,R,6,C,1,X,217,Y,222,S,7,X,56,C,1,R,1,K,1,Y,1,X,134,S,2,"L1:[sp=X,119] K=1,R=6,C=1,X=217,Y=222,S=7 || L2:[sp=X,56] C=1,R=1,K=1,Y=1,X=134,S=2",-inf,-inf,0,X|X,1
X,119,S,7,K,1,X,217,R,6,C,1,Y,90,X,56,Y,1,C,1,K,1,X,27,R,1,S,2,"L1:[sp=X,119] S=7,K=1,X=217,R=6,C=1,Y=90 || L2:[sp=X,56] Y=1,C=1,K=1,X=27,R=1,S=2",-inf,-inf,0,X|X,1
X,119,S,7,K,1,X,217,R,6,C,1,Y,222,X,56,Y,1,K,1,X,27,C,1,R,1,S,1,"L1:[sp=X,119] S=7,K=1,X=217,R=6,C=1,Y=222 || L2:[sp=X,56] Y=1,K=1,X=27,C=1,R=1,S=1",-inf,-inf,0,X|X,1
C,119,X,217,R,3,S,2,K,1,C,1,Y,90,X,1,Y,1,C,1,X,27,S,1,R,3,K,1,"L1:[sp=C,119] X=217,R=3,S=2,K=1,C=1,Y=90 || L2:[sp=X,1] Y=1,C=1,X=27,S=1,R=3,K=1",-inf,-inf,0,C|X,1
X,119,K,18,R,6,C,1,S,7,Y,222,X,217,X,56,C,1,R,1,K,1,Y,1,X,214,S,1,"L1:[sp=X,119] K=18,R=6,C=1,S=7,Y=222,X=217 || L2:[sp=X,56] C=1,R=1,K=1,Y=1,X=214,S=1",-inf,-inf,0,X|X,1
X,119,K,1,R,6,C,1,S,2,Y,222,X,217,X,56,C,1,R,1,K,1,Y,1,X,38,S,1,"L1:[sp=X,119] K=1,R=6,C=1,S=2,Y=222,X=217 || L2:[sp=X,56] C=1,R=1,K=1,Y=1,X=38,S=1",-inf,-inf,0,X|X,1
X,119,X,217,K,1,S,2,R,3,C,1,Y,90,X,12,Y,1,C,1,X,27,S,1,R,1,K,1,"L1:[sp=X,119] X=217,K=1,S=2,R=3,C=1,Y=90 || L2:[sp=X,12] Y=1,C=1,X=27,S=1,R=1,K=1",-inf,-inf,0,X|X,1
K,119,S,4,K,1,X,217,R,6,Y,90,C,1,X,56,Y,1,C,1,X,27,K,1,R,1,S,1,"L1:[sp=K,119] S=4,K=1,X=217,R=6,Y=90,C=1 || L2:[sp=X,56] Y=1,C=1,X=27,K=1,R=1,S=1",-inf,-inf,0,K|X,1
X,119,K,1,R,6,C,3,S,7,Y,222,X,217,X,56,C,1,R,4,K,1,Y,222,X,27,S,2,"L1:[sp=X,119] K=1,R=6,C=3,S=7,Y=222,X=217 || L2:[sp=X,56] C=1,R=4,K=1,Y=222,X=27,S=2",-inf,-inf,0,X|X,1
X,119,K,16,R,3,C,1,S,2,Y,222,X,217,X,56,C,1,R,1,K,1,Y,1,X,27,S,1,"L1:[sp=X,119] K=16,R=3,C=1,S=2,Y=222,X=217 || L2:[sp=X,56] C=1,R=1,K=1,Y=1,X=27,S=1",-inf,-inf,0,X|X,1
K,119,X,217,K,1,S,7,R,6,C,2,Y,90,C,1,Y,1,C,1,X,27,S,1,R,4,K,1,"L1:[sp=K,119] X=217,K=1,S=7,R=6,C=2,Y=90 || L2:[sp=C,1] Y=1,C=1,X=27,S=1,R=4,K=1",-inf,-inf,0,K|C,1
X,119,K,1,R,6,C,3,S,1,Y,222,X,217,X,56,C,1,R,1,K,1,Y,1,X,27,S,1,"L1:[sp=X,119] K=1,R=6,C=3,S=1,Y=222,X=217 || L2:[sp=X,56] C=1,R=1,K=1,Y=1,X=27,S=1",-inf,-inf,0,X|X,1
Y,119,K,1,R,4,C,1,S,7,Y,90,X,23,X,56,C,1,R,1,K,1,Y,1,X,23,S,4,"L1:[sp=Y,119] K=1,R=4,C=1,S=7,Y=90,X=23 || L2:[sp=X,56] C=1,R=1,K=1,Y=1,X=23,S=4",-inf,-inf,0,Y|X,1
X,119,K,1,S,7,X,152,R,6,C,3,Y,222,X,56,Y,34,C,1,X,27,K,1,R,1,S,1,"L1:[sp=X,119] K=1,S=7,X=152,R=6,C=3,Y=222 || L2:[sp=X,56] Y=34,C=1,X=27,K=1,R=1,S=1",-inf,-inf,0,X|X,1
Y,119,K,1,C,2,R,6,S,5,Y,90,X,217,X,56,C,1,R,1,K,1,Y,1,X,1,S,1,"L1:[sp=Y,119] K=1,C=2,R=6,S=5,Y=90,X=217 || L2:[sp=X,56] C=1,R=1,K=1,Y=1,X=1,S=1",-inf,-inf,0,Y|X,1
Y,119,K,1,S,7,C,3,R,6,Y,222,X,217,X,56,C,1,R,1,K,1,Y,200,X,27,S,2,"L1:[sp=Y,119] K=1,S=7,C=3,R=6,Y=222,X=217 || L2:[sp=X,56] C=1,R=1,K=1,Y=200,X=27,S=2",-inf,-inf,0,Y|X,1
X,119,K,1,R,6,C,1,S,7,Y,90,X,23,X,56,C,1,R,1,K,1,Y,1,X,23,S,1,"L1:[sp=X,119] K=1,R=6,C=1,S=7,Y=90,X=23 || L2:[sp=X,56] C=1,R=1,K=1,Y=1,X=23,S=1",-inf,-inf,0,X|X,1
Y,119,K,1,R,6,C,1,S,2,Y,188,X,23,X,56,C,1,R,1,K,1,Y,1,X,23,S,2,"L1:[sp=Y,119] K=1,R=6,C=1,S=2,Y=188,X=23 || L2:[sp=X,56] C=1,R=1,K=1,Y=1,X=23,S=2",-inf,-inf,0,Y|X,1
X,119,K,1,R,2,C,3,S,7,Y,222,X,217,X,56,C,1,R,1,K,1,Y,1,X,27,S,1,"L1:[sp=X,119] K=1,R=2,C=3,S=7,Y=222,X=217 || L2:[sp=X,56] C=1,R=1,K=1,Y=1,X=27,S=1",-inf,-inf,0,X|X,1
Y,119,K,10,R,6,C,3,S,5,Y,90,X,217,X,56,C,1,R,1,K,1,Y,1,X,1,S,1,"L1:[sp=Y,119] K=10,R=6,C=3,S=5,Y=90,X=217 || L2:[sp=X,56] C=1,R=1,K=1,Y=1,X=1,S=1",-inf,-inf,0,Y|X,1
Y,119,K,1,R,6,C,1,S,7,Y,90,X,158,Y,2,C,1,R,1,K,1,Y,1,X,23,S,2,"L1:[sp=Y,119] K=1,R=6,C=1,S=7,Y=90,X=158 || L2:[sp=Y,2] C=1,R=1,K=1,Y=1,X=23,S=2",-inf,-inf,0,Y|Y,1
X,119,K,1,R,2,C,3,S,1,Y,222,X,217,X,56,C,1,R,1,K,1,Y,1,X,27,S,1,"L1:[sp=X,119] K=1,R=2,C=3,S=1,Y=222,X=217 || L2:[sp=X,56] C=1,R=1,K=1,Y=1,X=27,S=1",-inf,-inf,0,X|X,1
X,119,K,19,R,6,C,1,S,5,Y,90,X,217,X,56,C,1,R,1,K,1,Y,1,X,1,S,1,"L1:[sp=X,119] K=19,R=6,C=1,S=5,Y=90,X=217 || L2:[sp=X,56] C=1,R=1,K=1,Y=1,X=1,S=1",-inf,-inf,0,X|X,1
Y,119,K,1,R,6,C,3,S,1,Y,222,X,217,Y,84,C,1,R,1,K,1,Y,1,X,27,S,1,"L1:[sp=Y,119] K=1,R=6,C=3,S=1,Y=222,X=217 || L2:[sp=Y,84] C=1,R=1,K=1,Y=1,X=27,S=1",-inf,-inf,0,Y|Y,1
X,119,K,1,S,3,X,217,R,2,C,1,Y,90,X,56,Y,1,C,1,X,1,K,1,R,1,S,1,"L1:[sp=X,119] K=1,S=3,X=217,R=2,C=1,Y=90 || L2:[sp=X,56] Y=1,C=1,X=1,K=1,R=1,S=1",-inf,-inf,0,X|X,1
Y,119,K,1,R,6,C,3,S,5,Y,90,X,217,X,56,C,1,R,1,K,1,Y,1,X,1,S,1,"L1:[sp=Y,119] K=1,R=6,C=3,S=5,Y=90,X=217 || L2:[sp=X,56] C=1,R=1,K=1,Y=1,X=1,S=1",-inf,-inf,0,Y|X,1
X,119,K,44,S,7,X,217,R,6,C,3,Y,222,X,56,Y,1,C,1,X,27,K,1,R,1,S,1,"L1:[sp=X,119] K=44,S=7,X=217,R=6,C=3,Y=222 || L2:[sp=X,56] Y=1,C=1,X=27,K=1,R=1,S=1",-inf,-inf,0,X|X,1
Y,119,K,1,R,6,C,3,S,5,X,217,Y,90,X,56,C,1,R,1,K,1,Y,59,X,1,S,1,"L1:[sp=Y,119] K=1,R=6,C=3,S=5,X=217,Y=90 || L2:[sp=X,56] C=1,R=1,K=1,Y=59,X=1,S=1",-inf,-inf,0,Y|X,1
X,119,K,41,S,7,X,186,Y,222,C,1,R,6,X,56,Y,1,C,1,X,27,K,1,R,1,S,1,"L1:[sp=X,119] K=41,S=7,X=186,Y=222,C=1,R=6 || L2:[sp=X,56] Y=1,C=1,X=27,K=1,R=1,S=1",-inf,-inf,0,X|X,1
K,119,K,1,S,7,X,217,R,6,C,1,Y,90,X,56,Y,1,K,1,X,50,C,1,R,1,S,1,"L1:[sp=K,119] K=1,S=7,X=217,R=6,C=1,Y=90 || L2:[sp=X,56] Y=1,K=1,X=50,C=1,R=1,S=1",-inf,-inf,0,K|X,1
Y,119,K,1,S,7,X,23,R,6,C,1,Y,222,X,56,Y,1,C,1,X,3,K,1,R,1,S,6,"L1:[sp=Y,119] K=1,S=7,X=23,R=6,C=1,Y=222 || L2:[sp=X,56] Y=1,C=1,X=3,K=1,R=1,S=6",-inf,-inf,0,Y|X,1
Y,119,X,217,S,7,K,1,R,3,C,1,Y,73,X,56,Y,1,C,1,X,50,K,1,R,1,S,6,"L1:[sp=Y,119] X=217,S=7,K=1,R=3,C=1,Y=73 || L2:[sp=X,56] Y=1,C=1,X=50,K=1,R=1,S=6",-inf,-inf,0,Y|X,1
Y,119,K,59,S,7,X,23,R,5,C,1,Y,90,X,56,Y,1,C,1,X,23,K,1,S,1,R,1,"L1:[sp=Y,119] K=59,S=7,X=23,R=5,C=1,Y=90 || L2:[sp=X,56] Y=1,C=1,X=23,K=1,S=1,R=1",-inf,-inf,0,Y|X,1
Y,119,K,1,S,7,X,217,R,6,C,1,Y,222,C,1,Y,1,C,1,X,50,K,1,R,1,S,1,"L1:[sp=Y,119] K=1,S=7,X=217,R=6,C=1,Y=222 || L2:[sp=C,1] Y=1,C=1,X=50,K=1,R=1,S=1",-inf,-inf,0,Y|C,1
K,119,K,1,S,7,X,23,R,6,C,1,Y,90,K,1,Y,1,C,1,X,23,K,1,R,1,S,6,"L1:[sp=K,119] K=1,S=7,X=23,R=6,C=1,Y=90 || L2:[sp=K,1] Y=1,C=1,X=23,K=1,R=1,S=6",-inf,-inf,0,K|K,1
Y,119,K,1,S,7,X,217,R,6,C,1,Y,222,X,28,Y,1,C,1,X,50,K,1,R,1,S,6,"L1:[sp=Y,119] K=1,S=7,X=217,R=6,C=1,Y=222 || L2:[sp=X,28] Y=1,C=1,X=50,K=1,R=1,S=6",-inf,-inf,0,Y|X,1
Y,119,K,1,S,7,X,217,R,6,C,1,Y,222,X,56,Y,42,C,1,X,50,K,1,R,1,S,6,"L1:[sp=Y,119] K=1,S=7,X=217,R=6,C=1,Y=222 || L2:[sp=X,56] Y=42,C=1,X=50,K=1,R=1,S=6",-inf,-inf,0,Y|X,1
K,119,K,1,S,7,X,23,R,6,C,1,Y,90,Y,30,Y,1,C,1,X,23,K,1,R,1,S,1,"L1:[sp=K,119] K=1,S=7,X=23,R=6,C=1,Y=90 || L2:[sp=Y,30] Y=1,C=1,X=23,K=1,R=1,S=1",-inf,-inf,0,K|Y,1
Y,119,K,1,S,7,X,23,R,6,C,1,Y,222,X,56,Y,1,C,1,X,23,S,6,R,1,K,1,"L1:[sp=Y,119] K=1,S=7,X=23,R=6,C=1,Y=222 || L2:[sp=X,56] Y=1,C=1,X=23,S=6,R=1,K=1",-inf,-inf,0,Y|X,1
K,119,S,7,K,1,X,63,R,1,C,1,Y,90,X,56,Y,1,C,1,X,50,K,1,R,1,S,1,"L1:[sp=K,119] S=7,K=1,X=63,R=1,C=1,Y=90 || L2:[sp=X,56] Y=1,C=1,X=50,K=1,R=1,S=1",-inf,-inf,0,K|X,1
Y,119,K,1,S,7,X,23,R,6,C,1,Y,90,X,56,Y,1,C,1,X,15,K,1,R,1,S,1,"L1:[sp=Y,119] K=1,S=7,X=23,R=6,C=1,Y=90 || L2:[sp=X,56] Y=1,C=1,X=15,K=1,R=1,S=1",-inf,-inf,0,Y|X,1
X,119,K,1,S,7,X,23,R,6,C,1,Y,90,K,56,Y,1,C,1,X,23,K,1,R,1,S,6,"L1:[sp=X,119] K=1,S=7,X=23,R=6,C=1,Y=90 || L2:[sp=K,56] Y=1,C=1,X=23,K=1,R=1,S=6",-inf,-inf,0,X|K,1
Y,119,K,1,S,7,X,217,R,6,C,1,Y,222,X,56,Y,1,C,1,X,50,K,1,R,5,S,1,"L1:[sp=Y,119] K=1,S=7,X=217,R=6,C=1,Y=222 || L2:[sp=X,56] Y=1,C=1,X=50,K=1,R=5,S=1",-inf,-inf,0,Y|X,1
Y,119,K,1,S,7,X,217,R,6,C,1,Y,222,X,56,Y,1,C,1,X,50,K,1,R,1,S,7,"L1:[sp=Y,119] K=1,S=7,X=217,R=6,C=1,Y=222 || L2:[sp=X,56] Y=1,C=1,X=50,K=1,R=1,S=7",-inf,-inf,0,Y|X,1
K,119,K,1,S,7,X,23,R,6,C,1,Y,90,X,56,Y,27,C,1,X,23,K,1,R,1,S,1,"L1:[sp=K,119] K=1,S=7,X=23,R=6,C=1,Y=90 || L2:[sp=X,56] Y=27,C=1,X=23,K=1,R=1,S=1",-inf,-inf,0,K|X,1
Y,119,X,217,S,7,K,1,R,6,C,1,Y,222,X,56,Y,1,K,1,X,50,C,1,R,1,S,6,"L1:[sp=Y,119] X=217,S=7,K=1,R=6,C=1,Y=222 || L2:[sp=X,56] Y=1,K=1,X=50,C=1,R=1,S=6",-inf,-inf,0,Y|X,1
Y,119,K,1,S,7,X,23,R,6,C,1,Y,145,X,56,Y,1,X,23,C,1,K,1,R,1,S,1,"L1:[sp=Y,119] K=1,S=7,X=23,R=6,C=1,Y=145 || L2:[sp=X,56] Y=1,X=23,C=1,K=1,R=1,S=1",-inf,-inf,0,Y|X,1
Y,119,K,1,S,7,Y,15,R,6,C,1,X,23,X,56,Y,1,C,1,X,23,K,1,R,1,S,1,"L1:[sp=Y,119] K=1,S=7,Y=15,R=6,C=1,X=23 || L2:[sp=X,56] Y=1,C=1,X=23,K=1,R=1,S=1",-inf,-inf,0,Y|X,1
Y,119,K,1,S,7,Y,222,R,6,C,2,X,217,X,56,Y,1,C,2,X,50,K,1,R,1,S,6,"L1:[sp=Y,119] K=1,S=7,Y=222,R=6,C=2,X=217 || L2:[sp=X,56] Y=1,C=2,X=50,K=1,R=1,S=6",-inf,-inf,0,Y|X,1
Y,119,K,1,S,7,Y,90,R,6,C,2,X,72,X,56,Y,1,C,1,X,23,K,1,R,1,S,1,"L1:[sp=Y,119] K=1,S=7,Y=90,R=6,C=2,X=72 || L2:[sp=X,56] Y=1,C=1,X=23,K=1,R=1,S=1",-inf,-inf,0,Y|X,1
K,119,X,217,S,7,K,1,R,6,C,1,Y,222,X,56,Y,1,C,1,X,50,K,1,R,1,S,6,"L1:[sp=K,119] X=217,S=7,K=1,R=6,C=1,Y=222 || L2:[sp=X,56] Y=1,C=1,X=50,K=1,R=1,S=6",-inf,-inf,0,K|X,1
K,119,X,23,S,7,K,1,R,6,C,1,Y,63,X,56,Y,1,C,1,X,23,K,1,R,1,S,2,"L1:[sp=K,119] X=23,S=7,K=1,R=6,C=1,Y=63 || L2:[sp=X,56] Y=1,C=1,X=23,K=1,R=1,S=2",-inf,-inf,0,K|X,1
Y,119,K,1,S,7,Y,222,R,6,C,1,X,217,X,56,Y,1,C,1,X,50,K,1,R,1,S,2,"L1:[sp=Y,119] K=1,S=7,Y=222,R=6,C=1,X=217 || L2:[sp=X,56] Y=1,C=1,X=50,K=1,R=1,S=2",-inf,-inf,0,Y|X,1
X,119,X,23,S,7,K,1,R,6,C,1,Y,90,K,56,Y,53,C,1,X,22,K,1,R,1,S,6,"L1:[sp=X,119] X=23,S=7,K=1,R=6,C=1,Y=90 || L2:[sp=K,56] Y=53,C=1,X=22,K=1,R=1,S=6",-inf,-inf,0,X|K,1
Y,119,K,1,S,7,Y,222,R,6,C,1,X,23,X,56,Y,1,C,1,X,23,K,1,R,1,S,2,"L1:[sp=Y,119] K=1,S=7,Y=222,R=6,C=1,X=23 || L2:[sp=X,56] Y=1,C=1,X=23,K=1,R=1,S=2",-inf,-inf,0,Y|X,1
K,119,X,217,S,7,K,44,R,6,C,1,Y,90,X,56,Y,1,C,1,X,50,K,1,R,1,S,6,"L1:[sp=K,119] X=217,S=7,K=44,R=6,C=1,Y=90 || L2:[sp=X,56] Y=1,C=1,X=50,K=1,R=1,S=6",-inf,-inf,0,K|X,1
Y,119,K,1,S,7,Y,222,R,2,C,1,X,217,X,56,Y,1,C,1,X,50,K,1,R,1,S,1,"L1:[sp=Y,119] K=1,S=7,Y=222,R=2,C=1,X=217 || L2:[sp=X,56] Y=1,C=1,X=50,K=1,R=1,S=1",-inf,-inf,0,Y|X,1
K,119,X,23,S,7,K,1,R,6,C,1,Y,90,K,1,Y,1,C,1,X,23,K,1,R,1,S,6,"L1:[sp=K,119] X=23,S=7,K=1,R=6,C=1,Y=90 || L2:[sp=K,1] Y=1,C=1,X=23,K=1,R=1,S=6",-inf,-inf,0,K|K,1
C,119,K,1,S,7,Y,90,R,6,C,1,X,23,X,56,Y,81,C,1,X,18,K,1,R,1,S,1,"L1:[sp=C,119] K=1,S=7,Y=90,R=6,C=1,X=23 || L2:[sp=X,56] Y=81,C=1,X=18,K=1,R=1,S=1",-inf,-inf,0,C|X,1
K,119,X,217,Y,222,K,1,R,6,C,1,S,7,X,56,Y,8,C,1,X,50,K,1,R,1,S,6,"L1:[sp=K,119] X=217,Y=222,K=1,R=6,C=1,S=7 || L2:[sp=X,56] Y=8,C=1,X=50,K=1,R=1,S=6",-inf,-inf,0,K|X,1
Y,119,S,7,K,43,Y,216,R,6,X,217,C,1,X,56,Y,1,C,1,X,72,K,1,R,1,S,2,"L1:[sp=Y,119] S=7,K=43,Y=216,R=6,X=217,C=1 || L2:[sp=X,56] Y=1,C=1,X=72,K=1,R=1,S=2",-inf,-inf,0,Y|X,1
K,119,R,6,S,7,K,1,X,209,C,1,Y,90,X,56,Y,1,C,1,R,1,K,1,X,23,S,7,"L1:[sp=K,119] R=6,S=7,K=1,X=209,C=1,Y=90 || L2:[sp=X,56] Y=1,C=1,R=1,K=1,X=23,S=7",-inf,-inf,0,K|X,1
K,119,S,7,X,217,K,19,R,6,Y,48,C,1,X,56,Y,1,C,1,X,50,K,1,R,1,S,6,"L1:[sp=K,119] S=7,X=217,K=19,R=6,Y=48,C=1 || L2:[sp=X,56] Y=1,C=1,X=50,K=1,R=1,S=6",-inf,-inf,0,K|X,1
K,119,R,3,S,7,K,1,X,23,C,1,Y,90,C,1,Y,1,C,1,X,12,K,1,R,1,S,1,"L1:[sp=K,119] R=3,S=7,K=1,X=23,C=1,Y=90 || L2:[sp=C,1] Y=1,C=1,X=12,K=1,R=1,S=1",-inf,-inf,0,K|C,1
K,119,X,217,Y,222,R,6,K,1,C,1,S,7,X,56,Y,118,C,1,X,50,K,1,R,1,S,6,"L1:[sp=K,119] X=217,Y=222,R=6,K=1,C=1,S=7 || L2:[sp=X,56] Y=118,C=1,X=50,K=1,R=1,S=6",-inf,-inf,0,K|X,1
K,119,S,7,X,217,K,1,R,1,Y,222,C,1,X,56,Y,1,C,1,X,50,R,1,K,1,S,2,"L1:[sp=K,119] S=7,X=217,K=1,R=1,Y=222,C=1 || L2:[sp=X,56] Y=1,C=1,X=50,R=1,K=1,S=2",-inf,-inf,0,K|X,1
K,119,S,1,X,153,K,1,R,6,Y,222,C,1,X,56,Y,90,S,1,X,50,K,1,R,1,C,1,"L1:[sp=K,119] S=1,X=153,K=1,R=6,Y=222,C=1 || L2:[sp=X,56] Y=90,S=1,X=50,K=1,R=1,C=1",-inf,-inf,0,K|X,1
K,119,K,1,Y,222,X,217,R,6,C,1,S,7,X,56,Y,1,C,1,X,76,K,1,R,3,S,6,"L1:[sp=K,119] K=1,Y=222,X=217,R=6,C=1,S=7 || L2:[sp=X,56] Y=1,C=1,X=76,K=1,R=3,S=6",-inf,-inf,0,K|X,1
K,119,S,1,X,217,K,1,R,6,Y,222,C,1,X,8,Y,179,C,1,X,50,K,1,R,1,S,1,"L1:[sp=K,119] S=1,X=217,K=1,R=6,Y=222,C=1 || L2:[sp=X,8] Y=179,C=1,X=50,K=1,R=1,S=1",-inf,-inf,0,K|X,1
K,119,K,1,Y,222,X,217,R,6,C,1,S,7,X,56,Y,128,C,1,X,50,K,1,R,1,S,2,"L1:[sp=K,119] K=1,Y=222,X=217,R=6,C=1,S=7 || L2:[sp=X,56] Y=128,C=1,X=50,K=1,R=1,S=2",-inf,-inf,0,K|X,1
C,119,K,63,Y,90,S,7,R,6,C,1,X,23,X,56,Y,1,C,1,X,23,K,1,R,1,S,6,"L1:[sp=C,119] K=63,Y=90,S=7,R=6,C=1,X=23 || L2:[sp=X,56] Y=1,C=1,X=23,K=1,R=1,S=6",-inf,-inf,0,C|X,1
X,119,K,1,S,7,Y,222,R,6,C,1,X,217,X,56,C,1,R,1,X,50,K,1,Y,102,S,1,"L1:[sp=X,119] K=1,S=7,Y=222,R=6,C=1,X=217 || L2:[sp=X,56] C=1,R=1,X=50,K=1,Y=102,S=1",-inf,-inf,0,X|X,1
K,119,S,1,X,114,K,1,R,6,Y,222,C,1,X,56,Y,1,C,1,X,66,K,1,R,1,S,1,"L1:[sp=K,119] S=1,X=114,K=1,R=6,Y=222,C=1 || L2:[sp=X,56] Y=1,C=1,X=66,K=1,R=1,S=1",-inf,-inf,0,K|X,1
C,119,K,1,Y,90,S,1,R,4,C,2,X,217,X,56,Y,1,C,1,X,50,K,1,R,1,S,1,"L1:[sp=C,119] K=1,Y=90,S=1,R=4,C=2,X=217 || L2:[sp=X,56] Y=1,C=1,X=50,K=1,R=1,S=1",-inf,-inf,0,C|X,1
K,119,S,7,X,217,K,1,R,6,Y,57,C,1,X,24,Y,1,C,1,X,50,K,1,R,1,S,6,"L1:[sp=K,119] S=7,X=217,K=1,R=6,Y=57,C=1 || L2:[sp=X,24] Y=1,C=1,X=50,K=1,R=1,S=6",-inf,-inf,0,K|X,1
K,119,S,7,X,217,K,1,R,6,Y,222,C,1,X,56,Y,1,S,6,R,2,K,1,X,50,C,1,"L1:[sp=K,119] S=7,X=217,K=1,R=6,Y=222,C=1 || L2:[sp=X,56] Y=1,S=6,R=2,K=1,X=50,C=1",-inf,-inf,0,K|X,1
X,119,K,1,S,7,Y,222,R,6,C,1,X,217,X,56,X,151,R,1,C,1,K,1,Y,1,S,6,"L1:[sp=X,119] K=1,S=7,Y=222,R=6,C=1,X=217 || L2:[sp=X,56] X=151,R=1,C=1,K=1,Y=1,S=6",-inf,-inf,0,X|X,1
Y,119,X,217,Y,222,K,1,R,3,C,1,S,1,X,56,Y,1,C,1,X,50,K,1,R,1,S,1,"L1:[sp=Y,119] X=217,Y=222,K=1,R=3,C=1,S=1 || L2:[sp=X,56] Y=1,C=1,X=50,K=1,R=1,S=1",-inf,-inf,0,Y|X,1
K,119,K,1,R,1,X,89,Y,222,C,1,S,3,X,56,X,50,C,1,Y,1,K,1,R,1,S,2,"L1:[sp=K,119] K=1,R=1,X=89,Y=222,C=1,S=3 || L2:[sp=X,56] X=50,C=1,Y=1,K=1,R=1,S=2",-inf,-inf,0,K|X,1
X,119,S,3,X,217,K,1,R,6,Y,222,C,1,K,7,Y,1,C,1,X,50,K,1,R,1,S,2,"L1:[sp=X,119] S=3,X=217,K=1,R=6,Y=222,C=1 || L2:[sp=K,7] Y=1,C=1,X=50,K=1,R=1,S=2",-inf,-inf,0,X|K,1
X,119,X,223,Y,222,K,1,S,7,C,1,R,6,X,56,Y,1,S,1,X,67,K,1,R,1,C,1,"L1:[sp=X,119] X=223,Y=222,K=1,S=7,C=1,R=6 || L2:[sp=X,56] Y=1,S=1,X=67,K=1,R=1,C=1",-inf,-inf,0,X|X,1
K,119,K,1,Y,61,X,217,R,6,C,1,S,7,X,56,Y,1,C,1,X,50,K,1,R,1,S,2,"L1:[sp=K,119] K=1,Y=61,X=217,R=6,C=1,S=7 || L2:[sp=X,56] Y=1,C=1,X=50,K=1,R=1,S=2",-inf,-inf,0,K|X,1
X,119,X,223,Y,173,K,1,S,7,C,1,R,6,K,1,Y,1,S,6,X,67,K,1,R,6,C,1,"L1:[sp=X,119] X=223,Y=173,K=1,S=7,C=1,R=6 || L2:[sp=K,1] Y=1,S=6,X=67,K=1,R=6,C=1",-inf,-inf,0,X|K,1
K,119,K,1,Y,222,X,217,R,6,C,1,S,7,X,56,Y,1,C,1,X,50,K,1,R,5,S,6,"L1:[sp=K,119] K=1,Y=222,X=217,R=6,C=1,S=7 || L2:[sp=X,56] Y=1,C=1,X=50,K=1,R=5,S=6",-inf,-inf,0,K|X,1
X,119,X,217,Y,222,K,15,R,6,C,1,S,3,X,56,Y,1,C,1,X,5,K,1,R,1,S,2,"L1:[sp=X,119] X=217,Y=222,K=15,R=6,C=1,S=3 || L2:[sp=X,56] Y=1,C=1,X=5,K=1,R=1,S=2",-inf,-inf,0,X|X,1
K,119,K,1,X,217,S,7,R,2,Y,222,C,1,X,56,Y,1,S,6,X,50,K,1,R,1,C,1,"L1:[sp=K,119] K=1,X=217,S=7,R=2,Y=222,C=1 || L2:[sp=X,56] Y=1,S=6,X=50,K=1,R=1,C=1",-inf,-inf,0,K|X,1
X,119,X,217,Y,222,K,1,R,5,C,1,S,6,X,56,Y,1,C,1,X,50,K,1,S,6,R,1,"L1:[sp=X,119] X=217,Y=222,K=1,R=5,C=1,S=6 || L2:[sp=X,56] Y=1,C=1,X=50,K=1,S=6,R=1",-inf,-inf,0,X|X,1
K,119,K,1,Y,222,X,217,R,6,C,1,S,1,X,56,Y,1,K,1,X,50,C,1,R,1,S,1,"L1:[sp=K,119] K=1,Y=222,X=217,R=6,C=1,S=1 || L2:[sp=X,56] Y=1,K=1,X=50,C=1,R=1,S=1",-inf,-inf,0,K|X,1
K,119,K,1,Y,222,X,223,R,6,C,1,S,4,Y,24,Y,1,C,1,X,95,K,1,R,1,S,4,"L1:[sp=K,119] K=1,Y=222,X=223,R=6,C=1,S=4 || L2:[sp=Y,24] Y=1,C=1,X=95,K=1,R=1,S=4",-inf,-inf,0,K|Y,1
X,119,X,74,Y,222,K,1,S,1,C,1,R,6,X,56,Y,1,S,1,X,50,K,1,R,1,C,1,"L1:[sp=X,119] X=74,Y=222,K=1,S=1,C=1,R=6 || L2:[sp=X,56] Y=1,S=1,X=50,K=1,R=1,C=1",-inf,-inf,0,X|X,1
K,119,K,1,Y,222,X,217,R,6,C,1,S,5,Y,24,Y,1,X,68,C,1,K,1,R,1,S,2,"L1:[sp=K,119] K=1,Y=222,X=217,R=6,C=1,S=5 || L2:[sp=Y,24] Y=1,X=68,C=1,K=1,R=1,S=2",-inf,-inf,0,K|Y,1
Y,119,K,12,Y,222,X,217,R,6,C,1,S,7,K,24,Y,1,C,1,X,50,K,1,R,1,S,6,"L1:[sp=Y,119] K=12,Y=222,X=217,R=6,C=1,S=7 || L2:[sp=K,24] Y=1,C=1,X=50,K=1,R=1,S=6",-inf,-inf,0,Y|K,1
X,119,X,139,Y,222,K,1,S,1,C,1,R,6,X,56,Y,1,S,1,X,63,K,1,R,1,C,1,"L1:[sp=X,119] X=139,Y=222,K=1,S=1,C=1,R=6 || L2:[sp=X,56] Y=1,S=1,X=63,K=1,R=1,C=1",-inf,-inf,0,X|X,1
K,119,X,223,Y,222,K,1,S,7,C,1,R,6,X,56,Y,76,S,6,X,145,K,1,R,1,C,1,"L1:[sp=K,119] X=223,Y=222,K=1,S=7,C=1,R=6 || L2:[sp=X,56] Y=76,S=6,X=145,K=1,R=1,C=1",-inf,-inf,0,K|X,1
K,119,K,1,Y,222,X,217,R,6,C,1,S,7,K,1,Y,1,C,1,S,6,K,1,R,1,X,50,"L1:[sp=K,119] K=1,Y=222,X=217,R=6,C=1,S=7 || L2:[sp=K,1] Y=1,C=1,S=6,K=1,R=1,X=50",-inf,-inf,0,K|K,1
X,119,X,23,Y,222,K,42,R,6,C,1,S,7,C,1,Y,1,C,1,X,12,K,1,R,3,S,1,"L1:[sp=X,119] X=23,Y=222,K=42,R=6,C=1,S=7 || L2:[sp=C,1] Y=1,C=1,X=12,K=1,R=3,S=1",-inf,-inf,0,X|C,1
X,119,K,1,Y,222,C,1,R,4,X,217,S,7,K,56,C,1,K,1,S,5,Y,1,R,1,X,50,"L1:[sp=X,119] K=1,Y=222,C=1,R=4,X=217,S=7 || L2:[sp=K,56] C=1,K=1,S=5,Y=1,R=1,X=50",-inf,-inf,0,X|K,1
K,119,K,1,X,199,S,1,R,2,Y,222,C,1,X,56,Y,37,S,1,X,50,K,1,R,1,C,1,"L1:[sp=K,119] K=1,X=199,S=1,R=2,Y=222,C=1 || L2:[sp=X,56] Y=37,S=1,X=50,K=1,R=1,C=1",-inf,-inf,0,K|X,1
K,119,K,1,Y,222,C,1,R,6,X,217,S,5,X,56,C,1,Y,1,X,93,K,1,R,1,S,5,"L1:[sp=K,119] K=1,Y=222,C=1,R=6,X=217,S=5 || L2:[sp=X,56] C=1,Y=1,X=93,K=1,R=1,S=5",-inf,-inf,0,K|X,1
K,119,K,1,X,23,S,7,R,6,Y,222,C,1,X,56,Y,1,R,1,X,20,K,1,S,6,C,1,"L1:[sp=K,119] K=1,X=23,S=7,R=6,Y=222,C=1 || L2:[sp=X,56] Y=1,R=1,X=20,K=1,S=6,C=1",-inf,-inf,0,K|X,1
K,119,K,1,Y,222,C,1,R,5,X,23,S,7,X,56,C,1,Y,1,X,20,K,1,R,1,S,6,"L1:[sp=K,119] K=1,Y=222,C=1,R=5,X=23,S=7 || L2:[sp=X,56] C=1,Y=1,X=20,K=1,R=1,S=6",-inf,-inf,0,K|X,1
X,119,X,217,Y,161,K,1,R,4,C,2,S,7,X,56,Y,1,S,5,X,50,K,1,R,1,C,1,"L1:[sp=X,119] X=217,Y=161,K=1,R=4,C=2,S=7 || L2:[sp=X,56] Y=1,S=5,X=50,K=1,R=1,C=1",-inf,-inf,0,X|X,1
K,119,K,1,Y,222,C,1,R,6,X,93,S,5,X,56,C,1,Y,1,X,20,K,1,R,1,S,2,"L1:[sp=K,119] K=1,Y=222,C=1,R=6,X=93,S=5 || L2:[sp=X,56] C=1,Y=1,X=20,K=1,R=1,S=2",-inf,-inf,0,K|X,1
K,119,K,10,X,217,S,3,R,6,Y,222,C,1,X,56,Y,1,R,1,X,3,K,1,S,3,C,1,"L1:[sp=K,119] K=10,X=217,S=3,R=6,Y=222,C=1 || L2:[sp=X,56] Y=1,R=1,X=3,K=1,S=3,C=1",-inf,-inf,0,K|X,1
K,119,K,1,Y,222,C,1,R,6,X,23,S,7,X,56,C,1,Y,1,S,1,K,1,R,3,X,3,"L1:[sp=K,119] K=1,Y=222,C=1,R=6,X=23,S=7 || L2:[sp=X,56] C=1,Y=1,S=1,K=1,R=3,X=3",-inf,-inf,0,K|X,1
K,119,K,1,X,217,S,5,R,6,Y,178,C,1,X,56,Y,1,R,1,X,3,K,1,S,5,C,1,"L1:[sp=K,119] K=1,X=217,S=5,R=6,Y=178,C=1 || L2:[sp=X,56] Y=1,R=1,X=3,K=1,S=5,C=1",-inf,-inf,0,K|X,1
K,119,K,8,X,23,S,7,R,6,Y,222,C,1,X,56,Y,1,R,1,S,6,K,1,X,20,C,1,"L1:[sp=K,119] K=8,X=23,S=7,R=6,Y=222,C=1 || L2:[sp=X,56] Y=1,R=1,S=6,K=1,X=20,C=1",-inf,-inf,0,K|X,1
K,119,K,58,Y,222,C,1,R,4,X,217,S,5,X,56,C,1,Y,1,X,3,K,1,R,1,S,5,"L1:[sp=K,119] K=58,Y=222,C=1,R=4,X=217,S=5 || L2:[sp=X,56] C=1,Y=1,X=3,K=1,R=1,S=5",-inf,-inf,0,K|X,1
X,119,X,3,Y,222,K,1,R,4,C,1,S,7,X,56,Y,1,C,1,X,3,K,1,R,1,S,5,"L1:[sp=X,119] X=3,Y=222,K=1,R=4,C=1,S=7 || L2:[sp=X,56] Y=1,C=1,X=3,K=1,R=1,S=5",-inf,-inf,0,X|X,1
K,119,K,1,Y,222,C,1,R,6,X,23,S,7,X,56,C,1,Y,1,K,1,S,1,R,4,X,12,"L1:[sp=K,119] K=1,Y=222,C=1,R=6,X=23,S=7 || L2:[sp=X,56] C=1,Y=1,K=1,S=1,R=4,X=12",-inf,-inf,0,K|X,1
K,119,K,1,Y,37,C,1,R,6,X,217,S,5,X,56,C,1,Y,1,X,3,K,1,R,1,S,5,"L1:[sp=K,119] K=1,Y=37,C=1,R=6,X=217,S=5 || L2:[sp=X,56] C=1,Y=1,X=3,K=1,R=1,S=5",-inf,-inf,0,K|X,1
K,119,K,1,X,23,S,7,R,6,Y,222,C,1,X,56,Y,23,S,1,X,12,K,1,R,3,C,1,"L1:[sp=K,119] K=1,X=23,S=7,R=6,Y=222,C=1 || L2:[sp=X,56] Y=23,S=1,X=12,K=1,R=3,C=1",-inf,-inf,0,K|X,1
X,119,K,48,X,23,S,3,R,6,Y,222,C,1,K,56,Y,1,R,1,X,20,K,1,S,3,C,1,"L1:[sp=X,119] K=48,X=23,S=3,R=6,Y=222,C=1 || L2:[sp=K,56] Y=1,R=1,X=20,K=1,S=3,C=1",-inf,-inf,0,X|K,1
K,119,S,7,Y,222,R,6,C,1,X,199,K,1,X,56,C,1,Y,76,S,6,K,1,R,1,X,50,"L1:[sp=K,119] S=7,Y=222,R=6,C=1,X=199,K=1 || L2:[sp=X,56] C=1,Y=76,S=6,K=1,R=1,X=50",-inf,-inf,0,K|X,1
X,119,K,1,X,23,S,2,R,6,Y,222,C,1,K,56,Y,1,R,1,X,20,K,1,S,1,C,1,"L1:[sp=X,119] K=1,X=23,S=2,R=6,Y=222,C=1 || L2:[sp=K,56] Y=1,R=1,X=20,K=1,S=1,C=1",-inf,-inf,0,X|K,1
X,119,K,15,X,23,S,1,R,6,Y,222,C,1,K,56,Y,1,R,1,X,20,K,1,S,1,C,1,"L1:[sp=X,119] K=15,X=23,S=1,R=6,Y=222,C=1 || L2:[sp=K,56] Y=1,R=1,X=20,K=1,S=1,C=1",-inf,-inf,0,X|K,1
X,119,K,1,X,23,S,7,R,6,Y,222,C,1,X,23,Y,1,R,1,X,20,K,1,S,6,C,1,"L1:[sp=X,119] K=1,X=23,S=7,R=6,Y=222,C=1 || L2:[sp=X,23] Y=1,R=1,X=20,K=1,S=6,C=1",-inf,-inf,0,X|X,1
X,119,K,1,X,23,S,1,R,6,Y,222,C,1,K,56,Y,1,R,1,X,20,K,1,S,1,C,1,"L1:[sp=X,119] K=1,X=23,S=1,R=6,Y=222,C=1 || L2:[sp=K,56] Y=1,R=1,X=20,K=1,S=1,C=1",-inf,-inf,0,X|K,1
K,119,S,7,Y,222,C,1,R,6,X,23,K,33,X,56,C,1,Y,130,S,6,K,1,R,1,X,20,"L1:[sp=K,119] S=7,Y=222,C=1,R=6,X=23,K=33 || L2:[sp=X,56] C=1,Y=130,S=6,K=1,R=1,X=20",-inf,-inf,0,K|X,1
X,119,K,1,X,199,Y,222,R,6,S,1,C,3,K,56,Y,1,R,4,X,50,K,1,S,1,C,1,"L1:[sp=X,119] K=1,X=199,Y=222,R=6,S=1,C=3 || L2:[sp=K,56] Y=1,R=4,X=50,K=1,S=1,C=1",-inf,-inf,0,X|K,1
X,119,K,1,X,23,S,7,R,6,Y,56,C,1,K,56,Y,16,R,1,X,1,K,1,S,6,C,1,"L1:[sp=X,119] K=1,X=23,S=7,R=6,Y=56,C=1 || L2:[sp=K,56] Y=16,R=1,X=1,K=1,S=6,C=1",-inf,-inf,0,X|K,1
C,119,K,1,X,23,S,1,R,6,Y,222,C,1,K,56,Y,93,R,1,X,20,K,1,S,1,C,1,"L1:[sp=C,119] K=1,X=23,S=1,R=6,Y=222,C=1 || L2:[sp=K,56] Y=93,R=1,X=20,K=1,S=1,C=1",-inf,-inf,0,C|K,1
X,119,K,42,X,23,S,7,R,6,Y,222,C,1,K,56,Y,1,R,1,X,20,K,1,S,6,C,1,"L1:[sp=X,119] K=42,X=23,S=7,R=6,Y=222,C=1 || L2:[sp=K,56] Y=1,R=1,X=20,K=1,S=6,C=1",-inf,-inf,0,X|K,1
K,119,S,7,R,6,C,1,Y,222,X,72,K,1,X,56,C,1,Y,115,S,6,K,1,R,1,X,20,"L1:[sp=K,119] S=7,R=6,C=1,Y=222,X=72,K=1 || L2:[sp=X,56] C=1,Y=115,S=6,K=1,R=1,X=20",-inf,-inf,0,K|X,1
Y,119,S,1,Y,222,C,1,X,199,R,6,K,1,K,168,C,1,X,50,S,1,Y,46,R,1,K,1,"L1:[sp=Y,119] S=1,Y=222,C=1,X=199,R=6,K=1 || L2:[sp=K,168] C=1,X=50,S=1,Y=46,R=1,K=1",-inf,-inf,0,Y|K,1
K,119,S,7,Y,200,C,1,R,5,X,199,K,55,X,56,C,1,Y,1,S,6,K,1,R,1,X,50,"L1:[sp=K,119] S=7,Y=200,C=1,R=5,X=199,K=55 || L2:[sp=X,56] C=1,Y=1,S=6,K=1,R=1,X=50",-inf,-inf,0,K|X,1
K,119,S,7,Y,222,C,1,X,72,R,3,K,1,X,56,C,1,K,1,R,1,Y,1,S,6,X,20,"L1:[sp=K,119] S=7,Y=222,C=1,X=72,R=3,K=1 || L2:[sp=X,56] C=1,K=1,R=1,Y=1,S=6,X=20",-inf,-inf,0,K|X,1
X,119,K,1,X,143,S,3,R,6,Y,222,C,2,X,56,Y,1,R,1,X,50,K,1,S,1,C,2,"L1:[sp=X,119] K=1,X=143,S=3,R=6,Y=222,C=2 || L2:[sp=X,56] Y=1,R=1,X=50,K=1,S=1,C=2",-inf,-inf,0,X|X,1
K,119,S,1,Y,29,C,1,R,6,X,199,K,1,X,56,C,1,Y,1,S,1,K,1,R,1,X,50,"L1:[sp=K,119] S=1,Y=29,C=1,R=6,X=199,K=1 || L2:[sp=X,56] C=1,Y=1,S=1,K=1,R=1,X=50",-inf,-inf,0,K|X,1
K,119,S,1,Y,222,C,1,X,199,R,7,K,64,X,21,C,1,K,1,S,1,Y,1,R,1,X,50,"L1:[sp=K,119] S=1,Y=222,C=1,X=199,R=7,K=64 || L2:[sp=X,21] C=1,K=1,S=1,Y=1,R=1,X=50",-inf,-inf,0,K|X,1
K,119,S,1,Y,79,C,3,R,6,X,199,K,55,X,42,C,1,Y,1,S,1,K,1,R,1,X,50,"L1:[sp=K,119] S=1,Y=79,C=3,R=6,X=199,K=55 || L2:[sp=X,42] C=1,Y=1,S=1,K=1,R=1,X=50",-inf,-inf,0,K|X,1
K,119,S,1,Y,222,C,1,R,6,X,199,K,1,C,1,C,1,Y,93,X,50,K,1,R,1,S,1,"L1:[sp=K,119] S=1,Y=222,C=1,R=6,X=199,K=1 || L2:[sp=C,1] C=1,Y=93,X=50,K=1,R=1,S=1",-inf,-inf,0,K|C,1
K,119,S,1,Y,168,K,1,R,6,X,199,C,1,X,56,C,1,Y,1,S,1,K,1,R,4,X,50,"L1:[sp=K,119] S=1,Y=168,K=1,R=6,X=199,C=1 || L2:[sp=X,56] C=1,Y=1,S=1,K=1,R=4,X=50",-inf,-inf,0,K|X,1
K,119,S,1,Y,222,C,2,R,6,X,199,K,1,X,42,X,50,Y,1,S,1,K,1,R,1,C,1,"L1:[sp=K,119] S=1,Y=222,C=2,R=6,X=199,K=1 || L2:[sp=X,42] X=50,Y=1,S=1,K=1,R=1,C=1",-inf,-inf,0,K|X,1
K,119,S,1,Y,222,C,1,R,6,X,199,K,15,X,56,C,1,Y,1,S,1,K,1,R,1,X,50,"L1:[sp=K,119] S=1,Y=222,C=1,R=6,X=199,K=15 || L2:[sp=X,56] C=1,Y=1,S=1,K=1,R=1,X=50",-inf,-inf,0,K|X,1
K,119,S,7,Y,222,C,1,R,6,X,199,K,1,X,56,C,1,X,23,S,6,K,1,R,1,Y,1,"L1:[sp=K,119] S=7,Y=222,C=1,R=6,X=199,K=1 || L2:[sp=X,56] C=1,X=23,S=6,K=1,R=1,Y=1",-inf,-inf,0,K|X,1
K,119,S,1,Y,222,C,1,X,136,R,6,K,1,X,56,C,1,K,1,S,1,Y,1,R,1,X,94,"L1:[sp=K,119] S=1,Y=222,C=1,X=136,R=6,K=1 || L2:[sp=X,56] C=1,K=1,S=1,Y=1,R=1,X=94",-inf,-inf,0,K|X,1
K,119,S,1,Y,87,C,1,X,104,R,6,K,1,X,56,S,1,K,1,C,1,Y,51,R,1,X,50,"L1:[sp=K,119] S=1,Y=87,C=1,X=104,R=6,K=1 || L2:[sp=X,56] S=1,K=1,C=1,Y=51,R=1,X=50",-inf,-inf,0,K|X,1
C,119,S,1,Y,222,C,1,R,6,X,136,K,1,X,56,C,1,Y,38,S,1,K,1,R,1,X,123,"L1:[sp=C,119] S=1,Y=222,C=1,R=6,X=136,K=1 || L2:[sp=X,56] C=1,Y=38,S=1,K=1,R=1,X=123",-inf,-inf,0,C|X,1
K,119,S,1,C,1,Y,222,R,6,X,108,K,1,X,56,C,1,Y,22,S,1,K,1,R,1,X,62,"L1:[sp=K,119] S=1,C=1,Y=222,R=6,X=108,K=1 || L2:[sp=X,56] C=1,Y=22,S=1,K=1,R=1,X=62",-inf,-inf,0,K|X,1
K,119,S,1,Y,87,C,1,X,104,R,6,K,1,X,56,X,50,K,1,S,1,Y,1,R,1,C,1,"L1:[sp=K,119] S=1,Y=87,C=1,X=104,R=6,K=1 || L2:[sp=X,56] X=50,K=1,S=1,Y=1,R=1,C=1",-inf,-inf,0,K|X,1
C,119,S,1,R,6,C,1,Y,222,X,108,K,1,X,56,C,1,Y,1,S,1,K,1,R,1,X,50,"L1:[sp=C,119] S=1,R=6,C=1,Y=222,X=108,K=1 || L2:[sp=X,56] C=1,Y=1,S=1,K=1,R=1,X=50",-inf,-inf,0,C|X,1
K,119,S,1,C,2,Y,222,R,6,X,136,K,1,X,56,C,1,Y,1,S,1,K,1,R,4,X,27,"L1:[sp=K,119] S=1,C=2,Y=222,R=6,X=136,K=1 || L2:[sp=X,56] C=1,Y=1,S=1,K=1,R=4,X=27",-inf,-inf,0,K|X,1
K,119,S,1,C,1,Y,222,R,6,X,136,K,55,X,56,C,1,Y,121,S,1,K,1,R,1,X,123,"L1:[sp=K,119] S=1,C=1,Y=222,R=6,X=136,K=55 || L2:[sp=X,56] C=1,Y=121,S=1,K=1,R=1,X=123",-inf,-inf,0,K|X,1
K,119,S,1,Y,87,C,1,X,104,R,4,K,1,X,56,C,1,K,1,S,1,Y,1,R,1,X,50,"L1:[sp=K,119] S=1,Y=87,C=1,X=104,R=4,K=1 || L2:[sp=X,56] C=1,K=1,S=1,Y=1,R=1,X=50",-inf,-inf,0,K|X,1
K,119,S,1,C,1,Y,222,R,6,X,108,K,1,X,56,C,1,Y,46,S,1,K,1,R,1,X,50,"L1:[sp=K,119] S=1,C=1,Y=222,R=6,X=108,K=1 || L2:[sp=X,56] C=1,Y=46,S=1,K=1,R=1,X=50",-inf,-inf,0,K|X,1
C,119,S,1,Y,162,C,1,R,6,X,104,K,1,X,56,C,1,Y,56,S,1,K,1,R,1,X,50,"L1:[sp=C,119] S=1,Y=162,C=1,R=6,X=104,K=1 || L2:[sp=X,56] C=1,Y=56,S=1,K=1,R=1,X=50",-inf,-inf,0,C|X,1
