L1_sp_dim,L1_sp_sz,L1_pos1_dim,L1_pos1_tile,L1_pos2_dim,L1_pos2_tile,L1_pos3_dim,L1_pos3_tile,L1_pos4_dim,L1_pos4_tile,L1_pos5_dim,L1_pos5_tile,L1_pos6_dim,L1_pos6_tile,L2_sp_dim,L2_sp_sz,L2_pos1_dim,L2_pos1_tile,L2_pos2_dim,L2_pos2_tile,L2_pos3_dim,L2_pos3_tile,L2_pos4_dim,L2_pos4_tile,L2_pos5_dim,L2_pos5_tile,L2_pos6_dim,L2_pos6_tile,genome_str,fitness1,fitness2,valid,genome_pattern,layer
K,250,C,43,K,19,S,3,Y,55,R,3,X,55,C,43,C,1,S,3,X,55,K,1,Y,26,R,3,"L1:[sp=K,250] C=43,K=19,S=3,Y=55,R=3,X=55 || L2:[sp=C,43] C=1,S=3,X=55,K=1,Y=26,R=3",-3.0,-1229.81,1,K|C,2
K,250,R,3,K,19,S,3,Y,55,C,43,X,55,C,43,C,1,S,3,X,55,K,1,Y,26,R,3,"L1:[sp=K,250] R=3,K=19,S=3,Y=55,C=43,X=55 || L2:[sp=C,43] C=1,S=3,X=55,K=1,Y=26,R=3",-3.0,-1229.81,1,K|C,2
K,250,C,43,K,19,S,3,Y,55,R,3,X,55,C,43,S,3,C,1,X,55,K,1,Y,26,R,3,"L1:[sp=K,250] C=43,K=19,S=3,Y=55,R=3,X=55 || L2:[sp=C,43] S=3,C=1,X=55,K=1,Y=26,R=3",-3.0,-1229.81,1,K|C,2
K,250,C,35,K,19,S,3,Y,55,R,3,X,55,C,43,S,3,C,1,X,55,K,1,Y,26,R,3,"L1:[sp=K,250] C=35,K=19,S=3,Y=55,R=3,X=55 || L2:[sp=C,43] S=3,C=1,X=55,K=1,Y=26,R=3",-3.0,-1190.29,1,K|C,2
K,250,C,40,K,19,S,3,Y,55,R,3,X,55,C,43,S,3,R,3,X,55,K,1,Y,26,C,1,"L1:[sp=K,250] C=40,K=19,S=3,Y=55,R=3,X=55 || L2:[sp=C,43] S=3,R=3,X=55,K=1,Y=26,C=1",-3.0,-1214.99,1,K|C,2
K,250,C,35,R,3,S,3,Y,55,K,19,X,55,C,43,S,3,C,1,X,55,K,1,Y,26,R,3,"L1:[sp=K,250] C=35,R=3,S=3,Y=55,K=19,X=55 || L2:[sp=C,43] S=3,C=1,X=55,K=1,Y=26,R=3",-3.0,-1190.29,1,K|C,2
K,250,C,35,K,19,S,3,Y,55,R,3,X,55,C,43,S,3,C,1,X,55,R,3,Y,26,K,1,"L1:[sp=K,250] C=35,K=19,S=3,Y=55,R=3,X=55 || L2:[sp=C,43] S=3,C=1,X=55,R=3,Y=26,K=1",-3.0,-1190.29,1,K|C,2
K,250,C,40,K,19,S,3,Y,55,X,55,R,3,C,43,S,3,R,3,X,55,K,1,Y,26,C,1,"L1:[sp=K,250] C=40,K=19,S=3,Y=55,X=55,R=3 || L2:[sp=C,43] S=3,R=3,X=55,K=1,Y=26,C=1",-3.0,-1214.99,1,K|C,2
K,250,C,35,K,19,S,3,Y,55,R,3,X,55,C,43,X,55,K,1,S,3,C,1,Y,26,R,3,"L1:[sp=K,250] C=35,K=19,S=3,Y=55,R=3,X=55 || L2:[sp=C,43] X=55,K=1,S=3,C=1,Y=26,R=3",-3.0,-1190.29,1,K|C,2
K,250,C,35,R,3,S,3,K,19,Y,55,X,55,C,43,S,3,C,1,X,55,K,1,Y,26,R,3,"L1:[sp=K,250] C=35,R=3,S=3,K=19,Y=55,X=55 || L2:[sp=C,43] S=3,C=1,X=55,K=1,Y=26,R=3",-3.0,-1190.29,1,K|C,2
K,250,C,35,R,3,S,3,Y,55,K,19,X,55,C,43,S,3,K,1,X,55,C,1,Y,26,R,3,"L1:[sp=K,250] C=35,R=3,S=3,Y=55,K=19,X=55 || L2:[sp=C,43] S=3,K=1,X=55,C=1,Y=26,R=3",-3.0,-1190.29,1,K|C,2
K,250,C,35,R,3,S,3,Y,55,X,55,K,19,C,43,S,3,C,1,X,55,K,1,Y,26,R,3,"L1:[sp=K,250] C=35,R=3,S=3,Y=55,X=55,K=19 || L2:[sp=C,43] S=3,C=1,X=55,K=1,Y=26,R=3",-3.0,-1190.29,1,K|C,2
K,250,C,35,K,19,S,3,Y,55,R,3,X,56,C,43,S,3,C,1,X,55,K,1,Y,26,R,3,"L1:[sp=K,250] C=35,K=19,S=3,Y=55,R=3,X=56 || L2:[sp=C,43] S=3,C=1,X=55,K=1,Y=26,R=3",-3.0,-1190.54,1,K|C,2
K,250,C,43,R,3,S,3,Y,55,X,55,K,19,C,43,S,3,C,1,X,55,K,1,Y,26,R,3,"L1:[sp=K,250] C=43,R=3,S=3,Y=55,X=55,K=19 || L2:[sp=C,43] S=3,C=1,X=55,K=1,Y=26,R=3",-3.0,-1229.81,1,K|C,2
K,250,C,40,R,3,X,55,Y,55,K,19,S,3,C,43,S,3,C,1,X,55,K,1,Y,26,R,3,"L1:[sp=K,250] C=40,R=3,X=55,Y=55,K=19,S=3 || L2:[sp=C,43] S=3,C=1,X=55,K=1,Y=26,R=3",-3.0,-1214.99,1,K|C,2
K,250,C,35,R,3,S,3,Y,55,K,19,X,55,C,43,S,3,C,1,X,55,R,3,Y,26,K,1,"L1:[sp=K,250] C=35,R=3,S=3,Y=55,K=19,X=55 || L2:[sp=C,43] S=3,C=1,X=55,R=3,Y=26,K=1",-3.0,-1190.29,1,K|C,2
K,250,C,35,R,3,S,3,Y,55,K,19,X,55,C,43,R,3,C,1,X,55,K,1,Y,26,S,3,"L1:[sp=K,250] C=35,R=3,S=3,Y=55,K=19,X=55 || L2:[sp=C,43] R=3,C=1,X=55,K=1,Y=26,S=3",-3.0,-1190.29,1,K|C,2
K,250,C,35,R,3,Y,55,S,3,K,19,X,55,C,43,S,3,C,1,Y,26,R,3,X,55,K,1,"L1:[sp=K,250] C=35,R=3,Y=55,S=3,K=19,X=55 || L2:[sp=C,43] S=3,C=1,Y=26,R=3,X=55,K=1",-3.0,-1190.29,1,K|C,2
K,250,C,35,Y,55,S,3,K,19,R,3,X,55,C,43,S,3,C,1,X,55,K,1,Y,26,R,3,"L1:[sp=K,250] C=35,Y=55,S=3,K=19,R=3,X=55 || L2:[sp=C,43] S=3,C=1,X=55,K=1,Y=26,R=3",-3.0,-1190.29,1,K|C,2
K,250,C,35,K,19,S,3,R,3,Y,55,X,55,C,43,S,3,C,1,X,55,K,1,Y,26,R,3,"L1:[sp=K,250] C=35,K=19,S=3,R=3,Y=55,X=55 || L2:[sp=C,43] S=3,C=1,X=55,K=1,Y=26,R=3",-3.0,-1190.29,1,K|C,2
K,250,C,35,R,3,K,19,Y,55,S,3,X,55,C,43,S,3,C,1,X,55,K,1,Y,26,R,3,"L1:[sp=K,250] C=35,R=3,K=19,Y=55,S=3,X=55 || L2:[sp=C,43] S=3,C=1,X=55,K=1,Y=26,R=3",-3.0,-1190.29,1,K|C,2
K,250,X,55,C,35,K,19,Y,55,S,3,R,3,C,43,S,3,C,1,X,55,K,1,Y,26,R,3,"L1:[sp=K,250] X=55,C=35,K=19,Y=55,S=3,R=3 || L2:[sp=C,43] S=3,C=1,X=55,K=1,Y=26,R=3",-3.0,-1190.29,1,K|C,2
K,250,C,40,K,19,S,3,R,3,Y,55,X,55,C,43,S,3,C,1,X,55,K,1,Y,26,R,3,"L1:[sp=K,250] C=40,K=19,S=3,R=3,Y=55,X=55 || L2:[sp=C,43] S=3,C=1,X=55,K=1,Y=26,R=3",-3.0,-1214.99,1,K|C,2
K,250,C,35,R,3,K,19,Y,55,S,3,X,56,C,43,S,3,C,1,X,55,K,1,Y,26,R,3,"L1:[sp=K,250] C=35,R=3,K=19,Y=55,S=3,X=56 || L2:[sp=C,43] S=3,C=1,X=55,K=1,Y=26,R=3",-3.0,-1190.54,1,K|C,2
K,250,C,40,X,55,S,3,K,19,R,3,Y,55,C,43,S,3,C,1,X,55,K,1,Y,26,R,3,"L1:[sp=K,250] C=40,X=55,S=3,K=19,R=3,Y=55 || L2:[sp=C,43] S=3,C=1,X=55,K=1,Y=26,R=3",-3.0,-1214.99,1,K|C,2
K,250,C,35,Y,55,S,3,K,19,R,3,X,55,C,43,X,55,C,1,S,3,K,1,R,3,Y,26,"L1:[sp=K,250] C=35,Y=55,S=3,K=19,R=3,X=55 || L2:[sp=C,43] X=55,C=1,S=3,K=1,R=3,Y=26",-3.0,-1190.29,1,K|C,2
K,250,X,55,C,35,K,19,Y,55,S,3,R,3,C,43,S,3,K,1,X,55,C,1,Y,26,R,3,"L1:[sp=K,250] X=55,C=35,K=19,Y=55,S=3,R=3 || L2:[sp=C,43] S=3,K=1,X=55,C=1,Y=26,R=3",-3.0,-1190.29,1,K|C,2
K,250,C,35,R,3,K,19,Y,55,X,56,S,3,C,43,S,3,X,55,C,1,K,1,Y,26,R,3,"L1:[sp=K,250] C=35,R=3,K=19,Y=55,X=56,S=3 || L2:[sp=C,43] S=3,X=55,C=1,K=1,Y=26,R=3",-3.0,-1190.54,1,K|C,2
K,250,Y,55,R,3,S,3,C,35,K,19,X,55,C,43,S,3,C,1,X,55,K,1,Y,26,R,3,"L1:[sp=K,250] Y=55,R=3,S=3,C=35,K=19,X=55 || L2:[sp=C,43] S=3,C=1,X=55,K=1,Y=26,R=3",-3.0,-1190.29,1,K|C,2
K,250,C,35,R,3,K,19,X,55,S,3,Y,55,C,43,S,3,C,1,X,55,K,1,Y,26,R,3,"L1:[sp=K,250] C=35,R=3,K=19,X=55,S=3,Y=55 || L2:[sp=C,43] S=3,C=1,X=55,K=1,Y=26,R=3",-3.0,-1190.29,1,K|C,2
K,250,C,35,K,19,S,3,Y,55,R,3,X,55,C,43,S,3,C,1,K,1,X,55,Y,26,R,3,"L1:[sp=K,250] C=35,K=19,S=3,Y=55,R=3,X=55 || L2:[sp=C,43] S=3,C=1,K=1,X=55,Y=26,R=3",-3.0,-1190.29,1,K|C,2
K,250,C,37,K,19,R,3,X,56,S,3,Y,55,C,43,S,3,C,1,X,55,K,1,Y,26,R,3,"L1:[sp=K,250] C=37,K=19,R=3,X=56,S=3,Y=55 || L2:[sp=C,43] S=3,C=1,X=55,K=1,Y=26,R=3",-3.0,-1200.4,1,K|C,2
K,250,C,37,K,19,R,3,X,56,S,3,Y,55,C,43,S,3,R,3,X,55,K,1,Y,26,C,1,"L1:[sp=K,250] C=37,K=19,R=3,X=56,S=3,Y=55 || L2:[sp=C,43] S=3,R=3,X=55,K=1,Y=26,C=1",-3.0,-1200.4,1,K|C,2
K,250,C,37,K,19,R,3,X,56,S,3,Y,55,C,37,S,3,C,1,X,55,K,1,Y,26,R,3,"L1:[sp=K,250] C=37,K=19,R=3,X=56,S=3,Y=55 || L2:[sp=C,37] S=3,C=1,X=55,K=1,Y=26,R=3",-3.0,-1200.4,1,K|C,2
K,250,C,36,K,19,S,3,R,3,Y,55,X,55,C,43,K,1,C,1,Y,13,S,3,X,55,R,3,"L1:[sp=K,250] C=36,K=19,S=3,R=3,Y=55,X=55 || L2:[sp=C,43] K=1,C=1,Y=13,S=3,X=55,R=3",-3.0,-1195.23,1,K|C,2
K,250,X,55,K,19,S,3,R,3,Y,55,C,36,C,43,K,1,X,55,Y,13,C,1,S,3,R,3,"L1:[sp=K,250] X=55,K=19,S=3,R=3,Y=55,C=36 || L2:[sp=C,43] K=1,X=55,Y=13,C=1,S=3,R=3",-3.0,-1195.23,1,K|C,2
K,250,X,55,R,3,S,3,Y,55,K,19,C,35,C,43,S,3,C,1,X,55,K,1,Y,26,R,3,"L1:[sp=K,250] X=55,R=3,S=3,Y=55,K=19,C=35 || L2:[sp=C,43] S=3,C=1,X=55,K=1,Y=26,R=3",-3.0,-1190.29,1,K|C,2
K,250,X,55,K,19,S,3,R,3,Y,55,C,36,C,43,K,1,Y,13,X,55,C,1,S,3,R,3,"L1:[sp=K,250] X=55,K=19,S=3,R=3,Y=55,C=36 || L2:[sp=C,43] K=1,Y=13,X=55,C=1,S=3,R=3",-3.0,-1195.23,1,K|C,2
K,250,C,22,Y,55,S,3,K,19,R,3,X,55,C,43,S,3,C,1,X,55,K,1,Y,26,R,3,"L1:[sp=K,250] C=22,Y=55,S=3,K=19,R=3,X=55 || L2:[sp=C,43] S=3,C=1,X=55,K=1,Y=26,R=3",-4.0,-1180.69,1,K|C,2
K,250,C,29,Y,55,S,3,K,19,R,3,X,55,C,43,S,3,C,1,X,55,K,1,R,3,Y,26,"L1:[sp=K,250] C=29,Y=55,S=3,K=19,R=3,X=55 || L2:[sp=C,43] S=3,C=1,X=55,K=1,R=3,Y=26",-4.0,-1232.55,1,K|C,2
K,250,C,23,K,19,S,3,Y,55,R,3,X,55,C,43,S,3,C,1,Y,4,K,1,X,55,R,3,"L1:[sp=K,250] C=23,K=19,S=3,Y=55,R=3,X=55 || L2:[sp=C,43] S=3,C=1,Y=4,K=1,X=55,R=3",-4.0,-1188.1,1,K|C,2
K,250,C,29,K,19,S,3,Y,55,R,3,X,55,C,43,S,3,C,1,Y,4,K,1,X,55,R,3,"L1:[sp=K,250] C=29,K=19,S=3,Y=55,R=3,X=55 || L2:[sp=C,43] S=3,C=1,Y=4,K=1,X=55,R=3",-4.0,-1232.55,1,K|C,2
K,250,Y,55,R,3,S,3,X,55,K,19,C,25,C,43,S,3,X,55,C,1,K,1,Y,26,R,3,"L1:[sp=K,250] Y=55,R=3,S=3,X=55,K=19,C=25 || L2:[sp=C,43] S=3,X=55,C=1,K=1,Y=26,R=3",-4.0,-1202.91,1,K|C,2
K,250,C,43,K,11,S,3,Y,55,R,3,X,55,C,43,C,1,S,3,X,55,R,3,Y,1,K,1,"L1:[sp=K,250] C=43,K=11,S=3,Y=55,R=3,X=55 || L2:[sp=C,43] C=1,S=3,X=55,R=3,Y=1,K=1",-5.0,-1229.81,1,K|C,2
K,250,C,43,K,11,S,3,Y,55,R,3,X,55,C,43,C,1,Y,1,X,55,R,3,S,3,K,1,"L1:[sp=K,250] C=43,K=11,S=3,Y=55,R=3,X=55 || L2:[sp=C,43] C=1,Y=1,X=55,R=3,S=3,K=1",-5.0,-1229.81,1,K|C,2
K,250,C,38,K,11,S,3,Y,55,R,3,X,55,C,43,C,1,S,3,R,3,X,55,Y,1,K,1,"L1:[sp=K,250] C=38,K=11,S=3,Y=55,R=3,X=55 || L2:[sp=C,43] C=1,S=3,R=3,X=55,Y=1,K=1",-5.0,-1205.11,1,K|C,2
K,250,C,42,K,11,S,3,Y,55,R,3,X,55,C,43,C,1,S,3,R,3,X,55,Y,1,K,1,"L1:[sp=K,250] C=42,K=11,S=3,Y=55,R=3,X=55 || L2:[sp=C,43] C=1,S=3,R=3,X=55,Y=1,K=1",-5.0,-1224.87,1,K|C,2
K,250,C,21,K,19,S,3,Y,55,R,3,X,55,C,43,S,3,C,1,X,55,K,1,Y,26,R,3,"L1:[sp=K,250] C=21,K=19,S=3,Y=55,R=3,X=55 || L2:[sp=C,43] S=3,C=1,X=55,K=1,Y=26,R=3",-5.0,-1225.42,1,K|C,2
K,250,C,35,K,20,S,3,Y,55,R,3,X,55,C,43,X,55,K,1,S,3,C,1,Y,26,R,3,"L1:[sp=K,250] C=35,K=20,S=3,Y=55,R=3,X=55 || L2:[sp=C,43] X=55,K=1,S=3,C=1,Y=26,R=3",-5.0,-1190.29,1,K|C,2
K,250,C,18,K,19,S,3,R,3,Y,55,X,55,C,43,S,3,C,1,X,55,K,1,Y,26,R,3,"L1:[sp=K,250] C=18,K=19,S=3,R=3,Y=55,X=55 || L2:[sp=C,43] S=3,C=1,X=55,K=1,Y=26,R=3",-5.0,-1195.78,1,K|C,2
K,250,C,18,K,19,S,3,R,3,Y,55,X,55,C,43,S,3,C,1,Y,13,K,1,X,55,R,3,"L1:[sp=K,250] C=18,K=19,S=3,R=3,Y=55,X=55 || L2:[sp=C,43] S=3,C=1,Y=13,K=1,X=55,R=3",-5.0,-1195.78,1,K|C,2
K,250,C,13,K,19,S,3,Y,55,R,3,X,55,C,43,S,3,C,1,X,55,K,1,Y,26,R,3,"L1:[sp=K,250] C=13,K=19,S=3,Y=55,R=3,X=55 || L2:[sp=C,43] S=3,C=1,X=55,K=1,Y=26,R=3",-6.0,-1178.76,1,K|C,2
K,250,C,12,K,19,S,3,Y,55,R,3,X,55,C,43,S,3,C,1,X,55,K,1,Y,26,R,3,"L1:[sp=K,250] C=12,K=19,S=3,Y=55,R=3,X=55 || L2:[sp=C,43] S=3,C=1,X=55,K=1,Y=26,R=3",-7.0,-1196.33,1,K|C,2
K,250,X,55,C,10,K,19,Y,55,S,3,R,3,C,43,S,3,K,1,X,55,C,1,Y,26,R,3,"L1:[sp=K,250] X=55,C=10,K=19,Y=55,S=3,R=3 || L2:[sp=C,43] S=3,K=1,X=55,C=1,Y=26,R=3",-8.0,-1191.66,1,K|C,2
K,250,X,55,C,10,K,19,Y,55,S,3,R,3,C,43,S,3,K,1,X,55,C,1,Y,4,R,3,"L1:[sp=K,250] X=55,C=10,K=19,Y=55,S=3,R=3 || L2:[sp=C,43] S=3,K=1,X=55,C=1,Y=4,R=3",-8.0,-1191.66,1,K|C,2
K,250,S,3,C,10,K,19,Y,55,X,55,R,3,C,43,S,3,K,1,X,55,C,1,Y,26,R,3,"L1:[sp=K,250] S=3,C=10,K=19,Y=55,X=55,R=3 || L2:[sp=C,43] S=3,K=1,X=55,C=1,Y=26,R=3",-8.0,-1191.66,1,K|C,2
K,250,X,55,C,10,K,19,Y,55,S,3,R,3,C,43,S,3,Y,26,X,55,C,1,K,1,R,3,"L1:[sp=K,250] X=55,C=10,K=19,Y=55,S=3,R=3 || L2:[sp=C,43] S=3,Y=26,X=55,C=1,K=1,R=3",-8.0,-1191.66,1,K|C,2
K,250,K,19,C,10,X,55,Y,55,S,3,R,3,C,43,S,3,K,1,X,55,C,1,Y,26,R,3,"L1:[sp=K,250] K=19,C=10,X=55,Y=55,S=3,R=3 || L2:[sp=C,43] S=3,K=1,X=55,C=1,Y=26,R=3",-8.0,-1191.66,1,K|C,2
K,250,C,17,K,11,S,3,Y,55,R,3,X,55,C,43,C,1,S,3,X,55,R,3,Y,1,K,1,"L1:[sp=K,250] C=17,K=11,S=3,Y=55,R=3,X=55 || L2:[sp=C,43] C=1,S=3,X=55,R=3,Y=1,K=1",-9.0,-1185.9,1,K|C,2
K,250,C,35,K,22,S,3,Y,55,R,3,X,55,C,43,C,1,S,3,X,55,K,1,Y,26,R,3,"L1:[sp=K,250] C=35,K=22,S=3,Y=55,R=3,X=55 || L2:[sp=C,43] C=1,S=3,X=55,K=1,Y=26,R=3",-9.0,-1190.29,1,K|C,2
K,250,C,4,R,3,S,3,Y,55,X,55,K,19,C,43,S,3,X,55,C,1,K,1,Y,26,R,3,"L1:[sp=K,250] C=4,R=3,S=3,Y=55,X=55,K=19 || L2:[sp=C,43] S=3,X=55,C=1,K=1,Y=26,R=3",-17.0,-1179.31,1,K|C,2
C,250,X,55,R,3,Y,55,S,3,C,35,K,64,K,32,S,3,C,1,X,55,K,1,Y,12,R,3,"L1:[sp=C,250] X=55,R=3,Y=55,S=3,C=35,K=64 || L2:[sp=K,32] S=3,C=1,X=55,K=1,Y=12,R=3",-17.0,-1175.2,1,C|K,2
C,250,X,55,R,3,Y,55,S,3,C,35,K,64,K,32,S,3,X,55,C,1,K,1,Y,12,R,3,"L1:[sp=C,250] X=55,R=3,Y=55,S=3,C=35,K=64 || L2:[sp=K,32] S=3,X=55,C=1,K=1,Y=12,R=3",-17.0,-1175.2,1,C|K,2
K,250,C,64,R,3,S,3,X,55,Y,55,K,24,K,5,C,1,S,3,X,55,R,3,Y,1,K,5,"L1:[sp=K,250] C=64,R=3,S=3,X=55,Y=55,K=24 || L2:[sp=K,5] C=1,S=3,X=55,R=3,Y=1,K=5",-20.0,-1175.2,1,K|K,2
K,250,C,43,K,19,S,3,Y,55,R,3,X,55,C,43,C,1,S,3,X,55,R,3,Y,1,K,1,"L1:[sp=K,250] C=43,K=19,S=3,Y=55,R=3,X=55 || L2:[sp=C,43] C=1,S=3,X=55,R=3,Y=1,K=1",-21.0,-1229.81,1,K|C,2
K,250,C,43,K,19,S,3,Y,55,R,3,X,55,C,43,R,3,S,3,X,55,C,1,Y,1,K,1,"L1:[sp=K,250] C=43,K=19,S=3,Y=55,R=3,X=55 || L2:[sp=C,43] R=3,S=3,X=55,C=1,Y=1,K=1",-21.0,-1229.81,1,K|C,2
K,250,C,43,K,19,S,3,Y,55,R,3,X,55,C,43,C,1,S,3,X,55,K,1,Y,1,R,3,"L1:[sp=K,250] C=43,K=19,S=3,Y=55,R=3,X=55 || L2:[sp=C,43] C=1,S=3,X=55,K=1,Y=1,R=3",-21.0,-1229.81,1,K|C,2
K,250,C,35,K,19,S,3,Y,55,R,3,X,55,C,43,S,3,C,1,X,55,K,1,Y,1,R,3,"L1:[sp=K,250] C=35,K=19,S=3,Y=55,R=3,X=55 || L2:[sp=C,43] S=3,C=1,X=55,K=1,Y=1,R=3",-21.0,-1190.29,1,K|C,2
K,250,X,55,R,3,Y,55,S,3,C,35,K,64,K,32,S,3,X,55,C,1,K,1,Y,12,R,3,"L1:[sp=K,250] X=55,R=3,Y=55,S=3,C=35,K=64 || L2:[sp=K,32] S=3,X=55,C=1,K=1,Y=12,R=3",-21.0,-1190.29,1,K|K,2
K,250,C,53,R,3,S,3,Y,55,K,19,X,55,C,43,S,3,C,1,X,55,K,1,Y,26,R,3,"L1:[sp=K,250] C=53,R=3,S=3,Y=55,K=19,X=55 || L2:[sp=C,43] S=3,C=1,X=55,K=1,Y=26,R=3",-22.0,-1279.2,1,K|C,2
K,250,C,53,R,3,S,3,Y,55,X,55,K,19,C,43,S,3,C,1,X,55,K,1,Y,26,R,3,"L1:[sp=K,250] C=53,R=3,S=3,Y=55,X=55,K=19 || L2:[sp=C,43] S=3,C=1,X=55,K=1,Y=26,R=3",-22.0,-1279.2,1,K|C,2
K,250,R,3,S,3,K,19,Y,55,C,55,X,55,C,43,S,3,C,1,X,55,K,1,Y,26,R,3,"L1:[sp=K,250] R=3,S=3,K=19,Y=55,C=55,X=55 || L2:[sp=C,43] S=3,C=1,X=55,K=1,Y=26,R=3",-22.0,-1289.08,1,K|C,2
K,250,R,3,S,3,K,19,Y,55,C,55,X,55,C,43,S,3,K,1,X,55,C,1,Y,26,R,3,"L1:[sp=K,250] R=3,S=3,K=19,Y=55,C=55,X=55 || L2:[sp=C,43] S=3,K=1,X=55,C=1,Y=26,R=3",-22.0,-1289.08,1,K|C,2
K,250,C,52,R,3,S,3,Y,55,X,55,K,19,C,43,S,3,X,55,C,1,K,1,Y,26,R,3,"L1:[sp=K,250] C=52,R=3,S=3,Y=55,X=55,K=19 || L2:[sp=C,43] S=3,X=55,C=1,K=1,Y=26,R=3",-22.0,-1274.26,1,K|C,2
K,250,C,60,K,19,S,3,R,3,Y,55,X,55,C,43,S,3,C,1,X,55,K,1,Y,26,R,3,"L1:[sp=K,250] C=60,K=19,S=3,R=3,Y=55,X=55 || L2:[sp=C,43] S=3,C=1,X=55,K=1,Y=26,R=3",-22.0,-1313.78,1,K|C,2
K,250,C,60,Y,55,S,3,K,19,R,3,X,55,C,43,S,3,C,1,X,55,R,3,Y,26,K,1,"L1:[sp=K,250] C=60,Y=55,S=3,K=19,R=3,X=55 || L2:[sp=C,43] S=3,C=1,X=55,R=3,Y=26,K=1",-22.0,-1313.78,1,K|C,2
K,250,C,62,K,19,R,3,X,55,S,3,Y,55,C,43,S,3,C,1,X,55,K,1,Y,26,R,3,"L1:[sp=K,250] C=62,K=19,R=3,X=55,S=3,Y=55 || L2:[sp=C,43] S=3,C=1,X=55,K=1,Y=26,R=3",-22.0,-1323.66,1,K|C,2
K,250,C,62,K,19,S,3,R,3,Y,55,X,55,C,43,S,3,C,1,Y,13,K,1,X,55,R,3,"L1:[sp=K,250] C=62,K=19,S=3,R=3,Y=55,X=55 || L2:[sp=C,43] S=3,C=1,Y=13,K=1,X=55,R=3",-22.0,-1323.66,1,K|C,2
K,250,X,55,K,19,S,3,R,3,Y,55,C,62,C,43,K,1,X,55,Y,13,R,3,S,3,C,1,"L1:[sp=K,250] X=55,K=19,S=3,R=3,Y=55,C=62 || L2:[sp=C,43] K=1,X=55,Y=13,R=3,S=3,C=1",-22.0,-1323.66,1,K|C,2
K,250,X,55,K,19,S,3,R,3,Y,55,C,54,C,43,K,1,X,55,Y,13,C,1,S,3,R,3,"L1:[sp=K,250] X=55,K=19,S=3,R=3,Y=55,C=54 || L2:[sp=C,43] K=1,X=55,Y=13,C=1,S=3,R=3",-22.0,-1284.14,1,K|C,2
K,250,C,3,K,19,S,3,Y,55,R,3,X,55,C,43,S,3,C,1,X,55,K,1,Y,26,R,3,"L1:[sp=K,250] C=3,K=19,S=3,Y=55,R=3,X=55 || L2:[sp=C,43] S=3,C=1,X=55,K=1,Y=26,R=3",-23.0,-1185.89,1,K|C,2
K,250,C,3,R,3,S,3,Y,55,K,19,X,55,C,43,S,3,C,1,X,55,K,1,Y,26,R,3,"L1:[sp=K,250] C=3,R=3,S=3,Y=55,K=19,X=55 || L2:[sp=C,43] S=3,C=1,X=55,K=1,Y=26,R=3",-23.0,-1185.89,1,K|C,2
K,250,Y,55,K,11,S,3,C,35,R,3,X,55,C,2,S,3,C,1,Y,26,X,55,K,3,R,3,"L1:[sp=K,250] Y=55,K=11,S=3,C=35,R=3,X=55 || L2:[sp=C,2] S=3,C=1,Y=26,X=55,K=3,R=3",-25.0,-1190.29,1,K|C,2
K,250,C,35,K,30,S,3,Y,55,R,3,X,55,C,43,S,3,C,1,X,55,K,1,Y,26,R,3,"L1:[sp=K,250] C=35,K=30,S=3,Y=55,R=3,X=55 || L2:[sp=C,43] S=3,C=1,X=55,K=1,Y=26,R=3",-25.0,-1190.29,1,K|C,2
K,250,C,35,Y,55,S,3,R,3,K,40,X,55,C,43,K,1,C,1,X,55,S,3,Y,3,R,3,"L1:[sp=K,250] C=35,Y=55,S=3,R=3,K=40,X=55 || L2:[sp=C,43] K=1,C=1,X=55,S=3,Y=3,R=3",-27.0,-1190.29,1,K|C,2
K,250,C,37,K,11,S,3,Y,55,R,3,X,55,K,11,C,1,S,3,X,55,R,3,Y,1,K,2,"L1:[sp=K,250] C=37,K=11,S=3,Y=55,R=3,X=55 || L2:[sp=K,11] C=1,S=3,X=55,R=3,Y=1,K=2",-29.0,-1200.17,1,K|K,2
K,250,C,43,K,2,Y,55,S,3,R,3,X,55,Y,21,C,1,S,3,X,55,R,3,Y,1,K,2,"L1:[sp=K,250] C=43,K=2,Y=55,S=3,R=3,X=55 || L2:[sp=Y,21] C=1,S=3,X=55,R=3,Y=1,K=2",-29.0,-1226.48,1,K|Y,2
K,250,C,43,K,19,S,3,Y,55,R,3,X,55,K,19,C,1,S,3,X,55,K,1,Y,26,R,3,"L1:[sp=K,250] C=43,K=19,S=3,Y=55,R=3,X=55 || L2:[sp=K,19] C=1,S=3,X=55,K=1,Y=26,R=3",-29.0,-1229.81,1,K|K,2
K,250,C,40,K,61,S,3,Y,55,R,3,X,55,K,61,S,3,R,3,X,55,K,1,Y,26,C,1,"L1:[sp=K,250] C=40,K=61,S=3,Y=55,R=3,X=55 || L2:[sp=K,61] S=3,R=3,X=55,K=1,Y=26,C=1",-29.0,-1214.99,1,K|K,2
K,250,C,40,K,61,S,3,Y,55,R,3,X,55,K,61,S,3,R,3,X,55,C,1,Y,26,K,1,"L1:[sp=K,250] C=40,K=61,S=3,Y=55,R=3,X=55 || L2:[sp=K,61] S=3,R=3,X=55,C=1,Y=26,K=1",-29.0,-1214.99,1,K|K,2
K,250,K,61,C,40,S,3,Y,55,R,3,X,55,K,61,S,3,R,3,X,55,C,1,Y,26,K,1,"L1:[sp=K,250] K=61,C=40,S=3,Y=55,R=3,X=55 || L2:[sp=K,61] S=3,R=3,X=55,C=1,Y=26,K=1",-29.0,-1214.99,1,K|K,2
K,250,C,35,K,19,S,3,Y,55,R,3,X,55,K,19,S,3,C,1,X,55,K,1,Y,26,R,3,"L1:[sp=K,250] C=35,K=19,S=3,Y=55,R=3,X=55 || L2:[sp=K,19] S=3,C=1,X=55,K=1,Y=26,R=3",-29.0,-1190.29,1,K|K,2
K,250,C,35,R,3,S,3,Y,55,K,23,X,55,K,23,S,3,C,1,X,55,K,1,Y,26,R,3,"L1:[sp=K,250] C=35,R=3,S=3,Y=55,K=23,X=55 || L2:[sp=K,23] S=3,C=1,X=55,K=1,Y=26,R=3",-29.0,-1190.29,1,K|K,2
K,250,C,35,R,3,Y,55,S,3,K,23,X,55,K,23,S,3,C,1,X,55,K,1,Y,26,R,3,"L1:[sp=K,250] C=35,R=3,Y=55,S=3,K=23,X=55 || L2:[sp=K,23] S=3,C=1,X=55,K=1,Y=26,R=3",-29.0,-1190.29,1,K|K,2
K,250,C,35,R,3,S,3,Y,55,X,55,K,19,K,19,S,3,C,1,X,55,K,1,Y,26,R,3,"L1:[sp=K,250] C=35,R=3,S=3,Y=55,X=55,K=19 || L2:[sp=K,19] S=3,C=1,X=55,K=1,Y=26,R=3",-29.0,-1190.29,1,K|K,2
K,250,C,35,R,3,K,19,Y,55,S,3,X,55,K,19,S,3,C,1,X,55,Y,26,K,1,R,3,"L1:[sp=K,250] C=35,R=3,K=19,Y=55,S=3,X=55 || L2:[sp=K,19] S=3,C=1,X=55,Y=26,K=1,R=3",-29.0,-1190.29,1,K|K,2
K,250,C,40,X,55,S,3,K,19,R,3,Y,55,K,19,S,3,C,1,X,55,K,1,Y,26,R,3,"L1:[sp=K,250] C=40,X=55,S=3,K=19,R=3,Y=55 || L2:[sp=K,19] S=3,C=1,X=55,K=1,Y=26,R=3",-29.0,-1214.99,1,K|K,2
K,250,C,35,R,3,K,19,Y,55,S,3,X,56,K,19,X,55,C,1,S,3,Y,26,K,1,R,3,"L1:[sp=K,250] C=35,R=3,K=19,Y=55,S=3,X=56 || L2:[sp=K,19] X=55,C=1,S=3,Y=26,K=1,R=3",-29.0,-1190.54,1,K|K,2
C,250,C,35,R,3,K,41,X,55,S,3,Y,55,C,43,S,3,C,1,X,55,K,1,Y,26,R,3,"L1:[sp=C,250] C=35,R=3,K=41,X=55,S=3,Y=55 || L2:[sp=C,43] S=3,C=1,X=55,K=1,Y=26,R=3",-29.0,-1219.58,1,C|C,2
K,250,C,36,X,55,S,3,R,3,Y,55,K,51,K,51,K,1,X,55,Y,13,S,3,C,1,R,3,"L1:[sp=K,250] C=36,X=55,S=3,R=3,Y=55,K=51 || L2:[sp=K,51] K=1,X=55,Y=13,S=3,C=1,R=3",-29.0,-1195.23,1,K|K,2
K,250,C,36,X,55,S,3,R,3,Y,55,K,47,K,51,K,1,X,55,Y,26,S,3,C,1,R,3,"L1:[sp=K,250] C=36,X=55,S=3,R=3,Y=55,K=47 || L2:[sp=K,51] K=1,X=55,Y=26,S=3,C=1,R=3",-29.0,-1195.23,1,K|K,2
K,250,C,35,S,3,Y,55,R,3,K,51,X,55,C,43,S,3,C,1,X,55,K,1,Y,10,R,3,"L1:[sp=K,250] C=35,S=3,Y=55,R=3,K=51,X=55 || L2:[sp=C,43] S=3,C=1,X=55,K=1,Y=10,R=3",-31.0,-1190.29,1,K|C,2
K,250,R,3,K,19,S,3,Y,55,C,2,X,55,C,43,C,1,S,3,X,55,K,1,Y,26,R,3,"L1:[sp=K,250] R=3,K=19,S=3,Y=55,C=2,X=55 || L2:[sp=C,43] C=1,S=3,X=55,K=1,Y=26,R=3",-33.0,-1183.69,1,K|C,2
C,250,C,27,K,32,Y,55,R,3,X,56,S,3,K,19,X,55,Y,5,C,1,K,1,S,3,R,3,"L1:[sp=C,250] C=27,K=32,Y=55,R=3,X=56,S=3 || L2:[sp=K,19] X=55,Y=5,C=1,K=1,S=3,R=3",-37.0,-1175.2,1,C|K,2
K,250,X,55,K,46,S,3,Y,55,R,3,C,43,C,43,C,1,S,3,X,55,R,3,Y,3,K,1,"L1:[sp=K,250] X=55,K=46,S=3,Y=55,R=3,C=43 || L2:[sp=C,43] C=1,S=3,X=55,R=3,Y=3,K=1",-39.0,-1229.81,1,K|C,2
K,250,R,3,S,3,K,19,Y,55,C,55,X,55,C,43,S,3,K,1,X,55,C,1,Y,1,R,3,"L1:[sp=K,250] R=3,S=3,K=19,Y=55,C=55,X=55 || L2:[sp=C,43] S=3,K=1,X=55,C=1,Y=1,R=3",-40.0,-1289.08,1,K|C,2
K,250,C,3,K,11,S,3,Y,55,R,3,X,55,C,43,C,1,S,3,R,3,Y,1,X,55,K,1,"L1:[sp=K,250] C=3,K=11,S=3,Y=55,R=3,X=55 || L2:[sp=C,43] C=1,S=3,R=3,Y=1,X=55,K=1",-45.0,-1185.89,1,K|C,2
C,250,X,56,K,54,Y,55,C,40,R,3,S,3,K,61,S,3,X,55,K,1,R,3,Y,26,C,1,"L1:[sp=C,250] X=56,K=54,Y=55,C=40,R=3,S=3 || L2:[sp=K,61] S=3,X=55,K=1,R=3,Y=26,C=1",-45.0,-1283.68,1,C|K,2
C,250,X,56,K,45,Y,55,C,40,R,3,S,3,K,61,S,3,X,55,K,1,R,3,Y,26,C,1,"L1:[sp=C,250] X=56,K=45,Y=55,C=40,R=3,S=3 || L2:[sp=K,61] S=3,X=55,K=1,R=3,Y=26,C=1",-45.0,-1239.3,1,C|K,2
K,250,C,40,R,3,X,55,Y,55,K,40,S,3,C,43,S,3,C,1,X,55,K,1,Y,26,R,3,"L1:[sp=K,250] C=40,R=3,X=55,Y=55,K=40,S=3 || L2:[sp=C,43] S=3,C=1,X=55,K=1,Y=26,R=3",-45.0,-1214.99,1,K|C,2
K,250,C,40,R,3,X,55,Y,55,K,40,S,3,C,43,S,3,R,3,X,55,K,1,Y,26,C,1,"L1:[sp=K,250] C=40,R=3,X=55,Y=55,K=40,S=3 || L2:[sp=C,43] S=3,R=3,X=55,K=1,Y=26,C=1",-45.0,-1214.99,1,K|C,2
C,250,C,43,K,40,S,3,Y,55,R,3,X,55,C,43,C,1,S,3,X,55,R,3,Y,1,K,1,"L1:[sp=C,250] C=43,K=40,S=3,Y=55,R=3,X=55 || L2:[sp=C,43] C=1,S=3,X=55,R=3,Y=1,K=1",-47.0,-1214.65,1,C|C,2
K,250,C,43,K,11,S,3,Y,55,R,3,X,55,X,55,C,1,Y,1,X,55,R,3,S,3,K,10,"L1:[sp=K,250] C=43,K=11,S=3,Y=55,R=3,X=55 || L2:[sp=X,55] C=1,Y=1,X=55,R=3,S=3,K=10",-47.0,-1229.81,1,K|X,2
C,250,K,33,C,43,S,3,X,55,R,3,Y,55,Y,55,X,55,S,3,C,42,K,1,Y,1,R,3,"L1:[sp=C,250] K=33,C=43,S=3,X=55,R=3,Y=55 || L2:[sp=Y,55] X=55,S=3,C=42,K=1,Y=1,R=3",-47.0,-1180.13,1,C|Y,2
K,250,C,42,K,12,S,3,Y,55,R,3,X,55,X,55,Y,1,S,3,X,55,R,3,C,1,K,11,"L1:[sp=K,250] C=42,K=12,S=3,Y=55,R=3,X=55 || L2:[sp=X,55] Y=1,S=3,X=55,R=3,C=1,K=11",-47.0,-1224.87,1,K|X,2
K,250,C,39,K,5,S,3,X,55,Y,55,R,3,K,5,C,1,S,3,X,55,R,3,Y,1,K,1,"L1:[sp=K,250] C=39,K=5,S=3,X=55,Y=55,R=3 || L2:[sp=K,5] C=1,S=3,X=55,R=3,Y=1,K=1",-47.0,-1210.05,1,K|K,2
K,250,C,39,K,2,S,3,X,55,Y,55,R,3,K,5,C,1,S,3,X,55,R,3,Y,1,K,1,"L1:[sp=K,250] C=39,K=2,S=3,X=55,Y=55,R=3 || L2:[sp=K,5] C=1,S=3,X=55,R=3,Y=1,K=1",-47.0,-1207.03,1,K|K,2
K,250,C,50,K,5,S,3,X,55,Y,55,R,3,K,5,C,1,S,3,X,55,R,3,Y,1,K,1,"L1:[sp=K,250] C=50,K=5,S=3,X=55,Y=55,R=3 || L2:[sp=K,5] C=1,S=3,X=55,R=3,Y=1,K=1",-47.0,-1264.38,1,K|K,2
K,250,C,40,K,16,X,56,Y,55,R,3,S,3,K,61,R,3,S,3,X,55,K,1,Y,1,C,1,"L1:[sp=K,250] C=40,K=16,X=56,Y=55,R=3,S=3 || L2:[sp=K,61] R=3,S=3,X=55,K=1,Y=1,C=1",-47.0,-1190.27,1,K|K,2
K,250,C,50,K,5,S,3,X,55,R,3,Y,55,K,5,C,1,S,3,X,55,R,3,Y,1,K,1,"L1:[sp=K,250] C=50,K=5,S=3,X=55,R=3,Y=55 || L2:[sp=K,5] C=1,S=3,X=55,R=3,Y=1,K=1",-47.0,-1264.38,1,K|K,2
K,250,C,34,K,34,Y,55,X,56,R,3,S,3,K,61,R,3,S,3,X,55,K,1,Y,1,C,1,"L1:[sp=K,250] C=34,K=34,Y=55,X=56,R=3,S=3 || L2:[sp=K,61] R=3,S=3,X=55,K=1,Y=1,C=1",-47.0,-1185.61,1,K|K,2
K,250,R,3,C,43,S,3,Y,55,X,55,K,41,C,43,S,3,C,1,X,55,Y,26,K,1,R,3,"L1:[sp=K,250] R=3,C=43,S=3,Y=55,X=55,K=41 || L2:[sp=C,43] S=3,C=1,X=55,Y=26,K=1,R=3",-47.0,-1229.81,1,K|C,2
K,250,R,3,Y,55,S,3,C,43,X,55,K,41,C,43,S,3,C,1,X,55,Y,26,K,1,R,3,"L1:[sp=K,250] R=3,Y=55,S=3,C=43,X=55,K=41 || L2:[sp=C,43] S=3,C=1,X=55,Y=26,K=1,R=3",-47.0,-1229.81,1,K|C,2
K,250,R,3,Y,55,S,3,C,43,X,55,K,41,C,43,Y,26,C,1,X,55,S,3,K,1,R,3,"L1:[sp=K,250] R=3,Y=55,S=3,C=43,X=55,K=41 || L2:[sp=C,43] Y=26,C=1,X=55,S=3,K=1,R=3",-47.0,-1229.81,1,K|C,2
K,250,C,35,R,3,K,41,X,55,S,3,Y,55,C,43,S,3,C,1,X,55,K,1,Y,26,R,3,"L1:[sp=K,250] C=35,R=3,K=41,X=55,S=3,Y=55 || L2:[sp=C,43] S=3,C=1,X=55,K=1,Y=26,R=3",-47.0,-1190.29,1,K|C,2
K,250,C,8,K,5,S,3,Y,55,R,3,X,55,K,1,C,1,S,3,X,55,R,3,Y,1,K,2,"L1:[sp=K,250] C=8,K=5,S=3,Y=55,R=3,X=55 || L2:[sp=K,1] C=1,S=3,X=55,R=3,Y=1,K=2",-49.0,-1177.12,1,K|K,2
C,250,C,59,K,64,S,3,Y,34,R,3,X,55,K,32,C,1,S,3,X,55,K,1,R,3,Y,26,"L1:[sp=C,250] C=59,K=64,S=3,Y=34,R=3,X=55 || L2:[sp=K,32] C=1,S=3,X=55,K=1,R=3,Y=26",-49.0,-1179.03,1,C|K,2
K,250,C,35,R,3,S,3,Y,55,K,42,X,55,C,43,S,3,C,1,X,55,K,1,Y,26,R,3,"L1:[sp=K,250] C=35,R=3,S=3,Y=55,K=42,X=55 || L2:[sp=C,43] S=3,C=1,X=55,K=1,Y=26,R=3",-49.0,-1190.29,1,K|C,2
K,250,C,43,K,34,S,3,Y,55,R,3,X,55,C,43,C,1,S,3,X,55,R,3,Y,1,K,1,"L1:[sp=K,250] C=43,K=34,S=3,Y=55,R=3,X=55 || L2:[sp=C,43] C=1,S=3,X=55,R=3,Y=1,K=1",-51.0,-1229.81,1,K|C,2
C,250,C,34,K,54,Y,55,X,56,R,3,S,3,K,61,S,3,R,3,X,55,K,1,Y,1,C,1,"L1:[sp=C,250] C=34,K=54,Y=55,X=56,R=3,S=3 || L2:[sp=K,61] S=3,R=3,X=55,K=1,Y=1,C=1",-51.0,-1283.68,1,C|K,2
K,250,C,35,R,3,S,3,Y,55,K,43,X,55,C,43,S,3,C,1,X,55,K,1,Y,26,R,3,"L1:[sp=K,250] C=35,R=3,S=3,Y=55,K=43,X=55 || L2:[sp=C,43] S=3,C=1,X=55,K=1,Y=26,R=3",-51.0,-1190.29,1,K|C,2
K,250,C,42,R,3,S,3,Y,55,K,43,X,55,C,43,S,3,C,1,X,55,K,1,Y,26,R,3,"L1:[sp=K,250] C=42,R=3,S=3,Y=55,K=43,X=55 || L2:[sp=C,43] S=3,C=1,X=55,K=1,Y=26,R=3",-51.0,-1224.87,1,K|C,2
K,250,C,5,R,3,S,3,Y,55,K,22,X,55,C,43,S,3,C,1,X,55,K,1,Y,26,R,3,"L1:[sp=K,250] C=5,R=3,S=3,Y=55,K=22,X=55 || L2:[sp=C,43] S=3,C=1,X=55,K=1,Y=26,R=3",-53.0,-1180.96,1,K|C,2
C,250,C,35,K,54,Y,55,X,56,R,3,S,3,K,61,S,3,R,3,X,55,K,1,Y,1,C,1,"L1:[sp=C,250] C=35,K=54,Y=55,X=56,R=3,S=3 || L2:[sp=K,61] S=3,R=3,X=55,K=1,Y=1,C=1",-53.0,-1283.68,1,C|K,2
C,250,R,3,X,55,Y,55,S,3,C,35,K,64,K,32,S,3,X,55,C,1,K,1,Y,26,R,3,"L1:[sp=C,250] R=3,X=55,Y=55,S=3,C=35,K=64 || L2:[sp=K,32] S=3,X=55,C=1,K=1,Y=26,R=3",-53.0,-1175.2,1,C|K,2
K,250,C,35,Y,55,S,3,K,44,R,3,X,55,C,43,S,3,C,1,X,55,K,1,R,3,Y,26,"L1:[sp=K,250] C=35,Y=55,S=3,K=44,R=3,X=55 || L2:[sp=C,43] S=3,C=1,X=55,K=1,R=3,Y=26",-53.0,-1190.29,1,K|C,2
C,250,R,3,X,55,Y,55,S,3,C,35,K,64,K,32,S,3,X,55,C,1,Y,26,K,1,R,3,"L1:[sp=C,250] R=3,X=55,Y=55,S=3,C=35,K=64 || L2:[sp=K,32] S=3,X=55,C=1,Y=26,K=1,R=3",-53.0,-1175.2,1,C|K,2
K,250,Y,55,X,55,S,3,R,3,C,40,K,44,C,43,S,3,C,1,X,55,K,1,Y,26,R,3,"L1:[sp=K,250] Y=55,X=55,S=3,R=3,C=40,K=44 || L2:[sp=C,43] S=3,C=1,X=55,K=1,Y=26,R=3",-53.0,-1214.99,1,K|C,2
K,250,C,35,K,44,S,3,Y,55,R,3,X,55,C,43,S,3,C,1,X,55,K,1,R,3,Y,26,"L1:[sp=K,250] C=35,K=44,S=3,Y=55,R=3,X=55 || L2:[sp=C,43] S=3,C=1,X=55,K=1,R=3,Y=26",-53.0,-1190.29,1,K|C,2
K,250,C,35,R,3,S,3,Y,2,K,19,X,55,C,43,S,3,C,1,Y,2,R,3,X,55,K,1,"L1:[sp=K,250] C=35,R=3,S=3,Y=2,K=19,X=55 || L2:[sp=C,43] S=3,C=1,Y=2,R=3,X=55,K=1",-55.0,-1176.64,1,K|C,2
K,250,C,64,K,5,S,3,X,55,Y,55,R,3,K,5,C,1,S,3,X,55,R,3,Y,1,K,1,"L1:[sp=K,250] C=64,K=5,S=3,X=55,Y=55,R=3 || L2:[sp=K,5] C=1,S=3,X=55,R=3,Y=1,K=1",-56.0,-1175.2,1,K|K,2
X,250,C,40,K,61,S,3,Y,55,R,3,X,55,K,61,R,3,S,3,X,55,K,1,Y,26,C,1,"L1:[sp=X,250] C=40,K=61,S=3,Y=55,R=3,X=55 || L2:[sp=K,61] R=3,S=3,X=55,K=1,Y=26,C=1",-57.0,-1393.73,1,X|K,2
X,250,X,55,K,61,S,3,Y,55,R,3,C,40,K,61,R,3,S,3,X,55,K,1,Y,26,C,1,"L1:[sp=X,250] X=55,K=61,S=3,Y=55,R=3,C=40 || L2:[sp=K,61] R=3,S=3,X=55,K=1,Y=26,C=1",-57.0,-1393.91,1,X|K,2
X,250,X,55,K,61,S,3,Y,55,R,3,C,43,K,61,R,3,S,3,X,55,K,1,Y,26,C,1,"L1:[sp=X,250] X=55,K=61,S=3,Y=55,R=3,C=43 || L2:[sp=K,61] R=3,S=3,X=55,K=1,Y=26,C=1",-57.0,-1422.14,1,X|K,2
X,250,X,55,K,61,S,3,Y,55,R,3,C,43,K,61,K,1,S,3,X,55,R,3,Y,26,C,1,"L1:[sp=X,250] X=55,K=61,S=3,Y=55,R=3,C=43 || L2:[sp=K,61] K=1,S=3,X=55,R=3,Y=26,C=1",-57.0,-1422.14,1,X|K,2
X,250,C,40,K,55,Y,55,S,3,X,56,R,3,K,61,S,3,R,3,K,1,X,55,Y,26,C,1,"L1:[sp=X,250] C=40,K=55,Y=55,S=3,X=56,R=3 || L2:[sp=K,61] S=3,R=3,K=1,X=55,Y=26,C=1",-57.0,-1356.96,1,X|K,2
Y,250,C,35,K,40,S,3,Y,55,R,3,X,55,C,43,S,3,C,1,X,55,K,1,Y,26,R,3,"L1:[sp=Y,250] C=35,K=40,S=3,Y=55,R=3,X=55 || L2:[sp=C,43] S=3,C=1,X=55,K=1,Y=26,R=3",-57.0,-1233.44,1,Y|C,2
Y,250,C,36,X,55,Y,55,R,3,S,3,K,47,K,47,K,1,X,55,Y,26,S,3,C,1,R,3,"L1:[sp=Y,250] C=36,X=55,Y=55,R=3,S=3,K=47 || L2:[sp=K,47] K=1,X=55,Y=26,S=3,C=1,R=3",-57.0,-1278.44,1,Y|K,2
K,250,R,3,S,3,K,39,Y,55,C,35,X,55,C,43,S,3,K,1,X,55,C,1,Y,1,R,3,"L1:[sp=K,250] R=3,S=3,K=39,Y=55,C=35,X=55 || L2:[sp=C,43] S=3,K=1,X=55,C=1,Y=1,R=3",-61.0,-1190.29,1,K|C,2
K,250,C,43,K,40,S,3,Y,55,R,3,X,55,C,43,C,1,S,3,X,55,R,3,Y,1,K,1,"L1:[sp=K,250] C=43,K=40,S=3,Y=55,R=3,X=55 || L2:[sp=C,43] C=1,S=3,X=55,R=3,Y=1,K=1",-63.0,-1229.81,1,K|C,2
C,250,C,40,K,54,Y,55,X,56,R,3,S,3,K,61,S,3,X,55,K,1,R,3,Y,1,C,1,"L1:[sp=C,250] C=40,K=54,Y=55,X=56,R=3,S=3 || L2:[sp=K,61] S=3,X=55,K=1,R=3,Y=1,C=1",-63.0,-1283.68,1,C|K,2
C,250,C,40,K,56,Y,55,X,56,R,3,S,3,K,61,S,3,R,3,X,55,K,1,Y,1,C,1,"L1:[sp=C,250] C=40,K=56,Y=55,X=56,R=3,S=3 || L2:[sp=K,61] S=3,R=3,X=55,K=1,Y=1,C=1",-63.0,-1293.54,1,C|K,2
C,250,X,56,K,54,Y,55,C,40,R,3,S,3,K,61,S,3,X,55,K,1,R,3,Y,1,C,1,"L1:[sp=C,250] X=56,K=54,Y=55,C=40,R=3,S=3 || L2:[sp=K,61] S=3,X=55,K=1,R=3,Y=1,C=1",-63.0,-1283.68,1,C|K,2
K,250,X,55,K,19,S,3,R,3,Y,55,C,1,C,43,K,1,X,55,Y,13,C,1,S,3,R,3,"L1:[sp=K,250] X=55,K=19,S=3,R=3,Y=55,C=1 || L2:[sp=C,43] K=1,X=55,Y=13,C=1,S=3,R=3",-65.0,-1192.46,1,K|C,2
K,250,C,36,K,51,S,3,R,3,Y,55,X,55,C,43,K,1,X,55,Y,13,S,3,C,1,R,3,"L1:[sp=K,250] C=36,K=51,S=3,R=3,Y=55,X=55 || L2:[sp=C,43] K=1,X=55,Y=13,S=3,C=1,R=3",-67.0,-1195.23,1,K|C,2
C,250,C,43,K,54,Y,55,X,56,R,3,S,3,K,61,S,3,R,3,X,55,K,1,Y,1,C,1,"L1:[sp=C,250] C=43,K=54,Y=55,X=56,R=3,S=3 || L2:[sp=K,61] S=3,R=3,X=55,K=1,Y=1,C=1",-69.0,-1283.68,1,C|K,2
C,250,C,35,R,3,Y,55,X,55,K,19,S,3,K,19,S,3,C,1,X,55,K,1,Y,26,R,3,"L1:[sp=C,250] C=35,R=3,Y=55,X=55,K=19,S=3 || L2:[sp=K,19] S=3,C=1,X=55,K=1,Y=26,R=3",-69.0,-1204.78,1,C|K,2
C,250,R,3,X,55,Y,55,S,3,C,35,K,19,K,32,X,55,S,3,C,1,Y,26,K,1,R,3,"L1:[sp=C,250] R=3,X=55,Y=55,S=3,C=35,K=19 || L2:[sp=K,32] X=55,S=3,C=1,Y=26,K=1,R=3",-69.0,-1204.78,1,C|K,2
K,250,C,35,X,55,S,3,Y,55,R,3,K,54,C,43,S,3,C,1,X,55,R,3,Y,26,K,1,"L1:[sp=K,250] C=35,X=55,S=3,Y=55,R=3,K=54 || L2:[sp=C,43] S=3,C=1,X=55,R=3,Y=26,K=1",-73.0,-1190.29,1,K|C,2
K,250,X,55,K,46,S,3,Y,55,R,3,C,43,C,43,C,1,S,3,X,55,R,3,Y,1,K,1,"L1:[sp=K,250] X=55,K=46,S=3,Y=55,R=3,C=43 || L2:[sp=C,43] C=1,S=3,X=55,R=3,Y=1,K=1",-75.0,-1229.81,1,K|C,2
K,250,X,55,Y,55,S,3,R,3,K,46,C,43,C,43,C,1,S,3,X,55,R,3,Y,1,K,1,"L1:[sp=K,250] X=55,Y=55,S=3,R=3,K=46,C=43 || L2:[sp=C,43] C=1,S=3,X=55,R=3,Y=1,K=1",-75.0,-1229.81,1,K|C,2
C,250,C,53,K,64,S,3,Y,34,R,3,X,55,C,43,C,1,S,3,X,55,K,1,R,3,Y,26,"L1:[sp=C,250] C=53,K=64,S=3,Y=34,R=3,X=55 || L2:[sp=C,43] C=1,S=3,X=55,K=1,R=3,Y=26",-79.0,-1179.03,1,C|C,2
X,250,C,16,K,28,Y,55,R,3,X,56,S,3,K,61,S,3,R,3,K,1,X,55,Y,1,C,1,"L1:[sp=X,250] C=16,K=28,Y=55,R=3,X=56,S=3 || L2:[sp=K,61] S=3,R=3,K=1,X=55,Y=1,C=1",-85.0,-1226.15,1,X|K,2
K,250,C,40,K,61,S,3,Y,55,R,3,X,55,C,43,S,3,R,3,X,55,K,1,Y,26,C,1,"L1:[sp=K,250] C=40,K=61,S=3,Y=55,R=3,X=55 || L2:[sp=C,43] S=3,R=3,X=55,K=1,Y=26,C=1",-87.0,-1214.99,1,K|C,2
K,250,R,3,Y,55,S,3,C,46,X,55,K,41,C,43,S,3,C,1,X,55,Y,26,K,1,R,3,"L1:[sp=K,250] R=3,Y=55,S=3,C=46,X=55,K=41 || L2:[sp=C,43] S=3,C=1,X=55,Y=26,K=1,R=3",-88.0,-1244.63,1,K|C,2
K,250,S,3,Y,55,R,3,C,46,X,55,K,41,C,43,S,3,C,1,X,55,Y,26,K,1,R,3,"L1:[sp=K,250] S=3,Y=55,R=3,C=46,X=55,K=41 || L2:[sp=C,43] S=3,C=1,X=55,Y=26,K=1,R=3",-88.0,-1244.63,1,K|C,2
K,250,C,35,K,62,S,3,Y,55,R,3,X,55,C,43,S,3,C,1,X,55,R,3,Y,26,K,1,"L1:[sp=K,250] C=35,K=62,S=3,Y=55,R=3,X=55 || L2:[sp=C,43] S=3,C=1,X=55,R=3,Y=26,K=1",-89.0,-1190.29,1,K|C,2
K,250,C,3,R,3,S,3,Y,55,K,22,X,55,C,43,S,3,C,1,X,55,K,1,Y,26,R,3,"L1:[sp=K,250] C=3,R=3,S=3,Y=55,K=22,X=55 || L2:[sp=C,43] S=3,C=1,X=55,K=1,Y=26,R=3",-89.0,-1185.89,1,K|C,2
C,250,C,40,K,46,Y,55,X,56,R,3,S,3,K,19,X,55,Y,5,C,1,K,1,S,3,R,3,"L1:[sp=C,250] C=40,K=46,Y=55,X=56,R=3,S=3 || L2:[sp=K,19] X=55,Y=5,C=1,K=1,S=3,R=3",-89.0,-1244.23,1,C|K,2
K,250,C,35,R,3,S,3,Y,55,K,63,X,55,C,43,S,3,C,1,X,55,K,1,Y,26,R,3,"L1:[sp=K,250] C=35,R=3,S=3,Y=55,K=63,X=55 || L2:[sp=C,43] S=3,C=1,X=55,K=1,Y=26,R=3",-91.0,-1190.29,1,K|C,2
Y,250,X,55,K,46,S,3,Y,55,R,3,C,43,C,43,C,1,S,3,X,55,R,3,Y,1,K,1,"L1:[sp=Y,250] X=55,K=46,S=3,Y=55,R=3,C=43 || L2:[sp=C,43] C=1,S=3,X=55,R=3,Y=1,K=1",-93.0,-1322.75,1,Y|C,2
X,250,C,40,K,34,X,56,Y,55,R,3,S,3,K,61,R,3,S,3,X,55,K,1,Y,1,C,1,"L1:[sp=X,250] C=40,K=34,X=56,Y=55,R=3,S=3 || L2:[sp=K,61] R=3,S=3,X=55,K=1,Y=1,C=1",-93.0,-1227.52,1,X|K,2
K,250,C,53,K,2,S,3,R,3,X,55,Y,55,K,1,C,1,S,3,X,55,R,3,Y,26,K,1,"L1:[sp=K,250] C=53,K=2,S=3,R=3,X=55,Y=55 || L2:[sp=K,1] C=1,S=3,X=55,R=3,Y=26,K=1",-93.0,-1275.1,1,K|K,2
C,250,C,40,K,28,Y,55,R,3,X,56,S,3,K,19,X,55,Y,5,C,1,K,1,S,3,R,3,"L1:[sp=C,250] C=40,K=28,Y=55,R=3,X=56,S=3 || L2:[sp=K,19] X=55,Y=5,C=1,K=1,S=3,R=3",-93.0,-1224.51,1,C|K,2
X,250,C,40,K,54,R,3,Y,55,X,56,S,3,K,61,S,3,R,3,K,1,X,55,Y,1,C,1,"L1:[sp=X,250] C=40,K=54,R=3,Y=55,X=56,S=3 || L2:[sp=K,61] S=3,R=3,K=1,X=55,Y=1,C=1",-93.0,-1350.79,1,X|K,2
X,250,C,40,K,55,Y,55,S,3,X,56,R,3,K,61,S,3,R,3,K,1,X,55,Y,1,C,1,"L1:[sp=X,250] C=40,K=55,Y=55,S=3,X=56,R=3 || L2:[sp=K,61] S=3,R=3,K=1,X=55,Y=1,C=1",-93.0,-1356.96,1,X|K,2
X,250,X,55,R,3,Y,55,S,3,C,33,K,64,K,32,S,3,C,1,R,3,K,1,Y,26,X,55,"L1:[sp=X,250] X=55,R=3,Y=55,S=3,C=33,K=64 || L2:[sp=K,32] S=3,C=1,R=3,K=1,Y=26,X=55",-93.0,-1180.41,1,X|K,2
K,250,C,35,R,3,K,64,Y,55,S,3,X,56,C,43,S,3,C,1,X,55,K,1,Y,26,R,3,"L1:[sp=K,250] C=35,R=3,K=64,Y=55,S=3,X=56 || L2:[sp=C,43] S=3,C=1,X=55,K=1,Y=26,R=3",-93.0,-1190.54,1,K|C,2
K,250,C,2,K,21,S,3,Y,55,R,3,X,55,C,43,C,2,S,3,X,55,R,3,Y,1,K,1,"L1:[sp=K,250] C=2,K=21,S=3,Y=55,R=3,X=55 || L2:[sp=C,43] C=2,S=3,X=55,R=3,Y=1,K=1",-97.0,-1183.69,1,K|C,2
K,250,C,2,K,21,S,3,Y,55,R,3,X,55,C,43,C,2,Y,1,X,55,R,3,S,3,K,1,"L1:[sp=K,250] C=2,K=21,S=3,Y=55,R=3,X=55 || L2:[sp=C,43] C=2,Y=1,X=55,R=3,S=3,K=1",-97.0,-1183.69,1,K|C,2
K,250,K,21,C,2,S,3,Y,55,R,3,X,55,C,43,C,2,Y,1,X,55,R,3,S,3,K,1,"L1:[sp=K,250] K=21,C=2,S=3,Y=55,R=3,X=55 || L2:[sp=C,43] C=2,Y=1,X=55,R=3,S=3,K=1",-97.0,-1183.69,1,K|C,2
K,250,C,59,Y,55,S,3,K,44,R,3,X,55,C,43,S,3,C,1,X,55,K,1,R,3,Y,26,"L1:[sp=K,250] C=59,Y=55,S=3,K=44,R=3,X=55 || L2:[sp=C,43] S=3,C=1,X=55,K=1,R=3,Y=26",-97.0,-1308.84,1,K|C,2
K,250,C,16,X,55,S,3,Y,55,R,3,K,42,C,43,S,3,C,1,X,55,K,1,Y,26,R,3,"L1:[sp=K,250] C=16,X=55,S=3,Y=55,R=3,K=42 || L2:[sp=C,43] S=3,C=1,X=55,K=1,Y=26,R=3",-97.0,-1176.02,1,K|C,2
K,250,X,55,Y,55,S,3,K,60,R,3,C,43,C,43,C,1,S,3,X,55,R,3,Y,1,K,1,"L1:[sp=K,250] X=55,Y=55,S=3,K=60,R=3,C=43 || L2:[sp=C,43] C=1,S=3,X=55,R=3,Y=1,K=1",-103.0,-1229.81,1,K|C,2
K,250,C,43,K,11,S,3,Y,55,R,3,X,55,X,55,C,1,Y,1,X,55,R,3,S,3,K,5,"L1:[sp=K,250] C=43,K=11,S=3,Y=55,R=3,X=55 || L2:[sp=X,55] C=1,Y=1,X=55,R=3,S=3,K=5",-103.0,-1229.81,1,K|X,2
K,250,C,43,K,11,S,3,Y,55,R,3,X,55,X,55,C,1,S,3,X,55,R,3,Y,1,K,5,"L1:[sp=K,250] C=43,K=11,S=3,Y=55,R=3,X=55 || L2:[sp=X,55] C=1,S=3,X=55,R=3,Y=1,K=5",-103.0,-1229.81,1,K|X,2
Y,250,C,53,K,64,S,3,Y,55,R,3,X,55,C,43,C,1,S,3,X,55,K,1,R,3,Y,49,"L1:[sp=Y,250] C=53,K=64,S=3,Y=55,R=3,X=55 || L2:[sp=C,43] C=1,S=3,X=55,K=1,R=3,Y=49",-103.0,-1279.2,1,Y|C,2
K,250,C,43,K,12,S,3,Y,55,R,3,X,55,X,55,C,1,S,3,X,55,R,3,Y,1,K,5,"L1:[sp=K,250] C=43,K=12,S=3,Y=55,R=3,X=55 || L2:[sp=X,55] C=1,S=3,X=55,R=3,Y=1,K=5",-103.0,-1229.81,1,K|X,2
K,250,C,43,K,11,S,3,Y,55,R,3,X,55,X,1,C,1,S,3,X,55,R,3,Y,1,K,5,"L1:[sp=K,250] C=43,K=11,S=3,Y=55,R=3,X=55 || L2:[sp=X,1] C=1,S=3,X=55,R=3,Y=1,K=5",-103.0,-1229.81,1,K|X,2
C,250,C,53,K,5,S,3,X,55,Y,55,R,3,K,1,C,1,S,3,X,55,R,3,Y,1,K,5,"L1:[sp=C,250] C=53,K=5,S=3,X=55,Y=55,R=3 || L2:[sp=K,1] C=1,S=3,X=55,R=3,Y=1,K=5",-105.0,-1177.66,1,C|K,2
K,250,C,18,K,19,S,3,R,3,Y,2,X,55,C,18,S,3,C,1,X,55,K,1,Y,2,R,3,"L1:[sp=K,250] C=18,K=19,S=3,R=3,Y=2,X=55 || L2:[sp=C,18] S=3,C=1,X=55,K=1,Y=2,R=3",-109.0,-1152.46,1,K|C,2
C,250,C,59,K,64,S,3,Y,55,R,3,X,55,K,32,C,1,S,3,X,55,K,1,R,3,Y,1,"L1:[sp=C,250] C=59,K=64,S=3,Y=55,R=3,X=55 || L2:[sp=K,32] C=1,S=3,X=55,K=1,R=3,Y=1",-110.0,-1175.2,1,C|K,2
K,250,X,55,K,64,S,3,Y,55,R,3,C,43,C,43,C,1,S,3,X,55,R,3,Y,1,K,1,"L1:[sp=K,250] X=55,K=64,S=3,Y=55,R=3,C=43 || L2:[sp=C,43] C=1,S=3,X=55,R=3,Y=1,K=1",-111.0,-1229.81,1,K|C,2
K,250,C,43,K,64,S,3,Y,55,R,3,X,55,C,43,C,1,Y,1,R,3,X,55,S,3,K,1,"L1:[sp=K,250] C=43,K=64,S=3,Y=55,R=3,X=55 || L2:[sp=C,43] C=1,Y=1,R=3,X=55,S=3,K=1",-111.0,-1229.81,1,K|C,2
K,250,C,36,K,64,S,3,Y,55,R,3,X,55,C,43,C,1,Y,1,R,3,X,55,S,3,K,1,"L1:[sp=K,250] C=36,K=64,S=3,Y=55,R=3,X=55 || L2:[sp=C,43] C=1,Y=1,R=3,X=55,S=3,K=1",-111.0,-1195.23,1,K|C,2
K,250,X,55,K,64,S,3,Y,55,R,3,C,36,C,43,C,1,Y,1,R,3,X,55,S,3,K,1,"L1:[sp=K,250] X=55,K=64,S=3,Y=55,R=3,C=36 || L2:[sp=C,43] C=1,Y=1,R=3,X=55,S=3,K=1",-111.0,-1195.23,1,K|C,2
C,250,C,53,K,64,S,3,Y,55,R,3,X,55,C,43,C,1,S,3,X,55,K,1,R,3,Y,26,"L1:[sp=C,250] C=53,K=64,S=3,Y=55,R=3,X=55 || L2:[sp=C,43] C=1,S=3,X=55,K=1,R=3,Y=26",-111.0,-1175.2,1,C|C,2
K,250,C,39,K,2,S,3,X,55,Y,55,R,3,K,1,C,1,S,3,X,55,R,3,Y,1,K,1,"L1:[sp=K,250] C=39,K=2,S=3,X=55,Y=55,R=3 || L2:[sp=K,1] C=1,S=3,X=55,R=3,Y=1,K=1",-111.0,-1207.03,1,K|K,2
K,250,C,53,K,2,S,3,X,55,R,3,Y,55,K,1,C,1,S,3,X,55,R,3,Y,1,K,1,"L1:[sp=K,250] C=53,K=2,S=3,X=55,R=3,Y=55 || L2:[sp=K,1] C=1,S=3,X=55,R=3,Y=1,K=1",-111.0,-1275.1,1,K|K,2
K,250,C,39,K,2,S,3,X,55,Y,55,R,3,K,1,C,1,X,55,S,3,R,3,Y,1,K,1,"L1:[sp=K,250] C=39,K=2,S=3,X=55,Y=55,R=3 || L2:[sp=K,1] C=1,X=55,S=3,R=3,Y=1,K=1",-111.0,-1207.03,1,K|K,2
K,250,C,39,K,2,R,3,X,55,Y,55,S,3,K,1,C,1,X,55,S,3,R,3,Y,1,K,1,"L1:[sp=K,250] C=39,K=2,R=3,X=55,Y=55,S=3 || L2:[sp=K,1] C=1,X=55,S=3,R=3,Y=1,K=1",-111.0,-1207.03,1,K|K,2
X,250,X,55,R,3,Y,55,S,3,C,35,K,64,K,32,S,3,C,1,X,55,K,1,Y,1,R,3,"L1:[sp=X,250] X=55,R=3,Y=55,S=3,C=35,K=64 || L2:[sp=K,32] S=3,C=1,X=55,K=1,Y=1,R=3",-111.0,-1190.29,1,X|K,2
C,250,C,43,K,26,S,3,Y,54,R,3,X,55,Y,21,C,40,S,3,X,55,R,3,Y,1,K,1,"L1:[sp=C,250] C=43,K=26,S=3,Y=54,R=3,X=55 || L2:[sp=Y,21] C=40,S=3,X=55,R=3,Y=1,K=1",-112.0,-1209.72,1,C|Y,2
X,250,C,40,K,19,R,3,Y,55,X,55,S,3,K,61,R,3,S,3,X,55,K,1,Y,26,C,1,"L1:[sp=X,250] C=40,K=19,R=3,Y=55,X=55,S=3 || L2:[sp=K,61] R=3,S=3,X=55,K=1,Y=26,C=1",-113.0,-1251.97,1,X|K,2
X,250,C,40,K,16,R,3,Y,55,X,56,S,3,K,61,R,3,S,3,K,1,X,55,Y,26,C,1,"L1:[sp=X,250] C=40,K=16,R=3,Y=55,X=56,S=3 || L2:[sp=K,61] R=3,S=3,K=1,X=55,Y=26,C=1",-113.0,-1215.19,1,X|K,2
X,250,C,35,K,19,R,3,Y,55,X,55,S,3,K,19,R,3,Y,26,X,55,K,1,S,3,C,1,"L1:[sp=X,250] C=35,K=19,R=3,Y=55,X=55,S=3 || L2:[sp=K,19] R=3,Y=26,X=55,K=1,S=3,C=1",-113.0,-1222.65,1,X|K,2
X,250,C,35,K,19,R,3,Y,55,X,55,S,3,K,19,R,3,Y,26,S,3,K,1,C,1,X,55,"L1:[sp=X,250] C=35,K=19,R=3,Y=55,X=55,S=3 || L2:[sp=K,19] R=3,Y=26,S=3,K=1,C=1,X=55",-113.0,-1222.65,1,X|K,2
X,250,Y,55,K,16,R,3,C,40,X,56,S,3,K,16,R,3,S,3,K,1,X,55,Y,26,C,1,"L1:[sp=X,250] Y=55,K=16,R=3,C=40,X=56,S=3 || L2:[sp=K,16] R=3,S=3,K=1,X=55,Y=26,C=1",-113.0,-1215.19,1,X|K,2
X,250,C,35,R,3,S,3,X,55,K,19,Y,55,K,19,S,3,C,1,X,55,K,1,Y,26,R,3,"L1:[sp=X,250] C=35,R=3,S=3,X=55,K=19,Y=55 || L2:[sp=K,19] S=3,C=1,X=55,K=1,Y=26,R=3",-113.0,-1222.65,1,X|K,2
X,250,C,35,R,3,K,19,Y,55,S,3,X,55,K,19,X,55,C,1,S,3,Y,26,K,1,R,3,"L1:[sp=X,250] C=35,R=3,K=19,Y=55,S=3,X=55 || L2:[sp=K,19] X=55,C=1,S=3,Y=26,K=1,R=3",-113.0,-1222.65,1,X|K,2
X,250,C,35,R,3,K,19,Y,55,S,3,X,55,K,19,X,55,Y,26,S,3,C,1,K,1,R,3,"L1:[sp=X,250] C=35,R=3,K=19,Y=55,S=3,X=55 || L2:[sp=K,19] X=55,Y=26,S=3,C=1,K=1,R=3",-113.0,-1222.65,1,X|K,2
K,250,Y,55,K,3,S,3,C,50,R,3,X,55,C,1,C,1,S,3,Y,10,K,1,X,55,R,3,"L1:[sp=K,250] Y=55,K=3,S=3,C=50,R=3,X=55 || L2:[sp=C,1] C=1,S=3,Y=10,K=1,X=55,R=3",-121.0,-1264.38,1,K|C,2
K,250,Y,55,K,3,S,3,R,3,C,50,X,55,C,1,Y,10,K,1,C,1,S,3,X,55,R,3,"L1:[sp=K,250] Y=55,K=3,S=3,R=3,C=50,X=55 || L2:[sp=C,1] Y=10,K=1,C=1,S=3,X=55,R=3",-121.0,-1264.38,1,K|C,2
K,250,Y,55,K,3,S,3,C,50,R,3,X,55,Y,5,C,1,X,55,Y,4,K,1,S,3,R,3,"L1:[sp=K,250] Y=55,K=3,S=3,C=50,R=3,X=55 || L2:[sp=Y,5] C=1,X=55,Y=4,K=1,S=3,R=3",-121.0,-1264.38,1,K|Y,2
K,250,R,3,K,3,S,3,C,50,Y,55,X,55,Y,5,C,1,X,55,Y,4,K,1,S,3,R,3,"L1:[sp=K,250] R=3,K=3,S=3,C=50,Y=55,X=55 || L2:[sp=Y,5] C=1,X=55,Y=4,K=1,S=3,R=3",-121.0,-1264.38,1,K|Y,2
K,250,C,13,K,11,R,3,Y,55,S,3,X,55,C,1,R,3,S,3,X,55,C,1,Y,1,K,3,"L1:[sp=K,250] C=13,K=11,R=3,Y=55,S=3,X=55 || L2:[sp=C,1] R=3,S=3,X=55,C=1,Y=1,K=3",-122.0,-1178.76,1,K|C,2
K,250,R,3,K,11,C,13,Y,55,S,3,X,55,C,1,R,3,S,3,X,55,C,1,Y,1,K,3,"L1:[sp=K,250] R=3,K=11,C=13,Y=55,S=3,X=55 || L2:[sp=C,1] R=3,S=3,X=55,C=1,Y=1,K=3",-122.0,-1178.76,1,K|C,2
K,250,C,36,K,51,S,3,R,3,X,55,Y,5,C,43,K,1,X,55,Y,5,S,3,R,3,C,1,"L1:[sp=K,250] C=36,K=51,S=3,R=3,X=55,Y=5 || L2:[sp=C,43] K=1,X=55,Y=5,S=3,R=3,C=1",-133.0,-1182.36,1,K|C,2
K,250,C,40,K,31,S,3,Y,55,R,3,X,55,K,1,C,5,S,3,X,55,R,3,K,1,Y,17,"L1:[sp=K,250] C=40,K=31,S=3,Y=55,R=3,X=55 || L2:[sp=K,1] C=5,S=3,X=55,R=3,K=1,Y=17",-134.0,-1214.99,1,K|K,2
Y,250,C,43,K,31,S,3,Y,55,R,3,X,55,K,31,C,1,S,3,R,3,X,55,Y,1,K,1,"L1:[sp=Y,250] C=43,K=31,S=3,Y=55,R=3,X=55 || L2:[sp=K,31] C=1,S=3,R=3,X=55,Y=1,K=1",-139.0,-1325.88,1,Y|K,2
K,250,C,24,K,3,S,3,Y,55,R,3,X,55,C,1,C,1,S,3,X,55,K,1,Y,26,R,3,"L1:[sp=K,250] C=24,K=3,S=3,Y=55,R=3,X=55 || L2:[sp=C,1] C=1,S=3,X=55,K=1,Y=26,R=3",-139.0,-1195.5,1,K|C,2
K,250,C,50,K,3,S,3,Y,55,R,3,X,55,C,1,C,1,S,3,Y,3,K,1,X,55,R,3,"L1:[sp=K,250] C=50,K=3,S=3,Y=55,R=3,X=55 || L2:[sp=C,1] C=1,S=3,Y=3,K=1,X=55,R=3",-139.0,-1264.38,1,K|C,2
X,250,C,40,K,28,X,56,R,3,Y,55,S,3,K,61,S,3,R,3,K,1,X,55,Y,1,C,1,"L1:[sp=X,250] C=40,K=28,X=56,R=3,Y=55,S=3 || L2:[sp=K,61] S=3,R=3,K=1,X=55,Y=1,C=1",-139.0,-1276.83,1,X|K,2
X,250,C,40,K,28,Y,55,R,3,X,56,S,3,K,61,S,3,R,3,K,1,X,55,Y,1,C,1,"L1:[sp=X,250] C=40,K=28,Y=55,R=3,X=56,S=3 || L2:[sp=K,61] S=3,R=3,K=1,X=55,Y=1,C=1",-139.0,-1276.83,1,X|K,2
X,250,C,27,K,16,R,3,Y,55,X,56,S,3,K,61,Y,1,S,3,K,1,X,55,R,3,C,1,"L1:[sp=X,250] C=27,K=16,R=3,Y=55,X=56,S=3 || L2:[sp=K,61] Y=1,S=3,K=1,X=55,R=3,C=1",-149.0,-1218.21,1,X|K,2
K,250,R,3,S,3,K,56,Y,55,C,55,X,55,C,43,S,3,K,1,X,55,C,1,Y,1,R,3,"L1:[sp=K,250] R=3,S=3,K=56,Y=55,C=55,X=55 || L2:[sp=C,43] S=3,K=1,X=55,C=1,Y=1,R=3",-151.0,-1289.08,1,K|C,2
C,250,X,56,K,22,Y,55,C,48,R,3,S,3,C,1,S,3,X,55,K,7,R,3,Y,26,C,1,"L1:[sp=C,250] X=56,K=22,Y=55,C=48,R=3,S=3 || L2:[sp=C,1] S=3,X=55,K=7,R=3,Y=26,C=1",-151.0,-1180.13,1,C|C,2
K,250,C,35,R,3,Y,55,S,3,K,19,X,55,C,7,S,3,C,1,X,55,K,1,Y,26,R,3,"L1:[sp=K,250] C=35,R=3,Y=55,S=3,K=19,X=55 || L2:[sp=C,7] S=3,C=1,X=55,K=1,Y=26,R=3",-155.0,-1190.29,1,K|C,2
K,250,C,35,R,3,S,3,Y,55,K,19,X,55,C,7,S,3,C,1,X,55,K,1,Y,26,R,3,"L1:[sp=K,250] C=35,R=3,S=3,Y=55,K=19,X=55 || L2:[sp=C,7] S=3,C=1,X=55,K=1,Y=26,R=3",-155.0,-1190.29,1,K|C,2
K,250,C,35,R,3,Y,56,S,3,K,19,X,55,C,7,S,3,C,1,X,55,K,1,Y,26,R,3,"L1:[sp=K,250] C=35,R=3,Y=56,S=3,K=19,X=55 || L2:[sp=C,7] S=3,C=1,X=55,K=1,Y=26,R=3",-155.0,-1190.54,1,K|C,2
K,250,C,62,R,3,Y,55,S,3,K,19,X,55,C,7,S,3,C,1,X,55,K,1,Y,26,R,3,"L1:[sp=K,250] C=62,R=3,Y=55,S=3,K=19,X=55 || L2:[sp=C,7] S=3,C=1,X=55,K=1,Y=26,R=3",-155.0,-1323.66,1,K|C,2
K,250,C,35,R,3,Y,55,S,3,K,19,X,55,C,7,S,3,C,1,Y,26,R,3,X,55,K,1,"L1:[sp=K,250] C=35,R=3,Y=55,S=3,K=19,X=55 || L2:[sp=C,7] S=3,C=1,Y=26,R=3,X=55,K=1",-155.0,-1190.29,1,K|C,2
Y,250,C,43,S,3,K,50,Y,55,R,3,X,55,K,31,C,1,S,3,R,3,X,55,Y,1,K,1,"L1:[sp=Y,250] C=43,S=3,K=50,Y=55,R=3,X=55 || L2:[sp=K,31] C=1,S=3,R=3,X=55,Y=1,K=1",-157.0,-1349.07,1,Y|K,2
K,250,C,43,K,3,S,3,Y,55,R,3,X,55,C,1,C,1,S,3,X,55,K,1,Y,26,R,3,"L1:[sp=K,250] C=43,K=3,S=3,Y=55,R=3,X=55 || L2:[sp=C,1] C=1,S=3,X=55,K=1,Y=26,R=3",-157.0,-1229.81,1,K|C,2
Y,250,C,53,K,64,S,3,Y,55,R,3,X,55,C,43,C,1,S,3,X,55,K,1,R,3,Y,26,"L1:[sp=Y,250] C=53,K=64,S=3,Y=55,R=3,X=55 || L2:[sp=C,43] C=1,S=3,X=55,K=1,R=3,Y=26",-157.0,-1279.2,1,Y|C,2
Y,250,C,53,K,64,Y,55,S,3,R,3,X,55,C,43,C,1,S,3,X,55,K,1,R,3,Y,26,"L1:[sp=Y,250] C=53,K=64,Y=55,S=3,R=3,X=55 || L2:[sp=C,43] C=1,S=3,X=55,K=1,R=3,Y=26",-157.0,-1279.2,1,Y|C,2
K,250,Y,55,K,3,S,3,C,50,R,3,X,55,C,1,C,1,X,55,Y,4,K,1,S,3,R,3,"L1:[sp=K,250] Y=55,K=3,S=3,C=50,R=3,X=55 || L2:[sp=C,1] C=1,X=55,Y=4,K=1,S=3,R=3",-157.0,-1264.38,1,K|C,2
X,250,C,49,R,3,X,55,Y,55,K,40,S,3,C,43,S,3,C,1,X,55,K,1,Y,53,R,3,"L1:[sp=X,250] C=49,R=3,X=55,Y=55,K=40,S=3 || L2:[sp=C,43] S=3,C=1,X=55,K=1,Y=53,R=3",-157.0,-1319.85,1,X|C,2
K,250,C,42,K,31,S,3,Y,55,R,3,X,55,K,1,C,5,S,3,X,55,R,3,K,1,Y,17,"L1:[sp=K,250] C=42,K=31,S=3,Y=55,R=3,X=55 || L2:[sp=K,1] C=5,S=3,X=55,R=3,K=1,Y=17",-165.0,-1224.87,1,K|K,2
K,250,R,3,K,31,S,3,Y,55,C,42,X,55,K,1,X,55,S,3,C,5,R,3,K,1,Y,17,"L1:[sp=K,250] R=3,K=31,S=3,Y=55,C=42,X=55 || L2:[sp=K,1] X=55,S=3,C=5,R=3,K=1,Y=17",-165.0,-1224.87,1,K|K,2
K,250,K,31,R,3,S,3,Y,55,C,42,X,55,K,1,X,55,S,3,C,5,R,3,K,1,Y,17,"L1:[sp=K,250] K=31,R=3,S=3,Y=55,C=42,X=55 || L2:[sp=K,1] X=55,S=3,C=5,R=3,K=1,Y=17",-165.0,-1224.87,1,K|K,2
K,250,C,24,K,3,S,3,Y,55,R,3,X,55,C,1,C,1,S,3,X,55,K,1,Y,1,R,3,"L1:[sp=K,250] C=24,K=3,S=3,Y=55,R=3,X=55 || L2:[sp=C,1] C=1,S=3,X=55,K=1,Y=1,R=3",-166.0,-1195.5,1,K|C,2
K,250,C,24,K,3,S,3,Y,55,R,3,X,55,C,1,C,1,S,3,Y,1,K,1,X,55,R,3,"L1:[sp=K,250] C=24,K=3,S=3,Y=55,R=3,X=55 || L2:[sp=C,1] C=1,S=3,Y=1,K=1,X=55,R=3",-166.0,-1195.5,1,K|C,2
K,250,C,42,K,38,Y,55,S,3,R,3,X,55,C,2,C,1,S,3,X,55,R,3,Y,1,K,5,"L1:[sp=K,250] C=42,K=38,Y=55,S=3,R=3,X=55 || L2:[sp=C,2] C=1,S=3,X=55,R=3,Y=1,K=5",-167.0,-1224.87,1,K|C,2
K,250,Y,55,K,11,S,3,C,42,R,3,X,55,C,2,C,1,S,3,Y,22,X,55,R,3,K,1,"L1:[sp=K,250] Y=55,K=11,S=3,C=42,R=3,X=55 || L2:[sp=C,2] C=1,S=3,Y=22,X=55,R=3,K=1",-173.0,-1224.87,1,K|C,2
K,250,C,8,K,5,S,3,Y,55,R,3,X,55,K,1,C,1,S,3,X,55,Y,26,R,3,K,1,"L1:[sp=K,250] C=8,K=5,S=3,Y=55,R=3,X=55 || L2:[sp=K,1] C=1,S=3,X=55,Y=26,R=3,K=1",-177.0,-1177.12,1,K|K,2
K,250,C,42,K,19,S,3,Y,55,R,3,X,55,K,1,C,5,S,3,X,55,R,3,K,1,Y,1,"L1:[sp=K,250] C=42,K=19,S=3,Y=55,R=3,X=55 || L2:[sp=K,1] C=5,S=3,X=55,R=3,K=1,Y=1",-177.0,-1224.87,1,K|K,2
K,250,C,8,K,5,S,3,Y,55,X,55,R,3,K,1,C,1,S,3,X,55,Y,26,R,3,K,1,"L1:[sp=K,250] C=8,K=5,S=3,Y=55,X=55,R=3 || L2:[sp=K,1] C=1,S=3,X=55,Y=26,R=3,K=1",-177.0,-1177.12,1,K|K,2
C,250,C,62,K,32,X,56,R,3,Y,55,S,3,K,19,X,55,Y,5,C,1,K,1,S,3,R,3,"L1:[sp=C,250] C=62,K=32,X=56,R=3,Y=55,S=3 || L2:[sp=K,19] X=55,Y=5,C=1,K=1,S=3,R=3",-177.0,-1175.2,1,C|K,2
C,250,C,62,K,32,X,56,R,3,Y,55,S,3,K,19,K,1,Y,5,C,1,X,55,S,3,R,3,"L1:[sp=C,250] C=62,K=32,X=56,R=3,Y=55,S=3 || L2:[sp=K,19] K=1,Y=5,C=1,X=55,S=3,R=3",-177.0,-1175.2,1,C|K,2
X,250,C,40,K,19,R,3,Y,55,X,56,S,3,K,61,R,3,S,3,X,55,K,1,Y,1,C,1,"L1:[sp=X,250] C=40,K=19,R=3,Y=55,X=56,S=3 || L2:[sp=K,61] R=3,S=3,X=55,K=1,Y=1,C=1",-185.0,-1252.18,1,X|K,2
X,250,C,35,K,19,R,3,Y,55,X,56,S,3,K,19,R,3,Y,1,X,55,K,1,S,3,C,1,"L1:[sp=X,250] C=35,K=19,R=3,Y=55,X=56,S=3 || L2:[sp=K,19] R=3,Y=1,X=55,K=1,S=3,C=1",-185.0,-1222.9,1,X|K,2
X,250,C,40,K,16,X,56,Y,55,R,3,S,3,K,61,R,3,S,3,X,55,K,1,Y,1,C,1,"L1:[sp=X,250] C=40,K=16,X=56,Y=55,R=3,S=3 || L2:[sp=K,61] R=3,S=3,X=55,K=1,Y=1,C=1",-185.0,-1215.19,1,X|K,2
X,250,C,40,K,16,R,3,Y,55,X,56,S,3,K,61,R,3,S,3,K,1,X,55,Y,1,C,1,"L1:[sp=X,250] C=40,K=16,R=3,Y=55,X=56,S=3 || L2:[sp=K,61] R=3,S=3,K=1,X=55,Y=1,C=1",-185.0,-1215.19,1,X|K,2
X,250,C,35,K,17,X,56,Y,55,R,3,S,3,K,61,R,3,S,3,X,55,K,1,Y,1,C,1,"L1:[sp=X,250] C=35,K=17,X=56,Y=55,R=3,S=3 || L2:[sp=K,61] R=3,S=3,X=55,K=1,Y=1,C=1",-185.0,-1201.33,1,X|K,2
X,250,C,35,K,19,R,3,Y,55,X,56,S,3,K,19,C,1,Y,1,X,55,K,1,S,3,R,3,"L1:[sp=X,250] C=35,K=19,R=3,Y=55,X=56,S=3 || L2:[sp=K,19] C=1,Y=1,X=55,K=1,S=3,R=3",-185.0,-1222.9,1,X|K,2
X,250,C,40,K,19,R,3,Y,55,X,56,S,3,K,19,R,3,Y,1,X,55,K,1,S,3,C,1,"L1:[sp=X,250] C=40,K=19,R=3,Y=55,X=56,S=3 || L2:[sp=K,19] R=3,Y=1,X=55,K=1,S=3,C=1",-185.0,-1252.18,1,X|K,2
X,250,C,40,K,16,R,3,Y,55,X,56,S,3,K,61,S,3,R,3,K,1,X,55,Y,1,C,1,"L1:[sp=X,250] C=40,K=16,R=3,Y=55,X=56,S=3 || L2:[sp=K,61] S=3,R=3,K=1,X=55,Y=1,C=1",-185.0,-1215.19,1,X|K,2
K,250,C,35,R,3,Y,55,S,3,K,22,X,55,C,7,S,3,C,1,X,55,K,1,Y,26,R,3,"L1:[sp=K,250] C=35,R=3,Y=55,S=3,K=22,X=55 || L2:[sp=C,7] S=3,C=1,X=55,K=1,Y=26,R=3",-185.0,-1190.29,1,K|C,2
X,250,C,40,K,19,R,3,Y,55,X,56,S,3,K,61,S,3,R,3,K,1,X,55,Y,1,C,1,"L1:[sp=X,250] C=40,K=19,R=3,Y=55,X=56,S=3 || L2:[sp=K,61] S=3,R=3,K=1,X=55,Y=1,C=1",-185.0,-1252.18,1,X|K,2
X,250,C,40,K,16,R,3,X,56,Y,55,S,3,K,61,S,3,R,3,K,1,X,55,Y,1,C,1,"L1:[sp=X,250] C=40,K=16,R=3,X=56,Y=55,S=3 || L2:[sp=K,61] S=3,R=3,K=1,X=55,Y=1,C=1",-185.0,-1215.19,1,X|K,2
K,250,C,59,R,3,K,22,S,3,Y,55,X,55,C,7,S,3,C,1,X,55,K,1,Y,26,R,3,"L1:[sp=K,250] C=59,R=3,K=22,S=3,Y=55,X=55 || L2:[sp=C,7] S=3,C=1,X=55,K=1,Y=26,R=3",-185.0,-1308.84,1,K|C,2
K,250,X,55,R,3,Y,56,S,3,K,22,C,35,C,7,S,3,C,1,X,55,K,1,Y,26,R,3,"L1:[sp=K,250] X=55,R=3,Y=56,S=3,K=22,C=35 || L2:[sp=C,7] S=3,C=1,X=55,K=1,Y=26,R=3",-185.0,-1190.54,1,K|C,2
X,250,R,3,K,32,Y,56,C,34,X,56,S,3,C,17,X,55,Y,26,C,1,K,1,S,3,R,3,"L1:[sp=X,250] R=3,K=32,Y=56,C=34,X=56,S=3 || L2:[sp=C,17] X=55,Y=26,C=1,K=1,S=3,R=3",-185.0,-1186.7,1,X|C,2
Y,250,C,40,R,3,X,55,Y,55,S,3,K,40,C,20,S,3,R,3,X,55,K,1,Y,26,C,1,"L1:[sp=Y,250] C=40,R=3,X=55,Y=55,S=3,K=40 || L2:[sp=C,20] S=3,R=3,X=55,K=1,Y=26,C=1",-185.0,-1264.3,1,Y|C,2
K,250,C,18,R,3,K,64,Y,55,S,3,X,56,C,43,S,3,C,1,X,55,K,1,Y,26,R,3,"L1:[sp=K,250] C=18,R=3,K=64,Y=55,S=3,X=56 || L2:[sp=C,43] S=3,C=1,X=55,K=1,Y=26,R=3",-185.0,-1196.57,1,K|C,2
X,250,C,35,R,3,K,19,Y,55,S,3,X,55,K,19,X,55,Y,53,S,3,C,1,K,1,R,3,"L1:[sp=X,250] C=35,R=3,K=19,Y=55,S=3,X=55 || L2:[sp=K,19] X=55,Y=53,S=3,C=1,K=1,R=3",-185.0,-1222.65,1,X|K,2
X,250,C,40,K,10,S,3,Y,55,R,3,X,55,K,61,R,3,S,3,X,55,K,1,Y,26,C,1,"L1:[sp=X,250] C=40,K=10,S=3,Y=55,R=3,X=55 || L2:[sp=K,61] R=3,S=3,X=55,K=1,Y=26,C=1",-197.0,-1233.48,1,X|K,2
K,250,C,42,R,3,S,3,Y,4,K,43,X,55,C,43,S,3,C,1,X,55,K,1,Y,4,R,3,"L1:[sp=K,250] C=42,R=3,S=3,Y=4,K=43,X=55 || L2:[sp=C,43] S=3,C=1,X=55,K=1,Y=4,R=3",-197.0,-1215.23,1,K|C,2
K,250,C,3,R,3,S,3,Y,55,K,27,X,55,C,43,S,3,C,1,X,55,K,1,Y,26,R,3,"L1:[sp=K,250] C=3,R=3,S=3,Y=55,K=27,X=55 || L2:[sp=C,43] S=3,C=1,X=55,K=1,Y=26,R=3",-199.0,-1185.89,1,K|C,2
K,250,C,3,R,3,S,3,Y,55,K,27,X,55,C,43,S,3,C,1,X,55,K,1,R,3,Y,26,"L1:[sp=K,250] C=3,R=3,S=3,Y=55,K=27,X=55 || L2:[sp=C,43] S=3,C=1,X=55,K=1,R=3,Y=26",-199.0,-1185.89,1,K|C,2
K,250,C,3,R,3,S,3,Y,55,K,27,X,55,C,43,S,3,C,1,X,55,R,3,Y,26,K,1,"L1:[sp=K,250] C=3,R=3,S=3,Y=55,K=27,X=55 || L2:[sp=C,43] S=3,C=1,X=55,R=3,Y=26,K=1",-199.0,-1185.89,1,K|C,2
K,250,R,3,C,40,X,55,Y,55,S,3,K,32,C,5,S,3,C,1,X,55,Y,14,K,1,R,3,"L1:[sp=K,250] R=3,C=40,X=55,Y=55,S=3,K=32 || L2:[sp=C,5] S=3,C=1,X=55,Y=14,K=1,R=3",-201.0,-1165.41,1,K|C,2
X,250,C,27,K,32,R,3,Y,55,X,56,S,3,K,19,X,55,Y,1,C,1,K,1,S,3,R,3,"L1:[sp=X,250] C=27,K=32,R=3,Y=55,X=56,S=3 || L2:[sp=K,19] X=55,Y=1,C=1,K=1,S=3,R=3",-203.0,-1218.21,1,X|K,2
X,250,C,27,K,32,Y,55,R,3,X,56,S,3,K,19,X,55,Y,1,C,1,K,1,S,3,R,3,"L1:[sp=X,250] C=27,K=32,Y=55,R=3,X=56,S=3 || L2:[sp=K,19] X=55,Y=1,C=1,K=1,S=3,R=3",-203.0,-1218.21,1,X|K,2
C,250,C,42,K,38,Y,55,S,3,R,3,X,55,C,2,C,1,S,3,X,55,R,3,Y,1,K,5,"L1:[sp=C,250] C=42,K=38,Y=55,S=3,R=3,X=55 || L2:[sp=C,2] C=1,S=3,X=55,R=3,Y=1,K=5",-205.0,-1204.78,1,C|C,2
K,250,R,3,C,40,X,55,Y,55,S,3,K,19,C,5,S,3,C,1,X,55,Y,26,K,1,R,3,"L1:[sp=K,250] R=3,C=40,X=55,Y=55,S=3,K=19 || L2:[sp=C,5] S=3,C=1,X=55,Y=26,K=1,R=3",-212.0,-1214.99,1,K|C,2
Y,250,C,64,K,28,Y,55,R,3,X,56,S,3,K,19,X,55,C,1,Y,5,K,1,S,3,R,3,"L1:[sp=Y,250] C=64,K=28,Y=55,R=3,X=56,S=3 || L2:[sp=K,19] X=55,C=1,Y=5,K=1,S=3,R=3",-213.0,-1224.51,1,Y|K,2
X,250,X,55,R,3,Y,19,S,3,C,35,K,64,K,32,S,3,C,10,X,55,K,1,Y,1,R,3,"L1:[sp=X,250] X=55,R=3,Y=19,S=3,C=35,K=64 || L2:[sp=K,32] S=3,C=10,X=55,K=1,Y=1,R=3",-217.0,-1351.32,1,X|K,2
K,250,R,3,S,3,X,55,Y,55,C,40,K,32,C,5,S,3,C,1,X,55,Y,43,K,1,R,3,"L1:[sp=K,250] R=3,S=3,X=55,Y=55,C=40,K=32 || L2:[sp=C,5] S=3,C=1,X=55,Y=43,K=1,R=3",-219.0,-1165.41,1,K|C,2
X,250,C,40,K,52,R,3,Y,55,X,56,S,3,K,19,R,3,Y,1,X,55,K,1,S,3,C,1,"L1:[sp=X,250] C=40,K=52,R=3,Y=55,X=56,S=3 || L2:[sp=K,19] R=3,Y=1,X=55,K=1,S=3,C=1",-221.0,-1338.47,1,X|K,2
X,250,C,40,K,35,R,3,Y,55,X,56,S,3,K,19,S,3,Y,1,R,3,K,1,X,55,C,1,"L1:[sp=X,250] C=40,K=35,R=3,Y=55,X=56,S=3 || L2:[sp=K,19] S=3,Y=1,R=3,K=1,X=55,C=1",-221.0,-1233.69,1,X|K,2
X,250,C,54,K,52,R,3,Y,55,X,56,S,3,K,19,R,3,Y,1,X,55,K,1,S,3,C,1,"L1:[sp=X,250] C=54,K=52,R=3,Y=55,X=56,S=3 || L2:[sp=K,19] R=3,Y=1,X=55,K=1,S=3,C=1",-221.0,-1450.65,1,X|K,2
X,250,R,3,K,32,Y,55,C,34,X,56,S,3,C,17,X,55,Y,1,C,1,K,1,S,3,R,3,"L1:[sp=X,250] R=3,K=32,Y=55,C=34,X=56,S=3 || L2:[sp=C,17] X=55,Y=1,C=1,K=1,S=3,R=3",-221.0,-1185.61,1,X|C,2
K,250,C,45,R,3,Y,30,X,55,S,3,K,11,Y,21,R,3,X,55,S,3,C,1,Y,1,K,8,"L1:[sp=K,250] C=45,R=3,Y=30,X=55,S=3,K=11 || L2:[sp=Y,21] R=3,X=55,S=3,C=1,Y=1,K=8",-225.0,-1233.05,1,K|Y,2
X,250,C,35,K,8,R,3,Y,55,X,55,S,3,K,19,R,3,Y,26,X,55,K,1,S,3,C,1,"L1:[sp=X,250] C=35,K=8,R=3,Y=55,X=55,S=3 || L2:[sp=K,19] R=3,Y=26,X=55,K=1,S=3,C=1",-225.0,-1190.29,1,X|K,2
X,250,C,40,K,16,R,3,Y,55,X,2,S,3,K,61,X,2,R,3,K,1,S,3,Y,55,C,1,"L1:[sp=X,250] C=40,K=16,R=3,Y=55,X=2,S=3 || L2:[sp=K,61] X=2,R=3,K=1,S=3,Y=55,C=1",-225.0,-1234.16,1,X|K,2
K,250,C,40,R,3,X,55,Y,55,K,61,S,3,K,1,S,3,C,1,X,55,K,8,Y,26,R,3,"L1:[sp=K,250] C=40,R=3,X=55,Y=55,K=61,S=3 || L2:[sp=K,1] S=3,C=1,X=55,K=8,Y=26,R=3",-225.0,-1214.99,1,K|K,2
X,250,C,9,R,3,X,55,Y,55,K,40,S,3,C,43,S,3,C,1,X,55,K,1,Y,26,R,3,"L1:[sp=X,250] C=9,R=3,X=55,Y=55,K=40,S=3 || L2:[sp=C,43] S=3,C=1,X=55,K=1,Y=26,R=3",-225.0,-1241.25,1,X|C,2
Y,250,C,8,R,3,X,55,Y,55,S,3,K,40,C,20,S,3,R,3,X,55,K,1,Y,26,C,1,"L1:[sp=Y,250] C=8,R=3,X=55,Y=55,S=3,K=40 || L2:[sp=C,20] S=3,R=3,X=55,K=1,Y=26,C=1",-225.0,-1216.56,1,Y|C,2
K,250,C,45,K,21,S,3,Y,55,R,3,X,55,Y,21,C,1,Y,1,X,55,S,3,K,5,R,3,"L1:[sp=K,250] C=45,K=21,S=3,Y=55,R=3,X=55 || L2:[sp=Y,21] C=1,Y=1,X=55,S=3,K=5,R=3",-231.0,-1239.69,1,K|Y,2
K,250,C,43,K,24,S,3,Y,55,R,3,X,55,X,5,C,1,S,3,X,55,R,3,Y,1,K,5,"L1:[sp=K,250] C=43,K=24,S=3,Y=55,R=3,X=55 || L2:[sp=X,5] C=1,S=3,X=55,R=3,Y=1,K=5",-231.0,-1229.81,1,K|X,2
K,250,C,43,K,24,Y,55,S,3,R,3,X,55,Y,11,C,1,S,3,X,55,R,3,Y,1,K,5,"L1:[sp=K,250] C=43,K=24,Y=55,S=3,R=3,X=55 || L2:[sp=Y,11] C=1,S=3,X=55,R=3,Y=1,K=5",-231.0,-1229.81,1,K|Y,2
K,250,C,14,K,5,S,3,X,55,Y,55,R,3,K,1,C,1,S,3,X,55,R,3,Y,26,K,1,"L1:[sp=K,250] C=14,K=5,S=3,X=55,Y=55,R=3 || L2:[sp=K,1] C=1,S=3,X=55,R=3,Y=26,K=1",-231.0,-1191.11,1,K|K,2
K,250,R,3,C,58,X,55,Y,55,S,3,K,19,C,5,S,3,C,1,X,55,Y,26,K,1,R,3,"L1:[sp=K,250] R=3,C=58,X=55,Y=55,S=3,K=19 || L2:[sp=C,5] S=3,C=1,X=55,Y=26,K=1,R=3",-231.0,-1303.9,1,K|C,2
K,250,C,50,K,18,S,3,X,55,Y,55,R,3,K,5,C,1,S,3,X,55,R,3,Y,1,K,1,"L1:[sp=K,250] C=50,K=18,S=3,X=55,Y=55,R=3 || L2:[sp=K,5] C=1,S=3,X=55,R=3,Y=1,K=1",-239.0,-1264.38,1,K|K,2
K,250,Y,55,K,11,S,3,C,42,R,3,X,55,C,2,S,3,C,1,Y,8,X,55,R,3,K,1,"L1:[sp=K,250] Y=55,K=11,S=3,C=42,R=3,X=55 || L2:[sp=C,2] S=3,C=1,Y=8,X=55,R=3,K=1",-245.0,-1224.87,1,K|C,2
K,250,C,35,K,19,S,3,Y,55,R,3,X,55,X,11,S,3,C,1,X,55,K,1,Y,54,R,3,"L1:[sp=K,250] C=35,K=19,S=3,Y=55,R=3,X=55 || L2:[sp=X,11] S=3,C=1,X=55,K=1,Y=54,R=3",-245.0,-1190.29,1,K|X,2
K,250,C,35,K,19,X,55,Y,55,R,3,S,3,X,11,S,3,X,55,C,1,K,1,Y,54,R,3,"L1:[sp=K,250] C=35,K=19,X=55,Y=55,R=3,S=3 || L2:[sp=X,11] S=3,X=55,C=1,K=1,Y=54,R=3",-245.0,-1190.29,1,K|X,2
K,250,C,8,K,5,S,3,Y,55,R,3,X,55,X,55,C,1,S,3,X,55,R,3,Y,1,K,1,"L1:[sp=K,250] C=8,K=5,S=3,Y=55,R=3,X=55 || L2:[sp=X,55] C=1,S=3,X=55,R=3,Y=1,K=1",-249.0,-1177.12,1,K|X,2
K,250,C,8,K,5,S,3,Y,55,R,3,X,55,K,1,C,1,S,3,X,55,R,3,Y,1,K,1,"L1:[sp=K,250] C=8,K=5,S=3,Y=55,R=3,X=55 || L2:[sp=K,1] C=1,S=3,X=55,R=3,Y=1,K=1",-249.0,-1177.12,1,K|K,2
K,250,C,53,K,5,S,3,X,55,Y,55,R,3,K,1,C,1,S,3,X,55,R,3,Y,10,K,1,"L1:[sp=K,250] C=53,K=5,S=3,X=55,Y=55,R=3 || L2:[sp=K,1] C=1,S=3,X=55,R=3,Y=10,K=1",-249.0,-1279.2,1,K|K,2
K,250,C,53,Y,55,S,3,X,55,K,5,R,3,K,1,C,1,S,3,X,55,R,3,Y,10,K,1,"L1:[sp=K,250] C=53,Y=55,S=3,X=55,K=5,R=3 || L2:[sp=K,1] C=1,S=3,X=55,R=3,Y=10,K=1",-249.0,-1279.2,1,K|K,2
K,250,C,25,K,54,S,3,Y,55,R,3,X,55,K,2,C,1,Y,1,X,55,S,3,K,5,R,3,"L1:[sp=K,250] C=25,K=54,S=3,Y=55,R=3,X=55 || L2:[sp=K,2] C=1,Y=1,X=55,S=3,K=5,R=3",-250.0,-1202.91,1,K|K,2
K,250,R,3,S,3,X,55,Y,55,C,48,K,32,C,5,S,3,C,1,X,55,Y,43,K,1,R,3,"L1:[sp=K,250] R=3,S=3,X=55,Y=55,C=48,K=32 || L2:[sp=C,5] S=3,C=1,X=55,Y=43,K=1,R=3",-251.0,-1195.06,1,K|C,2
Y,250,C,10,K,16,S,3,Y,36,R,3,X,55,K,31,C,7,S,3,R,3,Y,1,X,55,K,1,"L1:[sp=Y,250] C=10,K=16,S=3,Y=36,R=3,X=55 || L2:[sp=K,31] C=7,S=3,R=3,Y=1,X=55,K=1",-253.0,-1102.76,1,Y|K,2
Y,250,C,10,K,16,S,3,Y,36,R,3,X,55,K,31,C,7,S,3,X,55,Y,1,R,3,K,1,"L1:[sp=Y,250] C=10,K=16,S=3,Y=36,R=3,X=55 || L2:[sp=K,31] C=7,S=3,X=55,Y=1,R=3,K=1",-253.0,-1102.76,1,Y|K,2
Y,250,C,10,K,16,S,3,Y,36,R,3,X,55,K,31,C,7,S,3,X,55,R,3,Y,1,K,1,"L1:[sp=Y,250] C=10,K=16,S=3,Y=36,R=3,X=55 || L2:[sp=K,31] C=7,S=3,X=55,R=3,Y=1,K=1",-253.0,-1102.76,1,Y|K,2
Y,250,C,10,K,16,S,3,Y,36,R,3,X,55,K,31,C,7,Y,1,X,55,S,3,R,3,K,1,"L1:[sp=Y,250] C=10,K=16,S=3,Y=36,R=3,X=55 || L2:[sp=K,31] C=7,Y=1,X=55,S=3,R=3,K=1",-253.0,-1102.76,1,Y|K,2
Y,250,C,10,K,16,S,3,Y,36,X,55,R,3,K,31,C,7,S,3,X,55,R,3,Y,1,K,1,"L1:[sp=Y,250] C=10,K=16,S=3,Y=36,X=55,R=3 || L2:[sp=K,31] C=7,S=3,X=55,R=3,Y=1,K=1",-253.0,-1102.76,1,Y|K,2
Y,250,C,10,K,16,S,3,Y,36,R,3,X,55,K,31,S,3,C,7,X,55,R,3,Y,1,K,1,"L1:[sp=Y,250] C=10,K=16,S=3,Y=36,R=3,X=55 || L2:[sp=K,31] S=3,C=7,X=55,R=3,Y=1,K=1",-253.0,-1102.76,1,Y|K,2
K,250,C,2,K,26,S,3,Y,55,R,3,X,55,C,43,C,2,S,3,K,1,R,3,Y,1,X,55,"L1:[sp=K,250] C=2,K=26,S=3,Y=55,R=3,X=55 || L2:[sp=C,43] C=2,S=3,K=1,R=3,Y=1,X=55",-257.0,-1183.69,1,K|C,2
K,250,C,29,K,5,S,3,X,55,Y,55,R,3,K,1,X,55,S,3,C,1,R,3,Y,26,K,1,"L1:[sp=K,250] C=29,K=5,S=3,X=55,Y=55,R=3 || L2:[sp=K,1] X=55,S=3,C=1,R=3,Y=26,K=1",-267.0,-1232.55,1,K|K,2
K,250,C,29,K,5,S,3,X,55,Y,55,R,3,Y,1,X,55,S,3,C,1,R,3,Y,26,K,1,"L1:[sp=K,250] C=29,K=5,S=3,X=55,Y=55,R=3 || L2:[sp=Y,1] X=55,S=3,C=1,R=3,Y=26,K=1",-267.0,-1232.55,1,K|Y,2
X,250,C,40,K,27,R,3,Y,55,X,56,S,3,K,19,R,3,Y,1,X,55,K,1,S,3,C,1,"L1:[sp=X,250] C=40,K=27,R=3,Y=55,X=56,S=3 || L2:[sp=K,19] R=3,Y=1,X=55,K=1,S=3,C=1",-267.0,-1267.59,1,X|K,2
X,250,C,40,K,27,R,3,Y,55,X,56,S,3,K,19,R,3,Y,1,S,3,K,1,X,55,C,1,"L1:[sp=X,250] C=40,K=27,R=3,Y=55,X=56,S=3 || L2:[sp=K,19] R=3,Y=1,S=3,K=1,X=55,C=1",-267.0,-1267.59,1,X|K,2
K,250,X,55,R,3,C,48,Y,55,S,3,K,19,C,4,Y,26,R,3,X,55,K,1,C,1,S,3,"L1:[sp=K,250] X=55,R=3,C=48,Y=55,S=3,K=19 || L2:[sp=C,4] Y=26,R=3,X=55,K=1,C=1,S=3",-269.0,-1254.5,1,K|C,2
K,250,X,55,R,3,C,48,Y,55,S,3,K,19,C,4,Y,2,R,3,X,55,K,1,C,1,S,3,"L1:[sp=K,250] X=55,R=3,C=48,Y=55,S=3,K=19 || L2:[sp=C,4] Y=2,R=3,X=55,K=1,C=1,S=3",-269.0,-1254.5,1,K|C,2
K,250,C,14,K,5,S,3,X,55,Y,55,R,3,K,1,C,1,S,3,X,55,R,3,Y,1,K,1,"L1:[sp=K,250] C=14,K=5,S=3,X=55,Y=55,R=3 || L2:[sp=K,1] C=1,S=3,X=55,R=3,Y=1,K=1",-276.0,-1191.11,1,K|K,2
K,250,C,53,K,5,S,3,X,55,Y,55,R,3,K,1,X,55,S,3,C,1,R,3,Y,26,K,1,"L1:[sp=K,250] C=53,K=5,S=3,X=55,Y=55,R=3 || L2:[sp=K,1] X=55,S=3,C=1,R=3,Y=26,K=1",-285.0,-1279.2,1,K|K,2
C,250,C,35,R,3,Y,55,S,3,K,32,X,55,C,7,S,3,C,1,X,55,K,1,Y,26,R,3,"L1:[sp=C,250] C=35,R=3,Y=55,S=3,K=32,X=55 || L2:[sp=C,7] S=3,C=1,X=55,K=1,Y=26,R=3",-285.0,-1175.2,1,C|C,2
K,250,S,3,C,10,K,59,Y,55,X,55,R,3,C,43,S,3,K,1,X,55,C,1,Y,26,R,3,"L1:[sp=K,250] S=3,C=10,K=59,Y=55,X=55,R=3 || L2:[sp=C,43] S=3,K=1,X=55,C=1,Y=26,R=3",-288.0,-1191.66,1,K|C,2
K,250,C,28,K,5,S,3,Y,55,R,3,X,55,X,55,C,1,S,3,X,55,R,3,Y,1,K,1,"L1:[sp=K,250] C=28,K=5,S=3,Y=55,R=3,X=55 || L2:[sp=X,55] C=1,S=3,X=55,R=3,Y=1,K=1",-294.0,-1225.14,1,K|X,2
K,250,C,28,K,5,S,3,Y,55,R,3,X,55,X,55,C,1,K,1,X,55,R,3,Y,1,S,3,"L1:[sp=K,250] C=28,K=5,S=3,Y=55,R=3,X=55 || L2:[sp=X,55] C=1,K=1,X=55,R=3,Y=1,S=3",-294.0,-1225.14,1,K|X,2
K,250,C,43,K,5,S,3,Y,55,R,3,X,55,X,55,C,1,S,3,X,55,R,3,Y,1,K,1,"L1:[sp=K,250] C=43,K=5,S=3,Y=55,R=3,X=55 || L2:[sp=X,55] C=1,S=3,X=55,R=3,Y=1,K=1",-303.0,-1229.81,1,K|X,2
C,250,K,33,C,35,S,3,X,55,R,3,Y,55,C,7,C,1,S,3,X,55,K,1,Y,1,R,3,"L1:[sp=C,250] K=33,C=35,S=3,X=55,R=3,Y=55 || L2:[sp=C,7] C=1,S=3,X=55,K=1,Y=1,R=3",-303.0,-1180.13,1,C|C,2
K,250,C,38,K,5,S,3,Y,55,R,3,X,55,X,55,C,1,S,3,X,55,R,3,Y,1,K,1,"L1:[sp=K,250] C=38,K=5,S=3,Y=55,R=3,X=55 || L2:[sp=X,55] C=1,S=3,X=55,R=3,Y=1,K=1",-303.0,-1205.11,1,K|X,2
K,250,C,53,K,5,S,3,X,55,Y,55,R,3,K,1,C,1,S,3,X,55,R,3,Y,1,K,1,"L1:[sp=K,250] C=53,K=5,S=3,X=55,Y=55,R=3 || L2:[sp=K,1] C=1,S=3,X=55,R=3,Y=1,K=1",-303.0,-1279.2,1,K|K,2
K,250,Y,55,K,11,S,3,C,42,R,3,X,55,C,2,S,3,C,1,Y,26,X,55,R,3,K,1,"L1:[sp=K,250] Y=55,K=11,S=3,C=42,R=3,X=55 || L2:[sp=C,2] S=3,C=1,Y=26,X=55,R=3,K=1",-317.0,-1224.87,1,K|C,2
K,250,Y,55,K,11,S,3,C,42,R,3,X,55,C,2,S,3,C,1,Y,26,X,55,K,1,R,3,"L1:[sp=K,250] Y=55,K=11,S=3,C=42,R=3,X=55 || L2:[sp=C,2] S=3,C=1,Y=26,X=55,K=1,R=3",-317.0,-1224.87,1,K|C,2
K,250,R,3,C,40,X,55,Y,55,S,3,K,41,C,5,S,3,C,1,X,55,Y,14,K,1,R,3,"L1:[sp=K,250] R=3,C=40,X=55,Y=55,S=3,K=41 || L2:[sp=C,5] S=3,C=1,X=55,Y=14,K=1,R=3",-318.0,-1214.99,1,K|C,2
K,250,X,55,C,35,R,3,Y,55,S,3,K,41,C,5,S,3,C,1,X,55,Y,14,K,1,R,3,"L1:[sp=K,250] X=55,C=35,R=3,Y=55,S=3,K=41 || L2:[sp=C,5] S=3,C=1,X=55,Y=14,K=1,R=3",-318.0,-1190.29,1,K|C,2
X,250,C,45,K,10,R,3,Y,55,X,56,S,3,K,61,R,3,S,3,X,55,K,1,Y,1,C,1,"L1:[sp=X,250] C=45,K=10,R=3,Y=55,X=56,S=3 || L2:[sp=K,61] R=3,S=3,X=55,K=1,Y=1,C=1",-323.0,-1260.65,1,X|K,2
X,250,C,40,K,10,R,3,Y,55,X,55,S,3,K,19,R,3,C,1,X,55,K,1,S,3,Y,1,"L1:[sp=X,250] C=40,K=10,R=3,Y=55,X=55,S=3 || L2:[sp=K,19] R=3,C=1,X=55,K=1,S=3,Y=1",-323.0,-1233.48,1,X|K,2
K,250,C,42,K,61,Y,55,S,3,R,3,X,55,C,2,C,1,S,3,X,55,R,3,Y,1,K,5,"L1:[sp=K,250] C=42,K=61,Y=55,S=3,R=3,X=55 || L2:[sp=C,2] C=1,S=3,X=55,R=3,Y=1,K=5",-327.0,-1224.87,1,K|C,2
C,57,Y,55,C,33,R,3,X,55,K,3,S,3,K,32,Y,1,S,3,X,55,C,1,K,2,R,3,"L1:[sp=C,57] Y=55,C=33,R=3,X=55,K=3,S=3 || L2:[sp=K,32] Y=1,S=3,X=55,C=1,K=2,R=3",-331.0,-1180.13,1,C|K,2
K,250,C,42,K,11,S,3,Y,55,R,3,X,55,C,2,C,1,S,3,R,3,X,55,Y,1,K,1,"L1:[sp=K,250] C=42,K=11,S=3,Y=55,R=3,X=55 || L2:[sp=C,2] C=1,S=3,R=3,X=55,Y=1,K=1",-335.0,-1224.87,1,K|C,2
K,250,C,54,K,11,S,3,Y,55,R,3,X,55,C,2,C,1,S,3,R,3,X,55,Y,1,K,1,"L1:[sp=K,250] C=54,K=11,S=3,Y=55,R=3,X=55 || L2:[sp=C,2] C=1,S=3,R=3,X=55,Y=1,K=1",-335.0,-1284.14,1,K|C,2
K,250,Y,55,K,11,S,3,C,42,R,3,X,55,C,2,C,1,S,3,Y,1,X,55,R,3,K,1,"L1:[sp=K,250] Y=55,K=11,S=3,C=42,R=3,X=55 || L2:[sp=C,2] C=1,S=3,Y=1,X=55,R=3,K=1",-335.0,-1224.87,1,K|C,2
Y,250,C,42,K,61,Y,55,S,3,R,3,X,55,C,2,C,1,S,3,X,55,R,3,Y,1,K,5,"L1:[sp=Y,250] C=42,K=61,Y=55,S=3,R=3,X=55 || L2:[sp=C,2] C=1,S=3,X=55,R=3,Y=1,K=5",-341.0,-1412.55,1,Y|C,2
K,250,Y,55,K,6,S,3,C,50,R,3,X,55,K,1,C,1,X,55,Y,4,K,1,S,3,R,3,"L1:[sp=K,250] Y=55,K=6,S=3,C=50,R=3,X=55 || L2:[sp=K,1] C=1,X=55,Y=4,K=1,S=3,R=3",-349.0,-1264.38,1,K|K,2
K,250,Y,55,K,6,R,3,C,50,S,3,X,55,K,1,C,1,X,55,Y,4,K,1,S,3,R,3,"L1:[sp=K,250] Y=55,K=6,R=3,C=50,S=3,X=55 || L2:[sp=K,1] C=1,X=55,Y=4,K=1,S=3,R=3",-349.0,-1264.38,1,K|K,2
K,250,Y,55,K,6,R,3,C,50,S,3,X,55,K,1,K,1,X,55,Y,4,C,1,S,3,R,3,"L1:[sp=K,250] Y=55,K=6,R=3,C=50,S=3,X=55 || L2:[sp=K,1] K=1,X=55,Y=4,C=1,S=3,R=3",-349.0,-1264.38,1,K|K,2
K,250,C,22,R,3,S,3,Y,55,X,55,K,19,Y,11,S,3,C,3,X,55,K,1,Y,1,R,3,"L1:[sp=K,250] C=22,R=3,S=3,Y=55,X=55,K=19 || L2:[sp=Y,11] S=3,C=3,X=55,K=1,Y=1,R=3",-357.0,-1180.69,1,K|Y,2
K,250,C,43,K,31,Y,55,S,3,R,3,X,55,Y,21,C,1,S,3,X,55,R,3,Y,1,K,5,"L1:[sp=K,250] C=43,K=31,Y=55,S=3,R=3,X=55 || L2:[sp=Y,21] C=1,S=3,X=55,R=3,Y=1,K=5",-359.0,-1229.81,1,K|Y,2
K,250,X,55,C,43,S,3,Y,55,R,3,K,11,Y,55,Y,19,S,3,X,55,K,1,C,1,R,3,"L1:[sp=K,250] X=55,C=43,S=3,Y=55,R=3,K=11 || L2:[sp=Y,55] Y=19,S=3,X=55,K=1,C=1,R=3",-363.0,-1229.81,1,K|Y,2
X,250,C,40,K,9,X,56,R,3,Y,55,S,3,K,61,S,3,R,3,K,1,X,55,Y,1,C,1,"L1:[sp=X,250] C=40,K=9,X=56,R=3,Y=55,S=3 || L2:[sp=K,61] S=3,R=3,K=1,X=55,Y=1,C=1",-369.0,-1239.85,1,X|K,2
X,250,C,9,R,3,X,55,Y,55,K,40,S,3,C,43,S,3,C,1,X,55,K,1,Y,53,R,3,"L1:[sp=X,250] C=9,R=3,X=55,Y=55,K=40,S=3 || L2:[sp=C,43] S=3,C=1,X=55,K=1,Y=53,R=3",-369.0,-1241.25,1,X|C,2
C,250,C,25,R,3,X,55,Y,55,S,3,K,17,C,4,S,3,R,3,X,55,Y,26,K,1,C,1,"L1:[sp=C,250] C=25,R=3,X=55,Y=55,S=3,K=17 || L2:[sp=C,4] S=3,R=3,X=55,Y=26,K=1,C=1",-377.0,-1185.06,1,C|C,2
Y,250,C,10,K,11,S,3,Y,36,R,3,X,55,K,31,C,7,S,3,X,55,R,3,Y,1,K,1,"L1:[sp=Y,250] C=10,K=11,S=3,Y=36,R=3,X=55 || L2:[sp=K,31] C=7,S=3,X=55,R=3,Y=1,K=1",-379.0,-1108.15,1,Y|K,2
K,250,R,3,C,40,X,55,Y,55,S,3,K,32,C,5,S,3,C,1,X,55,Y,26,K,1,R,3,"L1:[sp=K,250] R=3,C=40,X=55,Y=55,S=3,K=32 || L2:[sp=C,5] S=3,C=1,X=55,Y=26,K=1,R=3",-381.0,-1165.41,1,K|C,2
C,250,C,8,K,5,S,3,Y,55,R,3,X,55,K,1,C,1,S,3,X,55,R,3,Y,1,K,1,"L1:[sp=C,250] C=8,K=5,S=3,Y=55,R=3,X=55 || L2:[sp=K,1] C=1,S=3,X=55,R=3,Y=1,K=1",-396.0,-1177.66,1,C|K,2
K,250,C,3,R,3,S,3,Y,55,K,27,X,55,C,43,S,3,C,1,X,55,K,1,R,3,Y,1,"L1:[sp=K,250] C=3,R=3,S=3,Y=55,K=27,X=55 || L2:[sp=C,43] S=3,C=1,X=55,K=1,R=3,Y=1",-397.0,-1185.89,1,K|C,2
C,250,C,42,K,18,S,3,Y,55,R,3,X,55,Y,21,C,1,S,3,X,55,R,3,Y,1,K,5,"L1:[sp=C,250] C=42,K=18,S=3,Y=55,R=3,X=55 || L2:[sp=Y,21] C=1,S=3,X=55,R=3,Y=1,K=5",-409.0,-1194.92,1,C|Y,2
C,250,C,25,R,3,X,55,Y,55,S,3,K,40,C,4,S,3,R,3,X,55,Y,26,K,1,C,1,"L1:[sp=C,250] C=25,R=3,X=55,Y=55,S=3,K=40 || L2:[sp=C,4] S=3,R=3,X=55,Y=26,K=1,C=1",-413.0,-1214.65,1,C|C,2
K,250,C,2,K,31,S,3,Y,55,R,3,X,55,Y,21,C,2,S,3,X,55,R,3,K,1,Y,1,"L1:[sp=K,250] C=2,K=31,S=3,Y=55,R=3,X=55 || L2:[sp=Y,21] C=2,S=3,X=55,R=3,K=1,Y=1",-417.0,-1183.69,1,K|Y,2
K,250,C,2,K,31,S,3,Y,55,R,3,X,55,Y,11,C,2,S,3,R,3,X,55,K,1,Y,1,"L1:[sp=K,250] C=2,K=31,S=3,Y=55,R=3,X=55 || L2:[sp=Y,11] C=2,S=3,R=3,X=55,K=1,Y=1",-417.0,-1183.69,1,K|Y,2
K,250,C,42,K,38,R,3,S,3,Y,55,X,55,Y,5,C,1,S,3,X,55,R,3,Y,1,K,5,"L1:[sp=K,250] C=42,K=38,R=3,S=3,Y=55,X=55 || L2:[sp=Y,5] C=1,S=3,X=55,R=3,Y=1,K=5",-423.0,-1224.87,1,K|Y,2
K,250,C,42,K,14,S,3,Y,55,R,3,X,55,C,2,C,1,S,3,R,3,X,55,Y,1,K,1,"L1:[sp=K,250] C=42,K=14,S=3,Y=55,R=3,X=55 || L2:[sp=C,2] C=1,S=3,R=3,X=55,Y=1,K=1",-431.0,-1224.87,1,K|C,2
C,250,C,40,X,55,R,3,K,6,S,3,Y,55,C,4,S,3,R,3,X,55,K,1,Y,26,C,1,"L1:[sp=C,250] C=40,X=55,R=3,K=6,S=3,Y=55 || L2:[sp=C,4] S=3,R=3,X=55,K=1,Y=26,C=1",-443.0,-1180.13,1,C|C,2
K,250,C,40,K,46,Y,55,S,3,R,3,X,55,C,1,C,1,S,3,X,55,Y,26,R,3,K,5,"L1:[sp=K,250] C=40,K=46,Y=55,S=3,R=3,X=55 || L2:[sp=C,1] C=1,S=3,X=55,Y=26,R=3,K=5",-461.0,-1214.99,1,K|C,2
K,250,C,40,K,46,Y,55,S,3,R,3,X,55,C,1,C,1,S,3,K,5,Y,26,R,3,X,55,"L1:[sp=K,250] C=40,K=46,Y=55,S=3,R=3,X=55 || L2:[sp=C,1] C=1,S=3,K=5,Y=26,R=3,X=55",-461.0,-1214.99,1,K|C,2
K,250,C,35,K,46,Y,55,S,3,R,3,X,55,C,1,K,5,S,3,C,1,Y,26,R,3,X,55,"L1:[sp=K,250] C=35,K=46,Y=55,S=3,R=3,X=55 || L2:[sp=C,1] K=5,S=3,C=1,Y=26,R=3,X=55",-461.0,-1190.29,1,K|C,2
C,250,C,43,K,11,S,3,Y,55,R,3,X,55,X,1,C,1,S,3,X,55,R,3,Y,1,K,5,"L1:[sp=C,250] C=43,K=11,S=3,Y=55,R=3,X=55 || L2:[sp=X,1] C=1,S=3,X=55,R=3,Y=1,K=5",-462.0,-1180.13,1,C|X,2
X,250,C,35,R,3,Y,55,S,3,K,19,X,55,C,7,S,3,C,1,X,55,K,1,Y,26,R,3,"L1:[sp=X,250] C=35,R=3,Y=55,S=3,K=19,X=55 || L2:[sp=C,7] S=3,C=1,X=55,K=1,Y=26,R=3",-497.0,-1222.65,1,X|C,2
X,250,C,36,R,3,Y,55,S,3,K,19,X,55,C,7,S,3,C,1,X,55,K,1,Y,26,R,3,"L1:[sp=X,250] C=36,R=3,Y=55,S=3,K=19,X=55 || L2:[sp=C,7] S=3,C=1,X=55,K=1,Y=26,R=3",-497.0,-1228.51,1,X|C,2
X,250,C,34,R,3,Y,55,S,3,K,19,X,55,C,7,S,3,C,1,X,55,K,1,Y,26,R,3,"L1:[sp=X,250] C=34,R=3,Y=55,S=3,K=19,X=55 || L2:[sp=C,7] S=3,C=1,X=55,K=1,Y=26,R=3",-497.0,-1216.79,1,X|C,2
X,250,C,35,R,3,Y,55,K,19,S,3,X,55,C,7,S,3,C,1,X,55,K,1,Y,26,R,3,"L1:[sp=X,250] C=35,R=3,Y=55,K=19,S=3,X=55 || L2:[sp=C,7] S=3,C=1,X=55,K=1,Y=26,R=3",-497.0,-1222.65,1,X|C,2
X,250,C,35,R,3,Y,55,K,19,S,3,X,55,C,7,S,3,C,1,R,3,K,1,Y,26,X,55,"L1:[sp=X,250] C=35,R=3,Y=55,K=19,S=3,X=55 || L2:[sp=C,7] S=3,C=1,R=3,K=1,Y=26,X=55",-497.0,-1222.65,1,X|C,2
K,250,R,3,C,40,S,3,Y,55,X,55,K,41,C,5,S,3,C,1,X,55,Y,26,K,1,R,3,"L1:[sp=K,250] R=3,C=40,S=3,Y=55,X=55,K=41 || L2:[sp=C,5] S=3,C=1,X=55,Y=26,K=1,R=3",-498.0,-1214.99,1,K|C,2
K,250,R,3,C,35,S,3,Y,55,X,55,K,41,C,5,S,3,C,1,X,55,Y,26,K,1,R,3,"L1:[sp=K,250] R=3,C=35,S=3,Y=55,X=55,K=41 || L2:[sp=C,5] S=3,C=1,X=55,Y=26,K=1,R=3",-498.0,-1190.29,1,K|C,2
K,250,R,3,C,40,S,3,Y,55,X,55,K,41,C,5,S,3,C,1,X,55,Y,26,R,3,K,1,"L1:[sp=K,250] R=3,C=40,S=3,Y=55,X=55,K=41 || L2:[sp=C,5] S=3,C=1,X=55,Y=26,R=3,K=1",-498.0,-1214.99,1,K|C,2
K,250,S,3,C,22,R,3,X,55,Y,55,K,55,C,2,C,3,S,3,R,3,X,55,Y,26,K,1,"L1:[sp=K,250] S=3,C=22,R=3,X=55,Y=55,K=55 || L2:[sp=C,2] C=3,S=3,R=3,X=55,Y=26,K=1",-499.0,-1180.69,1,K|C,2
K,250,C,22,R,3,S,3,Y,55,X,55,K,19,Y,11,S,3,C,1,X,55,K,1,Y,26,R,3,"L1:[sp=K,250] C=22,R=3,S=3,Y=55,X=55,K=19 || L2:[sp=Y,11] S=3,C=1,X=55,K=1,Y=26,R=3",-515.0,-1180.69,1,K|Y,2
K,250,C,10,K,61,Y,55,S,3,R,3,X,55,Y,21,C,1,S,3,X,55,R,3,Y,1,K,5,"L1:[sp=K,250] C=10,K=61,Y=55,S=3,R=3,X=55 || L2:[sp=Y,21] C=1,S=3,X=55,R=3,Y=1,K=5",-518.0,-1191.66,1,K|Y,2
K,250,K,19,C,22,S,3,X,55,Y,55,R,3,C,2,C,1,S,3,R,3,X,55,Y,51,K,1,"L1:[sp=K,250] K=19,C=22,S=3,X=55,Y=55,R=3 || L2:[sp=C,2] C=1,S=3,R=3,X=55,Y=51,K=1",-528.0,-1180.69,1,K|C,2
C,250,C,43,K,63,Y,55,S,3,R,3,X,55,Y,21,C,1,S,3,R,3,X,55,Y,1,K,5,"L1:[sp=C,250] C=43,K=63,Y=55,S=3,R=3,X=55 || L2:[sp=Y,21] C=1,S=3,R=3,X=55,Y=1,K=5",-531.0,-1328.06,1,C|Y,2
C,250,C,43,K,63,Y,55,S,3,R,3,X,55,Y,21,C,1,S,3,R,3,K,5,Y,1,X,55,"L1:[sp=C,250] C=43,K=63,Y=55,S=3,R=3,X=55 || L2:[sp=Y,21] C=1,S=3,R=3,K=5,Y=1,X=55",-531.0,-1328.06,1,C|Y,2
C,250,C,42,K,31,S,3,Y,55,R,3,X,55,Y,21,C,1,S,3,X,55,R,3,Y,1,K,5,"L1:[sp=C,250] C=42,K=31,S=3,Y=55,R=3,X=55 || L2:[sp=Y,21] C=1,S=3,X=55,R=3,Y=1,K=5",-532.0,-1246.7,1,C|Y,2
K,250,C,23,K,19,S,3,Y,22,R,3,X,55,C,43,S,3,C,1,Y,4,K,1,X,55,R,3,"L1:[sp=K,250] C=23,K=19,S=3,Y=22,R=3,X=55 || L2:[sp=C,43] S=3,C=1,Y=4,K=1,X=55,R=3",-532.0,-1162.68,1,K|C,2
K,250,C,35,R,3,K,19,Y,1,X,56,S,3,X,4,S,3,X,55,C,1,K,16,Y,1,R,3,"L1:[sp=K,250] C=35,R=3,K=19,Y=1,X=56,S=3 || L2:[sp=X,4] S=3,X=55,C=1,K=16,Y=1,R=3",-541.0,-1130.27,1,K|X,2
K,250,X,55,K,64,S,3,Y,55,R,3,C,7,C,43,C,1,S,3,X,55,R,3,Y,1,K,1,"L1:[sp=K,250] X=55,K=64,S=3,Y=55,R=3,C=7 || L2:[sp=C,43] C=1,S=3,X=55,R=3,Y=1,K=1",-551.0,-1192.48,1,K|C,2
K,250,C,40,K,46,Y,55,S,3,R,3,X,55,C,1,C,1,S,3,K,5,Y,1,R,3,X,55,"L1:[sp=K,250] C=40,K=46,Y=55,S=3,R=3,X=55 || L2:[sp=C,1] C=1,S=3,K=5,Y=1,R=3,X=55",-551.0,-1214.99,1,K|C,2
K,250,C,40,K,46,S,3,Y,55,X,55,R,3,C,1,C,1,S,3,R,3,Y,1,K,5,X,55,"L1:[sp=K,250] C=40,K=46,S=3,Y=55,X=55,R=3 || L2:[sp=C,1] C=1,S=3,R=3,Y=1,K=5,X=55",-551.0,-1214.99,1,K|C,2
K,250,C,42,K,19,S,3,X,55,R,3,Y,55,C,2,C,1,S,3,R,3,X,55,Y,51,K,1,"L1:[sp=K,250] C=42,K=19,S=3,X=55,R=3,Y=55 || L2:[sp=C,2] C=1,S=3,R=3,X=55,Y=51,K=1",-555.0,-1224.87,1,K|C,2
K,250,S,3,C,22,K,19,X,55,Y,55,R,3,C,2,C,1,S,3,R,3,X,55,Y,2,K,1,"L1:[sp=K,250] S=3,C=22,K=19,X=55,Y=55,R=3 || L2:[sp=C,2] C=1,S=3,R=3,X=55,Y=2,K=1",-555.0,-1180.69,1,K|C,2
K,250,S,3,C,22,K,19,X,55,Y,55,R,3,C,2,C,1,S,3,R,3,X,55,Y,26,K,1,"L1:[sp=K,250] S=3,C=22,K=19,X=55,Y=55,R=3 || L2:[sp=C,2] C=1,S=3,R=3,X=55,Y=26,K=1",-555.0,-1180.69,1,K|C,2
K,250,S,3,C,22,X,55,K,19,Y,55,R,3,C,2,C,1,S,3,R,3,X,55,Y,2,K,1,"L1:[sp=K,250] S=3,C=22,X=55,K=19,Y=55,R=3 || L2:[sp=C,2] C=1,S=3,R=3,X=55,Y=2,K=1",-555.0,-1180.69,1,K|C,2
K,250,C,50,K,45,S,3,X,55,Y,55,R,3,K,5,C,1,S,3,X,55,R,3,Y,1,K,1,"L1:[sp=K,250] C=50,K=45,S=3,X=55,Y=55,R=3 || L2:[sp=K,5] C=1,S=3,X=55,R=3,Y=1,K=1",-559.0,-1264.38,1,K|K,2
K,250,K,33,R,3,S,3,X,55,C,43,Y,55,Y,55,X,55,S,3,C,3,K,1,Y,3,R,3,"L1:[sp=K,250] K=33,R=3,S=3,X=55,C=43,Y=55 || L2:[sp=Y,55] X=55,S=3,C=3,K=1,Y=3,R=3",-565.0,-1229.81,1,K|Y,2
K,250,X,55,K,19,S,3,R,3,Y,55,C,36,X,1,K,2,X,55,Y,13,C,1,S,3,R,3,"L1:[sp=K,250] X=55,K=19,S=3,R=3,Y=55,C=36 || L2:[sp=X,1] K=2,X=55,Y=13,C=1,S=3,R=3",-569.0,-1195.23,1,K|X,2
K,250,C,25,K,54,S,3,Y,55,R,3,X,55,Y,21,C,1,Y,1,X,55,S,3,K,5,R,3,"L1:[sp=K,250] C=25,K=54,S=3,Y=55,R=3,X=55 || L2:[sp=Y,21] C=1,Y=1,X=55,S=3,K=5,R=3",-570.0,-1202.91,1,K|Y,2
K,250,X,55,K,54,S,3,Y,55,R,3,C,25,Y,21,C,1,Y,1,X,55,S,3,K,5,R,3,"L1:[sp=K,250] X=55,K=54,S=3,Y=55,R=3,C=25 || L2:[sp=Y,21] C=1,Y=1,X=55,S=3,K=5,R=3",-570.0,-1202.91,1,K|Y,2
K,250,C,25,K,54,S,3,Y,55,R,3,X,55,Y,1,C,1,Y,1,X,55,S,3,K,5,R,3,"L1:[sp=K,250] C=25,K=54,S=3,Y=55,R=3,X=55 || L2:[sp=Y,1] C=1,Y=1,X=55,S=3,K=5,R=3",-570.0,-1202.91,1,K|Y,2
K,250,C,42,K,19,Y,55,X,55,R,3,S,3,C,2,C,1,S,3,R,3,X,55,Y,26,K,1,"L1:[sp=K,250] C=42,K=19,Y=55,X=55,R=3,S=3 || L2:[sp=C,2] C=1,S=3,R=3,X=55,Y=26,K=1",-573.0,-1224.87,1,K|C,2
K,250,Y,55,K,19,S,3,C,42,R,3,X,55,C,2,S,3,X,55,Y,26,C,1,K,1,R,3,"L1:[sp=K,250] Y=55,K=19,S=3,C=42,R=3,X=55 || L2:[sp=C,2] S=3,X=55,Y=26,C=1,K=1,R=3",-573.0,-1224.87,1,K|C,2
K,97,S,3,Y,55,K,1,R,3,X,55,C,10,K,1,R,3,S,3,K,1,X,1,Y,1,C,7,"L1:[sp=K,97] S=3,Y=55,K=1,R=3,X=55,C=10 || L2:[sp=K,1] R=3,S=3,K=1,X=1,Y=1,C=7",-575.0,-1191.63,1,K|K,2
K,97,S,3,R,3,K,1,C,10,X,55,Y,55,K,1,R,3,S,3,K,1,X,1,Y,1,C,7,"L1:[sp=K,97] S=3,R=3,K=1,C=10,X=55,Y=55 || L2:[sp=K,1] R=3,S=3,K=1,X=1,Y=1,C=7",-575.0,-1191.63,1,K|K,2
C,250,R,3,X,55,Y,3,S,3,C,35,K,19,K,32,X,55,S,3,C,1,Y,3,K,1,R,3,"L1:[sp=C,250] R=3,X=55,Y=3,S=3,C=35,K=19 || L2:[sp=K,32] X=55,S=3,C=1,Y=3,K=1,R=3",-577.0,-3593.81,1,C|K,2
C,250,K,63,Y,55,C,38,S,3,R,3,X,55,Y,21,C,1,S,3,R,3,X,55,Y,1,K,4,"L1:[sp=C,250] K=63,Y=55,C=38,S=3,R=3,X=55 || L2:[sp=Y,21] C=1,S=3,R=3,X=55,Y=1,K=4",-584.0,-1328.06,1,C|Y,2
Y,250,Y,55,X,55,S,3,C,35,K,40,R,3,C,4,K,1,Y,40,X,55,S,3,C,1,R,3,"L1:[sp=Y,250] Y=55,X=55,S=3,C=35,K=40,R=3 || L2:[sp=C,4] K=1,Y=40,X=55,S=3,C=1,R=3",-585.0,-1233.44,1,Y|C,2
K,250,K,11,C,5,S,3,Y,55,R,3,X,55,K,1,C,1,S,3,X,55,K,1,Y,1,R,3,"L1:[sp=K,250] K=11,C=5,S=3,Y=55,R=3,X=55 || L2:[sp=K,1] C=1,S=3,X=55,K=1,Y=1,R=3",-588.0,-1180.96,1,K|K,2
K,250,C,42,K,19,S,3,Y,55,R,3,X,55,C,2,C,1,S,3,R,3,X,55,Y,1,K,1,"L1:[sp=K,250] C=42,K=19,S=3,Y=55,R=3,X=55 || L2:[sp=C,2] C=1,S=3,R=3,X=55,Y=1,K=1",-591.0,-1224.87,1,K|C,2
K,250,C,42,K,19,S,3,X,55,R,3,Y,55,C,2,C,1,S,3,R,3,X,55,Y,1,K,1,"L1:[sp=K,250] C=42,K=19,S=3,X=55,R=3,Y=55 || L2:[sp=C,2] C=1,S=3,R=3,X=55,Y=1,K=1",-591.0,-1224.87,1,K|C,2
K,250,Y,55,K,19,S,3,C,59,R,3,X,55,C,2,S,3,X,55,Y,26,C,1,K,1,R,3,"L1:[sp=K,250] Y=55,K=19,S=3,C=59,R=3,X=55 || L2:[sp=C,2] S=3,X=55,Y=26,C=1,K=1,R=3",-592.0,-1308.84,1,K|C,2
K,250,Y,55,K,19,S,3,C,59,R,3,X,55,C,2,X,55,S,3,Y,26,C,1,K,1,R,3,"L1:[sp=K,250] Y=55,K=19,S=3,C=59,R=3,X=55 || L2:[sp=C,2] X=55,S=3,Y=26,C=1,K=1,R=3",-592.0,-1308.84,1,K|C,2
K,250,Y,55,K,19,S,3,C,55,R,3,X,55,C,2,S,3,X,55,Y,26,C,1,K,1,R,3,"L1:[sp=K,250] Y=55,K=19,S=3,C=55,R=3,X=55 || L2:[sp=C,2] S=3,X=55,Y=26,C=1,K=1,R=3",-592.0,-1289.08,1,K|C,2
C,250,K,19,S,3,C,22,X,55,Y,55,R,3,C,2,C,1,S,3,R,3,X,55,Y,51,K,1,"L1:[sp=C,250] K=19,S=3,C=22,X=55,Y=55,R=3 || L2:[sp=C,2] C=1,S=3,R=3,X=55,Y=51,K=1",-597.0,-1204.78,1,C|C,2
K,250,C,5,R,3,S,3,Y,55,K,64,X,55,C,43,S,3,C,1,X,55,K,1,Y,26,R,3,"L1:[sp=K,250] C=5,R=3,S=3,Y=55,K=64,X=55 || L2:[sp=C,43] S=3,C=1,X=55,K=1,Y=26,R=3",-599.0,-1180.96,1,K|C,2
K,250,Y,55,K,19,S,3,C,59,R,3,X,55,C,2,C,1,S,3,Y,1,X,55,R,3,K,1,"L1:[sp=K,250] Y=55,K=19,S=3,C=59,R=3,X=55 || L2:[sp=C,2] C=1,S=3,Y=1,X=55,R=3,K=1",-610.0,-1308.84,1,K|C,2
C,250,C,10,K,31,S,3,Y,55,R,3,X,55,Y,21,C,1,S,3,X,55,R,3,Y,1,K,1,"L1:[sp=C,250] C=10,K=31,S=3,Y=55,R=3,X=55 || L2:[sp=Y,21] C=1,S=3,X=55,R=3,Y=1,K=1",-614.0,-1246.7,1,C|Y,2
K,250,C,45,K,54,S,3,Y,55,R,3,X,55,Y,21,C,1,Y,1,X,55,S,3,K,5,R,3,"L1:[sp=K,250] C=45,K=54,S=3,Y=55,R=3,X=55 || L2:[sp=Y,21] C=1,Y=1,X=55,S=3,K=5,R=3",-615.0,-1239.69,1,K|Y,2
K,250,C,43,S,3,Y,30,K,11,R,3,X,55,Y,21,R,3,S,3,X,55,C,1,Y,1,K,4,"L1:[sp=K,250] C=43,S=3,Y=30,K=11,R=3,X=55 || L2:[sp=Y,21] R=3,S=3,X=55,C=1,Y=1,K=4",-625.0,-1222.13,1,K|Y,2
K,250,C,45,R,3,Y,30,X,55,S,3,K,11,Y,21,R,3,X,55,S,3,C,1,Y,1,K,4,"L1:[sp=K,250] C=45,R=3,Y=30,X=55,S=3,K=11 || L2:[sp=Y,21] R=3,X=55,S=3,C=1,Y=1,K=4",-625.0,-1233.05,1,K|Y,2
K,250,C,8,X,55,S,3,Y,42,R,3,K,19,X,11,S,3,C,1,Y,26,K,1,X,55,R,3,"L1:[sp=K,250] C=8,X=55,S=3,Y=42,R=3,K=19 || L2:[sp=X,11] S=3,C=1,Y=26,K=1,X=55,R=3",-625.0,-1079.87,1,K|X,2
Y,250,C,40,X,55,R,3,K,6,S,3,Y,55,C,4,S,3,R,3,X,55,K,1,Y,26,C,1,"L1:[sp=Y,250] C=40,X=55,R=3,K=6,S=3,Y=55 || L2:[sp=C,4] S=3,R=3,X=55,K=1,Y=26,C=1",-629.0,-1221.15,1,Y|C,2
K,250,Y,55,C,10,K,1,S,3,R,3,X,55,K,1,C,10,S,3,X,1,R,3,Y,1,K,1,"L1:[sp=K,250] Y=55,C=10,K=1,S=3,R=3,X=55 || L2:[sp=K,1] C=10,S=3,X=1,R=3,Y=1,K=1",-638.0,-1189.32,1,K|K,2
C,250,K,63,Y,55,C,42,S,3,R,3,X,55,Y,21,C,1,S,3,R,3,X,55,Y,1,K,4,"L1:[sp=C,250] K=63,Y=55,C=42,S=3,R=3,X=55 || L2:[sp=Y,21] C=1,S=3,R=3,X=55,Y=1,K=4",-652.0,-1328.06,1,C|Y,2
K,250,R,3,S,3,X,55,Y,14,C,40,K,32,C,5,S,3,K,1,X,55,Y,14,C,1,R,3,"L1:[sp=K,250] R=3,S=3,X=55,Y=14,C=40,K=32 || L2:[sp=C,5] S=3,K=1,X=55,Y=14,C=1,R=3",-657.0,-1319.84,1,K|C,2
Y,250,R,3,K,11,C,13,Y,55,S,3,X,55,C,1,R,3,S,3,X,55,Y,1,C,1,K,3,"L1:[sp=Y,250] R=3,K=11,C=13,Y=55,S=3,X=55 || L2:[sp=C,1] R=3,S=3,X=55,Y=1,C=1,K=3",-663.0,-1184.89,1,Y|C,2
Y,250,R,3,K,22,C,13,Y,55,S,3,X,55,C,1,R,3,S,3,X,55,Y,26,C,1,K,3,"L1:[sp=Y,250] R=3,K=22,C=13,Y=55,S=3,X=55 || L2:[sp=C,1] R=3,S=3,X=55,Y=26,C=1,K=3",-663.0,-1184.22,1,Y|C,2
Y,250,R,3,S,3,C,13,Y,55,K,22,X,55,C,1,R,3,S,3,X,55,Y,26,C,1,K,3,"L1:[sp=Y,250] R=3,S=3,C=13,Y=55,K=22,X=55 || L2:[sp=C,1] R=3,S=3,X=55,Y=26,C=1,K=3",-663.0,-1183.77,1,Y|C,2
Y,250,C,26,K,31,S,3,Y,55,R,3,X,55,Y,21,C,1,S,3,X,55,R,3,Y,1,K,5,"L1:[sp=Y,250] C=26,K=31,S=3,Y=55,R=3,X=55 || L2:[sp=Y,21] C=1,S=3,X=55,R=3,Y=1,K=5",-664.0,-1297.46,1,Y|Y,2
K,250,C,43,S,3,Y,55,K,11,R,3,X,55,Y,21,R,3,S,3,X,55,C,1,Y,1,K,1,"L1:[sp=K,250] C=43,S=3,Y=55,K=11,R=3,X=55 || L2:[sp=Y,21] R=3,S=3,X=55,C=1,Y=1,K=1",-687.0,-1229.81,1,K|Y,2
K,250,C,43,K,11,Y,55,S,3,R,3,X,55,Y,21,C,1,S,3,X,55,R,3,Y,1,K,1,"L1:[sp=K,250] C=43,K=11,Y=55,S=3,R=3,X=55 || L2:[sp=Y,21] C=1,S=3,X=55,R=3,Y=1,K=1",-687.0,-1229.81,1,K|Y,2
K,250,C,43,K,11,Y,55,S,3,R,3,X,55,Y,21,C,1,S,3,X,55,R,3,K,1,Y,1,"L1:[sp=K,250] C=43,K=11,Y=55,S=3,R=3,X=55 || L2:[sp=Y,21] C=1,S=3,X=55,R=3,K=1,Y=1",-687.0,-1229.81,1,K|Y,2
K,250,C,43,K,11,S,3,Y,55,R,3,X,55,K,1,C,1,S,3,X,55,R,3,Y,1,K,1,"L1:[sp=K,250] C=43,K=11,S=3,Y=55,R=3,X=55 || L2:[sp=K,1] C=1,S=3,X=55,R=3,Y=1,K=1",-687.0,-1229.81,1,K|K,2
K,250,C,33,K,11,S,3,Y,55,R,3,X,55,K,1,C,1,S,3,X,55,R,3,Y,1,K,1,"L1:[sp=K,250] C=33,K=11,S=3,Y=55,R=3,X=55 || L2:[sp=K,1] C=1,S=3,X=55,R=3,Y=1,K=1",-687.0,-1180.41,1,K|K,2
K,250,K,11,C,43,S,3,Y,55,R,3,X,55,Y,55,C,1,S,3,X,55,K,1,Y,1,R,3,"L1:[sp=K,250] K=11,C=43,S=3,Y=55,R=3,X=55 || L2:[sp=Y,55] C=1,S=3,X=55,K=1,Y=1,R=3",-687.0,-1229.81,1,K|Y,2
K,250,C,43,K,11,S,3,Y,55,R,3,X,55,X,55,C,1,S,3,X,55,R,3,Y,1,K,1,"L1:[sp=K,250] C=43,K=11,S=3,Y=55,R=3,X=55 || L2:[sp=X,55] C=1,S=3,X=55,R=3,Y=1,K=1",-687.0,-1229.81,1,K|X,2
K,250,C,43,K,11,S,3,Y,55,R,3,X,55,X,55,C,1,Y,1,X,55,R,3,S,3,K,1,"L1:[sp=K,250] C=43,K=11,S=3,Y=55,R=3,X=55 || L2:[sp=X,55] C=1,Y=1,X=55,R=3,S=3,K=1",-687.0,-1229.81,1,K|X,2
K,250,K,11,C,43,S,3,X,55,R,3,Y,55,Y,55,C,1,S,3,X,55,K,1,Y,1,R,3,"L1:[sp=K,250] K=11,C=43,S=3,X=55,R=3,Y=55 || L2:[sp=Y,55] C=1,S=3,X=55,K=1,Y=1,R=3",-687.0,-1229.81,1,K|Y,2
K,250,C,43,K,11,S,3,Y,55,R,3,X,55,K,1,C,1,Y,1,X,55,R,3,S,3,K,1,"L1:[sp=K,250] C=43,K=11,S=3,Y=55,R=3,X=55 || L2:[sp=K,1] C=1,Y=1,X=55,R=3,S=3,K=1",-687.0,-1229.81,1,K|K,2
K,250,K,11,C,43,S,3,Y,55,R,3,X,55,Y,55,R,3,S,3,X,55,K,1,Y,1,C,1,"L1:[sp=K,250] K=11,C=43,S=3,Y=55,R=3,X=55 || L2:[sp=Y,55] R=3,S=3,X=55,K=1,Y=1,C=1",-687.0,-1229.81,1,K|Y,2
K,250,X,55,C,43,S,3,Y,55,R,3,K,11,Y,55,Y,1,S,3,X,55,K,1,C,1,R,3,"L1:[sp=K,250] X=55,C=43,S=3,Y=55,R=3,K=11 || L2:[sp=Y,55] Y=1,S=3,X=55,K=1,C=1,R=3",-687.0,-1229.81,1,K|Y,2
K,250,C,42,K,11,S,3,Y,55,R,3,X,55,X,5,C,1,S,3,K,1,X,55,Y,1,R,3,"L1:[sp=K,250] C=42,K=11,S=3,Y=55,R=3,X=55 || L2:[sp=X,5] C=1,S=3,K=1,X=55,Y=1,R=3",-687.0,-1224.87,1,K|X,2
K,250,R,3,K,19,S,3,Y,55,C,43,X,55,C,43,C,1,S,3,X,53,K,1,Y,26,R,3,"L1:[sp=K,250] R=3,K=19,S=3,Y=55,C=43,X=55 || L2:[sp=C,43] C=1,S=3,X=53,K=1,Y=26,R=3",-687.0,-1229.81,1,K|C,2
K,250,X,55,C,43,S,3,Y,55,R,3,K,11,Y,55,Y,1,X,55,S,3,K,1,C,1,R,3,"L1:[sp=K,250] X=55,C=43,S=3,Y=55,R=3,K=11 || L2:[sp=Y,55] Y=1,X=55,S=3,K=1,C=1,R=3",-687.0,-1229.81,1,K|Y,2
K,250,C,35,R,3,S,3,Y,55,X,55,K,19,C,43,S,3,C,1,X,53,K,1,Y,26,R,3,"L1:[sp=K,250] C=35,R=3,S=3,Y=55,X=55,K=19 || L2:[sp=C,43] S=3,C=1,X=53,K=1,Y=26,R=3",-687.0,-1190.29,1,K|C,2
K,250,C,60,K,55,Y,55,S,3,X,56,R,3,K,5,S,3,R,3,K,1,X,55,Y,1,C,1,"L1:[sp=K,250] C=60,K=55,Y=55,S=3,X=56,R=3 || L2:[sp=K,5] S=3,R=3,K=1,X=55,Y=1,C=1",-687.0,-1313.81,1,K|K,2
Y,250,C,35,R,3,K,40,Y,4,S,3,X,55,C,5,S,3,R,3,X,55,K,1,C,1,Y,4,"L1:[sp=Y,250] C=35,R=3,K=40,Y=4,S=3,X=55 || L2:[sp=C,5] S=3,R=3,X=55,K=1,C=1,Y=4",-689.0,-1223.68,1,Y|C,2
Y,250,C,35,R,3,K,40,Y,4,S,3,X,55,C,5,S,3,C,1,X,55,K,1,R,3,Y,4,"L1:[sp=Y,250] C=35,R=3,K=40,Y=4,S=3,X=55 || L2:[sp=C,5] S=3,C=1,X=55,K=1,R=3,Y=4",-689.0,-1223.68,1,Y|C,2
Y,250,C,35,R,3,K,40,Y,4,S,3,X,55,C,5,S,3,Y,4,X,55,K,1,R,3,C,1,"L1:[sp=Y,250] C=35,R=3,K=40,Y=4,S=3,X=55 || L2:[sp=C,5] S=3,Y=4,X=55,K=1,R=3,C=1",-689.0,-1223.68,1,Y|C,2
C,250,C,45,R,3,X,55,Y,55,S,3,K,19,C,4,S,3,R,3,X,55,Y,26,K,1,C,1,"L1:[sp=C,250] C=45,R=3,X=55,Y=55,S=3,K=19 || L2:[sp=C,4] S=3,R=3,X=55,Y=26,K=1,C=1",-697.0,-1204.78,1,C|C,2
C,250,C,45,R,3,X,55,Y,55,S,3,K,19,C,4,C,1,R,3,X,55,Y,26,K,1,S,3,"L1:[sp=C,250] C=45,R=3,X=55,Y=55,S=3,K=19 || L2:[sp=C,4] C=1,R=3,X=55,Y=26,K=1,S=3",-697.0,-1204.78,1,C|C,2
Y,250,C,40,R,3,X,55,Y,55,S,3,K,40,C,4,S,3,R,3,X,55,K,1,Y,15,C,1,"L1:[sp=Y,250] C=40,R=3,X=55,Y=55,S=3,K=40 || L2:[sp=C,4] S=3,R=3,X=55,K=1,Y=15,C=1",-701.0,-1264.3,1,Y|C,2
K,250,C,42,K,11,S,3,Y,2,R,3,X,55,C,43,C,1,S,3,R,3,X,55,Y,1,K,1,"L1:[sp=K,250] C=42,K=11,S=3,Y=2,R=3,X=55 || L2:[sp=C,43] C=1,S=3,R=3,X=55,Y=1,K=1",-703.0,-1214.51,1,K|C,2
K,250,C,18,K,19,S,3,R,3,Y,21,X,55,C,43,S,3,K,1,X,55,C,1,Y,4,R,3,"L1:[sp=K,250] C=18,K=19,S=3,R=3,Y=21,X=55 || L2:[sp=C,43] S=3,K=1,X=55,C=1,Y=4,R=3",-709.0,-1155.24,1,K|C,2
Y,250,C,27,X,55,R,3,K,39,S,3,Y,55,K,5,S,3,R,3,X,55,K,1,Y,26,C,1,"L1:[sp=Y,250] C=27,X=55,R=3,K=39,S=3,Y=55 || L2:[sp=K,5] S=3,R=3,X=55,K=1,Y=26,C=1",-725.0,-1261.42,1,Y|K,2
Y,250,C,27,X,55,S,3,K,49,R,3,Y,55,K,5,C,1,X,55,R,3,K,1,Y,26,S,3,"L1:[sp=Y,250] C=27,X=55,S=3,K=49,R=3,Y=55 || L2:[sp=K,5] C=1,X=55,R=3,K=1,Y=26,S=3",-725.0,-1323.82,1,Y|K,2
Y,250,C,27,X,55,S,3,K,49,R,3,Y,55,K,5,C,1,X,55,K,1,R,3,S,3,Y,26,"L1:[sp=Y,250] C=27,X=55,S=3,K=49,R=3,Y=55 || L2:[sp=K,5] C=1,X=55,K=1,R=3,S=3,Y=26",-725.0,-1323.82,1,Y|K,2
Y,250,C,27,Y,55,S,3,K,49,R,3,X,55,K,5,C,1,X,55,K,1,R,3,S,3,Y,26,"L1:[sp=Y,250] C=27,Y=55,S=3,K=49,R=3,X=55 || L2:[sp=K,5] C=1,X=55,K=1,R=3,S=3,Y=26",-725.0,-1323.82,1,Y|K,2
Y,250,C,27,Y,55,S,3,X,55,K,49,R,3,K,5,C,1,X,55,K,1,R,3,S,3,Y,26,"L1:[sp=Y,250] C=27,Y=55,S=3,X=55,K=49,R=3 || L2:[sp=K,5] C=1,X=55,K=1,R=3,S=3,Y=26",-725.0,-1323.82,1,Y|K,2
C,250,C,45,R,3,X,55,Y,55,S,3,K,40,C,4,S,3,R,3,X,55,Y,26,K,1,C,1,"L1:[sp=C,250] C=45,R=3,X=55,Y=55,S=3,K=40 || L2:[sp=C,4] S=3,R=3,X=55,Y=26,K=1,C=1",-733.0,-1214.65,1,C|C,2
Y,250,C,16,R,3,X,55,Y,55,S,3,K,19,C,4,S,3,R,3,X,55,K,1,C,1,Y,26,"L1:[sp=Y,250] C=16,R=3,X=55,Y=55,S=3,K=19 || L2:[sp=C,4] S=3,R=3,X=55,K=1,C=1,Y=26",-737.0,-1205.61,1,Y|C,2
X,250,C,16,R,3,X,55,Y,55,S,3,K,19,C,4,S,3,R,3,X,55,K,1,C,1,Y,26,"L1:[sp=X,250] C=16,R=3,X=55,Y=55,S=3,K=19 || L2:[sp=C,4] S=3,R=3,X=55,K=1,C=1,Y=26",-737.0,-1205.61,1,X|C,2
Y,250,C,16,R,3,X,55,Y,55,S,3,K,19,C,4,S,3,R,3,Y,26,K,1,C,1,X,55,"L1:[sp=Y,250] C=16,R=3,X=55,Y=55,S=3,K=19 || L2:[sp=C,4] S=3,R=3,Y=26,K=1,C=1,X=55",-737.0,-1205.61,1,Y|C,2
Y,250,C,16,R,3,X,55,Y,4,S,3,K,35,C,4,S,3,R,3,X,55,K,1,C,1,Y,4,"L1:[sp=Y,250] C=16,R=3,X=55,Y=4,S=3,K=35 || L2:[sp=C,4] S=3,R=3,X=55,K=1,C=1,Y=4",-737.0,-1147.39,1,Y|C,2
X,250,X,55,R,3,C,16,Y,55,S,3,K,19,C,4,S,3,R,3,X,55,K,1,C,1,Y,26,"L1:[sp=X,250] X=55,R=3,C=16,Y=55,S=3,K=19 || L2:[sp=C,4] S=3,R=3,X=55,K=1,C=1,Y=26",-737.0,-1205.61,1,X|C,2
K,250,Y,55,K,24,S,3,C,31,R,3,X,55,C,2,S,3,C,1,Y,26,X,55,K,1,R,3,"L1:[sp=K,250] Y=55,K=24,S=3,C=31,R=3,X=55 || L2:[sp=C,2] S=3,C=1,Y=26,X=55,K=1,R=3",-739.0,-1247.37,1,K|C,2
K,250,C,43,K,63,Y,55,S,3,R,3,X,55,Y,21,C,1,S,3,X,55,R,3,Y,1,K,5,"L1:[sp=K,250] C=43,K=63,Y=55,S=3,R=3,X=55 || L2:[sp=Y,21] C=1,S=3,X=55,R=3,Y=1,K=5",-743.0,-1229.81,1,K|Y,2
K,250,C,43,K,61,Y,55,S,3,R,3,X,55,Y,21,C,1,S,3,X,55,R,3,Y,1,K,5,"L1:[sp=K,250] C=43,K=61,Y=55,S=3,R=3,X=55 || L2:[sp=Y,21] C=1,S=3,X=55,R=3,Y=1,K=5",-743.0,-1229.81,1,K|Y,2
K,250,C,43,K,63,S,3,Y,55,R,3,X,55,Y,21,C,1,S,3,X,55,R,3,Y,1,K,5,"L1:[sp=K,250] C=43,K=63,S=3,Y=55,R=3,X=55 || L2:[sp=Y,21] C=1,S=3,X=55,R=3,Y=1,K=5",-743.0,-1229.81,1,K|Y,2
K,250,C,43,K,61,Y,55,S,3,R,3,X,55,Y,21,X,55,S,3,C,1,R,3,Y,1,K,5,"L1:[sp=K,250] C=43,K=61,Y=55,S=3,R=3,X=55 || L2:[sp=Y,21] X=55,S=3,C=1,R=3,Y=1,K=5",-743.0,-1229.81,1,K|Y,2
K,250,C,43,K,19,S,3,Y,55,R,3,X,55,Y,55,C,1,S,3,X,55,K,1,Y,26,R,3,"L1:[sp=K,250] C=43,K=19,S=3,Y=55,R=3,X=55 || L2:[sp=Y,55] C=1,S=3,X=55,K=1,Y=26,R=3",-749.0,-1229.81,1,K|Y,2
K,250,C,35,R,3,Y,55,S,3,K,19,X,55,Y,55,S,3,C,1,X,55,K,1,Y,26,R,3,"L1:[sp=K,250] C=35,R=3,Y=55,S=3,K=19,X=55 || L2:[sp=Y,55] S=3,C=1,X=55,K=1,Y=26,R=3",-749.0,-1190.29,1,K|Y,2
K,250,C,40,R,3,S,3,Y,55,X,55,K,19,Y,11,S,3,C,1,X,55,K,1,Y,26,R,3,"L1:[sp=K,250] C=40,R=3,S=3,Y=55,X=55,K=19 || L2:[sp=Y,11] S=3,C=1,X=55,K=1,Y=26,R=3",-749.0,-1214.99,1,K|Y,2
K,250,R,3,C,40,S,3,Y,55,X,55,K,19,Y,11,S,3,C,1,X,55,K,1,Y,26,R,3,"L1:[sp=K,250] R=3,C=40,S=3,Y=55,X=55,K=19 || L2:[sp=Y,11] S=3,C=1,X=55,K=1,Y=26,R=3",-749.0,-1214.99,1,K|Y,2
K,250,C,35,K,19,S,3,X,55,R,3,Y,55,Y,5,S,3,C,1,X,55,K,1,Y,26,R,3,"L1:[sp=K,250] C=35,K=19,S=3,X=55,R=3,Y=55 || L2:[sp=Y,5] S=3,C=1,X=55,K=1,Y=26,R=3",-749.0,-1190.29,1,K|Y,2
K,250,X,55,C,35,K,19,Y,55,S,3,R,3,Y,55,S,3,C,1,X,55,K,1,Y,26,R,3,"L1:[sp=K,250] X=55,C=35,K=19,Y=55,S=3,R=3 || L2:[sp=Y,55] S=3,C=1,X=55,K=1,Y=26,R=3",-749.0,-1190.29,1,K|Y,2
Y,250,C,40,X,55,R,3,K,18,S,3,Y,55,K,5,S,3,R,3,X,55,K,1,Y,26,C,1,"L1:[sp=Y,250] C=40,X=55,R=3,K=18,S=3,Y=55 || L2:[sp=K,5] S=3,R=3,X=55,K=1,Y=26,C=1",-753.0,-1239.64,1,Y|K,2
Y,250,S,3,X,55,R,3,K,19,C,40,Y,55,K,5,S,3,R,3,X,55,K,1,Y,26,C,1,"L1:[sp=Y,250] S=3,X=55,R=3,K=19,C=40,Y=55 || L2:[sp=K,5] S=3,R=3,X=55,K=1,Y=26,C=1",-753.0,-1252.48,1,Y|K,2
K,250,Y,55,K,50,R,3,C,64,S,3,X,55,K,1,K,4,X,55,Y,4,C,1,S,3,R,3,"L1:[sp=K,250] Y=55,K=50,R=3,C=64,S=3,X=55 || L2:[sp=K,1] K=4,X=55,Y=4,C=1,S=3,R=3",-761.0,-1175.2,1,K|K,2
C,250,C,54,R,3,X,55,Y,55,S,3,K,10,C,4,S,3,R,3,X,55,Y,26,K,1,C,1,"L1:[sp=C,250] C=54,R=3,X=55,Y=55,S=3,K=10 || L2:[sp=C,4] S=3,R=3,X=55,Y=26,K=1,C=1",-771.0,-1189.99,1,C|C,2
C,250,C,52,R,3,X,55,Y,55,S,3,K,29,C,4,S,3,R,3,C,1,Y,13,K,1,X,55,"L1:[sp=C,250] C=52,R=3,X=55,Y=55,S=3,K=29 || L2:[sp=C,4] S=3,R=3,C=1,Y=13,K=1,X=55",-779.0,-1231.9,1,C|C,2
K,250,S,3,R,3,Y,55,C,35,K,13,X,55,Y,1,S,3,C,1,X,55,K,1,Y,26,R,3,"L1:[sp=K,250] S=3,R=3,Y=55,C=35,K=13,X=55 || L2:[sp=Y,1] S=3,C=1,X=55,K=1,Y=26,R=3",-797.0,-1190.29,1,K|Y,2
X,250,C,40,K,55,Y,55,S,3,X,56,R,3,K,5,S,3,R,3,K,1,X,55,Y,1,C,1,"L1:[sp=X,250] C=40,K=55,Y=55,S=3,X=56,R=3 || L2:[sp=K,5] S=3,R=3,K=1,X=55,Y=1,C=1",-797.0,-1356.96,1,X|K,2
C,250,K,33,R,3,S,3,X,55,C,43,Y,55,Y,55,X,55,S,3,C,3,K,1,Y,3,R,3,"L1:[sp=C,250] K=33,R=3,S=3,X=55,C=43,Y=55 || L2:[sp=Y,55] X=55,S=3,C=3,K=1,Y=3,R=3",-799.0,-1180.13,1,C|Y,2
Y,250,C,35,R,3,X,55,Y,30,S,3,K,19,C,4,S,3,R,3,Y,26,K,1,C,1,X,55,"L1:[sp=Y,250] C=35,R=3,X=55,Y=30,S=3,K=19 || L2:[sp=C,4] S=3,R=3,Y=26,K=1,C=1,X=55",-801.0,-1209.3,1,Y|C,2
Y,250,C,35,R,3,X,55,Y,30,S,3,K,19,C,4,S,3,C,1,Y,26,K,1,R,3,X,55,"L1:[sp=Y,250] C=35,R=3,X=55,Y=30,S=3,K=19 || L2:[sp=C,4] S=3,C=1,Y=26,K=1,R=3,X=55",-801.0,-1209.3,1,Y|C,2
Y,250,C,40,X,55,R,3,K,47,S,3,Y,55,K,5,S,3,R,3,X,55,K,1,Y,26,C,1,"L1:[sp=Y,250] C=40,X=55,R=3,K=47,S=3,Y=55 || L2:[sp=K,5] S=3,R=3,X=55,K=1,Y=26,C=1",-825.0,-1307.44,1,Y|K,2
C,250,C,56,R,3,X,55,Y,55,S,3,K,19,C,4,S,3,R,3,X,55,Y,26,K,1,C,1,"L1:[sp=C,250] C=56,R=3,X=55,Y=55,S=3,K=19 || L2:[sp=C,4] S=3,R=3,X=55,Y=26,K=1,C=1",-825.0,-1204.78,1,C|C,2
K,250,C,42,K,27,Y,55,X,55,R,3,S,3,C,2,C,1,S,3,R,3,X,55,Y,26,K,1,"L1:[sp=K,250] C=42,K=27,Y=55,X=55,R=3,S=3 || L2:[sp=C,2] C=1,S=3,R=3,X=55,Y=26,K=1",-829.0,-1224.87,1,K|C,2
C,250,C,54,R,3,X,55,Y,55,S,3,K,40,C,4,S,3,R,3,X,55,Y,26,K,1,C,1,"L1:[sp=C,250] C=54,R=3,X=55,Y=55,S=3,K=40 || L2:[sp=C,4] S=3,R=3,X=55,Y=26,K=1,C=1",-861.0,-1214.65,1,C|C,2
X,250,X,55,R,3,C,27,Y,55,S,3,K,19,C,4,S,3,R,3,X,55,K,1,C,1,Y,26,"L1:[sp=X,250] X=55,R=3,C=27,Y=55,S=3,K=19 || L2:[sp=C,4] S=3,R=3,X=55,K=1,C=1,Y=26",-873.0,-1255.18,1,X|C,2
X,250,C,40,K,19,R,3,Y,55,X,2,S,3,K,61,X,1,R,3,K,1,S,3,Y,55,C,1,"L1:[sp=X,250] C=40,K=19,R=3,Y=55,X=2,S=3 || L2:[sp=K,61] X=1,R=3,K=1,S=3,Y=55,C=1",-881.0,-1271.15,1,X|K,2
Y,250,C,16,R,3,X,55,Y,55,S,3,K,40,C,4,S,3,R,3,X,55,K,1,C,1,Y,26,"L1:[sp=Y,250] C=16,R=3,X=55,Y=55,S=3,K=40 || L2:[sp=C,4] S=3,R=3,X=55,K=1,C=1,Y=26",-881.0,-1215.47,1,Y|C,2
Y,250,C,16,R,3,X,55,Y,55,S,3,K,42,C,4,S,3,R,3,X,55,K,1,C,1,Y,26,"L1:[sp=Y,250] C=16,R=3,X=55,Y=55,S=3,K=42 || L2:[sp=C,4] S=3,R=3,X=55,K=1,C=1,Y=26",-881.0,-1225.33,1,Y|C,2
Y,250,C,16,R,3,X,55,Y,55,S,3,K,32,C,4,S,3,R,3,X,55,K,1,C,1,Y,26,"L1:[sp=Y,250] C=16,R=3,X=55,Y=55,S=3,K=32 || L2:[sp=C,4] S=3,R=3,X=55,K=1,C=1,Y=26",-881.0,-1176.02,1,Y|C,2
Y,250,C,52,R,3,X,55,Y,55,S,3,K,19,C,4,S,3,R,3,Y,26,K,1,C,1,X,55,"L1:[sp=Y,250] C=52,R=3,X=55,Y=55,S=3,K=19 || L2:[sp=C,4] S=3,R=3,Y=26,K=1,C=1,X=55",-881.0,-1322.34,1,Y|C,2
Y,250,C,52,R,3,X,55,Y,55,S,3,K,19,C,4,S,3,X,55,Y,26,K,1,C,1,R,3,"L1:[sp=Y,250] C=52,R=3,X=55,Y=55,S=3,K=19 || L2:[sp=C,4] S=3,X=55,Y=26,K=1,C=1,R=3",-881.0,-1322.34,1,Y|C,2
Y,250,C,52,R,3,X,55,Y,55,S,3,K,19,C,4,S,3,R,3,K,1,Y,26,C,1,X,55,"L1:[sp=Y,250] C=52,R=3,X=55,Y=55,S=3,K=19 || L2:[sp=C,4] S=3,R=3,K=1,Y=26,C=1,X=55",-881.0,-1322.34,1,Y|C,2
X,250,X,55,R,3,C,48,Y,55,S,3,K,19,C,4,Y,26,R,3,X,55,K,1,C,1,S,3,"L1:[sp=X,250] X=55,R=3,C=48,Y=55,S=3,K=19 || L2:[sp=C,4] Y=26,R=3,X=55,K=1,C=1,S=3",-881.0,-1298.88,1,X|C,2
X,250,C,16,R,3,X,55,Y,55,S,3,K,51,C,4,S,3,C,1,X,55,K,1,R,3,Y,26,"L1:[sp=X,250] C=16,R=3,X=55,Y=55,S=3,K=51 || L2:[sp=C,4] S=3,C=1,X=55,K=1,R=3,Y=26",-881.0,-1269.71,1,X|C,2
X,250,C,52,R,3,X,55,Y,55,S,3,K,19,C,4,S,3,C,1,K,1,Y,26,R,3,X,55,"L1:[sp=X,250] C=52,R=3,X=55,Y=55,S=3,K=19 || L2:[sp=C,4] S=3,C=1,K=1,Y=26,R=3,X=55",-881.0,-1322.34,1,X|C,2
Y,250,R,3,X,55,C,48,Y,55,S,3,K,19,C,4,Y,26,R,3,X,55,K,1,C,1,S,3,"L1:[sp=Y,250] R=3,X=55,C=48,Y=55,S=3,K=19 || L2:[sp=C,4] Y=26,R=3,X=55,K=1,C=1,S=3",-881.0,-1298.88,1,Y|C,2
Y,250,C,52,R,3,X,55,Y,55,S,3,K,19,C,4,S,3,K,1,R,3,Y,26,C,1,X,55,"L1:[sp=Y,250] C=52,R=3,X=55,Y=55,S=3,K=19 || L2:[sp=C,4] S=3,K=1,R=3,Y=26,C=1,X=55",-881.0,-1322.34,1,Y|C,2
Y,250,C,52,R,3,X,55,Y,55,S,3,K,19,C,4,S,3,R,3,C,1,Y,26,K,1,X,55,"L1:[sp=Y,250] C=52,R=3,X=55,Y=55,S=3,K=19 || L2:[sp=C,4] S=3,R=3,C=1,Y=26,K=1,X=55",-881.0,-1322.34,1,Y|C,2
X,250,C,52,R,3,X,55,Y,55,S,3,K,16,C,4,S,3,C,1,K,1,Y,26,R,3,X,55,"L1:[sp=X,250] C=52,R=3,X=55,Y=55,S=3,K=16 || L2:[sp=C,4] S=3,C=1,K=1,Y=26,R=3,X=55",-881.0,-1274.26,1,X|C,2
K,250,K,46,C,2,S,3,Y,55,R,3,X,55,C,43,C,2,Y,1,X,55,R,3,S,3,K,1,"L1:[sp=K,250] K=46,C=2,S=3,Y=55,R=3,X=55 || L2:[sp=C,43] C=2,Y=1,X=55,R=3,S=3,K=1",-897.0,-1183.69,1,K|C,2
K,250,X,55,R,3,Y,56,S,3,K,22,C,49,Y,7,S,3,C,1,X,55,K,1,Y,28,R,3,"L1:[sp=K,250] X=55,R=3,Y=56,S=3,K=22,C=49 || L2:[sp=Y,7] S=3,C=1,X=55,K=1,Y=28,R=3",-905.0,-1259.57,1,K|Y,2
C,250,K,33,R,3,S,3,X,55,C,43,Y,55,Y,55,X,55,S,3,C,3,K,1,Y,1,R,3,"L1:[sp=C,250] K=33,R=3,S=3,X=55,C=43,Y=55 || L2:[sp=Y,55] X=55,S=3,C=3,K=1,Y=1,R=3",-907.0,-1180.13,1,C|Y,2
Y,250,Y,55,R,3,C,35,S,3,K,15,X,55,C,4,K,1,R,3,X,55,S,3,C,1,Y,26,"L1:[sp=Y,250] Y=55,R=3,C=35,S=3,K=15,X=55 || L2:[sp=C,4] K=1,R=3,X=55,S=3,C=1,Y=26",-909.0,-1219.95,1,Y|C,2
K,250,C,45,R,3,Y,30,X,55,S,3,K,11,Y,21,R,3,X,55,S,3,C,1,Y,1,K,3,"L1:[sp=K,250] C=45,R=3,Y=30,X=55,S=3,K=11 || L2:[sp=Y,21] R=3,X=55,S=3,C=1,Y=1,K=3",-917.0,-1233.05,1,K|Y,2
X,250,R,3,K,32,Y,55,C,27,X,56,S,3,K,4,X,55,Y,26,R,3,K,1,S,3,C,1,"L1:[sp=X,250] R=3,K=32,Y=55,C=27,X=56,S=3 || L2:[sp=K,4] X=55,Y=26,R=3,K=1,S=3,C=1",-917.0,-1218.21,1,X|K,2
Y,250,Y,3,R,3,X,55,C,40,K,40,S,3,C,4,K,1,R,3,X,55,S,3,C,1,Y,3,"L1:[sp=Y,250] Y=3,R=3,X=55,C=40,K=40,S=3 || L2:[sp=C,4] K=1,R=3,X=55,S=3,C=1,Y=3",-917.0,-1264.64,1,Y|C,2
X,250,C,52,R,3,X,55,Y,55,S,3,K,26,C,4,S,3,C,1,K,1,Y,26,R,3,X,55,"L1:[sp=X,250] C=52,R=3,X=55,Y=55,S=3,K=26 || L2:[sp=C,4] S=3,C=1,K=1,Y=26,R=3,X=55",-917.0,-1330.35,1,X|C,2
Y,250,C,52,R,3,X,55,Y,55,S,3,K,23,C,4,S,3,R,3,C,1,Y,26,K,1,X,55,"L1:[sp=Y,250] C=52,R=3,X=55,Y=55,S=3,K=23 || L2:[sp=C,4] S=3,R=3,C=1,Y=26,K=1,X=55",-917.0,-1294.29,1,Y|C,2
Y,250,R,3,X,55,C,48,Y,55,S,3,K,25,C,4,Y,26,R,3,X,55,K,1,C,1,S,3,"L1:[sp=Y,250] R=3,X=55,C=48,Y=55,S=3,K=25 || L2:[sp=C,4] Y=26,R=3,X=55,K=1,C=1,S=3",-917.0,-1295.18,1,Y|C,2
C,250,C,43,K,11,S,3,Y,44,R,3,X,55,Y,55,C,1,S,3,X,55,K,5,Y,1,R,3,"L1:[sp=C,250] C=43,K=11,S=3,Y=44,R=3,X=55 || L2:[sp=Y,55] C=1,S=3,X=55,K=5,Y=1,R=3",-923.0,-1249.71,1,C|Y,2
K,250,X,55,R,3,Y,56,S,3,K,22,C,35,Y,56,S,3,C,1,X,55,K,1,Y,26,R,3,"L1:[sp=K,250] X=55,R=3,Y=56,S=3,K=22,C=35 || L2:[sp=Y,56] S=3,C=1,X=55,K=1,Y=26,R=3",-941.0,-1190.54,1,K|Y,2
K,250,X,55,R,3,Y,56,S,3,K,22,C,35,Y,7,S,3,C,1,X,55,K,1,Y,26,R,3,"L1:[sp=K,250] X=55,R=3,Y=56,S=3,K=22,C=35 || L2:[sp=Y,7] S=3,C=1,X=55,K=1,Y=26,R=3",-941.0,-1190.54,1,K|Y,2
K,250,X,55,R,3,Y,56,S,3,K,22,C,49,Y,7,S,3,C,1,X,55,K,1,Y,26,R,3,"L1:[sp=K,250] X=55,R=3,Y=56,S=3,K=22,C=49 || L2:[sp=Y,7] S=3,C=1,X=55,K=1,Y=26,R=3",-941.0,-1259.57,1,K|Y,2
Y,250,C,35,R,3,X,55,Y,55,S,3,K,40,C,4,S,3,R,3,X,55,K,1,C,1,Y,5,"L1:[sp=Y,250] C=35,R=3,X=55,Y=55,S=3,K=40 || L2:[sp=C,4] S=3,R=3,X=55,K=1,C=1,Y=5",-945.0,-1233.44,1,Y|C,2
Y,250,C,35,R,3,K,40,Y,4,S,3,X,55,C,4,S,3,R,3,X,55,K,1,C,1,Y,4,"L1:[sp=Y,250] C=35,R=3,K=40,Y=4,S=3,X=55 || L2:[sp=C,4] S=3,R=3,X=55,K=1,C=1,Y=4",-945.0,-1223.68,1,Y|C,2
Y,250,C,35,R,3,X,55,Y,55,S,3,K,19,C,4,S,3,R,3,X,55,K,1,C,1,Y,26,"L1:[sp=Y,250] C=35,R=3,X=55,Y=55,S=3,K=19 || L2:[sp=C,4] S=3,R=3,X=55,K=1,C=1,Y=26",-945.0,-1222.65,1,Y|C,2
Y,250,C,40,R,3,X,55,K,40,S,3,Y,55,C,4,S,3,R,3,X,55,K,1,Y,26,C,1,"L1:[sp=Y,250] C=40,R=3,X=55,K=40,S=3,Y=55 || L2:[sp=C,4] S=3,R=3,X=55,K=1,Y=26,C=1",-953.0,-1264.3,1,Y|C,2
Y,250,S,3,R,3,X,55,K,40,C,40,Y,55,C,4,S,3,R,3,X,55,K,1,Y,26,C,1,"L1:[sp=Y,250] S=3,R=3,X=55,K=40,C=40,Y=55 || L2:[sp=C,4] S=3,R=3,X=55,K=1,Y=26,C=1",-953.0,-1264.47,1,Y|C,2
Y,250,C,40,X,55,R,3,K,40,S,3,Y,55,C,4,S,3,R,3,X,55,K,1,Y,26,C,1,"L1:[sp=Y,250] C=40,X=55,R=3,K=40,S=3,Y=55 || L2:[sp=C,4] S=3,R=3,X=55,K=1,Y=26,C=1",-953.0,-1264.3,1,Y|C,2
Y,250,C,40,R,3,X,55,K,57,S,3,Y,55,C,4,K,1,R,3,X,55,S,3,Y,26,C,1,"L1:[sp=Y,250] C=40,R=3,X=55,K=57,S=3,Y=55 || L2:[sp=C,4] K=1,R=3,X=55,S=3,Y=26,C=1",-953.0,-1369.08,1,Y|C,2
Y,250,Y,55,R,3,C,56,S,3,K,32,X,55,C,4,K,1,R,3,X,55,S,3,C,1,Y,26,"L1:[sp=Y,250] Y=55,R=3,C=56,S=3,K=32,X=55 || L2:[sp=C,4] K=1,R=3,X=55,S=3,C=1,Y=26",-953.0,-1294.02,1,Y|C,2
Y,250,R,3,X,55,C,48,Y,55,S,3,K,49,C,4,Y,26,R,3,X,55,K,1,C,1,S,3,"L1:[sp=Y,250] R=3,X=55,C=48,Y=55,S=3,K=49 || L2:[sp=C,4] Y=26,R=3,X=55,K=1,C=1,S=3",-953.0,-1380.24,1,Y|C,2
K,250,C,43,R,3,Y,13,K,31,S,3,X,55,Y,21,R,3,S,3,X,55,C,1,Y,1,K,7,"L1:[sp=K,250] C=43,R=3,Y=13,K=31,S=3,X=55 || L2:[sp=Y,21] R=3,S=3,X=55,C=1,Y=1,K=7",-971.0,-1223.97,1,K|Y,2
X,250,C,27,K,32,Y,55,R,3,X,56,S,3,K,4,X,55,Y,1,C,1,K,1,S,3,R,3,"L1:[sp=X,250] C=27,K=32,Y=55,R=3,X=56,S=3 || L2:[sp=K,4] X=55,Y=1,C=1,K=1,S=3,R=3",-971.0,-1218.21,1,X|K,2
K,250,X,55,K,19,S,3,R,3,Y,55,C,36,Y,55,K,1,X,55,Y,13,C,1,S,3,R,3,"L1:[sp=K,250] X=55,K=19,S=3,R=3,Y=55,C=36 || L2:[sp=Y,55] K=1,X=55,Y=13,C=1,S=3,R=3",-983.0,-1195.23,1,K|Y,2
Y,250,R,3,K,16,C,13,Y,55,S,3,X,55,C,1,R,3,S,3,X,55,Y,1,C,1,K,3,"L1:[sp=Y,250] R=3,K=16,C=13,Y=55,S=3,X=55 || L2:[sp=C,1] R=3,S=3,X=55,Y=1,C=1,K=3",-997.0,-1179.43,1,Y|C,2
K,250,C,43,K,16,S,3,Y,55,R,3,X,55,K,1,C,1,S,3,X,55,R,3,Y,1,K,1,"L1:[sp=K,250] C=43,K=16,S=3,Y=55,R=3,X=55 || L2:[sp=K,1] C=1,S=3,X=55,R=3,Y=1,K=1",-1007.0,-1203.17,1,K|K,2
X,250,C,35,K,3,R,3,Y,55,X,56,S,3,K,19,R,3,Y,1,X,55,K,1,S,3,C,1,"L1:[sp=X,250] C=35,K=3,R=3,Y=55,X=56,S=3 || L2:[sp=K,19] R=3,Y=1,X=55,K=1,S=3,C=1",-1013.0,-1195.93,1,X|K,2
Y,250,C,35,R,3,X,55,Y,55,S,3,K,40,C,4,S,3,R,3,X,55,K,1,C,1,Y,26,"L1:[sp=Y,250] C=35,R=3,X=55,Y=55,S=3,K=40 || L2:[sp=C,4] S=3,R=3,X=55,K=1,C=1,Y=26",-1017.0,-1233.44,1,Y|C,2
Y,250,C,45,R,3,X,55,Y,55,S,3,K,40,C,4,S,3,R,3,X,55,C,1,K,1,Y,26,"L1:[sp=Y,250] C=45,R=3,X=55,Y=55,S=3,K=40 || L2:[sp=C,4] S=3,R=3,X=55,C=1,K=1,Y=26",-1017.0,-1295.16,1,Y|C,2
Y,250,C,35,R,3,X,55,Y,55,S,3,K,40,C,4,K,1,R,3,X,55,S,3,C,1,Y,26,"L1:[sp=Y,250] C=35,R=3,X=55,Y=55,S=3,K=40 || L2:[sp=C,4] K=1,R=3,X=55,S=3,C=1,Y=26",-1017.0,-1233.44,1,Y|C,2
Y,250,Y,55,R,3,X,55,C,35,K,40,S,3,C,4,K,1,R,3,X,55,S,3,C,1,Y,26,"L1:[sp=Y,250] Y=55,R=3,X=55,C=35,K=40,S=3 || L2:[sp=C,4] K=1,R=3,X=55,S=3,C=1,Y=26",-1017.0,-1233.44,1,Y|C,2
X,250,C,35,R,3,X,55,K,40,S,3,Y,55,C,4,K,1,R,3,X,55,S,3,C,1,Y,26,"L1:[sp=X,250] C=35,R=3,X=55,K=40,S=3,Y=55 || L2:[sp=C,4] K=1,R=3,X=55,S=3,C=1,Y=26",-1017.0,-1233.44,1,X|C,2
Y,250,Y,55,R,3,S,3,C,35,K,40,X,55,C,4,K,1,R,3,X,55,S,3,C,1,Y,26,"L1:[sp=Y,250] Y=55,R=3,S=3,C=35,K=40,X=55 || L2:[sp=C,4] K=1,R=3,X=55,S=3,C=1,Y=26",-1017.0,-1233.44,1,Y|C,2
Y,250,Y,55,R,3,S,3,C,35,K,32,X,55,C,4,K,1,R,3,X,55,S,3,C,1,Y,26,"L1:[sp=Y,250] Y=55,R=3,S=3,C=35,K=32,X=55 || L2:[sp=C,4] K=1,R=3,X=55,S=3,C=1,Y=26",-1017.0,-1190.29,1,Y|C,2
Y,250,C,54,K,40,X,55,Y,55,S,3,R,3,C,4,S,3,R,3,X,55,Y,26,K,1,C,1,"L1:[sp=Y,250] C=54,K=40,X=55,Y=55,S=3,R=3 || L2:[sp=C,4] S=3,R=3,X=55,Y=26,K=1,C=1",-1017.0,-1350.71,1,Y|C,2
Y,250,Y,55,R,3,C,35,S,3,K,40,X,55,C,4,K,1,R,3,X,55,S,3,C,1,Y,26,"L1:[sp=Y,250] Y=55,R=3,C=35,S=3,K=40,X=55 || L2:[sp=C,4] K=1,R=3,X=55,S=3,C=1,Y=26",-1017.0,-1233.44,1,Y|C,2
Y,250,C,54,K,40,X,55,Y,55,S,3,R,3,C,4,R,3,S,3,X,55,Y,26,K,1,C,1,"L1:[sp=Y,250] C=54,K=40,X=55,Y=55,S=3,R=3 || L2:[sp=C,4] R=3,S=3,X=55,Y=26,K=1,C=1",-1017.0,-1350.71,1,Y|C,2
Y,250,R,3,K,22,C,13,Y,55,S,3,X,55,C,1,R,3,S,3,X,55,Y,1,C,1,K,3,"L1:[sp=Y,250] R=3,K=22,C=13,Y=55,S=3,X=55 || L2:[sp=C,1] R=3,S=3,X=55,Y=1,C=1,K=3",-1068.0,-1184.22,1,Y|C,2
Y,250,R,3,K,22,C,13,X,55,S,3,Y,55,C,1,R,3,S,3,X,55,Y,1,C,1,K,3,"L1:[sp=Y,250] R=3,K=22,C=13,X=55,S=3,Y=55 || L2:[sp=C,1] R=3,S=3,X=55,Y=1,C=1,K=3",-1068.0,-1184.22,1,Y|C,2
K,250,C,16,S,3,R,3,Y,55,K,19,X,55,Y,1,S,3,Y,25,X,55,K,1,C,1,R,3,"L1:[sp=K,250] C=16,S=3,R=3,Y=55,K=19,X=55 || L2:[sp=Y,1] S=3,Y=25,X=55,K=1,C=1,R=3",-1073.0,-1176.02,1,K|Y,2
K,250,R,3,Y,55,S,3,K,19,C,9,X,55,X,5,S,3,C,1,X,55,K,1,Y,52,R,3,"L1:[sp=K,250] R=3,Y=55,S=3,K=19,C=9,X=55 || L2:[sp=X,5] S=3,C=1,X=55,K=1,Y=52,R=3",-1073.0,-1196.87,1,K|X,2
K,250,R,3,Y,55,K,19,S,3,C,9,X,55,X,5,S,3,C,1,X,55,K,1,Y,52,R,3,"L1:[sp=K,250] R=3,Y=55,K=19,S=3,C=9,X=55 || L2:[sp=X,5] S=3,C=1,X=55,K=1,Y=52,R=3",-1073.0,-1196.87,1,K|X,2
K,250,C,42,K,11,S,3,Y,10,R,3,X,55,C,43,C,1,S,3,R,3,X,55,Y,1,K,1,"L1:[sp=K,250] C=42,K=11,S=3,Y=10,R=3,X=55 || L2:[sp=C,43] C=1,S=3,R=3,X=55,Y=1,K=1",-1081.0,-1216.67,1,K|C,2
K,250,S,3,K,11,C,42,Y,10,R,3,X,55,C,43,C,1,S,3,R,3,X,55,Y,1,K,1,"L1:[sp=K,250] S=3,K=11,C=42,Y=10,R=3,X=55 || L2:[sp=C,43] C=1,S=3,R=3,X=55,Y=1,K=1",-1081.0,-1216.67,1,K|C,2
K,250,Y,55,K,18,S,3,X,55,C,50,R,3,C,1,Y,10,K,1,C,1,S,3,X,55,R,3,"L1:[sp=K,250] Y=55,K=18,S=3,X=55,C=50,R=3 || L2:[sp=C,1] Y=10,K=1,C=1,S=3,X=55,R=3",-1081.0,-1264.38,1,K|C,2
K,250,C,35,R,3,S,3,Y,1,K,19,X,55,C,43,S,3,C,1,X,55,K,1,Y,1,R,3,"L1:[sp=K,250] C=35,R=3,S=3,Y=1,K=19,X=55 || L2:[sp=C,43] S=3,C=1,X=55,K=1,Y=1,R=3",-1081.0,-1176.64,1,K|C,2
K,250,Y,1,R,3,S,3,C,35,K,19,X,55,C,43,Y,1,C,1,X,55,K,1,S,3,R,3,"L1:[sp=K,250] Y=1,R=3,S=3,C=35,K=19,X=55 || L2:[sp=C,43] Y=1,C=1,X=55,K=1,S=3,R=3",-1081.0,-5781.81,1,K|C,2
K,250,X,55,K,5,S,3,R,3,Y,55,C,36,C,43,K,5,Y,13,R,3,C,1,S,3,X,8,"L1:[sp=K,250] X=55,K=5,S=3,R=3,Y=55,C=36 || L2:[sp=C,43] K=5,Y=13,R=3,C=1,S=3,X=8",-1083.0,-1195.23,1,K|C,2
K,250,C,8,K,19,S,3,Y,55,R,3,X,55,K,1,C,1,S,3,X,55,R,3,Y,1,K,1,"L1:[sp=K,250] C=8,K=19,S=3,Y=55,R=3,X=55 || L2:[sp=K,1] C=1,S=3,X=55,R=3,Y=1,K=1",-1145.0,-1177.12,1,K|K,2
K,250,C,8,K,19,Y,55,S,3,R,3,X,55,K,1,C,1,S,3,X,55,R,3,Y,1,K,1,"L1:[sp=K,250] C=8,K=19,Y=55,S=3,R=3,X=55 || L2:[sp=K,1] C=1,S=3,X=55,R=3,Y=1,K=1",-1145.0,-1177.12,1,K|K,2
K,250,C,16,R,3,S,3,Y,55,K,19,X,55,Y,1,S,3,Y,26,X,55,K,1,C,1,R,3,"L1:[sp=K,250] C=16,R=3,S=3,Y=55,K=19,X=55 || L2:[sp=Y,1] S=3,Y=26,X=55,K=1,C=1,R=3",-1145.0,-1176.02,1,K|Y,2
K,250,C,32,K,1,S,3,Y,55,R,3,X,55,Y,21,C,15,S,3,X,1,R,3,Y,1,K,1,"L1:[sp=K,250] C=32,K=1,S=3,Y=55,R=3,X=55 || L2:[sp=Y,21] C=15,S=3,X=1,R=3,Y=1,K=1",-1157.0,-1175.47,1,K|Y,2
K,250,Y,55,C,32,S,3,K,1,R,3,X,55,Y,21,C,15,S,3,X,1,R,3,Y,1,K,1,"L1:[sp=K,250] Y=55,C=32,S=3,K=1,R=3,X=55 || L2:[sp=Y,21] C=15,S=3,X=1,R=3,Y=1,K=1",-1157.0,-1175.47,1,K|Y,2
K,250,C,28,R,3,S,3,Y,55,K,19,X,55,Y,1,S,3,C,1,X,55,K,1,Y,26,R,3,"L1:[sp=K,250] C=28,R=3,S=3,Y=55,K=19,X=55 || L2:[sp=Y,1] S=3,C=1,X=55,K=1,Y=26,R=3",-1163.0,-1225.14,1,K|Y,2
K,250,C,28,R,3,K,19,Y,55,S,3,X,55,Y,1,S,3,C,1,X,55,K,1,Y,26,R,3,"L1:[sp=K,250] C=28,R=3,K=19,Y=55,S=3,X=55 || L2:[sp=Y,1] S=3,C=1,X=55,K=1,Y=26,R=3",-1163.0,-1225.14,1,K|Y,2
K,250,C,16,K,19,S,3,Y,55,R,3,X,55,Y,1,C,1,Y,1,X,55,S,3,K,1,R,3,"L1:[sp=K,250] C=16,K=19,S=3,Y=55,R=3,X=55 || L2:[sp=Y,1] C=1,Y=1,X=55,S=3,K=1,R=3",-1181.0,-1176.02,1,K|Y,2
K,250,C,43,K,19,S,3,Y,55,R,3,X,55,C,1,C,1,S,3,X,55,K,1,Y,26,R,3,"L1:[sp=K,250] C=43,K=19,S=3,Y=55,R=3,X=55 || L2:[sp=C,1] C=1,S=3,X=55,K=1,Y=26,R=3",-1181.0,-1229.81,1,K|C,2
K,250,Y,55,K,19,S,3,C,50,R,3,X,55,C,1,C,1,X,55,Y,4,K,1,S,3,R,3,"L1:[sp=K,250] Y=55,K=19,S=3,C=50,R=3,X=55 || L2:[sp=C,1] C=1,X=55,Y=4,K=1,S=3,R=3",-1181.0,-1264.38,1,K|C,2
K,250,C,35,K,19,S,3,Y,55,R,3,X,55,X,11,S,3,C,1,X,55,K,1,Y,26,R,3,"L1:[sp=K,250] C=35,K=19,S=3,Y=55,R=3,X=55 || L2:[sp=X,11] S=3,C=1,X=55,K=1,Y=26,R=3",-1181.0,-1190.29,1,K|X,2
K,250,C,35,K,19,S,3,Y,55,R,3,X,55,X,11,Y,26,C,1,X,55,K,1,S,3,R,3,"L1:[sp=K,250] C=35,K=19,S=3,Y=55,R=3,X=55 || L2:[sp=X,11] Y=26,C=1,X=55,K=1,S=3,R=3",-1181.0,-1190.29,1,K|X,2
K,250,C,35,K,19,S,3,Y,55,R,3,X,55,K,1,Y,26,C,1,S,3,K,1,X,55,R,3,"L1:[sp=K,250] C=35,K=19,S=3,Y=55,R=3,X=55 || L2:[sp=K,1] Y=26,C=1,S=3,K=1,X=55,R=3",-1181.0,-1190.29,1,K|K,2
K,250,C,35,R,3,S,3,K,19,Y,55,X,55,Y,1,S,3,Y,26,X,55,K,1,C,1,R,3,"L1:[sp=K,250] C=35,R=3,S=3,K=19,Y=55,X=55 || L2:[sp=Y,1] S=3,Y=26,X=55,K=1,C=1,R=3",-1181.0,-1190.29,1,K|Y,2
K,250,C,40,R,3,X,55,Y,55,K,19,S,3,K,1,S,3,C,1,X,55,K,1,Y,26,R,3,"L1:[sp=K,250] C=40,R=3,X=55,Y=55,K=19,S=3 || L2:[sp=K,1] S=3,C=1,X=55,K=1,Y=26,R=3",-1181.0,-1214.99,1,K|K,2
K,250,C,35,K,19,S,3,Y,55,R,3,X,55,Y,1,S,3,C,1,X,55,K,1,Y,26,R,3,"L1:[sp=K,250] C=35,K=19,S=3,Y=55,R=3,X=55 || L2:[sp=Y,1] S=3,C=1,X=55,K=1,Y=26,R=3",-1181.0,-1190.29,1,K|Y,2
K,250,C,40,R,3,S,3,Y,55,K,19,X,55,Y,1,S,3,R,3,X,55,K,1,C,1,Y,26,"L1:[sp=K,250] C=40,R=3,S=3,Y=55,K=19,X=55 || L2:[sp=Y,1] S=3,R=3,X=55,K=1,C=1,Y=26",-1181.0,-1214.99,1,K|Y,2
K,250,C,35,Y,55,S,3,K,19,R,3,X,55,X,5,S,3,C,1,X,55,K,1,Y,52,R,3,"L1:[sp=K,250] C=35,Y=55,S=3,K=19,R=3,X=55 || L2:[sp=X,5] S=3,C=1,X=55,K=1,Y=52,R=3",-1181.0,-1190.29,1,K|X,2
K,250,C,35,Y,55,R,3,K,19,S,3,X,55,X,5,S,3,C,1,X,55,K,1,Y,52,R,3,"L1:[sp=K,250] C=35,Y=55,R=3,K=19,S=3,X=55 || L2:[sp=X,5] S=3,C=1,X=55,K=1,Y=52,R=3",-1181.0,-1190.29,1,K|X,2
K,250,C,35,Y,55,S,3,K,19,R,3,X,55,X,5,S,3,C,1,X,55,K,1,Y,26,R,3,"L1:[sp=K,250] C=35,Y=55,S=3,K=19,R=3,X=55 || L2:[sp=X,5] S=3,C=1,X=55,K=1,Y=26,R=3",-1181.0,-1190.29,1,K|X,2
K,250,C,39,Y,55,S,3,K,19,R,3,X,55,X,5,S,3,C,1,X,55,K,1,Y,52,R,3,"L1:[sp=K,250] C=39,Y=55,S=3,K=19,R=3,X=55 || L2:[sp=X,5] S=3,C=1,X=55,K=1,Y=52,R=3",-1181.0,-1210.05,1,K|X,2
K,250,X,55,K,19,S,3,R,3,Y,55,C,36,X,1,K,1,X,55,Y,13,C,1,S,3,R,3,"L1:[sp=K,250] X=55,K=19,S=3,R=3,Y=55,C=36 || L2:[sp=X,1] K=1,X=55,Y=13,C=1,S=3,R=3",-1181.0,-1195.23,1,K|X,2
K,250,C,25,K,19,S,3,Y,55,R,3,X,55,Y,1,C,1,Y,1,X,55,S,3,K,1,R,3,"L1:[sp=K,250] C=25,K=19,S=3,Y=55,R=3,X=55 || L2:[sp=Y,1] C=1,Y=1,X=55,S=3,K=1,R=3",-1190.0,-1202.91,1,K|Y,2
K,250,C,43,K,11,S,3,Y,55,R,3,X,55,C,43,C,1,Y,1,X,24,R,3,S,3,K,1,"L1:[sp=K,250] C=43,K=11,S=3,Y=55,R=3,X=55 || L2:[sp=C,43] C=1,Y=1,X=24,R=3,S=3,K=1",-1191.0,-1229.81,1,K|C,2
K,250,X,55,R,3,K,19,Y,55,S,3,C,43,C,1,C,1,S,3,X,55,R,3,Y,1,K,1,"L1:[sp=K,250] X=55,R=3,K=19,Y=55,S=3,C=43 || L2:[sp=C,1] C=1,S=3,X=55,R=3,Y=1,K=1",-1199.0,-1229.81,1,K|C,2
K,250,C,53,K,19,S,3,X,55,Y,55,R,3,K,1,C,1,S,3,X,55,R,3,Y,1,K,1,"L1:[sp=K,250] C=53,K=19,S=3,X=55,Y=55,R=3 || L2:[sp=K,1] C=1,S=3,X=55,R=3,Y=1,K=1",-1199.0,-1279.2,1,K|K,2
K,250,C,43,K,19,S,3,Y,55,R,3,X,55,K,1,C,1,S,3,X,55,R,3,Y,1,K,1,"L1:[sp=K,250] C=43,K=19,S=3,Y=55,R=3,X=55 || L2:[sp=K,1] C=1,S=3,X=55,R=3,Y=1,K=1",-1199.0,-1229.81,1,K|K,2
Y,250,Y,37,R,3,X,55,C,35,K,40,S,3,C,4,K,1,R,3,X,55,S,3,C,1,Y,26,"L1:[sp=Y,250] Y=37,R=3,X=55,C=35,K=40,S=3 || L2:[sp=C,4] K=1,R=3,X=55,S=3,C=1,Y=26",-1241.0,-1220.38,1,Y|C,2
K,250,Y,55,C,10,K,1,S,3,R,3,X,55,Y,21,C,10,S,3,X,1,R,3,Y,1,K,1,"L1:[sp=K,250] Y=55,C=10,K=1,S=3,R=3,X=55 || L2:[sp=Y,21] C=10,S=3,X=1,R=3,Y=1,K=1",-1275.0,-1191.66,1,K|Y,2
C,250,X,56,K,22,Y,55,C,21,R,3,S,3,C,1,S,3,X,55,K,1,R,3,Y,26,C,1,"L1:[sp=C,250] X=56,K=22,Y=55,C=21,R=3,S=3 || L2:[sp=C,1] S=3,X=55,K=1,R=3,Y=26,C=1",-1291.0,-1180.13,1,C|C,2
C,250,C,45,R,3,Y,30,X,55,S,3,K,11,Y,21,R,3,X,55,S,3,C,1,Y,1,K,8,"L1:[sp=C,250] C=45,R=3,Y=30,X=55,S=3,K=11 || L2:[sp=Y,21] R=3,X=55,S=3,C=1,Y=1,K=8",-1297.0,-1317.37,1,C|Y,2
C,250,C,42,K,19,X,55,S,3,R,3,Y,55,C,2,C,1,S,3,R,3,X,55,Y,1,K,1,"L1:[sp=C,250] C=42,K=19,X=55,S=3,R=3,Y=55 || L2:[sp=C,2] C=1,S=3,R=3,X=55,Y=1,K=1",-1309.0,-1204.78,1,C|C,2
C,250,X,56,K,54,Y,55,C,21,R,3,S,3,C,1,S,3,X,55,K,1,R,3,Y,26,C,1,"L1:[sp=C,250] X=56,K=54,Y=55,C=21,R=3,S=3 || L2:[sp=C,1] S=3,X=55,K=1,R=3,Y=26,C=1",-1309.0,-1283.68,1,C|C,2
C,250,K,54,C,21,Y,55,X,56,R,3,S,3,C,1,S,3,R,3,K,1,X,55,Y,26,C,1,"L1:[sp=C,250] K=54,C=21,Y=55,X=56,R=3,S=3 || L2:[sp=C,1] S=3,R=3,K=1,X=55,Y=26,C=1",-1309.0,-1283.68,1,C|C,2
K,250,C,59,Y,55,S,3,K,21,R,3,X,55,Y,1,S,3,C,1,X,55,K,1,R,3,Y,26,"L1:[sp=K,250] C=59,Y=55,S=3,K=21,R=3,X=55 || L2:[sp=Y,1] S=3,C=1,X=55,K=1,R=3,Y=26",-1309.0,-1308.84,1,K|Y,2
C,250,X,56,K,54,Y,55,C,21,R,3,S,3,C,1,S,3,X,55,K,1,R,3,Y,1,C,1,"L1:[sp=C,250] X=56,K=54,Y=55,C=21,R=3,S=3 || L2:[sp=C,1] S=3,X=55,K=1,R=3,Y=1,C=1",-1327.0,-1283.68,1,C|C,2
C,250,C,21,K,54,Y,55,X,56,R,3,S,3,C,1,S,3,X,55,K,1,R,3,Y,1,C,1,"L1:[sp=C,250] C=21,K=54,Y=55,X=56,R=3,S=3 || L2:[sp=C,1] S=3,X=55,K=1,R=3,Y=1,C=1",-1327.0,-1283.68,1,C|C,2
C,250,C,21,K,47,Y,55,X,56,R,3,S,3,C,1,S,3,K,1,X,55,R,3,Y,1,C,1,"L1:[sp=C,250] C=21,K=47,Y=55,X=56,R=3,S=3 || L2:[sp=C,1] S=3,K=1,X=55,R=3,Y=1,C=1",-1327.0,-1249.16,1,C|C,2
C,250,K,54,C,21,Y,55,X,56,R,3,S,3,C,1,S,3,R,3,K,1,X,55,Y,1,C,1,"L1:[sp=C,250] K=54,C=21,Y=55,X=56,R=3,S=3 || L2:[sp=C,1] S=3,R=3,K=1,X=55,Y=1,C=1",-1327.0,-1283.68,1,C|C,2
C,250,C,21,K,54,Y,55,X,55,R,3,S,3,C,1,S,3,X,55,K,1,R,3,Y,1,C,1,"L1:[sp=C,250] C=21,K=54,Y=55,X=55,R=3,S=3 || L2:[sp=C,1] S=3,X=55,K=1,R=3,Y=1,C=1",-1327.0,-1283.68,1,C|C,2
Y,250,C,17,R,3,K,40,Y,55,S,3,X,55,K,2,X,55,R,3,S,3,K,1,C,1,Y,44,"L1:[sp=Y,250] C=17,R=3,K=40,Y=55,S=3,X=55 || L2:[sp=K,2] X=55,R=3,S=3,K=1,C=1,Y=44",-1329.0,-1227.81,1,Y|K,2
K,250,C,35,K,19,S,3,Y,55,R,3,X,55,C,43,S,3,C,1,Y,26,K,1,X,26,R,3,"L1:[sp=K,250] C=35,K=19,S=3,Y=55,R=3,X=55 || L2:[sp=C,43] S=3,C=1,Y=26,K=1,X=26,R=3",-1371.0,-1190.29,1,K|C,2
K,250,C,35,Y,7,S,3,R,3,K,40,X,55,C,43,K,1,C,1,X,55,S,3,Y,3,R,3,"L1:[sp=K,250] C=35,Y=7,S=3,R=3,K=40,X=55 || L2:[sp=C,43] K=1,C=1,X=55,S=3,Y=3,R=3",-1409.0,-1177.24,1,K|C,2
K,250,C,40,K,24,Y,43,S,3,R,3,X,55,Y,11,C,1,S,3,X,55,R,3,Y,1,K,5,"L1:[sp=K,250] C=40,K=24,Y=43,S=3,R=3,X=55 || L2:[sp=Y,11] C=1,S=3,X=55,R=3,Y=1,K=5",-1421.0,-1214.65,1,K|Y,2
K,250,C,43,K,5,S,3,Y,27,R,3,X,55,X,55,C,2,S,3,R,3,X,55,Y,1,K,5,"L1:[sp=K,250] C=43,K=5,S=3,Y=27,R=3,X=55 || L2:[sp=X,55] C=2,S=3,R=3,X=55,Y=1,K=5",-1423.0,-1219.92,1,K|X,2
K,250,C,43,K,27,S,3,Y,55,R,3,X,55,X,55,C,1,Y,19,X,55,R,3,S,3,K,1,"L1:[sp=K,250] C=43,K=27,S=3,Y=55,R=3,X=55 || L2:[sp=X,55] C=1,Y=19,X=55,R=3,S=3,K=1",-1441.0,-1229.81,1,K|X,2
C,250,C,35,K,7,Y,3,S,3,R,3,X,55,K,32,X,55,S,3,C,1,Y,3,K,1,R,3,"L1:[sp=C,250] C=35,K=7,Y=3,S=3,R=3,X=55 || L2:[sp=K,32] X=55,S=3,C=1,Y=3,K=1,R=3",-1441.0,-1315.73,1,C|K,2
C,250,R,3,X,55,Y,55,S,3,C,23,K,64,X,11,S,3,X,55,C,1,Y,26,K,1,R,3,"L1:[sp=C,250] R=3,X=55,Y=55,S=3,C=23,K=64 || L2:[sp=X,11] S=3,X=55,C=1,Y=26,K=1,R=3",-1455.0,-1175.2,1,C|X,2
K,250,C,43,K,27,S,3,Y,55,R,3,X,55,X,55,C,1,Y,21,X,55,R,3,S,3,K,1,"L1:[sp=K,250] C=43,K=27,S=3,Y=55,R=3,X=55 || L2:[sp=X,55] C=1,Y=21,X=55,R=3,S=3,K=1",-1513.0,-1229.81,1,K|X,2
K,250,K,33,Y,55,C,1,S,3,R,3,X,55,C,2,C,1,S,3,X,55,R,3,Y,1,K,1,"L1:[sp=K,250] K=33,Y=55,C=1,S=3,R=3,X=55 || L2:[sp=C,2] C=1,S=3,X=55,R=3,Y=1,K=1",-1537.0,-1192.46,1,K|C,2
C,250,X,55,C,26,Y,55,S,3,R,3,K,64,Y,5,S,3,C,1,X,55,K,1,Y,12,R,3,"L1:[sp=C,250] X=55,C=26,Y=55,S=3,R=3,K=64 || L2:[sp=Y,5] S=3,C=1,X=55,K=1,Y=12,R=3",-1557.0,-1175.2,1,C|Y,2
C,250,X,55,C,26,Y,55,S,3,R,3,K,40,X,1,S,3,C,1,X,55,K,1,Y,12,R,3,"L1:[sp=C,250] X=55,C=26,Y=55,S=3,R=3,K=40 || L2:[sp=X,1] S=3,C=1,X=55,K=1,Y=12,R=3",-1557.0,-1214.65,1,C|X,2
K,250,C,53,K,5,S,3,X,55,Y,27,R,3,K,1,C,1,S,3,X,55,R,3,Y,10,K,1,"L1:[sp=K,250] C=53,K=5,S=3,X=55,Y=27,R=3 || L2:[sp=K,1] C=1,S=3,X=55,R=3,Y=10,K=1",-1561.0,-1274.02,1,K|K,2
Y,250,C,42,R,3,Y,55,X,55,K,5,S,3,C,2,C,1,X,55,R,3,S,3,Y,26,K,1,"L1:[sp=Y,250] C=42,R=3,Y=55,X=55,K=5,S=3 || L2:[sp=C,2] C=1,X=55,R=3,S=3,Y=26,K=1",-1581.0,-1228.1,1,Y|C,2
C,250,R,3,X,55,Y,55,S,3,C,32,K,42,Y,55,S,3,X,55,C,1,K,1,Y,26,R,3,"L1:[sp=C,250] R=3,X=55,Y=55,S=3,C=32,K=42 || L2:[sp=Y,55] S=3,X=55,C=1,K=1,Y=26,R=3",-1581.0,-1224.51,1,C|Y,2
C,250,K,33,R,3,S,3,X,55,C,43,Y,42,Y,55,X,55,S,3,C,3,K,1,Y,3,R,3,"L1:[sp=C,250] K=33,R=3,S=3,X=55,C=43,Y=42 || L2:[sp=Y,55] X=55,S=3,C=3,K=1,Y=3,R=3",-1597.0,-1199.85,1,C|Y,2
K,250,C,10,K,26,S,3,Y,55,R,3,X,55,Y,21,C,1,S,3,X,55,R,3,Y,1,K,1,"L1:[sp=K,250] C=10,K=26,S=3,Y=55,R=3,X=55 || L2:[sp=Y,21] C=1,S=3,X=55,R=3,Y=1,K=1",-1602.0,-1191.66,1,K|Y,2
K,250,C,40,K,24,Y,8,S,3,R,3,X,55,Y,11,C,1,S,3,X,55,R,3,Y,1,K,5,"L1:[sp=K,250] C=40,K=24,Y=8,S=3,R=3,X=55 || L2:[sp=Y,11] C=1,S=3,X=55,R=3,Y=1,K=5",-1611.0,-1204.37,1,K|Y,2
K,250,C,40,K,61,S,3,Y,46,R,3,X,55,K,61,S,3,R,3,X,55,K,1,Y,2,C,1,"L1:[sp=K,250] C=40,K=61,S=3,Y=46,R=3,X=55 || L2:[sp=K,61] S=3,R=3,X=55,K=1,Y=2,C=1",-1657.0,-1216.7,1,K|K,2
Y,250,C,35,R,3,K,40,Y,55,S,3,X,55,K,2,S,3,R,3,X,55,K,1,C,1,Y,44,"L1:[sp=Y,250] C=35,R=3,K=40,Y=55,S=3,X=55 || L2:[sp=K,2] S=3,R=3,X=55,K=1,C=1,Y=44",-1689.0,-1233.44,1,Y|K,2
Y,250,C,35,R,3,K,40,Y,55,S,3,X,55,K,2,X,55,R,3,S,3,K,1,C,1,Y,44,"L1:[sp=Y,250] C=35,R=3,K=40,Y=55,S=3,X=55 || L2:[sp=K,2] X=55,R=3,S=3,K=1,C=1,Y=44",-1689.0,-1233.44,1,Y|K,2
Y,250,C,50,R,3,K,40,Y,55,S,3,X,55,K,2,X,55,R,3,S,3,K,1,C,1,Y,44,"L1:[sp=Y,250] C=50,R=3,K=40,Y=55,S=3,X=55 || L2:[sp=K,2] X=55,R=3,S=3,K=1,C=1,Y=44",-1689.0,-1326.02,1,Y|K,2
K,250,X,55,C,43,S,3,Y,55,R,3,K,32,Y,55,Y,19,S,3,X,55,K,1,C,1,R,3,"L1:[sp=K,250] X=55,C=43,S=3,Y=55,R=3,K=32 || L2:[sp=Y,55] Y=19,S=3,X=55,K=1,C=1,R=3",-1707.0,-1176.53,1,K|Y,2
Y,250,C,17,K,39,Y,47,S,3,R,3,X,55,Y,21,C,1,S,3,X,55,R,3,Y,33,K,1,"L1:[sp=Y,250] C=17,K=39,Y=47,S=3,R=3,X=55 || L2:[sp=Y,21] C=1,S=3,X=55,R=3,Y=33,K=1",-1721.0,-1178.46,1,Y|Y,2
K,250,X,55,K,55,S,3,R,3,Y,55,C,36,C,1,K,2,X,55,Y,13,C,1,S,3,R,3,"L1:[sp=K,250] X=55,K=55,S=3,R=3,Y=55,C=36 || L2:[sp=C,1] K=2,X=55,Y=13,C=1,S=3,R=3",-1721.0,-1195.23,1,K|C,2
C,250,K,59,Y,40,C,38,S,3,R,3,X,55,Y,21,C,1,S,3,R,3,X,55,Y,1,K,4,"L1:[sp=C,250] K=59,Y=40,C=38,S=3,R=3,X=55 || L2:[sp=Y,21] C=1,S=3,R=3,X=55,Y=1,K=4",-1795.0,-1326.41,1,C|Y,2
K,250,C,43,K,29,S,3,Y,55,R,3,X,55,C,1,C,1,S,3,X,55,K,1,Y,26,R,3,"L1:[sp=K,250] C=43,K=29,S=3,Y=55,R=3,X=55 || L2:[sp=C,1] C=1,S=3,X=55,K=1,Y=26,R=3",-1821.0,-1229.81,1,K|C,2
K,250,C,40,R,3,S,3,Y,55,K,33,X,55,Y,1,S,3,R,3,X,55,K,1,C,1,Y,19,"L1:[sp=K,250] C=40,R=3,S=3,Y=55,K=33,X=55 || L2:[sp=Y,1] S=3,R=3,X=55,K=1,C=1,Y=19",-1825.0,-1214.99,1,K|Y,2
Y,250,S,3,C,22,K,19,X,55,Y,55,R,3,C,2,C,1,S,3,R,3,X,55,Y,26,K,1,"L1:[sp=Y,250] S=3,C=22,K=19,X=55,Y=55,R=3 || L2:[sp=C,2] C=1,S=3,R=3,X=55,Y=26,K=1",-1833.0,-1211.2,1,Y|C,2
K,250,C,40,R,3,S,3,Y,55,K,33,X,55,Y,1,S,3,R,3,X,55,K,1,C,1,Y,39,"L1:[sp=K,250] C=40,R=3,S=3,Y=55,K=33,X=55 || L2:[sp=Y,1] S=3,R=3,X=55,K=1,C=1,Y=39",-1843.0,-1214.99,1,K|Y,2
Y,250,C,54,K,14,X,55,Y,55,S,3,R,3,C,2,S,3,R,3,X,55,Y,26,K,1,C,1,"L1:[sp=Y,250] C=54,K=14,X=55,Y=55,S=3,R=3 || L2:[sp=C,2] S=3,R=3,X=55,Y=26,K=1,C=1",-1869.0,-1309.1,1,Y|C,2
K,250,C,40,K,24,Y,17,S,3,R,3,X,55,Y,11,C,1,S,3,X,55,R,3,Y,1,K,5,"L1:[sp=K,250] C=40,K=24,Y=17,S=3,R=3,X=55 || L2:[sp=Y,11] C=1,S=3,X=55,R=3,Y=1,K=5",-1881.0,-1208.48,1,K|Y,2
Y,250,X,55,K,22,Y,55,S,3,C,35,R,3,Y,56,S,3,R,3,X,55,K,1,Y,41,C,1,"L1:[sp=Y,250] X=55,K=22,Y=55,S=3,C=35,R=3 || L2:[sp=Y,56] S=3,R=3,X=55,K=1,Y=41,C=1",-1883.0,-1195.98,1,Y|Y,2
X,250,K,61,C,22,S,3,X,55,Y,55,R,3,C,2,S,3,C,1,R,3,X,55,Y,51,K,1,"L1:[sp=X,250] K=61,C=22,S=3,X=55,Y=55,R=3 || L2:[sp=C,2] S=3,C=1,R=3,X=55,Y=51,K=1",-1887.0,-1328.34,1,X|C,2
Y,250,Y,55,K,19,S,3,C,42,R,3,X,55,C,2,K,1,X,55,Y,2,C,1,S,3,R,3,"L1:[sp=Y,250] Y=55,K=19,S=3,C=42,R=3,X=55 || L2:[sp=C,2] K=1,X=55,Y=2,C=1,S=3,R=3",-1905.0,-1264.24,1,Y|C,2
X,250,C,40,X,56,R,3,Y,55,K,19,S,3,X,1,R,3,S,3,X,55,K,1,Y,1,C,2,"L1:[sp=X,250] C=40,X=56,R=3,Y=55,K=19,S=3 || L2:[sp=X,1] R=3,S=3,X=55,K=1,Y=1,C=2",-1905.0,-1252.18,1,X|X,2
Y,250,C,35,R,3,K,40,Y,4,S,3,X,55,K,2,S,3,R,3,X,55,K,1,C,1,Y,4,"L1:[sp=Y,250] C=35,R=3,K=40,Y=4,S=3,X=55 || L2:[sp=K,2] S=3,R=3,X=55,K=1,C=1,Y=4",-1905.0,-1223.68,1,Y|K,2
C,250,R,3,X,55,C,54,S,3,Y,3,K,19,K,32,X,55,S,3,C,1,Y,3,K,1,R,3,"L1:[sp=C,250] R=3,X=55,C=54,S=3,Y=3,K=19 || L2:[sp=K,32] X=55,S=3,C=1,Y=3,K=1,R=3",-1945.0,-3593.81,1,C|K,2
K,250,C,27,K,31,S,3,Y,55,R,3,X,55,Y,21,C,1,S,3,X,55,Y,1,R,3,K,1,"L1:[sp=K,250] C=27,K=31,S=3,Y=55,R=3,X=55 || L2:[sp=Y,21] C=1,S=3,X=55,Y=1,R=3,K=1",-1958.0,-1217.73,1,K|Y,2
Y,250,C,35,R,3,K,19,Y,4,S,3,X,55,C,4,S,3,R,3,X,55,K,1,C,1,Y,3,"L1:[sp=Y,250] C=35,R=3,K=19,Y=4,S=3,X=55 || L2:[sp=C,4] S=3,R=3,X=55,K=1,C=1,Y=3",-1961.0,-1212.89,1,Y|C,2
K,250,C,43,K,31,S,3,Y,55,R,3,X,55,Y,21,C,1,S,3,X,55,R,3,Y,1,K,1,"L1:[sp=K,250] C=43,K=31,S=3,Y=55,R=3,X=55 || L2:[sp=Y,21] C=1,S=3,X=55,R=3,Y=1,K=1",-1967.0,-1229.81,1,K|Y,2
K,250,C,43,K,31,Y,55,S,3,R,3,X,55,Y,21,C,1,S,3,X,55,R,3,Y,1,K,1,"L1:[sp=K,250] C=43,K=31,Y=55,S=3,R=3,X=55 || L2:[sp=Y,21] C=1,S=3,X=55,R=3,Y=1,K=1",-1967.0,-1229.81,1,K|Y,2
K,250,C,43,R,3,S,3,Y,55,K,31,X,55,Y,21,C,1,S,3,X,55,R,3,Y,1,K,1,"L1:[sp=K,250] C=43,R=3,S=3,Y=55,K=31,X=55 || L2:[sp=Y,21] C=1,S=3,X=55,R=3,Y=1,K=1",-1967.0,-1229.81,1,K|Y,2
Y,250,C,42,K,19,S,3,Y,55,R,3,X,55,C,2,C,1,R,3,S,3,X,55,Y,1,K,1,"L1:[sp=Y,250] C=42,K=19,S=3,Y=55,R=3,X=55 || L2:[sp=C,2] C=1,R=3,S=3,X=55,Y=1,K=1",-1977.0,-1263.7,1,Y|C,2
Y,250,C,54,K,40,X,55,Y,55,S,3,R,3,C,2,S,3,R,3,X,55,Y,26,K,1,C,1,"L1:[sp=Y,250] C=54,K=40,X=55,Y=55,S=3,R=3 || L2:[sp=C,2] S=3,R=3,X=55,Y=26,K=1,C=1",-1977.0,-1350.71,1,Y|C,2
Y,250,C,54,X,55,K,40,Y,55,S,3,R,3,C,2,S,3,R,3,X,55,Y,26,K,1,C,1,"L1:[sp=Y,250] C=54,X=55,K=40,Y=55,S=3,R=3 || L2:[sp=C,2] S=3,R=3,X=55,Y=26,K=1,C=1",-1977.0,-1350.71,1,Y|C,2
K,250,C,36,K,19,S,3,Y,26,R,3,X,55,C,43,C,1,Y,1,R,3,X,55,S,3,K,1,"L1:[sp=K,250] C=36,K=19,S=3,Y=26,R=3,X=55 || L2:[sp=C,43] C=1,Y=1,R=3,X=55,S=3,K=1",-1999.0,-1189.44,1,K|C,2
C,250,C,42,K,11,S,3,Y,2,R,3,X,55,C,43,C,1,S,3,R,3,X,55,Y,1,K,1,"L1:[sp=C,250] C=42,K=11,S=3,Y=2,R=3,X=55 || L2:[sp=C,43] C=1,S=3,R=3,X=55,Y=1,K=1",-1999.0,-1251.35,1,C|C,2
C,250,X,55,R,3,Y,55,S,3,C,35,K,64,Y,56,S,3,C,1,X,55,K,1,Y,26,R,3,"L1:[sp=C,250] X=55,R=3,Y=55,S=3,C=35,K=64 || L2:[sp=Y,56] S=3,C=1,X=55,K=1,Y=26,R=3",-2007.0,-1175.2,1,C|Y,2
K,250,C,43,K,19,S,3,Y,46,R,3,X,55,C,43,C,1,S,3,X,55,K,1,Y,1,R,3,"L1:[sp=K,250] C=43,K=19,S=3,Y=46,R=3,X=55 || L2:[sp=C,43] C=1,S=3,X=55,K=1,Y=1,R=3",-2017.0,-1233.91,1,K|C,2
C,250,K,63,Y,37,C,42,S,3,R,3,X,55,Y,21,C,1,S,3,R,3,X,55,Y,1,K,4,"L1:[sp=C,250] K=63,Y=37,C=42,S=3,R=3,X=55 || L2:[sp=Y,21] C=1,S=3,R=3,X=55,Y=1,K=4",-2017.0,-1343.67,1,C|Y,2
Y,250,C,42,K,64,S,3,X,55,R,3,Y,55,C,2,C,1,S,3,R,3,X,55,Y,1,K,1,"L1:[sp=Y,250] C=42,K=64,S=3,X=55,R=3,Y=55 || L2:[sp=C,2] C=1,S=3,R=3,X=55,Y=1,K=1",-2031.0,-1224.87,1,Y|C,2
Y,250,C,36,K,64,S,3,X,55,R,3,Y,55,C,2,C,1,S,3,R,3,X,55,Y,1,K,1,"L1:[sp=Y,250] C=36,K=64,S=3,X=55,R=3,Y=55 || L2:[sp=C,2] C=1,S=3,R=3,X=55,Y=1,K=1",-2031.0,-1195.23,1,Y|C,2
Y,250,C,37,K,40,X,55,Y,55,S,3,R,3,C,2,S,3,R,3,X,55,Y,13,K,1,C,1,"L1:[sp=Y,250] C=37,K=40,X=55,Y=55,S=3,R=3 || L2:[sp=C,2] S=3,R=3,X=55,Y=13,K=1,C=1",-2041.0,-1245.78,1,Y|C,2
K,250,C,43,K,19,S,3,Y,55,R,3,X,55,C,43,R,3,S,3,X,24,C,1,Y,1,K,1,"L1:[sp=K,250] C=43,K=19,S=3,Y=55,R=3,X=55 || L2:[sp=C,43] R=3,S=3,X=24,C=1,Y=1,K=1",-2055.0,-1229.81,1,K|C,2
K,250,C,35,K,19,S,3,Y,55,R,3,X,55,C,43,S,3,C,1,X,51,K,1,Y,26,R,3,"L1:[sp=K,250] C=35,K=19,S=3,Y=55,R=3,X=55 || L2:[sp=C,43] S=3,C=1,X=51,K=1,Y=26,R=3",-2055.0,-1190.29,1,K|C,2
K,250,C,35,K,19,S,3,Y,55,R,3,X,55,C,43,S,3,C,1,X,3,K,1,Y,26,R,3,"L1:[sp=K,250] C=35,K=19,S=3,Y=55,R=3,X=55 || L2:[sp=C,43] S=3,C=1,X=3,K=1,Y=26,R=3",-2055.0,-1190.29,1,K|C,2
K,250,S,3,R,3,K,33,X,55,C,35,Y,55,Y,55,X,55,S,3,C,1,K,1,Y,3,R,3,"L1:[sp=K,250] S=3,R=3,K=33,X=55,C=35,Y=55 || L2:[sp=Y,55] X=55,S=3,C=1,K=1,Y=3,R=3",-2059.0,-1190.29,1,K|Y,2
K,250,C,40,K,34,Y,43,S,3,R,3,X,55,Y,11,C,1,S,3,X,55,R,3,Y,1,K,5,"L1:[sp=K,250] C=40,K=34,Y=43,S=3,R=3,X=55 || L2:[sp=Y,11] C=1,S=3,X=55,R=3,Y=1,K=5",-2061.0,-1214.65,1,K|Y,2
K,250,K,33,R,3,S,3,X,55,C,13,Y,55,Y,55,X,55,S,3,C,1,K,1,Y,1,R,3,"L1:[sp=K,250] K=33,R=3,S=3,X=55,C=13,Y=55 || L2:[sp=Y,55] X=55,S=3,C=1,K=1,Y=1,R=3",-2068.0,-1178.76,1,K|Y,2
X,250,C,35,Y,7,S,3,R,3,K,40,X,55,C,43,K,1,C,1,X,55,S,3,Y,3,R,3,"L1:[sp=X,250] C=35,Y=7,S=3,R=3,K=40,X=55 || L2:[sp=C,43] K=1,C=1,X=55,S=3,Y=3,R=3",-2081.0,-1975.43,1,X|C,2
C,250,C,33,K,31,S,3,Y,55,R,3,X,55,Y,21,C,1,S,3,X,55,R,3,Y,1,K,1,"L1:[sp=C,250] C=33,K=31,S=3,Y=55,R=3,X=55 || L2:[sp=Y,21] C=1,S=3,X=55,R=3,Y=1,K=1",-2086.0,-1246.7,1,C|Y,2
C,250,C,33,K,31,S,3,Y,55,R,3,X,55,Y,21,S,3,C,1,X,55,R,3,Y,1,K,1,"L1:[sp=C,250] C=33,K=31,S=3,Y=55,R=3,X=55 || L2:[sp=Y,21] S=3,C=1,X=55,R=3,Y=1,K=1",-2086.0,-1246.7,1,C|Y,2
C,250,C,33,K,28,S,3,Y,55,R,3,X,55,Y,21,C,1,S,3,X,55,R,3,Y,1,K,1,"L1:[sp=C,250] C=33,K=28,S=3,Y=55,R=3,X=55 || L2:[sp=Y,21] C=1,S=3,X=55,R=3,Y=1,K=1",-2086.0,-1224.51,1,C|Y,2
C,250,C,11,K,26,S,3,Y,54,R,3,X,55,Y,21,C,1,S,3,X,55,R,3,Y,1,K,1,"L1:[sp=C,250] C=11,K=26,S=3,Y=54,R=3,X=55 || L2:[sp=Y,21] C=1,S=3,X=55,R=3,Y=1,K=1",-2086.0,-1209.72,1,C|Y,2
K,250,K,33,Y,55,C,53,S,3,R,3,X,55,C,1,C,1,S,3,X,55,R,3,Y,1,K,1,"L1:[sp=K,250] K=33,Y=55,C=53,S=3,R=3,X=55 || L2:[sp=C,1] C=1,S=3,X=55,R=3,Y=1,K=1",-2095.0,-1279.2,1,K|C,2
K,250,R,3,C,40,S,3,Y,55,X,55,K,41,Y,55,S,3,C,1,X,55,Y,26,R,3,K,1,"L1:[sp=K,250] R=3,C=40,S=3,Y=55,X=55,K=41 || L2:[sp=Y,55] S=3,C=1,X=55,Y=26,R=3,K=1",-2157.0,-1214.99,1,K|Y,2
C,250,K,62,R,3,S,3,Y,55,C,35,X,55,X,11,S,3,C,1,X,55,K,1,Y,26,R,3,"L1:[sp=C,250] K=62,R=3,S=3,Y=55,C=35,X=55 || L2:[sp=X,11] S=3,C=1,X=55,K=1,Y=26,R=3",-2205.0,-1323.13,1,C|X,2
C,250,C,35,R,3,X,55,Y,55,S,3,K,40,C,1,S,3,R,3,X,55,Y,26,K,1,C,1,"L1:[sp=C,250] C=35,R=3,X=55,Y=55,S=3,K=40 || L2:[sp=C,1] S=3,R=3,X=55,Y=26,K=1,C=1",-2205.0,-1214.65,1,C|C,2
C,250,X,55,R,3,Y,55,S,3,C,35,K,64,Y,56,S,3,C,1,X,55,K,1,Y,1,R,3,"L1:[sp=C,250] X=55,R=3,Y=55,S=3,C=35,K=64 || L2:[sp=Y,56] S=3,C=1,X=55,K=1,Y=1,R=3",-2232.0,-1175.2,1,C|Y,2
Y,250,S,3,C,43,X,55,Y,12,R,3,K,50,K,31,C,1,S,3,R,3,X,55,Y,1,K,1,"L1:[sp=Y,250] S=3,C=43,X=55,Y=12,R=3,K=50 || L2:[sp=K,31] C=1,S=3,R=3,X=55,Y=1,K=1",-2269.0,-1340.66,1,Y|K,2
K,250,K,13,C,40,R,3,Y,55,S,3,X,55,K,61,S,3,R,3,X,13,C,1,Y,26,K,1,"L1:[sp=K,250] K=13,C=40,R=3,Y=55,S=3,X=55 || L2:[sp=K,61] S=3,R=3,X=13,C=1,Y=26,K=1",-2307.0,-1214.99,1,K|K,2
K,250,C,39,K,2,S,3,X,55,Y,55,R,3,K,1,C,1,S,3,X,13,R,3,Y,1,K,1,"L1:[sp=K,250] C=39,K=2,S=3,X=55,Y=55,R=3 || L2:[sp=K,1] C=1,S=3,X=13,R=3,Y=1,K=1",-2307.0,-1207.03,1,K|K,2
Y,250,C,35,R,3,K,30,X,55,S,3,Y,55,C,43,S,3,C,1,X,1,K,1,Y,26,R,3,"L1:[sp=Y,250] C=35,R=3,K=30,X=55,S=3,Y=55 || L2:[sp=C,43] S=3,C=1,X=1,K=1,Y=26,R=3",-2311.0,-1260.4,1,Y|C,2
C,250,R,3,X,55,C,61,S,3,Y,3,K,19,K,32,X,55,S,3,C,1,Y,3,K,1,R,3,"L1:[sp=C,250] R=3,X=55,C=61,S=3,Y=3,K=19 || L2:[sp=K,32] X=55,S=3,C=1,Y=3,K=1,R=3",-2449.0,-3593.81,1,C|K,2
C,250,R,3,X,55,C,61,S,3,Y,3,K,19,K,32,X,55,S,3,C,1,K,1,Y,3,R,3,"L1:[sp=C,250] R=3,X=55,C=61,S=3,Y=3,K=19 || L2:[sp=K,32] X=55,S=3,C=1,K=1,Y=3,R=3",-2449.0,-3593.81,1,C|K,2
K,250,C,35,X,55,S,3,R,3,Y,22,K,19,C,1,S,3,C,1,X,55,K,1,Y,22,R,3,"L1:[sp=K,250] C=35,X=55,S=3,R=3,Y=22,K=19 || L2:[sp=C,1] S=3,C=1,X=55,K=1,Y=22,R=3",-2461.0,-1180.23,1,K|C,2
K,250,C,43,K,39,S,3,Y,55,R,3,X,55,X,11,C,1,S,3,X,55,K,1,Y,1,R,3,"L1:[sp=K,250] C=43,K=39,S=3,Y=55,R=3,X=55 || L2:[sp=X,11] C=1,S=3,X=55,K=1,Y=1,R=3",-2479.0,-1229.81,1,K|X,2
K,250,C,35,K,19,S,3,Y,21,R,3,X,55,X,11,S,3,C,1,X,55,K,1,Y,21,R,3,"L1:[sp=K,250] C=35,K=19,S=3,Y=21,R=3,X=55 || L2:[sp=X,11] S=3,C=1,X=55,K=1,Y=21,R=3",-2515.0,-1179.33,1,K|X,2
K,250,C,35,K,40,S,3,Y,55,R,3,X,55,Y,1,S,3,C,1,X,55,K,1,Y,26,R,3,"L1:[sp=K,250] C=35,K=40,S=3,Y=55,R=3,X=55 || L2:[sp=Y,1] S=3,C=1,X=55,K=1,Y=26,R=3",-2525.0,-1190.29,1,K|Y,2
K,250,C,40,R,3,X,55,Y,55,S,3,K,40,X,5,S,3,R,3,X,55,K,1,Y,26,C,1,"L1:[sp=K,250] C=40,R=3,X=55,Y=55,S=3,K=40 || L2:[sp=X,5] S=3,R=3,X=55,K=1,Y=26,C=1",-2525.0,-1214.99,1,K|X,2
K,250,Y,55,C,10,K,1,S,3,R,3,X,55,K,1,C,10,S,3,X,5,R,3,Y,1,K,1,"L1:[sp=K,250] Y=55,C=10,K=1,S=3,R=3,X=55 || L2:[sp=K,1] C=10,S=3,X=5,R=3,Y=1,K=1",-2528.0,-1189.32,1,K|K,2
C,250,C,42,K,12,S,3,Y,55,R,3,X,55,X,55,C,1,X,55,R,3,S,3,Y,1,K,1,"L1:[sp=C,250] C=42,K=12,S=3,Y=55,R=3,X=55 || L2:[sp=X,55] C=1,X=55,R=3,S=3,Y=1,K=1",-2635.0,-1194.92,1,C|X,2
C,250,C,42,Y,55,X,55,S,3,R,3,K,19,X,5,C,1,S,3,R,3,X,55,Y,1,K,1,"L1:[sp=C,250] C=42,Y=55,X=55,S=3,R=3,K=19 || L2:[sp=X,5] C=1,S=3,R=3,X=55,Y=1,K=1",-2653.0,-1204.78,1,C|X,2
C,250,Y,55,K,19,X,55,S,3,R,3,C,42,K,1,C,1,S,3,R,3,X,55,K,1,Y,1,"L1:[sp=C,250] Y=55,K=19,X=55,S=3,R=3,C=42 || L2:[sp=K,1] C=1,S=3,R=3,X=55,K=1,Y=1",-2653.0,-1204.78,1,C|K,2
K,250,C,35,Y,55,S,3,K,44,R,3,X,55,X,5,S,3,C,1,X,55,K,1,R,3,Y,15,"L1:[sp=K,250] C=35,Y=55,S=3,K=44,R=3,X=55 || L2:[sp=X,5] S=3,C=1,X=55,K=1,R=3,Y=15",-2655.0,-1190.29,1,K|X,2
Y,250,X,55,R,3,Y,55,S,3,C,35,K,22,Y,56,S,3,C,1,X,55,K,1,Y,26,R,3,"L1:[sp=Y,250] X=55,R=3,Y=55,S=3,C=35,K=22 || L2:[sp=Y,56] S=3,C=1,X=55,K=1,Y=26,R=3",-2693.0,-1195.68,1,Y|Y,2
C,250,C,43,K,11,Y,55,S,3,R,3,X,55,Y,21,C,1,S,3,X,55,R,3,K,1,Y,1,"L1:[sp=C,250] C=43,K=11,Y=55,S=3,R=3,X=55 || L2:[sp=Y,21] C=1,S=3,X=55,R=3,K=1,Y=1",-2699.0,-1180.13,1,C|Y,2
K,250,K,11,C,29,S,3,Y,17,R,3,X,55,Y,55,C,1,S,3,X,55,K,1,Y,1,R,3,"L1:[sp=K,250] K=11,C=29,S=3,Y=17,R=3,X=55 || L2:[sp=Y,55] C=1,S=3,X=55,K=1,Y=1,R=3",-2709.0,-1213.05,1,K|Y,2
C,250,C,43,K,31,S,3,Y,55,R,3,X,55,Y,21,C,1,S,3,X,55,R,3,Y,1,K,1,"L1:[sp=C,250] C=43,K=31,S=3,Y=55,R=3,X=55 || L2:[sp=Y,21] C=1,S=3,X=55,R=3,Y=1,K=1",-2726.0,-1246.7,1,C|Y,2
C,250,K,33,C,43,S,3,X,55,R,3,Y,55,Y,55,C,1,S,3,X,55,K,1,Y,1,R,3,"L1:[sp=C,250] K=33,C=43,S=3,X=55,R=3,Y=55 || L2:[sp=Y,55] C=1,S=3,X=55,K=1,Y=1,R=3",-2735.0,-1180.13,1,C|Y,2
K,250,C,8,K,45,S,3,Y,55,X,55,R,3,K,1,C,1,S,3,X,55,Y,26,R,3,K,1,"L1:[sp=K,250] C=8,K=45,S=3,Y=55,X=55,R=3 || L2:[sp=K,1] C=1,S=3,X=55,Y=26,R=3,K=1",-2737.0,-1177.12,1,K|K,2
K,250,C,35,Y,55,S,3,K,19,R,3,X,55,C,43,S,3,C,1,Y,26,K,1,X,10,R,3,"L1:[sp=K,250] C=35,Y=55,S=3,K=19,R=3,X=55 || L2:[sp=C,43] S=3,C=1,Y=26,K=1,X=10,R=3",-2739.0,-1190.29,1,K|C,2
K,250,C,35,K,19,S,3,Y,55,R,3,X,55,C,43,S,3,C,1,X,5,K,1,Y,26,R,3,"L1:[sp=K,250] C=35,K=19,S=3,Y=55,R=3,X=55 || L2:[sp=C,43] S=3,C=1,X=5,K=1,Y=26,R=3",-2739.0,-1190.29,1,K|C,2
K,250,C,35,K,19,S,3,Y,55,R,3,X,55,C,43,S,3,C,1,K,1,X,10,Y,26,R,3,"L1:[sp=K,250] C=35,K=19,S=3,Y=55,R=3,X=55 || L2:[sp=C,43] S=3,C=1,K=1,X=10,Y=26,R=3",-2739.0,-1190.29,1,K|C,2
K,250,C,43,K,31,Y,47,S,3,R,3,X,55,Y,21,C,1,S,3,X,55,R,3,Y,33,K,1,"L1:[sp=K,250] C=43,K=31,Y=47,S=3,R=3,X=55 || L2:[sp=Y,21] C=1,S=3,X=55,R=3,Y=33,K=1",-2781.0,-1234.64,1,K|Y,2
K,250,C,43,K,11,Y,52,S,3,R,3,X,55,Y,21,C,1,S,3,X,55,R,3,Y,1,K,1,"L1:[sp=K,250] C=43,K=11,Y=52,S=3,R=3,X=55 || L2:[sp=Y,21] C=1,S=3,X=55,R=3,Y=1,K=1",-2781.0,-1238.33,1,K|Y,2
Y,250,Y,37,R,3,X,55,C,35,K,40,S,3,C,4,K,1,R,3,X,55,S,3,C,1,Y,13,"L1:[sp=Y,250] Y=37,R=3,X=55,C=35,K=40,S=3 || L2:[sp=C,4] K=1,R=3,X=55,S=3,C=1,Y=13",-2797.0,-1220.38,1,Y|C,2
K,250,C,53,K,44,S,3,X,55,Y,55,R,3,K,1,C,1,S,3,X,55,R,3,Y,1,K,1,"L1:[sp=K,250] C=53,K=44,S=3,X=55,Y=55,R=3 || L2:[sp=K,1] C=1,S=3,X=55,R=3,Y=1,K=1",-2799.0,-1279.2,1,K|K,2
C,250,Y,55,K,19,S,3,C,59,R,3,X,55,Y,55,C,1,R,3,Y,26,X,55,S,3,K,1,"L1:[sp=C,250] Y=55,K=19,S=3,C=59,R=3,X=55 || L2:[sp=Y,55] C=1,R=3,Y=26,X=55,S=3,K=1",-2841.0,-1204.78,1,C|Y,2
K,250,C,43,X,55,S,3,Y,42,R,3,K,19,X,11,S,3,C,1,Y,26,K,1,X,55,R,3,"L1:[sp=K,250] C=43,X=55,S=3,Y=42,R=3,K=19 || L2:[sp=X,11] S=3,C=1,Y=26,K=1,X=55,R=3",-2893.0,-1230.96,1,K|X,2
K,250,X,55,K,46,S,3,Y,55,R,3,C,43,Y,1,C,1,S,3,X,55,R,3,Y,1,K,1,"L1:[sp=K,250] X=55,K=46,S=3,Y=55,R=3,C=43 || L2:[sp=Y,1] C=1,S=3,X=55,R=3,Y=1,K=1",-2927.0,-1229.81,1,K|Y,2
K,250,R,3,S,3,K,56,Y,55,C,55,X,55,C,43,S,3,K,1,X,52,C,1,Y,1,R,3,"L1:[sp=K,250] R=3,S=3,K=56,Y=55,C=55,X=55 || L2:[sp=C,43] S=3,K=1,X=52,C=1,Y=1,R=3",-3027.0,-1289.08,1,K|C,2
K,250,C,36,X,55,S,3,R,3,Y,55,K,51,Y,11,K,1,C,1,Y,13,S,3,X,55,R,3,"L1:[sp=K,250] C=36,X=55,S=3,R=3,Y=55,K=51 || L2:[sp=Y,11] K=1,C=1,Y=13,S=3,X=55,R=3",-3031.0,-1195.23,1,K|Y,2
K,250,X,55,K,49,S,3,Y,55,R,3,C,33,K,1,Y,1,C,1,X,55,R,3,S,3,K,1,"L1:[sp=K,250] X=55,K=49,S=3,Y=55,R=3,C=33 || L2:[sp=K,1] Y=1,C=1,X=55,R=3,S=3,K=1",-3119.0,-1180.41,1,K|K,2
X,250,R,3,K,28,X,56,C,40,Y,55,S,3,X,1,K,1,R,3,Y,18,X,55,S,3,C,1,"L1:[sp=X,250] R=3,K=28,X=56,C=40,Y=55,S=3 || L2:[sp=X,1] K=1,R=3,Y=18,X=55,S=3,C=1",-3125.0,-1276.83,1,X|X,2
K,250,C,43,K,61,Y,47,S,3,R,3,X,55,Y,21,C,1,S,3,X,55,R,3,K,5,Y,1,"L1:[sp=K,250] C=43,K=61,Y=47,S=3,R=3,X=55 || L2:[sp=Y,21] C=1,S=3,X=55,R=3,K=5,Y=1",-3149.0,-1234.64,1,K|Y,2
X,250,C,35,K,19,R,3,Y,55,X,55,S,3,X,55,R,3,Y,41,S,3,K,1,C,1,X,55,"L1:[sp=X,250] C=35,K=19,R=3,Y=55,X=55,S=3 || L2:[sp=X,55] R=3,Y=41,S=3,K=1,C=1,X=55",-3161.0,-1222.65,1,X|X,2
Y,250,R,3,Y,55,S,3,C,35,K,32,X,55,Y,55,K,1,R,3,X,55,S,3,C,1,Y,26,"L1:[sp=Y,250] R=3,Y=55,S=3,C=35,K=32,X=55 || L2:[sp=Y,55] K=1,R=3,X=55,S=3,C=1,Y=26",-3161.0,-1190.29,1,Y|Y,2
K,250,C,35,K,44,S,3,Y,55,R,3,X,55,C,43,S,3,C,1,X,52,K,1,Y,26,R,3,"L1:[sp=K,250] C=35,K=44,S=3,Y=55,R=3,X=55 || L2:[sp=C,43] S=3,C=1,X=52,K=1,Y=26,R=3",-3171.0,-1190.29,1,K|C,2
Y,250,C,35,R,3,K,40,Y,14,S,3,X,55,C,5,S,3,R,3,X,55,K,1,C,1,Y,4,"L1:[sp=Y,250] C=35,R=3,K=40,Y=14,S=3,X=55 || L2:[sp=C,5] S=3,R=3,X=55,K=1,C=1,Y=4",-3185.0,-1220.68,1,Y|C,2
K,250,R,3,Y,55,S,3,K,54,C,9,X,55,X,5,S,3,C,1,X,55,K,1,Y,52,R,3,"L1:[sp=K,250] R=3,Y=55,S=3,K=54,C=9,X=55 || L2:[sp=X,5] S=3,C=1,X=55,K=1,Y=52,R=3",-3313.0,-1196.87,1,K|X,2
K,250,K,61,C,40,Y,10,S,3,R,3,X,55,K,61,S,3,R,3,X,55,C,1,Y,1,K,1,"L1:[sp=K,250] K=61,C=40,Y=10,S=3,R=3,X=55 || L2:[sp=K,61] S=3,R=3,X=55,C=1,Y=1,K=1",-3349.0,-1205.74,1,K|K,2
K,250,C,43,K,31,S,3,Y,36,R,3,X,55,K,31,C,1,S,3,X,55,R,3,Y,1,K,1,"L1:[sp=K,250] C=43,K=31,S=3,Y=36,R=3,X=55 || L2:[sp=K,31] C=1,S=3,X=55,R=3,Y=1,K=1",-3421.0,-1226.55,1,K|K,2
K,250,C,43,K,16,S,3,Y,36,R,3,X,55,K,31,S,3,C,1,X,55,R,3,Y,1,K,1,"L1:[sp=K,250] C=43,K=16,S=3,Y=36,R=3,X=55 || L2:[sp=K,31] S=3,C=1,X=55,R=3,Y=1,K=1",-3421.0,-1207.44,1,K|K,2
K,250,Y,55,X,55,S,3,C,50,R,3,K,54,K,1,C,1,X,55,Y,4,K,1,S,3,R,3,"L1:[sp=K,250] Y=55,X=55,S=3,C=50,R=3,K=54 || L2:[sp=K,1] C=1,X=55,Y=4,K=1,S=3,R=3",-3421.0,-1264.38,1,K|K,2
K,250,K,19,C,40,R,3,Y,46,X,56,S,3,K,19,R,3,Y,1,X,55,K,1,S,3,C,1,"L1:[sp=K,250] K=19,C=40,R=3,Y=46,X=56,S=3 || L2:[sp=K,19] R=3,Y=1,X=55,K=1,S=3,C=1",-3421.0,-1154.93,1,K|K,2
K,250,C,35,Y,55,S,3,R,3,K,19,X,55,C,43,S,3,C,1,X,11,K,1,Y,1,R,3,"L1:[sp=K,250] C=35,Y=55,S=3,R=3,K=19,X=55 || L2:[sp=C,43] S=3,C=1,X=11,K=1,Y=1,R=3",-3423.0,-1190.29,1,K|C,2
K,250,C,45,K,54,S,3,Y,55,R,3,X,55,Y,21,C,1,S,3,X,55,Y,1,K,1,R,3,"L1:[sp=K,250] C=45,K=54,S=3,Y=55,R=3,X=55 || L2:[sp=Y,21] C=1,S=3,X=55,Y=1,K=1,R=3",-3439.0,-1239.69,1,K|Y,2
K,250,C,45,K,54,S,3,Y,55,R,3,X,55,Y,21,C,1,Y,1,X,55,S,3,K,1,R,3,"L1:[sp=K,250] C=45,K=54,S=3,Y=55,R=3,X=55 || L2:[sp=Y,21] C=1,Y=1,X=55,S=3,K=1,R=3",-3439.0,-1239.69,1,K|Y,2
K,250,R,3,K,54,S,3,Y,55,C,45,X,55,Y,21,C,1,Y,1,R,3,S,3,K,1,X,55,"L1:[sp=K,250] R=3,K=54,S=3,Y=55,C=45,X=55 || L2:[sp=Y,21] C=1,Y=1,R=3,S=3,K=1,X=55",-3439.0,-1239.69,1,K|Y,2
K,250,C,43,K,54,S,3,Y,55,R,3,X,55,Y,21,C,1,Y,1,X,55,S,3,K,1,R,3,"L1:[sp=K,250] C=43,K=54,S=3,Y=55,R=3,X=55 || L2:[sp=Y,21] C=1,Y=1,X=55,S=3,K=1,R=3",-3439.0,-1229.81,1,K|Y,2
K,250,C,36,X,55,S,3,R,3,Y,55,K,47,K,51,K,1,X,17,Y,26,S,3,C,1,R,3,"L1:[sp=K,250] C=36,X=55,S=3,R=3,Y=55,K=47 || L2:[sp=K,51] K=1,X=17,Y=26,S=3,C=1,R=3",-3459.0,-1195.23,1,K|K,2
X,250,Y,55,K,6,S,3,C,50,R,3,X,55,K,1,C,1,Y,17,X,55,K,1,S,3,R,3,"L1:[sp=X,250] Y=55,K=6,S=3,C=50,R=3,X=55 || L2:[sp=K,1] C=1,Y=17,X=55,K=1,S=3,R=3",-3503.0,-1274.23,1,X|K,2
C,250,X,55,C,57,Y,55,S,3,R,3,K,64,Y,5,S,3,C,1,X,55,K,1,Y,12,R,3,"L1:[sp=C,250] X=55,C=57,Y=55,S=3,R=3,K=64 || L2:[sp=Y,5] S=3,C=1,X=55,K=1,Y=12,R=3",-3541.0,-1175.2,1,C|Y,2
C,250,C,56,K,26,S,3,Y,55,R,3,X,55,Y,21,C,1,S,3,X,55,R,3,Y,1,K,1,"L1:[sp=C,250] C=56,K=26,S=3,Y=55,R=3,X=55 || L2:[sp=Y,21] C=1,S=3,X=55,R=3,Y=1,K=1",-3558.0,-1209.72,1,C|Y,2
X,250,C,43,K,5,S,3,Y,55,R,3,X,55,X,55,C,1,S,3,X,55,R,3,Y,13,K,1,"L1:[sp=X,250] C=43,K=5,S=3,Y=55,R=3,X=55 || L2:[sp=X,55] C=1,S=3,X=55,R=3,Y=13,K=1",-3629.0,-1233.12,1,X|X,2
Y,250,S,3,K,5,C,50,X,55,Y,55,R,3,K,1,X,55,S,3,C,1,R,3,Y,26,K,1,"L1:[sp=Y,250] S=3,K=5,C=50,X=55,Y=55,R=3 || L2:[sp=K,1] X=55,S=3,C=1,R=3,Y=26,K=1",-3629.0,-1270.8,1,Y|K,2
C,250,C,35,K,54,Y,8,X,55,R,3,S,3,K,61,S,3,Y,1,X,55,K,1,R,3,C,1,"L1:[sp=C,250] C=35,K=54,Y=8,X=55,R=3,S=3 || L2:[sp=K,61] S=3,Y=1,X=55,K=1,R=3,C=1",-3655.0,-1297.38,1,C|K,2
K,250,C,35,R,3,S,3,Y,55,K,63,X,56,K,1,S,3,C,1,X,55,K,1,Y,34,R,3,"L1:[sp=K,250] C=35,R=3,S=3,Y=55,K=63,X=56 || L2:[sp=K,1] S=3,C=1,X=55,K=1,Y=34,R=3",-3673.0,-1190.54,1,K|K,2
K,250,C,35,Y,55,S,3,K,58,R,3,X,55,X,5,S,3,C,1,X,55,K,1,Y,52,R,3,"L1:[sp=K,250] C=35,Y=55,S=3,K=58,R=3,X=55 || L2:[sp=X,5] S=3,C=1,X=55,K=1,Y=52,R=3",-3677.0,-1190.29,1,K|X,2
K,250,C,35,K,19,X,55,Y,16,R,3,S,3,X,11,S,3,X,55,C,1,K,1,Y,16,R,3,"L1:[sp=K,250] C=35,K=19,X=55,Y=16,R=3,S=3 || L2:[sp=X,11] S=3,X=55,C=1,K=1,Y=16,R=3",-3713.0,-1179.63,1,K|X,2
Y,250,C,35,X,55,K,40,Y,55,S,3,R,3,Y,1,Y,44,R,3,X,55,K,1,C,1,S,3,"L1:[sp=Y,250] C=35,X=55,K=40,Y=55,S=3,R=3 || L2:[sp=Y,1] Y=44,R=3,X=55,K=1,C=1,S=3",-3737.0,-1233.44,1,Y|Y,2
K,250,C,35,R,3,S,3,Y,15,K,19,X,55,Y,15,S,3,C,1,X,55,K,1,Y,15,R,3,"L1:[sp=K,250] C=35,R=3,S=3,Y=15,K=19,X=55 || L2:[sp=Y,15] S=3,C=1,X=55,K=1,Y=15,R=3",-3785.0,-1178.44,1,K|Y,2
X,250,C,9,R,3,X,55,Y,55,K,40,S,3,X,1,S,3,C,1,X,55,K,1,Y,26,R,3,"L1:[sp=X,250] C=9,R=3,X=55,Y=55,K=40,S=3 || L2:[sp=X,1] S=3,C=1,X=55,K=1,Y=26,R=3",-3809.0,-1241.25,1,X|X,2
X,250,C,16,R,3,X,55,Y,55,S,3,K,19,Y,1,S,3,R,3,X,55,K,1,C,1,Y,26,"L1:[sp=X,250] C=16,R=3,X=55,Y=55,S=3,K=19 || L2:[sp=Y,1] S=3,R=3,X=55,K=1,C=1,Y=26",-3809.0,-1205.61,1,X|Y,2
X,250,C,16,R,3,X,55,K,19,S,3,Y,55,Y,1,S,3,R,3,X,55,K,1,C,1,Y,26,"L1:[sp=X,250] C=16,R=3,X=55,K=19,S=3,Y=55 || L2:[sp=Y,1] S=3,R=3,X=55,K=1,C=1,Y=26",-3809.0,-1205.61,1,X|Y,2
C,250,Y,33,K,54,X,56,C,40,R,3,S,3,K,61,S,3,X,55,K,13,R,3,Y,1,C,1,"L1:[sp=C,250] Y=33,K=54,X=56,C=40,R=3,S=3 || L2:[sp=K,61] S=3,X=55,K=13,R=3,Y=1,C=1",-3853.0,-1386.68,1,C|K,2
K,250,C,35,K,19,S,3,X,55,R,3,Y,14,Y,5,S,3,C,1,X,55,K,1,Y,14,R,3,"L1:[sp=K,250] C=35,K=19,S=3,X=55,R=3,Y=14 || L2:[sp=Y,5] S=3,C=1,X=55,K=1,Y=14,R=3",-3857.0,-1177.24,1,K|Y,2
Y,250,C,53,K,5,S,3,R,3,Y,55,X,55,K,1,C,1,S,3,X,55,R,3,Y,1,K,1,"L1:[sp=Y,250] C=53,K=5,S=3,R=3,Y=55,X=55 || L2:[sp=K,1] C=1,S=3,X=55,R=3,Y=1,K=1",-3863.0,-1283.29,1,Y|K,2
K,250,C,40,K,61,S,3,Y,55,R,3,X,55,Y,1,S,3,R,3,X,55,K,1,Y,26,C,1,"L1:[sp=K,250] C=40,K=61,S=3,Y=55,R=3,X=55 || L2:[sp=Y,1] S=3,R=3,X=55,K=1,Y=26,C=1",-3869.0,-1214.99,1,K|Y,2
K,250,K,61,C,40,S,3,Y,55,R,3,X,55,X,1,S,3,R,3,C,1,X,55,Y,26,K,1,"L1:[sp=K,250] K=61,C=40,S=3,Y=55,R=3,X=55 || L2:[sp=X,1] S=3,R=3,C=1,X=55,Y=26,K=1",-3869.0,-1214.99,1,K|X,2
X,250,C,33,K,11,S,3,R,3,Y,55,X,55,K,1,C,1,S,3,X,55,R,3,Y,26,K,1,"L1:[sp=X,250] C=33,K=11,S=3,R=3,Y=55,X=55 || L2:[sp=K,1] C=1,S=3,X=55,R=3,Y=26,K=1",-3881.0,-1185.5,1,X|K,2
K,250,C,40,K,61,S,3,Y,56,R,3,X,55,X,55,S,3,R,3,X,55,K,1,Y,1,C,1,"L1:[sp=K,250] C=40,K=61,S=3,Y=56,R=3,X=55 || L2:[sp=X,55] S=3,R=3,X=55,K=1,Y=1,C=1",-3887.0,-1215.19,1,K|X,2
X,250,S,3,R,3,Y,55,C,35,K,13,X,55,Y,1,S,3,X,55,C,1,K,1,Y,2,R,3,"L1:[sp=X,250] S=3,R=3,Y=55,C=35,K=13,X=55 || L2:[sp=Y,1] S=3,X=55,C=1,K=1,Y=2,R=3",-3917.0,-1192.99,1,X|Y,2
K,250,K,62,R,3,S,3,Y,55,C,35,X,55,X,11,S,3,C,1,X,55,K,1,Y,26,R,3,"L1:[sp=K,250] K=62,R=3,S=3,Y=55,C=35,X=55 || L2:[sp=X,11] S=3,C=1,X=55,K=1,Y=26,R=3",-3933.0,-1190.29,1,K|X,2
Y,250,C,35,K,19,S,3,Y,55,R,3,X,55,C,1,S,3,C,1,X,55,K,1,Y,26,R,3,"L1:[sp=Y,250] C=35,K=19,S=3,Y=55,R=3,X=55 || L2:[sp=C,1] S=3,C=1,X=55,K=1,Y=26,R=3",-3953.0,-1222.65,1,Y|C,2
X,250,C,39,K,9,S,3,X,55,Y,55,R,3,K,1,C,1,X,55,S,3,R,3,Y,1,K,1,"L1:[sp=X,250] C=39,K=9,S=3,X=55,Y=55,R=3 || L2:[sp=K,1] C=1,X=55,S=3,R=3,Y=1,K=1",-3953.0,-1234.09,1,X|K,2
X,250,C,34,R,3,X,55,S,3,K,19,Y,55,C,1,S,3,C,1,X,55,K,1,Y,26,R,3,"L1:[sp=X,250] C=34,R=3,X=55,S=3,K=19,Y=55 || L2:[sp=C,1] S=3,C=1,X=55,K=1,Y=26,R=3",-3953.0,-1216.79,1,X|C,2
X,250,C,35,K,16,R,3,Y,55,X,2,S,3,X,2,X,2,R,3,K,1,S,3,Y,55,C,1,"L1:[sp=X,250] C=35,K=16,R=3,Y=55,X=2,S=3 || L2:[sp=X,2] X=2,R=3,K=1,S=3,Y=55,C=1",-3953.0,-1184.13,1,X|X,2
X,250,X,55,R,3,Y,55,S,3,C,21,K,16,X,1,S,3,C,1,X,55,K,1,Y,1,R,3,"L1:[sp=X,250] X=55,R=3,Y=55,S=3,C=21,K=16 || L2:[sp=X,1] S=3,C=1,X=55,K=1,Y=1,R=3",-3953.0,-1225.42,1,X|X,2
Y,250,C,35,R,3,K,40,Y,4,S,3,X,55,X,1,S,3,R,3,X,55,K,1,C,1,Y,4,"L1:[sp=Y,250] C=35,R=3,K=40,Y=4,S=3,X=55 || L2:[sp=X,1] S=3,R=3,X=55,K=1,C=1,Y=4",-3953.0,-1223.68,1,Y|X,2
Y,250,C,35,R,3,S,3,Y,55,K,19,X,55,X,5,S,3,C,1,X,55,K,1,Y,26,R,3,"L1:[sp=Y,250] C=35,R=3,S=3,Y=55,K=19,X=55 || L2:[sp=X,5] S=3,C=1,X=55,K=1,Y=26,R=3",-3953.0,-1222.65,1,Y|X,2
Y,250,C,52,R,3,X,55,Y,55,S,3,K,19,Y,1,S,3,K,1,R,3,Y,26,C,1,X,55,"L1:[sp=Y,250] C=52,R=3,X=55,Y=55,S=3,K=19 || L2:[sp=Y,1] S=3,K=1,R=3,Y=26,C=1,X=55",-3953.0,-1322.34,1,Y|Y,2
Y,250,C,35,R,3,K,40,Y,4,S,3,X,55,Y,1,S,3,C,1,X,55,K,1,R,3,Y,4,"L1:[sp=Y,250] C=35,R=3,K=40,Y=4,S=3,X=55 || L2:[sp=Y,1] S=3,C=1,X=55,K=1,R=3,Y=4",-3953.0,-1223.68,1,Y|Y,2
Y,250,K,11,C,43,S,3,X,55,R,3,Y,55,Y,55,C,1,S,3,X,55,K,1,Y,1,R,3,"L1:[sp=Y,250] K=11,C=43,S=3,X=55,R=3,Y=55 || L2:[sp=Y,55] C=1,S=3,X=55,K=1,Y=1,R=3",-3989.0,-1237.35,1,Y|Y,2
Y,250,K,11,C,43,S,3,Y,55,R,3,X,55,Y,55,C,1,S,3,X,55,K,1,Y,1,R,3,"L1:[sp=Y,250] K=11,C=43,S=3,Y=55,R=3,X=55 || L2:[sp=Y,55] C=1,S=3,X=55,K=1,Y=1,R=3",-3989.0,-1237.35,1,Y|Y,2
X,250,X,56,K,22,Y,55,C,21,R,3,S,3,C,1,S,3,X,55,K,1,R,3,Y,1,C,1,"L1:[sp=X,250] X=56,K=22,Y=55,C=21,R=3,S=3 || L2:[sp=C,1] S=3,X=55,K=1,R=3,Y=1,C=1",-3989.0,-1232.62,1,X|C,2
X,250,K,33,C,13,S,3,X,55,R,3,Y,55,X,55,C,1,S,3,X,55,K,1,R,3,Y,1,"L1:[sp=X,250] K=33,C=13,S=3,X=55,R=3,Y=55 || L2:[sp=X,55] C=1,S=3,X=55,K=1,R=3,Y=1",-4007.0,-1184.0,1,X|X,2
Y,250,C,40,R,3,X,55,Y,55,S,3,K,40,X,5,S,3,R,3,X,55,K,1,Y,26,C,1,"L1:[sp=Y,250] C=40,R=3,X=55,Y=55,S=3,K=40 || L2:[sp=X,5] S=3,R=3,X=55,K=1,Y=26,C=1",-4025.0,-1264.3,1,Y|X,2
Y,250,C,40,X,55,R,3,K,47,S,3,Y,55,X,1,S,3,R,3,X,55,K,1,Y,26,C,1,"L1:[sp=Y,250] C=40,X=55,R=3,K=47,S=3,Y=55 || L2:[sp=X,1] S=3,R=3,X=55,K=1,Y=26,C=1",-4025.0,-1307.44,1,Y|X,2
X,250,C,43,R,3,S,3,Y,55,K,31,X,55,Y,21,C,1,S,3,X,55,R,3,Y,1,K,1,"L1:[sp=X,250] C=43,R=3,S=3,Y=55,K=31,X=55 || L2:[sp=Y,21] C=1,S=3,X=55,R=3,Y=1,K=1",-4043.0,-1325.88,1,X|Y,2
X,250,C,33,K,28,S,3,Y,55,R,3,X,55,X,1,C,1,S,3,X,55,R,3,Y,1,K,1,"L1:[sp=X,250] C=33,K=28,S=3,Y=55,R=3,X=55 || L2:[sp=X,1] C=1,S=3,X=55,R=3,Y=1,K=1",-4043.0,-1231.26,1,X|X,2
Y,250,C,33,R,3,S,3,Y,55,K,28,X,55,X,1,C,1,S,3,X,55,R,3,K,1,Y,1,"L1:[sp=Y,250] C=33,R=3,S=3,Y=55,K=28,X=55 || L2:[sp=X,1] C=1,S=3,X=55,R=3,K=1,Y=1",-4043.0,-1231.26,1,Y|X,2
X,250,C,62,K,27,R,3,Y,55,X,56,S,3,K,1,R,3,Y,1,X,55,K,1,S,3,C,1,"L1:[sp=X,250] C=62,K=27,R=3,Y=55,X=56,S=3 || L2:[sp=K,1] R=3,Y=1,X=55,K=1,S=3,C=1",-4043.0,-1404.88,1,X|K,2
X,250,C,40,K,28,X,56,R,3,Y,55,S,3,X,1,Y,1,R,3,K,1,X,55,S,3,C,1,"L1:[sp=X,250] C=40,K=28,X=56,R=3,Y=55,S=3 || L2:[sp=X,1] Y=1,R=3,K=1,X=55,S=3,C=1",-4043.0,-1276.83,1,X|X,2
X,250,C,52,K,28,X,56,R,3,Y,55,S,3,X,1,Y,1,R,3,K,1,X,55,S,3,C,1,"L1:[sp=X,250] C=52,K=28,X=56,R=3,Y=55,S=3 || L2:[sp=X,1] Y=1,R=3,K=1,X=55,S=3,C=1",-4043.0,-1354.49,1,X|X,2
Y,250,R,3,C,45,Y,55,S,3,K,54,X,55,Y,21,C,1,Y,1,R,3,S,3,K,1,X,55,"L1:[sp=Y,250] R=3,C=45,Y=55,S=3,K=54,X=55 || L2:[sp=Y,21] C=1,Y=1,R=3,S=3,K=1,X=55",-4061.0,-1392.24,1,Y|Y,2
X,250,X,55,R,3,Y,55,S,3,C,35,K,64,X,5,S,3,C,1,X,55,K,1,Y,1,R,3,"L1:[sp=X,250] X=55,R=3,Y=55,S=3,C=35,K=64 || L2:[sp=X,5] S=3,C=1,X=55,K=1,Y=1,R=3",-4079.0,-1190.29,1,X|X,2
K,250,C,35,K,19,S,3,Y,55,R,3,X,56,C,43,S,3,C,1,X,3,K,1,Y,5,R,3,"L1:[sp=K,250] C=35,K=19,S=3,Y=55,R=3,X=56 || L2:[sp=C,43] S=3,C=1,X=3,K=1,Y=5,R=3",-4107.0,-1190.54,1,K|C,2
K,250,C,35,K,19,S,3,Y,55,R,3,X,55,C,43,S,3,C,1,R,3,K,1,Y,26,X,16,"L1:[sp=K,250] C=35,K=19,S=3,Y=55,R=3,X=55 || L2:[sp=C,43] S=3,C=1,R=3,K=1,Y=26,X=16",-4107.0,-1190.29,1,K|C,2
K,250,C,29,K,19,S,3,Y,55,R,3,X,55,C,43,S,3,C,1,Y,4,K,3,X,5,R,3,"L1:[sp=K,250] C=29,K=19,S=3,Y=55,R=3,X=55 || L2:[sp=C,43] S=3,C=1,Y=4,K=3,X=5,R=3",-4108.0,-1232.55,1,K|C,2
Y,250,C,40,X,55,K,6,R,3,S,3,Y,22,C,4,S,3,R,3,X,55,K,1,Y,5,C,1,"L1:[sp=Y,250] C=40,X=55,K=6,R=3,S=3,Y=22 || L2:[sp=C,4] S=3,R=3,X=55,K=1,Y=5,C=1",-4131.0,-1210.54,1,Y|C,2
C,250,X,56,K,54,Y,33,C,40,R,3,S,3,K,61,S,3,X,55,K,1,R,3,Y,1,C,1,"L1:[sp=C,250] X=56,K=54,Y=33,C=40,R=3,S=3 || L2:[sp=K,61] S=3,X=55,K=1,R=3,Y=1,C=1",-4285.0,-1253.55,1,C|K,2
Y,250,C,35,R,3,K,40,Y,4,S,3,X,55,C,4,S,3,R,3,X,55,K,1,C,1,Y,1,"L1:[sp=Y,250] C=35,R=3,K=40,Y=4,S=3,X=55 || L2:[sp=C,4] S=3,R=3,X=55,K=1,C=1,Y=1",-4317.0,-1223.68,1,Y|C,2
K,250,R,3,Y,19,S,3,C,43,X,55,K,41,C,43,S,3,C,1,X,55,Y,1,K,1,R,3,"L1:[sp=K,250] R=3,Y=19,S=3,C=43,X=55,K=41 || L2:[sp=C,43] S=3,C=1,X=55,Y=1,K=1,R=3",-4375.0,-1434.53,1,K|C,2
K,250,C,30,Y,55,K,1,S,3,R,3,X,55,K,1,C,10,S,3,X,47,R,3,Y,1,K,1,"L1:[sp=K,250] C=30,Y=55,K=1,S=3,R=3,X=55 || L2:[sp=K,1] C=10,S=3,X=47,R=3,Y=1,K=1",-4414.0,-1237.64,1,K|K,2
K,97,S,3,Y,55,K,1,R,3,C,10,X,55,C,5,R,3,S,3,K,1,X,11,Y,1,C,7,"L1:[sp=K,97] S=3,Y=55,K=1,R=3,C=10,X=55 || L2:[sp=C,5] R=3,S=3,K=1,X=11,Y=1,C=7",-4418.0,-1191.63,1,K|C,2
K,250,R,3,C,35,X,55,Y,55,S,3,K,19,C,5,S,3,C,1,X,1,Y,26,K,1,R,3,"L1:[sp=K,250] R=3,C=35,X=55,Y=55,S=3,K=19 || L2:[sp=C,5] S=3,C=1,X=1,Y=26,K=1,R=3",-4449.0,-1190.29,1,K|C,2
K,250,X,55,C,35,S,3,Y,14,K,19,R,3,Y,55,S,3,C,1,X,55,K,1,Y,5,R,3,"L1:[sp=K,250] X=55,C=35,S=3,Y=14,K=19,R=3 || L2:[sp=Y,55] S=3,C=1,X=55,K=1,Y=5,R=3",-4505.0,-1177.24,1,K|Y,2
K,250,X,55,C,35,K,19,Y,14,S,3,R,3,Y,55,S,3,C,1,X,55,K,1,Y,5,R,3,"L1:[sp=K,250] X=55,C=35,K=19,Y=14,S=3,R=3 || L2:[sp=Y,55] S=3,C=1,X=55,K=1,Y=5,R=3",-4505.0,-1177.24,1,K|Y,2
X,250,C,35,K,27,S,3,Y,55,R,3,X,55,C,43,S,3,C,1,X,52,K,1,Y,26,R,3,"L1:[sp=X,250] C=35,K=27,S=3,Y=55,R=3,X=55 || L2:[sp=C,43] S=3,C=1,X=52,K=1,Y=26,R=3",-4615.0,-1236.13,1,X|C,2
X,250,R,3,K,19,S,3,Y,55,X,1,C,35,K,19,R,3,Y,1,X,1,K,1,S,3,C,6,"L1:[sp=X,250] R=3,K=19,S=3,Y=55,X=1,C=35 || L2:[sp=K,19] R=3,Y=1,X=1,K=1,S=3,C=6",-4625.0,-1416.29,1,X|K,2
Y,250,C,43,K,31,S,3,Y,36,R,3,X,55,Y,2,C,1,S,3,R,3,X,55,Y,1,K,26,"L1:[sp=Y,250] C=43,K=31,S=3,Y=36,R=3,X=55 || L2:[sp=Y,2] C=1,S=3,R=3,X=55,Y=1,K=26",-4735.0,-1316.36,1,Y|Y,2
Y,250,C,43,K,31,S,3,Y,36,R,3,X,55,Y,2,C,1,S,3,K,26,X,55,Y,1,R,3,"L1:[sp=Y,250] C=43,K=31,S=3,Y=36,R=3,X=55 || L2:[sp=Y,2] C=1,S=3,K=26,X=55,Y=1,R=3",-4735.0,-1316.36,1,Y|Y,2
C,250,Y,29,C,44,R,3,S,3,X,55,K,19,Y,5,C,1,S,3,X,55,K,1,Y,12,R,3,"L1:[sp=C,250] Y=29,C=44,R=3,S=3,X=55,K=19 || L2:[sp=Y,5] C=1,S=3,X=55,K=1,Y=12,R=3",-4769.0,-1346.41,1,C|Y,2
K,250,X,55,C,10,K,19,Y,55,S,3,R,3,C,43,S,3,K,1,X,2,C,1,Y,4,R,3,"L1:[sp=K,250] X=55,C=10,K=19,Y=55,S=3,R=3 || L2:[sp=C,43] S=3,K=1,X=2,C=1,Y=4,R=3",-4796.0,-1191.66,1,K|C,2
K,250,C,10,K,26,S,3,Y,54,R,3,X,55,Y,21,C,1,S,3,X,55,R,3,Y,1,K,1,"L1:[sp=K,250] C=10,K=26,S=3,Y=54,R=3,X=55 || L2:[sp=Y,21] C=1,S=3,X=55,R=3,Y=1,K=1",-4930.0,-1102.67,1,K|Y,2
K,250,R,3,S,3,X,55,Y,22,C,40,K,32,Y,1,S,3,C,1,X,55,Y,22,K,1,R,3,"L1:[sp=K,250] R=3,S=3,X=55,Y=22,C=40,K=32 || L2:[sp=Y,1] S=3,C=1,X=55,Y=22,K=1,R=3",-4957.0,-1273.27,1,K|Y,2
Y,250,K,9,C,64,Y,54,R,3,X,56,S,3,K,19,S,3,C,1,Y,5,K,1,X,55,R,3,"L1:[sp=Y,250] K=9,C=64,Y=54,R=3,X=56,S=3 || L2:[sp=K,19] S=3,C=1,Y=5,K=1,X=55,R=3",-5273.0,-1164.79,1,Y|K,2
K,250,C,42,K,19,S,3,X,55,R,3,Y,55,C,2,C,1,S,3,R,3,X,55,Y,55,K,1,"L1:[sp=K,250] C=42,K=19,S=3,X=55,R=3,Y=55 || L2:[sp=C,2] C=1,S=3,R=3,X=55,Y=55,K=1",-5475.0,-1224.87,1,K|C,2
K,250,C,43,K,31,S,3,Y,55,R,3,X,55,C,43,C,1,S,3,X,11,R,3,Y,1,K,1,"L1:[sp=K,250] C=43,K=31,S=3,Y=55,R=3,X=55 || L2:[sp=C,43] C=1,S=3,X=11,R=3,Y=1,K=1",-5583.0,-1229.81,1,K|C,2
K,250,C,40,R,3,X,55,Y,50,K,19,S,3,K,1,S,3,C,1,X,55,K,1,Y,14,R,3,"L1:[sp=K,250] C=40,R=3,X=55,Y=50,K=19,S=3 || L2:[sp=K,1] S=3,C=1,X=55,K=1,Y=14,R=3",-5685.0,-1219.44,1,K|K,2
K,250,C,35,K,16,S,3,Y,55,R,3,X,55,C,43,S,3,C,1,X,11,K,1,Y,26,R,3,"L1:[sp=K,250] C=35,K=16,S=3,Y=55,R=3,X=55 || L2:[sp=C,43] S=3,C=1,X=11,K=1,Y=26,R=3",-5763.0,-1168.58,1,K|C,2
C,97,S,3,Y,55,K,11,R,3,X,55,C,10,K,1,R,3,S,3,K,1,X,1,Y,1,C,7,"L1:[sp=C,97] S=3,Y=55,K=11,R=3,X=55,C=10 || L2:[sp=K,1] R=3,S=3,K=1,X=1,Y=1,C=7",-5767.0,-1180.13,1,C|K,2
X,250,C,40,K,27,R,3,Y,55,X,56,S,3,K,19,R,3,Y,1,X,2,K,1,S,3,C,1,"L1:[sp=X,250] C=40,K=27,R=3,Y=55,X=56,S=3 || L2:[sp=K,19] R=3,Y=1,X=2,K=1,S=3,C=1",-5767.0,-1267.59,1,X|K,2
K,250,C,8,K,5,S,3,Y,55,R,3,X,55,K,1,C,1,S,3,X,26,R,3,Y,1,K,1,"L1:[sp=K,250] C=8,K=5,S=3,Y=55,R=3,X=55 || L2:[sp=K,1] C=1,S=3,X=26,R=3,Y=1,K=1",-5769.0,-1177.12,1,K|K,2
K,250,X,55,K,64,S,3,Y,55,R,3,C,7,C,43,C,1,S,3,X,1,R,3,Y,1,K,1,"L1:[sp=K,250] X=55,K=64,S=3,Y=55,R=3,C=7 || L2:[sp=C,43] C=1,S=3,X=1,R=3,Y=1,K=1",-5771.0,-1192.48,1,K|C,2
C,97,Y,55,R,3,K,1,C,10,X,55,S,3,K,1,R,3,S,3,K,1,X,1,Y,1,C,7,"L1:[sp=C,97] Y=55,R=3,K=1,C=10,X=55,S=3 || L2:[sp=K,1] R=3,S=3,K=1,X=1,Y=1,C=7",-5825.0,-1175.2,1,C|K,2
K,250,R,3,Y,55,X,55,C,43,S,3,K,41,C,43,Y,26,C,1,X,25,S,3,K,1,R,3,"L1:[sp=K,250] R=3,Y=55,X=55,C=43,S=3,K=41 || L2:[sp=C,43] Y=26,C=1,X=25,S=3,K=1,R=3",-5907.0,-1229.81,1,K|C,2
K,250,C,35,K,19,S,3,Y,55,R,3,X,55,C,43,S,3,C,1,X,45,K,1,Y,26,R,3,"L1:[sp=K,250] C=35,K=19,S=3,Y=55,R=3,X=55 || L2:[sp=C,43] S=3,C=1,X=45,K=1,Y=26,R=3",-6159.0,-1190.29,1,K|C,2
K,250,C,37,K,19,R,3,Y,55,S,3,X,56,C,43,C,1,X,15,R,3,K,1,Y,26,S,3,"L1:[sp=K,250] C=37,K=19,R=3,Y=55,S=3,X=56 || L2:[sp=C,43] C=1,X=15,R=3,K=1,Y=26,S=3",-6159.0,-1200.4,1,K|C,2
Y,250,C,10,K,16,S,3,Y,36,R,3,X,55,K,31,C,1,S,3,X,55,R,3,Y,1,K,12,"L1:[sp=Y,250] C=10,K=16,S=3,Y=36,R=3,X=55 || L2:[sp=K,31] C=1,S=3,X=55,R=3,Y=1,K=12",-6193.0,-1102.76,1,Y|K,2
K,97,S,3,Y,55,K,11,R,3,X,55,C,10,K,1,R,3,S,3,K,1,X,1,Y,1,C,7,"L1:[sp=K,97] S=3,Y=55,K=11,R=3,X=55,C=10 || L2:[sp=K,1] R=3,S=3,K=1,X=1,Y=1,C=7",-6245.0,-1191.66,1,K|K,2
K,97,K,11,Y,55,S,3,R,3,X,55,C,10,Y,55,R,3,S,3,K,1,X,1,Y,1,C,7,"L1:[sp=K,97] K=11,Y=55,S=3,R=3,X=55,C=10 || L2:[sp=Y,55] R=3,S=3,K=1,X=1,Y=1,C=7",-6245.0,-1191.66,1,K|Y,2
X,250,C,40,K,34,R,3,Y,4,X,56,S,3,K,61,R,3,S,3,K,1,X,55,Y,1,C,1,"L1:[sp=X,250] C=40,K=34,R=3,Y=4,X=56,S=3 || L2:[sp=K,61] R=3,S=3,K=1,X=55,Y=1,C=1",-6409.0,-1167.25,1,X|K,2
C,250,C,40,K,28,X,56,R,3,Y,53,S,3,K,61,S,3,R,3,K,1,X,55,Y,1,C,1,"L1:[sp=C,250] C=40,K=28,X=56,R=3,Y=53,S=3 || L2:[sp=K,61] S=3,R=3,K=1,X=55,Y=1,C=1",-6427.0,-1194.37,1,C|K,2
X,250,C,35,K,43,X,56,Y,14,R,3,S,3,K,61,R,3,S,3,X,55,K,1,Y,1,C,1,"L1:[sp=X,250] C=35,K=43,X=56,Y=14,R=3,S=3 || L2:[sp=K,61] R=3,S=3,X=55,K=1,Y=1,C=1",-6769.0,-1189.6,1,X|K,2
X,250,C,40,K,34,X,56,Y,27,R,3,S,3,K,61,R,3,S,3,X,55,K,1,Y,1,C,1,"L1:[sp=X,250] C=40,K=34,X=56,Y=27,R=3,S=3 || L2:[sp=K,61] R=3,S=3,X=55,K=1,Y=1,C=1",-6841.0,-1167.25,1,X|K,2
K,250,C,34,R,3,S,3,Y,55,K,19,X,55,C,43,S,3,C,1,X,11,K,1,Y,26,R,3,"L1:[sp=K,250] C=34,R=3,S=3,Y=55,K=19,X=55 || L2:[sp=C,43] S=3,C=1,X=11,K=1,Y=26,R=3",-6843.0,-1185.35,1,K|C,2
K,250,C,35,R,3,K,19,Y,55,X,56,S,3,C,43,S,3,X,11,C,1,K,1,Y,26,R,3,"L1:[sp=K,250] C=35,R=3,K=19,Y=55,X=56,S=3 || L2:[sp=C,43] S=3,X=11,C=1,K=1,Y=26,R=3",-6843.0,-1190.54,1,K|C,2
Y,250,C,43,K,31,S,3,Y,36,R,3,X,55,K,31,C,1,S,3,R,3,X,55,Y,1,K,1,"L1:[sp=Y,250] C=43,K=31,S=3,Y=36,R=3,X=55 || L2:[sp=K,31] C=1,S=3,R=3,X=55,Y=1,K=1",-6859.0,-1316.36,1,Y|K,2
K,250,C,53,K,2,S,3,X,55,R,3,Y,36,K,1,C,1,S,3,X,55,R,3,Y,1,K,1,"L1:[sp=K,250] C=53,K=2,S=3,X=55,R=3,Y=36 || L2:[sp=K,1] C=1,S=3,X=55,R=3,Y=1,K=1",-6877.0,-1279.03,1,K|K,2
X,250,X,55,R,3,Y,31,S,3,C,35,K,64,K,32,S,3,C,1,X,55,K,1,Y,1,R,3,"L1:[sp=X,250] X=55,R=3,Y=31,S=3,C=35,K=64 || L2:[sp=K,32] S=3,C=1,X=55,K=1,Y=1,R=3",-6877.0,-1265.92,1,X|K,2
K,250,K,64,C,24,S,3,Y,55,R,3,X,55,C,43,C,1,Y,1,R,3,X,5,S,3,K,1,"L1:[sp=K,250] K=64,C=24,S=3,Y=55,R=3,X=55 || L2:[sp=C,43] C=1,Y=1,R=3,X=5,S=3,K=1",-6916.0,-1195.5,1,K|C,2
Y,250,C,43,K,19,S,3,Y,55,R,3,X,55,C,43,R,3,S,3,X,24,C,1,Y,1,K,1,"L1:[sp=Y,250] C=43,K=19,S=3,Y=55,R=3,X=55 || L2:[sp=C,43] R=3,S=3,X=24,C=1,Y=1,K=1",-6921.0,-1269.56,1,Y|C,2
X,250,C,40,K,16,R,3,Y,55,X,56,S,3,K,61,S,3,R,3,K,1,X,51,Y,1,C,1,"L1:[sp=X,250] C=40,K=16,R=3,Y=55,X=56,S=3 || L2:[sp=K,61] S=3,R=3,K=1,X=51,Y=1,C=1",-6921.0,-1215.19,1,X|K,2
Y,250,Y,37,R,3,X,55,C,35,K,58,S,3,C,4,K,1,R,3,X,55,S,3,C,1,Y,6,"L1:[sp=Y,250] Y=37,R=3,X=55,C=35,K=58,S=3 || L2:[sp=C,4] K=1,R=3,X=55,S=3,C=1,Y=6",-7401.0,-1317.46,1,Y|C,2
C,250,C,35,K,16,Y,16,X,56,R,3,S,3,K,61,S,3,R,3,X,55,K,1,Y,1,C,1,"L1:[sp=C,250] C=35,K=16,Y=16,X=56,R=3,S=3 || L2:[sp=K,61] S=3,R=3,X=55,K=1,Y=1,C=1",-7417.0,-1145.07,1,C|K,2
K,250,X,55,C,35,K,19,Y,8,S,3,R,3,Y,55,S,3,C,1,X,55,K,1,Y,8,R,3,"L1:[sp=K,250] X=55,C=35,K=19,Y=8,S=3,R=3 || L2:[sp=Y,55] S=3,C=1,X=55,K=1,Y=8,R=3",-7505.0,-1177.24,1,K|Y,2
K,250,C,35,K,19,R,3,Y,55,S,3,X,55,C,43,S,3,C,1,X,43,K,1,Y,26,R,3,"L1:[sp=K,250] C=35,K=19,R=3,Y=55,S=3,X=55 || L2:[sp=C,43] S=3,C=1,X=43,K=1,Y=26,R=3",-7527.0,-1190.29,1,K|C,2
C,250,K,19,S,3,C,22,X,55,Y,4,R,3,C,2,C,1,S,3,R,3,X,55,Y,4,K,1,"L1:[sp=C,250] K=19,S=3,C=22,X=55,Y=4,R=3 || L2:[sp=C,2] C=1,S=3,R=3,X=55,Y=4,K=1",-7841.0,-1248.07,1,C|C,2
K,250,C,43,K,31,S,3,Y,44,R,3,X,55,Y,21,C,1,S,3,X,55,R,3,Y,1,K,1,"L1:[sp=K,250] C=43,K=31,S=3,Y=44,R=3,X=55 || L2:[sp=Y,21] C=1,S=3,X=55,R=3,Y=1,K=1",-7901.0,-1232.44,1,K|Y,2
K,250,C,35,K,31,S,3,Y,44,R,3,X,55,Y,21,C,1,S,3,X,55,R,3,Y,1,K,1,"L1:[sp=K,250] C=35,K=31,S=3,Y=44,R=3,X=55 || L2:[sp=Y,21] C=1,S=3,X=55,R=3,Y=1,K=1",-7901.0,-1186.82,1,K|Y,2
K,250,R,3,C,59,K,22,S,3,Y,55,X,55,C,7,S,3,C,1,X,13,K,1,Y,26,R,3,"L1:[sp=K,250] R=3,C=59,K=22,S=3,Y=55,X=55 || L2:[sp=C,7] S=3,C=1,X=13,K=1,Y=26,R=3",-7923.0,-1308.84,1,K|C,2
K,250,C,59,R,3,K,22,S,3,Y,55,X,55,C,7,S,3,C,1,X,50,K,1,Y,1,R,3,"L1:[sp=K,250] C=59,R=3,K=22,S=3,Y=55,X=55 || L2:[sp=C,7] S=3,C=1,X=50,K=1,Y=1,R=3",-7923.0,-1308.84,1,K|C,2
K,250,C,59,R,3,K,22,S,3,Y,55,X,55,C,7,S,3,C,1,Y,1,K,1,X,50,R,3,"L1:[sp=K,250] C=59,R=3,K=22,S=3,Y=55,X=55 || L2:[sp=C,7] S=3,C=1,Y=1,K=1,X=50,R=3",-7923.0,-1308.84,1,K|C,2
K,250,C,43,X,55,S,3,Y,8,R,3,K,1,Y,21,C,1,S,3,X,1,R,3,Y,1,K,1,"L1:[sp=K,250] C=43,X=55,S=3,Y=8,R=3,K=1 || L2:[sp=Y,21] C=1,S=3,X=1,R=3,Y=1,K=1",-8093.0,-1538.7,1,K|Y,2
K,250,C,32,K,1,S,3,Y,8,R,3,X,55,Y,21,C,32,S,3,X,1,R,3,Y,1,K,1,"L1:[sp=K,250] C=32,K=1,S=3,Y=8,R=3,X=55 || L2:[sp=Y,21] C=32,S=3,X=1,R=3,Y=1,K=1",-8093.0,-1174.1,1,K|Y,2
K,250,C,42,S,3,Y,2,K,5,R,3,X,55,C,2,C,1,S,3,K,1,X,55,Y,1,R,3,"L1:[sp=K,250] C=42,S=3,Y=2,K=5,R=3,X=55 || L2:[sp=C,2] C=1,S=3,K=1,X=55,Y=1,R=3",-8155.0,-1214.51,1,K|C,2
K,250,R,3,K,19,S,3,Y,55,C,43,X,55,C,43,C,1,K,1,X,14,S,3,Y,26,R,3,"L1:[sp=K,250] R=3,K=19,S=3,Y=55,C=43,X=55 || L2:[sp=C,43] C=1,K=1,X=14,S=3,Y=26,R=3",-8211.0,-1229.81,1,K|C,2
K,250,C,43,K,11,S,3,Y,13,R,3,X,55,K,1,C,1,S,3,X,55,R,3,Y,6,K,1,"L1:[sp=K,250] C=43,K=11,S=3,Y=13,R=3,X=55 || L2:[sp=K,1] C=1,S=3,X=55,R=3,Y=6,K=1",-8703.0,-1223.97,1,K|K,2
K,250,C,35,R,3,K,19,Y,55,X,56,S,3,C,43,S,3,X,52,C,1,K,1,Y,41,R,3,"L1:[sp=K,250] C=35,R=3,K=19,Y=55,X=56,S=3 || L2:[sp=C,43] S=3,X=52,C=1,K=1,Y=41,R=3",-8895.0,-1190.54,1,K|C,2
Y,250,S,3,C,43,X,55,Y,48,R,3,K,50,K,31,C,1,S,3,R,3,X,55,Y,1,K,1,"L1:[sp=Y,250] S=3,C=43,X=55,Y=48,R=3,K=50 || L2:[sp=K,31] C=1,S=3,R=3,X=55,Y=1,K=1",-9181.0,-1339.55,1,Y|K,2
Y,250,R,3,X,55,C,48,Y,55,S,3,K,19,C,4,Y,55,R,3,C,1,K,1,X,55,S,3,"L1:[sp=Y,250] R=3,X=55,C=48,Y=55,S=3,K=19 || L2:[sp=C,4] Y=55,R=3,C=1,K=1,X=55,S=3",-9225.0,-1298.88,1,Y|C,2
K,250,C,53,X,55,S,3,Y,55,R,3,K,19,C,43,S,3,C,1,X,24,K,1,Y,51,R,3,"L1:[sp=K,250] C=53,X=55,S=3,Y=55,R=3,K=19 || L2:[sp=C,43] S=3,C=1,X=24,K=1,Y=51,R=3",-9237.0,-1279.2,1,K|C,2
Y,250,C,61,K,9,X,56,R,3,Y,19,S,3,K,61,S,3,R,3,K,1,X,55,Y,1,C,1,"L1:[sp=Y,250] C=61,K=9,X=56,R=3,Y=19,S=3 || L2:[sp=K,61] S=3,R=3,K=1,X=55,Y=1,C=1",-9585.0,-1296.07,1,Y|K,2
K,250,C,43,K,31,Y,47,S,3,R,3,X,55,C,1,C,1,S,3,X,55,R,3,Y,15,K,1,"L1:[sp=K,250] C=43,K=31,Y=47,S=3,R=3,X=55 || L2:[sp=C,1] C=1,S=3,X=55,R=3,Y=15,K=1",-9615.0,-1234.64,1,K|C,2
X,250,C,35,R,3,K,40,Y,4,S,3,X,55,C,5,R,3,Y,4,X,55,K,1,S,3,C,1,"L1:[sp=X,250] C=35,R=3,K=40,Y=4,S=3,X=55 || L2:[sp=C,5] R=3,Y=4,X=55,K=1,S=3,C=1",-9633.0,-1235.96,1,X|C,2
X,250,C,43,K,31,S,3,Y,36,R,3,X,55,K,31,C,1,S,3,X,55,R,3,Y,1,K,1,"L1:[sp=X,250] C=43,K=31,S=3,Y=36,R=3,X=55 || L2:[sp=K,31] C=1,S=3,X=55,R=3,Y=1,K=1",-10261.0,-1349.12,1,X|K,2
K,250,C,24,K,3,S,3,Y,30,R,3,X,55,C,1,C,1,S,3,Y,1,K,1,X,55,R,3,"L1:[sp=K,250] C=24,K=3,S=3,Y=30,R=3,X=55 || L2:[sp=C,1] C=1,S=3,Y=1,K=1,X=55,R=3",-10315.0,-1169.1,1,K|C,2
X,265,Y,55,C,45,X,6,R,3,S,3,K,64,C,43,X,1,C,1,K,1,S,3,R,3,Y,1,"L1:[sp=X,265] Y=55,C=45,X=6,R=3,S=3,K=64 || L2:[sp=C,43] X=1,C=1,K=1,S=3,R=3,Y=1",-10371.0,-1232.67,1,X|C,2
X,265,Y,55,C,45,X,6,R,3,S,3,K,64,C,43,X,3,C,1,K,1,S,3,R,3,Y,1,"L1:[sp=X,265] Y=55,C=45,X=6,R=3,S=3,K=64 || L2:[sp=C,43] X=3,C=1,K=1,S=3,R=3,Y=1",-10371.0,-1232.67,1,X|C,2
K,250,C,42,K,11,S,3,Y,2,R,3,X,55,C,43,C,1,S,3,R,3,X,1,Y,1,K,1,"L1:[sp=K,250] C=42,K=11,S=3,Y=2,R=3,X=55 || L2:[sp=C,43] C=1,S=3,R=3,X=1,Y=1,K=1",-10747.0,-1214.51,1,K|C,2
K,250,Y,55,K,19,S,3,C,42,R,3,X,55,C,2,S,3,X,1,Y,26,C,1,K,19,R,3,"L1:[sp=K,250] Y=55,K=19,S=3,C=42,R=3,X=55 || L2:[sp=C,2] S=3,X=1,Y=26,C=1,K=19,R=3",-10947.0,-1224.87,1,K|C,2
K,250,C,58,R,3,S,3,Y,55,K,19,X,55,C,43,S,3,Y,26,R,3,K,1,C,1,X,43,"L1:[sp=K,250] C=58,R=3,S=3,Y=55,K=19,X=55 || L2:[sp=C,43] S=3,Y=26,R=3,K=1,C=1,X=43",-11289.0,-1303.9,1,K|C,2
K,250,C,43,K,49,S,3,Y,55,R,3,X,55,K,61,S,3,R,3,X,11,K,1,Y,26,C,1,"L1:[sp=K,250] C=43,K=49,S=3,Y=55,R=3,X=55 || L2:[sp=K,61] S=3,R=3,X=11,K=1,Y=26,C=1",-11523.0,-1229.81,1,K|K,2
C,250,C,10,K,1,S,3,Y,55,R,3,X,55,Y,21,C,1,S,3,X,13,R,3,Y,1,K,1,"L1:[sp=C,250] C=10,K=1,S=3,Y=55,R=3,X=55 || L2:[sp=Y,21] C=1,S=3,X=13,R=3,Y=1,K=1",-11585.0,-1175.2,1,C|Y,2
C,250,C,10,K,1,S,3,Y,55,R,3,X,55,Y,11,C,1,S,3,X,52,R,3,Y,1,K,1,"L1:[sp=C,250] C=10,K=1,S=3,Y=55,R=3,X=55 || L2:[sp=Y,11] C=1,S=3,X=52,R=3,Y=1,K=1",-11585.0,-1175.2,1,C|Y,2
Y,250,S,3,C,43,X,55,Y,12,R,3,K,50,Y,4,C,1,S,3,R,3,X,55,Y,1,K,1,"L1:[sp=Y,250] S=3,C=43,X=55,Y=12,R=3,K=50 || L2:[sp=Y,4] C=1,S=3,R=3,X=55,Y=1,K=1",-12253.0,-1340.66,1,Y|Y,2
K,97,S,3,X,55,K,1,C,43,R,3,Y,55,K,1,R,3,S,3,K,1,X,32,Y,1,C,1,"L1:[sp=K,97] S=3,X=55,K=1,C=43,R=3,Y=55 || L2:[sp=K,1] R=3,S=3,K=1,X=32,Y=1,C=1",-12675.0,-1229.8,1,K|K,2
K,250,Y,55,K,11,S,3,C,42,R,3,X,55,C,2,S,3,C,1,Y,26,X,52,K,1,R,3,"L1:[sp=K,250] Y=55,K=11,S=3,C=42,R=3,X=55 || L2:[sp=C,2] S=3,C=1,Y=26,X=52,K=1,R=3",-12675.0,-1224.87,1,K|C,2
Y,57,Y,55,C,33,R,3,X,55,K,3,S,3,K,32,Y,1,S,3,X,1,C,1,K,1,R,3,"L1:[sp=Y,57] Y=55,C=33,R=3,X=55,K=3,S=3 || L2:[sp=K,32] Y=1,S=3,X=1,C=1,K=1,R=3",-12717.0,-1185.5,1,Y|K,2
X,250,C,35,K,19,R,3,Y,55,X,55,S,3,K,19,R,3,Y,1,X,16,K,1,S,3,C,10,"L1:[sp=X,250] C=35,K=19,R=3,Y=55,X=55,S=3 || L2:[sp=K,19] R=3,Y=1,X=16,K=1,S=3,C=10",-12969.0,-1222.65,1,X|K,2
K,250,C,43,K,11,Y,55,S,3,R,3,X,55,X,1,C,20,S,3,X,4,R,3,Y,1,K,5,"L1:[sp=K,250] C=43,K=11,Y=55,S=3,R=3,X=55 || L2:[sp=X,1] C=20,S=3,X=4,R=3,Y=1,K=5",-13071.0,-1229.81,1,K|X,2
Y,250,C,10,K,16,S,3,Y,36,X,55,R,3,K,2,C,7,S,3,X,55,R,3,Y,1,K,1,"L1:[sp=Y,250] C=10,K=16,S=3,Y=36,X=55,R=3 || L2:[sp=K,2] C=7,S=3,X=55,R=3,Y=1,K=1",-13357.0,-1102.76,1,Y|K,2
K,250,C,40,R,3,X,55,K,61,Y,23,S,3,K,1,S,3,C,1,X,55,K,8,Y,2,R,3,"L1:[sp=K,250] C=40,R=3,X=55,K=61,Y=23,S=3 || L2:[sp=K,1] S=3,C=1,X=55,K=8,Y=2,R=3",-13473.0,-1208.83,1,K|K,2
Y,250,C,10,K,16,S,3,Y,36,R,3,X,55,C,1,X,55,S,3,K,1,R,3,Y,1,C,10,"L1:[sp=Y,250] C=10,K=16,S=3,Y=36,R=3,X=55 || L2:[sp=C,1] X=55,S=3,K=1,R=3,Y=1,C=10",-13609.0,-1102.76,1,Y|C,2
X,250,C,35,K,19,R,3,Y,25,X,56,S,3,K,19,R,3,Y,1,C,1,X,55,S,3,K,1,"L1:[sp=X,250] C=35,K=19,R=3,Y=25,X=56,S=3 || L2:[sp=K,19] R=3,Y=1,C=1,X=55,S=3,K=1",-13609.0,-1162.63,1,X|K,2
K,97,S,3,Y,55,K,31,R,3,X,55,C,10,C,10,R,3,S,3,K,1,X,1,Y,1,C,7,"L1:[sp=K,97] S=3,Y=55,K=31,R=3,X=55,C=10 || L2:[sp=C,10] R=3,S=3,K=1,X=1,Y=1,C=7",-13679.0,-1191.66,1,K|C,2
X,250,C,40,K,19,R,3,Y,28,X,56,S,3,K,61,R,3,S,3,X,55,K,1,Y,1,C,1,"L1:[sp=X,250] C=40,K=19,R=3,Y=28,X=56,S=3 || L2:[sp=K,61] R=3,S=3,X=55,K=1,Y=1,C=1",-13681.0,-1191.91,1,X|K,2
X,250,C,35,K,17,X,56,Y,47,R,3,S,3,K,61,R,3,S,3,X,55,K,1,Y,1,C,1,"L1:[sp=X,250] C=35,K=17,X=56,Y=47,R=3,S=3 || L2:[sp=K,61] R=3,S=3,X=55,K=1,Y=1,C=1",-13681.0,-1141.06,1,X|K,2
K,250,R,3,K,19,S,3,Y,55,C,18,X,55,C,43,C,1,S,3,X,11,K,1,Y,26,R,3,"L1:[sp=K,250] R=3,K=19,S=3,Y=55,C=18,X=55 || L2:[sp=C,43] C=1,S=3,X=11,K=1,Y=26,R=3",-13685.0,-1195.78,1,K|C,2
K,250,K,54,R,3,S,3,Y,15,C,45,X,55,Y,21,C,1,Y,1,R,3,S,3,K,1,X,55,"L1:[sp=K,250] K=54,R=3,S=3,Y=15,C=45,X=55 || L2:[sp=Y,21] C=1,Y=1,R=3,S=3,K=1,X=55",-13753.0,-1568.2,1,K|Y,2
K,250,C,53,K,2,S,3,X,55,R,3,Y,55,K,1,C,1,S,3,X,21,R,3,Y,1,K,1,"L1:[sp=K,250] C=53,K=2,S=3,X=55,R=3,Y=55 || L2:[sp=K,1] C=1,S=3,X=21,R=3,Y=1,K=1",-13827.0,-1275.1,1,K|K,2
Y,250,X,55,K,46,S,3,Y,55,R,3,C,43,C,43,X,14,S,3,C,1,R,3,Y,1,K,1,"L1:[sp=Y,250] X=55,K=46,S=3,Y=55,R=3,C=43 || L2:[sp=C,43] X=14,S=3,C=1,R=3,Y=1,K=1",-13829.0,-1322.75,1,Y|C,2
Y,250,C,35,K,40,S,3,Y,55,R,3,X,56,C,43,S,3,C,1,X,24,K,1,Y,26,R,3,"L1:[sp=Y,250] C=35,K=40,S=3,Y=55,R=3,X=56 || L2:[sp=C,43] S=3,C=1,X=24,K=1,Y=26,R=3",-13829.0,-1233.69,1,Y|C,2
X,250,C,40,K,16,R,3,Y,55,X,6,S,3,K,61,R,3,S,3,K,1,X,6,Y,1,C,1,"L1:[sp=X,250] C=40,K=16,R=3,Y=55,X=6,S=3 || L2:[sp=K,61] R=3,S=3,K=1,X=6,Y=1,C=1",-13833.0,-1205.4,1,X|K,2
K,250,C,53,K,5,S,3,R,3,Y,55,X,55,K,1,C,1,S,3,X,7,R,3,Y,1,K,2,"L1:[sp=K,250] C=53,K=5,S=3,R=3,Y=55,X=55 || L2:[sp=K,1] C=1,S=3,X=7,R=3,Y=1,K=2",-14403.0,-1279.2,1,K|K,2
C,250,C,42,K,39,Y,50,S,3,R,3,X,55,C,2,C,1,S,3,K,5,R,3,Y,1,X,55,"L1:[sp=C,250] C=42,K=39,Y=50,S=3,R=3,X=55 || L2:[sp=C,2] C=1,S=3,K=5,R=3,Y=1,X=55",-14563.0,-1236.01,1,C|C,2
K,250,C,59,R,3,K,22,S,3,Y,55,X,55,C,7,S,3,C,1,X,50,K,1,Y,26,R,3,"L1:[sp=K,250] C=59,R=3,K=22,S=3,Y=55,X=55 || L2:[sp=C,7] S=3,C=1,X=50,K=1,Y=26,R=3",-15843.0,-1308.84,1,K|C,2
K,250,C,32,K,1,Y,48,S,3,R,3,X,55,C,2,C,15,S,3,X,1,R,3,Y,1,K,1,"L1:[sp=K,250] C=32,K=1,Y=48,S=3,R=3,X=55 || L2:[sp=C,2] C=15,S=3,X=1,R=3,Y=1,K=1",-16529.0,-1171.14,1,K|C,2
K,250,X,55,K,19,S,3,C,59,R,3,Y,55,C,2,C,1,S,3,Y,1,X,51,R,3,K,1,"L1:[sp=K,250] X=55,K=19,S=3,C=59,R=3,Y=55 || L2:[sp=C,2] C=1,S=3,Y=1,X=51,R=3,K=1",-16932.0,-1308.84,1,K|C,2
K,250,C,40,R,3,K,24,X,55,Y,25,S,3,Y,1,C,1,S,3,K,5,R,3,Y,1,X,55,"L1:[sp=K,250] C=40,R=3,K=24,X=55,Y=25,S=3 || L2:[sp=Y,1] C=1,S=3,K=5,R=3,Y=1,X=55",-17011.0,-1210.88,1,K|Y,2
K,250,C,40,K,24,Y,43,S,3,R,3,X,55,X,5,C,1,S,3,X,55,R,3,Y,1,K,5,"L1:[sp=K,250] C=40,K=24,Y=43,S=3,R=3,X=55 || L2:[sp=X,5] C=1,S=3,X=55,R=3,Y=1,K=5",-17101.0,-1214.65,1,K|X,2
K,250,C,35,R,3,S,3,X,55,K,19,Y,55,K,19,S,3,C,32,X,29,K,1,Y,26,R,3,"L1:[sp=K,250] C=35,R=3,S=3,X=55,K=19,Y=55 || L2:[sp=K,19] S=3,C=32,X=29,K=1,Y=26,R=3",-17103.0,-1190.29,1,K|K,2
K,250,X,55,K,64,S,3,Y,18,R,3,C,15,C,43,C,1,S,3,X,55,R,3,Y,1,K,1,"L1:[sp=K,250] X=55,K=64,S=3,Y=18,R=3,C=15 || L2:[sp=C,43] C=1,S=3,X=55,R=3,Y=1,K=1",-17146.0,-1442.92,1,K|C,2
K,250,C,53,K,5,S,3,X,55,Y,10,R,3,K,1,C,1,S,3,X,55,R,3,Y,1,K,1,"L1:[sp=K,250] C=53,K=5,S=3,X=55,Y=10,R=3 || L2:[sp=K,1] C=1,S=3,X=55,R=3,Y=1,K=1",-17173.0,-1276.75,1,K|K,2
K,250,C,43,K,5,S,3,Y,29,R,3,X,55,X,55,C,1,S,3,X,55,R,3,Y,1,K,1,"L1:[sp=K,250] C=43,K=5,S=3,Y=29,R=3,X=55 || L2:[sp=X,55] C=1,S=3,X=55,R=3,Y=1,K=1",-17245.0,-1221.39,1,K|X,2
C,250,R,3,X,55,Y,55,S,3,C,35,K,64,K,32,S,3,X,40,C,1,Y,26,K,1,R,3,"L1:[sp=C,250] R=3,X=55,Y=55,S=3,C=35,K=64 || L2:[sp=K,32] S=3,X=40,C=1,Y=26,K=1,R=3",-17642.0,-1175.2,1,C|K,2
K,250,C,35,K,19,S,3,Y,55,R,3,X,55,C,43,Y,4,C,1,S,3,K,1,X,28,R,3,"L1:[sp=K,250] C=35,K=19,S=3,Y=55,R=3,X=55 || L2:[sp=C,43] Y=4,C=1,S=3,K=1,X=28,R=3",-17787.0,-1190.29,1,K|C,2
K,250,C,43,K,31,S,3,Y,55,R,3,X,55,Y,21,C,1,S,3,X,1,R,3,Y,1,K,1,"L1:[sp=K,250] C=43,K=31,S=3,Y=55,R=3,X=55 || L2:[sp=Y,21] C=1,S=3,X=1,R=3,Y=1,K=1",-17859.0,-1229.81,1,K|Y,2
K,250,C,43,X,55,S,3,Y,55,R,3,K,31,Y,21,C,1,S,3,X,1,R,3,Y,1,K,1,"L1:[sp=K,250] C=43,X=55,S=3,Y=55,R=3,K=31 || L2:[sp=Y,21] C=1,S=3,X=1,R=3,Y=1,K=1",-17859.0,-1229.81,1,K|Y,2
K,250,C,43,K,31,S,3,Y,55,R,3,X,55,X,1,C,1,S,3,X,1,R,3,Y,1,K,1,"L1:[sp=K,250] C=43,K=31,S=3,Y=55,R=3,X=55 || L2:[sp=X,1] C=1,S=3,X=1,R=3,Y=1,K=1",-17859.0,-1229.81,1,K|X,2
K,250,C,10,K,31,S,3,Y,55,R,3,X,55,Y,21,C,1,R,3,X,1,S,3,Y,1,K,1,"L1:[sp=K,250] C=10,K=31,S=3,Y=55,R=3,X=55 || L2:[sp=Y,21] C=1,R=3,X=1,S=3,Y=1,K=1",-17864.0,-1191.66,1,K|Y,2
K,250,X,55,K,31,S,3,Y,55,R,3,C,10,Y,21,C,1,R,3,X,1,S,3,Y,1,K,7,"L1:[sp=K,250] X=55,K=31,S=3,Y=55,R=3,C=10 || L2:[sp=Y,21] C=1,R=3,X=1,S=3,Y=1,K=7",-17864.0,-1191.66,1,K|Y,2
K,250,C,10,K,31,S,3,Y,55,R,3,X,55,Y,21,R,3,C,1,X,1,S,3,Y,1,K,1,"L1:[sp=K,250] C=10,K=31,S=3,Y=55,R=3,X=55 || L2:[sp=Y,21] R=3,C=1,X=1,S=3,Y=1,K=1",-17864.0,-1191.66,1,K|Y,2
Y,250,C,8,K,19,S,3,Y,55,R,3,X,55,C,43,S,3,C,1,X,52,R,3,Y,26,K,1,"L1:[sp=Y,250] C=8,K=19,S=3,Y=55,R=3,X=55 || L2:[sp=C,43] S=3,C=1,X=52,R=3,Y=26,K=1",-18465.0,-1206.7,1,Y|C,2
K,250,C,43,K,19,S,3,Y,55,R,3,X,27,C,43,C,1,S,3,X,27,K,1,Y,1,R,3,"L1:[sp=K,250] C=43,K=19,S=3,Y=55,R=3,X=27 || L2:[sp=C,43] C=1,S=3,X=27,K=1,Y=1,R=3",-18473.0,-1219.92,1,K|C,2
K,250,C,42,K,11,S,3,Y,6,R,3,X,55,C,2,C,1,S,3,R,3,X,55,Y,1,K,1,"L1:[sp=K,250] C=42,K=11,S=3,Y=6,R=3,X=55 || L2:[sp=C,2] C=1,S=3,R=3,X=55,Y=1,K=1",-18847.0,-1214.51,1,K|C,2
K,250,Y,48,K,11,S,3,C,42,R,3,X,55,C,2,C,1,S,3,Y,1,X,55,R,3,K,1,"L1:[sp=K,250] Y=48,K=11,S=3,C=42,R=3,X=55 || L2:[sp=C,2] C=1,S=3,Y=1,X=55,R=3,K=1",-18973.0,-1333.88,1,K|C,2
K,250,C,35,K,22,S,3,Y,55,R,3,X,55,C,43,C,1,S,3,X,30,K,1,Y,26,R,3,"L1:[sp=K,250] C=35,K=22,S=3,Y=55,R=3,X=55 || L2:[sp=C,43] C=1,S=3,X=30,K=1,Y=26,R=3",-19011.0,-1190.29,1,K|C,2
X,250,C,35,K,63,Y,55,X,11,R,3,S,3,K,61,S,3,R,3,X,11,K,1,Y,1,C,1,"L1:[sp=X,250] C=35,K=63,Y=55,X=11,R=3,S=3 || L2:[sp=K,61] S=3,R=3,X=11,K=1,Y=1,C=1",-19013.0,-1345.02,1,X|K,2
K,250,C,28,K,5,S,3,Y,55,R,3,X,55,X,55,C,1,K,2,X,7,R,3,Y,1,S,3,"L1:[sp=K,250] C=28,K=5,S=3,Y=55,R=3,X=55 || L2:[sp=X,55] C=1,K=2,X=7,R=3,Y=1,S=3",-20164.0,-1225.14,1,K|X,2
X,250,C,35,K,19,R,3,Y,55,X,55,S,3,K,19,R,3,Y,26,S,3,K,1,C,19,X,50,"L1:[sp=X,250] C=35,K=19,R=3,Y=55,X=55,S=3 || L2:[sp=K,19] R=3,Y=26,S=3,K=1,C=19,X=50",-20169.0,-1222.65,1,X|K,2
K,250,C,40,K,15,S,3,Y,55,R,3,X,55,K,61,S,3,K,1,X,36,R,3,Y,26,C,1,"L1:[sp=K,250] C=40,K=15,S=3,Y=55,R=3,X=55 || L2:[sp=K,61] S=3,K=1,X=36,R=3,Y=26,C=1",-20739.0,-1214.99,1,K|K,2
X,250,K,61,C,40,S,3,Y,55,R,3,X,55,K,61,R,3,S,3,X,45,K,1,Y,26,C,1,"L1:[sp=X,250] K=61,C=40,S=3,Y=55,R=3,X=55 || L2:[sp=K,61] R=3,S=3,X=45,K=1,Y=26,C=1",-20741.0,-1393.91,1,X|K,2
X,250,C,40,K,55,Y,55,S,3,X,56,R,3,K,61,S,3,R,3,K,1,X,9,Y,26,C,1,"L1:[sp=X,250] C=40,K=55,Y=55,S=3,X=56,R=3 || L2:[sp=K,61] S=3,R=3,K=1,X=9,Y=26,C=1",-20741.0,-1356.96,1,X|K,2
K,250,R,3,S,3,K,56,Y,41,C,10,X,55,C,43,S,3,K,1,X,55,C,1,Y,1,R,3,"L1:[sp=K,250] R=3,S=3,K=56,Y=41,C=10,X=55 || L2:[sp=C,43] S=3,K=1,X=55,C=1,Y=1,R=3",-21043.0,-1259.59,1,K|C,2
K,250,C,35,K,54,R,3,Y,55,S,3,X,55,C,43,S,3,C,1,X,43,K,1,Y,26,R,3,"L1:[sp=K,250] C=35,K=54,R=3,Y=55,S=3,X=55 || L2:[sp=C,43] S=3,C=1,X=43,K=1,Y=26,R=3",-21387.0,-1190.29,1,K|C,2
K,250,C,18,R,3,K,53,Y,8,S,3,X,56,X,8,S,3,C,1,X,55,K,1,Y,8,R,3,"L1:[sp=K,250] C=18,R=3,K=53,Y=8,S=3,X=56 || L2:[sp=X,8] S=3,C=1,X=55,K=1,Y=8,R=3",-21729.0,-1076.03,1,K|X,2
K,250,S,3,C,22,K,19,X,55,Y,55,R,3,C,2,C,1,S,3,R,3,X,4,Y,2,K,1,"L1:[sp=K,250] S=3,C=22,K=19,X=55,Y=55,R=3 || L2:[sp=C,2] C=1,S=3,R=3,X=4,Y=2,K=1",-21892.0,-1180.69,1,K|C,2
K,250,C,43,K,61,Y,30,S,3,R,3,X,55,Y,2,C,1,S,3,X,55,R,3,Y,1,K,5,"L1:[sp=K,250] C=43,K=61,Y=30,S=3,R=3,X=55 || L2:[sp=Y,2] C=1,S=3,X=55,R=3,Y=1,K=5",-22285.0,-1222.13,1,K|Y,2
C,250,X,55,R,3,Y,55,S,3,C,35,K,64,K,32,S,3,X,16,C,1,K,1,Y,12,R,3,"L1:[sp=C,250] X=55,R=3,Y=55,S=3,C=35,K=64 || L2:[sp=K,32] S=3,X=16,C=1,K=1,Y=12,R=3",-22682.0,-1175.2,1,C|K,2
C,250,X,55,R,3,Y,55,S,3,C,35,K,64,K,32,C,1,X,12,Y,12,K,1,S,3,R,3,"L1:[sp=C,250] X=55,R=3,Y=55,S=3,C=35,K=64 || L2:[sp=K,32] C=1,X=12,Y=12,K=1,S=3,R=3",-22682.0,-1175.2,1,C|K,2
K,250,C,35,K,5,S,3,Y,55,R,3,X,55,K,1,C,1,S,3,X,10,R,3,Y,13,K,1,"L1:[sp=K,250] C=35,K=5,S=3,Y=55,R=3,X=55 || L2:[sp=K,1] C=1,S=3,X=10,R=3,Y=13,K=1",-23043.0,-1190.29,1,K|K,2
Y,57,Y,8,C,33,R,3,X,55,K,14,S,3,K,32,Y,1,S,3,X,1,C,1,K,1,R,3,"L1:[sp=Y,57] Y=8,C=33,R=3,X=55,K=14,S=3 || L2:[sp=K,32] Y=1,S=3,X=1,C=1,K=1,R=3",-23051.0,-1184.46,1,Y|K,2
K,250,C,35,K,19,S,3,Y,55,R,3,X,55,C,43,S,3,C,1,X,7,K,1,Y,40,R,3,"L1:[sp=K,250] C=35,K=19,S=3,Y=55,R=3,X=55 || L2:[sp=C,43] S=3,C=1,X=7,K=1,Y=40,R=3",-23943.0,-1190.29,1,K|C,2
K,250,R,3,S,3,Y,55,C,13,K,11,X,55,C,1,R,3,S,3,X,50,C,1,Y,1,K,3,"L1:[sp=K,250] R=3,S=3,Y=55,C=13,K=11,X=55 || L2:[sp=C,1] R=3,S=3,X=50,C=1,Y=1,K=3",-25350.0,-1178.76,1,K|C,2
K,250,C,43,K,27,S,3,Y,55,R,3,X,53,C,43,Y,1,S,3,X,1,C,1,R,3,K,1,"L1:[sp=K,250] C=43,K=27,S=3,Y=55,R=3,X=53 || L2:[sp=C,43] Y=1,S=3,X=1,C=1,R=3,K=1",-26249.0,-1239.06,1,K|C,2
K,250,C,35,K,19,S,3,Y,55,R,3,X,39,C,43,S,3,C,1,X,39,K,1,Y,1,R,3,"L1:[sp=K,250] C=35,K=19,S=3,Y=55,R=3,X=39 || L2:[sp=C,43] S=3,C=1,X=39,K=1,Y=1,R=3",-26681.0,-1183.83,1,K|C,2
X,250,C,61,K,9,X,56,R,3,Y,19,S,3,K,61,S,3,R,3,K,1,X,55,Y,1,C,1,"L1:[sp=X,250] C=61,K=9,X=56,R=3,Y=19,S=3 || L2:[sp=K,61] S=3,R=3,K=1,X=55,Y=1,C=1",-27217.0,-1296.07,1,X|K,2
X,265,Y,55,R,3,X,4,C,45,S,3,K,64,C,43,X,1,S,3,K,1,C,1,R,3,Y,10,"L1:[sp=X,265] Y=55,R=3,X=4,C=45,S=3,K=64 || L2:[sp=C,43] X=1,S=3,K=1,C=1,R=3,Y=10",-27651.0,-1240.76,1,X|C,2
X,265,Y,55,R,3,X,4,C,45,S,3,K,64,C,43,X,1,S,3,K,18,C,1,R,3,Y,10,"L1:[sp=X,265] Y=55,R=3,X=4,C=45,S=3,K=64 || L2:[sp=C,43] X=1,S=3,K=18,C=1,R=3,Y=10",-27651.0,-1240.76,1,X|C,2
X,265,Y,55,R,3,X,4,C,45,S,3,K,64,C,43,R,3,S,3,K,18,C,1,X,1,Y,10,"L1:[sp=X,265] Y=55,R=3,X=4,C=45,S=3,K=64 || L2:[sp=C,43] R=3,S=3,K=18,C=1,X=1,Y=10",-27651.0,-1240.76,1,X|C,2
C,250,C,45,R,3,X,55,Y,55,S,3,K,40,C,4,S,3,R,3,X,4,Y,26,K,1,C,1,"L1:[sp=C,250] C=45,R=3,X=55,Y=55,S=3,K=40 || L2:[sp=C,4] S=3,R=3,X=4,Y=26,K=1,C=1",-27651.0,-1214.65,1,C|C,2
X,265,Y,55,R,3,X,4,C,27,S,3,K,64,C,43,X,1,S,3,K,35,C,1,R,3,Y,10,"L1:[sp=X,265] Y=55,R=3,X=4,C=27,S=3,K=64 || L2:[sp=C,43] X=1,S=3,K=35,C=1,R=3,Y=10",-27652.0,-1200.62,1,X|C,2
X,265,Y,55,R,3,X,4,K,64,S,3,C,27,C,43,X,1,S,3,K,35,C,1,R,3,Y,10,"L1:[sp=X,265] Y=55,R=3,X=4,K=64,S=3,C=27 || L2:[sp=C,43] X=1,S=3,K=35,C=1,R=3,Y=10",-27652.0,-1200.62,1,X|C,2
X,265,C,45,R,3,X,4,Y,55,S,3,K,56,C,43,X,1,S,3,K,1,C,1,R,3,Y,10,"L1:[sp=X,265] C=45,R=3,X=4,Y=55,S=3,K=56 || L2:[sp=C,43] X=1,S=3,K=1,C=1,R=3,Y=10",-27653.0,-1402.17,1,X|C,2
X,265,C,45,R,3,X,4,Y,55,S,3,K,56,C,43,Y,10,S,3,K,1,C,1,R,3,X,1,"L1:[sp=X,265] C=45,R=3,X=4,Y=55,S=3,K=56 || L2:[sp=C,43] Y=10,S=3,K=1,C=1,R=3,X=1",-27653.0,-1402.17,1,X|C,2
Y,250,C,47,R,3,X,55,Y,55,S,3,K,40,C,20,S,3,R,3,X,6,K,1,Y,26,C,1,"L1:[sp=Y,250] C=47,R=3,X=55,Y=55,S=3,K=40 || L2:[sp=C,20] S=3,R=3,X=6,K=1,Y=26,C=1",-27653.0,-1307.5,1,Y|C,2
Y,250,C,10,K,15,S,3,X,55,R,3,Y,36,X,1,Y,1,C,7,X,55,R,3,S,3,K,1,"L1:[sp=Y,250] C=10,K=15,S=3,X=55,R=3,Y=36 || L2:[sp=X,1] Y=1,C=7,X=55,R=3,S=3,K=1",-27928.0,-1132.42,1,Y|X,2
X,61,S,3,C,10,K,29,Y,56,R,3,X,56,C,10,R,3,C,7,X,1,S,3,Y,1,K,1,"L1:[sp=X,61] S=3,C=10,K=29,Y=56,R=3,X=56 || L2:[sp=C,10] R=3,C=7,X=1,S=3,Y=1,K=1",-28246.0,-1259.14,1,X|C,2
X,61,K,29,C,10,S,3,Y,56,R,3,X,56,C,10,R,3,C,7,X,1,S,3,Y,1,K,1,"L1:[sp=X,61] K=29,C=10,S=3,Y=56,R=3,X=56 || L2:[sp=C,10] R=3,C=7,X=1,S=3,Y=1,K=1",-28246.0,-1259.14,1,X|C,2
K,250,C,35,R,3,S,3,X,55,K,19,Y,55,K,19,S,3,C,1,X,29,K,1,Y,26,R,3,"L1:[sp=K,250] C=35,R=3,S=3,X=55,K=19,Y=55 || L2:[sp=K,19] S=3,C=1,X=29,K=1,Y=26,R=3",-28803.0,-1190.29,1,K|K,2
K,250,C,36,K,51,S,3,R,3,Y,55,X,55,C,9,K,1,X,50,Y,13,S,3,C,1,R,3,"L1:[sp=K,250] C=36,K=51,S=3,R=3,Y=55,X=55 || L2:[sp=C,9] K=1,X=50,Y=13,S=3,C=1,R=3",-29379.0,-1195.23,1,K|C,2
K,250,C,35,K,19,S,3,Y,55,R,3,X,42,K,19,S,3,C,31,X,42,K,1,Y,1,R,3,"L1:[sp=K,250] C=35,K=19,S=3,Y=55,R=3,X=42 || L2:[sp=K,19] S=3,C=31,X=42,K=1,Y=1,R=3",-29489.0,-1185.63,1,K|K,2
K,250,C,49,R,3,S,3,X,55,K,19,Y,55,K,19,S,3,C,32,X,29,K,1,Y,26,R,3,"L1:[sp=K,250] C=49,R=3,S=3,X=55,K=19,Y=55 || L2:[sp=K,19] S=3,C=32,X=29,K=1,Y=26,R=3",-29703.0,-1259.44,1,K|K,2
Y,250,K,49,X,55,S,3,C,27,R,3,Y,55,K,5,C,1,X,2,R,3,K,1,Y,26,S,3,"L1:[sp=Y,250] K=49,X=55,S=3,C=27,R=3,Y=55 || L2:[sp=K,5] C=1,X=2,R=3,K=1,Y=26,S=3",-29959.0,-1324.06,1,Y|K,2
K,250,C,43,K,31,S,3,Y,55,R,3,X,37,C,43,C,1,S,3,X,1,R,3,Y,1,K,9,"L1:[sp=K,250] C=43,K=31,S=3,Y=55,R=3,X=37 || L2:[sp=C,43] C=1,S=3,X=1,R=3,Y=1,K=9",-30137.0,-1227.28,1,K|C,2
X,250,C,35,R,3,K,40,Y,41,S,3,X,55,K,2,S,3,R,3,X,55,K,1,C,1,Y,4,"L1:[sp=X,250] C=35,R=3,K=40,Y=41,S=3,X=55 || L2:[sp=K,2] S=3,R=3,X=55,K=1,C=1,Y=4",-30433.0,-1240.46,1,X|K,2
K,97,S,3,Y,55,K,1,R,3,X,9,C,10,K,1,R,3,S,3,K,1,X,1,Y,1,C,7,"L1:[sp=K,97] S=3,Y=55,K=1,R=3,X=9,C=10 || L2:[sp=K,1] R=3,S=3,K=1,X=1,Y=1,C=7",-30661.0,-1846.92,1,K|K,2
K,97,S,3,Y,8,K,1,R,3,X,55,C,10,K,1,R,3,S,3,K,1,X,1,Y,1,C,7,"L1:[sp=K,97] S=3,Y=8,K=1,R=3,X=55,C=10 || L2:[sp=K,1] R=3,S=3,K=1,X=1,Y=1,C=7",-30668.0,-1996.05,1,K|K,2
K,97,S,3,Y,8,K,1,R,3,X,55,C,10,K,1,C,7,S,3,K,1,X,1,Y,1,R,3,"L1:[sp=K,97] S=3,Y=8,K=1,R=3,X=55,C=10 || L2:[sp=K,1] C=7,S=3,K=1,X=1,Y=1,R=3",-30668.0,-1996.05,1,K|K,2
K,97,S,3,Y,6,K,1,R,3,X,55,C,10,K,1,R,3,S,3,K,1,X,1,Y,1,C,7,"L1:[sp=K,97] S=3,Y=6,K=1,R=3,X=55,C=10 || L2:[sp=K,1] R=3,S=3,K=1,X=1,Y=1,C=7",-30682.0,-2292.5,1,K|K,2
K,250,C,43,K,31,S,3,Y,46,R,3,X,55,K,31,C,1,S,3,X,1,R,3,Y,1,K,1,"L1:[sp=K,250] C=43,K=31,S=3,Y=46,R=3,X=55 || L2:[sp=K,31] C=1,S=3,X=1,R=3,Y=1,K=1",-31109.0,-1233.91,1,K|K,2
X,250,C,64,K,16,X,27,Y,55,R,3,S,3,C,32,R,3,S,3,X,27,K,1,Y,1,C,1,"L1:[sp=X,250] C=64,K=16,X=27,Y=55,R=3,S=3 || L2:[sp=C,32] R=3,S=3,X=27,K=1,Y=1,C=1",-31109.0,-1175.75,1,X|C,2
K,250,C,43,X,55,S,3,Y,8,R,3,K,1,X,5,R,3,S,3,X,1,C,1,Y,1,K,1,"L1:[sp=K,250] C=43,X=55,S=3,Y=8,R=3,K=1 || L2:[sp=X,5] R=3,S=3,X=1,C=1,Y=1,K=1",-31119.0,-1219.46,1,K|X,2
C,250,C,42,K,18,S,3,Y,48,R,3,X,55,X,11,C,1,S,3,X,55,R,3,Y,1,K,5,"L1:[sp=C,250] C=42,K=18,S=3,Y=48,R=3,X=55 || L2:[sp=X,11] C=1,S=3,X=55,R=3,Y=1,K=5",-31393.0,-1245.88,1,C|X,2
C,57,Y,12,S,3,R,3,X,55,K,32,C,33,K,32,Y,1,S,3,X,1,C,1,K,1,R,3,"L1:[sp=C,57] Y=12,S=3,R=3,X=55,K=32,C=33 || L2:[sp=K,32] Y=1,S=3,X=1,C=1,K=1,R=3",-32087.0,-1492.42,1,C|K,2
C,57,Y,12,C,33,R,3,X,55,K,32,S,3,K,32,Y,1,S,3,X,1,C,1,K,1,R,3,"L1:[sp=C,57] Y=12,C=33,R=3,X=55,K=32,S=3 || L2:[sp=K,32] Y=1,S=3,X=1,C=1,K=1,R=3",-32087.0,-1492.42,1,C|K,2
K,250,C,42,K,19,S,3,X,55,R,3,Y,31,C,2,R,3,S,3,C,1,X,55,Y,1,K,1,"L1:[sp=K,250] C=42,K=19,S=3,X=55,R=3,Y=31 || L2:[sp=C,2] R=3,S=3,C=1,X=55,Y=1,K=1",-32797.0,-1217.39,1,K|C,2
K,250,C,42,K,19,S,3,X,55,R,3,Y,34,C,2,C,1,S,3,R,3,X,55,Y,1,K,1,"L1:[sp=K,250] C=42,K=19,S=3,X=55,R=3,Y=34 || L2:[sp=C,2] C=1,S=3,R=3,X=55,Y=1,K=1",-32797.0,-1219.54,1,K|C,2
K,250,Y,55,K,19,S,3,C,42,R,3,X,55,C,2,S,3,X,3,Y,26,C,1,K,1,R,3,"L1:[sp=K,250] Y=55,K=19,S=3,C=42,R=3,X=55 || L2:[sp=C,2] S=3,X=3,Y=26,C=1,K=1,R=3",-32835.0,-1224.87,1,K|C,2
K,250,C,35,K,19,S,3,Y,55,R,3,X,55,Y,1,S,3,C,1,X,3,K,1,Y,1,R,3,"L1:[sp=K,250] C=35,K=19,S=3,Y=55,R=3,X=55 || L2:[sp=Y,1] S=3,C=1,X=3,K=1,Y=1,R=3",-32835.0,-1190.29,1,K|Y,2
K,250,C,59,R,3,K,54,S,3,Y,55,X,55,C,7,S,3,K,1,Y,1,C,7,X,50,R,3,"L1:[sp=K,250] C=59,R=3,K=54,S=3,Y=55,X=55 || L2:[sp=C,7] S=3,K=1,Y=1,C=7,X=50,R=3",-33051.0,-1308.84,1,K|C,2
K,250,C,43,K,31,S,3,Y,55,R,3,X,20,C,43,X,11,S,3,Y,1,R,3,C,1,K,1,"L1:[sp=K,250] C=43,K=31,S=3,Y=55,R=3,X=20 || L2:[sp=C,43] X=11,S=3,Y=1,R=3,C=1,K=1",-33487.0,-1222.13,1,K|C,2
K,250,C,43,K,19,S,3,Y,55,R,3,X,49,C,43,C,1,S,3,X,49,K,1,Y,1,R,3,"L1:[sp=K,250] C=43,K=19,S=3,Y=55,R=3,X=49 || L2:[sp=C,43] C=1,S=3,X=49,K=1,Y=1,R=3",-33521.0,-1236.12,1,K|C,2
C,250,C,40,X,55,R,3,K,6,S,3,Y,27,C,4,S,3,R,3,X,55,K,1,Y,1,C,1,"L1:[sp=C,250] C=40,X=55,R=3,K=6,S=3,Y=27 || L2:[sp=C,4] S=3,R=3,X=55,K=1,Y=1,C=1",-34363.0,-1254.09,1,C|C,2
K,250,C,24,K,3,S,3,Y,55,R,3,X,55,C,1,C,1,S,3,X,11,K,1,Y,26,R,3,"L1:[sp=K,250] C=24,K=3,S=3,Y=55,R=3,X=55 || L2:[sp=C,1] C=1,S=3,X=11,K=1,Y=26,R=3",-34564.0,-1195.5,1,K|C,2
X,250,C,55,K,27,R,3,Y,55,X,56,S,3,K,19,R,3,Y,1,S,3,K,1,X,42,C,1,"L1:[sp=X,250] C=55,K=27,R=3,Y=55,X=56,S=3 || L2:[sp=K,19] R=3,Y=1,S=3,K=1,X=42,C=1",-34567.0,-1361.2,1,X|K,2
K,250,C,8,K,5,S,3,X,55,Y,55,R,3,K,1,C,1,S,3,X,48,Y,26,R,3,K,1,"L1:[sp=K,250] C=8,K=5,S=3,X=55,Y=55,R=3 || L2:[sp=K,1] C=1,S=3,X=48,Y=26,R=3,K=1",-34569.0,-1177.12,1,K|K,2
K,250,C,36,K,51,X,55,R,3,S,3,Y,5,X,11,K,1,X,55,Y,5,S,3,R,3,C,1,"L1:[sp=K,250] C=36,K=51,X=55,R=3,S=3,Y=5 || L2:[sp=X,11] K=1,X=55,Y=5,S=3,R=3,C=1",-34915.0,-1182.36,1,K|X,2
K,250,C,36,K,51,S,3,R,3,X,55,Y,5,X,5,K,1,X,55,Y,5,S,3,R,3,C,1,"L1:[sp=K,250] C=36,K=51,S=3,R=3,X=55,Y=5 || L2:[sp=X,5] K=1,X=55,Y=5,S=3,R=3,C=1",-34915.0,-1182.36,1,K|X,2
K,97,C,10,Y,52,S,3,R,3,X,55,K,31,Y,55,R,3,S,3,K,1,X,1,Y,1,C,7,"L1:[sp=K,97] C=10,Y=52,S=3,R=3,X=55,K=31 || L2:[sp=Y,55] R=3,S=3,K=1,X=1,Y=1,C=7",-35169.0,-1117.65,1,K|Y,2
K,250,C,35,R,3,S,3,Y,55,K,63,X,56,K,1,S,3,C,1,X,55,K,1,Y,55,R,3,"L1:[sp=K,250] C=35,R=3,S=3,Y=55,K=63,X=56 || L2:[sp=K,1] S=3,C=1,X=55,K=1,Y=55,R=3",-36291.0,-1190.54,1,K|K,2
Y,97,S,3,Y,55,K,1,R,3,X,55,C,10,K,1,R,3,S,3,K,1,X,1,Y,1,C,7,"L1:[sp=Y,97] S=3,Y=55,K=1,R=3,X=55,C=10 || L2:[sp=K,1] R=3,S=3,K=1,X=1,Y=1,C=7",-36737.0,-1207.84,1,Y|K,2
X,97,S,3,R,3,K,1,C,10,X,55,Y,55,K,1,R,3,S,3,K,1,X,1,Y,1,C,7,"L1:[sp=X,97] S=3,R=3,K=1,C=10,X=55,Y=55 || L2:[sp=K,1] R=3,S=3,K=1,X=1,Y=1,C=7",-36737.0,-1207.84,1,X|K,2
K,250,C,43,K,64,S,3,Y,55,R,3,X,55,Y,21,C,1,S,3,X,1,R,3,Y,1,K,1,"L1:[sp=K,250] C=43,K=64,S=3,Y=55,R=3,X=55 || L2:[sp=Y,21] C=1,S=3,X=1,R=3,Y=1,K=1",-36867.0,-1229.81,1,K|Y,2
Y,250,C,43,K,61,S,3,Y,55,R,3,X,55,Y,21,C,1,S,3,X,1,R,3,Y,1,K,1,"L1:[sp=Y,250] C=43,K=61,S=3,Y=55,R=3,X=55 || L2:[sp=Y,21] C=1,S=3,X=1,R=3,Y=1,K=1",-36869.0,-1421.96,1,Y|Y,2
X,250,C,43,K,31,S,3,Y,55,R,3,X,55,Y,21,C,1,S,3,X,1,R,3,Y,1,K,1,"L1:[sp=X,250] C=43,K=31,S=3,Y=55,R=3,X=55 || L2:[sp=Y,21] C=1,S=3,X=1,R=3,Y=1,K=1",-36871.0,-1325.88,1,X|Y,2
K,250,C,43,K,19,S,3,Y,46,R,3,X,55,C,43,C,1,S,3,X,13,K,1,Y,1,R,3,"L1:[sp=K,250] C=43,K=19,S=3,Y=46,R=3,X=55 || L2:[sp=C,43] C=1,S=3,X=13,K=1,Y=1,R=3",-36941.0,-1233.91,1,K|C,2
K,250,C,35,K,19,S,3,Y,55,R,3,X,30,C,43,S,3,C,1,X,3,K,1,Y,26,R,3,"L1:[sp=K,250] C=35,K=19,S=3,Y=55,R=3,X=30 || L2:[sp=C,43] S=3,C=1,X=3,K=1,Y=26,R=3",-36941.0,-1178.44,1,K|C,2
K,250,C,35,R,3,S,3,Y,55,K,19,X,18,C,43,S,3,C,1,X,18,K,1,Y,26,R,3,"L1:[sp=K,250] C=35,R=3,S=3,Y=55,K=19,X=18 || L2:[sp=C,43] S=3,C=1,X=18,K=1,Y=26,R=3",-36943.0,-1176.64,1,K|C,2
K,250,X,9,K,19,S,3,R,3,Y,55,C,36,C,43,K,1,C,1,Y,13,X,9,S,3,R,3,"L1:[sp=K,250] X=9,K=19,S=3,R=3,Y=55,C=36 || L2:[sp=C,43] K=1,C=1,Y=13,X=9,S=3,R=3",-36949.0,-1628.91,1,K|C,2
K,250,C,35,K,19,S,3,Y,55,R,3,X,4,C,43,C,1,S,3,X,1,K,1,Y,26,R,3,"L1:[sp=K,250] C=35,K=19,S=3,Y=55,R=3,X=4 || L2:[sp=C,43] C=1,S=3,X=1,K=1,Y=26,R=3",-36965.0,-1177.24,1,K|C,2
K,250,C,42,R,3,S,3,Y,4,K,43,X,55,Y,4,S,3,C,1,X,55,K,1,Y,4,R,3,"L1:[sp=K,250] C=42,R=3,S=3,Y=4,K=43,X=55 || L2:[sp=Y,4] S=3,C=1,X=55,K=1,Y=4,R=3",-37521.0,-1215.23,1,K|Y,2
K,250,C,42,R,3,S,3,Y,4,K,43,X,55,X,1,S,3,C,1,X,55,K,1,Y,4,R,3,"L1:[sp=K,250] C=42,R=3,S=3,Y=4,K=43,X=55 || L2:[sp=X,1] S=3,C=1,X=55,K=1,Y=4,R=3",-37521.0,-1215.23,1,K|X,2
K,250,C,35,K,19,S,3,Y,55,R,3,X,44,C,43,S,3,C,1,X,3,K,1,Y,26,R,3,"L1:[sp=K,250] C=35,K=19,S=3,Y=55,R=3,X=44 || L2:[sp=C,43] S=3,C=1,X=3,K=1,Y=26,R=3",-37625.0,-1186.82,1,K|C,2
K,250,C,35,S,3,K,19,Y,55,R,3,X,11,C,43,S,3,C,1,X,11,K,1,Y,26,R,3,"L1:[sp=K,250] C=35,S=3,K=19,Y=55,R=3,X=11 || L2:[sp=C,43] S=3,C=1,X=11,K=1,Y=26,R=3",-37631.0,-1176.94,1,K|C,2
K,250,C,40,R,3,X,11,Y,55,K,19,S,3,C,43,S,3,C,1,X,11,K,1,Y,26,R,3,"L1:[sp=K,250] C=40,R=3,X=11,Y=55,K=19,S=3 || L2:[sp=C,43] S=3,C=1,X=11,K=1,Y=26,R=3",-37631.0,-1204.03,1,K|C,2
K,250,C,35,R,3,S,3,Y,55,K,19,X,5,C,43,S,3,C,1,X,5,K,9,Y,26,R,3,"L1:[sp=K,250] C=35,R=3,S=3,Y=55,K=19,X=5 || L2:[sp=C,43] S=3,C=1,X=5,K=9,Y=26,R=3",-37643.0,-1176.94,1,K|C,2
K,250,C,53,K,5,S,3,X,55,Y,55,R,3,K,1,K,1,S,3,X,20,R,3,Y,1,C,46,"L1:[sp=K,250] C=53,K=5,S=3,X=55,Y=55,R=3 || L2:[sp=K,1] K=1,S=3,X=20,R=3,Y=1,C=46",-37803.0,-1279.2,1,K|K,2
K,250,C,33,K,11,S,3,Y,31,R,3,X,55,K,1,C,1,S,3,X,55,R,3,Y,1,K,1,"L1:[sp=K,250] C=33,K=11,S=3,Y=31,R=3,X=55 || L2:[sp=K,1] C=1,S=3,X=55,R=3,Y=1,K=1",-37981.0,-1168.08,1,K|K,2
K,250,Y,55,S,3,X,55,R,3,C,18,K,44,C,43,S,3,C,1,X,21,K,1,Y,26,R,3,"L1:[sp=K,250] Y=55,S=3,X=55,R=3,C=18,K=44 || L2:[sp=C,43] S=3,C=1,X=21,K=1,Y=26,R=3",-38021.0,-1195.78,1,K|C,2
C,250,C,33,K,1,S,3,Y,55,R,3,X,55,Y,21,C,1,S,3,X,13,R,3,Y,1,K,1,"L1:[sp=C,250] C=33,K=1,S=3,Y=55,R=3,X=55 || L2:[sp=Y,21] C=1,S=3,X=13,R=3,Y=1,K=1",-38081.0,-1175.2,1,C|Y,2
C,250,C,43,K,31,S,3,Y,4,R,3,X,55,Y,21,C,1,S,3,X,55,R,3,Y,1,K,1,"L1:[sp=C,250] C=43,K=31,S=3,Y=4,R=3,X=55 || L2:[sp=Y,21] C=1,S=3,X=55,R=3,Y=1,K=1",-38151.0,-1275.73,1,C|Y,2
K,250,C,43,K,4,S,3,Y,55,R,3,X,55,C,43,C,30,Y,1,K,1,R,3,S,3,X,18,"L1:[sp=K,250] C=43,K=4,S=3,Y=55,R=3,X=55 || L2:[sp=C,43] C=30,Y=1,K=1,R=3,S=3,X=18",-38883.0,-1223.15,1,K|C,2
K,250,S,3,K,19,C,35,Y,55,R,3,X,55,C,43,S,3,C,1,X,35,K,1,R,3,Y,12,"L1:[sp=K,250] S=3,K=19,C=35,Y=55,R=3,X=55 || L2:[sp=C,43] S=3,C=1,X=35,K=1,R=3,Y=12",-38991.0,-1190.29,1,K|C,2
K,250,C,35,R,3,S,3,Y,55,K,63,X,56,K,1,S,3,C,7,R,3,K,1,Y,55,X,55,"L1:[sp=K,250] C=35,R=3,S=3,Y=55,K=63,X=56 || L2:[sp=K,1] S=3,C=7,R=3,K=1,Y=55,X=55",-39693.0,-1190.54,1,K|K,2
K,97,S,3,Y,55,K,31,R,3,C,10,X,55,C,10,R,3,S,3,K,1,X,1,Y,3,C,7,"L1:[sp=K,97] S=3,Y=55,K=31,R=3,C=10,X=55 || L2:[sp=C,10] R=3,S=3,K=1,X=1,Y=3,C=7",-41021.0,-1191.66,1,K|C,2
K,250,C,40,K,19,S,3,Y,33,R,3,X,55,C,43,S,3,C,1,X,3,K,1,Y,26,R,3,"L1:[sp=K,250] C=40,K=19,S=3,Y=33,R=3,X=55 || L2:[sp=C,43] S=3,C=1,X=3,K=1,Y=26,R=3",-41045.0,-1207.8,1,K|C,2
K,250,C,37,K,19,R,3,X,30,S,3,Y,55,C,43,S,3,R,3,X,30,K,1,Y,26,C,1,"L1:[sp=K,250] C=37,K=19,R=3,X=30,S=3,Y=55 || L2:[sp=C,43] S=3,R=3,X=30,K=1,Y=26,C=1",-41045.0,-1189.36,1,K|C,2
K,250,Y,55,K,19,S,3,C,43,R,3,X,20,C,43,C,1,S,3,X,20,K,1,Y,26,R,3,"L1:[sp=K,250] Y=55,K=19,S=3,C=43,R=3,X=20 || L2:[sp=C,43] C=1,S=3,X=20,K=1,Y=26,R=3",-41047.0,-1222.13,1,K|C,2
K,250,C,35,Y,55,K,19,R,3,X,15,S,3,C,43,S,3,X,15,C,1,K,1,Y,26,R,3,"L1:[sp=K,250] C=35,Y=55,K=19,R=3,X=15,S=3 || L2:[sp=C,43] S=3,X=15,C=1,K=1,Y=26,R=3",-41049.0,-1178.44,1,K|C,2
K,250,C,43,K,19,S,3,Y,55,R,3,X,12,C,43,C,1,S,3,X,12,K,5,Y,26,R,3,"L1:[sp=K,250] C=43,K=19,S=3,Y=55,R=3,X=12 || L2:[sp=C,43] C=1,S=3,X=12,K=5,Y=26,R=3",-41051.0,-1222.13,1,K|C,2
K,250,C,40,R,3,X,10,Y,55,K,19,S,3,C,43,S,3,R,3,X,10,K,1,Y,26,C,1,"L1:[sp=K,250] C=40,R=3,X=10,Y=55,K=19,S=3 || L2:[sp=C,43] S=3,R=3,X=10,K=1,Y=26,C=1",-41053.0,-1205.74,1,K|C,2
K,250,C,35,R,3,Y,55,S,3,K,38,X,55,K,23,S,3,C,1,X,36,K,1,Y,26,R,3,"L1:[sp=K,250] C=35,R=3,Y=55,S=3,K=38,X=55 || L2:[sp=K,23] S=3,C=1,X=36,K=1,Y=26,R=3",-41475.0,-1190.29,1,K|K,2
K,250,R,3,K,19,S,3,Y,55,C,43,X,13,C,43,C,1,S,3,X,13,K,1,Y,26,R,3,"L1:[sp=K,250] R=3,K=19,S=3,Y=55,C=43,X=13 || L2:[sp=C,43] C=1,S=3,X=13,K=1,Y=26,R=3",-44471.0,-1223.97,1,K|C,2
C,250,C,35,R,3,K,19,Y,55,S,3,X,55,K,19,X,48,C,1,S,3,Y,8,K,1,R,3,"L1:[sp=C,250] C=35,R=3,K=19,Y=55,S=3,X=55 || L2:[sp=K,19] X=48,C=1,S=3,Y=8,K=1,R=3",-45365.0,-1204.78,1,C|K,2
K,250,R,3,S,3,X,55,Y,55,C,48,K,32,C,5,S,3,C,7,Y,26,X,25,K,1,R,3,"L1:[sp=K,250] R=3,S=3,X=55,Y=55,C=48,K=32 || L2:[sp=C,5] S=3,C=7,Y=26,X=25,K=1,R=3",-46083.0,-1195.06,1,K|C,2
C,250,X,55,K,22,Y,56,S,3,R,3,C,35,C,7,S,3,R,3,X,46,K,1,Y,26,C,1,"L1:[sp=C,250] X=55,K=22,Y=56,S=3,R=3,C=35 || L2:[sp=C,7] S=3,R=3,X=46,K=1,Y=26,C=1",-46084.0,-1180.13,1,C|C,2
C,250,X,55,K,22,Y,56,S,3,R,3,C,35,C,7,S,3,R,3,X,46,K,1,Y,26,C,5,"L1:[sp=C,250] X=55,K=22,Y=56,S=3,R=3,C=35 || L2:[sp=C,7] S=3,R=3,X=46,K=1,Y=26,C=5",-46084.0,-1180.13,1,C|C,2
C,250,X,55,K,22,Y,56,S,3,R,3,C,35,C,7,S,3,Y,26,X,46,K,1,R,3,C,1,"L1:[sp=C,250] X=55,K=22,Y=56,S=3,R=3,C=35 || L2:[sp=C,7] S=3,Y=26,X=46,K=1,R=3,C=1",-46084.0,-1180.13,1,C|C,2
K,250,C,35,K,22,S,3,Y,55,R,3,X,10,C,43,C,1,K,1,X,10,S,3,Y,26,R,3,"L1:[sp=K,250] C=35,K=22,S=3,Y=55,R=3,X=10 || L2:[sp=C,43] C=1,K=1,X=10,S=3,Y=26,R=3",-47533.0,-1178.44,1,K|C,2
K,250,C,35,K,19,S,3,Y,55,R,3,X,35,C,43,S,3,C,1,X,35,K,1,Y,26,R,3,"L1:[sp=K,250] C=35,K=19,S=3,Y=55,R=3,X=35 || L2:[sp=C,43] S=3,C=1,X=35,K=1,Y=26,R=3",-47885.0,-1181.43,1,K|C,2
K,250,C,35,R,3,K,19,Y,55,S,3,X,35,C,43,S,3,C,1,X,35,K,1,Y,26,R,3,"L1:[sp=K,250] C=35,R=3,K=19,Y=55,S=3,X=35 || L2:[sp=C,43] S=3,C=1,X=35,K=1,Y=26,R=3",-47885.0,-1181.43,1,K|C,2
C,57,Y,12,C,33,R,3,X,55,K,39,S,3,K,32,Y,6,S,3,X,1,C,1,K,1,R,3,"L1:[sp=C,57] Y=12,C=33,R=3,X=55,K=39,S=3 || L2:[sp=K,32] Y=6,S=3,X=1,C=1,K=1,R=3",-48125.0,-1595.97,1,C|K,2
C,57,Y,12,C,33,R,3,X,55,K,39,S,3,K,32,C,1,S,3,X,1,Y,6,K,1,R,3,"L1:[sp=C,57] Y=12,C=33,R=3,X=55,K=39,S=3 || L2:[sp=K,32] C=1,S=3,X=1,Y=6,K=1,R=3",-48125.0,-1595.97,1,C|K,2
Y,250,S,3,C,43,X,55,Y,12,R,3,K,50,X,5,C,1,S,3,R,3,X,55,Y,1,K,1,"L1:[sp=Y,250] S=3,C=43,X=55,Y=12,R=3,K=50 || L2:[sp=X,5] C=1,S=3,R=3,X=55,Y=1,K=1",-49117.0,-1340.66,1,Y|X,2
K,250,C,35,R,3,S,3,Y,55,K,19,X,37,C,43,S,3,C,1,X,37,R,3,Y,26,K,1,"L1:[sp=K,250] C=35,R=3,S=3,Y=55,K=19,X=37 || L2:[sp=C,43] S=3,C=1,X=37,R=3,Y=26,K=1",-50621.0,-1182.63,1,K|C,2
K,250,R,3,C,59,K,22,S,3,Y,55,X,55,Y,1,S,3,C,1,X,52,K,1,Y,26,R,3,"L1:[sp=K,250] R=3,C=59,K=22,S=3,Y=55,X=55 || L2:[sp=Y,1] S=3,C=1,X=52,K=1,Y=26,R=3",-50691.0,-1308.84,1,K|Y,2
Y,57,Y,8,C,33,R,3,X,55,K,6,S,3,K,32,Y,1,S,3,X,1,C,1,K,1,R,3,"L1:[sp=Y,57] Y=8,C=33,R=3,X=55,K=6,S=3 || L2:[sp=K,32] Y=1,S=3,X=1,C=1,K=1,R=3",-50711.0,-1174.29,1,Y|K,2
K,250,C,35,R,3,Y,55,S,3,K,19,X,55,C,7,S,3,C,1,X,39,K,1,Y,26,R,3,"L1:[sp=K,250] C=35,R=3,Y=55,S=3,K=19,X=55 || L2:[sp=C,7] S=3,C=1,X=39,K=1,Y=26,R=3",-51303.0,-1190.29,1,K|C,2
K,250,C,53,K,5,S,3,X,55,Y,55,R,3,K,1,X,45,S,3,C,1,R,3,Y,26,K,3,"L1:[sp=K,250] C=53,K=5,S=3,X=55,Y=55,R=3 || L2:[sp=K,1] X=45,S=3,C=1,R=3,Y=26,K=3",-51843.0,-1279.2,1,K|K,2
K,250,C,39,K,5,S,3,X,45,Y,55,R,3,K,5,C,1,S,3,X,45,R,3,Y,1,K,1,"L1:[sp=K,250] C=39,K=5,S=3,X=45,Y=55,R=3 || L2:[sp=K,5] C=1,S=3,X=45,R=3,Y=1,K=1",-51845.0,-1210.3,1,K|K,2
K,250,C,35,R,3,S,3,Y,55,K,19,X,38,C,43,S,3,C,1,X,38,K,1,Y,26,R,3,"L1:[sp=K,250] C=35,R=3,S=3,Y=55,K=19,X=38 || L2:[sp=C,43] S=3,C=1,X=38,K=1,Y=26,R=3",-51989.0,-1183.23,1,K|C,2
X,250,C,40,K,16,X,23,Y,55,R,3,S,3,K,61,R,3,S,3,X,23,K,1,Y,1,C,1,"L1:[sp=X,250] C=40,K=16,X=23,Y=55,R=3,S=3 || L2:[sp=K,61] R=3,S=3,X=23,K=1,Y=1,C=1",-53001.0,-1204.37,1,X|K,2
K,250,X,22,K,46,S,3,Y,55,R,3,C,43,C,43,C,1,S,3,X,22,R,3,Y,1,K,1,"L1:[sp=K,250] X=22,K=46,S=3,Y=55,R=3,C=43 || L2:[sp=C,43] C=1,S=3,X=22,R=3,Y=1,K=1",-54655.0,-1437.84,1,K|C,2
X,250,C,40,K,46,Y,55,R,3,X,56,S,3,K,19,X,12,Y,5,C,1,K,1,S,3,R,3,"L1:[sp=X,250] C=40,K=46,Y=55,R=3,X=56,S=3 || L2:[sp=K,19] X=12,Y=5,C=1,K=1,S=3,R=3",-55301.0,-1301.49,1,X|K,2
X,250,C,16,R,3,X,55,S,3,Y,55,K,19,C,4,S,3,R,3,X,51,K,1,C,1,Y,26,"L1:[sp=X,250] C=16,R=3,X=55,S=3,Y=55,K=19 || L2:[sp=C,4] S=3,R=3,X=51,K=1,C=1,Y=26",-55313.0,-1205.61,1,X|C,2
K,250,R,3,S,3,K,19,Y,55,C,55,X,35,C,43,S,3,C,1,X,19,K,1,Y,26,R,3,"L1:[sp=K,250] R=3,S=3,K=19,Y=55,C=55,X=35 || L2:[sp=C,43] S=3,C=1,X=19,K=1,Y=26,R=3",-55409.0,-1292.38,1,K|C,2
K,250,C,35,K,19,S,3,Y,45,R,3,X,56,C,43,S,3,Y,5,X,3,K,1,C,1,R,3,"L1:[sp=K,250] C=35,K=19,S=3,Y=45,R=3,X=56 || L2:[sp=C,43] S=3,Y=5,X=3,K=1,C=1,R=3",-56435.0,-1130.27,1,K|C,2
K,250,C,64,K,11,S,3,Y,55,R,3,X,55,X,1,C,36,S,3,X,15,R,3,Y,1,K,5,"L1:[sp=K,250] C=64,K=11,S=3,Y=55,R=3,X=55 || L2:[sp=X,1] C=36,S=3,X=15,R=3,Y=1,K=5",-57026.0,-1175.2,1,K|X,2
K,250,C,2,K,11,Y,55,S,3,R,3,X,55,Y,21,C,1,S,3,X,9,R,3,Y,1,K,1,"L1:[sp=K,250] C=2,K=11,Y=55,S=3,R=3,X=55 || L2:[sp=Y,21] C=1,S=3,X=9,R=3,Y=1,K=1",-57057.0,-1183.69,1,K|Y,2
K,250,X,55,K,64,S,3,Y,55,R,3,C,7,C,43,C,1,S,3,X,22,R,3,Y,1,K,1,"L1:[sp=K,250] X=55,K=64,S=3,Y=55,R=3,C=7 || L2:[sp=C,43] C=1,S=3,X=22,R=3,Y=1,K=1",-57611.0,-1192.48,1,K|C,2
K,250,C,43,K,5,S,3,Y,55,R,3,X,55,X,55,C,41,S,3,X,29,R,3,Y,1,K,1,"L1:[sp=K,250] C=43,K=5,S=3,Y=55,R=3,X=55 || L2:[sp=X,55] C=41,S=3,X=29,R=3,Y=1,K=1",-58728.0,-1229.81,1,K|X,2
Y,250,Y,55,R,3,X,55,C,35,K,40,S,3,C,4,K,1,R,3,X,3,S,3,C,1,Y,26,"L1:[sp=Y,250] Y=55,R=3,X=55,C=35,K=40,S=3 || L2:[sp=C,4] K=1,R=3,X=3,S=3,C=1,Y=26",-58757.0,-1233.44,1,Y|C,2
Y,250,R,3,K,22,C,13,Y,41,S,3,X,55,C,1,R,3,S,3,X,55,Y,1,C,1,K,3,"L1:[sp=Y,250] R=3,K=22,C=13,Y=41,S=3,X=55 || L2:[sp=C,1] R=3,S=3,X=55,Y=1,C=1,K=3",-59948.0,-1148.78,1,Y|C,2
K,250,C,40,K,19,S,3,Y,55,R,3,X,44,C,43,C,1,S,3,X,44,K,1,Y,26,R,3,"L1:[sp=K,250] C=40,K=19,S=3,Y=55,R=3,X=44 || L2:[sp=C,43] C=1,S=3,X=44,K=1,Y=26,R=3",-60197.0,-1215.33,1,K|C,2
K,250,R,3,S,3,K,19,Y,55,C,46,X,30,C,43,S,3,K,1,X,30,C,1,Y,26,R,3,"L1:[sp=K,250] R=3,S=3,K=19,Y=55,C=46,X=30 || L2:[sp=C,43] S=3,K=1,X=30,C=1,Y=26,R=3",-61565.0,-1238.51,1,K|C,2
K,250,C,35,K,30,S,3,Y,55,R,3,X,26,C,43,S,3,C,1,X,21,K,1,Y,26,R,3,"L1:[sp=K,250] C=35,K=30,S=3,Y=55,R=3,X=26 || L2:[sp=C,43] S=3,C=1,X=21,K=1,Y=26,R=3",-61567.0,-1183.83,1,K|C,2
K,250,C,43,K,64,R,3,Y,56,S,3,X,55,C,43,C,1,Y,1,R,3,X,54,S,3,K,1,"L1:[sp=K,250] C=43,K=64,R=3,Y=56,S=3,X=55 || L2:[sp=C,43] C=1,Y=1,R=3,X=54,S=3,K=1",-62211.0,-1229.99,1,K|C,2
K,250,C,40,K,61,S,3,Y,55,R,3,X,3,K,61,S,3,R,3,X,3,K,1,Y,26,C,1,"L1:[sp=K,250] C=40,K=61,S=3,Y=55,R=3,X=3 || L2:[sp=K,61] S=3,R=3,X=3,K=1,Y=26,C=1",-62245.0,-1203.69,1,K|K,2
K,250,C,52,R,3,S,3,Y,55,X,31,K,19,C,43,S,3,X,31,C,1,K,1,Y,26,R,3,"L1:[sp=K,250] C=52,R=3,S=3,Y=55,X=31,K=19 || L2:[sp=C,43] S=3,X=31,C=1,K=1,Y=26,R=3",-63617.0,-1272.17,1,K|C,2
C,250,C,7,K,54,Y,55,X,56,R,3,S,3,C,1,X,38,S,3,K,1,R,3,Y,1,C,1,"L1:[sp=C,250] C=7,K=54,Y=55,X=56,R=3,S=3 || L2:[sp=C,1] X=38,S=3,K=1,R=3,Y=1,C=1",-64515.0,-1283.68,1,C|C,2
C,250,C,14,R,3,S,3,Y,55,X,55,K,40,C,4,S,3,R,3,X,40,Y,26,K,1,C,1,"L1:[sp=C,250] C=14,R=3,S=3,Y=55,X=55,K=40 || L2:[sp=C,4] S=3,R=3,X=40,Y=26,K=1,C=1",-64515.0,-1214.65,1,C|C,2
K,250,C,32,K,1,S,3,X,55,R,3,Y,8,Y,21,C,32,S,3,X,23,R,3,Y,1,K,1,"L1:[sp=K,250] C=32,K=1,S=3,X=55,R=3,Y=8 || L2:[sp=Y,21] C=32,S=3,X=23,R=3,Y=1,K=1",-64541.0,-1174.1,1,K|Y,2
K,250,C,39,K,2,S,3,X,46,Y,55,R,3,K,5,C,24,S,3,X,46,R,3,Y,1,K,1,"L1:[sp=K,250] C=39,K=2,S=3,X=46,Y=55,R=3 || L2:[sp=K,5] C=24,S=3,X=46,R=3,Y=1,K=1",-64589.0,-1208.89,1,K|K,2
K,250,C,35,R,3,S,3,Y,1,K,19,X,55,X,5,R,3,C,1,X,55,K,1,Y,1,S,3,"L1:[sp=K,250] C=35,R=3,S=3,Y=1,K=19,X=55 || L2:[sp=X,5] R=3,C=1,X=55,K=1,Y=1,S=3",-64693.0,-1176.64,1,K|X,2
K,250,C,35,R,3,S,3,Y,1,K,19,X,55,C,1,Y,1,C,1,X,55,K,1,S,3,R,3,"L1:[sp=K,250] C=35,R=3,S=3,Y=1,K=19,X=55 || L2:[sp=C,1] Y=1,C=1,X=55,K=1,S=3,R=3",-64693.0,-1176.64,1,K|C,2
K,250,C,35,R,3,S,3,Y,55,K,19,X,55,X,5,S,3,C,1,X,3,K,1,Y,26,R,3,"L1:[sp=K,250] C=35,R=3,S=3,Y=55,K=19,X=55 || L2:[sp=X,5] S=3,C=1,X=3,K=1,Y=26,R=3",-65667.0,-1190.29,1,K|X,2
C,250,C,40,K,56,Y,55,X,47,R,3,S,3,K,61,S,3,R,3,X,47,K,1,Y,1,C,1,"L1:[sp=C,250] C=40,K=56,Y=55,X=47,R=3,S=3 || L2:[sp=K,61] S=3,R=3,X=47,K=1,Y=1,C=1",-67685.0,-1317.37,1,C|K,2
C,250,C,40,K,56,Y,55,X,47,R,3,S,3,K,61,S,3,R,3,X,47,K,1,Y,1,C,37,"L1:[sp=C,250] C=40,K=56,Y=55,X=47,R=3,S=3 || L2:[sp=K,61] S=3,R=3,X=47,K=1,Y=1,C=37",-67685.0,-1317.37,1,C|K,2
K,250,C,35,K,19,S,3,Y,55,R,3,X,55,C,43,S,3,K,1,X,3,C,33,Y,26,R,3,"L1:[sp=K,250] C=35,K=19,S=3,Y=55,R=3,X=55 || L2:[sp=C,43] S=3,K=1,X=3,C=33,Y=26,R=3",-67719.0,-1190.29,1,K|C,2
K,250,C,23,K,19,S,3,Y,55,R,3,X,55,C,43,R,3,S,3,X,24,C,22,Y,1,K,1,"L1:[sp=K,250] C=23,K=19,S=3,Y=55,R=3,X=55 || L2:[sp=C,43] R=3,S=3,X=24,C=22,Y=1,K=1",-67720.0,-1188.1,1,K|C,2
K,250,C,34,K,11,S,3,Y,55,R,3,X,20,K,11,C,1,S,3,X,20,R,3,Y,1,K,2,"L1:[sp=K,250] C=34,K=11,S=3,Y=55,R=3,X=20 || L2:[sp=K,11] C=1,S=3,X=20,R=3,Y=1,K=2",-69127.0,-1172.97,1,K|K,2
C,250,C,10,K,1,S,3,Y,55,R,3,X,20,C,5,C,1,S,3,X,13,R,3,Y,1,K,1,"L1:[sp=C,250] C=10,K=1,S=3,Y=55,R=3,X=20 || L2:[sp=C,5] C=1,S=3,X=13,R=3,Y=1,K=1",-69313.0,-1867.17,1,C|C,2
C,250,C,21,K,54,R,3,X,56,Y,53,S,3,C,1,S,3,Y,1,K,1,R,3,X,55,C,1,"L1:[sp=C,250] C=21,K=54,R=3,X=56,Y=53,S=3 || L2:[sp=C,1] S=3,Y=1,K=1,R=3,X=55,C=1",-72541.0,-1253.55,1,C|C,2
C,250,C,21,K,47,Y,31,X,56,R,3,S,3,C,1,S,3,K,1,X,55,R,3,Y,1,C,1,"L1:[sp=C,250] C=21,K=47,Y=31,X=56,R=3,S=3 || L2:[sp=C,1] S=3,K=1,X=55,R=3,Y=1,C=1",-72541.0,-1219.03,1,C|C,2
Y,250,R,3,X,55,C,13,Y,50,S,3,K,22,C,1,R,3,S,3,X,55,Y,1,C,1,K,3,"L1:[sp=Y,250] R=3,X=55,C=13,Y=50,S=3,K=22 || L2:[sp=C,1] R=3,S=3,X=55,Y=1,C=1,K=3",-73196.0,-1123.85,1,Y|C,2
Y,250,C,53,K,11,S,3,Y,36,R,3,X,55,Y,2,X,55,S,3,R,3,C,1,Y,1,K,1,"L1:[sp=Y,250] C=53,K=11,S=3,Y=36,R=3,X=55 || L2:[sp=Y,2] X=55,S=3,R=3,C=1,Y=1,K=1",-73621.0,-1282.64,1,Y|Y,2
Y,250,K,64,C,42,S,3,X,55,R,3,Y,55,C,2,C,1,X,10,R,3,S,3,Y,1,K,1,"L1:[sp=Y,250] K=64,C=42,S=3,X=55,R=3,Y=55 || L2:[sp=C,2] C=1,X=10,R=3,S=3,Y=1,K=1",-73731.0,-1224.87,1,Y|C,2
Y,250,C,16,R,3,K,40,Y,4,S,3,X,55,C,4,S,3,R,3,X,4,K,1,C,1,Y,4,"L1:[sp=Y,250] C=16,R=3,K=40,Y=4,S=3,X=55 || L2:[sp=C,4] S=3,R=3,X=4,K=1,C=1,Y=4",-73737.0,-1172.05,1,Y|C,2
X,250,X,56,R,3,C,52,Y,55,S,3,K,19,C,4,S,3,C,1,K,1,Y,13,R,3,X,5,"L1:[sp=X,250] X=56,R=3,C=52,Y=55,S=3,K=19 || L2:[sp=C,4] S=3,C=1,K=1,Y=13,R=3,X=5",-73737.0,-1322.44,1,X|C,2
K,250,C,26,K,2,S,3,X,16,Y,55,R,3,K,1,K,1,X,16,S,3,R,3,Y,1,C,1,"L1:[sp=K,250] C=26,K=2,S=3,X=16,Y=55,R=3 || L2:[sp=K,1] K=1,X=16,S=3,R=3,Y=1,C=1",-73741.0,-1184.2,1,K|K,2
K,250,X,23,Y,55,S,3,K,60,R,3,C,43,C,43,C,1,S,3,X,23,R,3,Y,1,K,1,"L1:[sp=K,250] X=23,Y=55,S=3,K=60,R=3,C=43 || L2:[sp=C,43] C=1,S=3,X=23,R=3,Y=1,K=1",-74527.0,-1438.94,1,K|C,2
K,250,R,3,K,19,S,3,Y,55,C,10,X,55,C,43,C,7,S,3,X,45,R,3,Y,1,K,19,"L1:[sp=K,250] R=3,K=19,S=3,Y=55,C=10,X=55 || L2:[sp=C,43] C=7,S=3,X=45,R=3,Y=1,K=19",-75419.0,-1191.66,1,K|C,2
C,250,R,3,S,3,Y,55,X,15,C,35,K,64,K,32,S,3,X,15,C,1,Y,26,K,1,R,3,"L1:[sp=C,250] R=3,S=3,Y=55,X=15,C=35,K=64 || L2:[sp=K,32] S=3,X=15,C=1,Y=26,K=1,R=3",-75605.0,-1176.84,1,C|K,2
K,250,Y,55,K,11,S,3,C,42,R,3,X,55,C,2,S,3,C,1,Y,26,X,21,K,1,R,3,"L1:[sp=K,250] Y=55,K=11,S=3,C=42,R=3,X=55 || L2:[sp=C,2] S=3,C=1,Y=26,X=21,K=1,R=3",-76035.0,-1224.87,1,K|C,2
X,250,C,40,K,10,X,19,Y,55,R,3,S,3,K,61,R,3,S,3,X,19,K,1,Y,1,C,1,"L1:[sp=X,250] C=40,K=10,X=19,Y=55,R=3,S=3 || L2:[sp=K,61] R=3,S=3,X=19,K=1,Y=1,C=1",-76623.0,-1222.86,1,X|K,2
C,250,C,35,R,3,K,19,X,23,S,3,Y,55,C,43,S,3,C,1,X,23,K,14,Y,26,R,3,"L1:[sp=C,250] C=35,R=3,K=19,X=23,S=3,Y=55 || L2:[sp=C,43] S=3,C=1,X=23,K=14,Y=26,R=3",-77017.0,-1246.7,1,C|C,2
Y,250,Y,55,X,55,R,3,C,35,K,40,S,3,C,4,K,1,R,3,X,5,S,3,C,1,Y,26,"L1:[sp=Y,250] Y=55,X=55,R=3,C=35,K=40,S=3 || L2:[sp=C,4] K=1,R=3,X=5,S=3,C=1,Y=26",-78341.0,-1233.44,1,Y|C,2
X,250,R,3,K,32,Y,55,C,35,X,14,S,3,C,17,X,14,Y,13,C,1,K,1,S,3,R,3,"L1:[sp=X,250] R=3,K=32,Y=55,C=35,X=14,S=3 || L2:[sp=C,17] X=14,Y=13,C=1,K=1,S=3,R=3",-80645.0,-1185.93,1,X|C,2
X,250,R,3,K,41,Y,55,C,35,X,14,S,3,C,17,X,3,Y,13,C,1,K,1,S,3,R,3,"L1:[sp=X,250] R=3,K=41,Y=55,C=35,X=14,S=3 || L2:[sp=C,17] X=3,Y=13,C=1,K=1,S=3,R=3",-80645.0,-1234.46,1,X|C,2
X,250,R,3,K,32,Y,55,S,3,X,14,C,43,C,17,X,14,Y,13,C,1,K,1,S,3,R,3,"L1:[sp=X,250] R=3,K=32,Y=55,S=3,X=14,C=43 || L2:[sp=C,17] X=14,Y=13,C=1,K=1,S=3,R=3",-80645.0,-1233.54,1,X|C,2
K,250,X,55,K,5,S,3,Y,55,R,3,C,8,X,55,C,1,S,3,X,28,R,3,Y,1,K,1,"L1:[sp=K,250] X=55,K=5,S=3,Y=55,R=3,C=8 || L2:[sp=X,55] C=1,S=3,X=28,R=3,Y=1,K=1",-80649.0,-1177.12,1,K|X,2
K,250,C,35,R,3,S,3,Y,55,K,42,X,9,C,43,S,3,C,1,X,9,K,5,Y,26,R,3,"L1:[sp=K,250] C=35,R=3,S=3,Y=55,K=42,X=9 || L2:[sp=C,43] S=3,C=1,X=9,K=5,Y=26,R=3",-81661.0,-1176.64,1,K|C,2
K,250,C,18,K,19,R,3,X,20,S,3,Y,55,C,43,S,3,C,1,X,20,K,1,Y,26,R,3,"L1:[sp=K,250] C=18,K=19,R=3,X=20,S=3,Y=55 || L2:[sp=C,43] S=3,C=1,X=20,K=1,Y=26,R=3",-82093.0,-1154.31,1,K|C,2
K,250,C,42,S,3,R,3,Y,55,K,43,X,14,C,43,S,3,C,1,X,14,K,1,Y,26,R,3,"L1:[sp=K,250] C=42,S=3,R=3,Y=55,K=43,X=14 || L2:[sp=C,43] S=3,C=1,X=14,K=1,Y=26,R=3",-86697.0,-1215.23,1,K|C,2
K,250,C,42,R,3,S,3,Y,4,K,43,X,55,C,43,S,3,C,1,X,4,Y,4,K,1,R,3,"L1:[sp=K,250] C=42,R=3,S=3,Y=4,K=43,X=55 || L2:[sp=C,43] S=3,C=1,X=4,Y=4,K=1,R=3",-86717.0,-1215.23,1,K|C,2
K,250,C,35,K,30,S,3,Y,55,R,3,X,55,C,43,S,3,C,1,X,15,K,1,Y,36,R,3,"L1:[sp=K,250] C=35,K=30,S=3,Y=55,R=3,X=55 || L2:[sp=C,43] S=3,C=1,X=15,K=1,Y=36,R=3",-87483.0,-1190.29,1,K|C,2
K,250,C,35,R,3,S,3,Y,55,K,19,X,55,X,5,S,3,C,1,X,10,K,1,Y,26,R,3,"L1:[sp=K,250] C=35,R=3,S=3,Y=55,K=19,X=55 || L2:[sp=X,5] S=3,C=1,X=10,K=1,Y=26,R=3",-87555.0,-1190.29,1,K|X,2
X,250,Y,55,K,16,R,3,C,40,S,3,X,56,K,16,R,3,S,3,K,1,X,35,Y,26,C,1,"L1:[sp=X,250] Y=55,K=16,R=3,C=40,S=3,X=56 || L2:[sp=K,16] R=3,S=3,K=1,X=35,Y=26,C=1",-87561.0,-1215.19,1,X|K,2
K,250,C,43,K,19,S,3,Y,55,R,3,X,43,C,43,R,3,S,3,X,43,C,1,K,12,Y,17,"L1:[sp=K,250] C=43,K=19,S=3,Y=55,R=3,X=43 || L2:[sp=C,43] R=3,S=3,X=43,C=1,K=12,Y=17",-88241.0,-1231.7,1,K|C,2
K,250,C,52,X,55,S,3,Y,12,R,3,K,31,Y,21,C,40,S,3,X,1,R,3,Y,1,K,1,"L1:[sp=K,250] C=52,X=55,S=3,Y=12,R=3,K=31 || L2:[sp=Y,21] C=40,S=3,X=1,R=3,Y=1,K=1",-89291.0,-1271.28,1,K|Y,2
C,250,X,55,C,26,Y,1,S,3,R,3,K,64,Y,5,S,3,C,1,X,55,K,1,Y,1,R,3,"L1:[sp=C,250] X=55,C=26,Y=1,S=3,R=3,K=64 || L2:[sp=Y,5] S=3,C=1,X=55,K=1,Y=1,R=3",-89371.0,-1175.2,1,C|Y,2
K,250,X,26,K,64,S,3,Y,55,R,3,C,36,C,43,C,1,Y,1,R,3,X,26,S,3,K,1,"L1:[sp=K,250] X=26,K=64,S=3,Y=55,R=3,C=36 || L2:[sp=C,43] C=1,Y=1,R=3,X=26,S=3,K=1",-89863.0,-1368.19,1,K|C,2
K,250,C,4,K,2,S,3,Y,55,R,3,X,55,K,1,C,4,S,3,X,28,R,3,K,1,Y,17,"L1:[sp=K,250] C=4,K=2,S=3,Y=55,R=3,X=55 || L2:[sp=K,1] C=4,S=3,X=28,R=3,K=1,Y=17",-89873.0,-1174.55,1,K|K,2
C,250,C,54,K,56,Y,55,X,47,R,3,S,3,K,61,S,3,R,3,X,47,K,1,Y,1,C,1,"L1:[sp=C,250] C=54,K=56,Y=55,X=47,R=3,S=3 || L2:[sp=K,61] S=3,R=3,X=47,K=1,Y=1,C=1",-91373.0,-1317.37,1,C|K,2
Y,250,C,64,K,28,Y,55,R,3,X,56,S,3,K,19,X,23,C,1,Y,5,K,1,S,3,R,3,"L1:[sp=Y,250] C=64,K=28,Y=55,R=3,X=56,S=3 || L2:[sp=K,19] X=23,C=1,Y=5,K=1,S=3,R=3",-92164.0,-1224.51,1,Y|K,2
C,250,C,10,S,3,K,1,Y,55,R,3,X,55,Y,21,C,1,S,3,X,38,R,3,Y,1,K,1,"L1:[sp=C,250] C=10,S=3,K=1,Y=55,R=3,X=55 || L2:[sp=Y,21] C=1,S=3,X=38,R=3,Y=1,K=1",-92225.0,-1175.2,1,C|Y,2
K,265,X,19,R,3,Y,55,C,45,S,3,K,64,C,43,X,1,S,3,K,1,C,1,R,3,Y,1,"L1:[sp=K,265] X=19,R=3,Y=55,C=45,S=3,K=64 || L2:[sp=C,43] X=1,S=3,K=1,C=1,R=3,Y=1",-93319.0,-1455.33,1,K|C,2
K,265,Y,55,R,3,X,25,C,45,S,3,K,24,C,9,X,1,S,3,K,1,C,1,R,3,Y,1,"L1:[sp=K,265] Y=55,R=3,X=25,C=45,S=3,K=24 || L2:[sp=C,9] X=1,S=3,K=1,C=1,R=3,Y=1",-93319.0,-1462.26,1,K|C,2
K,265,Y,55,C,45,X,6,R,3,S,3,K,64,C,43,X,1,C,1,K,1,S,3,R,3,Y,1,"L1:[sp=K,265] Y=55,C=45,X=6,R=3,S=3,K=64 || L2:[sp=C,43] X=1,C=1,K=1,S=3,R=3,Y=1",-93331.0,-1230.74,1,K|C,2
K,265,Y,55,C,45,X,6,R,3,K,64,S,3,C,43,X,1,C,1,K,1,S,3,R,3,Y,1,"L1:[sp=K,265] Y=55,C=45,X=6,R=3,K=64,S=3 || L2:[sp=C,43] X=1,C=1,K=1,S=3,R=3,Y=1",-93331.0,-1230.74,1,K|C,2
K,265,Y,55,R,3,X,4,C,45,S,3,K,64,C,43,X,1,S,3,K,1,C,1,R,3,Y,1,"L1:[sp=K,265] Y=55,R=3,X=4,C=45,S=3,K=64 || L2:[sp=C,43] X=1,S=3,K=1,C=1,R=3,Y=1",-93341.0,-2683.82,1,K|C,2
K,265,Y,55,R,3,X,4,C,55,S,3,K,64,C,43,X,1,S,3,K,36,C,1,R,3,Y,1,"L1:[sp=K,265] Y=55,R=3,X=4,C=55,S=3,K=64 || L2:[sp=C,43] X=1,S=3,K=36,C=1,R=3,Y=1",-93341.0,-3060.83,1,K|C,2
K,250,Y,55,X,12,S,3,R,3,C,40,K,44,C,43,S,3,C,1,X,12,K,1,Y,26,R,3,"L1:[sp=K,250] Y=55,X=12,S=3,R=3,C=40,K=44 || L2:[sp=C,43] S=3,C=1,X=12,K=1,Y=26,R=3",-95051.0,-1602.96,1,K|C,2
K,250,C,43,K,21,R,3,Y,55,S,3,X,55,Y,21,C,1,Y,1,X,46,S,3,K,5,R,3,"L1:[sp=K,250] C=43,K=21,R=3,Y=55,S=3,X=55 || L2:[sp=Y,21] C=1,Y=1,X=46,S=3,K=5,R=3",-96771.0,-1229.81,1,K|Y,2
C,250,K,19,S,3,C,5,X,55,Y,55,R,3,C,2,C,1,S,3,R,3,X,35,Y,51,K,1,"L1:[sp=C,250] K=19,S=3,C=5,X=55,Y=55,R=3 || L2:[sp=C,2] C=1,S=3,R=3,X=35,Y=51,K=1",-98501.0,-1204.78,1,C|C,2
K,97,S,3,Y,55,K,11,R,3,X,55,C,10,K,1,R,3,X,38,K,1,S,3,Y,1,C,7,"L1:[sp=K,97] S=3,Y=55,K=11,R=3,X=55,C=10 || L2:[sp=K,1] R=3,X=38,K=1,S=3,Y=1,C=7",-99800.0,-1191.66,1,K|K,2
K,250,C,38,K,5,S,3,Y,55,R,3,X,55,X,55,C,1,S,3,X,35,R,3,Y,1,K,1,"L1:[sp=K,250] C=38,K=5,S=3,Y=55,R=3,X=55 || L2:[sp=X,55] C=1,S=3,X=35,R=3,Y=1,K=1",-100803.0,-1205.11,1,K|X,2
X,250,X,44,K,61,S,3,Y,55,R,3,C,43,K,61,R,3,S,3,X,44,K,1,Y,26,C,1,"L1:[sp=X,250] X=44,K=61,S=3,Y=55,R=3,C=43 || L2:[sp=K,61] R=3,S=3,X=44,K=1,Y=26,C=1",-101381.0,-1423.48,1,X|K,2
Y,250,C,50,S,3,K,50,Y,55,R,3,X,20,K,31,X,20,S,3,R,3,C,1,Y,1,K,1,"L1:[sp=Y,250] C=50,S=3,K=50,Y=55,R=3,X=20 || L2:[sp=K,31] X=20,S=3,R=3,C=1,Y=1,K=1",-103693.0,-1416.16,1,Y|K,2
X,250,C,40,K,16,R,3,Y,55,X,46,S,3,K,61,R,3,S,3,K,1,X,46,Y,1,C,1,"L1:[sp=X,250] C=40,K=16,R=3,Y=55,X=46,S=3 || L2:[sp=K,61] R=3,S=3,K=1,X=46,Y=1,C=1",-105993.0,-1204.03,1,X|K,2
K,250,C,64,X,47,S,3,K,19,R,3,Y,55,K,19,S,3,C,1,X,47,K,1,Y,26,R,3,"L1:[sp=K,250] C=64,X=47,S=3,K=19,R=3,Y=55 || L2:[sp=K,19] S=3,C=1,X=47,K=1,Y=26,R=3",-108291.0,-1186.16,1,K|K,2
K,250,C,35,K,19,S,3,Y,55,R,3,X,55,X,11,Y,26,C,1,X,5,K,1,S,3,R,3,"L1:[sp=K,250] C=35,K=19,S=3,Y=55,R=3,X=55 || L2:[sp=X,11] Y=26,C=1,X=5,K=1,S=3,R=3",-109443.0,-1190.29,1,K|X,2
K,250,C,8,K,5,S,3,X,55,R,3,Y,55,K,1,C,1,S,3,X,35,Y,26,R,3,K,1,"L1:[sp=K,250] C=8,K=5,S=3,X=55,R=3,Y=55 || L2:[sp=K,1] C=1,S=3,X=35,Y=26,R=3,K=1",-109449.0,-1177.12,1,K|K,2
K,250,C,14,Y,55,S,3,K,19,R,3,X,32,C,43,S,3,X,32,C,1,K,1,Y,26,R,3,"L1:[sp=K,250] C=14,Y=55,S=3,K=19,R=3,X=32 || L2:[sp=C,43] S=3,X=32,C=1,K=1,Y=26,R=3",-109451.0,-1135.26,1,K|C,2
X,250,C,43,K,64,S,3,Y,42,R,3,X,55,Y,21,C,1,S,3,X,1,R,3,Y,1,K,1,"L1:[sp=X,250] C=43,K=64,S=3,Y=42,R=3,X=55 || L2:[sp=Y,21] C=1,S=3,X=1,R=3,Y=1,K=1",-110597.0,-1230.96,1,X|Y,2
Y,250,S,3,K,64,C,53,Y,55,R,3,X,50,C,43,C,1,S,3,X,18,K,1,R,3,Y,1,"L1:[sp=Y,250] S=3,K=64,C=53,Y=55,R=3,X=50 || L2:[sp=C,43] C=1,S=3,X=18,K=1,R=3,Y=1",-110597.0,-1294.89,1,Y|C,2
X,250,X,55,Y,56,K,33,S,3,R,3,C,16,C,7,S,3,R,3,X,46,K,1,Y,26,C,1,"L1:[sp=X,250] X=55,Y=56,K=33,S=3,R=3,C=16 || L2:[sp=C,7] S=3,R=3,X=46,K=1,Y=26,C=1",-110601.0,-1181.77,1,X|C,2
K,250,C,43,K,19,S,3,Y,4,R,3,X,55,C,43,R,3,S,3,X,24,C,1,Y,1,K,1,"L1:[sp=K,250] C=43,K=19,S=3,Y=4,R=3,X=55 || L2:[sp=C,43] R=3,S=3,X=24,C=1,Y=1,K=1",-110837.0,-1220.66,1,K|C,2
K,250,C,35,Y,1,S,3,R,3,K,19,X,55,C,43,S,3,C,1,X,24,K,1,Y,1,R,3,"L1:[sp=K,250] C=35,Y=1,S=3,R=3,K=19,X=55 || L2:[sp=C,43] S=3,C=1,X=24,K=1,Y=1,R=3",-110917.0,-1176.64,1,K|C,2
X,61,S,3,C,10,K,29,Y,56,R,3,X,56,C,10,R,3,C,7,X,1,S,3,Y,50,K,1,"L1:[sp=X,61] S=3,C=10,K=29,Y=56,R=3,X=56 || L2:[sp=C,10] R=3,C=7,X=1,S=3,Y=50,K=1",-112918.0,-1259.14,1,X|C,2
X,61,S,3,C,10,Y,56,K,31,R,3,X,56,C,10,R,3,C,7,X,1,S,3,Y,50,K,1,"L1:[sp=X,61] S=3,C=10,Y=56,K=31,R=3,X=56 || L2:[sp=C,10] R=3,C=7,X=1,S=3,Y=50,K=1",-112918.0,-1275.32,1,X|C,2
K,250,C,12,K,19,S,3,Y,55,R,3,X,5,C,43,S,3,C,1,X,3,K,1,Y,26,R,3,"L1:[sp=K,250] C=12,K=19,S=3,Y=55,R=3,X=5 || L2:[sp=C,43] S=3,C=1,X=3,K=1,Y=26,R=3",-112927.0,-1123.18,1,K|C,2
K,250,K,33,X,55,S,3,Y,32,R,3,C,43,X,1,C,1,S,3,X,55,Y,1,R,3,K,1,"L1:[sp=K,250] K=33,X=55,S=3,Y=32,R=3,C=43 || L2:[sp=X,1] C=1,S=3,X=55,Y=1,R=3,K=1",-114013.0,-1330.35,1,K|X,2
K,250,C,35,K,44,S,3,Y,55,R,3,X,37,C,43,S,3,C,1,X,37,K,1,R,3,Y,26,"L1:[sp=K,250] C=35,K=44,S=3,Y=55,R=3,X=37 || L2:[sp=C,43] S=3,C=1,X=37,K=1,R=3,Y=26",-117221.0,-1182.63,1,K|C,2
C,57,Y,55,C,33,R,3,X,55,K,3,S,3,K,32,Y,1,S,3,X,15,C,30,R,3,K,2,"L1:[sp=C,57] Y=55,C=33,R=3,X=55,K=3,S=3 || L2:[sp=K,32] Y=1,S=3,X=15,C=30,R=3,K=2",-117635.0,-1180.13,1,C|K,2
K,250,C,14,R,3,S,3,Y,55,K,19,X,23,C,43,S,3,C,1,X,23,K,1,Y,26,R,3,"L1:[sp=K,250] C=14,R=3,S=3,Y=55,K=19,X=23 || L2:[sp=C,43] S=3,C=1,X=23,K=1,Y=26,R=3",-118006.0,-1136.75,1,K|C,2
X,250,C,40,K,32,R,3,Y,55,S,3,X,52,K,19,X,52,Y,1,C,1,K,1,S,3,R,3,"L1:[sp=X,250] C=40,K=32,R=3,Y=55,S=3,X=52 || L2:[sp=K,19] X=52,Y=1,C=1,K=1,S=3,R=3",-119813.0,-1204.03,1,X|K,2
K,250,C,3,R,3,S,3,Y,55,K,22,X,56,C,43,S,3,C,1,X,20,K,1,Y,26,R,3,"L1:[sp=K,250] C=3,R=3,S=3,Y=55,K=22,X=56 || L2:[sp=C,43] S=3,C=1,X=20,K=1,Y=26,R=3",-121991.0,-1191.64,1,K|C,2
X,250,R,3,C,36,K,19,S,3,Y,55,X,55,C,7,S,3,C,1,X,43,K,14,Y,26,R,3,"L1:[sp=X,250] R=3,C=36,K=19,S=3,Y=55,X=55 || L2:[sp=C,7] S=3,C=1,X=43,K=14,Y=26,R=3",-122769.0,-1228.51,1,X|C,2
X,250,C,40,K,19,R,3,X,56,Y,27,S,3,K,61,R,3,S,3,K,1,X,1,Y,1,C,1,"L1:[sp=X,250] C=40,K=19,R=3,X=56,Y=27,S=3 || L2:[sp=K,61] R=3,S=3,K=1,X=1,Y=1,C=1",-124433.0,-1191.91,1,X|K,2
X,250,C,40,K,44,Y,55,R,3,X,45,S,3,K,19,R,3,Y,1,X,45,K,1,S,3,C,1,"L1:[sp=X,250] C=40,K=44,Y=55,R=3,X=45,S=3 || L2:[sp=K,19] R=3,Y=1,X=45,K=1,S=3,C=1",-129605.0,-1277.99,1,X|K,2
K,250,X,55,K,46,S,3,Y,36,R,3,C,43,C,43,C,1,S,3,X,51,R,3,Y,1,K,1,"L1:[sp=K,250] X=55,K=46,S=3,Y=36,R=3,C=43 || L2:[sp=C,43] C=1,S=3,X=51,R=3,Y=1,K=1",-134141.0,-1333.3,1,K|C,2
C,250,C,40,K,19,Y,55,X,48,R,3,S,3,K,61,S,3,R,3,X,48,K,1,Y,1,C,1,"L1:[sp=C,250] C=40,K=19,Y=55,X=48,R=3,S=3 || L2:[sp=K,61] S=3,R=3,X=48,K=1,Y=1,C=1",-138249.0,-1255.74,1,C|K,2
Y,585,Y,1,R,3,C,61,S,3,X,19,K,64,K,44,K,1,Y,1,S,3,R,3,C,1,X,17,"L1:[sp=Y,585] Y=1,R=3,C=61,S=3,X=19,K=64 || L2:[sp=K,44] K=1,Y=1,S=3,R=3,C=1,X=17",-138259.0,-8207.2,1,Y|K,2
K,250,C,59,S,3,Y,31,K,61,R,3,X,55,Y,21,C,1,S,3,X,1,R,3,Y,1,K,5,"L1:[sp=K,250] C=59,S=3,Y=31,K=61,R=3,X=55 || L2:[sp=Y,21] C=1,S=3,X=1,R=3,Y=1,K=5",-140549.0,-1310.53,1,K|Y,2
K,97,K,31,Y,7,S,3,R,3,X,55,C,10,Y,55,R,3,S,3,K,1,X,1,Y,1,C,7,"L1:[sp=K,97] K=31,Y=7,S=3,R=3,X=55,C=10 || L2:[sp=Y,55] R=3,S=3,K=1,X=1,Y=1,C=7",-140673.0,-2142.96,1,K|Y,2
K,250,C,35,R,3,K,41,Y,1,X,56,S,3,X,4,S,3,X,55,C,1,K,1,Y,1,R,3,"L1:[sp=K,250] C=35,R=3,K=41,Y=1,X=56,S=3 || L2:[sp=X,4] S=3,X=55,C=1,K=1,Y=1,R=3",-140725.0,-1130.27,1,K|X,2
K,250,Y,55,K,3,S,3,R,3,C,50,X,55,C,1,Y,10,K,1,C,1,S,3,X,33,R,3,"L1:[sp=K,250] Y=55,K=3,S=3,R=3,C=50,X=55 || L2:[sp=C,1] Y=10,K=1,C=1,S=3,X=33,R=3",-145155.0,-1264.38,1,K|C,2
Y,250,C,43,R,3,S,3,Y,36,K,16,X,55,X,1,C,1,S,3,R,3,Y,1,X,55,K,1,"L1:[sp=Y,250] C=43,R=3,S=3,Y=36,K=16,X=55 || L2:[sp=X,1] C=1,S=3,R=3,Y=1,X=55,K=1",-147385.0,-1220.29,1,Y|X,2
X,265,Y,55,R,3,X,4,C,27,S,3,K,64,X,4,X,1,S,3,K,35,C,1,R,3,Y,10,"L1:[sp=X,265] Y=55,R=3,X=4,C=27,S=3,K=64 || L2:[sp=X,4] X=1,S=3,K=35,C=1,R=3,Y=10",-147460.0,-1200.62,1,X|X,2
X,250,C,35,K,16,R,3,Y,55,X,2,S,3,K,61,X,2,R,3,K,2,Y,46,S,3,C,1,"L1:[sp=X,250] C=35,K=16,R=3,Y=55,X=2,S=3 || L2:[sp=K,61] X=2,R=3,K=2,Y=46,S=3,C=1",-147473.0,-1203.3,1,X|K,2
K,250,C,23,K,51,S,3,R,3,Y,55,X,6,C,43,K,1,X,6,Y,26,S,3,C,1,R,3,"L1:[sp=K,250] C=23,K=51,S=3,R=3,Y=55,X=6 || L2:[sp=C,43] K=1,X=6,Y=26,S=3,C=1,R=3",-148744.0,-1159.14,1,K|C,2
C,250,K,63,Y,37,C,42,S,3,R,3,X,55,Y,21,C,37,S,3,R,3,X,4,Y,1,K,4,"L1:[sp=C,250] K=63,Y=37,C=42,S=3,R=3,X=55 || L2:[sp=Y,21] C=37,S=3,R=3,X=4,Y=1,K=4",-149693.0,-1343.67,1,C|Y,2
K,250,C,10,K,26,S,3,Y,55,R,3,X,55,Y,21,C,1,S,3,X,22,R,3,Y,1,K,1,"L1:[sp=K,250] C=10,K=26,S=3,Y=55,R=3,X=55 || L2:[sp=Y,21] C=1,S=3,X=22,R=3,Y=1,K=1",-149768.0,-1191.66,1,K|Y,2
K,250,C,43,X,55,S,3,Y,6,R,3,K,29,Y,21,C,22,S,3,X,1,R,3,Y,1,K,1,"L1:[sp=K,250] C=43,X=55,S=3,Y=6,R=3,K=29 || L2:[sp=Y,21] C=22,S=3,X=1,R=3,Y=1,K=1",-150355.0,-1219.92,1,K|Y,2
K,250,C,10,K,19,S,3,Y,55,R,3,X,55,C,43,S,3,C,7,X,36,R,3,Y,1,K,1,"L1:[sp=K,250] C=10,K=19,S=3,Y=55,R=3,X=55 || L2:[sp=C,43] S=3,C=7,X=36,R=3,Y=1,K=1",-150830.0,-1191.66,1,K|C,2
C,250,X,55,R,3,Y,55,C,45,S,3,K,19,C,4,S,3,R,3,X,43,Y,13,K,1,C,1,"L1:[sp=C,250] X=55,R=3,Y=55,C=45,S=3,K=19 || L2:[sp=C,4] S=3,R=3,X=43,Y=13,K=1,C=1",-152069.0,-1204.78,1,C|C,2
C,57,Y,55,C,43,R,3,X,55,K,3,S,3,K,32,Y,1,S,3,X,9,C,1,K,2,R,3,"L1:[sp=C,57] Y=55,C=43,R=3,X=55,K=3,S=3 || L2:[sp=K,32] Y=1,S=3,X=9,C=1,K=2,R=3",-153275.0,-1180.13,1,C|K,2
C,250,C,40,K,56,Y,55,X,54,R,3,S,3,K,61,S,3,R,3,X,54,K,1,Y,10,C,1,"L1:[sp=C,250] C=40,K=56,Y=55,X=54,R=3,S=3 || L2:[sp=K,61] S=3,R=3,X=54,K=1,Y=10,C=1",-155523.0,-1293.54,1,C|K,2
K,250,C,43,K,5,S,3,Y,55,R,3,X,1,X,55,C,1,S,3,X,1,R,3,Y,1,K,1,"L1:[sp=K,250] C=43,K=5,S=3,Y=55,R=3,X=1 || L2:[sp=X,55] C=1,S=3,X=1,R=3,Y=1,K=1",-155629.0,-1219.92,1,K|X,2
K,250,C,43,X,55,S,3,Y,6,R,3,K,31,Y,21,C,1,S,3,X,1,R,3,Y,1,K,1,"L1:[sp=K,250] C=43,X=55,S=3,Y=6,R=3,K=31 || L2:[sp=Y,21] C=1,S=3,X=1,R=3,Y=1,K=1",-160723.0,-1219.92,1,K|Y,2
C,250,C,35,K,54,X,33,Y,55,R,3,S,3,K,61,S,3,R,3,X,33,K,1,Y,5,C,1,"L1:[sp=C,250] C=35,K=54,X=33,Y=55,R=3,S=3 || L2:[sp=K,61] S=3,R=3,X=33,K=1,Y=5,C=1",-166325.0,-1296.01,1,C|K,2
K,250,C,38,R,3,S,3,Y,7,K,19,X,55,C,43,S,3,C,1,X,45,K,1,Y,7,R,3,"L1:[sp=K,250] C=38,R=3,S=3,Y=7,K=19,X=55 || L2:[sp=C,43] S=3,C=1,X=45,K=1,Y=7,R=3",-172385.0,-1193.52,1,K|C,2
K,250,C,53,K,5,S,3,X,10,Y,55,R,3,K,1,C,1,S,3,X,10,R,3,Y,1,K,1,"L1:[sp=K,250] C=53,K=5,S=3,X=10,Y=55,R=3 || L2:[sp=K,1] C=1,S=3,X=10,R=3,Y=1,K=1",-172813.0,-1276.75,1,K|K,2
X,250,C,35,R,3,S,3,X,38,K,16,Y,55,K,19,Y,26,C,1,X,38,K,1,S,3,R,3,"L1:[sp=X,250] C=35,R=3,S=3,X=38,K=16,Y=55 || L2:[sp=K,19] Y=26,C=1,X=38,K=1,S=3,R=3",-175113.0,-1176.94,1,X|K,2
K,250,C,35,R,3,S,3,Y,55,K,58,X,43,C,43,K,1,C,1,X,43,S,3,Y,26,R,3,"L1:[sp=K,250] C=35,R=3,S=3,Y=55,K=58,X=43 || L2:[sp=C,43] K=1,C=1,X=43,S=3,Y=26,R=3",-179573.0,-1186.23,1,K|C,2
C,250,K,33,R,3,S,3,X,52,C,43,Y,55,C,43,S,3,X,52,C,3,K,1,Y,1,R,3,"L1:[sp=C,250] K=33,R=3,S=3,X=52,C=43,Y=55 || L2:[sp=C,43] S=3,X=52,C=3,K=1,Y=1,R=3",-179717.0,-1208.07,1,C|C,2
C,250,K,54,C,21,Y,55,X,56,R,3,S,3,C,1,S,3,R,3,K,1,X,39,Y,1,C,1,"L1:[sp=C,250] K=54,C=21,Y=55,X=56,R=3,S=3 || L2:[sp=C,1] S=3,R=3,K=1,X=39,Y=1,C=1",-181443.0,-1283.68,1,C|C,2
C,250,C,35,K,47,Y,55,X,56,R,3,S,3,X,14,S,3,K,1,X,9,R,3,Y,1,C,1,"L1:[sp=C,250] C=35,K=47,Y=55,X=56,R=3,S=3 || L2:[sp=X,14] S=3,K=1,X=9,R=3,Y=1,C=1",-181443.0,-1249.16,1,C|X,2
K,250,Y,55,R,3,S,3,C,43,K,41,X,41,C,43,Y,17,C,1,X,41,S,3,K,1,R,3,"L1:[sp=K,250] Y=55,R=3,S=3,C=43,K=41,X=41 || L2:[sp=C,43] Y=17,C=1,X=41,S=3,K=1,R=3",-181553.0,-1230.23,1,K|C,2
C,250,C,25,R,3,X,55,Y,55,S,3,K,40,C,4,S,3,R,3,X,31,Y,26,K,1,C,1,"L1:[sp=C,250] C=25,R=3,X=55,Y=55,S=3,K=40 || L2:[sp=C,4] S=3,R=3,X=31,Y=26,K=1,C=1",-185475.0,-1214.65,1,C|C,2
K,250,R,3,K,54,S,3,Y,55,C,45,X,55,Y,21,C,1,Y,1,R,3,S,3,K,22,X,12,"L1:[sp=K,250] R=3,K=54,S=3,Y=55,C=45,X=55 || L2:[sp=Y,21] C=1,Y=1,R=3,S=3,K=22,X=12",-186627.0,-1239.69,1,K|Y,2
K,250,C,60,K,64,S,3,R,3,Y,55,X,9,C,43,S,3,C,1,X,9,K,1,Y,26,R,3,"L1:[sp=K,250] C=60,K=64,S=3,R=3,Y=55,X=9 || L2:[sp=C,43] S=3,C=1,X=9,K=1,Y=26,R=3",-186637.0,-1311.89,1,K|C,2
K,250,C,18,K,3,S,3,Y,55,R,3,X,2,C,1,C,1,S,3,X,2,K,1,Y,26,R,3,"L1:[sp=K,250] C=18,K=3,S=3,Y=55,R=3,X=2 || L2:[sp=C,1] C=1,S=3,X=2,K=1,Y=26,R=3",-186733.0,-1152.46,1,K|C,2
Y,57,Y,30,C,33,R,3,X,55,K,6,S,3,K,32,Y,1,S,3,X,1,C,1,K,1,R,3,"L1:[sp=Y,57] Y=30,C=33,R=3,X=55,K=6,S=3 || L2:[sp=K,32] Y=1,S=3,X=1,C=1,K=1,R=3",-190103.0,-1171.47,1,Y|K,2
Y,57,Y,8,C,33,R,3,K,6,X,55,S,3,C,3,Y,1,S,3,X,1,C,21,K,1,R,3,"L1:[sp=Y,57] Y=8,C=33,R=3,K=6,X=55,S=3 || L2:[sp=C,3] Y=1,S=3,X=1,C=21,K=1,R=3",-193559.0,-1174.29,1,Y|C,2
C,250,C,40,K,56,Y,55,X,1,R,3,S,3,K,61,S,3,R,3,Y,7,K,1,X,1,C,1,"L1:[sp=C,250] C=40,K=56,Y=55,X=1,R=3,S=3 || L2:[sp=K,61] S=3,R=3,Y=7,K=1,X=1,C=1",-194509.0,-1308.06,1,C|K,2
X,250,C,40,K,55,Y,55,S,3,X,26,R,3,K,5,S,3,R,3,K,1,X,26,Y,1,C,1,"L1:[sp=X,250] C=40,K=55,Y=55,S=3,X=26,R=3 || L2:[sp=K,5] S=3,R=3,K=1,X=26,Y=1,C=1",-194693.0,-1346.14,1,X|K,2
K,250,C,43,K,5,S,3,Y,55,R,3,X,34,K,1,C,1,S,3,X,34,R,3,Y,1,K,1,"L1:[sp=K,250] C=43,K=5,S=3,Y=55,R=3,X=34 || L2:[sp=K,1] C=1,S=3,X=34,R=3,Y=1,K=1",-195845.0,-1225.07,1,K|K,2
K,250,C,35,R,3,S,3,Y,55,K,19,X,55,K,1,S,3,C,1,X,9,K,1,Y,26,R,3,"L1:[sp=K,250] C=35,R=3,S=3,Y=55,K=19,X=55 || L2:[sp=K,1] S=3,C=1,X=9,K=1,Y=26,R=3",-196995.0,-1190.29,1,K|K,2
K,250,X,55,K,19,S,3,R,3,Y,55,C,1,C,43,K,1,X,15,Y,13,C,1,S,3,R,3,"L1:[sp=K,250] X=55,K=19,S=3,R=3,Y=55,C=1 || L2:[sp=C,43] K=1,X=15,Y=13,C=1,S=3,R=3",-197057.0,-1192.46,1,K|C,2
C,250,C,43,K,47,Y,55,X,56,R,3,S,3,C,1,S,3,K,1,X,46,R,3,Y,1,C,1,"L1:[sp=C,250] C=43,K=47,Y=55,X=56,R=3,S=3 || L2:[sp=C,1] S=3,K=1,X=46,R=3,Y=1,C=1",-198147.0,-1249.16,1,C|C,2
K,250,C,35,R,3,K,64,Y,55,S,3,X,43,C,43,S,3,R,3,X,43,K,1,Y,26,C,1,"L1:[sp=K,250] C=35,R=3,K=64,Y=55,S=3,X=43 || L2:[sp=C,43] S=3,R=3,X=43,K=1,Y=26,C=1",-198149.0,-1186.23,1,K|C,2
C,250,R,3,X,55,Y,55,S,3,C,35,K,19,K,32,X,22,S,3,C,1,Y,19,K,1,R,3,"L1:[sp=C,250] R=3,X=55,Y=55,S=3,C=35,K=19 || L2:[sp=K,32] X=22,S=3,C=1,Y=19,K=1,R=3",-201605.0,-1204.78,1,C|K,2
X,265,Y,55,R,3,X,4,C,27,S,3,K,64,C,3,X,1,S,3,K,35,C,1,R,3,Y,10,"L1:[sp=X,265] Y=55,R=3,X=4,C=27,S=3,K=64 || L2:[sp=C,3] X=1,S=3,K=35,C=1,R=3,Y=10",-202756.0,-1200.62,1,X|C,2
K,250,C,43,R,3,S,3,Y,55,K,64,X,44,C,43,S,3,C,1,X,44,K,1,Y,26,R,3,"L1:[sp=K,250] C=43,R=3,S=3,Y=55,K=64,X=44 || L2:[sp=C,43] S=3,C=1,X=44,K=1,Y=26,R=3",-202757.0,-1232.44,1,K|C,2
X,250,C,45,K,10,R,3,Y,55,X,52,S,3,K,61,R,3,S,3,X,52,Y,1,K,1,C,1,"L1:[sp=X,250] C=45,K=10,R=3,Y=55,X=52,S=3 || L2:[sp=K,61] R=3,S=3,X=52,Y=1,K=1,C=1",-209679.0,-1251.93,1,X|K,2
C,250,K,11,R,3,S,3,X,55,C,43,Y,55,Y,55,X,9,K,5,C,3,S,3,Y,1,R,3,"L1:[sp=C,250] K=11,R=3,S=3,X=55,C=43,Y=55 || L2:[sp=Y,55] X=9,K=5,C=3,S=3,Y=1,R=3",-212470.0,-1180.13,1,C|Y,2
K,250,C,41,K,31,S,3,Y,55,R,3,X,55,Y,21,C,1,S,3,X,14,R,3,Y,1,K,1,"L1:[sp=K,250] C=41,K=31,S=3,Y=55,R=3,X=55 || L2:[sp=Y,21] C=1,S=3,X=14,R=3,Y=1,K=1",-214275.0,-1219.93,1,K|Y,2
K,250,C,43,K,31,S,3,Y,55,R,3,X,55,Y,11,C,1,S,3,R,3,X,14,K,1,Y,1,"L1:[sp=K,250] C=43,K=31,S=3,Y=55,R=3,X=55 || L2:[sp=Y,11] C=1,S=3,R=3,X=14,K=1,Y=1",-214275.0,-1229.81,1,K|Y,2
X,250,X,55,R,3,C,27,Y,55,S,3,K,26,C,4,S,3,R,3,X,43,K,1,C,1,Y,26,"L1:[sp=X,250] X=55,R=3,C=27,Y=55,S=3,K=26 || L2:[sp=C,4] S=3,R=3,X=43,K=1,C=1,Y=26",-215434.0,-1261.42,1,X|C,2
K,250,C,28,K,5,S,3,Y,55,R,3,X,25,X,55,C,1,K,1,X,25,R,3,Y,1,S,3,"L1:[sp=K,250] C=28,K=5,S=3,Y=55,R=3,X=25 || L2:[sp=X,55] C=1,K=1,X=25,R=3,Y=1,S=3",-216010.0,-1207.27,1,K|X,2
X,250,C,61,K,1,X,56,R,3,Y,19,S,3,K,61,X,55,R,3,K,1,S,3,Y,1,C,1,"L1:[sp=X,250] C=61,K=1,X=56,R=3,Y=19,S=3 || L2:[sp=K,61] X=55,R=3,K=1,S=3,Y=1,C=1",-217729.0,-1258.48,1,X|K,2
X,61,Y,43,C,36,K,29,S,3,R,3,X,56,C,10,R,3,C,1,X,1,S,3,Y,1,K,1,"L1:[sp=X,61] Y=43,C=36,K=29,S=3,R=3,X=56 || L2:[sp=C,10] R=3,C=1,X=1,S=3,Y=1,K=1",-217741.0,-1400.09,1,X|C,2
K,250,C,35,K,19,S,3,Y,55,R,3,X,55,K,1,S,3,C,1,X,22,K,1,Y,26,R,3,"L1:[sp=K,250] C=35,K=19,S=3,Y=55,R=3,X=55 || L2:[sp=K,1] S=3,C=1,X=22,K=1,Y=26,R=3",-218883.0,-1190.29,1,K|K,2
X,250,S,3,C,43,X,55,Y,12,R,3,K,50,X,1,C,1,S,3,R,3,X,55,Y,1,K,1,"L1:[sp=X,250] S=3,C=43,X=55,Y=12,R=3,K=50 || L2:[sp=X,1] C=1,S=3,R=3,X=55,Y=1,K=1",-221005.0,-2003.99,1,X|X,2
Y,250,C,36,K,61,S,3,Y,55,R,3,X,55,Y,21,C,1,S,3,X,48,R,3,Y,1,K,1,"L1:[sp=Y,250] C=36,K=61,S=3,Y=55,R=3,X=55 || L2:[sp=Y,21] C=1,S=3,X=48,R=3,Y=1,K=1",-221189.0,-1356.1,1,Y|Y,2
K,250,X,55,K,64,S,3,Y,55,R,3,C,7,Y,5,C,1,S,3,X,6,R,3,Y,1,K,1,"L1:[sp=K,250] X=55,K=64,S=3,Y=55,R=3,C=7 || L2:[sp=Y,5] C=1,S=3,X=6,R=3,Y=1,K=1",-221195.0,-1192.48,1,K|Y,2
K,250,C,35,R,3,S,3,Y,55,K,42,X,37,C,43,S,3,C,1,X,37,K,1,Y,5,R,3,"L1:[sp=K,250] C=35,R=3,S=3,Y=55,K=42,X=37 || L2:[sp=C,43] S=3,C=1,X=37,K=1,Y=5,R=3",-223781.0,-1182.63,1,K|C,2
X,250,C,35,R,3,X,55,Y,55,K,61,S,3,K,1,S,3,C,1,X,17,K,8,Y,26,R,3,"L1:[sp=X,250] C=35,R=3,X=55,Y=55,K=61,S=3 || L2:[sp=K,1] S=3,C=1,X=17,K=8,Y=26,R=3",-228101.0,-1346.69,1,X|K,2
K,250,K,19,C,22,S,3,X,55,Y,34,R,3,C,2,C,1,S,3,R,3,X,53,Y,26,K,1,"L1:[sp=K,250] K=19,C=22,S=3,X=55,Y=34,R=3 || L2:[sp=C,2] C=1,S=3,R=3,X=53,Y=26,K=1",-229831.0,-1154.98,1,K|C,2
X,61,K,21,C,36,Y,43,S,3,R,3,X,56,C,10,R,3,C,1,X,1,S,3,Y,29,K,1,"L1:[sp=X,61] K=21,C=36,Y=43,S=3,R=3,X=56 || L2:[sp=C,10] R=3,C=1,X=1,S=3,Y=29,K=1",-229841.0,-1190.68,1,X|C,2
X,61,Y,43,C,36,K,2,S,3,R,3,X,56,C,10,R,3,C,1,X,1,S,3,Y,29,K,1,"L1:[sp=X,61] Y=43,C=36,K=2,S=3,R=3,X=56 || L2:[sp=C,10] R=3,C=1,X=1,S=3,Y=29,K=1",-229953.0,-1309.94,1,X|C,2
K,250,C,35,R,3,Y,55,S,3,K,19,X,17,C,7,S,3,C,1,X,17,K,14,Y,26,R,3,"L1:[sp=K,250] C=35,R=3,Y=55,S=3,K=19,X=17 || L2:[sp=C,7] S=3,C=1,X=17,K=14,Y=26,R=3",-232569.0,-1180.83,1,K|C,2
K,250,C,42,K,14,S,3,Y,55,R,3,X,29,C,2,C,1,S,3,R,3,X,29,Y,1,K,1,"L1:[sp=K,250] C=42,K=14,S=3,Y=55,R=3,X=29 || L2:[sp=C,2] C=1,S=3,R=3,X=29,Y=1,K=1",-233861.0,-1215.95,1,K|C,2
Y,250,Y,55,R,3,S,3,C,35,K,40,X,55,C,4,K,1,R,3,X,51,S,3,C,34,Y,26,"L1:[sp=Y,250] Y=55,R=3,S=3,C=35,K=40,X=55 || L2:[sp=C,4] K=1,R=3,X=51,S=3,C=34,Y=26",-235013.0,-1233.44,1,Y|C,2
K,770,C,48,X,8,Y,29,R,3,S,3,K,3,C,34,C,1,Y,1,R,3,S,3,X,1,K,1,"L1:[sp=K,770] C=48,X=8,Y=29,R=3,S=3,K=3 || L2:[sp=C,34] C=1,Y=1,R=3,S=3,X=1,K=1",-236225.0,-4576.98,1,K|C,2
K,250,R,3,K,64,S,3,Y,55,C,43,X,52,C,43,C,1,S,3,X,52,K,1,Y,26,R,3,"L1:[sp=K,250] R=3,K=64,S=3,Y=55,C=43,X=52 || L2:[sp=C,43] C=1,S=3,X=52,K=1,Y=26,R=3",-239621.0,-1238.33,1,K|C,2
K,97,X,55,Y,55,S,3,R,3,K,11,C,43,Y,55,R,3,S,3,K,1,X,1,Y,38,C,1,"L1:[sp=K,97] X=55,Y=55,S=3,R=3,K=11,C=43 || L2:[sp=Y,55] R=3,S=3,K=1,X=1,Y=38,C=1",-240771.0,-1229.81,1,K|Y,2
Y,250,C,23,K,16,S,3,Y,36,R,3,X,55,K,31,C,7,S,3,X,3,R,3,Y,1,K,1,"L1:[sp=Y,250] C=23,K=16,S=3,Y=36,R=3,X=55 || L2:[sp=K,31] C=7,S=3,X=3,R=3,Y=1,K=1",-241069.0,-1159.34,1,Y|K,2
C,250,C,62,K,32,X,6,R,3,Y,55,S,3,K,19,X,6,Y,26,C,1,K,1,S,3,R,3,"L1:[sp=C,250] C=62,K=32,X=6,R=3,Y=55,S=3 || L2:[sp=K,19] X=6,Y=26,C=1,K=1,S=3,R=3",-241075.0,-1188.35,1,C|K,2
K,250,C,35,Y,31,S,3,K,19,R,3,X,55,C,43,S,3,C,1,X,34,K,1,Y,26,R,3,"L1:[sp=K,250] C=35,Y=31,S=3,K=19,R=3,X=55 || L2:[sp=C,43] S=3,C=1,X=34,K=1,Y=26,R=3",-246245.0,-1179.03,1,K|C,2
X,250,C,35,K,35,R,3,Y,55,X,55,S,3,K,19,R,3,Y,26,S,3,K,1,C,1,X,54,"L1:[sp=X,250] C=35,K=35,R=3,Y=55,X=55,S=3 || L2:[sp=K,19] R=3,Y=26,S=3,K=1,C=1,X=54",-248837.0,-1206.47,1,X|K,2
C,265,Y,55,R,3,X,4,C,52,S,3,K,64,C,43,Y,10,S,3,K,1,C,1,R,3,X,1,"L1:[sp=C,265] Y=55,R=3,X=4,C=52,S=3,K=64 || L2:[sp=C,43] Y=10,S=3,K=1,C=1,R=3,X=1",-248847.0,-1175.75,1,C|C,2
K,250,C,27,K,31,S,3,Y,55,R,3,X,55,X,5,C,1,S,3,X,14,Y,1,R,3,K,1,"L1:[sp=K,250] C=27,K=31,S=3,Y=55,R=3,X=55 || L2:[sp=X,5] C=1,S=3,X=14,Y=1,R=3,K=1",-249988.0,-1217.73,1,K|X,2
K,250,C,8,K,19,S,3,Y,55,R,3,X,55,K,1,C,1,S,3,K,1,R,3,Y,1,X,31,"L1:[sp=K,250] C=8,K=19,S=3,Y=55,R=3,X=55 || L2:[sp=K,1] C=1,S=3,K=1,R=3,Y=1,X=31",-251721.0,-1177.12,1,K|K,2
K,250,C,14,K,5,S,3,X,44,Y,55,R,3,K,1,C,1,S,3,X,44,R,3,Y,1,K,1,"L1:[sp=K,250] C=14,K=5,S=3,X=44,Y=55,R=3 || L2:[sp=K,1] C=1,S=3,X=44,R=3,Y=1,K=1",-253451.0,-1142.45,1,K|K,2
C,250,C,35,K,54,Y,55,X,51,R,3,S,3,K,61,C,1,R,3,X,51,K,1,Y,25,S,3,"L1:[sp=C,250] C=35,K=54,Y=55,X=51,R=3,S=3 || L2:[sp=K,61] C=1,R=3,X=51,K=1,Y=25,S=3",-257045.0,-1310.8,1,C|K,2
X,250,X,14,R,3,C,16,Y,55,S,3,K,19,C,4,S,3,R,3,X,14,K,1,C,1,Y,26,"L1:[sp=X,250] X=14,R=3,C=16,Y=55,S=3,K=19 || L2:[sp=C,4] S=3,R=3,X=14,K=1,C=1,Y=26",-258065.0,-1162.05,1,X|C,2
K,250,X,7,K,19,S,3,R,3,Y,55,C,36,C,43,K,10,Y,20,X,7,C,1,S,3,R,3,"L1:[sp=K,250] X=7,K=19,S=3,R=3,Y=55,C=36 || L2:[sp=C,43] K=10,Y=20,X=7,C=1,S=3,R=3",-268145.0,-1808.27,1,K|C,2
K,250,C,59,R,3,K,22,S,3,Y,55,X,17,C,7,S,3,C,1,X,17,K,1,Y,26,R,3,"L1:[sp=K,250] C=59,R=3,K=22,S=3,Y=55,X=17 || L2:[sp=C,7] S=3,C=1,X=17,K=1,Y=26,R=3",-269289.0,-1313.56,1,K|C,2
K,250,C,43,X,55,S,3,Y,6,R,3,K,52,Y,21,C,1,S,3,X,1,R,3,Y,1,K,1,"L1:[sp=K,250] C=43,X=55,S=3,Y=6,R=3,K=52 || L2:[sp=Y,21] C=1,S=3,X=1,R=3,Y=1,K=1",-269587.0,-1219.92,1,K|Y,2
K,265,X,19,R,3,Y,55,C,45,S,3,K,31,C,43,X,1,S,3,K,1,C,1,R,3,Y,6,"L1:[sp=K,265] X=19,R=3,Y=55,C=45,S=3,K=31 || L2:[sp=C,43] X=1,S=3,K=1,C=1,R=3,Y=6",-271195.0,-1455.33,1,K|C,2
K,250,S,3,C,22,K,19,X,55,Y,55,R,3,C,2,C,8,S,3,R,3,X,35,Y,26,K,1,"L1:[sp=K,250] S=3,C=22,K=19,X=55,Y=55,R=3 || L2:[sp=C,2] C=8,S=3,R=3,X=35,Y=26,K=1",-272920.0,-1180.69,1,K|C,2
K,250,C,22,Y,55,S,3,K,19,R,3,X,55,C,43,S,3,R,3,X,36,Y,26,K,1,C,15,"L1:[sp=K,250] C=22,Y=55,S=3,K=19,R=3,X=55 || L2:[sp=C,43] S=3,R=3,X=36,Y=26,K=1,C=15",-277024.0,-1180.69,1,K|C,2
X,250,C,40,K,10,S,3,Y,55,R,3,X,35,K,61,R,3,S,3,X,35,K,1,Y,26,C,1,"L1:[sp=X,250] C=40,K=10,S=3,Y=55,R=3,X=35 || L2:[sp=K,61] R=3,S=3,X=35,K=1,Y=26,C=1",-282255.0,-1222.52,1,X|K,2
K,250,C,42,K,44,S,3,Y,55,R,3,X,12,C,43,C,1,S,3,R,3,X,12,Y,12,K,1,"L1:[sp=K,250] C=42,K=44,S=3,Y=55,R=3,X=12 || L2:[sp=C,43] C=1,S=3,R=3,X=12,Y=12,K=1",-285131.0,-1216.67,1,K|C,2
K,250,Y,55,K,19,S,3,R,3,C,42,X,55,C,2,Y,26,X,44,S,3,C,42,K,1,R,3,"L1:[sp=K,250] Y=55,K=19,S=3,R=3,C=42,X=55 || L2:[sp=C,2] Y=26,X=44,S=3,C=42,K=1,R=3",-287283.0,-1224.87,1,K|C,2
K,250,X,30,K,55,Y,55,S,3,C,60,R,3,K,5,S,3,R,3,K,1,X,14,Y,1,C,1,"L1:[sp=K,250] X=30,K=55,Y=55,S=3,C=60,R=3 || L2:[sp=K,5] S=3,R=3,K=1,X=14,Y=1,C=1",-291461.0,-1463.93,1,K|K,2
Y,250,C,1,K,64,S,3,Y,55,R,3,X,55,C,43,C,1,Y,26,K,1,X,5,R,3,S,3,"L1:[sp=Y,250] C=1,K=64,S=3,Y=55,R=3,X=55 || L2:[sp=C,43] C=1,Y=26,K=1,X=5,R=3,S=3",-294977.0,-1192.46,1,Y|C,2
K,265,C,45,R,3,Y,55,X,19,S,3,K,64,C,43,X,1,S,3,K,1,C,5,R,3,Y,1,"L1:[sp=K,265] C=45,R=3,Y=55,X=19,S=3,K=64 || L2:[sp=C,43] X=1,S=3,K=1,C=5,R=3,Y=1",-311047.0,-1231.9,1,K|C,2
K,250,C,29,K,5,S,3,X,18,Y,55,R,3,Y,1,X,18,S,3,C,1,Y,26,R,3,K,1,"L1:[sp=K,250] C=29,K=5,S=3,X=18,Y=55,R=3 || L2:[sp=Y,1] X=18,S=3,C=1,Y=26,R=3,K=1",-311050.0,-1207.83,1,K|Y,2
K,250,C,43,K,64,S,3,Y,6,R,3,X,55,Y,21,C,24,S,3,X,1,R,3,Y,1,K,1,"L1:[sp=K,250] C=43,K=64,S=3,Y=6,R=3,X=55 || L2:[sp=Y,21] C=24,S=3,X=1,R=3,Y=1,K=1",-321427.0,-1219.92,1,K|Y,2
C,250,C,43,K,61,S,3,Y,55,R,3,X,55,Y,21,C,1,S,3,X,41,R,3,Y,1,K,1,"L1:[sp=C,250] C=43,K=61,S=3,Y=55,R=3,X=55 || L2:[sp=Y,21] C=1,S=3,X=41,R=3,Y=1,K=1",-321987.0,-1318.2,1,C|Y,2
K,250,C,14,K,5,S,3,X,28,Y,55,R,3,K,1,C,1,S,3,X,28,R,3,Y,26,K,1,"L1:[sp=K,250] C=14,K=5,S=3,X=28,Y=55,R=3 || L2:[sp=K,1] C=1,S=3,X=28,R=3,Y=26,K=1",-322571.0,-1132.86,1,K|K,2
K,250,Y,55,R,3,S,3,K,19,C,9,X,55,X,5,S,3,C,1,X,15,K,1,Y,52,R,3,"L1:[sp=K,250] Y=55,R=3,S=3,K=19,C=9,X=55 || L2:[sp=X,5] S=3,C=1,X=15,K=1,Y=52,R=3",-328329.0,-1196.87,1,K|X,2
K,250,Y,55,K,11,S,3,C,42,R,3,X,52,C,2,C,1,S,3,Y,1,X,52,R,3,K,1,"L1:[sp=K,250] Y=55,K=11,S=3,C=42,R=3,X=52 || L2:[sp=C,2] C=1,S=3,Y=1,X=52,R=3,K=1",-329477.0,-1232.49,1,K|C,2
K,250,C,35,R,3,S,3,Y,19,K,19,X,55,C,43,S,3,C,1,X,37,K,1,Y,19,R,3,"L1:[sp=K,250] C=35,R=3,S=3,Y=19,K=19,X=55 || L2:[sp=C,43] S=3,C=1,X=37,K=1,Y=19,R=3",-331405.0,-1177.54,1,K|C,2
C,250,C,27,K,32,Y,55,R,3,X,56,S,3,C,3,X,38,Y,5,C,1,K,1,S,3,R,3,"L1:[sp=C,250] C=27,K=32,Y=55,R=3,X=56,S=3 || L2:[sp=C,3] X=38,Y=5,C=1,K=1,S=3,R=3",-331779.0,-1175.2,1,C|C,2
X,265,Y,55,R,3,X,48,C,29,S,3,K,54,C,43,X,1,S,3,K,1,C,1,R,3,Y,10,"L1:[sp=X,265] Y=55,R=3,X=48,C=29,S=3,K=54 || L2:[sp=C,43] X=1,S=3,K=1,C=1,R=3,Y=10",-331783.0,-1356.04,1,X|C,2
X,250,X,55,R,3,C,48,Y,55,S,3,K,19,C,4,Y,26,R,3,X,18,K,1,C,1,S,3,"L1:[sp=X,250] X=55,R=3,C=48,Y=55,S=3,K=19 || L2:[sp=C,4] Y=26,R=3,X=18,K=1,C=1,S=3",-331785.0,-1298.88,1,X|C,2
K,250,C,42,K,22,S,3,X,55,R,3,Y,55,C,2,C,1,S,3,R,3,X,18,Y,51,K,3,"L1:[sp=K,250] C=42,K=22,S=3,X=55,R=3,Y=55 || L2:[sp=C,2] C=1,S=3,R=3,X=18,Y=51,K=3",-342147.0,-1224.87,1,K|C,2
K,250,X,27,C,43,S,3,Y,55,R,3,K,11,Y,55,Y,1,S,3,X,27,K,1,C,1,R,3,"L1:[sp=K,250] X=27,C=43,S=3,Y=55,R=3,K=11 || L2:[sp=Y,55] Y=1,S=3,X=27,K=1,C=1,R=3",-342149.0,-1326.67,1,K|Y,2
K,250,C,11,S,3,Y,55,K,11,R,3,X,5,Y,21,R,3,S,3,X,2,C,1,Y,1,K,1,"L1:[sp=K,250] C=11,S=3,Y=55,K=11,R=3,X=5 || L2:[sp=Y,21] R=3,S=3,X=2,C=1,Y=1,K=1",-342211.0,-1106.93,1,K|Y,2
K,250,X,55,K,19,S,3,C,36,Y,55,R,3,X,1,K,1,X,19,Y,13,C,1,S,3,R,3,"L1:[sp=K,250] X=55,K=19,S=3,C=36,Y=55,R=3 || L2:[sp=X,1] K=1,X=19,Y=13,C=1,S=3,R=3",-350211.0,-1195.23,1,K|X,2
Y,250,Y,55,R,3,C,56,S,3,K,32,X,55,C,4,K,1,R,3,X,35,S,3,C,1,Y,26,"L1:[sp=Y,250] Y=55,R=3,C=56,S=3,K=32,X=55 || L2:[sp=C,4] K=1,R=3,X=35,S=3,C=1,Y=26",-350213.0,-1294.02,1,Y|C,2
K,250,C,35,R,3,Y,55,S,3,K,19,X,28,Y,55,S,3,C,33,X,28,K,1,Y,1,R,3,"L1:[sp=K,250] C=35,R=3,Y=55,S=3,K=19,X=28 || L2:[sp=Y,55] S=3,C=33,X=28,K=1,Y=1,R=3",-354317.0,-1177.24,1,K|Y,2
Y,585,Y,8,R,3,C,61,S,3,X,19,K,64,K,44,K,1,Y,1,S,3,R,3,C,59,X,17,"L1:[sp=Y,585] Y=8,R=3,C=61,S=3,X=19,K=64 || L2:[sp=K,44] K=1,Y=1,S=3,R=3,C=59,X=17",-362887.0,-5010.31,1,Y|K,2
X,61,K,13,C,10,S,3,Y,56,R,3,X,56,C,10,R,3,C,7,X,1,S,3,Y,41,K,1,"L1:[sp=X,61] K=13,C=10,S=3,Y=56,R=3,X=56 || L2:[sp=C,10] R=3,C=7,X=1,S=3,Y=41,K=1",-366948.0,-1199.81,1,X|C,2
Y,585,Y,8,R,3,C,61,S,3,X,19,K,64,K,44,K,1,Y,1,S,3,R,3,C,1,X,17,"L1:[sp=Y,585] Y=8,R=3,C=61,S=3,X=19,K=64 || L2:[sp=K,44] K=1,Y=1,S=3,R=3,C=1,X=17",-368647.0,-5010.31,1,Y|K,2
X,265,C,45,Y,31,X,4,R,3,S,3,K,56,C,43,X,1,S,3,K,1,C,1,R,3,Y,1,"L1:[sp=X,265] C=45,Y=31,X=4,R=3,S=3,K=56 || L2:[sp=C,43] X=1,S=3,K=1,C=1,R=3,Y=1",-373257.0,-4742.85,1,X|C,2
K,265,Y,55,R,3,X,4,C,45,S,3,K,64,C,43,X,1,S,3,K,1,C,1,R,3,Y,10,"L1:[sp=K,265] Y=55,R=3,X=4,C=45,S=3,K=64 || L2:[sp=C,43] X=1,S=3,K=1,C=1,R=3,Y=10",-373277.0,-2683.82,1,K|C,2
K,265,Y,55,R,3,X,4,C,45,S,3,K,64,C,43,K,1,S,3,X,1,C,1,R,3,Y,10,"L1:[sp=K,265] Y=55,R=3,X=4,C=45,S=3,K=64 || L2:[sp=C,43] K=1,S=3,X=1,C=1,R=3,Y=10",-373277.0,-2683.82,1,K|C,2
K,265,R,3,Y,55,X,4,C,27,S,3,K,64,C,43,S,3,X,1,K,35,C,1,R,3,Y,10,"L1:[sp=K,265] R=3,Y=55,X=4,C=27,S=3,K=64 || L2:[sp=C,43] S=3,X=1,K=35,C=1,R=3,Y=10",-373291.0,-2932.06,1,K|C,2
C,250,C,35,R,3,Y,55,S,3,K,32,X,22,C,7,S,3,C,1,X,22,K,1,Y,26,R,3,"L1:[sp=C,250] C=35,R=3,Y=55,S=3,K=32,X=22 || L2:[sp=C,7] S=3,C=1,X=22,K=1,Y=26,R=3",-380167.0,-1190.54,1,C|C,2
K,250,Y,55,K,11,C,42,S,3,R,3,X,15,C,2,C,1,S,3,Y,26,X,15,K,1,R,3,"L1:[sp=K,250] Y=55,K=11,C=42,S=3,R=3,X=15 || L2:[sp=C,2] C=1,S=3,Y=26,X=15,K=1,R=3",-380169.0,-1216.67,1,K|C,2
C,250,K,33,X,55,S,3,R,3,C,43,Y,55,Y,1,X,38,S,3,C,1,K,1,Y,1,R,3,"L1:[sp=C,250] K=33,X=55,S=3,R=3,C=43,Y=55 || L2:[sp=Y,1] X=38,S=3,C=1,K=1,Y=1,R=3",-396291.0,-1180.13,1,C|Y,2
Y,250,C,52,R,3,X,55,Y,55,S,3,K,19,C,4,S,3,R,3,Y,26,K,1,C,1,X,32,"L1:[sp=Y,250] C=52,R=3,X=55,Y=55,S=3,K=19 || L2:[sp=C,4] S=3,R=3,Y=26,K=1,C=1,X=32",-405513.0,-1322.34,1,Y|C,2
Y,250,Y,55,R,3,S,3,C,35,K,40,X,55,C,4,K,1,R,3,X,33,S,3,C,1,Y,26,"L1:[sp=Y,250] Y=55,R=3,S=3,C=35,K=40,X=55 || L2:[sp=C,4] K=1,R=3,X=33,S=3,C=1,Y=26",-411269.0,-1233.44,1,Y|C,2
K,250,C,35,R,3,X,24,Y,55,S,3,K,19,C,4,S,3,R,3,X,24,K,1,C,1,Y,26,"L1:[sp=K,250] C=35,R=3,X=24,Y=55,S=3,K=19 || L2:[sp=C,4] S=3,R=3,X=24,K=1,C=1,Y=26",-418615.0,-1182.03,1,K|C,2
K,250,C,59,R,3,K,22,S,3,Y,53,X,55,C,7,S,3,X,50,C,1,K,1,Y,26,R,3,"L1:[sp=K,250] C=59,R=3,K=22,S=3,Y=53,X=55 || L2:[sp=C,7] S=3,X=50,C=1,K=1,Y=26,R=3",-427685.0,-1332.75,1,K|C,2
K,250,C,38,K,11,Y,55,R,3,S,3,X,17,Y,21,C,1,S,3,X,17,R,3,Y,1,K,1,"L1:[sp=K,250] C=38,K=11,Y=55,R=3,S=3,X=17 || L2:[sp=Y,21] C=1,S=3,X=17,R=3,Y=1,K=1",-430857.0,-1197.42,1,K|Y,2
K,250,C,35,R,3,S,3,X,55,K,19,Y,55,K,19,S,3,C,1,X,29,K,15,Y,13,R,3,"L1:[sp=K,250] C=35,R=3,S=3,X=55,K=19,Y=55 || L2:[sp=K,19] S=3,C=1,X=29,K=15,Y=13,R=3",-432003.0,-1190.29,1,K|K,2
C,250,C,40,K,39,Y,55,X,15,R,3,S,3,K,19,X,15,Y,5,C,1,K,1,S,3,R,3,"L1:[sp=C,250] C=40,K=39,Y=55,X=15,R=3,S=3 || L2:[sp=K,19] X=15,Y=5,C=1,K=1,S=3,R=3",-432009.0,-1223.69,1,C|K,2
X,61,Y,43,R,3,K,29,S,3,C,39,X,56,C,10,R,3,C,7,X,1,S,3,Y,1,K,1,"L1:[sp=X,61] Y=43,R=3,K=29,S=3,C=39,X=56 || L2:[sp=C,10] R=3,C=7,X=1,S=3,Y=1,K=1",-435469.0,-1436.95,1,X|C,2
Y,57,Y,12,S,3,R,3,X,55,K,32,C,33,X,55,Y,6,S,3,X,1,C,1,K,1,R,3,"L1:[sp=Y,57] Y=12,S=3,R=3,X=55,K=32,C=33 || L2:[sp=X,55] Y=6,S=3,X=1,C=1,K=1,R=3",-442373.0,-1177.12,1,Y|X,2
Y,57,Y,12,S,3,R,3,X,55,K,32,C,33,X,55,Y,1,S,3,X,1,C,1,K,1,R,3,"L1:[sp=Y,57] Y=12,S=3,R=3,X=55,K=32,C=33 || L2:[sp=X,55] Y=1,S=3,X=1,C=1,K=1,R=3",-442373.0,-1177.12,1,Y|X,2
Y,57,K,32,S,3,R,3,X,55,Y,12,C,33,X,55,Y,6,S,3,X,1,C,1,R,3,K,1,"L1:[sp=Y,57] K=32,S=3,R=3,X=55,Y=12,C=33 || L2:[sp=X,55] Y=6,S=3,X=1,C=1,R=3,K=1",-442373.0,-1177.12,1,Y|X,2
Y,250,C,4,X,55,S,3,Y,55,R,3,K,31,Y,21,C,1,S,3,X,48,R,3,Y,2,K,1,"L1:[sp=Y,250] C=4,X=55,S=3,Y=55,R=3,K=31 || L2:[sp=Y,21] C=1,S=3,X=48,R=3,Y=2,K=1",-442417.0,-1250.81,1,Y|Y,2
K,250,C,38,K,11,S,3,Y,55,R,3,X,35,X,55,C,1,S,3,X,35,R,3,Y,1,K,1,"L1:[sp=K,250] C=38,K=11,S=3,Y=55,R=3,X=35 || L2:[sp=X,55] C=1,S=3,X=35,R=3,Y=1,K=1",-443525.0,-1198.07,1,K|X,2
X,250,C,35,R,3,X,23,Y,55,S,3,K,19,C,4,S,3,R,3,X,23,K,1,C,1,Y,26,"L1:[sp=X,250] C=35,R=3,X=23,Y=55,S=3,K=19 || L2:[sp=C,4] S=3,R=3,X=23,K=1,C=1,Y=26",-450441.0,-1209.6,1,X|C,2
K,250,K,14,C,42,S,3,Y,55,R,3,X,8,C,2,C,1,S,3,K,1,X,8,Y,26,R,3,"L1:[sp=K,250] K=14,C=42,S=3,Y=55,R=3,X=8 || L2:[sp=C,2] C=1,S=3,K=1,X=8,Y=26,R=3",-451599.0,-1215.23,1,K|C,2
K,250,C,33,K,11,S,3,Y,55,R,3,X,36,X,55,C,1,S,3,X,36,R,3,Y,1,K,1,"L1:[sp=K,250] C=33,K=11,S=3,Y=55,R=3,X=36 || L2:[sp=X,55] C=1,S=3,X=36,R=3,Y=1,K=1",-456197.0,-1170.9,1,K|X,2
K,250,K,11,C,32,S,3,Y,55,R,3,X,24,K,1,C,1,S,3,X,24,K,1,Y,1,R,3,"L1:[sp=K,250] K=11,C=32,S=3,Y=55,R=3,X=24 || L2:[sp=K,1] C=1,S=3,X=24,K=1,Y=1,R=3",-456199.0,-1165.34,1,K|K,2
C,250,K,27,R,3,S,3,X,55,C,43,Y,55,Y,55,X,49,C,3,S,3,K,27,Y,3,R,3,"L1:[sp=C,250] K=27,R=3,S=3,X=55,C=43,Y=55 || L2:[sp=Y,55] X=49,C=3,S=3,K=27,Y=3,R=3",-470209.0,-1217.11,1,C|Y,2
K,250,R,3,C,40,X,21,Y,55,S,3,K,32,C,5,S,3,C,1,X,21,Y,26,K,1,R,3,"L1:[sp=K,250] R=3,C=40,X=21,Y=55,S=3,K=32 || L2:[sp=C,5] S=3,C=1,X=21,Y=26,K=1,R=3",-471751.0,-1172.25,1,K|C,2
C,250,C,35,K,5,S,3,X,55,Y,55,R,3,K,1,C,1,S,3,X,30,K,1,Y,1,R,3,"L1:[sp=C,250] C=35,K=5,S=3,X=55,Y=55,R=3 || L2:[sp=K,1] C=1,S=3,X=30,K=1,Y=1,R=3",-483854.0,-1177.66,1,C|K,2
Y,250,C,43,K,31,S,3,Y,55,R,3,X,4,K,31,C,1,S,3,R,3,Y,1,X,4,K,5,"L1:[sp=Y,250] C=43,K=31,S=3,Y=55,R=3,X=4 || L2:[sp=K,31] C=1,S=3,R=3,Y=1,X=4,K=5",-483925.0,-1355.01,1,Y|K,2
X,97,S,3,Y,55,K,11,R,3,X,13,C,10,K,1,R,3,S,3,K,8,X,1,Y,1,C,7,"L1:[sp=X,97] S=3,Y=55,K=11,R=3,X=13,C=10 || L2:[sp=K,1] R=3,S=3,K=8,X=1,Y=1,C=7",-486529.0,-1192.65,1,X|K,2
K,250,C,41,K,19,S,3,Y,22,R,3,X,55,C,43,S,3,C,1,Y,4,K,1,X,27,R,3,"L1:[sp=K,250] C=41,K=19,S=3,Y=22,R=3,X=55 || L2:[sp=C,43] S=3,C=1,Y=4,K=1,X=27,R=3",-498643.0,-1213.31,1,K|C,2
K,250,Y,55,K,11,S,3,C,42,R,3,X,40,C,2,S,3,C,1,Y,26,X,40,K,1,R,3,"L1:[sp=K,250] Y=55,K=11,S=3,C=42,R=3,X=40 || L2:[sp=C,2] S=3,C=1,Y=26,X=40,K=1,R=3",-506885.0,-1223.86,1,K|C,2
C,250,C,33,K,19,S,3,Y,55,R,3,X,55,Y,21,C,1,S,3,X,27,R,3,Y,1,K,1,"L1:[sp=C,250] C=33,K=19,S=3,Y=55,R=3,X=55 || L2:[sp=Y,21] C=1,S=3,X=27,R=3,Y=1,K=1",-513221.0,-1204.78,1,C|Y,2
X,250,K,32,C,21,Y,55,X,56,R,3,S,3,C,1,S,3,R,3,K,1,X,47,Y,26,C,1,"L1:[sp=X,250] K=32,C=21,Y=55,X=56,R=3,S=3 || L2:[sp=C,1] S=3,R=3,K=1,X=47,Y=26,C=1",-516105.0,-1226.15,1,X|C,2
Y,250,R,3,X,55,C,13,Y,55,S,3,K,11,C,1,R,3,S,3,X,40,Y,1,C,1,K,3,"L1:[sp=Y,250] R=3,X=55,C=13,Y=55,S=3,K=11 || L2:[sp=C,1] R=3,S=3,X=40,Y=1,C=1,K=3",-516127.0,-1183.77,1,Y|C,2
Y,250,C,26,K,31,S,3,Y,55,R,3,X,55,Y,21,C,17,S,3,X,39,R,3,Y,1,K,5,"L1:[sp=Y,250] C=26,K=31,S=3,Y=55,R=3,X=55 || L2:[sp=Y,21] C=17,S=3,X=39,R=3,Y=1,K=5",-518815.0,-1297.46,1,Y|Y,2
Y,585,Y,8,R,3,K,64,S,3,X,19,C,23,K,44,K,1,Y,1,S,3,R,3,C,1,X,7,"L1:[sp=Y,585] Y=8,R=3,K=64,S=3,X=19,C=23 || L2:[sp=K,44] K=1,Y=1,S=3,R=3,C=1,X=7",-525322.0,-5075.46,1,Y|K,2
C,97,S,3,Y,27,K,11,R,3,X,55,C,17,K,1,R,3,S,3,K,1,X,1,Y,1,C,7,"L1:[sp=C,97] S=3,Y=27,K=11,R=3,X=55,C=17 || L2:[sp=K,1] R=3,S=3,K=1,X=1,Y=1,C=7",-528781.0,-1315.73,1,C|K,2
K,250,C,62,R,3,Y,55,S,3,K,19,X,55,C,7,S,3,C,56,X,40,K,1,Y,26,R,3,"L1:[sp=K,250] C=62,R=3,Y=55,S=3,K=19,X=55 || L2:[sp=C,7] S=3,C=56,X=40,K=1,Y=26,R=3",-536259.0,-1323.66,1,K|C,2
C,250,R,3,X,1,Y,55,S,3,C,35,K,4,K,32,S,3,X,1,C,1,Y,26,K,1,R,3,"L1:[sp=C,250] R=3,X=1,Y=55,S=3,C=35,K=4 || L2:[sp=K,32] S=3,X=1,C=1,Y=26,K=1,R=3",-545185.0,-9015.34,1,C|K,2
C,97,S,3,Y,55,K,11,R,3,X,47,C,10,K,1,R,3,S,3,Y,1,X,47,K,8,C,7,"L1:[sp=C,97] S=3,Y=55,K=11,R=3,X=47,C=10 || L2:[sp=K,1] R=3,S=3,Y=1,X=47,K=8,C=7",-558373.0,-1255.46,1,C|K,2
X,265,Y,18,C,45,X,6,R,3,S,3,K,31,K,31,X,1,C,1,K,1,R,3,S,3,Y,1,"L1:[sp=X,265] Y=18,C=45,X=6,R=3,S=3,K=31 || L2:[sp=K,31] X=1,C=1,K=1,R=3,S=3,Y=1",-559891.0,-4714.73,1,X|K,2
X,250,R,3,K,32,Y,55,C,15,X,56,S,3,C,17,X,41,Y,1,C,15,K,1,S,3,R,3,"L1:[sp=X,250] R=3,K=32,Y=55,C=15,X=56,S=3 || L2:[sp=C,17] X=41,Y=1,C=15,K=1,S=3,R=3",-561611.0,-1204.51,1,X|C,2
K,250,C,33,K,11,S,3,Y,55,R,3,X,46,K,1,C,1,S,3,X,46,R,3,Y,1,K,1,"L1:[sp=K,250] C=33,K=11,S=3,Y=55,R=3,X=46 || L2:[sp=K,1] C=1,S=3,X=46,R=3,Y=1,K=1",-582917.0,-1176.55,1,K|K,2
K,250,C,43,K,11,S,3,Y,55,R,3,X,46,X,55,C,1,Y,1,X,46,R,3,S,3,K,1,"L1:[sp=K,250] C=43,K=11,S=3,Y=55,R=3,X=46 || L2:[sp=X,55] C=1,Y=1,X=46,R=3,S=3,K=1",-582917.0,-1233.91,1,K|X,2
C,250,C,10,K,31,S,3,Y,55,R,3,X,51,Y,21,C,10,S,3,X,51,R,3,Y,1,K,1,"L1:[sp=C,250] C=10,K=31,S=3,Y=55,R=3,X=51 || L2:[sp=Y,21] C=10,S=3,X=51,R=3,Y=1,K=1",-587527.0,-1287.79,1,C|Y,2
X,265,C,45,R,3,X,4,Y,55,S,3,K,31,X,1,X,1,S,3,K,1,C,1,R,3,Y,10,"L1:[sp=X,265] C=45,R=3,X=4,Y=55,S=3,K=31 || L2:[sp=X,1] X=1,S=3,K=1,C=1,R=3,Y=10",-589831.0,-1336.29,1,X|X,2
K,250,C,42,Y,55,S,3,K,19,R,3,X,52,C,2,C,2,X,52,R,3,S,3,Y,1,K,1,"L1:[sp=K,250] C=42,Y=55,S=3,K=19,R=3,X=52 || L2:[sp=C,2] C=2,X=52,R=3,S=3,Y=1,K=1",-604661.0,-1232.49,1,K|C,2
K,250,Y,55,K,19,S,3,C,59,R,3,X,11,C,2,S,3,X,11,Y,26,C,1,K,1,R,3,"L1:[sp=K,250] Y=55,K=19,S=3,C=59,R=3,X=11 || L2:[sp=C,2] S=3,X=11,Y=26,C=1,K=1,R=3",-620741.0,-1306.99,1,K|C,2
K,250,R,3,C,40,S,3,Y,55,X,13,K,41,C,5,S,3,C,1,X,13,Y,26,R,3,K,1,"L1:[sp=K,250] R=3,C=40,S=3,Y=55,X=13,K=41 || L2:[sp=C,5] S=3,C=1,X=13,Y=26,R=3,K=1",-623621.0,-1207.46,1,K|C,2
X,250,S,3,K,31,X,46,Y,55,R,3,C,43,K,61,K,1,R,3,X,46,S,3,Y,46,C,1,"L1:[sp=X,250] S=3,K=31,X=46,Y=55,R=3,C=43 || L2:[sp=K,61] K=1,R=3,X=46,S=3,Y=46,C=1",-635911.0,-1338.08,1,X|K,2
K,250,C,43,K,24,S,3,Y,55,R,3,X,55,X,5,C,1,S,3,X,48,R,3,Y,1,K,5,"L1:[sp=K,250] C=43,K=24,S=3,Y=55,R=3,X=55 || L2:[sp=X,5] C=1,S=3,X=48,R=3,Y=1,K=5",-663555.0,-1229.81,1,K|X,2
Y,250,Y,3,R,3,X,55,C,52,K,40,S,3,Y,3,K,1,R,3,X,16,S,3,C,1,Y,3,"L1:[sp=Y,250] Y=3,R=3,X=55,C=52,K=40,S=3 || L2:[sp=Y,3] K=1,R=3,X=16,S=3,C=1,Y=3",-663557.0,-1347.85,1,Y|Y,2
K,250,C,18,K,19,S,3,R,3,Y,2,X,55,C,18,S,3,C,1,X,18,K,1,Y,2,R,3,"L1:[sp=K,250] C=18,K=19,S=3,R=3,Y=2,X=55 || L2:[sp=C,18] S=3,C=1,X=18,K=1,Y=2,R=3",-664957.0,-1152.46,1,K|C,2
X,250,C,42,K,11,S,3,Y,55,R,3,X,19,Y,21,C,1,S,3,X,19,R,3,Y,1,K,5,"L1:[sp=X,250] C=42,K=11,S=3,Y=55,R=3,X=19 || L2:[sp=Y,21] C=1,S=3,X=19,R=3,Y=1,K=5",-667597.0,-1221.7,1,X|Y,2
K,250,C,45,K,59,S,3,Y,55,R,3,X,55,Y,21,C,1,Y,1,X,34,S,3,K,1,R,3,"L1:[sp=K,250] C=45,K=59,S=3,Y=55,R=3,X=55 || L2:[sp=Y,21] C=1,Y=1,X=34,S=3,K=1,R=3",-679683.0,-1239.69,1,K|Y,2
Y,250,X,44,K,22,Y,55,S,3,C,35,R,3,C,35,S,3,R,3,X,14,K,1,Y,41,C,1,"L1:[sp=Y,250] X=44,K=22,Y=55,S=3,C=35,R=3 || L2:[sp=C,35] S=3,R=3,X=14,K=1,Y=41,C=1",-688909.0,-1368.69,1,Y|C,2
C,250,C,10,K,15,S,3,Y,47,R,3,X,55,Y,21,C,1,S,3,X,13,R,3,Y,30,K,1,"L1:[sp=C,250] C=10,K=15,S=3,Y=47,R=3,X=55 || L2:[sp=Y,21] C=1,S=3,X=13,R=3,Y=30,K=1",-691211.0,-1264.78,1,C|Y,2
K,250,C,35,R,3,S,3,X,55,K,19,Y,55,X,5,S,3,C,21,X,29,K,1,Y,26,R,3,"L1:[sp=K,250] C=35,R=3,S=3,X=55,K=19,Y=55 || L2:[sp=X,5] S=3,C=21,X=29,K=1,Y=26,R=3",-694263.0,-1190.29,1,K|X,2
Y,585,Y,8,R,3,C,26,S,3,X,8,K,22,K,44,K,1,Y,1,S,3,R,3,C,18,X,1,"L1:[sp=Y,585] Y=8,R=3,C=26,S=3,X=8,K=22 || L2:[sp=K,44] K=1,Y=1,S=3,R=3,C=18,X=1",-699904.0,-5721.61,1,Y|K,2
K,97,S,3,Y,44,K,23,R,3,X,55,C,10,K,1,R,3,S,3,K,1,X,1,Y,1,C,7,"L1:[sp=K,97] S=3,Y=44,K=23,R=3,X=55,C=10 || L2:[sp=K,1] R=3,S=3,K=1,X=1,Y=1,C=7",-704229.0,-1261.39,1,K|K,2
K,250,C,43,K,31,S,3,Y,55,R,3,X,19,Y,21,C,1,S,3,X,17,R,3,Y,1,K,1,"L1:[sp=K,250] C=43,K=31,S=3,Y=55,R=3,X=19 || L2:[sp=Y,21] C=1,S=3,X=17,R=3,Y=1,K=1",-714247.0,-1221.02,1,K|Y,2
Y,585,S,3,R,3,C,61,Y,8,X,52,K,59,K,44,R,3,Y,1,S,3,K,1,C,1,X,1,"L1:[sp=Y,585] S=3,R=3,C=61,Y=8,X=52,K=59 || L2:[sp=K,44] R=3,Y=1,S=3,K=1,C=1,X=1",-746505.0,-7041.14,1,Y|K,2
Y,585,Y,8,R,3,C,61,S,3,X,19,K,50,K,44,K,1,Y,1,S,3,R,3,C,1,X,1,"L1:[sp=Y,585] Y=8,R=3,C=61,S=3,X=19,K=50 || L2:[sp=K,44] K=1,Y=1,S=3,R=3,C=1,X=1",-746509.0,-5649.48,1,Y|K,2
Y,585,Y,8,R,3,C,61,S,3,X,52,K,24,K,44,K,1,Y,1,S,3,R,3,C,1,X,1,"L1:[sp=Y,585] Y=8,R=3,C=61,S=3,X=52,K=24 || L2:[sp=K,44] K=1,Y=1,S=3,R=3,C=1,X=1",-746509.0,-6942.44,1,Y|K,2
Y,585,Y,8,R,3,C,61,S,3,X,8,K,50,K,44,K,1,Y,1,S,3,R,3,C,1,X,1,"L1:[sp=Y,585] Y=8,R=3,C=61,S=3,X=8,K=50 || L2:[sp=K,44] K=1,Y=1,S=3,R=3,C=1,X=1",-746525.0,-6553.93,1,Y|K,2
Y,585,Y,8,R,3,C,26,S,3,X,8,K,50,K,44,K,1,Y,1,S,3,R,3,C,1,X,1,"L1:[sp=Y,585] Y=8,R=3,C=26,S=3,X=8,K=50 || L2:[sp=K,44] K=1,Y=1,S=3,R=3,C=1,X=1",-746539.0,-5931.95,1,Y|K,2
X,250,C,35,K,19,R,3,Y,55,X,21,S,3,Y,11,C,1,Y,1,X,21,K,1,S,3,R,3,"L1:[sp=X,250] C=35,K=19,R=3,Y=55,X=21,S=3 || L2:[sp=Y,11] C=1,Y=1,X=21,K=1,S=3,R=3",-774153.0,-1209.6,1,X|Y,2
C,250,S,3,X,34,Y,55,K,6,C,40,R,3,C,4,S,3,R,3,X,34,K,1,Y,26,C,1,"L1:[sp=C,250] S=3,X=34,Y=55,K=6,C=40,R=3 || L2:[sp=C,4] S=3,R=3,X=34,K=1,Y=26,C=1",-783383.0,-1331.89,1,C|C,2
Y,585,Y,8,R,3,C,61,S,3,X,19,K,24,K,44,K,1,Y,1,S,3,R,3,C,1,X,19,"L1:[sp=Y,585] Y=8,R=3,C=61,S=3,X=19,K=24 || L2:[sp=K,44] K=1,Y=1,S=3,R=3,C=1,X=19",-787987.0,-5499.09,1,Y|K,2
Y,585,Y,8,R,3,C,61,S,3,X,19,K,24,K,44,K,1,Y,3,S,3,R,3,C,1,X,19,"L1:[sp=Y,585] Y=8,R=3,C=61,S=3,X=19,K=24 || L2:[sp=K,44] K=1,Y=3,S=3,R=3,C=1,X=19",-787987.0,-5499.09,1,Y|K,2
C,57,Y,12,C,33,R,3,X,55,K,32,S,3,K,32,Y,1,S,3,X,1,C,1,K,25,R,3,"L1:[sp=C,57] Y=12,C=33,R=3,X=55,K=32,S=3 || L2:[sp=K,32] Y=1,S=3,X=1,C=1,K=25,R=3",-801911.0,-1492.42,1,C|K,2
K,250,C,42,Y,55,S,3,K,31,R,3,X,55,K,1,C,5,S,3,X,39,R,3,K,1,Y,17,"L1:[sp=K,250] C=42,Y=55,S=3,K=31,R=3,X=55 || L2:[sp=K,1] C=5,S=3,X=39,R=3,K=1,Y=17",-803523.0,-1224.87,1,K|K,2
K,250,C,43,K,19,S,3,Y,34,R,3,X,7,C,43,C,1,S,3,X,7,K,1,Y,26,R,3,"L1:[sp=K,250] C=43,K=19,S=3,Y=34,R=3,X=7 || L2:[sp=C,43] C=1,S=3,X=7,K=1,Y=26,R=3",-804417.0,-4363.71,1,K|C,2
C,250,Y,55,K,38,C,42,S,3,R,3,X,13,C,2,C,1,S,3,X,13,R,3,Y,1,K,5,"L1:[sp=C,250] Y=55,K=38,C=42,S=3,R=3,X=13 || L2:[sp=C,2] C=1,S=3,X=13,R=3,Y=1,K=5",-810821.0,-1222.04,1,C|C,2
Y,250,R,3,K,11,C,13,Y,55,S,3,X,55,C,1,R,3,S,3,X,32,Y,1,C,1,K,3,"L1:[sp=Y,250] R=3,K=11,C=13,Y=55,S=3,X=55 || L2:[sp=C,1] R=3,S=3,X=32,Y=1,C=1,K=3",-811039.0,-1184.89,1,Y|C,2
C,250,X,56,K,22,Y,55,C,48,R,3,S,3,C,1,S,3,X,38,K,7,R,3,Y,26,C,1,"L1:[sp=C,250] X=56,K=22,Y=55,C=48,R=3,S=3 || L2:[sp=C,1] S=3,X=38,K=7,R=3,Y=26,C=1",-815620.0,-1180.13,1,C|C,2
K,97,S,3,Y,55,K,31,R,3,C,10,X,55,C,5,R,3,S,3,K,1,X,11,Y,6,C,7,"L1:[sp=K,97] S=3,Y=55,K=31,R=3,C=10,X=55 || L2:[sp=C,5] R=3,S=3,K=1,X=11,Y=6,C=7",-820268.0,-1191.66,1,K|C,2
Y,585,Y,8,R,3,C,61,S,3,X,52,K,24,K,44,K,1,Y,1,S,3,R,3,C,1,X,44,"L1:[sp=Y,585] Y=8,R=3,C=61,S=3,X=52,K=24 || L2:[sp=K,44] K=1,Y=1,S=3,R=3,C=1,X=44",-829453.0,-6942.44,1,Y|K,2
Y,250,C,27,X,7,S,3,K,49,R,3,Y,55,K,5,C,1,X,7,K,1,R,3,S,3,Y,26,"L1:[sp=Y,250] C=27,X=7,S=3,K=49,R=3,Y=55 || L2:[sp=K,5] C=1,X=7,K=1,R=3,S=3,Y=26",-838705.0,-2368.66,1,Y|K,2
K,97,S,3,Y,6,K,1,C,34,X,6,R,3,X,2,R,3,S,3,K,1,X,1,Y,1,C,1,"L1:[sp=K,97] S=3,Y=6,K=1,C=34,X=6,R=3 || L2:[sp=X,2] R=3,S=3,K=1,X=1,Y=1,C=1",-839971.0,-4601.32,1,K|X,2
Y,250,C,43,K,31,S,3,Y,36,R,3,X,55,Y,2,C,1,S,3,R,3,X,1,Y,16,K,26,"L1:[sp=Y,250] C=43,K=31,S=3,Y=36,R=3,X=55 || L2:[sp=Y,2] C=1,S=3,R=3,X=1,Y=16,K=26",-849031.0,-1316.36,1,Y|Y,2
Y,250,C,16,X,19,S,3,K,49,R,3,Y,55,K,5,C,1,X,19,R,3,K,1,Y,26,S,3,"L1:[sp=Y,250] C=16,X=19,S=3,K=49,R=3,Y=55 || L2:[sp=K,5] C=1,X=19,R=3,K=1,Y=26,S=3",-853657.0,-1457.08,1,Y|K,2
K,250,Y,55,K,19,S,3,C,42,R,3,X,2,X,1,S,3,X,2,Y,26,C,37,K,1,R,3,"L1:[sp=K,250] Y=55,K=19,S=3,C=42,R=3,X=2 || L2:[sp=X,1] S=3,X=2,Y=26,C=37,K=1,R=3",-868051.0,-1214.51,1,K|X,2
K,250,C,50,K,35,S,3,X,55,R,3,Y,20,K,5,C,1,S,3,X,5,R,3,Y,1,K,1,"L1:[sp=K,250] C=50,K=35,S=3,X=55,R=3,Y=20 || L2:[sp=K,5] C=1,S=3,X=5,R=3,Y=1,K=1",-870919.0,-1260.36,1,K|K,2
Y,250,C,10,K,16,S,3,Y,36,R,3,X,55,K,31,R,3,S,3,X,43,Y,1,C,7,K,1,"L1:[sp=Y,250] C=10,K=16,S=3,Y=36,R=3,X=55 || L2:[sp=K,31] R=3,S=3,X=43,Y=1,C=7,K=1",-898157.0,-1102.76,1,Y|K,2
C,425,R,3,K,60,S,3,C,10,Y,47,X,33,Y,36,C,1,X,1,Y,1,K,1,S,3,R,3,"L1:[sp=C,425] R=3,K=60,S=3,C=10,Y=47,X=33 || L2:[sp=Y,36] C=1,X=1,Y=1,K=1,S=3,R=3",-933129.0,-5292.78,1,C|Y,2
C,77,Y,48,K,8,R,3,S,3,X,46,C,8,X,21,S,3,C,1,R,3,K,5,Y,9,X,1,"L1:[sp=C,77] Y=48,K=8,R=3,S=3,X=46,C=8 || L2:[sp=X,21] S=3,C=1,R=3,K=5,Y=9,X=1",-940065.0,-12130.6,1,C|X,2
C,250,C,42,K,19,Y,55,S,3,R,3,X,39,C,2,C,1,S,3,X,39,R,3,Y,1,K,1,"L1:[sp=C,250] C=42,K=19,Y=55,S=3,R=3,X=39 || L2:[sp=C,2] C=1,S=3,X=39,R=3,Y=1,K=1",-943497.0,-1243.41,1,C|C,2
C,250,C,40,K,20,Y,55,X,47,R,3,S,3,K,61,S,3,R,3,X,47,K,7,Y,1,C,1,"L1:[sp=C,250] C=40,K=20,Y=55,X=47,R=3,S=3 || L2:[sp=K,61] S=3,R=3,X=47,K=7,Y=1,C=1",-947529.0,-1264.23,1,C|K,2
C,250,K,63,C,10,Y,18,S,3,R,3,X,55,Y,21,S,3,C,1,R,3,X,54,Y,1,K,4,"L1:[sp=C,250] K=63,C=10,Y=18,S=3,R=3,X=55 || L2:[sp=Y,21] S=3,C=1,R=3,X=54,Y=1,K=4",-962287.0,-1337.92,1,C|Y,2
K,250,C,43,K,31,S,3,Y,55,R,3,X,52,Y,21,C,1,S,3,X,1,R,3,Y,1,K,1,"L1:[sp=K,250] C=43,K=31,S=3,Y=55,R=3,X=52 || L2:[sp=Y,21] C=1,S=3,X=1,R=3,Y=1,K=1",-964229.0,-1238.33,1,K|Y,2
C,250,C,35,R,3,K,44,Y,55,S,3,X,55,Y,55,X,48,C,1,S,3,Y,8,K,1,R,3,"L1:[sp=C,250] C=35,R=3,K=44,Y=55,S=3,X=55 || L2:[sp=Y,55] X=48,C=1,S=3,Y=8,K=1,R=3",-967683.0,-1234.37,1,C|Y,2
Y,250,C,40,X,55,R,3,K,18,S,3,Y,20,K,5,S,3,R,3,X,12,K,1,Y,17,C,1,"L1:[sp=Y,250] C=40,X=55,R=3,K=18,S=3,Y=20 || L2:[sp=K,5] S=3,R=3,X=12,K=1,Y=17,C=1",-967689.0,-1229.03,1,Y|K,2
K,250,C,35,X,49,S,3,Y,55,R,3,K,20,C,43,X,49,K,1,S,3,C,14,Y,26,R,3,"L1:[sp=K,250] C=35,X=49,S=3,Y=55,R=3,K=20 || L2:[sp=C,43] X=49,K=1,S=3,C=14,Y=26,R=3",-987845.0,-1189.82,1,K|C,2
Y,250,C,52,R,3,X,18,Y,55,S,3,K,19,C,4,S,3,R,3,Y,26,K,1,C,1,X,18,"L1:[sp=Y,250] C=52,R=3,X=18,Y=55,S=3,K=19 || L2:[sp=C,4] S=3,R=3,Y=26,K=1,C=1,X=18",-995353.0,-1773.41,1,Y|C,2
C,77,Y,2,K,64,R,3,S,3,X,46,C,8,X,21,S,3,C,7,R,3,K,1,Y,1,X,1,"L1:[sp=C,77] Y=2,K=64,R=3,S=3,X=46,C=8 || L2:[sp=X,21] S=3,C=7,R=3,K=1,Y=1,X=1",-995383.0,-4413.43,1,C|X,2
C,77,Y,2,K,62,R,3,S,3,X,46,C,8,X,21,S,3,C,1,R,3,K,1,Y,1,X,1,"L1:[sp=C,77] Y=2,K=62,R=3,S=3,X=46,C=8 || L2:[sp=X,21] S=3,C=1,R=3,K=1,Y=1,X=1",-995437.0,-9210.59,1,C|X,2
C,77,Y,2,K,8,R,3,S,3,X,46,C,8,X,21,S,3,C,1,R,3,K,1,Y,1,X,1,"L1:[sp=C,77] Y=2,K=8,R=3,S=3,X=46,C=8 || L2:[sp=X,21] S=3,C=1,R=3,K=1,Y=1,X=1",-995761.0,-15872.9,1,C|X,2
C,77,Y,2,K,8,R,3,S,3,X,46,C,8,X,21,S,3,C,1,R,3,K,5,Y,1,X,1,"L1:[sp=C,77] Y=2,K=8,R=3,S=3,X=46,C=8 || L2:[sp=X,21] S=3,C=1,R=3,K=5,Y=1,X=1",-995761.0,-15872.9,1,C|X,2
C,77,Y,2,K,8,R,3,S,3,X,46,C,8,X,21,S,3,C,6,R,3,K,1,Y,1,X,1,"L1:[sp=C,77] Y=2,K=8,R=3,S=3,X=46,C=8 || L2:[sp=X,21] S=3,C=6,R=3,K=1,Y=1,X=1",-995761.0,-15872.9,1,C|X,2
C,77,Y,2,X,46,R,3,S,3,K,8,C,8,X,21,S,3,C,6,R,3,K,1,Y,1,X,1,"L1:[sp=C,77] Y=2,X=46,R=3,S=3,K=8,C=8 || L2:[sp=X,21] S=3,C=6,R=3,K=1,Y=1,X=1",-995761.0,-10799.0,1,C|X,2
K,250,C,35,R,3,K,19,X,54,S,3,Y,3,C,43,S,3,C,1,X,9,K,1,Y,3,R,3,"L1:[sp=K,250] C=35,R=3,K=19,X=54,S=3,Y=3 || L2:[sp=C,43] S=3,C=1,X=9,K=1,Y=3,R=3",-997309.0,-3726.67,1,K|C,2
K,250,C,40,K,19,S,3,Y,55,R,3,X,46,K,1,C,1,S,3,X,46,R,3,Y,1,K,1,"L1:[sp=K,250] C=40,K=19,S=3,Y=55,R=3,X=46 || L2:[sp=K,1] C=1,S=3,X=46,R=3,Y=1,K=1",-1006853.0,-1216.7,1,K|K,2
K,265,X,44,R,3,Y,55,C,45,S,3,K,31,C,43,X,1,S,3,K,1,C,1,R,3,Y,31,"L1:[sp=K,265] X=44,R=3,Y=55,C=45,S=3,K=31 || L2:[sp=C,43] X=1,S=3,K=1,C=1,R=3,Y=31",-1039559.0,-1355.55,1,K|C,2
K,250,C,36,K,51,S,3,R,3,Y,55,X,55,Y,1,K,1,X,36,Y,13,S,3,C,1,R,3,"L1:[sp=K,250] C=36,K=51,S=3,R=3,Y=55,X=55 || L2:[sp=Y,1] K=1,X=36,Y=13,S=3,C=1,R=3",-1057539.0,-1195.23,1,K|Y,2
Y,250,C,52,R,3,X,29,Y,55,S,3,K,19,C,4,S,3,R,3,C,1,Y,26,K,1,X,29,"L1:[sp=Y,250] C=52,R=3,X=29,Y=55,S=3,K=19 || L2:[sp=C,4] S=3,R=3,C=1,Y=26,K=1,X=29",-1069073.0,-1546.83,1,Y|C,2
K,250,C,43,K,19,S,3,Y,55,R,3,X,28,C,43,C,28,S,3,K,1,X,28,Y,26,R,3,"L1:[sp=K,250] C=43,K=19,S=3,Y=55,R=3,X=28 || L2:[sp=C,43] C=28,S=3,K=1,X=28,Y=26,R=3",-1072517.0,-1220.66,1,K|C,2
C,250,C,19,K,54,Y,55,X,49,R,3,S,3,C,1,S,3,X,49,K,1,R,3,Y,1,C,1,"L1:[sp=C,250] C=19,K=54,Y=55,X=49,R=3,S=3 || L2:[sp=C,1] S=3,X=49,K=1,R=3,Y=1,C=1",-1072517.0,-1309.16,1,C|C,2
Y,250,C,35,R,3,X,14,Y,55,S,3,K,40,C,4,K,1,R,3,X,14,S,3,Y,26,C,1,"L1:[sp=Y,250] C=35,R=3,X=14,Y=55,S=3,K=40 || L2:[sp=C,4] K=1,R=3,X=14,S=3,Y=26,C=1",-1096721.0,-1543.97,1,Y|C,2
Y,250,C,40,X,21,R,3,K,6,S,3,Y,55,C,4,S,3,R,3,X,21,K,5,Y,26,C,1,"L1:[sp=Y,250] C=40,X=21,R=3,K=6,S=3,Y=55 || L2:[sp=C,4] S=3,R=3,X=21,K=5,Y=26,C=1",-1106851.0,-1582.75,1,Y|C,2
Y,585,Y,12,R,3,C,26,S,3,X,8,K,50,K,44,K,1,Y,1,S,3,R,3,C,1,X,1,"L1:[sp=Y,585] Y=12,R=3,C=26,S=3,X=8,K=50 || L2:[sp=K,44] K=1,Y=1,S=3,R=3,C=1,X=1",-1119787.0,-5854.49,1,Y|K,2
K,250,R,3,C,59,K,22,Y,34,S,3,X,55,C,7,S,3,C,34,X,13,K,1,Y,26,R,3,"L1:[sp=K,250] R=3,C=59,K=22,Y=34,S=3,X=55 || L2:[sp=C,7] S=3,C=34,X=13,K=1,Y=26,R=3",-1130981.0,-1313.56,1,K|C,2
Y,250,C,40,R,3,X,26,K,40,S,3,Y,55,C,5,S,3,R,3,X,26,K,1,Y,26,C,1,"L1:[sp=Y,250] C=40,R=3,X=26,K=40,S=3,Y=55 || L2:[sp=C,5] S=3,R=3,X=26,K=1,Y=26,C=1",-1168141.0,-1507.76,1,Y|C,2
Y,250,C,35,R,3,X,55,Y,55,S,3,K,40,C,4,S,3,R,3,X,39,K,1,C,17,Y,5,"L1:[sp=Y,250] C=35,R=3,X=55,Y=55,S=3,K=40 || L2:[sp=C,4] S=3,R=3,X=39,K=1,C=17,Y=5",-1175045.0,-1233.44,1,Y|C,2
Y,250,Y,55,R,3,C,35,S,3,K,40,X,30,C,4,K,1,R,3,X,30,S,3,C,1,Y,26,"L1:[sp=Y,250] Y=55,R=3,C=35,S=3,K=40,X=30 || L2:[sp=C,4] K=1,R=3,X=30,S=3,C=1,Y=26",-1175049.0,-1230.57,1,Y|C,2
K,250,Y,55,K,38,R,3,S,3,C,42,X,11,Y,5,C,1,S,3,X,11,Y,1,R,3,K,5,"L1:[sp=K,250] Y=55,K=38,R=3,S=3,C=42,X=11 || L2:[sp=Y,5] C=1,S=3,X=11,Y=1,R=3,K=5",-1203851.0,-1214.87,1,K|Y,2
C,250,Y,55,K,63,C,38,S,3,R,3,X,9,Y,21,C,11,S,3,R,3,X,9,Y,1,K,4,"L1:[sp=C,250] Y=55,K=63,C=38,S=3,R=3,X=9 || L2:[sp=Y,21] C=11,S=3,R=3,X=9,Y=1,K=4",-1218901.0,-1340.38,1,C|Y,2
K,250,C,43,S,3,K,19,Y,46,R,3,X,17,C,43,C,1,S,3,X,17,K,1,Y,1,R,3,"L1:[sp=K,250] C=43,S=3,K=19,Y=46,R=3,X=17 || L2:[sp=C,43] C=1,S=3,X=17,K=1,Y=1,R=3",-1255841.0,-5300.18,1,K|C,2
K,250,C,43,K,19,S,3,Y,55,R,3,X,47,Y,1,C,1,S,3,X,12,K,1,Y,26,R,3,"L1:[sp=K,250] C=43,K=19,S=3,Y=55,R=3,X=47 || L2:[sp=Y,1] C=1,S=3,X=12,K=1,Y=26,R=3",-1269509.0,-1234.64,1,K|Y,2
K,250,C,35,R,3,S,3,Y,1,K,19,X,23,C,43,S,3,C,1,X,23,K,1,Y,1,R,3,"L1:[sp=K,250] C=35,R=3,S=3,Y=1,K=19,X=23 || L2:[sp=C,43] S=3,C=1,X=23,K=1,Y=1,R=3",-1274617.0,-6233.3,1,K|C,2
C,250,C,43,K,64,S,3,Y,55,R,3,X,55,Y,21,C,1,S,3,X,54,R,3,Y,1,K,47,"L1:[sp=C,250] C=43,K=64,S=3,Y=55,R=3,X=55 || L2:[sp=Y,21] C=1,S=3,X=54,R=3,Y=1,K=47",-1337474.0,-1175.2,1,C|Y,2
C,250,K,63,Y,55,C,42,S,3,R,3,X,1,Y,21,C,1,S,3,R,3,X,1,Y,1,K,4,"L1:[sp=C,250] K=63,Y=55,C=42,S=3,R=3,X=1 || L2:[sp=Y,21] C=1,S=3,R=3,X=1,Y=1,K=4",-1347301.0,-1342.58,1,C|Y,2
K,250,C,52,R,3,S,3,Y,55,X,31,K,19,Y,1,S,3,X,31,C,1,K,1,Y,26,R,3,"L1:[sp=K,250] C=52,R=3,S=3,Y=55,X=31,K=19 || L2:[sp=Y,1] S=3,X=31,C=1,K=1,Y=26,R=3",-1357061.0,-1272.17,1,K|Y,2
C,250,K,33,C,43,S,3,X,5,Y,55,R,3,Y,55,X,5,S,3,C,42,K,1,Y,1,R,3,"L1:[sp=C,250] K=33,C=43,S=3,X=5,Y=55,R=3 || L2:[sp=Y,55] X=5,S=3,C=42,K=1,Y=1,R=3",-1362263.0,-1194.1,1,C|Y,2
X,250,C,27,K,16,R,3,Y,53,X,56,S,3,K,61,Y,1,S,3,K,1,X,43,R,3,C,1,"L1:[sp=X,250] C=27,K=16,R=3,Y=53,X=56,S=3 || L2:[sp=K,61] Y=1,S=3,K=1,X=43,R=3,C=1",-1368601.0,-1127.81,1,X|K,2
Y,250,C,52,R,3,X,25,Y,55,S,3,K,19,C,4,S,3,K,1,R,3,Y,26,C,1,X,25,"L1:[sp=Y,250] C=52,R=3,X=25,Y=55,S=3,K=19 || L2:[sp=C,4] S=3,K=1,R=3,Y=26,C=1,X=25",-1382425.0,-1782.76,1,Y|C,2
K,250,R,3,C,40,X,55,Y,55,S,3,K,19,Y,5,S,3,C,1,X,3,K,1,Y,43,R,3,"L1:[sp=K,250] R=3,C=40,X=55,Y=55,S=3,K=19 || L2:[sp=Y,5] S=3,C=1,X=3,K=1,Y=43,R=3",-1411779.0,-1214.99,1,K|Y,2
C,592,S,3,R,3,X,10,C,18,K,62,Y,52,K,57,S,3,K,1,Y,1,X,1,C,1,R,3,"L1:[sp=C,592] S=3,R=3,X=10,C=18,K=62,Y=52 || L2:[sp=K,57] S=3,K=1,Y=1,X=1,C=1,R=3",-1417201.0,-6002.01,1,C|K,2
C,592,S,3,R,3,X,21,C,18,K,62,Y,8,K,57,S,3,Y,1,K,1,X,1,C,1,R,3,"L1:[sp=C,592] S=3,R=3,X=21,C=18,K=62,Y=8 || L2:[sp=K,57] S=3,Y=1,K=1,X=1,C=1,R=3",-1417219.0,-4430.69,1,C|K,2
C,592,S,3,R,3,X,21,C,18,K,62,Y,8,K,57,S,3,Y,1,K,1,X,1,C,11,R,3,"L1:[sp=C,592] S=3,R=3,X=21,C=18,K=62,Y=8 || L2:[sp=K,57] S=3,Y=1,K=1,X=1,C=11,R=3",-1417219.0,-4430.69,1,C|K,2
K,250,C,24,K,46,S,3,Y,55,R,3,X,2,C,1,C,1,S,3,Y,1,K,1,X,2,R,3,"L1:[sp=K,250] C=24,K=46,S=3,Y=55,R=3,X=2 || L2:[sp=C,1] C=1,S=3,Y=1,K=1,X=2,R=3",-1430866.0,-1167.25,1,K|C,2
Y,250,C,42,K,64,S,3,X,40,R,3,Y,55,C,2,C,1,S,3,R,3,X,40,Y,1,K,1,"L1:[sp=Y,250] C=42,K=64,S=3,X=40,R=3,Y=55 || L2:[sp=C,2] C=1,S=3,R=3,X=40,Y=1,K=1",-1474565.0,-1223.86,1,Y|C,2
X,250,C,40,K,54,R,3,Y,55,X,41,S,3,Y,55,S,3,R,3,K,1,X,41,Y,1,C,1,"L1:[sp=X,250] C=40,K=54,R=3,Y=55,X=41,S=3 || L2:[sp=Y,55] S=3,R=3,K=1,X=41,Y=1,C=1",-1511429.0,-1339.63,1,X|Y,2
K,265,C,45,R,3,Y,55,X,19,S,3,K,64,K,16,X,1,S,3,K,1,C,5,R,3,Y,14,"L1:[sp=K,265] C=45,R=3,Y=55,X=19,S=3,K=64 || L2:[sp=K,16] X=1,S=3,K=1,C=5,R=3,Y=14",-1516327.0,-1231.9,1,K|K,2
X,250,C,9,R,3,X,30,Y,55,K,40,S,3,C,43,S,3,C,1,X,12,K,1,Y,43,R,3,"L1:[sp=X,250] C=9,R=3,X=30,Y=55,K=40,S=3 || L2:[sp=C,43] S=3,C=1,X=12,K=1,Y=43,R=3",-1520657.0,-1137.75,1,X|C,2
X,61,Y,43,C,10,K,29,S,3,R,3,X,56,C,10,R,3,C,7,X,1,S,3,Y,1,K,1,"L1:[sp=X,61] Y=43,C=10,K=29,S=3,R=3,X=56 || L2:[sp=C,10] R=3,C=7,X=1,S=3,Y=1,K=1",-1524139.0,-1267.8,1,X|C,2
X,61,Y,21,C,10,K,29,S,3,R,3,X,56,C,10,R,3,C,7,X,1,S,3,Y,1,K,1,"L1:[sp=X,61] Y=21,C=10,K=29,S=3,R=3,X=56 || L2:[sp=C,10] R=3,C=7,X=1,S=3,Y=1,K=1",-1524160.0,-1491.23,1,X|C,2
C,250,C,43,S,3,Y,55,K,11,R,3,X,31,Y,21,C,28,S,3,X,31,R,3,K,1,Y,1,"L1:[sp=C,250] C=43,S=3,Y=55,K=11,R=3,X=31 || L2:[sp=Y,21] C=28,S=3,X=31,R=3,K=1,Y=1",-1535629.0,-1224.78,1,C|Y,2
Y,250,C,17,R,3,K,40,Y,55,S,3,X,55,K,2,X,46,R,3,S,3,K,1,C,11,Y,44,"L1:[sp=Y,250] C=17,R=3,K=40,Y=55,S=3,X=55 || L2:[sp=K,2] X=46,R=3,S=3,K=1,C=11,Y=44",-1566729.0,-1227.81,1,Y|K,2
K,250,C,53,Y,55,S,3,X,5,K,5,R,3,Y,55,C,1,S,3,X,5,R,3,Y,10,K,1,"L1:[sp=K,250] C=53,Y=55,S=3,X=5,K=5,R=3 || L2:[sp=Y,55] C=1,S=3,X=5,R=3,Y=10,K=1",-1584023.0,-1274.48,1,K|Y,2
K,199,R,3,C,64,S,3,X,40,Y,53,K,17,X,23,K,1,X,1,R,3,S,3,Y,1,C,1,"L1:[sp=K,199] R=3,C=64,S=3,X=40,Y=53,K=17 || L2:[sp=X,23] K=1,X=1,R=3,S=3,Y=1,C=1",-1586309.0,-4458.63,1,K|X,2
K,199,R,3,C,64,S,3,X,36,Y,53,K,17,X,23,K,1,X,1,R,3,S,3,Y,1,C,1,"L1:[sp=K,199] R=3,C=64,S=3,X=36,Y=53,K=17 || L2:[sp=X,23] K=1,X=1,R=3,S=3,Y=1,C=1",-1586309.0,-4221.95,1,K|X,2
K,199,R,3,C,55,S,3,K,17,Y,53,X,38,X,23,K,1,X,1,C,1,S,3,Y,1,R,3,"L1:[sp=K,199] R=3,C=55,S=3,K=17,Y=53,X=38 || L2:[sp=X,23] K=1,X=1,C=1,S=3,Y=1,R=3",-1586313.0,-6925.42,1,K|X,2
K,199,R,3,C,55,S,3,K,17,Y,53,X,33,X,23,K,1,X,1,C,1,S,3,Y,1,R,3,"L1:[sp=K,199] R=3,C=55,S=3,K=17,Y=53,X=33 || L2:[sp=X,23] K=1,X=1,C=1,S=3,Y=1,R=3",-1586313.0,-6407.51,1,K|X,2
K,199,R,3,C,45,S,3,K,17,Y,53,X,33,X,23,K,1,X,1,C,1,S,3,Y,1,R,3,"L1:[sp=K,199] R=3,C=45,S=3,K=17,Y=53,X=33 || L2:[sp=X,23] K=1,X=1,C=1,S=3,Y=1,R=3",-1586313.0,-5717.86,1,K|X,2
X,61,Y,43,C,36,K,64,S,3,R,3,X,56,C,10,R,3,C,1,X,47,S,3,Y,29,K,1,"L1:[sp=X,61] Y=43,C=36,K=64,S=3,R=3,X=56 || L2:[sp=C,10] R=3,C=1,X=47,S=3,Y=29,K=1",-1608773.0,-1223.96,1,X|C,2
Y,250,C,16,R,3,X,44,Y,55,S,3,K,19,C,4,S,3,R,3,X,44,K,1,C,1,Y,26,"L1:[sp=Y,250] C=16,R=3,X=44,Y=55,S=3,K=19 || L2:[sp=C,4] S=3,R=3,X=44,K=1,C=1,Y=26",-1622049.0,-1310.25,1,Y|C,2
K,250,C,35,R,3,S,3,Y,39,K,19,X,46,C,43,S,3,C,1,X,46,K,1,Y,26,R,3,"L1:[sp=K,250] C=35,R=3,S=3,Y=39,K=19,X=46 || L2:[sp=C,43] S=3,C=1,X=46,K=1,Y=26,R=3",-1636137.0,-5096.54,1,K|C,2
C,250,C,43,K,24,S,3,Y,55,R,3,X,32,X,5,C,1,S,3,X,32,R,3,Y,1,K,5,"L1:[sp=C,250] C=43,K=24,S=3,Y=55,R=3,X=32 || L2:[sp=X,5] C=1,S=3,X=32,R=3,Y=1,K=5",-1659463.0,-1215.19,1,C|X,2
C,250,C,53,K,5,S,3,X,27,Y,55,R,3,K,1,C,1,S,3,X,27,R,3,Y,1,K,5,"L1:[sp=C,250] C=53,K=5,S=3,X=27,Y=55,R=3 || L2:[sp=K,1] C=1,S=3,X=27,R=3,Y=1,K=5",-1674297.0,-1266.42,1,C|K,2
C,250,C,53,K,5,S,3,X,2,Y,55,R,3,K,1,C,1,S,3,X,2,R,3,Y,1,K,5,"L1:[sp=C,250] C=53,K=5,S=3,X=2,Y=55,R=3 || L2:[sp=K,1] C=1,S=3,X=2,R=3,Y=1,K=5",-1674622.0,-1348.6,1,C|K,2
K,770,C,48,X,51,Y,29,R,3,S,3,K,1,K,3,C,1,Y,1,R,3,S,3,X,1,K,1,"L1:[sp=K,770] C=48,X=51,Y=29,R=3,S=3,K=1 || L2:[sp=K,3] C=1,Y=1,R=3,S=3,X=1,K=1",-1679625.0,-5437.73,1,K|K,2
K,770,C,48,X,5,Y,29,R,3,S,3,K,3,K,3,C,1,Y,1,R,3,S,3,X,1,K,1,"L1:[sp=K,770] C=48,X=5,Y=29,R=3,S=3,K=3 || L2:[sp=K,3] C=1,Y=1,R=3,S=3,X=1,K=1",-1679661.0,-4749.56,1,K|K,2
K,97,S,3,Y,6,K,1,C,34,X,6,R,3,K,1,R,3,S,3,K,1,X,1,Y,1,C,1,"L1:[sp=K,97] S=3,Y=6,K=1,C=34,X=6,R=3 || L2:[sp=K,1] R=3,S=3,K=1,X=1,Y=1,C=1",-1679779.0,-4601.32,1,K|K,2
K,97,S,3,Y,6,K,1,C,50,X,6,R,3,K,1,R,3,S,3,K,1,X,1,Y,1,C,1,"L1:[sp=K,97] S=3,Y=6,K=1,C=50,X=6,R=3 || L2:[sp=K,1] R=3,S=3,K=1,X=1,Y=1,C=1",-1679779.0,-5548.06,1,K|K,2
K,97,S,3,Y,6,K,1,C,34,X,4,R,3,K,1,R,3,S,3,K,1,X,1,Y,1,C,1,"L1:[sp=K,97] S=3,Y=6,K=1,C=34,X=4,R=3 || L2:[sp=K,1] R=3,S=3,K=1,X=1,Y=1,C=1",-1679869.0,-4643.24,1,K|K,2
K,57,Y,12,S,3,R,3,X,2,K,32,C,33,K,32,X,1,S,3,Y,1,R,3,K,1,C,1,"L1:[sp=K,57] Y=12,S=3,R=3,X=2,K=32,C=33 || L2:[sp=K,32] X=1,S=3,Y=1,R=3,K=1,C=1",-1679887.0,-15016.3,1,K|K,2
C,250,K,54,C,21,Y,55,X,35,R,3,S,3,C,1,S,3,R,3,K,1,X,35,Y,26,C,1,"L1:[sp=C,250] K=54,C=21,Y=55,X=35,R=3,S=3 || L2:[sp=C,1] S=3,R=3,K=1,X=35,Y=26,C=1",-1693445.0,-1297.65,1,C|C,2
C,57,Y,12,S,3,R,3,X,9,K,32,C,33,K,32,Y,1,S,3,X,1,C,1,K,1,R,3,"L1:[sp=C,57] Y=12,S=3,R=3,X=9,K=32,C=33 || L2:[sp=K,32] Y=1,S=3,X=1,C=1,K=1,R=3",-1732165.0,-5335.24,1,C|K,2
C,57,Y,12,S,3,R,3,X,2,K,32,C,33,K,32,Y,6,S,3,X,1,C,1,K,1,R,3,"L1:[sp=C,57] Y=12,S=3,R=3,X=2,K=32,C=33 || L2:[sp=K,32] Y=6,S=3,X=1,C=1,K=1,R=3",-1732375.0,-13619.2,1,C|K,2
Y,576,X,33,S,3,C,20,K,15,R,3,Y,8,C,10,C,1,S,3,X,1,K,1,R,3,Y,1,"L1:[sp=Y,576] X=33,S=3,C=20,K=15,R=3,Y=8 || L2:[sp=C,10] C=1,S=3,X=1,K=1,R=3,Y=1",-1741865.0,-6041.06,1,Y|C,2
Y,34,X,41,K,10,Y,16,S,3,C,52,R,3,X,31,C,1,X,1,K,1,S,3,R,3,Y,1,"L1:[sp=Y,34] X=41,K=10,Y=16,S=3,C=52,R=3 || L2:[sp=X,31] C=1,X=1,K=1,S=3,R=3,Y=1",-1769501.0,-12592.1,1,Y|X,2
X,770,S,3,Y,29,X,19,R,3,C,48,K,3,C,34,C,1,Y,1,R,3,S,3,X,1,K,1,"L1:[sp=X,770] S=3,Y=29,X=19,R=3,C=48,K=3 || L2:[sp=C,34] C=1,Y=1,R=3,S=3,X=1,K=1",-1773017.0,-4600.19,1,X|C,2
K,250,S,3,C,42,R,3,X,8,Y,55,K,55,C,2,C,3,S,3,R,3,X,8,Y,26,K,1,"L1:[sp=K,250] S=3,C=42,R=3,X=8,Y=55,K=55 || L2:[sp=C,2] C=3,S=3,R=3,X=8,Y=26,K=1",-1829535.0,-1215.23,1,K|C,2
Y,250,R,3,X,51,C,48,Y,55,S,3,K,19,C,4,Y,26,R,3,X,51,K,1,C,1,S,3,"L1:[sp=Y,250] R=3,X=51,C=48,Y=55,S=3,K=19 || L2:[sp=C,4] Y=26,R=3,X=51,K=1,C=1,S=3",-1880081.0,-1557.82,1,Y|C,2
K,973,S,3,Y,36,C,15,R,3,X,33,K,8,C,8,C,1,K,1,Y,1,R,3,S,3,X,1,"L1:[sp=K,973] S=3,Y=36,C=15,R=3,X=33,K=8 || L2:[sp=C,8] C=1,K=1,Y=1,R=3,S=3,X=1",-1889589.0,-6466.54,1,K|C,2
C,592,S,3,R,3,X,21,C,18,K,62,Y,8,K,31,S,3,Y,1,K,2,X,1,C,1,R,3,"L1:[sp=C,592] S=3,R=3,X=21,C=18,K=62,Y=8 || L2:[sp=K,31] S=3,Y=1,K=2,X=1,C=1,R=3",-1889611.0,-4430.69,1,C|K,2
X,250,C,16,R,3,X,55,Y,55,S,3,K,19,Y,5,S,3,R,3,X,13,K,1,C,1,Y,26,"L1:[sp=X,250] C=16,R=3,X=55,Y=55,S=3,K=19 || L2:[sp=Y,5] S=3,R=3,X=13,K=1,C=1,Y=26",-1916945.0,-1205.61,1,X|Y,2
K,250,C,40,K,47,Y,55,X,36,R,3,S,3,C,2,C,1,S,3,R,3,X,36,Y,26,K,1,"L1:[sp=K,250] C=40,K=47,Y=55,X=36,R=3,S=3 || L2:[sp=C,2] C=1,S=3,R=3,X=36,Y=26,K=1",-1949189.0,-1209.85,1,K|C,2
C,250,C,40,K,54,Y,55,X,43,R,3,S,3,Y,1,S,3,X,43,K,1,R,3,Y,1,C,1,"L1:[sp=C,250] C=40,K=54,Y=55,X=43,R=3,S=3 || L2:[sp=Y,1] S=3,X=43,K=1,R=3,Y=1,C=1",-1981445.0,-1304.22,1,C|Y,2
X,61,Y,43,C,36,K,29,S,3,R,3,X,56,K,1,R,3,C,1,X,1,S,3,Y,1,K,1,"L1:[sp=X,61] Y=43,C=36,K=29,S=3,R=3,X=56 || L2:[sp=K,1] R=3,C=1,X=1,S=3,Y=1,K=1",-1990669.0,-1400.09,1,X|K,2
Y,250,C,43,K,61,S,3,Y,55,R,3,X,18,Y,21,C,1,S,3,X,1,R,3,Y,1,K,1,"L1:[sp=Y,250] C=43,K=61,S=3,Y=55,R=3,X=18 || L2:[sp=Y,21] C=1,S=3,X=1,R=3,Y=1,K=1",-1990669.0,-1425.32,1,Y|Y,2
Y,576,X,30,S,3,C,42,K,15,R,3,Y,8,C,10,K,1,S,3,X,1,C,1,R,3,Y,1,"L1:[sp=Y,576] X=30,S=3,C=42,K=15,R=3,Y=8 || L2:[sp=C,10] K=1,S=3,X=1,C=1,R=3,Y=1",-1990677.0,-4433.24,1,Y|C,2
Y,585,K,32,R,3,C,26,S,3,X,8,Y,8,Y,8,K,1,Y,1,S,3,R,3,C,1,X,1,"L1:[sp=Y,585] K=32,R=3,C=26,S=3,X=8,Y=8 || L2:[sp=Y,8] K=1,Y=1,S=3,R=3,C=1,X=1",-1990699.0,-5725.4,1,Y|Y,2
Y,250,S,3,C,22,K,19,X,9,Y,55,R,3,C,2,C,1,S,3,R,3,X,9,K,1,Y,26,"L1:[sp=Y,250] S=3,C=22,K=19,X=9,Y=55,R=3 || L2:[sp=C,2] C=1,S=3,R=3,X=9,K=1,Y=26",-1990729.0,-1219.67,1,Y|C,2
Y,1015,R,3,Y,1,C,43,K,3,S,3,X,15,Y,1,X,1,K,1,S,3,C,1,Y,1,R,3,"L1:[sp=Y,1015] R=3,Y=1,C=43,K=3,S=3,X=15 || L2:[sp=Y,1] X=1,K=1,S=3,C=1,Y=1,R=3",-1990833.0,-62883.7,1,Y|Y,2
X,12,S,3,C,11,R,3,X,5,Y,1,K,32,X,5,K,1,S,3,C,1,R,3,X,1,Y,1,"L1:[sp=X,12] S=3,C=11,R=3,X=5,Y=1,K=32 || L2:[sp=X,5] K=1,S=3,C=1,R=3,X=1,Y=1",-1991305.0,-11472.7,1,X|X,2
K,265,C,45,R,3,Y,55,X,38,S,3,K,64,Y,1,X,1,S,3,K,1,C,5,R,3,Y,1,"L1:[sp=K,265] C=45,R=3,Y=55,X=38,S=3,K=64 || L2:[sp=Y,1] X=1,S=3,K=1,C=5,R=3,Y=1",-2021765.0,-1239.22,1,K|Y,2
K,886,S,3,C,13,R,3,Y,12,K,13,X,37,X,14,R,3,Y,1,K,1,C,1,S,3,X,1,"L1:[sp=K,886] S=3,C=13,R=3,Y=12,K=13,X=37 || L2:[sp=X,14] R=3,Y=1,K=1,C=1,S=3,X=1",-2021811.0,-6651.28,1,K|X,2
Y,34,X,41,K,10,Y,16,S,3,C,52,R,3,X,31,C,30,X,1,S,3,K,1,R,3,Y,1,"L1:[sp=Y,34] X=41,K=10,Y=16,S=3,C=52,R=3 || L2:[sp=X,31] C=30,X=1,S=3,K=1,R=3,Y=1",-2045981.0,-12592.1,1,Y|X,2
K,250,C,53,R,3,Y,50,S,3,X,55,K,19,C,43,S,3,C,1,X,54,K,1,Y,26,R,3,"L1:[sp=K,250] C=53,R=3,Y=50,S=3,X=55,K=19 || L2:[sp=C,43] S=3,C=1,X=54,K=1,Y=26,R=3",-2049953.0,-1294.89,1,K|C,2
K,265,R,3,C,45,Y,46,X,19,S,3,K,8,C,43,X,1,S,3,K,1,C,5,R,3,Y,1,"L1:[sp=K,265] R=3,C=45,Y=46,X=19,S=3,K=8 || L2:[sp=C,43] X=1,S=3,K=1,C=5,R=3,Y=1",-2099533.0,-4804.72,1,K|C,2
K,250,R,3,K,31,S,3,Y,55,C,42,X,12,K,1,X,12,S,3,C,5,R,3,K,1,Y,26,"L1:[sp=K,250] R=3,K=31,S=3,Y=55,C=42,X=12 || L2:[sp=K,1] X=12,S=3,C=5,R=3,K=1,Y=26",-2142731.0,-1216.67,1,K|K,2
K,250,Y,55,R,3,S,3,C,35,K,61,X,15,C,2,S,3,X,15,Y,26,C,1,K,1,R,3,"L1:[sp=K,250] Y=55,R=3,S=3,C=35,K=61,X=15 || L2:[sp=C,2] S=3,X=15,Y=26,C=1,K=1,R=3",-2174049.0,-1178.44,1,K|C,2
X,578,R,3,K,40,C,64,S,3,X,10,Y,22,C,10,R,3,C,1,X,1,K,2,S,3,Y,1,"L1:[sp=X,578] R=3,K=40,C=64,S=3,X=10,Y=22 || L2:[sp=C,10] R=3,C=1,X=1,K=2,S=3,Y=1",-2177287.0,-4037.86,1,X|C,2
X,578,R,3,K,29,C,64,S,3,X,10,Y,22,C,10,R,3,C,1,X,1,K,1,S,3,Y,1,"L1:[sp=X,578] R=3,K=29,C=64,S=3,X=10,Y=22 || L2:[sp=C,10] R=3,C=1,X=1,K=1,S=3,Y=1",-2177290.0,-4850.64,1,X|C,2
X,578,R,3,K,29,C,55,S,3,X,10,Y,53,C,10,R,3,C,1,X,1,K,1,S,3,Y,1,"L1:[sp=X,578] R=3,K=29,C=55,S=3,X=10,Y=53 || L2:[sp=C,10] R=3,C=1,X=1,K=1,S=3,Y=1",-2177293.0,-10953.9,1,X|C,2
C,425,R,3,S,3,K,60,C,10,Y,8,X,33,Y,36,C,1,X,1,Y,1,K,1,S,3,R,3,"L1:[sp=C,425] R=3,S=3,K=60,C=10,Y=8,X=33 || L2:[sp=Y,36] C=1,X=1,Y=1,K=1,S=3,R=3",-2177309.0,-4623.55,1,C|Y,2
X,203,C,1,Y,1,S,3,X,1,K,1,R,3,X,2,R,3,X,1,Y,1,K,1,S,3,C,1,"L1:[sp=X,203] C=1,Y=1,S=3,X=1,K=1,R=3 || L2:[sp=X,2] R=3,X=1,Y=1,K=1,S=3,C=1",-2211841.0,-61375.5,1,X|X,2
C,250,X,5,R,3,Y,46,S,3,C,35,K,64,Y,56,S,3,C,1,X,5,K,1,Y,1,R,3,"L1:[sp=C,250] X=5,R=3,Y=46,S=3,C=35,K=64 || L2:[sp=Y,56] S=3,C=1,X=5,K=1,Y=1,R=3",-2217623.0,-3956.23,1,C|Y,2
K,250,C,50,K,5,S,3,X,37,R,3,Y,43,K,5,C,1,S,3,X,37,R,3,Y,1,K,1,"L1:[sp=K,250] C=50,K=5,S=3,X=37,R=3,Y=43 || L2:[sp=K,5] C=1,S=3,X=37,R=3,Y=1,K=1",-2301705.0,-5799.02,1,K|K,2
K,250,C,35,R,3,S,3,Y,55,K,19,X,53,X,53,S,3,K,1,X,53,C,1,Y,26,R,3,"L1:[sp=K,250] C=35,R=3,S=3,Y=55,K=19,X=53 || L2:[sp=X,53] S=3,K=1,X=53,C=1,Y=26,R=3",-2320133.0,-1192.22,1,K|X,2
C,250,C,54,R,3,X,25,Y,55,S,3,K,10,K,2,S,3,R,3,X,25,Y,26,K,1,C,1,"L1:[sp=C,250] C=54,R=3,X=25,Y=55,S=3,K=10 || L2:[sp=K,2] S=3,R=3,X=25,Y=26,K=1,C=1",-2332822.0,-1491.6,1,C|K,2
K,250,C,43,K,19,S,3,Y,37,R,3,X,55,C,43,C,43,S,3,X,3,K,1,Y,1,R,3,"L1:[sp=K,250] C=43,K=19,S=3,Y=37,R=3,X=55 || L2:[sp=C,43] C=43,S=3,X=3,K=1,Y=1,R=3",-2382377.0,-1227.28,1,K|C,2
X,801,K,10,R,3,C,12,S,3,Y,26,X,11,K,10,X,1,C,1,K,1,Y,1,R,3,S,3,"L1:[sp=X,801] K=10,R=3,C=12,S=3,Y=26,X=11 || L2:[sp=K,10] X=1,C=1,K=1,Y=1,R=3,S=3",-2395135.0,-15196.7,1,X|K,2
Y,250,C,36,K,61,S,3,Y,55,R,3,X,55,Y,21,C,1,S,3,X,48,R,3,Y,11,K,1,"L1:[sp=Y,250] C=36,K=61,S=3,Y=55,R=3,X=55 || L2:[sp=Y,21] C=1,S=3,X=48,R=3,Y=11,K=1",-2433029.0,-1356.1,1,Y|Y,2
K,250,R,3,S,3,X,23,Y,55,C,14,K,26,C,5,S,3,C,1,X,23,Y,43,K,1,R,3,"L1:[sp=K,250] R=3,S=3,X=23,Y=55,C=14,K=26 || L2:[sp=C,5] S=3,C=1,X=23,Y=43,K=1,R=3",-2486500.0,-1414.08,1,K|C,2
K,250,R,3,S,3,X,55,Y,14,C,40,K,32,C,5,S,3,K,2,X,21,Y,14,C,1,R,3,"L1:[sp=K,250] R=3,S=3,X=55,Y=14,C=40,K=32 || L2:[sp=C,5] S=3,K=2,X=21,Y=14,C=1,R=3",-2515977.0,-1319.84,1,K|C,2
K,250,C,43,X,41,S,3,Y,36,R,3,K,31,K,31,C,1,S,3,X,41,R,3,Y,1,K,1,"L1:[sp=K,250] C=43,X=41,S=3,Y=36,R=3,K=31 || L2:[sp=K,31] C=1,S=3,X=41,R=3,Y=1,K=1",-2550537.0,-5169.13,1,K|K,2
C,250,X,8,K,54,Y,55,C,40,R,3,S,3,X,2,S,3,X,8,K,1,R,3,Y,26,C,34,"L1:[sp=C,250] X=8,K=54,Y=55,C=40,R=3,S=3 || L2:[sp=X,2] S=3,X=8,K=1,R=3,Y=26,C=34",-2580495.0,-2083.03,1,C|X,2
Y,250,R,3,K,11,C,35,Y,55,S,3,X,35,C,1,R,3,C,1,X,35,Y,1,S,3,K,3,"L1:[sp=Y,250] R=3,K=11,C=35,Y=55,S=3,X=35 || L2:[sp=C,1] R=3,C=1,X=35,Y=1,S=3,K=3",-2580505.0,-1266.97,1,Y|C,2
C,57,Y,12,C,33,R,3,X,27,K,24,S,3,K,32,Y,1,S,3,X,1,C,1,K,1,R,3,"L1:[sp=C,57] Y=12,C=33,R=3,X=27,K=24,S=3 || L2:[sp=K,32] Y=1,S=3,X=1,C=1,K=1,R=3",-2598187.0,-4132.1,1,C|K,2
C,250,X,55,C,26,Y,55,S,3,R,3,K,32,Y,5,S,3,C,1,X,19,K,1,Y,11,R,3,"L1:[sp=C,250] X=55,C=26,Y=55,S=3,R=3,K=32 || L2:[sp=Y,5] S=3,C=1,X=19,K=1,Y=11,R=3",-2635779.0,-1175.2,1,C|Y,2
Y,250,C,17,R,3,K,40,Y,55,S,3,X,55,K,2,X,39,R,3,S,3,K,1,C,1,Y,44,"L1:[sp=Y,250] C=17,R=3,K=40,Y=55,S=3,X=55 || L2:[sp=K,2] X=39,R=3,S=3,K=1,C=1,Y=44",-2764809.0,-1227.81,1,Y|K,2
Y,250,C,35,R,3,K,40,Y,4,S,3,X,47,C,5,X,47,C,1,S,3,K,1,R,3,Y,4,"L1:[sp=Y,250] C=35,R=3,K=40,Y=4,S=3,X=47 || L2:[sp=C,5] X=47,C=1,S=3,K=1,R=3,Y=4",-2815497.0,-6152.7,1,Y|C,2
Y,34,X,48,K,10,Y,26,S,3,C,52,R,3,X,31,C,1,X,1,K,1,S,3,R,3,Y,1,"L1:[sp=Y,34] X=48,K=10,Y=26,S=3,C=52,R=3 || L2:[sp=X,31] C=1,X=1,K=1,S=3,R=3,Y=1",-2875421.0,-13794.4,1,Y|X,2
K,250,R,3,C,40,S,3,Y,55,X,24,K,41,X,1,S,3,C,1,X,14,Y,26,K,1,R,3,"L1:[sp=K,250] R=3,C=40,S=3,Y=55,X=24,K=41 || L2:[sp=X,1] S=3,C=1,X=14,Y=26,K=1,R=3",-2928391.0,-1209.85,1,K|X,2
Y,250,C,40,R,3,X,27,Y,55,S,3,K,40,C,4,S,3,R,3,X,27,K,38,Y,15,C,1,"L1:[sp=Y,250] C=40,R=3,X=27,Y=55,S=3,K=40 || L2:[sp=C,4] S=3,R=3,X=27,K=38,Y=15,C=1",-2939337.0,-1376.27,1,Y|C,2
K,199,R,3,C,55,S,3,K,32,Y,53,X,38,X,23,K,1,X,1,C,1,S,3,Y,1,R,3,"L1:[sp=K,199] R=3,C=55,S=3,K=32,Y=53,X=38 || L2:[sp=X,23] K=1,X=1,C=1,S=3,Y=1,R=3",-2985993.0,-6058.82,1,K|X,2
C,275,S,3,R,3,X,9,C,24,K,59,Y,28,Y,22,K,1,S,3,X,1,C,1,R,3,Y,1,"L1:[sp=C,275] S=3,R=3,X=9,C=24,K=59,Y=28 || L2:[sp=Y,22] K=1,S=3,X=1,C=1,R=3,Y=1",-2986009.0,-4388.78,1,C|Y,2
C,250,C,10,K,31,S,3,Y,55,R,3,X,51,Y,21,C,1,S,3,X,10,R,3,Y,10,K,1,"L1:[sp=C,250] C=10,K=31,S=3,Y=55,R=3,X=51 || L2:[sp=Y,21] C=1,S=3,X=10,R=3,Y=10,K=1",-2995207.0,-1287.79,1,C|Y,2
C,250,X,44,R,3,Y,55,S,3,C,40,K,64,C,4,S,3,C,1,X,44,K,1,Y,12,R,3,"L1:[sp=C,250] X=44,R=3,Y=55,S=3,C=40,K=64 || L2:[sp=C,4] S=3,C=1,X=44,K=1,Y=12,R=3",-3041283.0,-1184.51,1,C|C,2
K,250,X,55,K,19,S,3,R,3,Y,55,C,36,Y,55,K,1,X,32,Y,13,C,1,S,3,R,3,"L1:[sp=K,250] X=55,K=19,S=3,R=3,Y=55,C=36 || L2:[sp=Y,55] K=1,X=32,Y=13,C=1,S=3,R=3",-3129987.0,-1195.23,1,K|Y,2
K,250,R,3,S,3,X,38,Y,55,C,40,K,32,C,5,S,3,C,1,X,38,Y,43,K,1,R,3,"L1:[sp=K,250] R=3,S=3,X=38,Y=55,C=40,K=32 || L2:[sp=C,5] S=3,C=1,X=38,Y=43,K=1,R=3",-3129989.0,-1226.7,1,K|C,2
X,250,Y,55,K,38,S,3,C,59,R,3,X,51,C,2,C,52,S,3,Y,1,X,51,R,3,K,5,"L1:[sp=X,250] Y=55,K=38,S=3,C=59,R=3,X=51 || L2:[sp=C,2] C=52,S=3,Y=1,X=51,R=3,K=5",-3150581.0,-1375.68,1,X|C,2
K,250,C,54,K,41,S,3,Y,2,R,3,X,8,C,43,S,3,C,1,X,8,K,1,Y,2,R,3,"L1:[sp=K,250] C=54,K=41,S=3,Y=2,R=3,X=8 || L2:[sp=C,43] S=3,C=1,X=8,K=1,Y=2,R=3",-3347947.0,-5776.42,1,K|C,2
K,532,S,3,K,28,C,38,Y,47,X,35,R,3,K,25,S,3,R,3,C,1,K,1,X,1,Y,1,"L1:[sp=K,532] S=3,K=28,C=38,Y=47,X=35,R=3 || L2:[sp=K,25] S=3,R=3,C=1,K=1,X=1,Y=1",-3359241.0,-5097.19,1,K|K,2
K,984,Y,51,R,3,K,30,C,38,S,3,X,26,K,19,R,3,K,1,X,1,Y,1,S,3,C,1,"L1:[sp=K,984] Y=51,R=3,K=30,C=38,S=3,X=26 || L2:[sp=K,19] R=3,K=1,X=1,Y=1,S=3,C=1",-3359245.0,-5654.11,1,K|K,2
C,648,C,25,K,32,X,14,R,3,Y,38,S,3,C,16,S,3,K,1,C,1,Y,1,X,1,R,3,"L1:[sp=C,648] C=25,K=32,X=14,R=3,Y=38,S=3 || L2:[sp=C,16] S=3,K=1,C=1,Y=1,X=1,R=3",-3359249.0,-4533.15,1,C|C,2
C,592,S,3,R,3,X,21,Y,8,K,62,C,18,C,9,S,3,Y,1,K,1,X,1,C,1,R,3,"L1:[sp=C,592] S=3,R=3,X=21,Y=8,K=62,C=18 || L2:[sp=C,9] S=3,Y=1,K=1,X=1,C=1,R=3",-3359275.0,-6274.85,1,C|C,2
C,250,C,40,K,15,Y,55,X,47,R,3,S,3,K,61,S,3,R,3,X,47,K,1,Y,33,C,1,"L1:[sp=C,250] C=40,K=15,Y=55,X=47,R=3,S=3 || L2:[sp=K,61] S=3,R=3,X=47,K=1,Y=33,C=1",-3553211.0,-1264.78,1,C|K,2
K,250,R,3,S,3,X,55,Y,55,C,40,K,32,C,5,S,3,C,22,X,28,Y,43,K,1,R,3,"L1:[sp=K,250] R=3,S=3,X=55,Y=55,C=40,K=32 || L2:[sp=C,5] S=3,C=22,X=28,Y=43,K=1,R=3",-3624195.0,-1165.41,1,K|C,2
C,250,C,40,K,56,Y,54,X,47,R,3,S,3,K,61,S,3,R,3,X,47,K,1,Y,1,C,1,"L1:[sp=C,250] C=40,K=56,Y=54,X=47,R=3,S=3 || L2:[sp=K,61] S=3,R=3,X=47,K=1,Y=1,C=1",-3654725.0,-4285.5,1,C|K,2
C,250,C,40,K,56,Y,27,X,47,R,3,S,3,K,61,S,3,R,3,X,47,K,1,Y,1,C,1,"L1:[sp=C,250] C=40,K=56,Y=27,X=47,R=3,S=3 || L2:[sp=K,61] S=3,R=3,X=47,K=1,Y=1,C=1",-3654729.0,-4753.12,1,C|K,2
Y,250,Y,24,K,16,S,3,C,10,X,34,R,3,K,31,C,7,S,3,X,34,R,3,Y,1,K,1,"L1:[sp=Y,250] Y=24,K=16,S=3,C=10,X=34,R=3 || L2:[sp=K,31] C=7,S=3,X=34,R=3,Y=1,K=1",-3701433.0,-11537.4,1,Y|K,2
K,250,S,3,C,10,K,19,Y,33,X,26,R,3,C,43,S,3,K,1,X,26,C,1,Y,26,R,3,"L1:[sp=K,250] S=3,C=10,K=19,Y=33,X=26,R=3 || L2:[sp=C,43] S=3,K=1,X=26,C=1,Y=26,R=3",-3734683.0,-8458.97,1,K|C,2
Y,133,S,3,K,45,R,3,C,42,X,5,Y,41,K,36,X,1,K,1,C,1,S,3,R,3,Y,1,"L1:[sp=Y,133] S=3,K=45,R=3,C=42,X=5,Y=41 || L2:[sp=K,36] X=1,K=1,C=1,S=3,R=3,Y=1",-3825837.0,-5133.09,1,Y|K,2
C,250,X,54,K,19,Y,55,C,21,R,3,S,3,C,1,S,3,X,28,K,1,R,3,Y,8,C,1,"L1:[sp=C,250] X=54,K=19,Y=55,C=21,R=3,S=3 || L2:[sp=C,1] S=3,X=28,K=1,R=3,Y=8,C=1",-3919109.0,-1204.78,1,C|C,2
Y,250,C,27,Y,45,X,55,R,3,S,3,K,19,C,4,S,3,R,3,K,1,Y,26,C,1,X,9,"L1:[sp=Y,250] C=27,Y=45,X=55,R=3,S=3,K=19 || L2:[sp=C,4] S=3,R=3,K=1,Y=26,C=1,X=9",-3965773.0,-1229.28,1,Y|C,2
Y,383,X,8,Y,49,C,54,R,3,K,63,S,3,Y,26,Y,1,K,1,S,3,R,3,X,1,C,1,"L1:[sp=Y,383] X=8,Y=49,C=54,R=3,K=63,S=3 || L2:[sp=Y,26] Y=1,K=1,S=3,R=3,X=1,C=1",-3981341.0,-7346.76,1,Y|Y,2
Y,355,X,23,Y,46,R,3,S,3,K,10,C,40,Y,38,R,3,S,3,K,1,X,1,Y,1,C,1,"L1:[sp=Y,355] X=23,Y=46,R=3,S=3,K=10,C=40 || L2:[sp=Y,38] R=3,S=3,K=1,X=1,Y=1,C=1",-3981355.0,-9171.9,1,Y|Y,2
X,213,C,36,R,3,K,38,X,54,S,3,Y,4,X,39,Y,1,S,3,C,1,K,1,X,1,R,3,"L1:[sp=X,213] C=36,R=3,K=38,X=54,S=3,Y=4 || L2:[sp=X,39] Y=1,S=3,C=1,K=1,X=1,R=3",-3981369.0,-4723.67,1,X|X,2
X,12,S,3,C,11,R,3,X,8,Y,1,K,32,X,5,K,1,S,3,C,1,R,3,X,1,Y,1,"L1:[sp=X,12] S=3,C=11,R=3,X=8,Y=1,K=32 || L2:[sp=X,5] K=1,S=3,C=1,R=3,X=1,Y=1",-3981961.0,-11351.8,1,X|X,2
X,61,Y,43,C,34,K,29,S,3,R,3,X,56,C,10,R,3,C,1,X,34,S,3,Y,1,K,9,"L1:[sp=X,61] Y=43,C=34,K=29,S=3,R=3,X=56 || L2:[sp=C,10] R=3,C=1,X=34,S=3,Y=1,K=9",-4082413.0,-1375.51,1,X|C,2
X,801,K,6,C,12,R,3,S,3,Y,16,X,11,K,10,X,1,C,12,K,1,Y,1,R,3,S,3,"L1:[sp=X,801] K=6,C=12,R=3,S=3,Y=16,X=11 || L2:[sp=K,10] X=1,C=12,K=1,Y=1,R=3,S=3",-4234297.0,-18011.8,1,X|K,2
C,57,Y,12,C,33,R,3,X,50,K,14,S,3,K,32,Y,6,S,3,X,1,C,1,K,1,R,3,"L1:[sp=C,57] Y=12,C=33,R=3,X=50,K=14,S=3 || L2:[sp=K,32] Y=6,S=3,X=1,C=1,K=1,R=3",-4330311.0,-5186.76,1,C|K,2
Y,585,Y,47,R,3,C,61,S,3,K,50,X,19,K,44,K,1,Y,1,S,3,R,3,C,1,X,1,"L1:[sp=Y,585] Y=47,R=3,C=61,S=3,K=50,X=19 || L2:[sp=K,44] K=1,Y=1,S=3,R=3,C=1,X=1",-4385677.0,-6022.33,1,Y|K,2
X,514,X,1,R,3,S,3,K,1,Y,1,C,1,X,19,Y,1,R,3,K,1,X,1,S,3,C,1,"L1:[sp=X,514] X=1,R=3,S=3,K=1,Y=1,C=1 || L2:[sp=X,19] Y=1,R=3,K=1,X=1,S=3,C=1",-4423681.0,-530795.0,1,X|X,2
Y,250,S,3,C,22,X,20,K,19,Y,55,R,3,C,2,C,1,S,3,R,3,X,20,Y,25,K,1,"L1:[sp=Y,250] S=3,C=22,X=20,K=19,Y=55,R=3 || L2:[sp=C,2] C=1,S=3,R=3,X=20,Y=25,K=1",-4423717.0,-1473.07,1,Y|C,2
Y,425,R,3,K,60,S,3,C,36,Y,47,X,33,Y,36,C,26,X,1,Y,1,K,1,S,3,R,3,"L1:[sp=Y,425] R=3,K=60,S=3,C=36,Y=47,X=33 || L2:[sp=Y,36] C=26,X=1,Y=1,K=1,S=3,R=3",-4478985.0,-5043.87,1,Y|Y,2
C,955,R,3,S,3,X,50,C,44,K,43,Y,13,K,21,Y,1,K,1,S,3,R,3,C,1,X,1,"L1:[sp=C,955] R=3,S=3,X=50,C=44,K=43,Y=13 || L2:[sp=K,21] Y=1,K=1,S=3,R=3,C=1,X=1",-4618965.0,-5523.98,1,C|K,2
K,199,R,3,C,42,S,3,K,50,Y,53,X,33,X,23,K,1,X,1,C,1,S,3,Y,1,R,3,"L1:[sp=K,199] R=3,C=42,S=3,K=50,Y=53,X=33 || L2:[sp=X,23] K=1,X=1,C=1,S=3,Y=1,R=3",-4665609.0,-5510.97,1,K|X,2
Y,578,R,3,K,29,C,64,S,3,X,36,Y,22,C,10,R,3,C,1,X,1,K,1,S,3,Y,1,"L1:[sp=Y,578] R=3,K=29,C=64,S=3,X=36,Y=22 || L2:[sp=C,10] R=3,C=1,X=1,K=1,S=3,Y=1",-4790023.0,-4311.53,1,Y|C,2
C,585,Y,8,R,3,C,61,S,3,X,52,K,30,K,44,K,1,Y,1,S,3,C,1,R,3,X,1,"L1:[sp=C,585] Y=8,R=3,C=61,S=3,X=52,K=30 || L2:[sp=K,44] K=1,Y=1,S=3,C=1,R=3,X=1",-4802695.0,-5993.24,1,C|K,2
Y,585,Y,52,R,3,C,12,S,3,X,19,K,50,K,44,K,1,Y,11,S,3,R,3,C,1,X,1,"L1:[sp=Y,585] Y=52,R=3,C=12,S=3,X=19,K=50 || L2:[sp=K,44] K=1,Y=11,S=3,R=3,C=1,X=1",-4852261.0,-7419.03,1,Y|K,2
C,97,S,3,Y,46,K,61,R,3,X,55,C,10,K,1,R,3,S,3,K,1,X,19,Y,1,C,7,"L1:[sp=C,97] S=3,Y=46,K=61,R=3,X=55,C=10 || L2:[sp=K,1] R=3,S=3,K=1,X=19,Y=1,C=7",-4976645.0,-1479.0,1,C|K,2
K,97,S,3,Y,6,K,3,C,34,X,6,R,3,K,1,R,3,S,3,K,1,X,1,Y,1,C,1,"L1:[sp=K,97] S=3,Y=6,K=3,C=34,X=6,R=3 || L2:[sp=K,1] R=3,S=3,K=1,X=1,Y=1,C=1",-5039011.0,-4626.29,1,K|K,2
X,61,Y,43,C,36,K,2,S,3,R,3,X,56,C,10,R,3,C,1,X,32,S,3,Y,29,K,1,"L1:[sp=X,61] Y=43,C=36,K=2,S=3,R=3,X=56 || L2:[sp=C,10] R=3,C=1,X=32,S=3,Y=29,K=1",-5056257.0,-1309.94,1,X|C,2
K,250,R,3,K,11,S,3,Y,21,C,43,X,55,X,55,C,1,S,3,X,15,Y,1,R,3,K,5,"L1:[sp=K,250] R=3,K=11,S=3,Y=21,C=43,X=55 || L2:[sp=X,55] C=1,S=3,X=15,Y=1,R=3,K=5",-5132167.0,-1436.73,1,K|X,2
K,250,C,40,K,21,Y,44,S,3,R,3,X,43,Y,11,C,1,S,3,X,43,R,3,Y,1,K,5,"L1:[sp=K,250] C=40,K=21,Y=44,S=3,R=3,X=43 || L2:[sp=Y,11] C=1,S=3,X=43,R=3,Y=1,K=5",-5201289.0,-5583.98,1,K|Y,2
C,250,X,48,K,13,Y,55,C,48,R,3,S,3,C,1,S,3,X,48,K,7,R,3,Y,26,C,1,"L1:[sp=C,250] X=48,K=13,Y=55,C=48,R=3,S=3 || L2:[sp=C,1] S=3,X=48,K=7,R=3,Y=26,C=1",-5391371.0,-1317.37,1,C|C,2
K,250,C,3,R,3,S,3,Y,55,K,27,X,55,Y,5,S,3,K,1,X,20,C,1,Y,26,R,3,"L1:[sp=K,250] C=3,R=3,S=3,Y=55,K=27,X=55 || L2:[sp=Y,5] S=3,K=1,X=20,C=1,Y=26,R=3",-5660951.0,-1185.89,1,K|Y,2
K,250,C,10,K,26,S,3,Y,8,R,3,X,9,Y,21,C,1,K,1,X,9,R,3,Y,1,S,3,"L1:[sp=K,250] C=10,K=26,S=3,Y=8,R=3,X=9 || L2:[sp=Y,21] C=1,K=1,X=9,R=3,Y=1,S=3",-5661223.0,-7955.61,1,K|Y,2
K,250,C,53,K,2,S,3,R,3,X,46,Y,16,X,23,C,1,S,3,K,1,X,46,Y,1,R,3,"L1:[sp=K,250] C=53,K=2,S=3,R=3,X=46,Y=16 || L2:[sp=X,23] C=1,S=3,K=1,X=46,Y=1,R=3",-5723153.0,-5696.52,1,K|X,2
X,13,S,3,X,46,R,3,C,56,Y,4,K,9,C,26,X,1,Y,1,R,3,S,3,K,1,C,1,"L1:[sp=X,13] S=3,X=46,R=3,C=56,Y=4,K=9 || L2:[sp=C,26] X=1,Y=1,R=3,S=3,K=1,C=1",-5723361.0,-8071.41,1,X|C,2
C,250,C,43,K,31,S,3,Y,44,R,3,X,12,Y,21,C,1,K,1,X,12,R,3,Y,1,S,3,"L1:[sp=C,250] C=43,K=31,S=3,Y=44,R=3,X=12 || L2:[sp=Y,21] C=1,K=1,X=12,R=3,Y=1,S=3",-5944351.0,-6379.77,1,C|Y,2
X,179,C,22,X,46,Y,52,K,52,S,3,R,3,X,17,Y,1,K,1,C,1,X,1,S,3,R,3,"L1:[sp=X,179] C=22,X=46,Y=52,K=52,S=3,R=3 || L2:[sp=X,17] Y=1,K=1,C=1,X=1,S=3,R=3",-5971981.0,-5526.38,1,X|X,2
X,77,Y,2,K,8,R,3,S,3,X,46,C,8,X,21,S,3,C,1,R,3,K,1,Y,1,X,1,"L1:[sp=X,77] Y=2,K=8,R=3,S=3,X=46,C=8 || L2:[sp=X,21] S=3,C=1,R=3,K=1,Y=1,X=1",-5973697.0,-23822.6,1,X|X,2
K,250,X,30,R,3,Y,9,S,3,K,22,C,35,C,7,S,3,C,1,X,30,K,1,Y,1,R,3,"L1:[sp=K,250] X=30,R=3,Y=9,S=3,K=22,C=35 || L2:[sp=C,7] S=3,C=1,X=30,K=1,Y=1,R=3",-6415225.0,-5001.86,1,K|C,2
X,250,C,25,K,19,R,3,Y,16,X,52,S,3,K,19,R,3,Y,1,X,52,K,1,S,3,C,1,"L1:[sp=X,250] C=25,K=19,R=3,Y=16,X=52,S=3 || L2:[sp=K,19] R=3,Y=1,X=52,K=1,S=3,C=1",-6469681.0,-7411.94,1,X|K,2
C,250,C,43,K,40,S,3,Y,55,R,3,X,33,X,11,C,1,S,3,X,33,R,3,Y,10,K,1,"L1:[sp=C,250] C=43,K=40,S=3,Y=55,R=3,X=33 || L2:[sp=X,11] C=1,S=3,X=33,R=3,Y=10,K=1",-6538757.0,-1226.97,1,C|X,2
K,973,S,3,Y,36,C,15,R,3,K,8,X,18,K,2,S,3,K,1,Y,1,R,3,C,1,X,1,"L1:[sp=K,973] S=3,Y=36,C=15,R=3,K=8,X=18 || L2:[sp=K,2] S=3,K=1,Y=1,R=3,C=1,X=1",-6718495.0,-6173.77,1,K|K,2
K,265,Y,47,C,17,X,4,R,3,S,3,K,64,C,43,X,1,S,3,K,36,C,1,R,3,Y,1,"L1:[sp=K,265] Y=47,C=17,X=4,R=3,S=3,K=64 || L2:[sp=C,43] X=1,S=3,K=36,C=1,R=3,Y=1",-6718577.0,-6159.87,1,K|C,2
Y,588,C,43,R,3,S,3,X,8,Y,27,K,44,X,8,R,3,C,1,K,1,X,1,Y,1,S,3,"L1:[sp=Y,588] C=43,R=3,S=3,X=8,Y=27,K=44 || L2:[sp=X,8] R=3,C=1,K=1,X=1,Y=1,S=3",-6967325.0,-4453.16,1,Y|X,2
C,57,Y,12,C,33,R,3,X,15,S,3,K,50,X,11,Y,1,S,3,X,1,C,1,K,1,R,3,"L1:[sp=C,57] Y=12,C=33,R=3,X=15,S=3,K=50 || L2:[sp=X,11] Y=1,S=3,X=1,C=1,K=1,R=3",-7185065.0,-5593.29,1,C|X,2
C,250,R,3,X,42,C,61,S,3,Y,3,K,19,K,32,X,23,S,3,C,1,Y,3,K,1,R,3,"L1:[sp=C,250] R=3,X=42,C=61,S=3,Y=3,K=19 || L2:[sp=K,32] X=23,S=3,C=1,Y=3,K=1,R=3",-7233769.0,-8271.59,1,C|K,2
K,199,R,3,C,64,S,3,X,40,Y,53,K,17,X,23,K,1,X,7,R,3,S,3,Y,1,C,1,"L1:[sp=K,199] R=3,C=64,S=3,X=40,Y=53,K=17 || L2:[sp=X,23] K=1,X=7,R=3,S=3,Y=1,C=1",-7402757.0,-4458.63,1,K|X,2
K,250,R,3,S,3,X,45,Y,55,C,40,K,64,C,5,S,3,K,1,X,45,Y,43,C,1,R,3,"L1:[sp=K,250] R=3,S=3,X=45,Y=55,C=40,K=64 || L2:[sp=C,5] S=3,K=1,X=45,Y=43,C=1,R=3",-7413125.0,-1315.32,1,K|C,2
Y,250,C,40,K,61,S,3,Y,55,R,3,X,26,K,61,C,1,R,3,X,26,K,43,Y,26,S,3,"L1:[sp=Y,250] C=40,K=61,S=3,Y=55,R=3,X=26 || L2:[sp=K,61] C=1,R=3,X=26,K=43,Y=26,S=3",-7727629.0,-1408.46,1,Y|K,2
Y,250,R,3,K,19,C,13,Y,55,S,3,X,45,C,1,R,3,S,3,X,45,Y,26,C,1,K,19,"L1:[sp=Y,250] R=3,K=19,C=13,Y=55,S=3,X=45 || L2:[sp=C,1] R=3,S=3,X=45,Y=26,C=1,K=19",-7879721.0,-1227.74,1,Y|C,2
Y,250,X,55,R,3,Y,55,S,3,C,35,K,22,Y,56,S,3,C,2,X,23,K,14,Y,26,R,3,"L1:[sp=Y,250] X=55,R=3,Y=55,S=3,C=35,K=22 || L2:[sp=Y,56] S=3,C=2,X=23,K=14,Y=26,R=3",-7907335.0,-1195.68,1,Y|Y,2
Y,903,X,10,C,14,K,26,R,3,Y,20,S,3,X,5,Y,1,S,3,X,1,K,1,R,3,C,1,"L1:[sp=Y,903] X=10,C=14,K=26,R=3,Y=20,S=3 || L2:[sp=X,5] Y=1,S=3,X=1,K=1,R=3,C=1",-8110171.0,-7413.74,1,Y|X,2
X,250,C,64,R,3,S,3,X,45,Y,55,K,24,K,5,C,1,S,3,K,5,R,3,Y,33,X,45,"L1:[sp=X,250] C=64,R=3,S=3,X=45,Y=55,K=24 || L2:[sp=K,5] C=1,S=3,K=5,R=3,Y=33,X=45",-8164804.0,-1195.47,1,X|K,2
K,250,X,23,C,17,S,3,Y,55,R,3,K,11,Y,55,Y,19,S,3,X,23,K,1,C,1,R,3,"L1:[sp=K,250] X=23,C=17,S=3,Y=55,R=3,K=11 || L2:[sp=Y,55] Y=19,S=3,X=23,K=1,C=1,R=3",-8306509.0,-1398.65,1,K|Y,2
K,250,C,42,X,48,S,3,Y,6,R,3,K,31,Y,21,C,1,S,3,X,1,R,3,Y,1,K,1,"L1:[sp=K,250] C=42,X=48,S=3,Y=6,R=3,K=31 || L2:[sp=Y,21] C=1,S=3,X=1,R=3,Y=1,K=1",-8678053.0,-4835.03,1,K|Y,2
Y,250,C,41,K,16,S,3,Y,36,R,3,X,55,Y,3,C,1,S,3,X,34,R,3,Y,1,K,1,"L1:[sp=Y,250] C=41,K=16,S=3,Y=36,R=3,X=55 || L2:[sp=Y,3] C=1,S=3,X=34,R=3,Y=1,K=1",-8847369.0,-1209.45,1,Y|Y,2
K,250,X,37,C,43,S,3,Y,55,R,3,K,11,Y,55,Y,19,S,3,X,37,K,6,C,1,R,3,"L1:[sp=K,250] X=37,C=43,S=3,Y=55,R=3,K=11 || L2:[sp=Y,55] Y=19,S=3,X=37,K=6,C=1,R=3",-8908421.0,-1334.03,1,K|Y,2
C,77,Y,2,K,59,R,3,S,3,X,46,C,8,X,21,S,3,C,1,R,3,K,1,Y,1,X,18,"L1:[sp=C,77] Y=2,K=59,R=3,S=3,X=46,C=8 || L2:[sp=X,21] S=3,C=1,R=3,K=1,Y=1,X=18",-8958061.0,-9028.45,1,C|X,2
K,250,C,43,X,20,S,3,Y,6,R,3,K,31,Y,21,C,1,S,3,X,20,R,3,Y,1,K,1,"L1:[sp=K,250] C=43,X=20,S=3,Y=6,R=3,K=31 || L2:[sp=Y,21] C=1,S=3,X=20,R=3,Y=1,K=1",-9642295.0,-4187.02,1,K|Y,2
X,662,C,22,R,3,Y,36,X,25,S,3,K,50,X,12,R,3,C,1,X,1,S,3,Y,1,K,1,"L1:[sp=X,662] C=22,R=3,Y=36,X=25,S=3,K=50 || L2:[sp=X,12] R=3,C=1,X=1,S=3,Y=1,K=1",-9953293.0,-4979.65,1,X|X,2
K,250,C,43,K,31,S,3,Y,43,R,3,X,55,K,1,C,1,S,3,X,43,R,3,K,1,Y,17,"L1:[sp=K,250] C=43,K=31,S=3,Y=43,R=3,X=55 || L2:[sp=K,1] C=1,S=3,X=43,R=3,K=1,Y=17",-10213637.0,-1231.7,1,K|K,2
Y,250,C,35,R,3,K,61,Y,55,S,3,X,5,K,2,X,5,R,3,S,3,K,1,C,1,Y,44,"L1:[sp=Y,250] C=35,R=3,K=61,Y=55,S=3,X=5 || L2:[sp=K,2] X=5,R=3,S=3,K=1,C=1,Y=44",-10454445.0,-1348.32,1,Y|K,2
Y,250,C,17,R,3,K,17,Y,55,S,3,X,3,K,2,X,3,R,3,S,3,K,1,C,1,Y,44,"L1:[sp=Y,250] C=17,R=3,K=17,Y=55,S=3,X=3 || L2:[sp=K,2] X=3,R=3,S=3,K=1,C=1,Y=44",-10575649.0,-1196.65,1,Y|K,2
K,250,C,41,K,31,S,3,Y,55,R,3,X,55,Y,21,C,1,S,3,X,14,R,3,Y,50,K,1,"L1:[sp=K,250] C=41,K=31,S=3,Y=55,R=3,X=55 || L2:[sp=Y,21] C=1,S=3,X=14,R=3,Y=50,K=1",-10713603.0,-1219.93,1,K|Y,2
C,57,Y,46,S,3,R,3,X,2,K,32,C,6,Y,1,Y,6,S,3,X,1,C,1,K,1,R,3,"L1:[sp=C,57] Y=46,S=3,R=3,X=2,K=32,C=6 || L2:[sp=Y,1] Y=6,S=3,X=1,C=1,K=1,R=3",-11197549.0,-7627.56,1,C|Y,2
K,7,R,3,C,30,X,47,S,3,K,26,Y,36,K,4,Y,1,R,3,S,3,C,1,X,1,K,1,"L1:[sp=K,7] R=3,C=30,X=47,S=3,K=26,Y=36 || L2:[sp=K,4] Y=1,R=3,S=3,C=1,X=1,K=1",-11757325.0,-6428.84,1,K|K,2
X,250,C,43,K,5,S,3,Y,27,R,3,X,55,X,55,C,2,S,3,R,3,X,6,Y,1,K,5,"L1:[sp=X,250] C=43,K=5,S=3,Y=27,R=3,X=55 || L2:[sp=X,55] C=2,S=3,R=3,X=6,Y=1,K=5",-12130613.0,-1342.5,1,X|X,2
K,250,C,33,K,31,S,3,Y,36,R,3,X,55,K,31,C,1,S,3,X,32,R,3,Y,1,K,18,"L1:[sp=K,250] C=33,K=31,S=3,Y=36,R=3,X=55 || L2:[sp=K,31] C=1,S=3,X=32,R=3,Y=1,K=18",-12317189.0,-1170.9,1,K|K,2
Y,57,Y,12,S,3,R,3,X,55,K,32,C,33,X,55,Y,6,S,3,X,29,C,2,K,1,R,3,"L1:[sp=Y,57] Y=12,S=3,R=3,X=55,K=32,C=33 || L2:[sp=X,55] Y=6,S=3,X=29,C=2,K=1,R=3",-12828677.0,-1177.12,1,Y|X,2
C,270,S,3,C,46,X,13,Y,15,K,40,R,3,X,11,C,1,X,1,K,1,Y,1,R,3,S,3,"L1:[sp=C,270] S=3,C=46,X=13,Y=15,K=40,R=3 || L2:[sp=X,11] C=1,X=1,K=1,Y=1,R=3,S=3",-12877097.0,-5160.47,1,C|X,2
K,250,C,35,K,19,S,3,Y,55,R,3,X,55,X,11,S,3,C,1,X,22,K,1,Y,54,R,3,"L1:[sp=K,250] C=35,K=19,S=3,Y=55,R=3,X=55 || L2:[sp=X,11] S=3,C=1,X=22,K=1,Y=54,R=3",-13001475.0,-1190.29,1,K|X,2
Y,250,C,42,K,61,S,3,Y,55,R,3,X,49,K,1,C,5,S,3,X,49,Y,17,K,42,R,3,"L1:[sp=Y,250] C=42,K=61,S=3,Y=55,R=3,X=49 || L2:[sp=K,1] C=5,S=3,X=49,Y=17,K=42,R=3",-13547529.0,-1435.63,1,Y|K,2
K,250,R,3,S,3,X,13,Y,14,C,40,K,32,C,5,S,3,K,1,X,13,Y,14,C,1,R,3,"L1:[sp=K,250] R=3,S=3,X=13,Y=14,C=40,K=32 || L2:[sp=C,5] S=3,K=1,X=13,Y=14,C=1,R=3",-13628201.0,-4544.1,1,K|C,2
C,57,Y,12,S,3,R,3,X,2,K,32,C,33,K,32,Y,6,S,3,X,1,C,3,K,8,R,3,"L1:[sp=C,57] Y=12,S=3,R=3,X=2,K=32,C=33 || L2:[sp=K,32] Y=6,S=3,X=1,C=3,K=8,R=3",-13857103.0,-13619.2,1,C|K,2
K,973,S,3,Y,36,C,15,R,3,X,33,K,61,C,8,C,1,K,1,Y,1,R,3,S,3,X,1,"L1:[sp=K,973] S=3,Y=36,C=15,R=3,X=33,K=61 || L2:[sp=C,8] C=1,K=1,Y=1,R=3,S=3,X=1",-14407977.0,-7002.78,1,K|C,2
X,269,C,41,R,3,Y,47,K,8,S,3,X,43,C,6,C,1,K,1,R,3,Y,1,X,1,S,3,"L1:[sp=X,269] C=41,R=3,Y=47,K=8,S=3,X=43 || L2:[sp=C,6] C=1,K=1,R=3,Y=1,X=1,S=3",-14712225.0,-4897.63,1,X|C,2
C,991,Y,26,X,36,S,3,R,3,C,27,K,49,X,3,Y,1,R,3,S,3,K,1,X,1,C,1,"L1:[sp=C,991] Y=26,X=36,S=3,R=3,C=27,K=49 || L2:[sp=X,3] Y=1,R=3,S=3,K=1,X=1,C=1",-15116557.0,-4364.13,1,C|X,2
X,578,R,3,K,4,C,64,S,3,X,10,Y,22,C,10,R,3,C,50,X,1,K,1,S,3,Y,1,"L1:[sp=X,578] R=3,K=4,C=64,S=3,X=10,Y=22 || L2:[sp=C,10] R=3,C=50,X=1,K=1,S=3,Y=1",-15552049.0,-15135.7,1,X|C,2
K,250,C,22,Y,55,S,3,K,19,R,3,X,5,Y,11,S,3,C,1,X,5,K,1,Y,26,R,3,"L1:[sp=K,250] C=22,Y=55,S=3,K=19,R=3,X=5 || L2:[sp=Y,11] S=3,C=1,X=5,K=1,Y=26,R=3",-15649954.0,-1151.31,1,K|Y,2
K,250,C,7,R,3,Y,55,S,3,K,19,X,11,Y,11,S,3,C,1,X,11,K,1,Y,26,R,3,"L1:[sp=K,250] C=7,R=3,Y=55,S=3,K=19,X=11 || L2:[sp=Y,11] S=3,C=1,X=11,K=1,Y=26,R=3",-15649971.0,-1058.6,1,K|Y,2
X,61,Y,43,R,3,K,29,S,3,C,39,X,36,C,10,R,3,C,7,X,1,S,3,Y,1,K,1,"L1:[sp=X,61] Y=43,R=3,K=29,S=3,C=39,X=36 || L2:[sp=C,10] R=3,C=7,X=1,S=3,Y=1,K=1",-15676429.0,-6474.1,1,X|C,2
C,923,S,3,Y,41,X,5,K,64,R,3,C,24,X,3,S,3,X,1,Y,1,R,3,K,1,C,1,"L1:[sp=C,923] S=3,Y=41,X=5,K=64,R=3,C=24 || L2:[sp=X,3] S=3,X=1,Y=1,R=3,K=1,C=1",-16422935.0,-3316.31,1,C|X,2
K,250,R,3,S,3,X,6,Y,45,C,40,K,55,C,5,S,3,K,7,X,6,Y,14,C,1,R,3,"L1:[sp=K,250] R=3,S=3,X=6,Y=45,C=40,K=55 || L2:[sp=C,5] S=3,K=7,X=6,Y=14,C=1,R=3",-16679557.0,-6805.75,1,K|C,2
C,333,S,3,C,10,K,5,X,10,R,3,Y,28,C,1,C,1,R,3,X,1,S,3,Y,1,K,1,"L1:[sp=C,333] S=3,C=10,K=5,X=10,R=3,Y=28 || L2:[sp=C,1] C=1,R=3,X=1,S=3,Y=1,K=1",-16796317.0,-15664.1,1,C|C,2
K,250,S,3,X,29,C,22,K,19,Y,12,R,3,C,2,C,1,S,3,R,3,X,29,Y,2,K,1,"L1:[sp=K,250] S=3,X=29,C=22,K=19,Y=12,R=3 || L2:[sp=C,2] C=1,S=3,R=3,X=29,Y=2,K=1",-17138335.0,-4770.41,1,K|C,2
C,630,R,3,X,45,S,3,C,56,K,45,Y,16,Y,7,X,1,K,1,Y,1,S,3,C,1,R,3,"L1:[sp=C,630] R=3,X=45,S=3,C=56,K=45,Y=16 || L2:[sp=Y,7] X=1,K=1,Y=1,S=3,C=1,R=3",-17418257.0,-5084.04,1,C|Y,2
K,250,C,43,K,11,S,3,Y,2,R,3,X,18,X,55,C,6,S,3,X,18,R,3,Y,1,K,5,"L1:[sp=K,250] C=43,K=11,S=3,Y=2,R=3,X=18 || L2:[sp=X,55] C=6,S=3,X=18,R=3,Y=1,K=5",-17898571.0,-5052.81,1,K|X,2
Y,561,C,46,K,47,R,3,S,3,Y,18,X,18,Y,2,S,3,Y,1,R,3,C,1,K,1,X,1,"L1:[sp=Y,561] C=46,K=47,R=3,S=3,Y=18,X=18 || L2:[sp=Y,2] S=3,Y=1,R=3,C=1,K=1,X=1",-17915917.0,-5034.69,1,Y|Y,2
K,250,C,43,K,11,S,3,Y,16,R,3,X,6,X,55,C,1,Y,1,X,6,R,3,S,3,K,5,"L1:[sp=K,250] C=43,K=11,S=3,Y=16,R=3,X=6 || L2:[sp=X,55] C=1,Y=1,X=6,R=3,S=3,K=5",-18475849.0,-4310.71,1,K|X,2
C,592,S,3,R,3,X,21,C,18,K,8,Y,8,K,57,S,3,Y,1,K,5,X,1,C,1,R,3,"L1:[sp=C,592] S=3,R=3,X=21,C=18,K=8,Y=8 || L2:[sp=K,57] S=3,Y=1,K=5,X=1,C=1,R=3",-18895849.0,-9696.9,1,C|K,2
X,611,Y,18,C,9,X,43,R,3,K,64,S,3,C,7,C,1,K,1,R,3,X,1,S,3,Y,1,"L1:[sp=X,611] Y=18,C=9,X=43,R=3,K=64,S=3 || L2:[sp=C,7] C=1,K=1,R=3,X=1,S=3,Y=1",-20062105.0,-8932.51,1,X|C,2
K,337,Y,9,C,48,R,3,S,3,X,38,K,55,Y,7,S,3,C,1,R,3,Y,1,K,1,X,1,"L1:[sp=K,337] Y=9,C=48,R=3,S=3,X=38,K=55 || L2:[sp=Y,7] S=3,C=1,R=3,Y=1,K=1,X=1",-20528665.0,-5558.23,1,K|Y,2
Y,585,Y,28,R,3,C,61,S,3,X,19,K,2,K,44,K,1,Y,1,S,3,R,3,C,1,X,17,"L1:[sp=Y,585] Y=28,R=3,C=61,S=3,X=19,K=2 || L2:[sp=K,44] K=1,Y=1,S=3,R=3,C=1,X=17",-20644033.0,-5284.99,1,Y|K,2
Y,250,C,16,R,3,S,3,Y,39,X,12,K,2,C,4,S,3,K,1,X,12,R,3,C,1,Y,26,"L1:[sp=Y,250] C=16,R=3,S=3,Y=39,X=12,K=2 || L2:[sp=C,4] S=3,K=1,X=12,R=3,C=1,Y=26",-21566081.0,-5960.64,1,Y|C,2
K,250,C,43,K,27,S,3,Y,55,R,3,X,46,X,55,C,1,Y,19,X,46,R,3,S,3,K,1,"L1:[sp=K,250] C=43,K=27,S=3,Y=55,R=3,X=46 || L2:[sp=X,55] C=1,Y=19,X=46,R=3,S=3,K=1",-22892549.0,-1233.91,1,K|X,2
K,250,C,43,K,61,Y,55,S,3,R,3,X,5,Y,21,C,1,S,3,X,5,R,3,Y,12,K,5,"L1:[sp=K,250] C=43,K=61,Y=55,S=3,R=3,X=5 || L2:[sp=Y,21] C=1,S=3,X=5,R=3,Y=12,K=5",-23189783.0,-1220.29,1,K|Y,2
Y,805,S,3,R,3,C,11,Y,45,X,21,K,40,C,5,R,3,S,3,K,1,X,1,C,1,Y,1,"L1:[sp=Y,805] S=3,R=3,C=11,Y=45,X=21,K=40 || L2:[sp=C,5] R=3,S=3,K=1,X=1,C=1,Y=1",-23794597.0,-7270.7,1,Y|C,2
X,12,S,3,C,11,R,3,X,46,Y,1,K,32,X,5,K,1,S,3,C,1,R,3,X,1,Y,1,"L1:[sp=X,12] S=3,C=11,R=3,X=46,Y=1,K=32 || L2:[sp=X,5] K=1,S=3,C=1,R=3,X=1,Y=1",-23888521.0,-11200.6,1,X|X,2
Y,585,Y,44,R,3,C,61,S,3,X,19,K,64,K,44,K,24,Y,1,S,3,R,3,C,1,X,17,"L1:[sp=Y,585] Y=44,R=3,C=61,S=3,X=19,K=64 || L2:[sp=K,44] K=24,Y=1,S=3,R=3,C=1,X=17",-24330247.0,-4702.22,1,Y|K,2
K,250,C,35,R,3,S,3,Y,1,K,21,X,36,C,43,S,3,C,18,X,36,K,1,Y,1,R,3,"L1:[sp=K,250] C=35,R=3,S=3,Y=1,K=21,X=36 || L2:[sp=C,43] S=3,C=18,X=36,K=1,Y=1,R=3",-26454169.0,-6378.91,1,K|C,2
Y,250,C,16,R,3,X,25,Y,41,S,3,K,32,C,4,S,3,R,3,X,25,K,1,C,1,Y,26,"L1:[sp=Y,250] C=16,R=3,X=25,Y=41,S=3,K=32 || L2:[sp=C,4] S=3,R=3,X=25,K=1,C=1,Y=26",-28339225.0,-5712.59,1,Y|C,2
C,476,C,53,X,6,Y,53,S,3,K,13,R,3,X,4,K,1,X,1,C,1,R,3,S,3,Y,1,"L1:[sp=C,476] C=53,X=6,Y=53,S=3,K=13,R=3 || L2:[sp=X,4] K=1,X=1,C=1,R=3,S=3,Y=1",-29673307.0,-6285.53,1,C|X,2
K,250,C,35,R,3,K,19,Y,1,X,3,S,3,X,4,S,3,X,3,C,1,K,16,Y,1,R,3,"L1:[sp=K,250] C=35,R=3,K=19,Y=1,X=3,S=3 || L2:[sp=X,4] S=3,X=3,C=1,K=16,Y=1,R=3",-31914649.0,-5505.22,1,K|X,2
K,250,C,35,K,19,X,8,Y,55,R,3,S,3,X,11,S,3,X,8,C,1,K,1,Y,54,R,3,"L1:[sp=K,250] C=35,K=19,X=8,Y=55,R=3,S=3 || L2:[sp=X,11] S=3,X=8,C=1,K=1,Y=54,R=3",-33094671.0,-1177.24,1,K|X,2
X,951,K,18,R,3,Y,52,X,36,S,3,C,28,Y,2,S,3,X,1,C,1,Y,1,R,3,K,1,"L1:[sp=X,951] K=18,R=3,Y=52,X=36,S=3,C=28 || L2:[sp=Y,2] S=3,X=1,C=1,Y=1,R=3,K=1",-35831833.0,-11632.5,1,X|Y,2
K,250,C,40,K,24,S,3,Y,43,R,3,X,32,K,1,X,12,S,3,C,1,R,3,Y,1,K,5,"L1:[sp=K,250] C=40,K=24,S=3,Y=43,R=3,X=32 || L2:[sp=K,1] X=12,S=3,C=1,R=3,Y=1,K=5",-38817801.0,-4845.71,1,K|K,2
K,250,C,43,K,31,S,3,Y,20,R,3,X,9,Y,21,C,1,S,3,X,1,R,3,Y,15,K,1,"L1:[sp=K,250] C=43,K=31,S=3,Y=20,R=3,X=9 || L2:[sp=Y,21] C=1,S=3,X=1,R=3,Y=15,K=1",-43390117.0,-4187.02,1,K|Y,2
Y,34,X,45,K,10,Y,16,S,3,C,52,R,3,C,4,R,3,X,1,K,1,S,3,C,50,Y,1,"L1:[sp=Y,34] X=45,K=10,Y=16,S=3,C=52,R=3 || L2:[sp=C,4] R=3,X=1,K=1,S=3,C=50,Y=1",-49766429.0,-13469.9,1,Y|C,2
K,250,C,2,K,26,S,3,R,3,Y,52,X,40,C,43,S,3,C,2,K,1,R,3,Y,1,X,40,"L1:[sp=K,250] C=2,K=26,S=3,R=3,Y=52,X=40 || L2:[sp=C,43] S=3,C=2,K=1,R=3,Y=1,X=40",-64696449.0,-29162.5,1,K|C,2
C,250,C,42,K,31,S,3,Y,23,R,3,X,1,X,55,Y,1,S,3,X,1,R,3,C,1,K,5,"L1:[sp=C,250] C=42,K=31,S=3,Y=23,R=3,X=1 || L2:[sp=X,55] Y=1,S=3,X=1,R=3,C=1,K=5",-69442111.0,-5455.5,1,C|X,2
K,250,C,35,Y,7,S,3,R,3,K,40,X,25,C,43,K,1,C,29,X,25,S,3,Y,3,R,3,"L1:[sp=K,250] C=35,Y=7,S=3,R=3,K=40,X=25 || L2:[sp=C,43] K=1,C=29,X=25,S=3,Y=3,R=3",-82998049.0,-4448.16,1,K|C,2
K,250,C,43,K,31,S,3,Y,45,R,3,X,19,Y,21,C,1,S,3,X,19,R,3,Y,45,K,1,"L1:[sp=K,250] C=43,K=31,S=3,Y=45,R=3,X=19 || L2:[sp=Y,21] C=1,S=3,X=19,R=3,Y=45,K=1",-91601293.0,-4868.02,1,K|Y,2
Y,250,C,52,R,3,X,14,Y,47,S,3,K,19,C,4,S,3,R,3,X,14,K,1,C,32,Y,26,"L1:[sp=Y,250] C=52,R=3,X=14,Y=47,S=3,K=19 || L2:[sp=C,4] S=3,R=3,X=14,K=1,C=32,Y=26",-97026081.0,-5057.02,1,Y|C,2
C,250,K,33,C,43,S,3,X,51,R,3,Y,55,Y,55,X,51,S,3,C,42,K,1,Y,39,R,3,"L1:[sp=C,250] K=33,C=43,S=3,X=51,R=3,Y=55 || L2:[sp=Y,55] X=51,S=3,C=42,K=1,Y=39,R=3",-98527109.0,-1207.25,1,C|Y,2
X,181,X,54,R,3,C,47,S,3,K,32,Y,8,C,1,K,1,S,3,C,1,Y,1,R,3,X,1,"L1:[sp=X,181] X=54,R=3,C=47,S=3,K=32,Y=8 || L2:[sp=C,1] K=1,S=3,C=1,Y=1,R=3,X=1",-107495453.0,-5234.57,1,X|C,2
C,370,S,3,Y,5,C,64,K,59,R,3,X,8,Y,1,Y,1,K,1,X,1,R,3,S,3,C,1,"L1:[sp=C,370] S=3,Y=5,C=64,K=59,R=3,X=8 || L2:[sp=Y,1] Y=1,K=1,X=1,R=3,S=3,C=1",-107495579.0,-5797.1,1,C|Y,2
Y,250,C,45,K,31,S,3,Y,36,R,3,X,43,X,55,C,1,S,3,R,3,X,43,Y,1,K,26,"L1:[sp=Y,250] C=45,K=31,S=3,Y=36,R=3,X=43 || L2:[sp=X,55] C=1,S=3,R=3,X=43,Y=1,K=26",-119480845.0,-6807.29,1,Y|X,2
K,250,R,3,K,46,S,3,Y,41,X,43,C,43,K,1,C,1,S,3,X,43,R,3,Y,1,K,1,"L1:[sp=K,250] R=3,K=46,S=3,Y=41,X=43,C=43 || L2:[sp=K,1] C=1,S=3,X=43,R=3,Y=1,K=1",-123047433.0,-5993.69,1,K|K,2
C,250,C,43,K,19,S,3,Y,55,R,3,X,55,C,43,C,37,S,3,X,55,R,3,Y,1,K,1,"L1:[sp=C,250] C=43,K=19,S=3,Y=55,R=3,X=55 || L2:[sp=C,43] C=37,S=3,X=55,R=3,Y=1,K=1",-inf,-inf,0,C|C,2
Y,585,Y,1,R,3,C,61,S,3,X,55,K,64,K,44,K,1,Y,1,S,3,R,3,C,1,X,55,"L1:[sp=Y,585] Y=1,R=3,C=61,S=3,X=55,K=64 || L2:[sp=K,44] K=1,Y=1,S=3,R=3,C=1,X=55",-inf,-inf,0,Y|K,2
K,250,C,43,K,19,S,3,Y,55,R,3,X,55,C,43,S,3,C,1,X,55,R,3,Y,40,K,1,"L1:[sp=K,250] C=43,K=19,S=3,Y=55,R=3,X=55 || L2:[sp=C,43] S=3,C=1,X=55,R=3,Y=40,K=1",-inf,-inf,0,K|C,2
X,61,X,49,C,10,K,29,Y,56,R,3,S,3,C,10,R,3,C,7,X,1,S,3,Y,39,K,1,"L1:[sp=X,61] X=49,C=10,K=29,Y=56,R=3,S=3 || L2:[sp=C,10] R=3,C=7,X=1,S=3,Y=39,K=1",-inf,-inf,0,X|C,2
K,250,C,43,K,31,S,3,Y,55,R,3,X,55,Y,21,S,3,C,1,X,55,R,3,Y,1,K,23,"L1:[sp=K,250] C=43,K=31,S=3,Y=55,R=3,X=55 || L2:[sp=Y,21] S=3,C=1,X=55,R=3,Y=1,K=23",-inf,-inf,0,K|Y,2
K,250,C,43,K,11,S,3,Y,55,R,3,X,55,C,43,C,1,S,3,X,55,R,3,Y,50,K,1,"L1:[sp=K,250] C=43,K=11,S=3,Y=55,R=3,X=55 || L2:[sp=C,43] C=1,S=3,X=55,R=3,Y=50,K=1",-inf,-inf,0,K|C,2
C,250,C,10,K,56,S,3,Y,55,R,3,X,55,Y,21,C,1,S,3,X,55,R,3,Y,41,K,1,"L1:[sp=C,250] C=10,K=56,S=3,Y=55,R=3,X=55 || L2:[sp=Y,21] C=1,S=3,X=55,R=3,Y=41,K=1",-inf,-inf,0,C|Y,2
K,250,C,43,K,11,S,3,Y,55,R,3,X,55,C,43,C,1,S,3,X,55,R,3,Y,39,K,7,"L1:[sp=K,250] C=43,K=11,S=3,Y=55,R=3,X=55 || L2:[sp=C,43] C=1,S=3,X=55,R=3,Y=39,K=7",-inf,-inf,0,K|C,2
K,250,C,45,K,64,S,3,Y,55,R,3,X,55,Y,21,C,1,S,3,X,55,Y,1,K,18,R,3,"L1:[sp=K,250] C=45,K=64,S=3,Y=55,R=3,X=55 || L2:[sp=Y,21] C=1,S=3,X=55,Y=1,K=18,R=3",-inf,-inf,0,K|Y,2
K,250,C,32,K,1,S,3,Y,8,R,3,X,55,Y,21,C,32,S,3,X,55,R,3,Y,1,K,1,"L1:[sp=K,250] C=32,K=1,S=3,Y=8,R=3,X=55 || L2:[sp=Y,21] C=32,S=3,X=55,R=3,Y=1,K=1",-inf,-inf,0,K|Y,2
K,97,S,3,Y,10,K,1,R,3,C,10,X,55,C,5,R,3,S,3,K,1,X,55,Y,4,C,7,"L1:[sp=K,97] S=3,Y=10,K=1,R=3,C=10,X=55 || L2:[sp=C,5] R=3,S=3,K=1,X=55,Y=4,C=7",-inf,-inf,0,K|C,2
K,250,C,10,K,26,S,3,Y,55,R,3,X,55,Y,21,C,1,S,3,X,55,R,3,Y,47,K,1,"L1:[sp=K,250] C=10,K=26,S=3,Y=55,R=3,X=55 || L2:[sp=Y,21] C=1,S=3,X=55,R=3,Y=47,K=1",-inf,-inf,0,K|Y,2
K,250,C,43,K,11,S,3,Y,55,R,3,X,55,C,43,C,1,S,3,X,55,R,3,Y,1,K,10,"L1:[sp=K,250] C=43,K=11,S=3,Y=55,R=3,X=55 || L2:[sp=C,43] C=1,S=3,X=55,R=3,Y=1,K=10",-inf,-inf,0,K|C,2
Y,250,C,43,K,24,S,3,Y,36,R,3,X,55,Y,2,C,1,S,3,R,3,X,55,Y,15,K,24,"L1:[sp=Y,250] C=43,K=24,S=3,Y=36,R=3,X=55 || L2:[sp=Y,2] C=1,S=3,R=3,X=55,Y=15,K=24",-inf,-inf,0,Y|Y,2
Y,250,K,31,C,43,S,3,Y,55,R,3,X,55,K,31,C,1,S,3,R,3,X,55,Y,1,K,6,"L1:[sp=Y,250] K=31,C=43,S=3,Y=55,R=3,X=55 || L2:[sp=K,31] C=1,S=3,R=3,X=55,Y=1,K=6",-inf,-inf,0,Y|K,2
K,250,C,43,K,31,S,3,Y,55,R,3,X,55,C,43,C,1,S,3,X,55,R,3,Y,1,K,26,"L1:[sp=K,250] C=43,K=31,S=3,Y=55,R=3,X=55 || L2:[sp=C,43] C=1,S=3,X=55,R=3,Y=1,K=26",-inf,-inf,0,K|C,2
Y,250,C,2,K,21,S,3,Y,55,R,3,X,55,C,43,C,2,S,3,X,55,R,3,Y,3,K,10,"L1:[sp=Y,250] C=2,K=21,S=3,Y=55,R=3,X=55 || L2:[sp=C,43] C=2,S=3,X=55,R=3,Y=3,K=10",-inf,-inf,0,Y|C,2
K,250,R,3,K,21,S,3,C,2,Y,55,X,55,C,43,C,2,S,3,X,55,R,3,Y,24,K,1,"L1:[sp=K,250] R=3,K=21,S=3,C=2,Y=55,X=55 || L2:[sp=C,43] C=2,S=3,X=55,R=3,Y=24,K=1",-inf,-inf,0,K|C,2
K,250,C,60,S,3,Y,55,K,11,R,3,X,55,Y,21,R,3,S,3,X,55,C,1,Y,1,K,3,"L1:[sp=K,250] C=60,S=3,Y=55,K=11,R=3,X=55 || L2:[sp=Y,21] R=3,S=3,X=55,C=1,Y=1,K=3",-inf,-inf,0,K|Y,2
K,250,C,43,K,11,Y,55,S,3,R,3,X,55,Y,21,C,27,S,3,X,55,R,3,Y,1,K,1,"L1:[sp=K,250] C=43,K=11,Y=55,S=3,R=3,X=55 || L2:[sp=Y,21] C=27,S=3,X=55,R=3,Y=1,K=1",-inf,-inf,0,K|Y,2
K,250,C,43,K,11,S,3,Y,55,R,3,X,55,C,43,C,1,S,3,X,55,R,3,Y,41,K,1,"L1:[sp=K,250] C=43,K=11,S=3,Y=55,R=3,X=55 || L2:[sp=C,43] C=1,S=3,X=55,R=3,Y=41,K=1",-inf,-inf,0,K|C,2
K,250,C,3,K,21,S,3,Y,55,R,3,X,55,C,43,C,3,S,3,X,55,R,3,Y,1,K,1,"L1:[sp=K,250] C=3,K=21,S=3,Y=55,R=3,X=55 || L2:[sp=C,43] C=3,S=3,X=55,R=3,Y=1,K=1",-inf,-inf,0,K|C,2
Y,250,C,2,K,50,S,3,Y,36,R,3,X,55,K,31,C,2,S,3,R,3,Y,1,X,55,K,1,"L1:[sp=Y,250] C=2,K=50,S=3,Y=36,R=3,X=55 || L2:[sp=K,31] C=2,S=3,R=3,Y=1,X=55,K=1",-inf,-inf,0,Y|K,2
K,97,S,3,R,3,K,1,C,2,X,56,Y,36,K,1,R,3,S,3,K,1,X,1,Y,1,C,2,"L1:[sp=K,97] S=3,R=3,K=1,C=2,X=56,Y=36 || L2:[sp=K,1] R=3,S=3,K=1,X=1,Y=1,C=2",-inf,-inf,0,K|K,2
Y,250,C,10,K,16,S,3,Y,55,R,3,X,55,K,31,C,7,S,3,R,3,Y,1,X,55,K,1,"L1:[sp=Y,250] C=10,K=16,S=3,Y=55,R=3,X=55 || L2:[sp=K,31] C=7,S=3,R=3,Y=1,X=55,K=1",-inf,-inf,0,Y|K,2
C,250,C,11,K,26,S,3,Y,54,R,3,X,55,Y,21,C,1,S,3,X,55,R,3,Y,1,K,15,"L1:[sp=C,250] C=11,K=26,S=3,Y=54,R=3,X=55 || L2:[sp=Y,21] C=1,S=3,X=55,R=3,Y=1,K=15",-inf,-inf,0,C|Y,2
K,250,C,43,K,20,S,3,Y,37,R,3,X,55,C,43,C,1,S,3,X,55,K,1,Y,26,R,3,"L1:[sp=K,250] C=43,K=20,S=3,Y=37,R=3,X=55 || L2:[sp=C,43] C=1,S=3,X=55,K=1,Y=26,R=3",-inf,-inf,0,K|C,2
K,250,C,27,S,3,Y,55,K,11,R,3,X,55,Y,21,R,3,S,3,X,55,C,1,Y,3,K,6,"L1:[sp=K,250] C=27,S=3,Y=55,K=11,R=3,X=55 || L2:[sp=Y,21] R=3,S=3,X=55,C=1,Y=3,K=6",-inf,-inf,0,K|Y,2
Y,250,C,43,K,63,Y,55,S,3,R,3,X,55,Y,21,C,1,S,3,X,55,R,3,Y,1,K,5,"L1:[sp=Y,250] C=43,K=63,Y=55,S=3,R=3,X=55 || L2:[sp=Y,21] C=1,S=3,X=55,R=3,Y=1,K=5",-inf,-inf,0,Y|Y,2
K,250,C,2,K,21,S,3,Y,55,R,3,X,55,Y,21,C,2,S,3,X,55,Y,1,K,5,R,3,"L1:[sp=K,250] C=2,K=21,S=3,Y=55,R=3,X=55 || L2:[sp=Y,21] C=2,S=3,X=55,Y=1,K=5,R=3",-inf,-inf,0,K|Y,2
K,250,C,45,K,21,Y,55,S,3,R,3,X,55,C,43,C,1,S,3,X,55,R,3,Y,1,K,6,"L1:[sp=K,250] C=45,K=21,Y=55,S=3,R=3,X=55 || L2:[sp=C,43] C=1,S=3,X=55,R=3,Y=1,K=6",-inf,-inf,0,K|C,2
Y,250,C,43,K,63,Y,55,S,3,R,3,X,55,Y,21,C,1,S,3,X,55,R,3,Y,38,K,5,"L1:[sp=Y,250] C=43,K=63,Y=55,S=3,R=3,X=55 || L2:[sp=Y,21] C=1,S=3,X=55,R=3,Y=38,K=5",-inf,-inf,0,Y|Y,2
K,250,C,2,K,21,S,3,Y,55,R,3,X,55,C,43,C,1,Y,1,X,55,R,3,S,3,K,12,"L1:[sp=K,250] C=2,K=21,S=3,Y=55,R=3,X=55 || L2:[sp=C,43] C=1,Y=1,X=55,R=3,S=3,K=12",-inf,-inf,0,K|C,2
C,250,C,43,K,11,S,3,Y,55,R,3,X,55,C,43,C,36,S,3,X,55,R,3,Y,1,K,1,"L1:[sp=C,250] C=43,K=11,S=3,Y=55,R=3,X=55 || L2:[sp=C,43] C=36,S=3,X=55,R=3,Y=1,K=1",-inf,-inf,0,C|C,2
K,250,C,40,R,3,Y,13,K,31,S,3,X,55,Y,21,R,3,S,3,X,55,C,1,Y,1,K,17,"L1:[sp=K,250] C=40,R=3,Y=13,K=31,S=3,X=55 || L2:[sp=Y,21] R=3,S=3,X=55,C=1,Y=1,K=17",-inf,-inf,0,K|Y,2
Y,250,C,43,K,63,Y,55,S,3,R,3,X,55,Y,11,C,1,S,3,X,55,R,3,Y,1,K,5,"L1:[sp=Y,250] C=43,K=63,Y=55,S=3,R=3,X=55 || L2:[sp=Y,11] C=1,S=3,X=55,R=3,Y=1,K=5",-inf,-inf,0,Y|Y,2
K,250,C,43,K,63,Y,55,S,3,R,3,X,55,C,43,C,1,S,3,X,55,R,3,Y,1,K,5,"L1:[sp=K,250] C=43,K=63,Y=55,S=3,R=3,X=55 || L2:[sp=C,43] C=1,S=3,X=55,R=3,Y=1,K=5",-inf,-inf,0,K|C,2
K,250,C,4,K,11,Y,55,S,3,R,3,X,52,Y,21,C,1,S,3,X,52,R,3,K,1,Y,1,"L1:[sp=K,250] C=4,K=11,Y=55,S=3,R=3,X=52 || L2:[sp=Y,21] C=1,S=3,X=52,R=3,K=1,Y=1",-inf,-inf,0,K|Y,2
C,250,C,43,K,1,S,3,Y,47,R,3,X,55,C,43,Y,1,S,3,X,55,R,3,C,1,K,1,"L1:[sp=C,250] C=43,K=1,S=3,Y=47,R=3,X=55 || L2:[sp=C,43] Y=1,S=3,X=55,R=3,C=1,K=1",-inf,-inf,0,C|C,2
K,250,C,43,K,11,S,3,Y,46,R,3,X,55,C,43,C,1,S,3,X,55,R,3,Y,46,K,1,"L1:[sp=K,250] C=43,K=11,S=3,Y=46,R=3,X=55 || L2:[sp=C,43] C=1,S=3,X=55,R=3,Y=46,K=1",-inf,-inf,0,K|C,2
C,250,C,43,K,40,S,3,Y,55,R,3,X,55,C,43,C,1,S,3,X,55,R,3,Y,12,K,1,"L1:[sp=C,250] C=43,K=40,S=3,Y=55,R=3,X=55 || L2:[sp=C,43] C=1,S=3,X=55,R=3,Y=12,K=1",-inf,-inf,0,C|C,2
K,250,C,21,K,21,S,3,Y,55,R,3,X,55,C,43,C,19,Y,1,X,55,R,3,S,3,K,1,"L1:[sp=K,250] C=21,K=21,S=3,Y=55,R=3,X=55 || L2:[sp=C,43] C=19,Y=1,X=55,R=3,S=3,K=1",-inf,-inf,0,K|C,2
K,250,C,43,R,3,Y,13,K,21,S,3,X,55,Y,21,R,3,Y,8,X,55,C,1,S,3,K,7,"L1:[sp=K,250] C=43,R=3,Y=13,K=21,S=3,X=55 || L2:[sp=Y,21] R=3,Y=8,X=55,C=1,S=3,K=7",-inf,-inf,0,K|Y,2
K,250,C,43,Y,55,X,55,S,3,R,3,K,11,Y,21,C,36,S,3,X,55,R,3,K,11,Y,1,"L1:[sp=K,250] C=43,Y=55,X=55,S=3,R=3,K=11 || L2:[sp=Y,21] C=36,S=3,X=55,R=3,K=11,Y=1",-inf,-inf,0,K|Y,2
Y,250,C,10,K,16,S,3,Y,36,R,3,X,56,K,31,C,7,S,3,X,55,Y,1,R,3,K,1,"L1:[sp=Y,250] C=10,K=16,S=3,Y=36,R=3,X=56 || L2:[sp=K,31] C=7,S=3,X=55,Y=1,R=3,K=1",-inf,-inf,0,Y|K,2
K,250,C,17,K,11,S,3,Y,55,R,3,X,55,C,43,C,8,S,3,X,55,R,3,Y,21,K,1,"L1:[sp=K,250] C=17,K=11,S=3,Y=55,R=3,X=55 || L2:[sp=C,43] C=8,S=3,X=55,R=3,Y=21,K=1",-inf,-inf,0,K|C,2
K,250,C,43,K,63,S,3,Y,55,R,3,X,55,Y,21,C,1,S,3,X,55,R,3,Y,1,K,23,"L1:[sp=K,250] C=43,K=63,S=3,Y=55,R=3,X=55 || L2:[sp=Y,21] C=1,S=3,X=55,R=3,Y=1,K=23",-inf,-inf,0,K|Y,2
K,250,C,43,K,31,Y,47,S,3,R,3,X,55,K,31,C,1,S,3,X,55,R,3,Y,33,K,1,"L1:[sp=K,250] C=43,K=31,Y=47,S=3,R=3,X=55 || L2:[sp=K,31] C=1,S=3,X=55,R=3,Y=33,K=1",-inf,-inf,0,K|K,2
K,250,C,18,K,2,Y,55,S,3,R,3,X,55,Y,21,C,1,S,3,X,55,R,3,Y,1,K,2,"L1:[sp=K,250] C=18,K=2,Y=55,S=3,R=3,X=55 || L2:[sp=Y,21] C=1,S=3,X=55,R=3,Y=1,K=2",-inf,-inf,0,K|Y,2
K,250,K,21,C,2,S,3,Y,55,R,3,X,32,C,43,Y,1,C,2,X,32,R,3,S,3,K,1,"L1:[sp=K,250] K=21,C=2,S=3,Y=55,R=3,X=32 || L2:[sp=C,43] Y=1,C=2,X=32,R=3,S=3,K=1",-inf,-inf,0,K|C,2
K,250,C,43,K,11,S,3,Y,55,R,3,X,55,C,43,C,1,S,3,X,55,R,3,Y,1,K,3,"L1:[sp=K,250] C=43,K=11,S=3,Y=55,R=3,X=55 || L2:[sp=C,43] C=1,S=3,X=55,R=3,Y=1,K=3",-inf,-inf,0,K|C,2
C,250,K,21,C,2,S,3,Y,55,R,3,X,55,C,43,C,2,Y,1,X,55,S,3,R,3,K,1,"L1:[sp=C,250] K=21,C=2,S=3,Y=55,R=3,X=55 || L2:[sp=C,43] C=2,Y=1,X=55,S=3,R=3,K=1",-inf,-inf,0,C|C,2
K,250,C,56,K,31,Y,47,S,3,R,3,X,55,Y,21,C,1,S,3,X,55,R,3,Y,33,K,1,"L1:[sp=K,250] C=56,K=31,Y=47,S=3,R=3,X=55 || L2:[sp=Y,21] C=1,S=3,X=55,R=3,Y=33,K=1",-inf,-inf,0,K|Y,2
C,250,C,42,K,31,S,3,Y,55,R,3,X,55,Y,21,C,29,S,3,X,55,R,3,Y,1,K,5,"L1:[sp=C,250] C=42,K=31,S=3,Y=55,R=3,X=55 || L2:[sp=Y,21] C=29,S=3,X=55,R=3,Y=1,K=5",-inf,-inf,0,C|Y,2
C,250,C,42,K,31,S,3,Y,55,R,3,X,55,Y,21,C,1,S,3,X,55,R,3,Y,26,K,5,"L1:[sp=C,250] C=42,K=31,S=3,Y=55,R=3,X=55 || L2:[sp=Y,21] C=1,S=3,X=55,R=3,Y=26,K=5",-inf,-inf,0,C|Y,2
K,250,C,25,K,54,S,3,Y,55,R,3,X,55,Y,21,C,5,X,55,Y,1,S,3,K,5,R,3,"L1:[sp=K,250] C=25,K=54,S=3,Y=55,R=3,X=55 || L2:[sp=Y,21] C=5,X=55,Y=1,S=3,K=5,R=3",-inf,-inf,0,K|Y,2
K,250,C,17,K,11,Y,55,S,3,R,3,X,55,C,43,C,1,S,3,X,55,R,3,Y,44,K,1,"L1:[sp=K,250] C=17,K=11,Y=55,S=3,R=3,X=55 || L2:[sp=C,43] C=1,S=3,X=55,R=3,Y=44,K=1",-inf,-inf,0,K|C,2
C,250,C,43,K,11,Y,55,S,3,R,3,X,55,Y,21,C,1,S,3,X,55,R,3,K,3,Y,6,"L1:[sp=C,250] C=43,K=11,Y=55,S=3,R=3,X=55 || L2:[sp=Y,21] C=1,S=3,X=55,R=3,K=3,Y=6",-inf,-inf,0,C|Y,2
K,250,X,55,K,64,S,3,Y,55,R,3,C,43,C,43,C,1,S,3,X,55,R,3,Y,1,K,52,"L1:[sp=K,250] X=55,K=64,S=3,Y=55,R=3,C=43 || L2:[sp=C,43] C=1,S=3,X=55,R=3,Y=1,K=52",-inf,-inf,0,K|C,2
K,250,C,43,K,31,S,3,Y,55,R,3,X,55,K,1,C,1,Y,25,X,55,R,3,S,3,K,5,"L1:[sp=K,250] C=43,K=31,S=3,Y=55,R=3,X=55 || L2:[sp=K,1] C=1,Y=25,X=55,R=3,S=3,K=5",-inf,-inf,0,K|K,2
K,250,R,3,K,19,S,3,Y,55,C,43,X,55,C,43,S,3,C,1,X,55,K,1,Y,3,R,3,"L1:[sp=K,250] R=3,K=19,S=3,Y=55,C=43,X=55 || L2:[sp=C,43] S=3,C=1,X=55,K=1,Y=3,R=3",-inf,-inf,0,K|C,2
K,250,X,55,K,46,S,3,Y,55,R,3,C,15,C,43,C,1,S,3,X,55,R,3,Y,1,K,44,"L1:[sp=K,250] X=55,K=46,S=3,Y=55,R=3,C=15 || L2:[sp=C,43] C=1,S=3,X=55,R=3,Y=1,K=44",-inf,-inf,0,K|C,2
K,250,C,43,K,54,S,3,Y,55,R,3,X,55,C,43,C,1,S,3,X,55,K,5,Y,26,R,3,"L1:[sp=K,250] C=43,K=54,S=3,Y=55,R=3,X=55 || L2:[sp=C,43] C=1,S=3,X=55,K=5,Y=26,R=3",-inf,-inf,0,K|C,2
K,250,R,3,C,43,S,3,Y,51,K,19,X,55,C,43,C,1,S,3,X,55,K,1,Y,26,R,3,"L1:[sp=K,250] R=3,C=43,S=3,Y=51,K=19,X=55 || L2:[sp=C,43] C=1,S=3,X=55,K=1,Y=26,R=3",-inf,-inf,0,K|C,2
K,250,C,43,K,34,S,3,Y,55,R,3,X,55,C,43,C,1,S,3,X,55,R,3,Y,1,K,17,"L1:[sp=K,250] C=43,K=34,S=3,Y=55,R=3,X=55 || L2:[sp=C,43] C=1,S=3,X=55,R=3,Y=1,K=17",-inf,-inf,0,K|C,2
K,250,C,43,K,54,S,3,Y,55,R,3,X,55,C,43,C,1,S,3,X,55,K,5,Y,2,R,3,"L1:[sp=K,250] C=43,K=54,S=3,Y=55,R=3,X=55 || L2:[sp=C,43] C=1,S=3,X=55,K=5,Y=2,R=3",-inf,-inf,0,K|C,2
K,250,C,43,K,19,S,3,Y,55,R,3,X,55,C,43,C,1,S,3,X,55,K,1,Y,46,R,3,"L1:[sp=K,250] C=43,K=19,S=3,Y=55,R=3,X=55 || L2:[sp=C,43] C=1,S=3,X=55,K=1,Y=46,R=3",-inf,-inf,0,K|C,2
K,250,C,25,K,54,S,3,Y,55,R,3,X,55,Y,1,C,1,Y,1,X,55,S,3,K,13,R,3,"L1:[sp=K,250] C=25,K=54,S=3,Y=55,R=3,X=55 || L2:[sp=Y,1] C=1,Y=1,X=55,S=3,K=13,R=3",-inf,-inf,0,K|Y,2
K,250,C,43,K,63,Y,55,S,3,R,3,X,55,Y,21,C,8,S,3,Y,1,R,3,X,55,K,5,"L1:[sp=K,250] C=43,K=63,Y=55,S=3,R=3,X=55 || L2:[sp=Y,21] C=8,S=3,Y=1,R=3,X=55,K=5",-inf,-inf,0,K|Y,2
Y,250,C,42,K,9,S,3,Y,55,R,3,X,55,Y,21,C,15,S,3,X,55,R,3,Y,1,K,5,"L1:[sp=Y,250] C=42,K=9,S=3,Y=55,R=3,X=55 || L2:[sp=Y,21] C=15,S=3,X=55,R=3,Y=1,K=5",-inf,-inf,0,Y|Y,2
K,250,C,25,K,54,S,3,Y,55,R,3,X,55,Y,1,C,1,Y,1,X,55,S,3,K,25,R,3,"L1:[sp=K,250] C=25,K=54,S=3,Y=55,R=3,X=55 || L2:[sp=Y,1] C=1,Y=1,X=55,S=3,K=25,R=3",-inf,-inf,0,K|Y,2
K,250,C,43,K,61,Y,55,S,3,R,3,X,55,Y,21,C,1,S,3,X,55,R,3,Y,1,K,33,"L1:[sp=K,250] C=43,K=61,Y=55,S=3,R=3,X=55 || L2:[sp=Y,21] C=1,S=3,X=55,R=3,Y=1,K=33",-inf,-inf,0,K|Y,2
K,250,R,3,K,19,S,3,Y,55,C,19,X,55,C,43,C,1,S,3,X,55,K,11,Y,26,R,3,"L1:[sp=K,250] R=3,K=19,S=3,Y=55,C=19,X=55 || L2:[sp=C,43] C=1,S=3,X=55,K=11,Y=26,R=3",-inf,-inf,0,K|C,2
K,250,C,43,K,19,S,3,Y,5,R,3,X,55,C,43,C,1,S,3,X,55,K,1,Y,5,R,3,"L1:[sp=K,250] C=43,K=19,S=3,Y=5,R=3,X=55 || L2:[sp=C,43] C=1,S=3,X=55,K=1,Y=5,R=3",-inf,-inf,0,K|C,2
K,250,C,43,K,34,S,3,Y,55,R,3,X,55,C,43,C,23,S,3,X,55,R,3,Y,1,K,1,"L1:[sp=K,250] C=43,K=34,S=3,Y=55,R=3,X=55 || L2:[sp=C,43] C=23,S=3,X=55,R=3,Y=1,K=1",-inf,-inf,0,K|C,2
K,250,X,55,K,19,S,3,Y,55,C,10,R,3,C,43,C,7,S,3,X,55,K,1,Y,26,R,3,"L1:[sp=K,250] X=55,K=19,S=3,Y=55,C=10,R=3 || L2:[sp=C,43] C=7,S=3,X=55,K=1,Y=26,R=3",-inf,-inf,0,K|C,2
C,250,C,43,K,63,Y,55,S,3,R,3,X,55,Y,21,C,28,S,3,R,3,K,5,Y,1,X,55,"L1:[sp=C,250] C=43,K=63,Y=55,S=3,R=3,X=55 || L2:[sp=Y,21] C=28,S=3,R=3,K=5,Y=1,X=55",-inf,-inf,0,C|Y,2
K,250,C,10,K,61,Y,55,S,3,R,3,X,55,Y,21,C,1,S,3,X,55,R,3,Y,1,K,10,"L1:[sp=K,250] C=10,K=61,Y=55,S=3,R=3,X=55 || L2:[sp=Y,21] C=1,S=3,X=55,R=3,Y=1,K=10",-inf,-inf,0,K|Y,2
K,250,C,43,K,56,S,3,Y,55,R,3,X,55,C,43,C,1,Y,27,X,55,R,3,S,3,K,1,"L1:[sp=K,250] C=43,K=56,S=3,Y=55,R=3,X=55 || L2:[sp=C,43] C=1,Y=27,X=55,R=3,S=3,K=1",-inf,-inf,0,K|C,2
K,250,C,43,K,11,S,3,Y,55,R,3,X,55,C,43,C,33,Y,1,X,55,R,3,S,3,K,1,"L1:[sp=K,250] C=43,K=11,S=3,Y=55,R=3,X=55 || L2:[sp=C,43] C=33,Y=1,X=55,R=3,S=3,K=1",-inf,-inf,0,K|C,2
C,250,C,43,K,63,Y,13,S,3,R,3,X,55,Y,21,C,1,S,3,R,3,K,32,Y,1,X,55,"L1:[sp=C,250] C=43,K=63,Y=13,S=3,R=3,X=55 || L2:[sp=Y,21] C=1,S=3,R=3,K=32,Y=1,X=55",-inf,-inf,0,C|Y,2
K,250,X,55,K,11,S,3,Y,55,R,3,C,7,C,43,C,1,S,3,X,55,R,3,Y,1,K,9,"L1:[sp=K,250] X=55,K=11,S=3,Y=55,R=3,C=7 || L2:[sp=C,43] C=1,S=3,X=55,R=3,Y=1,K=9",-inf,-inf,0,K|C,2
K,250,C,43,K,3,S,3,Y,50,R,3,X,55,C,1,C,1,S,3,X,55,K,1,Y,26,R,3,"L1:[sp=K,250] C=43,K=3,S=3,Y=50,R=3,X=55 || L2:[sp=C,1] C=1,S=3,X=55,K=1,Y=26,R=3",-inf,-inf,0,K|C,2
C,250,Y,55,K,18,S,3,C,10,R,3,X,55,Y,21,C,7,S,3,X,55,R,3,Y,1,K,11,"L1:[sp=C,250] Y=55,K=18,S=3,C=10,R=3,X=55 || L2:[sp=Y,21] C=7,S=3,X=55,R=3,Y=1,K=11",-inf,-inf,0,C|Y,2
C,250,C,43,K,11,S,3,Y,55,R,3,X,55,X,55,C,1,S,3,X,55,R,3,Y,1,K,10,"L1:[sp=C,250] C=43,K=11,S=3,Y=55,R=3,X=55 || L2:[sp=X,55] C=1,S=3,X=55,R=3,Y=1,K=10",-inf,-inf,0,C|X,2
X,250,C,43,K,19,S,3,Y,55,R,3,X,55,C,43,C,1,S,3,X,55,K,1,Y,50,R,3,"L1:[sp=X,250] C=43,K=19,S=3,Y=55,R=3,X=55 || L2:[sp=C,43] C=1,S=3,X=55,K=1,Y=50,R=3",-inf,-inf,0,X|C,2
K,250,X,55,K,64,S,3,Y,6,R,3,C,7,C,43,C,5,S,3,X,55,R,3,Y,6,K,1,"L1:[sp=K,250] X=55,K=64,S=3,Y=6,R=3,C=7 || L2:[sp=C,43] C=5,S=3,X=55,R=3,Y=6,K=1",-inf,-inf,0,K|C,2
C,250,K,63,Y,55,C,42,S,3,R,3,X,55,Y,21,C,1,S,3,R,3,X,55,Y,1,K,41,"L1:[sp=C,250] K=63,Y=55,C=42,S=3,R=3,X=55 || L2:[sp=Y,21] C=1,S=3,R=3,X=55,Y=1,K=41",-inf,-inf,0,C|Y,2
K,250,R,3,K,19,S,3,Y,51,C,2,X,55,C,43,C,1,S,3,X,1,K,1,Y,26,R,3,"L1:[sp=K,250] R=3,K=19,S=3,Y=51,C=2,X=55 || L2:[sp=C,43] C=1,S=3,X=1,K=1,Y=26,R=3",-inf,-inf,0,K|C,2
K,250,R,3,K,19,S,3,Y,55,C,2,X,55,C,43,X,55,S,3,C,1,K,12,Y,26,R,3,"L1:[sp=K,250] R=3,K=19,S=3,Y=55,C=2,X=55 || L2:[sp=C,43] X=55,S=3,C=1,K=12,Y=26,R=3",-inf,-inf,0,K|C,2
K,250,C,20,K,19,S,3,Y,55,R,3,X,55,C,43,Y,26,C,2,X,55,K,1,S,3,R,3,"L1:[sp=K,250] C=20,K=19,S=3,Y=55,R=3,X=55 || L2:[sp=C,43] Y=26,C=2,X=55,K=1,S=3,R=3",-inf,-inf,0,K|C,2
K,250,C,63,K,5,S,3,Y,55,R,3,X,55,X,55,C,1,S,3,X,55,R,3,Y,1,K,4,"L1:[sp=K,250] C=63,K=5,S=3,Y=55,R=3,X=55 || L2:[sp=X,55] C=1,S=3,X=55,R=3,Y=1,K=4",-inf,-inf,0,K|X,2
K,250,R,3,K,11,C,9,Y,55,S,3,X,55,C,1,R,3,S,3,X,55,K,3,Y,1,C,1,"L1:[sp=K,250] R=3,K=11,C=9,Y=55,S=3,X=55 || L2:[sp=C,1] R=3,S=3,X=55,K=3,Y=1,C=1",-inf,-inf,0,K|C,2
K,250,C,2,K,61,Y,55,S,3,R,3,X,55,C,2,C,1,S,3,X,55,R,3,Y,1,K,5,"L1:[sp=K,250] C=2,K=61,Y=55,S=3,R=3,X=55 || L2:[sp=C,2] C=1,S=3,X=55,R=3,Y=1,K=5",-inf,-inf,0,K|C,2
K,250,R,3,K,19,S,3,Y,52,C,32,X,55,C,43,C,1,S,3,X,55,K,1,Y,26,R,3,"L1:[sp=K,250] R=3,K=19,S=3,Y=52,C=32,X=55 || L2:[sp=C,43] C=1,S=3,X=55,K=1,Y=26,R=3",-inf,-inf,0,K|C,2
Y,250,C,4,K,16,S,3,Y,36,R,3,X,55,K,31,S,3,C,4,X,55,R,3,Y,1,K,1,"L1:[sp=Y,250] C=4,K=16,S=3,Y=36,R=3,X=55 || L2:[sp=K,31] S=3,C=4,X=55,R=3,Y=1,K=1",-inf,-inf,0,Y|K,2
K,250,R,3,K,19,S,3,Y,14,C,13,X,55,C,43,C,1,S,3,X,55,K,1,Y,14,R,3,"L1:[sp=K,250] R=3,K=19,S=3,Y=14,C=13,X=55 || L2:[sp=C,43] C=1,S=3,X=55,K=1,Y=14,R=3",-inf,-inf,0,K|C,2
K,250,C,43,K,50,S,3,Y,55,R,3,X,55,C,43,S,3,C,1,X,55,K,1,Y,47,R,3,"L1:[sp=K,250] C=43,K=50,S=3,Y=55,R=3,X=55 || L2:[sp=C,43] S=3,C=1,X=55,K=1,Y=47,R=3",-inf,-inf,0,K|C,2
K,250,C,43,K,5,S,3,X,55,R,3,Y,55,X,55,C,1,S,3,X,55,R,3,Y,36,K,1,"L1:[sp=K,250] C=43,K=5,S=3,X=55,R=3,Y=55 || L2:[sp=X,55] C=1,S=3,X=55,R=3,Y=36,K=1",-inf,-inf,0,K|X,2
K,250,C,43,K,64,S,3,Y,55,R,3,X,55,C,43,C,1,Y,1,R,3,X,55,S,3,K,31,"L1:[sp=K,250] C=43,K=64,S=3,Y=55,R=3,X=55 || L2:[sp=C,43] C=1,Y=1,R=3,X=55,S=3,K=31",-inf,-inf,0,K|C,2
K,250,C,43,K,53,S,3,Y,55,R,3,X,55,X,55,C,15,Y,1,X,55,R,3,S,3,K,1,"L1:[sp=K,250] C=43,K=53,S=3,Y=55,R=3,X=55 || L2:[sp=X,55] C=15,Y=1,X=55,R=3,S=3,K=1",-inf,-inf,0,K|X,2
Y,250,C,10,K,16,S,3,Y,36,R,3,X,55,K,31,S,3,C,7,X,55,K,8,Y,1,R,3,"L1:[sp=Y,250] C=10,K=16,S=3,Y=36,R=3,X=55 || L2:[sp=K,31] S=3,C=7,X=55,K=8,Y=1,R=3",-inf,-inf,0,Y|K,2
K,250,R,3,K,19,S,3,Y,21,C,43,X,55,C,43,C,1,S,3,X,55,K,1,Y,21,R,3,"L1:[sp=K,250] R=3,K=19,S=3,Y=21,C=43,X=55 || L2:[sp=C,43] C=1,S=3,X=55,K=1,Y=21,R=3",-inf,-inf,0,K|C,2
K,250,C,43,K,11,S,3,Y,55,R,3,X,55,X,55,C,1,Y,15,X,55,R,3,S,3,K,4,"L1:[sp=K,250] C=43,K=11,S=3,Y=55,R=3,X=55 || L2:[sp=X,55] C=1,Y=15,X=55,R=3,S=3,K=4",-inf,-inf,0,K|X,2
K,250,C,42,K,11,S,3,Y,2,R,3,X,55,C,43,C,1,K,1,X,55,R,3,Y,2,S,3,"L1:[sp=K,250] C=42,K=11,S=3,Y=2,R=3,X=55 || L2:[sp=C,43] C=1,K=1,X=55,R=3,Y=2,S=3",-inf,-inf,0,K|C,2
K,250,C,42,K,61,Y,55,S,3,R,3,X,55,C,2,C,1,S,3,X,55,R,3,Y,1,K,55,"L1:[sp=K,250] C=42,K=61,Y=55,S=3,R=3,X=55 || L2:[sp=C,2] C=1,S=3,X=55,R=3,Y=1,K=55",-inf,-inf,0,K|C,2
K,250,R,3,K,19,S,3,Y,50,C,43,X,55,C,43,C,1,S,3,X,55,K,1,Y,26,R,3,"L1:[sp=K,250] R=3,K=19,S=3,Y=50,C=43,X=55 || L2:[sp=C,43] C=1,S=3,X=55,K=1,Y=26,R=3",-inf,-inf,0,K|C,2
K,250,C,36,K,3,S,3,Y,55,R,3,X,55,C,1,C,16,S,3,X,55,K,1,Y,1,R,3,"L1:[sp=K,250] C=36,K=3,S=3,Y=55,R=3,X=55 || L2:[sp=C,1] C=16,S=3,X=55,K=1,Y=1,R=3",-inf,-inf,0,K|C,2
C,250,K,59,Y,48,C,38,S,3,R,3,X,55,Y,21,C,1,S,3,R,3,X,55,Y,1,K,18,"L1:[sp=C,250] K=59,Y=48,C=38,S=3,R=3,X=55 || L2:[sp=Y,21] C=1,S=3,R=3,X=55,Y=1,K=18",-inf,-inf,0,C|Y,2
C,250,K,59,Y,40,C,43,S,3,R,3,X,55,Y,21,C,1,S,3,R,3,X,55,Y,1,K,31,"L1:[sp=C,250] K=59,Y=40,C=43,S=3,R=3,X=55 || L2:[sp=Y,21] C=1,S=3,R=3,X=55,Y=1,K=31",-inf,-inf,0,C|Y,2
Y,250,S,3,K,61,R,3,Y,55,C,39,X,55,C,43,C,1,S,3,X,55,K,1,Y,26,R,3,"L1:[sp=Y,250] S=3,K=61,R=3,Y=55,C=39,X=55 || L2:[sp=C,43] C=1,S=3,X=55,K=1,Y=26,R=3",-inf,-inf,0,Y|C,2
K,250,C,43,K,11,S,3,Y,55,R,3,X,55,X,55,C,1,Y,54,X,55,R,3,K,10,S,3,"L1:[sp=K,250] C=43,K=11,S=3,Y=55,R=3,X=55 || L2:[sp=X,55] C=1,Y=54,X=55,R=3,K=10,S=3",-inf,-inf,0,K|X,2
Y,250,C,10,K,16,S,3,Y,55,R,3,X,55,Y,11,S,3,C,7,X,55,R,3,Y,1,K,1,"L1:[sp=Y,250] C=10,K=16,S=3,Y=55,R=3,X=55 || L2:[sp=Y,11] S=3,C=7,X=55,R=3,Y=1,K=1",-inf,-inf,0,Y|Y,2
Y,250,R,3,K,19,S,3,Y,55,C,2,X,55,C,43,C,1,S,3,X,55,K,1,Y,26,R,3,"L1:[sp=Y,250] R=3,K=19,S=3,Y=55,C=2,X=55 || L2:[sp=C,43] C=1,S=3,X=55,K=1,Y=26,R=3",-inf,-inf,0,Y|C,2
Y,250,C,10,K,16,S,3,Y,4,R,3,X,55,K,31,S,3,C,7,X,55,R,3,Y,1,K,1,"L1:[sp=Y,250] C=10,K=16,S=3,Y=4,R=3,X=55 || L2:[sp=K,31] S=3,C=7,X=55,R=3,Y=1,K=1",-inf,-inf,0,Y|K,2
K,250,C,53,X,55,S,3,K,11,R,3,Y,55,X,55,C,1,S,3,X,55,R,3,Y,1,K,5,"L1:[sp=K,250] C=53,X=55,S=3,K=11,R=3,Y=55 || L2:[sp=X,55] C=1,S=3,X=55,R=3,Y=1,K=5",-inf,-inf,0,K|X,2
C,250,C,38,K,19,S,3,Y,55,R,3,X,55,C,43,S,3,C,1,X,55,K,1,Y,26,R,3,"L1:[sp=C,250] C=38,K=19,S=3,Y=55,R=3,X=55 || L2:[sp=C,43] S=3,C=1,X=55,K=1,Y=26,R=3",-inf,-inf,0,C|C,2
K,250,C,54,K,11,S,3,Y,55,R,3,X,55,C,2,C,17,S,3,R,3,X,55,Y,1,K,1,"L1:[sp=K,250] C=54,K=11,S=3,Y=55,R=3,X=55 || L2:[sp=C,2] C=17,S=3,R=3,X=55,Y=1,K=1",-inf,-inf,0,K|C,2
K,250,K,19,C,3,S,3,Y,55,R,3,X,55,K,19,S,3,C,1,X,55,K,1,Y,26,R,3,"L1:[sp=K,250] K=19,C=3,S=3,Y=55,R=3,X=55 || L2:[sp=K,19] S=3,C=1,X=55,K=1,Y=26,R=3",-inf,-inf,0,K|K,2
C,250,K,33,C,35,S,3,X,55,R,3,Y,55,C,7,C,1,S,3,X,55,K,6,Y,1,R,3,"L1:[sp=C,250] K=33,C=35,S=3,X=55,R=3,Y=55 || L2:[sp=C,7] C=1,S=3,X=55,K=6,Y=1,R=3",-inf,-inf,0,C|C,2
K,250,C,54,K,11,S,3,Y,55,R,3,X,55,C,2,C,29,S,3,R,3,X,55,Y,26,K,1,"L1:[sp=K,250] C=54,K=11,S=3,Y=55,R=3,X=55 || L2:[sp=C,2] C=29,S=3,R=3,X=55,Y=26,K=1",-inf,-inf,0,K|C,2
X,250,C,35,K,19,S,3,Y,55,R,3,X,55,C,43,S,3,C,1,X,55,K,1,Y,26,R,3,"L1:[sp=X,250] C=35,K=19,S=3,Y=55,R=3,X=55 || L2:[sp=C,43] S=3,C=1,X=55,K=1,Y=26,R=3",-inf,-inf,0,X|C,2
C,250,C,35,S,3,K,11,Y,55,R,3,X,55,C,43,S,3,C,1,X,55,K,1,Y,26,R,3,"L1:[sp=C,250] C=35,S=3,K=11,Y=55,R=3,X=55 || L2:[sp=C,43] S=3,C=1,X=55,K=1,Y=26,R=3",-inf,-inf,0,C|C,2
Y,250,C,53,K,64,S,3,Y,55,R,3,X,55,K,32,C,1,S,3,X,55,K,22,R,3,Y,26,"L1:[sp=Y,250] C=53,K=64,S=3,Y=55,R=3,X=55 || L2:[sp=K,32] C=1,S=3,X=55,K=22,R=3,Y=26",-inf,-inf,0,Y|K,2
K,250,C,2,K,11,S,3,Y,55,R,3,X,44,X,55,C,1,S,3,X,44,R,3,Y,11,K,5,"L1:[sp=K,250] C=2,K=11,S=3,Y=55,R=3,X=44 || L2:[sp=X,55] C=1,S=3,X=44,R=3,Y=11,K=5",-inf,-inf,0,K|X,2
K,250,C,43,K,19,S,3,Y,55,R,3,X,55,C,43,S,3,C,11,X,55,K,1,R,3,Y,26,"L1:[sp=K,250] C=43,K=19,S=3,Y=55,R=3,X=55 || L2:[sp=C,43] S=3,C=11,X=55,K=1,R=3,Y=26",-inf,-inf,0,K|C,2
K,250,X,55,K,19,S,3,Y,18,R,3,C,37,C,43,C,1,S,3,X,55,K,1,Y,18,R,3,"L1:[sp=K,250] X=55,K=19,S=3,Y=18,R=3,C=37 || L2:[sp=C,43] C=1,S=3,X=55,K=1,Y=18,R=3",-inf,-inf,0,K|C,2
K,250,C,43,K,11,S,3,Y,55,R,3,X,55,X,55,C,1,Y,9,X,55,R,3,S,3,K,5,"L1:[sp=K,250] C=43,K=11,S=3,Y=55,R=3,X=55 || L2:[sp=X,55] C=1,Y=9,X=55,R=3,S=3,K=5",-inf,-inf,0,K|X,2
K,250,C,43,K,11,S,3,Y,55,R,3,X,55,X,55,C,1,S,3,X,55,R,3,Y,5,K,5,"L1:[sp=K,250] C=43,K=11,S=3,Y=55,R=3,X=55 || L2:[sp=X,55] C=1,S=3,X=55,R=3,Y=5,K=5",-inf,-inf,0,K|X,2
X,250,C,43,K,11,S,3,Y,55,R,3,X,55,X,55,C,15,Y,19,X,55,R,3,S,3,K,10,"L1:[sp=X,250] C=43,K=11,S=3,Y=55,R=3,X=55 || L2:[sp=X,55] C=15,Y=19,X=55,R=3,S=3,K=10",-inf,-inf,0,X|X,2
Y,250,C,53,K,22,Y,26,S,3,R,3,X,55,C,43,X,55,S,3,C,1,K,1,R,3,Y,26,"L1:[sp=Y,250] C=53,K=22,Y=26,S=3,R=3,X=55 || L2:[sp=C,43] X=55,S=3,C=1,K=1,R=3,Y=26",-inf,-inf,0,Y|C,2
Y,250,C,62,K,64,S,3,Y,55,R,3,X,55,C,43,C,28,S,3,X,55,K,1,R,3,Y,49,"L1:[sp=Y,250] C=62,K=64,S=3,Y=55,R=3,X=55 || L2:[sp=C,43] C=28,S=3,X=55,K=1,R=3,Y=49",-inf,-inf,0,Y|C,2
K,250,C,43,K,64,S,3,Y,55,R,3,X,55,K,19,C,1,S,3,X,55,K,16,R,3,Y,26,"L1:[sp=K,250] C=43,K=64,S=3,Y=55,R=3,X=55 || L2:[sp=K,19] C=1,S=3,X=55,K=16,R=3,Y=26",-inf,-inf,0,K|K,2
K,250,C,43,K,22,S,3,Y,55,R,3,X,55,C,43,C,18,K,11,X,55,S,3,Y,26,R,3,"L1:[sp=K,250] C=43,K=22,S=3,Y=55,R=3,X=55 || L2:[sp=C,43] C=18,K=11,X=55,S=3,Y=26,R=3",-inf,-inf,0,K|C,2
K,250,C,24,K,3,S,3,Y,55,R,3,X,55,C,1,C,3,S,3,Y,1,K,1,X,55,R,3,"L1:[sp=K,250] C=24,K=3,S=3,Y=55,R=3,X=55 || L2:[sp=C,1] C=3,S=3,Y=1,K=1,X=55,R=3",-inf,-inf,0,K|C,2
Y,250,R,3,K,11,C,43,S,3,Y,55,X,55,C,1,R,3,S,3,X,55,Y,1,C,3,K,3,"L1:[sp=Y,250] R=3,K=11,C=43,S=3,Y=55,X=55 || L2:[sp=C,1] R=3,S=3,X=55,Y=1,C=3,K=3",-inf,-inf,0,Y|C,2
K,250,C,43,K,19,S,3,Y,55,R,3,X,55,K,19,C,1,S,3,X,55,K,13,Y,26,R,3,"L1:[sp=K,250] C=43,K=19,S=3,Y=55,R=3,X=55 || L2:[sp=K,19] C=1,S=3,X=55,K=13,Y=26,R=3",-inf,-inf,0,K|K,2
Y,250,C,53,K,64,S,3,Y,34,R,3,X,55,C,43,C,49,S,3,X,55,K,1,Y,34,R,3,"L1:[sp=Y,250] C=53,K=64,S=3,Y=34,R=3,X=55 || L2:[sp=C,43] C=49,S=3,X=55,K=1,Y=34,R=3",-inf,-inf,0,Y|C,2
K,250,C,35,K,19,S,3,Y,55,R,3,X,55,C,43,S,3,C,33,X,55,K,1,Y,26,R,3,"L1:[sp=K,250] C=35,K=19,S=3,Y=55,R=3,X=55 || L2:[sp=C,43] S=3,C=33,X=55,K=1,Y=26,R=3",-inf,-inf,0,K|C,2
K,250,X,55,C,43,S,3,Y,55,R,3,K,11,Y,55,C,19,S,3,X,55,K,1,Y,1,R,3,"L1:[sp=K,250] X=55,C=43,S=3,Y=55,R=3,K=11 || L2:[sp=Y,55] C=19,S=3,X=55,K=1,Y=1,R=3",-inf,-inf,0,K|Y,2
K,250,C,52,K,3,S,3,R,3,Y,55,X,55,C,1,C,1,S,3,Y,22,K,1,X,55,R,3,"L1:[sp=K,250] C=52,K=3,S=3,R=3,Y=55,X=55 || L2:[sp=C,1] C=1,S=3,Y=22,K=1,X=55,R=3",-inf,-inf,0,K|C,2
Y,250,C,62,K,61,Y,55,S,3,R,3,X,55,C,2,C,1,S,3,X,55,R,3,Y,1,K,5,"L1:[sp=Y,250] C=62,K=61,Y=55,S=3,R=3,X=55 || L2:[sp=C,2] C=1,S=3,X=55,R=3,Y=1,K=5",-inf,-inf,0,Y|C,2
K,250,C,38,K,19,X,55,Y,55,R,3,S,3,K,19,C,38,S,3,X,55,K,1,Y,26,R,3,"L1:[sp=K,250] C=38,K=19,X=55,Y=55,R=3,S=3 || L2:[sp=K,19] C=38,S=3,X=55,K=1,Y=26,R=3",-inf,-inf,0,K|K,2
C,250,K,38,R,3,S,3,X,55,C,43,Y,55,Y,55,X,55,S,3,C,3,K,5,Y,18,R,3,"L1:[sp=C,250] K=38,R=3,S=3,X=55,C=43,Y=55 || L2:[sp=Y,55] X=55,S=3,C=3,K=5,Y=18,R=3",-inf,-inf,0,C|Y,2
Y,250,C,42,K,61,Y,10,S,3,R,3,X,55,C,2,C,1,Y,10,X,55,R,3,S,3,K,5,"L1:[sp=Y,250] C=42,K=61,Y=10,S=3,R=3,X=55 || L2:[sp=C,2] C=1,Y=10,X=55,R=3,S=3,K=5",-inf,-inf,0,Y|C,2
Y,250,C,53,K,64,Y,40,S,3,R,3,X,55,C,43,C,9,S,3,X,55,K,1,R,3,Y,26,"L1:[sp=Y,250] C=53,K=64,Y=40,S=3,R=3,X=55 || L2:[sp=C,43] C=9,S=3,X=55,K=1,R=3,Y=26",-inf,-inf,0,Y|C,2
K,250,C,53,K,19,S,3,Y,45,R,3,X,55,K,19,C,1,S,3,X,55,K,1,Y,26,R,3,"L1:[sp=K,250] C=53,K=19,S=3,Y=45,R=3,X=55 || L2:[sp=K,19] C=1,S=3,X=55,K=1,Y=26,R=3",-inf,-inf,0,K|K,2
C,250,C,42,K,54,Y,55,S,3,R,3,X,55,C,2,C,1,S,3,X,55,R,3,Y,14,K,5,"L1:[sp=C,250] C=42,K=54,Y=55,S=3,R=3,X=55 || L2:[sp=C,2] C=1,S=3,X=55,R=3,Y=14,K=5",-inf,-inf,0,C|C,2
K,250,C,5,K,19,S,3,Y,55,R,3,X,55,K,19,C,1,S,3,X,55,K,1,Y,26,R,3,"L1:[sp=K,250] C=5,K=19,S=3,Y=55,R=3,X=55 || L2:[sp=K,19] C=1,S=3,X=55,K=1,Y=26,R=3",-inf,-inf,0,K|K,2
K,250,C,43,K,44,S,3,Y,55,R,3,X,55,X,55,C,3,S,3,X,55,R,3,Y,9,K,5,"L1:[sp=K,250] C=43,K=44,S=3,Y=55,R=3,X=55 || L2:[sp=X,55] C=3,S=3,X=55,R=3,Y=9,K=5",-inf,-inf,0,K|X,2
C,250,C,53,K,44,S,3,Y,55,R,3,X,55,C,43,C,1,S,3,X,55,K,1,R,3,Y,8,"L1:[sp=C,250] C=53,K=44,S=3,Y=55,R=3,X=55 || L2:[sp=C,43] C=1,S=3,X=55,K=1,R=3,Y=8",-inf,-inf,0,C|C,2
Y,250,R,3,K,22,C,13,Y,55,S,3,X,55,C,1,R,3,S,3,X,55,Y,1,C,1,K,17,"L1:[sp=Y,250] R=3,K=22,C=13,Y=55,S=3,X=55 || L2:[sp=C,1] R=3,S=3,X=55,Y=1,C=1,K=17",-inf,-inf,0,Y|C,2
C,250,C,53,K,64,S,3,Y,34,R,3,X,55,C,43,C,32,S,3,X,55,K,1,R,3,Y,26,"L1:[sp=C,250] C=53,K=64,S=3,Y=34,R=3,X=55 || L2:[sp=C,43] C=32,S=3,X=55,K=1,R=3,Y=26",-inf,-inf,0,C|C,2
C,250,C,53,K,19,S,3,Y,55,R,3,X,55,C,43,C,1,S,3,X,55,K,1,R,3,Y,26,"L1:[sp=C,250] C=53,K=19,S=3,Y=55,R=3,X=55 || L2:[sp=C,43] C=1,S=3,X=55,K=1,R=3,Y=26",-inf,-inf,0,C|C,2
K,250,C,40,K,19,S,3,Y,55,R,3,X,55,C,43,S,3,R,3,X,55,K,1,Y,19,C,7,"L1:[sp=K,250] C=40,K=19,S=3,Y=55,R=3,X=55 || L2:[sp=C,43] S=3,R=3,X=55,K=1,Y=19,C=7",-inf,-inf,0,K|C,2
K,250,C,43,K,35,S,3,Y,55,R,3,X,55,C,43,C,30,X,55,S,3,K,15,Y,1,R,3,"L1:[sp=K,250] C=43,K=35,S=3,Y=55,R=3,X=55 || L2:[sp=C,43] C=30,X=55,S=3,K=15,Y=1,R=3",-inf,-inf,0,K|C,2
K,250,C,9,K,5,S,3,Y,55,R,3,X,55,X,55,C,1,S,3,X,55,R,3,Y,1,K,1,"L1:[sp=K,250] C=9,K=5,S=3,Y=55,R=3,X=55 || L2:[sp=X,55] C=1,S=3,X=55,R=3,Y=1,K=1",-inf,-inf,0,K|X,2
K,250,C,43,K,34,S,3,Y,55,R,3,X,55,C,43,C,41,S,3,X,55,K,1,Y,12,R,3,"L1:[sp=K,250] C=43,K=34,S=3,Y=55,R=3,X=55 || L2:[sp=C,43] C=41,S=3,X=55,K=1,Y=12,R=3",-inf,-inf,0,K|C,2
K,250,C,43,K,30,S,3,Y,55,R,3,X,55,X,55,K,5,Y,1,X,55,R,3,S,3,C,2,"L1:[sp=K,250] C=43,K=30,S=3,Y=55,R=3,X=55 || L2:[sp=X,55] K=5,Y=1,X=55,R=3,S=3,C=2",-inf,-inf,0,K|X,2
K,250,Y,55,K,19,S,3,C,59,R,3,X,55,C,2,C,1,S,3,Y,8,X,55,R,3,K,14,"L1:[sp=K,250] Y=55,K=19,S=3,C=59,R=3,X=55 || L2:[sp=C,2] C=1,S=3,Y=8,X=55,R=3,K=14",-inf,-inf,0,K|C,2
K,250,C,20,K,12,S,3,Y,55,R,3,X,55,X,55,C,1,S,3,X,55,R,3,Y,1,K,5,"L1:[sp=K,250] C=20,K=12,S=3,Y=55,R=3,X=55 || L2:[sp=X,55] C=1,S=3,X=55,R=3,Y=1,K=5",-inf,-inf,0,K|X,2
K,250,Y,55,K,11,S,3,C,43,R,3,X,55,C,2,S,3,C,31,K,1,X,55,R,3,Y,8,"L1:[sp=K,250] Y=55,K=11,S=3,C=43,R=3,X=55 || L2:[sp=C,2] S=3,C=31,K=1,X=55,R=3,Y=8",-inf,-inf,0,K|C,2
K,250,C,43,K,19,S,3,Y,55,R,3,X,55,X,55,S,3,R,3,X,55,K,1,C,20,Y,26,"L1:[sp=K,250] C=43,K=19,S=3,Y=55,R=3,X=55 || L2:[sp=X,55] S=3,R=3,X=55,K=1,C=20,Y=26",-inf,-inf,0,K|X,2
K,250,C,43,K,11,S,3,Y,55,R,3,X,55,X,1,C,1,S,3,X,55,R,3,Y,32,K,5,"L1:[sp=K,250] C=43,K=11,S=3,Y=55,R=3,X=55 || L2:[sp=X,1] C=1,S=3,X=55,R=3,Y=32,K=5",-inf,-inf,0,K|X,2
Y,250,R,3,K,22,C,13,Y,55,S,3,X,55,C,1,R,3,S,3,X,55,Y,26,C,1,K,21,"L1:[sp=Y,250] R=3,K=22,C=13,Y=55,S=3,X=55 || L2:[sp=C,1] R=3,S=3,X=55,Y=26,C=1,K=21",-inf,-inf,0,Y|C,2
Y,250,R,3,K,22,C,13,Y,55,S,3,X,55,C,1,R,3,S,3,X,55,Y,1,C,13,K,3,"L1:[sp=Y,250] R=3,K=22,C=13,Y=55,S=3,X=55 || L2:[sp=C,1] R=3,S=3,X=55,Y=1,C=13,K=3",-inf,-inf,0,Y|C,2
K,250,C,40,K,19,S,3,Y,38,R,3,X,55,C,43,S,3,R,3,X,55,C,1,Y,26,K,1,"L1:[sp=K,250] C=40,K=19,S=3,Y=38,R=3,X=55 || L2:[sp=C,43] S=3,R=3,X=55,C=1,Y=26,K=1",-inf,-inf,0,K|C,2
K,250,C,43,K,5,S,3,Y,27,R,3,X,55,X,55,C,34,S,3,R,3,X,55,Y,1,K,5,"L1:[sp=K,250] C=43,K=5,S=3,Y=27,R=3,X=55 || L2:[sp=X,55] C=34,S=3,R=3,X=55,Y=1,K=5",-inf,-inf,0,K|X,2
K,250,C,8,K,19,S,3,Y,55,R,3,X,55,Y,55,C,1,S,3,X,55,K,1,Y,26,R,3,"L1:[sp=K,250] C=8,K=19,S=3,Y=55,R=3,X=55 || L2:[sp=Y,55] C=1,S=3,X=55,K=1,Y=26,R=3",-inf,-inf,0,K|Y,2
K,250,C,35,K,19,S,3,Y,55,R,3,X,55,C,43,S,3,C,23,X,55,K,1,Y,1,R,3,"L1:[sp=K,250] C=35,K=19,S=3,Y=55,R=3,X=55 || L2:[sp=C,43] S=3,C=23,X=55,K=1,Y=1,R=3",-inf,-inf,0,K|C,2
K,250,C,8,S,3,K,5,Y,55,R,3,X,55,K,1,C,1,S,3,X,55,R,3,Y,26,K,3,"L1:[sp=K,250] C=8,S=3,K=5,Y=55,R=3,X=55 || L2:[sp=K,1] C=1,S=3,X=55,R=3,Y=26,K=3",-inf,-inf,0,K|K,2
C,250,C,35,K,14,S,3,Y,55,R,3,X,55,C,43,S,3,C,1,X,55,K,1,Y,1,R,3,"L1:[sp=C,250] C=35,K=14,S=3,Y=55,R=3,X=55 || L2:[sp=C,43] S=3,C=1,X=55,K=1,Y=1,R=3",-inf,-inf,0,C|C,2
K,250,C,61,K,5,S,3,X,55,Y,6,R,3,K,1,C,1,S,3,X,55,R,3,Y,6,K,1,"L1:[sp=K,250] C=61,K=5,S=3,X=55,Y=6,R=3 || L2:[sp=K,1] C=1,S=3,X=55,R=3,Y=6,K=1",-inf,-inf,0,K|K,2
K,250,C,8,X,55,S,3,Y,42,R,3,K,5,X,11,S,3,C,1,Y,26,K,2,X,55,R,3,"L1:[sp=K,250] C=8,X=55,S=3,Y=42,R=3,K=5 || L2:[sp=X,11] S=3,C=1,Y=26,K=2,X=55,R=3",-inf,-inf,0,K|X,2
K,250,Y,29,K,11,S,3,C,42,R,3,X,55,C,2,S,3,C,1,Y,29,X,55,K,1,R,3,"L1:[sp=K,250] Y=29,K=11,S=3,C=42,R=3,X=55 || L2:[sp=C,2] S=3,C=1,Y=29,X=55,K=1,R=3",-inf,-inf,0,K|C,2
K,250,C,43,K,11,S,3,Y,55,R,3,X,55,C,43,X,55,S,3,C,1,R,3,Y,1,K,5,"L1:[sp=K,250] C=43,K=11,S=3,Y=55,R=3,X=55 || L2:[sp=C,43] X=55,S=3,C=1,R=3,Y=1,K=5",-inf,-inf,0,K|C,2
K,250,C,35,K,19,S,3,Y,55,R,3,X,55,C,43,S,3,C,1,X,55,K,1,Y,10,R,3,"L1:[sp=K,250] C=35,K=19,S=3,Y=55,R=3,X=55 || L2:[sp=C,43] S=3,C=1,X=55,K=1,Y=10,R=3",-inf,-inf,0,K|C,2
K,250,Y,55,K,33,S,3,R,3,C,50,X,55,C,1,R,3,K,1,C,16,S,3,X,55,Y,26,"L1:[sp=K,250] Y=55,K=33,S=3,R=3,C=50,X=55 || L2:[sp=C,1] R=3,K=1,C=16,S=3,X=55,Y=26",-inf,-inf,0,K|C,2
K,250,C,19,X,55,S,3,Y,42,R,3,K,19,X,11,S,3,C,1,Y,26,K,4,X,55,R,3,"L1:[sp=K,250] C=19,X=55,S=3,Y=42,R=3,K=19 || L2:[sp=X,11] S=3,C=1,Y=26,K=4,X=55,R=3",-inf,-inf,0,K|X,2
K,250,Y,55,K,3,S,3,R,3,C,5,X,55,C,1,Y,10,K,1,C,1,S,3,X,55,R,3,"L1:[sp=K,250] Y=55,K=3,S=3,R=3,C=5,X=55 || L2:[sp=C,1] Y=10,K=1,C=1,S=3,X=55,R=3",-inf,-inf,0,K|C,2
K,250,S,3,K,5,C,53,X,55,Y,34,R,3,K,1,C,1,S,3,X,55,R,3,Y,26,K,1,"L1:[sp=K,250] S=3,K=5,C=53,X=55,Y=34,R=3 || L2:[sp=K,1] C=1,S=3,X=55,R=3,Y=26,K=1",-inf,-inf,0,K|K,2
C,250,C,59,K,64,S,3,Y,55,R,3,X,55,K,32,C,47,S,3,X,55,K,1,R,3,Y,1,"L1:[sp=C,250] C=59,K=64,S=3,Y=55,R=3,X=55 || L2:[sp=K,32] C=47,S=3,X=55,K=1,R=3,Y=1",-inf,-inf,0,C|K,2
K,250,C,53,K,5,S,3,X,55,Y,55,R,3,K,1,C,1,S,3,X,55,R,3,Y,24,K,4,"L1:[sp=K,250] C=53,K=5,S=3,X=55,Y=55,R=3 || L2:[sp=K,1] C=1,S=3,X=55,R=3,Y=24,K=4",-inf,-inf,0,K|K,2
K,250,C,43,K,3,S,3,Y,55,R,3,X,55,Y,55,C,1,S,3,X,55,K,1,Y,26,R,3,"L1:[sp=K,250] C=43,K=3,S=3,Y=55,R=3,X=55 || L2:[sp=Y,55] C=1,S=3,X=55,K=1,Y=26,R=3",-inf,-inf,0,K|Y,2
K,250,C,43,K,32,S,3,Y,34,R,3,X,55,X,1,C,1,S,3,X,55,R,3,Y,26,K,31,"L1:[sp=K,250] C=43,K=32,S=3,Y=34,R=3,X=55 || L2:[sp=X,1] C=1,S=3,X=55,R=3,Y=26,K=31",-inf,-inf,0,K|X,2
C,250,C,43,K,28,S,3,Y,44,R,3,X,55,Y,55,C,1,S,3,X,55,K,5,Y,14,R,3,"L1:[sp=C,250] C=43,K=28,S=3,Y=44,R=3,X=55 || L2:[sp=Y,55] C=1,S=3,X=55,K=5,Y=14,R=3",-inf,-inf,0,C|Y,2
K,250,C,42,K,61,S,3,Y,48,R,3,X,55,K,61,S,3,R,3,X,55,K,42,Y,26,C,1,"L1:[sp=K,250] C=42,K=61,S=3,Y=48,R=3,X=55 || L2:[sp=K,61] S=3,R=3,X=55,K=42,Y=26,C=1",-inf,-inf,0,K|K,2
K,250,C,43,K,19,S,3,Y,55,R,3,X,55,C,43,S,3,C,3,X,55,K,1,Y,26,R,3,"L1:[sp=K,250] C=43,K=19,S=3,Y=55,R=3,X=55 || L2:[sp=C,43] S=3,C=3,X=55,K=1,Y=26,R=3",-inf,-inf,0,K|C,2
K,250,S,3,Y,55,C,35,K,62,R,3,X,55,C,43,S,3,C,1,X,55,R,3,Y,11,K,1,"L1:[sp=K,250] S=3,Y=55,C=35,K=62,R=3,X=55 || L2:[sp=C,43] S=3,C=1,X=55,R=3,Y=11,K=1",-inf,-inf,0,K|C,2
K,250,K,19,C,22,S,3,X,55,Y,55,R,3,C,2,Y,51,S,3,R,3,X,55,C,1,K,13,"L1:[sp=K,250] K=19,C=22,S=3,X=55,Y=55,R=3 || L2:[sp=C,2] Y=51,S=3,R=3,X=55,C=1,K=13",-inf,-inf,0,K|C,2
C,250,R,3,K,64,S,3,Y,55,C,28,X,55,K,32,C,1,S,3,X,55,K,64,R,3,Y,1,"L1:[sp=C,250] R=3,K=64,S=3,Y=55,C=28,X=55 || L2:[sp=K,32] C=1,S=3,X=55,K=64,R=3,Y=1",-inf,-inf,0,C|K,2
K,250,K,33,R,3,S,3,X,55,C,43,Y,55,Y,55,X,55,S,3,C,13,K,1,Y,3,R,3,"L1:[sp=K,250] K=33,R=3,S=3,X=55,C=43,Y=55 || L2:[sp=Y,55] X=55,S=3,C=13,K=1,Y=3,R=3",-inf,-inf,0,K|Y,2
C,250,C,35,R,3,K,19,S,3,Y,55,X,55,C,43,S,3,C,1,X,55,K,1,Y,26,R,3,"L1:[sp=C,250] C=35,R=3,K=19,S=3,Y=55,X=55 || L2:[sp=C,43] S=3,C=1,X=55,K=1,Y=26,R=3",-inf,-inf,0,C|C,2
K,250,R,3,X,55,S,3,Y,32,C,8,K,5,K,1,C,1,S,3,X,55,Y,26,R,3,K,1,"L1:[sp=K,250] R=3,X=55,S=3,Y=32,C=8,K=5 || L2:[sp=K,1] C=1,S=3,X=55,Y=26,R=3,K=1",-inf,-inf,0,K|K,2
K,250,K,3,Y,55,S,3,C,50,R,3,X,55,C,1,C,1,X,55,Y,4,K,2,S,3,R,3,"L1:[sp=K,250] K=3,Y=55,S=3,C=50,R=3,X=55 || L2:[sp=C,1] C=1,X=55,Y=4,K=2,S=3,R=3",-inf,-inf,0,K|C,2
K,250,C,8,K,19,S,3,Y,55,R,3,X,55,K,1,C,1,S,3,X,55,R,3,Y,1,K,12,"L1:[sp=K,250] C=8,K=19,S=3,Y=55,R=3,X=55 || L2:[sp=K,1] C=1,S=3,X=55,R=3,Y=1,K=12",-inf,-inf,0,K|K,2
C,250,C,8,K,11,S,3,Y,44,R,3,X,55,Y,55,C,1,S,3,X,55,K,5,Y,1,R,3,"L1:[sp=C,250] C=8,K=11,S=3,Y=44,R=3,X=55 || L2:[sp=Y,55] C=1,S=3,X=55,K=5,Y=1,R=3",-inf,-inf,0,C|Y,2
K,250,C,35,S,3,Y,55,R,3,K,51,X,55,C,43,S,3,K,1,X,55,C,1,Y,38,R,3,"L1:[sp=K,250] C=35,S=3,Y=55,R=3,K=51,X=55 || L2:[sp=C,43] S=3,K=1,X=55,C=1,Y=38,R=3",-inf,-inf,0,K|C,2
K,250,C,55,K,61,S,3,Y,55,R,3,X,55,K,61,S,3,R,3,X,55,K,59,Y,26,C,1,"L1:[sp=K,250] C=55,K=61,S=3,Y=55,R=3,X=55 || L2:[sp=K,61] S=3,R=3,X=55,K=59,Y=26,C=1",-inf,-inf,0,K|K,2
K,250,C,35,S,3,Y,16,R,3,K,11,X,55,C,43,S,3,C,1,X,55,K,1,Y,10,R,3,"L1:[sp=K,250] C=35,S=3,Y=16,R=3,K=11,X=55 || L2:[sp=C,43] S=3,C=1,X=55,K=1,Y=10,R=3",-inf,-inf,0,K|C,2
K,250,C,8,K,19,Y,16,X,55,R,3,S,3,C,2,C,1,S,3,R,3,X,55,Y,16,K,1,"L1:[sp=K,250] C=8,K=19,Y=16,X=55,R=3,S=3 || L2:[sp=C,2] C=1,S=3,R=3,X=55,Y=16,K=1",-inf,-inf,0,K|C,2
C,250,C,8,K,5,S,3,Y,55,R,3,X,55,K,1,C,2,S,3,X,55,R,3,Y,47,K,1,"L1:[sp=C,250] C=8,K=5,S=3,Y=55,R=3,X=55 || L2:[sp=K,1] C=2,S=3,X=55,R=3,Y=47,K=1",-inf,-inf,0,C|K,2
K,250,C,42,K,27,Y,55,X,55,R,3,S,3,C,2,C,1,S,3,R,3,X,55,Y,26,K,24,"L1:[sp=K,250] C=42,K=27,Y=55,X=55,R=3,S=3 || L2:[sp=C,2] C=1,S=3,R=3,X=55,Y=26,K=24",-inf,-inf,0,K|C,2
K,250,C,42,K,19,S,3,Y,55,R,3,X,55,K,1,C,5,S,3,X,55,R,3,K,1,Y,11,"L1:[sp=K,250] C=42,K=19,S=3,Y=55,R=3,X=55 || L2:[sp=K,1] C=5,S=3,X=55,R=3,K=1,Y=11",-inf,-inf,0,K|K,2
K,250,K,19,C,19,S,3,X,55,Y,25,R,3,C,2,C,1,S,3,R,3,X,55,Y,25,K,1,"L1:[sp=K,250] K=19,C=19,S=3,X=55,Y=25,R=3 || L2:[sp=C,2] C=1,S=3,R=3,X=55,Y=25,K=1",-inf,-inf,0,K|C,2
K,250,C,8,K,5,S,3,Y,55,R,3,X,55,K,1,C,6,S,3,R,3,Y,26,X,55,K,1,"L1:[sp=K,250] C=8,K=5,S=3,Y=55,R=3,X=55 || L2:[sp=K,1] C=6,S=3,R=3,Y=26,X=55,K=1",-inf,-inf,0,K|K,2
K,250,Y,55,K,24,S,3,C,31,R,3,X,55,C,2,S,3,C,1,Y,51,X,55,K,1,R,3,"L1:[sp=K,250] Y=55,K=24,S=3,C=31,R=3,X=55 || L2:[sp=C,2] S=3,C=1,Y=51,X=55,K=1,R=3",-inf,-inf,0,K|C,2
K,250,Y,52,K,3,S,3,C,50,R,3,X,55,C,10,C,1,X,55,Y,4,K,1,S,3,R,3,"L1:[sp=K,250] Y=52,K=3,S=3,C=50,R=3,X=55 || L2:[sp=C,10] C=1,X=55,Y=4,K=1,S=3,R=3",-inf,-inf,0,K|C,2
C,250,K,19,S,3,C,22,X,55,Y,55,R,3,C,2,C,1,S,3,R,3,X,55,Y,42,K,1,"L1:[sp=C,250] K=19,S=3,C=22,X=55,Y=55,R=3 || L2:[sp=C,2] C=1,S=3,R=3,X=55,Y=42,K=1",-inf,-inf,0,C|C,2
C,250,C,8,K,5,S,3,Y,55,R,3,X,55,K,1,C,1,S,3,X,55,R,3,Y,1,K,2,"L1:[sp=C,250] C=8,K=5,S=3,Y=55,R=3,X=55 || L2:[sp=K,1] C=1,S=3,X=55,R=3,Y=1,K=2",-inf,-inf,0,C|K,2
Y,250,C,35,R,3,S,3,Y,55,K,11,X,55,C,43,S,3,C,11,X,55,K,1,Y,26,R,3,"L1:[sp=Y,250] C=35,R=3,S=3,Y=55,K=11,X=55 || L2:[sp=C,43] S=3,C=11,X=55,K=1,Y=26,R=3",-inf,-inf,0,Y|C,2
K,250,Y,55,K,3,S,3,C,53,R,3,X,55,Y,5,C,1,X,55,Y,4,K,1,S,3,R,3,"L1:[sp=K,250] Y=55,K=3,S=3,C=53,R=3,X=55 || L2:[sp=Y,5] C=1,X=55,Y=4,K=1,S=3,R=3",-inf,-inf,0,K|Y,2
K,250,C,40,K,61,S,3,Y,55,R,3,X,55,K,61,S,3,R,3,X,55,K,1,Y,26,C,23,"L1:[sp=K,250] C=40,K=61,S=3,Y=55,R=3,X=55 || L2:[sp=K,61] S=3,R=3,X=55,K=1,Y=26,C=23",-inf,-inf,0,K|K,2
X,250,C,54,K,11,S,3,Y,55,R,3,X,55,K,61,R,3,S,3,X,55,K,3,Y,26,C,1,"L1:[sp=X,250] C=54,K=11,S=3,Y=55,R=3,X=55 || L2:[sp=K,61] R=3,S=3,X=55,K=3,Y=26,C=1",-inf,-inf,0,X|K,2
K,250,C,8,K,24,S,3,Y,50,R,3,X,55,X,5,C,1,S,3,X,55,R,3,Y,7,K,5,"L1:[sp=K,250] C=8,K=24,S=3,Y=50,R=3,X=55 || L2:[sp=X,5] C=1,S=3,X=55,R=3,Y=7,K=5",-inf,-inf,0,K|X,2
K,250,C,40,K,61,S,3,R,3,Y,55,X,55,K,61,S,3,R,3,X,55,C,1,Y,26,K,29,"L1:[sp=K,250] C=40,K=61,S=3,R=3,Y=55,X=55 || L2:[sp=K,61] S=3,R=3,X=55,C=1,Y=26,K=29",-inf,-inf,0,K|K,2
K,250,C,43,K,24,Y,55,S,3,R,3,X,55,C,43,C,1,S,3,X,55,R,3,Y,1,K,6,"L1:[sp=K,250] C=43,K=24,Y=55,S=3,R=3,X=55 || L2:[sp=C,43] C=1,S=3,X=55,R=3,Y=1,K=6",-inf,-inf,0,K|C,2
K,250,Y,55,K,20,S,3,C,50,R,3,X,55,K,1,C,1,X,55,Y,5,K,18,S,3,R,3,"L1:[sp=K,250] Y=55,K=20,S=3,C=50,R=3,X=55 || L2:[sp=K,1] C=1,X=55,Y=5,K=18,S=3,R=3",-inf,-inf,0,K|K,2
K,250,Y,55,K,19,S,3,C,42,R,3,X,55,C,2,S,3,X,55,Y,26,C,1,K,17,R,3,"L1:[sp=K,250] Y=55,K=19,S=3,C=42,R=3,X=55 || L2:[sp=C,2] S=3,X=55,Y=26,C=1,K=17,R=3",-inf,-inf,0,K|C,2
X,250,C,40,K,19,R,3,Y,55,X,55,S,3,K,61,R,3,S,3,X,55,K,1,Y,26,C,36,"L1:[sp=X,250] C=40,K=19,R=3,Y=55,X=55,S=3 || L2:[sp=K,61] R=3,S=3,X=55,K=1,Y=26,C=36",-inf,-inf,0,X|K,2
K,250,C,43,Y,55,K,24,X,55,R,3,S,3,K,3,C,1,S,3,K,8,R,3,Y,1,X,55,"L1:[sp=K,250] C=43,Y=55,K=24,X=55,R=3,S=3 || L2:[sp=K,3] C=1,S=3,K=8,R=3,Y=1,X=55",-inf,-inf,0,K|K,2
K,250,C,42,K,28,Y,55,S,3,R,3,X,55,Y,11,C,5,R,3,X,55,S,3,Y,1,K,5,"L1:[sp=K,250] C=42,K=28,Y=55,S=3,R=3,X=55 || L2:[sp=Y,11] C=5,R=3,X=55,S=3,Y=1,K=5",-inf,-inf,0,K|Y,2
X,250,C,53,K,23,R,3,Y,55,X,55,S,3,K,61,R,3,S,3,X,55,K,1,Y,26,C,1,"L1:[sp=X,250] C=53,K=23,R=3,Y=55,X=55,S=3 || L2:[sp=K,61] R=3,S=3,X=55,K=1,Y=26,C=1",-inf,-inf,0,X|K,2
X,250,X,55,K,61,S,3,Y,55,R,3,C,40,C,10,R,3,S,3,K,1,X,55,Y,26,C,1,"L1:[sp=X,250] X=55,K=61,S=3,Y=55,R=3,C=40 || L2:[sp=C,10] R=3,S=3,K=1,X=55,Y=26,C=1",-inf,-inf,0,X|C,2
K,250,C,43,K,24,Y,45,S,3,R,3,X,55,Y,11,C,1,S,3,X,55,R,3,Y,1,K,9,"L1:[sp=K,250] C=43,K=24,Y=45,S=3,R=3,X=55 || L2:[sp=Y,11] C=1,S=3,X=55,R=3,Y=1,K=9",-inf,-inf,0,K|Y,2
C,250,K,19,S,3,C,22,X,55,Y,55,R,3,Y,55,C,1,S,3,R,3,X,55,Y,51,K,1,"L1:[sp=C,250] K=19,S=3,C=22,X=55,Y=55,R=3 || L2:[sp=Y,55] C=1,S=3,R=3,X=55,Y=51,K=1",-inf,-inf,0,C|Y,2
K,250,C,57,K,24,Y,55,S,3,R,3,X,55,Y,11,C,1,S,3,X,55,R,3,Y,1,K,5,"L1:[sp=K,250] C=57,K=24,Y=55,S=3,R=3,X=55 || L2:[sp=Y,11] C=1,S=3,X=55,R=3,Y=1,K=5",-inf,-inf,0,K|Y,2
X,250,S,3,K,5,C,14,X,55,Y,55,R,3,K,1,C,8,S,3,X,55,R,3,Y,1,K,1,"L1:[sp=X,250] S=3,K=5,C=14,X=55,Y=55,R=3 || L2:[sp=K,1] C=8,S=3,X=55,R=3,Y=1,K=1",-inf,-inf,0,X|K,2
C,250,Y,17,K,19,S,3,C,42,R,3,X,55,C,2,S,3,X,55,Y,17,C,1,K,1,R,3,"L1:[sp=C,250] Y=17,K=19,S=3,C=42,R=3,X=55 || L2:[sp=C,2] S=3,X=55,Y=17,C=1,K=1,R=3",-inf,-inf,0,C|C,2
Y,250,R,3,K,31,S,3,Y,55,C,42,X,55,K,1,X,55,S,3,C,5,R,3,K,1,Y,17,"L1:[sp=Y,250] R=3,K=31,S=3,Y=55,C=42,X=55 || L2:[sp=K,1] X=55,S=3,C=5,R=3,K=1,Y=17",-inf,-inf,0,Y|K,2
K,250,C,57,K,5,S,3,X,55,Y,55,R,3,K,5,C,1,S,3,X,55,R,3,Y,1,K,1,"L1:[sp=K,250] C=57,K=5,S=3,X=55,Y=55,R=3 || L2:[sp=K,5] C=1,S=3,X=55,R=3,Y=1,K=1",-inf,-inf,0,K|K,2
X,250,C,1,K,31,S,3,Y,55,R,3,X,55,K,1,X,55,S,3,C,1,R,3,K,2,Y,17,"L1:[sp=X,250] C=1,K=31,S=3,Y=55,R=3,X=55 || L2:[sp=K,1] X=55,S=3,C=1,R=3,K=2,Y=17",-inf,-inf,0,X|K,2
K,250,C,59,K,5,S,3,X,55,Y,55,R,3,K,5,C,1,S,3,X,55,R,3,Y,1,K,1,"L1:[sp=K,250] C=59,K=5,S=3,X=55,Y=55,R=3 || L2:[sp=K,5] C=1,S=3,X=55,R=3,Y=1,K=1",-inf,-inf,0,K|K,2
K,250,C,35,K,19,S,3,Y,24,R,3,X,55,C,35,S,3,C,1,X,55,K,1,Y,24,R,3,"L1:[sp=K,250] C=35,K=19,S=3,Y=24,R=3,X=55 || L2:[sp=C,35] S=3,C=1,X=55,K=1,Y=24,R=3",-inf,-inf,0,K|C,2
K,250,C,53,K,5,S,3,X,55,Y,55,R,3,K,1,C,19,S,3,X,55,R,3,Y,1,K,1,"L1:[sp=K,250] C=53,K=5,S=3,X=55,Y=55,R=3 || L2:[sp=K,1] C=19,S=3,X=55,R=3,Y=1,K=1",-inf,-inf,0,K|K,2
K,250,Y,55,K,6,R,3,C,50,S,3,X,55,K,1,C,1,X,55,Y,43,K,1,S,3,R,3,"L1:[sp=K,250] Y=55,K=6,R=3,C=50,S=3,X=55 || L2:[sp=K,1] C=1,X=55,Y=43,K=1,S=3,R=3",-inf,-inf,0,K|K,2
K,250,K,19,C,4,S,3,Y,55,R,3,X,55,C,43,S,3,C,1,X,55,K,11,Y,26,R,3,"L1:[sp=K,250] K=19,C=4,S=3,Y=55,R=3,X=55 || L2:[sp=C,43] S=3,C=1,X=55,K=11,Y=26,R=3",-inf,-inf,0,K|C,2
K,250,S,3,C,44,R,3,X,55,Y,55,K,55,C,2,C,3,S,3,R,3,X,55,Y,22,K,1,"L1:[sp=K,250] S=3,C=44,R=3,X=55,Y=55,K=55 || L2:[sp=C,2] C=3,S=3,R=3,X=55,Y=22,K=1",-inf,-inf,0,K|C,2
K,250,C,21,K,19,S,3,Y,55,R,3,X,55,C,43,S,3,C,1,X,55,K,1,Y,10,R,3,"L1:[sp=K,250] C=21,K=19,S=3,Y=55,R=3,X=55 || L2:[sp=C,43] S=3,C=1,X=55,K=1,Y=10,R=3",-inf,-inf,0,K|C,2
K,250,X,55,K,3,S,3,Y,55,C,42,R,3,K,1,X,55,S,3,C,5,R,3,K,1,Y,26,"L1:[sp=K,250] X=55,K=3,S=3,Y=55,C=42,R=3 || L2:[sp=K,1] X=55,S=3,C=5,R=3,K=1,Y=26",-inf,-inf,0,K|K,2
X,250,C,40,K,19,R,3,Y,55,X,56,S,3,K,61,R,3,S,3,X,55,K,3,Y,1,C,1,"L1:[sp=X,250] C=40,K=19,R=3,Y=55,X=56,S=3 || L2:[sp=K,61] R=3,S=3,X=55,K=3,Y=1,C=1",-inf,-inf,0,X|K,2
K,250,Y,55,K,19,S,3,C,42,R,3,X,55,C,2,S,3,X,55,Y,26,C,1,K,16,R,3,"L1:[sp=K,250] Y=55,K=19,S=3,C=42,R=3,X=55 || L2:[sp=C,2] S=3,X=55,Y=26,C=1,K=16,R=3",-inf,-inf,0,K|C,2
K,250,C,53,K,5,S,3,X,55,Y,55,R,3,K,1,C,50,S,3,X,55,R,3,Y,10,K,1,"L1:[sp=K,250] C=53,K=5,S=3,X=55,Y=55,R=3 || L2:[sp=K,1] C=50,S=3,X=55,R=3,Y=10,K=1",-inf,-inf,0,K|K,2
K,250,K,5,C,52,S,3,X,55,Y,55,R,3,K,1,C,28,S,3,X,55,R,3,Y,1,K,1,"L1:[sp=K,250] K=5,C=52,S=3,X=55,Y=55,R=3 || L2:[sp=K,1] C=28,S=3,X=55,R=3,Y=1,K=1",-inf,-inf,0,K|K,2
K,250,C,35,K,19,Y,55,S,3,R,3,X,55,K,19,S,3,C,8,X,55,K,1,Y,26,R,3,"L1:[sp=K,250] C=35,K=19,Y=55,S=3,R=3,X=55 || L2:[sp=K,19] S=3,C=8,X=55,K=1,Y=26,R=3",-inf,-inf,0,K|K,2
K,250,C,35,R,3,S,3,Y,55,K,23,X,55,K,23,S,3,C,10,X,55,K,1,Y,26,R,3,"L1:[sp=K,250] C=35,R=3,S=3,Y=55,K=23,X=55 || L2:[sp=K,23] S=3,C=10,X=55,K=1,Y=26,R=3",-inf,-inf,0,K|K,2
K,250,Y,55,K,19,S,3,C,42,R,3,X,55,C,2,S,3,X,55,Y,17,C,40,K,1,R,3,"L1:[sp=K,250] Y=55,K=19,S=3,C=42,R=3,X=55 || L2:[sp=C,2] S=3,X=55,Y=17,C=40,K=1,R=3",-inf,-inf,0,K|C,2
K,250,C,35,K,19,S,3,Y,55,R,3,X,55,X,11,S,3,C,30,X,55,K,6,Y,26,R,3,"L1:[sp=K,250] C=35,K=19,S=3,Y=55,R=3,X=55 || L2:[sp=X,11] S=3,C=30,X=55,K=6,Y=26,R=3",-inf,-inf,0,K|X,2
K,250,C,1,K,19,S,3,Y,55,R,3,X,55,K,19,S,3,C,1,X,55,K,1,Y,26,R,3,"L1:[sp=K,250] C=1,K=19,S=3,Y=55,R=3,X=55 || L2:[sp=K,19] S=3,C=1,X=55,K=1,Y=26,R=3",-inf,-inf,0,K|K,2
X,250,X,55,K,61,S,3,R,3,Y,55,C,20,K,61,K,1,S,3,X,55,R,3,Y,26,C,1,"L1:[sp=X,250] X=55,K=61,S=3,R=3,Y=55,C=20 || L2:[sp=K,61] K=1,S=3,X=55,R=3,Y=26,C=1",-inf,-inf,0,X|K,2
C,250,K,31,R,3,S,3,Y,55,C,42,X,55,K,1,X,55,S,3,C,5,R,3,K,1,Y,17,"L1:[sp=C,250] K=31,R=3,S=3,Y=55,C=42,X=55 || L2:[sp=K,1] X=55,S=3,C=5,R=3,K=1,Y=17",-inf,-inf,0,C|K,2
K,250,C,39,K,2,S,3,X,55,Y,55,R,3,K,5,C,1,S,3,X,55,R,3,Y,10,K,1,"L1:[sp=K,250] C=39,K=2,S=3,X=55,Y=55,R=3 || L2:[sp=K,5] C=1,S=3,X=55,R=3,Y=10,K=1",-inf,-inf,0,K|K,2
K,250,C,42,K,31,S,3,Y,55,R,3,X,55,K,1,C,5,S,3,X,55,R,3,K,1,Y,23,"L1:[sp=K,250] C=42,K=31,S=3,Y=55,R=3,X=55 || L2:[sp=K,1] C=5,S=3,X=55,R=3,K=1,Y=23",-inf,-inf,0,K|K,2
X,250,X,55,K,61,S,3,C,30,Y,11,R,3,K,61,K,1,S,3,X,55,R,3,Y,11,C,1,"L1:[sp=X,250] X=55,K=61,S=3,C=30,Y=11,R=3 || L2:[sp=K,61] K=1,S=3,X=55,R=3,Y=11,C=1",-inf,-inf,0,X|K,2
K,250,C,40,K,5,Y,43,S,3,R,3,X,55,Y,11,C,1,S,3,X,55,R,3,Y,42,K,1,"L1:[sp=K,250] C=40,K=5,Y=43,S=3,R=3,X=55 || L2:[sp=Y,11] C=1,S=3,X=55,R=3,Y=42,K=1",-inf,-inf,0,K|Y,2
K,250,C,53,K,5,S,3,X,55,Y,8,R,3,K,1,C,1,S,3,X,55,R,3,Y,8,K,4,"L1:[sp=K,250] C=53,K=5,S=3,X=55,Y=8,R=3 || L2:[sp=K,1] C=1,S=3,X=55,R=3,Y=8,K=4",-inf,-inf,0,K|K,2
K,250,C,40,K,46,Y,55,S,3,R,3,X,55,C,1,C,26,S,3,Y,26,K,5,X,55,R,3,"L1:[sp=K,250] C=40,K=46,Y=55,S=3,R=3,X=55 || L2:[sp=C,1] C=26,S=3,Y=26,K=5,X=55,R=3",-inf,-inf,0,K|C,2
K,250,C,53,K,5,S,3,X,55,Y,55,R,3,K,1,C,1,S,3,X,55,R,3,Y,10,K,2,"L1:[sp=K,250] C=53,K=5,S=3,X=55,Y=55,R=3 || L2:[sp=K,1] C=1,S=3,X=55,R=3,Y=10,K=2",-inf,-inf,0,K|K,2
K,250,C,40,K,46,Y,55,S,3,R,3,X,55,C,1,C,35,S,3,K,5,Y,26,R,3,X,55,"L1:[sp=K,250] C=40,K=46,Y=55,S=3,R=3,X=55 || L2:[sp=C,1] C=35,S=3,K=5,Y=26,R=3,X=55",-inf,-inf,0,K|C,2
K,250,C,35,K,14,S,3,Y,55,R,3,X,55,C,43,S,3,C,1,X,55,K,1,Y,26,R,3,"L1:[sp=K,250] C=35,K=14,S=3,Y=55,R=3,X=55 || L2:[sp=C,43] S=3,C=1,X=55,K=1,Y=26,R=3",-inf,-inf,0,K|C,2
K,250,C,39,K,2,S,3,X,55,Y,55,R,3,K,1,C,1,S,3,X,55,R,3,Y,20,K,1,"L1:[sp=K,250] C=39,K=2,S=3,X=55,Y=55,R=3 || L2:[sp=K,1] C=1,S=3,X=55,R=3,Y=20,K=1",-inf,-inf,0,K|K,2
K,250,X,56,K,53,C,40,Y,55,R,3,S,3,K,61,R,3,S,3,X,55,K,1,Y,1,C,7,"L1:[sp=K,250] X=56,K=53,C=40,Y=55,R=3,S=3 || L2:[sp=K,61] R=3,S=3,X=55,K=1,Y=1,C=7",-inf,-inf,0,K|K,2
K,250,C,50,K,5,S,3,X,56,R,3,Y,55,K,5,C,1,S,3,X,55,R,3,Y,18,K,1,"L1:[sp=K,250] C=50,K=5,S=3,X=56,R=3,Y=55 || L2:[sp=K,5] C=1,S=3,X=55,R=3,Y=18,K=1",-inf,-inf,0,K|K,2
X,250,X,55,S,3,R,3,Y,55,K,19,C,35,C,43,S,3,C,1,X,55,K,1,Y,26,R,3,"L1:[sp=X,250] X=55,S=3,R=3,Y=55,K=19,C=35 || L2:[sp=C,43] S=3,C=1,X=55,K=1,Y=26,R=3",-inf,-inf,0,X|C,2
K,250,C,53,K,2,S,3,X,55,R,3,Y,55,K,1,C,1,S,3,X,55,R,3,Y,36,K,1,"L1:[sp=K,250] C=53,K=2,S=3,X=55,R=3,Y=55 || L2:[sp=K,1] C=1,S=3,X=55,R=3,Y=36,K=1",-inf,-inf,0,K|K,2
C,250,C,42,K,31,S,3,Y,55,R,3,X,55,K,1,C,5,S,3,X,55,R,3,K,1,Y,17,"L1:[sp=C,250] C=42,K=31,S=3,Y=55,R=3,X=55 || L2:[sp=K,1] C=5,S=3,X=55,R=3,K=1,Y=17",-inf,-inf,0,C|K,2
K,250,C,40,K,16,X,56,Y,55,R,3,S,3,K,61,R,3,S,3,X,55,K,15,Y,1,C,1,"L1:[sp=K,250] C=40,K=16,X=56,Y=55,R=3,S=3 || L2:[sp=K,61] R=3,S=3,X=55,K=15,Y=1,C=1",-inf,-inf,0,K|K,2
C,250,C,39,K,31,S,3,X,55,Y,55,R,3,K,1,C,1,Y,1,S,3,K,16,X,55,R,3,"L1:[sp=C,250] C=39,K=31,S=3,X=55,Y=55,R=3 || L2:[sp=K,1] C=1,Y=1,S=3,K=16,X=55,R=3",-inf,-inf,0,C|K,2
X,250,C,10,K,19,R,3,Y,55,X,56,S,3,K,19,R,3,Y,1,X,55,K,1,S,3,C,1,"L1:[sp=X,250] C=10,K=19,R=3,Y=55,X=56,S=3 || L2:[sp=K,19] R=3,Y=1,X=55,K=1,S=3,C=1",-inf,-inf,0,X|K,2
K,250,C,25,K,22,S,3,Y,55,R,3,X,55,C,43,C,4,S,3,X,55,K,1,R,3,Y,26,"L1:[sp=K,250] C=25,K=22,S=3,Y=55,R=3,X=55 || L2:[sp=C,43] C=4,S=3,X=55,K=1,R=3,Y=26",-inf,-inf,0,K|C,2
K,250,C,42,K,31,S,3,Y,5,R,3,X,55,K,1,C,5,S,3,X,55,R,3,K,1,Y,5,"L1:[sp=K,250] C=42,K=31,S=3,Y=5,R=3,X=55 || L2:[sp=K,1] C=5,S=3,X=55,R=3,K=1,Y=5",-inf,-inf,0,K|K,2
X,250,C,40,K,19,R,3,Y,55,X,56,S,3,K,19,R,3,C,1,X,55,K,6,S,3,Y,1,"L1:[sp=X,250] C=40,K=19,R=3,Y=55,X=56,S=3 || L2:[sp=K,19] R=3,C=1,X=55,K=6,S=3,Y=1",-inf,-inf,0,X|K,2
K,250,C,35,K,46,Y,55,S,3,R,3,X,55,C,1,C,1,S,3,K,29,Y,1,R,3,X,55,"L1:[sp=K,250] C=35,K=46,Y=55,S=3,R=3,X=55 || L2:[sp=C,1] C=1,S=3,K=29,Y=1,R=3,X=55",-inf,-inf,0,K|C,2
K,250,C,53,K,2,Y,55,X,55,R,3,S,3,K,1,C,1,S,3,X,55,R,3,Y,12,K,1,"L1:[sp=K,250] C=53,K=2,Y=55,X=55,R=3,S=3 || L2:[sp=K,1] C=1,S=3,X=55,R=3,Y=12,K=1",-inf,-inf,0,K|K,2
K,250,C,3,R,3,S,3,Y,55,K,38,X,47,C,43,S,3,C,1,X,47,Y,26,K,1,R,3,"L1:[sp=K,250] C=3,R=3,S=3,Y=55,K=38,X=47 || L2:[sp=C,43] S=3,C=1,X=47,Y=26,K=1,R=3",-inf,-inf,0,K|C,2
K,250,C,39,K,2,R,3,X,55,Y,55,S,3,K,1,C,30,Y,1,S,3,R,3,X,55,K,1,"L1:[sp=K,250] C=39,K=2,R=3,X=55,Y=55,S=3 || L2:[sp=K,1] C=30,Y=1,S=3,R=3,X=55,K=1",-inf,-inf,0,K|K,2
X,250,C,35,K,19,Y,55,R,3,X,55,S,3,K,19,R,3,Y,26,X,55,K,4,S,3,C,1,"L1:[sp=X,250] C=35,K=19,Y=55,R=3,X=55,S=3 || L2:[sp=K,19] R=3,Y=26,X=55,K=4,S=3,C=1",-inf,-inf,0,X|K,2
K,250,C,35,R,3,Y,11,S,3,K,19,X,55,C,7,S,3,C,1,X,55,K,1,Y,11,R,3,"L1:[sp=K,250] C=35,R=3,Y=11,S=3,K=19,X=55 || L2:[sp=C,7] S=3,C=1,X=55,K=1,Y=11,R=3",-inf,-inf,0,K|C,2
K,250,C,35,K,19,X,55,Y,55,R,3,S,3,X,11,S,3,X,55,C,1,K,4,Y,21,R,3,"L1:[sp=K,250] C=35,K=19,X=55,Y=55,R=3,S=3 || L2:[sp=X,11] S=3,X=55,C=1,K=4,Y=21,R=3",-inf,-inf,0,K|X,2
X,250,C,35,K,17,X,56,Y,55,R,3,S,3,X,4,R,3,S,3,X,55,K,1,Y,1,C,33,"L1:[sp=X,250] C=35,K=17,X=56,Y=55,R=3,S=3 || L2:[sp=X,4] R=3,S=3,X=55,K=1,Y=1,C=33",-inf,-inf,0,X|X,2
X,250,S,3,K,19,C,35,Y,55,R,3,X,55,C,43,S,3,C,1,X,55,K,1,Y,46,R,3,"L1:[sp=X,250] S=3,K=19,C=35,Y=55,R=3,X=55 || L2:[sp=C,43] S=3,C=1,X=55,K=1,Y=46,R=3",-inf,-inf,0,X|C,2
K,250,C,50,K,5,S,3,X,55,R,3,Y,55,C,50,C,1,S,3,X,55,R,3,Y,1,K,1,"L1:[sp=K,250] C=50,K=5,S=3,X=55,R=3,Y=55 || L2:[sp=C,50] C=1,S=3,X=55,R=3,Y=1,K=1",-inf,-inf,0,K|C,2
Y,250,C,3,R,3,S,3,Y,25,K,9,X,55,C,43,S,3,C,1,X,55,R,3,Y,25,K,1,"L1:[sp=Y,250] C=3,R=3,S=3,Y=25,K=9,X=55 || L2:[sp=C,43] S=3,C=1,X=55,R=3,Y=25,K=1",-inf,-inf,0,Y|C,2
K,250,C,35,K,22,S,3,Y,55,R,3,X,55,C,43,C,1,X,55,S,3,K,2,Y,26,R,3,"L1:[sp=K,250] C=35,K=22,S=3,Y=55,R=3,X=55 || L2:[sp=C,43] C=1,X=55,S=3,K=2,Y=26,R=3",-inf,-inf,0,K|C,2
K,250,C,35,R,3,Y,55,S,3,K,19,X,56,C,7,S,3,C,1,X,55,K,1,Y,41,R,3,"L1:[sp=K,250] C=35,R=3,Y=55,S=3,K=19,X=56 || L2:[sp=C,7] S=3,C=1,X=55,K=1,Y=41,R=3",-inf,-inf,0,K|C,2
X,250,C,35,K,37,R,3,Y,55,X,55,S,3,K,19,R,3,Y,26,X,55,K,1,S,3,C,22,"L1:[sp=X,250] C=35,K=37,R=3,Y=55,X=55,S=3 || L2:[sp=K,19] R=3,Y=26,X=55,K=1,S=3,C=22",-inf,-inf,0,X|K,2
K,250,C,49,K,27,S,3,Y,55,R,3,X,55,C,43,S,3,C,1,X,55,K,19,Y,26,R,3,"L1:[sp=K,250] C=49,K=27,S=3,Y=55,R=3,X=55 || L2:[sp=C,43] S=3,C=1,X=55,K=19,Y=26,R=3",-inf,-inf,0,K|C,2
X,250,C,40,K,35,R,3,Y,55,X,56,S,3,K,19,S,3,K,35,R,3,Y,1,X,55,C,1,"L1:[sp=X,250] C=40,K=35,R=3,Y=55,X=56,S=3 || L2:[sp=K,19] S=3,K=35,R=3,Y=1,X=55,C=1",-inf,-inf,0,X|K,2
X,250,Y,55,K,16,R,3,C,40,X,56,S,3,K,16,R,3,S,3,K,1,X,55,Y,26,C,37,"L1:[sp=X,250] Y=55,K=16,R=3,C=40,X=56,S=3 || L2:[sp=K,16] R=3,S=3,K=1,X=55,Y=26,C=37",-inf,-inf,0,X|K,2
X,250,C,40,K,27,R,3,Y,55,X,56,S,3,K,19,R,3,Y,1,X,55,K,1,S,3,C,20,"L1:[sp=X,250] C=40,K=27,R=3,Y=55,X=56,S=3 || L2:[sp=K,19] R=3,Y=1,X=55,K=1,S=3,C=20",-inf,-inf,0,X|K,2
X,250,C,40,K,52,R,3,Y,55,X,56,S,3,K,19,R,3,Y,1,X,55,C,38,S,3,K,1,"L1:[sp=X,250] C=40,K=52,R=3,Y=55,X=56,S=3 || L2:[sp=K,19] R=3,Y=1,X=55,C=38,S=3,K=1",-inf,-inf,0,X|K,2
K,250,C,35,K,50,S,3,Y,55,R,3,X,55,C,43,S,3,C,18,X,55,K,1,Y,26,R,3,"L1:[sp=K,250] C=35,K=50,S=3,Y=55,R=3,X=55 || L2:[sp=C,43] S=3,C=18,X=55,K=1,Y=26,R=3",-inf,-inf,0,K|C,2
K,250,C,35,R,3,Y,55,S,3,K,19,X,55,Y,55,S,3,C,20,X,55,K,1,Y,26,R,3,"L1:[sp=K,250] C=35,R=3,Y=55,S=3,K=19,X=55 || L2:[sp=Y,55] S=3,C=20,X=55,K=1,Y=26,R=3",-inf,-inf,0,K|Y,2
K,250,C,35,R,3,S,3,Y,55,K,19,X,55,C,43,S,3,C,28,X,55,K,1,Y,26,R,3,"L1:[sp=K,250] C=35,R=3,S=3,Y=55,K=19,X=55 || L2:[sp=C,43] S=3,C=28,X=55,K=1,Y=26,R=3",-inf,-inf,0,K|C,2
X,250,C,35,K,19,R,3,Y,55,X,56,S,3,K,19,R,3,C,1,X,55,K,1,S,3,Y,31,"L1:[sp=X,250] C=35,K=19,R=3,Y=55,X=56,S=3 || L2:[sp=K,19] R=3,C=1,X=55,K=1,S=3,Y=31",-inf,-inf,0,X|K,2
X,250,C,40,X,56,R,3,Y,55,K,55,S,3,K,19,S,3,Y,1,R,3,K,13,X,55,C,1,"L1:[sp=X,250] C=40,X=56,R=3,Y=55,K=55,S=3 || L2:[sp=K,19] S=3,Y=1,R=3,K=13,X=55,C=1",-inf,-inf,0,X|K,2
X,250,C,9,K,16,R,3,Y,55,X,56,S,3,K,61,S,3,R,3,K,1,X,55,Y,1,C,1,"L1:[sp=X,250] C=9,K=16,R=3,Y=55,X=56,S=3 || L2:[sp=K,61] S=3,R=3,K=1,X=55,Y=1,C=1",-inf,-inf,0,X|K,2
C,250,C,35,R,3,S,3,Y,55,X,55,K,19,C,43,S,3,C,1,X,55,K,6,Y,26,R,3,"L1:[sp=C,250] C=35,R=3,S=3,Y=55,X=55,K=19 || L2:[sp=C,43] S=3,C=1,X=55,K=6,Y=26,R=3",-inf,-inf,0,C|C,2
K,250,C,35,K,19,S,3,Y,55,R,3,X,55,C,43,S,3,C,1,X,55,K,1,R,3,Y,38,"L1:[sp=K,250] C=35,K=19,S=3,Y=55,R=3,X=55 || L2:[sp=C,43] S=3,C=1,X=55,K=1,R=3,Y=38",-inf,-inf,0,K|C,2
X,250,C,4,K,19,Y,55,S,3,X,5,R,3,K,19,X,5,Y,29,K,1,C,1,S,3,R,3,"L1:[sp=X,250] C=4,K=19,Y=55,S=3,X=5,R=3 || L2:[sp=K,19] X=5,Y=29,K=1,C=1,S=3,R=3",-inf,-inf,0,X|K,2
X,250,C,36,R,3,X,55,S,3,K,19,Y,55,C,7,S,3,Y,10,X,55,K,1,C,1,R,3,"L1:[sp=X,250] C=36,R=3,X=55,S=3,K=19,Y=55 || L2:[sp=C,7] S=3,Y=10,X=55,K=1,C=1,R=3",-inf,-inf,0,X|C,2
K,250,C,40,R,3,S,3,Y,55,X,55,K,17,Y,11,S,3,C,1,X,55,K,6,Y,26,R,3,"L1:[sp=K,250] C=40,R=3,S=3,Y=55,X=55,K=17 || L2:[sp=Y,11] S=3,C=1,X=55,K=6,Y=26,R=3",-inf,-inf,0,K|Y,2
C,250,C,43,K,54,Y,55,X,56,R,3,S,3,K,61,S,3,R,3,X,55,K,17,Y,1,C,1,"L1:[sp=C,250] C=43,K=54,Y=55,X=56,R=3,S=3 || L2:[sp=K,61] S=3,R=3,X=55,K=17,Y=1,C=1",-inf,-inf,0,C|K,2
X,250,C,40,K,16,R,3,Y,55,X,56,S,3,K,61,R,3,S,3,K,1,X,55,Y,54,C,1,"L1:[sp=X,250] C=40,K=16,R=3,Y=55,X=56,S=3 || L2:[sp=K,61] R=3,S=3,K=1,X=55,Y=54,C=1",-inf,-inf,0,X|K,2
X,250,C,1,R,3,S,3,Y,55,K,19,X,55,C,1,S,3,C,1,X,55,K,1,Y,26,R,3,"L1:[sp=X,250] C=1,R=3,S=3,Y=55,K=19,X=55 || L2:[sp=C,1] S=3,C=1,X=55,K=1,Y=26,R=3",-inf,-inf,0,X|C,2
K,250,C,35,R,3,S,3,Y,20,K,19,X,55,C,7,S,3,C,1,X,55,K,1,Y,20,R,3,"L1:[sp=K,250] C=35,R=3,S=3,Y=20,K=19,X=55 || L2:[sp=C,7] S=3,C=1,X=55,K=1,Y=20,R=3",-inf,-inf,0,K|C,2
X,250,C,40,K,16,R,3,Y,55,X,56,S,3,K,61,R,3,S,3,K,10,X,55,Y,40,C,1,"L1:[sp=X,250] C=40,K=16,R=3,Y=55,X=56,S=3 || L2:[sp=K,61] R=3,S=3,K=10,X=55,Y=40,C=1",-inf,-inf,0,X|K,2
X,250,C,40,K,8,R,3,Y,55,X,55,S,3,K,19,R,3,C,7,X,55,K,1,S,3,Y,1,"L1:[sp=X,250] C=40,K=8,R=3,Y=55,X=55,S=3 || L2:[sp=K,19] R=3,C=7,X=55,K=1,S=3,Y=1",-inf,-inf,0,X|K,2
X,250,C,3,R,3,S,3,Y,55,K,27,X,55,X,1,S,3,C,1,X,55,K,1,R,3,Y,26,"L1:[sp=X,250] C=3,R=3,S=3,Y=55,K=27,X=55 || L2:[sp=X,1] S=3,C=1,X=55,K=1,R=3,Y=26",-inf,-inf,0,X|X,2
K,250,C,35,R,3,S,3,Y,55,K,6,X,55,C,7,S,3,C,13,X,55,K,1,Y,26,R,3,"L1:[sp=K,250] C=35,R=3,S=3,Y=55,K=6,X=55 || L2:[sp=C,7] S=3,C=13,X=55,K=1,Y=26,R=3",-inf,-inf,0,K|C,2
X,250,C,36,R,3,Y,42,S,3,K,19,X,55,C,7,S,3,C,1,X,55,K,1,Y,26,R,3,"L1:[sp=X,250] C=36,R=3,Y=42,S=3,K=19,X=55 || L2:[sp=C,7] S=3,C=1,X=55,K=1,Y=26,R=3",-inf,-inf,0,X|C,2
X,250,C,54,K,52,R,3,Y,55,X,56,S,3,K,19,R,3,Y,29,X,55,K,1,S,3,C,1,"L1:[sp=X,250] C=54,K=52,R=3,Y=55,X=56,S=3 || L2:[sp=K,19] R=3,Y=29,X=55,K=1,S=3,C=1",-inf,-inf,0,X|K,2
X,250,C,34,R,3,Y,21,S,3,K,19,X,55,C,7,S,3,C,1,X,55,K,1,Y,21,R,3,"L1:[sp=X,250] C=34,R=3,Y=21,S=3,K=19,X=55 || L2:[sp=C,7] S=3,C=1,X=55,K=1,Y=21,R=3",-inf,-inf,0,X|C,2
C,250,C,35,R,3,Y,49,X,55,K,19,S,3,K,19,S,3,C,1,X,55,K,1,Y,26,R,3,"L1:[sp=C,250] C=35,R=3,Y=49,X=55,K=19,S=3 || L2:[sp=K,19] S=3,C=1,X=55,K=1,Y=26,R=3",-inf,-inf,0,C|K,2
X,250,C,40,K,16,R,3,Y,55,X,56,S,3,K,61,S,3,R,3,K,1,X,55,Y,1,C,28,"L1:[sp=X,250] C=40,K=16,R=3,Y=55,X=56,S=3 || L2:[sp=K,61] S=3,R=3,K=1,X=55,Y=1,C=28",-inf,-inf,0,X|K,2
X,250,C,27,K,16,R,3,Y,55,X,2,S,3,K,61,X,2,R,3,K,1,S,3,Y,55,C,1,"L1:[sp=X,250] C=27,K=16,R=3,Y=55,X=2,S=3 || L2:[sp=K,61] X=2,R=3,K=1,S=3,Y=55,C=1",-inf,-inf,0,X|K,2
K,250,C,3,R,3,S,3,Y,55,K,27,X,55,C,43,S,3,C,2,Y,26,R,3,X,55,K,1,"L1:[sp=K,250] C=3,R=3,S=3,Y=55,K=27,X=55 || L2:[sp=C,43] S=3,C=2,Y=26,R=3,X=55,K=1",-inf,-inf,0,K|C,2
Y,250,C,35,R,3,Y,55,S,3,K,32,X,56,C,7,S,3,C,28,X,55,K,1,Y,26,R,3,"L1:[sp=Y,250] C=35,R=3,Y=55,S=3,K=32,X=56 || L2:[sp=C,7] S=3,C=28,X=55,K=1,Y=26,R=3",-inf,-inf,0,Y|C,2
K,250,C,60,K,19,S,3,Y,55,R,3,X,55,K,19,S,3,C,1,X,55,K,1,Y,26,R,3,"L1:[sp=K,250] C=60,K=19,S=3,Y=55,R=3,X=55 || L2:[sp=K,19] S=3,C=1,X=55,K=1,Y=26,R=3",-inf,-inf,0,K|K,2
K,250,C,24,R,3,Y,56,S,3,K,19,X,55,C,7,S,3,C,9,X,55,K,13,Y,26,R,3,"L1:[sp=K,250] C=24,R=3,Y=56,S=3,K=19,X=55 || L2:[sp=C,7] S=3,C=9,X=55,K=13,Y=26,R=3",-inf,-inf,0,K|C,2
X,250,C,35,R,3,Y,48,K,19,S,3,X,55,C,7,S,3,C,1,X,55,K,11,Y,26,R,3,"L1:[sp=X,250] C=35,R=3,Y=48,K=19,S=3,X=55 || L2:[sp=C,7] S=3,C=1,X=55,K=11,Y=26,R=3",-inf,-inf,0,X|C,2
K,250,C,22,R,3,S,3,Y,55,X,55,K,19,Y,11,S,3,C,1,X,55,K,19,Y,26,R,3,"L1:[sp=K,250] C=22,R=3,S=3,Y=55,X=55,K=19 || L2:[sp=Y,11] S=3,C=1,X=55,K=19,Y=26,R=3",-inf,-inf,0,K|Y,2
X,250,C,28,K,19,R,3,Y,55,X,56,S,3,K,61,S,3,R,3,K,1,X,55,Y,1,C,1,"L1:[sp=X,250] C=28,K=19,R=3,Y=55,X=56,S=3 || L2:[sp=K,61] S=3,R=3,K=1,X=55,Y=1,C=1",-inf,-inf,0,X|K,2
X,250,C,59,R,3,Y,55,K,19,S,3,X,55,C,7,S,3,C,1,X,55,K,1,Y,27,R,3,"L1:[sp=X,250] C=59,R=3,Y=55,K=19,S=3,X=55 || L2:[sp=C,7] S=3,C=1,X=55,K=1,Y=27,R=3",-inf,-inf,0,X|C,2
X,250,C,35,K,16,R,3,Y,55,X,56,S,3,C,5,S,3,R,3,K,1,X,55,Y,1,C,21,"L1:[sp=X,250] C=35,K=16,R=3,Y=55,X=56,S=3 || L2:[sp=C,5] S=3,R=3,K=1,X=55,Y=1,C=21",-inf,-inf,0,X|C,2
X,250,C,4,R,3,S,3,Y,55,X,55,K,16,C,43,S,3,X,55,C,1,K,1,Y,26,R,3,"L1:[sp=X,250] C=4,R=3,S=3,Y=55,X=55,K=16 || L2:[sp=C,43] S=3,X=55,C=1,K=1,Y=26,R=3",-inf,-inf,0,X|C,2
K,250,C,35,K,19,S,3,Y,10,R,3,X,55,C,43,S,3,C,1,X,55,K,1,Y,10,R,3,"L1:[sp=K,250] C=35,K=19,S=3,Y=10,R=3,X=55 || L2:[sp=C,43] S=3,C=1,X=55,K=1,Y=10,R=3",-inf,-inf,0,K|C,2
K,250,K,19,R,3,Y,56,S,3,C,35,X,55,C,7,S,3,C,1,X,55,K,8,Y,26,R,3,"L1:[sp=K,250] K=19,R=3,Y=56,S=3,C=35,X=55 || L2:[sp=C,7] S=3,C=1,X=55,K=8,Y=26,R=3",-inf,-inf,0,K|C,2
C,250,C,39,K,54,Y,55,X,56,R,3,S,3,K,61,S,3,X,55,R,3,K,33,Y,1,C,1,"L1:[sp=C,250] C=39,K=54,Y=55,X=56,R=3,S=3 || L2:[sp=K,61] S=3,X=55,R=3,K=33,Y=1,C=1",-inf,-inf,0,C|K,2
K,250,C,35,R,3,S,3,Y,55,X,55,K,19,K,19,Y,26,C,1,X,55,K,19,S,3,R,3,"L1:[sp=K,250] C=35,R=3,S=3,Y=55,X=55,K=19 || L2:[sp=K,19] Y=26,C=1,X=55,K=19,S=3,R=3",-inf,-inf,0,K|K,2
C,250,C,40,K,54,Y,55,X,56,R,3,S,3,K,61,S,3,X,55,K,1,R,3,Y,1,C,14,"L1:[sp=C,250] C=40,K=54,Y=55,X=56,R=3,S=3 || L2:[sp=K,61] S=3,X=55,K=1,R=3,Y=1,C=14",-inf,-inf,0,C|K,2
K,250,C,59,R,3,K,22,S,3,Y,55,X,55,K,22,S,3,C,1,X,55,K,1,Y,1,R,3,"L1:[sp=K,250] C=59,R=3,K=22,S=3,Y=55,X=55 || L2:[sp=K,22] S=3,C=1,X=55,K=1,Y=1,R=3",-inf,-inf,0,K|K,2
X,250,C,40,K,16,R,3,X,56,Y,14,S,3,K,61,S,3,R,3,K,11,X,55,Y,14,C,1,"L1:[sp=X,250] C=40,K=16,R=3,X=56,Y=14,S=3 || L2:[sp=K,61] S=3,R=3,K=11,X=55,Y=14,C=1",-inf,-inf,0,X|K,2
K,250,C,62,R,3,Y,4,S,3,K,19,X,55,C,7,S,3,C,1,X,55,K,1,Y,4,R,3,"L1:[sp=K,250] C=62,R=3,Y=4,S=3,K=19,X=55 || L2:[sp=C,7] S=3,C=1,X=55,K=1,Y=4,R=3",-inf,-inf,0,K|C,2
X,250,C,34,R,3,S,3,X,55,K,19,Y,20,K,19,S,3,C,1,X,55,K,1,Y,20,R,3,"L1:[sp=X,250] C=34,R=3,S=3,X=55,K=19,Y=20 || L2:[sp=K,19] S=3,C=1,X=55,K=1,Y=20,R=3",-inf,-inf,0,X|K,2
K,250,C,35,R,3,S,3,X,55,Y,55,K,19,K,19,S,3,C,1,X,55,K,1,Y,33,R,3,"L1:[sp=K,250] C=35,R=3,S=3,X=55,Y=55,K=19 || L2:[sp=K,19] S=3,C=1,X=55,K=1,Y=33,R=3",-inf,-inf,0,K|K,2
C,250,C,40,K,54,Y,55,X,56,R,3,S,3,K,61,S,3,X,55,K,52,R,3,Y,1,C,1,"L1:[sp=C,250] C=40,K=54,Y=55,X=56,R=3,S=3 || L2:[sp=K,61] S=3,X=55,K=52,R=3,Y=1,C=1",-inf,-inf,0,C|K,2
K,250,C,52,R,3,S,3,Y,55,X,55,K,19,C,43,S,3,X,55,C,1,K,1,Y,3,R,3,"L1:[sp=K,250] C=52,R=3,S=3,Y=55,X=55,K=19 || L2:[sp=C,43] S=3,X=55,C=1,K=1,Y=3,R=3",-inf,-inf,0,K|C,2
K,250,C,35,S,3,R,3,Y,55,K,56,X,55,C,43,S,3,C,13,X,55,K,1,Y,26,R,3,"L1:[sp=K,250] C=35,S=3,R=3,Y=55,K=56,X=55 || L2:[sp=C,43] S=3,C=13,X=55,K=1,Y=26,R=3",-inf,-inf,0,K|C,2
K,250,C,35,R,3,S,3,Y,15,K,59,X,55,C,43,S,3,C,1,X,55,K,1,Y,15,R,3,"L1:[sp=K,250] C=35,R=3,S=3,Y=15,K=59,X=55 || L2:[sp=C,43] S=3,C=1,X=55,K=1,Y=15,R=3",-inf,-inf,0,K|C,2
K,250,C,8,R,3,S,3,Y,55,X,55,K,19,Y,11,X,55,C,3,S,3,K,18,Y,1,R,3,"L1:[sp=K,250] C=8,R=3,S=3,Y=55,X=55,K=19 || L2:[sp=Y,11] X=55,C=3,S=3,K=18,Y=1,R=3",-inf,-inf,0,K|Y,2
C,250,C,40,K,28,Y,55,R,3,X,55,S,3,K,19,X,55,Y,49,C,1,K,1,S,3,R,3,"L1:[sp=C,250] C=40,K=28,Y=55,R=3,X=55,S=3 || L2:[sp=K,19] X=55,Y=49,C=1,K=1,S=3,R=3",-inf,-inf,0,C|K,2
K,250,X,56,R,3,Y,56,S,3,K,22,C,35,C,7,S,3,Y,26,X,55,K,13,C,1,R,3,"L1:[sp=K,250] X=56,R=3,Y=56,S=3,K=22,C=35 || L2:[sp=C,7] S=3,Y=26,X=55,K=13,C=1,R=3",-inf,-inf,0,K|C,2
X,250,R,3,K,32,Y,55,C,34,X,56,S,3,C,17,X,55,Y,1,C,21,K,1,S,3,R,3,"L1:[sp=X,250] R=3,K=32,Y=55,C=34,X=56,S=3 || L2:[sp=C,17] X=55,Y=1,C=21,K=1,S=3,R=3",-inf,-inf,0,X|C,2
K,250,C,35,K,19,S,3,Y,15,X,56,R,3,C,43,S,3,C,1,X,55,K,1,Y,15,R,3,"L1:[sp=K,250] C=35,K=19,S=3,Y=15,X=56,R=3 || L2:[sp=C,43] S=3,C=1,X=55,K=1,Y=15,R=3",-inf,-inf,0,K|C,2
K,250,C,35,K,19,S,3,Y,55,R,3,X,55,C,43,S,3,C,1,X,55,K,8,Y,26,R,3,"L1:[sp=K,250] C=35,K=19,S=3,Y=55,R=3,X=55 || L2:[sp=C,43] S=3,C=1,X=55,K=8,Y=26,R=3",-inf,-inf,0,K|C,2
X,250,C,13,R,3,K,16,X,55,S,3,Y,55,K,19,S,3,C,1,X,55,K,1,Y,34,R,3,"L1:[sp=X,250] C=13,R=3,K=16,X=55,S=3,Y=55 || L2:[sp=K,19] S=3,C=1,X=55,K=1,Y=34,R=3",-inf,-inf,0,X|K,2
Y,250,C,35,R,3,S,3,Y,55,K,19,X,55,C,43,Y,26,C,1,X,55,K,12,S,3,R,3,"L1:[sp=Y,250] C=35,R=3,S=3,Y=55,K=19,X=55 || L2:[sp=C,43] Y=26,C=1,X=55,K=12,S=3,R=3",-inf,-inf,0,Y|C,2
K,250,R,3,C,43,S,3,Y,4,X,55,K,32,C,43,S,3,C,1,X,55,Y,4,K,1,R,3,"L1:[sp=K,250] R=3,C=43,S=3,Y=4,X=55,K=32 || L2:[sp=C,43] S=3,C=1,X=55,Y=4,K=1,R=3",-inf,-inf,0,K|C,2
X,250,C,35,R,3,S,3,X,55,K,19,Y,55,K,19,S,3,C,1,X,55,K,6,Y,26,R,3,"L1:[sp=X,250] C=35,R=3,S=3,X=55,K=19,Y=55 || L2:[sp=K,19] S=3,C=1,X=55,K=6,Y=26,R=3",-inf,-inf,0,X|K,2
K,250,R,3,C,35,S,3,Y,55,X,55,K,41,C,43,S,3,C,1,X,55,Y,45,K,1,R,3,"L1:[sp=K,250] R=3,C=35,S=3,Y=55,X=55,K=41 || L2:[sp=C,43] S=3,C=1,X=55,Y=45,K=1,R=3",-inf,-inf,0,K|C,2
X,250,R,3,K,33,Y,56,C,39,X,56,S,3,C,17,X,55,R,3,C,1,K,3,S,3,Y,26,"L1:[sp=X,250] R=3,K=33,Y=56,C=39,X=56,S=3 || L2:[sp=C,17] X=55,R=3,C=1,K=3,S=3,Y=26",-inf,-inf,0,X|C,2
X,250,C,35,K,9,X,56,R,3,Y,55,S,3,K,61,S,3,R,3,K,8,X,55,Y,10,C,1,"L1:[sp=X,250] C=35,K=9,X=56,R=3,Y=55,S=3 || L2:[sp=K,61] S=3,R=3,K=8,X=55,Y=10,C=1",-inf,-inf,0,X|K,2
K,250,C,40,K,19,S,3,Y,55,R,3,X,55,C,43,S,3,C,1,X,55,K,4,Y,26,R,3,"L1:[sp=K,250] C=40,K=19,S=3,Y=55,R=3,X=55 || L2:[sp=C,43] S=3,C=1,X=55,K=4,Y=26,R=3",-inf,-inf,0,K|C,2
C,250,X,56,K,19,R,3,C,40,Y,55,S,3,K,1,S,3,X,55,K,5,R,3,Y,1,C,23,"L1:[sp=C,250] X=56,K=19,R=3,C=40,Y=55,S=3 || L2:[sp=K,1] S=3,X=55,K=5,R=3,Y=1,C=23",-inf,-inf,0,C|K,2
C,250,C,40,K,46,Y,18,X,56,R,3,S,3,K,19,X,55,Y,5,C,10,K,1,S,3,R,3,"L1:[sp=C,250] C=40,K=46,Y=18,X=56,R=3,S=3 || L2:[sp=K,19] X=55,Y=5,C=10,K=1,S=3,R=3",-inf,-inf,0,C|K,2
C,250,C,43,K,46,Y,55,X,56,R,3,S,3,K,19,X,55,Y,5,C,10,K,1,S,3,R,3,"L1:[sp=C,250] C=43,K=46,Y=55,X=56,R=3,S=3 || L2:[sp=K,19] X=55,Y=5,C=10,K=1,S=3,R=3",-inf,-inf,0,C|K,2
K,250,R,3,C,43,S,3,Y,55,X,55,K,41,C,43,S,3,C,13,X,55,Y,26,K,1,R,3,"L1:[sp=K,250] R=3,C=43,S=3,Y=55,X=55,K=41 || L2:[sp=C,43] S=3,C=13,X=55,Y=26,K=1,R=3",-inf,-inf,0,K|C,2
C,250,X,56,K,54,Y,55,C,61,R,3,S,3,K,61,S,3,X,55,K,43,R,3,Y,1,C,1,"L1:[sp=C,250] X=56,K=54,Y=55,C=61,R=3,S=3 || L2:[sp=K,61] S=3,X=55,K=43,R=3,Y=1,C=1",-inf,-inf,0,C|K,2
K,250,R,3,C,35,S,3,X,55,Y,55,K,41,C,5,S,3,C,12,X,55,Y,26,K,1,R,3,"L1:[sp=K,250] R=3,C=35,S=3,X=55,Y=55,K=41 || L2:[sp=C,5] S=3,C=12,X=55,Y=26,K=1,R=3",-inf,-inf,0,K|C,2
X,250,X,56,K,54,Y,55,C,40,R,3,S,3,K,61,S,3,X,55,K,1,R,3,Y,40,C,1,"L1:[sp=X,250] X=56,K=54,Y=55,C=40,R=3,S=3 || L2:[sp=K,61] S=3,X=55,K=1,R=3,Y=40,C=1",-inf,-inf,0,X|K,2
Y,250,K,9,C,64,Y,34,R,3,X,56,S,3,K,19,S,3,C,1,Y,34,K,1,X,55,R,3,"L1:[sp=Y,250] K=9,C=64,Y=34,R=3,X=56,S=3 || L2:[sp=K,19] S=3,C=1,Y=34,K=1,X=55,R=3",-inf,-inf,0,Y|K,2
C,250,X,56,K,54,Y,55,C,40,R,3,S,3,K,61,S,3,X,55,K,1,R,3,Y,18,C,5,"L1:[sp=C,250] X=56,K=54,Y=55,C=40,R=3,S=3 || L2:[sp=K,61] S=3,X=55,K=1,R=3,Y=18,C=5",-inf,-inf,0,C|K,2
K,250,C,40,R,3,X,55,Y,55,K,31,S,3,C,43,S,3,C,1,X,55,K,1,Y,36,R,3,"L1:[sp=K,250] C=40,R=3,X=55,Y=55,K=31,S=3 || L2:[sp=C,43] S=3,C=1,X=55,K=1,Y=36,R=3",-inf,-inf,0,K|C,2
X,250,C,40,K,28,X,56,R,3,Y,55,S,3,K,61,S,3,Y,1,K,25,X,55,R,3,C,1,"L1:[sp=X,250] C=40,K=28,X=56,R=3,Y=55,S=3 || L2:[sp=K,61] S=3,Y=1,K=25,X=55,R=3,C=1",-inf,-inf,0,X|K,2
K,250,C,35,R,3,S,3,Y,55,K,19,X,55,C,43,S,3,C,1,X,55,K,15,Y,26,R,3,"L1:[sp=K,250] C=35,R=3,S=3,Y=55,K=19,X=55 || L2:[sp=C,43] S=3,C=1,X=55,K=15,Y=26,R=3",-inf,-inf,0,K|C,2
K,250,C,35,K,19,S,3,Y,55,R,3,X,55,C,5,S,3,C,18,X,55,K,1,Y,26,R,3,"L1:[sp=K,250] C=35,K=19,S=3,Y=55,R=3,X=55 || L2:[sp=C,5] S=3,C=18,X=55,K=1,Y=26,R=3",-inf,-inf,0,K|C,2
Y,250,K,9,C,53,Y,54,R,3,X,56,S,3,K,19,S,3,C,1,Y,41,K,1,X,55,R,3,"L1:[sp=Y,250] K=9,C=53,Y=54,R=3,X=56,S=3 || L2:[sp=K,19] S=3,C=1,Y=41,K=1,X=55,R=3",-inf,-inf,0,Y|K,2
X,250,C,35,K,28,S,3,R,3,Y,55,X,56,K,61,S,3,K,1,R,3,X,55,Y,1,C,13,"L1:[sp=X,250] C=35,K=28,S=3,R=3,Y=55,X=56 || L2:[sp=K,61] S=3,K=1,R=3,X=55,Y=1,C=13",-inf,-inf,0,X|K,2
K,250,R,3,C,40,X,55,Y,55,S,3,K,41,K,41,S,3,C,1,X,55,Y,14,K,1,R,3,"L1:[sp=K,250] R=3,C=40,X=55,Y=55,S=3,K=41 || L2:[sp=K,41] S=3,C=1,X=55,Y=14,K=1,R=3",-inf,-inf,0,K|K,2
K,250,X,55,Y,47,S,3,C,43,R,3,K,41,C,43,S,3,C,26,X,55,Y,26,K,1,R,3,"L1:[sp=K,250] X=55,Y=47,S=3,C=43,R=3,K=41 || L2:[sp=C,43] S=3,C=26,X=55,Y=26,K=1,R=3",-inf,-inf,0,K|C,2
K,250,C,12,K,19,S,3,Y,27,R,3,X,55,C,43,S,3,C,1,X,55,K,1,Y,26,R,3,"L1:[sp=K,250] C=12,K=19,S=3,Y=27,R=3,X=55 || L2:[sp=C,43] S=3,C=1,X=55,K=1,Y=26,R=3",-inf,-inf,0,K|C,2
X,250,C,40,K,28,X,56,R,3,Y,55,S,3,X,1,Y,1,R,3,K,1,X,55,S,3,C,34,"L1:[sp=X,250] C=40,K=28,X=56,R=3,Y=55,S=3 || L2:[sp=X,1] Y=1,R=3,K=1,X=55,S=3,C=34",-inf,-inf,0,X|X,2
C,250,X,55,Y,55,K,61,C,21,R,3,S,3,C,1,X,55,S,3,K,1,R,3,Y,41,C,1,"L1:[sp=C,250] X=55,Y=55,K=61,C=21,R=3,S=3 || L2:[sp=C,1] X=55,S=3,K=1,R=3,Y=41,C=1",-inf,-inf,0,C|C,2
K,250,C,22,R,3,S,3,Y,46,K,19,X,56,C,43,S,3,C,1,X,55,R,3,Y,26,K,1,"L1:[sp=K,250] C=22,R=3,S=3,Y=46,K=19,X=56 || L2:[sp=C,43] S=3,C=1,X=55,R=3,Y=26,K=1",-inf,-inf,0,K|C,2
C,250,X,56,K,54,Y,33,C,40,R,3,S,3,K,61,S,3,X,55,K,1,C,1,Y,11,R,3,"L1:[sp=C,250] X=56,K=54,Y=33,C=40,R=3,S=3 || L2:[sp=K,61] S=3,X=55,K=1,C=1,Y=11,R=3",-inf,-inf,0,C|K,2
X,250,C,40,K,28,X,56,R,3,Y,14,S,3,K,61,S,3,R,3,K,1,X,55,Y,1,C,23,"L1:[sp=X,250] C=40,K=28,X=56,R=3,Y=14,S=3 || L2:[sp=K,61] S=3,R=3,K=1,X=55,Y=1,C=23",-inf,-inf,0,X|K,2
K,250,R,3,Y,55,S,3,C,43,X,55,K,41,C,43,S,3,C,1,X,55,Y,26,K,26,R,3,"L1:[sp=K,250] R=3,Y=55,S=3,C=43,X=55,K=41 || L2:[sp=C,43] S=3,C=1,X=55,Y=26,K=26,R=3",-inf,-inf,0,K|C,2
C,250,K,54,C,21,Y,55,X,56,R,3,S,3,C,1,S,3,R,3,K,17,X,55,Y,1,C,1,"L1:[sp=C,250] K=54,C=21,Y=55,X=56,R=3,S=3 || L2:[sp=C,1] S=3,R=3,K=17,X=55,Y=1,C=1",-inf,-inf,0,C|C,2
X,250,X,55,R,3,Y,55,S,3,C,35,K,64,K,32,S,3,C,11,X,55,K,1,Y,1,R,3,"L1:[sp=X,250] X=55,R=3,Y=55,S=3,C=35,K=64 || L2:[sp=K,32] S=3,C=11,X=55,K=1,Y=1,R=3",-inf,-inf,0,X|K,2
C,250,K,54,C,21,R,3,X,56,Y,55,S,3,C,1,S,3,R,3,K,1,X,55,Y,14,C,5,"L1:[sp=C,250] K=54,C=21,R=3,X=56,Y=55,S=3 || L2:[sp=C,1] S=3,R=3,K=1,X=55,Y=14,C=5",-inf,-inf,0,C|C,2
C,250,C,21,K,47,Y,55,X,56,R,3,S,3,C,1,S,3,K,1,X,55,R,3,Y,1,C,9,"L1:[sp=C,250] C=21,K=47,Y=55,X=56,R=3,S=3 || L2:[sp=C,1] S=3,K=1,X=55,R=3,Y=1,C=9",-inf,-inf,0,C|C,2
K,250,R,3,Y,55,S,3,C,43,X,56,K,41,C,43,Y,26,C,8,X,55,S,3,K,1,R,3,"L1:[sp=K,250] R=3,Y=55,S=3,C=43,X=56,K=41 || L2:[sp=C,43] Y=26,C=8,X=55,S=3,K=1,R=3",-inf,-inf,0,K|C,2
C,250,K,54,C,21,Y,55,X,55,R,3,S,3,C,1,S,3,R,3,K,1,X,55,Y,1,C,15,"L1:[sp=C,250] K=54,C=21,Y=55,X=55,R=3,S=3 || L2:[sp=C,1] S=3,R=3,K=1,X=55,Y=1,C=15",-inf,-inf,0,C|C,2
K,250,C,35,K,19,S,3,Y,2,R,3,X,55,C,43,S,3,C,1,X,55,K,16,Y,2,R,3,"L1:[sp=K,250] C=35,K=19,S=3,Y=2,R=3,X=55 || L2:[sp=C,43] S=3,C=1,X=55,K=16,Y=2,R=3",-inf,-inf,0,K|C,2
K,250,R,3,Y,22,S,3,C,43,X,55,K,41,C,43,Y,22,C,1,X,55,S,3,K,1,R,3,"L1:[sp=K,250] R=3,Y=22,S=3,C=43,X=55,K=41 || L2:[sp=C,43] Y=22,C=1,X=55,S=3,K=1,R=3",-inf,-inf,0,K|C,2
K,250,X,55,C,35,R,3,Y,55,S,3,K,41,C,5,S,3,C,1,X,55,Y,14,K,32,R,3,"L1:[sp=K,250] X=55,C=35,R=3,Y=55,S=3,K=41 || L2:[sp=C,5] S=3,C=1,X=55,Y=14,K=32,R=3",-inf,-inf,0,K|C,2
K,250,C,40,R,3,X,55,Y,23,K,4,S,3,K,1,S,3,C,1,X,55,Y,23,K,1,R,3,"L1:[sp=K,250] C=40,R=3,X=55,Y=23,K=4,S=3 || L2:[sp=K,1] S=3,C=1,X=55,Y=23,K=1,R=3",-inf,-inf,0,K|K,2
K,250,C,40,R,3,S,3,Y,55,X,55,K,19,K,1,S,3,C,1,X,55,K,14,Y,26,R,3,"L1:[sp=K,250] C=40,R=3,S=3,Y=55,X=55,K=19 || L2:[sp=K,1] S=3,C=1,X=55,K=14,Y=26,R=3",-inf,-inf,0,K|K,2
K,250,C,13,K,44,S,3,Y,55,R,3,X,55,C,43,S,3,C,1,X,55,K,19,Y,26,R,3,"L1:[sp=K,250] C=13,K=44,S=3,Y=55,R=3,X=55 || L2:[sp=C,43] S=3,C=1,X=55,K=19,Y=26,R=3",-inf,-inf,0,K|C,2
K,250,R,3,Y,55,S,3,C,46,X,56,K,41,C,43,S,3,C,8,X,55,Y,26,K,1,R,3,"L1:[sp=K,250] R=3,Y=55,S=3,C=46,X=56,K=41 || L2:[sp=C,43] S=3,C=8,X=55,Y=26,K=1,R=3",-inf,-inf,0,K|C,2
K,250,R,3,Y,55,S,3,C,21,X,55,K,41,C,43,Y,26,C,1,X,55,S,3,K,13,R,3,"L1:[sp=K,250] R=3,Y=55,S=3,C=21,X=55,K=41 || L2:[sp=C,43] Y=26,C=1,X=55,S=3,K=13,R=3",-inf,-inf,0,K|C,2
K,250,C,40,R,3,X,55,Y,55,K,19,S,3,K,1,S,3,C,1,X,55,K,17,Y,26,R,3,"L1:[sp=K,250] C=40,R=3,X=55,Y=55,K=19,S=3 || L2:[sp=K,1] S=3,C=1,X=55,K=17,Y=26,R=3",-inf,-inf,0,K|K,2
K,250,C,35,R,3,S,3,Y,55,K,19,X,55,C,43,R,3,C,35,X,55,K,1,Y,35,S,3,"L1:[sp=K,250] C=35,R=3,S=3,Y=55,K=19,X=55 || L2:[sp=C,43] R=3,C=35,X=55,K=1,Y=35,S=3",-inf,-inf,0,K|C,2
K,250,C,35,Y,55,S,3,K,19,R,3,X,55,C,43,S,3,C,1,X,55,K,1,Y,44,R,3,"L1:[sp=K,250] C=35,Y=55,S=3,K=19,R=3,X=55 || L2:[sp=C,43] S=3,C=1,X=55,K=1,Y=44,R=3",-inf,-inf,0,K|C,2
K,250,C,40,R,3,X,55,Y,14,K,61,S,3,K,1,S,3,C,1,X,55,K,8,Y,14,R,3,"L1:[sp=K,250] C=40,R=3,X=55,Y=14,K=61,S=3 || L2:[sp=K,1] S=3,C=1,X=55,K=8,Y=14,R=3",-inf,-inf,0,K|K,2
C,250,X,55,R,3,Y,12,S,3,C,42,K,64,K,32,S,3,C,1,X,55,K,1,Y,12,R,3,"L1:[sp=C,250] X=55,R=3,Y=12,S=3,C=42,K=64 || L2:[sp=K,32] S=3,C=1,X=55,K=1,Y=12,R=3",-inf,-inf,0,C|K,2
K,250,C,35,K,19,X,55,Y,55,R,3,S,3,C,43,S,3,C,4,X,55,K,3,Y,26,R,3,"L1:[sp=K,250] C=35,K=19,X=55,Y=55,R=3,S=3 || L2:[sp=C,43] S=3,C=4,X=55,K=3,Y=26,R=3",-inf,-inf,0,K|C,2
C,250,X,56,K,22,Y,55,C,48,R,3,S,3,K,22,S,3,X,55,K,7,R,3,Y,26,C,1,"L1:[sp=C,250] X=56,K=22,Y=55,C=48,R=3,S=3 || L2:[sp=K,22] S=3,X=55,K=7,R=3,Y=26,C=1",-inf,-inf,0,C|K,2
K,250,R,3,Y,55,S,3,C,46,X,55,K,41,C,43,S,3,C,1,X,55,Y,26,K,28,R,3,"L1:[sp=K,250] R=3,Y=55,S=3,C=46,X=55,K=41 || L2:[sp=C,43] S=3,C=1,X=55,Y=26,K=28,R=3",-inf,-inf,0,K|C,2
K,250,C,2,R,3,X,55,Y,55,K,61,S,3,K,1,S,3,C,1,X,55,K,8,Y,26,R,3,"L1:[sp=K,250] C=2,R=3,X=55,Y=55,K=61,S=3 || L2:[sp=K,1] S=3,C=1,X=55,K=8,Y=26,R=3",-inf,-inf,0,K|K,2
X,250,C,9,R,3,X,55,Y,41,K,40,S,3,C,43,S,3,C,1,X,55,K,1,Y,26,R,3,"L1:[sp=X,250] C=9,R=3,X=55,Y=41,K=40,S=3 || L2:[sp=C,43] S=3,C=1,X=55,K=1,Y=26,R=3",-inf,-inf,0,X|C,2
X,250,X,55,R,3,S,3,Y,55,C,35,K,64,K,32,S,3,C,1,X,55,K,64,Y,46,R,3,"L1:[sp=X,250] X=55,R=3,S=3,Y=55,C=35,K=64 || L2:[sp=K,32] S=3,C=1,X=55,K=64,Y=46,R=3",-inf,-inf,0,X|K,2
K,250,C,35,Y,55,S,3,K,19,R,3,X,55,C,43,S,3,C,24,X,55,K,1,Y,2,R,3,"L1:[sp=K,250] C=35,Y=55,S=3,K=19,R=3,X=55 || L2:[sp=C,43] S=3,C=24,X=55,K=1,Y=2,R=3",-inf,-inf,0,K|C,2
K,250,S,3,Y,50,R,3,C,46,X,55,K,41,C,43,S,3,C,15,X,55,R,3,K,1,Y,26,"L1:[sp=K,250] S=3,Y=50,R=3,C=46,X=55,K=41 || L2:[sp=C,43] S=3,C=15,X=55,R=3,K=1,Y=26",-inf,-inf,0,K|C,2
K,250,C,40,S,3,X,55,Y,55,R,3,K,45,C,5,S,3,R,3,X,55,Y,43,K,1,C,12,"L1:[sp=K,250] C=40,S=3,X=55,Y=55,R=3,K=45 || L2:[sp=C,5] S=3,R=3,X=55,Y=43,K=1,C=12",-inf,-inf,0,K|C,2
K,250,C,35,K,32,S,3,Y,39,R,3,X,55,C,43,S,3,C,1,X,55,K,1,Y,26,R,3,"L1:[sp=K,250] C=35,K=32,S=3,Y=39,R=3,X=55 || L2:[sp=C,43] S=3,C=1,X=55,K=1,Y=26,R=3",-inf,-inf,0,K|C,2
K,250,C,35,K,19,S,3,Y,55,R,3,X,55,C,43,S,3,R,3,X,55,K,15,Y,26,C,1,"L1:[sp=K,250] C=35,K=19,S=3,Y=55,R=3,X=55 || L2:[sp=C,43] S=3,R=3,X=55,K=15,Y=26,C=1",-inf,-inf,0,K|C,2
K,250,R,3,S,3,X,55,Y,55,C,40,K,54,C,5,K,1,C,7,X,55,Y,43,S,3,R,3,"L1:[sp=K,250] R=3,S=3,X=55,Y=55,C=40,K=54 || L2:[sp=C,5] K=1,C=7,X=55,Y=43,S=3,R=3",-inf,-inf,0,K|C,2
K,250,C,35,R,3,Y,55,X,55,K,19,S,3,C,7,S,3,C,26,Y,26,R,3,X,55,K,1,"L1:[sp=K,250] C=35,R=3,Y=55,X=55,K=19,S=3 || L2:[sp=C,7] S=3,C=26,Y=26,R=3,X=55,K=1",-inf,-inf,0,K|C,2
K,250,C,35,K,19,S,3,Y,55,R,3,X,55,C,43,S,3,C,5,X,55,K,1,Y,1,R,3,"L1:[sp=K,250] C=35,K=19,S=3,Y=55,R=3,X=55 || L2:[sp=C,43] S=3,C=5,X=55,K=1,Y=1,R=3",-inf,-inf,0,K|C,2
Y,250,C,40,R,3,S,3,Y,55,K,19,X,55,Y,5,S,3,R,3,X,55,K,1,C,1,Y,26,"L1:[sp=Y,250] C=40,R=3,S=3,Y=55,K=19,X=55 || L2:[sp=Y,5] S=3,R=3,X=55,K=1,C=1,Y=26",-inf,-inf,0,Y|Y,2
K,250,C,35,K,19,S,3,Y,11,R,3,X,55,C,43,S,3,C,1,X,55,K,1,Y,11,R,3,"L1:[sp=K,250] C=35,K=19,S=3,Y=11,R=3,X=55 || L2:[sp=C,43] S=3,C=1,X=55,K=1,Y=11,R=3",-inf,-inf,0,K|C,2
X,250,C,35,X,55,Y,55,S,3,K,50,R,3,C,43,Y,26,C,1,S,3,R,3,X,55,K,1,"L1:[sp=X,250] C=35,X=55,Y=55,S=3,K=50,R=3 || L2:[sp=C,43] Y=26,C=1,S=3,R=3,X=55,K=1",-inf,-inf,0,X|C,2
K,250,C,35,R,3,Y,55,S,3,K,19,X,55,C,43,S,3,C,1,Y,12,R,3,X,55,K,1,"L1:[sp=K,250] C=35,R=3,Y=55,S=3,K=19,X=55 || L2:[sp=C,43] S=3,C=1,Y=12,R=3,X=55,K=1",-inf,-inf,0,K|C,2
X,250,C,16,K,28,Y,55,R,3,X,56,S,3,K,61,S,3,R,3,K,1,X,55,Y,1,C,2,"L1:[sp=X,250] C=16,K=28,Y=55,R=3,X=56,S=3 || L2:[sp=K,61] S=3,R=3,K=1,X=55,Y=1,C=2",-inf,-inf,0,X|K,2
K,250,S,3,C,40,X,55,Y,12,R,3,K,19,C,5,S,3,C,1,X,55,Y,12,K,16,R,3,"L1:[sp=K,250] S=3,C=40,X=55,Y=12,R=3,K=19 || L2:[sp=C,5] S=3,C=1,X=55,Y=12,K=16,R=3",-inf,-inf,0,K|C,2
X,250,C,40,K,32,Y,55,S,3,X,56,R,3,K,61,S,3,R,3,K,1,X,55,Y,1,C,21,"L1:[sp=X,250] C=40,K=32,Y=55,S=3,X=56,R=3 || L2:[sp=K,61] S=3,R=3,K=1,X=55,Y=1,C=21",-inf,-inf,0,X|K,2
K,250,C,35,K,19,S,3,Y,55,R,3,X,55,C,43,S,3,C,7,X,55,K,1,Y,1,R,3,"L1:[sp=K,250] C=35,K=19,S=3,Y=55,R=3,X=55 || L2:[sp=C,43] S=3,C=7,X=55,K=1,Y=1,R=3",-inf,-inf,0,K|C,2
K,250,X,55,K,19,S,3,Y,55,R,3,C,35,C,43,S,3,C,1,X,55,K,1,Y,54,R,3,"L1:[sp=K,250] X=55,K=19,S=3,Y=55,R=3,C=35 || L2:[sp=C,43] S=3,C=1,X=55,K=1,Y=54,R=3",-inf,-inf,0,K|C,2
C,250,X,55,C,26,Y,55,S,3,R,3,K,64,Y,5,S,3,C,1,R,3,K,14,Y,12,X,55,"L1:[sp=C,250] X=55,C=26,Y=55,S=3,R=3,K=64 || L2:[sp=Y,5] S=3,C=1,R=3,K=14,Y=12,X=55",-inf,-inf,0,C|Y,2
C,250,X,55,R,3,Y,55,S,3,C,35,K,23,K,32,S,3,X,55,C,18,K,1,Y,12,R,3,"L1:[sp=C,250] X=55,R=3,Y=55,S=3,C=35,K=23 || L2:[sp=K,32] S=3,X=55,C=18,K=1,Y=12,R=3",-inf,-inf,0,C|K,2
K,250,R,3,S,3,X,55,Y,14,C,40,K,32,C,5,S,3,K,1,X,55,Y,14,C,12,R,3,"L1:[sp=K,250] R=3,S=3,X=55,Y=14,C=40,K=32 || L2:[sp=C,5] S=3,K=1,X=55,Y=14,C=12,R=3",-inf,-inf,0,K|C,2
K,250,C,35,R,3,S,3,Y,55,K,7,X,55,C,43,S,3,C,1,X,55,K,1,Y,26,R,3,"L1:[sp=K,250] C=35,R=3,S=3,Y=55,K=7,X=55 || L2:[sp=C,43] S=3,C=1,X=55,K=1,Y=26,R=3",-inf,-inf,0,K|C,2
K,250,C,35,R,3,Y,55,S,3,K,19,X,55,C,7,S,3,C,12,Y,26,R,3,X,55,K,1,"L1:[sp=K,250] C=35,R=3,Y=55,S=3,K=19,X=55 || L2:[sp=C,7] S=3,C=12,Y=26,R=3,X=55,K=1",-inf,-inf,0,K|C,2
K,250,R,3,S,3,X,55,Y,14,C,40,K,32,C,5,S,3,K,29,X,55,Y,14,R,3,C,1,"L1:[sp=K,250] R=3,S=3,X=55,Y=14,C=40,K=32 || L2:[sp=C,5] S=3,K=29,X=55,Y=14,R=3,C=1",-inf,-inf,0,K|C,2
X,250,C,44,K,55,Y,49,S,3,X,56,R,3,K,61,S,3,R,3,K,1,X,55,Y,26,C,1,"L1:[sp=X,250] C=44,K=55,Y=49,S=3,X=56,R=3 || L2:[sp=K,61] S=3,R=3,K=1,X=55,Y=26,C=1",-inf,-inf,0,X|K,2
C,250,R,3,X,55,Y,55,S,3,C,35,K,34,K,32,X,55,S,3,C,31,K,1,Y,26,R,3,"L1:[sp=C,250] R=3,X=55,Y=55,S=3,C=35,K=34 || L2:[sp=K,32] X=55,S=3,C=31,K=1,Y=26,R=3",-inf,-inf,0,C|K,2
K,250,C,35,K,64,S,3,Y,55,R,3,X,55,C,43,S,3,C,35,X,55,K,5,Y,26,R,3,"L1:[sp=K,250] C=35,K=64,S=3,Y=55,R=3,X=55 || L2:[sp=C,43] S=3,C=35,X=55,K=5,Y=26,R=3",-inf,-inf,0,K|C,2
K,250,X,55,R,3,Y,55,S,3,C,12,K,64,K,32,S,3,X,55,C,8,K,58,Y,12,R,3,"L1:[sp=K,250] X=55,R=3,Y=55,S=3,C=12,K=64 || L2:[sp=K,32] S=3,X=55,C=8,K=58,Y=12,R=3",-inf,-inf,0,K|K,2
K,250,R,3,C,58,X,55,Y,55,S,3,K,20,C,5,S,3,C,1,X,55,Y,18,K,1,R,3,"L1:[sp=K,250] R=3,C=58,X=55,Y=55,S=3,K=20 || L2:[sp=C,5] S=3,C=1,X=55,Y=18,K=1,R=3",-inf,-inf,0,K|C,2
K,250,C,35,Y,52,S,3,K,19,R,3,X,55,C,43,S,3,C,1,X,55,K,17,Y,1,R,3,"L1:[sp=K,250] C=35,Y=52,S=3,K=19,R=3,X=55 || L2:[sp=C,43] S=3,C=1,X=55,K=17,Y=1,R=3",-inf,-inf,0,K|C,2
K,250,X,55,C,58,R,3,Y,55,S,3,K,20,X,1,S,3,C,1,X,55,Y,26,K,16,R,3,"L1:[sp=K,250] X=55,C=58,R=3,Y=55,S=3,K=20 || L2:[sp=X,1] S=3,C=1,X=55,Y=26,K=16,R=3",-inf,-inf,0,K|X,2
X,250,C,40,K,55,Y,55,S,3,X,56,R,3,K,61,S,3,R,3,K,1,X,55,Y,42,C,25,"L1:[sp=X,250] C=40,K=55,Y=55,S=3,X=56,R=3 || L2:[sp=K,61] S=3,R=3,K=1,X=55,Y=42,C=25",-inf,-inf,0,X|K,2
K,250,C,35,R,3,S,3,Y,7,K,19,X,55,C,43,S,3,C,1,X,55,K,1,Y,7,R,3,"L1:[sp=K,250] C=35,R=3,S=3,Y=7,K=19,X=55 || L2:[sp=C,43] S=3,C=1,X=55,K=1,Y=7,R=3",-inf,-inf,0,K|C,2
K,250,C,29,Y,55,S,3,K,8,R,3,X,55,C,43,S,3,C,1,X,55,K,1,R,3,Y,52,"L1:[sp=K,250] C=29,Y=55,S=3,K=8,R=3,X=55 || L2:[sp=C,43] S=3,C=1,X=55,K=1,R=3,Y=52",-inf,-inf,0,K|C,2
Y,250,C,35,Y,55,S,3,K,19,R,3,X,55,C,43,S,3,C,1,X,55,K,1,R,3,Y,26,"L1:[sp=Y,250] C=35,Y=55,S=3,K=19,R=3,X=55 || L2:[sp=C,43] S=3,C=1,X=55,K=1,R=3,Y=26",-inf,-inf,0,Y|C,2
K,250,C,35,R,3,K,14,Y,55,S,3,X,56,C,43,S,3,C,1,X,55,K,1,Y,26,R,3,"L1:[sp=K,250] C=35,R=3,K=14,Y=55,S=3,X=56 || L2:[sp=C,43] S=3,C=1,X=55,K=1,Y=26,R=3",-inf,-inf,0,K|C,2
Y,250,C,8,R,3,X,55,Y,55,S,3,K,19,C,20,S,3,R,3,X,55,K,13,Y,26,C,1,"L1:[sp=Y,250] C=8,R=3,X=55,Y=55,S=3,K=19 || L2:[sp=C,20] S=3,R=3,X=55,K=13,Y=26,C=1",-inf,-inf,0,Y|C,2
C,250,Y,16,X,55,R,3,S,3,C,23,K,64,K,32,S,3,X,55,C,1,Y,16,K,5,R,3,"L1:[sp=C,250] Y=16,X=55,R=3,S=3,C=23,K=64 || L2:[sp=K,32] S=3,X=55,C=1,Y=16,K=5,R=3",-inf,-inf,0,C|K,2
K,250,R,3,S,3,X,55,Y,55,C,48,K,32,C,5,S,3,C,1,X,55,Y,43,K,31,R,3,"L1:[sp=K,250] R=3,S=3,X=55,Y=55,C=48,K=32 || L2:[sp=C,5] S=3,C=1,X=55,Y=43,K=31,R=3",-inf,-inf,0,K|C,2
K,250,X,55,C,35,K,19,Y,55,S,3,R,3,C,43,S,3,C,18,X,55,K,1,Y,26,R,3,"L1:[sp=K,250] X=55,C=35,K=19,Y=55,S=3,R=3 || L2:[sp=C,43] S=3,C=18,X=55,K=1,Y=26,R=3",-inf,-inf,0,K|C,2
C,250,R,3,X,55,Y,55,S,3,C,35,K,64,K,32,S,3,X,55,C,1,Y,26,K,11,R,3,"L1:[sp=C,250] R=3,X=55,Y=55,S=3,C=35,K=64 || L2:[sp=K,32] S=3,X=55,C=1,Y=26,K=11,R=3",-inf,-inf,0,C|K,2
C,250,R,3,X,55,Y,26,S,3,C,35,K,64,K,32,S,3,X,55,C,1,Y,26,K,1,R,3,"L1:[sp=C,250] R=3,X=55,Y=26,S=3,C=35,K=64 || L2:[sp=K,32] S=3,X=55,C=1,Y=26,K=1,R=3",-inf,-inf,0,C|K,2
Y,250,X,55,Y,55,K,6,C,35,S,3,R,3,C,43,S,3,C,1,X,55,K,1,Y,40,R,3,"L1:[sp=Y,250] X=55,Y=55,K=6,C=35,S=3,R=3 || L2:[sp=C,43] S=3,C=1,X=55,K=1,Y=40,R=3",-inf,-inf,0,Y|C,2
X,250,C,35,R,3,S,3,Y,47,K,19,X,55,C,43,S,3,C,1,X,55,K,1,Y,35,R,3,"L1:[sp=X,250] C=35,R=3,S=3,Y=47,K=19,X=55 || L2:[sp=C,43] S=3,C=1,X=55,K=1,Y=35,R=3",-inf,-inf,0,X|C,2
K,250,C,35,R,3,S,3,Y,55,K,19,X,55,C,43,S,3,C,1,X,55,K,1,Y,48,R,3,"L1:[sp=K,250] C=35,R=3,S=3,Y=55,K=19,X=55 || L2:[sp=C,43] S=3,C=1,X=55,K=1,Y=48,R=3",-inf,-inf,0,K|C,2
K,250,C,35,Y,55,S,3,K,19,R,3,X,55,C,43,S,3,C,1,X,55,K,10,Y,26,R,3,"L1:[sp=K,250] C=35,Y=55,S=3,K=19,R=3,X=55 || L2:[sp=C,43] S=3,C=1,X=55,K=10,Y=26,R=3",-inf,-inf,0,K|C,2
K,250,X,55,C,35,S,3,K,19,R,3,Y,55,C,43,S,3,C,1,X,55,K,17,Y,26,R,3,"L1:[sp=K,250] X=55,C=35,S=3,K=19,R=3,Y=55 || L2:[sp=C,43] S=3,C=1,X=55,K=17,Y=26,R=3",-inf,-inf,0,K|C,2
K,250,C,35,K,44,S,3,Y,22,R,3,X,55,C,43,S,3,X,55,C,1,K,1,R,3,Y,22,"L1:[sp=K,250] C=35,K=44,S=3,Y=22,R=3,X=55 || L2:[sp=C,43] S=3,X=55,C=1,K=1,R=3,Y=22",-inf,-inf,0,K|C,2
K,250,C,35,Y,55,S,3,K,19,R,3,X,55,C,43,S,3,C,4,X,55,K,1,Y,19,R,3,"L1:[sp=K,250] C=35,Y=55,S=3,K=19,R=3,X=55 || L2:[sp=C,43] S=3,C=4,X=55,K=1,Y=19,R=3",-inf,-inf,0,K|C,2
K,250,R,3,K,44,S,3,Y,55,C,35,X,55,C,43,S,3,C,9,X,55,K,1,R,3,Y,45,"L1:[sp=K,250] R=3,K=44,S=3,Y=55,C=35,X=55 || L2:[sp=C,43] S=3,C=9,X=55,K=1,R=3,Y=45",-inf,-inf,0,K|C,2
K,250,C,35,Y,10,S,3,K,19,R,3,X,55,C,43,X,55,C,1,S,3,K,1,R,3,Y,10,"L1:[sp=K,250] C=35,Y=10,S=3,K=19,R=3,X=55 || L2:[sp=C,43] X=55,C=1,S=3,K=1,R=3,Y=10",-inf,-inf,0,K|C,2
K,250,C,35,R,3,S,3,Y,1,K,35,X,55,C,43,S,3,K,1,X,55,C,14,Y,1,R,3,"L1:[sp=K,250] C=35,R=3,S=3,Y=1,K=35,X=55 || L2:[sp=C,43] S=3,K=1,X=55,C=14,Y=1,R=3",-inf,-inf,0,K|C,2
K,250,C,23,K,19,S,3,Y,22,R,3,X,55,C,43,S,3,X,55,Y,4,K,1,C,19,R,3,"L1:[sp=K,250] C=23,K=19,S=3,Y=22,R=3,X=55 || L2:[sp=C,43] S=3,X=55,Y=4,K=1,C=19,R=3",-inf,-inf,0,K|C,2
K,250,C,40,K,19,S,3,R,3,Y,55,X,55,C,43,S,3,C,1,X,55,K,1,Y,11,R,3,"L1:[sp=K,250] C=40,K=19,S=3,R=3,Y=55,X=55 || L2:[sp=C,43] S=3,C=1,X=55,K=1,Y=11,R=3",-inf,-inf,0,K|C,2
K,250,C,35,X,55,K,19,Y,6,S,3,R,3,K,19,S,3,C,1,Y,6,X,55,K,1,R,3,"L1:[sp=K,250] C=35,X=55,K=19,Y=6,S=3,R=3 || L2:[sp=K,19] S=3,C=1,Y=6,X=55,K=1,R=3",-inf,-inf,0,K|K,2
K,250,Y,55,X,55,S,3,R,3,C,40,K,44,C,43,C,1,X,55,S,3,K,6,Y,49,R,3,"L1:[sp=K,250] Y=55,X=55,S=3,R=3,C=40,K=44 || L2:[sp=C,43] C=1,X=55,S=3,K=6,Y=49,R=3",-inf,-inf,0,K|C,2
K,250,C,18,K,19,S,3,R,3,Y,55,X,55,C,43,S,3,C,1,X,55,K,1,Y,44,R,3,"L1:[sp=K,250] C=18,K=19,S=3,R=3,Y=55,X=55 || L2:[sp=C,43] S=3,C=1,X=55,K=1,Y=44,R=3",-inf,-inf,0,K|C,2
X,250,Y,55,X,55,C,40,K,44,S,3,R,3,C,43,S,3,C,19,X,55,K,1,Y,26,R,3,"L1:[sp=X,250] Y=55,X=55,C=40,K=44,S=3,R=3 || L2:[sp=C,43] S=3,C=19,X=55,K=1,Y=26,R=3",-inf,-inf,0,X|C,2
K,250,C,35,K,19,S,3,Y,55,R,3,X,55,C,43,S,3,C,3,X,55,K,1,Y,26,R,3,"L1:[sp=K,250] C=35,K=19,S=3,Y=55,R=3,X=55 || L2:[sp=C,43] S=3,C=3,X=55,K=1,Y=26,R=3",-inf,-inf,0,K|C,2
K,250,C,35,Y,55,S,3,K,3,R,3,X,55,C,43,S,3,C,1,X,55,R,3,Y,38,K,1,"L1:[sp=K,250] C=35,Y=55,S=3,K=3,R=3,X=55 || L2:[sp=C,43] S=3,C=1,X=55,R=3,Y=38,K=1",-inf,-inf,0,K|C,2
K,250,C,60,Y,55,S,3,K,19,R,3,X,55,C,43,S,3,C,20,X,55,R,3,Y,26,K,1,"L1:[sp=K,250] C=60,Y=55,S=3,K=19,R=3,X=55 || L2:[sp=C,43] S=3,C=20,X=55,R=3,Y=26,K=1",-inf,-inf,0,K|C,2
C,250,R,3,X,55,Y,55,S,3,C,35,K,19,X,5,X,55,S,3,C,1,Y,26,K,8,R,3,"L1:[sp=C,250] R=3,X=55,Y=55,S=3,C=35,K=19 || L2:[sp=X,5] X=55,S=3,C=1,Y=26,K=8,R=3",-inf,-inf,0,C|X,2
Y,250,C,35,K,19,S,3,Y,55,R,3,X,55,C,43,S,3,C,1,X,55,K,1,R,3,Y,26,"L1:[sp=Y,250] C=35,K=19,S=3,Y=55,R=3,X=55 || L2:[sp=C,43] S=3,C=1,X=55,K=1,R=3,Y=26",-inf,-inf,0,Y|C,2
K,250,C,18,K,19,S,3,R,3,Y,38,X,55,C,43,S,3,C,1,K,1,X,55,Y,26,R,3,"L1:[sp=K,250] C=18,K=19,S=3,R=3,Y=38,X=55 || L2:[sp=C,43] S=3,C=1,K=1,X=55,Y=26,R=3",-inf,-inf,0,K|C,2
Y,250,X,55,C,35,K,19,Y,55,S,3,R,3,Y,55,S,3,C,18,X,55,K,1,Y,26,R,3,"L1:[sp=Y,250] X=55,C=35,K=19,Y=55,S=3,R=3 || L2:[sp=Y,55] S=3,C=18,X=55,K=1,Y=26,R=3",-inf,-inf,0,Y|Y,2
K,250,C,35,R,3,X,56,Y,5,K,19,S,3,C,43,S,3,X,55,C,1,K,1,Y,5,R,3,"L1:[sp=K,250] C=35,R=3,X=56,Y=5,K=19,S=3 || L2:[sp=C,43] S=3,X=55,C=1,K=1,Y=5,R=3",-inf,-inf,0,K|C,2
K,250,R,3,C,35,K,64,Y,55,S,3,X,55,Y,5,S,3,C,10,X,55,K,1,Y,26,R,3,"L1:[sp=K,250] R=3,C=35,K=64,Y=55,S=3,X=55 || L2:[sp=Y,5] S=3,C=10,X=55,K=1,Y=26,R=3",-inf,-inf,0,K|Y,2
Y,250,C,35,K,30,S,3,Y,55,R,3,X,55,C,43,S,3,C,1,X,55,K,1,Y,26,R,3,"L1:[sp=Y,250] C=35,K=30,S=3,Y=55,R=3,X=55 || L2:[sp=C,43] S=3,C=1,X=55,K=1,Y=26,R=3",-inf,-inf,0,Y|C,2
K,250,C,35,R,3,K,7,Y,55,S,3,X,55,C,43,S,3,C,1,X,55,K,1,Y,26,R,3,"L1:[sp=K,250] C=35,R=3,K=7,Y=55,S=3,X=55 || L2:[sp=C,43] S=3,C=1,X=55,K=1,Y=26,R=3",-inf,-inf,0,K|C,2
K,250,C,11,X,55,S,3,K,19,Y,55,R,3,K,19,S,3,C,1,X,55,K,1,Y,5,R,3,"L1:[sp=K,250] C=11,X=55,S=3,K=19,Y=55,R=3 || L2:[sp=K,19] S=3,C=1,X=55,K=1,Y=5,R=3",-inf,-inf,0,K|K,2
K,250,X,55,C,35,K,19,Y,55,S,3,R,3,C,43,S,3,C,11,X,55,K,1,Y,8,R,3,"L1:[sp=K,250] X=55,C=35,K=19,Y=55,S=3,R=3 || L2:[sp=C,43] S=3,C=11,X=55,K=1,Y=8,R=3",-inf,-inf,0,K|C,2
K,250,C,26,R,3,K,19,Y,27,X,56,S,3,C,43,S,3,X,55,C,1,K,1,Y,26,R,3,"L1:[sp=K,250] C=26,R=3,K=19,Y=27,X=56,S=3 || L2:[sp=C,43] S=3,X=55,C=1,K=1,Y=26,R=3",-inf,-inf,0,K|C,2
Y,250,C,35,R,3,K,64,Y,55,S,3,X,56,C,43,S,3,C,9,R,3,Y,26,K,1,X,55,"L1:[sp=Y,250] C=35,R=3,K=64,Y=55,S=3,X=56 || L2:[sp=C,43] S=3,C=9,R=3,Y=26,K=1,X=55",-inf,-inf,0,Y|C,2
K,250,C,35,R,3,K,45,Y,55,S,3,X,56,C,43,X,55,C,30,S,3,K,1,Y,26,R,3,"L1:[sp=K,250] C=35,R=3,K=45,Y=55,S=3,X=56 || L2:[sp=C,43] X=55,C=30,S=3,K=1,Y=26,R=3",-inf,-inf,0,K|C,2
K,250,R,3,C,35,S,3,Y,55,K,40,X,55,C,43,S,3,C,1,X,55,K,1,Y,21,R,3,"L1:[sp=K,250] R=3,C=35,S=3,Y=55,K=40,X=55 || L2:[sp=C,43] S=3,C=1,X=55,K=1,Y=21,R=3",-inf,-inf,0,K|C,2
K,250,X,55,C,35,K,19,Y,55,S,3,R,3,C,43,S,3,C,27,X,55,K,1,Y,26,R,3,"L1:[sp=K,250] X=55,C=35,K=19,Y=55,S=3,R=3 || L2:[sp=C,43] S=3,C=27,X=55,K=1,Y=26,R=3",-inf,-inf,0,K|C,2
K,250,C,35,R,3,S,3,Y,38,K,43,X,55,C,43,S,3,Y,26,X,55,K,25,C,1,R,3,"L1:[sp=K,250] C=35,R=3,S=3,Y=38,K=43,X=55 || L2:[sp=C,43] S=3,Y=26,X=55,K=25,C=1,R=3",-inf,-inf,0,K|C,2
K,250,X,55,C,35,K,19,Y,55,S,3,R,3,C,43,S,3,K,15,X,55,C,1,Y,26,R,3,"L1:[sp=K,250] X=55,C=35,K=19,Y=55,S=3,R=3 || L2:[sp=C,43] S=3,K=15,X=55,C=1,Y=26,R=3",-inf,-inf,0,K|C,2
X,250,R,3,X,55,Y,55,S,3,C,35,K,19,K,32,X,55,S,3,C,1,Y,26,K,4,R,3,"L1:[sp=X,250] R=3,X=55,Y=55,S=3,C=35,K=19 || L2:[sp=K,32] X=55,S=3,C=1,Y=26,K=4,R=3",-inf,-inf,0,X|K,2
K,250,C,35,K,19,S,3,Y,55,R,3,X,55,C,43,S,3,C,1,X,55,K,1,Y,16,R,3,"L1:[sp=K,250] C=35,K=19,S=3,Y=55,R=3,X=55 || L2:[sp=C,43] S=3,C=1,X=55,K=1,Y=16,R=3",-inf,-inf,0,K|C,2
K,250,Y,55,R,3,S,3,C,35,K,19,X,55,C,43,Y,26,C,23,X,55,K,1,S,3,R,3,"L1:[sp=K,250] Y=55,R=3,S=3,C=35,K=19,X=55 || L2:[sp=C,43] Y=26,C=23,X=55,K=1,S=3,R=3",-inf,-inf,0,K|C,2
C,250,R,3,X,55,Y,38,S,3,C,35,K,19,X,11,X,55,S,3,C,32,Y,26,K,1,R,3,"L1:[sp=C,250] R=3,X=55,Y=38,S=3,C=35,K=19 || L2:[sp=X,11] X=55,S=3,C=32,Y=26,K=1,R=3",-inf,-inf,0,C|X,2
C,250,X,55,C,35,K,19,Y,55,S,3,R,3,C,43,S,3,K,1,X,55,C,1,Y,26,R,3,"L1:[sp=C,250] X=55,C=35,K=19,Y=55,S=3,R=3 || L2:[sp=C,43] S=3,K=1,X=55,C=1,Y=26,R=3",-inf,-inf,0,C|C,2
K,250,C,35,X,55,K,19,Y,16,R,3,S,3,C,43,S,3,X,55,C,1,K,1,Y,16,R,3,"L1:[sp=K,250] C=35,X=55,K=19,Y=16,R=3,S=3 || L2:[sp=C,43] S=3,X=55,C=1,K=1,Y=16,R=3",-inf,-inf,0,K|C,2
K,250,X,55,C,62,K,19,Y,55,S,3,R,3,C,43,S,3,K,1,X,55,C,1,Y,48,R,3,"L1:[sp=K,250] X=55,C=62,K=19,Y=55,S=3,R=3 || L2:[sp=C,43] S=3,K=1,X=55,C=1,Y=48,R=3",-inf,-inf,0,K|C,2
Y,250,C,35,R,3,K,19,Y,55,S,3,X,56,C,43,S,3,C,1,X,55,K,1,Y,26,R,3,"L1:[sp=Y,250] C=35,R=3,K=19,Y=55,S=3,X=56 || L2:[sp=C,43] S=3,C=1,X=55,K=1,Y=26,R=3",-inf,-inf,0,Y|C,2
K,250,C,35,K,19,S,3,Y,55,R,3,X,56,C,43,S,3,C,8,X,55,K,1,Y,26,R,3,"L1:[sp=K,250] C=35,K=19,S=3,Y=55,R=3,X=56 || L2:[sp=C,43] S=3,C=8,X=55,K=1,Y=26,R=3",-inf,-inf,0,K|C,2
K,250,C,46,R,3,K,52,X,55,S,3,Y,8,C,43,S,3,C,1,X,55,K,1,Y,8,R,3,"L1:[sp=K,250] C=46,R=3,K=52,X=55,S=3,Y=8 || L2:[sp=C,43] S=3,C=1,X=55,K=1,Y=8,R=3",-inf,-inf,0,K|C,2
X,250,S,3,R,3,K,19,Y,55,C,35,X,55,K,19,X,55,Y,26,S,3,C,12,K,1,R,3,"L1:[sp=X,250] S=3,R=3,K=19,Y=55,C=35,X=55 || L2:[sp=K,19] X=55,Y=26,S=3,C=12,K=1,R=3",-inf,-inf,0,X|K,2
C,250,R,3,X,55,Y,3,S,3,C,6,K,19,K,32,X,55,S,3,C,5,Y,3,K,1,R,3,"L1:[sp=C,250] R=3,X=55,Y=3,S=3,C=6,K=19 || L2:[sp=K,32] X=55,S=3,C=5,Y=3,K=1,R=3",-inf,-inf,0,C|K,2
Y,250,C,40,X,55,R,3,K,6,S,3,Y,15,C,4,S,3,R,3,X,55,K,1,Y,15,C,1,"L1:[sp=Y,250] C=40,X=55,R=3,K=6,S=3,Y=15 || L2:[sp=C,4] S=3,R=3,X=55,K=1,Y=15,C=1",-inf,-inf,0,Y|C,2
K,250,X,55,C,35,K,19,Y,55,S,3,R,3,Y,55,K,1,C,2,X,55,S,3,Y,26,R,3,"L1:[sp=K,250] X=55,C=35,K=19,Y=55,S=3,R=3 || L2:[sp=Y,55] K=1,C=2,X=55,S=3,Y=26,R=3",-inf,-inf,0,K|Y,2
K,250,C,35,K,19,S,3,Y,55,R,3,X,55,C,43,S,3,C,22,Y,26,K,1,X,55,R,3,"L1:[sp=K,250] C=35,K=19,S=3,Y=55,R=3,X=55 || L2:[sp=C,43] S=3,C=22,Y=26,K=1,X=55,R=3",-inf,-inf,0,K|C,2
Y,250,C,40,X,55,R,3,K,47,S,3,Y,55,K,5,S,3,R,3,X,55,K,14,Y,26,C,1,"L1:[sp=Y,250] C=40,X=55,R=3,K=47,S=3,Y=55 || L2:[sp=K,5] S=3,R=3,X=55,K=14,Y=26,C=1",-inf,-inf,0,Y|K,2
Y,250,C,40,X,55,R,3,K,6,S,3,Y,55,C,4,S,3,R,3,X,55,K,5,Y,26,C,1,"L1:[sp=Y,250] C=40,X=55,R=3,K=6,S=3,Y=55 || L2:[sp=C,4] S=3,R=3,X=55,K=5,Y=26,C=1",-inf,-inf,0,Y|C,2
K,250,C,35,K,19,S,3,Y,55,R,3,X,55,C,43,S,3,C,22,X,55,K,1,Y,23,R,3,"L1:[sp=K,250] C=35,K=19,S=3,Y=55,R=3,X=55 || L2:[sp=C,43] S=3,C=22,X=55,K=1,Y=23,R=3",-inf,-inf,0,K|C,2
K,250,X,55,C,21,S,3,Y,14,K,19,R,3,Y,55,S,3,C,1,X,55,K,1,Y,5,R,3,"L1:[sp=K,250] X=55,C=21,S=3,Y=14,K=19,R=3 || L2:[sp=Y,55] S=3,C=1,X=55,K=1,Y=5,R=3",-inf,-inf,0,K|Y,2
K,250,C,42,R,3,S,3,Y,36,K,43,X,55,C,43,R,3,C,1,X,55,K,1,Y,26,S,3,"L1:[sp=K,250] C=42,R=3,S=3,Y=36,K=43,X=55 || L2:[sp=C,43] R=3,C=1,X=55,K=1,Y=26,S=3",-inf,-inf,0,K|C,2
K,250,X,55,C,5,K,19,Y,55,S,3,R,3,C,43,S,3,K,1,X,55,C,1,Y,39,R,3,"L1:[sp=K,250] X=55,C=5,K=19,Y=55,S=3,R=3 || L2:[sp=C,43] S=3,K=1,X=55,C=1,Y=39,R=3",-inf,-inf,0,K|C,2
K,250,C,35,R,3,S,3,Y,55,K,21,X,55,C,43,S,3,C,1,X,55,K,14,Y,26,R,3,"L1:[sp=K,250] C=35,R=3,S=3,Y=55,K=21,X=55 || L2:[sp=C,43] S=3,C=1,X=55,K=14,Y=26,R=3",-inf,-inf,0,K|C,2
Y,250,C,35,K,19,Y,55,S,3,R,3,X,55,C,43,K,1,C,1,X,55,S,3,Y,26,R,3,"L1:[sp=Y,250] C=35,K=19,Y=55,S=3,R=3,X=55 || L2:[sp=C,43] K=1,C=1,X=55,S=3,Y=26,R=3",-inf,-inf,0,Y|C,2
Y,250,C,35,R,3,X,55,Y,11,S,3,K,40,C,4,S,3,R,3,X,55,K,22,C,1,Y,11,"L1:[sp=Y,250] C=35,R=3,X=55,Y=11,S=3,K=40 || L2:[sp=C,4] S=3,R=3,X=55,K=22,C=1,Y=11",-inf,-inf,0,Y|C,2
K,250,C,35,R,3,K,19,X,55,S,3,Y,55,C,43,S,3,C,1,X,55,K,19,Y,26,R,3,"L1:[sp=K,250] C=35,R=3,K=19,X=55,S=3,Y=55 || L2:[sp=C,43] S=3,C=1,X=55,K=19,Y=26,R=3",-inf,-inf,0,K|C,2
K,250,C,18,K,19,S,3,R,3,Y,21,X,55,C,43,S,3,C,14,Y,13,K,1,X,55,R,3,"L1:[sp=K,250] C=18,K=19,S=3,R=3,Y=21,X=55 || L2:[sp=C,43] S=3,C=14,Y=13,K=1,X=55,R=3",-inf,-inf,0,K|C,2
K,250,C,35,R,3,K,41,X,55,S,3,Y,55,C,43,S,3,C,12,X,42,K,1,Y,55,R,3,"L1:[sp=K,250] C=35,R=3,K=41,X=55,S=3,Y=55 || L2:[sp=C,43] S=3,C=12,X=42,K=1,Y=55,R=3",-inf,-inf,0,K|C,2
C,250,C,42,R,3,S,3,Y,55,K,43,X,55,C,43,S,3,C,1,X,55,K,39,Y,26,R,3,"L1:[sp=C,250] C=42,R=3,S=3,Y=55,K=43,X=55 || L2:[sp=C,43] S=3,C=1,X=55,K=39,Y=26,R=3",-inf,-inf,0,C|C,2
K,250,C,10,R,3,S,3,Y,55,K,19,X,55,C,43,S,3,C,1,X,55,K,2,Y,26,R,3,"L1:[sp=K,250] C=10,R=3,S=3,Y=55,K=19,X=55 || L2:[sp=C,43] S=3,C=1,X=55,K=2,Y=26,R=3",-inf,-inf,0,K|C,2
K,250,C,42,R,3,S,3,Y,55,K,43,X,55,K,1,S,3,C,1,X,55,K,13,Y,26,R,3,"L1:[sp=K,250] C=42,R=3,S=3,Y=55,K=43,X=55 || L2:[sp=K,1] S=3,C=1,X=55,K=13,Y=26,R=3",-inf,-inf,0,K|K,2
X,250,C,35,R,3,S,3,Y,55,K,2,X,55,C,43,S,3,C,1,X,55,K,1,Y,26,R,3,"L1:[sp=X,250] C=35,R=3,S=3,Y=55,K=2,X=55 || L2:[sp=C,43] S=3,C=1,X=55,K=1,Y=26,R=3",-inf,-inf,0,X|C,2
C,250,R,3,X,55,Y,3,S,3,C,35,K,19,K,32,X,55,S,3,C,14,Y,3,K,1,R,3,"L1:[sp=C,250] R=3,X=55,Y=3,S=3,C=35,K=19 || L2:[sp=K,32] X=55,S=3,C=14,Y=3,K=1,R=3",-inf,-inf,0,C|K,2
C,250,R,3,X,55,C,61,S,3,Y,3,K,19,C,61,X,55,S,3,K,1,Y,3,C,1,R,3,"L1:[sp=C,250] R=3,X=55,C=61,S=3,Y=3,K=19 || L2:[sp=C,61] X=55,S=3,K=1,Y=3,C=1,R=3",-inf,-inf,0,C|C,2
K,250,C,35,X,55,R,3,K,6,S,3,Y,35,C,4,S,3,R,3,X,55,K,1,Y,26,C,1,"L1:[sp=K,250] C=35,X=55,R=3,K=6,S=3,Y=35 || L2:[sp=C,4] S=3,R=3,X=55,K=1,Y=26,C=1",-inf,-inf,0,K|C,2
X,250,R,3,X,55,Y,3,S,3,C,35,K,19,K,32,X,55,S,3,C,1,Y,3,K,8,R,3,"L1:[sp=X,250] R=3,X=55,Y=3,S=3,C=35,K=19 || L2:[sp=K,32] X=55,S=3,C=1,Y=3,K=8,R=3",-inf,-inf,0,X|K,2
K,250,C,42,Y,32,S,3,R,3,K,43,X,55,C,43,S,3,C,1,X,55,K,32,Y,4,R,3,"L1:[sp=K,250] C=42,Y=32,S=3,R=3,K=43,X=55 || L2:[sp=C,43] S=3,C=1,X=55,K=32,Y=4,R=3",-inf,-inf,0,K|C,2
K,250,C,37,K,19,R,3,X,56,S,3,Y,55,C,43,S,3,C,1,X,55,K,12,Y,26,R,3,"L1:[sp=K,250] C=37,K=19,R=3,X=56,S=3,Y=55 || L2:[sp=C,43] S=3,C=1,X=55,K=12,Y=26,R=3",-inf,-inf,0,K|C,2
K,250,R,3,Y,55,S,3,C,35,K,40,X,55,C,43,K,1,C,1,X,55,S,3,Y,35,R,3,"L1:[sp=K,250] R=3,Y=55,S=3,C=35,K=40,X=55 || L2:[sp=C,43] K=1,C=1,X=55,S=3,Y=35,R=3",-inf,-inf,0,K|C,2
K,250,C,62,K,19,S,3,R,3,Y,55,X,55,C,43,S,3,C,22,Y,13,K,1,X,55,R,3,"L1:[sp=K,250] C=62,K=19,S=3,R=3,Y=55,X=55 || L2:[sp=C,43] S=3,C=22,Y=13,K=1,X=55,R=3",-inf,-inf,0,K|C,2
Y,250,C,35,R,3,K,40,Y,4,S,3,X,55,C,4,S,3,R,3,X,55,K,1,C,19,Y,4,"L1:[sp=Y,250] C=35,R=3,K=40,Y=4,S=3,X=55 || L2:[sp=C,4] S=3,R=3,X=55,K=1,C=19,Y=4",-inf,-inf,0,Y|C,2
K,250,C,40,X,55,R,3,K,18,S,3,Y,55,K,5,S,3,R,3,X,55,K,16,Y,26,C,1,"L1:[sp=K,250] C=40,X=55,R=3,K=18,S=3,Y=55 || L2:[sp=K,5] S=3,R=3,X=55,K=16,Y=26,C=1",-inf,-inf,0,K|K,2
K,250,Y,55,R,3,X,55,C,31,S,3,K,19,C,4,S,3,R,3,X,55,K,1,C,13,Y,26,"L1:[sp=K,250] Y=55,R=3,X=55,C=31,S=3,K=19 || L2:[sp=C,4] S=3,R=3,X=55,K=1,C=13,Y=26",-inf,-inf,0,K|C,2
K,250,C,37,K,19,R,3,X,56,S,3,Y,55,C,43,K,5,C,1,X,55,S,3,Y,26,R,3,"L1:[sp=K,250] C=37,K=19,R=3,X=56,S=3,Y=55 || L2:[sp=C,43] K=5,C=1,X=55,S=3,Y=26,R=3",-inf,-inf,0,K|C,2
C,250,Y,55,K,19,R,3,X,56,S,3,C,4,C,43,S,3,C,1,X,55,K,1,Y,26,R,3,"L1:[sp=C,250] Y=55,K=19,R=3,X=56,S=3,C=4 || L2:[sp=C,43] S=3,C=1,X=55,K=1,Y=26,R=3",-inf,-inf,0,C|C,2
K,250,C,14,R,3,K,41,X,55,S,3,Y,55,C,43,S,3,C,1,X,55,K,26,Y,26,R,3,"L1:[sp=K,250] C=14,R=3,K=41,X=55,S=3,Y=55 || L2:[sp=C,43] S=3,C=1,X=55,K=26,Y=26,R=3",-inf,-inf,0,K|C,2
Y,250,C,35,R,3,X,55,Y,55,S,3,K,18,C,4,K,1,R,3,X,55,S,3,C,1,Y,37,"L1:[sp=Y,250] C=35,R=3,X=55,Y=55,S=3,K=18 || L2:[sp=C,4] K=1,R=3,X=55,S=3,C=1,Y=37",-inf,-inf,0,Y|C,2
K,250,C,35,X,55,R,3,Y,55,K,42,S,3,C,43,S,3,C,26,X,55,K,1,Y,26,R,3,"L1:[sp=K,250] C=35,X=55,R=3,Y=55,K=42,S=3 || L2:[sp=C,43] S=3,C=26,X=55,K=1,Y=26,R=3",-inf,-inf,0,K|C,2
K,250,X,55,C,10,K,19,Y,55,S,3,R,3,X,1,S,3,Y,26,X,55,C,1,K,4,R,3,"L1:[sp=K,250] X=55,C=10,K=19,Y=55,S=3,R=3 || L2:[sp=X,1] S=3,Y=26,X=55,C=1,K=4,R=3",-inf,-inf,0,K|X,2
C,250,C,35,R,3,K,41,X,55,S,3,Y,55,C,43,S,3,C,11,X,55,K,1,Y,26,R,3,"L1:[sp=C,250] C=35,R=3,K=41,X=55,S=3,Y=55 || L2:[sp=C,43] S=3,C=11,X=55,K=1,Y=26,R=3",-inf,-inf,0,C|C,2
K,250,S,3,C,10,K,19,Y,14,X,55,R,3,C,43,S,3,K,1,X,55,C,1,Y,14,R,3,"L1:[sp=K,250] S=3,C=10,K=19,Y=14,X=55,R=3 || L2:[sp=C,43] S=3,K=1,X=55,C=1,Y=14,R=3",-inf,-inf,0,K|C,2
Y,250,C,35,R,3,X,55,Y,55,S,3,K,40,C,4,K,1,R,3,X,55,S,3,C,4,Y,14,"L1:[sp=Y,250] C=35,R=3,X=55,Y=55,S=3,K=40 || L2:[sp=C,4] K=1,R=3,X=55,S=3,C=4,Y=14",-inf,-inf,0,Y|C,2
K,250,X,55,C,10,K,19,Y,55,S,3,R,3,C,43,Y,26,S,3,X,55,C,1,K,8,R,3,"L1:[sp=K,250] X=55,C=10,K=19,Y=55,S=3,R=3 || L2:[sp=C,43] Y=26,S=3,X=55,C=1,K=8,R=3",-inf,-inf,0,K|C,2
K,250,C,35,R,3,S,3,Y,45,K,42,X,55,C,43,S,3,C,33,X,55,K,1,Y,26,R,3,"L1:[sp=K,250] C=35,R=3,S=3,Y=45,K=42,X=55 || L2:[sp=C,43] S=3,C=33,X=55,K=1,Y=26,R=3",-inf,-inf,0,K|C,2
K,250,C,35,K,19,S,3,Y,48,R,3,X,55,C,43,Y,26,C,13,K,1,X,55,S,3,R,3,"L1:[sp=K,250] C=35,K=19,S=3,Y=48,R=3,X=55 || L2:[sp=C,43] Y=26,C=13,K=1,X=55,S=3,R=3",-inf,-inf,0,K|C,2
K,250,C,35,K,17,S,3,Y,55,R,3,X,55,C,43,S,3,C,1,X,55,K,1,Y,26,R,3,"L1:[sp=K,250] C=35,K=17,S=3,Y=55,R=3,X=55 || L2:[sp=C,43] S=3,C=1,X=55,K=1,Y=26,R=3",-inf,-inf,0,K|C,2
Y,250,C,64,K,19,S,3,Y,55,R,3,X,55,C,43,S,3,C,1,X,55,K,1,Y,26,R,3,"L1:[sp=Y,250] C=64,K=19,S=3,Y=55,R=3,X=55 || L2:[sp=C,43] S=3,C=1,X=55,K=1,Y=26,R=3",-inf,-inf,0,Y|C,2
K,250,C,9,R,3,X,55,Y,55,S,3,K,19,C,4,S,3,R,3,X,55,K,16,C,1,Y,26,"L1:[sp=K,250] C=9,R=3,X=55,Y=55,S=3,K=19 || L2:[sp=C,4] S=3,R=3,X=55,K=16,C=1,Y=26",-inf,-inf,0,K|C,2
C,250,C,45,R,3,X,55,Y,55,S,3,K,12,C,4,S,3,R,3,X,55,Y,26,K,3,C,1,"L1:[sp=C,250] C=45,R=3,X=55,Y=55,S=3,K=12 || L2:[sp=C,4] S=3,R=3,X=55,Y=26,K=3,C=1",-inf,-inf,0,C|C,2
K,250,C,35,R,3,S,3,Y,49,K,64,X,55,C,43,S,3,C,1,X,55,K,1,Y,26,R,3,"L1:[sp=K,250] C=35,R=3,S=3,Y=49,K=64,X=55 || L2:[sp=C,43] S=3,C=1,X=55,K=1,Y=26,R=3",-inf,-inf,0,K|C,2
Y,250,C,16,R,3,X,55,Y,55,S,3,K,42,C,4,S,3,R,3,X,55,K,1,C,10,Y,26,"L1:[sp=Y,250] C=16,R=3,X=55,Y=55,S=3,K=42 || L2:[sp=C,4] S=3,R=3,X=55,K=1,C=10,Y=26",-inf,-inf,0,Y|C,2
K,250,C,37,K,19,R,3,X,55,S,3,Y,55,C,37,S,3,C,1,X,55,K,16,Y,26,R,3,"L1:[sp=K,250] C=37,K=19,R=3,X=55,S=3,Y=55 || L2:[sp=C,37] S=3,C=1,X=55,K=16,Y=26,R=3",-inf,-inf,0,K|C,2
K,250,K,15,C,10,X,56,Y,55,S,3,R,3,C,43,S,3,K,8,X,55,C,1,Y,26,R,3,"L1:[sp=K,250] K=15,C=10,X=56,Y=55,S=3,R=3 || L2:[sp=C,43] S=3,K=8,X=55,C=1,Y=26,R=3",-inf,-inf,0,K|C,2
Y,250,C,28,Y,55,S,3,R,3,K,40,X,55,C,43,K,1,C,1,X,55,S,3,Y,3,R,3,"L1:[sp=Y,250] C=28,Y=55,S=3,R=3,K=40,X=55 || L2:[sp=C,43] K=1,C=1,X=55,S=3,Y=3,R=3",-inf,-inf,0,Y|C,2
K,250,K,19,C,35,S,3,Y,55,R,3,X,55,C,43,S,3,C,34,K,1,X,55,Y,26,R,3,"L1:[sp=K,250] K=19,C=35,S=3,Y=55,R=3,X=55 || L2:[sp=C,43] S=3,C=34,K=1,X=55,Y=26,R=3",-inf,-inf,0,K|C,2
K,250,S,3,C,10,K,19,Y,55,X,55,R,3,C,43,S,3,K,1,X,55,C,6,Y,26,R,3,"L1:[sp=K,250] S=3,C=10,K=19,Y=55,X=55,R=3 || L2:[sp=C,43] S=3,K=1,X=55,C=6,Y=26,R=3",-inf,-inf,0,K|C,2
Y,250,C,35,K,3,S,3,Y,55,R,3,X,55,C,7,X,55,C,1,S,3,K,1,Y,26,R,3,"L1:[sp=Y,250] C=35,K=3,S=3,Y=55,R=3,X=55 || L2:[sp=C,7] X=55,C=1,S=3,K=1,Y=26,R=3",-inf,-inf,0,Y|C,2
K,250,X,55,K,19,S,3,R,3,Y,32,C,62,C,43,S,3,C,1,Y,13,K,1,X,55,R,3,"L1:[sp=K,250] X=55,K=19,S=3,R=3,Y=32,C=62 || L2:[sp=C,43] S=3,C=1,Y=13,K=1,X=55,R=3",-inf,-inf,0,K|C,2
X,250,C,16,R,3,X,55,Y,55,S,3,K,19,K,19,S,3,R,3,X,55,K,1,C,7,Y,26,"L1:[sp=X,250] C=16,R=3,X=55,Y=55,S=3,K=19 || L2:[sp=K,19] S=3,R=3,X=55,K=1,C=7,Y=26",-inf,-inf,0,X|K,2
Y,250,C,35,R,3,X,55,Y,55,S,3,K,19,C,4,S,3,R,3,Y,44,K,1,C,1,X,55,"L1:[sp=Y,250] C=35,R=3,X=55,Y=55,S=3,K=19 || L2:[sp=C,4] S=3,R=3,Y=44,K=1,C=1,X=55",-inf,-inf,0,Y|C,2
K,250,K,19,C,10,X,55,Y,55,R,3,S,3,Y,11,S,3,K,1,X,55,C,1,Y,26,R,3,"L1:[sp=K,250] K=19,C=10,X=55,Y=55,R=3,S=3 || L2:[sp=Y,11] S=3,K=1,X=55,C=1,Y=26,R=3",-inf,-inf,0,K|Y,2
Y,250,C,35,R,3,K,40,Y,4,S,3,X,55,C,4,S,3,R,3,X,55,K,13,C,1,Y,4,"L1:[sp=Y,250] C=35,R=3,K=40,Y=4,S=3,X=55 || L2:[sp=C,4] S=3,R=3,X=55,K=13,C=1,Y=4",-inf,-inf,0,Y|C,2
Y,250,C,3,K,42,X,55,Y,53,S,3,R,3,C,4,S,3,R,3,X,55,K,1,C,1,Y,33,"L1:[sp=Y,250] C=3,K=42,X=55,Y=53,S=3,R=3 || L2:[sp=C,4] S=3,R=3,X=55,K=1,C=1,Y=33",-inf,-inf,0,Y|C,2
Y,250,C,16,R,3,X,55,Y,36,S,3,K,19,C,4,S,3,R,3,Y,26,K,12,C,1,X,55,"L1:[sp=Y,250] C=16,R=3,X=55,Y=36,S=3,K=19 || L2:[sp=C,4] S=3,R=3,Y=26,K=12,C=1,X=55",-inf,-inf,0,Y|C,2
C,250,C,37,K,19,R,3,X,56,S,3,Y,55,C,43,S,3,R,3,X,55,K,1,Y,26,C,22,"L1:[sp=C,250] C=37,K=19,R=3,X=56,S=3,Y=55 || L2:[sp=C,43] S=3,R=3,X=55,K=1,Y=26,C=22",-inf,-inf,0,C|C,2
Y,250,C,16,R,3,X,55,Y,19,S,3,K,32,C,4,S,3,R,3,X,55,K,1,C,1,Y,19,"L1:[sp=Y,250] C=16,R=3,X=55,Y=19,S=3,K=32 || L2:[sp=C,4] S=3,R=3,X=55,K=1,C=1,Y=19",-inf,-inf,0,Y|C,2
Y,250,C,16,R,3,X,55,Y,8,S,3,K,32,C,4,S,3,R,3,X,55,K,1,C,15,Y,8,"L1:[sp=Y,250] C=16,R=3,X=55,Y=8,S=3,K=32 || L2:[sp=C,4] S=3,R=3,X=55,K=1,C=15,Y=8",-inf,-inf,0,Y|C,2
Y,250,C,16,R,3,X,55,Y,4,S,3,K,35,C,4,S,3,R,3,X,55,K,1,C,4,Y,4,"L1:[sp=Y,250] C=16,R=3,X=55,Y=4,S=3,K=35 || L2:[sp=C,4] S=3,R=3,X=55,K=1,C=4,Y=4",-inf,-inf,0,Y|C,2
C,250,C,54,R,3,X,55,Y,55,S,3,K,10,C,4,S,3,R,3,X,55,Y,26,K,7,C,1,"L1:[sp=C,250] C=54,R=3,X=55,Y=55,S=3,K=10 || L2:[sp=C,4] S=3,R=3,X=55,Y=26,K=7,C=1",-inf,-inf,0,C|C,2
C,250,C,13,Y,29,X,55,R,3,S,3,K,40,C,4,C,1,R,3,X,55,Y,26,K,1,S,3,"L1:[sp=C,250] C=13,Y=29,X=55,R=3,S=3,K=40 || L2:[sp=C,4] C=1,R=3,X=55,Y=26,K=1,S=3",-inf,-inf,0,C|C,2
K,250,K,62,R,3,S,3,Y,55,C,35,X,55,X,11,S,3,C,31,X,55,Y,26,K,1,R,3,"L1:[sp=K,250] K=62,R=3,S=3,Y=55,C=35,X=55 || L2:[sp=X,11] S=3,C=31,X=55,Y=26,K=1,R=3",-inf,-inf,0,K|X,2
K,250,S,3,C,10,K,59,Y,55,X,55,R,3,C,43,S,3,K,29,X,55,C,1,Y,26,R,3,"L1:[sp=K,250] S=3,C=10,K=59,Y=55,X=55,R=3 || L2:[sp=C,43] S=3,K=29,X=55,C=1,Y=26,R=3",-inf,-inf,0,K|C,2
K,250,C,35,R,3,S,3,Y,13,K,40,X,55,C,43,S,3,Y,13,X,55,K,1,C,1,R,3,"L1:[sp=K,250] C=35,R=3,S=3,Y=13,K=40,X=55 || L2:[sp=C,43] S=3,Y=13,X=55,K=1,C=1,R=3",-inf,-inf,0,K|C,2
C,250,C,11,R,3,X,55,Y,55,S,3,K,10,C,4,S,3,X,55,R,3,Y,26,K,1,C,1,"L1:[sp=C,250] C=11,R=3,X=55,Y=55,S=3,K=10 || L2:[sp=C,4] S=3,X=55,R=3,Y=26,K=1,C=1",-inf,-inf,0,C|C,2
Y,250,C,35,R,3,X,55,Y,30,S,3,K,19,C,4,S,3,X,55,Y,26,K,13,C,1,R,3,"L1:[sp=Y,250] C=35,R=3,X=55,Y=30,S=3,K=19 || L2:[sp=C,4] S=3,X=55,Y=26,K=13,C=1,R=3",-inf,-inf,0,Y|C,2
Y,250,C,16,R,3,X,55,Y,55,S,3,K,40,C,4,K,1,R,3,X,55,S,3,C,9,Y,26,"L1:[sp=Y,250] C=16,R=3,X=55,Y=55,S=3,K=40 || L2:[sp=C,4] K=1,R=3,X=55,S=3,C=9,Y=26",-inf,-inf,0,Y|C,2
X,250,C,16,X,55,R,3,Y,55,S,3,K,19,C,4,R,3,S,3,X,55,K,1,C,9,Y,26,"L1:[sp=X,250] C=16,X=55,R=3,Y=55,S=3,K=19 || L2:[sp=C,4] R=3,S=3,X=55,K=1,C=9,Y=26",-inf,-inf,0,X|C,2
K,250,C,16,K,19,S,3,Y,55,R,3,X,55,Y,5,R,3,C,1,X,55,K,12,Y,26,S,3,"L1:[sp=K,250] C=16,K=19,S=3,Y=55,R=3,X=55 || L2:[sp=Y,5] R=3,C=1,X=55,K=12,Y=26,S=3",-inf,-inf,0,K|Y,2
Y,250,C,52,R,3,X,55,Y,55,S,3,K,59,C,4,S,3,R,3,Y,26,K,1,C,1,X,55,"L1:[sp=Y,250] C=52,R=3,X=55,Y=55,S=3,K=59 || L2:[sp=C,4] S=3,R=3,Y=26,K=1,C=1,X=55",-inf,-inf,0,Y|C,2
C,250,C,54,R,3,X,55,Y,55,S,3,K,10,C,4,S,3,R,3,X,55,Y,30,K,1,C,1,"L1:[sp=C,250] C=54,R=3,X=55,Y=55,S=3,K=10 || L2:[sp=C,4] S=3,R=3,X=55,Y=30,K=1,C=1",-inf,-inf,0,C|C,2
K,250,C,36,K,19,S,3,R,3,Y,55,X,55,C,43,K,1,C,26,Y,46,S,3,X,55,R,3,"L1:[sp=K,250] C=36,K=19,S=3,R=3,Y=55,X=55 || L2:[sp=C,43] K=1,C=26,Y=46,S=3,X=55,R=3",-inf,-inf,0,K|C,2
Y,250,Y,55,R,3,S,3,C,35,K,40,X,55,C,4,K,35,R,3,X,55,S,3,C,1,Y,26,"L1:[sp=Y,250] Y=55,R=3,S=3,C=35,K=40,X=55 || L2:[sp=C,4] K=35,R=3,X=55,S=3,C=1,Y=26",-inf,-inf,0,Y|C,2
X,250,C,16,R,3,X,55,Y,55,S,3,K,30,C,4,S,3,R,3,X,55,K,1,C,1,Y,26,"L1:[sp=X,250] C=16,R=3,X=55,Y=55,S=3,K=30 || L2:[sp=C,4] S=3,R=3,X=55,K=1,C=1,Y=26",-inf,-inf,0,X|C,2
X,250,X,55,S,3,C,16,Y,48,R,3,K,19,X,11,S,3,R,3,X,55,K,1,C,1,Y,26,"L1:[sp=X,250] X=55,S=3,C=16,Y=48,R=3,K=19 || L2:[sp=X,11] S=3,R=3,X=55,K=1,C=1,Y=26",-inf,-inf,0,X|X,2
X,250,C,16,X,55,R,3,Y,55,S,3,K,19,C,4,S,3,R,3,X,55,K,12,C,1,Y,26,"L1:[sp=X,250] C=16,X=55,R=3,Y=55,S=3,K=19 || L2:[sp=C,4] S=3,R=3,X=55,K=12,C=1,Y=26",-inf,-inf,0,X|C,2
C,250,C,8,R,3,X,55,Y,55,S,3,K,19,C,4,S,3,R,3,X,55,Y,41,K,1,C,1,"L1:[sp=C,250] C=8,R=3,X=55,Y=55,S=3,K=19 || L2:[sp=C,4] S=3,R=3,X=55,Y=41,K=1,C=1",-inf,-inf,0,C|C,2
K,250,C,54,R,3,X,55,Y,55,S,3,K,40,C,4,S,3,R,3,X,55,Y,15,K,1,C,12,"L1:[sp=K,250] C=54,R=3,X=55,Y=55,S=3,K=40 || L2:[sp=C,4] S=3,R=3,X=55,Y=15,K=1,C=12",-inf,-inf,0,K|C,2
Y,250,Y,55,X,55,S,3,C,35,K,40,R,3,C,4,X,55,Y,47,K,1,S,3,C,18,R,3,"L1:[sp=Y,250] Y=55,X=55,S=3,C=35,K=40,R=3 || L2:[sp=C,4] X=55,Y=47,K=1,S=3,C=18,R=3",-inf,-inf,0,Y|C,2
Y,250,C,35,R,3,K,40,Y,4,S,3,X,55,K,2,S,3,R,3,X,55,K,22,C,33,Y,4,"L1:[sp=Y,250] C=35,R=3,K=40,Y=4,S=3,X=55 || L2:[sp=K,2] S=3,R=3,X=55,K=22,C=33,Y=4",-inf,-inf,0,Y|K,2
Y,250,Y,55,R,3,S,3,C,35,K,40,X,55,C,4,K,33,R,3,X,55,S,3,C,1,Y,26,"L1:[sp=Y,250] Y=55,R=3,S=3,C=35,K=40,X=55 || L2:[sp=C,4] K=33,R=3,X=55,S=3,C=1,Y=26",-inf,-inf,0,Y|C,2
X,250,C,16,R,3,X,55,Y,55,S,3,K,19,C,4,S,3,R,3,X,55,C,1,Y,46,K,1,"L1:[sp=X,250] C=16,R=3,X=55,Y=55,S=3,K=19 || L2:[sp=C,4] S=3,R=3,X=55,C=1,Y=46,K=1",-inf,-inf,0,X|C,2
Y,250,C,35,R,3,K,21,Y,4,S,3,X,55,K,2,S,3,R,3,X,55,K,20,C,1,Y,4,"L1:[sp=Y,250] C=35,R=3,K=21,Y=4,S=3,X=55 || L2:[sp=K,2] S=3,R=3,X=55,K=20,C=1,Y=4",-inf,-inf,0,Y|K,2
Y,250,C,27,X,55,S,3,K,49,R,3,Y,55,K,5,R,3,X,55,C,3,K,1,Y,26,S,3,"L1:[sp=Y,250] C=27,X=55,S=3,K=49,R=3,Y=55 || L2:[sp=K,5] R=3,X=55,C=3,K=1,Y=26,S=3",-inf,-inf,0,Y|K,2
Y,250,C,17,R,3,K,40,Y,55,S,3,X,55,K,2,C,1,R,3,S,3,K,13,X,55,Y,44,"L1:[sp=Y,250] C=17,R=3,K=40,Y=55,S=3,X=55 || L2:[sp=K,2] C=1,R=3,S=3,K=13,X=55,Y=44",-inf,-inf,0,Y|K,2
Y,250,C,54,K,40,X,55,Y,19,S,3,R,3,C,4,S,3,R,3,C,1,Y,19,K,1,X,55,"L1:[sp=Y,250] C=54,K=40,X=55,Y=19,S=3,R=3 || L2:[sp=C,4] S=3,R=3,C=1,Y=19,K=1,X=55",-inf,-inf,0,Y|C,2
X,250,X,55,R,3,C,9,Y,55,S,3,K,19,C,4,Y,26,R,3,X,55,K,1,C,1,S,3,"L1:[sp=X,250] X=55,R=3,C=9,Y=55,S=3,K=19 || L2:[sp=C,4] Y=26,R=3,X=55,K=1,C=1,S=3",-inf,-inf,0,X|C,2
Y,250,S,3,X,55,C,52,K,49,R,3,Y,26,K,5,C,1,K,1,X,55,R,3,S,3,Y,26,"L1:[sp=Y,250] S=3,X=55,C=52,K=49,R=3,Y=26 || L2:[sp=K,5] C=1,K=1,X=55,R=3,S=3,Y=26",-inf,-inf,0,Y|K,2
Y,250,C,17,R,3,K,53,Y,55,S,3,X,55,K,2,X,55,R,3,S,3,K,1,C,1,Y,44,"L1:[sp=Y,250] C=17,R=3,K=53,Y=55,S=3,X=55 || L2:[sp=K,2] X=55,R=3,S=3,K=1,C=1,Y=44",-inf,-inf,0,Y|K,2
Y,250,Y,3,R,3,X,55,C,40,K,40,S,3,C,4,X,55,R,3,K,1,S,3,C,31,Y,3,"L1:[sp=Y,250] Y=3,R=3,X=55,C=40,K=40,S=3 || L2:[sp=C,4] X=55,R=3,K=1,S=3,C=31,Y=3",-inf,-inf,0,Y|C,2
K,250,R,3,K,19,S,3,X,55,Y,6,C,36,C,43,K,1,X,55,Y,6,C,1,S,3,R,3,"L1:[sp=K,250] R=3,K=19,S=3,X=55,Y=6,C=36 || L2:[sp=C,43] K=1,X=55,Y=6,C=1,S=3,R=3",-inf,-inf,0,K|C,2
Y,250,C,40,R,3,X,55,Y,55,S,3,K,19,Y,55,S,3,R,3,K,1,Y,26,C,1,X,55,"L1:[sp=Y,250] C=40,R=3,X=55,Y=55,S=3,K=19 || L2:[sp=Y,55] S=3,R=3,K=1,Y=26,C=1,X=55",-inf,-inf,0,Y|Y,2
K,250,C,28,K,19,S,3,Y,55,R,3,X,55,C,43,Y,26,C,1,X,55,K,11,S,3,R,3,"L1:[sp=K,250] C=28,K=19,S=3,Y=55,R=3,X=55 || L2:[sp=C,43] Y=26,C=1,X=55,K=11,S=3,R=3",-inf,-inf,0,K|C,2
K,250,C,36,K,51,S,3,R,3,Y,55,X,55,C,43,K,1,X,55,Y,34,S,3,C,1,R,3,"L1:[sp=K,250] C=36,K=51,S=3,R=3,Y=55,X=55 || L2:[sp=C,43] K=1,X=55,Y=34,S=3,C=1,R=3",-inf,-inf,0,K|C,2
Y,250,C,52,R,3,X,55,Y,29,S,3,K,19,C,4,S,3,Y,23,K,1,R,3,C,1,X,55,"L1:[sp=Y,250] C=52,R=3,X=55,Y=29,S=3,K=19 || L2:[sp=C,4] S=3,Y=23,K=1,R=3,C=1,X=55",-inf,-inf,0,Y|C,2
Y,250,C,35,R,3,S,3,X,55,K,19,Y,55,C,43,S,3,C,1,Y,26,K,11,X,55,R,3,"L1:[sp=Y,250] C=35,R=3,S=3,X=55,K=19,Y=55 || L2:[sp=C,43] S=3,C=1,Y=26,K=11,X=55,R=3",-inf,-inf,0,Y|C,2
C,250,C,45,Y,55,X,55,R,3,S,3,K,19,C,4,C,1,R,3,X,55,Y,26,K,16,S,3,"L1:[sp=C,250] C=45,Y=55,X=55,R=3,S=3,K=19 || L2:[sp=C,4] C=1,R=3,X=55,Y=26,K=16,S=3",-inf,-inf,0,C|C,2
K,250,C,61,K,19,S,3,Y,55,R,3,X,55,C,43,S,3,C,1,X,55,K,5,Y,26,R,3,"L1:[sp=K,250] C=61,K=19,S=3,Y=55,R=3,X=55 || L2:[sp=C,43] S=3,C=1,X=55,K=5,Y=26,R=3",-inf,-inf,0,K|C,2
Y,250,C,36,R,3,K,40,Y,55,S,3,X,55,K,2,X,55,R,3,S,3,K,1,C,7,Y,44,"L1:[sp=Y,250] C=36,R=3,K=40,Y=55,S=3,X=55 || L2:[sp=K,2] X=55,R=3,S=3,K=1,C=7,Y=44",-inf,-inf,0,Y|K,2
K,250,C,25,R,3,X,55,Y,21,S,3,K,17,C,4,S,3,R,3,X,55,Y,21,K,1,C,1,"L1:[sp=K,250] C=25,R=3,X=55,Y=21,S=3,K=17 || L2:[sp=C,4] S=3,R=3,X=55,Y=21,K=1,C=1",-inf,-inf,0,K|C,2
K,250,C,35,K,19,S,3,Y,15,R,3,X,55,C,43,S,3,C,1,X,55,K,1,Y,15,R,3,"L1:[sp=K,250] C=35,K=19,S=3,Y=15,R=3,X=55 || L2:[sp=C,43] S=3,C=1,X=55,K=1,Y=15,R=3",-inf,-inf,0,K|C,2
Y,250,C,54,K,40,X,55,Y,55,S,3,R,3,C,4,S,3,R,3,X,55,Y,26,K,1,C,26,"L1:[sp=Y,250] C=54,K=40,X=55,Y=55,S=3,R=3 || L2:[sp=C,4] S=3,R=3,X=55,Y=26,K=1,C=26",-inf,-inf,0,Y|C,2
K,250,C,35,K,19,S,3,Y,18,R,3,X,55,C,43,S,3,C,1,X,55,K,1,Y,18,R,3,"L1:[sp=K,250] C=35,K=19,S=3,Y=18,R=3,X=55 || L2:[sp=C,43] S=3,C=1,X=55,K=1,Y=18,R=3",-inf,-inf,0,K|C,2
K,250,C,36,X,55,S,3,R,3,Y,55,K,51,K,51,X,55,K,33,Y,26,S,3,C,1,R,3,"L1:[sp=K,250] C=36,X=55,S=3,R=3,Y=55,K=51 || L2:[sp=K,51] X=55,K=33,Y=26,S=3,C=1,R=3",-inf,-inf,0,K|K,2
K,250,C,64,K,19,S,3,Y,51,R,3,X,55,C,43,S,3,C,1,X,55,K,1,Y,26,R,3,"L1:[sp=K,250] C=64,K=19,S=3,Y=51,R=3,X=55 || L2:[sp=C,43] S=3,C=1,X=55,K=1,Y=26,R=3",-inf,-inf,0,K|C,2
Y,250,C,27,Y,55,K,19,S,3,X,55,R,3,K,5,C,1,K,1,X,55,R,3,S,3,Y,39,"L1:[sp=Y,250] C=27,Y=55,K=19,S=3,X=55,R=3 || L2:[sp=K,5] C=1,K=1,X=55,R=3,S=3,Y=39",-inf,-inf,0,Y|K,2
X,250,C,52,R,3,X,55,Y,55,S,3,K,19,C,4,R,3,K,1,S,3,Y,32,C,1,X,55,"L1:[sp=X,250] C=52,R=3,X=55,Y=55,S=3,K=19 || L2:[sp=C,4] R=3,K=1,S=3,Y=32,C=1,X=55",-inf,-inf,0,X|C,2
K,250,C,36,X,55,S,3,R,3,Y,40,K,51,K,51,K,1,X,55,Y,13,S,3,C,1,R,3,"L1:[sp=K,250] C=36,X=55,S=3,R=3,Y=40,K=51 || L2:[sp=K,51] K=1,X=55,Y=13,S=3,C=1,R=3",-inf,-inf,0,K|K,2
K,250,C,52,X,55,S,3,R,3,Y,55,K,51,K,51,X,55,K,1,Y,13,S,3,C,1,R,3,"L1:[sp=K,250] C=52,X=55,S=3,R=3,Y=55,K=51 || L2:[sp=K,51] X=55,K=1,Y=13,S=3,C=1,R=3",-inf,-inf,0,K|K,2
Y,250,C,36,R,3,X,55,Y,55,S,3,K,19,C,4,S,3,K,1,R,3,Y,26,C,13,X,55,"L1:[sp=Y,250] C=36,R=3,X=55,Y=55,S=3,K=19 || L2:[sp=C,4] S=3,K=1,R=3,Y=26,C=13,X=55",-inf,-inf,0,Y|C,2
Y,250,C,27,Y,35,S,3,K,49,R,3,X,55,K,5,C,1,X,55,K,1,R,3,S,3,Y,26,"L1:[sp=Y,250] C=27,Y=35,S=3,K=49,R=3,X=55 || L2:[sp=K,5] C=1,X=55,K=1,R=3,S=3,Y=26",-inf,-inf,0,Y|K,2
K,250,C,35,R,3,S,3,Y,55,K,53,X,55,C,43,S,3,C,19,X,55,K,1,Y,26,R,3,"L1:[sp=K,250] C=35,R=3,S=3,Y=55,K=53,X=55 || L2:[sp=C,43] S=3,C=19,X=55,K=1,Y=26,R=3",-inf,-inf,0,K|C,2
K,250,C,35,K,19,S,3,Y,55,R,3,X,55,C,43,S,3,C,1,X,55,K,10,Y,26,R,3,"L1:[sp=K,250] C=35,K=19,S=3,Y=55,R=3,X=55 || L2:[sp=C,43] S=3,C=1,X=55,K=10,Y=26,R=3",-inf,-inf,0,K|C,2
C,250,X,55,K,19,S,3,R,3,Y,55,C,1,Y,11,K,1,X,55,Y,26,C,1,S,3,R,3,"L1:[sp=C,250] X=55,K=19,S=3,R=3,Y=55,C=1 || L2:[sp=Y,11] K=1,X=55,Y=26,C=1,S=3,R=3",-inf,-inf,0,C|Y,2
Y,250,C,35,R,3,X,55,Y,55,S,3,K,40,C,4,S,3,R,3,X,55,Y,27,K,1,C,1,"L1:[sp=Y,250] C=35,R=3,X=55,Y=55,S=3,K=40 || L2:[sp=C,4] S=3,R=3,X=55,Y=27,K=1,C=1",-inf,-inf,0,Y|C,2
Y,250,C,35,R,3,K,40,Y,4,S,3,X,55,C,5,S,3,C,6,K,1,X,55,R,3,Y,4,"L1:[sp=Y,250] C=35,R=3,K=40,Y=4,S=3,X=55 || L2:[sp=C,5] S=3,C=6,K=1,X=55,R=3,Y=4",-inf,-inf,0,Y|C,2
K,250,K,19,R,3,S,3,Y,55,X,55,C,35,C,43,X,55,C,1,S,3,K,1,Y,14,R,3,"L1:[sp=K,250] K=19,R=3,S=3,Y=55,X=55,C=35 || L2:[sp=C,43] X=55,C=1,S=3,K=1,Y=14,R=3",-inf,-inf,0,K|C,2
Y,250,C,27,Y,55,S,3,K,49,R,3,X,55,K,5,C,1,X,55,K,12,R,3,S,3,Y,26,"L1:[sp=Y,250] C=27,Y=55,S=3,K=49,R=3,X=55 || L2:[sp=K,5] C=1,X=55,K=12,R=3,S=3,Y=26",-inf,-inf,0,Y|K,2
K,250,X,55,K,19,S,3,R,3,Y,55,C,36,C,43,K,8,Y,13,X,55,C,21,S,3,R,3,"L1:[sp=K,250] X=55,K=19,S=3,R=3,Y=55,C=36 || L2:[sp=C,43] K=8,Y=13,X=55,C=21,S=3,R=3",-inf,-inf,0,K|C,2
X,250,C,52,R,3,X,55,Y,55,S,3,K,26,C,4,S,3,C,1,K,1,Y,29,R,3,X,55,"L1:[sp=X,250] C=52,R=3,X=55,Y=55,S=3,K=26 || L2:[sp=C,4] S=3,C=1,K=1,Y=29,R=3,X=55",-inf,-inf,0,X|C,2
X,250,C,52,R,3,X,55,Y,31,S,3,K,26,C,4,S,3,C,1,K,1,Y,26,R,3,X,55,"L1:[sp=X,250] C=52,R=3,X=55,Y=31,S=3,K=26 || L2:[sp=C,4] S=3,C=1,K=1,Y=26,R=3,X=55",-inf,-inf,0,X|C,2
K,250,X,55,R,3,S,3,Y,55,K,19,C,35,C,43,S,3,C,4,X,55,K,1,Y,26,R,3,"L1:[sp=K,250] X=55,R=3,S=3,Y=55,K=19,C=35 || L2:[sp=C,43] S=3,C=4,X=55,K=1,Y=26,R=3",-inf,-inf,0,K|C,2
K,250,C,35,K,19,S,3,Y,55,R,3,X,55,C,43,S,3,C,1,X,55,K,1,Y,23,R,3,"L1:[sp=K,250] C=35,K=19,S=3,Y=55,R=3,X=55 || L2:[sp=C,43] S=3,C=1,X=55,K=1,Y=23,R=3",-inf,-inf,0,K|C,2
K,250,X,55,K,19,S,3,R,3,Y,55,C,54,C,43,X,55,K,2,Y,13,C,1,S,3,R,3,"L1:[sp=K,250] X=55,K=19,S=3,R=3,Y=55,C=54 || L2:[sp=C,43] X=55,K=2,Y=13,C=1,S=3,R=3",-inf,-inf,0,K|C,2
K,250,C,35,K,19,S,3,Y,55,R,3,X,55,C,43,S,3,C,5,X,55,K,1,Y,26,R,3,"L1:[sp=K,250] C=35,K=19,S=3,Y=55,R=3,X=55 || L2:[sp=C,43] S=3,C=5,X=55,K=1,Y=26,R=3",-inf,-inf,0,K|C,2
K,250,X,55,R,3,C,48,Y,55,S,3,K,19,C,4,Y,26,R,3,X,55,K,1,C,3,S,3,"L1:[sp=K,250] X=55,R=3,C=48,Y=55,S=3,K=19 || L2:[sp=C,4] Y=26,R=3,X=55,K=1,C=3,S=3",-inf,-inf,0,K|C,2
Y,250,Y,55,R,3,C,35,S,3,K,9,X,55,C,4,K,1,R,3,X,55,S,3,C,1,Y,26,"L1:[sp=Y,250] Y=55,R=3,C=35,S=3,K=9,X=55 || L2:[sp=C,4] K=1,R=3,X=55,S=3,C=1,Y=26",-inf,-inf,0,Y|C,2
K,250,X,55,R,3,C,48,Y,55,S,3,K,19,C,4,Y,26,R,3,X,55,K,1,S,3,C,42,"L1:[sp=K,250] X=55,R=3,C=48,Y=55,S=3,K=19 || L2:[sp=C,4] Y=26,R=3,X=55,K=1,S=3,C=42",-inf,-inf,0,K|C,2
K,250,C,35,K,19,S,3,Y,3,R,3,X,55,C,43,Y,3,R,3,X,55,K,1,S,3,C,2,"L1:[sp=K,250] C=35,K=19,S=3,Y=3,R=3,X=55 || L2:[sp=C,43] Y=3,R=3,X=55,K=1,S=3,C=2",-inf,-inf,0,K|C,2
K,250,X,55,K,19,S,3,R,3,Y,55,C,36,Y,55,K,1,X,55,Y,13,C,29,S,3,R,3,"L1:[sp=K,250] X=55,K=19,S=3,R=3,Y=55,C=36 || L2:[sp=Y,55] K=1,X=55,Y=13,C=29,S=3,R=3",-inf,-inf,0,K|Y,2
X,250,C,52,R,3,X,55,Y,55,S,3,K,26,C,4,S,3,C,37,K,1,Y,26,R,3,X,55,"L1:[sp=X,250] C=52,R=3,X=55,Y=55,S=3,K=26 || L2:[sp=C,4] S=3,C=37,K=1,Y=26,R=3,X=55",-inf,-inf,0,X|C,2
Y,250,X,55,R,3,C,48,Y,45,S,3,K,49,C,4,C,48,R,3,X,55,K,1,Y,26,S,3,"L1:[sp=Y,250] X=55,R=3,C=48,Y=45,S=3,K=49 || L2:[sp=C,4] C=48,R=3,X=55,K=1,Y=26,S=3",-inf,-inf,0,Y|C,2
C,250,C,9,R,3,X,55,Y,55,S,3,K,29,C,4,S,3,R,3,C,1,Y,13,K,1,X,55,"L1:[sp=C,250] C=9,R=3,X=55,Y=55,S=3,K=29 || L2:[sp=C,4] S=3,R=3,C=1,Y=13,K=1,X=55",-inf,-inf,0,C|C,2
K,250,X,55,K,19,S,3,R,3,Y,55,C,36,C,43,K,1,R,3,X,55,C,12,S,3,Y,13,"L1:[sp=K,250] X=55,K=19,S=3,R=3,Y=55,C=36 || L2:[sp=C,43] K=1,R=3,X=55,C=12,S=3,Y=13",-inf,-inf,0,K|C,2
C,250,C,52,R,3,X,55,Y,55,S,3,K,19,C,4,S,3,R,3,C,17,Y,13,K,1,X,55,"L1:[sp=C,250] C=52,R=3,X=55,Y=55,S=3,K=19 || L2:[sp=C,4] S=3,R=3,C=17,Y=13,K=1,X=55",-inf,-inf,0,C|C,2
Y,250,C,52,R,3,X,55,Y,42,S,3,K,23,C,4,C,1,R,3,S,3,Y,26,K,20,X,55,"L1:[sp=Y,250] C=52,R=3,X=55,Y=42,S=3,K=23 || L2:[sp=C,4] C=1,R=3,S=3,Y=26,K=20,X=55",-inf,-inf,0,Y|C,2
Y,250,C,52,R,3,Y,36,X,55,S,3,K,19,C,4,S,3,K,1,R,3,Y,26,C,1,X,55,"L1:[sp=Y,250] C=52,R=3,Y=36,X=55,S=3,K=19 || L2:[sp=C,4] S=3,K=1,R=3,Y=26,C=1,X=55",-inf,-inf,0,Y|C,2
