L1_sp_dim,L1_sp_sz,L1_pos1_dim,L1_pos1_tile,L1_pos2_dim,L1_pos2_tile,L1_pos3_dim,L1_pos3_tile,L1_pos4_dim,L1_pos4_tile,L1_pos5_dim,L1_pos5_tile,L1_pos6_dim,L1_pos6_tile,L2_sp_dim,L2_sp_sz,L2_pos1_dim,L2_pos1_tile,L2_pos2_dim,L2_pos2_tile,L2_pos3_dim,L2_pos3_tile,L2_pos4_dim,L2_pos4_tile,L2_pos5_dim,L2_pos5_tile,L2_pos6_dim,L2_pos6_tile,genome_str,fitness1,fitness2,valid,genome_pattern,layer
X,146,X,1,Y,1,K,1,S,1,R,1,C,1,Y,30,X,1,Y,1,K,1,S,1,C,1,R,1,"L1:[sp=X,146] X=1,Y=1,K=1,S=1,R=1,C=1 || L2:[sp=Y,30] X=1,Y=1,K=1,S=1,C=1,R=1",-189665281.0,-163323000.0,1,X|Y,1
C,120,X,1,C,1,R,1,Y,1,K,1,S,1,C,1,S,1,R,1,X,1,Y,1,K,1,C,1,"L1:[sp=C,120] X=1,C=1,R=1,Y=1,K=1,S=1 || L2:[sp=C,1] S=1,R=1,X=1,Y=1,K=1,C=1",-314703873.0,-163323000.0,1,C|C,1
Y,12,C,1,R,6,X,214,S,4,Y,214,K,60,K,55,Y,1,C,1,K,1,X,1,R,1,S,1,"L1:[sp=Y,12] C=1,R=6,X=214,S=4,Y=214,K=60 || L2:[sp=K,55] Y=1,C=1,K=1,X=1,R=1,S=1",-inf,-inf,0,Y|K,1
X,74,S,6,X,34,Y,27,K,63,C,2,R,3,X,33,S,1,K,1,R,1,C,1,Y,1,X,1,"L1:[sp=X,74] S=6,X=34,Y=27,K=63,C=2,R=3 || L2:[sp=X,33] S=1,K=1,R=1,C=1,Y=1,X=1",-inf,-inf,0,X|X,1
C,15,R,5,K,56,X,135,C,3,Y,16,S,1,K,24,X,1,S,1,C,1,K,1,R,1,Y,1,"L1:[sp=C,15] R=5,K=56,X=135,C=3,Y=16,S=1 || L2:[sp=K,24] X=1,S=1,C=1,K=1,R=1,Y=1",-inf,-inf,0,C|K,1
Y,112,X,18,C,3,Y,1,K,33,R,6,S,4,K,3,C,1,X,1,K,1,R,1,S,1,Y,1,"L1:[sp=Y,112] X=18,C=3,Y=1,K=33,R=6,S=4 || L2:[sp=K,3] C=1,X=1,K=1,R=1,S=1,Y=1",-inf,-inf,0,Y|K,1
K,111,R,7,Y,2,K,7,S,6,X,69,C,2,X,64,C,1,K,1,S,1,X,1,R,1,Y,1,"L1:[sp=K,111] R=7,Y=2,K=7,S=6,X=69,C=2 || L2:[sp=X,64] C=1,K=1,S=1,X=1,R=1,Y=1",-26030073.0,-163323000.0,1,K|X,1
K,68,S,2,Y,133,R,3,C,2,K,55,X,159,K,8,Y,1,C,1,R,1,S,1,X,1,K,1,"L1:[sp=K,68] S=2,Y=133,R=3,C=2,K=55,X=159 || L2:[sp=K,8] Y=1,C=1,R=1,S=1,X=1,K=1",-inf,-inf,0,K|K,1
X,116,S,6,Y,108,K,18,C,2,R,2,X,97,X,51,R,1,Y,1,X,1,C,1,S,1,K,1,"L1:[sp=X,116] S=6,Y=108,K=18,C=2,R=2,X=97 || L2:[sp=X,51] R=1,Y=1,X=1,C=1,S=1,K=1",-inf,-inf,0,X|X,1
Y,167,R,7,Y,196,C,2,K,36,X,182,S,2,K,15,C,1,Y,1,S,1,R,1,K,1,X,1,"L1:[sp=Y,167] R=7,Y=196,C=2,K=36,X=182,S=2 || L2:[sp=K,15] C=1,Y=1,S=1,R=1,K=1,X=1",-inf,-inf,0,Y|K,1
C,125,Y,44,X,98,K,20,R,5,C,1,S,3,Y,11,S,1,Y,1,R,1,K,1,C,1,X,1,"L1:[sp=C,125] Y=44,X=98,K=20,R=5,C=1,S=3 || L2:[sp=Y,11] S=1,Y=1,R=1,K=1,C=1,X=1",-inf,-inf,0,C|Y,1
X,77,R,2,X,94,C,2,Y,111,K,4,S,7,C,2,R,1,K,1,C,1,S,1,Y,1,X,1,"L1:[sp=X,77] R=2,X=94,C=2,Y=111,K=4,S=7 || L2:[sp=C,2] R=1,K=1,C=1,S=1,Y=1,X=1",-inf,-inf,0,X|C,1
Y,155,Y,24,X,126,C,1,S,1,K,62,R,6,C,1,C,1,K,1,Y,1,X,1,S,1,R,1,"L1:[sp=Y,155] Y=24,X=126,C=1,S=1,K=62,R=6 || L2:[sp=C,1] C=1,K=1,Y=1,X=1,S=1,R=1",-inf,-inf,0,Y|C,1
Y,126,Y,9,R,1,K,27,S,3,X,158,C,2,X,9,X,1,R,1,K,1,Y,1,S,1,C,1,"L1:[sp=Y,126] Y=9,R=1,K=27,S=3,X=158,C=2 || L2:[sp=X,9] X=1,R=1,K=1,Y=1,S=1,C=1",-inf,-inf,0,Y|X,1
Y,163,R,6,K,10,X,123,C,1,Y,222,S,5,K,9,X,1,S,1,C,1,R,1,K,1,Y,1,"L1:[sp=Y,163] R=6,K=10,X=123,C=1,Y=222,S=5 || L2:[sp=K,9] X=1,S=1,C=1,R=1,K=1,Y=1",-871585.0,-163323000.0,1,Y|K,1
C,38,X,6,R,5,K,41,C,1,S,6,Y,156,K,34,R,1,C,1,Y,1,K,1,X,1,S,1,"L1:[sp=C,38] X=6,R=5,K=41,C=1,S=6,Y=156 || L2:[sp=K,34] R=1,C=1,Y=1,K=1,X=1,S=1",-13541057.0,-163324000.0,1,C|K,1
C,20,S,7,X,135,R,7,K,42,C,1,Y,68,X,67,S,1,C,1,R,1,X,1,K,1,Y,1,"L1:[sp=C,20] S=7,X=135,R=7,K=42,C=1,Y=68 || L2:[sp=X,67] S=1,C=1,R=1,X=1,K=1,Y=1",-inf,-inf,0,C|X,1
X,73,C,3,Y,56,K,45,R,2,X,12,S,4,C,2,S,1,C,1,R,1,Y,1,X,1,K,1,"L1:[sp=X,73] C=3,Y=56,K=45,R=2,X=12,S=4 || L2:[sp=C,2] S=1,C=1,R=1,Y=1,X=1,K=1",-inf,-inf,0,X|C,1
K,163,X,157,K,32,Y,110,S,5,R,3,C,2,X,28,S,1,Y,1,R,1,C,1,K,1,X,1,"L1:[sp=K,163] X=157,K=32,Y=110,S=5,R=3,C=2 || L2:[sp=X,28] S=1,Y=1,R=1,C=1,K=1,X=1",-inf,-inf,0,K|X,1
Y,140,K,33,S,5,C,3,R,7,Y,221,X,36,K,22,Y,1,C,1,R,1,S,1,K,1,X,1,"L1:[sp=Y,140] K=33,S=5,C=3,R=7,Y=221,X=36 || L2:[sp=K,22] Y=1,C=1,R=1,S=1,K=1,X=1",-437501.0,-163323000.0,1,Y|K,1
Y,140,K,33,S,5,C,3,R,7,Y,221,X,36,K,22,Y,1,C,1,R,1,S,1,K,1,X,1,"L1:[sp=Y,140] K=33,S=5,C=3,R=7,Y=221,X=36 || L2:[sp=K,22] Y=1,C=1,R=1,S=1,K=1,X=1",-437501.0,-163323000.0,1,Y|K,1
C,38,X,6,R,5,K,41,C,1,S,4,Y,156,K,34,R,1,K,1,Y,1,C,1,X,1,S,1,"L1:[sp=C,38] X=6,R=5,K=41,C=1,S=4,Y=156 || L2:[sp=K,34] R=1,K=1,Y=1,C=1,X=1,S=1",-11127905.0,-163324000.0,1,C|K,1
K,163,R,6,K,10,X,123,C,1,Y,222,S,5,Y,9,X,1,S,1,C,1,R,1,K,2,Y,1,"L1:[sp=K,163] R=6,K=10,X=123,C=1,Y=222,S=5 || L2:[sp=Y,9] X=1,S=1,C=1,R=1,K=2,Y=1",-335185.0,-163323000.0,1,K|Y,1
K,111,R,7,Y,2,K,7,S,6,X,69,C,2,X,64,C,1,K,1,S,5,X,1,R,1,Y,2,"L1:[sp=K,111] R=7,Y=2,K=7,S=6,X=69,C=2 || L2:[sp=X,64] C=1,K=1,S=5,X=1,R=1,Y=2",-26030073.0,-163323000.0,1,K|X,1
Y,163,R,6,K,10,X,123,C,3,Y,222,S,5,K,1,C,1,S,1,X,1,R,1,K,1,Y,1,"L1:[sp=Y,163] R=6,K=10,X=123,C=3,Y=222,S=5 || L2:[sp=K,1] C=1,S=1,X=1,R=1,K=1,Y=1",-4290105.0,-163323000.0,1,Y|K,1
X,38,X,6,R,4,K,41,C,1,S,5,Y,156,K,34,R,1,C,1,Y,1,K,1,X,1,S,1,"L1:[sp=X,38] X=6,R=4,K=41,C=1,S=5,Y=156 || L2:[sp=K,34] R=1,C=1,Y=1,K=1,X=1,S=1",-inf,-inf,0,X|K,1
Y,163,R,5,K,10,X,197,C,1,Y,222,S,6,K,9,X,1,S,1,C,1,R,1,K,1,Y,1,"L1:[sp=Y,163] R=5,K=10,X=197,C=1,Y=222,S=6 || L2:[sp=K,9] X=1,S=1,C=1,R=1,K=1,Y=1",-875407.0,-163323000.0,1,Y|K,1
C,38,X,6,R,5,K,41,C,1,S,6,Y,156,K,34,R,1,C,1,Y,1,K,1,X,1,S,1,"L1:[sp=C,38] X=6,R=5,K=41,C=1,S=6,Y=156 || L2:[sp=K,34] R=1,C=1,Y=1,K=1,X=1,S=1",-13541057.0,-163324000.0,1,C|K,1
Y,140,K,33,S,5,C,3,Y,221,R,7,X,36,K,22,Y,1,C,1,R,1,S,1,K,1,X,1,"L1:[sp=Y,140] K=33,S=5,C=3,Y=221,R=7,X=36 || L2:[sp=K,22] Y=1,C=1,R=1,S=1,K=1,X=1",-437501.0,-163323000.0,1,Y|K,1
C,120,X,1,C,1,R,7,Y,20,K,11,S,5,C,1,S,1,R,1,X,1,Y,1,K,1,C,1,"L1:[sp=C,120] X=1,C=1,R=7,Y=20,K=11,S=5 || L2:[sp=C,1] S=1,R=1,X=1,Y=1,K=1,C=1",-979715441.0,-163323000.0,1,C|C,1
K,140,K,33,S,1,C,3,R,1,Y,221,X,36,K,22,Y,1,C,1,R,1,S,1,K,1,X,1,"L1:[sp=K,140] K=33,S=1,C=3,R=1,Y=221,X=36 || L2:[sp=K,22] Y=1,C=1,R=1,S=1,K=1,X=1",-inf,-inf,0,K|K,1
X,146,X,69,Y,1,K,1,S,6,R,7,C,1,Y,30,X,1,R,1,K,1,S,1,C,1,Y,1,"L1:[sp=X,146] X=69,Y=1,K=1,S=6,R=7,C=1 || L2:[sp=Y,30] X=1,R=1,K=1,S=1,C=1,Y=1",-151853569.0,-163323000.0,1,X|Y,1
K,111,R,1,Y,2,K,7,S,1,X,1,C,1,X,64,C,1,K,6,S,1,X,1,R,1,Y,1,"L1:[sp=K,111] R=1,Y=2,K=7,S=1,X=1,C=1 || L2:[sp=X,64] C=1,K=6,S=1,X=1,R=1,Y=1",-232339969.0,-163323000.0,1,K|X,1
Y,140,K,33,S,1,C,3,R,1,Y,221,X,1,K,22,Y,48,C,1,R,1,S,1,K,1,X,1,"L1:[sp=Y,140] K=33,S=1,C=3,R=1,Y=221,X=1 || L2:[sp=K,22] Y=48,C=1,R=1,S=1,K=1,X=1",-29130305.0,-163323000.0,1,Y|K,1
C,120,Y,1,C,1,R,7,X,36,K,8,S,5,C,1,S,1,R,1,X,1,Y,1,K,1,C,1,"L1:[sp=C,120] Y=1,C=1,R=7,X=36,K=8,S=5 || L2:[sp=C,1] S=1,R=1,X=1,Y=1,K=1,C=1",-1186837345.0,-163323000.0,1,C|C,1
Y,146,X,1,Y,1,K,1,S,6,R,1,C,2,X,30,X,1,Y,1,K,1,S,1,C,1,R,1,"L1:[sp=Y,146] X=1,Y=1,K=1,S=6,R=1,C=2 || L2:[sp=X,30] X=1,Y=1,K=1,S=1,C=1,R=1",-110376001.0,-163323000.0,1,Y|X,1
C,38,X,6,R,2,K,41,C,1,S,1,Y,156,K,34,R,1,C,1,Y,1,K,1,X,1,S,1,"L1:[sp=C,38] X=6,R=2,K=41,C=1,S=1,Y=156 || L2:[sp=K,34] R=1,C=1,Y=1,K=1,X=1,S=1",-7413057.0,-163323000.0,1,C|K,1
X,140,K,33,S,5,C,3,R,7,Y,221,X,36,K,22,Y,1,C,2,R,1,S,1,K,1,X,1,"L1:[sp=X,140] K=33,S=5,C=3,R=7,Y=221,X=36 || L2:[sp=K,22] Y=1,C=2,R=1,S=1,K=1,X=1",-inf,-inf,0,X|K,1
X,146,X,193,Y,1,K,1,S,1,R,1,C,1,Y,30,X,1,Y,1,K,1,S,1,C,1,R,1,"L1:[sp=X,146] X=193,Y=1,K=1,S=1,R=1,C=1 || L2:[sp=Y,30] X=1,Y=1,K=1,S=1,C=1,R=1",-408834049.0,-163323000.0,1,X|Y,1
K,111,S,5,Y,2,K,7,R,7,X,69,C,2,X,64,C,1,K,1,S,1,X,1,R,1,Y,1,"L1:[sp=K,111] S=5,Y=2,K=7,R=7,X=69,C=2 || L2:[sp=X,64] C=1,K=1,S=1,X=1,R=1,Y=1",-26030073.0,-163323000.0,1,K|X,1
C,146,X,1,Y,1,K,1,S,6,R,1,C,1,Y,30,X,1,Y,1,K,1,S,1,C,1,R,1,"L1:[sp=C,146] X=1,Y=1,K=1,S=6,R=1,C=1 || L2:[sp=Y,30] X=1,Y=1,K=1,S=1,C=1,R=1",-966991873.0,-163323000.0,1,C|Y,1
K,163,R,6,K,10,X,123,C,1,Y,222,S,5,Y,9,X,1,S,1,C,1,R,1,K,2,Y,1,"L1:[sp=K,163] R=6,K=10,X=123,C=1,Y=222,S=5 || L2:[sp=Y,9] X=1,S=1,C=1,R=1,K=2,Y=1",-335185.0,-163323000.0,1,K|Y,1
C,38,X,54,S,5,K,41,R,7,Y,221,C,1,K,34,R,1,C,1,Y,1,K,1,X,1,S,1,"L1:[sp=C,38] X=54,S=5,K=41,R=7,Y=221,C=1 || L2:[sp=K,34] R=1,C=1,Y=1,K=1,X=1,S=1",-inf,-inf,0,C|K,1
C,140,K,33,S,6,C,3,Y,156,R,5,X,6,K,22,Y,1,C,1,R,1,S,1,K,1,X,1,"L1:[sp=C,140] K=33,S=6,C=3,Y=156,R=5,X=6 || L2:[sp=K,22] Y=1,C=1,R=1,S=1,K=1,X=1",-54162449.0,-163323000.0,1,C|K,1
C,38,X,36,R,7,K,41,C,1,S,5,Y,221,K,34,R,1,C,1,Y,1,K,1,X,1,S,2,"L1:[sp=C,38] X=36,R=7,K=41,C=1,S=5,Y=221 || L2:[sp=K,34] R=1,C=1,Y=1,K=1,X=1,S=2",-106310.0,-163323000.0,1,C|K,1
Y,140,K,33,S,6,C,3,Y,156,R,5,X,6,K,22,Y,24,C,1,R,1,S,1,K,1,X,1,"L1:[sp=Y,140] K=33,S=6,C=3,Y=156,R=5,X=6 || L2:[sp=K,22] Y=24,C=1,R=1,S=1,K=1,X=1",-inf,-inf,0,Y|K,1
X,38,X,6,R,5,K,41,C,3,S,6,Y,156,K,34,R,1,K,1,Y,1,C,1,X,1,S,1,"L1:[sp=X,38] X=6,R=5,K=41,C=3,S=6,Y=156 || L2:[sp=K,34] R=1,K=1,Y=1,C=1,X=1,S=1",-inf,-inf,0,X|K,1
Y,163,R,4,K,10,X,197,C,1,Y,222,S,6,K,9,X,1,S,1,K,1,R,1,C,1,Y,1,"L1:[sp=Y,163] R=4,K=10,X=197,C=1,Y=222,S=6 || L2:[sp=K,9] X=1,S=1,K=1,R=1,C=1,Y=1",-875407.0,-163323000.0,1,Y|K,1
Y,163,R,4,K,10,X,6,Y,156,C,3,S,1,K,10,C,1,S,1,X,1,R,1,K,1,Y,1,"L1:[sp=Y,163] R=4,K=10,X=6,Y=156,C=3,S=1 || L2:[sp=K,10] C=1,S=1,X=1,R=1,K=1,Y=1",-36652589.0,-163323000.0,1,Y|K,1
C,38,X,123,R,6,K,41,C,1,S,5,Y,222,K,34,R,1,C,1,Y,1,K,1,X,1,S,1,"L1:[sp=C,38] X=123,R=6,K=41,C=1,S=5,Y=222 || L2:[sp=K,34] R=1,C=1,Y=1,K=1,X=1,S=1",-67049.0,-163323000.0,1,C|K,1
X,163,S,1,K,10,X,6,C,1,Y,156,R,2,K,3,X,1,S,1,C,1,R,1,K,2,Y,1,"L1:[sp=X,163] S=1,K=10,X=6,C=1,Y=156,R=2 || L2:[sp=K,3] X=1,S=1,C=1,R=1,K=2,Y=1",-inf,-inf,0,X|K,1
K,38,X,123,R,6,K,41,C,1,S,5,Y,222,C,34,R,1,C,1,Y,1,K,1,X,1,S,1,"L1:[sp=K,38] X=123,R=6,K=41,C=1,S=5,Y=222 || L2:[sp=C,34] R=1,C=1,Y=1,K=1,X=1,S=1",-2748337.0,-163323000.0,1,K|C,1
Y,163,R,5,K,24,X,6,Y,184,C,1,S,4,K,9,X,1,S,1,Y,1,R,1,K,1,C,1,"L1:[sp=Y,163] R=5,K=24,X=6,Y=184,C=1,S=4 || L2:[sp=K,9] X=1,S=1,Y=1,R=1,K=1,C=1",-73402549.0,-163323000.0,1,Y|K,1
C,38,X,197,R,4,K,41,C,2,S,6,Y,222,K,34,Y,1,K,1,R,1,C,1,X,1,S,1,"L1:[sp=C,38] X=197,R=4,K=41,C=2,S=6,Y=222 || L2:[sp=K,34] Y=1,K=1,R=1,C=1,X=1,S=1",-inf,-inf,0,C|K,1
C,38,X,6,S,5,K,41,C,1,R,2,Y,156,K,34,R,1,C,1,Y,1,K,1,X,1,S,5,"L1:[sp=C,38] X=6,S=5,K=41,C=1,R=2,Y=156 || L2:[sp=K,34] R=1,C=1,Y=1,K=1,X=1,S=5",-10396185.0,-163324000.0,1,C|K,1
Y,140,K,33,S,1,C,3,R,3,Y,221,X,36,K,22,Y,183,C,1,R,1,S,1,K,1,X,1,"L1:[sp=Y,140] K=33,S=1,C=3,R=3,Y=221,X=36 || L2:[sp=K,22] Y=183,C=1,R=1,S=1,K=1,X=1",-inf,-inf,0,Y|K,1
Y,140,K,33,S,5,C,3,R,6,Y,182,X,36,K,22,Y,1,C,1,R,1,S,1,K,1,X,1,"L1:[sp=Y,140] K=33,S=5,C=3,R=6,Y=182,X=36 || L2:[sp=K,22] Y=1,C=1,R=1,S=1,K=1,X=1",-inf,-inf,0,Y|K,1
K,163,R,6,K,10,X,97,C,1,Y,222,S,5,Y,9,X,1,S,1,C,1,R,1,K,2,Y,1,"L1:[sp=K,163] R=6,K=10,X=97,C=1,Y=222,S=5 || L2:[sp=Y,9] X=1,S=1,C=1,R=1,K=2,Y=1",-341077.0,-163323000.0,1,K|Y,1
K,38,X,6,R,5,K,41,C,1,S,6,Y,156,C,34,R,1,C,1,Y,1,K,1,X,6,S,1,"L1:[sp=K,38] X=6,R=5,K=41,C=1,S=6,Y=156 || L2:[sp=C,34] R=1,C=1,Y=1,K=1,X=6,S=1",-inf,-inf,0,K|C,1
K,163,R,6,K,10,X,123,C,1,Y,222,S,5,Y,9,X,1,S,1,C,1,R,1,K,2,Y,1,"L1:[sp=K,163] R=6,K=10,X=123,C=1,Y=222,S=5 || L2:[sp=Y,9] X=1,S=1,C=1,R=1,K=2,Y=1",-335185.0,-163323000.0,1,K|Y,1
X,140,K,33,S,5,X,123,R,6,Y,221,C,3,K,22,Y,1,C,1,R,1,S,1,K,1,X,45,"L1:[sp=X,140] K=33,S=5,X=123,R=6,Y=221,C=3 || L2:[sp=K,22] Y=1,C=1,R=1,S=1,K=1,X=45",-224037.0,-163323000.0,1,X|K,1
Y,163,R,3,K,10,X,36,C,3,Y,70,S,5,K,1,C,1,S,1,X,1,R,1,K,1,Y,1,"L1:[sp=Y,163] R=3,K=10,X=36,C=3,Y=70,S=5 || L2:[sp=K,1] C=1,S=1,X=1,R=1,K=1,Y=1",-inf,-inf,0,Y|K,1
C,38,X,123,R,6,K,41,C,1,S,5,Y,222,K,34,R,1,C,1,Y,1,K,1,X,1,S,1,"L1:[sp=C,38] X=123,R=6,K=41,C=1,S=5,Y=222 || L2:[sp=K,34] R=1,C=1,Y=1,K=1,X=1,S=1",-inf,-inf,0,C|K,1
K,38,X,6,R,2,K,41,C,1,S,5,Y,149,C,34,R,1,C,1,Y,1,K,1,X,1,S,5,"L1:[sp=K,38] X=6,R=2,K=41,C=1,S=5,Y=149 || L2:[sp=C,34] R=1,C=1,Y=1,K=1,X=1,S=5",-inf,-inf,0,K|C,1
K,38,X,123,S,5,K,41,C,1,R,6,Y,17,C,34,R,1,C,1,Y,1,K,1,X,1,S,1,"L1:[sp=K,38] X=123,S=5,K=41,C=1,R=6,Y=17 || L2:[sp=C,34] R=1,C=1,Y=1,K=1,X=1,S=1",-inf,-inf,0,K|C,1
Y,163,R,3,K,36,X,159,C,1,Y,221,S,5,K,9,X,45,S,1,K,1,R,1,C,1,Y,1,"L1:[sp=Y,163] R=3,K=36,X=159,C=1,Y=221,S=5 || L2:[sp=K,9] X=45,S=1,K=1,R=1,C=1,Y=1",-inf,-inf,0,Y|K,1
X,140,K,33,S,6,X,197,R,4,Y,222,C,1,K,3,Y,1,C,1,R,1,S,1,K,1,X,1,"L1:[sp=X,140] K=33,S=6,X=197,R=4,Y=222,C=1 || L2:[sp=K,3] Y=1,C=1,R=1,S=1,K=1,X=1",-1306561.0,-163323000.0,1,X|K,1
K,38,X,123,R,6,K,41,C,1,S,5,Y,222,C,34,R,1,C,1,Y,1,K,1,X,1,S,1,"L1:[sp=K,38] X=123,R=6,K=41,C=1,S=5,Y=222 || L2:[sp=C,34] R=1,C=1,Y=1,K=1,X=1,S=1",-2748337.0,-163323000.0,1,K|C,1
C,38,X,6,S,5,K,41,C,1,R,2,Y,156,Y,3,R,1,C,1,Y,1,K,1,X,1,S,5,"L1:[sp=C,38] X=6,S=5,K=41,C=1,R=2,Y=156 || L2:[sp=Y,3] R=1,C=1,Y=1,K=1,X=1,S=5",-74906785.0,-163324000.0,1,C|Y,1
C,140,K,33,S,5,X,6,R,2,Y,156,C,3,K,22,Y,1,S,5,R,1,C,1,K,1,X,1,"L1:[sp=C,140] K=33,S=5,X=6,R=2,Y=156,C=3 || L2:[sp=K,22] Y=1,S=5,R=1,C=1,K=1,X=1",-41581185.0,-163323000.0,1,C|K,1
C,38,X,123,S,5,C,1,K,41,R,6,Y,221,K,34,R,1,C,1,Y,1,K,1,X,45,S,2,"L1:[sp=C,38] X=123,S=5,C=1,K=41,R=6,Y=221 || L2:[sp=K,34] R=1,C=1,Y=1,K=1,X=45,S=2",-112031.0,-163323000.0,1,C|K,1
Y,163,R,6,K,10,X,123,C,1,Y,222,S,5,Y,9,X,64,Y,1,C,1,R,1,K,2,S,1,"L1:[sp=Y,163] R=6,K=10,X=123,C=1,Y=222,S=5 || L2:[sp=Y,9] X=64,Y=1,C=1,R=1,K=2,S=1",-2389801.0,-163323000.0,1,Y|Y,1
K,38,X,123,R,6,K,41,C,1,S,4,Y,222,C,34,R,1,C,1,Y,1,K,1,X,1,S,1,"L1:[sp=K,38] X=123,R=6,K=41,C=1,S=4,Y=222 || L2:[sp=C,34] R=1,C=1,Y=1,K=1,X=1,S=1",-2736283.0,-163323000.0,1,K|C,1
C,38,X,36,R,6,K,41,C,1,S,5,Y,221,K,34,R,1,C,1,Y,1,K,1,X,1,S,1,"L1:[sp=C,38] X=36,R=6,K=41,C=1,S=5,Y=221 || L2:[sp=K,34] R=1,C=1,Y=1,K=1,X=1,S=1",-inf,-inf,0,C|K,1
K,163,R,2,K,10,X,123,C,1,Y,222,S,5,Y,9,X,1,S,2,C,1,R,1,K,2,Y,1,"L1:[sp=K,163] R=2,K=10,X=123,C=1,Y=222,S=5 || L2:[sp=Y,9] X=1,S=2,C=1,R=1,K=2,Y=1",-inf,-inf,0,K|Y,1
X,163,R,6,K,10,X,123,C,1,Y,222,S,5,Y,9,X,1,C,1,S,1,R,1,K,2,Y,1,"L1:[sp=X,163] R=6,K=10,X=123,C=1,Y=222,S=5 || L2:[sp=Y,9] X=1,C=1,S=1,R=1,K=2,Y=1",-1194901.0,-163323000.0,1,X|Y,1
K,163,R,6,K,10,X,97,C,2,Y,222,S,5,Y,9,X,1,S,1,C,1,R,1,K,2,Y,1,"L1:[sp=K,163] R=6,K=10,X=97,C=2,Y=222,S=5 || L2:[sp=Y,9] X=1,S=1,C=1,R=1,K=2,Y=1",-341065.0,-163323000.0,1,K|Y,1
Y,163,R,4,K,10,X,97,C,3,Y,222,S,5,K,9,X,1,S,1,K,1,R,1,C,1,Y,1,"L1:[sp=Y,163] R=4,K=10,X=97,C=3,Y=222,S=5 || L2:[sp=K,9] X=1,S=1,K=1,R=1,C=1,Y=1",-886789.0,-163323000.0,1,Y|K,1
K,163,R,4,K,10,X,197,S,6,Y,222,C,1,Y,9,X,1,S,1,C,1,R,1,K,2,Y,1,"L1:[sp=K,163] R=4,K=10,X=197,S=6,Y=222,C=1 || L2:[sp=Y,9] X=1,S=1,C=1,R=1,K=2,Y=1",-336655.0,-163323000.0,1,K|Y,1
K,38,X,123,R,6,K,41,C,1,S,5,Y,222,C,34,R,1,C,1,Y,1,K,1,X,48,S,1,"L1:[sp=K,38] X=123,R=6,K=41,C=1,S=5,Y=222 || L2:[sp=C,34] R=1,C=1,Y=1,K=1,X=48,S=1",-3061741.0,-163323000.0,1,K|C,1
K,163,R,6,K,10,X,123,C,1,Y,222,S,5,Y,9,X,1,S,1,C,1,K,2,R,1,Y,41,"L1:[sp=K,163] R=6,K=10,X=123,C=1,Y=222,S=5 || L2:[sp=Y,9] X=1,S=1,C=1,K=2,R=1,Y=41",-13741585.0,-163323000.0,1,K|Y,1
C,38,X,6,Y,156,K,41,C,1,R,2,S,5,K,34,R,1,C,1,Y,1,K,1,X,1,S,5,"L1:[sp=C,38] X=6,Y=156,K=41,C=1,R=2,S=5 || L2:[sp=K,34] R=1,C=1,Y=1,K=1,X=1,S=5",-10396185.0,-163324000.0,1,C|K,1
C,38,X,123,R,6,K,41,C,1,S,5,Y,222,K,34,X,95,C,1,Y,210,K,1,R,1,S,1,"L1:[sp=C,38] X=123,R=6,K=41,C=1,S=5,Y=222 || L2:[sp=K,34] X=95,C=1,Y=210,K=1,R=1,S=1",-inf,-inf,0,C|K,1
C,38,X,123,S,5,C,1,K,41,R,6,Y,221,K,34,R,1,C,1,Y,1,K,1,X,45,S,2,"L1:[sp=C,38] X=123,S=5,C=1,K=41,R=6,Y=221 || L2:[sp=K,34] R=1,C=1,Y=1,K=1,X=45,S=2",-112031.0,-163323000.0,1,C|K,1
Y,163,R,4,K,21,X,97,C,3,Y,123,S,4,K,9,X,1,S,1,Y,1,R,1,C,1,K,1,"L1:[sp=Y,163] R=4,K=21,X=97,C=3,Y=123,S=4 || L2:[sp=K,9] X=1,S=1,Y=1,R=1,C=1,K=1",-inf,-inf,0,Y|K,1
K,38,X,123,R,6,K,41,C,3,S,5,Y,222,C,34,R,1,C,1,Y,1,K,14,X,1,S,1,"L1:[sp=K,38] X=123,R=6,K=41,C=3,S=5,Y=222 || L2:[sp=C,34] R=1,C=1,Y=1,K=14,X=1,S=1",-916113.0,-163323000.0,1,K|C,1
K,38,X,123,R,6,K,41,C,1,S,5,Y,222,C,34,R,1,C,1,Y,1,K,1,X,1,S,1,"L1:[sp=K,38] X=123,R=6,K=41,C=1,S=5,Y=222 || L2:[sp=C,34] R=1,C=1,Y=1,K=1,X=1,S=1",-2748337.0,-163323000.0,1,K|C,1
C,163,R,6,K,10,X,123,C,1,Y,222,S,4,Y,9,C,1,X,1,S,1,R,1,K,2,Y,1,"L1:[sp=C,163] R=6,K=10,X=123,C=1,Y=222,S=4 || L2:[sp=Y,9] C=1,X=1,S=1,R=1,K=2,Y=1",-711929.0,-163323000.0,1,C|Y,1
X,163,C,3,K,10,X,123,R,6,Y,222,S,5,Y,9,X,106,C,1,S,1,K,2,R,1,Y,1,"L1:[sp=X,163] C=3,K=10,X=123,R=6,Y=222,S=5 || L2:[sp=Y,9] X=106,C=1,S=1,K=2,R=1,Y=1",-inf,-inf,0,X|Y,1
Y,163,R,6,K,10,X,123,C,1,Y,222,S,5,Y,9,X,1,Y,1,C,1,R,4,K,2,S,1,"L1:[sp=Y,163] R=6,K=10,X=123,C=1,Y=222,S=5 || L2:[sp=Y,9] X=1,Y=1,C=1,R=4,K=2,S=1",-inf,-inf,0,Y|Y,1
X,163,R,6,K,10,X,97,C,2,Y,222,S,5,Y,9,X,64,C,1,S,1,R,1,K,2,Y,1,"L1:[sp=X,163] R=6,K=10,X=97,C=2,Y=222,S=5 || L2:[sp=Y,9] X=64,C=1,S=1,R=1,K=2,Y=1",-950265.0,-163323000.0,1,X|Y,1
K,163,R,6,K,10,X,123,C,1,Y,222,S,5,Y,9,X,1,C,1,S,1,R,1,K,2,Y,25,"L1:[sp=K,163] R=6,K=10,X=123,C=1,Y=222,S=5 || L2:[sp=Y,9] X=1,C=1,S=1,R=1,K=2,Y=25",-8379025.0,-163323000.0,1,K|Y,1
K,163,R,4,K,10,X,197,S,6,Y,222,C,1,Y,9,X,1,S,1,C,1,R,1,Y,1,K,2,"L1:[sp=K,163] R=4,K=10,X=197,S=6,Y=222,C=1 || L2:[sp=Y,9] X=1,S=1,C=1,R=1,Y=1,K=2",-336655.0,-163323000.0,1,K|Y,1
C,38,X,123,S,5,C,1,K,41,R,6,Y,221,K,34,R,1,C,1,Y,1,K,37,X,45,S,2,"L1:[sp=C,38] X=123,S=5,C=1,K=41,R=6,Y=221 || L2:[sp=K,34] R=1,C=1,Y=1,K=37,X=45,S=2",-inf,-inf,0,C|K,1
K,163,R,6,K,10,X,197,S,4,Y,176,C,1,Y,9,X,1,S,1,C,1,R,1,K,2,Y,1,"L1:[sp=K,163] R=6,K=10,X=197,S=4,Y=176,C=1 || L2:[sp=Y,9] X=1,S=1,C=1,R=1,K=2,Y=1",-inf,-inf,0,K|Y,1
K,38,X,102,R,4,K,41,C,1,S,6,Y,222,C,34,R,1,K,1,Y,1,C,1,X,1,S,1,"L1:[sp=K,38] X=102,R=4,K=41,C=1,S=6,Y=222 || L2:[sp=C,34] R=1,K=1,Y=1,C=1,X=1,S=1",-inf,-inf,0,K|C,1
K,163,R,6,K,10,X,97,C,2,Y,222,S,6,Y,9,X,1,R,1,C,1,S,1,K,2,Y,1,"L1:[sp=K,163] R=6,K=10,X=97,C=2,Y=222,S=6 || L2:[sp=Y,9] X=1,R=1,C=1,S=1,K=2,Y=1",-344005.0,-163323000.0,1,K|Y,1
X,140,K,33,S,5,X,197,R,4,Y,68,C,1,K,3,Y,1,C,1,R,1,S,2,K,1,X,19,"L1:[sp=X,140] K=33,S=5,X=197,R=4,Y=68,C=1 || L2:[sp=K,3] Y=1,C=1,R=1,S=2,K=1,X=19",-inf,-inf,0,X|K,1
X,163,R,2,K,10,X,97,C,1,Y,222,S,5,Y,9,X,1,C,1,S,1,R,1,K,2,Y,1,"L1:[sp=X,163] R=2,K=10,X=97,C=1,Y=222,S=5 || L2:[sp=Y,9] X=1,C=1,S=1,R=1,K=2,Y=1",-inf,-inf,0,X|Y,1
Y,163,K,10,R,6,X,123,C,3,Y,222,S,5,K,9,X,1,S,1,K,1,R,1,C,1,Y,1,"L1:[sp=Y,163] K=10,R=6,X=123,C=3,Y=222,S=5 || L2:[sp=K,9] X=1,S=1,K=1,R=1,C=1,Y=1",-871473.0,-163323000.0,1,Y|K,1
K,38,X,123,R,6,K,41,C,1,S,4,Y,61,C,34,R,1,C,1,Y,1,K,1,X,1,S,1,"L1:[sp=K,38] X=123,R=6,K=41,C=1,S=4,Y=61 || L2:[sp=C,34] R=1,C=1,Y=1,K=1,X=1,S=1",-inf,-inf,0,K|C,1
K,163,R,4,K,10,X,197,S,6,Y,222,C,1,Y,9,X,1,S,1,C,1,R,4,K,2,Y,25,"L1:[sp=K,163] R=4,K=10,X=197,S=6,Y=222,C=1 || L2:[sp=Y,9] X=1,S=1,C=1,R=4,K=2,Y=25",-9618025.0,-163323000.0,1,K|Y,1
Y,163,R,4,K,10,X,197,C,3,Y,9,S,6,K,9,X,1,S,1,K,9,R,1,C,1,Y,1,"L1:[sp=Y,163] R=4,K=10,X=197,C=3,Y=9,S=6 || L2:[sp=K,9] X=1,S=1,K=9,R=1,C=1,Y=1",-inf,-inf,0,Y|K,1
X,140,K,33,S,5,X,97,R,4,Y,222,C,1,K,3,Y,1,C,1,R,1,S,1,K,1,X,1,"L1:[sp=X,140] K=33,S=5,X=97,R=4,Y=222,C=1 || L2:[sp=K,3] Y=1,C=1,R=1,S=1,K=1,X=1",-653293.0,-163323000.0,1,X|K,1
C,38,X,123,S,5,C,1,K,41,R,6,Y,221,K,34,R,1,C,1,Y,1,K,1,X,45,S,2,"L1:[sp=C,38] X=123,S=5,C=1,K=41,R=6,Y=221 || L2:[sp=K,34] R=1,C=1,Y=1,K=1,X=45,S=2",-112031.0,-163323000.0,1,C|K,1
C,163,R,6,K,10,X,123,C,1,Y,222,S,4,X,41,C,1,X,1,S,1,R,1,K,2,Y,1,"L1:[sp=C,163] R=6,K=10,X=123,C=1,Y=222,S=4 || L2:[sp=X,41] C=1,X=1,S=1,R=1,K=2,Y=1",-43961.0,-163323000.0,1,C|X,1
Y,163,K,10,R,6,Y,145,C,3,X,123,S,5,K,9,X,1,S,1,K,1,R,1,C,1,Y,1,"L1:[sp=Y,163] K=10,R=6,Y=145,C=3,X=123,S=5 || L2:[sp=K,9] X=1,S=1,K=1,R=1,C=1,Y=1",-inf,-inf,0,Y|K,1
K,163,R,4,K,10,X,97,C,1,Y,60,S,5,Y,9,X,1,R,1,C,1,S,1,K,2,Y,1,"L1:[sp=K,163] R=4,K=10,X=97,C=1,Y=60,S=5 || L2:[sp=Y,9] X=1,R=1,C=1,S=1,K=2,Y=1",-inf,-inf,0,K|Y,1
X,140,K,33,S,6,X,97,R,6,Y,222,C,2,K,3,Y,1,C,1,R,1,S,1,K,1,X,1,"L1:[sp=X,140] K=33,S=6,X=97,R=6,Y=222,C=2 || L2:[sp=K,3] Y=1,C=1,R=1,S=1,K=1,X=1",-659753.0,-163323000.0,1,X|K,1
K,163,R,6,K,10,X,97,C,2,Y,222,S,6,Y,9,X,1,R,1,C,1,S,3,K,2,Y,1,"L1:[sp=K,163] R=6,K=10,X=97,C=2,Y=222,S=6 || L2:[sp=Y,9] X=1,R=1,C=1,S=3,K=2,Y=1",-inf,-inf,0,K|Y,1
Y,163,K,10,R,6,X,123,C,3,Y,222,S,5,K,9,X,1,S,1,K,1,R,1,C,3,Y,1,"L1:[sp=Y,163] K=10,R=6,X=123,C=3,Y=222,S=5 || L2:[sp=K,9] X=1,S=1,K=1,R=1,C=3,Y=1",-871473.0,-163323000.0,1,Y|K,1
K,163,K,10,R,6,X,97,C,2,Y,222,S,6,Y,9,X,48,S,1,K,1,R,1,C,1,Y,1,"L1:[sp=K,163] K=10,R=6,X=97,C=2,Y=222,S=6 || L2:[sp=Y,9] X=48,S=1,K=1,R=1,C=1,Y=1",-308725.0,-163323000.0,1,K|Y,1
Y,163,R,6,K,34,C,3,X,123,Y,222,S,5,Y,9,X,1,R,1,S,1,C,1,K,2,Y,1,"L1:[sp=Y,163] R=6,K=34,C=3,X=123,Y=222,S=5 || L2:[sp=Y,9] X=1,R=1,S=1,C=1,K=2,Y=1",-2145041.0,-163323000.0,1,Y|Y,1
Y,163,R,2,K,10,X,123,C,1,Y,222,S,5,C,9,C,1,X,1,S,1,R,1,K,2,Y,1,"L1:[sp=Y,163] R=2,K=10,X=123,C=1,Y=222,S=5 || L2:[sp=C,9] C=1,X=1,S=1,R=1,K=2,Y=1",-inf,-inf,0,Y|C,1
K,38,X,123,R,6,K,41,C,3,S,4,Y,222,C,34,R,1,C,1,Y,1,K,14,X,1,S,2,"L1:[sp=K,38] X=123,R=6,K=41,C=3,S=4,Y=222 || L2:[sp=C,34] R=1,C=1,Y=1,K=14,X=1,S=2",-inf,-inf,0,K|C,1
K,163,R,6,K,10,X,123,S,5,Y,222,C,3,Y,9,X,1,S,1,C,1,R,1,Y,1,K,8,"L1:[sp=K,163] R=6,K=10,X=123,S=5,Y=222,C=3 || L2:[sp=Y,9] X=1,S=1,C=1,R=1,Y=1,K=8",-inf,-inf,0,K|Y,1
K,38,X,197,R,5,K,41,C,3,S,2,Y,222,C,34,R,1,C,1,Y,1,S,1,X,1,K,14,"L1:[sp=K,38] X=197,R=5,K=41,C=3,S=2,Y=222 || L2:[sp=C,34] R=1,C=1,Y=1,S=1,X=1,K=14",-904067.0,-163323000.0,1,K|C,1
K,163,K,50,R,6,X,123,C,3,Y,222,S,6,Y,9,X,1,S,1,K,1,R,1,C,1,Y,1,"L1:[sp=K,163] K=50,R=6,X=123,C=3,Y=222,S=6 || L2:[sp=Y,9] X=1,S=1,K=1,R=1,C=1,Y=1",-1683159.0,-163323000.0,1,K|Y,1
Y,163,R,4,K,10,X,197,S,5,Y,222,C,1,K,9,X,1,S,1,C,1,R,1,Y,1,K,2,"L1:[sp=Y,163] R=4,K=10,X=197,S=5,Y=222,C=1 || L2:[sp=K,9] X=1,S=1,C=1,R=1,Y=1,K=2",-938617.0,-163323000.0,1,Y|K,1
K,163,R,6,K,10,X,138,C,2,Y,5,S,6,Y,9,X,1,R,1,C,1,S,1,K,2,Y,1,"L1:[sp=K,163] R=6,K=10,X=138,C=2,Y=5,S=6 || L2:[sp=Y,9] X=1,R=1,C=1,S=1,K=2,Y=1",-29287515.0,-163324000.0,1,K|Y,1
K,38,X,123,R,6,K,41,C,3,S,5,Y,222,C,34,R,1,C,1,Y,1,K,14,X,14,S,1,"L1:[sp=K,38] X=123,R=6,K=41,C=3,S=5,Y=222 || L2:[sp=C,34] R=1,C=1,Y=1,K=14,X=14,S=1",-908077.0,-163324000.0,1,K|C,1
Y,163,R,6,K,10,X,97,C,2,Y,222,S,5,Y,9,X,64,C,1,S,1,R,6,K,2,Y,1,"L1:[sp=Y,163] R=6,K=10,X=97,C=2,Y=222,S=5 || L2:[sp=Y,9] X=64,C=1,S=1,R=6,K=2,Y=1",-inf,-inf,0,Y|Y,1
K,38,X,123,R,6,K,41,C,3,S,5,Y,183,C,34,R,1,C,1,Y,1,K,14,X,1,S,1,"L1:[sp=K,38] X=123,R=6,K=41,C=3,S=5,Y=183 || L2:[sp=C,34] R=1,C=1,Y=1,K=14,X=1,S=1",-inf,-inf,0,K|C,1
K,38,X,123,R,6,K,41,C,3,S,5,Y,222,C,34,R,1,C,1,Y,1,K,14,X,1,S,1,"L1:[sp=K,38] X=123,R=6,K=41,C=3,S=5,Y=222 || L2:[sp=C,34] R=1,C=1,Y=1,K=14,X=1,S=1",-916113.0,-163323000.0,1,K|C,1
K,38,X,123,S,5,C,1,K,41,R,6,Y,23,C,34,R,1,C,1,Y,1,X,27,K,1,S,2,"L1:[sp=K,38] X=123,S=5,C=1,K=41,R=6,Y=23 || L2:[sp=C,34] R=1,C=1,Y=1,X=27,K=1,S=2",-inf,-inf,0,K|C,1
C,163,R,6,K,10,X,123,C,1,Y,222,S,4,X,41,C,1,X,1,S,1,R,1,K,2,Y,1,"L1:[sp=C,163] R=6,K=10,X=123,C=1,Y=222,S=4 || L2:[sp=X,41] C=1,X=1,S=1,R=1,K=2,Y=1",-43961.0,-163323000.0,1,C|X,1
C,163,R,6,Y,222,S,4,C,1,K,10,X,123,X,41,C,1,X,1,S,1,R,1,K,2,Y,151,"L1:[sp=C,163] R=6,Y=222,S=4,C=1,K=10,X=123 || L2:[sp=X,41] C=1,X=1,S=1,R=1,K=2,Y=151",-inf,-inf,0,C|X,1
X,140,K,33,S,6,X,97,R,6,Y,222,C,2,X,97,Y,1,X,1,R,1,S,1,K,1,C,1,"L1:[sp=X,140] K=33,S=6,X=97,R=6,Y=222,C=2 || L2:[sp=X,97] Y=1,X=1,R=1,S=1,K=1,C=1",-94129.0,-163323000.0,1,X|X,1
K,38,X,123,R,6,K,41,C,2,S,5,Y,222,C,34,C,1,R,1,Y,1,K,11,X,14,S,1,"L1:[sp=K,38] X=123,R=6,K=41,C=2,S=5,Y=222 || L2:[sp=C,34] C=1,R=1,Y=1,K=11,X=14,S=1",-inf,-inf,0,K|C,1
C,163,R,6,K,10,X,114,C,1,Y,222,S,4,X,41,C,1,X,45,S,1,R,1,K,2,Y,1,"L1:[sp=C,163] R=6,K=10,X=114,C=1,Y=222,S=4 || L2:[sp=X,41] C=1,X=45,S=1,R=1,K=2,Y=1",-564537.0,-163323000.0,1,C|X,1
K,163,K,10,R,6,X,123,C,2,Y,222,S,5,Y,9,X,1,S,1,K,1,R,1,C,1,Y,1,"L1:[sp=K,163] K=10,R=6,X=123,C=2,Y=222,S=5 || L2:[sp=Y,9] X=1,S=1,K=1,R=1,C=1,Y=1",-335177.0,-163323000.0,1,K|Y,1
Y,163,K,10,R,6,X,110,C,3,Y,209,S,6,K,9,X,48,S,1,K,1,R,1,C,3,Y,1,"L1:[sp=Y,163] K=10,R=6,X=110,C=3,Y=209,S=6 || L2:[sp=K,9] X=48,S=1,K=1,R=1,C=3,Y=1",-inf,-inf,0,Y|K,1
C,163,R,6,K,10,X,123,C,1,Y,222,S,5,X,41,C,1,X,1,S,1,R,1,K,2,Y,1,"L1:[sp=C,163] R=6,K=10,X=123,C=1,Y=222,S=5 || L2:[sp=X,41] C=1,X=1,S=1,R=1,K=2,Y=1",-43961.0,-163323000.0,1,C|X,1
K,38,X,123,Y,65,K,41,C,3,S,4,R,6,C,34,R,1,C,1,Y,1,K,14,X,1,S,1,"L1:[sp=K,38] X=123,Y=65,K=41,C=3,S=4,R=6 || L2:[sp=C,34] R=1,C=1,Y=1,K=14,X=1,S=1",-inf,-inf,0,K|C,1
K,38,Y,222,R,6,K,41,C,3,S,7,X,123,C,34,R,1,C,1,Y,1,S,1,X,1,K,31,"L1:[sp=K,38] Y=222,R=6,K=41,C=3,S=7,X=123 || L2:[sp=C,34] R=1,C=1,Y=1,S=1,X=1,K=31",-924145.0,-163323000.0,1,K|C,1
Y,163,K,10,R,5,X,191,C,3,Y,222,S,2,K,9,X,1,S,1,K,1,R,1,C,3,Y,62,"L1:[sp=Y,163] K=10,R=5,X=191,C=3,Y=222,S=2 || L2:[sp=K,9] X=1,S=1,K=1,R=1,C=3,Y=62",-16339163.0,-163324000.0,1,Y|K,1
C,163,R,6,K,10,X,123,C,1,Y,222,S,4,X,41,C,1,X,1,S,1,R,1,K,4,Y,1,"L1:[sp=C,163] R=6,K=10,X=123,C=1,Y=222,S=4 || L2:[sp=X,41] C=1,X=1,S=1,R=1,K=4,Y=1",-43961.0,-163323000.0,1,C|X,1
K,38,X,123,R,6,C,3,K,41,S,5,Y,222,C,34,R,2,C,1,Y,1,K,14,X,14,S,1,"L1:[sp=K,38] X=123,R=6,C=3,K=41,S=5,Y=222 || L2:[sp=C,34] R=2,C=1,Y=1,K=14,X=14,S=1",-inf,-inf,0,K|C,1
Y,163,K,10,R,1,X,123,C,3,Y,222,S,5,K,9,X,1,S,1,K,1,R,1,C,3,Y,97,"L1:[sp=Y,163] K=10,R=1,X=123,C=3,Y=222,S=5 || L2:[sp=K,9] X=1,S=1,K=1,R=1,C=3,Y=97",-inf,-inf,0,Y|K,1
K,163,K,1,R,6,X,97,C,2,Y,222,S,6,Y,9,X,48,S,1,K,1,R,6,C,1,Y,1,"L1:[sp=K,163] K=1,R=6,X=97,C=2,Y=222,S=6 || L2:[sp=Y,9] X=48,S=1,K=1,R=6,C=1,Y=1",-inf,-inf,0,K|Y,1
K,38,X,41,R,6,K,41,C,3,S,5,Y,222,C,34,R,1,X,14,Y,1,S,1,C,1,K,37,"L1:[sp=K,38] X=41,R=6,K=41,C=3,S=5,Y=222 || L2:[sp=C,34] R=1,X=14,Y=1,S=1,C=1,K=37",-inf,-inf,0,K|C,1
K,38,X,197,R,5,K,41,C,3,S,2,Y,222,C,34,R,1,C,1,Y,1,K,14,X,1,S,1,"L1:[sp=K,38] X=197,R=5,K=41,C=3,S=2,Y=222 || L2:[sp=C,34] R=1,C=1,Y=1,K=14,X=1,S=1",-inf,-inf,0,K|C,1
X,140,K,33,S,2,X,197,R,5,Y,222,C,2,K,3,Y,1,C,1,R,1,S,2,K,1,X,1,"L1:[sp=X,140] K=33,S=2,X=197,R=5,Y=222,C=2 || L2:[sp=K,3] Y=1,C=1,R=1,S=2,K=1,X=1",-1456257.0,-163323000.0,1,X|K,1
C,38,X,97,R,6,K,41,C,3,S,6,Y,222,C,34,R,1,C,1,Y,1,S,1,X,1,K,14,"L1:[sp=C,38] X=97,R=6,K=41,C=3,S=6,Y=222 || L2:[sp=C,34] R=1,C=1,Y=1,S=1,X=1,K=14",-1559401.0,-163323000.0,1,C|C,1
C,38,X,123,S,5,C,3,K,41,R,6,Y,222,K,34,R,1,S,1,Y,1,K,1,X,1,C,3,"L1:[sp=C,38] X=123,S=5,C=3,K=41,R=6,Y=222 || L2:[sp=K,34] R=1,S=1,Y=1,K=1,X=1,C=3",-201113.0,-163323000.0,1,C|K,1
Y,163,K,10,R,6,X,123,C,1,Y,221,S,5,K,9,X,45,Y,1,K,1,R,1,C,1,S,4,"L1:[sp=Y,163] K=10,R=6,X=123,C=1,Y=221,S=5 || L2:[sp=K,9] X=45,Y=1,K=1,R=1,C=1,S=4",-1248325.0,-163323000.0,1,Y|K,1
C,163,R,6,K,10,X,123,C,1,Y,222,S,4,X,41,C,1,X,1,S,1,R,1,K,2,Y,1,"L1:[sp=C,163] R=6,K=10,X=123,C=1,Y=222,S=4 || L2:[sp=X,41] C=1,X=1,S=1,R=1,K=2,Y=1",-43961.0,-163323000.0,1,C|X,1
X,140,K,33,S,6,X,97,R,6,Y,222,C,2,X,97,Y,48,X,60,R,1,S,1,K,1,C,1,"L1:[sp=X,140] K=33,S=6,X=97,R=6,Y=222,C=2 || L2:[sp=X,97] Y=48,X=60,R=1,S=1,K=1,C=1",-inf,-inf,0,X|X,1
K,38,S,7,R,6,K,41,C,3,Y,222,X,123,C,34,R,4,C,1,Y,1,S,1,X,1,K,31,"L1:[sp=K,38] S=7,R=6,K=41,C=3,Y=222,X=123 || L2:[sp=C,34] R=4,C=1,Y=1,S=1,X=1,K=31",-1584245.0,-163324000.0,1,K|C,1
X,163,R,6,K,10,X,123,C,1,Y,222,S,5,X,41,C,1,X,1,S,1,R,1,K,2,Y,1,"L1:[sp=X,163] R=6,K=10,X=123,C=1,Y=222,S=5 || L2:[sp=X,41] C=1,X=1,S=1,R=1,K=2,Y=1",-75349.0,-163323000.0,1,X|X,1
C,38,K,2,S,4,C,3,X,123,R,6,Y,222,K,34,R,1,S,4,Y,1,K,1,X,121,C,3,"L1:[sp=C,38] K=2,S=4,C=3,X=123,R=6,Y=222 || L2:[sp=K,34] R=1,S=4,Y=1,K=1,X=121,C=3",-inf,-inf,0,C|K,1
K,38,Y,222,R,6,K,41,C,3,S,7,X,123,X,3,R,2,C,1,Y,1,K,31,X,1,S,1,"L1:[sp=K,38] Y=222,R=6,K=41,C=3,S=7,X=123 || L2:[sp=X,3] R=2,C=1,Y=1,K=31,X=1,S=1",-530381.0,-163324000.0,1,K|X,1
C,163,R,6,K,10,X,123,C,1,Y,222,S,4,X,41,C,1,X,1,S,1,R,1,K,4,Y,1,"L1:[sp=C,163] R=6,K=10,X=123,C=1,Y=222,S=4 || L2:[sp=X,41] C=1,X=1,S=1,R=1,K=4,Y=1",-43961.0,-163323000.0,1,C|X,1
C,38,X,123,S,7,C,3,K,41,R,6,Y,222,K,34,R,1,S,1,Y,1,K,1,X,1,C,3,"L1:[sp=C,38] X=123,S=7,C=3,K=41,R=6,Y=222 || L2:[sp=K,34] R=1,S=1,Y=1,K=1,X=1,C=3",-202869.0,-163323000.0,1,C|K,1
K,38,Y,222,R,2,K,41,C,3,S,5,X,123,C,34,R,1,C,1,Y,1,S,2,X,1,K,31,"L1:[sp=K,38] Y=222,R=2,K=41,C=3,S=5,X=123 || L2:[sp=C,34] R=1,C=1,Y=1,S=2,X=1,K=31",-inf,-inf,0,K|C,1
C,163,R,6,K,10,X,123,C,1,Y,168,S,5,C,1,C,1,X,1,S,1,R,1,K,2,Y,1,"L1:[sp=C,163] R=6,K=10,X=123,C=1,Y=168,S=5 || L2:[sp=C,1] C=1,X=1,S=1,R=1,K=2,Y=1",-inf,-inf,0,C|C,1
C,38,X,123,S,4,C,3,K,41,R,6,Y,222,K,34,R,1,S,1,Y,1,K,25,X,1,C,3,"L1:[sp=C,38] X=123,S=4,C=3,K=41,R=6,Y=222 || L2:[sp=K,34] R=1,S=1,Y=1,K=25,X=1,C=3",-3336917.0,-163323000.0,1,C|K,1
C,163,R,6,K,10,X,123,C,1,Y,222,S,4,X,41,C,1,X,1,S,3,R,1,K,2,Y,1,"L1:[sp=C,163] R=6,K=10,X=123,C=1,Y=222,S=4 || L2:[sp=X,41] C=1,X=1,S=3,R=1,K=2,Y=1",-69049.0,-163323000.0,1,C|X,1
Y,163,R,6,K,10,X,114,C,1,Y,222,S,4,C,84,Y,1,X,45,S,1,R,3,K,2,C,1,"L1:[sp=Y,163] R=6,K=10,X=114,C=1,Y=222,S=4 || L2:[sp=C,84] Y=1,X=45,S=1,R=3,K=2,C=1",-inf,-inf,0,Y|C,1
Y,163,R,6,K,10,X,123,C,1,Y,222,S,4,X,41,C,1,X,1,S,1,R,1,K,2,Y,1,"L1:[sp=Y,163] R=6,K=10,X=123,C=1,Y=222,S=4 || L2:[sp=X,41] C=1,X=1,S=1,R=1,K=2,Y=1",-131881.0,-163323000.0,1,Y|X,1
C,163,R,6,K,10,X,123,C,2,Y,222,S,3,X,41,X,1,C,1,S,1,R,1,Y,1,K,4,"L1:[sp=C,163] R=6,K=10,X=123,C=2,Y=222,S=3 || L2:[sp=X,41] X=1,C=1,S=1,R=1,Y=1,K=4",-87893.0,-163323000.0,1,C|X,1
X,163,R,1,K,10,X,114,C,1,Y,222,S,4,C,41,C,1,X,45,S,1,R,1,K,2,Y,1,"L1:[sp=X,163] R=1,K=10,X=114,C=1,Y=222,S=4 || L2:[sp=C,41] C=1,X=45,S=1,R=1,K=2,Y=1",-inf,-inf,0,X|C,1
C,163,R,6,K,10,X,151,C,1,Y,222,S,2,X,41,C,1,X,1,S,1,R,1,K,2,Y,1,"L1:[sp=C,163] R=6,K=10,X=151,C=1,Y=222,S=2 || L2:[sp=X,41] C=1,X=1,S=1,R=1,K=2,Y=1",-37745.0,-163323000.0,1,C|X,1
C,38,X,123,S,5,C,3,K,41,R,6,Y,222,K,34,R,1,S,1,Y,1,K,1,X,1,C,3,"L1:[sp=C,38] X=123,S=5,C=3,K=41,R=6,Y=222 || L2:[sp=K,34] R=1,S=1,Y=1,K=1,X=1,C=3",-201113.0,-163323000.0,1,C|K,1
X,140,K,33,X,97,S,6,R,6,Y,222,C,2,X,97,Y,1,X,37,R,6,S,1,K,1,C,1,"L1:[sp=X,140] K=33,X=97,S=6,R=6,Y=222,C=2 || L2:[sp=X,97] Y=1,X=37,R=6,S=1,K=1,C=1",-inf,-inf,0,X|X,1
C,163,R,6,K,10,S,4,C,1,Y,222,X,123,X,41,C,1,X,1,S,1,R,1,K,2,Y,40,"L1:[sp=C,163] R=6,K=10,S=4,C=1,Y=222,X=123 || L2:[sp=X,41] C=1,X=1,S=1,R=1,K=2,Y=40",-526905.0,-163323000.0,1,C|X,1
C,163,R,6,K,10,X,123,C,1,Y,222,S,4,X,41,C,1,X,68,S,1,R,1,K,4,Y,1,"L1:[sp=C,163] R=6,K=10,X=123,C=1,Y=222,S=4 || L2:[sp=X,41] C=1,X=68,S=1,R=1,K=4,Y=1",-inf,-inf,0,C|X,1
C,163,R,6,K,10,X,151,C,1,Y,222,S,2,X,41,C,1,X,1,S,1,R,1,K,2,Y,1,"L1:[sp=C,163] R=6,K=10,X=151,C=1,Y=222,S=2 || L2:[sp=X,41] C=1,X=1,S=1,R=1,K=2,Y=1",-37745.0,-163323000.0,1,C|X,1
C,163,R,6,K,10,X,157,C,1,Y,222,S,2,X,41,C,1,X,1,S,1,R,1,K,2,Y,1,"L1:[sp=C,163] R=6,K=10,X=157,C=1,Y=222,S=2 || L2:[sp=X,41] C=1,X=1,S=1,R=1,K=2,Y=1",-37745.0,-163323000.0,1,C|X,1
C,163,R,6,K,10,S,4,C,1,Y,80,X,123,X,41,C,1,X,1,S,1,R,1,K,7,Y,1,"L1:[sp=C,163] R=6,K=10,S=4,C=1,Y=80,X=123 || L2:[sp=X,41] C=1,X=1,S=1,R=1,K=7,Y=1",-inf,-inf,0,C|X,1
C,163,R,6,C,1,X,123,K,10,Y,36,S,4,X,41,C,1,X,1,S,3,R,1,K,2,Y,1,"L1:[sp=C,163] R=6,C=1,X=123,K=10,Y=36,S=4 || L2:[sp=X,41] C=1,X=1,S=3,R=1,K=2,Y=1",-inf,-inf,0,C|X,1
C,163,R,6,K,10,X,123,Y,222,C,2,S,3,X,41,X,1,C,1,S,1,R,1,Y,5,K,8,"L1:[sp=C,163] R=6,K=10,X=123,Y=222,C=2,S=3 || L2:[sp=X,41] X=1,C=1,S=1,R=1,Y=5,K=8",-170213.0,-163323000.0,1,C|X,1
C,163,R,6,K,10,X,123,C,1,Y,24,S,5,X,41,C,1,X,97,S,1,R,1,K,2,Y,1,"L1:[sp=C,163] R=6,K=10,X=123,C=1,Y=24,S=5 || L2:[sp=X,41] C=1,X=97,S=1,R=1,K=2,Y=1",-inf,-inf,0,C|X,1
X,163,R,6,K,10,X,151,C,3,Y,222,S,2,X,41,R,1,X,1,S,1,C,1,K,2,Y,1,"L1:[sp=X,163] R=6,K=10,X=151,C=3,Y=222,S=2 || L2:[sp=X,41] R=1,X=1,S=1,C=1,K=2,Y=1",-75321.0,-163323000.0,1,X|X,1
C,163,R,6,K,8,X,123,C,2,Y,222,S,3,X,41,C,1,X,1,S,1,R,1,Y,66,K,4,"L1:[sp=C,163] R=6,K=8,X=123,C=2,Y=222,S=3 || L2:[sp=X,41] C=1,X=1,S=1,R=1,Y=66,K=4",-inf,-inf,0,C|X,1
C,163,R,6,K,10,X,151,C,2,Y,222,S,2,X,41,C,1,X,1,S,1,R,1,K,2,Y,1,"L1:[sp=C,163] R=6,K=10,X=151,C=2,Y=222,S=2 || L2:[sp=X,41] C=1,X=1,S=1,R=1,K=2,Y=1",-75377.0,-163323000.0,1,C|X,1
Y,163,R,6,K,10,X,123,C,3,Y,40,S,4,X,41,S,3,X,1,C,1,R,1,K,2,Y,1,"L1:[sp=Y,163] R=6,K=10,X=123,C=3,Y=40,S=4 || L2:[sp=X,41] S=3,X=1,C=1,R=1,K=2,Y=1",-inf,-inf,0,Y|X,1
C,163,R,6,K,10,X,123,C,1,Y,222,S,4,X,41,C,1,X,1,S,1,R,2,K,4,Y,1,"L1:[sp=C,163] R=6,K=10,X=123,C=1,Y=222,S=4 || L2:[sp=X,41] C=1,X=1,S=1,R=2,K=4,Y=1",-25145.0,-163323000.0,1,C|X,1
X,163,R,6,K,10,X,123,C,1,Y,222,S,5,Y,1,Y,1,X,1,S,1,R,1,K,2,C,1,"L1:[sp=X,163] R=6,K=10,X=123,C=1,Y=222,S=5 || L2:[sp=Y,1] Y=1,X=1,S=1,R=1,K=2,C=1",-2389717.0,-163323000.0,1,X|Y,1
Y,163,R,6,K,10,X,123,C,1,Y,222,S,4,X,41,C,1,X,1,S,1,R,1,K,2,Y,1,"L1:[sp=Y,163] R=6,K=10,X=123,C=1,Y=222,S=4 || L2:[sp=X,41] C=1,X=1,S=1,R=1,K=2,Y=1",-inf,-inf,0,Y|X,1
X,163,R,6,K,20,X,123,C,1,Y,222,S,4,Y,1,C,1,X,22,S,3,R,1,K,2,Y,1,"L1:[sp=X,163] R=6,K=20,X=123,C=1,Y=222,S=4 || L2:[sp=Y,1] C=1,X=22,S=3,R=1,K=2,Y=1",-2370865.0,-163323000.0,1,X|Y,1
C,163,R,6,K,10,X,123,C,1,Y,222,S,5,X,41,C,1,X,13,S,1,R,1,K,2,Y,1,"L1:[sp=C,163] R=6,K=10,X=123,C=1,Y=222,S=5 || L2:[sp=X,41] C=1,X=13,S=1,R=1,K=2,Y=1",-163129.0,-163323000.0,1,C|X,1
C,163,R,6,K,10,X,123,C,2,Y,222,S,5,X,41,Y,1,X,117,S,1,C,1,R,1,K,4,"L1:[sp=C,163] R=6,K=10,X=123,C=2,Y=222,S=5 || L2:[sp=X,41] Y=1,X=117,S=1,C=1,R=1,K=4",-inf,-inf,0,C|X,1
X,163,R,6,K,10,X,123,C,1,Y,89,S,2,X,41,C,1,X,1,S,1,R,1,K,9,Y,1,"L1:[sp=X,163] R=6,K=10,X=123,C=1,Y=89,S=2 || L2:[sp=X,41] C=1,X=1,S=1,R=1,K=9,Y=1",-inf,-inf,0,X|X,1
X,163,R,6,X,123,K,51,C,2,Y,222,S,3,C,41,X,2,C,1,S,1,R,1,Y,1,K,4,"L1:[sp=X,163] R=6,X=123,K=51,C=2,Y=222,S=3 || L2:[sp=C,41] X=2,C=1,S=1,R=1,Y=1,K=4",-1617025.0,-163323000.0,1,X|C,1
X,163,R,6,K,10,X,202,C,1,Y,222,S,5,X,41,C,1,X,1,R,1,S,1,K,2,Y,1,"L1:[sp=X,163] R=6,K=10,X=202,C=1,Y=222,S=5 || L2:[sp=X,41] C=1,X=1,R=1,S=1,K=2,Y=1",-112981.0,-163323000.0,1,X|X,1
X,163,R,6,K,10,X,123,C,3,Y,222,S,5,X,41,C,1,X,1,S,1,R,1,K,2,Y,8,"L1:[sp=X,163] R=6,K=10,X=123,C=3,Y=222,S=5 || L2:[sp=X,41] C=1,X=1,S=1,R=1,K=2,Y=8",-301085.0,-163323000.0,1,X|X,1
C,38,X,115,S,5,C,3,K,41,R,6,Y,222,K,34,R,1,S,1,Y,1,K,1,X,1,C,3,"L1:[sp=C,38] X=115,S=5,C=3,K=41,R=6,Y=222 || L2:[sp=K,34] R=1,S=1,Y=1,K=1,X=1,C=3",-201113.0,-163323000.0,1,C|K,1
C,163,R,6,K,10,X,123,C,1,Y,222,S,4,X,41,C,1,X,1,S,1,R,2,K,4,Y,1,"L1:[sp=C,163] R=6,K=10,X=123,C=1,Y=222,S=4 || L2:[sp=X,41] C=1,X=1,S=1,R=2,K=4,Y=1",-25145.0,-163323000.0,1,C|X,1
X,163,R,6,K,10,X,202,C,1,Y,222,S,5,X,41,X,1,C,1,R,1,S,1,K,2,Y,1,"L1:[sp=X,163] R=6,K=10,X=202,C=1,Y=222,S=5 || L2:[sp=X,41] X=1,C=1,R=1,S=1,K=2,Y=1",-inf,-inf,0,X|X,1
X,163,R,6,K,10,X,151,C,1,Y,222,S,5,C,41,C,1,X,1,S,1,R,1,K,2,Y,1,"L1:[sp=X,163] R=6,K=10,X=151,C=1,Y=222,S=5 || L2:[sp=C,41] C=1,X=1,S=1,R=1,K=2,Y=1",-inf,-inf,0,X|C,1
C,163,R,6,K,10,X,151,C,1,Y,222,S,2,X,41,C,1,X,1,S,1,R,1,K,2,Y,1,"L1:[sp=C,163] R=6,K=10,X=151,C=1,Y=222,S=2 || L2:[sp=X,41] C=1,X=1,S=1,R=1,K=2,Y=1",-37745.0,-163323000.0,1,C|X,1
X,163,R,2,K,10,X,123,S,5,Y,222,C,3,X,41,R,1,X,13,S,4,C,1,K,2,Y,1,"L1:[sp=X,163] R=2,K=10,X=123,S=5,Y=222,C=3 || L2:[sp=X,41] R=1,X=13,S=4,C=1,K=2,Y=1",-inf,-inf,0,X|X,1
C,163,R,6,K,10,X,154,C,1,Y,222,S,4,X,41,C,1,X,13,S,1,R,1,K,2,Y,1,"L1:[sp=C,163] R=6,K=10,X=154,C=1,Y=222,S=4 || L2:[sp=X,41] C=1,X=13,S=1,R=1,K=2,Y=1",-163129.0,-163323000.0,1,C|X,1
C,163,R,7,K,10,X,123,C,1,Y,222,S,4,X,41,C,1,X,1,S,1,R,2,K,4,Y,105,"L1:[sp=C,163] R=7,K=10,X=123,C=1,Y=222,S=4 || L2:[sp=X,41] C=1,X=1,S=1,R=2,K=4,Y=105",-inf,-inf,0,C|X,1
C,163,R,6,K,10,X,161,Y,222,C,1,S,5,X,41,C,1,X,1,S,1,R,2,K,2,Y,1,"L1:[sp=C,163] R=6,K=10,X=161,Y=222,C=1,S=5 || L2:[sp=X,41] C=1,X=1,S=1,R=2,K=2,Y=1",-25145.0,-163323000.0,1,C|X,1
X,163,R,6,K,10,X,69,C,1,Y,222,S,5,X,41,C,1,X,48,R,1,S,1,K,2,Y,1,"L1:[sp=X,163] R=6,K=10,X=69,C=1,Y=222,S=5 || L2:[sp=X,41] C=1,X=48,R=1,S=1,K=2,Y=1",-inf,-inf,0,X|X,1
X,163,R,6,K,10,X,202,C,1,Y,222,S,4,X,41,C,1,X,186,R,1,S,1,K,2,Y,1,"L1:[sp=X,163] R=6,K=10,X=202,C=1,Y=222,S=4 || L2:[sp=X,41] C=1,X=186,R=1,S=1,K=2,Y=1",-inf,-inf,0,X|X,1
C,163,S,5,K,10,X,123,Y,222,C,2,R,6,X,41,X,1,C,2,S,1,R,5,Y,5,K,10,"L1:[sp=C,163] S=5,K=10,X=123,Y=222,C=2,R=6 || L2:[sp=X,41] X=1,C=2,S=1,R=5,Y=5,K=10",-432237.0,-163323000.0,1,C|X,1
C,163,R,6,K,61,X,157,C,1,Y,222,S,2,X,41,C,1,X,1,S,1,R,1,K,2,Y,1,"L1:[sp=C,163] R=6,K=61,X=157,C=1,Y=222,S=2 || L2:[sp=X,41] C=1,X=1,S=1,R=1,K=2,Y=1",-37665.0,-163323000.0,1,C|X,1
X,163,R,3,K,10,X,123,C,1,Y,23,S,4,C,41,C,1,X,1,S,1,R,2,K,4,Y,1,"L1:[sp=X,163] R=3,K=10,X=123,C=1,Y=23,S=4 || L2:[sp=C,41] C=1,X=1,S=1,R=2,K=4,Y=1",-inf,-inf,0,X|C,1
C,163,R,6,K,10,X,123,Y,222,C,2,S,3,X,41,X,1,C,1,S,1,R,1,Y,5,K,5,"L1:[sp=C,163] R=6,K=10,X=123,Y=222,C=2,S=3 || L2:[sp=X,41] X=1,C=1,S=1,R=1,Y=5,K=5",-178445.0,-163323000.0,1,C|X,1
C,163,R,6,K,10,X,151,C,3,Y,222,S,2,X,41,C,1,X,1,S,1,R,1,K,2,Y,1,"L1:[sp=C,163] R=6,K=10,X=151,C=3,Y=222,S=2 || L2:[sp=X,41] C=1,X=1,S=1,R=1,K=2,Y=1",-113009.0,-163323000.0,1,C|X,1
C,163,R,6,K,10,X,151,C,2,Y,222,S,2,X,41,C,1,X,1,S,1,R,1,K,2,Y,1,"L1:[sp=C,163] R=6,K=10,X=151,C=2,Y=222,S=2 || L2:[sp=X,41] C=1,X=1,S=1,R=1,K=2,Y=1",-75377.0,-163323000.0,1,C|X,1
X,163,R,6,K,10,X,151,C,3,Y,222,S,2,X,41,R,1,X,1,S,1,C,1,K,2,Y,1,"L1:[sp=X,163] R=6,K=10,X=151,C=3,Y=222,S=2 || L2:[sp=X,41] R=1,X=1,S=1,C=1,K=2,Y=1",-75321.0,-163323000.0,1,X|X,1
K,163,C,1,K,10,X,202,R,6,Y,222,S,5,X,41,X,1,C,1,R,1,Y,1,K,4,S,1,"L1:[sp=K,163] C=1,K=10,X=202,R=6,Y=222,S=5 || L2:[sp=X,41] X=1,C=1,R=1,Y=1,K=4,S=1",-41209.0,-163323000.0,1,K|X,1
X,163,R,6,K,10,X,123,C,2,Y,222,S,4,X,41,C,1,X,9,R,2,S,2,K,2,Y,1,"L1:[sp=X,163] R=6,K=10,X=123,C=2,Y=222,S=4 || L2:[sp=X,41] C=1,X=9,R=2,S=2,K=2,Y=1",-inf,-inf,0,X|X,1
C,163,R,6,X,123,K,3,Y,222,C,2,S,3,X,41,X,1,C,1,S,1,R,4,Y,5,K,3,"L1:[sp=C,163] R=6,X=123,K=3,Y=222,C=2,S=3 || L2:[sp=X,41] X=1,C=1,S=1,R=4,Y=5,K=3",-155497.0,-163323000.0,1,C|X,1
X,163,R,6,K,10,X,202,C,1,Y,222,S,5,X,41,C,1,X,1,R,1,S,1,K,2,Y,1,"L1:[sp=X,163] R=6,K=10,X=202,C=1,Y=222,S=5 || L2:[sp=X,41] C=1,X=1,R=1,S=1,K=2,Y=1",-inf,-inf,0,X|X,1
C,163,R,6,K,10,X,123,C,1,Y,222,S,4,X,41,C,1,X,1,S,1,R,2,K,4,Y,1,"L1:[sp=C,163] R=6,K=10,X=123,C=1,Y=222,S=4 || L2:[sp=X,41] C=1,X=1,S=1,R=2,K=4,Y=1",-25145.0,-163323000.0,1,C|X,1
X,163,R,6,K,10,X,151,C,3,Y,222,S,2,X,41,R,1,X,1,S,1,C,1,K,4,Y,1,"L1:[sp=X,163] R=6,K=10,X=151,C=3,Y=222,S=2 || L2:[sp=X,41] R=1,X=1,S=1,C=1,K=4,Y=1",-inf,-inf,0,X|X,1
K,163,R,6,K,10,X,18,C,1,Y,222,S,2,X,41,C,1,X,1,S,1,R,1,K,2,Y,1,"L1:[sp=K,163] R=6,K=10,X=18,C=1,Y=222,S=2 || L2:[sp=X,41] C=1,X=1,S=1,R=1,K=2,Y=1",-inf,-inf,0,K|X,1
C,163,R,6,K,61,X,157,C,1,Y,222,S,2,X,41,C,1,X,1,S,1,R,1,K,2,Y,1,"L1:[sp=C,163] R=6,K=61,X=157,C=1,Y=222,S=2 || L2:[sp=X,41] C=1,X=1,S=1,R=1,K=2,Y=1",-37665.0,-163323000.0,1,C|X,1
C,163,Y,222,K,10,X,161,R,7,C,1,S,5,X,41,C,1,X,1,S,1,R,2,K,2,Y,21,"L1:[sp=C,163] Y=222,K=10,X=161,R=7,C=1,S=5 || L2:[sp=X,41] C=1,X=1,S=1,R=2,K=2,Y=21",-inf,-inf,0,C|X,1
C,163,R,6,K,10,X,161,C,3,Y,222,S,5,X,41,K,2,X,1,S,2,R,2,C,1,Y,1,"L1:[sp=C,163] R=6,K=10,X=161,C=3,Y=222,S=5 || L2:[sp=X,41] K=2,X=1,S=2,R=2,C=1,Y=1",-75321.0,-163323000.0,1,C|X,1
C,163,R,6,K,10,X,151,Y,222,C,1,S,2,X,41,C,1,X,1,S,1,R,2,K,2,Y,1,"L1:[sp=C,163] R=6,K=10,X=151,Y=222,C=1,S=2 || L2:[sp=X,41] C=1,X=1,S=1,R=2,K=2,Y=1",-21617.0,-163323000.0,1,C|X,1
C,163,R,6,K,10,X,123,C,1,Y,222,S,4,X,41,C,1,X,56,S,1,R,2,K,4,Y,1,"L1:[sp=C,163] R=6,K=10,X=123,C=1,Y=222,S=4 || L2:[sp=X,41] C=1,X=56,S=1,R=2,K=4,Y=1",-inf,-inf,0,C|X,1
C,163,R,6,K,10,X,151,C,3,Y,105,S,2,X,41,C,1,X,1,S,1,R,1,K,2,Y,1,"L1:[sp=C,163] R=6,K=10,X=151,C=3,Y=105,S=2 || L2:[sp=X,41] C=1,X=1,S=1,R=1,K=2,Y=1",-inf,-inf,0,C|X,1
X,163,R,6,K,10,X,123,C,1,Y,222,S,4,C,41,C,1,X,1,R,2,Y,1,K,4,S,1,"L1:[sp=X,163] R=6,K=10,X=123,C=1,Y=222,S=4 || L2:[sp=C,41] C=1,X=1,R=2,Y=1,K=4,S=1",-1354837.0,-163323000.0,1,X|C,1
C,163,R,6,K,61,X,157,C,1,Y,222,S,2,X,41,C,1,X,1,S,1,K,2,R,2,Y,1,"L1:[sp=C,163] R=6,K=61,X=157,C=1,Y=222,S=2 || L2:[sp=X,41] C=1,X=1,S=1,K=2,R=2,Y=1",-21537.0,-163323000.0,1,C|X,1
C,163,R,6,K,10,X,151,C,1,Y,222,S,2,X,41,C,1,X,5,S,1,R,1,K,2,Y,1,"L1:[sp=C,163] R=6,K=10,X=151,C=1,Y=222,S=2 || L2:[sp=X,41] C=1,X=5,S=1,R=1,K=2,Y=1",-62833.0,-163323000.0,1,C|X,1
X,163,R,6,K,10,X,123,C,1,Y,222,S,4,C,41,C,1,X,1,S,1,R,1,K,4,Y,1,"L1:[sp=X,163] R=6,K=10,X=123,C=1,Y=222,S=4 || L2:[sp=C,41] C=1,X=1,S=1,R=1,K=4,Y=1",-2370901.0,-163323000.0,1,X|C,1
C,163,R,6,K,10,X,161,Y,222,C,2,S,5,X,41,C,1,X,1,S,1,R,2,K,2,Y,1,"L1:[sp=C,163] R=6,K=10,X=161,Y=222,C=2,S=5 || L2:[sp=X,41] C=1,X=1,S=1,R=2,K=2,Y=1",-50233.0,-163323000.0,1,C|X,1
K,163,C,1,K,10,X,202,R,4,Y,36,S,5,X,41,X,1,C,1,R,1,Y,1,K,4,S,1,"L1:[sp=K,163] C=1,K=10,X=202,R=4,Y=36,S=5 || L2:[sp=X,41] X=1,C=1,R=1,Y=1,K=4,S=1",-inf,-inf,0,K|X,1
X,163,R,6,K,10,X,151,C,3,Y,113,S,2,C,41,C,1,X,1,S,1,R,1,K,2,Y,1,"L1:[sp=X,163] R=6,K=10,X=151,C=3,Y=113,S=2 || L2:[sp=C,41] C=1,X=1,S=1,R=1,K=2,Y=1",-inf,-inf,0,X|C,1
X,163,R,6,K,10,X,151,C,3,Y,222,S,2,X,41,R,1,X,1,S,1,C,1,K,2,Y,1,"L1:[sp=X,163] R=6,K=10,X=151,C=3,Y=222,S=2 || L2:[sp=X,41] R=1,X=1,S=1,C=1,K=2,Y=1",-inf,-inf,0,X|X,1
C,163,R,6,K,11,X,123,C,1,Y,222,S,2,X,41,C,1,X,1,S,1,R,1,K,6,Y,1,"L1:[sp=C,163] R=6,K=11,X=123,C=1,Y=222,S=2 || L2:[sp=X,41] C=1,X=1,S=1,R=1,K=6,Y=1",-45373.0,-163323000.0,1,C|X,1
C,163,R,6,K,61,X,157,C,1,Y,222,S,4,X,41,C,1,X,6,S,1,R,2,K,38,Y,1,"L1:[sp=C,163] R=6,K=61,X=157,C=1,Y=222,S=4 || L2:[sp=X,41] C=1,X=6,S=1,R=2,K=38,Y=1",-inf,-inf,0,C|X,1
C,163,R,6,K,61,X,157,C,1,Y,222,S,2,X,41,C,1,X,1,S,1,R,1,K,2,Y,1,"L1:[sp=C,163] R=6,K=61,X=157,C=1,Y=222,S=2 || L2:[sp=X,41] C=1,X=1,S=1,R=1,K=2,Y=1",-37665.0,-163323000.0,1,C|X,1
C,163,R,6,S,5,X,161,Y,222,C,1,K,10,X,41,C,1,X,1,S,1,R,2,K,2,Y,1,"L1:[sp=C,163] R=6,S=5,X=161,Y=222,C=1,K=10 || L2:[sp=X,41] C=1,X=1,S=1,R=2,K=2,Y=1",-25145.0,-163323000.0,1,C|X,1
C,163,R,6,K,61,X,157,C,1,Y,222,S,2,X,41,C,1,X,1,S,1,K,2,R,2,Y,1,"L1:[sp=C,163] R=6,K=61,X=157,C=1,Y=222,S=2 || L2:[sp=X,41] C=1,X=1,S=1,K=2,R=2,Y=1",-21537.0,-163323000.0,1,C|X,1
X,163,R,6,K,61,X,161,C,1,Y,222,S,5,C,41,C,1,X,18,S,1,K,2,R,3,Y,1,"L1:[sp=X,163] R=6,K=61,X=161,C=1,Y=222,S=5 || L2:[sp=C,41] C=1,X=18,S=1,K=2,R=3,Y=1",-inf,-inf,0,X|C,1
C,163,Y,222,S,3,X,157,R,6,C,1,K,10,X,41,C,1,X,1,S,1,R,2,K,2,Y,1,"L1:[sp=C,163] Y=222,S=3,X=157,R=6,C=1,K=10 || L2:[sp=X,41] C=1,X=1,S=1,R=2,K=2,Y=1",-21589.0,-163323000.0,1,C|X,1
C,163,R,6,K,10,X,103,Y,222,C,3,S,2,X,41,C,1,X,1,S,1,R,2,K,2,Y,1,"L1:[sp=C,163] R=6,K=10,X=103,Y=222,C=3,S=2 || L2:[sp=X,41] C=1,X=1,S=1,R=2,K=2,Y=1",-75433.0,-163323000.0,1,C|X,1
C,163,R,6,S,2,X,151,Y,222,C,1,K,10,X,41,C,1,X,1,S,1,R,2,K,4,Y,1,"L1:[sp=C,163] R=6,S=2,X=151,Y=222,C=1,K=10 || L2:[sp=X,41] C=1,X=1,S=1,R=2,K=4,Y=1",-21617.0,-163323000.0,1,C|X,1
C,163,R,6,K,44,X,161,Y,222,C,2,S,5,X,1,C,1,X,1,S,1,R,2,K,2,Y,71,"L1:[sp=C,163] R=6,K=44,X=161,Y=222,C=2,S=5 || L2:[sp=X,1] C=1,X=1,S=1,R=2,K=2,Y=71",-16343057.0,-163324000.0,1,C|X,1
C,163,R,6,K,20,X,151,Y,222,C,1,S,2,X,41,C,1,X,146,S,1,R,2,K,2,Y,1,"L1:[sp=C,163] R=6,K=20,X=151,Y=222,C=1,S=2 || L2:[sp=X,41] C=1,X=146,S=1,R=2,K=2,Y=1",-inf,-inf,0,C|X,1
C,163,R,6,K,61,X,157,C,1,Y,222,S,2,X,41,C,1,X,1,S,1,K,2,R,2,Y,175,"L1:[sp=C,163] R=6,K=61,X=157,C=1,Y=222,S=2 || L2:[sp=X,41] C=1,X=1,S=1,K=2,R=2,Y=175",-inf,-inf,0,C|X,1
C,163,R,6,K,10,X,151,Y,222,C,1,S,2,K,10,C,1,R,2,S,1,X,1,K,2,Y,3,"L1:[sp=C,163] R=6,K=10,X=151,Y=222,C=1,S=2 || L2:[sp=K,10] C=1,R=2,S=1,X=1,K=2,Y=3",-176513.0,-163323000.0,1,C|K,1
K,163,R,6,K,61,X,157,C,2,Y,222,S,2,C,61,C,1,X,1,R,1,S,1,K,2,Y,1,"L1:[sp=K,163] R=6,K=61,X=157,C=2,Y=222,S=2 || L2:[sp=C,61] C=1,X=1,R=1,S=1,K=2,Y=1",-inf,-inf,0,K|C,1
C,163,R,6,S,5,X,161,Y,222,C,1,K,10,X,41,C,1,X,1,S,4,R,2,K,2,Y,1,"L1:[sp=C,163] R=6,S=5,X=161,Y=222,C=1,K=10 || L2:[sp=X,41] C=1,X=1,S=4,R=2,K=2,Y=1",-18489.0,-163323000.0,1,C|X,1
C,163,R,6,K,10,X,151,Y,143,C,1,S,2,X,41,C,1,X,1,S,1,R,2,K,2,Y,1,"L1:[sp=C,163] R=6,K=10,X=151,Y=143,C=1,S=2 || L2:[sp=X,41] C=1,X=1,S=1,R=2,K=2,Y=1",-inf,-inf,0,C|X,1
C,163,R,6,K,10,X,161,Y,222,C,2,S,5,X,41,C,1,X,1,S,1,R,2,K,2,Y,1,"L1:[sp=C,163] R=6,K=10,X=161,Y=222,C=2,S=5 || L2:[sp=X,41] C=1,X=1,S=1,R=2,K=2,Y=1",-50233.0,-163323000.0,1,C|X,1
X,163,R,6,K,11,X,157,C,1,Y,222,S,2,X,41,C,1,R,2,S,1,X,1,K,6,Y,1,"L1:[sp=X,163] R=6,K=11,X=157,C=1,Y=222,S=2 || L2:[sp=X,41] C=1,R=2,S=1,X=1,K=6,Y=1",-44497.0,-163323000.0,1,X|X,1
C,163,R,6,K,61,X,123,C,1,Y,144,S,2,X,41,C,1,X,1,S,1,K,2,R,5,Y,1,"L1:[sp=C,163] R=6,K=61,X=123,C=1,Y=144,S=2 || L2:[sp=X,41] C=1,X=1,S=1,K=2,R=5,Y=1",-inf,-inf,0,C|X,1
C,163,R,6,K,10,X,161,Y,222,C,2,S,2,X,41,C,1,X,161,S,1,R,1,K,2,Y,1,"L1:[sp=C,163] R=6,K=10,X=161,Y=222,C=2,S=2 || L2:[sp=X,41] C=1,X=161,S=1,R=1,K=2,Y=1",-inf,-inf,0,C|X,1
C,163,R,6,K,11,X,123,C,1,Y,222,S,5,K,1,C,1,X,1,S,1,R,2,K,6,Y,1,"L1:[sp=C,163] R=6,K=11,X=123,C=1,Y=222,S=5 || L2:[sp=K,1] C=1,X=1,S=1,R=2,K=6,Y=1",-842737.0,-163323000.0,1,C|K,1
C,163,R,6,K,10,X,161,Y,222,C,2,S,5,X,41,C,1,X,1,S,1,R,2,K,3,Y,1,"L1:[sp=C,163] R=6,K=10,X=161,Y=222,C=2,S=5 || L2:[sp=X,41] C=1,X=1,S=1,R=2,K=3,Y=1",-50233.0,-163323000.0,1,C|X,1
X,163,R,4,S,5,X,161,Y,222,C,2,K,10,C,41,C,1,Y,1,S,1,X,1,K,2,R,2,"L1:[sp=X,163] R=4,S=5,X=161,Y=222,C=2,K=10 || L2:[sp=C,41] C=1,Y=1,S=1,X=1,K=2,R=2",-1182777.0,-163323000.0,1,X|C,1
C,163,R,6,K,61,X,157,C,1,Y,222,S,4,X,41,C,1,X,1,S,1,K,2,R,2,Y,1,"L1:[sp=C,163] R=6,K=61,X=157,C=1,Y=222,S=4 || L2:[sp=X,41] C=1,X=1,S=1,K=2,R=2,Y=1",-21521.0,-163323000.0,1,C|X,1
C,163,R,6,K,10,X,151,Y,222,C,1,S,2,X,41,C,1,X,1,S,1,R,6,K,2,Y,1,"L1:[sp=C,163] R=6,K=10,X=151,Y=222,C=1,S=2 || L2:[sp=X,41] C=1,X=1,S=1,R=6,K=2,Y=1",-32369.0,-163323000.0,1,C|X,1
C,163,R,6,S,5,X,161,Y,222,C,1,K,10,X,41,C,1,X,1,S,4,R,2,K,2,Y,1,"L1:[sp=C,163] R=6,S=5,X=161,Y=222,C=1,K=10 || L2:[sp=X,41] C=1,X=1,S=4,R=2,K=2,Y=1",-18489.0,-163323000.0,1,C|X,1
C,163,Y,222,S,2,X,157,R,6,C,1,K,10,X,41,C,1,X,95,S,1,R,2,K,2,Y,1,"L1:[sp=C,163] Y=222,S=2,X=157,R=6,C=1,K=10 || L2:[sp=X,41] C=1,X=95,S=1,R=2,K=2,Y=1",-inf,-inf,0,C|X,1
C,163,R,5,K,61,X,157,C,1,Y,222,S,2,X,41,C,1,X,1,S,1,K,2,R,2,Y,222,"L1:[sp=C,163] R=5,K=61,X=157,C=1,Y=222,S=2 || L2:[sp=X,41] C=1,X=1,S=1,K=2,R=2,Y=222",-inf,-inf,0,C|X,1
X,163,R,6,K,11,X,157,C,1,Y,222,S,2,X,41,C,1,R,2,S,1,X,1,K,6,Y,1,"L1:[sp=X,163] R=6,K=11,X=157,C=1,Y=222,S=2 || L2:[sp=X,41] C=1,R=2,S=1,X=1,K=6,Y=1",-inf,-inf,0,X|X,1
C,163,R,6,S,2,X,151,Y,144,C,1,K,10,X,41,C,1,X,1,S,2,R,2,K,4,Y,1,"L1:[sp=C,163] R=6,S=2,X=151,Y=144,C=1,K=10 || L2:[sp=X,41] C=1,X=1,S=2,R=2,K=4,Y=1",-inf,-inf,0,C|X,1
C,163,Y,222,S,1,K,62,R,6,C,1,X,157,X,41,C,1,X,1,S,1,R,2,K,2,Y,1,"L1:[sp=C,163] Y=222,S=1,K=62,R=6,C=1,X=157 || L2:[sp=X,41] C=1,X=1,S=1,R=2,K=2,Y=1",-21561.0,-163323000.0,1,C|X,1
C,163,R,6,K,61,X,157,C,1,Y,222,S,4,X,41,C,1,X,1,S,1,K,2,R,2,Y,1,"L1:[sp=C,163] R=6,K=61,X=157,C=1,Y=222,S=4 || L2:[sp=X,41] C=1,X=1,S=1,K=2,R=2,Y=1",-21521.0,-163323000.0,1,C|X,1
C,163,Y,223,S,2,X,157,R,6,C,1,K,10,X,41,C,1,X,1,S,1,R,2,K,8,Y,1,"L1:[sp=C,163] Y=223,S=2,X=157,R=6,C=1,K=10 || L2:[sp=X,41] C=1,X=1,S=1,R=2,K=8,Y=1",-20945.0,-163323000.0,1,C|X,1
C,163,R,5,K,61,X,157,C,1,Y,223,S,3,X,41,C,1,X,1,S,1,K,2,R,2,Y,1,"L1:[sp=C,163] R=5,K=61,X=157,C=1,Y=223,S=3 || L2:[sp=X,41] C=1,X=1,S=1,K=2,R=2,Y=1",-37657.0,-163323000.0,1,C|X,1
C,163,X,157,S,4,Y,222,R,6,C,1,K,10,X,41,C,1,X,1,S,1,R,4,K,2,Y,1,"L1:[sp=C,163] X=157,S=4,Y=222,R=6,C=1,K=10 || L2:[sp=X,41] C=1,X=1,S=1,R=4,K=2,Y=1",-64569.0,-163323000.0,1,C|X,1
K,163,S,3,K,61,X,157,C,1,Y,222,R,6,X,41,C,1,X,1,S,1,K,2,R,2,Y,1,"L1:[sp=K,163] S=3,K=61,X=157,C=1,Y=222,R=6 || L2:[sp=X,41] C=1,X=1,S=1,K=2,R=2,Y=1",-61525.0,-163323000.0,1,K|X,1
X,163,R,6,S,3,X,157,Y,222,C,1,K,10,Y,41,C,1,X,1,S,1,R,2,K,4,Y,1,"L1:[sp=X,163] R=6,S=3,X=157,Y=222,C=1,K=10 || L2:[sp=Y,41] C=1,X=1,S=1,R=2,K=4,Y=1",-1709695.0,-163323000.0,1,X|Y,1
C,163,R,6,K,43,X,151,C,1,Y,222,S,2,X,41,C,1,X,106,S,1,K,2,R,2,Y,1,"L1:[sp=C,163] R=6,K=43,X=151,C=1,Y=222,S=2 || L2:[sp=X,41] C=1,X=106,S=1,K=2,R=2,Y=1",-inf,-inf,0,C|X,1
C,163,R,6,S,2,X,161,Y,222,C,1,K,10,X,41,X,1,C,1,S,1,R,2,K,2,Y,1,"L1:[sp=C,163] R=6,S=2,X=161,Y=222,C=1,K=10 || L2:[sp=X,41] X=1,C=1,S=1,R=2,K=2,Y=1",-21617.0,-163323000.0,1,C|X,1
X,163,R,6,S,5,X,151,Y,222,C,1,K,30,C,41,C,1,X,1,S,4,R,2,K,2,Y,1,"L1:[sp=X,163] R=6,S=5,X=151,Y=222,C=1,K=30 || L2:[sp=C,41] C=1,X=1,S=4,R=2,K=2,Y=1",-1400869.0,-163323000.0,1,X|C,1
C,163,R,6,K,10,X,151,Y,222,C,1,S,2,X,41,C,1,X,1,S,1,R,1,K,4,Y,1,"L1:[sp=C,163] R=6,K=10,X=151,Y=222,C=1,S=2 || L2:[sp=X,41] C=1,X=1,S=1,R=1,K=4,Y=1",-inf,-inf,0,C|X,1
X,163,R,6,K,10,X,151,Y,222,C,1,S,2,C,1,C,1,X,1,S,1,R,6,K,2,Y,1,"L1:[sp=X,163] R=6,K=10,X=151,Y=222,C=1,S=2 || L2:[sp=C,1] C=1,X=1,S=1,R=6,K=2,Y=1",-2451625.0,-163323000.0,1,X|C,1
C,163,R,6,K,23,X,1,C,1,Y,222,S,2,C,1,Y,1,X,1,S,1,K,2,R,2,C,1,"L1:[sp=C,163] R=6,K=23,X=1,C=1,Y=222,S=2 || L2:[sp=C,1] Y=1,X=1,S=1,K=2,R=2,C=1",-1603817.0,-163323000.0,1,C|C,1
C,163,R,6,S,4,X,157,Y,222,C,1,K,10,X,41,C,1,X,1,S,1,R,2,K,4,Y,1,"L1:[sp=C,163] R=6,S=4,X=157,Y=222,C=1,K=10 || L2:[sp=X,41] C=1,X=1,S=1,R=2,K=4,Y=1",-21561.0,-163323000.0,1,C|X,1
C,163,R,6,K,10,X,157,Y,222,C,2,S,2,X,41,C,1,X,1,S,1,R,2,K,2,Y,1,"L1:[sp=C,163] R=6,K=10,X=157,Y=222,C=2,S=2 || L2:[sp=X,41] C=1,X=1,S=1,R=2,K=2,Y=1",-inf,-inf,0,C|X,1
X,163,R,6,K,11,X,151,C,1,Y,222,S,2,X,41,C,1,R,4,S,1,X,1,K,6,Y,1,"L1:[sp=X,163] R=6,K=11,X=151,C=1,Y=222,S=2 || L2:[sp=X,41] C=1,R=4,S=1,X=1,K=6,Y=1",-inf,-inf,0,X|X,1
C,163,R,6,S,5,X,161,Y,222,C,1,K,10,X,41,C,1,X,1,S,4,R,2,K,2,Y,1,"L1:[sp=C,163] R=6,S=5,X=161,Y=222,C=1,K=10 || L2:[sp=X,41] C=1,X=1,S=4,R=2,K=2,Y=1",-18489.0,-163323000.0,1,C|X,1
C,163,R,5,K,61,C,1,X,157,Y,223,S,3,X,41,C,1,X,1,S,1,K,2,R,2,Y,1,"L1:[sp=C,163] R=5,K=61,C=1,X=157,Y=223,S=3 || L2:[sp=X,41] C=1,X=1,S=1,K=2,R=2,Y=1",-37657.0,-163323000.0,1,C|X,1
C,163,Y,223,S,2,C,1,R,6,X,157,K,10,X,41,C,1,S,1,X,1,R,2,K,8,Y,1,"L1:[sp=C,163] Y=223,S=2,C=1,R=6,X=157,K=10 || L2:[sp=X,41] C=1,S=1,X=1,R=2,K=8,Y=1",-20945.0,-163323000.0,1,C|X,1
C,163,Y,223,S,2,X,157,R,6,C,1,K,10,X,41,C,1,X,1,S,1,R,2,K,8,Y,89,"L1:[sp=C,163] Y=223,S=2,X=157,R=6,C=1,K=10 || L2:[sp=X,41] C=1,X=1,S=1,R=2,K=8,Y=89",-inf,-inf,0,C|X,1
C,163,R,3,K,61,X,157,C,1,Y,223,S,3,X,41,C,1,X,1,S,1,K,2,R,2,Y,1,"L1:[sp=C,163] R=3,K=61,X=157,C=1,Y=223,S=3 || L2:[sp=X,41] C=1,X=1,S=1,K=2,R=2,Y=1",-inf,-inf,0,C|X,1
X,163,R,5,S,3,X,157,Y,222,C,1,K,10,C,157,Y,1,C,1,S,2,R,2,K,2,X,1,"L1:[sp=X,163] R=5,S=3,X=157,Y=222,C=1,K=10 || L2:[sp=C,157] Y=1,C=1,S=2,R=2,K=2,X=1",-2107645.0,-163323000.0,1,X|C,1
C,163,R,6,K,61,X,161,C,1,Y,223,S,2,X,41,C,1,X,1,S,1,K,2,R,2,Y,1,"L1:[sp=C,163] R=6,K=61,X=161,C=1,Y=223,S=2 || L2:[sp=X,41] C=1,X=1,S=1,K=2,R=2,Y=1",-inf,-inf,0,C|X,1
C,163,R,6,S,4,X,157,Y,73,C,1,K,10,X,41,C,1,X,1,S,1,R,2,K,4,Y,1,"L1:[sp=C,163] R=6,S=4,X=157,Y=73,C=1,K=10 || L2:[sp=X,41] C=1,X=1,S=1,R=2,K=4,Y=1",-inf,-inf,0,C|X,1
C,163,R,6,S,2,X,41,Y,222,C,1,K,10,X,41,X,1,C,1,S,1,R,2,K,2,Y,1,"L1:[sp=C,163] R=6,S=2,X=41,Y=222,C=1,K=10 || L2:[sp=X,41] X=1,C=1,S=1,R=2,K=2,Y=1",-39761.0,-163323000.0,1,C|X,1
X,163,Y,223,S,2,X,157,R,6,C,1,K,10,C,41,S,1,X,1,C,1,R,2,K,8,Y,1,"L1:[sp=X,163] Y=223,S=2,X=157,R=6,C=1,K=10 || L2:[sp=C,41] S=1,X=1,C=1,R=2,K=8,Y=1",-1645897.0,-163323000.0,1,X|C,1
C,163,R,5,K,36,X,156,C,1,Y,223,S,3,X,41,C,1,X,1,S,1,K,2,R,2,Y,1,"L1:[sp=C,163] R=5,K=36,X=156,C=1,Y=223,S=3 || L2:[sp=X,41] C=1,X=1,S=1,K=2,R=2,Y=1",-inf,-inf,0,C|X,1
C,163,R,6,K,61,S,4,C,1,Y,223,X,157,X,41,C,1,X,1,S,1,K,2,R,2,Y,1,"L1:[sp=C,163] R=6,K=61,S=4,C=1,Y=223,X=157 || L2:[sp=X,41] C=1,X=1,S=1,K=2,R=2,Y=1",-21521.0,-163323000.0,1,C|X,1
C,163,R,5,S,3,X,157,Y,222,C,1,K,10,X,41,C,1,X,94,S,1,R,2,K,4,Y,1,"L1:[sp=C,163] R=5,S=3,X=157,Y=222,C=1,K=10 || L2:[sp=X,41] C=1,X=94,S=1,R=2,K=4,Y=1",-inf,-inf,0,C|X,1
K,163,R,6,S,4,X,222,K,10,C,1,Y,222,X,41,C,1,X,1,S,1,R,2,K,4,Y,1,"L1:[sp=K,163] R=6,S=4,X=222,K=10,C=1,Y=222 || L2:[sp=X,41] C=1,X=1,S=1,R=2,K=4,Y=1",-3385.0,-163323000.0,1,K|X,1
C,163,R,6,K,61,X,157,C,1,Y,60,S,4,X,41,C,1,X,1,S,1,K,23,R,2,Y,1,"L1:[sp=C,163] R=6,K=61,X=157,C=1,Y=60,S=4 || L2:[sp=X,41] C=1,X=1,S=1,K=23,R=2,Y=1",-inf,-inf,0,C|X,1
C,163,Y,132,S,3,K,62,R,6,C,1,X,157,X,41,C,1,X,1,S,1,R,2,K,2,Y,26,"L1:[sp=C,163] Y=132,S=3,K=62,R=6,C=1,X=157 || L2:[sp=X,41] C=1,X=1,S=1,R=2,K=2,Y=26",-inf,-inf,0,C|X,1
K,163,S,1,K,61,X,157,C,1,Y,222,R,6,X,41,C,1,X,1,S,1,K,2,R,2,Y,1,"L1:[sp=K,163] S=1,K=61,X=157,C=1,Y=222,R=6 || L2:[sp=X,41] C=1,X=1,S=1,K=2,R=2,Y=1",-61573.0,-163323000.0,1,K|X,1
X,163,Y,223,S,2,X,157,R,6,C,1,K,10,C,41,C,1,X,1,S,1,R,2,K,8,Y,1,"L1:[sp=X,163] Y=223,S=2,X=157,R=6,C=1,K=10 || L2:[sp=C,41] C=1,X=1,S=1,R=2,K=8,Y=1",-1645897.0,-163323000.0,1,X|C,1
K,163,S,3,K,61,X,157,C,1,Y,222,R,6,Y,42,C,1,X,1,S,1,K,2,R,2,Y,1,"L1:[sp=K,163] S=3,K=61,X=157,C=1,Y=222,R=6 || L2:[sp=Y,42] C=1,X=1,S=1,K=2,R=2,Y=1",-2316085.0,-163323000.0,1,K|Y,1
X,163,Y,223,S,2,X,157,R,6,C,1,K,10,C,41,C,1,X,1,S,1,R,2,Y,1,K,8,"L1:[sp=X,163] Y=223,S=2,X=157,R=6,C=1,K=10 || L2:[sp=C,41] C=1,X=1,S=1,R=2,Y=1,K=8",-1645897.0,-163323000.0,1,X|C,1
C,163,R,6,S,2,X,161,Y,222,C,1,K,10,X,41,X,1,C,1,S,1,R,2,K,2,Y,1,"L1:[sp=C,163] R=6,S=2,X=161,Y=222,C=1,K=10 || L2:[sp=X,41] X=1,C=1,S=1,R=2,K=2,Y=1",-21617.0,-163323000.0,1,C|X,1
K,163,R,6,S,4,X,222,K,10,C,1,Y,222,X,41,C,1,X,1,S,1,R,2,K,4,Y,1,"L1:[sp=K,163] R=6,S=4,X=222,K=10,C=1,Y=222 || L2:[sp=X,41] C=1,X=1,S=1,R=2,K=4,Y=1",-3385.0,-163323000.0,1,K|X,1
C,163,R,5,K,61,S,3,C,1,Y,223,X,157,X,41,C,1,X,119,S,1,K,2,R,2,Y,1,"L1:[sp=C,163] R=5,K=61,S=3,C=1,Y=223,X=157 || L2:[sp=X,41] C=1,X=119,S=1,K=2,R=2,Y=1",-inf,-inf,0,C|X,1
C,163,R,6,K,5,C,1,X,157,Y,223,S,4,X,41,C,1,X,1,S,1,K,5,R,2,Y,1,"L1:[sp=C,163] R=6,K=5,C=1,X=157,Y=223,S=4 || L2:[sp=X,41] C=1,X=1,S=1,K=5,R=2,Y=1",-21945.0,-163323000.0,1,C|X,1
C,163,R,6,K,61,S,4,C,1,Y,223,X,157,X,41,C,1,X,1,S,1,K,2,R,2,Y,1,"L1:[sp=C,163] R=6,K=61,S=4,C=1,Y=223,X=157 || L2:[sp=X,41] C=1,X=1,S=1,K=2,R=2,Y=1",-21521.0,-163323000.0,1,C|X,1
C,163,R,6,S,2,X,41,Y,222,C,1,K,10,X,41,X,1,S,1,C,1,R,2,K,2,Y,1,"L1:[sp=C,163] R=6,S=2,X=41,Y=222,C=1,K=10 || L2:[sp=X,41] X=1,S=1,C=1,R=2,K=2,Y=1",-39761.0,-163323000.0,1,C|X,1
C,163,R,6,S,2,X,161,Y,222,C,1,K,10,X,41,C,1,X,1,S,1,R,2,K,2,Y,1,"L1:[sp=C,163] R=6,S=2,X=161,Y=222,C=1,K=10 || L2:[sp=X,41] C=1,X=1,S=1,R=2,K=2,Y=1",-21617.0,-163323000.0,1,C|X,1
C,163,R,6,S,5,X,161,Y,47,C,1,K,10,X,41,X,145,C,1,S,4,R,2,K,2,Y,1,"L1:[sp=C,163] R=6,S=5,X=161,Y=47,C=1,K=10 || L2:[sp=X,41] X=145,C=1,S=4,R=2,K=2,Y=1",-inf,-inf,0,C|X,1
C,163,R,5,K,28,S,2,C,1,Y,223,X,157,X,41,C,1,X,1,S,1,K,2,R,2,Y,1,"L1:[sp=C,163] R=5,K=28,S=2,C=1,Y=223,X=157 || L2:[sp=X,41] C=1,X=1,S=1,K=2,R=2,Y=1",-37681.0,-163323000.0,1,C|X,1
C,163,R,6,K,61,C,1,X,157,Y,223,S,4,X,41,C,1,X,1,S,1,K,2,R,2,Y,1,"L1:[sp=C,163] R=6,K=61,C=1,X=157,Y=223,S=4 || L2:[sp=X,41] C=1,X=1,S=1,K=2,R=2,Y=1",-21521.0,-163323000.0,1,C|X,1
C,163,Y,223,S,2,C,1,R,6,X,179,K,10,X,41,C,1,S,1,R,2,X,32,K,8,Y,1,"L1:[sp=C,163] Y=223,S=2,C=1,R=6,X=179,K=10 || L2:[sp=X,41] C=1,S=1,R=2,X=32,K=8,Y=1",-inf,-inf,0,C|X,1
C,163,R,5,K,61,C,1,X,157,Y,223,S,3,X,41,C,1,X,1,S,1,K,2,R,2,Y,1,"L1:[sp=C,163] R=5,K=61,C=1,X=157,Y=223,S=3 || L2:[sp=X,41] C=1,X=1,S=1,K=2,R=2,Y=1",-37657.0,-163323000.0,1,C|X,1
C,163,R,6,S,2,Y,222,X,161,C,1,K,10,X,41,C,1,X,1,S,1,R,4,K,2,Y,1,"L1:[sp=C,163] R=6,S=2,Y=222,X=161,C=1,K=10 || L2:[sp=X,41] C=1,X=1,S=1,R=4,K=2,Y=1",-64625.0,-163323000.0,1,C|X,1
C,163,R,6,S,5,X,41,Y,146,C,1,K,10,X,41,X,1,C,1,S,2,R,2,K,2,Y,1,"L1:[sp=C,163] R=6,S=5,X=41,Y=146,C=1,K=10 || L2:[sp=X,41] X=1,C=1,S=2,R=2,K=2,Y=1",-inf,-inf,0,C|X,1
C,163,Y,223,K,61,C,1,X,157,R,5,S,3,X,41,C,1,S,1,X,1,K,2,R,2,Y,1,"L1:[sp=C,163] Y=223,K=61,C=1,X=157,R=5,S=3 || L2:[sp=X,41] C=1,S=1,X=1,K=2,R=2,Y=1",-37657.0,-163323000.0,1,C|X,1
C,163,R,6,S,2,C,3,Y,222,X,161,K,10,X,1,X,1,C,1,S,1,R,2,K,2,Y,1,"L1:[sp=C,163] R=6,S=2,C=3,Y=222,X=161,K=10 || L2:[sp=X,1] X=1,C=1,S=1,R=2,K=2,Y=1",-2419313.0,-163323000.0,1,C|X,1
C,163,R,6,S,2,X,157,Y,223,C,1,K,10,X,41,C,1,X,1,S,1,R,2,K,2,Y,1,"L1:[sp=C,163] R=6,S=2,X=157,Y=223,C=1,K=10 || L2:[sp=X,41] C=1,X=1,S=1,R=2,K=2,Y=1",-21617.0,-163323000.0,1,C|X,1
K,163,Y,222,C,1,S,5,R,6,X,114,K,39,X,41,C,1,S,4,X,1,R,2,K,8,Y,1,"L1:[sp=K,163] Y=222,C=1,S=5,R=6,X=114,K=39 || L2:[sp=X,41] C=1,S=4,X=1,R=2,K=8,Y=1",-33721.0,-163323000.0,1,K|X,1
K,163,R,5,S,4,X,11,K,10,C,1,Y,222,X,41,C,1,X,1,S,1,R,2,K,4,Y,1,"L1:[sp=K,163] R=5,S=4,X=11,K=10,C=1,Y=222 || L2:[sp=X,41] C=1,X=1,S=1,R=2,K=4,Y=1",-62245.0,-163323000.0,1,K|X,1
C,163,R,5,K,61,C,1,X,157,Y,223,S,3,X,41,C,1,X,1,S,1,K,2,R,2,Y,1,"L1:[sp=C,163] R=5,K=61,C=1,X=157,Y=223,S=3 || L2:[sp=X,41] C=1,X=1,S=1,K=2,R=2,Y=1",-37657.0,-163323000.0,1,C|X,1
C,163,R,6,S,1,X,157,Y,222,C,1,K,10,K,1,X,1,C,1,S,1,R,2,K,2,Y,1,"L1:[sp=C,163] R=6,S=1,X=157,Y=222,C=1,K=10 || L2:[sp=K,1] X=1,C=1,S=1,R=2,K=2,Y=1",-803013.0,-163323000.0,1,C|K,1
K,163,S,2,K,61,X,161,C,1,Y,222,R,6,X,41,C,1,X,1,S,2,K,2,R,2,Y,1,"L1:[sp=K,163] S=2,K=61,X=161,C=1,Y=222,R=6 || L2:[sp=X,41] C=1,X=1,S=2,K=2,R=2,Y=1",-70321.0,-163323000.0,1,K|X,1
K,163,R,6,S,4,X,222,K,10,C,1,Y,222,X,41,C,1,X,1,S,1,R,2,K,4,Y,1,"L1:[sp=K,163] R=6,S=4,X=222,K=10,C=1,Y=222 || L2:[sp=X,41] C=1,X=1,S=1,R=2,K=4,Y=1",-3385.0,-163323000.0,1,K|X,1
X,163,K,61,R,6,Y,223,C,1,S,5,X,114,C,41,C,1,X,1,S,4,K,2,R,2,Y,1,"L1:[sp=X,163] K=61,R=6,Y=223,C=1,S=5,X=114 || L2:[sp=C,41] C=1,X=1,S=4,K=2,R=2,Y=1",-1059865.0,-163323000.0,1,X|C,1
K,163,Y,222,C,1,S,4,R,4,X,154,K,39,X,41,C,1,S,1,X,1,R,2,K,8,Y,1,"L1:[sp=K,163] Y=222,C=1,S=4,R=4,X=154,K=39 || L2:[sp=X,41] C=1,S=1,X=1,R=2,K=8,Y=1",-39337.0,-163323000.0,1,K|X,1
C,163,R,5,K,61,C,1,X,157,Y,223,S,3,X,41,C,1,X,1,S,1,K,36,R,2,Y,1,"L1:[sp=C,163] R=5,K=61,C=1,X=157,Y=223,S=3 || L2:[sp=X,41] C=1,X=1,S=1,K=36,R=2,Y=1",-50593.0,-163323000.0,1,C|X,1
X,163,Y,222,C,1,S,5,R,6,X,114,K,30,K,41,C,1,S,4,X,1,R,2,K,8,Y,1,"L1:[sp=X,163] Y=222,C=1,S=5,R=6,X=114,K=30 || L2:[sp=K,41] C=1,S=4,X=1,R=2,K=8,Y=1",-397477.0,-163323000.0,1,X|K,1
C,163,R,6,K,61,S,4,C,1,Y,223,X,157,X,41,C,1,X,47,S,1,K,2,R,2,Y,1,"L1:[sp=C,163] R=6,K=61,S=4,C=1,Y=223,X=157 || L2:[sp=X,41] C=1,X=47,S=1,K=2,R=2,Y=1",-inf,-inf,0,C|X,1
K,163,R,6,S,4,X,222,K,43,C,1,Y,222,X,41,C,1,X,1,S,1,R,2,K,1,Y,1,"L1:[sp=K,163] R=6,S=4,X=222,K=43,C=1,Y=222 || L2:[sp=X,41] C=1,X=1,S=1,R=2,K=1,Y=1",-7237.0,-163323000.0,1,K|X,1
C,163,R,6,K,61,S,4,C,1,Y,223,X,157,X,41,C,1,X,1,S,1,K,2,R,2,Y,212,"L1:[sp=C,163] R=6,K=61,S=4,C=1,Y=223,X=157 || L2:[sp=X,41] C=1,X=1,S=1,K=2,R=2,Y=212",-inf,-inf,0,C|X,1
C,163,R,6,K,5,C,1,X,157,Y,223,S,4,X,41,C,1,X,1,S,1,K,5,R,2,Y,1,"L1:[sp=C,163] R=6,K=5,C=1,X=157,Y=223,S=4 || L2:[sp=X,41] C=1,X=1,S=1,K=5,R=2,Y=1",-21945.0,-163323000.0,1,C|X,1
X,163,R,6,K,5,C,1,X,157,Y,223,S,2,C,41,C,1,X,1,S,1,K,5,R,2,Y,1,"L1:[sp=X,163] R=6,K=5,C=1,X=157,Y=223,S=2 || L2:[sp=C,41] C=1,X=1,S=1,K=5,R=2,Y=1",-1725673.0,-163323000.0,1,X|C,1
C,163,R,6,S,4,X,220,Y,222,C,1,K,10,X,41,C,1,X,1,S,1,R,2,K,2,Y,1,"L1:[sp=C,163] R=6,S=4,X=220,Y=222,C=1,K=10 || L2:[sp=X,41] C=1,X=1,S=1,R=2,K=2,Y=1",-25145.0,-163323000.0,1,C|X,1
K,163,K,10,S,5,X,134,R,6,C,1,Y,222,X,41,C,1,X,1,S,4,R,2,K,4,Y,1,"L1:[sp=K,163] K=10,S=5,X=134,R=6,C=1,Y=222 || L2:[sp=X,41] C=1,X=1,S=4,R=2,K=4,Y=1",-20209.0,-163323000.0,1,K|X,1
K,163,Y,222,C,1,S,3,R,6,X,114,K,39,X,41,C,1,S,1,X,1,R,2,K,8,Y,1,"L1:[sp=K,163] Y=222,C=1,S=3,R=6,X=114,K=39 || L2:[sp=X,41] C=1,S=1,X=1,R=2,K=8,Y=1",-39349.0,-163323000.0,1,K|X,1
C,163,R,6,Y,223,C,1,X,157,K,61,S,4,X,41,C,1,X,1,K,2,Y,1,R,2,S,1,"L1:[sp=C,163] R=6,Y=223,C=1,X=157,K=61,S=4 || L2:[sp=X,41] C=1,X=1,K=2,Y=1,R=2,S=1",-21521.0,-163323000.0,1,C|X,1
C,163,R,5,K,5,C,1,X,157,Y,223,S,3,X,41,C,1,X,1,S,1,K,5,R,2,Y,1,"L1:[sp=C,163] R=5,K=5,C=1,X=157,Y=223,S=3 || L2:[sp=X,41] C=1,X=1,S=1,K=5,R=2,Y=1",-38377.0,-163323000.0,1,C|X,1
X,163,R,6,K,5,C,1,X,157,Y,223,S,4,X,41,X,1,C,1,S,1,K,5,R,2,Y,1,"L1:[sp=X,163] R=6,K=5,C=1,X=157,Y=223,S=4 || L2:[sp=X,41] X=1,C=1,S=1,K=5,R=2,Y=1",-43837.0,-163323000.0,1,X|X,1
K,163,Y,222,C,1,S,5,R,6,K,39,X,114,X,41,C,1,S,1,X,1,R,2,K,8,Y,1,"L1:[sp=K,163] Y=222,C=1,S=5,R=6,K=39,X=114 || L2:[sp=X,41] C=1,S=1,X=1,R=2,K=8,Y=1",-39337.0,-163323000.0,1,K|X,1
C,163,R,6,K,61,S,4,C,1,Y,223,X,157,X,41,C,1,X,112,S,1,K,61,R,2,Y,1,"L1:[sp=C,163] R=6,K=61,S=4,C=1,Y=223,X=157 || L2:[sp=X,41] C=1,X=112,S=1,K=61,R=2,Y=1",-inf,-inf,0,C|X,1
C,163,R,6,S,5,X,9,Y,222,C,1,K,10,X,41,C,1,X,1,S,1,R,2,K,2,Y,1,"L1:[sp=C,163] R=6,S=5,X=9,Y=222,C=1,K=10 || L2:[sp=X,41] C=1,X=1,S=1,R=2,K=2,Y=1",-90301.0,-163323000.0,1,C|X,1
K,163,R,6,K,61,C,1,X,157,Y,223,S,4,X,41,C,1,X,1,S,1,K,2,R,2,Y,1,"L1:[sp=K,163] R=6,K=61,C=1,X=157,Y=223,S=4 || L2:[sp=X,41] C=1,X=1,S=1,K=2,R=2,Y=1",-61513.0,-163323000.0,1,K|X,1
C,163,R,3,C,1,S,6,K,61,Y,223,X,157,X,41,C,1,X,1,S,1,K,2,R,2,Y,1,"L1:[sp=C,163] R=3,C=1,S=6,K=61,Y=223,X=157 || L2:[sp=X,41] C=1,X=1,S=1,K=2,R=2,Y=1",-37657.0,-163323000.0,1,C|X,1
K,163,R,6,S,4,X,222,K,10,C,1,Y,222,X,41,C,1,X,1,S,1,R,2,K,4,Y,1,"L1:[sp=K,163] R=6,S=4,X=222,K=10,C=1,Y=222 || L2:[sp=X,41] C=1,X=1,S=1,R=2,K=4,Y=1",-3385.0,-163323000.0,1,K|X,1
C,163,R,5,K,5,C,1,X,157,Y,223,S,5,X,41,C,1,X,1,S,4,K,5,R,2,Y,1,"L1:[sp=C,163] R=5,K=5,C=1,X=157,Y=223,S=5 || L2:[sp=X,41] C=1,X=1,S=4,K=5,R=2,Y=1",-32865.0,-163323000.0,1,C|X,1
X,163,K,26,S,3,X,134,R,6,C,1,Y,222,K,41,C,1,X,1,S,1,R,2,K,19,Y,1,"L1:[sp=X,163] K=26,S=3,X=134,R=6,C=1,Y=222 || L2:[sp=K,41] C=1,X=1,S=1,R=2,K=19,Y=1",-1302391.0,-163323000.0,1,X|K,1
K,163,R,6,S,5,X,134,C,1,K,10,Y,222,X,41,C,1,X,1,S,4,R,2,K,4,Y,1,"L1:[sp=K,163] R=6,S=5,X=134,C=1,K=10,Y=222 || L2:[sp=X,41] C=1,X=1,S=4,R=2,K=4,Y=1",-20209.0,-163323000.0,1,K|X,1
K,163,K,10,S,4,X,222,R,6,C,1,Y,222,C,1,C,1,X,1,S,1,K,4,R,1,Y,1,"L1:[sp=K,163] K=10,S=4,X=222,R=6,C=1,Y=222 || L2:[sp=C,1] C=1,X=1,S=1,K=4,R=1,Y=1",-5893.0,-163323000.0,1,K|C,1
C,163,R,6,S,5,X,134,Y,222,C,1,K,8,X,41,C,1,X,1,S,4,R,2,K,2,Y,194,"L1:[sp=C,163] R=6,S=5,X=134,Y=222,C=1,K=8 || L2:[sp=X,41] C=1,X=1,S=4,R=2,K=2,Y=194",-inf,-inf,0,C|X,1
K,163,K,10,S,4,X,220,R,7,C,1,Y,222,X,41,C,1,X,1,S,4,R,2,K,4,Y,1,"L1:[sp=K,163] K=10,S=4,X=220,R=7,C=1,Y=222 || L2:[sp=X,41] C=1,X=1,S=4,R=2,K=4,Y=1",-inf,-inf,0,K|X,1
C,163,R,3,C,1,K,61,S,4,Y,223,X,157,X,41,C,1,X,1,S,1,K,2,R,2,Y,1,"L1:[sp=C,163] R=3,C=1,K=61,S=4,Y=223,X=157 || L2:[sp=X,41] C=1,X=1,S=1,K=2,R=2,Y=1",-37657.0,-163323000.0,1,C|X,1
C,163,R,3,S,6,X,220,Y,222,C,1,K,10,X,41,C,1,X,1,S,1,R,2,K,2,Y,1,"L1:[sp=C,163] R=3,S=6,X=220,Y=222,C=1,K=10 || L2:[sp=X,41] C=1,X=1,S=1,R=2,K=2,Y=1",-699371.0,-163323000.0,1,C|X,1
Y,163,R,6,S,4,X,222,K,10,C,1,Y,222,X,41,C,1,X,1,S,1,Y,1,K,4,R,1,"L1:[sp=Y,163] R=6,S=4,X=222,K=10,C=1,Y=222 || L2:[sp=X,41] C=1,X=1,S=1,Y=1,K=4,R=1",-18901.0,-163323000.0,1,Y|X,1
C,163,X,157,K,42,C,1,R,6,Y,223,S,4,X,41,C,1,X,1,S,1,K,5,R,2,Y,1,"L1:[sp=C,163] X=157,K=42,C=1,R=6,Y=223,S=4 || L2:[sp=X,41] C=1,X=1,S=1,K=5,R=2,Y=1",-21521.0,-163323000.0,1,C|X,1
K,163,R,6,S,4,X,222,K,43,C,1,Y,222,K,43,C,1,X,165,S,2,R,2,K,1,Y,1,"L1:[sp=K,163] R=6,S=4,X=222,K=43,C=1,Y=222 || L2:[sp=K,43] C=1,X=165,S=2,R=2,K=1,Y=1",-inf,-inf,0,K|K,1
C,163,R,3,C,1,S,6,K,61,Y,223,X,108,X,41,C,1,X,15,S,1,K,2,R,2,Y,1,"L1:[sp=C,163] R=3,C=1,S=6,K=61,Y=223,X=108 || L2:[sp=X,41] C=1,X=15,S=1,K=2,R=2,Y=1",-282277.0,-163323000.0,1,C|X,1
K,163,K,10,S,5,X,134,R,6,C,1,Y,96,Y,24,C,1,X,1,S,4,R,2,K,4,Y,1,"L1:[sp=K,163] K=10,S=5,X=134,R=6,C=1,Y=96 || L2:[sp=Y,24] C=1,X=1,S=4,R=2,K=4,Y=1",-inf,-inf,0,K|Y,1
C,163,R,6,S,4,X,220,Y,222,C,1,K,10,X,41,C,1,X,1,S,1,R,2,K,2,Y,96,"L1:[sp=C,163] R=6,S=4,X=220,Y=222,C=1,K=10 || L2:[sp=X,41] C=1,X=1,S=1,R=2,K=2,Y=96",-inf,-inf,0,C|X,1
C,163,R,6,C,1,S,4,K,61,Y,205,X,157,X,41,C,1,X,1,S,1,K,2,Y,1,R,2,"L1:[sp=C,163] R=6,C=1,S=4,K=61,Y=205,X=157 || L2:[sp=X,41] C=1,X=1,S=1,K=2,Y=1,R=2",-inf,-inf,0,C|X,1
C,163,R,3,K,5,C,1,X,157,Y,223,S,6,X,41,C,1,X,1,S,1,K,5,R,2,Y,150,"L1:[sp=C,163] R=3,K=5,C=1,X=157,Y=223,S=6 || L2:[sp=X,41] C=1,X=1,S=1,K=5,R=2,Y=150",-inf,-inf,0,C|X,1
C,163,R,6,Y,223,C,1,X,146,K,61,S,4,X,41,C,1,X,1,K,2,Y,1,R,2,S,1,"L1:[sp=C,163] R=6,Y=223,C=1,X=146,K=61,S=4 || L2:[sp=X,41] C=1,X=1,K=2,Y=1,R=2,S=1",-21521.0,-163323000.0,1,C|X,1
C,163,R,6,K,5,C,1,X,157,Y,223,S,4,X,1,C,1,X,1,S,1,Y,1,R,2,K,5,"L1:[sp=C,163] R=6,K=5,C=1,X=157,Y=223,S=4 || L2:[sp=X,1] C=1,X=1,S=1,Y=1,R=2,K=5",-826385.0,-163323000.0,1,C|X,1
K,163,K,10,S,4,X,157,R,3,C,1,Y,222,X,41,C,1,X,1,S,3,R,2,K,4,Y,1,"L1:[sp=K,163] K=10,S=4,X=157,R=3,C=1,Y=222 || L2:[sp=X,41] C=1,X=1,S=3,R=2,K=4,Y=1",-inf,-inf,0,K|X,1
C,163,R,6,Y,223,C,1,X,134,K,7,S,7,X,41,C,1,X,1,K,2,Y,20,S,4,R,2,"L1:[sp=C,163] R=6,Y=223,C=1,X=134,K=7,S=7 || L2:[sp=X,41] C=1,X=1,K=2,Y=20,S=4,R=2",-inf,-inf,0,C|X,1
K,163,R,6,S,4,X,222,K,10,C,1,Y,222,X,41,C,1,X,1,S,1,R,2,K,4,Y,1,"L1:[sp=K,163] R=6,S=4,X=222,K=10,C=1,Y=222 || L2:[sp=X,41] C=1,X=1,S=1,R=2,K=4,Y=1",-3385.0,-163323000.0,1,K|X,1
K,163,R,6,S,5,X,134,K,10,C,1,Y,222,X,41,C,1,X,121,S,4,R,2,K,1,Y,1,"L1:[sp=K,163] R=6,S=5,X=134,K=10,C=1,Y=222 || L2:[sp=X,41] C=1,X=121,S=4,R=2,K=1,Y=1",-inf,-inf,0,K|X,1
K,163,R,6,S,4,X,222,C,1,K,10,Y,222,X,41,Y,1,X,84,S,1,R,2,K,4,C,1,"L1:[sp=K,163] R=6,S=4,X=222,C=1,K=10,Y=222 || L2:[sp=X,41] Y=1,X=84,S=1,R=2,K=4,C=1",-inf,-inf,0,K|X,1
C,163,R,6,Y,223,C,1,X,28,K,61,S,4,Y,8,C,1,X,1,K,2,Y,1,R,2,S,1,"L1:[sp=C,163] R=6,Y=223,C=1,X=28,K=61,S=4 || L2:[sp=Y,8] C=1,X=1,K=2,Y=1,R=2,S=1",-878145.0,-163323000.0,1,C|Y,1
C,163,X,157,K,15,C,1,R,6,Y,223,S,4,X,41,C,1,X,1,S,1,K,5,R,2,Y,1,"L1:[sp=C,163] X=157,K=15,C=1,R=6,Y=223,S=4 || L2:[sp=X,41] C=1,X=1,S=1,K=5,R=2,Y=1",-21881.0,-163323000.0,1,C|X,1
K,163,R,6,S,3,X,222,K,32,C,1,Y,222,X,41,C,1,X,1,S,1,R,2,K,4,Y,1,"L1:[sp=K,163] R=6,S=3,X=222,K=32,C=1,Y=222 || L2:[sp=X,41] C=1,X=1,S=1,R=2,K=4,Y=1",-32275.0,-163323000.0,1,K|X,1
Y,163,R,6,C,1,X,222,K,10,S,2,Y,222,X,41,C,1,X,116,S,1,Y,1,K,4,R,1,"L1:[sp=Y,163] R=6,C=1,X=222,K=10,S=2,Y=222 || L2:[sp=X,41] C=1,X=116,S=1,Y=1,K=4,R=1",-inf,-inf,0,Y|X,1
C,163,R,3,Y,223,C,1,X,157,K,61,S,4,X,41,C,1,X,1,Y,1,K,2,R,2,S,4,"L1:[sp=C,163] R=3,Y=223,C=1,X=157,K=61,S=4 || L2:[sp=X,41] C=1,X=1,Y=1,K=2,R=2,S=4",-43033.0,-163323000.0,1,C|X,1
C,163,R,6,C,1,K,61,S,4,Y,223,X,146,X,41,C,1,X,1,S,1,K,2,R,2,Y,95,"L1:[sp=C,163] R=6,C=1,K=61,S=4,Y=223,X=146 || L2:[sp=X,41] C=1,X=1,S=1,K=2,R=2,Y=95",-inf,-inf,0,C|X,1
K,163,R,5,S,5,X,157,C,1,K,10,Y,223,C,1,C,1,X,1,S,4,R,3,K,4,Y,1,"L1:[sp=K,163] R=5,S=5,X=157,C=1,K=10,Y=223 || L2:[sp=C,1] C=1,X=1,S=4,R=3,K=4,Y=1",-559465.0,-163323000.0,1,K|C,1
C,163,R,6,K,5,C,1,X,117,Y,222,S,1,X,41,C,1,X,47,S,1,K,5,R,2,Y,1,"L1:[sp=C,163] R=6,K=5,C=1,X=117,Y=222,S=1 || L2:[sp=X,41] C=1,X=47,S=1,K=5,R=2,Y=1",-inf,-inf,0,C|X,1
K,163,R,6,S,7,X,222,K,10,C,1,Y,222,X,41,C,1,X,1,S,1,R,1,K,4,Y,1,"L1:[sp=K,163] R=6,S=7,X=222,K=10,C=1,Y=222 || L2:[sp=X,41] C=1,X=1,S=1,R=1,K=4,Y=1",-5893.0,-163323000.0,1,K|X,1
K,163,K,47,S,2,X,222,R,6,C,1,Y,222,C,1,C,1,K,4,S,1,X,36,R,2,Y,1,"L1:[sp=K,163] K=47,S=2,X=222,R=6,C=1,Y=222 || L2:[sp=C,1] C=1,K=4,S=1,X=36,R=2,Y=1",-inf,-inf,0,K|C,1
K,163,S,4,K,12,X,114,R,3,C,1,Y,222,C,1,C,1,X,1,S,1,K,4,R,2,Y,1,"L1:[sp=K,163] S=4,K=12,X=114,R=3,C=1,Y=222 || L2:[sp=C,1] C=1,X=1,S=1,K=4,R=2,Y=1",-inf,-inf,0,K|C,1
C,163,R,6,C,2,K,61,S,4,Y,223,X,157,X,41,C,1,X,1,S,1,K,2,R,3,Y,1,"L1:[sp=C,163] R=6,C=2,K=61,S=4,Y=223,X=157 || L2:[sp=X,41] C=1,X=1,S=1,K=2,R=3,Y=1",-48401.0,-163323000.0,1,C|X,1
X,163,X,157,K,42,C,1,R,5,Y,223,S,4,C,41,C,1,X,1,S,1,K,5,R,2,Y,1,"L1:[sp=X,163] X=157,K=42,C=1,R=5,Y=223,S=4 || L2:[sp=C,41] C=1,X=1,S=1,K=5,R=2,Y=1",-3010585.0,-163323000.0,1,X|C,1
C,163,R,3,C,1,K,61,S,4,Y,223,X,157,X,41,C,1,X,1,S,1,K,2,R,2,Y,18,"L1:[sp=C,163] R=3,C=1,K=61,S=4,Y=223,X=157 || L2:[sp=X,41] C=1,X=1,S=1,K=2,R=2,Y=18",-150553.0,-163323000.0,1,C|X,1
K,163,R,6,S,2,X,134,C,1,K,10,Y,222,X,41,C,1,X,7,S,1,R,1,K,4,Y,1,"L1:[sp=K,163] R=6,S=2,X=134,C=1,K=10,Y=222 || L2:[sp=X,41] C=1,X=7,S=1,R=1,K=4,Y=1",-82417.0,-163323000.0,1,K|X,1
K,163,K,10,S,5,X,222,R,6,C,1,Y,222,C,1,C,1,Y,1,S,4,K,8,R,2,X,1,"L1:[sp=K,163] K=10,S=5,X=222,R=6,C=1,Y=222 || L2:[sp=C,1] C=1,Y=1,S=4,K=8,R=2,X=1",-5773.0,-163323000.0,1,K|C,1
Y,163,R,3,S,4,X,61,K,10,C,1,Y,222,X,41,C,1,X,1,S,1,Y,1,K,4,R,2,"L1:[sp=Y,163] R=3,S=4,X=61,K=10,C=1,Y=222 || L2:[sp=X,41] C=1,X=1,S=1,Y=1,K=4,R=2",-inf,-inf,0,Y|X,1
C,163,R,6,C,1,K,61,S,4,Y,223,X,157,X,41,C,1,X,1,S,1,K,2,R,1,Y,1,"L1:[sp=C,163] R=6,C=1,K=61,S=4,Y=223,X=157 || L2:[sp=X,41] C=1,X=1,S=1,K=2,R=1,Y=1",-18833.0,-163323000.0,1,C|X,1
K,163,R,6,S,4,X,222,K,10,C,1,Y,222,X,41,C,1,X,1,S,1,R,2,K,4,Y,1,"L1:[sp=K,163] R=6,S=4,X=222,K=10,C=1,Y=222 || L2:[sp=X,41] C=1,X=1,S=1,R=2,K=4,Y=1",-3385.0,-163323000.0,1,K|X,1
C,163,R,3,Y,223,X,157,C,1,K,61,S,4,X,41,C,1,X,1,Y,1,K,2,R,2,S,2,"L1:[sp=C,163] R=3,Y=223,X=157,C=1,K=61,S=4 || L2:[sp=X,41] C=1,X=1,Y=1,K=2,R=2,S=2",-43033.0,-163323000.0,1,C|X,1
C,163,R,6,C,1,K,61,S,4,Y,223,X,157,X,41,C,1,K,2,S,1,X,1,R,1,Y,1,"L1:[sp=C,163] R=6,C=1,K=61,S=4,Y=223,X=157 || L2:[sp=X,41] C=1,K=2,S=1,X=1,R=1,Y=1",-18833.0,-163323000.0,1,C|X,1
K,163,R,6,S,5,X,222,K,10,C,3,Y,28,X,41,C,1,X,1,S,4,R,2,K,4,Y,1,"L1:[sp=K,163] R=6,S=5,X=222,K=10,C=3,Y=28 || L2:[sp=X,41] C=1,X=1,S=4,R=2,K=4,Y=1",-722945.0,-163323000.0,1,K|X,1
K,163,K,10,S,4,X,222,R,6,C,1,Y,76,C,1,C,1,Y,1,S,1,K,8,R,2,X,1,"L1:[sp=K,163] K=10,S=4,X=222,R=6,C=1,Y=76 || L2:[sp=C,1] C=1,Y=1,S=1,K=8,R=2,X=1",-776197.0,-163323000.0,1,K|C,1
K,163,K,10,S,4,X,222,R,6,C,1,Y,222,C,1,C,1,Y,1,S,4,K,8,R,5,X,1,"L1:[sp=K,163] K=10,S=4,X=222,R=6,C=1,Y=222 || L2:[sp=C,1] C=1,Y=1,S=4,K=8,R=5,X=1",-inf,-inf,0,K|C,1
X,163,R,6,S,7,X,222,K,10,C,1,Y,222,X,41,C,1,X,1,S,4,R,1,K,4,Y,1,"L1:[sp=X,163] R=6,S=7,X=222,K=10,C=1,Y=222 || L2:[sp=X,41] C=1,X=1,S=4,R=1,K=4,Y=1",-18859.0,-163323000.0,1,X|X,1
K,163,R,2,S,6,X,193,Y,222,C,1,K,32,X,41,C,1,X,1,R,1,S,1,K,4,Y,1,"L1:[sp=K,163] R=2,S=6,X=193,Y=222,C=1,K=32 || L2:[sp=X,41] C=1,X=1,R=1,S=1,K=4,Y=1",-inf,-inf,0,K|X,1
K,163,R,6,S,3,Y,222,K,10,C,1,X,222,X,41,C,1,X,1,S,1,R,3,K,4,Y,1,"L1:[sp=K,163] R=6,S=3,Y=222,K=10,C=1,X=222 || L2:[sp=X,41] C=1,X=1,S=1,R=3,K=4,Y=1",-22717.0,-163323000.0,1,K|X,1
C,163,X,157,K,15,C,1,R,6,Y,223,S,4,X,41,C,1,X,1,S,1,K,6,R,2,Y,1,"L1:[sp=C,163] X=157,K=15,C=1,R=6,Y=223,S=4 || L2:[sp=X,41] C=1,X=1,S=1,K=6,R=2,Y=1",-21209.0,-163323000.0,1,C|X,1
K,163,K,62,S,5,X,222,R,6,C,1,Y,222,C,1,C,1,Y,1,S,4,K,36,R,2,X,1,"L1:[sp=K,163] K=62,S=5,X=222,R=6,C=1,Y=222 || L2:[sp=C,1] C=1,Y=1,S=4,K=36,R=2,X=1",-inf,-inf,0,K|C,1
K,163,R,6,S,4,X,19,K,32,C,1,Y,222,X,41,C,1,X,1,S,1,R,2,K,4,Y,1,"L1:[sp=K,163] R=6,S=4,X=19,K=32,C=1,Y=222 || L2:[sp=X,41] C=1,X=1,S=1,R=2,K=4,Y=1",-64657.0,-163323000.0,1,K|X,1
K,163,S,3,R,6,X,187,K,10,C,1,Y,222,X,41,C,1,X,12,S,1,R,2,K,4,Y,1,"L1:[sp=K,163] S=3,R=6,X=187,K=10,C=1,Y=222 || L2:[sp=X,41] C=1,X=12,S=1,R=2,K=4,Y=1",-80713.0,-163323000.0,1,K|X,1
K,163,R,6,S,3,X,222,K,10,C,1,Y,222,Y,4,C,1,X,1,S,1,R,2,K,4,Y,179,"L1:[sp=K,163] R=6,S=3,X=222,K=10,C=1,Y=222 || L2:[sp=Y,4] C=1,X=1,S=1,R=2,K=4,Y=179",-inf,-inf,0,K|Y,1
K,163,R,6,S,4,X,222,K,32,C,1,Y,222,X,41,R,6,X,1,S,1,C,1,K,4,Y,1,"L1:[sp=K,163] R=6,S=4,X=222,K=32,C=1,Y=222 || L2:[sp=X,41] R=6,X=1,S=1,C=1,K=4,Y=1",-8077.0,-163323000.0,1,K|X,1
K,163,K,10,S,4,X,222,R,1,C,1,Y,222,C,1,Y,1,C,1,S,2,K,8,R,1,X,1,"L1:[sp=K,163] K=10,S=4,X=222,R=1,C=1,Y=222 || L2:[sp=C,1] Y=1,C=1,S=2,K=8,R=1,X=1",-376405.0,-163323000.0,1,K|C,1
K,163,R,6,S,5,X,222,K,8,C,1,Y,222,X,41,C,1,X,1,S,4,R,2,K,4,Y,1,"L1:[sp=K,163] R=6,S=5,X=222,K=8,C=1,Y=222 || L2:[sp=X,41] C=1,X=1,S=4,R=2,K=4,Y=1",-2329.0,-163323000.0,1,K|X,1
C,163,X,212,K,28,C,1,R,6,Y,223,S,7,X,41,C,1,X,1,S,1,K,5,R,1,Y,126,"L1:[sp=C,163] X=212,K=28,C=1,R=6,Y=223,S=7 || L2:[sp=X,41] C=1,X=1,S=1,K=5,R=1,Y=126",-inf,-inf,0,C|X,1
K,163,R,6,S,4,X,222,K,10,C,1,Y,222,X,41,C,1,X,1,S,1,R,2,K,4,Y,1,"L1:[sp=K,163] R=6,S=4,X=222,K=10,C=1,Y=222 || L2:[sp=X,41] C=1,X=1,S=1,R=2,K=4,Y=1",-3385.0,-163323000.0,1,K|X,1
C,163,X,157,K,15,C,1,R,3,S,4,Y,223,X,41,C,1,X,23,S,4,K,5,R,2,Y,1,"L1:[sp=C,163] X=157,K=15,C=1,R=3,S=4,Y=223 || L2:[sp=X,41] C=1,X=23,S=4,K=5,R=2,Y=1",-inf,-inf,0,C|X,1
X,163,R,6,Y,223,C,1,X,157,K,61,S,4,C,41,C,1,X,129,Y,74,K,2,R,2,S,1,"L1:[sp=X,163] R=6,Y=223,C=1,X=157,K=61,S=4 || L2:[sp=C,41] C=1,X=129,Y=74,K=2,R=2,S=1",-inf,-inf,0,X|C,1
K,163,R,6,S,5,X,222,K,8,C,1,Y,222,X,41,C,1,X,1,S,4,R,2,K,4,Y,1,"L1:[sp=K,163] R=6,S=5,X=222,K=8,C=1,Y=222 || L2:[sp=X,41] C=1,X=1,S=4,R=2,K=4,Y=1",-2329.0,-163323000.0,1,K|X,1
K,163,R,6,S,5,X,222,K,32,C,1,Y,222,C,1,R,2,X,1,S,4,C,1,K,4,Y,1,"L1:[sp=K,163] R=6,S=5,X=222,K=32,C=1,Y=222 || L2:[sp=C,1] R=2,X=1,S=4,C=1,K=4,Y=1",-18445.0,-163323000.0,1,K|C,1
K,163,R,6,Y,222,X,222,K,8,C,1,S,4,X,41,C,1,X,1,S,1,R,5,K,4,Y,1,"L1:[sp=K,163] R=6,Y=222,X=222,K=8,C=1,S=4 || L2:[sp=X,41] C=1,X=1,S=1,R=5,K=4,Y=1",-11785.0,-163323000.0,1,K|X,1
X,163,R,6,S,3,X,222,K,8,C,1,Y,222,X,41,C,1,X,1,S,1,R,3,K,4,Y,1,"L1:[sp=X,163] R=6,S=3,X=222,K=8,C=1,Y=222 || L2:[sp=X,41] C=1,X=1,S=1,R=3,K=4,Y=1",-72721.0,-163323000.0,1,X|X,1
K,163,R,5,S,5,Y,222,K,10,C,1,X,222,X,41,C,1,X,1,S,4,R,2,K,9,Y,1,"L1:[sp=K,163] R=5,S=5,Y=222,K=10,C=1,X=222 || L2:[sp=X,41] C=1,X=1,S=4,R=2,K=9,Y=1",-2545.0,-163323000.0,1,K|X,1
C,163,R,6,C,1,K,61,S,4,Y,223,X,157,C,1,C,1,K,2,S,1,X,1,R,6,Y,1,"L1:[sp=C,163] R=6,C=1,K=61,S=4,Y=223,X=157 || L2:[sp=C,1] C=1,K=2,S=1,X=1,R=6,Y=1",-1220369.0,-163323000.0,1,C|C,1
C,163,R,3,Y,223,X,157,C,1,K,61,S,4,X,1,C,1,X,1,Y,1,K,16,R,2,S,2,"L1:[sp=C,163] R=3,Y=223,X=157,C=1,K=61,S=4 || L2:[sp=X,1] C=1,X=1,Y=1,K=16,R=2,S=2",-1864825.0,-163323000.0,1,C|X,1
X,163,R,6,S,7,X,164,K,10,C,1,Y,222,X,41,C,1,X,94,S,4,R,1,K,4,Y,1,"L1:[sp=X,163] R=6,S=7,X=164,K=10,C=1,Y=222 || L2:[sp=X,41] C=1,X=94,S=4,R=1,K=4,Y=1",-inf,-inf,0,X|X,1
C,163,R,6,C,1,K,18,S,4,Y,223,X,157,X,41,C,1,K,2,S,1,X,1,R,1,Y,1,"L1:[sp=C,163] R=6,C=1,K=18,S=4,Y=223,X=157 || L2:[sp=X,41] C=1,K=2,S=1,X=1,R=1,Y=1",-18849.0,-163323000.0,1,C|X,1
K,163,R,6,S,3,X,222,K,32,C,1,Y,222,X,41,R,3,X,206,S,1,C,1,K,4,Y,1,"L1:[sp=K,163] R=6,S=3,X=222,K=32,C=1,Y=222 || L2:[sp=X,41] R=3,X=206,S=1,C=1,K=4,Y=1",-inf,-inf,0,K|X,1
K,163,R,6,S,4,Y,222,K,10,C,1,X,222,X,41,C,1,X,1,S,3,R,6,K,4,Y,1,"L1:[sp=K,163] R=6,S=4,Y=222,K=10,C=1,X=222 || L2:[sp=X,41] C=1,X=1,S=3,R=6,K=4,Y=1",-5065.0,-163323000.0,1,K|X,1
K,163,R,6,S,3,Y,222,K,21,C,1,X,222,X,41,C,1,X,1,S,1,R,3,K,4,Y,1,"L1:[sp=K,163] R=6,S=3,Y=222,K=21,C=1,X=222 || L2:[sp=X,41] C=1,X=1,S=1,R=3,K=4,Y=1",-23833.0,-163323000.0,1,K|X,1
K,163,R,6,C,1,K,56,S,4,Y,223,X,157,C,56,C,1,K,2,S,1,X,1,R,1,Y,1,"L1:[sp=K,163] R=6,C=1,K=56,S=4,Y=223,X=157 || L2:[sp=C,56] C=1,K=2,S=1,X=1,R=1,Y=1",-1868689.0,-163323000.0,1,K|C,1
K,163,R,6,K,10,X,157,S,4,C,1,Y,223,X,41,C,1,X,1,S,1,Y,1,K,5,R,1,"L1:[sp=K,163] R=6,K=10,X=157,S=4,C=1,Y=223 || L2:[sp=X,41] C=1,X=1,S=1,Y=1,K=5,R=1",-17689.0,-163323000.0,1,K|X,1
C,163,C,3,R,6,K,61,S,7,Y,222,X,222,X,41,C,1,K,2,S,4,X,1,R,1,Y,1,"L1:[sp=C,163] C=3,R=6,K=61,S=7,Y=222,X=222 || L2:[sp=X,41] C=1,K=2,S=4,X=1,R=1,Y=1",-18821.0,-163323000.0,1,C|X,1
X,163,R,6,S,4,X,222,K,10,C,1,Y,222,X,41,C,1,X,1,S,1,R,2,K,4,Y,1,"L1:[sp=X,163] R=6,S=4,X=222,K=10,C=1,Y=222 || L2:[sp=X,41] C=1,X=1,S=1,R=2,K=4,Y=1",-10837.0,-163323000.0,1,X|X,1
K,163,R,6,S,7,X,222,K,10,C,1,Y,222,K,5,C,1,X,1,S,4,R,1,K,4,Y,1,"L1:[sp=K,163] R=6,S=7,X=222,K=10,C=1,Y=222 || L2:[sp=K,5] C=1,X=1,S=4,R=1,K=4,Y=1",-2359.0,-163323000.0,1,K|K,1
K,163,R,6,S,6,X,222,K,2,C,1,Y,222,Y,21,C,1,X,1,S,1,R,2,K,2,Y,1,"L1:[sp=K,163] R=6,S=6,X=222,K=2,C=1,Y=222 || L2:[sp=Y,21] C=1,X=1,S=1,R=2,K=2,Y=1",-2737.0,-163323000.0,1,K|Y,1
C,163,R,3,Y,223,X,157,C,3,K,61,S,4,X,41,C,1,X,1,Y,1,K,2,R,2,S,2,"L1:[sp=C,163] R=3,Y=223,X=157,C=3,K=61,S=4 || L2:[sp=X,41] C=1,X=1,Y=1,K=2,R=2,S=2",-129049.0,-163323000.0,1,C|X,1
C,163,R,6,Y,222,X,222,C,1,K,61,S,4,X,41,C,1,X,1,Y,147,K,2,R,6,S,1,"L1:[sp=C,163] R=6,Y=222,X=222,C=1,K=61,S=4 || L2:[sp=X,41] C=1,X=1,Y=147,K=2,R=6,S=1",-inf,-inf,0,C|X,1
K,163,R,3,S,4,X,157,K,32,C,1,Y,223,X,41,K,4,X,108,S,2,C,1,R,2,Y,1,"L1:[sp=K,163] R=3,S=4,X=157,K=32,C=1,Y=223 || L2:[sp=X,41] K=4,X=108,S=2,C=1,R=2,Y=1",-inf,-inf,0,K|X,1
K,163,R,6,S,5,X,222,K,8,C,1,Y,222,X,41,C,1,X,1,S,4,R,2,K,4,Y,1,"L1:[sp=K,163] R=6,S=5,X=222,K=8,C=1,Y=222 || L2:[sp=X,41] C=1,X=1,S=4,R=2,K=4,Y=1",-2329.0,-163323000.0,1,K|X,1
C,163,R,6,S,4,X,222,K,2,C,1,Y,222,Y,21,C,1,K,2,S,1,R,2,X,1,Y,1,"L1:[sp=C,163] R=6,S=4,X=222,K=2,C=1,Y=222 || L2:[sp=Y,21] C=1,K=2,S=1,R=2,X=1,Y=1",-7297.0,-163323000.0,1,C|Y,1
X,163,R,6,S,6,X,222,K,10,C,1,Y,222,X,41,C,1,X,1,S,1,R,5,K,4,Y,1,"L1:[sp=X,163] R=6,S=6,X=222,K=10,C=1,Y=222 || L2:[sp=X,41] C=1,X=1,S=1,R=5,K=4,Y=1",-47125.0,-163323000.0,1,X|X,1
C,163,R,7,S,5,X,222,K,8,C,1,Y,222,X,41,C,1,X,1,S,4,R,2,K,4,Y,1,"L1:[sp=C,163] R=7,S=5,X=222,K=8,C=1,Y=222 || L2:[sp=X,41] C=1,X=1,S=4,R=2,K=4,Y=1",-2705.0,-163323000.0,1,C|X,1
K,163,R,7,S,4,Y,222,K,10,C,1,X,222,X,41,C,1,X,1,S,3,R,6,K,4,Y,1,"L1:[sp=K,163] R=7,S=4,Y=222,K=10,C=1,X=222 || L2:[sp=X,41] C=1,X=1,S=3,R=6,K=4,Y=1",-17653.0,-163323000.0,1,K|X,1
K,163,R,6,S,4,Y,222,K,10,C,1,X,222,X,41,C,1,X,1,S,1,R,5,K,4,Y,146,"L1:[sp=K,163] R=6,S=4,Y=222,K=10,C=1,X=222 || L2:[sp=X,41] C=1,X=1,S=1,R=5,K=4,Y=146",-inf,-inf,0,K|X,1
K,163,R,6,Y,222,X,222,K,8,C,2,S,4,X,41,C,1,X,1,K,4,R,6,S,3,Y,71,"L1:[sp=K,163] R=6,Y=222,X=222,K=8,C=2,S=4 || L2:[sp=X,41] C=1,X=1,K=4,R=6,S=3,Y=71",-inf,-inf,0,K|X,1
K,163,R,6,S,6,Y,222,C,3,K,10,X,55,X,41,C,1,X,1,S,3,R,6,K,4,Y,1,"L1:[sp=K,163] R=6,S=6,Y=222,C=3,K=10,X=55 || L2:[sp=X,41] C=1,X=1,S=3,R=6,K=4,Y=1",-51873.0,-163323000.0,1,K|X,1
X,163,R,6,S,5,X,222,K,8,C,1,Y,222,Y,41,C,1,X,1,S,4,R,2,K,4,Y,1,"L1:[sp=X,163] R=6,S=5,X=222,K=8,C=1,Y=222 || L2:[sp=Y,41] C=1,X=1,S=4,R=2,K=4,Y=1",-36961.0,-163323000.0,1,X|Y,1
K,163,R,6,S,7,X,222,K,10,C,1,Y,222,K,5,C,1,X,1,S,4,R,1,K,4,Y,1,"L1:[sp=K,163] R=6,S=7,X=222,K=10,C=1,Y=222 || L2:[sp=K,5] C=1,X=1,S=4,R=1,K=4,Y=1",-2359.0,-163323000.0,1,K|K,1
K,163,R,2,S,6,X,222,K,2,C,1,Y,222,Y,21,C,1,X,1,S,1,R,2,K,2,Y,1,"L1:[sp=K,163] R=2,S=6,X=222,K=2,C=1,Y=222 || L2:[sp=Y,21] C=1,X=1,S=1,R=2,K=2,Y=1",-32449.0,-163323000.0,1,K|Y,1
K,163,R,6,S,4,Y,222,K,10,C,1,X,222,Y,7,C,1,X,1,S,4,K,4,R,6,Y,1,"L1:[sp=K,163] R=6,S=4,Y=222,K=10,C=1,X=222 || L2:[sp=Y,7] C=1,X=1,S=4,K=4,R=6,Y=1",-2893.0,-163323000.0,1,K|Y,1
X,163,R,6,S,4,K,10,X,222,C,1,Y,222,X,41,C,1,X,1,S,1,R,2,K,4,Y,26,"L1:[sp=X,163] R=6,S=4,K=10,X=222,C=1,Y=222 || L2:[sp=X,41] C=1,X=1,S=1,R=2,K=4,Y=26",-161365.0,-163323000.0,1,X|X,1
K,163,R,6,S,4,X,222,K,8,C,1,Y,222,X,41,C,1,X,1,S,3,R,6,K,4,Y,1,"L1:[sp=K,163] R=6,S=4,X=222,K=8,C=1,Y=222 || L2:[sp=X,41] C=1,X=1,S=3,R=6,K=4,Y=1",-4057.0,-163323000.0,1,K|X,1
K,163,R,6,S,5,C,1,K,10,Y,102,X,222,C,1,C,1,X,1,S,2,R,2,K,4,Y,1,"L1:[sp=K,163] R=6,S=5,C=1,K=10,Y=102,X=222 || L2:[sp=C,1] C=1,X=1,S=2,R=2,K=4,Y=1",-388117.0,-163323000.0,1,K|C,1
K,163,R,6,Y,222,X,222,K,8,C,1,S,4,X,41,C,1,X,1,S,1,R,5,K,4,Y,1,"L1:[sp=K,163] R=6,Y=222,X=222,K=8,C=1,S=4 || L2:[sp=X,41] C=1,X=1,S=1,R=5,K=4,Y=1",-11785.0,-163323000.0,1,K|X,1
X,163,R,6,K,10,X,157,S,4,C,1,Y,223,K,41,C,1,X,1,S,4,Y,212,K,5,R,1,"L1:[sp=X,163] R=6,K=10,X=157,S=4,C=1,Y=223 || L2:[sp=K,41] C=1,X=1,S=4,Y=212,K=5,R=1",-inf,-inf,0,X|K,1
X,163,R,6,Y,222,X,222,K,8,C,1,S,4,K,2,C,1,X,1,S,1,R,2,K,4,Y,1,"L1:[sp=X,163] R=6,Y=222,X=222,K=8,C=1,S=4 || L2:[sp=K,2] C=1,X=1,S=1,R=2,K=4,Y=1",-10849.0,-163323000.0,1,X|K,1
X,163,R,6,S,4,X,50,K,10,C,1,Y,222,X,41,C,1,X,1,S,1,R,5,K,4,Y,185,"L1:[sp=X,163] R=6,S=4,X=50,K=10,C=1,Y=222 || L2:[sp=X,41] C=1,X=1,S=1,R=5,K=4,Y=185",-inf,-inf,0,X|X,1
K,163,R,6,S,7,C,1,K,10,X,222,Y,222,K,5,C,1,X,1,S,2,R,1,K,4,Y,135,"L1:[sp=K,163] R=6,S=7,C=1,K=10,X=222,Y=222 || L2:[sp=K,5] C=1,X=1,S=2,R=1,K=4,Y=135",-inf,-inf,0,K|K,1
K,163,K,2,S,6,X,222,R,6,C,1,Y,222,Y,21,C,1,X,1,S,1,R,2,K,1,Y,1,"L1:[sp=K,163] K=2,S=6,X=222,R=6,C=1,Y=222 || L2:[sp=Y,21] C=1,X=1,S=1,R=2,K=1,Y=1",-2737.0,-163323000.0,1,K|Y,1
K,163,R,6,S,5,X,222,K,8,C,1,Y,222,X,41,C,1,X,1,S,4,R,2,K,4,Y,1,"L1:[sp=K,163] R=6,S=5,X=222,K=8,C=1,Y=222 || L2:[sp=X,41] C=1,X=1,S=4,R=2,K=4,Y=1",-2329.0,-163323000.0,1,K|X,1
K,163,R,6,S,4,X,222,K,10,C,1,Y,222,K,5,K,4,X,1,S,3,R,5,C,1,Y,1,"L1:[sp=K,163] R=6,S=4,X=222,K=10,C=1,Y=222 || L2:[sp=K,5] K=4,X=1,S=3,R=5,C=1,Y=1",-8833.0,-163323000.0,1,K|K,1
K,163,R,6,S,7,Y,222,K,10,C,1,X,222,Y,7,C,1,X,1,S,4,K,4,R,1,Y,1,"L1:[sp=K,163] R=6,S=7,Y=222,K=10,C=1,X=222 || L2:[sp=Y,7] C=1,X=1,S=4,K=4,R=1,Y=1",-2947.0,-163323000.0,1,K|Y,1
C,163,C,1,S,5,X,222,K,8,R,6,Y,222,X,41,C,1,R,2,S,4,X,1,K,4,Y,1,"L1:[sp=C,163] C=1,S=5,X=222,K=8,R=6,Y=222 || L2:[sp=X,41] C=1,R=2,S=4,X=1,K=4,Y=1",-3105.0,-163323000.0,1,C|X,1
C,163,R,6,S,4,X,222,K,2,C,1,Y,222,Y,21,C,1,K,2,S,1,R,2,X,155,Y,1,"L1:[sp=C,163] R=6,S=4,X=222,K=2,C=1,Y=222 || L2:[sp=Y,21] C=1,K=2,S=1,R=2,X=155,Y=1",-inf,-inf,0,C|Y,1
K,163,K,2,S,5,X,222,R,6,C,1,Y,222,Y,21,C,1,R,2,S,4,X,1,K,1,Y,1,"L1:[sp=K,163] K=2,S=5,X=222,R=6,C=1,Y=222 || L2:[sp=Y,21] C=1,R=2,S=4,X=1,K=1,Y=1",-4657.0,-163323000.0,1,K|Y,1
K,163,R,3,S,6,X,222,K,8,C,1,Y,222,X,41,C,1,X,30,S,1,R,2,K,4,Y,153,"L1:[sp=K,163] R=3,S=6,X=222,K=8,C=1,Y=222 || L2:[sp=X,41] C=1,X=30,S=1,R=2,K=4,Y=153",-inf,-inf,0,K|X,1
K,163,Y,222,S,4,C,1,K,10,R,6,X,222,Y,7,C,1,X,1,S,4,K,4,R,6,Y,134,"L1:[sp=K,163] Y=222,S=4,C=1,K=10,R=6,X=222 || L2:[sp=Y,7] C=1,X=1,S=4,K=4,R=6,Y=134",-inf,-inf,0,K|Y,1
C,163,R,6,S,4,X,222,K,2,C,1,Y,127,Y,21,C,1,K,2,S,1,R,2,X,1,Y,1,"L1:[sp=C,163] R=6,S=4,X=222,K=2,C=1,Y=127 || L2:[sp=Y,21] C=1,K=2,S=1,R=2,X=1,Y=1",-86273.0,-163323000.0,1,C|Y,1
C,163,R,6,S,4,X,222,K,8,C,1,Y,222,X,41,C,1,X,1,S,3,R,2,K,4,Y,22,"L1:[sp=C,163] R=6,S=4,X=222,K=8,C=1,Y=222 || L2:[sp=X,41] C=1,X=1,S=3,R=2,K=4,Y=22",-inf,-inf,0,C|X,1
Y,163,R,2,S,5,X,222,K,2,C,1,Y,222,C,21,C,1,K,2,S,4,R,2,X,1,Y,1,"L1:[sp=Y,163] R=2,S=5,X=222,K=2,C=1,Y=222 || L2:[sp=C,21] C=1,K=2,S=4,R=2,X=1,Y=1",-8184577.0,-163323000.0,1,Y|C,1
C,163,R,6,S,7,X,222,K,2,C,1,Y,222,Y,21,C,1,K,2,S,4,X,1,R,6,Y,1,"L1:[sp=C,163] R=6,S=7,X=222,K=2,C=1,Y=222 || L2:[sp=Y,21] C=1,K=2,S=4,X=1,R=6,Y=1",-10817.0,-163323000.0,1,C|Y,1
K,163,R,6,S,5,X,222,K,10,C,1,Y,222,K,5,C,1,X,1,S,4,R,2,K,4,Y,1,"L1:[sp=K,163] R=6,S=5,X=222,K=10,C=1,Y=222 || L2:[sp=K,5] C=1,X=1,S=4,R=2,K=4,Y=1",-2317.0,-163323000.0,1,K|K,1
K,163,K,2,S,4,X,222,R,6,C,1,Y,222,Y,21,C,1,X,39,S,3,R,6,K,1,Y,1,"L1:[sp=K,163] K=2,S=4,X=222,R=6,C=1,Y=222 || L2:[sp=Y,21] C=1,X=39,S=3,R=6,K=1,Y=1",-inf,-inf,0,K|Y,1
C,163,R,6,S,6,X,222,K,8,C,1,Y,222,X,41,C,1,X,1,R,2,S,3,K,4,Y,1,"L1:[sp=C,163] R=6,S=6,X=222,K=8,C=1,Y=222 || L2:[sp=X,41] C=1,X=1,R=2,S=3,K=4,Y=1",-4641.0,-163323000.0,1,C|X,1
K,163,R,7,Y,44,X,222,K,8,C,1,S,5,X,2,C,1,X,1,S,4,R,4,K,4,Y,1,"L1:[sp=K,163] R=7,Y=44,X=222,K=8,C=1,S=5 || L2:[sp=X,2] C=1,X=1,S=4,R=4,K=4,Y=1",-939487.0,-163323000.0,1,K|X,1
C,163,R,6,S,4,X,222,K,8,C,1,Y,222,X,41,C,1,X,91,S,1,R,2,K,4,Y,1,"L1:[sp=C,163] R=6,S=4,X=222,K=8,C=1,Y=222 || L2:[sp=X,41] C=1,X=91,S=1,R=2,K=4,Y=1",-inf,-inf,0,C|X,1
X,163,X,222,C,1,R,7,K,8,S,5,Y,209,X,41,C,1,X,1,S,3,R,2,K,4,Y,1,"L1:[sp=X,163] X=222,C=1,R=7,K=8,S=5,Y=209 || L2:[sp=X,41] C=1,X=1,S=3,R=2,K=4,Y=1",-2145121.0,-163323000.0,1,X|X,1
X,163,R,6,Y,222,X,222,K,8,C,1,S,7,K,2,C,1,X,166,S,1,R,2,K,4,Y,1,"L1:[sp=X,163] R=6,Y=222,X=222,K=8,C=1,S=7 || L2:[sp=K,2] C=1,X=166,S=1,R=2,K=4,Y=1",-inf,-inf,0,X|K,1
X,163,R,6,S,4,Y,127,K,10,C,1,X,222,K,1,C,1,X,1,S,1,K,7,R,2,Y,1,"L1:[sp=X,163] R=6,S=4,Y=127,K=10,C=1,X=222 || L2:[sp=K,1] C=1,X=1,S=1,K=7,R=2,Y=1",-4805305.0,-163323000.0,1,X|K,1
C,163,R,6,S,4,X,222,K,2,C,1,Y,222,Y,21,C,1,K,2,S,4,R,6,X,139,Y,1,"L1:[sp=C,163] R=6,S=4,X=222,K=2,C=1,Y=222 || L2:[sp=Y,21] C=1,K=2,S=4,R=6,X=139,Y=1",-inf,-inf,0,C|Y,1
K,163,R,6,S,5,X,222,K,10,C,1,Y,222,K,5,C,1,X,1,S,4,R,2,K,4,Y,1,"L1:[sp=K,163] R=6,S=5,X=222,K=10,C=1,Y=222 || L2:[sp=K,5] C=1,X=1,S=4,R=2,K=4,Y=1",-2317.0,-163323000.0,1,K|K,1
C,163,R,6,S,5,X,222,K,2,C,1,Y,200,Y,21,C,1,K,2,S,4,X,1,R,2,Y,1,"L1:[sp=C,163] R=6,S=5,X=222,K=2,C=1,Y=200 || L2:[sp=Y,21] C=1,K=2,S=4,X=1,R=2,Y=1",-147713.0,-163323000.0,1,C|Y,1
C,163,C,1,S,3,X,222,K,34,R,6,Y,222,X,41,C,1,R,6,S,3,X,1,K,4,Y,1,"L1:[sp=C,163] C=1,S=3,X=222,K=34,R=6,Y=222 || L2:[sp=X,41] C=1,R=6,S=3,X=1,K=4,Y=1",-41485.0,-163324000.0,1,C|X,1
K,163,R,6,S,5,Y,222,K,10,C,2,X,222,Y,7,C,1,X,1,S,1,K,4,R,2,Y,1,"L1:[sp=K,163] R=6,S=5,Y=222,K=10,C=2,X=222 || L2:[sp=Y,7] C=1,X=1,S=1,K=4,R=2,Y=1",-3369.0,-163323000.0,1,K|Y,1
K,163,S,7,R,6,X,222,Y,222,C,1,K,8,X,41,C,1,X,1,S,4,R,1,K,4,Y,1,"L1:[sp=K,163] S=7,R=6,X=222,Y=222,C=1,K=8 || L2:[sp=X,41] C=1,X=1,S=4,R=1,K=4,Y=1",-4717.0,-163323000.0,1,K|X,1
C,163,C,1,S,6,X,222,K,63,R,6,Y,222,X,41,C,1,R,2,S,3,X,1,K,4,Y,1,"L1:[sp=C,163] C=1,S=6,X=222,K=63,R=6,Y=222 || L2:[sp=X,41] C=1,R=2,S=3,X=1,K=4,Y=1",-4761.0,-163323000.0,1,C|X,1
C,163,R,6,S,2,X,222,K,8,C,1,Y,222,X,41,C,1,X,1,R,1,S,2,K,4,Y,1,"L1:[sp=C,163] R=6,S=2,X=222,K=8,C=1,Y=222 || L2:[sp=X,41] C=1,X=1,R=1,S=2,K=4,Y=1",-50305.0,-163323000.0,1,C|X,1
K,163,R,6,S,4,X,222,K,10,C,1,Y,221,K,5,K,4,X,1,S,3,R,5,C,1,Y,1,"L1:[sp=K,163] R=6,S=4,X=222,K=10,C=1,Y=221 || L2:[sp=K,5] K=4,X=1,S=3,R=5,C=1,Y=1",-8833.0,-163323000.0,1,K|K,1
X,163,R,6,S,5,X,222,K,8,C,1,Y,222,K,41,C,1,X,1,S,4,R,2,K,2,Y,1,"L1:[sp=X,163] R=6,S=5,X=222,K=8,C=1,Y=222 || L2:[sp=K,41] C=1,X=1,S=4,R=2,K=2,Y=1",-9313.0,-163323000.0,1,X|K,1
C,163,R,6,S,5,Y,222,K,8,C,1,X,222,X,41,C,1,X,1,R,2,S,3,K,4,Y,1,"L1:[sp=C,163] R=6,S=5,Y=222,K=8,C=1,X=222 || L2:[sp=X,41] C=1,X=1,R=2,S=3,K=4,Y=1",-3617.0,-163323000.0,1,C|X,1
K,163,R,6,S,6,X,222,K,8,C,2,Y,222,X,41,C,1,X,1,S,3,R,2,K,4,Y,1,"L1:[sp=K,163] R=6,S=6,X=222,K=8,C=2,Y=222 || L2:[sp=X,41] C=1,X=1,S=3,R=2,K=4,Y=1",-3473.0,-163323000.0,1,K|X,1
K,163,K,2,S,6,X,68,Y,155,C,1,R,6,Y,21,C,1,R,2,S,3,X,1,K,1,Y,1,"L1:[sp=K,163] K=2,S=6,X=68,Y=155,C=1,R=6 || L2:[sp=Y,21] C=1,R=2,S=3,X=1,K=1,Y=1",-inf,-inf,0,K|Y,1
C,163,R,6,S,5,X,166,K,8,C,1,Y,222,X,166,C,1,X,1,R,2,S,4,K,4,Y,1,"L1:[sp=C,163] R=6,S=5,X=166,K=8,C=1,Y=222 || L2:[sp=X,166] C=1,X=1,R=2,S=4,K=4,Y=1",-83137.0,-163323000.0,1,C|X,1
K,163,R,6,S,7,Y,222,K,10,C,1,X,222,Y,7,C,1,X,1,S,3,K,4,R,1,Y,1,"L1:[sp=K,163] R=6,S=7,Y=222,K=10,C=1,X=222 || L2:[sp=Y,7] C=1,X=1,S=3,K=4,R=1,Y=1",-4417.0,-163323000.0,1,K|Y,1
C,163,R,6,S,6,C,1,K,8,X,34,Y,222,C,1,C,1,X,1,R,2,S,3,K,4,Y,1,"L1:[sp=C,163] R=6,S=6,C=1,K=8,X=34,Y=222 || L2:[sp=C,1] C=1,X=1,R=2,S=3,K=4,Y=1",-1106145.0,-163323000.0,1,C|C,1
X,163,R,6,S,7,X,222,K,10,C,1,Y,222,K,5,K,4,X,1,S,4,R,6,C,1,Y,1,"L1:[sp=X,163] R=6,S=7,X=222,K=10,C=1,Y=222 || L2:[sp=K,5] K=4,X=1,S=4,R=6,C=1,Y=1",-14155.0,-163323000.0,1,X|K,1
Y,163,R,6,S,4,X,222,K,2,C,1,Y,222,C,21,X,1,K,2,S,3,C,1,R,5,Y,1,"L1:[sp=Y,163] R=6,S=4,X=222,K=2,C=1,Y=222 || L2:[sp=C,21] X=1,K=2,S=3,C=1,R=5,Y=1",-inf,-inf,0,Y|C,1
K,163,R,6,S,5,X,222,K,8,C,1,Y,222,X,41,C,1,X,1,S,4,R,2,K,4,Y,1,"L1:[sp=K,163] R=6,S=5,X=222,K=8,C=1,Y=222 || L2:[sp=X,41] C=1,X=1,S=4,R=2,K=4,Y=1",-2329.0,-163323000.0,1,K|X,1
C,163,R,6,S,6,X,222,K,8,C,1,Y,222,X,41,C,1,X,1,R,2,S,3,K,4,Y,1,"L1:[sp=C,163] R=6,S=6,X=222,K=8,C=1,Y=222 || L2:[sp=X,41] C=1,X=1,R=2,S=3,K=4,Y=1",-4641.0,-163323000.0,1,C|X,1
C,163,R,6,S,7,Y,222,K,10,C,1,X,222,X,42,C,1,X,1,S,4,K,4,R,1,Y,1,"L1:[sp=C,163] R=6,S=7,Y=222,K=10,C=1,X=222 || L2:[sp=X,42] C=1,X=1,S=4,K=4,R=1,Y=1",-6287.0,-163323000.0,1,C|X,1
C,163,C,1,S,5,X,222,K,8,R,6,Y,222,X,41,C,1,R,2,S,4,X,1,K,4,Y,1,"L1:[sp=C,163] C=1,S=5,X=222,K=8,R=6,Y=222 || L2:[sp=X,41] C=1,R=2,S=4,X=1,K=4,Y=1",-3105.0,-163323000.0,1,C|X,1
K,163,R,6,S,5,X,222,K,10,C,1,Y,222,K,5,C,1,X,1,S,4,R,2,K,4,Y,1,"L1:[sp=K,163] R=6,S=5,X=222,K=10,C=1,Y=222 || L2:[sp=K,5] C=1,X=1,S=4,R=2,K=4,Y=1",-2317.0,-163323000.0,1,K|K,1
K,163,R,6,S,7,X,222,K,10,C,1,Y,149,K,5,C,1,X,1,S,3,R,1,K,4,Y,1,"L1:[sp=K,163] R=6,S=7,X=222,K=10,C=1,Y=149 || L2:[sp=K,5] C=1,X=1,S=3,R=1,K=4,Y=1",-inf,-inf,0,K|K,1
K,163,R,6,S,5,Y,222,K,10,C,1,X,222,Y,7,C,1,X,1,S,4,K,4,R,2,Y,122,"L1:[sp=K,163] R=6,S=5,Y=222,K=10,C=1,X=222 || L2:[sp=Y,7] C=1,X=1,S=4,K=4,R=2,Y=122",-inf,-inf,0,K|Y,1
C,163,R,6,S,4,X,222,K,39,C,1,Y,222,X,41,C,1,X,1,R,2,S,4,K,4,Y,1,"L1:[sp=C,163] R=6,S=4,X=222,K=39,C=1,Y=222 || L2:[sp=X,41] C=1,X=1,R=2,S=4,K=4,Y=1",-4233.0,-163323000.0,1,C|X,1
K,163,R,6,S,5,X,222,K,8,C,1,Y,222,X,41,C,1,X,1,S,3,Y,1,K,4,R,2,"L1:[sp=K,163] R=6,S=5,X=222,K=8,C=1,Y=222 || L2:[sp=X,41] C=1,X=1,S=3,Y=1,K=4,R=2",-2713.0,-163323000.0,1,K|X,1
K,163,R,6,S,6,Y,222,K,10,C,1,X,222,Y,7,C,1,X,1,S,3,K,4,R,2,Y,1,"L1:[sp=K,163] R=6,S=6,Y=222,K=10,C=1,X=222 || L2:[sp=Y,7] C=1,X=1,S=3,K=4,R=2,Y=1",-2173.0,-163323000.0,1,K|Y,1
C,163,K,8,S,7,X,222,R,6,C,1,Y,184,X,41,C,1,X,1,R,1,S,3,K,4,Y,1,"L1:[sp=C,163] K=8,S=7,X=222,R=6,C=1,Y=184 || L2:[sp=X,41] C=1,X=1,R=1,S=3,K=4,Y=1",-inf,-inf,0,C|X,1
K,163,R,6,S,6,X,151,K,8,C,2,Y,222,X,41,C,1,X,1,S,3,R,2,K,4,Y,1,"L1:[sp=K,163] R=6,S=6,X=151,K=8,C=2,Y=222 || L2:[sp=X,41] C=1,X=1,S=3,R=2,K=4,Y=1",-20769.0,-163323000.0,1,K|X,1
C,163,C,1,S,6,X,222,K,8,R,6,Y,222,X,41,C,1,X,1,R,2,S,3,K,4,Y,1,"L1:[sp=C,163] C=1,S=6,X=222,K=8,R=6,Y=222 || L2:[sp=X,41] C=1,X=1,R=2,S=3,K=4,Y=1",-4641.0,-163323000.0,1,C|X,1
Y,163,R,6,S,5,Y,222,K,10,C,2,X,222,K,7,C,1,X,1,S,1,K,4,R,2,Y,1,"L1:[sp=Y,163] R=6,S=5,Y=222,K=10,C=2,X=222 || L2:[sp=K,7] C=1,X=1,S=1,K=4,R=2,Y=1",-9465.0,-163323000.0,1,Y|K,1
C,163,R,6,S,5,Y,222,K,8,C,1,X,222,X,41,C,1,Y,1,R,2,S,3,K,4,X,1,"L1:[sp=C,163] R=6,S=5,Y=222,K=8,C=1,X=222 || L2:[sp=X,41] C=1,Y=1,R=2,S=3,K=4,X=1",-3617.0,-163323000.0,1,C|X,1
K,163,R,3,S,3,X,222,K,8,C,2,Y,222,X,41,C,1,X,1,S,1,R,2,K,4,Y,1,"L1:[sp=K,163] R=3,S=3,X=222,K=8,C=2,Y=222 || L2:[sp=X,41] C=1,X=1,S=1,R=2,K=4,Y=1",-inf,-inf,0,K|X,1
K,163,R,6,S,5,Y,109,K,10,C,1,X,222,Y,7,C,1,X,1,S,4,K,4,R,2,Y,1,"L1:[sp=K,163] R=6,S=5,Y=109,K=10,C=1,X=222 || L2:[sp=Y,7] C=1,X=1,S=4,K=4,R=2,Y=1",-213157.0,-163323000.0,1,K|Y,1
K,163,R,6,S,5,Y,222,K,10,C,1,X,165,Y,7,C,1,X,1,S,3,K,4,Y,1,R,2,"L1:[sp=K,163] R=6,S=5,Y=222,K=10,C=1,X=165 || L2:[sp=Y,7] C=1,X=1,S=3,K=4,Y=1,R=2",-376345.0,-163323000.0,1,K|Y,1
C,163,R,6,S,2,Y,222,K,32,C,1,X,222,X,41,C,1,X,1,R,1,S,2,K,4,Y,1,"L1:[sp=C,163] R=6,S=2,Y=222,K=32,C=1,X=222 || L2:[sp=X,41] C=1,X=1,R=1,S=2,K=4,Y=1",-50209.0,-163323000.0,1,C|X,1
C,163,R,6,S,6,K,8,Y,222,C,1,X,222,X,41,C,1,X,108,R,2,S,2,K,6,Y,1,"L1:[sp=C,163] R=6,S=6,K=8,Y=222,C=1,X=222 || L2:[sp=X,41] C=1,X=108,R=2,S=2,K=6,Y=1",-inf,-inf,0,C|X,1
Y,163,R,6,S,5,X,222,K,8,C,1,Y,222,X,41,C,1,X,1,R,2,S,3,K,4,Y,1,"L1:[sp=Y,163] R=6,S=5,X=222,K=8,C=1,Y=222 || L2:[sp=X,41] C=1,X=1,R=2,S=3,K=4,Y=1",-inf,-inf,0,Y|X,1
K,163,R,6,S,7,X,222,K,8,C,2,Y,222,X,41,C,1,X,1,S,3,R,2,K,4,Y,1,"L1:[sp=K,163] R=6,S=7,X=222,K=8,C=2,Y=222 || L2:[sp=X,41] C=1,X=1,S=3,R=2,K=4,Y=1",-2697.0,-163323000.0,1,K|X,1
K,163,R,6,S,6,Y,222,K,10,C,3,X,222,Y,7,C,1,X,1,S,3,K,4,R,1,Y,1,"L1:[sp=K,163] R=6,S=6,Y=222,K=10,C=3,X=222 || L2:[sp=Y,7] C=1,X=1,S=3,K=4,R=1,Y=1",-1895.0,-163323000.0,1,K|Y,1
K,163,R,6,S,7,Y,222,K,10,C,1,X,222,Y,7,C,1,X,1,S,3,K,4,R,1,Y,1,"L1:[sp=K,163] R=6,S=7,Y=222,K=10,C=1,X=222 || L2:[sp=Y,7] C=1,X=1,S=3,K=4,R=1,Y=1",-4417.0,-163323000.0,1,K|Y,1
Y,163,R,6,S,5,X,222,K,8,C,1,Y,222,X,41,C,1,X,1,S,4,R,2,K,4,Y,1,"L1:[sp=Y,163] R=6,S=5,X=222,K=8,C=1,Y=222 || L2:[sp=X,41] C=1,X=1,S=4,R=2,K=4,Y=1",-inf,-inf,0,Y|X,1
K,163,R,6,S,6,Y,222,K,10,C,3,X,222,Y,7,C,1,X,1,S,3,K,4,R,1,Y,1,"L1:[sp=K,163] R=6,S=6,Y=222,K=10,C=3,X=222 || L2:[sp=Y,7] C=1,X=1,S=3,K=4,R=1,Y=1",-1895.0,-163323000.0,1,K|Y,1
K,163,R,6,S,5,Y,222,K,10,C,1,X,222,C,1,C,1,X,1,S,1,K,4,R,1,Y,1,"L1:[sp=K,163] R=6,S=5,Y=222,K=10,C=1,X=222 || L2:[sp=C,1] C=1,X=1,S=1,K=4,R=1,Y=1",-5893.0,-163323000.0,1,K|C,1
Y,163,R,6,S,7,X,222,K,10,C,1,Y,222,K,5,C,1,X,1,S,3,R,2,K,4,Y,1,"L1:[sp=Y,163] R=6,S=7,X=222,K=10,C=1,Y=222 || L2:[sp=K,5] C=1,X=1,S=3,R=2,K=4,Y=1",-inf,-inf,0,Y|K,1
K,163,R,6,S,7,X,186,K,8,C,2,Y,222,X,41,C,1,X,1,S,3,R,2,K,4,Y,1,"L1:[sp=K,163] R=6,S=7,X=186,K=8,C=2,Y=222 || L2:[sp=X,41] C=1,X=1,S=3,R=2,K=4,Y=1",-16145.0,-163323000.0,1,K|X,1
C,163,R,6,S,4,X,222,K,39,C,1,Y,222,K,39,C,1,X,1,R,2,S,4,K,4,Y,1,"L1:[sp=C,163] R=6,S=4,X=222,K=39,C=1,Y=222 || L2:[sp=K,39] C=1,X=1,R=2,S=4,K=4,Y=1",-521.0,-163323000.0,1,C|K,1
K,163,R,7,S,5,X,222,K,8,C,2,Y,222,X,41,C,1,X,1,S,3,R,2,K,4,Y,66,"L1:[sp=K,163] R=7,S=5,X=222,K=8,C=2,Y=222 || L2:[sp=X,41] C=1,X=1,S=3,R=2,K=4,Y=66",-inf,-inf,0,K|X,1
K,163,R,6,S,7,X,222,K,8,C,1,Y,222,X,41,C,1,X,1,S,3,K,4,Y,179,R,2,"L1:[sp=K,163] R=6,S=7,X=222,K=8,C=1,Y=222 || L2:[sp=X,41] C=1,X=1,S=3,K=4,Y=179,R=2",-inf,-inf,0,K|X,1
Y,163,R,6,S,1,Y,130,K,10,C,1,X,222,K,7,C,1,X,1,S,1,K,4,R,2,Y,1,"L1:[sp=Y,163] R=6,S=1,Y=130,K=10,C=1,X=222 || L2:[sp=K,7] C=1,X=1,S=1,K=4,R=2,Y=1",-inf,-inf,0,Y|K,1
X,163,R,6,S,6,X,222,K,8,C,3,Y,222,X,41,C,1,X,1,S,3,Y,1,K,4,R,1,"L1:[sp=X,163] R=6,S=6,X=222,K=8,C=3,Y=222 || L2:[sp=X,41] C=1,X=1,S=3,Y=1,K=4,R=1",-24225.0,-163323000.0,1,X|X,1
C,163,R,6,S,6,Y,222,K,8,C,1,X,222,X,41,C,1,Y,1,R,1,S,5,K,4,X,1,"L1:[sp=C,163] R=6,S=6,Y=222,K=8,C=1,X=222 || L2:[sp=X,41] C=1,Y=1,R=1,S=5,K=4,X=1",-6305.0,-163323000.0,1,C|X,1
K,163,R,6,S,5,Y,222,K,10,C,3,X,222,Y,7,C,1,X,1,S,3,K,4,R,2,Y,1,"L1:[sp=K,163] R=6,S=5,Y=222,K=10,C=3,X=222 || L2:[sp=Y,7] C=1,X=1,S=3,K=4,R=2,Y=1",-3365.0,-163323000.0,1,K|Y,1
K,163,R,6,S,7,Y,158,K,10,C,3,X,222,C,3,C,1,X,1,S,3,K,4,R,1,Y,1,"L1:[sp=K,163] R=6,S=7,Y=158,K=10,C=3,X=222 || L2:[sp=C,3] C=1,X=1,S=3,K=4,R=1,Y=1",-inf,-inf,0,K|C,1
K,163,R,6,S,6,Y,222,K,10,C,1,X,222,Y,7,C,1,X,1,S,3,K,4,R,1,Y,1,"L1:[sp=K,163] R=6,S=6,Y=222,K=10,C=1,X=222 || L2:[sp=Y,7] C=1,X=1,S=3,K=4,R=1,Y=1",-1903.0,-163323000.0,1,K|Y,1
Y,163,R,6,S,5,Y,222,K,8,C,1,X,222,C,21,K,4,Y,1,R,2,S,3,C,1,X,1,"L1:[sp=Y,163] R=6,S=5,Y=222,K=8,C=1,X=222 || L2:[sp=C,21] K=4,Y=1,R=2,S=3,C=1,X=1",-21601.0,-163323000.0,1,Y|C,1
C,163,R,6,S,4,X,222,K,39,C,1,Y,222,X,41,C,1,S,4,X,1,R,2,K,4,Y,147,"L1:[sp=C,163] R=6,S=4,X=222,K=39,C=1,Y=222 || L2:[sp=X,41] C=1,S=4,X=1,R=2,K=4,Y=147",-inf,-inf,0,C|X,1
Y,163,R,6,S,5,X,222,K,10,C,1,Y,222,K,5,C,1,X,1,S,3,R,2,K,4,Y,1,"L1:[sp=Y,163] R=6,S=5,X=222,K=10,C=1,Y=222 || L2:[sp=K,5] C=1,X=1,S=3,R=2,K=4,Y=1",-inf,-inf,0,Y|K,1
X,163,R,6,S,5,Y,89,K,8,C,1,X,101,C,41,C,1,Y,1,R,2,S,4,K,4,X,1,"L1:[sp=X,163] R=6,S=5,Y=89,K=8,C=1,X=101 || L2:[sp=C,41] C=1,Y=1,R=2,S=4,K=4,X=1",-inf,-inf,0,X|C,1
K,163,R,6,S,5,Y,222,K,4,C,1,X,222,Y,7,C,1,X,1,S,4,K,4,R,2,Y,200,"L1:[sp=K,163] R=6,S=5,Y=222,K=4,C=1,X=222 || L2:[sp=Y,7] C=1,X=1,S=4,K=4,R=2,Y=200",-inf,-inf,0,K|Y,1
K,163,R,6,S,6,X,222,K,10,C,1,Y,222,K,5,C,1,K,2,S,3,R,2,X,1,Y,1,"L1:[sp=K,163] R=6,S=6,X=222,K=10,C=1,Y=222 || L2:[sp=K,5] C=1,K=2,S=3,R=2,X=1,Y=1",-445.0,-163323000.0,1,K|K,1
K,163,R,6,S,5,Y,222,K,8,C,1,X,222,X,2,C,1,Y,1,R,2,S,3,K,4,X,1,"L1:[sp=K,163] R=6,S=5,Y=222,K=8,C=1,X=222 || L2:[sp=X,2] C=1,Y=1,R=2,S=3,K=4,X=1",-2701.0,-163323000.0,1,K|X,1
K,163,R,6,S,7,X,222,K,8,C,2,Y,222,X,41,C,1,X,1,S,3,R,2,K,4,Y,1,"L1:[sp=K,163] R=6,S=7,X=222,K=8,C=2,Y=222 || L2:[sp=X,41] C=1,X=1,S=3,R=2,K=4,Y=1",-2697.0,-163323000.0,1,K|X,1
K,163,R,6,S,6,X,222,K,10,C,1,Y,222,K,5,C,1,K,2,S,3,R,2,X,1,Y,1,"L1:[sp=K,163] R=6,S=6,X=222,K=10,C=1,Y=222 || L2:[sp=K,5] C=1,K=2,S=3,R=2,X=1,Y=1",-445.0,-163323000.0,1,K|K,1
K,163,R,6,S,6,Y,222,K,10,C,1,X,222,X,28,C,1,X,1,S,3,K,4,R,1,Y,184,"L1:[sp=K,163] R=6,S=6,Y=222,K=10,C=1,X=222 || L2:[sp=X,28] C=1,X=1,S=3,K=4,R=1,Y=184",-inf,-inf,0,K|X,1
K,163,R,6,S,7,X,9,K,8,C,2,Y,222,X,41,C,1,X,1,S,3,R,2,K,4,Y,1,"L1:[sp=K,163] R=6,S=7,X=9,K=8,C=2,Y=222 || L2:[sp=X,41] C=1,X=1,S=3,R=2,K=4,Y=1",-67401.0,-163323000.0,1,K|X,1
K,163,R,6,S,5,Y,222,K,10,C,3,X,222,Y,7,C,1,X,1,S,2,K,4,R,2,Y,1,"L1:[sp=K,163] R=6,S=5,Y=222,K=10,C=3,X=222 || L2:[sp=Y,7] C=1,X=1,S=2,K=4,R=2,Y=1",-1685.0,-163323000.0,1,K|Y,1
K,163,R,6,X,77,S,6,K,10,C,3,Y,222,Y,7,C,1,X,1,S,3,K,3,R,1,Y,1,"L1:[sp=K,163] R=6,X=77,S=6,K=10,C=3,Y=222 || L2:[sp=Y,7] C=1,X=1,S=3,K=3,R=1,Y=1",-430933.0,-163323000.0,1,K|Y,1
K,163,R,6,S,6,Y,222,K,10,C,3,X,222,Y,7,C,1,X,1,S,3,K,4,R,1,Y,105,"L1:[sp=K,163] R=6,S=6,Y=222,K=10,C=3,X=222 || L2:[sp=Y,7] C=1,X=1,S=3,K=4,R=1,Y=105",-inf,-inf,0,K|Y,1
K,163,R,6,S,5,Y,222,K,10,C,1,X,94,Y,7,C,1,X,1,S,3,K,4,R,1,Y,1,"L1:[sp=K,163] R=6,S=5,Y=222,K=10,C=1,X=94 || L2:[sp=Y,7] C=1,X=1,S=3,K=4,R=1,Y=1",-332257.0,-163323000.0,1,K|Y,1
K,163,R,6,S,6,Y,222,K,10,C,1,X,222,Y,7,C,1,X,1,S,3,K,4,R,1,Y,1,"L1:[sp=K,163] R=6,S=6,Y=222,K=10,C=1,X=222 || L2:[sp=Y,7] C=1,X=1,S=3,K=4,R=1,Y=1",-1903.0,-163323000.0,1,K|Y,1
K,163,R,6,S,5,Y,222,K,10,C,3,X,222,Y,7,C,1,X,1,S,3,K,4,R,5,Y,1,"L1:[sp=K,163] R=6,S=5,Y=222,K=10,C=3,X=222 || L2:[sp=Y,7] C=1,X=1,S=3,K=4,R=5,Y=1",-2945.0,-163323000.0,1,K|Y,1
K,163,X,42,S,6,Y,222,K,10,C,1,R,6,Y,7,S,3,X,1,C,1,K,4,R,1,Y,1,"L1:[sp=K,163] X=42,S=6,Y=222,K=10,C=1,R=6 || L2:[sp=Y,7] S=3,X=1,C=1,K=4,R=1,Y=1",-448003.0,-163323000.0,1,K|Y,1
K,163,R,6,S,7,X,222,K,8,C,2,Y,222,X,41,C,1,X,1,S,3,R,3,K,4,Y,1,"L1:[sp=K,163] R=6,S=7,X=222,K=8,C=2,Y=222 || L2:[sp=X,41] C=1,X=1,S=3,R=3,K=4,Y=1",-3033.0,-163323000.0,1,K|X,1
C,163,R,6,S,4,X,15,K,39,C,1,Y,222,K,39,C,1,S,4,R,2,X,1,K,4,Y,1,"L1:[sp=C,163] R=6,S=4,X=15,K=39,C=1,Y=222 || L2:[sp=K,39] C=1,S=4,R=2,X=1,K=4,Y=1",-113273.0,-163323000.0,1,C|K,1
C,163,R,7,S,5,Y,222,C,1,K,10,X,222,K,1,C,1,X,1,S,1,K,4,R,1,Y,1,"L1:[sp=C,163] R=7,S=5,Y=222,C=1,K=10,X=222 || L2:[sp=K,1] C=1,X=1,S=1,K=4,R=1,Y=1",-12559.0,-163323000.0,1,C|K,1
C,163,R,6,S,5,X,222,K,43,C,1,Y,222,X,41,C,1,X,1,S,3,R,2,K,4,Y,1,"L1:[sp=C,163] R=6,S=5,X=222,K=43,C=1,Y=222 || L2:[sp=X,41] C=1,X=1,S=3,R=2,K=4,Y=1",-3705.0,-163323000.0,1,C|X,1
K,163,R,6,S,7,Y,222,K,15,C,2,X,222,X,2,C,1,Y,1,R,2,S,3,K,4,X,1,"L1:[sp=K,163] R=6,S=7,Y=222,K=15,C=2,X=222 || L2:[sp=X,2] C=1,Y=1,R=2,S=3,K=4,X=1",-7565.0,-163323000.0,1,K|X,1
K,163,R,6,S,5,X,222,K,10,C,1,Y,222,Y,3,C,1,K,2,S,1,R,1,X,89,Y,1,"L1:[sp=K,163] R=6,S=5,X=222,K=10,C=1,Y=222 || L2:[sp=Y,3] C=1,K=2,S=1,R=1,X=89,Y=1",-inf,-inf,0,K|Y,1
K,163,R,6,S,2,Y,222,K,10,C,1,X,222,C,1,C,1,X,65,S,2,K,4,R,2,Y,1,"L1:[sp=K,163] R=6,S=2,Y=222,K=10,C=1,X=222 || L2:[sp=C,1] C=1,X=65,S=2,K=4,R=2,Y=1",-inf,-inf,0,K|C,1
K,163,R,6,S,6,Y,222,K,46,C,3,X,222,Y,7,C,1,X,1,S,3,K,4,R,2,Y,1,"L1:[sp=K,163] R=6,S=6,Y=222,K=46,C=3,X=222 || L2:[sp=Y,7] C=1,X=1,S=3,K=4,R=2,Y=1",-9941.0,-163323000.0,1,K|Y,1
K,163,R,6,S,5,X,222,K,10,C,1,Y,222,Y,56,C,1,K,2,S,3,R,2,X,1,Y,1,"L1:[sp=K,163] R=6,S=5,X=222,K=10,C=1,Y=222 || L2:[sp=Y,56] C=1,K=2,S=3,R=2,X=1,Y=1",-8101.0,-163323000.0,1,K|Y,1
K,163,R,6,S,6,Y,222,K,10,C,1,X,222,C,1,C,1,X,1,S,3,K,3,R,1,Y,1,"L1:[sp=K,163] R=6,S=6,Y=222,K=10,C=1,X=222 || L2:[sp=C,1] C=1,X=1,S=3,K=3,R=1,Y=1",-3793.0,-163323000.0,1,K|C,1
K,163,R,6,S,6,Y,222,K,10,C,3,X,222,Y,7,C,1,X,1,S,3,K,4,R,2,Y,1,"L1:[sp=K,163] R=6,S=6,Y=222,K=10,C=3,X=222 || L2:[sp=Y,7] C=1,X=1,S=3,K=4,R=2,Y=1",-2165.0,-163323000.0,1,K|Y,1
K,163,R,6,S,6,X,222,K,10,C,1,Y,222,K,5,C,1,K,2,S,3,R,2,X,1,Y,1,"L1:[sp=K,163] R=6,S=6,X=222,K=10,C=1,Y=222 || L2:[sp=K,5] C=1,K=2,S=3,R=2,X=1,Y=1",-445.0,-163323000.0,1,K|K,1
X,163,R,6,S,6,X,222,K,8,C,2,Y,222,K,41,C,1,X,1,S,1,R,1,K,4,Y,1,"L1:[sp=X,163] R=6,S=6,X=222,K=8,C=2,Y=222 || L2:[sp=K,41] C=1,X=1,S=1,R=1,K=4,Y=1",-18881.0,-163323000.0,1,X|K,1
K,163,R,6,S,7,Y,222,K,10,C,1,X,222,Y,7,C,1,X,1,S,5,K,4,R,3,Y,1,"L1:[sp=K,163] R=6,S=7,Y=222,K=10,C=1,X=222 || L2:[sp=Y,7] C=1,X=1,S=5,K=4,R=3,Y=1",-7567.0,-163323000.0,1,K|Y,1
K,163,R,6,S,5,Y,222,K,10,C,1,X,222,C,1,C,1,X,1,S,3,K,4,R,2,Y,1,"L1:[sp=K,163] R=6,S=5,Y=222,K=10,C=1,X=222 || L2:[sp=C,1] C=1,X=1,S=3,K=4,R=2,Y=1",-3373.0,-163323000.0,1,K|C,1
C,163,R,4,S,6,X,222,Y,222,C,3,K,43,X,41,C,1,X,1,S,3,R,2,K,38,Y,1,"L1:[sp=C,163] R=4,S=6,X=222,Y=222,C=3,K=43 || L2:[sp=X,41] C=1,X=1,S=3,R=2,K=38,Y=1",-inf,-inf,0,C|X,1
K,163,R,6,S,5,Y,222,K,10,C,3,X,222,Y,7,C,1,X,1,S,2,K,5,R,2,Y,1,"L1:[sp=K,163] R=6,S=5,Y=222,K=10,C=3,X=222 || L2:[sp=Y,7] C=1,X=1,S=2,K=5,R=2,Y=1",-1685.0,-163323000.0,1,K|Y,1
K,163,R,6,S,6,Y,222,K,10,C,1,X,222,Y,7,C,1,X,1,S,3,K,4,R,1,Y,178,"L1:[sp=K,163] R=6,S=6,Y=222,K=10,C=1,X=222 || L2:[sp=Y,7] C=1,X=1,S=3,K=4,R=1,Y=178",-inf,-inf,0,K|Y,1
X,163,R,6,S,5,X,222,K,43,C,3,Y,222,X,41,C,1,X,1,S,2,R,2,K,6,Y,1,"L1:[sp=X,163] R=6,S=5,X=222,K=43,C=3,Y=222 || L2:[sp=X,41] C=1,X=1,S=2,R=2,K=6,Y=1",-10425.0,-163323000.0,1,X|X,1
K,163,R,6,S,5,Y,222,K,10,C,3,X,91,Y,7,C,1,X,1,K,4,S,3,R,2,Y,1,"L1:[sp=K,163] R=6,S=5,Y=222,K=10,C=3,X=91 || L2:[sp=Y,7] C=1,X=1,K=4,S=3,R=2,Y=1",-379693.0,-163323000.0,1,K|Y,1
C,163,R,6,S,5,X,222,K,43,C,1,Y,222,X,41,C,1,X,1,S,3,R,6,K,4,Y,1,"L1:[sp=C,163] R=6,S=5,X=222,K=43,C=1,Y=222 || L2:[sp=X,41] C=1,X=1,S=3,R=6,K=4,Y=1",-5553.0,-163323000.0,1,C|X,1
K,163,R,6,S,6,Y,222,K,10,C,1,X,222,Y,7,C,1,X,1,S,3,K,4,R,1,Y,1,"L1:[sp=K,163] R=6,S=6,Y=222,K=10,C=1,X=222 || L2:[sp=Y,7] C=1,X=1,S=3,K=4,R=1,Y=1",-1903.0,-163323000.0,1,K|Y,1
C,163,R,6,C,1,X,222,K,43,S,7,Y,222,X,41,C,1,X,1,S,3,R,3,K,4,Y,1,"L1:[sp=C,163] R=6,C=1,X=222,K=43,S=7,Y=222 || L2:[sp=X,41] C=1,X=1,S=3,R=3,K=4,Y=1",-4163.0,-163323000.0,1,C|X,1
K,163,R,6,S,1,X,222,K,8,C,2,Y,222,X,41,C,1,X,1,S,1,R,2,K,4,Y,1,"L1:[sp=K,163] R=6,S=1,X=222,K=8,C=2,Y=222 || L2:[sp=X,41] C=1,X=1,S=1,R=2,K=4,Y=1",-18929.0,-163323000.0,1,K|X,1
C,163,R,6,Y,222,S,5,K,10,C,1,X,222,X,1,C,1,X,1,K,3,S,3,R,5,Y,1,"L1:[sp=C,163] R=6,Y=222,S=5,K=10,C=1,X=222 || L2:[sp=X,1] C=1,X=1,K=3,S=3,R=5,Y=1",-31389.0,-163323000.0,1,C|X,1
K,163,R,6,S,6,Y,222,K,10,C,3,X,222,Y,7,C,1,X,1,R,1,Y,1,S,3,K,4,"L1:[sp=K,163] R=6,S=6,Y=222,K=10,C=3,X=222 || L2:[sp=Y,7] C=1,X=1,R=1,Y=1,S=3,K=4",-1895.0,-163323000.0,1,K|Y,1
K,163,R,6,S,5,Y,222,K,8,C,3,X,222,Y,7,C,1,X,1,S,2,K,4,R,2,Y,1,"L1:[sp=K,163] R=6,S=5,Y=222,K=8,C=3,X=222 || L2:[sp=Y,7] C=1,X=1,S=2,K=4,R=2,Y=1",-1349.0,-163323000.0,1,K|Y,1
K,163,R,6,S,6,Y,222,K,10,C,3,X,222,Y,7,C,1,S,3,X,1,K,4,R,4,Y,1,"L1:[sp=K,163] R=6,S=6,Y=222,K=10,C=3,X=222 || L2:[sp=Y,7] C=1,S=3,X=1,K=4,R=4,Y=1",-2165.0,-163323000.0,1,K|Y,1
K,163,R,7,S,6,X,222,K,10,C,1,Y,222,K,5,C,1,K,2,S,3,R,2,X,1,Y,1,"L1:[sp=K,163] R=7,S=6,X=222,K=10,C=1,Y=222 || L2:[sp=K,5] C=1,K=2,S=3,R=2,X=1,Y=1",-385.0,-163323000.0,1,K|K,1
K,163,R,6,S,7,X,222,K,8,C,2,Y,222,X,41,C,1,X,1,S,3,R,3,K,4,Y,1,"L1:[sp=K,163] R=6,S=7,X=222,K=8,C=2,Y=222 || L2:[sp=X,41] C=1,X=1,S=3,R=3,K=4,Y=1",-3033.0,-163323000.0,1,K|X,1
K,163,R,6,S,6,Y,222,K,10,C,3,X,222,Y,8,C,1,X,1,S,3,K,1,R,2,Y,1,"L1:[sp=K,163] R=6,S=6,Y=222,K=10,C=3,X=222 || L2:[sp=Y,8] C=1,X=1,S=3,K=1,R=2,Y=1",-2165.0,-163323000.0,1,K|Y,1
Y,163,R,6,X,222,Y,222,K,10,C,3,S,5,K,7,C,1,X,1,S,3,K,4,R,5,Y,1,"L1:[sp=Y,163] R=6,X=222,Y=222,K=10,C=3,S=5 || L2:[sp=K,7] C=1,X=1,S=3,K=4,R=5,Y=1",-41189.0,-163323000.0,1,Y|K,1
K,163,R,7,S,6,X,222,K,10,C,1,Y,222,K,5,C,1,K,2,S,3,R,2,X,1,Y,1,"L1:[sp=K,163] R=7,S=6,X=222,K=10,C=1,Y=222 || L2:[sp=K,5] C=1,K=2,S=3,R=2,X=1,Y=1",-385.0,-163323000.0,1,K|K,1
K,163,R,7,S,6,X,222,K,10,C,1,Y,222,K,5,C,1,K,2,S,1,R,2,X,1,Y,1,"L1:[sp=K,163] R=7,S=6,X=222,K=10,C=1,Y=222 || L2:[sp=K,5] C=1,K=2,S=1,R=2,X=1,Y=1",-595.0,-163323000.0,1,K|K,1
K,163,R,6,S,6,Y,222,K,10,C,3,X,222,Y,8,C,1,X,1,S,3,K,1,R,2,Y,192,"L1:[sp=K,163] R=6,S=6,Y=222,K=10,C=3,X=222 || L2:[sp=Y,8] C=1,X=1,S=3,K=1,R=2,Y=192",-inf,-inf,0,K|Y,1
K,163,R,6,S,6,Y,222,K,10,C,3,X,94,Y,8,C,1,X,1,S,3,K,1,R,4,Y,1,"L1:[sp=K,163] R=6,S=6,Y=222,K=10,C=3,X=94 || L2:[sp=Y,8] C=1,X=1,S=3,K=1,R=4,Y=1",-492493.0,-163323000.0,1,K|Y,1
K,163,R,6,S,6,Y,136,K,45,C,3,X,222,Y,7,C,1,S,3,X,1,K,4,R,2,Y,1,"L1:[sp=K,163] R=6,S=6,Y=136,K=45,C=3,X=222 || L2:[sp=Y,7] C=1,S=3,X=1,K=4,R=2,Y=1",-330489.0,-163323000.0,1,K|Y,1
K,163,R,6,S,6,X,222,K,10,C,3,Y,222,K,5,C,1,K,2,S,3,R,2,X,1,Y,1,"L1:[sp=K,163] R=6,S=6,X=222,K=10,C=3,Y=222 || L2:[sp=K,5] C=1,K=2,S=3,R=2,X=1,Y=1",-437.0,-163323000.0,1,K|K,1
K,163,R,1,S,5,Y,222,K,8,C,3,X,222,Y,7,C,1,X,1,S,2,K,4,R,1,Y,1,"L1:[sp=K,163] R=1,S=5,Y=222,K=8,C=3,X=222 || L2:[sp=Y,7] C=1,X=1,S=2,K=4,R=1,Y=1",-38837.0,-163323000.0,1,K|Y,1
K,163,R,6,S,6,Y,222,K,8,C,3,X,1,Y,7,C,1,X,1,S,3,K,4,R,1,Y,1,"L1:[sp=K,163] R=6,S=6,Y=222,K=8,C=3,X=1 || L2:[sp=Y,7] C=1,X=1,S=3,K=4,R=1,Y=1",-1325389.0,-163323000.0,1,K|Y,1
C,163,R,6,S,5,Y,222,K,10,C,1,X,222,Y,7,C,1,X,1,S,2,K,4,R,2,Y,1,"L1:[sp=C,163] R=6,S=5,Y=222,K=10,C=1,X=222 || L2:[sp=Y,7] C=1,X=1,S=2,K=4,R=2,Y=1",-3613.0,-163323000.0,1,C|Y,1
K,163,R,3,X,222,S,6,K,10,C,1,Y,222,Y,7,X,1,K,2,S,3,R,2,C,1,Y,1,"L1:[sp=K,163] R=3,X=222,S=6,K=10,C=1,Y=222 || L2:[sp=Y,7] X=1,K=2,S=3,R=2,C=1,Y=1",-60499.0,-163323000.0,1,K|Y,1
K,163,R,6,S,6,Y,222,K,10,C,3,X,222,Y,7,C,1,X,1,R,1,S,3,Y,1,K,4,"L1:[sp=K,163] R=6,S=6,Y=222,K=10,C=3,X=222 || L2:[sp=Y,7] C=1,X=1,R=1,S=3,Y=1,K=4",-1895.0,-163323000.0,1,K|Y,1
C,163,R,6,S,5,Y,222,K,56,C,3,X,222,K,1,C,1,X,1,S,2,K,4,R,2,Y,1,"L1:[sp=C,163] R=6,S=5,Y=222,K=56,C=3,X=222 || L2:[sp=K,1] C=1,X=1,S=2,K=4,R=2,Y=1",-10761.0,-163323000.0,1,C|K,1
K,163,R,7,S,6,X,222,K,10,C,1,Y,222,K,5,C,1,K,2,S,3,R,2,X,1,Y,1,"L1:[sp=K,163] R=7,S=6,X=222,K=10,C=1,Y=222 || L2:[sp=K,5] C=1,K=2,S=3,R=2,X=1,Y=1",-385.0,-163323000.0,1,K|K,1
K,163,R,7,S,6,X,24,K,4,C,1,Y,222,K,5,C,1,K,2,S,3,R,2,X,1,Y,1,"L1:[sp=K,163] R=7,S=6,X=24,K=4,C=1,Y=222 || L2:[sp=K,5] C=1,K=2,S=3,R=2,X=1,Y=1",-inf,-inf,0,K|K,1
K,163,R,6,S,6,X,222,K,10,C,1,Y,222,K,5,C,1,K,2,S,3,R,2,X,1,Y,1,"L1:[sp=K,163] R=6,S=6,X=222,K=10,C=1,Y=222 || L2:[sp=K,5] C=1,K=2,S=3,R=2,X=1,Y=1",-445.0,-163323000.0,1,K|K,1
K,163,R,6,S,6,Y,93,K,10,C,3,X,222,Y,7,Y,1,X,1,R,1,C,1,S,3,K,4,"L1:[sp=K,163] R=6,S=6,Y=93,K=10,C=3,X=222 || L2:[sp=Y,7] Y=1,X=1,R=1,C=1,S=3,K=4",-64273.0,-163323000.0,1,K|Y,1
K,163,R,6,S,6,Y,222,K,10,C,3,X,222,Y,8,C,1,X,1,S,3,K,1,R,2,Y,1,"L1:[sp=K,163] R=6,S=6,Y=222,K=10,C=3,X=222 || L2:[sp=Y,8] C=1,X=1,S=3,K=1,R=2,Y=1",-2165.0,-163323000.0,1,K|Y,1
K,163,R,6,S,1,C,3,K,10,Y,222,X,222,Y,8,C,1,X,1,S,1,K,1,R,2,Y,1,"L1:[sp=K,163] R=6,S=1,C=3,K=10,Y=222,X=222 || L2:[sp=Y,8] C=1,X=1,S=1,K=1,R=2,Y=1",-376349.0,-163323000.0,1,K|Y,1
K,163,R,6,K,10,X,222,S,6,C,2,Y,222,X,28,C,1,K,2,S,3,R,2,X,1,Y,1,"L1:[sp=K,163] R=6,K=10,X=222,S=6,C=2,Y=222 || L2:[sp=X,28] C=1,K=2,S=3,R=2,X=1,Y=1",-3041.0,-163323000.0,1,K|X,1
K,163,R,6,S,6,Y,222,K,14,C,3,X,222,Y,84,C,1,S,3,X,1,K,4,R,4,Y,1,"L1:[sp=K,163] R=6,S=6,Y=222,K=14,C=3,X=222 || L2:[sp=Y,84] C=1,S=3,X=1,K=4,R=4,Y=1",-7789.0,-163323000.0,1,K|Y,1
K,163,R,6,S,5,Y,222,K,8,C,3,X,222,Y,7,C,1,X,1,S,2,K,4,R,2,Y,6,"L1:[sp=K,163] R=6,S=5,Y=222,K=8,C=3,X=222 || L2:[sp=Y,7] C=1,X=1,S=2,K=4,R=2,Y=6",-8069.0,-163323000.0,1,K|Y,1
K,163,R,7,S,6,X,222,K,10,C,1,Y,222,K,5,C,1,K,2,S,3,R,2,X,1,Y,1,"L1:[sp=K,163] R=7,S=6,X=222,K=10,C=1,Y=222 || L2:[sp=K,5] C=1,K=2,S=3,R=2,X=1,Y=1",-385.0,-163323000.0,1,K|K,1
X,163,R,6,S,6,X,222,K,13,C,1,Y,222,K,5,K,2,C,1,S,3,R,2,X,1,Y,1,"L1:[sp=X,163] R=6,S=6,X=222,K=13,C=1,Y=222 || L2:[sp=K,5] K=2,C=1,S=3,R=2,X=1,Y=1",-3301.0,-163323000.0,1,X|K,1
K,163,R,7,S,6,X,47,K,10,C,3,Y,78,K,5,C,1,K,2,S,1,R,2,X,1,Y,1,"L1:[sp=K,163] R=7,S=6,X=47,K=10,C=3,Y=78 || L2:[sp=K,5] C=1,K=2,S=1,R=2,X=1,Y=1",-inf,-inf,0,K|K,1
K,163,R,6,S,6,X,222,K,10,C,1,Y,222,K,5,C,1,K,2,S,3,R,2,X,1,Y,1,"L1:[sp=K,163] R=6,S=6,X=222,K=10,C=1,Y=222 || L2:[sp=K,5] C=1,K=2,S=3,R=2,X=1,Y=1",-445.0,-163323000.0,1,K|K,1
Y,163,R,2,S,6,Y,222,K,10,C,3,X,222,K,8,C,1,X,1,S,3,K,1,R,2,Y,1,"L1:[sp=Y,163] R=2,S=6,Y=222,K=10,C=3,X=222 || L2:[sp=K,8] C=1,X=1,S=3,K=1,R=2,Y=1",-623433.0,-163323000.0,1,Y|K,1
K,163,R,6,S,6,X,222,K,10,C,3,Y,222,K,5,C,1,K,2,S,3,R,4,X,1,Y,1,"L1:[sp=K,163] R=6,S=6,X=222,K=10,C=3,Y=222 || L2:[sp=K,5] C=1,K=2,S=3,R=4,X=1,Y=1",-1301.0,-163323000.0,1,K|K,1
K,163,R,7,S,6,X,99,K,10,C,1,Y,145,K,5,C,1,K,2,S,3,R,2,X,99,Y,1,"L1:[sp=K,163] R=7,S=6,X=99,K=10,C=1,Y=145 || L2:[sp=K,5] C=1,K=2,S=3,R=2,X=99,Y=1",-inf,-inf,0,K|K,1
K,163,R,6,S,6,Y,222,K,10,C,3,X,221,Y,8,C,1,X,1,S,3,K,1,R,2,Y,1,"L1:[sp=K,163] R=6,S=6,Y=222,K=10,C=3,X=221 || L2:[sp=Y,8] C=1,X=1,S=3,K=1,R=2,Y=1",-2165.0,-163323000.0,1,K|Y,1
K,163,R,7,S,6,X,222,Y,222,C,1,K,14,K,5,Y,1,K,2,S,3,R,2,X,166,C,1,"L1:[sp=K,163] R=7,S=6,X=222,Y=222,C=1,K=14 || L2:[sp=K,5] Y=1,K=2,S=3,R=2,X=166,C=1",-inf,-inf,0,K|K,1
X,163,R,6,S,6,Y,222,K,10,C,3,X,222,Y,7,C,1,X,1,R,2,S,3,Y,1,K,4,"L1:[sp=X,163] R=6,S=6,Y=222,K=10,C=3,X=222 || L2:[sp=Y,7] C=1,X=1,R=2,S=3,Y=1,K=4",-inf,-inf,0,X|Y,1
K,163,R,6,S,6,X,222,K,10,C,3,Y,222,K,5,C,1,K,2,S,3,R,1,X,93,Y,1,"L1:[sp=K,163] R=6,S=6,X=222,K=10,C=3,Y=222 || L2:[sp=K,5] C=1,K=2,S=3,R=1,X=93,Y=1",-inf,-inf,0,K|K,1
K,163,R,6,S,6,Y,222,K,10,C,1,X,222,Y,7,C,1,X,1,R,2,S,3,Y,1,K,4,"L1:[sp=K,163] R=6,S=6,Y=222,K=10,C=1,X=222 || L2:[sp=Y,7] C=1,X=1,R=2,S=3,Y=1,K=4",-2173.0,-163323000.0,1,K|Y,1
K,163,R,6,S,6,X,222,C,3,K,10,Y,64,K,5,S,3,K,2,C,1,R,1,X,1,Y,64,"L1:[sp=K,163] R=6,S=6,X=222,C=3,K=10,Y=64 || L2:[sp=K,5] S=3,K=2,C=1,R=1,X=1,Y=64",-inf,-inf,0,K|K,1
K,163,R,6,S,6,X,222,K,10,C,3,Y,222,K,5,C,1,K,2,S,3,R,2,X,1,Y,1,"L1:[sp=K,163] R=6,S=6,X=222,K=10,C=3,Y=222 || L2:[sp=K,5] C=1,K=2,S=3,R=2,X=1,Y=1",-437.0,-163323000.0,1,K|K,1
C,163,R,6,K,64,X,222,S,6,C,2,Y,222,X,28,C,1,K,2,S,3,R,2,X,1,Y,1,"L1:[sp=C,163] R=6,K=64,X=222,S=6,C=2,Y=222 || L2:[sp=X,28] C=1,K=2,S=3,R=2,X=1,Y=1",-9221.0,-163323000.0,1,C|X,1
K,163,R,2,S,6,X,222,K,10,C,1,Y,222,K,5,C,1,K,2,S,1,R,2,X,1,Y,1,"L1:[sp=K,163] R=2,S=6,X=222,K=10,C=1,Y=222 || L2:[sp=K,5] C=1,K=2,S=1,R=2,X=1,Y=1",-149905.0,-163323000.0,1,K|K,1
K,163,R,6,K,56,X,222,S,6,C,2,Y,66,X,28,C,1,K,2,S,3,R,2,X,1,Y,1,"L1:[sp=K,163] R=6,K=56,X=222,S=6,C=2,Y=66 || L2:[sp=X,28] C=1,K=2,S=3,R=2,X=1,Y=1",-2842593.0,-163323000.0,1,K|X,1
C,163,R,6,S,3,Y,222,K,10,C,1,X,222,Y,7,C,1,X,1,S,2,K,4,R,2,Y,1,"L1:[sp=C,163] R=6,S=3,Y=222,K=10,C=1,X=222 || L2:[sp=Y,7] C=1,X=1,S=2,K=4,R=2,Y=1",-799275.0,-163323000.0,1,C|Y,1
K,163,R,6,S,6,X,222,K,10,C,3,Y,222,K,5,C,1,K,2,S,3,R,2,X,1,Y,71,"L1:[sp=K,163] R=6,S=6,X=222,K=10,C=3,Y=222 || L2:[sp=K,5] C=1,K=2,S=3,R=2,X=1,Y=71",-inf,-inf,0,K|K,1
K,163,R,6,K,10,X,222,S,6,C,2,Y,196,X,28,C,1,K,2,S,3,R,2,X,1,Y,127,"L1:[sp=K,163] R=6,K=10,X=222,S=6,C=2,Y=196 || L2:[sp=X,28] C=1,K=2,S=3,R=2,X=1,Y=127",-inf,-inf,0,K|X,1
K,163,R,6,S,6,Y,222,K,4,C,3,X,222,Y,7,C,1,X,1,R,3,S,3,Y,1,K,4,"L1:[sp=K,163] R=6,S=6,Y=222,K=4,C=3,X=222 || L2:[sp=Y,7] C=1,X=1,R=3,S=3,Y=1,K=4",-977.0,-163323000.0,1,K|Y,1
K,163,R,7,S,6,X,222,K,10,C,1,Y,222,K,5,C,1,K,2,S,3,R,2,X,1,Y,1,"L1:[sp=K,163] R=7,S=6,X=222,K=10,C=1,Y=222 || L2:[sp=K,5] C=1,K=2,S=3,R=2,X=1,Y=1",-385.0,-163323000.0,1,K|K,1
K,163,Y,194,S,7,X,222,K,10,C,1,R,6,K,5,C,1,K,2,S,3,R,2,X,1,Y,1,"L1:[sp=K,163] Y=194,S=7,X=222,K=10,C=1,R=6 || L2:[sp=K,5] C=1,K=2,S=3,R=2,X=1,Y=1",-inf,-inf,0,K|K,1
K,163,R,7,S,6,Y,222,C,2,K,10,X,222,Y,7,C,1,X,1,R,2,S,6,Y,1,K,4,"L1:[sp=K,163] R=7,S=6,Y=222,C=2,K=10,X=222 || L2:[sp=Y,7] C=1,X=1,R=2,S=6,Y=1,K=4",-2525.0,-163323000.0,1,K|Y,1
K,163,R,6,S,6,X,222,K,10,C,1,Y,222,K,5,C,1,K,2,S,3,R,2,X,1,Y,1,"L1:[sp=K,163] R=6,S=6,X=222,K=10,C=1,Y=222 || L2:[sp=K,5] C=1,K=2,S=3,R=2,X=1,Y=1",-445.0,-163323000.0,1,K|K,1
K,163,R,7,S,6,X,222,K,10,C,1,Y,222,K,5,C,1,K,2,S,3,X,1,R,2,Y,216,"L1:[sp=K,163] R=7,S=6,X=222,K=10,C=1,Y=222 || L2:[sp=K,5] C=1,K=2,S=3,X=1,R=2,Y=216",-inf,-inf,0,K|K,1
K,163,R,6,S,6,X,222,K,10,C,3,Y,222,K,5,C,1,K,2,S,3,R,2,X,1,Y,1,"L1:[sp=K,163] R=6,S=6,X=222,K=10,C=3,Y=222 || L2:[sp=K,5] C=1,K=2,S=3,R=2,X=1,Y=1",-437.0,-163323000.0,1,K|K,1
K,163,C,3,S,1,Y,222,K,10,R,6,X,221,Y,8,X,1,C,3,S,1,K,1,R,2,Y,1,"L1:[sp=K,163] C=3,S=1,Y=222,K=10,R=6,X=221 || L2:[sp=Y,8] X=1,C=3,S=1,K=1,R=2,Y=1",-376349.0,-163323000.0,1,K|Y,1
K,163,R,6,S,6,Y,222,K,10,C,3,X,221,Y,1,C,1,X,1,S,3,K,1,R,2,Y,1,"L1:[sp=K,163] R=6,S=6,Y=222,K=10,C=3,X=221 || L2:[sp=Y,1] C=1,X=1,S=3,K=1,R=2,Y=1",-2165.0,-163323000.0,1,K|Y,1
K,163,R,6,S,6,X,222,K,10,C,3,Y,222,K,5,C,3,K,2,S,3,R,4,X,1,Y,1,"L1:[sp=K,163] R=6,S=6,X=222,K=10,C=3,Y=222 || L2:[sp=K,5] C=3,K=2,S=3,R=4,X=1,Y=1",-1301.0,-163323000.0,1,K|K,1
K,163,R,7,S,6,X,222,K,10,C,1,Y,222,K,5,C,1,S,3,K,2,R,2,X,1,Y,1,"L1:[sp=K,163] R=7,S=6,X=222,K=10,C=1,Y=222 || L2:[sp=K,5] C=1,S=3,K=2,R=2,X=1,Y=1",-385.0,-163323000.0,1,K|K,1
K,163,R,6,S,6,X,222,K,10,C,3,Y,222,X,168,S,3,K,2,C,1,R,4,X,1,Y,63,"L1:[sp=K,163] R=6,S=6,X=222,K=10,C=3,Y=222 || L2:[sp=X,168] S=3,K=2,C=1,R=4,X=1,Y=63",-inf,-inf,0,K|X,1
K,163,R,6,S,6,Y,222,K,33,C,3,X,221,Y,8,C,1,X,1,S,3,K,1,R,2,Y,1,"L1:[sp=K,163] R=6,S=6,Y=222,K=33,C=3,X=221 || L2:[sp=Y,8] C=1,X=1,S=3,K=1,R=2,Y=1",-7133.0,-163323000.0,1,K|Y,1
K,163,R,6,S,6,X,222,K,10,C,3,Y,222,K,5,C,1,K,2,S,3,R,4,X,1,Y,1,"L1:[sp=K,163] R=6,S=6,X=222,K=10,C=3,Y=222 || L2:[sp=K,5] C=1,K=2,S=3,R=4,X=1,Y=1",-1301.0,-163323000.0,1,K|K,1
X,163,R,6,S,6,K,13,X,222,C,1,Y,222,K,5,S,3,C,1,K,2,R,2,X,1,Y,1,"L1:[sp=X,163] R=6,S=6,K=13,X=222,C=1,Y=222 || L2:[sp=K,5] S=3,C=1,K=2,R=2,X=1,Y=1",-3301.0,-163323000.0,1,X|K,1
K,163,R,6,S,6,X,222,K,10,C,2,Y,222,K,5,C,1,K,2,S,3,X,160,R,2,Y,1,"L1:[sp=K,163] R=6,S=6,X=222,K=10,C=2,Y=222 || L2:[sp=K,5] C=1,K=2,S=3,X=160,R=2,Y=1",-inf,-inf,0,K|K,1
X,163,R,6,S,4,X,222,K,13,C,1,Y,222,K,5,K,2,C,1,S,3,R,2,X,171,Y,1,"L1:[sp=X,163] R=6,S=4,X=222,K=13,C=1,Y=222 || L2:[sp=K,5] K=2,C=1,S=3,R=2,X=171,Y=1",-inf,-inf,0,X|K,1
K,163,R,6,S,6,X,222,K,10,C,1,Y,222,K,5,C,1,K,2,S,5,R,2,X,1,Y,1,"L1:[sp=K,163] R=6,S=6,X=222,K=10,C=1,Y=222 || L2:[sp=K,5] C=1,K=2,S=5,R=2,X=1,Y=1",-1693.0,-163323000.0,1,K|K,1
K,163,R,6,S,6,X,64,K,10,C,1,Y,167,K,5,C,1,K,2,S,3,R,2,X,1,Y,1,"L1:[sp=K,163] R=6,S=6,X=64,K=10,C=1,Y=167 || L2:[sp=K,5] C=1,K=2,S=3,R=2,X=1,Y=1",-inf,-inf,0,K|K,1
K,163,R,6,S,6,Y,222,K,10,C,3,X,222,Y,7,C,1,X,1,R,2,S,3,Y,1,K,4,"L1:[sp=K,163] R=6,S=6,Y=222,K=10,C=3,X=222 || L2:[sp=Y,7] C=1,X=1,R=2,S=3,Y=1,K=4",-2165.0,-163323000.0,1,K|Y,1
K,163,R,6,S,6,Y,222,K,6,C,3,X,222,Y,8,C,1,S,3,X,1,K,1,R,4,Y,1,"L1:[sp=K,163] R=6,S=6,Y=222,K=6,C=3,X=222 || L2:[sp=Y,8] C=1,S=3,X=1,K=1,R=4,Y=1",-1301.0,-163323000.0,1,K|Y,1
K,163,R,6,S,6,X,221,K,10,C,3,Y,62,K,5,C,1,K,2,S,3,R,1,X,1,Y,1,"L1:[sp=K,163] R=6,S=6,X=221,K=10,C=3,Y=62 || L2:[sp=K,5] C=1,K=2,S=3,R=1,X=1,Y=1",-90359.0,-163323000.0,1,K|K,1
K,163,R,7,S,6,X,222,K,10,C,1,Y,222,K,5,C,1,K,2,S,3,R,2,X,1,Y,1,"L1:[sp=K,163] R=7,S=6,X=222,K=10,C=1,Y=222 || L2:[sp=K,5] C=1,K=2,S=3,R=2,X=1,Y=1",-385.0,-163323000.0,1,K|K,1
K,163,R,6,S,6,X,222,K,10,C,3,Y,222,K,5,C,1,K,2,S,3,R,4,X,1,Y,1,"L1:[sp=K,163] R=6,S=6,X=222,K=10,C=3,Y=222 || L2:[sp=K,5] C=1,K=2,S=3,R=4,X=1,Y=1",-1301.0,-163323000.0,1,K|K,1
K,163,R,6,S,6,X,222,K,10,C,3,Y,222,K,5,C,1,K,2,S,2,R,2,X,1,Y,1,"L1:[sp=K,163] R=6,S=6,X=222,K=10,C=3,Y=222 || L2:[sp=K,5] C=1,K=2,S=2,R=2,X=1,Y=1",-389.0,-163323000.0,1,K|K,1
K,163,R,6,S,6,X,222,K,7,C,3,Y,222,K,5,C,3,K,2,S,3,R,4,X,1,Y,1,"L1:[sp=K,163] R=6,S=6,X=222,K=7,C=3,Y=222 || L2:[sp=K,5] C=3,K=2,S=3,R=4,X=1,Y=1",-1301.0,-163323000.0,1,K|K,1
K,163,R,6,S,6,X,222,K,10,C,3,Y,222,K,5,C,1,K,2,S,3,R,4,X,1,Y,1,"L1:[sp=K,163] R=6,S=6,X=222,K=10,C=3,Y=222 || L2:[sp=K,5] C=1,K=2,S=3,R=4,X=1,Y=1",-1301.0,-163323000.0,1,K|K,1
K,163,R,6,S,6,X,222,K,10,C,1,Y,222,Y,24,C,1,K,2,S,5,R,2,X,1,Y,1,"L1:[sp=K,163] R=6,S=6,X=222,K=10,C=1,Y=222 || L2:[sp=Y,24] C=1,K=2,S=5,R=2,X=1,Y=1",-8413.0,-163323000.0,1,K|Y,1
K,163,S,6,R,6,X,222,K,10,C,3,Y,222,K,5,C,3,K,6,S,3,R,4,X,1,Y,1,"L1:[sp=K,163] S=6,R=6,X=222,K=10,C=3,Y=222 || L2:[sp=K,5] C=3,K=6,S=3,R=4,X=1,Y=1",-inf,-inf,0,K|K,1
K,163,R,7,S,6,X,222,K,10,C,1,Y,222,K,5,C,1,K,2,S,3,R,2,X,1,Y,1,"L1:[sp=K,163] R=7,S=6,X=222,K=10,C=1,Y=222 || L2:[sp=K,5] C=1,K=2,S=3,R=2,X=1,Y=1",-385.0,-163323000.0,1,K|K,1
Y,163,R,6,S,6,Y,222,K,6,C,3,X,222,K,8,C,1,S,3,X,1,K,1,R,2,Y,1,"L1:[sp=Y,163] R=6,S=6,Y=222,K=6,C=3,X=222 || L2:[sp=K,8] C=1,S=3,X=1,K=1,R=2,Y=1",-2421.0,-163323000.0,1,Y|K,1
K,163,R,6,S,6,X,65,K,10,C,1,Y,176,K,5,C,1,K,2,S,3,R,4,X,1,Y,1,"L1:[sp=K,163] R=6,S=6,X=65,K=10,C=1,Y=176 || L2:[sp=K,5] C=1,K=2,S=3,R=4,X=1,Y=1",-inf,-inf,0,K|K,1
K,163,R,3,S,6,X,222,K,10,C,3,Y,222,K,5,C,3,K,2,S,3,R,2,X,1,Y,1,"L1:[sp=K,163] R=3,S=6,X=222,K=10,C=3,Y=222 || L2:[sp=K,5] C=3,K=2,S=3,R=2,X=1,Y=1",-84301.0,-163324000.0,1,K|K,1
K,163,R,6,S,6,X,222,K,10,C,3,Y,222,K,5,C,1,K,2,S,3,R,4,X,1,Y,1,"L1:[sp=K,163] R=6,S=6,X=222,K=10,C=3,Y=222 || L2:[sp=K,5] C=1,K=2,S=3,R=4,X=1,Y=1",-1301.0,-163323000.0,1,K|K,1
K,163,R,6,S,6,Y,222,K,6,C,3,X,63,Y,8,C,1,Y,1,X,1,K,1,R,4,S,3,"L1:[sp=K,163] R=6,S=6,Y=222,K=6,C=3,X=63 || L2:[sp=Y,8] C=1,Y=1,X=1,K=1,R=4,S=3",-299393.0,-163323000.0,1,K|Y,1
K,163,C,1,S,6,X,222,K,32,R,7,Y,222,K,5,C,1,S,3,K,2,R,2,X,1,Y,1,"L1:[sp=K,163] C=1,S=6,X=222,K=32,R=7,Y=222 || L2:[sp=K,5] C=1,S=3,K=2,R=2,X=1,Y=1",-1519.0,-163323000.0,1,K|K,1
K,163,R,2,S,6,X,222,K,10,C,3,Y,222,K,5,C,1,K,2,S,3,Y,1,X,1,R,2,"L1:[sp=K,163] R=2,S=6,X=222,K=10,C=3,Y=222 || L2:[sp=K,5] C=1,K=2,S=3,Y=1,X=1,R=2",-96353.0,-163323000.0,1,K|K,1
K,163,R,6,S,6,X,75,K,10,C,1,Y,222,K,5,C,1,K,7,S,3,R,2,X,1,Y,1,"L1:[sp=K,163] R=6,S=6,X=75,K=10,C=1,Y=222 || L2:[sp=K,5] C=1,K=7,S=3,R=2,X=1,Y=1",-344773.0,-163323000.0,1,K|K,1
K,163,R,7,S,6,X,222,K,10,C,3,Y,222,K,1,C,1,S,3,K,2,R,2,X,1,Y,1,"L1:[sp=K,163] R=7,S=6,X=222,K=10,C=3,Y=222 || L2:[sp=K,1] C=1,S=3,K=2,R=2,X=1,Y=1",-1893.0,-163323000.0,1,K|K,1
K,163,R,6,S,6,K,10,X,222,C,2,Y,222,K,5,C,1,K,2,S,3,R,2,Y,1,X,1,"L1:[sp=K,163] R=6,S=6,K=10,X=222,C=2,Y=222 || L2:[sp=K,5] C=1,K=2,S=3,R=2,Y=1,X=1",-441.0,-163323000.0,1,K|K,1
K,163,R,6,S,7,X,222,K,10,C,1,Y,222,K,5,C,1,K,2,S,5,R,2,X,1,Y,1,"L1:[sp=K,163] R=6,S=7,X=222,K=10,C=1,Y=222 || L2:[sp=K,5] C=1,K=2,S=5,R=2,X=1,Y=1",-1351.0,-163323000.0,1,K|K,1
K,163,R,6,S,6,X,222,K,10,C,1,Y,222,C,1,C,1,K,2,S,3,R,2,X,1,Y,1,"L1:[sp=K,163] R=6,S=6,X=222,K=10,C=1,Y=222 || L2:[sp=C,1] C=1,K=2,S=3,R=2,X=1,Y=1",-2173.0,-163323000.0,1,K|C,1
K,163,R,7,S,7,X,222,K,10,C,1,Y,222,K,5,C,1,K,2,S,3,R,2,X,1,Y,1,"L1:[sp=K,163] R=7,S=7,X=222,K=10,C=1,Y=222 || L2:[sp=K,5] C=1,K=2,S=3,R=2,X=1,Y=1",-886.0,-163323000.0,1,K|K,1
K,163,R,7,S,6,X,222,K,10,C,1,Y,222,K,5,C,1,K,2,S,3,R,2,X,1,Y,1,"L1:[sp=K,163] R=7,S=6,X=222,K=10,C=1,Y=222 || L2:[sp=K,5] C=1,K=2,S=3,R=2,X=1,Y=1",-385.0,-163323000.0,1,K|K,1
K,163,R,6,S,1,K,10,X,222,C,3,Y,222,K,5,C,1,K,2,S,1,R,4,Y,1,X,1,"L1:[sp=K,163] R=6,S=1,K=10,X=222,C=3,Y=222 || L2:[sp=K,5] C=1,K=2,S=1,R=4,Y=1,X=1",-225821.0,-163323000.0,1,K|K,1
K,163,R,5,S,6,X,222,K,10,C,2,Y,222,K,5,C,1,K,2,S,3,R,2,X,1,Y,1,"L1:[sp=K,163] R=5,S=6,X=222,K=10,C=2,Y=222 || L2:[sp=K,5] C=1,K=2,S=3,R=2,X=1,Y=1",-387.0,-163323000.0,1,K|K,1
K,163,R,6,S,5,K,10,X,222,C,2,Y,222,K,5,C,1,K,2,S,3,R,2,Y,54,X,1,"L1:[sp=K,163] R=6,S=5,K=10,X=222,C=2,Y=222 || L2:[sp=K,5] C=1,K=2,S=3,R=2,Y=54,X=1",-inf,-inf,0,K|K,1
K,163,X,222,S,7,R,6,K,10,C,1,Y,198,K,5,C,1,K,6,S,5,R,2,X,1,Y,1,"L1:[sp=K,163] X=222,S=7,R=6,K=10,C=1,Y=198 || L2:[sp=K,5] C=1,K=6,S=5,R=2,X=1,Y=1",-inf,-inf,0,K|K,1
K,163,R,6,S,6,X,222,K,7,C,3,Y,222,K,1,C,3,K,2,S,3,R,4,X,182,Y,1,"L1:[sp=K,163] R=6,S=6,X=222,K=7,C=3,Y=222 || L2:[sp=K,1] C=3,K=2,S=3,R=4,X=182,Y=1",-inf,-inf,0,K|K,1
K,163,R,7,S,6,X,222,K,10,C,1,Y,222,K,5,C,1,K,2,Y,1,R,2,X,1,S,3,"L1:[sp=K,163] R=7,S=6,X=222,K=10,C=1,Y=222 || L2:[sp=K,5] C=1,K=2,Y=1,R=2,X=1,S=3",-385.0,-163323000.0,1,K|K,1
K,163,R,6,S,6,K,10,X,222,C,2,Y,222,K,5,C,1,K,2,S,3,R,2,Y,34,X,1,"L1:[sp=K,163] R=6,S=6,K=10,X=222,C=2,Y=222 || L2:[sp=K,5] C=1,K=2,S=3,R=2,Y=34,X=1",-inf,-inf,0,K|K,1
K,163,R,6,S,6,X,222,K,10,C,3,Y,222,K,5,C,1,Y,1,S,2,R,2,X,155,K,2,"L1:[sp=K,163] R=6,S=6,X=222,K=10,C=3,Y=222 || L2:[sp=K,5] C=1,Y=1,S=2,R=2,X=155,K=2",-inf,-inf,0,K|K,1
K,163,R,7,S,6,X,8,K,10,C,1,Y,222,K,5,C,1,K,2,S,3,R,2,X,1,Y,1,"L1:[sp=K,163] R=7,S=6,X=8,K=10,C=1,Y=222 || L2:[sp=K,5] C=1,K=2,S=3,R=2,X=1,Y=1",-114703.0,-163323000.0,1,K|K,1
K,163,R,3,S,6,X,222,K,10,C,3,Y,222,K,5,C,1,K,2,S,1,R,2,X,1,Y,1,"L1:[sp=K,163] R=3,S=6,X=222,K=10,C=3,Y=222 || L2:[sp=K,5] C=1,K=2,S=1,R=2,X=1,Y=1",-131131.0,-163323000.0,1,K|K,1
Y,163,R,7,K,10,X,222,S,7,C,1,Y,222,K,42,C,1,K,2,S,3,R,2,X,1,Y,1,"L1:[sp=Y,163] R=7,K=10,X=222,S=7,C=1,Y=222 || L2:[sp=K,42] C=1,K=2,S=3,R=2,X=1,Y=1",-6196.0,-163323000.0,1,Y|K,1
K,163,C,1,S,6,X,222,K,32,R,7,Y,222,K,5,C,1,S,3,K,2,R,1,X,1,Y,1,"L1:[sp=K,163] C=1,S=6,X=222,K=32,R=7,Y=222 || L2:[sp=K,5] C=1,S=3,K=2,R=1,X=1,Y=1",-3031.0,-163323000.0,1,K|K,1
K,163,R,7,S,7,X,222,K,10,C,1,Y,211,K,5,C,1,K,2,S,3,R,2,X,1,Y,1,"L1:[sp=K,163] R=7,S=7,X=222,K=10,C=1,Y=211 || L2:[sp=K,5] C=1,K=2,S=3,R=2,X=1,Y=1",-inf,-inf,0,K|K,1
K,163,R,6,S,6,X,222,K,7,C,3,Y,222,K,5,C,3,K,2,S,3,R,4,X,1,Y,1,"L1:[sp=K,163] R=6,S=6,X=222,K=7,C=3,Y=222 || L2:[sp=K,5] C=3,K=2,S=3,R=4,X=1,Y=1",-1301.0,-163323000.0,1,K|K,1
K,163,C,1,S,6,X,222,K,19,R,7,Y,222,Y,84,C,1,S,3,K,2,R,2,X,1,Y,1,"L1:[sp=K,163] C=1,S=6,X=222,K=19,R=7,Y=222 || L2:[sp=Y,84] C=1,S=3,K=2,R=2,X=1,Y=1",-4927.0,-163323000.0,1,K|Y,1
K,163,R,7,S,6,X,222,K,10,C,1,Y,222,K,5,C,1,K,2,S,3,R,2,X,1,Y,102,"L1:[sp=K,163] R=7,S=6,X=222,K=10,C=1,Y=222 || L2:[sp=K,5] C=1,K=2,S=3,R=2,X=1,Y=102",-inf,-inf,0,K|K,1
K,163,R,6,S,7,X,117,K,10,C,1,Y,222,K,5,C,1,K,2,S,5,R,2,X,1,Y,1,"L1:[sp=K,163] R=6,S=7,X=117,K=10,C=1,Y=222 || L2:[sp=K,5] C=1,K=2,S=5,R=2,X=1,Y=1",-74605.0,-163323000.0,1,K|K,1
K,163,C,1,S,6,X,222,R,7,K,32,Y,222,K,5,C,1,S,3,K,8,R,2,X,1,Y,1,"L1:[sp=K,163] C=1,S=6,X=222,R=7,K=32,Y=222 || L2:[sp=K,5] C=1,S=3,K=8,R=2,X=1,Y=1",-1519.0,-163323000.0,1,K|K,1
K,163,R,7,S,6,X,222,K,10,C,1,Y,222,K,5,C,1,K,2,S,3,R,2,X,1,Y,1,"L1:[sp=K,163] R=7,S=6,X=222,K=10,C=1,Y=222 || L2:[sp=K,5] C=1,K=2,S=3,R=2,X=1,Y=1",-385.0,-163323000.0,1,K|K,1
K,163,R,7,S,6,X,53,K,10,C,3,Y,222,K,5,C,1,K,2,Y,1,R,2,X,1,S,3,"L1:[sp=K,163] R=7,S=6,X=53,K=10,C=3,Y=222 || L2:[sp=K,5] C=1,K=2,Y=1,R=2,X=1,S=3",-inf,-inf,0,K|K,1
K,163,C,1,S,6,X,222,R,7,K,32,Y,222,K,5,C,1,S,3,R,3,K,8,X,1,Y,1,"L1:[sp=K,163] C=1,S=6,X=222,R=7,K=32,Y=222 || L2:[sp=K,5] C=1,S=3,R=3,K=8,X=1,Y=1",-4543.0,-163323000.0,1,K|K,1
K,163,R,7,S,6,X,222,K,7,C,3,Y,128,K,5,C,3,K,2,S,3,R,2,X,1,Y,1,"L1:[sp=K,163] R=7,S=6,X=222,K=7,C=3,Y=128 || L2:[sp=K,5] C=3,K=2,S=3,R=2,X=1,Y=1",-86189.0,-163323000.0,1,K|K,1
K,163,C,2,S,6,X,222,R,6,K,32,Y,222,K,5,C,1,S,3,K,8,R,4,X,1,Y,1,"L1:[sp=K,163] C=2,S=6,X=222,R=6,K=32,Y=222 || L2:[sp=K,5] C=1,S=3,K=8,R=4,X=1,Y=1",-5193.0,-163323000.0,1,K|K,1
K,163,C,1,S,6,X,222,K,19,R,7,Y,222,Y,84,C,1,S,5,X,1,R,2,K,7,Y,1,"L1:[sp=K,163] C=1,S=6,X=222,K=19,R=7,Y=222 || L2:[sp=Y,84] C=1,S=5,X=1,R=2,K=7,Y=1",-19123.0,-163323000.0,1,K|Y,1
K,163,R,6,S,6,X,222,K,61,C,3,Y,22,K,5,C,3,K,2,S,3,R,4,X,1,Y,1,"L1:[sp=K,163] R=6,S=6,X=222,K=61,C=3,Y=22 || L2:[sp=K,5] C=3,K=2,S=3,R=4,X=1,Y=1",-671153.0,-163323000.0,1,K|K,1
K,163,C,1,S,6,X,222,R,7,Y,222,K,32,K,5,C,1,S,3,K,8,R,2,X,123,Y,1,"L1:[sp=K,163] C=1,S=6,X=222,R=7,Y=222,K=32 || L2:[sp=K,5] C=1,S=3,K=8,R=2,X=123,Y=1",-inf,-inf,0,K|K,1
K,163,R,7,S,6,X,222,K,10,C,3,Y,222,K,5,C,1,K,2,S,3,R,2,X,1,Y,1,"L1:[sp=K,163] R=7,S=6,X=222,K=10,C=3,Y=222 || L2:[sp=K,5] C=1,K=2,S=3,R=2,X=1,Y=1",-381.0,-163323000.0,1,K|K,1
X,163,R,6,S,6,X,222,K,7,C,3,Y,222,K,5,C,3,K,2,S,3,R,4,X,1,Y,1,"L1:[sp=X,163] R=6,S=6,X=222,K=7,C=3,Y=222 || L2:[sp=K,5] C=3,K=2,S=3,R=4,X=1,Y=1",-13001.0,-163323000.0,1,X|K,1
K,163,K,10,S,6,X,222,R,7,C,1,Y,2,K,5,K,2,C,1,Y,1,R,2,X,1,S,3,"L1:[sp=K,163] K=10,S=6,X=222,R=7,C=1,Y=2 || L2:[sp=K,5] K=2,C=1,Y=1,R=2,X=1,S=3",-289069.0,-163323000.0,1,K|K,1
K,163,R,7,S,6,X,222,K,10,C,1,Y,222,X,5,C,1,Y,1,K,2,R,1,X,1,S,3,"L1:[sp=K,163] R=7,S=6,X=222,K=10,C=1,Y=222 || L2:[sp=X,5] C=1,Y=1,K=2,R=1,X=1,S=3",-3787.0,-163323000.0,1,K|X,1
K,163,C,1,S,6,X,222,K,32,R,7,Y,222,K,5,C,1,S,3,K,2,R,2,X,113,Y,1,"L1:[sp=K,163] C=1,S=6,X=222,K=32,R=7,Y=222 || L2:[sp=K,5] C=1,S=3,K=2,R=2,X=113,Y=1",-inf,-inf,0,K|K,1
K,163,R,5,S,6,X,222,K,10,C,2,Y,222,K,5,C,1,K,2,S,3,R,2,X,1,Y,1,"L1:[sp=K,163] R=5,S=6,X=222,K=10,C=2,Y=222 || L2:[sp=K,5] C=1,K=2,S=3,R=2,X=1,Y=1",-387.0,-163323000.0,1,K|K,1
K,163,R,7,S,6,X,222,K,10,Y,222,C,1,Y,6,C,1,K,2,Y,1,R,2,X,1,S,3,"L1:[sp=K,163] R=7,S=6,X=222,K=10,Y=222,C=1 || L2:[sp=Y,6] C=1,K=2,Y=1,R=2,X=1,S=3",-3787.0,-163323000.0,1,K|Y,1
K,163,R,7,K,10,X,69,S,7,C,1,Y,142,Y,42,C,1,X,1,S,3,R,2,K,2,Y,1,"L1:[sp=K,163] R=7,K=10,X=69,S=7,C=1,Y=142 || L2:[sp=Y,42] C=1,X=1,S=3,R=2,K=2,Y=1",-inf,-inf,0,K|Y,1
K,163,R,7,S,6,X,222,K,10,C,1,Y,222,K,5,C,1,K,2,S,3,R,7,X,1,Y,1,"L1:[sp=K,163] R=7,S=6,X=222,K=10,C=1,Y=222 || L2:[sp=K,5] C=1,K=2,S=3,R=7,X=1,Y=1",-385.0,-163323000.0,1,K|K,1
K,163,R,7,S,6,X,222,K,10,C,1,Y,222,K,1,K,2,C,1,S,2,R,2,X,1,Y,1,"L1:[sp=K,163] R=7,S=6,X=222,K=10,C=1,Y=222 || L2:[sp=K,1] K=2,C=1,S=2,R=2,X=1,Y=1",-1687.0,-163323000.0,1,K|K,1
K,163,R,5,S,6,X,20,K,10,C,2,Y,222,K,5,C,1,K,2,S,3,R,2,X,1,Y,1,"L1:[sp=K,163] R=5,S=6,X=20,K=10,C=2,Y=222 || L2:[sp=K,5] C=1,K=2,S=3,R=2,X=1,Y=1",-95345.0,-163323000.0,1,K|K,1
Y,163,R,1,K,10,X,222,S,6,C,1,Y,222,K,42,C,1,K,2,S,3,R,1,X,1,Y,1,"L1:[sp=Y,163] R=1,K=10,X=222,S=6,C=1,Y=222 || L2:[sp=K,42] C=1,K=2,S=3,R=1,X=1,Y=1",-587707.0,-163323000.0,1,Y|K,1
K,163,R,7,S,6,X,222,K,10,C,3,Y,222,K,5,C,1,K,2,S,3,R,2,X,1,Y,1,"L1:[sp=K,163] R=7,S=6,X=222,K=10,C=3,Y=222 || L2:[sp=K,5] C=1,K=2,S=3,R=2,X=1,Y=1",-381.0,-163323000.0,1,K|K,1
K,163,R,7,S,6,X,222,K,10,C,3,Y,222,K,5,C,1,K,2,S,3,R,2,X,1,Y,1,"L1:[sp=K,163] R=7,S=6,X=222,K=10,C=3,Y=222 || L2:[sp=K,5] C=1,K=2,S=3,R=2,X=1,Y=1",-381.0,-163323000.0,1,K|K,1
K,163,R,7,S,6,X,222,K,10,C,1,Y,222,Y,1,K,2,C,1,S,2,R,2,X,1,Y,1,"L1:[sp=K,163] R=7,S=6,X=222,K=10,C=1,Y=222 || L2:[sp=Y,1] K=2,C=1,S=2,R=2,X=1,Y=1",-1687.0,-163323000.0,1,K|Y,1
K,163,R,7,S,6,X,222,C,1,K,43,Y,222,K,5,R,2,K,2,S,3,C,1,X,1,Y,1,"L1:[sp=K,163] R=7,S=6,X=222,C=1,K=43,Y=222 || L2:[sp=K,5] R=2,K=2,S=3,C=1,X=1,Y=1",-1708.0,-163323000.0,1,K|K,1
Y,163,R,7,S,6,X,222,K,10,Y,222,C,1,Y,6,C,1,K,1,Y,1,R,2,X,1,S,3,"L1:[sp=Y,163] R=7,S=6,X=222,K=10,Y=222,C=1 || L2:[sp=Y,6] C=1,K=1,Y=1,R=2,X=1,S=3",-24235.0,-163323000.0,1,Y|Y,1
K,163,R,7,S,6,X,222,K,11,C,1,Y,222,X,5,C,1,Y,1,K,2,R,2,X,1,S,3,"L1:[sp=K,163] R=7,S=6,X=222,K=11,C=1,Y=222 || L2:[sp=X,5] C=1,Y=1,K=2,R=2,X=1,S=3",-2086.0,-163323000.0,1,K|X,1
K,163,R,7,S,6,X,222,K,10,C,3,Y,222,K,5,C,1,K,2,S,3,R,1,X,1,Y,1,"L1:[sp=K,163] R=7,S=6,X=222,K=10,C=3,Y=222 || L2:[sp=K,5] C=1,K=2,S=3,R=1,X=1,Y=1",-759.0,-163323000.0,1,K|K,1
K,163,X,13,S,6,R,7,K,10,C,1,Y,174,C,1,C,1,Y,1,K,2,R,2,X,1,S,3,"L1:[sp=K,163] X=13,S=6,R=7,K=10,C=1,Y=174 || L2:[sp=C,1] C=1,Y=1,K=2,R=2,X=1,S=3",-inf,-inf,0,K|C,1
K,163,R,7,S,6,X,222,K,10,C,1,Y,222,K,5,C,1,K,6,S,3,R,1,X,1,Y,1,"L1:[sp=K,163] R=7,S=6,X=222,K=10,C=1,Y=222 || L2:[sp=K,5] C=1,K=6,S=3,R=1,X=1,Y=1",-2275.0,-163323000.0,1,K|K,1
K,163,R,5,S,6,X,222,K,10,C,1,Y,15,K,5,C,1,K,2,S,3,R,2,X,1,Y,1,"L1:[sp=K,163] R=5,S=6,X=222,K=10,C=1,Y=15 || L2:[sp=K,5] C=1,K=2,S=3,R=2,X=1,Y=1",-100351.0,-163323000.0,1,K|K,1
K,163,R,7,S,6,C,2,K,10,X,222,Y,222,K,5,C,1,K,2,S,5,R,7,X,1,Y,184,"L1:[sp=K,163] R=7,S=6,C=2,K=10,X=222,Y=222 || L2:[sp=K,5] C=1,K=2,S=5,R=7,X=1,Y=184",-inf,-inf,0,K|K,1
K,163,R,7,S,6,X,222,K,10,C,3,Y,222,K,5,C,1,K,2,S,3,R,2,X,1,Y,10,"L1:[sp=K,163] R=7,S=6,X=222,K=10,C=3,Y=222 || L2:[sp=K,5] C=1,K=2,S=3,R=2,X=1,Y=10",-1515.0,-163323000.0,1,K|K,1
K,163,R,5,S,6,X,196,K,10,C,2,Y,222,K,5,C,1,K,2,S,3,R,2,X,1,Y,1,"L1:[sp=K,163] R=5,S=6,X=196,K=10,C=2,Y=222 || L2:[sp=K,5] C=1,K=2,S=3,R=2,X=1,Y=1",-85067.0,-163323000.0,1,K|K,1
K,163,R,7,S,6,X,118,K,10,C,1,Y,222,K,5,C,1,K,2,S,3,R,2,X,1,Y,1,"L1:[sp=K,163] R=7,S=6,X=118,K=10,C=1,Y=222 || L2:[sp=K,5] C=1,K=2,S=3,R=2,X=1,Y=1",-inf,-inf,0,K|K,1
K,163,R,7,S,7,X,222,K,10,C,3,Y,222,K,5,C,1,K,2,R,7,S,3,X,1,Y,1,"L1:[sp=K,163] R=7,S=7,X=222,K=10,C=3,Y=222 || L2:[sp=K,5] C=1,K=2,R=7,S=3,X=1,Y=1",-884.0,-163323000.0,1,K|K,1
K,163,R,7,S,6,X,222,K,10,C,3,Y,222,X,5,C,3,Y,156,K,2,R,3,X,1,S,3,"L1:[sp=K,163] R=7,S=6,X=222,K=10,C=3,Y=222 || L2:[sp=X,5] C=3,Y=156,K=2,R=3,X=1,S=3",-inf,-inf,0,K|X,1
K,163,C,1,S,6,X,222,K,59,R,7,Y,222,K,5,C,1,Y,1,R,1,K,8,X,1,S,3,"L1:[sp=K,163] C=1,S=6,X=222,K=59,R=7,Y=222 || L2:[sp=K,5] C=1,Y=1,R=1,K=8,X=1,S=3",-6055.0,-163323000.0,1,K|K,1
K,163,C,1,S,6,X,222,R,6,K,32,Y,222,K,5,C,1,S,3,R,3,K,8,X,1,Y,1,"L1:[sp=K,163] C=1,S=6,X=222,R=6,K=32,Y=222 || L2:[sp=K,5] C=1,S=3,R=3,K=8,X=1,Y=1",-1957.0,-163323000.0,1,K|K,1
K,163,R,7,S,6,X,222,K,10,C,1,Y,222,X,5,C,1,Y,103,K,2,R,1,X,1,S,3,"L1:[sp=K,163] R=7,S=6,X=222,K=10,C=1,Y=222 || L2:[sp=X,5] C=1,Y=103,K=2,R=1,X=1,S=3",-inf,-inf,0,K|X,1
K,163,R,7,S,6,X,222,K,10,Y,222,C,1,Y,6,C,1,K,4,Y,1,R,2,X,1,S,1,"L1:[sp=K,163] R=7,S=6,X=222,K=10,Y=222,C=1 || L2:[sp=Y,6] C=1,K=4,Y=1,R=2,X=1,S=1",-5887.0,-163323000.0,1,K|Y,1
K,163,R,3,S,6,X,222,K,10,C,1,Y,222,K,5,C,1,K,2,S,3,R,2,X,1,Y,109,"L1:[sp=K,163] R=3,S=6,X=222,K=10,C=1,Y=222 || L2:[sp=K,5] C=1,K=2,S=3,R=2,X=1,Y=109",-inf,-inf,0,K|K,1
K,163,R,7,S,6,X,222,K,10,C,3,Y,222,K,5,C,1,K,2,S,3,R,2,X,1,Y,1,"L1:[sp=K,163] R=7,S=6,X=222,K=10,C=3,Y=222 || L2:[sp=K,5] C=1,K=2,S=3,R=2,X=1,Y=1",-381.0,-163323000.0,1,K|K,1
K,163,R,7,S,6,X,222,C,1,K,5,Y,222,K,5,R,3,K,2,S,3,C,1,X,1,Y,1,"L1:[sp=K,163] R=7,S=6,X=222,C=1,K=5,Y=222 || L2:[sp=K,5] R=3,K=2,S=3,C=1,X=1,Y=1",-1141.0,-163323000.0,1,K|K,1
K,163,R,7,S,6,X,90,K,10,C,1,Y,222,Y,1,K,4,C,1,S,6,R,2,X,1,Y,1,"L1:[sp=K,163] R=7,S=6,X=90,K=10,C=1,Y=222 || L2:[sp=Y,1] K=4,C=1,S=6,R=2,X=1,Y=1",-inf,-inf,0,K|Y,1
Y,163,C,1,S,6,X,222,R,7,K,32,Y,222,K,5,C,1,S,2,R,2,K,8,X,1,Y,1,"L1:[sp=Y,163] C=1,S=6,X=222,R=7,K=32,Y=222 || L2:[sp=K,5] C=1,S=2,R=2,K=8,X=1,Y=1",-2701.0,-163323000.0,1,Y|K,1
K,163,R,4,K,10,S,6,X,222,C,1,Y,222,Y,1,K,2,C,1,S,6,R,2,X,1,Y,1,"L1:[sp=K,163] R=4,K=10,S=6,X=222,C=1,Y=222 || L2:[sp=Y,1] K=2,C=1,S=6,R=2,X=1,Y=1",-2893.0,-163323000.0,1,K|Y,1
K,163,R,7,S,6,X,222,K,10,C,3,Y,222,K,5,C,3,K,2,S,3,R,2,X,1,Y,1,"L1:[sp=K,163] R=7,S=6,X=222,K=10,C=3,Y=222 || L2:[sp=K,5] C=3,K=2,S=3,R=2,X=1,Y=1",-381.0,-163323000.0,1,K|K,1
K,163,R,7,S,6,X,222,K,47,C,3,Y,222,K,5,C,1,K,2,S,3,R,2,X,1,Y,10,"L1:[sp=K,163] R=7,S=6,X=222,K=47,C=3,Y=222 || L2:[sp=K,5] C=1,K=2,S=3,R=2,X=1,Y=10",-7563.0,-163323000.0,1,K|K,1
K,163,R,7,S,6,X,222,K,10,C,1,Y,222,C,1,K,2,C,1,S,2,R,2,X,1,Y,1,"L1:[sp=K,163] R=7,S=6,X=222,K=10,C=1,Y=222 || L2:[sp=C,1] K=2,C=1,S=2,R=2,X=1,Y=1",-1687.0,-163323000.0,1,K|C,1
K,163,C,1,S,6,X,222,R,6,K,44,Y,222,K,5,C,1,S,3,R,3,K,8,X,1,Y,1,"L1:[sp=K,163] C=1,S=6,X=222,R=6,K=44,Y=222 || L2:[sp=K,5] C=1,S=3,R=3,K=8,X=1,Y=1",-2929.0,-163323000.0,1,K|K,1
K,163,R,7,S,7,X,222,K,10,C,3,Y,188,Y,1,K,2,C,1,X,1,R,7,S,3,Y,1,"L1:[sp=K,163] R=7,S=7,X=222,K=10,C=3,Y=188 || L2:[sp=Y,1] K=2,C=1,X=1,R=7,S=3,Y=1",-inf,-inf,0,K|Y,1
K,163,R,7,S,6,X,222,K,10,C,1,Y,222,K,5,C,1,K,2,R,2,S,2,X,1,Y,1,"L1:[sp=K,163] R=7,S=6,X=222,K=10,C=1,Y=222 || L2:[sp=K,5] C=1,K=2,R=2,S=2,X=1,Y=1",-343.0,-163323000.0,1,K|K,1
K,163,R,7,S,6,X,65,K,10,C,3,Y,222,Y,12,C,1,K,2,S,3,R,2,X,1,Y,1,"L1:[sp=K,163] R=7,S=6,X=65,K=10,C=3,Y=222 || L2:[sp=Y,12] C=1,K=2,S=3,R=2,X=1,Y=1",-inf,-inf,0,K|Y,1
K,163,R,7,S,6,X,57,K,11,C,1,Y,148,X,5,C,1,Y,10,K,2,R,4,X,1,S,3,"L1:[sp=K,163] R=7,S=6,X=57,K=11,C=1,Y=148 || L2:[sp=X,5] C=1,Y=10,K=2,R=4,X=1,S=3",-inf,-inf,0,K|X,1
K,163,R,7,S,7,X,222,K,11,C,1,Y,222,X,5,C,1,Y,1,K,2,R,7,X,1,S,3,"L1:[sp=K,163] R=7,S=7,X=222,K=11,C=1,Y=222 || L2:[sp=X,5] C=1,Y=1,K=2,R=7,X=1,S=3",-1621.0,-163323000.0,1,K|X,1
K,163,R,7,S,6,X,222,K,10,C,2,Y,222,K,5,C,1,K,2,R,2,X,1,S,5,Y,1,"L1:[sp=K,163] R=7,S=6,X=222,K=10,C=2,Y=222 || L2:[sp=K,5] C=1,K=2,R=2,X=1,S=5,Y=1",-1475.0,-163323000.0,1,K|K,1
K,163,R,7,S,6,X,222,K,11,C,3,Y,222,X,5,C,1,Y,123,K,2,R,2,X,1,S,3,"L1:[sp=K,163] R=7,S=6,X=222,K=11,C=3,Y=222 || L2:[sp=X,5] C=1,Y=123,K=2,R=2,X=1,S=3",-inf,-inf,0,K|X,1
K,163,R,7,Y,222,X,222,K,10,C,1,S,2,K,5,C,1,K,2,S,2,R,2,X,1,Y,1,"L1:[sp=K,163] R=7,Y=222,X=222,K=10,C=1,S=2 || L2:[sp=K,5] C=1,K=2,S=2,R=2,X=1,Y=1",-inf,-inf,0,K|K,1
K,163,R,7,S,6,X,222,K,10,C,3,Y,222,K,5,C,1,K,2,S,3,R,1,X,1,Y,1,"L1:[sp=K,163] R=7,S=6,X=222,K=10,C=3,Y=222 || L2:[sp=K,5] C=1,K=2,S=3,R=1,X=1,Y=1",-759.0,-163323000.0,1,K|K,1
K,163,R,7,S,6,X,2,K,44,C,3,Y,222,K,5,C,1,K,2,S,3,R,2,X,1,Y,1,"L1:[sp=K,163] R=7,S=6,X=2,K=44,C=3,Y=222 || L2:[sp=K,5] C=1,K=2,S=3,R=2,X=1,Y=1",-1037831.0,-163323000.0,1,K|K,1
K,163,R,7,K,10,C,3,S,6,X,222,Y,173,K,5,C,1,K,2,S,3,R,1,X,1,Y,10,"L1:[sp=K,163] R=7,K=10,C=3,S=6,X=222,Y=173 || L2:[sp=K,5] C=1,K=2,S=3,R=1,X=1,Y=10",-89969.0,-163324000.0,1,K|K,1
K,163,R,7,S,6,X,222,K,10,C,1,Y,178,K,5,C,1,K,2,S,3,R,2,X,1,Y,1,"L1:[sp=K,163] R=7,S=6,X=222,K=10,C=1,Y=178 || L2:[sp=K,5] C=1,K=2,S=3,R=2,X=1,Y=1",-86197.0,-163323000.0,1,K|K,1
K,163,R,7,S,6,X,222,K,10,C,1,Y,222,K,5,C,1,K,2,R,2,S,2,X,1,Y,1,"L1:[sp=K,163] R=7,S=6,X=222,K=10,C=1,Y=222 || L2:[sp=K,5] C=1,K=2,R=2,S=2,X=1,Y=1",-343.0,-163323000.0,1,K|K,1
K,163,R,7,S,6,X,222,C,1,K,5,Y,222,K,5,R,4,K,2,S,4,C,1,X,1,Y,1,"L1:[sp=K,163] R=7,S=6,X=222,C=1,K=5,Y=222 || L2:[sp=K,5] R=4,K=2,S=4,C=1,X=1,Y=1",-2023.0,-163323000.0,1,K|K,1
K,163,R,7,S,7,X,222,K,10,C,1,Y,222,C,1,K,2,C,1,S,2,R,2,X,1,Y,1,"L1:[sp=K,163] R=7,S=7,X=222,K=10,C=1,Y=222 || L2:[sp=C,1] K=2,C=1,S=2,R=2,X=1,Y=1",-1474.0,-163323000.0,1,K|C,1
C,163,R,7,S,6,X,222,K,10,C,3,Y,222,K,5,C,3,K,2,S,2,R,2,X,1,Y,1,"L1:[sp=C,163] R=7,S=6,X=222,K=10,C=3,Y=222 || L2:[sp=K,5] C=3,K=2,S=2,R=2,X=1,Y=1",-2367.0,-163323000.0,1,C|K,1
X,163,R,7,S,6,X,222,K,10,C,1,Y,222,K,5,C,1,K,2,R,2,S,3,X,1,Y,134,"L1:[sp=X,163] R=7,S=6,X=222,K=10,C=1,Y=222 || L2:[sp=K,5] C=1,K=2,R=2,S=3,X=1,Y=134",-inf,-inf,0,X|K,1
K,163,R,7,S,6,X,222,K,10,C,3,Y,222,K,5,C,2,K,2,S,3,R,1,X,1,Y,1,"L1:[sp=K,163] R=7,S=6,X=222,K=10,C=3,Y=222 || L2:[sp=K,5] C=2,K=2,S=3,R=1,X=1,Y=1",-759.0,-163323000.0,1,K|K,1
K,163,R,7,S,6,X,222,K,10,C,1,Y,222,K,5,C,1,K,2,R,2,S,2,X,62,Y,1,"L1:[sp=K,163] R=7,S=6,X=222,K=10,C=1,Y=222 || L2:[sp=K,5] C=1,K=2,R=2,S=2,X=62,Y=1",-inf,-inf,0,K|K,1
K,163,R,6,S,6,X,222,K,11,C,2,Y,222,X,5,C,1,Y,1,K,2,R,2,X,1,S,5,"L1:[sp=K,163] R=6,S=6,X=222,K=11,C=2,Y=222 || L2:[sp=X,5] C=1,Y=1,K=2,R=2,X=1,S=5",-9249.0,-163323000.0,1,K|X,1
C,163,R,7,S,7,X,222,K,10,C,2,Y,222,K,5,C,1,K,2,R,7,X,1,S,7,Y,1,"L1:[sp=C,163] R=7,S=7,X=222,K=10,C=2,Y=222 || L2:[sp=K,5] C=1,K=2,R=7,X=1,S=7,Y=1",-1380.0,-163323000.0,1,C|K,1
K,163,R,7,S,6,X,222,K,10,C,3,Y,222,K,5,C,1,K,2,S,3,R,2,X,1,Y,1,"L1:[sp=K,163] R=7,S=6,X=222,K=10,C=3,Y=222 || L2:[sp=K,5] C=1,K=2,S=3,R=2,X=1,Y=1",-381.0,-163323000.0,1,K|K,1
K,163,R,7,S,6,X,222,K,10,C,1,Y,222,C,1,K,2,C,1,S,2,R,6,X,1,Y,1,"L1:[sp=K,163] R=7,S=6,X=222,K=10,C=1,Y=222 || L2:[sp=C,1] K=2,C=1,S=2,R=6,X=1,Y=1",-10087.0,-163323000.0,1,K|C,1
K,163,R,7,S,6,X,101,K,10,C,1,Y,222,K,5,C,1,K,2,R,2,S,3,X,1,Y,1,"L1:[sp=K,163] R=7,S=6,X=101,K=10,C=1,Y=222 || L2:[sp=K,5] C=1,K=2,R=2,S=3,X=1,Y=1",-inf,-inf,0,K|K,1
K,163,R,7,S,3,X,222,Y,222,C,3,K,62,K,5,C,1,K,2,S,2,R,2,X,1,Y,1,"L1:[sp=K,163] R=7,S=3,X=222,Y=222,C=3,K=62 || L2:[sp=K,5] C=1,K=2,S=2,R=2,X=1,Y=1",-inf,-inf,0,K|K,1
K,163,R,7,S,6,X,222,K,10,C,1,Y,222,C,1,K,6,C,1,S,3,R,2,X,1,Y,3,"L1:[sp=K,163] R=7,S=6,X=222,K=10,C=1,Y=222 || L2:[sp=C,1] K=6,C=1,S=3,R=2,X=1,Y=3",-3787.0,-163323000.0,1,K|C,1
K,163,R,7,S,6,X,222,K,10,C,3,Y,222,K,5,C,1,K,2,S,2,R,2,X,1,Y,1,"L1:[sp=K,163] R=7,S=6,X=222,K=10,C=3,Y=222 || L2:[sp=K,5] C=1,K=2,S=2,R=2,X=1,Y=1",-339.0,-163323000.0,1,K|K,1
K,163,R,7,S,6,X,222,K,10,C,3,Y,222,K,5,C,1,S,2,R,2,X,1,K,2,Y,1,"L1:[sp=K,163] R=7,S=6,X=222,K=10,C=3,Y=222 || L2:[sp=K,5] C=1,S=2,R=2,X=1,K=2,Y=1",-339.0,-163323000.0,1,K|K,1
K,163,R,5,S,6,X,222,K,10,C,2,Y,222,K,5,C,2,K,2,R,2,S,5,X,1,Y,1,"L1:[sp=K,163] R=5,S=6,X=222,K=10,C=2,Y=222 || L2:[sp=K,5] C=2,K=2,R=2,S=5,X=1,Y=1",-1969.0,-163323000.0,1,K|K,1
K,163,R,7,S,6,K,11,X,222,C,1,Y,60,X,5,C,1,Y,1,K,2,R,2,X,1,S,2,"L1:[sp=K,163] R=7,S=6,K=11,X=222,C=1,Y=60 || L2:[sp=X,5] C=1,Y=1,K=2,R=2,X=1,S=2",-439849.0,-163323000.0,1,K|X,1
K,163,R,7,S,4,X,222,K,10,C,1,Y,222,K,5,C,1,K,2,R,7,S,3,X,1,Y,1,"L1:[sp=K,163] R=7,S=4,X=222,K=10,C=1,Y=222 || L2:[sp=K,5] C=1,K=2,R=7,S=3,X=1,Y=1",-889.0,-163323000.0,1,K|K,1
K,163,R,7,S,6,X,222,K,10,C,3,Y,222,K,5,C,3,K,2,S,3,R,1,X,1,Y,1,"L1:[sp=K,163] R=7,S=6,X=222,K=10,C=3,Y=222 || L2:[sp=K,5] C=3,K=2,S=3,R=1,X=1,Y=1",-759.0,-163323000.0,1,K|K,1
K,163,X,222,S,6,R,7,K,10,C,3,Y,222,K,5,C,1,K,2,S,3,R,2,X,1,Y,1,"L1:[sp=K,163] X=222,S=6,R=7,K=10,C=3,Y=222 || L2:[sp=K,5] C=1,K=2,S=3,R=2,X=1,Y=1",-381.0,-163323000.0,1,K|K,1
K,163,R,7,S,6,X,222,K,10,C,3,Y,222,K,5,C,1,K,2,S,2,R,2,X,1,Y,1,"L1:[sp=K,163] R=7,S=6,X=222,K=10,C=3,Y=222 || L2:[sp=K,5] C=1,K=2,S=2,R=2,X=1,Y=1",-339.0,-163323000.0,1,K|K,1
K,163,R,7,S,6,X,222,K,10,C,1,Y,222,K,5,C,1,K,10,R,2,S,2,X,1,Y,220,"L1:[sp=K,163] R=7,S=6,X=222,K=10,C=1,Y=222 || L2:[sp=K,5] C=1,K=10,R=2,S=2,X=1,Y=220",-inf,-inf,0,K|K,1
K,163,R,7,S,4,X,222,K,10,C,1,Y,81,K,5,C,1,K,2,R,7,S,3,X,1,Y,1,"L1:[sp=K,163] R=7,S=4,X=222,K=10,C=1,Y=81 || L2:[sp=K,5] C=1,K=2,R=7,S=3,X=1,Y=1",-192295.0,-163323000.0,1,K|K,1
K,163,R,7,S,6,X,222,K,10,C,3,Y,222,K,5,C,3,K,2,S,3,R,6,X,1,Y,1,"L1:[sp=K,163] R=7,S=6,X=222,K=10,C=3,Y=222 || L2:[sp=K,5] C=3,K=2,S=3,R=6,X=1,Y=1",-2271.0,-163323000.0,1,K|K,1
K,163,X,124,S,6,R,7,K,10,C,3,Y,222,K,5,C,1,K,2,S,2,R,2,X,1,Y,1,"L1:[sp=K,163] X=124,S=6,R=7,K=10,C=3,Y=222 || L2:[sp=K,5] C=1,K=2,S=2,R=2,X=1,Y=1",-inf,-inf,0,K|K,1
K,163,R,7,S,6,X,222,K,10,C,3,Y,222,K,5,C,1,S,3,R,2,X,1,K,2,Y,1,"L1:[sp=K,163] R=7,S=6,X=222,K=10,C=3,Y=222 || L2:[sp=K,5] C=1,S=3,R=2,X=1,K=2,Y=1",-381.0,-163323000.0,1,K|K,1
K,163,R,7,S,6,X,222,K,51,C,3,Y,222,K,5,C,3,K,2,S,1,R,1,X,1,Y,1,"L1:[sp=K,163] R=7,S=6,X=222,K=51,C=3,Y=222 || L2:[sp=K,5] C=3,K=2,S=1,R=1,X=1,Y=1",-6471.0,-163323000.0,1,K|K,1
K,163,R,7,S,6,X,222,K,10,C,3,Y,222,K,5,C,1,K,2,S,2,R,4,X,1,Y,1,"L1:[sp=K,163] R=7,S=6,X=222,K=10,C=3,Y=222 || L2:[sp=K,5] C=1,K=2,S=2,R=4,X=1,Y=1",-675.0,-163323000.0,1,K|K,1
K,163,S,6,Y,155,X,222,K,10,C,3,R,7,K,5,C,1,S,4,R,2,X,203,K,2,Y,1,"L1:[sp=K,163] S=6,Y=155,X=222,K=10,C=3,R=7 || L2:[sp=K,5] C=1,S=4,R=2,X=203,K=2,Y=1",-inf,-inf,0,K|K,1
K,163,R,7,X,222,S,6,K,10,C,3,Y,222,K,5,C,1,S,3,R,1,X,1,K,2,Y,1,"L1:[sp=K,163] R=7,X=222,S=6,K=10,C=3,Y=222 || L2:[sp=K,5] C=1,S=3,R=1,X=1,K=2,Y=1",-759.0,-163323000.0,1,K|K,1
K,163,R,7,S,6,X,222,K,10,C,3,Y,222,K,5,C,2,K,2,S,2,R,2,X,1,Y,31,"L1:[sp=K,163] R=7,S=6,X=222,K=10,C=3,Y=222 || L2:[sp=K,5] C=2,K=2,S=2,R=2,X=1,Y=31",-inf,-inf,0,K|K,1
K,163,R,7,S,6,X,222,K,10,C,1,Y,222,K,1,C,1,K,6,R,2,S,3,X,1,Y,1,"L1:[sp=K,163] R=7,S=6,X=222,K=10,C=1,Y=222 || L2:[sp=K,1] C=1,K=6,R=2,S=3,X=1,Y=1",-1897.0,-163323000.0,1,K|K,1
K,163,R,6,X,110,S,4,K,10,C,3,Y,222,K,5,C,1,K,2,S,3,R,6,X,1,Y,1,"L1:[sp=K,163] R=6,X=110,S=4,K=10,C=3,Y=222 || L2:[sp=K,5] C=1,K=2,S=3,R=6,X=1,Y=1",-112909.0,-163323000.0,1,K|K,1
K,163,X,222,S,6,R,7,K,10,C,3,Y,222,K,5,C,1,K,2,S,3,R,3,X,1,Y,1,"L1:[sp=K,163] X=222,S=6,R=7,K=10,C=3,Y=222 || L2:[sp=K,5] C=1,K=2,S=3,R=3,X=1,Y=1",-1137.0,-163323000.0,1,K|K,1
K,163,R,7,K,10,X,222,S,6,C,3,Y,222,K,5,C,2,Y,1,S,3,R,2,X,1,K,3,"L1:[sp=K,163] R=7,K=10,X=222,S=6,C=3,Y=222 || L2:[sp=K,5] C=2,Y=1,S=3,R=2,X=1,K=3",-570.0,-163323000.0,1,K|K,1
K,163,X,222,S,4,R,2,K,11,C,3,Y,222,K,5,C,1,K,2,S,3,R,2,X,1,Y,1,"L1:[sp=K,163] X=222,S=4,R=2,K=11,C=3,Y=222 || L2:[sp=K,5] C=1,K=2,S=3,R=2,X=1,Y=1",-337193.0,-163323000.0,1,K|K,1
K,163,R,1,S,6,K,10,X,222,C,1,Y,222,K,5,C,1,K,2,R,1,S,6,X,1,Y,1,"L1:[sp=K,163] R=1,S=6,K=10,X=222,C=1,Y=222 || L2:[sp=K,5] C=1,K=2,R=1,S=6,X=1,Y=1",-112981.0,-163323000.0,1,K|K,1
K,163,X,222,S,4,R,7,K,10,C,1,Y,222,C,1,C,1,K,2,R,7,S,3,X,1,Y,1,"L1:[sp=K,163] X=222,S=4,R=7,K=10,C=1,Y=222 || L2:[sp=C,1] C=1,K=2,R=7,S=3,X=1,Y=1",-4417.0,-163323000.0,1,K|C,1
K,163,R,7,S,5,X,67,K,10,C,1,Y,222,K,5,C,1,K,2,R,2,S,1,X,1,Y,1,"L1:[sp=K,163] R=7,S=5,X=67,K=10,C=1,Y=222 || L2:[sp=K,5] C=1,K=2,R=2,S=1,X=1,Y=1",-inf,-inf,0,K|K,1
K,163,X,222,S,6,R,7,K,31,C,3,Y,222,K,5,C,1,K,2,S,2,X,121,R,2,Y,1,"L1:[sp=K,163] X=222,S=6,R=7,K=31,C=3,Y=222 || L2:[sp=K,5] C=1,K=2,S=2,X=121,R=2,Y=1",-inf,-inf,0,K|K,1
K,163,Y,222,S,2,X,222,K,10,C,1,R,7,K,5,C,1,K,2,R,6,S,2,X,1,Y,1,"L1:[sp=K,163] Y=222,S=2,X=222,K=10,C=1,R=7 || L2:[sp=K,5] C=1,K=2,R=6,S=2,X=1,Y=1",-inf,-inf,0,K|K,1
K,163,R,7,S,6,X,222,K,10,C,3,Y,222,K,5,C,1,K,2,S,2,R,2,X,1,Y,1,"L1:[sp=K,163] R=7,S=6,X=222,K=10,C=3,Y=222 || L2:[sp=K,5] C=1,K=2,S=2,R=2,X=1,Y=1",-339.0,-163323000.0,1,K|K,1
K,163,R,7,S,6,X,222,K,10,C,1,Y,222,K,1,C,1,K,6,R,2,S,3,X,1,Y,1,"L1:[sp=K,163] R=7,S=6,X=222,K=10,C=1,Y=222 || L2:[sp=K,1] C=1,K=6,R=2,S=3,X=1,Y=1",-1897.0,-163323000.0,1,K|K,1
K,163,R,7,S,6,C,3,K,10,X,222,Y,222,K,5,C,1,S,4,R,2,X,1,K,2,Y,1,"L1:[sp=K,163] R=7,S=6,C=3,K=10,X=222,Y=222 || L2:[sp=K,5] C=1,S=4,R=2,X=1,K=2,Y=1",-1011.0,-163323000.0,1,K|K,1
K,163,R,7,S,6,X,222,K,10,C,3,Y,222,K,5,C,1,K,2,S,2,R,4,X,1,Y,31,"L1:[sp=K,163] R=7,S=6,X=222,K=10,C=3,Y=222 || L2:[sp=K,5] C=1,K=2,S=2,R=4,X=1,Y=31",-1683.0,-163324000.0,1,K|K,1
K,163,R,7,S,6,X,222,K,10,C,3,Y,222,K,5,C,1,S,3,R,2,X,1,K,3,Y,156,"L1:[sp=K,163] R=7,S=6,X=222,K=10,C=3,Y=222 || L2:[sp=K,5] C=1,S=3,R=2,X=1,K=3,Y=156",-inf,-inf,0,K|K,1
K,163,R,7,S,7,X,222,K,10,C,1,Y,222,K,1,C,1,K,6,R,2,S,2,X,1,Y,1,"L1:[sp=K,163] R=7,S=7,X=222,K=10,C=1,Y=222 || L2:[sp=K,1] C=1,K=6,R=2,S=2,X=1,Y=1",-1474.0,-163323000.0,1,K|K,1
K,163,R,7,X,222,S,6,K,10,C,2,Y,222,K,5,C,1,S,3,R,1,X,1,K,2,Y,1,"L1:[sp=K,163] R=7,X=222,S=6,K=10,C=2,Y=222 || L2:[sp=K,5] C=1,S=3,R=1,X=1,K=2,Y=1",-761.0,-163323000.0,1,K|K,1
K,163,Y,222,S,6,X,222,K,10,C,3,R,7,K,5,C,3,K,2,S,3,R,6,X,1,Y,1,"L1:[sp=K,163] Y=222,S=6,X=222,K=10,C=3,R=7 || L2:[sp=K,5] C=3,K=2,S=3,R=6,X=1,Y=1",-2271.0,-163323000.0,1,K|K,1
C,163,S,6,X,222,R,7,K,10,C,2,Y,222,K,5,C,1,S,3,R,1,X,1,K,3,Y,1,"L1:[sp=C,163] S=6,X=222,R=7,K=10,C=2,Y=222 || L2:[sp=K,5] C=1,S=3,R=1,X=1,K=3,Y=1",-5307.0,-163323000.0,1,C|K,1
K,163,X,222,S,6,R,7,K,10,C,3,Y,222,K,5,C,1,K,2,S,3,R,2,X,42,Y,1,"L1:[sp=K,163] X=222,S=6,R=7,K=10,C=3,Y=222 || L2:[sp=K,5] C=1,K=2,S=3,R=2,X=42,Y=1",-inf,-inf,0,K|K,1
K,163,R,7,S,6,X,222,K,10,C,2,Y,222,Y,5,C,1,S,3,R,3,X,1,K,2,Y,1,"L1:[sp=K,163] R=7,S=6,X=222,K=10,C=2,Y=222 || L2:[sp=Y,5] C=1,S=3,R=3,X=1,K=2,Y=1",-1895.0,-163323000.0,1,K|Y,1
K,163,R,7,S,6,X,163,K,10,C,3,Y,222,K,5,C,2,S,6,R,2,X,1,K,2,Y,1,"L1:[sp=K,163] R=7,S=6,X=163,K=10,C=3,Y=222 || L2:[sp=K,5] C=2,S=6,R=2,X=1,K=2,Y=1",-inf,-inf,0,K|K,1
K,163,R,7,K,10,X,222,S,6,Y,153,C,3,K,5,C,1,Y,1,K,3,R,2,X,89,S,3,"L1:[sp=K,163] R=7,K=10,X=222,S=6,Y=153,C=3 || L2:[sp=K,5] C=1,Y=1,K=3,R=2,X=89,S=3",-inf,-inf,0,K|K,1
K,163,R,5,S,6,X,222,K,10,C,3,Y,222,K,5,C,3,K,2,S,3,R,5,X,158,Y,1,"L1:[sp=K,163] R=5,S=6,X=222,K=10,C=3,Y=222 || L2:[sp=K,5] C=3,K=2,S=3,R=5,X=158,Y=1",-inf,-inf,0,K|K,1
K,163,R,7,K,10,X,222,S,6,C,3,Y,222,K,5,C,2,Y,1,S,3,R,2,X,111,K,3,"L1:[sp=K,163] R=7,K=10,X=222,S=6,C=3,Y=222 || L2:[sp=K,5] C=2,Y=1,S=3,R=2,X=111,K=3",-inf,-inf,0,K|K,1
K,163,R,7,S,6,X,222,K,10,C,3,Y,222,K,5,C,3,K,2,S,3,R,6,X,1,Y,1,"L1:[sp=K,163] R=7,S=6,X=222,K=10,C=3,Y=222 || L2:[sp=K,5] C=3,K=2,S=3,R=6,X=1,Y=1",-2271.0,-163323000.0,1,K|K,1
K,163,R,7,K,10,X,222,S,6,C,2,Y,222,K,5,C,2,Y,1,S,3,R,2,X,1,K,3,"L1:[sp=K,163] R=7,K=10,X=222,S=6,C=2,Y=222 || L2:[sp=K,5] C=2,Y=1,S=3,R=2,X=1,K=3",-761.0,-163323000.0,1,K|K,1
K,163,R,7,S,6,X,222,K,10,C,3,Y,222,K,5,C,1,K,4,S,2,R,2,X,1,Y,1,"L1:[sp=K,163] R=7,S=6,X=222,K=10,C=3,Y=222 || L2:[sp=K,5] C=1,K=4,S=2,R=2,X=1,Y=1",-675.0,-163323000.0,1,K|K,1
K,163,R,7,S,6,X,222,K,10,C,3,Y,222,K,5,C,1,S,3,R,1,X,1,K,2,Y,1,"L1:[sp=K,163] R=7,S=6,X=222,K=10,C=3,Y=222 || L2:[sp=K,5] C=1,S=3,R=1,X=1,K=2,Y=1",-759.0,-163323000.0,1,K|K,1
K,163,R,7,S,6,X,222,K,10,C,3,Y,222,K,5,C,1,K,2,S,2,R,2,X,1,Y,1,"L1:[sp=K,163] R=7,S=6,X=222,K=10,C=3,Y=222 || L2:[sp=K,5] C=1,K=2,S=2,R=2,X=1,Y=1",-339.0,-163323000.0,1,K|K,1
K,163,R,7,S,6,X,222,K,10,C,3,Y,222,K,2,C,1,K,2,S,2,R,4,X,1,Y,1,"L1:[sp=K,163] R=7,S=6,X=222,K=10,C=3,Y=222 || L2:[sp=K,2] C=1,K=2,S=2,R=4,X=1,Y=1",-2019.0,-163323000.0,1,K|K,1
K,163,R,7,S,6,X,222,K,10,C,3,Y,222,K,5,C,1,K,2,S,2,R,2,X,1,Y,1,"L1:[sp=K,163] R=7,S=6,X=222,K=10,C=3,Y=222 || L2:[sp=K,5] C=1,K=2,S=2,R=2,X=1,Y=1",-339.0,-163323000.0,1,K|K,1
C,163,R,7,S,6,X,222,C,3,K,10,Y,222,K,5,C,1,K,4,S,1,R,1,X,1,Y,1,"L1:[sp=C,163] R=7,S=6,X=222,C=3,K=10,Y=222 || L2:[sp=K,5] C=1,K=4,S=1,R=1,X=1,Y=1",-16479.0,-163323000.0,1,C|K,1
K,163,R,7,S,6,X,222,K,10,C,3,Y,222,K,5,C,1,S,2,R,2,X,149,K,2,Y,1,"L1:[sp=K,163] R=7,S=6,X=222,K=10,C=3,Y=222 || L2:[sp=K,5] C=1,S=2,R=2,X=149,K=2,Y=1",-inf,-inf,0,K|K,1
K,163,R,7,S,6,X,222,K,10,C,3,Y,222,Y,56,X,15,K,2,S,2,R,5,C,1,Y,31,"L1:[sp=K,163] R=7,S=6,X=222,K=10,C=3,Y=222 || L2:[sp=Y,56] X=15,K=2,S=2,R=5,C=1,Y=31",-inf,-inf,0,K|Y,1
K,163,R,7,S,7,X,222,K,10,C,1,Y,222,K,1,C,1,K,6,R,2,S,2,X,1,Y,1,"L1:[sp=K,163] R=7,S=7,X=222,K=10,C=1,Y=222 || L2:[sp=K,1] C=1,K=6,R=2,S=2,X=1,Y=1",-1474.0,-163323000.0,1,K|K,1
K,163,R,7,S,6,X,222,K,10,C,3,Y,170,K,5,C,1,K,2,S,2,R,2,X,202,Y,31,"L1:[sp=K,163] R=7,S=6,X=222,K=10,C=3,Y=170 || L2:[sp=K,5] C=1,K=2,S=2,R=2,X=202,Y=31",-inf,-inf,0,K|K,1
K,163,R,7,C,3,S,6,K,10,X,222,Y,222,K,5,C,1,S,4,R,2,X,1,K,2,Y,1,"L1:[sp=K,163] R=7,C=3,S=6,K=10,X=222,Y=222 || L2:[sp=K,5] C=1,S=4,R=2,X=1,K=2,Y=1",-1011.0,-163323000.0,1,K|K,1
K,163,R,7,K,10,X,222,S,6,C,2,Y,141,X,24,C,2,Y,1,S,3,R,2,X,1,K,3,"L1:[sp=K,163] R=7,K=10,X=222,S=6,C=2,Y=141 || L2:[sp=X,24] C=2,Y=1,S=3,R=2,X=1,K=3",-574569.0,-163323000.0,1,K|X,1
K,163,R,7,K,10,S,6,X,119,C,3,Y,222,K,5,C,1,S,3,R,1,X,1,K,2,Y,1,"L1:[sp=K,163] R=7,K=10,S=6,X=119,C=3,Y=222 || L2:[sp=K,5] C=1,S=3,R=1,X=1,K=2,Y=1",-inf,-inf,0,K|K,1
Y,163,R,7,S,6,X,222,K,10,C,3,Y,222,K,14,C,1,S,2,R,2,X,1,K,2,Y,1,"L1:[sp=Y,163] R=7,S=6,X=222,K=10,C=3,Y=222 || L2:[sp=K,14] C=1,S=2,R=2,X=1,K=2,Y=1",-inf,-inf,0,Y|K,1
K,163,R,7,S,6,X,222,K,10,C,3,Y,105,K,5,C,1,K,2,S,3,R,1,X,1,Y,1,"L1:[sp=K,163] R=7,S=6,X=222,K=10,C=3,Y=105 || L2:[sp=K,5] C=1,K=2,S=3,R=1,X=1,Y=1",-89215.0,-163323000.0,1,K|K,1
K,163,R,4,S,6,X,222,K,10,C,3,Y,222,K,5,C,1,K,1,S,2,R,2,X,1,Y,1,"L1:[sp=K,163] R=4,S=6,X=222,K=10,C=3,Y=222 || L2:[sp=K,5] C=1,K=1,S=2,R=2,X=1,Y=1",-389.0,-163323000.0,1,K|K,1
K,163,R,2,S,6,C,3,K,10,X,222,Y,222,X,6,C,1,S,4,R,2,X,1,K,2,Y,1,"L1:[sp=K,163] R=2,S=6,C=3,K=10,X=222,Y=222 || L2:[sp=X,6] C=1,S=4,R=2,X=1,K=2,Y=1",-428177.0,-163323000.0,1,K|X,1
K,163,R,7,S,6,X,222,K,10,C,3,Y,222,K,5,C,1,K,2,S,3,R,1,X,137,Y,1,"L1:[sp=K,163] R=7,S=6,X=222,K=10,C=3,Y=222 || L2:[sp=K,5] C=1,K=2,S=3,R=1,X=137,Y=1",-inf,-inf,0,K|K,1
K,163,R,7,X,222,S,6,K,10,C,2,Y,222,K,5,C,1,S,2,R,4,X,1,K,2,Y,31,"L1:[sp=K,163] R=7,X=222,S=6,K=10,C=2,Y=222 || L2:[sp=K,5] C=1,S=2,R=4,X=1,K=2,Y=31",-1685.0,-163323000.0,1,K|K,1
K,163,R,7,S,6,X,222,K,10,C,2,Y,222,K,5,C,1,S,3,R,1,X,94,K,2,Y,1,"L1:[sp=K,163] R=7,S=6,X=222,K=10,C=2,Y=222 || L2:[sp=K,5] C=1,S=3,R=1,X=94,K=2,Y=1",-inf,-inf,0,K|K,1
K,163,R,7,X,222,S,6,K,21,C,3,Y,63,K,5,C,1,Y,1,R,1,X,1,K,2,S,3,"L1:[sp=K,163] R=7,X=222,S=6,K=21,C=3,Y=63 || L2:[sp=K,5] C=1,Y=1,R=1,X=1,K=2,S=3",-228699.0,-163323000.0,1,K|K,1
K,163,R,7,X,222,S,6,K,10,C,2,Y,222,K,5,C,1,S,3,R,1,X,73,K,2,Y,1,"L1:[sp=K,163] R=7,X=222,S=6,K=10,C=2,Y=222 || L2:[sp=K,5] C=1,S=3,R=1,X=73,K=2,Y=1",-2273.0,-163324000.0,1,K|K,1
K,163,R,7,X,222,S,6,K,10,C,3,Y,222,K,5,C,1,S,3,R,1,X,1,K,7,Y,1,"L1:[sp=K,163] R=7,X=222,S=6,K=10,C=3,Y=222 || L2:[sp=K,5] C=1,S=3,R=1,X=1,K=7,Y=1",-2649.0,-163323000.0,1,K|K,1
K,163,R,7,S,6,C,3,K,10,X,222,Y,222,K,5,C,1,S,2,R,2,X,1,K,2,Y,1,"L1:[sp=K,163] R=7,S=6,C=3,K=10,X=222,Y=222 || L2:[sp=K,5] C=1,S=2,R=2,X=1,K=2,Y=1",-339.0,-163323000.0,1,K|K,1
K,163,R,7,S,6,X,222,K,10,C,3,Y,222,C,1,K,2,C,1,S,4,R,1,X,1,Y,1,"L1:[sp=K,163] R=7,S=6,X=222,K=10,C=3,Y=222 || L2:[sp=C,1] K=2,C=1,S=4,R=1,X=1,Y=1",-10083.0,-163323000.0,1,K|C,1
K,163,R,7,S,6,X,222,K,10,C,3,Y,222,K,5,C,1,K,2,S,2,R,2,X,1,Y,1,"L1:[sp=K,163] R=7,S=6,X=222,K=10,C=3,Y=222 || L2:[sp=K,5] C=1,K=2,S=2,R=2,X=1,Y=1",-339.0,-163323000.0,1,K|K,1
K,163,R,7,S,6,X,222,K,10,C,1,Y,222,K,1,C,1,K,6,R,2,S,2,X,1,Y,1,"L1:[sp=K,163] R=7,S=6,X=222,K=10,C=1,Y=222 || L2:[sp=K,1] C=1,K=6,R=2,S=2,X=1,Y=1",-1687.0,-163323000.0,1,K|K,1
K,163,R,7,X,174,S,7,K,10,C,2,Y,222,K,5,C,1,S,2,R,4,X,1,K,2,Y,31,"L1:[sp=K,163] R=7,X=174,S=7,K=10,C=2,Y=222 || L2:[sp=K,5] C=1,S=2,R=4,X=1,K=2,Y=31",-inf,-inf,0,K|K,1
K,163,R,7,C,3,S,6,K,10,X,222,Y,222,K,5,C,1,S,4,R,2,X,1,K,2,Y,1,"L1:[sp=K,163] R=7,C=3,S=6,K=10,X=222,Y=222 || L2:[sp=K,5] C=1,S=4,R=2,X=1,K=2,Y=1",-1011.0,-163323000.0,1,K|K,1
K,163,R,7,X,222,S,6,K,10,C,3,Y,222,K,2,C,1,S,3,R,1,X,1,K,10,Y,1,"L1:[sp=K,163] R=7,X=222,S=6,K=10,C=3,Y=222 || L2:[sp=K,2] C=1,S=3,R=1,X=1,K=10,Y=1",-3783.0,-163323000.0,1,K|K,1
K,163,R,7,X,222,S,6,K,10,C,2,Y,147,K,5,C,1,S,3,R,1,X,73,K,2,Y,1,"L1:[sp=K,163] R=7,X=222,S=6,K=10,C=2,Y=147 || L2:[sp=K,5] C=1,S=3,R=1,X=73,K=2,Y=1",-260829.0,-163324000.0,1,K|K,1
K,163,R,7,X,222,S,6,K,10,C,2,Y,222,K,5,C,1,S,2,R,4,X,1,K,2,Y,31,"L1:[sp=K,163] R=7,X=222,S=6,K=10,C=2,Y=222 || L2:[sp=K,5] C=1,S=2,R=4,X=1,K=2,Y=31",-1685.0,-163323000.0,1,K|K,1
K,163,R,7,C,3,S,2,K,10,X,62,Y,222,K,5,C,1,S,2,R,1,X,1,K,2,Y,1,"L1:[sp=K,163] R=7,C=3,S=2,K=10,X=62,Y=222 || L2:[sp=K,5] C=1,S=2,R=1,X=1,K=2,Y=1",-inf,-inf,0,K|K,1
K,163,R,7,X,222,S,6,K,10,C,3,Y,222,K,5,C,3,S,1,R,2,X,1,K,7,Y,1,"L1:[sp=K,163] R=7,X=222,S=6,K=10,C=3,Y=222 || L2:[sp=K,5] C=3,S=1,R=2,X=1,K=7,Y=1",-2061.0,-163323000.0,1,K|K,1
K,163,R,7,X,222,S,6,K,10,C,2,Y,222,K,5,C,1,S,4,R,1,X,92,K,2,Y,1,"L1:[sp=K,163] R=7,X=222,S=6,K=10,C=2,Y=222 || L2:[sp=K,5] C=1,S=4,R=1,X=92,K=2,Y=1",-inf,-inf,0,K|K,1
K,163,R,7,S,7,X,222,K,10,C,1,Y,222,K,1,K,6,C,1,R,2,S,2,X,1,Y,1,"L1:[sp=K,163] R=7,S=7,X=222,K=10,C=1,Y=222 || L2:[sp=K,1] K=6,C=1,R=2,S=2,X=1,Y=1",-1474.0,-163323000.0,1,K|K,1
K,163,R,6,S,7,C,3,K,10,Y,222,X,222,K,5,C,1,S,2,R,2,X,1,K,2,Y,1,"L1:[sp=K,163] R=6,S=7,C=3,K=10,Y=222,X=222 || L2:[sp=K,5] C=1,S=2,R=2,X=1,K=2,Y=1",-339.0,-163323000.0,1,K|K,1
K,163,R,7,S,6,X,222,K,10,C,1,Y,222,K,1,C,1,K,6,R,2,S,2,X,1,Y,1,"L1:[sp=K,163] R=7,S=6,X=222,K=10,C=1,Y=222 || L2:[sp=K,1] C=1,K=6,R=2,S=2,X=1,Y=1",-1687.0,-163323000.0,1,K|K,1
K,163,R,3,X,222,S,6,K,10,C,3,Y,222,K,5,C,1,S,4,R,2,X,1,K,7,Y,1,"L1:[sp=K,163] R=3,X=222,S=6,K=10,C=3,Y=222 || L2:[sp=K,5] C=1,S=4,R=2,X=1,K=7,Y=1",-786751.0,-163324000.0,1,K|K,1
K,163,R,7,Y,222,S,6,K,10,X,222,C,3,K,5,C,1,S,3,R,1,X,1,K,2,Y,1,"L1:[sp=K,163] R=7,Y=222,S=6,K=10,X=222,C=3 || L2:[sp=K,5] C=1,S=3,R=1,X=1,K=2,Y=1",-759.0,-163323000.0,1,K|K,1
K,163,R,7,C,3,S,7,K,10,X,222,Y,222,K,5,C,1,S,2,R,2,X,1,K,2,Y,25,"L1:[sp=K,163] R=7,C=3,S=7,K=10,X=222,Y=222 || L2:[sp=K,5] C=1,S=2,R=2,X=1,K=2,Y=25",-7058.0,-163323000.0,1,K|K,1
K,163,R,7,S,6,X,222,K,10,C,2,Y,222,K,1,C,1,X,1,R,2,S,4,K,6,Y,1,"L1:[sp=K,163] R=7,S=6,X=222,K=10,C=2,Y=222 || L2:[sp=K,1] C=1,X=1,R=2,S=4,K=6,Y=1",-5045.0,-163323000.0,1,K|K,1
K,163,R,7,S,6,X,222,K,10,C,1,Y,222,K,1,C,1,K,9,R,2,S,2,X,1,Y,1,"L1:[sp=K,163] R=7,S=6,X=222,K=10,C=1,Y=222 || L2:[sp=K,1] C=1,K=9,R=2,S=2,X=1,Y=1",-1687.0,-163323000.0,1,K|K,1
K,163,R,7,S,7,X,222,K,10,C,3,Y,222,C,3,C,1,K,2,S,2,R,2,X,1,Y,1,"L1:[sp=K,163] R=7,S=7,X=222,K=10,C=3,Y=222 || L2:[sp=C,3] C=1,K=2,S=2,R=2,X=1,Y=1",-492.0,-163323000.0,1,K|C,1
K,163,R,7,S,6,X,222,K,10,C,3,Y,213,K,5,C,1,K,1,S,3,R,1,X,73,Y,1,"L1:[sp=K,163] R=7,S=6,X=222,K=10,C=3,Y=213 || L2:[sp=K,5] C=1,K=1,S=3,R=1,X=73,Y=1",-260825.0,-163324000.0,1,K|K,1
Y,163,R,4,X,222,Y,222,K,10,C,2,S,6,K,5,C,1,S,2,R,2,X,1,K,2,Y,1,"L1:[sp=Y,163] R=4,X=222,Y=222,K=10,C=2,S=6 || L2:[sp=K,5] C=1,S=2,R=2,X=1,K=2,Y=1",-2745.0,-163323000.0,1,Y|K,1
K,163,R,7,S,6,X,222,K,10,C,3,Y,222,K,5,C,1,K,2,S,2,R,2,X,1,Y,1,"L1:[sp=K,163] R=7,S=6,X=222,K=10,C=3,Y=222 || L2:[sp=K,5] C=1,K=2,S=2,R=2,X=1,Y=1",-339.0,-163323000.0,1,K|K,1
C,163,R,7,C,3,S,6,K,10,X,222,Y,222,K,5,C,1,S,4,R,2,X,1,K,2,Y,1,"L1:[sp=C,163] R=7,C=3,S=6,K=10,X=222,Y=222 || L2:[sp=K,5] C=1,S=4,R=2,X=1,K=2,Y=1",-7071.0,-163323000.0,1,C|K,1
K,163,R,7,S,7,X,222,K,10,C,1,Y,222,K,1,K,6,C,1,R,2,S,2,X,1,Y,1,"L1:[sp=K,163] R=7,S=7,X=222,K=10,C=1,Y=222 || L2:[sp=K,1] K=6,C=1,R=2,S=2,X=1,Y=1",-1474.0,-163323000.0,1,K|K,1
K,163,R,7,S,6,C,3,K,10,Y,46,X,222,K,5,C,1,S,3,R,1,X,1,K,1,Y,1,"L1:[sp=K,163] R=7,S=6,C=3,K=10,Y=46,X=222 || L2:[sp=K,5] C=1,S=3,R=1,X=1,K=1,Y=1",-93755.0,-163323000.0,1,K|K,1
K,163,R,6,X,5,S,7,K,10,Y,222,C,3,K,5,C,1,S,3,R,2,X,1,K,2,Y,1,"L1:[sp=K,163] R=6,X=5,S=7,K=10,Y=222,C=3 || L2:[sp=K,5] C=1,S=3,R=2,X=1,K=2,Y=1",-132473.0,-163323000.0,1,K|K,1
K,163,R,7,S,7,X,222,K,63,C,3,Y,63,C,3,C,1,K,2,S,2,R,2,X,1,Y,1,"L1:[sp=K,163] R=7,S=7,X=222,K=63,C=3,Y=63 || L2:[sp=C,3] C=1,K=2,S=2,R=2,X=1,Y=1",-inf,-inf,0,K|C,1
K,163,R,6,S,6,X,222,K,10,C,2,Y,222,K,1,C,1,K,6,R,2,S,2,X,1,Y,1,"L1:[sp=K,163] R=6,S=6,X=222,K=10,C=2,Y=222 || L2:[sp=K,1] C=1,K=6,R=2,S=2,X=1,Y=1",-1929.0,-163323000.0,1,K|K,1
K,163,R,7,S,6,C,3,K,10,Y,222,X,222,K,5,C,1,S,3,R,1,X,1,K,2,Y,1,"L1:[sp=K,163] R=7,S=6,C=3,K=10,Y=222,X=222 || L2:[sp=K,5] C=1,S=3,R=1,X=1,K=2,Y=1",-759.0,-163323000.0,1,K|K,1
K,163,R,6,Y,44,S,7,K,10,X,222,C,3,K,5,C,1,S,2,R,2,X,1,K,2,Y,1,"L1:[sp=K,163] R=6,Y=44,S=7,K=10,X=222,C=3 || L2:[sp=K,5] C=1,S=2,R=2,X=1,K=2,Y=1",-inf,-inf,0,K|K,1
K,163,R,7,Y,222,S,6,K,10,X,222,C,3,K,5,C,2,S,3,R,1,X,90,K,2,Y,1,"L1:[sp=K,163] R=7,Y=222,S=6,K=10,X=222,C=3 || L2:[sp=K,5] C=2,S=3,R=1,X=90,K=2,Y=1",-inf,-inf,0,K|K,1
K,163,R,6,S,7,C,2,K,10,Y,222,X,222,K,5,Y,1,S,2,R,2,X,1,K,2,C,1,"L1:[sp=K,163] R=6,S=7,C=2,K=10,Y=222,X=222 || L2:[sp=K,5] Y=1,S=2,R=2,X=1,K=2,C=1",-341.0,-163323000.0,1,K|K,1
Y,163,R,7,C,3,Y,222,K,10,X,222,S,6,K,5,C,1,S,2,R,2,X,1,K,2,Y,1,"L1:[sp=Y,163] R=7,C=3,Y=222,K=10,X=222,S=6 || L2:[sp=K,5] C=1,S=2,R=2,X=1,K=2,Y=1",-2367.0,-163323000.0,1,Y|K,1
K,163,R,7,X,222,S,6,K,10,C,2,Y,222,K,5,C,1,S,4,R,4,X,1,K,2,Y,31,"L1:[sp=K,163] R=7,X=222,S=6,K=10,C=2,Y=222 || L2:[sp=K,5] C=1,S=4,R=4,X=1,K=2,Y=31",-inf,-inf,0,K|K,1
K,163,R,7,S,6,C,2,K,19,Y,222,X,222,K,5,S,2,C,1,R,4,X,1,K,2,Y,31,"L1:[sp=K,163] R=7,S=6,C=2,K=19,Y=222,X=222 || L2:[sp=K,5] S=2,C=1,R=4,X=1,K=2,Y=31",-3365.0,-163323000.0,1,K|K,1
K,163,R,2,X,222,S,7,K,10,C,3,Y,222,K,5,C,1,S,3,R,2,X,1,K,2,Y,1,"L1:[sp=K,163] R=2,X=222,S=7,K=10,C=3,Y=222 || L2:[sp=K,5] C=1,S=3,R=2,X=1,K=2,Y=1",-inf,-inf,0,K|K,1
K,163,R,7,S,7,X,222,K,10,C,1,Y,212,K,1,K,6,C,1,R,2,S,2,X,1,Y,1,"L1:[sp=K,163] R=7,S=7,X=222,K=10,C=1,Y=212 || L2:[sp=K,1] K=6,C=1,R=2,S=2,X=1,Y=1",-inf,-inf,0,K|K,1
K,163,R,7,S,7,C,3,K,10,Y,222,X,222,K,5,C,1,S,2,R,2,X,1,K,2,Y,1,"L1:[sp=K,163] R=7,S=7,C=3,K=10,Y=222,X=222 || L2:[sp=K,5] C=1,S=2,R=2,X=1,K=2,Y=1",-296.0,-163323000.0,1,K|K,1
K,163,R,7,S,6,X,222,K,10,C,1,Y,195,K,1,C,1,K,6,R,2,S,2,X,1,Y,1,"L1:[sp=K,163] R=7,S=6,X=222,K=10,C=1,Y=195 || L2:[sp=K,1] C=1,K=6,R=2,S=2,X=1,Y=1",-383053.0,-163323000.0,1,K|K,1
K,163,R,7,S,7,X,137,K,53,C,1,Y,222,K,1,K,6,C,1,R,2,S,2,X,1,Y,1,"L1:[sp=K,163] R=7,S=7,X=137,K=53,C=1,Y=222 || L2:[sp=K,1] K=6,C=1,R=2,S=2,X=1,Y=1",-inf,-inf,0,K|K,1
K,163,K,10,S,6,X,222,C,3,R,1,Y,222,K,5,C,1,K,2,S,4,R,1,X,1,Y,1,"L1:[sp=K,163] K=10,S=6,X=222,C=3,R=1,Y=222 || L2:[sp=K,5] C=1,K=2,S=4,R=1,X=1,Y=1",-225821.0,-163323000.0,1,K|K,1
K,163,R,7,C,3,S,5,K,10,X,222,Y,222,K,5,C,1,S,2,R,5,K,2,X,1,Y,1,"L1:[sp=K,163] R=7,C=3,S=5,K=10,X=222,Y=222 || L2:[sp=K,5] C=1,S=2,R=5,K=2,X=1,Y=1",-1179.0,-163323000.0,1,K|K,1
K,163,R,7,S,7,C,3,K,10,Y,222,X,222,K,5,C,1,S,2,R,2,X,1,K,2,Y,1,"L1:[sp=K,163] R=7,S=7,C=3,K=10,Y=222,X=222 || L2:[sp=K,5] C=1,S=2,R=2,X=1,K=2,Y=1",-296.0,-163323000.0,1,K|K,1
X,163,R,7,C,3,Y,222,K,10,X,222,S,6,K,5,C,3,S,2,R,2,X,1,K,2,Y,1,"L1:[sp=X,163] R=7,C=3,Y=222,K=10,X=222,S=6 || L2:[sp=K,5] C=3,S=2,R=2,X=1,K=2,Y=1",-2367.0,-163323000.0,1,X|K,1
K,163,R,6,S,6,X,222,K,10,C,2,Y,222,K,1,C,1,K,6,R,2,S,2,X,1,Y,15,"L1:[sp=K,163] R=6,S=6,X=222,K=10,C=2,Y=222 || L2:[sp=K,1] C=1,K=6,R=2,S=2,X=1,Y=15",-24969.0,-163324000.0,1,K|K,1
K,163,R,7,S,7,C,3,K,10,Y,222,X,222,K,5,C,1,S,2,R,1,X,1,K,2,Y,1,"L1:[sp=K,163] R=7,S=7,C=3,K=10,Y=222,X=222 || L2:[sp=K,5] C=1,S=2,R=1,X=1,K=2,Y=1",-590.0,-163323000.0,1,K|K,1
Y,163,R,7,C,3,Y,222,K,10,X,196,S,6,K,5,C,1,S,3,R,2,X,1,K,1,Y,1,"L1:[sp=Y,163] R=7,C=3,Y=222,K=10,X=196,S=6 || L2:[sp=K,5] C=1,S=3,R=2,X=1,K=1,Y=1",-inf,-inf,0,Y|K,1
K,163,R,7,S,6,X,123,K,10,C,3,Y,222,K,1,K,6,C,1,R,2,S,3,X,1,Y,1,"L1:[sp=K,163] R=7,S=6,X=123,K=10,C=3,Y=222 || L2:[sp=K,1] K=6,C=1,R=2,S=3,X=1,Y=1",-inf,-inf,0,K|K,1
K,163,R,1,S,7,X,222,K,10,C,1,Y,222,K,5,C,1,K,2,S,2,X,118,R,1,Y,1,"L1:[sp=K,163] R=1,S=7,X=222,K=10,C=1,Y=222 || L2:[sp=K,5] C=1,K=2,S=2,X=118,R=1,Y=1",-inf,-inf,0,K|K,1
K,163,R,7,S,6,X,19,K,10,C,2,Y,222,K,1,C,1,K,6,R,2,S,2,X,1,Y,1,"L1:[sp=K,163] R=7,S=6,X=19,K=10,C=2,Y=222 || L2:[sp=K,1] C=1,K=6,R=2,S=2,X=1,Y=1",-448609.0,-163323000.0,1,K|K,1
K,163,R,6,S,6,X,222,K,10,C,3,Y,222,K,5,C,1,K,2,S,2,R,2,X,1,Y,1,"L1:[sp=K,163] R=6,S=6,X=222,K=10,C=3,Y=222 || L2:[sp=K,5] C=1,K=2,S=2,R=2,X=1,Y=1",-389.0,-163323000.0,1,K|K,1
K,163,R,6,S,6,X,222,K,10,C,2,Y,222,K,1,C,1,K,6,R,2,S,2,X,1,Y,208,"L1:[sp=K,163] R=6,S=6,X=222,K=10,C=2,Y=222 || L2:[sp=K,1] C=1,K=6,R=2,S=2,X=1,Y=208",-inf,-inf,0,K|K,1
K,163,R,6,S,7,C,2,K,10,Y,222,X,222,K,5,Y,1,S,2,R,6,X,1,K,2,C,1,"L1:[sp=K,163] R=6,S=7,C=2,K=10,Y=222,X=222 || L2:[sp=K,5] Y=1,S=2,R=6,X=1,K=2,C=1",-509.0,-163323000.0,1,K|K,1
K,163,R,7,C,3,S,7,K,46,X,222,Y,222,K,5,C,1,S,2,K,2,R,2,X,1,Y,1,"L1:[sp=K,163] R=7,C=3,S=7,K=46,X=222,Y=222 || L2:[sp=K,5] C=1,S=2,K=2,R=2,X=1,Y=1",-1472.0,-163323000.0,1,K|K,1
Y,163,R,7,C,3,Y,222,K,10,X,222,S,5,K,5,C,1,S,2,R,5,X,1,K,2,Y,1,"L1:[sp=Y,163] R=7,C=3,Y=222,K=10,X=222,S=5 || L2:[sp=K,5] C=1,S=2,R=5,X=1,K=2,Y=1",-8247.0,-163323000.0,1,Y|K,1
X,163,R,6,S,2,X,222,K,10,C,2,Y,222,K,1,C,2,K,6,R,2,S,2,X,1,Y,1,"L1:[sp=X,163] R=6,S=2,X=222,K=10,C=2,Y=222 || L2:[sp=K,1] C=2,K=6,R=2,S=2,X=1,Y=1",-3637361.0,-163323000.0,1,X|K,1
K,163,R,7,S,7,C,3,K,10,Y,222,X,222,K,5,C,1,S,2,R,2,X,1,K,2,Y,1,"L1:[sp=K,163] R=7,S=7,C=3,K=10,Y=222,X=222 || L2:[sp=K,5] C=1,S=2,R=2,X=1,K=2,Y=1",-296.0,-163323000.0,1,K|K,1
K,163,R,7,S,7,C,3,K,10,Y,222,X,222,K,5,C,1,S,2,R,2,X,1,K,2,Y,1,"L1:[sp=K,163] R=7,S=7,C=3,K=10,Y=222,X=222 || L2:[sp=K,5] C=1,S=2,R=2,X=1,K=2,Y=1",-296.0,-163323000.0,1,K|K,1
K,163,R,6,S,7,C,2,K,10,Y,11,X,222,K,5,Y,11,S,2,R,2,X,1,K,2,C,1,"L1:[sp=K,163] R=6,S=7,C=2,K=10,Y=11,X=222 || L2:[sp=K,5] Y=11,S=2,R=2,X=1,K=2,C=1",-100881.0,-163323000.0,1,K|K,1
K,163,R,7,S,7,C,1,K,10,Y,222,X,222,K,5,C,1,Y,1,R,2,X,171,K,2,S,2,"L1:[sp=K,163] R=7,S=7,C=1,K=10,Y=222,X=222 || L2:[sp=K,5] C=1,Y=1,R=2,X=171,K=2,S=2",-inf,-inf,0,K|K,1
K,163,R,7,S,2,X,222,K,10,C,1,Y,222,K,1,K,7,R,2,C,1,S,2,X,1,Y,1,"L1:[sp=K,163] R=7,S=2,X=222,K=10,C=1,Y=222 || L2:[sp=K,1] K=7,R=2,C=1,S=2,X=1,Y=1",-inf,-inf,0,K|K,1
K,163,R,7,S,7,C,3,K,10,Y,222,X,222,K,5,Y,1,S,2,R,2,X,1,K,2,C,1,"L1:[sp=K,163] R=7,S=7,C=3,K=10,Y=222,X=222 || L2:[sp=K,5] Y=1,S=2,R=2,X=1,K=2,C=1",-296.0,-163323000.0,1,K|K,1
K,163,R,6,S,6,C,2,K,10,Y,222,X,222,K,5,C,1,S,2,R,2,X,1,K,2,Y,1,"L1:[sp=K,163] R=6,S=6,C=2,K=10,Y=222,X=222 || L2:[sp=K,5] C=1,S=2,R=2,X=1,K=2,Y=1",-393.0,-163323000.0,1,K|K,1
K,163,R,7,S,7,C,3,K,10,Y,222,X,222,K,5,C,1,S,2,R,2,X,1,K,2,Y,1,"L1:[sp=K,163] R=7,S=7,C=3,K=10,Y=222,X=222 || L2:[sp=K,5] C=1,S=2,R=2,X=1,K=2,Y=1",-296.0,-163323000.0,1,K|K,1
X,163,R,7,C,3,Y,222,K,10,X,222,S,7,K,5,C,3,S,2,R,1,X,1,K,2,Y,1,"L1:[sp=X,163] R=7,C=3,Y=222,K=10,X=222,S=7 || L2:[sp=K,5] C=3,S=2,R=1,X=1,K=2,Y=1",-4124.0,-163323000.0,1,X|K,1
Y,163,X,222,S,6,C,3,K,10,Y,222,R,7,K,7,C,1,S,2,R,2,X,1,K,2,Y,1,"L1:[sp=Y,163] X=222,S=6,C=3,K=10,Y=222,R=7 || L2:[sp=K,7] C=1,S=2,R=2,X=1,K=2,Y=1",-2367.0,-163323000.0,1,Y|K,1
K,163,R,7,S,1,C,3,K,10,Y,222,X,222,K,5,C,1,Y,1,R,1,X,1,K,2,S,1,"L1:[sp=K,163] R=7,S=1,C=3,K=10,Y=222,X=222 || L2:[sp=K,5] C=1,Y=1,R=1,X=1,K=2,S=1",-inf,-inf,0,K|K,1
K,163,R,6,S,7,C,3,K,10,Y,222,X,222,K,5,Y,1,S,2,R,6,X,1,K,2,C,1,"L1:[sp=K,163] R=6,S=7,C=3,K=10,Y=222,X=222 || L2:[sp=K,5] Y=1,S=2,R=6,X=1,K=2,C=1",-507.0,-163323000.0,1,K|K,1
K,163,R,6,S,6,C,2,K,10,Y,222,X,222,K,5,C,1,S,2,R,2,X,1,K,2,Y,1,"L1:[sp=K,163] R=6,S=6,C=2,K=10,Y=222,X=222 || L2:[sp=K,5] C=1,S=2,R=2,X=1,K=2,Y=1",-393.0,-163323000.0,1,K|K,1
K,163,R,7,S,7,C,3,K,10,Y,222,X,222,K,5,Y,1,S,2,R,2,X,1,K,2,C,1,"L1:[sp=K,163] R=7,S=7,C=3,K=10,Y=222,X=222 || L2:[sp=K,5] Y=1,S=2,R=2,X=1,K=2,C=1",-296.0,-163323000.0,1,K|K,1
K,163,R,7,C,3,Y,222,K,10,X,220,S,6,X,5,C,3,S,2,R,2,X,1,K,2,Y,1,"L1:[sp=K,163] R=7,C=3,Y=222,K=10,X=220,S=6 || L2:[sp=X,5] C=3,S=2,R=2,X=1,K=2,Y=1",-1683.0,-163323000.0,1,K|X,1
K,163,R,6,S,6,C,2,K,10,Y,222,X,222,C,2,C,1,S,2,R,1,X,33,K,2,Y,1,"L1:[sp=K,163] R=6,S=6,C=2,K=10,Y=222,X=222 || L2:[sp=C,2] C=1,S=2,R=1,X=33,K=2,Y=1",-56009.0,-163323000.0,1,K|C,1
K,163,R,7,C,3,S,4,K,46,X,222,Y,134,K,5,C,1,S,2,K,2,R,4,X,1,Y,1,"L1:[sp=K,163] R=7,C=3,S=4,K=46,X=222,Y=134 || L2:[sp=K,5] C=1,S=2,K=2,R=4,X=1,Y=1",-376325.0,-163323000.0,1,K|K,1
X,163,R,7,C,3,Y,222,K,10,X,48,S,6,K,5,C,3,S,4,R,2,X,1,K,3,Y,1,"L1:[sp=X,163] R=7,C=3,Y=222,K=10,X=48,S=6 || L2:[sp=K,5] C=3,S=4,R=2,X=1,K=3,Y=1",-inf,-inf,0,X|K,1
K,163,R,7,S,7,X,222,K,10,C,1,Y,222,K,5,C,1,K,2,S,3,X,1,R,2,Y,1,"L1:[sp=K,163] R=7,S=7,X=222,K=10,C=1,Y=222 || L2:[sp=K,5] C=1,K=2,S=3,X=1,R=2,Y=1",-inf,-inf,0,K|K,1
K,163,R,6,S,6,C,3,K,10,Y,222,X,222,K,5,Y,1,S,2,R,2,X,107,K,2,C,1,"L1:[sp=K,163] R=6,S=6,C=3,K=10,Y=222,X=222 || L2:[sp=K,5] Y=1,S=2,R=2,X=107,K=2,C=1",-inf,-inf,0,K|K,1
K,163,R,3,S,7,C,2,K,10,Y,222,X,222,C,2,Y,1,S,2,R,3,X,1,K,2,C,1,"L1:[sp=K,163] R=3,S=7,C=2,K=10,Y=222,X=222 || L2:[sp=C,2] Y=1,S=2,R=3,X=1,K=2,C=1",-inf,-inf,0,K|C,1
K,163,R,6,S,7,C,3,K,24,X,222,Y,222,K,5,C,1,S,2,R,2,X,1,K,2,Y,1,"L1:[sp=K,163] R=6,S=7,C=3,K=24,X=222,Y=222 || L2:[sp=K,5] C=1,S=2,R=2,X=1,K=2,Y=1",-1011.0,-163323000.0,1,K|K,1
K,163,R,6,S,1,C,2,K,10,Y,222,X,222,K,5,C,1,S,1,R,2,X,1,Y,1,K,2,"L1:[sp=K,163] R=6,S=1,C=2,K=10,Y=222,X=222 || L2:[sp=K,5] C=1,S=1,R=2,X=1,Y=1,K=2",-75321.0,-163323000.0,1,K|K,1
X,163,R,7,K,10,Y,91,C,3,X,222,S,6,C,1,C,3,S,2,R,1,X,1,Y,1,K,2,"L1:[sp=X,163] R=7,K=10,Y=91,C=3,X=222,S=6 || L2:[sp=C,1] C=3,S=2,R=1,X=1,Y=1,K=2",-2537515.0,-163323000.0,1,X|C,1
K,163,R,7,S,7,K,10,C,2,Y,222,X,222,K,5,Y,1,S,2,R,2,X,1,K,9,C,1,"L1:[sp=K,163] R=7,S=7,K=10,C=2,Y=222,X=222 || L2:[sp=K,5] Y=1,S=2,R=2,X=1,K=9,C=1",-1326.0,-163323000.0,1,K|K,1
K,163,Y,222,C,3,S,7,K,46,X,222,R,6,K,23,C,1,S,2,K,2,R,6,Y,1,X,1,"L1:[sp=K,163] Y=222,C=3,S=7,K=46,X=222,R=6 || L2:[sp=K,23] C=1,S=2,K=2,R=6,Y=1,X=1",-507.0,-163323000.0,1,K|K,1
K,163,R,7,C,3,S,7,K,46,X,210,Y,222,K,5,C,1,S,2,K,2,R,2,X,1,Y,1,"L1:[sp=K,163] R=7,C=3,S=7,K=46,X=210,Y=222 || L2:[sp=K,5] C=1,S=2,K=2,R=2,X=1,Y=1",-inf,-inf,0,K|K,1
K,163,R,7,S,7,C,3,K,10,Y,222,X,222,K,5,C,1,S,2,R,2,X,1,K,2,Y,1,"L1:[sp=K,163] R=7,S=7,C=3,K=10,Y=222,X=222 || L2:[sp=K,5] C=1,S=2,R=2,X=1,K=2,Y=1",-296.0,-163323000.0,1,K|K,1
K,163,R,7,S,6,C,3,K,10,Y,222,X,222,K,5,Y,1,S,2,R,2,X,1,K,2,C,3,"L1:[sp=K,163] R=7,S=6,C=3,K=10,Y=222,X=222 || L2:[sp=K,5] Y=1,S=2,R=2,X=1,K=2,C=3",-339.0,-163323000.0,1,K|K,1
K,163,R,7,C,2,Y,222,K,10,X,220,S,7,X,5,C,1,S,2,R,2,X,214,K,2,Y,1,"L1:[sp=K,163] R=7,C=2,Y=222,K=10,X=220,S=7 || L2:[sp=X,5] C=1,S=2,R=2,X=214,K=2,Y=1",-inf,-inf,0,K|X,1
K,163,R,7,S,7,C,3,K,10,Y,222,X,222,C,3,Y,1,S,2,R,2,X,188,K,2,C,1,"L1:[sp=K,163] R=7,S=7,C=3,K=10,Y=222,X=222 || L2:[sp=C,3] Y=1,S=2,R=2,X=188,K=2,C=1",-inf,-inf,0,K|C,1
K,163,R,6,S,6,C,2,K,10,Y,222,X,222,K,5,C,1,S,2,R,2,X,1,K,2,Y,1,"L1:[sp=K,163] R=6,S=6,C=2,K=10,Y=222,X=222 || L2:[sp=K,5] C=1,S=2,R=2,X=1,K=2,Y=1",-393.0,-163323000.0,1,K|K,1
K,163,R,7,S,3,C,1,K,10,Y,222,X,222,K,5,C,1,S,2,R,2,X,1,K,2,Y,1,"L1:[sp=K,163] R=7,S=3,C=1,K=10,Y=222,X=222 || L2:[sp=K,5] C=1,S=2,R=2,X=1,K=2,Y=1",-inf,-inf,0,K|K,1
K,163,C,3,R,7,Y,222,K,10,X,220,S,7,X,5,C,3,S,2,R,2,X,1,K,2,Y,1,"L1:[sp=K,163] C=3,R=7,Y=222,K=10,X=220,S=7 || L2:[sp=X,5] C=3,S=2,R=2,X=1,K=2,Y=1",-1472.0,-163323000.0,1,K|X,1
K,163,Y,222,C,2,S,6,K,46,X,222,R,6,K,2,S,2,C,2,K,2,R,2,Y,1,X,1,"L1:[sp=K,163] Y=222,C=2,S=6,K=46,X=222,R=6 || L2:[sp=K,2] S=2,C=2,K=2,R=2,Y=1,X=1",-6153.0,-163323000.0,1,K|K,1
K,163,R,6,S,5,C,3,K,10,Y,222,X,222,K,5,C,1,S,2,R,6,X,39,K,2,Y,1,"L1:[sp=K,163] R=6,S=5,C=3,K=10,Y=222,X=222 || L2:[sp=K,5] C=1,S=2,R=6,X=39,K=2,Y=1",-inf,-inf,0,K|K,1
K,163,R,5,S,7,C,3,K,10,Y,222,X,181,X,1,Y,1,S,2,R,5,C,1,K,2,X,1,"L1:[sp=K,163] R=5,S=7,C=3,K=10,Y=222,X=181 || L2:[sp=X,1] Y=1,S=2,R=5,C=1,K=2,X=1",-478805.0,-163323000.0,1,K|X,1
K,163,Y,222,C,3,S,7,K,46,X,222,R,6,K,23,C,1,S,2,K,2,R,6,Y,1,X,1,"L1:[sp=K,163] Y=222,C=3,S=7,K=46,X=222,R=6 || L2:[sp=K,23] C=1,S=2,K=2,R=6,Y=1,X=1",-507.0,-163323000.0,1,K|K,1
K,163,R,7,S,7,C,2,K,10,Y,36,X,222,K,5,C,2,S,2,R,2,X,1,K,7,Y,1,"L1:[sp=K,163] R=7,S=7,C=2,K=10,Y=36,X=222 || L2:[sp=K,5] C=2,S=2,R=2,X=1,K=7,Y=1",-inf,-inf,0,K|K,1
K,163,R,6,S,6,C,3,K,10,Y,222,X,171,K,5,C,1,S,4,R,2,X,1,K,2,Y,1,"L1:[sp=K,163] R=6,S=6,C=3,K=10,Y=222,X=171 || L2:[sp=K,5] C=1,S=4,R=2,X=1,K=2,Y=1",-85641.0,-163323000.0,1,K|K,1
K,163,Y,222,X,222,S,6,K,46,C,3,R,6,K,23,C,1,S,2,K,2,R,2,Y,1,X,1,"L1:[sp=K,163] Y=222,X=222,S=6,K=46,C=3,R=6 || L2:[sp=K,23] C=1,S=2,K=2,R=2,Y=1,X=1",-389.0,-163323000.0,1,K|K,1
K,163,R,6,S,1,C,2,K,10,Y,222,X,222,K,5,C,1,S,1,R,1,X,1,K,2,Y,175,"L1:[sp=K,163] R=6,S=1,C=2,K=10,Y=222,X=222 || L2:[sp=K,5] C=1,S=1,R=1,X=1,K=2,Y=175",-inf,-inf,0,K|K,1
K,163,R,7,S,7,C,3,K,10,Y,222,X,222,K,5,C,1,S,2,R,2,X,1,K,2,Y,1,"L1:[sp=K,163] R=7,S=7,C=3,K=10,Y=222,X=222 || L2:[sp=K,5] C=1,S=2,R=2,X=1,K=2,Y=1",-296.0,-163323000.0,1,K|K,1
K,163,R,7,C,3,S,7,K,10,Y,222,X,222,K,5,Y,1,S,1,R,2,X,1,K,1,C,1,"L1:[sp=K,163] R=7,C=3,S=7,K=10,Y=222,X=222 || L2:[sp=K,5] Y=1,S=1,R=2,X=1,K=1,C=1",-590.0,-163323000.0,1,K|K,1
K,163,R,7,S,7,C,3,K,1,Y,222,X,222,K,5,Y,1,S,2,R,2,X,1,K,1,C,1,"L1:[sp=K,163] R=7,S=7,C=3,K=1,Y=222,X=222 || L2:[sp=K,5] Y=1,S=2,R=2,X=1,K=1,C=1",-297.0,-163323000.0,1,K|K,1
K,163,Y,222,C,3,S,7,K,46,R,6,X,128,K,23,C,1,S,2,K,2,R,6,Y,1,X,1,"L1:[sp=K,163] Y=222,C=3,S=7,K=46,R=6,X=128 || L2:[sp=K,23] C=1,S=2,K=2,R=6,Y=1,X=1",-114917.0,-163323000.0,1,K|K,1
K,163,Y,222,C,3,S,6,X,222,K,46,R,6,K,23,C,2,S,2,K,2,R,6,Y,1,X,1,"L1:[sp=K,163] Y=222,C=3,S=6,X=222,K=46,R=6 || L2:[sp=K,23] C=2,S=2,K=2,R=6,Y=1,X=1",-581.0,-163323000.0,1,K|K,1
K,163,R,6,S,6,C,2,K,10,Y,222,X,222,K,5,C,2,S,2,R,2,X,1,K,2,Y,1,"L1:[sp=K,163] R=6,S=6,C=2,K=10,Y=222,X=222 || L2:[sp=K,5] C=2,S=2,R=2,X=1,K=2,Y=1",-521.0,-163323000.0,1,K|K,1
K,163,R,7,S,7,C,3,K,10,Y,222,X,222,K,5,C,1,S,2,R,2,X,1,K,2,Y,1,"L1:[sp=K,163] R=7,S=7,C=3,K=10,Y=222,X=222 || L2:[sp=K,5] C=1,S=2,R=2,X=1,K=2,Y=1",-296.0,-163323000.0,1,K|K,1
K,163,R,7,S,6,C,3,K,1,Y,222,X,222,K,5,Y,1,S,2,R,2,X,1,C,1,K,1,"L1:[sp=K,163] R=7,S=6,C=3,K=1,Y=222,X=222 || L2:[sp=K,5] Y=1,S=2,R=2,X=1,C=1,K=1",-341.0,-163323000.0,1,K|K,1
K,163,Y,222,S,7,C,3,K,10,R,7,X,222,K,5,Y,1,S,2,R,2,X,1,K,2,C,3,"L1:[sp=K,163] Y=222,S=7,C=3,K=10,R=7,X=222 || L2:[sp=K,5] Y=1,S=2,R=2,X=1,K=2,C=3",-296.0,-163323000.0,1,K|K,1
K,163,R,7,S,5,C,3,K,10,Y,220,X,222,K,5,C,1,S,2,R,2,X,208,K,2,Y,1,"L1:[sp=K,163] R=7,S=5,C=3,K=10,Y=220,X=222 || L2:[sp=K,5] C=1,S=2,R=2,X=208,K=2,Y=1",-inf,-inf,0,K|K,1
K,163,R,6,S,6,C,2,K,10,Y,222,X,222,X,21,C,2,S,2,R,2,X,1,K,1,Y,1,"L1:[sp=K,163] R=6,S=6,C=2,K=10,Y=222,X=222 || L2:[sp=X,21] C=2,S=2,R=2,X=1,K=1,Y=1",-2569.0,-163323000.0,1,K|X,1
K,163,Y,222,C,2,S,6,K,46,X,222,R,5,K,23,C,1,S,2,K,2,R,2,Y,1,X,134,"L1:[sp=K,163] Y=222,C=2,S=6,K=46,X=222,R=5 || L2:[sp=K,23] C=1,S=2,K=2,R=2,Y=1,X=134",-inf,-inf,0,K|K,1
K,163,R,6,S,7,C,3,K,10,Y,222,X,222,K,5,C,1,S,2,R,6,X,21,K,2,Y,160,"L1:[sp=K,163] R=6,S=7,C=3,K=10,Y=222,X=222 || L2:[sp=K,5] C=1,S=2,R=6,X=21,K=2,Y=160",-inf,-inf,0,K|K,1
K,163,Y,210,C,3,S,7,K,41,X,222,R,7,K,23,C,1,S,2,K,2,R,2,Y,1,X,1,"L1:[sp=K,163] Y=210,C=3,S=7,K=41,X=222,R=7 || L2:[sp=K,23] C=1,S=2,K=2,R=2,Y=1,X=1",-inf,-inf,0,K|K,1
K,163,R,6,S,7,C,3,K,10,Y,222,X,222,K,5,X,1,S,2,R,6,C,1,K,3,Y,1,"L1:[sp=K,163] R=6,S=7,C=3,K=10,Y=222,X=222 || L2:[sp=K,5] X=1,S=2,R=6,C=1,K=3,Y=1",-759.0,-163323000.0,1,K|K,1
K,163,R,6,S,6,C,2,K,36,Y,222,X,222,K,5,C,1,S,2,R,2,X,190,K,2,Y,1,"L1:[sp=K,163] R=6,S=6,C=2,K=36,Y=222,X=222 || L2:[sp=K,5] C=1,S=2,R=2,X=190,K=2,Y=1",-inf,-inf,0,K|K,1
K,163,R,7,S,7,C,3,K,1,Y,222,X,222,K,5,X,1,S,2,R,2,Y,1,K,1,C,1,"L1:[sp=K,163] R=7,S=7,C=3,K=1,Y=222,X=222 || L2:[sp=K,5] X=1,S=2,R=2,Y=1,K=1,C=1",-297.0,-163323000.0,1,K|K,1
K,163,Y,201,X,68,S,7,K,46,C,3,R,7,K,23,C,1,S,2,K,2,R,2,Y,1,X,1,"L1:[sp=K,163] Y=201,X=68,S=7,K=46,C=3,R=7 || L2:[sp=K,23] C=1,S=2,K=2,R=2,Y=1,X=1",-inf,-inf,0,K|K,1
K,163,R,3,S,6,C,3,K,1,Y,222,X,44,K,5,Y,1,S,2,R,2,X,1,K,1,C,1,"L1:[sp=K,163] R=3,S=6,C=3,K=1,Y=222,X=44 || L2:[sp=K,5] Y=1,S=2,R=2,X=1,K=1,C=1",-inf,-inf,0,K|K,1
K,163,R,7,S,7,C,3,K,10,Y,222,X,222,K,5,C,1,S,5,R,7,X,1,K,2,Y,1,"L1:[sp=K,163] R=7,S=7,C=3,K=10,Y=222,X=222 || L2:[sp=K,5] C=1,S=5,R=7,X=1,K=2,Y=1",-1178.0,-163323000.0,1,K|K,1
Y,163,Y,222,C,3,S,7,K,46,X,222,R,6,C,3,C,1,S,2,K,2,R,6,Y,1,X,1,"L1:[sp=Y,163] Y=222,C=3,S=7,K=46,X=222,R=6 || L2:[sp=C,3] C=1,S=2,K=2,R=6,Y=1,X=1",-5381.0,-163323000.0,1,Y|C,1
K,163,R,7,S,7,C,3,K,1,Y,210,X,222,K,5,Y,1,S,2,R,2,X,1,K,1,C,1,"L1:[sp=K,163] R=7,S=7,C=3,K=1,Y=210,X=222 || L2:[sp=K,5] Y=1,S=2,R=2,X=1,K=1,C=1",-inf,-inf,0,K|K,1
C,163,Y,222,C,3,S,6,X,222,K,46,R,6,K,3,C,2,S,2,K,2,R,6,Y,1,X,1,"L1:[sp=C,163] Y=222,C=3,S=6,X=222,K=46,R=6 || L2:[sp=K,3] C=2,S=2,K=2,R=6,Y=1,X=1",-6345.0,-163323000.0,1,C|K,1
K,163,X,222,S,7,C,2,K,10,Y,222,R,6,K,5,C,1,S,2,R,6,X,1,K,2,Y,1,"L1:[sp=K,163] X=222,S=7,C=2,K=10,Y=222,R=6 || L2:[sp=K,5] C=1,S=2,R=6,X=1,K=2,Y=1",-509.0,-163323000.0,1,K|K,1
K,163,Y,222,C,3,S,6,K,46,R,6,X,222,K,23,C,1,S,2,K,26,R,2,Y,1,X,1,"L1:[sp=K,163] Y=222,C=3,S=6,K=46,R=6,X=222 || L2:[sp=K,23] C=1,S=2,K=26,R=2,Y=1,X=1",-4997.0,-163323000.0,1,K|K,1
K,163,Y,222,C,3,S,6,X,222,K,20,R,6,K,23,C,2,S,2,K,2,R,6,Y,1,X,1,"L1:[sp=K,163] Y=222,C=3,S=6,X=222,K=20,R=6 || L2:[sp=K,23] C=2,S=2,K=2,R=6,Y=1,X=1",-581.0,-163323000.0,1,K|K,1
K,163,R,7,S,6,C,3,K,26,Y,222,X,222,K,5,C,3,S,1,R,2,X,1,K,2,Y,1,"L1:[sp=K,163] R=7,S=6,C=3,K=26,Y=222,X=222 || L2:[sp=K,5] C=3,S=1,R=2,X=1,K=2,Y=1",-1767.0,-163323000.0,1,K|K,1
K,163,R,7,S,7,C,3,K,10,Y,222,X,222,K,5,C,1,S,2,R,2,X,1,K,2,Y,1,"L1:[sp=K,163] R=7,S=7,C=3,K=10,Y=222,X=222 || L2:[sp=K,5] C=1,S=2,R=2,X=1,K=2,Y=1",-296.0,-163323000.0,1,K|K,1
K,163,R,7,S,6,C,3,K,1,Y,222,X,222,C,1,Y,1,S,2,R,2,X,198,C,1,K,1,"L1:[sp=K,163] R=7,S=6,C=3,K=1,Y=222,X=222 || L2:[sp=C,1] Y=1,S=2,R=2,X=198,C=1,K=1",-inf,-inf,0,K|C,1
K,163,Y,222,S,7,C,3,X,222,R,7,K,10,K,5,Y,1,S,2,R,2,X,1,K,2,C,3,"L1:[sp=K,163] Y=222,S=7,C=3,X=222,R=7,K=10 || L2:[sp=K,5] Y=1,S=2,R=2,X=1,K=2,C=3",-296.0,-163323000.0,1,K|K,1
K,163,Y,222,C,3,S,6,X,222,K,20,R,6,K,23,X,1,S,2,K,2,R,6,Y,73,C,2,"L1:[sp=K,163] Y=222,C=3,S=6,X=222,K=20,R=6 || L2:[sp=K,23] X=1,S=2,K=2,R=6,Y=73,C=2",-inf,-inf,0,K|K,1
K,163,Y,222,S,7,C,3,K,10,R,7,X,222,K,5,Y,1,S,2,R,2,X,1,K,2,C,3,"L1:[sp=K,163] Y=222,S=7,C=3,K=10,R=7,X=222 || L2:[sp=K,5] Y=1,S=2,R=2,X=1,K=2,C=3",-296.0,-163323000.0,1,K|K,1
K,163,R,7,S,7,C,3,K,10,Y,213,X,222,K,5,X,1,Y,1,R,7,C,1,K,3,S,5,"L1:[sp=K,163] R=7,S=7,C=3,K=10,Y=213,X=222 || L2:[sp=K,5] X=1,Y=1,R=7,C=1,K=3,S=5",-inf,-inf,0,K|K,1
K,163,R,6,S,7,C,1,K,10,Y,222,X,50,K,5,C,1,S,2,R,6,X,1,K,2,Y,1,"L1:[sp=K,163] R=6,S=7,C=1,K=10,Y=222,X=50 || L2:[sp=K,5] C=1,S=2,R=6,X=1,K=2,Y=1",-122503.0,-163323000.0,1,K|K,1
K,163,X,145,S,4,C,2,K,10,Y,222,R,6,K,5,C,1,S,2,R,6,X,1,K,2,Y,1,"L1:[sp=K,163] X=145,S=4,C=2,K=10,Y=222,R=6 || L2:[sp=K,5] C=1,S=2,R=6,X=1,K=2,Y=1",-129617.0,-163323000.0,1,K|K,1
K,163,R,6,S,7,C,3,K,10,Y,112,X,222,K,5,X,1,S,2,R,6,C,1,K,3,Y,1,"L1:[sp=K,163] R=6,S=7,C=3,K=10,Y=112,X=222 || L2:[sp=K,5] X=1,S=2,R=6,C=1,K=3,Y=1",-inf,-inf,0,K|K,1
K,163,R,7,S,1,C,3,K,27,Y,222,X,222,X,4,C,1,S,1,R,2,X,1,K,2,Y,1,"L1:[sp=K,163] R=7,S=1,C=3,K=27,Y=222,X=222 || L2:[sp=X,4] C=1,S=1,R=2,X=1,K=2,Y=1",-inf,-inf,0,K|X,1
K,163,R,7,S,7,C,2,K,1,Y,222,X,222,K,5,K,1,S,5,R,7,Y,1,C,1,X,1,"L1:[sp=K,163] R=7,S=7,C=2,K=1,Y=222,X=222 || L2:[sp=K,5] K=1,S=5,R=7,Y=1,C=1,X=1",-1181.0,-163323000.0,1,K|K,1
X,163,R,7,S,7,C,3,K,1,Y,222,X,222,K,5,X,1,S,5,R,2,Y,1,K,1,C,1,"L1:[sp=X,163] R=7,S=7,C=3,K=1,Y=222,X=222 || L2:[sp=K,5] X=1,S=5,R=2,Y=1,K=1,C=1",-37697.0,-163323000.0,1,X|K,1
K,163,R,7,S,7,C,3,K,10,Y,78,X,222,K,5,C,1,S,2,R,2,X,211,K,2,Y,1,"L1:[sp=K,163] R=7,S=7,C=3,K=10,Y=78,X=222 || L2:[sp=K,5] C=1,S=2,R=2,X=211,K=2,Y=1",-inf,-inf,0,K|K,1
K,163,K,10,S,7,C,3,R,6,Y,140,X,222,X,24,C,1,S,2,R,6,X,1,K,2,Y,1,"L1:[sp=K,163] K=10,S=7,C=3,R=6,Y=140,X=222 || L2:[sp=X,24] C=1,S=2,R=6,X=1,K=2,Y=1",-inf,-inf,0,K|X,1
K,163,X,222,S,7,C,2,K,10,Y,168,R,7,K,5,C,1,S,2,R,2,X,1,K,2,Y,1,"L1:[sp=K,163] X=222,S=7,C=2,K=10,Y=168,R=7 || L2:[sp=K,5] C=1,S=2,R=2,X=1,K=2,Y=1",-inf,-inf,0,K|K,1
K,163,Y,163,S,7,C,3,K,10,R,7,X,222,K,5,Y,1,S,2,R,2,X,1,K,2,C,3,"L1:[sp=K,163] Y=163,S=7,C=3,K=10,R=7,X=222 || L2:[sp=K,5] Y=1,S=2,R=2,X=1,K=2,C=3",-inf,-inf,0,K|K,1
K,163,Y,222,S,1,C,3,K,10,R,7,X,222,K,5,C,1,S,1,R,3,X,1,Y,1,K,2,"L1:[sp=K,163] Y=222,S=1,C=3,K=10,R=7,X=222 || L2:[sp=K,5] C=1,S=1,R=3,X=1,Y=1,K=2",-inf,-inf,0,K|K,1
K,163,S,7,R,7,K,10,C,3,Y,197,X,109,K,5,C,1,S,5,R,7,X,1,K,2,Y,1,"L1:[sp=K,163] S=7,R=7,K=10,C=3,Y=197,X=109 || L2:[sp=K,5] C=1,S=5,R=7,X=1,K=2,Y=1",-inf,-inf,0,K|K,1
K,163,R,6,S,7,C,3,K,10,Y,222,X,222,K,5,X,1,S,1,R,6,C,1,K,3,Y,1,"L1:[sp=K,163] R=6,S=7,C=3,K=10,Y=222,X=222 || L2:[sp=K,5] X=1,S=1,R=6,C=1,K=3,Y=1",-1515.0,-163323000.0,1,K|K,1
K,163,Y,222,S,6,C,2,K,10,X,222,R,6,K,10,C,1,S,3,R,6,X,1,K,2,Y,71,"L1:[sp=K,163] Y=222,S=6,C=2,K=10,X=222,R=6 || L2:[sp=K,10] C=1,S=3,R=6,X=1,K=2,Y=71",-inf,-inf,0,K|K,1
K,163,R,7,S,7,C,1,X,222,Y,222,K,1,K,5,Y,1,S,1,R,2,X,1,C,1,K,1,"L1:[sp=K,163] R=7,S=7,C=1,X=222,Y=222,K=1 || L2:[sp=K,5] Y=1,S=1,R=2,X=1,C=1,K=1",-595.0,-163323000.0,1,K|K,1
K,163,R,7,S,7,C,3,K,10,Y,222,X,222,K,5,C,1,S,2,R,2,X,1,K,2,Y,1,"L1:[sp=K,163] R=7,S=7,C=3,K=10,Y=222,X=222 || L2:[sp=K,5] C=1,S=2,R=2,X=1,K=2,Y=1",-296.0,-163323000.0,1,K|K,1
K,163,R,6,S,7,C,1,K,10,Y,179,X,50,K,5,C,1,S,2,K,2,X,1,R,6,Y,42,"L1:[sp=K,163] R=6,S=7,C=1,K=10,Y=179,X=50 || L2:[sp=K,5] C=1,S=2,K=2,X=1,R=6,Y=42",-inf,-inf,0,K|K,1
K,163,R,7,S,7,C,3,K,10,Y,222,X,222,K,5,C,1,S,2,R,2,X,152,K,2,Y,1,"L1:[sp=K,163] R=7,S=7,C=3,K=10,Y=222,X=222 || L2:[sp=K,5] C=1,S=2,R=2,X=152,K=2,Y=1",-inf,-inf,0,K|K,1
K,163,Y,222,S,7,C,3,X,222,R,6,K,49,K,5,Y,1,S,5,R,2,X,1,K,2,C,1,"L1:[sp=K,163] Y=222,S=7,C=3,X=222,R=6,K=49 || L2:[sp=K,5] Y=1,S=5,R=2,X=1,K=2,C=1",-6723.0,-163323000.0,1,K|K,1
X,163,R,7,S,7,C,3,K,1,Y,222,X,186,K,5,X,1,S,2,R,2,Y,1,K,1,C,3,"L1:[sp=X,163] R=7,S=7,C=3,K=1,Y=222,X=186 || L2:[sp=K,5] X=1,S=2,R=2,Y=1,K=1,C=3",-1796993.0,-163323000.0,1,X|K,1
K,163,R,7,S,7,C,3,K,10,Y,222,X,222,K,5,C,1,S,3,R,2,X,1,K,2,Y,1,"L1:[sp=K,163] R=7,S=7,C=3,K=10,Y=222,X=222 || L2:[sp=K,5] C=1,S=3,R=2,X=1,K=2,Y=1",-884.0,-163323000.0,1,K|K,1
K,163,S,7,R,7,C,2,K,1,Y,222,X,222,K,5,K,1,S,5,R,7,Y,1,C,1,X,28,"L1:[sp=K,163] S=7,R=7,C=2,K=1,Y=222,X=222 || L2:[sp=K,5] K=1,S=5,R=7,Y=1,C=1,X=28",-inf,-inf,0,K|K,1
K,163,R,1,Y,222,C,1,X,50,S,7,K,1,K,5,Y,1,S,2,R,1,X,1,C,1,K,1,"L1:[sp=K,163] R=1,Y=222,C=1,X=50,S=7,K=1 || L2:[sp=K,5] Y=1,S=2,R=1,X=1,C=1,K=1",-inf,-inf,0,K|K,1
K,163,R,7,K,10,C,1,S,7,Y,222,X,222,K,5,C,1,S,1,R,2,X,1,K,2,Y,136,"L1:[sp=K,163] R=7,K=10,C=1,S=7,Y=222,X=222 || L2:[sp=K,5] C=1,S=1,R=2,X=1,K=2,Y=136",-inf,-inf,0,K|K,1
K,163,Y,222,S,7,C,3,X,222,R,7,K,10,K,5,Y,1,S,2,R,2,X,1,K,2,C,3,"L1:[sp=K,163] Y=222,S=7,C=3,X=222,R=7,K=10 || L2:[sp=K,5] Y=1,S=2,R=2,X=1,K=2,C=3",-296.0,-163323000.0,1,K|K,1
X,163,R,7,K,1,C,3,S,7,Y,222,X,222,K,5,X,1,S,5,R,2,Y,10,K,1,C,1,"L1:[sp=X,163] R=7,K=1,C=3,S=7,Y=222,X=222 || L2:[sp=K,5] X=1,S=5,R=2,Y=10,K=1,C=1",-150593.0,-163323000.0,1,X|K,1
K,163,R,7,S,7,C,1,X,222,Y,222,K,1,K,5,Y,1,S,1,R,2,X,183,C,1,K,1,"L1:[sp=K,163] R=7,S=7,C=1,X=222,Y=222,K=1 || L2:[sp=K,5] Y=1,S=1,R=2,X=183,C=1,K=1",-inf,-inf,0,K|K,1
K,163,R,7,S,7,C,3,Y,222,K,10,X,222,K,5,C,1,S,6,R,2,X,1,K,2,Y,1,"L1:[sp=K,163] R=7,S=7,C=3,Y=222,K=10,X=222 || L2:[sp=K,5] C=1,S=6,R=2,X=1,K=2,Y=1",-1766.0,-163323000.0,1,K|K,1
K,163,R,7,S,7,C,3,K,10,Y,222,X,222,X,1,C,1,S,2,R,2,X,1,K,2,Y,83,"L1:[sp=K,163] R=7,S=7,C=3,K=10,Y=222,X=222 || L2:[sp=X,1] C=1,S=2,R=2,X=1,K=2,Y=83",-inf,-inf,0,K|X,1
K,163,Y,222,S,7,C,3,K,10,R,7,X,155,K,5,C,3,S,1,R,2,X,1,K,2,Y,1,"L1:[sp=K,163] Y=222,S=7,C=3,K=10,R=7,X=155 || L2:[sp=K,5] C=3,S=1,R=2,X=1,K=2,Y=1",-inf,-inf,0,K|K,1
K,163,Y,222,S,7,C,3,K,10,R,7,X,222,K,5,Y,11,S,2,R,2,X,1,K,2,C,1,"L1:[sp=K,163] Y=222,S=7,C=3,K=10,R=7,X=222 || L2:[sp=K,5] Y=11,S=2,R=2,X=1,K=2,C=1",-1178.0,-163323000.0,1,K|K,1
K,163,R,7,S,7,C,1,X,222,Y,222,K,1,K,5,Y,1,S,1,R,4,X,138,C,1,K,1,"L1:[sp=K,163] R=7,S=7,C=1,X=222,Y=222,K=1 || L2:[sp=K,5] Y=1,S=1,R=4,X=138,C=1,K=1",-inf,-inf,0,K|K,1
K,163,R,7,S,3,C,3,K,1,Y,222,X,222,X,5,X,1,S,2,R,2,Y,1,K,1,C,1,"L1:[sp=K,163] R=7,S=3,C=3,K=1,Y=222,X=222 || L2:[sp=X,5] X=1,S=2,R=2,Y=1,K=1,C=1",-inf,-inf,0,K|X,1
K,163,R,7,X,222,C,3,K,18,Y,222,S,7,K,5,C,1,K,4,R,2,X,1,S,5,Y,1,"L1:[sp=K,163] R=7,X=222,C=3,K=18,Y=222,S=7 || L2:[sp=K,5] C=1,K=4,R=2,X=1,S=5,Y=1",-2354.0,-163323000.0,1,K|K,1
K,163,R,6,S,7,C,1,K,64,Y,222,X,50,C,1,C,1,S,2,R,6,X,1,K,2,Y,1,"L1:[sp=K,163] R=6,S=7,C=1,K=64,Y=222,X=50 || L2:[sp=C,1] C=1,S=2,R=6,X=1,K=2,Y=1",-3919135.0,-163323000.0,1,K|C,1
K,163,Y,212,S,7,C,3,X,222,R,7,K,10,K,5,Y,1,S,2,R,2,X,1,K,2,C,2,"L1:[sp=K,163] Y=212,S=7,C=3,X=222,R=7,K=10 || L2:[sp=K,5] Y=1,S=2,R=2,X=1,K=2,C=2",-inf,-inf,0,K|K,1
K,163,R,7,S,7,C,3,K,10,Y,222,X,222,K,5,C,1,S,2,R,2,X,1,K,2,Y,1,"L1:[sp=K,163] R=7,S=7,C=3,K=10,Y=222,X=222 || L2:[sp=K,5] C=1,S=2,R=2,X=1,K=2,Y=1",-inf,-inf,0,K|K,1
K,163,R,6,S,7,C,3,Y,222,K,10,X,222,K,5,C,3,S,5,R,2,X,1,K,2,Y,1,"L1:[sp=K,163] R=6,S=7,C=3,Y=222,K=10,X=222 || L2:[sp=K,5] C=3,S=5,R=2,X=1,K=2,Y=1",-1347.0,-163323000.0,1,K|K,1
K,163,R,1,X,222,C,3,K,18,Y,222,S,7,K,5,C,1,K,4,R,1,X,1,S,6,Y,1,"L1:[sp=K,163] R=1,X=222,C=3,K=18,Y=222,S=7 || L2:[sp=K,5] C=1,K=4,R=1,X=1,S=6,Y=1",-inf,-inf,0,K|K,1
K,163,R,7,X,222,C,3,K,18,Y,222,S,7,K,5,C,1,K,4,R,2,X,1,S,5,Y,1,"L1:[sp=K,163] R=7,X=222,C=3,K=18,Y=222,S=7 || L2:[sp=K,5] C=1,K=4,R=2,X=1,S=5,Y=1",-2354.0,-163323000.0,1,K|K,1
K,163,Y,222,S,7,C,3,K,10,R,7,X,222,K,5,Y,203,S,2,R,2,X,1,K,2,C,1,"L1:[sp=K,163] Y=222,S=7,C=3,K=10,R=7,X=222 || L2:[sp=K,5] Y=203,S=2,R=2,X=1,K=2,C=1",-inf,-inf,0,K|K,1
Y,163,R,7,S,7,C,3,K,10,Y,222,X,222,K,5,C,1,S,2,R,2,X,1,K,2,Y,1,"L1:[sp=Y,163] R=7,S=7,C=3,K=10,Y=222,X=222 || L2:[sp=K,5] C=1,S=2,R=2,X=1,K=2,Y=1",-2066.0,-163323000.0,1,Y|K,1
K,163,Y,222,S,7,C,3,K,38,R,6,X,102,K,5,Y,11,S,3,R,2,X,1,K,2,C,1,"L1:[sp=K,163] Y=222,S=7,C=3,K=38,R=6,X=102 || L2:[sp=K,5] Y=11,S=3,R=2,X=1,K=2,C=1",-927367.0,-163323000.0,1,K|K,1
K,163,R,7,S,7,C,3,K,10,Y,222,X,222,K,5,C,2,S,3,R,2,X,1,K,2,Y,1,"L1:[sp=K,163] R=7,S=7,C=3,K=10,Y=222,X=222 || L2:[sp=K,5] C=2,S=3,R=2,X=1,K=2,Y=1",-inf,-inf,0,K|K,1
K,163,Y,222,S,7,C,3,X,222,R,7,K,10,K,5,Y,1,S,2,R,2,X,1,K,2,C,3,"L1:[sp=K,163] Y=222,S=7,C=3,X=222,R=7,K=10 || L2:[sp=K,5] Y=1,S=2,R=2,X=1,K=2,C=3",-296.0,-163323000.0,1,K|K,1
X,163,Y,222,S,5,C,3,X,222,R,6,K,49,K,5,Y,1,S,5,R,2,X,1,K,2,C,1,"L1:[sp=X,163] Y=222,S=5,C=3,X=222,R=6,K=49 || L2:[sp=K,5] Y=1,S=5,R=2,X=1,K=2,C=1",-3369.0,-163323000.0,1,X|K,1
K,163,R,4,S,7,C,3,K,10,Y,222,X,222,K,5,C,1,S,2,R,2,X,1,K,2,Y,1,"L1:[sp=K,163] R=4,S=7,C=3,K=10,Y=222,X=222 || L2:[sp=K,5] C=1,S=2,R=2,X=1,K=2,Y=1",-inf,-inf,0,K|K,1
X,163,R,7,S,7,C,3,K,10,Y,222,X,222,K,5,C,1,S,3,R,2,X,1,K,2,Y,1,"L1:[sp=X,163] R=7,S=7,C=3,K=10,Y=222,X=222 || L2:[sp=K,5] C=1,S=3,R=2,X=1,K=2,Y=1",-6182.0,-163323000.0,1,X|K,1
K,163,R,6,S,7,C,3,K,10,Y,222,X,222,K,5,C,1,S,2,K,2,X,1,R,2,Y,1,"L1:[sp=K,163] R=6,S=7,C=3,K=10,Y=222,X=222 || L2:[sp=K,5] C=1,S=2,K=2,X=1,R=2,Y=1",-inf,-inf,0,K|K,1
K,163,Y,222,C,3,S,7,X,222,R,7,K,10,K,5,Y,168,S,2,R,2,X,1,K,2,C,1,"L1:[sp=K,163] Y=222,C=3,S=7,X=222,R=7,K=10 || L2:[sp=K,5] Y=168,S=2,R=2,X=1,K=2,C=1",-inf,-inf,0,K|K,1
Y,163,Y,222,S,7,C,3,X,222,R,6,K,49,K,5,Y,1,S,5,R,2,X,1,K,2,C,1,"L1:[sp=Y,163] Y=222,S=7,C=3,X=222,R=6,K=49 || L2:[sp=K,5] Y=1,S=5,R=2,X=1,K=2,C=1",-9413.0,-163323000.0,1,Y|K,1
K,163,R,7,X,222,C,3,K,18,Y,222,S,7,Y,56,C,1,K,4,R,2,X,1,S,5,Y,1,"L1:[sp=K,163] R=7,X=222,C=3,K=18,Y=222,S=7 || L2:[sp=Y,56] C=1,K=4,R=2,X=1,S=5,Y=1",-16467.0,-163323000.0,1,K|Y,1
K,163,R,7,S,7,K,10,C,3,Y,222,X,222,K,5,C,1,S,3,R,2,X,1,K,2,Y,1,"L1:[sp=K,163] R=7,S=7,K=10,C=3,Y=222,X=222 || L2:[sp=K,5] C=1,S=3,R=2,X=1,K=2,Y=1",-884.0,-163323000.0,1,K|K,1
K,163,R,7,S,7,C,3,K,10,Y,222,X,194,K,5,C,1,S,2,R,2,X,1,K,2,Y,1,"L1:[sp=K,163] R=7,S=7,C=3,K=10,Y=222,X=194 || L2:[sp=K,5] C=1,S=2,R=2,X=1,K=2,Y=1",-inf,-inf,0,K|K,1
K,163,R,7,S,7,C,3,K,10,Y,222,X,222,K,5,C,1,S,3,R,2,X,213,K,2,Y,1,"L1:[sp=K,163] R=7,S=7,C=3,K=10,Y=222,X=222 || L2:[sp=K,5] C=1,S=3,R=2,X=213,K=2,Y=1",-inf,-inf,0,K|K,1
K,163,R,7,S,7,C,3,K,10,Y,222,X,222,K,5,C,1,S,2,R,2,X,1,K,2,Y,1,"L1:[sp=K,163] R=7,S=7,C=3,K=10,Y=222,X=222 || L2:[sp=K,5] C=1,S=2,R=2,X=1,K=2,Y=1",-inf,-inf,0,K|K,1
K,163,R,7,K,18,C,3,X,222,Y,222,S,7,K,5,C,1,K,4,R,2,X,1,S,5,Y,21,"L1:[sp=K,163] R=7,K=18,C=3,X=222,Y=222,S=7 || L2:[sp=K,5] C=1,K=4,R=2,X=1,S=5,Y=21",-inf,-inf,0,K|K,1
K,163,Y,222,S,7,C,3,X,222,R,7,K,10,K,5,Y,1,S,2,R,2,X,1,K,2,C,3,"L1:[sp=K,163] Y=222,S=7,C=3,X=222,R=7,K=10 || L2:[sp=K,5] Y=1,S=2,R=2,X=1,K=2,C=3",-296.0,-163323000.0,1,K|K,1
K,163,R,6,S,7,C,3,Y,222,K,10,X,222,K,5,C,3,S,3,R,2,X,1,K,2,Y,1,"L1:[sp=K,163] R=6,S=7,C=3,Y=222,K=10,X=222 || L2:[sp=K,5] C=3,S=3,R=2,X=1,K=2,Y=1",-1011.0,-163323000.0,1,K|K,1
K,163,R,7,S,7,K,10,C,3,Y,222,X,222,K,5,C,1,S,5,R,2,K,2,X,99,Y,1,"L1:[sp=K,163] R=7,S=7,K=10,C=3,Y=222,X=222 || L2:[sp=K,5] C=1,S=5,R=2,K=2,X=99,Y=1",-inf,-inf,0,K|K,1
X,163,R,7,S,7,C,3,Y,222,K,10,X,222,K,5,C,1,S,1,R,2,X,1,K,2,Y,19,"L1:[sp=X,163] R=7,S=7,C=3,Y=222,K=10,X=222 || L2:[sp=K,5] C=1,S=1,R=2,X=1,K=2,Y=19",-61748.0,-163323000.0,1,X|K,1
K,163,R,7,X,55,C,3,K,18,Y,222,S,7,K,5,C,1,K,4,R,2,X,1,S,3,Y,1,"L1:[sp=K,163] R=7,X=55,C=3,K=18,Y=222,S=7 || L2:[sp=K,5] C=1,K=4,R=2,X=1,S=3,Y=1",-inf,-inf,0,K|K,1
Y,163,Y,222,S,7,C,3,X,222,R,7,K,49,K,5,Y,1,S,3,R,2,X,1,K,2,C,1,"L1:[sp=Y,163] Y=222,S=7,C=3,X=222,R=7,K=49 || L2:[sp=K,5] Y=1,S=3,R=2,X=1,K=2,C=1",-6177.0,-163323000.0,1,Y|K,1
X,163,R,6,S,7,C,3,K,10,Y,222,X,222,K,5,C,1,S,5,R,2,X,1,K,5,Y,1,"L1:[sp=X,163] R=6,S=7,C=3,K=10,Y=222,X=222 || L2:[sp=K,5] C=1,S=5,R=2,X=1,K=5,Y=1",-23535.0,-163323000.0,1,X|K,1
K,163,Y,222,S,7,C,3,X,222,R,7,K,10,K,5,Y,110,S,2,X,1,R,2,K,2,C,3,"L1:[sp=K,163] Y=222,S=7,C=3,X=222,R=7,K=10 || L2:[sp=K,5] Y=110,S=2,X=1,R=2,K=2,C=3",-inf,-inf,0,K|K,1
K,163,R,7,S,7,K,48,C,3,Y,222,X,222,K,5,C,1,S,3,R,2,X,1,K,2,Y,1,"L1:[sp=K,163] R=7,S=7,K=48,C=3,Y=222,X=222 || L2:[sp=K,5] C=1,S=3,R=2,X=1,K=2,Y=1",-4412.0,-163323000.0,1,K|K,1
K,163,R,7,S,7,K,10,C,3,Y,222,X,222,K,5,C,1,S,6,R,2,X,1,K,2,Y,1,"L1:[sp=K,163] R=7,S=7,K=10,C=3,Y=222,X=222 || L2:[sp=K,5] C=1,S=6,R=2,X=1,K=2,Y=1",-1766.0,-163323000.0,1,K|K,1
K,163,Y,222,S,7,C,3,X,222,R,7,K,10,K,5,Y,1,S,3,R,2,X,1,K,2,C,3,"L1:[sp=K,163] Y=222,S=7,C=3,X=222,R=7,K=10 || L2:[sp=K,5] Y=1,S=3,R=2,X=1,K=2,C=3",-884.0,-163323000.0,1,K|K,1
K,163,Y,222,S,7,C,3,X,222,R,7,K,4,K,5,Y,1,S,2,R,3,X,1,K,2,C,3,"L1:[sp=K,163] Y=222,S=7,C=3,X=222,R=7,K=4 || L2:[sp=K,5] Y=1,S=2,R=3,X=1,K=2,C=3",-884.0,-163323000.0,1,K|K,1
X,163,R,7,S,7,C,3,K,50,Y,184,X,222,K,5,C,1,S,3,R,2,X,1,K,2,Y,1,"L1:[sp=X,163] R=7,S=7,C=3,K=50,Y=184,X=222 || L2:[sp=K,5] C=1,S=3,R=2,X=1,K=2,Y=1",-inf,-inf,0,X|K,1
X,163,R,7,S,1,C,1,K,10,Y,164,X,222,K,5,C,1,S,1,R,2,X,1,K,2,Y,1,"L1:[sp=X,163] R=7,S=1,C=1,K=10,Y=164,X=222 || L2:[sp=K,5] C=1,S=1,R=2,X=1,K=2,Y=1",-inf,-inf,0,X|K,1
Y,163,R,7,S,7,C,3,K,10,Y,222,X,222,K,5,C,1,S,3,R,2,X,1,K,5,Y,1,"L1:[sp=Y,163] R=7,S=7,C=3,K=10,Y=222,X=222 || L2:[sp=K,5] C=1,S=3,R=2,X=1,K=5,Y=1",-15443.0,-163323000.0,1,Y|K,1
K,163,R,6,X,222,C,2,K,18,Y,222,S,5,K,5,C,1,K,4,R,2,X,1,S,5,Y,1,"L1:[sp=K,163] R=6,X=222,C=2,K=18,Y=222,S=5 || L2:[sp=K,5] C=1,K=4,R=2,X=1,S=5,Y=1",-969.0,-163323000.0,1,K|K,1
X,163,Y,222,S,7,C,3,X,222,R,7,K,49,K,5,Y,1,X,1,R,2,S,5,K,48,C,1,"L1:[sp=X,163] Y=222,S=7,C=3,X=222,R=7,K=49 || L2:[sp=K,5] Y=1,X=1,R=2,S=5,K=48,C=1",-inf,-inf,0,X|K,1
Y,163,R,6,S,7,C,3,K,10,Y,222,X,43,K,5,S,5,C,1,R,2,X,1,K,2,Y,1,"L1:[sp=Y,163] R=6,S=7,C=3,K=10,Y=222,X=43 || L2:[sp=K,5] S=5,C=1,R=2,X=1,K=2,Y=1",-541045.0,-163323000.0,1,Y|K,1
K,163,R,7,S,7,C,3,Y,9,K,4,X,222,K,5,S,2,C,3,R,2,X,1,K,2,Y,1,"L1:[sp=K,163] R=7,S=7,C=3,Y=9,K=4,X=222 || L2:[sp=K,5] S=2,C=3,R=2,X=1,K=2,Y=1",-100868.0,-163323000.0,1,K|K,1
K,163,R,7,S,7,K,10,C,3,Y,211,X,222,K,5,C,1,S,3,R,2,X,1,K,2,Y,1,"L1:[sp=K,163] R=7,S=7,K=10,C=3,Y=211,X=222 || L2:[sp=K,5] C=1,S=3,R=2,X=1,K=2,Y=1",-inf,-inf,0,K|K,1
K,163,R,7,X,98,C,3,K,18,Y,222,S,7,K,5,C,1,K,4,R,2,X,1,S,5,Y,156,"L1:[sp=K,163] R=7,X=98,C=3,K=18,Y=222,S=7 || L2:[sp=K,5] C=1,K=4,R=2,X=1,S=5,Y=156",-inf,-inf,0,K|K,1
K,163,Y,222,S,7,C,3,X,222,R,7,K,10,K,5,Y,1,S,2,R,2,X,1,K,2,C,3,"L1:[sp=K,163] Y=222,S=7,C=3,X=222,R=7,K=10 || L2:[sp=K,5] Y=1,S=2,R=2,X=1,K=2,C=3",-296.0,-163323000.0,1,K|K,1
K,163,Y,222,S,7,C,3,X,96,R,7,K,10,K,5,K,2,S,7,R,2,X,1,Y,1,C,3,"L1:[sp=K,163] Y=222,S=7,C=3,X=96,R=7,K=10 || L2:[sp=K,5] K=2,S=7,R=2,X=1,Y=1,C=3",-inf,-inf,0,K|K,1
K,163,R,6,S,7,C,3,Y,222,K,10,X,222,K,5,C,3,S,3,R,2,X,79,K,2,Y,1,"L1:[sp=K,163] R=6,S=7,C=3,Y=222,K=10,X=222 || L2:[sp=K,5] C=3,S=3,R=2,X=79,K=2,Y=1",-inf,-inf,0,K|K,1
K,163,Y,222,S,7,C,3,X,222,R,7,K,6,Y,5,Y,1,S,4,R,2,X,1,K,5,C,1,"L1:[sp=K,163] Y=222,S=7,C=3,X=222,R=7,K=6 || L2:[sp=Y,5] Y=1,S=4,R=2,X=1,K=5,C=1",-1766.0,-163323000.0,1,K|Y,1
K,163,R,7,S,7,K,48,C,3,Y,222,X,222,K,5,C,1,S,3,X,1,R,2,K,2,Y,1,"L1:[sp=K,163] R=7,S=7,K=48,C=3,Y=222,X=222 || L2:[sp=K,5] C=1,S=3,X=1,R=2,K=2,Y=1",-4412.0,-163323000.0,1,K|K,1
K,163,R,7,S,7,K,10,C,3,Y,222,X,222,K,5,C,1,S,3,R,2,X,1,K,2,Y,1,"L1:[sp=K,163] R=7,S=7,K=10,C=3,Y=222,X=222 || L2:[sp=K,5] C=1,S=3,R=2,X=1,K=2,Y=1",-884.0,-163323000.0,1,K|K,1
Y,163,Y,222,S,7,C,3,X,222,R,7,K,49,K,5,Y,1,S,6,R,2,X,1,K,2,C,1,"L1:[sp=Y,163] Y=222,S=7,C=3,X=222,R=7,K=49 || L2:[sp=K,5] Y=1,S=6,R=2,X=1,K=2,C=1",-12351.0,-163323000.0,1,Y|K,1
Y,163,S,7,Y,222,C,3,X,222,R,7,K,10,K,5,Y,1,S,3,R,2,X,1,K,2,C,3,"L1:[sp=Y,163] S=7,Y=222,C=3,X=222,R=7,K=10 || L2:[sp=K,5] Y=1,S=3,R=2,X=1,K=2,C=3",-6182.0,-163323000.0,1,Y|K,1
K,163,R,6,S,7,K,48,C,3,Y,222,X,222,K,5,C,1,S,2,R,2,X,1,K,2,Y,1,"L1:[sp=K,163] R=6,S=7,K=48,C=3,Y=222,X=222 || L2:[sp=K,5] C=1,S=2,R=2,X=1,K=2,Y=1",-1683.0,-163323000.0,1,K|K,1
C,163,R,6,X,222,C,2,K,40,Y,222,S,7,X,7,C,1,X,1,R,2,K,4,S,6,Y,1,"L1:[sp=C,163] R=6,X=222,C=2,K=40,Y=222,S=7 || L2:[sp=X,7] C=1,X=1,R=2,K=4,S=6,Y=1",-7173.0,-163323000.0,1,C|X,1
K,163,R,7,S,5,K,26,C,3,Y,222,X,222,K,5,C,1,S,5,R,2,X,1,K,2,Y,1,"L1:[sp=K,163] R=7,S=5,K=26,C=3,Y=222,X=222 || L2:[sp=K,5] C=1,S=5,R=2,X=1,K=2,Y=1",-1263.0,-163323000.0,1,K|K,1
K,163,Y,222,S,5,C,3,R,7,X,222,K,10,K,5,Y,1,S,3,R,2,X,1,K,2,C,3,"L1:[sp=K,163] Y=222,S=5,C=3,R=7,X=222,K=10 || L2:[sp=K,5] Y=1,S=3,R=2,X=1,K=2,C=3",-591.0,-163323000.0,1,K|K,1
Y,163,Y,222,S,7,C,3,X,101,R,7,K,49,K,5,Y,1,S,3,R,2,X,1,K,2,C,1,"L1:[sp=Y,163] Y=222,S=7,C=3,X=101,R=7,K=49 || L2:[sp=K,5] Y=1,S=3,R=2,X=1,K=2,C=1",-inf,-inf,0,Y|K,1
K,163,Y,222,S,7,C,3,X,222,R,7,K,10,K,5,Y,1,S,6,R,2,X,1,K,5,C,3,"L1:[sp=K,163] Y=222,S=7,C=3,X=222,R=7,K=10 || L2:[sp=K,5] Y=1,S=6,R=2,X=1,K=5,C=3",-inf,-inf,0,K|K,1
K,163,R,7,S,7,K,10,X,222,Y,222,C,3,K,5,C,1,S,3,Y,1,X,1,K,2,R,2,"L1:[sp=K,163] R=7,S=7,K=10,X=222,Y=222,C=3 || L2:[sp=K,5] C=1,S=3,Y=1,X=1,K=2,R=2",-884.0,-163323000.0,1,K|K,1
Y,163,Y,36,S,7,C,3,X,222,R,7,K,49,K,49,Y,1,S,6,R,2,X,1,K,2,C,1,"L1:[sp=Y,163] Y=36,S=7,C=3,X=222,R=7,K=49 || L2:[sp=K,49] Y=1,S=6,R=2,X=1,K=2,C=1",-inf,-inf,0,Y|K,1
K,163,R,7,S,4,K,10,C,3,Y,222,X,222,K,5,C,1,S,3,R,2,X,208,K,2,Y,1,"L1:[sp=K,163] R=7,S=4,K=10,C=3,Y=222,X=222 || L2:[sp=K,5] C=1,S=3,R=2,X=208,K=2,Y=1",-inf,-inf,0,K|K,1
K,163,Y,222,S,7,C,3,X,51,R,7,K,4,K,5,Y,1,S,3,R,1,X,1,K,2,C,1,"L1:[sp=K,163] Y=222,S=7,C=3,X=51,R=7,K=4 || L2:[sp=K,5] Y=1,S=3,R=1,X=1,K=2,C=1",-inf,-inf,0,K|K,1
K,163,R,7,S,7,K,48,C,3,Y,222,X,222,K,5,C,2,S,2,R,3,X,61,K,33,Y,1,"L1:[sp=K,163] R=7,S=7,K=48,C=3,Y=222,X=222 || L2:[sp=K,5] C=2,S=2,R=3,X=61,K=33,Y=1",-inf,-inf,0,K|K,1
C,163,R,7,S,7,K,10,C,3,Y,222,X,3,K,5,C,1,S,2,R,2,X,1,K,2,Y,1,"L1:[sp=C,163] R=7,S=7,K=10,C=3,Y=222,X=3 || L2:[sp=K,5] C=1,S=2,R=2,X=1,K=2,Y=1",-1200326.0,-163323000.0,1,C|K,1
K,163,Y,222,C,3,S,7,X,162,K,10,R,7,K,5,Y,1,S,6,R,2,X,1,K,2,C,3,"L1:[sp=K,163] Y=222,C=3,S=7,X=162,K=10,R=7 || L2:[sp=K,5] Y=1,S=6,R=2,X=1,K=2,C=3",-inf,-inf,0,K|K,1
K,163,Y,222,S,7,C,3,X,222,R,7,K,10,K,5,Y,1,S,2,R,2,X,1,K,2,C,3,"L1:[sp=K,163] Y=222,S=7,C=3,X=222,R=7,K=10 || L2:[sp=K,5] Y=1,S=2,R=2,X=1,K=2,C=3",-296.0,-163323000.0,1,K|K,1
K,163,R,7,S,7,K,48,C,2,Y,222,X,222,K,5,C,1,S,4,X,1,R,6,K,2,Y,1,"L1:[sp=K,163] R=7,S=7,K=48,C=2,Y=222,X=222 || L2:[sp=K,5] C=1,S=4,X=1,R=6,K=2,Y=1",-17643.0,-163323000.0,1,K|K,1
K,163,Y,222,S,7,C,3,X,222,R,7,K,6,Y,5,Y,1,S,3,R,2,X,1,K,5,C,1,"L1:[sp=K,163] Y=222,S=7,C=3,X=222,R=7,K=6 || L2:[sp=Y,5] Y=1,S=3,R=2,X=1,K=5,C=1",-2648.0,-163323000.0,1,K|Y,1
K,163,R,7,S,7,K,48,C,3,Y,222,X,222,K,5,C,1,S,3,R,2,X,1,K,2,Y,1,"L1:[sp=K,163] R=7,S=7,K=48,C=3,Y=222,X=222 || L2:[sp=K,5] C=1,S=3,R=2,X=1,K=2,Y=1",-4412.0,-163323000.0,1,K|K,1
K,163,R,6,S,7,K,10,X,222,Y,222,C,3,K,5,C,1,S,4,R,2,X,1,K,2,Y,1,"L1:[sp=K,163] R=6,S=7,K=10,X=222,Y=222,C=3 || L2:[sp=K,5] C=1,S=4,R=2,X=1,K=2,Y=1",-675.0,-163323000.0,1,K|K,1
K,163,Y,222,S,7,C,2,X,222,K,6,R,7,K,3,Y,1,S,4,R,2,X,1,K,5,C,1,"L1:[sp=K,163] Y=222,S=7,C=2,X=222,K=6,R=7 || L2:[sp=K,3] Y=1,S=4,R=2,X=1,K=5,C=1",-1473.0,-163323000.0,1,K|K,1
K,163,R,7,S,5,K,26,C,3,Y,222,X,222,K,5,C,1,S,5,R,2,X,1,K,2,Y,1,"L1:[sp=K,163] R=7,S=5,K=26,C=3,Y=222,X=222 || L2:[sp=K,5] C=1,S=5,R=2,X=1,K=2,Y=1",-1263.0,-163323000.0,1,K|K,1
K,163,Y,222,S,4,C,3,R,7,X,222,K,10,K,5,Y,1,S,3,R,2,X,1,K,2,C,3,"L1:[sp=K,163] Y=222,S=4,C=3,R=7,X=222,K=10 || L2:[sp=K,5] Y=1,S=3,R=2,X=1,K=2,C=3",-885.0,-163323000.0,1,K|K,1
K,163,X,222,S,7,C,3,Y,222,R,1,K,10,K,5,Y,1,S,2,R,1,X,1,K,2,C,3,"L1:[sp=K,163] X=222,S=7,C=3,Y=222,R=1,K=10 || L2:[sp=K,5] Y=1,S=2,R=1,X=1,K=2,C=3",-inf,-inf,0,K|K,1
K,163,K,10,S,7,R,7,C,3,Y,75,X,222,K,5,C,1,S,4,R,2,X,1,K,2,Y,1,"L1:[sp=K,163] K=10,S=7,R=7,C=3,Y=75,X=222 || L2:[sp=K,5] C=1,S=4,R=2,X=1,K=2,Y=1",-inf,-inf,0,K|K,1
Y,163,Y,222,S,7,C,3,X,222,R,7,K,6,K,5,R,2,S,3,Y,1,X,1,K,5,C,1,"L1:[sp=Y,163] Y=222,S=7,C=3,X=222,R=7,K=6 || L2:[sp=K,5] R=2,S=3,Y=1,X=1,K=5,C=1",-24267.0,-163323000.0,1,Y|K,1
K,163,Y,222,S,7,C,3,X,222,R,7,K,10,K,5,Y,222,S,2,R,2,X,1,K,2,C,3,"L1:[sp=K,163] Y=222,S=7,C=3,X=222,R=7,K=10 || L2:[sp=K,5] Y=222,S=2,R=2,X=1,K=2,C=3",-inf,-inf,0,K|K,1
K,163,Y,222,S,5,C,3,R,2,X,222,K,10,K,5,Y,1,S,3,R,2,X,1,K,2,C,3,"L1:[sp=K,163] Y=222,S=5,C=3,R=2,X=222,K=10 || L2:[sp=K,5] Y=1,S=3,R=2,X=1,K=2,C=3",-149873.0,-163323000.0,1,K|K,1
K,163,R,4,S,7,K,10,X,222,Y,222,C,3,K,1,C,1,S,3,Y,1,X,1,K,2,R,2,"L1:[sp=K,163] R=4,S=7,K=10,X=222,Y=222,C=3 || L2:[sp=K,1] C=1,S=3,Y=1,X=1,K=2,R=2",-5043.0,-163323000.0,1,K|K,1
K,163,R,2,S,7,Y,222,C,3,K,49,X,222,K,5,C,1,S,3,R,2,X,1,K,2,Y,1,"L1:[sp=K,163] R=2,S=7,Y=222,C=3,K=49,X=222 || L2:[sp=K,5] C=1,S=3,R=2,X=1,K=2,Y=1",-inf,-inf,0,K|K,1
X,163,Y,222,S,5,C,3,X,222,R,7,K,6,Y,5,Y,1,S,3,R,2,X,1,K,5,C,3,"L1:[sp=X,163] Y=222,S=5,C=3,X=222,R=7,K=6 || L2:[sp=Y,5] Y=1,S=3,R=2,X=1,K=5,C=3",-17957.0,-163323000.0,1,X|Y,1
C,163,K,39,S,7,C,3,R,7,X,222,Y,222,K,1,Y,1,S,4,R,2,X,1,K,2,C,1,"L1:[sp=C,163] K=39,S=7,C=3,R=7,X=222,Y=222 || L2:[sp=K,1] Y=1,S=4,R=2,X=1,K=2,C=1",-18819.0,-163323000.0,1,C|K,1
K,163,R,7,S,7,K,10,X,222,Y,222,C,2,K,5,C,1,S,3,Y,1,X,1,K,2,R,2,"L1:[sp=K,163] R=7,S=7,K=10,X=222,Y=222,C=2 || L2:[sp=K,5] C=1,S=3,Y=1,X=1,K=2,R=2",-885.0,-163323000.0,1,K|K,1
K,163,R,7,S,7,K,10,C,3,Y,222,X,222,K,5,C,1,S,3,R,2,X,1,K,2,Y,1,"L1:[sp=K,163] R=7,S=7,K=10,C=3,Y=222,X=222 || L2:[sp=K,5] C=1,S=3,R=2,X=1,K=2,Y=1",-884.0,-163323000.0,1,K|K,1
K,163,Y,107,S,7,C,3,X,222,R,7,K,10,K,5,Y,1,S,3,K,2,X,1,R,2,C,2,"L1:[sp=K,163] Y=107,S=7,C=3,X=222,R=7,K=10 || L2:[sp=K,5] Y=1,S=3,K=2,X=1,R=2,C=2",-inf,-inf,0,K|K,1
K,163,R,7,S,7,K,48,C,3,Y,222,X,222,K,5,C,1,S,2,X,1,R,4,K,2,Y,1,"L1:[sp=K,163] R=7,S=7,K=48,C=3,Y=222,X=222 || L2:[sp=K,5] C=1,S=2,X=1,R=4,K=2,Y=1",-2942.0,-163323000.0,1,K|K,1
K,163,Y,222,S,7,C,3,X,222,R,7,K,10,K,5,Y,1,S,2,R,2,X,1,K,2,C,3,"L1:[sp=K,163] Y=222,S=7,C=3,X=222,R=7,K=10 || L2:[sp=K,5] Y=1,S=2,R=2,X=1,K=2,C=3",-296.0,-163323000.0,1,K|K,1
Y,163,R,7,S,7,K,26,C,3,Y,222,X,97,K,56,C,1,S,2,R,2,X,1,K,2,Y,1,"L1:[sp=Y,163] R=7,S=7,K=26,C=3,Y=222,X=97 || L2:[sp=K,56] C=1,S=2,R=2,X=1,K=2,Y=1",-inf,-inf,0,Y|K,1
K,163,Y,222,S,5,C,3,X,222,R,7,K,10,K,5,Y,1,S,5,R,2,X,1,K,2,C,1,"L1:[sp=K,163] Y=222,S=5,C=3,X=222,R=7,K=10 || L2:[sp=K,5] Y=1,S=5,R=2,X=1,K=2,C=1",-423.0,-163323000.0,1,K|K,1
K,163,R,6,S,7,C,3,K,26,Y,222,X,180,K,5,C,1,S,4,R,2,X,1,K,2,Y,1,"L1:[sp=K,163] R=6,S=7,C=3,K=26,Y=222,X=180 || L2:[sp=K,5] C=1,S=4,R=2,X=1,K=2,Y=1",-inf,-inf,0,K|K,1
K,163,R,7,S,1,K,10,X,222,Y,222,C,3,K,5,C,1,S,1,R,2,X,1,K,2,Y,1,"L1:[sp=K,163] R=7,S=1,K=10,X=222,Y=222,C=3 || L2:[sp=K,5] C=1,S=1,R=2,X=1,K=2,Y=1",-inf,-inf,0,K|K,1
K,163,R,6,S,1,K,10,X,222,Y,222,C,3,K,5,C,1,S,1,R,2,X,1,K,2,Y,1,"L1:[sp=K,163] R=6,S=1,K=10,X=222,Y=222,C=3 || L2:[sp=K,5] C=1,S=1,R=2,X=1,K=2,Y=1",-75293.0,-163323000.0,1,K|K,1
K,163,Y,222,S,7,C,3,X,222,R,7,K,6,Y,5,Y,1,S,4,R,2,X,1,K,4,C,1,"L1:[sp=K,163] Y=222,S=7,C=3,X=222,R=7,K=6 || L2:[sp=Y,5] Y=1,S=4,R=2,X=1,K=4,C=1",-1766.0,-163323000.0,1,K|Y,1
K,163,Y,222,S,4,C,3,R,7,X,222,K,10,C,1,Y,1,S,3,R,2,X,1,K,4,C,3,"L1:[sp=K,163] Y=222,S=4,C=3,R=7,X=222,K=10 || L2:[sp=C,1] Y=1,S=3,R=2,X=1,K=4,C=3",-4413.0,-163323000.0,1,K|C,1
K,163,R,7,S,7,K,10,X,222,Y,222,C,2,K,5,C,1,S,3,Y,17,X,173,K,2,R,2,"L1:[sp=K,163] R=7,S=7,K=10,X=222,Y=222,C=2 || L2:[sp=K,5] C=1,S=3,Y=17,X=173,K=2,R=2",-inf,-inf,0,K|K,1
K,163,Y,222,S,7,C,3,X,222,R,7,K,10,K,5,Y,1,K,10,R,2,X,1,S,2,C,3,"L1:[sp=K,163] Y=222,S=7,C=3,X=222,R=7,K=10 || L2:[sp=K,5] Y=1,K=10,R=2,X=1,S=2,C=3",-1472.0,-163323000.0,1,K|K,1
K,163,R,7,S,4,K,10,C,3,Y,222,X,222,K,5,C,1,S,3,R,2,X,97,K,2,Y,1,"L1:[sp=K,163] R=7,S=4,K=10,C=3,Y=222,X=222 || L2:[sp=K,5] C=1,S=3,R=2,X=97,K=2,Y=1",-inf,-inf,0,K|K,1
K,163,R,7,S,5,K,10,X,195,Y,168,C,2,K,5,C,1,S,5,Y,1,X,1,K,2,R,2,"L1:[sp=K,163] R=7,S=5,K=10,X=195,Y=168,C=2 || L2:[sp=K,5] C=1,S=5,Y=1,X=1,K=2,R=2",-inf,-inf,0,K|K,1
K,163,R,2,S,7,K,26,C,3,Y,222,X,222,K,5,C,1,Y,1,R,2,X,1,K,2,S,3,"L1:[sp=K,163] R=2,S=7,K=26,C=3,Y=222,X=222 || L2:[sp=K,5] C=1,Y=1,R=2,X=1,K=2,S=3",-inf,-inf,0,K|K,1
K,163,R,7,S,7,K,10,X,222,Y,222,C,2,X,6,C,1,S,7,Y,1,X,1,K,2,R,2,"L1:[sp=K,163] R=7,S=7,K=10,X=222,Y=222,C=2 || L2:[sp=X,6] C=1,S=7,Y=1,X=1,K=2,R=2",-1473.0,-163323000.0,1,K|X,1
K,163,R,7,S,7,K,10,C,2,Y,222,X,222,K,5,C,1,S,3,R,2,X,1,K,2,Y,60,"L1:[sp=K,163] R=7,S=7,K=10,C=2,Y=222,X=222 || L2:[sp=K,5] C=1,S=3,R=2,X=1,K=2,Y=60",-inf,-inf,0,K|K,1
K,163,Y,222,S,7,C,2,X,222,R,7,K,6,Y,5,C,1,S,4,R,2,X,137,K,5,Y,1,"L1:[sp=K,163] Y=222,S=7,C=2,X=222,R=7,K=6 || L2:[sp=Y,5] C=1,S=4,R=2,X=137,K=5,Y=1",-inf,-inf,0,K|Y,1
K,163,Y,222,S,7,C,3,X,222,K,6,R,7,K,3,Y,160,S,3,R,2,X,1,K,6,C,1,"L1:[sp=K,163] Y=222,S=7,C=3,X=222,K=6,R=7 || L2:[sp=K,3] Y=160,S=3,R=2,X=1,K=6,C=1",-inf,-inf,0,K|K,1
K,163,Y,222,S,7,C,3,X,222,R,7,K,10,K,5,Y,1,S,2,R,2,X,1,K,2,C,3,"L1:[sp=K,163] Y=222,S=7,C=3,X=222,R=7,K=10 || L2:[sp=K,5] Y=1,S=2,R=2,X=1,K=2,C=3",-296.0,-163323000.0,1,K|K,1
K,163,Y,222,S,4,C,3,R,7,X,222,K,10,K,5,K,2,S,3,R,2,X,1,Y,1,C,3,"L1:[sp=K,163] Y=222,S=4,C=3,R=7,X=222,K=10 || L2:[sp=K,5] K=2,S=3,R=2,X=1,Y=1,C=3",-885.0,-163323000.0,1,K|K,1
K,163,Y,222,S,7,C,3,R,6,X,222,K,10,K,10,Y,1,S,4,R,2,X,1,K,5,C,2,"L1:[sp=K,163] Y=222,S=7,C=3,R=6,X=222,K=10 || L2:[sp=K,10] Y=1,S=4,R=2,X=1,K=5,C=2",-1683.0,-163323000.0,1,K|K,1
K,163,R,7,S,4,K,10,X,222,Y,222,C,2,K,5,C,2,S,3,R,2,X,1,K,2,Y,14,"L1:[sp=K,163] R=7,S=4,K=10,X=222,Y=222,C=2 || L2:[sp=K,5] C=2,S=3,R=2,X=1,K=2,Y=14",-16469.0,-163323000.0,1,K|K,1
K,163,Y,222,S,7,C,3,X,222,R,7,K,10,K,5,Y,1,S,2,R,2,X,1,K,2,C,3,"L1:[sp=K,163] Y=222,S=7,C=3,X=222,R=7,K=10 || L2:[sp=K,5] Y=1,S=2,R=2,X=1,K=2,C=3",-296.0,-163323000.0,1,K|K,1
K,163,Y,222,S,4,C,3,R,7,X,222,K,10,K,5,K,2,S,3,R,2,X,1,Y,1,C,3,"L1:[sp=K,163] Y=222,S=4,C=3,R=7,X=222,K=10 || L2:[sp=K,5] K=2,S=3,R=2,X=1,Y=1,C=3",-885.0,-163323000.0,1,K|K,1
K,163,Y,222,S,7,C,3,R,6,X,222,K,10,K,10,Y,1,S,6,R,2,X,1,K,8,C,2,"L1:[sp=K,163] Y=222,S=7,C=3,R=6,X=222,K=10 || L2:[sp=K,10] Y=1,S=6,R=2,X=1,K=8,C=2",-inf,-inf,0,K|K,1
X,163,Y,222,S,4,C,3,K,10,X,222,R,7,K,5,K,2,S,3,R,2,X,1,Y,16,C,3,"L1:[sp=X,163] Y=222,S=4,C=3,K=10,X=222,R=7 || L2:[sp=K,5] K=2,S=3,R=2,X=1,Y=16,C=3",-inf,-inf,0,X|K,1
K,163,Y,222,S,7,C,3,R,6,K,10,X,222,K,10,Y,182,S,4,R,5,X,1,K,5,C,2,"L1:[sp=K,163] Y=222,S=7,C=3,R=6,K=10,X=222 || L2:[sp=K,10] Y=182,S=4,R=5,X=1,K=5,C=2",-inf,-inf,0,K|K,1
K,163,Y,222,S,4,C,3,R,5,X,222,K,10,K,10,Y,1,S,3,R,2,X,1,K,5,C,2,"L1:[sp=K,163] Y=222,S=4,C=3,R=5,X=222,K=10 || L2:[sp=K,10] Y=1,S=3,R=2,X=1,K=5,C=2",-2210.0,-163323000.0,1,K|K,1
K,163,Y,222,S,7,C,2,R,6,X,222,K,10,K,5,K,2,S,4,R,2,X,1,Y,1,C,2,"L1:[sp=K,163] Y=222,S=7,C=2,R=6,X=222,K=10 || L2:[sp=K,5] K=2,S=4,R=2,X=1,Y=1,C=2",-901.0,-163323000.0,1,K|K,1
K,163,Y,222,S,5,C,3,X,222,R,7,K,10,K,5,Y,1,S,4,R,1,X,1,K,2,C,1,"L1:[sp=K,163] Y=222,S=5,C=3,X=222,R=7,K=10 || L2:[sp=K,5] Y=1,S=4,R=1,X=1,K=2,C=1",-2019.0,-163323000.0,1,K|K,1
K,163,Y,222,S,1,X,222,R,6,C,3,K,10,C,1,Y,1,S,1,R,2,X,1,K,4,C,2,"L1:[sp=K,163] Y=222,S=1,X=222,R=6,C=3,K=10 || L2:[sp=C,1] Y=1,S=1,R=2,X=1,K=4,C=2",-376349.0,-163323000.0,1,K|C,1
K,163,Y,222,S,7,C,3,X,222,R,7,K,10,K,5,Y,1,K,10,R,2,X,1,S,2,C,3,"L1:[sp=K,163] Y=222,S=7,C=3,X=222,R=7,K=10 || L2:[sp=K,5] Y=1,K=10,R=2,X=1,S=2,C=3",-1472.0,-163323000.0,1,K|K,1
K,163,Y,222,S,7,C,3,X,222,R,7,K,22,K,5,Y,1,S,2,R,2,X,1,K,2,C,3,"L1:[sp=K,163] Y=222,S=7,C=3,X=222,R=7,K=22 || L2:[sp=K,5] Y=1,S=2,R=2,X=1,K=2,C=3",-884.0,-163323000.0,1,K|K,1
K,163,Y,222,S,7,C,3,X,222,R,4,K,6,Y,5,Y,1,S,4,R,2,X,1,K,4,C,1,"L1:[sp=K,163] Y=222,S=7,C=3,X=222,R=4,K=6 || L2:[sp=Y,5] Y=1,S=4,R=2,X=1,K=4,C=1",-2019.0,-163323000.0,1,K|Y,1
K,163,Y,222,S,4,C,3,R,7,X,222,K,10,C,1,Y,1,S,3,R,2,X,1,K,4,C,3,"L1:[sp=K,163] Y=222,S=4,C=3,R=7,X=222,K=10 || L2:[sp=C,1] Y=1,S=3,R=2,X=1,K=4,C=3",-4413.0,-163323000.0,1,K|C,1
K,163,Y,222,S,7,C,1,X,222,R,7,K,10,K,5,Y,1,K,10,R,2,S,4,X,1,C,1,"L1:[sp=K,163] Y=222,S=7,C=1,X=222,R=7,K=10 || L2:[sp=K,5] Y=1,K=10,R=2,S=4,X=1,C=1",-2944.0,-163323000.0,1,K|K,1
K,163,Y,222,S,7,C,3,X,222,R,7,K,6,Y,5,Y,1,S,3,R,2,X,1,K,4,C,1,"L1:[sp=K,163] Y=222,S=7,C=3,X=222,R=7,K=6 || L2:[sp=Y,5] Y=1,S=3,R=2,X=1,K=4,C=1",-2648.0,-163323000.0,1,K|Y,1
K,163,Y,222,S,4,C,3,R,7,X,222,K,10,C,1,Y,1,S,3,R,2,X,1,K,4,C,3,"L1:[sp=K,163] Y=222,S=4,C=3,R=7,X=222,K=10 || L2:[sp=C,1] Y=1,S=3,R=2,X=1,K=4,C=3",-4413.0,-163323000.0,1,K|C,1
K,163,Y,222,S,7,C,3,R,6,X,97,K,10,K,10,Y,1,S,4,R,2,X,1,C,2,K,5,"L1:[sp=K,163] Y=222,S=7,C=3,R=6,X=97,K=10 || L2:[sp=K,10] Y=1,S=4,R=2,X=1,C=2,K=5",-190687.0,-163324000.0,1,K|K,1
K,163,Y,222,S,7,C,3,X,207,R,7,K,10,K,5,Y,1,K,10,R,2,X,1,S,4,C,3,"L1:[sp=K,163] Y=222,S=7,C=3,X=207,R=7,K=10 || L2:[sp=K,5] Y=1,K=10,R=2,X=1,S=4,C=3",-inf,-inf,0,K|K,1
K,163,Y,222,S,4,C,3,R,6,X,222,K,10,K,10,Y,1,R,2,S,2,X,1,K,5,C,2,"L1:[sp=K,163] Y=222,S=4,C=3,R=6,X=222,K=10 || L2:[sp=K,10] Y=1,R=2,S=2,X=1,K=5,C=2",-965.0,-163323000.0,1,K|K,1
K,163,Y,152,S,7,C,3,R,7,X,222,K,10,C,1,Y,7,S,2,R,2,X,1,K,4,C,2,"L1:[sp=K,163] Y=152,S=7,C=3,R=7,X=222,K=10 || L2:[sp=C,1] Y=7,S=2,R=2,X=1,K=4,C=2",-inf,-inf,0,K|C,1
K,163,Y,222,S,4,C,3,X,222,R,7,K,10,X,24,Y,183,S,3,R,2,X,1,K,2,C,3,"L1:[sp=K,163] Y=222,S=4,C=3,X=222,R=7,K=10 || L2:[sp=X,24] Y=183,S=3,R=2,X=1,K=2,C=3",-inf,-inf,0,K|X,1
K,163,Y,222,S,7,C,3,X,222,R,7,K,10,K,5,Y,1,S,2,R,2,X,1,K,2,C,3,"L1:[sp=K,163] Y=222,S=7,C=3,X=222,R=7,K=10 || L2:[sp=K,5] Y=1,S=2,R=2,X=1,K=2,C=3",-296.0,-163323000.0,1,K|K,1
K,163,Y,222,S,7,C,3,X,222,R,7,K,10,K,5,Y,1,K,5,R,2,X,1,S,2,C,3,"L1:[sp=K,163] Y=222,S=7,C=3,X=222,R=7,K=10 || L2:[sp=K,5] Y=1,K=5,R=2,X=1,S=2,C=3",-737.0,-163323000.0,1,K|K,1
K,163,Y,76,S,7,C,3,X,222,R,7,K,22,K,5,Y,1,S,2,R,2,X,1,K,2,C,3,"L1:[sp=K,163] Y=76,S=7,C=3,X=222,R=7,K=22 || L2:[sp=K,5] Y=1,S=2,R=2,X=1,K=2,C=3",-inf,-inf,0,K|K,1
X,163,X,222,S,7,C,3,R,4,Y,222,K,10,K,21,Y,1,C,2,S,4,X,1,K,2,R,2,"L1:[sp=X,163] X=222,S=7,C=3,R=4,Y=222,K=10 || L2:[sp=K,21] Y=1,C=2,S=4,X=1,K=2,R=2",-4719.0,-163323000.0,1,X|K,1
K,163,C,3,S,4,Y,222,X,222,R,6,K,6,Y,5,Y,1,S,2,R,2,X,1,K,4,C,2,"L1:[sp=K,163] C=3,S=4,Y=222,X=222,R=6,K=6 || L2:[sp=Y,5] Y=1,S=2,R=2,X=1,K=4,C=2",-1157.0,-163323000.0,1,K|Y,1
X,163,Y,222,S,4,C,1,R,7,X,222,K,10,K,5,K,4,S,3,R,2,X,1,Y,1,C,1,"L1:[sp=X,163] Y=222,S=4,C=1,R=7,X=222,K=10 || L2:[sp=K,5] K=4,S=3,R=2,X=1,Y=1,C=1",-12391.0,-163323000.0,1,X|K,1
K,163,Y,222,S,7,C,3,X,222,R,7,K,15,K,5,Y,1,S,2,K,2,X,1,R,2,C,3,"L1:[sp=K,163] Y=222,S=7,C=3,X=222,R=7,K=15 || L2:[sp=K,5] Y=1,S=2,K=2,X=1,R=2,C=3",-590.0,-163323000.0,1,K|K,1
K,163,Y,222,S,7,C,3,X,222,R,7,K,14,K,5,Y,1,S,2,R,2,X,60,K,2,C,3,"L1:[sp=K,163] Y=222,S=7,C=3,X=222,R=7,K=14 || L2:[sp=K,5] Y=1,S=2,R=2,X=60,K=2,C=3",-inf,-inf,0,K|K,1
C,163,Y,222,S,7,K,10,R,6,X,222,C,2,C,1,C,2,S,4,R,2,X,1,Y,1,K,2,"L1:[sp=C,163] Y=222,S=7,K=10,R=6,X=222,C=2 || L2:[sp=C,1] C=2,S=4,R=2,X=1,Y=1,K=2",-14351.0,-163323000.0,1,C|C,1
K,163,Y,52,S,4,C,3,R,7,X,222,K,10,K,10,Y,1,R,2,S,3,X,1,K,5,C,2,"L1:[sp=K,163] Y=52,S=4,C=3,R=7,X=222,K=10 || L2:[sp=K,10] Y=1,R=2,S=3,X=1,K=5,C=2",-535826.0,-163323000.0,1,K|K,1
K,163,Y,222,S,4,C,1,R,2,X,222,K,10,K,5,K,2,S,2,R,2,X,1,Y,148,C,1,"L1:[sp=K,163] Y=222,S=4,C=1,R=2,X=222,K=10 || L2:[sp=K,5] K=2,S=2,R=2,X=1,Y=148,C=1",-inf,-inf,0,K|K,1
K,163,Y,222,S,5,C,3,X,222,R,7,K,16,K,5,Y,1,S,4,R,1,X,1,K,2,C,1,"L1:[sp=K,163] Y=222,S=5,C=3,X=222,R=7,K=16 || L2:[sp=K,5] Y=1,S=4,R=1,X=1,K=2,C=1",-4035.0,-163323000.0,1,K|K,1
K,163,Y,53,S,2,C,3,R,6,X,222,K,10,K,5,Y,1,R,2,S,2,X,1,K,5,C,2,"L1:[sp=K,163] Y=53,S=2,C=3,R=6,X=222,K=10 || L2:[sp=K,5] Y=1,R=2,S=2,X=1,K=5,C=2",-inf,-inf,0,K|K,1
K,163,Y,170,S,7,C,3,R,7,X,222,K,10,K,10,Y,1,R,2,S,2,X,1,K,5,C,2,"L1:[sp=K,163] Y=170,S=7,C=3,R=7,X=222,K=10 || L2:[sp=K,10] Y=1,R=2,S=2,X=1,K=5,C=2",-inf,-inf,0,K|K,1
K,163,Y,222,S,4,C,3,X,222,R,6,K,43,K,5,Y,1,S,4,R,2,X,1,K,2,C,3,"L1:[sp=K,163] Y=222,S=4,C=3,X=222,R=6,K=43 || L2:[sp=K,5] Y=1,S=4,R=2,X=1,K=2,C=3",-1733.0,-163323000.0,1,K|K,1
K,163,Y,222,S,4,C,3,R,7,X,222,K,10,X,5,K,2,S,3,R,2,Y,1,X,89,C,3,"L1:[sp=K,163] Y=222,S=4,C=3,R=7,X=222,K=10 || L2:[sp=X,5] K=2,S=3,R=2,Y=1,X=89,C=3",-inf,-inf,0,K|X,1
X,163,Y,222,S,7,C,3,X,222,R,7,K,10,K,5,Y,1,X,1,R,2,S,4,K,2,C,3,"L1:[sp=X,163] Y=222,S=7,C=3,X=222,R=7,K=10 || L2:[sp=K,5] Y=1,X=1,R=2,S=4,K=2,C=3",-4124.0,-163323000.0,1,X|K,1
K,163,Y,222,S,4,C,3,R,7,X,222,K,10,K,5,K,2,S,3,R,2,X,1,Y,182,C,3,"L1:[sp=K,163] Y=222,S=4,C=3,R=7,X=222,K=10 || L2:[sp=K,5] K=2,S=3,R=2,X=1,Y=182,C=3",-inf,-inf,0,K|K,1
K,163,Y,222,S,7,C,2,R,6,X,222,K,10,K,5,K,2,S,4,R,2,X,1,Y,1,C,2,"L1:[sp=K,163] Y=222,S=7,C=2,R=6,X=222,K=10 || L2:[sp=K,5] K=2,S=4,R=2,X=1,Y=1,C=2",-901.0,-163323000.0,1,K|K,1
K,163,Y,222,S,5,C,3,X,7,R,7,K,6,C,1,Y,1,S,4,R,1,X,1,C,1,K,4,"L1:[sp=K,163] Y=222,S=5,C=3,X=7,R=7,K=6 || L2:[sp=C,1] Y=1,S=4,R=1,X=1,C=1,K=4",-381089.0,-163323000.0,1,K|C,1
K,163,Y,222,S,7,C,2,X,222,R,4,K,10,K,5,Y,1,S,4,R,2,X,1,K,2,C,1,"L1:[sp=K,163] Y=222,S=7,C=2,X=222,R=4,K=10 || L2:[sp=K,5] Y=1,S=4,R=2,X=1,K=2,C=1",-677.0,-163323000.0,1,K|K,1
K,163,Y,222,S,7,C,3,X,222,R,7,K,10,K,5,Y,1,S,2,R,2,X,1,K,2,C,3,"L1:[sp=K,163] Y=222,S=7,C=3,X=222,R=7,K=10 || L2:[sp=K,5] Y=1,S=2,R=2,X=1,K=2,C=3",-296.0,-163323000.0,1,K|K,1
Y,163,C,3,S,7,Y,222,X,222,R,6,K,6,K,5,Y,1,S,4,R,2,X,1,K,4,C,2,"L1:[sp=Y,163] C=3,S=7,Y=222,X=222,R=6,K=6 || L2:[sp=K,5] Y=1,S=4,R=2,X=1,K=4,C=2",-14807.0,-163323000.0,1,Y|K,1
K,163,Y,222,S,4,C,3,X,222,R,6,K,43,K,5,Y,1,S,2,R,2,X,1,K,2,C,3,"L1:[sp=K,163] Y=222,S=4,C=3,X=222,R=6,K=43 || L2:[sp=K,5] Y=1,S=2,R=2,X=1,K=2,C=3",-1733.0,-163323000.0,1,K|K,1
C,163,Y,222,S,7,C,3,R,6,X,222,K,10,X,12,K,2,S,4,R,2,X,1,Y,1,C,2,"L1:[sp=C,163] Y=222,S=7,C=3,R=6,X=222,K=10 || L2:[sp=X,12] K=2,S=4,R=2,X=1,Y=1,C=2",-10767.0,-163323000.0,1,C|X,1
K,163,Y,222,S,5,C,3,X,222,R,7,K,16,K,5,Y,125,S,4,R,1,X,1,K,2,C,1,"L1:[sp=K,163] Y=222,S=5,C=3,X=222,R=7,K=16 || L2:[sp=K,5] Y=125,S=4,R=1,X=1,K=2,C=1",-inf,-inf,0,K|K,1
K,163,C,3,S,4,Y,222,K,6,R,6,X,222,Y,5,Y,1,S,4,R,2,X,1,K,4,C,2,"L1:[sp=K,163] C=3,S=4,Y=222,K=6,R=6,X=222 || L2:[sp=Y,5] Y=1,S=4,R=2,X=1,K=4,C=2",-1157.0,-163323000.0,1,K|Y,1
K,163,Y,222,S,4,C,3,X,222,R,6,K,43,K,5,Y,1,C,3,R,2,X,185,K,2,S,2,"L1:[sp=K,163] Y=222,S=4,C=3,X=222,R=6,K=43 || L2:[sp=K,5] Y=1,C=3,R=2,X=185,K=2,S=2",-inf,-inf,0,K|K,1
K,163,Y,222,S,4,C,3,X,222,R,6,K,10,K,5,Y,1,S,2,R,2,X,1,K,2,C,2,"L1:[sp=K,163] Y=222,S=4,C=3,X=222,R=6,K=10 || L2:[sp=K,5] Y=1,S=2,R=2,X=1,K=2,C=2",-389.0,-163323000.0,1,K|K,1
K,163,C,2,S,7,Y,222,X,222,R,4,K,6,Y,5,Y,1,S,4,R,2,K,4,X,1,C,1,"L1:[sp=K,163] C=2,S=7,Y=222,X=222,R=4,K=6 || L2:[sp=Y,5] Y=1,S=4,R=2,K=4,X=1,C=1",-2021.0,-163323000.0,1,K|Y,1
K,163,Y,222,S,5,C,3,X,222,R,7,K,16,K,5,Y,1,S,4,R,1,X,1,K,8,C,1,"L1:[sp=K,163] Y=222,S=5,C=3,X=222,R=7,K=16 || L2:[sp=K,5] Y=1,S=4,R=1,X=1,K=8,C=1",-8067.0,-163323000.0,1,K|K,1
K,163,Y,147,S,7,C,2,R,6,X,222,K,10,K,5,K,2,S,4,R,2,X,138,Y,1,C,2,"L1:[sp=K,163] Y=147,S=7,C=2,R=6,X=222,K=10 || L2:[sp=K,5] K=2,S=4,R=2,X=138,Y=1,C=2",-inf,-inf,0,K|K,1
K,163,Y,222,S,7,C,3,X,222,K,57,R,7,K,5,Y,1,S,4,R,2,X,194,K,2,C,3,"L1:[sp=K,163] Y=222,S=7,C=3,X=222,K=57,R=7 || L2:[sp=K,5] Y=1,S=4,R=2,X=194,K=2,C=3",-inf,-inf,0,K|K,1
K,163,Y,222,S,7,C,3,X,115,R,7,K,15,K,5,Y,71,S,2,K,2,X,1,R,2,C,1,"L1:[sp=K,163] Y=222,S=7,C=3,X=115,R=7,K=15 || L2:[sp=K,5] Y=71,S=2,K=2,X=1,R=2,C=1",-inf,-inf,0,K|K,1
K,163,C,3,S,7,Y,222,X,20,R,7,K,6,Y,5,Y,1,S,2,R,2,X,20,K,4,C,2,"L1:[sp=K,163] C=3,S=7,Y=222,X=20,R=7,K=6 || L2:[sp=Y,5] Y=1,S=2,R=2,X=20,K=4,C=2",-inf,-inf,0,K|Y,1
Y,163,Y,20,S,4,C,3,K,15,R,6,X,222,K,5,Y,1,S,2,K,13,X,1,R,2,C,3,"L1:[sp=Y,163] Y=20,S=4,C=3,K=15,R=6,X=222 || L2:[sp=K,5] Y=1,S=2,K=13,X=1,R=2,C=3",-299541.0,-163323000.0,1,Y|K,1
K,163,Y,215,S,7,C,2,R,6,X,222,K,10,K,5,K,2,S,4,R,2,X,1,Y,1,C,1,"L1:[sp=K,163] Y=215,S=7,C=2,R=6,X=222,K=10 || L2:[sp=K,5] K=2,S=4,R=2,X=1,Y=1,C=1",-inf,-inf,0,K|K,1
K,163,C,3,S,4,Y,222,X,222,R,6,K,6,Y,5,Y,1,S,2,R,2,X,1,K,4,C,2,"L1:[sp=K,163] C=3,S=4,Y=222,X=222,R=6,K=6 || L2:[sp=Y,5] Y=1,S=2,R=2,X=1,K=4,C=2",-1157.0,-163323000.0,1,K|Y,1
K,163,K,10,S,7,C,3,X,222,R,7,Y,222,K,5,Y,1,K,5,R,1,X,1,S,2,C,3,"L1:[sp=K,163] K=10,S=7,C=3,X=222,R=7,Y=222 || L2:[sp=K,5] Y=1,K=5,R=1,X=1,S=2,C=3",-1472.0,-163323000.0,1,K|K,1
K,163,Y,222,S,7,C,2,X,222,R,4,K,10,K,5,Y,1,S,4,R,2,X,188,K,2,C,1,"L1:[sp=K,163] Y=222,S=7,C=2,X=222,R=4,K=10 || L2:[sp=K,5] Y=1,S=4,R=2,X=188,K=2,C=1",-inf,-inf,0,K|K,1
K,163,X,222,S,7,C,2,Y,143,R,4,K,10,K,5,Y,22,S,2,R,2,X,1,K,2,C,1,"L1:[sp=K,163] X=222,S=7,C=2,Y=143,R=4,K=10 || L2:[sp=K,5] Y=22,S=2,R=2,X=1,K=2,C=1",-inf,-inf,0,K|K,1
K,163,Y,222,S,7,C,3,X,222,R,7,K,10,K,5,K,2,S,4,R,2,X,205,Y,1,C,3,"L1:[sp=K,163] Y=222,S=7,C=3,X=222,R=7,K=10 || L2:[sp=K,5] K=2,S=4,R=2,X=205,Y=1,C=3",-inf,-inf,0,K|K,1
K,163,Y,222,S,7,C,3,X,222,R,7,K,10,K,5,Y,1,S,2,R,2,X,1,K,2,C,3,"L1:[sp=K,163] Y=222,S=7,C=3,X=222,R=7,K=10 || L2:[sp=K,5] Y=1,S=2,R=2,X=1,K=2,C=3",-296.0,-163323000.0,1,K|K,1
K,163,C,2,S,7,Y,222,X,222,R,4,K,6,C,2,Y,1,S,4,R,2,K,4,X,1,C,1,"L1:[sp=K,163] C=2,S=7,Y=222,X=222,R=4,K=6 || L2:[sp=C,2] Y=1,S=4,R=2,K=4,X=1,C=1",-1349.0,-163323000.0,1,K|C,1
K,163,C,3,S,4,Y,222,X,222,R,6,K,6,Y,5,Y,1,S,2,R,2,X,1,K,4,C,2,"L1:[sp=K,163] C=3,S=4,Y=222,X=222,R=6,K=6 || L2:[sp=Y,5] Y=1,S=2,R=2,X=1,K=4,C=2",-1157.0,-163323000.0,1,K|Y,1
K,163,K,1,S,4,Y,222,C,3,R,6,X,222,Y,5,C,2,Y,1,R,2,X,1,K,1,S,4,"L1:[sp=K,163] K=1,S=4,Y=222,C=3,R=6,X=222 || L2:[sp=Y,5] C=2,Y=1,R=2,X=1,K=1,S=4",-393.0,-163323000.0,1,K|Y,1
K,163,Y,169,S,3,C,2,X,222,R,6,K,10,K,5,Y,1,S,2,R,2,X,1,K,2,C,2,"L1:[sp=K,163] Y=169,S=3,C=2,X=222,R=6,K=10 || L2:[sp=K,5] Y=1,S=2,R=2,X=1,K=2,C=2",-inf,-inf,0,K|K,1
K,163,K,10,S,7,C,3,X,29,R,7,Y,222,K,1,Y,1,K,5,R,1,X,1,S,2,C,3,"L1:[sp=K,163] K=10,S=7,C=3,X=29,R=7,Y=222 || L2:[sp=K,1] Y=1,K=5,R=1,X=1,S=2,C=3",-758529.0,-163323000.0,1,K|K,1
K,163,Y,222,S,7,C,3,X,222,R,7,K,10,K,5,Y,1,S,2,R,2,X,1,K,2,C,3,"L1:[sp=K,163] Y=222,S=7,C=3,X=222,R=7,K=10 || L2:[sp=K,5] Y=1,S=2,R=2,X=1,K=2,C=3",-296.0,-163323000.0,1,K|K,1
K,163,Y,222,S,4,C,3,X,5,R,6,K,43,K,43,Y,1,S,2,R,2,X,1,K,2,C,3,"L1:[sp=K,163] Y=222,S=4,C=3,X=5,R=6,K=43 || L2:[sp=K,43] Y=1,S=2,R=2,X=1,K=2,C=3",-119605.0,-163323000.0,1,K|K,1
K,163,K,38,S,7,C,3,Y,210,R,7,X,222,K,5,Y,1,K,5,R,1,X,1,S,2,C,3,"L1:[sp=K,163] K=38,S=7,C=3,Y=210,R=7,X=222 || L2:[sp=K,5] Y=1,K=5,R=1,X=1,S=2,C=3",-inf,-inf,0,K|K,1
K,163,Y,222,S,3,C,3,X,222,R,7,K,10,K,5,Y,1,S,2,R,2,X,1,K,2,C,3,"L1:[sp=K,163] Y=222,S=3,C=3,X=222,R=7,K=10 || L2:[sp=K,5] Y=1,S=2,R=2,X=1,K=2,C=3",-inf,-inf,0,K|K,1
K,163,C,3,S,4,Y,222,K,6,R,6,X,222,K,2,Y,1,S,4,R,2,X,1,K,4,C,2,"L1:[sp=K,163] C=3,S=4,Y=222,K=6,R=6,X=222 || L2:[sp=K,2] Y=1,S=4,R=2,X=1,K=4,C=2",-773.0,-163323000.0,1,K|K,1
K,163,C,3,S,4,Y,222,X,222,R,6,K,6,Y,5,Y,1,S,2,R,2,X,90,K,4,C,3,"L1:[sp=K,163] C=3,S=4,Y=222,X=222,R=6,K=6 || L2:[sp=Y,5] Y=1,S=2,R=2,X=90,K=4,C=3",-inf,-inf,0,K|Y,1
K,163,Y,222,S,4,C,3,X,222,R,6,K,43,K,5,Y,1,S,4,R,5,X,1,K,2,C,3,"L1:[sp=K,163] Y=222,S=4,C=3,X=222,R=6,K=43 || L2:[sp=K,5] Y=1,S=4,R=5,X=1,K=2,C=3",-7565.0,-163323000.0,1,K|K,1
K,163,K,10,S,2,C,3,X,222,R,7,Y,222,K,5,Y,1,K,5,X,1,R,2,S,2,C,2,"L1:[sp=K,163] K=10,S=2,C=3,X=222,R=7,Y=222 || L2:[sp=K,5] Y=1,K=5,X=1,R=2,S=2,C=2",-inf,-inf,0,K|K,1
K,163,Y,157,S,1,C,3,X,222,R,7,K,10,K,5,Y,1,S,1,R,1,X,1,C,3,K,2,"L1:[sp=K,163] Y=157,S=1,C=3,X=222,R=7,K=10 || L2:[sp=K,5] Y=1,S=1,R=1,X=1,C=3,K=2",-inf,-inf,0,K|K,1
K,163,C,2,S,7,Y,222,X,222,R,4,K,6,Y,5,Y,218,S,4,R,2,K,4,X,1,C,1,"L1:[sp=K,163] C=2,S=7,Y=222,X=222,R=4,K=6 || L2:[sp=Y,5] Y=218,S=4,R=2,K=4,X=1,C=1",-inf,-inf,0,K|Y,1
K,163,Y,222,S,4,R,6,X,222,C,3,K,43,K,5,Y,1,S,2,R,2,X,1,K,2,C,3,"L1:[sp=K,163] Y=222,S=4,R=6,X=222,C=3,K=43 || L2:[sp=K,5] Y=1,S=2,R=2,X=1,K=2,C=3",-1733.0,-163323000.0,1,K|K,1
K,163,C,2,S,7,Y,222,R,4,X,222,K,6,Y,5,Y,1,S,4,R,2,K,4,X,1,C,2,"L1:[sp=K,163] C=2,S=7,Y=222,R=4,X=222,K=6 || L2:[sp=Y,5] Y=1,S=4,R=2,K=4,X=1,C=2",-2693.0,-163323000.0,1,K|Y,1
K,163,Y,222,S,2,C,3,X,222,R,7,K,10,K,5,Y,1,S,2,K,2,X,1,R,2,C,3,"L1:[sp=K,163] Y=222,S=2,C=3,X=222,R=7,K=10 || L2:[sp=K,5] Y=1,S=2,K=2,X=1,R=2,C=3",-inf,-inf,0,K|K,1
K,163,C,2,S,7,Y,222,X,42,R,4,K,6,Y,5,Y,1,S,4,R,2,K,4,X,1,C,1,"L1:[sp=K,163] C=2,S=7,Y=222,X=42,R=4,K=6 || L2:[sp=Y,5] Y=1,S=4,R=2,K=4,X=1,C=1",-237913.0,-163323000.0,1,K|Y,1
K,163,Y,222,R,1,C,3,X,222,S,4,K,10,K,5,Y,1,S,2,R,1,X,1,K,2,C,2,"L1:[sp=K,163] Y=222,R=1,C=3,X=222,S=4,K=10 || L2:[sp=K,5] Y=1,S=2,R=1,X=1,K=2,C=2",-75293.0,-163323000.0,1,K|K,1
K,163,Y,222,S,7,C,3,X,222,R,7,K,10,K,5,Y,1,S,2,R,2,X,1,K,2,C,3,"L1:[sp=K,163] Y=222,S=7,C=3,X=222,R=7,K=10 || L2:[sp=K,5] Y=1,S=2,R=2,X=1,K=2,C=3",-inf,-inf,0,K|K,1
K,163,X,222,S,2,Y,222,R,6,C,2,K,6,Y,5,Y,1,S,2,R,2,K,4,X,1,C,2,"L1:[sp=K,163] X=222,S=2,Y=222,R=6,C=2,K=6 || L2:[sp=Y,5] Y=1,S=2,R=2,K=4,X=1,C=2",-342561.0,-163323000.0,1,K|Y,1
K,163,C,3,S,7,Y,222,K,6,R,4,X,222,K,2,Y,1,S,4,R,2,X,1,K,4,C,2,"L1:[sp=K,163] C=3,S=7,Y=222,K=6,R=4,X=222 || L2:[sp=K,2] Y=1,S=4,R=2,X=1,K=4,C=2",-1347.0,-163323000.0,1,K|K,1
C,163,K,1,S,1,Y,222,C,3,R,6,X,222,Y,56,C,2,Y,1,S,1,X,1,K,1,R,2,"L1:[sp=C,163] K=1,S=1,Y=222,C=3,R=6,X=222 || L2:[sp=Y,56] C=2,Y=1,S=1,X=1,K=1,R=2",-2410241.0,-163323000.0,1,C|Y,1
K,163,C,2,S,4,R,4,Y,222,X,222,K,6,Y,5,Y,1,S,4,R,2,K,4,X,1,C,1,"L1:[sp=K,163] C=2,S=4,R=4,Y=222,X=222,K=6 || L2:[sp=Y,5] Y=1,S=4,R=2,K=4,X=1,C=1",-1161.0,-163323000.0,1,K|Y,1
K,163,C,3,S,7,Y,222,X,222,R,6,K,6,C,2,Y,1,S,2,R,2,K,4,X,1,C,1,"L1:[sp=K,163] C=3,S=7,Y=222,X=222,R=6,K=6 || L2:[sp=C,2] Y=1,S=2,R=2,K=4,X=1,C=1",-675.0,-163323000.0,1,K|C,1
C,163,Y,222,C,3,S,7,X,222,R,4,K,10,K,5,Y,1,S,4,R,2,X,1,K,2,C,3,"L1:[sp=C,163] Y=222,C=3,S=7,X=222,R=4,K=10 || L2:[sp=K,5] Y=1,S=4,R=2,X=1,K=2,C=3",-4719.0,-163323000.0,1,C|K,1
K,163,C,2,S,6,Y,222,R,2,X,178,K,6,Y,5,Y,1,S,2,R,2,K,4,X,1,C,2,"L1:[sp=K,163] C=2,S=6,Y=222,R=2,X=178,K=6 || L2:[sp=Y,5] Y=1,S=2,R=2,K=4,X=1,C=2",-inf,-inf,0,K|Y,1
K,163,Y,59,S,7,R,4,X,222,C,3,K,43,K,5,Y,1,S,4,R,2,X,1,K,2,C,3,"L1:[sp=K,163] Y=59,S=7,R=4,X=222,C=3,K=43 || L2:[sp=K,5] Y=1,S=4,R=2,X=1,K=2,C=3",-inf,-inf,0,K|K,1
K,163,C,3,S,4,Y,222,K,6,R,6,X,98,K,2,Y,1,S,4,R,5,X,1,K,4,C,2,"L1:[sp=K,163] C=3,S=4,Y=222,K=6,R=6,X=98 || L2:[sp=K,2] Y=1,S=4,R=5,X=1,K=4,C=2",-inf,-inf,0,K|K,1
K,163,Y,222,S,4,C,3,X,222,R,6,K,11,K,5,Y,1,S,4,R,2,X,1,K,2,C,3,"L1:[sp=K,163] Y=222,S=4,C=3,X=222,R=6,K=11 || L2:[sp=K,5] Y=1,S=4,R=2,X=1,K=2,C=3",-inf,-inf,0,K|K,1
K,163,C,2,S,4,Y,222,R,6,X,222,K,6,Y,5,Y,1,S,2,R,2,K,4,X,1,C,2,"L1:[sp=K,163] C=2,S=4,Y=222,R=6,X=222,K=6 || L2:[sp=Y,5] Y=1,S=2,R=2,K=4,X=1,C=2",-1545.0,-163323000.0,1,K|Y,1
K,163,Y,222,S,7,R,4,X,222,C,3,K,43,K,5,X,1,C,1,R,2,Y,1,K,2,S,4,"L1:[sp=K,163] Y=222,S=7,R=4,X=222,C=3,K=43 || L2:[sp=K,5] X=1,C=1,R=2,Y=1,K=2,S=4",-3027.0,-163323000.0,1,K|K,1
Y,163,C,3,S,7,Y,222,X,167,R,4,K,6,C,2,Y,1,R,2,S,4,K,4,X,1,C,1,"L1:[sp=Y,163] C=3,S=7,Y=222,X=167,R=4,K=6 || L2:[sp=C,2] Y=1,R=2,S=4,K=4,X=1,C=1",-1605677.0,-163323000.0,1,Y|C,1
K,163,C,3,S,4,Y,37,X,222,R,6,K,6,Y,5,R,2,S,2,Y,37,X,1,K,4,C,2,"L1:[sp=K,163] C=3,S=4,Y=37,X=222,R=6,K=6 || L2:[sp=Y,5] R=2,S=2,Y=37,X=1,K=4,C=2",-inf,-inf,0,K|Y,1
C,163,C,2,S,7,Y,222,X,222,R,4,K,52,C,2,Y,1,S,4,R,2,K,4,X,1,C,1,"L1:[sp=C,163] C=2,S=7,Y=222,X=222,R=4,K=52 || L2:[sp=C,2] Y=1,S=4,R=2,K=4,X=1,C=1",-7173.0,-163323000.0,1,C|C,1
K,163,Y,222,S,4,C,3,X,222,R,6,K,43,K,5,Y,1,S,1,R,5,X,1,K,2,C,3,"L1:[sp=K,163] Y=222,S=4,C=3,X=222,R=6,K=43 || L2:[sp=K,5] Y=1,S=1,R=5,X=1,K=2,C=3",-inf,-inf,0,K|K,1
K,163,C,1,S,4,Y,222,X,56,R,4,K,6,Y,5,Y,1,S,4,R,2,X,1,K,4,C,1,"L1:[sp=K,163] C=1,S=4,Y=222,X=56,R=4,K=6 || L2:[sp=Y,5] Y=1,S=4,R=2,X=1,K=4,C=1",-254641.0,-163323000.0,1,K|Y,1
K,163,K,1,S,4,Y,222,C,3,R,6,X,222,Y,5,S,3,Y,1,R,2,X,1,K,1,C,2,"L1:[sp=K,163] K=1,S=4,Y=222,C=3,R=6,X=222 || L2:[sp=Y,5] S=3,Y=1,R=2,X=1,K=1,C=2",-1017.0,-163323000.0,1,K|Y,1
K,163,K,1,S,4,Y,222,C,3,R,6,X,222,Y,5,C,2,Y,1,R,2,X,1,K,1,S,2,"L1:[sp=K,163] K=1,S=4,Y=222,C=3,R=6,X=222 || L2:[sp=Y,5] C=2,Y=1,R=2,X=1,K=1,S=2",-393.0,-163323000.0,1,K|Y,1
K,163,Y,222,S,4,R,6,X,222,K,43,C,1,K,5,Y,1,S,4,R,2,X,1,K,2,C,1,"L1:[sp=K,163] Y=222,S=4,R=6,X=222,K=43,C=1 || L2:[sp=K,5] Y=1,S=4,R=2,X=1,K=2,C=1",-1741.0,-163323000.0,1,K|K,1
K,163,K,1,S,4,Y,222,C,3,R,6,X,222,Y,5,C,2,Y,1,R,2,X,1,K,1,S,2,"L1:[sp=K,163] K=1,S=4,Y=222,C=3,R=6,X=222 || L2:[sp=Y,5] C=2,Y=1,R=2,X=1,K=1,S=2",-393.0,-163323000.0,1,K|Y,1
K,163,C,2,S,7,Y,222,R,4,X,222,K,6,Y,5,Y,1,S,4,R,2,K,4,X,1,C,2,"L1:[sp=K,163] C=2,S=7,Y=222,R=4,X=222,K=6 || L2:[sp=Y,5] Y=1,S=4,R=2,K=4,X=1,C=2",-2693.0,-163323000.0,1,K|Y,1
C,163,C,1,S,4,Y,222,X,222,R,6,K,6,K,2,Y,1,S,2,R,2,K,4,X,1,C,1,"L1:[sp=C,163] C=1,S=4,Y=222,X=222,R=6,K=6 || L2:[sp=K,2] Y=1,S=2,R=2,K=4,X=1,C=1",-2861.0,-163323000.0,1,C|K,1
K,163,K,1,S,4,Y,222,C,3,R,6,X,222,Y,5,S,2,Y,51,R,2,X,1,K,1,C,1,"L1:[sp=K,163] K=1,S=4,Y=222,C=3,R=6,X=222 || L2:[sp=Y,5] S=2,Y=51,R=2,X=1,K=1,C=1",-19593.0,-163323000.0,1,K|Y,1
K,163,C,2,S,4,Y,222,R,6,X,222,K,6,Y,5,Y,1,S,2,R,2,K,4,X,1,C,2,"L1:[sp=K,163] C=2,S=4,Y=222,R=6,X=222,K=6 || L2:[sp=Y,5] Y=1,S=2,R=2,K=4,X=1,C=2",-1545.0,-163323000.0,1,K|Y,1
C,163,C,3,S,4,Y,222,X,222,R,6,K,6,C,2,K,4,S,3,R,2,Y,1,X,1,C,2,"L1:[sp=C,163] C=3,S=4,Y=222,X=222,R=6,K=6 || L2:[sp=C,2] K=4,S=3,R=2,Y=1,X=1,C=2",-21549.0,-163323000.0,1,C|C,1
K,163,K,1,S,7,Y,222,C,3,R,6,X,222,Y,5,S,2,Y,30,R,2,X,1,K,1,C,1,"L1:[sp=K,163] K=1,S=7,Y=222,C=3,R=6,X=222 || L2:[sp=Y,5] S=2,Y=30,R=2,X=1,K=1,C=1",-10085.0,-163323000.0,1,K|Y,1
K,163,C,2,S,4,K,6,Y,222,X,222,R,4,Y,5,Y,185,K,4,R,2,S,4,X,1,C,1,"L1:[sp=K,163] C=2,S=4,K=6,Y=222,X=222,R=4 || L2:[sp=Y,5] Y=185,K=4,R=2,S=4,X=1,C=1",-inf,-inf,0,K|Y,1
K,163,K,6,S,6,Y,201,R,6,X,222,C,2,Y,5,Y,1,S,2,R,2,K,4,X,1,C,2,"L1:[sp=K,163] K=6,S=6,Y=201,R=6,X=222,C=2 || L2:[sp=Y,5] Y=1,S=2,R=2,K=4,X=1,C=2",-72209.0,-163323000.0,1,K|Y,1
K,163,Y,126,S,7,R,4,X,222,C,3,K,43,K,5,X,1,C,1,R,4,Y,1,K,2,S,4,"L1:[sp=K,163] Y=126,S=7,R=4,X=222,C=3,K=43 || L2:[sp=K,5] X=1,C=1,R=4,Y=1,K=2,S=4",-inf,-inf,0,K|K,1
K,163,Y,222,S,6,R,7,C,2,X,13,K,6,Y,5,Y,1,S,4,R,2,K,4,X,1,C,1,"L1:[sp=K,163] Y=222,S=6,R=7,C=2,X=13,K=6 || L2:[sp=Y,5] Y=1,S=4,R=2,K=4,X=1,C=1",-255093.0,-163323000.0,1,K|Y,1
K,163,C,3,S,4,Y,222,K,6,R,4,X,222,K,2,Y,1,S,2,R,2,X,1,K,6,C,2,"L1:[sp=K,163] C=3,S=4,Y=222,K=6,R=4,X=222 || L2:[sp=K,2] Y=1,S=2,R=2,X=1,K=6,C=2",-1157.0,-163323000.0,1,K|K,1
K,163,C,3,S,7,Y,222,R,4,X,222,K,6,Y,5,Y,1,S,4,R,2,K,4,X,110,C,2,"L1:[sp=K,163] C=3,S=7,Y=222,R=4,X=222,K=6 || L2:[sp=Y,5] Y=1,S=4,R=2,K=4,X=110,C=2",-inf,-inf,0,K|Y,1
Y,163,Y,222,S,4,R,6,X,222,C,3,K,43,K,5,K,2,C,1,R,2,Y,1,X,1,S,3,"L1:[sp=Y,163] Y=222,S=4,R=6,X=222,C=3,K=43 || L2:[sp=K,5] K=2,C=1,R=2,Y=1,X=1,S=3",-7065.0,-163323000.0,1,Y|K,1
K,163,K,1,S,7,Y,222,C,1,R,4,X,222,Y,5,S,4,Y,1,R,2,X,1,K,1,C,1,"L1:[sp=K,163] K=1,S=7,Y=222,C=1,R=4,X=222 || L2:[sp=Y,5] S=4,Y=1,R=2,X=1,K=1,C=1",-685.0,-163323000.0,1,K|Y,1
K,163,K,1,S,4,Y,222,C,3,R,6,X,222,C,1,S,3,Y,1,R,1,X,1,K,1,C,2,"L1:[sp=K,163] K=1,S=4,Y=222,C=3,R=6,X=222 || L2:[sp=C,1] S=3,Y=1,R=1,X=1,K=1,C=2",-887.0,-163323000.0,1,K|C,1
K,163,Y,222,S,7,R,4,X,188,C,3,K,42,K,5,X,1,C,1,R,2,Y,1,K,2,S,4,"L1:[sp=K,163] Y=222,S=7,R=4,X=188,C=3,K=42 || L2:[sp=K,5] X=1,C=1,R=2,Y=1,K=2,S=4",-376325.0,-163323000.0,1,K|K,1
K,163,C,2,S,7,R,4,Y,222,X,222,K,5,Y,5,Y,155,S,4,R,2,K,4,X,1,C,1,"L1:[sp=K,163] C=2,S=7,R=4,Y=222,X=222,K=5 || L2:[sp=Y,5] Y=155,S=4,R=2,K=4,X=1,C=1",-inf,-inf,0,K|Y,1
K,163,Y,222,S,4,R,4,X,222,C,3,K,43,K,5,X,1,C,1,Y,1,R,2,K,2,S,4,"L1:[sp=K,163] Y=222,S=4,R=4,X=222,C=3,K=43 || L2:[sp=K,5] X=1,C=1,Y=1,R=2,K=2,S=4",-1733.0,-163323000.0,1,K|K,1
K,163,Y,222,S,4,R,4,X,222,K,43,C,2,K,5,Y,1,S,4,R,2,X,1,K,2,C,1,"L1:[sp=K,163] Y=222,S=4,R=4,X=222,K=43,C=2 || L2:[sp=K,5] Y=1,S=4,R=2,X=1,K=2,C=1",-1737.0,-163323000.0,1,K|K,1
K,163,C,1,S,3,R,6,Y,222,X,189,K,6,Y,5,Y,1,C,1,R,2,K,4,X,1,S,3,"L1:[sp=K,163] C=1,S=3,R=6,Y=222,X=189,K=6 || L2:[sp=Y,5] Y=1,C=1,R=2,K=4,X=1,S=3",-287749.0,-163323000.0,1,K|Y,1
K,163,K,1,S,4,Y,222,C,3,R,6,X,222,Y,5,C,2,Y,1,R,2,X,1,K,1,S,2,"L1:[sp=K,163] K=1,S=4,Y=222,C=3,R=6,X=222 || L2:[sp=Y,5] C=2,Y=1,R=2,X=1,K=1,S=2",-393.0,-163323000.0,1,K|Y,1
K,163,C,2,S,7,Y,222,R,4,X,222,K,6,Y,5,Y,1,S,4,R,2,K,3,X,1,C,2,"L1:[sp=K,163] C=2,S=7,Y=222,R=4,X=222,K=6 || L2:[sp=Y,5] Y=1,S=4,R=2,K=3,X=1,C=2",-2693.0,-163323000.0,1,K|Y,1
K,163,C,3,S,4,Y,222,R,6,X,222,K,6,Y,5,X,1,S,4,R,2,K,2,Y,1,C,2,"L1:[sp=K,163] C=3,S=4,Y=222,R=6,X=222,K=6 || L2:[sp=Y,5] X=1,S=4,R=2,K=2,Y=1,C=2",-1157.0,-163323000.0,1,K|Y,1
K,163,Y,222,S,2,R,4,X,222,K,43,C,2,K,5,Y,1,S,2,R,2,X,1,K,2,C,1,"L1:[sp=K,163] Y=222,S=2,R=4,X=222,K=43,C=2 || L2:[sp=K,5] Y=1,S=2,R=2,X=1,K=2,C=1",-385377.0,-163323000.0,1,K|K,1
K,163,C,2,S,4,Y,222,R,4,X,222,K,6,Y,5,Y,1,S,4,R,2,K,2,X,1,C,1,"L1:[sp=K,163] C=2,S=4,Y=222,R=4,X=222,K=6 || L2:[sp=Y,5] Y=1,S=4,R=2,K=2,X=1,C=1",-1161.0,-163323000.0,1,K|Y,1
K,163,Y,222,S,4,R,4,X,222,C,3,K,43,K,5,X,1,C,1,Y,87,R,1,K,2,S,2,"L1:[sp=K,163] Y=222,S=4,R=4,X=222,C=3,K=43 || L2:[sp=K,5] X=1,C=1,Y=87,R=1,K=2,S=2",-inf,-inf,0,K|K,1
K,163,C,2,S,5,X,222,R,6,Y,222,K,6,Y,5,Y,1,S,4,R,2,K,4,X,1,C,2,"L1:[sp=K,163] C=2,S=5,X=222,R=6,Y=222,K=6 || L2:[sp=Y,5] Y=1,S=4,R=2,K=4,X=1,C=2",-4617.0,-163323000.0,1,K|Y,1
K,163,C,2,S,7,Y,163,R,4,X,62,K,6,Y,5,Y,1,S,4,R,4,K,4,X,1,C,2,"L1:[sp=K,163] C=2,S=7,Y=163,R=4,X=62,K=6 || L2:[sp=Y,5] Y=1,S=4,R=4,K=4,X=1,C=2",-inf,-inf,0,K|Y,1
K,163,C,2,S,4,Y,26,R,6,X,222,K,63,Y,5,Y,1,S,2,R,2,K,4,X,1,C,2,"L1:[sp=K,163] C=2,S=4,Y=26,R=6,X=222,K=63 || L2:[sp=Y,5] Y=1,S=2,R=2,K=4,X=1,C=2",-822601.0,-163323000.0,1,K|Y,1
K,163,C,3,S,4,Y,222,R,6,X,222,K,6,Y,5,Y,1,S,2,R,1,K,4,C,2,X,1,"L1:[sp=K,163] C=3,S=4,Y=222,R=6,X=222,K=6 || L2:[sp=Y,5] Y=1,S=2,R=1,K=4,C=2,X=1",-1013.0,-163323000.0,1,K|Y,1
K,163,K,8,S,2,Y,222,C,2,R,6,X,222,Y,5,C,2,Y,1,R,4,X,1,K,1,S,2,"L1:[sp=K,163] K=8,S=2,Y=222,C=2,R=6,X=222 || L2:[sp=Y,5] C=2,Y=1,R=4,X=1,K=1,S=2",-1370145.0,-163323000.0,1,K|Y,1
K,163,K,1,S,4,Y,222,C,3,R,6,X,222,Y,5,C,2,Y,41,R,2,X,114,K,1,S,2,"L1:[sp=K,163] K=1,S=4,Y=222,C=3,R=6,X=222 || L2:[sp=Y,5] C=2,Y=41,R=2,X=114,K=1,S=2",-inf,-inf,0,K|Y,1
Y,163,K,1,C,1,Y,222,S,7,R,4,X,222,K,5,S,4,Y,1,R,2,X,1,K,1,C,1,"L1:[sp=Y,163] K=1,C=1,Y=222,S=7,R=4,X=222 || L2:[sp=K,5] S=4,Y=1,R=2,X=1,K=1,C=1",-21889.0,-163323000.0,1,Y|K,1
K,163,Y,222,S,4,R,6,X,222,C,3,K,43,K,5,X,1,C,3,Y,175,R,2,K,2,S,3,"L1:[sp=K,163] Y=222,S=4,R=6,X=222,C=3,K=43 || L2:[sp=K,5] X=1,C=3,Y=175,R=2,K=2,S=3",-inf,-inf,0,K|K,1
K,163,K,1,S,4,Y,222,C,3,R,4,X,222,Y,5,C,1,Y,1,R,2,X,1,K,1,S,4,"L1:[sp=K,163] K=1,S=4,Y=222,C=3,R=4,X=222 || L2:[sp=Y,5] C=1,Y=1,R=2,X=1,K=1,S=4",-393.0,-163323000.0,1,K|Y,1
K,163,C,3,S,4,Y,222,K,6,R,4,X,222,Y,7,Y,1,S,2,R,2,X,1,K,3,C,2,"L1:[sp=K,163] C=3,S=4,Y=222,K=6,R=4,X=222 || L2:[sp=Y,7] Y=1,S=2,R=2,X=1,K=3,C=2",-1157.0,-163323000.0,1,K|Y,1
K,163,Y,222,S,4,R,4,X,222,K,43,C,2,K,5,Y,26,S,4,R,2,X,1,K,2,C,1,"L1:[sp=K,163] Y=222,S=4,R=4,X=222,K=43,C=2 || L2:[sp=K,5] Y=26,S=4,R=2,X=1,K=2,C=1",-inf,-inf,0,K|K,1
K,163,C,2,S,7,R,4,Y,222,X,204,K,6,Y,5,Y,1,S,3,R,2,K,4,X,1,C,2,"L1:[sp=K,163] C=2,S=7,R=4,Y=222,X=204,K=6 || L2:[sp=Y,5] Y=1,S=3,R=2,K=4,X=1,C=2",-303753.0,-163323000.0,1,K|Y,1
K,163,K,1,S,7,Y,222,C,1,R,7,X,222,Y,5,S,4,Y,110,R,2,X,1,K,1,C,1,"L1:[sp=K,163] K=1,S=7,Y=222,C=1,R=7,X=222 || L2:[sp=Y,5] S=4,Y=110,R=2,X=1,K=1,C=1",-inf,-inf,0,K|Y,1
K,163,C,2,S,7,K,6,R,4,X,222,Y,222,Y,5,Y,1,S,2,R,2,K,3,X,1,C,2,"L1:[sp=K,163] C=2,S=7,K=6,R=4,X=222,Y=222 || L2:[sp=Y,5] Y=1,S=2,R=2,K=3,X=1,C=2",-1349.0,-163323000.0,1,K|Y,1
K,163,C,3,S,7,Y,222,K,6,R,6,X,222,C,1,Y,1,S,2,R,2,X,1,K,6,C,2,"L1:[sp=K,163] C=3,S=7,Y=222,K=6,R=6,X=222 || L2:[sp=C,1] Y=1,S=2,R=2,X=1,K=6,C=2",-1011.0,-163323000.0,1,K|C,1
K,163,K,1,S,4,Y,222,C,3,R,6,X,222,Y,5,C,2,Y,1,R,2,X,1,K,1,S,2,"L1:[sp=K,163] K=1,S=4,Y=222,C=3,R=6,X=222 || L2:[sp=Y,5] C=2,Y=1,R=2,X=1,K=1,S=2",-393.0,-163323000.0,1,K|Y,1
K,163,C,3,S,4,Y,222,K,6,R,7,X,222,Y,7,Y,117,S,2,R,2,X,1,K,3,C,1,"L1:[sp=K,163] C=3,S=4,Y=222,K=6,R=7,X=222 || L2:[sp=Y,7] Y=117,S=2,R=2,X=1,K=3,C=1",-inf,-inf,0,K|Y,1
C,163,C,3,S,7,Y,190,K,6,R,6,X,62,K,1,Y,1,S,2,R,2,X,1,K,6,C,2,"L1:[sp=C,163] C=3,S=7,Y=190,K=6,R=6,X=62 || L2:[sp=K,1] Y=1,S=2,R=2,X=1,K=6,C=2",-inf,-inf,0,C|K,1
K,163,C,3,S,7,Y,222,R,4,X,222,K,6,Y,5,X,1,S,2,R,2,K,2,Y,1,C,2,"L1:[sp=K,163] C=3,S=7,Y=222,R=4,X=222,K=6 || L2:[sp=Y,5] X=1,S=2,R=2,K=2,Y=1,C=2",-1011.0,-163323000.0,1,K|Y,1
K,163,C,2,S,4,K,6,R,6,X,222,Y,222,Y,5,Y,1,S,4,R,2,K,3,X,193,C,2,"L1:[sp=K,163] C=2,S=4,K=6,R=6,X=222,Y=222 || L2:[sp=Y,5] Y=1,S=4,R=2,K=3,X=193,C=2",-inf,-inf,0,K|Y,1
K,163,C,3,S,4,Y,222,K,6,R,3,X,222,C,1,X,1,S,4,R,2,C,2,K,6,Y,1,"L1:[sp=K,163] C=3,S=4,Y=222,K=6,R=3,X=222 || L2:[sp=C,1] X=1,S=4,R=2,C=2,K=6,Y=1",-224791.0,-163323000.0,1,K|C,1
K,163,C,2,S,7,Y,222,R,6,X,222,K,6,Y,5,X,1,S,7,R,2,K,2,Y,1,C,2,"L1:[sp=K,163] C=2,S=7,Y=222,R=6,X=222,K=6 || L2:[sp=Y,5] X=1,S=7,R=2,K=2,Y=1,C=2",-1349.0,-163323000.0,1,K|Y,1
K,163,K,1,S,7,Y,207,C,2,R,4,X,222,Y,5,C,2,Y,1,R,2,X,177,K,1,S,2,"L1:[sp=K,163] K=1,S=7,Y=207,C=2,R=4,X=222 || L2:[sp=Y,5] C=2,Y=1,R=2,X=177,K=1,S=2",-inf,-inf,0,K|Y,1
K,163,C,3,S,4,K,6,R,6,X,6,Y,222,Y,5,Y,1,S,4,R,2,K,3,X,1,C,2,"L1:[sp=K,163] C=3,S=4,K=6,R=6,X=6,Y=222 || L2:[sp=Y,5] Y=1,S=4,R=2,K=3,X=1,C=2",-254741.0,-163323000.0,1,K|Y,1
Y,163,K,1,S,4,Y,222,C,3,R,5,X,222,K,5,C,3,Y,1,R,2,X,1,K,1,S,3,"L1:[sp=Y,163] K=1,S=4,Y=222,C=3,R=5,X=222 || L2:[sp=K,5] C=3,Y=1,R=2,X=1,K=1,S=3",-28481.0,-163323000.0,1,Y|K,1
K,163,C,3,S,4,Y,222,R,6,X,222,K,6,Y,5,Y,1,S,2,R,4,K,4,C,2,X,52,"L1:[sp=K,163] C=3,S=4,Y=222,R=6,X=222,K=6 || L2:[sp=Y,5] Y=1,S=2,R=4,K=4,C=2,X=52",-inf,-inf,0,K|Y,1
K,163,K,28,S,4,X,222,C,3,R,6,Y,222,Y,5,C,2,Y,1,R,2,X,1,K,21,S,2,"L1:[sp=K,163] K=28,S=4,X=222,C=3,R=6,Y=222 || L2:[sp=Y,5] C=2,Y=1,R=2,X=1,K=21,S=2",-inf,-inf,0,K|Y,1
Y,163,C,3,S,4,Y,222,R,6,X,222,K,6,K,5,Y,1,S,2,R,1,K,4,C,2,X,1,"L1:[sp=Y,163] C=3,S=4,Y=222,R=6,X=222,K=6 || L2:[sp=K,5] Y=1,S=2,R=1,K=4,C=2,X=1",-14829.0,-163323000.0,1,Y|K,1
K,163,C,2,S,4,Y,120,R,4,X,222,K,6,Y,5,Y,1,S,4,R,2,K,2,X,1,C,1,"L1:[sp=K,163] C=2,S=4,Y=120,R=4,X=222,K=6 || L2:[sp=Y,5] Y=1,S=4,R=2,K=2,X=1,C=1",-53009.0,-163323000.0,1,K|Y,1
K,163,C,3,S,7,Y,222,K,6,R,6,X,222,C,1,X,1,S,2,R,2,Y,173,K,4,C,2,"L1:[sp=K,163] C=3,S=7,Y=222,K=6,R=6,X=222 || L2:[sp=C,1] X=1,S=2,R=2,Y=173,K=4,C=2",-inf,-inf,0,K|C,1
K,163,C,2,S,7,K,6,R,3,X,222,Y,222,Y,5,Y,1,S,2,R,2,K,3,X,1,C,2,"L1:[sp=K,163] C=2,S=7,K=6,R=3,X=222,Y=222 || L2:[sp=Y,5] Y=1,S=2,R=2,K=3,X=1,C=2",-inf,-inf,0,K|Y,1
Y,163,K,1,S,4,Y,222,C,3,R,4,X,222,K,5,C,1,Y,1,R,2,X,1,K,1,S,2,"L1:[sp=Y,163] K=1,S=4,Y=222,C=3,R=4,X=222 || L2:[sp=K,5] C=1,Y=1,R=2,X=1,K=1,S=2",-12545.0,-163323000.0,1,Y|K,1
K,163,C,3,S,4,Y,12,R,6,X,222,K,6,Y,5,Y,1,S,2,R,1,K,2,C,2,X,1,"L1:[sp=K,163] C=3,S=4,Y=12,R=6,X=222,K=6 || L2:[sp=Y,5] Y=1,S=2,R=1,K=2,C=2,X=1",-74669.0,-163323000.0,1,K|Y,1
K,163,C,3,S,4,Y,222,K,6,R,4,X,222,Y,7,Y,1,S,2,R,2,X,1,K,4,C,2,"L1:[sp=K,163] C=3,S=4,Y=222,K=6,R=4,X=222 || L2:[sp=Y,7] Y=1,S=2,R=2,X=1,K=4,C=2",-1157.0,-163323000.0,1,K|Y,1
K,163,C,3,S,4,Y,50,K,6,R,4,X,191,Y,7,Y,1,S,4,R,2,X,1,K,3,C,2,"L1:[sp=K,163] C=3,S=4,Y=50,K=6,R=4,X=191 || L2:[sp=Y,7] Y=1,S=4,R=2,X=1,K=3,C=2",-inf,-inf,0,K|Y,1
K,163,C,3,S,4,Y,222,R,6,X,222,K,6,K,6,X,1,S,2,R,2,K,2,Y,1,C,2,"L1:[sp=K,163] C=3,S=4,Y=222,R=6,X=222,K=6 || L2:[sp=K,6] X=1,S=2,R=2,K=2,Y=1,C=2",-389.0,-163323000.0,1,K|K,1
K,163,C,3,S,4,Y,222,R,6,X,222,K,6,K,6,X,1,S,2,R,2,K,2,Y,1,C,2,"L1:[sp=K,163] C=3,S=4,Y=222,R=6,X=222,K=6 || L2:[sp=K,6] X=1,S=2,R=2,K=2,Y=1,C=2",-389.0,-163323000.0,1,K|K,1
K,163,C,3,S,7,Y,222,R,4,X,222,K,6,C,3,X,1,S,5,R,2,K,2,Y,1,C,2,"L1:[sp=K,163] C=3,S=7,Y=222,R=4,X=222,K=6 || L2:[sp=C,3] X=1,S=5,R=2,K=2,Y=1,C=2",-2691.0,-163323000.0,1,K|C,1
K,163,C,2,S,7,Y,222,R,6,X,222,K,14,Y,5,X,1,S,7,R,2,K,2,Y,1,C,2,"L1:[sp=K,163] C=2,S=7,Y=222,R=6,X=222,K=14 || L2:[sp=Y,5] X=1,S=7,R=2,K=2,Y=1,C=2",-3141.0,-163323000.0,1,K|Y,1
Y,163,K,1,S,4,Y,222,C,3,R,6,X,222,K,2,C,2,Y,1,R,2,X,1,K,1,S,2,"L1:[sp=Y,163] K=1,S=4,Y=222,C=3,R=6,X=222 || L2:[sp=K,2] C=2,Y=1,R=2,X=1,K=1,S=2",-12545.0,-163323000.0,1,Y|K,1
K,163,C,1,S,4,Y,222,R,1,X,222,K,6,K,6,K,2,S,2,R,1,X,1,Y,1,C,1,"L1:[sp=K,163] C=1,S=4,Y=222,R=1,X=222,K=6 || L2:[sp=K,6] K=2,S=2,R=1,X=1,Y=1,C=1",-75349.0,-163323000.0,1,K|K,1
K,163,C,3,S,4,Y,182,R,6,X,222,K,6,Y,5,X,1,S,2,R,1,K,2,Y,1,C,2,"L1:[sp=K,163] C=3,S=4,Y=182,R=6,X=222,K=6 || L2:[sp=Y,5] X=1,S=2,R=1,K=2,Y=1,C=2",-47385.0,-163323000.0,1,K|Y,1
Y,163,C,3,S,7,Y,222,R,4,X,47,K,28,K,5,Y,44,S,2,R,2,K,4,C,2,X,1,"L1:[sp=Y,163] C=3,S=7,Y=222,R=4,X=47,K=28 || L2:[sp=K,5] Y=44,S=2,R=2,K=4,C=2,X=1",-inf,-inf,0,Y|K,1
Y,163,K,49,S,4,Y,222,C,3,R,5,X,222,K,5,C,3,Y,1,R,2,X,1,S,2,K,1,"L1:[sp=Y,163] K=49,S=4,Y=222,C=3,R=5,X=222 || L2:[sp=K,5] C=3,Y=1,R=2,X=1,S=2,K=1",-2193.0,-163323000.0,1,Y|K,1
K,163,C,3,S,4,Y,222,R,4,X,222,K,6,Y,5,Y,120,S,3,R,1,K,4,C,2,X,1,"L1:[sp=K,163] C=3,S=4,Y=222,R=4,X=222,K=6 || L2:[sp=Y,5] Y=120,S=3,R=1,K=4,C=2,X=1",-inf,-inf,0,K|Y,1
K,163,C,2,X,182,Y,222,R,6,S,7,K,6,Y,5,X,1,S,7,R,2,K,2,Y,1,C,2,"L1:[sp=K,163] C=2,X=182,Y=222,R=6,S=7,K=6 || L2:[sp=Y,5] X=1,S=7,R=2,K=2,Y=1,C=2",-293001.0,-163324000.0,1,K|Y,1
K,163,C,3,S,4,Y,222,R,6,X,222,K,6,K,6,X,1,S,2,R,2,K,2,Y,1,C,2,"L1:[sp=K,163] C=3,S=4,Y=222,R=6,X=222,K=6 || L2:[sp=K,6] X=1,S=2,R=2,K=2,Y=1,C=2",-389.0,-163323000.0,1,K|K,1
Y,163,C,3,S,7,Y,222,R,6,X,182,K,6,K,5,Y,1,S,2,R,1,K,5,C,2,X,1,"L1:[sp=Y,163] C=3,S=7,Y=222,R=6,X=182,K=6 || L2:[sp=K,5] Y=1,S=2,R=1,K=5,C=2,X=1",-3686805.0,-163323000.0,1,Y|K,1
K,163,C,3,S,4,Y,222,K,6,R,4,X,11,Y,7,Y,1,S,2,R,2,X,1,K,4,C,2,"L1:[sp=K,163] C=3,S=4,Y=222,K=6,R=4,X=11 || L2:[sp=Y,7] Y=1,S=2,R=2,X=1,K=4,C=2",-303061.0,-163323000.0,1,K|Y,1
K,163,K,1,S,4,Y,222,C,3,R,6,X,82,Y,5,C,2,Y,210,R,2,X,1,K,1,S,2,"L1:[sp=K,163] K=1,S=4,Y=222,C=3,R=6,X=82 || L2:[sp=Y,5] C=2,Y=210,R=2,X=1,K=1,S=2",-inf,-inf,0,K|Y,1
K,163,C,2,S,7,Y,215,R,6,X,222,K,6,Y,5,X,1,S,7,R,1,K,2,Y,1,C,2,"L1:[sp=K,163] C=2,S=7,Y=215,R=6,X=222,K=6 || L2:[sp=Y,5] X=1,S=7,R=1,K=2,Y=1,C=2",-inf,-inf,0,K|Y,1
K,163,C,3,S,5,Y,222,K,6,R,6,X,222,Y,12,Y,1,S,5,R,2,X,1,K,4,C,2,"L1:[sp=K,163] C=3,S=5,Y=222,K=6,R=6,X=222 || L2:[sp=Y,12] Y=1,S=5,R=2,X=1,K=4,C=2",-1445.0,-163323000.0,1,K|Y,1
K,163,C,2,S,4,Y,222,R,4,X,222,K,6,Y,5,X,1,C,2,R,2,K,2,Y,1,S,4,"L1:[sp=K,163] C=2,S=4,Y=222,R=4,X=222,K=6 || L2:[sp=Y,5] X=1,C=2,R=2,K=2,Y=1,S=4",-1545.0,-163323000.0,1,K|Y,1
K,163,C,3,S,4,Y,222,K,6,X,222,R,6,K,6,X,1,S,2,R,2,K,2,Y,1,C,2,"L1:[sp=K,163] C=3,S=4,Y=222,K=6,X=222,R=6 || L2:[sp=K,6] X=1,S=2,R=2,K=2,Y=1,C=2",-389.0,-163323000.0,1,K|K,1
X,163,C,3,S,4,Y,222,K,6,R,4,X,222,K,7,Y,1,S,2,R,2,X,1,K,4,C,2,"L1:[sp=X,163] C=3,S=4,Y=222,K=6,R=4,X=222 || L2:[sp=K,7] Y=1,S=2,R=2,X=1,K=4,C=2",-8493.0,-163323000.0,1,X|K,1
K,163,C,2,K,6,Y,222,R,6,X,222,S,7,Y,5,X,1,S,7,R,2,K,6,Y,1,C,2,"L1:[sp=K,163] C=2,K=6,Y=222,R=6,X=222,S=7 || L2:[sp=Y,5] X=1,S=7,R=2,K=6,Y=1,C=2",-inf,-inf,0,K|Y,1
K,163,R,4,S,7,Y,222,C,3,X,222,K,6,Y,5,X,1,S,2,R,2,K,2,Y,1,C,3,"L1:[sp=K,163] R=4,S=7,Y=222,C=3,X=222,K=6 || L2:[sp=Y,5] X=1,S=2,R=2,K=2,Y=1,C=3",-1011.0,-163323000.0,1,K|Y,1
K,163,C,3,S,4,Y,222,R,6,X,222,K,6,K,6,X,1,S,2,R,2,K,2,Y,1,C,2,"L1:[sp=K,163] C=3,S=4,Y=222,R=6,X=222,K=6 || L2:[sp=K,6] X=1,S=2,R=2,K=2,Y=1,C=2",-389.0,-163323000.0,1,K|K,1
K,163,C,3,S,7,Y,193,R,4,X,119,K,6,C,3,X,1,S,5,R,2,K,2,Y,1,C,2,"L1:[sp=K,163] C=3,S=7,Y=193,R=4,X=119,K=6 || L2:[sp=C,3] X=1,S=5,R=2,K=2,Y=1,C=2",-inf,-inf,0,K|C,1
K,163,C,2,S,7,Y,222,R,6,X,8,K,14,Y,5,X,8,S,7,R,2,K,2,Y,1,C,2,"L1:[sp=K,163] C=2,S=7,Y=222,R=6,X=8,K=14 || L2:[sp=Y,5] X=8,S=7,R=2,K=2,Y=1,C=2",-702577.0,-163323000.0,1,K|Y,1
K,163,C,1,S,7,Y,222,R,6,X,222,K,6,K,6,X,1,S,5,R,2,K,2,Y,1,C,1,"L1:[sp=K,163] C=1,S=7,Y=222,R=6,X=222,K=6 || L2:[sp=K,6] X=1,S=5,R=2,K=2,Y=1,C=1",-1351.0,-163323000.0,1,K|K,1
X,163,K,6,S,4,Y,222,R,4,X,222,C,3,C,3,X,1,S,2,R,4,K,5,Y,1,C,2,"L1:[sp=X,163] K=6,S=4,Y=222,R=4,X=222,C=3 || L2:[sp=C,3] X=1,S=2,R=4,K=5,Y=1,C=2",-7853.0,-163323000.0,1,X|C,1
K,163,R,5,S,4,Y,222,C,3,X,222,K,6,Y,5,X,1,S,2,R,2,K,2,Y,1,C,3,"L1:[sp=K,163] R=5,S=4,Y=222,C=3,X=222,K=6 || L2:[sp=Y,5] X=1,S=2,R=2,K=2,Y=1,C=3",-1013.0,-163323000.0,1,K|Y,1
Y,163,K,49,S,6,Y,222,C,3,R,4,X,222,X,168,C,3,Y,1,R,2,X,1,S,2,K,1,"L1:[sp=Y,163] K=49,S=6,Y=222,C=3,R=4,X=222 || L2:[sp=X,168] C=3,Y=1,R=2,X=1,S=2,K=1",-12297.0,-163323000.0,1,Y|X,1
K,163,C,1,S,7,Y,222,R,6,X,222,K,14,Y,5,X,1,S,7,R,2,K,2,Y,1,C,1,"L1:[sp=K,163] C=1,S=7,Y=222,R=6,X=222,K=14 || L2:[sp=Y,5] X=1,S=7,R=2,K=2,Y=1,C=1",-2359.0,-163323000.0,1,K|Y,1
K,163,C,3,S,4,R,6,Y,222,X,222,K,6,K,6,X,1,S,2,R,2,K,2,Y,1,C,2,"L1:[sp=K,163] C=3,S=4,R=6,Y=222,X=222,K=6 || L2:[sp=K,6] X=1,S=2,R=2,K=2,Y=1,C=2",-389.0,-163323000.0,1,K|K,1
Y,163,K,49,S,7,Y,222,C,3,R,4,X,222,K,5,C,3,Y,1,R,2,X,1,S,5,K,1,"L1:[sp=Y,163] K=49,S=7,Y=222,C=3,R=4,X=222 || L2:[sp=K,5] C=3,Y=1,R=2,X=1,S=5,K=1",-8741.0,-163323000.0,1,Y|K,1
K,163,S,5,C,3,Y,222,R,1,X,222,K,6,C,3,X,1,S,2,R,1,K,2,Y,1,C,2,"L1:[sp=K,163] S=5,C=3,Y=222,R=1,X=222,K=6 || L2:[sp=C,3] X=1,S=2,R=1,K=2,Y=1,C=2",-131741.0,-163323000.0,1,K|C,1
K,163,R,4,S,1,Y,222,C,3,X,117,K,6,Y,5,K,2,X,1,R,2,S,1,Y,1,C,3,"L1:[sp=K,163] R=4,S=1,Y=222,C=3,X=117,K=6 || L2:[sp=Y,5] K=2,X=1,R=2,S=1,Y=1,C=3",-225821.0,-163323000.0,1,K|Y,1
K,163,C,3,S,4,Y,222,R,4,X,222,K,6,Y,5,X,1,C,2,R,2,K,2,Y,1,S,4,"L1:[sp=K,163] C=3,S=4,Y=222,R=4,X=222,K=6 || L2:[sp=Y,5] X=1,C=2,R=2,K=2,Y=1,S=4",-1157.0,-163323000.0,1,K|Y,1
K,163,S,4,C,2,Y,222,R,4,X,222,K,14,Y,5,X,151,S,4,R,2,K,10,Y,1,C,2,"L1:[sp=K,163] S=4,C=2,Y=222,R=4,X=222,K=14 || L2:[sp=Y,5] X=151,S=4,R=2,K=10,Y=1,C=2",-inf,-inf,0,K|Y,1
K,163,C,2,X,222,Y,222,R,2,S,7,K,6,Y,5,X,1,C,2,R,2,K,2,Y,1,S,7,"L1:[sp=K,163] C=2,X=222,Y=222,R=2,S=7,K=6 || L2:[sp=Y,5] X=1,C=2,R=2,K=2,Y=1,S=7",-inf,-inf,0,K|Y,1
K,163,C,3,S,5,Y,222,K,6,R,3,X,222,Y,12,Y,49,S,5,R,2,X,1,K,4,C,2,"L1:[sp=K,163] C=3,S=5,Y=222,K=6,R=3,X=222 || L2:[sp=Y,12] Y=49,S=5,R=2,X=1,K=4,C=2",-inf,-inf,0,K|Y,1
K,163,C,3,S,5,Y,222,R,6,X,222,K,6,K,6,X,1,S,2,R,2,K,2,Y,1,C,3,"L1:[sp=K,163] C=3,S=5,Y=222,R=6,X=222,K=6 || L2:[sp=K,6] X=1,S=2,R=2,K=2,Y=1,C=3",-341.0,-163323000.0,1,K|K,1
K,163,C,3,S,4,Y,47,K,6,R,6,X,199,Y,12,X,1,S,2,R,2,Y,1,K,4,C,2,"L1:[sp=K,163] C=3,S=4,Y=47,K=6,R=6,X=199 || L2:[sp=Y,12] X=1,S=2,R=2,Y=1,K=4,C=2",-inf,-inf,0,K|Y,1
K,163,C,3,S,5,Y,222,K,6,X,222,R,6,K,6,X,1,S,1,R,2,K,2,Y,1,C,2,"L1:[sp=K,163] C=3,S=5,Y=222,K=6,X=222,R=6 || L2:[sp=K,6] X=1,S=1,R=2,K=2,Y=1,C=2",-677.0,-163323000.0,1,K|K,1
K,163,C,3,S,5,Y,222,K,6,R,6,X,222,Y,12,Y,1,S,5,R,2,X,3,K,4,C,1,"L1:[sp=K,163] C=3,S=5,Y=222,K=6,R=6,X=222 || L2:[sp=Y,12] Y=1,S=5,R=2,X=3,K=4,C=1",-1445.0,-163323000.0,1,K|Y,1
K,163,R,4,S,7,Y,222,C,3,X,222,K,6,Y,5,X,1,S,2,R,2,K,2,Y,25,C,3,"L1:[sp=K,163] R=4,S=7,Y=222,C=3,X=222,K=6 || L2:[sp=Y,5] X=1,S=2,R=2,K=2,Y=25,C=3",-inf,-inf,0,K|Y,1
K,163,C,3,S,5,Y,222,R,6,X,222,K,6,K,6,X,1,S,2,R,2,K,2,Y,1,C,3,"L1:[sp=K,163] C=3,S=5,Y=222,R=6,X=222,K=6 || L2:[sp=K,6] X=1,S=2,R=2,K=2,Y=1,C=3",-341.0,-163323000.0,1,K|K,1
K,163,C,1,S,1,Y,222,R,4,X,222,K,6,K,6,X,1,S,1,R,2,K,2,Y,1,C,1,"L1:[sp=K,163] C=1,S=1,Y=222,R=4,X=222,K=6 || L2:[sp=K,6] X=1,S=1,R=2,K=2,Y=1,C=1",-75349.0,-163323000.0,1,K|K,1
K,163,C,3,Y,222,S,7,R,6,X,222,K,6,Y,5,X,1,S,5,R,5,K,2,Y,1,C,2,"L1:[sp=K,163] C=3,Y=222,S=7,R=6,X=222,K=6 || L2:[sp=Y,5] X=1,S=5,R=5,K=2,Y=1,C=2",-17643.0,-163323000.0,1,K|Y,1
K,163,R,5,Y,222,S,4,C,3,X,222,K,6,Y,5,X,203,S,2,R,2,K,2,Y,1,C,3,"L1:[sp=K,163] R=5,Y=222,S=4,C=3,X=222,K=6 || L2:[sp=Y,5] X=203,S=2,R=2,K=2,Y=1,C=3",-inf,-inf,0,K|Y,1
K,163,C,3,S,5,Y,222,K,6,X,222,R,6,K,6,X,112,S,1,R,6,K,2,Y,1,C,2,"L1:[sp=K,163] C=3,S=5,Y=222,K=6,X=222,R=6 || L2:[sp=K,6] X=112,S=1,R=6,K=2,Y=1,C=2",-inf,-inf,0,K|K,1
K,163,C,3,S,4,R,7,Y,222,X,222,K,6,K,6,R,2,S,2,K,2,X,1,Y,1,C,2,"L1:[sp=K,163] C=3,S=4,R=7,Y=222,X=222,K=6 || L2:[sp=K,6] R=2,S=2,K=2,X=1,Y=1,C=2",-339.0,-163323000.0,1,K|K,1
C,163,R,5,S,4,Y,222,C,3,X,222,K,6,Y,5,X,1,S,2,R,2,K,2,Y,1,C,3,"L1:[sp=C,163] R=5,S=4,Y=222,C=3,X=222,K=6 || L2:[sp=Y,5] X=1,S=2,R=2,K=2,Y=1,C=3",-10797.0,-163323000.0,1,C|Y,1
Y,163,C,3,S,4,Y,222,R,5,X,222,K,6,K,6,X,1,S,2,R,2,K,2,Y,1,C,3,"L1:[sp=Y,163] C=3,S=4,Y=222,R=5,X=222,K=6 || L2:[sp=K,6] X=1,S=2,R=2,K=2,Y=1,C=3",-3741.0,-163323000.0,1,Y|K,1
K,163,R,6,S,5,Y,222,C,3,X,222,K,6,Y,5,X,1,S,2,R,2,K,2,Y,1,C,3,"L1:[sp=K,163] R=6,S=5,Y=222,C=3,X=222,K=6 || L2:[sp=Y,5] X=1,S=2,R=2,K=2,Y=1,C=3",-1013.0,-163323000.0,1,K|Y,1
K,163,C,3,S,5,Y,222,K,6,R,6,X,222,C,3,Y,1,S,5,R,2,X,3,K,4,C,1,"L1:[sp=K,163] C=3,S=5,Y=222,K=6,R=6,X=222 || L2:[sp=C,3] Y=1,S=5,R=2,X=3,K=4,C=1",-485.0,-163323000.0,1,K|C,1
K,163,C,1,S,7,Y,222,R,6,X,222,K,6,K,6,X,1,S,5,R,2,K,2,Y,136,C,1,"L1:[sp=K,163] C=1,S=7,Y=222,R=6,X=222,K=6 || L2:[sp=K,6] X=1,S=5,R=2,K=2,Y=136,C=1",-inf,-inf,0,K|K,1
K,163,Y,113,S,2,C,3,R,6,X,222,K,12,K,6,X,1,S,2,R,2,K,2,Y,1,C,3,"L1:[sp=K,163] Y=113,S=2,C=3,R=6,X=222,K=12 || L2:[sp=K,6] X=1,S=2,R=2,K=2,Y=1,C=3",-inf,-inf,0,K|K,1
K,163,Y,222,S,4,C,3,R,6,X,218,K,6,K,6,X,1,S,2,R,2,K,2,Y,1,C,2,"L1:[sp=K,163] Y=222,S=4,C=3,R=6,X=218,K=6 || L2:[sp=K,6] X=1,S=2,R=2,K=2,Y=1,C=2",-inf,-inf,0,K|K,1
K,163,C,3,S,5,Y,222,K,6,X,222,R,6,K,6,X,203,S,5,R,2,K,2,Y,1,C,2,"L1:[sp=K,163] C=3,S=5,Y=222,K=6,X=222,R=6 || L2:[sp=K,6] X=203,S=5,R=2,K=2,Y=1,C=2",-inf,-inf,0,K|K,1
K,163,C,3,S,4,Y,222,R,6,X,222,K,6,K,6,X,1,S,2,R,2,K,2,Y,1,C,2,"L1:[sp=K,163] C=3,S=4,Y=222,R=6,X=222,K=6 || L2:[sp=K,6] X=1,S=2,R=2,K=2,Y=1,C=2",-389.0,-163323000.0,1,K|K,1
K,163,C,3,S,4,R,6,Y,222,X,221,K,6,K,6,X,1,S,2,R,2,K,2,Y,103,C,2,"L1:[sp=K,163] C=3,S=4,R=6,Y=222,X=221,K=6 || L2:[sp=K,6] X=1,S=2,R=2,K=2,Y=103,C=2",-inf,-inf,0,K|K,1
Y,163,R,5,S,4,Y,222,C,3,X,222,K,6,Y,5,X,1,S,2,R,3,K,2,Y,1,C,3,"L1:[sp=Y,163] R=5,S=4,Y=222,C=3,X=222,K=6 || L2:[sp=Y,5] X=1,S=2,R=3,K=2,Y=1,C=3",-10797.0,-163323000.0,1,Y|Y,1
K,163,C,3,S,5,Y,222,R,6,X,222,K,6,K,6,X,1,S,1,R,2,K,2,Y,1,C,3,"L1:[sp=K,163] C=3,S=5,Y=222,R=6,X=222,K=6 || L2:[sp=K,6] X=1,S=1,R=2,K=2,Y=1,C=3",-677.0,-163323000.0,1,K|K,1
K,163,C,3,S,5,R,6,X,222,K,6,Y,222,Y,8,X,1,S,2,R,2,K,2,Y,4,C,2,"L1:[sp=K,163] C=3,S=5,R=6,X=222,K=6,Y=222 || L2:[sp=Y,8] X=1,S=2,R=2,K=2,Y=4,C=2",-4037.0,-163323000.0,1,K|Y,1
C,163,R,2,S,4,Y,222,C,3,X,222,K,6,Y,5,X,1,S,4,R,2,K,2,Y,1,C,2,"L1:[sp=C,163] R=2,S=4,Y=222,C=3,X=222,K=6 || L2:[sp=Y,5] X=1,S=4,R=2,K=2,Y=1,C=2",-565425.0,-163323000.0,1,C|Y,1
K,163,C,3,S,4,Y,222,R,5,X,222,K,6,Y,5,X,1,C,2,R,2,K,2,Y,134,S,2,"L1:[sp=K,163] C=3,S=4,Y=222,R=5,X=222,K=6 || L2:[sp=Y,5] X=1,C=2,R=2,K=2,Y=134,S=2",-inf,-inf,0,K|Y,1
K,163,C,3,S,4,R,7,Y,222,X,222,K,6,K,6,R,2,S,2,K,2,X,1,Y,1,C,2,"L1:[sp=K,163] C=3,S=4,R=7,Y=222,X=222,K=6 || L2:[sp=K,6] R=2,S=2,K=2,X=1,Y=1,C=2",-339.0,-163323000.0,1,K|K,1
Y,163,K,6,S,4,Y,222,R,6,X,222,C,3,K,6,X,1,S,2,R,2,K,2,Y,1,C,3,"L1:[sp=Y,163] K=6,S=4,Y=222,R=6,X=222,C=3 || L2:[sp=K,6] X=1,S=2,R=2,K=2,Y=1,C=3",-4269.0,-163323000.0,1,Y|K,1
Y,163,C,3,S,6,Y,197,R,5,X,222,K,6,K,6,X,1,S,2,R,2,K,2,Y,1,C,3,"L1:[sp=Y,163] C=3,S=6,Y=197,R=5,X=222,K=6 || L2:[sp=K,6] X=1,S=2,R=2,K=2,Y=1,C=3",-739245.0,-163323000.0,1,Y|K,1
K,163,C,3,S,4,Y,222,K,6,R,5,X,222,C,3,Y,1,S,2,R,2,X,1,K,4,C,1,"L1:[sp=K,163] C=3,S=4,Y=222,K=6,R=5,X=222 || L2:[sp=C,3] Y=1,S=2,R=2,X=1,K=4,C=1",-341.0,-163323000.0,1,K|C,1
Y,163,C,3,S,5,Y,222,R,6,X,64,K,6,K,6,X,3,S,5,R,2,K,2,Y,1,C,3,"L1:[sp=Y,163] C=3,S=5,Y=222,R=6,X=64,K=6 || L2:[sp=K,6] X=3,S=5,R=2,K=2,Y=1,C=3",-1161777.0,-163323000.0,1,Y|K,1
K,163,R,6,S,5,Y,222,C,3,X,222,K,6,Y,5,X,1,S,2,R,2,K,2,Y,1,C,3,"L1:[sp=K,163] R=6,S=5,Y=222,C=3,X=222,K=6 || L2:[sp=Y,5] X=1,S=2,R=2,K=2,Y=1,C=3",-1013.0,-163323000.0,1,K|Y,1
C,163,C,3,S,4,Y,222,R,6,X,222,K,6,K,6,X,1,S,2,R,2,K,2,Y,1,C,2,"L1:[sp=C,163] C=3,S=4,Y=222,R=6,X=222,K=6 || L2:[sp=K,6] X=1,S=2,R=2,K=2,Y=1,C=2",-4269.0,-163323000.0,1,C|K,1
Y,163,C,3,Y,222,R,6,X,222,K,6,S,5,K,2,C,2,S,5,R,2,K,3,Y,4,X,1,"L1:[sp=Y,163] C=3,Y=222,R=6,X=222,K=6,S=5 || L2:[sp=K,2] C=2,S=5,R=2,K=3,Y=4,X=1",-23805.0,-163323000.0,1,Y|K,1
C,163,C,3,S,5,Y,6,K,6,R,6,X,222,K,3,Y,1,S,4,R,2,X,3,K,4,C,1,"L1:[sp=C,163] C=3,S=5,Y=6,K=6,R=6,X=222 || L2:[sp=K,3] Y=1,S=4,R=2,X=3,K=4,C=1",-11628189.0,-163323000.0,1,C|K,1
K,163,C,3,S,3,R,6,X,222,K,6,Y,222,Y,8,X,1,S,2,R,2,K,2,Y,1,C,3,"L1:[sp=K,163] C=3,S=3,R=6,X=222,K=6,Y=222 || L2:[sp=Y,8] X=1,S=2,R=2,K=2,Y=1,C=3",-224791.0,-163323000.0,1,K|Y,1
X,163,R,6,S,5,Y,222,C,3,X,222,K,6,Y,5,X,1,R,2,S,3,K,2,Y,4,C,2,"L1:[sp=X,163] R=6,S=5,Y=222,C=3,X=222,K=6 || L2:[sp=Y,5] X=1,R=2,S=3,K=2,Y=4,C=2",-64557.0,-163323000.0,1,X|Y,1
K,163,C,3,S,3,Y,222,R,6,X,222,K,6,K,6,X,3,S,3,R,2,K,2,Y,1,C,2,"L1:[sp=K,163] C=3,S=3,Y=222,R=6,X=222,K=6 || L2:[sp=K,6] X=3,S=3,R=2,K=2,Y=1,C=2",-95911.0,-163324000.0,1,K|K,1
K,163,C,3,S,4,Y,222,K,6,R,6,X,222,C,3,Y,1,S,2,R,1,X,1,K,4,C,3,"L1:[sp=K,163] C=3,S=4,Y=222,K=6,R=6,X=222 || L2:[sp=C,3] Y=1,S=2,R=1,X=1,K=4,C=3",-2021.0,-163323000.0,1,K|C,1
K,163,C,3,S,4,Y,222,R,6,X,222,K,6,K,1,X,1,S,1,R,2,K,2,Y,33,C,3,"L1:[sp=K,163] C=3,S=4,Y=222,R=6,X=222,K=6 || L2:[sp=K,1] X=1,S=1,R=2,K=2,Y=33,C=3",-50405.0,-163323000.0,1,K|K,1
K,163,C,3,S,4,Y,222,R,6,X,222,K,6,K,6,R,2,S,2,X,1,K,2,Y,6,C,2,"L1:[sp=K,163] C=3,S=4,Y=222,R=6,X=222,K=6 || L2:[sp=K,6] R=2,S=2,X=1,K=2,Y=6,C=2",-389.0,-163323000.0,1,K|K,1
Y,163,C,3,S,4,Y,222,R,5,X,222,K,6,K,6,X,1,S,2,R,2,K,2,Y,1,C,3,"L1:[sp=Y,163] C=3,S=4,Y=222,R=5,X=222,K=6 || L2:[sp=K,6] X=1,S=2,R=2,K=2,Y=1,C=3",-3741.0,-163323000.0,1,Y|K,1
K,163,C,3,S,5,Y,222,K,6,R,1,X,222,X,3,Y,1,S,5,R,1,X,3,K,4,C,1,"L1:[sp=K,163] C=3,S=5,Y=222,K=6,R=1,X=222 || L2:[sp=X,3] Y=1,S=5,R=1,X=3,K=4,C=1",-282269.0,-163323000.0,1,K|X,1
K,163,C,1,S,4,Y,222,R,5,X,222,K,6,K,6,X,1,S,2,R,2,K,4,Y,1,C,1,"L1:[sp=K,163] C=1,S=4,Y=222,R=5,X=222,K=6 || L2:[sp=K,6] X=1,S=2,R=2,K=4,Y=1,C=1",-685.0,-163323000.0,1,K|K,1
K,163,C,2,S,4,Y,222,R,6,X,222,K,6,X,6,X,1,S,2,R,2,K,2,Y,1,C,2,"L1:[sp=K,163] C=2,S=4,Y=222,R=6,X=222,K=6 || L2:[sp=X,6] X=1,S=2,R=2,K=2,Y=1,C=2",-1545.0,-163323000.0,1,K|X,1
K,163,C,3,S,5,Y,222,R,6,X,222,K,6,K,6,X,1,S,5,R,2,K,2,Y,1,C,3,"L1:[sp=K,163] C=3,S=5,Y=222,R=6,X=222,K=6 || L2:[sp=K,6] X=1,S=5,R=2,K=2,Y=1,C=3",-485.0,-163323000.0,1,K|K,1
K,163,C,3,S,5,Y,222,K,6,R,1,X,222,C,3,Y,1,S,1,R,1,X,3,K,4,C,1,"L1:[sp=K,163] C=3,S=5,Y=222,K=6,R=1,X=222 || L2:[sp=C,3] Y=1,S=1,R=1,X=3,K=4,C=1",-131741.0,-163323000.0,1,K|C,1
K,163,C,3,S,4,R,7,Y,222,X,222,K,6,K,6,R,2,S,2,K,2,X,1,Y,1,C,2,"L1:[sp=K,163] C=3,S=4,R=7,Y=222,X=222,K=6 || L2:[sp=K,6] R=2,S=2,K=2,X=1,Y=1,C=2",-339.0,-163323000.0,1,K|K,1
K,163,C,3,S,4,Y,222,R,7,X,222,K,6,C,3,X,1,S,2,R,2,K,2,Y,214,C,2,"L1:[sp=K,163] C=3,S=4,Y=222,R=7,X=222,K=6 || L2:[sp=C,3] X=1,S=2,R=2,K=2,Y=214,C=2",-inf,-inf,0,K|C,1
K,163,C,2,S,4,R,6,Y,222,K,6,X,222,K,6,R,2,S,2,K,2,X,165,Y,183,C,2,"L1:[sp=K,163] C=2,S=4,R=6,Y=222,K=6,X=222 || L2:[sp=K,6] R=2,S=2,K=2,X=165,Y=183,C=2",-inf,-inf,0,K|K,1
K,163,C,2,S,4,Y,222,R,6,X,222,K,6,X,6,X,1,Y,1,R,2,K,2,S,2,C,2,"L1:[sp=K,163] C=2,S=4,Y=222,R=6,X=222,K=6 || L2:[sp=X,6] X=1,Y=1,R=2,K=2,S=2,C=2",-1545.0,-163323000.0,1,K|X,1
K,163,C,1,S,5,Y,222,R,6,X,222,K,6,K,6,X,1,S,4,R,2,K,2,Y,1,C,1,"L1:[sp=K,163] C=1,S=5,Y=222,R=6,X=222,K=6 || L2:[sp=K,6] X=1,S=4,R=2,K=2,Y=1,C=1",-1165.0,-163323000.0,1,K|K,1
K,163,C,3,S,5,Y,222,R,6,X,222,K,56,K,6,R,2,S,5,X,1,K,2,Y,1,C,2,"L1:[sp=K,163] C=3,S=5,Y=222,R=6,X=222,K=56 || L2:[sp=K,6] R=2,S=5,X=1,K=2,Y=1,C=2",-2405.0,-163323000.0,1,K|K,1
K,163,C,3,S,4,Y,17,R,6,X,42,K,6,K,6,X,1,S,2,R,2,K,2,Y,6,C,3,"L1:[sp=K,163] C=3,S=4,Y=17,R=6,X=42,K=6 || L2:[sp=K,6] X=1,S=2,R=2,K=2,Y=6,C=3",-24426169.0,-163324000.0,1,K|K,1
K,163,R,6,S,5,Y,222,C,3,X,222,K,6,Y,3,X,1,S,5,R,2,K,2,Y,1,C,3,"L1:[sp=K,163] R=6,S=5,Y=222,C=3,X=222,K=6 || L2:[sp=Y,3] X=1,S=5,R=2,K=2,Y=1,C=3",-1445.0,-163323000.0,1,K|Y,1
K,163,C,3,S,5,Y,42,R,6,X,222,K,6,K,6,Y,1,S,2,R,2,K,5,X,1,C,3,"L1:[sp=K,163] C=3,S=5,Y=42,R=6,X=222,K=6 || L2:[sp=K,6] Y=1,S=2,R=2,K=5,X=1,C=3",-204145.0,-163323000.0,1,K|K,1
K,163,Y,222,S,4,C,3,R,5,X,222,K,6,K,6,X,1,S,2,R,2,K,4,Y,1,C,1,"L1:[sp=K,163] Y=222,S=4,C=3,R=5,X=222,K=6 || L2:[sp=K,6] X=1,S=2,R=2,K=4,Y=1,C=1",-677.0,-163323000.0,1,K|K,1
K,163,C,3,S,4,Y,222,K,6,R,5,X,222,C,3,Y,1,S,4,R,2,X,34,K,4,C,1,"L1:[sp=K,163] C=3,S=4,Y=222,K=6,R=5,X=222 || L2:[sp=C,3] Y=1,S=4,R=2,X=34,K=4,C=1",-inf,-inf,0,K|C,1
K,163,C,3,S,4,Y,222,K,6,R,6,X,222,C,3,Y,1,S,2,R,2,X,1,K,1,C,3,"L1:[sp=K,163] C=3,S=4,Y=222,K=6,R=6,X=222 || L2:[sp=C,3] Y=1,S=2,R=2,X=1,K=1,C=3",-1157.0,-163323000.0,1,K|C,1
K,163,C,2,Y,4,S,4,R,6,K,6,X,222,X,6,X,1,S,4,R,1,K,2,Y,1,C,2,"L1:[sp=K,163] C=2,Y=4,S=4,R=6,K=6,X=222 || L2:[sp=X,6] X=1,S=4,R=1,K=2,Y=1,C=2",-664377.0,-163323000.0,1,K|X,1
K,163,C,1,S,4,X,222,R,5,Y,222,K,6,K,6,X,1,S,2,R,2,C,1,Y,98,K,4,"L1:[sp=K,163] C=1,S=4,X=222,R=5,Y=222,K=6 || L2:[sp=K,6] X=1,S=2,R=2,C=1,Y=98,K=4",-inf,-inf,0,K|K,1
C,163,C,3,S,4,Y,222,K,6,R,6,X,222,K,3,Y,1,S,2,R,3,X,1,K,4,C,3,"L1:[sp=C,163] C=3,S=4,Y=222,K=6,R=6,X=222 || L2:[sp=K,3] Y=1,S=2,R=3,X=1,K=4,C=3",-inf,-inf,0,C|K,1
K,163,K,6,S,7,Y,222,C,3,R,5,X,222,C,3,Y,1,S,2,R,2,X,1,K,4,C,1,"L1:[sp=K,163] K=6,S=7,Y=222,C=3,R=5,X=222 || L2:[sp=C,3] Y=1,S=2,R=2,X=1,K=4,C=1",-297.0,-163323000.0,1,K|C,1
K,163,C,1,R,5,Y,222,S,4,X,132,K,6,K,6,X,132,K,4,R,1,S,2,Y,1,C,1,"L1:[sp=K,163] C=1,R=5,Y=222,S=4,X=132,K=6 || L2:[sp=K,6] X=132,K=4,R=1,S=2,Y=1,C=1",-inf,-inf,0,K|K,1
K,163,C,3,S,4,Y,222,R,7,X,222,K,6,K,6,R,2,S,1,X,1,K,2,Y,6,C,2,"L1:[sp=K,163] C=3,S=4,Y=222,R=7,X=222,K=6 || L2:[sp=K,6] R=2,S=1,X=1,K=2,Y=6,C=2",-1179.0,-163323000.0,1,K|K,1
K,163,C,3,S,4,R,6,Y,222,X,135,K,6,K,6,R,2,S,2,K,4,X,1,Y,1,C,2,"L1:[sp=K,163] C=3,S=4,R=6,Y=222,X=135,K=6 || L2:[sp=K,6] R=2,S=2,K=4,X=1,Y=1,C=2",-172809.0,-163323000.0,1,K|K,1
K,163,C,3,S,5,Y,222,R,6,X,222,K,6,K,6,X,1,S,5,R,2,K,2,Y,84,C,3,"L1:[sp=K,163] C=3,S=5,Y=222,R=6,X=222,K=6 || L2:[sp=K,6] X=1,S=5,R=2,K=2,Y=84,C=3",-inf,-inf,0,K|K,1
K,163,C,3,S,4,Y,222,R,6,X,222,K,6,K,6,R,2,S,2,X,1,K,2,Y,6,C,1,"L1:[sp=K,163] C=3,S=4,Y=222,R=6,X=222,K=6 || L2:[sp=K,6] R=2,S=2,X=1,K=2,Y=6,C=1",-389.0,-163323000.0,1,K|K,1
K,163,K,6,S,7,Y,222,C,3,R,5,X,222,C,3,Y,1,S,2,R,2,X,1,K,4,C,1,"L1:[sp=K,163] K=6,S=7,Y=222,C=3,R=5,X=222 || L2:[sp=C,3] Y=1,S=2,R=2,X=1,K=4,C=1",-297.0,-163323000.0,1,K|C,1
K,163,C,1,S,5,Y,222,R,6,X,222,K,6,K,6,X,1,S,4,R,2,K,2,Y,1,C,1,"L1:[sp=K,163] C=1,S=5,Y=222,R=6,X=222,K=6 || L2:[sp=K,6] X=1,S=4,R=2,K=2,Y=1,C=1",-inf,-inf,0,K|K,1
Y,163,C,3,S,4,Y,222,K,6,R,6,X,222,K,56,Y,1,S,2,R,2,X,1,K,1,C,3,"L1:[sp=Y,163] C=3,S=4,Y=222,K=6,R=6,X=222 || L2:[sp=K,56] Y=1,S=2,R=2,X=1,K=1,C=3",-2157.0,-163323000.0,1,Y|K,1
K,163,C,1,S,4,Y,222,R,7,X,222,K,6,K,6,R,2,S,2,X,1,K,2,Y,84,C,1,"L1:[sp=K,163] C=1,S=4,Y=222,R=7,X=222,K=6 || L2:[sp=K,6] R=2,S=2,X=1,K=2,Y=84,C=1",-inf,-inf,0,K|K,1
K,163,C,3,S,4,R,7,Y,222,X,222,K,6,K,6,R,4,S,1,K,2,X,1,Y,6,C,2,"L1:[sp=K,163] C=3,S=4,R=7,Y=222,X=222,K=6 || L2:[sp=K,6] R=4,S=1,K=2,X=1,Y=6,C=2",-3531.0,-163323000.0,1,K|K,1
K,163,C,3,S,4,Y,222,R,7,X,220,K,6,K,6,R,2,S,1,X,1,K,2,Y,6,C,2,"L1:[sp=K,163] C=3,S=4,Y=222,R=7,X=220,K=6 || L2:[sp=K,6] R=2,S=1,X=1,K=2,Y=6,C=2",-inf,-inf,0,K|K,1
K,163,C,3,S,4,R,4,Y,222,X,222,K,6,K,6,R,2,S,1,K,2,X,1,Y,161,C,2,"L1:[sp=K,163] C=3,S=4,R=4,Y=222,X=222,K=6 || L2:[sp=K,6] R=2,S=1,K=2,X=1,Y=161,C=2",-inf,-inf,0,K|K,1
K,163,S,4,R,7,Y,222,C,3,X,222,K,6,C,3,X,1,S,1,R,6,Y,6,K,2,C,1,"L1:[sp=K,163] S=4,R=7,Y=222,C=3,X=222,K=6 || L2:[sp=C,3] X=1,S=1,R=6,Y=6,K=2,C=1",-4707.0,-163323000.0,1,K|C,1
K,163,C,3,S,5,Y,222,R,6,X,222,K,6,K,6,R,2,S,2,X,1,K,2,Y,1,C,2,"L1:[sp=K,163] C=3,S=5,Y=222,R=6,X=222,K=6 || L2:[sp=K,6] R=2,S=2,X=1,K=2,Y=1,C=2",-inf,-inf,0,K|K,1
K,163,C,1,S,5,R,6,Y,222,X,222,K,6,K,3,R,2,S,4,K,2,X,1,Y,1,C,1,"L1:[sp=K,163] C=1,S=5,R=6,Y=222,X=222,K=6 || L2:[sp=K,3] R=2,S=4,K=2,X=1,Y=1,C=1",-1165.0,-163323000.0,1,K|K,1
K,163,C,1,Y,222,S,4,R,7,X,222,K,6,K,6,X,1,S,2,R,2,K,2,Y,1,C,1,"L1:[sp=K,163] C=1,Y=222,S=4,R=7,X=222,K=6 || L2:[sp=K,6] X=1,S=2,R=2,K=2,Y=1,C=1",-343.0,-163323000.0,1,K|K,1
Y,163,Y,222,S,4,C,3,R,6,X,222,K,6,K,6,X,1,K,4,R,2,S,2,Y,1,C,1,"L1:[sp=Y,163] Y=222,S=4,C=3,R=6,X=222,K=6 || L2:[sp=K,6] X=1,K=4,R=2,S=2,Y=1,C=1",-8493.0,-163323000.0,1,Y|K,1
K,163,C,3,S,4,Y,222,R,5,X,222,K,6,K,6,R,2,S,2,X,1,K,6,Y,6,C,2,"L1:[sp=K,163] C=3,S=4,Y=222,R=5,X=222,K=6 || L2:[sp=K,6] R=2,S=2,X=1,K=6,Y=6,C=2",-inf,-inf,0,K|K,1
K,163,K,6,S,4,Y,222,R,7,X,222,C,3,K,6,R,2,S,1,X,1,K,2,Y,6,C,2,"L1:[sp=K,163] K=6,S=4,Y=222,R=7,X=222,C=3 || L2:[sp=K,6] R=2,S=1,X=1,K=2,Y=6,C=2",-1179.0,-163323000.0,1,K|K,1
K,163,C,3,S,4,Y,222,R,6,X,222,K,34,X,1,R,2,S,2,X,1,K,2,Y,6,C,1,"L1:[sp=K,163] C=3,S=4,Y=222,R=6,X=222,K=34 || L2:[sp=X,1] R=2,S=2,X=1,K=2,Y=6,C=1",-inf,-inf,0,K|X,1
K,163,K,55,S,4,C,3,R,5,X,222,Y,222,K,6,X,1,Y,1,R,2,K,5,S,2,C,1,"L1:[sp=K,163] K=55,S=4,C=3,R=5,X=222,Y=222 || L2:[sp=K,6] X=1,Y=1,R=2,K=5,S=2,C=1",-1685.0,-163323000.0,1,K|K,1
X,163,K,6,S,7,Y,222,C,3,R,5,X,222,C,3,Y,1,S,2,R,2,X,1,K,4,C,1,"L1:[sp=X,163] K=6,S=7,Y=222,C=3,R=5,X=222 || L2:[sp=C,3] Y=1,S=2,R=2,X=1,K=4,C=1",-3159.0,-163323000.0,1,X|C,1
K,163,K,6,S,5,Y,222,R,6,X,222,C,3,K,6,R,2,S,5,X,1,K,2,Y,1,C,2,"L1:[sp=K,163] K=6,S=5,Y=222,R=6,X=222,C=3 || L2:[sp=K,6] R=2,S=5,X=1,K=2,Y=1,C=2",-485.0,-163323000.0,1,K|K,1
K,163,R,7,S,4,Y,222,C,3,X,164,K,25,Y,3,Y,6,S,1,R,2,K,2,X,1,C,3,"L1:[sp=K,163] R=7,S=4,Y=222,C=3,X=164,K=25 || L2:[sp=Y,3] Y=6,S=1,R=2,K=2,X=1,C=3",-inf,-inf,0,K|Y,1
K,163,K,6,S,4,Y,222,C,3,R,6,X,222,C,3,Y,1,S,2,R,2,X,1,K,4,C,3,"L1:[sp=K,163] K=6,S=4,Y=222,C=3,R=6,X=222 || L2:[sp=C,3] Y=1,S=2,R=2,X=1,K=4,C=3",-1157.0,-163323000.0,1,K|C,1
K,163,C,3,S,7,Y,222,K,6,R,5,X,222,C,3,Y,1,S,2,R,2,X,1,K,1,C,3,"L1:[sp=K,163] C=3,S=7,Y=222,K=6,R=5,X=222 || L2:[sp=C,3] Y=1,S=2,R=2,X=1,K=1,C=3",-885.0,-163323000.0,1,K|C,1
K,163,K,6,S,7,Y,222,C,3,R,5,X,222,C,3,Y,1,S,2,R,2,X,1,K,4,C,1,"L1:[sp=K,163] K=6,S=7,Y=222,C=3,R=5,X=222 || L2:[sp=C,3] Y=1,S=2,R=2,X=1,K=4,C=1",-297.0,-163323000.0,1,K|C,1
C,163,K,6,S,1,Y,222,X,68,R,6,C,3,K,3,Y,1,S,1,R,2,X,1,K,4,C,1,"L1:[sp=C,163] K=6,S=1,Y=222,X=68,R=6,C=3 || L2:[sp=K,3] Y=1,S=1,R=2,X=1,K=4,C=1",-1656425.0,-163323000.0,1,C|K,1
K,163,K,6,S,7,Y,222,C,3,R,5,X,222,C,3,Y,1,S,2,R,3,X,1,K,4,C,3,"L1:[sp=K,163] K=6,S=7,Y=222,C=3,R=5,X=222 || L2:[sp=C,3] Y=1,S=2,R=3,X=1,K=4,C=3",-1767.0,-163323000.0,1,K|C,1
K,163,K,6,S,7,Y,222,C,3,R,5,X,222,C,3,Y,1,S,2,R,2,X,1,K,4,C,1,"L1:[sp=K,163] K=6,S=7,Y=222,C=3,R=5,X=222 || L2:[sp=C,3] Y=1,S=2,R=2,X=1,K=4,C=1",-297.0,-163323000.0,1,K|C,1
K,163,C,3,S,7,Y,104,K,6,R,5,X,222,C,3,Y,1,S,2,R,2,X,1,K,6,C,3,"L1:[sp=K,163] C=3,S=7,Y=104,K=6,R=5,X=222 || L2:[sp=C,3] Y=1,S=2,R=2,X=1,K=6,C=3",-inf,-inf,0,K|C,1
K,163,C,1,R,5,S,4,Y,222,X,222,K,6,K,6,X,1,S,1,R,2,K,2,Y,1,C,1,"L1:[sp=K,163] C=1,R=5,S=4,Y=222,X=222,K=6 || L2:[sp=K,6] X=1,S=1,R=2,K=2,Y=1,C=1",-601.0,-163323000.0,1,K|K,1
K,163,K,55,X,222,C,3,R,7,S,4,Y,222,K,55,X,1,Y,1,R,7,K,5,S,2,C,1,"L1:[sp=K,163] K=55,X=222,C=3,R=7,S=4,Y=222 || L2:[sp=K,55] X=1,Y=1,R=7,K=5,S=2,C=1",-843.0,-163323000.0,1,K|K,1
K,163,K,6,S,4,Y,222,R,5,X,173,C,3,K,6,R,5,S,2,X,1,K,2,Y,1,C,1,"L1:[sp=K,163] K=6,S=4,Y=222,R=5,X=173,C=3 || L2:[sp=K,6] R=5,S=2,X=1,K=2,Y=1,C=1",-108009.0,-163323000.0,1,K|K,1
K,163,K,55,S,2,C,3,R,7,X,222,Y,108,K,6,X,1,Y,6,R,2,K,5,S,1,C,2,"L1:[sp=K,163] K=55,S=2,C=3,R=7,X=222,Y=108 || L2:[sp=K,6] X=1,Y=6,R=2,K=5,S=1,C=2",-inf,-inf,0,K|K,1
K,163,K,6,S,5,Y,222,R,6,X,222,C,3,K,6,R,2,S,5,X,1,K,2,C,2,Y,1,"L1:[sp=K,163] K=6,S=5,Y=222,R=6,X=222,C=3 || L2:[sp=K,6] R=2,S=5,X=1,K=2,C=2,Y=1",-485.0,-163323000.0,1,K|K,1
K,163,C,1,S,5,R,6,Y,222,X,55,K,6,K,3,R,2,S,4,K,2,X,1,Y,1,C,1,"L1:[sp=K,163] C=1,S=5,R=6,Y=222,X=55,K=6 || L2:[sp=K,3] R=2,S=4,K=2,X=1,Y=1,C=1",-64561.0,-163323000.0,1,K|K,1
K,163,S,4,Y,222,K,6,C,3,R,6,X,222,C,3,Y,1,S,2,X,1,R,2,K,4,C,3,"L1:[sp=K,163] S=4,Y=222,K=6,C=3,R=6,X=222 || L2:[sp=C,3] Y=1,S=2,X=1,R=2,K=4,C=3",-1157.0,-163323000.0,1,K|C,1
K,163,C,1,S,5,R,6,Y,24,X,185,K,6,K,3,R,2,S,4,K,2,X,1,C,1,Y,1,"L1:[sp=K,163] C=1,S=5,R=6,Y=24,X=185,K=6 || L2:[sp=K,3] R=2,S=4,K=2,X=1,C=1,Y=1",-inf,-inf,0,K|K,1
K,163,K,6,S,4,Y,222,R,7,X,222,C,3,K,6,R,2,S,1,X,1,K,2,Y,86,C,2,"L1:[sp=K,163] K=6,S=4,Y=222,R=7,X=222,C=3 || L2:[sp=K,6] R=2,S=1,X=1,K=2,Y=86,C=2",-inf,-inf,0,K|K,1
C,163,K,17,S,2,Y,222,C,3,R,6,X,222,K,3,Y,1,S,2,R,2,X,1,K,4,C,3,"L1:[sp=C,163] K=17,S=2,Y=222,C=3,R=6,X=222 || L2:[sp=K,3] Y=1,S=2,R=2,X=1,K=4,C=3",-856385.0,-163323000.0,1,C|K,1
K,163,K,6,S,4,Y,222,R,7,X,222,C,3,K,6,R,2,S,1,X,148,K,2,Y,6,C,2,"L1:[sp=K,163] K=6,S=4,Y=222,R=7,X=222,C=3 || L2:[sp=K,6] R=2,S=1,X=148,K=2,Y=6,C=2",-inf,-inf,0,K|K,1
K,163,K,6,S,5,Y,222,R,6,X,222,C,3,K,6,R,2,S,5,X,1,K,3,Y,1,C,2,"L1:[sp=K,163] K=6,S=5,Y=222,R=6,X=222,C=3 || L2:[sp=K,6] R=2,S=5,X=1,K=3,Y=1,C=2",-725.0,-163323000.0,1,K|K,1
K,163,C,1,Y,222,S,5,R,6,X,222,K,6,K,6,X,1,S,4,R,2,K,2,Y,1,C,1,"L1:[sp=K,163] C=1,Y=222,S=5,R=6,X=222,K=6 || L2:[sp=K,6] X=1,S=4,R=2,K=2,Y=1,C=1",-1165.0,-163323000.0,1,K|K,1
K,163,C,1,S,4,X,222,Y,222,R,7,K,6,K,3,R,7,S,2,K,2,X,1,Y,1,C,1,"L1:[sp=K,163] C=1,S=4,X=222,Y=222,R=7,K=6 || L2:[sp=K,3] R=7,S=2,K=2,X=1,Y=1,C=1",-343.0,-163323000.0,1,K|K,1
K,163,K,6,S,4,Y,222,C,3,R,6,X,222,C,3,Y,1,S,2,R,2,X,54,K,4,C,3,"L1:[sp=K,163] K=6,S=4,Y=222,C=3,R=6,X=222 || L2:[sp=C,3] Y=1,S=2,R=2,X=54,K=4,C=3",-inf,-inf,0,K|C,1
Y,163,C,1,R,6,S,5,Y,222,X,222,K,6,K,3,R,2,S,2,K,2,X,1,Y,1,C,1,"L1:[sp=Y,163] C=1,R=6,S=5,Y=222,X=222,K=6 || L2:[sp=K,3] R=2,S=2,K=2,X=1,Y=1,C=1",-3829.0,-163323000.0,1,Y|K,1
K,163,K,6,S,7,Y,222,C,3,R,5,X,222,C,3,Y,1,S,2,R,2,X,1,K,4,C,1,"L1:[sp=K,163] K=6,S=7,Y=222,C=3,R=5,X=222 || L2:[sp=C,3] Y=1,S=2,R=2,X=1,K=4,C=1",-297.0,-163323000.0,1,K|C,1
X,163,C,1,S,5,X,222,Y,222,R,6,K,6,K,3,R,2,S,4,K,2,X,73,Y,1,C,1,"L1:[sp=X,163] C=1,S=5,X=222,Y=222,R=6,K=6 || L2:[sp=K,3] R=2,S=4,K=2,X=73,Y=1,C=1",-inf,-inf,0,X|K,1
K,163,C,1,Y,222,S,4,R,7,X,222,K,6,K,6,X,1,S,2,R,7,K,2,Y,69,C,1,"L1:[sp=K,163] C=1,Y=222,S=4,R=7,X=222,K=6 || L2:[sp=K,6] X=1,S=2,R=7,K=2,Y=69,C=1",-inf,-inf,0,K|K,1
K,163,K,6,S,7,C,3,Y,222,X,222,R,5,C,3,R,2,S,2,C,1,X,1,K,4,Y,1,"L1:[sp=K,163] K=6,S=7,C=3,Y=222,X=222,R=5 || L2:[sp=C,3] R=2,S=2,C=1,X=1,K=4,Y=1",-297.0,-163323000.0,1,K|C,1
K,163,K,6,S,5,Y,222,R,6,X,222,C,3,K,6,R,2,S,5,X,1,K,2,C,2,Y,1,"L1:[sp=K,163] K=6,S=5,Y=222,R=6,X=222,C=3 || L2:[sp=K,6] R=2,S=5,X=1,K=2,C=2,Y=1",-485.0,-163323000.0,1,K|K,1
K,163,C,1,R,5,S,4,Y,222,X,222,K,6,K,6,X,1,S,1,R,2,K,2,Y,1,C,1,"L1:[sp=K,163] C=1,R=5,S=4,Y=222,X=222,K=6 || L2:[sp=K,6] X=1,S=1,R=2,K=2,Y=1,C=1",-601.0,-163323000.0,1,K|K,1
K,163,C,1,S,4,X,222,Y,187,R,7,K,6,K,3,R,7,S,1,K,2,X,1,Y,1,C,1,"L1:[sp=K,163] C=1,S=4,X=222,Y=187,R=7,K=6 || L2:[sp=K,3] R=7,S=1,K=2,X=1,Y=1,C=1",-128197.0,-163323000.0,1,K|K,1
K,163,S,5,Y,152,K,31,C,3,R,6,X,222,C,3,Y,1,S,5,X,1,R,1,K,4,C,3,"L1:[sp=K,163] S=5,Y=152,K=31,C=3,R=6,X=222 || L2:[sp=C,3] Y=1,S=5,X=1,R=1,K=4,C=3",-1490799.0,-163323000.0,1,K|C,1
K,163,K,6,S,4,Y,222,R,6,X,222,C,3,X,24,R,2,S,2,X,1,K,3,Y,1,C,2,"L1:[sp=K,163] K=6,S=4,Y=222,R=6,X=222,C=3 || L2:[sp=X,24] R=2,S=2,X=1,K=3,Y=1,C=2",-2313.0,-163323000.0,1,K|X,1
K,163,C,3,Y,219,S,5,R,6,X,222,K,6,K,6,X,1,S,4,R,2,K,2,Y,1,C,1,"L1:[sp=K,163] C=3,Y=219,S=5,R=6,X=222,K=6 || L2:[sp=K,6] X=1,S=4,R=2,K=2,Y=1,C=1",-256901.0,-163323000.0,1,K|K,1
K,163,S,4,Y,222,K,6,C,3,R,6,X,222,C,3,Y,1,S,2,X,1,R,2,K,6,C,3,"L1:[sp=K,163] S=4,Y=222,K=6,C=3,R=6,X=222 || L2:[sp=C,3] Y=1,S=2,X=1,R=2,K=6,C=3",-1157.0,-163323000.0,1,K|C,1
K,163,K,55,X,3,C,3,R,6,S,5,Y,222,K,55,X,1,Y,1,R,2,K,5,S,4,C,1,"L1:[sp=K,163] K=55,X=3,C=3,R=6,S=5,Y=222 || L2:[sp=K,55] X=1,Y=1,R=2,K=5,S=4,C=1",-211977.0,-163323000.0,1,K|K,1
K,163,C,1,Y,222,S,4,R,7,X,222,K,6,X,6,X,1,S,2,R,7,K,2,Y,1,C,1,"L1:[sp=K,163] C=1,Y=222,S=4,R=7,X=222,K=6 || L2:[sp=X,6] X=1,S=2,R=7,K=2,Y=1,C=1",-1015.0,-163323000.0,1,K|X,1
Y,163,Y,222,S,4,X,222,C,1,R,7,K,6,K,2,R,7,S,2,K,2,X,1,Y,1,C,1,"L1:[sp=Y,163] Y=222,S=4,X=222,C=1,R=7,K=6 || L2:[sp=K,2] R=7,S=2,K=2,X=1,Y=1,C=1",-7123.0,-163323000.0,1,Y|K,1
Y,163,C,1,R,5,S,4,Y,222,X,222,K,6,K,6,X,1,S,1,Y,1,K,2,R,2,C,1,"L1:[sp=Y,163] C=1,R=5,S=4,Y=222,X=222,K=6 || L2:[sp=K,6] X=1,S=1,Y=1,K=2,R=2,C=1",-6601.0,-163323000.0,1,Y|K,1
K,163,K,6,S,4,Y,222,C,1,R,5,X,222,C,3,Y,1,S,1,R,2,X,1,K,3,C,1,"L1:[sp=K,163] K=6,S=4,Y=222,C=1,R=5,X=222 || L2:[sp=C,3] Y=1,S=1,R=2,X=1,K=3,C=1",-1777.0,-163323000.0,1,K|C,1
K,163,C,3,R,5,S,7,Y,222,X,222,K,6,K,6,X,1,S,2,R,2,K,6,Y,150,C,1,"L1:[sp=K,163] C=3,R=5,S=7,Y=222,X=222,K=6 || L2:[sp=K,6] X=1,S=2,R=2,K=6,Y=150,C=1",-inf,-inf,0,K|K,1
K,163,K,55,R,6,C,3,X,187,S,5,Y,222,K,55,X,1,Y,1,R,2,K,5,S,5,C,1,"L1:[sp=K,163] K=55,R=6,C=3,X=187,S=5,Y=222 || L2:[sp=K,55] X=1,Y=1,R=2,K=5,S=5,C=1",-264009.0,-163324000.0,1,K|K,1
K,163,K,6,S,4,Y,222,R,7,X,222,C,3,K,6,R,7,S,2,C,2,K,3,Y,1,X,1,"L1:[sp=K,163] K=6,S=4,Y=222,R=7,X=222,C=3 || L2:[sp=K,6] R=7,S=2,C=2,K=3,Y=1,X=1",-507.0,-163323000.0,1,K|K,1
K,163,C,1,R,5,S,4,Y,222,X,222,K,6,K,6,X,1,S,1,R,2,K,2,Y,139,C,1,"L1:[sp=K,163] C=1,R=5,S=4,Y=222,X=222,K=6 || L2:[sp=K,6] X=1,S=1,R=2,K=2,Y=139,C=1",-inf,-inf,0,K|K,1
K,163,C,1,Y,222,S,7,R,6,X,222,K,6,K,6,X,1,S,4,R,2,K,2,Y,1,C,1,"L1:[sp=K,163] C=1,Y=222,S=7,R=6,X=222,K=6 || L2:[sp=K,6] X=1,S=4,R=2,K=2,Y=1,C=1",-679.0,-163323000.0,1,K|K,1
K,163,K,6,S,7,Y,222,C,3,R,5,X,222,C,3,Y,1,S,2,R,2,X,1,K,4,C,1,"L1:[sp=K,163] K=6,S=7,Y=222,C=3,R=5,X=222 || L2:[sp=C,3] Y=1,S=2,R=2,X=1,K=4,C=1",-297.0,-163323000.0,1,K|C,1
K,163,C,1,Y,222,S,4,R,7,X,49,K,6,X,6,X,21,S,1,R,7,K,2,Y,1,C,1,"L1:[sp=K,163] C=1,Y=222,S=4,R=7,X=49,K=6 || L2:[sp=X,6] X=21,S=1,R=7,K=2,Y=1,C=1",-inf,-inf,0,K|X,1
K,163,K,6,S,5,Y,222,R,6,X,222,C,3,K,6,R,2,Y,1,X,1,K,2,C,2,S,5,"L1:[sp=K,163] K=6,S=5,Y=222,R=6,X=222,C=3 || L2:[sp=K,6] R=2,Y=1,X=1,K=2,C=2,S=5",-485.0,-163323000.0,1,K|K,1
K,163,S,4,Y,222,K,6,C,3,R,4,X,222,C,3,S,2,Y,1,X,1,R,2,K,6,C,3,"L1:[sp=K,163] S=4,Y=222,K=6,C=3,R=4,X=222 || L2:[sp=C,3] S=2,Y=1,X=1,R=2,K=6,C=3",-1157.0,-163323000.0,1,K|C,1
K,163,C,1,R,5,S,5,Y,222,X,222,K,6,K,6,X,1,S,1,R,2,K,2,Y,1,C,1,"L1:[sp=K,163] C=1,R=5,S=5,Y=222,X=222,K=6 || L2:[sp=K,6] X=1,S=1,R=2,K=2,Y=1,C=1",-601.0,-163323000.0,1,K|K,1
K,163,K,6,S,4,Y,222,R,7,X,222,C,1,K,6,R,7,S,2,C,1,K,3,Y,1,X,1,"L1:[sp=K,163] K=6,S=4,Y=222,R=7,X=222,C=1 || L2:[sp=K,6] R=7,S=2,C=1,K=3,Y=1,X=1",-511.0,-163323000.0,1,K|K,1
K,163,C,3,Y,222,S,4,R,6,X,222,K,6,X,6,X,1,S,2,R,6,K,2,Y,1,C,2,"L1:[sp=K,163] C=3,Y=222,S=4,R=6,X=222,K=6 || L2:[sp=X,6] X=1,S=2,R=6,K=2,Y=1,C=2",-1733.0,-163323000.0,1,K|X,1
K,163,C,1,R,5,S,4,Y,222,X,222,K,7,K,6,X,1,S,1,R,2,K,2,Y,1,C,1,"L1:[sp=K,163] C=1,R=5,S=4,Y=222,X=222,K=7 || L2:[sp=K,6] X=1,S=1,R=2,K=2,Y=1,C=1",-601.0,-163323000.0,1,K|K,1
K,163,C,1,Y,222,S,7,R,6,X,222,K,6,C,1,X,1,S,4,R,3,K,2,Y,1,C,1,"L1:[sp=K,163] C=1,Y=222,S=7,R=6,X=222,K=6 || L2:[sp=C,1] X=1,S=4,R=3,K=2,Y=1,C=1",-2275.0,-163323000.0,1,K|C,1
K,163,C,3,Y,222,S,7,R,6,X,222,K,6,K,6,X,1,S,2,R,6,K,2,Y,1,C,1,"L1:[sp=K,163] C=3,Y=222,S=7,R=6,X=222,K=6 || L2:[sp=K,6] X=1,S=2,R=6,K=2,Y=1,C=1",-507.0,-163323000.0,1,K|K,1
K,163,K,6,S,4,Y,222,R,7,X,222,C,3,C,6,R,7,S,2,C,2,K,3,Y,1,X,1,"L1:[sp=K,163] K=6,S=4,Y=222,R=7,X=222,C=3 || L2:[sp=C,6] R=7,S=2,C=2,K=3,Y=1,X=1",-675.0,-163323000.0,1,K|C,1
K,163,K,6,S,4,C,1,Y,222,X,222,R,7,C,3,R,1,S,4,C,1,X,1,K,4,Y,1,"L1:[sp=K,163] K=6,S=4,C=1,Y=222,X=222,R=7 || L2:[sp=C,3] R=1,S=4,C=1,X=1,K=4,Y=1",-2023.0,-163323000.0,1,K|C,1
K,163,C,3,Y,222,S,7,R,6,X,222,K,64,C,3,K,2,S,2,C,1,X,1,Y,1,R,2,"L1:[sp=K,163] C=3,Y=222,S=7,R=6,X=222,K=64 || L2:[sp=C,3] K=2,S=2,C=1,X=1,Y=1,R=2",-3587.0,-163323000.0,1,K|C,1
K,163,C,1,Y,222,S,4,R,5,X,222,K,6,X,6,X,1,S,2,C,1,K,2,Y,1,R,5,"L1:[sp=K,163] C=1,Y=222,S=4,R=5,X=222,K=6 || L2:[sp=X,6] X=1,S=2,C=1,K=2,Y=1,R=5",-1453.0,-163323000.0,1,K|X,1
K,163,C,1,Y,222,S,7,R,6,X,222,K,6,K,6,X,176,S,4,R,2,K,2,Y,1,C,1,"L1:[sp=K,163] C=1,Y=222,S=7,R=6,X=222,K=6 || L2:[sp=K,6] X=176,S=4,R=2,K=2,Y=1,C=1",-inf,-inf,0,K|K,1
K,163,X,129,Y,222,S,7,R,6,C,1,K,6,Y,6,X,1,S,4,R,2,K,2,Y,1,C,1,"L1:[sp=K,163] X=129,Y=222,S=7,R=6,C=1,K=6 || L2:[sp=Y,6] X=1,S=4,R=2,K=2,Y=1,C=1",-225805.0,-163323000.0,1,K|Y,1
K,163,K,6,S,5,Y,222,R,6,X,139,C,3,K,6,R,2,S,5,X,1,K,2,C,2,Y,1,"L1:[sp=K,163] K=6,S=5,Y=222,R=6,X=139,C=3 || L2:[sp=K,6] R=2,S=5,X=1,K=2,C=2,Y=1",-105609.0,-163323000.0,1,K|K,1
K,163,C,1,Y,222,S,4,R,7,X,222,K,6,K,6,X,1,S,2,R,7,K,2,Y,1,C,1,"L1:[sp=K,163] C=1,Y=222,S=4,R=7,X=222,K=6 || L2:[sp=K,6] X=1,S=2,R=7,K=2,Y=1,C=1",-343.0,-163323000.0,1,K|K,1
K,163,C,1,Y,222,S,7,R,1,X,222,K,6,X,6,X,1,S,4,R,1,Y,214,K,2,C,1,"L1:[sp=K,163] C=1,Y=222,S=7,R=1,X=222,K=6 || L2:[sp=X,6] X=1,S=4,R=1,Y=214,K=2,C=1",-inf,-inf,0,K|X,1
K,163,K,6,S,7,Y,222,C,3,R,4,X,222,C,3,Y,1,S,2,R,2,X,1,K,4,C,1,"L1:[sp=K,163] K=6,S=7,Y=222,C=3,R=4,X=222 || L2:[sp=C,3] Y=1,S=2,R=2,X=1,K=4,C=1",-339.0,-163323000.0,1,K|C,1
K,163,K,6,S,4,Y,222,R,5,X,222,C,3,K,6,R,5,S,2,C,2,K,2,Y,1,X,1,"L1:[sp=K,163] K=6,S=4,Y=222,R=5,X=222,C=3 || L2:[sp=K,6] R=5,S=2,C=2,K=2,Y=1,X=1",-485.0,-163323000.0,1,K|K,1
K,163,K,6,S,7,Y,222,C,3,R,5,X,222,C,3,Y,1,S,2,R,2,X,1,K,4,C,1,"L1:[sp=K,163] K=6,S=7,Y=222,C=3,R=5,X=222 || L2:[sp=C,3] Y=1,S=2,R=2,X=1,K=4,C=1",-297.0,-163323000.0,1,K|C,1
K,163,K,19,S,7,Y,222,C,3,R,7,X,222,C,3,Y,1,S,2,R,2,X,1,K,4,C,1,"L1:[sp=K,163] K=19,S=7,Y=222,C=3,R=7,X=222 || L2:[sp=C,3] Y=1,S=2,R=2,X=1,K=4,C=1",-933.0,-163323000.0,1,K|C,1
K,163,C,3,Y,222,K,40,R,6,X,222,S,7,K,6,X,1,S,2,R,6,K,2,Y,1,C,1,"L1:[sp=K,163] C=3,Y=222,K=40,R=6,X=222,S=7 || L2:[sp=K,6] X=1,S=2,R=6,K=2,Y=1,C=1",-2019.0,-163323000.0,1,K|K,1
K,163,C,3,R,5,S,5,Y,222,X,140,K,6,K,6,X,1,S,1,R,2,K,2,Y,1,C,1,"L1:[sp=K,163] C=3,R=5,S=5,Y=222,X=140,K=6 || L2:[sp=K,6] X=1,S=1,R=2,K=2,Y=1,C=1",-67041.0,-163323000.0,1,K|K,1
K,163,K,6,S,4,Y,222,R,7,X,222,C,1,K,6,R,7,S,2,C,1,K,3,Y,1,X,1,"L1:[sp=K,163] K=6,S=4,Y=222,R=7,X=222,C=1 || L2:[sp=K,6] R=7,S=2,C=1,K=3,Y=1,X=1",-511.0,-163323000.0,1,K|K,1
K,163,C,1,Y,222,S,4,R,2,X,124,K,6,K,6,X,1,S,2,R,2,K,2,Y,1,C,1,"L1:[sp=K,163] C=1,Y=222,S=4,R=2,X=124,K=6 || L2:[sp=K,6] X=1,S=2,R=2,K=2,Y=1,C=1",-inf,-inf,0,K|K,1
K,163,K,6,Y,222,S,5,R,5,X,222,C,2,K,6,R,3,S,1,C,1,K,3,Y,1,X,172,"L1:[sp=K,163] K=6,Y=222,S=5,R=5,X=222,C=2 || L2:[sp=K,6] R=3,S=1,C=1,K=3,Y=1,X=172",-inf,-inf,0,K|K,1
X,163,C,1,Y,222,S,5,R,5,X,222,K,6,K,6,R,2,S,1,X,1,K,2,Y,1,C,1,"L1:[sp=X,163] C=1,Y=222,S=5,R=5,X=222,K=6 || L2:[sp=K,6] R=2,S=1,X=1,K=2,Y=1,C=1",-6601.0,-163323000.0,1,X|K,1
K,163,K,6,S,4,Y,222,R,5,X,222,C,3,K,6,R,5,S,2,C,1,X,1,Y,1,K,1,"L1:[sp=K,163] K=6,S=4,Y=222,R=5,X=222,C=3 || L2:[sp=K,6] R=5,S=2,C=1,X=1,Y=1,K=1",-245.0,-163323000.0,1,K|K,1
K,163,K,2,S,4,Y,222,R,7,X,222,C,3,K,6,R,7,S,3,C,2,K,2,Y,9,X,1,"L1:[sp=K,163] K=2,S=4,Y=222,R=7,X=222,C=3 || L2:[sp=K,6] R=7,S=3,C=2,K=2,Y=9,X=1",-inf,-inf,0,K|K,1
X,163,C,1,Y,222,S,4,R,5,X,222,K,6,K,6,K,2,S,2,R,2,X,1,Y,1,C,1,"L1:[sp=X,163] C=1,Y=222,S=4,R=5,X=222,K=6 || L2:[sp=K,6] K=2,S=2,R=2,X=1,Y=1,C=1",-3829.0,-163323000.0,1,X|K,1
K,163,S,4,K,42,Y,222,R,7,X,222,C,1,K,6,R,7,S,2,C,1,K,3,Y,1,X,1,"L1:[sp=K,163] S=4,K=42,Y=222,R=7,X=222,C=1 || L2:[sp=K,6] R=7,S=2,C=1,K=3,Y=1,X=1",-1519.0,-163323000.0,1,K|K,1
C,163,K,6,S,7,Y,222,C,2,R,7,X,222,K,3,Y,1,S,2,R,3,X,1,K,4,C,1,"L1:[sp=C,163] K=6,S=7,Y=222,C=2,R=7,X=222 || L2:[sp=K,3] Y=1,S=2,R=3,X=1,K=4,C=1",-12948.0,-163323000.0,1,C|K,1
K,163,K,6,S,7,Y,65,R,5,X,222,C,1,K,6,R,2,S,2,Y,1,K,3,C,1,X,1,"L1:[sp=K,163] K=6,S=7,Y=65,R=5,X=222,C=1 || L2:[sp=K,6] R=2,S=2,Y=1,K=3,C=1,X=1",-inf,-inf,0,K|K,1
K,163,K,6,S,4,Y,222,C,3,R,7,X,60,C,3,Y,1,S,2,R,7,X,1,K,4,C,1,"L1:[sp=K,163] K=6,S=4,Y=222,C=3,R=7,X=60 || L2:[sp=C,3] Y=1,S=2,R=7,X=1,K=4,C=1",-inf,-inf,0,K|C,1
K,163,K,6,S,4,Y,222,R,7,X,222,C,1,K,6,R,7,S,2,C,1,K,3,Y,1,X,1,"L1:[sp=K,163] K=6,S=4,Y=222,R=7,X=222,C=1 || L2:[sp=K,6] R=7,S=2,C=1,K=3,Y=1,X=1",-511.0,-163323000.0,1,K|K,1
K,163,K,6,S,5,Y,222,R,6,X,222,C,3,K,6,R,2,Y,1,X,29,K,2,C,2,S,5,"L1:[sp=K,163] K=6,S=5,Y=222,R=6,X=222,C=3 || L2:[sp=K,6] R=2,Y=1,X=29,K=2,C=2,S=5",-inf,-inf,0,K|K,1
K,163,K,6,S,5,Y,111,R,6,X,222,C,3,Y,6,R,2,Y,111,X,1,K,2,C,2,S,5,"L1:[sp=K,163] K=6,S=5,Y=111,R=6,X=222,C=3 || L2:[sp=Y,6] R=2,Y=111,X=1,K=2,C=2,S=5",-inf,-inf,0,K|Y,1
K,163,C,1,R,5,S,5,Y,222,X,222,K,6,K,6,X,1,S,1,R,2,K,2,Y,1,C,1,"L1:[sp=K,163] C=1,R=5,S=5,Y=222,X=222,K=6 || L2:[sp=K,6] X=1,S=1,R=2,K=2,Y=1,C=1",-601.0,-163323000.0,1,K|K,1
K,163,C,3,Y,222,S,7,R,5,X,222,K,6,K,6,X,1,S,2,R,2,K,2,Y,208,C,1,"L1:[sp=K,163] C=3,Y=222,S=7,R=5,X=222,K=6 || L2:[sp=K,6] X=1,S=2,R=2,K=2,Y=208,C=1",-inf,-inf,0,K|K,1
K,163,K,6,S,4,Y,222,C,1,R,7,X,222,C,3,Y,1,S,2,R,7,X,1,K,3,C,1,"L1:[sp=K,163] K=6,S=4,Y=222,C=1,R=7,X=222 || L2:[sp=C,3] Y=1,S=2,R=7,X=1,K=3,C=1",-1015.0,-163323000.0,1,K|C,1
K,163,K,6,S,4,Y,222,R,5,X,222,C,3,K,6,R,5,S,2,C,1,X,1,Y,1,K,1,"L1:[sp=K,163] K=6,S=4,Y=222,R=5,X=222,C=3 || L2:[sp=K,6] R=5,S=2,C=1,X=1,Y=1,K=1",-245.0,-163323000.0,1,K|K,1
K,163,K,6,S,7,Y,164,C,3,R,7,X,222,C,3,Y,1,S,4,R,2,X,1,K,1,C,1,"L1:[sp=K,163] K=6,S=7,Y=164,C=3,R=7,X=222 || L2:[sp=C,3] Y=1,S=4,R=2,X=1,K=1,C=1",-inf,-inf,0,K|C,1
C,163,K,19,S,7,Y,222,C,3,R,5,X,222,K,3,Y,1,S,2,R,2,X,1,K,4,C,2,"L1:[sp=C,163] K=19,S=7,Y=222,C=3,R=5,X=222 || L2:[sp=K,3] Y=1,S=2,R=2,X=1,K=4,C=2",-3537.0,-163323000.0,1,C|K,1
K,163,K,6,S,4,Y,222,R,5,X,222,C,1,K,6,R,5,S,2,C,1,K,3,Y,178,X,1,"L1:[sp=K,163] K=6,S=4,Y=222,R=5,X=222,C=1 || L2:[sp=K,6] R=5,S=2,C=1,K=3,Y=178,X=1",-inf,-inf,0,K|K,1
K,163,K,6,S,2,Y,222,X,222,R,7,C,3,K,6,R,7,S,2,C,1,X,1,Y,1,K,1,"L1:[sp=K,163] K=6,S=2,Y=222,X=222,R=7,C=3 || L2:[sp=K,6] R=7,S=2,C=1,X=1,Y=1,K=1",-inf,-inf,0,K|K,1
Y,163,K,6,S,7,Y,222,R,6,X,222,C,1,K,6,R,6,X,1,C,1,K,3,Y,1,S,2,"L1:[sp=Y,163] K=6,S=7,Y=222,R=6,X=222,C=1 || L2:[sp=K,6] R=6,X=1,C=1,K=3,Y=1,S=2",-8383.0,-163323000.0,1,Y|K,1
X,163,C,3,Y,222,K,40,R,7,X,222,S,4,K,6,X,1,Y,1,R,7,K,2,S,2,C,1,"L1:[sp=X,163] C=3,Y=222,K=40,R=7,X=222,S=4 || L2:[sp=K,6] X=1,Y=1,R=7,K=2,S=2,C=1",-2021.0,-163323000.0,1,X|K,1
K,163,S,7,K,6,Y,222,C,1,R,5,X,219,C,3,Y,1,S,2,R,2,X,1,K,3,C,1,"L1:[sp=K,163] S=7,K=6,Y=222,C=1,R=5,X=219 || L2:[sp=C,3] Y=1,S=2,R=2,X=1,K=3,C=1",-3535.0,-163323000.0,1,K|C,1
K,163,K,6,S,4,R,7,C,3,Y,222,X,222,C,3,Y,1,S,2,R,7,X,1,K,4,C,1,"L1:[sp=K,163] K=6,S=4,R=7,C=3,Y=222,X=222 || L2:[sp=C,3] Y=1,S=2,R=7,X=1,K=4,C=1",-339.0,-163323000.0,1,K|C,1
K,163,K,6,S,7,Y,142,C,3,R,5,X,222,C,3,Y,1,S,2,R,2,X,188,K,4,C,1,"L1:[sp=K,163] K=6,S=7,Y=142,C=3,R=5,X=222 || L2:[sp=C,3] Y=1,S=2,R=2,X=188,K=4,C=1",-inf,-inf,0,K|C,1
K,163,K,19,S,7,Y,222,C,3,R,7,X,222,C,3,Y,1,S,6,R,2,X,1,K,4,C,2,"L1:[sp=K,163] K=19,S=7,Y=222,C=3,R=7,X=222 || L2:[sp=C,3] Y=1,S=6,R=2,X=1,K=4,C=2",-11174.0,-163323000.0,1,K|C,1
C,163,C,3,Y,222,K,40,R,5,X,222,S,5,K,6,X,1,S,1,R,2,K,2,Y,1,C,1,"L1:[sp=C,163] C=3,Y=222,K=40,R=5,X=222,S=5 || L2:[sp=K,6] X=1,S=1,R=2,K=2,Y=1,C=1",-3537.0,-163323000.0,1,C|K,1
K,163,C,3,R,6,S,7,Y,112,X,222,K,6,K,6,X,1,S,2,R,6,K,2,Y,1,C,1,"L1:[sp=K,163] C=3,R=6,S=7,Y=112,X=222,K=6 || L2:[sp=K,6] X=1,S=2,R=6,K=2,Y=1,C=1",-inf,-inf,0,K|K,1
K,163,K,6,S,4,Y,222,R,7,X,222,C,1,C,1,R,7,S,2,C,1,K,6,Y,1,X,1,"L1:[sp=K,163] K=6,S=4,Y=222,R=7,X=222,C=1 || L2:[sp=C,1] R=7,S=2,C=1,K=6,Y=1,X=1",-1015.0,-163323000.0,1,K|C,1
K,163,R,7,K,42,Y,222,S,4,X,222,C,2,K,6,R,7,S,2,C,1,K,3,Y,1,X,66,"L1:[sp=K,163] R=7,K=42,Y=222,S=4,X=222,C=2 || L2:[sp=K,6] R=7,S=2,C=1,K=3,Y=1,X=66",-inf,-inf,0,K|K,1
K,163,K,6,S,7,Y,222,C,1,R,7,X,222,C,3,Y,1,S,2,R,7,X,1,K,2,C,1,"L1:[sp=K,163] K=6,S=7,Y=222,C=1,R=7,X=222 || L2:[sp=C,3] Y=1,S=2,R=7,X=1,K=2,C=1",-886.0,-163323000.0,1,K|C,1
K,163,K,19,S,4,Y,222,C,1,R,7,X,222,C,3,Y,1,S,2,R,2,X,1,K,4,C,1,"L1:[sp=K,163] K=19,S=4,Y=222,C=1,R=7,X=222 || L2:[sp=C,3] Y=1,S=2,R=2,X=1,K=4,C=1",-3199.0,-163323000.0,1,K|C,1
K,163,C,1,Y,222,K,40,R,2,X,222,S,4,K,6,X,1,S,2,R,2,K,2,Y,1,C,1,"L1:[sp=K,163] C=1,Y=222,K=40,R=2,X=222,S=4 || L2:[sp=K,6] X=1,S=2,R=2,K=2,Y=1,C=1",-342577.0,-163323000.0,1,K|K,1
K,163,S,7,C,3,Y,222,R,6,K,42,X,222,Y,4,R,6,S,2,C,1,K,3,Y,1,X,1,"L1:[sp=K,163] S=7,C=3,Y=222,R=6,K=42,X=222 || L2:[sp=Y,4] R=6,S=2,C=1,K=3,Y=1,X=1",-10587.0,-163323000.0,1,K|Y,1
K,163,C,1,R,5,S,4,Y,170,X,222,K,6,K,6,X,1,S,2,R,5,K,1,Y,1,C,1,"L1:[sp=K,163] C=1,R=5,S=4,Y=170,X=222,K=6 || L2:[sp=K,6] X=1,S=2,R=5,K=1,Y=1,C=1",-52825.0,-163323000.0,1,K|K,1
K,163,Y,110,S,1,K,6,R,5,X,222,C,1,K,6,Y,1,S,1,C,1,X,1,R,2,K,1,"L1:[sp=K,163] Y=110,S=1,K=6,R=5,X=222,C=1 || L2:[sp=K,6] Y=1,S=1,C=1,X=1,R=2,K=1",-inf,-inf,0,K|K,1
K,163,K,6,S,4,Y,222,R,5,X,222,C,3,K,6,R,5,S,2,C,1,X,1,Y,1,K,1,"L1:[sp=K,163] K=6,S=4,Y=222,R=5,X=222,C=3 || L2:[sp=K,6] R=5,S=2,C=1,X=1,Y=1,K=1",-245.0,-163323000.0,1,K|K,1
X,163,S,4,K,6,Y,222,C,1,R,5,X,219,C,3,Y,1,S,2,R,2,X,1,K,3,C,1,"L1:[sp=X,163] S=4,K=6,Y=222,C=1,R=5,X=219 || L2:[sp=C,3] Y=1,S=2,R=2,X=1,K=3,C=1",-2450581.0,-163323000.0,1,X|C,1
K,163,C,3,Y,222,K,40,R,7,X,222,S,7,X,6,X,1,Y,1,C,3,K,29,S,2,R,7,"L1:[sp=K,163] C=3,Y=222,K=40,R=7,X=222,S=7 || L2:[sp=X,6] X=1,Y=1,C=3,K=29,S=2,R=7",-inf,-inf,0,K|X,1
C,163,K,19,S,7,Y,222,C,3,R,1,X,222,K,3,Y,1,S,2,R,1,X,1,C,2,K,4,"L1:[sp=C,163] K=19,S=7,Y=222,C=3,R=1,X=222 || L2:[sp=K,3] Y=1,S=2,R=1,X=1,C=2,K=4",-inf,-inf,0,C|K,1
K,163,K,61,S,7,Y,222,C,1,R,5,X,222,C,3,Y,1,S,4,R,2,K,2,X,1,C,1,"L1:[sp=K,163] K=61,S=7,Y=222,C=1,R=5,X=222 || L2:[sp=C,3] Y=1,S=4,R=2,K=2,X=1,C=1",-17941.0,-163323000.0,1,K|C,1
K,163,K,6,S,4,Y,222,C,1,R,7,X,222,C,3,Y,1,S,2,R,2,X,1,K,1,C,1,"L1:[sp=K,163] K=6,S=4,Y=222,C=1,R=7,X=222 || L2:[sp=C,3] Y=1,S=2,R=2,X=1,K=1,C=1",-1015.0,-163323000.0,1,K|C,1
K,163,K,19,S,7,Y,222,C,1,R,7,X,222,C,3,Y,135,S,2,R,7,X,1,K,4,C,1,"L1:[sp=K,163] K=19,S=7,Y=222,C=1,R=7,X=222 || L2:[sp=C,3] Y=135,S=2,R=7,X=1,K=4,C=1",-inf,-inf,0,K|C,1
C,163,K,48,S,7,Y,222,C,3,R,5,X,222,K,3,Y,1,S,2,R,2,X,1,K,4,C,2,"L1:[sp=C,163] K=48,S=7,Y=222,C=3,R=5,X=222 || L2:[sp=K,3] Y=1,S=2,R=2,X=1,K=4,C=2",-3533.0,-163323000.0,1,C|K,1
K,163,K,54,S,4,Y,222,R,5,X,222,C,3,K,6,R,5,S,2,C,1,Y,141,X,1,K,1,"L1:[sp=K,163] K=54,S=4,Y=222,R=5,X=222,C=3 || L2:[sp=K,6] R=5,S=2,C=1,Y=141,X=1,K=1",-inf,-inf,0,K|K,1
Y,163,S,4,K,6,Y,222,C,1,R,7,X,219,C,3,Y,1,S,2,R,7,X,1,K,3,C,1,"L1:[sp=Y,163] S=4,K=6,Y=222,C=1,R=7,X=219 || L2:[sp=C,3] Y=1,S=2,R=7,X=1,K=3,C=1",-inf,-inf,0,Y|C,1
X,163,C,3,Y,222,K,40,R,5,X,73,S,7,K,5,X,1,Y,1,R,2,K,2,S,2,C,1,"L1:[sp=X,163] C=3,Y=222,K=40,R=5,X=73,S=7 || L2:[sp=K,5] X=1,Y=1,R=2,K=2,S=2,C=1",-160529.0,-163323000.0,1,X|K,1
K,163,K,6,S,7,R,5,C,3,Y,222,X,219,Y,8,Y,1,S,2,R,2,X,1,K,4,C,1,"L1:[sp=K,163] K=6,S=7,R=5,C=3,Y=222,X=219 || L2:[sp=Y,8] Y=1,S=2,R=2,X=1,K=4,C=1",-3531.0,-163323000.0,1,K|Y,1
K,163,S,4,Y,222,K,9,C,1,R,7,X,222,C,3,Y,56,S,2,R,7,X,1,K,4,C,1,"L1:[sp=K,163] S=4,Y=222,K=9,C=1,R=7,X=222 || L2:[sp=C,3] Y=56,S=2,R=7,X=1,K=4,C=1",-inf,-inf,0,K|C,1
K,163,K,6,S,4,Y,222,R,7,X,222,C,1,C,1,R,1,S,2,C,1,K,6,Y,1,X,1,"L1:[sp=K,163] K=6,S=4,Y=222,R=7,X=222,C=1 || L2:[sp=C,1] R=1,S=2,C=1,K=6,Y=1,X=1",-2023.0,-163323000.0,1,K|C,1
C,163,K,19,S,3,Y,222,X,222,R,6,C,3,K,3,Y,1,S,2,R,2,X,1,K,4,C,2,"L1:[sp=C,163] K=19,S=3,Y=222,X=222,R=6,C=3 || L2:[sp=K,3] Y=1,S=2,R=2,X=1,K=4,C=2",-899161.0,-163323000.0,1,C|K,1
K,163,K,6,S,4,Y,222,R,7,X,153,C,1,C,1,R,7,S,2,C,1,K,6,Y,1,X,1,"L1:[sp=K,163] K=6,S=4,Y=222,R=7,X=153,C=1 || L2:[sp=C,1] R=7,S=2,C=1,K=6,Y=1,X=1",-inf,-inf,0,K|C,1
C,163,K,28,S,7,Y,222,C,3,R,5,X,222,K,3,Y,1,S,2,R,2,X,65,K,4,C,2,"L1:[sp=C,163] K=28,S=7,Y=222,C=3,R=5,X=222 || L2:[sp=K,3] Y=1,S=2,R=2,X=65,K=4,C=2",-inf,-inf,0,C|K,1
K,163,K,6,S,4,R,7,C,3,Y,222,X,30,K,2,Y,1,S,2,R,7,X,1,K,4,C,1,"L1:[sp=K,163] K=6,S=4,R=7,C=3,Y=222,X=30 || L2:[sp=K,2] Y=1,S=2,R=7,X=1,K=4,C=1",-inf,-inf,0,K|K,1
K,163,S,7,K,6,Y,222,C,1,R,5,X,219,C,3,Y,1,S,2,R,2,X,1,K,1,C,1,"L1:[sp=K,163] S=7,K=6,Y=222,C=1,R=5,X=219 || L2:[sp=C,3] Y=1,S=2,R=2,X=1,K=1,C=1",-3535.0,-163323000.0,1,K|C,1
K,163,K,6,S,4,R,7,C,3,Y,222,X,222,C,3,Y,1,S,2,R,5,X,1,K,6,C,1,"L1:[sp=K,163] K=6,S=4,R=7,C=3,Y=222,X=222 || L2:[sp=C,3] Y=1,S=2,R=5,X=1,K=6,C=1",-1347.0,-163323000.0,1,K|C,1
K,163,S,1,X,219,Y,222,C,1,R,5,K,2,C,3,Y,1,S,1,R,1,X,1,K,2,C,1,"L1:[sp=K,163] S=1,X=219,Y=222,C=1,R=5,K=2 || L2:[sp=C,3] Y=1,S=1,R=1,X=1,K=2,C=1",-131797.0,-163323000.0,1,K|C,1
K,163,K,6,S,4,Y,222,R,5,X,222,C,3,K,6,R,5,S,2,C,1,X,1,Y,1,K,1,"L1:[sp=K,163] K=6,S=4,Y=222,R=5,X=222,C=3 || L2:[sp=K,6] R=5,S=2,C=1,X=1,Y=1,K=1",-245.0,-163323000.0,1,K|K,1
K,163,K,51,S,7,Y,222,C,1,R,5,X,222,C,3,Y,21,S,4,R,2,K,2,X,1,C,1,"L1:[sp=K,163] K=51,S=7,Y=222,C=1,R=5,X=222 || L2:[sp=C,3] Y=21,S=4,R=2,K=2,X=1,C=1",-inf,-inf,0,K|C,1
K,163,S,7,K,6,Y,222,C,1,R,5,X,219,C,3,Y,1,S,2,R,2,X,1,K,1,C,1,"L1:[sp=K,163] S=7,K=6,Y=222,C=1,R=5,X=219 || L2:[sp=C,3] Y=1,S=2,R=2,X=1,K=1,C=1",-3535.0,-163323000.0,1,K|C,1
K,163,K,6,S,4,Y,222,C,1,R,7,X,222,C,3,Y,1,S,4,R,2,X,1,K,1,C,1,"L1:[sp=K,163] K=6,S=4,Y=222,C=1,R=7,X=222 || L2:[sp=C,3] Y=1,S=4,R=2,X=1,K=1,C=1",-1015.0,-163323000.0,1,K|C,1
C,163,K,48,S,7,Y,222,C,3,R,5,X,222,Y,6,Y,1,S,2,R,2,X,1,K,4,C,3,"L1:[sp=C,163] K=48,S=7,Y=222,C=3,R=5,X=222 || L2:[sp=Y,6] Y=1,S=2,R=2,X=1,K=4,C=3",-18821.0,-163323000.0,1,C|Y,1
Y,163,S,7,K,6,Y,222,C,2,R,5,X,219,C,3,Y,1,S,6,R,2,X,1,K,1,C,1,"L1:[sp=Y,163] S=7,K=6,Y=222,C=2,R=5,X=219 || L2:[sp=C,3] Y=1,S=6,R=2,X=1,K=1,C=1",-37677.0,-163323000.0,1,Y|C,1
X,163,K,61,S,7,Y,222,C,1,R,5,X,222,C,3,Y,1,S,4,R,2,K,2,X,1,C,1,"L1:[sp=X,163] K=61,S=7,Y=222,C=1,R=5,X=222 || L2:[sp=C,3] Y=1,S=4,R=2,K=2,X=1,C=1",-18829.0,-163323000.0,1,X|C,1
K,163,K,6,S,7,Y,222,C,1,R,5,X,222,C,3,Y,1,S,2,R,2,X,114,K,2,C,1,"L1:[sp=K,163] K=6,S=7,Y=222,C=1,R=5,X=222 || L2:[sp=C,3] Y=1,S=2,R=2,X=114,K=2,C=1",-inf,-inf,0,K|C,1
C,163,K,48,S,4,Y,222,C,3,R,7,X,222,K,3,Y,1,S,2,R,2,X,1,K,4,C,2,"L1:[sp=C,163] K=48,S=4,Y=222,C=3,R=7,X=222 || L2:[sp=K,3] Y=1,S=2,R=2,X=1,K=4,C=2",-4037.0,-163323000.0,1,C|K,1
K,163,S,4,K,2,Y,222,C,1,R,7,X,219,C,3,Y,1,S,2,R,5,X,1,K,1,C,1,"L1:[sp=K,163] S=4,K=2,Y=222,C=1,R=7,X=219 || L2:[sp=C,3] Y=1,S=2,R=5,X=1,K=1,C=1",-inf,-inf,0,K|C,1
X,163,K,49,S,7,R,5,C,3,Y,222,X,222,C,3,X,1,S,2,R,2,Y,1,K,6,C,1,"L1:[sp=X,163] K=49,S=7,R=5,C=3,Y=222,X=222 || L2:[sp=C,3] X=1,S=2,R=2,Y=1,K=6,C=1",-3043.0,-163323000.0,1,X|C,1
K,163,K,6,S,7,Y,222,C,1,R,5,X,219,C,3,Y,176,S,2,R,2,X,135,K,1,C,1,"L1:[sp=K,163] K=6,S=7,Y=222,C=1,R=5,X=219 || L2:[sp=C,3] Y=176,S=2,R=2,X=135,K=1,C=1",-inf,-inf,0,K|C,1
X,163,K,6,S,4,R,7,C,3,Y,222,X,222,Y,8,Y,1,S,2,R,2,X,1,K,4,C,1,"L1:[sp=X,163] K=6,S=4,R=7,C=3,Y=222,X=222 || L2:[sp=Y,8] Y=1,S=2,R=2,X=1,K=4,C=1",-10775.0,-163323000.0,1,X|Y,1
Y,163,K,6,Y,222,S,7,R,5,X,219,C,1,C,1,X,23,S,2,C,1,K,6,Y,1,R,2,"L1:[sp=Y,163] K=6,Y=222,S=7,R=5,X=219,C=1 || L2:[sp=C,1] X=23,S=2,C=1,K=6,Y=1,R=2",-inf,-inf,0,Y|C,1
K,163,K,6,S,4,R,2,C,3,Y,222,X,222,C,1,Y,1,S,2,R,1,X,1,K,2,C,1,"L1:[sp=K,163] K=6,S=4,R=2,C=3,Y=222,X=222 || L2:[sp=C,1] Y=1,S=2,R=1,X=1,K=2,C=1",-226817.0,-163323000.0,1,K|C,1
K,163,K,6,S,4,Y,222,R,7,X,222,C,1,C,1,R,1,S,2,C,1,K,6,Y,149,X,1,"L1:[sp=K,163] K=6,S=4,Y=222,R=7,X=222,C=1 || L2:[sp=C,1] R=1,S=2,C=1,K=6,Y=149,X=1",-inf,-inf,0,K|C,1
K,163,K,25,S,7,R,5,C,1,Y,222,X,222,C,1,Y,1,K,25,R,2,S,4,X,1,C,1,"L1:[sp=K,163] K=25,S=7,R=5,C=1,Y=222,X=222 || L2:[sp=C,1] Y=1,K=25,R=2,S=4,X=1,C=1",-inf,-inf,0,K|C,1
C,163,K,48,S,4,Y,222,C,3,R,2,X,222,X,168,K,4,S,2,R,2,X,1,Y,1,C,2,"L1:[sp=C,163] K=48,S=4,Y=222,C=3,R=2,X=222 || L2:[sp=X,168] K=4,S=2,R=2,X=1,Y=1,C=2",-2740257.0,-163323000.0,1,C|X,1
K,163,K,6,S,7,Y,189,C,1,R,5,X,222,C,3,Y,1,S,2,R,2,X,1,K,1,C,1,"L1:[sp=K,163] K=6,S=7,Y=189,C=1,R=5,X=222 || L2:[sp=C,3] Y=1,S=2,R=2,X=1,K=1,C=1",-inf,-inf,0,K|C,1
K,163,S,7,K,6,Y,222,C,1,R,5,X,219,C,3,Y,1,S,2,R,2,X,1,K,1,C,1,"L1:[sp=K,163] S=7,K=6,Y=222,C=1,R=5,X=219 || L2:[sp=C,3] Y=1,S=2,R=2,X=1,K=1,C=1",-3535.0,-163323000.0,1,K|C,1
K,163,K,6,S,4,Y,222,R,5,X,222,C,3,K,6,R,5,S,2,C,1,X,1,Y,1,K,1,"L1:[sp=K,163] K=6,S=4,Y=222,R=5,X=222,C=3 || L2:[sp=K,6] R=5,S=2,C=1,X=1,Y=1,K=1",-245.0,-163323000.0,1,K|K,1
K,163,K,6,S,4,Y,222,R,5,X,222,C,3,K,6,R,5,S,2,C,1,X,1,Y,1,K,1,"L1:[sp=K,163] K=6,S=4,Y=222,R=5,X=222,C=3 || L2:[sp=K,6] R=5,S=2,C=1,X=1,Y=1,K=1",-245.0,-163323000.0,1,K|K,1
K,163,S,7,K,6,C,1,Y,222,R,5,X,120,C,3,Y,1,S,2,R,2,X,1,K,1,C,1,"L1:[sp=K,163] S=7,K=6,C=1,Y=222,R=5,X=120 || L2:[sp=C,3] Y=1,S=2,R=2,X=1,K=1,C=1",-201109.0,-163323000.0,1,K|C,1
C,163,K,20,S,4,Y,222,C,3,R,7,X,69,K,3,Y,1,S,2,R,2,X,1,K,4,C,2,"L1:[sp=C,163] K=20,S=4,Y=222,C=3,R=7,X=69 || L2:[sp=K,3] Y=1,S=2,R=2,X=1,K=4,C=2",-inf,-inf,0,C|K,1
X,163,K,49,S,7,R,4,C,3,Y,222,X,222,C,3,X,1,S,2,R,2,Y,1,K,6,C,1,"L1:[sp=X,163] K=49,S=7,R=4,C=3,Y=222,X=222 || L2:[sp=C,3] X=1,S=2,R=2,Y=1,K=6,C=1",-3477.0,-163323000.0,1,X|C,1
C,163,K,48,S,4,Y,222,C,3,R,7,X,222,K,3,Y,1,S,2,R,2,X,1,K,4,C,2,"L1:[sp=C,163] K=48,S=4,Y=222,C=3,R=7,X=222 || L2:[sp=K,3] Y=1,S=2,R=2,X=1,K=4,C=2",-inf,-inf,0,C|K,1
C,163,K,48,S,7,Y,222,C,3,R,1,X,222,Y,6,Y,220,S,2,R,1,X,1,K,4,C,2,"L1:[sp=C,163] K=48,S=7,Y=222,C=3,R=1,X=222 || L2:[sp=Y,6] Y=220,S=2,R=1,X=1,K=4,C=2",-inf,-inf,0,C|Y,1
K,163,K,61,S,7,X,13,C,1,R,5,Y,222,C,3,Y,1,S,4,R,2,K,2,X,1,C,1,"L1:[sp=K,163] K=61,S=7,X=13,C=1,R=5,Y=222 || L2:[sp=C,3] Y=1,S=4,R=2,K=2,X=1,C=1",-2412226.0,-163323000.0,1,K|C,1
K,163,K,6,S,4,Y,222,R,7,X,134,C,3,X,134,R,2,S,4,C,1,X,1,Y,1,K,1,"L1:[sp=K,163] K=6,S=4,Y=222,R=7,X=134,C=3 || L2:[sp=X,134] R=2,S=4,C=1,X=1,Y=1,K=1",-inf,-inf,0,K|X,1
K,163,K,6,S,4,Y,222,C,3,R,5,X,222,C,3,Y,1,S,2,R,5,X,1,K,1,C,1,"L1:[sp=K,163] K=6,S=4,Y=222,C=3,R=5,X=222 || L2:[sp=C,3] Y=1,S=2,R=5,X=1,K=1,C=1",-inf,-inf,0,K|C,1
X,163,K,49,S,7,R,5,C,3,Y,222,X,222,C,3,R,2,S,2,X,1,Y,50,K,6,C,2,"L1:[sp=X,163] K=49,S=7,R=5,C=3,Y=222,X=222 || L2:[sp=C,3] R=2,S=2,X=1,Y=50,K=6,C=2",-inf,-inf,0,X|C,1
X,163,K,6,S,4,Y,222,R,5,X,222,C,3,K,6,R,5,S,2,C,1,X,1,Y,1,K,1,"L1:[sp=X,163] K=6,S=4,Y=222,R=5,X=222,C=3 || L2:[sp=K,6] R=5,S=2,C=1,X=1,Y=1,K=1",-2685.0,-163323000.0,1,X|K,1
X,163,K,61,S,7,Y,222,C,1,R,5,X,222,K,1,Y,1,S,2,R,2,K,2,X,1,C,1,"L1:[sp=X,163] K=61,S=7,Y=222,C=1,R=5,X=222 || L2:[sp=K,1] Y=1,S=2,R=2,K=2,X=1,C=1",-9421.0,-163323000.0,1,X|K,1
C,163,K,48,S,7,Y,222,C,3,R,5,X,222,X,21,Y,1,S,4,R,2,X,1,K,4,C,3,"L1:[sp=C,163] K=48,S=7,Y=222,C=3,R=5,X=222 || L2:[sp=X,21] Y=1,S=4,R=2,X=1,K=4,C=3",-9413.0,-163323000.0,1,C|X,1
X,163,K,6,S,4,R,7,X,222,Y,222,C,3,Y,168,Y,1,S,2,R,2,X,1,K,3,C,1,"L1:[sp=X,163] K=6,S=4,R=7,X=222,Y=222,C=3 || L2:[sp=Y,168] Y=1,S=2,R=2,X=1,K=3,C=1",-11111.0,-163323000.0,1,X|Y,1
X,163,K,61,S,7,Y,222,X,222,R,7,C,1,C,3,Y,214,S,4,R,2,K,2,X,1,C,1,"L1:[sp=X,163] K=61,S=7,Y=222,X=222,R=7,C=1 || L2:[sp=C,3] Y=214,S=4,R=2,K=2,X=1,C=1",-inf,-inf,0,X|C,1
X,163,K,6,S,7,R,5,C,3,Y,222,X,222,Y,8,Y,1,S,2,R,2,X,140,K,4,C,1,"L1:[sp=X,163] K=6,S=7,R=5,C=3,Y=222,X=222 || L2:[sp=Y,8] Y=1,S=2,R=2,X=140,K=4,C=1",-inf,-inf,0,X|Y,1
C,163,K,49,S,4,R,7,C,3,Y,222,X,222,X,3,X,171,S,2,R,2,Y,1,K,6,C,1,"L1:[sp=C,163] K=49,S=4,R=7,C=3,Y=222,X=222 || L2:[sp=X,3] X=171,S=2,R=2,Y=1,K=6,C=1",-inf,-inf,0,C|X,1
C,163,K,48,S,4,Y,222,C,3,R,7,X,217,K,3,Y,1,S,2,R,2,X,1,K,4,C,2,"L1:[sp=C,163] K=48,S=4,Y=222,C=3,R=7,X=217 || L2:[sp=K,3] Y=1,S=2,R=2,X=1,K=4,C=2",-inf,-inf,0,C|K,1
C,163,K,48,S,7,Y,222,C,3,R,5,X,222,Y,6,Y,1,S,2,R,2,K,4,X,1,C,1,"L1:[sp=C,163] K=48,S=7,Y=222,C=3,R=5,X=222 || L2:[sp=Y,6] Y=1,S=2,R=2,K=4,X=1,C=1",-inf,-inf,0,C|Y,1
X,163,K,49,R,1,S,7,C,3,Y,222,X,222,C,3,X,1,S,2,R,1,Y,1,K,6,C,3,"L1:[sp=X,163] K=49,R=1,S=7,C=3,Y=222,X=222 || L2:[sp=C,3] X=1,S=2,R=1,Y=1,K=6,C=3",-inf,-inf,0,X|C,1
K,163,K,6,S,4,Y,222,R,5,X,222,C,3,K,6,R,5,S,2,C,1,X,1,Y,1,K,1,"L1:[sp=K,163] K=6,S=4,Y=222,R=5,X=222,C=3 || L2:[sp=K,6] R=5,S=2,C=1,X=1,Y=1,K=1",-245.0,-163323000.0,1,K|K,1
K,163,K,48,S,4,Y,222,C,3,R,5,X,222,X,21,Y,1,S,2,R,5,X,1,K,4,C,1,"L1:[sp=K,163] K=48,S=4,Y=222,C=3,R=5,X=222 || L2:[sp=X,21] Y=1,S=2,R=5,X=1,K=4,C=1",-inf,-inf,0,K|X,1
K,163,K,6,S,7,Y,222,R,5,X,222,C,3,K,6,R,2,S,7,C,3,X,1,Y,1,K,1,"L1:[sp=K,163] K=6,S=7,Y=222,R=5,X=222,C=3 || L2:[sp=K,6] R=2,S=7,C=3,X=1,Y=1,K=1",-150.0,-163323000.0,1,K|K,1
K,163,K,61,S,4,X,222,C,1,R,5,Y,138,C,3,Y,1,S,2,R,5,K,2,X,1,C,1,"L1:[sp=K,163] K=61,S=4,X=222,C=1,R=5,Y=138 || L2:[sp=C,3] Y=1,S=2,R=5,K=2,X=1,C=1",-3220825.0,-163323000.0,1,K|C,1
X,163,K,6,S,7,Y,222,R,5,X,13,C,3,K,6,R,2,S,3,C,1,X,3,Y,1,K,1,"L1:[sp=X,163] K=6,S=7,Y=222,R=5,X=13,C=3 || L2:[sp=K,6] R=2,S=3,C=1,X=3,Y=1,K=1",-30746.0,-163323000.0,1,X|K,1
K,163,K,61,S,4,X,13,C,1,R,7,Y,222,C,3,Y,1,S,3,R,2,K,2,X,12,C,1,"L1:[sp=K,163] K=61,S=4,X=13,C=1,R=7,Y=222 || L2:[sp=C,3] Y=1,S=3,R=2,K=2,X=12,C=1",-inf,-inf,0,K|C,1
Y,163,K,6,S,7,R,5,X,222,Y,222,C,1,Y,168,Y,1,S,7,R,2,X,1,K,3,C,1,"L1:[sp=Y,163] K=6,S=7,R=5,X=222,Y=222,C=1 || L2:[sp=Y,168] Y=1,S=7,R=2,X=1,K=3,C=1",-9769.0,-163323000.0,1,Y|Y,1
K,163,K,6,S,4,Y,222,R,7,X,222,C,3,K,6,R,5,S,2,C,1,X,1,Y,1,K,1,"L1:[sp=K,163] K=6,S=4,Y=222,R=7,X=222,C=3 || L2:[sp=K,6] R=5,S=2,C=1,X=1,Y=1,K=1",-675.0,-163323000.0,1,K|K,1
X,163,K,6,S,4,Y,222,R,5,X,222,C,3,K,6,R,5,S,2,C,1,X,1,Y,50,K,5,"L1:[sp=X,163] K=6,S=4,Y=222,R=5,X=222,C=3 || L2:[sp=K,6] R=5,S=2,C=1,X=1,Y=50,K=5",-inf,-inf,0,X|K,1
X,163,K,6,S,7,R,5,X,120,Y,222,C,3,Y,168,X,1,S,6,Y,149,R,2,K,4,C,1,"L1:[sp=X,163] K=6,S=7,R=5,X=120,Y=222,C=3 || L2:[sp=Y,168] X=1,S=6,Y=149,R=2,K=4,C=1",-inf,-inf,0,X|Y,1
K,163,S,4,K,6,C,2,Y,105,R,7,X,222,C,3,Y,1,S,2,R,1,X,1,K,1,C,1,"L1:[sp=K,163] S=4,K=6,C=2,Y=105,R=7,X=222 || L2:[sp=C,3] Y=1,S=2,R=1,X=1,K=1,C=1",-158605.0,-163323000.0,1,K|C,1
K,163,K,6,S,7,Y,222,R,5,X,222,C,3,X,7,R,5,S,4,C,1,X,1,Y,1,K,1,"L1:[sp=K,163] K=6,S=7,Y=222,R=5,X=222,C=3 || L2:[sp=X,7] R=5,S=4,C=1,X=1,Y=1,K=1",-1263.0,-163323000.0,1,K|X,1
C,163,K,48,S,4,Y,222,C,3,R,5,X,222,X,21,Y,1,X,62,R,1,S,2,K,4,C,3,"L1:[sp=C,163] K=48,S=4,Y=222,C=3,R=5,X=222 || L2:[sp=X,21] Y=1,X=62,R=1,S=2,K=4,C=3",-inf,-inf,0,C|X,1
X,163,K,6,S,4,R,7,X,222,Y,222,C,3,X,2,Y,1,S,2,R,2,X,1,K,1,C,1,"L1:[sp=X,163] K=6,S=4,R=7,X=222,Y=222,C=3 || L2:[sp=X,2] Y=1,S=2,R=2,X=1,K=1,C=1",-10775.0,-163323000.0,1,X|X,1
K,163,S,7,K,6,C,1,Y,106,R,5,X,120,C,3,Y,1,S,2,R,2,X,37,K,1,C,1,"L1:[sp=K,163] S=7,K=6,C=1,Y=106,R=5,X=120 || L2:[sp=C,3] Y=1,S=2,R=2,X=37,K=1,C=1",-inf,-inf,0,K|C,1
X,163,K,61,S,7,Y,222,C,1,R,5,X,52,K,1,Y,1,S,4,R,2,K,2,X,1,C,1,"L1:[sp=X,163] K=61,S=7,Y=222,C=1,R=5,X=52 || L2:[sp=K,1] Y=1,S=4,R=2,K=2,X=1,C=1",-517453.0,-163323000.0,1,X|K,1
C,163,K,48,S,7,Y,222,C,3,R,5,X,222,X,21,Y,1,S,2,R,2,X,26,K,4,C,3,"L1:[sp=C,163] K=48,S=7,Y=222,C=3,R=5,X=222 || L2:[sp=X,21] Y=1,S=2,R=2,X=26,K=4,C=3",-inf,-inf,0,C|X,1
C,163,K,48,S,4,Y,222,C,3,R,5,X,222,X,21,Y,1,S,2,K,13,X,1,R,5,C,3,"L1:[sp=C,163] K=48,S=4,Y=222,C=3,R=5,X=222 || L2:[sp=X,21] Y=1,S=2,K=13,X=1,R=5,C=3",-inf,-inf,0,C|X,1
X,163,K,6,S,7,Y,222,R,5,X,222,C,3,K,6,R,2,S,4,C,1,X,1,Y,1,K,1,"L1:[sp=X,163] K=6,S=7,Y=222,R=5,X=222,C=3 || L2:[sp=K,6] R=2,S=4,C=1,X=1,Y=1,K=1",-3257.0,-163323000.0,1,X|K,1
C,163,K,9,S,7,X,222,C,3,R,5,Y,222,K,3,Y,1,X,1,R,2,K,2,S,4,C,3,"L1:[sp=C,163] K=9,S=7,X=222,C=3,R=5,Y=222 || L2:[sp=K,3] Y=1,X=1,R=2,K=2,S=4,C=3",-6485.0,-163323000.0,1,C|K,1
X,163,K,48,S,7,Y,198,C,1,R,5,X,13,C,21,Y,1,S,4,R,2,X,1,K,4,C,1,"L1:[sp=X,163] K=48,S=7,Y=198,C=1,R=5,X=13 || L2:[sp=C,21] Y=1,S=4,R=2,X=1,K=4,C=1",-inf,-inf,0,X|C,1
K,163,K,6,S,7,Y,222,R,5,X,222,C,3,K,6,R,2,S,7,C,3,X,1,Y,1,K,1,"L1:[sp=K,163] K=6,S=7,Y=222,R=5,X=222,C=3 || L2:[sp=K,6] R=2,S=7,C=3,X=1,Y=1,K=1",-150.0,-163323000.0,1,K|K,1
Y,163,K,6,S,7,Y,222,R,7,X,222,C,3,K,6,R,5,S,7,C,1,X,1,Y,1,K,1,"L1:[sp=Y,163] K=6,S=7,Y=222,R=7,X=222,C=3 || L2:[sp=K,6] R=5,S=7,C=1,X=1,Y=1,K=1",-6480.0,-163323000.0,1,Y|K,1
C,163,K,6,S,4,R,5,X,222,Y,222,C,1,Y,168,Y,1,S,2,R,2,X,1,K,3,C,1,"L1:[sp=C,163] K=6,S=4,R=5,X=222,Y=222,C=1 || L2:[sp=Y,168] Y=1,S=2,R=2,X=1,K=3,C=1",-11221.0,-163323000.0,1,C|Y,1
K,163,K,6,S,7,Y,34,R,5,X,222,C,3,K,6,R,2,S,7,C,3,X,1,Y,1,K,4,"L1:[sp=K,163] K=6,S=7,Y=34,R=5,X=222,C=3 || L2:[sp=K,6] R=2,S=7,C=3,X=1,Y=1,K=4",-inf,-inf,0,K|K,1
X,163,K,6,S,4,R,7,X,222,Y,222,C,3,X,2,Y,1,S,2,R,7,X,1,K,5,C,2,"L1:[sp=X,163] K=6,S=4,R=7,X=222,Y=222,C=3 || L2:[sp=X,2] Y=1,S=2,R=7,X=1,K=5,C=2",-10271.0,-163323000.0,1,X|X,1
K,163,K,6,S,7,Y,220,R,5,X,222,C,3,K,6,R,2,S,2,C,3,X,1,Y,1,K,1,"L1:[sp=K,163] K=6,S=7,Y=220,R=5,X=222,C=3 || L2:[sp=K,6] R=2,S=2,C=3,X=1,Y=1,K=1",-inf,-inf,0,K|K,1
C,163,K,9,S,4,X,222,C,3,R,5,Y,137,K,3,Y,1,X,1,R,5,K,2,S,2,C,1,"L1:[sp=C,163] K=9,S=4,X=222,C=3,R=5,Y=137 || L2:[sp=K,3] Y=1,X=1,R=5,K=2,S=2,C=1",-1161665.0,-163323000.0,1,C|K,1
C,163,K,9,S,4,X,222,C,3,R,7,Y,222,K,3,Y,40,X,1,R,2,K,2,S,2,C,3,"L1:[sp=C,163] K=9,S=4,X=222,C=3,R=7,Y=222 || L2:[sp=K,3] Y=40,X=1,R=2,K=2,S=2,C=3",-inf,-inf,0,C|K,1
X,163,S,7,K,6,R,1,X,222,Y,222,C,3,X,2,Y,1,S,4,R,1,X,1,K,1,C,1,"L1:[sp=X,163] S=7,K=6,R=1,X=222,Y=222,C=3 || L2:[sp=X,2] Y=1,S=4,R=1,X=1,K=1,C=1",-inf,-inf,0,X|X,1
K,163,K,6,S,4,Y,222,R,7,X,222,C,3,K,6,R,2,S,2,C,1,X,142,Y,191,K,2,"L1:[sp=K,163] K=6,S=4,Y=222,R=7,X=222,C=3 || L2:[sp=K,6] R=2,S=2,C=1,X=142,Y=191,K=2",-inf,-inf,0,K|K,1
X,163,K,6,S,6,R,5,X,222,Y,222,C,2,X,2,Y,1,S,2,R,5,X,1,K,1,C,1,"L1:[sp=X,163] K=6,S=6,R=5,X=222,Y=222,C=2 || L2:[sp=X,2] Y=1,S=2,R=5,X=1,K=1,C=1",-15449.0,-163323000.0,1,X|X,1
K,163,K,6,S,7,Y,222,R,5,X,222,C,3,X,7,R,5,S,4,C,1,X,1,Y,108,K,1,"L1:[sp=K,163] K=6,S=7,Y=222,R=5,X=222,C=3 || L2:[sp=X,7] R=5,S=4,C=1,X=1,Y=108,K=1",-inf,-inf,0,K|X,1
K,163,K,6,S,7,Y,222,R,5,X,222,C,3,K,6,R,2,S,7,C,3,X,1,Y,1,K,3,"L1:[sp=K,163] K=6,S=7,Y=222,R=5,X=222,C=3 || L2:[sp=K,6] R=2,S=7,C=3,X=1,Y=1,K=3",-444.0,-163323000.0,1,K|K,1
C,163,K,9,S,7,X,222,C,3,R,5,Y,222,K,3,Y,1,X,1,R,3,K,2,S,7,C,3,"L1:[sp=C,163] K=9,S=7,X=222,C=3,R=5,Y=222 || L2:[sp=K,3] Y=1,X=1,R=3,K=2,S=7,C=3",-6485.0,-163323000.0,1,C|K,1
K,163,K,6,S,4,Y,222,R,5,X,222,C,3,K,6,R,2,S,4,C,3,X,103,Y,1,K,1,"L1:[sp=K,163] K=6,S=4,Y=222,R=5,X=222,C=3 || L2:[sp=K,6] R=2,S=4,C=3,X=103,Y=1,K=1",-inf,-inf,0,K|K,1
K,163,K,6,S,4,Y,222,R,3,X,222,C,3,K,6,R,3,C,1,S,2,X,1,Y,1,K,1,"L1:[sp=K,163] K=6,S=4,Y=222,R=3,X=222,C=3 || L2:[sp=K,6] R=3,C=1,S=2,X=1,Y=1,K=1",-47959.0,-163323000.0,1,K|K,1
K,163,K,3,S,7,Y,222,R,5,X,60,C,3,K,6,R,2,S,7,C,1,X,4,Y,1,K,1,"L1:[sp=K,163] K=3,S=7,Y=222,R=5,X=60,C=3 || L2:[sp=K,6] R=2,S=7,C=1,X=4,Y=1,K=1",-32349.0,-163323000.0,1,K|K,1
K,163,K,6,S,4,Y,222,R,7,X,222,C,1,K,6,R,2,S,2,C,1,X,1,Y,1,K,1,"L1:[sp=K,163] K=6,S=4,Y=222,R=7,X=222,C=1 || L2:[sp=K,6] R=2,S=2,C=1,X=1,Y=1,K=1",-175.0,-163323000.0,1,K|K,1
X,163,K,6,S,7,R,7,X,222,Y,78,C,3,X,2,Y,1,S,7,R,2,C,3,K,1,X,1,"L1:[sp=X,163] K=6,S=7,R=7,X=222,Y=78,C=3 || L2:[sp=X,2] Y=1,S=7,R=2,C=3,K=1,X=1",-inf,-inf,0,X|X,1
K,163,K,3,Y,222,S,7,R,5,X,222,C,3,K,6,R,2,S,2,C,1,X,1,Y,1,K,1,"L1:[sp=K,163] K=3,Y=222,S=7,R=5,X=222,C=3 || L2:[sp=K,6] R=2,S=2,C=1,X=1,Y=1,K=1",-150.0,-163323000.0,1,K|K,1
X,163,K,40,S,4,Y,222,R,5,X,222,C,3,K,6,R,5,S,2,C,1,X,1,Y,1,K,1,"L1:[sp=X,163] K=40,S=4,Y=222,R=5,X=222,C=3 || L2:[sp=K,6] R=5,S=2,C=1,X=1,Y=1,K=1",-2649.0,-163323000.0,1,X|K,1
K,163,K,6,S,7,Y,222,R,5,X,222,C,3,K,6,R,2,S,7,C,3,X,1,Y,1,K,1,"L1:[sp=K,163] K=6,S=7,Y=222,R=5,X=222,C=3 || L2:[sp=K,6] R=2,S=7,C=3,X=1,Y=1,K=1",-150.0,-163323000.0,1,K|K,1
X,163,K,6,S,4,R,7,X,222,Y,189,C,3,X,2,Y,1,S,2,R,4,X,1,K,5,C,2,"L1:[sp=X,163] K=6,S=4,R=7,X=222,Y=189,C=3 || L2:[sp=X,2] Y=1,S=2,R=4,X=1,K=5,C=2",-2295597.0,-163323000.0,1,X|X,1
K,163,K,6,S,4,R,7,Y,222,X,222,C,1,K,6,R,7,S,1,C,1,X,1,Y,1,K,1,"L1:[sp=K,163] K=6,S=4,R=7,Y=222,X=222,C=1 || L2:[sp=K,6] R=7,S=1,C=1,X=1,Y=1,K=1",-301.0,-163323000.0,1,K|K,1
X,163,K,6,C,3,R,7,X,222,Y,222,S,4,X,2,Y,187,S,2,R,7,X,1,K,5,C,2,"L1:[sp=X,163] K=6,C=3,R=7,X=222,Y=222,S=4 || L2:[sp=X,2] Y=187,S=2,R=7,X=1,K=5,C=2",-inf,-inf,0,X|X,1
K,163,K,6,S,7,Y,222,R,5,X,222,C,3,X,56,R,2,S,7,C,3,X,1,Y,1,K,1,"L1:[sp=K,163] K=6,S=7,Y=222,R=5,X=222,C=3 || L2:[sp=X,56] R=2,S=7,C=3,X=1,Y=1,K=1",-3243.0,-163323000.0,1,K|X,1
C,163,K,6,S,4,Y,222,R,7,X,222,C,3,X,14,R,7,S,2,C,2,X,1,Y,1,K,1,"L1:[sp=C,163] K=6,S=4,Y=222,R=7,X=222,C=3 || L2:[sp=X,14] R=7,S=2,C=2,X=1,Y=1,K=1",-10775.0,-163323000.0,1,C|X,1
X,163,K,6,S,4,R,7,X,222,Y,222,C,1,X,6,Y,1,S,2,R,2,X,1,K,5,C,1,"L1:[sp=X,163] K=6,S=4,R=7,X=222,Y=222,C=1 || L2:[sp=X,6] Y=1,S=2,R=2,X=1,K=5,C=1",-10315.0,-163323000.0,1,X|X,1
C,163,K,9,S,4,X,222,C,3,R,7,Y,222,K,3,Y,1,X,1,R,7,K,4,S,2,C,3,"L1:[sp=C,163] K=9,S=4,X=222,C=3,R=7,Y=222 || L2:[sp=K,3] Y=1,X=1,R=7,K=4,S=2,C=3",-inf,-inf,0,C|K,1
X,163,K,6,S,7,X,222,R,5,Y,222,C,3,X,2,Y,1,S,7,R,3,X,1,K,5,C,2,"L1:[sp=X,163] K=6,S=7,X=222,R=5,Y=222,C=3 || L2:[sp=X,2] Y=1,S=7,R=3,X=1,K=5,C=2",-inf,-inf,0,X|X,1
X,163,K,63,S,7,Y,222,R,7,X,112,C,3,K,6,R,5,S,2,C,1,X,1,Y,1,K,1,"L1:[sp=X,163] K=63,S=7,Y=222,R=7,X=112,C=3 || L2:[sp=K,6] R=5,S=2,C=1,X=1,Y=1,K=1",-inf,-inf,0,X|K,1
Y,163,K,6,S,4,Y,222,R,5,X,222,C,3,K,6,R,5,S,2,C,1,X,1,Y,1,K,1,"L1:[sp=Y,163] K=6,S=4,Y=222,R=5,X=222,C=3 || L2:[sp=K,6] R=5,S=2,C=1,X=1,Y=1,K=1",-2685.0,-163323000.0,1,Y|K,1
X,163,K,40,S,4,Y,222,R,5,X,222,C,3,K,6,R,5,S,2,C,1,X,1,Y,1,K,1,"L1:[sp=X,163] K=40,S=4,Y=222,R=5,X=222,C=3 || L2:[sp=K,6] R=5,S=2,C=1,X=1,Y=1,K=1",-2649.0,-163323000.0,1,X|K,1
Y,163,K,6,S,1,Y,222,R,7,X,222,C,3,K,6,R,5,S,1,X,1,C,1,Y,1,K,1,"L1:[sp=Y,163] K=6,S=1,Y=222,R=7,X=222,C=3 || L2:[sp=K,6] R=5,S=1,X=1,C=1,Y=1,K=1",-inf,-inf,0,Y|K,1
Y,163,K,16,S,6,Y,16,R,7,X,222,C,3,K,6,R,5,S,2,C,1,K,1,Y,1,X,1,"L1:[sp=Y,163] K=16,S=6,Y=16,R=7,X=222,C=3 || L2:[sp=K,6] R=5,S=2,C=1,K=1,Y=1,X=1",-36297.0,-163323000.0,1,Y|K,1
X,163,K,40,S,7,Y,130,R,5,X,105,C,3,K,6,R,5,S,7,C,1,X,1,Y,1,K,1,"L1:[sp=X,163] K=40,S=7,Y=130,R=5,X=105,C=3 || L2:[sp=K,6] R=5,S=7,C=1,X=1,Y=1,K=1",-inf,-inf,0,X|K,1
K,163,K,14,Y,222,S,4,R,7,X,53,C,3,K,6,R,7,S,2,C,1,X,1,Y,1,K,1,"L1:[sp=K,163] K=14,Y=222,S=4,R=7,X=53,C=3 || L2:[sp=K,6] R=7,S=2,C=1,X=1,Y=1,K=1",-inf,-inf,0,K|K,1
X,163,K,57,S,7,R,5,X,222,Y,209,C,3,X,2,Y,1,S,2,R,2,C,2,K,5,X,1,"L1:[sp=X,163] K=57,S=7,R=5,X=222,Y=209,C=3 || L2:[sp=X,2] Y=1,S=2,R=2,C=2,K=5,X=1",-inf,-inf,0,X|X,1
K,163,K,6,S,7,Y,222,R,5,X,222,C,3,K,6,R,2,S,2,C,3,X,1,Y,1,K,1,"L1:[sp=K,163] K=6,S=7,Y=222,R=5,X=222,C=3 || L2:[sp=K,6] R=2,S=2,C=3,X=1,Y=1,K=1",-150.0,-163323000.0,1,K|K,1
K,163,K,3,Y,222,S,7,R,5,X,222,C,3,K,6,R,2,S,7,C,1,X,1,Y,92,K,1,"L1:[sp=K,163] K=3,Y=222,S=7,R=5,X=222,C=3 || L2:[sp=K,6] R=2,S=7,C=1,X=1,Y=92,K=1",-inf,-inf,0,K|K,1
K,163,K,6,S,7,Y,222,R,5,X,222,C,3,K,6,R,2,K,3,C,3,X,1,Y,1,S,7,"L1:[sp=K,163] K=6,S=7,Y=222,R=5,X=222,C=3 || L2:[sp=K,6] R=2,K=3,C=3,X=1,Y=1,S=7",-444.0,-163323000.0,1,K|K,1
K,163,K,3,Y,222,S,7,R,5,X,222,C,3,K,6,C,1,S,2,R,2,X,202,Y,1,K,1,"L1:[sp=K,163] K=3,Y=222,S=7,R=5,X=222,C=3 || L2:[sp=K,6] C=1,S=2,R=2,X=202,Y=1,K=1",-inf,-inf,0,K|K,1
K,163,K,6,S,7,Y,222,R,5,X,222,C,3,K,6,R,2,S,7,C,3,X,1,Y,1,K,1,"L1:[sp=K,163] K=6,S=7,Y=222,R=5,X=222,C=3 || L2:[sp=K,6] R=2,S=7,C=3,X=1,Y=1,K=1",-150.0,-163323000.0,1,K|K,1
X,163,K,6,S,7,R,4,X,222,Y,222,C,1,X,6,Y,1,S,7,R,2,X,1,K,6,C,1,"L1:[sp=X,163] K=6,S=7,R=4,X=222,Y=222,C=1 || L2:[sp=X,6] Y=1,S=7,R=2,X=1,K=6,C=1",-11155.0,-163323000.0,1,X|X,1
K,163,K,6,S,4,Y,222,R,7,X,222,C,3,X,56,R,2,S,2,C,3,X,1,Y,1,K,1,"L1:[sp=K,163] K=6,S=4,Y=222,R=7,X=222,C=3 || L2:[sp=X,56] R=2,S=2,C=3,X=1,Y=1,K=1",-3705.0,-163323000.0,1,K|X,1
K,163,K,6,S,4,Y,222,C,1,X,222,R,7,K,6,R,2,K,3,C,1,X,18,Y,1,S,2,"L1:[sp=K,163] K=6,S=4,Y=222,C=1,X=222,R=7 || L2:[sp=K,6] R=2,K=3,C=1,X=18,Y=1,S=2",-3535.0,-163323000.0,1,K|K,1
C,163,K,6,Y,222,R,5,X,34,S,7,C,3,X,6,Y,1,S,7,R,2,X,1,K,5,C,3,"L1:[sp=C,163] K=6,Y=222,R=5,X=34,S=7,C=3 || L2:[sp=X,6] Y=1,S=7,R=2,X=1,K=5,C=3",-inf,-inf,0,C|X,1
K,163,K,6,S,5,Y,222,R,5,X,222,C,3,K,6,R,2,K,1,C,3,S,2,Y,1,X,1,"L1:[sp=K,163] K=6,S=5,Y=222,R=5,X=222,C=3 || L2:[sp=K,6] R=2,K=1,C=3,S=2,Y=1,X=1",-152.0,-163323000.0,1,K|K,1
K,163,K,6,S,6,R,7,Y,222,X,222,C,1,K,6,R,7,S,1,C,1,X,1,Y,1,K,1,"L1:[sp=K,163] K=6,S=6,R=7,Y=222,X=222,C=1 || L2:[sp=K,6] R=7,S=1,C=1,X=1,Y=1,K=1",-301.0,-163323000.0,1,K|K,1
K,163,K,6,S,7,Y,222,R,5,X,222,C,3,K,6,R,2,S,7,C,3,X,1,Y,1,K,1,"L1:[sp=K,163] K=6,S=7,Y=222,R=5,X=222,C=3 || L2:[sp=K,6] R=2,S=7,C=3,X=1,Y=1,K=1",-150.0,-163323000.0,1,K|K,1
K,163,K,6,S,7,Y,222,R,5,X,222,C,3,K,3,R,2,S,2,C,3,X,1,Y,1,K,1,"L1:[sp=K,163] K=6,S=7,Y=222,R=5,X=222,C=3 || L2:[sp=K,3] R=2,S=2,C=3,X=1,Y=1,K=1",-297.0,-163323000.0,1,K|K,1
K,163,K,6,S,7,Y,222,R,5,X,222,C,3,K,6,R,2,S,7,C,3,X,199,Y,1,K,1,"L1:[sp=K,163] K=6,S=7,Y=222,R=5,X=222,C=3 || L2:[sp=K,6] R=2,S=7,C=3,X=199,Y=1,K=1",-inf,-inf,0,K|K,1
K,163,K,6,S,7,Y,222,R,5,X,222,C,3,K,6,R,2,K,3,C,3,X,1,Y,100,S,2,"L1:[sp=K,163] K=6,S=7,Y=222,R=5,X=222,C=3 || L2:[sp=K,6] R=2,K=3,C=3,X=1,Y=100,S=2",-inf,-inf,0,K|K,1
X,163,K,6,S,7,R,5,X,222,Y,222,C,1,X,6,Y,1,S,7,R,2,X,163,K,5,C,1,"L1:[sp=X,163] K=6,S=7,R=5,X=222,Y=222,C=1 || L2:[sp=X,6] Y=1,S=7,R=2,X=163,K=5,C=1",-inf,-inf,0,X|X,1
K,163,K,6,S,4,Y,222,R,7,X,222,C,3,K,6,R,2,S,2,C,3,X,1,Y,1,K,1,"L1:[sp=K,163] K=6,S=4,Y=222,R=7,X=222,C=3 || L2:[sp=K,6] R=2,S=2,C=3,X=1,Y=1,K=1",-171.0,-163323000.0,1,K|K,1
K,163,C,3,K,6,Y,222,R,5,X,82,S,4,Y,168,R,5,S,2,C,3,X,1,Y,1,K,1,"L1:[sp=K,163] C=3,K=6,Y=222,R=5,X=82,S=4 || L2:[sp=Y,168] R=5,S=2,C=3,X=1,Y=1,K=1",-3486853.0,-163323000.0,1,K|Y,1
X,163,K,54,S,7,Y,222,R,5,X,190,C,3,X,4,R,2,S,2,X,1,Y,1,C,1,K,1,"L1:[sp=X,163] K=54,S=7,Y=222,R=5,X=190,C=3 || L2:[sp=X,4] R=2,S=2,X=1,Y=1,C=1,K=1",-460997.0,-163323000.0,1,X|X,1
K,163,K,53,S,4,C,3,R,5,X,222,Y,222,K,6,R,3,S,1,C,3,X,1,Y,1,K,1,"L1:[sp=K,163] K=53,S=4,C=3,R=5,X=222,Y=222 || L2:[sp=K,6] R=3,S=1,C=3,X=1,Y=1,K=1",-5297.0,-163323000.0,1,K|K,1
K,163,K,6,S,7,R,7,Y,222,X,222,C,1,K,6,R,7,C,1,S,7,K,1,Y,1,X,108,"L1:[sp=K,163] K=6,S=7,R=7,Y=222,X=222,C=1 || L2:[sp=K,6] R=7,C=1,S=7,K=1,Y=1,X=108",-inf,-inf,0,K|K,1
K,163,Y,95,S,6,K,6,R,5,X,222,C,3,K,6,X,1,K,3,C,3,R,1,Y,1,S,6,"L1:[sp=K,163] Y=95,S=6,K=6,R=5,X=222,C=3 || L2:[sp=K,6] X=1,K=3,C=3,R=1,Y=1,S=6",-175405.0,-163323000.0,1,K|K,1
K,163,K,6,S,5,Y,222,R,5,X,222,C,3,X,56,R,2,S,5,C,3,X,1,Y,1,K,1,"L1:[sp=K,163] K=6,S=5,Y=222,R=5,X=222,C=3 || L2:[sp=X,56] R=2,S=5,C=3,X=1,Y=1,K=1",-4637.0,-163323000.0,1,K|X,1
K,163,K,6,S,4,Y,222,R,5,X,222,C,3,Y,6,R,5,S,2,C,2,X,1,Y,1,K,1,"L1:[sp=K,163] K=6,S=4,Y=222,R=5,X=222,C=3 || L2:[sp=Y,6] R=5,S=2,C=2,X=1,Y=1,K=1",-1445.0,-163323000.0,1,K|Y,1
K,163,K,6,S,3,Y,158,R,5,X,222,C,3,Y,158,R,2,K,3,C,3,X,1,Y,1,S,3,"L1:[sp=K,163] K=6,S=3,Y=158,R=5,X=222,C=3 || L2:[sp=Y,158] R=2,K=3,C=3,X=1,Y=1,S=3",-inf,-inf,0,K|Y,1
K,163,K,6,S,7,Y,222,R,5,X,222,C,3,K,6,R,2,S,7,C,3,X,1,Y,1,K,1,"L1:[sp=K,163] K=6,S=7,Y=222,R=5,X=222,C=3 || L2:[sp=K,6] R=2,S=7,C=3,X=1,Y=1,K=1",-150.0,-163323000.0,1,K|K,1
K,163,K,4,C,1,Y,222,R,5,X,222,S,7,K,3,R,2,S,2,C,1,X,1,Y,1,K,1,"L1:[sp=K,163] K=4,C=1,Y=222,R=5,X=222,S=7 || L2:[sp=K,3] R=2,S=2,C=1,X=1,Y=1,K=1",-301.0,-163323000.0,1,K|K,1
K,163,K,6,C,3,Y,222,R,5,X,222,S,5,K,6,R,4,K,1,C,3,S,5,Y,1,X,1,"L1:[sp=K,163] K=6,C=3,Y=222,R=5,X=222,S=5 || L2:[sp=K,6] R=4,K=1,C=3,S=5,Y=1,X=1",-725.0,-163323000.0,1,K|K,1
K,163,K,6,S,4,Y,222,R,7,X,222,C,3,K,3,R,2,S,2,C,1,X,1,Y,1,K,1,"L1:[sp=K,163] K=6,S=4,Y=222,R=7,X=222,C=3 || L2:[sp=K,3] R=2,S=2,C=1,X=1,Y=1,K=1",-339.0,-163323000.0,1,K|K,1
K,163,K,6,S,7,Y,222,R,5,X,222,C,3,Y,168,R,2,S,2,C,2,X,1,Y,1,K,1,"L1:[sp=K,163] K=6,S=7,Y=222,R=5,X=222,C=3 || L2:[sp=Y,168] R=2,S=2,C=2,X=1,Y=1,K=1",-9431.0,-163323000.0,1,K|Y,1
K,163,K,6,S,4,Y,222,R,5,X,63,C,3,K,3,R,5,S,2,C,3,X,1,Y,1,K,1,"L1:[sp=K,163] K=6,S=4,Y=222,R=5,X=63,C=3 || L2:[sp=K,3] R=5,S=2,C=3,X=1,Y=1,K=1",-109937.0,-163323000.0,1,K|K,1
K,163,K,6,S,7,Y,222,R,5,X,222,C,3,Y,6,R,2,S,2,C,2,X,1,Y,1,K,1,"L1:[sp=K,163] K=6,S=7,Y=222,R=5,X=222,C=3 || L2:[sp=Y,6] R=2,S=2,C=2,X=1,Y=1,K=1",-1767.0,-163323000.0,1,K|Y,1
K,163,K,6,S,4,R,5,Y,130,X,222,C,3,K,6,R,5,S,2,C,2,X,1,Y,1,K,1,"L1:[sp=K,163] K=6,S=4,R=5,Y=130,X=222,C=3 || L2:[sp=K,6] R=5,S=2,C=2,X=1,Y=1,K=1",-52809.0,-163323000.0,1,K|K,1
X,163,K,6,S,6,Y,222,R,7,X,222,C,3,K,6,R,7,S,1,C,1,X,1,Y,1,K,1,"L1:[sp=X,163] K=6,S=6,Y=222,R=7,X=222,C=3 || L2:[sp=K,6] R=7,S=1,C=1,X=1,Y=1,K=1",-3257.0,-163323000.0,1,X|K,1
K,163,K,6,S,7,Y,222,R,5,X,219,C,3,Y,6,R,5,S,2,C,2,X,1,Y,1,K,1,"L1:[sp=K,163] K=6,S=7,Y=222,R=5,X=219,C=3 || L2:[sp=Y,6] R=5,S=2,C=2,X=1,Y=1,K=1",-5043.0,-163323000.0,1,K|Y,1
K,163,K,6,S,4,Y,222,X,222,R,5,C,3,K,3,R,5,S,3,C,3,X,1,Y,1,K,5,"L1:[sp=K,163] K=6,S=4,Y=222,X=222,R=5,C=3 || L2:[sp=K,3] R=5,S=3,C=3,X=1,Y=1,K=5",-inf,-inf,0,K|K,1
K,163,K,6,S,6,Y,109,R,7,X,222,C,3,K,6,R,7,K,1,C,1,S,1,Y,1,X,1,"L1:[sp=K,163] K=6,S=6,Y=109,R=7,X=222,C=3 || L2:[sp=K,6] R=7,K=1,C=1,S=1,Y=1,X=1",-64097.0,-163323000.0,1,K|K,1
K,163,K,6,S,5,R,5,Y,222,X,35,C,1,K,6,R,2,S,2,K,2,X,1,Y,1,C,1,"L1:[sp=K,163] K=6,S=5,R=5,Y=222,X=35,C=1 || L2:[sp=K,6] R=2,S=2,K=2,X=1,Y=1,C=1",-70939.0,-163323000.0,1,K|K,1
X,163,K,6,S,4,Y,222,X,223,R,7,C,3,K,56,R,2,S,2,C,3,X,1,Y,202,K,1,"L1:[sp=X,163] K=6,S=4,Y=222,X=223,R=7,C=3 || L2:[sp=K,56] R=2,S=2,C=3,X=1,Y=202,K=1",-inf,-inf,0,X|K,1
K,163,K,6,S,7,Y,222,R,5,X,222,C,3,K,3,R,2,S,2,C,1,X,1,Y,1,K,5,"L1:[sp=K,163] K=6,S=7,Y=222,R=5,X=222,C=3 || L2:[sp=K,3] R=2,S=2,C=1,X=1,Y=1,K=5",-738.0,-163323000.0,1,K|K,1
X,163,K,6,S,6,Y,222,R,7,X,150,C,1,K,6,R,7,K,1,C,1,S,1,Y,1,X,1,"L1:[sp=X,163] K=6,S=6,Y=222,R=7,X=150,C=1 || L2:[sp=K,6] R=7,K=1,C=1,S=1,Y=1,X=1",-inf,-inf,0,X|K,1
K,163,K,6,S,5,R,5,Y,222,X,222,C,3,K,6,R,2,S,2,C,1,X,1,Y,1,K,1,"L1:[sp=K,163] K=6,S=5,R=5,Y=222,X=222,C=3 || L2:[sp=K,6] R=2,S=2,C=1,X=1,Y=1,K=1",-152.0,-163323000.0,1,K|K,1
K,163,K,6,S,3,Y,222,R,5,X,222,C,3,K,3,R,2,S,2,C,3,X,1,Y,1,K,1,"L1:[sp=K,163] K=6,S=3,Y=222,R=5,X=222,C=3 || L2:[sp=K,3] R=2,S=2,C=3,X=1,Y=1,K=1",-65569.0,-163323000.0,1,K|K,1
K,163,K,6,X,222,Y,222,C,1,S,4,R,7,K,6,R,2,K,3,C,1,X,18,Y,1,S,2,"L1:[sp=K,163] K=6,X=222,Y=222,C=1,S=4,R=7 || L2:[sp=K,6] R=2,K=3,C=1,X=18,Y=1,S=2",-3535.0,-163323000.0,1,K|K,1
K,163,K,6,S,4,Y,182,R,7,X,222,C,3,Y,6,R,2,S,2,C,2,X,1,Y,1,K,1,"L1:[sp=K,163] K=6,S=4,Y=182,R=7,X=222,C=3 || L2:[sp=Y,6] R=2,S=2,C=2,X=1,Y=1,K=1",-41333.0,-163323000.0,1,K|Y,1
K,163,K,6,S,4,Y,222,R,5,X,71,C,3,K,6,K,1,S,2,C,1,X,1,Y,1,R,5,"L1:[sp=K,163] K=6,S=4,Y=222,R=5,X=71,C=3 || L2:[sp=K,6] K=1,S=2,C=1,X=1,Y=1,R=5",-54977.0,-163323000.0,1,K|K,1
K,163,K,6,S,7,Y,222,R,5,X,222,C,3,K,6,R,2,S,7,C,3,X,1,Y,1,K,1,"L1:[sp=K,163] K=6,S=7,Y=222,R=5,X=222,C=3 || L2:[sp=K,6] R=2,S=7,C=3,X=1,Y=1,K=1",-150.0,-163323000.0,1,K|K,1
X,163,K,6,S,7,Y,222,R,5,X,222,C,3,K,6,R,2,S,7,C,1,X,1,Y,175,K,1,"L1:[sp=X,163] K=6,S=7,Y=222,R=5,X=222,C=3 || L2:[sp=K,6] R=2,S=7,C=1,X=1,Y=175,K=1",-inf,-inf,0,X|K,1
K,163,K,6,S,6,Y,222,R,7,X,121,C,3,K,6,R,7,S,1,C,3,X,1,Y,1,K,1,"L1:[sp=K,163] K=6,S=6,Y=222,R=7,X=121,C=3 || L2:[sp=K,6] R=7,S=1,C=3,X=1,Y=1,K=1",-inf,-inf,0,K|K,1
Y,163,K,6,S,4,Y,222,R,7,X,222,C,3,K,3,R,2,S,2,C,1,X,1,Y,1,K,1,"L1:[sp=Y,163] K=6,S=4,Y=222,R=7,X=222,C=3 || L2:[sp=K,3] R=2,S=2,C=1,X=1,Y=1,K=1",-3719.0,-163323000.0,1,Y|K,1
K,163,K,6,S,7,Y,222,R,5,X,222,C,3,Y,6,R,2,S,2,C,2,X,1,Y,1,K,1,"L1:[sp=K,163] K=6,S=7,Y=222,R=5,X=222,C=3 || L2:[sp=Y,6] R=2,S=2,C=2,X=1,Y=1,K=1",-1767.0,-163323000.0,1,K|Y,1
K,163,K,6,S,5,Y,222,R,5,X,64,C,3,Y,2,R,4,S,5,C,2,X,1,Y,1,K,1,"L1:[sp=K,163] K=6,S=5,Y=222,R=5,X=64,C=3 || L2:[sp=Y,2] R=4,S=5,C=2,X=1,Y=1,K=1",-950417.0,-163323000.0,1,K|Y,1
K,163,K,6,C,3,Y,222,R,5,X,112,S,7,Y,21,R,2,K,1,S,2,X,1,Y,1,C,3,"L1:[sp=K,163] K=6,C=3,Y=222,R=5,X=112,S=7 || L2:[sp=Y,21] R=2,K=1,S=2,X=1,Y=1,C=3",-402201.0,-163323000.0,1,K|Y,1
K,163,K,6,S,3,R,5,Y,222,X,222,C,3,K,6,R,2,S,2,C,1,X,1,Y,1,K,2,"L1:[sp=K,163] K=6,S=3,R=5,Y=222,X=222,C=3 || L2:[sp=K,6] R=2,S=2,C=1,X=1,Y=1,K=2",-65569.0,-163323000.0,1,K|K,1
K,163,C,3,S,7,Y,222,R,5,X,24,K,6,C,3,R,2,S,2,C,1,X,2,Y,1,K,5,"L1:[sp=K,163] C=3,S=7,Y=222,R=5,X=24,K=6 || L2:[sp=C,3] R=2,S=2,C=1,X=2,Y=1,K=5",-inf,-inf,0,K|C,1
Y,163,K,6,S,7,Y,222,R,5,X,222,C,3,Y,6,R,2,S,2,C,2,X,1,Y,1,K,1,"L1:[sp=Y,163] K=6,S=7,Y=222,R=5,X=222,C=3 || L2:[sp=Y,6] R=2,S=2,C=2,X=1,Y=1,K=1",-18839.0,-163323000.0,1,Y|Y,1
K,163,K,4,C,1,Y,222,R,5,X,222,S,7,K,3,K,1,S,2,C,1,X,1,Y,1,R,2,"L1:[sp=K,163] K=4,C=1,Y=222,R=5,X=222,S=7 || L2:[sp=K,3] K=1,S=2,C=1,X=1,Y=1,R=2",-301.0,-163323000.0,1,K|K,1
K,163,K,6,S,5,R,5,Y,222,X,222,C,3,K,6,R,2,S,5,C,1,X,1,Y,1,K,1,"L1:[sp=K,163] K=6,S=5,R=5,Y=222,X=222,C=3 || L2:[sp=K,6] R=2,S=5,C=1,X=1,Y=1,K=1",-215.0,-163323000.0,1,K|K,1
K,163,K,6,S,7,Y,222,R,5,X,222,C,3,K,6,R,2,S,7,C,3,X,1,Y,1,K,1,"L1:[sp=K,163] K=6,S=7,Y=222,R=5,X=222,C=3 || L2:[sp=K,6] R=2,S=7,C=3,X=1,Y=1,K=1",-150.0,-163323000.0,1,K|K,1
K,163,K,6,S,7,Y,222,R,5,X,222,C,3,Y,6,R,2,S,2,C,2,X,1,Y,1,K,1,"L1:[sp=K,163] K=6,S=7,Y=222,R=5,X=222,C=3 || L2:[sp=Y,6] R=2,S=2,C=2,X=1,Y=1,K=1",-1767.0,-163323000.0,1,K|Y,1
K,163,K,6,S,5,R,6,Y,222,X,222,C,3,K,6,R,2,S,2,C,1,X,1,Y,1,K,1,"L1:[sp=K,163] K=6,S=5,R=6,Y=222,X=222,C=3 || L2:[sp=K,6] R=2,S=2,C=1,X=1,Y=1,K=1",-173.0,-163323000.0,1,K|K,1
K,163,K,6,S,4,Y,222,R,7,X,222,C,3,K,3,R,2,S,2,C,1,X,1,Y,1,K,4,"L1:[sp=K,163] K=6,S=4,Y=222,R=7,X=222,C=3 || L2:[sp=K,3] R=2,S=2,C=1,X=1,Y=1,K=4",-675.0,-163323000.0,1,K|K,1
K,163,K,6,S,7,Y,222,R,5,X,132,C,3,K,3,R,2,S,2,C,1,X,1,Y,1,K,5,"L1:[sp=K,163] K=6,S=7,Y=222,R=5,X=132,C=3 || L2:[sp=K,3] R=2,S=2,C=1,X=1,Y=1,K=5",-167585.0,-163323000.0,1,K|K,1
K,163,K,4,C,1,Y,222,R,5,X,222,S,7,K,3,R,3,S,2,C,1,X,1,Y,1,K,2,"L1:[sp=K,163] K=4,C=1,Y=222,R=5,X=222,S=7 || L2:[sp=K,3] R=3,S=2,C=1,X=1,Y=1,K=2",-595.0,-163323000.0,1,K|K,1
K,163,R,6,S,7,Y,222,K,28,X,222,C,3,Y,6,R,2,S,2,C,2,X,1,Y,1,K,1,"L1:[sp=K,163] R=6,S=7,Y=222,K=28,X=222,C=3 || L2:[sp=Y,6] R=2,S=2,C=2,X=1,Y=1,K=1",-4707.0,-163323000.0,1,K|Y,1
K,163,K,4,C,3,Y,222,R,5,X,222,S,7,K,3,R,2,S,2,C,1,X,29,Y,1,K,1,"L1:[sp=K,163] K=4,C=3,Y=222,R=5,X=222,S=7 || L2:[sp=K,3] R=2,S=2,C=1,X=29,Y=1,K=1",-6177.0,-163323000.0,1,K|K,1
X,163,K,6,S,6,Y,222,R,7,X,222,C,3,K,2,C,1,S,1,R,7,X,1,Y,1,K,5,"L1:[sp=X,163] K=6,S=6,Y=222,R=7,X=222,C=3 || L2:[sp=K,2] C=1,S=1,R=7,X=1,Y=1,K=5",-16193.0,-163323000.0,1,X|K,1
K,163,K,6,S,7,Y,222,R,5,X,222,C,3,K,6,R,2,S,7,C,3,X,1,Y,1,K,1,"L1:[sp=K,163] K=6,S=7,Y=222,R=5,X=222,C=3 || L2:[sp=K,6] R=2,S=7,C=3,X=1,Y=1,K=1",-150.0,-163323000.0,1,K|K,1
K,163,K,4,C,1,Y,101,R,5,X,222,S,7,K,3,K,4,S,2,C,1,X,1,Y,1,R,3,"L1:[sp=K,163] K=4,C=1,Y=101,R=5,X=222,S=7 || L2:[sp=K,3] K=4,S=2,C=1,X=1,Y=1,R=3",-inf,-inf,0,K|K,1
X,163,K,13,S,7,Y,222,R,5,C,3,X,222,Y,6,R,2,S,2,C,2,X,1,Y,1,K,1,"L1:[sp=X,163] K=13,S=7,Y=222,R=5,C=3,X=222 || L2:[sp=Y,6] R=2,S=2,C=2,X=1,Y=1,K=1",-18827.0,-163323000.0,1,X|Y,1
K,163,K,6,X,222,Y,222,R,7,S,4,C,3,K,6,R,2,S,2,C,1,X,1,Y,110,K,3,"L1:[sp=K,163] K=6,X=222,Y=222,R=7,S=4,C=3 || L2:[sp=K,6] R=2,S=2,C=1,X=1,Y=110,K=3",-inf,-inf,0,K|K,1
K,163,K,6,S,2,Y,222,R,5,X,222,C,3,K,3,R,2,S,2,K,4,X,1,Y,1,C,3,"L1:[sp=K,163] K=6,S=2,Y=222,R=5,X=222,C=3 || L2:[sp=K,3] R=2,S=2,K=4,X=1,Y=1,C=3",-149873.0,-163323000.0,1,K|K,1
K,163,K,6,C,1,R,7,Y,222,X,222,S,5,K,6,R,2,S,2,C,1,X,1,Y,1,K,1,"L1:[sp=K,163] K=6,C=1,R=7,Y=222,X=222,S=5 || L2:[sp=K,6] R=2,S=2,C=1,X=1,Y=1,K=1",-154.0,-163323000.0,1,K|K,1
K,163,K,4,C,1,Y,222,R,5,X,222,S,7,K,3,K,1,S,2,C,1,X,1,Y,1,R,4,"L1:[sp=K,163] K=4,C=1,Y=222,R=5,X=222,S=7 || L2:[sp=K,3] K=1,S=2,C=1,X=1,Y=1,R=4",-1015.0,-163323000.0,1,K|K,1
K,163,K,6,S,5,R,5,Y,222,X,222,C,3,K,6,R,2,S,5,C,1,X,1,Y,1,K,1,"L1:[sp=K,163] K=6,S=5,R=5,Y=222,X=222,C=3 || L2:[sp=K,6] R=2,S=5,C=1,X=1,Y=1,K=1",-215.0,-163323000.0,1,K|K,1
K,163,K,6,S,7,Y,222,R,5,X,222,C,3,K,6,R,2,S,7,C,3,X,114,Y,1,K,1,"L1:[sp=K,163] K=6,S=7,Y=222,R=5,X=222,C=3 || L2:[sp=K,6] R=2,S=7,C=3,X=114,Y=1,K=1",-inf,-inf,0,K|K,1
K,163,K,4,C,1,Y,130,R,5,X,222,S,7,K,3,R,5,S,2,C,1,K,2,Y,1,X,1,"L1:[sp=K,163] K=4,C=1,Y=130,R=5,X=222,S=7 || L2:[sp=K,3] R=5,S=2,C=1,K=2,Y=1,X=1",-inf,-inf,0,K|K,1
K,163,K,6,S,5,R,6,Y,222,X,222,C,2,K,6,R,2,S,1,C,1,X,1,Y,1,K,1,"L1:[sp=K,163] K=6,S=5,R=6,Y=222,X=222,C=2 || L2:[sp=K,6] R=2,S=1,C=1,X=1,Y=1,K=1",-345.0,-163323000.0,1,K|K,1
K,163,K,6,S,5,R,5,Y,222,X,222,C,3,K,6,R,2,S,5,C,1,X,1,Y,1,K,1,"L1:[sp=K,163] K=6,S=5,R=5,Y=222,X=222,C=3 || L2:[sp=K,6] R=2,S=5,C=1,X=1,Y=1,K=1",-215.0,-163323000.0,1,K|K,1
K,163,K,6,S,7,Y,222,R,7,X,68,C,3,K,3,R,2,S,2,C,1,X,1,Y,1,K,4,"L1:[sp=K,163] K=6,S=7,Y=222,R=7,X=68,C=3 || L2:[sp=K,3] R=2,S=2,C=1,X=1,Y=1,K=4",-inf,-inf,0,K|K,1
Y,163,K,6,S,7,Y,222,R,5,X,222,C,3,K,3,R,2,S,2,C,1,X,1,Y,1,K,2,"L1:[sp=Y,163] K=6,S=7,Y=222,R=5,X=222,C=3 || L2:[sp=K,3] R=2,S=2,C=1,X=1,Y=1,K=2",-3257.0,-163323000.0,1,Y|K,1
Y,163,K,4,C,1,Y,222,R,7,X,222,S,4,K,3,K,1,S,2,C,1,X,1,Y,1,R,2,"L1:[sp=Y,163] K=4,C=1,Y=222,R=7,X=222,S=4 || L2:[sp=K,3] K=1,S=2,C=1,X=1,Y=1,R=2",-5473.0,-163323000.0,1,Y|K,1
K,163,K,4,C,1,Y,222,R,7,X,222,S,4,K,3,R,2,S,2,C,1,X,72,Y,1,K,2,"L1:[sp=K,163] K=4,C=1,Y=222,R=7,X=222,S=4 || L2:[sp=K,3] R=2,S=2,C=1,X=72,Y=1,K=2",-inf,-inf,0,K|K,1
Y,163,S,7,K,6,Y,222,R,5,X,222,C,3,K,3,R,3,S,2,C,1,X,1,Y,1,K,1,"L1:[sp=Y,163] S=7,K=6,Y=222,R=5,X=222,C=3 || L2:[sp=K,3] R=3,S=2,C=1,X=1,Y=1,K=1",-6491.0,-163323000.0,1,Y|K,1
K,163,K,6,S,5,R,6,Y,189,X,222,C,3,K,6,R,2,S,2,C,1,X,1,Y,1,K,1,"L1:[sp=K,163] K=6,S=5,R=6,Y=189,X=222,C=3 || L2:[sp=K,6] R=2,S=2,C=1,X=1,Y=1,K=1",-38145.0,-163323000.0,1,K|K,1
K,163,K,6,S,5,R,5,Y,222,X,222,C,3,K,6,R,2,S,5,C,2,X,1,Y,1,K,1,"L1:[sp=K,163] K=6,S=5,R=5,Y=222,X=222,C=3 || L2:[sp=K,6] R=2,S=5,C=2,X=1,Y=1,K=1",-215.0,-163323000.0,1,K|K,1
K,163,K,6,S,4,R,6,Y,119,X,222,C,3,K,6,R,2,S,2,C,1,X,1,Y,86,K,1,"L1:[sp=K,163] K=6,S=4,R=6,Y=119,X=222,C=3 || L2:[sp=K,6] R=2,S=2,C=1,X=1,Y=86,K=1",-inf,-inf,0,K|K,1
K,163,K,6,S,7,Y,222,R,5,X,222,C,3,K,6,R,2,S,7,C,3,X,1,Y,1,K,1,"L1:[sp=K,163] K=6,S=7,Y=222,R=5,X=222,C=3 || L2:[sp=K,6] R=2,S=7,C=3,X=1,Y=1,K=1",-150.0,-163323000.0,1,K|K,1
K,163,K,6,S,5,R,5,Y,222,X,222,C,3,K,6,R,2,S,5,C,3,X,32,Y,1,K,1,"L1:[sp=K,163] K=6,S=5,R=5,Y=222,X=222,C=3 || L2:[sp=K,6] R=2,S=5,C=3,X=32,Y=1,K=1",-inf,-inf,0,K|K,1
Y,163,K,6,S,7,Y,222,R,5,X,222,C,3,K,3,R,3,S,2,X,1,C,1,Y,1,K,2,"L1:[sp=Y,163] K=6,S=7,Y=222,R=5,X=222,C=3 || L2:[sp=K,3] R=3,S=2,X=1,C=1,Y=1,K=2",-6491.0,-163323000.0,1,Y|K,1
K,163,K,4,C,1,Y,222,R,7,X,222,S,5,Y,21,K,1,S,2,C,1,X,1,Y,1,R,2,"L1:[sp=K,163] K=4,C=1,Y=222,R=7,X=222,S=5 || L2:[sp=Y,21] K=1,S=2,C=1,X=1,Y=1,R=2",-1189.0,-163323000.0,1,K|Y,1
K,163,K,6,C,1,R,5,Y,222,X,222,S,7,K,6,R,4,S,2,C,1,X,1,Y,1,K,1,"L1:[sp=K,163] K=6,C=1,R=5,Y=222,X=222,S=7 || L2:[sp=K,6] R=4,S=2,C=1,X=1,Y=1,K=1",-511.0,-163323000.0,1,K|K,1
K,163,K,4,C,1,Y,222,R,5,X,222,S,5,K,3,K,1,S,5,C,1,X,1,Y,1,R,3,"L1:[sp=K,163] K=4,C=1,Y=222,R=5,X=222,S=5 || L2:[sp=K,3] K=1,S=5,C=1,X=1,Y=1,R=3",-853.0,-163323000.0,1,K|K,1
K,163,K,6,S,7,R,5,Y,222,X,222,C,3,K,6,R,2,S,2,C,2,X,1,Y,1,K,1,"L1:[sp=K,163] K=6,S=7,R=5,Y=222,X=222,C=3 || L2:[sp=K,6] R=2,S=2,C=2,X=1,Y=1,K=1",-150.0,-163323000.0,1,K|K,1
K,163,K,6,S,5,Y,222,R,7,X,222,C,3,K,6,R,2,S,2,C,3,X,1,Y,1,K,1,"L1:[sp=K,163] K=6,S=5,Y=222,R=7,X=222,C=3 || L2:[sp=K,6] R=2,S=2,C=3,X=1,Y=1,K=1",-150.0,-163323000.0,1,K|K,1
K,163,K,6,C,3,R,5,Y,164,X,222,S,7,K,6,R,2,X,1,C,1,S,7,Y,1,K,1,"L1:[sp=K,163] K=6,C=3,R=5,Y=164,X=222,S=7 || L2:[sp=K,6] R=2,X=1,C=1,S=7,Y=1,K=1",-inf,-inf,0,K|K,1
Y,163,K,6,S,7,Y,222,R,5,X,222,C,3,K,3,R,2,S,2,C,1,X,1,Y,1,K,2,"L1:[sp=Y,163] K=6,S=7,Y=222,R=5,X=222,C=3 || L2:[sp=K,3] R=2,S=2,C=1,X=1,Y=1,K=2",-3257.0,-163323000.0,1,Y|K,1
K,163,K,6,C,1,X,222,R,7,Y,222,S,5,K,6,R,6,S,2,C,1,X,1,Y,1,K,1,"L1:[sp=K,163] K=6,C=1,X=222,R=7,Y=222,S=5 || L2:[sp=K,6] R=6,S=2,C=1,X=1,Y=1,K=1",-889.0,-163323000.0,1,K|K,1
K,163,K,6,S,7,Y,222,R,5,X,222,C,3,C,3,R,2,S,3,C,1,K,2,Y,1,X,1,"L1:[sp=K,163] K=6,S=7,Y=222,R=5,X=222,C=3 || L2:[sp=C,3] R=2,S=3,C=1,K=2,Y=1,X=1",-885.0,-163323000.0,1,K|C,1
K,163,K,6,S,3,Y,222,R,5,X,222,C,3,K,6,R,2,S,1,C,3,X,1,Y,1,K,1,"L1:[sp=K,163] K=6,S=3,Y=222,R=5,X=222,C=3 || L2:[sp=K,6] R=2,S=1,C=3,X=1,Y=1,K=1",-32935.0,-163323000.0,1,K|K,1
Y,163,K,4,C,1,Y,222,R,5,X,222,S,3,K,3,K,1,S,3,C,1,X,1,Y,1,R,2,"L1:[sp=Y,163] K=4,C=1,Y=222,R=5,X=222,S=3 || L2:[sp=K,3] K=1,S=3,C=1,X=1,Y=1,R=2",-1342945.0,-163323000.0,1,Y|K,1
K,163,K,6,S,4,R,7,X,222,Y,208,C,3,X,21,R,2,S,2,C,1,X,1,Y,1,K,1,"L1:[sp=K,163] K=6,S=4,R=7,X=222,Y=208,C=3 || L2:[sp=X,21] R=2,S=2,C=1,X=1,Y=1,K=1",-459657.0,-163323000.0,1,K|X,1
K,163,K,6,Y,222,S,1,R,7,X,222,C,3,K,6,R,2,Y,1,C,3,X,1,S,1,K,1,"L1:[sp=K,163] K=6,Y=222,S=1,R=7,X=222,C=3 || L2:[sp=K,6] R=2,Y=1,C=3,X=1,S=1,K=1",-inf,-inf,0,K|K,1
K,163,K,6,C,1,R,5,Y,222,X,222,S,7,K,6,R,2,S,7,C,1,X,1,Y,198,K,1,"L1:[sp=K,163] K=6,C=1,R=5,Y=222,X=222,S=7 || L2:[sp=K,6] R=2,S=7,C=1,X=1,Y=198,K=1",-inf,-inf,0,K|K,1
K,163,K,6,S,7,R,5,Y,222,X,222,C,2,K,6,R,4,S,2,C,1,X,1,Y,151,K,1,"L1:[sp=K,163] K=6,S=7,R=5,Y=222,X=222,C=2 || L2:[sp=K,6] R=4,S=2,C=1,X=1,Y=151,K=1",-inf,-inf,0,K|K,1
K,163,S,5,C,1,Y,222,R,6,K,4,X,222,K,3,K,1,S,1,C,1,X,1,Y,1,R,2,"L1:[sp=K,163] S=5,C=1,Y=222,R=6,K=4,X=222 || L2:[sp=K,3] K=1,S=1,C=1,X=1,Y=1,R=2",-685.0,-163323000.0,1,K|K,1
K,163,K,28,S,7,R,7,Y,222,X,222,C,1,K,6,R,4,S,2,C,1,X,1,Y,1,K,1,"L1:[sp=K,163] K=28,S=7,R=7,Y=222,X=222,C=1 || L2:[sp=K,6] R=4,S=2,C=1,X=1,Y=1,K=1",-1474.0,-163323000.0,1,K|K,1
K,163,K,6,S,7,Y,222,R,5,X,222,C,3,K,6,R,2,S,7,C,3,X,1,Y,1,K,1,"L1:[sp=K,163] K=6,S=7,Y=222,R=5,X=222,C=3 || L2:[sp=K,6] R=2,S=7,C=3,X=1,Y=1,K=1",-150.0,-163323000.0,1,K|K,1
K,163,K,4,C,3,Y,222,R,5,X,222,S,5,K,3,K,1,S,5,C,1,X,1,Y,1,R,3,"L1:[sp=K,163] K=4,C=3,Y=222,R=5,X=222,S=5 || L2:[sp=K,3] K=1,S=5,C=1,X=1,Y=1,R=3",-845.0,-163323000.0,1,K|K,1
K,163,K,6,S,7,Y,222,R,5,X,222,C,3,K,6,R,2,S,7,C,3,X,1,Y,1,K,1,"L1:[sp=K,163] K=6,S=7,Y=222,R=5,X=222,C=3 || L2:[sp=K,6] R=2,S=7,C=3,X=1,Y=1,K=1",-150.0,-163323000.0,1,K|K,1
K,163,K,59,C,1,X,222,R,5,Y,222,S,5,K,3,K,1,S,5,C,1,X,1,Y,1,R,3,"L1:[sp=K,163] K=59,C=1,X=222,R=5,Y=222,S=5 || L2:[sp=K,3] K=1,S=5,C=1,X=1,Y=1,R=3",-8413.0,-163323000.0,1,K|K,1
K,163,K,6,C,1,X,222,R,7,Y,109,S,5,K,6,R,6,S,2,C,1,X,1,Y,1,K,1,"L1:[sp=K,163] K=6,C=1,X=222,R=7,Y=109,S=5 || L2:[sp=K,6] R=6,S=2,C=1,X=1,Y=1,K=1",-32353.0,-163323000.0,1,K|K,1
K,163,K,6,S,7,Y,222,R,5,X,222,C,3,K,6,R,2,S,7,C,3,X,1,Y,1,K,1,"L1:[sp=K,163] K=6,S=7,Y=222,R=5,X=222,C=3 || L2:[sp=K,6] R=2,S=7,C=3,X=1,Y=1,K=1",-150.0,-163323000.0,1,K|K,1
K,163,K,6,S,5,Y,222,R,7,X,222,C,3,C,1,R,2,X,1,C,3,S,2,Y,1,K,1,"L1:[sp=K,163] K=6,S=5,Y=222,R=7,X=222,C=3 || L2:[sp=C,1] R=2,X=1,C=3,S=2,Y=1,K=1",-885.0,-163323000.0,1,K|C,1
K,163,K,6,S,7,R,5,Y,222,X,222,C,3,K,6,R,4,C,2,S,2,X,1,Y,1,K,1,"L1:[sp=K,163] K=6,S=7,R=5,Y=222,X=222,C=3 || L2:[sp=K,6] R=4,C=2,S=2,X=1,Y=1,K=1",-507.0,-163323000.0,1,K|K,1
K,163,K,26,C,1,R,6,Y,222,X,222,S,7,K,6,R,2,S,2,C,1,X,1,Y,1,K,1,"L1:[sp=K,163] K=26,C=1,R=6,Y=222,X=222,S=7 || L2:[sp=K,6] R=2,S=2,C=1,X=1,Y=1,K=1",-847.0,-163323000.0,1,K|K,1
K,163,K,6,S,5,Y,222,R,5,X,222,C,3,K,6,R,3,S,5,C,3,X,1,Y,1,K,1,"L1:[sp=K,163] K=6,S=5,Y=222,R=5,X=222,C=3 || L2:[sp=K,6] R=3,S=5,C=3,X=1,Y=1,K=1",-425.0,-163323000.0,1,K|K,1
K,163,K,4,C,1,Y,222,X,222,R,4,S,7,K,3,K,1,S,7,C,1,X,1,Y,1,R,2,"L1:[sp=K,163] K=4,C=1,Y=222,X=222,R=4,S=7 || L2:[sp=K,3] K=1,S=7,C=1,X=1,Y=1,R=2",-343.0,-163323000.0,1,K|K,1
K,163,K,6,S,5,Y,222,R,7,X,151,C,3,K,6,R,2,S,2,C,3,X,1,Y,1,K,1,"L1:[sp=K,163] K=6,S=5,Y=222,R=7,X=151,C=3 || L2:[sp=K,6] R=2,S=2,C=3,X=1,Y=1,K=1",-inf,-inf,0,K|K,1
K,163,K,4,C,1,Y,222,R,7,X,222,S,5,K,3,K,1,S,5,C,1,X,1,Y,54,R,3,"L1:[sp=K,163] K=4,C=1,Y=222,R=7,X=222,S=5 || L2:[sp=K,3] K=1,S=5,C=1,X=1,Y=54,R=3",-inf,-inf,0,K|K,1
K,163,S,7,C,1,Y,222,R,4,K,4,X,222,K,3,K,1,S,2,C,1,X,1,Y,1,R,4,"L1:[sp=K,163] S=7,C=1,Y=222,R=4,K=4,X=222 || L2:[sp=K,3] K=1,S=2,C=1,X=1,Y=1,R=4",-343.0,-163323000.0,1,K|K,1
K,163,K,6,C,1,R,7,Y,222,X,222,S,5,Y,3,R,2,K,1,C,1,X,1,Y,1,S,1,"L1:[sp=K,163] K=6,C=1,R=7,Y=222,X=222,S=5 || L2:[sp=Y,3] R=2,K=1,C=1,X=1,Y=1,S=1",-3535.0,-163323000.0,1,K|Y,1
K,163,K,6,S,5,Y,222,R,6,X,222,C,3,K,6,R,2,Y,203,C,3,X,1,S,1,K,1,"L1:[sp=K,163] K=6,S=5,Y=222,R=6,X=222,C=3 || L2:[sp=K,6] R=2,Y=203,C=3,X=1,S=1,K=1",-inf,-inf,0,K|K,1
K,163,S,7,C,1,Y,222,R,5,K,4,X,222,K,3,K,1,S,2,C,1,X,1,Y,1,R,2,"L1:[sp=K,163] S=7,C=1,Y=222,R=5,K=4,X=222 || L2:[sp=K,3] K=1,S=2,C=1,X=1,Y=1,R=2",-301.0,-163323000.0,1,K|K,1
K,163,K,6,C,1,R,5,Y,186,X,222,S,7,K,6,R,4,S,2,C,1,X,1,Y,1,K,1,"L1:[sp=K,163] K=6,C=1,R=5,Y=186,X=222,S=7 || L2:[sp=K,6] R=4,S=2,C=1,X=1,Y=1,K=1",-inf,-inf,0,K|K,1
Y,163,K,6,S,7,Y,222,R,5,X,43,C,3,C,3,R,2,S,3,C,1,K,2,Y,1,X,1,"L1:[sp=Y,163] K=6,S=7,Y=222,R=5,X=43,C=3 || L2:[sp=C,3] R=2,S=3,C=1,K=2,Y=1,X=1",-759045.0,-163323000.0,1,Y|C,1
K,163,K,16,S,7,Y,222,R,5,X,222,C,3,C,3,R,2,S,3,C,1,K,2,Y,1,X,1,"L1:[sp=K,163] K=16,S=7,Y=222,R=5,X=222,C=3 || L2:[sp=C,3] R=2,S=3,C=1,K=2,Y=1,X=1",-2355.0,-163323000.0,1,K|C,1
K,163,K,6,S,5,Y,222,R,7,X,222,C,3,K,6,R,2,S,2,C,3,X,1,Y,1,K,1,"L1:[sp=K,163] K=6,S=5,Y=222,R=7,X=222,C=3 || L2:[sp=K,6] R=2,S=2,C=3,X=1,Y=1,K=1",-150.0,-163323000.0,1,K|K,1
K,163,K,6,S,7,Y,222,R,5,X,222,C,3,K,6,R,2,S,7,C,3,X,1,Y,1,K,1,"L1:[sp=K,163] K=6,S=7,Y=222,R=5,X=222,C=3 || L2:[sp=K,6] R=2,S=7,C=3,X=1,Y=1,K=1",-150.0,-163323000.0,1,K|K,1
K,163,K,37,S,7,R,5,Y,222,X,222,C,3,K,6,K,6,C,2,S,7,X,1,Y,1,R,1,"L1:[sp=K,163] K=37,S=7,R=5,Y=222,X=222,C=3 || L2:[sp=K,6] K=6,C=2,S=7,X=1,Y=1,R=1",-2061.0,-163323000.0,1,K|K,1
K,163,K,6,S,7,Y,222,R,5,X,222,C,3,K,6,R,4,S,2,C,3,X,1,Y,1,K,1,"L1:[sp=K,163] K=6,S=7,Y=222,R=5,X=222,C=3 || L2:[sp=K,6] R=4,S=2,C=3,X=1,Y=1,K=1",-507.0,-163323000.0,1,K|K,1
K,163,K,6,S,7,Y,222,R,5,X,222,C,3,K,6,R,2,S,7,C,3,X,1,Y,1,K,3,"L1:[sp=K,163] K=6,S=7,Y=222,R=5,X=222,C=3 || L2:[sp=K,6] R=2,S=7,C=3,X=1,Y=1,K=3",-444.0,-163323000.0,1,K|K,1
K,163,K,4,C,3,Y,222,R,5,X,222,S,5,K,3,K,1,S,5,C,1,X,1,Y,59,R,3,"L1:[sp=K,163] K=4,C=3,Y=222,R=5,X=222,S=5 || L2:[sp=K,3] K=1,S=5,C=1,X=1,Y=59,R=3",-inf,-inf,0,K|K,1
K,163,K,4,C,1,Y,222,X,222,R,2,S,1,K,3,K,1,S,1,C,1,X,1,Y,1,R,2,"L1:[sp=K,163] K=4,C=1,Y=222,X=222,R=2,S=1 || L2:[sp=K,3] K=1,S=1,C=1,X=1,Y=1,R=2",-inf,-inf,0,K|K,1
K,163,R,4,S,7,X,222,K,6,Y,222,C,3,K,6,R,2,S,7,C,3,X,7,Y,1,K,1,"L1:[sp=K,163] R=4,S=7,X=222,K=6,Y=222,C=3 || L2:[sp=K,6] R=2,S=7,C=3,X=7,Y=1,K=1",-171.0,-163323000.0,1,K|K,1
K,163,K,6,S,7,R,5,Y,222,X,222,C,3,K,6,R,2,S,7,C,3,X,1,Y,1,K,1,"L1:[sp=K,163] K=6,S=7,R=5,Y=222,X=222,C=3 || L2:[sp=K,6] R=2,S=7,C=3,X=1,Y=1,K=1",-150.0,-163323000.0,1,K|K,1
K,163,X,222,C,3,K,4,R,5,Y,222,S,5,K,3,K,1,S,5,C,1,X,1,Y,1,R,3,"L1:[sp=K,163] X=222,C=3,K=4,R=5,Y=222,S=5 || L2:[sp=K,3] K=1,S=5,C=1,X=1,Y=1,R=3",-845.0,-163323000.0,1,K|K,1
X,163,K,4,C,1,Y,222,X,222,R,4,S,7,K,3,X,1,S,7,C,1,K,1,Y,1,R,2,"L1:[sp=X,163] K=4,C=1,Y=222,X=222,R=4,S=7 || L2:[sp=K,3] X=1,S=7,C=1,K=1,Y=1,R=2",-5473.0,-163323000.0,1,X|K,1
K,163,K,4,C,3,Y,222,R,5,X,222,S,5,X,42,K,1,S,5,C,1,X,1,Y,1,R,3,"L1:[sp=K,163] K=4,C=3,Y=222,R=5,X=222,S=5 || L2:[sp=X,42] K=1,S=5,C=1,X=1,Y=1,R=3",-6737.0,-163323000.0,1,K|X,1
K,163,K,6,S,7,Y,222,R,5,X,222,C,3,K,6,R,2,S,7,C,3,X,1,Y,32,K,1,"L1:[sp=K,163] K=6,S=7,Y=222,R=5,X=222,C=3 || L2:[sp=K,6] R=2,S=7,C=3,X=1,Y=32,K=1",-inf,-inf,0,K|K,1
K,163,S,7,C,1,Y,153,R,4,K,4,X,222,K,4,K,1,S,2,C,1,X,1,Y,1,R,4,"L1:[sp=K,163] S=7,C=1,Y=153,R=4,K=4,X=222 || L2:[sp=K,4] K=1,S=2,C=1,X=1,Y=1,R=4",-inf,-inf,0,K|K,1
Y,163,K,6,S,7,X,222,Y,222,R,5,C,3,K,6,R,4,C,2,X,1,S,2,Y,1,K,1,"L1:[sp=Y,163] K=6,S=7,X=222,Y=222,R=5,C=3 || L2:[sp=K,6] R=4,C=2,X=1,S=2,Y=1,K=1",-5567.0,-163323000.0,1,Y|K,1
K,163,K,6,S,7,R,5,Y,222,X,222,C,3,K,6,R,3,S,7,C,2,X,1,Y,1,K,1,"L1:[sp=K,163] K=6,S=7,R=5,Y=222,X=222,C=3 || L2:[sp=K,6] R=3,S=7,C=2,X=1,Y=1,K=1",-297.0,-163323000.0,1,K|K,1
K,163,K,37,S,5,Y,222,R,7,X,62,C,3,K,6,R,2,S,2,C,3,X,1,Y,1,K,1,"L1:[sp=K,163] K=37,S=5,Y=222,R=7,X=62,C=3 || L2:[sp=K,6] R=2,S=2,C=3,X=1,Y=1,K=1",-inf,-inf,0,K|K,1
K,163,K,4,C,1,Y,222,X,222,R,4,S,3,K,3,K,1,S,3,C,1,X,1,Y,1,R,2,"L1:[sp=K,163] K=4,C=1,Y=222,X=222,R=4,S=3 || L2:[sp=K,3] K=1,S=3,C=1,X=1,Y=1,R=2",-95923.0,-163323000.0,1,K|K,1
K,163,S,7,C,1,Y,222,R,5,K,4,X,222,K,3,C,1,S,7,K,1,X,1,Y,1,R,2,"L1:[sp=K,163] S=7,C=1,Y=222,R=5,K=4,X=222 || L2:[sp=K,3] C=1,S=7,K=1,X=1,Y=1,R=2",-301.0,-163323000.0,1,K|K,1
K,163,K,6,S,7,Y,222,R,4,X,222,C,3,K,6,R,4,S,2,C,3,X,1,Y,1,K,1,"L1:[sp=K,163] K=6,S=7,Y=222,R=4,X=222,C=3 || L2:[sp=K,6] R=4,S=2,C=3,X=1,Y=1,K=1",-171.0,-163323000.0,1,K|K,1
K,163,S,7,C,1,Y,222,R,4,K,4,X,222,X,4,K,1,S,2,C,1,X,1,Y,1,R,4,"L1:[sp=K,163] S=7,C=1,Y=222,R=4,K=4,X=222 || L2:[sp=X,4] K=1,S=2,C=1,X=1,Y=1,R=4",-679.0,-163323000.0,1,K|X,1
K,163,K,6,S,7,Y,222,R,5,X,222,C,3,K,6,R,2,S,7,C,3,X,1,Y,1,K,1,"L1:[sp=K,163] K=6,S=7,Y=222,R=5,X=222,C=3 || L2:[sp=K,6] R=2,S=7,C=3,X=1,Y=1,K=1",-150.0,-163323000.0,1,K|K,1
K,163,K,6,S,7,Y,222,R,5,X,222,C,3,K,6,R,2,S,7,C,2,X,1,Y,1,K,1,"L1:[sp=K,163] K=6,S=7,Y=222,R=5,X=222,C=3 || L2:[sp=K,6] R=2,S=7,C=2,X=1,Y=1,K=1",-150.0,-163323000.0,1,K|K,1
K,163,K,6,S,7,R,4,Y,222,X,222,C,3,X,56,R,4,S,2,C,3,X,1,Y,1,K,2,"L1:[sp=K,163] K=6,S=7,R=4,Y=222,X=222,C=3 || L2:[sp=X,56] R=4,S=2,C=3,X=1,Y=1,K=2",-3705.0,-163323000.0,1,K|X,1
K,163,K,40,S,7,Y,222,R,5,X,222,C,3,K,6,R,2,S,7,C,2,X,1,Y,29,K,1,"L1:[sp=K,163] K=40,S=7,Y=222,R=5,X=222,C=3 || L2:[sp=K,6] R=2,S=7,C=2,X=1,Y=29,K=1",-inf,-inf,0,K|K,1
K,163,S,7,C,1,Y,222,R,7,K,4,X,172,K,3,C,1,S,7,K,1,X,1,Y,1,R,3,"L1:[sp=K,163] S=7,C=1,Y=222,R=7,K=4,X=172 || L2:[sp=K,3] C=1,S=7,K=1,X=1,Y=1,R=3",-inf,-inf,0,K|K,1
K,163,R,5,S,7,X,222,K,6,Y,222,C,3,K,6,K,1,S,7,X,7,C,3,Y,1,R,2,"L1:[sp=K,163] R=5,S=7,X=222,K=6,Y=222,C=3 || L2:[sp=K,6] K=1,S=7,X=7,C=3,Y=1,R=2",-150.0,-163323000.0,1,K|K,1
K,163,K,6,S,7,R,4,Y,222,X,222,C,3,K,6,R,2,S,7,C,3,X,112,Y,1,K,5,"L1:[sp=K,163] K=6,S=7,R=4,Y=222,X=222,C=3 || L2:[sp=K,6] R=2,S=7,C=3,X=112,Y=1,K=5",-inf,-inf,0,K|K,1
K,163,K,6,S,7,Y,222,R,5,X,222,C,3,K,6,R,5,S,2,C,3,X,1,Y,1,K,4,"L1:[sp=K,163] K=6,S=7,Y=222,R=5,X=222,C=3 || L2:[sp=K,6] R=5,S=2,C=3,X=1,Y=1,K=4",-843.0,-163323000.0,1,K|K,1
K,163,S,7,C,1,Y,67,R,5,K,4,X,222,K,3,C,1,S,7,K,1,X,1,Y,1,R,2,"L1:[sp=K,163] S=7,C=1,Y=67,R=5,K=4,X=222 || L2:[sp=K,3] C=1,S=7,K=1,X=1,Y=1,R=2",-inf,-inf,0,K|K,1
K,163,K,6,R,4,Y,222,S,7,X,222,C,3,K,6,R,2,S,7,C,3,X,7,Y,1,K,3,"L1:[sp=K,163] K=6,R=4,Y=222,S=7,X=222,C=3 || L2:[sp=K,6] R=2,S=7,C=3,X=7,Y=1,K=3",-inf,-inf,0,K|K,1
K,163,R,5,S,7,X,110,C,3,Y,222,K,6,K,6,R,2,S,7,C,3,X,1,Y,1,K,1,"L1:[sp=K,163] R=5,S=7,X=110,C=3,Y=222,K=6 || L2:[sp=K,6] R=2,S=7,C=3,X=1,Y=1,K=1",-32051.0,-163323000.0,1,K|K,1
K,163,S,7,C,1,Y,222,R,5,K,4,X,222,K,3,C,1,S,7,K,1,X,1,Y,1,R,2,"L1:[sp=K,163] S=7,C=1,Y=222,R=5,K=4,X=222 || L2:[sp=K,3] C=1,S=7,K=1,X=1,Y=1,R=2",-301.0,-163323000.0,1,K|K,1
K,163,R,5,S,7,K,63,Y,24,X,222,C,3,K,6,R,2,S,7,C,3,X,1,Y,1,K,1,"L1:[sp=K,163] R=5,S=7,K=63,Y=24,X=222,C=3 || L2:[sp=K,6] R=2,S=7,C=3,X=1,Y=1,K=1",-404271.0,-163323000.0,1,K|K,1
K,163,K,6,S,7,Y,222,R,5,X,222,C,3,K,6,R,2,S,2,C,3,X,1,Y,1,K,3,"L1:[sp=K,163] K=6,S=7,Y=222,R=5,X=222,C=3 || L2:[sp=K,6] R=2,S=2,C=3,X=1,Y=1,K=3",-444.0,-163323000.0,1,K|K,1
K,163,K,6,S,7,Y,222,R,5,X,222,C,3,K,6,R,2,S,7,C,3,X,1,Y,1,K,1,"L1:[sp=K,163] K=6,S=7,Y=222,R=5,X=222,C=3 || L2:[sp=K,6] R=2,S=7,C=3,X=1,Y=1,K=1",-150.0,-163323000.0,1,K|K,1
K,163,K,6,S,7,Y,222,R,4,X,222,C,3,K,6,X,1,S,4,C,3,R,2,Y,1,K,5,"L1:[sp=K,163] K=6,S=7,Y=222,R=4,X=222,C=3 || L2:[sp=K,6] X=1,S=4,C=3,R=2,Y=1,K=5",-1683.0,-163323000.0,1,K|K,1
K,163,R,4,S,5,X,222,K,6,Y,222,C,3,K,6,R,4,S,2,C,3,X,7,Y,1,K,1,"L1:[sp=K,163] R=4,S=5,X=222,K=6,Y=222,C=3 || L2:[sp=K,6] R=4,S=2,C=3,X=7,Y=1,K=1",-1181.0,-163323000.0,1,K|K,1
K,163,K,6,S,7,Y,222,R,5,X,175,C,3,X,42,R,2,S,7,C,3,X,1,Y,1,K,1,"L1:[sp=K,163] K=6,S=7,Y=222,R=5,X=175,C=3 || L2:[sp=X,42] R=2,S=7,C=3,X=1,Y=1,K=1",-18535.0,-163323000.0,1,K|X,1
Y,163,K,6,S,7,R,5,Y,222,X,222,C,3,K,6,R,3,S,7,C,2,X,1,Y,1,K,1,"L1:[sp=Y,163] K=6,S=7,R=5,Y=222,X=222,C=3 || L2:[sp=K,6] R=3,S=7,C=2,X=1,Y=1,K=1",-3257.0,-163323000.0,1,Y|K,1
K,163,K,6,S,7,Y,222,R,4,X,222,C,3,K,6,R,2,S,7,C,3,X,7,Y,1,K,1,"L1:[sp=K,163] K=6,S=7,Y=222,R=4,X=222,C=3 || L2:[sp=K,6] R=2,S=7,C=3,X=7,Y=1,K=1",-171.0,-163323000.0,1,K|K,1
K,163,K,6,S,7,X,222,R,5,Y,222,C,3,K,6,R,2,S,7,C,3,X,1,Y,1,K,1,"L1:[sp=K,163] K=6,S=7,X=222,R=5,Y=222,C=3 || L2:[sp=K,6] R=2,S=7,C=3,X=1,Y=1,K=1",-150.0,-163323000.0,1,K|K,1
K,163,K,6,S,7,Y,222,R,5,X,222,C,3,K,6,R,2,S,7,C,3,X,1,Y,1,K,1,"L1:[sp=K,163] K=6,S=7,Y=222,R=5,X=222,C=3 || L2:[sp=K,6] R=2,S=7,C=3,X=1,Y=1,K=1",-150.0,-163323000.0,1,K|K,1
K,163,S,7,C,1,R,4,Y,222,K,4,X,222,K,3,C,1,S,7,K,1,X,7,Y,30,R,2,"L1:[sp=K,163] S=7,C=1,R=4,Y=222,K=4,X=222 || L2:[sp=K,3] C=1,S=7,K=1,X=7,Y=30,R=2",-inf,-inf,0,K|K,1
K,163,K,6,S,7,Y,222,R,5,X,222,C,3,K,6,R,2,S,7,C,3,X,1,Y,1,K,1,"L1:[sp=K,163] K=6,S=7,Y=222,R=5,X=222,C=3 || L2:[sp=K,6] R=2,S=7,C=3,X=1,Y=1,K=1",-150.0,-163323000.0,1,K|K,1
K,163,K,6,S,7,Y,222,R,5,X,222,C,3,K,6,R,2,S,2,X,220,C,3,Y,1,K,1,"L1:[sp=K,163] K=6,S=7,Y=222,R=5,X=222,C=3 || L2:[sp=K,6] R=2,S=2,X=220,C=3,Y=1,K=1",-inf,-inf,0,K|K,1
K,163,K,6,S,7,Y,222,R,5,X,54,C,3,K,6,R,2,S,7,C,3,X,1,Y,1,K,3,"L1:[sp=K,163] K=6,S=7,Y=222,R=5,X=54,C=3 || L2:[sp=K,6] R=2,S=7,C=3,X=1,Y=1,K=3",-96149.0,-163324000.0,1,K|K,1
K,163,S,7,C,3,Y,222,R,5,K,4,X,222,K,3,C,3,S,7,K,1,X,1,Y,1,R,2,"L1:[sp=K,163] S=7,C=3,Y=222,R=5,K=4,X=222 || L2:[sp=K,3] C=3,S=7,K=1,X=1,Y=1,R=2",-297.0,-163323000.0,1,K|K,1
K,163,K,22,S,7,Y,222,R,5,X,222,C,1,K,6,R,2,S,7,C,1,X,1,Y,1,K,1,"L1:[sp=K,163] K=22,S=7,Y=222,R=5,X=222,C=1 || L2:[sp=K,6] R=2,S=7,C=1,X=1,Y=1,K=1",-595.0,-163323000.0,1,K|K,1
C,163,K,6,S,7,X,222,R,5,Y,222,C,3,K,6,R,2,S,7,C,3,X,1,Y,1,K,1,"L1:[sp=C,163] K=6,S=7,X=222,R=5,Y=222,C=3 || L2:[sp=K,6] R=2,S=7,C=3,X=1,Y=1,K=1",-inf,-inf,0,C|K,1
X,163,C,1,S,7,Y,222,R,5,K,4,X,222,K,7,C,1,S,7,K,1,X,1,Y,1,R,2,"L1:[sp=X,163] C=1,S=7,Y=222,R=5,K=4,X=222 || L2:[sp=K,7] C=1,S=7,K=1,X=1,Y=1,R=2",-2449.0,-163323000.0,1,X|K,1
K,163,R,5,S,7,X,222,K,6,Y,222,C,3,K,6,K,1,S,7,X,7,C,3,Y,1,R,2,"L1:[sp=K,163] R=5,S=7,X=222,K=6,Y=222,C=3 || L2:[sp=K,6] K=1,S=7,X=7,C=3,Y=1,R=2",-150.0,-163323000.0,1,K|K,1
K,163,K,6,Y,222,R,5,S,7,X,222,C,3,K,6,R,2,S,7,C,3,X,1,Y,1,K,2,"L1:[sp=K,163] K=6,Y=222,R=5,S=7,X=222,C=3 || L2:[sp=K,6] R=2,S=7,C=3,X=1,Y=1,K=2",-297.0,-163323000.0,1,K|K,1
K,163,K,6,S,7,Y,222,R,5,X,222,C,1,K,6,R,2,S,7,C,1,X,1,Y,1,K,3,"L1:[sp=K,163] K=6,S=7,Y=222,R=5,X=222,C=1 || L2:[sp=K,6] R=2,S=7,C=1,X=1,Y=1,K=3",-448.0,-163323000.0,1,K|K,1
K,163,S,7,C,3,Y,222,R,5,K,4,X,222,K,3,C,3,S,2,K,1,X,103,Y,1,R,2,"L1:[sp=K,163] S=7,C=3,Y=222,R=5,K=4,X=222 || L2:[sp=K,3] C=3,S=2,K=1,X=103,Y=1,R=2",-inf,-inf,0,K|K,1
K,163,S,7,C,1,Y,222,R,5,K,4,X,222,K,3,C,1,S,7,K,1,X,107,Y,1,R,2,"L1:[sp=K,163] S=7,C=1,Y=222,R=5,K=4,X=222 || L2:[sp=K,3] C=1,S=7,K=1,X=107,Y=1,R=2",-inf,-inf,0,K|K,1
K,163,R,5,S,7,X,222,K,6,Y,222,C,3,K,6,K,1,S,3,X,1,C,3,Y,1,R,1,"L1:[sp=K,163] R=5,S=7,X=222,K=6,Y=222,C=3 || L2:[sp=K,6] K=1,S=3,X=1,C=3,Y=1,R=1",-885.0,-163323000.0,1,K|K,1
K,163,K,6,S,7,X,222,R,5,Y,222,C,3,Y,4,R,1,S,7,X,7,C,3,Y,1,K,1,"L1:[sp=K,163] K=6,S=7,X=222,R=5,Y=222,C=3 || L2:[sp=Y,4] R=1,S=7,X=7,C=3,Y=1,K=1",-885.0,-163323000.0,1,K|Y,1
K,163,R,5,S,7,X,222,K,6,Y,218,C,3,K,6,K,1,S,7,X,1,C,3,Y,1,R,2,"L1:[sp=K,163] R=5,S=7,X=222,K=6,Y=218,C=3 || L2:[sp=K,6] K=1,S=7,X=1,C=3,Y=1,R=2",-inf,-inf,0,K|K,1
K,163,K,6,S,7,Y,222,C,3,X,222,R,5,K,6,R,2,S,7,C,3,X,1,Y,1,K,1,"L1:[sp=K,163] K=6,S=7,Y=222,C=3,X=222,R=5 || L2:[sp=K,6] R=2,S=7,C=3,X=1,Y=1,K=1",-150.0,-163323000.0,1,K|K,1
K,163,S,7,C,1,Y,222,R,5,K,4,X,222,K,3,C,1,X,1,K,1,S,7,Y,1,R,2,"L1:[sp=K,163] S=7,C=1,Y=222,R=5,K=4,X=222 || L2:[sp=K,3] C=1,X=1,K=1,S=7,Y=1,R=2",-301.0,-163323000.0,1,K|K,1
K,163,K,6,S,7,Y,222,R,5,X,222,C,3,K,6,R,4,S,5,C,2,X,1,Y,1,K,1,"L1:[sp=K,163] K=6,S=7,Y=222,R=5,X=222,C=3 || L2:[sp=K,6] R=4,S=5,C=2,X=1,Y=1,K=1",-2019.0,-163323000.0,1,K|K,1
K,163,R,5,S,1,X,222,K,6,Y,222,C,3,K,6,K,1,S,1,X,7,C,3,Y,1,R,2,"L1:[sp=K,163] R=5,S=1,X=222,K=6,Y=222,C=3 || L2:[sp=K,6] K=1,S=1,X=7,C=3,Y=1,R=2",-33398.0,-163323000.0,1,K|K,1
K,163,K,6,S,7,Y,222,R,5,X,222,C,3,K,6,R,2,S,7,C,3,X,1,Y,1,K,1,"L1:[sp=K,163] K=6,S=7,Y=222,R=5,X=222,C=3 || L2:[sp=K,6] R=2,S=7,C=3,X=1,Y=1,K=1",-150.0,-163323000.0,1,K|K,1
K,163,S,7,C,1,Y,222,R,5,K,4,X,222,K,3,C,1,X,1,K,1,S,7,Y,1,R,2,"L1:[sp=K,163] S=7,C=1,Y=222,R=5,K=4,X=222 || L2:[sp=K,3] C=1,X=1,K=1,S=7,Y=1,R=2",-301.0,-163323000.0,1,K|K,1
K,163,K,22,S,7,Y,222,R,5,X,222,C,1,K,6,R,2,S,7,C,1,X,1,Y,1,K,1,"L1:[sp=K,163] K=22,S=7,Y=222,R=5,X=222,C=1 || L2:[sp=K,6] R=2,S=7,C=1,X=1,Y=1,K=1",-595.0,-163323000.0,1,K|K,1
K,163,K,6,S,2,X,222,R,1,Y,222,C,3,K,6,K,1,S,2,X,7,C,3,Y,1,R,1,"L1:[sp=K,163] K=6,S=2,X=222,R=1,Y=222,C=3 || L2:[sp=K,6] K=1,S=2,X=7,C=3,Y=1,R=1",-inf,-inf,0,K|K,1
K,163,S,7,C,3,Y,222,R,5,K,4,X,222,K,3,C,3,S,7,K,1,X,1,Y,1,R,3,"L1:[sp=K,163] S=7,C=3,Y=222,R=5,K=4,X=222 || L2:[sp=K,3] C=3,S=7,K=1,X=1,Y=1,R=3",-591.0,-163323000.0,1,K|K,1
K,163,S,7,C,1,Y,222,R,5,K,4,X,222,K,3,C,1,X,1,K,1,S,3,Y,1,R,2,"L1:[sp=K,163] S=7,C=1,Y=222,R=5,K=4,X=222 || L2:[sp=K,3] C=1,X=1,K=1,S=3,Y=1,R=2",-889.0,-163323000.0,1,K|K,1
K,163,S,1,C,3,Y,222,R,5,K,4,X,170,K,3,R,2,S,1,K,1,X,1,Y,1,C,3,"L1:[sp=K,163] S=1,C=3,Y=222,R=5,K=4,X=170 || L2:[sp=K,3] R=2,S=1,K=1,X=1,Y=1,C=3",-65885.0,-163323000.0,1,K|K,1
K,163,S,7,C,1,Y,222,R,5,K,4,X,222,K,3,C,1,S,7,K,1,X,1,Y,1,R,2,"L1:[sp=K,163] S=7,C=1,Y=222,R=5,K=4,X=222 || L2:[sp=K,3] C=1,S=7,K=1,X=1,Y=1,R=2",-301.0,-163323000.0,1,K|K,1
K,163,K,21,S,7,Y,222,R,5,X,222,C,3,K,6,C,3,S,6,R,4,X,1,Y,1,K,1,"L1:[sp=K,163] K=21,S=7,Y=222,R=5,X=222,C=3 || L2:[sp=K,6] C=3,S=6,R=4,X=1,Y=1,K=1",-12099.0,-163323000.0,1,K|K,1
K,163,R,5,S,7,X,222,K,22,Y,222,C,3,K,6,K,1,S,7,X,1,C,3,Y,1,R,2,"L1:[sp=K,163] R=5,S=7,X=222,K=22,Y=222,C=3 || L2:[sp=K,6] K=1,S=7,X=1,C=3,Y=1,R=2",-591.0,-163323000.0,1,K|K,1
K,163,K,6,S,7,Y,222,R,5,X,222,C,3,K,6,R,2,S,7,C,3,X,7,Y,1,K,3,"L1:[sp=K,163] K=6,S=7,Y=222,R=5,X=222,C=3 || L2:[sp=K,6] R=2,S=7,C=3,X=7,Y=1,K=3",-inf,-inf,0,K|K,1
K,163,K,16,S,7,Y,222,C,3,X,222,R,5,K,6,R,2,S,7,C,3,X,1,Y,1,K,1,"L1:[sp=K,163] K=16,S=7,Y=222,C=3,X=222,R=5 || L2:[sp=K,6] R=2,S=7,C=3,X=1,Y=1,K=1",-444.0,-163323000.0,1,K|K,1
K,163,R,5,S,7,X,222,K,6,Y,222,C,3,K,6,R,2,S,7,X,147,C,3,Y,1,K,1,"L1:[sp=K,163] R=5,S=7,X=222,K=6,Y=222,C=3 || L2:[sp=K,6] R=2,S=7,X=147,C=3,Y=1,K=1",-inf,-inf,0,K|K,1
K,163,K,6,S,7,Y,222,R,5,X,222,C,3,X,84,R,2,S,7,C,1,X,29,Y,1,K,1,"L1:[sp=K,163] K=6,S=7,Y=222,R=5,X=222,C=3 || L2:[sp=X,84] R=2,S=7,C=1,X=29,Y=1,K=1",-144955.0,-163323000.0,1,K|X,1
K,163,K,6,S,1,Y,222,R,5,X,222,C,2,K,6,R,2,S,1,C,1,X,1,Y,1,K,3,"L1:[sp=K,163] K=6,S=1,Y=222,R=5,X=222,C=2 || L2:[sp=K,6] R=2,S=1,C=1,X=1,Y=1,K=3",-98841.0,-163323000.0,1,K|K,1
Y,163,R,5,S,7,X,222,K,6,Y,222,C,3,K,7,K,5,S,7,X,1,C,3,Y,1,R,2,"L1:[sp=Y,163] R=5,S=7,X=222,K=6,Y=222,C=3 || L2:[sp=K,7] K=5,S=7,X=1,C=3,Y=1,R=2",-inf,-inf,0,Y|K,1
K,163,K,6,R,5,Y,222,S,7,X,222,C,3,K,6,R,2,C,3,S,7,X,7,Y,1,K,6,"L1:[sp=K,163] K=6,R=5,Y=222,S=7,X=222,C=3 || L2:[sp=K,6] R=2,C=3,S=7,X=7,Y=1,K=6",-inf,-inf,0,K|K,1
K,163,R,5,S,7,X,222,K,6,Y,222,C,3,K,6,C,3,S,7,X,7,K,1,Y,1,R,2,"L1:[sp=K,163] R=5,S=7,X=222,K=6,Y=222,C=3 || L2:[sp=K,6] C=3,S=7,X=7,K=1,Y=1,R=2",-150.0,-163323000.0,1,K|K,1
K,163,K,46,S,7,Y,222,R,5,X,222,C,2,K,6,R,2,S,7,C,2,X,1,Y,1,K,1,"L1:[sp=K,163] K=46,S=7,Y=222,R=5,X=222,C=2 || L2:[sp=K,6] R=2,S=7,C=2,X=1,Y=1,K=1",-1573.0,-163323000.0,1,K|K,1
K,163,K,6,S,7,Y,222,R,5,X,222,C,3,X,42,K,1,S,7,C,3,X,1,Y,173,R,2,"L1:[sp=K,163] K=6,S=7,Y=222,R=5,X=222,C=3 || L2:[sp=X,42] K=1,S=7,C=3,X=1,Y=173,R=2",-inf,-inf,0,K|X,1
K,163,S,7,Y,222,C,1,R,5,K,4,X,46,K,3,C,1,X,1,K,1,S,7,Y,1,R,2,"L1:[sp=K,163] S=7,Y=222,C=1,R=5,K=4,X=46 || L2:[sp=K,3] C=1,X=1,K=1,S=7,Y=1,R=2",-64123.0,-163323000.0,1,K|K,1
K,163,K,6,S,7,Y,222,R,5,X,222,C,3,K,6,R,2,S,7,C,3,X,1,Y,1,K,1,"L1:[sp=K,163] K=6,S=7,Y=222,R=5,X=222,C=3 || L2:[sp=K,6] R=2,S=7,C=3,X=1,Y=1,K=1",-150.0,-163323000.0,1,K|K,1
K,163,S,7,C,3,Y,222,R,5,K,4,X,222,K,3,C,3,S,5,K,1,X,1,Y,1,R,3,"L1:[sp=K,163] S=7,C=3,Y=222,R=5,K=4,X=222 || L2:[sp=K,3] C=3,S=5,K=1,X=1,Y=1,R=3",-2355.0,-163323000.0,1,K|K,1
K,163,R,5,S,7,X,222,K,22,Y,222,C,1,K,6,K,2,S,7,X,1,Y,1,C,1,R,2,"L1:[sp=K,163] R=5,S=7,X=222,K=22,Y=222,C=1 || L2:[sp=K,6] K=2,S=7,X=1,Y=1,C=1,R=2",-595.0,-163323000.0,1,K|K,1
K,163,S,7,C,3,Y,185,R,5,K,4,X,222,K,3,C,3,X,164,K,1,S,7,Y,1,R,4,"L1:[sp=K,163] S=7,C=3,Y=185,R=5,K=4,X=222 || L2:[sp=K,3] C=3,X=164,K=1,S=7,Y=1,R=4",-inf,-inf,0,K|K,1
K,163,K,22,S,7,X,222,R,5,Y,222,C,1,K,6,K,1,S,7,X,1,C,1,Y,214,R,2,"L1:[sp=K,163] K=22,S=7,X=222,R=5,Y=222,C=1 || L2:[sp=K,6] K=1,S=7,X=1,C=1,Y=214,R=2",-inf,-inf,0,K|K,1
K,163,S,7,C,3,Y,117,R,5,K,4,X,222,K,3,C,3,S,7,K,1,X,1,Y,1,R,2,"L1:[sp=K,163] S=7,C=3,Y=117,R=5,K=4,X=222 || L2:[sp=K,3] C=3,S=7,K=1,X=1,Y=1,R=2",-inf,-inf,0,K|K,1
K,163,X,222,S,7,Y,222,R,5,K,6,C,3,K,6,R,3,S,7,C,3,X,92,Y,1,K,5,"L1:[sp=K,163] X=222,S=7,Y=222,R=5,K=6,C=3 || L2:[sp=K,6] R=3,S=7,C=3,X=92,Y=1,K=5",-inf,-inf,0,K|K,1
K,163,K,22,S,7,Y,222,R,5,X,212,C,1,K,6,R,2,S,7,C,1,X,38,Y,111,K,1,"L1:[sp=K,163] K=22,S=7,Y=222,R=5,X=212,C=1 || L2:[sp=K,6] R=2,S=7,C=1,X=38,Y=111,K=1",-inf,-inf,0,K|K,1
K,163,K,16,S,7,Y,222,C,3,X,222,R,5,K,6,R,2,S,7,C,3,X,1,Y,1,K,1,"L1:[sp=K,163] K=16,S=7,Y=222,C=3,X=222,R=5 || L2:[sp=K,6] R=2,S=7,C=3,X=1,Y=1,K=1",-444.0,-163323000.0,1,K|K,1
K,163,K,16,S,7,Y,222,C,1,X,222,R,5,K,6,R,2,S,7,C,1,X,1,Y,1,K,1,"L1:[sp=K,163] K=16,S=7,Y=222,C=1,X=222,R=5 || L2:[sp=K,6] R=2,S=7,C=1,X=1,Y=1,K=1",-448.0,-163323000.0,1,K|K,1
K,163,K,22,S,7,Y,222,R,5,X,222,C,1,K,6,R,2,S,7,C,1,K,1,Y,1,X,1,"L1:[sp=K,163] K=22,S=7,Y=222,R=5,X=222,C=1 || L2:[sp=K,6] R=2,S=7,C=1,K=1,Y=1,X=1",-595.0,-163323000.0,1,K|K,1
K,163,S,7,C,1,Y,222,R,5,K,4,X,87,K,3,C,1,X,1,K,1,S,7,Y,1,R,2,"L1:[sp=K,163] S=7,C=1,Y=222,R=5,K=4,X=87 || L2:[sp=K,3] C=1,X=1,K=1,S=7,Y=1,R=2",-64111.0,-163323000.0,1,K|K,1
K,163,K,6,S,7,Y,222,R,5,X,222,C,3,K,6,R,2,C,3,S,7,X,37,Y,1,K,2,"L1:[sp=K,163] K=6,S=7,Y=222,R=5,X=222,C=3 || L2:[sp=K,6] R=2,C=3,S=7,X=37,Y=1,K=2",-inf,-inf,0,K|K,1
X,163,C,1,S,7,Y,222,R,5,K,4,X,222,K,3,C,1,X,1,K,1,S,7,Y,1,R,3,"L1:[sp=X,163] C=1,S=7,Y=222,R=5,K=4,X=222 || L2:[sp=K,3] C=1,X=1,K=1,S=7,Y=1,R=3",-9505.0,-163323000.0,1,X|K,1
C,163,K,4,C,1,Y,222,R,5,S,7,X,222,K,3,C,1,S,2,K,1,X,1,Y,1,R,2,"L1:[sp=C,163] K=4,C=1,Y=222,R=5,S=7,X=222 || L2:[sp=K,3] C=1,S=2,K=1,X=1,Y=1,R=2",-1601.0,-163323000.0,1,C|K,1
K,163,R,5,S,7,X,222,K,22,Y,222,C,3,K,6,K,1,S,7,X,83,C,3,Y,1,R,2,"L1:[sp=K,163] R=5,S=7,X=222,K=22,Y=222,C=3 || L2:[sp=K,6] K=1,S=7,X=83,C=3,Y=1,R=2",-inf,-inf,0,K|K,1
K,163,R,5,S,7,X,222,K,6,Y,168,C,1,K,6,C,1,S,7,X,7,K,1,Y,1,R,2,"L1:[sp=K,163] R=5,S=7,X=222,K=6,Y=168,C=1 || L2:[sp=K,6] C=1,S=7,X=7,K=1,Y=1,R=2",-inf,-inf,0,K|K,1
K,163,S,5,C,3,Y,222,R,7,K,4,X,222,K,3,C,3,S,5,K,1,X,1,Y,1,R,2,"L1:[sp=K,163] S=5,C=3,Y=222,R=7,K=4,X=222 || L2:[sp=K,3] C=3,S=5,K=1,X=1,Y=1,R=2",-423.0,-163323000.0,1,K|K,1
K,163,R,1,S,7,X,222,K,22,Y,222,C,1,K,6,K,1,S,7,R,1,C,1,Y,1,X,1,"L1:[sp=K,163] R=1,S=7,X=222,K=22,Y=222,C=1 || L2:[sp=K,6] K=1,S=7,R=1,C=1,Y=1,X=1",-inf,-inf,0,K|K,1
K,163,R,5,S,7,X,222,K,22,Y,222,C,3,K,6,K,1,S,7,X,1,C,3,Y,1,R,2,"L1:[sp=K,163] R=5,S=7,X=222,K=22,Y=222,C=3 || L2:[sp=K,6] K=1,S=7,X=1,C=3,Y=1,R=2",-591.0,-163323000.0,1,K|K,1
K,163,S,7,R,5,Y,222,C,1,K,4,X,222,Y,6,C,1,S,7,K,1,X,1,Y,1,R,2,"L1:[sp=K,163] S=7,R=5,Y=222,C=1,K=4,X=222 || L2:[sp=Y,6] C=1,S=7,K=1,X=1,Y=1,R=2",-1183.0,-163323000.0,1,K|Y,1
K,163,K,6,S,7,Y,222,R,5,X,222,C,3,K,6,R,2,S,7,C,3,X,1,Y,1,K,1,"L1:[sp=K,163] K=6,S=7,Y=222,R=5,X=222,C=3 || L2:[sp=K,6] R=2,S=7,C=3,X=1,Y=1,K=1",-150.0,-163323000.0,1,K|K,1
K,163,R,4,S,7,Y,222,K,6,X,222,C,3,K,6,R,2,S,6,C,3,X,136,Y,1,K,1,"L1:[sp=K,163] R=4,S=7,Y=222,K=6,X=222,C=3 || L2:[sp=K,6] R=2,S=6,C=3,X=136,Y=1,K=1",-inf,-inf,0,K|K,1
K,163,K,16,S,7,Y,222,C,3,X,222,R,5,K,6,R,2,S,7,C,1,X,1,Y,1,K,1,"L1:[sp=K,163] K=16,S=7,Y=222,C=3,X=222,R=5 || L2:[sp=K,6] R=2,S=7,C=1,X=1,Y=1,K=1",-444.0,-163323000.0,1,K|K,1
K,163,S,5,C,3,Y,222,R,7,K,4,X,222,K,3,C,3,S,5,K,1,X,1,Y,1,R,2,"L1:[sp=K,163] S=5,C=3,Y=222,R=7,K=4,X=222 || L2:[sp=K,3] C=3,S=5,K=1,X=1,Y=1,R=2",-423.0,-163323000.0,1,K|K,1
K,163,K,28,S,7,Y,222,C,3,X,222,R,5,X,84,R,5,S,7,C,3,X,1,Y,1,K,1,"L1:[sp=K,163] K=28,S=7,Y=222,C=3,X=222,R=5 || L2:[sp=X,84] R=5,S=7,C=3,X=1,Y=1,K=1",-7565.0,-163324000.0,1,K|X,1
K,163,K,16,S,7,Y,222,C,1,X,213,R,4,K,6,S,7,R,2,C,1,X,1,Y,1,K,1,"L1:[sp=K,163] K=16,S=7,Y=222,C=1,X=213,R=4 || L2:[sp=K,6] S=7,R=2,C=1,X=1,Y=1,K=1",-109885.0,-163323000.0,1,K|K,1
K,163,S,7,R,5,X,222,C,1,K,4,Y,222,C,1,C,1,S,7,K,3,X,1,Y,1,R,2,"L1:[sp=K,163] S=7,R=5,X=222,C=1,K=4,Y=222 || L2:[sp=C,1] C=1,S=7,K=3,X=1,Y=1,R=2",-595.0,-163323000.0,1,K|C,1
K,163,K,30,S,7,Y,222,R,5,X,222,C,1,K,6,R,2,S,7,C,1,K,1,Y,1,X,1,"L1:[sp=K,163] K=30,S=7,Y=222,R=5,X=222,C=1 || L2:[sp=K,6] R=2,S=7,C=1,K=1,Y=1,X=1",-742.0,-163323000.0,1,K|K,1
K,163,S,7,R,5,Y,96,C,1,K,4,X,108,Y,6,C,1,S,7,K,1,X,1,Y,1,R,2,"L1:[sp=K,163] S=7,R=5,Y=96,C=1,K=4,X=108 || L2:[sp=Y,6] C=1,S=7,K=1,X=1,Y=1,R=2",-inf,-inf,0,K|Y,1
K,163,S,5,C,3,Y,222,R,7,K,4,X,222,K,3,C,3,S,5,K,1,X,1,Y,1,R,2,"L1:[sp=K,163] S=5,C=3,Y=222,R=7,K=4,X=222 || L2:[sp=K,3] C=3,S=5,K=1,X=1,Y=1,R=2",-423.0,-163323000.0,1,K|K,1
K,163,K,31,S,7,Y,222,C,1,X,222,R,5,K,6,R,2,S,7,C,1,X,1,Y,1,K,1,"L1:[sp=K,163] K=31,S=7,Y=222,C=1,X=222,R=5 || L2:[sp=K,6] R=2,S=7,C=1,X=1,Y=1,K=1",-889.0,-163323000.0,1,K|K,1
K,163,K,16,S,5,Y,222,C,3,X,222,R,7,K,6,R,2,S,5,C,3,X,1,Y,1,K,8,"L1:[sp=K,163] K=16,S=5,Y=222,C=3,X=222,R=7 || L2:[sp=K,6] R=2,S=5,C=3,X=1,Y=1,K=8",-inf,-inf,0,K|K,1
K,163,S,7,C,3,Y,222,R,5,K,29,X,54,K,3,C,3,S,7,K,1,X,1,Y,1,R,2,"L1:[sp=K,163] S=7,C=3,Y=222,R=5,K=29,X=54 || L2:[sp=K,3] C=3,S=7,K=1,X=1,Y=1,R=2",-320471.0,-163323000.0,1,K|K,1
K,163,K,22,S,7,Y,222,R,5,X,222,C,1,K,6,R,2,S,1,C,1,K,1,Y,219,X,1,"L1:[sp=K,163] K=22,S=7,Y=222,R=5,X=222,C=1 || L2:[sp=K,6] R=2,S=1,C=1,K=1,Y=219,X=1",-inf,-inf,0,K|K,1
K,163,K,6,S,7,Y,222,R,5,X,222,C,3,K,6,R,2,S,7,C,3,X,1,Y,1,K,1,"L1:[sp=K,163] K=6,S=7,Y=222,R=5,X=222,C=3 || L2:[sp=K,6] R=2,S=7,C=3,X=1,Y=1,K=1",-150.0,-163323000.0,1,K|K,1
K,163,K,37,S,7,Y,222,C,1,X,222,R,5,K,6,R,2,S,7,C,1,X,1,Y,1,K,1,"L1:[sp=K,163] K=37,S=7,Y=222,C=1,X=222,R=5 || L2:[sp=K,6] R=2,S=7,C=1,X=1,Y=1,K=1",-1036.0,-163323000.0,1,K|K,1
Y,163,S,5,R,5,Y,222,C,1,K,4,X,222,X,6,C,1,S,5,K,1,X,1,Y,1,R,2,"L1:[sp=Y,163] S=5,R=5,Y=222,C=1,K=4,X=222 || L2:[sp=X,6] C=1,S=5,K=1,X=1,Y=1,R=2",-13633.0,-163323000.0,1,Y|X,1
K,163,S,7,C,1,Y,222,R,5,K,58,X,222,K,3,C,1,S,7,K,1,X,1,Y,1,R,2,"L1:[sp=K,163] S=7,C=1,Y=222,R=5,K=58,X=222 || L2:[sp=K,3] C=1,S=7,K=1,X=1,Y=1,R=2",-2947.0,-163323000.0,1,K|K,1
K,163,K,51,S,5,Y,222,C,3,X,222,R,3,K,6,C,3,S,3,R,2,K,1,Y,1,X,1,"L1:[sp=K,163] K=51,S=5,Y=222,C=3,X=222,R=3 || L2:[sp=K,6] C=3,S=3,R=2,K=1,Y=1,X=1",-590065.0,-163323000.0,1,K|K,1
K,163,K,22,S,7,Y,222,R,6,X,222,C,3,K,6,R,2,S,7,C,3,K,15,Y,1,X,1,"L1:[sp=K,163] K=22,S=7,Y=222,R=6,X=222,C=3 || L2:[sp=K,6] R=2,S=7,C=3,K=15,Y=1,X=1",-inf,-inf,0,K|K,1
K,163,K,6,S,7,X,222,R,5,Y,222,C,1,C,1,R,2,S,7,C,1,X,1,Y,1,K,1,"L1:[sp=K,163] K=6,S=7,X=222,R=5,Y=222,C=1 || L2:[sp=C,1] R=2,S=7,C=1,X=1,Y=1,K=1",-889.0,-163323000.0,1,K|C,1
K,163,K,6,S,7,Y,222,R,5,X,222,C,3,K,6,R,2,S,7,C,3,X,1,Y,1,K,1,"L1:[sp=K,163] K=6,S=7,Y=222,R=5,X=222,C=3 || L2:[sp=K,6] R=2,S=7,C=3,X=1,Y=1,K=1",-150.0,-163323000.0,1,K|K,1
K,163,K,30,S,5,Y,75,R,7,X,222,C,3,K,6,R,2,S,5,C,3,K,1,Y,1,X,1,"L1:[sp=K,163] K=30,S=5,Y=75,R=7,X=222,C=3 || L2:[sp=K,6] R=2,S=5,C=3,K=1,Y=1,X=1",-244657.0,-163323000.0,1,K|K,1
K,163,S,7,C,1,Y,222,R,5,K,4,X,222,K,3,C,1,S,7,K,1,X,1,Y,1,R,2,"L1:[sp=K,163] S=7,C=1,Y=222,R=5,K=4,X=222 || L2:[sp=K,3] C=1,S=7,K=1,X=1,Y=1,R=2",-301.0,-163323000.0,1,K|K,1
K,163,K,35,C,1,X,222,R,3,Y,222,S,7,C,1,R,2,S,7,C,1,K,1,Y,1,X,1,"L1:[sp=K,163] K=35,C=1,X=222,R=3,Y=222,S=7 || L2:[sp=C,1] R=2,S=7,C=1,K=1,Y=1,X=1",-inf,-inf,0,K|C,1
K,163,S,6,R,5,X,222,C,1,K,4,Y,31,X,14,C,1,S,6,K,3,R,2,Y,1,X,1,"L1:[sp=K,163] S=6,R=5,X=222,C=1,K=4,Y=31 || L2:[sp=X,14] C=1,S=6,K=3,R=2,Y=1,X=1",-492097.0,-163323000.0,1,K|X,1
Y,163,S,5,C,3,Y,222,R,7,K,42,X,222,K,3,C,3,S,5,K,1,X,1,Y,1,R,2,"L1:[sp=Y,163] S=5,C=3,Y=222,R=7,K=42,X=222 || L2:[sp=K,3] C=3,S=5,K=1,X=1,Y=1,R=2",-4625.0,-163323000.0,1,Y|K,1
K,163,K,38,S,7,Y,222,C,1,X,222,R,5,K,1,S,7,R,2,C,1,X,1,K,1,Y,1,"L1:[sp=K,163] K=38,S=7,Y=222,C=1,X=222,R=5 || L2:[sp=K,1] S=7,R=2,C=1,X=1,K=1,Y=1",-5593.0,-163323000.0,1,K|K,1
K,163,K,37,Y,222,S,7,C,1,X,164,R,5,K,6,R,2,S,7,C,1,X,1,Y,1,K,1,"L1:[sp=K,163] K=37,Y=222,S=7,C=1,X=164,R=5 || L2:[sp=K,6] R=2,S=7,C=1,X=1,Y=1,K=1",-224335.0,-163323000.0,1,K|K,1
K,163,C,1,S,7,Y,222,K,31,X,222,R,5,Y,6,R,4,S,7,C,1,X,1,Y,1,K,1,"L1:[sp=K,163] C=1,S=7,Y=222,K=31,X=222,R=5 || L2:[sp=Y,6] R=4,S=7,C=1,X=1,Y=1,K=1",-3913.0,-163323000.0,1,K|Y,1
K,163,K,6,S,5,X,222,R,7,Y,222,C,1,C,1,R,3,S,5,C,1,X,1,Y,1,K,1,"L1:[sp=K,163] K=6,S=5,X=222,R=7,Y=222,C=1 || L2:[sp=C,1] R=3,S=5,C=1,X=1,Y=1,K=1",-3787.0,-163323000.0,1,K|C,1
K,163,S,7,C,1,Y,222,R,5,K,4,X,222,K,3,C,1,S,7,K,1,X,1,Y,1,R,2,"L1:[sp=K,163] S=7,C=1,Y=222,R=5,K=4,X=222 || L2:[sp=K,3] C=1,S=7,K=1,X=1,Y=1,R=2",-301.0,-163323000.0,1,K|K,1
K,163,Y,222,C,3,S,7,R,5,K,4,X,222,K,3,C,3,S,7,K,1,X,1,Y,30,R,2,"L1:[sp=K,163] Y=222,C=3,S=7,R=5,K=4,X=222 || L2:[sp=K,3] C=3,S=7,K=1,X=1,Y=30,R=2",-inf,-inf,0,K|K,1
K,163,K,31,S,5,Y,222,C,3,X,222,R,7,K,6,R,2,S,5,C,1,X,1,Y,1,K,1,"L1:[sp=K,163] K=31,S=5,Y=222,C=3,X=222,R=7 || L2:[sp=K,6] R=2,S=5,C=1,X=1,Y=1,K=1",-1263.0,-163323000.0,1,K|K,1
K,163,K,49,S,7,R,5,Y,158,X,222,C,1,K,6,R,2,S,7,C,1,K,1,Y,1,X,1,"L1:[sp=K,163] K=49,S=7,R=5,Y=158,X=222,C=1 || L2:[sp=K,6] R=2,S=7,C=1,K=1,Y=1,X=1",-inf,-inf,0,K|K,1
K,163,K,37,S,7,Y,222,C,1,X,222,R,5,K,6,R,2,S,7,C,1,X,1,Y,1,K,1,"L1:[sp=K,163] K=37,S=7,Y=222,C=1,X=222,R=5 || L2:[sp=K,6] R=2,S=7,C=1,X=1,Y=1,K=1",-1036.0,-163323000.0,1,K|K,1
K,163,S,1,C,3,Y,222,R,5,K,4,X,222,K,3,C,3,S,1,K,1,X,1,Y,194,R,2,"L1:[sp=K,163] S=1,C=3,Y=222,R=5,K=4,X=222 || L2:[sp=K,3] C=3,S=1,K=1,X=1,Y=194,R=2",-inf,-inf,0,K|K,1
K,163,K,31,S,5,Y,222,C,1,X,222,R,7,K,6,R,2,S,5,C,1,X,1,Y,1,K,1,"L1:[sp=K,163] K=31,S=5,Y=222,C=1,X=222,R=7 || L2:[sp=K,6] R=2,S=5,C=1,X=1,Y=1,K=1",-1267.0,-163323000.0,1,K|K,1
Y,163,S,7,C,3,Y,222,R,7,K,4,X,222,K,56,C,2,S,7,K,1,X,1,Y,1,R,2,"L1:[sp=Y,163] S=7,C=3,Y=222,R=7,K=4,X=222 || L2:[sp=K,56] C=2,S=7,K=1,X=1,Y=1,R=2",-2369.0,-163323000.0,1,Y|K,1
X,163,K,6,S,1,X,222,R,5,Y,77,C,1,C,1,R,2,S,1,C,1,X,1,Y,1,K,1,"L1:[sp=X,163] K=6,S=1,X=222,R=5,Y=77,C=1 || L2:[sp=C,1] R=2,S=1,C=1,X=1,Y=1,K=1",-inf,-inf,0,X|C,1
K,163,K,14,S,7,Y,87,R,5,X,222,C,1,K,6,R,4,S,7,C,1,K,1,Y,1,X,1,"L1:[sp=K,163] K=14,S=7,Y=87,R=5,X=222,C=1 || L2:[sp=K,6] R=4,S=7,C=1,K=1,Y=1,X=1",-inf,-inf,0,K|K,1
K,163,K,6,S,7,Y,222,R,5,X,222,C,3,K,6,R,2,S,7,C,3,X,1,Y,1,K,1,"L1:[sp=K,163] K=6,S=7,Y=222,R=5,X=222,C=3 || L2:[sp=K,6] R=2,S=7,C=3,X=1,Y=1,K=1",-150.0,-163323000.0,1,K|K,1
K,163,K,37,S,3,Y,222,C,1,X,222,R,5,Y,168,R,2,S,3,C,1,X,1,Y,1,K,1,"L1:[sp=K,163] K=37,S=3,Y=222,C=1,X=222,R=5 || L2:[sp=Y,168] R=2,S=3,C=1,X=1,Y=1,K=1",-2685349.0,-163323000.0,1,K|Y,1
K,163,S,7,C,1,Y,222,R,5,K,4,X,222,K,3,C,1,S,7,K,1,X,1,Y,1,R,4,"L1:[sp=K,163] S=7,C=1,Y=222,R=5,K=4,X=222 || L2:[sp=K,3] C=1,S=7,K=1,X=1,Y=1,R=4",-1015.0,-163323000.0,1,K|K,1
K,163,K,31,S,5,Y,222,C,3,X,222,R,7,K,6,R,2,S,5,C,1,X,1,Y,1,K,1,"L1:[sp=K,163] K=31,S=5,Y=222,C=3,X=222,R=7 || L2:[sp=K,6] R=2,S=5,C=1,X=1,Y=1,K=1",-1263.0,-163323000.0,1,K|K,1
K,163,S,7,C,1,Y,120,R,5,K,4,X,222,K,3,C,1,S,7,K,1,X,125,Y,1,R,2,"L1:[sp=K,163] S=7,C=1,Y=120,R=5,K=4,X=222 || L2:[sp=K,3] C=1,S=7,K=1,X=125,Y=1,R=2",-inf,-inf,0,K|K,1
X,163,C,1,S,7,Y,5,K,31,X,222,R,5,K,3,R,4,C,1,S,7,X,1,Y,1,K,1,"L1:[sp=X,163] C=1,S=7,Y=5,K=31,X=222,R=5 || L2:[sp=K,3] R=4,C=1,S=7,X=1,Y=1,K=1",-765865.0,-163323000.0,1,X|K,1
K,163,S,7,C,1,Y,222,X,222,K,4,R,5,K,3,C,1,S,7,K,1,X,1,Y,1,R,2,"L1:[sp=K,163] S=7,C=1,Y=222,X=222,K=4,R=5 || L2:[sp=K,3] C=1,S=7,K=1,X=1,Y=1,R=2",-301.0,-163323000.0,1,K|K,1
K,163,S,7,C,2,X,222,R,5,K,4,Y,222,K,3,C,1,S,7,K,1,X,1,Y,1,R,2,"L1:[sp=K,163] S=7,C=2,X=222,R=5,K=4,Y=222 || L2:[sp=K,3] C=1,S=7,K=1,X=1,Y=1,R=2",-299.0,-163323000.0,1,K|K,1
K,163,C,1,S,7,Y,122,R,4,X,222,K,31,Y,6,R,3,S,7,C,1,X,1,Y,1,K,1,"L1:[sp=K,163] C=1,S=7,Y=122,R=4,X=222,K=31 || L2:[sp=Y,6] R=3,S=7,C=1,X=1,Y=1,K=1",-inf,-inf,0,K|Y,1
Y,163,C,1,S,7,Y,55,K,31,X,222,R,5,K,6,R,4,X,1,C,1,S,7,Y,24,K,1,"L1:[sp=Y,163] C=1,S=7,Y=55,K=31,X=222,R=5 || L2:[sp=K,6] R=4,X=1,C=1,S=7,Y=24,K=1",-inf,-inf,0,Y|K,1
K,163,K,6,S,7,Y,222,R,5,X,222,C,3,K,6,R,2,K,1,C,3,X,34,Y,215,S,5,"L1:[sp=K,163] K=6,S=7,Y=222,R=5,X=222,C=3 || L2:[sp=K,6] R=2,K=1,C=3,X=34,Y=215,S=5",-inf,-inf,0,K|K,1
K,163,K,31,S,7,Y,222,C,3,X,101,R,5,K,6,Y,1,S,7,C,1,X,1,R,2,K,1,"L1:[sp=K,163] K=31,S=7,Y=222,C=3,X=101,R=5 || L2:[sp=K,6] Y=1,S=7,C=1,X=1,R=2,K=1",-192283.0,-163323000.0,1,K|K,1
K,163,S,5,C,1,Y,140,R,7,K,4,X,222,K,3,C,1,S,5,K,1,X,1,Y,1,R,2,"L1:[sp=K,163] S=5,C=1,Y=140,R=7,K=4,X=222 || L2:[sp=K,3] C=1,S=5,K=1,X=1,Y=1,R=2",-95773.0,-163323000.0,1,K|K,1
K,163,K,6,S,7,Y,222,R,5,X,222,C,3,K,6,R,4,S,7,C,3,X,1,Y,1,K,1,"L1:[sp=K,163] K=6,S=7,Y=222,R=5,X=222,C=3 || L2:[sp=K,6] R=4,S=7,C=3,X=1,Y=1,K=1",-507.0,-163323000.0,1,K|K,1
K,163,C,1,S,7,Y,222,K,31,X,115,R,5,Y,6,R,2,S,7,C,1,X,1,Y,39,K,1,"L1:[sp=K,163] C=1,S=7,Y=222,K=31,X=115,R=5 || L2:[sp=Y,6] R=2,S=7,C=1,X=1,Y=39,K=1",-inf,-inf,0,K|Y,1
K,163,C,1,S,5,Y,24,K,31,X,222,R,7,C,1,R,2,S,5,C,1,X,1,Y,1,K,1,"L1:[sp=K,163] C=1,S=5,Y=24,K=31,X=222,R=7 || L2:[sp=C,1] R=2,S=5,C=1,X=1,Y=1,K=1",-1744741.0,-163323000.0,1,K|C,1
K,163,K,31,S,3,Y,222,C,1,X,222,R,5,C,1,R,4,S,3,C,1,X,1,Y,1,K,1,"L1:[sp=K,163] K=31,S=3,Y=222,C=1,X=222,R=5 || L2:[sp=C,1] R=4,S=3,C=1,X=1,Y=1,K=1",-4459555.0,-163323000.0,1,K|C,1
K,163,K,6,S,7,X,222,R,5,Y,222,C,3,K,6,R,5,S,7,C,3,X,1,Y,1,K,1,"L1:[sp=K,163] K=6,S=7,X=222,R=5,Y=222,C=3 || L2:[sp=K,6] R=5,S=7,C=3,X=1,Y=1,K=1",-213.0,-163324000.0,1,K|K,1
K,163,K,37,S,7,Y,222,X,222,C,1,R,5,K,6,R,2,S,7,C,1,X,1,Y,1,K,1,"L1:[sp=K,163] K=37,S=7,Y=222,X=222,C=1,R=5 || L2:[sp=K,6] R=2,S=7,C=1,X=1,Y=1,K=1",-1036.0,-163323000.0,1,K|K,1
K,163,K,6,S,7,X,222,R,5,Y,222,C,3,X,84,R,2,S,7,C,3,X,1,Y,1,K,1,"L1:[sp=K,163] K=6,S=7,X=222,R=5,Y=222,C=3 || L2:[sp=X,84] R=2,S=7,C=3,X=1,Y=1,K=1",-5011.0,-163323000.0,1,K|X,1
K,163,K,6,S,7,Y,222,R,5,X,222,C,3,K,6,R,2,S,7,C,3,X,1,Y,1,K,1,"L1:[sp=K,163] K=6,S=7,Y=222,R=5,X=222,C=3 || L2:[sp=K,6] R=2,S=7,C=3,X=1,Y=1,K=1",-150.0,-163323000.0,1,K|K,1
K,163,K,6,S,7,X,222,R,5,Y,222,C,3,K,6,R,2,S,7,C,3,X,1,Y,1,K,1,"L1:[sp=K,163] K=6,S=7,X=222,R=5,Y=222,C=3 || L2:[sp=K,6] R=2,S=7,C=3,X=1,Y=1,K=1",-150.0,-163323000.0,1,K|K,1
K,163,K,6,S,7,Y,222,R,5,X,222,C,3,K,6,R,5,S,7,C,3,X,1,Y,1,K,1,"L1:[sp=K,163] K=6,S=7,Y=222,R=5,X=222,C=3 || L2:[sp=K,6] R=5,S=7,C=3,X=1,Y=1,K=1",-213.0,-163324000.0,1,K|K,1
K,163,K,31,S,5,Y,222,C,3,X,222,R,7,K,6,R,2,S,5,C,1,X,1,Y,1,K,1,"L1:[sp=K,163] K=31,S=5,Y=222,C=3,X=222,R=7 || L2:[sp=K,6] R=2,S=5,C=1,X=1,Y=1,K=1",-inf,-inf,0,K|K,1
Y,163,K,6,S,7,Y,143,R,5,X,222,C,3,K,6,R,4,S,7,C,3,X,1,Y,1,K,1,"L1:[sp=Y,163] K=6,S=7,Y=143,R=5,X=222,C=3 || L2:[sp=K,6] R=4,S=7,C=3,X=1,Y=1,K=1",-inf,-inf,0,Y|K,1
K,163,K,31,S,5,Y,222,C,3,X,222,R,7,K,6,R,2,S,5,C,1,X,1,Y,1,K,20,"L1:[sp=K,163] K=31,S=5,Y=222,C=3,X=222,R=7 || L2:[sp=K,6] R=2,S=5,C=1,X=1,Y=1,K=20",-inf,-inf,0,K|K,1
K,163,K,6,S,7,X,103,R,5,Y,222,C,3,K,6,R,5,S,7,C,3,X,1,Y,1,K,1,"L1:[sp=K,163] K=6,S=7,X=103,R=5,Y=222,C=3 || L2:[sp=K,6] R=5,S=7,C=3,X=1,Y=1,K=1",-45787.0,-163324000.0,1,K|K,1
K,163,R,5,S,7,Y,222,K,6,X,222,C,3,K,6,Y,1,S,7,C,3,X,1,R,4,K,1,"L1:[sp=K,163] R=5,S=7,Y=222,K=6,X=222,C=3 || L2:[sp=K,6] Y=1,S=7,C=3,X=1,R=4,K=1",-507.0,-163323000.0,1,K|K,1
C,163,S,7,C,3,Y,222,X,222,K,4,R,5,K,3,C,1,S,7,K,1,X,1,Y,1,R,4,"L1:[sp=C,163] S=7,C=3,Y=222,X=222,K=4,R=5 || L2:[sp=K,3] C=1,S=7,K=1,X=1,Y=1,R=4",-16161.0,-163323000.0,1,C|K,1
K,163,S,7,C,1,Y,222,R,5,K,22,X,222,K,3,C,1,S,4,K,1,X,1,Y,1,R,3,"L1:[sp=K,163] S=7,C=1,Y=222,R=5,K=22,X=222 || L2:[sp=K,3] C=1,S=4,K=1,X=1,Y=1,R=3",-4711.0,-163323000.0,1,K|K,1
K,163,K,37,S,7,Y,222,X,153,C,1,R,5,K,6,R,4,S,7,X,1,C,1,Y,1,K,24,"L1:[sp=K,163] K=37,S=7,Y=222,X=153,C=1,R=5 || L2:[sp=K,6] R=4,S=7,X=1,C=1,Y=1,K=24",-inf,-inf,0,K|K,1
K,163,S,1,Y,222,X,222,R,5,K,4,C,2,K,3,C,1,S,1,K,1,X,1,Y,1,R,4,"L1:[sp=K,163] S=1,Y=222,X=222,R=5,K=4,C=2 || L2:[sp=K,3] C=1,S=1,K=1,X=1,Y=1,R=4",-225849.0,-163323000.0,1,K|K,1
K,163,K,6,S,7,Y,222,R,5,X,222,C,3,K,6,R,2,S,7,C,3,X,1,Y,1,K,1,"L1:[sp=K,163] K=6,S=7,Y=222,R=5,X=222,C=3 || L2:[sp=K,6] R=2,S=7,C=3,X=1,Y=1,K=1",-150.0,-163323000.0,1,K|K,1
K,163,S,7,C,3,X,222,R,5,K,4,Y,222,K,3,C,1,S,7,K,1,X,1,Y,1,R,2,"L1:[sp=K,163] S=7,C=3,X=222,R=5,K=4,Y=222 || L2:[sp=K,3] C=1,S=7,K=1,X=1,Y=1,R=2",-297.0,-163323000.0,1,K|K,1
K,163,S,7,C,1,Y,222,R,5,K,4,X,222,K,3,C,1,S,7,K,1,X,1,Y,1,R,4,"L1:[sp=K,163] S=7,C=1,Y=222,R=5,K=4,X=222 || L2:[sp=K,3] C=1,S=7,K=1,X=1,Y=1,R=4",-1015.0,-163323000.0,1,K|K,1
K,163,K,6,S,7,Y,222,R,5,X,222,C,1,K,6,Y,1,S,7,C,1,X,1,R,2,K,6,"L1:[sp=K,163] K=6,S=7,Y=222,R=5,X=222,C=1 || L2:[sp=K,6] Y=1,S=7,C=1,X=1,R=2,K=6",-889.0,-163323000.0,1,K|K,1
K,163,S,7,C,2,X,222,R,5,K,4,Y,222,K,3,C,1,R,4,K,1,X,1,Y,1,S,7,"L1:[sp=K,163] S=7,C=2,X=222,R=5,K=4,Y=222 || L2:[sp=K,3] C=1,R=4,K=1,X=1,Y=1,S=7",-1013.0,-163323000.0,1,K|K,1
K,163,S,4,C,1,R,5,K,4,Y,222,X,222,K,3,C,1,S,4,K,1,X,1,Y,1,R,2,"L1:[sp=K,163] S=4,C=1,R=5,K=4,Y=222,X=222 || L2:[sp=K,3] C=1,S=4,K=1,X=1,Y=1,R=2",-349.0,-163323000.0,1,K|K,1
K,163,K,37,S,7,Y,6,X,222,C,1,R,5,K,6,R,4,S,7,C,1,X,159,Y,1,K,1,"L1:[sp=K,163] K=37,S=7,Y=6,X=222,C=1,R=5 || L2:[sp=K,6] R=4,S=7,C=1,X=159,Y=1,K=1",-inf,-inf,0,K|K,1
K,163,S,7,C,2,X,222,R,5,K,4,Y,222,K,3,C,2,S,7,K,1,X,1,Y,122,R,2,"L1:[sp=K,163] S=7,C=2,X=222,R=5,K=4,Y=222 || L2:[sp=K,3] C=2,S=7,K=1,X=1,Y=122,R=2",-inf,-inf,0,K|K,1
X,163,K,37,S,7,Y,222,X,222,C,1,R,5,K,6,R,2,S,7,C,1,X,158,Y,1,K,1,"L1:[sp=X,163] K=37,S=7,Y=222,X=222,C=1,R=5 || L2:[sp=K,6] R=2,S=7,C=1,X=158,Y=1,K=1",-inf,-inf,0,X|K,1
K,163,K,6,S,7,Y,222,R,5,X,222,C,3,K,6,R,2,S,7,C,3,X,1,Y,1,K,1,"L1:[sp=K,163] K=6,S=7,Y=222,R=5,X=222,C=3 || L2:[sp=K,6] R=2,S=7,C=3,X=1,Y=1,K=1",-150.0,-163323000.0,1,K|K,1
K,163,K,6,S,4,X,222,R,5,Y,102,C,3,K,6,R,2,S,4,C,3,X,1,Y,1,K,1,"L1:[sp=K,163] K=6,S=4,X=222,R=5,Y=102,C=3 || L2:[sp=K,6] R=2,S=4,C=3,X=1,Y=1,K=1",-38485.0,-163323000.0,1,K|K,1
K,163,K,46,S,7,Y,222,R,5,X,222,C,3,K,6,R,5,S,7,C,3,X,1,Y,1,K,1,"L1:[sp=K,163] K=46,S=7,Y=222,R=5,X=222,C=3 || L2:[sp=K,6] R=5,S=7,C=3,X=1,Y=1,K=1",-1683.0,-163324000.0,1,K|K,1
K,163,S,7,C,3,R,5,K,4,Y,222,X,222,X,42,C,3,S,7,K,1,X,1,Y,1,R,4,"L1:[sp=K,163] S=7,C=3,R=5,K=4,Y=222,X=222 || L2:[sp=X,42] C=3,S=7,K=1,X=1,Y=1,R=4",-8073.0,-163323000.0,1,K|X,1
K,163,R,5,C,2,Y,222,K,6,X,222,S,4,K,6,Y,1,S,4,C,1,X,1,R,2,K,2,"L1:[sp=K,163] R=5,C=2,Y=222,K=6,X=222,S=4 || L2:[sp=K,6] Y=1,S=4,C=1,X=1,R=2,K=2",-345.0,-163323000.0,1,K|K,1
X,163,R,5,S,4,Y,222,K,6,X,63,C,3,K,6,Y,1,S,4,C,3,X,1,R,2,K,1,"L1:[sp=X,163] R=5,S=4,Y=222,K=6,X=63,C=3 || L2:[sp=K,6] Y=1,S=4,C=3,X=1,R=2,K=1",-116469.0,-163323000.0,1,X|K,1
K,163,S,7,C,2,R,5,K,4,Y,222,X,222,K,3,C,1,S,7,K,1,X,1,Y,1,R,4,"L1:[sp=K,163] S=7,C=2,R=5,K=4,Y=222,X=222 || L2:[sp=K,3] C=1,S=7,K=1,X=1,Y=1,R=4",-1013.0,-163323000.0,1,K|K,1
K,163,S,4,C,3,X,222,R,6,K,4,Y,222,K,3,C,1,S,4,K,1,X,1,Y,86,R,2,"L1:[sp=K,163] S=4,C=3,X=222,R=6,K=4,Y=222 || L2:[sp=K,3] C=1,S=4,K=1,X=1,Y=86,R=2",-inf,-inf,0,K|K,1
K,163,S,7,C,1,R,5,K,4,Y,222,X,222,K,3,C,1,S,3,K,1,X,1,Y,1,R,2,"L1:[sp=K,163] S=7,C=1,R=5,K=4,Y=222,X=222 || L2:[sp=K,3] C=1,S=3,K=1,X=1,Y=1,R=2",-889.0,-163323000.0,1,K|K,1
X,163,K,12,S,7,Y,222,R,5,X,222,C,1,K,6,R,2,S,7,C,1,X,142,Y,1,K,6,"L1:[sp=X,163] K=12,S=7,Y=222,R=5,X=222,C=1 || L2:[sp=K,6] R=2,S=7,C=1,X=142,Y=1,K=6",-inf,-inf,0,X|K,1
K,163,S,4,Y,222,R,5,K,4,C,1,X,222,K,3,C,1,S,4,K,1,X,1,Y,1,R,1,"L1:[sp=K,163] S=4,Y=222,R=5,K=4,C=1,X=222 || L2:[sp=K,3] C=1,S=4,K=1,X=1,Y=1,R=1",-685.0,-163323000.0,1,K|K,1
K,163,S,7,C,1,R,5,X,131,K,4,Y,222,K,3,C,1,S,7,K,1,X,1,Y,1,R,4,"L1:[sp=K,163] S=7,C=1,R=5,X=131,K=4,Y=222 || L2:[sp=K,3] C=1,S=7,K=1,X=1,Y=1,R=4",-219757.0,-163323000.0,1,K|K,1
K,163,R,5,S,4,Y,222,K,52,X,222,C,3,K,6,Y,1,S,4,C,3,X,1,R,2,K,1,"L1:[sp=K,163] R=5,S=4,Y=222,K=52,X=222,C=3 || L2:[sp=K,6] Y=1,S=4,C=3,X=1,R=2,K=1",-1517.0,-163323000.0,1,K|K,1
K,163,S,7,C,2,X,222,Y,222,K,4,R,5,K,3,C,1,S,7,K,1,X,1,Y,1,R,2,"L1:[sp=K,163] S=7,C=2,X=222,Y=222,K=4,R=5 || L2:[sp=K,3] C=1,S=7,K=1,X=1,Y=1,R=2",-299.0,-163323000.0,1,K|K,1
K,163,S,4,C,1,R,5,K,4,Y,222,X,34,X,6,Y,1,S,4,K,1,X,1,C,1,R,2,"L1:[sp=K,163] S=4,C=1,R=5,K=4,Y=222,X=34 || L2:[sp=X,6] Y=1,S=4,K=1,X=1,C=1,R=2",-26293.0,-163323000.0,1,K|X,1
K,163,K,6,S,7,Y,222,R,1,X,222,C,3,K,1,R,1,S,7,C,3,X,154,Y,1,K,1,"L1:[sp=K,163] K=6,S=7,Y=222,R=1,X=222,C=3 || L2:[sp=K,1] R=1,S=7,C=3,X=154,Y=1,K=1",-inf,-inf,0,K|K,1
K,163,K,6,S,5,X,224,R,5,Y,222,C,3,K,6,R,5,S,5,C,3,X,1,Y,1,K,1,"L1:[sp=K,163] K=6,S=5,X=224,R=5,Y=222,C=3 || L2:[sp=K,6] R=5,S=5,C=3,X=1,Y=1,K=1",-305.0,-163323000.0,1,K|K,1
K,163,S,7,C,1,R,5,K,4,Y,222,X,222,K,3,C,1,Y,1,K,1,X,1,S,7,R,5,"L1:[sp=K,163] S=7,C=1,R=5,K=4,Y=222,X=222 || L2:[sp=K,3] C=1,Y=1,K=1,X=1,S=7,R=5",-427.0,-163323000.0,1,K|K,1
K,163,K,6,S,4,Y,222,R,5,X,222,C,1,K,6,Y,1,S,4,C,1,X,1,R,2,K,6,"L1:[sp=K,163] K=6,S=4,Y=222,R=5,X=222,C=1 || L2:[sp=K,6] Y=1,S=4,C=1,X=1,R=2,K=6",-1021.0,-163323000.0,1,K|K,1
K,163,R,5,S,7,Y,222,K,17,X,222,C,3,K,6,Y,1,S,1,C,3,X,1,R,4,K,1,"L1:[sp=K,163] R=5,S=7,Y=222,K=17,X=222,C=3 || L2:[sp=K,6] Y=1,S=1,C=3,X=1,R=4,K=1",-3027.0,-163323000.0,1,K|K,1
K,163,K,6,S,6,Y,222,R,5,X,222,C,1,X,6,Y,1,S,6,C,1,X,1,R,2,K,6,"L1:[sp=K,163] K=6,S=6,Y=222,R=5,X=222,C=1 || L2:[sp=X,6] Y=1,S=6,C=1,X=1,R=2,K=6",-1525.0,-163323000.0,1,K|X,1
K,163,K,6,S,7,Y,222,R,5,X,222,C,3,K,6,R,2,S,7,C,3,X,1,Y,1,K,1,"L1:[sp=K,163] K=6,S=7,Y=222,R=5,X=222,C=3 || L2:[sp=K,6] R=2,S=7,C=3,X=1,Y=1,K=1",-150.0,-163323000.0,1,K|K,1
X,163,S,4,Y,222,R,5,K,4,C,1,X,222,K,3,C,1,S,4,K,1,X,1,Y,1,R,1,"L1:[sp=X,163] S=4,Y=222,R=5,K=4,C=1,X=222 || L2:[sp=K,3] C=1,S=4,K=1,X=1,Y=1,R=1",-10945.0,-163323000.0,1,X|K,1
K,163,R,5,C,2,Y,222,K,6,X,222,S,4,K,6,Y,1,S,1,C,1,X,1,R,2,K,2,"L1:[sp=K,163] R=5,C=2,Y=222,K=6,X=222,S=4 || L2:[sp=K,6] Y=1,S=1,C=1,X=1,R=2,K=2",-597.0,-163323000.0,1,K|K,1
K,163,S,7,C,2,X,99,Y,222,K,4,R,5,K,3,C,1,S,3,K,1,X,1,Y,1,R,2,"L1:[sp=K,163] S=7,C=2,X=99,Y=222,K=4,R=5 || L2:[sp=K,3] C=1,S=3,K=1,X=1,Y=1,R=2",-67633.0,-163323000.0,1,K|K,1
K,163,S,7,C,1,R,5,K,34,Y,222,X,222,K,3,C,1,Y,1,K,1,X,1,S,7,R,5,"L1:[sp=K,163] S=7,C=1,R=5,K=34,Y=222,X=222 || L2:[sp=K,3] C=1,Y=1,K=1,X=1,S=7,R=5",-2527.0,-163323000.0,1,K|K,1
K,163,S,7,C,1,R,5,K,4,Y,222,X,222,K,3,C,1,S,7,K,1,X,1,Y,1,R,4,"L1:[sp=K,163] S=7,C=1,R=5,K=4,Y=222,X=222 || L2:[sp=K,3] C=1,S=7,K=1,X=1,Y=1,R=4",-1015.0,-163323000.0,1,K|K,1
K,163,S,7,K,4,R,5,C,2,Y,222,X,222,K,3,C,1,S,3,K,1,X,1,Y,1,R,2,"L1:[sp=K,163] S=7,K=4,R=5,C=2,Y=222,X=222 || L2:[sp=K,3] C=1,S=3,K=1,X=1,Y=1,R=2",-887.0,-163323000.0,1,K|K,1
K,163,K,6,S,7,R,5,Y,222,X,222,C,3,K,6,R,2,X,1,C,3,S,7,Y,1,K,1,"L1:[sp=K,163] K=6,S=7,R=5,Y=222,X=222,C=3 || L2:[sp=K,6] R=2,X=1,C=3,S=7,Y=1,K=1",-150.0,-163323000.0,1,K|K,1
K,163,S,7,C,1,R,5,K,4,Y,222,X,222,K,3,C,1,S,3,K,1,X,1,Y,1,R,2,"L1:[sp=K,163] S=7,C=1,R=5,K=4,Y=222,X=222 || L2:[sp=K,3] C=1,S=3,K=1,X=1,Y=1,R=2",-889.0,-163323000.0,1,K|K,1
K,163,R,5,C,1,Y,222,K,6,X,222,S,4,K,6,Y,1,S,4,C,1,X,1,R,1,K,2,"L1:[sp=K,163] R=5,C=1,Y=222,K=6,X=222,S=4 || L2:[sp=K,6] Y=1,S=4,C=1,X=1,R=1,K=2",-685.0,-163323000.0,1,K|K,1
K,163,S,1,Y,222,R,5,K,4,C,2,X,222,K,3,C,1,S,1,K,1,X,1,Y,1,R,2,"L1:[sp=K,163] S=1,Y=222,R=5,K=4,C=2,X=222 || L2:[sp=K,3] C=1,S=1,K=1,X=1,Y=1,R=2",-65913.0,-163323000.0,1,K|K,1
K,163,S,7,C,1,R,5,K,4,Y,223,X,29,K,3,S,3,C,1,K,1,X,1,Y,1,R,2,"L1:[sp=K,163] S=7,C=1,R=5,K=4,Y=223,X=29 || L2:[sp=K,3] S=3,C=1,K=1,X=1,Y=1,R=2",-147049.0,-163323000.0,1,K|K,1
K,163,S,7,C,1,R,5,K,4,Y,222,X,222,K,3,C,1,Y,1,K,1,X,1,S,5,R,5,"L1:[sp=K,163] S=7,C=1,R=5,K=4,Y=222,X=222 || L2:[sp=K,3] C=1,Y=1,K=1,X=1,S=5,R=5",-1687.0,-163323000.0,1,K|K,1
K,163,S,7,C,2,X,222,Y,222,K,2,R,5,K,3,C,1,S,7,Y,1,X,10,K,1,R,2,"L1:[sp=K,163] S=7,C=2,X=222,Y=222,K=2,R=5 || L2:[sp=K,3] C=1,S=7,Y=1,X=10,K=1,R=2",-1181.0,-163323000.0,1,K|K,1
K,163,K,60,S,5,X,224,R,5,Y,222,C,3,K,6,R,5,S,5,C,3,X,1,Y,187,K,1,"L1:[sp=K,163] K=60,S=5,X=224,R=5,Y=222,C=3 || L2:[sp=K,6] R=5,S=5,C=3,X=1,Y=187,K=1",-inf,-inf,0,K|K,1
K,163,S,7,Y,222,R,5,K,4,C,3,X,222,K,3,C,1,S,7,K,1,X,1,Y,1,R,1,"L1:[sp=K,163] S=7,Y=222,R=5,K=4,C=3,X=222 || L2:[sp=K,3] C=1,S=7,K=1,X=1,Y=1,R=1",-591.0,-163323000.0,1,K|K,1
Y,163,K,6,S,4,Y,222,R,5,X,222,C,3,K,6,R,2,S,4,C,3,X,1,Y,1,K,1,"L1:[sp=Y,163] K=6,S=4,Y=222,R=5,X=222,C=3 || L2:[sp=K,6] R=2,S=4,C=3,X=1,Y=1,K=1",-1893.0,-163323000.0,1,Y|K,1
K,163,R,5,C,2,Y,222,K,6,X,222,S,7,K,6,Y,1,S,7,C,1,X,1,R,2,K,2,"L1:[sp=K,163] R=5,C=2,Y=222,K=6,X=222,S=7 || L2:[sp=K,6] Y=1,S=7,C=1,X=1,R=2,K=2",-299.0,-163323000.0,1,K|K,1
K,163,K,6,S,4,Y,90,R,5,X,222,C,3,K,6,R,2,X,1,C,3,S,4,Y,1,K,1,"L1:[sp=K,163] K=6,S=4,Y=90,R=5,X=222,C=3 || L2:[sp=K,6] R=2,X=1,C=3,S=4,Y=1,K=1",-38485.0,-163323000.0,1,K|K,1
K,163,S,7,C,1,X,222,Y,222,K,4,R,3,K,3,C,1,S,3,K,1,X,1,Y,1,R,2,"L1:[sp=K,163] S=7,C=1,X=222,Y=222,K=4,R=3 || L2:[sp=K,3] C=1,S=3,K=1,X=1,Y=1,R=2",-inf,-inf,0,K|K,1
K,163,S,7,C,2,R,5,K,20,Y,70,X,222,K,3,C,1,S,7,K,1,X,1,Y,1,R,1,"L1:[sp=K,163] S=7,C=2,R=5,K=20,Y=70,X=222 || L2:[sp=K,3] C=1,S=7,K=1,X=1,Y=1,R=1",-inf,-inf,0,K|K,1
K,163,K,6,S,7,Y,222,R,5,X,222,C,3,K,6,R,2,S,7,C,3,X,1,Y,1,K,1,"L1:[sp=K,163] K=6,S=7,Y=222,R=5,X=222,C=3 || L2:[sp=K,6] R=2,S=7,C=3,X=1,Y=1,K=1",-150.0,-163323000.0,1,K|K,1
K,163,S,4,Y,201,R,5,K,4,C,3,X,222,K,3,C,1,S,4,K,1,X,1,Y,1,R,1,"L1:[sp=K,163] S=4,Y=201,R=5,K=4,C=3,X=222 || L2:[sp=K,3] C=1,S=4,K=1,X=1,Y=1,R=1",-76617.0,-163323000.0,1,K|K,1
K,163,R,5,C,1,Y,38,K,6,X,222,S,7,K,6,Y,1,S,7,C,1,X,1,R,1,K,2,"L1:[sp=K,163] R=5,C=1,Y=38,K=6,X=222,S=7 || L2:[sp=K,6] Y=1,S=7,C=1,X=1,R=1,K=2",-inf,-inf,0,K|K,1
K,163,K,6,S,7,Y,222,R,5,X,222,C,3,K,6,R,2,S,7,C,3,X,1,Y,1,K,1,"L1:[sp=K,163] K=6,S=7,Y=222,R=5,X=222,C=3 || L2:[sp=K,6] R=2,S=7,C=3,X=1,Y=1,K=1",-150.0,-163323000.0,1,K|K,1
K,163,K,6,S,7,R,5,Y,222,X,222,C,3,K,6,R,3,C,1,X,105,S,7,Y,1,K,1,"L1:[sp=K,163] K=6,S=7,R=5,Y=222,X=222,C=3 || L2:[sp=K,6] R=3,C=1,X=105,S=7,Y=1,K=1",-inf,-inf,0,K|K,1
K,163,S,7,C,1,R,1,K,4,Y,222,X,55,K,1,C,1,S,3,K,1,X,1,Y,1,R,1,"L1:[sp=K,163] S=7,C=1,R=1,K=4,Y=222,X=55 || L2:[sp=K,1] C=1,S=3,K=1,X=1,Y=1,R=1",-inf,-inf,0,K|K,1
K,163,S,7,Y,222,R,5,K,4,C,3,X,222,K,3,C,1,S,7,K,1,X,167,Y,1,R,1,"L1:[sp=K,163] S=7,Y=222,R=5,K=4,C=3,X=222 || L2:[sp=K,3] C=1,S=7,K=1,X=167,Y=1,R=1",-inf,-inf,0,K|K,1
K,163,K,6,S,7,Y,222,R,5,X,222,C,3,K,6,R,2,S,7,C,3,X,1,Y,167,K,2,"L1:[sp=K,163] K=6,S=7,Y=222,R=5,X=222,C=3 || L2:[sp=K,6] R=2,S=7,C=3,X=1,Y=167,K=2",-inf,-inf,0,K|K,1
K,163,R,5,C,1,Y,222,K,6,X,222,S,4,K,6,Y,1,S,4,C,1,X,1,R,1,K,2,"L1:[sp=K,163] R=5,C=1,Y=222,K=6,X=222,S=4 || L2:[sp=K,6] Y=1,S=4,C=1,X=1,R=1,K=2",-685.0,-163323000.0,1,K|K,1
K,163,K,6,S,7,Y,180,R,5,X,222,C,3,K,6,R,2,S,7,C,3,X,1,Y,1,K,1,"L1:[sp=K,163] K=6,S=7,Y=180,R=5,X=222,C=3 || L2:[sp=K,6] R=2,S=7,C=3,X=1,Y=1,K=1",-inf,-inf,0,K|K,1
K,163,R,5,C,2,Y,222,K,16,X,222,S,7,K,6,Y,1,S,7,C,1,X,1,R,2,K,2,"L1:[sp=K,163] R=5,C=2,Y=222,K=16,X=222,S=7 || L2:[sp=K,6] Y=1,S=7,C=1,X=1,R=2,K=2",-593.0,-163323000.0,1,K|K,1
K,163,R,5,C,1,Y,222,K,9,X,222,S,4,K,6,Y,1,S,4,C,1,X,1,R,1,K,2,"L1:[sp=K,163] R=5,C=1,Y=222,K=9,X=222,S=4 || L2:[sp=K,6] Y=1,S=4,C=1,X=1,R=1,K=2",-685.0,-163323000.0,1,K|K,1
K,163,K,6,S,7,Y,222,R,5,X,222,C,1,K,6,R,2,S,6,K,1,X,1,Y,1,C,1,"L1:[sp=K,163] K=6,S=7,Y=222,R=5,X=222,C=1 || L2:[sp=K,6] R=2,S=6,K=1,X=1,Y=1,C=1",-889.0,-163323000.0,1,K|K,1
K,163,S,7,Y,162,R,5,K,4,C,3,X,50,K,3,C,1,S,7,K,1,X,1,Y,1,R,1,"L1:[sp=K,163] S=7,Y=162,R=5,K=4,C=3,X=50 || L2:[sp=K,3] C=1,S=7,K=1,X=1,Y=1,R=1",-inf,-inf,0,K|K,1
K,163,S,7,K,18,R,5,C,2,Y,222,X,222,K,3,C,1,S,3,K,1,X,1,Y,1,R,2,"L1:[sp=K,163] S=7,K=18,R=5,C=2,Y=222,X=222 || L2:[sp=K,3] C=1,S=3,K=1,X=1,Y=1,R=2",-2651.0,-163323000.0,1,K|K,1
K,163,K,6,S,4,R,5,Y,222,X,222,C,3,K,6,R,1,X,1,C,3,S,4,Y,1,K,1,"L1:[sp=K,163] K=6,S=4,R=5,Y=222,X=222,C=3 || L2:[sp=K,6] R=1,X=1,C=3,S=4,Y=1,K=1",-341.0,-163323000.0,1,K|K,1
K,163,R,4,C,2,Y,222,K,6,S,7,X,222,K,6,Y,1,S,7,C,1,X,1,R,2,K,2,"L1:[sp=K,163] R=4,C=2,Y=222,K=6,S=7,X=222 || L2:[sp=K,6] Y=1,S=7,C=1,X=1,R=2,K=2",-341.0,-163323000.0,1,K|K,1
K,163,S,7,K,4,R,5,C,2,Y,222,X,222,K,3,C,1,S,7,K,1,R,2,Y,1,X,1,"L1:[sp=K,163] S=7,K=4,R=5,C=2,Y=222,X=222 || L2:[sp=K,3] C=1,S=7,K=1,R=2,Y=1,X=1",-299.0,-163323000.0,1,K|K,1
K,163,S,7,Y,222,R,5,K,4,C,3,X,222,K,3,C,1,S,7,K,1,X,1,Y,1,R,1,"L1:[sp=K,163] S=7,Y=222,R=5,K=4,C=3,X=222 || L2:[sp=K,3] C=1,S=7,K=1,X=1,Y=1,R=1",-591.0,-163323000.0,1,K|K,1
Y,163,S,7,C,1,R,5,K,4,Y,222,X,56,K,2,C,1,S,4,K,1,X,1,Y,1,R,2,"L1:[sp=Y,163] S=7,C=1,R=5,K=4,Y=222,X=56 || L2:[sp=K,2] C=1,S=4,K=1,X=1,Y=1,R=2",-1082305.0,-163323000.0,1,Y|K,1
K,163,R,5,K,6,Y,222,C,2,X,222,S,7,K,6,Y,1,S,7,C,1,X,1,R,2,K,2,"L1:[sp=K,163] R=5,K=6,Y=222,C=2,X=222,S=7 || L2:[sp=K,6] Y=1,S=7,C=1,X=1,R=2,K=2",-299.0,-163323000.0,1,K|K,1
K,163,K,6,S,7,Y,222,R,5,X,222,C,3,K,6,R,2,S,7,C,3,X,1,Y,1,K,1,"L1:[sp=K,163] K=6,S=7,Y=222,R=5,X=222,C=3 || L2:[sp=K,6] R=2,S=7,C=3,X=1,Y=1,K=1",-150.0,-163323000.0,1,K|K,1
K,163,K,6,S,7,Y,222,R,5,X,222,C,3,K,6,R,2,S,7,C,1,K,2,Y,1,X,1,"L1:[sp=K,163] K=6,S=7,Y=222,R=5,X=222,C=3 || L2:[sp=K,6] R=2,S=7,C=1,K=2,Y=1,X=1",-297.0,-163323000.0,1,K|K,1
K,163,R,5,K,6,Y,222,C,2,X,222,S,7,K,6,Y,1,S,7,C,1,X,1,R,2,K,6,"L1:[sp=K,163] R=5,K=6,Y=222,C=2,X=222,S=7 || L2:[sp=K,6] Y=1,S=7,C=1,X=1,R=2,K=6",-887.0,-163323000.0,1,K|K,1
K,163,S,7,K,4,R,4,C,2,Y,36,X,89,K,3,C,1,S,7,K,1,R,2,Y,1,X,1,"L1:[sp=K,163] S=7,K=4,R=4,C=2,Y=36,X=89 || L2:[sp=K,3] C=1,S=7,K=1,R=2,Y=1,X=1",-inf,-inf,0,K|K,1
K,163,R,5,C,2,Y,222,K,6,S,7,X,222,K,6,Y,28,S,7,C,1,X,1,R,2,K,2,"L1:[sp=K,163] R=5,C=2,Y=222,K=6,S=7,X=222 || L2:[sp=K,6] Y=28,S=7,C=1,X=1,R=2,K=2",-inf,-inf,0,K|K,1
K,163,R,5,C,1,Y,222,K,6,S,7,X,222,K,6,Y,1,S,6,C,1,X,1,R,1,K,2,"L1:[sp=K,163] R=5,C=1,Y=222,K=6,S=7,X=222 || L2:[sp=K,6] Y=1,S=6,C=1,X=1,R=1,K=2",-3535.0,-163323000.0,1,K|K,1
K,163,S,7,Y,222,R,4,K,4,C,2,X,222,K,3,C,1,S,7,K,1,X,1,Y,1,R,2,"L1:[sp=K,163] S=7,Y=222,R=4,K=4,C=2,X=222 || L2:[sp=K,3] C=1,S=7,K=1,X=1,Y=1,R=2",-341.0,-163323000.0,1,K|K,1
K,163,R,4,C,2,Y,222,K,6,S,7,X,120,K,6,Y,1,S,4,C,1,X,1,K,2,R,2,"L1:[sp=K,163] R=4,C=2,Y=222,K=6,S=7,X=120 || L2:[sp=K,6] Y=1,S=4,C=1,X=1,K=2,R=2",-75273.0,-163323000.0,1,K|K,1
K,163,S,7,C,3,Y,222,K,16,X,222,R,5,K,6,Y,1,S,7,C,1,X,1,R,2,K,2,"L1:[sp=K,163] S=7,C=3,Y=222,K=16,X=222,R=5 || L2:[sp=K,6] Y=1,S=7,C=1,X=1,R=2,K=2",-591.0,-163323000.0,1,K|K,1
K,163,R,4,C,2,Y,222,K,6,S,7,X,222,K,6,Y,1,S,7,C,1,X,1,R,1,K,2,"L1:[sp=K,163] R=4,C=2,Y=222,K=6,S=7,X=222 || L2:[sp=K,6] Y=1,S=7,C=1,X=1,R=1,K=2",-593.0,-163323000.0,1,K|K,1
K,163,K,6,R,5,Y,222,C,3,X,222,S,6,K,6,Y,1,S,6,C,1,X,1,R,2,K,2,"L1:[sp=K,163] K=6,R=5,Y=222,C=3,X=222,S=6 || L2:[sp=K,6] Y=1,S=6,C=1,X=1,R=2,K=2",-509.0,-163323000.0,1,K|K,1
K,163,R,5,C,2,Y,222,K,6,S,3,X,35,K,6,Y,1,K,2,C,1,X,1,R,2,S,3,"L1:[sp=K,163] R=5,C=2,Y=222,K=6,S=3,X=35 || L2:[sp=K,6] Y=1,K=2,C=1,X=1,R=2,S=3",-84001.0,-163323000.0,1,K|K,1
K,163,R,4,K,6,Y,222,C,2,X,222,S,7,K,6,Y,1,S,7,C,1,X,175,R,1,K,2,"L1:[sp=K,163] R=4,K=6,Y=222,C=2,X=222,S=7 || L2:[sp=K,6] Y=1,S=7,C=1,X=175,R=1,K=2",-inf,-inf,0,K|K,1
K,163,R,5,C,1,Y,222,K,6,S,4,X,222,K,6,Y,1,S,4,C,1,X,1,R,1,K,2,"L1:[sp=K,163] R=5,C=1,Y=222,K=6,S=4,X=222 || L2:[sp=K,6] Y=1,S=4,C=1,X=1,R=1,K=2",-685.0,-163323000.0,1,K|K,1
K,163,R,4,C,2,Y,222,K,49,X,222,S,7,K,6,Y,17,S,7,C,1,X,1,R,2,K,2,"L1:[sp=K,163] R=4,C=2,Y=222,K=49,X=222,S=7 || L2:[sp=K,6] Y=17,S=7,C=1,X=1,R=2,K=2",-inf,-inf,0,K|K,1
K,163,R,4,C,2,Y,222,K,6,S,7,X,222,K,6,Y,1,S,7,C,1,X,22,R,2,K,2,"L1:[sp=K,163] R=4,C=2,Y=222,K=6,S=7,X=222 || L2:[sp=K,6] Y=1,S=7,C=1,X=22,R=2,K=2",-6725.0,-163323000.0,1,K|K,1
K,163,K,6,S,7,Y,222,R,5,X,222,C,3,K,6,R,2,S,7,Y,1,X,1,C,3,K,1,"L1:[sp=K,163] K=6,S=7,Y=222,R=5,X=222,C=3 || L2:[sp=K,6] R=2,S=7,Y=1,X=1,C=3,K=1",-150.0,-163323000.0,1,K|K,1
K,163,S,7,Y,222,R,5,K,4,C,3,X,222,K,3,C,1,S,7,K,1,X,1,Y,111,R,1,"L1:[sp=K,163] S=7,Y=222,R=5,K=4,C=3,X=222 || L2:[sp=K,3] C=1,S=7,K=1,X=1,Y=111,R=1",-inf,-inf,0,K|K,1
K,163,Y,222,K,4,R,5,C,2,S,7,X,222,K,3,C,1,S,1,K,1,R,2,Y,1,X,1,"L1:[sp=K,163] Y=222,K=4,R=5,C=2,S=7,X=222 || L2:[sp=K,3] C=1,S=1,K=1,R=2,Y=1,X=1",-593.0,-163323000.0,1,K|K,1
K,163,K,23,S,7,Y,222,R,5,X,222,C,3,K,6,R,2,S,7,C,3,X,220,Y,1,K,1,"L1:[sp=K,163] K=23,S=7,Y=222,R=5,X=222,C=3 || L2:[sp=K,6] R=2,S=7,C=3,X=220,Y=1,K=1",-inf,-inf,0,K|K,1
K,163,C,2,K,59,R,5,S,7,Y,222,X,222,K,3,C,1,S,7,R,2,K,1,Y,1,X,1,"L1:[sp=K,163] C=2,K=59,R=5,S=7,Y=222,X=222 || L2:[sp=K,3] C=1,S=7,R=2,K=1,Y=1,X=1",-2945.0,-163323000.0,1,K|K,1
K,163,K,6,S,7,Y,222,R,5,X,222,C,3,K,6,R,2,S,7,C,3,X,1,Y,1,K,1,"L1:[sp=K,163] K=6,S=7,Y=222,R=5,X=222,C=3 || L2:[sp=K,6] R=2,S=7,C=3,X=1,Y=1,K=1",-150.0,-163323000.0,1,K|K,1
K,163,S,7,C,3,Y,222,K,16,X,222,R,4,K,6,Y,1,K,9,C,1,X,1,R,1,S,2,"L1:[sp=K,163] S=7,C=3,Y=222,K=16,X=222,R=4 || L2:[sp=K,6] Y=1,K=9,C=1,X=1,R=1,S=2",-2649.0,-163323000.0,1,K|K,1
K,163,R,5,C,2,Y,222,K,6,S,7,X,222,K,6,Y,1,R,2,C,1,X,1,S,3,K,2,"L1:[sp=K,163] R=5,C=2,Y=222,K=6,S=7,X=222 || L2:[sp=K,6] Y=1,R=2,C=1,X=1,S=3,K=2",-887.0,-163323000.0,1,K|K,1
K,163,K,6,S,7,Y,222,R,5,X,222,C,3,K,6,R,2,S,7,C,1,K,2,Y,1,X,1,"L1:[sp=K,163] K=6,S=7,Y=222,R=5,X=222,C=3 || L2:[sp=K,6] R=2,S=7,C=1,K=2,Y=1,X=1",-297.0,-163323000.0,1,K|K,1
K,163,K,6,S,7,Y,222,R,5,X,222,C,3,K,6,R,2,S,7,C,3,X,110,Y,1,K,1,"L1:[sp=K,163] K=6,S=7,Y=222,R=5,X=222,C=3 || L2:[sp=K,6] R=2,S=7,C=3,X=110,Y=1,K=1",-inf,-inf,0,K|K,1
K,163,S,7,C,3,R,5,K,4,Y,222,X,222,K,3,C,1,K,1,X,1,S,7,Y,1,R,3,"L1:[sp=K,163] S=7,C=3,R=5,K=4,Y=222,X=222 || L2:[sp=K,3] C=1,K=1,X=1,S=7,Y=1,R=3",-591.0,-163323000.0,1,K|K,1
K,163,K,6,S,7,Y,222,X,212,R,7,C,2,K,6,R,2,S,7,C,1,K,2,Y,1,X,1,"L1:[sp=K,163] K=6,S=7,Y=222,X=212,R=7,C=2 || L2:[sp=K,6] R=2,S=7,C=1,K=2,Y=1,X=1",-inf,-inf,0,K|K,1
K,163,K,6,R,5,Y,222,C,3,X,222,S,6,K,6,Y,189,S,4,C,1,X,1,R,2,K,2,"L1:[sp=K,163] K=6,R=5,Y=222,C=3,X=222,S=6 || L2:[sp=K,6] Y=189,S=4,C=1,X=1,R=2,K=2",-inf,-inf,0,K|K,1
K,163,K,6,S,7,Y,222,R,5,X,222,C,3,K,6,R,2,S,7,Y,1,X,1,C,1,K,1,"L1:[sp=K,163] K=6,S=7,Y=222,R=5,X=222,C=3 || L2:[sp=K,6] R=2,S=7,Y=1,X=1,C=1,K=1",-150.0,-163323000.0,1,K|K,1
K,163,K,6,S,7,Y,222,R,5,X,222,C,3,K,6,R,2,S,7,C,3,X,1,Y,1,K,1,"L1:[sp=K,163] K=6,S=7,Y=222,R=5,X=222,C=3 || L2:[sp=K,6] R=2,S=7,C=3,X=1,Y=1,K=1",-150.0,-163323000.0,1,K|K,1
K,163,K,6,S,7,Y,222,R,5,X,222,C,3,K,6,R,2,S,7,Y,1,X,1,C,3,K,1,"L1:[sp=K,163] K=6,S=7,Y=222,R=5,X=222,C=3 || L2:[sp=K,6] R=2,S=7,Y=1,X=1,C=3,K=1",-150.0,-163323000.0,1,K|K,1
K,163,K,6,R,5,Y,222,C,3,X,222,S,6,K,6,Y,1,S,6,C,1,X,1,R,2,K,2,"L1:[sp=K,163] K=6,R=5,Y=222,C=3,X=222,S=6 || L2:[sp=K,6] Y=1,S=6,C=1,X=1,R=2,K=2",-509.0,-163323000.0,1,K|K,1
X,163,Y,222,K,4,R,5,C,2,S,3,X,222,Y,84,C,1,S,1,K,1,R,2,Y,1,X,1,"L1:[sp=X,163] Y=222,K=4,R=5,C=2,S=3,X=222 || L2:[sp=Y,84] C=1,S=1,K=1,R=2,Y=1,X=1",-2107585.0,-163323000.0,1,X|Y,1
K,163,K,6,S,7,Y,222,R,2,X,222,C,3,K,6,R,2,S,7,C,3,X,1,Y,1,K,1,"L1:[sp=K,163] K=6,S=7,Y=222,R=2,X=222,C=3 || L2:[sp=K,6] R=2,S=7,C=3,X=1,Y=1,K=1",-inf,-inf,0,K|K,1
K,163,S,7,C,3,Y,222,K,16,X,222,R,5,K,6,Y,1,S,7,C,1,X,1,R,2,K,5,"L1:[sp=K,163] S=7,C=3,Y=222,K=16,X=222,R=5 || L2:[sp=K,6] Y=1,S=7,C=1,X=1,R=2,K=5",-738.0,-163323000.0,1,K|K,1
K,163,Y,222,K,4,R,5,C,2,S,7,X,222,K,3,C,2,S,7,K,1,R,2,Y,1,X,1,"L1:[sp=K,163] Y=222,K=4,R=5,C=2,S=7,X=222 || L2:[sp=K,3] C=2,S=7,K=1,R=2,Y=1,X=1",-397.0,-163323000.0,1,K|K,1
K,163,K,6,S,7,Y,222,R,5,X,7,C,3,K,6,R,2,S,1,C,3,X,3,Y,1,K,1,"L1:[sp=K,163] K=6,S=7,Y=222,R=5,X=7,C=3 || L2:[sp=K,6] R=2,S=1,C=3,X=3,Y=1,K=1",-60335.0,-163323000.0,1,K|K,1
K,163,K,6,S,7,Y,222,R,5,X,222,C,3,K,6,K,1,S,7,Y,1,X,1,C,3,R,3,"L1:[sp=K,163] K=6,S=7,Y=222,R=5,X=222,C=3 || L2:[sp=K,6] K=1,S=7,Y=1,X=1,C=3,R=3",-297.0,-163323000.0,1,K|K,1
K,163,K,2,S,7,Y,222,R,5,X,222,C,3,K,6,R,2,S,7,C,3,X,1,Y,1,K,1,"L1:[sp=K,163] K=2,S=7,Y=222,R=5,X=222,C=3 || L2:[sp=K,6] R=2,S=7,C=3,X=1,Y=1,K=1",-299.0,-163323000.0,1,K|K,1
K,163,S,7,C,3,Y,222,K,20,X,12,R,5,K,6,Y,1,S,7,C,1,R,2,X,1,K,2,"L1:[sp=K,163] S=7,C=3,Y=222,K=20,X=12,R=5 || L2:[sp=K,6] Y=1,S=7,C=1,R=2,X=1,K=2",-128223.0,-163323000.0,1,K|K,1
Y,163,K,6,S,7,Y,222,R,5,X,222,C,3,K,6,R,2,S,7,C,3,X,1,Y,1,K,1,"L1:[sp=Y,163] K=6,S=7,Y=222,R=5,X=222,C=3 || L2:[sp=K,6] R=2,S=7,C=3,X=1,Y=1,K=1",-1640.0,-163323000.0,1,Y|K,1
K,163,K,6,S,7,Y,222,R,5,X,222,C,3,K,6,R,2,S,7,C,3,X,1,Y,1,K,1,"L1:[sp=K,163] K=6,S=7,Y=222,R=5,X=222,C=3 || L2:[sp=K,6] R=2,S=7,C=3,X=1,Y=1,K=1",-150.0,-163323000.0,1,K|K,1
K,163,K,6,S,7,Y,222,R,5,X,222,C,3,K,6,R,2,S,7,Y,1,X,1,C,2,K,1,"L1:[sp=K,163] K=6,S=7,Y=222,R=5,X=222,C=3 || L2:[sp=K,6] R=2,S=7,Y=1,X=1,C=2,K=1",-150.0,-163323000.0,1,K|K,1
K,163,K,2,S,7,Y,222,R,5,X,222,C,3,K,6,R,2,S,7,C,3,X,1,Y,1,K,1,"L1:[sp=K,163] K=2,S=7,Y=222,R=5,X=222,C=3 || L2:[sp=K,6] R=2,S=7,C=3,X=1,Y=1,K=1",-299.0,-163323000.0,1,K|K,1
K,163,K,2,S,1,Y,122,R,5,X,222,C,3,K,6,R,2,S,1,C,3,X,1,Y,1,K,2,"L1:[sp=K,163] K=2,S=1,Y=122,R=5,X=222,C=3 || L2:[sp=K,6] R=2,S=1,C=3,X=1,Y=1,K=2",-inf,-inf,0,K|K,1
K,163,K,6,S,7,Y,212,R,5,X,222,C,3,X,28,R,2,S,7,Y,1,X,35,C,1,K,1,"L1:[sp=K,163] K=6,S=7,Y=212,R=5,X=222,C=3 || L2:[sp=X,28] R=2,S=7,Y=1,X=35,C=1,K=1",-inf,-inf,0,K|X,1
K,163,Y,220,K,4,R,5,C,3,S,7,X,222,K,3,C,1,S,7,K,3,R,2,Y,1,X,1,"L1:[sp=K,163] Y=220,K=4,R=5,C=3,S=7,X=222 || L2:[sp=K,3] C=1,S=7,K=3,R=2,Y=1,X=1",-inf,-inf,0,K|K,1
K,163,K,6,S,7,Y,222,R,5,X,222,C,2,K,6,R,2,S,7,Y,1,X,1,C,2,K,1,"L1:[sp=K,163] K=6,S=7,Y=222,R=5,X=222,C=2 || L2:[sp=K,6] R=2,S=7,Y=1,X=1,C=2,K=1",-201.0,-163323000.0,1,K|K,1
K,163,K,6,S,7,Y,222,R,5,X,222,C,3,K,6,R,2,S,4,C,3,X,1,Y,1,K,1,"L1:[sp=K,163] K=6,S=7,Y=222,R=5,X=222,C=3 || L2:[sp=K,6] R=2,S=4,C=3,X=1,Y=1,K=1",-297.0,-163323000.0,1,K|K,1
K,163,K,6,S,7,Y,222,R,5,X,222,C,3,K,6,K,1,S,7,Y,1,X,1,C,3,R,3,"L1:[sp=K,163] K=6,S=7,Y=222,R=5,X=222,C=3 || L2:[sp=K,6] K=1,S=7,Y=1,X=1,C=3,R=3",-297.0,-163323000.0,1,K|K,1
K,163,K,6,S,7,Y,222,R,5,X,222,C,3,K,6,K,1,S,7,Y,1,X,181,C,3,R,3,"L1:[sp=K,163] K=6,S=7,Y=222,R=5,X=222,C=3 || L2:[sp=K,6] K=1,S=7,Y=1,X=181,C=3,R=3",-inf,-inf,0,K|K,1
K,163,K,6,S,7,Y,222,R,5,X,222,C,3,K,6,R,2,S,6,Y,1,X,1,C,1,K,1,"L1:[sp=K,163] K=6,S=7,Y=222,R=5,X=222,C=3 || L2:[sp=K,6] R=2,S=6,Y=1,X=1,C=1,K=1",-885.0,-163323000.0,1,K|K,1
K,163,K,53,S,7,C,3,R,5,X,171,Y,222,K,6,K,1,S,7,Y,1,X,1,C,1,R,2,"L1:[sp=K,163] K=53,S=7,C=3,R=5,X=171,Y=222 || L2:[sp=K,6] K=1,S=7,Y=1,X=1,C=1,R=2",-288419.0,-163323000.0,1,K|K,1
K,163,K,6,S,7,Y,222,R,5,X,222,C,3,K,6,R,3,C,3,K,2,S,7,Y,1,X,1,"L1:[sp=K,163] K=6,S=7,Y=222,R=5,X=222,C=3 || L2:[sp=K,6] R=3,C=3,K=2,S=7,Y=1,X=1",-591.0,-163324000.0,1,K|K,1
K,163,K,6,R,4,Y,144,C,3,X,222,S,6,K,6,Y,1,S,6,C,1,X,1,R,2,K,2,"L1:[sp=K,163] K=6,R=4,Y=144,C=3,X=222,S=6 || L2:[sp=K,6] Y=1,S=6,C=1,X=1,R=2,K=2",-129609.0,-163323000.0,1,K|K,1
K,163,K,50,S,7,Y,222,R,5,X,222,C,1,K,6,R,2,S,7,Y,1,X,1,C,1,K,1,"L1:[sp=K,163] K=50,S=7,Y=222,R=5,X=222,C=1 || L2:[sp=K,6] R=2,S=7,Y=1,X=1,C=1,K=1",-1330.0,-163323000.0,1,K|K,1
K,163,K,6,S,3,Y,222,R,5,X,222,C,3,K,6,R,3,S,3,C,3,X,1,Y,1,K,1,"L1:[sp=K,163] K=6,S=3,Y=222,R=5,X=222,C=3 || L2:[sp=K,6] R=3,S=3,C=3,X=1,Y=1,K=1",-83923.0,-163323000.0,1,K|K,1
K,163,K,6,S,7,Y,222,R,5,X,222,C,3,C,3,K,1,S,7,Y,1,X,1,C,1,R,2,"L1:[sp=K,163] K=6,S=7,Y=222,R=5,X=222,C=3 || L2:[sp=C,3] K=1,S=7,Y=1,X=1,C=1,R=2",-297.0,-163323000.0,1,K|C,1
K,163,K,6,R,5,Y,222,C,3,X,222,S,7,K,6,Y,1,S,7,C,1,X,25,R,2,K,2,"L1:[sp=K,163] K=6,R=5,Y=222,C=3,X=222,S=7 || L2:[sp=K,6] Y=1,S=7,C=1,X=25,R=2,K=2",-5295.0,-163323000.0,1,K|K,1
K,163,K,59,X,222,Y,222,R,5,S,6,C,3,K,6,R,2,S,6,C,1,K,2,Y,123,X,1,"L1:[sp=K,163] K=59,X=222,Y=222,R=5,S=6,C=3 || L2:[sp=K,6] R=2,S=6,C=1,K=2,Y=123,X=1",-inf,-inf,0,K|K,1
K,163,X,222,S,7,Y,222,R,5,K,6,C,3,K,6,R,2,S,7,C,3,X,1,Y,1,K,6,"L1:[sp=K,163] X=222,S=7,Y=222,R=5,K=6,C=3 || L2:[sp=K,6] R=2,S=7,C=3,X=1,Y=1,K=6",-inf,-inf,0,K|K,1
K,163,K,6,C,3,R,5,Y,222,X,222,S,7,K,6,R,2,S,7,Y,1,X,1,C,2,K,1,"L1:[sp=K,163] K=6,C=3,R=5,Y=222,X=222,S=7 || L2:[sp=K,6] R=2,S=7,Y=1,X=1,C=2,K=1",-150.0,-163323000.0,1,K|K,1
K,163,K,6,S,7,Y,222,R,5,X,222,C,3,K,6,R,2,S,7,C,3,X,1,Y,1,K,1,"L1:[sp=K,163] K=6,S=7,Y=222,R=5,X=222,C=3 || L2:[sp=K,6] R=2,S=7,C=3,X=1,Y=1,K=1",-150.0,-163323000.0,1,K|K,1
C,163,K,6,S,7,Y,222,R,5,X,222,C,3,C,3,K,1,S,7,Y,1,X,1,C,1,R,2,"L1:[sp=C,163] K=6,S=7,Y=222,R=5,X=222,C=3 || L2:[sp=C,3] K=1,S=7,Y=1,X=1,C=1,R=2",-3159.0,-163323000.0,1,C|C,1
K,163,K,6,S,7,Y,222,R,5,X,222,C,3,K,6,R,2,S,7,C,1,X,1,Y,1,K,1,"L1:[sp=K,163] K=6,S=7,Y=222,R=5,X=222,C=3 || L2:[sp=K,6] R=2,S=7,C=1,X=1,Y=1,K=1",-150.0,-163323000.0,1,K|K,1
K,163,K,6,S,7,Y,222,R,5,X,222,C,3,K,6,K,1,S,7,Y,1,X,222,C,3,R,2,"L1:[sp=K,163] K=6,S=7,Y=222,R=5,X=222,C=3 || L2:[sp=K,6] K=1,S=7,Y=1,X=222,C=3,R=2",-inf,-inf,0,K|K,1
K,163,K,6,S,7,Y,222,R,5,X,222,C,3,K,6,K,1,S,7,Y,1,X,1,C,1,R,1,"L1:[sp=K,163] K=6,S=7,Y=222,R=5,X=222,C=3 || L2:[sp=K,6] K=1,S=7,Y=1,X=1,C=1,R=1",-297.0,-163323000.0,1,K|K,1
K,163,K,36,S,7,Y,222,R,5,X,222,C,3,K,6,R,2,S,7,C,3,X,1,Y,1,K,1,"L1:[sp=K,163] K=36,S=7,Y=222,R=5,X=222,C=3 || L2:[sp=K,6] R=2,S=7,C=3,X=1,Y=1,K=1",-885.0,-163323000.0,1,K|K,1
K,163,K,6,S,7,Y,222,R,5,X,222,C,2,K,6,R,2,S,7,Y,1,X,1,C,1,K,1,"L1:[sp=K,163] K=6,S=7,Y=222,R=5,X=222,C=2 || L2:[sp=K,6] R=2,S=7,Y=1,X=1,C=1,K=1",-152.0,-163323000.0,1,K|K,1
K,163,K,6,S,7,Y,222,X,222,R,5,C,2,K,6,R,3,S,7,Y,1,X,1,C,2,K,6,"L1:[sp=K,163] K=6,S=7,Y=222,X=222,R=5,C=2 || L2:[sp=K,6] R=3,S=7,Y=1,X=1,C=2,K=6",-inf,-inf,0,K|K,1
K,163,K,38,S,7,Y,222,R,5,X,222,C,3,K,6,K,1,S,7,Y,1,C,3,X,1,R,2,"L1:[sp=K,163] K=38,S=7,Y=222,R=5,X=222,C=3 || L2:[sp=K,6] K=1,S=7,Y=1,C=3,X=1,R=2",-1032.0,-163323000.0,1,K|K,1
K,163,K,6,S,7,Y,222,R,5,X,222,C,3,K,6,C,2,S,7,Y,1,X,208,R,2,K,1,"L1:[sp=K,163] K=6,S=7,Y=222,R=5,X=222,C=3 || L2:[sp=K,6] C=2,S=7,Y=1,X=208,R=2,K=1",-inf,-inf,0,K|K,1
K,163,K,6,S,7,Y,222,R,5,X,222,C,2,K,6,R,2,S,7,Y,1,K,1,C,2,X,1,"L1:[sp=K,163] K=6,S=7,Y=222,R=5,X=222,C=2 || L2:[sp=K,6] R=2,S=7,Y=1,K=1,C=2,X=1",-201.0,-163323000.0,1,K|K,1
K,163,K,6,S,1,Y,222,R,5,X,222,C,3,Y,1,K,1,S,1,Y,1,X,1,C,1,R,2,"L1:[sp=K,163] K=6,S=1,Y=222,R=5,X=222,C=3 || L2:[sp=Y,1] K=1,S=1,Y=1,X=1,C=1,R=2",-197597.0,-163323000.0,1,K|Y,1
K,163,K,6,S,7,Y,222,R,5,X,222,C,3,K,6,R,2,S,7,C,3,X,1,Y,1,K,1,"L1:[sp=K,163] K=6,S=7,Y=222,R=5,X=222,C=3 || L2:[sp=K,6] R=2,S=7,C=3,X=1,Y=1,K=1",-150.0,-163323000.0,1,K|K,1
K,163,K,6,S,7,Y,160,R,2,X,222,C,3,K,6,R,2,S,7,C,3,X,1,Y,1,K,1,"L1:[sp=K,163] K=6,S=7,Y=160,R=2,X=222,C=3 || L2:[sp=K,6] R=2,S=7,C=3,X=1,Y=1,K=1",-inf,-inf,0,K|K,1
K,163,K,6,S,7,Y,222,R,3,X,222,C,3,Y,8,K,1,S,4,Y,1,X,1,C,1,R,2,"L1:[sp=K,163] K=6,S=7,Y=222,R=3,X=222,C=3 || L2:[sp=Y,8] K=1,S=4,Y=1,X=1,C=1,R=2",-inf,-inf,0,K|Y,1
K,163,K,6,S,7,Y,222,R,4,X,222,C,3,K,6,Y,128,S,7,C,3,X,63,R,2,K,1,"L1:[sp=K,163] K=6,S=7,Y=222,R=4,X=222,C=3 || L2:[sp=K,6] Y=128,S=7,C=3,X=63,R=2,K=1",-inf,-inf,0,K|K,1
K,163,K,6,S,7,Y,222,R,5,X,222,C,3,K,6,R,2,S,7,Y,1,X,1,C,2,K,1,"L1:[sp=K,163] K=6,S=7,Y=222,R=5,X=222,C=3 || L2:[sp=K,6] R=2,S=7,Y=1,X=1,C=2,K=1",-150.0,-163323000.0,1,K|K,1
K,163,K,6,S,7,Y,187,R,5,X,222,C,3,K,6,K,1,S,7,Y,126,X,1,C,3,R,3,"L1:[sp=K,163] K=6,S=7,Y=187,R=5,X=222,C=3 || L2:[sp=K,6] K=1,S=7,Y=126,X=1,C=3,R=3",-inf,-inf,0,K|K,1
K,163,K,6,Y,222,S,7,R,5,X,77,C,3,K,6,R,2,S,7,C,3,X,52,Y,1,K,1,"L1:[sp=K,163] K=6,Y=222,S=7,R=5,X=77,C=3 || L2:[sp=K,6] R=2,S=7,C=3,X=52,Y=1,K=1",-inf,-inf,0,K|K,1
K,163,K,6,C,3,R,5,X,222,Y,222,S,7,K,6,R,2,S,7,Y,1,X,1,C,2,K,1,"L1:[sp=K,163] K=6,C=3,R=5,X=222,Y=222,S=7 || L2:[sp=K,6] R=2,S=7,Y=1,X=1,C=2,K=1",-150.0,-163323000.0,1,K|K,1
K,163,C,3,S,7,Y,222,R,5,X,222,K,2,K,6,R,2,S,7,C,3,X,1,Y,1,K,1,"L1:[sp=K,163] C=3,S=7,Y=222,R=5,X=222,K=2 || L2:[sp=K,6] R=2,S=7,C=3,X=1,Y=1,K=1",-inf,-inf,0,K|K,1
K,163,K,6,S,7,Y,222,R,5,X,222,C,3,K,6,R,2,S,7,C,3,X,1,Y,1,K,1,"L1:[sp=K,163] K=6,S=7,Y=222,R=5,X=222,C=3 || L2:[sp=K,6] R=2,S=7,C=3,X=1,Y=1,K=1",-150.0,-163323000.0,1,K|K,1
K,163,K,49,S,7,Y,222,R,5,X,222,C,3,K,6,R,4,S,7,C,1,X,1,Y,1,K,1,"L1:[sp=K,163] K=49,S=7,Y=222,R=5,X=222,C=3 || L2:[sp=K,6] R=4,S=7,C=1,X=1,Y=1,K=1",-4539.0,-163323000.0,1,K|K,1
K,163,K,6,S,7,Y,222,R,5,X,222,C,3,K,6,K,1,S,7,Y,185,X,1,C,1,R,1,"L1:[sp=K,163] K=6,S=7,Y=222,R=5,X=222,C=3 || L2:[sp=K,6] K=1,S=7,Y=185,X=1,C=1,R=1",-inf,-inf,0,K|K,1
K,163,K,6,Y,222,S,7,R,5,X,222,C,3,K,6,R,2,S,7,C,3,X,1,Y,1,K,1,"L1:[sp=K,163] K=6,Y=222,S=7,R=5,X=222,C=3 || L2:[sp=K,6] R=2,S=7,C=3,X=1,Y=1,K=1",-150.0,-163323000.0,1,K|K,1
K,163,K,6,S,5,Y,222,R,5,X,100,C,2,K,6,R,2,S,5,Y,1,X,1,C,1,K,1,"L1:[sp=K,163] K=6,S=5,Y=222,R=5,X=100,C=2 || L2:[sp=K,6] R=2,S=5,Y=1,X=1,C=1,K=1",-46225.0,-163323000.0,1,K|K,1
K,163,K,36,S,7,Y,222,R,5,X,222,C,3,K,6,R,2,S,7,C,2,X,1,Y,1,K,35,"L1:[sp=K,163] K=36,S=7,Y=222,R=5,X=222,C=3 || L2:[sp=K,6] R=2,S=7,C=2,X=1,Y=1,K=35",-inf,-inf,0,K|K,1
K,163,K,6,S,7,Y,222,R,5,X,222,C,3,K,6,R,2,S,7,Y,19,X,1,C,3,K,1,"L1:[sp=K,163] K=6,S=7,Y=222,R=5,X=222,C=3 || L2:[sp=K,6] R=2,S=7,Y=19,X=1,C=3,K=1",-inf,-inf,0,K|K,1
K,163,C,3,S,2,Y,222,R,5,X,222,K,6,K,6,R,2,S,2,Y,1,X,1,C,2,K,1,"L1:[sp=K,163] C=3,S=2,Y=222,R=5,X=222,K=6 || L2:[sp=K,6] R=2,S=2,Y=1,X=1,C=2,K=1",-inf,-inf,0,K|K,1
K,163,K,6,S,7,Y,222,R,5,X,222,C,2,K,6,R,5,Y,1,S,7,K,1,C,2,X,1,"L1:[sp=K,163] K=6,S=7,Y=222,R=5,X=222,C=2 || L2:[sp=K,6] R=5,Y=1,S=7,K=1,C=2,X=1",-285.0,-163323000.0,1,K|K,1
K,163,K,6,C,3,R,5,X,222,Y,222,S,7,K,6,R,1,S,7,Y,1,X,1,C,2,K,5,"L1:[sp=K,163] K=6,C=3,R=5,X=222,Y=222,S=7 || L2:[sp=K,6] R=1,S=7,Y=1,X=1,C=2,K=5",-1473.0,-163323000.0,1,K|K,1
K,163,K,6,S,7,Y,222,R,5,X,222,C,3,K,6,K,1,S,7,Y,29,X,16,C,1,R,2,"L1:[sp=K,163] K=6,S=7,Y=222,R=5,X=222,C=3 || L2:[sp=K,6] K=1,S=7,Y=29,X=16,C=1,R=2",-inf,-inf,0,K|K,1
K,163,K,6,S,7,Y,222,R,5,X,222,C,2,K,6,R,2,S,7,Y,113,X,1,C,1,K,1,"L1:[sp=K,163] K=6,S=7,Y=222,R=5,X=222,C=2 || L2:[sp=K,6] R=2,S=7,Y=113,X=1,C=1,K=1",-inf,-inf,0,K|K,1
K,163,K,55,S,7,Y,222,R,5,X,222,C,3,K,6,R,2,S,7,C,1,X,1,Y,1,K,1,"L1:[sp=K,163] K=55,S=7,Y=222,R=5,X=222,C=3 || L2:[sp=K,6] R=2,S=7,C=1,X=1,Y=1,K=1",-1473.0,-163323000.0,1,K|K,1
C,163,K,6,X,222,Y,222,R,5,S,4,C,3,K,6,R,2,S,4,C,1,X,1,Y,1,K,1,"L1:[sp=C,163] K=6,X=222,Y=222,R=5,S=4,C=3 || L2:[sp=K,6] R=2,S=4,C=1,X=1,Y=1,K=1",-1893.0,-163323000.0,1,C|K,1
K,163,S,7,K,6,Y,174,R,5,X,222,C,2,K,6,R,2,S,7,Y,1,K,1,C,2,X,1,"L1:[sp=K,163] S=7,K=6,Y=174,R=5,X=222,C=2 || L2:[sp=K,6] R=2,S=7,Y=1,K=1,C=2,X=1",-inf,-inf,0,K|K,1
K,163,K,6,S,7,Y,104,R,5,X,222,C,3,Y,42,R,2,S,7,Y,1,X,1,C,2,K,1,"L1:[sp=K,163] K=6,S=7,Y=104,R=5,X=222,C=3 || L2:[sp=Y,42] R=2,S=7,Y=1,X=1,C=2,K=1",-inf,-inf,0,K|Y,1
K,163,K,36,S,7,Y,222,R,5,X,25,C,3,K,6,R,2,S,7,C,3,X,1,Y,1,K,1,"L1:[sp=K,163] K=36,S=7,Y=222,R=5,X=25,C=3 || L2:[sp=K,6] R=2,S=7,C=3,X=1,Y=1,K=1",-192295.0,-163323000.0,1,K|K,1
K,163,K,6,C,3,R,5,X,222,Y,21,S,7,K,6,R,2,S,7,Y,1,X,1,C,3,K,1,"L1:[sp=K,163] K=6,C=3,R=5,X=222,Y=21,S=7 || L2:[sp=K,6] R=2,S=7,Y=1,X=1,C=3,K=1",-37214.0,-163323000.0,1,K|K,1
K,163,K,36,S,7,Y,222,R,5,X,222,C,1,K,6,R,2,S,7,C,1,X,1,Y,1,K,1,"L1:[sp=K,163] K=36,S=7,Y=222,R=5,X=222,C=1 || L2:[sp=K,6] R=2,S=7,C=1,X=1,Y=1,K=1",-889.0,-163323000.0,1,K|K,1
K,163,K,6,S,7,Y,29,R,5,X,222,C,2,K,6,R,2,S,7,C,2,X,1,Y,1,K,1,"L1:[sp=K,163] K=6,S=7,Y=29,R=5,X=222,C=2 || L2:[sp=K,6] R=2,S=7,C=2,X=1,Y=1,K=1",-inf,-inf,0,K|K,1
K,163,K,6,S,2,Y,222,R,5,X,222,C,3,K,6,R,2,C,3,Y,1,X,1,S,2,K,1,"L1:[sp=K,163] K=6,S=2,Y=222,R=5,X=222,C=3 || L2:[sp=K,6] R=2,C=3,Y=1,X=1,S=2,K=1",-37481.0,-163323000.0,1,K|K,1
K,163,K,6,S,7,Y,222,R,5,X,222,C,3,K,6,R,2,S,7,C,3,X,1,Y,1,K,1,"L1:[sp=K,163] K=6,S=7,Y=222,R=5,X=222,C=3 || L2:[sp=K,6] R=2,S=7,C=3,X=1,Y=1,K=1",-150.0,-163323000.0,1,K|K,1
K,163,K,6,Y,222,S,7,R,5,X,222,C,3,K,6,R,4,S,7,C,3,X,1,Y,1,K,1,"L1:[sp=K,163] K=6,Y=222,S=7,R=5,X=222,C=3 || L2:[sp=K,6] R=4,S=7,C=3,X=1,Y=1,K=1",-507.0,-163323000.0,1,K|K,1
K,163,K,6,S,4,Y,222,R,5,X,222,C,3,K,6,R,2,S,4,C,3,X,32,Y,1,K,1,"L1:[sp=K,163] K=6,S=4,Y=222,R=5,X=222,C=3 || L2:[sp=K,6] R=2,S=4,C=3,X=32,Y=1,K=1",-inf,-inf,0,K|K,1
K,163,K,6,Y,222,S,7,R,5,X,222,C,3,K,6,R,2,S,4,C,3,X,1,Y,1,K,1,"L1:[sp=K,163] K=6,Y=222,S=7,R=5,X=222,C=3 || L2:[sp=K,6] R=2,S=4,C=3,X=1,Y=1,K=1",-297.0,-163323000.0,1,K|K,1
K,163,K,6,S,7,Y,222,R,5,X,222,C,3,Y,6,R,2,S,7,C,3,X,1,Y,1,K,1,"L1:[sp=K,163] K=6,S=7,Y=222,R=5,X=222,C=3 || L2:[sp=Y,6] R=2,S=7,C=3,X=1,Y=1,K=1",-1767.0,-163323000.0,1,K|Y,1
K,163,K,6,S,7,Y,222,R,5,X,222,C,1,Y,42,R,5,Y,1,S,7,K,1,C,1,X,1,"L1:[sp=K,163] K=6,S=7,Y=222,R=5,X=222,C=1 || L2:[sp=Y,42] R=5,Y=1,S=7,K=1,C=1,X=1",-3799.0,-163323000.0,1,K|Y,1
K,163,K,6,C,2,R,5,X,222,Y,35,S,7,K,6,R,3,S,7,Y,1,X,1,C,2,K,5,"L1:[sp=K,163] K=6,C=2,R=5,X=222,Y=35,S=7 || L2:[sp=K,6] R=3,S=7,Y=1,X=1,C=2,K=5",-inf,-inf,0,K|K,1
K,163,K,6,S,7,Y,222,R,5,X,222,C,3,K,6,R,5,Y,106,C,3,X,1,S,7,K,1,"L1:[sp=K,163] K=6,S=7,Y=222,R=5,X=222,C=3 || L2:[sp=K,6] R=5,Y=106,C=3,X=1,S=7,K=1",-inf,-inf,0,K|K,1
K,163,K,6,S,7,Y,222,R,5,X,222,C,2,X,84,R,5,Y,1,S,7,K,3,C,2,X,1,"L1:[sp=K,163] K=6,S=7,Y=222,R=5,X=222,C=2 || L2:[sp=X,84] R=5,Y=1,S=7,K=3,C=2,X=1",-inf,-inf,0,K|X,1
K,163,K,49,S,7,Y,222,R,5,X,222,C,3,K,6,R,4,S,7,C,1,X,1,Y,1,K,1,"L1:[sp=K,163] K=49,S=7,Y=222,R=5,X=222,C=3 || L2:[sp=K,6] R=4,S=7,C=1,X=1,Y=1,K=1",-4539.0,-163323000.0,1,K|K,1
X,163,K,1,S,7,Y,222,R,7,X,222,C,3,K,6,R,2,X,1,C,3,S,7,Y,1,K,1,"L1:[sp=X,163] K=1,S=7,Y=222,R=7,X=222,C=3 || L2:[sp=K,6] R=2,X=1,C=3,S=7,Y=1,K=1",-9473.0,-163323000.0,1,X|K,1
X,163,X,222,R,5,Y,181,S,7,K,55,C,3,K,6,R,2,S,7,C,1,X,1,Y,1,K,1,"L1:[sp=X,163] X=222,R=5,Y=181,S=7,K=55,C=3 || L2:[sp=K,6] R=2,S=7,C=1,X=1,Y=1,K=1",-inf,-inf,0,X|K,1
K,163,K,6,S,7,Y,222,R,5,X,222,C,3,K,6,R,1,S,7,C,3,X,1,Y,1,K,1,"L1:[sp=K,163] K=6,S=7,Y=222,R=5,X=222,C=3 || L2:[sp=K,6] R=1,S=7,C=3,X=1,Y=1,K=1",-297.0,-163323000.0,1,K|K,1
K,163,K,18,S,7,Y,222,R,5,X,222,C,2,K,6,R,5,Y,1,S,7,K,1,C,2,X,1,"L1:[sp=K,163] K=18,S=7,Y=222,R=5,X=222,C=2 || L2:[sp=K,6] R=5,Y=1,S=7,K=1,C=2,X=1",-845.0,-163323000.0,1,K|K,1
K,163,K,6,S,7,Y,222,R,7,X,222,C,3,K,6,R,2,S,7,C,3,X,1,Y,36,K,1,"L1:[sp=K,163] K=6,S=7,Y=222,R=7,X=222,C=3 || L2:[sp=K,6] R=2,S=7,C=3,X=1,Y=36,K=1",-inf,-inf,0,K|K,1
K,163,K,56,C,3,R,5,X,222,Y,222,S,7,K,6,R,1,S,7,Y,1,X,176,C,2,K,5,"L1:[sp=K,163] K=56,C=3,R=5,X=222,Y=222,S=7 || L2:[sp=K,6] R=1,S=7,Y=1,X=176,C=2,K=5",-inf,-inf,0,K|K,1
K,163,K,49,S,6,Y,222,R,5,X,222,C,3,K,6,X,1,S,6,C,1,K,1,Y,168,R,4,"L1:[sp=K,163] K=49,S=6,Y=222,R=5,X=222,C=3 || L2:[sp=K,6] X=1,S=6,C=1,K=1,Y=168,R=4",-inf,-inf,0,K|K,1
K,163,K,6,Y,222,S,2,R,5,X,222,C,3,K,6,R,4,S,2,C,1,X,1,Y,1,K,1,"L1:[sp=K,163] K=6,Y=222,S=2,R=5,X=222,C=3 || L2:[sp=K,6] R=4,S=2,C=1,X=1,Y=1,K=1",-128465.0,-163323000.0,1,K|K,1
K,163,K,49,S,7,Y,222,R,5,X,222,C,3,K,6,R,2,S,7,C,3,X,191,Y,1,K,1,"L1:[sp=K,163] K=49,S=7,Y=222,R=5,X=222,C=3 || L2:[sp=K,6] R=2,S=7,C=3,X=191,Y=1,K=1",-inf,-inf,0,K|K,1
K,163,K,36,S,7,Y,222,R,5,X,222,C,3,K,6,R,3,S,1,C,2,X,1,Y,1,K,1,"L1:[sp=K,163] K=36,S=7,Y=222,R=5,X=222,C=3 || L2:[sp=K,6] R=3,S=1,C=2,X=1,Y=1,K=1",-3531.0,-163323000.0,1,K|K,1
K,163,K,6,C,1,R,5,X,222,Y,222,S,7,K,6,R,2,S,7,Y,120,X,63,C,1,K,5,"L1:[sp=K,163] K=6,C=1,R=5,X=222,Y=222,S=7 || L2:[sp=K,6] R=2,S=7,Y=120,X=63,C=1,K=5",-inf,-inf,0,K|K,1
